﻿編號,土地位置,土地移轉面積(平方公尺),使用分區或編定,權利人持分分母,權利人持分分子,移轉情形,地號
The serial number, land position,land shifting area square meter,the use zoning or compiles and checks,,,,land parcel
RPTNMLLKLHOFFCA77CB,長安段四小段,8.27,都市：商,10000,156,持分移轉,00040000
RPTNMLLKLHOFFCA77CB,長安段四小段,1.75,都市：商,10000,156,持分移轉,00110000
RPTNMLLKLHOFFCA77CB,長安段四小段,1.34,都市：商,10000,156,持分移轉,00110001
RPXNMLOJLHOFFEA58CB,芝山段一小段,98.91,都市：住,10000,301,持分移轉,05720000
RPXNMLOJLHOFFEA58CB,芝山段一小段,.57,都市：住,10000,301,持分移轉,06190000
RPXOMLLKLHOFFBA18CB,雙園段三小段,11.03,都市：住,1000000,7048,持分移轉,08880000
RPROMLLKLHOFFBA57CB,雙園段三小段,16.48,都市：住,1000000,10531,持分移轉,08880000
RPTOMLLKLHOFFBA77CB,雙園段三小段,16.11,都市：住,1000000,10292,持分移轉,08880000
RPPPMLLKLHOFFBA47CB,雙園段三小段,15.70,都市：住,1000000,10033,持分移轉,08880000
RPVOMLLKLHOFFBA97CB,雙園段三小段,11.40,都市：住,1000000,7287,持分移轉,08880000
RPWOMLLKLHOFFBA08CB,雙園段三小段,11.40,都市：住,1000000,7287,持分移轉,08880000
RPVPMLLKLHOFFBA08CB,雙園段三小段,16.08,都市：住,1000000,10272,持分移轉,08880000
RPRQMLLKLHOFFBA77CB,雙園段三小段,16.85,都市：住,1000000,10766,持分移轉,08880000
RPWPMLLKLHOFFBA18CB,雙園段三小段,16.94,都市：住,1000000,10826,持分移轉,08880000
RPQQMLLKLHOFFBA67CB,雙園段三小段,21.55,都市：住,1000000,13773,持分移轉,08880000
RPQPMLLKLHOFFBA57CB,雙園段三小段,21.93,都市：住,1000000,14013,持分移轉,08880000
RPRPMLLKLHOFFBA67CB,雙園段三小段,21.15,都市：住,1000000,13514,持分移轉,08880000
RPOQMLLKLHOFFBA47CB,雙園段三小段,16.11,都市：住,1000000,10292,持分移轉,08880000
RPPQMLLKLHOFFBA57CB,雙園段三小段,16.11,都市：住,1000000,10292,持分移轉,08880000
RPUPMLLKLHOFFBA97CB,雙園段三小段,16.11,都市：住,1000000,10292,持分移轉,08880000
RPSPMLLKLHOFFBA77CB,雙園段三小段,27.01,都市：住,1000000,17257,持分移轉,08880000
RPTQMLLKLHOFFBA97CB,雙園段三小段,16.88,都市：住,1000000,10787,持分移轉,08880000
RPVQMLLKLHOFFBA18CB,雙園段三小段,21.15,都市：住,1000000,13514,持分移轉,08880000
RPSQMLLKLHOFFBA87CB,雙園段三小段,21.93,都市：住,1000000,14013,持分移轉,08880000
RPQRMLLKLHOFFBA77CB,雙園段三小段,16.85,都市：住,1000000,10766,持分移轉,08880000
RPXQMLLKLHOFFBA38CB,雙園段三小段,21.93,都市：住,1000000,14013,持分移轉,08880000
RPSRMLLKLHOFFBA97CB,雙園段三小段,16.88,都市：住,1000000,10787,持分移轉,08880000
RPXRMLLKLHOFFBA48CB,雙園段三小段,16.48,都市：住,1000000,10528,持分移轉,08880000
RPURMLLKLHOFFBA18CB,雙園段三小段,21.81,都市：住,1000000,13939,持分移轉,08880000
RPTRMLLKLHOFFBA08CB,雙園段三小段,21.93,都市：住,1000000,14013,持分移轉,08880000
RPPRMLLKLHOFFBA67CB,雙園段三小段,21.55,都市：住,1000000,13773,持分移轉,08880000
RPORMLLKLHOFFBA57CB,雙園段三小段,21.55,都市：住,1000000,13773,持分移轉,08880000
RPOSMLLKLHOFFBA67CB,雙園段三小段,17.25,都市：住,1000000,11025,持分移轉,08880000
RPVRMLLKLHOFFBA28CB,雙園段三小段,21.93,都市：住,1000000,14013,持分移轉,08880000
RPRSMLLKLHOFFBA97CB,雙園段三小段,16.88,都市：住,1000000,10787,持分移轉,08880000
RPUSMLLKLHOFFBA28CB,雙園段三小段,21.81,都市：住,1000000,13939,持分移轉,08880000
RPPSMLLKLHOFFBA77CB,雙園段三小段,17.25,都市：住,1000000,11025,持分移轉,08880000
RPVSMLLKLHOFFBA38CB,雙園段三小段,17.25,都市：住,1000000,11025,持分移轉,08880000
RPQTMLLKLHOFFBA97CB,雙園段三小段,16.74,都市：住,1000000,10695,持分移轉,08880000
RPSSMLLKLHOFFBA08CB,雙園段三小段,21.44,都市：住,1000000,13700,持分移轉,08880000
RPOTMLLKLHOFFBA77CB,雙園段三小段,17.25,都市：住,1000000,11025,持分移轉,08880000
RPRTMLLKLHOFFBA08CB,雙園段三小段,12.49,都市：住,1000000,7984,持分移轉,08880000
RPWSMLLKLHOFFBA48CB,雙園段三小段,21.81,都市：住,1000000,13939,持分移轉,08880000
RPTTMLLKLHOFFBA28CB,雙園段三小段,7.82,都市：住,1000000,4999,持分移轉,08880000
RPWTMLLKLHOFFBA58CB,雙園段三小段,21.04,都市：住,1000000,13441,持分移轉,08880000
RPSTMLLKLHOFFBA18CB,雙園段三小段,21.41,都市：住,1000000,13680,持分移轉,08880000
RPPUMLLKLHOFFBA97CB,雙園段三小段,21.44,都市：住,1000000,13700,持分移轉,08880000
RPUTMLLKLHOFFBA38CB,雙園段三小段,21.81,都市：住,1000000,13939,持分移轉,08880000
RPQUMLLKLHOFFBA08CB,雙園段三小段,7.82,都市：住,1000000,4999,持分移轉,08880000
RPTUMLLKLHOFFBA38CB,雙園段三小段,7.45,都市：住,1000000,4761,持分移轉,08880000
RPXTMLLKLHOFFBA68CB,雙園段三小段,21.44,都市：住,1000000,13700,持分移轉,08880000
RPWUMLLKLHOFFBA68CB,雙園段三小段,12.99,都市：住,1000000,8300,持分移轉,08880000
RPRUMLLKLHOFFBA18CB,雙園段三小段,21.44,都市：住,1000000,13700,持分移轉,08880000
RPXUMLLKLHOFFBA78CB,雙園段三小段,7.82,都市：住,1000000,4999,持分移轉,08880000
RPSUMLLKLHOFFBA28CB,雙園段三小段,12.53,都市：住,1000000,8006,持分移轉,08880000
RPVUMLLKLHOFFBA58CB,雙園段三小段,7.82,都市：住,1000000,4999,持分移轉,08880000
RPUUMLLKLHOFFBA48CB,雙園段三小段,7.82,都市：住,1000000,4999,持分移轉,08880000
RPVOMLMKLHOFFBA08CB,雙園段三小段,13.57,都市：住,1000000,8670,持分移轉,08880000
RPSOMLMKLHOFFBA77CB,雙園段三小段,13.57,都市：住,1000000,8670,持分移轉,08880000
RPUNMLMKLHOFFBA87CB,雙園段三小段,12.90,都市：住,1000000,8243,持分移轉,08880000
RPQVMLLKLHOFFBA18CB,雙園段三小段,13.56,都市：住,1000000,8666,持分移轉,08880000
RPRVMLLKLHOFFBA28CB,雙園段三小段,8.49,都市：住,1000000,5426,持分移轉,08880000
RPPVMLLKLHOFFBA08CB,雙園段三小段,12.89,都市：住,1000000,8239,持分移轉,08880000
RPOVMLLKLHOFFBA97CB,雙園段三小段,12.90,都市：住,1000000,8243,持分移轉,08880000
RPUOMLMKLHOFFBA97CB,雙園段三小段,12.53,都市：住,1000000,8005,持分移轉,08880000
RPROMLMKLHOFFBA67CB,雙園段三小段,13.36,都市：住,1000000,8538,持分移轉,08880000
RPTOMLMKLHOFFBA87CB,雙園段三小段,13.57,都市：住,1000000,8670,持分移轉,08880000
RPRPMLMKLHOFFBA77CB,雙園段三小段,8.29,都市：住,1000000,5294,持分移轉,08880000
RPWOMLMKLHOFFBA18CB,雙園段三小段,13.57,都市：住,1000000,8670,持分移轉,08880000
RPPPMLMKLHOFFBA57CB,雙園段三小段,13.56,都市：住,1000000,8666,持分移轉,08880000
RPXOMLMKLHOFFBA28CB,雙園段三小段,12.38,都市：住,1000000,7911,持分移轉,08880000
RPQPMLMKLHOFFBA67CB,雙園段三小段,13.36,都市：住,1000000,8534,持分移轉,08880000
RPOPMLMKLHOFFBA47CB,雙園段三小段,12.39,都市：住,1000000,7915,持分移轉,08880000
RPUNMLPKLHOFFFA58CB,通化段五小段,11.14,都市：住,100000,2870,持分移轉,03430000
RPVNMLPKLHOFFFA68CB,通化段五小段,11.14,都市：住,100000,2870,持分移轉,03430000
RPWNMLPKLHOFFFA78CB,通化段五小段,10.79,都市：住,100000,2780,持分移轉,03430000
RPOOMLPKLHOFFFA08CB,通化段五小段,14.24,都市：住,100000,3670,持分移轉,03430000
RPSOMLPKLHOFFFA48CB,通化段五小段,11.14,都市：住,100000,2870,持分移轉,03430000
RPTOMLPKLHOFFFA58CB,通化段五小段,10.90,都市：住,100000,2810,持分移轉,03430000
RPUOMLPKLHOFFFA68CB,通化段五小段,10.83,都市：住,100000,2790,持分移轉,03430000
RPVOMLPKLHOFFFA78CB,通化段五小段,11.37,都市：住,100000,2930,持分移轉,03430000
RPWOMLPKLHOFFFA88CB,通化段五小段,10.79,都市：住,100000,2780,持分移轉,03430000
RPXOMLPKLHOFFFA98CB,通化段五小段,11.10,都市：住,100000,2860,持分移轉,03430000
RPPQMLMKLHOFFBA67CB,雙園段三小段,8.29,都市：住,1000000,5294,持分移轉,08880000
RPOQMLMKLHOFFBA57CB,雙園段三小段,13.56,都市：住,1000000,8666,持分移轉,08880000
RPWPMLQLLHOFFBA78CB,漢中段二小段,17.51,都市：商,10000,37,持分移轉,09770000
RPXPMLMKLHOFFBA38CB,雙園段三小段,13.36,都市：住,1000000,8538,持分移轉,08880000
RPTPMLMKLHOFFBA97CB,雙園段三小段,13.36,都市：住,1000000,8538,持分移轉,08880000
RPXPMLQLLHOFFBA88CB,漢中段二小段,11.36,都市：商,10000,24,持分移轉,09770000
RPUPMLMKLHOFFBA08CB,雙園段三小段,13.36,都市：住,1000000,8534,持分移轉,08880000
RPQQMLMKLHOFFBA77CB,雙園段三小段,12.96,都市：住,1000000,8278,持分移轉,08880000
RPWPMLMKLHOFFBA28CB,雙園段三小段,8.29,都市：住,1000000,5294,持分移轉,08880000
RPVPMLMKLHOFFBA18CB,雙園段三小段,13.36,都市：住,1000000,8538,持分移轉,08880000
RPPQMLQLLHOFFBA18CB,漢中段二小段,15.14,都市：商,10000,32,持分移轉,09770000
RPSQMLQLLHOFFBA48CB,漢中段二小段,12.30,都市：商,10000,26,持分移轉,09770000
RPRQMLQLLHOFFBA38CB,漢中段二小段,10.88,都市：商,10000,23,持分移轉,09770000
RPUQMLQLLHOFFBA68CB,漢中段二小段,14.67,都市：商,10000,31,持分移轉,09770000
RPTQMLQLLHOFFBA58CB,漢中段二小段,14.67,都市：商,10000,31,持分移轉,09770000
RPOQMLQLLHOFFBA08CB,漢中段二小段,11.36,都市：商,10000,24,持分移轉,09770000
RPWQMLQLLHOFFBA88CB,漢中段二小段,14.67,都市：商,10000,31,持分移轉,09770000
RPQQMLQLLHOFFBA28CB,漢中段二小段,16.09,都市：商,10000,34,持分移轉,09770000
RPXQMLQLLHOFFBA98CB,漢中段二小段,14.67,都市：商,10000,31,持分移轉,09770000
RPPRMLQLLHOFFBA28CB,漢中段二小段,14.67,都市：商,10000,31,持分移轉,09770000
RPQRMLQLLHOFFBA38CB,漢中段二小段,16.09,都市：商,10000,34,持分移轉,09770000
RPURMLQLLHOFFBA78CB,漢中段二小段,11.36,都市：商,10000,24,持分移轉,09770000
RPSRMLQLLHOFFBA58CB,漢中段二小段,10.88,都市：商,10000,23,持分移轉,09770000
RPXRMLQLLHOFFBA09CB,漢中段二小段,12.30,都市：商,10000,26,持分移轉,09770000
RPOSMLQLLHOFFBA28CB,漢中段二小段,13.72,都市：商,10000,29,持分移轉,09770000
RPTRMLQLLHOFFBA68CB,漢中段二小段,9.94,都市：商,10000,21,持分移轉,09770000
RPTNMLLJMHOFFBA67CB,漢中段二小段,15.14,都市：商,10000,32,持分移轉,09770000
RPSNMLLJMHOFFBA57CB,漢中段二小段,15.14,都市：商,10000,32,持分移轉,09770000
RPPNMLLJMHOFFBA27CB,漢中段二小段,15.14,都市：商,10000,32,持分移轉,09770000
RPRNMLLJMHOFFBA47CB,漢中段二小段,15.14,都市：商,10000,32,持分移轉,09770000
RPVNMLLJMHOFFBA87CB,漢中段二小段,15.14,都市：商,10000,32,持分移轉,09770000
RPXNMLLJMHOFFBA08CB,漢中段二小段,11.83,都市：商,10000,25,持分移轉,09770000
RPUNMLLJMHOFFBA77CB,漢中段二小段,15.14,都市：商,10000,32,持分移轉,09770000
RPWNMLLJMHOFFBA97CB,漢中段二小段,11.36,都市：商,10000,24,持分移轉,09770000
RPOOMLLJMHOFFBA27CB,漢中段二小段,11.36,都市：商,10000,24,持分移轉,09770000
RPPOMLLJMHOFFBA37CB,漢中段二小段,17.51,都市：商,10000,37,持分移轉,09770000
RPQOMLLJMHOFFBA47CB,漢中段二小段,17.51,都市：商,10000,37,持分移轉,09770000
RPROMLLJMHOFFBA57CB,漢中段二小段,16.09,都市：商,10000,34,持分移轉,09770000
RPSOMLLJMHOFFBA67CB,漢中段二小段,15.14,都市：商,10000,32,持分移轉,09770000
RPTOMLLJMHOFFBA77CB,漢中段二小段,15.14,都市：商,10000,32,持分移轉,09770000
RPRPMLLJMHOFFBA67CB,漢中段二小段,15.14,都市：商,10000,32,持分移轉,09770000
RPSPMLLJMHOFFBA77CB,漢中段二小段,15.14,都市：商,10000,32,持分移轉,09770000
RPUOMLLJMHOFFBA87CB,漢中段二小段,15.14,都市：商,10000,32,持分移轉,09770000
RPUPMLLJMHOFFBA97CB,漢中段二小段,12.30,都市：商,10000,26,持分移轉,09770000
RPVPMLLJMHOFFBA08CB,漢中段二小段,11.83,都市：商,10000,25,持分移轉,09770000
RPWPMLLJMHOFFBA18CB,漢中段二小段,11.83,都市：商,10000,25,持分移轉,09770000
RPTPMLLJMHOFFBA87CB,漢中段二小段,15.14,都市：商,10000,32,持分移轉,09770000
RPOQMLLJMHOFFBA47CB,漢中段二小段,12.30,都市：商,10000,26,持分移轉,09770000
RPPQMLLJMHOFFBA57CB,漢中段二小段,12.30,都市：商,10000,26,持分移轉,09770000
RPXPMLLJMHOFFBA28CB,漢中段二小段,11.83,都市：商,10000,25,持分移轉,09770000
RPQQMLLJMHOFFBA67CB,漢中段二小段,6.63,都市：商,10000,14,持分移轉,09770000
RPTQMLLJMHOFFBA97CB,漢中段二小段,10.88,都市：商,10000,23,持分移轉,09770000
RPRQMLLJMHOFFBA77CB,漢中段二小段,6.63,都市：商,10000,14,持分移轉,09770000
RPSQMLLJMHOFFBA87CB,漢中段二小段,11.36,都市：商,10000,24,持分移轉,09770000
RPSNMLRLLHOFFBA38DB,成功段三小段,13.61,都市：住,10000,286,持分移轉,00820000
RPQNMLRLLHOFFBA18DB,成功段三小段,10.42,都市：住,10000,219,持分移轉,00820000
RPVQMLLJMHOFFBA18CB,漢中段二小段,16.09,都市：商,10000,34,持分移轉,09770000
RPXQMLLJMHOFFBA38CB,漢中段二小段,11.36,都市：商,10000,24,持分移轉,09770000
RPWQMLLJMHOFFBA28CB,漢中段二小段,13.25,都市：商,10000,28,持分移轉,09770000
RPPRMLLJMHOFFBA67CB,漢中段二小段,11.83,都市：商,10000,25,持分移轉,09770000
RPORMLLJMHOFFBA57CB,漢中段二小段,11.83,都市：商,10000,25,持分移轉,09770000
RPRRMLLJMHOFFBA87CB,漢中段二小段,12.30,都市：商,10000,26,持分移轉,09770000
RPQRMLLJMHOFFBA77CB,漢中段二小段,11.83,都市：商,10000,25,持分移轉,09770000
RPSRMLLJMHOFFBA97CB,漢中段二小段,9.46,都市：商,10000,20,持分移轉,09770000
RPTRMLLJMHOFFBA08CB,漢中段二小段,9.46,都市：商,10000,20,持分移轉,09770000
RPURMLLJMHOFFBA18CB,漢中段二小段,9.46,都市：商,10000,20,持分移轉,09770000
RPVRMLLJMHOFFBA28CB,漢中段二小段,11.36,都市：商,10000,24,持分移轉,09770000
RPPSMLLJMHOFFBA77CB,漢中段二小段,10.88,都市：商,10000,23,持分移轉,09770000
RPQSMLLJMHOFFBA87CB,漢中段二小段,15.14,都市：商,10000,32,持分移轉,09770000
RPXRMLLJMHOFFBA48CB,漢中段二小段,10.88,都市：商,10000,23,持分移轉,09770000
RPTSMLLJMHOFFBA18CB,漢中段二小段,14.67,都市：商,10000,31,持分移轉,09770000
RPRSMLLJMHOFFBA97CB,漢中段二小段,14.67,都市：商,10000,31,持分移轉,09770000
RPUSMLLJMHOFFBA28CB,漢中段二小段,14.67,都市：商,10000,31,持分移轉,09770000
RPSSMLLJMHOFFBA08CB,漢中段二小段,14.67,都市：商,10000,31,持分移轉,09770000
RPWSMLLJMHOFFBA48CB,漢中段二小段,14.67,都市：商,10000,31,持分移轉,09770000
RPVSMLLJMHOFFBA38CB,漢中段二小段,14.67,都市：商,10000,31,持分移轉,09770000
RPXSMLLJMHOFFBA58CB,漢中段二小段,14.67,都市：商,10000,31,持分移轉,09770000
RPPTMLLJMHOFFBA87CB,漢中段二小段,9.94,都市：商,10000,21,持分移轉,09770000
RPOTMLLJMHOFFBA77CB,漢中段二小段,14.67,都市：商,10000,31,持分移轉,09770000
RPQTMLLJMHOFFBA97CB,漢中段二小段,9.94,都市：商,10000,21,持分移轉,09770000
RPUTMLLJMHOFFBA38CB,漢中段二小段,9.94,都市：商,10000,21,持分移轉,09770000
RPRTMLLJMHOFFBA08CB,漢中段二小段,9.94,都市：商,10000,21,持分移轉,09770000
RPWTMLLJMHOFFBA58CB,漢中段二小段,9.94,都市：商,10000,21,持分移轉,09770000
RPTTMLLJMHOFFBA28CB,漢中段二小段,9.94,都市：商,10000,21,持分移轉,09770000
RPPUMLLJMHOFFBA97CB,漢中段二小段,9.94,都市：商,10000,21,持分移轉,09770000
RPSUMLLJMHOFFBA28CB,漢中段二小段,10.41,都市：商,10000,22,持分移轉,09770000
RPTUMLLJMHOFFBA38CB,漢中段二小段,7.10,都市：商,10000,15,持分移轉,09770000
RPXTMLLJMHOFFBA68CB,漢中段二小段,9.94,都市：商,10000,21,持分移轉,09770000
RPUUMLLJMHOFFBA48CB,漢中段二小段,7.10,都市：商,10000,15,持分移轉,09770000
RPQUMLLJMHOFFBA08CB,漢中段二小段,9.94,都市：商,10000,21,持分移轉,09770000
RPVUMLLJMHOFFBA58CB,漢中段二小段,7.10,都市：商,10000,15,持分移轉,09770000
RPXUMLLJMHOFFBA78CB,漢中段二小段,7.10,都市：商,10000,15,持分移轉,09770000
RPPVMLLJMHOFFBA08CB,漢中段二小段,9.46,都市：商,10000,20,持分移轉,09770000
RPWUMLLJMHOFFBA68CB,漢中段二小段,7.10,都市：商,10000,15,持分移轉,09770000
RPQVMLLJMHOFFBA18CB,漢中段二小段,12.78,都市：商,10000,27,持分移轉,09770000
RPRVMLLJMHOFFBA28CB,漢中段二小段,13.25,都市：商,10000,28,持分移轉,09770000
RPSVMLLJMHOFFBA38CB,漢中段二小段,13.25,都市：商,10000,28,持分移轉,09770000
RPWVMLLJMHOFFBA78CB,漢中段二小段,9.94,都市：商,10000,21,持分移轉,09770000
RPVVMLLJMHOFFBA68CB,漢中段二小段,3.31,都市：商,10000,7,持分移轉,09770000
RPXVMLLJMHOFFBA88CB,漢中段二小段,9.94,都市：商,10000,21,持分移轉,09770000
RPUVMLLJMHOFFBA58CB,漢中段二小段,3.31,都市：商,10000,7,持分移轉,09770000
RPTNMLRLLHOFFBA48DB,成功段三小段,10.42,都市：住,10000,219,持分移轉,00820000
RPTVMLLJMHOFFBA48CB,漢中段二小段,13.25,都市：商,10000,28,持分移轉,09770000
RPUNMLRLLHOFFBA58DB,成功段三小段,13.47,都市：住,10000,283,持分移轉,00820000
RPWNMLRLLHOFFBA78DB,成功段三小段,17.42,都市：住,10000,366,持分移轉,00820000
RPVNMLRLLHOFFBA68DB,成功段三小段,19.18,都市：住,10000,403,持分移轉,00820000
RPPWMLLJMHOFFBA18CB,漢中段二小段,9.94,都市：商,10000,21,持分移轉,09770000
RPOWMLLJMHOFFBA08CB,漢中段二小段,9.94,都市：商,10000,21,持分移轉,09770000
RPTWMLLJMHOFFBA58CB,漢中段二小段,9.46,都市：商,10000,20,持分移轉,09770000
RPUWMLLJMHOFFBA68CB,漢中段二小段,9.46,都市：商,10000,20,持分移轉,09770000
RPRWMLLJMHOFFBA38CB,漢中段二小段,9.94,都市：商,10000,21,持分移轉,09770000
RPQWMLLJMHOFFBA28CB,漢中段二小段,10.41,都市：商,10000,22,持分移轉,09770000
RPTNMLMJMHOFFBA77CB,漢中段二小段,14.67,都市：商,10000,31,持分移轉,09770000
RPSWMLLJMHOFFBA48CB,漢中段二小段,9.46,都市：商,10000,20,持分移轉,09770000
RPSNMLMJMHOFFBA67CB,漢中段二小段,14.67,都市：商,10000,31,持分移轉,09770000
RPOOMLMJMHOFFBA37CB,漢中段二小段,13.72,都市：商,10000,29,持分移轉,09770000
RPUNMLMJMHOFFBA87CB,漢中段二小段,14.67,都市：商,10000,31,持分移轉,09770000
RPVNMLMJMHOFFBA97CB,漢中段二小段,14.67,都市：商,10000,31,持分移轉,09770000
RPPOMLMJMHOFFBA47CB,漢中段二小段,13.72,都市：商,10000,29,持分移轉,09770000
RPQOMLMJMHOFFBA57CB,漢中段二小段,13.72,都市：商,10000,29,持分移轉,09770000
RPXNMLMJMHOFFBA18CB,漢中段二小段,13.72,都市：商,10000,29,持分移轉,09770000
RPWNMLMJMHOFFBA08CB,漢中段二小段,13.72,都市：商,10000,29,持分移轉,09770000
RPROMLMJMHOFFBA67CB,漢中段二小段,13.72,都市：商,10000,29,持分移轉,09770000
RPWOMLMJMHOFFBA18CB,漢中段二小段,16.09,都市：商,10000,34,持分移轉,09770000
RPUOMLMJMHOFFBA97CB,漢中段二小段,13.72,都市：商,10000,29,持分移轉,09770000
RPSOMLMJMHOFFBA77CB,漢中段二小段,13.72,都市：商,10000,29,持分移轉,09770000
RPOPMLMJMHOFFBA47CB,漢中段二小段,16.09,都市：商,10000,34,持分移轉,09770000
RPPPMLMJMHOFFBA57CB,漢中段二小段,16.09,都市：商,10000,34,持分移轉,09770000
RPRPMLMJMHOFFBA77CB,漢中段二小段,16.09,都市：商,10000,34,持分移轉,09770000
RPXOMLMJMHOFFBA28CB,漢中段二小段,16.09,都市：商,10000,34,持分移轉,09770000
RPVPMLMJMHOFFBA18CB,漢中段二小段,10.88,都市：商,10000,23,持分移轉,09770000
RPSPMLMJMHOFFBA87CB,漢中段二小段,15.62,都市：商,10000,33,持分移轉,09770000
RPQPMLMJMHOFFBA67CB,漢中段二小段,16.09,都市：商,10000,34,持分移轉,09770000
RPQQMLMJMHOFFBA77CB,漢中段二小段,6.15,都市：商,10000,13,持分移轉,09770000
RPTPMLMJMHOFFBA97CB,漢中段二小段,15.62,都市：商,10000,33,持分移轉,09770000
RPWPMLMJMHOFFBA28CB,漢中段二小段,11.36,都市：商,10000,24,持分移轉,09770000
RPRQMLMJMHOFFBA87CB,漢中段二小段,6.15,都市：商,10000,13,持分移轉,09770000
RPXPMLMJMHOFFBA38CB,漢中段二小段,10.88,都市：商,10000,23,持分移轉,09770000
RPOQMLMJMHOFFBA57CB,漢中段二小段,11.36,都市：商,10000,24,持分移轉,09770000
RPUPMLMJMHOFFBA08CB,漢中段二小段,16.56,都市：商,10000,35,持分移轉,09770000
RPSQMLMJMHOFFBA97CB,漢中段二小段,13.72,都市：商,10000,29,持分移轉,09770000
RPRNMLNLMHOFFBA97DB,橋北段二小段,5.23,都市：商,10000,327,持分移轉,03470000
RPRNMLNLMHOFFBA97DB,橋北段二小段,2.45,都市：商,10000,327,持分移轉,03470001
RPRNMLNLMHOFFBA97DB,橋北段二小段,.95,都市：商,10000,327,持分移轉,03480000
RPRNMLNLMHOFFBA97DB,橋北段二小段,1.41,都市：商,10000,327,持分移轉,03480001
RPRNMLNLMHOFFBA97DB,橋北段二小段,3.37,都市：商,10000,327,持分移轉,03520000
RPRNMLNLMHOFFBA97DB,橋北段二小段,3.43,都市：商,10000,327,持分移轉,03530000
RPRNMLNLMHOFFBA97DB,橋北段二小段,3.43,都市：商,10000,327,持分移轉,03540000
RPRNMLNLMHOFFBA97DB,橋北段二小段,3.40,都市：商,10000,327,持分移轉,03550000
RPRNMLNLMHOFFBA97DB,橋北段二小段,3.56,都市：商,10000,327,持分移轉,03560000
RPXNMLOLMHOFFBA68DB,橋北段二小段,5.07,都市：商,10000,317,持分移轉,03470000
RPXNMLOLMHOFFBA68DB,橋北段二小段,2.38,都市：商,10000,317,持分移轉,03470001
RPXNMLOLMHOFFBA68DB,橋北段二小段,.92,都市：商,10000,317,持分移轉,03480000
RPXNMLOLMHOFFBA68DB,橋北段二小段,1.36,都市：商,10000,317,持分移轉,03480001
RPXNMLOLMHOFFBA68DB,橋北段二小段,3.27,都市：商,10000,317,持分移轉,03520000
RPXNMLOLMHOFFBA68DB,橋北段二小段,3.33,都市：商,10000,317,持分移轉,03530000
RPXNMLOLMHOFFBA68DB,橋北段二小段,3.33,都市：商,10000,317,持分移轉,03540000
RPXNMLOLMHOFFBA68DB,橋北段二小段,3.30,都市：商,10000,317,持分移轉,03550000
RPXNMLOLMHOFFBA68DB,橋北段二小段,3.46,都市：商,10000,317,持分移轉,03560000
RPTNMLNLMHOFFBA18DB,橋北段二小段,4.29,都市：商,10000,268,持分移轉,03470000
RPTNMLNLMHOFFBA18DB,橋北段二小段,2.01,都市：商,10000,268,持分移轉,03470001
RPTNMLNLMHOFFBA18DB,橋北段二小段,.78,都市：商,10000,268,持分移轉,03480000
RPTNMLNLMHOFFBA18DB,橋北段二小段,2.76,都市：商,10000,268,持分移轉,03520000
RPTNMLNLMHOFFBA18DB,橋北段二小段,2.81,都市：商,10000,268,持分移轉,03530000
RPTNMLNLMHOFFBA18DB,橋北段二小段,2.81,都市：商,10000,268,持分移轉,03540000
RPTNMLNLMHOFFBA18DB,橋北段二小段,2.79,都市：商,10000,268,持分移轉,03550000
RPTNMLNLMHOFFBA18DB,橋北段二小段,2.92,都市：商,10000,268,持分移轉,03560000
RPTNMLNLMHOFFBA18DB,橋北段二小段,1.15,都市：商,10000,268,持分移轉,03480001
RPRNMLOLMHOFFBA08DB,橋北段二小段,5.23,都市：商,10000,327,持分移轉,03470000
RPRNMLOLMHOFFBA08DB,橋北段二小段,2.45,都市：商,10000,327,持分移轉,03470001
RPRNMLOLMHOFFBA08DB,橋北段二小段,.95,都市：商,10000,327,持分移轉,03480000
RPRNMLOLMHOFFBA08DB,橋北段二小段,1.41,都市：商,10000,327,持分移轉,03480001
RPRNMLOLMHOFFBA08DB,橋北段二小段,3.37,都市：商,10000,327,持分移轉,03520000
RPRNMLOLMHOFFBA08DB,橋北段二小段,3.43,都市：商,10000,327,持分移轉,03530000
RPRNMLOLMHOFFBA08DB,橋北段二小段,3.43,都市：商,10000,327,持分移轉,03540000
RPRNMLOLMHOFFBA08DB,橋北段二小段,3.40,都市：商,10000,327,持分移轉,03550000
RPRNMLOLMHOFFBA08DB,橋北段二小段,3.56,都市：商,10000,327,持分移轉,03560000
RPVNMLOLMHOFFBA48DB,橋北段二小段,5.23,都市：商,10000,327,持分移轉,03470000
RPVNMLOLMHOFFBA48DB,橋北段二小段,2.45,都市：商,10000,327,持分移轉,03470001
RPVNMLOLMHOFFBA48DB,橋北段二小段,.95,都市：商,10000,327,持分移轉,03480000
RPVNMLOLMHOFFBA48DB,橋北段二小段,1.41,都市：商,10000,327,持分移轉,03480001
RPVNMLOLMHOFFBA48DB,橋北段二小段,3.37,都市：商,10000,327,持分移轉,03520000
RPVNMLOLMHOFFBA48DB,橋北段二小段,3.43,都市：商,10000,327,持分移轉,03530000
RPVNMLOLMHOFFBA48DB,橋北段二小段,3.43,都市：商,10000,327,持分移轉,03540000
RPVNMLOLMHOFFBA48DB,橋北段二小段,3.40,都市：商,10000,327,持分移轉,03550000
RPVNMLOLMHOFFBA48DB,橋北段二小段,3.56,都市：商,10000,327,持分移轉,03560000
RPXNMLNLMHOFFBA58DB,橋北段二小段,4.29,都市：商,10000,268,持分移轉,03470000
RPXNMLNLMHOFFBA58DB,橋北段二小段,2.01,都市：商,10000,268,持分移轉,03470001
RPXNMLNLMHOFFBA58DB,橋北段二小段,.78,都市：商,10000,268,持分移轉,03480000
RPXNMLNLMHOFFBA58DB,橋北段二小段,1.15,都市：商,10000,268,持分移轉,03480001
RPXNMLNLMHOFFBA58DB,橋北段二小段,2.76,都市：商,10000,268,持分移轉,03520000
RPXNMLNLMHOFFBA58DB,橋北段二小段,2.81,都市：商,10000,268,持分移轉,03530000
RPXNMLNLMHOFFBA58DB,橋北段二小段,2.81,都市：商,10000,268,持分移轉,03540000
RPXNMLNLMHOFFBA58DB,橋北段二小段,2.79,都市：商,10000,268,持分移轉,03550000
RPXNMLNLMHOFFBA58DB,橋北段二小段,2.92,都市：商,10000,268,持分移轉,03560000
RPUNMLNLMHOFFBA28DB,橋北段二小段,5.23,都市：商,10000,327,持分移轉,03470000
RPUNMLNLMHOFFBA28DB,橋北段二小段,2.45,都市：商,10000,327,持分移轉,03470001
RPUNMLNLMHOFFBA28DB,橋北段二小段,.95,都市：商,10000,327,持分移轉,03480000
RPUNMLNLMHOFFBA28DB,橋北段二小段,1.41,都市：商,10000,327,持分移轉,03480001
RPUNMLNLMHOFFBA28DB,橋北段二小段,3.37,都市：商,10000,327,持分移轉,03520000
RPUNMLNLMHOFFBA28DB,橋北段二小段,3.43,都市：商,10000,327,持分移轉,03530000
RPUNMLNLMHOFFBA28DB,橋北段二小段,3.43,都市：商,10000,327,持分移轉,03540000
RPUNMLNLMHOFFBA28DB,橋北段二小段,3.40,都市：商,10000,327,持分移轉,03550000
RPUNMLNLMHOFFBA28DB,橋北段二小段,3.56,都市：商,10000,327,持分移轉,03560000
RPTOMLOLMHOFFBA38DB,橋北段二小段,4.29,都市：商,10000,268,持分移轉,03470000
RPTOMLOLMHOFFBA38DB,橋北段二小段,2.01,都市：商,10000,268,持分移轉,03470001
RPTOMLOLMHOFFBA38DB,橋北段二小段,.78,都市：商,10000,268,持分移轉,03480000
RPTOMLOLMHOFFBA38DB,橋北段二小段,1.15,都市：商,10000,268,持分移轉,03480001
RPTOMLOLMHOFFBA38DB,橋北段二小段,2.76,都市：商,10000,268,持分移轉,03520000
RPTOMLOLMHOFFBA38DB,橋北段二小段,2.81,都市：商,10000,268,持分移轉,03530000
RPTOMLOLMHOFFBA38DB,橋北段二小段,2.81,都市：商,10000,268,持分移轉,03540000
RPTOMLOLMHOFFBA38DB,橋北段二小段,2.79,都市：商,10000,268,持分移轉,03550000
RPTOMLOLMHOFFBA38DB,橋北段二小段,2.92,都市：商,10000,268,持分移轉,03560000
RPPOMLOLMHOFFBA97DB,橋北段二小段,4.29,都市：商,10000,268,持分移轉,03470000
RPPOMLOLMHOFFBA97DB,橋北段二小段,2.01,都市：商,10000,268,持分移轉,03470001
RPPOMLOLMHOFFBA97DB,橋北段二小段,.78,都市：商,10000,268,持分移轉,03480000
RPPOMLOLMHOFFBA97DB,橋北段二小段,1.15,都市：商,10000,268,持分移轉,03480001
RPPOMLOLMHOFFBA97DB,橋北段二小段,2.76,都市：商,10000,268,持分移轉,03520000
RPQOMLOLMHOFFBA08DB,橋北段二小段,3.66,都市：商,10000,229,持分移轉,03470000
RPPOMLOLMHOFFBA97DB,橋北段二小段,2.81,都市：商,10000,268,持分移轉,03530000
RPQOMLOLMHOFFBA08DB,橋北段二小段,1.72,都市：商,10000,229,持分移轉,03470001
RPPOMLOLMHOFFBA97DB,橋北段二小段,2.81,都市：商,10000,268,持分移轉,03540000
RPQOMLOLMHOFFBA08DB,橋北段二小段,.66,都市：商,10000,229,持分移轉,03480000
RPPOMLOLMHOFFBA97DB,橋北段二小段,2.79,都市：商,10000,268,持分移轉,03550000
RPQOMLOLMHOFFBA08DB,橋北段二小段,.98,都市：商,10000,229,持分移轉,03480001
RPPOMLOLMHOFFBA97DB,橋北段二小段,2.92,都市：商,10000,268,持分移轉,03560000
RPQOMLOLMHOFFBA08DB,橋北段二小段,2.36,都市：商,10000,229,持分移轉,03520000
RPQOMLOLMHOFFBA08DB,橋北段二小段,2.40,都市：商,10000,229,持分移轉,03530000
RPQOMLOLMHOFFBA08DB,橋北段二小段,2.40,都市：商,10000,229,持分移轉,03540000
RPQOMLOLMHOFFBA08DB,橋北段二小段,2.38,都市：商,10000,229,持分移轉,03550000
RPQOMLOLMHOFFBA08DB,橋北段二小段,2.50,都市：商,10000,229,持分移轉,03560000
RPSOMLOLMHOFFBA28DB,橋北段二小段,4.45,都市：商,10000,278,持分移轉,03470000
RPSOMLOLMHOFFBA28DB,橋北段二小段,2.08,都市：商,10000,278,持分移轉,03470001
RPSOMLOLMHOFFBA28DB,橋北段二小段,.81,都市：商,10000,278,持分移轉,03480000
RPSOMLOLMHOFFBA28DB,橋北段二小段,1.20,都市：商,10000,278,持分移轉,03480001
RPSOMLOLMHOFFBA28DB,橋北段二小段,2.86,都市：商,10000,278,持分移轉,03520000
RPSOMLOLMHOFFBA28DB,橋北段二小段,2.92,都市：商,10000,278,持分移轉,03530000
RPSOMLOLMHOFFBA28DB,橋北段二小段,2.92,都市：商,10000,278,持分移轉,03540000
RPSOMLOLMHOFFBA28DB,橋北段二小段,2.89,都市：商,10000,278,持分移轉,03550000
RPSOMLOLMHOFFBA28DB,橋北段二小段,3.03,都市：商,10000,278,持分移轉,03560000
RPOOMLOLMHOFFBA87DB,橋北段二小段,4.29,都市：商,10000,268,持分移轉,03470000
RPOOMLOLMHOFFBA87DB,橋北段二小段,2.01,都市：商,10000,268,持分移轉,03470001
RPOOMLOLMHOFFBA87DB,橋北段二小段,.78,都市：商,10000,268,持分移轉,03480000
RPOOMLOLMHOFFBA87DB,橋北段二小段,1.15,都市：商,10000,268,持分移轉,03480001
RPOOMLOLMHOFFBA87DB,橋北段二小段,2.76,都市：商,10000,268,持分移轉,03520000
RPOOMLOLMHOFFBA87DB,橋北段二小段,2.81,都市：商,10000,268,持分移轉,03530000
RPOOMLOLMHOFFBA87DB,橋北段二小段,2.81,都市：商,10000,268,持分移轉,03540000
RPOOMLOLMHOFFBA87DB,橋北段二小段,2.79,都市：商,10000,268,持分移轉,03550000
RPOOMLOLMHOFFBA87DB,橋北段二小段,2.92,都市：商,10000,268,持分移轉,03560000
RPUQMLMJMHOFFBA18CB,漢中段二小段,17.51,都市：商,10000,37,持分移轉,09770000
RPSPMLPLMHOFFBA48DB,延平段一小段,18.84,都市：商,10000,234,持分移轉,03730000
RPVPMLPLMHOFFBA78DB,玉泉段一小段,9.88,都市：商,10000,204,持分移轉,03630000
RPXPMLPLMHOFFBA98DB,玉泉段一小段,9.40,都市：商,10000,194,持分移轉,03630000
RPQPMLPLMHOFFBA28DB,延平段一小段,18.84,都市：商,10000,234,持分移轉,03730000
RPWPMLPLMHOFFBA88DB,玉泉段一小段,8.86,都市：商,10000,183,持分移轉,03630000
RPOPMLPLMHOFFBA08DB,延平段一小段,18.03,都市：商,10000,224,持分移轉,03730000
RPTPMLPLMHOFFBA58DB,玉泉段一小段,9.35,都市：商,10000,193,持分移轉,03630000
RPVOMLOLMHOFFBA58DB,橋北段二小段,4.45,都市：商,10000,278,持分移轉,03470000
RPVOMLOLMHOFFBA58DB,橋北段二小段,2.08,都市：商,10000,278,持分移轉,03470001
RPVOMLOLMHOFFBA58DB,橋北段二小段,.81,都市：商,10000,278,持分移轉,03480000
RPVOMLOLMHOFFBA58DB,橋北段二小段,1.20,都市：商,10000,278,持分移轉,03480001
RPVOMLOLMHOFFBA58DB,橋北段二小段,2.86,都市：商,10000,278,持分移轉,03520000
RPVOMLOLMHOFFBA58DB,橋北段二小段,2.92,都市：商,10000,278,持分移轉,03530000
RPVOMLOLMHOFFBA58DB,橋北段二小段,2.92,都市：商,10000,278,持分移轉,03540000
RPVOMLOLMHOFFBA58DB,橋北段二小段,2.89,都市：商,10000,278,持分移轉,03550000
RPVOMLOLMHOFFBA58DB,橋北段二小段,3.03,都市：商,10000,278,持分移轉,03560000
RPPPMLPLMHOFFBA18DB,延平段一小段,18.84,都市：商,10000,234,持分移轉,03730000
RPUOMLOLMHOFFBA48DB,橋北段二小段,4.29,都市：商,10000,268,持分移轉,03470000
RPUOMLOLMHOFFBA48DB,橋北段二小段,2.01,都市：商,10000,268,持分移轉,03470001
RPUOMLOLMHOFFBA48DB,橋北段二小段,.78,都市：商,10000,268,持分移轉,03480000
RPUOMLOLMHOFFBA48DB,橋北段二小段,1.15,都市：商,10000,268,持分移轉,03480001
RPUOMLOLMHOFFBA48DB,橋北段二小段,2.76,都市：商,10000,268,持分移轉,03520000
RPUOMLOLMHOFFBA48DB,橋北段二小段,2.81,都市：商,10000,268,持分移轉,03530000
RPUOMLOLMHOFFBA48DB,橋北段二小段,2.81,都市：商,10000,268,持分移轉,03540000
RPUOMLOLMHOFFBA48DB,橋北段二小段,2.79,都市：商,10000,268,持分移轉,03550000
RPUOMLOLMHOFFBA48DB,橋北段二小段,2.92,都市：商,10000,268,持分移轉,03560000
RPPQMLPLMHOFFBA28DB,玉泉段一小段,9.35,都市：商,10000,193,持分移轉,03630000
RPSNMLTLMHOFFBA68DB,延平段一小段,18.84,都市：商,10000,234,持分移轉,03730000
RPXPMLLJNHOFFCA48CB,東湖段三小段,10.40,都市：住,10000,435,持分移轉,00070002
RPXPMLLJNHOFFCA48CB,東湖段三小段,10.48,都市：住,10000,435,持分移轉,00070003
RPXPMLLJNHOFFCA48CB,東湖段三小段,11.09,都市：住,10000,435,持分移轉,00070001
RPOQMLLJNHOFFCA67CB,東湖段三小段,10.40,都市：住,10000,435,持分移轉,00070002
RPOQMLLJNHOFFCA67CB,東湖段三小段,10.48,都市：住,10000,435,持分移轉,00070003
RPOQMLLJNHOFFCA67CB,東湖段三小段,11.09,都市：住,10000,435,持分移轉,00070001
RPPQMLLJNHOFFCA77CB,東湖段三小段,10.40,都市：住,10000,435,持分移轉,00070002
RPPQMLLJNHOFFCA77CB,東湖段三小段,10.48,都市：住,10000,435,持分移轉,00070003
RPPQMLLJNHOFFCA77CB,東湖段三小段,11.09,都市：住,10000,435,持分移轉,00070001
RPOQMLPLMHOFFBA18DB,玉泉段一小段,8.81,都市：商,10000,182,持分移轉,03630000
RPQQMLLJNHOFFCA87CB,東湖段三小段,10.40,都市：住,10000,435,持分移轉,00070002
RPQQMLLJNHOFFCA87CB,東湖段三小段,10.48,都市：住,10000,435,持分移轉,00070003
RPQQMLLJNHOFFCA87CB,東湖段三小段,11.09,都市：住,10000,435,持分移轉,00070001
RPRQMLLJNHOFFCA97CB,東湖段三小段,10.40,都市：住,10000,435,持分移轉,00070002
RPRQMLLJNHOFFCA97CB,東湖段三小段,10.48,都市：住,10000,435,持分移轉,00070003
RPRQMLLJNHOFFCA97CB,東湖段三小段,11.09,都市：住,10000,435,持分移轉,00070001
RPTRMLLJNHOFFCA28CB,東湖段三小段,10.37,都市：住,10000,434,持分移轉,00070002
RPTRMLLJNHOFFCA28CB,東湖段三小段,10.46,都市：住,10000,434,持分移轉,00070003
RPTRMLLJNHOFFCA28CB,東湖段三小段,11.07,都市：住,10000,434,持分移轉,00070001
RPVRMLLJNHOFFCA48CB,東湖段三小段,10.37,都市：住,10000,434,持分移轉,00070002
RPVRMLLJNHOFFCA48CB,東湖段三小段,10.46,都市：住,10000,434,持分移轉,00070003
RPVRMLLJNHOFFCA48CB,東湖段三小段,11.07,都市：住,10000,434,持分移轉,00070001
RPSQMLLJNHOFFCA08CB,東湖段三小段,10.40,都市：住,10000,435,持分移轉,00070002
RPSQMLLJNHOFFCA08CB,東湖段三小段,10.48,都市：住,10000,435,持分移轉,00070003
RPSQMLLJNHOFFCA08CB,東湖段三小段,11.09,都市：住,10000,435,持分移轉,00070001
RPWQMLLJNHOFFCA48CB,東湖段三小段,10.40,都市：住,10000,435,持分移轉,00070002
RPWQMLLJNHOFFCA48CB,東湖段三小段,10.48,都市：住,10000,435,持分移轉,00070003
RPWQMLLJNHOFFCA48CB,東湖段三小段,11.09,都市：住,10000,435,持分移轉,00070001
RPPRMLLJNHOFFCA87CB,東湖段三小段,10.37,都市：住,10000,434,持分移轉,00070002
RPPRMLLJNHOFFCA87CB,東湖段三小段,10.46,都市：住,10000,434,持分移轉,00070003
RPPRMLLJNHOFFCA87CB,東湖段三小段,11.07,都市：住,10000,434,持分移轉,00070001
RPQRMLLJNHOFFCA97CB,東湖段三小段,10.37,都市：住,10000,434,持分移轉,00070002
RPQRMLLJNHOFFCA97CB,東湖段三小段,10.46,都市：住,10000,434,持分移轉,00070003
RPQRMLLJNHOFFCA97CB,東湖段三小段,11.07,都市：住,10000,434,持分移轉,00070001
RPTQMLLJNHOFFCA18CB,東湖段三小段,10.40,都市：住,10000,435,持分移轉,00070002
RPTQMLLJNHOFFCA18CB,東湖段三小段,10.48,都市：住,10000,435,持分移轉,00070003
RPTQMLLJNHOFFCA18CB,東湖段三小段,11.09,都市：住,10000,435,持分移轉,00070001
RPURMLLJNHOFFCA38CB,東湖段三小段,10.37,都市：住,10000,434,持分移轉,00070002
RPURMLLJNHOFFCA38CB,東湖段三小段,10.46,都市：住,10000,434,持分移轉,00070003
RPURMLLJNHOFFCA38CB,東湖段三小段,11.07,都市：住,10000,434,持分移轉,00070001
RPRRMLLJNHOFFCA08CB,東湖段三小段,10.37,都市：住,10000,434,持分移轉,00070002
RPRRMLLJNHOFFCA08CB,東湖段三小段,10.46,都市：住,10000,434,持分移轉,00070003
RPRRMLLJNHOFFCA08CB,東湖段三小段,11.07,都市：住,10000,434,持分移轉,00070001
RPUQMLLJNHOFFCA28CB,東湖段三小段,10.40,都市：住,10000,435,持分移轉,00070002
RPUQMLLJNHOFFCA28CB,東湖段三小段,10.48,都市：住,10000,435,持分移轉,00070003
RPUQMLLJNHOFFCA28CB,東湖段三小段,11.09,都市：住,10000,435,持分移轉,00070001
RPQOMLQJNHOFFAA97CB,福和段一小段,8.78,都市：商,100000,2644,持分移轉,04960000
RPSOMLQJNHOFFAA18CB,福和段一小段,8.78,都市：商,100000,2644,持分移轉,04960000
RPXOMLQJNHOFFAA68CB,福和段一小段,7.88,都市：商,100000,2371,持分移轉,04960000
RPOSMLLJNHOFFCA87CB,東湖段三小段,10.37,都市：住,10000,434,持分移轉,00070002
RPOSMLLJNHOFFCA87CB,東湖段三小段,10.46,都市：住,10000,434,持分移轉,00070003
RPOSMLLJNHOFFCA87CB,東湖段三小段,11.07,都市：住,10000,434,持分移轉,00070001
RPXRMLLJNHOFFCA68CB,東湖段三小段,10.37,都市：住,10000,434,持分移轉,00070002
RPXRMLLJNHOFFCA68CB,東湖段三小段,10.46,都市：住,10000,434,持分移轉,00070003
RPXRMLLJNHOFFCA68CB,東湖段三小段,11.07,都市：住,10000,434,持分移轉,00070001
RPUOMLQJNHOFFAA38CB,福和段一小段,7.88,都市：商,100000,2371,持分移轉,04960000
RPPSMLLJNHOFFCA97CB,東湖段三小段,10.37,都市：住,10000,434,持分移轉,00070002
RPPSMLLJNHOFFCA97CB,東湖段三小段,10.46,都市：住,10000,434,持分移轉,00070003
RPPSMLLJNHOFFCA97CB,東湖段三小段,11.07,都市：住,10000,434,持分移轉,00070001
RPWRMLLJNHOFFCA58CB,東湖段三小段,10.37,都市：住,10000,434,持分移轉,00070002
RPWRMLLJNHOFFCA58CB,東湖段三小段,10.46,都市：住,10000,434,持分移轉,00070003
RPWRMLLJNHOFFCA58CB,東湖段三小段,11.07,都市：住,10000,434,持分移轉,00070001
