﻿編號,土地位置,土地移轉面積(平方公尺),使用分區或編定,權利人持分分母,權利人持分分子,移轉情形,地號
The serial number, land position,land shifting area square meter,the use zoning or compiles and checks,,,,land parcel
RPVOMLLKKHOFFBB08CC,中清段,.00,都市：住,,,,00480000
RPRPMLLKKHOFFCB87CC,民安段,7.84,都市：住,,,,16750022
RPVPMLLKKHOFFCB28CC,惠智段,.00,都市：住,,,,01340000
RPQOMLLKKHOFFJB38CC,愛平段,399.00,都市：住,,,,03030000
RPSNMLMKKHOFFCB87CC,大進段,4.12,都市：住,,,,08580000
RPXOMLLKKHOFFHB88CC,東寶二段,75.54,都市：農,,,,15030000
RPPNMLMKKHOFFKB38CC,文昌段,1931.00,都市：農,,,,20030000
RPQNMLLKKHOFFHB08CC,東寶五段,173.65,都市：住,,,,05660000
RPQNMLLKKHOFFHB08CC,東寶五段,20.65,都市：住,,,,05670000
RPQNMLLKKHOFFHB08CC,東寶五段,34.43,都市：住,,,,05680000
RPUQMLMKKHOFFBB28CC,北屯段,.00,都市：住,,,,00160001
RPWNMLMKKHOFFBB18CC,乾溝子段,38.93,都市：商,,,,01630050
RPSOMLLKKHOFFJB58CC,三汴段,.00,都市：住,,,,06310008
RPTQMLMKKHOFFBB18CC,北屯段,32.76,都市：住,,,,01420001
RPUOMLMKKHOFFCB18CC,大進段,71.34,都市：住,,,,10880000
RPTOMLNKKHOFFCB18CC,惠民段,12.57,都市：其他:新市政中心專用區,,,,00110000
RPXNMLNKKHOFFFB78CC,新犁份段,82.60,都市：住,,,,04630000
RPTNMLNKKHOFFIB68CC,峰南段,24.48,都市：商,,,,01400000
RPPNMLNKKHOFFKB48CC,東園段,29.75,非都市：鄉村區 ; 非都市編定：乙種建築用地,,,,04560000
RPVNMLNKKHOFFIB88CC,峰南段,24.48,都市：商,,,,01400000
RPOOMLNKKHOFFFB97CC,新犁份段,82.60,都市：住,,,,04630000
RPSNMLNKKHOFFDB08CC,福隆段,187.42,都市：住,,,,10380000
RPQNMLOKKHOFFHB38CC,祥和段,20.63,都市：住,,,,02200000
RPTNMLOKKHOFFFB48CC,市鎮北段,15.67,都市：商,,,,00390000
RPPNMLOKKHOFFFB08CC,市鎮北段,11.64,都市：商,,,,00420000
RPRNMLOKKHOFFIB58CC,內新段,23.92,都市：住,,,,06920000
RPRNMLOKKHOFFJB78DC,忠平段,422.00,都市：工,,,,05230000
RPSNMLOKKHOFFCB08CC,上石碑段,23.16,都市：住,,,,11130000
RPVNMLOKKHOFFJB09CC,育賢段,.00,都市：住,,,,00860000
RPUNMLOKKHOFFDB48DC,一心段,9.17,都市：住,,,,06740000
RPRPMLOKKHOFFCB18CC,大進段,18.80,都市：住,,,,10870000
RPQOMLOKKHOFFCB97CC,福順段,505.73,都市：住,,,,01210000
RPQOMLOKKHOFFCB97CC,福順段,505.74,都市：住,,,,01210001
RPQOMLOKKHOFFCB97CC,福順段,101.95,都市：住,,,,01220000
RPQOMLOKKHOFFCB97CC,福順段,101.96,都市：住,,,,01220001
RPTNMLOKKHOFFCB18CC,中正段,20.92,都市：住,,,,01060000
RPWNMLOKKHOFFCB48CC,大進段,26.60,都市：住,,,,02500000
RPWOMLOKKHOFFAB38CC,樹子腳段,30.77,都市：住,,,,12820000
RPXOMLOKKHOFFAB48CC,下橋子頭段,16.20,都市：住,,,,02050027
RPPNMLPKKHOFFAB67CC,後?子段,3.50,都市：住,,,,02100010
RPQNMLPKKHOFFAB77CC,麻園頭段,15.46,都市：住,,,,00020242
RPSNMLPKKHOFFAB97CC,大益段,46.00,都市：住,,,,04950000
RPVRMLOKKHOFFBB68CC,中德段,2.57,都市：住,,,,04660000
RPQPMLNKKHOFFBB87CC,建業段,11.70,都市：住,,,,01960000
RPTOMLOKKHOFFBB18CC,陳平段,11.98,都市：住,,,,18260004
RPXPMLOKKHOFFBB68CC,平田段,13.45,都市：住,,,,01000000
RPXPMLOKKHOFFBB68CC,平田段,2.48,都市：住,,,,01000001
RPWNMLOKKHOFFBB38CC,松竹段,3.54,都市：住,,,,02250000
RPURMLOKKHOFFBB58CC,仁德段,.00,都市：住,,,,07480000
RPURMLOKKHOFFBB58CC,陳平段,.00,都市：住,,,,18810004
RPSOMLOKKHOFFBB08CC,東山段,25.85,都市：商,,,,02610000
RPQOMLOKKHOFFBB87CC,同榮段,15.86,都市：住,,,,21180000
RPTNMLPKKHOFFAB08CC,下橋子頭段,1.74,都市：商,,,,02170014
RPRSMLPKKHOFFAB38CC,後?子段,5.41,都市：商,,,,01480003
RPRSMLPKKHOFFAB38CC,後?子段,4.06,都市：商,,,,01480096
RPSRMLPKKHOFFAB38CC,大益段,.00,都市：住,,,,00090018
RPPOMLPKKHOFFAB77CC,下橋子頭段,1.83,都市：商,,,,02170014
RPRSMLPKKHOFFAB38CC,後?子段,.01,都市：商,,,,01490006
RPVNMLPKKHOFFAB28CC,下橋子頭段,1.72,都市：商,,,,02170014
RPWNMLPKKHOFFAB38CC,下橋子頭段,1.83,都市：商,,,,02170014
RPRRMLPKKHOFFAB28CC,下橋子頭段,.00,都市：住,,,,01450022
RPUNMLPKKHOFFAB18CC,公館段,2.54,都市：商,,,,01580076
RPUNMLPKKHOFFAB18CC,公館段,1.50,都市：商,,,,01580119
RPUNMLPKKHOFFAB18CC,公館段,1.66,都市：商,,,,01580120
RPXPMLPKKHOFFAB68CC,信義段九小段,11.03,都市：住,,,,00080000
RPXPMLPKKHOFFAB68CC,城隍段九小段,17.75,都市：住,,,,00030014
RPSNMLPKKHOFFBB08CC,陳平段,5.29,都市：住,,,,29880005
RPQPMLPKKHOFFBB08CC,錦村段,10.21,都市：住,,,,02600000
RPUPMLPKKHOFFBB48CC,東義段,32.46,都市：住,,,,03290000
RPUOMLPKKHOFFBB38CC,同榮段,20.83,都市：住,,,,11180003
RPROMLPKKHOFFBB08CC,水源段,.00,都市：住,,,,02290067
RPROMLPKKHOFFBB08CC,水源段,.00,都市：住,,,,02290053
RPQNMLPKKHOFFBB87CC,東光段,16.45,都市：商,,,,01930000
RPOSMLOKKHOFFBB08CC,平田段,.00,都市：住,,,,09690016
RPOSMLOKKHOFFBB08CC,平田段,.00,都市：住,,,,09690017
RPOSMLOKKHOFFBB08CC,平田段,.00,都市：住,,,,09710015
RPOSMLOKKHOFFBB08CC,平田段,.00,都市：住,,,,09710016
RPOSMLOKKHOFFBB08CC,水湳段,.00,都市：住,,,,00040020
RPOSMLOKKHOFFBB08CC,水湳段,.00,都市：住,,,,00040021
RPVNMLPKKHOFFJB66DC,福平段,27.47,都市：住,,,,04310000
RPSPMLPKKHOFFAB28DC,公館段,1.56,都市：住,,,,00620001
RPSPMLPKKHOFFAB28DC,公館段,1.35,都市：住,,,,00630001
RPTNMLPKKHOFFBB28DC,軍福段,15.30,都市：住,,,,00460000
RPUNMLPKKHOFFBB38DC,賴厝?段,6.31,都市：住,,,,03340000
RPSNMLPKKHOFFCB18CC,惠民段,13.47,都市：其他:新市政中心專用區,,,,00110000
RPXQMLPKKHOFFCB98CC,上石碑段,18.87,都市：住,,,,13080001
RPORMLPKKHOFFCB18CC,西屯段,9.75,都市：住,,,,22790000
RPWOMLPKKHOFFCB68CC,惠國段,43.47,都市：其他:新六,,,,01350000
RPRPMLPKKHOFFCB28CC,惠民段,22.24,都市：其他:(空),,,,01380000
RPXNMLPKKHOFFCB68CC,福安段,12.00,都市：住,,,,02250000
RPQOMLPKKHOFFCB08CC,惠民段,12.88,都市：其他:新市政中心專用區,,,,01390000
RPUPMLPKKHOFFCB58CC,豐富段,30.33,都市：住,,,,03420000
RPWNMLPKKHOFFCB58CC,惠民段,12.51,都市：其他:新市政中心專用區,,,,01110000
RPVNMLPKKHOFFBB48DC,東新段,6.65,都市：住,,,,00080000
RPPNMLPKKHOFFDB97CC,柑宅段,23.33,都市：住,,,,03530000
RPPNMLPKKHOFFDB97CC,三陽段,9.79,都市：住,,,,06750000
RPPNMLQKKHOFFCB97CC,大墩段,116.00,都市：商,,,,01020000
RPTNMLSKKHOFFAB38CC,麻園頭段,.00,都市：住,,,,01320000
RPPOMLSKKHOFFHB78CC,大明段,20.51,都市：住,,,,07890000
RPOPMLSKKHOFFCB28CC,上石碑段,18.87,都市：住,,,,13080001
RPQPMLSKKHOFFBB38CC,陳平段,14.29,都市：住,,,,19260000
RPSPMLSKKHOFFBB58CC,錦村段,96.10,都市：住,,,,01250031
RPSNMLTKKHOFFBB48CC,文正段,21.00,都市：住,,,,00610027
RPRPMLTKKHOFFBB58CC,東峰段,23.14,都市：住,,,,01320000
RPOPMLTKKHOFFBB28CC,太祥段,21.78,都市：住,,,,01260000
RPQPMLTKKHOFFBB48CC,東峰段,13.22,都市：住,,,,01320000
RPSOMLTKKHOFFBB58CC,松茂段,18.86,都市：住,,,,05350000
RPTNMLTKKHOFFBB58CC,乾溝子段,.00,都市：住,,,,01780042
RPOPMLKLKHOFFBB47CC,東山段,1.77,都市：商,,,,02620000
RPVNMLTKKHOFFAB68CC,公館段,1060.00,都市：其他:空白,,,,00670000
RPVNMLTKKHOFFAB68CC,公館段,1060.00,都市：其他:空白,,,,00750000
RPTOMLTKKHOFFAB58CC,麻園頭段,5265.00,都市：其他:空白,,,,01320000
RPUNMLKLKHOFFJB68CC,勤益段,2.68,非都市：鄉村區 ; 非都市編定：乙種建築用地,,,,04530000
RPTNMLLLKHOFFHB48CC,上楓段,63.00,都市：住,,,,11090018
RPPOMLKLKHOFFCB57CC,西屯段,.00,都市：住,,,,19140016
RPPOMLKLKHOFFCB57CC,西屯段,.00,都市：住,,,,19150014
RPTPMLKLKHOFFCB08CC,惠民段,10.27,都市：住,,,,00840000
RPROMLTKKHOFFCB58CC,上石碑段,128.00,都市：其他:空白,,,,26790002
RPROMLTKKHOFFCB58CC,上石碑段,2873.00,都市：其他:空白,,,,26800000
RPWOMLTKKHOFFCB09CC,鎮南段,522.10,都市：住,,,,01110000
RPUNMLTKKHOFFCB78CC,國安段,5466.45,都市：其他:空白,,,,05930491
RPPPMLSKKHOFFCB38CC,上石碑段,8.46,都市：商,,,,20440000
RPQNMLLLKHOFFKB48CC,東園段,13.22,非都市：鄉村區 ; 非都市編定：乙種建築用地,,,,04560000
RPOOMLLLKHOFFBB47CC,錦村段,2.69,都市：住,,,,02130085
RPQOMLLLKHOFFBB67CC,陳平段,8.98,都市：住,,,,18770001
RPTOMLLLKHOFFBB97CC,東義段,6.04,都市：住,,,,03380000
RPXNMLLLKHOFFAB18CC,公館段,4.29,都市：住,,,,00620001
RPXOMLLLKHOFFAB28CC,後?子段,12.67,都市：住,,,,02250006
RPOOMLLLKHOFFAB37CC,大益段,171.00,都市：住,,,,01180002
RPUNMLLLKHOFFAB87CC,中墩段二小段,6.31,都市：商,,,,00140000
RPRPMLKLKHOFFAB67CC,樹子腳段,11.16,都市：住,,,,12970000
RPWOMLTKKHOFFAB88CC,麻園頭段,5265.00,都市：其他:空白,,,,01320000
RPXPMLLLKHOFFCB58CC,惠智段,.00,都市：住,,,,01590000
RPRNMLLLKHOFFCB77CC,上石碑段,12.60,都市：住,,,,21220000
RPSQMLMLKHOFFCB28CC,三塊厝段,66.00,都市：住,,,,13220005
RPTQMLMLKHOFFCB38CC,中和段,6.99,都市：住,,,,04050004
RPWRMLMLKHOFFBB68CC,東義段,6.04,都市：住,,,,03380000
RPURMLMLKHOFFBB48CC,賴厝?段,5.53,都市：住,,,,00540000
RPOSMLMLKHOFFBB97CC,東峰段,5.06,都市：住,,,,01320000
RPXRMLMLKHOFFBB78CC,東峰段,5.06,都市：住,,,,01320000
RPQOMLLLKHOFFDB87CC,向陽段,74.00,都市：商,,,,02290000
RPROMLMLKHOFFJB68CC,育賢段,23.73,都市：住,,,,01690000
RPSOMLMLKHOFFJB78CC,光華段,30.08,非都市：鄉村區 ; 非都市編定：乙種建築用地,,,,00350000
RPTOMLNLKHOFFJB98CC,豐中段,22.43,都市：住,,,,00100000
RPSNMLNLKHOFFBB97CC,東峰段,5.06,都市：住,,,,01320000
RPOPMLNLKHOFFBB77CC,賴厝?段,2.96,都市：商,,,,00310003
RPOPMLNLKHOFFBB77CC,邱厝子段,2.38,都市：商,,,,00310062
RPROMLLLKHOFFIB48CC,峰南段,24.48,都市：商,,,,01400000
RPPPMLNLKHOFFBB87CC,賴厝?段,3.23,都市：商,,,,00310003
RPPPMLNLKHOFFBB87CC,邱厝子段,2.60,都市：商,,,,00310062
RPQPMLNLKHOFFBB97CC,賴厝?段,3.20,都市：商,,,,00310003
RPQPMLNLKHOFFBB97CC,邱厝子段,2.57,都市：商,,,,00310062
RPRPMLNLKHOFFBB08CC,賴厝?段,.21,都市：商,,,,00310003
RPRPMLNLKHOFFBB08CC,邱厝子段,.17,都市：商,,,,00310062
RPTPMLNLKHOFFBB28CC,平田段,.84,都市：住,,,,09690016
RPTPMLNLKHOFFBB28CC,平田段,.68,都市：住,,,,09690017
RPTPMLNLKHOFFBB28CC,平田段,.46,都市：住,,,,09710015
RPTPMLNLKHOFFBB28CC,平田段,.89,都市：住,,,,09710016
RPTPMLNLKHOFFBB28CC,水湳段,1.40,都市：住,,,,00040020
RPTPMLNLKHOFFBB28CC,水湳段,1.14,都市：住,,,,00040021
RPQPMLNLKHOFFJB78CC,勤益段,4.53,非都市：鄉村區 ; 非都市編定：乙種建築用地,,,,04090000
RPSOMLNLKHOFFAB97CC,下橋子頭段,4.53,都市：商,,,,02170014
RPTOMLNLKHOFFAB08CC,下橋子頭段,1.83,都市：商,,,,02170014
RPQPMLNLKHOFFAB87CC,下橋子頭段,10.61,都市：住,,,,01770000
RPSNMLNLKHOFFCB08CC,中和段,6.99,都市：住,,,,04050004
RPQPMLNLKHOFFCB08CC,中正段,5.63,都市：商,,,,01550000
RPUOMLLLKHOFFBB08CC,景美段,10.41,都市：住,,,,03340000
RPUOMLLLKHOFFBB08CC,景美段,11.80,都市：住,,,,03350000
RPTRMLMLKHOFFBB38CC,賴厝?段,5.53,都市：住,,,,00540000
RPUQMLLLKHOFFBB28CC,賴厝?段,.00,都市：住,,,,01460008
RPUQMLLLKHOFFBB28CC,賴厝?段,.00,都市：其他:道路用地,,,,01460139
RPRRMLMLKHOFFBB18CC,賴厝?段,5.53,都市：住,,,,00540000
RPVPMLMLKHOFFBB38CC,南興段,1652.90,都市：住,,,,00080000
RPXQMLLLKHOFFBB58CC,文正段,15.33,都市：住,,,,00950035
RPXQMLLLKHOFFBB58CC,邱厝子段,20.45,都市：住,,,,01470038
RPPNMLPLKHOFFCB97CC,豐功段,59.56,都市：住,,,,01310000
RPUPMLNLKHOFFBB38CC,賴厝?段,.28,都市：商,,,,00310003
RPUPMLNLKHOFFBB38CC,邱厝子段,.22,都市：商,,,,00310062
RPWPMLNLKHOFFBB58CC,錦村段,34.64,都市：住,,,,01130051
RPVPMLNLKHOFFBB48CC,賴厝?段,.28,都市：商,,,,00310003
RPVPMLNLKHOFFBB48CC,邱厝子段,.22,都市：商,,,,00310062
RPTOMLPLKHOFFBB38CC,軍福段,15.96,都市：商,,,,01200000
RPTPMLPLKHOFFBB48CC,賴厝?段,.21,都市：商,,,,00310003
RPTPMLPLKHOFFBB48CC,邱厝子段,.17,都市：商,,,,00310062
RPUPMLPLKHOFFBB58CC,賴厝?段,4.33,都市：商,,,,00310003
RPUPMLPLKHOFFBB58CC,邱厝子段,3.48,都市：商,,,,00310062
RPOQMLPLKHOFFBB08CC,東峰段,10.25,都市：商,,,,01580000
RPTQMLPLKHOFFBB58CC,東峰段,9.99,都市：商,,,,01580000
RPVQMLPLKHOFFBB78CC,東峰段,9.74,都市：商,,,,01580000
RPOOMLPLKHOFFAB77CC,下橋子頭段,7.32,都市：商,,,,02170014
RPPOMLPLKHOFFAB87CC,下橋子頭段,1.83,都市：商,,,,02170014
RPVOMLPLKHOFFAB48CC,下橋子頭段,1.72,都市：商,,,,02170014
RPUOMLPLKHOFFAB38CC,下橋子頭段,1.72,都市：商,,,,02170014
RPSOMLPLKHOFFAB18CC,下橋子頭段,1.83,都市：商,,,,02170014
RPWNMLPLKHOFFAB48CC,下橋子頭段,2.39,都市：商,,,,02170014
RPSRMLPLKHOFFBB58CC,東峰段,6.84,都市：商,,,,01580000
RPPOMLPLKHOFFDB18CC,南陽段,6.26,都市：住,,,,07000002
RPPOMLPLKHOFFDB18CC,南陽段,18.77,都市：住,,,,07000003
RPPNMLQLKHOFFDB18CC,車路墘段車路墘小段,97.90,都市：住,,,,00160000
RPUOMLPLKHOFFCB58CC,西屯段,106.00,都市：住,,,,10380000
RPXOMLPLKHOFFCB88CC,中和段,6.99,都市：住,,,,04050004
RPVNMLPLKHOFFCB58CC,惠民段,2.24,都市：住,,,,01380000
RPQOMLQLKHOFFJB98CC,勤益段,4.53,非都市：鄉村區 ; 非都市編定：乙種建築用地,,,,04090000
RPRNMLQLKHOFFJB09DC,宜欣段,4.81,都市：住,,,,21440000
RPSOMLQLKHOFFJB56CC,福星段,120.35,都市：住,,,,02880000
RPTOMLQLKHOFFJB66CC,勤益段,4.53,非都市：鄉村區 ; 非都市編定：乙種建築用地,,,,04090000
RPPRMLPLKHOFFBB28CC,東峰段,11.30,都市：商,,,,01580000
RPQRMLPLKHOFFBB38CC,東峰段,5.84,都市：商,,,,01580000
RPORMLPLKHOFFBB18CC,東峰段,5.84,都市：商,,,,01580000
RPQOMLQLKHOFFAB08CC,麻園頭段,19.03,都市：住,,,,01300002
RPUOMLQLKHOFFAB48CC,後?子段,.00,都市：住,,,,02250329
RPVOMLQLKHOFFAB58CC,後?子段,2.03,都市：商,,,,01480003
RPVOMLQLKHOFFAB58CC,後?子段,1.53,都市：商,,,,01480096
RPVOMLQLKHOFFAB58CC,後?子段,.00,都市：商,,,,01490006
RPWOMLQLKHOFFAB68CC,大益段,29.47,都市：住,,,,02620000
RPQPMLQLKHOFFBB28CC,錦村段,24.62,都市：住,,,,03590047
RPURMLPLKHOFFBB78CC,邱厝子段,5.45,都市：住,,,,01390037
RPVPMLQLKHOFFBB78CC,平田段,.84,都市：住,,,,09690016
RPRQMLQLKHOFFBB48CC,錦村段,3.23,都市：住,,,,02130085
RPVPMLQLKHOFFBB78CC,平田段,.68,都市：住,,,,09690017
RPVPMLQLKHOFFBB78CC,平田段,.46,都市：住,,,,09710015
RPVPMLQLKHOFFBB78CC,平田段,.89,都市：住,,,,09710016
RPVPMLQLKHOFFBB78CC,水湳段,1.40,都市：住,,,,00040020
RPVPMLQLKHOFFBB78CC,水湳段,1.14,都市：住,,,,00040021
RPUNMLQLKHOFFBB48CC,平田段,10.32,都市：住,,,,01000000
RPUNMLQLKHOFFBB48CC,平田段,1.90,都市：住,,,,01000001
RPQQMLQLKHOFFBB38CC,北屯段,5.02,都市：住,,,,05140000
RPVRMLPLKHOFFBB88CC,錦村段,6.37,都市：住,,,,01840082
RPVNMLQLKHOFFBB58CC,平田段,3.00,都市：住,,,,04060000
RPTNMLQLKHOFFBB38CC,錦村段,24.63,都市：住,,,,03590047
RPRNMLQLKHOFFCB28CC,中和段,6.99,都市：住,,,,04050004
RPQOMLQLKHOFFCB28CC,中和段,6.99,都市：住,,,,04050004
RPSNMLQLKHOFFCB38CC,下石碑段,5.01,都市：住,,,,16910000
RPVNMLQLKHOFFCB68CC,下石碑段,5.01,都市：住,,,,16910000
RPXNMLQLKHOFFCB88CC,中正段,6.53,都市：住,,,,00170000
RPUOMLRLKHOFFJB86CC,勤益段,4.53,非都市：鄉村區 ; 非都市編定：乙種建築用地,,,,04090000
RPPNMLLJLHOFFBB37CC,松觀段,6.00,都市：住,,,,10130001
RPPNMLLJLHOFFBB37CC,松觀段,473.00,都市：住,,,,10170000
RPPNMLLJLHOFFBB37CC,松觀段,20.00,都市：住,,,,10180001
RPPNMLLJLHOFFBB37CC,松觀段,135.00,都市：住,,,,10130000
RPOOMLLJLHOFFBB37CC,賴厝?段,3.16,都市：商,,,,00310003
RPOOMLLJLHOFFBB37CC,邱厝子段,2.54,都市：商,,,,00310062
RPPNMLLJLHOFFJB18CC,新興段,.00,都市：住,,,,01430001
RPVQMLRLKHOFFCB09CC,下石碑段,26.44,都市：住,,,,16910000
RPRPMLQLKHOFFCB48CC,中仁段,.00,都市：住,,,,01240000
RPVPMLQLKHOFFCB88CC,中正段,6.32,都市：商,,,,01550000
RPQPMLQLKHOFFCB38CC,國安段,.00,都市：住,,,,05930294
RPROMLLJLHOFFBB67CC,東信段,37.71,都市：住,,,,00970005
RPUOMLLJLHOFFBB97CC,東峰段,6.93,都市：商,,,,01580000
RPQOMLLJLHOFFBB57CC,賴厝?段,.21,都市：商,,,,00310003
RPQOMLLJLHOFFBB57CC,邱厝子段,.17,都市：商,,,,00310062
RPSOMLLJLHOFFBB77CC,東峰段,10.29,都市：商,,,,01580000
RPPOMLLJLHOFFBB47CC,賴厝?段,3.26,都市：商,,,,00310003
RPPOMLLJLHOFFBB47CC,邱厝子段,2.61,都市：商,,,,00310062
RPWOMLLJLHOFFBB18CC,東峰段,10.62,都市：商,,,,01580000
RPUNMLLJLHOFFCB97CC,三塊厝段,16.19,都市：住,,,,05990000
RPXOMLQLKHOFFAB78CC,忠孝段四小段,13.22,都市：住,,,,00240010
RPXOMLQLKHOFFAB78CC,忠孝段四小段,13.78,都市：住,,,,00240011
RPUQMLRLKHOFFAB78CC,忠孝段四小段,13.22,都市：住,,,,00240010
RPUQMLRLKHOFFAB78CC,忠孝段四小段,13.78,都市：住,,,,00240011
RPVQMLRLKHOFFAB88CC,樹子腳段,11.18,都市：其他:市場用地,,,,13000015
RPSNMLRLKHOFFAB28CC,麻園頭段,24.00,都市：住,,,,00280000
RPPNMLLJLHOFFCB47CC,中正段,27.87,都市：住,,,,02800000
RPUOMLLJLHOFFCB08CC,中正段,5.87,都市：商,,,,01550000
RPSNMLPJLHOFFHB68CC,三和段,21.31,都市：住,,,,14550000
RPTNMLOJLHOFFDB28CC,大洲段,22.34,都市：住,,,,03230000
RPUNMLOJLHOFFDB38CC,豐原段,217.00,都市：住,,,,07590043
RPQNMLPJLHOFFHB48CC,上楓段,16.51,都市：住,,,,12520000
RPTNMLPJLHOFFHB78CC,馬岡段,19.16,都市：商,,,,00500000
RPQPMLPJLHOFFFB48CC,梧棲段,128.00,都市：住,,,,02080000
RPSNMLPJLHOFFKB98CC,中蔗段,660.00,非都市：一般農業區 ; 非都市編定：農牧用地,,,,06570000
RPXOMLPJLHOFFIB76CC,峰東段,.00,都市：住,,,,09730000
RPUOMLPJLHOFFCB48CC,中正段,10.90,都市：住,,,,01550000
RPXOMLPJLHOFFCB78CC,中正段,5.67,都市：住,,,,01550000
RPRPMLLJLHOFFCB87CC,中正段,5.99,都市：商,,,,01550000
RPOPMLLJLHOFFCB57CC,中正段,5.91,都市：商,,,,01550000
RPWOMLLJLHOFFCB28CC,上石碑段,3.40,都市：商,,,,17900000
RPWOMLLJLHOFFCB28CC,上石碑段,3.04,都市：商,,,,18000007
RPSOMLPJLHOFFCB28CC,民安段,5.34,都市：住,,,,18860000
RPQPMLLJLHOFFCB77CC,中正段,5.51,都市：商,,,,01550000
RPXPMLPJLHOFFBB78CC,北屯段,18.40,都市：住,,,,00160001
RPXPMLPJLHOFFBB78CC,北屯段,7.24,都市：住,,,,00180004
RPPQMLPJLHOFFBB08CC,錦村段,30.77,都市：住,,,,03280001
RPXPMLPJLHOFFCB88CC,黎明段,18.00,都市：住,,,,11190000
RPXPMLPJLHOFFCB88CC,黎明段,87.00,都市：住,,,,11280000
RPUPMLPJLHOFFCB58CC,黎明段,11.26,都市：住,,,,03510000
RPWPMLPJLHOFFCB78CC,惠信段,17.08,都市：住,,,,01120000
RPPQMLPJLHOFFCB18CC,中正段,5.27,都市：商,,,,01550000
RPOPMLPJLHOFFAB77CC,忠孝段四小段,13.22,都市：住,,,,00240010
RPOPMLPJLHOFFAB77CC,忠孝段四小段,13.78,都市：住,,,,00240011
RPXOMLPJLHOFFAB58CC,麻園頭段,.00,都市：住,,,,01870055
RPXOMLPJLHOFFAB58CC,麻園頭段,.00,都市：住,,,,01870059
RPXOMLPJLHOFFAB58CC,麻園頭段,.00,都市：住,,,,01900027
RPXOMLPJLHOFFAB58CC,麻園頭段,.00,都市：住,,,,01910000
RPRPMLPJLHOFFAB08CC,大益段,4.94,都市：住,,,,08700000
RPPPMLPJLHOFFAB87CC,後?子段,2.69,都市：住,,,,01310040
RPQPMLPJLHOFFAB97CC,大益段,.00,都市：住,,,,08700000
RPSOMLQJLHOFFBB28CC,東新段,4.01,都市：住,,,,01530000
RPPOMLQJLHOFFAB87CC,麻園頭段,63.00,都市：住,,,,00800048
RPPOMLQJLHOFFAB87CC,麻園頭段,105.00,都市：住,,,,00800049
RPPOMLQJLHOFFAB87CC,麻園頭段,26.00,都市：住,,,,00800076
RPWOMLQJLHOFFBB68CC,錦村段,121.00,都市：住,,,,03290047
RPPOMLQJLHOFFCB08CC,國安段,9.84,都市：住,,,,05930491
RPSOMLQJLHOFFCB38CC,惠民段,8.01,都市：住,,,,01090000
RPTOMLQJLHOFFCB48CC,惠民段,10.65,都市：住,,,,01090000
RPOPMLQJLHOFFCB08CC,大新段,.00,都市：商,,,,04380000
RPOPMLRJLHOFFCB18CC,大新段,33.54,都市：住,,,,08630000
RPSNMLRJLHOFFBB38DC,錦村段,9.09,都市：商,,,,03100016
RPVNMLRJLHOFFFB98CC,社口段社口小段,93.00,都市：住,,,,00500057
RPROMLSJLHOFFJB56CC,育賢段,29.56,都市：住,,,,01240002
RPRPMLPJLHOFFCB28CC,大進段,.00,都市：住,,,,07880000
RPQPMLPJLHOFFCB18CC,上石碑段,.00,都市：住,,,,26670001
RPTPMLPJLHOFFCB48CC,信安段,.00,都市：住,,,,05930002
RPSPMLPJLHOFFCB38CC,國安段,.00,都市：住,,,,01040002
RPSPMLPJLHOFFCB38CC,國安段,.00,都市：住,,,,01040003
RPROMLSJLHOFFAB28CC,麻園頭段,22.39,都市：住,,,,01810000
RPXNMLSJLHOFFFB66CC,大同段,24.65,都市：商,,,,11560000
RPXPMLSJLHOFFBB09CC,文正段,52.00,都市：住,,,,01090206
RPRRMLSJLHOFFBB68CC,東峰段,10.16,都市：商,,,,01580000
RPTOMLRJLHOFFBB48CC,東光段,52.00,都市：住,,,,01000000
RPPRMLSJLHOFFBB48CC,賴厝?段,.14,都市：商,,,,00310003
RPPRMLSJLHOFFBB48CC,邱厝子段,.11,都市：商,,,,00310062
RPXOMLQJLHOFFBB78CC,東新段,4.41,都市：住,,,,01530000
RPQRMLSJLHOFFCB68CC,民安段,.00,都市：住,,,,18700001
RPURMLSJLHOFFCB09CC,中正段,9.49,都市：商,,,,01550000
RPSQMLSJLHOFFAB58CC,大益段,9.58,都市：住,,,,02620000
RPOPMLSJLHOFFCB28CC,國安段,18.20,都市：住,,,,01740000
RPRQMLSJLHOFFCB68CC,上石碑段,16.60,都市：住,,,,21220000
RPSOMLSJLHOFFAB38CC,麻園頭段,13.24,都市：住,,,,01320000
RPQPMLSJLHOFFAB28CC,半平厝段,.00,都市：住,,,,05500007
RPQPMLSJLHOFFAB28CC,半平厝段,.00,都市：住,,,,06540000
RPQPMLSJLHOFFAB28CC,半平厝段,.00,都市：住,,,,06550000
RPQQMLSJLHOFFAB38CC,柳川段五小段,2.89,都市：商,,,,00200003
RPRQMLSJLHOFFAB48CC,大益段,9.58,都市：住,,,,02620000
RPVRMLSJLHOFFCB56CC,中正段,5.99,都市：商,,,,01550000
RPWRMLSJLHOFFCB66CC,中正段,7.04,都市：商,,,,01550000
RPRSMLSJLHOFFCB88CC,田心段,23.75,都市：住,,,,04000000
RPQNMLTJLHOFFDB48CC,西湳北段,67.69,非都市：特定農業區 ; 非都市編定：甲種建築用地,,,,04820000
RPQNMLTJLHOFFDB48CC,西湳北段,15.26,非都市：特定農業區 ; 非都市編定：甲種建築用地,,,,04840000
RPUPMLLKLHOFFFB58CC,大同段,3.10,都市：商,,,,11560000
RPVPMLLKLHOFFFB68CC,大同段,3.11,都市：商,,,,11560000
RPWPMLLKLHOFFFB78CC,大同段,3.10,都市：商,,,,11560000
RPQPMLLKLHOFFIB48CC,興祥段,7.93,都市：住,,,,01600000
RPRPMLLKLHOFFIB58CC,興祥段,7.93,都市：住,,,,01600000
RPXPMLLKLHOFFFB88CC,大同段,3.11,都市：商,,,,11560000
RPRWMLLKLHOFFCB68CC,何安段,10.86,都市：住,,,,04860000
RPSNMLTJLHOFFDB68CC,三豐段,81.44,都市：住,,,,00640004
RPTNMLTJLHOFFDB78CC,葫蘆墩段,107.50,都市：住,,,,07180000
RPVNMLTJLHOFFDB98CC,博愛段,92.00,都市：商,,,,01920000
RPUPMLLKLHOFFBB18CC,水源段,86.00,都市：商,,,,02250044
RPUPMLLKLHOFFBB18CC,水源段,3.00,都市：其他:道路用地,,,,02250075
RPXPMLLKLHOFFBB48CC,乾溝子段,33.55,都市：住,,,,01330002
RPWPMLLKLHOFFAB28CC,大益段,9.58,都市：住,,,,02620000
RPPOMLLKLHOFFAB47CC,後?子段,16.13,都市：住,,,,02250029
RPQPMLLKLHOFFAB67CC,大益段,10.66,都市：住,,,,02620000
RPOPMLLKLHOFFAB47CC,大益段,9.58,都市：住,,,,02620000
RPWOMLLKLHOFFAB18CC,大益段,9.58,都市：住,,,,02620000
RPUQMLLKLHOFFBB28CC,水湳段,1.40,都市：住,,,,00040020
RPUQMLLKLHOFFBB28CC,水湳段,1.14,都市：住,,,,00040021
RPUQMLLKLHOFFBB28CC,平田段,.46,都市：住,,,,09710015
RPUQMLLKLHOFFBB28CC,平田段,.89,都市：住,,,,09710016
RPUQMLLKLHOFFBB28CC,平田段,.84,都市：住,,,,09690016
RPUQMLLKLHOFFBB28CC,平田段,.68,都市：住,,,,09690017
RPXNMLMKLHOFFBB38CC,松茂段,27.08,都市：住,,,,10970000
RPVNMLMKLHOFFBB18CC,賴厝?段,.00,都市：住,,,,00490066
RPXQMLLKLHOFFBB58CC,錦村段,6.10,都市：住,,,,02190007
RPUNMLMKLHOFFBB08CC,崇德段,165.62,都市：商,,,,04030003
RPWPMLMKLHOFFBB48CC,錦村段,22.66,都市：住,,,,03660000
RPVRMLMKLHOFFBB58CC,水源段,2.26,都市：住,,,,03440001
RPVRMLMKLHOFFBB58CC,文正段,12.64,都市：住,,,,00840017
RPXPMLMKLHOFFBB58CC,松觀段,8.64,都市：住,,,,07200000
RPTQMLMKLHOFFBB28CC,文正段,4.00,都市：商,,,,00270284
RPSNMLMKLHOFFAB77CC,公館段,.00,都市：住,,,,01580705
RPTNMLMKLHOFFAB87CC,麻園頭段,.00,都市：住,,,,01740134
RPWRMLMKLHOFFBB68CC,邱厝子段,10.85,都市：住,,,,01390037
RPVNMLMKLHOFFAB08CC,立德段一小段,15.35,都市：商,,,,00420011
RPOQMLMKLHOFFAB67CC,中墩段二小段,36.32,都市：商,,,,00140000
RPXNMLMKLHOFFAB28CC,柳川段五小段,3.25,都市：商,,,,00200003
RPQPMLMKLHOFFCB97CC,西屯段,19.83,都市：住,,,,19140016
RPPQMLMKLHOFFAB77CC,中墩段二小段,27.97,都市：商,,,,00140000
RPVOMLMKLHOFFAB18CC,忠孝段四小段,119.00,都市：住,,,,00240010
RPUNMLMKLHOFFCB18CC,田心段,87.00,都市：住,,,,17840017
RPRNMLMKLHOFFFB18CC,?榔段,5.00,都市：住,,,,08210033
RPRNMLMKLHOFFFB18CC,?榔段,66.00,都市：住,,,,08210055
RPQNMLMKLHOFFFB08CC,南簡段,100.00,都市：住,,,,07270006
RPQNMLMKLHOFFFB08CC,南簡段,.41,都市：住,,,,07270001
RPSNMLMKLHOFFDB08CC,大順段,86.25,都市：住,,,,07950000
RPTNMLMKLHOFFDB28DC,墩北段,1916.00,非都市：特定農業區 ; 非都市編定：農牧用地,,,,01830000
RPPNMLMKLHOFFHB18CC,中山段,23.93,都市：住,,,,02730000
RPSOMLNKLHOFFBB18DC,東信段,.00,都市：住,,,,01500000
RPSOMLNKLHOFFBB18DC,東信段,.00,都市：住,,,,01500019
RPSOMLNKLHOFFBB18DC,東信段,.00,都市：住,,,,01500020
RPRNMLNKLHOFFDB08CC,車路墘段車路墘小段,25.01,都市：住,,,,00270004
RPQNMLNKLHOFFDB97CC,合作段,271.44,都市：住,,,,00500000
RPRQMLNKLHOFFCB28CC,三塊厝段,74.98,都市：住,,,,01200000
RPWSNLMKLHOFFCB98CC,上石碑段,18.87,都市：住,,,,13080001
RPTPMLNKLHOFFCB38CC,惠民段,12.48,都市：其他:新市政中心專用區,,,,00110000
RPSQMLMKLHOFFCB28CC,上石碑段,18.87,都市：住,,,,13080001
RPOPMLNKLHOFFCB87CC,惠民段,15.74,都市：其他:新市政中心專用區,,,,01110000
RPXOMLNKLHOFFCB68CC,惠民段,16.58,都市：其他:新市政中心專用區,,,,01390000
RPSPMLNKLHOFFCB28CC,惠民段,14.66,都市：其他:新市政中心專用區,,,,01390000
RPXSMLMKLHOFFCB98CC,惠民段,14.94,都市：住,,,,00040000
RPRPMLNKLHOFFCB18CC,惠民段,15.37,都市：其他:新市政中心專用區,,,,01110000
RPSPMLNKLHOFFAB08CC,公館段,9.28,都市：商,,,,01580112
RPTPMLNKLHOFFAB18CC,大益段,10.66,都市：住,,,,02620000
RPQPMLNKLHOFFAB87CC,後?子段,8.68,都市：住,,,,02350000
RPQPMLNKLHOFFAB87CC,後?子段,9.08,都市：住,,,,02350001
RPQPMLNKLHOFFAB87CC,後?子段,6.47,都市：住,,,,02350025
RPRPMLNKLHOFFAB97CC,麻園頭段,3.99,都市：商,,,,00730249
RPPPMLNKLHOFFAB77CC,公館段,1.31,都市：商,,,,00630001
RPSOMLNKLHOFFAB97CC,麻園頭段,3.99,都市：商,,,,00730249
RPROMLNKLHOFFAB87CC,麻園頭段,17.48,都市：商,,,,08250000
RPXOMLNKLHOFFAB48CC,後?子段,239.00,都市：住,,,,01700078
RPXOMLNKLHOFFAB48CC,後?子段,254.00,都市：住,,,,01710091
RPSQMLOKLHOFFBB38CC,南興段,1340.79,都市：住,,,,00030000
RPWQMLOKLHOFFBB78CC,大觀段,20.00,都市：住,,,,06950000
RPXQMLOKLHOFFBB88CC,大觀段,20.00,都市：住,,,,06950000
RPVNMLOKLHOFFAB28CC,東昇段四小段,57.00,都市：商,,,,00020008
RPVNMLOKLHOFFAB28CC,東昇段四小段,15.00,都市：商,,,,00020014
RPRQMLOKLHOFFBB28CC,東新段,8.27,都市：住,,,,00170000
RPTPMLOKLHOFFBB38CC,東山段,16.92,都市：住,,,,00610000
RPTNMLOKLHOFFBB18CC,平田段,7.40,都市：住,,,,05140000
RPXPMLNKLHOFFBB68CC,中清段,14.39,都市：住,,,,04030000
RPOOMLOKLHOFFBB77CC,東信段,11.25,都市：住,,,,01640000
RPXOMLOKLHOFFBB68CC,平田段,6.65,都市：住,,,,01800000
RPXPMLOKLHOFFBB78CC,北屯段,26.18,都市：住,,,,01590009
RPXPMLOKLHOFFBB78CC,北屯段,71.00,都市：住,,,,01590146
RPXPMLOKLHOFFBB78CC,北屯段,2.39,都市：住,,,,01590424
RPXPMLOKLHOFFBB78CC,北屯段,.06,都市：住,,,,01590425
RPXOMLNKLHOFFBB58CC,太和段,18.43,都市：住,,,,00460000
RPTPMLNKLHOFFBB28CC,東光段,16.81,都市：商,,,,01930000
RPRNMLOKLHOFFCB08CC,大進段,15.32,都市：住,,,,10850000
RPTOMLOKLHOFFCB38CC,中正段,5.55,都市：商,,,,01550000
RPROMLOKLHOFFCB18CC,惠民段,21.48,都市：其他:新市政中心專用區,,,,01380000
RPPPMLOKLHOFFCB08CC,大進段,131.00,都市：住,,,,03750000
RPVNMLOKLHOFFDB58CC,豐原段,93.00,都市：住,,,,08290019
RPVNMLOKLHOFFDB58CC,豐原段,8.00,都市：住,,,,08290086
RPVOMLOKLHOFFCB58CC,福安段,12.25,都市：住,,,,02250000
RPQNMLOKLHOFFJB68CC,勤益段,4.53,非都市：鄉村區 ; 非都市編定：乙種建築用地,,,,04090000
RPSNMLOKLHOFFJB88CC,新興段,.00,都市：住,,,,00690000
RPTNMLOKLHOFFDB48DC,豐原段,26.88,都市：住,,,,04080001
RPRNMLOKLHOFFKB88CC,東園段,7.50,非都市：鄉村區 ; 非都市編定：乙種建築用地,,,,07840000
RPSNMLOKLHOFFKB98CC,東園段,7.50,非都市：鄉村區 ; 非都市編定：乙種建築用地,,,,07840000
RPOOMLOKLHOFFIB48CC,新榮和段,485.12,都市：住,,,,00290000
RPXNMLPKLHOFFHB66CC,家福段,8.95,都市：商,,,,00370000
RPVNMLPKLHOFFCB58CC,上石碑段,52.83,都市：住,,,,11210000
RPXOMLOKLHOFFAB58CC,頂橋子頭段,10.88,都市：住,,,,01380000
RPQOMLPKLHOFFAB97CC,麻園頭段,10.97,都市：住,,,,01320000
RPOOMLOKLHOFFAB67CC,柳川段六小段,4.02,都市：商,,,,00090009
RPWNMLOKLHOFFAB38CC,立德段一小段,3.01,都市：商,,,,00420011
RPROMLPKLHOFFAB08CC,麻園頭段,12.53,都市：住,,,,01320000
RPSOMLPKLHOFFAB18CC,麻園頭段,14.90,都市：住,,,,01320000
RPTOMLPKLHOFFAB28CC,麻園頭段,9.47,都市：住,,,,01320000
RPUOMLPKLHOFFAB38CC,後?子段,6.16,都市：住,,,,02480015
RPVOMLPKLHOFFAB48CC,麻園頭段,10.64,都市：住,,,,06970000
RPQQMLPKLHOFFBB28CC,賴厝?段,3.42,都市：商,,,,00310003
RPQQMLPKLHOFFBB28CC,邱厝子段,2.75,都市：商,,,,00310062
RPPQMLPKLHOFFBB18CC,賴厝?段,.14,都市：商,,,,00310003
RPPQMLPKLHOFFBB18CC,邱厝子段,.11,都市：商,,,,00310062
RPSQMLPKLHOFFBB48CC,賴厝?段,.21,都市：商,,,,00310003
RPSQMLPKLHOFFBB48CC,邱厝子段,.17,都市：商,,,,00310062
RPUQMLPKLHOFFBB68CC,賴厝?段,3.34,都市：商,,,,00310003
RPUQMLPKLHOFFBB68CC,邱厝子段,2.68,都市：商,,,,00310062
RPSRMLPKLHOFFBB58CC,東峰段,9.24,都市：商,,,,01580000
RPPRMLPKLHOFFBB28CC,東峰段,6.34,都市：商,,,,01580000
RPWQMLPKLHOFFBB88CC,賴厝?段,3.12,都市：商,,,,00310003
RPWQMLPKLHOFFBB88CC,邱厝子段,2.51,都市：商,,,,00310062
RPTRMLPKLHOFFBB68CC,東峰段,11.13,都市：商,,,,01580000
RPURMLPKLHOFFBB78CC,東峰段,9.24,都市：商,,,,01580000
RPVRMLPKLHOFFBB88CC,東峰段,11.80,都市：商,,,,01580000
RPUNMLQKLHOFFAB38CC,頂橋子頭段,28.67,都市：住,,,,01150001
RPUNMLQKLHOFFAB38CC,頂橋子頭段,13.20,都市：住,,,,01150018
RPUNMLQKLHOFFAB38CC,頂橋子頭段,2.00,都市：住,,,,01150080
RPPNMLRKLHOFFBB18DC,松竹段,5545.00,都市：住,,,,12330000
RPPNMLSKLHOFFHB78CC,潭北段,31.55,都市：住,,,,03630000
RPVNMLQKLHOFFAB48CC,頂橋子頭段,28.67,都市：住,,,,01150001
RPVNMLQKLHOFFAB48CC,頂橋子頭段,13.20,都市：住,,,,01150018
RPVNMLQKLHOFFAB48CC,頂橋子頭段,2.00,都市：住,,,,01150080
RPSQMLSKLHOFFIB86CC,新仁段,.00,都市：住,,,,10920000
RPSQMLSKLHOFFIB86CC,新仁段,.00,都市：住,,,,10930008
RPUNMLSKLHOFFDB88CC,大富段,.00,都市：工,,,,11580000
RPUNMLSKLHOFFDB88CC,大富段,.00,都市：工,,,,11590000
RPUNMLSKLHOFFDB88CC,大富段,.00,都市：工,,,,11600000
RPUNMLSKLHOFFDB88CC,大富段,.00,都市：工,,,,11610000
RPUNMLSKLHOFFDB88CC,大富段,.00,都市：工,,,,11620000
RPVNMLSKLHOFFDB98CC,大富段,.00,都市：工,,,,11590000
RPVNMLSKLHOFFDB98CC,大富段,.00,都市：工,,,,11600000
RPVNMLSKLHOFFDB98CC,大富段,.00,都市：工,,,,11610000
RPQNMLSKLHOFFFB68CC,田寮段橋頭小段,15.00,都市：住,,,,02510015
RPQNMLSKLHOFFFB68CC,田寮段橋頭小段,120.00,都市：住,,,,02510024
RPRPMLSKLHOFFAB48CC,麻園頭段,17.27,都市：住,,,,01730003
RPWOMLSKLHOFFBB98CC,賴厝?段,5.03,都市：住,,,,04380001
RPVNMLTKLHOFFBB88CC,東新段,4.17,都市：住,,,,01530000
RPUOMLTKLHOFFBB88CC,邱厝子段,18.81,都市：住,,,,00990000
RPPOMLTKLHOFFBB38CC,文正段,44.66,都市：其他:西區後龍子段391-179地號,,,,01180049
RPWOMLTKLHOFFBB09CC,邱厝子段,18.81,都市：住,,,,00990000
RPVNMLTKLHOFFAB78CC,麻園頭段,9.46,都市：住,,,,01320000
RPXNMLTKLHOFFAB98CC,麻園頭段,5.80,都市：住,,,,00730046
RPRPMLTKLHOFFAB58CC,下橋子頭段,6.26,都市：住,,,,01340000
RPRPMLTKLHOFFAB58CC,下橋子頭段,5.15,都市：住,,,,01360013
RPUNMLTKLHOFFJB96CC,宜欣段,89.00,都市：商,,,,00070004
RPUNMLTKLHOFFJB96CC,宜欣段,86.00,都市：商,,,,00070005
RPPNMLTKLHOFFJB09CC,新興段,5.55,都市：住,,,,01640000
RPXNMLKLLHOFFJB09CC,育賢段,18.48,都市：商,,,,01330000
RPROMLKLLHOFFIB48CC,峰南段,6.51,都市：商,,,,01400000
RPTNMLKLLHOFFKB78CC,東園段,7.50,非都市：鄉村區 ; 非都市編定：乙種建築用地,,,,07840000
RPSNMLKLLHOFFKB68CC,東園段,7.50,非都市：鄉村區 ; 非都市編定：乙種建築用地,,,,07840000
RPVNMLKLLHOFFKB98CC,東園段,13.69,非都市：鄉村區 ; 非都市編定：乙種建築用地,,,,04560000
RPUNMLKLLHOFFKB88CC,東園段,13.69,非都市：鄉村區 ; 非都市編定：乙種建築用地,,,,04560000
RPSNMLKLLHOFFCB97DC,民安段,13.00,都市：住,,,,11010000
RPRPMLKLLHOFFAB77CC,麻園頭段,16.30,都市：住,,,,01320000
RPUNMLKLLHOFFBB97CC,鑫新平段,527.36,都市：住,,,,02540000
RPWNMLKLLHOFFBB18CC,文正段,15.33,都市：住,,,,00950035
RPWNMLKLLHOFFBB18CC,邱厝子段,20.45,都市：住,,,,01470038
RPVPMLKLLHOFFBB28CC,水湳段,8.49,都市：商,,,,00970002
RPOOMLKLLHOFFCB57CC,西屯段,6.16,都市：住,,,,12630000
RPTQMLKLLHOFFCB28CC,上石碑段,.71,都市：住,,,,06800000
RPTQMLKLLHOFFCB28CC,上石碑段,.08,都市：住,,,,06920001
RPTQMLKLLHOFFCB28CC,上石碑段,2.50,都市：住,,,,11180000
RPWOMLLLLHOFFCB48CC,大墩段,.00,都市：住,,,,04690000
RPOPMLLLLHOFFCB77CC,大進段,9.25,都市：住,,,,06170000
RPPPMLLLLHOFFCB87CC,大新段,.00,都市：住,,,,06830000
RPQPMLLLLHOFFCB97CC,大新段,.00,都市：住,,,,06830000
RPRPMLLLLHOFFCB08CC,大新段,.00,都市：住,,,,06830000
RPSPMLLLLHOFFCB18CC,三塊厝段,88.00,都市：住,,,,11700001
RPSPMLLLLHOFFCB18CC,三塊厝段,94.00,都市：住,,,,11700002
RPPQMLPKLHOFFCB28CC,大進段,316.00,都市：住,,,,11370000
RPPNMLKLLHOFFCB57CC,大進段,.00,都市：住,,,,03380000
RPTQMLPKLHOFFCB68CC,上石碑段,3.44,都市：商,,,,17900000
RPTQMLPKLHOFFCB68CC,上石碑段,3.07,都市：商,,,,18000007
RPXQMLPKLHOFFCB09CC,上石碑段,10.70,都市：商,,,,20410000
RPVNMLTKLHOFFCB98CC,何厝段,10.66,都市：住,,,,00840000
RPXQMLSKLHOFFCB76CC,福安段,.00,都市：住,,,,08020000
RPXPMLPKLHOFFCB98CC,大墩段,17.76,都市：住,,,,03340000
RPRQMLPKLHOFFCB48CC,中正段,6.24,都市：商,,,,01550000
RPOQMLLLLHOFFCB87CC,中正段,7.04,都市：商,,,,01550000
RPQQMLLLLHOFFCB08CC,中正段,8.57,都市：商,,,,01550000
RPSQMLLLLHOFFCB28CC,中正段,8.57,都市：商,,,,01550000
RPUQMLLLLHOFFCB48CC,中正段,5.31,都市：商,,,,01550000
RPWQMLLLLHOFFCB68CC,上石碑段,3.30,都市：商,,,,17900000
RPWQMLLLLHOFFCB68CC,上石碑段,2.95,都市：商,,,,18000007
RPWNMLLLLHOFFBB28CC,東光段,13.88,都市：住,,,,00850000
RPXQMLLLLHOFFCB78CC,中正段,6.72,都市：商,,,,01550000
RPRNMLLLLHOFFAB67CC,麻園頭段,21.20,都市：住,,,,02910000
RPVOMLLLLHOFFFB68CC,市鎮北段,4.06,都市：商,,,,02380000
RPUNMLLLLHOFFAB97CC,下橋子頭段,.00,都市：住,,,,02360017
RPVNMLLLLHOFFAB08CC,下橋子頭段,49.00,都市：商,,,,01210025
RPVNMLLLLHOFFAB08CC,下橋子頭段,11.00,都市：其他:道路用地,,,,01210139
RPXNMLMLLHOFFDB68CC,一心段,137.96,都市：住,,,,04780000
RPOOMLMLLHOFFDB87CC,一心段,133.19,都市：住,,,,04780001
RPQNMLMLLHOFFHB38CC,四維段,24.31,都市：住,,,,03890000
RPXNMLMLLHOFFAB38CC,後?子段,9.00,都市：住,,,,01960008
RPXNMLMLLHOFFAB38CC,後?子段,46.00,都市：住,,,,01960009
RPXNMLMLLHOFFAB38CC,後?子段,16.00,都市：住,,,,01960010
RPXNMLMLLHOFFAB38CC,後?子段,46.00,都市：住,,,,01810067
RPXNMLMLLHOFFAB38CC,後?子段,20.00,都市：住,,,,01810007
RPXNMLMLLHOFFAB38CC,後?子段,12.00,都市：住,,,,01810038
RPVOMLMLLHOFFBB48DC,長安段,95.00,都市：住,,,,01160000
RPPPMLMLLHOFFAB77CC,公館段,1.31,都市：住,,,,00630001
RPPPMLMLLHOFFAB77CC,公館段,1.51,都市：住,,,,00620001
RPQPMLMLLHOFFAB87CC,公館段,1.26,都市：住,,,,00620001
RPQPMLMLLHOFFAB87CC,公館段,1.09,都市：住,,,,00630001
RPXOMLMLLHOFFCB68CC,惠民段,22.24,都市：其他:第五種新市政中心專用區(新市政中心專用區),,,,01380000
RPUPMLMLLHOFFCB48CC,上石碑段,.00,都市：住,,,,05410000
RPVNMLNLLHOFFCB48CC,惠民段,10.20,都市：其他:新六,,,,01090000
RPUNMLPLLHOFFCB58CC,惠民段,17.45,都市：其他:第五種新市政中心專用區(新市政中心專用區),,,,01390000
RPWNMLPLLHOFFCB78CC,大墩段,.00,非都市： ; 非都市編定：,,,,04630004
RPPOMLMLLHOFFIB48CC,美群段,.00,非都市：鄉村區 ; 非都市編定：乙種建築用地,,,,00390000
RPPRMLLLLHOFFIB68CC,大元段,.00,都市：住,,,,04630000
RPTRMLLLLHOFFIB09CC,中興段,.00,都市：住,,,,00600001
RPOPMLMLLHOFFBB77CC,乾溝子段,.00,都市：住,,,,00930131
RPOPMLMLLHOFFBB77CC,乾溝子段,.00,都市：住,,,,00930247
RPRPMLLLLHOFFBB97CC,賴厝?段,2.67,都市：商,,,,00310003
RPRPMLLLLHOFFBB97CC,邱厝子段,3.33,都市：商,,,,00310062
RPSOMLLLLHOFFBB97CC,乾溝子段,.00,都市：住,,,,01420002
RPUNMLMLLHOFFBB18CC,陳平段,24.08,都市：住,,,,18260004
RPOPMLPLLHOFFBB08CC,松茂段,120.00,都市：住,,,,04610000
RPSPMLLLLHOFFBB08CC,賴厝?段,.21,都市：商,,,,00310003
RPSPMLLLLHOFFBB08CC,邱厝子段,.17,都市：商,,,,00310062
RPROMLLLLHOFFBB87CC,東峰段,.00,都市：住,,,,01310000
RPQNMLPLLHOFFHB68CC,自強段,1402.00,非都市：特定農業區 ; 非都市編定：農牧用地,,,,18030000
RPSNMLPLLHOFFDB48CC,豐原段,.00,都市：商,,,,03190145
RPRNMLPLLHOFFIB88CC,大衛段,7.18,都市：住,,,,02040000
RPRNMLPLLHOFFIB88CC,大衛段,54.17,都市：住,,,,02050000
RPRNMLPLLHOFFIB88CC,大衛段,11.59,都市：住,,,,02060000
RPRNMLPLLHOFFIB88CC,大衛段,49.66,都市：住,,,,02070000
RPSNMLPLLHOFFIB98CC,九德段,20.83,都市：住,,,,01300000
RPVNMLPLLHOFFIB66CC,新長壽段,17.51,都市：住,,,,00920000
RPVNMLPLLHOFFIB66CC,新長壽段,466.06,都市：住,,,,00920016
RPVNMLPLLHOFFIB66CC,新長壽段,64.87,都市：住,,,,00920017
RPSNMLQLLHOFFBB48DC,東信段,46.61,都市：住,,,,01690000
RPQTMLQLLHOFFBB88DC,陳平段,49.00,都市：住,,,,16180001
RPQTMLQLLHOFFBB88DC,陳平段,22.00,都市：住,,,,16170000
RPQOMLQLLHOFFDB58DC,一心段,106.80,都市：住,,,,03650000
RPPNMLQLLHOFFHB78DC,興華段,9.17,都市：住,,,,08140000
RPWNMLQLLHOFFCB88CC,中正段,6.72,都市：住,,,,01550000
RPPPMLQLLHOFFCB38CC,惠國段,16.33,都市：住,,,,01240000
RPRPMLQLLHOFFCB58CC,新富段,30.54,都市：住,,,,00610000
RPRPMLQLLHOFFCB58CC,新富段,16.28,都市：住,,,,00030000
RPQNMLRLLHOFFCB38CC,中義段,96.00,都市：住,,,,01100006
RPOOMLRLLHOFFBB18CC,水源段,124.00,都市：住,,,,00920002
RPOOMLRLLHOFFBB18CC,水源段,21.00,都市：住,,,,01010005
RPOOMLRLLHOFFBB18CC,水源段,16.00,都市：住,,,,01010031
RPPPMLRLLHOFFCB48CC,田心段,191.00,都市：住,,,,08490000
RPXPMLRLLHOFFBB56CC,東正段,216.00,都市：住,,,,01120000
RPUPMLRLLHOFFBB88CC,水源段,78.00,都市：商,,,,02250041
RPTRMLRLLHOFFAB98DC,公館段,1.46,都市：住,,,,00620001
RPTRMLRLLHOFFAB98DC,公館段,1.27,都市：住,,,,00630001
RPPOMLRLLHOFFAB18CC,旱清段,119.00,都市：住,,,,03750007
RPUNMLRLLHOFFIB76CC,南湖段,155.00,都市：住,,,,04890003
RPUNMLRLLHOFFIB76CC,南湖段,155.15,都市：住,,,,04890004
RPQQMLRLLHOFFBB68DC,北屯段,8.32,都市：住,,,,01310002
RPUOMLRLLHOFFIB86CC,天時段,24.32,都市：住,,,,01040000
RPOQMLRLLHOFFBB48DC,賴厝?段,6.43,都市：住,,,,01120072
RPWPMLRLLHOFFBB56DC,賴厝?段,6.32,都市：住,,,,03340000
RPRPMLRLLHOFFIB66CC,益民段,.00,都市：住,,,,13590000
RPVOMLSLLHOFFBB98CC,同榮段,13.58,都市：住,,,,14900003
RPPNMLSLLHOFFDB48CC,豐原段,64.00,都市：商,,,,06360007
RPPNMLSLLHOFFDB48CC,豐原段,3.00,都市：商,,,,06360018
RPXOMLSLLHOFFBB56CC,平田段,27.49,都市：住,,,,01000000
RPXOMLSLLHOFFBB56CC,平田段,5.07,都市：住,,,,01000001
RPSOMLSLLHOFFIB76CC,新榮泉段,636.29,都市：商,,,,00130000
RPQPMLSLLHOFFCB68CC,中義段,.00,都市：住,,,,08500000
RPTOMLTLLHOFFCB98CC,中正段,6.23,都市：商,,,,01550000
RPWNMLSLLHOFFDB56CC,一心段,10.17,都市：住,,,,06740000
RPUNMLTLLHOFFBB88CC,軍福段,187.32,都市：住,,,,01780004
RPUNMLTLLHOFFBB88CC,軍福段,62.44,都市：住,,,,01780008
RPPPMLTLLHOFFCB68CC,中正段,5.27,都市：商,,,,01550000
RPXOMLTLLHOFFCB76CC,中正段,6.24,都市：商,,,,01550000
RPWNMLTLLHOFFBB09CC,太原段,543.47,都市：住,,,,01030000
RPWPMLTLLHOFFBB66CC,賴厝?段,3.34,都市：商,,,,00310003
RPWPMLTLLHOFFBB66CC,邱厝子段,2.68,都市：商,,,,00310062
RPUPMLTLLHOFFBB09CC,太和段,.00,都市：住,,,,00300000
RPOQMLTLLHOFFBB58CC,賴厝?段,3.10,都市：商,,,,00310003
RPOQMLTLLHOFFBB58CC,邱厝子段,2.49,都市：商,,,,00310062
RPVPMLTLLHOFFBB56CC,邱厝子段,2.39,都市：商,,,,00310062
RPVPMLTLLHOFFBB56CC,賴厝?段,2.98,都市：商,,,,00310003
RPXPMLTLLHOFFBB76CC,賴厝?段,.21,都市：商,,,,00310003
RPXPMLTLLHOFFBB76CC,邱厝子段,.17,都市：商,,,,00310062
RPSQMLTLLHOFFBB98CC,東正段,12.64,都市：住,,,,01230000
RPQQMLTLLHOFFBB78CC,中興段,118.00,都市：住,,,,00410000
RPPOMLTLLHOFFIB56CC,新仁段,30.27,都市：住,,,,09960000
RPXPMLTLLHOFFIB47CC,新榮和段,485.12,都市：住,,,,00290000
RPQOMLTLLHOFFBB68DC,邱厝子段,38.91,都市：住,,,,00060014
RPUNMLKMLHOFFBB08CC,松昌段,11.84,都市：住,,,,06050000
RPRNMLPLLHOFFHB78CC,自立段,152.00,都市：農,,,,04190001
RPTNMLPLLHOFFHB98CC,民生段,58.77,都市：住,,,,02270000
RPTNMLPLLHOFFHB98CC,民生段,12.06,都市：住,,,,02280000
RPPPMLTLLHOFFHB56CC,三和段,119.00,都市：住,,,,14640000
RPPPMLTLLHOFFHB56CC,三和段,72.00,都市：住,,,,14640002
RPQNMLQLLHOFFHB78CC,大榮段,101.04,都市：住,,,,06630000
RPSNMLPLLHOFFHB88CC,六雅段,46.28,都市：其他:機關用地,,,,10000000
RPQQMLLJMHOFFBB87CC,東峰段,10.08,都市：商,,,,01580000
RPSQMLLJMHOFFBB08CC,東峰段,11.80,都市：商,,,,01580000
RPPNMLLMLHOFFAB57CC,下橋子頭段,172.00,都市：住,,,,02420041
RPOQMLLJMHOFFAB57CC,樹子腳段,8.48,都市：住,,,,05910000
RPPNMLLMLHOFFAB57CC,下橋子頭段,10.00,都市：住,,,,02360356
RPXPMLLJMHOFFAB38CC,樹子腳段,8.48,都市：住,,,,05910000
RPXPMLTLLHOFFAB66CC,麻園頭段,.00,都市：商,,,,00770031
RPWPMLTLLHOFFAB56CC,大益段,.00,都市：住,,,,04780000
RPQSMLRLLHOFFAB68CC,樹子腳段,.00,都市：住,,,,04410000
RPORMLLJMHOFFBB77CC,東峰段,10.16,都市：商,,,,01580000
RPOOMLMJMHOFFBB57CC,東正段,14.44,都市：住,,,,01040000
RPSNMLMJMHOFFAB77CC,土庫段,2.57,都市：商,,,,00550003
RPSNMLMJMHOFFAB77CC,土庫段,15.38,都市：商,,,,00550030
RPTNMLMJMHOFFAB87CC,土庫段,3.01,都市：商,,,,00550003
RPTNMLMJMHOFFAB87CC,土庫段,18.01,都市：商,,,,00550030
RPXNMLMJMHOFFAB28CC,麻園頭段,13.85,都市：住,,,,01320000
RPOOMLMJMHOFFAB47CC,麻園頭段,17.56,都市：住,,,,01300002
RPUPMLMJMHOFFAB18CC,後?子段,.00,都市：住,,,,02100022
RPVPMLMJMHOFFAB28CC,麻園頭段,12.53,都市：住,,,,01320000
RPRNMLMJMHOFFHB38CC,四德段,99.00,都市：住,,,,03630000
RPXNMLMJMHOFFDB58CC,豐田段,95.72,都市：住,,,,03600000
RPRNMLNJMHOFFDB08CC,三陽段,136.36,都市：住,,,,06230000
RPRNMLNJMHOFFDB08CC,三陽段,132.50,都市：住,,,,06230001
RPQOMLNJMHOFFBB97DC,平田段,81.00,都市：住,,,,04160007
RPTQMLMJMHOFFCB38CC,寶文段,.00,都市：住,,,,00720015
RPXQMLMJMHOFFCB78CC,寶文段,.00,都市：住,,,,00720015
RPQOMLLJMHOFFCB77CC,鑫港尾段,378.78,都市：住,,,,01220000
RPQOMLLJMHOFFCB77CC,鑫港尾段,1010.08,都市：住,,,,01230000
RPQOMLLJMHOFFCB77CC,鑫港尾段,561.89,都市：住,,,,01240000
RPQOMLLJMHOFFCB77CC,鑫港尾段,602.27,都市：住,,,,01270000
RPQOMLLJMHOFFCB77CC,鑫港尾段,786.37,都市：住,,,,01300000
RPQOMLLJMHOFFCB77CC,鑫港尾段,1426.00,都市：住,,,,01310000
RPORMLMJMHOFFCB97CC,寶文段,.00,都市：住,,,,00720015
RPSQMLMJMHOFFCB28CC,寶文段,.00,都市：住,,,,00720015
RPWQMLMJMHOFFCB68CC,寶文段,.00,都市：住,,,,00720015
RPVQMLMJMHOFFCB58CC,寶文段,.00,都市：住,,,,00720015
RPVRMLMJMHOFFCB68CC,惠國段,42.16,都市：其他:第四種新市政中心專用區,,,,01840000
RPWNMLNJMHOFFCB48CC,惠民段,19.54,都市：其他:新市政中心專用區,,,,00110000
RPXNMLNJMHOFFCB58CC,惠民段,18.59,都市：其他:新市政中心專用區,,,,01390000
RPSOMLNJMHOFFCB18CC,民安段,306.48,都市：住,,,,10660000
RPROMLNJMHOFFCB08CC,惠民段,15.48,都市：其他:新市政中心專用區,,,,01390000
RPTOMLNJMHOFFCB28CC,惠民段,12.97,都市：其他:新市政中心專用區,,,,01390000
RPVOMLNJMHOFFCB48CC,福安段,13.45,都市：住,,,,02250000
RPWOMLNJMHOFFCB58CC,惠民段,11.69,都市：其他:新市政中心專用區,,,,01110000
RPOSMLOJMHOFFCB28CC,惠義段,16.67,都市：商,,,,01680000
RPRNMLQJMHOFFCB28CC,上石碑段,22.59,都市：住,,,,18110000
RPSNMLQJMHOFFCB38CC,三塊厝段,16.39,都市：住,,,,07640000
RPSNMLNJMHOFFAB97DC,樹子腳段,11.90,都市：住,,,,06400000
RPSNMLNJMHOFFAB97DC,樹子腳段,9.04,都市：住,,,,06400000
RPVPMLNJMHOFFBB48CC,南興段,1143.56,都市：住,,,,02380000
RPVPMLMJMHOFFBB38CC,同榮段,.00,都市：住,,,,18930000
RPWNMLNJMHOFFAB28CC,後?子段,11.57,都市：住,,,,02250011
RPUOMLNJMHOFFAB18CC,麻園頭段,67.00,都市：商,,,,00730200
RPOOMLNJMHOFFAB57CC,麻園頭段,8.23,都市：住,,,,01320000
RPXSMLNJMHOFFAB88CC,後?子段,.00,都市：住,,,,02480015
RPROMLNJMHOFFAB87CC,後?子段,6.17,都市：住,,,,02480015
RPTNMLOJMHOFFAB08CC,後?子段,4.00,都市：住,,,,02910008
RPTNMLOJMHOFFAB08CC,後?子段,144.00,都市：住,,,,02920011
RPTNMLOJMHOFFAB08CC,後?子段,12.00,都市：住,,,,02920001
RPVNMLSJMHOFFAB68CC,後?子段,36.65,都市：住,,,,02520078
RPPPMLSJMHOFFAB28CC,麻園頭段,16.46,都市：住,,,,01320000
RPVPMLSJMHOFFAB88CC,後?子段,53.09,都市：住,,,,02250018
RPWPMLSJMHOFFAB98CC,頂橋子頭段,10.88,都市：住,,,,01380000
RPXPMLSJMHOFFAB09CC,頂橋子頭段,8.46,都市：住,,,,01380000
RPWPMLSJMHOFFBB09CC,太原段,21.21,都市：住,,,,01000000
RPPNMLSJMHOFFJB09DC,太平段,28.27,都市：住,,,,08010000
RPPNMLTJMHOFFDB48CC,新庄子段,661.00,非都市：一般農業區 ; 非都市編定：農牧用地,,,,06630008
RPVPMLSJMHOFFIB07CC,新榮泉段,28.38,都市：住,,,,01420000
RPTNMLTJMHOFFDB88CC,安康段,132.78,都市：住,,,,00510002
RPUNMLTJMHOFFDB98CC,民富段,67.90,都市：住,,,,11360000
RPXNMLTJMHOFFDB66CC,豐原段,73.00,都市：商,,,,01730000
RPXNMLTJMHOFFDB66CC,豐原段,17.00,都市：商,,,,01730001
RPSPMLTJMHOFFBB78CC,乾溝子段,9.14,都市：住,,,,01700049
RPUPMLTJMHOFFBB98CC,賴厝?段,.29,都市：商,,,,00310003
RPUPMLTJMHOFFBB98CC,邱厝子段,.23,都市：商,,,,00310062
RPTPMLTJMHOFFBB88CC,賴厝?段,.21,都市：商,,,,00310003
RPTPMLTJMHOFFBB88CC,邱厝子段,.17,都市：商,,,,00310062
RPVPMLTJMHOFFBB09CC,賴厝?段,3.26,都市：商,,,,00310003
RPVPMLTJMHOFFBB09CC,邱厝子段,2.62,都市：商,,,,00310062
RPOQMLTJMHOFFBB48CC,賴厝?段,.14,都市：商,,,,00310003
RPOQMLTJMHOFFBB48CC,邱厝子段,.11,都市：商,,,,00310062
RPXPMLTJMHOFFBB66CC,賴厝?段,.14,都市：商,,,,00310003
RPXPMLTJMHOFFBB66CC,邱厝子段,.11,都市：商,,,,00310062
RPWPMLTJMHOFFBB56CC,賴厝?段,4.06,都市：商,,,,00310003
RPWPMLTJMHOFFBB56CC,邱厝子段,3.26,都市：商,,,,00310062
RPQQMLTJMHOFFBB68CC,賴厝?段,2.94,都市：商,,,,00310003
RPQQMLTJMHOFFBB68CC,邱厝子段,2.36,都市：商,,,,00310062
RPRQMLTJMHOFFBB78CC,賴厝?段,.14,都市：商,,,,00310003
RPRQMLTJMHOFFBB78CC,邱厝子段,.11,都市：商,,,,00310062
RPSQMLTJMHOFFBB88CC,賴厝?段,.14,都市：商,,,,00310003
RPSQMLTJMHOFFBB88CC,邱厝子段,.11,都市：商,,,,00310062
RPUQMLSJMHOFFCB09CC,大新段,81.00,都市：住,,,,00640006
RPSQMLSJMHOFFCB88CC,大新段,81.00,都市：住,,,,00640006
RPORMLSJMHOFFCB58CC,上石碑段,116.00,都市：住,,,,20860018
RPWPMLSJMHOFFCB56CC,南屯段,.00,非都市： ; 非都市編定：,,,,06480000
RPXPMLSJMHOFFCB66CC,三塊厝段,.00,非都市： ; 非都市編定：,,,,05990000
RPTQMLTJMHOFFBB98CC,賴厝?段,3.19,都市：商,,,,00310003
RPTQMLTJMHOFFBB98CC,邱厝子段,2.56,都市：商,,,,00310062
RPWNMLSJMHOFFCB98CC,惠泰段,25.68,都市：住,,,,02440000
RPWNMLSJMHOFFCB98CC,惠泰段,138.37,都市：住,,,,02440004
RPTNMLQJMHOFFCB48CC,黎明段,52.00,都市：住,,,,13970000
RPUNMLTJMHOFFCB88CC,中和段,12.32,都市：住,,,,01560000
RPVOMLTJMHOFFAB88CC,後?子段,22.48,都市：住,,,,02350018
RPVOMLTJMHOFFAB88CC,後?子段,16.02,都市：住,,,,02350025
RPVOMLTJMHOFFAB88CC,後?子段,21.49,都市：住,,,,02350000
RPXPMLTJMHOFFCB76CC,惠國段,20.93,都市：其他:新市政中心專用區,,,,01840000
RPORMLTJMHOFFBB58CC,東峰段,11.80,都市：商,,,,01580000
RPXOMLTJMHOFFAB09CC,麻園頭段,28.88,都市：住,,,,00020214
RPWQMLTJMHOFFBB66CC,東峰段,6.84,都市：商,,,,01580000
RPUQMLTJMHOFFBB09CC,賴厝?段,3.25,都市：商,,,,00310003
RPUQMLTJMHOFFBB09CC,邱厝子段,2.69,都市：商,,,,00310062
RPXQMLTJMHOFFBB76CC,東峰段,10.24,都市：商,,,,01580000
RPPPMLKKMHOFFCB77CC,福安段,9.00,都市：住,,,,02250000
RPOTMLKKMHOFFCB08CC,中正段,5.99,都市：商,,,,01550000
RPQPMLKKMHOFFCB87CC,惠民段,18.49,都市：其他:新市政中心專用區,,,,00110000
RPQRMLKKMHOFFCB08CC,大進段,4.99,都市：住,,,,04890000
RPXOMLKKMHOFFBB38CC,錦村段,758.00,都市：住,,,,02130074
RPXNMLKKMHOFFAB18CC,麻園頭段,15.67,都市：住,,,,08250000
RPWOMLKKMHOFFAB18CC,下橋子頭段,.00,非都市： ; 非都市編定：,,,,02310001
RPROMLKKMHOFFAB67CC,後?子段,123.00,都市：住,,,,02750001
RPROMLKKMHOFFIB48CC,新榮和段,485.12,都市：住,,,,00290000
RPPQMLLKMHOFFIB58CC,大忠段,.00,都市：商,,,,00660000
RPTNMLLKMHOFFHB58CC,忠雅段,82.65,都市：住,,,,00110000
RPQNMLLKMHOFFJB48CC,光隆段,1386.24,非都市：工業區 ; 非都市編定：丁種建築用地,,,,01400001
RPUNMLLKMHOFFHB68CC,四維段,36.94,都市：住,,,,02620000
RPVNMLLKMHOFFHB78CC,自強段,75.00,非都市：特定農業區 ; 非都市編定：甲種建築用地,,,,18140011
RPVNMLLKMHOFFHB78CC,自強段,20.00,非都市：特定農業區 ; 非都市編定：甲種建築用地,,,,18140000
RPSNMLLKMHOFFIB68DC,大仁段,245.75,都市：住,,,,02680000
RPSNMLLKMHOFFIB68DC,大仁段,222.37,都市：住,,,,02680001
RPWNMLLKMHOFFAB18CC,麻園頭段,16.67,都市：住,,,,01320000
RPVOMLLKMHOFFAB18CC,後?子段,29.93,都市：住,,,,02020012
RPQRMLLKMHOFFCB18CC,惠國段,11.73,都市：住,,,,01540000
RPWQMLLKMHOFFBB58CC,水源段,.00,都市：住,,,,03320031
RPWQMLLKMHOFFBB58CC,水源段,.00,都市：商,,,,03480000
RPWNMLLKMHOFFBB28CC,仁美段,30.85,都市：住,,,,17130000
RPOSMLLKMHOFFCB08CC,惠民段,18.49,都市：其他:新市政中心專用區,,,,00110000
RPWRMLLKMHOFFCB78CC,大新段,29.59,都市：住,,,,08630000
RPURMLLKMHOFFCB58CC,惠民段,12.57,都市：其他:新市政中心專用區,,,,00110000
RPXRMLLKMHOFFCB88CC,惠民段,17.14,都市：其他:新市政中心專用區,,,,01110000
RPRRMLLKMHOFFCB28CC,惠民段,19.54,都市：其他:新市政中心專用區,,,,00110000
RPUTMLLKMHOFFCB78CC,寶文段,.00,都市：住,,,,00720015
RPQTMLLKMHOFFCB38CC,安和段,2467.13,都市：工,,,,01030000
RPPSMLLKMHOFFCB18CC,惠民段,17.78,都市：其他:新市政中心專用區,,,,01430001
RPSPMLMKMHOFFCB28CC,西屯段,.00,都市：住,,,,15200002
RPQPMLMKMHOFFCB08CC,上石碑段,.19,都市：商,,,,26710016
RPQPMLMKMHOFFCB08CC,上石碑段,.00,都市：商,,,,26730001
RPQPMLMKMHOFFCB08CC,上石碑段,3.32,都市：商,,,,26780000
RPQPMLMKMHOFFCB08CC,上石碑段,.61,都市：商,,,,26790002
RPQPMLMKMHOFFCB08CC,上石碑段,13.73,都市：商,,,,26800000
RPQPMLMKMHOFFCB08CC,上石碑段,.23,都市：商,,,,26930001
RPVPMLMKMHOFFBB48CC,邱厝子段,28.50,都市：住,,,,00170007
RPSQMLTJMHOFFCB98CC,中正段,5.63,都市：商,,,,01550000
RPXOMLKKMHOFFCB48CC,惠國段,21.58,都市：其他:新市政中心專區,,,,00770000
RPTNMLKKMHOFFCB97CC,寶文段,109.70,都市：住,,,,00720026
RPPOMLMKMHOFFBB87DC,乾溝子段,12.36,都市：住,,,,01670099
RPPOMLMKMHOFFBB87DC,乾溝子段,40.22,都市：住,,,,01670098
RPPOMLMKMHOFFBB87DC,乾溝子段,11.13,都市：住,,,,01670003
RPRQMLTJMHOFFCB88CC,惠民段,12.67,都市：其他:新市政中心專用區,,,,00110000
RPQOMLMKMHOFFBB97DC,乾溝子段,12.00,都市：住,,,,01270002
RPOQMLTJMHOFFCB58CC,惠民段,11.96,都市：其他:新市政中心專用區,,,,00110000
RPUNMLMKMHOFFBB18CC,崇德段,.00,都市：住,,,,00430002
RPWPMLMKMHOFFBB68DC,東光段,16.81,都市：商,,,,01930000
RPRNMLMKMHOFFIB58CC,新榮和段,485.12,都市：住,,,,00290000
RPXNMLPKMHOFFIB86CC,中興段,.00,都市：住,,,,00600001
RPTNMLPKMHOFFBB38CC,邱厝子段,16.54,都市：住,,,,00200000
RPPOMLPKMHOFFKB98CC,新東段,95.12,非都市：一般農業區 ; 非都市編定：丙種建築用地,,,,10960000
RPTNMLPKMHOFFBB38CC,邱厝子段,2.37,都市：住,,,,00210074
RPTNMLPKMHOFFBB38CC,邱厝子段,.30,都市：住,,,,00210339
RPTNMLPKMHOFFBB38CC,邱厝子段,.29,都市：住,,,,00210362
RPTNMLPKMHOFFBB38CC,邱厝子段,.27,都市：住,,,,00210365
RPQNMLPKMHOFFKB98CC,永順段,101.28,非都市：鄉村區 ; 非都市編定：乙種建築用地,,,,08480000
RPUNMLPKMHOFFCB58CC,福和段,13.91,都市：住,,,,03280000
RPQOMLPKMHOFFCB28CC,寶文段,.00,都市：住,,,,00720015
RPWNMLPKMHOFFCB78CC,順和段,6.89,都市：住,,,,00970000
RPWNMLPKMHOFFCB78CC,順和段,6.88,都市：住,,,,00980000
RPROMLPKMHOFFKB56CC,新東段,95.12,非都市：一般農業區 ; 非都市編定：丙種建築用地,,,,10960000
RPVOMLPKMHOFFCB78CC,寶文段,.00,都市：住,,,,00720015
RPWOMLPKMHOFFCB88CC,寶文段,.00,都市：住,,,,00720015
RPXOMLPKMHOFFCB98CC,寶文段,.00,都市：住,,,,00720015
RPXPMLQKMHOFFCB56CC,大墩段,18.87,都市：住,,,,03340000
RPOQMLPKMHOFFIB88CC,新仁段,187.00,都市：住,,,,07110000
RPWOMLPKMHOFFIB86CC,東湖段,.00,都市：商,,,,08870000
RPROMLPKMHOFFCB38CC,中正段,.00,都市：住,,,,00290000
RPVPMLQKMHOFFBB88CC,東峰段,5.92,都市：商,,,,01580000
RPPQMLQKMHOFFCB48CC,中正段,9.74,都市：商,,,,01550000
RPVNMLQKMHOFFAB58CC,麻園頭段,12.36,都市：住,,,,01320000
RPWNMLQKMHOFFAB68CC,麻園頭段,15.71,都市：住,,,,01810000
RPOQMLQKMHOFFCB38CC,廣順段,115.20,都市：農,,,,04550215
RPOQMLQKMHOFFCB38CC,廣順段,8.56,都市：農,,,,04550164
RPOQMLQKMHOFFCB38CC,廣順段,12.43,都市：農,,,,04550266
RPOQMLQKMHOFFCB38CC,廣順段,12.40,都市：農,,,,04550267
RPOQMLQKMHOFFCB38CC,廣順段,5.83,都市：農,,,,04550268
RPQPMLQKMHOFFBB48DC,水源段,430.00,都市：商,,,,02740008
RPQPMLQKMHOFFBB48DC,水源段,66.00,都市：住,,,,02740021
RPQPMLQKMHOFFBB48DC,水源段,1.00,都市：商,,,,02750005
RPQPMLQKMHOFFBB48DC,水源段,23.00,都市：住,,,,02750016
RPQPMLQKMHOFFBB48DC,水源段,14.00,都市：住,,,,02740054
RPQPMLQKMHOFFBB48DC,水源段,24.00,都市：商,,,,02740052
RPXPMLQKMHOFFBB09CC,東峰段,5.84,都市：商,,,,01580000
RPWPMLQKMHOFFBB98CC,東峰段,11.13,都市：商,,,,01580000
RPROMLQKMHOFFIB09CC,新榮泉段,9.45,都市：住,,,,01600000
RPQNMLQKMHOFFHB78CC,民生段,13.41,都市：住,,,,09870000
RPWNMLQKMHOFFDB98CC,豐原段,10.87,都市：商,,,,00250003
RPWNMLRKMHOFFAB78CC,麻園頭段,.00,都市：住,,,,00110014
RPWNMLSKMHOFFBB98CC,水源段,.00,都市：住,,,,02220003
RPWNMLSKMHOFFBB98CC,水源段,.00,都市：住,,,,02220006
RPXPMLSKMHOFFBB66CC,太原段,13.14,都市：住,,,,01000000
RPVNMLQKMHOFFHB76DC,潭富段,849.70,都市：工,,,,00500000
RPRPMLSKMHOFFIB76CC,新站南段,.00,都市：商,,,,00230000
RPXQMLSKMHOFFBB76CC,陳平段,20.94,都市：住,,,,16140007
RPXQMLSKMHOFFBB76CC,陳平段,54.00,都市：住,,,,16140035
RPSOMLSKMHOFFJB86CC,新興段,.00,都市：住,,,,00660000
RPPNMLTKMHOFFIB09CC,大孝段,.00,都市：住,,,,01910004
RPRNMLTKMHOFFIB76DC,湖日段,61.30,都市：住,,,,07380000
RPSPMLTKMHOFFBB88CC,賴厝?段,3.16,都市：商,,,,00310003
RPSPMLTKMHOFFBB88CC,邱厝子段,2.53,都市：商,,,,00310062
RPWPMLTKMHOFFBB66CC,東峰段,9.66,都市：商,,,,01580000
RPVPMLTKMHOFFBB56CC,東峰段,9.74,都市：商,,,,01580000
RPUOMLSKMHOFFAB78CC,旱溪段,52.21,都市：住,,,,02730001
RPQQMLQKMHOFFCB58CC,中正段,5.99,都市：商,,,,01550000
RPSOMLRKMHOFFCB68CC,惠民段,.00,都市：其他:第六種新市政中心專用區,,,,00040000
RPXOMLRKMHOFFCB56CC,民安段,162.18,都市：住,,,,06660000
RPXOMLRKMHOFFCB56CC,民安段,60.30,都市：住,,,,06670000
RPRNMLSKMHOFFCB58CC,寶文段,.00,都市：住,,,,00720015
RPSNMLSKMHOFFCB68CC,寶文段,.00,都市：住,,,,00720015
RPQNMLSKMHOFFCB48CC,寶文段,.00,都市：住,,,,00720015
RPQOMLKLMHOFFBB77CC,北屯段,92.00,都市：住,,,,00340041
RPPOMLKLMHOFFBB67CC,北屯段,56.30,都市：住,,,,00260000
RPORMLTKMHOFFCB78CC,三塊厝段,3.72,都市：住,,,,09940000
RPWQMLTKMHOFFCB86CC,中正段,6.24,都市：商,,,,01550000
RPVQMLTKMHOFFCB76CC,中正段,7.20,都市：商,,,,01550000
RPTNMLLLMHOFFCB18CC,保安段,8.75,非都市： ; 非都市編定：,,,,10760000
RPPNMLMLMHOFFFB18CC,六福段,810.25,都市：其他:保護區,,,,00060000
RPPOMLMLMHOFFBB97DC,東義段,563.00,都市：商,,,,01100000
RPWNMLMLMHOFFCB58CC,豐功段,26.46,都市：住,,,,00010013
RPWNMLMLMHOFFCB58CC,豐功段,89.18,都市：住,,,,00010018
RPPNMLLLMHOFFIB38CC,德芳段,.00,都市：住,,,,05240000
RPVNMLMLMHOFFCB48CC,豐業段,350.94,都市：其他:空白,,,,01040000
RPVNMLMLMHOFFCB48CC,豐業段,176.57,都市：其他:空白,,,,01040001
RPTNMLMLMHOFFAB08CC,土庫段,71.00,都市：住,,,,00570098
RPOPMLMLMHOFFAB77CC,土庫段,.00,非都市： ; 非都市編定：,,,,00120000
RPXPMLMLMHOFFAB68CC,下橋子頭段,70.00,都市：住,,,,02660578
RPQOMLNLMHOFFAB97CC,後?子段,8.34,都市：住,,,,02250011
RPQNMLMLMHOFFCB08DC,中仁段,510.00,都市：商,,,,00890000
RPXOMLMLMHOFFIB76CC,德芳段,.00,都市：住,,,,05240000
RPSOMLNLMHOFFAB18CC,麻園頭段,41.39,都市：商,,,,08250000
RPUOMLNLMHOFFAB38CC,後?子段,3.50,都市：住,,,,02100010
RPTOMLNLMHOFFAB28CC,麻園頭段,18.46,都市：商,,,,08250000
RPVNMLNLMHOFFBB48CC,北屯段,19.45,都市：住,,,,01330018
RPVNMLNLMHOFFBB48CC,北屯段,.33,都市：住,,,,01330056
RPVNMLNLMHOFFBB48CC,北屯段,7.04,都市：住,,,,01330057
RPVNMLNLMHOFFBB48CC,北屯段,2.80,都市：住,,,,01330090
RPVOMLNLMHOFFCB68CC,三塊厝段,6.46,都市：住,,,,08830000
RPSQMLNLMHOFFBB48CC,中清段,.00,都市：商,,,,02950000
RPWOMLNLMHOFFCB78CC,下石碑段,48.99,都市：住,,,,23260000
RPROMLTKMHOFFCB78CC,何安段,.00,都市：住,,,,03710000
RPPQMLNLMHOFFCB28CC,惠民段,12.57,都市：其他:新市政中心專用區,,,,00110000
RPUOMLTKMHOFFCB09CC,寶文段,.00,都市：住,,,,00720015
RPUQMLNLMHOFFCB78CC,惠民段,17.67,都市：其他:新市政中心專用區,,,,01430001
RPSQMLNLMHOFFCB58CC,惠民段,11.59,都市：其他:新市政中心專用區,,,,00110000
RPVPMLNLMHOFFCB78CC,惠民段,12.48,都市：其他:新市政中心專用區,,,,00110000
RPSOMLTKMHOFFCB88CC,寶文段,.00,都市：住,,,,00720015
RPTOMLTKMHOFFCB98CC,寶文段,.00,都市：住,,,,00720015
RPRPMLNLMHOFFBB38DC,邱厝子段,74.00,都市：住,,,,00590013
RPSNMLOLMHOFFDB58DC,育仁段,100.32,都市：住,,,,00970000
RPROMLNLMHOFFHB78CC,四德段,76.00,都市：住,,,,01410019
RPPQMLOLMHOFFBB28CC,平田段,26.81,都市：住,,,,01370000
RPVPMLOLMHOFFAB68CC,麻園頭段,19.86,都市：住,,,,02910000
RPWPMLOLMHOFFBB88CC,錦村段,.00,都市：住,,,,00210000
RPRSMLOLMHOFFCB78CC,豐功段,.00,都市：住,,,,00150000
RPWPMLOLMHOFFAB78CC,旱溪段,1810.00,都市：商,,,,02750086
RPOOMLPLMHOFFBB08CC,太順段,20.22,都市：住,,,,00480000
RPUOMLPLMHOFFCB78CC,永新段,1518.52,都市：住,,,,00460000
RPTOMLPLMHOFFAB48CC,土庫段,.00,都市：住,,,,00570525
RPTOMLPLMHOFFAB48CC,土庫段,.00,都市：商,,,,02370000
RPUOMLPLMHOFFAB58CC,麻園頭段,.00,都市：商,,,,01840001
RPRRMLOLMHOFFAB48CC,復興段六小段,549.00,都市：住,,,,00250000
RPWOMLPLMHOFFCB98CC,上石碑段,.00,都市：住,,,,18060000
RPRPMLPLMHOFFCB58CC,黎明段,.00,都市：住,,,,01210000
RPQPMLQLMHOFFCB58CC,惠智段,23.63,都市：住,,,,01330001
RPPOMLQLMHOFFKB56CC,東園段,63.41,非都市：鄉村區 ; 非都市編定：乙種建築用地,,,,03690000
RPPOMLPLMHOFFHB78CC,中山段,.00,都市：商,,,,05010000
RPOOMLQLMHOFFAB08CC,公館段,65.07,都市：住,,,,01580076
RPOOMLQLMHOFFAB08CC,公館段,38.48,都市：住,,,,01580119
RPOOMLQLMHOFFAB08CC,公館段,42.61,都市：住,,,,01580120
RPXNMLRLMHOFFAB98CC,下橋子頭段,.00,都市：住,,,,00950003
RPXNMLRLMHOFFAB98CC,下橋子頭段,.00,都市：商,,,,00950004
RPWOMLRLMHOFFCB56CC,豐業段,.00,都市：住,,,,02020000
RPPNMLRLMHOFFFB78DC,銀聯段,114.00,都市：住,,,,18630004
RPRQMLQLMHOFFBB68CC,水源段,.71,都市：住,,,,02450237
RPRQMLQLMHOFFBB68CC,水源段,86.00,都市：住,,,,02450247
RPVOMLQLMHOFFBB88CC,松茂段,69.00,都市：住,,,,11190022
RPVNMLSLMHOFFBB98CC,東峰段,.00,都市：住,,,,02650000
RPSPMLTLMHOFFBB98CC,東峰段,6.42,都市：商,,,,01580000
RPQPMLTLMHOFFBB78CC,賴厝?段,.14,都市：商,,,,00310003
RPQPMLTLMHOFFBB78CC,邱厝子段,.11,都市：商,,,,00310062
RPRPMLTLMHOFFBB88CC,賴厝?段,.14,都市：商,,,,00310003
RPRPMLTLMHOFFBB88CC,邱厝子段,.11,都市：商,,,,00310062
RPTPMLTLMHOFFBB09CC,東峰段,9.15,都市：商,,,,01580000
RPUPMLTLMHOFFBB56CC,東峰段,10.29,都市：商,,,,01580000
RPUPMLTLMHOFFCB66CC,中和段,108.00,都市：住,,,,02900007
RPVNMLTLMHOFFFB86CC,武秀段,741.00,都市：住,,,,08750001
RPXNMLKMMHOFFFB88CC,護安段,2.11,都市：住,,,,13080000
RPSOMLKMMHOFFJB88CC,壽平段,39.00,都市：其他:廣場兼停車場用地,,,,10760000
RPQRMLNLMHOFFCB48CC,寶文段,.00,都市：住,,,,00720015
RPPRMLNLMHOFFCB38CC,寶文段,.00,都市：住,,,,00720015
RPQSMLOLMHOFFCB68CC,豐功段,.00,都市：住,,,,00150000
RPVQMLNLMHOFFCB88CC,惠民段,17.33,都市：其他:新市政中心專用區,,,,01430001
RPOPMLOLMHOFFCB18CC,惠民段,12.67,都市：其他:新市政中心專用區,,,,00110000
RPORMLNLMHOFFCB28CC,寶文段,.00,都市：住,,,,00720015
RPOOMLKMMHOFFCB77CC,惠民段,.00,都市：其他:新八,,,,01430001
RPUOMLLJNHOFFBB18CC,東峰段,9.49,都市：商,,,,01580000
RPXOMLLJNHOFFBB48CC,邱厝子段,32.14,都市：住,,,,00160018
RPPPMLKMMHOFFIB58CC,新榮泉段,38.61,都市：住,,,,01650000
RPOPMLLJNHOFFBB67CC,賴厝?段,3.16,都市：住,,,,00310003
RPOPMLLJNHOFFBB67CC,邱厝子段,2.53,都市：住,,,,00310062
RPRNMLLJNHOFFIB48CC,光日段,406.95,都市：商,,,,05570000
RPQPMLLJNHOFFBB87CC,賴厝?段,3.33,都市：商,,,,00310003
RPQPMLLJNHOFFBB87CC,邱厝子段,2.68,都市：商,,,,00310062
RPXPMLMJNHOFFFB09CC,東晉段,1.85,都市：住,,,,06790000
RPXPMLMJNHOFFFB09CC,東晉段,6.20,都市：住,,,,06760000
RPXPMLMJNHOFFFB09CC,東晉段,3.35,都市：住,,,,06800000
RPPQMLMJNHOFFFB38CC,東晉段,1.85,都市：住,,,,06790000
RPPQMLMJNHOFFFB38CC,東晉段,6.20,都市：住,,,,06760000
RPPQMLMJNHOFFFB38CC,東晉段,3.35,都市：住,,,,06800000
RPRQMLMJNHOFFFB58CC,東晉段,1.85,都市：住,,,,06790000
RPRQMLMJNHOFFFB58CC,東晉段,6.20,都市：住,,,,06760000
RPRQMLMJNHOFFFB58CC,東晉段,3.35,都市：住,,,,06800000
RPOPMLMJNHOFFCB97DC,保安段,89.26,都市：商,,,,10660000
RPWNMLTLMHOFFAB09CC,立德段四小段,.00,都市：商,,,,00100009
RPWNMLTLMHOFFAB09CC,花園段四小段,.00,都市：商,,,,00060019
RPXNMLKMMHOFFAB38CC,下橋子頭段,5.18,都市：商,,,,02170014
RPPPMLTLMHOFFAB58CC,樹子腳段,.00,都市：住,,,,17190000
RPPQMLMJNHOFFAB87CC,信義段九小段,6.14,都市：住,,,,00060004
RPPQMLMJNHOFFAB87CC,信義段九小段,12.83,都市：住,,,,00060031
RPWNMLKMMHOFFAB28CC,大益段,6.47,都市：住,,,,03160000
RPOOMLRLMHOFFAB18CC,土庫段,.00,都市：住,,,,00320008
RPWNMLMJNHOFFCB48CC,黎明段,52.00,都市：住,,,,14920000
RPSOMLMJNHOFFCB18CC,西屯段,100.00,都市：住,,,,15480019
RPWQMLMJNHOFFCB78CC,惠民段,21.80,都市：其他:第五種新市政中心專用區(新市政中心專用區),,,,01380000
RPTRMLMJNHOFFCB58CC,西屯段,2.02,都市：住,,,,31240024
RPTRMLMJNHOFFCB58CC,西屯段,3.39,都市：住,,,,31240023
RPTRMLMJNHOFFCB58CC,西屯段,1.68,都市：住,,,,31240008
RPTRMLMJNHOFFCB58CC,西屯段,10.20,都市：住,,,,31240009
RPWRMLMJNHOFFCB88CC,保安段,.00,都市：商,,,,09730005
RPWRMLMJNHOFFCB88CC,保安段,.00,都市：住,,,,09940003
RPRRMLMJNHOFFCB38CC,中正段,8.70,都市：住,,,,01140000
RPWPMLMJNHOFFCB68CC,惠民段,15.07,都市：其他:第五種新市政中心專用區(新市政中心專用區),,,,01390000
RPSNMLNJNHOFFCB18CC,寶文段,.00,都市：工,,,,06830014
RPVPMLNJNHOFFAB48CC,麻園頭段,12.72,都市：商,,,,00390000
RPRNMLNJNHOFFIB78DC,新仁段,72.00,都市：住,,,,08070020
RPPOMLMJNHOFFBB77CC,松茂段,39.02,都市：住,,,,09610000
RPUQMLMJNHOFFBB48CC,陳平段,16.38,都市：住,,,,15140000
RPPPMLNJNHOFFBB97CC,東光段,18.41,都市：住,,,,02690000
RPPQMLMJNHOFFBB97CC,東正段,20.67,都市：住,,,,00510000
RPPOMLQJNHOFFBB18CC,東峰段,9.18,都市：住,,,,00040000
RPQNMLPJNHOFFAB97CC,頂橋子頭段,14.51,都市：住,,,,03680008
RPQNMLPJNHOFFAB97CC,頂橋子頭段,.01,都市：住,,,,03680000
RPQNMLPJNHOFFAB97CC,萬安段九小段,.00,都市：住,,,,00080011
RPQNMLPJNHOFFAB97CC,信義段九小段,.00,都市：住,,,,00090004
RPSRMLNJNHOFFCB58CC,中正段,5.27,都市：商,,,,01550000
RPRNMLOJNHOFFCB18CC,黎明段,52.00,都市：住,,,,19360000
RPXQMLNJNHOFFCB98CC,惠順段,24.35,都市：住,,,,00580000
RPRNMLOJNHOFFCB18CC,黎明段,52.00,都市：住,,,,19350000
RPRRMLNJNHOFFCB48CC,大進段,14.99,都市：住,,,,02760001
RPWNMLPJNHOFFCB78CC,寶文段,.00,都市：住,,,,00720015
RPTRMLNJNHOFFCB68CC,中正段,6.72,都市：商,,,,01550000
RPTOMLQJNHOFFCB68CC,寶文段,.00,都市：住,,,,00720015
RPUOMLQJNHOFFCB78CC,寶文段,.00,都市：住,,,,00720015
RPXQMLQJNHOFFCB66CC,惠義段,.00,都市：住,,,,01170000
RPORMLQJNHOFFCB48CC,中正段,.00,非都市： ; 非都市編定：,,,,01550000
RPVNMLQJNHOFFIB76CC,大峰段,.00,都市：住,,,,07200000
RPQRMLQJNHOFFCB68CC,上石碑段,.00,非都市： ; 非都市編定：,,,,26800000
RPUNMLQJNHOFFIB66CC,益民段,.00,都市：住,,,,02450000
RPSOMLQJNHOFFJB66CC,育賢段,.00,非都市： ; 非都市編定：,,,,00590004
RPWNMLRJNHOFFDB09CC,三和段,952.69,都市：住,,,,00900000
RPSNMLRJNHOFFHB09CC,上楓段,11.53,都市：住,,,,13430000
RPXNMLRJNHOFFCB09CC,中義段,28.44,都市：住,,,,09680002
RPSNMLSJNHOFFBB58CC,水源段,.00,非都市： ; 非都市編定：,,,,02880027
RPWNMLRJNHOFFBB98DC,松昌段,15.34,都市：住,,,,00020000
RPOQMLRJNHOFFCB48CC,民安段,.00,都市：住,,,,07190000
RPUPMLRJNHOFFAB78CC,後?子段,.00,都市：住,,,,03630000
RPPNMLSJNHOFFDB48CC,鐮村段,81.75,非都市：鄉村區 ; 非都市編定：乙種建築用地,,,,09100010
RPOOMLSJNHOFFDB48CC,神圳段,1295.82,非都市：特定農業區 ; 非都市編定：農牧用地,,,,01690000
RPSNMLSJNHOFFCB68CC,黎明段,19.38,都市：其他:空白,,,,01060000
RPRNMLSJNHOFFHB09CC,家興段,10.62,都市：住,,,,05620000
RPUNMLSJNHOFFHB76CC,栗林段,59.58,都市：住,,,,08000000
RPVPMLRJNHOFFAB88CC,樹子腳段,.00,都市：住,,,,10140000
RPVPMLRJNHOFFAB88CC,樹子腳段,.00,都市：其他:道路用地,,,,10140005
RPXNMLSJNHOFFCB56CC,惠信段,32.69,都市：住,,,,00490000
RPROMLSJNHOFFAB48CC,公館段,5.13,都市：商,,,,01580119
RPROMLSJNHOFFAB48CC,公館段,5.68,都市：商,,,,01580120
RPVNMLSJNHOFFHB86CC,上楓段,168.00,都市：住,,,,11520000
RPWNMLSJNHOFFHB96CC,上楓段,268.00,都市：住,,,,11530000
RPOOMLSJNHOFFHB88CC,嘉豐段,1912.84,都市：農,,,,03750000
RPQNMLTJNHOFFJB66CC,永隆段,172.24,非都市：鄉村區 ; 非都市編定：乙種建築用地,,,,10660000
RPSPMLTJNHOFFAB88DC,公館段,2.17,都市：住,,,,00630001
RPSPMLTJNHOFFAB88DC,公館段,2.51,都市：住,,,,00620001
RPXNMLTJNHOFFIB37DC,崇光段,127.38,都市：住,,,,00370000
RPPNMLTJNHOFFJB66DC,育賢段,67.12,都市：住,,,,01310011
RPRNMLTJNHOFFJB86DC,宜欣段,6.49,都市：住,,,,21440000
RPSNMLTJNHOFFJB96DC,宜欣段,5.02,都市：住,,,,21440000
RPTNMLTJNHOFFBB88DC,松竹段,5.96,都市：住,,,,11850000
RPVNMLTJNHOFFBB09DC,東光段,2.75,都市：住,,,,01950001
RPQNMLTJNHOFFBB58DC,青萍段,402.60,都市：住,,,,05960000
RPUNMLTJNHOFFBB98DC,賴厝?段,6.43,都市：住,,,,01120072
RPSNMLTJNHOFFAB78EC,旱清段,28.32,都市：住,,,,01100012
RPTNMLTJNHOFFAB88EC,旱清段,24.62,都市：住,,,,01100012
RPPOMLTJNHOFFAB58EC,旱清段,28.32,都市：住,,,,01100012
RPOOMLTJNHOFFCB48CC,龍富段,244.75,都市：住,,,,00680000
RPUSMLTJNHOFFCB86CC,惠安段,23.06,都市：商,,,,02450000
RPPQMLKKNHOFFCB97CC,國安段,125.00,都市：住,,,,05930273
RPXRMLKKNHOFFCB88CC,廣明段,29.78,都市：住,,,,06660000
RPTSMLTJNHOFFCB76CC,惠順段,12.28,都市：住,,,,00170000
RPTTMLKKNHOFFCB68CC,文山段,4790.00,都市：工,,,,02130000
RPVTMLKKNHOFFCB88CC,中正段,6.28,都市：商,,,,01550000
RPOOMLKKNHOFFBB57CC,東義段,112.00,都市：住,,,,03490002
RPROMLKKNHOFFBB87CC,陳平段,6.00,都市：其他:空白,,,,11600000
RPWTMLKKNHOFFCB98CC,中正段,6.48,都市：商,,,,01550000
RPQRMLKKNHOFFBB08CC,賴厝?段,.29,都市：商,,,,00310003
RPQRMLKKNHOFFBB08CC,邱厝子段,.23,都市：商,,,,00310062
RPORMLKKNHOFFBB87CC,賴厝?段,2.97,都市：商,,,,00310003
RPORMLKKNHOFFBB87CC,邱厝子段,2.39,都市：商,,,,00310062
RPPRMLKKNHOFFBB97CC,賴厝?段,.14,都市：商,,,,00310003
RPPRMLKKNHOFFBB97CC,邱厝子段,.11,都市：商,,,,00310062
RPTNMLKKNHOFFAB87CC,下橋子頭段,1.83,都市：商,,,,02170014
RPSRMLKKNHOFFBB28CC,賴厝?段,2.97,都市：商,,,,00310003
RPSRMLKKNHOFFBB28CC,邱厝子段,2.39,都市：商,,,,00310062
RPRRMLKKNHOFFBB18CC,賴厝?段,2.94,都市：商,,,,00310003
RPPNMLKKNHOFFIB28CC,新榮泉段,29.40,都市：住,,,,01460000
RPRRMLKKNHOFFBB18CC,邱厝子段,2.36,都市：商,,,,00310062
RPSOMLKKNHOFFHB58CC,摘星段,115.37,都市：住,,,,11380000
RPUQMLMJNHOFFFB88CC,東晉段,1.83,都市：住,,,,06790000
RPUQMLMJNHOFFFB88CC,東晉段,6.14,都市：住,,,,06760000
RPUQMLMJNHOFFFB88CC,東晉段,.41,都市：住,,,,06800000
RPRNMLSJNHOFFFB88CC,市鎮北段,4730.98,都市：商,,,,00420000
RPPPMLTJNHOFFAB68EC,旱清段,17.23,都市：住,,,,01100012
RPOPMLTJNHOFFAB58EC,旱清段,17.23,都市：住,,,,01100012
