﻿鄉鎮市區,交易標的,土地位置建物門牌,土地移轉總面積平方公尺,都市土地使用分區,非都市土地使用分區,非都市土地使用編定,交易年月日,交易筆棟數,移轉層次,總樓層數,建物型態,主要用途,主要建材,建築完成年月,建物移轉總面積平方公尺,建物現況格局-房,建物現況格局-廳,建物現況格局-衛,建物現況格局-隔間,有無管理組織,總價元,單價元平方公尺,車位類別,車位移轉總面積平方公尺,車位總價元,備註,編號
The villages and towns urban district,transaction sign,land sector position building sector house number plate,land shifting total area square meter,the use zoning or compiles and checks,the non-metropolis land use district,non-metropolis land use,transaction year month and day,transaction pen number,shifting level,total floor number,building state,main use,main building materials,construction to complete the years,building shifting total area,Building present situation pattern - room,building present situation pattern - hall,building present situation pattern - health,building present situation pattern - compartmented,Whether there is manages the organization,total price NTD,the unit price (NTD / square meter),the berth category,berth shifting total area square meter,the berth total price NTD,the note,serial number
七堵區,房地(土地+建物)+車位,基隆市七堵區A1棟三樓,28.28,住,,,1071104,土地1建物1車位1,三層,15,住宅大樓(11層含以上有電梯),住家用,鋼筋混凝土造,,125.06,3,2,2,有,無,12310000,115158,坡道平面,33.36,1750000,,RPOOMLRLLHOFFCC28CB
七堵區,房地(土地+建物)+車位,基隆市七堵區A1棟六樓,28.28,住,,,1071010,土地1建物1車位1,六層,15,住宅大樓(11層含以上有電梯),住家用,鋼筋混凝土造,,125.06,3,2,2,有,無,13500000,127554,坡道平面,32.55,1700000,,RPPOMLRLLHOFFCC38CB
七堵區,房地(土地+建物)+車位,基隆市七堵區A1棟七樓,28.28,住,,,1071005,土地1建物1車位1,八層,15,住宅大樓(11層含以上有電梯),住家用,鋼筋混凝土造,,125.06,3,2,2,有,無,12650000,118866,坡道平面,33.36,1750000,,RPQOMLRLLHOFFCC48CB
七堵區,房地(土地+建物)+車位,基隆市七堵區A1棟八樓,28.28,住,,,1071014,土地1建物1車位1,八層,15,住宅大樓(11層含以上有電梯),住家用,鋼筋混凝土造,,125.06,3,2,2,有,無,12490000,116636,坡道平面,32.55,1700000,,RPROMLRLLHOFFCC58CB
七堵區,房地(土地+建物)+車位,基隆市七堵區A1棟九樓,28.28,住,,,1070803,土地1建物1車位1,九層,15,住宅大樓(11層含以上有電梯),住家用,鋼筋混凝土造,,125.06,3,2,2,有,無,12430000,117012,坡道平面,33.36,1700000,,RPSOMLRLLHOFFCC68CB
七堵區,房地(土地+建物)+車位,基隆市七堵區A1棟十一樓,28.28,住,,,1070705,土地1建物1車位1,十一層,15,住宅大樓(11層含以上有電梯),住家用,鋼筋混凝土造,,125.06,3,2,2,有,無,12490000,117666,坡道平面,33.36,1700000,,RPTOMLRLLHOFFCC78CB
七堵區,房地(土地+建物)+車位,基隆市七堵區A1棟十二樓,28.28,住,,,1071022,土地1建物1車位1,十二層,15,住宅大樓(11層含以上有電梯),住家用,鋼筋混凝土造,,125.06,3,2,2,有,無,12790000,119302,坡道平面,33.36,1850000,,RPUOMLRLLHOFFCC88CB
七堵區,房地(土地+建物)+車位,基隆市七堵區A2棟六樓,33.64,住,,,1070824,土地1建物1車位1,六層,15,住宅大樓(11層含以上有電梯),住家用,鋼筋混凝土造,,150.26,4,2,2,有,無,14380000,108896,坡道平面,33.36,1650000,,RPXOMLRLLHOFFCC56CB
七堵區,房地(土地+建物)+車位,基隆市七堵區A2棟七樓,33.94,住,,,1070630,土地1建物1車位2,七層,15,住宅大樓(11層含以上有電梯),住家用,鋼筋混凝土造,,150.26,4,2,2,有,無,16080000,151784,坡道平面,66.72,3400000,,RPOPMLRLLHOFFCC38CB
七堵區,房地(土地+建物)+車位,基隆市七堵區A2棟九樓,33.64,住,,,1070714,土地1建物1車位1,九層,15,住宅大樓(11層含以上有電梯),住家用,鋼筋混凝土造,,150.26,4,2,2,有,無,14800000,111634,坡道平面,33.36,1750000,,RPPPMLRLLHOFFCC48CB
七堵區,房地(土地+建物)+車位,基隆市七堵區A2棟十樓,33.94,住,,,1070408,土地1建物1車位2,,15,住宅大樓(11層含以上有電梯),住家用,鋼筋混凝土造,,150.26,4,2,2,有,無,15940000,150108,坡道平面,66.72,3400000,,RPQPMLRLLHOFFCC58CB
七堵區,房地(土地+建物)+車位,基隆市七堵區A2棟十一樓,33.94,住,,,1070609,土地1建物1車位2,十一層,15,住宅大樓(11層含以上有電梯),住家用,鋼筋混凝土造,,150.26,4,2,2,有,無,16650000,156213,坡道平面,66.72,3600000,,RPRPMLRLLHOFFCC68CB
七堵區,房地(土地+建物)+車位,基隆市七堵區A2棟十三樓,33.64,住,,,1070819,土地1建物1車位1,十三層,15,住宅大樓(11層含以上有電梯),住家用,鋼筋混凝土造,,150.26,4,2,2,有,無,14830000,112746,坡道平面,33.36,1650000,,RPTPMLRLLHOFFCC88CB
七堵區,房地(土地+建物)+車位,基隆市七堵區A3棟四樓,19.65,住,,,1070422,土地1建物1車位1,四層,15,住宅大樓(11層含以上有電梯),住家用,鋼筋混凝土造,,87.25,2,1,2,有,無,8770000,129250,坡道平面,32.55,1700000,,RPVPMLRLLHOFFCC09CB
七堵區,房地(土地+建物),基隆市七堵區A3棟五樓,19.35,住,,,1070729,土地1建物1車位0,五層,15,住宅大樓(11層含以上有電梯),住家用,鋼筋混凝土造,,87.25,2,1,2,有,無,7800000,89398,,0.0,0,,RPWPMLRLLHOFFCC56CB
七堵區,房地(土地+建物)+車位,基隆市七堵區A3棟七樓,19.65,住,,,1070421,土地1建物1車位1,七層,15,住宅大樓(11層含以上有電梯),住家用,鋼筋混凝土造,,87.25,2,1,2,有,無,8830000,133234,坡道平面,33.36,1650000,,RPXPMLRLLHOFFCC66CB
七堵區,房地(土地+建物)+車位,基隆市七堵區A3棟八樓,19.65,住,,,1070617,土地1建物1車位1,八層,15,住宅大樓(11層含以上有電梯),住家用,鋼筋混凝土造,,87.25,2,1,2,有,無,8900000,133605,坡道平面,33.36,1700000,,RPOQMLRLLHOFFCC48CB
七堵區,房地(土地+建物)+車位,基隆市七堵區A3棟九樓,19.65,住,,,1070428,土地1建物1車位1,九層,15,住宅大樓(11層含以上有電梯),住家用,鋼筋混凝土造,,87.25,2,1,2,有,無,8930000,133090,坡道平面,32.55,1650000,,RPPQMLRLLHOFFCC58CB
七堵區,房地(土地+建物)+車位,基隆市七堵區A3棟十樓,19.65,住,,,1070408,土地1建物1車位1,十層,15,住宅大樓(11層含以上有電梯),住家用,鋼筋混凝土造,,87.25,2,1,2,有,無,8980000,135090,坡道平面,33.36,1700000,,RPQQMLRLLHOFFCC68CB
七堵區,房地(土地+建物)+車位,基隆市七堵區A3棟十一樓,19.65,住,,,1070421,土地1建物1車位1,十一層,15,住宅大樓(11層含以上有電梯),住家用,鋼筋混凝土造,,87.25,2,1,2,有,無,8930000,135090,坡道平面,33.36,1650000,,RPRQMLRLLHOFFCC78CB
七堵區,房地(土地+建物),基隆市七堵區A3棟十二樓,19.35,住,,,1070820,土地1建物1車位0,十二層,15,住宅大樓(11層含以上有電梯),住家用,鋼筋混凝土造,,87.25,2,1,2,有,無,7500000,85960,,0.0,0,,RPSQMLRLLHOFFCC88CB
七堵區,房地(土地+建物)+車位,基隆市七堵區A3棟十三樓,19.65,住,,,1070602,土地1建物1車位1,十三層,15,住宅大樓(11層含以上有電梯),住家用,鋼筋混凝土造,,87.25,2,1,2,有,無,9170000,136760,坡道平面,33.36,1800000,,RPTQMLRLLHOFFCC98CB
七堵區,房地(土地+建物)+車位,基隆市七堵區A3棟十四樓,19.65,住,,,1070803,土地1建物1車位1,十四層,15,住宅大樓(11層含以上有電梯),住家用,鋼筋混凝土造,,87.25,2,1,2,有,無,9150000,136197,坡道平面,32.55,1700000,,RPUQMLRLLHOFFCC09CB
七堵區,房地(土地+建物)+車位,基隆市七堵區B1棟五樓,37.21,住,,,1070826,土地1建物1車位1,五層,15,住宅大樓(11層含以上有電梯),住家用,鋼筋混凝土造,,171.11,4,2,2,有,無,16400000,107078,坡道平面,33.36,1650000,,RPWQMLRLLHOFFCC66CB
七堵區,房地(土地+建物)+車位,基隆市七堵區B1棟六樓,37.21,住,,,1070607,土地1建物1車位1,六層,15,住宅大樓(11層含以上有電梯),住家用,鋼筋混凝土造,,171.11,4,2,2,有,無,16500000,107005,坡道平面,33.36,1760000,,RPXQMLRLLHOFFCC76CB
七堵區,房地(土地+建物)+車位,基隆市七堵區B1棟七樓,37.21,住,,,1070527,土地1建物1車位1,七層,15,住宅大樓(11層含以上有電梯),住家用,鋼筋混凝土造,,171.11,4,2,2,有,無,16460000,107514,坡道平面,33.36,1650000,,RPORMLRLLHOFFCC58CB
七堵區,房地(土地+建物)+車位,基隆市七堵區B1棟八樓,37.21,住,,,1070509,土地1建物1車位1,八層,15,住宅大樓(11層含以上有電梯),住家用,鋼筋混凝土造,,171.11,4,2,2,有,無,16450000,106352,坡道平面,33.36,1800000,,RPPRMLRLLHOFFCC68CB
七堵區,房地(土地+建物)+車位,基隆市七堵區A6棟七樓,28.28,住,,,1070911,土地1建物1車位1,七層,15,住宅大樓(11層含以上有電梯),住家用,鋼筋混凝土造,,125.06,3,2,2,有,無,13160000,123878,坡道平面,32.55,1700000,,RPRRMLRLLHOFFCC88CB
七堵區,房地(土地+建物)+車位,基隆市七堵區A6棟十一樓,28.28,住,,,1070609,土地1建物1車位1,十一層,15,住宅大樓(11層含以上有電梯),住家用,鋼筋混凝土造,,125.06,3,2,2,有,無,12280000,114286,坡道平面,33.36,1800000,,RPSRMLRLLHOFFCC98CB
七堵區,房地(土地+建物)+車位,基隆市七堵區A6棟十三樓,28.28,住,,,1071004,土地1建物1車位1,十三層,15,住宅大樓(11層含以上有電梯),住家用,鋼筋混凝土造,,125.06,3,2,2,有,無,12320000,115267,坡道平面,33.36,1750000,,RPTRMLRLLHOFFCC09CB
七堵區,房地(土地+建物)+車位,基隆市七堵區B2棟四樓,37.21,住,,,1070903,土地1建物1車位1,四層,15,住宅大樓(11層含以上有電梯),住家用,鋼筋混凝土造,,171.11,4,2,2,有,無,16090000,104102,坡道平面,33.36,1750000,,RPURMLRLLHOFFCC56CB
七堵區,房地(土地+建物)+車位,基隆市七堵區B2棟七樓,37.51,住,,,1070609,土地1建物1車位2,七層,15,住宅大樓(11層含以上有電梯),住家用,鋼筋混凝土造,,171.11,4,2,2,有,無,18150000,140339,坡道平面,66.72,3500000,,RPVRMLRLLHOFFCC66CB
七堵區,房地(土地+建物)+車位,基隆市七堵區B2棟十二樓,37.51,住,,,1070815,土地1建物1車位2,十二層,15,住宅大樓(11層含以上有電梯),住家用,鋼筋混凝土造,,171.23,4,2,2,有,無,18360000,142187,坡道平面,66.72,3500000,,RPWRMLRLLHOFFCC76CB
七堵區,房地(土地+建物)+車位,基隆市七堵區A2棟四樓,33.64,住,,,1070721,土地1建物1車位1,四層,15,住宅大樓(11層含以上有電梯),住家用,鋼筋混凝土造,,150.26,4,2,2,有,無,14290000,106958,坡道平面,32.55,1700000,,RPSOMLTLLHOFFCC88CB
七堵區,房地(土地+建物)+車位,基隆市七堵區A2棟十二樓,33.64,住,,,1071230,土地1建物1車位1,,15,住宅大樓(11層含以上有電梯),住家用,鋼筋混凝土造,,150.26,4,2,2,有,無,14700000,110778,坡道平面,33.36,1750000,,RPTOMLTLLHOFFCC98CB
七堵區,房地(土地+建物)+車位,基隆市七堵區A3棟三樓,19.65,住,,,1070805,土地1建物1車位1,三層,15,住宅大樓(11層含以上有電梯),住家用,鋼筋混凝土造,,87.25,2,1,2,有,無,9000000,133455,坡道平面,32.55,1700000,,RPUOMLTLLHOFFCC09CB
七堵區,房地(土地+建物)+車位,基隆市七堵區B1棟四樓,37.21,住,,,1070903,土地1建物1車位1,四層,15,住宅大樓(11層含以上有電梯),住家用,鋼筋混凝土造,,171.11,4,2,2,有,無,16090000,104102,坡道平面,33.36,1750000,,RPVOMLTLLHOFFCC56CB
七堵區,房地(土地+建物)+車位,基隆市七堵區B1棟十四樓,37.21,住,,,1070813,土地1建物1車位1,十四層,15,住宅大樓(11層含以上有電梯),住家用,鋼筋混凝土造,,171.23,4,2,2,有,無,16900000,109886,坡道平面,33.36,1750000,,RPWOMLTLLHOFFCC66CB
七堵區,房地(土地+建物)+車位,基隆市七堵區B2棟十四樓,37.21,住,,,1070901,土地1建物1車位1,十四層,15,住宅大樓(11層含以上有電梯),住家用,鋼筋混凝土造,,171.23,4,2,2,有,無,16520000,107130,坡道平面,33.36,1750000,,RPXOMLTLLHOFFCC76CB
安樂區,房地(土地+建物)+車位,基隆市安樂區基隆市安樂區武崙里20鄰武崙街157號5樓,0.28,住,,,1061111,土地1建物1車位1,五層,7,華廈(10層含以下有電梯),住家用,鋼筋混凝土造,,7029.51,3,1,2,有,無,9600000,1238,其他,1.4,900000,,RPQNMLKMLHOFFCC77CB
安樂區,房地(土地+建物)+車位,基隆市安樂區基隆市安樂區武崙里20鄰武崙街157號2樓,0.28,住,,,1070113,土地1建物1車位1,二層,7,華廈(10層含以下有電梯),住家用,鋼筋混凝土造,,7029.51,3,1,2,有,無,9560000,1232,其他,1.4,900000,,RPRNMLKMLHOFFCC87CB
安樂區,房地(土地+建物)+車位,基隆市安樂區基隆市安樂區武崙里20鄰武崙街157號4樓,0.28,住,,,1060711,土地1建物1車位1,四層,7,華廈(10層含以下有電梯),住家用,鋼筋混凝土造,,7029.51,3,1,2,有,無,9180000,1178,其他,1.4,900000,,RPSNMLKMLHOFFCC97CB
安樂區,房地(土地+建物)+車位,基隆市安樂區基隆市安樂區武崙里20鄰武崙街157號7樓,0.28,住,,,1070113,土地1建物1車位1,七層,7,華廈(10層含以下有電梯),住家用,鋼筋混凝土造,,7029.51,3,1,2,有,無,9800000,1266,其他,1.4,900000,,RPTNMLKMLHOFFCC08CB
安樂區,房地(土地+建物)+車位,基隆市安樂區基隆市安樂區武崙里20鄰武崙街153號1樓,0.1,住,,,1061105,土地1建物1車位1,一層,7,華廈(10層含以下有電梯),住家用,鋼筋混凝土造,,7029.51,2,1,1,有,無,7050000,875,其他,1.4,900000,,RPUNMLKMLHOFFCC18CB
安樂區,房地(土地+建物)+車位,基隆市安樂區基隆市安樂區武崙里20鄰武崙街153號4樓,0.14,住,,,1060711,土地1建物1車位1,四層,7,華廈(10層含以下有電梯),住家用,鋼筋混凝土造,,7029.51,2,1,1,有,無,6750000,832,其他,1.4,900000,,RPVNMLKMLHOFFCC28CB
安樂區,房地(土地+建物)+車位,基隆市安樂區基隆市安樂區武崙里20鄰武崙街153號6樓,0.14,住,,,1061105,土地1建物1車位1,六層,7,華廈(10層含以下有電梯),住家用,鋼筋混凝土造,,7029.51,2,1,1,有,無,6880000,865,其他,1.4,800000,,RPWNMLKMLHOFFCC38CB
安樂區,房地(土地+建物)+車位,基隆市安樂區基隆市安樂區武崙里20鄰武崙街149號1樓,0.1,住,,,1070324,土地1建物1車位1,一層,7,華廈(10層含以下有電梯),住家用,鋼筋混凝土造,,7029.51,2,1,1,有,無,7000000,868,其他,1.4,900000,,RPXNMLKMLHOFFCC48CB
安樂區,房地(土地+建物)+車位,基隆市安樂區基隆市安樂區武崙里20鄰武崙街149號2樓,0.14,住,,,1070721,土地1建物1車位1,二層,7,華廈(10層含以下有電梯),住家用,鋼筋混凝土造,,7029.51,2,1,1,有,無,6880000,865,其他,1.4,800000,,RPOOMLKMLHOFFCC67CB
安樂區,房地(土地+建物)+車位,基隆市安樂區基隆市安樂區武崙里20鄰武崙街149號3樓,0.14,住,,,1060924,土地1建物1車位1,三層,7,華廈(10層含以下有電梯),住家用,鋼筋混凝土造,,7029.51,2,1,1,有,無,6580000,822,其他,1.4,800000,,RPPOMLKMLHOFFCC77CB
安樂區,房地(土地+建物)+車位,基隆市安樂區基隆市安樂區武崙里20鄰武崙街149號4樓,0.14,住,,,1060722,土地1建物1車位1,四層,7,華廈(10層含以下有電梯),住家用,鋼筋混凝土造,,7029.51,2,1,1,有,無,6650000,832,其他,1.4,800000,,RPQOMLKMLHOFFCC87CB
安樂區,房地(土地+建物)+車位,基隆市安樂區基隆市安樂區武崙里20鄰武崙街149號6樓,0.14,住,,,1061223,土地1建物1車位1,六層,7,華廈(10層含以下有電梯),住家用,鋼筋混凝土造,,7029.51,2,1,1,有,無,6410000,855,升降機械,0.7,400000,,RPROMLKMLHOFFCC97CB
安樂區,房地(土地+建物)+車位,基隆市安樂區基隆市安樂區武崙里20鄰武崙街145號1樓,0.1,住,,,1061118,土地1建物1車位1,一層,7,華廈(10層含以下有電梯),住家用,鋼筋混凝土造,,7029.51,2,1,1,有,無,6950000,861,其他,1.4,900000,,RPSOMLKMLHOFFCC08CB
安樂區,房地(土地+建物)+車位,基隆市安樂區基隆市安樂區武崙里20鄰武崙街145號2樓,0.15,住,,,1070807,土地1建物1車位1,二層,7,華廈(10層含以下有電梯),住家用,鋼筋混凝土造,,7029.51,2,1,1,有,無,7000000,882,其他,1.4,800000,,RPTOMLKMLHOFFCC18CB
安樂區,房地(土地+建物)+車位,基隆市安樂區基隆市安樂區武崙里20鄰武崙街145號3樓,0.15,住,,,1060228,土地1建物1車位1,三層,7,華廈(10層含以下有電梯),住家用,鋼筋混凝土造,,7029.51,2,1,1,有,無,6900000,868,其他,1.4,800000,,RPUOMLKMLHOFFCC28CB
安樂區,房地(土地+建物)+車位,基隆市安樂區基隆市安樂區武崙里20鄰武崙街145號4樓,0.15,住,,,1061002,土地1建物1車位1,四層,7,華廈(10層含以下有電梯),住家用,鋼筋混凝土造,,7029.51,2,1,1,有,無,7050000,889,其他,1.4,800000,,RPVOMLKMLHOFFCC38CB
安樂區,房地(土地+建物)+車位,基隆市安樂區基隆市安樂區武崙里20鄰武崙街145號5樓,0.15,住,,,1071006,土地1建物1車位1,五層,7,華廈(10層含以下有電梯),住家用,鋼筋混凝土造,,7029.51,2,1,1,有,無,7180000,894,其他,1.4,900000,,RPWOMLKMLHOFFCC48CB
安樂區,房地(土地+建物)+車位,基隆市安樂區基隆市安樂區武崙里20鄰武崙街145號6樓,0.15,住,,,1060924,土地1建物1車位1,六層,7,華廈(10層含以下有電梯),住家用,鋼筋混凝土造,,7029.51,2,1,1,有,無,7150000,904,其他,1.4,800000,,RPXOMLKMLHOFFCC58CB
安樂區,房地(土地+建物),基隆市安樂區基隆市安樂區武崙里20鄰武崙街147號2樓,0.14,住,,,1070701,土地1建物1車位0,二層,7,華廈(10層含以下有電梯),住家用,鋼筋混凝土造,,7029.51,2,1,1,有,無,5500000,782,,0.0,0,,RPOPMLKMLHOFFCC77CB
安樂區,房地(土地+建物)+車位,基隆市安樂區基隆市安樂區武崙里20鄰武崙街147號3樓,0.14,住,,,1060315,土地1建物1車位1,三層,7,華廈(10層含以下有電梯),住家用,鋼筋混凝土造,,7029.51,2,1,1,有,無,5800000,768,升降機械,0.7,400000,,RPPPMLKMLHOFFCC87CB
安樂區,房地(土地+建物)+車位,基隆市安樂區基隆市安樂區武崙里20鄰武崙街147號4樓,0.14,住,,,1060401,土地1建物1車位1,四層,7,華廈(10層含以下有電梯),住家用,鋼筋混凝土造,,7029.51,2,1,1,有,無,5680000,765,升降機械,0.7,300000,,RPQPMLKMLHOFFCC97CB
安樂區,房地(土地+建物)+車位,基隆市安樂區基隆市安樂區武崙里20鄰武崙街147號5樓,0.14,住,,,1060706,土地1建物1車位1,五層,7,華廈(10層含以下有電梯),住家用,鋼筋混凝土造,,7029.51,2,1,1,有,無,5680000,765,升降機械,0.7,300000,,RPRPMLKMLHOFFCC08CB
安樂區,房地(土地+建物)+車位,基隆市安樂區基隆市安樂區武崙里20鄰武崙街147號6樓,0.14,住,,,1060219,土地1建物1車位1,四層,7,華廈(10層含以下有電梯),住家用,鋼筋混凝土造,,7029.51,2,1,1,有,無,5880000,780,升降機械,0.7,400000,,RPSPMLKMLHOFFCC18CB
安樂區,房地(土地+建物)+車位,基隆市安樂區基隆市安樂區武崙里20鄰武崙街147號7樓,0.14,住,,,1060818,土地1建物1車位1,七層,7,華廈(10層含以下有電梯),住家用,鋼筋混凝土造,,7029.51,2,1,1,有,無,5760000,777,升降機械,0.7,300000,,RPTPMLKMLHOFFCC28CB
安樂區,房地(土地+建物)+車位,基隆市安樂區基隆市安樂區武崙里20鄰武崙街151號1樓,0.11,住,,,1070415,土地1建物1車位1,一層,7,華廈(10層含以下有電梯),住家用,鋼筋混凝土造,,7029.51,2,1,1,有,無,6380000,808,其他,1.4,700000,,RPUPMLKMLHOFFCC38CB
安樂區,房地(土地+建物)+車位,基隆市安樂區基隆市安樂區武崙里20鄰武崙街151號2樓,0.14,住,,,1060227,土地1建物1車位1,二層,7,華廈(10層含以下有電梯),住家用,鋼筋混凝土造,,7029.51,2,1,1,有,無,5700000,768,升降機械,0.7,300000,,RPVPMLKMLHOFFCC48CB
安樂區,房地(土地+建物)+車位,基隆市安樂區基隆市安樂區武崙里20鄰武崙街151號3樓,0.14,住,,,1060423,土地1建物1車位1,三層,7,華廈(10層含以下有電梯),住家用,鋼筋混凝土造,,7029.51,2,1,1,有,無,5700000,768,升降機械,0.7,300000,,RPWPMLKMLHOFFCC58CB
安樂區,房地(土地+建物)+車位,基隆市安樂區基隆市安樂區武崙里20鄰武崙街151號4樓,0.14,住,,,1060826,土地1建物1車位1,四層,7,華廈(10層含以下有電梯),住家用,鋼筋混凝土造,,7029.51,2,1,1,有,無,5700000,768,升降機械,0.7,300000,,RPXPMLKMLHOFFCC68CB
安樂區,房地(土地+建物)+車位,基隆市安樂區基隆市安樂區武崙里20鄰武崙街151號5樓,0.14,住,,,1060716,土地1建物1車位1,五層,7,華廈(10層含以下有電梯),住家用,鋼筋混凝土造,,7029.51,2,1,1,有,無,5760000,777,升降機械,0.7,300000,,RPOQMLKMLHOFFCC87CB
安樂區,房地(土地+建物)+車位,基隆市安樂區基隆市安樂區武崙里20鄰武崙街151號6樓,0.14,住,,,1060219,土地1建物1車位1,六層,7,華廈(10層含以下有電梯),住家用,鋼筋混凝土造,,7029.51,2,1,1,有,無,5880000,780,升降機械,0.7,400000,,RPPQMLKMLHOFFCC97CB
安樂區,房地(土地+建物)+車位,基隆市安樂區基隆市安樂區武崙里20鄰武崙街151號7樓,0.14,住,,,1060818,土地1建物1車位1,七層,7,華廈(10層含以下有電梯),住家用,鋼筋混凝土造,,7029.51,2,1,1,有,無,5860000,791,升降機械,0.7,300000,,RPQQMLKMLHOFFCC08CB
安樂區,房地(土地+建物)+車位,基隆市安樂區基隆市安樂區武崙里20鄰武崙街155號1樓,0.11,住,,,1070614,土地1建物1車位1,一層,7,華廈(10層含以下有電梯),住家用,鋼筋混凝土造,,7029.51,2,1,1,有,無,6560000,820,其他,1.4,800000,,RPRQMLKMLHOFFCC18CB
安樂區,房地(土地+建物)+車位,基隆市安樂區基隆市安樂區武崙里20鄰武崙街155號2樓,0.13,住,,,1051120,土地1建物1車位1,二層,7,華廈(10層含以下有電梯),住家用,鋼筋混凝土造,,7029.51,2,1,1,有,無,5800000,768,升降機械,0.7,400000,,RPSQMLKMLHOFFCC28CB
安樂區,房地(土地+建物)+車位,基隆市安樂區基隆市安樂區武崙里20鄰武崙街155號3樓,0.13,住,,,1060423,土地1建物1車位1,三層,7,華廈(10層含以下有電梯),住家用,鋼筋混凝土造,,7029.51,2,1,1,有,無,5530000,744,升降機械,0.7,300000,,RPTQMLKMLHOFFCC38CB
安樂區,房地(土地+建物)+車位,基隆市安樂區基隆市安樂區武崙里20鄰武崙街155號4樓,0.13,住,,,1060423,土地1建物1車位1,四層,7,華廈(10層含以下有電梯),住家用,鋼筋混凝土造,,7029.51,2,1,1,有,無,5680000,765,升降機械,0.7,300000,,RPUQMLKMLHOFFCC48CB
安樂區,房地(土地+建物)+車位,基隆市安樂區基隆市安樂區武崙里20鄰武崙街155號7樓,0.13,住,,,1060831,土地1建物1車位1,七層,7,華廈(10層含以下有電梯),住家用,鋼筋混凝土造,,7029.51,2,1,1,有,無,5850000,790,升降機械,0.7,300000,,RPVQMLKMLHOFFCC58CB
安樂區,房地(土地+建物)+車位,基隆市安樂區基隆市安樂區武崙里20鄰武崙街159號2樓,0.3,住,,,1070120,土地1建物1車位1,二層,7,華廈(10層含以下有電梯),住家用,鋼筋混凝土造,,7029.51,3,1,2,有,無,8800000,1138,其他,1.4,800000,,RPWQMLKMLHOFFCC68CB
安樂區,房地(土地+建物)+車位,基隆市安樂區基隆市安樂區武崙里20鄰武崙街159號3樓,0.3,住,,,1051112,土地1建物1車位1,三層,7,華廈(10層含以下有電梯),住家用,鋼筋混凝土造,,7029.51,3,1,2,有,無,9080000,1178,其他,1.4,800000,,RPXQMLKMLHOFFCC78CB
安樂區,房地(土地+建物)+車位,基隆市安樂區基隆市安樂區武崙里20鄰武崙街159號4樓,0.3,住,,,1060805,土地1建物1車位1,四層,7,華廈(10層含以下有電梯),住家用,鋼筋混凝土造,,7029.51,3,1,2,有,無,8800000,1138,其他,1.4,800000,,RPORMLKMLHOFFCC97CB
安樂區,房地(土地+建物)+車位,基隆市安樂區基隆市安樂區武崙里20鄰武崙街159號5樓,0.3,住,,,1070203,土地1建物1車位1,五層,7,華廈(10層含以下有電梯),住家用,鋼筋混凝土造,,7029.51,3,1,2,有,無,9000000,1167,其他,1.4,800000,,RPPRMLKMLHOFFCC08CB
安樂區,房地(土地+建物)+車位,基隆市安樂區基隆市安樂區武崙里20鄰武崙街159號7樓,0.3,住,,,1060930,土地1建物1車位1,七層,7,華廈(10層含以下有電梯),住家用,鋼筋混凝土造,,7029.51,3,1,2,有,無,9180000,1178,其他,1.4,900000,,RPQRMLKMLHOFFCC18CB
安樂區,房地(土地+建物)+車位,基隆市安樂區基隆市安樂區武崙里20鄰武崙街175號2樓,0.3,住,,,1070602,土地1建物1車位1,二層,7,華廈(10層含以下有電梯),住家用,鋼筋混凝土造,,7029.51,3,1,2,有,無,9800000,1266,其他,1.4,900000,,RPRRMLKMLHOFFCC28CB
安樂區,房地(土地+建物)+車位,基隆市安樂區基隆市安樂區武崙里20鄰武崙街175號4樓,0.3,住,,,1070415,土地1建物1車位1,四層,7,華廈(10層含以下有電梯),住家用,鋼筋混凝土造,,7029.51,3,1,2,有,無,9270000,1191,其他,1.4,900000,,RPSRMLKMLHOFFCC38CB
安樂區,房地(土地+建物)+車位,基隆市安樂區基隆市安樂區武崙里20鄰武崙街175號6樓,0.3,住,,,1060708,土地1建物1車位1,六層,7,華廈(10層含以下有電梯),住家用,鋼筋混凝土造,,7029.51,3,1,2,有,無,9400000,1209,其他,1.4,900000,,RPTRMLKMLHOFFCC48CB
安樂區,房地(土地+建物)+車位,基隆市安樂區基隆市安樂區武崙里20鄰武崙街171號4樓,0.14,住,,,1061112,土地1建物1車位1,四層,7,華廈(10層含以下有電梯),住家用,鋼筋混凝土造,,7029.51,2,1,1,有,無,6880000,865,其他,1.4,800000,,RPURMLKMLHOFFCC58CB
安樂區,房地(土地+建物)+車位,基隆市安樂區基隆市安樂區武崙里20鄰武崙街171號6樓,0.14,住,,,1060708,土地1建物1車位1,六層,7,華廈(10層含以下有電梯),住家用,鋼筋混凝土造,,7029.51,2,1,1,有,無,7000000,868,其他,1.4,900000,,RPVRMLKMLHOFFCC68CB
安樂區,房地(土地+建物)+車位,基隆市安樂區基隆市安樂區武崙里20鄰武崙街167號5樓,0.14,住,,,1060111,土地1建物1車位1,五層,7,華廈(10層含以下有電梯),住家用,鋼筋混凝土造,,7029.51,2,1,1,有,無,7150000,904,其他,1.4,800000,,RPWRMLKMLHOFFCC78CB
安樂區,房地(土地+建物)+車位,基隆市安樂區基隆市安樂區武崙里20鄰武崙街161號4樓,0.31,住,,,1060923,土地1建物1車位1,四層,7,華廈(10層含以下有電梯),住家用,鋼筋混凝土造,,7029.51,3,1,2,有,無,9980000,1292,其他,1.4,900000,,RPXRMLKMLHOFFCC88CB
安樂區,房地(土地+建物)+車位,基隆市安樂區基隆市安樂區武崙里20鄰武崙街161號6樓,0.31,住,,,1051129,土地1建物1車位1,六層,7,華廈(10層含以下有電梯),住家用,鋼筋混凝土造,,7029.51,3,1,2,有,無,10190000,1336,其他,1.4,800000,,RPOSMLKMLHOFFCC08CB
安樂區,房地(土地+建物)+車位,基隆市安樂區基隆市安樂區武崙里20鄰武崙街163號2樓,0.14,住,,,1051120,土地1建物1車位1,二層,7,華廈(10層含以下有電梯),住家用,鋼筋混凝土造,,7029.51,2,1,1,有,無,6080000,808,升降機械,0.7,400000,,RPPSMLKMLHOFFCC18CB
安樂區,房地(土地+建物)+車位,基隆市安樂區基隆市安樂區武崙里20鄰武崙街163號3樓,0.14,住,,,1051007,土地1建物1車位1,三層,7,華廈(10層含以下有電梯),住家用,鋼筋混凝土造,,7029.51,2,1,1,有,無,6000000,797,升降機械,0.7,400000,,RPQSMLKMLHOFFCC28CB
安樂區,房地(土地+建物)+車位,基隆市安樂區基隆市安樂區武崙里20鄰武崙街163號5樓,0.14,住,,,1051022,土地1建物1車位1,五層,7,華廈(10層含以下有電梯),住家用,鋼筋混凝土造,,7029.51,2,1,1,有,無,6160000,819,升降機械,0.7,400000,,RPRSMLKMLHOFFCC38CB
安樂區,房地(土地+建物)+車位,基隆市安樂區基隆市安樂區武崙里20鄰武崙街163號6樓,0.14,住,,,1051203,土地1建物1車位1,六層,7,華廈(10層含以下有電梯),住家用,鋼筋混凝土造,,7029.51,2,1,1,有,無,6180000,822,升降機械,0.7,400000,,RPSSMLKMLHOFFCC48CB
安樂區,房地(土地+建物)+車位,基隆市安樂區基隆市安樂區武崙里20鄰武崙街163號7樓,0.14,住,,,1060318,土地1建物1車位1,七層,7,華廈(10層含以下有電梯),住家用,鋼筋混凝土造,,7029.51,2,1,1,有,無,6280000,780,其他,1.4,800000,,RPTSMLKMLHOFFCC58CB
安樂區,房地(土地+建物)+車位,基隆市安樂區基隆市安樂區武崙里20鄰武崙街165號2樓,0.31,住,,,1060305,土地1建物1車位1,二層,7,華廈(10層含以下有電梯),住家用,鋼筋混凝土造,,7029.51,3,1,2,有,無,9000000,1167,其他,1.4,800000,,RPUSMLKMLHOFFCC68CB
安樂區,房地(土地+建物)+車位,基隆市安樂區基隆市安樂區武崙里20鄰武崙街165號3樓,0.31,住,,,1060312,土地1建物1車位1,三層,7,華廈(10層含以下有電梯),住家用,鋼筋混凝土造,,7029.51,3,1,2,有,無,9050000,1174,其他,1.4,800000,,RPVSMLKMLHOFFCC78CB
安樂區,房地(土地+建物)+車位,基隆市安樂區基隆市安樂區武崙里20鄰武崙街165號5樓,0.31,住,,,1060711,土地1建物1車位1,五層,7,華廈(10層含以下有電梯),住家用,鋼筋混凝土造,,7029.51,3,1,2,有,無,9070000,1177,其他,1.4,800000,,RPWSMLKMLHOFFCC88CB
安樂區,房地(土地+建物)+車位,基隆市安樂區基隆市安樂區武崙里20鄰武崙街165號7樓,0.31,住,,,1061118,土地1建物1車位1,七層,7,華廈(10層含以下有電梯),住家用,鋼筋混凝土造,,7029.51,3,1,2,有,無,9450000,1217,其他,1.4,900000,,RPXSMLKMLHOFFCC98CB
安樂區,房地(土地+建物)+車位,基隆市安樂區基隆市安樂區武崙里20鄰武崙街169號2樓,0.14,住,,,1051029,土地1建物1車位1,二層,7,華廈(10層含以下有電梯),住家用,鋼筋混凝土造,,7029.51,2,1,1,有,無,6500000,825,其他,1.4,700000,,RPOTMLKMLHOFFCC18CB
安樂區,房地(土地+建物)+車位,基隆市安樂區基隆市安樂區武崙里20鄰武崙街169號3樓,0.14,住,,,1051109,土地1建物1車位1,三層,7,華廈(10層含以下有電梯),住家用,鋼筋混凝土造,,7029.51,2,1,1,有,無,6700000,825,其他,1.4,900000,,RPPTMLKMLHOFFCC28CB
安樂區,房地(土地+建物)+車位,基隆市安樂區基隆市安樂區武崙里20鄰武崙街169號4樓,0.14,住,,,1051120,土地1建物1車位1,四層,7,華廈(10層含以下有電梯),住家用,鋼筋混凝土造,,7029.51,2,1,1,有,無,6490000,824,其他,1.4,700000,,RPQTMLKMLHOFFCC38CB
安樂區,房地(土地+建物)+車位,基隆市安樂區基隆市安樂區武崙里20鄰武崙街169號5樓,0.14,住,,,1051004,土地1建物1車位1,五層,7,華廈(10層含以下有電梯),住家用,鋼筋混凝土造,,7029.51,2,1,1,有,無,6500000,825,其他,1.4,700000,,RPRTMLKMLHOFFCC48CB
安樂區,房地(土地+建物)+車位,基隆市安樂區基隆市安樂區武崙里20鄰武崙街169號7樓,0.14,住,,,1060326,土地1建物1車位1,七層,7,華廈(10層含以下有電梯),住家用,鋼筋混凝土造,,7029.51,2,1,1,有,無,6100000,825,升降機械,0.7,300000,,RPSTMLKMLHOFFCC58CB
安樂區,房地(土地+建物)+車位,基隆市安樂區基隆市安樂區武崙里20鄰武崙街173號2樓,0.14,住,,,1051210,土地1建物1車位1,二層,7,華廈(10層含以下有電梯),住家用,鋼筋混凝土造,,7029.51,2,1,1,有,無,6100000,811,升降機械,0.7,400000,,RPTTMLKMLHOFFCC68CB
安樂區,房地(土地+建物)+車位,基隆市安樂區基隆市安樂區武崙里20鄰武崙街173號3樓,0.14,住,,,1060122,土地1建物1車位1,三層,7,華廈(10層含以下有電梯),住家用,鋼筋混凝土造,,7029.51,2,1,1,有,無,6560000,820,其他,1.4,800000,,RPUTMLKMLHOFFCC78CB
安樂區,房地(土地+建物)+車位,基隆市安樂區基隆市安樂區武崙里20鄰武崙街173號4樓,0.14,住,,,1051120,土地1建物1車位1,四層,7,華廈(10層含以下有電梯),住家用,鋼筋混凝土造,,7029.51,2,1,1,有,無,6090000,824,升降機械,0.7,300000,,RPVTMLKMLHOFFCC88CB
安樂區,房地(土地+建物)+車位,基隆市安樂區基隆市安樂區武崙里20鄰武崙街173號7樓,0.14,住,,,1060318,土地1建物1車位1,七層,7,華廈(10層含以下有電梯),住家用,鋼筋混凝土造,,7029.51,2,1,1,有,無,6390000,795,其他,1.4,800000,,RPWTMLKMLHOFFCC98CB
安樂區,房地(土地+建物)+車位,基隆市安樂區基隆市安樂區武崙里20鄰武崙街179號2樓,0.27,住,,,1060809,土地1建物1車位1,二層,7,華廈(10層含以下有電梯),住家用,鋼筋混凝土造,,7029.51,3,1,2,有,無,8800000,1124,其他,1.4,900000,,RPXTMLKMLHOFFCC09CB
安樂區,房地(土地+建物)+車位,基隆市安樂區基隆市安樂區武崙里20鄰武崙街179號4樓,0.27,住,,,1060909,土地1建物1車位1,四層,7,華廈(10層含以下有電梯),住家用,鋼筋混凝土造,,7029.51,3,1,2,有,無,8800000,1124,其他,1.4,900000,,RPOUMLKMLHOFFCC28CB
安樂區,房地(土地+建物)+車位,基隆市安樂區基隆市安樂區武崙里20鄰武崙街179號5樓,0.27,住,,,1051009,土地1建物1車位1,五層,7,華廈(10層含以下有電梯),住家用,鋼筋混凝土造,,7029.51,3,1,2,有,無,8880000,1164,其他,1.4,700000,,RPPUMLKMLHOFFCC38CB
安樂區,房地(土地+建物)+車位,基隆市安樂區基隆市安樂區武崙里20鄰武崙街179號6樓,0.27,住,,,1051020,土地1建物1車位1,六層,7,華廈(10層含以下有電梯),住家用,鋼筋混凝土造,,7029.51,3,1,2,有,無,9250000,1188,其他,1.4,900000,,RPQUMLKMLHOFFCC48CB
安樂區,房地(土地+建物)+車位,基隆市安樂區基隆市安樂區武崙里20鄰武崙街179號7樓,0.27,住,,,1051111,土地1建物1車位1,七層,7,華廈(10層含以下有電梯),住家用,鋼筋混凝土造,,7029.51,3,1,2,有,無,9300000,1195,其他,1.4,900000,,RPRUMLKMLHOFFCC58CB
安樂區,房地(土地+建物),基隆市安樂區基隆市安樂區武崙里20鄰武崙街177號4樓,0.14,住,,,1061128,土地1建物1車位0,四層,7,華廈(10層含以下有電梯),住家用,鋼筋混凝土造,,7029.51,2,1,1,有,無,5850000,832,,0.0,0,,RPSUMLKMLHOFFCC68CB
安樂區,房地(土地+建物)+車位,基隆市安樂區基隆市安樂區武崙里20鄰武崙街177號6樓,0.14,住,,,1060507,土地1建物1車位1,六層,7,華廈(10層含以下有電梯),住家用,鋼筋混凝土造,,7029.51,2,1,1,有,無,6800000,854,其他,1.4,800000,,RPTUMLKMLHOFFCC78CB
安樂區,房地(土地+建物)+車位,基隆市安樂區基隆市安樂區武崙里20鄰武崙街177號7樓,0.14,住,,,1061224,土地1建物1車位1,七層,7,華廈(10層含以下有電梯),住家用,鋼筋混凝土造,,7029.51,2,1,1,有,無,6700000,839,其他,1.4,800000,,RPUUMLKMLHOFFCC88CB
安樂區,房地(土地+建物)+車位,基隆市安樂區基隆市安樂區武崙里20鄰武崙街181號4樓,0.31,住,,,1061206,土地1建物1車位1,四層,7,華廈(10層含以下有電梯),住家用,鋼筋混凝土造,,7029.51,3,1,2,有,無,10180000,1320,其他,1.4,900000,,RPVUMLKMLHOFFCC98CB
安樂區,房地(土地+建物)+車位,基隆市安樂區基隆市安樂區武崙里20鄰武崙街183號2樓,0.14,住,,,1060902,土地1建物1車位1,二層,7,華廈(10層含以下有電梯),住家用,鋼筋混凝土造,,7029.51,2,1,1,有,無,6800000,854,其他,1.4,800000,,RPWUMLKMLHOFFCC09CB
安樂區,房地(土地+建物)+車位,基隆市安樂區基隆市安樂區武崙里20鄰武崙街183號3樓,0.14,住,,,1070721,土地1建物1車位1,三層,7,華廈(10層含以下有電梯),住家用,鋼筋混凝土造,,7029.51,2,1,1,有,無,6960000,876,其他,1.4,800000,,RPXUMLKMLHOFFCC56CB
安樂區,房地(土地+建物)+車位,基隆市安樂區基隆市安樂區武崙里20鄰武崙街183號4樓,0.14,住,,,1060416,土地1建物1車位1,四層,7,華廈(10層含以下有電梯),住家用,鋼筋混凝土造,,7029.51,2,1,1,有,無,6880000,865,其他,1.4,800000,,RPOVMLKMLHOFFCC38CB
安樂區,房地(土地+建物)+車位,基隆市安樂區基隆市安樂區武崙里20鄰武崙街185號3樓,0.14,住,,,1061125,土地1建物1車位1,三層,7,華廈(10層含以下有電梯),住家用,鋼筋混凝土造,,7029.51,2,1,1,有,無,6980000,879,其他,1.4,800000,,RPPVMLKMLHOFFCC48CB
安樂區,房地(土地+建物)+車位,基隆市安樂區基隆市安樂區武崙里20鄰武崙街187號2樓,0.29,住,,,1051007,土地1建物1車位1,二層,7,華廈(10層含以下有電梯),住家用,鋼筋混凝土造,,7029.51,3,1,2,有,無,9080000,1192,其他,1.4,700000,,RPQVMLKMLHOFFCC58CB
安樂區,房地(土地+建物)+車位,基隆市安樂區基隆市安樂區武崙里20鄰武崙街187號3樓,0.29,住,,,1060205,土地1建物1車位1,三層,7,華廈(10層含以下有電梯),住家用,鋼筋混凝土造,,7029.51,3,1,2,有,無,8500000,1152,升降機械,0.7,400000,,RPRVMLKMLHOFFCC68CB
安樂區,房地(土地+建物)+車位,基隆市安樂區基隆市安樂區武崙里20鄰武崙街187號7樓,0.29,住,,,1060723,土地1建物1車位1,七層,7,華廈(10層含以下有電梯),住家用,鋼筋混凝土造,,7029.51,3,1,2,有,無,8980000,1164,其他,1.4,800000,,RPSVMLKMLHOFFCC78CB
安樂區,房地(土地+建物)+車位,基隆市安樂區基隆市安樂區武崙里20鄰武崙街191號3樓,0.14,住,,,1060628,土地1建物1車位1,三層,7,華廈(10層含以下有電梯),住家用,鋼筋混凝土造,,7029.51,2,1,1,有,無,6680000,837,其他,1.4,800000,,RPTVMLKMLHOFFCC88CB
安樂區,房地(土地+建物)+車位,基隆市安樂區基隆市安樂區武崙里20鄰武崙街191號4樓,0.14,住,,,1060702,土地1建物1車位1,四層,7,華廈(10層含以下有電梯),住家用,鋼筋混凝土造,,7029.51,2,1,1,有,無,6750000,847,其他,1.4,800000,,RPUVMLKMLHOFFCC98CB
安樂區,房地(土地+建物)+車位,基隆市安樂區基隆市安樂區武崙里20鄰武崙街191號5樓,0.14,住,,,1060625,土地1建物1車位1,五層,7,華廈(10層含以下有電梯),住家用,鋼筋混凝土造,,7029.51,2,1,1,有,無,6780000,851,其他,1.4,800000,,RPVVMLKMLHOFFCC09CB
安樂區,房地(土地+建物)+車位,基隆市安樂區基隆市安樂區武崙里20鄰武崙街191號6樓,0.14,住,,,1060608,土地1建物1車位1,六層,7,華廈(10層含以下有電梯),住家用,鋼筋混凝土造,,7029.51,2,1,1,有,無,6720000,842,其他,1.4,800000,,RPWVMLKMLHOFFCC56CB
安樂區,房地(土地+建物)+車位,基隆市安樂區基隆市安樂區武崙里20鄰武崙街191號7樓,0.14,住,,,1061015,土地1建物1車位1,七層,7,華廈(10層含以下有電梯),住家用,鋼筋混凝土造,,7029.51,2,1,1,有,無,6370000,864,升降機械,0.7,300000,,RPXVMLKMLHOFFCC66CB
安樂區,房地(土地+建物)+車位,基隆市安樂區基隆市安樂區武崙里20鄰武崙街199號3樓,0.29,住,,,1060415,土地1建物1車位1,三層,7,華廈(10層含以下有電梯),住家用,鋼筋混凝土造,,7029.51,3,1,2,有,無,8980000,1164,其他,1.4,800000,,RPOWMLKMLHOFFCC48CB
安樂區,房地(土地+建物)+車位,基隆市安樂區基隆市安樂區武崙里20鄰武崙街199號6樓,0.29,住,,,1060506,土地1建物1車位1,六層,7,華廈(10層含以下有電梯),住家用,鋼筋混凝土造,,7029.51,3,1,2,有,無,9100000,1181,其他,1.4,800000,,RPPWMLKMLHOFFCC58CB
安樂區,房地(土地+建物)+車位,基隆市安樂區基隆市安樂區武崙里20鄰武崙街199號7樓,0.29,住,,,1061015,土地1建物1車位1,七層,7,華廈(10層含以下有電梯),住家用,鋼筋混凝土造,,7029.51,3,1,2,有,無,9350000,1202,其他,1.4,900000,,RPQWMLKMLHOFFCC68CB
安樂區,房地(土地+建物)+車位,基隆市安樂區基隆市安樂區武崙里20鄰武崙街197號2樓,0.14,住,,,1060209,土地1建物1車位1,二層,7,華廈(10層含以下有電梯),住家用,鋼筋混凝土造,,7029.51,2,1,1,有,無,6580000,822,其他,1.4,800000,,RPRWMLKMLHOFFCC78CB
安樂區,房地(土地+建物)+車位,基隆市安樂區基隆市安樂區武崙里20鄰武崙街197號3樓,0.14,住,,,1060728,土地1建物1車位1,三層,7,華廈(10層含以下有電梯),住家用,鋼筋混凝土造,,7029.51,2,1,1,有,無,5980000,808,升降機械,0.7,300000,,RPSWMLKMLHOFFCC88CB
安樂區,房地(土地+建物)+車位,基隆市安樂區基隆市安樂區武崙里20鄰武崙街197號4樓,0.14,住,,,1060501,土地1建物1車位1,四層,7,華廈(10層含以下有電梯),住家用,鋼筋混凝土造,,7029.51,2,1,1,有,無,6500000,811,其他,1.4,800000,,RPTWMLKMLHOFFCC98CB
安樂區,房地(土地+建物)+車位,基隆市安樂區基隆市安樂區武崙里20鄰武崙街197號5樓,0.14,住,,,1060428,土地1建物1車位1,五層,7,華廈(10層含以下有電梯),住家用,鋼筋混凝土造,,7029.51,2,1,1,有,無,6770000,849,其他,1.4,800000,,RPUWMLKMLHOFFCC09CB
安樂區,房地(土地+建物)+車位,基隆市安樂區基隆市安樂區武崙里20鄰武崙街197號6樓,0.14,住,,,1060331,土地1建物1車位1,六層,7,華廈(10層含以下有電梯),住家用,鋼筋混凝土造,,7029.51,2,1,1,有,無,6720000,842,其他,1.4,800000,,RPVWMLKMLHOFFCC56CB
安樂區,房地(土地+建物)+車位,基隆市安樂區基隆市安樂區武崙里20鄰武崙街195號2樓,0.14,住,,,1061002,土地1建物1車位1,二層,7,華廈(10層含以下有電梯),住家用,鋼筋混凝土造,,7029.51,2,1,1,有,無,6130000,829,升降機械,0.7,300000,,RPWWMLKMLHOFFCC66CB
安樂區,房地(土地+建物)+車位,基隆市安樂區基隆市安樂區武崙里20鄰武崙街195號3樓,0.14,住,,,1060730,土地1建物1車位1,三層,7,華廈(10層含以下有電梯),住家用,鋼筋混凝土造,,7029.51,2,1,1,有,無,6100000,825,升降機械,0.7,300000,,RPXWMLKMLHOFFCC76CB
安樂區,房地(土地+建物)+車位,基隆市安樂區基隆市安樂區武崙里20鄰武崙街195號4樓,0.14,住,,,1060616,土地1建物1車位1,四層,7,華廈(10層含以下有電梯),住家用,鋼筋混凝土造,,7029.51,2,1,1,有,無,6100000,825,升降機械,0.7,300000,,RPONNLKMLHOFFCC67CB
安樂區,房地(土地+建物)+車位,基隆市安樂區基隆市安樂區武崙里20鄰武崙街195號5樓,0.14,住,,,1060415,土地1建物1車位1,五層,7,華廈(10層含以下有電梯),住家用,鋼筋混凝土造,,7029.51,2,1,1,有,無,6700000,839,其他,1.4,800000,,RPPNNLKMLHOFFCC77CB
安樂區,房地(土地+建物)+車位,基隆市安樂區基隆市安樂區武崙里20鄰武崙街195號6樓,0.14,住,,,1060909,土地1建物1車位1,六層,7,華廈(10層含以下有電梯),住家用,鋼筋混凝土造,,7029.51,2,1,1,有,無,6800000,854,其他,1.4,800000,,RPQNNLKMLHOFFCC87CB
安樂區,房地(土地+建物)+車位,基隆市安樂區基隆市安樂區武崙里20鄰武崙街157號6樓,0.28,住,,,1060107,土地1建物1車位1,六層,7,華廈(10層含以下有電梯),住家用,鋼筋混凝土造,,7029.51,3,1,2,有,無,9680000,1263,其他,1.4,800000,,RPRNNLKMLHOFFCC97CB
安樂區,房地(土地+建物)+車位,基隆市安樂區基隆市安樂區武崙里20鄰武崙街153號3樓,0.14,住,,,1050918,土地1建物1車位1,三層,7,華廈(10層含以下有電梯),住家用,鋼筋混凝土造,,7029.51,2,1,1,有,無,6880000,865,其他,1.4,800000,,RPSNNLKMLHOFFCC08CB
安樂區,房地(土地+建物),基隆市安樂區基隆市安樂區武崙里20鄰武崙街153號5樓,0.14,住,,,1050921,土地1建物1車位0,五層,7,華廈(10層含以下有電梯),住家用,鋼筋混凝土造,,7029.51,2,1,1,有,無,6220000,885,,0.0,0,,RPTNNLKMLHOFFCC18CB
安樂區,房地(土地+建物)+車位,基隆市安樂區基隆市安樂區武崙里20鄰武崙街155號5樓,0.13,住,,,1050828,土地1建物1車位2,五層,7,華廈(10層含以下有電梯),住家用,鋼筋混凝土造,,7029.51,2,1,1,有,無,6780000,787,其他,2.1,1250000,,RPUNNLKMLHOFFCC28CB
安樂區,房地(土地+建物)+車位,基隆市安樂區基隆市安樂區武崙里20鄰武崙街155號6樓,0.13,住,,,1050920,土地1建物1車位1,六層,7,華廈(10層含以下有電梯),住家用,鋼筋混凝土造,,7029.51,2,1,1,有,無,6510000,798,其他,1.4,900000,,RPVNNLKMLHOFFCC38CB
安樂區,房地(土地+建物)+車位,基隆市安樂區基隆市安樂區武崙里20鄰武崙街175號3樓,0.3,住,,,1051122,土地1建物1車位1,三層,7,華廈(10層含以下有電梯),住家用,鋼筋混凝土造,,7029.51,3,1,2,有,無,9560000,1232,其他,1.4,900000,,RPWNNLKMLHOFFCC48CB
安樂區,房地(土地+建物)+車位,基隆市安樂區基隆市安樂區武崙里20鄰武崙街171號2樓,0.14,住,,,1050915,土地1建物1車位1,二層,7,華廈(10層含以下有電梯),住家用,鋼筋混凝土造,,7029.51,2,1,1,有,無,7180000,922,其他,1.4,700000,,RPXNNLKMLHOFFCC58CB
安樂區,房地(土地+建物)+車位,基隆市安樂區基隆市安樂區武崙里20鄰武崙街171號3樓,0.14,住,,,1051030,土地1建物1車位1,三層,7,華廈(10層含以下有電梯),住家用,鋼筋混凝土造,,7029.51,2,1,1,有,無,7050000,889,其他,1.4,800000,,RPOONLKMLHOFFCC77CB
安樂區,房地(土地+建物)+車位,基隆市安樂區基隆市安樂區武崙里20鄰武崙街171號5樓,0.14,住,,,1051030,土地1建物1車位1,五層,7,華廈(10層含以下有電梯),住家用,鋼筋混凝土造,,7029.51,2,1,1,有,無,7130000,901,其他,1.4,800000,,RPPONLKMLHOFFCC87CB
安樂區,房地(土地+建物)+車位,基隆市安樂區基隆市安樂區武崙里20鄰武崙街167號3樓,0.14,住,,,1050926,土地1建物1車位1,三層,7,華廈(10層含以下有電梯),住家用,鋼筋混凝土造,,7029.51,2,1,1,有,無,7050000,889,其他,1.4,800000,,RPQONLKMLHOFFCC97CB
安樂區,房地(土地+建物)+車位,基隆市安樂區基隆市安樂區武崙里20鄰武崙街163號4樓,0.14,住,,,1060212,土地1建物1車位1,四層,7,華廈(10層含以下有電梯),住家用,鋼筋混凝土造,,7029.51,2,1,1,有,無,5980000,808,升降機械,0.7,300000,,RPRONLKMLHOFFCC08CB
安樂區,房地(土地+建物)+車位,基隆市安樂區基隆市安樂區武崙里20鄰武崙街165號6樓,0.31,住,,,1050925,土地1建物1車位1,六層,7,華廈(10層含以下有電梯),住家用,鋼筋混凝土造,,7029.51,3,1,2,有,無,9680000,1263,其他,1.4,800000,,RPSONLKMLHOFFCC18CB
安樂區,房地(土地+建物)+車位,基隆市安樂區基隆市安樂區武崙里20鄰武崙街173號5樓,0.14,住,,,1050925,土地1建物1車位1,五層,7,華廈(10層含以下有電梯),住家用,鋼筋混凝土造,,7029.51,2,1,1,有,無,6200000,825,升降機械,0.7,400000,,RPTONLKMLHOFFCC28CB
安樂區,房地(土地+建物)+車位,基隆市安樂區基隆市安樂區武崙里20鄰武崙街173號6樓,0.14,住,,,1060102,土地1建物1車位1,六層,7,華廈(10層含以下有電梯),住家用,鋼筋混凝土造,,7029.51,2,1,1,有,無,6800000,839,其他,1.4,900000,,RPUONLKMLHOFFCC38CB
安樂區,房地(土地+建物)+車位,基隆市安樂區基隆市安樂區武崙里20鄰武崙街183號5樓,0.14,住,,,1051004,土地1建物1車位1,五層,7,華廈(10層含以下有電梯),住家用,鋼筋混凝土造,,7029.51,2,1,1,有,無,7090000,895,其他,1.4,800000,,RPVONLKMLHOFFCC48CB
安樂區,房地(土地+建物)+車位,基隆市安樂區基隆市安樂區武崙里20鄰武崙街183號6樓,0.14,住,,,1050915,土地1建物1車位1,六層,7,華廈(10層含以下有電梯),住家用,鋼筋混凝土造,,7029.51,2,1,1,有,無,7150000,904,其他,1.4,800000,,RPWONLKMLHOFFCC58CB
安樂區,房地(土地+建物)+車位,基隆市安樂區基隆市安樂區武崙里20鄰武崙街187號4樓,0.29,住,,,1060218,土地1建物1車位1,四層,7,華廈(10層含以下有電梯),住家用,鋼筋混凝土造,,7029.51,3,1,2,有,無,8580000,1093,其他,1.4,900000,,RPXONLKMLHOFFCC68CB
安樂區,房地(土地+建物)+車位,基隆市安樂區基隆市安樂區武崙里20鄰武崙街191號2樓,0.14,住,,,1060815,土地1建物1車位1,二層,7,華廈(10層含以下有電梯),住家用,鋼筋混凝土造,,7029.51,2,1,1,有,無,6180000,837,升降機械,0.7,300000,,RPOPNLKMLHOFFCC87CB
安樂區,房地(土地+建物)+車位,基隆市安樂區基隆市安樂區武崙里20鄰武崙街199號5樓,0.29,住,,,1051218,土地1建物1車位1,五層,7,華廈(10層含以下有電梯),住家用,鋼筋混凝土造,,7029.51,3,1,2,有,無,8960000,1218,升降機械,0.7,400000,,RPPPNLKMLHOFFCC97CB
