﻿編號,土地位置,土地移轉面積(平方公尺),使用分區或編定,權利人持分分母,權利人持分分子,移轉情形,地號
The serial number, land position,land shifting area square meter,the use zoning or compiles and checks,,,,land parcel
RPXNMLPKKHOFFAD58CB,頂美段,17.10,都市：住,10000,55,持分移轉,08390000
RPUNMLPKKHOFFAD28CB,頂美段,17.10,都市：住,10000,55,持分移轉,08390000
RPWNMLOKKHOFFAD38CB,頂美段,20.52,都市：住,10000,66,持分移轉,08390000
RPSOMLOKKHOFFAD08CB,頂美段,20.52,都市：住,10000,66,持分移轉,08390000
RPUOMLOKKHOFFAD28CB,頂美段,20.52,都市：住,10000,66,持分移轉,08390000
RPWNMLPKKHOFFAD48CB,頂美段,17.10,都市：住,10000,55,持分移轉,08390000
RPQOMLOKKHOFFAD87CB,頂美段,20.52,都市：住,10000,66,持分移轉,08390000
RPOOMLPKKHOFFAD77CB,頂美段,17.10,都市：住,10000,55,持分移轉,08390000
RPRNMLPKKHOFFAD97CB,頂美段,13.68,都市：住,10000,44,持分移轉,08390000
RPROMLOKKHOFFAD97CB,頂美段,20.52,都市：住,10000,66,持分移轉,08390000
RPQOMLPKKHOFFAD97CB,頂美段,17.10,都市：住,10000,55,持分移轉,08390000
RPROMLPKKHOFFAD08CB,頂美段,17.10,都市：住,10000,55,持分移轉,08390000
RPSOMLPKKHOFFAD18CB,頂美段,17.10,都市：住,10000,55,持分移轉,08390000
RPTOMLPKKHOFFAD28CB,頂美段,16.79,都市：住,10000,54,持分移轉,08390000
RPXOMLPKKHOFFAD68CB,頂美段,16.79,都市：住,10000,54,持分移轉,08390000
RPOPMLPKKHOFFAD87CB,頂美段,17.10,都市：住,10000,55,持分移轉,08390000
RPUOMLPKKHOFFAD38CB,頂美段,17.10,都市：住,10000,55,持分移轉,08390000
RPQPMLPKKHOFFAD08CB,頂美段,16.79,都市：住,10000,54,持分移轉,08390000
RPVOMLPKKHOFFAD48CB,頂美段,17.10,都市：住,10000,55,持分移轉,08390000
RPRPMLPKKHOFFAD18CB,頂美段,17.10,都市：住,10000,55,持分移轉,08390000
RPROMLMLKHOFFAD87CB,頂美段,16.79,都市：住,10000,54,持分移轉,08390000
RPWOMLPKKHOFFAD58CB,頂美段,17.10,都市：住,10000,55,持分移轉,08390000
RPPPMLPKKHOFFAD97CB,頂美段,16.79,都市：住,10000,54,持分移轉,08390000
RPSPMLPKKHOFFAD28CB,頂美段,17.10,都市：住,10000,55,持分移轉,08390000
RPVOMLMLKHOFFAD28CB,頂美段,16.79,都市：住,10000,54,持分移轉,08390000
RPSOMLMLKHOFFAD97CB,頂美段,17.10,都市：住,10000,55,持分移轉,08390000
RPTOMLMLKHOFFAD08CB,頂美段,18.34,都市：住,10000,59,持分移轉,08390000
RPOQMLMLKHOFFAD77CB,頂美段,17.10,都市：住,10000,55,持分移轉,08390000
RPTPMLMLKHOFFAD18CB,頂美段,17.10,都市：住,10000,55,持分移轉,08390000
RPQQMLMLKHOFFAD97CB,頂美段,16.79,都市：住,10000,54,持分移轉,08390000
RPXOMLMLKHOFFAD48CB,頂美段,17.10,都市：住,10000,55,持分移轉,08390000
RPSQMLMLKHOFFAD18CB,頂美段,17.10,都市：住,10000,55,持分移轉,08390000
RPTQMLMLKHOFFAD28CB,頂美段,17.10,都市：住,10000,55,持分移轉,08390000
RPWOMLMLKHOFFAD38CB,頂美段,17.10,都市：住,10000,55,持分移轉,08390000
RPRQMLMLKHOFFAD08CB,頂美段,17.10,都市：住,10000,55,持分移轉,08390000
RPSPMLMLKHOFFAD08CB,頂美段,17.10,都市：住,10000,55,持分移轉,08390000
RPRPMLMLKHOFFAD97CB,頂美段,16.48,都市：住,10000,53,持分移轉,08390000
RPQRMLMLKHOFFAD08CB,頂美段,17.10,都市：住,10000,55,持分移轉,08390000
RPSRMLMLKHOFFAD28CB,頂美段,16.79,都市：住,10000,54,持分移轉,08390000
RPURMLMLKHOFFAD48CB,頂美段,17.10,都市：住,10000,55,持分移轉,08390000
RPTRMLMLKHOFFAD38CB,頂美段,17.10,都市：住,10000,55,持分移轉,08390000
RPORMLMLKHOFFAD87CB,頂美段,17.10,都市：住,10000,55,持分移轉,08390000
RPVRMLMLKHOFFAD58CB,頂美段,16.17,都市：住,10000,52,持分移轉,08390000
RPVQMLMLKHOFFAD48CB,頂美段,17.10,都市：住,10000,55,持分移轉,08390000
RPPRMLMLKHOFFAD97CB,頂美段,16.79,都市：住,10000,54,持分移轉,08390000
RPWQMLMLKHOFFAD58CB,頂美段,17.10,都市：住,10000,55,持分移轉,08390000
RPVSMLMLKHOFFAD68CB,頂美段,15.85,都市：住,10000,51,持分移轉,08390000
RPSSMLMLKHOFFAD38CB,頂美段,15.85,都市：住,10000,51,持分移轉,08390000
RPRSMLMLKHOFFAD28CB,頂美段,15.23,都市：住,10000,49,持分移轉,08390000
RPTSMLMLKHOFFAD48CB,頂美段,15.85,都市：住,10000,51,持分移轉,08390000
RPRNMLRLKHOFFAD28CB,頂美段,15.85,都市：住,10000,51,持分移轉,08390000
RPXNMLRLKHOFFAD88CB,頂美段,15.85,都市：住,10000,51,持分移轉,08390000
RPPSMLMLKHOFFAD08CB,頂美段,15.54,都市：住,10000,50,持分移轉,08390000
RPSNMLRLKHOFFAD38CB,頂美段,15.85,都市：住,10000,51,持分移轉,08390000
RPTNMLRLKHOFFAD48CB,頂美段,15.85,都市：住,10000,51,持分移轉,08390000
RPUSMLMLKHOFFAD58CB,頂美段,15.85,都市：住,10000,51,持分移轉,08390000
RPPOMLRLKHOFFAD18CB,頂美段,15.85,都市：住,10000,51,持分移轉,08390000
RPSOMLRLKHOFFAD48CB,頂美段,15.85,都市：住,10000,51,持分移轉,08390000
RPVOMLRLKHOFFAD78CB,頂美段,15.85,都市：住,10000,51,持分移轉,08390000
RPQOMLRLKHOFFAD28CB,頂美段,15.85,都市：住,10000,51,持分移轉,08390000
RPUOMLRLKHOFFAD68CB,頂美段,15.85,都市：住,10000,51,持分移轉,08390000
RPXOMLRLKHOFFAD98CB,頂美段,15.85,都市：住,10000,51,持分移轉,08390000
RPOPMLOKLHOFFAD87CB,頂美段,15.85,都市：住,10000,51,持分移轉,08390000
RPROMLOKLHOFFAD08CB,頂美段,15.85,都市：住,10000,51,持分移轉,08390000
RPPPMLOKLHOFFAD97CB,頂美段,15.54,都市：住,10000,50,持分移轉,08390000
RPPOMLOKLHOFFAD87CB,頂美段,15.54,都市：住,10000,50,持分移轉,08390000
RPQOMLOKLHOFFAD97CB,頂美段,15.23,都市：住,10000,49,持分移轉,08390000
RPQPMLRLKHOFFAD38CB,頂美段,15.85,都市：住,10000,51,持分移轉,08390000
RPTNMLMKLHOFFAD97CB,頂美段,15.85,都市：住,10000,51,持分移轉,08390000
RPSPMLRLKHOFFAD58CB,頂美段,15.54,都市：住,10000,50,持分移轉,08390000
RPVPMLRLKHOFFAD88CB,頂美段,15.54,都市：住,10000,50,持分移轉,08390000
RPWOMLOKLHOFFAD58CB,頂美段,15.85,都市：住,10000,51,持分移轉,08390000
RPVPMLPKLHOFFAD68CB,頂美段,15.85,都市：住,10000,51,持分移轉,08390000
RPQPMLOKLHOFFAD08CB,頂美段,15.54,都市：住,10000,50,持分移轉,08390000
RPPOMLKLLHOFFAD57CB,頂美段,15.85,都市：住,10000,51,持分移轉,08390000
RPOOMLKLLHOFFAD47CB,頂美段,15.85,都市：住,10000,51,持分移轉,08390000
RPPPMLPKLHOFFAD08CB,頂美段,15.85,都市：住,10000,51,持分移轉,08390000
RPTPMLPKLHOFFAD48CB,頂美段,15.85,都市：住,10000,51,持分移轉,08390000
RPQPMLPKLHOFFAD18CB,頂美段,15.85,都市：住,10000,51,持分移轉,08390000
RPUPMLPKLHOFFAD58CB,頂美段,15.85,都市：住,10000,51,持分移轉,08390000
RPQOMLKLLHOFFAD67CB,頂美段,15.54,都市：住,10000,50,持分移轉,08390000
RPROMLKLLHOFFAD77CB,頂美段,15.54,都市：住,10000,50,持分移轉,08390000
RPPPMLKLLHOFFAD67CB,頂美段,16.17,都市：住,10000,52,持分移轉,08390000
RPOOMLLLLHOFFAD57CB,頂美段,16.17,都市：住,10000,52,持分移轉,08390000
RPTOMLKLLHOFFAD97CB,頂美段,15.85,都市：住,10000,51,持分移轉,08390000
RPRPMLKLLHOFFAD87CB,頂美段,16.17,都市：住,10000,52,持分移轉,08390000
RPXNMLLLLHOFFAD38CB,頂美段,16.17,都市：住,10000,52,持分移轉,08390000
RPSPMLKLLHOFFAD97CB,頂美段,16.17,都市：住,10000,52,持分移轉,08390000
RPQPMLKLLHOFFAD77CB,頂美段,15.85,都市：住,10000,51,持分移轉,08390000
RPQOMLLLLHOFFAD77CB,頂美段,16.17,都市：住,10000,52,持分移轉,08390000
RPPOMLLLLHOFFAD67CB,頂美段,15.85,都市：住,10000,51,持分移轉,08390000
RPROMLLLLHOFFAD87CB,頂美段,16.17,都市：住,10000,52,持分移轉,08390000
RPUOMLLLLHOFFAD18CB,頂美段,16.17,都市：住,10000,52,持分移轉,08390000
RPWOMLLLLHOFFAD38CB,頂美段,16.17,都市：住,10000,52,持分移轉,08390000
RPQQMLLLLHOFFAD97CB,頂美段,16.48,都市：住,10000,53,持分移轉,08390000
RPSOMLLLLHOFFAD97CB,頂美段,15.85,都市：住,10000,51,持分移轉,08390000
RPSQMLLLLHOFFAD18CB,頂美段,16.48,都市：住,10000,53,持分移轉,08390000
RPVOMLLLLHOFFAD28CB,頂美段,16.48,都市：住,10000,53,持分移轉,08390000
RPUQMLLLLHOFFAD38CB,頂美段,12.43,都市：住,10000,40,持分移轉,08390000
RPORMLLLLHOFFAD87CB,頂美段,16.17,都市：住,10000,52,持分移轉,08390000
RPWQMLLLLHOFFAD58CB,頂美段,12.12,都市：住,10000,39,持分移轉,08390000
RPQRMLLLLHOFFAD08CB,頂美段,16.48,都市：住,10000,53,持分移轉,08390000
RPXQMLLLLHOFFAD68CB,頂美段,12.12,都市：住,10000,39,持分移轉,08390000
RPURMLLLLHOFFAD48CB,頂美段,12.12,都市：住,10000,39,持分移轉,08390000
RPSNMLSLLHOFFAD58CB,頂美段,12.43,都市：住,10000,40,持分移轉,08390000
RPTRMLLLLHOFFAD38CB,頂美段,12.12,都市：住,10000,39,持分移轉,08390000
RPVRMLLLLHOFFAD58CB,頂美段,12.12,都市：住,10000,39,持分移轉,08390000
RPQNMLSLLHOFFAD38CB,頂美段,12.12,都市：住,10000,39,持分移轉,08390000
RPRRMLLLLHOFFAD18CB,頂美段,12.12,都市：住,10000,39,持分移轉,08390000
RPWRMLLLLHOFFAD68CB,頂美段,12.12,都市：住,10000,39,持分移轉,08390000
RPPNMLPLLHOFFAD97CB,頂美段,16.17,都市：住,10000,52,持分移轉,08390000
RPPOMLSLLHOFFAD38CB,頂美段,12.12,都市：住,10000,39,持分移轉,08390000
RPQOMLSLLHOFFAD48CB,頂美段,12.12,都市：住,10000,39,持分移轉,08390000
RPTNMLSLLHOFFAD68CB,頂美段,12.12,都市：住,10000,39,持分移轉,08390000
RPTOMLSLLHOFFAD78CB,頂美段,12.12,都市：住,10000,39,持分移轉,08390000
RPWOMLSLLHOFFAD09CB,頂美段,16.48,都市：住,10000,53,持分移轉,08390000
RPPPMLSLLHOFFAD48CB,頂美段,16.48,都市：住,10000,53,持分移轉,08390000
RPSOMLSLLHOFFAD68CB,頂美段,12.12,都市：住,10000,39,持分移轉,08390000
RPVOMLSLLHOFFAD98CB,頂美段,12.12,都市：住,10000,39,持分移轉,08390000
RPUOMLSLLHOFFAD88CB,頂美段,12.12,都市：住,10000,39,持分移轉,08390000
RPOPMLSLLHOFFAD38CB,頂美段,16.48,都市：住,10000,53,持分移轉,08390000
RPRPMLSLLHOFFAD68CB,頂美段,16.48,都市：住,10000,53,持分移轉,08390000
RPUPMLSLLHOFFAD98CB,頂美段,16.17,都市：住,10000,52,持分移轉,08390000
RPROMLSLLHOFFAD58CB,頂美段,12.12,都市：住,10000,39,持分移轉,08390000
RPVPMLSLLHOFFAD09CB,頂美段,16.48,都市：住,10000,53,持分移轉,08390000
RPPQMLSLLHOFFAD58CB,頂美段,15.85,都市：住,10000,51,持分移轉,08390000
RPQQMLSLLHOFFAD68CB,頂美段,15.85,都市：住,10000,51,持分移轉,08390000
RPWPMLSLLHOFFAD56CB,頂美段,16.48,都市：住,10000,53,持分移轉,08390000
RPRQMLSLLHOFFAD78CB,頂美段,16.17,都市：住,10000,52,持分移轉,08390000
RPSPMLSLLHOFFAD78CB,頂美段,16.48,都市：住,10000,53,持分移轉,08390000
RPXPMLSLLHOFFAD66CB,頂美段,16.48,都市：住,10000,53,持分移轉,08390000
RPOOMLTLLHOFFAD38CB,頂美段,16.17,都市：住,10000,52,持分移轉,08390000
RPQOMLTLLHOFFAD58CB,頂美段,16.17,都市：住,10000,52,持分移轉,08390000
RPXNMLTLLHOFFAD56CB,頂美段,16.17,都市：住,10000,52,持分移轉,08390000
RPTOMLTLLHOFFAD88CB,頂美段,15.85,都市：住,10000,51,持分移轉,08390000
RPTQMLSLLHOFFAD98CB,頂美段,16.17,都市：住,10000,52,持分移轉,08390000
RPROMLTLLHOFFAD68CB,頂美段,15.85,都市：住,10000,51,持分移轉,08390000
RPVOMLTLLHOFFAD09CB,頂美段,12.43,都市：住,10000,40,持分移轉,08390000
RPUOMLTLLHOFFAD98CB,頂美段,12.75,都市：住,10000,41,持分移轉,08390000
RPXOMLTLLHOFFAD66CB,頂美段,12.43,都市：住,10000,40,持分移轉,08390000
RPOPMLTLLHOFFAD48CB,頂美段,12.43,都市：住,10000,40,持分移轉,08390000
RPXPMLTLLHOFFAD76CB,頂美段,21.14,都市：住,10000,68,持分移轉,08390000
RPWPMLTLLHOFFAD66CB,頂美段,12.43,都市：住,10000,40,持分移轉,08390000
RPQPMLTLLHOFFAD68CB,頂美段,12.43,都市：住,10000,40,持分移轉,08390000
RPTPMLTLLHOFFAD98CB,頂美段,12.43,都市：住,10000,40,持分移轉,08390000
RPSQMLTLLHOFFAD98CB,頂美段,12.43,都市：住,10000,40,持分移轉,08390000
RPOQMLTLLHOFFAD58CB,頂美段,12.43,都市：住,10000,40,持分移轉,08390000
RPVQMLTLLHOFFAD66CB,頂美段,12.43,都市：住,10000,40,持分移轉,08390000
RPXQMLTLLHOFFAD86CB,頂美段,12.43,都市：住,10000,40,持分移轉,08390000
RPTQMLTLLHOFFAD09CB,頂美段,12.43,都市：住,10000,40,持分移轉,08390000
RPWQMLTLLHOFFAD76CB,頂美段,12.43,都市：住,10000,40,持分移轉,08390000
RPUQMLTLLHOFFAD56CB,頂美段,12.43,都市：住,10000,40,持分移轉,08390000
RPQQMLTLLHOFFAD78CB,頂美段,21.14,都市：住,10000,68,持分移轉,08390000
RPRQMLTLLHOFFAD88CB,頂美段,12.43,都市：住,10000,40,持分移轉,08390000
RPPQMLTLLHOFFAD68CB,頂美段,12.75,都市：住,10000,41,持分移轉,08390000
