﻿鄉鎮市區,交易標的,土地位置建物門牌,土地移轉總面積平方公尺,都市土地使用分區,非都市土地使用分區,非都市土地使用編定,交易年月日,交易筆棟數,移轉層次,總樓層數,建物型態,主要用途,主要建材,建築完成年月,建物移轉總面積平方公尺,建物現況格局-房,建物現況格局-廳,建物現況格局-衛,建物現況格局-隔間,有無管理組織,總價元,單價元平方公尺,車位類別,車位移轉總面積平方公尺,車位總價元,備註,編號
The villages and towns urban district,transaction sign,land sector position building sector house number plate,land shifting total area square meter,the use zoning or compiles and checks,the non-metropolis land use district,non-metropolis land use,transaction year month and day,transaction pen number,shifting level,total floor number,building state,main use,main building materials,construction to complete the years,building shifting total area,Building present situation pattern - room,building present situation pattern - hall,building present situation pattern - health,building present situation pattern - compartmented,Whether there is manages the organization,total price NTD,the unit price (NTD / square meter),the berth category,berth shifting total area square meter,the berth total price NTD,the note,serial number
中西區,房地(土地+建物)+車位,臺南市中西區民權路四段128號A2棟16樓,20.52,住,,,1050825,土地1建物1車位1,十六層,20,住宅大樓(11層含以上有電梯),住家用,鋼筋混凝土造,,189.1,4,1,2,有,無,9350000,53639,坡道平面,38.09,1250000,,RPWNMLOKKHOFFAD38CB
中西區,房地(土地+建物)+車位,臺南市中西區民權路四段128號A2棟17樓,20.52,住,,,1050319,土地1建物1車位1,十七層,20,住宅大樓(11層含以上有電梯),住家用,鋼筋混凝土造,,189.1,4,1,2,有,無,9650000,55957,坡道平面,38.09,1200000,,RPQOMLOKKHOFFAD87CB
中西區,房地(土地+建物)+車位,臺南市中西區民權路四段128號A2棟18樓,20.52,住,,,1051227,土地1建物1車位1,十八層,20,住宅大樓(11層含以上有電梯),住家用,鋼筋混凝土造,,189.1,4,1,2,有,無,9200000,52646,坡道平面,38.09,1250000,,RPROMLOKKHOFFAD97CB
中西區,房地(土地+建物)+車位,臺南市中西區民權路四段128號A2棟19樓,20.52,住,,,1050626,土地1建物1車位1,十九層,20,住宅大樓(11層含以上有電梯),住家用,鋼筋混凝土造,,187.04,4,1,2,有,無,9650000,55957,坡道平面,36.03,1200000,,RPSOMLOKKHOFFAD08CB
中西區,房地(土地+建物)+車位,臺南市中西區民權路四段128號A2棟20樓,20.52,住,,,1050125,土地1建物1車位1,二十層,20,住宅大樓(11層含以上有電梯),住家用,鋼筋混凝土造,,189.1,4,1,2,有,無,9320000,53771,坡道平面,38.09,1200000,,RPUOMLOKKHOFFAD28CB
中西區,房地(土地+建物)+車位,臺南市中西區民權路四段128號B1棟1樓,13.68,住,,,1050523,土地1建物1車位1,一層,20,住宅大樓(11層含以上有電梯),住家用,鋼筋混凝土造,,124.94,0,0,0,無,無,6830000,62018,坡道機械,29.0,880000,,RPRNMLPKKHOFFAD97CB
中西區,房地(土地+建物)+車位,臺南市中西區民權路四段128號B1棟2樓,17.1,住,,,1060807,土地1建物1車位1,二層,20,住宅大樓(11層含以上有電梯),住家用,鋼筋混凝土造,,159.41,3,1,2,有,無,7700000,52341,坡道平面,38.09,1350000,,RPUNMLPKKHOFFAD28CB
中西區,房地(土地+建物)+車位,臺南市中西區民權路四段128號B1棟3樓,17.1,住,,,1060619,土地1建物1車位1,三層,20,住宅大樓(11層含以上有電梯),住家用,鋼筋混凝土造,,162.13,3,1,2,有,無,7400000,48775,坡道平面,38.09,1350000,,RPWNMLPKKHOFFAD48CB
中西區,房地(土地+建物)+車位,臺南市中西區民權路四段128號B1棟4樓,17.1,住,,,1051017,土地1建物1車位1,四層,20,住宅大樓(11層含以上有電梯),住家用,鋼筋混凝土造,,160.07,3,1,2,有,無,7350000,49178,坡道平面,36.03,1250000,,RPXNMLPKKHOFFAD58CB
中西區,房地(土地+建物)+車位,臺南市中西區民權路四段128號B1棟5樓,17.1,住,,,1051226,土地1建物1車位1,五層,20,住宅大樓(11層含以上有電梯),住家用,鋼筋混凝土造,,162.13,3,1,2,有,無,7430000,49823,坡道平面,38.09,1250000,,RPOOMLPKKHOFFAD77CB
中西區,房地(土地+建物)+車位,臺南市中西區民權路四段128號B1棟6樓,17.1,住,,,1060209,土地1建物1車位1,六層,20,住宅大樓(11層含以上有電梯),住家用,鋼筋混凝土造,,162.13,3,1,2,有,無,7550000,50790,坡道平面,38.09,1250000,,RPQOMLPKKHOFFAD97CB
中西區,房地(土地+建物)+車位,臺南市中西區民權路四段128號B1棟7樓,17.1,住,,,1060327,土地1建物1車位1,七層,20,住宅大樓(11層含以上有電梯),住家用,鋼筋混凝土造,,162.13,3,1,2,有,無,7600000,51193,坡道平面,38.09,1250000,,RPROMLPKKHOFFAD08CB
中西區,房地(土地+建物)+車位,臺南市中西區民權路四段128號B1棟8樓,17.1,住,,,1060424,土地1建物1車位1,八層,20,住宅大樓(11層含以上有電梯),住家用,鋼筋混凝土造,,162.13,3,1,2,有,無,7450000,49984,坡道平面,38.09,1250000,,RPSOMLPKKHOFFAD18CB
中西區,房地(土地+建物)+車位,臺南市中西區民權路四段128號B1棟9樓,16.79,住,,,1060508,土地1建物1車位1,九層,20,住宅大樓(11層含以上有電梯),住家用,鋼筋混凝土造,,153.04,3,1,2,有,無,7250000,51354,坡道機械,29.0,880000,,RPTOMLPKKHOFFAD28CB
中西區,房地(土地+建物)+車位,臺南市中西區民權路四段128號B1棟10樓,17.1,住,,,1060223,土地1建物1車位1,十層,20,住宅大樓(11層含以上有電梯),住家用,鋼筋混凝土造,,162.13,3,1,2,有,無,7630000,51032,坡道平面,38.09,1300000,,RPUOMLPKKHOFFAD38CB
中西區,房地(土地+建物)+車位,臺南市中西區民權路四段128號B1棟11樓,17.1,住,,,1060710,土地1建物1車位1,十一層,20,住宅大樓(11層含以上有電梯),住家用,鋼筋混凝土造,,162.13,3,1,2,有,無,7650000,50790,坡道平面,38.09,1350000,,RPVOMLPKKHOFFAD48CB
中西區,房地(土地+建物)+車位,臺南市中西區民權路四段128號B1棟12樓,17.1,住,,,1060720,土地1建物1車位1,十二層,20,住宅大樓(11層含以上有電梯),住家用,鋼筋混凝土造,,160.07,3,1,2,有,無,7730000,51838,坡道平面,36.03,1300000,,RPWOMLPKKHOFFAD58CB
中西區,房地(土地+建物)+車位,臺南市中西區民權路四段128號B1棟13樓,16.79,住,,,1060911,土地1建物1車位1,十三層,20,住宅大樓(11層含以上有電梯),住家用,鋼筋混凝土造,,153.04,3,1,2,有,無,7400000,52564,坡道機械,29.0,880000,,RPXOMLPKKHOFFAD68CB
中西區,房地(土地+建物)+車位,臺南市中西區民權路四段128號B1棟14樓,17.1,住,,,1060829,土地1建物1車位1,十四層,20,住宅大樓(11層含以上有電梯),住家用,鋼筋混凝土造,,162.13,3,1,2,有,無,7600000,50790,坡道平面,38.09,1300000,,RPOPMLPKKHOFFAD87CB
中西區,房地(土地+建物)+車位,臺南市中西區民權路四段128號B1棟15樓,16.79,住,,,1060609,土地1建物1車位1,十五層,20,住宅大樓(11層含以上有電梯),住家用,鋼筋混凝土造,,153.13,3,1,2,有,無,7350000,52928,坡道機械,29.0,780000,,RPPPMLPKKHOFFAD97CB
中西區,房地(土地+建物)+車位,臺南市中西區民權路四段128號B1棟16樓,16.79,住,,,1061006,土地1建物1車位1,十六層,20,住宅大樓(11層含以上有電梯),住家用,鋼筋混凝土造,,153.13,3,1,2,有,無,7350000,52928,坡道機械,29.0,780000,,RPQPMLPKKHOFFAD08CB
中西區,房地(土地+建物)+車位,臺南市中西區民權路四段128號B1棟17樓,17.1,住,,,1050423,土地1建物1車位1,十七層,20,住宅大樓(11層含以上有電梯),住家用,鋼筋混凝土造,,162.22,3,1,2,有,無,8200000,55587,坡道平面,38.09,1300000,,RPRPMLPKKHOFFAD18CB
中西區,房地(土地+建物)+車位,臺南市中西區民權路四段128號B1棟18樓,17.1,住,,,1060603,土地1建物1車位1,十八層,20,住宅大樓(11層含以上有電梯),住家用,鋼筋混凝土造,,162.22,3,1,2,有,無,7770000,51720,坡道平面,38.09,1350000,,RPSPMLPKKHOFFAD28CB
中西區,房地(土地+建物)+車位,臺南市中西區民權路四段128號B1棟19樓,16.79,住,,,1060710,土地1建物1車位1,十九層,20,住宅大樓(11層含以上有電梯),住家用,鋼筋混凝土造,,153.13,3,1,2,有,無,7430000,54378,坡道機械,29.0,680000,,RPROMLMLKHOFFAD87CB
中西區,房地(土地+建物)+車位,臺南市中西區民權路四段128號B1棟20樓,17.1,住,,,1061027,土地1建物1車位1,二十層,20,住宅大樓(11層含以上有電梯),住家用,鋼筋混凝土造,,162.22,3,1,2,有,無,7880000,51398,坡道平面,38.09,1500000,,RPSOMLMLKHOFFAD97CB
中西區,房地(土地+建物)+車位,臺南市中西區民權路四段128號B2棟1樓,18.34,住,,,1060809,土地1建物1車位1,一層,20,住宅大樓(11層含以上有電梯),住家用,鋼筋混凝土造,,165.26,0,0,0,無,無,7950000,53472,坡道平面,38.09,1150000,,RPTOMLMLKHOFFAD08CB
中西區,房地(土地+建物)+車位,臺南市中西區民權路四段128號B2棟2樓,16.79,住,,,1051021,土地1建物1車位1,二層,20,住宅大樓(11層含以上有電梯),住家用,鋼筋混凝土造,,151.21,3,1,2,有,無,6680000,48278,坡道機械,29.0,780000,,RPVOMLMLKHOFFAD28CB
中西區,房地(土地+建物)+車位,臺南市中西區民權路四段128號B2棟3樓,17.1,住,,,1060612,土地1建物1車位1,三層,20,住宅大樓(11層含以上有電梯),住家用,鋼筋混凝土造,,162.75,3,1,2,有,無,7530000,49575,坡道平面,38.09,1350000,,RPWOMLMLKHOFFAD38CB
中西區,房地(土地+建物)+車位,臺南市中西區民權路四段128號B2棟4樓,17.1,住,,,1060612,土地1建物1車位1,四層,20,住宅大樓(11層含以上有電梯),住家用,鋼筋混凝土造,,162.75,3,1,2,有,無,7500000,49334,坡道平面,38.09,1350000,,RPXOMLMLKHOFFAD48CB
中西區,房地(土地+建物),臺南市中西區民權路四段128號B2棟5樓,16.48,住,,,1051226,土地1建物1車位0,五層,20,住宅大樓(11層含以上有電梯),住家用,鋼筋混凝土造,,124.66,3,1,2,有,無,6570000,52703,,0.0,0,,RPRPMLMLKHOFFAD97CB
中西區,房地(土地+建物)+車位,臺南市中西區民權路四段128號B2棟6樓,17.1,住,,,1051021,土地1建物1車位1,六層,20,住宅大樓(11層含以上有電梯),住家用,鋼筋混凝土造,,162.75,3,1,2,有,無,7650000,51340,坡道平面,38.09,1250000,,RPSPMLMLKHOFFAD08CB
中西區,房地(土地+建物)+車位,臺南市中西區民權路四段128號B2棟7樓,17.1,住,,,1050214,土地1建物1車位1,七層,20,住宅大樓(11層含以上有電梯),住家用,鋼筋混凝土造,,162.75,3,1,2,有,無,7700000,52142,坡道平面,38.09,1200000,,RPTPMLMLKHOFFAD18CB
中西區,房地(土地+建物)+車位,臺南市中西區民權路四段128號B2棟8樓,17.1,住,,,1060305,土地1建物1車位1,八層,20,住宅大樓(11層含以上有電梯),住家用,鋼筋混凝土造,,162.75,3,1,2,有,無,7800000,51741,坡道平面,38.09,1350000,,RPOQMLMLKHOFFAD77CB
中西區,房地(土地+建物)+車位,臺南市中西區民權路四段128號B2棟9樓,16.79,住,,,1060911,土地1建物1車位1,九層,20,住宅大樓(11層含以上有電梯),住家用,鋼筋混凝土造,,153.66,3,1,2,有,無,7260000,51179,坡道機械,29.0,880000,,RPQQMLMLKHOFFAD97CB
中西區,房地(土地+建物)+車位,臺南市中西區民權路四段128號B2棟10樓,17.1,住,,,1060703,土地1建物1車位1,十層,20,住宅大樓(11層含以上有電梯),住家用,鋼筋混凝土造,,162.75,3,1,2,有,無,7710000,51019,坡道平面,38.09,1350000,,RPRQMLMLKHOFFAD08CB
中西區,房地(土地+建物)+車位,臺南市中西區民權路四段128號B2棟11樓,17.1,住,,,1060212,土地1建物1車位1,十一層,20,住宅大樓(11層含以上有電梯),住家用,鋼筋混凝土造,,162.75,3,1,2,有,無,7950000,52872,坡道平面,36.03,1250000,,RPSQMLMLKHOFFAD18CB
中西區,房地(土地+建物)+車位,臺南市中西區民權路四段128號B2棟12樓,17.1,住,,,1060508,土地1建物1車位1,十二層,20,住宅大樓(11層含以上有電梯),住家用,鋼筋混凝土造,,160.69,3,1,2,有,無,7590000,51259,坡道平面,36.03,1200000,,RPTQMLMLKHOFFAD28CB
中西區,房地(土地+建物)+車位,臺南市中西區民權路四段128號B2棟13樓,17.1,住,,,1060419,土地1建物1車位1,十三層,20,住宅大樓(11層含以上有電梯),住家用,鋼筋混凝土造,,160.69,3,1,2,有,無,7770000,52302,坡道平面,36.03,1250000,,RPVQMLMLKHOFFAD48CB
中西區,房地(土地+建物)+車位,臺南市中西區民權路四段128號B2棟14樓,17.1,住,,,1060807,土地1建物1車位1,十四層,20,住宅大樓(11層含以上有電梯),住家用,鋼筋混凝土造,,162.75,3,1,2,有,無,7680000,51179,坡道平面,38.09,1300000,,RPWQMLMLKHOFFAD58CB
中西區,房地(土地+建物)+車位,臺南市中西區民權路四段128號B2棟15樓,17.1,住,,,1060807,土地1建物1車位1,十五層,20,住宅大樓(11層含以上有電梯),住家用,鋼筋混凝土造,,162.84,3,1,2,有,無,7800000,51303,坡道平面,38.09,1400000,,RPORMLMLKHOFFAD87CB
中西區,房地(土地+建物)+車位,臺南市中西區民權路四段128號B2棟16樓,16.79,住,,,1061031,土地1建物1車位1,十六層,20,住宅大樓(11層含以上有電梯),住家用,鋼筋混凝土造,,153.75,3,1,2,有,無,7350000,52665,坡道機械,29.0,780000,,RPPRMLMLKHOFFAD97CB
中西區,房地(土地+建物)+車位,臺南市中西區民權路四段128號B2棟17樓,17.1,住,,,1060808,土地1建物1車位1,十七層,20,住宅大樓(11層含以上有電梯),住家用,鋼筋混凝土造,,162.84,3,1,2,有,無,7800000,51303,坡道平面,38.09,1400000,,RPQRMLMLKHOFFAD08CB
中西區,房地(土地+建物)+車位,臺南市中西區民權路四段128號B2棟18樓,16.79,住,,,1061030,土地1建物1車位1,十八層,20,住宅大樓(11層含以上有電梯),住家用,鋼筋混凝土造,,153.75,3,1,2,有,無,7350000,52665,坡道機械,29.0,780000,,RPSRMLMLKHOFFAD28CB
中西區,房地(土地+建物)+車位,臺南市中西區民權路四段128號B2棟19樓,17.1,住,,,1060619,土地1建物1車位1,十九層,20,住宅大樓(11層含以上有電梯),住家用,鋼筋混凝土造,,162.84,3,1,2,有,無,7880000,52345,坡道平面,38.09,1350000,,RPTRMLMLKHOFFAD38CB
中西區,房地(土地+建物)+車位,臺南市中西區民權路四段128號B2棟20樓,17.1,住,,,1061129,土地1建物1車位1,二十層,20,住宅大樓(11層含以上有電梯),住家用,鋼筋混凝土造,,160.78,3,1,2,有,無,7550000,49299,坡道平面,36.03,1400000,,RPURMLMLKHOFFAD48CB
中西區,房地(土地+建物)+車位,臺南市中西區民權路四段128號B3棟2樓,16.17,住,,,1060216,土地1建物1車位1,二層,20,住宅大樓(11層含以上有電梯),住家用,鋼筋混凝土造,,152.29,3,1,2,有,無,6600000,47723,坡道平面,38.09,1150000,,RPVRMLMLKHOFFAD58CB
中西區,房地(土地+建物)+車位,臺南市中西區民權路四段128號B3棟3樓,15.54,住,,,1051121,土地1建物1車位1,三層,20,住宅大樓(11層含以上有電梯),住家用,鋼筋混凝土造,,145.45,3,1,2,有,無,6600000,49120,坡道機械,29.0,880000,,RPPSMLMLKHOFFAD08CB
中西區,房地(土地+建物),臺南市中西區民權路四段128號B3棟4樓,15.23,住,,,1050621,土地1建物1車位0,四層,20,住宅大樓(11層含以上有電梯),住家用,鋼筋混凝土造,,116.45,3,1,2,有,無,6100000,52383,,0.0,0,,RPRSMLMLKHOFFAD28CB
中西區,房地(土地+建物)+車位,臺南市中西區民權路四段128號B3棟5樓,15.85,住,,,1050828,土地1建物1車位1,五層,20,住宅大樓(11層含以上有電梯),住家用,鋼筋混凝土造,,154.54,3,1,2,有,無,7000000,49377,坡道平面,38.09,1250000,,RPSSMLMLKHOFFAD38CB
中西區,房地(土地+建物)+車位,臺南市中西區民權路四段128號B3棟6樓,15.85,住,,,1060303,土地1建物1車位1,六層,20,住宅大樓(11層含以上有電梯),住家用,鋼筋混凝土造,,154.54,3,1,2,有,無,7020000,49549,坡道平面,38.09,1250000,,RPTSMLMLKHOFFAD48CB
中西區,房地(土地+建物)+車位,臺南市中西區民權路四段128號B3棟7樓,15.85,住,,,1050709,土地1建物1車位1,七層,20,住宅大樓(11層含以上有電梯),住家用,鋼筋混凝土造,,154.54,3,1,2,有,無,7150000,50666,坡道平面,38.09,1250000,,RPUSMLMLKHOFFAD58CB
中西區,房地(土地+建物)+車位,臺南市中西區民權路四段128號B3棟8樓,15.85,住,,,1060601,土地1建物1車位1,八層,20,住宅大樓(11層含以上有電梯),住家用,鋼筋混凝土造,,152.48,3,1,2,有,無,7200000,50666,坡道平面,36.03,1300000,,RPVSMLMLKHOFFAD68CB
中西區,房地(土地+建物)+車位,臺南市中西區民權路四段128號B3棟9樓,15.85,住,,,1060724,土地1建物1車位1,九層,20,住宅大樓(11層含以上有電梯),住家用,鋼筋混凝土造,,154.54,3,1,2,有,無,7160000,50322,坡道平面,38.09,1300000,,RPRNMLRLKHOFFAD28CB
中西區,房地(土地+建物)+車位,臺南市中西區民權路四段128號B3棟10樓,15.85,住,,,1051019,土地1建物1車位1,十層,20,住宅大樓(11層含以上有電梯),住家用,鋼筋混凝土造,,154.54,3,1,2,有,無,7210000,50751,坡道平面,38.09,1300000,,RPSNMLRLKHOFFAD38CB
中西區,房地(土地+建物)+車位,臺南市中西區民權路四段128號B3棟11樓,15.85,住,,,1051223,土地1建物1車位1,十一層,20,住宅大樓(11層含以上有電梯),住家用,鋼筋混凝土造,,154.47,3,1,2,有,無,7250000,52415,坡道平面,38.09,1150000,,RPTNMLRLKHOFFAD48CB
中西區,房地(土地+建物)+車位,臺南市中西區民權路四段128號B3棟12樓,15.85,住,,,1051101,土地1建物1車位1,十二層,20,住宅大樓(11層含以上有電梯),住家用,鋼筋混凝土造,,154.47,3,1,2,有,無,7500000,52844,坡道平面,38.09,1350000,,RPXNMLRLKHOFFAD88CB
中西區,房地(土地+建物)+車位,臺南市中西區民權路四段128號B3棟13樓,15.85,住,,,1060619,土地1建物1車位1,十三層,20,住宅大樓(11層含以上有電梯),住家用,鋼筋混凝土造,,154.47,3,1,2,有,無,7330000,51383,坡道平面,38.09,1350000,,RPPOMLRLKHOFFAD18CB
中西區,房地(土地+建物)+車位,臺南市中西區民權路四段128號B3棟14樓,15.85,住,,,1050816,土地1建物1車位1,十四層,20,住宅大樓(11層含以上有電梯),住家用,鋼筋混凝土造,,154.47,3,1,2,有,無,7500000,53274,坡道平面,38.09,1300000,,RPQOMLRLKHOFFAD28CB
中西區,房地(土地+建物)+車位,臺南市中西區民權路四段128號B3棟15樓,15.85,住,,,1050123,土地1建物1車位1,十五層,20,住宅大樓(11層含以上有電梯),住家用,鋼筋混凝土造,,154.47,3,1,2,有,無,7530000,54820,坡道平面,38.09,1150000,,RPSOMLRLKHOFFAD48CB
中西區,房地(土地+建物)+車位,臺南市中西區民權路四段128號B3棟16樓,15.85,住,,,1060419,土地1建物1車位1,十六層,20,住宅大樓(11層含以上有電梯),住家用,鋼筋混凝土造,,152.41,3,1,2,有,無,7450000,52844,坡道平面,36.03,1300000,,RPUOMLRLKHOFFAD68CB
中西區,房地(土地+建物)+車位,臺南市中西區民權路四段128號B3棟17樓,15.85,住,,,1060921,土地1建物1車位1,十七層,20,住宅大樓(11層含以上有電梯),住家用,鋼筋混凝土造,,154.47,3,1,2,有,無,7300000,50266,坡道平面,38.09,1450000,,RPVOMLRLKHOFFAD78CB
中西區,房地(土地+建物)+車位,臺南市中西區民權路四段128號B3棟18樓,15.85,住,,,1061027,土地1建物1車位1,十八層,20,住宅大樓(11層含以上有電梯),住家用,鋼筋混凝土造,,152.41,3,1,2,有,無,7460000,51641,坡道平面,36.03,1450000,,RPXOMLRLKHOFFAD98CB
中西區,房地(土地+建物)+車位,臺南市中西區民權路四段128號B3棟19樓,15.85,住,,,1061106,土地1建物1車位1,十九層,20,住宅大樓(11層含以上有電梯),住家用,鋼筋混凝土造,,154.47,3,1,2,有,無,7470000,51727,坡道平面,38.09,1450000,,RPQPMLRLKHOFFAD38CB
中西區,房地(土地+建物)+車位,臺南市中西區民權路四段128號B3棟20樓,15.54,住,,,1061205,土地1建物1車位1,二十層,20,住宅大樓(11層含以上有電梯),住家用,鋼筋混凝土造,,145.38,3,1,2,有,無,6800000,50868,坡道機械,29.0,880000,,RPSPMLRLKHOFFAD58CB
中西區,房地(土地+建物),臺南市中西區民權路四段128號B5棟2樓,15.54,住,,,1061107,土地1建物1車位0,二層,20,住宅大樓(11層含以上有電梯),住家用,鋼筋混凝土造,,113.74,3,1,2,有,無,6500000,57148,,0.0,0,,RPVPMLRLKHOFFAD88CB
中西區,房地(土地+建物)+車位,臺南市中西區民權路四段128號B5棟3樓,15.85,住,,,1050921,土地1建物1車位1,三層,20,住宅大樓(11層含以上有電梯),住家用,鋼筋混凝土造,,154.05,3,1,2,有,無,6680000,47689,坡道平面,38.09,1150000,,RPTNMLMKLHOFFAD97CB
中西區,房地(土地+建物)+車位,臺南市中西區民權路四段128號B5棟4樓,15.54,住,,,1051031,土地1建物1車位1,四層,20,住宅大樓(11層含以上有電梯),住家用,鋼筋混凝土造,,144.96,3,1,2,有,無,6380000,48293,坡道機械,29.0,780000,,RPPOMLOKLHOFFAD87CB
中西區,房地(土地+建物),臺南市中西區民權路四段128號B5棟5樓,15.23,住,,,1050424,土地1建物1車位0,五層,20,住宅大樓(11層含以上有電梯),住家用,鋼筋混凝土造,,115.96,3,1,2,有,無,6130000,52863,,0.0,0,,RPQOMLOKLHOFFAD97CB
中西區,房地(土地+建物)+車位,臺南市中西區民權路四段128號B5棟6樓,15.85,住,,,1050724,土地1建物1車位1,六層,20,住宅大樓(11層含以上有電梯),住家用,鋼筋混凝土造,,151.99,3,1,2,有,無,6980000,49845,坡道平面,36.03,1200000,,RPROMLOKLHOFFAD08CB
中西區,房地(土地+建物)+車位,臺南市中西區民權路四段128號B5棟7樓,15.85,住,,,1050521,土地1建物1車位1,七層,20,住宅大樓(11層含以上有電梯),住家用,鋼筋混凝土造,,154.05,3,1,2,有,無,7100000,51311,坡道平面,38.09,1150000,,RPWOMLOKLHOFFAD58CB
中西區,房地(土地+建物)+車位,臺南市中西區民權路四段128號B5棟8樓,15.85,住,,,1060103,土地1建物1車位1,八層,20,住宅大樓(11層含以上有電梯),住家用,鋼筋混凝土造,,154.05,3,1,2,有,無,7400000,52173,坡道平面,38.09,1350000,,RPOPMLOKLHOFFAD87CB
中西區,房地(土地+建物)+車位,臺南市中西區民權路四段128號B5棟9樓,15.54,住,,,1060519,土地1建物1車位1,九層,20,住宅大樓(11層含以上有電梯),住家用,鋼筋混凝土造,,144.96,3,1,2,有,無,6740000,51397,坡道機械,29.0,780000,,RPPPMLOKLHOFFAD97CB
中西區,房地(土地+建物)+車位,臺南市中西區民權路四段128號B5棟10樓,15.54,住,,,1051114,土地1建物1車位1,十層,20,住宅大樓(11層含以上有電梯),住家用,鋼筋混凝土造,,151.99,3,1,2,有,無,7150000,51311,坡道平面,36.03,1200000,,RPQPMLOKLHOFFAD08CB
中西區,房地(土地+建物)+車位,臺南市中西區民權路四段128號B5棟11樓,15.85,住,,,1060515,土地1建物1車位1,十一層,20,住宅大樓(11層含以上有電梯),住家用,鋼筋混凝土造,,153.98,3,1,2,有,無,7200000,50479,坡道平面,38.09,1350000,,RPPPMLPKLHOFFAD08CB
中西區,房地(土地+建物)+車位,臺南市中西區民權路四段128號B5棟12樓,15.85,住,,,1060115,土地1建物1車位1,十二層,20,住宅大樓(11層含以上有電梯),住家用,鋼筋混凝土造,,153.98,3,1,2,有,無,7180000,51169,坡道平面,38.09,1250000,,RPQPMLPKLHOFFAD18CB
中西區,房地(土地+建物)+車位,臺南市中西區民權路四段128號B5棟13樓,15.85,住,,,1060807,土地1建物1車位1,十三層,20,住宅大樓(11層含以上有電梯),住家用,鋼筋混凝土造,,153.98,3,1,2,有,無,7300000,51773,坡道平面,38.09,1300000,,RPTPMLPKLHOFFAD48CB
中西區,房地(土地+建物)+車位,臺南市中西區民權路四段128號B5棟14樓,15.85,住,,,1051031,土地1建物1車位1,十四層,20,住宅大樓(11層含以上有電梯),住家用,鋼筋混凝土造,,153.98,3,1,2,有,無,7300000,52205,坡道平面,38.09,1250000,,RPUPMLPKLHOFFAD58CB
中西區,房地(土地+建物)+車位,臺南市中西區民權路四段128號B5棟15樓,15.85,住,,,1050124,土地1建物1車位1,十五層,20,住宅大樓(11層含以上有電梯),住家用,鋼筋混凝土造,,153.98,3,1,2,有,無,7470000,54534,坡道平面,38.09,1150000,,RPVPMLPKLHOFFAD68CB
中西區,房地(土地+建物)+車位,臺南市中西區民權路四段128號B5棟16樓,15.85,住,,,1060414,土地1建物1車位1,十六層,20,住宅大樓(11層含以上有電梯),住家用,鋼筋混凝土造,,153.98,3,1,2,有,無,7280000,51601,坡道平面,38.09,1300000,,RPOOMLKLLHOFFAD47CB
中西區,房地(土地+建物)+車位,臺南市中西區民權路四段128號B5棟17樓,15.85,住,,,1060125,土地1建物1車位1,十七層,20,住宅大樓(11層含以上有電梯),住家用,鋼筋混凝土造,,153.98,3,1,2,有,無,7700000,54793,坡道平面,38.09,1350000,,RPPOMLKLLHOFFAD57CB
中西區,房地(土地+建物)+車位,臺南市中西區民權路四段128號B5棟18樓,15.54,住,,,1060904,土地1建物1車位1,十八層,20,住宅大樓(11層含以上有電梯),住家用,鋼筋混凝土造,,144.89,3,1,2,有,無,6900000,51946,坡道機械,29.0,880000,,RPQOMLKLLHOFFAD67CB
中西區,房地(土地+建物)+車位,臺南市中西區民權路四段128號B5棟19樓,15.54,住,,,1061121,土地1建物1車位1,十九層,20,住宅大樓(11層含以上有電梯),住家用,鋼筋混凝土造,,144.89,3,1,2,有,無,6890000,52722,坡道機械,29.0,780000,,RPROMLKLLHOFFAD77CB
中西區,房地(土地+建物)+車位,臺南市中西區民權路四段128號B5棟20樓,15.85,住,,,1060918,土地1建物1車位1,二十層,20,住宅大樓(11層含以上有電梯),住家用,鋼筋混凝土造,,151.92,3,1,2,有,無,8000000,56519,坡道平面,36.03,1450000,,RPTOMLKLLHOFFAD97CB
中西區,房地(土地+建物)+車位,臺南市中西區民權路四段128號C1棟3樓,16.17,住,,,1050111,土地1建物1車位1,三層,10,華廈(10層含以下有電梯),住家用,鋼筋混凝土造,,155.91,3,1,2,有,無,7150000,50925,坡道平面,38.09,1150000,,RPPPMLKLLHOFFAD67CB
中西區,房地(土地+建物)+車位,臺南市中西區民權路四段128號C1棟4樓,15.85,住,,,1061110,土地1建物1車位1,四層,10,華廈(10層含以下有電梯),住家用,鋼筋混凝土造,,146.81,3,1,2,有,無,6680000,50081,坡道機械,29.0,780000,,RPQPMLKLLHOFFAD77CB
中西區,房地(土地+建物)+車位,臺南市中西區民權路四段128號C1棟2樓,16.17,住,,,1041216,土地1建物1車位1,二層,10,華廈(10層含以下有電梯),住家用,鋼筋混凝土造,,152.07,3,1,2,有,無,6950000,49131,坡道平面,38.09,1350000,,RPRPMLKLLHOFFAD87CB
中西區,房地(土地+建物)+車位,臺南市中西區民權路四段128號C1棟5樓,16.17,住,,,1060515,土地1建物1車位1,五層,10,華廈(10層含以下有電梯),住家用,鋼筋混凝土造,,155.9,3,1,2,有,無,7230000,49911,坡道平面,38.09,1350000,,RPSPMLKLLHOFFAD97CB
中西區,房地(土地+建物)+車位,臺南市中西區民權路四段128號C1棟6樓,16.17,住,,,1050703,土地1建物1車位1,六層,10,華廈(10層含以下有電梯),住家用,鋼筋混凝土造,,155.9,3,1,2,有,無,7160000,51014,坡道平面,38.09,1150000,,RPXNMLLLLHOFFAD38CB
中西區,房地(土地+建物)+車位,臺南市中西區民權路四段128號C1棟7樓,16.17,住,,,1051108,土地1建物1車位1,七層,10,華廈(10層含以下有電梯),住家用,鋼筋混凝土造,,155.9,3,1,2,有,無,7480000,52033,坡道平面,38.09,1350000,,RPOOMLLLLHOFFAD57CB
中西區,房地(土地+建物)+車位,臺南市中西區民權路四段128號C1棟8樓,15.85,住,,,1060522,土地1建物1車位1,八層,10,華廈(10層含以下有電梯),住家用,鋼筋混凝土造,,146.81,3,1,2,有,無,6890000,51014,坡道機械,29.0,880000,,RPPOMLLLLHOFFAD67CB
中西區,房地(土地+建物)+車位,臺南市中西區民權路四段128號C1棟9樓,16.17,住,,,1060925,土地1建物1車位1,九層,10,華廈(10層含以下有電梯),住家用,鋼筋混凝土造,,155.9,3,1,2,有,無,7300000,50081,坡道平面,38.09,1400000,,RPQOMLLLLHOFFAD77CB
中西區,房地(土地+建物)+車位,臺南市中西區民權路四段128號C1棟10樓,16.17,住,,,1060828,土地1建物1車位1,十層,10,華廈(10層含以下有電梯),住家用,鋼筋混凝土造,,155.9,3,1,2,有,無,7390000,50845,坡道平面,38.09,1400000,,RPROMLLLLHOFFAD87CB
中西區,房地(土地+建物),臺南市中西區民權路四段128號C2棟2樓,15.85,住,,,1060728,土地1建物1車位0,二層,10,華廈(10層含以下有電梯),住家用,鋼筋混凝土造,,117.62,3,1,2,有,無,7100000,60364,,0.0,0,,RPSOMLLLLHOFFAD97CB
中西區,房地(土地+建物)+車位,臺南市中西區民權路四段128號C2棟4樓,16.17,住,,,1060405,土地1建物1車位1,四層,10,華廈(10層含以下有電梯),住家用,鋼筋混凝土造,,148.93,3,1,2,有,無,6580000,48362,坡道機械,29.0,780000,,RPUOMLLLLHOFFAD18CB
中西區,房地(土地+建物)+車位,臺南市中西區民權路四段128號C2棟5樓,16.48,住,,,1050519,土地1建物1車位1,五層,10,華廈(10層含以下有電梯),住家用,鋼筋混凝土造,,155.96,3,1,2,有,無,7200000,50029,坡道平面,36.03,1200000,,RPVOMLLLLHOFFAD28CB
中西區,房地(土地+建物)+車位,臺南市中西區民權路四段128號C2棟6樓,16.17,住,,,1060508,土地1建物1車位1,六層,10,華廈(10層含以下有電梯),住家用,鋼筋混凝土造,,148.93,3,1,2,有,無,6870000,50780,坡道機械,29.0,780000,,RPWOMLLLLHOFFAD38CB
中西區,房地(土地+建物)+車位,臺南市中西區民權路四段128號C2棟8樓,16.48,住,,,1060720,土地1建物1車位1,八層,10,華廈(10層含以下有電梯),住家用,鋼筋混凝土造,,158.02,3,1,2,有,無,7520000,51030,坡道平面,38.09,1400000,,RPQQMLLLLHOFFAD97CB
中西區,房地(土地+建物)+車位,臺南市中西區民權路四段128號C2棟10樓,16.48,住,,,1051228,土地1建物1車位1,十層,10,華廈(10層含以下有電梯),住家用,鋼筋混凝土造,,158.02,3,1,2,有,無,7390000,50780,坡道平面,38.09,1300000,,RPSQMLLLLHOFFAD18CB
中西區,房地(土地+建物)+車位,臺南市中西區民權路四段128號C3棟2樓,12.43,住,,,1041231,土地1建物1車位1,二層,10,華廈(10層含以下有電梯),住家用,鋼筋混凝土造,,118.49,2,1,2,有,無,5200000,50508,坡道機械,29.0,680000,,RPUQMLLLLHOFFAD38CB
中西區,房地(土地+建物)+車位,臺南市中西區民權路四段128號C3棟3樓,12.12,住,,,1050131,土地1建物1車位1,三層,10,華廈(10層含以下有電梯),住家用,鋼筋混凝土造,,120.81,2,1,2,有,無,5410000,51519,坡道機械,29.0,680000,,RPWQMLLLLHOFFAD58CB
中西區,房地(土地+建物)+車位,臺南市中西區民權路四段128號C3棟4樓,12.12,住,,,1050122,土地1建物1車位1,四層,10,華廈(10層含以下有電梯),住家用,鋼筋混凝土造,,120.8,2,1,2,有,無,5350000,50871,坡道機械,29.0,680000,,RPXQMLLLLHOFFAD68CB
中西區,房地(土地+建物)+車位,臺南市中西區民權路四段128號C2棟7樓,16.17,住,,,1060517,土地1建物1車位1,七層,10,華廈(10層含以下有電梯),住家用,鋼筋混凝土造,,148.93,3,1,2,有,無,6780000,50029,坡道機械,29.0,780000,,RPORMLLLLHOFFAD87CB
中西區,房地(土地+建物)+車位,臺南市中西區民權路四段128號C2棟9樓,16.48,住,,,1060814,土地1建物1車位1,九層,10,華廈(10層含以下有電梯),住家用,鋼筋混凝土造,,158.02,3,1,2,有,無,7510000,51363,坡道平面,38.09,1350000,,RPQRMLLLLHOFFAD08CB
中西區,房地(土地+建物)+車位,臺南市中西區民權路四段128號C3棟5樓,12.12,住,,,1050118,土地1建物1車位1,五層,10,華廈(10層含以下有電梯),住家用,鋼筋混凝土造,,120.8,2,1,2,有,無,5450000,51961,坡道機械,29.0,680000,,RPRRMLLLLHOFFAD18CB
中西區,房地(土地+建物)+車位,臺南市中西區民權路四段128號C3棟6樓,12.12,住,,,1050504,土地1建物1車位1,六層,10,華廈(10層含以下有電梯),住家用,鋼筋混凝土造,,120.8,2,1,2,有,無,5450000,51961,坡道機械,29.0,680000,,RPTRMLLLLHOFFAD38CB
中西區,房地(土地+建物)+車位,臺南市中西區民權路四段128號C3棟7樓,12.12,住,,,1050306,土地1建物1車位1,七層,10,華廈(10層含以下有電梯),住家用,鋼筋混凝土造,,120.8,2,1,2,有,無,5480000,52288,坡道機械,29.0,680000,,RPURMLLLLHOFFAD48CB
中西區,房地(土地+建物)+車位,臺南市中西區民權路四段128號C3棟8樓,12.12,住,,,1050125,土地1建物1車位1,八層,10,華廈(10層含以下有電梯),住家用,鋼筋混凝土造,,120.8,2,1,2,有,無,5680000,52288,坡道機械,29.0,880000,,RPVRMLLLLHOFFAD58CB
中西區,房地(土地+建物)+車位,臺南市中西區民權路四段128號C3棟9樓,12.12,住,,,1061020,土地1建物1車位1,九層,10,華廈(10層含以下有電梯),住家用,鋼筋混凝土造,,120.8,2,1,2,有,無,5580000,53377,坡道機械,29.0,680000,,RPWRMLLLLHOFFAD68CB
中西區,房地(土地+建物)+車位,臺南市中西區民權路四段128號C2棟3樓,16.17,住,,,1060103,土地1建物1車位1,三層,10,華廈(10層含以下有電梯),住家用,鋼筋混凝土造,,148.93,3,1,2,有,無,6750000,50613,坡道機械,29.0,680000,,RPPNMLPLLHOFFAD97CB
中西區,房地(土地+建物)+車位,臺南市中西區民權路四段128號C3棟10樓,12.12,住,,,1050104,土地1建物1車位1,十層,10,華廈(10層含以下有電梯),住家用,鋼筋混凝土造,,120.8,2,1,2,有,無,5630000,53922,坡道機械,29.0,680000,,RPQNMLSLLHOFFAD38CB
中西區,房地(土地+建物)+車位,臺南市中西區民權路四段128號C5棟2樓,12.43,住,,,1041218,土地1建物1車位1,二層,10,華廈(10層含以下有電梯),住家用,鋼筋混凝土造,,118.28,2,1,2,有,無,5150000,50067,坡道機械,29.0,680000,,RPSNMLSLLHOFFAD58CB
中西區,房地(土地+建物)+車位,臺南市中西區民權路四段128號C5棟3樓,12.12,住,,,1041228,土地1建物1車位1,三層,10,華廈(10層含以下有電梯),住家用,鋼筋混凝土造,,120.74,2,1,2,有,無,5390000,51341,坡道機械,29.0,680000,,RPTNMLSLLHOFFAD68CB
中西區,房地(土地+建物)+車位,臺南市中西區民權路四段128號C5棟4樓,12.12,住,,,1050409,土地1建物1車位1,四層,10,華廈(10層含以下有電梯),住家用,鋼筋混凝土造,,120.74,2,1,2,有,無,5360000,49924,坡道機械,29.0,780000,,RPPOMLSLLHOFFAD38CB
中西區,房地(土地+建物)+車位,臺南市中西區民權路四段128號C5棟5樓,12.12,住,,,1061024,土地1建物1車位1,五層,10,華廈(10層含以下有電梯),住家用,鋼筋混凝土造,,120.74,2,1,2,有,無,5500000,51450,坡道機械,29.0,780000,,RPQOMLSLLHOFFAD48CB
中西區,房地(土地+建物)+車位,臺南市中西區民權路四段128號C5棟6樓,12.12,住,,,1041221,土地1建物1車位1,六層,10,華廈(10層含以下有電梯),住家用,鋼筋混凝土造,,120.74,1,1,1,有,無,5500000,52540,坡道機械,29.0,680000,,RPROMLSLLHOFFAD58CB
中西區,房地(土地+建物)+車位,臺南市中西區民權路四段128號C5棟7樓,12.12,住,,,1050201,土地1建物1車位1,七層,10,華廈(10層含以下有電梯),住家用,鋼筋混凝土造,,120.74,1,1,1,有,無,5460000,52104,坡道機械,29.0,680000,,RPSOMLSLLHOFFAD68CB
中西區,房地(土地+建物)+車位,臺南市中西區民權路四段128號C5棟8樓,12.12,住,,,1041230,土地1建物1車位1,八層,10,華廈(10層含以下有電梯),住家用,鋼筋混凝土造,,120.74,2,1,2,有,無,5600000,52540,坡道機械,29.0,780000,,RPTOMLSLLHOFFAD78CB
中西區,房地(土地+建物)+車位,臺南市中西區民權路四段128號C5棟9樓,12.12,住,,,1050924,土地1建物1車位1,九層,10,華廈(10層含以下有電梯),住家用,鋼筋混凝土造,,120.74,2,1,2,有,無,5580000,52322,坡道機械,29.0,780000,,RPUOMLSLLHOFFAD88CB
中西區,房地(土地+建物)+車位,臺南市中西區民權路四段128號C5棟10樓,12.12,住,,,1050104,土地1建物1車位1,十層,10,華廈(10層含以下有電梯),住家用,鋼筋混凝土造,,120.74,2,1,2,有,無,5570000,53303,坡道機械,29.0,680000,,RPVOMLSLLHOFFAD98CB
中西區,房地(土地+建物)+車位,臺南市中西區民權路四段128號D1棟2樓,16.48,住,,,1060821,土地1建物1車位1,二層,10,華廈(10層含以下有電梯),住家用,鋼筋混凝土造,,147.66,3,1,2,有,無,6400000,47362,坡道機械,29.0,780000,,RPWOMLSLLHOFFAD09CB
中西區,房地(土地+建物)+車位,臺南市中西區民權路四段128號D1棟3樓,16.48,住,,,1060627,土地1建物1車位1,三層,10,華廈(10層含以下有電梯),住家用,鋼筋混凝土造,,160.16,3,1,2,有,無,7320000,49316,坡道平面,38.09,1300000,,RPOPMLSLLHOFFAD38CB
中西區,房地(土地+建物)+車位,臺南市中西區民權路四段128號D1棟4樓,16.48,住,,,1060807,土地1建物1車位1,四層,10,華廈(10層含以下有電梯),住家用,鋼筋混凝土造,,160.16,3,1,2,有,無,7220000,48497,坡道平面,38.09,1300000,,RPPPMLSLLHOFFAD48CB
中西區,房地(土地+建物)+車位,臺南市中西區民權路四段128號D1棟5樓,16.48,住,,,1050702,土地1建物1車位1,五層,10,華廈(10層含以下有電梯),住家用,鋼筋混凝土造,,160.16,3,1,2,有,無,7480000,51036,坡道平面,38.09,1250000,,RPRPMLSLLHOFFAD68CB
中西區,房地(土地+建物)+車位,臺南市中西區民權路四段128號D1棟6樓,16.48,住,,,1050729,土地1建物1車位1,六層,10,華廈(10層含以下有電梯),住家用,鋼筋混凝土造,,160.16,3,1,2,有,無,7500000,51200,坡道平面,38.09,1250000,,RPSPMLSLLHOFFAD78CB
中西區,房地(土地+建物)+車位,臺南市中西區民權路四段128號D1棟7樓,16.17,住,,,1050626,土地1建物1車位1,七層,10,華廈(10層含以下有電梯),住家用,鋼筋混凝土造,,151.07,3,1,2,有,無,7150000,52183,坡道機械,29.0,780000,,RPUPMLSLLHOFFAD98CB
中西區,房地(土地+建物)+車位,臺南市中西區民權路四段128號D1棟8樓,16.48,住,,,1060223,土地1建物1車位1,八層,10,華廈(10層含以下有電梯),住家用,鋼筋混凝土造,,160.16,3,1,2,有,無,6730000,48497,坡道平面,38.09,810000,,RPVPMLSLLHOFFAD09CB
中西區,房地(土地+建物)+車位,臺南市中西區民權路四段128號D1棟9樓,16.48,住,,,1060619,土地1建物1車位1,九層,10,華廈(10層含以下有電梯),住家用,鋼筋混凝土造,,160.16,3,1,2,有,無,7600000,51200,坡道平面,38.09,1350000,,RPWPMLSLLHOFFAD56CB
中西區,房地(土地+建物)+車位,臺南市中西區民權路四段128號D1棟10樓,16.48,住,,,1060814,土地1建物1車位1,十層,10,華廈(10層含以下有電梯),住家用,鋼筋混凝土造,,160.16,3,1,2,有,無,7400000,49562,坡道平面,38.09,1350000,,RPXPMLSLLHOFFAD66CB
中西區,房地(土地+建物)+車位,臺南市中西區民權路四段128號D2棟2樓,15.85,住,,,1050411,土地1建物1車位1,二層,10,華廈(10層含以下有電梯),住家用,鋼筋混凝土造,,144.29,3,1,2,有,無,6400000,49614,坡道機械,29.0,680000,,RPPQMLSLLHOFFAD58CB
中西區,房地(土地+建物)+車位,臺南市中西區民權路四段128號D2棟3樓,15.85,住,,,1060219,土地1建物1車位1,三層,10,華廈(10層含以下有電梯),住家用,鋼筋混凝土造,,149.07,3,1,2,有,無,6930000,50387,坡道機械,29.0,880000,,RPQQMLSLLHOFFAD68CB
中西區,房地(土地+建物)+車位,臺南市中西區民權路四段128號D2棟4樓,16.17,住,,,1050424,土地1建物1車位1,四層,10,華廈(10層含以下有電梯),住家用,鋼筋混凝土造,,158.16,3,1,2,有,無,7220000,51387,坡道平面,38.09,1050000,,RPRQMLSLLHOFFAD78CB
中西區,房地(土地+建物)+車位,臺南市中西區民權路四段128號D2棟5樓,16.17,住,,,1050305,土地1建物1車位1,五層,10,華廈(10層含以下有電梯),住家用,鋼筋混凝土造,,158.16,3,1,2,有,無,7360000,51720,坡道平面,38.09,1150000,,RPTQMLSLLHOFFAD98CB
中西區,房地(土地+建物)+車位,臺南市中西區民權路四段128號D2棟6樓,16.17,住,,,1050228,土地1建物1車位1,六層,10,華廈(10層含以下有電梯),住家用,鋼筋混凝土造,,158.16,3,1,2,有,無,7400000,52053,坡道平面,38.09,1150000,,RPXNMLTLLHOFFAD56CB
中西區,房地(土地+建物)+車位,臺南市中西區民權路四段128號D2棟7樓,16.17,住,,,1060416,土地1建物1車位1,七層,10,華廈(10層含以下有電梯),住家用,鋼筋混凝土造,,156.1,3,1,2,有,無,7200000,49971,坡道平面,36.03,1200000,,RPOOMLTLLHOFFAD38CB
中西區,房地(土地+建物)+車位,臺南市中西區民權路四段128號D2棟8樓,16.17,住,,,1051108,土地1建物1車位1,八層,10,華廈(10層含以下有電梯),住家用,鋼筋混凝土造,,158.16,3,1,2,有,無,7400000,51220,坡道平面,38.09,1250000,,RPQOMLTLLHOFFAD58CB
中西區,房地(土地+建物)+車位,臺南市中西區民權路四段128號D2棟9樓,15.85,住,,,1050828,土地1建物1車位1,九層,10,華廈(10層含以下有電梯),住家用,鋼筋混凝土造,,149.07,3,1,2,有,無,7100000,52636,坡道機械,29.0,780000,,RPROMLTLLHOFFAD68CB
中西區,房地(土地+建物)+車位,臺南市中西區民權路四段128號D2棟10樓,15.85,住,,,1060703,土地1建物1車位1,十層,10,華廈(10層含以下有電梯),住家用,鋼筋混凝土造,,149.07,3,1,2,有,無,7590000,55884,坡道機械,29.0,880000,,RPTOMLTLLHOFFAD88CB
中西區,房地(土地+建物)+車位,臺南市中西區民權路四段128號D3棟2樓,12.75,住,,,1041207,土地1建物1車位1,二層,10,華廈(10層含以下有電梯),住家用,鋼筋混凝土造,,120.18,2,1,2,有,無,5260000,50230,坡道機械,29.0,680000,,RPUOMLTLLHOFFAD98CB
中西區,房地(土地+建物)+車位,臺南市中西區民權路四段128號D3棟3樓,12.43,住,,,1050226,土地1建物1車位1,三層,10,華廈(10層含以下有電梯),住家用,鋼筋混凝土造,,122.71,2,1,2,有,無,5400000,50368,坡道機械,29.0,680000,,RPVOMLTLLHOFFAD09CB
中西區,房地(土地+建物)+車位,臺南市中西區民權路四段128號D3棟4樓,12.43,住,,,1050226,土地1建物1車位1,四層,10,華廈(10層含以下有電梯),住家用,鋼筋混凝土造,,122.71,2,1,2,有,無,5350000,49835,坡道機械,29.0,680000,,RPXOMLTLLHOFFAD66CB
中西區,房地(土地+建物)+車位,臺南市中西區民權路四段128號D3棟5樓,12.43,住,,,1050118,土地1建物1車位1,五層,10,華廈(10層含以下有電梯),住家用,鋼筋混凝土造,,122.71,2,1,2,有,無,5600000,51435,坡道平面,29.0,780000,,RPOPMLTLLHOFFAD48CB
中西區,房地(土地+建物)+車位,臺南市中西區民權路四段128號D3棟6樓,12.43,住,,,1051219,土地1建物1車位1,六層,10,華廈(10層含以下有電梯),住家用,鋼筋混凝土造,,122.71,2,1,2,有,無,5650000,51969,坡道機械,29.0,780000,,RPQPMLTLLHOFFAD68CB
中西區,房地(土地+建物)+車位,臺南市中西區民權路四段128號D3棟7樓,12.43,住,,,1050227,土地1建物1車位1,七層,10,華廈(10層含以下有電梯),住家用,鋼筋混凝土造,,122.71,2,1,2,有,無,5570000,52182,坡道機械,29.0,680000,,RPTPMLTLLHOFFAD98CB
中西區,房地(土地+建物)+車位,臺南市中西區民權路四段128號D3棟8樓,12.43,住,,,1050623,土地1建物1車位1,八層,10,華廈(10層含以下有電梯),住家用,鋼筋混凝土造,,122.71,2,1,2,有,無,5750000,53036,坡道機械,29.0,780000,,RPWPMLTLLHOFFAD66CB
中西區,房地(土地+建物)+車位,臺南市中西區民權路四段128號D3棟9樓,21.14,住,,,1050416,土地1建物1車位1,九層,10,華廈(10層含以下有電梯),住家用,鋼筋混凝土造,,126.8,2,1,2,有,無,5560000,52076,坡道機械,33.09,680000,,RPXPMLTLLHOFFAD76CB
中西區,房地(土地+建物)+車位,臺南市中西區民權路四段128號D3棟10樓,12.43,住,,,1041217,土地1建物1車位1,十層,10,華廈(10層含以下有電梯),住家用,鋼筋混凝土造,,122.71,2,1,2,有,無,5790000,54530,坡道機械,29.0,680000,,RPOQMLTLLHOFFAD58CB
中西區,房地(土地+建物)+車位,臺南市中西區民權路四段128號D5棟2樓,12.75,住,,,1050125,土地1建物1車位1,二層,10,華廈(10層含以下有電梯),住家用,鋼筋混凝土造,,120.12,2,1,2,有,無,5320000,50922,坡道機械,29.0,680000,,RPPQMLTLLHOFFAD68CB
中西區,房地(土地+建物)+車位,臺南市中西區民權路四段128號D5棟3樓,21.14,住,,,1050104,土地1建物1車位1,三層,10,華廈(10層含以下有電梯),住家用,鋼筋混凝土造,,122.65,2,1,2,有,無,5470000,51148,坡道機械,29.0,680000,,RPQQMLTLLHOFFAD78CB
中西區,房地(土地+建物)+車位,臺南市中西區民權路四段128號D5棟4樓,12.43,住,,,1050226,土地1建物1車位1,四層,10,華廈(10層含以下有電梯),住家用,鋼筋混凝土造,,122.65,2,1,2,有,無,5380000,50187,坡道機械,29.0,680000,,RPRQMLTLLHOFFAD88CB
中西區,房地(土地+建物)+車位,臺南市中西區民權路四段128號D5棟5樓,12.43,住,,,1041231,土地1建物1車位1,五層,10,華廈(10層含以下有電梯),住家用,鋼筋混凝土造,,122.65,2,1,2,有,無,5600000,52536,坡道機械,29.0,680000,,RPSQMLTLLHOFFAD98CB
中西區,房地(土地+建物)+車位,臺南市中西區民權路四段128號D5棟6樓,12.43,住,,,1050811,土地1建物1車位1,六層,10,華廈(10層含以下有電梯),住家用,鋼筋混凝土造,,122.65,2,1,2,有,無,5620000,51682,坡道機械,29.0,780000,,RPTQMLTLLHOFFAD09CB
中西區,房地(土地+建物)+車位,臺南市中西區民權路四段128號D5棟7樓,12.43,住,,,1050319,土地1建物1車位1,七層,10,華廈(10層含以下有電梯),住家用,鋼筋混凝土造,,122.65,2,1,2,有,無,5700000,53604,坡道機械,29.0,680000,,RPUQMLTLLHOFFAD56CB
中西區,房地(土地+建物)+車位,臺南市中西區民權路四段128號D5棟8樓,12.43,住,,,1050524,土地1建物1車位1,八層,10,華廈(10層含以下有電梯),住家用,鋼筋混凝土造,,122.65,2,1,2,有,無,5900000,53604,坡道機械,29.0,880000,,RPVQMLTLLHOFFAD66CB
中西區,房地(土地+建物)+車位,臺南市中西區民權路四段128號D5棟9樓,12.43,住,,,1050224,土地1建物1車位1,九層,10,華廈(10層含以下有電梯),住家用,鋼筋混凝土造,,126.74,2,1,2,有,無,5780000,52322,坡道機械,33.09,880000,,RPWQMLTLLHOFFAD76CB
中西區,房地(土地+建物)+車位,臺南市中西區民權路四段128號D5棟10樓,12.43,住,,,1050130,土地1建物1車位1,十層,10,華廈(10層含以下有電梯),住家用,鋼筋混凝土造,,126.74,2,1,2,有,無,5810000,54778,坡道機械,33.09,680000,,RPXQMLTLLHOFFAD86CB
