﻿編號,土地位置,土地移轉面積(平方公尺),使用分區或編定,權利人持分分母,權利人持分分子,移轉情形,地號
The serial number, land position,land shifting area square meter,the use zoning or compiles and checks,,,,land parcel
RPWNMLLKKHOFFAE28CC,府北段五小段,13.66,都市：商,,,,01470000
RPOOMLLKKHOFFAE57CC,博孝段,7.60,都市：商,,,,12650000
RPTOMLLKKHOFFAE08CC,龍華段四小段,.00,都市：住,,,,06180000
RPUNMLLKKHOFFBE18CC,五權段,23.47,都市：商,,,,04960004
RPQOMLLKKHOFFAE77CC,北金段,15.57,都市：住,,,,03560000
RPSOMLLKKHOFFEE38CC,新庄段三小段,.00,都市：住,,,,03900000
RPTOMLLKKHOFFGE68CC,文英段,24.19,都市：住,,,,11210000
RPUOMLMKKHOFFDE68DC,覆鼎金段覆鼎金一小段,18.44,都市：住,,,,07360000
RPTNMLMKKHOFFFE58CC,橋南段,48.00,都市：住,,,,10090005
RPSNMLLKKHOFFJE78CC,天福段,495.87,都市：工,,,,10180000
RPROMLMKKHOFFFE48CC,大全段,147.00,都市：商,,,,13490000
RPQNMLLKKHOFFFE28DC,典寶段,99.71,非都市：一般農業區 ; 非都市編定：甲種建築用地,,,,05680000
RPWNMLMKKHOFFBE48CC,五塊厝段,.00,都市：商,,,,18360001
RPOOMLMKKHOFFAE67CC,北金段,.00,都市：商,,,,09250000
RPXNMLMKKHOFFAE48CC,內惟段二小段,129.00,都市：住,,,,02730000
RPWOMLMKKHOFFAE48CC,龍華段四小段,.00,都市：住,,,,06180000
RPPOMLMKKHOFFAE77CC,龍華段三小段,76.00,都市：住,,,,09510006
RPWNMLMKKHOFFDE68CC,大港段三小段,84.00,都市：住,,,,07300000
RPQOMLMKKHOFFIE68CC,仁雄段,155.28,都市：住,,,,05900001
RPVNMLNKKHOFFCE58CC,愛群段,.00,都市：商,,,,10810000
RPXNMLNKKHOFFCE78CC,愛群段,26.11,都市：商,,,,07180000
RPSNMLNKKHOFFAE08CC,興福段,.00,都市：住,,,,02010000
RPVNMLNKKHOFFDE68CC,覆鼎金段覆鼎金一小段,.00,都市：住,,,,06280009
RPSNMLNKKHOFFDE38CC,澄清段二小段,.00,都市：住,,,,00540000
RPQOMLMKKHOFFDE18CC,大港段六小段,.00,都市：其他:市場用地,,,,06370112
RPTOMLMKKHOFFDE48CC,獅頭段,.00,都市：商,,,,22170000
RPPOMLMKKHOFFDE08CC,灣復段,.00,都市：商,,,,05460000
RPPNMLNKKHOFFBE87CC,成功段,3.12,都市：商,,,,02810000
RPTNMLNKKHOFFBE28CC,意誠段,.00,都市：商,,,,01990000
RPUNMLNKKHOFFBE38CC,苓東段,13.29,都市：商,,,,02760000
RPTNMLNKKHOFFAE18CC,前金段,.00,都市：商,,,,00860005
RPROMLNKKHOFFAE08CC,博孝段,71.00,都市：商,,,,07110000
RPQOMLNKKHOFFAE97CC,博孝段,71.00,都市：商,,,,07110000
RPOOMLNKKHOFFAE77CC,博孝段,72.00,都市：商,,,,07120000
RPPOMLNKKHOFFAE87CC,博孝段,72.00,都市：商,,,,07120000
RPVNMLNKKHOFFBE48CC,正憲段,.00,都市：商,,,,00330000
RPROMLNKKHOFFBE18CC,新興段二小段,.00,都市：商,,,,14590000
RPXNMLNKKHOFFBE68CC,意誠段,.00,都市：商,,,,01990000
RPQOMLNKKHOFFBE08CC,新興段二小段,.00,都市：商,,,,14590000
RPOOMLNKKHOFFBE87CC,意誠段,.00,都市：商,,,,01990000
RPWNMLNKKHOFFIE66CC,北屋段,.00,都市：住,,,,06220000
RPRPMLLKKHOFFEE38CC,新庄段十二小段,10.52,都市：住,,,,12360000
RPWOMLLKKHOFFEE78CC,新庄段十三小段,6.70,都市：商,,,,14450000
RPUOMLLKKHOFFEE58CC,新庄段五小段,19.05,都市：住,,,,10980000
RPTPMLLKKHOFFEE58CC,新福段九小段,16.19,都市：商,,,,00060000
RPTPMLNKKHOFFEE78CC,楠梓段五小段,.00,都市：住,,,,11860000
RPOPMLNKKHOFFEE28CC,清楠段,.00,都市：住,,,,04040000
RPSNMLOKKHOFFIE98CC,灣勢段,1924.68,都市：農,,,,06000000
RPQNMLOKKHOFFAE08DC,青海段,15.23,都市：住,,,,02760000
RPTNMLOKKHOFFIE09CC,鳳松段,.00,都市：住,,,,11240000
RPVNMLOKKHOFFIE66CC,竹園段,161.00,都市：工,,,,04510047
RPVNMLOKKHOFFIE66CC,竹園段,20.00,都市：工,,,,04330026
RPPNMLOKKHOFFBE97CC,過田子段,10.13,都市：商,,,,10820000
RPWNMLOKKHOFFBE68CC,意誠段,.00,都市：商,,,,01990000
RPUPMLOKKHOFFEE98CC,福山段,.00,都市：商,,,,01400001
RPSPMLOKKHOFFEE78CC,藍田東段,24.79,都市：住,,,,01580000
RPOPMLOKKHOFFEE38CC,新庄段二小段,.00,都市：住,,,,05210000
RPWPMLOKKHOFFEE56CC,新庄段八小段,474.00,都市：住,,,,00530000
RPPPMLOKKHOFFEE48CC,新庄段二小段,.00,都市：住,,,,05210000
RPVPMLOKKHOFFEE09CC,後勁段二小段,389.00,都市：商,,,,08480000
RPUNMLOKKHOFFEE78CC,新福段七小段,15.15,都市：住,,,,00050000
RPQOMLOKKHOFFAE08CC,前金段,5.90,都市：商,,,,00930004
RPSOMLOKKHOFFAE28CC,龍華段八小段,12.84,都市：商,,,,22850000
RPUNMLOKKHOFFCE58CC,憲德段二小段,12.74,都市：商,,,,00260000
RPROMLOKKHOFFAE18CC,龍華段八小段,739.00,都市：商,,,,24110000
RPROMLOKKHOFFAE18CC,龍華段八小段,105.00,都市：商,,,,24140000
RPTOMLOKKHOFFAE38CC,府北段五小段,2.16,都市：商,,,,02110000
RPOOMLOKKHOFFCE08CC,盛興段,14.50,都市：住,,,,14920000
RPSNMLOKKHOFFDE48CC,建興段,25.82,都市：商,,,,03370000
RPSNMLOKKHOFFDE48CC,建興段,9.86,都市：商,,,,03390000
RPQOMLOKKHOFFDE38CC,凱歌段,.00,都市：住,,,,03350000
RPROMLOKKHOFFDE48CC,大港段四小段,.00,都市：住,,,,26960000
RPSOMLOKKHOFFDE58CC,獅頭段,.00,都市：商,,,,26840068
RPTOMLPKKHOFFDE78CC,大港段四小段,71.00,都市：住,,,,22110001
RPVOMLOKKHOFFDE88CC,建興段,61.00,都市：商,,,,02300000
RPVOMLOKKHOFFDE88CC,建興段,203.00,都市：商,,,,02180000
RPSNMLPKKHOFFAE28CC,前金段,5.71,都市：商,,,,00930004
RPQNMLPKKHOFFAE08CC,龍華段八小段,16.16,都市：商,,,,22160000
RPOPMLPKKHOFFAE08CC,青海段,6.08,都市：商,,,,02090001
RPPPMLPKKHOFFAE18CC,龍中段,18.59,都市：商,,,,01490000
RPSPMLPKKHOFFAE48CC,前金段,.00,都市：商,,,,05020000
RPTPMLPKKHOFFAE58CC,前金段,1.77,都市：商,,,,00630000
RPTPMLPKKHOFFAE58CC,前金段,2.88,都市：商,,,,01080021
RPOQMLPKKHOFFAE18CC,龍中段,.00,都市：住,,,,02280000
RPQNMLPKKHOFFBE18CC,過田子段,.00,都市：商,,,,11360000
RPROMLOKKHOFFBE28CC,新興段一小段,.00,都市：商,,,,21060000
RPPOMLOKKHOFFBE08CC,苓雅寮段,4.93,都市：商,,,,07120000
RPPNMLPKKHOFFBE08CC,苓洲段,5.36,都市：商,,,,05420000
RPXNMLOKKHOFFBE78CC,苓洲段,18.50,都市：商,,,,02630000
RPSNMLPKKHOFFBE38CC,過田子段,63.25,都市：商,,,,11840000
RPPOMLPKKHOFFCE28CC,憲德段二小段,.00,都市：商,,,,00200000
RPOPMLOKKHOFFCE18CC,憲德段二小段,12.24,都市：商,,,,00260000
RPQOMLOKKHOFFCE28CC,盛興段,14.50,都市：住,,,,14920000
RPOOMLOKKHOFFGE48CC,牛潮埔段,26.04,都市：住,,,,14550000
RPRNMLPKKHOFFGE78CC,五甲段,29.22,都市：住,,,,13430001
RPSOMLPKKHOFFGE98CC,埤頂段,45.21,都市：住,,,,12430035
RPWNMLPKKHOFFGE66CC,道爺?段,62.00,都市：商,,,,04630000
RPWNMLOKKHOFFGE56CC,五甲段,154.00,都市：住,,,,12760016
RPWNMLOKKHOFFGE56CC,五甲段,154.00,都市：住,,,,12760017
RPTPMLPKKHOFFBE68CC,過田子段,.00,都市：商,,,,11250001
RPRPMLPKKHOFFBE48CC,過田子段,.00,都市：商,,,,11250001
RPUNMLPKKHOFFBE58CC,林德官段,11.08,都市：商,,,,11470000
RPUNMLPKKHOFFBE58CC,林德官段,.16,都市：商,,,,11470001
RPQQMLPKKHOFFBE48CC,新興段二小段,6.49,都市：商,,,,12760000
RPQNMLSKKHOFFIE56CC,神農段,1519.34,都市：住,,,,01030000
RPSNMLSKKHOFFAE58CC,龍華段八小段,.00,都市：商,,,,21920000
RPSQMLSKKHOFFBE98CC,新興段二小段,2.37,都市：商,,,,09980000
RPQPMLSKKHOFFAE58CC,龍水段一小段,9.59,都市：住,,,,11510000
RPRNMLSKKHOFFDE78CC,澄東段,19.52,都市：住,,,,00560000
RPRPMLSKKHOFFAE68CC,青海段,8.00,都市：住,,,,01010000
RPOOMLTKKHOFFDE68CC,獅頭段一小段,.00,都市：住,,,,19510000
RPOOMLTKKHOFFDE68CC,澄義段,.00,都市：住,,,,01730000
RPPNMLTKKHOFFCE58CC,獅甲段,83.00,都市：住,,,,00780000
RPSNMLTKKHOFFCE88CC,店鎮段一小段,.00,都市：商,,,,10800000
RPPNMLTKKHOFFAE38CC,龍中段,.00,都市：住,,,,02280000
RPQNMLTKKHOFFAE48CC,龍中段,.00,都市：住,,,,02280000
RPTUMLPKKHOFFEE86CC,藍田西段,.00,都市：住,,,,00320004
RPRUMLPKKHOFFEE66CC,新庄段八小段,5.55,都市：住,,,,00800000
RPOQMLSKKHOFFEE88CC,新光段,6.61,都市：商,,,,02280000
RPQNMLQKKHOFFEE58CC,新庄段十二小段,270.00,都市：住,,,,09990001
RPSNMLSKKHOFFEE98CC,新庄段三小段,.00,都市：住,,,,09640000
RPSNMLSKKHOFFEE98CC,新庄段三小段,.00,都市：住,,,,09690000
RPQNMLPKKHOFFEE48CC,新庄段十三小段,5.08,都市：商,,,,15090000
RPQNMLPKKHOFFEE48CC,新庄段十三小段,9.49,都市：商,,,,15090000
RPSNMLQKKHOFFEE78CC,新庄段十三小段,1727.00,都市：商,,,,14580000
RPRNMLTKKHOFFAE58CC,青海段,.00,都市：住,,,,04910000
RPWOMLTKKHOFFAE56CC,青海段,15.98,都市：住,,,,02500000
RPSNMLTKKHOFFBE78CC,新興段一小段,.00,都市：商,,,,05170000
RPXNMLTKKHOFFBE66CC,大統段二小段,70.00,都市：商,,,,14530000
RPUNMLTKKHOFFJE17CC,天福段,148.76,都市：工,,,,10180000
RPOOMLTKKHOFFEE78CC,新庄段十三小段,6.89,都市：商,,,,15090000
RPPOMLTKKHOFFEE88CC,新庄段十三小段,8.67,都市：商,,,,14450000
RPOOMLTKKHOFFBE48CC,意誠段,31.00,都市：商,,,,00470000
RPRNMLKLKHOFFIE58CC,圓山段,152.00,都市：住,,,,01260000
RPSNMLKLKHOFFGE48CC,鳳山段草店尾小段,8.36,都市：商,,,,02330027
RPTNMLKLKHOFFGE58CC,華英段,90.95,都市：住,,,,00620008
RPUNMLKLKHOFFIE88CC,澄德段,30.63,都市：商,,,,00080000
RPPNMLKLKHOFFGE18CC,文英段,8.08,都市：住,,,,21420003
RPVNMLKLKHOFFBE28CC,意誠段,.00,都市：商,,,,01990000
RPUNMLKLKHOFFBE18CC,林德官段,.00,都市：商,,,,13680000
RPUNMLKLKHOFFBE18CC,林德官段,.00,都市：住,,,,13680001
RPUOMLKLKHOFFCE38CC,光華段,.00,都市：其他:市場用地,,,,03350000
RPXOMLKLKHOFFCE68CC,瑞崗段一小段,44.00,都市：住,,,,03620000
RPOPMLKLKHOFFCE87CC,瑞南段一小段,76.22,都市：住,,,,10590000
RPROMLTKKHOFFDE98CC,大順段,.00,都市：住,,,,03470000
RPXPMLKLKHOFFCE78CC,獅甲段二小段,23.10,都市：住,,,,05570000
RPQPMLKLKHOFFCE08CC,瑞南段一小段,76.22,都市：住,,,,10590000
RPQNMLKLKHOFFDE97CC,灣興段,.00,都市：住,,,,03460000
RPSNMLLLKHOFFDE28CC,建豐段,1.31,都市：商,,,,07020000
RPSNMLLLKHOFFDE28CC,建豐段,6.78,都市：商,,,,07030000
RPRNMLLLKHOFFCE08CC,仁愛段,77.00,都市：住,,,,04060104
RPRNMLLLKHOFFCE08CC,仁愛段,46.00,都市：住,,,,04060105
RPUOMLLLKHOFFCE48CC,瑞隆段二小段,139.00,都市：商,,,,07140000
RPPPMLLLKHOFFCE08CC,愛群段,14.57,都市：商,,,,24630000
RPUPMLLLKHOFFCE58CC,愛群段,7.30,都市：商,,,,24590000
RPRNMLKLKHOFFAE77CC,前金段,3.02,都市：商,,,,00760002
RPVPMLLLKHOFFCE68CC,獅甲段二小段,.00,都市：住,,,,05890000
RPVNMLKLKHOFFAE18CC,內惟段一小段,38.80,都市：住,,,,04670001
RPOPMLTKKHOFFAE48CC,龍華段八小段,8.09,都市：商,,,,22560000
RPUOMLLLKHOFFAE28CC,前金段,6.43,都市：商,,,,00580016
RPVNMLLLKHOFFAE28CC,前金段,10.50,都市：商,,,,00390033
RPPOMLLLKHOFFAE77CC,青海段,15.57,都市：住,,,,04300000
RPVNMLKLKHOFFGE78CC,華鳳段,18.75,都市：住,,,,01440000
RPRNMLLLKHOFFGE48CC,鳳甲段,19.22,都市：商,,,,00680000
RPROMLLLKHOFFGE58CC,五甲段,739.00,都市：住,,,,12000002
RPTPMLLLKHOFFGE88CC,鳳甲段,4179.94,都市：住,,,,00680000
RPUNMLLLKHOFFFE68CC,新莊段,110.65,非都市：鄉村區 ; 非都市編定：乙種建築用地,,,,06660000
RPQPMLLLKHOFFAE97CC,青海段,.00,都市：住,,,,01010000
RPPPMLLLKHOFFAE87CC,龍中段,.00,都市：住,,,,02260000
RPOPMLLLKHOFFAE77CC,前金段,22.55,都市：商,,,,04170001
RPPOMLMLKHOFFCE08CC,盛興段,.00,都市：住,,,,14920000
RPUPMLMLKHOFFCE68CC,獅甲段,12.99,都市：商,,,,01580001
RPQOMLNLKHOFFAE08CC,龍中段,44.81,都市：住,,,,01660000
RPOQMLMLKHOFFEE38CC,右昌段一小段,13.91,都市：住,,,,04480000
RPVNMLKLKHOFFEE58CC,新庄段六小段,99.00,都市：住,,,,03430000
RPOOMLMLKHOFFEE18CC,新庄段八小段,.00,非都市： ; 非都市編定：,,,,00460000
RPOOMLMLKHOFFEE18CC,新庄段八小段,.00,非都市： ; 非都市編定：,,,,00470000
RPOOMLMLKHOFFEE18CC,新庄段八小段,.00,非都市： ; 非都市編定：,,,,00480000
RPOOMLMLKHOFFEE18CC,新庄段八小段,.00,非都市： ; 非都市編定：,,,,00480001
RPQNMLNLKHOFFGE58CC,文英段,21.81,都市：住,,,,21500002
RPUPMLLLKHOFFEE78CC,新庄段十三小段,.00,都市：商,,,,14570001
RPVPMLLLKHOFFEE88CC,右昌段六小段,.00,都市：住,,,,16260000
RPTOMLNLKHOFFGE98CC,五甲段,125.58,都市：住,,,,10130000
RPTNMLKLKHOFFEE38CC,新庄段六小段,99.00,都市：住,,,,03430000
RPUNMLPLKHOFFCE78CC,愛群段,.00,都市：商,,,,28940005
RPQOMLTKKHOFFEE98CC,福山段,10.30,都市：商,,,,02910000
RPPNMLOLKHOFFDE28CC,灣子內段寶珠溝小段,40.60,都市：商,,,,07530004
RPPOMLPLKHOFFCE38CC,愛群段,37.95,都市：商,,,,29140000
RPQNMLPLKHOFFAE18CC,龍華段八小段,.00,都市：商,,,,21920000
RPOOMLPLKHOFFAE08CC,龍華段八小段,.00,都市：商,,,,22930000
RPROMLPLKHOFFCE58CC,愛群段,25.30,都市：商,,,,29140000
RPPNMLPLKHOFFJE98CC,大同段,2304.08,都市：工,,,,11380000
RPRNMLPLKHOFFLE76CC,翁公園段,108.00,都市：住,,,,38370004
RPPOMLPLKHOFFEE58CC,新民段,17.32,都市：住,,,,03660000
RPVOMLPLKHOFFEE56CC,新庄段十四小段,24.67,都市：住,,,,15370000
RPUNMLPLKHOFFBE68CC,意誠段,.00,都市：商,,,,07630000
RPRNMLPLKHOFFBE38CC,大統段一小段,62.00,都市：商,,,,03790000
RPTNMLQLKHOFFEE98CC,新庄段六小段,18.26,都市：住,,,,09550000
RPROMLPLKHOFFBE48CC,苓西段,.00,都市：商,,,,03410000
RPQOMLPLKHOFFBE38CC,大統段一小段,.00,非都市： ; 非都市編定：,,,,09970000
RPWNMLPLKHOFFBE88CC,意誠段,.00,都市：商,,,,01990000
RPSOMLPLKHOFFBE58CC,意誠段,5.42,都市：商,,,,01990000
RPXOMLLLKHOFFBE68CC,五塊厝段,.00,都市：商,,,,23570001
RPXNMLPLKHOFFBE98CC,意誠段,.00,都市：商,,,,01990000
RPXNMLKLKHOFFBE48CC,意誠段,.00,都市：商,,,,01990000
RPTQMLQLKHOFFEE66CC,新庄段十三小段,.00,都市：商,,,,15310000
RPTQMLQLKHOFFEE66CC,新庄段十三小段,.00,都市：商,,,,15330000
RPSNMLQLKHOFFJE76CC,大湖段,300.00,都市：農,,,,21080025
RPWOMLQLKHOFFGE96CC,七老爺段,79.23,都市：住,,,,03220005
RPTOMLQLKHOFFBE78CC,林德官段四小段,.00,都市：商,,,,38490000
RPSPMLQLKHOFFGE66CC,新庄子段,.00,都市：住,,,,02430000
RPROMLQLKHOFFAE48CC,青海段,30.05,都市：住,,,,05950000
RPQOMLQLKHOFFAE38CC,大榮段,3.00,都市：商,,,,01190000
RPQOMLQLKHOFFAE38CC,大榮段,22.00,都市：其他:道路用地,,,,01190001
RPQOMLQLKHOFFAE38CC,大榮段,141.00,都市：商,,,,01200000
RPQOMLQLKHOFFAE38CC,大榮段,15.00,都市：其他:道路用地,,,,01200001
RPTOMLQLKHOFFAE68CC,青海段,24.00,都市：住,,,,06460000
RPQOMLQLKHOFFBE58DC,林聖段,241.00,都市：住,,,,02870001
RPXOMLQLKHOFFAE09CC,龍華段八小段,.00,都市：商,,,,21920000
RPOPMLQLKHOFFAE28CC,龍北段,28.67,都市：住,,,,00070000
RPWPMLQLKHOFFAE09CC,龍中段,.00,都市：住,,,,01920002
RPRRMLQLKHOFFCE98CC,店鎮段二小段,9.10,都市：住,,,,29400000
RPRNMLRLKHOFFDE78CC,三塊厝段,78.00,都市：住,,,,12430005
RPRNMLRLKHOFFDE78CC,三塊厝段,54.00,都市：住,,,,12430016
RPXNMLRLKHOFFDE76CC,德北段,9.44,都市：住,,,,00170000
RPRQMLQLKHOFFCE88CC,憲德段二小段,8.44,都市：商,,,,00160020
RPVOMLRLKHOFFDE66CC,灣復段,.02,都市：商,,,,06660005
RPVOMLRLKHOFFDE66CC,灣復段,.01,都市：商,,,,06660003
RPVOMLRLKHOFFDE66CC,灣復段,.04,都市：商,,,,06660004
RPVOMLRLKHOFFDE66CC,灣復段,12.03,都市：商,,,,06660002
RPPOMLRLKHOFFAE38CC,前金段,6.43,都市：商,,,,00580016
RPXNMLRLKHOFFAE09CC,龍中段,21.68,都市：住,,,,02080000
RPSNMLRLKHOFFBE68CC,意誠段,.00,都市：商,,,,01990000
RPPOMLRLKHOFFBE48CC,新興段二小段,20.52,都市：商,,,,10100000
RPPNMLRLKHOFFBE38CC,林德官段,78.00,都市：商,,,,11590001
RPXNMLRLKHOFFBE56CC,林德官段一小段,13.16,都市：商,,,,26770000
RPUNMLRLKHOFFBE88CC,衛武段,26.77,都市：住,,,,00240000
RPPOMLRLKHOFFIE56CC,八德段,1035.66,都市：住,,,,03160000
RPPNMLLJLHOFFLE68CC,山子頂段,3113.00,都市：農,,,,33150000
RPUQMLQLKHOFFEE76CC,新庄段十三小段,.00,都市：商,,,,15310000
RPUQMLQLKHOFFEE76CC,新庄段十三小段,.00,都市：商,,,,15330000
RPTOMLRLKHOFFEE56CC,新福段七小段,.00,都市：住,,,,00050000
RPSNMLLJLHOFFEE28CC,新庄段十三小段,63.00,都市：住,,,,13330000
RPQSMLQLKHOFFEE56CC,新庄段七小段,32.73,都市：住,,,,06380000
RPRNMLLJLHOFFGE38CC,道爺?段,.00,都市：住,,,,02880000
RPTNMLLJLHOFFGE58CC,道爺?段,.00,都市：住,,,,01360039
RPQNMLLJLHOFFGE28CC,竹子腳段,22.78,都市：住,,,,02890001
RPOOMLRLKHOFFGE88CC,赤山段,118.00,都市：商,,,,06410120
RPPNMLLJLHOFFGE18CC,赤山段,16.39,都市：住,,,,03580002
RPVOMLRLKHOFFGE96CC,竹子腳段,76.00,都市：住,,,,02620087
RPVNMLLJLHOFFGE78CC,竹子腳段,.00,都市：住,,,,00490020
RPPNMLLJLHOFFDE87CC,覆鼎金段覆鼎金小段,58.77,都市：住,,,,15140000
RPQNMLLJLHOFFDE97CC,三塊厝段一小段,3.44,都市：商,,,,10850000
RPPNMLLJLHOFFCE77CC,憲德段二小段,9.79,都市：商,,,,00260000
RPPNMLNJLHOFFBE87CC,新興段一小段,9.59,都市：商,,,,09680000
RPTNMLOJLHOFFBE38CC,過田子段,.00,都市：商,,,,11360000
RPVNMLOJLHOFFBE58CC,大統段二小段,.00,都市：商,,,,13810000
RPSNMLOJLHOFFBE28CC,新興段四小段,.00,都市：商,,,,16770000
RPSNMLOJLHOFFBE28CC,新興段四小段,.00,都市：商,,,,16780000
RPROMLOJLHOFFBE28CC,新興段二小段,82.00,都市：商,,,,00170000
RPSOMLOJLHOFFDE58CC,三塊厝段,8.30,都市：住,,,,11160000
RPOOMLOJLHOFFAE87CC,龍中段,20.44,都市：商,,,,00740000
RPVNMLOJLHOFFAE48CC,龍中段,19.73,都市：商,,,,00740000
RPRNMLOJLHOFFGE68CC,鳳甲段,21.73,都市：住,,,,00680000
RPRNMLOJLHOFFGE68CC,鳳甲段,21.73,都市：住,,,,00680000
RPUOMLOJLHOFFCE68CC,愛群段,62.40,都市：商,,,,13900000
RPQNMLLJLHOFFCE87CC,草衙段一小段,.00,都市：商,,,,07500000
RPTNMLOJLHOFFGE88CC,曹公段,519.74,都市：農,,,,02970077
RPXOMLOJLHOFFEE56CC,新庄段十三小段,8.67,都市：商,,,,14450000
RPSOMLOJLHOFFEE68CC,菜公段二小段,925.61,都市：住,,,,00750000
RPOPMLPJLHOFFEE48CC,菜公段六小段,.00,都市：住,,,,10830000
RPOPMLOJLHOFFEE38CC,新光段,11.64,都市：住,,,,00440000
RPWOMLOJLHOFFEE09CC,新福段七小段,11.08,都市：住,,,,00050000
RPTOMLOJLHOFFEE88DC,新庄段十二小段,22.41,都市：商,,,,10840000
RPRNMLPJLHOFFFE68CC,安西段,426.51,都市：工,,,,08290000
RPTNMLPJLHOFFGE98CC,道爺?段,.00,都市：住,,,,07060017
RPXOMLPJLHOFFGE86CC,華鳳段,.00,都市：住,,,,01030000
RPTNMLPJLHOFFFE88CC,岡山段,23.04,都市：住,,,,06870002
RPTNMLPJLHOFFDE68CC,大港段三小段,72.00,都市：商,,,,07560013
RPRPMLPJLHOFFDE68CC,獅頭段,.00,都市：商,,,,22360003
RPOOMLPJLHOFFDE28CC,獅頭段一小段,9.54,都市：商,,,,15740000
RPTPMLPJLHOFFDE88CC,義華段,6.86,都市：商,,,,01310000
RPPNMLPJLHOFFDE28CC,大港段四小段,19.51,都市：商,,,,28870000
RPPOMLPJLHOFFAE08CC,龍華段八小段,14.21,都市：商,,,,23010000
RPTOMLPJLHOFFAE48CC,龍中段,.00,都市：商,,,,00910000
RPXNMLPJLHOFFCE98CC,光華段一小段,.00,都市：住,,,,20700010
RPXNMLPJLHOFFCE98CC,光華段一小段,.00,都市：商,,,,20700032
RPOOMLQJLHOFFAE08CC,北金段,.00,都市：商,,,,10390000
RPRNMLPJLHOFFCE38CC,瑞隆段二小段,6178.00,都市：住,,,,03490000
RPRNMLPJLHOFFCE38CC,瑞隆段二小段,2275.00,都市：住,,,,03490002
RPUOMLPJLHOFFAE58CC,龍華段八小段,.00,都市：商,,,,24210000
RPUNMLQJLHOFFBE68CC,意誠段,.00,都市：商,,,,01990000
RPSNMLQJLHOFFGE98CC,新庄子段,77.00,都市：住,,,,01940239
RPXNMLQJLHOFFCE09CC,愛群段,.00,都市：商,,,,29020000
RPWNMLQJLHOFFCE98CC,愛群段,.00,都市：商,,,,28940005
RPROMLQJLHOFFAE38CC,青海段,12.56,都市：商,,,,01870000
RPQOMLQJLHOFFAE28CC,北金段,.00,都市：商,,,,10390000
RPWOMLRJLHOFFEE76CC,楠園段,73.02,都市：住,,,,00030000
RPVOMLQJLHOFFEE56CC,新庄段六小段,9.99,都市：住,,,,09500000
RPRQMLRJLHOFFEE09CC,新庄段十二小段,461.00,都市：住,,,,11550000
RPTOMLRJLHOFFCE88CC,佛公段,.00,都市：商,,,,06220000
RPQOMLRJLHOFFBE48CC,林德官段,12.03,都市：商,,,,13020000
RPTOMLRJLHOFFBE78CC,林德官段,.00,都市：商,,,,11860001
RPTOMLRJLHOFFBE78CC,林德官段,.00,都市：商,,,,11860006
RPVOMLRJLHOFFBE98CC,新興段四小段,.00,都市：商,,,,16770000
RPVOMLRJLHOFFBE98CC,新興段四小段,.00,都市：商,,,,16780000
RPXOMLRJLHOFFBE56CC,林德官段四小段,74.00,都市：商,,,,39650000
RPXOMLRJLHOFFBE56CC,林德官段四小段,75.00,都市：商,,,,39660000
RPTPMLRJLHOFFBE88CC,新興段四小段,5.47,都市：商,,,,01210000
RPRNMLRJLHOFFAE38CC,鼓中段五小段,2.37,都市：商,,,,03270005
RPWOMLQJLHOFFGE86CC,五甲段,115.00,都市：商,,,,03360002
RPTNMLQJLHOFFGE09CC,竹子腳段,71.00,都市：住,,,,02810107
RPTOMLQJLHOFFGE56CC,埤頂段,.00,都市：住,,,,12430036
RPXOMLQJLHOFFGE96CC,頂庄段,64.43,都市：住,,,,07340000
RPWNMLQJLHOFFGE76CC,大樹保安段,64.64,都市：住,,,,04180000
RPROMLQJLHOFFGE98CC,新庄子段,74.00,都市：住,,,,01910021
RPVOMLSJLHOFFAE98CC,北金段,.00,都市：商,,,,11260000
RPXOMLSJLHOFFAE56CC,龍華段二小段,.00,都市：住,,,,07870000
RPRNMLSJLHOFFAE48CC,前金段,15.20,都市：商,,,,00580016
RPXNMLRJLHOFFAE98CC,博孝段,7.43,都市：商,,,,12340000
RPROMLSJLHOFFCE78CC,憲德段二小段,.00,都市：商,,,,00260000
RPTNMLSJLHOFFBE78CC,林德官段,37.00,都市：商,,,,15100041
RPRNMLSJLHOFFGE09CC,埤頂段,58.00,都市：住,,,,21260018
RPPOMLSJLHOFFGE98CC,新甲段,24.43,都市：住,,,,11670000
RPTOMLSJLHOFFGE76CC,牛潮埔段,25.67,都市：住,,,,09670026
RPVPMLSJLHOFFGE07CC,華鳳段,.00,都市：住,,,,00350000
RPTNMLSJLHOFFIE86CC,山水段,12.33,都市：商,,,,08130000
RPSNMLTJLHOFFGE66CC,五甲段,26.51,都市：住,,,,16050000
RPTNMLTJLHOFFGE76CC,道爺?段下菜園小段,34.96,都市：住,,,,00470008
RPSNMLTJLHOFFCE88CC,光華段,216.00,都市：商,,,,11460000
RPPNMLTJLHOFFBE48CC,五權段,120.00,都市：商,,,,06950000
RPRNMLTJLHOFFBE68CC,意誠段,4.02,都市：商,,,,01990000
RPSNMLTJLHOFFBE78CC,新興段二小段,.00,都市：商,,,,14590000
RPPNMLTJLHOFFAE38CC,興仁段,.00,都市：住,,,,00230000
RPPNMLTJLHOFFAE38CC,興仁段,.00,都市：住,,,,00240000
RPPNMLTJLHOFFAE38CC,興仁段,.00,都市：住,,,,00240001
RPQNMLTJLHOFFAE48CC,興仁段,.00,都市：住,,,,00230000
RPQNMLTJLHOFFAE48CC,興仁段,.00,都市：住,,,,00240000
RPQNMLTJLHOFFAE48CC,興仁段,.00,都市：住,,,,00240001
RPQNMLTJLHOFFDE78CC,灣和段,18.83,都市：住,,,,00730000
RPXNMLRJLHOFFDE66CC,鼎泰段,61.88,都市：住,,,,13780000
RPQOMLQJLHOFFDE58CC,大港段三小段,169.00,都市：商,,,,08010012
RPSOMLSJLHOFFDE98CC,鼎泰段,.00,都市：住,,,,14700000
RPTNMLLKLHOFFAE08CC,龍華段八小段,11.17,都市：商,,,,22800000
RPRNMLTJLHOFFDE88CC,覆鼎金段覆鼎金一小段,.00,都市：住,,,,06280010
RPXNMLSJLHOFFDE76CC,鼎泰段,23.60,都市：住,,,,14740000
RPTNMLLKLHOFFBE18CC,新興段二小段,56.00,都市：商,,,,06300000
RPRNMLLKLHOFFCE08CC,憲德段二小段,18.51,都市：商,,,,00200000
RPQNMLLKLHOFFDE08CC,中華段一小段,12.46,都市：商,,,,02760000
RPRNMLLKLHOFFDE18CC,德北段,8.87,都市：住,,,,00170000
RPROMLLKLHOFFAE97CC,大東段,19.08,都市：商,,,,03160000
RPROMLLKLHOFFAE97CC,大東段,.11,都市：商,,,,03160001
RPQOMLLKLHOFFGE48CC,新甲段,94.00,都市：工,,,,01310050
RPTOMLLKLHOFFGE78CC,新庄子段,58.00,都市：住,,,,02430005
RPRNMLLKLHOFFIE68CC,金鼎段,77.88,都市：住,,,,01090019
RPXPMLSJLHOFFEE07CC,菜公段三小段,.00,都市：住,,,,01240000
RPWOMLLKLHOFFEE88CC,新庄段八小段,474.00,都市：住,,,,00530000
RPTNMLMKLHOFFEE58CC,藍昌段一小段,125.00,都市：住,,,,01050000
RPOPMLSJLHOFFEE78CC,新庄段十二小段,203.70,都市：住,,,,11740000
RPPNMLSJLHOFFEE68CC,藍田中段,446.00,都市：商,,,,02530000
RPPNMLSJLHOFFEE68CC,藍田中段,244.00,都市：商,,,,02540000
RPRPMLLKLHOFFEE48CC,福山段,14.10,都市：商,,,,02960000
RPQNMLMKLHOFFDE18CC,三塊厝段一小段,.00,都市：商,,,,10850001
RPPOMLMKLHOFFDE18CC,獅頭段一小段,49.27,都市：住,,,,19750000
RPTOMLMKLHOFFCE48CC,憲德段二小段,19.13,都市：商,,,,00200000
RPVPMLMKLHOFFDE88CC,河濱段,18.88,都市：商,,,,05940000
RPVPMLMKLHOFFDE88CC,河濱段,.08,都市：其他:道路用地,,,,05940001
RPVPMLMKLHOFFDE88CC,河濱段,.95,都市：其他:道路用地,,,,05950000
RPTQMLMKLHOFFDE78CC,灣華段,.00,都市：商,,,,05630000
RPSPMLLKLHOFFBE28CC,大統段二小段,297.00,都市：商,,,,13360000
RPTNMLMKLHOFFBE28CC,林德官段一小段,33.00,都市：商,,,,21120000
RPTNMLMKLHOFFBE28CC,林德官段一小段,51.00,都市：商,,,,21130000
RPOOMLMKLHOFFBE87CC,苓雅寮段,6.35,都市：商,,,,07120000
RPUNMLMKLHOFFBE38CC,新興段二小段,59.00,都市：商,,,,15620000
RPRNMLMKLHOFFBE08CC,大統段二小段,.00,都市：商,,,,08620000
RPPNMLMKLHOFFBE87CC,意誠段,.00,都市：商,,,,01990000
RPQNMLMKLHOFFBE97CC,意誠段,.00,都市：商,,,,01990000
RPSNMLLKLHOFFAE08DC,龍華段二小段,73.00,都市：住,,,,04770000
RPOPMLMKLHOFFBE97CC,大統段二小段,11.43,都市：商,,,,02560000
RPSOMLMKLHOFFBE28CC,衛武段,5.30,都市：商,,,,04940001
RPSOMLMKLHOFFBE28CC,衛武段,25.70,都市：住,,,,04940000
RPUOMLMKLHOFFBE48CC,苓雅寮段,4.93,都市：商,,,,07120000
RPXNMLMKLHOFFLE07CC,山子頂段,59.00,都市：住,,,,24720021
RPXNMLMKLHOFFLE07CC,山子頂段,12.00,都市：住,,,,24710039
RPRNMLLKLHOFFLE98CC,會結北段,10.99,都市：其他:空白,,,,09260000
RPRNMLLKLHOFFLE98CC,會結北段,86.99,都市：其他:空白,,,,09270000
RPRNMLLKLHOFFLE98CC,會結北段,1411.99,都市：其他:空白,,,,06570000
RPTPMLNKLHOFFAE48CC,龍華段八小段,7.89,都市：商,,,,24200000
RPPNMLNKLHOFFBE97CC,正明段,.00,都市：住,,,,04540000
RPWNMLNKLHOFFBE68CC,新興段三小段,9.18,都市：商,,,,09010000
RPTNMLNKLHOFFBE38CC,福東段,74.00,都市：商,,,,02790000
RPPOMLNKLHOFFBE08CC,新興段二小段,.00,都市：商,,,,14520000
RPQNMLNKLHOFFCE18CC,獅甲段二小段,16.80,都市：商,,,,05530000
RPRPMLNKLHOFFAE28CC,前金段,7.94,都市：商,,,,00580016
RPXOMLMKLHOFFAE68CC,青海段,17.80,都市：住,,,,00820000
RPQPMLMKLHOFFAE08CC,前金段,5.16,都市：商,,,,00930004
RPUOMLNKLHOFFAE48CC,旗津段,372.00,都市：住,,,,02880000
RPUOMLNKLHOFFAE48CC,旗津段,14.00,都市：住,,,,02890000
RPUOMLNKLHOFFAE48CC,旗津段,39.00,都市：住,,,,02900000
RPUOMLNKLHOFFAE48CC,旗津段,68.00,都市：住,,,,03130000
RPUOMLNKLHOFFAE48CC,旗津段,68.00,都市：住,,,,03140000
RPTOMLMKLHOFFAE28CC,龍中段,16.10,都市：商,,,,00650000
RPTOMLNKLHOFFAE38CC,青海段,13.46,都市：住,,,,00360000
RPQOMLNKLHOFFAE08CC,龍中段,6.43,都市：商,,,,01120000
RPUOMLMKLHOFFAE38CC,龍華段八小段,11.17,都市：商,,,,22800000
RPUNMLNKLHOFFDE68CC,大港段二小段,.00,都市：商,,,,17730000
RPWNMLNKLHOFFDE88CC,大裕段一小段,17.83,都市：住,,,,01570000
RPXNMLNKLHOFFDE98CC,義民段,60.11,都市：商,,,,08430000
RPOOMLNKLHOFFDE18CC,獅頭段一小段,49.27,都市：住,,,,19750000
RPVOMLNKLHOFFDE88CC,中都段二小段,264.46,都市：住,,,,03490000
RPOPMLNKLHOFFDE28CC,灣華段,.00,都市：住,,,,09850000
RPVNMLNKLHOFFFE98CC,頂蚵子寮段,57.00,都市：商,,,,00151398
RPVNMLNKLHOFFFE98CC,頂蚵子寮段,57.00,都市：商,,,,00150106
RPVNMLNKLHOFFFE98CC,頂蚵子寮段,36.00,都市：商,,,,00151401
RPVNMLNKLHOFFFE98CC,頂蚵子寮段,117.00,都市：商,,,,00151402
RPQPMLNKLHOFFDE48CC,三塊厝段一小段,18.81,都市：商,,,,10850001
RPRNMLNKLHOFFIE88CC,崎子?段,2160.00,都市：農,,,,15450000
RPSOMLNKLHOFFGE88CC,五甲段,.00,都市：住,,,,11830027
RPVNMLNKLHOFFIE66CC,金鼎段,146.53,都市：住,,,,08360004
RPXNMLNKLHOFFEE09CC,新庄段十二小段,23.27,都市：住,,,,11190000
RPROMLNKLHOFFEE58CC,土庫段三小段,88.00,都市：住,,,,07230000
RPSOMLNKLHOFFEE68CC,楠都段三小段,.00,都市：住,,,,04690000
RPQOMLNKLHOFFBE18CC,新興段二小段,6.00,都市：商,,,,12760000
RPQPMLNKLHOFFCE38CC,憲德段一小段,3.11,都市：住,,,,08040000
RPXOMLNKLHOFFCE98CC,港和段二小段,.00,都市：住,,,,06020000
RPTOMLNKLHOFFCE58CC,愛群段,19.66,都市：商,,,,23940000
RPWNMLNKLHOFFCE78CC,憲德段二小段,13.23,都市：商,,,,00260000
RPRNMLNKLHOFFCE28CC,二苓段,26.87,都市：住,,,,14010000
RPRNMLOKLHOFFDE48CC,鼎泰段,18.00,都市：住,,,,14740000
RPUNMLOKLHOFFDE78CC,大港段四小段,.00,都市：商,,,,28360000
RPUOMLOKLHOFFDE88CC,大港段四小段,.00,都市：商,,,,31190000
RPOOMLOKLHOFFDE28CC,灣興段,359.17,都市：工,,,,00070001
RPOPMLOKLHOFFDE38CC,三塊厝段一小段,2.99,都市：商,,,,10850001
RPQOMLOKLHOFFCE38CC,獅甲段,5.83,都市：商,,,,03310000
RPQOMLOKLHOFFCE38CC,獅甲段,1.84,都市：商,,,,03300000
RPWOMLOKLHOFFBE88CC,林德官段四小段,3.24,都市：商,,,,38490000
RPQOMLOKLHOFFAE18CC,龍華段八小段,7.89,都市：商,,,,24200000
RPTNMLOKLHOFFAE38CC,後金段,23.70,都市：商,,,,00370000
RPTOMLOKLHOFFAE48CC,龍華段一小段,.00,都市：住,,,,02560000
RPQNMLPKLHOFFAE18CC,青海段,9.65,都市：住,,,,01010000
RPWNMLPKLHOFFAE78CC,前金段,4.93,都市：商,,,,01080000
RPTOMLPKLHOFFAE58CC,民生段,66.00,都市：住,,,,07210000
RPTOMLNKLHOFFGE98CC,埤頂段,45.21,都市：住,,,,12430035
RPUOMLNKLHOFFGE09CC,埤頂段一小段,.00,都市：商,,,,13230177
RPRNMLPKLHOFFBE38CC,過田子段,.00,都市：商,,,,11360000
RPSNMLPKLHOFFBE48CC,大統段二小段,192.00,都市：商,,,,13200000
RPUOMLNKLHOFFEE88CC,楠都段四小段,.00,都市：住,,,,01830000
RPSOMLOKLHOFFEE78CC,菜公段六小段,9.17,都市：住,,,,11030000
RPXPMLOKLHOFFEE76CC,高昌段,180.37,都市：其他:空白,,,,01010000
RPVPMLPKLHOFFCE09CC,松華段,41.90,都市：住,,,,00200000
RPWOMLNKLHOFFEE09CC,新庄段十三小段,6.70,都市：商,,,,14450000
RPPNMLPKLHOFFDE38CC,覆鼎金段覆鼎金小段,95.00,都市：住,,,,14950006
RPPQMLOKLHOFFEE68CC,高昌段,180.37,都市：其他:空白,,,,01010000
RPQQMLPKLHOFFCE68CC,獅甲段,6.94,都市：商,,,,01580001
RPQQMLPKLHOFFCE68CC,獅甲段,6.38,都市：商,,,,01600001
RPTOMLOKLHOFFEE88CC,新吉段,1256.68,都市：住,,,,00400000
RPQNMLPKLHOFFDE48CC,鼎泰段一小段,.00,都市：住,,,,11320000
RPWNMLPKLHOFFIE96CC,澄清段,78.86,都市：住,,,,00190004
RPVNMLPKLHOFFIE86CC,金鼎段,129.61,都市：住,,,,06870002
RPROMLPKLHOFFFE88CC,竹圍段,1804.00,都市：農,,,,01320000
RPQNMLPKLHOFFEE58CC,左東段,15.60,都市：住,,,,05280000
RPPNMLPKLHOFFFE58CC,岡山段,36.63,都市：住,,,,04620000
RPPNMLQKLHOFFGE78CC,七老爺段一甲小段,77.00,都市：住,,,,14810024
RPSNMLQKLHOFFAE58DC,青海段,15.69,都市：住,,,,02900000
RPQNMLQKLHOFFGE88CC,五甲段,100.00,都市：住,,,,15860020
RPQNMLQKLHOFFGE88CC,五甲段,38.00,都市：其他:道路用地,,,,15860045
RPQNMLQKLHOFFGE88CC,五甲段,20.00,都市：其他:道路用地,,,,15860046
RPXOMLPKLHOFFEE76CC,菜公段二小段,.00,都市：住,,,,05960000
RPXOMLPKLHOFFEE76CC,菜公段二小段,.00,都市：其他:道路用地,,,,05960001
RPRNMLQKLHOFFEE78CC,新庄段六小段,103.00,都市：住,,,,05190002
RPUOMLPKLHOFFEE09CC,新夏段,11.74,都市：住,,,,00080000
RPRNMLQKLHOFFDE68CC,灣華段,29.48,都市：住,,,,10790000
RPPNMLRKLHOFFDE58CC,中華段二小段,15.28,都市：住,,,,02060000
RPQNMLRKLHOFFDE68CC,中都段四小段,25.50,都市：住,,,,01410000
RPRNMLRKLHOFFAE48CC,青海段,6.09,都市：商,,,,02090001
RPTNMLSKLHOFFBE88CC,林德官段四小段,75.00,都市：商,,,,39640000
RPUNMLSKLHOFFBE98CC,五塊厝段二小段,31.29,都市：住,,,,25550001
RPWNMLSKLHOFFBE56CC,過田子段,23.52,都市：住,,,,09060000
RPXNMLSKLHOFFCE76CC,鎮昌段,42.00,都市：住,,,,02880000
RPVNMLSKLHOFFCE56CC,愛群段,7.33,都市：商,,,,20360000
RPQPMLSKLHOFFDE98CC,建豐段,5.69,都市：商,,,,08280000
RPTOMLSKLHOFFEE66CC,新福段九小段,.00,都市：商,,,,00060000
RPUNMLSKLHOFFFE76CC,橋子頭段,88.00,都市：住,,,,11420170
RPOOMLSKLHOFFCE58CC,光華段,24.29,都市：住,,,,01410000
RPUOMLSKLHOFFEE76CC,福山段,.00,都市：住,,,,06000000
RPWOMLSKLHOFFEE96CC,清楠段,18.65,都市：住,,,,03820000
RPTNMLSKLHOFFIE96CC,美德段,1939.84,都市：農,,,,00340004
RPSOMLSKLHOFFDE56DC,灣愛段,26.88,都市：住,,,,02340000
RPSOMLSKLHOFFDE56DC,灣愛段,3.27,都市：住,,,,02340002
RPQOMLSKLHOFFIE76CC,大安段,55.00,都市：住,,,,10220011
RPQOMLSKLHOFFIE76CC,大安段,16.00,都市：住,,,,10250001
RPTNMLTKLHOFFEE66CC,果貿段,.00,都市：住,,,,00060000
RPRNMLTKLHOFFCE88CC,獅甲段,22133.00,都市：其他:第三種特定倉儲轉運專用區,,,,05180003
RPSNMLTKLHOFFEE56CC,新民段,.00,都市：住,,,,00210000
RPTNMLTKLHOFFCE09CC,瑞崗段二小段,8.00,都市：住,,,,01090000
RPTNMLTKLHOFFCE09CC,瑞崗段二小段,54.00,都市：住,,,,01100000
RPOOMLTKLHOFFEE88CC,新庄段一小段,14.36,都市：商,,,,12720000
RPPNMLTKLHOFFBE58CC,大統段一小段,.00,都市：商,,,,00060000
RPUPMLTKLHOFFEE96CC,新庄段十三小段,.00,都市：商,,,,15310000
RPUPMLTKLHOFFEE96CC,新庄段十三小段,.00,都市：商,,,,15330000
RPWNMLTKLHOFFBE66CC,林聖段,25.00,都市：住,,,,01010001
RPWNMLTKLHOFFBE66CC,林聖段,56.00,都市：住,,,,01000006
RPPNMLTKLHOFFAE48CC,龍華段八小段,.00,都市：商,,,,21920000
RPVNMLTKLHOFFBE56CC,林德官段二小段,70.22,都市：住,,,,34530002
RPRNMLTKLHOFFAE68CC,前金段,3.00,都市：商,,,,01080021
RPUNMLKLLHOFFBE28CC,過田子段,89.00,都市：住,,,,04660003
RPQNMLKLLHOFFAE77CC,前金段,29.49,都市：商,,,,05110020
RPUNMLKLLHOFFGE78CC,埤頂段,50241.00,都市：住,,,,12430035
RPROMLKLLHOFFDE38DC,大港段,30.05,都市：住,,,,34150000
RPSOMLLLLHOFFGE78CC,新庄子段,19.75,都市：住,,,,01840052
RPXNMLLLLHOFFEE98CC,新庄段十三小段,7.00,都市：商,,,,15090000
RPSOMLLLLHOFFEE58CC,福民段,98.01,都市：住,,,,00900009
RPXOMLLLLHOFFEE09CC,新光段,.00,都市：商,,,,02260000
RPOPMLLLLHOFFEE28CC,福山段,.00,都市：住,,,,05160000
RPPPMLLLLHOFFEE38CC,新庄段五小段,40.50,都市：住,,,,07170000
RPQPMLLLLHOFFEE48CC,新庄段十二小段,.00,都市：住,,,,11020000
RPRPMLLLLHOFFEE58CC,新庄段十二小段,.00,都市：住,,,,11020000
RPVNMLLLLHOFFIE56CC,新赤山段,784.26,都市：住,,,,00910000
RPSOMLKLLHOFFAE08CC,龍中段,11.76,都市：商,,,,01040000
RPQOMLLLLHOFFCE18CC,愛群段,9.76,都市：商,,,,13840000
RPQOMLLLLHOFFCE18CC,愛群段,.01,都市：商,,,,13810001
RPVPMLLLLHOFFEE98CC,新庄段二小段,21.57,都市：商,,,,07920000
RPXOMLLLLHOFFCE88CC,憲德段二小段,.00,都市：商,,,,00280003
RPUOMLLLLHOFFCE58CC,憲德段二小段,.00,都市：商,,,,00260001
RPTQMLLLLHOFFCE68CC,獅甲段,.00,都市：住,,,,01580001
RPTQMLLLLHOFFCE68CC,獅甲段,.00,都市：住,,,,01600001
RPXQMLLLLHOFFCE09CC,獅甲段,3.88,都市：商,,,,03310000
RPXQMLLLLHOFFCE09CC,獅甲段,1.23,都市：商,,,,03300000
RPVNMLTKLHOFFDE76CC,灣志段,63.83,都市：住,,,,10200000
RPRPMLSKLHOFFDE09CC,獅頭段,.00,都市：商,,,,21810000
RPUOMLLLLHOFFDE68CC,灣和段,.00,都市：住,,,,00200000
RPPOMLLLLHOFFDE18CC,灣子內段寶珠溝小段,.00,都市：住,,,,06730000
RPTNMLLLLHOFFDE48CC,澄東段,161.35,都市：住,,,,00620007
RPPOMLKLLHOFFDE08CC,凱歌段,23.98,都市：商,,,,07310000
RPXNMLLLLHOFFAE58CC,青海段,19.50,都市：商,,,,01390000
RPVOMLTKLHOFFDE86CC,鼎泰段,24.27,都市：住,,,,13680000
RPQPMLTKLHOFFDE09CC,覆鼎金段覆鼎金小段,18.25,都市：住,,,,13770000
RPPOMLLLLHOFFAE87CC,文東段,.00,都市：商,,,,15210000
RPROMLLLLHOFFAE08CC,文東段,.00,非都市： ; 非都市編定：,,,,15210000
RPSNMLMLLHOFFDE48CC,三塊厝段,62.35,都市：商,,,,13000005
RPPNMLNLLHOFFKE98CC,美濃段,2910.00,非都市：特定農業區 ; 非都市編定：農牧用地,,,,39730000
RPRNMLMLLHOFFGE68CC,五甲段,27.44,都市：住,,,,10440000
RPOOMLNLLHOFFGE58CC,五甲段,59.23,都市：住,,,,16050000
RPTNMLMLLHOFFGE88CC,新甲段,80.00,都市：住,,,,12340035
RPQNMLNLLHOFFCE28CC,瑞隆段四小段,38.62,都市：商,,,,09200000
RPRNMLNLLHOFFCE38CC,瑞隆段四小段,38.62,都市：商,,,,09200000
RPPNMLOLLHOFFFE58CC,大紅段,67.73,都市：住,,,,05510000
RPOOMLPLLHOFFGE78CC,福誠段,.00,都市：住,,,,00240000
RPQNMLOLLHOFFFE68CC,大紅段,67.73,都市：住,,,,05510000
RPUOMLPLLHOFFGE76CC,文山段,147.00,都市：住,,,,07330002
RPSNMLPLLHOFFEE88CC,新庄段七小段,8.40,都市：住,,,,06110000
RPTOMLPLLHOFFEE09CC,新光段,990.56,都市：住,,,,02950000
RPVNMLMLLHOFFBE58CC,苓雅寮段,.00,都市：商,,,,04920000
RPUNMLMLLHOFFBE48CC,意誠段,.00,都市：商,,,,01990000
RPWNMLLLLHOFFBE58CC,意誠段,.00,都市：商,,,,01580001
RPSPMLPLLHOFFEE09CC,新庄段七小段,15.05,都市：住,,,,09330000
RPUNMLPLLHOFFBE78CC,過田子段,60.00,都市：商,,,,05510005
RPOOMLPLLHOFFBE28CC,林德官段,5.68,都市：商,,,,12940023
RPVOMLPLLHOFFGE86CC,福誠段,24.20,都市：住,,,,00190000
RPUOMLPLLHOFFBE88CC,林德官段二小段,39.29,都市：住,,,,34300000
RPSOMLPLLHOFFDE88CC,覆鼎金段覆鼎金小段,25.00,都市：住,,,,15140000
RPSPMLPLLHOFFBE78CC,五塊厝段三小段,24.12,都市：住,,,,26780000
RPSNMLQLLHOFFBE68CC,意誠段,.00,都市：商,,,,02000000
RPTNMLQLLHOFFBE78CC,意誠段,.00,都市：商,,,,01990000
RPSNMLQLLHOFFDE88CC,灣和段,226.84,都市：住,,,,00720000
RPOOMLQLLHOFFBE38CC,大統段二小段,123.00,都市：商,,,,03360000
RPROMLQLLHOFFBE68CC,意誠段,14.80,都市：商,,,,01580001
RPWOMLQLLHOFFBE56CC,意誠段,.26,都市：商,,,,07630001
RPVOMLQLLHOFFAE98CC,龍華段八小段,9.33,都市：商,,,,22210000
RPVOMLQLLHOFFEE76CC,新庄段四小段,64.00,都市：住,,,,03290000
RPVNMLQLLHOFFGE86CC,竹子腳段,12.54,都市：住,,,,01470000
RPSOMLQLLHOFFGE66CC,新甲段,41.10,都市：住,,,,11590032
RPPPMLQLLHOFFGE09CC,文山段,11.72,都市：住,,,,08650000
RPXOMLQLLHOFFIE37CC,興農段,6116.00,都市：農,,,,00020000
RPSNMLRLLHOFFIE86CC,保安段,30.00,都市：住,,,,10150000
RPOQMLRLLHOFFFE09CC,橋北段,28.00,都市：住,,,,10550000
RPWNMLRLLHOFFLE57CC,大寮段芎蕉腳小段,1953.00,都市：工,,,,11400000
RPWNMLRLLHOFFLE57CC,大寮段芎蕉腳小段,1106.00,都市：工,,,,11410000
RPWNMLRLLHOFFLE57CC,大寮段芎蕉腳小段,1710.00,都市：工,,,,11420000
RPXNMLRLLHOFFGE17CC,埤頂段,.00,都市：住,,,,12430036
RPRNMLRLLHOFFEE98CC,右昌段三小段,67.00,都市：住,,,,07170000
RPUPMLRLLHOFFEE86CC,新庄段六小段,.00,都市：住,,,,09530000
RPRNMLRLLHOFFAE58CC,北金段,6.48,非都市： ; 非都市編定：,,,,00730000
RPRNMLRLLHOFFAE58CC,前金段,11.08,非都市： ; 非都市編定：,,,,06820000
RPXNMLRLLHOFFAE56CC,前金段,8.45,都市：商,,,,00580016
RPVNMLNLLHOFFAE58CC,北金段,10.86,都市：商,,,,02550000
RPUNMLQLLHOFFAE78CC,前金段,4.17,都市：商,,,,00930004
RPTOMLQLLHOFFAE78CC,前金段,7.60,都市：商,,,,00930004
RPRNMLMLLHOFFAE08CC,北金段,9.23,都市：商,,,,10970000
RPPPMLPLLHOFFAE38CC,青海段,7.53,都市：住,,,,00360000
RPXNMLPLLHOFFAE98CC,龍北段,19.34,都市：住,,,,00070000
RPTNMLPLLHOFFAE58CC,青海段,21.94,都市：商,,,,01660000
RPSOMLLLLHOFFAE18CC,青海段,91.35,都市：住,,,,03190000
RPQNMLPLLHOFFAE28CC,青海段,21.25,都市：住,,,,03550002
RPQPMLRLLHOFFAE68CC,大成段,21.00,都市：住,,,,07270000
RPQPMLRLLHOFFAE68CC,大成段,59.00,都市：住,,,,07240000
RPROMLRLLHOFFBE78CC,新興段二小段,180.00,都市：商,,,,09930000
RPROMLRLLHOFFBE78CC,新興段二小段,17.00,都市：其他:道路用地,,,,09930001
RPTOMLRLLHOFFBE98CC,福東段,.00,都市：商,,,,04650000
RPPNMLRLLHOFFBE48CC,衛武段,78.00,都市：商,,,,01260000
RPSNMLRLLHOFFCE88CC,獅甲段,.00,非都市： ; 非都市編定：,,,,03300000
RPSNMLRLLHOFFCE88CC,獅甲段,.00,非都市： ; 非都市編定：,,,,03310000
RPTNMLRLLHOFFCE98CC,獅甲段,.00,非都市： ; 非都市編定：,,,,03300000
RPTNMLRLLHOFFCE98CC,獅甲段,.00,非都市： ; 非都市編定：,,,,03310000
RPPOMLRLLHOFFDE78CC,大港段四小段,320.00,都市：商,,,,32520000
RPPOMLRLLHOFFDE78CC,大港段四小段,320.00,都市：商,,,,32520001
RPPOMLRLLHOFFDE78CC,大港段四小段,321.00,都市：商,,,,32520002
RPTOMLSLLHOFFCE56CC,盛興段,12.32,都市：住,,,,14920000
RPPOMLRLLHOFFDE78CC,大港段四小段,99.00,都市：商,,,,32530001
RPQNMLSLLHOFFCE78CC,憲德段一小段,2.95,都市：商,,,,08040000
RPPOMLRLLHOFFDE78CC,大港段四小段,368.00,都市：商,,,,32530002
RPPOMLRLLHOFFDE78CC,大港段四小段,57.00,都市：商,,,,32550002
RPXOMLRLLHOFFDE96CC,大港段,.00,都市：住,,,,36330002
RPUNMLSLLHOFFLE47CC,翁公園段二小段,793.00,都市：農,,,,48870000
RPXNMLSLLHOFFBE76CC,意誠段,.00,都市：商,,,,01990000
RPWOMLSLLHOFFCE86CC,獅甲段,6.94,都市：商,,,,01580000
RPWOMLSLLHOFFCE86CC,獅甲段,6.38,都市：商,,,,01600000
RPROMLSLLHOFFBE88CC,福東段,1275.00,都市：工,,,,30140000
RPXNMLSLLHOFFAE66CC,龍華段八小段,.00,都市：商,,,,22510000
RPROMLSLLHOFFGE76CC,牛潮埔段,1361.00,都市：工,,,,01420001
RPOPMLSLLHOFFGE56CC,新庄子段,72.00,都市：住,,,,02430312
RPXOMLSLLHOFFAE76CC,龍華段一小段,41.46,都市：住,,,,06960000
RPOOMLSLLHOFFEE88CC,新庄段十二小段,19.41,都市：住,,,,11610000
RPROMLSLLHOFFDE09CC,建興段,1219.00,都市：農,,,,09970000
RPTNMLSLLHOFFIE07CC,大?腿段,2404.00,都市：農,,,,12880000
RPSNMLSLLHOFFIE96CC,保社段,396.70,都市：農,,,,04730000
RPQNMLTLLHOFFFE56CC,大公段,3.65,都市：住,,,,03710000
RPOOMLTLLHOFFGE56CC,鳳山段大老衙小段,73.00,都市：商,,,,01180004
RPOOMLTLLHOFFGE56CC,鳳山段大老衙小段,73.00,都市：商,,,,01470018
RPQNMLTLLHOFFAE68CC,青海段,34.42,都市：住,,,,05950000
RPSNMLKMLHOFFGE68CC,新甲段,57.00,都市：住,,,,12370076
RPPNMLKMLHOFFDE08CC,德北段,8.87,都市：住,,,,00170000
RPVOMLLJMHOFFGE98CC,道爺?段,27.00,都市：住,,,,07060051
RPOOMLTLLHOFFEE98CC,福山段,8.09,都市：商,,,,03170000
RPROMLTLLHOFFBE98CC,過田子段,19.12,都市：商,,,,10820000
RPSPMLLJMHOFFGE78CC,七老爺段一甲小段,42.00,都市：其他:市場,,,,14900081
RPQQMLLJMHOFFGE68CC,七老爺段一甲小段,103.00,都市：商,,,,12250001
RPQQMLLJMHOFFEE48CC,新庄段十二小段,113.00,都市：住,,,,11310003
RPQQMLLJMHOFFEE48CC,新庄段十二小段,109.00,都市：住,,,,11310002
RPWNMLLJMHOFFIE56CC,金鼎段,526.49,都市：住,,,,06390002
RPTNMLLJMHOFFDE38CC,河濱段,42.00,都市：商,,,,05340000
RPSPMLLJMHOFFDE48CC,大港段四小段,79.00,都市：商,,,,28500000
RPWNMLLJMHOFFBE48CC,意誠段,.00,都市：商,,,,01990000
RPXNMLLJMHOFFBE58CC,意誠段,.00,都市：商,,,,01990000
RPQOMLLJMHOFFBE97CC,意誠段,.00,都市：商,,,,01990000
RPOOMLLJMHOFFBE77CC,意誠段,.00,都市：商,,,,01990000
RPUOMLLJMHOFFBE38CC,大統段一小段,.00,都市：商,,,,00060000
RPXOMLLJMHOFFBE68CC,新興段四小段,36.45,都市：商,,,,06820000
RPRNMLTLLHOFFAE78CC,龍中段,32.03,都市：住,,,,02080000
RPPOMLLJMHOFFAE77CC,青海段,7.69,都市：住,,,,02150000
RPSNMLLJMHOFFAE97CC,北金段,10.11,都市：商,,,,02550000
RPWNMLTLLHOFFAE66CC,龍中段,16.02,都市：住,,,,02080000
RPSNMLLJMHOFFAE97CC,北金段,6.46,都市：商,,,,02550000
RPROMLLJMHOFFAE97CC,龍華段三小段,16.50,都市：農,,,,07000000
RPQOMLMJMHOFFAE97CC,龍華段八小段,.00,都市：商,,,,24200000
RPPOMLMJMHOFFBE97CC,新興段一小段,.00,都市：商,,,,04240000
RPOOMLMJMHOFFBE87CC,新興段二小段,17.76,都市：商,,,,17670000
RPQNMLMJMHOFFDE18CC,大港段二小段,57.00,都市：商,,,,14900002
RPRNMLMJMHOFFDE28CC,金獅段,.00,都市：住,,,,00950000
RPOPMLMJMHOFFDE18CC,建民段,.00,都市：商,,,,00440000
RPQPMLMJMHOFFDE38CC,大港段四小段,.00,都市：住,,,,26960000
RPRPMLMJMHOFFDE48CC,建民段,.00,都市：商,,,,06290000
RPSPMLMJMHOFFDE58CC,義民段,28.93,都市：住,,,,10940000
RPVPMLMJMHOFFDE88CC,陽明段一小段,78.00,都市：住,,,,00150000
RPQPMLMJMHOFFEE48CC,福山段,1307.58,都市：商,,,,04690000
RPSPMLMJMHOFFEE68CC,新福段十小段,19.88,都市：住,,,,01520000
RPVPMLMJMHOFFEE98CC,清豐段,7.73,都市：住,,,,02270517
RPTPMLMJMHOFFEE78CC,莒光段三小段,27.57,都市：住,,,,10890000
RPXPMLMJMHOFFEE56CC,新庄段十二小段,20.94,都市：住,,,,11020000
RPPNMLMJMHOFFIE58CC,澄清段,73.88,都市：住,,,,01110023
RPVNMLMJMHOFFIE56CC,保社段,405.89,都市：農,,,,03720000
RPOPMLMJMHOFFGE48CC,新庄子段,16.67,都市：住,,,,01650000
RPXPMLMJMHOFFGE76CC,新甲段,25.05,都市：住,,,,11000000
RPQOMLNJMHOFFIE88CC,竹園段,8713.00,都市：工,,,,13420000
RPRNMLNJMHOFFFE58CC,大全段,546.00,都市：工,,,,00340013
RPROMLNJMHOFFFE68CC,梓和段,1077.77,都市：工,,,,07360000
RPWNMLNJMHOFFEE98CC,新庄段十三小段,6.30,都市：商,,,,14450000
RPQOMLMJMHOFFCE18CC,光華段一小段,.00,都市：住,,,,19830000
RPUOMLTLLHOFFCE76CC,獅甲段二小段,54.41,都市：住,,,,05830000
RPPOMLTLLHOFFCE88CC,瑞隆段三小段,60.00,都市：住,,,,02130000
RPPNMLTLLHOFFCE78CC,獅甲段,.00,非都市： ; 非都市編定：,,,,03300000
RPPNMLTLLHOFFCE78CC,獅甲段,.00,非都市： ; 非都市編定：,,,,03310000
RPRPMLLJMHOFFCE28CC,憲德段二小段,12.73,都市：商,,,,00260000
RPSPMLLJMHOFFCE38CC,憲德段二小段,13.72,都市：商,,,,00260000
RPQPMLLJMHOFFCE18CC,憲德段二小段,11.75,都市：商,,,,00260000
RPROMLNJMHOFFEE58CC,新庄段七小段,16.03,都市：住,,,,02220000
RPSOMLNJMHOFFCE48CC,光華段一小段,.00,都市：住,,,,16820011
RPROMLNJMHOFFCE38CC,光華段一小段,118.00,都市：住,,,,16820011
RPWOMLNJMHOFFEE09CC,?後段,36.26,都市：住,,,,00370000
RPVOMLNJMHOFFCE78CC,宏明段,1183.70,都市：住,,,,02350000
RPUQMLNJMHOFFEE09CC,新庄段五小段,.00,都市：住,,,,07250000
RPVQMLNJMHOFFEE56CC,新庄段五小段,.00,都市：住,,,,07250000
RPSOMLNJMHOFFBE38CC,大統段一小段,.00,都市：商,,,,10420000
RPWOMLNJMHOFFAE68CC,鼓中段五小段,.00,都市：商,,,,04800000
RPWOMLNJMHOFFAE68CC,鼓中段五小段,.00,都市：住,,,,04800001
RPQNMLOJMHOFFBE18CC,意誠段,.00,都市：商,,,,07630000
RPRNMLOJMHOFFBE28CC,意誠段,.00,都市：商,,,,01990000
RPXNMLNJMHOFFBE78CC,新興段一小段,4.04,都市：商,,,,17560000
RPSNMLOJMHOFFBE38CC,意誠段,.00,都市：商,,,,01990000
RPTNMLOJMHOFFBE48CC,成功段,9.76,都市：商,,,,02990000
RPUNMLOJMHOFFBE58CC,新興段一小段,8.66,都市：商,,,,01400004
RPPNMLOJMHOFFAE08DC,前金段,6.65,都市：商,,,,00640002
RPQNMLQJMHOFFEE68CC,藍田中段,.00,都市：住,,,,02070010
RPRNMLQJMHOFFEE78CC,藍昌段三小段,.00,都市：商,,,,04860000
RPSNMLSJMHOFFBE78CC,新興段三小段,.00,非都市： ; 非都市編定：,,,,02190000
RPSNMLSJMHOFFBE78CC,新興段三小段,.00,非都市： ; 非都市編定：,,,,02200000
RPSOMLNJMHOFFGE88CC,赤山段,19.38,都市：住,,,,03580002
RPVNMLQJMHOFFGE76CC,道爺?段,27.00,都市：住,,,,07060043
RPOOMLSJMHOFFBE48CC,過田子段,.00,都市：商,,,,11360000
RPXNMLSJMHOFFBE66CC,意誠段,.00,都市：商,,,,01990000
RPPOMLSJMHOFFBE58CC,新興段二小段,.00,都市：商,,,,04470000
RPSNMLSJMHOFFAE68CC,北金段,.00,都市：商,,,,09250000
RPQOMLSJMHOFFBE68CC,五塊厝段,.00,都市：商,,,,18360001
RPTNMLSJMHOFFAE78CC,龍華段八小段,.00,都市：商,,,,22830000
RPWNMLSJMHOFFAE09CC,龍華段八小段,3.83,都市：商,,,,22130000
RPUNMLSJMHOFFEE66CC,新庄段十三小段,.00,都市：住,,,,13140000
RPOPMLSJMHOFFGE09CC,文英段,.27,都市：住,,,,21060000
RPQNMLSJMHOFFLE96CC,福德段,.00,都市：住,,,,08730000
RPVSMLSJMHOFFFE37CC,興龍段,.00,非都市：特定農業區 ; 非都市編定：甲種建築用地,,,,00040000
RPRNMLSJMHOFFIE76CC,大華段,39.50,都市：商,,,,03300000
RPRNMLSJMHOFFIE76CC,大華段,37.67,都市：商,,,,03330000
RPXNMLSJMHOFFIE37CC,仁春段,.00,都市：住,,,,04520007
RPXNMLSJMHOFFIE37CC,仁春段,.00,都市：住,,,,04520001
RPXNMLSJMHOFFIE37CC,仁春段,.00,都市：住,,,,04520003
RPXNMLSJMHOFFIE37CC,仁春段,.00,都市：其他:人行步道,,,,04530002
RPQOMLSJMHOFFIE76CC,鳳松段,.00,都市：住,,,,11240000
RPROMLSJMHOFFIE86CC,松埔段,1929.39,都市：農,,,,10150000
RPXNMLSJMHOFFCE76CC,愛群段,27.66,都市：住,,,,14160000
RPUOMLSJMHOFFIE17CC,八德段,1035.66,都市：住,,,,03160000
RPPNMLQJMHOFFCE38CC,獅甲段,.00,非都市： ; 非都市編定：,,,,03310000
RPPNMLQJMHOFFCE38CC,獅甲段,.00,非都市： ; 非都市編定：,,,,03300000
RPUOMLSJMHOFFCE56CC,愛群段,16.99,都市：商,,,,24630000
RPVOMLTJMHOFFFE07CC,大仁段,33.01,都市：住,,,,03210000
RPPQMLTJMHOFFFE66CC,安西段,219.86,都市：工,,,,06540000
RPQOMLTJMHOFFGE66CC,五甲段,.00,都市：住,,,,11830027
RPTOMLTJMHOFFGE96CC,文山段,342.00,都市：住,,,,07230000
RPSOMLTJMHOFFGE86CC,中崙段,.00,都市：住,,,,00180000
RPVOMLTJMHOFFGE17CC,大貝湖段,2329.70,都市：住,,,,00040000
RPXOMLTJMHOFFGE37CC,大貝湖段,94.09,都市：住,,,,00450013
RPQPMLTJMHOFFGE76CC,北門段,.00,都市：商,,,,00230000
RPTNMLTJMHOFFAE88CC,龍華段八小段,8.59,都市：商,,,,22290000
RPWNMLTJMHOFFAE56CC,北金段,.00,非都市： ; 非都市編定：,,,,02990000
RPTOMLSJMHOFFDE56CC,大港段六小段,.00,都市：其他:市場用地,,,,06370112
RPUOMLSJMHOFFDE66CC,大港段七小段,.00,都市：商,,,,06600005
RPUOMLSJMHOFFDE66CC,大港段七小段,.00,都市：商,,,,06610001
RPUOMLSJMHOFFDE66CC,大港段七小段,.00,都市：商,,,,06610006
RPQPMLNJMHOFFDE48CC,大豐段一小段,.00,都市：住,,,,02260000
RPPNMLSJMHOFFDE68CC,獅頭段一小段,33.10,都市：住,,,,19600000
RPPOMLTJMHOFFAE58CC,龍中段,18.59,都市：商,,,,01490000
RPQNMLTJMHOFFBE68CC,過田子段,63.00,都市：商,,,,08040012
RPRNMLTJMHOFFBE78CC,意誠段,16.97,都市：商,,,,01480000
RPWNMLTJMHOFFBE66CC,正憲段,.00,都市：商,,,,00330000
RPOOMLTJMHOFFBE58CC,林德官段一小段,.00,都市：住,,,,20310000
RPVOMLTJMHOFFBE66CC,新興段四小段,.00,都市：商,,,,07710000
RPVOMLTJMHOFFBE66CC,新興段四小段,.00,都市：商,,,,07840000
RPVOMLTJMHOFFBE66CC,新興段四小段,.00,都市：商,,,,07850000
RPSNMLTJMHOFFDE09CC,灣華段,23.03,都市：住,,,,05720000
RPVNMLTJMHOFFDE76CC,凱歌段,.00,都市：住,,,,03350000
RPWNMLTJMHOFFDE86CC,大港段四小段,.00,都市：住,,,,26960000
RPXNMLTJMHOFFDE96CC,獅頭段,.00,都市：商,,,,26840068
RPOOMLTJMHOFFDE78CC,澄義段,.00,都市：住,,,,01730000
RPOOMLTJMHOFFDE78CC,獅頭段一小段,.00,都市：住,,,,19510000
RPROMLTJMHOFFDE09CC,鼎祥段,11.13,都市：住,,,,00230000
RPWOMLTJMHOFFDE96CC,義民段,.00,都市：住,,,,10030000
RPOPMLTJMHOFFDE88CC,灣昌段,.00,都市：住,,,,02340000
RPTNMLKKMHOFFCE28CC,店子後段,66.00,都市：商,,,,11170005
RPOUMLTJMHOFFCE66CC,獅甲段二小段,60.63,都市：其他:國宅用地,,,,05910000
RPPOMLKKMHOFFCE97CC,愛群段,.00,非都市： ; 非都市編定：,,,,17390000
RPQOMLKKMHOFFCE08CC,朝陽段,1751.00,都市：工,,,,06850000
RPSNMLKKMHOFFBE08CC,苓雅寮段,15.52,都市：商,,,,06250000
RPTNMLTJMHOFFEE66CC,新庄段十三小段,.00,都市：商,,,,15310000
RPTNMLTJMHOFFEE66CC,新庄段十三小段,.00,都市：商,,,,15330000
RPWNMLKKMHOFFBE48CC,林德官段二小段,60.64,都市：商,,,,35080001
RPVNMLTJMHOFFEE86CC,楠梓段三小段,.00,都市：住,,,,09730000
RPXNMLSJMHOFFEE96CC,福山段,13.18,都市：住,,,,01890000
RPSNMLTJMHOFFEE56CC,清楠段,.00,都市：住,,,,01030015
RPUNMLKKMHOFFEE58CC,新庄段一小段,37.24,都市：住,,,,12510000
RPTNMLKKMHOFFEE48CC,新庄段十二小段,23.30,都市：住,,,,09960000
RPQOMLKKMHOFFGE48CC,曹公段,548.61,都市：工,,,,01030101
RPVOMLKKMHOFFEE78CC,新庄段一小段,147.00,都市：住,,,,11370000
RPUNMLKKMHOFFIE98CC,澄清段,331.00,都市：住,,,,01100002
RPUNMLKKMHOFFIE98CC,澄清段,229.00,都市：住,,,,01100003
RPUNMLKKMHOFFIE98CC,澄清段,274.00,都市：住,,,,01100007
RPROMLLKMHOFFIE88CC,大?腿段,748.00,都市：工,,,,16550000
RPROMLLKMHOFFLE56CC,會社段,8.72,都市：住,,,,10590011
RPXNMLLKMHOFFGE56CC,田中央段,126.31,都市：商,,,,00300018
RPOOMLLKMHOFFGE38CC,竹子腳段,1226.00,都市：住,,,,00650000
RPOOMLLKMHOFFGE38CC,竹子腳段,228.00,都市：住,,,,00670001
RPOOMLLKMHOFFGE38CC,竹子腳段,46.00,都市：住,,,,00670008
RPTPMLLKMHOFFEE78CC,藍田西段,30.81,都市：住,,,,01610000
RPOOMLLKMHOFFGE38CC,竹子腳段,1022.00,都市：住,,,,00680001
RPOOMLLKMHOFFGE38CC,竹子腳段,834.00,都市：住,,,,00690000
RPUQMLLKMHOFFEE98CC,新光段,27.28,都市：住,,,,02530000
RPWPMLLKMHOFFEE09CC,左東段,36.50,都市：住,,,,00650000
RPSNMLLKMHOFFBE18CC,意誠段,7.82,都市：商,,,,07270000
RPWQMLLKMHOFFEE56CC,新華段,12.85,都市：住,,,,00260000
RPSOMLLKMHOFFAE18CC,龍華段八小段,17.96,都市：商,,,,22590000
RPRNMLLKMHOFFAE97CC,龍華段八小段,171.15,都市：住,,,,23380000
RPUOMLTJMHOFFAE09CC,龍中段,9.45,都市：商,,,,00870000
RPROMLTJMHOFFAE78CC,龍中段,15.16,都市：商,,,,00550000
RPUOMLLKMHOFFAE38CC,前金段,9.27,都市：商,,,,00710004
RPTOMLLKMHOFFAE28CC,前金段,1.53,都市：商,,,,00630000
RPTOMLLKMHOFFAE28CC,前金段,2.07,都市：商,,,,01080005
RPTOMLLKMHOFFAE28CC,前金段,2.48,都市：商,,,,01080021
RPOQMLLKMHOFFCE18CC,仁愛段,48.00,都市：商,,,,03120096
RPVPMLMKMHOFFCE88CC,盛興段,12.20,都市：住,,,,14920000
RPUPMLMKMHOFFCE78CC,盛興段,12.32,都市：住,,,,14920000
RPROMLMKMHOFFCE38CC,愛群段,5.94,都市：商,,,,24590000
RPOQMLMKMHOFFCE28CC,光華段一小段,10.78,都市：住,,,,20220000
RPPQMLMKMHOFFCE38CC,盛興段,12.32,都市：住,,,,14920000
RPXPMLMKMHOFFCE09CC,光華段,12.57,都市：住,,,,05660000
RPUOMLMKMHOFFDE78CC,獅頭段,64.00,都市：商,,,,26840015
RPVPMLMKMHOFFDE98CC,大港段四小段,.00,都市：商,,,,33710000
RPWPMLMKMHOFFDE09CC,大順段,14.16,都市：商,,,,04290000
RPWPMLMKMHOFFDE09CC,大順段,1.52,都市：商,,,,04300000
RPXPMLMKMHOFFDE56CC,大順段,14.16,都市：商,,,,04290000
RPXPMLMKMHOFFDE56CC,大順段,1.52,都市：商,,,,04300000
RPOQMLMKMHOFFDE38CC,大順段,14.16,都市：商,,,,04290000
RPOQMLMKMHOFFDE38CC,大順段,1.52,都市：商,,,,04300000
RPXNMLKKMHOFFDE78CC,三塊厝段四小段,13.20,都市：住,,,,28620000
RPXNMLKKMHOFFDE78CC,三塊厝段四小段,13.40,都市：住,,,,28620001
RPRNMLMKMHOFFDE38CC,三塊厝段,96.00,都市：商,,,,10940003
RPRNMLMKMHOFFDE38CC,三塊厝段,156.00,都市：商,,,,10940002
RPVOMLLKMHOFFDE78CC,水源段,11.29,都市：住,,,,04810000
RPRPMLLKMHOFFDE48CC,中華段二小段,13.90,都市：商,,,,15410000
RPWNMLMKMHOFFDE88CC,建德段,161.00,都市：商,,,,03650000
RPTOMLLKMHOFFDE58CC,三塊厝段,79.00,都市：商,,,,11540005
RPWNMLMKMHOFFDE88CC,建德段,174.00,都市：商,,,,03660002
RPSOMLKKMHOFFDE38CC,獅頭段,.00,都市：商,,,,26390003
RPPNMLKKMHOFFDE97CC,獅頭段,9.56,都市：住,,,,27390000
RPROMLLKMHOFFDE38CC,獅頭段一小段,.00,都市：商,,,,20410001
RPSQMLMKMHOFFDE78CC,建興段,38.78,都市：商,,,,07030000
RPORMLMKMHOFFDE48CC,大港段六小段,2.42,都市：商,,,,05620000
RPOOMLMKMHOFFAE87CC,前金段,.00,都市：商,,,,03910027
RPXQMLMKMHOFFDE66CC,鼎泰段一小段,104.46,都市：住,,,,01130003
RPPOMLMKMHOFFAE97CC,前金段,.00,都市：商,,,,00810013
RPROMLMKMHOFFAE18CC,前金段,.00,都市：商,,,,00650000
RPQOMLMKMHOFFAE08CC,興福段,.00,都市：住,,,,02010000
RPTOMLMKMHOFFAE38CC,前金段,6.43,都市：商,,,,00580016
RPSNMLMKMHOFFBE28CC,大統段一小段,57.16,都市：商,,,,02600000
RPTNMLMKMHOFFBE38CC,大統段一小段,57.26,都市：商,,,,02600000
RPUNMLMKMHOFFBE48CC,新興段四小段,.00,都市：商,,,,16770000
RPUNMLMKMHOFFBE48CC,新興段四小段,.00,都市：商,,,,16780000
RPPOMLMKMHOFFBE08CC,正明段,.00,都市：住,,,,04540000
RPQPMLMKMHOFFEE58CC,新庄段八小段,21.00,都市：住,,,,00910000
RPUOMLMKMHOFFEE88CC,新庄段十三小段,45.36,都市：商,,,,15090000
RPOPMLMKMHOFFEE38CC,新光段,11.29,都市：住,,,,00160000
RPWOMLMKMHOFFGE66CC,埤頂段一小段,.00,都市：商,,,,13230177
RPTQMLMKMHOFFEE98CC,楠都段三小段,.00,都市：住,,,,04690000
RPPNMLMKMHOFFIE68CC,保安段,.00,非都市： ; 非都市編定：,,,,08460001
RPPNMLMKMHOFFIE68CC,保安段,.00,非都市： ; 非都市編定：,,,,08470000
RPVNMLNKMHOFFEE98CC,新庄段十三小段,10.98,都市：住,,,,14020000
RPRNMLNKMHOFFGE78CC,赤山段,.76,都市：住,,,,01220005
RPRNMLNKMHOFFGE78CC,赤山段,20.94,都市：住,,,,06480000
RPROMLMKMHOFFIE98CC,竹園段,334.00,都市：工,,,,04330010
RPROMLMKMHOFFIE98CC,竹園段,29.00,都市：工,,,,04510043
RPQNMLNKMHOFFDE38CC,建豐段,11.58,都市：住,,,,09510000
RPTNMLPKMHOFFDE88CC,三塊厝段,.00,都市：住,,,,12360006
RPPNMLPKMHOFFDE48CC,大港段,.00,都市：商,,,,35650000
RPRNMLPKMHOFFDE68CC,澄義段,.00,都市：住,,,,00420000
RPSPMLMKMHOFFAE38CC,龍華段八小段,1679.00,都市：商,,,,24010000
RPUOMLMKMHOFFAE48CC,龍華段八小段,11.96,都市：商,,,,21950000
RPUNMLPKMHOFFDE98CC,大港段五小段,44.46,都市：商,,,,08310000
RPQPMLMKMHOFFAE18CC,大勇段,67.00,都市：商,,,,06090000
RPVOMLMKMHOFFAE58CC,青海段,28.14,都市：住,,,,06800000
RPSOMLPKMHOFFDE88CC,建豐段,13.38,都市：商,,,,08970003
RPXOMLPKMHOFFDE76CC,三塊厝段四小段,61.00,都市：住,,,,15890012
RPQOMLPKMHOFFCE58CC,光華段一小段,76.00,都市：住,,,,19140011
RPQOMLPKMHOFFAE38CC,北金段,5.73,都市：商,,,,11340000
RPVPMLPKMHOFFCE56CC,愛群段,5.94,都市：商,,,,24590000
RPSOMLPKMHOFFBE68CC,林德官段二小段,3.21,都市：住,,,,35220000
RPUPMLPKMHOFFEE66CC,新福段七小段,15.15,都市：住,,,,00050000
RPROMLPKMHOFFBE58CC,過田子段,.00,都市：商,,,,07040000
RPUNMLPKMHOFFGE66CC,赤山段,22.95,都市：住,,,,05540005
RPUOMLPKMHOFFGE76CC,華英段,163.78,都市：住,,,,00490000
RPXNMLPKMHOFFAE09DC,北金段,.00,非都市： ; 非都市編定：,,,,04650000
RPWPMLPKMHOFFEE86CC,果貿段,14.52,都市：住,,,,00060000
RPXPMLPKMHOFFFE07CC,大仁段,62.00,都市：住,,,,26770019
RPVQMLPKMHOFFFE96CC,梓信段,158.19,都市：住,,,,09680000
RPQNMLQKMHOFFGE98CC,新甲段,19.05,都市：住,,,,12450286
RPWNMLQKMHOFFLE47CC,內厝段,24.05,都市：住,,,,07330000
RPRNMLQKMHOFFJE76CC,大仁段,3516.96,都市：工,,,,05830000
RPRNMLQKMHOFFAE48CC,龍華段八小段,.00,都市：商,,,,21920000
RPSOMLQKMHOFFEE09CC,新康段,122.09,都市：住,,,,00190000
RPXNMLQKMHOFFAE09CC,鹽壽段,2582.00,都市：商,,,,00050000
RPSNMLQKMHOFFAE58CC,龍北段,19.34,都市：住,,,,00070000
RPSOMLQKMHOFFGE66CC,文山段,14.71,都市：住,,,,08970000
RPXNMLQKMHOFFGE07CC,新庄子段,146.00,都市：住,,,,01820088
RPXNMLQKMHOFFGE07CC,新庄子段,7.00,都市：住,,,,01820120
RPXNMLQKMHOFFGE07CC,新庄子段,8.00,都市：住,,,,01820119
RPXNMLQKMHOFFGE07CC,新庄子段,8.00,都市：住,,,,01820118
RPRNMLQKMHOFFBE58CC,新興段四小段,.00,都市：商,,,,16770000
RPRNMLQKMHOFFBE58CC,新興段四小段,.00,都市：商,,,,16780000
RPTNMLQKMHOFFBE78CC,意誠段,.00,都市：商,,,,01990000
RPUNMLQKMHOFFBE88CC,意誠段,.00,都市：商,,,,01990000
RPXNMLQKMHOFFBE56CC,新興段四小段,.00,都市：商,,,,16770000
RPXNMLQKMHOFFBE56CC,新興段四小段,.00,都市：商,,,,16780000
RPOOMLQKMHOFFBE38CC,新興段二小段,12.73,都市：商,,,,08960000
RPVNMLQKMHOFFDE56CC,德北段,12.04,都市：住,,,,00170000
RPUOMLQKMHOFFCE09CC,愛群段,16.99,都市：商,,,,24630000
RPWNMLQKMHOFFCE56CC,盛興段,12.32,都市：住,,,,14920000
RPRNMLQKMHOFFCE68CC,獅甲段二小段,11.88,都市：商,,,,05520000
RPROMLQKMHOFFDE88CC,獅頭段一小段,13.40,都市：商,,,,14590000
RPQOMLQKMHOFFDE78CC,獅頭段一小段,13.40,都市：商,,,,14590000
RPSOMLQKMHOFFDE98CC,灣中段,13.16,都市：住,,,,04330000
RPURMLQKMHOFFEE96CC,福山段,8.97,都市：商,,,,03210000
RPSOMLRKMHOFFBE88CC,新興段三小段,.00,都市：商,,,,05490000
RPQOMLRKMHOFFEE98CC,福山段,.00,都市：商,,,,03380000
RPSOMLRKMHOFFEE56CC,藍田中段,.00,都市：住,,,,00530000
RPRPMLRKMHOFFEE56CC,左西段,103.00,都市：商,,,,14520000
RPTNMLRKMHOFFLE27CC,磚子?段,865.00,都市：工,,,,38840000
RPOQMLSKMHOFFGE66CC,鳳翔段,175.43,都市：住,,,,02680004
RPPQMLSKMHOFFGE76CC,新甲段,.00,都市：住,,,,13220023
RPQQMLSKMHOFFGE86CC,五甲段,50.00,都市：住,,,,10940003
RPRNMLRKMHOFFDE88CC,陽明段三小段,40.08,都市：住,,,,00400000
RPPPMLQKMHOFFDE78CC,建民段,16.96,都市：商,,,,06290000
RPPOMLSKMHOFFEE98CC,新庄段十三小段,8.92,都市：商,,,,15090000
RPSOMLSKMHOFFEE66CC,福山段,8.53,都市：商,,,,03420000
RPUOMLSKMHOFFEE86CC,菜公段六小段,9.19,都市：住,,,,10130000
RPSRMLSKMHOFFEE96CC,新庄段十三小段,6.70,都市：商,,,,14450000
RPWQMLSKMHOFFEE27CC,新庄段二小段,21.97,都市：住,,,,02050001
RPURMLSKMHOFFEE17CC,新庄段十三小段,8.76,都市：商,,,,14450000
RPROMLSKMHOFFBE88CC,正昌段,78.84,都市：住,,,,02070000
RPVNMLSKMHOFFBE56CC,意誠段,.00,都市：商,,,,01990000
RPOOMLSKMHOFFBE58CC,過田子段,.00,都市：商,,,,11360000
RPUNMLSKMHOFFAE98CC,後金段,80.00,都市：商,,,,05220000
RPTOMLSKMHOFFBE09CC,苓洲段,18.50,都市：商,,,,02630000
RPOPMLSKMHOFFBE68CC,正福段,100.68,都市：商,,,,06280000
RPVOMLSKMHOFFAE56CC,青海段,7.95,都市：住,,,,02150000
RPQOMLSKMHOFFAE68CC,內惟段四小段,35.54,都市：住,,,,08050000
RPQOMLSKMHOFFAE68CC,內惟段四小段,4.12,都市：住,,,,08060001
RPSOMLSKMHOFFAE88CC,前金段,2.07,都市：商,,,,01080005
RPQPMLSKMHOFFAE78CC,青海段,30.11,都市：住,,,,05810000
RPRPMLSKMHOFFAE88CC,青海段,7.95,都市：住,,,,02150000
RPSNMLSKMHOFFDE09CC,水源段,7.70,都市：住,,,,04810000
RPUNMLSKMHOFFDE66CC,大港段四小段,24.29,都市：住,,,,20980002
RPXNMLSKMHOFFDE96CC,德北段,9.33,都市：住,,,,00170000
RPXOMLSKMHOFFDE07CC,大港段二小段,166.00,都市：住,,,,16910004
RPRPMLSKMHOFFDE56CC,長明段,.00,都市：商,,,,05330000
RPOPMLTKMHOFFDE98CC,大港段五小段,4.04,都市：住,,,,08220009
RPOPMLTKMHOFFDE98CC,大港段五小段,20.85,都市：住,,,,08220001
RPVNMLTKMHOFFDE86CC,三塊厝段,.00,都市：商,,,,13220000
RPOOMLTKMHOFFEE98CC,新庄段十三小段,8.76,都市：商,,,,14450000
RPQOMLTKMHOFFEE56CC,新庄段十三小段,8.67,都市：商,,,,14450000
RPQOMLPKMHOFFBE48CC,林德官段,10.00,都市：商,,,,11570004
RPQOMLPKMHOFFBE48CC,林德官段,52.00,都市：商,,,,11570011
RPVOMLMKMHOFFBE68CC,新興段二小段,5.97,都市：商,,,,12760000
RPUNMLPKMHOFFBE78CC,苓洲段,5.35,都市：商,,,,05420000
RPROMLMKMHOFFBE28CC,林德官段二小段,.00,都市：住,,,,34240002
RPUOMLMKMHOFFBE58CC,苓雅寮段,9.02,都市：住,,,,05290000
RPTOMLTKMHOFFGE07CC,文山段,17.45,都市：住,,,,05510000
RPUOMLTKMHOFFGE17CC,曹公段,266.56,都市：工,,,,01030076
RPWPMLTKMHOFFCE07CC,瑞南段一小段,12.75,都市：住,,,,10650000
RPQOMLRKMHOFFCE78CC,獅甲段二小段,.00,都市：住,,,,05890000
RPVOMLTKMHOFFGE27CC,新庄子段,18.63,都市：住,,,,01650000
RPTOMLRKMHOFFCE09CC,草衙段一小段,.00,都市：商,,,,07500000
RPRPMLTKMHOFFFE86CC,介壽段,17.00,都市：住,,,,10020000
RPRPMLTKMHOFFFE86CC,介壽段,83.00,都市：住,,,,10030000
RPRPMLTKMHOFFFE86CC,介壽段,100.00,都市：住,,,,10040000
RPVRMLTKMHOFFCE17CC,憲德段一小段,4.66,都市：住,,,,08040000
RPQNMLKLMHOFFBE97CC,意誠段,.00,都市：商,,,,01990000
RPSNMLMLMHOFFBE38CC,林德官段,.00,都市：商,,,,13680000
RPVNMLMLMHOFFBE68CC,成功段,.00,都市：商,,,,07030000
RPROMLMLMHOFFBE38CC,過田子段,7.07,都市：商,,,,08980011
RPRNMLKLMHOFFBE08CC,意誠段,.00,都市：商,,,,01990000
RPPOMLMLMHOFFBE18CC,新興段四小段,116.00,都市：商,,,,08450000
RPVOMLMLMHOFFBE78CC,意誠段,.00,都市：商,,,,07270000
RPRNMLMLMHOFFAE18CC,龍中段,6.99,都市：商,,,,01120000
RPSNMLMLMHOFFAE28CC,博孝段,5.50,都市：商,,,,12340000
RPWOMLMLMHOFFBE88CC,成功段,.00,都市：商,,,,04480000
RPWOMLMLMHOFFBE88CC,成功段,.00,都市：商,,,,04490000
RPUOMLMLMHOFFAE58CC,龍中段,6.51,都市：商,,,,01120000
RPTOMLMLMHOFFAE48CC,前金段,7.84,都市：商,,,,00580016
RPWNMLMLMHOFFAE68CC,龍中段,.00,都市：商,,,,01480000
RPVNMLMLMHOFFAE58CC,文東段,171.00,都市：商,,,,02350000
RPOOMLMLMHOFFCE18CC,愛群段,14.57,都市：商,,,,24630000
RPRPMLMLMHOFFAE38CC,青海段,.00,都市：商,,,,01510000
RPSPMLMLMHOFFCE68CC,愛群段,4.51,都市：商,,,,24590000
RPVPMLMLMHOFFCE98CC,憲德段一小段,13.30,都市：住,,,,08200000
RPWOMLMLMHOFFDE09CC,大港段,116.00,都市：商,,,,35700001
RPROMLMLMHOFFDE58CC,新都段,2065.93,都市：住,,,,00630004
RPTQMLMLMHOFFCE88CC,憲德段二小段,.00,都市：商,,,,00280003
RPROMLMLMHOFFEE68CC,和平段四小段,.00,非都市： ; 非都市編定：,,,,02090000
RPSOMLMLMHOFFEE78CC,新庄段五小段,.00,都市：住,,,,07160000
RPSOMLMLMHOFFEE78CC,新庄段五小段,.00,都市：住,,,,07160002
RPQOMLMLMHOFFEE58CC,楠都段三小段,15.38,都市：住,,,,05920000
RPUPMLMLMHOFFEE09CC,新民段,89.98,都市：住,,,,03420001
RPVOMLMLMHOFFEE09CC,後勁段二小段,389.00,都市：商,,,,08480000
RPWPMLMLMHOFFEE66CC,新庄段十三小段,788.00,都市：商,,,,15070000
RPXPMLMLMHOFFEE76CC,新庄段十三小段,.00,都市：住,,,,13140000
RPOOMLMLMHOFFGE58CC,新庄子段,16.68,都市：住,,,,01650000
RPTPMLMLMHOFFGE56CC,赤山段,16.56,都市：商,,,,07510000
RPTQMLNLMHOFFEE56CC,新福段十小段,11.63,都市：住,,,,01520000
RPROMLNLMHOFFDE68CC,大港段四小段,.00,都市：商,,,,33780000
RPPOMLMLMHOFFEE48CC,興隆段,44.52,都市：住,,,,07000006
RPQPMLTKMHOFFEE66CC,新庄段十三小段,6.70,都市：商,,,,14450000
RPRPMLTKMHOFFEE76CC,?後段,36.43,都市：住,,,,00370000
RPQNMLKLMHOFFEE28CC,新庄段一小段,7.78,都市：住,,,,07550000
RPPNMLKLMHOFFEE18CC,新庄段一小段,7.78,都市：住,,,,07550000
RPVOMLNLMHOFFAE78CC,民生段,.00,都市：商,,,,08160000
RPSNMLNLMHOFFBE48CC,意誠段,.00,都市：商,,,,01990000
RPPNMLNLMHOFFBE18CC,五塊厝段,13.10,都市：商,,,,17080000
RPUNMLNLMHOFFBE68CC,意誠段,.00,都市：商,,,,01990000
RPWPMLOLMHOFFBE56CC,苓中段,77.00,都市：商,,,,00670000
RPUNMLOLMHOFFBE78CC,過田子段,.00,都市：商,,,,11360000
RPVQMLOLMHOFFEE86CC,新庄段九小段,542.00,都市：住,,,,14150000
RPVQMLOLMHOFFEE86CC,新庄段九小段,474.00,都市：住,,,,14140000
RPOSMLOLMHOFFEE98CC,加昌段二小段,.00,都市：住,,,,19360000
RPQSMLOLMHOFFEE56CC,新庄段十二小段,.00,都市：住,,,,11080000
RPWRMLOLMHOFFEE07CC,左南段,.00,都市：商,,,,24320004
RPROMLOLMHOFFLE96CC,中庄北段,28.54,都市：住,,,,08500000
RPXNMLPLMHOFFIE27CC,青雲段,104.00,都市：住,,,,05910024
RPXOMLOLMHOFFIE27CC,夢裡段,2792.00,都市：農,,,,10950000
RPXOMLPLMHOFFIE37CC,鳳松段,.00,都市：住,,,,03310000
RPPOMLPLMHOFFFE88CC,岡山段,1596.00,都市：工,,,,00180000
RPXPMLPLMHOFFEE07CC,福山段,207.61,都市：商,,,,03340000
RPSRMLPLMHOFFEE76CC,新庄段十三小段,.00,都市：商,,,,15110000
RPPOMLPLMHOFFGE09DC,新庄子段,58.00,都市：住,,,,02430052
RPUOMLPLMHOFFBE98CC,苓雅寮段,5.97,都市：商,,,,07120000
RPSPMLPLMHOFFBE88CC,福裕段,77.00,都市：商,,,,04010000
RPOQMLPLMHOFFBE58CC,苓雅寮段,5.97,都市：商,,,,07120000
RPROMLTKMHOFFEE66CC,新庄段十三小段,8.67,都市：商,,,,14450000
RPUOMLTKMHOFFEE96CC,新庄段十三小段,6.78,都市：商,,,,14450000
RPSQMLPLMHOFFBE98CC,苓洲段,110.00,都市：商,,,,04510000
RPQOMLQLMHOFFDE88CC,大豐段三小段,31.82,都市：住,,,,00920000
RPTOMLNLMHOFFDE88CC,澄清段二小段,37.55,都市：住,,,,00360000
RPWOMLNLMHOFFDE56CC,獅頭段,67.00,都市：住,,,,26270000
RPWOMLNLMHOFFDE56CC,獅頭段,73.00,都市：住,,,,26280000
RPUOMLNLMHOFFDE98CC,大港段三小段,419.00,都市：商,,,,07520000
RPSOMLNLMHOFFDE78CC,大港段四小段,.00,都市：商,,,,33780000
RPSOMLQLMHOFFBE88CC,新興段二小段,40.00,都市：商,,,,06710000
RPQOMLQLMHOFFBE68CC,過田子段,63.30,都市：其他:第二種特定商業專用區,,,,04590000
RPUNMLQLMHOFFBE98CC,新興段四小段,5.46,都市：商,,,,01210000
RPQOMLQLMHOFFBE68CC,過田子段,30.00,都市：其他:第二種特定商業專用區,,,,04590002
RPPNMLQLMHOFFFE88CC,富貴段,128.00,都市：住,,,,01190019
RPPNMLRLMHOFFFE98CC,文化段,.00,都市：住,,,,06390000
RPVNMLQLMHOFFFE86CC,岡工段,2718.37,非都市：工業區 ; 非都市編定：丁種建築用地,,,,02300000
RPQNMLRLMHOFFEE98CC,新庄段十二小段,210.00,都市：住,,,,10500000
RPUNMLRLMHOFFEE76CC,新光段,19.79,都市：商,,,,03520000
RPSNMLRLMHOFFBE88CC,過田子段,3.41,都市：商,,,,08980006
RPRNMLRLMHOFFAE68CC,大智段,.00,非都市： ; 非都市編定：,,,,08520000
RPPNMLRLMHOFFDE78CC,獅頭段一小段,.00,都市：商,,,,16940000
RPPNMLSLMHOFFEE98CC,福民段,.00,都市：住,,,,00490000
RPQNMLTLMHOFFEE56CC,新華段,12.51,都市：住,,,,00260000
RPRNMLTLMHOFFEE66CC,楠梓段五小段,10.37,都市：商,,,,11680001
RPUOMLTLMHOFFEE07CC,新庄段十三小段,6.70,都市：商,,,,14450000
RPQPMLTLMHOFFEE76CC,菜公段六小段,.00,都市：住,,,,11450004
RPPQMLTLMHOFFEE76CC,新庄段四小段,80.00,都市：住,,,,04370000
RPRQMLTLMHOFFEE96CC,興隆段,26.28,都市：住,,,,08640000
RPPOMLTLMHOFFLE27CC,翁公園段二小段,972.00,都市：農,,,,51710000
RPPOMLTLMHOFFLE27CC,翁公園段二小段,28.00,都市：農,,,,51710002
RPPOMLTLMHOFFLE27CC,翁公園段二小段,770.00,都市：農,,,,51720000
RPPOMLTLMHOFFLE27CC,翁公園段二小段,26.00,都市：農,,,,51720002
RPPNMLTLMHOFFDE98CC,建豐段,5.69,都市：商,,,,08280000
RPVOMLTLMHOFFGE37CC,七老爺段一甲小段,82.00,都市：商,,,,10950037
RPSNMLTLMHOFFDE66CC,大豐段一小段,15.16,都市：住,,,,01080000
RPUPMLQLMHOFFGE07CC,埤頂段,.00,都市：住,,,,21550000
RPSPMLQLMHOFFGE86CC,埤頂段,96.00,都市：住,,,,14300027
RPSNMLPLMHOFFGE56CC,道爺?段,27.10,都市：住,,,,10930096
RPPNMLTLMHOFFAE68CC,龍華段八小段,10.85,都市：商,,,,22590000
RPRNMLTLMHOFFAE88CC,青海段,12.09,都市：商,,,,01510000
RPUNMLTLMHOFFAE56CC,前金段,.00,都市：商,,,,00760002
RPVNMLTLMHOFFAE66CC,青海段,.00,都市：住,,,,06650000
RPROMLTLMHOFFAE98CC,龍中段,12.43,都市：商,,,,00110000
RPVNMLTLMHOFFBE76CC,新興段二小段,15.56,都市：商,,,,17670000
RPSOMLTLMHOFFBE56CC,大統段一小段,.00,都市：商,,,,10490000
RPSNMLKMMHOFFBE28CC,五塊厝段,2645.00,都市：住,,,,19290000
RPTNMLKMMHOFFBE38CC,苓雅寮段,5.73,都市：商,,,,07120000
RPUNMLKMMHOFFBE48CC,成功段,9.66,都市：商,,,,02960000
RPROMLKMMHOFFBE28CC,意誠段,.00,都市：商,,,,01990000
RPWNMLTLMHOFFCE96CC,愛群段,.00,都市：商,,,,10810000
RPVNMLTLMHOFFCE86CC,高松段一小段,38.99,都市：住,,,,10690000
RPQPMLPLMHOFFCE78CC,憲德段二小段,18.05,都市：商,,,,00260004
RPXOMLTLMHOFFCE17CC,愛群段,.00,都市：商,,,,10810000
RPXPMLQLMHOFFCE96CC,愛群段,20.02,都市：商,,,,24630000
RPSOMLPLMHOFFCE88CC,憲德段二小段,18.05,都市：商,,,,00260004
RPOQMLTLMHOFFCE09CC,憲德段二小段,.00,都市：商,,,,00260004
RPUQMLNLMHOFFCE09CC,愛群段,.00,都市：商,,,,10810000
RPRNMLTLMHOFFCE09CC,憲德段二小段,24.39,都市：商,,,,00260004
RPPOMLKMMHOFFCE18CC,光華段,10.72,都市：住,,,,05660000
RPQOMLKMMHOFFCE28CC,光華段,10.72,都市：住,,,,05660000
RPSNMLKMMHOFFGE78CC,五甲段,17.12,都市：住,,,,04230000
RPXNMLKMMHOFFGE66CC,七老爺段,184.00,都市：住,,,,03520001
RPXNMLKMMHOFFGE66CC,七老爺段,75.00,都市：住,,,,03520002
RPXNMLKMMHOFFGE66CC,七老爺段,162.00,都市：住,,,,03500003
RPPOMLKMMHOFFGE58CC,新甲段,19.06,都市：住,,,,13020000
RPTOMLKMMHOFFGE98CC,赤山段,8.37,都市：商,,,,07510000
RPOPMLKMMHOFFGE58CC,新甲段,15.84,都市：住,,,,10360003
RPVPMLLJNHOFFEE98CC,菜公段二小段,2171.00,都市：工,,,,01220000
RPWOMLKMMHOFFEE09CC,左北段,29.47,都市：住,,,,00010000
RPPOMLLJNHOFFAE87CC,北金段,21.00,都市：住,,,,10060000
RPQOMLLJNHOFFAE97CC,北金段,21.00,都市：住,,,,10070000
RPRNMLKMMHOFFAE08CC,龍中段,22.78,都市：商,,,,00280001
RPSOMLLJNHOFFAE18CC,大榮段,3.00,都市：商,,,,01030000
RPSOMLLJNHOFFAE18CC,大榮段,19.00,都市：商,,,,01040000
RPUOMLMJNHOFFDE78CC,大港段七小段,24.50,都市：商,,,,04630059
RPTPMLMJNHOFFCE68CC,店鎮段一小段,148.00,都市：商,,,,15670000
RPWNMLMJNHOFFGE56CC,文英段,76.00,都市：住,,,,11950005
RPOOMLMJNHOFFFE38CC,石螺段,1150.00,非都市：鄉村區 ; 非都市編定：乙種建築用地,,,,16370000
RPXOMLNJNHOFFIE07CC,松埔段,40.99,非都市：鄉村區 ; 非都市編定：乙種建築用地,,,,06450000
RPSOMLMJNHOFFBE38CC,苓雅寮段,5.73,都市：商,,,,07120000
RPOOMLNJNHOFFDE28CC,獅頭段,64.00,都市：商,,,,26840015
RPXOMLNJNHOFFDE56CC,鼎泰段,11.79,都市：住,,,,14740000
RPSOMLNJNHOFFDE68CC,覆鼎金段覆鼎金小段,7.02,都市：住,,,,16390000
RPRPMLNJNHOFFDE68CC,覆鼎金段覆鼎金一小段,16.64,都市：住,,,,06910000
RPVRMLNJNHOFFCE56CC,瑞隆段四小段,2341.00,都市：商,,,,09200000
RPPRMLNJNHOFFCE58CC,憲德段二小段,15.64,都市：商,,,,00280003
RPPNMLNJNHOFFAE97CC,青海段,.00,都市：住,,,,00470000
RPXNMLNJNHOFFBE88CC,苓雅寮段,7.52,都市：商,,,,07120000
RPQNMLNJNHOFFAE08CC,龍中段,.00,都市：住,,,,02390000
RPRNMLOJNHOFFBE38CC,新興段四小段,57.99,都市：商,,,,06820000
RPPOMLNJNHOFFAE08CC,龍華段八小段,38.69,都市：其他:空白,,,,23770000
RPTNMLOJNHOFFGE09CC,明頂段,135.68,都市：住,,,,00200026
RPSNMLOJNHOFFGE98CC,明頂段,135.68,都市：住,,,,00200026
RPXNMLQJNHOFFGE07CC,大貝湖段,18.80,都市：住,,,,00940020
RPROMLQJNHOFFGE56CC,竹子腳段,15.20,都市：住,,,,01060000
RPPPMLQJNHOFFGE09CC,大貝湖段,.00,都市：住,,,,01330000
RPXNMLQJNHOFFJE37CC,海埔段,144.00,都市：工,,,,22020002
RPUNMLQJNHOFFFE66CC,安西段,220.11,都市：工,,,,06550000
RPPOMLQJNHOFFLE86CC,磚子?段,1523.00,都市：農,,,,29640000
RPQOMLQJNHOFFAE58DC,前金段,264.00,都市：商,,,,00770001
RPQOMLQJNHOFFAE58DC,前金段,64.00,都市：商,,,,00770011
RPQOMLQJNHOFFAE58DC,前金段,86.00,都市：商,,,,00770012
RPQOMLQJNHOFFAE58DC,前金段,42.00,都市：商,,,,00770013
RPPOMLQJNHOFFBE48CC,成功段,.00,都市：商,,,,06400000
RPWNMLQJNHOFFBE09CC,新興段二小段,.00,都市：商,,,,14390000
RPROMLNJNHOFFEE68CC,果貿段,.00,都市：住,,,,00060000
RPQOMLNJNHOFFEE58CC,新庄段十三小段,5.99,都市：商,,,,15090000
RPUOMLQJNHOFFBE98CC,新興段一小段,27.72,都市：商,,,,13430000
RPUOMLQJNHOFFBE98CC,新興段一小段,20.30,都市：商,,,,13440000
RPQNMLPJNHOFFEE68CC,福山段,.00,都市：商,,,,03010000
RPROMLQJNHOFFCE78CC,盛興段,.00,都市：商,,,,13280000
RPVNMLRJNHOFFCE56CC,仁愛段,78.00,都市：商,,,,03980151
RPVNMLRJNHOFFCE56CC,仁愛段,14.00,都市：商,,,,03980150
RPWPMLRJNHOFFCE86CC,憲德段二小段,.00,都市：商,,,,00260000
RPUOMLRJNHOFFAE98CC,博孝段,.00,都市：商,,,,05360000
RPWNMLQJNHOFFAE98CC,青海段,.00,都市：住,,,,00970000
RPTOMLRJNHOFFAE88CC,前金段,.00,都市：商,,,,01080021
RPTNMLRJNHOFFAE78CC,青海段,10.94,都市：商,,,,01510000
RPVOMLRJNHOFFDE76CC,大豐段一小段,80.00,都市：商,,,,03820000
RPSNMLQJNHOFFAE58CC,大榮段,3.16,都市：商,,,,00430000
RPRPMLRJNHOFFDE09CC,有光段,76.22,都市：商,,,,03010000
RPSNMLRJNHOFFDE98CC,三塊厝段一小段,3.67,都市：商,,,,10850000
RPUNMLRJNHOFFAE88CC,龍華段八小段,10.85,都市：商,,,,22590000
RPSPMLRJNHOFFDE56CC,陽明段一小段,82.00,都市：住,,,,00970000
RPWOMLRJNHOFFAE56CC,後金段,.00,都市：商,,,,00360000
RPRNMLRJNHOFFBE68CC,新興段四小段,.00,都市：商,,,,16770000
RPRNMLRJNHOFFBE68CC,新興段四小段,.00,都市：商,,,,16780000
RPOOMLRJNHOFFBE48CC,過田子段,.00,都市：商,,,,11870007
RPROMLRJNHOFFBE78CC,新興段二小段,9.75,都市：商,,,,18140000
RPROMLRJNHOFFBE78CC,新興段二小段,6.00,都市：商,,,,18140001
RPXPMLRJNHOFFBE86CC,過田子段,62.00,都市：商,,,,11870009
RPWNMLRJNHOFFBE56CC,意誠段,.00,都市：商,,,,01990000
RPQOMLRJNHOFFBE68CC,五權段,23.15,都市：商,,,,04960004
RPXNMLRJNHOFFBE66CC,意誠段,.00,都市：商,,,,01990000
RPUOMLRJNHOFFBE09CC,苓雅寮段,5.97,都市：商,,,,07120000
RPWPMLRJNHOFFBE76CC,成功段,.00,都市：商,,,,07030000
RPOQMLRJNHOFFBE68CC,過田子段,62.00,都市：商,,,,11870009
RPXNMLRJNHOFFFE07CC,後壁田段,.00,都市：商,,,,00610000
RPPOMLRJNHOFFFE98CC,安招段,1767.08,都市：其他:市場用地,,,,04690000
RPOPMLRJNHOFFEE88CC,福山段,5.91,都市：商,,,,03240000
RPWPMLRJNHOFFEE07CC,新庄段五小段,.00,都市：住,,,,07170000
RPUNMLRJNHOFFGE86CC,華鳳段,18.52,都市：住,,,,01630001
RPTPMLSJNHOFFEE86CC,新民段,20.18,都市：住,,,,00400000
RPVPMLSJNHOFFEE07CC,新庄段十二小段,.00,都市：住,,,,11020000
RPUOMLRJNHOFFGE96CC,華鳳段,18.52,都市：住,,,,01630001
RPWNMLSJNHOFFEE96CC,新庄段七小段,16.93,都市：住,,,,06110000
RPPOMLSJNHOFFEE98CC,新庄段一小段,.00,都市：住,,,,03320000
RPQQMLSJNHOFFFE76CC,岡山段,73.00,都市：其他:分區界線尚未分割,,,,02220008
RPQQMLSJNHOFFFE76CC,岡山段,5.00,都市：其他:道路用地,,,,02220016
RPQQMLSJNHOFFFE76CC,岡山段,5.00,都市：其他:分區界線尚未分割,,,,02220017
RPXPMLSJNHOFFFE37CC,新莊段,.00,非都市：鄉村區 ; 非都市編定：乙種建築用地,,,,06660000
RPUNMLSJNHOFFIE17CC,灣北段,72.22,都市：住,,,,07090070
RPPNMLSJNHOFFDE78CC,河濱段,.00,都市：商,,,,05410000
RPRNMLSJNHOFFBE78CC,正德段,176.69,都市：住,,,,04190000
RPRNMLSJNHOFFBE78CC,正德段,3.04,都市：其他:道路用地,,,,04190001
RPQOMLSJNHOFFBE78CC,苓洲段,4.32,都市：商,,,,05420000
RPQNMLSJNHOFFBE68CC,新興段二小段,20.49,都市：商,,,,14390000
RPTNMLSJNHOFFDE56CC,澄東段,165.70,都市：住,,,,00710020
RPUNMLSJNHOFFDE66CC,鼎山段,64.34,都市：住,,,,06310000
RPVNMLSJNHOFFDE76CC,三塊厝段三小段,16.75,都市：住,,,,36500000
RPROMLSJNHOFFDE09CC,獅頭段,9.56,都市：住,,,,27390000
RPXNMLSJNHOFFCE86CC,憲德段二小段,19.97,都市：商,,,,00160000
RPWQMLSJNHOFFCE07CC,獅甲段,2.20,都市：商,,,,01580001
RPWQMLSJNHOFFCE07CC,獅甲段,2.02,都市：商,,,,01600001
RPWNMLTJNHOFFBE76CC,新興段四小段,.00,都市：商,,,,07490000
RPSNMLTJNHOFFJE17CC,明宗段,.00,都市：住,,,,03890002
RPTRMLSJNHOFFCE86CC,瑞南段一小段,.00,都市：商,,,,10180000
RPVONLTJNHOFFCE96CC,愛群段,.00,都市：商,,,,10810000
RPSONLTJNHOFFCE66CC,獅甲段,.00,非都市： ; 非都市編定：,,,,03300000
RPSONLTJNHOFFCE66CC,獅甲段,.00,非都市： ; 非都市編定：,,,,03310000
RPORMLSJNHOFFCE98CC,中厝段,.00,都市：住,,,,06930000
RPOOMLTJNHOFFLE07CC,山子頂段,106.00,都市：農,,,,25490010
RPWNMLTJNHOFFEE07CC,新庄段十三小段,.00,都市：商,,,,14920000
RPOOMLTJNHOFFEE98CC,和平段四小段,34.27,都市：住,,,,00220000
RPXNMLKKNHOFFEE98CC,新庄段十三小段,8.67,都市：商,,,,14450000
RPRNMLKKNHOFFEE38CC,翠屏段一小段,.00,都市：住,,,,00250000
RPPOMLTJNHOFFEE09CC,新庄段十三小段,.00,都市：商,,,,14290000
RPVNMLKKNHOFFBE48CC,林德官段一小段,47.00,都市：住,,,,26870000
RPTNMLKKNHOFFBE28CC,林德官段,12.03,都市：商,,,,13020000
RPOOMLKKNHOFFEE18CC,新華段,12.88,都市：住,,,,00260000
RPOOMLKKNHOFFBE87CC,林德官段一小段,6.09,都市：商,,,,24070000
RPWNMLKKNHOFFBE58CC,新興段二小段,128.00,都市：商,,,,16010000
RPWNMLKKNHOFFBE58CC,新興段二小段,29.00,都市：商,,,,16020000
RPWNMLKKNHOFFBE58CC,新興段二小段,12.00,都市：商,,,,16030000
RPWNMLKKNHOFFBE58CC,新興段二小段,48.00,都市：商,,,,16060000
RPWNMLKKNHOFFBE58CC,新興段二小段,121.00,都市：商,,,,16070000
RPXNMLKKNHOFFGE56CC,新甲段,414.00,都市：工,,,,13500045
RPPOMLKKNHOFFGE48CC,新庄子段,71.00,都市：住,,,,02350141
RPSOMLSJNHOFFGE86CC,鳳青段,1806.14,都市：住,,,,01320000
RPWNMLKKNHOFFGE09CC,新甲段,104.00,都市：住,,,,12470255
RPOOMLSJNHOFFGE09CC,頂新段,35.02,都市：商,,,,00810000
RPWOMLSJNHOFFGE27CC,新庄子段,.00,都市：住,,,,01600000
RPROMLSJNHOFFGE76CC,新甲段,71.00,都市：住,,,,11680016
RPOOMLKKNHOFFCE97CC,愛群段,8.10,都市：住,,,,01980000
RPSNMLKKNHOFFCE28CC,盛興段,12.21,都市：住,,,,14920000
RPTNMLKKNHOFFCE38CC,憲德段二小段,17.07,都市：商,,,,00260002
RPROMLKKNHOFFDE38CC,建民段,10.00,都市：商,,,,00440000
RPWOMLKKNHOFFCE78CC,鎮昌段一小段,26.79,都市：住,,,,14610000
RPWNMLKKNHOFFAE48CC,前金段,17.98,都市：住,,,,00470000
RPSNMLKKNHOFFAE08CC,青海段,.00,都市：住,,,,02620000
RPVNMLKKNHOFFAE38CC,內惟段六小段,20.07,都市：住,,,,11770000
RPRNMLKKNHOFFAE97CC,龍華段八小段,12.08,都市：商,,,,22590000
RPQNMLKKNHOFFAE87CC,青海段,9.65,都市：住,,,,01010000
