﻿鄉鎮市區,交易標的,土地位置建物門牌,土地移轉總面積平方公尺,都市土地使用分區,非都市土地使用分區,非都市土地使用編定,交易年月日,交易筆棟數,移轉層次,總樓層數,建物型態,主要用途,主要建材,建築完成年月,建物移轉總面積平方公尺,建物現況格局-房,建物現況格局-廳,建物現況格局-衛,建物現況格局-隔間,有無管理組織,總價元,單價元平方公尺,車位類別,車位移轉總面積平方公尺,車位總價元,備註,編號
The villages and towns urban district,transaction sign,land sector position building sector house number plate,land shifting total area square meter,the use zoning or compiles and checks,the non-metropolis land use district,non-metropolis land use,transaction year month and day,transaction pen number,shifting level,total floor number,building state,main use,main building materials,construction to complete the years,building shifting total area,Building present situation pattern - room,building present situation pattern - hall,building present situation pattern - health,building present situation pattern - compartmented,Whether there is manages the organization,total price NTD,the unit price (NTD / square meter),the berth category,berth shifting total area square meter,the berth total price NTD,the note,serial number
桃園區,房地(土地+建物)+車位,桃園市桃園區中路二段69地號A1-06F,23.45,住,,,1070713,土地1建物1車位1,六層,15,住宅大樓(11層含以上有電梯),住家用,鋼筋混凝土造,,174.07,3,2,2,有,無,12080000,77238,坡道平面,39.68,1700000,,RPVOMLMKKHOFFAH58CB
桃園區,房地(土地+建物)+車位,桃園市桃園區中路二段69地號A1-09F,23.45,住,,,1070829,土地1建物1車位1,九層,15,住宅大樓(11層含以上有電梯),住家用,鋼筋混凝土造,,175.16,3,2,2,有,無,12200000,78131,坡道平面,40.77,1700000,,RPWOMLMKKHOFFAH68CB
桃園區,房地(土地+建物)+車位,桃園市桃園區中路二段69地號A1-10F,23.45,住,,,1070310,土地1建物1車位1,十層,15,住宅大樓(11層含以上有電梯),住家用,鋼筋混凝土造,,175.16,3,2,2,有,無,12450000,79247,坡道平面,40.77,1800000,,RPXOMLMKKHOFFAH78CB
桃園區,房地(土地+建物)+車位,桃園市桃園區中路二段69地號S1,15.55,住,,,1061217,土地1建物1車位1,一層,15,店面(店鋪),見其他登記事項,鋼筋混凝土造,,116.78,0,0,1,有,無,11750000,130999,坡道平面,39.68,1650000,,RPOPMLMKKHOFFAH97CB
桃園區,房地(土地+建物)+車位,桃園市桃園區中路二段69地號S2,15.36,住,,,1061217,土地1建物1車位1,一層,15,店面(店鋪),見其他登記事項,鋼筋混凝土造,,116.92,0,0,1,有,無,11750000,131976,坡道平面,40.77,1700000,,RPPPMLMKKHOFFAH08CB
桃園區,房地(土地+建物)+車位,桃園市桃園區中路二段69地號S3,10.72,住,,,1070527,土地1建物1車位1,一層,15,店面(店鋪),見其他登記事項,鋼筋混凝土造,,93.49,0,0,1,有,無,8690000,132587,坡道平面,40.77,1700000,,RPQPMLMKKHOFFAH18CB
桃園區,房地(土地+建物)+車位,桃園市桃園區中路二段69地號A1-07F,23.45,住,,,1070530,土地1建物1車位1,七層,15,住宅大樓(11層含以上有電梯),住家用,鋼筋混凝土造,,175.16,3,2,2,有,無,11730000,75006,坡道平面,40.77,1650000,,RPRPMLMKKHOFFAH28CB
桃園區,房地(土地+建物)+車位,桃園市桃園區中路二段69地號A1-08F,23.45,住,,,1061216,土地1建物1車位1,八層,15,住宅大樓(11層含以上有電梯),住家用,鋼筋混凝土造,,175.16,3,2,2,有,無,12150000,77387,坡道平面,40.77,1750000,,RPSPMLMKKHOFFAH38CB
桃園區,房地(土地+建物)+車位,桃園市桃園區中路二段69地號A1-05F,23.67,住,,,1070725,土地1建物1車位2,五層,15,住宅大樓(11層含以上有電梯),住家用,鋼筋混凝土造,,215.93,3,2,2,有,無,13100000,75899,坡道平面,81.54,2900000,,RPTPMLMKKHOFFAH48CB
桃園區,房地(土地+建物)+車位,桃園市桃園區中路二段69地號A1-12F,23.45,住,,,1070707,土地1建物1車位1,十二層,15,住宅大樓(11層含以上有電梯),住家用,鋼筋混凝土造,,175.16,3,2,2,有,無,12080000,77610,坡道平面,40.77,1650000,,RPUPMLMKKHOFFAH58CB
桃園區,房地(土地+建物)+車位,桃園市桃園區中路二段69地號S7,12.76,住,,,1061217,土地1建物1車位1,一層,15,店面(店鋪),見其他登記事項,鋼筋混凝土造,,102.84,0,0,1,有,無,10100000,132996,坡道平面,39.68,1700000,,RPVPMLMKKHOFFAH68CB
桃園區,房地(土地+建物)+車位,桃園市桃園區中路二段69地號S5,12.56,住,,,1070103,土地1建物1車位1,一層,15,店面(店鋪),見其他登記事項,鋼筋混凝土造,,102.85,0,0,1,有,無,9960000,132249,坡道平面,40.77,1750000,,RPWPMLMKKHOFFAH78CB
桃園區,房地(土地+建物)+車位,桃園市桃園區中路二段69地號S8,13.8,住,,,1070414,土地1建物1車位1,一層,15,店面(店鋪),見其他登記事項,鋼筋混凝土造,,109.07,0,0,1,有,無,12060000,150952,坡道平面,40.77,1750000,,RPXPMLMKKHOFFAH88CB
桃園區,房地(土地+建物)+車位,桃園市桃園區中路二段69地號A1-13F,23.45,住,,,1070528,土地1建物1車位1,十三層,15,住宅大樓(11層含以上有電梯),住家用,鋼筋混凝土造,,175.16,3,2,2,有,無,12000000,76643,坡道平面,40.77,1700000,,RPOQMLMKKHOFFAH08CB
桃園區,房地(土地+建物)+車位,桃園市桃園區中路二段69地號A3-09F,19.72,住,,,1061225,土地1建物1車位1,九層,15,住宅大樓(11層含以上有電梯),住家用,鋼筋混凝土造,,155.18,2,2,2,有,無,10350000,75168,坡道平面,40.77,1750000,,RPPQMLMKKHOFFAH18CB
桃園區,房地(土地+建物)+車位,桃園市桃園區中路二段69地號A3-06F,19.72,住,,,1070426,土地1建物1車位1,六層,15,住宅大樓(11層含以上有電梯),住家用,鋼筋混凝土造,,155.18,2,2,2,有,無,10100000,72983,坡道平面,40.77,1750000,,RPQQMLMKKHOFFAH28CB
桃園區,房地(土地+建物)+車位,桃園市桃園區中路二段69地號B5-05F,15.51,住,,,1070804,土地1建物1車位1,五層,15,住宅大樓(11層含以上有電梯),住家用,鋼筋混凝土造,,131.85,2,2,1,有,無,8850000,78502,坡道平面,40.77,1700000,,RPRQMLMKKHOFFAH38CB
桃園區,房地(土地+建物)+車位,桃園市桃園區中路二段69地號A5-05F,15.51,住,,,1070815,土地1建物1車位1,五層,15,住宅大樓(11層含以上有電梯),住家用,鋼筋混凝土造,,131.85,2,2,1,有,無,8500000,74111,坡道平面,40.77,1750000,,RPSQMLMKKHOFFAH48CB
桃園區,房地(土地+建物)+車位,桃園市桃園區中路二段69地號A2-05F,16.14,住,,,1070510,土地1建物1車位1,五層,15,住宅大樓(11層含以上有電梯),住家用,鋼筋混凝土造,,133.22,2,2,1,有,無,8790000,76149,坡道平面,40.77,1750000,,RPTQMLMKKHOFFAH58CB
桃園區,房地(土地+建物)+車位,桃園市桃園區中路二段69地號A3-08F,19.72,住,,,1070906,土地1建物1車位1,八層,15,住宅大樓(11層含以上有電梯),住家用,鋼筋混凝土造,,155.18,2,2,2,有,無,10250000,74731,坡道平面,40.77,1700000,,RPUQMLMKKHOFFAH68CB
桃園區,房地(土地+建物)+車位,桃園市桃園區中路二段69地號S6,12.76,住,,,1070303,土地1建物1車位1,一層,15,店面(店鋪),見其他登記事項,鋼筋混凝土造,,103.93,0,0,1,有,無,10350000,135370,坡道平面,40.77,1800000,,RPVQMLMKKHOFFAH78CB
桃園區,房地(土地+建物)+車位,桃園市桃園區中路二段69地號S9,11.24,住,,,1070430,土地1建物1車位1,一層,15,店面(店鋪),見其他登記事項,鋼筋混凝土造,,96.22,0,0,1,有,無,9450000,138864,坡道平面,40.77,1750000,,RPWQMLMKKHOFFAH88CB
桃園區,房地(土地+建物)+車位,桃園市桃園區中路二段69地號A3-07F,19.72,住,,,1070610,土地1建物1車位1,七層,15,住宅大樓(11層含以上有電梯),住家用,鋼筋混凝土造,,155.18,2,2,2,有,無,9980000,72808,坡道平面,40.77,1650000,,RPXQMLMKKHOFFAH98CB
楊梅區,房地(土地+建物)+車位,桃園市楊梅區鼎藏大硯B1-5F,25.63,住,,,1070620,土地2建物1車位1,五層,15,住宅大樓(11層含以上有電梯),住家用,鋼筋混凝土造,,160.47,3,2,2,有,無,8360000,54300,坡道平面,29.2,1232000,,RPWNMLPKKHOFFDH56CB
楊梅區,房地(土地+建物)+車位,桃園市楊梅區鼎藏大硯A2-10F,26.21,住,,,1070619,土地2建物1車位1,十層,15,住宅大樓(11層含以上有電梯),住家用,鋼筋混凝土造,,160.47,3,2,2,有,無,8263000,55626,坡道平面,31.7,1100000,,RPXNMLPKKHOFFDH66CB
中壢區,房地(土地+建物)+車位,桃園市中壢區培英段5地號,16.49,住,,,1071212,土地1建物1車位1,七層,15,住宅大樓(11層含以上有電梯),住家用,鋼筋混凝土造,,114.01,2,2,1,有,無,6500000,55885,坡道平面,24.54,1500000,,RPTOMLMLKHOFFBH58CB
中壢區,房地(土地+建物),桃園市中壢區培英段5地號,14.56,住,,,1071018,土地1建物1車位0,九層,15,住宅大樓(11層含以上有電梯),住家用,鋼筋混凝土造,,79.18,2,1,1,有,無,4880000,61632,,0.0,0,,RPUOMLMLKHOFFBH68CB
中壢區,房地(土地+建物)+車位,桃園市中壢區培英段5地號,21.71,住,,,1071018,土地1建物1車位1,十層,15,住宅大樓(11層含以上有電梯),住家用,鋼筋混凝土造,,142.45,3,2,2,有,無,8100000,56823,坡道平面,24.54,1400000,,RPVOMLMLKHOFFBH78CB
中壢區,房地(土地+建物),桃園市中壢區培英段5地號,14.56,住,,,1071114,土地1建物1車位0,十層,15,住宅大樓(11層含以上有電梯),住家用,鋼筋混凝土造,,79.18,2,1,1,有,無,4880000,61632,,0.0,0,,RPWOMLMLKHOFFBH88CB
中壢區,房地(土地+建物)+車位,桃園市中壢區培英段5地號,16.21,住,,,1071212,土地1建物1車位1,十五層,15,住宅大樓(11層含以上有電梯),住家用,鋼筋混凝土造,,113.01,2,2,1,有,無,6350000,55951,坡道平面,24.54,1400000,,RPXOMLMLKHOFFBH98CB
中壢區,房地(土地+建物)+車位,桃園市中壢區培英段5地號,14.84,住,,,1071203,土地1建物1車位1,十三層,15,住宅大樓(11層含以上有電梯),住家用,鋼筋混凝土造,,103.67,2,1,1,有,無,6300000,61923,坡道平面,24.54,1400000,,RPOPMLMLKHOFFBH18CB
中壢區,房地(土地+建物)+車位,桃園市中壢區培英段5地號,14.84,住,,,1071108,土地1建物1車位1,八層,15,住宅大樓(11層含以上有電梯),住家用,鋼筋混凝土造,,104.96,2,1,1,有,無,6250000,59065,坡道平面,24.54,1500000,,RPPPMLMLKHOFFBH28CB
中壢區,房地(土地+建物),桃園市中壢區培英段5地號,15.11,住,,,1071009,土地1建物1車位0,二層,15,住宅大樓(11層含以上有電梯),住家用,鋼筋混凝土造,,81.32,2,1,1,有,無,4720000,58042,,0.0,0,,RPQPMLMLKHOFFBH38CB
中壢區,房地(土地+建物),桃園市中壢區培英段5地號,14.56,住,,,1071203,土地1建物1車位0,十三層,15,住宅大樓(11層含以上有電梯),住家用,鋼筋混凝土造,,79.18,2,1,1,有,無,4880000,61632,,0.0,0,,RPRPMLMLKHOFFBH48CB
中壢區,房地(土地+建物),桃園市中壢區培英段5地號,26.1,住,,,1061211,土地1建物1車位0,一層,15,店面(店鋪),住家用,鋼筋混凝土造,,119.33,0,0,1,無,無,12720000,106595,,0.0,0,,RPSPMLMLKHOFFBH58CB
中壢區,房地(土地+建物),桃園市中壢區培英段5地號,26.1,住,,,1061211,土地1建物1車位0,一層,15,店面(店鋪),住家用,鋼筋混凝土造,,119.94,0,0,1,無,無,12980000,108221,,0.0,0,,RPTPMLMLKHOFFBH68CB
中壢區,房地(土地+建物),桃園市中壢區培英段5地號,30.22,住,,,1061211,土地1建物1車位0,一層,15,店面(店鋪),住家用,鋼筋混凝土造,,137.98,0,0,1,無,無,15380000,111465,,0.0,0,,RPUPMLMLKHOFFBH78CB
中壢區,房地(土地+建物)+車位,桃園市中壢區培英段5地號,21.71,住,,,1071004,土地1建物1車位1,十三層,15,住宅大樓(11層含以上有電梯),住家用,鋼筋混凝土造,,142.45,3,2,2,有,無,7900000,55127,坡道平面,24.54,1400000,,RPVPMLMLKHOFFBH88CB
中壢區,房地(土地+建物)+車位,桃園市中壢區培英段5地號,21.71,住,,,1071004,土地1建物1車位1,三層,15,住宅大樓(11層含以上有電梯),住家用,鋼筋混凝土造,,142.45,3,2,2,有,無,8900000,62760,坡道平面,24.54,1500000,,RPWPMLMLKHOFFBH98CB
中壢區,房地(土地+建物),桃園市中壢區培英段5地號,23.63,住,,,1071004,土地1建物1車位0,一層,15,店面(店鋪),住家用,鋼筋混凝土造,,107.83,0,0,1,無,無,11100000,102940,,0.0,0,,RPXPMLMLKHOFFBH09CB
中壢區,房地(土地+建物)+車位,桃園市中壢區培英段5地號,14.84,住,,,1071101,土地1建物1車位1,十層,15,住宅大樓(11層含以上有電梯),住家用,鋼筋混凝土造,,103.67,2,1,1,有,無,6490000,63061,坡道平面,24.54,1500000,,RPOQMLMLKHOFFBH28CB
中壢區,房地(土地+建物)+車位,桃園市中壢區培英段5地號,14.84,住,,,1071203,土地1建物1車位1,十五層,15,住宅大樓(11層含以上有電梯),住家用,鋼筋混凝土造,,103.67,2,1,1,有,無,6150000,58764,坡道平面,24.54,1500000,,RPPQMLMLKHOFFBH38CB
中壢區,房地(土地+建物)+車位,桃園市中壢區培英段5地號,19.23,住,,,1071025,土地1建物1車位1,三層,15,住宅大樓(11層含以上有電梯),住家用,鋼筋混凝土造,,128.14,2,2,1,有,無,8000000,63707,坡道平面,24.54,1400000,,RPQQMLMLKHOFFBH48CB
中壢區,房地(土地+建物)+車位,桃園市中壢區培英段5地號,19.23,住,,,1071025,土地1建物1車位1,十二層,15,住宅大樓(11層含以上有電梯),住家用,鋼筋混凝土造,,128.14,2,2,1,有,無,7300000,55985,坡道平面,24.54,1500000,,RPRQMLMLKHOFFBH58CB
桃園區,房地(土地+建物)+車位,桃園市桃園區永興里4鄰新生路107號7樓,10.76,商,,,1070403,土地6建物1車位1,七層,15,住宅大樓(11層含以上有電梯),住家用,鋼筋混凝土造,,97.25,2,1,1,有,無,6420000,66579,升降機械,13.59,850000,,RPWNMLKKMHOFFAH58CB
桃園區,房地(土地+建物)+車位,桃園市桃園區永興里4鄰新生路105號13樓,10.46,商,,,1070130,土地6建物1車位1,十三層,15,住宅大樓(11層含以上有電梯),住家用,鋼筋混凝土造,,94.4,2,1,1,有,無,6090000,65054,升降機械,14.62,900000,,RPXNMLKKMHOFFAH68CB
桃園區,房地(土地+建物),桃園市桃園區永興里4鄰新生路105號8樓,10.23,商,,,1070427,土地6建物1車位0,八層,15,住宅大樓(11層含以上有電梯),住家用,鋼筋混凝土造,,94.4,2,1,1,有,無,5750000,60911,,0.0,0,,RPOOMLKKMHOFFAH87CB
桃園區,房地(土地+建物),桃園市桃園區永興里4鄰新生路105號6樓,10.23,商,,,1070410,土地6建物1車位0,六層,15,住宅大樓(11層含以上有電梯),住家用,鋼筋混凝土造,,94.4,2,1,1,有,無,5750000,60911,,0.0,0,,RPPOMLKKMHOFFAH97CB
桃園區,房地(土地+建物)+車位,桃園市桃園區永興里4鄰新生路111號15樓,14.28,商,,,1070116,土地6建物1車位1,十五層,15,住宅大樓(11層含以上有電梯),住家用,鋼筋混凝土造,,129.16,3,2,2,有,無,8700000,65531,坡道平面,22.34,1700000,,RPQOMLKKMHOFFAH08CB
桃園區,房地(土地+建物)+車位,桃園市桃園區永興里4鄰新生路107號9樓,10.76,商,,,1070430,土地6建物1車位1,九層,15,住宅大樓(11層含以上有電梯),住家用,鋼筋混凝土造,,97.25,2,1,1,有,無,6900000,69417,坡道平面,22.34,1700000,,RPROMLKKMHOFFAH18CB
桃園區,房地(土地+建物)+車位,桃園市桃園區永興里4鄰永安路76號9樓,9.37,商,,,1061212,土地6建物1車位1,九層,15,住宅大樓(11層含以上有電梯),住家用,鋼筋混凝土造,,84.48,2,1,1,有,無,5370000,60669,坡道平面,22.34,1600000,,RPSOMLKKMHOFFAH28CB
桃園區,房地(土地+建物)+車位,桃園市桃園區永興里4鄰新生路121號9樓,9.8,商,,,1061219,土地6建物1車位1,九層,15,住宅大樓(11層含以上有電梯),住家用,鋼筋混凝土造,,88.59,2,1,1,有,無,5870000,61906,坡道平面,21.23,1700000,,RPTOMLKKMHOFFAH38CB
桃園區,房地(土地+建物)+車位,桃園市桃園區永興里4鄰新生路111號7樓,14.28,商,,,1070101,土地6建物1車位1,七層,15,住宅大樓(11層含以上有電梯),住家用,鋼筋混凝土造,,129.16,3,2,2,有,無,8590000,63565,坡道平面,22.34,1800000,,RPUOMLKKMHOFFAH48CB
桃園區,房地(土地+建物)+車位,桃園市桃園區永興里4鄰新生路103號7樓,10.92,商,,,1070101,土地6建物1車位1,七層,15,住宅大樓(11層含以上有電梯),住家用,鋼筋混凝土造,,98.56,2,1,1,有,無,6350000,63973,升降機械,14.15,950000,,RPVOMLKKMHOFFAH58CB
桃園區,房地(土地+建物),桃園市桃園區永興里4鄰新生路117號15樓,10.71,商,,,1070425,土地6建物1車位0,十五層,15,住宅大樓(11層含以上有電梯),住家用,鋼筋混凝土造,,98.91,2,1,1,有,無,6050000,61167,,0.0,0,,RPWOMLKKMHOFFAH68CB
桃園區,房地(土地+建物)+車位,桃園市桃園區永興里4鄰永安路72號6樓,10.73,商,,,1070419,土地6建物1車位1,六層,15,住宅大樓(11層含以上有電梯),住家用,鋼筋混凝土造,,96.95,2,1,1,有,無,6330000,65889,升降機械,13.78,850000,,RPXOMLKKMHOFFAH78CB
桃園區,房地(土地+建物)+車位,桃園市桃園區永興里4鄰新生路117號13樓,10.94,商,,,1070425,土地6建物1車位1,十三層,15,住宅大樓(11層含以上有電梯),住家用,鋼筋混凝土造,,98.91,2,1,1,有,無,6700000,68131,升降機械,13.78,900000,,RPOPMLKKMHOFFAH97CB
桃園區,房地(土地+建物)+車位,桃園市桃園區永興里4鄰永安路80號14樓,11.03,商,,,1061212,土地6建物1車位1,十四層,15,住宅大樓(11層含以上有電梯),住家用,鋼筋混凝土造,,99.17,2,1,1,有,無,6900000,67682,坡道平面,22.34,1700000,,RPPPMLKKMHOFFAH08CB
桃園區,房地(土地+建物),桃園市桃園區永興里4鄰新生路105號9樓,10.23,商,,,1070501,土地6建物1車位0,九層,15,住宅大樓(11層含以上有電梯),住家用,鋼筋混凝土造,,94.4,2,1,1,有,無,5750000,60911,,0.0,0,,RPQPMLKKMHOFFAH18CB
桃園區,房地(土地+建物),桃園市桃園區永興里4鄰新生路117號4樓,10.71,商,,,1070430,土地6建物1車位0,四層,15,住宅大樓(11層含以上有電梯),住家用,鋼筋混凝土造,,98.91,2,1,1,有,無,5850000,59145,,0.0,0,,RPRPMLKKMHOFFAH28CB
桃園區,房地(土地+建物)+車位,桃園市桃園區永興里4鄰新生路103號6樓,10.92,商,,,1070306,土地6建物1車位1,六層,15,住宅大樓(11層含以上有電梯),住家用,鋼筋混凝土造,,98.56,2,1,1,有,無,6500000,66053,升降機械,13.78,900000,,RPSPMLKKMHOFFAH38CB
桃園區,房地(土地+建物)+車位,桃園市桃園區永興里4鄰永安路76號5樓,9.37,商,,,1070816,土地6建物1車位1,五層,15,住宅大樓(11層含以上有電梯),住家用,鋼筋混凝土造,,84.48,2,1,1,有,無,5300000,62642,升降機械,14.24,900000,,RPTPMLKKMHOFFAH48CB
桃園區,房地(土地+建物)+車位,桃園市桃園區永興里4鄰新生路115號10樓,10.76,商,,,1070221,土地6建物1車位1,十層,15,住宅大樓(11層含以上有電梯),住家用,鋼筋混凝土造,,97.03,2,1,1,有,無,6400000,67346,升降機械,14.62,850000,,RPUPMLKKMHOFFAH58CB
桃園區,房地(土地+建物)+車位,桃園市桃園區永興里4鄰新生路103號5樓,10.92,商,,,1070313,土地6建物1車位1,五層,15,住宅大樓(11層含以上有電梯),住家用,鋼筋混凝土造,,98.56,2,1,1,有,無,6350000,64874,升降機械,13.78,850000,,RPVPMLKKMHOFFAH68CB
桃園區,房地(土地+建物)+車位,桃園市桃園區永興里4鄰永安路72號7樓,10.73,商,,,1070403,土地6建物1車位1,七層,15,住宅大樓(11層含以上有電梯),住家用,鋼筋混凝土造,,96.95,2,1,1,有,無,6400000,66130,升降機械,13.78,900000,,RPWPMLKKMHOFFAH78CB
桃園區,房地(土地+建物)+車位,桃園市桃園區永興里4鄰新生路113號6樓,13.19,商,,,1061219,土地6建物1車位1,六層,15,住宅大樓(11層含以上有電梯),住家用,鋼筋混凝土造,,119.79,3,2,2,有,無,7950000,64428,坡道平面,21.23,1600000,,RPXPMLKKMHOFFAH88CB
桃園區,房地(土地+建物)+車位,桃園市桃園區永興里4鄰新生路109號8樓,10.78,商,,,1070123,土地6建物1車位1,八層,15,住宅大樓(11層含以上有電梯),住家用,鋼筋混凝土造,,97.35,2,1,1,有,無,6380000,65937,升降機械,14.24,900000,,RPOQMLKKMHOFFAH08CB
桃園區,房地(土地+建物)+車位,桃園市桃園區永興里4鄰永安路76號4樓,9.37,商,,,1061208,土地6建物1車位1,四層,15,住宅大樓(11層含以上有電梯),住家用,鋼筋混凝土造,,84.48,2,1,1,有,無,4950000,58371,升降機械,14.24,850000,,RPPQMLKKMHOFFAH18CB
桃園區,房地(土地+建物)+車位,桃園市桃園區永興里4鄰新生路111號5樓,14.28,商,,,1070221,土地6建物1車位1,五層,15,住宅大樓(11層含以上有電梯),住家用,鋼筋混凝土造,,129.16,3,2,2,有,無,8750000,65320,坡道平面,21.23,1700000,,RPQQMLKKMHOFFAH28CB
桃園區,房地(土地+建物)+車位,桃園市桃園區永興里4鄰新生路109號10樓,10.78,商,,,1070515,土地6建物1車位1,十層,15,住宅大樓(11層含以上有電梯),住家用,鋼筋混凝土造,,97.35,2,1,1,有,無,6900000,69324,坡道平面,22.34,1700000,,RPRQMLKKMHOFFAH38CB
桃園區,房地(土地+建物)+車位,桃園市桃園區永興里4鄰新生路119號2樓,10.39,商,,,1061212,土地6建物1車位1,二層,15,住宅大樓(11層含以上有電梯),住家用,鋼筋混凝土造,,94.01,2,1,1,有,無,5550000,57536,升降機械,14.06,950000,,RPSQMLKKMHOFFAH48CB
桃園區,房地(土地+建物),桃園市桃園區永興里4鄰新生路105號10樓,10.23,商,,,1070502,土地6建物1車位0,十層,15,住宅大樓(11層含以上有電梯),住家用,鋼筋混凝土造,,94.4,2,1,1,有,無,5780000,61229,,0.0,0,,RPUQMLKKMHOFFAH68CB
桃園區,房地(土地+建物),桃園市桃園區永興里4鄰新生路119號12樓,10.16,商,,,1070227,土地6建物1車位0,十二層,15,住宅大樓(11層含以上有電梯),住家用,鋼筋混凝土造,,94.01,2,1,1,有,無,5300000,56377,,0.0,0,,RPVQMLKKMHOFFAH78CB
桃園區,房地(土地+建物)+車位,桃園市桃園區永興里4鄰新生路115號15樓,10.76,商,,,1070306,土地6建物1車位1,十五層,15,住宅大樓(11層含以上有電梯),住家用,鋼筋混凝土造,,97.03,2,1,1,有,無,6300000,65465,升降機械,13.78,850000,,RPWQMLKKMHOFFAH88CB
桃園區,房地(土地+建物),桃園市桃園區永興里4鄰新生路105號3樓,10.23,商,,,1070530,土地6建物1車位0,三層,15,住宅大樓(11層含以上有電梯),住家用,鋼筋混凝土造,,94.4,2,1,1,有,無,5600000,59322,,0.0,0,,RPXQMLKKMHOFFAH98CB
桃園區,房地(土地+建物)+車位,桃園市桃園區永興里4鄰新生路117號7樓,10.94,商,,,1070312,土地6建物1車位1,七層,15,住宅大樓(11層含以上有電梯),住家用,鋼筋混凝土造,,98.91,2,1,1,有,無,6460000,65166,升降機械,13.59,900000,,RPORMLKKMHOFFAH18CB
桃園區,房地(土地+建物),桃園市桃園區永興里4鄰新生路119號13樓,10.16,商,,,1070515,土地6建物1車位0,十三層,15,住宅大樓(11層含以上有電梯),住家用,鋼筋混凝土造,,94.01,2,1,1,有,無,5400000,57441,,0.0,0,,RPPRMLKKMHOFFAH28CB
桃園區,房地(土地+建物)+車位,桃園市桃園區永興里4鄰新生路109號4樓,10.78,商,,,1070522,土地6建物1車位1,四層,15,住宅大樓(11層含以上有電梯),住家用,鋼筋混凝土造,,97.35,2,1,1,有,無,6850000,68658,坡道平面,22.34,1700000,,RPQRMLKKMHOFFAH38CB
桃園區,房地(土地+建物)+車位,桃園市桃園區永興里4鄰永安路80號11樓,11.03,商,,,1061208,土地6建物1車位1,十一層,15,住宅大樓(11層含以上有電梯),住家用,鋼筋混凝土造,,99.17,2,1,1,有,無,6720000,65339,坡道平面,22.34,1700000,,RPRRMLKKMHOFFAH48CB
桃園區,房地(土地+建物)+車位,桃園市桃園區永興里4鄰新生路107號5樓,10.76,商,,,1070411,土地6建物1車位1,五層,15,住宅大樓(11層含以上有電梯),住家用,鋼筋混凝土造,,97.25,2,1,1,有,無,6450000,66340,升降機械,13.59,900000,,RPSRMLKKMHOFFAH58CB
桃園區,房地(土地+建物)+車位,桃園市桃園區永興里4鄰永安路78號13樓,10.6,商,,,1061229,土地6建物1車位1,十三層,15,住宅大樓(11層含以上有電梯),住家用,鋼筋混凝土造,,95.37,2,1,1,有,無,6360000,66683,升降機械,14.24,950000,,RPTRMLKKMHOFFAH68CB
桃園區,房地(土地+建物)+車位,桃園市桃園區永興里4鄰永安路78號3樓,10.6,商,,,1061215,土地6建物1車位1,三層,15,住宅大樓(11層含以上有電梯),住家用,鋼筋混凝土造,,95.37,2,1,1,有,無,6100000,63120,升降機械,13.78,950000,,RPURMLKKMHOFFAH78CB
桃園區,房地(土地+建物)+車位,桃園市桃園區永興里4鄰新生路115號3樓,10.76,商,,,1070102,土地6建物1車位1,三層,15,住宅大樓(11層含以上有電梯),住家用,鋼筋混凝土造,,97.03,2,1,1,有,無,6100000,62810,升降機械,14.24,900000,,RPVRMLKKMHOFFAH88CB
桃園區,房地(土地+建物)+車位,桃園市桃園區永興里4鄰新生路103號8樓,0.05,商,,,1070102,土地6建物1車位1,八層,15,住宅大樓(11層含以上有電梯),住家用,鋼筋混凝土造,,98.56,2,1,1,有,無,6350000,64635,升降機械,14.24,900000,,RPWRMLKKMHOFFAH98CB
桃園區,房地(土地+建物)+車位,桃園市桃園區永興里4鄰新生路119號8樓,10.39,商,,,1070123,土地6建物1車位1,八層,15,住宅大樓(11層含以上有電梯),住家用,鋼筋混凝土造,,94.01,2,1,1,有,無,5800000,61288,升降機械,14.06,900000,,RPOSMLKKMHOFFAH28CB
桃園區,房地(土地+建物)+車位,桃園市桃園區永興里4鄰新生路115號13樓,10.76,商,,,1070306,土地6建物1車位1,十三層,15,住宅大樓(11層含以上有電梯),住家用,鋼筋混凝土造,,97.03,2,1,1,有,無,6400000,66667,升降機械,13.78,850000,,RPPSMLKKMHOFFAH38CB
桃園區,房地(土地+建物)+車位,桃園市桃園區永興里4鄰新生路103號14樓,10.92,商,,,1070123,土地6建物1車位1,十四層,15,住宅大樓(11層含以上有電梯),住家用,鋼筋混凝土造,,98.56,2,1,1,有,無,6860000,66387,坡道平面,22.34,1800000,,RPQSMLKKMHOFFAH48CB
桃園區,房地(土地+建物)+車位,桃園市桃園區永興里4鄰新生路109號9樓,10.78,商,,,1070320,土地6建物1車位1,九層,15,住宅大樓(11層含以上有電梯),住家用,鋼筋混凝土造,,97.35,2,1,1,有,無,6670000,64925,坡道平面,22.34,1800000,,RPRSMLKKMHOFFAH58CB
桃園區,房地(土地+建物)+車位,桃園市桃園區永興里4鄰新生路111號3樓,14.17,商,,,1061205,土地6建物1車位1,三層,15,住宅大樓(11層含以上有電梯),住家用,鋼筋混凝土造,,129.16,3,2,2,有,無,8350000,62254,坡道平面,22.34,1700000,,RPSSMLKKMHOFFAH68CB
桃園區,房地(土地+建物)+車位,桃園市桃園區永興里4鄰永安路78號5樓,10.6,商,,,1061208,土地6建物1車位1,五層,15,住宅大樓(11層含以上有電梯),住家用,鋼筋混凝土造,,95.37,2,1,1,有,無,6100000,63953,升降機械,14.06,900000,,RPTSMLKKMHOFFAH78CB
桃園區,房地(土地+建物)+車位,桃園市桃園區永興里4鄰新生路103號12樓,10.92,商,,,1070105,土地6建物1車位1,十二層,15,住宅大樓(11層含以上有電梯),住家用,鋼筋混凝土造,,98.56,2,1,1,有,無,6350000,65158,升降機械,14.15,850000,,RPUSMLKKMHOFFAH88CB
桃園區,房地(土地+建物)+車位,桃園市桃園區永興里4鄰新生路105號7樓,10.46,商,,,1070502,土地6建物1車位1,七層,15,住宅大樓(11層含以上有電梯),住家用,鋼筋混凝土造,,94.4,2,1,1,有,無,6290000,66700,升降機械,13.59,900000,,RPWSMLKKMHOFFAH09CB
桃園區,房地(土地+建物),桃園市桃園區永興里4鄰新生路119號7樓,10.16,商,,,1070227,土地6建物1車位0,七層,15,住宅大樓(11層含以上有電梯),住家用,鋼筋混凝土造,,94.01,2,1,1,有,無,5200000,55313,,0.0,0,,RPXSMLKKMHOFFAH56CB
桃園區,房地(土地+建物),桃園市桃園區永興里4鄰新生路117號2樓,10.71,商,,,1070612,土地6建物1車位0,二層,15,住宅大樓(11層含以上有電梯),住家用,鋼筋混凝土造,,98.91,2,1,1,有,無,5190000,52472,,0.0,0,,RPOTMLKKMHOFFAH38CB
桃園區,房地(土地+建物)+車位,桃園市桃園區永興里4鄰新生路103號3樓,10.92,商,,,1070313,土地6建物1車位1,三層,15,住宅大樓(11層含以上有電梯),住家用,鋼筋混凝土造,,98.56,2,1,1,有,無,6470000,65987,升降機械,14.15,900000,,RPPTMLKKMHOFFAH48CB
桃園區,房地(土地+建物)+車位,桃園市桃園區永興里4鄰永安路78號10樓,10.6,商,,,1061208,土地6建物1車位1,十層,15,住宅大樓(11層含以上有電梯),住家用,鋼筋混凝土造,,95.37,2,1,1,有,無,6560000,66548,坡道平面,22.34,1700000,,RPQTMLKKMHOFFAH58CB
桃園區,房地(土地+建物)+車位,桃園市桃園區永興里4鄰新生路103號4樓,10.92,商,,,1070313,土地6建物1車位1,四層,15,住宅大樓(11層含以上有電梯),住家用,鋼筋混凝土造,,98.56,2,1,1,有,無,6530000,66407,升降機械,13.78,900000,,RPRTMLKKMHOFFAH68CB
桃園區,房地(土地+建物),桃園市桃園區永興里4鄰新生路109號3樓,10.55,商,,,1070502,土地6建物1車位0,三層,15,住宅大樓(11層含以上有電梯),住家用,鋼筋混凝土造,,97.35,2,1,1,有,無,5800000,59579,,0.0,0,,RPTTMLKKMHOFFAH88CB
桃園區,房地(土地+建物)+車位,桃園市桃園區永興里4鄰永安路80號12樓,11.03,商,,,1061208,土地6建物1車位1,十二層,15,住宅大樓(11層含以上有電梯),住家用,鋼筋混凝土造,,99.17,2,1,1,有,無,6750000,65730,坡道平面,22.34,1700000,,RPUTMLKKMHOFFAH98CB
桃園區,房地(土地+建物)+車位,桃園市桃園區永興里4鄰新生路121號14樓,9.8,商,,,1061208,土地6建物1車位1,十四層,15,住宅大樓(11層含以上有電梯),住家用,鋼筋混凝土造,,88.59,2,1,1,有,無,5650000,62826,升降機械,13.78,950000,,RPVTMLKKMHOFFAH09CB
桃園區,房地(土地+建物)+車位,桃園市桃園區永興里4鄰永安路76號2樓,9.37,商,,,1070612,土地6建物1車位1,二層,15,住宅大樓(11層含以上有電梯),住家用,鋼筋混凝土造,,84.48,2,1,1,有,無,4760000,65455,升降機械,21.23,620000,,RPWTMLKKMHOFFAH56CB
桃園區,房地(土地+建物),桃園市桃園區永興里4鄰新生路111號,13.64,商,,,1070101,土地6建物1車位0,一層,15,店面(店鋪),商業用,鋼筋混凝土造,,123.77,0,0,0,無,無,14230000,114971,,0.0,0,,RPXTMLKKMHOFFAH66CB
桃園區,房地(土地+建物)+車位,桃園市桃園區永興里4鄰永安路78號12樓,10.6,商,,,1061229,土地6建物1車位1,十二層,15,住宅大樓(11層含以上有電梯),住家用,鋼筋混凝土造,,95.37,2,1,1,有,無,6200000,65327,升降機械,14.24,900000,,RPOUMLKKMHOFFAH48CB
桃園區,房地(土地+建物)+車位,桃園市桃園區永興里4鄰新生路103號10樓,10.92,商,,,1070105,土地6建物1車位1,十層,15,住宅大樓(11層含以上有電梯),住家用,鋼筋混凝土造,,98.56,2,1,1,有,無,6400000,65158,升降機械,14.15,900000,,RPPUMLKKMHOFFAH58CB
桃園區,房地(土地+建物),桃園市桃園區永興里4鄰新生路107號10樓,10.53,商,,,1070515,土地6建物1車位0,十層,15,住宅大樓(11層含以上有電梯),住家用,鋼筋混凝土造,,97.25,2,1,1,有,無,5950000,61183,,0.0,0,,RPQUMLKKMHOFFAH68CB
桃園區,房地(土地+建物)+車位,桃園市桃園區永興里4鄰新生路113號7樓,13.19,商,,,1061212,土地6建物1車位1,七層,15,住宅大樓(11層含以上有電梯),住家用,鋼筋混凝土造,,119.79,3,2,2,有,無,7990000,64546,坡道平面,22.34,1700000,,RPRUMLKKMHOFFAH78CB
桃園區,房地(土地+建物)+車位,桃園市桃園區永興里4鄰新生路117號3樓,10.94,商,,,1070227,土地6建物1車位1,三層,15,住宅大樓(11層含以上有電梯),住家用,鋼筋混凝土造,,98.91,2,1,1,有,無,6300000,64020,升降機械,13.78,850000,,RPSUMLKKMHOFFAH88CB
桃園區,房地(土地+建物)+車位,桃園市桃園區永興里4鄰新生路111號11樓,14.28,商,,,1070105,土地6建物1車位1,十一層,15,住宅大樓(11層含以上有電梯),住家用,鋼筋混凝土造,,129.16,3,2,2,有,無,8600000,64595,坡道平面,22.34,1700000,,RPTUMLKKMHOFFAH98CB
桃園區,房地(土地+建物)+車位,桃園市桃園區永興里4鄰永安路72號14樓,10.73,商,,,1070326,土地6建物1車位1,十四層,15,住宅大樓(11層含以上有電梯),住家用,鋼筋混凝土造,,96.95,2,1,1,有,無,6500000,68163,升降機械,14.06,850000,,RPUUMLKKMHOFFAH09CB
桃園區,房地(土地+建物)+車位,桃園市桃園區永興里4鄰永安路72號11樓,10.73,商,,,1070924,土地6建物1車位1,十一層,15,住宅大樓(11層含以上有電梯),住家用,鋼筋混凝土造,,96.95,2,1,1,有,無,6980000,69428,升降機械,22.34,1800000,,RPVUMLKKMHOFFAH56CB
桃園區,房地(土地+建物)+車位,桃園市桃園區永興里4鄰新生路115號12樓,10.76,商,,,1070306,土地6建物1車位1,十二層,15,住宅大樓(11層含以上有電梯),住家用,鋼筋混凝土造,,97.03,2,1,1,有,無,6450000,66667,升降機械,13.78,900000,,RPWUMLKKMHOFFAH66CB
桃園區,房地(土地+建物),桃園市桃園區永興里4鄰新生路105號5樓,10.23,商,,,1070515,土地6建物1車位0,五層,15,住宅大樓(11層含以上有電梯),住家用,鋼筋混凝土造,,94.4,2,1,1,有,無,5700000,60381,,0.0,0,,RPXUMLKKMHOFFAH76CB
桃園區,房地(土地+建物)+車位,桃園市桃園區永興里4鄰永安路80號5樓,11.03,商,,,1061205,土地6建物1車位1,五層,15,住宅大樓(11層含以上有電梯),住家用,鋼筋混凝土造,,99.17,2,1,1,有,無,6750000,65730,坡道平面,22.34,1700000,,RPOVMLKKMHOFFAH58CB
桃園區,房地(土地+建物)+車位,桃園市桃園區永興里4鄰新生路117號12樓,10.94,商,,,1070411,土地6建物1車位1,十二層,15,住宅大樓(11層含以上有電梯),住家用,鋼筋混凝土造,,98.91,2,1,1,有,無,6700000,68131,升降機械,13.78,900000,,RPPVMLKKMHOFFAH68CB
桃園區,房地(土地+建物)+車位,桃園市桃園區永興里4鄰永安路76號13樓,9.37,商,,,1061212,土地6建物1車位1,十三層,15,住宅大樓(11層含以上有電梯),住家用,鋼筋混凝土造,,84.48,2,1,1,有,無,5420000,61474,坡道平面,22.34,1600000,,RPRVMLKKMHOFFAH88CB
桃園區,房地(土地+建物)+車位,桃園市桃園區永興里4鄰永安路80號7樓,11.03,商,,,1061226,土地6建物1車位1,七層,15,住宅大樓(11層含以上有電梯),住家用,鋼筋混凝土造,,99.17,2,1,1,有,無,6780000,66120,坡道平面,22.34,1700000,,RPSVMLKKMHOFFAH98CB
桃園區,房地(土地+建物)+車位,桃園市桃園區永興里4鄰新生路115號8樓,10.76,商,,,1070123,土地6建物1車位1,八層,15,住宅大樓(11層含以上有電梯),住家用,鋼筋混凝土造,,97.03,2,1,1,有,無,6380000,66048,升降機械,14.06,900000,,RPTVMLKKMHOFFAH09CB
桃園區,房地(土地+建物)+車位,桃園市桃園區永興里4鄰新生路121號10樓,9.8,商,,,1061205,土地6建物1車位1,十層,15,住宅大樓(11層含以上有電梯),住家用,鋼筋混凝土造,,88.59,2,1,1,有,無,5790000,62203,坡道平面,21.23,1600000,,RPUVMLKKMHOFFAH56CB
桃園區,房地(土地+建物)+車位,桃園市桃園區永興里4鄰永安路78號7樓,10.6,商,,,1061212,土地6建物1車位1,七層,15,住宅大樓(11層含以上有電梯),住家用,鋼筋混凝土造,,95.37,2,1,1,有,無,6030000,63232,升降機械,14.24,900000,,RPVVMLKKMHOFFAH66CB
桃園區,房地(土地+建物)+車位,桃園市桃園區永興里4鄰新生路113號8樓,13.19,商,,,1061205,土地6建物1車位1,八層,15,住宅大樓(11層含以上有電梯),住家用,鋼筋混凝土造,,119.79,3,2,2,有,無,7950000,65370,坡道平面,22.65,1600000,,RPWVMLKKMHOFFAH76CB
桃園區,房地(土地+建物)+車位,桃園市桃園區永興里4鄰新生路113號4樓,13.19,商,,,1061229,土地6建物1車位1,四層,15,住宅大樓(11層含以上有電梯),住家用,鋼筋混凝土造,,119.79,3,2,2,有,無,7950000,63413,坡道平面,21.23,1700000,,RPXVMLKKMHOFFAH86CB
桃園區,房地(土地+建物)+車位,桃園市桃園區永興里4鄰新生路117號10樓,10.94,商,,,1070417,土地6建物1車位1,十層,15,住宅大樓(11層含以上有電梯),住家用,鋼筋混凝土造,,98.91,2,1,1,有,無,6700000,68131,升降機械,13.78,900000,,RPOWMLKKMHOFFAH68CB
桃園區,房地(土地+建物)+車位,桃園市桃園區永興里4鄰永安路76號12樓,9.37,商,,,1061219,土地6建物1車位1,十二層,15,住宅大樓(11層含以上有電梯),住家用,鋼筋混凝土造,,84.48,2,1,1,有,無,5640000,62292,坡道平面,21.23,1700000,,RPPWMLKKMHOFFAH78CB
桃園區,房地(土地+建物)+車位,桃園市桃園區永興里4鄰新生路103號15樓,10.92,商,,,1070126,土地6建物1車位1,十五層,15,住宅大樓(11層含以上有電梯),住家用,鋼筋混凝土造,,98.56,2,1,1,有,無,6740000,64812,坡道平面,22.34,1800000,,RPQWMLKKMHOFFAH88CB
桃園區,房地(土地+建物),桃園市桃園區永興里4鄰永安路80號10樓,10.8,商,,,1080328,土地6建物1車位0,十層,15,住宅大樓(11層含以上有電梯),住家用,鋼筋混凝土造,,99.17,2,1,1,有,無,6180000,62317,,0.0,0,,RPRWMLKKMHOFFAH98CB
桃園區,房地(土地+建物)+車位,桃園市桃園區永興里4鄰新生路121號3樓,9.8,商,,,1061205,土地6建物1車位1,三層,15,住宅大樓(11層含以上有電梯),住家用,鋼筋混凝土造,,88.59,2,1,1,有,無,5370000,58933,升降機械,13.59,950000,,RPSWMLKKMHOFFAH09CB
桃園區,房地(土地+建物)+車位,桃園市桃園區永興里4鄰永安路82號,16.96,商,,,1070306,土地6建物1車位1,一層,15,店面(店鋪),商業用,鋼筋混凝土造,,151.42,0,0,0,無,無,18360000,128293,坡道平面,22.34,1800000,,RPTWMLKKMHOFFAH56CB
桃園區,房地(土地+建物)+車位,桃園市桃園區永興里4鄰新生路117號6樓,10.94,商,,,1070515,土地6建物1車位1,六層,15,住宅大樓(11層含以上有電梯),住家用,鋼筋混凝土造,,98.91,2,1,1,有,無,7000000,69218,坡道平面,22.34,1700000,,RPUWMLKKMHOFFAH66CB
桃園區,房地(土地+建物)+車位,桃園市桃園區永興里4鄰新生路113號5樓,13.19,商,,,1061207,土地6建物1車位1,五層,15,住宅大樓(11層含以上有電梯),住家用,鋼筋混凝土造,,119.79,3,2,2,有,無,7980000,64443,坡道平面,22.34,1700000,,RPVWMLKKMHOFFAH76CB
桃園區,房地(土地+建物)+車位,桃園市桃園區永興里4鄰新生路105號15樓,10.46,商,,,1070221,土地6建物1車位1,十五層,15,住宅大樓(11層含以上有電梯),住家用,鋼筋混凝土造,,94.4,2,1,1,有,無,6080000,64872,升降機械,13.78,850000,,RPWWMLKKMHOFFAH86CB
桃園區,房地(土地+建物)+車位,桃園市桃園區永興里4鄰永安路76號15樓,9.52,商,,,1070105,土地6建物1車位1,十五層,15,住宅大樓(11層含以上有電梯),住家用,鋼筋混凝土造,,84.48,2,1,1,有,無,5150000,59795,升降機械,14.24,950000,,RPXWMLKKMHOFFAH96CB
桃園區,房地(土地+建物)+車位,桃園市桃園區永興里4鄰新生路115號5樓,10.76,商,,,1070413,土地6建物1車位1,五層,15,住宅大樓(11層含以上有電梯),住家用,鋼筋混凝土造,,97.03,2,1,1,有,無,6440000,66547,升降機械,13.78,900000,,RPONNLKKMHOFFAH87CB
桃園區,房地(土地+建物)+車位,桃園市桃園區永興里4鄰新生路113號14樓,13.19,商,,,1070110,土地6建物1車位1,十四層,15,住宅大樓(11層含以上有電梯),住家用,鋼筋混凝土造,,119.79,3,2,2,有,無,8150000,66188,坡道平面,22.34,1700000,,RPPNNLKKMHOFFAH97CB
桃園區,房地(土地+建物)+車位,桃園市桃園區永興里4鄰新生路107號14樓,10.76,商,,,1070221,土地6建物1車位1,十四層,15,住宅大樓(11層含以上有電梯),住家用,鋼筋混凝土造,,97.25,2,1,1,有,無,6250000,64912,升降機械,14.06,850000,,RPQNNLKKMHOFFAH08CB
桃園區,房地(土地+建物)+車位,桃園市桃園區永興里4鄰新生路115號9樓,10.93,商,,,1070410,土地6建物1車位1,九層,15,住宅大樓(11層含以上有電梯),住家用,鋼筋混凝土造,,97.03,2,1,1,有,無,6900000,68282,坡道平面,22.34,1800000,,RPRNNLKKMHOFFAH18CB
桃園區,房地(土地+建物)+車位,桃園市桃園區永興里4鄰永安路80號15樓,11.03,商,,,1061201,土地6建物1車位1,十五層,15,住宅大樓(11層含以上有電梯),住家用,鋼筋混凝土造,,99.17,2,1,1,有,無,6800000,65435,坡道平面,21.23,1700000,,RPSNNLKKMHOFFAH28CB
桃園區,房地(土地+建物)+車位,桃園市桃園區永興里4鄰永安路80號13樓,11.03,商,,,1061205,土地6建物1車位1,十三層,15,住宅大樓(11層含以上有電梯),住家用,鋼筋混凝土造,,99.17,2,1,1,有,無,6880000,66461,坡道平面,21.23,1700000,,RPTNNLKKMHOFFAH38CB
桃園區,房地(土地+建物)+車位,桃園市桃園區永興里4鄰新生路111號9樓,14.28,商,,,1070123,土地6建物1車位1,九層,15,住宅大樓(11層含以上有電梯),住家用,鋼筋混凝土造,,129.16,3,2,2,有,無,8550000,64127,坡道平面,22.34,1700000,,RPUNNLKKMHOFFAH48CB
桃園區,房地(土地+建物)+車位,桃園市桃園區永興里4鄰新生路121號15樓,9.8,商,,,1061205,土地6建物1車位1,十五層,15,住宅大樓(11層含以上有電梯),住家用,鋼筋混凝土造,,88.59,2,1,1,有,無,5500000,60667,升降機械,13.59,950000,,RPVNNLKKMHOFFAH58CB
桃園區,房地(土地+建物)+車位,桃園市桃園區桃園市桃園區永興里4鄰永安路82-2號,14.53,商,,,1080326,土地6建物1車位1,一層,15,店面(店鋪),商業用,鋼筋混凝土造,,129.71,0,0,0,無,無,14500000,119214,坡道平面,22.34,1700000,,RPWNNLKKMHOFFAH68CB
桃園區,房地(土地+建物)+車位,桃園市桃園區永興里4鄰永安路72號8樓,10.73,商,,,1070413,土地6建物1車位1,八層,15,住宅大樓(11層含以上有電梯),住家用,鋼筋混凝土造,,96.95,2,1,1,有,無,6460000,66250,升降機械,13.78,950000,,RPXNNLKKMHOFFAH78CB
桃園區,房地(土地+建物)+車位,桃園市桃園區永興里4鄰新生路115號11樓,10.76,商,,,1070407,土地6建物1車位1,十一層,15,住宅大樓(11層含以上有電梯),住家用,鋼筋混凝土造,,97.03,2,1,1,有,無,6950000,68952,坡道平面,22.34,1800000,,RPOONLKKMHOFFAH97CB
桃園區,房地(土地+建物)+車位,桃園市桃園區永興里4鄰新生路113號10樓,13.19,商,,,1070123,土地6建物1車位1,十層,15,住宅大樓(11層含以上有電梯),住家用,鋼筋混凝土造,,119.79,3,2,2,有,無,8300000,66701,坡道平面,22.34,1800000,,RPPONLKKMHOFFAH08CB
桃園區,房地(土地+建物),桃園市桃園區永興里4鄰新生路109號7樓,10.55,商,,,1070320,土地6建物1車位0,七層,15,住宅大樓(11層含以上有電梯),住家用,鋼筋混凝土造,,97.35,2,1,1,有,無,5920000,60812,,0.0,0,,RPQONLKKMHOFFAH18CB
桃園區,房地(土地+建物)+車位,桃園市桃園區永興里4鄰永安路72號5樓,10.73,商,,,1070502,土地6建物1車位1,五層,15,住宅大樓(11層含以上有電梯),住家用,鋼筋混凝土造,,96.95,2,1,1,有,無,6850000,67685,坡道平面,22.34,1800000,,RPRONLKKMHOFFAH28CB
桃園區,房地(土地+建物),桃園市桃園區永興里4鄰新生路107號11樓,10.53,商,,,1070525,土地6建物1車位0,十一層,15,住宅大樓(11層含以上有電梯),住家用,鋼筋混凝土造,,97.25,2,1,1,有,無,6000000,61697,,0.0,0,,RPSONLKKMHOFFAH38CB
桃園區,房地(土地+建物)+車位,桃園市桃園區永興里4鄰永安路72號12樓,10.73,商,,,1070221,土地6建物1車位1,十二層,15,住宅大樓(11層含以上有電梯),住家用,鋼筋混凝土造,,96.95,2,1,1,有,無,6210000,65104,升降機械,14.62,850000,,RPTONLKKMHOFFAH48CB
桃園區,房地(土地+建物),桃園市桃園區永興里4鄰新生路119號5樓,10.16,商,,,1061219,土地6建物1車位0,五層,15,住宅大樓(11層含以上有電梯),住家用,鋼筋混凝土造,,94.01,2,1,1,有,無,5050000,53718,,0.0,0,,RPUONLKKMHOFFAH58CB
桃園區,房地(土地+建物)+車位,桃園市桃園區永興里4鄰新生路107號8樓,10.76,商,,,1070427,土地6建物1車位1,八層,15,住宅大樓(11層含以上有電梯),住家用,鋼筋混凝土造,,97.25,2,1,1,有,無,6900000,68403,坡道平面,21.23,1700000,,RPVONLKKMHOFFAH68CB
桃園區,房地(土地+建物)+車位,桃園市桃園區永興里4鄰永安路76號10樓,9.37,商,,,1061212,土地6建物1車位1,十層,15,住宅大樓(11層含以上有電梯),住家用,鋼筋混凝土造,,84.48,2,1,1,有,無,5660000,62118,坡道平面,22.34,1800000,,RPWONLKKMHOFFAH78CB
桃園區,房地(土地+建物)+車位,桃園市桃園區永興里4鄰新生路111號2樓,14.28,商,,,1070221,土地6建物1車位1,二層,15,住宅大樓(11層含以上有電梯),住家用,鋼骨鋼筋混凝土造,,129.16,3,2,2,有,無,8450000,63467,坡道平面,21.23,1600000,,RPXONLKKMHOFFAH88CB
桃園區,房地(土地+建物)+車位,桃園市桃園區永興里4鄰新生路111號12樓,14.28,商,,,1070126,土地6建物1車位1,十二層,15,住宅大樓(11層含以上有電梯),住家用,鋼筋混凝土造,,129.16,3,2,2,有,無,8860000,66092,坡道平面,22.34,1800000,,RPOPNLKKMHOFFAH08CB
桃園區,房地(土地+建物),桃園市桃園區永興里4鄰永安路72號3樓,10.51,商,,,1070522,土地6建物1車位0,三層,15,住宅大樓(11層含以上有電梯),住家用,鋼筋混凝土造,,96.95,2,1,1,有,無,5730000,59103,,0.0,0,,RPPPNLKKMHOFFAH18CB
桃園區,房地(土地+建物)+車位,桃園市桃園區永興里4鄰新生路115號14樓,10.76,商,,,1070227,土地6建物1車位1,十四層,15,住宅大樓(11層含以上有電梯),住家用,鋼筋混凝土造,,97.03,2,1,1,有,無,6420000,66907,升降機械,13.78,850000,,RPQPNLKKMHOFFAH28CB
桃園區,房地(土地+建物)+車位,桃園市桃園區永興里4鄰新生路109號14樓,10.78,商,,,1070221,土地6建物1車位1,十四層,15,住宅大樓(11層含以上有電梯),住家用,鋼筋混凝土造,,97.35,2,1,1,有,無,6260000,64954,升降機械,14.06,850000,,RPSPNLKKMHOFFAH48CB
桃園區,房地(土地+建物)+車位,桃園市桃園區永興里4鄰永安路72號9樓,10.73,商,,,1070221,土地6建物1車位1,九層,15,住宅大樓(11層含以上有電梯),住家用,鋼筋混凝土造,,96.95,2,1,1,有,無,6150000,64375,升降機械,14.62,850000,,RPTPNLKKMHOFFAH58CB
桃園區,房地(土地+建物)+車位,桃園市桃園區永興里4鄰新生路105號12樓,10.46,商,,,1070221,土地6建物1車位1,十二層,15,住宅大樓(11層含以上有電梯),住家用,鋼筋混凝土造,,94.4,2,1,1,有,無,6180000,66343,升降機械,14.06,850000,,RPUPNLKKMHOFFAH68CB
桃園區,房地(土地+建物),桃園市桃園區永興里4鄰新生路103號2樓,10.69,商,,,1070502,土地6建物1車位0,二層,15,住宅大樓(11層含以上有電梯),住家用,鋼筋混凝土造,,98.56,2,1,1,有,無,5900000,59862,,0.0,0,,RPVPNLKKMHOFFAH78CB
桃園區,房地(土地+建物)+車位,桃園市桃園區永興里4鄰新生路113號3樓,13.19,商,,,1061207,土地6建物1車位1,三層,15,住宅大樓(11層含以上有電梯),住家用,鋼筋混凝土造,,119.79,3,2,2,有,無,7880000,63417,坡道平面,22.34,1700000,,RPWPNLKKMHOFFAH88CB
桃園區,房地(土地+建物)+車位,桃園市桃園區永興里4鄰新生路121號8樓,9.8,商,,,1061205,土地6建物1車位1,八層,15,住宅大樓(11層含以上有電梯),住家用,鋼筋混凝土造,,88.59,2,1,1,有,無,5500000,61870,升降機械,14.24,900000,,RPXPNLKKMHOFFAH98CB
桃園區,房地(土地+建物),桃園市桃園區永興里4鄰永安路80號,11.8,商,,,1071113,土地6建物1車位0,一層,15,店面(店鋪),商業用,鋼筋混凝土造,,106.95,0,0,0,無,無,12500000,116877,,0.0,0,,RPOQNLKKMHOFFAH18CB
桃園區,房地(土地+建物)+車位,桃園市桃園區永興里4鄰新生路105號14樓,10.46,商,,,1070221,土地6建物1車位1,十四層,15,住宅大樓(11層含以上有電梯),住家用,鋼筋混凝土造,,94.4,2,1,1,有,無,6190000,66237,升降機械,13.78,850000,,RPPQNLKKMHOFFAH28CB
桃園區,房地(土地+建物),桃園市桃園區永興里4鄰新生路119號4樓,10.16,商,,,1061215,土地6建物1車位0,四層,15,住宅大樓(11層含以上有電梯),住家用,鋼筋混凝土造,,94.01,2,1,1,有,無,4980000,52973,,0.0,0,,RPQQNLKKMHOFFAH38CB
桃園區,房地(土地+建物),桃園市桃園區永興里4鄰新生路115號7樓,10.53,商,,,1070530,土地6建物1車位0,七層,15,住宅大樓(11層含以上有電梯),住家用,鋼筋混凝土造,,97.03,2,1,1,有,無,5670000,58436,,0.0,0,,RPRQNLKKMHOFFAH48CB
桃園區,房地(土地+建物)+車位,桃園市桃園區永興里4鄰永安路80號8樓,11.03,商,,,1070101,土地6建物1車位1,八層,15,住宅大樓(11層含以上有電梯),住家用,鋼筋混凝土造,,99.17,2,1,1,有,無,6690000,64949,坡道平面,22.34,1700000,,RPTQNLKKMHOFFAH68CB
桃園區,房地(土地+建物)+車位,桃園市桃園區永興里4鄰新生路103號11樓,10.92,商,,,1070110,土地6建物1車位1,十一層,15,住宅大樓(11層含以上有電梯),住家用,鋼筋混凝土造,,98.56,2,1,1,有,無,6360000,65046,升降機械,14.62,900000,,RPUQNLKKMHOFFAH78CB
桃園區,房地(土地+建物),桃園市桃園區永興里4鄰新生路117號8樓,10.71,商,,,1070515,土地6建物1車位0,八層,15,住宅大樓(11層含以上有電梯),住家用,鋼筋混凝土造,,98.91,2,1,1,有,無,6000000,60661,,0.0,0,,RPVQNLKKMHOFFAH88CB
桃園區,房地(土地+建物),桃園市桃園區永興里4鄰新生路107號12樓,10.53,商,,,1070306,土地6建物1車位0,十二層,15,住宅大樓(11層含以上有電梯),住家用,鋼筋混凝土造,,97.25,2,1,1,有,無,5710000,58715,,0.0,0,,RPWQNLKKMHOFFAH98CB
桃園區,房地(土地+建物)+車位,桃園市桃園區永興里4鄰新生路109號12樓,10.78,商,,,1070306,土地6建物1車位1,十二層,15,住宅大樓(11層含以上有電梯),住家用,鋼筋混凝土造,,97.35,2,1,1,有,無,6730000,65725,坡道平面,22.34,1800000,,RPXQNLKKMHOFFAH09CB
桃園區,房地(土地+建物)+車位,桃園市桃園區永興里4鄰永安路78號4樓,10.6,商,,,1070102,土地6建物1車位1,四層,15,住宅大樓(11層含以上有電梯),住家用,鋼筋混凝土造,,95.37,2,1,1,有,無,6050000,63777,升降機械,14.62,900000,,RPORNLKKMHOFFAH28CB
桃園區,房地(土地+建物)+車位,桃園市桃園區永興里4鄰新生路121號2樓,9.8,商,,,1061212,土地6建物1車位1,二層,15,住宅大樓(11層含以上有電梯),住家用,鋼筋混凝土造,,88.59,2,1,1,有,無,5260000,59619,升降機械,14.62,850000,,RPPRNLKKMHOFFAH38CB
桃園區,房地(土地+建物)+車位,桃園市桃園區永興里4鄰新生路121號12樓,9.8,商,,,1070101,土地6建物1車位1,十二層,15,住宅大樓(11層含以上有電梯),住家用,鋼筋混凝土造,,88.59,2,1,1,有,無,5970000,62943,坡道平面,22.34,1800000,,RPQRNLKKMHOFFAH48CB
桃園區,房地(土地+建物)+車位,桃園市桃園區永興里4鄰新生路121號13樓,9.8,商,,,1061219,土地6建物1車位1,十三層,15,住宅大樓(11層含以上有電梯),住家用,鋼筋混凝土造,,88.59,2,1,1,有,無,5920000,63698,坡道平面,22.34,1700000,,RPRRNLKKMHOFFAH58CB
桃園區,房地(土地+建物)+車位,桃園市桃園區永興里4鄰新生路121號11樓,9.8,商,,,1061226,土地6建物1車位1,十一層,15,住宅大樓(11層含以上有電梯),住家用,鋼筋混凝土造,,88.59,2,1,1,有,無,5800000,63396,坡道平面,22.34,1600000,,RPSRNLKKMHOFFAH68CB
桃園區,房地(土地+建物)+車位,桃園市桃園區永興里4鄰新生路117號11樓,10.94,商,,,1070403,土地6建物1車位1,十一層,15,住宅大樓(11層含以上有電梯),住家用,鋼筋混凝土造,,98.91,2,1,1,有,無,7050000,68565,坡道平面,22.34,1800000,,RPTRNLKKMHOFFAH78CB
桃園區,房地(土地+建物)+車位,桃園市桃園區永興里4鄰永安路72號13樓,10.73,商,,,1070221,土地6建物1車位1,十三層,15,住宅大樓(11層含以上有電梯),住家用,鋼筋混凝土造,,96.95,2,1,1,有,無,6210000,64805,升降機械,14.24,850000,,RPURNLKKMHOFFAH88CB
桃園區,房地(土地+建物)+車位,桃園市桃園區永興里4鄰永安路72號10樓,10.73,商,,,1070221,土地6建物1車位1,十層,15,住宅大樓(11層含以上有電梯),住家用,鋼筋混凝土造,,96.95,2,1,1,有,無,6180000,64442,升降機械,14.24,850000,,RPVRNLKKMHOFFAH98CB
桃園區,房地(土地+建物)+車位,桃園市桃園區永興里4鄰永安路76號8樓,9.37,商,,,1061212,土地6建物1車位1,八層,15,住宅大樓(11層含以上有電梯),住家用,鋼筋混凝土造,,84.48,2,1,1,有,無,5250000,60820,升降機械,13.78,950000,,RPWRNLKKMHOFFAH09CB
桃園區,房地(土地+建物)+車位,桃園市桃園區永興里4鄰新生路111號8樓,14.28,商,,,1061226,土地6建物1車位1,八層,15,住宅大樓(11層含以上有電梯),住家用,鋼筋混凝土造,,129.16,3,2,2,有,無,8550000,64127,坡道平面,22.34,1700000,,RPXRNLKKMHOFFAH56CB
桃園區,房地(土地+建物),桃園市桃園區永興里4鄰新生路115號6樓,10.53,商,,,1070530,土地6建物1車位0,六層,15,住宅大樓(11層含以上有電梯),住家用,鋼筋混凝土造,,97.03,2,1,1,有,無,5950000,61321,,0.0,0,,RPOSNLKKMHOFFAH38CB
桃園區,房地(土地+建物)+車位,桃園市桃園區永興里4鄰新生路121號7樓,9.8,商,,,1061226,土地6建物1車位1,七層,15,住宅大樓(11層含以上有電梯),住家用,鋼筋混凝土造,,88.59,2,1,1,有,無,5500000,61511,升降機械,14.62,950000,,RPPSNLKKMHOFFAH48CB
桃園區,房地(土地+建物),桃園市桃園區永興里4鄰新生路119號14樓,10.16,商,,,1070502,土地6建物1車位0,十四層,15,住宅大樓(11層含以上有電梯),住家用,鋼筋混凝土造,,94.01,2,1,1,有,無,5400000,57441,,0.0,0,,RPQSNLKKMHOFFAH58CB
桃園區,房地(土地+建物)+車位,桃園市桃園區永興里4鄰新生路107號13樓,10.76,商,,,1070221,土地6建物1車位1,十三層,15,住宅大樓(11層含以上有電梯),住家用,鋼筋混凝土造,,97.25,2,1,1,有,無,6360000,66306,升降機械,14.15,850000,,RPRSNLKKMHOFFAH68CB
桃園區,房地(土地+建物)+車位,桃園市桃園區永興里4鄰新生路109號13樓,10.78,商,,,1070130,土地6建物1車位1,十三層,15,住宅大樓(11層含以上有電梯),住家用,鋼筋混凝土造,,97.35,2,1,1,有,無,6250000,64974,升降機械,14.24,850000,,RPSSNLKKMHOFFAH78CB
桃園區,房地(土地+建物),桃園市桃園區永興里4鄰新生路107號6樓,10.53,商,,,1070515,土地6建物1車位0,六層,15,住宅大樓(11層含以上有電梯),住家用,鋼筋混凝土造,,97.25,2,1,1,有,無,5950000,61183,,0.0,0,,RPTSNLKKMHOFFAH88CB
桃園區,房地(土地+建物),桃園市桃園區永興里4鄰新生路119號9樓,10.16,商,,,1070227,土地6建物1車位0,九層,15,住宅大樓(11層含以上有電梯),住家用,鋼筋混凝土造,,94.01,2,1,1,有,無,5250000,55845,,0.0,0,,RPUSNLKKMHOFFAH98CB
桃園區,房地(土地+建物)+車位,桃園市桃園區永興里4鄰永安路80號3樓,11.03,商,,,1061226,土地6建物1車位1,三層,15,住宅大樓(11層含以上有電梯),住家用,鋼筋混凝土造,,99.17,2,1,1,有,無,6700000,65079,坡道平面,22.34,1700000,,RPVSNLKKMHOFFAH09CB
桃園區,房地(土地+建物)+車位,桃園市桃園區永興里4鄰新生路123號,10.55,商,,,1080218,土地6建物1車位1,一層,15,店面(店鋪),商業用,鋼筋混凝土造,,93.48,0,0,0,無,無,11600000,139162,坡道平面,22.34,1700000,,RPWSNLKKMHOFFAH56CB
桃園區,房地(土地+建物)+車位,桃園市桃園區永興里4鄰新生路109號5樓,10.78,商,,,1070330,土地6建物1車位1,五層,15,住宅大樓(11層含以上有電梯),住家用,鋼筋混凝土造,,97.35,2,1,1,有,無,6450000,66261,升降機械,13.59,900000,,RPXSNLKKMHOFFAH66CB
桃園區,房地(土地+建物)+車位,桃園市桃園區永興里4鄰永安路78號9樓,10.6,商,,,1061212,土地6建物1車位1,九層,15,住宅大樓(11層含以上有電梯),住家用,鋼筋混凝土造,,95.37,2,1,1,有,無,6050000,63478,升降機械,14.24,900000,,RPOTNLKKMHOFFAH48CB
桃園區,房地(土地+建物)+車位,桃園市桃園區永興里4鄰永安路78號8樓,10.6,商,,,1061212,土地6建物1車位1,八層,15,住宅大樓(11層含以上有電梯),住家用,鋼筋混凝土造,,95.37,2,1,1,有,無,6150000,64711,升降機械,14.24,900000,,RPPTNLKKMHOFFAH58CB
桃園區,房地(土地+建物)+車位,桃園市桃園區永興里4鄰永安路76號7樓,9.37,商,,,1061212,土地6建物1車位1,七層,15,住宅大樓(11層含以上有電梯),住家用,鋼筋混凝土造,,84.48,2,1,1,有,無,5130000,59510,升降機械,14.24,950000,,RPQTNLKKMHOFFAH68CB
桃園區,房地(土地+建物)+車位,桃園市桃園區永興里4鄰永安路78號14樓,10.6,商,,,1070110,土地6建物1車位1,十四層,15,住宅大樓(11層含以上有電梯),住家用,鋼筋混凝土造,,95.37,2,1,1,有,無,6280000,66006,升降機械,14.62,950000,,RPRTNLKKMHOFFAH78CB
桃園區,房地(土地+建物)+車位,桃園市桃園區永興里4鄰新生路121號5樓,9.8,商,,,1061212,土地6建物1車位1,五層,15,住宅大樓(11層含以上有電梯),住家用,鋼筋混凝土造,,88.59,2,1,1,有,無,5450000,60378,升降機械,14.06,950000,,RPSTNLKKMHOFFAH88CB
桃園區,房地(土地+建物)+車位,桃園市桃園區永興里4鄰新生路121號6樓,9.8,商,,,1061208,土地6建物1車位1,六層,15,住宅大樓(11層含以上有電梯),住家用,鋼筋混凝土造,,88.59,2,1,1,有,無,5500000,61049,升降機械,14.06,950000,,RPTTNLKKMHOFFAH98CB
桃園區,房地(土地+建物)+車位,桃園市桃園區永興里4鄰永安路76號3樓,9.37,商,,,1061205,土地6建物1車位1,三層,15,住宅大樓(11層含以上有電梯),住家用,鋼筋混凝土造,,84.48,2,1,1,有,無,4900000,57659,升降機械,14.24,850000,,RPUTNLKKMHOFFAH09CB
桃園區,房地(土地+建物)+車位,桃園市桃園區永興里4鄰新生路115號4樓,10.76,商,,,1070525,土地6建物1車位1,四層,15,住宅大樓(11層含以上有電梯),住家用,鋼筋混凝土造,,97.03,2,1,1,有,無,6780000,68014,坡道平面,22.34,1700000,,RPVTNLKKMHOFFAH56CB
桃園區,房地(土地+建物)+車位,桃園市桃園區永興里4鄰新生路103號9樓,10.92,商,,,1070102,土地6建物1車位1,九層,15,住宅大樓(11層含以上有電梯),住家用,鋼筋混凝土造,,98.56,2,1,1,有,無,6400000,64284,升降機械,13.78,950000,,RPWTNLKKMHOFFAH66CB
桃園區,房地(土地+建物),桃園市桃園區永興里4鄰新生路107號,10.51,商,,,1070605,土地6建物1車位0,一層,15,店面(店鋪),商業用,鋼筋混凝土造,,95.07,0,0,0,無,無,10800000,113601,,0.0,0,,RPXTNLKKMHOFFAH76CB
桃園區,房地(土地+建物)+車位,桃園市桃園區永興里4鄰新生路107號2樓,10.76,商,,,1070522,土地6建物1車位1,二層,15,住宅大樓(11層含以上有電梯),住家用,鋼筋混凝土造,,97.25,2,1,1,有,無,6800000,68082,坡道平面,22.34,1700000,,RPPUNLKKMHOFFAH68CB
桃園區,房地(土地+建物)+車位,桃園市桃園區永興里4鄰新生路113號15樓,13.19,商,,,1070116,土地6建物1車位1,十五層,15,住宅大樓(11層含以上有電梯),住家用,鋼筋混凝土造,,119.79,3,2,2,有,無,8250000,66188,坡道平面,22.34,1800000,,RPQUNLKKMHOFFAH78CB
桃園區,房地(土地+建物)+車位,桃園市桃園區永興里4鄰新生路109號,13.19,商,,,1070605,土地6建物1車位1,一層,15,店面(店鋪),商業用,鋼筋混凝土造,,115.26,0,0,0,無,無,14270000,134201,坡道平面,22.34,1800000,,RPRUNLKKMHOFFAH88CB
桃園區,房地(土地+建物)+車位,桃園市桃園區永興里4鄰永安路76號11樓,9.37,商,,,1061212,土地6建物1車位1,十一層,15,住宅大樓(11層含以上有電梯),住家用,鋼筋混凝土造,,84.48,2,1,1,有,無,5300000,61931,升降機械,14.24,950000,,RPSUNLKKMHOFFAH98CB
桃園區,房地(土地+建物)+車位,桃園市桃園區永興里4鄰永安路80號6樓,11.03,商,,,1061205,土地6建物1車位1,六層,15,住宅大樓(11層含以上有電梯),住家用,鋼筋混凝土造,,99.17,2,1,1,有,無,6660000,64558,坡道平面,22.34,1700000,,RPVUNLKKMHOFFAH66CB
桃園區,房地(土地+建物)+車位,桃園市桃園區永興里4鄰永安路78號11樓,10.6,商,,,1061229,土地6建物1車位1,十一層,15,住宅大樓(11層含以上有電梯),住家用,鋼筋混凝土造,,95.37,2,1,1,有,無,6360000,66683,升降機械,14.24,950000,,RPWUNLKKMHOFFAH76CB
桃園區,房地(土地+建物)+車位,桃園市桃園區永興里4鄰永安路78號15樓,10.6,商,,,1061226,土地6建物1車位1,十五層,15,住宅大樓(11層含以上有電梯),住家用,鋼筋混凝土造,,95.37,2,1,1,有,無,6200000,64346,升降機械,13.78,950000,,RPXUNLKKMHOFFAH86CB
桃園區,房地(土地+建物)+車位,桃園市桃園區永興里4鄰新生路105號11樓,10.46,商,,,1070525,土地6建物1車位1,十一層,15,住宅大樓(11層含以上有電梯),住家用,鋼筋混凝土造,,94.4,2,1,1,有,無,6750000,70080,坡道平面,22.34,1700000,,RPPVNLKKMHOFFAH78CB
桃園區,房地(土地+建物)+車位,桃園市桃園區永興里4鄰新生路121號4樓,9.8,商,,,1070506,土地6建物1車位1,四層,15,住宅大樓(11層含以上有電梯),住家用,鋼筋混凝土造,,88.59,2,1,1,有,無,5600000,63887,升降機械,14.24,850000,,RPQVNLKKMHOFFAH88CB
桃園區,房地(土地+建物)+車位,桃園市桃園區永興里4鄰新生路109號11樓,10.78,商,,,1070221,土地6建物1車位1,十一層,15,住宅大樓(11層含以上有電梯),住家用,鋼筋混凝土造,,97.35,2,1,1,有,無,6650000,65029,坡道平面,21.23,1700000,,RPRVNLKKMHOFFAH98CB
桃園區,房地(土地+建物)+車位,桃園市桃園區永興里4鄰新生路113號11樓,13.19,商,,,1070110,土地6建物1車位1,十一層,15,住宅大樓(11層含以上有電梯),住家用,鋼筋混凝土造,,119.79,3,2,2,有,無,8100000,64935,坡道平面,21.23,1700000,,RPSVNLKKMHOFFAH09CB
桃園區,房地(土地+建物)+車位,桃園市桃園區永興里4鄰永安路72號15樓,10.73,商,,,1070110,土地6建物1車位1,十五層,15,住宅大樓(11層含以上有電梯),住家用,鋼筋混凝土造,,96.95,2,1,1,有,無,6130000,63838,升降機械,14.24,850000,,RPTVNLKKMHOFFAH56CB
桃園區,房地(土地+建物),桃園市桃園區永興里4鄰永安路72號4樓,10.51,商,,,1070327,土地6建物1車位0,四層,15,住宅大樓(11層含以上有電梯),住家用,鋼筋混凝土造,,96.95,2,1,1,有,無,5700000,58793,,0.0,0,,RPUVNLKKMHOFFAH66CB
桃園區,房地(土地+建物),桃園市桃園區永興里4鄰新生路107號4樓,10.53,商,,,1070530,土地6建物1車位0,四層,15,住宅大樓(11層含以上有電梯),住家用,鋼筋混凝土造,,97.25,2,1,1,有,無,5860000,60257,,0.0,0,,RPWVNLKKMHOFFAH86CB
桃園區,房地(土地+建物)+車位,桃園市桃園區永興里4鄰永安路76號6樓,9.37,商,,,1080315,土地6建物1車位1,六層,15,住宅大樓(11層含以上有電梯),住家用,鋼筋混凝土造,,84.48,2,1,1,有,無,5400000,64778,升降機械,14.24,850000,,RPPWNLKKMHOFFAH88CB
桃園區,房地(土地+建物),桃園市桃園區永興里4鄰新生路105號4樓,10.23,商,,,1070522,土地6建物1車位0,四層,15,住宅大樓(11層含以上有電梯),住家用,鋼筋混凝土造,,94.4,2,1,1,有,無,5660000,59958,,0.0,0,,RPQWNLKKMHOFFAH98CB
桃園區,房地(土地+建物)+車位,桃園市桃園區永興里4鄰新生路107號3樓,10.76,商,,,1070515,土地6建物1車位1,三層,15,住宅大樓(11層含以上有電梯),住家用,鋼筋混凝土造,,97.25,2,1,1,有,無,6450000,65742,升降機械,13.59,950000,,RPRWNLKKMHOFFAH09CB
桃園區,房地(土地+建物)+車位,桃園市桃園區永興里4鄰新生路111號13樓,14.28,商,,,1061208,土地6建物1車位1,十三層,15,住宅大樓(11層含以上有電梯),住家用,鋼筋混凝土造,,129.16,3,2,2,有,無,8700000,64595,坡道平面,22.34,1800000,,RPSWNLKKMHOFFAH56CB
桃園區,房地(土地+建物)+車位,桃園市桃園區永興里4鄰永安路76號14樓,9.37,商,,,1061212,土地6建物1車位1,十四層,15,住宅大樓(11層含以上有電梯),住家用,鋼筋混凝土造,,84.48,2,1,1,有,無,5560000,63727,坡道平面,22.34,1600000,,RPTWNLKKMHOFFAH66CB
桃園區,房地(土地+建物)+車位,桃園市桃園區永興里4鄰新生路103號13樓,10.92,商,,,1070101,土地6建物1車位1,十三層,15,住宅大樓(11層含以上有電梯),住家用,鋼筋混凝土造,,98.56,2,1,1,有,無,6780000,66649,坡道平面,22.34,1700000,,RPVWNLKKMHOFFAH86CB
桃園區,房地(土地+建物)+車位,桃園市桃園區永興里4鄰新生路111號4樓,14.28,商,,,1070126,土地6建物1車位1,四層,15,住宅大樓(11層含以上有電梯),住家用,鋼筋混凝土造,,129.16,3,2,2,有,無,8650000,65063,坡道平面,22.34,1700000,,RPWWNLKKMHOFFAH96CB
桃園區,房地(土地+建物)+車位,桃園市桃園區永興里4鄰永安路78號6樓,10.6,商,,,1061212,土地6建物1車位1,六層,15,住宅大樓(11層含以上有電梯),住家用,鋼筋混凝土造,,95.37,2,1,1,有,無,6180000,64464,升降機械,14.24,950000,,RPXWNLKKMHOFFAH07CB
桃園區,房地(土地+建物),桃園市桃園區永興里4鄰新生路105號,10.51,商,,,1070605,土地6建物1車位0,一層,15,店面(店鋪),商業用,鋼筋混凝土造,,95.07,0,0,0,無,無,10800000,113601,,0.0,0,,RPPNOLKKMHOFFAH08CB
桃園區,房地(土地+建物),桃園市桃園區永興里4鄰新生路123號,11.94,商,,,1070123,土地6建物1車位0,一層,15,店面(店鋪),商業用,鋼筋混凝土造,,108.06,0,0,0,無,無,13080000,121044,,0.0,0,,RPQNOLKKMHOFFAH18CB
桃園區,房地(土地+建物)+車位,桃園市桃園區永興里4鄰新生路113號12樓,13.19,商,,,1070124,土地6建物1車位1,十二層,15,住宅大樓(11層含以上有電梯),住家用,鋼筋混凝土造,,119.79,3,2,2,有,無,8330000,67009,坡道平面,22.34,1800000,,RPRNOLKKMHOFFAH28CB
桃園區,房地(土地+建物)+車位,桃園市桃園區永興里4鄰新生路119號15樓,10.39,商,,,1070411,土地6建物1車位1,十五層,15,住宅大樓(11層含以上有電梯),住家用,鋼筋混凝土造,,94.01,2,1,1,有,無,5710000,60433,升降機械,13.59,850000,,RPSNOLKKMHOFFAH38CB
桃園區,房地(土地+建物)+車位,桃園市桃園區永興里4鄰新生路115號2樓,10.76,商,,,1070130,土地6建物1車位1,二層,15,住宅大樓(11層含以上有電梯),住家用,鋼筋混凝土造,,97.03,2,1,1,有,無,6230000,64677,升降機械,14.62,900000,,RPTNOLKKMHOFFAH48CB
桃園區,房地(土地+建物)+車位,桃園市桃園區永興里4鄰永安路80號4樓,11.03,商,,,1061226,土地6建物1車位1,四層,15,住宅大樓(11層含以上有電梯),住家用,鋼筋混凝土造,,99.17,2,1,1,有,無,6770000,64688,坡道平面,22.34,1800000,,RPUNOLKKMHOFFAH58CB
桃園區,房地(土地+建物)+車位,桃園市桃園區永興里4鄰新生路111號6樓,14.28,商,,,1070130,土地6建物1車位1,六層,15,住宅大樓(11層含以上有電梯),住家用,鋼筋混凝土造,,129.16,3,2,2,有,無,8590000,64764,坡道平面,21.23,1600000,,RPVNOLKKMHOFFAH68CB
桃園區,房地(土地+建物)+車位,桃園市桃園區永興里4鄰新生路111號14樓,14.28,商,,,1070126,土地6建物1車位1,十四層,15,住宅大樓(11層含以上有電梯),住家用,鋼筋混凝土造,,129.16,3,2,2,有,無,8900000,66467,坡道平面,22.34,1800000,,RPWNOLKKMHOFFAH78CB
桃園區,房地(土地+建物)+車位,桃園市桃園區永興里4鄰新生路119號10樓,10.39,商,,,1070306,土地6建物1車位1,十層,15,住宅大樓(11層含以上有電梯),住家用,鋼筋混凝土造,,94.01,2,1,1,有,無,5800000,61552,升降機械,13.59,850000,,RPXNOLKKMHOFFAH88CB
桃園區,房地(土地+建物)+車位,桃園市桃園區永興里4鄰新生路119號6樓,10.39,商,,,1070110,土地6建物1車位1,六層,15,住宅大樓(11層含以上有電梯),住家用,鋼筋混凝土造,,94.01,2,1,1,有,無,5650000,59412,升降機械,14.06,900000,,RPOOOLKKMHOFFAH08CB
桃園區,房地(土地+建物)+車位,桃園市桃園區永興里4鄰新生路109號6樓,10.78,商,,,1070323,土地6建物1車位1,六層,15,住宅大樓(11層含以上有電梯),住家用,鋼筋混凝土造,,97.35,2,1,1,有,無,6500000,67010,升降機械,13.78,900000,,RPPOOLKKMHOFFAH18CB
桃園區,房地(土地+建物)+車位,桃園市桃園區永興里4鄰永安路80號2樓,11.03,商,,,1061229,土地6建物1車位1,二層,15,住宅大樓(11層含以上有電梯),住家用,鋼筋混凝土造,,99.17,2,1,1,有,無,6750000,65730,坡道平面,22.34,1700000,,RPQOOLKKMHOFFAH28CB
桃園區,房地(土地+建物)+車位,桃園市桃園區永興里4鄰新生路119號3樓,10.39,商,,,1061205,土地6建物1車位1,三層,15,住宅大樓(11層含以上有電梯),住家用,鋼筋混凝土造,,94.01,2,1,1,有,無,5350000,56412,升降機械,14.24,850000,,RPROOLKKMHOFFAH38CB
桃園區,房地(土地+建物)+車位,桃園市桃園區永興里4鄰新生路107號15樓,10.76,商,,,1070426,土地6建物1車位1,十五層,15,住宅大樓(11層含以上有電梯),住家用,鋼筋混凝土造,,97.25,2,1,1,有,無,6430000,66850,升降機械,13.78,850000,,RPSOOLKKMHOFFAH48CB
桃園區,房地(土地+建物)+車位,桃園市桃園區永興里4鄰新生路109號15樓,10.78,商,,,1070403,土地6建物1車位1,十五層,15,住宅大樓(11層含以上有電梯),住家用,鋼筋混凝土造,,97.35,2,1,1,有,無,6430000,66619,升降機械,13.59,850000,,RPTOOLKKMHOFFAH58CB
桃園區,房地(土地+建物)+車位,桃園市桃園區永興里4鄰永安路80號9樓,11.03,商,,,1061212,土地6建物1車位1,九層,15,住宅大樓(11層含以上有電梯),住家用,鋼筋混凝土造,,99.17,2,1,1,有,無,6750000,67031,坡道平面,22.34,1600000,,RPUOOLKKMHOFFAH68CB
桃園區,房地(土地+建物),桃園市桃園區永興里4鄰新生路119號11樓,10.16,商,,,1070506,土地6建物1車位0,十一層,15,住宅大樓(11層含以上有電梯),住家用,鋼筋混凝土造,,94.01,2,1,1,有,無,5300000,56377,,0.0,0,,RPVOOLKKMHOFFAH78CB
桃園區,房地(土地+建物)+車位,桃園市桃園區永興里4鄰新生路113號13樓,13.19,商,,,1070123,土地6建物1車位1,十三層,15,住宅大樓(11層含以上有電梯),住家用,鋼筋混凝土造,,119.79,3,2,2,有,無,8350000,67214,坡道平面,22.34,1800000,,RPWOOLKKMHOFFAH88CB
桃園區,房地(土地+建物)+車位,桃園市桃園區永興里4鄰新生路111號10樓,14.28,商,,,1070123,土地6建物1車位1,十層,15,住宅大樓(11層含以上有電梯),住家用,鋼筋混凝土造,,129.16,3,2,2,有,無,8850000,66935,坡道平面,22.34,1700000,,RPXOOLKKMHOFFAH98CB
桃園區,房地(土地+建物),桃園市桃園區永興里4鄰新生路117號9樓,10.71,商,,,1070515,土地6建物1車位0,九層,15,住宅大樓(11層含以上有電梯),住家用,鋼筋混凝土造,,98.91,2,1,1,有,無,6100000,61672,,0.0,0,,RPOPOLKKMHOFFAH18CB
桃園區,房地(土地+建物),桃園市桃園區永興里4鄰永安路82-1號,13.08,商,,,1080128,土地6建物1車位0,一層,15,店面(店鋪),商業用,鋼筋混凝土造,,118.45,0,0,0,無,無,13100000,110595,坡道平面,22.34,1700000,,RPPPOLKKMHOFFAH28CB
桃園區,房地(土地+建物)+車位,桃園市桃園區永興里4鄰新生路113號2樓,13.19,商,,,1070110,土地6建物1車位1,二層,15,住宅大樓(11層含以上有電梯),住家用,鋼筋混凝土造,,119.79,3,2,2,有,無,7900000,62596,坡道平面,22.34,1800000,,RPQPOLKKMHOFFAH38CB
桃園區,房地(土地+建物)+車位,桃園市桃園區永興里4鄰新生路117號14樓,10.94,商,,,1070425,土地6建物1車位1,十四層,15,住宅大樓(11層含以上有電梯),住家用,鋼筋混凝土造,,98.91,2,1,1,有,無,7200000,70524,坡道平面,22.34,1800000,,RPRPOLKKMHOFFAH48CB
桃園區,房地(土地+建物),桃園市桃園區永興里4鄰新生路109號2樓,10.55,商,,,1070530,土地6建物1車位0,二層,15,住宅大樓(11層含以上有電梯),住家用,鋼筋混凝土造,,97.35,2,1,1,有,無,5800000,59579,,0.0,0,,RPTPOLKKMHOFFAH68CB
桃園區,房地(土地+建物),桃園市桃園區永興里4鄰永安路72號2樓,10.51,商,,,1070330,土地6建物1車位0,二層,15,住宅大樓(11層含以上有電梯),住家用,鋼筋混凝土造,,96.95,2,1,1,有,無,5650000,58277,,0.0,0,,RPUPOLKKMHOFFAH78CB
桃園區,房地(土地+建物)+車位,桃園市桃園區永興里4鄰新生路113號9樓,13.19,商,,,1061212,土地6建物1車位1,九層,15,住宅大樓(11層含以上有電梯),住家用,鋼筋混凝土造,,119.79,3,2,2,有,無,8050000,65162,坡道平面,22.34,1700000,,RPVPOLKKMHOFFAH88CB
桃園區,房地(土地+建物)+車位,桃園市桃園區永興里4鄰永安路78號2樓,10.6,商,,,1061219,土地6建物1車位1,二層,15,住宅大樓(11層含以上有電梯),住家用,鋼筋混凝土造,,95.37,2,1,1,有,無,6290000,63259,坡道平面,21.23,1600000,,RPWPOLKKMHOFFAH98CB
桃園區,房地(土地+建物),桃園市桃園區永興里4鄰新生路117號5樓,10.71,商,,,1070515,土地6建物1車位0,五層,15,住宅大樓(11層含以上有電梯),住家用,鋼筋混凝土造,,98.91,2,1,1,有,無,5980000,60459,,0.0,0,,RPXPOLKKMHOFFAH09CB
桃園區,房地(土地+建物),桃園市桃園區永興里4鄰新生路105號2樓,10.23,商,,,1070522,土地6建物1車位0,二層,15,住宅大樓(11層含以上有電梯),住家用,鋼筋混凝土造,,94.4,2,1,1,有,無,5600000,59322,,0.0,0,,RPOQOLKKMHOFFAH28CB
桃園區,房地(土地+建物)+車位,桃園市桃園區力行路385巷33號五樓,22.4,住,,,1060720,土地4建物1車位1,五層,15,住宅大樓(11層含以上有電梯),住家用,鋼筋混凝土造,,156.28,3,2,2,有,無,12790000,82722,坡道平面,24.03,1850000,,RPPNMLQKMHOFFAH68EB
蘆竹區,房地(土地+建物)+車位,桃園市蘆竹區福祿一街67號左邊 A1-08F,29.41,住,,,1050517,土地1建物1車位1,八層,15,住宅大樓(11層含以上有電梯),住家用,鋼筋混凝土造,,171.68,3,2,2,有,無,11700000,78232,坡道平面,40.02,1400000,,RPXOMLQJNHOFFEH17CB
蘆竹區,房地(土地+建物)+車位,桃園市蘆竹區福祿一街67號左邊 B1-02F,22.44,住,,,1050202,土地1建物1車位1,二層,15,住宅大樓(11層含以上有電梯),住家用,鋼筋混凝土造,,140.72,2,2,1,有,無,9950000,84906,坡道平面,40.02,1400000,,RPOPMLQJNHOFFEH98CB
蘆竹區,房地(土地+建物)+車位,桃園市蘆竹區福祿一街67號左邊 B1-04F,22.44,住,,,1050412,土地1建物1車位1,四層,15,住宅大樓(11層含以上有電梯),住家用,鋼筋混凝土造,,140.72,2,2,1,有,無,8900000,74479,坡道平面,40.02,1400000,,RPPPMLQJNHOFFEH09CB
蘆竹區,房地(土地+建物)+車位,桃園市蘆竹區福祿一街67號左邊 B1-06F,22.44,住,,,1040505,土地1建物1車位1,六層,15,住宅大樓(11層含以上有電梯),住家用,鋼筋混凝土造,,138.57,2,2,1,有,無,9000000,75968,坡道平面,37.87,1350000,,RPQPMLQJNHOFFEH56CB
蘆竹區,房地(土地+建物)+車位,桃園市蘆竹區福祿一街67號左邊 B1-07F,22.44,住,,,1041222,土地1建物1車位1,七層,15,住宅大樓(11層含以上有電梯),住家用,鋼筋混凝土造,,140.72,2,2,1,有,無,9080000,76266,坡道平面,40.02,1400000,,RPRPMLQJNHOFFEH66CB
蘆竹區,房地(土地+建物),桃園市蘆竹區福祿一街67號左邊 B1-08F,22.06,住,,,1040630,土地1建物1車位0,八層,15,住宅大樓(11層含以上有電梯),住家用,鋼筋混凝土造,,100.7,2,2,1,有,無,8080000,80238,,0.0,0,,RPSPMLQJNHOFFEH76CB
蘆竹區,房地(土地+建物)+車位,桃園市蘆竹區福祿一街67號左邊 B2-05F,22.44,住,,,1050701,土地1建物1車位1,五層,15,住宅大樓(11層含以上有電梯),住家用,鋼筋混凝土造,,138.47,2,2,1,有,無,9670000,82704,坡道平面,37.87,1350000,,RPUPMLQJNHOFFEH96CB
蘆竹區,房地(土地+建物)+車位,桃園市蘆竹區福祿一街67號左邊 B2-06F,22.44,住,,,1050523,土地1建物1車位1,六層,15,住宅大樓(11層含以上有電梯),住家用,鋼筋混凝土造,,140.62,2,2,1,有,無,9060000,75149,坡道平面,40.02,1500000,,RPWPMLQJNHOFFEH17CB
蘆竹區,房地(土地+建物)+車位,桃園市蘆竹區福祿一街67號左邊 B2-09F,22.44,住,,,1030917,土地1建物1車位1,九層,15,住宅大樓(11層含以上有電梯),住家用,鋼筋混凝土造,,140.62,2,2,1,有,無,9660000,81113,坡道平面,40.02,1500000,,RPXPMLQJNHOFFEH27CB
蘆竹區,房地(土地+建物)+車位,桃園市蘆竹區福祿一街67號左邊 B2-10F,22.44,住,,,1041124,土地1建物1車位1,十層,15,住宅大樓(11層含以上有電梯),住家用,鋼筋混凝土造,,140.62,2,2,1,有,無,9080000,76342,坡道平面,40.02,1400000,,RPOQMLQJNHOFFEH09CB
蘆竹區,房地(土地+建物)+車位,桃園市蘆竹區福祿一街67號左邊 C1-03F,30.96,住,,,1040623,土地1建物1車位1,三層,15,住宅大樓(11層含以上有電梯),住家用,鋼筋混凝土造,,176.44,3,2,2,有,無,12800000,82832,坡道平面,40.02,1500000,,RPPQMLQJNHOFFEH56CB
蘆竹區,房地(土地+建物)+車位,桃園市蘆竹區福祿一街67號左邊 C1-05F,30.96,住,,,1030905,土地1建物1車位1,五層,15,住宅大樓(11層含以上有電梯),住家用,鋼筋混凝土造,,176.44,3,2,2,有,無,13050000,84665,坡道平面,40.02,1500000,,RPQQMLQJNHOFFEH66CB
蘆竹區,房地(土地+建物)+車位,桃園市蘆竹區福祿一街67號左邊 C1-06F,30.96,住,,,1031104,土地1建物1車位1,六層,15,住宅大樓(11層含以上有電梯),住家用,鋼筋混凝土造,,176.44,3,2,2,有,無,12710000,82906,坡道平面,40.02,1400000,,RPRQMLQJNHOFFEH76CB
蘆竹區,房地(土地+建物)+車位,桃園市蘆竹區福祿一街67號左邊 C1-07F,30.96,住,,,1040804,土地1建物1車位1,七層,15,住宅大樓(11層含以上有電梯),住家用,鋼筋混凝土造,,176.44,3,2,2,有,無,12000000,76968,坡道平面,40.02,1500000,,RPSQMLQJNHOFFEH86CB
蘆竹區,房地(土地+建物)+車位,桃園市蘆竹區福祿一街67號左邊 C1-09F,30.96,住,,,1040526,土地1建物1車位1,九層,15,住宅大樓(11層含以上有電梯),住家用,鋼筋混凝土造,,176.44,3,2,2,有,無,12600000,81366,坡道平面,40.02,1500000,,RPTQMLQJNHOFFEH96CB
蘆竹區,房地(土地+建物)+車位,桃園市蘆竹區福祿一街67號左邊 C1-10F,30.96,住,,,1041110,土地1建物1車位1,十層,15,住宅大樓(11層含以上有電梯),住家用,鋼筋混凝土造,,176.44,3,2,2,有,無,12380000,79754,坡道平面,40.02,1500000,,RPUQMLQJNHOFFEH07CB
蘆竹區,房地(土地+建物)+車位,桃園市蘆竹區福祿一街67號左邊 C1-12F,30.96,住,,,1050617,土地1建物1車位1,十二層,15,住宅大樓(11層含以上有電梯),住家用,鋼筋混凝土造,,176.44,3,2,2,有,無,12500000,79900,坡道平面,40.02,1600000,,RPVQMLQJNHOFFEH17CB
蘆竹區,房地(土地+建物)+車位,桃園市蘆竹區福祿一街67號左邊 C2-04F,30.57,住,,,1050412,土地1建物1車位1,四層,15,住宅大樓(11層含以上有電梯),住家用,鋼筋混凝土造,,175.75,3,2,2,有,無,11850000,76991,坡道平面,40.02,1400000,,RPWQMLQJNHOFFEH27CB
蘆竹區,房地(土地+建物)+車位,桃園市蘆竹區福祿一街67號左邊 C2-05F,30.57,住,,,1030905,土地1建物1車位1,五層,15,住宅大樓(11層含以上有電梯),住家用,鋼筋混凝土造,,175.75,3,2,2,有,無,13050000,85095,坡道平面,40.02,1500000,,RPXQMLQJNHOFFEH37CB
蘆竹區,房地(土地+建物)+車位,桃園市蘆竹區福祿一街67號左邊 C2-06F,30.57,住,,,1030917,土地1建物1車位1,六層,15,住宅大樓(11層含以上有電梯),住家用,鋼筋混凝土造,,175.75,3,2,2,有,無,12550000,81412,坡道平面,40.02,1500000,,RPORMLQJNHOFFEH56CB
蘆竹區,房地(土地+建物)+車位,桃園市蘆竹區福祿一街67號左邊 C2-07F,30.57,住,,,1040414,土地1建物1車位1,七層,15,住宅大樓(11層含以上有電梯),住家用,鋼筋混凝土造,,175.75,3,2,2,有,無,12400000,80306,坡道平面,40.02,1500000,,RPPRMLQJNHOFFEH66CB
蘆竹區,房地(土地+建物)+車位,桃園市蘆竹區福祿一街67號左邊 C2-08F,30.57,住,,,1041208,土地1建物1車位1,八層,15,住宅大樓(11層含以上有電梯),住家用,鋼筋混凝土造,,175.75,3,2,2,有,無,12000000,77359,坡道平面,40.02,1500000,,RPRRMLQJNHOFFEH86CB
蘆竹區,房地(土地+建物)+車位,桃園市蘆竹區福祿一街67號左邊 C2-09F,30.96,住,,,1040511,土地1建物1車位2,九層,15,住宅大樓(11層含以上有電梯),住家用,鋼筋混凝土造,,215.77,3,2,2,有,無,13700000,80306,坡道平面,80.04,2800000,,RPSRMLQJNHOFFEH96CB
蘆竹區,房地(土地+建物)+車位,桃園市蘆竹區福祿一街67號左邊 C2-11F,30.57,住,,,1030917,土地1建物1車位1,十一層,15,住宅大樓(11層含以上有電梯),住家用,鋼筋混凝土造,,173.6,3,2,2,有,無,13370000,87821,坡道平面,37.87,1450000,,RPTRMLQJNHOFFEH07CB
蘆竹區,房地(土地+建物)+車位,桃園市蘆竹區福祿一街67號左邊 D1-03F,22.44,住,,,1040616,土地1建物1車位1,三層,15,住宅大樓(11層含以上有電梯),住家用,鋼筋混凝土造,,140.62,2,2,1,有,無,9450000,80020,坡道平面,40.02,1400000,,RPURMLQJNHOFFEH17CB
蘆竹區,房地(土地+建物)+車位,桃園市蘆竹區福祿一街67號左邊 D1-05F,22.44,住,,,1040114,土地1建物1車位1,五層,15,住宅大樓(11層含以上有電梯),住家用,鋼筋混凝土造,,140.62,2,2,1,有,無,9650000,81014,坡道平面,40.02,1500000,,RPVRMLQJNHOFFEH27CB
蘆竹區,房地(土地+建物)+車位,桃園市蘆竹區福祿一街67號左邊 D1-06F,22.44,住,,,1030930,土地1建物1車位1,六層,15,住宅大樓(11層含以上有電梯),住家用,鋼筋混凝土造,,140.62,2,2,1,有,無,9500000,80517,坡道平面,40.02,1400000,,RPWRMLQJNHOFFEH37CB
蘆竹區,房地(土地+建物)+車位,桃園市蘆竹區福祿一街67號左邊 D1-08F,22.44,住,,,1030909,土地1建物1車位1,八層,15,住宅大樓(11層含以上有電梯),住家用,鋼筋混凝土造,,140.62,2,2,1,有,無,10140000,85885,坡道平面,40.02,1500000,,RPXRMLQJNHOFFEH47CB
蘆竹區,房地(土地+建物),桃園市蘆竹區福祿一街67號左邊 D1-10F,22.06,住,,,1040519,土地1建物1車位0,十層,15,住宅大樓(11層含以上有電梯),住家用,鋼筋混凝土造,,100.6,2,2,1,有,無,7920000,78728,,0.0,0,,RPOSMLQJNHOFFEH66CB
蘆竹區,房地(土地+建物)+車位,桃園市蘆竹區福祿一街67號左邊 D1-11F,22.44,住,,,1050525,土地1建物1車位1,十一層,15,住宅大樓(11層含以上有電梯),住家用,鋼筋混凝土造,,138.47,2,2,1,有,無,9280000,76839,坡道平面,37.87,1550000,,RPPSMLQJNHOFFEH76CB
蘆竹區,房地(土地+建物)+車位,桃園市蘆竹區福祿一街67號左邊 D1-12F,22.44,住,,,1040724,土地1建物1車位1,十二層,15,住宅大樓(11層含以上有電梯),住家用,鋼筋混凝土造,,140.62,2,2,1,有,無,9300000,76541,坡道平面,40.02,1600000,,RPQSMLQJNHOFFEH86CB
蘆竹區,房地(土地+建物)+車位,桃園市蘆竹區福祿一街67號左邊 D2-05F,22.44,住,,,1040203,土地1建物1車位1,五層,15,住宅大樓(11層含以上有電梯),住家用,鋼筋混凝土造,,140.72,2,2,1,有,無,9160000,77061,坡道平面,40.02,1400000,,RPRSMLQJNHOFFEH96CB
蘆竹區,房地(土地+建物)+車位,桃園市蘆竹區福祿一街67號左邊 D2-06F,22.44,住,,,1050504,土地1建物1車位1,六層,15,住宅大樓(11層含以上有電梯),住家用,鋼筋混凝土造,,138.57,2,2,1,有,無,8750000,73486,坡道平面,37.87,1350000,,RPSSMLQJNHOFFEH07CB
蘆竹區,房地(土地+建物)+車位,桃園市蘆竹區福祿一街67號左邊 D2-10F,22.44,住,,,1040519,土地1建物1車位1,十層,15,住宅大樓(11層含以上有電梯),住家用,鋼筋混凝土造,,140.72,2,2,1,有,無,9420000,78649,坡道平面,40.02,1500000,,RPTSMLQJNHOFFEH17CB
蘆竹區,房地(土地+建物)+車位,桃園市蘆竹區福祿一街67號左邊 E1-01F,29.02,住,,,1030909,土地1建物1車位1,一層,15,住宅大樓(11層含以上有電梯),住家用,鋼筋混凝土造,,170.47,3,2,2,有,無,15290000,104944,坡道平面,40.02,1600000,,RPUSMLQJNHOFFEH27CB
蘆竹區,房地(土地+建物)+車位,桃園市蘆竹區福祿一街67號左邊 E1-06F,29.02,住,,,1040603,土地1建物1車位1,六層,15,住宅大樓(11層含以上有電梯),住家用,鋼筋混凝土造,,170.59,3,2,2,有,無,11500000,76587,坡道平面,40.02,1500000,,RPVSMLQJNHOFFEH37CB
蘆竹區,房地(土地+建物)+車位,桃園市蘆竹區福祿一街67號左邊 E1-08F,29.02,住,,,1040914,土地1建物1車位1,八層,15,住宅大樓(11層含以上有電梯),住家用,鋼筋混凝土造,,170.59,3,2,2,有,無,11580000,77200,坡道平面,40.02,1500000,,RPWSMLQJNHOFFEH47CB
蘆竹區,房地(土地+建物)+車位,桃園市蘆竹區福祿一街67號左邊 E2-03F,29.41,住,,,1050419,土地1建物1車位1,三層,15,住宅大樓(11層含以上有電梯),住家用,鋼筋混凝土造,,171.68,3,2,2,有,無,12540000,83852,坡道平面,40.02,1500000,,RPXSMLQJNHOFFEH57CB
蘆竹區,房地(土地+建物)+車位,桃園市蘆竹區福祿一街67號左邊 E2-04F,29.41,住,,,1040811,土地1建物1車位1,四層,15,住宅大樓(11層含以上有電梯),住家用,鋼筋混凝土造,,171.68,3,2,2,有,無,11380000,75042,坡道平面,40.02,1500000,,RPOTMLQJNHOFFEH76CB
蘆竹區,房地(土地+建物)+車位,桃園市蘆竹區福祿一街67號左邊 E2-05F,29.41,住,,,1050512,土地1建物1車位1,五層,15,住宅大樓(11層含以上有電梯),住家用,鋼筋混凝土造,,171.68,3,2,2,有,無,11950000,78612,坡道平面,40.02,1600000,,RPPTMLQJNHOFFEH86CB
蘆竹區,房地(土地+建物)+車位,桃園市蘆竹區福祿一街67號左邊 E2-06F,29.41,住,,,1030917,土地1建物1車位1,六層,15,住宅大樓(11層含以上有電梯),住家用,鋼筋混凝土造,,171.68,3,2,2,有,無,12200000,81270,坡道平面,40.02,1500000,,RPRTMLQJNHOFFEH07CB
蘆竹區,房地(土地+建物)+車位,桃園市蘆竹區福祿一街67號左邊 E2-07F,29.41,住,,,1040428,土地1建物1車位1,七層,15,住宅大樓(11層含以上有電梯),住家用,鋼筋混凝土造,,171.68,3,2,2,有,無,11400000,75953,坡道平面,40.02,1400000,,RPSTMLQJNHOFFEH17CB
蘆竹區,房地(土地+建物)+車位,桃園市蘆竹區福祿一街67號左邊 E2-08F,29.41,住,,,1040630,土地1建物1車位1,八層,15,住宅大樓(11層含以上有電梯),住家用,鋼筋混凝土造,,171.68,3,2,2,有,無,11500000,75953,坡道平面,40.02,1500000,,RPTTMLQJNHOFFEH27CB
蘆竹區,房地(土地+建物)+車位,桃園市蘆竹區福祿一街67號左邊 E2-09F,29.41,住,,,1041013,土地1建物1車位1,九層,15,住宅大樓(11層含以上有電梯),住家用,鋼筋混凝土造,,171.68,3,2,2,有,無,11720000,78384,坡道平面,40.02,1400000,,RPUTMLQJNHOFFEH37CB
