﻿編號,屋齡,建物移轉面積平方公尺,主要用途,主要建材,建築完成日期,總層數,建物分層
The serial number,room age,building shifting area square meter,the main use,main building materials,construction completes the date,total layer,building lamination
RPPNMLPKKHOFFBQ09CA,15,182.33,集合住宅、停車空間、日常商品服務業,鋼筋混凝土造,93年3月26日,四層,一層 二層 三層 四層 陽台
RPPNMLPKKHOFFBQ09CA,15,5.48,社區遊憩設施,鋼筋混凝土造,93年3月26日,三層,
RPTNMLSKKHOFFCQ27CA,24,89.03,集合住宅,鋼筋混凝土造,83年8月10日,七層,四層 陽台
RPTNMLSKKHOFFCQ27CA,24,9.87,共有部分,鋼筋混凝土造,83年8月10日,七層,
RPTNMLSKKHOFFCQ27CA,24,9.89,共有部分,鋼筋混凝土造,83年8月10日,七層,
RPQNMLQKKHOFFDQ86CA,4,268.56,住宅、停車空間、樓梯間,鋼筋混凝土造,103年9月29日,四層,一層 二層 三層 四層 陽台 見其他登記事項
RPPNMLQKKHOFFBQ56CA,35,113.52,住家用,鋼筋混凝土加強磚造,72年12月27日,二層,一層 二層 騎樓
RPTNMLSKKHOFFBQ27DA,64,9.00,住商用,磚石造、雜木造,44年7月15日,二層,一層 二層
RPRNMLQKKHOFFCQ86CA,37,115.13,住家用,鋼筋混凝土加強磚造,70年12月14日,二層,一層 二層 電梯樓梯間
RPPNMLOLKHOFFCQ56CA,26,155.81,停車空間兼臥室住宅,鋼筋混凝土造,81年12月23日,三層,一層 二層 三層 陽台 電梯樓梯間
RPSNMLPLKHOFFEQ37EA,26,37.23,住家用,鋼筋混凝土造,82年4月1日,十八層,十三層 陽台
RPRNMLLLKHOFFCQ66EA,58,59.40,騎樓、住宅,木石磚造（雜木）,49年8月15日,二層,一層 二層 騎樓
RPQNMLPKKHOFFBQ56CA,12,225.90,住家用,鋼筋混凝土造,96年3月26日,四層,一層 二層 三層 四層 陽台 雨遮
RPSNMLKLKHOFFBQ98CA,37,115.88,住商用,鋼筋混凝土加強磚造,70年12月28日,二層,一層 二層 電梯樓梯間
RPOOMLKLKHOFFBQ68CA,9,269.24,住商用,鋼筋混凝土造,98年11月11日,四層,一層 二層 三層 四層 見其他登記事項
SPOOMLKLKHOFFBQ78CA,9,1.06,管理員室,鋼筋混凝土造,98年11月11日,二層,
RPTNMLTJLHOFFBQ27CA,9,241.20,集合住宅,鋼筋混凝土造,98年9月15日,四層,一層 二層 三層 四層 見其他登記事項
RPVNMLOKKHOFFDQ17CA,14,19.73,見其他登記事項,鋼筋混凝土造,94年2月4日,五層,二層
RPVNMLOKKHOFFDQ17CA,14,7.22,見其他登記事項,鋼筋混凝土造,94年2月4日,五層,
RPRNMLTJLHOFFBQ07CA,13,178.77,店舖、住宅、梯間,鋼筋混凝土造,94年7月7日,三層,一層 二層 三層 陽台 見其他登記事項
SPVNMLOKKHOFFDQ27CA,14,19.73,見其他登記事項,鋼筋混凝土造,94年2月4日,五層,二層
SPVNMLOKKHOFFDQ27CA,14,7.22,見其他登記事項,鋼筋混凝土造,94年2月4日,五層,
RPWNMLMKLHOFFDQ17CA,23,148.84,住家用,鋼筋混凝土加強磚造,84年9月12日,三層,一層 二層 三層 陽台 平台 電梯樓梯間
RPSOMLOJLHOFFDQ96CA,,184.58,店鋪、住宅,鋼筋混凝土造,107年8月14日,三層,一層 二層 三層 陽台 見其他登記事項
RPPNMLKLKHOFFCQ98EA,27,177.09,住家用,鋼筋混凝土加強磚造,80年9月2日,三層,一層 二層 三層 電梯樓梯間
RPPNMLTJLHOFFDQ07CA,20,124.21,住家用,鋼筋混凝土造,87年11月24日,三層,一層 二層 三層 陽台 平台
RPQNMLOLKHOFFBQ56CA,22,89.51,住家用,鋼筋混凝土造,85年11月23日,七層,七層 陽台
RPQNMLOLKHOFFBQ56CA,22,23.44,防空避難室、停車場,鋼筋混凝土造,85年11月23日,七層,
RPQNMLOLKHOFFBQ56CA,22,12.15,樓梯間、電梯間,鋼筋混凝土造,85年11月23日,七層,
RPPOMLSJLHOFFDQ07CA,39,93.88,住商用,鋼筋混凝土加強磚造,68年9月29日,二層,一層 二層 電梯樓梯間
RPSNMLTKKHOFFDQ37CA,25,168.36,住家用,鋼筋混凝土造,83年6月20日,四層,一層 二層 三層 四層 地下層 見其他登記事項
RPSNMLTKKHOFFDQ37CA,25,23.07,共有部分,鋼筋混凝土造,83年6月20日,,
RPPNMLOLKHOFFBQ09CA,12,17.36,住家用,鋼筋混凝土造,95年8月28日,八層,六層 陽台
RPPNMLOLKHOFFBQ09CA,12,6.82,共有部分,鋼筋混凝土造,95年8月28日,,
RPPNMLOLKHOFFBQ09CA,12,4.12,共有部分,鋼筋混凝土造,95年8月28日,,
RPSNMLQLKHOFFDQ17CA,35,117.02,住家用,鋼筋混凝土加強磚造,73年1月6日,二層,一層 二層 騎樓 電梯樓梯間
RPQNMLPLKHOFFDQ86CA,3,165.34,住家用,鋼筋混凝土,104年9月24日,三層,一層 二層 三層 陽台 見其他登記事項
RPPNMLQLKHOFFCQ76CA,37,144.85,住家用,鋼筋混凝土加強磚造,70年12月3日,三層,一層 二層 三層 電梯樓梯間
RPPNMLLLKHOFFEQ66EA,38,44.53,住商用,鋼筋混凝土加強磚造,70年6月27日,二層,一層 二層 騎樓 電梯樓梯間
RPVNMLMLKHOFFCQ96CA,24,86.12,集合住宅,鋼筋混凝土造,83年8月10日,七層,七層 陽台
RPVNMLMLKHOFFCQ96CA,24,29.61,共有部分,鋼筋混凝土造,83年8月10日,七層,
RPVNMLMLKHOFFCQ96CA,24,11.75,共有部分,鋼筋混凝土造,83年8月10日,七層,
RPRNMLPLKHOFFBQ76CA,9,210.15,住商用,鋼筋混凝土造,98年11月11日,四層,一層 二層 三層 四層 見其他登記事項
RPRNMLPLKHOFFBQ76CA,9,.84,管理員室,鋼筋混凝土造,98年11月11日,二層,一層 二層 見其他登記事項
RPUNMLQLKHOFFBQ17CA,26,203.67,住商用,鋼筋混凝土造,82年4月22日,四層,一層 二層 三層 四層 騎樓
RPRNMLSJLHOFFBQ96CA,41,120.20,住家用,鋼筋混凝土加強磚造,66年8月26日,二層,一層 二層 騎樓 見其他登記事項
RPRNMLPJLHOFFBQ66CA,4,1.00,社區管理室,鋼筋混凝土造,104年1月6日,一層,一層
RPRNMLPJLHOFFBQ66CA,3,294.25,集合住宅,鋼筋混凝土造,104年7月20日,三層,一層 二層 三層 陽台
RPQNMLKLKHOFFDQ09DA,39,153.96,住家用,鋼筋混凝土加強磚造,69年3月1日,三層,一層 二層 三層 騎樓
RPXNMLKLKHOFFBQ96DA,12,19.19,住家用,鋼筋混凝土造,95年8月28日,八層,三層 陽台
RPXNMLKLKHOFFBQ96DA,12,19.19,住家用,鋼筋混凝土造,95年8月28日,八層,三層 陽台
RPPNMLOLKHOFFDQ66CA,3,233.49,住宅、樓梯間,鋼筋混凝土造,104年11月30日,三層,一層 二層 三層 陽台 見其他登記事項
RPSNMLLLKHOFFDQ66CA,1,205.37,住家用,鋼筋混凝土造,107年5月17日,三層,一層 二層 三層 陽台 見其他登記事項
RPQNMLPJLHOFFDQ76CA,26,278.88,廠房、車庫、員工宿舍、辦公室,鋼筋混凝土造,82年3月17日,三層,一層 二層 三層 見其他登記事項
RPPOMLQLKHOFFDQ96CA,44,232.19,住家用,加強磚造、鋼鐵造,64年6月15日,三層,一層 二層 三層
RPPNMLQKLHOFFCQ76CA,50,98.34,住家用,一層加強磚造、二層磚石造,58年1月1日,二層,一層 二層
RPQNMLNLKHOFFCQ56CA,37,101.92,住家用,鋼筋混凝土加強磚造,71年5月4日,二層,一層 二層 騎樓
RPUNMLLLKHOFFCQ76CA,4,252.10,住家用,鋼筋混凝土造,103年8月13日,四層,一層 二層 三層 四層 見其他登記事項
RPSNMLSJLHOFFBQ07CA,88,41.82,住家用,木造,20年1月1日,一層,一層
RPQNMLQLKHOFFCQ86CA,,162.44,住宅、樓梯間,鋼筋混凝土造,107年12月14日,三層,一層 二層 三層 見其他登記事項 見其他登記事項
RPRNMLQLKHOFFCQ96CA,,162.44,住宅、樓梯間,鋼筋混凝土造,107年12月14日,三層,一層 二層 三層 見其他登記事項 見其他登記事項
RPPNMLMJLHOFFCQ88CA,,196.72,住宅、樓梯間,鋼筋混凝土造,107年10月11日,三層,一層 二層 三層 見其他登記事項 見其他登記事項
RPUNMLSJLHOFFCQ37CA,25,164.12,住家用,鋼筋混凝土造,82年8月16日,三層,一層 二層 三層 陽台 電梯樓梯間
RPOPMLQJLHOFFCQ76CA,36,113.35,住家用,鋼筋混凝土加強磚造,72年5月3日,二層,一層 二層 陽台
RPQOMLQJLHOFFCQ86CA,1,2540.16,廠房,鋼骨構造,106年9月7日,一層,一層
RPUNMLPJLHOFFDQ17CA,41,99.20,住商用,鋼筋混凝土加強磚造,67年3月10日,二層,一層 二層 騎樓
RPQNMLOKLHOFFDQ76CA,13,148.32,住家用,鋼筋混凝土造,95年5月12日,三層,一層 二層 三層 見其他登記事項
RPTNMLRLKHOFFDQ37CA,38,148.36,住家用,鋼筋混凝土加強磚造,69年9月30日,二層,一層 二層 電梯樓梯間
RPROMLOJLHOFFDQ96DA,41,92.13,住家用,鋼筋混凝土加強磚造,67年4月2日,二層,一層 二層
RPSNMLOKLHOFFCQ86CA,5,56.75,住宅、樓梯間,鋼筋混凝土造,103年4月10日,三層,一層 二層 三層 見其他登記事項 見其他登記事項
RPPNMLSJLHOFFCQ86CA,25,105.37,住家用,鋼筋混凝土造,82年12月14日,七層,六層 陽台 花台 雨遮
RPPNMLSJLHOFFCQ86CA,25,9.47,共有部分,鋼筋混凝土造,82年12月14日,七層,
RPRNMLMKLHOFFCQ56CA,,664.37,店舖、梯廳、騎樓、停車空間、住宅、樓梯間,鋼筋混凝土造,107年10月2日,五層,一層 二層 三層 四層 五層 騎樓 見其他登記事項 見其他登記事項
RPPNMLSJLHOFFCQ86CA,25,10.22,共有部分,鋼筋混凝土造,82年12月14日,七層,
RPQNMLQLKHOFFBQ76CA,1,187.04,住宅、梯間,鋼筋混凝土造,107年6月11日,三層,一層 二層 三層 陽台 屋頂突出物
RPWNMLLKLHOFFDQ07CA,14,16.80,住家用,鋼筋混凝土造,93年8月3日,5,一層 陽台
RPWNMLLKLHOFFDQ07CA,14,.17,停車空間,鋼筋混凝土造,93年8月3日,五層,
RPWNMLLKLHOFFDQ07CA,14,.57,樓梯間,鋼筋混凝土造,93年8月3日,五層,
RPWNMLLKLHOFFDQ07CA,14,4.61,走廊,鋼筋混凝土造,93年8月3日,五層,
RPWNMLLKLHOFFDQ07CA,14,.70,車道、停車空間,鋼筋混凝土造,93年8月3日,五層,
RPWNMLLKLHOFFDQ07CA,14,1.27,樓梯間、機房,鋼筋混凝土造,93年8月3日,五層,
RPRNMLQLKHOFFBQ86CA,1,214.74,住宅、梯間,鋼筋混凝土造,107年6月11日,三層,一層 二層 三層 陽台 屋頂突出物
RPUNMLQLKHOFFDQ37CA,39,90.62,住家用,鋼筋混凝土加強磚造,68年11月25日,二層,一層 二層 騎樓
RPQOMLQLKHOFFDQ07CA,12,198.35,集合住宅,鋼筋混凝土造,96年7月17日,四層,一層 二層 三層 四層 陽台
RPSNMLQJLHOFFDQ07CA,32,119.54,住家用,鋼筋混凝土加強磚造,75年12月29日,三層,一層 二層 三層
UPQOMLQLKHOFFDQ37CA,13,1.25,機械室、樓梯間、垃圾處理場、管理中心,鋼筋混凝土造,95年7月18日,三層,
TPQOMLQLKHOFFDQ27CA,13,.92,機械室、樓梯間、開放空間、交誼室,鋼筋混凝土造,95年7月18日,四層,
SPQOMLQLKHOFFDQ17CA,13,.53,機械室、樓梯間,鋼筋混凝土造,95年7月18日,一層,
RPPNMLTJLHOFFEQ17CA,58,24.79,住商用,木竹造,50年2月15日,一層,一層 騎樓
RPQNMLQJLHOFFBQ66CA,23,188.15,住家用,鋼筋混凝土加強磚造,85年1月17日,三層,一層 二層 三層 陽台 電梯樓梯間 地下層
RPQNMLQJLHOFFBQ66CA,23,15.94,儲藏室,鋼筋混凝土加強磚造,85年1月17日,,
RPVNMLLKLHOFFCQ86CA,37,111.71,住家用,鋼筋混凝土加強磚造,70年12月29日,二層,一層 二層 陽台
RPUNMLLKLHOFFCQ76CA,11,135.76,住家用,鋼筋混凝土造,97年1月15日,三層,一層 二層 三層 見其他登記事項
RPVNMLOKLHOFFBQ07CA,13,17.64,住家用,鋼筋混凝土造,94年10月3日,十層,二層 陽台
RPVNMLOKLHOFFBQ07CA,13,.11,管理委員會使用空間,鋼筋混凝土造,94年10月3日,十層,
RPVNMLOKLHOFFBQ07CA,13,9.30,機電設備空間、停車空間、樓梯間、走廊、機械室、水塔,鋼筋混凝土造,94年10月3日,十層,
RPQNMLSKLHOFFBQ96CA,37,188.10,住商用,鋼筋混凝土加強磚造,70年10月8日,四層,一層 二層 三層 四層 騎樓
RPPNMLOJLHOFFBQ98CA,27,115.46,住商用,鋼筋混凝土造,81年7月18日,三層,一層 二層 三層
RPUNMLQJLHOFFDQ27CA,15,165.92,住家用,鋼筋混凝土造,92年6月24日,三層,一層 二層 三層 陽台
RPOOMLSJLHOFFDQ96CA,13,148.32,住家用,鋼筋混凝土造,95年5月12日,三層,一層 二層 三層 見其他登記事項
RPRNMLTJLHOFFDQ27CA,40,141.09,住家用,鋼筋混凝土磚造、鋼骨造,67年10月1日,三層,一層 二層 三層 騎樓
RPQOMLOJLHOFFDQ76CA,14,15.37,見其他登記事項,鋼筋混凝土造,94年8月15日,五層,三層
RPQOMLOJLHOFFDQ76CA,14,6.84,見其他登記事項,鋼筋混凝土造,94年8月15日,五層,
RPRNMLSKLHOFFBQ07CA,37,123.93,店舖、住房,鋼筋混凝土加強磚造,71年6月24日,三層,一層 二層 三層
RPRNMLPJLHOFFCQ76CA,3,265.99,住家用,鋼筋混凝土造,105年6月28日,四層,一層 二層 三層 四層 見其他登記事項
RPQNMLPKLHOFFCQ76CA,26,164.04,住家用,鋼筋混凝土造,82年5月7日,三層,一層 二層 三層 電梯樓梯間 見其他登記事項
RPRNMLTKLHOFFCQ27CA,20,161.36,住家用,鋼筋混凝土造,88年5月26日,四層,一層 二層 三層 四層 見其他登記事項
RPRNMLTKLHOFFBQ17CA,13,17.73,住家用,鋼筋混凝土造,94年10月3日,十層,四層 陽台
RPRNMLTKLHOFFBQ17CA,13,.11,管理委員會使用空間,鋼筋混凝土造,94年10月3日,十層,
RPRNMLTKLHOFFBQ17CA,13,9.36,機電設備空間、停車空間、樓梯間、走廊、機械室、水塔,鋼筋混凝土造,94年10月3日,十層,
RPXOMLQJLHOFFCQ77EA,15,152.53,住家用,鋼筋混凝土造,93年3月26日,三層,一層 二層 三層 見其他登記事項
RPPNMLLKLHOFFCQ09EA,41,129.23,住家用,鋼筋混凝土加強磚造,66年11月25日,二層,一層 二層
RPTNMLPJLHOFFDQ07CA,39,92.68,住商用,鋼筋混凝土加強磚造,69年2月22日,二層,一層 二層 騎樓 電梯樓梯間
RPWNMLLLLHOFFCQ07CA,,183.31,住宅、樓梯間,鋼筋混凝土造,107年7月31日,三層,一層 二層 三層 見其他登記事項 見其他登記事項
RPTNMLMLLHOFFCQ86CA,3,230.30,店舖、住宅,鋼筋混凝土造,105年5月19日,四層,一層 二層 三層 四層 見其他登記事項
RPRNMLNLLHOFFCQ76CA,25,210.77,住家用,鋼筋混凝土造,82年12月15日,四層,一層 二層 三層 四層 平台 見其他登記事項
RPROMLMLLHOFFCQ76CA,38,115.36,住商用,鋼筋混凝土加強磚造,70年5月13日,三層,一層 二層 三層
RPROMLMLLHOFFCQ76CA,38,115.36,住商用,鋼筋混凝土加強磚造,70年5月13日,三層,一層 二層 三層
RPUNMLLLLHOFFCQ86CA,,147.18,住家用,鋼筋混凝土造,107年9月4日,二層,一層 二層 見其他登記事項
RPTNMLLLLHOFFCQ76CA,,146.63,住家用,鋼筋混凝土造,107年9月4日,二層,一層 二層 見其他登記事項
RPRNMLPKLHOFFDQ96CA,3,282.80,住家用,鋼筋混凝土造,105年8月2日,四層,一層 二層 三層 四層 陽台 見其他登記事項
RPUNMLSJLHOFFDQ47CA,26,168.58,住家用,鋼筋混凝土造,82年1月28日,四層,一層 二層 三層 四層
RPUOMLQJLHOFFCQ37DA,35,87.46,住家用,鋼筋混凝土加強磚造,72年8月19日,二層,一層 二層 電梯樓梯間
RPVNMLSJLHOFFCQ47CA,24,194.14,住家用,鋼筋混凝土造,83年9月5日,四層,一層 二層 三層 四層 電梯樓梯間 夾層 見其他登記事項
RPWNMLLKLHOFFCQ96CA,2,222.66,住宅、停車空間,鋼筋混凝土造,105年12月27日,四層,一層 二層 三層 四層 見其他登記事項
RPPNMLQJLHOFFBQ56CA,13,16.18,住家用,鋼筋混凝土造,94年10月3日,十層,十層 陽台
RPPNMLQJLHOFFBQ56CA,13,.10,管理委員會使用空間,鋼筋混凝土造,94年10月3日,十層,
RPPNMLQJLHOFFBQ56CA,13,8.53,機電設備空間、停車空間、樓梯間、走廊、機械室、水塔,鋼筋混凝土造,94年10月3日,十層,
RPPNMLPKLHOFFCQ66CA,3,217.55,住宅、樓梯間,鋼筋混凝土造,105年2月1日,三層,一層 二層 三層 見其他登記事項 見其他登記事項
RPWNMLSJLHOFFCQ57CA,21,172.58,住家用,鋼筋混凝土造,86年11月6日,三層,一層 二層 三層 電梯樓梯間 見其他登記事項
RPRNMLQKLHOFFCQ96CA,25,159.55,住家用,鋼筋混凝土造,83年6月29日,三層,一層 二層 三層 電梯樓梯間 見其他登記事項
RPQNMLSJLHOFFCQ96CA,39,186.29,住商用,鋼筋混凝土加強磚造,69年5月31日,三層,一層 二層 三層 騎樓
RPXNMLLLLHOFFCQ17CA,,204.83,住宅、樓梯間,鋼筋混凝土造,107年7月31日,三層,一層 二層 三層 見其他登記事項 見其他登記事項
RPPNMLRJLHOFFCQ76CA,,164.79,住宅、樓梯間,鋼筋混凝土造,107年12月14日,三層,一層 二層 三層 見其他登記事項 見其他登記事項
RPSNMLLKLHOFFDQ66CA,6,160.84,住宅、樓梯間,鋼筋混凝土造,101年11月22日,三層,一層 二層 三層 陽台 見其他登記事項
RPQOMLLKLHOFFDQ56CA,43,80.44,住家用,木造,65年7月1日,二層,一層 二層 騎樓
RPVNMLQJLHOFFDQ37CA,20,43.89,集合住宅,鋼筋混凝土造,88年5月31日,五層,二層 陽台
RPVNMLQJLHOFFDQ37CA,20,5.46,樓梯間、機械室、水箱,鋼筋混凝土造,88年5月31日,五層,
RPVNMLQJLHOFFDQ37CA,20,.40,蓄水池,鋼筋混凝土造,88年5月31日,一層,
RPVNMLQJLHOFFDQ37CA,20,43.89,集合住宅,鋼筋混凝土造,88年5月31日,五層,二層 陽台
RPVNMLQJLHOFFDQ37CA,20,5.46,樓梯間、機械室、水箱,鋼筋混凝土造,88年5月31日,五層,
RPVNMLQJLHOFFDQ37CA,20,.40,蓄水池,鋼筋混凝土造,88年5月31日,一層,
RPQOMLSJLHOFFDQ17CA,25,86.02,集合住宅,鋼筋混凝土造,82年10月6日,九層,九層 陽台 花台
RPQOMLSJLHOFFDQ17CA,25,13.34,避難室、停車場,鋼筋混凝土造,82年10月6日,9,
RPQOMLSJLHOFFDQ17CA,25,10.88,梯間,鋼筋混凝土造,82年10月6日,九層,
RPOOMLLKLHOFFDQ98CA,25,161.54,住家用,鋼筋混凝土造,82年9月7日,三層,一層 二層 三層 陽台 平台
RPPNMLQKLHOFFDQ86CA,25,33.00,集合住宅,鋼筋混凝土造,82年10月6日,九層,六層 陽台
RPPNMLQKLHOFFDQ86CA,25,5.20,避難室、停車場,鋼筋混凝土造,82年10月6日,9,
RPPNMLQKLHOFFDQ86CA,25,1.95,梯間,鋼筋混凝土造,82年10月6日,九層,
RPPNMLQKLHOFFDQ86CA,25,10.70,梯間,鋼筋混凝土造,82年10月6日,九層,
RPPOMLLKLHOFFDQ09CA,38,67.80,住家用,磚造,70年6月15日,一層,一層
RPRNMLMKLHOFFDQ66CA,14,17.13,見其他登記事項,鋼筋混凝土造,94年2月4日,五層,三層
RPRNMLMKLHOFFDQ66CA,14,5.89,見其他登記事項,鋼筋混凝土造,94年2月4日,五層,
RPSNMLMKLHOFFDQ76CA,14,17.13,見其他登記事項,鋼筋混凝土造,94年2月4日,五層,五層
RPSNMLMKLHOFFDQ76CA,14,5.89,見其他登記事項,鋼筋混凝土造,94年2月4日,五層,
SPSNMLMKLHOFFDQ86CA,14,17.13,見其他登記事項,鋼筋混凝土造,94年2月4日,五層,五層
SPSNMLMKLHOFFDQ86CA,14,5.89,見其他登記事項,鋼筋混凝土造,94年2月4日,五層,
TPSNMLMKLHOFFDQ96CA,14,17.13,見其他登記事項,鋼筋混凝土造,94年2月4日,五層,五層
TPSNMLMKLHOFFDQ96CA,14,5.89,見其他登記事項,鋼筋混凝土造,94年2月4日,五層,
UPSNMLMKLHOFFDQ07CA,14,17.13,見其他登記事項,鋼筋混凝土造,94年2月4日,五層,五層
UPSNMLMKLHOFFDQ07CA,14,5.89,見其他登記事項,鋼筋混凝土造,94年2月4日,五層,
WPSNMLMKLHOFFDQ27CA,14,17.13,見其他登記事項,鋼筋混凝土造,94年2月4日,五層,五層
WPSNMLMKLHOFFDQ27CA,14,5.89,見其他登記事項,鋼筋混凝土造,94年2月4日,五層,
XPSNMLMKLHOFFDQ37CA,14,17.13,見其他登記事項,鋼筋混凝土造,94年2月4日,五層,五層
XPSNMLMKLHOFFDQ37CA,14,5.89,見其他登記事項,鋼筋混凝土造,94年2月4日,五層,
RPUNMLMKLHOFFDQ96CA,24,223.91,住家用,鋼筋混凝土造,84年3月13日,三層,一層 二層 三層 見其他登記事項
VPSNMLMKLHOFFDQ17CA,14,17.13,見其他登記事項,鋼筋混凝土造,94年2月4日,五層,五層
VPSNMLMKLHOFFDQ17CA,14,5.89,見其他登記事項,鋼筋混凝土造,94年2月4日,五層,
RPTNMLMLLHOFFBQ76CA,38,144.93,住家用,鋼筋混凝土加強磚造,69年10月9日,二層,一層 二層 騎樓
RPPOMLLLLHOFFCQ09CA,16,102.61,集合住宅,鋼筋混凝土造,91年7月25日,五層,三層 陽台 雨遮
RPPOMLLLLHOFFCQ09CA,16,33.34,停車空間,鋼筋混凝土造,91年7月25日,五層,
RPPOMLLLLHOFFCQ09CA,16,12.17,梯間、機械室、水箱,鋼筋混凝土造,91年7月25日,五層,
RPPOMLLLLHOFFCQ09CA,16,.61,蓄水池,鋼筋混凝土造,91年7月25日,五層,
RPSNMLSJLHOFFDQ37DA,25,110.49,住家用,鋼筋混凝土造,83年2月3日,三層,一層 二層 三層 電梯樓梯間
RPROMLLLLHOFFCQ66CA,37,94.26,住家用,鋼筋混凝土加強磚造,70年11月5日,二層,一層 二層
RPQNMLMKLHOFFCQ09CA,25,228.44,住家用,鋼筋混凝土造,82年12月15日,四層,一層 二層 三層 四層 平台 見其他登記事項
RPPNMLLMLHOFFCQ09CA,39,101.12,住家用,鋼筋混凝土加強磚造,69年3月31日,二層,一層 二層 電梯樓梯間
RPSNMLMKLHOFFCQ66CA,17,102.61,集合住宅,鋼筋混凝土造,91年7月25日,五層,二層 陽台 雨遮
RPSNMLMKLHOFFCQ66CA,17,33.34,停車空間,鋼筋混凝土造,91年7月25日,五層,
RPSNMLMKLHOFFCQ66CA,17,12.17,梯間、機械室、水箱,鋼筋混凝土造,91年7月25日,五層,
RPSNMLMKLHOFFCQ66CA,17,.61,蓄水池,鋼筋混凝土造,91年7月25日,五層,
RPPNMLMKLHOFFBQ88CA,22,57.41,住家用,鋼筋混凝土造,86年1月10日,十層,三層 陽台 露台
RPPNMLMKLHOFFBQ88CA,22,9.62,防空避難室兼停車空間,鋼筋混凝土造,86年1月10日,十層,
RPPNMLMKLHOFFBQ88CA,22,6.82,電、樓梯間,鋼筋混凝土造,86年1月10日,十層,
RPPNMLSJLHOFFEQ27EA,1,203.36,住宅、樓梯間,鋼筋混凝土造,107年8月2日,三層,一層 二層 三層 陽台 見其他登記事項
RPQNMLNLLHOFFBQ56CA,12,217.50,停車空間、店舖、集合住宅,鋼筋混凝土造,96年6月28日,四層,一層 二層 三層 四層 見其他登記事項
RPRNMLKLLHOFFCQ09CA,5,173.10,住宅、樓梯間,鋼筋混凝土造,103年4月10日,三層,一層 二層 三層 見其他登記事項 見其他登記事項
RPQNMLQKLHOFFCQ86CA,38,113.98,住家用,鋼筋混凝土加強磚造,70年4月5日,二層,一層 二層 陽台 電梯樓梯間
RPPNMLMKLHOFFCQ98CA,,169.20,住家用,鋼筋混凝土造,107年6月15日,三層,一層 二層 三層 見其他登記事項
RPPNMLKKLHOFFCQ88DA,12,21.15,集合住宅,鋼筋混凝土造,96年6月23日,五層,二層 陽台
RPPNMLKKLHOFFCQ88DA,12,7.03,停車空間、機電設備空間、管理室、梯廳、走廊,鋼筋混凝土造,96年6月23日,五層,
RPPNMLMKLHOFFDQ09CA,3,174.12,住宅、樓梯間,鋼筋混凝土,104年12月4日,三層,一層 二層 三層 陽台 見其他登記事項
RPQNMLMJMHOFFDQ56CA,39,91.68,住家用,加強磚造,69年5月20日,二層,一層 二層
RPVNMLMKLHOFFDQ07CA,25,166.98,住商用,鋼筋混凝土造,82年11月9日,三層,一層 二層 三層 夾層 見其他登記事項
RPPNMLOKLHOFFDQ66CA,39,112.96,住家用,鋼筋混凝土加強磚造,69年1月26日,三層,一層 二層 三層 騎樓
RPTNMLNKLHOFFDQ96CA,42,119.17,住家用,鋼筋混凝土加強磚造,66年8月1日,二層,一層 二層 騎樓
RPPNMLKMLHOFFDQ09CA,13,150.86,住宅、停車空間,鋼筋混凝土造,95年6月29日,三層,一層 二層 三層 陽台 雨遮
RPQNMLNLLHOFFDQ76CA,23,80.21,集合住宅,鋼筋混凝土造,84年9月8日,十二層,五層 陽台 花台
RPQNMLNLLHOFFDQ76CA,23,19.66,梯間,鋼筋混凝土造,84年9月8日,十二層,
RPQNMLNLLHOFFDQ76CA,23,16.91,防空避難室,鋼筋混凝土造,84年9月8日,十二層,
RPWNMLMKLHOFFCQ07CA,38,131.18,住家用,鋼筋混凝土加強磚造,70年2月10日,二層,一層 二層 電梯樓梯間
RPXNMLMKLHOFFCQ17CA,39,62.93,住家用,木石磚造（磚石造）,69年8月15日,一層,一層
RPTNMLNKLHOFFBQ76CA,25,195.69,住商用,鋼筋混凝土造,82年10月19日,四層,一層 二層 三層 四層
RPUNMLNKLHOFFBQ86CA,24,92.46,住家用,鋼筋混凝土造,83年12月15日,五層,四層 陽台 花台
RPUNMLNKLHOFFBQ86CA,24,16.82,樓電梯間、停車空間、車道,鋼筋混凝土造,83年12月15日,五層,
RPUNMLQLLHOFFBQ27CA,33,70.55,住家用,磚造,75年7月15日,一層,一層
RPTNMLPKLHOFFBQ96CA,15,221.29,集合住宅、停車空間,鋼筋混凝土造,93年3月26日,四層,一層 二層 三層 四層 陽台
RPTNMLPKLHOFFBQ96CA,15,5.48,社區遊憩設施,鋼筋混凝土造,93年3月26日,三層,
RPPNMLNKLHOFFCQ09CA,37,96.98,住家用,鋼筋混凝土加強磚造,70年12月17日,二層,一層 二層 陽台
RPVNMLMKLHOFFCQ96CA,17,12.64,梯間、機械室、水箱,鋼筋混凝土造,91年7月25日,五層,
RPVNMLMKLHOFFCQ96CA,17,99.84,集合住宅,鋼筋混凝土造,91年7月25日,五層,四層 陽台 雨遮
RPVNMLMKLHOFFCQ96CA,17,.60,蓄水池,鋼筋混凝土造,91年7月25日,五層,
RPXNMLLJMHOFFCQ07CA,37,60.47,住家用,鋼筋混凝土加強磚造,70年12月16日,一層,一層
RPVNMLNJMHOFFDQ17CA,40,95.24,住家用,鋼筋混凝土加強磚造,68年3月2日,二層,一層 二層
RPRNMLQLLHOFFDQ17CA,15,24.15,見其他登記事項,鋼筋混凝土造,93年6月9日,五層,四層
RPRNMLQLLHOFFDQ17CA,15,7.13,見其他登記事項,鋼筋混凝土造,93年6月9日,五層,
RPRNMLQLLHOFFDQ17CA,15,5.97,見其他登記事項,鋼筋混凝土造,93年6月9日,五層,
RPTNMLQLLHOFFDQ37CA,42,106.86,住家用,鋼筋混凝土加強磚造,66年2月1日,二層,一層 二層
SPRNMLQLLHOFFDQ27CA,15,20.72,見其他登記事項,鋼筋混凝土造,93年6月9日,五層,四層
RPSNMLSKLHOFFDQ37CA,15,127.26,住家用,鋼筋混凝土造,92年12月31日,三層,一層 二層 三層 陽台
RPPNMLNLLHOFFEQ76CA,35,105.70,住家用,鋼筋混凝土加強磚造,73年4月15日,二層,一層 二層 電梯樓梯間
RPOOMLLLLHOFFCQ98CA,38,60.61,商業用,鋼筋混凝土加強磚造,70年7月9日,三層,一層
RPTNMLOKLHOFFBQ86CA,25,158.58,門廊、住宅,鋼筋混凝土造,82年12月7日,三層,一層 二層 三層 騎樓 電梯樓梯間
RPUNMLOKLHOFFBQ96CA,13,16.18,住家用,鋼筋混凝土造,94年10月3日,十層,九層 陽台
RPUNMLOKLHOFFBQ96CA,13,.10,管理委員會使用空間,鋼筋混凝土造,94年10月3日,十層,
RPUNMLOKLHOFFBQ96CA,13,8.53,機電設備空間、停車空間、樓梯間、走廊、機械室、水塔,鋼筋混凝土造,94年10月3日,十層,
RPSNMLPKLHOFFBQ86CA,25,163.73,住家用,鋼筋混凝土造,83年3月8日,三層,一層 二層 三層 陽台 電梯樓梯間
RPTNMLKLLHOFFBQ56CA,4,294.25,集合住宅,鋼筋混凝土造,104年7月20日,三層,一層 二層 三層 陽台
RPTNMLKLLHOFFBQ56CA,4,1.00,社區管理室,鋼筋混凝土造,104年1月6日,一層,一層
RPQNMLKLLHOFFCQ98CA,,163.52,住宅、樓梯間,鋼筋混凝土造,107年12月14日,三層,一層 二層 三層 見其他登記事項 見其他登記事項
RPSNMLPKLHOFFCQ96CA,36,61.14,集合住宅,鋼筋混凝土造,72年2月4日,三層,三層 陽台
RPSNMLPKLHOFFCQ96CA,36,7.52,共有部分,鋼筋混凝土造,72年2月4日,三層,
RPSNMLPKLHOFFCQ96CA,36,1.11,共有部分,鋼筋混凝土造,72年2月4日,三層,
RPRNMLOJMHOFFBQ66CA,12,19.19,住家用,鋼筋混凝土造,95年8月28日,八層,八層 陽台
RPRNMLOJMHOFFBQ66CA,12,7.43,共有部分,鋼筋混凝土造,95年8月28日,,
RPRNMLOJMHOFFBQ66CA,12,4.60,共有部分,鋼筋混凝土造,95年8月28日,,
RPSNMLOJMHOFFBQ76CA,12,19.19,住家用,鋼筋混凝土造,95年8月28日,八層,八層 陽台
RPSNMLOJMHOFFBQ76CA,12,7.43,共有部分,鋼筋混凝土造,95年8月28日,,
RPSNMLOJMHOFFBQ76CA,12,4.60,共有部分,鋼筋混凝土造,95年8月28日,,
RPWNMLSKLHOFFCQ67CA,25,156.35,住商用,鋼筋混凝土造,83年5月13日,三層,一層 二層 三層 電梯樓梯間 見其他登記事項
RPTNMLPKLHOFFCQ17DA,24,160.18,住家用,鋼筋混凝土造,84年2月17日,三層,一層 二層 三層 平台 電梯樓梯間 見其他登記事項
RPPNMLKLLHOFFEQ09CA,37,70.50,住家用,磚造,70年10月8日,一層,一層
RPQNMLPKLHOFFBQ76DA,23,46.00,住家用,鋼筋混凝土造,85年8月15日,十四層,十層 陽台
RPQNMLPKLHOFFBQ76DA,23,41.85,梯間、防空避難室、機械室、水塔牌樓兼停車空間,鋼筋混凝土造,85年8月15日,十四層,
RPVNMLSJMHOFFCQ57CA,24,197.74,住家用,鋼筋混凝土造,83年9月5日,四層,一層 二層 三層 四層 電梯樓梯間 夾層 見其他登記事項
RPVNMLQLLHOFFDQ57CA,18,147.82,住家用,鋼筋混凝土造,90年1月10日,三層,一層 二層 三層 見其他登記事項
RPUNMLNJMHOFFBQ86CA,43,87.60,住家用,鋼筋混凝土加強磚造,65年6月25日,二層,一層 二層
RPROMLMJMHOFFBQ56CA,,101.76,,,,,
RPTNMLSKLHOFFDQ47CA,25,165.61,住家用,鋼筋混凝土造,83年6月20日,四層,一層 二層 三層 四層 地下層 見其他登記事項
RPTNMLSKLHOFFDQ47CA,25,23.07,共有部分,鋼筋混凝土造,83年6月20日,,
RPQNMLMLLHOFFEQ76CA,26,38.83,住家用,鋼筋混凝土造,82年4月1日,十八層,十層 陽台
RPQNMLMLLHOFFEQ76CA,26,1.75,守衛室．健身房．游泳池．防空避難室兼停車場,鋼筋混凝土造,82年4月1日,,
RPQNMLMLLHOFFEQ76CA,26,7.53,梯間,鋼筋混凝土造,82年4月1日,十八層,
RPQOMLMLLHOFFCQ66CA,37,111.71,住家用,鋼筋混凝土加強磚造,71年3月15日,二層,一層 二層 陽台
RPUNMLKMLHOFFBQ76CA,14,215.41,住商用,鋼筋混凝土造,94年3月12日,四層,一層 二層 三層 四層 陽台 雨遮
RPTOMLMJMHOFFBQ76CA,35,103.68,住家用,鋼筋混凝土加強磚造,73年4月19日,二層,一層 二層
RPPNMLMLLHOFFCQ09CA,22,97.53,住家用,鋼筋混凝土造,85年11月15日,五層,五層 陽台
RPPNMLMLLHOFFCQ09CA,22,.52,共有部分,鋼筋混凝土造,85年11月15日,地下二層,
RPPNMLMLLHOFFCQ09CA,22,9.83,共有部分,鋼筋混凝土造,85年11月15日,五層,
RPPNMLTKLHOFFCQ07CA,50,91.72,住家用,鋼筋混凝土加強磚造,58年5月15日,二層,一層 二層 騎樓
RPQNMLLLLHOFFCQ09CA,8,152.00,停車空間、住宅,鋼筋混凝土造,100年7月29日,三層,一層 二層 三層 電梯樓梯間 見其他登記事項
RPSNMLSKLHOFFCQ27CA,21,197.45,住家用,鋼筋混凝土造,86年11月6日,四層,一層 二層 三層 四層 見其他登記事項
RPSNMLKLLHOFFDQ66CA,35,106.16,住家用,鋼筋混凝土加強磚造,73年3月17日,二層,一層 二層 電梯樓梯間
RPQNMLMLLHOFFDQ66CA,,189.51,停車空間、住宅,鋼筋混凝土造,108年1月21日,三層,一層 二層 三層 陽台 見其他登記事項
RPRNMLKLLHOFFDQ56CA,14,16.15,見其他登記事項,鋼筋混凝土造,94年8月15日,五層,三層
RPRNMLKLLHOFFDQ56CA,14,7.19,見其他登記事項,鋼筋混凝土造,94年8月15日,五層,
RPSNMLMLLHOFFDQ86CA,20,10.93,樓梯間、機械室、水箱,鋼筋混凝土造,88年5月31日,五層,
RPSNMLMLLHOFFDQ86CA,20,87.78,集合住宅,鋼筋混凝土造,88年5月31日,五層,三層 陽台
RPSNMLMLLHOFFDQ86CA,20,.80,蓄水池,鋼筋混凝土造,88年5月31日,一層,
RPRNMLMLLHOFFDQ76CA,,246.27,店舖、住宅,鋼筋混凝土造,108年1月21日,三層,一層 二層 三層 陽台 見其他登記事項
RPPNMLLLLHOFFEQ56CA,26,119.50,住家用,鋼筋混凝土造,82年4月1日,十八層,四層 陽台
RPPNMLLLLHOFFEQ56CA,26,19.81,梯間,鋼筋混凝土造,82年4月1日,十八層,
RPPNMLLLLHOFFEQ56CA,26,5.61,守衛室．健身房．游泳池．防空避難室兼停車場,鋼筋混凝土造,82年4月1日,,
RPQOMLTLLHOFFBQ27CA,3,367.99,住家用,鋼筋混凝土造,105年1月12日,五層,一層 二層 三層 四層 五層 見其他登記事項
RPPNMLQKMHOFFDQ96CA,15,16.70,住家用,鋼筋混凝土造,93年8月3日,5,一層 陽台
RPPNMLQKMHOFFDQ96CA,15,.19,停車空間,鋼筋混凝土造,93年8月3日,五層,
RPPNMLQKMHOFFDQ96CA,15,.62,樓梯間,鋼筋混凝土造,93年8月3日,五層,
RPPNMLQKMHOFFDQ96CA,15,4.58,走廊,鋼筋混凝土造,93年8月3日,五層,
RPPNMLQKMHOFFDQ96CA,15,.77,車道、停車空間,鋼筋混凝土造,93年8月3日,五層,
RPPNMLQKMHOFFDQ96CA,15,1.27,樓梯間、機房,鋼筋混凝土造,93年8月3日,五層,
RPQNMLTJMHOFFBQ07CA,13,16.18,住家用,鋼筋混凝土造,94年10月3日,十層,三層 陽台
RPQNMLTJMHOFFBQ07CA,13,.10,管理委員會使用空間,鋼筋混凝土造,94年10月3日,十層,
RPQNMLTJMHOFFBQ07CA,13,8.53,機電設備空間、停車空間、樓梯間、走廊、機械室、水塔,鋼筋混凝土造,94年10月3日,十層,
SPQNMLTJMHOFFBQ17CA,13,17.49,住家用,鋼筋混凝土造,94年10月3日,十層,三層 陽台
SPQNMLTJMHOFFBQ17CA,13,.11,管理委員會使用空間,鋼筋混凝土造,94年10月3日,十層,
SPQNMLTJMHOFFBQ17CA,13,9.22,機電設備空間、停車空間、樓梯間、走廊、機械室、水塔,鋼筋混凝土造,94年10月3日,十層,
RPQNMLLLLHOFFBQ98CA,39,100.93,住家用,鋼筋混凝土加強磚造,69年1月25日,二層,一層 二層 騎樓
RPQNMLNLLHOFFCQ66CA,37,111.71,住家用,鋼筋混凝土加強磚造,70年12月29日,二層,一層 二層 陽台
RPQNMLLLLHOFFEQ66CA,26,119.50,住家用,鋼筋混凝土造,82年4月1日,十八層,十四層 陽台
RPQNMLLLLHOFFEQ66CA,26,5.61,守衛室．健身房．游泳池．防空避難室兼停車場,鋼筋混凝土造,82年4月1日,,
RPQNMLLLLHOFFEQ66CA,26,19.81,梯間,鋼筋混凝土造,82年4月1日,十八層,
RPVNMLLLLHOFFCQ96CA,39,90.86,住商用,鋼筋混凝土加強磚造,69年7月31日,二層,一層 二層
RPRNMLLLLHOFFCQ76EA,20,163.93,住家用,鋼筋混凝土造,87年10月12日,三層,一層 二層 三層 電梯樓梯間 見其他登記事項
RPOOMLKLLHOFFDQ98CA,39,113.93,住家用,鋼筋混凝土加強磚造,69年5月7日,二層,一層 二層
RPUNMLMLLHOFFDQ07CA,32,94.67,住商用,鋼筋混凝土加強磚造,76年5月19日,二層,一層 二層 電梯樓梯間
RPWNMLSJMHOFFDQ77CA,16,186.49,住家用,鋼筋混凝土造,92年6月27日,三層,一層 二層 三層 見其他登記事項
RPUNMLPLLHOFFDQ37CA,,172.48,住家用,鋼筋混凝土造,107年10月8日,四層,一層 二層 三層 四層 陽台
RPTNMLSLLHOFFCQ67EA,39,86.60,住家用,鋼筋混凝土加強磚造,68年9月13日,二層,一層 二層 電梯樓梯間
RPPNMLMLLHOFFDQ66DA,39,106.52,住家用,鋼筋混凝土加強磚造,69年1月18日,二層,一層 二層 騎樓 電梯樓梯間
RPRNMLRLLHOFFBQ07CA,9,224.13,住商用,鋼筋混凝土造,98年11月11日,四層,一層 二層 三層 四層 見其他登記事項
RPRNMLRLLHOFFBQ07CA,9,.88,管理員室,鋼筋混凝土造,98年11月11日,二層,一層 二層 見其他登記事項
RPUNMLMLLHOFFBQ86CA,2,175.03,住宅、停車空間,鋼筋混凝土造,106年6月7日,四層,一層 二層 三層 四層 見其他登記事項
RPTNMLKMLHOFFBQ66CA,11,238.91,集合住宅、停車空間,鋼筋混凝土造,97年4月8日,四層,一層 二層 三層 四層 地下一層 見其他登記事項
RPTNMLKMLHOFFBQ66CA,11,4.41,管理委員會室,鋼筋混凝土造,97年4月8日,三層,
RPTNMLKMLHOFFBQ66CA,11,27.59,停車空間,鋼筋混凝土造,97年4月8日,四層,
RPRNMLQLLHOFFBQ96CA,18,201.84,舍,木造,89年12月5日,一層,一層
RPRNMLQLLHOFFBQ96CA,18,201.84,舍,木造,89年12月5日,一層,一層
RPRNMLQLLHOFFBQ96CA,18,201.84,舍,木造,89年12月5日,一層,一層
RPRNMLQLLHOFFBQ96CA,18,201.84,舍,木造,89年12月5日,一層,一層
RPRNMLQLLHOFFBQ96CA,18,201.84,舍,木造,89年12月5日,一層,一層
RPRNMLQLLHOFFBQ96CA,18,235.50,舍,木造,89年12月5日,一層,一層
RPRNMLQLLHOFFBQ96CA,18,202.20,舍,木造,89年12月5日,一層,一層
RPRNMLQLLHOFFBQ96CA,18,182.23,堆肥室,木造,89年12月5日,一層,一層
RPSOMLMLLHOFFCQ86CA,24,178.39,住商用,鋼筋混凝土造,84年2月17日,三層,一層 二層 三層 平台 電梯樓梯間 夾層 見其他登記事項
RPPNMLSJMHOFFCQ96CA,38,103.89,住商用,鋼筋混凝土加強磚造,70年3月9日,二層,一層 二層 騎樓
RPPNMLKMLHOFFCQ98CA,25,48.61,住商用,鋼筋混凝土造,83年3月7日,三層,一層 二層 三層 電梯樓梯間
RPVNMLPLLHOFFDQ47CA,,207.96,住家用,鋼筋混凝土造,107年10月8日,四層,一層 二層 三層 四層 陽台
RPOOMLMLLHOFFDQ56CA,35,215.20,住家用,加強磚造,72年10月1日,三層,一層 二層 三層 陽台
RPPNMLQLLHOFFDQ96CA,,189.51,停車空間、住宅,鋼筋混凝土造,108年1月21日,三層,一層 二層 三層 陽台 見其他登記事項
RPPNMLRJMHOFFDQ96CA,13,1.69,機械室、樓梯間、垃圾處理場、管理中心,鋼筋混凝土造,95年7月18日,三層,一層 二層 三層 地下層 見其他登記事項
RPPNMLRJMHOFFDQ96CA,13,.72,機械室、樓梯間,鋼筋混凝土造,95年7月18日,一層,地下層
RPPNMLRJMHOFFDQ96CA,13,1.25,機械室、樓梯間、開放空間、交誼室,鋼筋混凝土造,95年7月18日,四層,一層 二層 三層 四層 地下層 見其他登記事項
RPPNMLRJMHOFFDQ96CA,13,275.15,集合住宅,鋼筋混凝土造,95年7月18日,四層,一層 二層 三層 四層 見其他登記事項
RPRNMLKKMHOFFCQ56DA,25,137.96,住商用,加強磚造,83年3月1日,三層,一層 二層 三層 電梯樓梯間
RPRNMLMKMHOFFCQ66CA,37,116.56,住家用,鋼筋混凝土加強磚造,70年12月10日,二層,一層 二層 騎樓 電梯樓梯間
RPSNMLNJMHOFFCQ76CA,38,128.64,住家用,鋼筋混凝土加強磚造,70年5月16日,二層,一層 二層 電梯樓梯間
RPPNMLLJMHOFFCQ88CA,43,81.45,住家用,加強磚造,65年4月1日,二層,一層 二層
RPTNMLTLLHOFFDQ77DA,2,504.54,農舍,鋼筋混凝土造、鋼骨構造,105年12月8日,二層,一層 二層 陽台 見其他登記事項
RPPNMLNJMHOFFCQ09CA,25,74.64,住家用,鋼筋混凝土造,82年12月14日,七層,四層 陽台 花台
RPPNMLNJMHOFFCQ09CA,25,7.89,共有部分,鋼筋混凝土造,82年12月14日,七層,
RPPNMLNJMHOFFCQ09CA,25,5.68,共有部分,鋼筋混凝土造,82年12月14日,七層,
RPQNMLRJMHOFFDQ07CA,13,.65,機械室、樓梯間、垃圾處理場、管理中心,鋼筋混凝土造,95年7月18日,三層,一層 二層 三層 地下層 見其他登記事項
RPQNMLRJMHOFFDQ07CA,13,.27,機械室、樓梯間,鋼筋混凝土造,95年7月18日,一層,地下層
RPQNMLRJMHOFFDQ07CA,13,.48,機械室、樓梯間、開放空間、交誼室,鋼筋混凝土造,95年7月18日,四層,一層 二層 三層 四層 地下層 見其他登記事項
RPQNMLRJMHOFFDQ07CA,6,198.30,集合住宅,鋼筋混凝土造,101年8月29日,四層,一層 二層 三層 四層 陽台
RPQNMLRLLHOFFCQ27EA,7,153.89,住家用,鋼筋混凝土造,101年5月4日,三層,一層 二層 三層 見其他登記事項
RPSNMLSLLHOFFCQ57EA,34,162.46,住家用,鋼筋混凝土造,74年8月10日,三層,一層 二層 三層 騎樓 電梯樓梯間
RPSNMLMJMHOFFDQ96EA,31,194.96,住家用,鋼筋混凝土加強磚造,77年4月23日,二層,一層 二層 電梯樓梯間
RPRNMLRLLHOFFDQ27CA,14,16.15,見其他登記事項,鋼筋混凝土造,94年8月15日,五層,五層
RPRNMLRLLHOFFDQ27CA,14,7.19,見其他登記事項,鋼筋混凝土造,94年8月15日,五層,
RPSNMLRLLHOFFDQ47DA,14,16.15,見其他登記事項,鋼筋混凝土造,94年8月15日,五層,五層
RPSNMLRLLHOFFDQ47DA,14,7.19,見其他登記事項,鋼筋混凝土造,94年8月15日,五層,
RPSNMLSLLHOFFDQ57DA,14,16.15,見其他登記事項,鋼筋混凝土造,94年8月15日,五層,一層
RPSNMLSLLHOFFDQ57DA,14,7.19,見其他登記事項,鋼筋混凝土造,94年8月15日,五層,
RPRNMLSLLHOFFDQ47DA,14,32.29,商業用,鋼筋混凝土造,94年8月15日,五層,一層
RPRNMLSLLHOFFDQ47DA,14,9.57,見其他登記事項,鋼筋混凝土造,94年8月15日,五層,
RPTNMLSLLHOFFDQ67DA,14,16.15,見其他登記事項,鋼筋混凝土造,94年8月15日,五層,一層
RPTNMLSLLHOFFDQ67DA,14,7.19,見其他登記事項,鋼筋混凝土造,94年8月15日,五層,
RPUNMLSLLHOFFDQ77DA,14,16.15,見其他登記事項,鋼筋混凝土造,94年8月15日,五層,三層
RPUNMLSLLHOFFDQ77DA,14,7.19,見其他登記事項,鋼筋混凝土造,94年8月15日,五層,
RPSNMLPKMHOFFDQ17CA,1,194.41,住宅類場所,鋼筋混凝土造,106年10月7日,四層,一層 二層 三層 四層 陽台 雨遮
RPVNMLSLLHOFFDQ87DA,14,16.15,見其他登記事項,鋼筋混凝土造,94年8月15日,五層,三層
RPVNMLSLLHOFFDQ87DA,14,7.19,見其他登記事項,鋼筋混凝土造,94年8月15日,五層,
RPSNMLSLLHOFFBQ37DA,13,19.19,住家用,鋼筋混凝土造,95年8月28日,八層,四層 陽台
RPSNMLSLLHOFFBQ37DA,13,4.61,共有部分,鋼筋混凝土造,95年8月28日,,
RPSNMLSLLHOFFBQ37DA,13,7.43,共有部分,鋼筋混凝土造,95年8月28日,,
RPPNMLQJMHOFFCQ76CA,3,185.19,住家用,鋼筋混凝土造,105年3月30日,三層,一層 二層 三層 見其他登記事項
RPWNMLLJMHOFFCQ96CA,51,35.60,住商用,磚造,57年5月31日,一層,一層 騎樓
RPUNMLSLLHOFFCQ57CA,4,222.35,玄關、住宅,鋼筋混凝土造,103年11月17日,四層,一層 二層 三層 四層 見其他登記事項
RPVNMLSLLHOFFCQ67CA,4,146.33,住家用,鋼筋混凝土造,104年6月1日,三層,一層 二層 三層 見其他登記事項
RPPNMLOJMHOFFBQ09CA,13,15.06,住家用,鋼筋混凝土造,95年8月28日,八層,二層 陽台
RPPNMLOJMHOFFBQ09CA,13,5.78,共有部分,鋼筋混凝土造,95年8月28日,,
RPPNMLOJMHOFFBQ09CA,13,4.20,共有部分,鋼筋混凝土造,95年8月28日,,
RPQNMLOJMHOFFBQ56CA,13,15.06,住家用,鋼筋混凝土造,95年8月28日,八層,二層 陽台
RPQNMLOJMHOFFBQ56CA,13,5.78,共有部分,鋼筋混凝土造,95年8月28日,,
RPQNMLOJMHOFFBQ56CA,13,4.20,共有部分,鋼筋混凝土造,95年8月28日,,
RPXNMLMJMHOFFBQ07CA,13,16.65,住家用,鋼筋混凝土造,94年10月3日,十層,八層 陽台
RPXNMLMJMHOFFBQ07CA,13,.10,管理委員會使用空間,鋼筋混凝土造,94年10月3日,十層,
RPXNMLMJMHOFFBQ07CA,13,8.36,機電設備空間、停車空間、樓梯間、走廊、機械室、水塔,鋼筋混凝土造,94年10月3日,十層,
RPQNMLNKMHOFFDQ76CA,7,163.68,停車空間、住宅、樓梯間,鋼筋混凝土造,100年9月15日,三層,一層 二層 三層 陽台 見其他登記事項
RPWNMLLJMHOFFBQ86CA,28,191.25,住家用,RC（IBW）造,80年6月10日,三層,一層 二層 三層 電梯樓梯間
RPPNMLMJMHOFFBQ88CA,13,195.31,住商用,鋼筋混凝土造,94年12月26日,四層,一層 二層 三層 四層 陽台 雨遮
RPPNMLQKMHOFFBQ76CA,13,19.19,住家用,鋼筋混凝土造,95年8月28日,八層,六層 陽台
RPPNMLQKMHOFFBQ76CA,13,7.43,共有部分,鋼筋混凝土造,95年8月28日,,
RPPNMLQKMHOFFBQ76CA,13,4.61,共有部分,鋼筋混凝土造,95年8月28日,,
RPQNMLNJMHOFFBQ09CA,19,189.15,住家用,鋼筋混凝土造,89年4月18日,三層,一層 二層 三層 陽台 平台 電梯樓梯間 夾層
RPSNMLTLLHOFFCQ47CA,46,54.90,住家用,磚造,62年4月21日,一層,一層
RPPNMLOKMHOFFCQ66CA,,238.64,住家用,鋼筋混凝土造,107年12月27日,四層,一層 二層 三層 四層 見其他登記事項
RPPNMLRJMHOFFCQ86CA,32,101.68,住家用,鋼筋混凝土加強磚造,76年1月26日,二層,一層 二層 騎樓 電梯樓梯間
RPSNMLNKMHOFFCQ86CA,25,90.80,住家用,鋼筋混凝土造,82年12月14日,七層,七層 陽台 花台 雨遮
RPSNMLNKMHOFFCQ86CA,25,9.47,共有部分,鋼筋混凝土造,82年12月14日,七層,
RPSNMLNKMHOFFCQ86CA,25,8.92,共有部分,鋼筋混凝土造,82年12月14日,七層,
RPSNMLLJMHOFFDQ66CA,6,170.50,集合住宅,鋼筋混凝土造,102年1月18日,三層,一層 二層 三層 陽台
RPPNMLMJMHOFFDQ09CA,19,35.72,農舍,鋼造,88年10月11日,一層,一層
RPRNMLMKMHOFFDQ76CA,,171.45,停車空間、住宅,鋼筋混凝土造,108年1月21日,三層,一層 二層 三層 陽台 見其他登記事項
RPRNMLNKMHOFFDQ86CA,15,169.26,集合住宅、停車空間、機電設備空間,鋼筋混凝土造,92年10月24日,四層,一層 二層 三層 四層 見其他登記事項
RPQNMLMKMHOFFDQ66CA,,189.51,停車空間、住宅,鋼筋混凝土造,108年1月21日,三層,一層 二層 三層 陽台 見其他登記事項
RPPOMLPKMHOFFDQ96CA,44,76.14,住家用,鋼筋混凝土加強磚造,63年12月30日,一層,一層 走廊
RPVNMLLJMHOFFDQ96CA,39,95.68,住家用,鋼筋混凝土加強磚造,69年8月13日,二層,一層 二層
RPUNMLLJMHOFFDQ86CA,27,135.00,住家用,鋼筋混凝土造,81年6月9日,三層,一層 二層 三層
RPSOMLMJMHOFFDQ86CA,37,96.16,住商用,鋼筋混凝土加強磚造,71年7月24日,二層,一層 二層 騎樓 電梯樓梯間
RPTOMLMJMHOFFDQ96CA,25,194.73,住商用,鋼筋混凝土造,83年3月3日,三層,一層 二層 三層 騎樓 見其他登記事項
RPPNMLOJMHOFFDQ66CA,13,146.21,住家用,鋼筋混凝土造,94年12月29日,三層,一層 二層 三層 見其他登記事項
RPSNMLMJMHOFFDQ86DA,24,150.56,住家用,鋼筋混凝土造,84年4月26日,三層,一層 二層 三層 見其他登記事項
RPRNMLOJMHOFFCQ76CA,17,161.72,停車空間、住房,鋼筋混凝土造,91年4月3日,三層,一層 二層 三層 電梯樓梯間 見其他登記事項
RPRNMLMJMHOFFCQ56CA,38,155.31,住家用,加強磚造,70年2月15日,三層,一層 二層 三層 騎樓
RPQNMLNJMHOFFCQ56CA,22,67.40,住家用,鋼筋混凝土造,86年4月17日,三層,一層 二層 三層 電梯樓梯間
RPQNMLNJMHOFFCQ56CA,22,67.40,住家用,鋼筋混凝土造,86年4月17日,三層,一層 二層 三層 電梯樓梯間
RPVNMLSKMHOFFBQ57CA,,177.63,Ｈ２住宅、樓梯間,鋼筋混凝土造,107年11月6日,三層,一層 二層 三層 屋頂突出物
RPUNMLPKMHOFFCQ27CA,38,56.29,住家用,磚造,70年3月13日,一層,一層
RPRNMLOKMHOFFCQ86CA,1,217.36,住家用,鋼筋混凝土造,107年8月21日,四層,一層 二層 三層 四層 見其他登記事項
RPQNMLOKMHOFFCQ76CA,,262.30,住家用,鋼筋混凝土造,107年12月27日,四層,一層 二層 三層 四層 見其他登記事項
RPTNMLTKMHOFFCQ57CA,26,85.07,住家用,鋼筋混凝土造,81年11月30日,五層,二層 陽台
RPTNMLTKMHOFFCQ57CA,26,8.68,共有部分,鋼筋混凝土造,81年11月30日,地下層,
RPTNMLTKMHOFFCQ57CA,26,6.94,共有部分,鋼筋混凝土造,81年11月30日,五層,
RPSNMLMJMHOFFBQ56CA,24,36.24,住商用,鋼筋混凝土造,84年2月20日,二層,一層 二層 騎樓
RPRNMLKKMHOFFBQ98CA,1,214.70,住宅、梯間,鋼筋混凝土造,107年6月11日,三層,一層 二層 三層 陽台 屋頂突出物
RPUNMLTKMHOFFBQ57CA,,182.42,Ｈ２住宅、樓梯間,鋼筋混凝土造,107年10月31日,三層,一層 二層 三層 屋頂突出物
RPQOMLSKMHOFFBQ17CA,,182.42,Ｈ２住宅、樓梯間,鋼筋混凝土造,107年10月31日,三層,一層 二層 三層 屋頂突出物
RPSNMLTKMHOFFBQ37CA,,177.97,Ｈ２住宅、樓梯間,鋼筋混凝土造,107年11月3日,三層,一層 二層 三層 屋頂突出物
RPOOMLSKMHOFFBQ96CA,,177.97,Ｈ２住宅、樓梯間,鋼筋混凝土造,107年11月3日,三層,一層 二層 三層 屋頂突出物
RPROMLSKMHOFFBQ27CA,,182.28,Ｈ２住宅、樓梯間,鋼筋混凝土造,107年10月31日,三層,一層 二層 三層 屋頂突出物
RPVNMLTKMHOFFBQ67CA,,177.45,Ｈ２住宅、樓梯間,鋼筋混凝土造,107年10月31日,三層,一層 二層 三層 屋頂突出物
RPTNMLTKMHOFFBQ47CA,,177.97,Ｈ２住宅、樓梯間,鋼筋混凝土造,107年11月3日,三層,一層 二層 三層 屋頂突出物
RPSNMLKKMHOFFBQ09CA,43,101.85,住家用,鋼筋混凝土加強磚造,65年8月31日,二層,一層 二層
RPPOMLMJMHOFFBQ09DA,5,54.46,集合住宅,鋼筋混凝土造,103年8月15日,八層,二層 陽台
RPPOMLMJMHOFFBQ09DA,5,23.03,停車空間、機械設備空間、水箱、門廳、管委會使用空間、台電配電室、電信室、樓梯間、水錶室、機械室等１０項。,鋼筋混凝土造,103年8月15日,八層,
RPTNMLTJMHOFFDQ57CA,23,184.07,住房、停車空間,鋼筋混凝土造,85年3月12日,五層,一層 二層 三層 四層 五層 見其他登記事項
RPPNMLSJMHOFFBQ96DA,32,111.18,住家用,鋼筋混凝土加強磚造,76年2月12日,二層,一層 二層 騎樓 電梯樓梯間
RPSNMLMJMHOFFCQ66CA,17,125.47,住家用,鋼筋混凝土造,91年1月14日,三層,一層 二層 三層 見其他登記事項
RPTOMLSKMHOFFBQ47CA,12,414.61,店舖、住宅、樓梯間,鋼筋混凝土造,96年2月15日,三層,一層 二層 三層 見其他登記事項
RPPNMLSKMHOFFBQ96CA,3,190.82,住家用,鋼筋混凝土造,104年11月12日,四層,一層 二層 三層 四層 陽台
RPSNMLQKMHOFFBQ07CA,13,19.19,住家用,鋼筋混凝土造,95年8月28日,八層,三層 陽台
RPSNMLQKMHOFFBQ07CA,13,4.61,共有部分,鋼筋混凝土造,95年8月28日,,
RPSNMLQKMHOFFBQ07CA,13,7.43,共有部分,鋼筋混凝土造,95年8月28日,,
SPSNMLQKMHOFFBQ17CA,13,19.19,住家用,鋼筋混凝土造,95年8月28日,八層,三層 陽台
SPSNMLQKMHOFFBQ17CA,13,4.61,共有部分,鋼筋混凝土造,95年8月28日,,
SPSNMLQKMHOFFBQ17CA,13,7.43,共有部分,鋼筋混凝土造,95年8月28日,,
RPTNMLMKMHOFFBQ76CA,13,41.04,商業用,鋼筋混凝土造,94年10月3日,十層,一層 陽台
RPTNMLMKMHOFFBQ76CA,13,.29,管理委員會使用空間,鋼筋混凝土造,94年10月3日,十層,
RPTNMLMKMHOFFBQ76CA,13,24.72,機電設備空間、停車空間、樓梯間、走廊、機械室、水塔,鋼筋混凝土造,94年10月3日,十層,
RPRNMLRLMHOFFCQ27CA,37,98.17,住家用,鋼筋混凝土加強磚造,71年4月16日,二層,一層 二層 陽台 騎樓
RPQOMLQKMHOFFCQ07CA,26,174.32,住商用,鋼筋混凝土造,82年1月19日,三層,一層 二層 三層 電梯樓梯間
RPUNMLTKMHOFFCQ67CA,22,95.78,住家用,鋼筋混凝土造,86年4月24日,五層,四層 陽台
RPUNMLTKMHOFFCQ67CA,22,11.00,共有部分,鋼筋混凝土造,86年4月24日,五層,
RPQNMLMLMHOFFDQ86DA,38,46.95,住家用,磚造,70年6月15日,一層,一層
RPTNMLNJMHOFFCQ96DA,32,188.80,住商用,鋼筋混凝土造,76年3月19日,四層,一層 二層 三層 四層 騎樓
RPUNMLSJMHOFFDQ57CA,26,178.08,住商用,鋼筋混凝土造,81年12月18日,三層,一層 二層 三層 電梯樓梯間 見其他登記事項
RPVNMLTKMHOFFDQ87CA,1,184.81,停車空間、店鋪、住宅,鋼筋混凝土造,107年8月14日,三層,一層 二層 三層 陽台 見其他登記事項
RPQOMLOLMHOFFDQ07CA,23,182.31,住房、停車空間,鋼筋混凝土造,85年3月12日,五層,一層 二層 三層 四層 五層 見其他登記事項
RPPNMLTJMHOFFDQ17CA,25,145.91,住家用,鋼筋混凝土造,82年7月15日,三層,一層 二層 三層 陽台
RPRNMLTJMHOFFDQ47DA,10,140.96,住家用,鋼筋混凝土造,97年10月30日,三層,一層 二層 三層 陽台 雨遮
RPRNMLSKMHOFFBQ27DA,17,19.56,住家用,鋼筋混凝土造,91年4月23日,四層,二層 陽台
RPRNMLSKMHOFFBQ27DA,17,1.85,共有部分,鋼筋混凝土造,91年4月23日,四層,
RPRNMLSKMHOFFBQ27DA,17,4.78,共有部分,鋼筋混凝土造,91年4月23日,四層,
RPSNMLTLMHOFFDQ67CA,15,221.29,住商用,鋼筋混凝土造,93年7月28日,四層,一層 二層 三層 四層 陽台
RPTNMLTLMHOFFDQ77CA,15,221.29,住商用,鋼筋混凝土造,93年7月28日,四層,一層 二層 三層 四層 陽台
RPQNMLSJMHOFFEQ47EA,1,203.36,住宅、樓梯間,鋼筋混凝土造,107年8月2日,三層,一層 二層 三層 陽台 見其他登記事項
RPQNMLQJNHOFFEQ37EA,40,100.32,住家用,鋼筋混凝土加強磚造,68年5月12日,二層,一層 二層 騎樓
RPWNMLMLMHOFFBQ17CA,1,184.08,住家用,鋼筋混凝土造,106年9月4日,三層,一層 二層 三層
RPQNMLMKMHOFFCQ56CA,25,90.14,集合住宅,鋼筋混凝土造,83年8月10日,七層,四層 陽台
RPQNMLMKMHOFFCQ56CA,25,9.87,共有部分,鋼筋混凝土造,83年8月10日,七層,
RPQNMLMKMHOFFCQ56CA,25,11.75,共有部分,鋼筋混凝土造,83年8月10日,七層,
RPPNMLMJNHOFFCQ09CA,27,64.13,農舍,磚造,81年3月9日,一層,一層
RPPNMLLKMHOFFDQ56DA,25,161.45,住家用,鋼筋混凝土造,83年4月28日,四層,一層 二層 三層 四層
RPPNMLSKMHOFFDQ17CA,,189.51,停車空間、住宅,鋼筋混凝土造,108年1月21日,三層,一層 二層 三層 陽台 見其他登記事項
RPSNMLSKMHOFFDQ47CA,,191.40,停車空間、住宅,鋼筋混凝土造,108年1月21日,三層,一層 二層 三層 陽台 見其他登記事項
RPRNMLSKMHOFFDQ37CA,,182.28,停車空間、住宅,鋼筋混凝土造,108年1月21日,三層,一層 二層 三層 陽台 見其他登記事項
RPTNMLKKMHOFFDQ76CA,14,16.15,見其他登記事項,鋼筋混凝土造,94年8月15日,五層,二層
RPTNMLKKMHOFFDQ76CA,14,7.19,見其他登記事項,鋼筋混凝土造,94年8月15日,五層,
RPSNMLMKMHOFFDQ86CA,,171.45,停車空間、住宅,鋼筋混凝土造,108年1月21日,三層,一層 二層 三層 陽台 見其他登記事項
RPTNMLMKMHOFFDQ96CA,,171.45,停車空間、住宅,鋼筋混凝土造,108年1月21日,三層,一層 二層 三層 陽台 見其他登記事項
RPPNMLMJNHOFFDQ56CA,,85.72,停車空間、住宅,鋼筋混凝土造,108年1月21日,三層,一層 二層 三層 陽台 見其他登記事項
RPPNMLMJNHOFFDQ56CA,,85.72,停車空間、住宅,鋼筋混凝土造,108年1月21日,三層,一層 二層 三層 陽台 見其他登記事項
RPUNMLKKMHOFFDQ86CA,14,16.15,見其他登記事項,鋼筋混凝土造,94年8月15日,五層,二層
RPUNMLKKMHOFFDQ86CA,14,7.19,見其他登記事項,鋼筋混凝土造,94年8月15日,五層,
RPSNMLKKMHOFFDQ66CA,14,15.37,見其他登記事項,鋼筋混凝土造,94年8月15日,五層,一層
RPSNMLKKMHOFFDQ66CA,14,6.84,見其他登記事項,鋼筋混凝土造,94年8月15日,五層,
RPSOMLMKMHOFFDQ96CA,32,136.14,住房．梯間,鋼筋混凝土造,76年9月6日,三層,一層 二層 三層 陽台 平台
RPTOMLPKMHOFFDQ37CA,14,7.19,見其他登記事項,鋼筋混凝土造,94年8月15日,五層,
RPTOMLPKMHOFFDQ37CA,14,16.15,見其他登記事項,鋼筋混凝土造,94年8月15日,五層,四層
RPTOMLPKMHOFFDQ37CA,14,7.19,見其他登記事項,鋼筋混凝土造,94年8月15日,五層,
RPTOMLPKMHOFFDQ37CA,14,16.15,見其他登記事項,鋼筋混凝土造,94年8月15日,五層,四層
RPTOMLPKMHOFFDQ37CA,14,7.19,見其他登記事項,鋼筋混凝土造,94年8月15日,五層,
RPTOMLPKMHOFFDQ37CA,14,16.15,見其他登記事項,鋼筋混凝土造,94年8月15日,五層,四層
RPUOMLPKMHOFFDQ47CA,14,16.15,見其他登記事項,鋼筋混凝土造,94年8月15日,五層,四層
RPUOMLPKMHOFFDQ47CA,14,7.19,見其他登記事項,鋼筋混凝土造,94年8月15日,五層,
RPUOMLPKMHOFFDQ47CA,14,16.15,見其他登記事項,鋼筋混凝土造,94年8月15日,五層,四層
RPUOMLPKMHOFFDQ47CA,14,7.19,見其他登記事項,鋼筋混凝土造,94年8月15日,五層,
RPUOMLPKMHOFFDQ47CA,14,16.15,見其他登記事項,鋼筋混凝土造,94年8月15日,五層,四層
RPUOMLPKMHOFFDQ47CA,14,7.19,見其他登記事項,鋼筋混凝土造,94年8月15日,五層,
RPUOMLPKMHOFFDQ47CA,14,16.15,見其他登記事項,鋼筋混凝土造,94年8月15日,五層,四層
RPUOMLPKMHOFFDQ47CA,14,7.19,見其他登記事項,鋼筋混凝土造,94年8月15日,五層,
RPUOMLPKMHOFFDQ47CA,14,16.15,見其他登記事項,鋼筋混凝土造,94年8月15日,五層,四層
RPUOMLPKMHOFFDQ47CA,14,7.19,見其他登記事項,鋼筋混凝土造,94年8月15日,五層,
RPUOMLPKMHOFFDQ47CA,14,16.15,見其他登記事項,鋼筋混凝土造,94年8月15日,五層,四層
RPUOMLPKMHOFFDQ47CA,14,7.19,見其他登記事項,鋼筋混凝土造,94年8月15日,五層,
RPUOMLPKMHOFFDQ47CA,14,16.15,見其他登記事項,鋼筋混凝土造,94年8月15日,五層,四層
RPUOMLPKMHOFFDQ47CA,14,7.19,見其他登記事項,鋼筋混凝土造,94年8月15日,五層,
RPUOMLPKMHOFFDQ47CA,14,16.15,見其他登記事項,鋼筋混凝土造,94年8月15日,五層,四層
RPUOMLPKMHOFFDQ47CA,14,7.19,見其他登記事項,鋼筋混凝土造,94年8月15日,五層,
RPUOMLPKMHOFFDQ47CA,14,16.15,見其他登記事項,鋼筋混凝土造,94年8月15日,五層,四層
RPUOMLPKMHOFFDQ47CA,14,7.19,見其他登記事項,鋼筋混凝土造,94年8月15日,五層,
RPUOMLPKMHOFFDQ47CA,14,16.15,見其他登記事項,鋼筋混凝土造,94年8月15日,五層,四層
RPPNMLQJNHOFFCQ07EA,28,205.75,住商用,鋼筋混凝土造,80年6月10日,四層,一層 二層 三層 四層 騎樓
RPRNMLQJNHOFFDQ17CA,15,19.53,見其他登記事項,鋼筋混凝土造,93年6月9日,五層,一層
RPRNMLQJNHOFFDQ17CA,15,5.71,見其他登記事項,鋼筋混凝土造,93年6月9日,五層,
RPWNMLPKMHOFFCQ57DA,22,195.73,住家用,鋼筋混凝土造,85年11月8日,三層,一層 二層 三層 電梯樓梯間
RPQOMLPKMHOFFCQ96CA,17,125.47,住家用,鋼筋混凝土造,91年1月14日,三層,一層 二層 三層 見其他登記事項
RPSNMLRKMHOFFCQ27CA,3,221.02,住宅、樓梯間,鋼筋混凝土造,105年2月1日,三層,一層 二層 三層 見其他登記事項 見其他登記事項
RPSNMLLKMHOFFCQ66CA,37,144.47,廠房．倉庫．單身宿舍,鋼筋混凝土加強磚造,70年9月29日,二層,一層 二層 騎樓 電梯樓梯間
RPRNMLLKMHOFFBQ09CA,5,50.55,集合住宅,鋼筋混凝土造,103年8月15日,八層,七層 陽台
RPRNMLLKMHOFFBQ09CA,5,46.01,停車空間、機械設備空間、水箱、門廳、管委會使用空間、台電配電室、電信室、樓梯間、水錶室、機械室等１０項。,鋼筋混凝土造,103年8月15日,八層,
RPPNMLMKMHOFFBQ98CA,1,214.74,住宅、梯間,鋼筋混凝土造,107年6月11日,三層,一層 二層 三層 陽台 屋頂突出物
RPPNMLKLMHOFFBQ88CA,47,399.58,工業用,磚造,61年1月20日,一層,騎樓 見其他登記事項
RPXNMLMLMHOFFBQ27CA,13,16.76,住家用,鋼筋混凝土造,94年10月3日,十層,三層 陽台
RPXNMLMLMHOFFBQ27CA,13,.10,管理委員會使用空間,鋼筋混凝土造,94年10月3日,十層,
RPXNMLMLMHOFFBQ27CA,13,8.83,機電設備空間、停車空間、樓梯間、走廊、機械室、水塔,鋼筋混凝土造,94年10月3日,十層,
RPUNMLKMMHOFFCQ96CA,,183.67,住宅、樓梯間、停車空間,鋼筋混凝土造,108年1月10日,三層,一層 二層 三層 見其他登記事項 見其他登記事項
RPWNMLKMMHOFFCQ17CA,,183.67,住宅、樓梯間、停車空間,鋼筋混凝土造,108年1月10日,三層,一層 二層 三層 見其他登記事項 見其他登記事項
RPXNMLKMMHOFFCQ27CA,,188.06,住宅、樓梯間、停車空間,鋼筋混凝土造,108年1月10日,三層,一層 二層 三層 見其他登記事項 見其他登記事項
RPVNMLKMMHOFFCQ07CA,,183.67,住宅、樓梯間、停車空間,鋼筋混凝土造,108年1月10日,三層,一層 二層 三層 見其他登記事項 見其他登記事項
RPQNMLKMMHOFFCQ56CA,,192.87,住宅、樓梯間、停車空間,鋼筋混凝土造,108年1月10日,三層,一層 二層 三層 見其他登記事項 見其他登記事項
RPQNMLMKMHOFFEQ86DA,34,132.98,住家用,木造,74年8月17日,一層,一層
RPRNMLMJNHOFFBQ56CA,34,186.01,住商用,鋼筋混凝土加強磚造,74年2月24日,三層,一層 二層 三層 陽台 騎樓 電梯樓梯間
RPWNMLTLMHOFFDQ08CA,,171.45,停車空間、住宅,鋼筋混凝土造,108年1月21日,三層,一層 二層 三層 陽台 見其他登記事項
RPUNMLPKMHOFFEQ47CA,6,172.26,住宅、梯間,鋼筋混凝土造,102年3月25日,三層,一層 二層 三層 陽台 屋頂突出物
RPXNMLTLMHOFFDQ18CA,,96.26,停車空間、住宅,鋼筋混凝土造,108年1月21日,三層,一層 二層 三層 陽台 見其他登記事項
RPXNMLTLMHOFFDQ18CA,,96.26,停車空間、住宅,鋼筋混凝土造,108年1月21日,三層,一層 二層 三層 陽台 見其他登記事項
RPOOMLTLMHOFFDQ37CA,,189.51,停車空間、住宅,鋼筋混凝土造,108年1月21日,三層,一層 二層 三層 陽台 見其他登記事項
RPPOMLTLMHOFFDQ47CA,,189.51,停車空間、住宅,鋼筋混凝土造,108年1月21日,三層,一層 二層 三層 陽台 見其他登記事項
RPSOMLLKMHOFFDQ86CA,16,160.65,店舖、集合住宅,鋼筋混凝土造,91年11月15日,三層,一層 二層 三層 見其他登記事項
RPTOMLLKMHOFFDQ96CA,12,433.14,店舖、住宅、停車空間,鋼筋混凝土造,96年8月22日,四層,一層 二層 三層 四層 陽台
RPROMLMKMHOFFDQ86CA,3,169.89,住宅、樓梯間,鋼筋混凝土,104年12月4日,三層,一層 二層 三層 陽台 見其他登記事項
RPROMLMKMHOFFDQ86CA,3,.46,管理維護空間,鋼筋混凝土,104年12月4日,一層,
RPQNMLQJNHOFFBQ86CA,17,132.88,住家用,鋼筋混凝土造,90年9月13日,三層,一層 二層 三層 見其他登記事項
RPPNMLRKMHOFFEQ37EA,34,241.75,住家用,鋼筋混凝土加強磚造,73年11月16日,二層,一層 二層 騎樓 電梯樓梯間
RPPNMLPKMHOFFDQ86CA,11,197.64,店舖、住宅、樓梯間,鋼筋混凝土造,97年1月4日,三層,一層 二層 三層 陽台 見其他登記事項
RPWNMLQKMHOFFDQ67CA,11,215.51,住商用,鋼筋混凝土造,97年7月3日,四層,一層 二層 三層 四層 陽台
RPTNMLQKMHOFFDQ37CA,42,70.08,住家用,鋼筋混凝土加強磚造,66年2月3日,二層,一層 二層
RPQNMLPKMHOFFDQ96CA,,180.62,住家用,鋼筋混凝土造,107年10月8日,四層,一層 二層 三層 四層 陽台
RPPNMLTKMHOFFDQ27CA,39,102.55,住家用,鋼筋混凝土加強磚造,69年3月1日,二層,一層 二層 騎樓
RPVNMLQKMHOFFCQ47CA,23,85.92,住家用,鋼筋混凝土造,85年1月24日,二層,一層 二層 陽台 電梯樓梯間
RPVNMLSKMHOFFCQ67CA,24,150.95,住家用,鋼筋混凝土造,84年2月17日,三層,一層 二層 三層 平台 電梯樓梯間 見其他登記事項
RPVNMLQKMHOFFBQ37CA,3,190.82,住家用,鋼筋混凝土造,104年11月12日,四層,一層 二層 三層 四層 陽台
RPQNMLRKMHOFFBQ96CA,16,21.15,住家用,鋼筋混凝土造,92年8月21日,五層,四層 陽台
SPQNMLRKMHOFFBQ07CA,16,21.15,住家用,鋼筋混凝土造,92年8月21日,五層,四層 陽台
RPQNMLRLMHOFFCQ17CA,38,123.90,住家用,鋼筋混凝土加強磚造,70年2月15日,二層,一層 二層 騎樓 電梯樓梯間
RPQNMLRLMHOFFDQ27CA,14,1.59,門廳、遊憩設施,鋼筋混凝土造,94年8月26日,三層,一層 二層 三層
RPQNMLRLMHOFFDQ27CA,14,5.08,門廳、遊憩設施、機械空間、梯間、游泳池,鋼筋混凝土造,94年8月26日,二層,一層 二層 地下一層 地下二層
RPQNMLRLMHOFFDQ27CA,12,196.12,店舖、集合住宅、停車空間,鋼筋混凝土造,95年12月22日,四層,一層 二層 三層 四層 見其他登記事項
RPSNMLRLMHOFFDQ47CA,38,95.07,住家用,鋼筋混凝土加強磚造,69年12月9日,二層,一層 二層
RPPNMLRLMHOFFDQ17CA,41,55.58,住家用,鋼筋混凝土加強磚造,67年3月1日,一層,一層
RPVNMLTLMHOFFDQ97CA,,94.76,停車空間、住宅,鋼筋混凝土造,108年1月21日,三層,一層 二層 三層 陽台 見其他登記事項
RPVNMLTLMHOFFDQ97CA,,94.76,停車空間、住宅,鋼筋混凝土造,108年1月21日,三層,一層 二層 三層 陽台 見其他登記事項
RPPNMLQLMHOFFCQ96CA,24,62.04,住家用,鋼筋混凝土造,84年6月14日,三層,一層 二層 三層 陽台
RPQNMLRLMHOFFEQ37CA,26,33.90,住家用,鋼筋混凝土造,82年4月1日,十八層,十二層 陽台
RPQNMLRLMHOFFEQ37CA,26,1.75,守衛室．健身房．游泳池．防空避難室兼停車場,鋼筋混凝土造,82年4月1日,,
RPQNMLRLMHOFFEQ37CA,26,6.62,梯間,鋼筋混凝土造,82年4月1日,十八層,
RPQNMLNLMHOFFBQ66CA,16,155.60,住家用,鋼筋混凝土造,92年1月14日,三層,一層 二層 三層 陽台
RPSNMLSKMHOFFBQ27CA,53,74.66,住家用,磚造,55年1月15日,一層,一層 騎樓
RPPOMLTKMHOFFBQ17CA,35,90.12,住房、梯間,鋼筋混凝土加強磚造,73年4月14日,二層,一層 二層 屋頂突出物
RPSNMLTKMHOFFCQ47CA,25,159.37,客廳．住房,鋼筋混凝土造,82年10月28日,四層,一層 二層 三層 四層 見其他登記事項
RPTNMLMLMHOFFEQ17CA,9,121.26,農業資材室,鋼骨構造,98年10月28日,一層,一層
RPPNMLKLMHOFFCQ09DA,38,59.94,住家用,磚造,70年2月14日,一層,一層
RPPNMLLLMHOFFDQ56CA,45,121.13,住家用,鋼筋混凝土木磚造,62年10月21日,二層,一層 二層 騎樓
RPPNMLNLMHOFFDQ76CA,37,89.63,住商用,鋼筋混凝土加強磚造,70年10月17日,二層,一層 二層 騎樓 電梯樓梯間
RPQNMLLLMHOFFDQ66CA,34,118.80,住家用,鋼筋混凝土加強磚造,74年6月20日,三層,一層 二層 三層 騎樓
RPUNMLNLMHOFFDQ37DA,12,123.15,店舖住宅、樓梯間,鋼筋混凝土造,95年10月13日,三層,一層 二層 三層 陽台 屋頂突出物
RPXNMLOLMHOFFDQ67CA,1,191.02,住宅類場所,鋼筋混凝土造,106年10月7日,四層,一層 二層 三層 四層 陽台 雨遮
RPXNMLLJNHOFFCQ17CA,34,108.30,住家用,鋼筋混凝土加強磚造,73年11月23日,二層,一層 二層 騎樓 電梯樓梯間
RPQNMLOJNHOFFCQ76CA,36,61.08,國民住宅,鋼筋混凝土造,72年3月12日,五層,五層
RPQNMLOJNHOFFCQ76CA,36,.03,共有部分,鋼筋混凝土造,72年3月12日,五層,
RPQNMLOJNHOFFCQ76CA,36,.25,集合住宅,鋼筋混凝土造,72年3月12日,五層,一層
RPQNMLOJNHOFFCQ76CA,36,7.86,共有部分,鋼筋混凝土造,72年3月12日,五層,
RPSNMLNLMHOFFCQ96CA,17,125.47,住家用,鋼筋混凝土造,91年1月14日,三層,一層 二層 三層 見其他登記事項
RPRNMLKMMHOFFCQ66CA,,183.67,住宅、樓梯間、停車空間,鋼筋混凝土造,108年1月10日,三層,一層 二層 三層 見其他登記事項 見其他登記事項
RPOOMLKMMHOFFCQ09CA,,184.01,住宅、樓梯間、停車空間,鋼筋混凝土造,108年1月10日,三層,一層 二層 三層 見其他登記事項 見其他登記事項
RPQNMLMLMHOFFBQ56CA,22,160.13,住家用,鋼筋混凝土造,86年1月10日,十層,五層 陽台 露台
RPQNMLMLMHOFFBQ56CA,22,21.35,防空避難室兼停車空間,鋼筋混凝土造,86年1月10日,十層,
RPQNMLMLMHOFFBQ56CA,22,15.09,電、樓梯間,鋼筋混凝土造,86年1月10日,十層,
RPXNMLTKMHOFFBQ87CA,23,296.75,農舍,鋼筋混凝土加強磚造,84年12月29日,三層,一層 二層 三層
RPQNMLPLMHOFFBQ86CA,14,19.96,住家用,鋼筋混凝土造,94年10月3日,十層,九層 陽台
RPQNMLPLMHOFFBQ86CA,14,.12,管理委員會使用空間,鋼筋混凝土造,94年10月3日,十層,
RPQNMLPLMHOFFBQ86CA,14,10.53,機電設備空間、停車空間、樓梯間、走廊、機械室、水塔,鋼筋混凝土造,94年10月3日,十層,
RPQNMLPLMHOFFBQ86CA,14,16.65,住家用,鋼筋混凝土造,94年10月3日,十層,九層 陽台
RPQNMLPLMHOFFBQ86CA,14,.10,管理委員會使用空間,鋼筋混凝土造,94年10月3日,十層,
RPQNMLPLMHOFFBQ86CA,14,8.36,機電設備空間、停車空間、樓梯間、走廊、機械室、水塔,鋼筋混凝土造,94年10月3日,十層,
RPRNMLMLMHOFFCQ76CA,26,86.54,住家用,鋼筋混凝土造,81年11月30日,五層,三層 陽台
RPRNMLMLMHOFFCQ76CA,26,9.10,共有部分,鋼筋混凝土造,81年11月30日,地下層,
RPRNMLMLMHOFFCQ76CA,26,6.94,共有部分,鋼筋混凝土造,81年11月30日,五層,
RPQNMLNLMHOFFCQ76CA,1,166.38,住宅、樓梯間,鋼筋混凝土造,107年8月17日,三層,一層 二層 三層 見其他登記事項 見其他登記事項
RPOOMLOKNHOFFCQ76CA,37,64.88,住家用,鋼筋加強磚木造,70年10月8日,一層,一層
RPQNMLSJNHOFFCQ17CA,41,139.47,住家用,加強磚造,67年7月15日,二層,一層 二層 騎樓
RPRNMLOLMHOFFDQ07CA,37,95.17,住商用,鋼筋混凝土加強磚造,70年11月17日,二層,一層 二層 電梯樓梯間
RPVNMLQJNHOFFDQ57CA,22,86.04,住家用,鋼筋混凝土造,86年5月24日,五層,二層 陽台
RPVNMLQJNHOFFDQ57CA,22,12.45,水箱、機械房、水箱、梯間,鋼筋混凝土造,86年5月24日,五層,
RPVNMLQJNHOFFDQ57CA,22,28.30,公共設施、防空避難室、停車空間,鋼筋混凝土造,86年5月24日,五層,
RPRNMLPLMHOFFCQ07CA,42,112.52,住商用,鋼筋混凝土加強磚造,65年12月15日,二層,一層 二層 騎樓
RPTNMLKMMHOFFCQ86CA,,183.67,住宅、樓梯間、停車空間,鋼筋混凝土造,108年1月10日,三層,一層 二層 三層 見其他登記事項 見其他登記事項
RPPNMLNLMHOFFBQ56CA,11,291.06,集合住宅、停車空間,鋼筋混凝土造,97年4月8日,四層,一層 二層 三層 四層 地下一層 見其他登記事項
RPPNMLNLMHOFFBQ56CA,11,4.90,管理委員會室,鋼筋混凝土造,97年4月8日,三層,
RPPNMLNLMHOFFBQ56CA,11,31.16,停車空間,鋼筋混凝土造,97年4月8日,四層,
RPPNMLOLMHOFFBQ66CA,1,209.33,住宅、梯間、門廊,鋼筋混凝土造,107年6月11日,三層,一層 二層 三層 陽台 屋頂突出物
RPUNMLQLMHOFFBQ37CA,14,182.72,住商用,鋼筋混凝土造,94年1月5日,三層,一層 二層 三層 陽台 電梯樓梯間
RPPNMLLJNHOFFCQ98CA,25,153.03,住家用,鋼筋混凝土造,83年2月8日,三層,一層 二層 三層 電梯樓梯間
RPRNMLLJNHOFFCQ56CA,7,43.69,住家用,鋼骨鋼筋混凝土造,100年10月24日,一層,一層
RPPNMLPLMHOFFCQ86CA,17,127.88,住家用,鋼筋混凝土造,91年1月14日,三層,一層 二層 三層 見其他登記事項
RPPNMLRKNHOFFDQ17CA,23,179.26,住家用,鋼筋混凝土造,84年12月22日,三層,一層 二層 三層 見其他登記事項
RPPNMLOLMHOFFCQ96EA,,190.39,住家用,鋼筋混凝土造,,三層,一層 二層 三層 電梯樓梯間
RPTNMLLLNHOFFCQ96CA,1,191.36,住宅、梯間,鋼筋混凝土造,107年5月15日,三層,一層 二層 三層 見其他登記事項 見其他登記事項
RPPNMLOLMHOFFDQ86CA,22,87.25,集合住宅,鋼筋混凝土造,85年10月11日,五層,五層 陽台
RPPNMLOLMHOFFDQ86CA,22,14.15,樓梯間,鋼筋混凝土造,85年10月11日,五層,
RPPNMLOLMHOFFDQ86CA,22,29.38,警衛室、一樓停車空間、法定停車場,鋼筋混凝土造,85年10月11日,五層,
RPWNMLPJNHOFFDQ57CA,39,153.62,住家用,鋼筋混凝土加強磚造,69年6月30日,三層,一層 二層 三層
RPWNMLSJNHOFFDQ87CA,35,97.64,住家用,鋼筋混凝土加強磚造,72年12月31日,二層,一層 二層
RPQOMLSJNHOFFBQ17CA,14,16.65,住家用,鋼筋混凝土造,94年10月3日,十層,五層 陽台
RPPNMLSJNHOFFBQ96CA,,39.67,住家用,土造,,一層,一層
RPQOMLSJNHOFFBQ17CA,14,.10,管理委員會使用空間,鋼筋混凝土造,94年10月3日,十層,
RPQOMLSJNHOFFBQ17CA,14,8.36,機電設備空間、停車空間、樓梯間、走廊、機械室、水塔,鋼筋混凝土造,94年10月3日,十層,
RPUNMLOKNHOFFDQ37CA,1,168.23,住宅、樓梯間,鋼筋混凝土造,107年5月17日,三層,一層 二層 三層 陽台 見其他登記事項
RPSNMLOKNHOFFDQ17CA,1,168.23,住宅、樓梯間,鋼筋混凝土造,107年5月17日,三層,一層 二層 三層 陽台 見其他登記事項
RPXNMLTJNHOFFDQ08CA,4,192.23,停車空間、住宅、梯間,鋼筋混凝土造,104年6月25日,三層,一層 二層 三層 陽台 見其他登記事項
RPPNMLSLMHOFFDQ27CA,21,147.22,住商用,鋼筋混凝土造,87年8月13日,三層,一層 二層 三層 陽台 電梯樓梯間
RPRNMLKKNHOFFDQ66CA,,94.76,停車空間、住宅,鋼筋混凝土造,108年1月21日,三層,一層 二層 三層 陽台 見其他登記事項
RPRNMLKKNHOFFDQ66CA,,94.76,停車空間、住宅,鋼筋混凝土造,108年1月21日,三層,一層 二層 三層 陽台 見其他登記事項
RPRNMLNKNHOFFDQ96CA,22,166.87,住家用,鋼筋混凝土造,86年3月31日,四層,一層 二層 三層 四層 陽台
RPPOMLOLMHOFFDQ96CA,40,98.75,住家用,鋼筋混凝土加強磚造,68年3月15日,二層,一層 二層
RPXNMLQLMHOFFDQ87CA,23,146.34,住家用,鋼筋混凝土造,85年2月7日,三層,一層 二層 三層 陽台 平台 電梯樓梯間
RPRNMLQJNHOFFEQ27CA,26,51.58,住家用,鋼筋混凝土造,82年4月1日,十八層,十八層 陽台
RPRNMLQJNHOFFEQ27CA,26,10.05,梯間,鋼筋混凝土造,82年4月1日,十八層,
RPRNMLQJNHOFFEQ27CA,26,2.45,守衛室．健身房．游泳池．防空避難室兼停車場,鋼筋混凝土造,82年4月1日,,
RPVNMLPLMHOFFCQ47CA,23,81.80,集合住宅,鋼筋混凝土造,85年2月9日,五層,四層 陽台
RPVNMLPLMHOFFCQ47CA,23,.89,共有部分,鋼筋混凝土造,85年2月9日,五層,
RPVNMLPLMHOFFCQ47CA,23,2.89,共有部分,鋼筋混凝土造,85年2月9日,五層,
RPVNMLPLMHOFFCQ47CA,23,2.89,共有部分,鋼筋混凝土造,85年2月9日,五層,
RPVNMLPLMHOFFCQ47CA,23,2.65,共有部分,鋼筋混凝土造,85年2月9日,五層,
RPQNMLTLMHOFFCQ37CA,1,147.18,住家用,鋼筋混凝土造,107年9月4日,二層,一層 二層 見其他登記事項
RPVNMLQJNHOFFCQ47CA,24,192.68,住家用,鋼筋混凝土造,84年1月19日,三層,一層 二層 三層 電梯樓梯間
RPRNMLPLMHOFFBQ96CA,26,170.52,住商用,鋼筋混凝土造,82年4月22日,四層,一層 二層 三層 四層 騎樓
RPOOMLQLMHOFFBQ86CA,13,19.19,住家用,鋼筋混凝土造,95年8月28日,八層,三層 陽台
RPOOMLQLMHOFFBQ86CA,13,4.61,共有部分,鋼筋混凝土造,95年8月28日,,
RPOOMLQLMHOFFBQ86CA,13,7.43,共有部分,鋼筋混凝土造,95年8月28日,,
SPOOMLQLMHOFFBQ96CA,13,19.19,住家用,鋼筋混凝土造,95年8月28日,八層,三層 陽台
SPOOMLQLMHOFFBQ96CA,13,4.61,共有部分,鋼筋混凝土造,95年8月28日,,
SPOOMLQLMHOFFBQ96CA,13,7.43,共有部分,鋼筋混凝土造,95年8月28日,,
RPQNMLTLMHOFFBQ27CA,13,165.89,店舖、停車空間、集合住宅,鋼筋混凝土造,95年8月28日,三層,一層 二層 三層 見其他登記事項
RPRNMLKMMHOFFBQ56CA,35,115.29,住商用,鋼筋混凝土加強磚造,73年3月30日,三層,一層 二層 三層
RPPNMLNJNHOFFBQ09CA,30,192.46,住家用,鋼筋混凝土加強磚造,78年4月14日,四層,一層 二層 三層 四層 夾層
RPPNMLOKNHOFFCQ76CA,25,79.35,集合住宅,鋼筋混凝土造,83年8月10日,七層,五層 陽台
RPPNMLOKNHOFFCQ76CA,25,8.81,共有部分,鋼筋混凝土造,83年8月10日,七層,
RPPNMLOKNHOFFCQ76CA,25,9.89,共有部分,鋼筋混凝土造,83年8月10日,七層,
RPWNMLNLIIOFFDQ17CA,,171.45,停車空間、住宅,鋼筋混凝土造,108年1月21日,三層,一層 二層 三層 陽台 見其他登記事項
RPXNMLNLIIOFFDQ27CA,,241.63,停車空間、店舖、住宅,鋼筋混凝土造,108年1月21日,三層,一層 二層 三層 陽台 見其他登記事項
RPTNMLOKNHOFFDQ27CA,1,180.87,住宅、樓梯間,鋼筋混凝土造,107年5月17日,三層,一層 二層 三層 陽台 見其他登記事項
RPUNMLQLMHOFFDQ57CA,79,12.40,住家用,竹造,28年12月1日,一層,一層
RPXNMLPLMHOFFDQ77CA,39,89.11,住商用,鋼筋混凝土加強磚造,69年3月31日,二層,一層 二層 騎樓 電梯樓梯間
RPRNMLPJNHOFFDQ07CA,20,124.21,住家用,鋼筋混凝土造,87年11月24日,三層,一層 二層 三層 陽台 平台
RPQNMLTLMHOFFDQ47CA,23,83.93,住家用,鋼筋混凝土造,84年10月4日,五層,五層 陽台
RPVNMLMJNHOFFDQ17CA,23,84.00,住家用,鋼筋混凝土造,84年10月4日,五層,三層 陽台
RPVNMLMJNHOFFDQ17CA,23,16.88,梯間、机械房、水箱,鋼筋混凝土造,84年10月4日,五層,
RPQNMLLJNHOFFDQ56CA,2,72.69,集合住宅,鋼筋混凝土造,106年4月21日,十五層,六層 陽台
RPQNMLLJNHOFFDQ56CA,2,11.39,本共有之項目有公共服務空間、管委會使用空間、防災中心、大廳、迴廊、頂蓋型開放空間、車道、機車停車空間、台電配電室﹝一﹞﹝二﹞﹝三﹞、排風機房、守衛室、垃圾儲藏室、垃圾車暫停區、緊急發電機室、泳池機房、泳池水箱、公共水箱、雨水蓄留機房、儲藏室、消防泵浦、汙水機房、採光井﹝上方投影﹞、電信室、地下一層車位﹝２３１、２３２﹞等２６項　,鋼筋混凝土造,106年4月21日,十六層,
RPQNMLLJNHOFFDQ56CA,2,18.75,本共有之項目有梯廳、梯廳兼排煙室、排煙室、Ａ棟水箱、水錶室、電錶室、垃圾暫存、樓梯間、電梯機房、水箱、消防水箱等１１項。,鋼筋混凝土造,106年4月21日,十五層,
RPQNMLLJNHOFFDQ56CA,2,29.87,本共有之項目有車道、防空避難室兼停車空間、停車空間等３項,鋼筋混凝土造,106年4月21日,十六層,
RPXNMLSJNHOFFDQ97CA,27,207.75,住家用,鋼筋混凝土造,81年3月20日,三層,一層 二層 三層
RPPNMLSKNHOFFDQ27CA,40,91.30,住家用,鋼筋混凝土加強磚造,68年1月15日,二層,一層 二層 騎樓
RPPPMLKMMHOFFCQ66CA,37,94.60,住家用,鋼筋混凝土加強磚造,70年12月17日,二層,一層 二層 陽台
RPQNMLLJNHOFFCQ09CA,26,85.07,住家用,鋼筋混凝土造,81年11月30日,五層,五層 陽台
RPQNMLLJNHOFFCQ09CA,26,8.68,共有部分,鋼筋混凝土造,81年11月30日,地下層,
RPQNMLLJNHOFFCQ09CA,26,6.94,共有部分,鋼筋混凝土造,81年11月30日,五層,
RPSNMLKMMHOFFBQ66CA,25,197.79,住家用,鋼筋混凝土造,83年6月21日,三層,一層 二層 三層 陽台 電梯樓梯間
RPPNMLKMMHOFFBQ98CA,40,93.48,住家用,鋼筋混凝土加強磚造,68年6月4日,二層,一層 二層
RPPNMLQJNHOFFBQ76CA,22,115.59,住商用,鋼筋混凝土造,86年1月10日,十層,一層 二層 陽台 平台
RPPNMLQJNHOFFBQ76CA,22,28.26,防空避難室兼停車空間,鋼筋混凝土造,86年1月10日,十層,
RPPNMLQJNHOFFBQ76CA,22,19.98,電、樓梯間,鋼筋混凝土造,86年1月10日,十層,
RPQNMLSJNHOFFBQ07CA,38,95.22,住商用,鋼筋混凝土加強磚造,70年6月8日,二層,一層 二層 騎樓
RPRNMLQJNHOFFCQ07CA,20,153.15,住家用,鋼筋混凝土造,87年11月26日,三層,一層 二層 三層 平台 電梯樓梯間 見其他登記事項
RPSNMLNKNHOFFCQ96CA,42,92.76,住家用,鋼筋混凝土加強磚造,66年1月18日,二層,一層 二層
RPQNMLTJNHOFFEQ47CA,1,222.54,住宅,鋼筋混凝土造,106年10月31日,三層,一層 二層 三層 陽台
RPRNMLTJNHOFFEQ57CA,1,209.75,住宅,鋼筋混凝土造,106年10月31日,三層,一層 二層 三層 陽台
RPTNMLLJNHOFFBQ76DA,27,117.30,住家用,鋼筋混凝土造,81年3月25日,三層,一層 二層 三層
RPQNMLSJNHOFFDQ27CA,39,89.63,住家用,鋼筋混凝土加強磚造,69年7月1日,二層,一層 二層
RPUNMLNKNHOFFDQ27CA,26,186.90,住家用,鋼筋混凝土造,82年4月22日,四層,一層 二層 三層 四層 見其他登記事項
RPTNMLKKNHOFFDQ86CA,37,163.86,住家用,鋼筋混凝土加強磚造,70年10月7日,三層,一層 二層 三層 騎樓 電梯樓梯間
RPSNMLNJNHOFFDQ96CA,12,194.46,店舖、住宅、停車空間,鋼筋混凝土造,96年7月19日,四層,一層 二層 三層 四層 陽台
RPPNMLPJNHOFFDQ86CA,24,151.09,住家用,鋼筋混凝土造,84年7月31日,三層,一層 二層 三層 陽台 電梯樓梯間
RPSNMLNKNHOFFDQ07CA,23,184.46,健身房、住房,鋼筋混凝土造,85年3月22日,五層,一層 二層 三層 四層 五層 陽台 平台
RPQNMLMJNHOFFEQ76CA,40,85.24,住家用,鋼筋混凝土加強磚造,68年1月12日,二層,一層 二層
RPPNMLSKNHOFFEQ37CA,25,2.48,住家用,鋼筋混凝土造,83年4月7日,三層,一層 二層 三層 陽台
RPPNMLSKNHOFFEQ37CA,25,258.06,住家用,鋼筋混凝土造,83年1月12日,四層,一層 二層 三層 四層 陽台 電梯樓梯間 花台
RPSNMLLJNHOFFCQ66CA,,192.73,住家用,鋼筋混凝土造,108年2月21日,三層,一層 二層 三層 見其他登記事項
RPUNMLLJNHOFFCQ86CA,,192.73,住家用,鋼筋混凝土造,108年2月21日,三層,一層 二層 三層 見其他登記事項
RPTNMLLJNHOFFCQ76CA,,192.73,住家用,鋼筋混凝土造,108年2月21日,三層,一層 二層 三層 見其他登記事項
RPUNMLNJNHOFFDQ17CA,14,196.12,店舖、集合住宅、停車空間,鋼筋混凝土造,94年8月26日,四層,一層 二層 三層 四層 見其他登記事項
RPUNMLNJNHOFFDQ17CA,14,1.59,門廳、遊憩設施,鋼筋混凝土造,94年8月26日,三層,一層 二層 三層
RPVNMLNJNHOFFDQ27CA,23,83.93,住家用,鋼筋混凝土造,84年10月4日,五層,五層 陽台
RPVNMLNJNHOFFDQ27CA,23,16.88,梯間、机械房、水箱,鋼筋混凝土造,84年10月4日,五層,
RPUNMLNJNHOFFDQ17CA,14,5.08,門廳、遊憩設施、機械空間、梯間、游泳池,鋼筋混凝土造,94年8月26日,二層,一層 二層 地下一層 地下二層
RPVNMLLJNHOFFCQ96CA,,195.70,住家用,鋼筋混凝土造,108年2月21日,三層,一層 二層 三層 見其他登記事項
RPSNMLPKNHOFFDQ27CA,,211.39,住宅、梯間,鋼筋混凝土造,107年10月29日,三層,一層 二層 三層 陽台 見其他登記事項
RPQNMLKMMHOFFBQ09CA,13,166.67,店舖、停車空間、集合住宅,鋼筋混凝土造,95年8月28日,三層,一層 二層 三層 陽台 見其他登記事項
RPQNMLKMMHOFFBQ09CA,13,.25,管理中心,鋼筋混凝土造,95年8月28日,一層,一層
RPXNMLMJNHOFFBQ17CA,4,204.01,集合住宅,鋼筋混凝土造,104年7月20日,四層,一層 二層 三層 四層 陽台
RPRQMLRKNHOFFCQ57CA,24,157.02,住商用,鋼筋混凝土造,84年8月30日,三層,一層 二層 三層 騎樓 電梯樓梯間 見其他登記事項
RPSNMLMJNHOFFCQ76CA,26,105.07,住家用,鋼筋混凝土造,82年2月17日,五層,四層 陽台
RPPNMLNJNHOFFCQ56CA,14,108.63,集合住宅,鋼筋混凝土造,93年9月27日,三層,一層 二層 三層 電梯樓梯間 見其他登記事項
RPWNMLMJNHOFFCQ17CA,26,171.91,住商用,鋼筋混凝土造,82年6月21日,三層,一層 二層 三層 騎樓 電梯樓梯間 見其他登記事項
RPUNMLQJNHOFFEQ57CA,1,161.80,住宅、室內停車空間、樓梯間,鋼筋混凝土造,106年12月21日,三層,一層 二層 三層 陽台 見其他登記事項
RPPNMLKLNHOFFDQ56CA,24,176.75,住家用,鋼筋混凝土造,84年9月29日,四層,一層 二層 三層 四層 見其他登記事項
RPTNMLKLNHOFFDQ96CA,15,16.80,住家用,鋼筋混凝土造,93年8月3日,5,一層 陽台
RPTNMLKLNHOFFDQ96CA,15,.19,停車空間,鋼筋混凝土造,93年8月3日,五層,
RPTNMLKLNHOFFDQ96CA,15,.63,樓梯間,鋼筋混凝土造,93年8月3日,五層,
RPTNMLKLNHOFFDQ96CA,15,4.61,走廊,鋼筋混凝土造,93年8月3日,五層,
RPTNMLKLNHOFFDQ96CA,15,.77,車道、停車空間,鋼筋混凝土造,93年8月3日,五層,
RPTNMLKLNHOFFDQ96CA,15,1.27,樓梯間、機房,鋼筋混凝土造,93年8月3日,五層,
RPPNMLPJNHOFFCQ86DA,37,111.72,住家用,鋼筋混凝土加強磚造,70年12月17日,二層,一層 二層 陽台
SPTNMLKLNHOFFDQ07CA,15,19.39,住家用,鋼筋混凝土造,93年8月3日,5,一層 陽台
SPTNMLKLNHOFFDQ07CA,15,.22,停車空間,鋼筋混凝土造,93年8月3日,五層,
SPTNMLKLNHOFFDQ07CA,15,.74,樓梯間,鋼筋混凝土造,93年8月3日,五層,
SPTNMLKLNHOFFDQ07CA,15,5.40,走廊,鋼筋混凝土造,93年8月3日,五層,
SPTNMLKLNHOFFDQ07CA,15,.90,車道、停車空間,鋼筋混凝土造,93年8月3日,五層,
SPTNMLKLNHOFFDQ07CA,15,1.49,樓梯間、機房,鋼筋混凝土造,93年8月3日,五層,
RPPNMLSKNHOFFBQ07CA,13,19.19,住家用,鋼筋混凝土造,95年8月28日,八層,七層 陽台
RPPNMLSKNHOFFBQ07CA,13,7.43,共有部分,鋼筋混凝土造,95年8月28日,,
RPPNMLSKNHOFFBQ07CA,13,4.60,共有部分,鋼筋混凝土造,95年8月28日,,
RPUNMLMJNHOFFCQ17EA,40,129.18,住家用,鋼筋混凝土加強磚造,68年5月9日,二層,一層 二層 騎樓 電梯樓梯間
RPVNMLMJNHOFFCQ27EA,38,101.10,住家用,鋼筋混凝土加強磚造,70年7月25日,二層,一層 二層 電梯樓梯間
RPTNMLOKNHOFFCQ37EA,37,44.82,住家用,鋼筋混凝土加強磚造,71年6月22日,二層,一層 二層 電梯樓梯間
RPQNMLNJNHOFFDQ76CA,27,175.35,住商用,鋼筋混凝土造,81年8月10日,四層,一層 二層 三層 四層
RPUNMLPJNHOFFDQ37CA,26,174.72,集合住宅,鋼筋混凝土造,82年8月6日,四層,一層 二層 三層 四層
RPPNMLNKNHOFFEQ86CA,25,143.24,住家用,鋼筋混凝土造,83年5月20日,三層,一層 二層 三層 陽台
RPUNMLLLNHOFFCQ07CA,1,191.36,住宅、梯間,鋼筋混凝土造,107年5月15日,三層,一層 二層 三層 見其他登記事項 見其他登記事項
RPOOMLNKNHOFFCQ66CA,37,121.17,住家用,鋼筋混凝土加強磚造,70年12月17日,二層,一層 二層 陽台 電梯樓梯間
RPPNMLKKNHOFFCQ98CA,1,183.52,住宅、樓梯間,鋼筋混凝土造,107年8月17日,三層,一層 二層 三層 見其他登記事項 見其他登記事項
RPWNMLTLNHOFFCQ08CA,36,80.12,住家用,鋼筋混凝土加強磚造,72年9月15日,二層,一層 二層
RPPNMLRJNHOFFBQ86CA,39,119.44,住家用,鋼筋混凝土加強磚造,69年5月17日,二層,一層 二層 騎樓
RPOOMLTLNHOFFCQ37CA,38,113.03,住商用,鋼筋混凝土加強磚造,70年1月10日,二層,一層 二層 騎樓 電梯樓梯間
RPXNMLTLNHOFFCQ18CA,25,162.20,住商用,鋼筋混凝土造,83年7月1日,三層,一層 二層 三層 見其他登記事項
RPTNMLSJNHOFFBQ37CA,13,19.19,住家用,鋼筋混凝土造,95年8月28日,八層,六層 陽台
RPTNMLSJNHOFFBQ37CA,13,7.43,共有部分,鋼筋混凝土造,95年8月28日,,
RPTNMLSJNHOFFBQ37CA,13,4.61,共有部分,鋼筋混凝土造,95年8月28日,,
RPTNMLSLNHOFFBQ57CA,13,275.98,店舖、住宅、梯間、停車空間,鋼筋混凝土造,95年10月1日,四層,一層 二層 三層 四層 見其他登記事項
RPTNMLRKNHOFFBQ37CA,13,165.89,店舖、停車空間、集合住宅,鋼筋混凝土造,95年8月28日,三層,一層 二層 三層 見其他登記事項
RPUNMLSKNHOFFDQ77CA,20,68.11,集合住宅,鋼筋混凝土造,88年5月31日,五層,三層 陽台
RPUNMLSKNHOFFDQ77CA,20,9.74,樓梯間、機械室、水箱,鋼筋混凝土造,88年5月31日,五層,
RPUNMLSKNHOFFDQ77CA,20,.59,蓄水池,鋼筋混凝土造,88年5月31日,一層,
RPUNMLSKNHOFFDQ77CA,20,68.11,集合住宅,鋼筋混凝土造,88年5月31日,五層,三層 陽台
RPUNMLSKNHOFFDQ77CA,20,9.74,樓梯間、機械室、水箱,鋼筋混凝土造,88年5月31日,五層,
RPUNMLSKNHOFFDQ77CA,20,.59,蓄水池,鋼筋混凝土造,88年5月31日,一層,
RPPOMLSJNHOFFBQ17DA,16,19.37,住家用,鋼筋混凝土造,92年8月21日,五層,三層 陽台
RPPOMLSJNHOFFBQ17DA,16,5.23,門廳、走道、梯間,鋼筋混凝土造,92年8月21日,五層,
RPWNMLRJNHOFFDQ77CA,37,132.18,住商用,鋼筋混凝土加強磚造,70年10月17日,三層,一層 二層 三層 騎樓 電梯樓梯間
RPWNMLNKNHOFFCQ57EA,41,94.68,住家用,鋼筋混凝土加強磚造,67年7月25日,二層,一層 二層 騎樓
RPQNMLSKNHOFFCQ27CA,22,91.78,集合住宅,鋼筋混凝土造,85年12月20日,十一層,十層 陽台
RPQNMLSKNHOFFCQ27CA,22,11.28,共有部分,鋼筋混凝土造,85年12月20日,十一層,
RPQNMLSKNHOFFCQ27CA,22,.73,共有部分,鋼筋混凝土造,85年12月20日,十一層,
RPQNMLSKNHOFFCQ27CA,22,8.28,共有部分,鋼筋混凝土造,85年12月20日,十一層,
RPQNMLRJNHOFFBQ96CA,1,209.27,住宅、梯間、門廊,鋼筋混凝土造,107年6月11日,三層,一層 二層 三層 陽台 屋頂突出物
RPPNMLRJNHOFFCQ96CA,26,116.41,集合住宅,鋼筋混凝土造,82年2月17日,五層,三層 陽台
RPPOMLOJOHOFFCQ86CA,24,163.92,住商用,鋼筋混凝土造,83年10月29日,三層,一層 二層 三層 電梯樓梯間 見其他登記事項
RPPOMLNKNHOFFCQ76CA,26,126.97,住家用,鋼筋混凝土造,82年6月29日,三層,一層 二層 三層 電梯樓梯間
RPSNMLSJNHOFFCQ37CA,25,192.87,住商用,鋼筋混凝土加強磚造,83年2月1日,四層,一層 二層 三層 四層 電梯樓梯間 見其他登記事項
RPPNMLLKNHOFFBQ98CA,14,177.43,住家用,鋼筋混凝土造,94年7月6日,四層,一層 二層 三層 四層 陽台
RPRNMLLLNHOFFDQ86CA,24,182.32,集合住宅,鋼筋混凝土造,84年9月8日,十二層,十二層 陽台 露台 花台
RPRNMLLLNHOFFDQ86CA,24,44.45,梯間,鋼筋混凝土造,84年9月8日,十二層,
RPRNMLLLNHOFFDQ86CA,24,38.12,防空避難室,鋼筋混凝土造,84年9月8日,十二層,
RPQNMLPLNHOFFDQ17CA,14,135.35,店舖住宅,鋼筋混凝土造,93年11月1日,三層,一層 二層 三層 見其他登記事項
RPRNMLSJNHOFFCQ37DA,24,178.39,住商用,鋼筋混凝土造,84年2月17日,三層,一層 二層 三層 平台 電梯樓梯間 夾層 見其他登記事項
RPWNMLPKNHOFFCQ57CA,51,193.84,住家用,鋼筋混凝土造,57年3月6日,三層,一層 二層 三層 騎樓
RPWNMLPKNHOFFCQ57CA,38,212.73,住家用,鋼筋混凝土造,69年11月13日,三層,一層 二層 三層 騎樓
RPPNMLLKNHOFFEQ66CA,1,298.19,住宅,鋼筋混凝土造,107年5月28日,二層,一層 二層 陽台
RPRNMLSJNHOFFDQ37CA,36,110.10,住家用,鋼筋混凝土加強磚造,72年5月12日,二層,一層 二層 騎樓
RPQOMLNJOHOFFDQ96CA,41,88.00,住家用,鋼筋混凝土加強磚造,67年4月2日,二層,一層 二層
RPUNMLTJNHOFFDQ77CA,4,145.24,住宅、梯間,鋼筋混凝土,104年9月10日,三層,一層 二層 三層 陽台 見其他登記事項
RPPNMLTLNHOFFCQ37CA,27,78.20,住商用,鋼筋混凝土造,81年6月30日,三層,一層 二層 三層 電梯樓梯間
RPPNMLTLNHOFFCQ37CA,27,78.20,住商用,鋼筋混凝土造,81年6月30日,三層,一層 二層 三層 電梯樓梯間
RPQNMLKLNHOFFDQ66CA,27,138.74,住家用,鋼筋混凝土加強磚造,81年1月6日,三層,一層 二層 三層
RPUNMLKLNHOFFDQ07CA,,72.69,集合住宅,鋼筋混凝土造,,,
RPUNMLKLNHOFFDQ07CA,,11.39,本共有之項目有公共服務空間、管委會使用空間、防災中心、大廳、迴廊、頂蓋型開放空間、車道、機車停車空間、台電配電室﹝一﹞﹝二﹞﹝三﹞、排風機房、守衛室、垃圾儲藏室、垃圾車暫停區、緊急發電機室、泳池機房、泳池水箱、公共水箱、雨水蓄留機房、儲藏室、消防泵浦、汙水機房、採光井﹝上方投影﹞、電信室、地下一層車位﹝２３１、２３２﹞等２６項　,鋼筋混凝土造,,,
RPUNMLKLNHOFFDQ07CA,,18.63,本共有之項目有梯廳、梯廳兼排煙室、排煙室、Ｄ棟水箱、水錶室、電錶室、垃圾暫存、樓梯間、電梯機房、水箱、消防水箱等１１項,鋼筋混凝土造,,,
RPUNMLKLNHOFFDQ07CA,,29.87,本共有之項目有車道、防空避難室兼停車空間、停車空間等３項,鋼筋混凝土造,,,
RPPNMLTJNHOFFDQ37DA,39,94.58,住家用,鋼筋混凝土加強磚造,69年6月15日,二層,一層 二層
RPWNMLTJNHOFFDQ08DA,34,133.88,住家用,鋼筋混凝土加強磚造,74年1月26日,二層,一層 二層 騎樓
RPUNMLKLNHOFFCQ96CA,22,166.19,集合住宅、店舖,鋼筋混凝土造,85年12月20日,十一層,一層 二層 三層 陽台
RPUNMLKLNHOFFCQ96CA,22,1.46,共有部分,鋼筋混凝土造,85年12月20日,十一層,
RPUNMLKLNHOFFCQ96CA,22,25.97,共有部分,鋼筋混凝土造,85年12月20日,十一層,
RPUNMLKLNHOFFCQ96CA,22,17.91,共有部分,鋼筋混凝土造,85年12月20日,十一層,
RPVNMLNJOHOFFBQ17CA,33,174.79,住商用,鋼筋混凝土加強磚造,75年6月21日,三層,一層 二層 三層 電梯樓梯間
RPTNMLRLNHOFFCQ57CA,12,21.15,集合住宅,鋼筋混凝土造,96年6月23日,五層,四層 陽台
RPTNMLNKNHOFFBQ96CA,21,179.67,住家用,鋼筋混凝土造,87年4月30日,三層,一層 二層 三層 電梯樓梯間
RPUNMLNKNHOFFBQ07CA,13,19.19,住家用,鋼筋混凝土造,95年8月28日,八層,六層 陽台
RPUNMLNKNHOFFBQ07CA,13,7.43,共有部分,鋼筋混凝土造,95年8月28日,,
RPUNMLNKNHOFFBQ07CA,13,4.61,共有部分,鋼筋混凝土造,95年8月28日,,
RPVNMLNKNHOFFBQ17CA,25,127.12,住家用,鋼筋混凝土造,83年6月16日,三層,一層 二層 三層
RPPNMLOKNHOFFBQ66CA,22,88.63,住家用,鋼筋混凝土造,86年1月10日,十層,六層 陽台
RPPNMLOKNHOFFBQ66CA,22,21.95,防空避難室兼停車空間,鋼筋混凝土造,86年1月10日,十層,
RPPNMLOKNHOFFBQ66CA,22,15.52,電、樓梯間,鋼筋混凝土造,86年1月10日,十層,
RPUNMLPKNHOFFCQ47DA,32,101.68,住家用,鋼筋混凝土加強磚造,76年1月26日,二層,一層 二層 騎樓 電梯樓梯間
RPTNMLRLNHOFFDQ67CA,37,113.30,住商用,鋼筋混凝土加強磚造,71年6月14日,二層,一層 二層 電梯樓梯間
RPVNMLOKNHOFFDQ47CA,24,189.78,住商用,鋼筋混凝土造,83年12月30日,四層,一層 二層 三層 四層 陽台
RPPOMLTJNHOFFDQ37CA,2,186.46,住家用,鋼筋混凝土造,106年8月2日,三層,一層 二層 三層 陽台 見其他登記事項
RPXNMLLKNHOFFDQ37CA,23,66.38,集合住宅,鋼筋混凝土造,84年12月27日,五層,三層 陽台
RPXNMLLKNHOFFDQ37CA,23,12.08,樓梯間、停車空間,鋼筋混凝土造,84年12月27日,五層,
RPQNMLPKNHOFFDQ07CA,14,185.02,住家用,鋼筋混凝土造,93年11月24日,三層,一層 二層 三層 陽台 電梯樓梯間
RPTNMLPKNHOFFDQ37CA,25,199.50,住商用,鋼筋混凝土造,83年3月3日,三層,一層 二層 三層 見其他登記事項
RPXNMLTLNHOFFDQ28CA,37,97.55,住家用,鋼筋混凝土加強磚造,70年10月22日,二層,一層 二層 電梯樓梯間
RPTNMLRKNHOFFDQ57CA,37,65.32,住家用,鋼筋混凝土加強磚造,70年10月30日,一層,一層
RPRNMLOKNHOFFBQ86CA,25,84.37,住家用,鋼筋混凝土造,83年9月10日,十三層,七層 陽台
RPRNMLOKNHOFFBQ86CA,25,11.73,樓梯間,鋼筋混凝土造,83年9月10日,十三層,
RPRNMLOKNHOFFBQ86CA,25,6.34,防空避難室﹒停車空間,鋼筋混凝土造,83年9月10日,十三層,
RPRNMLLLNHOFFCQ76CA,24,173.43,住家用,鋼筋混凝土造,84年2月17日,三層,一層 二層 三層 平台 電梯樓梯間 見其他登記事項
RPRNMLKKNHOFFCQ56CA,14,182.81,集合住宅、車庫,鋼筋混凝土造,94年2月21日,三層,一層 二層 三層 電梯樓梯間 見其他登記事項
RPPNMLLLNHOFFCQ56CA,25,90.80,住家用,鋼筋混凝土造,82年12月14日,七層,六層 陽台 花台 雨遮
RPPNMLLLNHOFFCQ56CA,25,9.47,共有部分,鋼筋混凝土造,82年12月14日,七層,
RPPNMLLLNHOFFCQ56CA,25,34.23,共有部分,鋼筋混凝土造,82年12月14日,七層,
RPVNMLMLNHOFFCQ27CA,,222.85,住宅、樓梯間,鋼筋混凝土造,,,
RPPOMLRKNHOFFCQ17CA,,166.74,住家用,鋼筋混凝土造,108年1月24日,三層,一層 二層 三層 見其他登記事項
