﻿編號,屋齡,建物移轉面積平方公尺,主要用途,主要建材,建築完成日期,總層數,建物分層
The serial number,room age,building shifting area square meter,the main use,main building materials,construction completes the date,total layer,building lamination
RPWNMLMKKHOFFAU27DA,25,24.35,住家用,鋼筋混凝土造,82年11月29日,五層,四層 陽台
RPWNMLMKKHOFFAU27DA,25,5.39,共有部份,鋼筋混凝土造,82年11月29日,五層,
RPSNMLMKKHOFFAU76CA,4,230.42,住家用,鋼筋混凝土造,104年5月22日,四層,一層 二層 三層 四層 陽台
RPQOMLSKKHOFFAU27CA,24,96.33,住家用,鋼筋混凝土造,83年8月31日,七層,二層 陽台 花台
RPQOMLSKKHOFFAU27CA,24,45.01,共有部份,鋼筋混凝土造,83年8月31日,七層,
RPPNMLTKKHOFFAU17CA,24,98.92,住家用,鋼筋混凝土造,84年4月22日,六層,五層 陽台
RPPNMLTKKHOFFAU17CA,24,34.41,共有部份,鋼筋混凝土造,84年4月22日,六層,
RPVOMLTKKHOFFAU87CA,35,95.20,住家用,鋼筋混凝土造,73年1月25日,四層,三層
RPVOMLTKKHOFFAU87CA,35,12.60,共有部份,鋼筋混凝土造,73年1月25日,四層,
RPQNMLNKKHOFFAU66CA,37,95.72,住家用,鋼筋混凝土加強磚造,71年2月28日,二層,一層 二層
RPTNMLNKKHOFFAU96CA,47,97.66,住家用,鋼筋混凝土加強磚造,60年11月1日,二層,一層 二層
RPSOMLNLKHOFFAU07CA,23,52.19,住家用,鋼筋混凝土造,84年11月4日,十層,十層 陽台
RPSOMLNLKHOFFAU07CA,23,8.21,共有部份,鋼筋混凝土造,84年11月4日,十層,
RPSOMLNLKHOFFAU07CA,23,12.25,共有部份,鋼筋混凝土造,84年11月4日,十層,
RPRNMLOKKHOFFAU86CA,26,228.27,農舍,鋼筋混凝土造,82年2月22日,二層,一層 二層 陽台 屋頂突出物 見其他登記事項
RPSNMLOKKHOFFAU96CA,61,43.68,住家用,雜木,47年1月1日,一層,一層
RPQNMLPKKHOFFAU86CA,1,53.39,集合住宅,鋼筋混凝土造,107年4月27日,十二層,十二層 陽台
RPQNMLPKKHOFFAU86CA,1,12.17,本共有部份之項目有防空避難室兼停車空間、機電設備、騎樓、Ｆ梯安全梯、一樓梯廳、一樓門廳、管委會使用空間、車道、Ｃ棟垃圾處理區等９項。,鋼筋混凝土造,107年4月27日,十二層,
RPQNMLPKKHOFFAU86CA,1,15.77,共有部份,鋼筋混凝土造,107年4月27日,十二層,
RPVNMLPKKHOFFAU37CA,22,220.61,住家用,鋼筋混凝土造,85年10月29日,十六層,十六層 陽台 花台
RPVNMLPKKHOFFAU37CA,22,39.03,共有部份,鋼筋混凝土造,85年10月29日,十六層,
RPVNMLPKKHOFFAU37CA,22,28.93,停車空間,鋼筋混凝土造,85年10月29日,十六層,
RPVNMLPKKHOFFAU37CA,22,60.78,共有部份,鋼筋混凝土造,85年10月29日,十六層,
RPSNMLSKKHOFFAU37CA,2,278.32,住家用,鋼筋混凝土造,105年7月11日,四層,一層 二層 三層 四層 陽台 騎樓
RPOPMLMKLHOFFAU76DA,,92.58,集合住宅,鋼筋混凝土造,107年11月23日,五層,三層 陽台
RPOPMLMKLHOFFAU76DA,,19.36,本共有部分之項目有電梯、樓梯間、水箱等３項,鋼筋混凝土造,107年11月23日,五層,
RPQNMLPKKHOFFAU07EA,24,69.47,住家用,鋼筋混凝土造,84年2月22日,八層,七層 陽台
RPQNMLPKKHOFFAU07EA,24,12.72,共有部份,鋼筋混凝土造,84年2月22日,八層,
RPQNMLPKKHOFFAU07EA,24,16.67,共有部份,鋼筋混凝土造,84年2月22日,八層,
RPUNMLNLKHOFFAU17CA,1,109.32,集合住宅,鋼筋混凝土造,107年2月6日,九層,六層 陽台
RPUNMLNLKHOFFAU17CA,1,25.29,共有部份,鋼筋混凝土造,107年2月6日,九層,
RPUNMLNLKHOFFAU17CA,1,46.63,共有部份,鋼筋混凝土造,107年2月6日,九層,
RPRNMLNKLHOFFAU07EA,,92.58,集合住宅,鋼筋混凝土造,107年11月23日,五層,五層 陽台
RPRNMLNKLHOFFAU07EA,,19.36,本共有部分之項目有電梯、樓梯間、水箱等３項,鋼筋混凝土造,107年11月23日,五層,
RPQNMLMKLHOFFAU66CA,27,135.98,住家用,鋼筋混凝土造,81年7月13日,五層,四層 陽台
RPQNMLMKLHOFFAU66CA,27,18.22,共有部份,鋼筋混凝土造,81年7月13日,五層,
RPPNMLMKLHOFFAU56CA,23,107.65,住家用,鋼筋混凝土造,85年2月16日,十五層,十三層 陽台
RPPNMLMKLHOFFAU56CA,23,28.00,共有部份,鋼筋混凝土造,85年2月16日,十五層,
RPPNMLMKLHOFFAU56CA,23,14.51,共有部份,鋼筋混凝土造,85年2月16日,十五層,
RPSOMLPKKHOFFAU17CA,1,305.05,住家用,鋼筋混凝土造,107年1月17日,四層,一層 二層 三層 四層 陽台 屋頂突出物
RPRNMLPKKHOFFAU96CA,1,46.11,集合住宅,鋼筋混凝土造,107年4月27日,十二層,七層 陽台
RPRNMLPKKHOFFAU96CA,1,10.51,本共有部份之項目有防空避難室兼停車空間、機電設備、騎樓、Ｆ梯安全梯、一樓梯廳、一樓門廳、管委會使用空間、車道、Ｃ棟垃圾處理區等９項。,鋼筋混凝土造,107年4月27日,十二層,
RPRNMLPKKHOFFAU96CA,1,14.26,共有部份,鋼筋混凝土造,107年4月27日,十二層,
RPXOMLPLKHOFFAU77CA,24,73.90,住家用,鋼筋混凝土造,83年10月28日,十四層,十層 陽台
RPXOMLPLKHOFFAU77CA,24,21.16,共有部份,鋼筋混凝土造,83年10月28日,十四層,
RPXNMLKLKHOFFAU17CA,35,76.17,住家用,鋼筋混凝土造,72年9月10日,四層,四層
RPXNMLKLKHOFFAU17CA,35,6.47,共有部份,鋼筋混凝土造,72年9月10日,四層,
RPUOMLMLKHOFFAU17CA,23,65.69,住家用,鋼筋混凝土造,84年11月4日,十一層,十一層 陽台
RPUOMLMLKHOFFAU17CA,23,10.03,共有部份,鋼筋混凝土造,84年11月4日,十一層,
RPUOMLMLKHOFFAU17CA,23,15.11,共有部份,鋼筋混凝土造,84年11月4日,十層,
RPOPMLTKKHOFFAU27CA,4,233.38,住家用,鋼筋混凝土造,103年6月23日,四層,一層 二層 三層 四層 陽台 屋頂突出物 騎樓 見其他登記事項
RPPNMLMKLHOFFCU96EA,49,57.79,住家用,鋼筋混凝土造,59年3月1日,一層,一層
RPROMLRLKHOFFAU37CA,22,206.45,住家用,鋼筋混凝土造,86年5月12日,三層,一層 二層 三層 陽台 平台 見其他登記事項
RPWOMLRLKHOFFAU87CA,25,111.55,住家用,鋼筋混凝土造,83年4月1日,十層,八層 陽台 花台
RPWOMLRLKHOFFAU87CA,25,39.69,共有部份,鋼筋混凝土造,83年4月1日,十層,
RPVOMLPLKHOFFAU57CA,5,231.03,住家用,鋼筋混凝土造,102年12月24日,四層,一層 二層 三層 四層 陽台
RPQOMLLLKHOFFAU66CA,39,94.80,住商用,鋼筋混凝土加強磚造,69年1月17日,二層,一層 二層 騎樓
RPWOMLTKKHOFFAU97CA,42,26.32,住家用,鋼筋混凝土加強磚造,66年6月29日,一層,一層
RPWOMLTKKHOFFAU97CA,42,26.32,住家用,鋼筋混凝土加強磚造,66年6月29日,一層,一層
RPROMLMLKHOFFAU86CA,,50.23,住家用,鋼筋混凝土造,107年11月27日,一層,一層
RPPNMLQKKHOFFAU86CA,2,288.25,住家用,鋼筋混凝土造,105年12月12日,四層,一層 二層 三層 四層 陽台 屋頂突出物 見其他登記事項
RPRNMLSKKHOFFAU27CA,32,505.58,住商用,鋼筋混凝土造,75年12月8日,四層,一層 二層 三層 四層 陽台 防空避難室 屋頂突出物 騎樓
RPROMLTKKHOFFAU47CA,38,89.38,住商用,鋼筋混凝土加強磚造,70年6月25日,二層,一層 二層 騎樓
RPRNMLTKKHOFFAU37CA,46,158.35,住商用,鋼筋混凝土加強磚造,61年11月29日,三層,一層 二層 三層 騎樓 地下層
RPQOMLTKKHOFFAU37CA,24,81.02,住家用,鋼筋混凝土造,83年10月28日,十四層,十三層 陽台 花台
RPQOMLTKKHOFFAU37CA,24,22.04,共有部份,鋼筋混凝土造,83年10月28日,十四層,
RPPNMLPLKHOFFBU96CA,33,137.69,住商用,鋼筋混凝土加強磚造,75年5月9日,二層,一層 二層 騎樓 電梯樓梯間
RPSOMLTKKHOFFAU57CA,23,122.97,住家用,鋼筋混凝土造,85年1月23日,七層,四層 陽台
RPSOMLTKKHOFFAU57CA,23,40.92,共有部份,鋼筋混凝土造,85年1月23日,七層,
RPROMLKLKHOFFAU66CA,,50.53,住家用,鋼筋混凝土造,107年11月27日,一層,一層
RPPOMLKLKHOFFAU09CA,39,138.54,住商用,鋼筋混凝土造,68年8月1日,三層,一層 二層 三層 屋頂突出物 騎樓
RPUOMLKLKHOFFAU96CA,14,207.22,住家用,鋼筋混凝土造,94年6月24日,三層,一層 二層 三層 陽台 屋頂突出物
RPVOMLKLKHOFFAU07CA,35,90.74,住家用,鋼筋混凝土造,72年12月23日,二層,一層 二層
RPWOMLKLKHOFFAU17CA,23,190.92,住家用,鋼筋混凝土造,85年6月25日,三層,一層 二層 三層 陽台 平台 屋頂突出物 騎樓
RPXOMLKLKHOFFAU27CA,23,192.33,住家用,鋼筋混凝土造,85年6月25日,三層,一層 二層 三層 陽台 平台 屋頂突出物 騎樓
RPWNMLKLKHOFFAU07CA,,170.68,住家用,鋼筋混凝土造,107年10月29日,三層,一層 二層 三層 陽台
RPXNMLLLKHOFFAU27CA,11,176.21,住家用,鋼筋混凝土造,96年11月16日,四層,一層 二層 三層 四層 陽台 雨遮
RPSNMLLLKHOFFAU76CA,29,246.83,住工用,鋼筋混凝土造,78年9月9日,三層,一層 二層 三層 陽台 防空避難室 屋頂突出物 騎樓
RPPNMLLLKHOFFAU09CA,36,92.30,住家用,鋼筋混凝土造,72年6月20日,四層,一層
RPPNMLLLKHOFFAU09CA,36,13.24,共有部份,鋼筋混凝土造,72年6月20日,四層,
RPTOMLLLKHOFFAU96CA,22,216.72,住家用,鋼筋混凝土造,86年1月6日,四層,一層 二層 三層 四層 陽台
RPPNMLOLKHOFFAU76CA,10,292.19,農舍,鋼筋混凝土造,97年9月18日,三層,一層 二層 三層 見其他登記事項
RPQOMLPLKHOFFAU07CA,1,21.98,集合住宅,鋼筋混凝土造,107年3月22日,五層,四層 陽台
RPQOMLPLKHOFFAU07CA,1,18.62,共有部份,鋼筋混凝土造,107年3月22日,五層,
RPQNMLLLKHOFFAU56CA,3,228.44,住家用,鋼筋混凝土造,104年10月20日,三層,一層 二層 三層 陽台 騎樓 見其他登記事項
RPROMLPLKHOFFAU17CA,1,21.98,集合住宅,鋼筋混凝土造,107年3月22日,五層,三層 陽台
RPROMLPLKHOFFAU17CA,1,18.62,共有部份,鋼筋混凝土造,107年3月22日,五層,
RPPOMLMLKHOFFAU66CA,42,122.68,住家用,鋼筋混凝土加強磚造,66年3月23日,二層,一層 二層
RPOOMLNLKHOFFAU66CA,12,191.03,住家用,鋼筋混凝土造,95年8月11日,三層,一層 二層 三層 陽台 見其他登記事項
RPTOMLNLKHOFFAU17CA,1,49.95,集合住宅,鋼筋混凝土造,107年4月27日,十二層,十二層 陽台
RPTOMLNLKHOFFAU17CA,1,11.36,辦公室,鋼筋混凝土造,107年4月27日,十二層,一層 陽台
RPTOMLNLKHOFFAU17CA,1,14.75,共有部份,鋼筋混凝土造,107年4月27日,十二層,
RPOOMLLLKHOFFAU09CA,3,372.74,住家用,鋼筋混凝土造,105年1月6日,二層,一層 二層 陽台 屋頂突出物
RPSOMLLLKHOFFAU86CA,7,253.16,住家用,鋼筋混凝土造,100年8月26日,四層,一層 二層 三層 四層 陽台
RPPNMLMLKHOFFAU56CA,23,56.39,住家用,鋼筋混凝土造,85年3月9日,七層,五層 陽台
RPPNMLMLKHOFFAU56CA,23,24.12,共有部份,鋼筋混凝土造,85年3月9日,七層,
RPOPMLKLKHOFFAU09CA,25,207.01,住宅、儲藏室、自用車庫,鋼筋混凝土造,83年6月24日,四層,一層 二層 三層 四層 陽台 平台 地下層
RPVNMLOJLHOFFAU27CA,25,21.88,住家用,鋼筋混凝土造,82年6月22日,七層,七層 陽台
RPVNMLOJLHOFFAU27CA,25,8.90,共有部份,鋼筋混凝土造,82年6月22日,七層,
RPRNMLQLKHOFFAU17CA,30,91.80,住家用,鋼筋混凝土造,77年11月25日,五層,四層 陽台
RPRNMLQLKHOFFAU17CA,30,6.14,共有部份,鋼筋混凝土造,77年11月25日,五層,
RPRNMLNLKHOFFAU86CA,13,199.96,住家用,鋼筋混凝土造,94年12月20日,四層,一層 二層 三層 四層 陽台
RPQNMLLLKHOFFBU66CA,,104.28,住家用,加強磚造、木石磚造,,二層,一層 二層 騎樓
RPUOMLTKKHOFFAU77CA,38,78.36,住家用,鋼筋混凝土造,70年6月19日,五層,四層
RPUOMLTKKHOFFAU77CA,38,10.90,共有部份,鋼筋混凝土造,70年6月19日,五層,
RPTOMLTKKHOFFAU67CA,25,65.20,住家用,鋼筋混凝土造,83年3月15日,十二層,十一層 陽台
RPTOMLTKKHOFFAU67CA,25,19.10,共有部份,鋼筋混凝土造,83年3月15日,十二層,
RPPNMLLLKHOFFCU66CA,8,243.52,住家用,鋼筋混凝土造,100年5月20日,三層,一層 二層 三層 陽台 見其他登記事項
RPPQMLTKLHOFFAU57CA,26,41.58,住家用,鋼筋混凝土造,81年10月9日,十二層,六層
RPPQMLTKLHOFFAU57CA,26,13.17,共有部份,鋼筋混凝土造,81年10月9日,十二層,
RPTOMLTKLHOFFAU77CA,18,39.78,住家用,鋼筋混凝土造,89年11月9日,五層,二層 陽台 雨遮
RPTOMLTKLHOFFAU77CA,18,10.78,共有部份,鋼筋混凝土造,89年11月9日,五層,
RPVOMLTKLHOFFAU97CA,26,21.88,住家用,鋼筋混凝土造,82年6月22日,七層,七層 陽台
RPVOMLTKLHOFFAU97CA,26,8.90,共有部份,鋼筋混凝土造,82年6月22日,七層,
RPSPMLMKLHOFFAU07CA,21,83.40,住家用,鋼筋混凝土造,87年5月7日,十層,七層 陽台
RPSPMLMKLHOFFAU07CA,21,19.76,共有部份,鋼筋混凝土造,87年5月7日,十層,
RPQNMLPLKHOFFAU96CA,21,60.37,商業用,鋼筋混凝土造,86年8月22日,五層,一層
RPQNMLPLKHOFFAU96CA,21,18.92,共有部份,鋼筋混凝土造,86年8月22日,五層,
RPWNMLLLKHOFFAU17CA,24,141.82,住家用,鋼筋混凝土造,84年6月30日,十層,十層 陽台 花台
RPWNMLLLKHOFFAU17CA,24,37.75,共有部份,鋼筋混凝土造,84年6月30日,十層,
RPSNMLPLKHOFFAU17CA,20,102.98,住家用,鋼筋混凝土造,88年5月20日,五層,二層 三層 陽台 平台 雨遮
RPSNMLPLKHOFFAU17CA,20,13.40,停車空間,鋼筋混凝土造,88年5月20日,五層,
RPSNMLPLKHOFFAU17CA,20,22.58,共有部份,鋼筋混凝土造,88年5月20日,五層,
RPVOMLNLKHOFFAU37CA,1,49.95,集合住宅,鋼筋混凝土造,107年4月27日,十二層,七層 陽台
RPVOMLNLKHOFFAU37CA,1,46.26,本共有部份之項目有防空避難室兼停車空間、機電設備、騎樓、Ｆ梯安全梯、一樓梯廳、一樓門廳、管委會使用空間、車道、Ｃ棟垃圾處理區等９項。,鋼筋混凝土造,107年4月27日,十二層,
RPVOMLNLKHOFFAU37CA,1,15.45,共有部份,鋼筋混凝土造,107年4月27日,十二層,
RPXNMLMLKHOFFAU37CA,40,71.28,住家用,鋼筋混凝土加強磚造,68年4月9日,二層,一層 二層
RPUOMLNLKHOFFAU27CA,43,239.85,住商用,鋼筋混凝土加強磚造,65年1月21日,三層,一層 二層 三層 騎樓
RPTNMLOJLHOFFAU07CA,3,299.95,住家用,鋼筋混凝土造,105年1月21日,四層,一層 二層 三層 四層 陽台
RPOPMLRLKHOFFAU17CA,3,386.08,住家用,鋼筋混凝土造,104年8月26日,四層,一層 二層 三層 四層 陽台 屋頂突出物 見其他登記事項
RPOPMLNLKHOFFAU76CA,23,74.96,住家用,鋼筋混凝土造,85年1月19日,九層,六層 陽台 花台
RPOPMLNLKHOFFAU76CA,23,21.09,共有部份,鋼筋混凝土造,85年1月19日,九層,
RPPPMLNLKHOFFAU86CA,30,50.55,住家用,鋼筋混凝土造,78年6月30日,十層,六層 陽台
RPPPMLNLKHOFFAU86CA,32,.94,共有部份,鋼筋混凝土造,76年6月30日,十層,
RPXOMLNLKHOFFAU57CA,,49.95,集合住宅,鋼筋混凝土造,107年4月27日,十二層,九層 陽台
RPXOMLNLKHOFFAU57CA,,11.36,本共有部份之項目有防空避難室兼停車空間、機電設備、騎樓、Ｆ梯安全梯、一樓梯廳、一樓門廳、管委會使用空間、車道、Ｃ棟垃圾處理區等９項。,鋼筋混凝土造,107年4月27日,十二層,
RPXOMLNLKHOFFAU57CA,,15.45,共有部份,鋼筋混凝土造,107年4月27日,十二層,
RPSNMLMLKHOFFBU96CA,43,158.11,住家用,鋼筋混凝土造,64年8月29日,二層,一層 二層 騎樓
RPUNMLPJLHOFFAU27CA,25,82.26,住家用,鋼筋混凝土造,83年5月25日,六層,六層 陽台 花台
RPUNMLPJLHOFFAU27CA,25,33.67,共有部份,鋼筋混凝土造,83年5月25日,六層,
RPVNMLRLKHOFFAU67CA,4,488.60,住家用,鋼筋混凝土造,103年12月30日,五層,一層 二層 三層 四層 五層 陽台 騎樓
RPTNMLPJLHOFFAU17CA,27,216.79,住商用,鋼筋混凝土造,80年11月6日,四層,一層 二層 三層 四層 陽台 騎樓
RPWNMLRLKHOFFAU77CA,4,455.82,住家用,鋼筋混凝土造,103年12月30日,五層,一層 二層 三層 四層 五層 陽台 騎樓
RPTNMLOKLHOFFAU17CA,1,322.60,住家用,鋼筋混凝土造,107年5月24日,四層,一層 二層 三層 四層 陽台 見其他登記事項
RPVNMLPLKHOFFAU47CA,20,102.98,住家用,鋼筋混凝土造,88年5月20日,五層,二層 三層 陽台 平台 雨遮
RPVNMLPLKHOFFAU47CA,20,13.50,停車空間,鋼筋混凝土造,88年5月20日,五層,
RPVNMLPLKHOFFAU47CA,20,22.26,共有部份,鋼筋混凝土造,88年5月20日,五層,
RPPNMLPLKHOFFAU86CA,36,125.90,住商用,鋼筋混凝土加強磚造,72年1月28日,二層,一層 二層 騎樓
RPWOMLNLKHOFFAU47CA,36,102.30,住家用,鋼筋混凝土加強磚造,72年2月16日,二層,一層 二層
RPQPMLQLKHOFFAU27CA,37,16.72,避難室,鋼筋混凝土造,70年12月17日,七層,防空避難室
RPQPMLQLKHOFFAU27CA,37,109.72,住家用,鋼筋混凝土造,70年12月17日,七層,五層
RPQPMLQLKHOFFAU27CA,37,231.33,共有部份,鋼筋混凝土造,70年12月17日,七層,
RPUOMLQLKHOFFAU57CA,26,217.90,住商用,鋼筋混凝土造,82年3月20日,四層,一層 二層 三層 四層 陽台 屋頂突出物 見其他登記事項
RPSNMLQLKHOFFAU27CA,18,80.61,住家用,鋼筋混凝土造,90年3月15日,十四層,八層 陽台
RPSNMLQLKHOFFAU27CA,18,23.01,門廳及樓梯間、活動中心及避難室、地下層及屋頂突出物,鋼筋混凝土造,90年3月15日,十四層,
RPSNMLQLKHOFFAU27CA,18,.90,住家用,鋼筋混凝土造,90年3月15日,十四層,一層
RPSNMLQLKHOFFAU27CA,18,4.40,門廳及樓梯間、活動中心及避難室、地下層及屋頂突出物,鋼筋混凝土造,90年3月15日,十四層,
RPTNMLQLKHOFFAU37CA,40,62.72,住家用,加強磚造,68年1月15日,二層,一層 二層 騎樓
RPQOMLNLKHOFFAU86CA,39,197.53,住商用,鋼筋混凝土造,68年12月21日,四層,一層 二層 三層 四層 騎樓
RPXOMLRLKHOFFAU97CA,20,120.61,住家用,鋼筋混凝土造,87年8月31日,四層,一層 二層 三層 四層 陽台 平台 屋頂突出物
RPPOMLPJLHOFFAU86CA,3,335.19,住家用,鋼筋混凝土造,105年7月5日,四層,一層 二層 三層 四層 陽台
RPVNMLQLKHOFFAU57CA,32,70.96,住商用,鋼筋混凝土造,76年1月13日,五層,一層 騎樓 夾層 見其他登記事項
RPVNMLQLKHOFFAU57CA,32,1.53,共有部份,鋼筋混凝土造,76年1月13日,五層,
RPSOMLQLKHOFFAU37CA,3,344.23,住家用,鋼筋混凝土造,105年5月27日,三層,一層 二層 三層 陽台 屋頂突出物
RPSPMLQLKHOFFAU47CA,23,68.68,住家用,鋼筋混凝土造,84年11月4日,十層,十層 陽台
RPSPMLQLKHOFFAU47CA,23,12.73,共有部份,鋼筋混凝土造,84年11月4日,十層,
RPSPMLQLKHOFFAU47CA,23,15.52,共有部份,鋼筋混凝土造,84年11月4日,十層,
RPPNMLSKLHOFFCU37CA,38,121.06,住商用,鋼筋混凝土加強磚造,70年6月22日,二層,一層 二層 騎樓
RPRNMLRJLHOFFAU37EA,85,57.50,住家用,木造蓋鐵皮,23年1月1日,一層,一層
RPTPMLQLKHOFFAU57CA,40,70.84,住家用,鋼筋混凝土加強磚造,68年2月12日,二層,一層 二層
RPRNMLRLKHOFFAU27CA,23,133.38,住商用,鋼筋混凝土造,84年11月4日,十一層,一層 二層 陽台 平台
RPRNMLRLKHOFFAU27CA,23,19.79,共有部份,鋼筋混凝土造,84年11月4日,十一層,
RPRNMLRLKHOFFAU27CA,23,29.81,共有部份,鋼筋混凝土造,84年11月4日,十層,
RPPNMLRLKHOFFAU07CA,17,264.19,住家用,鋼筋混凝土造,91年5月22日,三層,一層 二層 三層 陽台 屋頂突出物 夾層
RPTNMLSKLHOFFAU57CA,27,34.82,住家用,鋼筋混凝土造,81年1月28日,四層,二層 陽台
RPTNMLSKLHOFFAU57CA,27,6.31,共有部份,鋼筋混凝土造,81年1月28日,四層,
RPQNMLQLKHOFFCU27CA,32,114.62,住家用,鋼筋混凝土加強磚造,76年1月26日,二層,一層 二層 騎樓
RPTPMLTKLHOFFAU87CA,25,64.82,住家用,鋼筋混凝土造,82年10月29日,十層,七層 陽台
RPTPMLTKLHOFFAU87CA,25,20.46,共有部份,鋼筋混凝土造,82年10月29日,十層,
RPTNMLRLKHOFFAU47CA,24,21.10,住家用,鋼筋混凝土造,83年11月15日,十二層,七層 陽台
RPTNMLRLKHOFFAU47CA,24,6.56,共有部份,鋼筋混凝土造,83年11月15日,十二層,
RPTNMLRLKHOFFAU47CA,24,3.58,共有部份,鋼筋混凝土造,83年11月15日,十二層,
RPPNMLPJLHOFFAU76CA,24,83.18,住家用,鋼筋混凝土造,84年3月21日,十三層,四層 陽台
RPPNMLPJLHOFFAU76CA,24,8.87,共有部份,鋼筋混凝土造,84年3月21日,十三層,
RPPNMLPJLHOFFAU76CA,24,10.60,共有部份,鋼筋混凝土造,84年3月21日,十三層,
RPROMLPJLHOFFAU07CA,26,88.11,商業用,鋼筋混凝土造,81年10月1日,七層,二層 陽台
RPROMLPJLHOFFAU07CA,26,29.51,共有部份,鋼筋混凝土造,81年10月1日,七層,
RPQOMLOJLHOFFAU86CA,46,84.54,住家用,鋼筋混凝土加強磚造,62年7月31日,二層,一層 二層
RPPNMLOJLHOFFAU66CA,1,348.18,住家用,鋼筋混凝土造,106年8月24日,四層,一層 二層 三層 四層 陽台
RPQNMLQJLHOFFCU17CA,,216.15,住家用,鋼筋混凝土造,107年9月27日,三層,一層 二層 三層 陽台
RPQNMLRJLHOFFAU07CA,43,226.50,住商用,鋼筋混凝土造,65年5月13日,三層,一層 二層 三層 騎樓
RPRNMLOJLHOFFAU86CA,34,122.02,住家用,鋼筋混凝土造,74年7月18日,二層,一層 二層 陽台 屋頂突出物
RPRNMLPJLHOFFCU17CA,44,61.58,住家用,鋼筋混凝土加強磚造,63年12月12日,一層,一層
RPXNMLSKLHOFFAU97CA,12,194.15,住家用,鋼筋混凝土造,95年11月30日,三層,一層 二層 三層 陽台 屋頂突出物 雨遮
RPVNMLSKLHOFFAU77CA,47,74.52,住家用,鋼筋混凝土加強磚造,60年9月7日,二層,一層 二層 騎樓
RPPNMLPJLHOFFBU86CA,23,185.94,住家用,鋼筋混凝土造,84年7月4日,三層,一層 二層 三層 陽台
RPTNMLNKLHOFFAU07CA,37,226.14,住商用,鋼筋混凝土造,71年6月8日,三層,一層 二層 三層 防空避難室 屋頂突出物 騎樓
RPVNMLPJLHOFFAU37CA,25,138.15,住家用,鋼筋混凝土造,82年12月29日,三層,一層 二層 三層 陽台
RPWNMLQJLHOFFAU57CA,40,94.75,住商用,鋼筋混凝土加強磚造,67年12月6日,二層,一層 二層 屋頂突出物 騎樓
RPRNMLPJLHOFFAU96CA,2,167.40,農舍,鋼筋混凝土造,105年12月16日,三層,一層 二層 三層 陽台 屋頂突出物
RPOOMLQJLHOFFAU86CA,41,55.52,住家用,鋼筋混凝土加強磚造,66年11月2日,一層,一層
RPQNMLQJLHOFFAU96CA,22,29.85,住家用,鋼筋混凝土造,85年10月29日,十六層,五層 陽台
RPQNMLQJLHOFFAU96CA,22,14.47,停車空間,鋼筋混凝土造,85年10月29日,十六層,
RPQNMLQJLHOFFAU96CA,22,4.94,共有部份,鋼筋混凝土造,85年10月29日,十六層,
RPQOMLRJLHOFFAU17CA,33,114.39,住商用,鋼筋混凝土造,75年4月2日,五層,一層 二層 陽台 騎樓
RPQNMLQJLHOFFAU96CA,22,7.55,共有部份,鋼筋混凝土造,85年10月29日,十六層,
RPQOMLRJLHOFFAU17CA,33,8.11,共有部份,鋼筋混凝土造,75年4月2日,五層,
RPQOMLNKLHOFFAU86CA,3,462.36,住家用,鋼筋混凝土造,105年1月7日,四層,一層 二層 三層 四層 陽台 騎樓
RPPPMLTKLHOFFAU47CA,34,122.28,住商用,鋼筋混凝土造,74年1月30日,二層,一層 二層 陽台 屋頂突出物 騎樓
RPQNMLRJLHOFFCU27CA,21,236.78,住家用,鋼筋混凝土造,86年9月17日,三層,一層 二層 三層 陽台
RPQNMLLKLHOFFBU66CA,40,123.24,住商用,鋼筋混凝土造,67年9月20日,二層,一層 二層 騎樓
RPTOMLSJLHOFFAU77EA,23,21.23,住家用,鋼筋混凝土造,85年5月13日,五層,五層
RPTOMLSJLHOFFAU77EA,23,9.00,共有部份,鋼筋混凝土造,85年5月13日,五層,
SPTOMLSJLHOFFAU87EA,23,17.18,住家用,鋼筋混凝土造,85年5月13日,五層,五層 陽台
SPTOMLSJLHOFFAU87EA,23,8.20,共有部份,鋼筋混凝土造,85年5月13日,五層,
RPQPMLTKLHOFFAU57CA,42,78.95,住家用,鋼筋混凝土加強磚造,65年9月30日,二層,一層 二層
RPQNMLNKLHOFFCU96CA,22,145.50,住家用,鋼筋混凝土造,86年2月22日,三層,一層 二層 三層
RPRPMLTKLHOFFAU67CA,35,83.26,住家用,鋼筋混凝土加強磚造,72年10月28日,二層,一層 二層
RPWNMLSKLHOFFAU87CA,41,116.64,住商用,鋼筋混凝土加強磚造,67年5月5日,二層,一層 二層 騎樓
RPUNMLSKLHOFFAU67CA,26,27.01,住家用,鋼筋混凝土造,81年10月9日,十二層,七層
RPUNMLSKLHOFFAU67CA,26,9.12,共有部份,鋼筋混凝土造,81年10月9日,十二層,
RPTNMLRJLHOFFAU37CA,25,136.73,住家用,鋼筋混凝土造,82年12月29日,三層,一層 二層 三層 陽台
RPWNMLRJLHOFFAU67CA,27,70.00,商業用,鋼筋混凝土造,81年3月3日,五層,一層
RPWNMLRJLHOFFAU67CA,27,13.16,共有部份,鋼筋混凝土造,81年3月3日,五層,
RPXNMLRJLHOFFAU77CA,23,56.39,住家用,鋼筋混凝土造,85年3月9日,七層,四層 陽台
RPXNMLRJLHOFFAU77CA,23,24.12,共有部份,鋼筋混凝土造,85年3月9日,七層,
RPOOMLRJLHOFFAU96CA,25,136.73,住家用,鋼筋混凝土造,82年12月29日,三層,一層 二層 三層 陽台
RPXOMLLKLHOFFAU37CA,42,72.18,住家用,鋼筋混凝土加強磚造,65年11月3日,一層,一層
RPTOMLRJLHOFFAU47CA,,17.69,住家用,木造,,一層,一層
RPUNMLMKLHOFFAU07CA,24,214.69,住商用,鋼筋混凝土造,84年1月19日,四層,一層 二層 三層 四層 陽台 平台 騎樓 雨遮
RPXOMLRJLHOFFAU87CA,37,76.61,住家用,鋼筋混凝土造,70年12月28日,五層,四層
RPXOMLRJLHOFFAU87CA,37,10.85,共有部份,鋼筋混凝土造,70年12月28日,五層,
RPWNMLMKLHOFFAU27CA,9,181.42,住家用,鋼筋混凝土造,99年6月18日,三層,一層 二層 三層 陽台
RPOOMLMKLHOFFAU56CA,37,205.95,住商用,鋼筋混凝土造,70年9月15日,三層,一層 二層 三層 屋頂突出物 騎樓
RPQNMLSJLHOFFAU17CA,21,87.02,住家用,鋼筋混凝土造,87年4月3日,十層,三層 陽台
RPQNMLSJLHOFFAU17CA,21,8.88,共有部份,鋼筋混凝土造,87年4月3日,十層,
RPQNMLSJLHOFFAU17CA,21,17.06,共有部份,鋼筋混凝土造,87年4月3日,十層,
RPQNMLSJLHOFFAU17CA,21,8.45,共有部份,鋼筋混凝土造,87年4月3日,十層,
RPPOMLSJLHOFFAU17CA,31,36.59,住家用,鋼筋混凝土造,76年11月4日,七層,五層 陽台
RPPOMLSJLHOFFAU17CA,31,11.63,共有部份,鋼筋混凝土造,76年11月4日,七層,
RPUOMLSJLHOFFAU67CA,16,274.54,住家用,鋼筋混凝土造,92年3月17日,四層,一層 二層 三層 四層 陽台 見其他登記事項
RPROMLSJLHOFFAU37CA,20,86.99,住家用,鋼筋混凝土造,88年2月24日,六層,四層 陽台
RPROMLSJLHOFFAU37CA,20,35.11,共有部份,鋼筋混凝土造,88年2月24日,六層,
RPPOMLRJLHOFFAU07CA,25,138.06,住家用,鋼筋混凝土造,82年12月29日,三層,一層 二層 三層 陽台
RPVPMLTKLHOFFAU08CA,29,33.85,住家用,鋼筋混凝土造,78年11月4日,六層,五層 陽台
RPVPMLTKLHOFFAU08CA,29,10.79,共有部份,鋼筋混凝土造,78年11月4日,六層,
RPQOMLTKLHOFFAU47CA,32,107.25,住家用,鋼筋混凝土造,76年6月20日,四層,三層 陽台
RPQOMLTKLHOFFAU47CA,32,18.55,共有部份,鋼筋混凝土造,76年6月20日,四層,
RPPNMLKLLHOFFAU09CA,2,292.42,農舍,鋼筋混凝土造,106年1月19日,三層,一層 二層 三層 陽台
RPOOMLMJMHOFFAU56CA,16,180.70,住家用,鋼筋混凝土造,92年1月27日,三層,一層 二層 三層 陽台
RPWOMLMJMHOFFAU37CA,42,89.84,住商用,鋼筋混凝土加強磚造,66年1月1日,二層,一層 二層 騎樓
RPWNMLKLLHOFFAU17CA,16,100.48,住家用,鋼筋混凝土造,91年11月21日,十一層,三層 陽台
RPWNMLKLLHOFFAU17CA,16,66.88,共有部份,鋼筋混凝土造,91年11月21日,十一層,
RPQNMLSJLHOFFCU37CA,35,90.75,住家用,鋼筋混凝土加強磚造,73年2月16日,二層,一層 二層 陽台
RPQNMLSJLHOFFCU37CA,35,88.37,住家用,鋼筋混凝土加強磚造,73年2月16日,二層,一層 二層 陽台
RPSOMLSJLHOFFAU67EA,48,70.68,住家用,鋼筋混凝土造,59年10月8日,二層,一層 二層
RPUOMLMKLHOFFAU27DA,16,106.23,住家用,鋼筋混凝土造,91年12月2日,14,二層 陽台
RPUOMLMKLHOFFAU27DA,16,61.92,共有部份,鋼筋混凝土造,91年12月2日,十四層,
RPWOMLMKLHOFFAU37CA,31,20.70,住家用,鋼筋混凝土造,76年11月4日,七層,五層 陽台
RPWOMLMKLHOFFAU37CA,31,11.85,共有部份,鋼筋混凝土造,76年11月4日,七層,
RPPNMLPKLHOFFAU86CA,26,21.89,住家用,鋼筋混凝土造,81年12月9日,五層,四層 陽台
RPPNMLPKLHOFFAU86CA,26,5.38,共有部份,鋼筋混凝土造,81年12月9日,五層,
RPOOMLPLLHOFFAU96CA,42,122.33,住商用,鋼筋混凝土加強磚造,66年2月30日,二層,一層 二層 陽台 騎樓
RPSNMLPLLHOFFAU27CA,,66.78,住家用,木造,,一層,一層 騎樓 廚房
RPXOMLRLLHOFFAU08CA,33,95.72,住家用,鋼筋混凝土造,75年6月24日,二層,一層 二層
RPXNMLMKLHOFFAU37CA,16,100.48,住家用,鋼筋混凝土造,91年11月21日,十一層,四層 陽台
RPXNMLMKLHOFFAU37CA,16,66.88,共有部份,鋼筋混凝土造,91年11月21日,十一層,
RPRPMLMKLHOFFAU96CA,24,35.33,住家用,鋼筋混凝土造,83年11月17日,七層,七層 陽台
RPRPMLMKLHOFFAU96CA,24,11.31,共有部份,鋼筋混凝土造,83年11月17日,七層,
RPSOMLNKLHOFFAU07CA,22,32.30,住家用,鋼筋混凝土、木造,85年11月1日,五層,一層 夾層
RPSOMLNKLHOFFAU07CA,22,18.40,共有部份,鋼筋混凝土造,85年11月1日,五層,
RPQNMLMJMHOFFAU66CA,3,189.96,住家用,鋼筋混凝土造,104年11月10日,三層,一層 二層 三層 陽台 屋頂突出物
RPRNMLMJMHOFFAU76CA,21,32.39,住家用,鋼筋混凝土造,87年1月14日,五層,三層 陽台
RPRNMLMJMHOFFAU76CA,22,7.94,共有部份,鋼筋混凝土造,86年5月15日,五層,
RPSNMLMKLHOFFAU86CA,21,43.47,住家用,鋼筋混凝土造,87年5月7日,十層,十層 陽台
RPSNMLMKLHOFFAU86CA,21,10.29,共有部份,鋼筋混凝土造,87年5月7日,十層,
RPVNMLTLLHOFFAU97CA,27,244.39,住工用,鋼筋混凝土造,80年12月13日,四層,一層 二層 三層 四層 陽台 見其他登記事項
RPPNMLOKLHOFFAU96EA,24,20.55,住家用,鋼筋混凝土造,84年8月19日,十一層,十層
RPPNMLOKLHOFFAU96EA,24,6.53,共有部份,鋼筋混凝土造,84年8月19日,十一層,
RPQNMLOKLHOFFBU96CA,38,119.14,住商用,鋼筋混凝土加強磚造,69年9月5日,二層,一層 二層 騎樓
RPXNMLNKLHOFFAU47CA,39,115.56,住家用,鋼筋混凝土加強磚造,69年1月7日,二層,一層 二層
RPSOMLTJMHOFFAU67CA,39,189.20,住商用,鋼筋混凝土加強磚造,69年4月21日,二層,一層 二層 屋頂突出物 騎樓
RPRNMLOKLHOFFAU96CA,20,115.40,住家用,鋼筋混凝土造,88年5月20日,五層,四層 五層 陽台 見其他登記事項
RPRNMLOKLHOFFAU96CA,20,13.50,停車空間,鋼筋混凝土造,88年5月20日,五層,
RPRNMLOKLHOFFAU96CA,20,25.75,共有部份,鋼筋混凝土造,88年5月20日,五層,
RPTOMLTJMHOFFAU77CA,42,137.07,住商用,鋼筋混凝土加強磚造,66年7月19日,二層,一層 二層 騎樓
RPPNMLNKLHOFFAU66CA,25,130.42,住家用,鋼筋混凝土造,83年7月5日,五層,五層 露台 夾層
RPPNMLNKLHOFFAU66CA,25,49.86,共有部份,鋼筋混凝土造,83年7月5日,五層,
RPTNMLPKLHOFFAU27CA,17,204.54,住家用,鋼筋混凝土造,90年10月2日,四層,一層 二層 三層 四層 陽台 雨遮
RPROMLNKLHOFFAU96CA,22,35.13,住家用,鋼筋混凝土、木造,85年11月1日,五層,五層 陽台 夾層
RPROMLNKLHOFFAU96CA,22,17.09,共有部份,鋼筋混凝土造,85年11月1日,五層,
RPSNMLOKLHOFFAU07CA,,274.49,住家用,鋼筋混凝土造,108年1月11日,四層,一層 二層 三層 四層 陽台
RPUNMLOKLHOFFAU27CA,39,74.80,住家用,鋼筋混凝土加強磚造,69年7月19日,二層,一層 二層
RPTPMLMJMHOFFAU17CA,36,107.58,住商用,鋼筋混凝土加強磚造,71年12月21日,二層,一層 二層 騎樓
RPSPMLMJMHOFFAU07CA,24,74.36,住家用,鋼筋混凝土造,83年10月26日,九層,四層 陽台 花台
RPSPMLMJMHOFFAU07CA,24,6.08,共有部份,鋼筋混凝土造,83年10月26日,九層,
RPSNMLLLLHOFFAU86CA,3,256.78,農舍,鋼筋混凝土造,105年4月14日,三層,一層 二層 三層 陽台
RPSPMLMJMHOFFAU07CA,24,18.81,共有部份,鋼筋混凝土造,83年10月26日,九層,
RPVNMLOKLHOFFAU37CA,1,53.00,集合住宅,鋼筋混凝土造,107年4月27日,十二層,六層 陽台
RPVNMLOKLHOFFAU37CA,1,12.04,本共有部份之項目有防空避難室兼停車空間、機電設備、騎樓、Ｆ梯安全梯、一樓梯廳、一樓門廳、管委會使用空間、車道、Ｃ棟垃圾處理區等９項。,鋼筋混凝土造,107年4月27日,十二層,
RPVNMLOKLHOFFAU37CA,1,15.66,共有部份,鋼筋混凝土造,107年4月27日,十二層,
RPQOMLMLLHOFFAU86CA,8,337.89,住家用,鋼筋混凝土造,100年2月23日,四層,一層 二層 三層 四層 陽台
RPPOMLMJMHOFFAU66CA,31,35.24,住家用,鋼筋混凝土造,76年11月17日,七層,五層
RPPOMLMJMHOFFAU66CA,31,10.09,共有部份,鋼筋混凝土造,76年11月17日,七層,
RPUNMLNJMHOFFAU37EA,23,14.30,停車空間,鋼筋混凝土造,85年2月5日,十二層,
RPRNMLPLLHOFFCU37CA,37,87.36,住家用,鋼筋混凝土加強磚造,71年3月27日,二層,一層 二層
RPQNMLSKLHOFFAU27CA,25,156.68,住家用,鋼筋混凝土造,82年12月23日,三層,一層 二層 三層 陽台 平台 屋頂突出物
RPRNMLSKLHOFFAU37CA,25,19.78,住家用,鋼筋混凝土造,83年7月8日,六層,五層 花台
RPRNMLSKLHOFFAU37CA,25,8.59,共有部份,鋼筋混凝土造,83年7月8日,六層,
RPOOMLMLLHOFFAU66CA,35,78.48,住家用,鋼筋混凝土造,72年9月10日,四層,四層
RPOOMLMLLHOFFAU66CA,35,8.32,共有部份,鋼筋混凝土造,72年9月10日,四層,
RPWOMLTKLHOFFAU08CA,34,121.94,住家用,鋼筋混凝土造,74年5月24日,二層,一層 二層 陽台 屋頂突出物 夾層
RPXOMLTKLHOFFAU18CA,40,625.96,工業用,見其他登記事項,68年4月27日,一層,一層 地下層
RPQNMLLKMHOFFAU66CA,40,83.14,住家用,鋼筋混凝土加強磚造,67年10月13日,一層,一層
RPVOMLKKMHOFFAU17CA,26,231.49,農舍,鋼筋混凝土造,82年7月18日,三層,一層 二層 三層 陽台 雨遮
RPWOMLKKMHOFFAU27CA,3,386.08,住家用,鋼筋混凝土造,104年8月25日,四層,一層 二層 三層 四層 陽台 屋頂突出物 見其他登記事項
RPTNMLLLLHOFFAU96CA,25,35.30,住家用,鋼筋混凝土造,83年8月11日,八層,七層 陽台
RPTNMLLLLHOFFAU96CA,25,10.94,共有部份,鋼筋混凝土造,83年8月11日,八層,
RPXNMLKLLHOFFAU27CA,27,91.23,住家用,鋼筋混凝土造,81年4月30日,五層,一層 平台
RPXNMLKLLHOFFAU27CA,27,16.80,共有部份,鋼筋混凝土造,81年4月30日,五層,
RPPNMLPLLHOFFAU96CA,38,188.93,住商用,鋼筋混凝土造,70年6月26日,三層,一層 二層 三層 屋頂突出物 騎樓
RPOOMLSKLHOFFAU17CA,2,354.97,農舍,鋼筋混凝土造,105年11月7日,三層,一層 二層 三層 陽台 屋頂突出物 見其他登記事項
RPPOMLMLLHOFFAU76CA,25,43.50,住家用,鋼筋混凝土造,83年4月13日,十二層,六層 陽台
RPPOMLMLLHOFFAU76CA,25,14.37,共有部份,鋼筋混凝土造,83年4月13日,十二層,
RPVPMLMJMHOFFAU37CA,39,115.94,住工用,鋼筋混凝土加強磚造,68年10月3日,二層,一層 二層 騎樓
RPUNMLMLLHOFFAU17CA,12,135.67,住家用,鋼筋混凝土造,95年12月8日,三層,一層 二層 三層 陽台 雨遮
RPUPMLMJMHOFFAU27CA,24,40.43,住家用,鋼筋混凝土造,84年3月21日,十三層,十層 陽台
RPUPMLMJMHOFFAU27CA,24,4.43,共有部份,鋼筋混凝土造,84年3月21日,十三層,
RPUPMLMJMHOFFAU27CA,24,7.24,共有部份,鋼筋混凝土造,84年3月21日,十三層,
RPTNMLMJMHOFFAU96CA,,10.05,商業用,木造,,二層,一層 二層
RPRNMLPKMHOFFAU17CA,41,110.63,店舖、住宅,鋼筋混凝土加強磚造,67年6月21日,二層,一層 二層 陽台 騎樓
RPQNMLKLLHOFFCU76CA,33,103.20,住商用,鋼筋混凝土加強磚造,74年11月7日,二層,一層 二層 陽台
RPXOMLMKMHOFFAU57CA,14,240.74,住家用,鋼筋混凝土造,94年4月21日,四層,一層 二層 三層 四層 陽台 屋頂突出物
RPOOMLKLLHOFFAU09CA,24,22.64,住家用,鋼筋混凝土造,83年11月15日,十二層,十一層
RPRNMLLLLHOFFAU76CA,5,134.69,農舍,鋼筋混凝土造,103年1月10日,三層,一層 二層 三層 陽台
RPXNMLLLLHOFFAU37CA,6,215.35,住家用,鋼筋混凝土造,101年11月7日,四層,一層 二層 三層 四層 陽台
RPPNMLLLLHOFFAU56CA,34,96.99,住家用,鋼筋混凝土造,74年7月13日,二層,一層 二層
RPVNMLKLLHOFFAU07CA,24,69.47,住家用,鋼筋混凝土造,84年2月22日,八層,七層 陽台
RPVNMLKLLHOFFAU07CA,24,12.72,共有部份,鋼筋混凝土造,84年2月22日,八層,
RPVNMLKLLHOFFAU07CA,24,16.67,共有部份,鋼筋混凝土造,84年2月22日,八層,
RPQOMLMJMHOFFAU76CA,36,139.04,住家用,鋼筋混凝土加強磚造,72年7月29日,二層,一層 二層
RPSPMLTKLHOFFAU77CA,35,109.50,住商用,鋼筋混凝土造,73年1月20日,二層,一層 二層 騎樓
RPUNMLLLLHOFFAU27EA,41,54.12,住商用,鋼筋混凝土造,67年5月18日,二層,一層 二層 騎樓
RPPOMLLLLHOFFAU66CA,20,102.98,住家用,鋼筋混凝土造,88年5月20日,五層,二層 三層 陽台 平台 雨遮
RPPOMLLLLHOFFAU66CA,20,13.40,停車空間,鋼筋混凝土造,88年5月20日,五層,
RPPOMLLLLHOFFAU66CA,20,22.58,共有部份,鋼筋混凝土造,88年5月20日,五層,
RPXNMLMLLHOFFAU47CA,45,101.44,住家用,鋼筋混凝土加強磚造,62年11月15日,二層,一層 二層
RPVNMLLLLHOFFAU17CA,30,138.95,住家用,鋼筋混凝土造,78年3月18日,二層,一層 二層 陽台 屋頂突出物
RPOPMLMKMHOFFAU76CA,27,128.12,住商用,鋼筋混凝土造,81年7月16日,二層,一層 二層 陽台 騎樓
RPWNMLLLLHOFFAU27CA,20,102.98,住家用,鋼筋混凝土造,88年5月20日,五層,二層 三層 陽台 平台 雨遮
RPWNMLLLLHOFFAU27CA,20,13.40,停車空間,鋼筋混凝土造,88年5月20日,五層,
RPWNMLLLLHOFFAU27CA,20,22.58,共有部份,鋼筋混凝土造,88年5月20日,五層,
RPOPMLKKMHOFFAU56CA,25,186.59,住商用,鋼筋混凝土造,83年3月15日,十二層,一層 二層 三層 陽台
RPOPMLKKMHOFFAU56CA,25,54.11,共有部份,鋼筋混凝土造,83年3月15日,十二層,
RPPNMLMLLHOFFAU66CA,25,.42,辦公室,鋼筋混凝土造,82年12月15日,七層,見其他登記事項
RPPNMLMLLHOFFAU66CA,25,14.86,共有部份,鋼筋混凝土造,82年12月15日,七層,
RPPNMLMLLHOFFAU66CA,25,99.11,住家用,鋼筋混凝土造,82年12月15日,六層,六層 陽台 花台
RPPNMLMLLHOFFAU66CA,25,15.28,共有部份,鋼筋混凝土造,82年12月15日,六層,
RPPNMLMLLHOFFAU66CA,25,14.74,共有部份,鋼筋混凝土造,82年12月15日,七層,
RPQNMLPLLHOFFAU07CA,24,95.67,住家用,鋼筋混凝土造,83年10月18日,二層,一層 二層 陽台 平台 屋頂突出物
RPVOMLNJMHOFFAU37CA,3,206.63,住家用,鋼筋混凝土造,105年4月19日,四層,一層 二層 三層 四層 陽台
RPQOMLLJMHOFFAU66CA,35,84.06,住家用,鋼筋混凝土造,72年9月10日,四層,一層 二層 騎樓
RPQOMLLJMHOFFAU66CA,35,8.32,共有部份,鋼筋混凝土造,72年9月10日,四層,
RPVNMLQLLHOFFAU87EA,14,273.66,住商用,鋼筋混凝土造,93年10月1日,三層,一層 二層 三層 陽台 騎樓
RPWNMLLJMHOFFAU17CA,25,10.98,避難室、停車場,鋼筋混凝土造,83年6月11日,九層,地下二層
RPWNMLLJMHOFFAU17CA,25,106.01,住家用,鋼筋混凝土造,83年6月11日,九層,八層 陽台
RPWNMLLJMHOFFAU17CA,25,10.19,共有部份,鋼筋混凝土造,83年6月11日,九層,
RPWNMLLJMHOFFAU17CA,25,11.66,共有部份,鋼筋混凝土造,83年6月11日,九層,
RPQNMLLMLHOFFAU76CA,24,23.76,住家用,鋼筋混凝土造,83年11月15日,十二層,九層
RPQNMLLMLHOFFAU76CA,24,7.56,共有部份,鋼筋混凝土造,83年11月15日,十二層,
RPQNMLLMLHOFFAU76CA,24,3.98,共有部份,鋼筋混凝土造,83年11月15日,十二層,
RPQNMLLJMHOFFCU76CA,29,107.53,住家用,鋼筋混凝土造,79年7月12日,二層,一層 二層
RPOOMLPLLHOFFAU17EA,38,81.60,住家用,鋼筋混凝土加強磚造,69年12月23日,二層,一層 二層
RPXOMLTLLHOFFAU28CA,45,52.26,住商用,鋼筋混凝土加強磚造,63年7月26日,三層,一層 二層 三層
RPSOMLLJMHOFFAU86CA,36,102.30,住家用,鋼筋混凝土加強磚造,72年2月16日,二層,一層 二層
RPVOMLLJMHOFFAU17CA,26,91.64,住家用,鋼筋混凝土造,82年6月18日,七層,四層 陽台
RPVOMLLJMHOFFAU17CA,26,13.13,共有部份,鋼筋混凝土造,82年6月18日,七層,
RPVOMLLJMHOFFAU17CA,26,12.04,共有部份,鋼筋混凝土造,82年6月18日,七層,
RPVOMLLJMHOFFAU17CA,26,1.05,共有部份,鋼筋混凝土造,82年6月18日,七層,
RPPNMLMJMHOFFAU56CA,20,113.78,住家用,鋼筋混凝土造,88年5月20日,五層,四層 五層 陽台 見其他登記事項
RPPNMLMJMHOFFAU56CA,20,13.40,停車空間,鋼筋混凝土造,88年5月20日,五層,
RPPNMLMJMHOFFAU56CA,20,25.67,共有部份,鋼筋混凝土造,88年5月20日,五層,
RPXNMLTLLHOFFAU18CA,24,269.15,住家用,鋼筋混凝土造,83年11月24日,五層,一層 二層 三層 四層 五層 陽台 平台 屋頂突出物
RPPNMLQLLHOFFAU07CA,29,9.55,共有部份,鋼筋混凝土造,78年10月24日,六層,
RPPNMLQLLHOFFAU07CA,29,18.67,住家用,鋼筋混凝土造,78年10月24日,六層,三層 陽台
RPPNMLQLLHOFFAU07CA,29,9.55,共有部份,鋼筋混凝土造,78年10月24日,六層,
RPPNMLQLLHOFFAU07CA,29,16.04,住家用,鋼筋混凝土造,78年10月24日,六層,三層
RPPNMLQLLHOFFAU07CA,29,9.55,共有部份,鋼筋混凝土造,78年10月24日,六層,
RPPNMLQLLHOFFAU07CA,29,16.04,住家用,鋼筋混凝土造,78年10月24日,六層,三層
RPPNMLQLLHOFFAU07CA,29,10.15,共有部份,鋼筋混凝土造,78年10月24日,六層,
RPPNMLQLLHOFFAU07CA,29,14.68,住家用,鋼筋混凝土造,78年10月24日,六層,三層
RPPNMLQLLHOFFAU07CA,29,8.36,共有部份,鋼筋混凝土造,78年10月24日,六層,
RPPNMLQLLHOFFAU07CA,29,18.21,住家用,鋼筋混凝土造,78年10月24日,六層,三層 陽台
RPPNMLQLLHOFFAU07CA,29,8.36,共有部份,鋼筋混凝土造,78年10月24日,六層,
RPPNMLQLLHOFFAU07CA,29,18.39,住家用,鋼筋混凝土造,78年10月24日,六層,三層 陽台
RPPNMLQLLHOFFAU07CA,29,8.36,共有部份,鋼筋混凝土造,78年10月24日,六層,
RPPNMLQLLHOFFAU07CA,29,12.39,住家用,鋼筋混凝土造,78年10月24日,六層,三層
RPPNMLQLLHOFFAU07CA,29,9.55,共有部份,鋼筋混凝土造,78年10月24日,六層,
RPPNMLQLLHOFFAU07CA,29,19.36,住家用,鋼筋混凝土造,78年10月24日,六層,三層 陽台
RPPNMLQLLHOFFAU07CA,29,17.92,共有部份,鋼筋混凝土造,78年10月24日,六層,
RPPNMLQLLHOFFAU07CA,29,32.08,住家用,鋼筋混凝土造,78年10月24日,六層,四層
RPPNMLQLLHOFFAU07CA,29,16.12,共有部份,鋼筋混凝土造,78年10月24日,六層,
RPPNMLQLLHOFFAU07CA,29,14.68,住家用,鋼筋混凝土造,78年10月24日,六層,四層
RPPNMLQLLHOFFAU07CA,29,15.53,共有部份,鋼筋混凝土造,78年10月24日,六層,
RPPNMLQLLHOFFAU07CA,29,36.61,住家用,鋼筋混凝土造,78年10月24日,六層,四層 陽台
RPPNMLQLLHOFFAU07CA,29,9.55,共有部份,鋼筋混凝土造,78年10月24日,六層,
RPPNMLQLLHOFFAU07CA,29,16.04,住家用,鋼筋混凝土造,78年10月24日,六層,五層
RPPNMLQLLHOFFAU07CA,29,9.55,共有部份,鋼筋混凝土造,78年10月24日,六層,
RPPNMLQLLHOFFAU07CA,29,18.67,住家用,鋼筋混凝土造,78年10月24日,六層,五層 陽台
RPPNMLQLLHOFFAU07CA,29,9.55,共有部份,鋼筋混凝土造,78年10月24日,六層,
RPPNMLQLLHOFFAU07CA,29,16.04,住家用,鋼筋混凝土造,78年10月24日,六層,五層
RPTOMLTLLHOFFAU87CA,25,53.12,住家用,鋼筋混凝土造,82年10月14日,六層,四層 陽台
RPPNMLQLLHOFFAU07CA,29,16.12,共有部份,鋼筋混凝土造,78年10月24日,六層,
RPTOMLTLLHOFFAU87CA,25,16.12,共有部份,鋼筋混凝土造,82年10月14日,六層,
RPPNMLQLLHOFFAU07CA,29,34.16,住家用,鋼筋混凝土造,78年10月24日,六層,五層 陽台
RPPNMLQLLHOFFAU07CA,29,17.92,共有部份,鋼筋混凝土造,78年10月24日,六層,
RPPNMLQLLHOFFAU07CA,29,34.71,住家用,鋼筋混凝土造,78年10月24日,六層,六層 陽台
RPPNMLQLLHOFFAU07CA,29,9.55,共有部份,鋼筋混凝土造,78年10月24日,六層,
RPPNMLQLLHOFFAU07CA,29,16.04,住家用,鋼筋混凝土造,78年10月24日,六層,六層
RPPNMLQLLHOFFAU07CA,29,10.15,共有部份,鋼筋混凝土造,78年10月24日,六層,
RPPNMLQLLHOFFAU07CA,29,14.68,住家用,鋼筋混凝土造,78年10月24日,六層,六層
RPPNMLQLLHOFFAU07CA,29,8.36,共有部份,鋼筋混凝土造,78年10月24日,六層,
RPPNMLQLLHOFFAU07CA,29,18.21,住家用,鋼筋混凝土造,78年10月24日,六層,六層 陽台
RPPNMLQLLHOFFAU07CA,29,8.36,共有部份,鋼筋混凝土造,78年10月24日,六層,
RPPNMLQLLHOFFAU07CA,29,18.39,住家用,鋼筋混凝土造,78年10月24日,六層,六層 陽台
RPPNMLQLLHOFFAU07CA,29,8.96,共有部份,鋼筋混凝土造,78年10月24日,六層,
RPPNMLQLLHOFFAU07CA,29,12.39,住家用,鋼筋混凝土造,78年10月24日,六層,六層
RPPNMLQLLHOFFAU07CA,29,430.34,避難室,鋼筋混凝土造,78年10月24日,六層,地下層
RPPNMLQLLHOFFAU07CA,29,152.28,共有部份,鋼筋混凝土造,78年10月24日,六層,
RPPNMLQLLHOFFAU07CA,29,159.74,住家用,鋼筋混凝土造,78年10月24日,六層,二層 陽台
RPPNMLQLLHOFFAU07CA,29,9.55,共有部份,鋼筋混凝土造,78年10月24日,六層,
RPPNMLQLLHOFFAU07CA,29,18.67,住家用,鋼筋混凝土造,78年10月24日,六層,四層 陽台
RPPNMLQLLHOFFAU07CA,29,16.12,共有部份,鋼筋混凝土造,78年10月24日,六層,
RPPNMLQLLHOFFAU07CA,29,31.75,住家用,鋼筋混凝土造,78年10月24日,六層,四層 陽台
RPPNMLQLLHOFFAU07CA,29,10.15,共有部份,鋼筋混凝土造,78年10月24日,六層,
RPPNMLQLLHOFFAU07CA,29,21.51,住家用,鋼筋混凝土造,78年10月24日,六層,四層 陽台
RPPNMLQLLHOFFAU07CA,29,13.74,共有部份,鋼筋混凝土造,78年10月24日,六層,
RPPNMLQLLHOFFAU07CA,29,29.35,住家用,鋼筋混凝土造,78年10月24日,六層,四層 陽台
RPPNMLQLLHOFFAU07CA,29,13.74,共有部份,鋼筋混凝土造,78年10月24日,六層,
RPPNMLQLLHOFFAU07CA,29,29.35,住家用,鋼筋混凝土造,78年10月24日,六層,五層 陽台
RPPNMLQLLHOFFAU07CA,29,14.33,共有部份,鋼筋混凝土造,78年10月24日,六層,
RPPNMLQLLHOFFAU07CA,29,29.35,住家用,鋼筋混凝土造,78年10月24日,六層,五層 陽台
RPPNMLQLLHOFFAU07CA,29,9.55,共有部份,鋼筋混凝土造,78年10月24日,六層,
RPPNMLQLLHOFFAU07CA,29,19.36,住家用,鋼筋混凝土造,78年10月24日,六層,六層 陽台
RPPNMLQLLHOFFAU07CA,29,10.15,共有部份,鋼筋混凝土造,78年10月24日,六層,
RPPNMLQLLHOFFAU07CA,29,21.51,住家用,鋼筋混凝土造,78年10月24日,六層,六層 陽台
RPPNMLQLLHOFFAU07CA,29,13.74,共有部份,鋼筋混凝土造,78年10月24日,六層,
RPPNMLQLLHOFFAU07CA,29,29.35,住家用,鋼筋混凝土造,78年10月24日,六層,六層 陽台
RPPNMLQLLHOFFAU07CA,29,14.33,共有部份,鋼筋混凝土造,78年10月24日,六層,
RPPNMLQLLHOFFAU07CA,29,29.35,住家用,鋼筋混凝土造,78年10月24日,六層,六層 陽台
RPPNMLQLLHOFFAU07CA,29,10.15,共有部份,鋼筋混凝土造,78年10月24日,六層,
RPPNMLQLLHOFFAU07CA,29,14.68,住家用,鋼筋混凝土造,78年10月24日,六層,五層
RPPNMLQLLHOFFAU07CA,29,10.15,共有部份,鋼筋混凝土造,78年10月24日,六層,
RPPNMLQLLHOFFAU07CA,29,21.51,住家用,鋼筋混凝土造,78年10月24日,六層,五層 陽台
RPPNMLQLLHOFFAU07CA,29,52.56,商業用,鋼筋混凝土造,78年10月24日,六層,一層
RPPNMLQLLHOFFAU07CA,29,13.74,共有部份,鋼筋混凝土造,78年10月24日,六層,
RPPNMLQLLHOFFAU07CA,29,29.35,住家用,鋼筋混凝土造,78年10月24日,六層,三層 陽台
RPPNMLQLLHOFFAU07CA,29,14.33,共有部份,鋼筋混凝土造,78年10月24日,六層,
RPPNMLQLLHOFFAU07CA,29,29.35,住家用,鋼筋混凝土造,78年10月24日,六層,三層 陽台
RPPNMLQLLHOFFAU07CA,29,14.33,共有部份,鋼筋混凝土造,78年10月24日,六層,
RPPNMLQLLHOFFAU07CA,29,29.35,住家用,鋼筋混凝土造,78年10月24日,六層,四層 陽台
RPPNMLQLLHOFFAU07CA,29,15.53,共有部份,鋼筋混凝土造,78年10月24日,六層,
RPPNMLQLLHOFFAU07CA,29,36.61,住家用,鋼筋混凝土造,78年10月24日,六層,五層 陽台
RPPNMLQLLHOFFAU07CA,29,10.15,共有部份,鋼筋混凝土造,78年10月24日,六層,
RPPNMLQLLHOFFAU07CA,29,21.51,住家用,鋼筋混凝土造,78年10月24日,六層,三層 陽台
RPQNMLQLLHOFFAU17CA,12,106.44,集合住宅,鋼筋混凝土造,96年1月4日,五層,五層 陽台
RPQNMLQLLHOFFAU17CA,12,15.30,共有部份,鋼筋混凝土造,96年1月4日,五層,
RPTNMLRLLHOFFAU57CA,34,80.75,住家用,鋼筋混凝土造,73年9月19日,五層,二層 陽台
RPTNMLRLLHOFFAU57CA,34,7.54,共有部份,鋼筋混凝土造,73年9月19日,五層,
RPTNMLRLLHOFFAU57CA,34,5.92,共有部份,鋼筋混凝土造,73年9月19日,五層,
RPQOMLPLLHOFFAU17CA,40,114.36,住商用,鋼筋混凝土加強磚造,67年12月23日,二層,一層 二層 騎樓
RPRNMLPLLHOFFAU17CA,36,111.41,住商用,鋼筋混凝土加強磚造,72年8月9日,二層,一層 二層 騎樓
RPPNMLQKMHOFFAU07CA,36,66.02,住家用,鋼筋混凝土加強磚造,71年10月28日,二層,一層 二層
RPUOMLNJMHOFFAU27CA,,42.32,住家用,木造,,一層,一層
RPRNMLLKMHOFFAU76CA,4,215.05,住家用,鋼筋混凝土造,104年6月17日,三層,一層 二層 三層 陽台 屋頂突出物 雨遮
RPXNMLRLLHOFFAU97CA,1,47.01,集合住宅,鋼筋混凝土造,107年4月27日,十二層,二層 陽台
RPXNMLRLLHOFFAU97CA,1,10.72,本共有部份之項目有防空避難室兼停車空間、機電設備、騎樓、Ｆ梯安全梯、一樓梯廳、一樓門廳、管委會使用空間、車道、Ｃ棟垃圾處理區等９項。,鋼筋混凝土造,107年4月27日,十二層,
RPXNMLRLLHOFFAU97CA,1,13.90,共有部份,鋼筋混凝土造,107年4月27日,十二層,
RPRPMLRKMHOFFAU57CA,25,167.59,住商用,鋼筋混凝土造,82年12月23日,三層,一層 二層 三層 陽台 平台 屋頂突出物 騎樓
RPOOMLQLLHOFFAU07CA,47,44.27,住家用,鋼筋混凝土加強磚造,61年1月1日,一層,一層
RPQNMLRLLHOFFAU27CA,,80.55,住家用,鋼筋混凝土加強磚造,,一層,一層
RPVOMLTLLHOFFAU08CA,24,17.61,住家用,鋼筋混凝土造,83年11月15日,十二層,五層
RPVOMLTLLHOFFAU08CA,24,5.58,共有部份,鋼筋混凝土造,83年11月15日,十二層,
RPVOMLTLLHOFFAU08CA,24,2.98,共有部份,鋼筋混凝土造,83年11月15日,十二層,
RPTOMLLJMHOFFAU96CA,12,188.98,住家用,鋼筋混凝土造,96年5月10日,三層,一層 二層 三層 陽台
RPOPMLTLLHOFFAU47CA,45,124.09,住商用,鋼筋混凝土加強磚造,63年6月20日,二層,一層 二層 騎樓
RPROMLLJMHOFFAU76CA,21,186.81,住商用,鋼筋混凝土造,87年6月18日,四層,一層 二層 三層 四層 陽台 平台 騎樓
RPWOMLRLLHOFFAU08DA,24,168.71,住家用,鋼筋混凝土造,84年8月2日,三層,一層 二層 三層 陽台 平台
RPUPMLTLLHOFFAU08CA,42,57.78,住家用,鋼筋混凝土加強磚造,66年2月3日,一層,一層
RPPOMLSLLHOFFAU37CA,34,171.03,住家用,鋼筋混凝土造,74年5月24日,二層,一層 二層 陽台 屋頂突出物 夾層
RPPNMLTLLHOFFAU37CA,38,100.77,住家用,鋼筋混凝土造,70年5月9日,四層,四層 屋頂突出物
RPPNMLTLLHOFFAU37CA,38,54.32,共有部份,鋼筋混凝土造,70年5月9日,四層,
RPQOMLSLLHOFFAU47CA,38,253.28,住商用,鋼筋混凝土造,70年1月3日,三層,一層 二層 三層 防空避難室 屋頂突出物 騎樓
RPOOMLSLLHOFFAU27CA,36,67.58,住家用,鋼筋混凝土造,71年11月13日,五層,三層
RPUOMLSLLHOFFAU87CA,25,90.79,住家用,鋼筋混凝土造,83年5月25日,六層,三層 陽台 花台
RPOOMLSLLHOFFAU27CA,36,10.06,共有部份,鋼筋混凝土造,71年11月13日,五層,
RPUOMLSLLHOFFAU87CA,25,38.52,共有部份,鋼筋混凝土造,83年5月25日,六層,
RPWNMLSLLHOFFAU97CA,32,115.16,住家用,鋼筋混凝土造,76年4月20日,二層,一層 二層 陽台
RPPNMLLMLHOFFAU66CA,1,81.21,集合住宅,鋼筋混凝土造,107年4月16日,五層,四層 陽台
RPPNMLLMLHOFFAU66CA,1,47.38,本共有部分之項目有安全梯、電梯、一般樓梯、梯廳、停車空間、管委會空間及屋頂突出物一、二層等７項。,鋼筋混凝土造,107年4月16日,五層,
RPSOMLRLLHOFFAU57CA,15,187.21,住家用,鋼筋混凝土造,92年12月24日,三層,一層 二層 三層 陽台
RPRPMLKKMHOFFAU86CA,35,89.34,住家用,鋼筋混凝土造,72年9月10日,四層,四層
RPRPMLKKMHOFFAU86CA,35,9.50,共有部份,鋼筋混凝土造,72年9月10日,四層,
RPVOMLLKMHOFFAU27CA,39,86.48,住家用,加強磚造,68年12月1日,二層,一層 二層
RPTNMLSLLHOFFAU67CA,21,56.27,住家用,鋼筋混凝土造,86年12月11日,五層,五層 陽台
RPWNMLRLLHOFFAU87CA,20,102.98,住家用,鋼筋混凝土造,88年5月20日,五層,二層 三層 陽台 平台 雨遮
RPTNMLSLLHOFFAU67CA,21,13.41,共有部份,鋼筋混凝土造,86年12月11日,五層,
RPWNMLRLLHOFFAU87CA,20,13.40,停車空間,鋼筋混凝土造,88年5月20日,五層,
RPWNMLRLLHOFFAU87CA,20,22.58,共有部份,鋼筋混凝土造,88年5月20日,五層,
RPQNMLMLLHOFFCU96CA,35,88.81,住家用,鋼筋混凝土加強磚造,73年4月18日,二層,一層 二層 陽台
RPPNMLPLLHOFFCU17CA,24,82.44,住家用,鋼筋混凝土造,84年7月29日,三層,一層 二層 三層 陽台
RPPNMLPLLHOFFCU17CA,24,82.44,住家用,鋼筋混凝土造,84年7月29日,三層,一層 二層 三層 陽台
RPSNMLLKMHOFFAU86CA,37,85.54,住家用,鋼筋混凝土加強磚造,71年2月27日,一層,一層 夾層
RPTOMLSLLHOFFAU77CA,31,96.40,住家用,鋼筋混凝土造,77年1月12日,五層,五層 陽台
RPTOMLSLLHOFFAU77CA,31,5.40,共有部份,鋼筋混凝土造,77年1月12日,五層,
RPTOMLSLLHOFFAU77CA,31,5.89,共有部份,鋼筋混凝土造,77年1月12日,五層,
RPRNMLSLLHOFFAU47CA,,226.81,店鋪、住宅,鋼筋混凝土造,107年6月7日,四層,一層 二層 三層 四層 陽台
RPTPMLTLLHOFFAU97CA,31,20.70,住家用,鋼筋混凝土造,76年11月4日,七層,七層 陽台
RPTPMLTLLHOFFAU97CA,31,11.85,共有部份,鋼筋混凝土造,76年11月4日,七層,
RPROMLMJMHOFFAU86CA,16,39.06,商業用,鋼筋混凝土造,91年12月2日,14,一層
RPROMLMJMHOFFAU86CA,16,22.79,共有部份,鋼筋混凝土造,91年12月2日,十四層,
RPTNMLTJMHOFFCU87CA,34,99.00,住商用,鋼筋混凝土造,74年3月16日,二層,一層 二層 騎樓
RPQPMLMJMHOFFAU86CA,26,157.11,住家用,鋼筋混凝土造,82年1月21日,四層,一層 二層 三層 四層 陽台
RPSNMLTLLHOFFAU67CA,30,23.33,商業用,鋼筋混凝土造,78年6月30日,十層,二層
RPSNMLTLLHOFFAU67CA,32,3.28,共有部份,鋼筋混凝土造,76年6月30日,十層,
RPXNMLMJMHOFFAU37CA,30,91.20,住家用,鋼筋混凝土造,77年11月25日,五層,五層 陽台
RPXNMLMJMHOFFAU37CA,30,6.14,共有部份,鋼筋混凝土造,77年11月25日,五層,
RPRPMLTLLHOFFAU77CA,40,109.50,住商用,鋼筋混凝土加強磚造,67年11月8日,二層,一層 二層 騎樓
RPSPMLTLLHOFFAU87CA,24,43.96,住家用,鋼筋混凝土造,83年10月26日,九層,五層 花台
RPSPMLTLLHOFFAU87CA,24,6.19,共有部份,鋼筋混凝土造,83年10月26日,九層,
RPSPMLTLLHOFFAU87CA,24,13.28,共有部份,鋼筋混凝土造,83年10月26日,九層,
RPXNMLLJMHOFFAU27CA,29,742.71,商業用,鋼筋混凝土造,78年12月5日,三層,一層 見其他登記事項
RPSNMLLMLHOFFAU96CA,46,56.80,住家用,鋼筋混凝土加強磚造,62年4月3日,一層,一層 騎樓
RPWOMLTLLHOFFAU18CA,33,21.04,辦公室,鋼筋混凝土造,75年5月31日,九層,三層
RPWOMLTLLHOFFAU18CA,33,3.21,共有部份,鋼筋混凝土造,75年5月31日,九層,
RPUNMLLKMHOFFAU07CA,20,101.62,住家用,鋼筋混凝土造,88年1月27日,二層,一層 二層 陽台
RPTNMLKKMHOFFAU86CA,47,103.81,住家用,鋼筋混凝土加強磚造,60年11月24日,二層,一層 二層 騎樓
RPSNMLNJMHOFFAU96CA,23,73.95,住家用,鋼筋混凝土造,85年1月23日,七層,四層 陽台
RPSNMLNJMHOFFAU96CA,23,26.15,共有部份,鋼筋混凝土造,85年1月23日,七層,
RPTNMLTJMHOFFAU67CA,22,25.11,住家用,鋼筋混凝土造,86年1月13日,七層,三層 陽台
RPTNMLTJMHOFFAU67CA,22,10.52,共有部份,鋼筋混凝土造,86年1月13日,七層,
RPTNMLTJMHOFFAU67CA,22,9.27,共有部份,鋼筋混凝土造,86年1月13日,七層,
RPPNMLNJMHOFFAU66CA,19,104.12,住家用,鋼筋混凝土造,89年8月7日,十層,八層 陽台 花台 雨遮
RPPNMLNJMHOFFAU66CA,19,26.91,共有部份,鋼筋混凝土造,89年8月7日,十五層,
RPPNMLNJMHOFFAU66CA,19,.89,共有部份,鋼筋混凝土造,89年8月7日,十五層,
RPPNMLNJMHOFFAU66CA,19,12.84,共有部份,鋼筋混凝土造,89年8月7日,十層,
RPPNMLNJMHOFFAU66CA,19,14.09,停車空間,鋼筋混凝土造,89年8月7日,十五層,
RPWOMLTJMHOFFAU08CA,14,257.60,住商用,鋼筋混凝土造,94年7月5日,四層,一層 二層 三層 四層 陽台 騎樓
RPPPMLKKMHOFFAU66CA,32,101.27,住家用,鋼筋混凝土造,76年3月6日,二層,一層 二層 陽台
RPQNMLLJMHOFFAU56CA,16,183.82,商業用,鋼筋混凝土造,91年10月28日,三層,一層 二層 三層 陽台
RPSNMLLJMHOFFAU76CA,18,215.86,住家用,鋼筋混凝土造,90年2月27日,三層,一層 二層 三層 陽台
RPOOMLLJMHOFFAU09CA,23,27.88,住家用,鋼筋混凝土造,85年5月17日,六層,五層 陽台
RPOOMLLJMHOFFAU09CA,23,6.74,共有部份,鋼筋混凝土造,85年5月17日,六層,
RPRNMLSJMHOFFCU57CA,2,307.33,住家用,鋼筋混凝土造,106年5月9日,四層,一層 二層 三層 四層 陽台
RPPPMLMJMHOFFAU76CA,21,61.37,商業用,鋼筋混凝土造,86年8月27日,九層,一層
RPPPMLMJMHOFFAU76CA,21,9.15,共有部份,鋼筋混凝土造,86年8月27日,九層,
RPPPMLMJMHOFFAU76CA,21,3.32,共有部份,鋼筋混凝土造,86年8月27日,九層,
RPWNMLTJMHOFFAU97CA,24,215.24,住家用,鋼筋混凝土造,84年6月29日,四層,一層 二層 三層 四層 屋頂突出物 見其他登記事項
RPRPMLMJMHOFFAU96CA,16,112.10,住家用,鋼筋混凝土造,91年12月2日,14,十層 陽台
RPRPMLMJMHOFFAU96CA,16,65.30,共有部份,鋼筋混凝土造,91年12月2日,十四層,
RPXNMLTJMHOFFAU08CA,1,53.00,集合住宅,鋼筋混凝土造,107年4月27日,十二層,四層 陽台
RPXNMLTJMHOFFAU08CA,1,12.04,本共有部份之項目有防空避難室兼停車空間、機電設備、騎樓、Ｆ梯安全梯、一樓梯廳、一樓門廳、管委會使用空間、車道、Ｃ棟垃圾處理區等９項。,鋼筋混凝土造,107年4月27日,十二層,
RPXNMLTJMHOFFAU08CA,1,15.66,共有部份,鋼筋混凝土造,107年4月27日,十二層,
RPVNMLTJMHOFFAU87CA,23,188.98,住商用,鋼筋混凝土造,85年4月17日,四層,一層 二層 三層 四層 屋頂突出物 騎樓 見其他登記事項
RPROMLNJMHOFFAU96CA,2,158.26,住家用,鋼筋混凝土造,105年10月11日,九層,五層 陽台
RPROMLNJMHOFFAU96CA,2,50.01,共有部份（機電室、電梯間、管理室、樓梯間、騎樓）,鋼筋混凝土造,105年10月11日,九層,
RPROMLNJMHOFFAU96CA,2,24.02,共有部份,鋼筋混凝土造,105年10月11日,九層,
RPOPMLNJMHOFFAU76CA,41,89.11,住家用,鋼筋混凝土加強磚造,67年3月18日,二層,一層 二層
RPRPMLLKMHOFFAU96CA,29,132.60,商業用,鋼筋混凝土造,79年3月19日,一層,一層
RPPNMLSJMHOFFAU17CA,42,95.99,住商用,鋼筋混凝土加強磚造,66年9月13日,二層,一層 二層 騎樓
RPUNMLKMMHOFFAU17CA,20,.48,住家用,鋼筋混凝土造,87年10月9日,五層,一層 陽台
RPUNMLKMMHOFFAU17CA,20,15.95,共有部份,鋼筋混凝土造,87年10月9日,五層,
RPUNMLKMMHOFFAU17CA,20,97.36,住家用,鋼筋混凝土造,87年10月9日,五層,五層 陽台
RPUNMLKMMHOFFAU17CA,20,31.79,共有部份,鋼筋混凝土造,87年10月9日,五層,
RPUNMLKMMHOFFAU17CA,20,.08,共有部份,鋼筋混凝土造,87年10月9日,五層,
RPUNMLKMMHOFFAU17CA,20,.15,共有部份,鋼筋混凝土造,87年10月9日,五層,
RPXOMLNLMHOFFAU77CA,41,88.27,住家用,鋼筋混凝土加強磚造,67年4月3日,二層,一層 二層
RPRNMLRKMHOFFAU37CA,25,132.19,住商用,鋼筋混凝土造,82年8月27日,三層,一層 二層 三層 陽台 平台
RPQNMLOLMHOFFAU07CA,45,97.32,住家用,鋼筋混凝土加強磚造,62年11月5日,二層,一層 二層
RPTNMLRKMHOFFAU57CA,25,42.30,住家用,鋼筋混凝土造,83年4月14日,六層,六層 陽台 花台
RPTNMLRKMHOFFAU57CA,25,14.18,共有部份,鋼筋混凝土造,83年4月14日,六層,
RPPOMLSJMHOFFAU27CA,8,261.45,住家用,鋼筋混凝土造,99年10月1日,四層,一層 二層 三層 四層 陽台 雨遮 見其他登記事項
RPPOMLRKMHOFFAU27CA,2,187.12,住家用,鋼筋混凝土造,106年2月21日,三層,一層 二層 三層 陽台 屋頂突出物
RPQOMLSJMHOFFAU37CA,26,54.37,住家用,鋼筋混凝土造,81年11月5日,五層,五層 陽台 雨遮
RPQOMLSJMHOFFAU37CA,26,8.69,共有部份,鋼筋混凝土造,81年11月5日,五層,
RPPOMLTJMHOFFAU37CA,4,230.42,住家用,鋼筋混凝土造,104年5月22日,四層,一層 二層 三層 四層 陽台
RPOOMLTJMHOFFAU27CA,1,46.11,集合住宅,鋼筋混凝土造,107年4月27日,十二層,四層 陽台
RPOOMLTJMHOFFAU27CA,1,10.51,本共有部份之項目有防空避難室兼停車空間、機電設備、騎樓、Ｆ梯安全梯、一樓梯廳、一樓門廳、管委會使用空間、車道、Ｃ棟垃圾處理區等９項。,鋼筋混凝土造,107年4月27日,十二層,
RPOOMLTJMHOFFAU27CA,1,13.63,共有部份,鋼筋混凝土造,107年4月27日,十二層,
RPPNMLPKMHOFFAU17EA,3,418.97,住家用,鋼筋混凝土造,105年6月30日,四層,一層 二層 三層 四層 陽台 屋頂突出物 騎樓
RPSNMLTJMHOFFCU77CA,32,112.00,住家用,鋼筋混凝土加強磚造,76年6月30日,二層,一層 二層 陽台
RPPNMLSJMHOFFBU27CA,34,190.81,住家用,鋼筋混凝土加強磚造,74年6月18日,二層,一層 二層
RPOPMLLKMHOFFAU66CA,40,181.19,住商用,鋼筋混凝土造,68年6月2日,三層,一層 二層 三層 防空避難室 屋頂突出物 騎樓
RPROMLTJMHOFFAU57CA,30,129.23,住家用,鋼筋混凝土造,78年9月5日,五層,五層 陽台
RPROMLTJMHOFFAU57CA,30,8.71,共有部份,鋼筋混凝土造,78年9月5日,五層,
RPROMLTJMHOFFAU57CA,30,7.41,共有部份,鋼筋混凝土造,78年9月5日,五層,
RPSOMLSJMHOFFAU57CA,6,186.45,住家用,鋼筋混凝土造,102年1月30日,三層,一層 二層 三層 陽台 見其他登記事項
RPRNMLKKMHOFFAU66CA,22,49.93,住家用,鋼筋混凝土造,85年10月29日,十六層,九層 陽台 花台
RPRNMLKKMHOFFAU66CA,22,8.46,共有部份,鋼筋混凝土造,85年10月29日,十六層,
RPRNMLKKMHOFFAU66CA,22,13.21,共有部份,鋼筋混凝土造,85年10月29日,十六層,
RPWOMLSJMHOFFAU97CA,16,174.46,住家用,鋼筋混凝土造,92年4月30日,三層,一層 二層 三層 陽台 雨遮
RPPOMLPKMHOFFAU07CA,3,234.57,住家用,鋼筋混凝土造,105年1月11日,四層,一層 二層 三層 四層 陽台
RPROMLKKMHOFFAU76CA,40,219.99,住商用,鋼筋混凝土造,67年12月13日,三層,一層 二層 三層 屋頂突出物 騎樓 地下層
RPPNMLSKMHOFFAU27CA,24,33.90,住家用,鋼筋混凝土造,84年7月10日,五層,四層 陽台
RPPNMLSKMHOFFAU27CA,24,8.54,共有部份,鋼筋混凝土造,84年7月1日,五層,
RPRNMLNLMHOFFAU07CA,22,35.37,住家用,鋼筋混凝土造,86年5月24日,五層,二層 陽台
RPRNMLNLMHOFFAU07CA,22,6.78,共有部份,鋼筋混凝土造,86年5月24日,五層,
RPOOMLPKMHOFFAU96CA,24,167.56,住商用,鋼筋混凝土造,84年3月28日,七層,一層 二層 騎樓 見其他登記事項
RPOOMLPKMHOFFAU96CA,24,28.07,共有部份,鋼筋混凝土造,84年3月28日,七層,
RPUPMLRKMHOFFAU87CA,40,70.84,住家用,鋼筋混凝土加強磚造,68年2月12日,二層,一層 二層
RPXOMLKKMHOFFAU37CA,24,20.16,住家用,鋼筋混凝土造,84年8月19日,十一層,七層 陽台
RPXOMLKKMHOFFAU37CA,24,7.12,共有部份,鋼筋混凝土造,84年8月19日,十一層,
RPWNMLLKMHOFFAU27CA,23,133.38,住商用,鋼筋混凝土造,84年11月4日,十一層,一層 二層 陽台 平台
RPWNMLLKMHOFFAU27CA,23,19.79,共有部份,鋼筋混凝土造,84年11月4日,十一層,
RPWNMLLKMHOFFAU27CA,23,29.81,共有部份,鋼筋混凝土造,84年11月4日,十層,
RPPOMLLKMHOFFAU66CA,45,119.42,住家用,鋼筋混凝土加強磚造,62年11月21日,二層,一層 二層 騎樓
RPPNMLRKMHOFFCU37CA,35,70.11,住家用,鋼筋混凝土加強磚造,73年8月15日,一層,一層
RPXPMLQLMHOFFAU18CA,31,90.16,住家用,鋼筋混凝土造,76年10月8日,二層,一層 二層 陽台
RPOQMLQLMHOFFAU37CA,23,82.40,住家用,鋼筋混凝土造,84年12月28日,六層,二層 陽台
RPOQMLQLMHOFFAU37CA,23,25.77,共有部份,鋼筋混凝土造,84年12月28日,六層,
RPTNMLLKMHOFFAU96CA,3,380.19,住家用,鋼筋混凝土造,105年1月6日,三層,一層 二層 三層 陽台 地下一層
RPPNMLLKMHOFFAU56CA,10,205.59,住家用,鋼筋混凝土造,97年10月9日,四層,一層 二層 三層 四層 陽台
RPTPMLLKMHOFFAU17CA,41,136.46,住家用,鋼筋混凝土加強磚造,66年9月29日,二層,一層 二層
RPTOMLKKMHOFFAU96CA,41,55.52,住家用,鋼筋混凝土加強磚造,66年11月2日,一層,一層
RPXOMLTJMHOFFAU18CA,22,77.94,住家用,鋼筋混凝土造,86年1月6日,七層,五層 陽台
RPXOMLTJMHOFFAU18CA,22,11.77,共有部份,鋼筋混凝土造,86年1月16日,七層,
RPXOMLTJMHOFFAU18CA,22,17.80,共有部份,鋼筋混凝土造,86年1月6日,七層,
RPQNMLSKMHOFFAU37CA,31,204.00,住家用,鋼筋混凝土造,76年9月15日,三層,一層 二層 三層 陽台 夾層
RPRNMLSKMHOFFAU47CA,23,62.32,住家用,鋼筋混凝土造,85年1月30日,五層,三層 陽台
RPRNMLSKMHOFFAU47CA,23,11.89,共有部份,鋼筋混凝土造,85年1月30日,五層,
RPXOMLRKMHOFFAU08CA,24,109.89,住家用,鋼筋混凝土造,83年10月28日,十四層,十二層 陽台 花台
RPXOMLRKMHOFFAU08CA,24,29.09,共有部份,鋼筋混凝土造,83年10月28日,十四層,
RPSNMLMLMHOFFAU07CA,24,28.48,住家用,鋼筋混凝土造,83年11月15日,十二層,四層 陽台
RPSNMLMLMHOFFAU07CA,24,8.86,共有部份,鋼筋混凝土造,83年11月15日,十二層,
RPSNMLMLMHOFFAU07CA,24,4.58,共有部份,鋼筋混凝土造,83年11月15日,十二層,
RPPNMLPKMHOFFCU17CA,39,133.86,住商用,鋼筋混凝土加強磚造,69年7月12日,二層,一層 二層 騎樓
RPWNMLQLMHOFFAU87CA,22,77.94,住家用,鋼筋混凝土造,86年1月6日,七層,四層 陽台
RPWNMLQLMHOFFAU87CA,22,11.77,共有部份,鋼筋混凝土造,86年1月16日,七層,
RPWNMLQLMHOFFAU87CA,22,17.80,共有部份,鋼筋混凝土造,86年1月6日,七層,
RPUOMLQLMHOFFAU77CA,14,183.34,住家用,鋼筋混凝土造,94年5月19日,三層,一層 二層 三層 陽台
RPOPMLRKMHOFFAU27CA,25,55.89,住商用,鋼筋混凝土造,82年11月29日,五層,一層 陽台 夾層
RPOPMLRKMHOFFAU27CA,25,13.90,共有部份,鋼筋混凝土造,82年11月29日,五層,
RPQPMLRKMHOFFAU47CA,16,275.34,住家用,鋼筋混凝土造,92年3月17日,四層,一層 二層 三層 四層 陽台 見其他登記事項
RPTOMLPKMHOFFAU47CA,22,13.31,共有部份,鋼筋混凝土造,86年6月10日,五層,
RPTOMLPKMHOFFAU47CA,22,67.23,住家用,鋼筋混凝土造,86年6月10日,五層,四層 陽台
RPOOMLRKMHOFFAU17CA,16,210.96,住家用,鋼筋混凝土造,91年9月30日,三層,一層 二層 三層 陽台
RPQNMLPLMHOFFAU17CA,41,74.07,住家用,鋼筋混凝土加強磚造,67年4月3日,一層,一層 騎樓
RPSNMLRKMHOFFAU47CA,46,83.31,住家用,鋼筋混凝土加強磚造,61年12月20日,二層,一層 二層
RPUNMLMKMHOFFAU17CA,24,87.55,住家用,鋼筋混凝土造,84年3月2日,十七層,八層 陽台 花台
RPUNMLMKMHOFFAU17CA,24,20.13,共有部份,鋼筋混凝土造,84年3月2日,十七層,
RPPOMLMKMHOFFAU76CA,20,95.45,住家用,鋼筋混凝土造,88年4月14日,五層,一層 陽台 雨遮
RPWNMLMKMHOFFAU37CA,1,47.01,集合住宅,鋼筋混凝土造,107年4月27日,十二層,六層 陽台
RPPOMLMKMHOFFAU76CA,20,6.52,共有部份,鋼筋混凝土造,88年4月14日,五層,
RPWNMLMKMHOFFAU37CA,1,10.72,本共有部份之項目有防空避難室兼停車空間、機電設備、騎樓、Ｆ梯安全梯、一樓梯廳、一樓門廳、管委會使用空間、車道、Ｃ棟垃圾處理區等９項。,鋼筋混凝土造,107年4月27日,十二層,
RPWNMLMKMHOFFAU37CA,1,13.90,共有部份,鋼筋混凝土造,107年4月27日,十二層,
RPOOMLMKMHOFFAU66CA,25,83.25,住家用,鋼筋混凝土造,83年3月8日,九層,四層 陽台 花台
RPOOMLMKMHOFFAU66CA,25,22.27,共有部份,鋼筋混凝土造,83年3月8日,九層,
RPPNMLOKMHOFFAU86CA,3,266.05,住家用,鋼筋混凝土造,105年1月28日,四層,一層 二層 三層 四層 陽台 雨遮
RPWOMLMKMHOFFAU47CA,11,216.52,住家用,鋼筋混凝土造,96年12月21日,三層,一層 二層 三層 陽台 雨遮
RPTPMLMJNHOFFAU27CA,40,119.75,住商用,鋼筋混凝土加強磚造,68年8月18日,二層,一層 二層 騎樓
RPQNMLOKMHOFFAU96CA,24,22.98,住家用,鋼筋混凝土造,83年11月15日,十二層,十二層
RPQNMLOKMHOFFAU96CA,24,7.20,共有部份,鋼筋混凝土造,83年11月15日,十二層,
RPQNMLOKMHOFFAU96CA,24,3.78,共有部份,鋼筋混凝土造,83年11月15日,十二層,
RPSOMLPKMHOFFAU37CA,36,85.86,住家用,鋼筋混凝土加強磚造,72年8月9日,二層,一層 二層
RPQOMLNJNHOFFAU96CA,36,278.24,工廠員工休息室、浴廁,鋼造,71年11月9日,一層,一層 防空避難室
RPQOMLNJNHOFFAU96CA,37,1164.80,辦公室、宿舍、保養場,鋼架、鋼筋水泥,71年5月24日,二層,一層 二層 屋頂突出物 地下層
RPOOMLRKMHOFFAU37EA,26,81.53,住家用,鋼筋混凝土造,82年6月18日,六層,四層 陽台
RPOOMLRKMHOFFAU37EA,26,35.77,共有部份,鋼筋混凝土造,82年6月18日,六層,
RPQOMLRKMHOFFAU57EA,24,47.27,住家用,鋼筋混凝土造,84年1月14日,七層,六層 陽台 花台
RPQOMLRKMHOFFAU57EA,24,13.26,共有部份,鋼筋混凝土造,84年1月14日,七層,
RPQNMLMLMHOFFCU07CA,2,426.49,住家用,鋼筋混凝土造,106年3月20日,五層,一層 二層 三層 四層 五層 陽台 屋頂突出物
RPVNMLSKMHOFFAU87CA,24,29.86,住家用,鋼筋混凝土造,84年9月19日,六層,四層 陽台 花台
RPVNMLSKMHOFFAU87CA,24,14.40,共有部份,鋼筋混凝土造,84年9月19日,六層,
RPWPMLRKMHOFFAU08CA,38,106.23,住商用,鋼筋混凝土加強磚造,70年7月13日,二層,一層 二層 騎樓
RPVPMLRKMHOFFAU97CA,21,130.55,住家用,鋼筋混凝土造,86年8月7日,三層,一層 二層 三層 陽台 平台 雨遮
RPPNMLRKMHOFFAU17CA,46,106.50,住家用,鋼筋混凝土加強磚造,62年5月21日,二層,一層 二層 騎樓
RPSOMLRKMHOFFAU57CA,36,186.94,住家用,鋼筋混凝土造,72年9月1日,三層,一層 二層 三層 屋頂突出物
RPTOMLRKMHOFFAU67CA,34,93.72,住家用,鋼筋混凝土加強磚造,73年11月16日,二層,一層 二層
RPWNMLQKMHOFFAU77CA,23,80.88,住家用,鋼筋混凝土造,85年2月5日,十二層,五層 陽台
RPWNMLQKMHOFFAU77CA,23,13.12,共有部份,鋼筋混凝土造,85年2月5日,十二層,
RPWNMLQKMHOFFAU77CA,23,13.13,共有部份,鋼筋混凝土造,85年2月5日,十二層,
RPWNMLQKMHOFFAU77CA,23,14.30,停車空間,鋼筋混凝土造,85年2月5日,十二層,
RPSNMLTLMHOFFAU77CA,25,95.17,住家用,鋼筋混凝土造,83年5月18日,七層,五層 陽台
RPSNMLTLMHOFFAU77CA,25,24.63,地下室,鋼筋混凝土造,83年5月18日,七層,防空避難室
RPSNMLTLMHOFFAU77CA,25,24.74,共有部份,鋼筋混凝土造,83年5月18日,七層,
RPUNMLQKMHOFFAU57CA,36,80.49,住家用,鋼筋混凝土加強磚造,72年3月11日,二層,一層 二層
RPRPMLMLMHOFFAU17CA,22,48.01,住家用,鋼筋混凝土造,85年10月29日,十六層,十五層 陽台 花台
RPRPMLMLMHOFFAU17CA,22,8.46,共有部份,鋼筋混凝土造,85年10月29日,十六層,
RPRPMLMLMHOFFAU17CA,22,14.47,停車空間,鋼筋混凝土造,85年10月29日,十六層,
RPRPMLMLMHOFFAU17CA,22,13.21,共有部份,鋼筋混凝土造,85年10月29日,十六層,
RPWPMLMLMHOFFAU67CA,27,194.25,住商用,鋼筋混凝土造,81年4月29日,三層,一層 二層 三層 陽台 屋頂突出物 騎樓
RPPNMLTKMHOFFAU37CA,48,107.46,住家用,鋼筋混凝土加強磚造,59年12月7日,二層,一層 二層 騎樓 廚房
RPRNMLMJNHOFFAU86CA,24,21.26,住家用,鋼筋混凝土造,83年11月15日,十二層,七層 花台
RPRNMLMJNHOFFAU86CA,24,5.52,共有部份,鋼筋混凝土造,83年11月15日,十二層,
RPRNMLMJNHOFFAU86CA,24,5.89,共有部份,鋼筋混凝土造,83年11月15日,十二層,
RPRNMLTKMHOFFAU57CA,39,159.91,住商用,鋼筋混凝土造,68年12月21日,三層,一層 二層 三層 騎樓
RPPNMLPLMHOFFAU07CA,16,.26,住家用,鋼骨造,92年2月21日,十二層,一層 二層
RPPNMLPLMHOFFAU07CA,16,.26,住家用,鋼骨造,92年2月21日,十二層,一層 二層
RPPNMLPLMHOFFAU07CA,16,63.17,住家用,鋼骨造,92年2月21日,十二層,五層 陽台 雨遮
RPPNMLPLMHOFFAU07CA,16,8.27,共有部份,鋼骨造,92年2月21日,十二層,
RPPNMLPLMHOFFAU07CA,16,12.06,共有部份,鋼骨造,92年2月21日,十二層,
RPSOMLOLMHOFFAU37CA,7,220.15,住家用,鋼筋混凝土造,101年5月18日,三層,一層 二層 三層 陽台 屋頂突出物
RPRPMLQLMHOFFAU57CA,46,32.03,住家用,加強磚造及鋼鐵造,62年8月1日,一層,一層
RPROMLOLMHOFFAU27CA,7,222.98,住家用,鋼筋混凝土造,101年5月18日,三層,一層 二層 三層 陽台 屋頂突出物
RPQOMLPLMHOFFAU27CA,15,221.43,住家用,鋼筋混凝土造,93年9月7日,三層,一層 二層 三層 陽台
RPWOMLQLMHOFFAU97CA,3,248.90,住家用,鋼筋混凝土造,104年10月21日,四層,一層 二層 三層 四層 陽台
RPQPMLPLMHOFFAU37CA,14,120.48,住家用,鋼筋混凝土造,93年12月28日,四層,一層 二層 三層 四層 陽台
RPROMLRKMHOFFAU67EA,25,24.55,住家用,鋼筋混凝土造,82年11月29日,五層,五層 陽台
RPROMLRKMHOFFAU67EA,25,6.02,共有部份,鋼筋混凝土造,82年11月29日,五層,
RPRPMLSJNHOFFAU67CA,41,104.52,住商用,鋼筋混凝土加強磚造,66年10月18日,二層,一層 二層 騎樓
RPQNMLTKMHOFFBU57CA,35,91.21,住家用,鋼筋混凝土造,73年1月14日,四層,四層
RPQNMLTKMHOFFBU57CA,35,6.80,國民住宅、公共樓梯間,鋼筋混凝土造,73年1月14日,四層,
RPRNMLQJNHOFFBU37CA,32,120.12,住商用,鋼筋混凝土加強磚造,75年10月20日,二層,一層 二層 陽台 平台
RPSNMLKLNHOFFAU96CA,25,95.54,住家用,鋼筋混凝土造,83年5月18日,七層,四層 陽台
RPSNMLKLNHOFFAU96CA,25,23.99,共有部份,鋼筋混凝土造,83年5月18日,七層,
RPRNMLOLMHOFFAU17CA,12,174.54,住家用,鋼筋混凝土造,95年10月23日,四層,一層 二層 三層 四層 陽台
RPQNMLOKNHOFFAU07CA,26,142.85,住家用,鋼筋混凝土造,81年12月8日,二層,一層 二層 陽台 平台 屋頂突出物
RPSPMLSJNHOFFAU77CA,23,78.93,住家用,鋼筋混凝土造,84年12月28日,六層,二層 陽台
RPSPMLSJNHOFFAU77CA,23,24.99,共有部份,鋼筋混凝土造,84年12月28日,六層,
RPUNMLSKMHOFFAU77CA,46,100.54,商業用,鋼筋混凝土造,62年3月27日,二層,一層 二層 騎樓
RPQOMLTKMHOFFAU57CA,25,136.73,住家用,鋼筋混凝土造,82年12月29日,三層,一層 二層 三層 陽台
RPVNMLTKMHOFFAU97CA,27,120.13,住家用,鋼筋混凝土造,81年1月27日,二層,一層 二層 陽台
RPXOMLMLMHOFFAU67CA,37,93.29,住家用,鋼筋混凝土造,70年12月31日,五層,四層
RPXOMLMLMHOFFAU67CA,37,27.66,共有部份,鋼筋混凝土造,70年12月31日,五層,
RPSNMLNLMHOFFAU17CA,6,375.42,住家用,鋼筋混凝土造,102年3月15日,四層,一層 二層 三層 四層 陽台 騎樓
RPPNMLMLMHOFFAU76CA,37,113.15,住家用,鋼筋混凝土加強磚造,71年3月9日,二層,一層 二層
RPQNMLMLMHOFFAU86CA,24,107.44,集合住宅,鋼筋混凝土造,84年4月17日,六層,四層 陽台 花台
RPVOMLNLMHOFFAU57CA,21,90.94,住家用,鋼筋混凝土造,87年4月3日,十層,九層 陽台
RPQNMLMLMHOFFAU86CA,24,20.36,共有部份,鋼筋混凝土造,84年4月17日,六層,
RPVOMLNLMHOFFAU57CA,21,8.45,共有部份,鋼筋混凝土造,87年4月3日,十層,
RPQNMLMLMHOFFAU86CA,24,13.56,共有部份,鋼筋混凝土造,84年4月17日,六層,
RPVOMLNLMHOFFAU57CA,21,17.51,共有部份,鋼筋混凝土造,87年4月3日,十層,
RPVOMLNLMHOFFAU57CA,21,9.23,共有部份,鋼筋混凝土造,87年4月3日,十層,
RPTNMLMLMHOFFAU17CA,1,205.88,住家用,鋼筋混凝土造,107年1月22日,四層,一層 二層 三層 四層 陽台
RPXNMLMLMHOFFAU57CA,3,268.38,住家用,鋼筋混凝土造,105年5月23日,三層,一層 二層 三層 陽台
RPQNMLMJNHOFFAU76CA,24,4.78,共有部份,鋼筋混凝土造,83年11月15日,十二層,
RPQNMLMJNHOFFAU76CA,24,22.82,住家用,鋼筋混凝土造,83年11月15日,十二層,五層 陽台
RPQNMLMJNHOFFAU76CA,24,6.68,共有部份,鋼筋混凝土造,83年11月15日,十二層,
RPRNMLNLMHOFFCU27CA,4,263.36,住家用,鋼筋混凝土造,104年4月29日,三層,一層 二層 三層 陽台 屋頂突出物
RPPNMLTKMHOFFBU47CA,21,254.47,住商用,鋼筋混凝土造,86年10月1日,四層,一層 二層 三層 四層 陽台 騎樓
RPTNMLNKNHOFFAU27CA,46,80.02,住家用,鋼筋混凝土加強磚造,62年8月27日,二層,一層 二層
RPXNMLQLMHOFFAU97CA,38,27.68,住家用,鋼筋混凝土造,69年11月3日,五層,五層
RPXNMLQLMHOFFAU97CA,38,3.25,共有部份,鋼筋混凝土造,69年11月3日,五層,
RPQOMLMLMHOFFAU96CA,44,95.84,住家用,鋼筋混凝土加強磚造,64年9月27日,二層,一層 二層
RPWOMLMLMHOFFAU57CA,19,108.80,住家用,鋼筋混凝土造,89年6月9日,七層,三層 陽台
RPWOMLMLMHOFFAU57CA,19,22.01,共有部份,鋼筋混凝土造,89年6月9日,七層,
RPWOMLMLMHOFFAU57CA,19,55.65,共有部份,鋼筋混凝土造,89年6月9日,七層,
RPQPMLMLMHOFFAU07CA,22,82.70,住家用,鋼筋混凝土造,85年10月29日,十六層,二層 陽台
RPQPMLMLMHOFFAU07CA,22,7.23,停車空間,鋼筋混凝土造,85年10月29日,十六層,
RPQPMLMLMHOFFAU07CA,22,14.81,共有部份,鋼筋混凝土造,85年10月29日,十六層,
RPQPMLMLMHOFFAU07CA,22,23.03,共有部份,鋼筋混凝土造,85年10月29日,十六層,
RPUNMLOLMHOFFAU47CA,1,49.95,集合住宅,鋼筋混凝土造,107年4月27日,十二層,八層 陽台
RPUNMLOLMHOFFAU47CA,1,11.36,本共有部份之項目有防空避難室兼停車空間、機電設備、騎樓、Ｆ梯安全梯、一樓梯廳、一樓門廳、管委會使用空間、車道、Ｃ棟垃圾處理區等９項。,鋼筋混凝土造,107年4月27日,十二層,
RPUNMLOLMHOFFAU47CA,1,14.75,共有部份,鋼筋混凝土造,107年4月27日,十二層,
RPQOMLNLMHOFFAU07CA,20,113.78,住家用,鋼筋混凝土造,88年5月20日,五層,四層 五層 陽台 見其他登記事項
RPQOMLNLMHOFFAU07CA,20,13.50,停車空間,鋼筋混凝土造,88年5月20日,五層,
RPQOMLNLMHOFFAU07CA,20,25.46,共有部份,鋼筋混凝土造,88年5月20日,五層,
RPPOMLNLMHOFFAU96CA,31,41.46,住家用,鋼筋混凝土造,76年11月17日,七層,五層
RPPOMLNLMHOFFAU96CA,31,13.98,共有部份,鋼筋混凝土造,76年11月17日,七層,
RPROMLNLMHOFFAU17CA,25,53.57,住家用,鋼筋混凝土造,83年3月26日,六層,六層 陽台
RPROMLNLMHOFFAU17CA,25,12.44,共有部份,鋼筋混凝土造,83年3月26日,六層,
RPVNMLNLMHOFFAU47CA,24,20.16,住家用,鋼筋混凝土造,84年8月19日,十一層,十一層 陽台
RPVNMLNLMHOFFAU47CA,24,7.12,共有部份,鋼筋混凝土造,84年8月19日,十一層,
RPWOMLNLMHOFFAU67CA,25,55.90,住家用,鋼筋混凝土造,83年8月11日,八層,八層 陽台
RPWOMLNLMHOFFAU67CA,25,16.27,共有部份,鋼筋混凝土造,83年8月11日,八層,
RPUNMLPLMHOFFAU57CA,40,146.51,住商用,鋼筋混凝土加強磚造,68年1月16日,二層,一層 二層 騎樓
RPROMLLJNHOFFAU86CA,8,36.90,共有部份,鋼筋混凝土造,100年1月21日,十二層,
RPROMLLJNHOFFAU86CA,8,75.15,集合住宅,鋼筋混凝土造,100年1月21日,十二層,三層 陽台
RPTPMLQLMHOFFAU77CA,50,93.60,住家用,鋼筋混凝土加強磚造,58年6月2日,二層,一層 二層 騎樓
RPRNMLTLMHOFFAU67CA,24,38.55,住家用,鋼筋混凝土造,83年11月15日,十二層,十二層 陽台
RPRNMLTLMHOFFAU67CA,24,8.49,共有部份,鋼筋混凝土造,83年11月15日,十二層,
RPRNMLTLMHOFFAU67CA,24,12.21,共有部份,鋼筋混凝土造,83年11月15日,十二層,
RPQNMLSKNHOFFAU47CA,29,164.52,商業用,鋼筋混凝土造,78年12月5日,三層,一層 二層 三層 陽台 屋頂突出物 騎樓
RPPNMLOLMHOFFBU07CA,25,216.73,住家用,鋼筋混凝土造,82年12月17日,二層,一層 二層 陽台 屋頂突出物 騎樓
RPUOMLMJNHOFFAU27CA,,10.18,共有部份,鋼筋混凝土造,,,
RPUOMLMJNHOFFAU27CA,,67.42,住家用,鋼筋混凝土造,,,
RPUOMLMJNHOFFAU27CA,,15.11,共有部份,鋼筋混凝土造,,,
RPROMLPLMHOFFAU37CA,,136.73,住家用,鋼筋混凝土造,,,
RPOPMLPLMHOFFAU17CA,,167.06,停車空間、住宅,鋼筋混凝土造,,,
RPQOMLOLMHOFFAU17CA,,103.43,集合住宅,鋼筋混凝土造,,,
RPQOMLOLMHOFFAU17CA,,44.01,共有部份,鋼筋混凝土造,,,
RPQOMLOLMHOFFAU17CA,,25.29,共有部份,鋼筋混凝土造,,,
RPPNMLTLMHOFFAU47CA,,50.10,住家用,水泥磚蓋鐵皮,,,
RPOOMLTJNHOFFAU37CA,,185.06,住家用,鋼筋混凝土造,,,
RPPPMLNJNHOFFAU96CA,,142.05,住家用,鋼筋混凝土造,,,
RPWNMLOLMHOFFAU67CA,,104.07,住家用,鋼筋混凝土造,,,
RPWNMLOLMHOFFAU67CA,,15.61,共有部份,鋼筋混凝土造,,,
RPWNMLOLMHOFFAU67CA,,16.28,共有部份,鋼筋混凝土造,,,
RPSNMLOLMHOFFAU27CA,,290.48,住家用,鋼筋混凝土造,,,
RPTOMLNJNHOFFAU27CA,,94.08,住家用,鋼筋混凝土加強磚造,,,
RPWOMLTJNHOFFAU18CA,,134.96,住家用,鋼筋混凝土造,,,
RPWOMLTJNHOFFAU18CA,,134.96,住家用,鋼筋混凝土造,,,
RPXNMLSJIIOFFAU67CA,7,220.15,住家用,鋼筋混凝土造,101年5月18日,三層,一層 二層 三層 陽台 屋頂突出物
RPTOMLOLMHOFFAU47CA,,220.15,住家用,鋼筋混凝土造,,,
RPUOMLPLMHOFFAU67CA,,55.97,住家用,鋼筋混凝土加強磚造,,,
RPOPMLTLMHOFFAU57CA,,17.69,住家用,蓋瓦木造,,,
RPUOMLTLMHOFFAU08CA,,103.89,住商用,鋼筋混凝土造,,,
RPUOMLTLMHOFFAU08CA,,11.31,共有部份,鋼筋混凝土造,,,
RPUOMLTLMHOFFAU08CA,,13.83,共有部份,鋼筋混凝土造,,,
RPUOMLTLMHOFFAU08CA,,.18,商業用,鋼筋混凝土造,,,
RPUOMLTLMHOFFAU08CA,,7.50,共有部份,鋼筋混凝土造,,,
RPQOMLNLNHOFFAU17CA,35,219.57,住商用,鋼筋混凝土造,72年9月29日,三層,一層 二層 三層 屋頂突出物 騎樓
RPRNMLPLMHOFFCU47CA,21,99.46,住家用,鋼筋混凝土造,86年9月24日,四層,一層
RPRNMLPLMHOFFCU47CA,21,11.47,樓梯間,鋼筋混凝土造,86年9月24日,四層,
RPSNMLTJNHOFFAU87EA,,455.63,住家用,鋼筋混凝土造,,,
RPXOMLQLMHOFFAU28EA,,82.77,住商用,鋼筋混凝土加強磚造,,,
RPPOMLTLMHOFFAU77EA,,8.31,共有部份,鋼筋混凝土造,,,
RPPOMLTLMHOFFAU77EA,,33.32,住家用,鋼筋混凝土造,,,
RPUNMLPKNHOFFAU57CA,1,318.10,住家用,鋼筋混凝土造,107年8月27日,四層,一層 二層 三層 四層 陽台 屋頂突出物 見其他登記事項
RPTOMLNKNHOFFAU37CA,,88.72,住家用,鋼筋混凝土加強磚造,,,
RPWNMLNLNHOFFAU67CA,8,113.24,集合住宅,鋼筋混凝土造,100年1月21日,十二層,十層 陽台
RPWNMLNLNHOFFAU67CA,8,49.04,共有部份,鋼筋混凝土造,100年1月21日,十二層,
RPTNMLTLMHOFFAU87CA,,4.32,共有部份,鋼筋混凝土造,,,
RPTNMLTLMHOFFAU87CA,,19.93,住家用,鋼筋混凝土造,,,
RPPNMLLJNHOFFAU56CA,,115.80,住家用,鋼筋混凝土造,,,
RPPNMLLJNHOFFAU56CA,,14.80,共有部份,鋼筋混凝土造,,,
RPPNMLLJNHOFFAU56CA,,9.42,共有部份,鋼筋混凝土造,,,
RPRNMLKMMHOFFAU86CA,,106.35,住家用,鋼筋混凝土造,,,
RPRNMLKMMHOFFAU86CA,,70.75,共有部份,鋼筋混凝土造,,,
RPSNMLKMMHOFFAU96CA,,304.17,農舍,鋼筋混凝土造,,,
RPROMLPKNHOFFAU37CA,2,288.11,住家用,鋼筋混凝土造,106年8月22日,四層,一層 二層 三層 四層 陽台
RPRNMLLJNHOFFAU76CA,,235.84,住家用,鋼筋混凝土造,,,
RPWOMLLLNHOFFAU57CA,42,109.35,住商用,鋼筋混凝土加強磚造,66年3月10日,二層,一層 二層 騎樓
RPPPMLPLMHOFFAU27CA,,184.59,住家用,鋼筋混凝土造,,,
RPWPMLQLMHOFFAU08CA,,226.23,住家用,鋼筋混凝土造,,,
RPPOMLQLMHOFFAU27CA,,206.11,住家用,鋼筋混凝土造,,,
RPOPMLQLMHOFFAU27CA,,76.72,住家用,鋼筋混凝土造,,,
RPOPMLQLMHOFFAU27CA,,8.42,共有部份,鋼筋混凝土造,,,
RPOPMLQLMHOFFAU27CA,,9.15,共有部份,鋼筋混凝土造,,,
RPVNMLKMMHOFFAU27CA,,83.85,住家用,鋼筋混凝土加強磚造,,,
RPROMLMJNHOFFAU96CA,,140.35,住家用,鋼筋混凝土造,,,
RPQNMLLJNHOFFAU66CA,,115.64,住商用,鋼筋混凝土加強磚造,,,
RPXNMLTLMHOFFAU28CA,,49.95,集合住宅,鋼筋混凝土造,,,
RPXNMLTLMHOFFAU28CA,,11.36,本共有部份之項目有防空避難室兼停車空間、機電設備、騎樓、Ｆ梯安全梯、一樓梯廳、一樓門廳、管委會使用空間、車道、Ｃ棟垃圾處理區等９項。,鋼筋混凝土造,,,
RPXNMLTLMHOFFAU28CA,,14.75,共有部份,鋼筋混凝土造,,,
RPUNMLTLMHOFFAU97CA,,168.23,住家用,鋼筋混凝土造,,,
RPXOMLTLMHOFFAU38CA,,98.28,住家用,鋼筋混凝土造,,,
RPQOMLTLMHOFFAU67CA,,114.60,住家用,磚石造,,,
RPUOMLSJNHOFFAU87CA,,50.48,住家用,鋼筋混凝土造,,,
RPUOMLSJNHOFFAU87CA,,9.01,共有部份,鋼筋混凝土造,,,
RPSPMLMJNHOFFAU17CA,,375.24,住商用,鋼筋混凝土造,,,
RPOOMLTLMHOFFAU67EA,,213.86,住家用,鋼筋混凝土造,,,
RPTOMLQJNHOFFAU57CA,,155.12,住家用,鋼筋混凝土造,,,
RPTOMLQJNHOFFAU57CA,,14.01,共有部份,鋼筋混凝土造,,,
RPTOMLQJNHOFFAU57CA,,49.01,共有部份（機電室、電梯間、管理室、樓梯間、騎樓）,鋼筋混凝土造,,,
RPSNMLLJNHOFFBU96CA,38,74.21,住商用,鋼筋混凝土造,69年10月7日,二層,一層 二層 騎樓
RPSNMLLJNHOFFBU96CA,38,76.19,住商用,鋼筋混凝土造,69年10月7日,二層,一層 二層 騎樓
RPPNMLTLMHOFFBU57CA,19,197.10,住家用,鋼筋混凝土造,89年1月31日,四層,一層 二層 三層 四層 陽台
RPROMLQJNHOFFAU37CA,,81.60,住家用,鋼筋混凝土加強磚造,,,
RPXNMLKLNHOFFAU47CA,,21.76,住家用,鋼筋混凝土加強磚造,,,
RPOPMLNJNHOFFAU86CA,,34.18,住家用,鋼筋混凝土造,,,
RPOPMLNJNHOFFAU86CA,,7.09,共有部份,鋼筋混凝土造,,,
RPPNMLKMMHOFFAU66CA,,102.96,住家用,木造、木石磚造、加強磚造,,,
RPXOMLMJNHOFFAU57CA,,139.80,住家用,鋼筋混凝土加強磚造,,,
RPTOMLMJNHOFFAU17CA,,199.07,住家用,鋼筋混凝土造,,,
RPWNMLLJNHOFFAU27CA,,129.94,住家用,鋼筋混凝土造,,,
RPWOMLLJNHOFFAU37CA,,246.32,住家用,鋼筋混凝土造,,,
RPWOMLLJNHOFFAU37CA,,18.87,共有部份,鋼筋混凝土造,,,
RPWOMLLJNHOFFAU37CA,,12.97,共有部份,鋼筋混凝土造,,,
RPPNMLMJNHOFFAU66CA,,107.96,住家用,鋼筋混凝土造,,,
RPPNMLMJNHOFFAU66CA,,28.95,共有部份,鋼筋混凝土造,,,
RPPNMLMJNHOFFAU66CA,,43.92,共有部份,鋼筋混凝土造,,,
RPXOMLSJNHOFFAU18CA,,420.23,住家用,鋼筋混凝土造,,,
RPTOMLRJNHOFFAU67CA,46,175.06,住家用,鋼筋混凝土加強磚造,62年8月20日,二層,一層 二層 騎樓
RPXNMLPKNHOFFAU87CA,,297.13,住家用,鋼筋混凝土造,,,
RPRNMLOLNHOFFAU27CA,37,94.20,住家用,鋼筋混凝土造,70年12月31日,五層,四層
RPRNMLOLNHOFFAU27CA,37,658.04,共有部份,鋼筋混凝土造,70年12月31日,五層,
RPTNMLTLNHOFFAU97CA,25,349.85,住商用,鋼筋混凝土造,83年7月27日,三層,一層 二層 三層 陽台 屋頂突出物 騎樓
RPTNMLKLNHOFFAU07CA,,257.36,住家用,鋼筋混凝土造,,,
RPTNMLRKNHOFFAU67CA,25,80.37,住家用,鋼筋混凝土造,83年4月1日,十層,五層 陽台 花台
RPTNMLRKNHOFFAU67CA,25,23.47,共有部份,鋼筋混凝土造,83年4月1日,十層,
RPUOMLNKNHOFFAU47CA,,214.77,工業社區住宅,鋼筋混凝土造,,,
RPSNMLQJNHOFFAU37CA,,73.30,集合住宅,鋼筋混凝土造,,,
RPSNMLQJNHOFFAU37CA,,24.33,共有部份,鋼筋混凝土造,,,
RPVNMLQJNHOFFAU67CA,,46.11,集合住宅,鋼筋混凝土造,,,
RPVNMLQJNHOFFAU67CA,,44.98,本共有部份之項目有防空避難室兼停車空間、機電設備、騎樓、Ｆ梯安全梯、一樓梯廳、一樓門廳、管委會使用空間、車道、Ｃ棟垃圾處理區等９項。,鋼筋混凝土造,,,
RPVNMLQJNHOFFAU67CA,,13.63,共有部份,鋼筋混凝土造,,,
RPQOMLQJNHOFFAU27CA,,25.27,住家用,鋼筋混凝土造,,,
RPQOMLQJNHOFFAU27CA,,6.51,共有部份,鋼筋混凝土造,,,
RPROMLNJNHOFFAU07CA,,326.21,住家用,鋼筋混凝土造,,,
RPXNMLNJNHOFFAU57CA,,51.60,住家用,鋼筋混凝土造,,,
RPXNMLNJNHOFFAU57CA,,11.82,共有部份,鋼筋混凝土造,,,
RPUNMLNJNHOFFAU27CA,,85.45,住家用,鋼筋混凝土加強磚造,,,
RPWNMLNJNHOFFAU47CA,,310.57,住商用,鋼筋混凝土造,,,
RPSNMLNJNHOFFAU07CA,,516.99,住家用,鋼筋混凝土造,,,
RPUOMLTJNHOFFAU97CA,,27.43,住家用,鋼筋混凝土造,,,
RPUOMLTJNHOFFAU97CA,,7.93,共有部份,鋼筋混凝土造,,,
RPSNMLMJNHOFFAU96CA,,117.60,住商用,鋼筋混凝土加強磚造,,,
RPTOMLLJNHOFFAU07CA,,109.64,住商用,鋼筋混凝土加強磚造,,,
RPVOMLMJNHOFFAU37CA,,239.76,住家用,鋼筋混凝土造,,,
RPQOMLMJNHOFFAU86CA,,73.35,住家用,鋼筋混凝土造,,,
RPQOMLMJNHOFFAU86CA,,7.70,共有部份,鋼筋混凝土造,,,
RPPNMLOLNHOFFAU07CA,26,50.72,住家用,鋼筋混凝土造,81年10月9日,十二層,七層
RPPNMLOLNHOFFAU07CA,26,21.95,共有部份,鋼筋混凝土造,81年10月9日,十二層,
RPTNMLNJNHOFFAU17CA,,113.78,住家用,鋼筋混凝土造,,,
RPTNMLNJNHOFFAU17CA,,13.50,停車空間,鋼筋混凝土造,,,
RPTNMLNJNHOFFAU17CA,,25.46,共有部份,鋼筋混凝土造,,,
RPRNMLSJNHOFFAU47CA,,83.26,住家用,鋼筋混凝土加強磚造,,,
RPRPMLNJNHOFFAU17CA,,190.18,住商用,鋼筋混凝土造,,,
RPWOMLQJNHOFFAU87CA,,97.29,住家用,鋼筋混凝土造,,,
RPWOMLQJNHOFFAU87CA,,10.35,共有部份,鋼筋混凝土造,,,
RPWOMLQJNHOFFAU87CA,,6.86,共有部份,鋼筋混凝土造,,,
RPUNMLNLNHOFFAU47CA,25,136.57,住家用,鋼筋混凝土造,83年5月18日,七層,六層 七層 陽台
RPUNMLNLNHOFFAU47CA,25,36.80,共有部份,鋼筋混凝土造,83年5月18日,七層,
RPUNMLNLNHOFFAU47CA,25,24.63,地下室,鋼筋混凝土造,83年5月18日,七層,防空避難室
RPQOMLMLNHOFFAU07CA,20,47.32,住家用,鋼筋混凝土造,87年11月30日,八層,三層 陽台
RPQOMLMLNHOFFAU07CA,20,18.71,車道，電梯間，樓梯間，騎樓，屋頂突出物,鋼筋混凝土造,87年11月30日,八層,
RPQOMLMLNHOFFAU07CA,20,2.83,停車空間,鋼筋混凝土造,87年11月30日,八層,
RPQNMLRJNHOFFCU47CA,82,21.60,住家用,木造,26年1月1日,一層,一層 騎樓
RPQNMLRJNHOFFCU47CA,82,21.60,住家用,木造,26年1月1日,一層,一層 騎樓
RPUOMLQJNHOFFAU67CA,,95.89,住商用,鋼筋混凝土加強磚造,,,
RPVOMLSJNHOFFAU97CA,,307.98,住家用,鋼筋混凝土造,,,
RPUOMLRJNHOFFAU77CA,31,47.32,住家用,鋼筋混凝土造,76年11月11日,二層,一層 二層
RPPPMLSJNHOFFAU47CA,,123.62,住商用,鋼筋混凝土加強磚造,,,
RPXOMLTJNHOFFAU28CA,,41.46,住家用,鋼筋混凝土造,,,
RPXOMLTJNHOFFAU28CA,,13.98,共有部份,鋼筋混凝土造,,,
RPTNMLSJNHOFFAU67CA,,29.86,住家用,鋼筋混凝土造,,,
RPTNMLSJNHOFFAU67CA,,14.40,共有部份,鋼筋混凝土造,,,
RPSOMLSJNHOFFAU67CA,,96.25,住家用,鋼筋混凝土加強磚造,,,
RPUNMLRJNHOFFAU67CA,2,250.86,工業區社區住宅,鋼筋混凝土造,106年5月9日,三層,一層 二層 三層 陽台 屋頂突出物
RPXNMLRJNHOFFAU97CA,12,170.26,住家用,鋼筋混凝土造,96年3月19日,四層,一層 二層 三層 四層 陽台
RPPNMLTJNHOFFCU67DA,,95.12,住商用,鋼筋混凝土加強磚造,,,
RPVNMLMLNHOFFAU47CA,22,82.70,住家用,鋼筋混凝土造,85年10月29日,十六層,二層 陽台
RPVNMLMLNHOFFAU47CA,22,14.47,停車空間,鋼筋混凝土造,85年10月29日,十六層,
RPVNMLMLNHOFFAU47CA,22,14.81,共有部份,鋼筋混凝土造,85年10月29日,十六層,
RPVNMLMLNHOFFAU47CA,22,23.03,共有部份,鋼筋混凝土造,85年10月29日,十六層,
RPSOMLNKNHOFFAU27CA,,82.78,住家用,鋼筋混凝土加強磚造,,,
RPQOMLPKNHOFFAU27CA,,366.52,住商用,鋼筋混凝土造,,,
RPQNMLPKNHOFFBU27CA,20,286.68,農舍,鋼筋混凝土造,87年11月27日,二層,一層 二層 陽台 屋頂突出物
RPRNMLKKNHOFFAU76CA,25,48.79,住家用,鋼筋混凝土造,82年10月29日,五層,二層 陽台
RPRNMLKKNHOFFAU76CA,25,11.07,共有部份,鋼筋混凝土造,82年10月29日,五層,
RPPNMLKKNHOFFAU56CA,25,258.91,農舍,鋼筋混凝土造,83年6月15日,二層,一層 二層 陽台 屋頂突出物 見其他登記事項
RPTOMLKKNHOFFAU07CA,1,217.57,住家用,鋼筋混凝土造,107年1月22日,四層,一層 二層 三層 四層 陽台
RPSNMLNKNHOFFAU17CA,,244.16,住商用,鋼筋混凝土造,,,
RPRNMLNKNHOFFAU07CA,,78.48,住家用,鋼筋混凝土造,,,
RPRNMLNKNHOFFAU07CA,,9.50,共有部份,鋼筋混凝土造,,,
RPQNMLNKNHOFFAU96CA,,116.92,住家用,鋼筋混凝土加強磚造,,,
RPWOMLSJNHOFFAU28EA,,256.63,住商用,鋼筋混凝土造,,,
RPOQMLMLNHOFFAU07CA,56,37.24,住家用,木造,52年1月1日,一層,一層
RPTOMLLMNHOFFAU37CA,3,380.19,住家用,鋼筋混凝土造,105年1月6日,三層,一層 二層 三層 陽台 地下一層
RPWNMLMLNHOFFAU57CA,25,199.40,住宅、儲藏室、自用車庫,鋼筋混凝土造,83年6月24日,四層,一層 二層 三層 四層 陽台 平台 地下層
RPUNMLSJNHOFFAU97EA,,61.91,住家用,鋼筋混凝土加強磚造,,,
RPPNMLNKNHOFFCU27EA,21,103.20,住家用,鋼筋混凝土造,87年7月10日,九層,三層 陽台
RPPNMLNKNHOFFCU27EA,21,41.59,防空避難室、停車空間、樓梯間,鋼筋混凝土造,87年7月10日,九層,
RPTNMLKKNHOFFAU96CA,24,34.09,住家用,鋼筋混凝土造,84年8月25日,七層,六層 陽台
RPTNMLKKNHOFFAU96CA,24,17.87,共有部份,鋼筋混凝土造,84年8月25日,七層,
RPWNMLOJOHOFFAU67CA,47,97.66,住家用,鋼筋混凝土加強磚造,60年11月1日,二層,一層 二層
RPQOMLTJNHOFFAU57CA,,113.58,住家用,鋼筋混凝土加強磚造,,,
RPSNMLTJNHOFFAU67CA,,93.61,住家用,鋼筋混凝土加強磚造,,,
RPROMLTJNHOFFAU67CA,,78.94,住商用,鋼筋混凝土加強磚造,,,
RPQPMLSJNHOFFAU57CA,,232.08,住家用,鋼筋混凝土造,,,
RPTNMLTJNHOFFAU77CA,,245.28,住家用,鋼筋混凝土造,,,
RPVNMLTJNHOFFAU97CA,,212.79,住商用,鋼筋混凝土造,,,
RPOPMLTJNHOFFAU47CA,,58.73,住家用,鋼筋混凝土加強磚造,,,
RPVOMLKKNHOFFAU27CA,14,275.67,住家用,鋼筋混凝土造,93年11月1日,四層,一層 二層 三層 四層 陽台 見其他登記事項
RPOPMLOJOHOFFAU17DA,,92.58,集合住宅,鋼筋混凝土造,107年11月23日,五層,四層 陽台
RPOPMLOJOHOFFAU17DA,,19.36,本共有部分之項目有電梯、樓梯間、水箱等３項,鋼筋混凝土造,107年11月23日,五層,
RPQNMLPKNHOFFAU17CA,,126.24,住家用,鋼筋混凝土造,,,
RPQNMLPKNHOFFAU17CA,,72.36,共有部份,鋼筋混凝土造,,,
RPRNMLPKNHOFFAU27CA,,129.02,住家用,鋼筋混凝土造,,,
RPSPMLMLNHOFFAU37CA,26,88.71,住家用,鋼筋混凝土造,82年1月9日,七層,五層 陽台
RPSPMLMLNHOFFAU37CA,26,9.81,共有部份,鋼筋混凝土造,82年1月9日,七層,
RPSPMLMLNHOFFAU37CA,26,10.03,共有部份,鋼筋混凝土造,82年1月9日,七層,
RPSPMLMLNHOFFAU37CA,26,.28,商業用,鋼筋混凝土造,82年1月9日,七層,地下層
RPSPMLMLNHOFFAU37CA,26,15.02,共有部份,鋼筋混凝土造,82年1月9日,七層,
RPQNMLRKNHOFFAU37CA,19,45.75,住家用,鋼筋混凝土造,89年8月7日,十二層,五層 陽台 花台 雨遮
RPQNMLRKNHOFFAU37CA,19,11.80,共有部份,鋼筋混凝土造,89年8月7日,十五層,
RPQNMLRKNHOFFAU37CA,19,.40,共有部份,鋼筋混凝土造,89年8月7日,十五層,
RPQNMLRKNHOFFAU37CA,19,7.72,共有部份,鋼筋混凝土造,89年8月7日,十二層,
RPTNMLMLNHOFFAU27CA,24,27.51,住家用,鋼筋混凝土造,84年8月19日,十一層,九層 陽台 花台
RPTNMLMLNHOFFAU27CA,24,8.01,共有部份,鋼筋混凝土造,84年8月19日,十一層,
RPUNMLNKNHOFFAU37CA,,420.86,住家用,鋼筋混凝土造,,,
RPXNMLNKNHOFFAU67CA,,15.61,共有部份,鋼筋混凝土造,,,
RPXNMLNKNHOFFAU67CA,,104.07,住家用,鋼筋混凝土造,,,
RPXNMLNKNHOFFAU67CA,,16.28,共有部份,鋼筋混凝土造,,,
RPSNMLOKNHOFFAU27CA,,35.58,住家用,鋼筋混凝土造,,,
RPSNMLOKNHOFFAU27CA,,27.37,共有部份,鋼筋混凝土造,,,
RPTNMLOJOHOFFAU37CA,25,119.50,住商用,鋼筋混凝土造,82年11月9日,八層,一層 平台 騎樓 夾層
RPTNMLOJOHOFFAU37CA,25,21.12,共有部份,鋼筋混凝土造,82年11月9日,八層,
RPPNMLNKNHOFFAU86CA,,17.18,住家用,鋼筋混凝土造,,,
RPPNMLNKNHOFFAU86CA,,8.20,共有部份,鋼筋混凝土造,,,
RPPOMLKKNHOFFAU66CA,22,252.57,農舍,鋼筋混凝土造,86年9月9日,一層,一層 見其他登記事項
RPRPMLTJNHOFFAU77CA,,276.97,住家用,鋼筋混凝土造,,,
RPPPMLTJNHOFFAU57CA,,259.72,住家用,鋼筋混凝土造,,,
RPTPMLTJNHOFFAU97CA,,102.98,住家用,鋼筋混凝土造,,,
RPTPMLTJNHOFFAU97CA,,13.40,停車空間,鋼筋混凝土造,,,
RPTPMLTJNHOFFAU97CA,,22.58,共有部份,鋼筋混凝土造,,,
RPXNMLNLNHOFFAU77CA,21,64.33,住家用,鋼筋混凝土造,87年4月3日,十層,二層 陽台
RPXNMLNLNHOFFAU77CA,21,13.70,共有部份,鋼筋混凝土造,87年4月3日,十層,
RPXNMLNLNHOFFAU77CA,21,5.83,共有部份,鋼筋混凝土造,87年4月3日,十層,
RPXNMLOJOHOFFAU77CA,25,22.41,住家用,鋼筋混凝土造,83年8月4日,五層,五層 陽台
RPXNMLOJOHOFFAU77CA,25,6.24,共有部份,鋼筋混凝土造,83年8月4日,五層,
RPOOMLOJOHOFFAU96CA,24,23.52,住家用,鋼筋混凝土造,83年11月17日,七層,五層 花台
RPOOMLOJOHOFFAU96CA,24,7.69,共有部份,鋼筋混凝土造,83年11月17日,七層,
RPXOMLOKNHOFFAU87CA,,47.01,集合住宅,鋼筋混凝土造,,,
RPXOMLOKNHOFFAU87CA,,45.62,本共有部份之項目有防空避難室兼停車空間、機電設備、騎樓、Ｆ梯安全梯、一樓梯廳、一樓門廳、管委會使用空間、車道、Ｃ棟垃圾處理區等９項。,鋼筋混凝土造,,,
RPXOMLOKNHOFFAU87CA,,13.90,共有部份,鋼筋混凝土造,,,
RPVOMLOKNHOFFAU67CA,,53.06,辦公室,鋼筋混凝土造,,,
RPVOMLOKNHOFFAU67CA,,46.98,本共有部份之項目有防空避難室兼停車空間、機電設備、騎樓、Ｆ梯安全梯、一樓梯廳、一樓門廳、管委會使用空間、車道、Ｃ棟垃圾處理區等９項。,鋼筋混凝土造,,,
RPVOMLOKNHOFFAU67CA,,16.40,共有部份,鋼筋混凝土造,,,
RPPNMLPKNHOFFAU07CA,,33.75,住家用,鋼筋混凝土造,,,
RPPNMLPKNHOFFAU07CA,,5.19,共有部份,鋼筋混凝土造,,,
RPPNMLPKNHOFFAU07CA,,33.75,住家用,鋼筋混凝土造,,,
RPPNMLPKNHOFFAU07CA,,5.19,共有部份,鋼筋混凝土造,,,
RPUNMLPJQHOFFAU77CA,1,47.01,集合住宅,鋼筋混凝土造,107年4月27日,十二層,五層 陽台
RPUNMLPJQHOFFAU77CA,1,10.72,本共有部份之項目有防空避難室兼停車空間、機電設備、騎樓、Ｆ梯安全梯、一樓梯廳、一樓門廳、管委會使用空間、車道、Ｃ棟垃圾處理區等９項。,鋼筋混凝土造,107年4月27日,十二層,
RPUNMLPJQHOFFAU77CA,1,14.54,共有部份,鋼筋混凝土造,107年4月27日,十二層,
RPTNMLPJQHOFFAU67CA,1,47.01,集合住宅,鋼筋混凝土造,107年4月27日,十二層,五層 陽台
RPTNMLPJQHOFFAU67CA,1,10.72,本共有部份之項目有防空避難室兼停車空間、機電設備、騎樓、Ｆ梯安全梯、一樓梯廳、一樓門廳、管委會使用空間、車道、Ｃ棟垃圾處理區等９項。,鋼筋混凝土造,107年4月27日,十二層,
RPTNMLPJQHOFFAU67CA,1,13.90,共有部份,鋼筋混凝土造,107年4月27日,十二層,
RPOOMLOKNHOFFAU96CA,,239.83,住家用,鋼筋混凝土造,,,
RPXNMLOKNHOFFAU77CA,,47.01,集合住宅,鋼筋混凝土造,,,
RPXNMLOKNHOFFAU77CA,,45.62,本共有部份之項目有防空避難室兼停車空間、機電設備、騎樓、Ｆ梯安全梯、一樓梯廳、一樓門廳、管委會使用空間、車道、Ｃ棟垃圾處理區等９項。,鋼筋混凝土造,,,
RPXNMLOKNHOFFAU77CA,,14.54,共有部份,鋼筋混凝土造,,,
RPWNMLOKNHOFFAU67CA,,207.15,住家用,鋼筋混凝土造,,,
RPROMLOKNHOFFAU27CA,,214.92,住家用,鋼筋混凝土造,,,
RPROMLOKNHOFFAU27CA,,16.56,共有部份,鋼筋混凝土造,,,
RPROMLOKNHOFFAU27CA,,12.97,共有部份,鋼筋混凝土造,,,
