﻿編號,土地位置,土地移轉面積(平方公尺),使用分區或編定,權利人持分分母,權利人持分分子,移轉情形,地號
The serial number, land position,land shifting area square meter,the use zoning or compiles and checks,,,,land parcel
RPTNMLOKKHOFFAX37CA,通梁南段,99.96,非都市： ; 非都市編定：,6,1,持分移轉,09460000
RPUNMLOKKHOFFAX47CA,通梁南段,299.89,非都市： ; 非都市編定：,2,1,持分移轉,09460000
RPSNMLOKKHOFFAX27CA,通梁南段,99.96,非都市： ; 非都市編定：,6,1,持分移轉,09460000
RPQNMLSJNHOFFAX67CA,馬公段,7.36,非都市： ; 非都市編定：,50000,667,持分移轉,02930001
RPQNMLKLKHOFFAX76CA,馬公段,44.00,非都市： ; 非都市編定：,1,1,全筆移轉,20820000
RPRNMLNKKHOFFAX17DA,後寮段,73.00,非都市：鄉村區 ; 非都市編定：乙種建築用地,1,1,全筆移轉,25700000
RPXNMLOKKHOFFAX97EA,興仁段,3.03,非都市：一般農業區 ; 非都市編定：農牧用地,1416,15,持分移轉,04830000
RPUNMLKLKHOFFAX17CA,鐵線段,477.95,非都市：一般農業區 ; 非都市編定：農牧用地,2,1,持分移轉,10040000
RPUNMLKLKHOFFAX17CA,鐵線段,477.95,非都市：一般農業區 ; 非都市編定：農牧用地,2,1,持分移轉,10040000
RPQNMLSKKHOFFAX47CA,東澳段,12.58,非都市： ; 非都市編定：,70,6,持分移轉,02860000
RPPNMLQJLHOFFAX17CA,六合段,150.05,非都市：一般農業區 ; 非都市編定：甲種建築用地,1,1,全筆移轉,03960009
RPPNMLQJLHOFFAX17CA,六合段,19.85,非都市：一般農業區 ; 非都市編定：交通用地,2240,198,持分移轉,03960018
RPSNMLPKKHOFFAX37CA,東澳段,85.68,非都市： ; 非都市編定：,8,1,持分移轉,09020000
RPXNMLPKKHOFFAX87CA,光榮段,29.31,非都市： ; 非都市編定：,7,1,持分移轉,06820000
RPUNMLPLKHOFFAX67CA,五福段,253.71,非都市：一般農業區 ; 非都市編定：農牧用地,10000,6042,持分移轉,08970000
RPUNMLPLKHOFFAX67CA,五福段,166.20,非都市：一般農業區 ; 非都市編定：農牧用地,10000,3958,持分移轉,08970000
RPPNMLNJLHOFFAX86CA,山水北段,178.84,非都市：一般農業區 ; 非都市編定：農牧用地,1000,244,持分移轉,02290000
RPPNMLNJLHOFFAX86CA,山水北段,180.31,非都市：一般農業區 ; 非都市編定：農牧用地,1000,246,持分移轉,02290000
RPPNMLNJLHOFFAX86CA,山水北段,188.37,非都市：一般農業區 ; 非都市編定：農牧用地,1000,257,持分移轉,02290000
RPPNMLNJLHOFFAX86CA,山水北段,185.44,非都市：一般農業區 ; 非都市編定：農牧用地,1000,253,持分移轉,02290000
RPQNMLOJLHOFFAX07CA,竹篙灣段,579.00,非都市：風景區 ; 非都市編定：農牧用地,1,1,全筆移轉,36470001
RPPNMLRLKHOFFAX37CA,埕西段,34.31,非都市： ; 非都市編定：,7,1,持分移轉,08310000
RPRNMLNLKHOFFAX27DA,馬公段,74.00,非都市： ; 非都市編定：,1,1,全筆移轉,20210063
RPTNMLTKKHOFFAX87CA,文寮段,209.66,非都市：一般農業區 ; 非都市編定：農牧用地,5,1,持分移轉,12430000
RPTNMLTKKHOFFAX87CA,文寮段,209.66,非都市：一般農業區 ; 非都市編定：農牧用地,5,1,持分移轉,12430000
RPTNMLTKKHOFFAX87CA,文寮段,209.66,非都市：一般農業區 ; 非都市編定：農牧用地,5,1,持分移轉,12430000
RPTNMLTKKHOFFAX87CA,文寮段,209.66,非都市：一般農業區 ; 非都市編定：農牧用地,5,1,持分移轉,12430000
RPTNMLTKKHOFFAX87CA,文寮段,209.66,非都市：一般農業區 ; 非都市編定：農牧用地,5,1,持分移轉,12430000
RPTNMLTKKHOFFAX87CA,文寮段,125.50,非都市：一般農業區 ; 非都市編定：農牧用地,5,1,持分移轉,12440000
RPTNMLTKKHOFFAX87CA,文寮段,125.50,非都市：一般農業區 ; 非都市編定：農牧用地,5,1,持分移轉,12440000
RPTNMLTKKHOFFAX87CA,文寮段,125.50,非都市：一般農業區 ; 非都市編定：農牧用地,5,1,持分移轉,12440000
RPTNMLTKKHOFFAX87CA,文寮段,125.50,非都市：一般農業區 ; 非都市編定：農牧用地,5,1,持分移轉,12440000
RPTNMLTKKHOFFAX87CA,文寮段,125.50,非都市：一般農業區 ; 非都市編定：農牧用地,5,1,持分移轉,12440000
RPQNMLTKKHOFFAX57CA,文化段,188.05,非都市： ; 非都市編定：,1,1,全筆移轉,04410000
RPVNMLKLKHOFFAX37DA,池西段,348.63,非都市：一般農業區 ; 非都市編定：農牧用地,1,1,全筆移轉,05210001
RPRNMLTKKHOFFAX67CA,北澳段,34.79,非都市： ; 非都市編定：,1,1,全筆移轉,06710000
RPPNMLRJLHOFFAX27CA,大嶼段,138.25,非都市：一般農業區 ; 非都市編定：甲種建築用地,4,1,持分移轉,12800000
RPUNMLRJLHOFFAX77CA,望安段,281.00,非都市：一般農業區 ; 非都市編定：農牧用地,1,1,全筆移轉,05920000
RPUNMLRJLHOFFAX77CA,花宅段,111.50,非都市：一般農業區 ; 非都市編定：農牧用地,16,4,持分移轉,04920000
RPUNMLRJLHOFFAX77CA,花宅段,183.00,非都市：一般農業區 ; 非都市編定：農牧用地,16,4,持分移轉,04970000
RPUNMLRJLHOFFAX77CA,花宅段,202.50,非都市：一般農業區 ; 非都市編定：農牧用地,16,4,持分移轉,23720000
RPUNMLRJLHOFFAX77CA,大嶼段,172.00,非都市：一般農業區 ; 非都市編定：甲種建築用地,1,1,全筆移轉,25990000
RPRNMLSJLHOFFAX57CA,成功南段,42.81,非都市：一般農業區 ; 非都市編定：交通用地,9,1,持分移轉,13380004
RPRNMLSJLHOFFAX57CA,成功南段,193.14,非都市：一般農業區 ; 非都市編定：甲種建築用地,1,1,全筆移轉,13380009
RPTNMLRJLHOFFAX67CA,雙湖段,111.34,非都市：一般農業區 ; 非都市編定：交通用地,4,1,持分移轉,00870004
RPTNMLRJLHOFFAX67CA,雙湖段,196.40,非都市：一般農業區 ; 非都市編定：甲種建築用地,1,1,全筆移轉,00870005
RPSNMLTKKHOFFAX77CA,四維段,92.13,非都市：鄉村區 ; 非都市編定：乙種建築用地,1,1,全筆移轉,03150000
RPUNMLLLKHOFFAX27CA,湖東新段,12.34,非都市：一般農業區 ; 非都市編定：農牧用地,4,1,持分移轉,15580000
RPUNMLLLKHOFFAX27CA,湖東新段,493.35,非都市：一般農業區 ; 非都市編定：農牧用地,4,1,持分移轉,15630000
RPVNMLLLKHOFFAX37CA,春暉段,94.17,非都市： ; 非都市編定：,1,1,全筆移轉,06020002
RPPNMLMLKHOFFAX86CA,東澳段,8.37,非都市： ; 非都市編定：,1,1,全筆移轉,11500004
RPQNMLMLKHOFFAX96CA,通梁南段,20.43,非都市： ; 非都市編定：,1,1,全筆移轉,10260002
RPRNMLMLKHOFFAX07CA,通梁南段,300.39,非都市： ; 非都市編定：,1,1,全筆移轉,10250003
RPQNMLNLKHOFFAX07CA,四維段,288.62,非都市： ; 非都市編定：,2,1,持分移轉,12250000
RPPNMLNLKHOFFAX96CA,四維段,262.68,非都市： ; 非都市編定：,2,1,持分移轉,07720000
RPPNMLNLKHOFFAX96CA,四維段,219.00,非都市：一般農業區 ; 非都市編定：農牧用地,2,1,持分移轉,07730000
RPSNMLPLKHOFFAX57DA,尖山北段,471.28,非都市：一般農業區 ; 非都市編定：農牧用地,1,1,全筆移轉,02530000
RPTNMLMLKHOFFAX37DA,文東段,595.38,非都市：一般農業區 ; 非都市編定：農牧用地,1000,626,持分移轉,09880000
RPTNMLMLKHOFFAX37DA,文東段,12.23,非都市：一般農業區 ; 非都市編定：交通用地,10,2,持分移轉,09880002
RPTNMLMLKHOFFAX37DA,文東段,19.21,非都市：一般農業區 ; 非都市編定：交通用地,10,2,持分移轉,09880004
RPXNMLRJNHOFFAX28CA,光華段,81.64,非都市：鄉村區 ; 非都市編定：乙種建築用地,1,1,全筆移轉,07540000
RPXNMLRJNHOFFAX28CA,光華段,85.98,非都市：鄉村區 ; 非都市編定：乙種建築用地,1,1,全筆移轉,07560000
RPUNMLKLLHOFFAX27CA,光華段,23.92,非都市：一般農業區 ; 非都市編定：交通用地,8,1,持分移轉,03050004
RPUNMLKLLHOFFAX27CA,光華段,168.78,非都市：一般農業區 ; 非都市編定：甲種建築用地,1,1,全筆移轉,03050007
RPUNMLKLLHOFFAX27CA,光華段,4.64,非都市：一般農業區 ; 非都市編定：交通用地,8,1,持分移轉,03050009
RPRNMLRLKHOFFAX57CA,成功南段,1315.06,非都市：一般農業區 ; 非都市編定：農牧用地,1,1,全筆移轉,07950000
RPRNMLPLKHOFFAX37CA,四維段,640.05,非都市：一般農業區 ; 非都市編定：農牧用地,1,1,全筆移轉,12140000
RPSNMLTKLHOFFAX08EA,東澳段,118.32,非都市： ; 非都市編定：,1,1,全筆移轉,08040000
RPTNMLPLKHOFFAX57CA,鐵線段,490.07,非都市：一般農業區 ; 非都市編定：農牧用地,1,1,全筆移轉,07100000
RPWNMLMLKHOFFAX67DA,中山段,92.99,非都市： ; 非都市編定：,1,1,全筆移轉,03100001
RPWNMLMLKHOFFAX67DA,中山段,13.38,非都市： ; 非都市編定：,2,1,持分移轉,03100002
RPTNMLOJLHOFFAX47DA,林投北段,456.84,非都市：一般農業區 ; 非都市編定：農牧用地,1,1,全筆移轉,08750000
RPTNMLOJLHOFFAX47DA,尖山南段,703.20,非都市：一般農業區 ; 非都市編定：農牧用地,1,1,全筆移轉,11330000
RPSNMLRLKHOFFAX67CA,東衛段,188.07,非都市：一般農業區 ; 非都市編定：甲種建築用地,1,1,全筆移轉,07980001
RPSNMLRLKHOFFAX67CA,東衛段,69.44,非都市：一般農業區 ; 非都市編定：交通用地,9,1,持分移轉,07980004
RPQNMLPLKHOFFAX27CA,山水北段,443.05,非都市：一般農業區 ; 非都市編定：農牧用地,1,1,全筆移轉,07630000
RPQNMLMJLHOFFAX86CA,尖山中段,173.94,非都市：一般農業區 ; 非都市編定：農牧用地,8,1,持分移轉,07160000
RPPNMLSJLHOFFAX37CA,中衛段,119.21,非都市： ; 非都市編定：,1,1,全筆移轉,08810018
RPUNMLRLKHOFFAX87CA,埕東段,87.76,非都市： ; 非都市編定：,1,1,全筆移轉,07160000
RPSNMLQLKHOFFAX57CA,案山段,21.90,非都市： ; 非都市編定：,1,1,全筆移轉,03550000
RPSNMLQLKHOFFAX57CA,案山段,166.24,非都市： ; 非都市編定：,1,1,全筆移轉,03650000
RPQNMLQJLHOFFAX27CA,春暉段,69.27,非都市： ; 非都市編定：,1,1,全筆移轉,04770000
RPPNMLMJLHOFFAX76CA,馬公段,60.00,非都市： ; 非都市編定：,1,1,全筆移轉,05310014
RPRNMLOJLHOFFAX17CA,興仁南段,462.97,非都市：風景區 ; 非都市編定：農牧用地,1256,463,持分移轉,01220000
RPRNMLOJLHOFFAX17CA,興仁南段,165.00,非都市：風景區 ; 非都市編定：農牧用地,2,1,持分移轉,01220001
RPRNMLOJLHOFFAX17CA,興仁南段,87.04,非都市：風景區 ; 非都市編定：農牧用地,2,1,持分移轉,01220003
RPPNMLLLLHOFFAX86CA,興崁段,1010.77,非都市：一般農業區 ; 非都市編定：農牧用地,1,1,全筆移轉,12180000
RPSNMLOJLHOFFAX27CA,林投南段,887.52,非都市：一般農業區 ; 非都市編定：農牧用地,1,1,全筆移轉,01990000
RPRNMLSJNHOFFAX77CA,馬公段,7.99,非都市： ; 非都市編定：,10000,850,持分移轉,02220007
RPSNMLOJLHOFFAX27CA,林投南段,393.89,非都市：一般農業區 ; 非都市編定：農牧用地,1,1,全筆移轉,02000000
RPRNMLSJNHOFFAX77CA,馬公段,12.33,非都市： ; 非都市編定：,10000,850,持分移轉,02230001
RPRNMLSJNHOFFAX77CA,馬公段,2.46,非都市： ; 非都市編定：,10000,850,持分移轉,02300000
RPSNMLRJLHOFFAX57CA,東衛段,142.58,非都市：鄉村區 ; 非都市編定：乙種建築用地,1,1,全筆移轉,11090000
RPSNMLRJLHOFFAX57CA,東衛段,61.16,非都市：鄉村區 ; 非都市編定：乙種建築用地,8,1,持分移轉,11110000
RPSNMLSJLHOFFAX67CA,中衛段,203.35,非都市：一般農業區 ; 非都市編定：農牧用地,10000,1127,持分移轉,16360000
RPSNMLSJLHOFFAX67CA,中衛段,164.91,非都市：一般農業區 ; 非都市編定：農牧用地,10000,914,持分移轉,16360000
RPSNMLSJLHOFFAX67CA,中衛段,197.57,非都市：一般農業區 ; 非都市編定：農牧用地,10000,1095,持分移轉,16360000
RPSNMLSJLHOFFAX67CA,中衛段,172.31,非都市：一般農業區 ; 非都市編定：農牧用地,10000,955,持分移轉,16360000
RPSNMLSJLHOFFAX67CA,中衛段,201.54,非都市：一般農業區 ; 非都市編定：農牧用地,10000,1117,持分移轉,16360000
RPSNMLSJLHOFFAX67CA,中衛段,165.27,非都市：一般農業區 ; 非都市編定：農牧用地,10000,916,持分移轉,16360000
RPSNMLSJLHOFFAX67CA,中衛段,328.56,非都市：一般農業區 ; 非都市編定：農牧用地,10000,1821,持分移轉,16360000
RPQNMLTLLHOFFAX87DA,隘門新段,17.06,非都市：鄉村區 ; 非都市編定：乙種建築用地,2,1,持分移轉,06650000
RPRNMLRJLHOFFAX47CA,馬公段,43.00,非都市： ; 非都市編定：,1,1,全筆移轉,16210070
RPUNMLSJLHOFFAX87CA,文石段,142.34,非都市：一般農業區 ; 非都市編定：甲種建築用地,1,1,全筆移轉,04970015
RPSNMLQJLHOFFAX47CA,五福段,42.94,非都市：一般農業區 ; 非都市編定：農牧用地,1000,89,持分移轉,05260000
RPSNMLQJLHOFFAX47CA,五福段,43.90,非都市：一般農業區 ; 非都市編定：農牧用地,1000,91,持分移轉,05260000
RPSNMLQJLHOFFAX47CA,五福段,8.65,非都市：一般農業區 ; 非都市編定：交通用地,100,6,持分移轉,05260004
RPSNMLQJLHOFFAX47CA,五福段,8.65,非都市：一般農業區 ; 非都市編定：交通用地,100,6,持分移轉,05260004
RPVNMLKLLHOFFAX37CA,尖山中段,320.73,非都市：一般農業區 ; 非都市編定：甲種建築用地,1,1,全筆移轉,10020000
RPQNMLMJMHOFFAX17EA,文寮段,85.45,非都市：一般農業區 ; 非都市編定：農牧用地,2,1,持分移轉,14000000
RPTNMLSJLHOFFAX77CA,海堤段,113.47,非都市： ; 非都市編定：,2,1,持分移轉,06210001
RPTNMLSJLHOFFAX77CA,海堤段,113.47,非都市： ; 非都市編定：,2,1,持分移轉,06210001
RPSNMLNKLHOFFAX37DA,文澳段,58.82,非都市： ; 非都市編定：,10000,720,持分移轉,23300000
RPTNMLMKLHOFFAX27CA,許家段,51.53,非都市：一般農業區 ; 非都市編定：交通用地,1,1,全筆移轉,07200000
RPTNMLMKLHOFFAX27CA,許家段,592.25,非都市：一般農業區 ; 非都市編定：農牧用地,1,1,全筆移轉,07220000
RPPNMLLKLHOFFAX76CA,池東段,140.45,非都市：一般農業區 ; 非都市編定：甲種建築用地,1,1,全筆移轉,25460000
RPPNMLLKLHOFFAX76CA,池東段,600.66,非都市：一般農業區 ; 非都市編定：農牧用地,1,1,全筆移轉,25440000
RPPNMLLKLHOFFAX76CA,池東段,149.67,非都市：鄉村區 ; 非都市編定：乙種建築用地,1,1,全筆移轉,25510000
RPRNMLMKLHOFFAX07CA,沙港南段,282.37,非都市：一般農業區 ; 非都市編定：農牧用地,1,1,全筆移轉,00660000
RPRNMLMKLHOFFAX07CA,沙港南段,20.28,非都市：一般農業區 ; 非都市編定：交通用地,1,1,全筆移轉,00670000
RPPNMLNKLHOFFAX96CA,馬公段,233.00,非都市： ; 非都市編定：,1,1,全筆移轉,18290000
RPQNMLOKLHOFFAX17CA,文東段,189.91,非都市：一般農業區 ; 非都市編定：甲種建築用地,1,1,全筆移轉,17750002
RPQNMLOKLHOFFAX17CA,文東段,77.49,非都市：一般農業區 ; 非都市編定：交通用地,6,1,持分移轉,17750004
RPPNMLMKLHOFFAX86CA,中衛段,49.72,非都市： ; 非都市編定：,1,1,全筆移轉,03110002
RPQNMLMKLHOFFAX96CA,北澳段,34.79,非都市： ; 非都市編定：,1,1,全筆移轉,06710000
RPPNMLKKLHOFFAX66CA,四維段,52.97,非都市：一般農業區 ; 非都市編定：交通用地,10,1,持分移轉,05840004
RPPNMLKKLHOFFAX66CA,四維段,52.97,非都市：一般農業區 ; 非都市編定：交通用地,10,1,持分移轉,05840004
RPPNMLKKLHOFFAX66CA,四維段,52.97,非都市：一般農業區 ; 非都市編定：交通用地,10,1,持分移轉,05840004
RPPNMLKKLHOFFAX66CA,四維段,151.49,非都市：一般農業區 ; 非都市編定：農牧用地,1000,209,持分移轉,05840007
RPPNMLKKLHOFFAX66CA,四維段,151.49,非都市：一般農業區 ; 非都市編定：農牧用地,1000,209,持分移轉,05840007
RPPNMLKKLHOFFAX66CA,四維段,205.85,非都市：一般農業區 ; 非都市編定：農牧用地,1000,284,持分移轉,05840007
RPQNMLNKLHOFFAX07CA,鎖港南段,166.17,非都市： ; 非都市編定：,1,1,全筆移轉,08690000
RPRNMLOKLHOFFAX27CA,文石段,205.09,非都市： ; 非都市編定：,1,1,全筆移轉,14010000
RPRNMLOKLHOFFAX27CA,文石段,388.48,非都市：一般農業區 ; 非都市編定：農牧用地,1,1,全筆移轉,14020000
RPPNMLSKLHOFFAX47CA,馬公段,6.73,非都市： ; 非都市編定：,10000,122,持分移轉,02930001
RPRNMLKLLHOFFAX96CA,竹灣段,321.13,非都市：一般農業區 ; 非都市編定：農牧用地,1,1,全筆移轉,06150000
RPTNMLNKLHOFFAX37CA,光華段,1091.27,非都市：一般農業區 ; 非都市編定：農牧用地,1,1,全筆移轉,02870000
RPUNMLNKLHOFFAX47CA,六合段,265.68,非都市：一般農業區 ; 非都市編定：農牧用地,1000,870,持分移轉,06270002
RPUNMLNKLHOFFAX47CA,六合段,39.70,非都市：一般農業區 ; 非都市編定：農牧用地,1000,130,持分移轉,06270002
RPPNMLOKLHOFFAX07CA,北極段,49.41,非都市： ; 非都市編定：,1,1,全筆移轉,06680001
RPRNMLNKLHOFFAX17CA,鎖港南段,50.75,非都市： ; 非都市編定：,1,1,全筆移轉,15560000
RPRNMLSKLHOFFAX67CA,湖東新段,4.74,非都市：鄉村區 ; 非都市編定：乙種建築用地,24,1,持分移轉,01760000
RPRNMLSKLHOFFAX67CA,湖東新段,9.36,非都市：鄉村區 ; 非都市編定：乙種建築用地,24,1,持分移轉,01770000
RPRNMLSKLHOFFAX67CA,湖東新段,91.18,非都市：一般農業區 ; 非都市編定：農牧用地,24,1,持分移轉,01960000
RPRNMLSKLHOFFAX67CA,湖東新段,25.05,非都市：一般農業區 ; 非都市編定：農牧用地,24,1,持分移轉,05520000
RPRNMLSKLHOFFAX67CA,湖東新段,25.77,非都市：一般農業區 ; 非都市編定：農牧用地,24,1,持分移轉,06170000
RPRNMLSKLHOFFAX67CA,湖東新段,19.71,非都市：一般農業區 ; 非都市編定：農牧用地,24,1,持分移轉,06260000
RPRNMLSKLHOFFAX67CA,湖東新段,19.08,非都市：一般農業區 ; 非都市編定：農牧用地,24,1,持分移轉,06330000
RPRNMLSKLHOFFAX67CA,湖東新段,12.13,非都市：一般農業區 ; 非都市編定：農牧用地,24,1,持分移轉,06460000
RPRNMLSKLHOFFAX67CA,湖東新段,5.42,非都市：一般農業區 ; 非都市編定：農牧用地,24,1,持分移轉,06790000
RPRNMLSKLHOFFAX67CA,湖東新段,7.61,非都市：一般農業區 ; 非都市編定：農牧用地,24,1,持分移轉,06990000
RPRNMLSKLHOFFAX67CA,湖東新段,10.52,非都市：一般農業區 ; 非都市編定：農牧用地,24,1,持分移轉,07650000
RPRNMLSKLHOFFAX67CA,湖東新段,21.42,非都市：一般農業區 ; 非都市編定：農牧用地,24,1,持分移轉,08950000
RPRNMLSKLHOFFAX67CA,湖東新段,13.33,非都市：一般農業區 ; 非都市編定：農牧用地,24,1,持分移轉,09020000
RPRNMLSKLHOFFAX67CA,湖東新段,9.77,非都市：一般農業區 ; 非都市編定：農牧用地,24,1,持分移轉,14320000
RPRNMLSKLHOFFAX67CA,湖東新段,152.00,非都市：一般農業區 ; 非都市編定：農牧用地,24,1,持分移轉,14830000
RPVNMLLLLHOFFAX57DA,?葉新段,77.84,非都市：一般農業區 ; 非都市編定：甲種建築用地,2,1,持分移轉,11350000
RPVNMLNKLHOFFAX57CA,六合段,111.77,非都市：一般農業區 ; 非都市編定：農牧用地,1000,366,持分移轉,06270003
RPVNMLNKLHOFFAX57CA,六合段,193.62,非都市：一般農業區 ; 非都市編定：農牧用地,1000,634,持分移轉,06270003
RPQNMLKLLHOFFAX86CA,五福段,111.53,非都市：一般農業區 ; 非都市編定：農牧用地,2,1,持分移轉,11980000
RPRNMLLLLHOFFAX07CA,中衛段,2265.17,非都市：一般農業區 ; 非都市編定：農牧用地,10000,5178,持分移轉,16540000
RPWNMLLMQHPFFAX28CA,城北段,925.01,非都市：一般農業區 ; 非都市編定：農牧用地,2599,925,持分移轉,11000000
RPWNMLLMQHPFFAX28CA,城北段,71.86,非都市：一般農業區 ; 非都市編定：交通用地,24,4,持分移轉,10870000
RPSNMLLLLHOFFAX17CA,文石段,179.82,非都市：一般農業區 ; 非都市編定：農牧用地,1000,148,持分移轉,07350000
RPSNMLLLLHOFFAX17CA,文石段,178.61,非都市：一般農業區 ; 非都市編定：農牧用地,1000,147,持分移轉,07350000
RPSNMLLLLHOFFAX17CA,文石段,178.61,非都市：一般農業區 ; 非都市編定：農牧用地,1000,147,持分移轉,07350000
RPSNMLLLLHOFFAX17CA,文石段,19.59,非都市：一般農業區 ; 非都市編定：交通用地,1000,118,持分移轉,07370000
RPSNMLLLLHOFFAX17CA,文石段,19.59,非都市：一般農業區 ; 非都市編定：交通用地,1000,118,持分移轉,07370000
RPSNMLLLLHOFFAX17CA,文石段,19.59,非都市：一般農業區 ; 非都市編定：交通用地,1000,118,持分移轉,07370000
RPQNMLPKLHOFFAX27CA,文東段,445.68,非都市：一般農業區 ; 非都市編定：農牧用地,1,1,全筆移轉,14160000
RPQNMLPKLHOFFAX27CA,文東段,981.51,非都市：一般農業區 ; 非都市編定：農牧用地,1,1,全筆移轉,14210000
RPQNMLPKLHOFFAX27CA,文東段,1126.00,非都市：一般農業區 ; 非都市編定：農牧用地,1,1,全筆移轉,14240000
RPPNMLPKLHOFFAX17CA,成功南段,178.48,非都市：一般農業區 ; 非都市編定：農牧用地,1,1,全筆移轉,08580000
RPPNMLPKLHOFFAX17CA,成功南段,40.93,非都市：一般農業區 ; 非都市編定：交通用地,10,1,持分移轉,08580004
RPQNMLMLLHOFFAX17DA,馬公段,32.47,非都市： ; 非都市編定：,1000,24,持分移轉,02020003
RPQNMLMLLHOFFAX17DA,馬公段,5.00,非都市： ; 非都市編定：,10000,40,持分移轉,02010003
RPTNMLMLLHOFFAX37CA,案山段,34.11,非都市： ; 非都市編定：,4,1,持分移轉,04300000
RPTNMLMLLHOFFAX37CA,案山段,58.10,非都市： ; 非都市編定：,4,1,持分移轉,04330000
RPTNMLMLLHOFFAX37CA,案山段,.78,非都市： ; 非都市編定：,4,1,持分移轉,05240001
RPTNMLMLLHOFFAX37CA,案山段,83.09,非都市： ; 非都市編定：,4,1,持分移轉,05270000
RPTNMLMLLHOFFAX37CA,案山段,23.72,非都市： ; 非都市編定：,4,1,持分移轉,05290000
RPTNMLMLLHOFFAX37CA,案山段,2.48,非都市： ; 非都市編定：,4,1,持分移轉,05310000
RPTNMLMLLHOFFAX37CA,案山段,9.36,非都市： ; 非都市編定：,4,1,持分移轉,05320000
RPTNMLMLLHOFFAX37CA,案山段,10.70,非都市： ; 非都市編定：,4,1,持分移轉,05340000
RPTNMLMLLHOFFAX37CA,案山段,59.64,非都市： ; 非都市編定：,4,1,持分移轉,06500000
RPTNMLMLLHOFFAX37CA,案山段,40.34,非都市： ; 非都市編定：,4,1,持分移轉,06510000
RPQNMLSKLHOFFAX57CA,興仁段,1115.68,非都市：一般農業區 ; 非都市編定：農牧用地,1,1,全筆移轉,07720000
RPTNMLTJMHOFFAX97CA,許家段,202.24,非都市：一般農業區 ; 非都市編定：農牧用地,10000,1238,持分移轉,06170007
RPTNMLTJMHOFFAX97CA,許家段,231.64,非都市：一般農業區 ; 非都市編定：農牧用地,10000,1418,持分移轉,06170007
RPUNMLTJMHOFFAX08CA,許家段,161.84,非都市：一般農業區 ; 非都市編定：農牧用地,10000,1689,持分移轉,06170002
RPUNMLTJMHOFFAX08CA,許家段,165.10,非都市：一般農業區 ; 非都市編定：農牧用地,10000,1723,持分移轉,06170002
RPUNMLTJMHOFFAX08CA,許家段,181.96,非都市：一般農業區 ; 非都市編定：農牧用地,10000,1899,持分移轉,06170002
RPUNMLTJMHOFFAX08CA,許家段,164.81,非都市：一般農業區 ; 非都市編定：農牧用地,10000,1720,持分移轉,06170002
RPQNMLTKLHOFFAX67CA,興仁段,305.14,非都市：一般農業區 ; 非都市編定：農牧用地,1,1,全筆移轉,07650000
RPSNMLKLLHOFFAX07CA,後寮段,238.00,非都市：一般農業區 ; 非都市編定：農牧用地,1,1,全筆移轉,28380000
RPRNMLTKLHOFFAX77CA,山水北段,26.76,非都市：鄉村區 ; 非都市編定：交通用地,1,1,全筆移轉,06450001
RPTNMLTKLHOFFAX97CA,埕東段,5.65,非都市： ; 非都市編定：,20,2,持分移轉,07620000
RPUNMLLLLHOFFAX37CA,山水南段,118.51,非都市：鄉村區 ; 非都市編定：乙種建築用地,1,1,全筆移轉,06820000
RPTNMLLLLHOFFAX27CA,馬公段,22.00,非都市： ; 非都市編定：,1,1,全筆移轉,21870000
RPQNMLQLLHOFFAX57DA,赤崁中段,28.02,非都市：一般農業區 ; 非都市編定：交通用地,1,1,全筆移轉,07960001
RPQNMLQLLHOFFAX57DA,赤崁中段,165.55,非都市：一般農業區 ; 非都市編定：甲種建築用地,1,1,全筆移轉,07980000
RPXNMLLLLHOFFAX67CA,內垵二段,35.68,非都市：鄉村區 ; 非都市編定：乙種建築用地,1,1,全筆移轉,02220000
RPWNMLLLLHOFFAX67DA,小門段,50.60,非都市：風景區 ; 非都市編定：丙種建築用地,1,1,全筆移轉,02380000
RPPNMLMLLHOFFAX96CA,馬公段,17.00,非都市： ; 非都市編定：,1,1,全筆移轉,15040000
RPPNMLTJMHOFFAX57CA,湖西北段,169.44,非都市：一般農業區 ; 非都市編定：甲種建築用地,1,1,全筆移轉,05710003
RPPNMLTJMHOFFAX57CA,湖西北段,46.26,非都市：一般農業區 ; 非都市編定：交通用地,10000,735,持分移轉,05710004
RPTNMLRLLHOFFAX97DA,春暉段,178.11,非都市： ; 非都市編定：,1,1,全筆移轉,06330000
RPPNMLSLLHOFFAX57CA,文化段,12.30,非都市： ; 非都市編定：,10000,370,持分移轉,08590000
RPPNMLSLLHOFFAX57CA,文化段,15.26,非都市： ; 非都市編定：,10000,370,持分移轉,08660000
RPSNMLRLLHOFFAX77CA,文光段,99.29,非都市： ; 非都市編定：,1,1,全筆移轉,10020022
RPSNMLRLLHOFFAX77CA,文光段,50.56,非都市： ; 非都市編定：,3,1,持分移轉,10020023
RPVNMLRLLHOFFAX08CA,四維段,76.21,非都市：鄉村區 ; 非都市編定：乙種建築用地,1,1,全筆移轉,08220000
RPRNMLRLLHOFFAX67CA,湖西北段,72.55,非都市：一般農業區 ; 非都市編定：交通用地,15,2,持分移轉,06580000
RPRNMLRLLHOFFAX67CA,湖西北段,348.67,非都市：一般農業區 ; 非都市編定：農牧用地,100000,46089,持分移轉,06590000
RPQNMLLJMHOFFAX86CA,內垵一段,193.03,非都市：森林區 ; 非都市編定：農牧用地,6,1,持分移轉,01740000
RPPNMLLJMHOFFAX76CA,內垵一段,247.38,非都市：森林區 ; 非都市編定：農牧用地,6,1,持分移轉,02320000
RPUNMLRLLHOFFAX97CA,興崁段,1157.62,非都市：一般農業區 ; 非都市編定：農牧用地,1,1,全筆移轉,10950000
RPPNMLRLLHOFFAX47CA,東澳段,2.35,非都市： ; 非都市編定：,10000,833,持分移轉,01380052
RPPNMLRLLHOFFAX47CA,東澳段,78.58,非都市： ; 非都市編定：,1,1,全筆移轉,01380056
RPPNMLPLLHOFFAX27CA,埕中段,63.07,非都市： ; 非都市編定：,1,1,全筆移轉,06310000
RPUNMLMLLHOFFAX47CA,東澳段,192.26,非都市： ; 非都市編定：,2,1,持分移轉,01290006
RPQNMLSLLHOFFAX67CA,許家段,976.23,非都市：一般農業區 ; 非都市編定：農牧用地,1,1,全筆移轉,12050000
RPRNMLSLLHOFFAX77CA,大池段,976.68,非都市：一般農業區 ; 非都市編定：農牧用地,3,2,持分移轉,11700000
RPRNMLMJMHOFFAX17DA,風櫃西段,587.38,非都市：一般農業區 ; 非都市編定：農牧用地,1,1,全筆移轉,03840000
RPQNMLRLLHOFFAX57CA,文東段,1014.00,非都市：一般農業區 ; 非都市編定：農牧用地,1,1,全筆移轉,04920000
RPRNMLLJMHOFFAX96CA,六合段,18.04,非都市：一般農業區 ; 非都市編定：交通用地,7,1,持分移轉,01630012
RPVNMLRJNHOFFAX08CA,東澳段,25.86,非都市： ; 非都市編定：,14,1,持分移轉,09230000
RPRNMLLJMHOFFAX96CA,六合段,278.10,非都市：一般農業區 ; 非都市編定：甲種建築用地,1,1,全筆移轉,01630001
RPPNMLRJNHOFFAX67EA,埕西段,33.90,非都市： ; 非都市編定：,14,1,持分移轉,03560000
RPQNMLSJMHOFFAX67DA,興崁段,4022.03,非都市：一般農業區 ; 非都市編定：農牧用地,1,1,全筆移轉,06080000
RPPNMLTLLHOFFAX77DA,安宅段,99.03,非都市：一般農業區 ; 非都市編定：農牧用地,24,2,持分移轉,16030000
RPPNMLTLLHOFFAX77DA,安宅段,35.21,非都市：一般農業區 ; 非都市編定：農牧用地,24,2,持分移轉,16130000
RPPNMLTLLHOFFAX77DA,許家段,45.25,非都市：一般農業區 ; 非都市編定：農牧用地,24,2,持分移轉,06970000
RPPNMLMJMHOFFAX86CA,馬公段,67.00,非都市： ; 非都市編定：,1,1,全筆移轉,06110005
RPOOMLRJNHOFFAX47CA,龍門北段,268.23,非都市：一般農業區 ; 非都市編定：農牧用地,1,1,全筆移轉,06360000
RPRNMLTLIIOFFAX67CA,五福段,1650.64,非都市：一般農業區 ; 非都市編定：甲種建築用地,10000,8908,持分移轉,01200001
RPRNMLNJMHOFFAX17CA,東澳段,.16,非都市： ; 非都市編定：,10000,1,持分移轉,05940000
RPQNMLLLOHOFFAX27CA,埕東段,44.02,非都市： ; 非都市編定：,9,1,持分移轉,07630002
RPQNMLNJMHOFFAX07CA,二崁南段,522.60,非都市： ; 非都市編定：,1,1,全筆移轉,04470000
RPSNMLRJNHOFFAX77CA,東澳段,21.92,非都市： ; 非都市編定：,10000,138,持分移轉,05940000
RPQNMLNJMHOFFAX07CA,二崁南段,15.54,非都市： ; 非都市編定：,1,1,全筆移轉,04470001
RPQNMLNJMHOFFAX07CA,二崁南段,2.05,非都市： ; 非都市編定：,1,1,全筆移轉,04470002
RPQNMLTJMHOFFAX67CA,馬公段,114.33,非都市： ; 非都市編定：,6,1,持分移轉,06080000
RPQNMLTJMHOFFAX67CA,馬公段,.67,非都市： ; 非都市編定：,6,1,持分移轉,06080001
RPQNMLPKMHOFFAX47DA,大嶼段,155.42,非都市：一般農業區 ; 非都市編定：農牧用地,12,5,持分移轉,40830000
RPQNMLPKMHOFFAX47DA,大嶼段,539.58,非都市：一般農業區 ; 非都市編定：農牧用地,12,5,持分移轉,41070000
RPQNMLPKMHOFFAX47DA,大嶼段,123.33,非都市：一般農業區 ; 非都市編定：農牧用地,12,5,持分移轉,41020000
RPPNMLKMNHOFFAX07CA,二崁南段,217.02,非都市： ; 非都市編定：,1,1,全筆移轉,03040001
RPWNMLRJNHOFFAX18CA,東澳段,243.07,非都市： ; 非都市編定：,1,1,全筆移轉,06590000
RPWNMLRJNHOFFAX18CA,東澳段,26.37,非都市： ; 非都市編定：,1,1,全筆移轉,06590001
RPWNMLRJNHOFFAX18CA,東澳段,63.13,非都市： ; 非都市編定：,1,1,全筆移轉,08740001
RPPNMLPJNHOFFAX27CA,馬公段,75.00,非都市： ; 非都市編定：,1,1,全筆移轉,01020026
RPRNMLMKMHOFFAX17CA,安宅段,163.93,非都市：一般農業區 ; 非都市編定：農牧用地,100000,49713,持分移轉,08630001
RPRNMLMKMHOFFAX17CA,安宅段,60.42,非都市：一般農業區 ; 非都市編定：交通用地,10000,831,持分移轉,08630004
RPSNMLMKMHOFFAX27CA,安宅段,165.82,非都市：一般農業區 ; 非都市編定：農牧用地,100000,50287,持分移轉,08630001
RPSNMLMKMHOFFAX27CA,安宅段,60.42,非都市：一般農業區 ; 非都市編定：交通用地,10000,831,持分移轉,08630004
RPTNMLOLMHOFFAX67CA,馬公段,76.00,非都市： ; 非都市編定：,1,1,全筆移轉,02590005
RPQNMLMJNHOFFAX07CA,潭邊新段,212.81,非都市：鄉村區 ; 非都市編定：乙種建築用地,30,28,持分移轉,06620000
RPTNMLMKMHOFFAX37CA,安宅段,254.72,非都市：一般農業區 ; 非都市編定：農牧用地,100000,34257,持分移轉,08630000
RPTNMLMKMHOFFAX37CA,安宅段,60.42,非都市：一般農業區 ; 非都市編定：交通用地,10000,831,持分移轉,08630004
RPPNMLNKMHOFFAX07CA,文寮段,1456.29,非都市：一般農業區 ; 非都市編定：農牧用地,1,1,全筆移轉,03470000
RPROMLRJNHOFFAX77CA,光榮段,6.12,非都市： ; 非都市編定：,10000,52,持分移轉,04960000
RPPNMLNLMHOFFAX27DA,馬公段,37.38,非都市： ; 非都市編定：,8,1,持分移轉,01830000
RPPNMLNLMHOFFAX27DA,馬公段,2.62,非都市： ; 非都市編定：,8,1,持分移轉,01840000
RPQNMLSKMHOFFAX77DA,四維段,18.45,非都市：鄉村區 ; 非都市編定：乙種建築用地,12,1,持分移轉,10300000
RPPNMLRKMHOFFAX57DA,龍門南段,681.70,非都市：一般農業區 ; 非都市編定：農牧用地,1,1,全筆移轉,03570001
RPRNMLPKMHOFFAX47CA,安宅段,60.42,非都市：一般農業區 ; 非都市編定：交通用地,10000,831,持分移轉,08630004
RPTNMLRKMHOFFAX87CA,北極段,127.67,非都市： ; 非都市編定：,1,1,全筆移轉,09300008
RPRNMLPKMHOFFAX47CA,安宅段,254.90,非都市：一般農業區 ; 非都市編定：農牧用地,1,1,全筆移轉,08630008
RPSNMLRKMHOFFAX77CA,馬公段,40.00,非都市： ; 非都市編定：,1,1,全筆移轉,00680003
RPPNMLPKMHOFFAX27CA,五福段,1426.57,非都市：一般農業區 ; 非都市編定：農牧用地,1,1,全筆移轉,10510000
RPPNMLPKMHOFFAX27CA,五福段,455.35,非都市：一般農業區 ; 非都市編定：交通用地,10000,5004,持分移轉,10510004
RPPNMLPKMHOFFAX27CA,五福段,100.00,非都市：一般農業區 ; 非都市編定：交通用地,10000,9965,持分移轉,10510011
RPPNMLQKMHOFFAX37CA,五福段,215.49,非都市：一般農業區 ; 非都市編定：農牧用地,86191,21549,持分移轉,07130001
RPPNMLSKMHOFFAX57CA,文寮段,2.99,非都市： ; 非都市編定：,21,1,持分移轉,01060000
RPPNMLSKMHOFFAX57CA,文寮段,14.16,非都市： ; 非都市編定：,21,1,持分移轉,01070000
RPPNMLSKMHOFFAX57CA,文寮段,9.72,非都市： ; 非都市編定：,21,1,持分移轉,01080000
RPRNMLRKMHOFFAX67CA,池東段,.64,非都市：一般農業區 ; 非都市編定：交通用地,18,1,持分移轉,27140000
RPRNMLRKMHOFFAX67CA,池東段,24.82,非都市：一般農業區 ; 非都市編定：農牧用地,18,1,持分移轉,11280000
RPRNMLRKMHOFFAX67CA,池東段,18.28,非都市：一般農業區 ; 非都市編定：農牧用地,18,1,持分移轉,14290000
RPRNMLRKMHOFFAX67CA,池東段,41.53,非都市：一般農業區 ; 非都市編定：農牧用地,18,1,持分移轉,14560000
RPRNMLRKMHOFFAX67CA,池東段,17.03,非都市：一般農業區 ; 非都市編定：農牧用地,18,1,持分移轉,15820000
RPRNMLRKMHOFFAX67CA,池東段,10.92,非都市：一般農業區 ; 非都市編定：農牧用地,18,1,持分移轉,26860000
RPRNMLRKMHOFFAX67CA,池東段,11.60,非都市：鄉村區 ; 非都市編定：乙種建築用地,18,1,持分移轉,27150000
RPRNMLRKMHOFFAX67CA,赤馬二段,27.34,非都市：風景區 ; 非都市編定：農牧用地,18,1,持分移轉,00260000
RPRNMLRKMHOFFAX67CA,赤馬二段,4.06,非都市：一般農業區 ; 非都市編定：農牧用地,18,1,持分移轉,00300000
SPPNMLQKMHOFFAX47CA,五福段,215.58,非都市：一般農業區 ; 非都市編定：農牧用地,86191,21558,持分移轉,07130001
TPPNMLQKMHOFFAX57CA,五福段,215.42,非都市：一般農業區 ; 非都市編定：農牧用地,86191,21542,持分移轉,07130001
UPPNMLQKMHOFFAX67CA,五福段,215.42,非都市：一般農業區 ; 非都市編定：農牧用地,86191,21542,持分移轉,07130001
RPPNMLQLMHOFFAX47CA,埕中段,13.00,非都市： ; 非都市編定：,1,1,全筆移轉,00520002
RPPNMLPLMHOFFAX37CA,西澳段,69.66,非都市： ; 非都市編定：,1,1,全筆移轉,02060000
RPPNMLTJNHOFFAX67CA,五德東段,267.34,非都市：一般農業區 ; 非都市編定：甲種建築用地,1,1,全筆移轉,08450001
RPQNMLQJNHOFFAX47CA,通梁中段,135.12,非都市： ; 非都市編定：,2,1,持分移轉,08390000
RPQNMLQJNHOFFAX47CA,通梁中段,14.40,非都市： ; 非都市編定：,2,1,持分移轉,08400001
RPRNMLTKMHOFFAX97DA,潭邊新段,763.00,非都市：一般農業區 ; 非都市編定：農牧用地,3,2,持分移轉,03800001
RPQNMLMLMHOFFAX17CA,鐵線段,186.88,非都市：一般農業區 ; 非都市編定：甲種建築用地,1,1,全筆移轉,08270000
RPRNMLLJNHOFFAX17DA,馬公段,62.00,非都市： ; 非都市編定：,1,1,全筆移轉,20410006
RPQNMLOLMHOFFAX37CA,文光段,28.90,非都市： ; 非都市編定：,10,1,持分移轉,08980000
RPQNMLOLMHOFFAX37CA,文光段,44.78,非都市： ; 非都市編定：,1,1,全筆移轉,09010000
RPRNMLQKMHOFFAX57CA,後寮段,1445.00,非都市：一般農業區 ; 非都市編定：農牧用地,1,1,全筆移轉,18690000
RPPNMLMJNHOFFAX96CA,文石段,70.47,非都市：一般農業區 ; 非都市編定：農牧用地,500,29,持分移轉,07350000
RPPNMLMJNHOFFAX96CA,文石段,24.24,非都市：一般農業區 ; 非都市編定：交通用地,500,73,持分移轉,07370000
RPPNMLTKMHOFFAX67CA,中屯新段,118.34,非都市：鄉村區 ; 非都市編定：乙種建築用地,1,1,全筆移轉,14930002
RPPNMLMLMHOFFAX07CA,埕東段,36.54,非都市： ; 非都市編定：,10000,285,持分移轉,02160000
RPQNMLTKMHOFFAX77CA,五德西段,78.10,非都市：鄉村區 ; 非都市編定：乙種建築用地,1,1,全筆移轉,02070000
RPPNMLLLMHOFFAX96CA,後寮段,184.50,非都市：鄉村區 ; 非都市編定：乙種建築用地,2,1,持分移轉,17540000
RPQNMLPLMHOFFAX47CA,西溪新段,1192.50,非都市：一般農業區 ; 非都市編定：農牧用地,1,1,全筆移轉,02960000
RPUNMLTLMHOFFAX28CA,鐵線段,71.55,非都市：一般農業區 ; 非都市編定：水利用地,1,1,全筆移轉,05700001
RPQNMLPJNHOFFAX37CA,文石段,116.07,非都市：一般農業區 ; 非都市編定：甲種建築用地,1,1,全筆移轉,04970014
RPSNMLOLMHOFFAX57CA,西澳段,127.54,非都市： ; 非都市編定：,1,1,全筆移轉,04810000
RPPNMLOLMHOFFAX37DA,光華段,64.40,非都市：一般農業區 ; 非都市編定：甲種建築用地,1,1,全筆移轉,06740000
RPVNMLTLMHOFFAX38CA,北極段,187.17,非都市： ; 非都市編定：,1,1,全筆移轉,00640000
RPVNMLTLMHOFFAX38CA,北極段,35.84,非都市： ; 非都市編定：,1,1,全筆移轉,00660000
RPPNMLNJNHOFFAX07CA,隘門新段,585.34,非都市：風景區 ; 非都市編定：農牧用地,20,6,持分移轉,02900000
RPPNMLTLMHOFFAX77CA,鎖港西段,10.66,非都市： ; 非都市編定：,1,1,全筆移轉,06870000
RPPNMLTLMHOFFAX77CA,鎖港西段,263.30,非都市： ; 非都市編定：,1,1,全筆移轉,06880000
RPPNMLKMMHOFFAX96CA,中衛段,165.27,非都市：一般農業區 ; 非都市編定：農牧用地,10000,916,持分移轉,16360000
RPQNMLTLMHOFFAX87CA,文石段,75.67,非都市：一般農業區 ; 非都市編定：交通用地,9,1,持分移轉,01880004
RPQNMLTLMHOFFAX87CA,文石段,200.81,非都市：一般農業區 ; 非都市編定：甲種建築用地,1,1,全筆移轉,01880009
RPQNMLLJNHOFFAX96CA,四維段,43.94,非都市：鄉村區 ; 非都市編定：乙種建築用地,8,1,持分移轉,08920001
RPSNMLMLNHOFFAX47CA,竹篙灣段,1536.00,非都市：一般農業區 ; 非都市編定：農牧用地,1,1,全筆移轉,34190000
RPTNMLTLMHOFFAX18CA,講美段,1145.02,非都市：一般農業區 ; 非都市編定：農牧用地,1,1,全筆移轉,13410000
RPRNMLNJNHOFFAX27CA,中屯新段,116.38,非都市：一般農業區 ; 非都市編定：農牧用地,1,1,全筆移轉,13090000
RPWNMLTLMHOFFAX48CA,內垵一段,1251.24,非都市：森林區 ; 非都市編定：農牧用地,1,1,全筆移轉,02330000
RPRNMLMJNHOFFAX17CA,馬公段,44.00,非都市： ; 非都市編定：,1,1,全筆移轉,13910001
RPPNMLLJNHOFFAX96DA,埕中段,6.15,非都市： ; 非都市編定：,1,1,全筆移轉,02560007
RPSNMLLLNHOFFAX47DA,,684.59,非都市： ; 非都市編定：,1,1,全筆移轉,02290000
RPWNMLKKNHOFFAX57CA,竹灣段,1275.28,非都市：一般農業區 ; 非都市編定：農牧用地,1,1,全筆移轉,28630000
RPSNMLLJNHOFFAX17CA,林投北段,38.08,非都市：一般農業區 ; 非都市編定：農牧用地,1,1,全筆移轉,02830000
RPSNMLLJNHOFFAX17CA,林投北段,556.78,非都市：一般農業區 ; 非都市編定：農牧用地,1,1,全筆移轉,02840000
RPPNMLQJNHOFFAX47DA,山水北段,207.81,非都市：鄉村區 ; 非都市編定：乙種建築用地,3,2,持分移轉,06810000
RPPNMLQJNHOFFAX47DA,山水北段,90.12,非都市： ; 非都市編定：,3,2,持分移轉,06850000
RPPNMLQJNHOFFAX47DA,山水北段,115.13,非都市：鄉村區 ; 非都市編定：乙種建築用地,3,2,持分移轉,06840000
RPUNMLNKNHOFFAX67CA,春暉段,65.20,非都市： ; 非都市編定：,1,1,全筆移轉,06900000
RPPNMLLMNHOFFAX17CA,東澳段,33.67,非都市： ; 非都市編定：,10000,212,持分移轉,05940000
RPSNMLNJNHOFFAX47DA,春暉段,38.73,非都市： ; 非都市編定：,1,1,全筆移轉,05230000
RPSNMLNJNHOFFAX47DA,春暉段,24.02,非都市： ; 非都市編定：,5,1,持分移轉,05280000
RPRNMLLMNHOFFAX47DA,馬公段,1.00,非都市： ; 非都市編定：,1,1,全筆移轉,13860000
RPSNMLLMNHOFFAX57DA,馬公段,28.00,非都市： ; 非都市編定：,2,1,持分移轉,13850000
RPQNMLNJNHOFFAX17CA,文石段,235.71,非都市：一般農業區 ; 非都市編定：農牧用地,1000,194,持分移轉,07350000
RPQNMLNJNHOFFAX17CA,文石段,29.38,非都市：一般農業區 ; 非都市編定：交通用地,1000,177,持分移轉,07370000
RPUNMLSJNHOFFAX08CA,隘門新段,95.50,非都市：一般農業區 ; 非都市編定：農牧用地,1,1,全筆移轉,07670000
RPUNMLSJNHOFFAX08CA,隘門新段,95.50,非都市：一般農業區 ; 非都市編定：農牧用地,1,1,全筆移轉,07670001
RPPNMLOJNHOFFAX17CA,馬公段,15.40,非都市： ; 非都市編定：,10000,3208,持分移轉,04830000
RPQNMLRJNHOFFAX57CA,湖東新段,432.01,非都市：一般農業區 ; 非都市編定：農牧用地,1,1,全筆移轉,08970000
RPPOMLPKNHOFFAX47CA,池東段,330.74,非都市：鄉村區 ; 非都市編定：乙種建築用地,1,1,全筆移轉,04070000
RPPOMLPKNHOFFAX47CA,池東段,277.91,非都市：一般農業區 ; 非都市編定：農牧用地,1,1,全筆移轉,04090000
RPPOMLPKNHOFFAX47CA,池東段,238.40,非都市：鄉村區 ; 非都市編定：乙種建築用地,1,1,全筆移轉,05450000
RPSOMLRJNHOFFAX87CA,潭邊新段,99.65,非都市：一般農業區 ; 非都市編定：農牧用地,10000,4561,持分移轉,02920000
RPRNMLRJNHOFFAX67CA,湖東新段,1353.14,非都市：一般農業區 ; 非都市編定：農牧用地,1,1,全筆移轉,11550000
RPRNMLTJNHOFFAX87CA,安宅段,230.65,非都市：一般農業區 ; 非都市編定：農牧用地,1,1,全筆移轉,06920000
RPSNMLSLNHOFFAX08CA,光榮段,248.75,非都市： ; 非都市編定：,6,1,持分移轉,00970000
RPSNMLSLNHOFFAX08CA,光榮段,3.22,非都市： ; 非都市編定：,6,1,持分移轉,03260000
RPSNMLSLNHOFFAX08CA,光榮段,.75,非都市： ; 非都市編定：,6,1,持分移轉,03270000
RPXNMLTJNHOFFAX48CA,五福段,11.75,非都市：鄉村區 ; 非都市編定：乙種建築用地,18,1,持分移轉,09690000
RPXNMLTJNHOFFAX48CA,五福段,23.23,非都市：鄉村區 ; 非都市編定：乙種建築用地,18,1,持分移轉,09700000
RPSOMLTJNHOFFAX08CA,馬公段,35.00,非都市： ; 非都市編定：,1,1,全筆移轉,03300007
RPTNMLRJNHOFFAX87CA,中屯新段,297.94,非都市：鄉村區 ; 非都市編定：乙種建築用地,1,1,全筆移轉,14540000
RPTNMLRJNHOFFAX87CA,中屯新段,465.50,非都市：一般農業區 ; 非都市編定：農牧用地,1,1,全筆移轉,14550000
RPVNMLKKNHOFFAX47CA,東澳段,71.60,非都市： ; 非都市編定：,10000,640,持分移轉,05930000
RPUNMLLLNHOFFAX67DA,,187.58,非都市： ; 非都市編定：,6,3,持分移轉,06750000
RPVNMLTJNHOFFAX38DA,潭邊新段,100.90,非都市：一般農業區 ; 非都市編定：農牧用地,4,1,持分移轉,00750000
RPQNMLTJNHOFFAX77CA,內垵一段,230.50,非都市：一般農業區 ; 非都市編定：農牧用地,1,1,全筆移轉,00180002
RPPOMLKKNHOFFAX96CA,光榮段,1462.97,非都市： ; 非都市編定：,1,1,全筆移轉,02440000
RPTNMLSJNHOFFAX97CA,湖西南段,1241.72,非都市：鄉村區 ; 非都市編定：乙種建築用地,1,1,全筆移轉,07000000
RPQNMLQKNHOFFAX57CA,青螺新段,580.32,非都市：一般農業區 ; 非都市編定：農牧用地,1,1,全筆移轉,06470000
RPPNMLSLNHOFFAX77CA,水垵段,233.00,非都市：一般農業區 ; 非都市編定：農牧用地,1,1,全筆移轉,21040000
RPRNMLOKNHOFFAX47CA,鐵線段,240.26,非都市：一般農業區 ; 非都市編定：農牧用地,121200,24026,持分移轉,05220000
RPRNMLOKNHOFFAX47CA,鐵線段,244.97,非都市：一般農業區 ; 非都市編定：農牧用地,121200,24497,持分移轉,05220000
RPRNMLOKNHOFFAX47CA,鐵線段,244.47,非都市：一般農業區 ; 非都市編定：農牧用地,121200,24447,持分移轉,05220000
RPRNMLOKNHOFFAX47CA,鐵線段,242.03,非都市：一般農業區 ; 非都市編定：農牧用地,121200,24203,持分移轉,05220000
RPRNMLOKNHOFFAX47CA,鐵線段,240.27,非都市：一般農業區 ; 非都市編定：農牧用地,121200,24027,持分移轉,05220000
RPROMLNKNHOFFAX47CA,成功南段,194.73,非都市：一般農業區 ; 非都市編定：甲種建築用地,1,1,全筆移轉,12310000
RPROMLNKNHOFFAX47CA,成功南段,.02,非都市：一般農業區 ; 非都市編定：交通用地,4,1,持分移轉,12350000
RPROMLNKNHOFFAX47CA,成功南段,.02,非都市：一般農業區 ; 非都市編定：交通用地,4,1,持分移轉,12350002
RPRNMLKKNHOFFAX07CA,竹篙灣段,3587.00,非都市：風景區 ; 非都市編定：農牧用地,1,1,全筆移轉,38090000
RPTNMLOKNHOFFAX67CA,風櫃西段,1023.62,非都市：一般農業區 ; 非都市編定：農牧用地,1,1,全筆移轉,07710000
RPUNMLKKNHOFFAX37CA,東衛段,37.72,非都市：一般農業區 ; 非都市編定：交通用地,12,1,持分移轉,10310004
RPUNMLKKNHOFFAX37CA,東衛段,266.32,非都市：一般農業區 ; 非都市編定：甲種建築用地,1,1,全筆移轉,10310009
RPWNMLPKNHOFFAX08CA,合界段,432.49,非都市：一般農業區 ; 非都市編定：農牧用地,1,1,全筆移轉,08780000
RPPNMLOKNHOFFAX27CA,埕東段,107.71,非都市： ; 非都市編定：,1,1,全筆移轉,08330000
RPPNMLMLNHOFFAX17CA,埕中段,41.92,非都市： ; 非都市編定：,10000,521,持分移轉,07410000
RPPNMLMLNHOFFAX17CA,埕中段,1.46,非都市： ; 非都市編定：,10000,521,持分移轉,07420000
RPPNMLMLNHOFFAX17CA,埕中段,3.24,非都市： ; 非都市編定：,10000,521,持分移轉,07430000
RPPNMLQKNHOFFAX47CA,,9.53,非都市： ; 非都市編定：,10000,81,持分移轉,04960000
RPPNMLNKNHOFFAX27DA,赤崁中段,.80,非都市：鄉村區 ; 非都市編定：乙種建築用地,1,1,全筆移轉,00440003
RPPNMLNKNHOFFAX27DA,赤崁中段,.89,非都市：鄉村區 ; 非都市編定：乙種建築用地,1,1,全筆移轉,00750007
RPXNMLOKNHOFFAX18DA,安宅段,49.51,非都市：一般農業區 ; 非都市編定：農牧用地,24,1,持分移轉,16030000
RPXNMLOKNHOFFAX18DA,安宅段,17.61,非都市：一般農業區 ; 非都市編定：農牧用地,24,1,持分移轉,16130000
RPPOMLNKNHOFFAX27CA,,82.27,非都市： ; 非都市編定：,8,1,持分移轉,02990004
RPPOMLNKNHOFFAX27CA,,170.39,非都市： ; 非都市編定：,1,1,全筆移轉,02990006
RPPOMLNKNHOFFAX27CA,,7.28,非都市： ; 非都市編定：,8,1,持分移轉,03400000
RPPOMLNKNHOFFAX27CA,,74.40,非都市： ; 非都市編定：,1,1,全筆移轉,03400001
RPRNMLOJOHOFFAX47CA,興崁段,155.24,非都市：一般農業區 ; 非都市編定：農牧用地,10000,336,持分移轉,11750000
RPRNMLOJOHOFFAX47CA,興崁段,168.64,非都市：一般農業區 ; 非都市編定：農牧用地,10000,365,持分移轉,11750000
RPRNMLOJOHOFFAX47CA,興崁段,243.49,非都市：一般農業區 ; 非都市編定：農牧用地,10000,527,持分移轉,11750000
RPRNMLOJOHOFFAX47CA,興崁段,231.48,非都市：一般農業區 ; 非都市編定：農牧用地,10000,501,持分移轉,11750000
RPRNMLOJOHOFFAX47CA,興崁段,152.47,非都市：一般農業區 ; 非都市編定：農牧用地,10000,330,持分移轉,11750000
RPRNMLOJOHOFFAX47CA,興崁段,154.78,非都市：一般農業區 ; 非都市編定：農牧用地,10000,335,持分移轉,11750000
RPRNMLOJOHOFFAX47CA,興崁段,155.24,非都市：一般農業區 ; 非都市編定：農牧用地,10000,336,持分移轉,11750000
RPRNMLOJOHOFFAX47CA,興崁段,155.24,非都市：一般農業區 ; 非都市編定：農牧用地,10000,336,持分移轉,11750000
RPRNMLOJOHOFFAX47CA,興崁段,155.24,非都市：一般農業區 ; 非都市編定：農牧用地,10000,336,持分移轉,11750000
RPRNMLOJOHOFFAX47CA,興崁段,155.24,非都市：一般農業區 ; 非都市編定：農牧用地,10000,336,持分移轉,11750000
RPRNMLOJOHOFFAX47CA,興崁段,155.24,非都市：一般農業區 ; 非都市編定：農牧用地,10000,336,持分移轉,11750000
RPRNMLOJOHOFFAX47CA,興崁段,155.24,非都市：一般農業區 ; 非都市編定：農牧用地,10000,336,持分移轉,11750000
