﻿編號,屋齡,建物移轉面積平方公尺,主要用途,主要建材,建築完成日期,總層數,建物分層
The serial number,room age,building shifting area square meter,the main use,main building materials,construction completes the date,total layer,building lamination
RPQNMLSJNHOFFAX67CA,22,56.30,住家用,鋼筋混凝土造,85年8月28日,十二層,九層 見其他登記事項
RPQNMLSJNHOFFAX67CA,22,15.11,電樓梯間、避難室、停車場、門廳,鋼筋混凝土造,85年8月28日,十二層,
RPQNMLKLKHOFFAX76CA,48,88.00,住家用,鋼筋加強造,60年5月6日,二層,一層 二層
RPRNMLNKKHOFFAX17DA,95,49.80,住家用,見其他登記事項,13年1月1日,一層,一層
RPSNMLPKKHOFFAX37CA,26,159.53,住家用,鋼筋混凝土造,82年1月15日,四層,一層 二層 三層 四層 電梯樓梯間 見其他登記事項
RPSNMLPKKHOFFAX37CA,26,69.97,避難室,鋼筋混凝土造,82年1月15日,四層,
RPXNMLPKKHOFFAX87CA,52,9.94,住家用,筋加強空心磚,55年9月19日,一層,一層
RPPNMLRLKHOFFAX37CA,26,140.43,住家用,鋼筋混凝土造,81年11月28日,七層,七層
RPPNMLRLKHOFFAX37CA,26,2.85,梯間、機械房、水箱,鋼筋混凝土造,81年11月28日,七層,
RPRNMLNLKHOFFAX27DA,49,243.16,住商用,鋼筋混凝土加強磚造,58年12月20日,四層,一層 二層 三層 四層
RPSNMLTKKHOFFAX77CA,37,122.72,住家用,鋼筋混凝土加強磚造,70年10月1日,三層,一層 二層 三層
RPVNMLLLKHOFFAX37CA,12,206.94,住家用,鋼筋混凝土造,95年8月30日,四層,一層 二層 三層 四層 陽台
RPXNMLRJNHOFFAX28CA,18,376.44,住家用,鋼筋混凝土造,90年7月4日,四層,一層 二層 三層 四層 見其他登記事項
RPSNMLTKLHOFFAX08EA,29,290.84,住商用,鋼筋混凝土造,79年6月4日,三層,一層 二層 三層 電梯樓梯間 夾層 地下一層
RPWNMLMLKHOFFAX67DA,1,195.92,住家用,鋼筋混凝土造,106年9月27日,三層,一層 二層 三層 見其他登記事項
RPSNMLRLKHOFFAX67CA,2,263.19,住家用,鋼筋混凝土造,105年9月21日,三層,一層 二層 三層 見其他登記事項
RPPNMLSJLHOFFAX37CA,14,225.47,住商用,鋼筋混凝土造,94年8月11日,三層,一層 二層 三層 電梯樓梯間 見其他登記事項
RPUNMLRLKHOFFAX87CA,40,188.28,住家用,鋼筋混凝土加強磚造,68年5月12日,四層,一層 二層 三層 四層 地下層
RPQNMLQJLHOFFAX27CA,39,86.05,住家用,鋼筋混凝土加強磚造,69年6月28日,二層,一層 二層 電梯樓梯間
RPPNMLMJLHOFFAX76CA,40,80.00,住家用,鋼筋混凝土加強磚造,67年8月19日,二層,一層 二層 電梯樓梯間
RPRNMLSJNHOFFAX77CA,26,159.04,住家用,鋼筋混凝土造,82年3月17日,七層,七層 見其他登記事項
RPRNMLSJNHOFFAX77CA,26,31.25,梯間、機械室、水塔、受電室,鋼筋混凝土造,82年3月17日,七層,
RPSNMLRJLHOFFAX57CA,26,179.86,住家用,鋼筋混凝土造,81年11月20日,三層,一層 二層 三層
RPRNMLRJLHOFFAX47CA,56,69.73,住商用,鋼筋混凝土加強空心磚造,51年8月10日,二層,一層 二層
RPUNMLSJLHOFFAX87CA,1,375.24,住宅、店鋪,鋼筋混凝土造,107年7月3日,四層,一層 二層 三層 四層 見其他登記事項 見其他登記事項
RPSNMLNKLHOFFAX37DA,24,122.82,集合住宅,鋼筋混凝土造,84年1月19日,五層,四層 見其他登記事項
RPSNMLNKLHOFFAX37DA,24,14.62,樓梯間,鋼筋混凝土造,84年1月19日,五層,
RPPNMLNKLHOFFAX96CA,,676.52,民宿、停車空間,鋼筋混凝土造,108年1月11日,五層,一層 二層 三層 四層 五層 見其他登記事項 見其他登記事項
RPQNMLOKLHOFFAX17CA,4,226.08,住家用,鋼筋混凝土造,104年6月24日,三層,一層 二層 三層 見其他登記事項
RPQNMLNKLHOFFAX07CA,23,134.06,住家用,鋼筋混凝土加強磚造,84年6月28日,二層,一層 二層 電梯樓梯間 見其他登記事項
RPPNMLSKLHOFFAX47CA,22,53.15,住家用,鋼筋混凝土造,85年8月28日,十二層,四層 見其他登記事項
RPPNMLSKLHOFFAX47CA,22,16.18,電樓梯間、避難室、停車場、門廳,鋼筋混凝土造,85年8月28日,十二層,
RPRNMLSKLHOFFAX67CA,94,3.92,住家用,造,14年1月1日,一層,一層 見其他登記事項
RPQNMLMLLHOFFAX17DA,35,108.28,集合住宅,鋼筋混凝土造,73年6月29日,五層,五層 電梯樓梯間
RPUNMLLLLHOFFAX37CA,48,71.00,住家用,鋼筋加強,60年2月18日,一層,一層
RPQNMLQLLHOFFAX57DA,,246.86,住家用,鋼筋混凝土造,108年1月18日,三層,一層 二層 三層 見其他登記事項
RPPNMLSJMHOFFAX47CA,,101.91,住家用,造,,一層,一層
RPTNMLRLLHOFFAX97DA,7,292.85,住家用,鋼筋混凝土造,100年12月16日,三層,一層 二層 三層 見其他登記事項 見其他登記事項
RPPNMLSLLHOFFAX57CA,25,110.51,住家用,鋼筋混凝土造,82年11月19日,七層,二層 見其他登記事項
RPPNMLSLLHOFFAX57CA,25,19.98,避難室、停車空間,鋼筋混凝土造,82年11月19日,七層,
RPPNMLSLLHOFFAX57CA,25,19.91,電梯間,鋼筋混凝土造,82年11月19日,七層,
RPSNMLRLLHOFFAX77CA,13,211.41,住家用,鋼筋混凝土造,95年9月14日,三層,一層 二層 三層 陽台 見其他登記事項
RPVNMLRLLHOFFAX08CA,33,208.07,住家用,鋼筋混凝土加強磚造,74年10月23日,四層,一層 二層 三層 四層
RPPNMLRLLHOFFAX47CA,13,199.96,住家用,鋼筋混凝土造,95年5月17日,五層,一層 二層 三層 四層 五層 陽台 水箱 花台
RPPNMLPLLHOFFAX27CA,40,79.56,住家用,鋼筋混凝土加強磚造,67年11月22日,二層,一層 二層 電梯樓梯間
RPRNMLLJMHOFFAX96CA,1,372.55,住家用,鋼筋混凝土造,107年8月27日,三層,一層 二層 三層 見其他登記事項 見其他登記事項
RPVNMLRJNHOFFAX08CA,22,17.10,住家用,鋼筋混凝土造,86年4月30日,七層,
RPVNMLRJNHOFFAX08CA,22,102.28,住家用,鋼筋混凝土造,86年4月30日,七層,七層 陽台
RPPNMLRJNHOFFAX67EA,24,132.02,住家用,鋼筋混凝土造,84年4月26日,七層,二層 見其他登記事項
RPPNMLRJNHOFFAX67EA,24,38.48,電樓梯間、地下室,鋼筋混凝土造,84年4月26日,七層,
RPPNMLMJMHOFFAX86CA,39,187.58,住商用,鋼筋混凝土造,68年12月20日,三層,一層 二層 三層 電梯樓梯間 地下層
RPRNMLNJMHOFFAX17CA,2,23.19,共同使用,鋼筋混凝土造,106年3月28日,十層,
RPQNMLLLOHOFFAX27CA,24,113.63,住家用,鋼筋混凝土造,83年10月13日,五層,三層 見其他登記事項
RPQNMLLLOHOFFAX27CA,24,23.46,電梯間及停車空間,鋼筋混凝土造,83年10月13日,五層,
RPQNMLNJMHOFFAX07CA,53,125.46,住家用,石造,54年11月1日,一層,一層
RPSNMLRJNHOFFAX77CA,2,66.13,集合住宅,鋼筋混凝土造,106年3月28日,十層,七層 見其他登記事項
RPSNMLRJNHOFFAX77CA,2,275.50,共同使用,鋼筋混凝土造,106年3月28日,十層,
RPPNMLKMNHOFFAX07CA,82,151.87,住家用,造,26年1月1日,一層,一層
RPPNMLPJNHOFFAX27CA,48,222.00,住家用,鋼筋混凝土加強磚造,60年1月1日,三層,一層 二層 三層 電梯樓梯間
RPTNMLOLMHOFFAX67CA,31,230.54,住商用,鋼筋混凝土造,76年4月16日,四層,一層 二層 三層 四層 地下層
RPROMLRJNHOFFAX77CA,23,44.53,住家用,鋼筋混凝土造,85年3月8日,十層,五層 見其他登記事項
RPROMLRJNHOFFAX77CA,23,9.52,停車場、梯間、機械房、蓄水池、電樓梯間、走道（１～１０樓）,鋼筋混凝土造,85年3月8日,十層,
RPPNMLNLMHOFFAX27DA,37,85.52,住家用,鋼筋混凝土造,71年5月7日,四層,一層 二層
RPPNMLNLMHOFFAX27DA,37,19.54,走廊,鋼筋混凝土造,71年5月7日,四層,
RPTNMLRKMHOFFAX87CA,2,239.03,住家用,鋼筋混凝土造,106年8月2日,三層,一層 二層 三層 見其他登記事項 見其他登記事項
RPRNMLSKMHOFFAX77CA,46,221.66,住工用,鋼筋混凝土加強空心磚造,62年8月1日,二層,一層 二層 水塔
RPSNMLRKMHOFFAX77CA,54,80.46,住商用,鋼筋混凝土加強空心磚造,54年1月1日,二層,一層 二層
RPPNMLSKMHOFFAX57CA,23,96.96,住家用,鋼筋混凝土造,84年12月8日,七層,四層 陽台
RPPNMLSKMHOFFAX57CA,23,23.63,停車庫兼避難室,鋼筋混凝土造,84年12月8日,七層,
RPPNMLPLMHOFFAX37CA,39,86.60,住家用,鋼筋混凝土加強磚造,68年11月24日,二層,一層 二層 電梯樓梯間
RPPNMLTJNHOFFAX67CA,3,361.81,住家用,鋼筋混凝土造,105年4月13日,三層,一層 二層 三層 見其他登記事項 見其他登記事項
RPQNMLMLMHOFFAX17CA,18,165.80,住家用,鋼筋混凝土造,90年3月9日,三層,一層 二層 三層 見其他登記事項
RPQNMLOLMHOFFAX37CA,38,87.60,住家用,鋼筋混凝土加強磚造,70年8月10日,二層,一層 二層 電梯樓梯間
RPPNMLMLMHOFFAX07CA,27,118.46,住家用,鋼筋混凝土造,81年8月27日,七層,四層
RPPNMLMLMHOFFAX07CA,27,33.38,避難室,鋼筋混凝土造,81年8月27日,七層,
RPPNMLMLMHOFFAX07CA,27,3.29,,鋼筋混凝土造,81年8月27日,七層,
RPPNMLMLMHOFFAX07CA,27,14.06,電梯,鋼筋混凝土造,81年8月27日,七層,
RPPNMLMLMHOFFAX07CA,27,1.12,汽車坡道,鋼筋混凝土造,81年8月27日,七層,
RPPNMLLLMHOFFAX96CA,,69.42,住家用,見其他登記事項,,一層,一層
RPQNMLPLMHOFFAX47CA,6,180.48,住宅（自用農舍）,加強磚造,101年10月24日,二層,一層 二層 見其他登記事項
RPQNMLPJNHOFFAX37CA,1,284.83,住家用,鋼筋混凝土造,107年7月3日,四層,一層 二層 三層 四層 見其他登記事項
RPPNMLOLMHOFFAX37DA,28,80.80,住家用,鋼筋混凝土加強磚造,79年12月1日,二層,一層 二層
RPPNMLTLMHOFFAX77CA,52,89.44,住家用,鐵筋加強造,56年6月20日,一層,一層
RPQNMLTLMHOFFAX87CA,3,324.94,住家用,鋼筋混凝土造,104年11月30日,三層,一層 二層 三層 見其他登記事項 見其他登記事項
RPQNMLLJNHOFFAX96CA,1,101.35,集合住宅,鋼筋混凝土造,107年6月1日,五層,四層 見其他登記事項
RPQNMLLJNHOFFAX96CA,1,45.93,停車空間、管委會使用空間、梯廳兼樓梯間、樓梯間、機械室、水箱,鋼筋混凝土造,107年6月1日,五層,
RPRNMLMJNHOFFAX17CA,49,72.84,住家用,見其他登記事項,59年9月1日,二層,一層 二層
RPUNMLNKNHOFFAX67CA,35,99.65,住家用,鋼筋混凝土加強磚造,73年6月21日,二層,一層 二層 電梯樓梯間 夾層
RPPNMLLMNHOFFAX17CA,2,101.04,集合住宅,鋼筋混凝土造,106年3月28日,十層,十層 見其他登記事項
RPPNMLLMNHOFFAX17CA,2,63.63,共同使用,鋼筋混凝土造,106年3月28日,十層,
RPSNMLNJNHOFFAX47DA,38,81.78,住家用,鋼筋混凝土加強磚造,70年1月15日,二層,一層 二層 電梯樓梯間
RPPOMLPKNHOFFAX47CA,105,128.36,住家用,造,3年1月1日,一層,一層
RPSOMLTJNHOFFAX08CA,43,45.00,住家用,鋼筋混凝土加強磚造,65年3月22日,二層,一層 二層
RPTNMLRJNHOFFAX87CA,54,97.17,住家用,見其他登記事項,54年4月30日,一層,一層
RPUNMLLLNHOFFAX67DA,,48.90,住家用,造,,,
RPVNMLKKNHOFFAX47CA,23,194.13,住家用,鋼筋混凝土造,85年3月14日,四層,一層 二層 三層 四層 電梯樓梯間 見其他登記事項
RPROMLNKNHOFFAX47CA,9,233.87,住家用,鋼筋混凝土造,99年4月2日,三層,一層 二層 三層 見其他登記事項
RPUNMLKKNHOFFAX37CA,4,296.28,住家用,鋼筋混凝土造,104年10月5日,三層,一層 二層 三層 見其他登記事項
RPPNMLMLNHOFFAX17CA,25,169.38,住家用,鋼筋混凝土造,83年6月6日,六層,二層 見其他登記事項
RPPNMLMLNHOFFAX17CA,25,58.85,電梯、樓梯間,鋼筋混凝土造,83年6月6日,六層,
RPPNMLQKNHOFFAX47CA,,68.15,住家用,鋼筋混凝土造,,,
RPPNMLQKNHOFFAX47CA,,16.13,停車場、梯間、機械房、蓄水池、電樓梯間、走道（１～１０樓）,鋼筋混凝土造,,,
RPPOMLNKNHOFFAX27CA,,283.31,住家用,鋼筋混凝土造,,,
