﻿編號,土地位置,土地移轉面積(平方公尺),使用分區或編定,權利人持分分母,權利人持分分子,移轉情形,地號
The serial number, land position,land shifting area square meter,the use zoning or compiles and checks,,,,land parcel
RPUNMLRKRHPFFCA56CB,潭美段五小段,42.18,都市：住,100000,4495,持分移轉,01240000
RPWNMLRKRHPFFCA76CB,潭美段五小段,42.18,都市：住,100000,4495,持分移轉,01240000
RPOOMLRKRHPFFCA68CB,潭美段五小段,42.18,都市：住,100000,4495,持分移轉,01240000
RPQOMLRKRHPFFCA88CB,潭美段五小段,58.13,都市：住,100000,6194,持分移轉,01240000
RPVOMLRKRHPFFCA76CB,潭美段五小段,22.12,都市：住,100000,2357,持分移轉,01240000
RPTOMLRKRHPFFCA56CB,潭美段五小段,22.12,都市：住,100000,2357,持分移轉,01240000
RPXOMLRKRHPFFCA96CB,潭美段五小段,22.12,都市：住,100000,2357,持分移轉,01240000
RPSOMLRKRHPFFCA09CB,潭美段五小段,22.12,都市：住,100000,2357,持分移轉,01240000
RPPPMLRKRHPFFCA88CB,潭美段五小段,22.12,都市：住,100000,2357,持分移轉,01240000
RPSPMLRKRHPFFCA56CB,潭美段五小段,22.12,都市：住,100000,2357,持分移轉,01240000
RPTPMLRKRHPFFCA66CB,潭美段五小段,22.12,都市：住,100000,2357,持分移轉,01240000
RPUPMLRKRHPFFCA76CB,,22.12,都市：住,100000,2357,持分移轉,01240000
RPVPMLRKRHPFFCA86CB,潭美段五小段,63.53,都市：住,100000,6770,持分移轉,01240000
RPWPMLRKRHPFFCA96CB,潭美段五小段,42.06,都市：住,100000,4482,持分移轉,01240000
RPXPMLRKRHPFFCA07CB,潭美段五小段,42.70,都市：住,100000,4550,持分移轉,01240000
RPOQMLRKRHPFFCA88CB,潭美段五小段,42.70,都市：住,100000,4550,持分移轉,01240000
RPPQMLRKRHPFFCA98CB,潭美段五小段,42.70,都市：住,100000,4550,持分移轉,01240000
RPRQMLRKRHPFFCA56CB,潭美段五小段,42.70,都市：住,100000,4550,持分移轉,01240000
RPTQMLRKRHPFFCA76CB,潭美段五小段,34.21,都市：住,100000,4985,持分移轉,01660000
RPUQMLRKRHPFFCA86CB,,34.21,都市：住,100000,4985,持分移轉,01660000
RPOOMLOKRHPFFBA28CB,臨沂段二小段,.00,都市：商,100000,696,持分移轉,03630000
RPOOMLOKRHPFFBA28CB,臨沂段二小段,.01,都市：商,100000,696,持分移轉,03630002
RPOOMLOKRHPFFBA28CB,臨沂段二小段,.84,都市：商,100000,696,持分移轉,03900001
RPOOMLOKRHPFFBA28CB,臨沂段二小段,.26,都市：商,100000,696,持分移轉,03900002
RPOOMLOKRHPFFBA28CB,臨沂段二小段,.08,都市：商,100000,696,持分移轉,03900008
RPOOMLOKRHPFFBA28CB,臨沂段二小段,.07,都市：商,100000,696,持分移轉,03910000
RPOOMLOKRHPFFBA28CB,臨沂段二小段,.17,都市：商,100000,696,持分移轉,03910003
RPOOMLOKRHPFFBA28CB,臨沂段二小段,.02,都市：商,100000,696,持分移轉,03910005
RPOOMLOKRHPFFBA28CB,臨沂段二小段,.07,都市：商,100000,696,持分移轉,03920002
RPOOMLOKRHPFFBA28CB,臨沂段二小段,.03,都市：商,100000,696,持分移轉,03920003
RPOOMLOKRHPFFBA28CB,臨沂段二小段,1.43,都市：商,100000,696,持分移轉,03950000
RPOOMLOKRHPFFBA28CB,臨沂段二小段,.03,都市：商,100000,696,持分移轉,03960000
RPOOMLOKRHPFFBA28CB,臨沂段二小段,.01,都市：商,100000,696,持分移轉,03970000
RPOOMLOKRHPFFBA28CB,臨沂段二小段,1.02,都市：商,100000,696,持分移轉,03980000
RPOOMLOKRHPFFBA28CB,臨沂段二小段,.01,都市：商,100000,696,持分移轉,03980001
RPOOMLOKRHPFFBA28CB,臨沂段二小段,.12,都市：商,100000,696,持分移轉,03990000
RPOOMLOKRHPFFBA28CB,臨沂段二小段,.24,都市：商,100000,696,持分移轉,04000000
RPOOMLOKRHPFFBA28CB,臨沂段二小段,1.07,都市：商,100000,696,持分移轉,04010000
RPOOMLOKRHPFFBA28CB,臨沂段二小段,.06,都市：商,100000,696,持分移轉,04020000
RPOOMLOKRHPFFBA28CB,臨沂段二小段,7.89,都市：商,100000,696,持分移轉,04030000
RPOOMLOKRHPFFBA28CB,臨沂段二小段,3.80,都市：商,100000,696,持分移轉,04030003
RPOOMLOKRHPFFBA28CB,臨沂段二小段,.08,都市：商,100000,696,持分移轉,04040000
RPOOMLOKRHPFFBA28CB,臨沂段二小段,.09,都市：商,100000,696,持分移轉,04040002
RPOOMLOKRHPFFBA28CB,臨沂段二小段,.28,都市：商,100000,696,持分移轉,04050000
RPOOMLOKRHPFFBA28CB,臨沂段二小段,.70,都市：商,100000,696,持分移轉,04060000
RPOOMLOKRHPFFBA28CB,臨沂段二小段,.89,都市：商,100000,696,持分移轉,04070000
RPOOMLOKRHPFFBA28CB,臨沂段二小段,.62,都市：商,100000,696,持分移轉,04080000
RPOOMLOKRHPFFBA28CB,臨沂段二小段,.24,都市：商,100000,696,持分移轉,04090000
RPVQMLRKRHPFFCA96CB,潭美段五小段,34.21,都市：住,100000,4985,持分移轉,01660000
RPXQMLRKRHPFFCA17CB,潭美段五小段,47.04,都市：住,100000,6856,持分移轉,01660000
RPORMLRKRHPFFCA98CB,潭美段五小段,34.21,都市：住,100000,4985,持分移轉,01660000
RPPRMLRKRHPFFCA09CB,潭美段五小段,34.21,都市：住,100000,4985,持分移轉,01660000
RPTRMLRKRHPFFCA86CB,潭美段五小段,34.21,都市：住,100000,4985,持分移轉,01660000
RPVRMLRKRHPFFCA07CB,潭美段五小段,28.04,都市：住,100000,4087,持分移轉,01660000
RPURMLRKRHPFFCA96CB,潭美段五小段,28.04,都市：住,100000,4087,持分移轉,01660000
RPWRMLRKRHPFFCA17CB,潭美段五小段,28.04,都市：住,100000,4087,持分移轉,01660000
RPPSMLRKRHPFFCA56CB,潭美段五小段,25.42,都市：住,100000,3704,持分移轉,01660000
RPOSMLRKRHPFFCA09CB,潭美段五小段,28.04,都市：住,100000,4087,持分移轉,01660000
RPUSMLRKRHPFFCA07CB,潭美段五小段,44.63,都市：住,100000,1827,持分移轉,01560000
RPXNMLRKRHPFFCA86CB,潭美段五小段,42.18,都市：住,100000,4495,持分移轉,01240000
RPROMLRKRHPFFCA98CB,潭美段五小段,22.12,都市：住,100000,2357,持分移轉,01240000
RPXSMLRKRHPFFCA37CB,潭美段五小段,41.46,都市：住,100000,1697,持分移轉,01560000
RPOTMLRKRHPFFCA56CB,潭美段五小段,41.53,都市：住,100000,1700,持分移轉,01560000
RPUOMLRKRHPFFCA66CB,潭美段五小段,22.12,都市：住,100000,2357,持分移轉,01240000
RPPOMLRKRHPFFCA78CB,潭美段五小段,42.18,都市：住,100000,4495,持分移轉,01240000
RPWOMLRKRHPFFCA86CB,潭美段五小段,22.12,都市：住,100000,2357,持分移轉,01240000
RPQPMLRKRHPFFCA98CB,潭美段五小段,22.12,都市：住,100000,2357,持分移轉,01240000
RPPTMLRKRHPFFCA66CB,潭美段五小段,41.53,都市：住,100000,1700,持分移轉,01560000
RPSTMLRKRHPFFCA96CB,潭美段五小段,41.53,都市：住,100000,1700,持分移轉,01560000
RPUTMLRKRHPFFCA17CB,潭美段五小段,41.53,都市：住,100000,1700,持分移轉,01560000
RPOUMLRKRHPFFCA66CB,潭美段五小段,41.53,都市：住,100000,1700,持分移轉,01560000
RPQTMLRKRHPFFCA76CB,潭美段五小段,41.53,都市：住,100000,1700,持分移轉,01560000
RPTTMLRKRHPFFCA07CB,潭美段五小段,41.53,都市：住,100000,1700,持分移轉,01560000
RPVTMLRKRHPFFCA27CB,潭美段五小段,41.53,都市：住,100000,1700,持分移轉,01560000
RPWTMLRKRHPFFCA37CB,潭美段五小段,41.53,都市：住,100000,1700,持分移轉,01560000
RPPUMLRKRHPFFCA76CB,潭美段五小段,46.15,都市：住,100000,1889,持分移轉,01560000
RPRUMLRKRHPFFCA96CB,潭美段五小段,34.64,都市：住,100000,1418,持分移轉,01560000
RPQUMLRKRHPFFCA86CB,潭美段五小段,34.64,都市：住,100000,1418,持分移轉,01560000
RPUUMLRKRHPFFCA27CB,潭美段五小段,34.64,都市：住,100000,1418,持分移轉,01560000
RPTUMLRKRHPFFCA17CB,潭美段五小段,34.64,都市：住,100000,1418,持分移轉,01560000
RPWUMLRKRHPFFCA47CB,潭美段五小段,34.64,都市：住,100000,1418,持分移轉,01560000
RPPVMLRKRHPFFCA86CB,潭美段五小段,34.64,都市：住,100000,1418,持分移轉,01560000
RPSVMLRKRHPFFCA17CB,潭美段五小段,41.46,都市：住,100000,1697,持分移轉,01560000
RPRVMLRKRHPFFCA07CB,潭美段五小段,41.46,都市：住,100000,1697,持分移轉,01560000
RPTVMLRKRHPFFCA27CB,潭美段五小段,41.46,都市：住,100000,1697,持分移轉,01560000
RPVVMLRKRHPFFCA47CB,潭美段五小段,41.46,都市：住,100000,1697,持分移轉,01560000
RPWVMLRKRHPFFCA57CB,潭美段五小段,41.46,都市：住,100000,1697,持分移轉,01560000
RPXVMLRKRHPFFCA67CB,潭美段五小段,41.46,都市：住,100000,1697,持分移轉,01560000
RPOWMLRKRHPFFCA86CB,潭美段五小段,41.46,都市：住,100000,1697,持分移轉,01560000
RPPWMLRKRHPFFCA96CB,潭美段五小段,41.46,都市：住,100000,1697,持分移轉,01560000
RPQWMLRKRHPFFCA07CB,潭美段五小段,41.46,都市：住,100000,1697,持分移轉,01560000
RPRWMLRKRHPFFCA17CB,潭美段五小段,41.46,都市：住,100000,1697,持分移轉,01560000
RPSWMLRKRHPFFCA27CB,潭美段五小段,41.46,都市：住,100000,1697,持分移轉,01560000
RPTWMLRKRHPFFCA37CB,潭美段五小段,41.46,都市：住,100000,1697,持分移轉,01560000
RPUWMLRKRHPFFCA47CB,潭美段五小段,41.46,都市：住,100000,1697,持分移轉,01560000
RPVWMLRKRHPFFCA57CB,潭美段五小段,41.46,都市：住,100000,1697,持分移轉,01560000
RPWWMLRKRHPFFCA67CB,,41.46,都市：住,100000,1697,持分移轉,01560000
RPXWMLRKRHPFFCA77CB,潭美段五小段,41.46,都市：住,100000,1697,持分移轉,01560000
RPONNLRKRHPFFCA68CB,潭美段五小段,41.46,都市：住,100000,1697,持分移轉,01560000
RPPNNLRKRHPFFCA78CB,潭美段五小段,41.46,都市：住,100000,1697,持分移轉,01560000
RPRNNLRKRHPFFCA98CB,潭美段五小段,34.64,都市：住,100000,1418,持分移轉,01560000
RPSNNLRKRHPFFCA09CB,潭美段五小段,34.64,都市：住,100000,1418,持分移轉,01560000
RPTNNLRKRHPFFCA56CB,潭美段五小段,34.64,都市：住,100000,1418,持分移轉,01560000
RPUNNLRKRHPFFCA66CB,潭美段五小段,34.64,都市：住,100000,1418,持分移轉,01560000
RPXRMLRKRHPFFCA27CB,潭美段五小段,28.04,都市：住,100000,4087,持分移轉,01660000
RPVNNLRKRHPFFCA76CB,潭美段五小段,34.64,都市：住,100000,1418,持分移轉,01560000
RPWNNLRKRHPFFCA86CB,潭美段五小段,34.64,都市：住,100000,1418,持分移轉,01560000
RPPONLRKRHPFFCA88CB,潭美段五小段,41.43,都市：住,100000,1696,持分移轉,01560000
RPXNNLRKRHPFFCA96CB,潭美段五小段,34.64,都市：住,100000,1418,持分移轉,01560000
RPQONLRKRHPFFCA98CB,潭美段五小段,41.50,都市：住,100000,1699,持分移轉,01560000
RPOONLRKRHPFFCA78CB,潭美段五小段,34.64,都市：住,100000,1418,持分移轉,01560000
RPTONLRKRHPFFCA66CB,潭美段五小段,41.50,都市：住,100000,1699,持分移轉,01560000
RPRONLRKRHPFFCA09CB,潭美段五小段,41.50,都市：住,100000,1699,持分移轉,01560000
RPVONLRKRHPFFCA86CB,潭美段五小段,41.50,都市：住,100000,1699,持分移轉,01560000
RPUONLRKRHPFFCA76CB,潭美段五小段,41.50,都市：住,100000,1699,持分移轉,01560000
RPWONLRKRHPFFCA96CB,潭美段五小段,41.50,都市：住,100000,1699,持分移轉,01560000
RPOPNLRKRHPFFCA88CB,潭美段五小段,41.50,都市：住,100000,1699,持分移轉,01560000
RPXONLRKRHPFFCA07CB,潭美段五小段,41.50,都市：住,100000,1699,持分移轉,01560000
RPPPNLRKRHPFFCA98CB,潭美段五小段,41.50,都市：住,100000,1699,持分移轉,01560000
RPSUMLRKRHPFFCA07CB,潭美段五小段,34.64,都市：住,100000,1418,持分移轉,01560000
RPVUMLRKRHPFFCA37CB,潭美段五小段,34.64,都市：住,100000,1418,持分移轉,01560000
RPOVMLRKRHPFFCA76CB,,34.64,都市：住,100000,1418,持分移轉,01560000
RPXNMLQLRHPFFCA86CB,中山段一小段,7.65,都市：商,10000,188,持分移轉,06240000
RPXUMLRKRHPFFCA57CB,潭美段五小段,34.64,都市：住,100000,1418,持分移轉,01560000
RPOOMLQLRHPFFCA68CB,中山段一小段,7.65,都市：商,10000,188,持分移轉,06240000
RPPOMLQLRHPFFCA78CB,中山段一小段,7.61,都市：商,10000,187,持分移轉,06240000
RPQVMLRKRHPFFCA96CB,潭美段五小段,41.46,都市：住,100000,1697,持分移轉,01560000
RPUVMLRKRHPFFCA37CB,潭美段五小段,41.46,都市：住,100000,1697,持分移轉,01560000
RPQOMLQLRHPFFCA88CB,中山段一小段,7.65,都市：商,10000,188,持分移轉,06240000
RPSOMLQLRHPFFCA09CB,中山段一小段,4.60,都市：商,10000,113,持分移轉,06240000
RPQPMLQLRHPFFCA98CB,中山段一小段,4.60,都市：商,10000,113,持分移轉,06240000
RPUPMLQLRHPFFCA76CB,中山段一小段,4.60,都市：商,10000,113,持分移轉,06240000
RPTPMLQLRHPFFCA66CB,中山段一小段,4.60,都市：商,10000,113,持分移轉,06240000
RPVPMLQLRHPFFCA86CB,中山段一小段,4.64,都市：商,10000,114,持分移轉,06240000
RPXPMLQLRHPFFCA07CB,中山段一小段,4.64,都市：商,10000,114,持分移轉,06240000
RPOQMLQLRHPFFCA88CB,中山段一小段,4.60,都市：商,10000,113,持分移轉,06240000
RPPQMLQLRHPFFCA98CB,中山段一小段,4.60,都市：商,10000,113,持分移轉,06240000
RPQQMLQLRHPFFCA09CB,中山段一小段,4.60,都市：商,10000,113,持分移轉,06240000
RPRQMLQLRHPFFCA56CB,中山段一小段,4.60,都市：商,10000,113,持分移轉,06240000
RPSQMLQLRHPFFCA66CB,中山段一小段,4.60,都市：商,10000,113,持分移轉,06240000
RPTQMLQLRHPFFCA76CB,中山段一小段,4.60,都市：商,10000,113,持分移轉,06240000
RPWQMLQLRHPFFCA07CB,中山段一小段,4.60,都市：商,10000,113,持分移轉,06240000
RPXQMLQLRHPFFCA17CB,中山段一小段,4.60,都市：商,10000,113,持分移轉,06240000
RPORMLQLRHPFFCA98CB,中山段一小段,7.45,都市：商,10000,183,持分移轉,06240000
RPPRMLQLRHPFFCA09CB,中山段一小段,7.41,都市：商,10000,182,持分移轉,06240000
RPQRMLQLRHPFFCA56CB,中山段一小段,7.41,都市：商,10000,182,持分移轉,06240000
RPRRMLQLRHPFFCA66CB,中山段一小段,7.45,都市：商,10000,183,持分移轉,06240000
RPSRMLQLRHPFFCA76CB,中山段一小段,7.45,都市：商,10000,183,持分移轉,06240000
RPTRMLQLRHPFFCA86CB,中山段一小段,7.45,都市：商,10000,183,持分移轉,06240000
RPURMLQLRHPFFCA96CB,中山段一小段,5.74,都市：商,10000,141,持分移轉,06240000
RPWRMLQLRHPFFCA17CB,中山段一小段,5.82,都市：商,10000,143,持分移轉,06240000
RPVRMLQLRHPFFCA07CB,中山段一小段,5.82,都市：商,10000,143,持分移轉,06240000
RPXRMLQLRHPFFCA27CB,中山段一小段,5.82,都市：商,10000,143,持分移轉,06240000
RPPSMLQLRHPFFCA56CB,中山段一小段,5.82,都市：商,10000,143,持分移轉,06240000
RPOSMLQLRHPFFCA09CB,中山段一小段,5.86,都市：商,10000,144,持分移轉,06240000
RPVNMLSKRHPFFCA86DB,中山段三小段,20.22,都市：商,10000,186,持分移轉,03250000
RPQSMLQLRHPFFCA66CB,中山段一小段,5.82,都市：商,10000,143,持分移轉,06240000
RPRSMLQLRHPFFCA76CB,中山段一小段,5.82,都市：商,10000,143,持分移轉,06240000
RPSSMLQLRHPFFCA86CB,中山段一小段,5.82,都市：商,10000,143,持分移轉,06240000
RPUSMLQLRHPFFCA07CB,中山段一小段,6.92,都市：商,10000,170,持分移轉,06240000
RPTSMLQLRHPFFCA96CB,中山段一小段,5.86,都市：商,10000,144,持分移轉,06240000
RPVSMLQLRHPFFCA17CB,中山段一小段,6.88,都市：商,10000,169,持分移轉,06240000
RPWSMLQLRHPFFCA27CB,中山段一小段,6.92,都市：商,10000,170,持分移轉,06240000
RPOTMLQLRHPFFCA56CB,中山段一小段,6.88,都市：商,10000,169,持分移轉,06240000
RPXSMLQLRHPFFCA37CB,中山段一小段,6.92,都市：商,10000,170,持分移轉,06240000
RPPTMLQLRHPFFCA66CB,中山段一小段,6.88,都市：商,10000,169,持分移轉,06240000
RPQTMLQLRHPFFCA76CB,中山段一小段,6.92,都市：商,10000,170,持分移轉,06240000
RPRTMLQLRHPFFCA86CB,中山段一小段,6.88,都市：商,10000,169,持分移轉,06240000
RPROMLQLRHPFFCA98CB,中山段一小段,4.60,都市：商,10000,113,持分移轉,06240000
RPTOMLQLRHPFFCA56CB,中山段一小段,4.60,都市：商,10000,113,持分移轉,06240000
RPXOMLQLRHPFFCA96CB,中山段一小段,4.60,都市：商,10000,113,持分移轉,06240000
RPOTMLOKIIPFFCA08CB,文德段三小段,16.99,都市：住,100000,1538,持分移轉,00880000
RPRPMLQLRHPFFCA09CB,中山段一小段,4.60,都市：商,10000,113,持分移轉,06240000
RPPTMLOKIIPFFCA18CB,文德段三小段,19.61,都市：住,100000,1775,持分移轉,00880000
RPRTMLOKIIPFFCA38CB,文德段三小段,15.03,都市：住,100000,1360,持分移轉,00880000
RPWPMLQLRHPFFCA96CB,中山段一小段,4.64,都市：商,10000,114,持分移轉,06240000
RPVQMLQLRHPFFCA96CB,中山段一小段,4.64,都市：商,10000,114,持分移轉,06240000
RPVTMLOKIIPFFCA78CB,文德段三小段,8.97,都市：住,100000,812,持分移轉,00880000
RPSTMLOKIIPFFCA48CB,文德段三小段,15.57,都市：住,100000,1409,持分移轉,00880000
RPPUMLOKIIPFFCA28CB,文德段三小段,11.20,都市：住,100000,1014,持分移轉,00880000
RPUQMLMLIIPFFCA38DB,中山段四小段,12.76,都市：住,100000,4492,持分移轉,04970000
RPWQMLMLIIPFFCA58DB,中山段四小段,12.76,都市：住,100000,4492,持分移轉,04970000
RPRRMLMLIIPFFCA18DB,中山段四小段,9.47,都市：住,100000,3334,持分移轉,04970000
RPXQMLMLIIPFFCA68DB,中山段四小段,12.76,都市：住,100000,4492,持分移轉,04970000
RPRPMLNLIIPFFEA18CB,,60.27,都市：住,100000,2394,持分移轉,00320000
RPSPMLNLIIPFFEA28CB,三合段,60.12,都市：住,100000,2388,持分移轉,00320000
RPTPMLNLIIPFFEA38CB,三合段,60.27,都市：住,100000,2394,持分移轉,00320000
RPUPMLNLIIPFFEA48CB,三合段,60.12,都市：住,100000,2388,持分移轉,00320000
RPVPMLNLIIPFFEA58CB,三合段,60.27,都市：住,100000,2394,持分移轉,00320000
RPWPMLNLIIPFFEA68CB,三合段,60.12,都市：住,100000,2388,持分移轉,00320000
RPOQMLNLIIPFFEA97CB,三合段,52.17,都市：住,100000,2072,持分移轉,00320000
RPPQMLNLIIPFFEA08CB,三合段,52.17,都市：住,100000,2072,持分移轉,00320000
RPQQMLNLIIPFFEA18CB,三合段,52.17,都市：住,100000,2072,持分移轉,00320000
RPRQMLNLIIPFFEA28CB,三合段,52.17,都市：住,100000,2072,持分移轉,00320000
RPSQMLNLIIPFFEA38CB,三合段,44.99,都市：住,100000,1787,持分移轉,00320000
RPUQMLNLIIPFFEA58CB,三合段,44.99,都市：住,100000,1787,持分移轉,00320000
RPVQMLNLIIPFFEA68CB,三合段,44.99,都市：住,100000,1787,持分移轉,00320000
RPWQMLNLIIPFFEA78CB,三合段,44.99,都市：住,100000,1787,持分移轉,00320000
RPXQMLNLIIPFFEA88CB,三合段,44.99,都市：住,100000,1787,持分移轉,00320000
RPPRMLNLIIPFFEA18CB,三合段,60.12,都市：住,100000,2388,持分移轉,00320000
RPQRMLNLIIPFFEA28CB,三合段,60.27,都市：住,100000,2394,持分移轉,00320000
RPRRMLNLIIPFFEA38CB,三合段,60.12,都市：住,100000,2388,持分移轉,00320000
RPSRMLNLIIPFFEA48CB,三合段,60.27,都市：住,100000,2394,持分移轉,00320000
RPSTMLQLRHPFFCA96CB,中山段一小段,6.88,都市：商,10000,169,持分移轉,06240000
RPTRMLNLIIPFFEA58CB,三合段,60.12,都市：住,100000,2388,持分移轉,00320000
RPURMLNLIIPFFEA68CB,三合段,60.27,都市：住,100000,2394,持分移轉,00320000
RPVRMLNLIIPFFEA78CB,,52.17,都市：住,100000,2072,持分移轉,00320000
RPWRMLNLIIPFFEA88CB,三合段,52.17,都市：住,100000,2072,持分移轉,00320000
RPXRMLNLIIPFFEA98CB,三合段,52.17,都市：住,100000,2072,持分移轉,00320000
RPOSMLNLIIPFFEA18CB,三合段,52.17,都市：住,100000,2072,持分移轉,00320000
RPPSMLNLIIPFFEA28CB,三合段,52.17,都市：住,100000,2072,持分移轉,00320000
RPRSMLNLIIPFFEA48CB,三合段,44.99,都市：住,100000,1787,持分移轉,00320000
RPQSMLNLIIPFFEA38CB,三合段,44.99,都市：住,100000,1787,持分移轉,00320000
RPSSMLNLIIPFFEA58CB,三合段,44.99,都市：住,100000,1787,持分移轉,00320000
RPTSMLNLIIPFFEA68CB,三合段,44.99,都市：住,100000,1787,持分移轉,00320000
RPUSMLNLIIPFFEA78CB,三合段,44.99,都市：住,100000,1787,持分移轉,00320000
RPVSMLNLIIPFFEA88CB,三合段,44.99,都市：住,100000,1787,持分移轉,00320000
RPOTMLNLIIPFFEA28CB,三合段,38.74,都市：住,100000,1381,持分移轉,00690000
RPTTMLOKIIPFFCA58CB,文德段三小段,22.52,都市：住,100000,2038,持分移轉,00880000
RPRTMLNLIIPFFEA58CB,三合段,45.34,都市：住,100000,1616,持分移轉,00690000
RPSTMLNLIIPFFEA68CB,三合段,46.74,都市：住,100000,1666,持分移轉,00690000
RPWTMLOKIIPFFCA88CB,文德段三小段,18.01,都市：住,100000,1630,持分移轉,00880000
RPOQMLMLIIPFFCA77DB,中山段四小段,8.23,都市：住,100000,2898,持分移轉,04970000
RPTQMLMLIIPFFCA28DB,中山段四小段,12.76,都市：住,100000,4492,持分移轉,04970000
RPPRMLMLIIPFFCA97DB,中山段四小段,9.47,都市：住,100000,3334,持分移轉,04970000
RPTTMLNLIIPFFEA78CB,三合段,38.74,都市：住,100000,1381,持分移轉,00690000
RPXPMLNLIIPFFEA78CB,三合段,52.17,都市：住,100000,2072,持分移轉,00320000
RPVTMLNLIIPFFEA98CB,三合段,23.48,都市：住,100000,837,持分移轉,00690000
RPOUMLNLIIPFFEA38CB,三合段,23.48,都市：住,100000,837,持分移轉,00690000
RPSUMLNLIIPFFEA78CB,三合段,37.12,都市：住,100000,1323,持分移轉,00690000
RPTUMLNLIIPFFEA88CB,三合段,38.74,都市：住,100000,1381,持分移轉,00690000
RPQUMLNLIIPFFEA58CB,三合段,37.12,都市：住,100000,1323,持分移轉,00690000
RPVUMLNLIIPFFEA09CB,三合段,37.12,都市：住,100000,1323,持分移轉,00690000
RPXUMLNLIIPFFEA66CB,三合段,37.12,都市：住,100000,1323,持分移轉,00690000
RPOVMLNLIIPFFEA48CB,三合段,38.74,都市：住,100000,1381,持分移轉,00690000
RPPVMLNLIIPFFEA58CB,三合段,23.48,都市：住,100000,837,持分移轉,00690000
RPQVMLNLIIPFFEA68CB,三合段,45.34,都市：住,100000,1616,持分移轉,00690000
RPSVMLNLIIPFFEA88CB,三合段,45.34,都市：住,100000,1616,持分移轉,00690000
RPRVMLNLIIPFFEA78CB,三合段,45.34,都市：住,100000,1616,持分移轉,00690000
RPVVMLNLIIPFFEA56CB,三合段,44.99,都市：住,100000,1787,持分移轉,00320000
RPUVMLNLIIPFFEA09CB,三合段,23.48,都市：住,100000,837,持分移轉,00690000
RPWVMLNLIIPFFEA66CB,三合段,52.17,都市：住,100000,2072,持分移轉,00320000
RPUPMLTLIIPFFCA88CB,中山段四小段,8.23,都市：住,100000,2898,持分移轉,04970000
RPXVMLNLIIPFFEA76CB,三合段,23.48,都市：住,100000,837,持分移轉,00690000
RPPQMLTLIIPFFCA48CB,中山段四小段,8.23,都市：住,100000,2898,持分移轉,04970000
RPXQMLTLIIPFFCA66CB,中山段四小段,9.47,都市：住,100000,3334,持分移轉,04970000
RPORMLTLIIPFFCA48CB,中山段四小段,9.47,都市：住,100000,3334,持分移轉,04970000
RPWQMLTLIIPFFCA56CB,中山段四小段,9.47,都市：住,100000,3334,持分移轉,04970000
RPPRMLTLIIPFFCA58CB,中山段四小段,9.47,都市：住,100000,3334,持分移轉,04970000
RPQRMLTLIIPFFCA68CB,中山段四小段,9.47,都市：住,100000,3334,持分移轉,04970000
RPRRMLTLIIPFFCA78CB,中山段四小段,7.13,都市：住,100000,2512,持分移轉,04970000
RPTRMLTLIIPFFCA98CB,中山段四小段,7.13,都市：住,100000,2512,持分移轉,04970000
RPWSMLNLIIPFFEA98CB,三合段,44.99,都市：住,100000,1787,持分移轉,00320000
RPSRMLTLIIPFFCA88CB,中山段四小段,7.13,都市：住,100000,2512,持分移轉,04970000
RPURMLTLIIPFFCA09CB,中山段四小段,7.13,都市：住,100000,2512,持分移轉,04970000
RPWRMLTLIIPFFCA66CB,中山段四小段,7.13,都市：住,100000,2512,持分移轉,04970000
RPVRMLTLIIPFFCA56CB,中山段四小段,7.13,都市：住,100000,2512,持分移轉,04970000
RPOSMLTLIIPFFCA58CB,中山段四小段,8.23,都市：住,100000,2898,持分移轉,04970000
RPXRMLTLIIPFFCA76CB,中山段四小段,8.23,都市：住,100000,2898,持分移轉,04970000
RPPSMLTLIIPFFCA68CB,中山段四小段,8.23,都市：住,100000,2898,持分移轉,04970000
RPRSMLTLIIPFFCA88CB,中山段四小段,12.76,都市：住,100000,4492,持分移轉,04970000
RPQSMLTLIIPFFCA78CB,中山段四小段,8.23,都市：住,100000,2898,持分移轉,04970000
RPRRMLKKJIPFFCA87CB,潭美段五小段,34.64,都市：住,100000,1418,持分移轉,01560000
RPTNMLMKJIPFFBA87DB,市府段二小段,.27,都市：商,10000,172,持分移轉,03670000
RPTNMLMKJIPFFBA87DB,市府段二小段,1.79,都市：商,10000,172,持分移轉,03680000
RPTNMLMKJIPFFBA87DB,市府段二小段,1.91,都市：商,10000,172,持分移轉,03690000
RPTNMLMKJIPFFBA87DB,市府段二小段,.29,都市：商,10000,172,持分移轉,03700000
RPTNMLMKJIPFFBA87DB,市府段二小段,.34,都市：商,10000,172,持分移轉,03710000
RPTNMLMKJIPFFBA87DB,市府段二小段,2.17,都市：商,10000,172,持分移轉,03720000
RPUNMLMKJIPFFBA97DB,市府段二小段,.46,都市：商,10000,285,持分移轉,03670000
RPUNMLMKJIPFFBA97DB,市府段二小段,2.96,都市：商,10000,285,持分移轉,03680000
RPUNMLMKJIPFFBA97DB,市府段二小段,3.16,都市：商,10000,285,持分移轉,03690000
RPUNMLMKJIPFFBA97DB,市府段二小段,.48,都市：商,10000,285,持分移轉,03700000
RPUNMLMKJIPFFBA97DB,市府段二小段,.57,都市：商,10000,285,持分移轉,03710000
RPUNMLMKJIPFFBA97DB,市府段二小段,3.59,都市：商,10000,285,持分移轉,03720000
RPVNMLMKJIPFFBA08DB,市府段二小段,.46,都市：商,10000,285,持分移轉,03670000
RPVNMLMKJIPFFBA08DB,市府段二小段,2.96,都市：商,10000,285,持分移轉,03680000
RPVNMLMKJIPFFBA08DB,市府段二小段,3.16,都市：商,10000,285,持分移轉,03690000
RPVNMLMKJIPFFBA08DB,市府段二小段,.48,都市：商,10000,285,持分移轉,03700000
RPVNMLMKJIPFFBA08DB,市府段二小段,.57,都市：商,10000,285,持分移轉,03710000
RPVNMLMKJIPFFBA08DB,市府段二小段,3.59,都市：商,10000,285,持分移轉,03720000
RPWNMLMKJIPFFBA18DB,市府段二小段,.35,都市：商,10000,217,持分移轉,03670000
RPWNMLMKJIPFFBA18DB,市府段二小段,2.25,都市：商,10000,217,持分移轉,03680000
RPWNMLMKJIPFFBA18DB,市府段二小段,2.41,都市：商,10000,217,持分移轉,03690000
RPWNMLMKJIPFFBA18DB,市府段二小段,.37,都市：商,10000,217,持分移轉,03700000
RPWNMLMKJIPFFBA18DB,市府段二小段,.43,都市：商,10000,217,持分移轉,03710000
RPWNMLMKJIPFFBA18DB,市府段二小段,2.73,都市：商,10000,217,持分移轉,03720000
RPUTMLNLIIPFFEA88CB,三合段,23.48,都市：住,100000,837,持分移轉,00690000
RPXTMLNLIIPFFEA56CB,三合段,38.74,都市：住,100000,1381,持分移轉,00690000
RPWTMLNLIIPFFEA09CB,三合段,23.48,都市：住,100000,837,持分移轉,00690000
RPPUMLNLIIPFFEA48CB,三合段,38.41,都市：住,100000,1369,持分移轉,00690000
RPXNMLMKJIPFFBA28DB,市府段二小段,.35,都市：商,10000,217,持分移轉,03670000
RPXNMLMKJIPFFBA28DB,市府段二小段,2.25,都市：商,10000,217,持分移轉,03680000
RPXNMLMKJIPFFBA28DB,市府段二小段,2.41,都市：商,10000,217,持分移轉,03690000
RPXNMLMKJIPFFBA28DB,市府段二小段,.37,都市：商,10000,217,持分移轉,03700000
RPXNMLMKJIPFFBA28DB,市府段二小段,.43,都市：商,10000,217,持分移轉,03710000
RPXNMLMKJIPFFBA28DB,市府段二小段,2.73,都市：商,10000,217,持分移轉,03720000
RPUUMLNLIIPFFEA98CB,三合段,45.34,都市：住,100000,1616,持分移轉,00690000
RPTVMLNLIIPFFEA98CB,三合段,45.34,都市：住,100000,1616,持分移轉,00690000
RPPOMLMKJIPFFBA57DB,市府段二小段,.29,都市：商,10000,183,持分移轉,03670000
RPPOMLMKJIPFFBA57DB,市府段二小段,1.90,都市：商,10000,183,持分移轉,03680000
RPPOMLMKJIPFFBA57DB,市府段二小段,2.03,都市：商,10000,183,持分移轉,03690000
RPPOMLMKJIPFFBA57DB,市府段二小段,.31,都市：商,10000,183,持分移轉,03700000
RPPOMLMKJIPFFBA57DB,市府段二小段,.37,都市：商,10000,183,持分移轉,03710000
RPPOMLMKJIPFFBA57DB,市府段二小段,2.31,都市：商,10000,183,持分移轉,03720000
RPOOMLMKJIPFFBA47DB,市府段二小段,.35,都市：商,10000,217,持分移轉,03670000
RPOOMLMKJIPFFBA47DB,市府段二小段,2.25,都市：商,10000,217,持分移轉,03680000
RPOOMLMKJIPFFBA47DB,市府段二小段,2.41,都市：商,10000,217,持分移轉,03690000
RPOOMLMKJIPFFBA47DB,市府段二小段,.37,都市：商,10000,217,持分移轉,03700000
RPOOMLMKJIPFFBA47DB,市府段二小段,.43,都市：商,10000,217,持分移轉,03710000
RPOOMLMKJIPFFBA47DB,市府段二小段,2.73,都市：商,10000,217,持分移轉,03720000
RPQOMLMKJIPFFBA67DB,市府段二小段,.27,都市：商,10000,172,持分移轉,03670000
RPQOMLMKJIPFFBA67DB,市府段二小段,1.79,都市：商,10000,172,持分移轉,03680000
RPQOMLMKJIPFFBA67DB,市府段二小段,1.91,都市：商,10000,172,持分移轉,03690000
RPQOMLMKJIPFFBA67DB,市府段二小段,.29,都市：商,10000,172,持分移轉,03700000
RPQOMLMKJIPFFBA67DB,市府段二小段,.34,都市：商,10000,172,持分移轉,03710000
RPQOMLMKJIPFFBA67DB,市府段二小段,2.17,都市：商,10000,172,持分移轉,03720000
RPROMLMKJIPFFBA77DB,市府段二小段,.27,都市：商,10000,172,持分移轉,03670000
RPROMLMKJIPFFBA77DB,市府段二小段,1.79,都市：商,10000,172,持分移轉,03680000
RPROMLMKJIPFFBA77DB,市府段二小段,1.91,都市：商,10000,172,持分移轉,03690000
RPROMLMKJIPFFBA77DB,市府段二小段,.29,都市：商,10000,172,持分移轉,03700000
RPROMLMKJIPFFBA77DB,市府段二小段,.34,都市：商,10000,172,持分移轉,03710000
RPROMLMKJIPFFBA77DB,市府段二小段,2.17,都市：商,10000,172,持分移轉,03720000
RPSOMLMKJIPFFBA87DB,市府段二小段,.27,都市：商,10000,172,持分移轉,03670000
RPSOMLMKJIPFFBA87DB,市府段二小段,1.79,都市：商,10000,172,持分移轉,03680000
RPSOMLMKJIPFFBA87DB,市府段二小段,1.91,都市：商,10000,172,持分移轉,03690000
RPSOMLMKJIPFFBA87DB,市府段二小段,.29,都市：商,10000,172,持分移轉,03700000
RPSOMLMKJIPFFBA87DB,市府段二小段,.34,都市：商,10000,172,持分移轉,03710000
RPSOMLMKJIPFFBA87DB,市府段二小段,2.17,都市：商,10000,172,持分移轉,03720000
RPVOMLMKJIPFFBA18DB,市府段二小段,.35,都市：商,10000,217,持分移轉,03670000
RPVOMLMKJIPFFBA18DB,市府段二小段,2.25,都市：商,10000,217,持分移轉,03680000
RPVOMLMKJIPFFBA18DB,市府段二小段,2.41,都市：商,10000,217,持分移轉,03690000
RPVOMLMKJIPFFBA18DB,市府段二小段,.37,都市：商,10000,217,持分移轉,03700000
RPVOMLMKJIPFFBA18DB,市府段二小段,.43,都市：商,10000,217,持分移轉,03710000
RPVOMLMKJIPFFBA18DB,市府段二小段,2.73,都市：商,10000,217,持分移轉,03720000
RPOPMLMKJIPFFBA57DB,市府段二小段,.35,都市：商,10000,217,持分移轉,03670000
RPOPMLMKJIPFFBA57DB,市府段二小段,2.25,都市：商,10000,217,持分移轉,03680000
RPOPMLMKJIPFFBA57DB,市府段二小段,2.41,都市：商,10000,217,持分移轉,03690000
RPOPMLMKJIPFFBA57DB,市府段二小段,.37,都市：商,10000,217,持分移轉,03700000
RPOPMLMKJIPFFBA57DB,市府段二小段,.43,都市：商,10000,217,持分移轉,03710000
RPOPMLMKJIPFFBA57DB,市府段二小段,2.73,都市：商,10000,217,持分移轉,03720000
RPQPMLMKJIPFFBA77DB,市府段二小段,.35,都市：商,10000,217,持分移轉,03670000
RPQPMLMKJIPFFBA77DB,市府段二小段,2.25,都市：商,10000,217,持分移轉,03680000
RPQPMLMKJIPFFBA77DB,市府段二小段,2.41,都市：商,10000,217,持分移轉,03690000
RPQPMLMKJIPFFBA77DB,市府段二小段,.37,都市：商,10000,217,持分移轉,03700000
RPQPMLMKJIPFFBA77DB,市府段二小段,.43,都市：商,10000,217,持分移轉,03710000
RPUOMLMKJIPFFBA08DB,市府段二小段,.27,都市：商,10000,172,持分移轉,03670000
RPQPMLMKJIPFFBA77DB,市府段二小段,2.73,都市：商,10000,217,持分移轉,03720000
RPUOMLMKJIPFFBA08DB,市府段二小段,1.79,都市：商,10000,172,持分移轉,03680000
RPUOMLMKJIPFFBA08DB,市府段二小段,1.91,都市：商,10000,172,持分移轉,03690000
RPUOMLMKJIPFFBA08DB,市府段二小段,.29,都市：商,10000,172,持分移轉,03700000
RPUOMLMKJIPFFBA08DB,市府段二小段,.34,都市：商,10000,172,持分移轉,03710000
RPUOMLMKJIPFFBA08DB,市府段二小段,2.17,都市：商,10000,172,持分移轉,03720000
RPPPMLMKJIPFFBA67DB,市府段二小段,.35,都市：商,10000,217,持分移轉,03670000
RPPPMLMKJIPFFBA67DB,市府段二小段,2.25,都市：商,10000,217,持分移轉,03680000
RPPPMLMKJIPFFBA67DB,市府段二小段,2.41,都市：商,10000,217,持分移轉,03690000
RPPPMLMKJIPFFBA67DB,市府段二小段,.37,都市：商,10000,217,持分移轉,03700000
RPPPMLMKJIPFFBA67DB,市府段二小段,.43,都市：商,10000,217,持分移轉,03710000
RPPPMLMKJIPFFBA67DB,市府段二小段,2.73,都市：商,10000,217,持分移轉,03720000
RPRPMLMKJIPFFBA87DB,市府段二小段,.35,都市：商,10000,217,持分移轉,03670000
RPRPMLMKJIPFFBA87DB,市府段二小段,2.25,都市：商,10000,217,持分移轉,03680000
RPRPMLMKJIPFFBA87DB,市府段二小段,2.41,都市：商,10000,217,持分移轉,03690000
RPRPMLMKJIPFFBA87DB,市府段二小段,.37,都市：商,10000,217,持分移轉,03700000
RPRPMLMKJIPFFBA87DB,市府段二小段,.43,都市：商,10000,217,持分移轉,03710000
RPRPMLMKJIPFFBA87DB,市府段二小段,2.73,都市：商,10000,217,持分移轉,03720000
RPSPMLMKJIPFFBA97DB,市府段二小段,.35,都市：商,10000,217,持分移轉,03670000
RPSPMLMKJIPFFBA97DB,市府段二小段,2.25,都市：商,10000,217,持分移轉,03680000
RPSPMLMKJIPFFBA97DB,市府段二小段,2.41,都市：商,10000,217,持分移轉,03690000
RPSPMLMKJIPFFBA97DB,市府段二小段,.37,都市：商,10000,217,持分移轉,03700000
RPSPMLMKJIPFFBA97DB,市府段二小段,.43,都市：商,10000,217,持分移轉,03710000
RPSPMLMKJIPFFBA97DB,市府段二小段,2.73,都市：商,10000,217,持分移轉,03720000
RPTPMLMKJIPFFBA08DB,市府段二小段,.35,都市：商,10000,217,持分移轉,03670000
RPTPMLMKJIPFFBA08DB,市府段二小段,2.25,都市：商,10000,217,持分移轉,03680000
RPTPMLMKJIPFFBA08DB,市府段二小段,2.41,都市：商,10000,217,持分移轉,03690000
RPTPMLMKJIPFFBA08DB,市府段二小段,.37,都市：商,10000,217,持分移轉,03700000
RPTPMLMKJIPFFBA08DB,市府段二小段,.43,都市：商,10000,217,持分移轉,03710000
RPTPMLMKJIPFFBA08DB,市府段二小段,2.73,都市：商,10000,217,持分移轉,03720000
RPTSMLMKJIPFFBA28CB,龍山段一小段,6.15,都市：商,10000,142,持分移轉,06980000
RPUPMLMKJIPFFBA18DB,市府段二小段,.35,都市：商,10000,217,持分移轉,03670000
RPUPMLMKJIPFFBA18DB,市府段二小段,2.25,都市：商,10000,217,持分移轉,03680000
RPUPMLMKJIPFFBA18DB,市府段二小段,2.41,都市：商,10000,217,持分移轉,03690000
RPUPMLMKJIPFFBA18DB,市府段二小段,.37,都市：商,10000,217,持分移轉,03700000
RPUPMLMKJIPFFBA18DB,市府段二小段,.43,都市：商,10000,217,持分移轉,03710000
RPUPMLMKJIPFFBA18DB,市府段二小段,2.73,都市：商,10000,217,持分移轉,03720000
RPRSMLMKJIPFFBA08CB,龍山段一小段,6.15,都市：商,10000,142,持分移轉,06980000
RPOTMLMKJIPFFBA87CB,龍山段一小段,8.36,都市：商,10000,193,持分移轉,06980000
RPUSMLMKJIPFFBA38CB,龍山段一小段,6.15,都市：商,10000,142,持分移轉,06980000
RPVSMLMKJIPFFBA48CB,龍山段一小段,6.15,都市：商,10000,142,持分移轉,06980000
RPWSMLMKJIPFFBA58CB,龍山段一小段,6.15,都市：商,10000,142,持分移轉,06980000
RPOUMLMKJIPFFBA97CB,龍山段一小段,9.96,都市：商,10000,230,持分移轉,06980000
RPPUMLMKJIPFFBA08CB,龍山段一小段,9.96,都市：商,10000,230,持分移轉,06980000
RPRVMLMKJIPFFBA38CB,龍山段一小段,8.75,都市：商,10000,202,持分移轉,06980000
RPXTMLMKJIPFFBA78CB,龍山段一小段,9.96,都市：商,10000,230,持分移轉,06980000
RPRUMLMKJIPFFBA28CB,龍山段一小段,9.96,都市：商,10000,230,持分移轉,06980000
RPSUMLMKJIPFFBA38CB,龍山段一小段,9.96,都市：商,10000,230,持分移轉,06980000
RPUVMLMKJIPFFBA68CB,龍山段一小段,8.79,都市：商,10000,203,持分移轉,06980000
RPSVMLMKJIPFFBA48CB,龍山段一小段,8.75,都市：商,10000,202,持分移轉,06980000
RPTVMLMKJIPFFBA58CB,龍山段一小段,8.75,都市：商,10000,202,持分移轉,06980000
RPWVMLMKJIPFFBA88CB,龍山段一小段,8.79,都市：商,10000,203,持分移轉,06980000
RPVVMLMKJIPFFBA78CB,龍山段一小段,8.75,都市：商,10000,202,持分移轉,06980000
RPXVMLMKJIPFFBA98CB,龍山段一小段,8.79,都市：商,10000,203,持分移轉,06980000
RPOWMLMKJIPFFBA18CB,龍山段一小段,8.75,都市：商,10000,202,持分移轉,06980000
RPQWMLMKJIPFFBA38CB,龍山段一小段,10.00,都市：商,10000,231,持分移轉,06980000
RPPWMLMKJIPFFBA28CB,龍山段一小段,10.00,都市：商,10000,231,持分移轉,06980000
RPRWMLMKJIPFFBA48CB,龍山段一小段,10.00,都市：商,10000,231,持分移轉,06980000
RPSWMLMKJIPFFBA58CB,龍山段一小段,10.00,都市：商,10000,231,持分移轉,06980000
RPUWMLMKJIPFFBA78CB,龍山段一小段,8.40,都市：商,10000,194,持分移轉,06980000
RPWWMLMKJIPFFBA98CB,龍山段一小段,8.40,都市：商,10000,194,持分移轉,06980000
RPTWMLMKJIPFFBA68CB,龍山段一小段,8.40,都市：商,10000,194,持分移轉,06980000
RPXWMLMKJIPFFBA09CB,龍山段一小段,8.40,都市：商,10000,194,持分移轉,06980000
RPVWMLMKJIPFFBA88CB,龍山段一小段,8.40,都市：商,10000,194,持分移轉,06980000
RPONNLMKJIPFFBA37CB,龍山段一小段,8.40,都市：商,10000,194,持分移轉,06980000
RPUOMLNKJIPFFBA08CB,龍山段一小段,6.15,都市：商,10000,142,持分移轉,06980000
RPVNMLPLJIPFFAA28CB,福和段一小段,3.93,都市：商,10000,126,持分移轉,01580000
RPVNMLPLJIPFFAA28CB,福和段一小段,1.25,都市：商,10000,126,持分移轉,01570000
RPVNMLPLJIPFFAA28CB,福和段一小段,1.08,都市：商,10000,126,持分移轉,01590000
RPVNMLPLJIPFFAA28CB,福和段一小段,1.27,都市：商,10000,126,持分移轉,01560000
RPVNMLPLJIPFFAA28CB,福和段一小段,1.56,都市：商,10000,126,持分移轉,01580001
RPVNMLPLJIPFFAA28CB,福和段一小段,.67,都市：商,10000,126,持分移轉,01560006
RPVNMLPLJIPFFAA28CB,福和段一小段,2.42,都市：商,10000,126,持分移轉,01530006
RPVNMLPLJIPFFAA28CB,福和段一小段,.10,都市：商,10000,126,持分移轉,01550000
RPVNMLPLJIPFFAA28CB,福和段一小段,1.89,都市：商,10000,126,持分移轉,01530000
RPVNMLPLJIPFFAA28CB,福和段一小段,1.69,都市：商,10000,126,持分移轉,01530005
RPVNMLPLJIPFFAA28CB,福和段一小段,1.37,都市：商,10000,126,持分移轉,00150000
RPVNMLPLJIPFFAA28CB,福和段一小段,.06,都市：商,10000,126,持分移轉,00160002
RPVNMLPLJIPFFAA28CB,福和段一小段,.52,都市：商,10000,126,持分移轉,00130001
RPVNMLPLJIPFFAA28CB,福和段一小段,1.93,都市：商,10000,126,持分移轉,00140000
RPVNMLPLJIPFFAA28CB,福和段一小段,.94,都市：商,10000,126,持分移轉,00100001
RPVNMLPLJIPFFAA28CB,福和段一小段,.02,都市：商,10000,126,持分移轉,00100008
RPVNMLPLJIPFFAA28CB,福和段一小段,.01,都市：商,10000,126,持分移轉,00100009
RPVNMLPLJIPFFAA28CB,福和段一小段,1.03,都市：商,10000,126,持分移轉,01600000
RPVNMLPLJIPFFAA28CB,福和段一小段,1.05,都市：商,10000,126,持分移轉,01610000
RPVNMLPLJIPFFAA28CB,福和段一小段,1.08,都市：商,10000,126,持分移轉,01620000
RPVNMLPLJIPFFAA28CB,福和段一小段,.38,都市：商,10000,126,持分移轉,01630000
RPVNMLPLJIPFFAA28CB,福和段一小段,5.34,都市：商,10000,126,持分移轉,01640000
RPVNMLPLJIPFFAA28CB,福和段一小段,.05,都市：商,10000,126,持分移轉,01640001
RPVNMLPLJIPFFAA28CB,福和段一小段,.34,都市：商,10000,126,持分移轉,01640002
RPVNMLPLJIPFFAA28CB,福和段一小段,.39,都市：商,10000,126,持分移轉,01640003
RPVNMLPLJIPFFAA28CB,福和段一小段,.18,都市：商,10000,126,持分移轉,01640004
RPWNMLPLJIPFFAA38CB,福和段一小段,3.93,都市：商,10000,126,持分移轉,01580000
RPWNMLPLJIPFFAA38CB,福和段一小段,1.25,都市：商,10000,126,持分移轉,01570000
RPWNMLPLJIPFFAA38CB,福和段一小段,1.08,都市：商,10000,126,持分移轉,01590000
RPWNMLPLJIPFFAA38CB,福和段一小段,1.27,都市：商,10000,126,持分移轉,01560000
RPWNMLPLJIPFFAA38CB,福和段一小段,1.56,都市：商,10000,126,持分移轉,01580001
RPWNMLPLJIPFFAA38CB,福和段一小段,.67,都市：商,10000,126,持分移轉,01560006
RPWNMLPLJIPFFAA38CB,福和段一小段,2.42,都市：商,10000,126,持分移轉,01530006
RPWNMLPLJIPFFAA38CB,福和段一小段,.10,都市：商,10000,126,持分移轉,01550000
RPWNMLPLJIPFFAA38CB,福和段一小段,1.89,都市：商,10000,126,持分移轉,01530000
RPWNMLPLJIPFFAA38CB,福和段一小段,1.69,都市：商,10000,126,持分移轉,01530005
RPWNMLPLJIPFFAA38CB,福和段一小段,1.37,都市：商,10000,126,持分移轉,00150000
RPWNMLPLJIPFFAA38CB,福和段一小段,.06,都市：商,10000,126,持分移轉,00160002
RPWNMLPLJIPFFAA38CB,福和段一小段,.52,都市：商,10000,126,持分移轉,00130001
RPWNMLPLJIPFFAA38CB,福和段一小段,1.93,都市：商,10000,126,持分移轉,00140000
RPWNMLPLJIPFFAA38CB,福和段一小段,.94,都市：商,10000,126,持分移轉,00100001
RPWNMLPLJIPFFAA38CB,福和段一小段,.02,都市：商,10000,126,持分移轉,00100008
RPWNMLPLJIPFFAA38CB,福和段一小段,.01,都市：商,10000,126,持分移轉,00100009
RPWNMLPLJIPFFAA38CB,福和段一小段,1.03,都市：商,10000,126,持分移轉,01600000
RPWNMLPLJIPFFAA38CB,福和段一小段,1.05,都市：商,10000,126,持分移轉,01610000
RPWNMLPLJIPFFAA38CB,福和段一小段,1.08,都市：商,10000,126,持分移轉,01620000
RPWNMLPLJIPFFAA38CB,福和段一小段,.38,都市：商,10000,126,持分移轉,01630000
RPWNMLPLJIPFFAA38CB,福和段一小段,5.34,都市：商,10000,126,持分移轉,01640000
RPWNMLPLJIPFFAA38CB,福和段一小段,.05,都市：商,10000,126,持分移轉,01640001
RPWNMLPLJIPFFAA38CB,福和段一小段,.34,都市：商,10000,126,持分移轉,01640002
RPWNMLPLJIPFFAA38CB,福和段一小段,.39,都市：商,10000,126,持分移轉,01640003
RPWNMLPLJIPFFAA38CB,福和段一小段,.18,都市：商,10000,126,持分移轉,01640004
RPXNMLPLJIPFFAA48CB,福和段一小段,3.96,都市：商,10000,127,持分移轉,01580000
RPXNMLPLJIPFFAA48CB,福和段一小段,1.26,都市：商,10000,127,持分移轉,01570000
RPXNMLPLJIPFFAA48CB,福和段一小段,1.09,都市：商,10000,127,持分移轉,01590000
RPXNMLPLJIPFFAA48CB,福和段一小段,1.28,都市：商,10000,127,持分移轉,01560000
RPXNMLPLJIPFFAA48CB,福和段一小段,1.57,都市：商,10000,127,持分移轉,01580001
RPXNMLPLJIPFFAA48CB,福和段一小段,.67,都市：商,10000,127,持分移轉,01560006
RPXNMLPLJIPFFAA48CB,福和段一小段,2.44,都市：商,10000,127,持分移轉,01530006
RPXNMLPLJIPFFAA48CB,福和段一小段,.10,都市：商,10000,127,持分移轉,01550000
RPXNMLPLJIPFFAA48CB,福和段一小段,1.90,都市：商,10000,127,持分移轉,01530000
RPXNMLPLJIPFFAA48CB,福和段一小段,1.70,都市：商,10000,127,持分移轉,01530005
RPXNMLPLJIPFFAA48CB,福和段一小段,1.38,都市：商,10000,127,持分移轉,00150000
RPXNMLPLJIPFFAA48CB,福和段一小段,.06,都市：商,10000,127,持分移轉,00160002
RPXNMLPLJIPFFAA48CB,福和段一小段,.52,都市：商,10000,127,持分移轉,00130001
RPXNMLPLJIPFFAA48CB,福和段一小段,1.94,都市：商,10000,127,持分移轉,00140000
RPXNMLPLJIPFFAA48CB,福和段一小段,.95,都市：商,10000,127,持分移轉,00100001
RPXNMLPLJIPFFAA48CB,福和段一小段,.02,都市：商,10000,127,持分移轉,00100008
RPXNMLPLJIPFFAA48CB,福和段一小段,.01,都市：商,10000,127,持分移轉,00100009
RPXNMLPLJIPFFAA48CB,福和段一小段,1.04,都市：商,10000,127,持分移轉,01600000
RPXNMLPLJIPFFAA48CB,福和段一小段,1.05,都市：商,10000,127,持分移轉,01610000
RPXNMLPLJIPFFAA48CB,福和段一小段,1.09,都市：商,10000,127,持分移轉,01620000
RPXNMLPLJIPFFAA48CB,福和段一小段,.38,都市：商,10000,127,持分移轉,01630000
RPXNMLPLJIPFFAA48CB,福和段一小段,5.38,都市：商,10000,127,持分移轉,01640000
RPXNMLPLJIPFFAA48CB,福和段一小段,.05,都市：商,10000,127,持分移轉,01640001
RPXNMLPLJIPFFAA48CB,福和段一小段,.34,都市：商,10000,127,持分移轉,01640002
RPXNMLPLJIPFFAA48CB,福和段一小段,.39,都市：商,10000,127,持分移轉,01640003
RPXNMLPLJIPFFAA48CB,福和段一小段,.18,都市：商,10000,127,持分移轉,01640004
RPOOMLPLJIPFFAA67CB,福和段一小段,3.90,都市：商,10000,125,持分移轉,01580000
RPOOMLPLJIPFFAA67CB,福和段一小段,1.24,都市：商,10000,125,持分移轉,01570000
RPOOMLPLJIPFFAA67CB,福和段一小段,1.08,都市：商,10000,125,持分移轉,01590000
RPOOMLPLJIPFFAA67CB,福和段一小段,1.26,都市：商,10000,125,持分移轉,01560000
RPOOMLPLJIPFFAA67CB,福和段一小段,1.55,都市：商,10000,125,持分移轉,01580001
RPOOMLPLJIPFFAA67CB,福和段一小段,.66,都市：商,10000,125,持分移轉,01560006
RPOOMLPLJIPFFAA67CB,福和段一小段,2.40,都市：商,10000,125,持分移轉,01530006
RPOOMLPLJIPFFAA67CB,福和段一小段,.10,都市：商,10000,125,持分移轉,01550000
RPOOMLPLJIPFFAA67CB,福和段一小段,1.88,都市：商,10000,125,持分移轉,01530000
RPOOMLPLJIPFFAA67CB,福和段一小段,1.68,都市：商,10000,125,持分移轉,01530005
RPOOMLPLJIPFFAA67CB,福和段一小段,1.36,都市：商,10000,125,持分移轉,00150000
RPOOMLPLJIPFFAA67CB,福和段一小段,.06,都市：商,10000,125,持分移轉,00160002
RPOOMLPLJIPFFAA67CB,福和段一小段,.51,都市：商,10000,125,持分移轉,00130001
RPOOMLPLJIPFFAA67CB,福和段一小段,1.91,都市：商,10000,125,持分移轉,00140000
RPOOMLPLJIPFFAA67CB,福和段一小段,.94,都市：商,10000,125,持分移轉,00100001
RPOOMLPLJIPFFAA67CB,福和段一小段,.02,都市：商,10000,125,持分移轉,00100008
RPOOMLPLJIPFFAA67CB,福和段一小段,.01,都市：商,10000,125,持分移轉,00100009
RPOOMLPLJIPFFAA67CB,福和段一小段,1.03,都市：商,10000,125,持分移轉,01600000
RPOOMLPLJIPFFAA67CB,福和段一小段,1.04,都市：商,10000,125,持分移轉,01610000
RPOOMLPLJIPFFAA67CB,福和段一小段,1.08,都市：商,10000,125,持分移轉,01620000
RPOOMLPLJIPFFAA67CB,福和段一小段,.38,都市：商,10000,125,持分移轉,01630000
RPOOMLPLJIPFFAA67CB,福和段一小段,5.30,都市：商,10000,125,持分移轉,01640000
RPOOMLPLJIPFFAA67CB,福和段一小段,.05,都市：商,10000,125,持分移轉,01640001
RPOOMLPLJIPFFAA67CB,福和段一小段,.34,都市：商,10000,125,持分移轉,01640002
RPOOMLPLJIPFFAA67CB,福和段一小段,.39,都市：商,10000,125,持分移轉,01640003
RPOOMLPLJIPFFAA67CB,福和段一小段,.18,都市：商,10000,125,持分移轉,01640004
RPPOMLPLJIPFFAA77CB,福和段一小段,3.90,都市：商,10000,125,持分移轉,01580000
RPPOMLPLJIPFFAA77CB,福和段一小段,1.24,都市：商,10000,125,持分移轉,01570000
RPPOMLPLJIPFFAA77CB,福和段一小段,1.08,都市：商,10000,125,持分移轉,01590000
RPPOMLPLJIPFFAA77CB,福和段一小段,1.26,都市：商,10000,125,持分移轉,01560000
RPPOMLPLJIPFFAA77CB,福和段一小段,1.55,都市：商,10000,125,持分移轉,01580001
RPPOMLPLJIPFFAA77CB,福和段一小段,.66,都市：商,10000,125,持分移轉,01560006
RPPOMLPLJIPFFAA77CB,福和段一小段,2.40,都市：商,10000,125,持分移轉,01530006
RPPOMLPLJIPFFAA77CB,福和段一小段,.10,都市：商,10000,125,持分移轉,01550000
RPPOMLPLJIPFFAA77CB,福和段一小段,1.88,都市：商,10000,125,持分移轉,01530000
RPPOMLPLJIPFFAA77CB,福和段一小段,1.68,都市：商,10000,125,持分移轉,01530005
RPPOMLPLJIPFFAA77CB,福和段一小段,1.36,都市：商,10000,125,持分移轉,00150000
RPPOMLPLJIPFFAA77CB,福和段一小段,.06,都市：商,10000,125,持分移轉,00160002
RPPOMLPLJIPFFAA77CB,福和段一小段,.51,都市：商,10000,125,持分移轉,00130001
RPPOMLPLJIPFFAA77CB,福和段一小段,1.91,都市：商,10000,125,持分移轉,00140000
RPPOMLPLJIPFFAA77CB,福和段一小段,.94,都市：商,10000,125,持分移轉,00100001
RPPOMLPLJIPFFAA77CB,福和段一小段,.02,都市：商,10000,125,持分移轉,00100008
RPPOMLPLJIPFFAA77CB,福和段一小段,.01,都市：商,10000,125,持分移轉,00100009
RPPOMLPLJIPFFAA77CB,福和段一小段,1.03,都市：商,10000,125,持分移轉,01600000
RPPOMLPLJIPFFAA77CB,福和段一小段,1.04,都市：商,10000,125,持分移轉,01610000
RPPOMLPLJIPFFAA77CB,福和段一小段,1.08,都市：商,10000,125,持分移轉,01620000
RPPOMLPLJIPFFAA77CB,福和段一小段,.38,都市：商,10000,125,持分移轉,01630000
RPPOMLPLJIPFFAA77CB,福和段一小段,5.30,都市：商,10000,125,持分移轉,01640000
RPPOMLPLJIPFFAA77CB,福和段一小段,.05,都市：商,10000,125,持分移轉,01640001
RPPOMLPLJIPFFAA77CB,福和段一小段,.34,都市：商,10000,125,持分移轉,01640002
RPPOMLPLJIPFFAA77CB,福和段一小段,.39,都市：商,10000,125,持分移轉,01640003
RPPOMLPLJIPFFAA77CB,福和段一小段,.18,都市：商,10000,125,持分移轉,01640004
RPQOMLPLJIPFFAA87CB,福和段一小段,3.96,都市：商,10000,127,持分移轉,01580000
RPQOMLPLJIPFFAA87CB,福和段一小段,1.26,都市：商,10000,127,持分移轉,01570000
RPQOMLPLJIPFFAA87CB,福和段一小段,1.09,都市：商,10000,127,持分移轉,01590000
RPQOMLPLJIPFFAA87CB,福和段一小段,1.28,都市：商,10000,127,持分移轉,01560000
RPQOMLPLJIPFFAA87CB,福和段一小段,1.57,都市：商,10000,127,持分移轉,01580001
RPQOMLPLJIPFFAA87CB,福和段一小段,.67,都市：商,10000,127,持分移轉,01560006
RPQOMLPLJIPFFAA87CB,福和段一小段,2.44,都市：商,10000,127,持分移轉,01530006
RPQOMLPLJIPFFAA87CB,福和段一小段,.10,都市：商,10000,127,持分移轉,01550000
RPQOMLPLJIPFFAA87CB,福和段一小段,1.90,都市：商,10000,127,持分移轉,01530000
RPQOMLPLJIPFFAA87CB,福和段一小段,1.70,都市：商,10000,127,持分移轉,01530005
RPQOMLPLJIPFFAA87CB,福和段一小段,1.38,都市：商,10000,127,持分移轉,00150000
RPQOMLPLJIPFFAA87CB,福和段一小段,.06,都市：商,10000,127,持分移轉,00160002
RPQOMLPLJIPFFAA87CB,福和段一小段,.52,都市：商,10000,127,持分移轉,00130001
RPQOMLPLJIPFFAA87CB,福和段一小段,1.94,都市：商,10000,127,持分移轉,00140000
RPQOMLPLJIPFFAA87CB,福和段一小段,.95,都市：商,10000,127,持分移轉,00100001
RPQOMLPLJIPFFAA87CB,福和段一小段,.02,都市：商,10000,127,持分移轉,00100008
RPQOMLPLJIPFFAA87CB,福和段一小段,.01,都市：商,10000,127,持分移轉,00100009
RPQOMLPLJIPFFAA87CB,福和段一小段,1.04,都市：商,10000,127,持分移轉,01600000
RPQOMLPLJIPFFAA87CB,福和段一小段,1.05,都市：商,10000,127,持分移轉,01610000
RPQOMLPLJIPFFAA87CB,福和段一小段,1.09,都市：商,10000,127,持分移轉,01620000
RPQOMLPLJIPFFAA87CB,福和段一小段,.38,都市：商,10000,127,持分移轉,01630000
RPQOMLPLJIPFFAA87CB,福和段一小段,5.38,都市：商,10000,127,持分移轉,01640000
RPQOMLPLJIPFFAA87CB,福和段一小段,.05,都市：商,10000,127,持分移轉,01640001
RPQOMLPLJIPFFAA87CB,福和段一小段,.34,都市：商,10000,127,持分移轉,01640002
RPQOMLPLJIPFFAA87CB,福和段一小段,.39,都市：商,10000,127,持分移轉,01640003
RPQOMLPLJIPFFAA87CB,福和段一小段,.18,都市：商,10000,127,持分移轉,01640004
RPROMLPLJIPFFAA97CB,福和段一小段,3.96,都市：商,10000,127,持分移轉,01580000
RPROMLPLJIPFFAA97CB,福和段一小段,1.26,都市：商,10000,127,持分移轉,01570000
RPROMLPLJIPFFAA97CB,福和段一小段,1.09,都市：商,10000,127,持分移轉,01590000
RPROMLPLJIPFFAA97CB,福和段一小段,1.28,都市：商,10000,127,持分移轉,01560000
RPROMLPLJIPFFAA97CB,福和段一小段,1.57,都市：商,10000,127,持分移轉,01580001
RPROMLPLJIPFFAA97CB,福和段一小段,.67,都市：商,10000,127,持分移轉,01560006
RPROMLPLJIPFFAA97CB,福和段一小段,2.44,都市：商,10000,127,持分移轉,01530006
RPROMLPLJIPFFAA97CB,福和段一小段,.10,都市：商,10000,127,持分移轉,01550000
RPROMLPLJIPFFAA97CB,福和段一小段,1.90,都市：商,10000,127,持分移轉,01530000
RPROMLPLJIPFFAA97CB,福和段一小段,1.70,都市：商,10000,127,持分移轉,01530005
RPROMLPLJIPFFAA97CB,福和段一小段,1.38,都市：商,10000,127,持分移轉,00150000
RPROMLPLJIPFFAA97CB,福和段一小段,.06,都市：商,10000,127,持分移轉,00160002
RPROMLPLJIPFFAA97CB,福和段一小段,.52,都市：商,10000,127,持分移轉,00130001
RPROMLPLJIPFFAA97CB,福和段一小段,1.94,都市：商,10000,127,持分移轉,00140000
RPROMLPLJIPFFAA97CB,福和段一小段,.95,都市：商,10000,127,持分移轉,00100001
RPROMLPLJIPFFAA97CB,福和段一小段,.02,都市：商,10000,127,持分移轉,00100008
RPROMLPLJIPFFAA97CB,福和段一小段,.01,都市：商,10000,127,持分移轉,00100009
RPROMLPLJIPFFAA97CB,福和段一小段,1.04,都市：商,10000,127,持分移轉,01600000
RPROMLPLJIPFFAA97CB,福和段一小段,1.05,都市：商,10000,127,持分移轉,01610000
RPROMLPLJIPFFAA97CB,福和段一小段,1.09,都市：商,10000,127,持分移轉,01620000
RPROMLPLJIPFFAA97CB,福和段一小段,.38,都市：商,10000,127,持分移轉,01630000
RPROMLPLJIPFFAA97CB,福和段一小段,5.38,都市：商,10000,127,持分移轉,01640000
RPROMLPLJIPFFAA97CB,福和段一小段,.05,都市：商,10000,127,持分移轉,01640001
RPROMLPLJIPFFAA97CB,福和段一小段,.34,都市：商,10000,127,持分移轉,01640002
RPROMLPLJIPFFAA97CB,福和段一小段,.39,都市：商,10000,127,持分移轉,01640003
RPROMLPLJIPFFAA97CB,福和段一小段,.18,都市：商,10000,127,持分移轉,01640004
RPUNMLKMJIPFFCA97CB,德惠段二小段,.16,都市：其他:市場用地,10000,82,持分移轉,08130001
RPUNMLKMJIPFFCA97CB,德惠段二小段,.43,都市：其他:市場用地,10000,82,持分移轉,08140000
RPUNMLKMJIPFFCA97CB,德惠段二小段,.03,都市：其他:市場用地,10000,82,持分移轉,08140001
RPUNMLKMJIPFFCA97CB,德惠段二小段,1.62,都市：其他:市場用地,10000,82,持分移轉,08140003
RPUNMLKMJIPFFCA97CB,德惠段二小段,.57,都市：其他:市場用地,10000,82,持分移轉,08150000
RPROMLKMJIPFFCA77CB,德惠段二小段,.19,都市：其他:市場用地,10000,100,持分移轉,08130001
RPUNMLKMJIPFFCA97CB,德惠段二小段,7.00,都市：其他:市場用地,10000,82,持分移轉,08160000
RPROMLKMJIPFFCA77CB,德惠段二小段,.53,都市：其他:市場用地,10000,100,持分移轉,08140000
RPROMLKMJIPFFCA77CB,德惠段二小段,.04,都市：其他:市場用地,10000,100,持分移轉,08140001
RPROMLKMJIPFFCA77CB,德惠段二小段,1.97,都市：其他:市場用地,10000,100,持分移轉,08140003
RPROMLKMJIPFFCA77CB,德惠段二小段,.70,都市：其他:市場用地,10000,100,持分移轉,08150000
RPROMLKMJIPFFCA77CB,德惠段二小段,8.54,都市：其他:市場用地,10000,100,持分移轉,08160000
RPPOMLKMJIPFFCA57CB,德惠段二小段,.22,都市：其他:市場用地,10000,115,持分移轉,08130001
RPPOMLKMJIPFFCA57CB,德惠段二小段,.60,都市：其他:市場用地,10000,115,持分移轉,08140000
RPPOMLKMJIPFFCA57CB,德惠段二小段,.05,都市：其他:市場用地,10000,115,持分移轉,08140001
RPPOMLKMJIPFFCA57CB,德惠段二小段,2.27,都市：其他:市場用地,10000,115,持分移轉,08140003
RPPOMLKMJIPFFCA57CB,德惠段二小段,.80,都市：其他:市場用地,10000,115,持分移轉,08150000
RPPOMLKMJIPFFCA57CB,德惠段二小段,9.82,都市：其他:市場用地,10000,115,持分移轉,08160000
RPSOMLKMJIPFFCA87CB,德惠段二小段,.19,都市：其他:市場用地,10000,100,持分移轉,08130001
RPSOMLKMJIPFFCA87CB,德惠段二小段,.53,都市：其他:市場用地,10000,100,持分移轉,08140000
RPSOMLKMJIPFFCA87CB,德惠段二小段,.04,都市：其他:市場用地,10000,100,持分移轉,08140001
RPSOMLKMJIPFFCA87CB,德惠段二小段,1.97,都市：其他:市場用地,10000,100,持分移轉,08140003
RPSOMLKMJIPFFCA87CB,德惠段二小段,.70,都市：其他:市場用地,10000,100,持分移轉,08150000
RPSOMLKMJIPFFCA87CB,德惠段二小段,8.54,都市：其他:市場用地,10000,100,持分移轉,08160000
RPXOMLKMJIPFFCA38CB,德惠段二小段,.19,都市：其他:市場用地,10000,102,持分移轉,08130001
RPXOMLKMJIPFFCA38CB,德惠段二小段,.54,都市：其他:市場用地,10000,102,持分移轉,08140000
RPXOMLKMJIPFFCA38CB,德惠段二小段,.04,都市：其他:市場用地,10000,102,持分移轉,08140001
RPXOMLKMJIPFFCA38CB,德惠段二小段,2.01,都市：其他:市場用地,10000,102,持分移轉,08140003
RPXOMLKMJIPFFCA38CB,德惠段二小段,.71,都市：其他:市場用地,10000,102,持分移轉,08150000
RPXOMLKMJIPFFCA38CB,德惠段二小段,8.71,都市：其他:市場用地,10000,102,持分移轉,08160000
RPUOMLKMJIPFFCA08CB,德惠段二小段,.19,都市：其他:市場用地,10000,100,持分移轉,08130001
RPUOMLKMJIPFFCA08CB,德惠段二小段,.53,都市：其他:市場用地,10000,100,持分移轉,08140000
RPUOMLKMJIPFFCA08CB,德惠段二小段,.04,都市：其他:市場用地,10000,100,持分移轉,08140001
RPUOMLKMJIPFFCA08CB,德惠段二小段,1.97,都市：其他:市場用地,10000,100,持分移轉,08140003
RPUOMLKMJIPFFCA08CB,德惠段二小段,.70,都市：其他:市場用地,10000,100,持分移轉,08150000
RPUOMLKMJIPFFCA08CB,德惠段二小段,8.54,都市：其他:市場用地,10000,100,持分移轉,08160000
RPOPMLKMJIPFFCA57CB,德惠段二小段,.18,都市：其他:市場用地,10000,97,持分移轉,08130001
RPOPMLKMJIPFFCA57CB,德惠段二小段,.51,都市：其他:市場用地,10000,97,持分移轉,08140000
RPOPMLKMJIPFFCA57CB,德惠段二小段,.04,都市：其他:市場用地,10000,97,持分移轉,08140001
RPOPMLKMJIPFFCA57CB,德惠段二小段,1.91,都市：其他:市場用地,10000,97,持分移轉,08140003
RPOPMLKMJIPFFCA57CB,德惠段二小段,.68,都市：其他:市場用地,10000,97,持分移轉,08150000
RPOPMLKMJIPFFCA57CB,德惠段二小段,8.28,都市：其他:市場用地,10000,97,持分移轉,08160000
RPTPMLKMJIPFFCA08CB,德惠段二小段,.21,都市：其他:市場用地,10000,112,持分移轉,08130001
RPTPMLKMJIPFFCA08CB,德惠段二小段,.59,都市：其他:市場用地,10000,112,持分移轉,08140000
RPTPMLKMJIPFFCA08CB,德惠段二小段,.04,都市：其他:市場用地,10000,112,持分移轉,08140001
RPTPMLKMJIPFFCA08CB,德惠段二小段,2.21,都市：其他:市場用地,10000,112,持分移轉,08140003
RPTPMLKMJIPFFCA08CB,德惠段二小段,.78,都市：其他:市場用地,10000,112,持分移轉,08150000
RPTPMLKMJIPFFCA08CB,德惠段二小段,9.56,都市：其他:市場用地,10000,112,持分移轉,08160000
RPPPMLKMJIPFFCA67CB,德惠段二小段,.21,都市：其他:市場用地,10000,111,持分移轉,08130001
RPPPMLKMJIPFFCA67CB,德惠段二小段,.58,都市：其他:市場用地,10000,111,持分移轉,08140000
RPPPMLKMJIPFFCA67CB,德惠段二小段,.04,都市：其他:市場用地,10000,111,持分移轉,08140001
RPPPMLKMJIPFFCA67CB,德惠段二小段,2.19,都市：其他:市場用地,10000,111,持分移轉,08140003
RPPPMLKMJIPFFCA67CB,德惠段二小段,.78,都市：其他:市場用地,10000,111,持分移轉,08150000
RPPPMLKMJIPFFCA67CB,德惠段二小段,9.48,都市：其他:市場用地,10000,111,持分移轉,08160000
RPSPMLKMJIPFFCA97CB,德惠段二小段,.18,都市：其他:市場用地,10000,97,持分移轉,08130001
RPSPMLKMJIPFFCA97CB,德惠段二小段,.51,都市：其他:市場用地,10000,97,持分移轉,08140000
RPSPMLKMJIPFFCA97CB,德惠段二小段,.04,都市：其他:市場用地,10000,97,持分移轉,08140001
RPSPMLKMJIPFFCA97CB,德惠段二小段,1.91,都市：其他:市場用地,10000,97,持分移轉,08140003
RPSPMLKMJIPFFCA97CB,德惠段二小段,.68,都市：其他:市場用地,10000,97,持分移轉,08150000
RPSPMLKMJIPFFCA97CB,德惠段二小段,8.28,都市：其他:市場用地,10000,97,持分移轉,08160000
RPRPMLKMJIPFFCA87CB,德惠段二小段,.18,都市：其他:市場用地,10000,97,持分移轉,08130001
RPRPMLKMJIPFFCA87CB,德惠段二小段,.51,都市：其他:市場用地,10000,97,持分移轉,08140000
RPVPMLKMJIPFFCA28CB,德惠段二小段,.15,都市：其他:市場用地,10000,80,持分移轉,08130001
RPRPMLKMJIPFFCA87CB,德惠段二小段,.04,都市：其他:市場用地,10000,97,持分移轉,08140001
RPVPMLKMJIPFFCA28CB,德惠段二小段,.42,都市：其他:市場用地,10000,80,持分移轉,08140000
RPVPMLKMJIPFFCA28CB,德惠段二小段,.03,都市：其他:市場用地,10000,80,持分移轉,08140001
RPRPMLKMJIPFFCA87CB,德惠段二小段,1.91,都市：其他:市場用地,10000,97,持分移轉,08140003
RPVPMLKMJIPFFCA28CB,德惠段二小段,1.58,都市：其他:市場用地,10000,80,持分移轉,08140003
RPVPMLKMJIPFFCA28CB,德惠段二小段,.56,都市：其他:市場用地,10000,80,持分移轉,08150000
RPRPMLKMJIPFFCA87CB,德惠段二小段,.68,都市：其他:市場用地,10000,97,持分移轉,08150000
RPVPMLKMJIPFFCA28CB,德惠段二小段,6.83,都市：其他:市場用地,10000,80,持分移轉,08160000
RPRPMLKMJIPFFCA87CB,德惠段二小段,8.28,都市：其他:市場用地,10000,97,持分移轉,08160000
RPUPMLKMJIPFFCA18CB,德惠段二小段,.18,都市：其他:市場用地,10000,97,持分移轉,08130001
RPUPMLKMJIPFFCA18CB,德惠段二小段,.51,都市：其他:市場用地,10000,97,持分移轉,08140000
RPUPMLKMJIPFFCA18CB,德惠段二小段,.04,都市：其他:市場用地,10000,97,持分移轉,08140001
RPUPMLKMJIPFFCA18CB,德惠段二小段,1.91,都市：其他:市場用地,10000,97,持分移轉,08140003
RPUPMLKMJIPFFCA18CB,德惠段二小段,.68,都市：其他:市場用地,10000,97,持分移轉,08150000
RPUPMLKMJIPFFCA18CB,德惠段二小段,8.28,都市：其他:市場用地,10000,97,持分移轉,08160000
RPWPMLKMJIPFFCA38CB,德惠段二小段,.12,都市：其他:市場用地,10000,65,持分移轉,08130001
RPWPMLKMJIPFFCA38CB,德惠段二小段,.34,都市：其他:市場用地,10000,65,持分移轉,08140000
RPWPMLKMJIPFFCA38CB,德惠段二小段,.03,都市：其他:市場用地,10000,65,持分移轉,08140001
RPWPMLKMJIPFFCA38CB,德惠段二小段,1.28,都市：其他:市場用地,10000,65,持分移轉,08140003
RPWPMLKMJIPFFCA38CB,德惠段二小段,.46,都市：其他:市場用地,10000,65,持分移轉,08150000
RPWPMLKMJIPFFCA38CB,德惠段二小段,5.55,都市：其他:市場用地,10000,65,持分移轉,08160000
RPTOMLMKJIPFFBA97DB,市府段二小段,.27,都市：商,10000,172,持分移轉,03670000
RPTOMLMKJIPFFBA97DB,市府段二小段,1.79,都市：商,10000,172,持分移轉,03680000
RPTOMLMKJIPFFBA97DB,市府段二小段,1.91,都市：商,10000,172,持分移轉,03690000
RPTOMLMKJIPFFBA97DB,市府段二小段,.29,都市：商,10000,172,持分移轉,03700000
RPTOMLMKJIPFFBA97DB,市府段二小段,.34,都市：商,10000,172,持分移轉,03710000
RPTOMLMKJIPFFBA97DB,市府段二小段,2.17,都市：商,10000,172,持分移轉,03720000
RPTTMLMKJIPFFBA38CB,龍山段一小段,8.36,都市：商,10000,193,持分移轉,06980000
RPXPMLKMJIPFFCA48CB,德惠段二小段,.12,都市：其他:市場用地,10000,65,持分移轉,08130001
RPXPMLKMJIPFFCA48CB,德惠段二小段,.34,都市：其他:市場用地,10000,65,持分移轉,08140000
RPXPMLKMJIPFFCA48CB,德惠段二小段,.03,都市：其他:市場用地,10000,65,持分移轉,08140001
RPXPMLKMJIPFFCA48CB,德惠段二小段,1.28,都市：其他:市場用地,10000,65,持分移轉,08140003
RPXPMLKMJIPFFCA48CB,德惠段二小段,.46,都市：其他:市場用地,10000,65,持分移轉,08150000
RPXPMLKMJIPFFCA48CB,德惠段二小段,5.55,都市：其他:市場用地,10000,65,持分移轉,08160000
RPPQMLKMJIPFFCA77CB,德惠段二小段,.15,都市：其他:市場用地,10000,80,持分移轉,08130001
RPPQMLKMJIPFFCA77CB,德惠段二小段,.42,都市：其他:市場用地,10000,80,持分移轉,08140000
RPPQMLKMJIPFFCA77CB,德惠段二小段,.03,都市：其他:市場用地,10000,80,持分移轉,08140001
RPPQMLKMJIPFFCA77CB,德惠段二小段,1.58,都市：其他:市場用地,10000,80,持分移轉,08140003
RPPQMLKMJIPFFCA77CB,德惠段二小段,.56,都市：其他:市場用地,10000,80,持分移轉,08150000
RPPQMLKMJIPFFCA77CB,德惠段二小段,6.83,都市：其他:市場用地,10000,80,持分移轉,08160000
RPRQMLKMJIPFFCA97CB,德惠段二小段,.12,都市：其他:市場用地,10000,64,持分移轉,08130001
RPRQMLKMJIPFFCA97CB,德惠段二小段,.34,都市：其他:市場用地,10000,64,持分移轉,08140000
RPRQMLKMJIPFFCA97CB,德惠段二小段,.03,都市：其他:市場用地,10000,64,持分移轉,08140001
RPRQMLKMJIPFFCA97CB,德惠段二小段,1.26,都市：其他:市場用地,10000,64,持分移轉,08140003
RPRQMLKMJIPFFCA97CB,德惠段二小段,.45,都市：其他:市場用地,10000,64,持分移轉,08150000
RPRQMLKMJIPFFCA97CB,德惠段二小段,5.47,都市：其他:市場用地,10000,64,持分移轉,08160000
RPSQMLKMJIPFFCA08CB,德惠段二小段,.12,都市：其他:市場用地,10000,64,持分移轉,08130001
RPSQMLKMJIPFFCA08CB,德惠段二小段,.34,都市：其他:市場用地,10000,64,持分移轉,08140000
RPSQMLKMJIPFFCA08CB,德惠段二小段,.03,都市：其他:市場用地,10000,64,持分移轉,08140001
RPSQMLKMJIPFFCA08CB,德惠段二小段,1.26,都市：其他:市場用地,10000,64,持分移轉,08140003
RPSQMLKMJIPFFCA08CB,德惠段二小段,.45,都市：其他:市場用地,10000,64,持分移轉,08150000
RPSQMLKMJIPFFCA08CB,德惠段二小段,5.47,都市：其他:市場用地,10000,64,持分移轉,08160000
RPOQMLKMJIPFFCA67CB,德惠段二小段,.12,都市：其他:市場用地,10000,65,持分移轉,08130001
RPOQMLKMJIPFFCA67CB,德惠段二小段,.34,都市：其他:市場用地,10000,65,持分移轉,08140000
RPOQMLKMJIPFFCA67CB,德惠段二小段,.03,都市：其他:市場用地,10000,65,持分移轉,08140001
RPOQMLKMJIPFFCA67CB,德惠段二小段,1.28,都市：其他:市場用地,10000,65,持分移轉,08140003
RPOQMLKMJIPFFCA67CB,德惠段二小段,.46,都市：其他:市場用地,10000,65,持分移轉,08150000
RPOQMLKMJIPFFCA67CB,德惠段二小段,5.55,都市：其他:市場用地,10000,65,持分移轉,08160000
RPTQMLKMJIPFFCA18CB,德惠段二小段,.13,都市：其他:市場用地,10000,67,持分移轉,08130001
RPTQMLKMJIPFFCA18CB,德惠段二小段,.35,都市：其他:市場用地,10000,67,持分移轉,08140000
RPTQMLKMJIPFFCA18CB,德惠段二小段,.03,都市：其他:市場用地,10000,67,持分移轉,08140001
RPTQMLKMJIPFFCA18CB,德惠段二小段,1.32,都市：其他:市場用地,10000,67,持分移轉,08140003
RPTQMLKMJIPFFCA18CB,德惠段二小段,.47,都市：其他:市場用地,10000,67,持分移轉,08150000
RPTQMLKMJIPFFCA18CB,德惠段二小段,5.72,都市：其他:市場用地,10000,67,持分移轉,08160000
RPVQMLKMJIPFFCA38CB,德惠段二小段,.22,都市：其他:市場用地,10000,115,持分移轉,08130001
RPVQMLKMJIPFFCA38CB,德惠段二小段,.60,都市：其他:市場用地,10000,115,持分移轉,08140000
RPUQMLKMJIPFFCA28CB,德惠段二小段,.22,都市：其他:市場用地,10000,115,持分移轉,08130001
RPVQMLKMJIPFFCA38CB,德惠段二小段,.05,都市：其他:市場用地,10000,115,持分移轉,08140001
RPUQMLKMJIPFFCA28CB,德惠段二小段,.60,都市：其他:市場用地,10000,115,持分移轉,08140000
RPVQMLKMJIPFFCA38CB,德惠段二小段,2.27,都市：其他:市場用地,10000,115,持分移轉,08140003
RPUQMLKMJIPFFCA28CB,德惠段二小段,.05,都市：其他:市場用地,10000,115,持分移轉,08140001
RPVQMLKMJIPFFCA38CB,德惠段二小段,.80,都市：其他:市場用地,10000,115,持分移轉,08150000
RPUQMLKMJIPFFCA28CB,德惠段二小段,2.27,都市：其他:市場用地,10000,115,持分移轉,08140003
RPVQMLKMJIPFFCA38CB,德惠段二小段,9.82,都市：其他:市場用地,10000,115,持分移轉,08160000
RPUQMLKMJIPFFCA28CB,德惠段二小段,.80,都市：其他:市場用地,10000,115,持分移轉,08150000
RPUQMLKMJIPFFCA28CB,德惠段二小段,9.82,都市：其他:市場用地,10000,115,持分移轉,08160000
RPXQMLKMJIPFFCA58CB,德惠段二小段,.22,都市：其他:市場用地,10000,115,持分移轉,08130001
RPXQMLKMJIPFFCA58CB,德惠段二小段,.60,都市：其他:市場用地,10000,115,持分移轉,08140000
RPXQMLKMJIPFFCA58CB,德惠段二小段,.05,都市：其他:市場用地,10000,115,持分移轉,08140001
RPXQMLKMJIPFFCA58CB,德惠段二小段,2.27,都市：其他:市場用地,10000,115,持分移轉,08140003
RPXQMLKMJIPFFCA58CB,德惠段二小段,.80,都市：其他:市場用地,10000,115,持分移轉,08150000
RPXQMLKMJIPFFCA58CB,德惠段二小段,9.82,都市：其他:市場用地,10000,115,持分移轉,08160000
RPORMLKMJIPFFCA77CB,德惠段二小段,.22,都市：其他:市場用地,10000,114,持分移轉,08130001
RPORMLKMJIPFFCA77CB,德惠段二小段,.60,都市：其他:市場用地,10000,114,持分移轉,08140000
RPORMLKMJIPFFCA77CB,德惠段二小段,.05,都市：其他:市場用地,10000,114,持分移轉,08140001
RPORMLKMJIPFFCA77CB,德惠段二小段,2.25,都市：其他:市場用地,10000,114,持分移轉,08140003
RPORMLKMJIPFFCA77CB,德惠段二小段,.80,都市：其他:市場用地,10000,114,持分移轉,08150000
RPORMLKMJIPFFCA77CB,德惠段二小段,9.74,都市：其他:市場用地,10000,114,持分移轉,08160000
RPQRMLKMJIPFFCA97CB,德惠段二小段,.22,都市：其他:市場用地,10000,115,持分移轉,08130001
RPQRMLKMJIPFFCA97CB,德惠段二小段,.60,都市：其他:市場用地,10000,115,持分移轉,08140000
RPQRMLKMJIPFFCA97CB,德惠段二小段,.05,都市：其他:市場用地,10000,115,持分移轉,08140001
RPQRMLKMJIPFFCA97CB,德惠段二小段,2.27,都市：其他:市場用地,10000,115,持分移轉,08140003
RPQRMLKMJIPFFCA97CB,德惠段二小段,.80,都市：其他:市場用地,10000,115,持分移轉,08150000
RPQRMLKMJIPFFCA97CB,德惠段二小段,9.82,都市：其他:市場用地,10000,115,持分移轉,08160000
RPPRMLKMJIPFFCA87CB,德惠段二小段,.22,都市：其他:市場用地,10000,114,持分移轉,08130001
RPPRMLKMJIPFFCA87CB,德惠段二小段,.60,都市：其他:市場用地,10000,114,持分移轉,08140000
RPPRMLKMJIPFFCA87CB,德惠段二小段,.05,都市：其他:市場用地,10000,114,持分移轉,08140001
RPPRMLKMJIPFFCA87CB,德惠段二小段,2.25,都市：其他:市場用地,10000,114,持分移轉,08140003
RPPRMLKMJIPFFCA87CB,德惠段二小段,.80,都市：其他:市場用地,10000,114,持分移轉,08150000
RPPRMLKMJIPFFCA87CB,德惠段二小段,9.74,都市：其他:市場用地,10000,114,持分移轉,08160000
RPURMLKMJIPFFCA38CB,德惠段二小段,.22,都市：其他:市場用地,10000,114,持分移轉,08130001
RPURMLKMJIPFFCA38CB,德惠段二小段,.60,都市：其他:市場用地,10000,114,持分移轉,08140000
RPURMLKMJIPFFCA38CB,德惠段二小段,.05,都市：其他:市場用地,10000,114,持分移轉,08140001
RPURMLKMJIPFFCA38CB,德惠段二小段,2.25,都市：其他:市場用地,10000,114,持分移轉,08140003
RPURMLKMJIPFFCA38CB,德惠段二小段,.80,都市：其他:市場用地,10000,114,持分移轉,08150000
RPURMLKMJIPFFCA38CB,德惠段二小段,9.74,都市：其他:市場用地,10000,114,持分移轉,08160000
RPVRMLKMJIPFFCA48CB,德惠段二小段,.19,都市：其他:市場用地,10000,100,持分移轉,08130001
RPVRMLKMJIPFFCA48CB,德惠段二小段,.53,都市：其他:市場用地,10000,100,持分移轉,08140000
RPVRMLKMJIPFFCA48CB,德惠段二小段,.04,都市：其他:市場用地,10000,100,持分移轉,08140001
RPVRMLKMJIPFFCA48CB,德惠段二小段,1.97,都市：其他:市場用地,10000,100,持分移轉,08140003
RPVRMLKMJIPFFCA48CB,德惠段二小段,.70,都市：其他:市場用地,10000,100,持分移轉,08150000
RPVRMLKMJIPFFCA48CB,德惠段二小段,8.54,都市：其他:市場用地,10000,100,持分移轉,08160000
RPTRMLKMJIPFFCA28CB,德惠段二小段,.19,都市：其他:市場用地,10000,100,持分移轉,08130001
RPTRMLKMJIPFFCA28CB,德惠段二小段,.53,都市：其他:市場用地,10000,100,持分移轉,08140000
RPTRMLKMJIPFFCA28CB,德惠段二小段,.04,都市：其他:市場用地,10000,100,持分移轉,08140001
RPTRMLKMJIPFFCA28CB,德惠段二小段,1.97,都市：其他:市場用地,10000,100,持分移轉,08140003
RPTRMLKMJIPFFCA28CB,德惠段二小段,.70,都市：其他:市場用地,10000,100,持分移轉,08150000
RPTRMLKMJIPFFCA28CB,德惠段二小段,8.54,都市：其他:市場用地,10000,100,持分移轉,08160000
RPWRMLKMJIPFFCA58CB,德惠段二小段,.19,都市：其他:市場用地,10000,100,持分移轉,08130001
RPWRMLKMJIPFFCA58CB,德惠段二小段,.53,都市：其他:市場用地,10000,100,持分移轉,08140000
RPWRMLKMJIPFFCA58CB,德惠段二小段,.04,都市：其他:市場用地,10000,100,持分移轉,08140001
RPWRMLKMJIPFFCA58CB,德惠段二小段,1.97,都市：其他:市場用地,10000,100,持分移轉,08140003
RPWRMLKMJIPFFCA58CB,德惠段二小段,.70,都市：其他:市場用地,10000,100,持分移轉,08150000
RPWRMLKMJIPFFCA58CB,德惠段二小段,8.54,都市：其他:市場用地,10000,100,持分移轉,08160000
RPQSMLKMJIPFFCA08CB,德惠段二小段,.22,都市：其他:市場用地,10000,114,持分移轉,08130001
RPQSMLKMJIPFFCA08CB,德惠段二小段,.60,都市：其他:市場用地,10000,114,持分移轉,08140000
RPQSMLKMJIPFFCA08CB,德惠段二小段,.05,都市：其他:市場用地,10000,114,持分移轉,08140001
RPQSMLKMJIPFFCA08CB,德惠段二小段,2.25,都市：其他:市場用地,10000,114,持分移轉,08140003
RPQSMLKMJIPFFCA08CB,德惠段二小段,.80,都市：其他:市場用地,10000,114,持分移轉,08150000
RPQSMLKMJIPFFCA08CB,德惠段二小段,9.74,都市：其他:市場用地,10000,114,持分移轉,08160000
RPRSMLKMJIPFFCA18CB,德惠段二小段,.11,都市：其他:市場用地,10000,60,持分移轉,08130001
RPRSMLKMJIPFFCA18CB,德惠段二小段,.32,都市：其他:市場用地,10000,60,持分移轉,08140000
RPRSMLKMJIPFFCA18CB,德惠段二小段,.02,都市：其他:市場用地,10000,60,持分移轉,08140001
RPRSMLKMJIPFFCA18CB,德惠段二小段,1.18,都市：其他:市場用地,10000,60,持分移轉,08140003
RPRSMLKMJIPFFCA18CB,德惠段二小段,.42,都市：其他:市場用地,10000,60,持分移轉,08150000
RPRSMLKMJIPFFCA18CB,德惠段二小段,5.12,都市：其他:市場用地,10000,60,持分移轉,08160000
RPSSMLKMJIPFFCA28CB,德惠段二小段,.11,都市：其他:市場用地,10000,60,持分移轉,08130001
RPSSMLKMJIPFFCA28CB,德惠段二小段,.32,都市：其他:市場用地,10000,60,持分移轉,08140000
RPSSMLKMJIPFFCA28CB,德惠段二小段,.02,都市：其他:市場用地,10000,60,持分移轉,08140001
RPSSMLKMJIPFFCA28CB,德惠段二小段,1.18,都市：其他:市場用地,10000,60,持分移轉,08140003
RPSSMLKMJIPFFCA28CB,德惠段二小段,.42,都市：其他:市場用地,10000,60,持分移轉,08150000
RPSSMLKMJIPFFCA28CB,德惠段二小段,5.12,都市：其他:市場用地,10000,60,持分移轉,08160000
RPUSMLKMJIPFFCA48CB,德惠段二小段,.23,都市：其他:市場用地,10000,120,持分移轉,08130001
RPUSMLKMJIPFFCA48CB,德惠段二小段,.63,都市：其他:市場用地,10000,120,持分移轉,08140000
RPUSMLKMJIPFFCA48CB,德惠段二小段,.05,都市：其他:市場用地,10000,120,持分移轉,08140001
RPUSMLKMJIPFFCA48CB,德惠段二小段,2.36,都市：其他:市場用地,10000,120,持分移轉,08140003
RPUSMLKMJIPFFCA48CB,德惠段二小段,.84,都市：其他:市場用地,10000,120,持分移轉,08150000
RPUSMLKMJIPFFCA48CB,德惠段二小段,10.25,都市：其他:市場用地,10000,120,持分移轉,08160000
RPVSMLKMJIPFFCA58CB,德惠段二小段,.23,都市：其他:市場用地,10000,120,持分移轉,08130001
RPVSMLKMJIPFFCA58CB,德惠段二小段,.63,都市：其他:市場用地,10000,120,持分移轉,08140000
RPVSMLKMJIPFFCA58CB,德惠段二小段,.05,都市：其他:市場用地,10000,120,持分移轉,08140001
RPVSMLKMJIPFFCA58CB,德惠段二小段,2.36,都市：其他:市場用地,10000,120,持分移轉,08140003
RPVSMLKMJIPFFCA58CB,德惠段二小段,.84,都市：其他:市場用地,10000,120,持分移轉,08150000
RPVSMLKMJIPFFCA58CB,德惠段二小段,10.25,都市：其他:市場用地,10000,120,持分移轉,08160000
RPPTMLKMJIPFFCA08CB,德惠段二小段,.23,都市：其他:市場用地,10000,120,持分移轉,08130001
RPPTMLKMJIPFFCA08CB,德惠段二小段,.63,都市：其他:市場用地,10000,120,持分移轉,08140000
RPPTMLKMJIPFFCA08CB,德惠段二小段,.05,都市：其他:市場用地,10000,120,持分移轉,08140001
RPPTMLKMJIPFFCA08CB,德惠段二小段,2.36,都市：其他:市場用地,10000,120,持分移轉,08140003
RPPTMLKMJIPFFCA08CB,德惠段二小段,.84,都市：其他:市場用地,10000,120,持分移轉,08150000
RPPTMLKMJIPFFCA08CB,德惠段二小段,10.25,都市：其他:市場用地,10000,120,持分移轉,08160000
RPQTMLKMJIPFFCA18CB,德惠段二小段,.22,都市：其他:市場用地,10000,115,持分移轉,08130001
RPQTMLKMJIPFFCA18CB,德惠段二小段,.60,都市：其他:市場用地,10000,115,持分移轉,08140000
RPQTMLKMJIPFFCA18CB,德惠段二小段,.05,都市：其他:市場用地,10000,115,持分移轉,08140001
RPQTMLKMJIPFFCA18CB,德惠段二小段,2.27,都市：其他:市場用地,10000,115,持分移轉,08140003
RPQTMLKMJIPFFCA18CB,德惠段二小段,.80,都市：其他:市場用地,10000,115,持分移轉,08150000
RPQTMLKMJIPFFCA18CB,德惠段二小段,9.82,都市：其他:市場用地,10000,115,持分移轉,08160000
RPSUMLKMJIPFFCA48CB,德惠段二小段,.21,都市：其他:市場用地,10000,112,持分移轉,08130001
RPSUMLKMJIPFFCA48CB,德惠段二小段,.59,都市：其他:市場用地,10000,112,持分移轉,08140000
RPSUMLKMJIPFFCA48CB,德惠段二小段,.04,都市：其他:市場用地,10000,112,持分移轉,08140001
RPSUMLKMJIPFFCA48CB,德惠段二小段,2.21,都市：其他:市場用地,10000,112,持分移轉,08140003
RPSUMLKMJIPFFCA48CB,德惠段二小段,.78,都市：其他:市場用地,10000,112,持分移轉,08150000
RPSUMLKMJIPFFCA48CB,德惠段二小段,9.56,都市：其他:市場用地,10000,112,持分移轉,08160000
RPTUMLKMJIPFFCA58CB,德惠段二小段,.21,都市：其他:市場用地,10000,111,持分移轉,08130001
RPTUMLKMJIPFFCA58CB,德惠段二小段,.58,都市：其他:市場用地,10000,111,持分移轉,08140000
RPTUMLKMJIPFFCA58CB,德惠段二小段,.04,都市：其他:市場用地,10000,111,持分移轉,08140001
RPTUMLKMJIPFFCA58CB,德惠段二小段,2.19,都市：其他:市場用地,10000,111,持分移轉,08140003
RPTUMLKMJIPFFCA58CB,德惠段二小段,.78,都市：其他:市場用地,10000,111,持分移轉,08150000
RPTUMLKMJIPFFCA58CB,德惠段二小段,9.48,都市：其他:市場用地,10000,111,持分移轉,08160000
RPOPMLNJKIPFFBA57CB,成功段三小段,9.23,都市：住,10000,194,持分移轉,00820000
RPQPMLNJKIPFFBA77CB,成功段三小段,11.14,都市：住,10000,234,持分移轉,00820000
RPRPMLNJKIPFFBA87CB,成功段三小段,10.42,都市：住,10000,219,持分移轉,00820000
RPRQMLNJKIPFFBA97CB,成功段三小段,9.23,都市：住,10000,194,持分移轉,00820000
RPVPMLNJKIPFFBA28CB,成功段三小段,9.00,都市：住,10000,189,持分移轉,00820000
RPWPMLNJKIPFFBA38CB,成功段三小段,10.66,都市：住,10000,224,持分移轉,00820000
RPTOMLOJKIPFFEA38CB,三合段,38.74,都市：住,100000,1381,持分移轉,00690000
RPUOMLOJKIPFFEA48CB,三合段,38.41,都市：住,100000,1369,持分移轉,00690000
RPSQMLNJKIPFFBA08CB,成功段三小段,9.23,都市：住,10000,194,持分移轉,00820000
RPOOMLRJKIPFFEA18CB,三合段,44.99,都市：住,100000,1787,持分移轉,00320000
RPQOMLRJKIPFFFA48CB,懷生段一小段,1.65,都市：商,100000,1229,持分移轉,01340000
RPQOMLRJKIPFFFA48CB,懷生段一小段,1.49,都市：商,100000,1229,持分移轉,01370000
RPTOMLRJKIPFFFA78CB,懷生段一小段,1.85,都市：商,100000,1380,持分移轉,01340000
RPTOMLRJKIPFFFA78CB,懷生段一小段,1.67,都市：商,100000,1380,持分移轉,01370000
RPPOMLRJKIPFFFA38CB,懷生段一小段,2.13,都市：商,100000,1593,持分移轉,01340000
RPPOMLRJKIPFFFA38CB,懷生段一小段,1.93,都市：商,100000,1593,持分移轉,01370000
RPROMLRJKIPFFFA58CB,懷生段一小段,2.14,都市：商,100000,1595,持分移轉,01340000
RPROMLRJKIPFFFA58CB,懷生段一小段,1.93,都市：商,100000,1595,持分移轉,01370000
RPSOMLRJKIPFFFA68CB,懷生段一小段,2.13,都市：商,100000,1593,持分移轉,01340000
RPSOMLRJKIPFFFA68CB,懷生段一小段,1.93,都市：商,100000,1593,持分移轉,01370000
RPUOMLRJKIPFFFA88CB,懷生段一小段,2.31,都市：商,100000,1725,持分移轉,01340000
RPVOMLRJKIPFFFA98CB,懷生段一小段,1.66,都市：商,100000,1240,持分移轉,01340000
RPUOMLRJKIPFFFA88CB,懷生段一小段,2.09,都市：商,100000,1725,持分移轉,01370000
RPVOMLRJKIPFFFA98CB,懷生段一小段,1.50,都市：商,100000,1240,持分移轉,01370000
RPWOMLRJKIPFFFA09CB,懷生段一小段,2.14,都市：商,100000,1595,持分移轉,01340000
RPWOMLRJKIPFFFA09CB,懷生段一小段,1.93,都市：商,100000,1595,持分移轉,01370000
RPXOMLRJKIPFFFA56CB,懷生段一小段,2.31,都市：商,100000,1725,持分移轉,01340000
RPXOMLRJKIPFFFA56CB,懷生段一小段,2.09,都市：商,100000,1725,持分移轉,01370000
RPPPMLRJKIPFFFA48CB,懷生段一小段,1.65,都市：商,100000,1229,持分移轉,01340000
RPPPMLRJKIPFFFA48CB,懷生段一小段,1.49,都市：商,100000,1229,持分移轉,01370000
RPOPMLRJKIPFFFA38CB,懷生段一小段,1.66,都市：商,100000,1240,持分移轉,01340000
RPOPMLRJKIPFFFA38CB,懷生段一小段,1.50,都市：商,100000,1240,持分移轉,01370000
RPQPMLRJKIPFFFA58CB,懷生段一小段,2.13,都市：商,100000,1593,持分移轉,01340000
RPQPMLRJKIPFFFA58CB,懷生段一小段,1.93,都市：商,100000,1593,持分移轉,01370000
RPRPMLRJKIPFFFA68CB,懷生段一小段,1.85,都市：商,100000,1380,持分移轉,01340000
RPRPMLRJKIPFFFA68CB,懷生段一小段,1.67,都市：商,100000,1380,持分移轉,01370000
RPUPMLRJKIPFFFA98CB,懷生段一小段,1.65,都市：商,100000,1229,持分移轉,01340000
RPVPMLRJKIPFFFA09CB,懷生段一小段,1.74,都市：商,100000,1296,持分移轉,01340000
RPVPMLRJKIPFFFA09CB,懷生段一小段,1.57,都市：商,100000,1296,持分移轉,01370000
RPUPMLRJKIPFFFA98CB,懷生段一小段,1.49,都市：商,100000,1229,持分移轉,01370000
RPXPMLRJKIPFFFA66CB,懷生段一小段,1.66,都市：商,100000,1240,持分移轉,01340000
RPXPMLRJKIPFFFA66CB,懷生段一小段,1.50,都市：商,100000,1240,持分移轉,01370000
RPWPMLRJKIPFFFA56CB,懷生段一小段,2.31,都市：商,100000,1725,持分移轉,01340000
RPWPMLRJKIPFFFA56CB,懷生段一小段,2.09,都市：商,100000,1725,持分移轉,01370000
RPOQMLRJKIPFFFA48CB,懷生段一小段,1.65,都市：商,100000,1229,持分移轉,01340000
RPOQMLRJKIPFFFA48CB,懷生段一小段,1.49,都市：商,100000,1229,持分移轉,01370000
RPPQMLRJKIPFFFA58CB,懷生段一小段,2.13,都市：商,100000,1593,持分移轉,01340000
RPPQMLRJKIPFFFA58CB,懷生段一小段,1.93,都市：商,100000,1593,持分移轉,01370000
RPSQMLRJKIPFFFA88CB,懷生段一小段,2.31,都市：商,100000,1724,持分移轉,01340000
RPSQMLRJKIPFFFA88CB,懷生段一小段,2.09,都市：商,100000,1724,持分移轉,01370000
RPRQMLRJKIPFFFA78CB,懷生段一小段,1.85,都市：商,100000,1380,持分移轉,01340000
RPRQMLRJKIPFFFA78CB,懷生段一小段,1.67,都市：商,100000,1380,持分移轉,01370000
RPUQMLRJKIPFFFA09CB,懷生段一小段,1.66,都市：商,100000,1240,持分移轉,01340000
RPUQMLRJKIPFFFA09CB,懷生段一小段,1.50,都市：商,100000,1240,持分移轉,01340000
RPVQMLRJKIPFFFA56CB,懷生段一小段,1.65,都市：商,100000,1229,持分移轉,01340000
RPVQMLRJKIPFFFA56CB,懷生段一小段,1.49,都市：商,100000,1229,持分移轉,01370000
RPXQMLRJKIPFFFA76CB,懷生段一小段,2.13,都市：商,100000,1593,持分移轉,01340000
RPXQMLRJKIPFFFA76CB,懷生段一小段,1.93,都市：商,100000,1593,持分移轉,01370000
RPQRMLRJKIPFFFA78CB,懷生段一小段,1.85,都市：商,100000,1380,持分移轉,01340000
RPQRMLRJKIPFFFA78CB,懷生段一小段,1.67,都市：商,100000,1380,持分移轉,01370000
RPTRMLRJKIPFFFA09CB,懷生段一小段,1.65,都市：商,100000,1229,持分移轉,01340000
RPTRMLRJKIPFFFA09CB,懷生段一小段,1.49,都市：商,100000,1229,持分移轉,01370000
RPRRMLRJKIPFFFA88CB,懷生段一小段,1.66,都市：商,100000,1240,持分移轉,01340000
RPRRMLRJKIPFFFA88CB,懷生段一小段,1.50,都市：商,100000,1240,持分移轉,01370000
RPVRMLRJKIPFFFA66CB,懷生段一小段,1.74,都市：商,100000,1296,持分移轉,01340000
RPVRMLRJKIPFFFA66CB,懷生段一小段,1.57,都市：商,100000,1296,持分移轉,01370000
RPURMLRJKIPFFFA56CB,懷生段一小段,2.14,都市：商,100000,1595,持分移轉,01340000
RPURMLRJKIPFFFA56CB,懷生段一小段,1.93,都市：商,100000,1595,持分移轉,01370000
RPWRMLRJKIPFFFA76CB,懷生段一小段,1.66,都市：商,100000,1240,持分移轉,01340000
RPWRMLRJKIPFFFA76CB,懷生段一小段,1.50,都市：商,100000,1240,持分移轉,01370000
RPRRMLKMJIPFFCA08CB,德惠段二小段,.22,都市：其他:市場用地,10000,115,持分移轉,08130001
RPRRMLKMJIPFFCA08CB,德惠段二小段,.60,都市：其他:市場用地,10000,115,持分移轉,08140000
RPRRMLKMJIPFFCA08CB,德惠段二小段,.05,都市：其他:市場用地,10000,115,持分移轉,08140001
RPRRMLKMJIPFFCA08CB,德惠段二小段,2.27,都市：其他:市場用地,10000,115,持分移轉,08140003
RPRRMLKMJIPFFCA08CB,德惠段二小段,.80,都市：其他:市場用地,10000,115,持分移轉,08150000
RPRRMLKMJIPFFCA08CB,德惠段二小段,9.82,都市：其他:市場用地,10000,115,持分移轉,08160000
RPOSMLKMJIPFFCA87CB,德惠段二小段,.22,都市：其他:市場用地,10000,115,持分移轉,08130001
RPOSMLKMJIPFFCA87CB,德惠段二小段,.60,都市：其他:市場用地,10000,115,持分移轉,08140000
RPOSMLKMJIPFFCA87CB,德惠段二小段,.05,都市：其他:市場用地,10000,115,持分移轉,08140001
RPXRMLRJKIPFFFA86CB,懷生段一小段,1.65,都市：商,100000,1229,持分移轉,01340000
RPOSMLKMJIPFFCA87CB,德惠段二小段,2.27,都市：其他:市場用地,10000,115,持分移轉,08140003
RPXRMLRJKIPFFFA86CB,懷生段一小段,1.49,都市：商,100000,1229,持分移轉,01370000
RPOSMLKMJIPFFCA87CB,德惠段二小段,.80,都市：其他:市場用地,10000,115,持分移轉,08150000
RPOSMLKMJIPFFCA87CB,德惠段二小段,9.82,都市：其他:市場用地,10000,115,持分移轉,08160000
RPPSMLRJKIPFFFA78CB,懷生段一小段,1.66,都市：商,100000,1240,持分移轉,01340000
RPPSMLRJKIPFFFA78CB,懷生段一小段,1.50,都市：商,100000,1240,持分移轉,01370000
RPQSMLRJKIPFFFA88CB,懷生段一小段,1.65,都市：商,100000,1229,持分移轉,01340000
RPQSMLRJKIPFFFA88CB,懷生段一小段,1.49,都市：商,100000,1229,持分移轉,01370000
RPRSMLRJKIPFFFA98CB,懷生段一小段,1.85,都市：商,100000,1380,持分移轉,01340000
RPRSMLRJKIPFFFA98CB,懷生段一小段,1.67,都市：商,100000,1380,持分移轉,01370000
RPUSMLRJKIPFFFA66CB,懷生段一小段,1.66,都市：商,100000,1240,持分移轉,01340000
RPUSMLRJKIPFFFA66CB,懷生段一小段,1.50,都市：商,100000,1240,持分移轉,01370000
RPTSMLRJKIPFFFA56CB,懷生段一小段,1.74,都市：商,100000,1296,持分移轉,01340000
RPTSMLRJKIPFFFA56CB,懷生段一小段,1.57,都市：商,100000,1296,持分移轉,01370000
RPPNMLSJKIPFFFA38CB,懷生段一小段,1.66,都市：商,100000,1240,持分移轉,01340000
RPPNMLSJKIPFFFA38CB,懷生段一小段,1.50,都市：商,100000,1240,持分移轉,01370000
RPSSMLRJKIPFFFA09CB,懷生段一小段,2.31,都市：商,100000,1724,持分移轉,01340000
RPSSMLRJKIPFFFA09CB,懷生段一小段,2.09,都市：商,100000,1724,持分移轉,01370000
RPVSMLRJKIPFFFA76CB,懷生段一小段,2.31,都市：商,100000,1724,持分移轉,01340000
RPVSMLRJKIPFFFA76CB,懷生段一小段,2.09,都市：商,100000,1724,持分移轉,01370000
RPPRMLRJKIPFFCA58EB,中山段四小段,12.76,都市：住,100000,4492,持分移轉,04970000
RPSNMLSJKIPFFFA68CB,懷生段一小段,1.65,都市：商,100000,1229,持分移轉,01340000
RPSNMLSJKIPFFFA68CB,懷生段一小段,1.49,都市：商,100000,1229,持分移轉,01370000
RPQNMLSJKIPFFFA48CB,懷生段一小段,1.65,都市：商,100000,1229,持分移轉,01340000
RPQNMLSJKIPFFFA48CB,懷生段一小段,1.49,都市：商,100000,1229,持分移轉,01370000
RPRNMLSJKIPFFFA58CB,懷生段一小段,1.66,都市：商,100000,1240,持分移轉,01340000
RPRNMLSJKIPFFFA58CB,懷生段一小段,1.50,都市：商,100000,1240,持分移轉,01370000
RPTNMLSJKIPFFFA78CB,懷生段一小段,2.14,都市：商,100000,1595,持分移轉,01340000
RPTNMLSJKIPFFFA78CB,懷生段一小段,1.93,都市：商,100000,1595,持分移轉,01370000
RPUNMLSJKIPFFFA88CB,懷生段一小段,1.74,都市：商,100000,1296,持分移轉,01340000
RPUNMLSJKIPFFFA88CB,懷生段一小段,1.57,都市：商,100000,1296,持分移轉,01370000
RPVNMLSJKIPFFFA98CB,懷生段一小段,2.47,都市：商,100000,1725,持分移轉,01340000
RPVNMLSJKIPFFFA98CB,懷生段一小段,2.09,都市：商,100000,1725,持分移轉,01370000
RPXNMLSJKIPFFFA56CB,懷生段一小段,1.66,都市：商,100000,1240,持分移轉,01340000
RPXNMLSJKIPFFFA56CB,懷生段一小段,1.50,都市：商,100000,1240,持分移轉,01370000
RPQOMLSJKIPFFFA58CB,懷生段一小段,1.85,都市：商,100000,1380,持分移轉,01340000
RPQOMLSJKIPFFFA58CB,懷生段一小段,1.67,都市：商,100000,1380,持分移轉,01370000
RPOOMLSJKIPFFFA38CB,懷生段一小段,1.65,都市：商,100000,1229,持分移轉,01340000
RPOOMLSJKIPFFFA38CB,懷生段一小段,1.49,都市：商,100000,1229,持分移轉,01370000
RPROMLSJKIPFFFA68CB,懷生段一小段,2.31,都市：商,100000,1724,持分移轉,01340000
RPROMLSJKIPFFFA68CB,懷生段一小段,2.09,都市：商,100000,1724,持分移轉,01370000
RPSOMLSJKIPFFFA78CB,懷生段一小段,1.66,都市：商,100000,1240,持分移轉,01340000
RPSOMLSJKIPFFFA78CB,懷生段一小段,1.50,都市：商,100000,1240,持分移轉,01370000
RPTOMLSJKIPFFFA88CB,懷生段一小段,1.65,都市：商,100000,1229,持分移轉,01340000
RPTOMLSJKIPFFFA88CB,懷生段一小段,1.49,都市：商,100000,1229,持分移轉,01370000
RPUOMLSJKIPFFFA98CB,懷生段一小段,2.13,都市：商,100000,1593,持分移轉,01340000
RPUOMLSJKIPFFFA98CB,懷生段一小段,1.93,都市：商,100000,1593,持分移轉,01370000
RPWOMLSJKIPFFFA56CB,懷生段一小段,2.31,都市：商,100000,1724,持分移轉,01340000
RPWOMLSJKIPFFFA56CB,懷生段一小段,2.09,都市：商,100000,1724,持分移轉,01370000
RPOPMLSJKIPFFFA48CB,懷生段一小段,1.65,都市：商,100000,1229,持分移轉,01340000
RPOPMLSJKIPFFFA48CB,懷生段一小段,1.49,都市：商,100000,1229,持分移轉,01370000
RPXOMLSJKIPFFFA66CB,懷生段一小段,1.66,都市：商,100000,1240,持分移轉,01340000
RPXOMLSJKIPFFFA66CB,懷生段一小段,1.50,都市：商,100000,1240,持分移轉,01370000
RPVOMLSJKIPFFFA09CB,懷生段一小段,1.85,都市：商,100000,1380,持分移轉,01340000
RPVOMLSJKIPFFFA09CB,懷生段一小段,1.67,都市：商,100000,1380,持分移轉,01370000
