﻿編號,土地位置,土地移轉面積(平方公尺),使用分區或編定,權利人持分分母,權利人持分分子,移轉情形,地號
The serial number, land position,land shifting area square meter,the use zoning or compiles and checks,,,,land parcel
RPROMLSLRHPFFBC66CB,中正段三小段,8.91,都市：商,100000,1589,持分移轉,00070000
RPSOMLSLRHPFFBC76CB,中正段三小段,29.51,都市：商,100000,1589,持分移轉,00070000
RPTOMLSLRHPFFBC86CB,中正段三小段,29.14,都市：商,100000,1569,持分移轉,00070000
RPUOMLSLRHPFFBC96CB,中正段三小段,29.14,都市：商,100000,1569,持分移轉,00070000
RPQOMLSLRHPFFBC56CB,中正段三小段,29.51,都市：商,100000,1589,持分移轉,00070000
RPPOMLSLRHPFFBC09CB,中正段三小段,29.14,都市：商,100000,1569,持分移轉,00070000
RPXOMLSLRHPFFBC27CB,中正段三小段,29.14,都市：商,100000,1569,持分移轉,00070000
RPVOMLSLRHPFFBC07CB,中正段三小段,29.14,都市：商,100000,1569,持分移轉,00070000
RPOPMLSLRHPFFBC09CB,中正段三小段,29.51,都市：商,100000,1589,持分移轉,00070000
RPWOMLSLRHPFFBC17CB,中正段三小段,29.51,都市：商,100000,1589,持分移轉,00070000
RPPPMLSLRHPFFBC56CB,中正段三小段,29.51,都市：商,100000,1589,持分移轉,00070000
RPRPMLSLRHPFFBC76CB,中正段三小段,29.51,都市：商,100000,1589,持分移轉,00070000
RPSPMLSLRHPFFBC86CB,中正段三小段,29.14,都市：商,100000,1569,持分移轉,00070000
RPQPMLSLRHPFFBC66CB,中正段三小段,29.51,都市：商,100000,1589,持分移轉,00070000
RPTPMLSLRHPFFBC96CB,中正段三小段,29.14,都市：商,100000,1569,持分移轉,00070000
RPWPMLSLRHPFFBC27CB,中正段三小段,28.45,都市：商,100000,1532,持分移轉,00070000
RPUPMLSLRHPFFBC07CB,中正段三小段,28.93,都市：商,100000,1558,持分移轉,00070000
RPVPMLSLRHPFFBC17CB,中正段三小段,28.93,都市：商,100000,1558,持分移轉,00070000
RPOQMLSLRHPFFBC56CB,中正段三小段,29.30,都市：商,100000,1578,持分移轉,00070000
RPXPMLSLRHPFFBC37CB,中正段三小段,28.45,都市：商,100000,1532,持分移轉,00070000
RPSQMLSLRHPFFBC96CB,中正段三小段,28.93,都市：商,100000,1558,持分移轉,00070000
RPRQMLSLRHPFFBC86CB,中正段三小段,29.30,都市：商,100000,1578,持分移轉,00070000
RPPQMLSLRHPFFBC66CB,中正段三小段,24.73,都市：商,100000,1558,持分移轉,00070000
RPQQMLSLRHPFFBC76CB,中正段三小段,28.93,都市：商,100000,1558,持分移轉,00070000
RPTQMLSLRHPFFBC07CB,中正段三小段,28.93,都市：商,100000,1558,持分移轉,00070000
RPUQMLSLRHPFFBC17CB,中正段三小段,29.30,都市：商,100000,1578,持分移轉,00070000
RPVQMLSLRHPFFBC27CB,中正段三小段,29.30,都市：商,100000,1578,持分移轉,00070000
RPWQMLSLRHPFFBC37CB,中正段三小段,29.30,都市：商,100000,1578,持分移轉,00070000
RPXQMLSLRHPFFBC47CB,中正段三小段,28.93,都市：商,100000,1558,持分移轉,00070000
RPPRMLSLRHPFFBC76CB,中正段三小段,29.30,都市：商,100000,1578,持分移轉,00070000
RPORMLSLRHPFFBC66CB,中正段三小段,28.93,都市：商,100000,1558,持分移轉,00070000
RPRRMLSLRHPFFBC96CB,中正段三小段,20.09,都市：商,100000,1082,持分移轉,00070000
RPQRMLSLRHPFFBC86CB,中正段三小段,29.32,都市：商,100000,1579,持分移轉,00070000
RPSRMLSLRHPFFBC07CB,中正段三小段,20.09,都市：商,100000,1082,持分移轉,00070000
RPTRMLSLRHPFFBC17CB,中正段三小段,20.07,都市：商,100000,1081,持分移轉,00070000
RPURMLSLRHPFFBC27CB,中正段三小段,20.07,都市：商,100000,1081,持分移轉,00070000
RPVRMLSLRHPFFBC37CB,中正段三小段,20.07,都市：商,100000,1081,持分移轉,00070000
RPXRMLSLRHPFFBC57CB,中正段三小段,20.07,都市：商,100000,1081,持分移轉,00070000
RPWRMLSLRHPFFBC47CB,中正段三小段,20.07,都市：商,100000,1081,持分移轉,00070000
RPOSMLSLRHPFFBC76CB,中正段三小段,20.07,都市：商,100000,1081,持分移轉,00070000
RPQSMLSLRHPFFBC96CB,中正段三小段,20.07,都市：商,100000,1081,持分移轉,00070000
RPPSMLSLRHPFFBC86CB,中正段三小段,20.07,都市：商,100000,1081,持分移轉,00070000
RPSSMLSLRHPFFBC17CB,中正段三小段,20.07,都市：商,100000,1081,持分移轉,00070000
RPTSMLSLRHPFFBC27CB,中正段三小段,20.07,都市：商,100000,1081,持分移轉,00070000
RPRSMLSLRHPFFBC07CB,中正段三小段,20.07,都市：商,100000,1081,持分移轉,00070000
RPUSMLSLRHPFFBC37CB,中正段三小段,20.07,都市：商,100000,1081,持分移轉,00070000
RPVSMLSLRHPFFBC47CB,中正段三小段,20.07,都市：商,100000,1081,持分移轉,00070000
RPXSMLSLRHPFFBC67CB,中正段三小段,20.17,都市：商,100000,1086,持分移轉,00070000
RPWSMLSLRHPFFBC57CB,中正段三小段,15.84,都市：商,100000,853,持分移轉,00070000
RPOTMLSLRHPFFBC86CB,中正段三小段,20.17,都市：商,100000,1086,持分移轉,00070000
RPPTMLSLRHPFFBC96CB,中正段三小段,20.15,都市：商,100000,1085,持分移轉,00070000
RPQTMLSLRHPFFBC07CB,中正段三小段,20.15,都市：商,100000,1085,持分移轉,00070000
RPRTMLSLRHPFFBC17CB,中正段三小段,20.15,都市：商,100000,1085,持分移轉,00070000
RPTTMLSLRHPFFBC37CB,中正段三小段,20.15,都市：商,100000,1085,持分移轉,00070000
RPSTMLSLRHPFFBC27CB,中正段三小段,20.51,都市：商,100000,1105,持分移轉,00070000
RPVTMLSLRHPFFBC57CB,中正段三小段,20.15,都市：商,100000,1085,持分移轉,00070000
RPUTMLSLRHPFFBC47CB,中正段三小段,20.15,都市：商,100000,1085,持分移轉,00070000
RPXTMLSLRHPFFBC77CB,中正段三小段,20.15,都市：商,100000,1085,持分移轉,00070000
RPWTMLSLRHPFFBC67CB,中正段三小段,20.15,都市：商,100000,1085,持分移轉,00070000
RPOUMLSLRHPFFBC96CB,中正段三小段,20.15,都市：商,100000,1085,持分移轉,00070000
RPPUMLSLRHPFFBC07CB,中正段三小段,20.15,都市：商,100000,1085,持分移轉,00070000
RPQUMLSLRHPFFBC17CB,中正段三小段,20.15,都市：商,100000,1085,持分移轉,00070000
RPUUMLSLRHPFFBC57CB,中正段三小段,13.48,都市：商,100000,726,持分移轉,00070000
RPTUMLSLRHPFFBC47CB,中正段三小段,12.07,都市：商,100000,650,持分移轉,00070000
RPRUMLSLRHPFFBC27CB,中正段三小段,20.17,都市：商,100000,1086,持分移轉,00070000
RPSUMLSLRHPFFBC37CB,中正段三小段,20.17,都市：商,100000,1086,持分移轉,00070000
RPVUMLSLRHPFFBC67CB,中正段三小段,14.09,都市：商,100000,759,持分移轉,00070000
RPXUMLSLRHPFFBC87CB,中正段三小段,12.13,都市：商,100000,653,持分移轉,00070000
RPWUMLSLRHPFFBC77CB,中正段三小段,15.75,都市：商,100000,848,持分移轉,00070000
RPOVMLSLRHPFFBC07CB,中正段三小段,9.30,都市：商,100000,501,持分移轉,00070000
RPPVMLSLRHPFFBC17CB,中正段三小段,9.34,都市：商,100000,503,持分移轉,00070000
