﻿編號,屋齡,建物移轉面積平方公尺,主要用途,主要建材,建築完成日期,總層數,建物分層
The serial number,room age,building shifting area square meter,the main use,main building materials,construction completes the date,total layer,building lamination
RPWNMLLKRHPFFAD98CC,50,97.40,住商用,加強磚造,59年6月10日,二層,
RPSNMLLKRHPFFID76CC,41,165.60,工業用,鋼造,68年5月12日,一層,
RPTNMLLKRHPFFCD88CC,41,68.06,住家用,鋼筋混凝土造,68年12月14日,五層,
RPTNMLLKRHPFFCD88CC,41,12.66,共有部分,鋼筋混凝土造,68年12月14日,五層,
RPUOMLLKRHPFFCD09CC,22,57.54,住家用,鋼筋混凝土造,87年12月18日,十四層,
RPUOMLLKRHPFFCD09CC,22,15.43,共有部分,鋼筋混凝土造,87年12月18日,十四層,
RPUOMLLKRHPFFCD09CC,22,1.19,共有部分,鋼筋混凝土造,87年12月18日,十四層,
RPUOMLLKRHPFFCD09CC,22,6.03,共有部分,鋼筋混凝土造,87年12月18日,十四層,
RPPOMLLKRHPFFKD76CC,27,71.21,住家用,鋼筋混凝土造,82年8月17日,六層,
RPPOMLLKRHPFFKD76CC,27,25.90,共有部分,鋼筋混凝土造,82年8月17日,六層,
RPVNMLLKRHPFFCD09CC,32,69.79,住家用,鐵骨造,78年2月16日,一層,
RPQNMLOKRHPFFID86CC,43,9.00,住商用,加強磚造,66年8月19日,二層,
RPRNMLOKRHPFFID96CC,43,9.00,住商用,加強磚造,66年8月19日,二層,
RPOOMLOKRHPFFID76CC,43,9.00,住商用,加強磚造,66年8月19日,二層,
RPPOMLLKRHPFFGD98CC,21,125.78,住家用,鋼筋混凝土造,88年9月17日,三層,
RPPOMLLKRHPFFGD98CC,21,60.61,共有部分,鋼筋混凝土造,88年9月17日,十層,
RPVOMLOKRHPFFID47CC,21,13.22,住家用,鋼筋混凝土造,89年1月10日,四層,
RPUNMLOKRHPFFCD66CC,45,70.38,住家用,鋼筋混凝土造,64年7月10日,三層,
RPUNMLOKRHPFFCD66CC,45,17.39,共有部分,鋼筋混凝土造,64年7月10日,三層,
RPPOMLPKRHPFFCD98CC,27,114.10,商業用,鋼筋混凝土造,82年12月16日,十二層,
RPQQMLOKRHPFFAD98CC,25,117.08,住家用,鋼筋混凝土造,84年5月30日,二十四層,
RPQQMLOKRHPFFAD98CC,25,.04,商業用,鋼筋混凝土造,84年5月30日,二十四層,
RPQQMLOKRHPFFAD98CC,25,60.17,共有部分,鋼筋混凝土造,84年5月30日,二十四層,
RPRPMLPKRHPFFAD09CC,44,71.54,住家用,鋼筋混凝土造,65年6月29日,四層,
RPQOMLPKRHPFFCD09CC,40,62.10,集合住宅,鋼筋混凝土造,69年5月22日,七層,
RPQOMLPKRHPFFCD09CC,40,9.84,共有部分,鋼筋混凝土造,69年5月22日,七層,
RPTOMLPKRHPFFCD76CC,41,90.92,住家用,鋼筋混凝土造,68年5月15日,五層,
RPRNMLPKRHPFFHD96CC,37,85.84,住家用,加強磚造,72年11月16日,二層,
RPWOMLPKRHPFFHD57CC,1,70.62,集合住宅,鋼筋混凝土造,108年11月20日,二十二層,
RPWOMLPKRHPFFHD57CC,1,62.18,停車空間、電樓梯間、走廊、管委會使用空間、無障礙廁所、中繼設備空間、水箱、防災中心、門廳、機械室,鋼筋混凝土造,108年11月20日,二十二層,
RPOPMLPKRHPFFHD86CC,6,55.06,集合住宅,鋼筋混凝土造,103年6月18日,九層,
RPOPMLPKRHPFFHD86CC,6,21.68,防空避難室兼停車空間、樓梯間、機械室、水箱、梯廳、管委會使用空間,鋼筋混凝土造,103年6月18日,九層,
RPOPMLPKRHPFFHD86CC,6,12.62,樓梯間,鋼筋混凝土造,103年6月18日,九層,
RPRPMLPKRHPFFHD17CC,45,110.32,住家用,加強磚造,64年7月15日,二層,
RPQPMLPKRHPFFHD07CC,4,29.36,集合住宅,鋼筋混凝土造,105年11月18日,十一層,
RPQPMLPKRHPFFHD07CC,4,34.66,公共空間，防空避難室兼停車空間，樓梯間,鋼筋混凝土造,105年11月18日,十一層,
RPUOMLPKRHPFFKD67CC,28,184.43,住家用,鋼筋混凝土造,81年6月15日,四層,
RPSOMLQKRHPFFKD57CC,23,49.77,住家用,鋼筋混凝土造,86年9月26日,十一層,
RPSOMLQKRHPFFKD57CC,23,12.66,共有部分,鋼筋混凝土造,86年9月26日,十一層,
RPVOMLPKRHPFFKD77CC,21,95.10,住家用,鋼筋混凝土造,88年7月1日,十三層,
RPSOMLQKRHPFFKD57CC,23,6.09,共有部分,鋼筋混凝土造,86年9月26日,十一層,
RPVOMLPKRHPFFKD77CC,21,54.18,共有部分,鋼筋混凝土造,88年7月1日,十三層,
RPSPMLPKRHPFFBD66CC,1,56.45,集合住宅,鋼筋混凝土造,109年1月14日,十四層,
RPSPMLPKRHPFFBD66CC,1,50.92,本共有部份之項目有：防空避難室兼停車空間、停車空間、管理維護空間、樓梯間、機械室、水塔、門廊、停車空間（車道）、排煙室、垃圾冷凍儲存空間、門廳共１１項。,鋼筋混凝土造,109年1月14日,十四層,
RPOPMLPKRHPFFKD17CC,15,53.66,住家用,鋼筋混凝土造,95年1月26日,六層,
RPOPMLPKRHPFFKD17CC,15,5.41,共有部分,鋼筋混凝土造,95年1月26日,六層,
RPOPMLPKRHPFFKD17CC,15,12.06,共有部分,鋼筋混凝土造,95年1月26日,六層,
RPQPMLQKRHPFFKD47CC,25,40.48,辦公室。,鋼筋混凝土造,84年3月31日,十五層,
RPQPMLQKRHPFFKD47CC,25,8.86,共有部分,鋼筋混凝土造,84年3月31日,十五層,
RPXOMLPKRHPFFKD97CC,25,40.48,辦公室。,鋼筋混凝土造,84年3月31日,十五層,
RPXOMLPKRHPFFKD97CC,25,8.86,共有部分,鋼筋混凝土造,84年3月31日,十五層,
RPWPMLQKRHPFFKD08CC,2,172.51,店舖，集合住宅,鋼筋混凝土構造,107年5月25日,四層,
RPQOMLQKRHPFFGD07DC,2,63.45,Ｇ３：店舖、Ｈ２：住宅、其他：停車空間,鋼骨構造有牆,107年3月30日,四層,
RPTOMLQKRHPFFKD67CC,27,20.23,住家用,鋼筋混凝土造,82年8月27日,十五層,
RPTOMLQKRHPFFKD67CC,27,5.38,共有部分,鋼筋混凝土造,82年8月27日,十五層,
RPTOMLQKRHPFFKD67CC,27,2.95,避難室兼停車空間、梯間、清水池、配電室、門廊、消防泵浦間、交誼廳、乒乓球室。,鋼筋混凝土造,82年8月27日,十六層,
RPPPMLQKRHPFFAD98CC,25,24.31,住家用,鋼筋混凝土造,84年11月21日,十二層,
RPPPMLQKRHPFFAD98CC,25,8.76,共有部分,鋼筋混凝土造,84年11月21日,十二層,
RPTNMLQKRHPFFHD27CC,41,41.92,住家用,加強磚造,68年9月21日,二層,
RPROMLQKRHPFFCD66CC,47,94.68,住家用,加強磚造,62年4月25日,二層,
RPQNMLRKRHPFFAD98CC,29,18.14,商業用,鋼筋混凝土造,80年6月27日,七層,
RPQNMLRKRHPFFAD98CC,29,5.49,共有部分,鋼筋混凝土造,80年6月27日,七層,
RPTPMLQKRHPFFAD76CC,16,50.89,集合住宅,鋼筋混凝土造,93年12月3日,八層,
RPTPMLQKRHPFFAD76CC,16,7.30,共有部分,鋼筋混凝土造,93年12月3日,八層,
RPTPMLQKRHPFFAD76CC,16,9.77,共有部分,鋼筋混凝土造,93年12月3日,八層,
RPUNMLRKRHPFFAD76CC,46,19.83,住商用,加強磚造,63年5月15日,四層,
RPXNMLQKRHPFFCD17CC,39,80.78,住家用,鋼筋混凝土造,70年12月14日,五層,
RPXNMLQKRHPFFCD17CC,39,14.62,共有部分,鋼筋混凝土造,70年12月14日,五層,
RPTNMLRKRHPFFCD86CC,28,85.66,住家用,鋼筋混凝土造,81年10月19日,五層,
RPTNMLRKRHPFFCD86CC,28,7.76,共有部分,鋼筋混凝土造,81年10月19日,五層,
RPPOMLRKRHPFFAD98CC,23,53.82,住商用,鋼筋混凝土造,86年12月4日,三層,
RPRNMLRKRHPFFKD47CC,11,64.52,商業用,鋼骨造有牆,98年9月24日,一層,
RPOOMLRKRHPFFKD27CC,27,44.25,住家用,鋼筋混凝土造,82年6月10日,七層,
RPOOMLRKRHPFFKD27CC,27,4.99,共有部分,鋼筋混凝土造,82年6月10日,七層,
RPOOMLRKRHPFFKD27CC,27,6.96,共有部分,鋼筋混凝土造,82年6月10日,七層,
RPQOMLRKRHPFFKD47CC,34,33.06,車庫、住宅。,鋼筋混凝土造,75年8月19日,四層,
RPPOMLRKRHPFFKD37CC,32,16.53,店舖、住宅、防空避難室。,鋼筋混凝土造,77年10月3日,四層,
RPQOMLRKRHPFFBD56CC,22,114.21,住家用,鋼筋混凝土造,87年8月14日,十二層,
RPQOMLRKRHPFFBD56CC,22,34.22,共有部分,鋼筋混凝土造,87年8月14日,十二層,
RPTNMLSKRHPFFHD47CC,26,56.42,住商用,鋼筋混凝土造,83年5月6日,四層,
RPVNMLSKRHPFFKD97CC,8,63.67,集合住宅,鋼筋混凝土構造,101年8月17日,十九層,
RPVNMLSKRHPFFKD97CC,8,31.75,防空避難室兼停車空間，機電設備，社區文康室，社區運動室，梯廳，機械室，水箱,鋼筋混凝土構造,101年8月17日,十九層,
RPVOMLSKRHPFFAD07CC,24,27.43,辦公室,鋼筋混凝土造,85年5月9日,七層,
RPVOMLSKRHPFFAD07CC,24,12.47,共有部分,鋼筋混凝土造,85年5月9日,七層,
RPSOMLNLRHPFFCD56CC,16,137.63,停車空間、住宅、店舖,鋼筋混凝土造,93年9月17日,四層,
RPUOMLSKRHPFFAD96CC,29,1083.09,住工用,鋼筋混凝土造,81年2月25日,三層,
RPUPMLNLRHPFFAD66CC,32,112.52,住家用,加強磚造,78年2月15日,二層,
RPROMLOKRHPFFBD98CC,5,357.57,住宅，停車空間,鋼筋混凝土造,104年10月27日,四層,
RPROMLOKRHPFFBD98CC,5,2.22,健身休閒中心,鋼筋混凝土造,104年8月11日,一層,
RPRNMLLLRHPFFCD78CC,34,116.15,住家用,鋼筋混凝土造,75年12月29日,二層,
RPTQMLNLRHPFFAD66CC,5,81.70,集合住宅,鋼筋混凝土構造,104年11月5日,二十四層,
RPTQMLNLRHPFFAD66CC,5,67.52,本共有部分之項目：有樓梯間、門廊、門廳、管委會使用空間、防災中心、停車空間、防空避難室、車道、游泳池、機房自來水池等項,鋼筋混凝土構造,104年11月5日,二十四層,
RPOPMLNLRHPFFAD68CC,39,35.06,住家用,鋼筋混凝土造,71年1月20日,五層,
RPOPMLNLRHPFFAD68CC,39,13.28,共有部分,鋼筋混凝土造,70年10月27日,五層,
RPRNMLOLRHPFFKD27CC,5,312.90,廠房,鋼骨構造有牆,104年7月20日,一層,
RPSNMLOLRHPFFKD37CC,13,384.37,工業用,鋼骨造,96年6月8日,一層,
RPVNMLOLRHPFFKD67CC,20,38.09,住家用,鋼筋混凝土造,90年1月10日,十一層,
RPVNMLOLRHPFFKD67CC,20,8.74,共有部分,鋼筋混凝土造,90年1月10日,十一層,
RPVNMLOLRHPFFKD67CC,20,5.59,共有部分,鋼筋混凝土造,90年1月10日,十一層,
RPWNMLOLRHPFFBD96DC,43,217.85,住家用,鋼筋混凝土造,66年4月28日,三層,
RPVPMLNLRHPFFKD77CC,27,102.48,住家用,鋼筋混凝土造,82年7月31日,四層,
RPXNMLOLRHPFFAD86CC,14,26.69,集合住宅,ＲＣ造,95年7月13日,十一層,
RPXNMLOLRHPFFAD86CC,14,4.30,共有部分,ＲＣ造,95年7月13日,十一層,
RPXNMLOLRHPFFAD86CC,14,7.12,共有部分,ＲＣ造,95年7月13日,十一層,
RPXNMLOLRHPFFAD86CC,14,.01,共有部分,ＲＣ造,95年7月13日,十一層,
RPUNMLOLRHPFFKD57CC,27,172.22,住商用,鋼筋混凝土造,82年11月29日,九層,
RPUNMLOLRHPFFKD57CC,27,49.91,共有部分,鋼筋混凝土造,82年11月29日,九層,
RPSOMLOLRHPFFAD09CC,25,57.46,住家用,鋼筋混凝土造,84年7月25日,十五層,
RPSOMLOLRHPFFAD09CC,25,5.92,共有部分,鋼筋混凝土造,84年7月25日,十五層,
RPSOMLOLRHPFFAD09CC,25,10.71,共有部分,鋼筋混凝土造,84年7月25日,十五層,
RPVQMLOLRHPFFKD97CC,32,19.83,店舖、住宅、防空避難室。,鋼筋混凝土造,77年10月3日,四層,
RPXOMLOLRHPFFAD96CC,3,97.43,店舖,鋼骨構造,106年10月20日,一層,
RPXOMLOLRHPFFAD96CC,3,1.03,本共有部分之項目有：管委會空間,鋼骨構造,106年10月20日,一層,
RPPPMLOLRHPFFAD88CC,49,78.10,住家用,加強磚造,60年5月28日,二層,
RPQPMLOLRHPFFAD98CC,3,84.13,店舖,鋼骨構造,106年10月20日,一層,
RPQPMLOLRHPFFAD98CC,3,1.03,本共有部分之項目有：管委會空間,鋼骨構造,106年10月20日,一層,
RPSPMLOLRHPFFAD56CC,4,59.59,集合住宅,鋼筋混凝土構造,106年1月24日,二十層,
RPSPMLOLRHPFFAD56CC,4,55.33,本共有部分之項目：防空避難室、停車空間、機房、樓梯間、機械房、水箱、門廳、梯間、管委會使用空間、水池、防災中心等。,鋼筋混凝土構造,106年1月24日,二十六層,
RPRPMLOLRHPFFAD09CC,24,80.34,住家用,鋼筋混凝土造,85年8月16日,八層,
RPRPMLOLRHPFFAD09CC,24,41.54,共有部分,鋼筋混凝土造,85年8月16日,八層,
RPRPMLOLRHPFFAD09CC,24,.00,共有部分,鋼筋混凝土造,85年8月16日,八層,
RPRPMLOLRHPFFAD09CC,24,.00,共有部分,鋼筋混凝土造,85年8月16日,八層,
RPRPMLOLRHPFFAD09CC,24,11.50,共有部分,鋼筋混凝土造,85年8月16日,八層,
RPOQMLOLRHPFFAD88CC,29,24.22,住家用,鋼筋混凝土造,80年6月27日,七層,
RPOQMLOLRHPFFAD88CC,29,5.79,共有部分,鋼筋混凝土造,80年6月27日,七層,
RPTPMLOLRHPFFAD66CC,30,296.92,住商用,鋼筋混凝土造,79年5月16日,四層,
RPUQMLOLRHPFFAD86CC,40,129.20,住家用,鋼筋混凝土造,69年11月19日,三層,
RPPQMLOLRHPFFAD98CC,25,26.38,住家用,鋼筋混凝土造,84年7月4日,十八層,
RPPQMLOLRHPFFAD98CC,25,35.22,共有部分,鋼筋混凝土造,84年7月4日,十八層,
RPSNMLOLRHPFFCD56CC,39,81.10,住家用,鋼筋混凝土造,70年9月30日,四層,
RPSNMLOLRHPFFCD56CC,39,8.45,共有部分,鋼筋混凝土造,70年9月30日,四層,
RPWPMLOLRHPFFAD96CC,28,18.50,住家用,鋼筋混凝土造,81年4月21日,七層,
RPWPMLOLRHPFFAD96CC,28,8.45,共有部分,鋼筋混凝土造,81年4月21日,七層,
RPUPMLOLRHPFFAD76CC,23,82.56,住家用,鋼筋混凝土造,86年12月15日,五層,
RPUPMLOLRHPFFAD76CC,23,14.02,共有部分,鋼筋混凝土造,86年12月15日,五層,
RPUNMLOLRHPFFCD76CC,1,89.64,住宅、店舖,鋼筋混凝土構造,108年10月28日,四層,
RPPOMLOLRHPFFCD98CC,30,19.52,住家用,鋼筋混凝土造,79年5月7日,五層,
RPPOMLOLRHPFFCD98CC,30,8.17,共有部分,鋼筋混凝土造,79年5月7日,五層,
RPQOMLOLRHPFFCD09CC,3,106.81,集合住宅,鋼筋混凝土造,106年10月31日,十五層,
RPQOMLOLRHPFFCD09CC,3,49.68,本共有部分之項目有：門廊、門廳、梯廳、公共服務空間、樓梯間、管理委員會、防空避難室兼停車空間、停車空間共８項。,鋼筋混凝土造,106年10月31日,十五層,
RPQOMLOLRHPFFCD09CC,3,25.59,本共有部分之項目有：樓梯間、公共服務空間、管道間供３項。,鋼筋混凝土造,106年10月31日,十五層,
RPVOMLOLRHPFFCD96CC,27,110.78,住商用,鋼筋混凝土造,82年10月5日,七層,
RPVOMLOLRHPFFCD96CC,27,21.45,共有部分,鋼筋混凝土造,82年10月5日,七層,
RPWOMLOLRHPFFCD07CC,7,25.70,店舖,鋼骨構造有牆,103年1月17日,一層,
RPWOMLOLRHPFFCD07CC,7,30.62,店舖。,鋼骨構造有牆。,103年1月17日,一層,
RPRNMLPLRHPFFCD56CC,30,105.49,店舖、住宅、防空避難室,鋼筋混凝土造,79年6月27日,六層,
RPWNMLPLRHPFFCD07CC,25,132.73,住家用,鋼筋混凝土造,84年11月11日,七層,
RPTPMLPLRHPFFCD96CC,34,176.03,住商用,鋼筋混凝土造,75年7月14日,三層,
RPVPMLPLRHPFFCD17CC,39,101.19,住家用,鋼筋混凝土造,70年9月11日,五層,
RPVPMLPLRHPFFCD17CC,39,1.58,共有部分,鋼筋混凝土造,70年9月10日,五層,
RPPQMLPLRHPFFHD17CC,27,211.70,住商用,鋼筋混凝土造,82年12月21日,四層,
RPRNMLPLRHPFFKD37CC,34,533.85,避難室、辦公室、員工宿舍。,鋼筋混凝土造,75年4月16日,二層,
RPRNMLPLRHPFFKD37CC,34,1361.74,工商用,鋼造,75年4月16日,一層,
RPOOMLPLRHPFFAD78CC,18,224.61,店舖、住宅,鋼筋混凝土造,91年11月15日,十一層,
RPOOMLPLRHPFFAD78CC,18,78.39,共有部分,鋼筋混凝土造,91年11月15日,十一層,
RPVNMLPLRHPFFKD77CC,25,159.58,住商用,鋼筋混凝土造,84年5月23日,十六層,
RPVNMLPLRHPFFKD77CC,25,11.54,共有部分,鋼筋混凝土造,84年5月23日,十六層,
RPWNMLQLRHPFFKD97CC,25,14.49,住家用,鋼筋混凝土造,85年1月30日,七層,
RPWNMLQLRHPFFKD97CC,25,7.66,共有部分,鋼筋混凝土造,85年1月30日,七層,
RPPOMLQLRHPFFGD96CC,25,47.59,住家用,鋼筋混凝土造,84年5月1日,六層,
RPPOMLQLRHPFFGD96CC,25,9.87,共有部分,鋼筋混凝土造,84年5月1日,六層,
RPXNMLQLRHPFFAD07CC,7,53.22,集合住宅,鋼筋混凝土構造,102年11月7日,十五層,
RPXNMLQLRHPFFAD07CC,7,76.03,本共有部分之項目有第一層（梯廳、梯間、管理維護空間、車道）、第二層至第十五層（梯廳、梯間）、屋頂一層至屋頂三層、地下一層至地下三層（防空避難兼停車空間、停車空間、梯間）,鋼筋混凝土構造,102年11月7日,十五層,
RPXOMLQLRHPFFHD87CC,2,93.47,集合住宅,鋼筋混凝土造,107年5月2日,五層,
RPUNMLQLRHPFFAD76CC,38,69.01,住家用,鋼筋混凝土造,71年9月30日,五層,
RPUNMLQLRHPFFAD76CC,38,17.46,共有部分,鋼筋混凝土造,71年9月30日,五層,
RPWNMLQLRHPFFCD17CC,47,94.68,住家用,加強磚造,62年4月25日,二層,
RPQOMLQLRHPFFCD66CC,25,205.40,住家用,鋼筋混凝土造,84年6月15日,四層,
RPOPMLQLRHPFFCD56CC,22,227.57,停車空間　　住宅,鋼筋混凝土造,88年3月5日,四層,
RPUNMLSLRHPFFCD17CC,25,111.63,住家用,鋼筋混凝土造,84年11月15日,二十三層,
RPUNMLSLRHPFFCD17CC,25,3.46,共有部分,鋼筋混凝土造,84年11月15日,二十三層,
RPUNMLSLRHPFFCD17CC,25,28.70,共有部分,鋼筋混凝土造,84年11月15日,二十三層,
RPVNMLSLRHPFFCD27CC,39,90.15,住家用,鋼筋混凝土造,70年6月24日,四層,
RPROMLSLRHPFFCD96CC,28,125.16,住家用,鋼筋混凝土造,82年3月18日,十二層,
RPROMLSLRHPFFCD96CC,28,32.17,共有部分,鋼筋混凝土造,82年3月18日,十二層,
RPVNMLSLRHPFFCD27CC,39,7.67,共有部分,鋼筋混凝土造,70年6月24日,四層,
RPROMLSLRHPFFCD96CC,28,7.78,共有部分,鋼筋混凝土造,82年3月18日,十二層,
RPVOMLSLRHPFFKD18CC,31,90.00,工業用,鋼造,78年4月3日,一層,
RPROMLSLRHPFFAD76CC,10,58.43,集合住宅,鋼筋混凝土造,99年4月6日,十四層,
RPROMLSLRHPFFAD76CC,10,53.92,共有部分,鋼筋混凝土造,99年4月6日,十四層,
RPPOMLSLRHPFFAD56CC,16,122.84,店舖、住宅,鋼筋混凝土造,93年3月29日,十層,
RPPOMLSLRHPFFAD56CC,16,45.49,共有部分,鋼筋混凝土造,93年3月29日,十一層,
RPPOMLSLRHPFFKD57CC,10,215.65,住商用,鋼筋混凝土造,99年12月30日,四層,
RPTNMLTLRHPFFKD97CC,21,69.92,住家用,鋼筋混凝土造,88年8月24日,十四層,
RPTNMLTLRHPFFKD97CC,21,1.84,共有部分,鋼筋混凝土造,88年8月24日,十四層,
RPTNMLTLRHPFFKD97CC,21,3.46,共有部分,鋼筋混凝土造,88年8月24日,十四層,
RPTNMLTLRHPFFKD97CC,21,33.01,共有部分,鋼筋混凝土造,88年8月24日,十四層,
RPTNMLTLRHPFFKD97CC,21,14.74,共有部分,鋼筋混凝土造,88年8月24日,十四層,
RPVNMLTLRHPFFKD18CC,13,23.14,住家用,鋼筋混凝土造,97年1月2日,四層,
RPTOMLTLRHPFFBD17CC,29,59.75,住商用,鋼筋混凝土造,80年11月6日,四層,
RPTNMLTLRHPFFAD96CC,27,20.00,住商用,鋼筋混凝土造,82年4月21日,四層,
RPWOMLTLRHPFFCD57CC,6,104.91,集合住宅,鋼筋混凝土造,103年10月16日,七層,
RPWOMLTLRHPFFCD57CC,6,68.26,共有部分項目有：門廊、門廳、管委會空間、公共服務空間、有頂蓋型廣場式開放空間、污物處理區、車道、停車空間、防空避難兼停車空間。,鋼筋混凝土造,103年10月16日,七層,
RPWOMLTLRHPFFCD57CC,6,15.61,共有部分項目有：電樓梯間、水箱,鋼筋混凝土造,103年10月16日,七層,
RPOPMLTLRHPFFCD86CC,45,70.56,住家用,加強磚造,64年4月10日,二層,
RPVNMLTLRHPFFAD17CC,27,80.15,住家用,鋼筋混凝土造,82年11月2日,十三層,
RPVNMLTLRHPFFAD17CC,27,22.80,共有部分,鋼筋混凝土造,82年11月2日,十三層,
RPVNMLTLRHPFFAD17CC,27,13.23,共有部分,鋼筋混凝土造,82年11月2日,十三層,
RPXNMLTLRHPFFID18CC,3,194.02,住家用,鋼骨構造,106年4月27日,二層,
RPWOMLKMRHPFFCD76CC,41,87.47,住家用,鋼筋混凝土造,68年10月13日,四層,
RPWOMLKMRHPFFCD76CC,41,4.74,共有部分,鋼筋混凝土造,68年10月13日,四層,
RPWOMLKMRHPFFCD76CC,41,5.52,共有部分,鋼筋混凝土造,68年10月13日,四層,
RPXOMLKMRHPFFCD86CC,13,86.20,住家用,鋼筋混凝土造,96年11月6日,七層,
RPXOMLKMRHPFFCD86CC,13,16.62,防空避難室兼停車空間、管理委員會使用空間,鋼筋混凝土造,96年11月6日,七層,
RPXOMLKMRHPFFCD86CC,13,18.20,共有部分,鋼筋混凝土造,96年11月6日,七層,
RPPNMLKMRHPFFDD68CC,25,216.46,住商用,鋼筋混凝土造,84年5月12日,四層,
RPWOMLKMRHPFFKD57CC,14,232.88,住家用,鋼筋混凝土造,95年11月9日,五層,
RPPOMLKMRHPFFKD86CC,32,23.14,店舖、住宅、防空避難室。,鋼筋混凝土造,77年10月3日,四層,
RPQOMLKMRHPFFKD96CC,32,23.14,店舖、住宅、防空避難室。,鋼筋混凝土造,77年10月3日,四層,
RPPNMLMJIIPFFDD77CC,24,33.06,共有部分,鋼筋混凝土造,85年4月15日,五層,
RPVOMLKMRHPFFKD47CC,8,197.01,店舖，住宅,鋼筋混凝土構造,101年6月5日,四層,
RPSOMLKMRHPFFKD17CC,27,71.02,住商用,鋼筋混凝土造,83年3月11日,十四層,
RPSOMLKMRHPFFKD17CC,27,20.84,共有部分,鋼筋混凝土造,83年3月11日,十四層,
RPRNMLPJIIPFFBD08CC,14,118.77,停車空間、住宅,鋼筋混凝土造,95年6月2日,三層,
RPPOMLPJIIPFFGD58DC,29,168.65,住家用,鋼筋混凝土造,81年1月8日,三層,
RPRPMLPJIIPFFCD38CC,1,149.16,店舖、住宅,鋼骨構造,108年12月12日,二層,
RPQOMLPJIIPFFGD68DC,2,63.97,Ｇ３：店舖、Ｈ２：住宅、其他：停車空間,鋼骨構造有牆,107年3月30日,四層,
RPPOMLOLRHPFFAD78CC,27,340.98,住家用,鋼筋混凝土造,82年11月16日,四層,
RPSPMLQJIIPFFCD58CC,46,85.80,住家用,加強磚造,63年8月17日,二層,
RPWPMLQJIIPFFCD98CC,13,28.32,住家用,鋼筋混凝土造,97年2月29日,十四層,
RPWPMLQJIIPFFCD98CC,13,6.98,共有部分,鋼筋混凝土造,97年2月29日,十四層,
RPWPMLQJIIPFFCD98CC,13,8.36,共有部分,鋼筋混凝土造,97年2月29日,十四層,
RPWOMLPJIIPFFCD78CC,1,133.33,店舖、住宅,鋼骨構造,108年12月12日,二層,
RPSPMLPJIIPFFAD28CC,62,34.60,住家用,磚造,48年1月1日,一層,
RPTQMLQJIIPFFCD78CC,26,25.43,住家用,鋼筋混凝土造,83年9月1日,八層,
RPTQMLQJIIPFFCD78CC,26,3.18,共有部分,鋼筋混凝土造,83年9月1日,八層,
RPTQMLQJIIPFFCD78CC,26,6.12,共有部分,鋼筋混凝土造,83年9月1日,八層,
RPVNMLQJIIPFFCD68CC,10,64.76,住家用,鋼筋混凝土造,99年5月7日,十四層,
RPVNMLQJIIPFFCD68CC,10,27.13,本共有部分之項目有地下一、二、三層全部、有頂蓋式開放空間、門廊、一至十四層梯間、屋突等。,鋼筋混凝土造,99年5月7日,十四層,
RPPNMLQJIIPFFID68CC,28,163.37,棧房,鋼鐵造（有牆）,81年8月22日,一層,
RPXOMLQJIIPFFBD88CC,15,459.80,住宅，停車空間,鋼筋混凝土造,94年5月27日,三層,
RPTOMLQJIIPFFKD76CC,27,24.83,住家用,鋼筋混凝土造,82年7月16日,七層,
RPTOMLQJIIPFFKD76CC,27,1.89,共有部分,鋼筋混凝土造,82年7月16日,七層,
RPTOMLQJIIPFFKD76CC,27,5.35,共有部分,鋼筋混凝土造,82年7月16日,七層,
RPUPMLQJIIPFFKD96CC,7,201.09,店舖，住宅，停車空間,鋼筋混凝土構造,102年11月22日,四層,
RPQNMLRJIIPFFKD09CC,25,40.48,辦公室。,鋼筋混凝土造,84年3月31日,十五層,
RPQNMLRJIIPFFKD09CC,25,8.86,共有部分,鋼筋混凝土造,84年3月31日,十五層,
RPRNMLRJIIPFFBD28CC,1,88.23,集合住宅,鋼筋混凝土造,109年1月14日,十四層,
RPRNMLRJIIPFFBD28CC,1,80.56,本共有部份之項目有：防空避難室兼停車空間、停車空間、管理維護空間、樓梯間、機械室、水塔、門廊、停車空間（車道）、排煙室、垃圾冷凍儲存空間、門廳共１１項。,鋼筋混凝土造,109年1月14日,十四層,
RPRNMLRJIIPFFKD56CC,27,19.62,住家用,鋼筋混凝土造,82年5月26日,八層,
RPRNMLRJIIPFFKD56CC,27,21.95,共有部分,鋼筋混凝土造,82年5月26日,八層,
RPVNMLRJIIPFFGD66DC,29,168.65,住家用,鋼筋混凝土造,81年1月8日,三層,
RPVPMLRJIIPFFHD86CC,26,109.70,住家用,鋼筋混凝土造,83年8月6日,八層,
RPTNMLRJIIPFFKD76CC,27,194.13,住商用,鋼筋混凝土造,82年9月16日,四層,
RPRNMLRJIIPFFCD38CC,5,226.89,住宅、停車空間,鋼筋混凝土造,104年6月30日,四層,
RPRNMLRJIIPFFCD38CC,5,.44,本共有部分之項目有：管理維護空間。,鋼筋混凝土造,104年6月30日,四層,
RPUNMLRJIIPFFCD68CC,4,65.57,集合住宅,鋼筋混凝土造,105年12月1日,七層,
RPUNMLRJIIPFFCD68CC,4,62.38,共有部分包括：門廊、門廳、管理委員會使用空間、公共服務空間、樓梯間、防空避難室兼停車空間、停車空間、陽台。,鋼筋混凝土造,105年12月1日,七層,
RPPNMLRJIIPFFID78CC,43,9.00,住商用,加強磚造,66年8月19日,二層,
RPSNMLRJIIPFFKD66CC,28,77.10,住家用,鋼筋混凝土造,81年10月3日,十層,
RPSNMLRJIIPFFKD66CC,28,5.91,共有部分,鋼筋混凝土造,81年10月3日,十層,
RPSNMLRJIIPFFKD66CC,28,28.71,共有部分,鋼筋混凝土造,81年10月3日,十層,
RPROMLSJIIPFFHD09CC,3,100.44,店舖、出租宿舍、停車空間,鋼筋混凝土造,106年5月5日,五層,
RPSNMLRJIIPFFKD66CC,28,8.29,共有部分,鋼筋混凝土造,81年10月3日,十層,
RPOPMLSJIIPFFAD18CC,23,93.57,住家用,鋼筋混凝土造,87年1月5日,二十六層,
RPOPMLSJIIPFFAD18CC,23,100.06,共有部分,鋼筋混凝土造,87年1月5日,二十六層,
RPOPMLSJIIPFFAD18CC,23,18.74,共有部分,鋼筋混凝土造,87年1月5日,二十六層,
RPPOMLRJIIPFFAD08CC,25,34.21,住家用,鋼筋混凝土造,84年8月19日,十六層,
RPPOMLRJIIPFFAD08CC,25,22.83,共有部分,鋼筋混凝土造,84年8月19日,十六層,
RPPOMLRJIIPFFAD08CC,25,7.36,共有部分,鋼筋混凝土造,84年8月19日,十六層,
RPSOMLSJIIPFFHD56CC,,57.65,店舖、住宅,鋼筋混凝土造,109年6月9日,四層,
RPPNMLTJIIPFFGD88DC,42,311.18,住商用,加強磚造,67年4月8日,三層,
RPPOMLSJIIPFFID98CC,10,112.14,住家用,鋼筋混凝土造,99年4月22日,十四層,
RPPOMLSJIIPFFID98CC,10,62.01,本共有部分之項目有防空避難室兼停車空間、管委會使用空間、突出物１、２層、梯間、機械室、水箱。,鋼筋混凝土造,99年4月22日,十四層,
RPOPMLMKIIPFFBD77CC,43,75.60,住家用,加強磚造,66年11月15日,二層,
RPUNMLMKIIPFFID88CC,20,822.51,住家用,鋼筋混凝土造,89年5月8日,四層,
RPOPMLMKIIPFFCD87CC,18,57.09,商業用,鋼骨造,92年1月13日,一層,
RPQOMLMKIIPFFKD78CC,29,13.71,住家用,鋼筋混凝土造,80年10月22日,八層,
RPQOMLMKIIPFFKD78CC,29,8.36,共有部分,鋼筋混凝土造,80年10月22日,八層,
RPSNMLMKIIPFFID68CC,20,822.51,住家用,鋼筋混凝土造,89年5月8日,四層,
RPQOMLMKIIPFFAD77CC,51,105.42,住家用,加強磚造,58年8月5日,二層,
RPTNMLMKIIPFFHD68CC,21,86.68,住家用,鋼筋混凝土造,88年10月4日,八層,
RPSOMLMKIIPFFAD97CC,27,88.09,住家用,鋼筋混凝土造,82年8月24日,七層,
RPSOMLMKIIPFFAD97CC,27,33.63,共有部分,鋼筋混凝土造,82年8月24日,七層,
RPXOMLMKIIPFFAD48CC,24,187.70,住商用,鋼筋混凝土造,85年10月19日,四層,
RPXPMLNKIIPFFKD07CC,21,83.73,住家用,鋼筋混凝土造,88年8月24日,十四層,
RPXPMLNKIIPFFKD07CC,21,2.06,共有部分,鋼筋混凝土造,88年8月24日,十四層,
RPXPMLNKIIPFFKD07CC,21,4.15,共有部分,鋼筋混凝土造,88年8月24日,十四層,
RPXPMLNKIIPFFKD07CC,21,16.24,共有部分,鋼筋混凝土造,88年8月24日,十四層,
RPXNMLNKIIPFFAD48CC,25,177.30,商業用,鋼筋混凝土造,84年4月25日,十層,
RPRPMLNKIIPFFAD08CC,17,62.70,店舖、住宅、停車空間,鋼筋混凝土造,93年1月13日,四層,
RPXNMLNKIIPFFAD48CC,25,216.30,商業用,鋼筋混凝土造,84年4月25日,十層,
RPXNMLNKIIPFFAD48CC,25,58.14,共有部分,鋼筋混凝土造,84年4月25日,十層,
RPXNMLNKIIPFFAD48CC,25,109.58,共有部分,鋼筋混凝土造,84年4月25日,十層,
RPOQMLNKIIPFFKD88CC,21,83.73,住家用,鋼筋混凝土造,88年8月24日,十四層,
RPOQMLNKIIPFFKD88CC,21,2.06,共有部分,鋼筋混凝土造,88年8月24日,十四層,
RPOQMLNKIIPFFKD88CC,21,4.15,共有部分,鋼筋混凝土造,88年8月24日,十四層,
RPOQMLNKIIPFFKD88CC,21,16.24,共有部分,鋼筋混凝土造,88年8月24日,十四層,
RPTOMLNKIIPFFBD28CC,1,235.91,店舖、集合住宅、停車空間,鋼筋混凝土造,109年3月4日,四層,
RPUNMLOKIIPFFKD66CC,50,87.45,住家用,鋼筋混凝土加強磚造,59年8月1日,二層,
RPSOMLNKIIPFFHD88DC,5,52.00,住商用,鋼筋混凝土造,104年7月28日,四層,
RPOOMLOKIIPFFKD78CC,24,152.35,住家用,鋼筋混凝土造,85年7月11日,四層,
RPTNMLOKIIPFFAD18CC,2,49.97,集合住宅,鋼筋混凝土構造,108年1月21日,七層,
RPTNMLOKIIPFFAD18CC,2,31.99,本共有部分之項目有安全梯、管道間、管理委員會空間、防空避難室兼停車空間、停車空間、門廊、機道、梯廳、梯間、電梯機房。,鋼筋混凝土構造,108年1月21日,七層,
RPQNMLOKIIPFFCD08CC,11,58.70,住家用,鋼筋混凝土造,99年2月3日,十四層,
RPQNMLOKIIPFFCD08CC,11,15.07,本共有部份項目有電樓梯間、水箱、屋頂突出物、機械室等４項,鋼筋混凝土造,99年2月3日,十四層,
RPQNMLOKIIPFFCD08CC,11,7.86,本共有部份之項目有防空避難室、水景機房、電信室、垃圾處理場、警衛室、門廊、管委會使用空間、發電機室、機車停車場、汽車停車位、消防機械室、污水處理機房、台電受電室等１３項。,鋼筋混凝土造,99年2月3日,十四層,
RPVOMLOKIIPFFHD56CC,7,200.44,住家用,鋼筋混凝土造,102年7月4日,四層,
RPSNMLOKIIPFFCD28CC,40,19.83,住商用,鋼筋混凝土造,70年1月24日,三層,
RPVNMLPKIIPFFID66CC,4,56.66,集合住宅,鋼筋混凝土構造,105年11月22日,十四層,
RPVNMLPKIIPFFID66CC,4,52.81,本共有部分之項目有停車空間、防空避難室兼停車空間、管理委員會空間、樓梯間、機電設備空間、電梯間、機械室、水箱等８項,鋼筋混凝土構造,105年11月22日,十四層,
RPROMLPKIIPFFID98CC,27,136.23,住家用,鋼筋混凝土造,82年9月21日,三層,
RPQNMLPKIIPFFAD97CC,3,48.54,本共有部分之項目有：蓄水池、緊急發電機暨消防機房、安全梯、電梯、防空避難室兼停車空間、管理室、車道、樓梯間、電信機房、梯廳。,鋼筋混凝土構造,106年4月20日,七層,
RPQNMLPKIIPFFAD97CC,3,122.29,店舖、住宅,鋼筋混凝土構造,106年4月20日,七層,
RPPNMLOKIIPFFID58CC,27,121.86,住家用,鋼筋混凝土造,83年3月12日,三層,
RPRNMLPKIIPFFCD28CC,22,57.48,住家用,鋼筋混凝土造,87年12月18日,十四層,
RPRNMLPKIIPFFCD28CC,22,15.43,共有部分,鋼筋混凝土造,87年12月18日,十四層,
RPRNMLPKIIPFFCD28CC,22,1.19,共有部分,鋼筋混凝土造,87年12月18日,十四層,
RPRNMLPKIIPFFCD28CC,22,6.03,共有部分,鋼筋混凝土造,87年12月18日,十四層,
RPTNMLPKIIPFFAD28CC,39,51.50,住家用,鋼筋混凝土造,70年12月28日,十二層,
RPTNMLPKIIPFFAD28CC,39,9.12,共有部分,鋼筋混凝土造,70年12月28日,十二層,
RPRNMLPKIIPFFAD08CC,54,129.95,住家用,加強磚造,55年12月22日,二層,
RPVNMLPKIIPFFAD48CC,26,112.78,住家用,鋼筋混凝土造,83年4月30日,八層,
RPVNMLPKIIPFFAD48CC,26,46.59,共有部分,鋼筋混凝土造,83年4月30日,,
RPVOMLPKIIPFFCD88DC,41,103.11,商業用,鐵造,68年11月19日,一層,
RPWNMLPKIIPFFKD96CC,32,19.83,店舖、住宅、防空避難室。,鋼筋混凝土造,77年10月3日,四層,
RPTOMLPKIIPFFAD38CC,15,62.26,集合住宅,ＲＣ造,94年12月13日,十層,
RPTOMLPKIIPFFAD38CC,15,13.37,共有部分,ＲＣ造,94年12月13日,十層,
RPTOMLPKIIPFFAD38CC,15,8.98,共有部分,ＲＣ造,94年12月13日,十層,
RPXPMLPKIIPFFKD27CC,22,23.11,住家用,鋼筋混凝土造,87年6月2日,七層,
RPXPMLPKIIPFFKD27CC,22,2.23,共有部分,鋼筋混凝土造,87年6月2日,七層,
RPXPMLPKIIPFFKD27CC,22,7.36,共有部分,鋼筋混凝土造,87年6月2日,七層,
RPPWMLPKIIPFFBD88CC,8,208.99,停車空間、住宅,鋼筋混凝土造,101年12月27日,四層,
RPXOMLQKIIPFFBD98CC,41,91.64,住家用,加強磚造,69年2月19日,二層,
RPROMLQKIIPFFKD66CC,41,65.59,住家用,鋼筋混凝土造,68年10月2日,四層,
RPROMLQKIIPFFKD66CC,41,4.56,共有部分,鋼筋混凝土造,68年10月2日,四層,
RPXOMLQKIIPFFAD88CC,32,24.64,住家用,鋼筋混凝土造,78年1月12日,五層,
RPXOMLQKIIPFFAD88CC,34,5.66,共有部分,鋼筋混凝土造,76年1月12日,五層,
RPSOMLQKIIPFFKD76CC,27,70.47,住家用,鋼筋混凝土造,82年4月28日,七層,
RPSOMLQKIIPFFKD76CC,27,33.05,共有部分,鋼筋混凝土造,82年4月28日,七層,
RPTOMLQKIIPFFKD86CC,29,89.69,住家用,鋼筋混凝土造,81年1月6日,十層,
RPTOMLQKIIPFFKD86CC,29,24.54,共有部分,鋼筋混凝土造,81年1月6日,十層,
RPVOMLQKIIPFFAD68CC,53,61.91,住家用,加強磚造,57年3月15日,二層,
RPROMLQKIIPFFHD98CC,25,99.83,住家用,鋼筋混凝土造,84年10月17日,八層,
RPSPMLQKIIPFFAD48CC,45,69.30,住家用,鋼筋混凝土造,64年6月8日,四層,
RPROMLQKIIPFFHD98CC,25,26.58,台電受電室、發電機室、蓄水池、車道、梯間、水塔、機械室,鋼筋混凝土造,84年10月17日,八層,
RPROMLQKIIPFFHD98CC,46,3.59,住家用,加強磚造,63年12月1日,一層,
RPWNMLQKIIPFFHD76CC,14,311.97,住宅，停車空間，店舖，梯間,鋼筋混凝土造,96年3月7日,四層,
RPOPMLTKIIPFFHD09CC,26,96.19,住家用,鋼筋混凝土造,83年8月6日,八層,
RPPPMLTKIIPFFHD56CC,1,158.58,集合住宅,鋼筋混凝土造,108年11月20日,二十二層,
RPSNMLTKIIPFFAD58CC,39,102.32,住家用,加強磚造,71年2月24日,二層,
RPPNMLTKIIPFFID09CC,43,9.00,住商用,加強磚造,66年8月19日,二層,
RPOOMLTKIIPFFAD28CC,3,97.43,店舖,鋼骨構造,106年10月20日,一層,
RPOOMLTKIIPFFAD28CC,3,1.03,本共有部分之項目有：管委會空間,鋼骨構造,106年10月20日,一層,
RPOOMLTKIIPFFAD28CC,3,97.43,店舖,鋼骨構造,106年10月20日,一層,
RPOOMLTKIIPFFAD28CC,3,1.03,本共有部分之項目有：管委會空間,鋼骨構造,106年10月20日,一層,
RPXOMLTKIIPFFKD57CC,24,52.74,住家用,鋼筋混凝土造,85年5月22日,十六層,
RPXOMLTKIIPFFKD57CC,24,25.27,共有部分,鋼筋混凝土造,85年5月22日,十六層,
RPXOMLTKIIPFFAD56CC,25,23.41,住家用,鋼筋混凝土造,84年9月12日,十八層,
RPXOMLTKIIPFFAD56CC,25,7.68,共有部分,鋼筋混凝土造,84年9月12日,十八層,
RPXOMLTKIIPFFAD56CC,25,3.75,共有部分,鋼筋混凝土造,84年9月12日,十八層,
RPUNMLRJIIPFFAD48CC,25,23.93,住家用,鋼筋混凝土造,85年1月6日,七層,
RPUNMLRJIIPFFAD48CC,25,7.50,共有部分,鋼筋混凝土造,85年1月6日,七層,
RPQOMLTKIIPFFAD48CC,,101.92,住家用,磚造,,二層,
RPSNMLTKIIPFFBD68CC,39,91.74,集合住宅,鋼筋混凝土造,70年9月7日,四層,
RPSNMLTKIIPFFBD68CC,39,3.12,避難室,鋼筋混凝土造,70年9月7日,四層,
RPSNMLTKIIPFFBD68CC,39,7.80,共有部分,鋼筋混凝土造,70年9月7日,四層,
RPSOMLTKIIPFFAD68CC,21,87.59,集合住宅,鋼筋混凝土造,88年11月6日,十四層,
RPSOMLTKIIPFFAD68CC,21,2.79,共有部分,鋼筋混凝土造,88年11月6日,十四層,
RPSOMLTKIIPFFAD68CC,21,43.33,共有部分,鋼筋混凝土造,88年11月6日,十四層,
RPTOMLKLIIPFFAD08DC,46,112.75,住商用,鋼筋混凝土造,63年11月30日,三層,
RPUOMLKLIIPFFKD09CC,31,430.41,辦公室．防空避難室．倉庫。,鋼筋混凝土造,78年8月15日,二層,
RPROMLKLIIPFFID58CC,12,927.95,工業用,鋼骨造,97年12月31日,一層,
RPXNMLKLIIPFFID09CC,31,64.74,住家用,鋼筋混凝土造,79年2月20日,五層,
RPRNMLKLIIPFFAD67CC,32,118.71,住家用,鋼筋混凝土造,77年9月24日,二層,
RPRPMLKLIIPFFKD88CC,9,331.28,辦公室,鋼筋混凝土構造,101年2月2日,四層,
RPSNMLKLIIPFFHD48CC,26,135.20,住家用,鋼筋混凝土造,83年8月6日,八層,
RPPOMLKLIIPFFHD28CC,5,173.83,廠房、停車空間,鋼骨構造,104年4月30日,一層,
RPWOMLKLIIPFFHD98CC,28,116.81,住家用,鋼筋混凝土造,81年5月7日,二層,
RPTNMLKLIIPFFCD08CC,32,199.77,住商用,鋼筋混凝土造,77年12月19日,四層,
RPUNMLKLIIPFFCD18CC,30,28.61,住家用,鋼筋混凝土造,79年9月21日,七層,
RPUNMLKLIIPFFCD18CC,30,11.36,共有部分,鋼筋混凝土造,79年9月21日,七層,
RPWNMLKLIIPFFCD38CC,53,57.48,住家用,加強磚造,57年1月30日,二層,
RPSNMLKLIIPFFCD97CC,35,154.27,住家用,鋼筋混凝土造,75年2月6日,三層,
RPTOMLKLIIPFFCD18CC,34,205.30,住宅、廠房、店舖、避難室,鋼筋混凝土造,75年10月30日,五層,
RPVNMLKLIIPFFCD28CC,30,1150.99,商業用,鋼筋混凝土造,79年9月17日,二十二層,
RPVNMLKLIIPFFCD28CC,30,364.91,共有部分,鋼筋混凝土造,79年9月17日,二十二層,
RPVNMLLLIIPFFCD38CC,25,93.25,住家用,鋼筋混凝土造,84年12月21日,八層,
RPVNMLLLIIPFFCD38CC,25,20.92,共有部分,鋼筋混凝土造,84年12月21日,八層,
RPVNMLLLIIPFFCD38CC,25,8.55,共有部分,鋼筋混凝土造,84年12月21日,八層,
RPTNMLLLIIPFFCD18CC,30,14.66,住家用,鋼筋混凝土造,80年2月4日,六層,
RPTNMLLLIIPFFCD18CC,30,7.52,共有部分,鋼筋混凝土造,80年2月4日,六層,
RPXOMLLLIIPFFCD68CC,25,62.74,商業用,鋼骨造,84年6月10日,一層,
RPTPMLLLIIPFFCD38CC,43,92.48,住家用,鋼筋混凝土造,67年4月12日,四層,
RPTPMLLLIIPFFCD38CC,43,4.98,共有部分,鋼筋混凝土造,67年4月12日,四層,
RPTPMLLLIIPFFCD38CC,43,4.13,共有部分,鋼筋混凝土造,67年4月12日,四層,
RPWPMLLLIIPFFCD68CC,15,231.56,住家用,Ｒ．Ｃ造,94年8月24日,四層,
RPQOMLLLIIPFFAD77CC,24,89.95,住家用,鋼筋混凝土造,85年12月2日,十九層,
RPQOMLLLIIPFFAD77CC,24,8.38,共有部分,鋼筋混凝土造,85年12月2日,十九層,
RPQOMLLLIIPFFAD77CC,24,12.56,共有部分,鋼筋混凝土造,85年12月2日,十九層,
RPPNMLLLIIPFFAD57CC,35,77.92,住家用,鋼筋混凝土造,74年6月20日,五層,
RPPNMLLLIIPFFAD57CC,35,7.60,共有部分,鋼筋混凝土造,74年6月20日,五層,
RPSOMLLLIIPFFAD97CC,25,60.41,住家用,鋼筋混凝土造,84年9月12日,十八層,
RPSOMLLLIIPFFAD97CC,25,10.04,共有部分,鋼筋混凝土造,84年9月12日,十八層,
RPSOMLLLIIPFFAD97CC,25,8.26,共有部分,鋼筋混凝土造,84年9月12日,十八層,
RPWOMLLLIIPFFAD38CC,39,83.94,住家用,鋼筋混凝土造,71年2月24日,五層,
RPWOMLLLIIPFFAD38CC,39,12.11,共有部分,鋼筋混凝土造,71年2月24日,五層,
RPSPMLLLIIPFFAD08CC,25,61.27,住家用,鋼筋混凝土造,84年7月29日,十七層,
RPSPMLLLIIPFFAD08CC,25,16.33,共有部分,鋼筋混凝土造,84年7月29日,十七層,
RPVOMLLLIIPFFAD28CC,26,156.52,住家用,鋼筋混凝土造,83年11月21日,四層,
RPOPMLLLIIPFFAD67CC,32,79.38,住家用,鋼筋混凝土造,77年5月2日,五層,
RPOPMLLLIIPFFAD67CC,32,13.40,共有部分,鋼筋混凝土造,77年5月2日,五層,
RPVPMLLLIIPFFAD38CC,26,170.29,住商用,鋼筋混凝土造,83年5月10日,八層,
RPVPMLLLIIPFFAD38CC,26,30.36,共有部分,鋼筋混凝土造,83年5月10日,八層,
RPRPMLLLIIPFFAD97CC,27,264.57,住商用,鋼筋混凝土造,82年12月17日,三層,
RPPPMLLLIIPFFKD78CC,32,19.83,店舖、住宅、防空避難室。,鋼筋混凝土造,77年10月3日,四層,
RPTOMLLLIIPFFAD18DC,62,40.05,住家用,磚造,48年1月1日,三層,
RPUPMLLLIIPFFCD58DC,38,86.12,集合住宅,鋼筋混凝土造,71年11月29日,五層,
RPUPMLLLIIPFFCD58DC,38,6.30,共有部分,鋼筋混凝土造,71年11月29日,五層,
RPPOMLLLIIPFFBD77CC,25,179.70,住商用,鋼筋混凝土造,84年10月24日,三層,
RPVPMLLLIIPFFCD68DC,37,117.12,住家用,鋼筋混凝土造,72年8月17日,五層,
RPVPMLLLIIPFFCD68DC,37,19.06,共有部分,鋼筋混凝土造,72年8月17日,五層,
RPQOMLLLIIPFFHD58DC,2,158.71,廠房,鋼骨構造,107年11月22日,一層,
RPUNMLMLIIPFFAD18CC,30,104.18,住家用,鋼筋混凝土造,80年1月28日,五層,
RPUNMLMLIIPFFAD18CC,30,7.66,共有部分,鋼筋混凝土造,80年1月28日,五層,
RPUNMLMLIIPFFAD18CC,30,9.12,共有部分,鋼筋混凝土造,80年1月28日,五層,
RPWNMLMLIIPFFAD38CC,25,54.75,住家用,鋼筋混凝土造,84年7月29日,十七層,
RPWNMLMLIIPFFAD38CC,25,14.48,共有部分,鋼筋混凝土造,84年7月29日,十七層,
RPROMLMLIIPFFAD97CC,31,66.35,住商用,鋼筋混凝土造,79年1月16日,六層,
RPROMLMLIIPFFAD97CC,31,41.51,共有部分,鋼筋混凝土造,79年1月16日,六層,
RPUOMLMLIIPFFAD28CC,29,33.00,住商用,鋼筋混凝土造,80年11月14日,五層,
RPWOMLMLIIPFFAD48CC,39,26.00,住商用,鋼筋混凝土造,70年11月7日,四層,
RPOPMLMLIIPFFAD77CC,32,370.95,商業用,加強磚造　鋼鐵造,77年11月7日,一層,
RPQPMLMLIIPFFAD97CC,39,26.00,住商用,鋼筋混凝土造,70年11月7日,四層,
RPRPMLMLIIPFFAD08CC,39,40.00,住商用,鋼筋混凝土造,70年11月7日,四層,
RPQQMLMLIIPFFAD08CC,21,101.72,集合住宅,鋼筋混凝土造,88年7月30日,十層,
RPQQMLMLIIPFFAD08CC,21,13.78,共有部分,鋼筋混凝土造,88年7月30日,十層,
RPQQMLMLIIPFFAD08CC,21,15.32,共有部分,鋼筋混凝土造,88年7月30日,十層,
RPQQMLMLIIPFFAD08CC,21,7.90,共有部分,鋼筋混凝土造,88年7月30日,十層,
RPUNMLMLIIPFFCD38CC,33,72.26,住家用,鋼筋混凝土造,76年4月29日,五層,
RPUNMLMLIIPFFCD38CC,33,13.44,共有部分,鋼筋混凝土造,76年4月29日,五層,
RPXNMLMLIIPFFCD68CC,28,102.47,住家用,鋼筋混凝土造,81年10月22日,十五層,
RPXNMLMLIIPFFCD68CC,28,5.04,共有部分,鋼筋混凝土造,81年10月22日,十五層,
RPXNMLMLIIPFFCD68CC,28,15.94,共有部分,鋼筋混凝土造,81年10月22日,十五層,
RPUNMLMLIIPFFID98CC,1,1667.91,廠房,鋼筋混凝土構造、鋼骨構造,108年6月20日,四層,
RPTNMLMLIIPFFID88CC,40,23.00,住家用,鋼筋混凝土造,69年4月10日,三層,
RPTNMLMLIIPFFID88CC,40,23.00,住家用,鋼筋混凝土造,69年4月10日,三層,
RPPNMLNLIIPFFCD97CC,29,127.55,住家用,鋼筋混凝土造,80年7月8日,十二層,
RPPNMLNLIIPFFCD97CC,29,18.87,共有部分,鋼筋混凝土造,80年7月8日,十二層,
RPROMLNLIIPFFCD28CC,27,109.86,住家用,鋼筋混凝土造,82年10月5日,七層,
RPROMLNLIIPFFCD28CC,27,20.41,共有部分,鋼筋混凝土造,82年10月5日,七層,
RPROMLNLIIPFFCD28CC,27,9.44,共有部分,鋼筋混凝土造,82年10月5日,七層,
RPROMLNLIIPFFCD28CC,27,14.01,共有部分,鋼筋混凝土造,82年10月5日,七層,
RPWNMLNLIIPFFID66CC,38,203.37,工業用,鐵造,72年2月10日,一層,
RPXNMLNLIIPFFCD78CC,27,62.95,住家用,鋼筋混凝土造,83年2月2日,七層,
RPXNMLNLIIPFFCD78CC,27,35.41,共有部分,鋼筋混凝土造,83年2月2日,七層,
RPTOMLNLIIPFFAD28CC,36,42.77,住家用,鋼筋混凝土造,73年12月28日,十四層,
RPTOMLNLIIPFFAD28CC,36,15.30,共有部分,鋼筋混凝土造,73年12月28日,十四層,
RPWNMLNLIIPFFAD48CC,38,75.57,商業用,鋼筋混凝土造,71年10月15日,十層,
RPWNMLNLIIPFFAD48CC,38,7.22,共有部分,鋼筋混凝土造,71年10月15日,十層,
RPWNMLNLIIPFFAD48CC,38,19.16,共有部分,,71年10月15日,十層,
RPXOMLNLIIPFFAD68CC,26,40.69,住家用,鋼筋混凝土造,83年12月22日,二十一層,
RPXOMLNLIIPFFAD68CC,26,7.30,共有部分,鋼筋混凝土造,83年12月22日,二十一層,
RPXOMLNLIIPFFAD68CC,26,4.58,共有部分,鋼筋混凝土造,83年12月22日,二十一層,
RPPNMLNLIIPFFKD78CC,16,18.30,住家用,鋼筋混凝土造,93年7月27日,四層,
RPPONLNLIIPFFBD08CC,2,589.28,住宅，店舖,鋼筋混凝土造,108年2月18日,四層,
RPPOMLQLIIPFFKD56CC,26,43.41,住商用,鋼筋混凝土造,84年4月6日,五層,
RPQNMLQLIIPFFID98CC,43,9.00,住商用,加強磚造,66年8月19日,二層,
RPXNMLQLIIPFFID07CC,21,200.94,工業用,鋼筋混凝土造,88年8月2日,五層,
RPQOMLRLIIPFFID56CC,47,1347.92,廠房,鋼鐵造,63年1月1日,一層,
RPPOMLRLIIPFFHD98CC,7,18.87,住家用,鋼筋混凝土造,102年10月8日,四層,
RPROMLRLIIPFFCD68CC,6,274.24,住家用,鋼筋混凝土造,103年6月26日,四層,
RPRNMLRLIIPFFCD58CC,30,15.15,住家用,鋼筋混凝土造,80年2月4日,六層,
RPRNMLRLIIPFFCD58CC,30,8.50,共有部分,鋼筋混凝土造,80年2月4日,六層,
RPVOMLRLIIPFFCD09CC,42,84.00,住家用,加強磚造,68年1月18日,二層,
RPSOMLRLIIPFFCD78CC,6,67.14,集合住宅,鋼筋混凝土造,103年10月16日,七層,
RPSOMLRLIIPFFCD78CC,6,52.26,共有部分項目有：門廊、門廳、管委會空間、公共服務空間、有頂蓋型廣場式開放空間、污物處理區、車道、停車空間、防空避難兼停車空間。,鋼筋混凝土造,103年10月16日,七層,
RPSOMLRLIIPFFCD78CC,6,8.00,共有部分項目有：電樓梯間。,鋼筋混凝土造,103年10月16日,七層,
RPUNMLRLIIPFFAD68CC,4,58.34,集合住宅,鋼筋混凝土構造,106年1月24日,二十層,
RPUNMLRLIIPFFAD68CC,4,54.58,本共有部分之項目：防空避難室、停車空間、機房、樓梯間、機械房、水箱、門廳、梯間、管委會使用空間、水池、防災中心等。,鋼筋混凝土構造,106年1月24日,二十六層,
RPUOMLRLIIPFFKD17CC,32,128.03,住家用,加強磚造,78年3月25日,二層,
RPWNMLRLIIPFFKD27CC,25,63.44,住家用,鋼筋混凝土造,85年2月15日,九層,
RPWNMLRLIIPFFKD27CC,25,7.66,共有部分,鋼筋混凝土造,85年2月15日,九層,
RPWNMLRLIIPFFKD27CC,25,10.31,共有部分,鋼筋混凝土造,85年2月15日,九層,
RPUOMLLLIIPFFAD18CC,40,103.40,住家用,加強磚造,69年9月17日,二層,
RPWOMLSLIIPFFKD47CC,26,82.62,住家用,鋼筋混凝土造,83年5月2日,十四層,
RPWOMLSLIIPFFKD47CC,26,6.70,共有部分,鋼筋混凝土造,83年5月2日,十四層,
RPWOMLSLIIPFFKD47CC,26,7.31,共有部分,鋼筋混凝土造,83年5月2日,十四層,
RPOPMLSLIIPFFBD48CC,1,57.58,集合住宅,鋼筋混凝土造,109年1月14日,十四層,
RPOPMLSLIIPFFBD48CC,1,51.51,本共有部份之項目有：防空避難室兼停車空間、停車空間、管理維護空間、樓梯間、機械室、水塔、門廊、停車空間（車道）、排煙室、垃圾冷凍儲存空間、門廳共１１項。,鋼筋混凝土造,109年1月14日,十四層,
RPWNMLSLIIPFFCD66DC,40,155.92,住商用,鋼筋混凝土造,70年3月20日,六層,
RPSNMLSLIIPFFAD58CC,16,120.56,店舖、住宅,鋼筋混凝土造,93年5月21日,十一層,
RPSNMLSLIIPFFAD58CC,16,44.07,共有部分,鋼筋混凝土造,93年5月21日,十一層,
RPPOMLSLIIPFFAD38CC,27,19.99,住家用,鋼筋混凝土造,82年12月28日,五層,
RPPOMLSLIIPFFAD38CC,27,1.80,共有部分,鋼筋混凝土造,82年12月28日,五層,
RPPOMLSLIIPFFAD38CC,27,3.29,共有部分,鋼筋混凝土造,82年12月28日,五層,
RPPOMLSLIIPFFAD38CC,27,2.16,共有部分,鋼筋混凝土造,82年12月28日,五層,
RPQOMLSLIIPFFAD48CC,33,47.57,住家用,鋼筋混凝土造,76年10月17日,五層,
RPQOMLSLIIPFFAD48CC,33,8.26,共有部分,鋼筋混凝土造,76年10月17日,五層,
RPTOMLSLIIPFFAD78CC,46,96.97,住家用,加強磚造,63年8月16日,二層,
RPTQMLSLIIPFFCD56CC,24,75.53,住家用,鋼筋混凝土造,86年4月19日,七層,
RPTQMLSLIIPFFCD56CC,24,10.14,共有部分,鋼筋混凝土造,86年4月19日,七層,
RPTQMLSLIIPFFCD56CC,24,20.56,共有部分,鋼筋混凝土造,86年4月19日,七層,
RPOOMLSLIIPFFHD98CC,3,52.18,集合住宅,鋼筋混凝土造,106年9月8日,十一層,
RPSNMLSLIIPFFCD78CC,39,16.52,住家用,鋼筋混凝土造,70年12月14日,五層,
RPOOMLSLIIPFFHD98CC,3,24.40,停車空間、昇降機間、樓梯間、排煙室＋昇降機間、梯廳、電信室、管理維護空間、機械室、水塔。,鋼筋混凝土造,106年9月8日,十一層,
RPROMLTLIIPFFID86CC,4,55.20,住家用,鋼筋混凝土構造,106年3月21日,三層,
RPSNMLTLIIPFFCD88CC,45,103.33,住商用,鋼筋混凝土造,65年4月8日,三層,
RPPOMLSLIIPFFHD09CC,26,161.13,住家用,鋼筋混凝土造,83年11月29日,四層,
RPQNMLTLIIPFFID66CC,43,9.00,住商用,加強磚造,66年8月19日,二層,
RPVNMLTLIIPFFAD98CC,17,778.47,店舖、住宅,鋼骨造,92年11月20日,二層,
RPROMLTLIIPFFAD68CC,40,80.10,住家用,鋼筋混凝土造,69年10月3日,四層,
RPUOMLTLIIPFFAD98CC,4,94.79,集合住宅,鋼筋混凝土構造,105年6月4日,二十七層,
RPUOMLTLIIPFFAD98CC,4,54.07,共有部分包括：樓梯間、門廳、公共服務空間、管理委員會使用空間、機械室、水箱、防空避難設備兼停車空間、停車空間。,鋼筋混凝土構造,105年6月4日,二十七層,
RPUOMLTLIIPFFAD98CC,4,24.68,共有部分包括：樓梯間、梯廳,鋼筋混凝土構造,105年6月4日,二十七層,
RPVQMLTLIIPFFKD67CC,27,181.61,住宅、梯間。,鋼筋混凝土造,82年10月14日,五層,
RPRNMLKMIIPFFAD77CC,4,94.79,集合住宅,鋼筋混凝土構造,105年6月4日,二十七層,
RPRNMLKMIIPFFAD77CC,4,54.07,共有部分包括：樓梯間、門廳、公共服務空間、管理委員會使用空間、機械室、水箱、防空避難設備兼停車空間、停車空間。,鋼筋混凝土構造,105年6月4日,二十七層,
RPRNMLKMIIPFFAD77CC,4,24.68,共有部分包括：樓梯間、梯廳,鋼筋混凝土構造,105年6月4日,二十七層,
RPROMLKMIIPFFDD18CC,39,93.52,住家用,加強磚造,70年12月31日,二層,
RPWOMLKMIIPFFAD38CC,52,200.56,住商用,加強磚造,58年1月3日,三層,
RPWOMLMJJIPFFID56CC,54,113.27,住家用,鋼筋混凝土加強磚造,56年1月1日,二層,
RPWOMLMJJIPFFID56CC,43,120.96,住家用,加強磚造,67年1月1日,二層,
RPWNMLKMIIPFFCD48CC,26,91.17,住家用,鋼筋混凝土造,83年12月20日,六層,
RPWNMLKMIIPFFCD48CC,26,27.46,共有部分,鋼筋混凝土造,83年12月20日,六層,
RPVNMLMJJIPFFCD38CC,13,64.76,住家用,鋼筋混凝土造,96年9月6日,十四層,
RPVNMLMJJIPFFCD38CC,13,13.44,共有部分,鋼筋混凝土造,96年9月6日,十四層,
RPVNMLMJJIPFFCD38CC,13,11.09,共有部分,鋼筋混凝土造,96年9月6日,十四層,
RPWOMLMJJIPFFHD09CC,7,24.45,住家用,鋼筋混凝土造,102年11月26日,三層,
RPXPMLMJJIPFFHD66CC,13,996.33,店舖，住宅，門廊，騎樓,鋼骨鋼筋混凝土造,96年5月15日,四層,
RPOQMLMJJIPFFHD48CC,45,188.23,住家用,加強磚造,65年1月1日,三層,
RPUOMLNJJIPFFKD66CC,30,118.65,辦公室。,鋼骨造,79年12月5日,二十四層,
RPTOMLMJJIPFFKD09CC,30,182.73,住家用,鋼筋混凝土造,80年3月11日,三層,
RPVNMLNJJIPFFID66EC,43,9.00,住商用,加強磚造,66年8月19日,二層,
RPUNMLNJJIPFFID56EC,43,9.00,住商用,加強磚造,66年8月19日,二層,
RPWNMLNJJIPFFID76EC,43,9.00,住商用,加強磚造,66年8月19日,二層,
RPUOMLOJJIPFFAD38CC,5,88.81,集合住宅,鋼筋混凝土構造,104年11月5日,二十四層,
RPRNMLOJJIPFFCD18CC,28,93.49,住家用,鋼筋混凝土造,81年12月10日,八層,
RPUOMLOJJIPFFAD38CC,5,64.51,本共有部分之項目：有樓梯間、門廊、門廳、管委會使用空間、防災中心、停車空間、防空避難室、車道、游泳池、機房自來水池等項,鋼筋混凝土構造,104年11月5日,二十四層,
RPRNMLOJJIPFFCD18CC,28,29.35,共有部分,鋼筋混凝土造,81年12月10日,八層,
RPXOMLNJJIPFFAD58CC,14,62.56,店舖、住宅、停車空間,ＲＣ造,95年7月7日,四層,
RPQPMLNJJIPFFAD97CC,11,138.88,集合住宅,鋼筋混凝土造,98年9月8日,十九層,
RPQPMLNJJIPFFAD97CC,11,73.04,共有部分,鋼筋混凝土造,98年9月8日,十九層,
RPQPMLNJJIPFFAD97CC,11,18.33,共有部分,鋼筋混凝土造,98年9月8日,十九層,
RPXNMLOJJIPFFAD58CC,13,55.30,集合住宅,鋼筋混凝土構造,96年8月24日,十四層,
RPXNMLOJJIPFFAD58CC,13,7.49,共有部分,鋼筋混凝土構造,96年8月24日,十四層,
RPXNMLOJJIPFFAD58CC,13,11.77,共有部分,鋼筋混凝土構造,96年8月24日,十四層,
RPVNMLOJJIPFFCD58CC,38,107.55,住家用,鋼筋混凝土造,71年7月22日,五層,
RPVNMLOJJIPFFCD58CC,38,13.55,共有部分,鋼筋混凝土造,71年7月22日,五層,
RPQNMLOJJIPFFCD08CC,41,90.59,住商用,鋼筋混凝土造,68年8月20日,二層,
RPOOMLOJJIPFFCD97CC,35,105.82,住商用,鋼筋混凝土造,74年6月18日,三層,
RPPOMLOJJIPFFCD08CC,35,140.86,住商用,鋼筋混凝土造,74年6月18日,三層,
RPRPMLOJJIPFFKD56CC,22,303.93,門廊，廠房,鋼筋混凝土造,87年12月16日,二層,
RPTPMLOJJIPFFKD76CC,26,63.54,住商用,鋼筋混凝土造,83年9月22日,十四層,
RPTPMLOJJIPFFKD76CC,26,35.17,避難室、停車空間。,鋼筋混凝土造,83年9月22日,十四層,
RPTPMLOJJIPFFKD76CC,26,32.06,共有部分,鋼筋混凝土造,83年9月22日,十四層,
RPQOMLPJJIPFFKD09CC,28,98.82,辦公室。,鋼筋混凝土造,81年12月15日,二十二層,
RPUNMLPJJIPFFHD56DC,25,141.95,住家用,鋼筋混凝土造,84年12月20日,三層,
RPSOMLPJJIPFFCD48CC,27,253.63,住商用,鋼筋混凝土造,82年5月24日,五層,
RPVRMLPJJIPFFAD88CC,13,26.61,集合住宅,鋼筋混凝土構造,96年8月24日,十四層,
RPVRMLPJJIPFFAD88CC,13,3.58,共有部分,鋼筋混凝土構造,96年8月24日,十四層,
RPVRMLPJJIPFFAD88CC,13,6.87,共有部分,鋼筋混凝土構造,96年8月24日,十四層,
RPVNMLPJJIPFFCD68CC,40,99.34,住家用,鋼筋混凝土造,69年11月7日,四層,
RPVNMLPJJIPFFCD68CC,40,21.15,共有部分,鋼筋混凝土造,69年11月7日,四層,
RPUNMLPJJIPFFCD58CC,25,51.96,住家用,鋼筋混凝土造,84年12月21日,八層,
RPUNMLPJJIPFFCD58CC,25,9.93,共有部分,鋼筋混凝土造,84年12月21日,八層,
RPUNMLPJJIPFFCD58CC,25,5.00,共有部分,鋼筋混凝土造,84年12月21日,八層,
RPPOMLPJJIPFFKD98CC,23,162.76,住家用,鋼筋混凝土造,86年5月29日,二十層,
RPUQMLQJJIPFFAD78CC,3,47.06,住宅、停車空間,鋼筋混凝土構造,107年3月29日,四層,
RPTPMLPJJIPFFKD86CC,36,45.84,住家用,鋼筋混凝土造,73年10月29日,五層,
RPTPMLPJJIPFFKD86CC,36,7.02,共有部分,鋼筋混凝土造,73年10月29日,五層,
RPWNMLQJJIPFFHD76CC,41,74.72,住家用,加強磚造,68年12月15日,二層,
RPUTMLPJJIPFFAD98CC,46,112.52,住商用,加強磚造,63年7月9日,三層,
RPROMLQJJIPFFKD66CC,27,99.18,住家用,鋼筋混凝土造,82年7月31日,四層,
RPTOMLQJJIPFFKD86CC,31,150.77,住家用,鋼筋混凝土造,79年2月1日,二層,
RPWPMLTJJIPFFKD57CC,43,329.38,工業用,鋼造,67年2月25日,一層,
RPUOMLQJJIPFFKD96CC,,63.16,住家用,鋼筋混凝土構造,109年6月20日,五層,
RPUOMLQJJIPFFKD96CC,,21.98,本共有部分之項目有停車空間，管理維護使用空間，電信室，門廊，梯廳，昇降機道，梯間等７項,鋼筋混凝土構造,109年6月20日,五層,
RPVOMLQJJIPFFKD07CC,40,100.19,住商用,加強磚造,69年6月28日,二層,
RPQNMLSJJIPFFKD66CC,13,42.40,住商用,鋼筋混凝土造,96年7月31日,四層,
RPQNMLSJJIPFFKD66CC,13,36.07,住商用,鋼筋混凝土造,96年7月31日,四層,
RPQNMLSJJIPFFKD66CC,13,36.07,住商用,鋼筋混凝土造,96年7月31日,四層,
RPQNMLSJJIPFFKD66CC,13,18.80,住商用,鋼筋混凝土造,96年7月31日,四層,
RPQNMLSJJIPFFKD66CC,13,42.25,住商用,鋼筋混凝土造,96年7月31日,四層,
RPQOMLTJJIPFFCD78DC,61,169.66,住商用,加強磚造,49年4月30日,二層,
RPVOMLTJJIPFFBD09CC,2,162.78,集合住宅、停車空間,鋼筋混凝土造,108年1月14日,三層,
RPPNMLSJJIPFFKD56CC,13,42.34,住商用,鋼筋混凝土造,96年7月31日,四層,
RPPNMLSJJIPFFKD56CC,13,.94,住商用,鋼筋混凝土造,96年7月31日,四層,
RPSNMLTJJIPFFAD58CC,31,127.11,住家用,鋼筋混凝土造,78年5月20日,七層,
RPPOMLKKJIPFFHD28CC,1,266.21,店舖、住宅,鋼筋混凝土造,108年10月1日,四層,
RPSNMLTJJIPFFAD58CC,31,27.63,共有部分,鋼筋混凝土造,78年5月20日,七層,
RPXOMLKKJIPFFCD58CC,39,101.84,廠房、辦公室、宿舍、守衛室,鋼筋混凝土造,70年10月23日,三層,
RPSNMLKKJIPFFAD87DC,42,15.20,住家用,加強磚造,67年11月11日,二層,
RPPNMLKKJIPFFCD67CC,28,119.48,住商用,鋼筋混凝土造,82年4月23日,二層,
RPSNMLKKJIPFFID68DC,25,289.41,工商用,鋼造,84年9月21日,二層,
RPXOMLKKJIPFFKD76CC,,63.16,住家用,鋼筋混凝土構造,109年6月20日,五層,
RPXOMLKKJIPFFKD76CC,,30.29,本共有部分之項目有停車空間，管理維護使用空間，電信室，門廊，梯廳，昇降機道，梯間等７項,鋼筋混凝土構造,109年6月20日,五層,
RPPOMLLKJIPFFKD68CC,30,29.37,辦公室。,鋼筋混凝土造,80年3月15日,七層,
RPPOMLLKJIPFFKD68CC,30,11.70,共有部分,鋼筋混凝土造,80年3月15日,七層,
RPROMLLKJIPFFKD88CC,29,13.71,住家用,鋼筋混凝土造,80年10月22日,八層,
RPROMLLKJIPFFKD88CC,29,8.36,共有部分,鋼筋混凝土造,80年10月22日,八層,
RPUOMLLKJIPFFCD38CC,26,100.48,住家用,鋼筋混凝土造,83年11月7日,九層,
RPUOMLLKJIPFFCD38CC,26,49.90,共有部分,鋼筋混凝土造,83年11月7日,九層,
RPQOMLLKJIPFFKD78CC,25,33.76,住家用,鋼筋混凝土造,85年4月26日,十層,
RPQOMLLKJIPFFKD78CC,25,8.61,共有部分,鋼筋混凝土造,85年4月26日,十層,
RPQOMLLKJIPFFKD78CC,25,5.84,共有部分,鋼筋混凝土造,85年4月26日,十層,
RPVOMLLKJIPFFCD48CC,46,77.44,住家用,加強磚造,63年11月13日,二層,
RPXNMLLKJIPFFID66DC,5,83.87,集合住宅。,鋼筋混凝土造,104年12月30日,十四層,
RPXNMLLKJIPFFID66DC,5,47.47,本共有部分之項目有發電機室、台電配電場所、電錶室、電信室、安全梯、梯廳、電梯、消防機房、污水機房、水箱、停車空間、停車空間兼防空避難室、管理委員會空間、排煙室、緊急昇降梯。,鋼筋混凝土造,104年12月30日,十四層,
RPXNMLLKJIPFFID66DC,5,17.70,本共有部分之項目有安全梯、排煙室、緊急昇降梯、電梯、樓梯間、機房、水箱。,鋼筋混凝土造,104年12月30日,十四層,
RPTOMLLKJIPFFCD28CC,37,26.58,住家用,鋼筋混凝土造,72年9月8日,七層,
RPTOMLLKJIPFFCD28CC,37,12.62,共有部分,鋼筋混凝土造,72年9月8日,七層,
RPOOMLLKJIPFFAD57CC,36,22.98,住家用,鋼筋混凝土造,73年12月28日,十四層,
RPOOMLLKJIPFFAD57CC,36,7.75,共有部分,鋼筋混凝土造,73年12月28日,十四層,
RPROMLLKJIPFFAD87CC,36,28.51,住家用,鋼筋混凝土造,73年12月28日,十四層,
RPROMLLKJIPFFAD87CC,36,10.16,共有部分,鋼筋混凝土造,73年12月28日,十四層,
RPXNMLMKJIPFFBD58CC,13,453.42,住宅，停車空間,鋼筋混凝土造,96年10月3日,四層,
RPUOMLMKJIPFFCD48CC,9,87.03,停車空間、住宅、店舖,鋼筋混凝土造,100年9月16日,三層,
RPPNMLMKJIPFFKD68CC,41,72.16,住家用,鋼筋混凝土造,68年10月2日,四層,
RPVPMLMKJIPFFKD86CC,8,63.67,集合住宅,鋼筋混凝土構造,101年8月17日,十九層,
RPVPMLMKJIPFFKD86CC,8,31.75,防空避難室兼停車空間，機電設備，社區文康室，社區運動室，梯廳，機械室，水箱,鋼筋混凝土構造,101年8月17日,十九層,
RPTOMLNKJIPFFCD48CC,26,42.44,住家用,鋼筋混凝土造,83年10月29日,七層,
RPTOMLNKJIPFFCD48CC,26,10.45,共有部分,鋼筋混凝土造,83年10月29日,七層,
RPTOMLNKJIPFFCD48CC,26,6.81,共有部分,鋼筋混凝土造,83年10月29日,七層,
RPPOMLNKJIPFFAD87CC,32,22.21,住家用,鋼筋混凝土造,78年4月10日,五層,
RPPOMLNKJIPFFAD87CC,32,4.56,共有部分,鋼筋混凝土造,78年4月10日,五層,
RPSNMLNKJIPFFAD08CC,14,342.24,店舖、住宅,ＲＣ造,96年3月23日,四層,
RPSNMLNKJIPFFAD08CC,14,106.58,共有部分,ＲＣ造,96年3月23日,四層,
RPSNMLNKJIPFFAD08CC,14,51.48,共有部分,ＲＣ造,96年3月23日,四層,
RPRNMLNKJIPFFID78CC,27,181.53,工商用,鐵骨造、ＲＣ造,82年5月22日,三層,
RPWOMLQKJIPFFCD09CC,31,16.32,住家用,鋼筋混凝土造,78年12月20日,五層,
RPWOMLQKJIPFFCD09CC,31,7.46,共有部分,鋼筋混凝土造,78年12月20日,五層,
RPPPMLNKJIPFFAD97CC,19,230.12,店舖、住宅,鋼筋混凝土造,90年12月3日,四層,
RPVOMLQKJIPFFCD98CC,13,64.42,住家用,鋼筋混凝土造,96年9月6日,十四層,
RPVOMLQKJIPFFCD98CC,13,13.44,共有部分,鋼筋混凝土造,96年9月6日,十四層,
RPVOMLQKJIPFFCD98CC,13,13.44,共有部分,鋼筋混凝土造,96年9月6日,十四層,
RPXNMLQKJIPFFHD96CC,4,270.09,店舖、出租宿舍、停車空間,鋼筋混凝土造,105年9月9日,四層,
RPXNMLQKJIPFFHD96CC,4,270.09,店舖、出租宿舍、停車空間,鋼筋混凝土造,105年9月9日,四層,
RPRNMLOKJIPFFCD28CC,47,124.04,住商用,加強磚造,62年10月12日,二層,
RPSNMLQKJIPFFAD38CC,63,109.20,住商用,磚造,47年1月1日,三層,
RPOOMLQKJIPFFKD56DC,23,217.73,住商用,鋼筋混凝土造,87年4月21日,四層,
RPSNMLRKJIPFFHD56CC,2,192.98,住家用,鋼筋混凝土造,108年1月4日,四層,
RPTNMLQKJIPFFAD48CC,13,268.33,住宅、停車空間,鋼筋混凝土造,96年6月12日,四層,
RPUNMLRKJIPFFAD68CC,23,111.35,住家用,鋼筋混凝土造,86年10月22日,二十四層,
RPUNMLRKJIPFFAD68CC,23,30.39,共有部分,鋼筋混凝土造,86年10月22日,二十四層,
RPUNMLRKJIPFFAD68CC,23,16.91,共有部分,鋼筋混凝土造,86年10月22日,二十四層,
RPUNMLRKJIPFFAD68CC,23,.17,管理室,鋼筋混凝土造,86年10月22日,二十四層,
RPQTMLSKJIPFFAD98CC,4,75.45,集合住宅,鋼筋混凝土構造,106年1月24日,二十三層,
RPQTMLSKJIPFFAD98CC,4,67.30,本共有部分之項目：防空避難室、停車空間、機房、樓梯間、機械房、水箱、門廳、梯間、管委會使用空間、水池、防災中心等。,鋼筋混凝土構造,106年1月24日,二十六層,
RPPUMLRKJIPFFAD88CC,44,106.41,住商用,加強磚造,65年12月3日,二層,
RPUOMLSKJIPFFID07CC,44,99.72,住家用,加強磚造,65年10月1日,二層,
RPUTMLSKJIPFFAD76CC,24,87.85,住家用,鋼筋混凝土造,85年8月22日,十層,
RPUTMLSKJIPFFAD76CC,24,52.49,共有部分,鋼筋混凝土造,85年8月22日,十層,
RPRTMLSKJIPFFAD09CC,4,58.14,集合住宅,鋼筋混凝土構造,105年11月9日,二十七層,
RPRTMLSKJIPFFAD09CC,4,28.17,本共有部分之項目有：樓梯間、機房、水箱、特別安全梯、梯廳、排煙管道、排煙室、行動不便電梯、緊急升降機、管道間、進風管道、防空避難室、停車空間、管委會使用空間,鋼筋混凝土構造,105年11月9日,二十七層,
RPTTMLSKJIPFFAD66CC,4,58.92,集合住宅,鋼筋混凝土構造,106年1月24日,二十三層,
RPTTMLSKJIPFFAD66CC,4,28.41,本共有部分之項目：防空避難室、停車空間、機房、樓梯間、機械房、水箱、門廳、梯間、管委會使用空間、水池、防災中心等。,鋼筋混凝土構造,106年1月24日,二十六層,
RPWOMLSKJIPFFKD47CC,14,216.95,住家用,鋼筋混凝土造,96年2月15日,四層,
RPXOMLSKJIPFFKD57CC,27,25.56,住家用,鋼筋混凝土造,82年12月30日,九層,
RPXOMLSKJIPFFKD57CC,27,13.24,共有部分,鋼筋混凝土造,82年12月30日,九層,
RPVOMLSKJIPFFKD37CC,26,40.48,辦公室。,鋼筋混凝土造,84年3月31日,十五層,
RPVOMLSKJIPFFKD37CC,26,8.86,共有部分,鋼筋混凝土造,84年3月31日,十五層,
RPOPMLSKJIPFFKD76CC,26,178.40,住家用,鋼筋混凝土造,83年10月6日,十二層,
RPOPMLTKJIPFFGD09CC,26,33.91,住家用,鋼筋混凝土造,84年5月1日,六層,
RPOPMLTKJIPFFGD09CC,26,8.46,共有部分,鋼筋混凝土造,84年5月1日,六層,
RPOPMLSKJIPFFKD76CC,26,27.46,共有部分,鋼筋混凝土造,83年10月20日,十二層,
RPTOMLTKJIPFFGD86CC,30,291.97,住商用,鋼筋混凝土造,79年11月30日,三層,
RPOOMLTKJIPFFID56CC,30,610.43,工業用,鋼筋混凝土加強磚造,80年5月6日,二層,
RPOOMLTKJIPFFID56CC,30,606.80,防空避難室、宿舍、辦公室、停車場,鋼筋混凝土造,80年5月6日,四層,
RPTNMLTKJIPFFID96CC,1,96.54,集合住宅,鋼筋混凝土構造,108年12月12日,五層,
RPTNMLTKJIPFFID96CC,1,43.77,本共有部分之項目有門廊、安全梯、停車空間、管理室、樓梯間、梯廳、昇降機間、電信室等８項,鋼筋混凝土構造,108年12月12日,五層,
RPTOMLKLJIPFFCD28CC,21,58.25,住家用,鋼筋混凝土造,89年2月2日,八層,
RPTOMLKLJIPFFCD28CC,21,14.57,共有部分,鋼筋混凝土造,89年2月2日,八層,
RPPNMLKLJIPFFCD77CC,30,20.04,商業用,鋼筋混凝土造,79年9月26日,十二層,
RPPNMLKLJIPFFCD77CC,30,10.57,共有部分,鋼筋混凝土造,79年9月26日,十二層,
RPQNMLMLJIPFFAD87CC,53,183.10,住家用,加強磚造,56年6月22日,五層,
RPTNMLKLJIPFFAD97CC,30,54.97,住商用,鋼筋混凝土造,80年2月12日,五層,
RPTNMLKLJIPFFAD97CC,30,19.19,共有部分,鋼筋混凝土造,80年2月12日,五層,
RPOOMLNLJIPFFCD08CC,14,8.80,共有部分,ＲＣ造,95年11月22日,十三層,
RPOOMLNLJIPFFCD08CC,14,62.30,住家用,ＲＣ造,95年11月22日,十三層,
RPOOMLNLJIPFFCD08CC,14,33.89,共有部分,ＲＣ造,95年11月22日,十三層,
RPOSMLNLJIPFFAD28CC,28,81.11,住商用,鋼筋混凝土造,82年1月7日,六層,
RPOSMLNLJIPFFAD28CC,28,7.97,共有部分,鋼筋混凝土造,82年1月7日,六層,
RPOSMLNLJIPFFAD28CC,28,8.29,共有部分,鋼筋混凝土造,82年1月7日,六層,
RPXQMLNLJIPFFAD98CC,41,18.51,商業用,鋼筋混凝土造,68年12月14日,三層,
RPOQMLNLJIPFFHD78CC,2,56.22,集合住宅,鋼筋混凝土造,107年6月28日,七層,
RPWNMLNLJIPFFBD68CC,8,226.15,住家用,鋼筋混凝土造,101年11月5日,四層,
RPWNMLNLJIPFFBD68CC,8,.39,本共有部份之項目有垃圾處理空間，管理維護空間等二項,鋼筋混凝土造,101年11月5日,一層,
RPXNMLNLJIPFFBD78CC,8,26.45,集合住宅，停車空間,鋼筋混凝土造,101年12月4日,四層,
RPVPMLNLJIPFFKD17DC,24,86.72,住家用,鋼筋混凝土造,85年5月22日,十六層,
RPVPMLNLJIPFFKD17DC,24,36.50,共有部分,鋼筋混凝土造,85年5月22日,十六層,
RPXQMLNLJIPFFKD37CC,10,19.84,住宅，停車空間,鋼筋混凝土造,99年12月30日,四層,
RPVOMLOLJIPFFKD07CC,13,109.87,住家用,鋼筋混凝土造,96年9月20日,十四層,
RPVOMLOLJIPFFKD07CC,13,67.84,共有部分,鋼筋混凝土造,96年9月20日,十四層,
RPVOMLOLJIPFFID86CC,34,311.10,住工用,鋼筋混凝土加強磚造,75年5月30日,二層,
RPPUMLOLJIPFFKD07CC,22,24.13,一般事務所。,鋼筋混凝土造,87年10月26日,十一層,
RPUOMLOLJIPFFKD96CC,21,16.92,住家用,鋼筋混凝土造,88年8月24日,十四層,
RPUOMLOLJIPFFKD96CC,21,.39,共有部分,鋼筋混凝土造,88年8月24日,十四層,
RPUOMLOLJIPFFKD96CC,21,.70,共有部分,鋼筋混凝土造,88年8月24日,十四層,
RPUOMLOLJIPFFKD96CC,21,4.23,共有部分,鋼筋混凝土造,88年8月24日,十四層,
RPRNMLOLJIPFFID98CC,25,55.33,住商用,鋼筋混凝土造,84年8月29日,九層,
RPRNMLOLJIPFFID98CC,25,28.44,共有部分,鋼筋混凝土造,84年8月29日,九層,
RPRNMLOLJIPFFCD38CC,16,44.92,店舖、住宅、停車空間,ＲＣ造,93年8月11日,四層,
RPQNMLOLJIPFFCD28CC,25,55.88,住家用,鋼筋混凝土造,84年11月15日,二十三層,
RPQNMLOLJIPFFCD28CC,25,4.89,共有部分,鋼筋混凝土造,84年11月15日,二十三層,
RPQNMLOLJIPFFCD28CC,25,15.31,共有部分,鋼筋混凝土造,84年11月15日,二十三層,
RPQNMLOLJIPFFCD28CC,25,2.32,共有部分,鋼筋混凝土造,84年11月15日,二十三層,
RPVNMLOLJIPFFCD78CC,39,85.86,住家用,鋼筋混凝土造,70年9月4日,五層,
RPVNMLOLJIPFFCD78CC,39,1.16,共有部分,鋼筋混凝土造,70年9月4日,五層,
RPTOMLOLJIPFFCD68CC,27,87.48,住商用,鋼筋混凝土造,83年4月1日,十四層,
RPTOMLOLJIPFFCD68CC,27,16.42,共有部分,鋼筋混凝土造,83年4月1日,十四層,
RPPOMLOLJIPFFCD28CC,40,125.28,住家用,鋼筋混凝土造,69年12月4日,三層,
RPVOMLOLJIPFFCD88CC,21,91.94,集合住宅,鋼筋混凝土造,88年11月16日,十二層,
RPVOMLOLJIPFFCD88CC,21,.21,集合住宅,鋼筋混凝土造,88年11月16日,十二層,
RPVOMLOLJIPFFCD88CC,21,21.57,共有部分,鋼筋混凝土造,88年11月16日,十二層,
RPVOMLOLJIPFFCD88CC,21,15.88,共有部分,鋼筋混凝土造,88年11月16日,十二層,
RPXNMLOLJIPFFAD78CC,39,42.07,住家用,鋼筋混凝土造,70年7月20日,五層,
RPXNMLOLJIPFFAD78CC,39,9.29,共有部分,鋼筋混凝土造,70年7月20日,五層,
RPWOMLOLJIPFFCD98CC,38,87.02,集合住宅,鋼筋混凝土造,71年12月10日,五層,
RPWOMLOLJIPFFCD98CC,38,6.23,共有部分,鋼筋混凝土造,71年12月10日,五層,
RPVOMLOLJIPFFAD68CC,30,304.80,住商用,鋼筋混凝土造,80年4月2日,四層,
RPTOMLOLJIPFFAD48CC,25,34.95,住家用,鋼筋混凝土造,84年10月24日,十三層,
RPROMLOLJIPFFAD28CC,13,26.61,集合住宅,鋼筋混凝土構造,96年8月24日,十四層,
RPTOMLOLJIPFFAD48CC,25,9.36,共有部分,鋼筋混凝土造,84年10月24日,十三層,
RPROMLOLJIPFFAD28CC,13,3.59,共有部分,鋼筋混凝土構造,96年8月24日,十四層,
RPROMLOLJIPFFAD28CC,13,6.87,共有部分,鋼筋混凝土構造,96年8月24日,十四層,
RPOQMLOLJIPFFAD18CC,35,94.33,住家用,鋼筋混凝土造,75年1月11日,二層,
RPWOMLOLJIPFFAD78CC,27,100.53,住家用,鋼筋混凝土造,82年6月12日,十二層,
RPWOMLOLJIPFFAD78CC,27,23.17,共有部分,鋼筋混凝土造,82年6月12日,十二層,
RPWNMLPLJIPFFAD78CC,13,49.93,集合住宅,鋼筋混凝土構造,96年8月24日,十四層,
RPWNMLPLJIPFFAD78CC,13,6.74,共有部分,鋼筋混凝土構造,96年8月24日,十四層,
RPWNMLPLJIPFFAD78CC,13,10.58,共有部分,鋼筋混凝土構造,96年8月24日,十四層,
RPOOMLPLJIPFFAD08CC,13,94.87,店舖、辦公室,鋼筋混凝土構造,96年8月24日,十四層,
RPOOMLPLJIPFFAD08CC,13,22.52,共有部分,鋼筋混凝土構造,96年8月24日,十四層,
RPOOMLPLJIPFFAD08CC,13,15.66,共有部分,鋼筋混凝土構造,96年8月24日,十四層,
RPPOMLPLJIPFFAD18CC,13,70.95,店舖、辦公室,鋼筋混凝土構造,96年8月24日,十四層,
RPPOMLPLJIPFFAD18CC,13,22.52,共有部分,鋼筋混凝土構造,96年8月24日,十四層,
RPPOMLPLJIPFFAD18CC,13,15.66,共有部分,鋼筋混凝土構造,96年8月24日,十四層,
RPWOMLPLJIPFFAD88CC,25,36.38,住商用,鋼筋混凝土造,84年6月15日,五層,
RPROMLPLJIPFFHD09CC,44,111.13,住商用,加強磚造,65年7月1日,二層,
RPOOMLPLJIPFFCD28CC,13,28.99,住家用,鋼筋混凝土造,97年2月29日,十四層,
RPOOMLPLJIPFFCD28CC,13,32.95,共有部分,鋼筋混凝土造,97年2月29日,十四層,
RPOOMLPLJIPFFCD28CC,13,8.57,共有部分,鋼筋混凝土造,97年2月29日,十四層,
RPQPMLPLJIPFFAD48DC,55,77.03,住家用,加強磚造,55年1月1日,二層,
RPXNMLQLJIPFFHD07CC,37,113.44,住家用,鋼筋混凝土造,73年1月11日,二層,
RPVOMLPLJIPFFCD09DC,37,82.28,住家用,鋼筋混凝土造,73年1月10日,五層,
RPRPMLPLJIPFFAD58DC,42,86.23,住家用,加強磚造,67年12月7日,二層,
RPVOMLPLJIPFFCD09DC,37,8.77,共有部分,鋼筋混凝土造,73年1月11日,五層,
RPVOMLPLJIPFFCD09DC,37,8.99,共有部分,鋼筋混凝土造,73年1月11日,五層,
RPPPMLQLJIPFFKD76CC,28,62.45,住家用,鋼筋混凝土造,82年3月10日,十層,
RPPPMLQLJIPFFKD76CC,28,17.70,共有部分,鋼筋混凝土造,82年3月10日,十一層,
RPPPMLQLJIPFFKD76CC,28,13.30,共有部分,鋼筋混凝土造,82年3月10日,十一層,
RPOPMLPLJIPFFAD28DC,34,143.01,住家用,鋼筋混凝土造,75年8月8日,五層,
RPOPMLPLJIPFFAD28DC,34,6.49,共有部分,鋼筋混凝土造,75年8月8日,五層,
RPPNMLQLJIPFFCD38CC,27,103.72,住家用,鋼筋混凝土造,83年5月19日,八層,
RPPNMLQLJIPFFCD38CC,27,54.32,共有部分,鋼筋混凝土造,83年5月19日,八層,
RPRNMLQLJIPFFCD58CC,48,99.22,住家用,加強磚造,61年12月11日,二層,
RPUNMLQLJIPFFAD68CC,31,42.03,住家用,鋼筋混凝土造,78年10月2日,十二層,
RPUNMLQLJIPFFAD68CC,31,10.32,共有部分,鋼筋混凝土造,78年10月2日,十二層,
RPUNMLQLJIPFFAD68CC,31,21.29,共有部分,鋼筋混凝土造,78年10月2日,十二層,
RPWNMLQLJIPFFAD88CC,44,99.93,住商用,加強磚造,66年5月5日,二層,
RPXNMLQLJIPFFAD98CC,45,218.04,住商用,鋼筋混凝土造,64年10月7日,三層,
RPRNMLRLJIPFFCD68CC,36,52.89,住家用,鋼筋混凝土造,74年4月27日,七層,
RPQOMLQLJIPFFAD38CC,4,93.96,集合住宅,鋼筋混凝土構造,106年1月19日,十四層,
RPQOMLQLJIPFFAD38CC,4,68.21,本共有部分之項目有：防空避難室兼停車空間、停車空間、車道、外廊、管委會使用空間、梯廳、排煙室、樓梯間、垃圾暫存空間、機械室、水箱、門廊、昇降梯間、陽台等。,鋼筋混凝土構造,106年1月19日,十四層,
RPUOMLRLJIPFFKD27CC,6,23.15,停車空間，住宅,鋼筋混凝土構造,103年7月15日,四層,
RPSNMLRLJIPFFAD68DC,36,35.85,住家用,鋼筋混凝土造,73年12月28日,十四層,
RPSNMLRLJIPFFAD68DC,36,12.04,共有部分,鋼筋混凝土造,73年12月28日,十四層,
RPTNMLRLJIPFFAD78DC,36,22.98,住家用,鋼筋混凝土造,73年12月28日,十四層,
RPTNMLRLJIPFFAD78DC,36,7.75,共有部分,鋼筋混凝土造,73年12月28日,十四層,
RPQNMLSLJIPFFAD48CC,13,21.16,集合住宅,鋼筋混凝土構造,96年8月24日,十四層,
RPQNMLSLJIPFFAD48CC,13,2.88,共有部分,鋼筋混凝土構造,96年8月24日,十四層,
RPQNMLSLJIPFFAD48CC,13,5.50,共有部分,鋼筋混凝土構造,96年8月24日,十四層,
RPOOMLRLJIPFFBD38CC,40,109.90,住商用,加強磚造,69年9月8日,二層,
RPVOMLKMJIPFFAD38CC,4,75.45,集合住宅,鋼筋混凝土構造,106年1月24日,二十三層,
RPVOMLKMJIPFFAD38CC,4,67.30,本共有部分之項目：防空避難室、停車空間、機房、樓梯間、機械房、水箱、門廳、梯間、管委會使用空間、水池、防災中心等。,鋼筋混凝土構造,106年1月24日,二十六層,
RPUOMLKMJIPFFAD28CC,26,111.60,住家用,鋼筋混凝土造,84年1月4日,二十五層,
RPUOMLKMJIPFFAD28CC,26,19.07,共有部分,鋼筋混凝土造,84年1月4日,二十四層,
RPUOMLKMJIPFFAD28CC,26,15.09,共有部分,鋼筋混凝土造,84年1月4日,二十四層,
RPVNMLKMJIPFFAD28CC,1,65.79,集合住宅,鋼筋混凝土構造,109年1月31日,二十四層,
RPVNMLKMJIPFFAD28CC,1,10.02,本共有部分之項目有防空避難室兼停車空間、公共服務空間、門廳、管理委員會使用空間、梯廳、停車空間、排風機房、進風管道、消防水箱機房、電信室、車道。,鋼筋混凝土構造,109年1月31日,二十四層,
RPVNMLKMJIPFFAD28CC,1,19.91,本共有部分之項目有樓梯間、水箱機房、電梯機房、中繼機房、管道間。,鋼筋混凝土構造,109年1月31日,二十四層,
RPTOMLKMJIPFFCD38CC,43,63.00,住家用,鋼筋混凝土造,67年5月9日,四層,
RPSNMLKMJIPFFID78CC,41,55.62,住家用,鋼筋混凝土造,69年4月10日,三層,
RPVNMLKMJIPFFBD38CC,8,89.24,住宅，停車空間,鋼筋混凝土造,101年7月27日,四層,
RPPOMLKMJIPFFKD78CC,25,62.92,住家用,鋼筋混凝土造,84年6月22日,十一層,
RPPOMLKMJIPFFKD78CC,25,42.73,共有部分,鋼筋混凝土造,84年6月22日,十一層,
RPPNMLKMJIPFFID58DC,13,102.49,住商用,鋼筋混凝土造,97年4月8日,四層,
RPPOMLLJKIPFFCD87CC,13,28.99,住家用,鋼筋混凝土造,97年2月29日,十四層,
RPPOMLLJKIPFFCD87CC,13,32.95,共有部分,鋼筋混凝土造,97年2月29日,十四層,
RPPOMLLJKIPFFCD87CC,13,8.57,共有部分,鋼筋混凝土造,97年2月29日,十四層,
RPOSMLLJKIPFFKD98CC,13,263.52,住家用,鋼筋混凝土造,97年1月9日,四層,
RPWNMLLJKIPFFAD28CC,37,66.47,住家用,鋼筋混凝土造,72年8月18日,八層,
RPWNMLLJKIPFFAD28CC,37,48.20,共有部分,鋼筋混凝土造,72年8月18日,八層,
RPROMLLJKIPFFAD87CC,31,42.03,住家用,鋼筋混凝土造,78年10月2日,十二層,
RPROMLLJKIPFFAD87CC,31,10.32,共有部分,鋼筋混凝土造,78年10月2日,十二層,
RPROMLLJKIPFFAD87CC,31,21.29,共有部分,鋼筋混凝土造,78年10月2日,十二層,
RPPPMLLJKIPFFAD77CC,6,358.46,店舖、住宅,鋼筋混凝土構造,103年11月21日,四層,
RPVNMLPLJIPFFKD07CC,35,402.77,避難室、辦公室、員工宿舍。,鋼筋混凝土造,75年4月16日,二層,
RPVNMLPLJIPFFKD07CC,35,1361.74,工商用,鋼造,75年4月16日,一層,
RPQOMLMJKIPFFAD87CC,4,58.34,集合住宅,鋼筋混凝土構造,106年1月24日,二十層,
RPQOMLMJKIPFFAD87CC,4,54.58,本共有部分之項目：防空避難室、停車空間、機房、樓梯間、機械房、水箱、門廳、梯間、管委會使用空間、水池、防災中心等。,鋼筋混凝土構造,106年1月24日,二十六層,
RPROMLMJKIPFFAD97CC,28,112.73,商業用,鋼筋混凝土造,81年9月9日,十二層,
RPROMLMJKIPFFAD97CC,28,49.76,共有部分,鋼筋混凝土造,81年9月9日,十二層,
RPTOMLMJKIPFFAD18CC,50,101.47,住家用,加強磚造,60年3月16日,二層,
RPOPMLMJKIPFFAD77CC,30,364.99,住家用,鋼筋混凝土造,79年7月18日,五層,
RPOPMLMJKIPFFAD77CC,30,30.49,共有部分,鋼筋混凝土造,79年7月18日,一層,
RPUOMLMJKIPFFAD28CC,13,53.43,集合住宅,鋼筋混凝土構造,96年8月24日,十四層,
RPUOMLMJKIPFFAD28CC,13,15.50,共有部分,鋼筋混凝土構造,96年8月24日,十四層,
RPUOMLMJKIPFFAD28CC,13,11.30,共有部分,鋼筋混凝土構造,96年8月24日,十四層,
RPPPMLMJKIPFFAD87CC,36,26.00,住家用,鋼筋混凝土造,73年6月29日,五層,
RPROMLMJKIPFFCD18CC,13,130.87,停車空間、店舖、住宅,鋼筋混凝土造,96年6月26日,五層,
RPSOMLMJKIPFFCD28CC,38,87.84,集合住宅,鋼筋混凝土造,71年11月29日,五層,
RPSOMLMJKIPFFCD28CC,38,6.23,共有部分,鋼筋混凝土造,71年11月29日,五層,
RPQOMLMJKIPFFKD88CC,27,85.42,住家用,鋼筋混凝土造,82年8月3日,五層,
RPQOMLMJKIPFFKD88CC,27,27.54,共有部分,鋼筋混凝土造,82年8月3日,五層,
RPUOMLMJKIPFFID09CC,41,117.17,住家用,鋼筋混凝土造,69年4月10日,三層,
RPXOMLLJKIPFFAD48CC,25,91.46,住家用,鋼筋混凝土造,84年7月29日,十七層,
RPXOMLLJKIPFFAD48CC,25,24.89,共有部分,鋼筋混凝土造,84年7月29日,十七層,
RPWNMLMJKIPFFKD76CC,38,68.26,住商用,鋼筋混凝土造,72年1月22日,五層,
RPWNMLMJKIPFFKD76CC,38,7.07,共有部分,鋼筋混凝土造,72年1月22日,五層,
RPWNMLMJKIPFFKD76CC,38,10.44,共有部分,鋼筋混凝土造,72年1月22日,五層,
RPWOMLLJKIPFFAD38CC,25,54.75,住家用,鋼筋混凝土造,84年7月29日,十七層,
RPWOMLLJKIPFFAD38CC,25,14.48,共有部分,鋼筋混凝土造,84年7月29日,十七層,
RPWOMLLJKIPFFAD38CC,25,34.39,管理員室,鋼筋混凝土造,84年7月29日,十七層,
RPSOMLMJKIPFFKD09CC,3,79.51,住家用,鋼筋混凝土構造,107年1月9日,五層,
RPSOMLMJKIPFFKD09CC,3,45.13,本共有部分之項目有停車空間、管委使用空間、安全梯、管道間、梯廳、電梯、樓梯間等７項,鋼筋混凝土構造,107年1月9日,五層,
RPSNMLMJKIPFFAD97CC,43,37.66,住家用,鋼筋混凝土造,66年12月2日,七層,
RPSNMLMJKIPFFAD97CC,43,6.14,共有部分,鋼筋混凝土造,66年12月2日,七層,
RPUNMLMJKIPFFGD88DC,2,178.27,店舖、住宅,鋼筋混凝土造,107年11月16日,四層,
RPSOMLMJKIPFFAD08CC,34,40.00,住商用,鋼筋混凝土造,76年3月28日,四層,
RPUNMLNJKIPFFKD66CC,26,59.54,辦公室。,鋼筋混凝土造,84年3月31日,十五層,
RPUNMLNJKIPFFKD66CC,26,11.52,共有部分,鋼筋混凝土造,84年3月31日,十五層,
RPVOMLMJKIPFFAD38CC,6,190.01,住家用,鋼筋混凝土構造,103年7月24日,二層,
RPSOMLOJKIPFFID09CC,40,105.71,住商用,加強磚造,69年11月21日,二層,
RPPNMLOJKIPFFHD58CC,38,126.44,住家用,加強磚造,72年4月6日,二層,
RPPNMLOJKIPFFHD58CC,38,7.88,住家用,加強磚造,72年4月6日,二層,
RPQPMLMJKIPFFBD08CC,4,108.81,集合住宅,鋼筋混凝土造,105年5月23日,五層,
RPQPMLMJKIPFFBD08CC,4,17.18,本共有部分之項目有樓梯間，蓄水池等二項。,鋼筋混凝土造,105年5月23日,五層,
RPQPMLMJKIPFFBD08CC,4,24.13,本共有部分之項目有管理維護空間，停車空間等二項。,鋼筋混凝土造,105年5月23日,五層,
RPUOMLOJKIPFFKD86CC,40,101.15,住商用,加強磚造,70年2月24日,二層,
RPVPMLNJKIPFFID76CC,1,189.26,店鋪、住宅,鋼筋混凝土構造,108年10月24日,四層,
RPOPMLOJKIPFFKD98CC,19,176.90,住家用,鋼筋混凝土造,90年7月13日,四層,
RPQPMLOJKIPFFAD18CC,22,87.36,集合住宅,鋼筋混凝土造,88年2月11日,二十四層,
RPQPMLOJKIPFFAD18CC,22,11.23,共有部分,鋼筋混凝土造,88年2月11日,二十四層,
RPQPMLOJKIPFFAD18CC,22,19.39,共有部分,鋼筋混凝土造,88年2月11日,二十四層,
RPQPMLOJKIPFFAD18CC,22,4.27,共有部分,鋼筋混凝土造,88年2月11日,二十四層,
RPRNMLRJKIPFFHD09CC,23,129.13,法定騎樓，自用住宅,鋼鐵造,87年4月21日,一層,
RPQNMLPJKIPFFHD78CC,35,94.70,住家用,加強磚造,74年10月30日,二層,
RPVNMLRJKIPFFAD78CC,6,350.03,店舖、住宅、停車空間,鋼筋混凝土構造,104年1月8日,五層,
RPPOMLRJKIPFFAD28CC,31,60.70,住家用,鋼筋混凝土造,79年4月30日,十二層,
RPPOMLRJKIPFFAD28CC,31,34.50,住家用,鋼筋混凝土造,79年4月30日,十二層,
RPPOMLRJKIPFFAD28CC,31,1.20,共有部分,鋼筋混凝土造,79年4月30日,十二層,
RPPOMLRJKIPFFAD28CC,31,28.87,共有部分,鋼筋混凝土造,79年4月30日,十二層,
RPSOMLRJKIPFFAD78EC,1,78.31,集合住宅,鋼筋混凝土構造,108年12月17日,二十三層,
RPSOMLRJKIPFFAD78EC,1,66.93,本共有部分之項目有門廊、門廳、車道、公共服務空間、防災中心、樓梯間、機械室、昇降機間兼排煙室、水箱、防空避難室兼停車空間、停車空間。,鋼筋混凝土構造,108年12月17日,二十三層,
RPRPMLSJKIPFFKD07CC,36,101.64,住家用,鋼筋混凝土造,74年3月7日,二層,
RPSPMLSJKIPFFAD78CC,36,19.00,住家用,鋼筋混凝土造,73年6月29日,五層,
RPSNMLSJKIPFFAD58CC,13,89.35,集合住宅,鋼筋混凝土構造,96年8月24日,十四層,
RPSNMLSJKIPFFAD58CC,13,12.00,共有部分,鋼筋混凝土構造,96年8月24日,十四層,
RPSNMLSJKIPFFAD58CC,13,14.67,共有部分,鋼筋混凝土構造,96年8月24日,十四層,
RPTPMLSJKIPFFAD88CC,43,27.78,住家用,鋼筋混凝土造,66年12月2日,七層,
RPTPMLSJKIPFFAD88CC,43,6.15,共有部分,鋼筋混凝土造,66年12月2日,七層,
RPPOMLSJKIPFFCD58CC,30,20.88,住家用,鋼筋混凝土造,80年1月9日,五層,
RPPOMLSJKIPFFCD58CC,30,5.76,共有部分,鋼筋混凝土造,80年1月9日,五層,
RPOOMLTJKIPFFCD58CC,40,94.84,住家用,鋼筋混凝土造,70年1月21日,五層,
RPOOMLTJKIPFFCD58CC,40,13.50,共有部分,鋼筋混凝土造,70年1月21日,五層,
RPWNMLTJKIPFFCD66CC,18,17.11,住宅、停車空間,鋼筋混凝土造,92年4月28日,五層,
RPWPMLSJKIPFFAD56CC,4,79.87,集合住宅,鋼筋混凝土構造,106年1月24日,二十六層,
RPQPMLSJKIPFFID76CC,20,7.67,守衛室,鋼筋混凝土造,89年11月10日,一層,
RPWPMLSJKIPFFAD56CC,4,69.16,本共有部分之項目：防空避難室、停車空間、機房、樓梯間、機械房、水箱、門廳、梯間、管委會使用空間、水池、防災中心等。,鋼筋混凝土構造,106年1月24日,二十六層,
RPQPMLSJKIPFFID76CC,20,479.71,辦公室．員工宿舍,鋼筋混凝土造,89年11月10日,三層,
RPQPMLSJKIPFFID76CC,20,3069.26,工業用,鋼骨造,89年11月10日,三層,
RPPOMLTJKIPFFCD68CC,27,3.51,共有部分,鋼筋混凝土造,83年2月8日,八層,
RPPOMLTJKIPFFCD68CC,27,4.10,共有部分,鋼筋混凝土造,83年2月8日,八層,
RPWPMLSJKIPFFID37CC,1,166.25,工廠,鋼骨構造,108年11月6日,一層,
RPQNMLTJKIPFFAD48CC,4,59.59,集合住宅,鋼筋混凝土構造,106年1月24日,二十層,
RPQNMLTJKIPFFAD48CC,4,59.44,本共有部分之項目：防空避難室、停車空間、機房、樓梯間、機械房、水箱、門廳、梯間、管委會使用空間、水池、防災中心等。,鋼筋混凝土構造,106年1月24日,二十六層,
RPOOMLTJKIPFFBD48CC,1,121.32,店舖,鋼骨構造有牆,109年3月17日,一層,
RPQPMLTJKIPFFAD68CC,17,95.50,集合住宅,鋼筋混凝土造,93年3月29日,11,
RPQPMLTJKIPFFAD68CC,17,48.53,共有部分,鋼筋混凝土造,93年3月29日,十一層,
RPROMLKKKIPFFCD18DC,33,306.78,住商用,鋼筋混凝土造,76年10月9日,四層,
RPRNMLTJKIPFFAD58CC,39,81.65,住家用,鋼筋混凝土造,71年2月24日,五層,
RPRNMLTJKIPFFAD58CC,39,7.43,共有部分,鋼筋混凝土造,71年2月24日,五層,
RPRNMLTJKIPFFAD58CC,39,4.83,共有部分,鋼筋混凝土造,71年2月24日,,
RPVRMLTJKIPFFKD77CC,28,143.39,店舖、集合住宅、避難室。,鋼筋混凝土造,82年4月28日,七層,
RPTNMLKKKIPFFKD98CC,32,13.22,店舖、住宅、防空避難室。,鋼筋混凝土造,77年10月3日,四層,
RPSTMLTJKIPFFKD67CC,13,111.47,住家用,鋼筋混凝土造,96年9月20日,十四層,
RPSTMLTJKIPFFKD67CC,13,69.06,共有部分,鋼筋混凝土造,96年9月20日,十四層,
RPWNMLKKKIPFFKD66CC,25,211.96,住商用,鋼筋混凝土造,84年11月8日,四層,
RPSOMLKKKIPFFKD98CC,30,14.78,住家用,鋼筋混凝土造,79年12月3日,七層,
RPSOMLKKKIPFFKD98CC,30,5.35,共有部分,鋼筋混凝土造,79年12月3日,七層,
RPUOMLKKKIPFFKD56CC,21,84.63,住家用,鋼筋混凝土造,88年8月24日,十四層,
RPUOMLKKKIPFFKD56CC,21,2.09,共有部分,鋼筋混凝土造,88年8月24日,十四層,
RPUOMLKKKIPFFKD56CC,21,16.94,共有部分,鋼筋混凝土造,88年8月24日,十四層,
RPUOMLKKKIPFFKD56CC,21,16.57,共有部分,鋼筋混凝土造,88年8月24日,十四層,
RPQNMLKKKIPFFAD67CC,43,29.04,住家用,鋼筋混凝土造,66年9月16日,三層,
RPSNMLKKKIPFFAD87CC,41,19.83,住家用,加強磚造,68年10月20日,二層,
RPROMLKKKIPFFAD87CC,32,24.64,住家用,鋼筋混凝土造,78年1月12日,五層,
RPROMLKKKIPFFAD87CC,34,5.66,共有部分,鋼筋混凝土造,76年1月12日,五層,
RPUOMLKKKIPFFCD38CC,27,180.73,住商用,鋼筋混凝土造,83年4月15日,五層,
RPWOMLKKKIPFFCD58CC,41,233.85,住家用,鋼筋混凝土造,69年3月4日,三層,
RPQOMLKKKIPFFHD48CC,15,164.16,住家用,鋼筋混凝土造,95年3月24日,四層,
