﻿編號,土地位置,土地移轉面積(平方公尺),使用分區或編定,權利人持分分母,權利人持分分子,移轉情形,地號
The serial number, land position,land shifting area square meter,the use zoning or compiles and checks,,,,land parcel
RPTNMLLKRHPFFKD96CB,兵南段,23.44,都市：住,10000,48,持分移轉,04890000
RPSNMLLKRHPFFKD86CB,兵南段,23.44,都市：住,10000,48,持分移轉,04890000
RPSOMLLKRHPFFKD96CB,兵南段,23.44,都市：住,10000,48,持分移轉,04890000
RPRNMLLKRHPFFKD76CB,兵南段,23.44,都市：住,10000,48,持分移轉,04890000
RPVOMLLKRHPFFKD27CB,兵南段,23.44,都市：住,10000,48,持分移轉,04890000
RPVNMLLKRHPFFKD17CB,兵南段,23.44,都市：住,10000,48,持分移轉,04890000
RPUOMLLKRHPFFKD17CB,兵南段,23.44,都市：住,10000,48,持分移轉,04890000
RPXOMLLKRHPFFKD47CB,兵南段,23.44,都市：住,10000,48,持分移轉,04890000
RPWOMLLKRHPFFKD37CB,兵南段,23.44,都市：住,10000,48,持分移轉,04890000
RPRPMLLKRHPFFKD96CB,兵南段,23.44,都市：住,10000,48,持分移轉,04890000
RPUPMLLKRHPFFKD27CB,兵南段,23.44,都市：住,10000,48,持分移轉,04890000
RPTPMLLKRHPFFKD17CB,兵南段,23.44,都市：住,10000,48,持分移轉,04890000
RPVPMLLKRHPFFKD37CB,兵南段,23.44,都市：住,10000,48,持分移轉,04890000
RPRQMLLKRHPFFKD07CB,兵南段,23.44,都市：住,10000,48,持分移轉,04890000
RPUQMLLKRHPFFKD37CB,兵南段,23.44,都市：住,10000,48,持分移轉,04890000
RPVQMLLKRHPFFKD47CB,兵南段,23.44,都市：住,10000,48,持分移轉,04890000
RPQQMLLKRHPFFKD96CB,兵南段,23.44,都市：住,10000,48,持分移轉,04890000
RPWPMLLKRHPFFKD47CB,兵南段,23.44,都市：住,10000,48,持分移轉,04890000
RPPQMLLKRHPFFKD86CB,兵南段,23.44,都市：住,10000,48,持分移轉,04890000
RPSQMLLKRHPFFKD17CB,兵南段,23.44,都市：住,10000,48,持分移轉,04890000
RPOOMLLKRHPFFKD66DB,兵南段,23.44,都市：住,10000,48,持分移轉,04890000
RPTPMLPKRHPFFKD57CB,兵南段,23.44,都市：住,10000,48,持分移轉,04890000
RPWQMLLKRHPFFKD57CB,兵南段,23.44,都市：住,10000,48,持分移轉,04890000
RPUPMLPKRHPFFKD67CB,兵南段,23.44,都市：住,10000,48,持分移轉,04890000
RPQOMLLKRHPFFKD86DB,兵南段,23.44,都市：住,10000,48,持分移轉,04890000
RPXPMLPKRHPFFKD97CB,兵南段,23.44,都市：住,10000,48,持分移轉,04890000
RPROMLLKRHPFFKD96DB,兵南段,23.44,都市：住,10000,48,持分移轉,04890000
RPWPMLPKRHPFFKD87CB,兵南段,23.44,都市：住,10000,48,持分移轉,04890000
RPRPMLPKRHPFFKD37CB,兵南段,23.44,都市：住,10000,48,持分移轉,04890000
RPVPMLPKRHPFFKD77CB,兵南段,23.44,都市：住,10000,48,持分移轉,04890000
RPOQMLPKRHPFFKD17CB,兵南段,23.44,都市：住,10000,48,持分移轉,04890000
RPPQMLPKRHPFFKD27CB,兵南段,23.44,都市：住,10000,48,持分移轉,04890000
RPTOMLRKRHPFFKD67CB,兵南段,23.44,都市：住,10000,48,持分移轉,04890000
RPRQMLPKRHPFFKD47CB,兵南段,23.44,都市：住,10000,48,持分移轉,04890000
RPWNMLRKRHPFFKD87CB,兵南段,23.44,都市：住,10000,48,持分移轉,04890000
RPVOMLRKRHPFFKD87CB,兵南段,23.44,都市：住,10000,48,持分移轉,04890000
RPWOMLRKRHPFFKD97CB,兵南段,23.44,都市：住,10000,48,持分移轉,04890000
RPUOMLRKRHPFFKD77CB,兵南段,23.44,都市：住,10000,48,持分移轉,04890000
RPRPMLRKRHPFFKD57CB,兵南段,23.44,都市：住,10000,48,持分移轉,04890000
RPXOMLRKRHPFFKD08CB,兵南段,23.44,都市：住,10000,48,持分移轉,04890000
RPOPMLRKRHPFFKD27CB,兵南段,23.44,都市：住,10000,48,持分移轉,04890000
RPPPMLRKRHPFFKD37CB,兵南段,23.44,都市：住,10000,48,持分移轉,04890000
RPOQMLNLRHPFFKD07CB,兵南段,39.55,都市：住,10000,81,持分移轉,04890000
RPSPMLRKRHPFFKD67CB,兵南段,23.44,都市：住,10000,48,持分移轉,04890000
RPORMLNLRHPFFKD17CB,兵南段,33.21,都市：住,10000,68,持分移轉,04890000
RPTQMLNLRHPFFKD57CB,兵南段,40.04,都市：住,10000,82,持分移轉,04890000
RPXQMLRKRHPFFKD28CB,兵南段,33.21,都市：住,10000,68,持分移轉,04890000
RPPRMLNLRHPFFKD27CB,兵南段,33.21,都市：住,10000,68,持分移轉,04890000
RPXQMLNLRHPFFKD97CB,兵南段,40.04,都市：住,10000,82,持分移轉,04890000
RPSRMLNLRHPFFKD57CB,兵南段,33.69,都市：住,10000,69,持分移轉,04890000
RPVOMLNLRHPFFKD57CB,兵南段,40.04,都市：住,10000,82,持分移轉,04890000
RPWNMLOLRHPFFKD67CB,兵南段,33.21,都市：住,10000,68,持分移轉,04890000
RPOOMLOLRHPFFKD96CB,兵南段,33.21,都市：住,10000,68,持分移轉,04890000
RPXNMLOLRHPFFKD77CB,兵南段,33.21,都市：住,10000,68,持分移轉,04890000
RPPOMLOLRHPFFKD07CB,兵南段,33.21,都市：住,10000,68,持分移轉,04890000
RPRPMLOLRHPFFKD37CB,兵南段,23.44,都市：住,10000,48,持分移轉,04890000
RPPPMLOLRHPFFKD17CB,兵南段,23.44,都市：住,10000,48,持分移轉,04890000
RPTRMLNLRHPFFKD67CB,兵南段,33.21,都市：住,10000,68,持分移轉,04890000
RPQOMLOLRHPFFKD17CB,兵南段,23.44,都市：住,10000,48,持分移轉,04890000
RPTPMLOLRHPFFKD57CB,兵南段,23.44,都市：住,10000,48,持分移轉,04890000
RPSPMLOLRHPFFKD47CB,兵南段,23.44,都市：住,10000,48,持分移轉,04890000
RPUPMLOLRHPFFKD67CB,兵南段,23.44,都市：住,10000,48,持分移轉,04890000
RPXPMLOLRHPFFKD97CB,兵南段,23.44,都市：住,10000,48,持分移轉,04890000
RPPQMLOLRHPFFKD27CB,兵南段,22.95,都市：住,10000,47,持分移轉,04890000
RPOQMLOLRHPFFKD17CB,兵南段,23.44,都市：住,10000,48,持分移轉,04890000
RPRQMLOLRHPFFKD47CB,兵南段,31.25,都市：住,10000,64,持分移轉,04890000
RPWPMLOLRHPFFKD87CB,兵南段,23.44,都市：住,10000,48,持分移轉,04890000
RPQQMLOLRHPFFKD37CB,兵南段,30.76,都市：住,10000,63,持分移轉,04890000
RPUNMLOKIIPFFBD28CB,國安段,15.47,都市：住,10000,23,持分移轉,16120000
RPWNMLOKIIPFFBD48CB,國安段,15.47,都市：住,10000,23,持分移轉,16120000
RPXNMLOKIIPFFBD58CB,國安段,15.47,都市：住,10000,23,持分移轉,16120000
RPOOMLOKIIPFFBD77CB,國安段,15.47,都市：住,10000,23,持分移轉,16120000
RPPOMLOKIIPFFBD87CB,國安段,15.47,都市：住,10000,23,持分移轉,16120000
RPQOMLOKIIPFFBD97CB,國安段,15.47,都市：住,10000,23,持分移轉,16120000
RPTOMLOKIIPFFBD28CB,國安段,15.47,都市：住,10000,23,持分移轉,16120000
RPUOMLOKIIPFFBD38CB,國安段,15.47,都市：住,10000,23,持分移轉,16120000
RPSOMLOKIIPFFBD18CB,國安段,15.47,都市：住,10000,23,持分移轉,16120000
RPVOMLOKIIPFFBD48CB,國安段,15.47,都市：住,10000,23,持分移轉,16120000
RPWOMLOKIIPFFBD58CB,國安段,15.47,都市：住,10000,23,持分移轉,16120000
RPOPMLOKIIPFFBD87CB,國安段,15.47,都市：住,10000,23,持分移轉,16120000
RPXOMLOKIIPFFBD68CB,國安段,15.47,都市：住,10000,23,持分移轉,16120000
RPQPMLOKIIPFFBD08CB,國安段,15.47,都市：住,10000,23,持分移轉,16120000
RPTPMLOKIIPFFBD38CB,國安段,20.85,都市：住,10000,31,持分移轉,16120000
RPPPMLOKIIPFFBD97CB,國安段,15.47,都市：住,10000,23,持分移轉,16120000
RPSPMLOKIIPFFBD28CB,國安段,20.85,都市：住,10000,31,持分移轉,16120000
RPUPMLOKIIPFFBD48CB,國安段,20.85,都市：住,10000,31,持分移轉,16120000
RPRPMLOKIIPFFBD18CB,國安段,20.85,都市：住,10000,31,持分移轉,16120000
RPVPMLOKIIPFFBD58CB,國安段,20.85,都市：住,10000,31,持分移轉,16120000
RPXPMLOKIIPFFBD78CB,國安段,20.85,都市：住,10000,31,持分移轉,16120000
RPUQMLOKIIPFFBD58CB,國安段,20.85,都市：住,10000,31,持分移轉,16120000
RPWPMLOKIIPFFBD68CB,國安段,20.85,都市：住,10000,31,持分移轉,16120000
RPPQMLOKIIPFFBD08CB,國安段,20.85,都市：住,10000,31,持分移轉,16120000
RPQQMLOKIIPFFBD18CB,國安段,21.52,都市：住,10000,32,持分移轉,16120000
RPRQMLOKIIPFFBD28CB,國安段,21.52,都市：住,10000,32,持分移轉,16120000
RPSQMLOKIIPFFBD38CB,國安段,20.85,都市：住,10000,31,持分移轉,16120000
RPVQMLOKIIPFFBD68CB,國安段,20.85,都市：住,10000,31,持分移轉,16120000
RPTSMLOKIIPFFBD68CB,國安段,20.85,都市：住,10000,31,持分移轉,16120000
RPVSMLOKIIPFFBD88CB,國安段,20.85,都市：住,10000,31,持分移轉,16120000
RPWSMLOKIIPFFBD98CB,國安段,20.85,都市：住,10000,31,持分移轉,16120000
RPUSMLOKIIPFFBD78CB,國安段,20.85,都市：住,10000,31,持分移轉,16120000
RPQTMLOKIIPFFBD48CB,國安段,20.85,都市：住,10000,31,持分移轉,16120000
RPXSMLOKIIPFFBD09CB,國安段,20.85,都市：住,10000,31,持分移轉,16120000
RPOTMLOKIIPFFBD28CB,國安段,20.85,都市：住,10000,31,持分移轉,16120000
RPRTMLOKIIPFFBD58CB,國安段,20.85,都市：住,10000,31,持分移轉,16120000
RPPTMLOKIIPFFBD38CB,國安段,21.52,都市：住,10000,32,持分移轉,16120000
RPSTMLOKIIPFFBD68CB,國安段,20.85,都市：住,10000,31,持分移轉,16120000
RPTTMLOKIIPFFBD78CB,國安段,20.85,都市：住,10000,31,持分移轉,16120000
RPUTMLOKIIPFFBD88CB,國安段,21.52,都市：住,10000,32,持分移轉,16120000
RPXTMLOKIIPFFBD56CB,國安段,20.85,都市：住,10000,31,持分移轉,16120000
RPQUMLOKIIPFFBD58CB,國安段,20.85,都市：住,10000,31,持分移轉,16120000
RPWTMLOKIIPFFBD09CB,國安段,20.85,都市：住,10000,31,持分移轉,16120000
RPSUMLOKIIPFFBD78CB,國安段,20.85,都市：住,10000,31,持分移轉,16120000
RPOUMLOKIIPFFBD38CB,國安段,20.85,都市：住,10000,31,持分移轉,16120000
RPVTMLOKIIPFFBD98CB,國安段,20.85,都市：住,10000,31,持分移轉,16120000
RPTUMLOKIIPFFBD88CB,國安段,20.85,都市：住,10000,31,持分移轉,16120000
RPUUMLOKIIPFFBD98CB,國安段,20.85,都市：住,10000,31,持分移轉,16120000
RPVUMLOKIIPFFBD09CB,國安段,20.85,都市：住,10000,31,持分移轉,16120000
RPOVMLOKIIPFFBD48CB,國安段,20.85,都市：住,10000,31,持分移轉,16120000
RPXUMLOKIIPFFBD66CB,國安段,20.85,都市：住,10000,31,持分移轉,16120000
RPTVMLOKIIPFFBD98CB,國安段,20.85,都市：住,10000,31,持分移轉,16120000
RPWUMLOKIIPFFBD56CB,國安段,20.85,都市：住,10000,31,持分移轉,16120000
RPSVMLOKIIPFFBD88CB,國安段,20.85,都市：住,10000,31,持分移轉,16120000
RPPVMLOKIIPFFBD58CB,國安段,20.85,都市：住,10000,31,持分移轉,16120000
RPUVMLOKIIPFFBD09CB,國安段,20.85,都市：住,10000,31,持分移轉,16120000
RPQVMLOKIIPFFBD68CB,國安段,21.52,都市：住,10000,32,持分移轉,16120000
RPVVMLOKIIPFFBD56CB,國安段,20.85,都市：住,10000,31,持分移轉,16120000
RPWVMLOKIIPFFBD66CB,國安段,25.56,都市：住,10000,38,持分移轉,16120000
RPXVMLOKIIPFFBD76CB,國安段,26.23,都市：住,10000,39,持分移轉,16120000
RPOWMLOKIIPFFBD58CB,國安段,25.56,都市：住,10000,38,持分移轉,16120000
RPQWMLOKIIPFFBD78CB,國安段,25.56,都市：住,10000,38,持分移轉,16120000
RPPWMLOKIIPFFBD68CB,國安段,25.56,都市：住,10000,38,持分移轉,16120000
RPTWMLOKIIPFFBD09CB,國安段,26.23,都市：住,10000,39,持分移轉,16120000
RPRWMLOKIIPFFBD88CB,國安段,26.23,都市：住,10000,39,持分移轉,16120000
RPSWMLOKIIPFFBD98CB,國安段,25.56,都市：住,10000,38,持分移轉,16120000
RPUWMLOKIIPFFBD56CB,國安段,25.56,都市：住,10000,38,持分移轉,16120000
RPVWMLOKIIPFFBD66CB,國安段,25.56,都市：住,10000,38,持分移轉,16120000
RPWWMLOKIIPFFBD76CB,國安段,25.56,都市：住,10000,38,持分移轉,16120000
RPONNLOKIIPFFBD77CB,國安段,26.23,都市：住,10000,39,持分移轉,16120000
RPXWMLOKIIPFFBD86CB,國安段,25.56,都市：住,10000,38,持分移轉,16120000
RPQNNLOKIIPFFBD97CB,國安段,14.80,都市：住,10000,22,持分移轉,16120000
RPSNNLOKIIPFFBD18CB,國安段,14.80,都市：住,10000,22,持分移轉,16120000
RPPNNLOKIIPFFBD87CB,國安段,26.23,都市：住,10000,39,持分移轉,16120000
RPUNNLOKIIPFFBD38CB,國安段,14.80,都市：住,10000,22,持分移轉,16120000
RPVNNLOKIIPFFBD48CB,國安段,14.80,都市：住,10000,22,持分移轉,16120000
RPRNNLOKIIPFFBD08CB,國安段,14.80,都市：住,10000,22,持分移轉,16120000
RPTNNLOKIIPFFBD28CB,國安段,14.80,都市：住,10000,22,持分移轉,16120000
RPWNNLOKIIPFFBD58CB,國安段,14.80,都市：住,10000,22,持分移轉,16120000
RPXNNLOKIIPFFBD68CB,國安段,14.80,都市：住,10000,22,持分移轉,16120000
RPOONLOKIIPFFBD87CB,國安段,14.80,都市：住,10000,22,持分移轉,16120000
RPPONLOKIIPFFBD97CB,國安段,14.80,都市：住,10000,22,持分移轉,16120000
RPTONLOKIIPFFBD38CB,國安段,14.80,都市：住,10000,22,持分移轉,16120000
RPPNMLPKIIPFFBD87CB,國安段,20.85,都市：住,10000,31,持分移轉,16120000
RPRONLOKIIPFFBD18CB,國安段,14.80,都市：住,10000,22,持分移轉,16120000
RPUONLOKIIPFFBD48CB,國安段,14.80,都市：住,10000,22,持分移轉,16120000
RPSONLOKIIPFFBD28CB,國安段,14.80,都市：住,10000,22,持分移轉,16120000
RPQNMLPKIIPFFBD97CB,國安段,15.47,都市：住,10000,23,持分移轉,16120000
RPSNMLPKIIPFFBD18CB,國安段,15.47,都市：住,10000,23,持分移轉,16120000
RPRNMLPKIIPFFBD08CB,國安段,15.47,都市：住,10000,23,持分移轉,16120000
RPTNMLPKIIPFFBD28CB,國安段,15.47,都市：住,10000,23,持分移轉,16120000
RPUNMLPKIIPFFBD38CB,國安段,15.47,都市：住,10000,23,持分移轉,16120000
RPVNMLPKIIPFFBD48CB,國安段,15.47,都市：住,10000,23,持分移轉,16120000
RPXNMLPKIIPFFBD68CB,國安段,15.47,都市：住,10000,23,持分移轉,16120000
RPOOMLPKIIPFFBD87CB,國安段,15.47,都市：住,10000,23,持分移轉,16120000
RPROMLPKIIPFFBD18CB,國安段,15.47,都市：住,10000,23,持分移轉,16120000
RPPOMLPKIIPFFBD97CB,國安段,15.47,都市：住,10000,23,持分移轉,16120000
RPQOMLPKIIPFFBD08CB,國安段,15.47,都市：住,10000,23,持分移轉,16120000
RPSOMLPKIIPFFBD28CB,國安段,15.47,都市：住,10000,23,持分移轉,16120000
RPTOMLPKIIPFFBD38CB,國安段,15.47,都市：住,10000,23,持分移轉,16120000
RPUOMLPKIIPFFBD48CB,國安段,15.47,都市：住,10000,23,持分移轉,16120000
RPVOMLPKIIPFFBD58CB,國安段,15.47,都市：住,10000,23,持分移轉,16120000
RPWOMLPKIIPFFBD68CB,國安段,21.52,都市：住,10000,32,持分移轉,16120000
RPXOMLPKIIPFFBD78CB,國安段,21.52,都市：住,10000,32,持分移轉,16120000
RPOPMLPKIIPFFBD97CB,國安段,21.52,都市：住,10000,32,持分移轉,16120000
RPPPMLPKIIPFFBD08CB,國安段,21.52,都市：住,10000,32,持分移轉,16120000
RPRPMLPKIIPFFBD28CB,國安段,21.52,都市：住,10000,32,持分移轉,16120000
RPSPMLPKIIPFFBD38CB,國安段,21.52,都市：住,10000,32,持分移轉,16120000
RPQPMLPKIIPFFBD18CB,國安段,21.52,都市：住,10000,32,持分移轉,16120000
RPUPMLPKIIPFFBD58CB,國安段,21.52,都市：住,10000,32,持分移轉,16120000
RPVPMLPKIIPFFBD68CB,國安段,21.52,都市：住,10000,32,持分移轉,16120000
RPTPMLPKIIPFFBD48CB,國安段,21.52,都市：住,10000,32,持分移轉,16120000
RPQQMLPKIIPFFBD28CB,國安段,21.52,都市：住,10000,32,持分移轉,16120000
RPWPMLPKIIPFFBD78CB,國安段,21.52,都市：住,10000,32,持分移轉,16120000
RPXPMLPKIIPFFBD88CB,國安段,21.52,都市：住,10000,32,持分移轉,16120000
RPPQMLPKIIPFFBD18CB,國安段,21.52,都市：住,10000,32,持分移轉,16120000
RPOQMLPKIIPFFBD08CB,國安段,21.52,都市：住,10000,32,持分移轉,16120000
RPTQMLPKIIPFFBD58CB,國安段,20.18,都市：住,10000,30,持分移轉,16120000
RPRQMLPKIIPFFBD38CB,國安段,20.85,都市：住,10000,31,持分移轉,16120000
RPVQMLPKIIPFFBD78CB,國安段,20.85,都市：住,10000,31,持分移轉,16120000
RPSQMLPKIIPFFBD48CB,國安段,20.85,都市：住,10000,31,持分移轉,16120000
RPUQMLPKIIPFFBD68CB,國安段,20.85,都市：住,10000,31,持分移轉,16120000
RPXQMLPKIIPFFBD98CB,國安段,20.85,都市：住,10000,31,持分移轉,16120000
RPWQMLPKIIPFFBD88CB,國安段,20.85,都市：住,10000,31,持分移轉,16120000
RPORMLPKIIPFFBD18CB,國安段,20.85,都市：住,10000,31,持分移轉,16120000
RPPRMLPKIIPFFBD28CB,國安段,20.85,都市：住,10000,31,持分移轉,16120000
RPRRMLPKIIPFFBD48CB,國安段,20.85,都市：住,10000,31,持分移轉,16120000
RPSRMLPKIIPFFBD58CB,國安段,20.85,都市：住,10000,31,持分移轉,16120000
RPURMLPKIIPFFBD78CB,國安段,20.85,都市：住,10000,31,持分移轉,16120000
RPWRMLPKIIPFFBD98CB,國安段,20.85,都市：住,10000,31,持分移轉,16120000
RPVRMLPKIIPFFBD88CB,國安段,20.85,都市：住,10000,31,持分移轉,16120000
RPQRMLPKIIPFFBD38CB,國安段,20.85,都市：住,10000,31,持分移轉,16120000
RPRSMLPKIIPFFBD58CB,國安段,20.85,都市：住,10000,31,持分移轉,16120000
RPQSMLPKIIPFFBD48CB,國安段,20.85,都市：住,10000,31,持分移轉,16120000
RPSSMLPKIIPFFBD68CB,國安段,20.85,都市：住,10000,31,持分移轉,16120000
RPTSMLPKIIPFFBD78CB,國安段,20.85,都市：住,10000,31,持分移轉,16120000
RPVSMLPKIIPFFBD98CB,國安段,20.85,都市：住,10000,31,持分移轉,16120000
RPWSMLPKIIPFFBD09CB,國安段,20.85,都市：住,10000,31,持分移轉,16120000
RPUSMLPKIIPFFBD88CB,國安段,20.85,都市：住,10000,31,持分移轉,16120000
RPPTMLPKIIPFFBD48CB,國安段,20.85,都市：住,10000,31,持分移轉,16120000
RPQTMLPKIIPFFBD58CB,國安段,20.85,都市：住,10000,31,持分移轉,16120000
RPOTMLPKIIPFFBD38CB,國安段,20.85,都市：住,10000,31,持分移轉,16120000
RPRTMLPKIIPFFBD68CB,國安段,20.85,都市：住,10000,31,持分移轉,16120000
RPSTMLPKIIPFFBD78CB,國安段,20.85,都市：住,10000,31,持分移轉,16120000
RPVTMLPKIIPFFBD09CB,國安段,20.85,都市：住,10000,31,持分移轉,16120000
RPTTMLPKIIPFFBD88CB,國安段,20.85,都市：住,10000,31,持分移轉,16120000
RPUTMLPKIIPFFBD98CB,國安段,20.85,都市：住,10000,31,持分移轉,16120000
RPPUMLPKIIPFFBD58CB,國安段,20.85,都市：住,10000,31,持分移轉,16120000
RPWTMLPKIIPFFBD56CB,國安段,20.85,都市：住,10000,31,持分移轉,16120000
RPXTMLPKIIPFFBD66CB,國安段,20.85,都市：住,10000,31,持分移轉,16120000
RPRUMLPKIIPFFBD78CB,國安段,20.85,都市：住,10000,31,持分移轉,16120000
RPSUMLPKIIPFFBD88CB,國安段,20.85,都市：住,10000,31,持分移轉,16120000
RPQUMLPKIIPFFBD68CB,國安段,20.85,都市：住,10000,31,持分移轉,16120000
RPTUMLPKIIPFFBD98CB,國安段,20.85,都市：住,10000,31,持分移轉,16120000
RPOVMLPKIIPFFBD58CB,國安段,21.52,都市：住,10000,32,持分移轉,16120000
RPRVMLPKIIPFFBD88CB,國安段,20.85,都市：住,10000,31,持分移轉,16120000
RPQVMLPKIIPFFBD78CB,國安段,20.85,都市：住,10000,31,持分移轉,16120000
RPPVMLPKIIPFFBD68CB,國安段,20.85,都市：住,10000,31,持分移轉,16120000
RPSVMLPKIIPFFBD98CB,國安段,20.85,都市：住,10000,31,持分移轉,16120000
RPUVMLPKIIPFFBD56CB,國安段,15.47,都市：住,10000,23,持分移轉,16120000
RPXVMLPKIIPFFBD86CB,國安段,15.47,都市：住,10000,23,持分移轉,16120000
RPTVMLPKIIPFFBD09CB,國安段,20.85,都市：住,10000,31,持分移轉,16120000
RPWVMLPKIIPFFBD76CB,國安段,15.47,都市：住,10000,23,持分移轉,16120000
RPOWMLPKIIPFFBD68CB,國安段,15.47,都市：住,10000,23,持分移轉,16120000
RPQWMLPKIIPFFBD88CB,國安段,15.47,都市：住,10000,23,持分移轉,16120000
RPSWMLPKIIPFFBD09CB,國安段,15.47,都市：住,10000,23,持分移轉,16120000
RPTWMLPKIIPFFBD56CB,國安段,15.47,都市：住,10000,23,持分移轉,16120000
RPXWMLPKIIPFFBD96CB,國安段,15.47,都市：住,10000,23,持分移轉,16120000
RPRWMLPKIIPFFBD98CB,國安段,15.47,都市：住,10000,23,持分移轉,16120000
RPUWMLPKIIPFFBD66CB,國安段,15.47,都市：住,10000,23,持分移轉,16120000
RPVWMLPKIIPFFBD76CB,國安段,15.47,都市：住,10000,23,持分移轉,16120000
RPWWMLPKIIPFFBD86CB,國安段,15.47,都市：住,10000,23,持分移轉,16120000
RPRPMLKLIIPFFBD87CB,國安段,15.47,都市：住,10000,23,持分移轉,16120000
RPONNLPKIIPFFBD87CB,國安段,15.47,都市：住,10000,23,持分移轉,16120000
RPTPMLKLIIPFFBD08CB,國安段,15.47,都市：住,10000,23,持分移轉,16120000
RPVPMLKLIIPFFBD28CB,國安段,15.47,都市：住,10000,23,持分移轉,16120000
RPPNNLPKIIPFFBD97CB,國安段,15.47,都市：住,10000,23,持分移轉,16120000
RPWPMLKLIIPFFBD38CB,國安段,15.47,都市：住,10000,23,持分移轉,16120000
RPSPMLKLIIPFFBD97CB,國安段,15.47,都市：住,10000,23,持分移轉,16120000
RPUPMLKLIIPFFBD18CB,國安段,15.47,都市：住,10000,23,持分移轉,16120000
RPXPMLKLIIPFFBD48CB,國安段,15.47,都市：住,10000,23,持分移轉,16120000
RPOQMLKLIIPFFBD67CB,國安段,15.47,都市：住,10000,23,持分移轉,16120000
RPPQMLKLIIPFFBD77CB,國安段,15.47,都市：住,10000,23,持分移轉,16120000
RPQQMLKLIIPFFBD87CB,國安段,15.47,都市：住,10000,23,持分移轉,16120000
RPRQMLKLIIPFFBD97CB,國安段,15.47,都市：住,10000,23,持分移轉,16120000
RPVQMLKLIIPFFBD38CB,國安段,15.47,都市：住,10000,23,持分移轉,16120000
RPXQMLKLIIPFFBD58CB,國安段,15.47,都市：住,10000,23,持分移轉,16120000
RPORMLKLIIPFFBD77CB,國安段,15.47,都市：住,10000,23,持分移轉,16120000
RPRRMLKLIIPFFBD08CB,國安段,21.52,都市：住,10000,32,持分移轉,16120000
RPUQMLKLIIPFFBD28CB,國安段,15.47,都市：住,10000,23,持分移轉,16120000
RPURMLKLIIPFFBD38CB,國安段,21.52,都市：住,10000,32,持分移轉,16120000
RPWRMLKLIIPFFBD58CB,國安段,21.52,都市：住,10000,32,持分移轉,16120000
RPQRMLKLIIPFFBD97CB,國安段,21.52,都市：住,10000,32,持分移轉,16120000
RPVRMLKLIIPFFBD48CB,國安段,21.52,都市：住,10000,32,持分移轉,16120000
RPQSMLKLIIPFFBD08CB,國安段,21.52,都市：住,10000,32,持分移轉,16120000
RPOSMLKLIIPFFBD87CB,國安段,21.52,都市：住,10000,32,持分移轉,16120000
RPSRMLKLIIPFFBD18CB,國安段,21.52,都市：住,10000,32,持分移轉,16120000
RPXRMLKLIIPFFBD68CB,國安段,21.52,都市：住,10000,32,持分移轉,16120000
RPSSMLKLIIPFFBD28CB,國安段,21.52,都市：住,10000,32,持分移轉,16120000
RPUSMLKLIIPFFBD48CB,國安段,21.52,都市：住,10000,32,持分移轉,16120000
RPRSMLKLIIPFFBD18CB,國安段,21.52,都市：住,10000,32,持分移轉,16120000
RPVSMLKLIIPFFBD58CB,國安段,21.52,都市：住,10000,32,持分移轉,16120000
RPXSMLKLIIPFFBD78CB,國安段,20.85,都市：住,10000,31,持分移轉,16120000
RPRTMLKLIIPFFBD28CB,國安段,20.85,都市：住,10000,31,持分移轉,16120000
RPTSMLKLIIPFFBD38CB,國安段,21.52,都市：住,10000,32,持分移轉,16120000
RPOTMLKLIIPFFBD97CB,國安段,20.85,都市：住,10000,31,持分移轉,16120000
RPTTMLKLIIPFFBD48CB,國安段,20.85,都市：住,10000,31,持分移轉,16120000
RPPTMLKLIIPFFBD08CB,國安段,20.85,都市：住,10000,31,持分移轉,16120000
RPUTMLKLIIPFFBD58CB,國安段,20.85,都市：住,10000,31,持分移轉,16120000
RPSTMLKLIIPFFBD38CB,國安段,20.85,都市：住,10000,31,持分移轉,16120000
RPXTMLKLIIPFFBD88CB,國安段,20.85,都市：住,10000,31,持分移轉,16120000
RPVTMLKLIIPFFBD68CB,國安段,20.85,都市：住,10000,31,持分移轉,16120000
RPPUMLKLIIPFFBD18CB,國安段,20.85,都市：住,10000,31,持分移轉,16120000
RPOUMLKLIIPFFBD08CB,國安段,20.85,都市：住,10000,31,持分移轉,16120000
RPRUMLKLIIPFFBD38CB,國安段,20.85,都市：住,10000,31,持分移轉,16120000
RPQUMLKLIIPFFBD28CB,國安段,20.85,都市：住,10000,31,持分移轉,16120000
RPSUMLKLIIPFFBD48CB,國安段,20.85,都市：住,10000,31,持分移轉,16120000
RPTUMLKLIIPFFBD58CB,國安段,20.85,都市：住,10000,31,持分移轉,16120000
RPXNMLMLIIPFFBD48CB,國安段,20.85,都市：住,10000,31,持分移轉,16120000
RPOOMLMLIIPFFBD67CB,國安段,20.85,都市：住,10000,31,持分移轉,16120000
RPPOMLMLIIPFFBD77CB,國安段,20.85,都市：住,10000,31,持分移轉,16120000
RPSOMLMLIIPFFBD08CB,國安段,20.85,都市：住,10000,31,持分移轉,16120000
RPQOMLMLIIPFFBD87CB,國安段,20.85,都市：住,10000,31,持分移轉,16120000
RPTOMLMLIIPFFBD18CB,國安段,20.85,都市：住,10000,31,持分移轉,16120000
RPROMLMLIIPFFBD97CB,國安段,20.85,都市：住,10000,31,持分移轉,16120000
RPUOMLMLIIPFFBD28CB,國安段,20.85,都市：住,10000,31,持分移轉,16120000
RPVOMLMLIIPFFBD38CB,國安段,20.85,都市：住,10000,31,持分移轉,16120000
RPXOMLMLIIPFFBD58CB,國安段,20.85,都市：住,10000,31,持分移轉,16120000
RPPPMLMLIIPFFBD87CB,國安段,20.85,都市：住,10000,31,持分移轉,16120000
RPTPMLMLIIPFFBD28CB,國安段,20.85,都市：住,10000,31,持分移轉,16120000
RPOPMLMLIIPFFBD77CB,國安段,20.85,都市：住,10000,31,持分移轉,16120000
RPXPMLMLIIPFFBD68CB,國安段,20.85,都市：住,10000,31,持分移轉,16120000
RPVPMLMLIIPFFBD48CB,國安段,20.85,都市：住,10000,31,持分移轉,16120000
RPPQMLMLIIPFFBD97CB,國安段,21.52,都市：住,10000,32,持分移轉,16120000
RPWPMLMLIIPFFBD58CB,國安段,20.18,都市：住,10000,30,持分移轉,16120000
RPSPMLMLIIPFFBD18CB,國安段,20.85,都市：住,10000,31,持分移轉,16120000
RPOQMLMLIIPFFBD87CB,國安段,20.85,都市：住,10000,31,持分移轉,16120000
RPSQMLMLIIPFFBD28CB,國安段,20.85,都市：住,10000,31,持分移轉,16120000
RPRQMLMLIIPFFBD18CB,國安段,20.85,都市：住,10000,31,持分移轉,16120000
RPQQMLMLIIPFFBD08CB,國安段,21.52,都市：住,10000,32,持分移轉,16120000
RPUQMLMLIIPFFBD48CB,國安段,20.85,都市：住,10000,31,持分移轉,16120000
RPWQMLMLIIPFFBD68CB,國安段,20.85,都市：住,10000,31,持分移轉,16120000
RPVQMLMLIIPFFBD58CB,國安段,20.85,都市：住,10000,31,持分移轉,16120000
RPTQMLMLIIPFFBD38CB,國安段,20.85,都市：住,10000,31,持分移轉,16120000
RPXQMLMLIIPFFBD78CB,國安段,20.85,都市：住,10000,31,持分移轉,16120000
RPORMLMLIIPFFBD97CB,國安段,20.85,都市：住,10000,31,持分移轉,16120000
RPRNMLNLIIPFFBD97CB,國安段,15.47,都市：住,10000,23,持分移轉,16120000
RPSNMLNLIIPFFBD08CB,國安段,15.47,都市：住,10000,23,持分移轉,16120000
RPVNMLNLIIPFFBD38CB,國安段,15.47,都市：住,10000,23,持分移轉,16120000
RPTNMLNLIIPFFBD18CB,國安段,15.47,都市：住,10000,23,持分移轉,16120000
RPUNMLNLIIPFFBD28CB,國安段,15.47,都市：住,10000,23,持分移轉,16120000
RPXNMLNLIIPFFBD58CB,國安段,15.47,都市：住,10000,23,持分移轉,16120000
RPWNMLNLIIPFFBD48CB,國安段,15.47,都市：住,10000,23,持分移轉,16120000
RPOOMLNLIIPFFBD77CB,國安段,15.47,都市：住,10000,23,持分移轉,16120000
RPPOMLNLIIPFFBD87CB,國安段,15.47,都市：住,10000,23,持分移轉,16120000
RPQOMLNLIIPFFBD97CB,國安段,15.47,都市：住,10000,23,持分移轉,16120000
RPROMLNLIIPFFBD08CB,國安段,15.47,都市：住,10000,23,持分移轉,16120000
RPSOMLNLIIPFFBD18CB,國安段,15.47,都市：住,10000,23,持分移轉,16120000
RPWOMLNLIIPFFBD58CB,國安段,16.14,都市：住,10000,24,持分移轉,16120000
RPTOMLNLIIPFFBD28CB,國安段,15.47,都市：住,10000,23,持分移轉,16120000
RPVOMLNLIIPFFBD48CB,國安段,16.14,都市：住,10000,24,持分移轉,16120000
RPUOMLNLIIPFFBD38CB,國安段,15.47,都市：住,10000,23,持分移轉,16120000
RPXOMLNLIIPFFBD68CB,國安段,16.14,都市：住,10000,24,持分移轉,16120000
RPOPMLNLIIPFFBD87CB,國安段,16.14,都市：住,10000,24,持分移轉,16120000
RPPPMLNLIIPFFBD97CB,國安段,16.14,都市：住,10000,24,持分移轉,16120000
RPQPMLNLIIPFFBD08CB,國安段,16.14,都市：住,10000,24,持分移轉,16120000
RPRPMLNLIIPFFBD18CB,國安段,16.14,都市：住,10000,24,持分移轉,16120000
RPSPMLNLIIPFFBD28CB,國安段,16.14,都市：住,10000,24,持分移轉,16120000
RPVPMLNLIIPFFBD58CB,國安段,16.14,都市：住,10000,24,持分移轉,16120000
RPUPMLNLIIPFFBD48CB,國安段,16.14,都市：住,10000,24,持分移轉,16120000
RPTPMLNLIIPFFBD38CB,國安段,16.14,都市：住,10000,24,持分移轉,16120000
RPXPMLNLIIPFFBD78CB,國安段,16.14,都市：住,10000,24,持分移轉,16120000
RPPQMLNLIIPFFBD08CB,國安段,16.14,都市：住,10000,24,持分移轉,16120000
RPOQMLNLIIPFFBD97CB,國安段,16.14,都市：住,10000,24,持分移轉,16120000
RPSQMLNLIIPFFBD38CB,國安段,20.18,都市：住,10000,30,持分移轉,16120000
RPTQMLNLIIPFFBD48CB,國安段,20.85,都市：住,10000,31,持分移轉,16120000
RPUQMLNLIIPFFBD58CB,國安段,20.85,都市：住,10000,31,持分移轉,16120000
RPXQMLNLIIPFFBD88CB,國安段,20.85,都市：住,10000,31,持分移轉,16120000
RPVQMLNLIIPFFBD68CB,國安段,20.85,都市：住,10000,31,持分移轉,16120000
RPPRMLNLIIPFFBD18CB,國安段,20.85,都市：住,10000,31,持分移轉,16120000
RPWQMLNLIIPFFBD78CB,國安段,20.85,都市：住,10000,31,持分移轉,16120000
RPORMLNLIIPFFBD08CB,國安段,20.85,都市：住,10000,31,持分移轉,16120000
RPQRMLNLIIPFFBD28CB,國安段,20.85,都市：住,10000,31,持分移轉,16120000
RPTRMLNLIIPFFBD58CB,國安段,20.85,都市：住,10000,31,持分移轉,16120000
RPRRMLNLIIPFFBD38CB,國安段,20.18,都市：住,10000,30,持分移轉,16120000
RPSRMLNLIIPFFBD48CB,國安段,20.85,都市：住,10000,31,持分移轉,16120000
RPURMLNLIIPFFBD68CB,國安段,20.85,都市：住,10000,31,持分移轉,16120000
RPWRMLNLIIPFFBD88CB,國安段,20.85,都市：住,10000,31,持分移轉,16120000
RPVRMLNLIIPFFBD78CB,國安段,20.85,都市：住,10000,31,持分移轉,16120000
RPPSMLNLIIPFFBD28CB,國安段,20.85,都市：住,10000,31,持分移轉,16120000
RPXRMLNLIIPFFBD98CB,國安段,20.85,都市：住,10000,31,持分移轉,16120000
RPQSMLNLIIPFFBD38CB,國安段,20.85,都市：住,10000,31,持分移轉,16120000
RPOSMLNLIIPFFBD18CB,國安段,20.18,都市：住,10000,30,持分移轉,16120000
RPRSMLNLIIPFFBD48CB,國安段,20.85,都市：住,10000,31,持分移轉,16120000
RPSSMLNLIIPFFBD58CB,國安段,20.85,都市：住,10000,31,持分移轉,16120000
RPUSMLNLIIPFFBD78CB,國安段,20.85,都市：住,10000,31,持分移轉,16120000
RPTSMLNLIIPFFBD68CB,國安段,20.85,都市：住,10000,31,持分移轉,16120000
RPWSMLNLIIPFFBD98CB,國安段,20.85,都市：住,10000,31,持分移轉,16120000
RPPTMLNLIIPFFBD38CB,國安段,21.52,都市：住,10000,32,持分移轉,16120000
RPVSMLNLIIPFFBD88CB,國安段,20.85,都市：住,10000,31,持分移轉,16120000
RPOTMLNLIIPFFBD28CB,國安段,20.85,都市：住,10000,31,持分移轉,16120000
RPRTMLNLIIPFFBD58CB,國安段,20.85,都市：住,10000,31,持分移轉,16120000
RPXSMLNLIIPFFBD09CB,國安段,20.85,都市：住,10000,31,持分移轉,16120000
RPQTMLNLIIPFFBD48CB,國安段,20.85,都市：住,10000,31,持分移轉,16120000
RPTTMLNLIIPFFBD78CB,國安段,20.85,都市：住,10000,31,持分移轉,16120000
RPSTMLNLIIPFFBD68CB,國安段,20.85,都市：住,10000,31,持分移轉,16120000
RPUTMLNLIIPFFBD88CB,國安段,20.85,都市：住,10000,31,持分移轉,16120000
RPWTMLNLIIPFFBD09CB,國安段,21.52,都市：住,10000,32,持分移轉,16120000
RPVTMLNLIIPFFBD98CB,國安段,20.85,都市：住,10000,31,持分移轉,16120000
RPOUMLNLIIPFFBD38CB,國安段,20.85,都市：住,10000,31,持分移轉,16120000
RPRUMLNLIIPFFBD68CB,國安段,20.85,都市：住,10000,31,持分移轉,16120000
RPXTMLNLIIPFFBD56CB,國安段,20.85,都市：住,10000,31,持分移轉,16120000
RPQUMLNLIIPFFBD58CB,國安段,20.85,都市：住,10000,31,持分移轉,16120000
RPTUMLNLIIPFFBD88CB,國安段,20.85,都市：住,10000,31,持分移轉,16120000
RPSUMLNLIIPFFBD78CB,國安段,20.85,都市：住,10000,31,持分移轉,16120000
RPVUMLNLIIPFFBD09CB,國安段,25.56,都市：住,10000,38,持分移轉,16120000
RPWUMLNLIIPFFBD56CB,國安段,25.56,都市：住,10000,38,持分移轉,16120000
RPUUMLNLIIPFFBD98CB,國安段,20.85,都市：住,10000,31,持分移轉,16120000
RPQVMLNLIIPFFBD68CB,國安段,25.56,都市：住,10000,38,持分移轉,16120000
RPXUMLNLIIPFFBD66CB,國安段,26.23,都市：住,10000,39,持分移轉,16120000
RPOVMLNLIIPFFBD48CB,國安段,25.56,都市：住,10000,38,持分移轉,16120000
RPPVMLNLIIPFFBD58CB,國安段,25.56,都市：住,10000,38,持分移轉,16120000
RPVVMLNLIIPFFBD56CB,國安段,25.56,都市：住,10000,38,持分移轉,16120000
RPTVMLNLIIPFFBD98CB,國安段,26.23,都市：住,10000,39,持分移轉,16120000
RPUVMLNLIIPFFBD09CB,國安段,26.23,都市：住,10000,39,持分移轉,16120000
RPRVMLNLIIPFFBD78CB,國安段,25.56,都市：住,10000,38,持分移轉,16120000
RPXVMLNLIIPFFBD76CB,國安段,25.56,都市：住,10000,38,持分移轉,16120000
RPOWMLNLIIPFFBD58CB,國安段,25.56,都市：住,10000,38,持分移轉,16120000
RPSVMLNLIIPFFBD88CB,國安段,25.56,都市：住,10000,38,持分移轉,16120000
RPPWMLNLIIPFFBD68CB,國安段,25.56,都市：住,10000,38,持分移轉,16120000
RPQWMLNLIIPFFBD78CB,國安段,14.80,都市：住,10000,22,持分移轉,16120000
RPVWMLNLIIPFFBD66CB,國安段,14.80,都市：住,10000,22,持分移轉,16120000
RPSWMLNLIIPFFBD98CB,國安段,14.80,都市：住,10000,22,持分移轉,16120000
RPWWMLNLIIPFFBD76CB,國安段,14.80,都市：住,10000,22,持分移轉,16120000
RPRWMLNLIIPFFBD88CB,國安段,14.80,都市：住,10000,22,持分移轉,16120000
RPXWMLNLIIPFFBD86CB,國安段,14.80,都市：住,10000,22,持分移轉,16120000
RPUWMLNLIIPFFBD56CB,國安段,14.80,都市：住,10000,22,持分移轉,16120000
RPONNLNLIIPFFBD77CB,國安段,14.80,都市：住,10000,22,持分移轉,16120000
RPPNNLNLIIPFFBD87CB,國安段,14.80,都市：住,10000,22,持分移轉,16120000
RPQNNLNLIIPFFBD97CB,國安段,14.80,都市：住,10000,22,持分移轉,16120000
RPRNNLNLIIPFFBD08CB,國安段,14.80,都市：住,10000,22,持分移轉,16120000
RPTNNLNLIIPFFBD28CB,國安段,14.80,都市：住,10000,22,持分移轉,16120000
RPVNNLNLIIPFFBD48CB,國安段,21.52,都市：住,10000,32,持分移轉,16120000
RPSNNLNLIIPFFBD18CB,國安段,14.80,都市：住,10000,22,持分移轉,16120000
RPPNMLTLIIPFFAD28CB,新南段,26.05,都市：住,170000,740,持分移轉,00800005
RPRNMLTLIIPFFAD48CB,新南段,26.05,都市：住,170000,740,持分移轉,00800005
RPUNNLNLIIPFFBD38CB,國安段,14.80,都市：住,10000,22,持分移轉,16120000
RPQOMLKMIIPFFAD67CB,新南段,26.26,都市：住,170000,746,持分移轉,00800005
RPQPMLSLIIPFFAD48CB,新南段,26.26,都市：住,170000,746,持分移轉,00800005
RPSNMLTLIIPFFAD58CB,新南段,26.05,都市：住,170000,740,持分移轉,00800005
RPTOMLKMIIPFFAD97CB,新南段,26.26,都市：住,170000,746,持分移轉,00800005
RPVOMLKMIIPFFAD18CB,新南段,26.26,都市：住,170000,746,持分移轉,00800005
RPUOMLKMIIPFFAD08CB,新南段,26.26,都市：住,170000,746,持分移轉,00800005
RPPNMLLMIIPFFAD57CB,新南段,26.26,都市：住,170000,746,持分移轉,00800005
RPTNMLLMIIPFFAD97CB,新南段,26.26,都市：住,170000,746,持分移轉,00800005
RPRNMLLMIIPFFAD77CB,新南段,26.26,都市：住,170000,746,持分移轉,00800005
RPQNMLLMIIPFFAD67CB,新南段,26.26,都市：住,170000,746,持分移轉,00800005
RPVNMLLMIIPFFAD18CB,新南段,26.26,都市：住,170000,746,持分移轉,00800005
RPUNMLLMIIPFFAD08CB,新南段,26.26,都市：住,170000,746,持分移轉,00800005
RPWNMLLMIIPFFAD28CB,新南段,26.26,都市：住,170000,746,持分移轉,00800005
RPOOMLLMIIPFFAD57CB,新南段,26.26,都市：住,170000,746,持分移轉,00800005
RPTOMLLMIIPFFAD08CB,新南段,26.26,都市：住,170000,746,持分移轉,00800005
RPUOMLLMIIPFFAD18CB,新南段,26.26,都市：住,170000,746,持分移轉,00800005
RPOPMLLMIIPFFAD67CB,新南段,26.26,都市：住,170000,746,持分移轉,00800005
RPXOMLLMIIPFFAD48CB,新南段,26.26,都市：住,170000,746,持分移轉,00800005
RPPPMLLMIIPFFAD77CB,新南段,29.04,都市：住,170000,825,持分移轉,00800005
RPQNMLLJJIPFFAD47CB,新南段,26.68,都市：住,170000,758,持分移轉,00800005
RPTNMLLJJIPFFAD77CB,新南段,26.89,都市：住,170000,764,持分移轉,00800005
RPRNMLLJJIPFFAD57CB,新南段,26.89,都市：住,170000,764,持分移轉,00800005
RPVNMLLJJIPFFAD97CB,新南段,26.89,都市：住,170000,764,持分移轉,00800005
RPWNMLLJJIPFFAD08CB,新南段,26.89,都市：住,170000,764,持分移轉,00800005
RPXNMLLJJIPFFAD18CB,新南段,26.89,都市：住,170000,764,持分移轉,00800005
RPUNMLLJJIPFFAD87CB,新南段,26.89,都市：住,170000,764,持分移轉,00800005
RPPOMLLJJIPFFAD47CB,新南段,26.89,都市：住,170000,764,持分移轉,00800005
RPSOMLLJJIPFFAD77CB,新南段,34.67,都市：住,170000,985,持分移轉,00800005
RPROMLLJJIPFFAD67CB,新南段,34.67,都市：住,170000,985,持分移轉,00800005
RPOOMLLJJIPFFAD37CB,新南段,26.89,都市：住,170000,764,持分移轉,00800005
RPQOMLLJJIPFFAD57CB,新南段,34.67,都市：住,170000,985,持分移轉,00800005
RPOOMLPJJIPFFAD77CB,新南段,34.67,都市：住,170000,985,持分移轉,00800005
RPXNMLPJJIPFFAD58CB,新南段,34.67,都市：住,170000,985,持分移轉,00800005
RPQOMLPJJIPFFAD97CB,新南段,34.67,都市：住,170000,985,持分移轉,00800005
RPROMLPJJIPFFAD08CB,新南段,34.67,都市：住,170000,985,持分移轉,00800005
RPSOMLPJJIPFFAD18CB,新南段,34.67,都市：住,170000,985,持分移轉,00800005
RPPOMLPJJIPFFAD87CB,新南段,34.67,都市：住,170000,985,持分移轉,00800005
RPTOMLPJJIPFFAD28CB,新南段,34.67,都市：住,170000,985,持分移轉,00800005
RPVOMLPJJIPFFAD48CB,新南段,34.67,都市：住,170000,985,持分移轉,00800005
RPUOMLPJJIPFFAD38CB,新南段,34.67,都市：住,170000,985,持分移轉,00800005
RPWOMLPJJIPFFAD58CB,新南段,34.67,都市：住,170000,985,持分移轉,00800005
RPXOMLPJJIPFFAD68CB,新南段,34.67,都市：住,170000,985,持分移轉,00800005
RPOPMLPJJIPFFAD87CB,新南段,34.67,都市：住,170000,985,持分移轉,00800005
RPPPMLPJJIPFFAD97CB,新南段,34.67,都市：住,170000,985,持分移轉,00800005
RPRPMLPJJIPFFAD18CB,新南段,34.67,都市：住,170000,985,持分移轉,00800005
RPSPMLPJJIPFFAD28CB,新南段,34.67,都市：住,170000,985,持分移轉,00800005
RPQRMLPJJIPFFAD28CB,新南段,37.28,都市：住,170000,1059,持分移轉,00800005
RPSRMLPJJIPFFAD48CB,新南段,37.49,都市：住,170000,1065,持分移轉,00800005
RPURMLPJJIPFFAD68CB,新南段,37.28,都市：住,170000,1059,持分移轉,00800005
RPTRMLPJJIPFFAD58CB,新南段,37.28,都市：住,170000,1059,持分移轉,00800005
RPOSMLPJJIPFFAD18CB,新南段,37.49,都市：住,170000,1065,持分移轉,00800005
RPPSMLPJJIPFFAD28CB,新南段,37.28,都市：住,170000,1059,持分移轉,00800005
RPQSMLPJJIPFFAD38CB,新南段,37.28,都市：住,170000,1059,持分移轉,00800005
RPRSMLPJJIPFFAD48CB,新南段,37.49,都市：住,170000,1065,持分移轉,00800005
RPUSMLPJJIPFFAD78CB,新南段,37.49,都市：住,170000,1065,持分移轉,00800005
RPXSMLPJJIPFFAD09CB,新南段,37.49,都市：住,170000,1065,持分移轉,00800005
RPVSMLPJJIPFFAD88CB,新南段,37.49,都市：住,170000,1065,持分移轉,00800005
RPOTMLPJJIPFFAD28CB,新南段,37.28,都市：住,170000,1059,持分移轉,00800005
RPQTMLPJJIPFFAD48CB,新南段,37.49,都市：住,170000,1065,持分移轉,00800005
RPSTMLPJJIPFFAD68CB,新南段,37.28,都市：住,170000,1059,持分移轉,00800005
RPVNMLQJJIPFFAD48CB,新南段,37.49,都市：住,170000,1065,持分移轉,00800005
RPXNMLQJJIPFFAD68CB,新南段,37.49,都市：住,170000,1065,持分移轉,00800005
RPROMLQJJIPFFAD18CB,新南段,37.49,都市：住,170000,1065,持分移轉,00800005
RPOOMLQJJIPFFAD87CB,新南段,37.49,都市：住,170000,1065,持分移轉,00800005
RPQOMLQJJIPFFAD08CB,新南段,37.49,都市：住,170000,1065,持分移轉,00800005
RPTOMLQJJIPFFAD38CB,新南段,37.49,都市：住,170000,1065,持分移轉,00800005
RPVOMLQJJIPFFAD58CB,新南段,37.49,都市：住,170000,1065,持分移轉,00800005
RPXOMLQJJIPFFAD78CB,新南段,37.49,都市：住,170000,1065,持分移轉,00800005
RPOPMLQJJIPFFAD97CB,新南段,37.49,都市：住,170000,1065,持分移轉,00800005
RPQPMLQJJIPFFAD18CB,新南段,37.49,都市：住,170000,1065,持分移轉,00800005
RPPPMLQJJIPFFAD08CB,新南段,37.49,都市：住,170000,1065,持分移轉,00800005
RPSPMLQJJIPFFAD38CB,新南段,31.89,都市：住,170000,906,持分移轉,00800005
RPTPMLQJJIPFFAD48CB,新南段,37.49,都市：住,170000,1065,持分移轉,00800005
RPUPMLQJJIPFFAD58CB,新南段,37.49,都市：住,170000,1065,持分移轉,00800005
RPVPMLQJJIPFFAD68CB,新南段,31.89,都市：住,170000,906,持分移轉,00800005
RPOQMLQJJIPFFAD08CB,新南段,31.89,都市：住,170000,906,持分移轉,00800005
RPQQMLQJJIPFFAD28CB,新南段,31.89,都市：住,170000,906,持分移轉,00800005
RPRQMLQJJIPFFAD38CB,新南段,34.71,都市：住,170000,986,持分移轉,00800005
RPSQMLQJJIPFFAD48CB,新南段,34.67,都市：住,170000,985,持分移轉,00800005
RPTQMLQJJIPFFAD58CB,新南段,37.49,都市：住,170000,1065,持分移轉,00800005
RPWQMLQJJIPFFAD88CB,新南段,37.49,都市：住,170000,1065,持分移轉,00800005
RPORMLQJJIPFFAD18CB,新南段,37.49,都市：住,170000,1065,持分移轉,00800005
RPPRMLQJJIPFFAD28CB,新南段,37.49,都市：住,170000,1065,持分移轉,00800005
RPQRMLQJJIPFFAD38CB,新南段,37.49,都市：住,170000,1065,持分移轉,00800005
RPRRMLQJJIPFFAD48CB,新南段,37.49,都市：住,170000,1065,持分移轉,00800005
RPSRMLQJJIPFFAD58CB,新南段,37.49,都市：住,170000,1065,持分移轉,00800005
RPTRMLQJJIPFFAD68CB,新南段,37.49,都市：住,170000,1065,持分移轉,00800005
RPVRMLQJJIPFFAD88CB,新南段,37.49,都市：住,170000,1065,持分移轉,00800005
RPTNMLNKJIPFFAD08CB,新南段,26.89,都市：住,170000,764,持分移轉,00800005
RPVNMLNKJIPFFAD28CB,新南段,26.26,都市：住,170000,746,持分移轉,00800005
RPXNMLNKJIPFFAD48CB,新南段,32.14,都市：住,170000,913,持分移轉,00800005
RPWNMLNKJIPFFAD38CB,新南段,26.26,都市：住,170000,746,持分移轉,00800005
RPOOMLNKJIPFFAD67CB,新南段,31.89,都市：住,170000,906,持分移轉,00800005
RPQOMLNKJIPFFAD87CB,新南段,31.89,都市：住,170000,906,持分移轉,00800005
RPROMLNKJIPFFAD97CB,新南段,34.67,都市：住,170000,985,持分移轉,00800005
RPUOMLNKJIPFFAD28CB,新南段,34.71,都市：住,170000,986,持分移轉,00800005
RPSOMLNKJIPFFAD08CB,新南段,34.67,都市：住,170000,985,持分移轉,00800005
RPXOMLNKJIPFFAD58CB,新南段,34.46,都市：住,170000,979,持分移轉,00800005
RPTOMLNKJIPFFAD18CB,新南段,34.92,都市：住,170000,992,持分移轉,00800005
RPQNMLPKJIPFFBD08CB,理想段,27.92,都市：住,100000,722,持分移轉,17460000
RPPNMLPKJIPFFBD97CB,理想段,27.92,都市：住,100000,722,持分移轉,17460000
RPRNMLPKJIPFFBD18CB,理想段,28.22,都市：住,100000,730,持分移轉,17460000
RPSNMLPKJIPFFBD28CB,理想段,27.92,都市：住,100000,722,持分移轉,17460000
RPTNMLPKJIPFFBD38CB,理想段,27.92,都市：住,100000,722,持分移轉,17460000
RPXNMLPKJIPFFBD78CB,理想段,27.92,都市：住,100000,722,持分移轉,17460000
RPOOMLPKJIPFFBD97CB,理想段,35.61,都市：住,100000,921,持分移轉,17460000
RPVNMLPKJIPFFBD58CB,理想段,26.18,都市：住,100000,677,持分移轉,17460000
RPUNMLPKJIPFFBD48CB,理想段,23.78,都市：住,100000,615,持分移轉,17460000
RPWNMLPKJIPFFBD68CB,理想段,23.78,都市：住,100000,615,持分移轉,17460000
RPQOMLPKJIPFFBD18CB,理想段,23.78,都市：住,100000,615,持分移轉,17460000
RPPOMLPKJIPFFBD08CB,理想段,23.78,都市：住,100000,615,持分移轉,17460000
RPTOMLPKJIPFFBD48CB,理想段,27.92,都市：住,100000,722,持分移轉,17460000
RPROMLPKJIPFFBD28CB,理想段,27.92,都市：住,100000,722,持分移轉,17460000
RPSOMLPKJIPFFBD38CB,理想段,27.92,都市：住,100000,722,持分移轉,17460000
RPUOMLPKJIPFFBD58CB,理想段,28.22,都市：住,100000,730,持分移轉,17460000
RPVOMLPKJIPFFBD68CB,理想段,21.92,都市：住,100000,567,持分移轉,17460000
RPOPMLPKJIPFFBD08CB,理想段,28.22,都市：住,100000,730,持分移轉,17460000
RPWOMLPKJIPFFBD78CB,理想段,28.07,都市：住,100000,726,持分移轉,17460000
RPXOMLPKJIPFFBD88CB,理想段,26.18,都市：住,100000,677,持分移轉,17460000
RPQPMLPKJIPFFBD28CB,理想段,27.92,都市：住,100000,722,持分移轉,17460000
RPPPMLPKJIPFFBD18CB,理想段,26.18,都市：住,100000,677,持分移轉,17460000
RPSPMLPKJIPFFBD48CB,理想段,26.18,都市：住,100000,677,持分移轉,17460000
RPRPMLPKJIPFFBD38CB,理想段,26.18,都市：住,100000,677,持分移轉,17460000
RPTPMLPKJIPFFBD58CB,理想段,23.78,都市：住,100000,615,持分移轉,17460000
RPVPMLPKJIPFFBD78CB,理想段,35.61,都市：住,100000,921,持分移轉,17460000
RPUPMLPKJIPFFBD68CB,理想段,26.18,都市：住,100000,677,持分移轉,17460000
RPXPMLPKJIPFFBD98CB,理想段,35.45,都市：住,100000,917,持分移轉,17460000
RPWPMLPKJIPFFBD88CB,理想段,26.18,都市：住,100000,677,持分移轉,17460000
RPOQMLPKJIPFFBD18CB,理想段,28.07,都市：住,100000,726,持分移轉,17460000
RPPQMLPKJIPFFBD28CB,理想段,23.78,都市：住,100000,615,持分移轉,17460000
RPRQMLPKJIPFFBD48CB,理想段,23.78,都市：住,100000,615,持分移轉,17460000
RPQQMLPKJIPFFBD38CB,理想段,28.07,都市：住,100000,726,持分移轉,17460000
RPTQMLPKJIPFFBD68CB,理想段,26.18,都市：住,100000,677,持分移轉,17460000
RPSQMLPKJIPFFBD58CB,理想段,28.22,都市：住,100000,730,持分移轉,17460000
RPVQMLPKJIPFFBD88CB,理想段,28.07,都市：住,100000,726,持分移轉,17460000
RPUQMLPKJIPFFBD78CB,理想段,27.92,都市：住,100000,722,持分移轉,17460000
RPWQMLPKJIPFFBD98CB,理想段,27.92,都市：住,100000,722,持分移轉,17460000
RPXQMLPKJIPFFBD09CB,理想段,35.61,都市：住,100000,921,持分移轉,17460000
RPORMLPKJIPFFBD28CB,理想段,27.92,都市：住,100000,722,持分移轉,17460000
RPPRMLPKJIPFFBD38CB,理想段,26.18,都市：住,100000,677,持分移轉,17460000
RPQRMLPKJIPFFBD48CB,理想段,28.07,都市：住,100000,726,持分移轉,17460000
RPSRMLPKJIPFFBD68CB,理想段,26.18,都市：住,100000,677,持分移轉,17460000
RPURMLPKJIPFFBD88CB,理想段,23.78,都市：住,100000,615,持分移轉,17460000
RPTRMLPKJIPFFBD78CB,理想段,27.92,都市：住,100000,722,持分移轉,17460000
RPRRMLPKJIPFFBD58CB,理想段,28.22,都市：住,100000,730,持分移轉,17460000
RPWRMLPKJIPFFBD09CB,理想段,26.18,都市：住,100000,677,持分移轉,17460000
RPVRMLPKJIPFFBD98CB,理想段,26.18,都市：住,100000,677,持分移轉,17460000
RPXRMLPKJIPFFBD56CB,理想段,28.07,都市：住,100000,726,持分移轉,17460000
RPOSMLPKJIPFFBD38CB,理想段,26.18,都市：住,100000,677,持分移轉,17460000
RPPSMLPKJIPFFBD48CB,理想段,28.22,都市：住,100000,730,持分移轉,17460000
RPQSMLPKJIPFFBD58CB,理想段,27.92,都市：住,100000,722,持分移轉,17460000
RPSSMLPKJIPFFBD78CB,理想段,35.45,都市：住,100000,917,持分移轉,17460000
RPRSMLPKJIPFFBD68CB,理想段,28.22,都市：住,100000,730,持分移轉,17460000
RPTSMLPKJIPFFBD88CB,理想段,26.18,都市：住,100000,677,持分移轉,17460000
RPUSMLPKJIPFFBD98CB,理想段,26.18,都市：住,100000,677,持分移轉,17460000
RPVSMLPKJIPFFBD09CB,理想段,26.18,都市：住,100000,677,持分移轉,17460000
RPOTMLPKJIPFFBD48CB,理想段,37.58,都市：住,100000,972,持分移轉,17460000
RPXSMLPKJIPFFBD66CB,理想段,27.92,都市：住,100000,722,持分移轉,17460000
RPPTMLPKJIPFFBD58CB,理想段,35.61,都市：住,100000,921,持分移轉,17460000
RPWSMLPKJIPFFBD56CB,理想段,28.22,都市：住,100000,730,持分移轉,17460000
RPQTMLPKJIPFFBD68CB,理想段,35.61,都市：住,100000,921,持分移轉,17460000
RPSTMLPKJIPFFBD88CB,理想段,26.18,都市：住,100000,677,持分移轉,17460000
RPRTMLPKJIPFFBD78CB,理想段,28.22,都市：住,100000,730,持分移轉,17460000
RPUTMLPKJIPFFBD09CB,理想段,28.07,都市：住,100000,726,持分移轉,17460000
RPTTMLPKJIPFFBD98CB,理想段,23.78,都市：住,100000,615,持分移轉,17460000
RPOUMLPKJIPFFBD58CB,理想段,27.92,都市：住,100000,722,持分移轉,17460000
RPXTMLPKJIPFFBD76CB,理想段,23.78,都市：住,100000,615,持分移轉,17460000
RPVTMLPKJIPFFBD56CB,理想段,28.22,都市：住,100000,730,持分移轉,17460000
RPRUMLPKJIPFFBD88CB,理想段,23.78,都市：住,100000,615,持分移轉,17460000
RPWTMLPKJIPFFBD66CB,理想段,28.07,都市：住,100000,726,持分移轉,17460000
RPQUMLPKJIPFFBD78CB,理想段,24.63,都市：住,100000,637,持分移轉,17460000
RPPUMLPKJIPFFBD68CB,理想段,23.39,都市：住,100000,605,持分移轉,17460000
RPTUMLPKJIPFFBD09CB,理想段,27.92,都市：住,100000,722,持分移轉,17460000
RPSUMLPKJIPFFBD98CB,理想段,23.78,都市：住,100000,615,持分移轉,17460000
RPVUMLPKJIPFFBD66CB,理想段,28.22,都市：住,100000,730,持分移轉,17460000
RPWUMLPKJIPFFBD76CB,理想段,23.78,都市：住,100000,615,持分移轉,17460000
RPUUMLPKJIPFFBD56CB,理想段,27.92,都市：住,100000,722,持分移轉,17460000
RPOVMLPKJIPFFBD68CB,理想段,26.18,都市：住,100000,677,持分移轉,17460000
RPQVMLPKJIPFFBD88CB,理想段,35.45,都市：住,100000,917,持分移轉,17460000
RPTVMLPKJIPFFBD56CB,理想段,28.22,都市：住,100000,730,持分移轉,17460000
RPXUMLPKJIPFFBD86CB,理想段,28.22,都市：住,100000,730,持分移轉,17460000
RPSVMLPKJIPFFBD09CB,理想段,35.61,都市：住,100000,921,持分移轉,17460000
RPRVMLPKJIPFFBD98CB,理想段,26.18,都市：住,100000,677,持分移轉,17460000
RPVVMLPKJIPFFBD76CB,理想段,28.22,都市：住,100000,730,持分移轉,17460000
RPWVMLPKJIPFFBD86CB,理想段,23.78,都市：住,100000,615,持分移轉,17460000
RPUVMLPKJIPFFBD66CB,理想段,28.07,都市：住,100000,726,持分移轉,17460000
RPXVMLPKJIPFFBD96CB,理想段,27.92,都市：住,100000,722,持分移轉,17460000
RPPWMLPKJIPFFBD88CB,理想段,28.07,都市：住,100000,726,持分移轉,17460000
RPQWMLPKJIPFFBD98CB,理想段,23.78,都市：住,100000,615,持分移轉,17460000
RPOWMLPKJIPFFBD78CB,理想段,26.18,都市：住,100000,677,持分移轉,17460000
RPRWMLPKJIPFFBD09CB,理想段,27.92,都市：住,100000,722,持分移轉,17460000
RPTWMLPKJIPFFBD66CB,理想段,35.61,都市：住,100000,921,持分移轉,17460000
RPSWMLPKJIPFFBD56CB,理想段,35.45,都市：住,100000,917,持分移轉,17460000
RPUWMLPKJIPFFBD76CB,理想段,23.78,都市：住,100000,615,持分移轉,17460000
RPWWMLPKJIPFFBD96CB,理想段,26.18,都市：住,100000,677,持分移轉,17460000
RPONNLPKJIPFFBD97CB,理想段,26.18,都市：住,100000,677,持分移轉,17460000
RPVWMLPKJIPFFBD86CB,理想段,23.78,都市：住,100000,615,持分移轉,17460000
RPXWMLPKJIPFFBD07CB,理想段,28.07,都市：住,100000,726,持分移轉,17460000
RPRNNLPKJIPFFBD28CB,理想段,35.61,都市：住,100000,921,持分移轉,17460000
RPPNNLPKJIPFFBD08CB,理想段,26.18,都市：住,100000,677,持分移轉,17460000
RPSNNLPKJIPFFBD38CB,理想段,26.18,都市：住,100000,677,持分移轉,17460000
RPTNNLPKJIPFFBD48CB,理想段,35.45,都市：住,100000,917,持分移轉,17460000
RPQNNLPKJIPFFBD18CB,理想段,35.45,都市：住,100000,917,持分移轉,17460000
RPXNNLPKJIPFFBD88CB,理想段,31.94,都市：住,100000,826,持分移轉,17460000
RPOONLPKJIPFFBD08CB,理想段,27.92,都市：住,100000,722,持分移轉,17460000
RPUNNLPKJIPFFBD58CB,理想段,35.45,都市：住,100000,917,持分移轉,17460000
RPPONLPKJIPFFBD18CB,理想段,27.92,都市：住,100000,722,持分移轉,17460000
RPVNNLPKJIPFFBD68CB,理想段,35.45,都市：住,100000,917,持分移轉,17460000
RPWNNLPKJIPFFBD78CB,理想段,28.07,都市：住,100000,726,持分移轉,17460000
RPQONLPKJIPFFBD28CB,理想段,27.92,都市：住,100000,722,持分移轉,17460000
RPTONLPKJIPFFBD58CB,理想段,26.18,都市：住,100000,677,持分移轉,17460000
RPRONLPKJIPFFBD38CB,理想段,26.33,都市：住,100000,681,持分移轉,17460000
RPWONLPKJIPFFBD88CB,理想段,35.45,都市：住,100000,917,持分移轉,17460000
RPUONLPKJIPFFBD68CB,理想段,35.45,都市：住,100000,917,持分移轉,17460000
RPOPNLPKJIPFFBD18CB,理想段,27.92,都市：住,100000,722,持分移轉,17460000
RPPPNLPKJIPFFBD28CB,理想段,23.78,都市：住,100000,615,持分移轉,17460000
RPXONLPKJIPFFBD98CB,理想段,23.78,都市：住,100000,615,持分移轉,17460000
RPVONLPKJIPFFBD78CB,理想段,27.92,都市：住,100000,722,持分移轉,17460000
RPQPNLPKJIPFFBD38CB,理想段,23.78,都市：住,100000,615,持分移轉,17460000
RPRPNLPKJIPFFBD48CB,理想段,23.78,都市：住,100000,615,持分移轉,17460000
RPSPNLPKJIPFFBD58CB,理想段,27.92,都市：住,100000,722,持分移轉,17460000
RPWPNLPKJIPFFBD98CB,理想段,23.86,都市：住,100000,617,持分移轉,17460000
RPUPNLPKJIPFFBD78CB,理想段,35.45,都市：住,100000,917,持分移轉,17460000
RPVPNLPKJIPFFBD88CB,理想段,23.78,都市：住,100000,615,持分移轉,17460000
RPRQNLPKJIPFFBD58CB,理想段,29.19,都市：住,100000,755,持分移轉,17460000
RPPQNLPKJIPFFBD38CB,理想段,23.78,都市：住,100000,615,持分移轉,17460000
RPOQNLPKJIPFFBD28CB,理想段,35.45,都市：住,100000,917,持分移轉,17460000
RPQQNLPKJIPFFBD48CB,理想段,24.63,都市：住,100000,637,持分移轉,17460000
RPXPNLPKJIPFFBD09CB,理想段,23.78,都市：住,100000,615,持分移轉,17460000
RPSQNLPKJIPFFBD68CB,理想段,35.61,都市：住,100000,921,持分移轉,17460000
RPTQNLPKJIPFFBD78CB,理想段,28.07,都市：住,100000,726,持分移轉,17460000
RPUQNLPKJIPFFBD88CB,理想段,35.61,都市：住,100000,921,持分移轉,17460000
RPVQNLPKJIPFFBD98CB,理想段,35.61,都市：住,100000,921,持分移轉,17460000
RPWQNLPKJIPFFBD09CB,理想段,23.78,都市：住,100000,615,持分移轉,17460000
RPXQNLPKJIPFFBD56CB,理想段,35.61,都市：住,100000,921,持分移轉,17460000
RPOSMLQKJIPFFAD38CB,頂美段,16.10,都市：住,100000,578,持分移轉,15050000
RPQSMLQKJIPFFAD58CB,頂美段,14.31,都市：住,100000,514,持分移轉,15050000
RPRSMLQKJIPFFAD68CB,頂美段,12.87,都市：住,100000,462,持分移轉,15050000
RPTSMLQKJIPFFAD88CB,頂美段,9.52,都市：住,100000,342,持分移轉,15050000
RPORNLPKJIPFFBD38CB,理想段,35.45,都市：住,100000,917,持分移轉,17460000
RPWSMLQKJIPFFAD56CB,頂美段,12.89,都市：住,100000,463,持分移轉,15050000
RPXSMLQKJIPFFAD66CB,頂美段,12.87,都市：住,100000,462,持分移轉,15050000
RPUSMLQKJIPFFAD98CB,頂美段,12.89,都市：住,100000,463,持分移轉,15050000
RPOTMLQKJIPFFAD48CB,頂美段,13.59,都市：住,100000,488,持分移轉,15050000
RPPTMLQKJIPFFAD58CB,頂美段,13.59,都市：住,100000,488,持分移轉,15050000
RPSTMLQKJIPFFAD88CB,頂美段,12.89,都市：住,100000,463,持分移轉,15050000
RPUTMLQKJIPFFAD09CB,頂美段,13.59,都市：住,100000,488,持分移轉,15050000
RPQTMLQKJIPFFAD68CB,頂美段,13.59,都市：住,100000,488,持分移轉,15050000
RPTTMLQKJIPFFAD98CB,頂美段,9.52,都市：住,100000,342,持分移轉,15050000
RPVTMLQKJIPFFAD56CB,頂美段,16.10,都市：住,100000,578,持分移轉,15050000
RPRTMLQKJIPFFAD78CB,頂美段,14.31,都市：住,100000,514,持分移轉,15050000
RPXTMLQKJIPFFAD76CB,頂美段,12.89,都市：住,100000,463,持分移轉,15050000
RPWTMLQKJIPFFAD66CB,頂美段,12.87,都市：住,100000,462,持分移轉,15050000
RPOUMLQKJIPFFAD58CB,頂美段,12.87,都市：住,100000,462,持分移轉,15050000
RPSUMLQKJIPFFAD98CB,頂美段,9.52,都市：住,100000,342,持分移轉,15050000
RPPUMLQKJIPFFAD68CB,頂美段,16.10,都市：住,100000,578,持分移轉,15050000
RPQUMLQKJIPFFAD78CB,頂美段,14.31,都市：住,100000,514,持分移轉,15050000
RPRUMLQKJIPFFAD88CB,頂美段,16.10,都市：住,100000,578,持分移轉,15050000
RPTUMLQKJIPFFAD09CB,頂美段,12.89,都市：住,100000,463,持分移轉,15050000
RPUUMLQKJIPFFAD56CB,頂美段,14.31,都市：住,100000,514,持分移轉,15050000
RPOVMLQKJIPFFAD68CB,頂美段,13.59,都市：住,100000,488,持分移轉,15050000
RPXUMLQKJIPFFAD86CB,頂美段,12.89,都市：住,100000,463,持分移轉,15050000
RPWUMLQKJIPFFAD76CB,頂美段,9.52,都市：住,100000,342,持分移轉,15050000
RPPVMLQKJIPFFAD78CB,頂美段,16.10,都市：住,100000,578,持分移轉,15050000
RPTVMLQKJIPFFAD56CB,頂美段,14.31,都市：住,100000,514,持分移轉,15050000
RPSVMLQKJIPFFAD09CB,頂美段,16.10,都市：住,100000,578,持分移轉,15050000
RPQVMLQKJIPFFAD88CB,頂美段,13.59,都市：住,100000,488,持分移轉,15050000
RPUVMLQKJIPFFAD66CB,頂美段,16.10,都市：住,100000,578,持分移轉,15050000
RPXVMLQKJIPFFAD96CB,頂美段,16.10,都市：住,100000,578,持分移轉,15050000
RPVVMLQKJIPFFAD76CB,頂美段,9.52,都市：住,100000,342,持分移轉,15050000
RPOWMLQKJIPFFAD78CB,頂美段,9.52,都市：住,100000,342,持分移轉,15050000
RPPWMLQKJIPFFAD88CB,頂美段,9.52,都市：住,100000,342,持分移轉,15050000
RPRWMLQKJIPFFAD09CB,頂美段,12.89,都市：住,100000,463,持分移轉,15050000
RPQWMLQKJIPFFAD98CB,頂美段,12.87,都市：住,100000,462,持分移轉,15050000
RPSWMLQKJIPFFAD56CB,頂美段,16.10,都市：住,100000,578,持分移轉,15050000
RPVWMLQKJIPFFAD86CB,頂美段,14.31,都市：住,100000,514,持分移轉,15050000
RPWWMLQKJIPFFAD96CB,頂美段,15.29,都市：住,100000,549,持分移轉,15050000
RPQNNLQKJIPFFAD18CB,頂美段,9.52,都市：住,100000,342,持分移轉,15050000
RPUWMLQKJIPFFAD76CB,頂美段,9.52,都市：住,100000,342,持分移轉,15050000
RPXWMLQKJIPFFAD07CB,頂美段,12.87,都市：住,100000,462,持分移轉,15050000
RPONNLQKJIPFFAD97CB,頂美段,16.10,都市：住,100000,578,持分移轉,15050000
RPRNNLQKJIPFFAD28CB,頂美段,9.52,都市：住,100000,342,持分移轉,15050000
RPPNNLQKJIPFFAD08CB,頂美段,12.87,都市：住,100000,462,持分移轉,15050000
RPSNNLQKJIPFFAD38CB,頂美段,16.10,都市：住,100000,578,持分移轉,15050000
RPWNNLQKJIPFFAD78CB,頂美段,14.31,都市：住,100000,514,持分移轉,15050000
RPXNNLQKJIPFFAD88CB,頂美段,9.52,都市：住,100000,342,持分移轉,15050000
RPVNNLQKJIPFFAD68CB,頂美段,9.52,都市：住,100000,342,持分移轉,15050000
RPUNNLQKJIPFFAD58CB,頂美段,16.10,都市：住,100000,578,持分移轉,15050000
RPOONLQKJIPFFAD08CB,頂美段,9.52,都市：住,100000,342,持分移轉,15050000
RPPONLQKJIPFFAD18CB,頂美段,13.59,都市：住,100000,488,持分移轉,15050000
RPSONLQKJIPFFAD48CB,頂美段,12.89,都市：住,100000,463,持分移轉,15050000
RPRONLQKJIPFFAD38CB,頂美段,9.52,都市：住,100000,342,持分移轉,15050000
RPQONLQKJIPFFAD28CB,頂美段,13.59,都市：住,100000,488,持分移轉,15050000
RPTONLQKJIPFFAD58CB,頂美段,14.31,都市：住,100000,514,持分移轉,15050000
RPSNMLRKJIPFFAD38CB,頂美段,16.10,都市：住,100000,578,持分移轉,15050000
RPUONLQKJIPFFAD68CB,頂美段,14.31,都市：住,100000,514,持分移轉,15050000
RPOOMLRKJIPFFAD08CB,頂美段,13.59,都市：住,100000,488,持分移轉,15050000
RPWNMLRKJIPFFAD78CB,頂美段,30.77,都市：住,100000,1105,持分移轉,15050000
RPROMLRKJIPFFAD38CB,頂美段,12.87,都市：住,100000,462,持分移轉,15050000
RPSOMLRKJIPFFAD48CB,頂美段,34.81,都市：住,100000,1250,持分移轉,15050000
RPQOMLRKJIPFFAD28CB,頂美段,13.59,都市：住,100000,488,持分移轉,15050000
RPPOMLRKJIPFFAD18CB,頂美段,12.89,都市：住,100000,463,持分移轉,15050000
RPTNMLRKJIPFFAD48CB,頂美段,9.52,都市：住,100000,342,持分移轉,15050000
RPVNMLRKJIPFFAD68CB,頂美段,9.52,都市：住,100000,342,持分移轉,15050000
RPTOMLRKJIPFFAD58CB,頂美段,13.59,都市：住,100000,488,持分移轉,15050000
RPUOMLRKJIPFFAD68CB,頂美段,13.59,都市：住,100000,488,持分移轉,15050000
RPOPMLRKJIPFFAD18CB,頂美段,14.31,都市：住,100000,514,持分移轉,15050000
RPWOMLRKJIPFFAD88CB,頂美段,10.47,都市：住,100000,376,持分移轉,15050000
RPTPMLRKJIPFFAD68CB,頂美段,16.10,都市：住,100000,578,持分移轉,15050000
RPQPMLRKJIPFFAD38CB,頂美段,12.89,都市：住,100000,463,持分移轉,15050000
RPVOMLRKJIPFFAD78CB,頂美段,16.10,都市：住,100000,578,持分移轉,15050000
RPXOMLRKJIPFFAD98CB,頂美段,35.51,都市：住,100000,1275,持分移轉,15050000
RPSPMLRKJIPFFAD58CB,頂美段,9.52,都市：住,100000,342,持分移轉,15050000
RPPPMLRKJIPFFAD28CB,頂美段,13.59,都市：住,100000,488,持分移轉,15050000
RPUPMLRKJIPFFAD78CB,頂美段,12.87,都市：住,100000,462,持分移轉,15050000
RPVPMLRKJIPFFAD88CB,頂美段,9.52,都市：住,100000,342,持分移轉,15050000
RPWPMLRKJIPFFAD98CB,頂美段,14.31,都市：住,100000,514,持分移轉,15050000
RPOQMLRKJIPFFAD28CB,頂美段,9.52,都市：住,100000,342,持分移轉,15050000
RPQQMLRKJIPFFAD48CB,頂美段,12.87,都市：住,100000,462,持分移轉,15050000
RPRQMLRKJIPFFAD58CB,頂美段,16.10,都市：住,100000,578,持分移轉,15050000
RPSQMLRKJIPFFAD68CB,頂美段,40.10,都市：住,100000,1440,持分移轉,15050000
RPPQMLRKJIPFFAD38CB,頂美段,14.31,都市：住,100000,514,持分移轉,15050000
RPUQMLRKJIPFFAD88CB,頂美段,9.52,都市：住,100000,342,持分移轉,15050000
RPTQMLRKJIPFFAD78CB,頂美段,9.52,都市：住,100000,342,持分移轉,15050000
RPVQMLRKJIPFFAD98CB,頂美段,16.10,都市：住,100000,578,持分移轉,15050000
RPWQMLRKJIPFFAD09CB,頂美段,9.52,都市：住,100000,342,持分移轉,15050000
RPXQMLRKJIPFFAD56CB,頂美段,9.52,都市：住,100000,342,持分移轉,15050000
RPORMLRKJIPFFAD38CB,頂美段,16.10,都市：住,100000,578,持分移轉,15050000
RPPRMLRKJIPFFAD48CB,頂美段,12.89,都市：住,100000,463,持分移轉,15050000
RPQRMLRKJIPFFAD58CB,頂美段,12.89,都市：住,100000,463,持分移轉,15050000
RPRRMLRKJIPFFAD68CB,頂美段,12.89,都市：住,100000,463,持分移轉,15050000
RPURMLRKJIPFFAD98CB,頂美段,16.10,都市：住,100000,578,持分移轉,15050000
RPTRMLRKJIPFFAD88CB,頂美段,9.52,都市：住,100000,342,持分移轉,15050000
RPVRMLRKJIPFFAD09CB,頂美段,12.89,都市：住,100000,463,持分移轉,15050000
RPSRMLRKJIPFFAD78CB,頂美段,16.10,都市：住,100000,578,持分移轉,15050000
RPPNMLSKJIPFFAD18CB,頂美段,16.10,都市：住,100000,578,持分移轉,15050000
RPXRMLRKJIPFFAD66CB,頂美段,16.10,都市：住,100000,578,持分移轉,15050000
RPWRMLRKJIPFFAD56CB,頂美段,16.10,都市：住,100000,578,持分移轉,15050000
RPTNMLSKJIPFFAD58CB,頂美段,12.87,都市：住,100000,462,持分移轉,15050000
RPWNMLSKJIPFFAD88CB,頂美段,16.10,都市：住,100000,578,持分移轉,15050000
RPRNMLSKJIPFFAD38CB,頂美段,9.52,都市：住,100000,342,持分移轉,15050000
RPQNMLSKJIPFFAD28CB,頂美段,14.31,都市：住,100000,514,持分移轉,15050000
RPVNMLSKJIPFFAD78CB,頂美段,13.59,都市：住,100000,488,持分移轉,15050000
RPXNMLSKJIPFFAD98CB,頂美段,9.52,都市：住,100000,342,持分移轉,15050000
RPROMLSKJIPFFAD48CB,頂美段,16.10,都市：住,100000,578,持分移轉,15050000
RPQOMLSKJIPFFAD38CB,頂美段,14.31,都市：住,100000,514,持分移轉,15050000
RPPOMLSKJIPFFAD28CB,頂美段,12.87,都市：住,100000,462,持分移轉,15050000
RPSOMLSKJIPFFAD58CB,頂美段,16.10,都市：住,100000,578,持分移轉,15050000
RPUOMLSKJIPFFAD78CB,頂美段,16.10,都市：住,100000,578,持分移轉,15050000
RPQPMLSKJIPFFAD48CB,頂美段,14.31,都市：住,100000,514,持分移轉,15050000
RPVOMLSKJIPFFAD88CB,頂美段,14.31,都市：住,100000,514,持分移轉,15050000
RPXOMLSKJIPFFAD09CB,頂美段,9.52,都市：住,100000,342,持分移轉,15050000
RPOPMLSKJIPFFAD28CB,頂美段,13.59,都市：住,100000,488,持分移轉,15050000
RPWOMLSKJIPFFAD98CB,頂美段,13.59,都市：住,100000,488,持分移轉,15050000
RPRPMLSKJIPFFAD58CB,頂美段,16.10,都市：住,100000,578,持分移轉,15050000
RPSPMLSKJIPFFAD68CB,頂美段,16.10,都市：住,100000,578,持分移轉,15050000
RPVPMLSKJIPFFAD98CB,頂美段,9.52,都市：住,100000,342,持分移轉,15050000
RPTPMLSKJIPFFAD78CB,頂美段,14.31,都市：住,100000,514,持分移轉,15050000
RPUPMLSKJIPFFAD88CB,頂美段,9.52,都市：住,100000,342,持分移轉,15050000
RPWPMLSKJIPFFAD09CB,頂美段,14.31,都市：住,100000,514,持分移轉,15050000
RPXPMLSKJIPFFAD56CB,頂美段,14.31,都市：住,100000,514,持分移轉,15050000
RPPQMLSKJIPFFAD48CB,頂美段,9.52,都市：住,100000,342,持分移轉,15050000
RPQQMLSKJIPFFAD58CB,頂美段,13.59,都市：住,100000,488,持分移轉,15050000
RPOQMLSKJIPFFAD38CB,頂美段,14.31,都市：住,100000,514,持分移轉,15050000
RPRQMLSKJIPFFAD68CB,頂美段,14.31,都市：住,100000,514,持分移轉,15050000
RPTQMLSKJIPFFAD88CB,頂美段,9.52,都市：住,100000,342,持分移轉,15050000
RPWQMLSKJIPFFAD56CB,頂美段,13.59,都市：住,100000,488,持分移轉,15050000
RPVQMLSKJIPFFAD09CB,頂美段,14.31,都市：住,100000,514,持分移轉,15050000
RPUQMLSKJIPFFAD98CB,頂美段,9.52,都市：住,100000,342,持分移轉,15050000
RPSQMLSKJIPFFAD78CB,頂美段,16.10,都市：住,100000,578,持分移轉,15050000
RPXQMLSKJIPFFAD66CB,頂美段,12.87,都市：住,100000,462,持分移轉,15050000
RPORMLSKJIPFFAD48CB,頂美段,13.59,都市：住,100000,488,持分移轉,15050000
RPPRMLSKJIPFFAD58CB,頂美段,13.59,都市：住,100000,488,持分移轉,15050000
RPRRMLSKJIPFFAD78CB,頂美段,9.52,都市：住,100000,342,持分移轉,15050000
RPQRMLSKJIPFFAD68CB,頂美段,14.31,都市：住,100000,514,持分移轉,15050000
RPTRMLSKJIPFFAD98CB,頂美段,16.10,都市：住,100000,578,持分移轉,15050000
RPURMLSKJIPFFAD09CB,頂美段,14.31,都市：住,100000,514,持分移轉,15050000
RPVRMLSKJIPFFAD56CB,頂美段,14.31,都市：住,100000,514,持分移轉,15050000
RPOSMLSKJIPFFAD58CB,頂美段,14.31,都市：住,100000,514,持分移轉,15050000
RPWRMLSKJIPFFAD66CB,頂美段,12.87,都市：住,100000,462,持分移轉,15050000
RPQSMLSKJIPFFAD78CB,頂美段,14.31,都市：住,100000,514,持分移轉,15050000
RPXRMLSKJIPFFAD76CB,頂美段,13.59,都市：住,100000,488,持分移轉,15050000
RPPSMLSKJIPFFAD68CB,頂美段,14.31,都市：住,100000,514,持分移轉,15050000
RPRSMLSKJIPFFAD88CB,頂美段,13.59,都市：住,100000,488,持分移轉,15050000
RPSSMLSKJIPFFAD98CB,頂美段,13.59,都市：住,100000,488,持分移轉,15050000
RPTSMLSKJIPFFAD09CB,頂美段,14.31,都市：住,100000,514,持分移轉,15050000
RPUSMLSKJIPFFAD56CB,頂美段,13.59,都市：住,100000,488,持分移轉,15050000
RPQNMLTKJIPFFAD38CB,頂美段,16.10,都市：住,100000,578,持分移轉,15050000
RPOOMLTKJIPFFAD28CB,新南段,34.46,都市：住,170000,979,持分移轉,00800005
RPSNMLTKJIPFFAD58CB,頂美段,14.31,都市：住,100000,514,持分移轉,15050000
RPXNMLTKJIPFFAD09CB,頂美段,12.89,都市：住,100000,463,持分移轉,15050000
RPWNMLTKJIPFFAD98CB,頂美段,14.31,都市：住,100000,514,持分移轉,15050000
RPPOMLTKJIPFFAD38CB,頂美段,13.59,都市：住,100000,488,持分移轉,15050000
RPQOMLTKJIPFFAD48CB,頂美段,13.59,都市：住,100000,488,持分移轉,15050000
RPROMLTKJIPFFAD58CB,頂美段,13.59,都市：住,100000,488,持分移轉,15050000
RPSOMLTKJIPFFAD68CB,頂美段,13.59,都市：住,100000,488,持分移轉,15050000
RPTOMLTKJIPFFAD78CB,頂美段,13.59,都市：住,100000,488,持分移轉,15050000
RPVOMLTKJIPFFAD98CB,頂美段,13.59,都市：住,100000,488,持分移轉,15050000
RPWOMLTKJIPFFAD09CB,新南段,34.71,都市：住,170000,986,持分移轉,00800005
RPUOMLTKJIPFFAD88CB,頂美段,16.10,都市：住,100000,578,持分移轉,15050000
RPXOMLTKJIPFFAD56CB,頂美段,13.59,都市：住,100000,488,持分移轉,15050000
RPPPMLTKJIPFFAD48CB,頂美段,13.59,都市：住,100000,488,持分移轉,15050000
RPOPMLTKJIPFFAD38CB,頂美段,13.59,都市：住,100000,488,持分移轉,15050000
RPRPMLTKJIPFFAD68CB,頂美段,13.59,都市：住,100000,488,持分移轉,15050000
RPTPMLTKJIPFFAD88CB,頂美段,16.10,都市：住,100000,578,持分移轉,15050000
RPQPMLTKJIPFFAD58CB,頂美段,15.23,都市：住,100000,547,持分移轉,15050000
RPSPMLTKJIPFFAD78CB,頂美段,16.10,都市：住,100000,578,持分移轉,15050000
RPVPMLTKJIPFFAD09CB,頂美段,13.59,都市：住,100000,488,持分移轉,15050000
RPWPMLTKJIPFFAD56CB,頂美段,13.59,都市：住,100000,488,持分移轉,15050000
RPUPMLTKJIPFFAD98CB,頂美段,14.31,都市：住,100000,514,持分移轉,15050000
RPQQMLTKJIPFFAD68CB,頂美段,16.10,都市：住,100000,578,持分移轉,15050000
RPXPMLTKJIPFFAD66CB,頂美段,16.10,都市：住,100000,578,持分移轉,15050000
RPPQMLTKJIPFFAD58CB,頂美段,12.89,都市：住,100000,463,持分移轉,15050000
RPRQMLTKJIPFFAD78CB,頂美段,14.31,都市：住,100000,514,持分移轉,15050000
RPSQMLTKJIPFFAD88CB,頂美段,9.52,都市：住,100000,342,持分移轉,15050000
RPTQMLTKJIPFFAD98CB,新南段,34.67,都市：住,170000,985,持分移轉,00800005
RPUQMLTKJIPFFAD09CB,頂美段,14.31,都市：住,100000,514,持分移轉,15050000
RPVQMLTKJIPFFAD56CB,新南段,34.67,都市：住,170000,985,持分移轉,00800005
RPWQMLTKJIPFFAD66CB,頂美段,16.10,都市：住,100000,578,持分移轉,15050000
RPXQMLTKJIPFFAD76CB,頂美段,12.87,都市：住,100000,462,持分移轉,15050000
RPORMLTKJIPFFAD58CB,頂美段,13.59,都市：住,100000,488,持分移轉,15050000
RPRRMLTKJIPFFAD88CB,新南段,34.67,都市：住,170000,985,持分移轉,00800005
RPPRMLTKJIPFFAD68CB,頂美段,12.89,都市：住,100000,463,持分移轉,15050000
RPTRMLTKJIPFFAD09CB,頂美段,13.59,都市：住,100000,488,持分移轉,15050000
RPQRMLTKJIPFFAD78CB,頂美段,9.52,都市：住,100000,342,持分移轉,15050000
RPSRMLTKJIPFFAD98CB,頂美段,9.52,都市：住,100000,342,持分移轉,15050000
RPVRMLTKJIPFFAD66CB,頂美段,14.31,都市：住,100000,514,持分移轉,15050000
RPURMLTKJIPFFAD56CB,頂美段,14.31,都市：住,100000,514,持分移轉,15050000
RPXRMLTKJIPFFAD86CB,新南段,34.67,都市：住,170000,985,持分移轉,00800005
RPOSMLTKJIPFFAD68CB,頂美段,9.52,都市：住,100000,342,持分移轉,15050000
RPPSMLTKJIPFFAD78CB,頂美段,14.31,都市：住,100000,514,持分移轉,15050000
RPQSMLTKJIPFFAD88CB,頂美段,13.59,都市：住,100000,488,持分移轉,15050000
RPRSMLTKJIPFFAD98CB,頂美段,16.10,都市：住,100000,578,持分移轉,15050000
RPTSMLTKJIPFFAD56CB,頂美段,12.89,都市：住,100000,463,持分移轉,15050000
RPUSMLTKJIPFFAD66CB,頂美段,12.89,都市：住,100000,463,持分移轉,15050000
RPVSMLTKJIPFFAD76CB,頂美段,12.87,都市：住,100000,462,持分移轉,15050000
RPSSMLTKJIPFFAD09CB,頂美段,12.87,都市：住,100000,462,持分移轉,15050000
RPWSMLTKJIPFFAD86CB,頂美段,12.87,都市：住,100000,462,持分移轉,15050000
RPXSMLTKJIPFFAD96CB,頂美段,12.87,都市：住,100000,462,持分移轉,15050000
RPOTMLTKJIPFFAD78CB,頂美段,14.31,都市：住,100000,514,持分移轉,15050000
RPQTMLTKJIPFFAD98CB,頂美段,12.89,都市：住,100000,463,持分移轉,15050000
RPRTMLTKJIPFFAD09CB,新南段,31.89,都市：住,170000,906,持分移轉,00800005
RPPTMLTKJIPFFAD88CB,頂美段,12.87,都市：住,100000,462,持分移轉,15050000
RPSTMLTKJIPFFAD56CB,新南段,35.16,都市：住,170000,999,持分移轉,00800005
RPWTMLTKJIPFFAD96CB,新南段,26.89,都市：住,170000,764,持分移轉,00800005
RPTTMLTKJIPFFAD66CB,新南段,34.67,都市：住,170000,985,持分移轉,00800005
RPPUMLTKJIPFFAD98CB,新南段,26.89,都市：住,170000,764,持分移轉,00800005
RPQUMLTKJIPFFAD09CB,新南段,26.89,都市：住,170000,764,持分移轉,00800005
RPSUMLTKJIPFFAD66CB,新南段,26.89,都市：住,170000,764,持分移轉,00800005
RPTUMLTKJIPFFAD76CB,新南段,26.89,都市：住,170000,764,持分移轉,00800005
RPXTMLTKJIPFFAD07CB,新南段,26.68,都市：住,170000,758,持分移轉,00800005
RPWUMLTKJIPFFAD07CB,新南段,26.89,都市：住,170000,764,持分移轉,00800005
RPUUMLTKJIPFFAD86CB,新南段,26.89,都市：住,170000,764,持分移轉,00800005
RPOVMLTKJIPFFAD98CB,新南段,26.89,都市：住,170000,764,持分移轉,00800005
RPPVMLTKJIPFFAD09CB,新南段,26.89,都市：住,170000,764,持分移轉,00800005
RPPWMLTKJIPFFAD56CB,新南段,26.89,都市：住,170000,764,持分移轉,00800005
RPVVMLTKJIPFFAD07CB,新南段,26.89,都市：住,170000,764,持分移轉,00800005
RPRVMLTKJIPFFAD66CB,新南段,26.89,都市：住,170000,764,持分移轉,00800005
RPRWMLTKJIPFFAD76CB,新南段,26.89,都市：住,170000,764,持分移轉,00800005
RPQWMLTKJIPFFAD66CB,新南段,26.89,都市：住,170000,764,持分移轉,00800005
RPXWMLTKJIPFFAD37CB,新南段,26.89,都市：住,170000,764,持分移轉,00800005
RPUWMLTKJIPFFAD07CB,新南段,26.89,都市：住,170000,764,持分移轉,00800005
RPWWMLTKJIPFFAD27CB,新南段,26.89,都市：住,170000,764,持分移轉,00800005
RPVWMLTKJIPFFAD17CB,新南段,26.89,都市：住,170000,764,持分移轉,00800005
RPPNNLTKJIPFFAD38CB,新南段,26.89,都市：住,170000,764,持分移轉,00800005
RPONNLTKJIPFFAD28CB,新南段,26.89,都市：住,170000,764,持分移轉,00800005
RPRNMLKLJIPFFAD67CB,頂美段,14.31,都市：住,100000,514,持分移轉,15050000
RPXNMLKLJIPFFAD28CB,新南段,26.05,都市：住,170000,740,持分移轉,00800005
RPPOMLKLJIPFFAD57CB,新南段,26.26,都市：住,170000,746,持分移轉,00800005
RPQOMLKLJIPFFAD67CB,新南段,26.05,都市：住,170000,740,持分移轉,00800005
RPSOMLKLJIPFFAD87CB,新南段,26.26,都市：住,170000,746,持分移轉,00800005
RPUOMLKLJIPFFAD08CB,新南段,26.26,都市：住,170000,746,持分移轉,00800005
RPROMLKLJIPFFAD77CB,新南段,26.26,都市：住,170000,746,持分移轉,00800005
RPVOMLKLJIPFFAD18CB,新南段,26.26,都市：住,170000,746,持分移轉,00800005
RPOPMLKLJIPFFAD57CB,新南段,26.26,都市：住,170000,746,持分移轉,00800005
RPXOMLKLJIPFFAD38CB,新南段,26.26,都市：住,170000,746,持分移轉,00800005
RPQPMLKLJIPFFAD77CB,新南段,26.26,都市：住,170000,746,持分移轉,00800005
RPSPMLKLJIPFFAD97CB,新南段,26.26,都市：住,170000,746,持分移轉,00800005
RPTPMLKLJIPFFAD08CB,新南段,26.26,都市：住,170000,746,持分移轉,00800005
RPVPMLKLJIPFFAD28CB,新南段,26.26,都市：住,170000,746,持分移轉,00800005
RPRQMLKLJIPFFAD97CB,新南段,26.26,都市：住,170000,746,持分移轉,00800005
RPPQMLKLJIPFFAD77CB,新南段,26.26,都市：住,170000,746,持分移轉,00800005
RPWPMLKLJIPFFAD38CB,新南段,26.26,都市：住,170000,746,持分移轉,00800005
RPUQMLKLJIPFFAD28CB,新南段,37.28,都市：住,170000,1059,持分移轉,00800005
RPQQMLKLJIPFFAD87CB,新南段,26.26,都市：住,170000,746,持分移轉,00800005
RPVQMLKLJIPFFAD38CB,新南段,37.28,都市：住,170000,1059,持分移轉,00800005
RPXQMLKLJIPFFAD58CB,新南段,37.28,都市：住,170000,1059,持分移轉,00800005
RPWQMLKLJIPFFAD48CB,新南段,26.26,都市：住,170000,746,持分移轉,00800005
RPQRMLKLJIPFFAD97CB,新南段,37.49,都市：住,170000,1065,持分移轉,00800005
RPPRMLKLJIPFFAD87CB,新南段,37.28,都市：住,170000,1059,持分移轉,00800005
RPRRMLKLJIPFFAD08CB,新南段,37.49,都市：住,170000,1065,持分移轉,00800005
RPTRMLKLJIPFFAD28CB,新南段,26.26,都市：住,170000,746,持分移轉,00800005
RPSRMLKLJIPFFAD18CB,新南段,37.28,都市：住,170000,1059,持分移轉,00800005
RPOSMLKLJIPFFAD87CB,新南段,37.28,都市：住,170000,1059,持分移轉,00800005
RPURMLKLJIPFFAD38CB,新南段,26.26,都市：住,170000,746,持分移轉,00800005
RPQNMLKLJIPFFKD58CB,鹽新段,37.20,都市：住,100000,1050,持分移轉,03930000
RPRNMLKLJIPFFKD68CB,鹽新段,38.44,都市：住,100000,1085,持分移轉,03930000
RPPNMLKLJIPFFKD48CB,鹽新段,37.20,都市：住,100000,1050,持分移轉,03930000
RPSNMLKLJIPFFKD78CB,鹽新段,38.48,都市：住,100000,1086,持分移轉,03930000
RPTNMLKLJIPFFKD88CB,鹽新段,38.48,都市：住,100000,1086,持分移轉,03930000
RPUNMLKLJIPFFKD98CB,鹽新段,23.49,都市：住,100000,663,持分移轉,03930000
RPVNMLKLJIPFFKD09CB,鹽新段,23.49,都市：住,100000,663,持分移轉,03930000
RPWNMLKLJIPFFKD56CB,鹽新段,23.49,都市：住,100000,663,持分移轉,03930000
RPOOMLKLJIPFFKD48CB,鹽新段,23.49,都市：住,100000,663,持分移轉,03930000
RPPOMLKLJIPFFKD58CB,鹽新段,23.46,都市：住,100000,662,持分移轉,03930000
RPXNMLKLJIPFFKD66CB,鹽新段,23.49,都市：住,100000,663,持分移轉,03930000
RPQOMLKLJIPFFKD68CB,鹽新段,23.49,都市：住,100000,663,持分移轉,03930000
RPROMLKLJIPFFKD78CB,鹽新段,23.46,都市：住,100000,662,持分移轉,03930000
RPSOMLKLJIPFFKD88CB,鹽新段,33.62,都市：住,100000,949,持分移轉,03930000
RPUOMLKLJIPFFKD09CB,鹽新段,33.62,都市：住,100000,949,持分移轉,03930000
RPTOMLKLJIPFFKD98CB,鹽新段,33.62,都市：住,100000,949,持分移轉,03930000
RPOPMLKLJIPFFKD58CB,鹽新段,33.62,都市：住,100000,949,持分移轉,03930000
RPVOMLKLJIPFFKD56CB,鹽新段,33.62,都市：住,100000,949,持分移轉,03930000
RPXOMLKLJIPFFKD76CB,鹽新段,34.90,都市：住,100000,985,持分移轉,03930000
RPWOMLKLJIPFFKD66CB,鹽新段,33.62,都市：住,100000,949,持分移轉,03930000
RPTPMLKLJIPFFKD09CB,鹽新段,33.62,都市：住,100000,949,持分移轉,03930000
RPPPMLKLJIPFFKD68CB,鹽新段,33.59,都市：住,100000,948,持分移轉,03930000
RPRPMLKLJIPFFKD88CB,鹽新段,33.62,都市：住,100000,949,持分移轉,03930000
RPUPMLKLJIPFFKD56CB,鹽新段,33.62,都市：住,100000,949,持分移轉,03930000
RPWPMLKLJIPFFKD76CB,鹽新段,33.62,都市：住,100000,949,持分移轉,03930000
RPOQMLKLJIPFFKD68CB,鹽新段,34.90,都市：住,100000,985,持分移轉,03930000
RPQQMLKLJIPFFKD88CB,鹽新段,33.59,都市：住,100000,948,持分移轉,03930000
RPPQMLKLJIPFFKD78CB,鹽新段,34.86,都市：住,100000,984,持分移轉,03930000
RPRQMLKLJIPFFKD98CB,鹽新段,23.49,都市：住,100000,663,持分移轉,03930000
RPVQMLKLJIPFFKD76CB,鹽新段,23.49,都市：住,100000,663,持分移轉,03930000
RPUQMLKLJIPFFKD66CB,鹽新段,23.49,都市：住,100000,663,持分移轉,03930000
RPTQMLKLJIPFFKD56CB,鹽新段,23.49,都市：住,100000,663,持分移轉,03930000
RPXQMLKLJIPFFKD96CB,鹽新段,23.49,都市：住,100000,663,持分移轉,03930000
RPWQMLKLJIPFFKD86CB,鹽新段,23.49,都市：住,100000,663,持分移轉,03930000
RPUNMLNLJIPFFKD66CB,鹽新段,23.49,都市：住,100000,663,持分移轉,03930000
RPORMLKLJIPFFKD78CB,鹽新段,33.62,都市：住,100000,949,持分移轉,03930000
RPWNMLNLJIPFFKD86CB,鹽新段,23.46,都市：住,100000,662,持分移轉,03930000
RPQOMLNLJIPFFKD98CB,鹽新段,37.80,都市：住,100000,1067,持分移轉,03930000
RPROMLNLJIPFFKD09CB,鹽新段,37.80,都市：住,100000,1067,持分移轉,03930000
RPOOMLNLJIPFFKD78CB,鹽新段,36.53,都市：住,100000,1031,持分移轉,03930000
RPPOMLNLJIPFFKD88CB,鹽新段,36.53,都市：住,100000,1031,持分移轉,03930000
RPXNMLNLJIPFFKD96CB,鹽新段,36.53,都市：住,100000,1031,持分移轉,03930000
RPTOMLNLJIPFFKD66CB,鹽新段,37.73,都市：住,100000,1065,持分移轉,03930000
RPSOMLNLJIPFFKD56CB,鹽新段,37.80,都市：住,100000,1067,持分移轉,03930000
RPUOMLNLJIPFFKD76CB,鹽新段,33.66,都市：住,100000,950,持分移轉,03930000
RPVOMLNLJIPFFKD86CB,鹽新段,33.66,都市：住,100000,950,持分移轉,03930000
RPWOMLNLJIPFFKD96CB,鹽新段,33.66,都市：住,100000,950,持分移轉,03930000
RPOPMLNLJIPFFKD88CB,鹽新段,33.66,都市：住,100000,950,持分移轉,03930000
RPQPMLNLJIPFFKD09CB,鹽新段,33.66,都市：住,100000,950,持分移轉,03930000
RPRPMLNLJIPFFKD56CB,鹽新段,33.66,都市：住,100000,950,持分移轉,03930000
RPUPMLNLJIPFFKD86CB,鹽新段,24.09,都市：住,100000,680,持分移轉,03930000
RPWPMLNLJIPFFKD07CB,鹽新段,24.09,都市：住,100000,680,持分移轉,03930000
RPTPMLNLJIPFFKD76CB,鹽新段,33.66,都市：住,100000,950,持分移轉,03930000
RPOQMLNLJIPFFKD98CB,鹽新段,24.09,都市：住,100000,680,持分移轉,03930000
RPPQMLNLJIPFFKD09CB,鹽新段,24.09,都市：住,100000,680,持分移轉,03930000
RPQQMLNLJIPFFKD56CB,鹽新段,24.09,都市：住,100000,680,持分移轉,03930000
RPTQMLNLJIPFFKD86CB,鹽新段,24.09,都市：住,100000,680,持分移轉,03930000
RPRQMLNLJIPFFKD66CB,鹽新段,24.09,都市：住,100000,680,持分移轉,03930000
RPSQMLNLJIPFFKD76CB,鹽新段,25.37,都市：住,100000,716,持分移轉,03930000
RPWQMLNLJIPFFKD17CB,鹽新段,24.09,都市：住,100000,680,持分移轉,03930000
RPVQMLNLJIPFFKD07CB,鹽新段,24.09,都市：住,100000,680,持分移轉,03930000
RPUQMLNLJIPFFKD96CB,鹽新段,24.09,都市：住,100000,680,持分移轉,03930000
RPORMLNLJIPFFKD09CB,鹽新段,24.09,都市：住,100000,680,持分移轉,03930000
RPPRMLNLJIPFFKD56CB,鹽新段,24.09,都市：住,100000,680,持分移轉,03930000
RPQRMLNLJIPFFKD66CB,鹽新段,24.09,都市：住,100000,680,持分移轉,03930000
RPSRMLNLJIPFFKD86CB,鹽新段,34.76,都市：住,100000,981,持分移轉,03930000
RPTRMLNLJIPFFKD96CB,鹽新段,34.76,都市：住,100000,981,持分移轉,03930000
RPOSMLNLJIPFFKD56CB,鹽新段,36.03,都市：住,100000,1017,持分移轉,03930000
RPVRMLNLJIPFFKD17CB,鹽新段,34.76,都市：住,100000,981,持分移轉,03930000
RPWRMLNLJIPFFKD27CB,鹽新段,34.76,都市：住,100000,981,持分移轉,03930000
RPQSMLNLJIPFFKD76CB,鹽新段,34.76,都市：住,100000,981,持分移轉,03930000
RPPSMLNLJIPFFKD66CB,鹽新段,34.76,都市：住,100000,981,持分移轉,03930000
RPOOMLNLJIPFFAD77CB,新南段,34.67,都市：住,170000,985,持分移轉,00800005
RPRSMLNLJIPFFKD86CB,鹽新段,34.76,都市：住,100000,981,持分移轉,03930000
RPPOMLNLJIPFFAD87CB,新南段,26.68,都市：住,170000,758,持分移轉,00800005
RPWOMLNLJIPFFAD58CB,新南段,26.89,都市：住,170000,764,持分移轉,00800005
RPOPMLNLJIPFFAD87CB,新南段,26.89,都市：住,170000,764,持分移轉,00800005
RPXOMLNLJIPFFAD68CB,新南段,26.89,都市：住,170000,764,持分移轉,00800005
RPVOMLNLJIPFFAD48CB,新南段,26.89,都市：住,170000,764,持分移轉,00800005
RPSOMLNLJIPFFAD18CB,新南段,26.89,都市：住,170000,764,持分移轉,00800005
RPRPMLNLJIPFFAD18CB,新南段,26.89,都市：住,170000,764,持分移轉,00800005
RPSPMLNLJIPFFAD28CB,新南段,26.89,都市：住,170000,764,持分移轉,00800005
RPTPMLNLJIPFFAD38CB,新南段,26.89,都市：住,170000,764,持分移轉,00800005
RPUPMLNLJIPFFAD48CB,新南段,26.89,都市：住,170000,764,持分移轉,00800005
RPOQMLNLJIPFFAD97CB,新南段,26.68,都市：住,170000,758,持分移轉,00800005
RPQPMLNLJIPFFAD08CB,新南段,26.89,都市：住,170000,764,持分移轉,00800005
RPQQMLNLJIPFFAD18CB,新南段,26.89,都市：住,170000,764,持分移轉,00800005
RPSPMLOLJIPFFAD38CB,新南段,26.26,都市：住,170000,746,持分移轉,00800005
RPPQMLOLJIPFFAD18CB,新南段,34.67,都市：住,170000,985,持分移轉,00800005
RPQNMLOLJIPFFKD98CB,鹽新段,36.03,都市：住,100000,1017,持分移轉,03930000
RPPQMLNLJIPFFAD08CB,新南段,26.89,都市：住,170000,764,持分移轉,00800005
RPRNMLOLJIPFFKD09CB,鹽新段,34.76,都市：住,100000,981,持分移轉,03930000
RPUPMLOLJIPFFAD58CB,新南段,31.89,都市：住,170000,906,持分移轉,00800005
RPPNMLOLJIPFFKD88CB,鹽新段,34.76,都市：住,100000,981,持分移轉,03930000
RPTNMLOLJIPFFKD66CB,鹽新段,24.13,都市：住,100000,681,持分移轉,03930000
RPSNMLOLJIPFFKD56CB,鹽新段,24.13,都市：住,100000,681,持分移轉,03930000
RPUNMLOLJIPFFKD76CB,鹽新段,24.13,都市：住,100000,681,持分移轉,03930000
RPWNMLOLJIPFFKD96CB,鹽新段,24.13,都市：住,100000,681,持分移轉,03930000
RPVNMLOLJIPFFKD86CB,鹽新段,24.13,都市：住,100000,681,持分移轉,03930000
RPPOMLOLJIPFFKD98CB,鹽新段,24.13,都市：住,100000,681,持分移轉,03930000
RPOOMLOLJIPFFKD88CB,鹽新段,24.13,都市：住,100000,681,持分移轉,03930000
RPQOMLOLJIPFFKD09CB,鹽新段,24.13,都市：住,100000,681,持分移轉,03930000
RPROMLOLJIPFFKD56CB,鹽新段,24.13,都市：住,100000,681,持分移轉,03930000
RPXNMLOLJIPFFKD07CB,鹽新段,24.13,都市：住,100000,681,持分移轉,03930000
RPTOMLOLJIPFFKD76CB,鹽新段,24.13,都市：住,100000,681,持分移轉,03930000
RPOPMLOLJIPFFKD98CB,鹽新段,24.13,都市：住,100000,681,持分移轉,03930000
RPRPMLOLJIPFFKD66CB,鹽新段,24.13,都市：住,100000,681,持分移轉,03930000
RPPPMLOLJIPFFKD09CB,鹽新段,24.09,都市：住,100000,680,持分移轉,03930000
RPQQMLOLJIPFFKD66CB,鹽新段,24.13,都市：住,100000,681,持分移轉,03930000
RPTQMLOLJIPFFKD96CB,鹽新段,33.66,都市：住,100000,950,持分移轉,03930000
RPRQMLOLJIPFFKD76CB,鹽新段,33.62,都市：住,100000,949,持分移轉,03930000
RPQRMLOLJIPFFKD76CB,鹽新段,33.66,都市：住,100000,950,持分移轉,03930000
RPWQMLOLJIPFFKD27CB,鹽新段,33.66,都市：住,100000,950,持分移轉,03930000
RPORMLOLJIPFFKD56CB,鹽新段,33.66,都市：住,100000,950,持分移轉,03930000
RPVRMLOLJIPFFKD27CB,鹽新段,34.93,都市：住,100000,986,持分移轉,03930000
RPSRMLOLJIPFFKD96CB,鹽新段,33.66,都市：住,100000,950,持分移轉,03930000
RPOSMLOLJIPFFKD66CB,鹽新段,34.93,都市：住,100000,986,持分移轉,03930000
RPXSMLOLJIPFFKD57CB,鹽新段,37.20,都市：住,100000,1050,持分移轉,03930000
RPRTMLOLJIPFFKD07CB,鹽新段,34.83,都市：住,100000,983,持分移轉,03930000
RPQTMLOLJIPFFKD96CB,鹽新段,43.15,都市：住,100000,1218,持分移轉,03930000
RPSTMLOLJIPFFKD17CB,鹽新段,43.15,都市：住,100000,1218,持分移轉,03930000
RPPTMLOLJIPFFKD86CB,鹽新段,38.44,都市：住,100000,1085,持分移轉,03930000
RPVTMLOLJIPFFKD47CB,鹽新段,37.80,都市：住,100000,1067,持分移轉,03930000
RPUTMLOLJIPFFKD37CB,鹽新段,38.41,都市：住,100000,1084,持分移轉,03930000
RPWTMLOLJIPFFKD57CB,鹽新段,41.81,都市：住,100000,1180,持分移轉,03930000
RPXTMLOLJIPFFKD67CB,鹽新段,36.00,都市：住,100000,1016,持分移轉,03930000
RPOUMLOLJIPFFKD86CB,鹽新段,36.03,都市：住,100000,1017,持分移轉,03930000
RPQUMLOLJIPFFKD07CB,鹽新段,41.74,都市：住,100000,1178,持分移轉,03930000
RPSUMLOLJIPFFKD27CB,鹽新段,24.13,都市：住,100000,681,持分移轉,03930000
RPVUMLOLJIPFFKD57CB,鹽新段,33.37,都市：住,100000,914,持分移轉,03990000
RPOVMLOLJIPFFKD96CB,鹽新段,33.37,都市：住,100000,914,持分移轉,03990000
RPWUMLOLJIPFFKD67CB,鹽新段,33.37,都市：住,100000,914,持分移轉,03990000
RPXUMLOLJIPFFKD77CB,鹽新段,33.37,都市：住,100000,914,持分移轉,03990000
RPRVMLOLJIPFFKD27CB,鹽新段,33.37,都市：住,100000,914,持分移轉,03990000
RPUVMLOLJIPFFKD57CB,鹽新段,33.37,都市：住,100000,914,持分移轉,03990000
RPVVMLOLJIPFFKD67CB,鹽新段,33.37,都市：住,100000,914,持分移轉,03990000
RPTVMLOLJIPFFKD47CB,鹽新段,33.37,都市：住,100000,914,持分移轉,03990000
RPVOMLOLJIPFFAD78EB,頂美段,9.52,都市：住,100000,342,持分移轉,15050000
RPTNMLPLJIPFFKD76CB,鹽新段,23.29,都市：住,100000,638,持分移轉,03990000
RPQPMLOLJIPFFAD38EB,頂美段,9.52,都市：住,100000,342,持分移轉,15050000
RPUNMLPLJIPFFKD86CB,鹽新段,23.29,都市：住,100000,638,持分移轉,03990000
RPXNMLPLJIPFFKD17CB,鹽新段,23.29,都市：住,100000,638,持分移轉,03990000
RPWNMLPLJIPFFKD07CB,鹽新段,23.29,都市：住,100000,638,持分移轉,03990000
RPPOMLPLJIPFFKD09CB,鹽新段,23.29,都市：住,100000,638,持分移轉,03990000
RPOOMLPLJIPFFKD98CB,鹽新段,23.26,都市：住,100000,637,持分移轉,03990000
RPQOMLPLJIPFFKD56CB,鹽新段,23.29,都市：住,100000,638,持分移轉,03990000
RPTOMLPLJIPFFKD86CB,鹽新段,23.29,都市：住,100000,638,持分移轉,03990000
RPUOMLPLJIPFFKD96CB,鹽新段,40.56,都市：住,100000,1111,持分移轉,03990000
RPVOMLPLJIPFFKD07CB,鹽新段,41.84,都市：住,100000,1146,持分移轉,03990000
RPWOMLPLJIPFFKD17CB,鹽新段,41.80,都市：住,100000,1145,持分移轉,03990000
RPXOMLPLJIPFFKD27CB,鹽新段,41.80,都市：住,100000,1145,持分移轉,03990000
RPQPMLPLJIPFFKD66CB,鹽新段,41.80,都市：住,100000,1145,持分移轉,03990000
RPRPMLPLJIPFFKD76CB,鹽新段,41.84,都市：住,100000,1146,持分移轉,03990000
RPUPMLPLJIPFFKD07CB,鹽新段,40.56,都市：住,100000,1111,持分移轉,03990000
RPTPMLPLJIPFFKD96CB,鹽新段,40.56,都市：住,100000,1111,持分移轉,03990000
RPVPMLPLJIPFFKD17CB,鹽新段,40.56,都市：住,100000,1111,持分移轉,03990000
RPXPMLPLJIPFFKD37CB,鹽新段,41.84,都市：住,100000,1146,持分移轉,03990000
RPWPMLPLJIPFFKD27CB,鹽新段,41.84,都市：住,100000,1146,持分移轉,03990000
RPOQMLPLJIPFFKD56CB,鹽新段,41.84,都市：住,100000,1146,持分移轉,03990000
RPPQMLPLJIPFFKD66CB,鹽新段,41.84,都市：住,100000,1146,持分移轉,03990000
RPRQMLPLJIPFFKD86CB,鹽新段,23.29,都市：住,100000,638,持分移轉,03990000
RPSQMLPLJIPFFKD96CB,鹽新段,23.33,都市：住,100000,639,持分移轉,03990000
RPQQMLPLJIPFFKD76CB,鹽新段,23.33,都市：住,100000,639,持分移轉,03990000
RPTQMLPLJIPFFKD07CB,鹽新段,23.29,都市：住,100000,638,持分移轉,03990000
RPUQMLPLJIPFFKD17CB,鹽新段,23.29,都市：住,100000,638,持分移轉,03990000
RPPNMLQLJIPFFKD09CB,鹽新段,23.29,都市：住,100000,638,持分移轉,03990000
RPWQMLPLJIPFFKD37CB,鹽新段,23.29,都市：住,100000,638,持分移轉,03990000
RPVQMLPLJIPFFKD27CB,鹽新段,23.26,都市：住,100000,637,持分移轉,03990000
RPQNMLQLJIPFFKD56CB,鹽新段,23.29,都市：住,100000,638,持分移轉,03990000
RPSNMLQLJIPFFKD76CB,鹽新段,33.37,都市：住,100000,914,持分移轉,03990000
RPRNMLQLJIPFFKD66CB,鹽新段,34.65,都市：住,100000,949,持分移轉,03990000
RPTNMLQLJIPFFKD86CB,鹽新段,33.37,都市：住,100000,914,持分移轉,03990000
RPUNMLQLJIPFFKD96CB,鹽新段,33.37,都市：住,100000,914,持分移轉,03990000
RPVNMLQLJIPFFKD07CB,鹽新段,34.65,都市：住,100000,949,持分移轉,03990000
RPWNMLQLJIPFFKD17CB,鹽新段,34.61,都市：住,100000,948,持分移轉,03990000
RPXNMLQLJIPFFKD27CB,鹽新段,33.37,都市：住,100000,914,持分移轉,03990000
RPOOMLQLJIPFFKD09CB,鹽新段,34.50,都市：住,100000,945,持分移轉,03990000
RPQOMLQLJIPFFKD66CB,鹽新段,34.50,都市：住,100000,945,持分移轉,03990000
RPPOMLQLJIPFFKD56CB,鹽新段,34.50,都市：住,100000,945,持分移轉,03990000
RPTOMLQLJIPFFKD96CB,鹽新段,34.50,都市：住,100000,945,持分移轉,03990000
RPUOMLQLJIPFFKD07CB,鹽新段,34.50,都市：住,100000,945,持分移轉,03990000
RPWOMLQLJIPFFKD27CB,鹽新段,34.50,都市：住,100000,945,持分移轉,03990000
RPSOMLQLJIPFFKD86CB,鹽新段,34.50,都市：住,100000,945,持分移轉,03990000
RPVPMLQLJIPFFKD27CB,鹽新段,34.50,都市：住,100000,945,持分移轉,03990000
RPWPMLQLJIPFFKD37CB,鹽新段,23.95,都市：住,100000,656,持分移轉,03990000
RPXPMLQLJIPFFKD47CB,鹽新段,23.95,都市：住,100000,656,持分移轉,03990000
RPPQMLQLJIPFFKD76CB,鹽新段,23.95,都市：住,100000,656,持分移轉,03990000
RPOQMLQLJIPFFKD66CB,鹽新段,23.95,都市：住,100000,656,持分移轉,03990000
RPQQMLQLJIPFFKD86CB,鹽新段,23.95,都市：住,100000,656,持分移轉,03990000
RPSQMLQLJIPFFKD07CB,鹽新段,23.95,都市：住,100000,656,持分移轉,03990000
RPTQMLQLJIPFFKD17CB,鹽新段,23.95,都市：住,100000,656,持分移轉,03990000
RPUQMLQLJIPFFKD27CB,鹽新段,23.95,都市：住,100000,656,持分移轉,03990000
RPVQMLQLJIPFFKD37CB,鹽新段,23.95,都市：住,100000,656,持分移轉,03990000
RPXQMLQLJIPFFKD57CB,鹽新段,23.95,都市：住,100000,656,持分移轉,03990000
RPORMLQLJIPFFKD76CB,鹽新段,23.95,都市：住,100000,656,持分移轉,03990000
RPPRMLQLJIPFFKD86CB,鹽新段,23.95,都市：住,100000,656,持分移轉,03990000
RPQRMLQLJIPFFKD96CB,鹽新段,23.95,都市：住,100000,656,持分移轉,03990000
RPTRMLQLJIPFFKD27CB,鹽新段,23.95,都市：住,100000,656,持分移轉,03990000
RPSRMLQLJIPFFKD17CB,鹽新段,23.95,都市：住,100000,656,持分移轉,03990000
RPRRMLQLJIPFFKD07CB,鹽新段,23.95,都市：住,100000,656,持分移轉,03990000
RPVNMLRLJIPFFKD17CB,鹽新段,33.40,都市：住,100000,915,持分移轉,03990000
RPWNMLRLJIPFFKD27CB,鹽新段,33.40,都市：住,100000,915,持分移轉,03990000
RPQNMLLJKIPFFKD58CB,鹽新段,33.40,都市：住,100000,915,持分移轉,03990000
RPPNMLLJKIPFFKD48CB,鹽新段,33.40,都市：住,100000,915,持分移轉,03990000
RPRNMLLJKIPFFKD68CB,鹽新段,33.40,都市：住,100000,915,持分移轉,03990000
RPTNMLLJKIPFFKD88CB,鹽新段,34.68,都市：住,100000,950,持分移轉,03990000
RPUNMLLJKIPFFKD98CB,鹽新段,33.40,都市：住,100000,915,持分移轉,03990000
RPSNMLLJKIPFFKD78CB,鹽新段,33.40,都市：住,100000,915,持分移轉,03990000
RPVNMLLJKIPFFKD09CB,鹽新段,33.40,都市：住,100000,915,持分移轉,03990000
RPXNMLLJKIPFFKD66CB,鹽新段,33.40,都市：住,100000,915,持分移轉,03990000
RPWNMLLJKIPFFKD56CB,鹽新段,33.40,都市：住,100000,915,持分移轉,03990000
RPOOMLLJKIPFFKD48CB,鹽新段,33.40,都市：住,100000,915,持分移轉,03990000
RPPOMLLJKIPFFKD58CB,鹽新段,34.68,都市：住,100000,950,持分移轉,03990000
RPQOMLLJKIPFFKD68CB,鹽新段,34.68,都市：住,100000,950,持分移轉,03990000
RPROMLLJKIPFFKD78CB,鹽新段,34.68,都市：住,100000,950,持分移轉,03990000
RPTOMLLJKIPFFKD98CB,鹽新段,23.95,都市：住,100000,656,持分移轉,03990000
RPSOMLLJKIPFFKD88CB,鹽新段,33.40,都市：住,100000,915,持分移轉,03990000
RPUOMLLJKIPFFKD09CB,鹽新段,23.95,都市：住,100000,656,持分移轉,03990000
RPWOMLLJKIPFFKD66CB,鹽新段,23.95,都市：住,100000,656,持分移轉,03990000
RPVOMLLJKIPFFKD56CB,鹽新段,23.95,都市：住,100000,656,持分移轉,03990000
RPXOMLLJKIPFFKD76CB,鹽新段,24.02,都市：住,100000,658,持分移轉,03990000
RPQPMLLJKIPFFKD78CB,鹽新段,23.95,都市：住,100000,656,持分移轉,03990000
RPOPMLLJKIPFFKD58CB,鹽新段,23.95,都市：住,100000,656,持分移轉,03990000
RPPPMLLJKIPFFKD68CB,鹽新段,23.95,都市：住,100000,656,持分移轉,03990000
RPVPMLLJKIPFFKD66CB,鹽新段,23.95,都市：住,100000,656,持分移轉,03990000
RPSPMLLJKIPFFKD98CB,鹽新段,24.06,都市：住,100000,659,持分移轉,03990000
RPWPMLLJKIPFFKD76CB,鹽新段,23.95,都市：住,100000,656,持分移轉,03990000
RPRPMLLJKIPFFKD88CB,鹽新段,23.95,都市：住,100000,656,持分移轉,03990000
RPOQMLLJKIPFFKD68CB,鹽新段,23.95,都市：住,100000,656,持分移轉,03990000
RPXPMLLJKIPFFKD86CB,鹽新段,23.95,都市：住,100000,656,持分移轉,03990000
RPQQMLLJKIPFFKD88CB,鹽新段,23.95,都市：住,100000,656,持分移轉,03990000
RPRQMLLJKIPFFKD98CB,鹽新段,23.95,都市：住,100000,656,持分移轉,03990000
RPTQMLLJKIPFFKD56CB,鹽新段,23.95,都市：住,100000,656,持分移轉,03990000
RPSQMLLJKIPFFKD09CB,鹽新段,23.95,都市：住,100000,656,持分移轉,03990000
RPWQMLLJKIPFFKD86CB,鹽新段,34.50,都市：住,100000,945,持分移轉,03990000
RPXQMLLJKIPFFKD96CB,鹽新段,34.50,都市：住,100000,945,持分移轉,03990000
RPUQMLLJKIPFFKD66CB,鹽新段,34.50,都市：住,100000,945,持分移轉,03990000
RPVQMLLJKIPFFKD76CB,鹽新段,34.50,都市：住,100000,945,持分移轉,03990000
RPPRMLLJKIPFFKD88CB,鹽新段,35.78,都市：住,100000,980,持分移轉,03990000
RPORMLLJKIPFFKD78CB,鹽新段,35.78,都市：住,100000,980,持分移轉,03990000
RPQRMLLJKIPFFKD98CB,鹽新段,35.78,都市：住,100000,980,持分移轉,03990000
RPTRMLLJKIPFFKD66CB,鹽新段,52.75,都市：住,100000,1445,持分移轉,03990000
RPURMLLJKIPFFKD76CB,鹽新段,41.84,都市：住,100000,1146,持分移轉,03990000
RPSRMLLJKIPFFKD56CB,鹽新段,35.78,都市：住,100000,980,持分移轉,03990000
RPXRMLLJKIPFFKD07CB,鹽新段,32.09,都市：住,100000,879,持分移轉,03990000
RPWRMLLJKIPFFKD96CB,鹽新段,34.61,都市：住,100000,948,持分移轉,03990000
RPPSMLLJKIPFFKD98CB,鹽新段,34.57,都市：商,100000,947,持分移轉,03990000
RPVRMLLJKIPFFKD86CB,鹽新段,34.65,都市：住,100000,949,持分移轉,03990000
