﻿編號,土地位置,土地移轉面積(平方公尺),使用分區或編定,權利人持分分母,權利人持分分子,移轉情形,地號
The serial number, land position,land shifting area square meter,the use zoning or compiles and checks,,,,land parcel
RPWNMLLKRHPFFAD98CC,正覺段,56.50,都市：住,,,,05610000
RPSNMLLKRHPFFID76CC,林仔段,.00,都市：工,,,,04150000
RPTNMLLKRHPFFCD88CC,虎尾寮段,.00,都市：住,,,,03760006
RPUOMLLKRHPFFCD09CC,仁和段,.00,都市：住,,,,08940000
RPPOMLLKRHPFFKD76CC,六甲頂段,.00,都市：住,,,,04160000
RPPOMLLKRHPFFKD76CC,六甲頂段,.00,都市：住,,,,04170000
RPVNMLLKRHPFFCD09CC,精忠段,.00,都市：住,,,,06310000
RPQNMLOKRHPFFID86CC,嘉南段,9.00,都市：住,,,,07320000
RPRNMLOKRHPFFID96CC,嘉南段,9.00,都市：住,,,,07320000
RPOOMLOKRHPFFID76CC,嘉南段,9.00,都市：住,,,,07320000
RPPOMLLKRHPFFGD98CC,文化段,.00,非都市：鄉村區 ; 非都市編定：乙種建築用地,,,,04760000
RPVOMLOKRHPFFID47CC,二行段,.00,都市：住,,,,05320000
RPUNMLOKRHPFFCD66CC,路東段,42.46,都市：住,,,,04460000
RPPOMLPKRHPFFCD98CC,龍泉段,4.87,都市：商,,,,02210000
RPQQMLOKRHPFFAD98CC,金華段,.00,都市：住,,,,00850000
RPRPMLPKRHPFFAD09CC,華興段,.00,都市：住,,,,09150000
RPQOMLPKRHPFFCD09CC,新東段,.00,都市：住,,,,15510010
RPTOMLPKRHPFFCD76CC,府東段,.00,都市：住,,,,02900000
RPRNMLPKRHPFFHD96CC,善駕段,69.61,都市：住,,,,07440000
RPWOMLPKRHPFFHD57CC,善新段,.00,都市：住,,,,01410000
RPOPMLPKRHPFFHD86CC,善新段,.00,都市：住,,,,00550021
RPRPMLPKRHPFFHD17CC,海安段,.00,非都市：鄉村區 ; 非都市編定：乙種建築用地,,,,05130000
RPQPMLPKRHPFFHD07CC,善新段,.00,都市：其他:生活服務區,,,,03130000
RPUOMLPKRHPFFKD67CC,頂安段,.00,都市：住,,,,06390000
RPSOMLQKRHPFFKD57CC,仁愛段,.00,都市：住,,,,05210000
RPSOMLQKRHPFFKD57CC,仁愛段,.00,都市：住,,,,05240000
RPVOMLPKRHPFFKD77CC,兵北段,.00,都市：住,,,,08380000
RPSOMLQKRHPFFKD57CC,仁愛段,.00,都市：住,,,,05260000
RPSOMLQKRHPFFKD57CC,仁愛段,.00,都市：住,,,,05270000
RPSPMLPKRHPFFBD66CC,國安段,.00,都市：其他:住宅區,,,,16160000
RPOPMLPKRHPFFKD17CC,南工段,.00,都市：商,,,,05010000
RPQPMLQKRHPFFKD47CC,成功段,.00,都市：商,,,,01190000
RPXOMLPKRHPFFKD97CC,成功段,.00,都市：商,,,,01190000
RPWPMLQKRHPFFKD08CC,永興段,163.49,都市：住,,,,01470005
RPWPMLQKRHPFFKD08CC,永興段,11.44,都市：住,,,,01470004
RPQOMLQKRHPFFGD07DC,佳里段,.00,都市：住,,,,23370021
RPTOMLQKRHPFFKD67CC,鹽東段,.00,都市：住,,,,16650000
RPPPMLQKRHPFFAD98CC,金華段,.00,都市：商,,,,00010003
RPTNMLQKRHPFFHD27CC,善西段,87.66,都市：住,,,,08790000
RPROMLQKRHPFFCD66CC,新東段,.00,都市：住,,,,13870000
RPQNMLRKRHPFFAD98CC,環河段,.00,都市：住,,,,01000000
RPQNMLRKRHPFFAD98CC,環河段,.00,都市：住,,,,01010000
RPTPMLQKRHPFFAD76CC,南門段,.00,都市：住,,,,18530000
RPTNMLQKRHPFFGD27DC,中洲段,4452.00,非都市：一般農業區 ; 非都市編定：養殖用地,,,,01000008
RPTNMLQKRHPFFGD27DC,中洲段,4452.00,非都市：一般農業區 ; 非都市編定：養殖用地,,,,01000009
RPTNMLQKRHPFFGD27DC,中洲段,5150.00,非都市：一般農業區 ; 非都市編定：養殖用地,,,,01000010
RPTNMLQKRHPFFGD27DC,中洲段,5150.00,非都市：一般農業區 ; 非都市編定：養殖用地,,,,01000011
RPTNMLQKRHPFFGD27DC,中洲段,5150.00,非都市：一般農業區 ; 非都市編定：養殖用地,,,,01000012
RPUNMLRKRHPFFAD76CC,青年段,.00,都市：商,,,,00680000
RPUNMLRKRHPFFAD76CC,青年段,.00,都市：商,,,,00690000
RPXNMLQKRHPFFCD17CC,新興段,.00,都市：住,,,,02320058
RPTNMLRKRHPFFCD86CC,育樂段,.00,都市：住,,,,14630000
RPPOMLRKRHPFFAD98CC,新南段,78.75,都市：住,,,,02690183
RPRNMLRKRHPFFKD47CC,南新段,.00,都市：住,,,,10980000
RPRNMLRKRHPFFKD47CC,南新段,.00,都市：住,,,,10990000
RPOOMLRKRHPFFKD27CC,西勢段,.00,都市：住,,,,14230002
RPOOMLRKRHPFFKD27CC,西勢段,.00,都市：住,,,,14240001
RPQOMLRKRHPFFKD47CC,兵南段,.00,都市：住,,,,05970000
RPPOMLRKRHPFFKD37CC,成功段,.00,都市：住,,,,01860000
RPQOMLRKRHPFFBD56CC,南興段,.00,都市：其他:市場用地,,,,02590000
RPTNMLSKRHPFFHD47CC,大榮段,88.76,都市：住,,,,07420000
RPVNMLSKRHPFFKD97CC,兵南段,6.53,都市：住,,,,05840000
RPVOMLSKRHPFFAD07CC,金城段,5.64,都市：商,,,,00460008
RPSQMLNLRHPFFID37CC,媽祖廟段三小段,1067.00,非都市：特定農業區 ; 非都市編定：農牧用地,,,,12720000
RPSOMLNLRHPFFCD56CC,龍泉段,.00,都市：住,,,,03280000
RPUOMLSKRHPFFAD96CC,新南段,.00,都市：商,,,,00780008
RPUPMLNLRHPFFAD66CC,金城段,.00,都市：住,,,,00110027
RPROMLOKRHPFFBD98CC,和館段,133.04,都市：住,,,,00240064
RPROMLOKRHPFFBD98CC,和館段,7.22,都市：住,,,,00240004
RPROMLOKRHPFFBD98CC,和館段,42.30,都市：住,,,,00240097
RPRNMLLLRHPFFCD78CC,竹篙厝段,.00,都市：住,,,,34190007
RPTQMLNLRHPFFAD66CC,開元段,.00,都市：其他:廣場兼停車場用地,,,,03610025
RPTQMLNLRHPFFAD66CC,開元段,.00,都市：商,,,,05970000
RPTQMLNLRHPFFAD66CC,開元段,.00,都市：住,,,,06180000
RPOPMLNLRHPFFAD68CC,正興段,.00,都市：住,,,,04960008
RPRNMLOLRHPFFKD27CC,鹽中段,485.84,都市：工,,,,14130013
RPSNMLOLRHPFFKD37CC,鹽中段,1191.67,都市：工,,,,14130004
RPVNMLOLRHPFFKD67CC,南工段,.00,都市：住,,,,00010000
RPWNMLOLRHPFFBD96DC,海佃段,137.71,都市：住,,,,04500000
RPVPMLNLRHPFFKD77CC,自強段,.00,都市：住,,,,06920000
RPVPMLNLRHPFFKD77CC,自強段,.00,都市：住,,,,07560000
RPXNMLOLRHPFFAD86CC,青年段,.00,都市：商,,,,02540000
RPXNMLOLRHPFFAD86CC,青年段,.00,都市：商,,,,02550000
RPXNMLOLRHPFFAD86CC,青年段,.00,都市：商,,,,02560000
RPUNMLOLRHPFFKD57CC,永大段,.00,都市：住,,,,00010000
RPSOMLOLRHPFFAD09CC,中山段,.00,都市：商,,,,02150000
RPVQMLOLRHPFFKD97CC,成功段,.00,都市：住,,,,01860000
RPXOMLOLRHPFFAD96CC,金華段,.00,都市：商,,,,01340000
RPPPMLOLRHPFFAD88CC,仁愛段,.00,都市：住,,,,07190000
RPQPMLOLRHPFFAD98CC,金華段,.00,都市：商,,,,01340000
RPSPMLOLRHPFFAD56CC,漁光段,.00,都市：商,,,,08660000
RPRPMLOLRHPFFAD09CC,金城段,19.80,都市：住,,,,00090013
RPOQMLOLRHPFFAD88CC,環河段,.00,都市：住,,,,01000000
RPOQMLOLRHPFFAD88CC,環河段,.00,都市：住,,,,01010000
RPTPMLOLRHPFFAD66CC,金華段,.00,都市：住,,,,00260017
RPUQMLOLRHPFFAD86CC,實踐段,.00,都市：住,,,,05690000
RPPQMLOLRHPFFAD98CC,星鑽段,.00,都市：商,,,,18530000
RPSNMLOLRHPFFCD56CC,東寧段,.00,都市：住,,,,04800000
RPWPMLOLRHPFFAD96CC,五條港段,.00,都市：商,,,,01040000
RPWPMLOLRHPFFAD96CC,五條港段,.00,都市：商,,,,01050000
RPUPMLOLRHPFFAD76CC,自強段,.00,都市：商,,,,07140000
RPUPMLOLRHPFFAD76CC,自強段,.00,都市：商,,,,07150000
RPUPMLOLRHPFFAD76CC,自強段,.00,都市：商,,,,07160000
RPUPMLOLRHPFFAD76CC,自強段,.00,都市：商,,,,07170000
RPUNMLOLRHPFFCD76CC,東寧段,147.00,都市：商,,,,06340000
RPPOMLOLRHPFFCD98CC,東安段,.00,都市：住,,,,05020000
RPQOMLOLRHPFFCD09CC,新都心段,.00,都市：住,,,,00420000
RPVOMLOLRHPFFCD96CC,竹篙厝段,.00,都市：住,,,,34390000
RPWOMLOLRHPFFCD07CC,鹽埕段,.00,都市：住,,,,02570326
RPWOMLOLRHPFFCD07CC,鹽埕段,.00,都市：住,,,,02570275
RPRNMLPLRHPFFCD56CC,竹篙厝段,162.00,都市：住,,,,40240000
RPWNMLPLRHPFFCD07CC,富農段,19.55,都市：住,,,,04270000
RPTPMLPLRHPFFCD96CC,竹篙厝段,78.00,都市：住,,,,39890007
RPVPMLPLRHPFFCD17CC,公英段,.00,都市：住,,,,10850000
RPUNMLPLRHPFFAD66CC,小北段,113.74,都市：住,,,,14300000
RPPQMLPLRHPFFHD17CC,善中段,67.88,都市：住,,,,04250004
RPRNMLPLRHPFFKD37CC,竹行段,3614.28,都市：工,,,,18270000
RPOOMLPLRHPFFAD78CC,延平段,.00,都市：住,,,,11690059
RPVNMLPLRHPFFKD77CC,頂南段,.00,都市：住,,,,04000000
RPWNMLQLRHPFFKD97CC,頂安段,.00,都市：住,,,,00880000
RPWNMLQLRHPFFKD97CC,頂安段,.00,都市：其他:綠地,,,,00880001
RPWNMLQLRHPFFKD97CC,頂安段,.00,都市：住,,,,00900000
RPPOMLQLRHPFFGD96CC,仁得段,.00,都市：住,,,,11250000
RPXNMLQLRHPFFAD07CC,金城段,.00,都市：商,,,,00200019
RPXOMLQLRHPFFHD87CC,華美段,27.19,都市：住,,,,03590006
RPXOMLQLRHPFFHD87CC,華美段,.81,都市：住,,,,03590018
RPUNMLQLRHPFFAD76CC,星鑽段,.00,都市：住,,,,11020000
RPUNMLQLRHPFFAD76CC,星鑽段,.00,都市：住,,,,11030000
RPUNMLQLRHPFFAD76CC,星鑽段,.00,都市：住,,,,11070000
RPUNMLQLRHPFFAD76CC,星鑽段,.00,都市：住,,,,11080000
RPUNMLQLRHPFFAD76CC,星鑽段,.00,都市：住,,,,11100000
RPWNMLQLRHPFFCD17CC,新東段,.00,都市：住,,,,13880000
RPQOMLQLRHPFFCD66CC,仁和段,.00,非都市： ; 非都市編定：,,,,04740043
RPOPMLQLRHPFFCD56CC,裕東段,.00,都市：住,,,,10060019
RPUNMLSLRHPFFCD17CC,富農段,.00,都市：住,,,,11140000
RPUNMLSLRHPFFCD17CC,富農段,.00,都市：其他:細部計畫道路用地,,,,11140001
RPUNMLSLRHPFFCD17CC,富農段,.00,都市：其他:細部計畫道路用地,,,,11140002
RPVNMLSLRHPFFCD27CC,東光段,.00,都市：住,,,,03170019
RPROMLSLRHPFFCD96CC,龍泉段,18.99,都市：住,,,,00080000
RPVNMLSLRHPFFCD27CC,東光段,.00,都市：其他:細部計畫道路用地,,,,03170032
RPVOMLSLRHPFFKD18CC,亞太段,.00,都市：工,,,,01970000
RPROMLSLRHPFFAD76CC,北元段,.00,都市：住,,,,01640000
RPPOMLSLRHPFFAD56CC,延平段,.00,都市：住,,,,11690060
RPPOMLSLRHPFFKD57CC,橋北段,93.05,都市：住,,,,00190120
RPTNMLTLRHPFFKD97CC,六甲頂段,.00,都市：住,,,,10910000
RPVNMLTLRHPFFKD18CC,大灣段,.00,都市：住,,,,73330010
RPTOMLTLRHPFFBD17CC,溪墘段,.00,都市：住,,,,07250003
RPTNMLTLRHPFFAD96CC,新南段,.00,都市：住,,,,00810073
RPWOMLTLRHPFFCD57CC,水交社段,.00,都市：住,,,,00020000
RPTOMLKMRHPFFHD96CC,道爺段,860.00,都市：其他:,,,,06690005
RPOPMLTLRHPFFCD86CC,大恩段,.00,都市：住,,,,03180000
RPVNMLTLRHPFFAD17CC,廣慈段,.00,都市：商,,,,01540000
RPVNMLTLRHPFFAD17CC,廣慈段,.00,都市：商,,,,01550000
RPVNMLTLRHPFFAD17CC,廣慈段,.00,都市：商,,,,01560000
RPXNMLTLRHPFFID18CC,正義段,.00,都市：商,,,,08790000
RPWOMLKMRHPFFCD76CC,鹽埕段,.00,都市：住,,,,27470006
RPWOMLKMRHPFFCD76CC,鹽埕段,.00,都市：住,,,,27470010
RPXOMLKMRHPFFCD86CC,裕東段,.00,都市：住,,,,06650000
RPPNMLKMRHPFFDD68CC,新東段,89.33,都市：住,,,,02090002
RPVNMLKMRHPFFDD66CC,德元段,3829.25,非都市：工業區 ; 非都市編定：丁種建築用地,,,,01030000
RPWOMLKMRHPFFKD57CC,文化段,.00,都市：住,,,,02910008
RPWOMLKMRHPFFKD57CC,文化段,.00,都市：住,,,,02910005
RPPOMLKMRHPFFKD86CC,成功段,.00,都市：住,,,,01860000
RPQOMLKMRHPFFKD96CC,成功段,.00,都市：住,,,,01860000
RPPNMLMJIIPFFDD77CC,民權段,.00,都市：住,,,,06030000
RPPNMLMJIIPFFDD77CC,民權段,.00,都市：住,,,,06040000
RPVOMLKMRHPFFKD47CC,橋北段,.00,都市：住,,,,01310008
RPSOMLKMRHPFFKD17CC,大灣段,.00,都市：商,,,,61410000
RPRNMLPJIIPFFBD08CC,鹿北段,.00,都市：其他:住宅區,,,,04270000
RPPOMLPJIIPFFGD58DC,東興段,.00,非都市： ; 非都市編定：,,,,08760000
RPRPMLPJIIPFFCD38CC,德高段,261.00,都市：住,,,,06160005
RPQOMLPJIIPFFGD68DC,佳里段,.00,都市：住,,,,23370021
RPPOMLOLRHPFFAD78CC,光賢段,.00,都市：住,,,,00570202
RPPOMLOLRHPFFAD78CC,光賢段,.00,都市：住,,,,05690005
RPSPMLQJIIPFFCD58CC,關帝段,.00,都市：住,,,,08020000
RPSPMLQJIIPFFCD58CC,關帝段,.00,都市：住,,,,08020001
RPWPMLQJIIPFFCD98CC,虎尾寮段,.00,都市：住,,,,04610000
RPWOMLPJIIPFFCD78CC,德高段,234.00,都市：住,,,,06160004
RPSPMLPJIIPFFAD28CC,富台段,.00,都市：住,,,,09220000
RPTQMLQJIIPFFCD78CC,光華段,.00,都市：住,,,,09090000
RPVNMLQJIIPFFCD68CC,竹篙厝段,.00,非都市： ; 非都市編定：,,,,16780008
RPPNMLQJIIPFFID68CC,歸仁北段,.00,都市：住,,,,16950001
RPXOMLQJIIPFFBD88CC,溪頂段,.00,都市：住,,,,00520004
RPTOMLQJIIPFFKD76CC,南工段,.00,都市：住,,,,09670000
RPTOMLQJIIPFFKD76CC,南工段,.00,都市：住,,,,09680000
RPTOMLQJIIPFFKD76CC,南工段,.00,都市：住,,,,09690000
RPUPMLQJIIPFFKD96CC,蜈蜞潭段,.00,都市：住,,,,21110026
RPUPMLQJIIPFFKD96CC,蜈蜞潭段,.00,都市：住,,,,21030024
RPQNMLRJIIPFFKD09CC,成功段,.00,都市：商,,,,01190000
RPRNMLRJIIPFFBD28CC,國安段,.00,都市：住,,,,16160000
RPRNMLRJIIPFFKD56CC,鹽東段,.00,都市：住,,,,19670000
RPVNMLRJIIPFFGD66DC,東興段,.00,非都市： ; 非都市編定：,,,,08760000
RPVPMLRJIIPFFHD86CC,大榮段,11.89,都市：住,,,,07780000
RPVPMLRJIIPFFHD86CC,大榮段,.65,都市：住,,,,07790000
RPVPMLRJIIPFFHD86CC,大榮段,8.02,都市：住,,,,07800000
RPTNMLRJIIPFFKD76CC,永信段,.00,都市：住,,,,07940000
RPRNMLRJIIPFFCD38CC,鹽埕段,.00,都市：住,,,,06771226
RPUNMLRJIIPFFCD68CC,水交社段,.00,都市：住,,,,00070000
RPPNMLRJIIPFFID78CC,嘉南段,.00,都市：住,,,,07320000
RPSNMLRJIIPFFKD66CC,六甲頂段,.00,都市：住,,,,04090000
RPROMLSJIIPFFHD09CC,善新段,226.67,都市：住,,,,02790048
RPOPMLSJIIPFFAD18CC,金華段,.00,都市：住,,,,00840003
RPPOMLRJIIPFFAD08CC,新南段,.00,都市：商,,,,00370005
RPSOMLSJIIPFFHD56CC,新北段,100.45,都市：其他:,,,,00170003
RPPNMLTJIIPFFGD88DC,仁愛段,.00,都市：住,,,,05510000
RPPOMLSJIIPFFID98CC,二空段,.00,都市：住,,,,08170000
RPOPMLMKIIPFFBD77CC,溪墘段,.00,都市：住,,,,03320000
RPUNMLMKIIPFFID88CC,?豬厝段,.00,非都市：一般農業區 ; 非都市編定：甲種建築用地,,,,09220009
RPOPMLMKIIPFFCD87CC,竹篙厝段,.00,都市：住,,,,31510006
RPOPMLMKIIPFFCD87CC,竹篙厝段,.00,都市：住,,,,31510007
RPQOMLMKIIPFFKD78CC,六合段,.00,都市：住,,,,00610000
RPQOMLMKIIPFFKD78CC,六合段,.00,都市：住,,,,00620000
RPSNMLMKIIPFFID68CC,?豬厝段,.00,非都市：一般農業區 ; 非都市編定：甲種建築用地,,,,09220009
RPQOMLMKIIPFFAD77CC,新臨安段,70.00,都市：住,,,,00690000
RPTNMLMKIIPFFHD68CC,善文段,20.34,都市：住,,,,06610000
RPSOMLMKIIPFFAD97CC,金城段,.00,都市：住,,,,00610032
RPSOMLMKIIPFFAD97CC,金城段,.00,都市：住,,,,00610033
RPXOMLMKIIPFFAD48CC,新南段,.00,都市：住,,,,21620000
RPXOMLMKIIPFFAD48CC,新南段,.00,都市：住,,,,21420000
RPXPMLNKIIPFFKD07CC,六甲頂段,10.97,都市：住,,,,10910000
RPXNMLNKIIPFFAD48CC,觀音段,30.20,都市：商,,,,04980000
RPRPMLNKIIPFFAD08CC,新南段,.00,都市：住,,,,00580002
RPRPMLNKIIPFFAD08CC,新南段,.00,都市：住,,,,00580027
RPOQMLNKIIPFFKD88CC,六甲頂段,10.97,都市：住,,,,10910000
RPTOMLNKIIPFFBD28CC,國安段,90.68,都市：其他:(空白),,,,17270011
RPTOMLNKIIPFFBD28CC,國安段,13.12,都市：其他:(空白),,,,17270000
RPUNMLOKIIPFFKD66CC,中興段,.00,都市：住,,,,03070000
RPSOMLNKIIPFFHD88DC,善中段,123.01,都市：住,,,,14500027
RPOOMLOKIIPFFKD78CC,大灣段,.00,都市：住,,,,46870014
RPTNMLOKIIPFFAD18CC,自強段,.00,都市：商,,,,09420000
RPTNMLOKIIPFFAD18CC,自強段,.00,都市：商,,,,09680000
RPQNMLOKIIPFFCD08CC,仁和段,.00,都市：住,,,,13100000
RPVOMLOKIIPFFHD56CC,南小新段,96.57,都市：住,,,,08540000
RPVOMLOKIIPFFHD56CC,南小新段,12.49,都市：住,,,,08530000
RPSNMLOKIIPFFCD28CC,竹篙厝段,.00,都市：住,,,,10430004
RPVNMLPKIIPFFID66CC,德崙段,.00,都市：商,,,,01090000
RPROMLPKIIPFFID98CC,三甲子段,.00,非都市：鄉村區 ; 非都市編定：乙種建築用地,,,,01640000
RPQNMLPKIIPFFAD97CC,安平段,54.28,都市：住,,,,10650001
RPPNMLOKIIPFFID58CC,仁義段,.00,都市：住,,,,00310000
RPRNMLPKIIPFFCD28CC,仁和段,.00,都市：住,,,,08940000
RPTNMLPKIIPFFAD28CC,開元段,.00,都市：商,,,,05880002
RPRNMLPKIIPFFAD08CC,保安段,67.00,都市：住,,,,14670000
RPVNMLPKIIPFFAD48CC,新南段,.00,都市：住,,,,00550003
RPVOMLPKIIPFFCD88DC,鹽埕段,145.00,都市：商,,,,00030220
RPWNMLPKIIPFFKD96CC,成功段,.00,都市：住,,,,01860000
RPTOMLPKIIPFFAD38CC,北元段,.00,都市：住,,,,02250000
RPXPMLPKIIPFFKD27CC,兵北段,.00,都市：住,,,,00100000
RPPWMLPKIIPFFBD88CC,溪頂段,.00,都市：住,,,,00410004
RPXOMLQKIIPFFBD98CC,和成段,.00,都市：住,,,,07040000
RPPWMLPKIIPFFBD88CC,溪頂段,.00,都市：住,,,,00410000
RPROMLQKIIPFFKD66CC,蜈蜞潭段,.00,都市：住,,,,22400008
RPXOMLQKIIPFFAD88CC,環河段,.00,都市：住,,,,20030000
RPSOMLQKIIPFFKD76CC,鹽新段,.00,都市：住,,,,11680000
RPTOMLQKIIPFFKD86CC,兵北段,.00,都市：住,,,,03000000
RPVOMLQKIIPFFAD68CC,永安段,.00,都市：住,,,,04000000
RPROMLQKIIPFFHD98CC,新豐段,.00,都市：住,,,,07370000
RPSPMLQKIIPFFAD48CC,新南段,.00,都市：住,,,,05750000
RPROMLQKIIPFFID09CC,香洋段,91.50,都市：住,,,,08790000
RPWNMLQKIIPFFHD76CC,善進段,116.53,都市：住,,,,00130001
RPOPMLTKIIPFFHD09CC,大榮段,11.27,都市：住,,,,07780000
RPOPMLTKIIPFFHD09CC,大榮段,.61,都市：住,,,,07790000
RPOPMLTKIIPFFHD09CC,大榮段,7.61,都市：住,,,,07800000
RPPPMLTKIIPFFHD56CC,善新段,25.44,都市：住,,,,01410000
RPSNMLTKIIPFFAD58CC,文元段,60.75,都市：住,,,,13420000
RPPNMLTKIIPFFID09CC,嘉南段,9.00,都市：住,,,,07320000
RPOOMLTKIIPFFAD28CC,金華段,.00,都市：商,,,,01340000
RPXOMLTKIIPFFKD57CC,兵北段,.00,都市：住,,,,01220000
RPXOMLTKIIPFFAD56CC,立人段,.00,都市：住,,,,00530000
RPUNMLRJIIPFFAD48CC,新南段,.00,都市：住,,,,00240025
RPQOMLTKIIPFFAD48CC,永安段,65.00,都市：商,,,,08520000
RPSNMLTKIIPFFBD68CC,怡中段,.00,都市：住,,,,11090000
RPSOMLTKIIPFFAD68CC,北安段,10.34,都市：其他:市場用地,,,,02240000
RPTOMLKLIIPFFAD08DC,赤崁段,201.40,都市：商,,,,01680000
RPTOMLKLIIPFFAD08DC,赤崁段,5.35,都市：商,,,,01700000
RPTOMLKLIIPFFAD08DC,赤崁段,7.36,都市：商,,,,01710000
RPXNMLKLIIPFFKD66CC,東邊寮段,330.00,都市：工,,,,04740000
RPUOMLKLIIPFFKD09CC,東橋段,.00,都市：工,,,,03200000
RPPOMLKLIIPFFKD58CC,東邊寮段,330.57,都市：工,,,,04740000
RPSPMLKLIIPFFKD98CC,建國段,165.28,都市：農,,,,00330000
RPROMLKLIIPFFID58CC,林仔段,985.81,都市：工,,,,05510000
RPXNMLKLIIPFFID09CC,長興段,.00,都市：住,,,,13570000
RPROMLKLIIPFFID58CC,林仔段,391.48,都市：工,,,,05440000
RPXNMLKLIIPFFID09CC,長興段,.00,都市：住,,,,13580000
RPROMLKLIIPFFID58CC,林仔段,288.77,都市：工,,,,05430000
RPXNMLKLIIPFFID09CC,長興段,.00,都市：住,,,,13590000
RPRNMLKLIIPFFAD67CC,東興段,.00,都市：住,,,,02520133
RPRPMLKLIIPFFKD88CC,鹽新段,598.45,都市：住,,,,09470000
RPSNMLKLIIPFFHD48CC,大榮段,14.21,都市：住,,,,07780000
RPSNMLKLIIPFFHD48CC,大榮段,.71,都市：住,,,,07790000
RPSNMLKLIIPFFHD48CC,大榮段,9.59,都市：住,,,,07800000
RPPOMLKLIIPFFHD28CC,南港段,.00,都市：其他:無,,,,09500025
RPPOMLKLIIPFFHD28CC,南港段,.00,都市：其他:無,,,,09500000
RPPOMLKLIIPFFHD28CC,南港段,.00,都市：其他:無,,,,09500046
RPPOMLKLIIPFFHD28CC,南港段,.00,都市：其他:無,,,,09500097
RPSOMLKLIIPFFID68CC,上崙段,661.16,非都市：一般農業區 ; 非都市編定：農牧用地,,,,01660002
RPWOMLKLIIPFFHD98CC,新興段,.00,都市：住,,,,09760000
RPTNMLKLIIPFFCD08CC,竹篙厝段,.00,都市：商,,,,19350022
RPUNMLKLIIPFFCD18CC,新東段,.00,都市：住,,,,15340000
RPUNMLKLIIPFFCD18CC,新東段,.00,都市：住,,,,15400000
RPWNMLKLIIPFFCD38CC,光明段,.00,都市：住,,,,02070000
RPSNMLKLIIPFFCD97CC,富農段,.00,都市：住,,,,09510000
RPTOMLKLIIPFFCD18CC,新興段,.00,都市：住,,,,02460017
RPVNMLKLIIPFFCD28CC,大同段,.00,都市：商,,,,12080000
RPVNMLLLIIPFFCD38CC,竹篙厝段,.00,都市：商,,,,37240000
RPTNMLLLIIPFFCD18CC,竹篙厝段,13.84,都市：商,,,,19260000
RPXOMLLLIIPFFCD68CC,竹篙厝段,101.00,都市：商,,,,10320005
RPTPMLLLIIPFFCD38CC,公英段,.00,都市：住,,,,03390000
RPWPMLLLIIPFFCD68CC,裕東段,.00,都市：住,,,,04690000
RPQOMLLLIIPFFAD77CC,開元段,.00,都市：商,,,,06270008
RPPNMLLLIIPFFAD57CC,延平段,.00,都市：住,,,,16340002
RPSOMLLLIIPFFAD97CC,立人段,.00,都市：住,,,,00530000
RPWOMLLLIIPFFAD38CC,東興段,.00,都市：住,,,,02520016
RPSPMLLLIIPFFAD08CC,金華段,.00,都市：住,,,,00870000
RPVOMLLLIIPFFAD28CC,富台段,.00,都市：住,,,,11500004
RPOPMLLLIIPFFAD67CC,郡王祠段,.00,都市：商,,,,03780000
RPOPMLLLIIPFFAD67CC,郡王祠段,.00,都市：商,,,,03790000
RPVPMLLLIIPFFAD38CC,金華段,.00,都市：住,,,,00580029
RPRPMLLLIIPFFAD97CC,光賢段,.00,都市：住,,,,04490002
RPPPMLLLIIPFFKD78CC,成功段,.00,都市：住,,,,01860000
RPTOMLLLIIPFFAD18DC,府前段,20.41,都市：商,,,,01890000
RPUPMLLLIIPFFCD58DC,鹽埕段,.00,都市：住,,,,31080048
RPPOMLLLIIPFFBD77CC,十字段,.00,都市：住,,,,09150000
RPVPMLLLIIPFFCD68DC,公英段,.00,都市：住,,,,07550000
RPQOMLLLIIPFFHD58DC,圳西段,262.09,都市：工,,,,04940002
RPUNMLMLIIPFFAD18CC,金華段,.00,都市：住,,,,00910006
RPWNMLMLIIPFFAD38CC,金華段,.00,都市：住,,,,00870000
RPROMLMLIIPFFAD97CC,三民段,.00,都市：商,,,,04930000
RPUOMLMLIIPFFAD28CC,新美段,.00,都市：商,,,,07320000
RPUOMLMLIIPFFAD28CC,新美段,.00,都市：商,,,,07330000
RPWOMLMLIIPFFAD48CC,武聖段,.00,都市：住,,,,09760000
RPUOMLMLIIPFFAD28CC,新美段,.00,都市：其他:道,,,,07340000
RPUOMLMLIIPFFAD28CC,新美段,.00,都市：商,,,,07350000
RPOPMLMLIIPFFAD77CC,新南段,.00,都市：住,,,,00230032
RPOPMLMLIIPFFAD77CC,新南段,.00,都市：住,,,,00230034
RPOPMLMLIIPFFAD77CC,新南段,.00,都市：住,,,,00230035
RPQPMLMLIIPFFAD97CC,武聖段,.00,都市：住,,,,09760000
RPRPMLMLIIPFFAD08CC,武聖段,.00,都市：住,,,,09760000
RPQQMLMLIIPFFAD08CC,星鑽段,.00,都市：住,,,,04200000
RPUNMLMLIIPFFCD38CC,東安段,.00,都市：住,,,,06190000
RPXNMLMLIIPFFCD68CC,泉南段,.00,都市：住,,,,06180000
RPUNMLMLIIPFFID98CC,太新段,334.76,都市：工,,,,13760002
RPUNMLMLIIPFFID98CC,太新段,1558.81,都市：工,,,,13790000
RPUNMLMLIIPFFID98CC,太新段,826.06,都市：工,,,,13800000
RPTNMLMLIIPFFID88CC,正義段,95.67,都市：其他:待查,,,,13170000
RPTNMLMLIIPFFID88CC,正義段,100.40,都市：其他:待查,,,,13180000
RPPNMLNLIIPFFCD97CC,竹篙厝段,.00,都市：住,,,,09810000
RPROMLNLIIPFFCD28CC,竹篙厝段,.00,都市：住,,,,34390000
RPWNMLNLIIPFFID66CC,太新段,.00,都市：工,,,,03450000
RPWNMLNLIIPFFID66CC,太新段,.00,都市：工,,,,03460000
RPXNMLNLIIPFFCD78CC,虎尾段,.00,都市：住,,,,08640000
RPTOMLNLIIPFFAD28CC,公園段,.00,都市：商,,,,09390000
RPTOMLNLIIPFFAD28CC,公園段,.00,都市：商,,,,09390001
RPTOMLNLIIPFFAD28CC,公園段,.00,都市：其他:道路用地,,,,09390003
RPTOMLNLIIPFFAD28CC,公園段,.00,都市：其他:道路用地,,,,09390002
RPWNMLNLIIPFFAD48CC,府前段,.00,都市：商,,,,13160000
RPWNMLNLIIPFFAD48CC,府前段,.00,都市：商,,,,13170000
RPXOMLNLIIPFFAD68CC,金華段,.00,都市：商,,,,00640025
RPPNMLNLIIPFFKD78CC,建國段,.00,都市：住,,,,05110011
RPPNMLNLIIPFFKD78CC,建國段,.00,都市：住,,,,05110038
RPPNMLNLIIPFFKD78CC,建國段,.00,都市：住,,,,05110040
RPPONLNLIIPFFBD08CC,怡中段,.00,都市：住,,,,12970000
RPPONLNLIIPFFBD08CC,怡中段,.00,都市：住,,,,12970001
RPPOMLQLIIPFFKD56CC,永和段,.00,都市：商,,,,13450000
RPQNMLQLIIPFFID98CC,嘉南段,9.00,都市：住,,,,07320000
RPXNMLQLIIPFFID07CC,南興段,.00,都市：工,,,,00170000
RPXNMLQLIIPFFID07CC,南興段,.00,都市：工,,,,00180000
RPXNMLQLIIPFFID07CC,南興段,.00,都市：工,,,,00190000
RPQOMLRLIIPFFID56CC,忠義段,152.83,都市：工,,,,07490000
RPQOMLRLIIPFFID56CC,忠義段,148.26,都市：工,,,,07470000
RPQOMLRLIIPFFID56CC,忠義段,160.29,都市：工,,,,07460000
RPQOMLRLIIPFFID56CC,忠義段,150.25,都市：工,,,,07480000
RPQOMLRLIIPFFID56CC,忠義段,152.06,都市：工,,,,07500000
RPQOMLRLIIPFFID56CC,忠義段,1913.01,都市：工,,,,07510000
RPQOMLRLIIPFFID56CC,忠義段,47.76,都市：工,,,,07520000
RPPOMLRLIIPFFID09CC,義林段,322.12,都市：住,,,,00140001
RPPOMLRLIIPFFID09CC,義林段,144.54,都市：住,,,,00060001
RPPOMLRLIIPFFID09CC,義林段,144.54,都市：住,,,,00060000
RPPOMLRLIIPFFHD98CC,保加段,.00,都市：商,,,,06370005
RPROMLRLIIPFFCD68CC,竹篙厝段,.00,都市：住,,,,33950013
RPRNMLRLIIPFFCD58CC,竹篙厝段,.00,都市：住,,,,19260000
RPVOMLRLIIPFFCD09CC,東光段,.00,都市：商,,,,05480028
RPSOMLRLIIPFFCD78CC,水交社段,.00,都市：住,,,,00020000
RPUNMLRLIIPFFAD68CC,漁光段,.00,都市：商,,,,08660000
RPUOMLRLIIPFFKD17CC,忠孝段,.00,都市：住,,,,03460000
RPWNMLRLIIPFFKD27CC,六甲頂段,.00,都市：住,,,,09060000
RPUOMLLLIIPFFAD18CC,開元段,.00,都市：住,,,,00570001
RPUOMLLLIIPFFAD18CC,開元段,.00,都市：其他:道路用地,,,,00570003
RPWOMLSLIIPFFKD47CC,自強段,.00,都市：住,,,,05920000
RPOPMLSLIIPFFBD48CC,國安段,.00,都市：住,,,,16160000
RPWNMLSLIIPFFCD66DC,育樂段,.00,都市：商,,,,05560000
RPWNMLSLIIPFFCD66DC,育樂段,.00,都市：商,,,,05570000
RPSNMLSLIIPFFAD58CC,延平段,.00,都市：住,,,,11690052
RPRNMLSLIIPFFBD68DC,青草崙段,252.82,都市：其他:住宅區,,,,03570077
RPPOMLSLIIPFFAD38CC,中山段,.00,都市：商,,,,07430000
RPQOMLSLIIPFFAD48CC,環河段,.00,都市：住,,,,22520000
RPTOMLSLIIPFFAD78CC,開元段,.00,都市：住,,,,05380000
RPTQMLSLIIPFFCD56CC,虎尾段,.00,都市：住,,,,02640000
RPOOMLSLIIPFFHD98CC,南社內段,.00,非都市：鄉村區 ; 非都市編定：乙種建築用地,,,,05290000
RPSNMLSLIIPFFCD78CC,新東段,.00,都市：住,,,,09820000
RPROMLTLIIPFFID86CC,文衡段,86.00,都市：住,,,,10820000
RPSNMLTLIIPFFCD88CC,大同段,52.20,都市：住,,,,04410000
RPPOMLSLIIPFFHD09CC,唪口段,.00,非都市：特定農業區 ; 非都市編定：甲種建築用地,,,,15160062
RPTOMLTLIIPFFCD09CC,鹽埕段,104.00,都市：商,,,,00030027
RPTOMLTLIIPFFCD09CC,鹽埕段,50.00,都市：商,,,,00030107
RPTOMLTLIIPFFCD09CC,鹽埕段,50.00,都市：商,,,,00030408
RPTOMLTLIIPFFCD09CC,鹽埕段,50.00,都市：商,,,,00030409
RPTOMLTLIIPFFCD09CC,鹽埕段,64.00,都市：商,,,,00030411
RPQNMLTLIIPFFID66CC,嘉南段,9.00,都市：住,,,,07320000
RPVNMLTLIIPFFAD98CC,新南段,.00,都市：住,,,,01100040
RPVNMLTLIIPFFAD98CC,新南段,.00,都市：住,,,,01100041
RPVNMLTLIIPFFAD98CC,新南段,.00,都市：住,,,,01100042
RPROMLTLIIPFFAD68CC,郡王祠段,.00,都市：住,,,,18330000
RPUOMLTLIIPFFAD98CC,金城段,26.05,都市：住,,,,00630000
RPVQMLTLIIPFFKD67CC,永信段,.00,都市：住,,,,09290000
RPRNMLKMIIPFFAD77CC,金城段,26.05,都市：住,,,,00630000
RPROMLKMIIPFFDD18CC,新營段,.00,非都市： ; 非都市編定：,,,,09390051
RPWOMLKMIIPFFAD38CC,觀音段,77.00,都市：商,,,,05900000
RPWOMLKMIIPFFAD38CC,觀音段,156.03,都市：商,,,,05910000
RPWOMLMJJIPFFID56CC,歸仁北段,9.00,都市：住,,,,11740002
RPWOMLMJJIPFFID56CC,歸仁北段,94.00,都市：住,,,,11740018
RPWNMLKMIIPFFCD48CC,桶盤淺段,.00,都市：住,,,,04080017
RPWOMLMJJIPFFID56CC,歸仁北段,94.00,都市：住,,,,11400014
RPWOMLMJJIPFFID56CC,歸仁北段,23.00,都市：住,,,,11410002
RPVNMLMJJIPFFCD38CC,竹篙厝段,.00,都市：商,,,,16780014
RPWOMLMJJIPFFHD09CC,南港段,83.12,都市：其他:,,,,07670001
RPXPMLMJJIPFFHD66CC,善文段,595.52,都市：其他:空白,,,,10470000
RPOQMLMJJIPFFHD48CC,成功段,962.00,都市：其他:空白,,,,07090000
RPUOMLNJJIPFFKD66CC,兵南段,11.22,都市：商,,,,05450000
RPTOMLMJJIPFFKD09CC,信義段,.00,都市：住,,,,02950000
RPVNMLNJJIPFFID66EC,嘉南段,.00,都市：住,,,,07320000
RPUNMLNJJIPFFID56EC,嘉南段,.00,都市：住,,,,07320000
RPWNMLNJJIPFFID76EC,嘉南段,.00,都市：住,,,,07320000
RPUOMLOJJIPFFAD38CC,開元段,.00,都市：商,,,,05970000
RPRNMLOJJIPFFCD18CC,新興段,.00,都市：住,,,,02670000
RPXOMLNJJIPFFAD58CC,金華段,.00,都市：住,,,,01070006
RPQPMLNJJIPFFAD97CC,立人段,.00,都市：商,,,,00280000
RPXNMLOJJIPFFAD58CC,立人段,.00,都市：住,,,,00650003
RPVNMLOJJIPFFCD58CC,竹篙厝段,.00,都市：住,,,,12750000
RPQNMLOJJIPFFCD08CC,立德段,.00,都市：商,,,,08570000
RPOOMLOJJIPFFCD97CC,竹篙厝段,.00,都市：住,,,,20140004
RPPOMLOJJIPFFCD08CC,竹篙厝段,.00,都市：住,,,,20140004
RPRPMLOJJIPFFKD56CC,鹽西段,.00,都市：工,,,,08310000
RPTPMLOJJIPFFKD76CC,鹽新段,.00,都市：住,,,,11320000
RPQOMLPJJIPFFKD09CC,六合段,7.83,都市：住,,,,02460000
RPUNMLPJJIPFFHD56DC,大社段,78.00,非都市：特定農業區 ; 非都市編定：甲種建築用地,,,,11920014
RPSOMLPJJIPFFCD48CC,裕南段,.00,都市：住,,,,10220000
RPVRMLPJJIPFFAD88CC,立人段,.00,都市：住,,,,00650003
RPVNMLPJJIPFFCD68CC,東寧段,.00,都市：住,,,,07420002
RPVNMLPJJIPFFCD68CC,東寧段,.00,都市：住,,,,07430009
RPVNMLPJJIPFFCD68CC,東寧段,.00,都市：住,,,,07440008
RPUNMLPJJIPFFCD58CC,竹篙厝段,.00,都市：商,,,,37240000
RPPOMLPJJIPFFKD98CC,頂南段,.00,都市：住,,,,03750000
RPUQMLQJJIPFFAD78CC,保安段,.00,非都市： ; 非都市編定：,,,,07310002
RPTPMLPJJIPFFKD86CC,六甲頂段,.00,都市：住,,,,10980000
RPWNMLQJJIPFFHD76CC,福壽段,194.59,都市：住,,,,01020000
RPUTMLPJJIPFFAD98CC,東豐段,.00,都市：住,,,,07210000
RPROMLQJJIPFFKD66CC,自強段,.00,都市：住,,,,06920000
RPUTMLPJJIPFFAD98CC,東豐段,.00,都市：住,,,,07220000
RPROMLQJJIPFFKD66CC,自強段,.00,都市：住,,,,07560000
RPTOMLQJJIPFFKD86CC,大灣段,.00,都市：住,,,,73530000
RPWPMLTJJIPFFKD57CC,蔦松北段,1652.89,都市：工,,,,03810000
RPUOMLQJJIPFFKD96CC,蜈蜞潭段,.00,都市：住,,,,13490001
RPVOMLQJJIPFFKD07CC,大灣段,.00,都市：住,,,,31650022
RPQNMLSJJIPFFKD66CC,橋北段,83.42,都市：住,,,,00950045
RPQOMLTJJIPFFCD78DC,育樂段,125.00,都市：商,,,,15560000
RPQOMLTJJIPFFCD78DC,育樂段,1.00,都市：商,,,,15570000
RPVOMLTJJIPFFBD09CC,青砂段,.00,都市：其他:住宅區,,,,10160000
RPVOMLTJJIPFFBD09CC,青砂段,.00,都市：其他:住宅區,,,,10160010
RPWOMLTJJIPFFHD17CC,新吉段,991.73,非都市：特定農業區 ; 非都市編定：農牧用地,,,,11940001
RPPNMLSJJIPFFKD56CC,橋北段,83.42,都市：住,,,,00950045
RPSNMLTJJIPFFAD58CC,郡王祠段,31.41,都市：住,,,,17520000
RPPOMLKKJIPFFHD28CC,善新段,119.01,都市：其他:空白,,,,00520000
RPXOMLKKJIPFFCD58CC,鹽埕段,.00,都市：工,,,,30360065
RPSNMLKKJIPFFAD87DC,華興段,.00,都市：住,,,,07230003
RPPNMLKKJIPFFCD67CC,公英段,78.00,都市：住,,,,12660088
RPSNMLKKJIPFFID68DC,嘉南段,6.22,都市：其他:道路用地,,,,04890001
RPSNMLKKJIPFFID68DC,嘉南段,301.99,都市：工,,,,04890000
RPXOMLKKJIPFFKD76CC,蜈蜞潭段,.00,都市：住,,,,13490001
RPPOMLLKJIPFFKD68CC,南新段,.00,都市：住,,,,07980000
RPROMLLKJIPFFKD88CC,六合段,.00,都市：住,,,,00610000
RPROMLLKJIPFFKD88CC,六合段,.00,都市：住,,,,00620000
RPUOMLLKJIPFFCD38CC,仁和段,.00,都市：住,,,,04340000
RPQOMLLKJIPFFKD78CC,永信段,.00,都市：住,,,,09880000
RPVOMLLKJIPFFCD48CC,富強段,.00,都市：住,,,,03810000
RPXNMLLKJIPFFID66DC,崑崙段,17.65,都市：住,,,,01030025
RPXNMLLKJIPFFID66DC,崑崙段,3.17,都市：住,,,,01030024
RPXNMLLKJIPFFID66DC,崑崙段,7.81,都市：住,,,,01060010
RPTOMLLKJIPFFCD28CC,立德段,.00,都市：住,,,,09160000
RPOOMLLKJIPFFAD57CC,公園段,.00,都市：商,,,,09390000
RPOOMLLKJIPFFAD57CC,公園段,.00,都市：商,,,,09390001
RPOOMLLKJIPFFAD57CC,公園段,.00,都市：其他:細部計畫道路用地,,,,09390003
RPROMLLKJIPFFAD87CC,公園段,.00,都市：商,,,,09390000
RPXNMLMKJIPFFBD58CC,安慶段,160.73,都市：其他:住宅區,,,,12060010
RPROMLLKJIPFFAD87CC,公園段,.00,都市：商,,,,09390001
RPROMLLKJIPFFAD87CC,公園段,.00,都市：其他:細部計畫道路用地,,,,09390003
RPUOMLMKJIPFFCD48CC,泉南段,186.21,都市：商,,,,00150000
RPPNMLMKJIPFFKD68CC,蜈蜞潭段,.00,都市：住,,,,22400014
RPVPMLMKJIPFFKD86CC,兵南段,6.53,都市：住,,,,05840000
RPTOMLNKJIPFFCD48CC,新興段,.00,都市：商,,,,02260007
RPPOMLNKJIPFFAD87CC,正興段,.00,都市：住,,,,07050016
RPSNMLNKJIPFFAD08CC,北安段,81.14,都市：住,,,,00560303
RPSNMLNKJIPFFAD08CC,北安段,92.40,都市：住,,,,00560302
RPRNMLNKJIPFFID78CC,勝利段,28.20,都市：工,,,,13860000
RPRNMLNKJIPFFID78CC,勝利段,148.66,都市：工,,,,12090000
RPRNMLNKJIPFFID78CC,勝利段,32.76,都市：工,,,,11700000
RPRNMLNKJIPFFID78CC,勝利段,33.09,都市：住,,,,11520000
RPRNMLNKJIPFFID78CC,勝利段,138.16,都市：工,,,,11530000
RPWOMLQKJIPFFCD09CC,東安段,.00,非都市： ; 非都市編定：,,,,03950000
RPPPMLNKJIPFFAD97CC,北元段,.00,都市：住,,,,06730026
RPVOMLQKJIPFFCD98CC,竹篙厝段,9.17,都市：商,,,,16780014
RPXNMLQKJIPFFHD96CC,營新段,3.70,都市：住,,,,00090001
RPRNMLOKJIPFFCD28CC,新東段,78.00,都市：住,,,,05990000
RPXNMLQKJIPFFHD96CC,善新段,128.61,都市：住,,,,02790029
RPXNMLQKJIPFFHD96CC,善新段,124.38,都市：住,,,,02790030
RPSNMLQKJIPFFAD38CC,廣慈段,145.65,都市：商,,,,00630000
RPOOMLQKJIPFFKD56DC,大灣段,92.00,都市：住,,,,73460000
RPOOMLQKJIPFFKD56DC,大灣段,4.00,都市：住,,,,73470001
RPSNMLRKJIPFFHD56CC,六塊寮段,.00,非都市：鄉村區 ; 非都市編定：乙種建築用地,,,,36980002
RPTNMLQKJIPFFAD48CC,金華段,76.65,都市：商,,,,00560002
RPUNMLRKJIPFFAD68CC,金華段,7.56,都市：商,,,,00640037
RPQTMLSKJIPFFAD98CC,漁光段,.00,都市：商,,,,08660000
RPPUMLRKJIPFFAD88CC,文元段,.00,都市：住,,,,06470000
RPPUMLRKJIPFFAD88CC,文元段,.00,都市：其他:道路用地,,,,06480000
RPUOMLSKJIPFFID07CC,歸仁南段,.00,非都市：鄉村區 ; 非都市編定：乙種建築用地,,,,09350015
RPUTMLSKJIPFFAD76CC,金華段,.00,都市：住,,,,00700000
RPUTMLSKJIPFFAD76CC,金華段,.00,都市：住,,,,00700009
RPUTMLSKJIPFFAD76CC,金華段,.00,都市：住,,,,00700010
RPUTMLSKJIPFFAD76CC,金華段,.00,都市：住,,,,00700011
RPUTMLSKJIPFFAD76CC,金華段,.00,都市：住,,,,00700012
RPRTMLSKJIPFFAD09CC,漁光段,.00,都市：住,,,,08690000
RPTTMLSKJIPFFAD66CC,漁光段,.00,都市：商,,,,08660000
RPWOMLSKJIPFFKD47CC,自強段,.00,都市：住,,,,00200000
RPXOMLSKJIPFFKD57CC,鹽東段,.00,都市：住,,,,16220000
RPVOMLSKJIPFFKD37CC,成功段,.00,都市：商,,,,01190000
RPOPMLSKJIPFFKD76CC,永信段,.00,都市：住,,,,02970000
RPOPMLTKJIPFFGD09CC,仁得段,.00,都市：住,,,,11250000
RPTOMLTKJIPFFGD86CC,南海段,163.29,都市：住,,,,05530000
RPOOMLTKJIPFFID56CC,南興段,1959.92,都市：工,,,,00400000
RPTNMLTKJIPFFID96CC,仁義段,.00,都市：住,,,,07110000
RPTOMLKLJIPFFCD28CC,竹篙厝段,.00,都市：住,,,,28690000
RPPNMLKLJIPFFCD77CC,竹篙厝段,.00,都市：住,,,,20040000
RPQNMLMLJIPFFAD87CC,府前段,21.81,都市：商,,,,12610000
RPQNMLMLJIPFFAD87CC,府前段,17.16,都市：商,,,,12620000
RPTNMLKLJIPFFAD97CC,五條港段,.00,都市：商,,,,02410000
RPOOMLNLJIPFFCD08CC,竹篙厝段,.00,都市：住,,,,42980016
RPOSMLNLJIPFFAD28CC,新南段,.00,都市：住,,,,00660000
RPXQMLNLJIPFFAD98CC,開元段,.00,都市：其他:市場用地,,,,04310002
RPOQMLNLJIPFFHD78CC,胡厝寮段,23.37,都市：住,,,,09530000
RPWNMLNLJIPFFBD68CC,和館段,.00,都市：住,,,,00440819
RPXOMLNLJIPFFHD86CC,潭頂段,76.00,非都市：鄉村區 ; 非都市編定：乙種建築用地,,,,05950012
RPXNMLNLJIPFFBD78CC,和館段,.00,都市：住,,,,00940093
RPVPMLNLJIPFFKD17DC,兵北段,13.67,都市：住,,,,01220000
RPXQMLNLJIPFFKD37CC,橋北段,.00,都市：住,,,,00190034
RPVOMLOLJIPFFKD07CC,永興段,.00,都市：住,,,,00130000
RPVOMLOLJIPFFID86CC,太新段,394.43,都市：工,,,,06650000
RPSOMLOLJIPFFHD56DC,北子店段二小段,2805.00,非都市：特定農業區 ; 非都市編定：農牧用地,,,,06820000
RPPUMLOLJIPFFKD07CC,兵南段,.00,都市：商,,,,00840000
RPUOMLOLJIPFFKD96CC,六甲頂段,.00,都市：住,,,,10910000
RPRNMLOLJIPFFID98CC,仁義段,.00,都市：商,,,,01700000
RPRNMLOLJIPFFCD38CC,仁和段,.00,都市：住,,,,04760012
RPQNMLOLJIPFFCD28CC,富農段,.00,都市：住,,,,11140000
RPQNMLOLJIPFFCD28CC,富農段,.00,都市：住,,,,11140001
RPQNMLOLJIPFFCD28CC,富農段,.00,都市：住,,,,11140002
RPVNMLOLJIPFFCD78CC,東光段,.00,都市：住,,,,06390000
RPTOMLOLJIPFFCD68CC,竹篙厝段,8.91,都市：商,,,,19400000
RPPOMLOLJIPFFCD28CC,竹篙厝段,.00,都市：住,,,,16560008
RPVOMLOLJIPFFCD88CC,光明段,.00,都市：住,,,,03480000
RPXNMLOLJIPFFAD78CC,銀同段,.00,都市：商,,,,04120000
RPWOMLOLJIPFFCD98CC,鹽埕段,.00,都市：住,,,,31050023
RPVOMLOLJIPFFAD68CC,成光段,.00,都市：住,,,,00910012
RPROMLOLJIPFFAD28CC,立人段,.00,都市：住,,,,00650003
RPTOMLOLJIPFFAD48CC,金華段,.00,都市：商,,,,00010000
RPOQMLOLJIPFFAD18CC,玉宇段,66.00,都市：住,,,,04500000
RPWOMLOLJIPFFAD78CC,金華段,.00,都市：商,,,,00010009
RPWNMLPLJIPFFAD78CC,立人段,7.25,都市：住,,,,00650003
RPOOMLPLJIPFFAD08CC,立人段,26.82,都市：住,,,,00650003
RPPOMLPLJIPFFAD18CC,立人段,26.82,都市：住,,,,00650003
RPWOMLPLJIPFFAD88CC,大港段,.00,都市：住,,,,00210080
RPROMLPLJIPFFHD09CC,大成段,.00,都市：農,,,,09770000
RPOOMLPLJIPFFCD28CC,裕南段,.00,都市：住,,,,16530000
RPQPMLPLJIPFFAD48DC,白金段,.00,都市：商,,,,02230000
RPXNMLQLJIPFFHD07CC,福壽段,134.19,都市：住,,,,10750000
RPVOMLPLJIPFFCD09DC,大同段,.00,都市：住,,,,07890000
RPRPMLPLJIPFFAD58DC,頂美段,.00,都市：住,,,,04650000
RPVOMLPLJIPFFCD09DC,大同段,.00,都市：住,,,,07900000
RPPPMLQLJIPFFKD76CC,中興段,.00,都市：住,,,,08900000
RPOPMLPLJIPFFAD28DC,保安段,.00,都市：住,,,,60000005
RPPNMLQLJIPFFCD38CC,竹篙厝段,.00,都市：住,,,,39950000
RPRNMLQLJIPFFCD58CC,虎尾段,.00,都市：住,,,,01310000
RPUNMLQLJIPFFAD68CC,中正段,.00,都市：商,,,,09350000
RPWNMLQLJIPFFAD88CC,東興段,.00,都市：住,,,,00380000
RPXNMLQLJIPFFAD98CC,新臨安段,.00,都市：住,,,,05640000
RPRNMLRLJIPFFCD68CC,光明段,.00,都市：住,,,,04070038
RPQOMLQLJIPFFAD38CC,北安段,.00,都市：商,,,,00500094
RPUOMLRLJIPFFKD27CC,鹽埕段,.00,都市：住,,,,04150033
RPSNMLRLJIPFFAD68DC,公園段,.00,都市：商,,,,09390000
RPSNMLRLJIPFFAD68DC,公園段,.00,都市：商,,,,09390001
RPSNMLRLJIPFFAD68DC,公園段,.00,都市：其他:道路用地,,,,09390003
RPTNMLRLJIPFFAD78DC,公園段,.00,都市：商,,,,09390000
RPTNMLRLJIPFFAD78DC,公園段,.00,都市：商,,,,09390001
RPTNMLRLJIPFFAD78DC,公園段,.00,都市：其他:道路用地,,,,09390003
RPQNMLSLJIPFFAD48CC,立人段,3.26,都市：住,,,,00650003
RPOOMLRLJIPFFBD38CC,溪東段,.00,都市：其他:主要計畫道路用地,,,,10270000
RPOOMLRLJIPFFBD38CC,溪東段,.00,都市：住,,,,10530000
RPVOMLKMJIPFFAD38CC,漁光段,.00,都市：商,,,,08660000
RPUOMLKMJIPFFAD28CC,立人段,.00,都市：住,,,,00520000
RPVNMLKMJIPFFAD28CC,北元段,.00,都市：住,,,,04330000
RPTOMLKMJIPFFCD38CC,鹽埕段,.00,都市：住,,,,02900874
RPSNMLKMJIPFFID78CC,正義段,95.67,都市：住,,,,13170000
RPVNMLKMJIPFFBD38CC,溪頂段,.00,都市：住,,,,17610000
RPPOMLKMJIPFFKD78CC,大灣段,.00,都市：住,,,,29720000
RPPNMLKMJIPFFID58DC,健康段,56.67,都市：其他:道路用地,,,,00030000
RPPNMLKMJIPFFID58DC,健康段,228.06,都市：住,,,,00070000
RPPOMLLJKIPFFCD87CC,裕南段,.00,都市：住,,,,16530000
RPOSMLLJKIPFFKD98CC,埔北段,.00,都市：住,,,,01920000
RPWNMLLJKIPFFAD28CC,仁愛段,.00,都市：住,,,,00090000
RPROMLLJKIPFFAD87CC,中正段,.00,都市：商,,,,09350000
RPPPMLLJKIPFFAD77CC,立人段,135.00,都市：住,,,,11280000
RPVNMLPLJIPFFKD07CC,竹行段,3552.92,都市：工,,,,18260000
RPQOMLMJKIPFFAD87CC,漁光段,.00,都市：商,,,,08660000
RPROMLMJKIPFFAD97CC,新南段,.00,都市：商,,,,00380000
RPTOMLMJKIPFFAD18CC,富台段,.00,都市：住,,,,03620000
RPOPMLMJKIPFFAD77CC,裕民段,.00,都市：住,,,,06900002
RPUOMLMJKIPFFAD28CC,立人段,.00,都市：住,,,,00650003
RPPPMLMJKIPFFAD87CC,府前段,.00,都市：商,,,,11460000
RPROMLMJKIPFFCD18CC,竹篙厝段,.00,都市：住,,,,40710014
RPSOMLMJKIPFFCD28CC,鹽埕段,.00,都市：住,,,,31060037
RPQOMLMJKIPFFKD88CC,永強段,.00,都市：住,,,,09640000
RPUOMLMJKIPFFID09CC,正義段,100.40,都市：其他:待查,,,,13180000
RPXOMLLJKIPFFAD48CC,金華段,12.95,都市：住,,,,00870000
RPWNMLMJKIPFFKD76CC,六甲頂段,.00,都市：住,,,,14250000
RPWOMLLJKIPFFAD38CC,金華段,5.05,都市：住,,,,00870000
RPSOMLMJKIPFFKD09CC,大灣段,.00,都市：住,,,,29650039
RPSNMLMJKIPFFAD97CC,頂美段,9.27,都市：住,,,,07530000
RPUNMLMJKIPFFGD88DC,仁得段,83.19,都市：住,,,,03740076
RPOOMLMJKIPFFGD38DC,宅子港段,4649.00,非都市：特定農業區 ; 非都市編定：農牧用地,,,,01660062
RPOOMLMJKIPFFGD38DC,宅子港段,2325.00,非都市：特定農業區 ; 非都市編定：農牧用地,,,,01660061
RPOOMLMJKIPFFGD38DC,宅子港段,2325.00,非都市：特定農業區 ; 非都市編定：農牧用地,,,,01660060
RPOOMLMJKIPFFGD38DC,興業段,423.78,非都市：一般農業區 ; 非都市編定：甲種建築用地,,,,00230000
RPSOMLMJKIPFFAD08CC,新南段,.00,都市：住,,,,01120019
RPUNMLNJKIPFFKD66CC,成功段,.00,都市：商,,,,01190000
RPVOMLMJKIPFFAD38CC,漁港段,.00,都市：住,,,,07530000
RPSOMLOJKIPFFID09CC,大同段,72.57,都市：住,,,,09280000
RPPNMLOJKIPFFHD58CC,華興段,193.47,都市：其他:空白,,,,04060000
RPQPMLMJKIPFFBD08CC,安中段,.00,都市：住,,,,05760000
RPUOMLOJKIPFFKD86CC,南新段,.00,都市：住,,,,00960000
RPVPMLNJKIPFFID76CC,崙尾段,.00,都市：工,,,,02590010
RPOPMLOJKIPFFKD98CC,二王段,.00,都市：住,,,,09860000
RPQPMLOJKIPFFAD18CC,金華段,.00,都市：商,,,,00640000
RPRNMLRJKIPFFHD09CC,善中段,327.15,都市：住,,,,00760000
RPQNMLPJKIPFFHD78CC,新化段太子廟小段,77.00,非都市：特定農業區 ; 非都市編定：甲種建築用地,,,,22520002
RPVNMLRJKIPFFAD78CC,銀同段,23.18,都市：商,,,,00590000
RPPOMLRJKIPFFAD28CC,保安段,.00,都市：商,,,,15470000
RPVNMLRJKIPFFAD78CC,銀同段,29.09,都市：商,,,,00600000
RPVNMLRJKIPFFAD78CC,銀同段,21.96,都市：商,,,,00610000
RPPOMLRJKIPFFAD28CC,保安段,.00,都市：商,,,,15490000
RPSOMLRJKIPFFAD78EC,金華段,.00,都市：住,,,,00850002
RPRPMLSJKIPFFKD07CC,永華段,.00,都市：住,,,,07310000
RPRPMLSJKIPFFKD07CC,永華段,.00,都市：住,,,,07320000
RPPPMLSJKIPFFKD86CC,永康段,206.00,都市：住,,,,15650000
RPSPMLSJKIPFFAD78CC,府前段,.00,都市：商,,,,11460000
RPSNMLSJKIPFFAD58CC,立人段,13.05,都市：住,,,,00650003
RPTPMLSJKIPFFAD88CC,頂美段,.00,都市：住,,,,07530000
RPPOMLSJKIPFFCD58CC,鹽埕段,.00,都市：住,,,,00400000
RPPOMLSJKIPFFCD58CC,鹽埕段,.00,都市：住,,,,00510003
RPOOMLTJKIPFFCD58CC,裕南段,.00,都市：住,,,,18640000
RPWNMLTJKIPFFCD66CC,新東段,.00,都市：住,,,,04440000
RPWPMLSJKIPFFAD56CC,漁光段,.00,都市：商,,,,08660000
RPQPMLSJKIPFFID76CC,忠義段,2197.42,都市：工,,,,04740000
RPQPMLSJKIPFFID76CC,忠義段,67.44,都市：其他:道路用地,,,,04850000
RPPOMLTJKIPFFCD68CC,東安段,.00,都市：住,,,,00060000
RPWPMLSJKIPFFID37CC,中清段,247.13,都市：工,,,,02470018
RPQNMLTJKIPFFAD48CC,漁光段,8.86,都市：商,,,,08660000
RPOOMLTJKIPFFBD48CC,中洲段,.00,都市：住,,,,17890000
RPQPMLTJKIPFFAD68CC,延平段,.00,都市：住,,,,11690060
RPROMLKKKIPFFCD18DC,新興段,99.00,都市：住,,,,02330062
RPRNMLTJKIPFFAD58CC,東興段,.00,都市：住,,,,02520006
RPVRMLTJKIPFFKD77CC,鹽新段,27.96,都市：住,,,,11680000
RPTNMLKKKIPFFKD98CC,成功段,.00,都市：住,,,,01860000
RPSTMLTJKIPFFKD67CC,永興段,.00,都市：住,,,,00130000
RPWNMLKKKIPFFKD66CC,兵北段,74.51,都市：住,,,,01220021
RPSOMLKKKIPFFKD98CC,南新段,.00,都市：住,,,,09510000
RPUOMLKKKIPFFKD56CC,六甲頂段,.00,都市：住,,,,10000000
RPQNMLKKKIPFFAD67CC,華興段,.00,都市：住,,,,07860013
RPSNMLKKKIPFFAD87CC,仁愛段,.00,都市：住,,,,04500002
RPROMLKKKIPFFAD87CC,環河段,.00,都市：住,,,,20030000
RPUOMLKKKIPFFCD38CC,德高段,.00,都市：住,,,,04980020
RPQOMLKKKIPFFHD48CC,港口段,.00,非都市：鄉村區 ; 非都市編定：乙種建築用地,,,,26520033
RPWOMLKKKIPFFCD58CC,鹽埕段,.00,都市：住,,,,02200005
