﻿編號,土地位置,土地移轉面積(平方公尺),使用分區或編定,權利人持分分母,權利人持分分子,移轉情形,地號
The serial number, land position,land shifting area square meter,the use zoning or compiles and checks,,,,land parcel
RPXOMLNLRHPFFBH27CB,青昇段,13.34,都市：商,100000,367,持分移轉,04330000
RPOPMLNLRHPFFBH09CB,青昇段,13.34,都市：商,100000,367,持分移轉,04330000
RPWOMLNLRHPFFBH17CB,青昇段,8.69,都市：商,100000,239,持分移轉,04330000
RPQPMLNLRHPFFBH66CB,青昇段,13.34,都市：商,100000,367,持分移轉,04330000
RPRPMLNLRHPFFBH76CB,青昇段,13.34,都市：商,100000,367,持分移轉,04330000
RPPPMLNLRHPFFBH56CB,青昇段,13.34,都市：商,100000,367,持分移轉,04330000
RPVPMLNLRHPFFBH17CB,青昇段,13.34,都市：商,100000,367,持分移轉,04330000
RPWPMLNLRHPFFBH27CB,青昇段,13.34,都市：商,100000,367,持分移轉,04330000
RPUPMLNLRHPFFBH07CB,青昇段,13.34,都市：商,100000,367,持分移轉,04330000
RPXPMLNLRHPFFBH37CB,青昇段,13.34,都市：商,100000,367,持分移轉,04330000
RPTQMLNLRHPFFBH07CB,青昇段,13.34,都市：商,100000,367,持分移轉,04330000
RPOQMLNLRHPFFBH56CB,青昇段,13.34,都市：商,100000,367,持分移轉,04330000
RPPQMLNLRHPFFBH66CB,青昇段,13.34,都市：商,100000,367,持分移轉,04330000
RPSQMLNLRHPFFBH96CB,青昇段,13.34,都市：商,100000,367,持分移轉,04330000
RPRQMLNLRHPFFBH86CB,青昇段,13.34,都市：商,100000,367,持分移轉,04330000
RPWQMLNLRHPFFBH37CB,青昇段,8.58,都市：商,100000,236,持分移轉,04330000
RPQQMLNLRHPFFBH76CB,青昇段,13.34,都市：商,100000,367,持分移轉,04330000
RPXQMLNLRHPFFBH47CB,青昇段,8.61,都市：商,100000,237,持分移轉,04330000
RPORMLNLRHPFFBH66CB,青昇段,8.61,都市：商,100000,237,持分移轉,04330000
RPPRMLNLRHPFFBH76CB,青昇段,8.61,都市：商,100000,237,持分移轉,04330000
RPRRMLNLRHPFFBH96CB,青昇段,8.61,都市：商,100000,237,持分移轉,04330000
RPSRMLNLRHPFFBH07CB,青昇段,8.58,都市：商,100000,236,持分移轉,04330000
RPURMLNLRHPFFBH27CB,青昇段,8.58,都市：商,100000,236,持分移轉,04330000
RPVRMLNLRHPFFBH37CB,青昇段,8.58,都市：商,100000,236,持分移轉,04330000
RPQRMLNLRHPFFBH86CB,青昇段,8.58,都市：商,100000,236,持分移轉,04330000
RPTRMLNLRHPFFBH17CB,青昇段,8.61,都市：商,100000,237,持分移轉,04330000
RPWRMLNLRHPFFBH47CB,青昇段,8.69,都市：商,100000,239,持分移轉,04330000
RPXRMLNLRHPFFBH57CB,青昇段,8.69,都市：商,100000,239,持分移轉,04330000
RPOSMLNLRHPFFBH76CB,青昇段,8.50,都市：商,100000,234,持分移轉,04330000
RPQSMLNLRHPFFBH96CB,青昇段,8.50,都市：商,100000,234,持分移轉,04330000
RPPSMLNLRHPFFBH86CB,青昇段,8.69,都市：商,100000,239,持分移轉,04330000
RPSSMLNLRHPFFBH17CB,青昇段,8.69,都市：商,100000,239,持分移轉,04330000
RPTSMLNLRHPFFBH27CB,青昇段,8.50,都市：商,100000,234,持分移轉,04330000
RPRSMLNLRHPFFBH07CB,青昇段,8.69,都市：商,100000,239,持分移轉,04330000
RPUSMLNLRHPFFBH37CB,青昇段,8.69,都市：商,100000,239,持分移轉,04330000
RPVSMLNLRHPFFBH47CB,青昇段,8.69,都市：商,100000,239,持分移轉,04330000
RPWSMLNLRHPFFBH57CB,青昇段,8.50,都市：商,100000,234,持分移轉,04330000
RPXSMLNLRHPFFBH67CB,青昇段,8.50,都市：商,100000,234,持分移轉,04330000
RPOTMLNLRHPFFBH86CB,青昇段,8.50,都市：商,100000,234,持分移轉,04330000
RPQTMLNLRHPFFBH07CB,青昇段,8.65,都市：商,100000,238,持分移轉,04330000
RPPTMLNLRHPFFBH96CB,青昇段,8.65,都市：商,100000,238,持分移轉,04330000
RPSTMLNLRHPFFBH27CB,青昇段,8.65,都市：商,100000,238,持分移轉,04330000
RPTTMLNLRHPFFBH37CB,青昇段,8.65,都市：商,100000,238,持分移轉,04330000
RPVTMLNLRHPFFBH57CB,青昇段,8.65,都市：商,100000,238,持分移轉,04330000
RPRTMLNLRHPFFBH17CB,青昇段,8.50,都市：商,100000,234,持分移轉,04330000
RPUTMLNLRHPFFBH47CB,青昇段,8.61,都市：商,100000,237,持分移轉,04330000
RPWTMLNLRHPFFBH67CB,青昇段,8.65,都市：商,100000,238,持分移轉,04330000
RPXTMLNLRHPFFBH77CB,青昇段,8.65,都市：商,100000,238,持分移轉,04330000
RPOUMLNLRHPFFBH96CB,青昇段,8.50,都市：商,100000,234,持分移轉,04330000
RPPUMLNLRHPFFBH07CB,青昇段,8.65,都市：商,100000,238,持分移轉,04330000
RPQUMLNLRHPFFBH17CB,青昇段,8.65,都市：商,100000,238,持分移轉,04330000
RPSUMLNLRHPFFBH37CB,青昇段,8.50,都市：商,100000,234,持分移轉,04330000
RPRUMLNLRHPFFBH27CB,青昇段,8.65,都市：商,100000,238,持分移轉,04330000
RPWUMLNLRHPFFBH77CB,青昇段,13.23,都市：商,100000,364,持分移轉,04330000
RPUUMLNLRHPFFBH57CB,青昇段,13.23,都市：商,100000,364,持分移轉,04330000
RPTUMLNLRHPFFBH47CB,青昇段,13.23,都市：商,100000,364,持分移轉,04330000
RPOVMLNLRHPFFBH07CB,青昇段,13.23,都市：商,100000,364,持分移轉,04330000
RPVUMLNLRHPFFBH67CB,青昇段,13.23,都市：商,100000,364,持分移轉,04330000
RPPVMLNLRHPFFBH17CB,青昇段,13.41,都市：商,100000,369,持分移轉,04330000
RPXUMLNLRHPFFBH87CB,青昇段,13.23,都市：商,100000,364,持分移轉,04330000
RPQVMLNLRHPFFBH27CB,青昇段,13.23,都市：商,100000,364,持分移轉,04330000
RPUVMLNLRHPFFBH67CB,青昇段,13.23,都市：商,100000,364,持分移轉,04330000
RPSVMLNLRHPFFBH47CB,青昇段,13.23,都市：商,100000,364,持分移轉,04330000
RPRVMLNLRHPFFBH37CB,青昇段,13.23,都市：商,100000,364,持分移轉,04330000
RPTVMLNLRHPFFBH57CB,青昇段,13.23,都市：商,100000,364,持分移轉,04330000
RPVVMLNLRHPFFBH77CB,青昇段,13.26,都市：商,100000,365,持分移轉,04330000
RPXVMLNLRHPFFBH97CB,青昇段,13.48,都市：商,100000,371,持分移轉,04330000
RPOWMLNLRHPFFBH17CB,青昇段,13.26,都市：商,100000,365,持分移轉,04330000
RPWVMLNLRHPFFBH87CB,青昇段,13.23,都市：商,100000,364,持分移轉,04330000
RPQWMLNLRHPFFBH37CB,青昇段,13.26,都市：商,100000,365,持分移轉,04330000
RPPWMLNLRHPFFBH27CB,青昇段,13.26,都市：商,100000,365,持分移轉,04330000
RPSWMLNLRHPFFBH57CB,青昇段,13.26,都市：商,100000,365,持分移轉,04330000
RPRWMLNLRHPFFBH47CB,青昇段,13.26,都市：商,100000,365,持分移轉,04330000
RPUWMLNLRHPFFBH77CB,青昇段,13.26,都市：商,100000,365,持分移轉,04330000
RPTWMLNLRHPFFBH67CB,青昇段,13.26,都市：商,100000,365,持分移轉,04330000
RPVWMLNLRHPFFBH87CB,青昇段,13.26,都市：商,100000,365,持分移轉,04330000
RPWWMLNLRHPFFBH97CB,青昇段,13.26,都市：商,100000,365,持分移轉,04330000
RPXWMLNLRHPFFBH08CB,青昇段,13.26,都市：商,100000,365,持分移轉,04330000
RPQNNLNLRHPFFBH56CB,青昇段,13.26,都市：商,100000,365,持分移轉,04330000
RPONNLNLRHPFFBH98CB,青昇段,13.26,都市：商,100000,365,持分移轉,04330000
RPPNNLNLRHPFFBH09CB,青昇段,13.26,都市：商,100000,365,持分移轉,04330000
RPRNNLNLRHPFFBH66CB,青昇段,8.65,都市：商,100000,238,持分移轉,04330000
RPSNNLNLRHPFFBH76CB,青昇段,8.65,都市：商,100000,238,持分移轉,04330000
RPVNNLNLRHPFFBH07CB,青昇段,8.65,都市：商,100000,238,持分移轉,04330000
RPTNNLNLRHPFFBH86CB,青昇段,8.65,都市：商,100000,238,持分移轉,04330000
RPWNNLNLRHPFFBH17CB,青昇段,8.65,都市：商,100000,238,持分移轉,04330000
RPUNNLNLRHPFFBH96CB,青昇段,8.65,都市：商,100000,238,持分移轉,04330000
RPPONLNLRHPFFBH56CB,青昇段,8.50,都市：商,100000,234,持分移轉,04330000
RPXNNLNLRHPFFBH27CB,青昇段,8.50,都市：商,100000,234,持分移轉,04330000
RPQONLNLRHPFFBH66CB,青昇段,8.65,都市：商,100000,238,持分移轉,04330000
RPOONLNLRHPFFBH09CB,青昇段,8.50,都市：商,100000,234,持分移轉,04330000
RPTONLNLRHPFFBH96CB,青昇段,8.65,都市：商,100000,238,持分移轉,04330000
RPSONLNLRHPFFBH86CB,青昇段,8.65,都市：商,100000,238,持分移轉,04330000
RPUONLNLRHPFFBH07CB,青昇段,8.65,都市：商,100000,238,持分移轉,04330000
RPVONLNLRHPFFBH17CB,青昇段,8.50,都市：商,100000,234,持分移轉,04330000
RPXONLNLRHPFFBH37CB,青昇段,8.69,都市：商,100000,239,持分移轉,04330000
RPWONLNLRHPFFBH27CB,青昇段,8.50,都市：商,100000,234,持分移轉,04330000
RPOPNLNLRHPFFBH56CB,青昇段,8.69,都市：商,100000,239,持分移轉,04330000
RPPPNLNLRHPFFBH66CB,青昇段,8.69,都市：商,100000,239,持分移轉,04330000
RPQPNLNLRHPFFBH76CB,青昇段,8.50,都市：商,100000,234,持分移轉,04330000
RPTPNLNLRHPFFBH07CB,青昇段,8.69,都市：商,100000,239,持分移轉,04330000
RPSPNLNLRHPFFBH96CB,青昇段,8.50,都市：商,100000,234,持分移轉,04330000
RPUPNLNLRHPFFBH17CB,青昇段,8.50,都市：商,100000,234,持分移轉,04330000
RPRPNLNLRHPFFBH86CB,青昇段,8.69,都市：商,100000,239,持分移轉,04330000
RPVPNLNLRHPFFBH27CB,青昇段,8.69,都市：商,100000,239,持分移轉,04330000
RPXPNLNLRHPFFBH47CB,青昇段,8.50,都市：商,100000,234,持分移轉,04330000
RPOQNLNLRHPFFBH66CB,青昇段,8.69,都市：商,100000,239,持分移轉,04330000
RPPQNLNLRHPFFBH76CB,青昇段,8.50,都市：商,100000,234,持分移轉,04330000
RPWQNLNLRHPFFBH47CB,青昇段,8.47,都市：商,100000,233,持分移轉,04330000
RPXQNLNLRHPFFBH57CB,青昇段,8.47,都市：商,100000,233,持分移轉,04330000
RPORNLNLRHPFFBH76CB,青昇段,8.58,都市：商,100000,236,持分移轉,04330000
RPPRNLNLRHPFFBH86CB,青昇段,8.47,都市：商,100000,233,持分移轉,04330000
RPQRNLNLRHPFFBH96CB,青昇段,8.47,都市：商,100000,233,持分移轉,04330000
RPRRNLNLRHPFFBH07CB,青昇段,13.34,都市：商,100000,367,持分移轉,04330000
RPURNLNLRHPFFBH37CB,青昇段,13.05,都市：商,100000,359,持分移轉,04330000
RPTRNLNLRHPFFBH27CB,青昇段,13.34,都市：商,100000,367,持分移轉,04330000
RPVRNLNLRHPFFBH47CB,青昇段,13.23,都市：商,100000,364,持分移轉,04330000
RPWRNLNLRHPFFBH57CB,青昇段,13.34,都市：商,100000,367,持分移轉,04330000
RPXRNLNLRHPFFBH67CB,青昇段,13.34,都市：商,100000,367,持分移轉,04330000
RPOSNLNLRHPFFBH86CB,青昇段,13.19,都市：商,100000,363,持分移轉,04330000
RPRSNLNLRHPFFBH17CB,青昇段,13.19,都市：商,100000,363,持分移轉,04330000
RPPSNLNLRHPFFBH96CB,青昇段,13.37,都市：商,100000,368,持分移轉,04330000
RPQSNLNLRHPFFBH07CB,青昇段,13.19,都市：商,100000,363,持分移轉,04330000
RPSSNLNLRHPFFBH27CB,青昇段,13.19,都市：商,100000,363,持分移轉,04330000
RPUSNLNLRHPFFBH47CB,青昇段,13.34,都市：商,100000,367,持分移轉,04330000
RPTSNLNLRHPFFBH37CB,青昇段,13.19,都市：商,100000,363,持分移轉,04330000
RPVSNLNLRHPFFBH57CB,青昇段,13.19,都市：商,100000,363,持分移轉,04330000
RPWSNLNLRHPFFBH67CB,青昇段,13.19,都市：商,100000,363,持分移轉,04330000
RPXSNLNLRHPFFBH77CB,青昇段,13.88,都市：商,100000,382,持分移轉,04330000
RPOTNLNLRHPFFBH96CB,青昇段,13.56,都市：商,100000,373,持分移轉,04330000
RPQTNLNLRHPFFBH17CB,青昇段,8.61,都市：商,100000,237,持分移轉,04330000
RPPTNLNLRHPFFBH07CB,青昇段,13.56,都市：商,100000,373,持分移轉,04330000
RPRTNLNLRHPFFBH27CB,青昇段,8.61,都市：商,100000,237,持分移轉,04330000
RPSTNLNLRHPFFBH37CB,青昇段,8.61,都市：商,100000,237,持分移轉,04330000
RPTTNLNLRHPFFBH47CB,青昇段,13.26,都市：商,100000,365,持分移轉,04330000
RPUTNLNLRHPFFBH57CB,青昇段,18.53,都市：商,100000,510,持分移轉,04330000
RPWTNLNLRHPFFBH77CB,青昇段,18.35,都市：商,100000,505,持分移轉,04330000
RPPUNLNLRHPFFBH17CB,青昇段,20.42,都市：商,100000,562,持分移轉,04330000
RPVTNLNLRHPFFBH67CB,青昇段,18.35,都市：商,100000,505,持分移轉,04330000
RPXTNLNLRHPFFBH87CB,青昇段,8.69,都市：商,100000,239,持分移轉,04330000
RPRUNLNLRHPFFBH37CB,青昇段,8.50,都市：商,100000,234,持分移轉,04330000
RPOUNLNLRHPFFBH07CB,青昇段,20.42,都市：商,100000,562,持分移轉,04330000
RPQUNLNLRHPFFBH27CB,青昇段,20.42,都市：商,100000,562,持分移轉,04330000
RPSUNLNLRHPFFBH47CB,青昇段,8.76,都市：商,100000,241,持分移轉,04330000
RPTUNLNLRHPFFBH57CB,青昇段,8.65,都市：商,100000,238,持分移轉,04330000
RPUUNLNLRHPFFBH67CB,青昇段,8.65,都市：商,100000,238,持分移轉,04330000
RPWUNLNLRHPFFBH87CB,青昇段,13.63,都市：商,100000,375,持分移轉,04330000
RPXUNLNLRHPFFBH97CB,青昇段,13.23,都市：商,100000,364,持分移轉,04330000
RPOVNLNLRHPFFBH17CB,青昇段,13.26,都市：商,100000,365,持分移轉,04330000
RPVUNLNLRHPFFBH77CB,青昇段,21.70,都市：商,100000,597,持分移轉,04330000
RPPVNLNLRHPFFBH27CB,青昇段,13.41,都市：商,100000,369,持分移轉,04330000
RPQVNLNLRHPFFBH37CB,青昇段,13.26,都市：商,100000,365,持分移轉,04330000
RPUVNLNLRHPFFBH77CB,青昇段,8.50,都市：商,100000,234,持分移轉,04330000
RPRVNLNLRHPFFBH47CB,青昇段,18.46,都市：商,100000,508,持分移轉,04330000
RPSVNLNLRHPFFBH57CB,青昇段,8.65,都市：商,100000,238,持分移轉,04330000
RPTVNLNLRHPFFBH67CB,青昇段,8.65,都市：商,100000,238,持分移轉,04330000
RPVVNLNLRHPFFBH87CB,青昇段,8.69,都市：商,100000,239,持分移轉,04330000
RPWVNLNLRHPFFBH97CB,青昇段,8.47,都市：商,100000,233,持分移轉,04330000
RPXVNLNLRHPFFBH08CB,青昇段,8.61,都市：商,100000,237,持分移轉,04330000
RPQWNLNLRHPFFBH47CB,青昇段,8.61,都市：商,100000,237,持分移轉,04330000
RPRWNLNLRHPFFBH57CB,青昇段,13.48,都市：商,100000,371,持分移轉,04330000
RPPWNLNLRHPFFBH37CB,青昇段,13.56,都市：商,100000,373,持分移轉,04330000
RPOWNLNLRHPFFBH27CB,青昇段,13.56,都市：商,100000,373,持分移轉,04330000
RPUWNLNLRHPFFBH87CB,青昇段,8.50,都市：商,100000,234,持分移轉,04330000
RPTWNLNLRHPFFBH77CB,青昇段,8.61,都市：商,100000,237,持分移轉,04330000
RPVWNLNLRHPFFBH97CB,青昇段,8.50,都市：商,100000,234,持分移轉,04330000
RPXWNLNLRHPFFBH18CB,青昇段,13.26,都市：商,100000,365,持分移轉,04330000
RPWWNLNLRHPFFBH08CB,青昇段,13.23,都市：商,100000,364,持分移轉,04330000
RPPNOLNLRHPFFBH56CB,青昇段,8.61,都市：商,100000,237,持分移轉,04330000
RPQNOLNLRHPFFBH66CB,青昇段,8.61,都市：商,100000,237,持分移轉,04330000
RPUNOLNLRHPFFBH07CB,青昇段,8.58,都市：商,100000,236,持分移轉,04330000
RPRNOLNLRHPFFBH76CB,青昇段,8.61,都市：商,100000,237,持分移轉,04330000
RPWNOLNLRHPFFBH27CB,青昇段,8.47,都市：商,100000,233,持分移轉,04330000
RPPOOLNLRHPFFBH66CB,青昇段,8.58,都市：商,100000,236,持分移轉,04330000
RPOOOLNLRHPFFBH56CB,青昇段,8.47,都市：商,100000,233,持分移轉,04330000
RPONOLNLRHPFFBH09CB,青昇段,8.61,都市：商,100000,237,持分移轉,04330000
RPXNOLNLRHPFFBH37CB,青昇段,8.47,都市：商,100000,233,持分移轉,04330000
RPQOOLNLRHPFFBH76CB,青昇段,8.47,都市：商,100000,233,持分移轉,04330000
RPSOOLNLRHPFFBH96CB,青昇段,8.47,都市：商,100000,233,持分移轉,04330000
RPVNOLNLRHPFFBH17CB,青昇段,8.47,都市：商,100000,233,持分移轉,04330000
RPROOLNLRHPFFBH86CB,青昇段,8.58,都市：商,100000,236,持分移轉,04330000
RPTOOLNLRHPFFBH07CB,青昇段,8.47,都市：商,100000,233,持分移轉,04330000
RPQNMLTJIIPFFAH58CB,中路三段,.10,都市：住,100000,407,持分移轉,01070000
RPRNMLTJIIPFFAH68CB,中路三段,.10,都市：住,100000,407,持分移轉,01070000
RPTNMLTJIIPFFAH88CB,中路三段,.10,都市：住,100000,407,持分移轉,01070000
RPSNMLTJIIPFFAH78CB,中路三段,.10,都市：住,100000,407,持分移轉,01070000
RPUNMLTJIIPFFAH98CB,中路三段,.10,都市：住,100000,407,持分移轉,01070000
RPWNMLTJIIPFFAH56CB,中路三段,.10,都市：住,100000,407,持分移轉,01070000
RPVNMLTJIIPFFAH09CB,中路三段,.10,都市：住,100000,407,持分移轉,01070000
RPPOMLTJIIPFFAH58CB,中路三段,.10,都市：住,100000,407,持分移轉,01070000
RPXNMLTJIIPFFAH66CB,中路三段,.10,都市：住,100000,407,持分移轉,01070000
RPQOMLTJIIPFFAH68CB,中路三段,.04,都市：住,100000,242,持分移轉,01070000
RPOOMLTJIIPFFAH48CB,中路三段,.10,都市：住,100000,407,持分移轉,01070000
RPROMLTJIIPFFAH78CB,中路三段,.04,都市：住,100000,242,持分移轉,01070000
RPSOMLTJIIPFFAH88CB,中路三段,.04,都市：住,100000,242,持分移轉,01070000
RPTOMLTJIIPFFAH98CB,中路三段,.04,都市：住,100000,242,持分移轉,01070000
RPUOMLTJIIPFFAH09CB,中路三段,.04,都市：住,100000,242,持分移轉,01070000
RPXOMLTJIIPFFAH76CB,中路三段,.04,都市：住,100000,242,持分移轉,01070000
RPWOMLTJIIPFFAH66CB,中路三段,.04,都市：住,100000,242,持分移轉,01070000
RPOPMLTJIIPFFAH58CB,中路三段,.04,都市：住,100000,242,持分移轉,01070000
RPVOMLTJIIPFFAH56CB,中路三段,.04,都市：住,100000,242,持分移轉,01070000
RPPPMLTJIIPFFAH68CB,中路三段,.04,都市：住,100000,242,持分移轉,01070000
RPRPMLTJIIPFFAH88CB,中路三段,.04,都市：住,100000,242,持分移轉,01070000
RPQPMLTJIIPFFAH78CB,中路三段,.04,都市：住,100000,242,持分移轉,01070000
RPQNMLLKIIPFFAH87CB,中路三段,.03,都市：住,100000,203,持分移轉,01070000
RPPNMLLKIIPFFAH77CB,中路三段,.03,都市：住,100000,203,持分移轉,01070000
RPRNMLLKIIPFFAH97CB,中路三段,.03,都市：住,100000,203,持分移轉,01070000
RPVNMLLKIIPFFAH38CB,中路三段,.03,都市：住,100000,203,持分移轉,01070000
RPUNMLLKIIPFFAH28CB,中路三段,.03,都市：住,100000,203,持分移轉,01070000
RPSNMLLKIIPFFAH08CB,中路三段,.03,都市：住,100000,203,持分移轉,01070000
RPXNMLLKIIPFFAH58CB,中路三段,.03,都市：住,100000,203,持分移轉,01070000
RPOOMLLKIIPFFAH77CB,中路三段,.03,都市：住,100000,203,持分移轉,01070000
RPWNMLLKIIPFFAH48CB,中路三段,.03,都市：住,100000,203,持分移轉,01070000
RPTNMLLKIIPFFAH18CB,中路三段,.03,都市：住,100000,203,持分移轉,01070000
RPQOMLLKIIPFFAH97CB,中路三段,.03,都市：住,100000,203,持分移轉,01070000
RPPOMLLKIIPFFAH87CB,中路三段,.03,都市：住,100000,203,持分移轉,01070000
RPROMLLKIIPFFAH08CB,中路三段,.03,都市：住,100000,203,持分移轉,01070000
RPVOMLLKIIPFFAH48CB,中路三段,.08,都市：住,100000,356,持分移轉,01070000
RPWOMLLKIIPFFAH58CB,中路三段,.08,都市：住,100000,356,持分移轉,01070000
RPOPMLLKIIPFFAH87CB,中路三段,.08,都市：住,100000,356,持分移轉,01070000
RPUOMLLKIIPFFAH38CB,中路三段,.03,都市：住,100000,203,持分移轉,01070000
RPQPMLLKIIPFFAH08CB,中路三段,.08,都市：住,100000,356,持分移轉,01070000
RPPPMLLKIIPFFAH97CB,中路三段,.08,都市：住,100000,356,持分移轉,01070000
RPXOMLLKIIPFFAH68CB,中路三段,.08,都市：住,100000,356,持分移轉,01070000
RPRPMLLKIIPFFAH18CB,中路三段,.08,都市：住,100000,356,持分移轉,01070000
RPSPMLLKIIPFFAH28CB,中路三段,.08,都市：住,100000,356,持分移轉,01070000
RPVPMLLKIIPFFAH58CB,中路三段,.08,都市：住,100000,356,持分移轉,01070000
RPRUMLTKIIPFFDH17CB,大金山下段大金山下小段,15.70,都市：住,100000,224,持分移轉,00100000
RPXOMLKLIIPFFDH56EB,金龍段,21.88,都市：住,100000,453,持分移轉,00140000
RPPPMLKLIIPFFDH48EB,金龍段,22.07,都市：住,100000,457,持分移轉,00140000
RPTOMLTKIIPFFDH76CB,大金山下段大金山下小段,15.70,都市：住,100000,224,持分移轉,00100000
RPQPMLKLIIPFFDH58EB,金龍段,27.29,都市：住,100000,565,持分移轉,00140000
RPUPMLLKIIPFFAH48CB,中路三段,.08,都市：住,100000,356,持分移轉,01070000
RPPOMLQKIIPFFBH68EB,青溪段,.38,都市：住,100000,920,持分移轉,04580000
RPRPMLKLIIPFFDH68EB,金龍段,27.82,都市：住,100000,576,持分移轉,00140000
RPSQMLTKIIPFFDH86CB,大金山下段大金山下小段,15.14,都市：住,100000,216,持分移轉,00100000
RPPQMLMLIIPFFDH58CB,大金山下段大金山下小段,21.87,都市：住,100000,312,持分移轉,00100000
RPPOMLNLIIPFFDH48CB,大金山下段大金山下小段,21.73,都市：住,100000,310,持分移轉,00100000
RPSPMLKLIIPFFDH78EB,金龍段,17.44,都市：住,100000,361,持分移轉,00140000
RPSSMLMLIIPFFDH09CB,大金山下段大金山下小段,21.73,都市：住,100000,310,持分移轉,00100000
RPOOMLNLIIPFFDH38CB,大金山下段大金山下小段,21.73,都市：住,100000,310,持分移轉,00100000
RPRQMLRLIIPFFDH66CB,大金山下段大金山下小段,21.73,都市：住,100000,310,持分移轉,00100000
RPVOMLRLIIPFFDH86CB,大金山下段大金山下小段,15.91,都市：住,100000,227,持分移轉,00100000
RPXUMLSLIIPFFDH77CB,大金山下段大金山下小段,14.86,都市：住,100000,212,持分移轉,00100000
RPTTMLSLIIPFFDH27CB,大金山下段大金山下小段,21.73,都市：住,100000,310,持分移轉,00100000
RPOUMLSLIIPFFDH86CB,大金山下段大金山下小段,14.86,都市：住,100000,212,持分移轉,00100000
RPXNNLSLIIPFFDH17CB,大金山下段大金山下小段,15.14,都市：住,100000,216,持分移轉,00100000
RPOONLSLIIPFFDH98CB,大金山下段大金山下小段,15.14,都市：住,100000,216,持分移轉,00100000
RPQPOLQKJIPFFBH56EB,青昇段,23.59,都市：住,100000,293,持分移轉,04020000
RPWNMLSLIIPFFFH37EB,興仁段,18.52,都市：商,10000,75,持分移轉,05840000
RPSPOLQKJIPFFBH76EB,青昇段,18.36,都市：住,100000,228,持分移轉,04020000
RPTPMLTLIIPFFDH96CB,大金山下段大金山下小段,21.80,都市：住,100000,311,持分移轉,00100000
RPRPMLTLIIPFFDH76CB,大金山下段大金山下小段,21.80,都市：住,100000,311,持分移轉,00100000
RPPPOLQKJIPFFBH09EB,青昇段,18.36,都市：住,100000,228,持分移轉,04020000
RPSOMLQKJIPFFBH88CB,仁祥段,12.92,都市：商,10000,37,持分移轉,08960000
RPPOMLQKJIPFFBH58CB,仁祥段,28.98,都市：商,10000,83,持分移轉,08960000
RPRPOLQKJIPFFBH66EB,青昇段,27.70,都市：住,100000,344,持分移轉,04020000
RPROMLQKJIPFFBH78CB,仁祥段,17.46,都市：商,10000,50,持分移轉,08960000
RPTOMLQKJIPFFBH98CB,仁祥段,12.92,都市：商,10000,37,持分移轉,08960000
RPVOMLQKJIPFFBH56CB,仁祥段,17.80,都市：商,10000,51,持分移轉,08960000
RPUOMLQKJIPFFBH09CB,仁祥段,12.57,都市：商,10000,36,持分移轉,08960000
RPQPMLQKJIPFFBH78CB,仁祥段,17.80,都市：商,10000,51,持分移轉,08960000
RPXOMLQKJIPFFBH76CB,仁祥段,17.80,都市：商,10000,51,持分移轉,08960000
RPOPMLQKJIPFFBH58CB,仁祥段,17.80,都市：商,10000,51,持分移轉,08960000
RPWOMLQKJIPFFBH66CB,仁祥段,17.80,都市：商,10000,51,持分移轉,08960000
RPRPMLQKJIPFFBH88CB,仁祥段,17.80,都市：商,10000,51,持分移轉,08960000
RPPPMLQKJIPFFBH68CB,仁祥段,17.80,都市：商,10000,51,持分移轉,08960000
RPTPMLQKJIPFFBH09CB,仁祥段,17.80,都市：商,10000,51,持分移轉,08960000
RPVPMLQKJIPFFBH66CB,仁祥段,17.80,都市：商,10000,51,持分移轉,08960000
RPUPMLQKJIPFFBH56CB,仁祥段,17.80,都市：商,10000,51,持分移轉,08960000
RPSPMLQKJIPFFBH98CB,仁祥段,17.80,都市：商,10000,51,持分移轉,08960000
RPOQMLQKJIPFFBH68CB,仁祥段,13.27,都市：商,10000,38,持分移轉,08960000
RPXPMLQKJIPFFBH86CB,仁祥段,17.80,都市：商,10000,51,持分移轉,08960000
RPWPMLQKJIPFFBH76CB,仁祥段,17.80,都市：商,10000,51,持分移轉,08960000
RPQQMLQKJIPFFBH88CB,仁祥段,13.27,都市：商,10000,38,持分移轉,08960000
RPPQMLQKJIPFFBH78CB,仁祥段,13.27,都市：商,10000,38,持分移轉,08960000
RPUQMLQKJIPFFBH66CB,仁祥段,13.27,都市：商,10000,38,持分移轉,08960000
RPRQMLQKJIPFFBH98CB,仁祥段,13.27,都市：商,10000,38,持分移轉,08960000
RPSQMLQKJIPFFBH09CB,仁祥段,13.27,都市：商,10000,38,持分移轉,08960000
RPTQMLQKJIPFFBH56CB,仁祥段,13.27,都市：商,10000,38,持分移轉,08960000
RPVQMLQKJIPFFBH76CB,仁祥段,13.27,都市：商,10000,38,持分移轉,08960000
RPXQMLQKJIPFFBH96CB,仁祥段,13.27,都市：商,10000,38,持分移轉,08960000
RPWQMLQKJIPFFBH86CB,仁祥段,13.27,都市：商,10000,38,持分移轉,08960000
RPPRMLQKJIPFFBH88CB,仁祥段,13.27,都市：商,10000,38,持分移轉,08960000
RPORMLQKJIPFFBH78CB,仁祥段,13.27,都市：商,10000,38,持分移轉,08960000
RPQRMLQKJIPFFBH98CB,仁祥段,12.57,都市：商,10000,36,持分移轉,08960000
RPRRMLQKJIPFFBH09CB,仁祥段,12.57,都市：商,10000,36,持分移轉,08960000
RPSRMLQKJIPFFBH56CB,仁祥段,12.22,都市：商,10000,35,持分移轉,08960000
RPVRMLQKJIPFFBH86CB,仁祥段,12.22,都市：商,10000,35,持分移轉,08960000
RPTRMLQKJIPFFBH66CB,仁祥段,12.57,都市：商,10000,36,持分移轉,08960000
RPURMLQKJIPFFBH76CB,仁祥段,12.57,都市：商,10000,36,持分移轉,08960000
RPWRMLQKJIPFFBH96CB,仁祥段,12.57,都市：商,10000,36,持分移轉,08960000
RPXRMLQKJIPFFBH07CB,仁祥段,12.57,都市：商,10000,36,持分移轉,08960000
RPPSMLQKJIPFFBH98CB,仁祥段,12.57,都市：商,10000,36,持分移轉,08960000
RPOSMLQKJIPFFBH88CB,仁祥段,12.57,都市：商,10000,36,持分移轉,08960000
RPSSMLQKJIPFFBH66CB,仁祥段,12.57,都市：商,10000,36,持分移轉,08960000
RPQSMLQKJIPFFBH09CB,仁祥段,12.57,都市：商,10000,36,持分移轉,08960000
RPTSMLQKJIPFFBH76CB,仁祥段,17.46,都市：商,10000,50,持分移轉,08960000
RPRSMLQKJIPFFBH56CB,仁祥段,12.57,都市：商,10000,36,持分移轉,08960000
RPVSMLQKJIPFFBH96CB,仁祥段,17.46,都市：商,10000,50,持分移轉,08960000
RPWSMLQKJIPFFBH07CB,仁祥段,17.46,都市：商,10000,50,持分移轉,08960000
RPUSMLQKJIPFFBH86CB,仁祥段,17.46,都市：商,10000,50,持分移轉,08960000
RPXSMLQKJIPFFBH17CB,仁祥段,18.15,都市：商,10000,52,持分移轉,08960000
RPPTMLQKJIPFFBH09CB,仁祥段,18.15,都市：商,10000,52,持分移轉,08960000
RPOTMLQKJIPFFBH98CB,仁祥段,18.15,都市：商,10000,52,持分移轉,08960000
RPQTMLQKJIPFFBH56CB,仁祥段,18.15,都市：商,10000,52,持分移轉,08960000
RPTTMLQKJIPFFBH86CB,仁祥段,18.15,都市：商,10000,52,持分移轉,08960000
RPUTMLQKJIPFFBH96CB,仁祥段,18.15,都市：商,10000,52,持分移轉,08960000
RPWTMLQKJIPFFBH17CB,仁祥段,18.15,都市：商,10000,52,持分移轉,08960000
RPXTMLQKJIPFFBH27CB,仁祥段,21.64,都市：商,10000,62,持分移轉,08960000
RPSTMLQKJIPFFBH76CB,仁祥段,18.15,都市：商,10000,52,持分移轉,08960000
RPOUMLQKJIPFFBH09CB,仁祥段,21.64,都市：商,10000,62,持分移轉,08960000
RPRUMLQKJIPFFBH76CB,仁祥段,18.15,都市：商,10000,52,持分移轉,08960000
RPUUMLQKJIPFFBH07CB,仁祥段,21.64,都市：商,10000,62,持分移轉,08960000
RPPUMLQKJIPFFBH56CB,仁祥段,18.15,都市：商,10000,52,持分移轉,08960000
RPTUMLQKJIPFFBH96CB,仁祥段,18.15,都市：商,10000,52,持分移轉,08960000
RPSUMLQKJIPFFBH86CB,仁祥段,21.64,都市：商,10000,62,持分移轉,08960000
RPWUMLQKJIPFFBH27CB,仁祥段,18.15,都市：商,10000,52,持分移轉,08960000
RPQUMLQKJIPFFBH66CB,仁祥段,21.64,都市：商,10000,62,持分移轉,08960000
RPPVMLQKJIPFFBH66CB,仁祥段,21.64,都市：商,10000,62,持分移轉,08960000
RPOVMLQKJIPFFBH56CB,仁祥段,17.80,都市：商,10000,51,持分移轉,08960000
RPVUMLQKJIPFFBH17CB,仁祥段,18.15,都市：商,10000,52,持分移轉,08960000
RPXUMLQKJIPFFBH37CB,仁祥段,18.15,都市：商,10000,52,持分移轉,08960000
RPSVMLQKJIPFFBH96CB,仁祥段,17.80,都市：商,10000,51,持分移轉,08960000
RPUVMLQKJIPFFBH17CB,仁祥段,17.80,都市：商,10000,51,持分移轉,08960000
RPTVMLQKJIPFFBH07CB,仁祥段,21.64,都市：商,10000,62,持分移轉,08960000
RPRVMLQKJIPFFBH86CB,仁祥段,21.64,都市：商,10000,62,持分移轉,08960000
RPPWMLQKJIPFFBH76CB,仁祥段,17.80,都市：商,10000,51,持分移轉,08960000
RPRWMLQKJIPFFBH96CB,仁祥段,17.46,都市：商,10000,50,持分移轉,08960000
RPWVMLQKJIPFFBH37CB,仁祥段,21.64,都市：商,10000,62,持分移轉,08960000
RPVVMLQKJIPFFBH27CB,仁祥段,21.64,都市：商,10000,62,持分移轉,08960000
RPOWMLQKJIPFFBH66CB,仁祥段,21.64,都市：商,10000,62,持分移轉,08960000
RPSWMLQKJIPFFBH07CB,仁祥段,21.64,都市：商,10000,62,持分移轉,08960000
RPXVMLQKJIPFFBH47CB,仁祥段,17.80,都市：商,10000,51,持分移轉,08960000
RPQWMLQKJIPFFBH86CB,仁祥段,21.64,都市：商,10000,62,持分移轉,08960000
RPUWMLQKJIPFFBH27CB,仁祥段,17.80,都市：商,10000,51,持分移轉,08960000
RPTWMLQKJIPFFBH17CB,仁祥段,21.64,都市：商,10000,62,持分移轉,08960000
RPVWMLQKJIPFFBH37CB,仁祥段,21.64,都市：商,10000,62,持分移轉,08960000
RPXWMLQKJIPFFBH57CB,仁祥段,21.64,都市：商,10000,62,持分移轉,08960000
RPPNNLQKJIPFFBH58CB,仁祥段,21.64,都市：商,10000,62,持分移轉,08960000
RPWWMLQKJIPFFBH47CB,仁祥段,17.80,都市：商,10000,51,持分移轉,08960000
RPQNNLQKJIPFFBH68CB,仁祥段,17.80,都市：商,10000,51,持分移轉,08960000
RPONNLQKJIPFFBH48CB,仁祥段,17.80,都市：商,10000,51,持分移轉,08960000
RPSNNLQKJIPFFBH88CB,仁祥段,17.80,都市：商,10000,51,持分移轉,08960000
RPTNNLQKJIPFFBH98CB,仁祥段,17.80,都市：商,10000,51,持分移轉,08960000
RPRNNLQKJIPFFBH78CB,仁祥段,21.64,都市：商,10000,62,持分移轉,08960000
RPXNNLQKJIPFFBH76CB,仁祥段,21.64,都市：商,10000,62,持分移轉,08960000
RPPONLQKJIPFFBH68CB,仁祥段,21.64,都市：商,10000,62,持分移轉,08960000
RPVNNLQKJIPFFBH56CB,仁祥段,17.80,都市：商,10000,51,持分移轉,08960000
RPOONLQKJIPFFBH58CB,仁祥段,21.64,都市：商,10000,62,持分移轉,08960000
RPUNNLQKJIPFFBH09CB,仁祥段,21.64,都市：商,10000,62,持分移轉,08960000
RPWNNLQKJIPFFBH66CB,仁祥段,17.80,都市：商,10000,51,持分移轉,08960000
RPQONLQKJIPFFBH78CB,仁祥段,21.64,都市：商,10000,62,持分移轉,08960000
RPRONLQKJIPFFBH88CB,仁祥段,21.64,都市：商,10000,62,持分移轉,08960000
RPTONLQKJIPFFBH09CB,仁祥段,21.64,都市：商,10000,62,持分移轉,08960000
RPUONLQKJIPFFBH56CB,仁祥段,13.27,都市：商,10000,38,持分移轉,08960000
RPWONLQKJIPFFBH76CB,仁祥段,13.27,都市：商,10000,38,持分移轉,08960000
RPVONLQKJIPFFBH66CB,仁祥段,12.92,都市：商,10000,37,持分移轉,08960000
RPQPNLQKJIPFFBH88CB,仁祥段,13.27,都市：商,10000,38,持分移轉,08960000
RPOPNLQKJIPFFBH68CB,仁祥段,13.27,都市：商,10000,38,持分移轉,08960000
RPXONLQKJIPFFBH86CB,仁祥段,13.27,都市：商,10000,38,持分移轉,08960000
RPRPNLQKJIPFFBH98CB,仁祥段,13.27,都市：商,10000,38,持分移轉,08960000
RPSPNLQKJIPFFBH09CB,仁祥段,13.27,都市：商,10000,38,持分移轉,08960000
RPTPNLQKJIPFFBH56CB,仁祥段,13.27,都市：商,10000,38,持分移轉,08960000
RPVPNLQKJIPFFBH76CB,仁祥段,13.27,都市：商,10000,38,持分移轉,08960000
RPWPNLQKJIPFFBH86CB,仁祥段,13.27,都市：商,10000,38,持分移轉,08960000
RPXPNLQKJIPFFBH96CB,仁祥段,12.57,都市：商,10000,36,持分移轉,08960000
RPPQNLQKJIPFFBH88CB,仁祥段,12.22,都市：商,10000,35,持分移轉,08960000
RPRQNLQKJIPFFBH09CB,仁祥段,12.57,都市：商,10000,36,持分移轉,08960000
RPSQNLQKJIPFFBH56CB,仁祥段,12.57,都市：商,10000,36,持分移轉,08960000
RPPPNLQKJIPFFBH78CB,仁祥段,13.27,都市：商,10000,38,持分移轉,08960000
RPUPNLQKJIPFFBH66CB,仁祥段,13.27,都市：商,10000,38,持分移轉,08960000
RPOQNLQKJIPFFBH78CB,仁祥段,12.57,都市：商,10000,36,持分移轉,08960000
RPUQNLQKJIPFFBH76CB,仁祥段,12.57,都市：商,10000,36,持分移轉,08960000
RPQQNLQKJIPFFBH98CB,仁祥段,12.57,都市：商,10000,36,持分移轉,08960000
RPTQNLQKJIPFFBH66CB,仁祥段,12.57,都市：商,10000,36,持分移轉,08960000
RPWQNLQKJIPFFBH96CB,仁祥段,12.57,都市：商,10000,36,持分移轉,08960000
RPVQNLQKJIPFFBH86CB,仁祥段,12.22,都市：商,10000,35,持分移轉,08960000
RPORNLQKJIPFFBH88CB,仁祥段,12.57,都市：商,10000,36,持分移轉,08960000
RPXQNLQKJIPFFBH07CB,仁祥段,12.57,都市：商,10000,36,持分移轉,08960000
RPQRNLQKJIPFFBH09CB,仁祥段,12.57,都市：商,10000,36,持分移轉,08960000
RPPRNLQKJIPFFBH98CB,仁祥段,12.57,都市：商,10000,36,持分移轉,08960000
RPRRNLQKJIPFFBH56CB,仁祥段,18.85,都市：商,10000,54,持分移轉,08960000
RPURNLQKJIPFFBH86CB,仁祥段,18.85,都市：商,10000,54,持分移轉,08960000
RPTRNLQKJIPFFBH76CB,仁祥段,17.80,都市：商,10000,51,持分移轉,08960000
RPWRNLQKJIPFFBH07CB,仁祥段,17.80,都市：商,10000,51,持分移轉,08960000
RPVRNLQKJIPFFBH96CB,仁祥段,18.85,都市：商,10000,54,持分移轉,08960000
RPXRNLQKJIPFFBH17CB,仁祥段,17.80,都市：商,10000,51,持分移轉,08960000
RPPSNLQKJIPFFBH09CB,仁祥段,18.85,都市：商,10000,54,持分移轉,08960000
RPOSNLQKJIPFFBH98CB,仁祥段,18.85,都市：商,10000,54,持分移轉,08960000
RPQSNLQKJIPFFBH56CB,仁祥段,18.85,都市：商,10000,54,持分移轉,08960000
RPRSNLQKJIPFFBH66CB,仁祥段,17.80,都市：商,10000,51,持分移轉,08960000
RPSSNLQKJIPFFBH76CB,仁祥段,18.85,都市：商,10000,54,持分移轉,08960000
RPUSNLQKJIPFFBH96CB,仁祥段,18.85,都市：商,10000,54,持分移轉,08960000
RPTSNLQKJIPFFBH86CB,仁祥段,18.85,都市：商,10000,54,持分移轉,08960000
RPXSNLQKJIPFFBH27CB,仁祥段,18.85,都市：商,10000,54,持分移轉,08960000
RPVSNLQKJIPFFBH07CB,仁祥段,17.80,都市：商,10000,51,持分移轉,08960000
RPPTNLQKJIPFFBH56CB,仁祥段,18.85,都市：商,10000,54,持分移轉,08960000
RPRTNLQKJIPFFBH76CB,仁祥段,17.80,都市：商,10000,51,持分移轉,08960000
RPOTNLQKJIPFFBH09CB,仁祥段,17.80,都市：商,10000,51,持分移轉,08960000
RPWSNLQKJIPFFBH17CB,仁祥段,18.85,都市：商,10000,54,持分移轉,08960000
RPQTNLQKJIPFFBH66CB,仁祥段,18.85,都市：商,10000,54,持分移轉,08960000
RPSTNLQKJIPFFBH86CB,仁祥段,17.80,都市：商,10000,51,持分移轉,08960000
RPUTNLQKJIPFFBH07CB,仁祥段,17.80,都市：商,10000,51,持分移轉,08960000
RPVTNLQKJIPFFBH17CB,仁祥段,17.80,都市：商,10000,51,持分移轉,08960000
RPTTNLQKJIPFFBH96CB,仁祥段,17.80,都市：商,10000,51,持分移轉,08960000
RPXTNLQKJIPFFBH37CB,仁祥段,17.80,都市：商,10000,51,持分移轉,08960000
RPPUNLQKJIPFFBH66CB,仁祥段,17.80,都市：商,10000,51,持分移轉,08960000
RPOUNLQKJIPFFBH56CB,仁祥段,17.80,都市：商,10000,51,持分移轉,08960000
RPQUNLQKJIPFFBH76CB,仁祥段,17.80,都市：商,10000,51,持分移轉,08960000
RPSUNLQKJIPFFBH96CB,仁祥段,17.80,都市：商,10000,51,持分移轉,08960000
RPRUNLQKJIPFFBH86CB,仁祥段,17.80,都市：商,10000,51,持分移轉,08960000
RPWTNLQKJIPFFBH27CB,仁祥段,17.80,都市：商,10000,51,持分移轉,08960000
RPVUNLQKJIPFFBH27CB,仁祥段,17.80,都市：商,10000,51,持分移轉,08960000
RPTUNLQKJIPFFBH07CB,仁祥段,17.80,都市：商,10000,51,持分移轉,08960000
RPXUNLQKJIPFFBH47CB,仁祥段,17.80,都市：商,10000,51,持分移轉,08960000
RPUUNLQKJIPFFBH17CB,仁祥段,17.80,都市：商,10000,51,持分移轉,08960000
RPPVNLQKJIPFFBH76CB,仁祥段,17.80,都市：商,10000,51,持分移轉,08960000
RPQVNLQKJIPFFBH86CB,仁祥段,17.80,都市：商,10000,51,持分移轉,08960000
RPWUNLQKJIPFFBH37CB,仁祥段,17.46,都市：商,10000,50,持分移轉,08960000
RPOVNLQKJIPFFBH66CB,仁祥段,17.80,都市：商,10000,51,持分移轉,08960000
RPSVNLQKJIPFFBH07CB,仁祥段,17.80,都市：商,10000,51,持分移轉,08960000
RPRVNLQKJIPFFBH96CB,仁祥段,17.46,都市：商,10000,50,持分移轉,08960000
RPTVNLQKJIPFFBH17CB,仁祥段,17.80,都市：商,10000,51,持分移轉,08960000
RPVVNLQKJIPFFBH37CB,仁祥段,17.80,都市：商,10000,51,持分移轉,08960000
RPXVNLQKJIPFFBH57CB,仁祥段,17.80,都市：商,10000,51,持分移轉,08960000
RPOWNLQKJIPFFBH76CB,仁祥段,17.80,都市：商,10000,51,持分移轉,08960000
RPWVNLQKJIPFFBH47CB,仁祥段,17.80,都市：商,10000,51,持分移轉,08960000
RPQWNLQKJIPFFBH96CB,仁祥段,17.80,都市：商,10000,51,持分移轉,08960000
RPPWNLQKJIPFFBH86CB,仁祥段,17.80,都市：商,10000,51,持分移轉,08960000
RPRWNLQKJIPFFBH07CB,仁祥段,17.80,都市：商,10000,51,持分移轉,08960000
RPSWNLQKJIPFFBH17CB,仁祥段,17.80,都市：商,10000,51,持分移轉,08960000
RPTWNLQKJIPFFBH27CB,仁祥段,17.80,都市：商,10000,51,持分移轉,08960000
RPUWNLQKJIPFFBH37CB,仁祥段,20.95,都市：商,10000,60,持分移轉,08960000
RPVWNLQKJIPFFBH47CB,仁祥段,30.72,都市：商,10000,88,持分移轉,08960000
RPWWNLQKJIPFFBH57CB,仁祥段,18.50,都市：商,10000,53,持分移轉,08960000
RPXWNLQKJIPFFBH67CB,仁祥段,27.58,都市：商,10000,79,持分移轉,08960000
RPONOLQKJIPFFBH58CB,仁祥段,18.15,都市：商,10000,52,持分移轉,08960000
RPPNOLQKJIPFFBH68CB,仁祥段,18.15,都市：商,10000,52,持分移轉,08960000
RPQNOLQKJIPFFBH78CB,仁祥段,19.55,都市：商,10000,56,持分移轉,08960000
RPRNOLQKJIPFFBH88CB,仁祥段,17.80,都市：商,10000,51,持分移轉,08960000
RPTNOLQKJIPFFBH09CB,仁祥段,18.15,都市：商,10000,52,持分移轉,08960000
RPWNOLQKJIPFFBH76CB,仁祥段,18.15,都市：商,10000,52,持分移轉,08960000
RPSNOLQKJIPFFBH98CB,仁祥段,20.95,都市：商,10000,60,持分移轉,08960000
RPUNOLQKJIPFFBH56CB,仁祥段,18.15,都市：商,10000,52,持分移轉,08960000
RPXNOLQKJIPFFBH86CB,仁祥段,18.15,都市：商,10000,52,持分移轉,08960000
RPQOOLQKJIPFFBH88CB,仁祥段,18.15,都市：商,10000,52,持分移轉,08960000
RPOOOLQKJIPFFBH68CB,仁祥段,18.15,都市：商,10000,52,持分移轉,08960000
RPROOLQKJIPFFBH98CB,仁祥段,18.15,都市：商,10000,52,持分移轉,08960000
RPSOMLSKJIPFFBH09CB,仁祥段,21.64,都市：商,10000,62,持分移轉,08960000
RPTOMLSKJIPFFBH56CB,仁祥段,21.64,都市：商,10000,62,持分移轉,08960000
RPPOOLQKJIPFFBH78CB,仁祥段,18.15,都市：商,10000,52,持分移轉,08960000
RPQRMLRLJIPFFAH09CB,同安段,33.34,都市：住,100000,505,持分移轉,15060000
RPSOOLQKJIPFFBH09CB,仁祥段,18.15,都市：商,10000,52,持分移轉,08960000
RPSRMLRLJIPFFAH66CB,同安段,33.34,都市：住,100000,505,持分移轉,15060000
RPTRMLRLJIPFFAH76CB,同安段,33.34,都市：住,100000,505,持分移轉,15060000
RPURMLRLJIPFFAH86CB,同安段,33.34,都市：住,100000,505,持分移轉,15060000
RPXRMLRLJIPFFAH17CB,同安段,33.34,都市：住,100000,505,持分移轉,15060000
RPVRMLRLJIPFFAH96CB,同安段,33.34,都市：住,100000,505,持分移轉,15060000
RPOSMLRLJIPFFAH98CB,同安段,33.34,都市：住,100000,505,持分移轉,15060000
RPWRMLRLJIPFFAH07CB,同安段,33.34,都市：住,100000,505,持分移轉,15060000
RPUOMLOJKIPFFAH78CB,同安段,31.53,都市：住,100000,2239,持分移轉,15080000
RPTOMLOJKIPFFAH68CB,同安段,31.53,都市：住,100000,2239,持分移轉,15080000
RPROMLOJKIPFFAH48CB,同安段,31.53,都市：住,100000,2239,持分移轉,15080000
RPQOMLOJKIPFFAH38CB,同安段,31.53,都市：住,100000,2239,持分移轉,15080000
RPSOMLOJKIPFFAH58CB,同安段,31.53,都市：住,100000,2239,持分移轉,15080000
RPWOMLOJKIPFFAH98CB,同安段,31.53,都市：住,100000,2239,持分移轉,15080000
RPVOMLOJKIPFFAH88CB,同安段,31.53,都市：住,100000,2239,持分移轉,15080000
RPPPMLOJKIPFFAH38CB,同安段,38.69,都市：住,100000,2748,持分移轉,15080000
RPOPMLOJKIPFFAH28CB,同安段,31.79,都市：住,100000,2258,持分移轉,15080000
RPXOMLOJKIPFFAH09CB,同安段,31.53,都市：住,100000,2239,持分移轉,15080000
RPQPMLOJKIPFFAH48CB,同安段,28.05,都市：住,100000,1992,持分移轉,15080000
RPUPMLOJKIPFFAH88CB,同安段,28.05,都市：住,100000,1992,持分移轉,15080000
RPVPMLOJKIPFFAH98CB,同安段,28.05,都市：住,100000,1992,持分移轉,15080000
RPSPMLOJKIPFFAH68CB,同安段,28.05,都市：住,100000,1992,持分移轉,15080000
RPWPMLOJKIPFFAH09CB,同安段,28.05,都市：住,100000,1992,持分移轉,15080000
RPTPMLOJKIPFFAH78CB,同安段,28.05,都市：住,100000,1992,持分移轉,15080000
RPRPMLOJKIPFFAH58CB,同安段,28.05,都市：住,100000,1992,持分移轉,15080000
RPXPMLOJKIPFFAH56CB,同安段,31.53,都市：住,100000,2239,持分移轉,15080000
RPOQMLOJKIPFFAH38CB,同安段,31.53,都市：住,100000,2239,持分移轉,15080000
RPPQMLOJKIPFFAH48CB,同安段,31.53,都市：住,100000,2239,持分移轉,15080000
RPQQMLOJKIPFFAH58CB,同安段,31.53,都市：住,100000,2239,持分移轉,15080000
RPUQMLOJKIPFFAH98CB,同安段,31.79,都市：住,100000,2258,持分移轉,15080000
RPSQMLOJKIPFFAH78CB,同安段,31.53,都市：住,100000,2239,持分移轉,15080000
RPWQMLOJKIPFFAH56CB,同安段,29.88,都市：住,100000,2122,持分移轉,15080000
RPTQMLOJKIPFFAH88CB,同安段,31.53,都市：住,100000,2239,持分移轉,15080000
RPRQMLOJKIPFFAH68CB,同安段,31.53,都市：住,100000,2239,持分移轉,15080000
RPXQMLOJKIPFFAH66CB,同安段,29.88,都市：住,100000,2122,持分移轉,15080000
RPVQMLOJKIPFFAH09CB,同安段,29.82,都市：住,100000,2118,持分移轉,15080000
RPORMLOJKIPFFAH48CB,同安段,29.88,都市：住,100000,2122,持分移轉,15080000
RPPRMLOJKIPFFAH58CB,同安段,29.88,都市：住,100000,2122,持分移轉,15080000
RPRRMLOJKIPFFAH78CB,同安段,29.88,都市：住,100000,2122,持分移轉,15080000
RPQRMLOJKIPFFAH68CB,同安段,29.88,都市：住,100000,2122,持分移轉,15080000
RPSRMLOJKIPFFAH88CB,同安段,29.88,都市：住,100000,2122,持分移轉,15080000
RPXRMLOJKIPFFAH76CB,同安段,29.88,都市：住,100000,2122,持分移轉,15080000
RPWRMLOJKIPFFAH66CB,同安段,29.88,都市：住,100000,2122,持分移轉,15080000
RPOSMLOJKIPFFAH58CB,同安段,29.88,都市：住,100000,2122,持分移轉,15080000
RPPSMLOJKIPFFAH68CB,同安段,29.88,都市：住,100000,2122,持分移轉,15080000
RPTRMLOJKIPFFAH98CB,同安段,29.82,都市：住,100000,2118,持分移轉,15080000
RPURMLOJKIPFFAH09CB,同安段,29.88,都市：住,100000,2122,持分移轉,15080000
RPWSMLOJKIPFFAH76CB,同安段,29.88,都市：住,100000,2122,持分移轉,15080000
RPRTMLOJKIPFFAH98CB,同安段,18.68,都市：住,100000,283,持分移轉,15060000
RPPTMLOJKIPFFAH78CB,同安段,33.34,都市：住,100000,505,持分移轉,15060000
RPUTMLOJKIPFFAH66CB,同安段,18.68,都市：住,100000,283,持分移轉,15060000
RPQTMLOJKIPFFAH88CB,同安段,33.34,都市：住,100000,505,持分移轉,15060000
RPSTMLOJKIPFFAH09CB,同安段,18.68,都市：住,100000,283,持分移轉,15060000
RPXTMLOJKIPFFAH96CB,同安段,18.68,都市：住,100000,283,持分移轉,15060000
RPWTMLOJKIPFFAH86CB,同安段,18.68,都市：住,100000,283,持分移轉,15060000
RPVTMLOJKIPFFAH76CB,同安段,18.68,都市：住,100000,283,持分移轉,15060000
RPTTMLOJKIPFFAH56CB,同安段,18.68,都市：住,100000,283,持分移轉,15060000
RPOUMLOJKIPFFAH78CB,同安段,18.68,都市：住,100000,283,持分移轉,15060000
RPQUMLOJKIPFFAH98CB,同安段,18.68,都市：住,100000,283,持分移轉,15060000
RPPUMLOJKIPFFAH88CB,同安段,18.68,都市：住,100000,283,持分移轉,15060000
RPVUMLOJKIPFFAH86CB,同安段,32.15,都市：住,100000,487,持分移轉,15060000
RPRUMLOJKIPFFAH09CB,同安段,18.68,都市：住,100000,283,持分移轉,15060000
RPTUMLOJKIPFFAH66CB,同安段,32.15,都市：住,100000,487,持分移轉,15060000
RPSUMLOJKIPFFAH56CB,同安段,18.68,都市：住,100000,283,持分移轉,15060000
RPWUMLOJKIPFFAH96CB,同安段,32.15,都市：住,100000,487,持分移轉,15060000
RPUUMLOJKIPFFAH76CB,同安段,32.15,都市：住,100000,487,持分移轉,15060000
RPXUMLOJKIPFFAH07CB,同安段,32.15,都市：住,100000,487,持分移轉,15060000
RPPVMLOJKIPFFAH98CB,同安段,32.15,都市：住,100000,487,持分移轉,15060000
RPQVMLOJKIPFFAH09CB,同安段,32.15,都市：住,100000,487,持分移轉,15060000
RPOVMLOJKIPFFAH88CB,同安段,32.15,都市：住,100000,487,持分移轉,15060000
RPRVMLOJKIPFFAH56CB,同安段,32.95,都市：住,100000,499,持分移轉,15060000
RPSVMLOJKIPFFAH66CB,同安段,33.34,都市：住,100000,505,持分移轉,15060000
RPTVMLOJKIPFFAH76CB,同安段,33.34,都市：住,100000,505,持分移轉,15060000
RPVVMLOJKIPFFAH96CB,同安段,33.34,都市：住,100000,505,持分移轉,15060000
RPWVMLOJKIPFFAH07CB,同安段,33.34,都市：住,100000,505,持分移轉,15060000
RPOWMLOJKIPFFAH98CB,同安段,33.34,都市：住,100000,505,持分移轉,15060000
RPXVMLOJKIPFFAH17CB,同安段,33.34,都市：住,100000,505,持分移轉,15060000
RPPWMLOJKIPFFAH09CB,同安段,33.34,都市：住,100000,505,持分移轉,15060000
RPQWMLOJKIPFFAH56CB,同安段,33.34,都市：住,100000,505,持分移轉,15060000
RPRWMLOJKIPFFAH66CB,同安段,33.34,都市：住,100000,505,持分移轉,15060000
RPSWMLOJKIPFFAH76CB,同安段,33.34,都市：住,100000,505,持分移轉,15060000
RPTWMLOJKIPFFAH86CB,同安段,18.68,都市：住,100000,283,持分移轉,15060000
RPVWMLOJKIPFFAH07CB,同安段,18.68,都市：住,100000,283,持分移轉,15060000
RPUWMLOJKIPFFAH96CB,同安段,18.68,都市：住,100000,283,持分移轉,15060000
RPWWMLOJKIPFFAH17CB,同安段,18.68,都市：住,100000,283,持分移轉,15060000
RPPNNLOJKIPFFAH28CB,同安段,18.68,都市：住,100000,283,持分移轉,15060000
RPQNNLOJKIPFFAH38CB,同安段,18.68,都市：住,100000,283,持分移轉,15060000
RPXWMLOJKIPFFAH27CB,同安段,18.68,都市：住,100000,283,持分移轉,15060000
RPRNNLOJKIPFFAH48CB,同安段,18.68,都市：住,100000,283,持分移轉,15060000
RPONNLOJKIPFFAH18CB,同安段,18.68,都市：住,100000,283,持分移轉,15060000
RPSNNLOJKIPFFAH58CB,同安段,18.68,都市：住,100000,283,持分移轉,15060000
RPXNNLOJKIPFFAH09CB,同安段,32.15,都市：住,100000,487,持分移轉,15060000
RPTNNLOJKIPFFAH68CB,同安段,18.68,都市：住,100000,283,持分移轉,15060000
RPVNNLOJKIPFFAH88CB,同安段,32.15,都市：住,100000,487,持分移轉,15060000
RPUNNLOJKIPFFAH78CB,同安段,18.68,都市：住,100000,283,持分移轉,15060000
RPPONLOJKIPFFAH38CB,同安段,32.15,都市：住,100000,487,持分移轉,15060000
RPQONLOJKIPFFAH48CB,同安段,32.15,都市：住,100000,487,持分移轉,15060000
RPOONLOJKIPFFAH28CB,同安段,32.15,都市：住,100000,487,持分移轉,15060000
RPWNNLOJKIPFFAH98CB,同安段,32.15,都市：住,100000,487,持分移轉,15060000
RPRONLOJKIPFFAH58CB,同安段,32.15,都市：住,100000,487,持分移轉,15060000
RPSONLOJKIPFFAH68CB,同安段,32.15,都市：住,100000,487,持分移轉,15060000
RPTONLOJKIPFFAH78CB,同安段,32.15,都市：住,100000,487,持分移轉,15060000
RPVONLOJKIPFFAH98CB,同安段,38.95,都市：住,100000,590,持分移轉,15060000
RPUONLOJKIPFFAH88CB,同安段,32.15,都市：住,100000,487,持分移轉,15060000
RPWONLOJKIPFFAH09CB,,39.48,都市：住,100000,598,持分移轉,15060000
RPXONLOJKIPFFAH56CB,同安段,39.48,都市：住,100000,598,持分移轉,15060000
RPOPNLOJKIPFFAH38CB,同安段,39.48,都市：住,100000,598,持分移轉,15060000
RPPPNLOJKIPFFAH48CB,同安段,39.48,都市：住,100000,598,持分移轉,15060000
RPQPNLOJKIPFFAH58CB,同安段,39.48,都市：住,100000,598,持分移轉,15060000
RPRPNLOJKIPFFAH68CB,同安段,39.48,都市：住,100000,598,持分移轉,15060000
RPSPNLOJKIPFFAH78CB,同安段,39.48,都市：住,100000,598,持分移轉,15060000
RPUPNLOJKIPFFAH98CB,同安段,39.42,都市：住,100000,597,持分移轉,15060000
RPTPNLOJKIPFFAH88CB,同安段,39.42,都市：住,100000,597,持分移轉,15060000
RPVPNLOJKIPFFAH09CB,同安段,39.42,都市：住,100000,597,持分移轉,15060000
RPXPNLOJKIPFFAH66CB,同安段,39.42,都市：住,100000,597,持分移轉,15060000
RPQQNLOJKIPFFAH68CB,同安段,30.04,都市：住,100000,455,持分移轉,15060000
RPOQNLOJKIPFFAH48CB,同安段,39.42,都市：住,100000,597,持分移轉,15060000
RPSQNLOJKIPFFAH88CB,同安段,30.04,都市：住,100000,455,持分移轉,15060000
RPWPNLOJKIPFFAH56CB,同安段,39.42,都市：住,100000,597,持分移轉,15060000
RPPQNLOJKIPFFAH58CB,同安段,30.04,都市：住,100000,455,持分移轉,15060000
RPRQNLOJKIPFFAH78CB,同安段,30.04,都市：住,100000,455,持分移轉,15060000
RPXQNLOJKIPFFAH76CB,同安段,30.04,都市：住,100000,455,持分移轉,15060000
RPUQNLOJKIPFFAH09CB,同安段,30.04,都市：住,100000,455,持分移轉,15060000
RPPRNLOJKIPFFAH68CB,同安段,22.45,都市：住,100000,340,持分移轉,15060000
RPTQNLOJKIPFFAH98CB,同安段,30.04,都市：住,100000,455,持分移轉,15060000
RPVQNLOJKIPFFAH56CB,同安段,30.04,都市：住,100000,455,持分移轉,15060000
RPWQNLOJKIPFFAH66CB,同安段,30.04,都市：住,100000,455,持分移轉,15060000
RPORNLOJKIPFFAH58CB,同安段,22.45,都市：住,100000,340,持分移轉,15060000
RPTRNLOJKIPFFAH09CB,同安段,22.45,都市：住,100000,340,持分移轉,15060000
RPQRNLOJKIPFFAH78CB,同安段,22.45,都市：住,100000,340,持分移轉,15060000
RPRRNLOJKIPFFAH88CB,同安段,22.45,都市：住,100000,340,持分移轉,15060000
RPVRNLOJKIPFFAH66CB,同安段,22.45,都市：住,100000,340,持分移轉,15060000
RPSRNLOJKIPFFAH98CB,同安段,22.45,都市：住,100000,340,持分移轉,15060000
RPWRNLOJKIPFFAH76CB,同安段,22.45,都市：住,100000,340,持分移轉,15060000
RPURNLOJKIPFFAH56CB,同安段,22.45,都市：住,100000,340,持分移轉,15060000
RPOSNLOJKIPFFAH68CB,同安段,22.45,都市：住,100000,340,持分移轉,15060000
RPQSNLOJKIPFFAH88CB,同安段,29.58,都市：住,100000,448,持分移轉,15060000
RPXRNLOJKIPFFAH86CB,同安段,22.45,都市：住,100000,340,持分移轉,15060000
RPSSNLOJKIPFFAH09CB,同安段,29.84,都市：住,100000,452,持分移轉,15060000
RPPSNLOJKIPFFAH78CB,同安段,22.45,都市：住,100000,340,持分移轉,15060000
RPRSNLOJKIPFFAH98CB,同安段,29.84,都市：住,100000,452,持分移轉,15060000
RPTSNLOJKIPFFAH56CB,同安段,29.84,都市：住,100000,452,持分移轉,15060000
RPUSNLOJKIPFFAH66CB,同安段,29.84,都市：住,100000,452,持分移轉,15060000
RPWSNLOJKIPFFAH86CB,同安段,29.84,都市：住,100000,452,持分移轉,15060000
RPVSNLOJKIPFFAH76CB,同安段,29.84,都市：住,100000,452,持分移轉,15060000
RPXSNLOJKIPFFAH96CB,同安段,29.84,都市：住,100000,452,持分移轉,15060000
RPOTNLOJKIPFFAH78CB,同安段,29.84,都市：住,100000,452,持分移轉,15060000
RPPTNLOJKIPFFAH88CB,同安段,38.95,都市：住,100000,590,持分移轉,15060000
RPQTNLOJKIPFFAH98CB,同安段,39.48,都市：住,100000,598,持分移轉,15060000
RPRTNLOJKIPFFAH09CB,同安段,39.48,都市：住,100000,598,持分移轉,15060000
RPWTNLOJKIPFFAH96CB,同安段,39.42,都市：住,100000,597,持分移轉,15060000
RPOUNLOJKIPFFAH88CB,同安段,39.42,都市：住,100000,597,持分移轉,15060000
RPUTNLOJKIPFFAH76CB,同安段,39.48,都市：住,100000,598,持分移轉,15060000
RPXTNLOJKIPFFAH07CB,同安段,39.42,都市：住,100000,597,持分移轉,15060000
RPSTNLOJKIPFFAH56CB,同安段,39.48,都市：住,100000,598,持分移轉,15060000
RPTTNLOJKIPFFAH66CB,同安段,39.48,都市：住,100000,598,持分移轉,15060000
RPVTNLOJKIPFFAH86CB,同安段,39.48,都市：住,100000,598,持分移轉,15060000
RPPUNLOJKIPFFAH98CB,同安段,39.42,都市：住,100000,597,持分移轉,15060000
RPQUNLOJKIPFFAH09CB,同安段,39.42,都市：住,100000,597,持分移轉,15060000
RPSUNLOJKIPFFAH66CB,同安段,39.42,都市：住,100000,597,持分移轉,15060000
RPRUNLOJKIPFFAH56CB,同安段,39.42,都市：住,100000,597,持分移轉,15060000
RPUUNLOJKIPFFAH86CB,同安段,39.42,都市：住,100000,597,持分移轉,15060000
RPTUNLOJKIPFFAH76CB,同安段,39.42,都市：住,100000,597,持分移轉,15060000
RPVUNLOJKIPFFAH96CB,同安段,30.04,都市：住,100000,455,持分移轉,15060000
RPOVNLOJKIPFFAH98CB,同安段,30.04,都市：住,100000,455,持分移轉,15060000
RPPVNLOJKIPFFAH09CB,同安段,30.04,都市：住,100000,455,持分移轉,15060000
RPWUNLOJKIPFFAH07CB,同安段,30.04,都市：住,100000,455,持分移轉,15060000
RPQVNLOJKIPFFAH56CB,同安段,30.04,都市：住,100000,455,持分移轉,15060000
RPXUNLOJKIPFFAH17CB,同安段,30.04,都市：住,100000,455,持分移轉,15060000
RPRVNLOJKIPFFAH66CB,同安段,30.04,都市：住,100000,455,持分移轉,15060000
RPSVNLOJKIPFFAH76CB,同安段,30.04,都市：住,100000,455,持分移轉,15060000
RPTVNLOJKIPFFAH86CB,同安段,30.04,都市：住,100000,455,持分移轉,15060000
RPQWNLOJKIPFFAH66CB,同安段,22.45,都市：住,100000,340,持分移轉,15060000
RPOWNLOJKIPFFAH09CB,同安段,22.45,都市：住,100000,340,持分移轉,15060000
RPUVNLOJKIPFFAH96CB,同安段,30.04,都市：住,100000,455,持分移轉,15060000
RPXVNLOJKIPFFAH27CB,同安段,22.45,都市：住,100000,340,持分移轉,15060000
RPWVNLOJKIPFFAH17CB,同安段,22.45,都市：住,100000,340,持分移轉,15060000
RPVVNLOJKIPFFAH07CB,同安段,22.45,都市：住,100000,340,持分移轉,15060000
RPPWNLOJKIPFFAH56CB,同安段,22.45,都市：住,100000,340,持分移轉,15060000
RPRWNLOJKIPFFAH76CB,同安段,22.45,都市：住,100000,340,持分移轉,15060000
RPVWNLOJKIPFFAH17CB,同安段,22.45,都市：住,100000,340,持分移轉,15060000
RPTWNLOJKIPFFAH96CB,同安段,22.45,都市：住,100000,340,持分移轉,15060000
RPUWNLOJKIPFFAH07CB,同安段,22.45,都市：住,100000,340,持分移轉,15060000
RPSWNLOJKIPFFAH86CB,同安段,22.45,都市：住,100000,340,持分移轉,15060000
RPWWNLOJKIPFFAH27CB,同安段,22.45,都市：住,100000,340,持分移轉,15060000
RPONOLOJKIPFFAH28CB,同安段,22.45,都市：住,100000,340,持分移轉,15060000
RPXWNLOJKIPFFAH37CB,同安段,22.45,都市：住,100000,340,持分移轉,15060000
RPQNOLOJKIPFFAH48CB,同安段,29.84,都市：住,100000,452,持分移轉,15060000
RPPNOLOJKIPFFAH38CB,同安段,29.58,都市：住,100000,448,持分移轉,15060000
RPRNOLOJKIPFFAH58CB,同安段,29.84,都市：住,100000,452,持分移轉,15060000
RPSNOLOJKIPFFAH68CB,同安段,29.84,都市：住,100000,452,持分移轉,15060000
RPUNOLOJKIPFFAH88CB,同安段,29.84,都市：住,100000,452,持分移轉,15060000
RPTNOLOJKIPFFAH78CB,同安段,29.84,都市：住,100000,452,持分移轉,15060000
RPVNOLOJKIPFFAH98CB,同安段,29.84,都市：住,100000,452,持分移轉,15060000
RPWNOLOJKIPFFAH09CB,同安段,29.84,都市：住,100000,452,持分移轉,15060000
RPXNOLOJKIPFFAH56CB,同安段,29.84,都市：住,100000,452,持分移轉,15060000
RPQOOLOJKIPFFAH58CB,同安段,32.15,都市：住,100000,487,持分移轉,15060000
RPROOLOJKIPFFAH68CB,同安段,32.15,都市：住,100000,487,持分移轉,15060000
RPPOOLOJKIPFFAH48CB,同安段,32.15,都市：住,100000,487,持分移轉,15060000
RPOOOLOJKIPFFAH38CB,同安段,33.34,都市：住,100000,505,持分移轉,15060000
RPTOOLOJKIPFFAH88CB,同安段,32.15,都市：住,100000,487,持分移轉,15060000
RPVOOLOJKIPFFAH09CB,同安段,39.48,都市：住,100000,598,持分移轉,15060000
RPSOOLOJKIPFFAH78CB,同安段,33.34,都市：住,100000,505,持分移轉,15060000
RPWOOLOJKIPFFAH56CB,同安段,39.42,都市：住,100000,597,持分移轉,15060000
RPUOOLOJKIPFFAH98CB,同安段,32.15,都市：住,100000,487,持分移轉,15060000
RPOPOLOJKIPFFAH48CB,同安段,22.45,都市：住,100000,340,持分移轉,15060000
RPXOOLOJKIPFFAH66CB,同安段,39.42,都市：住,100000,597,持分移轉,15060000
RPVNMLOJKIPFFHH86CB,善捷段,13.60,都市：住,10000,64,持分移轉,01980000
RPXNMLOJKIPFFHH07CB,善捷段,22.10,都市：住,10000,104,持分移轉,01980000
RPPPOLOJKIPFFAH58CB,同安段,29.84,都市：住,100000,452,持分移轉,15060000
RPPPMLTJKIPFFBH09DB,青溪段,31.48,都市：住,100000,1074,持分移轉,03120000
RPWNMLOJKIPFFHH96CB,善捷段,13.60,都市：住,10000,64,持分移轉,01980000
RPUPMLTJKIPFFBH96DB,青溪段,15.80,都市：住,100000,539,持分移轉,03120000
RPQPMLTJKIPFFBH56DB,青溪段,31.45,都市：住,100000,1073,持分移轉,03120000
RPPQMLTJKIPFFBH56DB,青溪段,31.01,都市：住,100000,1058,持分移轉,03120000
RPWPMLTJKIPFFBH17DB,青溪段,15.80,都市：住,100000,539,持分移轉,03120000
RPVRMLTJKIPFFBH27DB,青溪段,31.04,都市：住,100000,1059,持分移轉,03120000
RPPRMLTJKIPFFBH66DB,青溪段,30.36,都市：住,100000,1036,持分移轉,03120000
RPUTMLTJKIPFFBH37DB,青溪段,41.41,都市：住,100000,1413,持分移轉,03120000
RPQRMLTJKIPFFBH76DB,青溪段,15.80,都市：住,100000,539,持分移轉,03120000
RPVUMLTJKIPFFBH57DB,青溪段,15.83,都市：住,100000,540,持分移轉,03120000
RPSUMLTJKIPFFBH27DB,青溪段,30.04,都市：住,100000,1025,持分移轉,03120000
RPWUMLTJKIPFFBH67DB,青溪段,31.48,都市：住,100000,1074,持分移轉,03120000
RPOWMLTJKIPFFBH07DB,青溪段,30.33,都市：住,100000,1035,持分移轉,03120000
RPSVMLTJKIPFFBH37DB,青溪段,31.48,都市：住,100000,1074,持分移轉,03120000
RPUVMLTJKIPFFBH57DB,青溪段,30.01,都市：住,100000,1024,持分移轉,03120000
RPPOMLKKKIPFFBH18DB,青溪段,31.09,都市：住,100000,1061,持分移轉,03120000
RPVPMLKKKIPFFBH88DB,青溪段,31.01,都市：住,100000,1058,持分移轉,03120000
RPXPMLKKKIPFFBH09DB,青溪段,31.45,都市：住,100000,1073,持分移轉,03120000
RPRQMLKKKIPFFBH58DB,青溪段,15.83,都市：住,100000,540,持分移轉,03120000
RPSPMLKKKIPFFBH58DB,青溪段,31.09,都市：住,100000,1061,持分移轉,03120000
RPRRMLKKKIPFFBH68DB,青溪段,31.56,都市：住,100000,1077,持分移轉,03120000
RPXQMLKKKIPFFBH56DB,青溪段,15.80,都市：住,100000,539,持分移轉,03120000
RPPRMLKKKIPFFBH48DB,青溪段,31.45,都市：住,100000,1073,持分移轉,03120000
RPUSMLKKKIPFFBH09DB,青溪段,31.01,都市：住,100000,1058,持分移轉,03120000
RPPTMLKKKIPFFBH68DB,青溪段,15.27,都市：住,100000,521,持分移轉,03120000
RPXSMLKKKIPFFBH76DB,青溪段,15.83,都市：住,100000,540,持分移轉,03120000
RPQTMLKKKIPFFBH78DB,青溪段,30.36,都市：住,100000,1036,持分移轉,03120000
RPXTMLKKKIPFFBH86DB,青溪段,30.36,都市：住,100000,1036,持分移轉,03120000
RPQUMLKKKIPFFBH88DB,青溪段,31.56,都市：住,100000,1077,持分移轉,03120000
RPTUMLKKKIPFFBH56DB,青溪段,31.56,都市：住,100000,1077,持分移轉,03120000
RPOUMLKKKIPFFBH68DB,青溪段,15.27,都市：住,100000,521,持分移轉,03120000
RPUTMLKKKIPFFBH56DB,青溪段,31.45,都市：住,100000,1073,持分移轉,03120000
RPWTMLKKKIPFFBH76DB,青溪段,31.45,都市：住,100000,1073,持分移轉,03120000
RPOVMLKKKIPFFBH78DB,青溪段,15.83,都市：住,100000,540,持分移轉,03120000
RPWUMLKKKIPFFBH86DB,青溪段,31.01,都市：住,100000,1058,持分移轉,03120000
RPQVMLKKKIPFFBH98DB,青溪段,39.92,都市：住,100000,1362,持分移轉,03120000
RPRVMLKKKIPFFBH09DB,青溪段,31.01,都市：住,100000,1058,持分移轉,03120000
RPSVMLKKKIPFFBH56DB,青溪段,15.83,都市：住,100000,540,持分移轉,03120000
RPUVMLKKKIPFFBH76DB,青溪段,31.01,都市：住,100000,1058,持分移轉,03120000
RPTVMLKKKIPFFBH66DB,青溪段,16.29,都市：住,100000,556,持分移轉,03120000
RPXVMLKKKIPFFBH07DB,青溪段,15.83,都市：住,100000,540,持分移轉,03120000
RPOWMLKKKIPFFBH88DB,青溪段,31.48,都市：住,100000,1074,持分移轉,03120000
RPWVMLKKKIPFFBH96DB,青溪段,31.12,都市：住,100000,1062,持分移轉,03120000
