﻿編號,土地位置,土地移轉面積(平方公尺),使用分區或編定,權利人持分分母,權利人持分分子,移轉情形,地號
The serial number, land position,land shifting area square meter,the use zoning or compiles and checks,,,,land parcel
RPRPMLMLIIPFFBJ68CB,站前段,15.94,都市：商,10000,71,持分移轉,05170000
RPTPMLMLIIPFFBJ88CB,站前段,15.94,都市：商,10000,71,持分移轉,05170000
RPQQMLMLIIPFFBJ68CB,站前段,15.94,都市：商,10000,71,持分移轉,05170000
RPUPMLMLIIPFFBJ98CB,站前段,15.94,都市：商,10000,71,持分移轉,05170000
RPOQMLMLIIPFFBJ48CB,站前段,15.94,都市：商,10000,71,持分移轉,05170000
RPVPMLMLIIPFFBJ09CB,站前段,15.94,都市：商,10000,71,持分移轉,05170000
RPRQMLMLIIPFFBJ78CB,站前段,15.94,都市：商,10000,71,持分移轉,05170000
RPSQMLMLIIPFFBJ88CB,站前段,15.94,都市：商,10000,71,持分移轉,05170000
RPPQMLMLIIPFFBJ58CB,站前段,15.94,都市：商,10000,71,持分移轉,05170000
RPWPMLMLIIPFFBJ56CB,站前段,15.94,都市：商,10000,71,持分移轉,05170000
RPWQMLMLIIPFFBJ66CB,站前段,17.28,都市：商,10000,77,持分移轉,05170000
RPTQMLMLIIPFFBJ98CB,站前段,15.94,都市：商,10000,71,持分移轉,05170000
RPVQMLMLIIPFFBJ56CB,站前段,17.28,都市：商,10000,77,持分移轉,05170000
RPQPMLNLIIPFFBJ68CB,站前段,17.28,都市：商,10000,77,持分移轉,05170000
RPXOMLNLIIPFFBJ66CB,站前段,17.28,都市：商,10000,77,持分移轉,05170000
RPSPMLNLIIPFFBJ88CB,站前段,17.28,都市：商,10000,77,持分移轉,05170000
RPPPMLNLIIPFFBJ58CB,站前段,17.28,都市：商,10000,77,持分移轉,05170000
RPTPMLNLIIPFFBJ98CB,站前段,17.28,都市：商,10000,77,持分移轉,05170000
RPRPMLNLIIPFFBJ78CB,站前段,17.28,都市：商,10000,77,持分移轉,05170000
RPPQMLNLIIPFFBJ68CB,站前段,17.28,都市：商,10000,77,持分移轉,05170000
RPXPMLNLIIPFFBJ76CB,站前段,17.28,都市：商,10000,77,持分移轉,05170000
RPWPMLNLIIPFFBJ66CB,站前段,17.28,都市：商,10000,77,持分移轉,05170000
RPOQMLNLIIPFFBJ58CB,站前段,17.28,都市：商,10000,77,持分移轉,05170000
RPRQMLNLIIPFFBJ88CB,站前段,11.90,都市：商,10000,53,持分移轉,05170000
RPVPMLNLIIPFFBJ56CB,站前段,17.28,都市：商,10000,77,持分移轉,05170000
RPSQMLNLIIPFFBJ98CB,站前段,11.90,都市：商,10000,53,持分移轉,05170000
RPUQMLNLIIPFFBJ56CB,站前段,11.90,都市：商,10000,53,持分移轉,05170000
RPQQMLNLIIPFFBJ78CB,站前段,11.90,都市：商,10000,53,持分移轉,05170000
RPTQMLNLIIPFFBJ09CB,站前段,11.90,都市：商,10000,53,持分移轉,05170000
RPTOMLRLIIPFFBJ66CB,站前段,11.90,都市：商,10000,53,持分移轉,05170000
RPVQMLNLIIPFFBJ66CB,站前段,11.90,都市：商,10000,53,持分移轉,05170000
RPVOMLRLIIPFFBJ86CB,站前段,11.90,都市：商,10000,53,持分移轉,05170000
RPPPMLRLIIPFFBJ98CB,站前段,11.67,都市：商,10000,52,持分移轉,05170000
RPWOMLRLIIPFFBJ96CB,站前段,11.90,都市：商,10000,53,持分移轉,05170000
RPXOMLRLIIPFFBJ07CB,站前段,11.90,都市：商,10000,53,持分移轉,05170000
RPRPMLRLIIPFFBJ56CB,站前段,13.24,都市：商,10000,59,持分移轉,05170000
RPOPMLRLIIPFFBJ88CB,站前段,11.90,都市：商,10000,53,持分移轉,05170000
RPQPMLRLIIPFFBJ09CB,站前段,13.24,都市：商,10000,59,持分移轉,05170000
RPTOMLTLIIPFFBJ86CB,站前段,13.24,都市：商,10000,59,持分移轉,05170000
RPUOMLTLIIPFFBJ96CB,站前段,13.24,都市：商,10000,59,持分移轉,05170000
RPPPMLTLIIPFFBJ56CB,站前段,13.24,都市：商,10000,59,持分移轉,05170000
RPVOMLTLIIPFFBJ07CB,站前段,13.24,都市：商,10000,59,持分移轉,05170000
RPSPMLTLIIPFFBJ86CB,站前段,13.24,都市：商,10000,59,持分移轉,05170000
RPXOMLTLIIPFFBJ27CB,站前段,13.24,都市：商,10000,59,持分移轉,05170000
RPWOMLTLIIPFFBJ17CB,站前段,13.24,都市：商,10000,59,持分移轉,05170000
RPQPMLTLIIPFFBJ66CB,站前段,13.24,都市：商,10000,59,持分移轉,05170000
RPRPMLTLIIPFFBJ76CB,站前段,13.24,都市：商,10000,59,持分移轉,05170000
RPUPMLTLIIPFFBJ07CB,站前段,13.24,都市：商,10000,59,持分移轉,05170000
RPXPMLTLIIPFFBJ37CB,站前段,15.94,都市：商,10000,71,持分移轉,05170000
RPWPMLTLIIPFFBJ27CB,站前段,15.94,都市：商,10000,71,持分移轉,05170000
RPXNMLSJJIPFFBJ96CB,站前段,15.94,都市：商,10000,71,持分移轉,05170000
RPVNMLSJJIPFFBJ76CB,站前段,15.94,都市：商,10000,71,持分移轉,05170000
RPOOMLSJJIPFFBJ78CB,站前段,15.94,都市：商,10000,71,持分移轉,05170000
RPTNMLSJJIPFFBJ56CB,站前段,15.94,都市：商,10000,71,持分移轉,05170000
RPWNMLSJJIPFFBJ86CB,站前段,15.94,都市：商,10000,71,持分移轉,05170000
RPOPMLTLIIPFFBJ09CB,站前段,13.24,都市：商,10000,59,持分移轉,05170000
RPUNMLSJJIPFFBJ66CB,站前段,15.94,都市：商,10000,71,持分移轉,05170000
RPQOMLSJJIPFFBJ98CB,站前段,15.94,都市：商,10000,71,持分移轉,05170000
RPSOMLSJJIPFFBJ56CB,站前段,15.94,都市：商,10000,71,持分移轉,05170000
RPPOMLSJJIPFFBJ88CB,站前段,15.94,都市：商,10000,71,持分移轉,05170000
RPTPMLTLIIPFFBJ96CB,站前段,13.24,都市：商,10000,59,持分移轉,05170000
RPUOMLSJJIPFFBJ76CB,站前段,12.79,都市：商,10000,57,持分移轉,05170000
RPTOMLSJJIPFFBJ66CB,站前段,15.94,都市：商,10000,71,持分移轉,05170000
RPROMLSJJIPFFBJ09CB,站前段,15.94,都市：商,10000,71,持分移轉,05170000
RPOQMLTLIIPFFBJ56CB,站前段,15.94,都市：商,10000,71,持分移轉,05170000
RPVOMLSJJIPFFBJ86CB,站前段,12.79,都市：商,10000,57,持分移轉,05170000
RPWOMLSJJIPFFBJ96CB,站前段,12.79,都市：商,10000,57,持分移轉,05170000
RPXOMLSJJIPFFBJ07CB,站前段,12.79,都市：商,10000,57,持分移轉,05170000
RPOPMLSJJIPFFBJ88CB,站前段,12.79,都市：商,10000,57,持分移轉,05170000
RPQPMLSJJIPFFBJ09CB,站前段,12.79,都市：商,10000,57,持分移轉,05170000
RPPPMLSJJIPFFBJ98CB,站前段,12.79,都市：商,10000,57,持分移轉,05170000
RPTPMLSJJIPFFBJ76CB,站前段,12.79,都市：商,10000,57,持分移轉,05170000
RPRPMLSJJIPFFBJ56CB,站前段,12.79,都市：商,10000,57,持分移轉,05170000
RPWPMLSJJIPFFBJ07CB,站前段,12.79,都市：商,10000,57,持分移轉,05170000
RPUPMLSJJIPFFBJ86CB,站前段,12.79,都市：商,10000,57,持分移轉,05170000
RPSPMLSJJIPFFBJ66CB,站前段,12.79,都市：商,10000,57,持分移轉,05170000
RPVPMLSJJIPFFBJ96CB,站前段,12.79,都市：商,10000,57,持分移轉,05170000
RPOQMLSJJIPFFBJ98CB,站前段,17.06,都市：商,10000,76,持分移轉,05170000
RPXPMLSJJIPFFBJ17CB,站前段,12.79,都市：商,10000,57,持分移轉,05170000
RPPQMLSJJIPFFBJ09CB,站前段,17.06,都市：商,10000,76,持分移轉,05170000
RPQQMLSJJIPFFBJ56CB,站前段,17.06,都市：商,10000,76,持分移轉,05170000
RPSQMLSJJIPFFBJ76CB,站前段,17.06,都市：商,10000,76,持分移轉,05170000
RPVQMLSJJIPFFBJ07CB,站前段,17.06,都市：商,10000,76,持分移轉,05170000
RPTQMLSJJIPFFBJ86CB,站前段,17.06,都市：商,10000,76,持分移轉,05170000
RPOOMLTJJIPFFBJ88CB,站前段,17.06,都市：商,10000,76,持分移轉,05170000
RPRQMLSJJIPFFBJ66CB,站前段,17.06,都市：商,10000,76,持分移轉,05170000
RPWNMLTJJIPFFBJ96CB,站前段,17.06,都市：商,10000,76,持分移轉,05170000
RPUQMLSJJIPFFBJ96CB,站前段,17.06,都市：商,10000,76,持分移轉,05170000
RPQOMLTJJIPFFBJ09CB,站前段,17.06,都市：商,10000,76,持分移轉,05170000
RPPOMLTJJIPFFBJ98CB,站前段,17.06,都市：商,10000,76,持分移轉,05170000
RPSOMLTJJIPFFBJ66CB,站前段,17.06,都市：商,10000,76,持分移轉,05170000
RPROMLTJJIPFFBJ56CB,站前段,17.06,都市：商,10000,76,持分移轉,05170000
RPTOMLTJJIPFFBJ76CB,站前段,17.06,都市：商,10000,76,持分移轉,05170000
RPUOMLTJJIPFFBJ86CB,站前段,17.06,都市：商,10000,76,持分移轉,05170000
RPVOMLTJJIPFFBJ96CB,站前段,17.06,都市：商,10000,76,持分移轉,05170000
RPXOMLTJJIPFFBJ17CB,站前段,17.06,都市：商,10000,76,持分移轉,05170000
RPPPMLTJJIPFFBJ09CB,站前段,17.06,都市：商,10000,76,持分移轉,05170000
RPOPMLTJJIPFFBJ98CB,站前段,17.06,都市：商,10000,76,持分移轉,05170000
RPWOMLTJJIPFFBJ07CB,站前段,17.06,都市：商,10000,76,持分移轉,05170000
RPRPMLTJJIPFFBJ66CB,站前段,17.06,都市：商,10000,76,持分移轉,05170000
RPQPMLTJJIPFFBJ56CB,站前段,17.06,都市：商,10000,76,持分移轉,05170000
RPSPMLTJJIPFFBJ76CB,站前段,17.06,都市：商,10000,76,持分移轉,05170000
RPTPMLTJJIPFFBJ86CB,站前段,17.06,都市：商,10000,76,持分移轉,05170000
RPWPMLTJJIPFFBJ17CB,站前段,15.71,都市：商,10000,70,持分移轉,05170000
RPUPMLTJJIPFFBJ96CB,站前段,17.06,都市：商,10000,76,持分移轉,05170000
RPVPMLTJJIPFFBJ07CB,站前段,27.38,都市：商,10000,122,持分移轉,05170000
RPOQMLTJJIPFFBJ09CB,站前段,13.47,都市：商,10000,60,持分移轉,05170000
RPTUMLTJJIPFFBJ37CB,站前段,19.75,都市：商,10000,88,持分移轉,05170000
RPPQMLTJJIPFFBJ56CB,站前段,22.00,都市：商,10000,98,持分移轉,05170000
RPUUMLTJJIPFFBJ47CB,站前段,19.75,都市：商,10000,88,持分移轉,05170000
RPQQMLTJJIPFFBJ66CB,站前段,13.24,都市：商,10000,59,持分移轉,05170000
RPXUMLTJJIPFFBJ77CB,站前段,19.98,都市：商,10000,89,持分移轉,05170000
RPUOMLKKJIPFFBJ68CB,站前段,19.75,都市：商,10000,88,持分移轉,05170000
RPOVMLTJJIPFFBJ96CB,站前段,19.98,都市：商,10000,89,持分移轉,05170000
RPPVMLTJJIPFFBJ07CB,站前段,19.98,都市：商,10000,89,持分移轉,05170000
RPWOMLKKJIPFFBJ88CB,站前段,19.75,都市：商,10000,88,持分移轉,05170000
RPSOMLKKJIPFFBJ48CB,站前段,19.75,都市：商,10000,88,持分移轉,05170000
RPQVMLTJJIPFFBJ17CB,站前段,15.94,都市：商,10000,71,持分移轉,05170000
RPROMLKKJIPFFBJ38CB,站前段,19.75,都市：商,10000,88,持分移轉,05170000
RPTOMLKKJIPFFBJ58CB,站前段,19.75,都市：商,10000,88,持分移轉,05170000
RPOPMLKKJIPFFBJ18CB,站前段,19.75,都市：商,10000,88,持分移轉,05170000
RPVOMLKKJIPFFBJ78CB,站前段,19.75,都市：商,10000,88,持分移轉,05170000
RPXOMLKKJIPFFBJ98CB,站前段,19.75,都市：商,10000,88,持分移轉,05170000
RPRPMLKKJIPFFBJ48CB,站前段,12.79,都市：商,10000,57,持分移轉,05170000
RPVPMLKKJIPFFBJ88CB,站前段,12.79,都市：商,10000,57,持分移轉,05170000
RPPPMLKKJIPFFBJ28CB,站前段,19.75,都市：商,10000,88,持分移轉,05170000
RPUPMLKKJIPFFBJ78CB,站前段,12.79,都市：商,10000,57,持分移轉,05170000
RPQPMLKKJIPFFBJ38CB,站前段,12.79,都市：商,10000,57,持分移轉,05170000
RPTPMLKKJIPFFBJ68CB,站前段,12.79,都市：商,10000,57,持分移轉,05170000
RPQQMLKKJIPFFBJ48CB,站前段,12.79,都市：商,10000,57,持分移轉,05170000
RPWPMLKKJIPFFBJ98CB,站前段,12.79,都市：商,10000,57,持分移轉,05170000
RPXPMLKKJIPFFBJ09CB,站前段,12.79,都市：商,10000,57,持分移轉,05170000
RPRQMLKKJIPFFBJ58CB,站前段,12.79,都市：商,10000,57,持分移轉,05170000
RPOQMLKKJIPFFBJ28CB,站前段,12.79,都市：商,10000,57,持分移轉,05170000
RPTQMLKKJIPFFBJ78CB,站前段,12.79,都市：商,10000,57,持分移轉,05170000
RPSQMLKKJIPFFBJ68CB,站前段,12.79,都市：商,10000,57,持分移轉,05170000
RPUQMLKKJIPFFBJ88CB,站前段,12.79,都市：商,10000,57,持分移轉,05170000
RPPSMLKKJIPFFBJ58CB,站前段,17.06,都市：商,10000,76,持分移轉,05170000
RPPOMLPLJIPFFBJ78CB,站前段,15.94,都市：商,10000,71,持分移轉,05170000
RPOSMLKKJIPFFBJ48CB,站前段,17.06,都市：商,10000,76,持分移轉,05170000
RPQOMLQKJIPFFDJ56DB,中義段,22.62,都市：商,10000,56,持分移轉,02410000
RPQOMLPLJIPFFBJ88CB,站前段,17.28,都市：商,10000,77,持分移轉,05170000
RPXRMLKKJIPFFBJ66CB,站前段,15.94,都市：商,10000,71,持分移轉,05170000
RPROMLPLJIPFFBJ98CB,站前段,11.90,都市：商,10000,53,持分移轉,05170000
RPSOMLPLJIPFFBJ09CB,站前段,11.90,都市：商,10000,53,持分移轉,05170000
RPQNMLPLJIPFFCJ88CB,台泥段,25.07,都市：商,100000,412,持分移轉,00140000
RPSNMLPLJIPFFCJ09CB,台泥段,24.76,都市：商,100000,407,持分移轉,00140000
RPRNMLPLJIPFFCJ98CB,台泥段,24.76,都市：商,100000,407,持分移轉,00140000
RPTNMLPLJIPFFCJ56CB,台泥段,24.76,都市：商,100000,407,持分移轉,00140000
RPUNMLPLJIPFFCJ66CB,台泥段,24.76,都市：商,100000,407,持分移轉,00140000
RPXNMLPLJIPFFCJ96CB,台泥段,24.76,都市：商,100000,407,持分移轉,00140000
RPOOMLPLJIPFFCJ78CB,台泥段,24.76,都市：商,100000,407,持分移轉,00140000
RPVNMLPLJIPFFCJ76CB,台泥段,24.76,都市：商,100000,407,持分移轉,00140000
RPWNMLPLJIPFFCJ86CB,台泥段,24.76,都市：商,100000,407,持分移轉,00140000
RPROMLPLJIPFFCJ09CB,台泥段,24.76,都市：商,100000,407,持分移轉,00140000
RPQOMLPLJIPFFCJ98CB,台泥段,24.76,都市：商,100000,407,持分移轉,00140000
RPUOMLPLJIPFFCJ76CB,台泥段,24.76,都市：商,100000,407,持分移轉,00140000
RPVOMLPLJIPFFCJ86CB,台泥段,25.07,都市：商,100000,412,持分移轉,00140000
RPPOMLPLJIPFFCJ88CB,台泥段,24.76,都市：商,100000,407,持分移轉,00140000
RPSOMLPLJIPFFCJ56CB,台泥段,24.76,都市：商,100000,407,持分移轉,00140000
RPXOMLPLJIPFFCJ07CB,台泥段,16.61,都市：商,100000,273,持分移轉,00140000
RPWOMLPLJIPFFCJ96CB,台泥段,16.61,都市：商,100000,273,持分移轉,00140000
RPTOMLPLJIPFFCJ66CB,台泥段,24.76,都市：商,100000,407,持分移轉,00140000
RPPPMLPLJIPFFCJ98CB,台泥段,16.61,都市：商,100000,273,持分移轉,00140000
RPSPMLPLJIPFFCJ66CB,台泥段,16.61,都市：商,100000,273,持分移轉,00140000
RPQPMLPLJIPFFCJ09CB,台泥段,16.61,都市：商,100000,273,持分移轉,00140000
RPVPMLPLJIPFFCJ96CB,台泥段,16.61,都市：商,100000,273,持分移轉,00140000
RPOPMLPLJIPFFCJ88CB,台泥段,16.61,都市：商,100000,273,持分移轉,00140000
RPRPMLPLJIPFFCJ56CB,台泥段,16.61,都市：商,100000,273,持分移轉,00140000
RPWPMLPLJIPFFCJ07CB,台泥段,16.61,都市：商,100000,273,持分移轉,00140000
RPUPMLPLJIPFFCJ86CB,台泥段,16.61,都市：商,100000,273,持分移轉,00140000
RPTPMLPLJIPFFCJ76CB,台泥段,16.61,都市：商,100000,273,持分移轉,00140000
RPXPMLPLJIPFFCJ17CB,台泥段,16.61,都市：商,100000,273,持分移轉,00140000
RPOQMLPLJIPFFCJ98CB,台泥段,16.61,都市：商,100000,273,持分移轉,00140000
RPPQMLPLJIPFFCJ09CB,台泥段,16.61,都市：商,100000,273,持分移轉,00140000
RPUQMLPLJIPFFCJ96CB,台泥段,16.91,都市：商,100000,278,持分移轉,00140000
RPRQMLPLJIPFFCJ66CB,台泥段,16.91,都市：商,100000,278,持分移轉,00140000
RPSQMLPLJIPFFCJ76CB,台泥段,16.91,都市：商,100000,278,持分移轉,00140000
RPTQMLPLJIPFFCJ86CB,台泥段,16.91,都市：商,100000,278,持分移轉,00140000
RPTOMLKMJIPFFCJ88CB,台泥段,16.91,都市：商,100000,278,持分移轉,00140000
RPQOMLKMJIPFFCJ58CB,台泥段,16.91,都市：商,100000,278,持分移轉,00140000
RPROMLKMJIPFFCJ68CB,台泥段,16.91,都市：商,100000,278,持分移轉,00140000
RPVQMLPLJIPFFCJ07CB,台泥段,16.91,都市：商,100000,278,持分移轉,00140000
RPUOMLKMJIPFFCJ98CB,台泥段,16.91,都市：商,100000,278,持分移轉,00140000
RPVOMLKMJIPFFCJ09CB,台泥段,16.91,都市：商,100000,278,持分移轉,00140000
RPOPMLKMJIPFFCJ48CB,台泥段,16.91,都市：商,100000,278,持分移轉,00140000
RPXOMLKMJIPFFCJ66CB,台泥段,16.91,都市：商,100000,278,持分移轉,00140000
RPRPMLKMJIPFFCJ78CB,台泥段,16.91,都市：商,100000,278,持分移轉,00140000
RPWOMLKMJIPFFCJ56CB,台泥段,16.91,都市：商,100000,278,持分移轉,00140000
RPPPMLKMJIPFFCJ58CB,台泥段,16.91,都市：商,100000,278,持分移轉,00140000
RPQPMLKMJIPFFCJ68CB,台泥段,16.91,都市：商,100000,278,持分移轉,00140000
RPSPMLKMJIPFFCJ88CB,台泥段,16.91,都市：商,100000,278,持分移轉,00140000
RPTPMLKMJIPFFCJ98CB,台泥段,16.91,都市：商,100000,278,持分移轉,00140000
RPVPMLKMJIPFFCJ56CB,台泥段,16.91,都市：商,100000,278,持分移轉,00140000
RPUPMLKMJIPFFCJ09CB,台泥段,16.91,都市：商,100000,278,持分移轉,00140000
RPXPMLKMJIPFFCJ76CB,台泥段,16.91,都市：商,100000,278,持分移轉,00140000
RPPQMLKMJIPFFCJ68CB,台泥段,16.91,都市：商,100000,278,持分移轉,00140000
RPWPMLKMJIPFFCJ66CB,台泥段,16.91,都市：商,100000,278,持分移轉,00140000
RPRQMLKMJIPFFCJ88CB,台泥段,16.91,都市：商,100000,278,持分移轉,00140000
RPOQMLKMJIPFFCJ58CB,台泥段,16.91,都市：商,100000,278,持分移轉,00140000
RPQQMLKMJIPFFCJ78CB,台泥段,16.91,都市：商,100000,278,持分移轉,00140000
RPTQMLKMJIPFFCJ09CB,台泥段,16.61,都市：商,100000,273,持分移轉,00140000
RPXQMLKMJIPFFCJ86CB,台泥段,16.61,都市：商,100000,273,持分移轉,00140000
RPSQMLKMJIPFFCJ98CB,台泥段,16.91,都市：商,100000,278,持分移轉,00140000
RPUQMLKMJIPFFCJ56CB,台泥段,16.61,都市：商,100000,273,持分移轉,00140000
RPVQMLKMJIPFFCJ66CB,台泥段,16.61,都市：商,100000,273,持分移轉,00140000
RPORMLKMJIPFFCJ68CB,台泥段,16.61,都市：商,100000,273,持分移轉,00140000
RPWQMLKMJIPFFCJ76CB,台泥段,16.61,都市：商,100000,273,持分移轉,00140000
RPQRMLKMJIPFFCJ88CB,台泥段,16.61,都市：商,100000,273,持分移轉,00140000
RPPRMLKMJIPFFCJ78CB,台泥段,16.61,都市：商,100000,273,持分移轉,00140000
RPRRMLKMJIPFFCJ98CB,台泥段,16.61,都市：商,100000,273,持分移轉,00140000
RPURMLKMJIPFFCJ66CB,台泥段,16.61,都市：商,100000,273,持分移轉,00140000
RPTRMLKMJIPFFCJ56CB,台泥段,16.61,都市：商,100000,273,持分移轉,00140000
RPXRMLKMJIPFFCJ96CB,台泥段,16.61,都市：商,100000,273,持分移轉,00140000
RPVRMLKMJIPFFCJ76CB,台泥段,16.61,都市：商,100000,273,持分移轉,00140000
RPOSMLKMJIPFFCJ78CB,台泥段,24.76,都市：商,100000,407,持分移轉,00140000
RPWRMLKMJIPFFCJ86CB,台泥段,16.61,都市：商,100000,273,持分移轉,00140000
RPPSMLKMJIPFFCJ88CB,台泥段,24.76,都市：商,100000,407,持分移轉,00140000
RPRSMLKMJIPFFCJ09CB,台泥段,24.76,都市：商,100000,407,持分移轉,00140000
RPQSMLKMJIPFFCJ98CB,台泥段,24.76,都市：商,100000,407,持分移轉,00140000
RPTSMLKMJIPFFCJ66CB,台泥段,24.76,都市：商,100000,407,持分移轉,00140000
RPSSMLKMJIPFFCJ56CB,台泥段,24.76,都市：商,100000,407,持分移轉,00140000
RPUSMLKMJIPFFCJ76CB,台泥段,24.76,都市：商,100000,407,持分移轉,00140000
RPPTMLKMJIPFFCJ98CB,台泥段,24.76,都市：商,100000,407,持分移轉,00140000
RPVSMLKMJIPFFCJ86CB,台泥段,24.76,都市：商,100000,407,持分移轉,00140000
RPOTMLKMJIPFFCJ88CB,台泥段,24.76,都市：商,100000,407,持分移轉,00140000
RPWSMLKMJIPFFCJ96CB,台泥段,16.91,都市：商,100000,278,持分移轉,00140000
RPQTMLKMJIPFFCJ09CB,台泥段,24.76,都市：商,100000,407,持分移轉,00140000
RPXSMLKMJIPFFCJ07CB,台泥段,24.76,都市：商,100000,407,持分移轉,00140000
RPRTMLKMJIPFFCJ56CB,台泥段,24.76,都市：商,100000,407,持分移轉,00140000
RPSTMLKMJIPFFCJ66CB,台泥段,24.76,都市：商,100000,407,持分移轉,00140000
RPTTMLKMJIPFFCJ76CB,台泥段,24.76,都市：商,100000,407,持分移轉,00140000
RPUTMLKMJIPFFCJ86CB,台泥段,24.76,都市：商,100000,407,持分移轉,00140000
RPVTMLKMJIPFFCJ96CB,台泥段,24.76,都市：商,100000,407,持分移轉,00140000
RPQUMLKMJIPFFCJ56CB,台泥段,24.76,都市：商,100000,407,持分移轉,00140000
RPWTMLKMJIPFFCJ07CB,台泥段,24.76,都市：商,100000,407,持分移轉,00140000
RPSUMLKMJIPFFCJ76CB,台泥段,24.76,都市：商,100000,407,持分移轉,00140000
RPPUMLKMJIPFFCJ09CB,台泥段,24.76,都市：商,100000,407,持分移轉,00140000
RPXTMLKMJIPFFCJ17CB,台泥段,24.76,都市：商,100000,407,持分移轉,00140000
RPRUMLKMJIPFFCJ66CB,台泥段,24.76,都市：商,100000,407,持分移轉,00140000
RPOUMLKMJIPFFCJ98CB,台泥段,24.76,都市：商,100000,407,持分移轉,00140000
RPUUMLKMJIPFFCJ96CB,台泥段,24.76,都市：商,100000,407,持分移轉,00140000
RPTUMLKMJIPFFCJ86CB,台泥段,24.76,都市：商,100000,407,持分移轉,00140000
RPVUMLKMJIPFFCJ07CB,台泥段,24.76,都市：商,100000,407,持分移轉,00140000
RPQVMLKMJIPFFCJ66CB,台泥段,16.61,都市：商,100000,273,持分移轉,00140000
RPXUMLKMJIPFFCJ27CB,台泥段,24.76,都市：商,100000,407,持分移轉,00140000
RPRVMLKMJIPFFCJ76CB,台泥段,16.61,都市：商,100000,273,持分移轉,00140000
RPTVMLKMJIPFFCJ96CB,台泥段,16.61,都市：商,100000,273,持分移轉,00140000
RPSVMLKMJIPFFCJ86CB,台泥段,16.61,都市：商,100000,273,持分移轉,00140000
RPOVMLKMJIPFFCJ09CB,台泥段,16.61,都市：商,100000,273,持分移轉,00140000
RPPVMLKMJIPFFCJ56CB,台泥段,16.61,都市：商,100000,273,持分移轉,00140000
RPUVMLKMJIPFFCJ07CB,台泥段,16.61,都市：商,100000,273,持分移轉,00140000
RPWVMLKMJIPFFCJ27CB,台泥段,16.61,都市：商,100000,273,持分移轉,00140000
RPXVMLKMJIPFFCJ37CB,台泥段,16.61,都市：商,100000,273,持分移轉,00140000
RPSWMLKMJIPFFCJ96CB,台泥段,17.04,都市：商,100000,280,持分移轉,00140000
RPRWMLKMJIPFFCJ86CB,台泥段,16.61,都市：商,100000,273,持分移轉,00140000
RPOWMLKMJIPFFCJ56CB,台泥段,16.61,都市：商,100000,273,持分移轉,00140000
RPUWMLKMJIPFFCJ17CB,台泥段,17.04,都市：商,100000,280,持分移轉,00140000
RPPWMLKMJIPFFCJ66CB,台泥段,16.61,都市：商,100000,273,持分移轉,00140000
RPTWMLKMJIPFFCJ07CB,台泥段,17.04,都市：商,100000,280,持分移轉,00140000
RPXWMLKMJIPFFCJ47CB,台泥段,17.04,都市：商,100000,280,持分移轉,00140000
RPPNNLKMJIPFFCJ48CB,台泥段,17.04,都市：商,100000,280,持分移轉,00140000
RPVVMLKMJIPFFCJ17CB,台泥段,16.61,都市：商,100000,273,持分移轉,00140000
RPSNNLKMJIPFFCJ78CB,台泥段,17.04,都市：商,100000,280,持分移轉,00140000
RPWWMLKMJIPFFCJ37CB,台泥段,17.04,都市：商,100000,280,持分移轉,00140000
RPTNNLKMJIPFFCJ88CB,台泥段,17.04,都市：商,100000,280,持分移轉,00140000
RPQNNLKMJIPFFCJ58CB,台泥段,17.04,都市：商,100000,280,持分移轉,00140000
RPRNNLKMJIPFFCJ68CB,台泥段,17.04,都市：商,100000,280,持分移轉,00140000
RPVNNLKMJIPFFCJ09CB,台泥段,17.04,都市：商,100000,280,持分移轉,00140000
RPQWMLKMJIPFFCJ76CB,台泥段,16.61,都市：商,100000,273,持分移轉,00140000
RPONNLKMJIPFFCJ38CB,台泥段,17.04,都市：商,100000,280,持分移轉,00140000
RPOONLKMJIPFFCJ48CB,台泥段,17.04,都市：商,100000,280,持分移轉,00140000
RPRONLKMJIPFFCJ78CB,台泥段,17.04,都市：商,100000,280,持分移轉,00140000
RPQONLKMJIPFFCJ68CB,台泥段,17.04,都市：商,100000,280,持分移轉,00140000
RPSONLKMJIPFFCJ88CB,台泥段,17.04,都市：商,100000,280,持分移轉,00140000
RPUONLKMJIPFFCJ09CB,台泥段,17.04,都市：商,100000,280,持分移轉,00140000
RPVONLKMJIPFFCJ56CB,台泥段,17.04,都市：商,100000,280,持分移轉,00140000
RPTONLKMJIPFFCJ98CB,台泥段,17.04,都市：商,100000,280,持分移轉,00140000
RPWONLKMJIPFFCJ66CB,台泥段,17.04,都市：商,100000,280,持分移轉,00140000
RPXONLKMJIPFFCJ76CB,台泥段,17.04,都市：商,100000,280,持分移轉,00140000
RPPPNLKMJIPFFCJ68CB,台泥段,17.04,都市：商,100000,280,持分移轉,00140000
RPQPNLKMJIPFFCJ78CB,台泥段,17.04,都市：商,100000,280,持分移轉,00140000
RPSPNLKMJIPFFCJ98CB,台泥段,17.04,都市：商,100000,280,持分移轉,00140000
RPOPNLKMJIPFFCJ58CB,台泥段,17.04,都市：商,100000,280,持分移轉,00140000
RPRPNLKMJIPFFCJ88CB,台泥段,17.04,都市：商,100000,280,持分移轉,00140000
RPTPNLKMJIPFFCJ09CB,台泥段,16.61,都市：商,100000,273,持分移轉,00140000
RPWPNLKMJIPFFCJ76CB,台泥段,16.61,都市：商,100000,273,持分移轉,00140000
RPUPNLKMJIPFFCJ56CB,台泥段,16.61,都市：商,100000,273,持分移轉,00140000
RPVPNLKMJIPFFCJ66CB,台泥段,16.61,都市：商,100000,273,持分移轉,00140000
RPPQNLKMJIPFFCJ78CB,台泥段,16.61,都市：商,100000,273,持分移轉,00140000
RPXPNLKMJIPFFCJ86CB,台泥段,16.61,都市：商,100000,273,持分移轉,00140000
RPOQNLKMJIPFFCJ68CB,台泥段,16.61,都市：商,100000,273,持分移轉,00140000
RPQQNLKMJIPFFCJ88CB,台泥段,16.61,都市：商,100000,273,持分移轉,00140000
RPTQNLKMJIPFFCJ56CB,台泥段,16.61,都市：商,100000,273,持分移轉,00140000
RPRQNLKMJIPFFCJ98CB,台泥段,16.61,都市：商,100000,273,持分移轉,00140000
RPSQNLKMJIPFFCJ09CB,台泥段,16.61,都市：商,100000,273,持分移轉,00140000
RPUQNLKMJIPFFCJ66CB,台泥段,16.61,都市：商,100000,273,持分移轉,00140000
RPWQNLKMJIPFFCJ86CB,台泥段,16.61,都市：商,100000,273,持分移轉,00140000
RPVQNLKMJIPFFCJ76CB,台泥段,16.61,都市：商,100000,273,持分移轉,00140000
RPXQNLKMJIPFFCJ96CB,台泥段,24.76,都市：商,100000,407,持分移轉,00140000
RPQNMLLJKIPFFCJ38CB,台泥段,24.76,都市：商,100000,407,持分移轉,00140000
RPSNMLLJKIPFFCJ58CB,台泥段,24.76,都市：商,100000,407,持分移轉,00140000
RPORNLKMJIPFFCJ78CB,台泥段,24.76,都市：商,100000,407,持分移轉,00140000
RPPNMLLJKIPFFCJ28CB,台泥段,24.76,都市：商,100000,407,持分移轉,00140000
RPRNMLLJKIPFFCJ48CB,台泥段,24.76,都市：商,100000,407,持分移轉,00140000
RPTNMLLJKIPFFCJ68CB,台泥段,24.76,都市：商,100000,407,持分移轉,00140000
RPUNMLLJKIPFFCJ78CB,台泥段,24.76,都市：商,100000,407,持分移轉,00140000
RPVNMLLJKIPFFCJ88CB,台泥段,24.76,都市：商,100000,407,持分移轉,00140000
RPWNMLLJKIPFFCJ98CB,台泥段,24.76,都市：商,100000,407,持分移轉,00140000
RPWNNLKMJIPFFCJ56CB,台泥段,17.04,都市：商,100000,280,持分移轉,00140000
RPPONLKMJIPFFCJ58CB,台泥段,17.04,都市：商,100000,280,持分移轉,00140000
RPXNMLLJKIPFFCJ09CB,台泥段,24.76,都市：商,100000,407,持分移轉,00140000
RPPOMLLJKIPFFCJ38CB,台泥段,24.76,都市：商,100000,407,持分移轉,00140000
RPOOMLLJKIPFFCJ28CB,台泥段,24.76,都市：商,100000,407,持分移轉,00140000
RPQOMLLJKIPFFCJ48CB,台泥段,24.76,都市：商,100000,407,持分移轉,00140000
RPUQMLLJKIPFFCJ09CB,台泥段,26.95,都市：商,100000,443,持分移轉,00140000
RPVQMLLJKIPFFCJ56CB,台泥段,23.67,都市：商,100000,389,持分移轉,00140000
RPORMLLJKIPFFCJ58CB,台泥段,23.67,都市：商,100000,389,持分移轉,00140000
RPWQMLLJKIPFFCJ66CB,台泥段,23.67,都市：商,100000,389,持分移轉,00140000
RPXQMLLJKIPFFCJ76CB,台泥段,23.67,都市：商,100000,389,持分移轉,00140000
RPPRMLLJKIPFFCJ68CB,台泥段,23.67,都市：商,100000,389,持分移轉,00140000
RPRRMLLJKIPFFCJ88CB,台泥段,23.67,都市：商,100000,389,持分移轉,00140000
RPQRMLLJKIPFFCJ78CB,台泥段,23.67,都市：商,100000,389,持分移轉,00140000
RPSRMLLJKIPFFCJ98CB,台泥段,23.67,都市：商,100000,389,持分移轉,00140000
RPTRMLLJKIPFFCJ09CB,台泥段,23.67,都市：商,100000,389,持分移轉,00140000
RPVRMLLJKIPFFCJ66CB,台泥段,23.67,都市：商,100000,389,持分移轉,00140000
RPOSMLLJKIPFFCJ68CB,台泥段,23.67,都市：商,100000,389,持分移轉,00140000
RPURMLLJKIPFFCJ56CB,台泥段,23.67,都市：商,100000,389,持分移轉,00140000
RPXRMLLJKIPFFCJ86CB,台泥段,23.67,都市：商,100000,389,持分移轉,00140000
RPWRMLLJKIPFFCJ76CB,台泥段,23.67,都市：商,100000,389,持分移轉,00140000
RPPSMLLJKIPFFCJ78CB,台泥段,23.55,都市：商,100000,387,持分移轉,00140000
RPQSMLLJKIPFFCJ88CB,台泥段,23.55,都市：商,100000,387,持分移轉,00140000
RPRSMLLJKIPFFCJ98CB,台泥段,23.55,都市：商,100000,387,持分移轉,00140000
RPTSMLLJKIPFFCJ56CB,台泥段,23.55,都市：商,100000,387,持分移轉,00140000
RPSSMLLJKIPFFCJ09CB,台泥段,23.55,都市：商,100000,387,持分移轉,00140000
RPXSMLLJKIPFFCJ96CB,台泥段,23.55,都市：商,100000,387,持分移轉,00140000
RPVSMLLJKIPFFCJ76CB,台泥段,23.55,都市：商,100000,387,持分移轉,00140000
RPUSMLLJKIPFFCJ66CB,台泥段,23.55,都市：商,100000,387,持分移轉,00140000
RPOTMLLJKIPFFCJ78CB,台泥段,23.55,都市：商,100000,387,持分移轉,00140000
RPPTMLLJKIPFFCJ88CB,台泥段,23.55,都市：商,100000,387,持分移轉,00140000
RPWSMLLJKIPFFCJ86CB,台泥段,23.55,都市：商,100000,387,持分移轉,00140000
RPRTMLLJKIPFFCJ09CB,台泥段,23.55,都市：商,100000,387,持分移轉,00140000
RPUTMLLJKIPFFCJ76CB,台泥段,23.55,都市：商,100000,387,持分移轉,00140000
RPWTMLLJKIPFFCJ96CB,台泥段,20.99,都市：商,100000,345,持分移轉,00140000
RPVTMLLJKIPFFCJ86CB,台泥段,20.99,都市：商,100000,345,持分移轉,00140000
RPSTMLLJKIPFFCJ56CB,台泥段,23.55,都市：商,100000,387,持分移轉,00140000
RPPUMLLJKIPFFCJ98CB,台泥段,20.99,都市：商,100000,345,持分移轉,00140000
RPQUMLLJKIPFFCJ09CB,台泥段,20.99,都市：商,100000,345,持分移轉,00140000
RPSUMLLJKIPFFCJ66CB,台泥段,20.99,都市：商,100000,345,持分移轉,00140000
RPRUMLLJKIPFFCJ56CB,台泥段,20.99,都市：商,100000,345,持分移轉,00140000
RPUUMLLJKIPFFCJ86CB,台泥段,20.99,都市：商,100000,345,持分移轉,00140000
RPSVMLLJKIPFFCJ76CB,台泥段,20.99,都市：商,100000,345,持分移轉,00140000
RPRVMLLJKIPFFCJ66CB,台泥段,20.99,都市：商,100000,345,持分移轉,00140000
RPVVMLLJKIPFFCJ07CB,台泥段,20.99,都市：商,100000,345,持分移轉,00140000
RPXVMLLJKIPFFCJ27CB,台泥段,20.99,都市：商,100000,345,持分移轉,00140000
RPQVMLLJKIPFFCJ56CB,台泥段,20.99,都市：商,100000,345,持分移轉,00140000
RPSWMLLJKIPFFCJ86CB,台泥段,20.99,都市：商,100000,345,持分移轉,00140000
RPWVMLLJKIPFFCJ17CB,台泥段,20.99,都市：商,100000,345,持分移轉,00140000
RPUWMLLJKIPFFCJ07CB,台泥段,20.99,都市：商,100000,345,持分移轉,00140000
RPVWMLLJKIPFFCJ17CB,台泥段,27.80,都市：商,100000,457,持分移轉,00140000
RPQWMLLJKIPFFCJ66CB,台泥段,20.99,都市：商,100000,345,持分移轉,00140000
RPXWMLLJKIPFFCJ37CB,台泥段,27.80,都市：商,100000,457,持分移轉,00140000
RPONNLLJKIPFFCJ28CB,台泥段,27.80,都市：商,100000,457,持分移轉,00140000
RPWWMLLJKIPFFCJ27CB,台泥段,27.80,都市：商,100000,457,持分移轉,00140000
RPPNNLLJKIPFFCJ38CB,台泥段,27.80,都市：商,100000,457,持分移轉,00140000
RPQNNLLJKIPFFCJ48CB,台泥段,27.80,都市：商,100000,457,持分移轉,00140000
RPRNNLLJKIPFFCJ58CB,台泥段,27.80,都市：商,100000,457,持分移轉,00140000
RPSNNLLJKIPFFCJ68CB,台泥段,27.80,都市：商,100000,457,持分移轉,00140000
RPUNNLLJKIPFFCJ88CB,台泥段,27.80,都市：商,100000,457,持分移轉,00140000
RPTNNLLJKIPFFCJ78CB,台泥段,27.80,都市：商,100000,457,持分移轉,00140000
RPTNMLMJKIPFFCJ78CB,台泥段,27.80,都市：商,100000,457,持分移轉,00140000
RPSNMLMJKIPFFCJ68CB,台泥段,27.80,都市：商,100000,457,持分移轉,00140000
RPRNMLMJKIPFFCJ58CB,台泥段,27.80,都市：商,100000,457,持分移轉,00140000
RPUNMLMJKIPFFCJ88CB,台泥段,23.73,都市：商,100000,390,持分移轉,00140000
RPQNMLMJKIPFFCJ48CB,台泥段,27.80,都市：商,100000,457,持分移轉,00140000
RPVNMLMJKIPFFCJ98CB,台泥段,23.73,都市：商,100000,390,持分移轉,00140000
RPXNMLMJKIPFFCJ56CB,台泥段,23.73,都市：商,100000,390,持分移轉,00140000
RPPOMLMJKIPFFCJ48CB,台泥段,23.73,都市：商,100000,390,持分移轉,00140000
RPQOMLMJKIPFFCJ58CB,台泥段,23.73,都市：商,100000,390,持分移轉,00140000
RPOOMLMJKIPFFCJ38CB,台泥段,23.73,都市：商,100000,390,持分移轉,00140000
RPROMLMJKIPFFCJ68CB,台泥段,23.73,都市：商,100000,390,持分移轉,00140000
RPSOMLMJKIPFFCJ78CB,台泥段,23.73,都市：商,100000,390,持分移轉,00140000
RPUOMLMJKIPFFCJ98CB,台泥段,23.73,都市：商,100000,390,持分移轉,00140000
RPTOMLMJKIPFFCJ88CB,台泥段,23.73,都市：商,100000,390,持分移轉,00140000
RPVOMLMJKIPFFCJ09CB,台泥段,23.73,都市：商,100000,390,持分移轉,00140000
RPWOMLMJKIPFFCJ56CB,台泥段,23.73,都市：商,100000,390,持分移轉,00140000
RPXOMLMJKIPFFCJ66CB,台泥段,23.73,都市：商,100000,390,持分移轉,00140000
RPOPMLMJKIPFFCJ48CB,台泥段,23.73,都市：商,100000,390,持分移轉,00140000
RPQPMLMJKIPFFCJ68CB,台泥段,20.99,都市：商,100000,345,持分移轉,00140000
RPPPMLMJKIPFFCJ58CB,台泥段,20.99,都市：商,100000,345,持分移轉,00140000
RPWPMLMJKIPFFCJ66CB,台泥段,20.99,都市：商,100000,345,持分移轉,00140000
RPXTMLLJKIPFFCJ07CB,台泥段,20.99,都市：商,100000,345,持分移轉,00140000
RPRPMLMJKIPFFCJ78CB,台泥段,20.99,都市：商,100000,345,持分移轉,00140000
RPTQMLMJKIPFFCJ09CB,台泥段,20.99,都市：商,100000,345,持分移轉,00140000
RPRQMLMJKIPFFCJ88CB,台泥段,20.99,都市：商,100000,345,持分移轉,00140000
RPVPMLMJKIPFFCJ56CB,台泥段,20.99,都市：商,100000,345,持分移轉,00140000
RPWQMLMJKIPFFCJ76CB,台泥段,20.99,都市：商,100000,345,持分移轉,00140000
RPVQMLMJKIPFFCJ66CB,台泥段,20.99,都市：商,100000,345,持分移轉,00140000
RPXQMLMJKIPFFCJ86CB,台泥段,20.99,都市：商,100000,345,持分移轉,00140000
RPPRMLMJKIPFFCJ78CB,台泥段,20.99,都市：商,100000,345,持分移轉,00140000
RPORMLMJKIPFFCJ68CB,台泥段,20.99,都市：商,100000,345,持分移轉,00140000
RPRRMLMJKIPFFCJ98CB,台泥段,20.99,都市：商,100000,345,持分移轉,00140000
RPTRMLMJKIPFFCJ56CB,台泥段,20.99,都市：商,100000,345,持分移轉,00140000
RPQRMLMJKIPFFCJ88CB,台泥段,20.99,都市：商,100000,345,持分移轉,00140000
RPSRMLMJKIPFFCJ09CB,台泥段,20.99,都市：商,100000,345,持分移轉,00140000
RPURMLMJKIPFFCJ66CB,台泥段,20.99,都市：商,100000,345,持分移轉,00140000
RPVRMLMJKIPFFCJ76CB,台泥段,20.99,都市：商,100000,345,持分移轉,00140000
RPXRMLMJKIPFFCJ96CB,台泥段,20.99,都市：商,100000,345,持分移轉,00140000
RPWRMLMJKIPFFCJ86CB,台泥段,20.99,都市：商,100000,345,持分移轉,00140000
RPOSMLMJKIPFFCJ78CB,台泥段,20.99,都市：商,100000,345,持分移轉,00140000
RPPSMLMJKIPFFCJ88CB,台泥段,15.82,都市：商,100000,260,持分移轉,00140000
RPSSMLMJKIPFFCJ56CB,台泥段,25.49,都市：商,100000,419,持分移轉,00140000
RPQSMLMJKIPFFCJ98CB,台泥段,15.27,都市：商,100000,251,持分移轉,00140000
RPTSMLMJKIPFFCJ66CB,台泥段,16.85,都市：商,100000,277,持分移轉,00140000
RPUSMLMJKIPFFCJ76CB,台泥段,17.28,都市：商,100000,284,持分移轉,00140000
RPRSMLMJKIPFFCJ09CB,台泥段,24.82,都市：商,100000,408,持分移轉,00140000
RPVSMLMJKIPFFCJ86CB,台泥段,20.26,都市：商,100000,333,持分移轉,00140000
RPWSMLMJKIPFFCJ96CB,台泥段,17.40,都市：商,100000,286,持分移轉,00140000
RPXSMLMJKIPFFCJ07CB,台泥段,14.60,都市：商,100000,240,持分移轉,00140000
RPOTMLMJKIPFFCJ88CB,台泥段,13.93,都市：商,100000,229,持分移轉,00140000
