﻿鄉鎮市區,交易標的,土地位置建物門牌,土地面積平方公尺,都市土地使用分區,非都市土地使用分區,非都市土地使用編定,租賃年月日,租賃筆棟數,租賃層次,總樓層數,建物型態,主要用途,主要建材,建築完成年月,建物總面積平方公尺,建物現況格局-房,建物現況格局-廳,建物現況格局-衛,建物現況格局-隔間,有無管理組織,有無附傢俱,總額元,單價元平方公尺,車位類別,車位面積平方公尺,車位總額元,備註,編號
The villages and towns urban district,transaction sign,land sector position building sector house number plate,land shifting total area square meter,the use zoning or compiles and checks,the non-metropolis land use district,non-metropolis land use,transaction year month and day,transaction pen number,shifting level,total floor number,building state,main use,main building materials,construction to complete the years,building shifting total area,Building present situation pattern - room,building present situation pattern - hall,building present situation pattern - health,building present situation pattern - compartmented,Whether there is manages the organization,Whether there is attaches the furniture,total price NTD,the unit price (NTD / square meter),the berth category,berth shifting total area square meter,the berth total price NTD,the note,serial number
彰化市,建物,彰化縣彰化市中華路１６２號,0.0,商,,,1090828,土地0建物0車位0,見其他登記事項,3,店面(店鋪),商業用,磚造,0190101,71.34,0,1,1,有,無,無,25000,350,,0.0,0,部分承租。,RPSOMLOKRHPFFAN37CC
彰化市,土地,三民段898地號,186.0,商,,,1090818,土地2建物0車位0,,,其他,,,,0.0,0,0,0,有,無,無,85000,457,,0.0,0,含增建或未登記建物。；,RPVOMLPKRHPFFAN87DC
員林市,房地(土地+建物),彰化縣員林市中正路511號,216.0,商,,,1090822,土地1建物0車位0,見其他登記事項,6,店面(店鋪),住商用,鋼筋混凝土造,0740418,1189.49,0,0,0,無,無,無,250000,210,,0.0,0,,RPTNMLRKRHPFFDN97CC
溪湖鎮,土地,頂庄段266地號,646.43,農,,,1090908,土地1建物0車位0,,,其他,,,,0.0,0,0,0,有,無,無,28000,43,,0.0,0,含增建或未登記建物。；,RPQNMLSKRHPFFHN18CC
芳苑鄉,房地(土地+建物),彰化縣芳苑鄉三合村斗苑路三合段102巷59弄23號,79.61,,一般農業區,養殖用地,1090626,土地1建物0車位0,全,3,透天厝,農舍,鋼筋混凝土造,0840630,202.39,4,2,3,有,無,無,10000,49,,0.0,0,,RPVNMLLLRHPFFGN97CC
鹿港鎮,房地(土地+建物),彰化縣鹿港鎮中山南路4-5號,22.4,住,,,1090817,土地1建物1車位0,七層,7,華廈(10層含以下有電梯),住家用,鋼筋混凝土造,0810702,128.83,3,1,2,有,無,有,10000,78,,0.0,0,,RPPNMLKMRHPFFCN96CC
彰化市,建物,彰化縣彰化市中正路二段４３７號二樓之１,0.0,住,,,1090918,土地0建物1車位1,二層,12,住宅大樓(11層含以上有電梯),見其他登記事項,鋼筋混凝土造,1060711,144.82,2,2,1,有,有,有,23000,159,坡道平面,39.65,0,含管理費、稅金或水電等費用。；,RPQOMLPJIIPFFAN98CC
員林市,房地(土地+建物)+車位,彰化縣員林市中央路381巷6號,120.43,,特定農業區,甲種建築用地,1090913,土地1建物1車位0,全,3,透天厝,住家用,鋼筋混凝土造,0840912,174.75,6,2,3,有,無,無,15000,86,一樓平面,0.0,0,含增建或未登記建物。；,RPTOMLPJIIPFFDN96CC
彰化市,建物,彰化縣彰化市民生路341號,221.0,商,,,1091005,土地0建物0車位0,三層,4,套房(1房1廳1衛),見其他登記事項,鋼筋混凝土造,0950123,16.52,1,0,1,有,無,有,7800,472,,0.0,0,,RPSNMLRJIIPFFAN66CC
彰化市,建物,彰化縣彰化市民生路341號,221.0,商,,,1090930,土地0建物0車位0,四層,4,套房(1房1廳1衛),見其他登記事項,鋼筋混凝土造,0950123,16.52,1,0,1,有,無,有,7000,424,,0.0,0,,RPUNMLRJIIPFFAN86CC
彰化市,建物,彰化縣彰化市南校街７２巷２號六樓,0.0,住,,,1090928,土地0建物1車位0,六層,14,住宅大樓(11層含以上有電梯),住家用,鋼筋混凝土造,0850729,105.9,3,2,2,有,有,有,13000,123,,0.0,0,租金含管理費。,RPWOMLPKIIPFFAN07CC
福興鄉,土地,三元段208-1地號,802.0,,特定農業區,農牧用地,1091014,土地1建物0車位0,,,其他,,,,0.0,0,0,0,有,無,無,24200,30,,0.0,0,含增建或未登記建物。；,RPRNMLPKIIPFFCN66CC
鹿港鎮,建物,彰化縣鹿港鎮思源路136號,228.0,住,,,1091017,土地0建物1車位0,見其他登記事項,3,套房(1房1廳1衛),見其他登記事項,鋼筋混凝土造,1081017,33.1,8,0,8,有,無,有,8000,242,,0.0,0,,RPSNMLTKIIPFFCN17CC
員林市,建物,彰化縣員林市中山路二段85之7號,99.0,商,,,1091004,土地1建物0車位0,見其他登記事項,6,店面(店鋪),店舖、住宅、停車空間,鋼筋混凝土造,0960503,453.06000000000006,6,2,4,有,有,無,75000,166,,0.0,0,每月租金含管理費.含地下室總共六樓,RPXNMLTKIIPFFDN77CC
彰化市,建物,彰化縣彰化市竹和路200巷79號,0.0,,工業區,丁種建築用地,1091012,土地0建物0車位0,六層,6,套房(1房1廳1衛),見其他登記事項,鋼筋混凝土造,0961018,19.83,1,0,1,有,無,有,5500,277,,0.0,0,含增建或未登記建物。；,RPVOMLKLIIPFFAN56CC
福興鄉,房地(土地+建物),彰化縣福興鄉外埔巷12之2號,96.0,,特定農業區,甲種建築用地,1091022,土地1建物1車位0,全,3,透天厝,住家用,鋼筋混凝土造,0870601,236.76,4,2,3,有,無,有,12000,51,,0.0,0,,RPQNMLNLIIPFFCN09CC
鹿港鎮,房地(土地+建物),彰化縣鹿港鎮復興路329號,193.5,住,,,1091023,土地2建物1車位0,全,2,透天厝,見其他登記事項,鋼筋混凝土造,1000621,203.74,0,0,0,無,無,無,45000,221,,0.0,0,,RPRNMLQLIIPFFCN86CC
溪湖鎮,房地(土地+建物),彰化縣溪湖鎮平和街149號,61.0,住,,,1091004,土地1建物1車位0,見其他登記事項,3,店面(店鋪),住商用,鋼筋混凝土造,0780707,121.74,3,3,3,有,無,有,15000,123,,0.0,0,,RPSNMLQLIIPFFHN47CC
彰化市,建物,彰化縣彰化市民族路345巷98號,83.0,住,,,1091025,土地1建物0車位0,全,5,透天厝,住家用,鋼筋混凝土造,0750415,114.83,6,5,3,有,無,無,13000,113,,0.0,0,含增建或未登記建物。；,RPTNMLTLIIPFFAN17CC
彰化市,房地(土地+建物),彰化縣彰化市南瑤里中山路一段556巷23之128號,73.0,住,,,1091029,土地1建物0車位0,全,4,透天厝,住商用,鋼筋混凝土造,0830609,197.25,6,2,4,有,無,無,28500,144,,0.0,0,,RPUNMLTLIIPFFAN27CC
員林市,土地,三義段694地號,53.85,商,,,1091008,土地1建物0車位0,,,其他,,,,0.0,0,0,0,有,無,無,25000,464,,0.0,0,本件無建築改良物登記,RPVNMLOJJIPFFDN07CC
員林市,房地(土地+建物),彰化縣員林市中山路二段247號,233.17,住,,,1091104,土地1建物0車位0,見其他登記事項,1,店面(店鋪),走道、店舖,鋼架造、磚造,0721208,146.63,0,0,0,無,無,無,45000,307,,0.0,0,,RPVOMLTJJIPFFDN67CC
溪湖鎮,房地(土地+建物),彰化縣溪湖鎮西環路50號,65.99,商,,,1091106,土地1建物1車位0,全,2,透天厝,住商用,鋼筋混凝土造,0970416,121.03,0,0,0,無,無,有,15000,124,,0.0,0,,RPQNMLKKJIPFFHN76DC
埔心鄉,房地(土地+建物),彰化縣埔心鄉員鹿路一段370號,46.85,,特定農業區,甲種建築用地,1091018,土地1建物1車位0,全,3,透天厝,住商用,鋼筋混凝土加強磚造,0650716,142.68,0,0,0,無,無,無,13000,91,,0.0,0,承租方欲申請公司行號等申請出來再做公證預計從110年1月1日開始承租租賃條件相同訂定5年租約.,RPQNMLNKJIPFFHN96CC
彰化市,建物,彰化縣彰化市中央路１８６號,0.0,住,,,1091102,土地1建物0車位0,見其他登記事項,16,店面(店鋪),住商用,鋼筋混凝土造,0810711,148.92,1,2,2,有,有,無,16000,107,,0.0,0,租金含管理費。,RPWNMLKLJIPFFAN66CC
福興鄉,土地,三元段436-6地號,1301.0,,特定農業區,農牧用地,1091101,土地1建物0車位0,,,其他,,,,0.0,1,0,0,有,無,無,4000,3,,0.0,0,,RPRNMLNLJIPFFCN66CC
溪湖鎮,房地(土地+建物),彰化縣溪湖鎮大溪路二段370巷1弄12號,90.0,住,,,1091024,土地1建物1車位0,全,2,透天厝,住商用,鋼筋混凝土加強磚造,0671030,93.68,0,0,0,無,無,無,10000,107,,0.0,0,,RPQNMLNLJIPFFHN07CC
和美鎮,房地(土地+建物),彰化縣和美鎮和光路145巷18號,19.0,住,,,1091026,土地1建物0車位0,全,4,透天厝,住商用,鋼筋混凝土加強磚造,0690930,19.0,12,0,12,有,無,有,6300,332,,0.0,0,,RPTNMLOLJIPFFBN86CC
和美鎮,房地(土地+建物),彰化縣和美鎮和光路145巷18號,18.0,住,,,1091116,土地1建物0車位0,全,4,透天厝,住商用,鋼筋混凝土加強磚造,0690930,18.0,12,0,12,有,無,有,6500,361,,0.0,0,,RPUNMLOLJIPFFBN96CC
線西鄉,房地(土地+建物),彰化縣線西鄉彰濱東二路22號,2677.68,,工業區,丁種建築用地,1091124,土地1建物1車位0,見其他登記事項,1,工廠,工業用,見其他登記事項,0880306,1453.6,0,0,0,無,有,無,220000,,,0.0,0,含管理費、稅金或水電等費用。；,RPSNMLRLJIPFFBN07CC
伸港鄉,土地,伸榮段800地號,1955.0,農,,,1091118,土地1建物0車位0,,,其他,,,,0.0,0,0,0,有,無,無,30000,15,,0.0,0,含增建或未登記建物。；,RPPNMLTLJIPFFBN07DC
伸港鄉,土地,伸榮段800地號,1955.0,農,,,1091118,土地1建物0車位0,,,其他,,,,0.0,0,0,0,有,無,無,30000,15,,0.0,0,含增建或未登記建物。；含管理費、稅金或水電等費用。；,RPQNMLKMJIPFFBN98DC
員林市,建物,彰化縣員林市靜修東路14號,77.0,住,,,1091116,土地1建物0車位0,見其他登記事項,4,店面(店鋪),住家用,鋼筋混凝土造,0730820,228.32,5,2,4,有,無,無,25000,109,,0.0,0,,RPUNMLLJKIPFFDN76CC
彰化市,建物,彰化縣彰化市華山路２７３巷３２弄２２號二樓,0.0,住,,,1091107,土地0建物1車位0,二層,9,華廈(10層含以下有電梯),住家用,鋼筋混凝土造,0871231,88.14999999999999,2,1,1,有,有,有,10000,113,,0.0,0,,RPSOMLLJKIPFFAN98CC
彰化市,土地,平和段966地號,2512.0,農,,,1091111,土地1建物0車位0,,,其他,,,,0.0,0,0,0,有,無,無,80000,32,,0.0,0,含增建或未登記建物。；,RPQNMLMJKIPFFAN78CC
彰化市,建物,彰化縣彰化市華山路２７３巷３２弄１７號四樓,0.0,住,,,1091108,土地0建物1車位0,四層,9,華廈(10層含以下有電梯),住家用,鋼筋混凝土造,0871231,115.59,3,2,2,有,有,有,11000,95,,0.0,0,,RPOOMLMJKIPFFAN68CC
和美鎮,建物,彰化縣和美鎮和頭路２７７號二樓之２,0.0,,鄉村區,乙種建築用地,1091110,土地0建物1車位1,二層,5,華廈(10層含以下有電梯),見其他登記事項,鋼筋混凝土造,1080604,89.78,2,1,1,有,無,有,17000,189,一樓平面,0.0,0,,RPPOMLMJKIPFFBN88CC
和美鎮,房地(土地+建物),彰化縣和美鎮彰和路三段202號,1322.0,,特定農業區,丁種建築用地,1091201,土地1建物1車位0,見其他登記事項,1,工廠,工業用,鋼筋混凝土加強磚造,0580410,992.0,0,0,0,無,無,無,120000,,,0.0,0,租賃範圍不含車位，且無法區分車位面積。；,RPPNMLMJKIPFFBN88DC
員林市,建物,彰化縣員林市永和街5號,124.0,住,,,1091202,土地1建物0車位0,見其他登記事項,4,店面(店鋪),住家用,鋼筋混凝土加強磚造,0690117,264.27,6,2,4,有,無,無,18000,68,,0.0,0,,RPROMLNJKIPFFDN76CC
彰化市,建物,彰化縣彰化市民族路２３６號,0.0,住,,,1091115,土地0建物1車位0,一層,1,店面(店鋪),見其他登記事項,見其他登記事項,0970530,76.4,0,1,1,有,無,無,35000,458,,0.0,0,含增建或未登記建物。；,RPQOMLRJKIPFFAN76CC
員林市,房地(土地+建物),彰化縣員林市員水路二段421巷86弄11號,80.0,住,,,1091118,土地1建物1車位0,全,2,透天厝,住家用,加強磚造,0750712,132.31,4,2,3,有,無,有,12000,91,,0.0,0,,RPQOMLSJKIPFFDN17CC
員林市,房地(土地+建物),彰化縣員林市三條街233巷11號,83.0,住,,,1091117,土地1建物1車位0,全,3,透天厝,住家用,鋼筋混凝土造,0710120,125.01,4,2,3,有,無,有,12000,96,,0.0,0,,RPROMLSJKIPFFDN27CC
員林市,房地(土地+建物),彰化縣員林市建國路233號9樓之1,11.96,住,,,1091125,土地1建物1車位0,九層,10,華廈(10層含以下有電梯),住家用,鋼筋混凝土造,0840822,70.06,2,2,2,有,有,有,12000,171,,0.0,0,,RPSOMLSJKIPFFDN37CC
伸港鄉,土地,伸榮段800地號,1955.0,農,,,1091118,土地1建物0車位0,,,其他,,,,0.0,0,0,0,有,無,無,30000,15,,0.0,0,含增建或未登記建物。；,RPQNMLKKKIPFFBN78CC
