﻿編號,屋齡,建物移轉面積平方公尺,主要用途,主要建材,建築完成日期,總層數,建物分層
The serial number,room age,building shifting area square meter,the main use,main building materials,construction completes the date,total layer,building lamination
RPOPMLLKRHPFFAU47CC,34,157.69,農舍,鋼筋混凝土造,75年9月22日,二層,
RPTOMLPKRHPFFAU38DC,16,150.96,住家用,鋼筋混凝土造,93年4月2日,三層,
RPSOMLOKRHPFFAU08CC,2,47.28,住家用,鋼筋混凝土造,107年5月14日,五層,
RPXNMLQKRHPFFAU68CC,33,36.59,住家用,鋼筋混凝土造,76年11月4日,七層,
RPXNMLQKRHPFFAU68CC,33,11.63,住家用,鋼筋混凝土造,76年11月4日,七層,
RPRPMLQKRHPFFAU28CC,4,26.29,住家用,鋼筋混凝土造,105年12月28日,四層,
RPTPMLQKRHPFFAU48CC,61,29.01,住家用,木石磚造〈磚石造〉,,一層,
RPWPMLQKRHPFFAU78CC,13,220.34,住商用,鋼筋混凝土造,96年3月13日,三層,
RPOOMLRKRHPFFAU97CC,21,113.78,住家用,鋼筋混凝土造,88年5月20日,五層,
RPOOMLRKRHPFFAU97CC,21,13.39,停車空間,鋼筋混凝土造,88年5月20日,五層,
RPOOMLRKRHPFFAU97CC,21,25.66,共有部份,鋼筋混凝土造,88年5月20日,五層,
RPVNMLQKRHPFFAU48CC,4,195.58,住家用,鋼筋混凝土造,105年6月24日,四層,
RPVNMLQKRHPFFAU48CC,4,2.74,共有部份,鋼筋混凝土造,105年6月24日,,
RPUNMLRKRHPFFAU48CC,24,82.34,住家用,鋼筋混凝土造,85年6月3日,五層,
RPUNMLRKRHPFFAU48CC,24,21.94,共有部份,鋼筋混凝土造,85年6月8日,五層,
RPPOMLRKRHPFFAU18DC,47,92.64,住家用,鋼筋混凝土加強磚造,62年8月10日,二層,
RPRNMLSLRHPFFAU38CC,2,40.26,住家用,鋼筋混凝土造,107年5月14日,五層,
RPQNMLLLRHPFFAU57CC,2,24.80,店鋪、住宅,鋼筋混凝土造,107年6月4日,六層,
RPXOMLTLRHPFFAU56CC,32,17.00,住商用,鋼筋混凝土造,77年8月15日,四層,
RPRNMLSKRHPFFAU28CC,2,47.28,住家用,鋼筋混凝土造,107年5月14日,五層,
RPPPMLTLRHPFFAU48CC,8,203.87,住家用,鋼筋混凝土造,101年10月18日,四層,
RPWNMLTLRHPFFAU98CC,2,36.79,集合住宅,鋼筋混凝土造,107年6月22日,五層,
RPSNMLQJIIPFFAU27CC,4,24.79,住家用,鋼筋混凝土造,105年12月28日,四層,
RPWOMLQJIIPFFAU87DC,5,28.00,住家用,鋼筋混凝土造,104年8月25日,四層,
RPXOMLQJIIPFFAU97DC,5,31.00,住家用,鋼筋混凝土造,104年8月25日,四層,
RPSNMLRJIIPFFAU37CC,46,151.28,住家用,鋼筋混凝土造,64年1月28日,二層,
RPUNMLRJIIPFFAU57CC,34,114.78,住家用,鋼筋混凝土造,75年4月2日,五層,
RPUNMLRJIIPFFAU57CC,34,9.53,共有部份,鋼筋混凝土造,75年4月2日,五層,
RPUNMLRJIIPFFAU57CC,34,7.90,共有部份,鋼筋混凝土造,75年4月2日,五層,
RPTNMLRJIIPFFAU47CC,34,33.39,住家用,鋼筋混凝土造,76年1月13日,五層,
RPTNMLRJIIPFFAU47CC,34,1.59,共有部份,鋼筋混凝土造,76年1月13日,五層,
RPTNMLRJIIPFFAU47CC,34,2.91,共有部份,鋼筋混凝土造,76年1月13日,五層,
RPVNMLRJIIPFFAU67CC,3,23.53,住家用,鋼筋混凝土造,106年7月31日,五層,
RPXNMLRJIIPFFAU97DC,26,93.50,住家用,鋼筋混凝土造,83年5月18日,七層,
RPXNMLRJIIPFFAU97DC,26,24.56,共有部份,鋼筋混凝土造,83年5月18日,七層,
RPPPMLRJIIPFFAU27CC,39,153.21,住家用,鋼筋混凝土加強磚造,70年4月9日,二層,
RPPOMLSJIIPFFAU27CC,40,190.55,住商用,鋼筋混凝土造,69年4月21日,三層,
RPRNMLRJIIPFFAU27CC,44,96.95,住商用,鋼筋混凝土加強磚造,66年3月4日,二層,
RPUOMLSJIIPFFAU77CC,32,178.66,住商用,鋼筋混凝土造,77年8月18日,四層,
RPWNMLRJIIPFFAU77CC,44,59.80,住家用,鋼筋混凝土加強磚造,65年8月21日,二層,
RPOOMLNKIIPFFAU76CC,3,23.53,住家用,鋼筋混凝土造,106年7月31日,五層,
RPUOMLRJIIPFFAU67CC,2,47.28,住家用,鋼筋混凝土造,107年5月14日,五層,
RPWNMLTKIIPFFAU08CC,5,100.09,住家用,鋼筋混凝土造,104年8月24日,四層,
RPTOMLOKIIPFFAU37CC,17,274.54,住家用,鋼筋混凝土造,92年5月16日,四層,
RPRNMLMKIIPFFAU86CC,35,18.96,住家用,加強磚造,,一層,
RPTNMLTKIIPFFAU77CC,5,133.77,住家用,鋼筋混凝土造,104年8月24日,四層,
RPXNMLTKIIPFFAU18CC,25,68.46,住家用,鋼筋混凝土造,84年11月4日,十層,
RPXNMLTKIIPFFAU18CC,25,10.26,共有部份,鋼筋混凝土造,84年11月4日,十層,
RPXNMLTKIIPFFAU18CC,25,15.51,共有部份,鋼筋混凝土造,84年11月4日,十層,
RPWOMLTKIIPFFAU28DC,32,301.62,住商用,鋼筋混凝土造,77年12月15日,四層,
RPSNMLNLIIPFFAU17CC,10,261.83,農舍,鋼筋混凝土造,99年11月25日,三層,
RPTNMLNKIIPFFAU27DC,42,35.71,住家用,鋼筋混凝土加強磚造,67年4月11日,一層,
RPVNMLNLIIPFFAU47CC,25,59.46,住商用,鋼筋混凝土造,84年5月29日,四層,
RPPNMLRLIIPFFAU27CC,1,43.05,集合住宅,鋼筋混凝土造,108年11月28日,五層,
RPPNMLRLIIPFFAU27CC,1,15.14,共有部份,鋼筋混凝土造,108年11月28日,五層,
RPOOMLKLIIPFFAU56CC,41,134.87,住商用,鋼筋混凝土造,68年5月4日,三層,
RPXNMLLLIIPFFAU57DC,26,130.80,商業用,鋼筋混凝土造,83年6月11日,九層,
RPXNMLLLIIPFFAU57DC,26,12.37,共有部份,鋼筋混凝土造,83年6月11日,九層,
RPXNMLLLIIPFFAU57DC,26,13.18,共有部份,鋼筋混凝土造,83年6月11日,九層,
RPOOMLSLIIPFFAU47DC,3,19.80,住家用,鋼筋混凝土造,107年4月13日,四層,
RPWOMLNJJIPFFAU57CC,36,77.63,住家用,鋼筋混凝土造,73年9月10日,四層,
RPWOMLNJJIPFFAU57CC,37,7.03,共有部份,鋼筋混凝土造,72年9月10日,四層,
RPSNMLRLIIPFFAU67DC,26,74.08,住家用,鋼筋混凝土造,83年10月28日,十四層,
RPSNMLRLIIPFFAU67DC,26,22.04,共有部份,鋼筋混凝土造,83年10月28日,十四層,
RPSOMLMJJIPFFAU07CC,48,78.75,住家用,磚石造,,一層,
RPSOMLQJJIPFFAU57DC,27,115.93,住家用,鋼筋混凝土造,82年10月15日,七層,
RPSOMLQJJIPFFAU57DC,27,27.50,共有部份,鋼筋混凝土造,82年10月15日,七層,
RPROMLTLIIPFFAU77CC,4,69.53,住家用,鋼筋混凝土造,106年2月2日,七層,
RPROMLTLIIPFFAU77CC,4,32.22,共有部份,鋼筋混凝土造,106年2月2日,七層,
RPTNMLKKJIPFFAU96CC,31,26.45,住商用,鋼筋混凝土造,78年6月21日,三層,
RPXNMLLKJIPFFAU47CC,31,39.66,住商用,鋼筋混凝土造,78年6月21日,三層,
RPWNMLKKJIPFFAU27CC,31,26.44,住商用,鋼筋混凝土造,78年6月21日,三層,
RPVNMLKKJIPFFAU17CC,31,39.66,住商用,鋼筋混凝土造,78年6月21日,三層,
RPTNMLMKJIPFFAU37EC,17,260.02,住商用,鋼筋混凝土造,92年8月28日,四層,
RPQOMLMKJIPFFAU07DC,41,36.37,住商用,鋼筋混凝土造,69年1月1日,三層,
RPUNMLLKJIPFFAU17CC,31,39.66,住商用,鋼筋混凝土造,78年6月21日,三層,
RPQNMLRKJIPFFAU37CC,4,28.09,住家用,鋼筋混凝土造,105年12月28日,四層,
RPXNMLNKJIPFFAU77DC,36,39.83,住家用,鋼筋混凝土造,73年9月19日,五層,
RPXNMLNKJIPFFAU77DC,36,3.99,共有部份,鋼筋混凝土造,73年9月19日,五層,
RPXNMLNKJIPFFAU77DC,36,4.93,共有部份,鋼筋混凝土造,73年9月19日,五層,
RPPNMLTKJIPFFAU47CC,43,126.26,住商用,鋼筋混凝土加強磚造,66年8月9日,二層,
RPUOMLSKJIPFFAU97CC,43,126.26,住商用,鋼筋混凝土加強磚造,66年8月9日,二層,
RPQOMLTKJIPFFAU67CC,27,21.49,住家用,鋼筋混凝土造,82年10月14日,六層,
RPQOMLTKJIPFFAU67CC,27,7.30,共有部份,鋼筋混凝土造,82年10月14日,六層,
RPVNMLKLJIPFFAU27CC,26,143.20,住商用,鋼筋混凝土造,83年7月29日,九層,
RPVNMLKLJIPFFAU27CC,26,34.39,共有部份,鋼筋混凝土造,83年7月29日,九層,
RPSNMLNLJIPFFAU27CC,3,40.26,住家用,鋼筋混凝土造,107年5月14日,五層,
RPQOMLKLJIPFFAU86CC,20,14.09,停車空間,鋼筋混凝土造,89年8月7日,十五層,
RPXNMLOLJIPFFAU97DC,13,368.69,住商用,鋼筋混凝土造,96年9月28日,四層,
RPRNMLOLJIPFFAU27CC,20,68.76,住家用,鋼筋混凝土造,90年1月19日,六層,
RPRNMLOLJIPFFAU27CC,20,32.18,共有部份,鋼筋混凝土造,90年1月19日,六層,
RPRPMLKLJIPFFAU07CC,26,143.20,住商用,鋼筋混凝土造,83年7月29日,九層,
RPRPMLKLJIPFFAU07CC,26,34.39,共有部份,鋼筋混凝土造,83年7月29日,九層,
RPVOMLQLJIPFFAU97CC,2,295.82,住家用,鋼筋混凝土造,108年1月7日,三層,
RPUNMLMJKIPFFAU27CC,41,52.68,住商用,鋼筋混凝土加強磚造,69年3月31日,二層,
RPTNMLQLJIPFFAU67CC,32,249.60,住商用,鋼筋混凝土造,77年7月22日,三層,
RPOOMLLJKIPFFAU66CC,26,39.53,住家用,鋼筋混凝土造,83年5月18日,六層,
RPOOMLLJKIPFFAU66CC,26,17.67,共有部份,鋼筋混凝土造,83年5月18日,六層,
RPTNMLNJKIPFFAU37DC,48,94.67,住家用,鋼筋混凝土加強磚造,62年1月30日,二層,
RPVNMLMJKIPFFAU37CC,41,65.29,住商用,鋼筋混凝土加強磚造,69年3月31日,二層,
RPUNMLNJKIPFFAU47DC,26,45.42,住家用,鋼筋混凝土造,83年6月16日,五層,
RPSOMLOJKIPFFAU37CC,19,181.38,住家用,鋼筋混凝土造,90年10月25日,二層,
RPSNMLNJKIPFFAU17CC,29,180.92,廠房、單身宿舍、貯藏室,鋼筋混凝土造,80年12月19日,三層,
RPSNMLRJKIPFFAU57CC,24,150.13,住家用,鋼筋混凝土造,86年3月10日,七層,
RPQOMLRJKIPFFAU47CC,19,200.37,住家用,鋼筋混凝土造,90年10月25日,二層,
RPQNMLRJKIPFFAU37CC,29,73.65,住工用,鋼筋混凝土造,81年4月27日,四層,
