﻿編號,土地位置,土地移轉面積(平方公尺),使用分區或編定,權利人持分分母,權利人持分分子,移轉情形,地號
The serial number, land position,land shifting area square meter,the use zoning or compiles and checks,,,,land parcel
RPSNMLLLQHPFFAW77DA,安西劃段,54.10,都市：其他:自然村專用區,1000,345,持分移轉,02530000
RPRNMLLKRHPFFAW67DA,湖前段,45.94,都市：其他:自然村專用區,8,1,持分移轉,06170000
RPVNMLRJRHPFFAW58DA,大山段,51.75,都市：其他:自然村專用區,4,1,持分移轉,10660000
RPVNMLRJRHPFFAW58DA,大山段,51.75,都市：其他:自然村專用區,4,1,持分移轉,10660000
RPVNMLRJRHPFFAW58DA,大山段,51.75,都市：其他:自然村專用區,4,1,持分移轉,10660000
RPVNMLRJRHPFFAW58DA,大山段,51.75,都市：其他:自然村專用區,4,1,持分移轉,10660000
RPSNMLLKRHPFFAW77DA,湖前段,45.94,都市：其他:自然村專用區,8,1,持分移轉,06170000
RPSNMLOKRHPFFAW08DA,沙碧劃段,400.00,都市：其他:農業區,1,1,全筆移轉,03650000
RPSNMLOKRHPFFAW08DA,沙碧劃段,400.00,都市：其他:農業區,1,1,全筆移轉,03660000
RPPNMLQKRHPFFAW08EA,西山段,28.43,都市：其他:自然村專用區,100000,9851,持分移轉,06670000
RPPNMLQKRHPFFAW08EA,西山段,2.61,非都市： ; 非都市編定：,100000,9851,持分移轉,06670003
RPXNMLQKRHPFFAW88EA,太武段,113.33,都市：其他:自然村專用區,1,1,全筆移轉,05260000
RPQNMLQKRHPFFAW18EA,西山段,29.66,都市：其他:自然村專用區,100000,10280,持分移轉,06670000
RPQNMLQKRHPFFAW18EA,西山段,2.72,都市：其他:,100000,10280,持分移轉,06670003
RPRNMLQKRHPFFAW28EA,西山段,29.66,都市：其他:自然村專用區,100000,10280,持分移轉,06670000
RPRNMLQKRHPFFAW28EA,西山段,2.72,都市：其他:,100000,10280,持分移轉,06670003
RPOOMLSKQHPFFAW08DA,漁村段,48.64,都市：其他:自然村專用區,10000,507,持分移轉,00160000
RPVNMLRLQHPFFAW68DA,金門城測段,34.37,都市：其他:,10000,564,持分移轉,11060001
RPSNMLQKRHPFFAW38EA,西山段,14.21,都市：其他:自然村專用區,200000,9851,持分移轉,06670000
RPSNMLQKRHPFFAW38EA,西山段,14.21,都市：其他:自然村專用區,200000,9851,持分移轉,06670000
RPSNMLQKRHPFFAW38EA,西山段,1.30,都市：其他:,200000,9851,持分移轉,06670003
RPSNMLQKRHPFFAW38EA,西山段,1.30,都市：其他:,200000,9851,持分移轉,06670003
RPPNMLLKRHPFFAW57EA,北二三劃測段,391.02,都市：其他:自然村專用區,1,1,全筆移轉,06390005
RPPNMLLKRHPFFAW57EA,北二三劃測段,223.21,都市：其他:自然村專用區,1,1,全筆移轉,06390006
RPPNMLLKRHPFFAW57EA,北二三劃測段,165.07,都市：其他:道路用地,1,1,全筆移轉,06390057
RPPNMLLKRHPFFAW57EA,北二三劃測段,173.63,都市：其他:道路用地,1,1,全筆移轉,06390058
RPWNMLQKRHPFFAW68DA,西山段,407.80,都市：其他:農業區,2,1,持分移轉,05350000
RPWNMLQKRHPFFAW68DA,西山段,407.80,都市：其他:農業區,2,1,持分移轉,05350000
RPWNMLQKRHPFFAW68DA,西山段,65.76,都市：其他:道路用地,2,1,持分移轉,05350001
RPWNMLQKRHPFFAW68DA,西山段,65.76,都市：其他:道路用地,2,1,持分移轉,05350001
RPUNMLSKRHPFFAW78EA,官澳測段,359.21,都市：其他:國家公園區,1,1,全筆移轉,01460000
RPUNMLSKRHPFFAW78EA,官嶼劃段,518.08,都市：其他:農業區,2,1,持分移轉,01860000
RPUNMLSKRHPFFAW78EA,官嶼劃段,8.42,都市：其他:農業區,2,1,持分移轉,01860001
RPUNMLSKRHPFFAW78EA,官澳測段,1359.40,都市：其他:國家公園區,1,1,全筆移轉,04330000
RPUNMLSKRHPFFAW78EA,青嶼測段,461.42,都市：其他:農業區,1,1,全筆移轉,05120000
RPUNMLSKRHPFFAW78EA,官澳測段,719.38,都市：其他:國家公園區,1,1,全筆移轉,05460000
RPUNMLSKRHPFFAW78EA,官澳測段,653.00,都市：其他:國家公園區,1,1,全筆移轉,05570000
RPUNMLSKRHPFFAW78EA,官澳測段,539.61,都市：其他:國家公園區,1,1,全筆移轉,05630000
RPPNMLLLRHPFFAW67EA,古坵段,420.00,都市：其他:自然村專用區,1,1,全筆移轉,08650000
RPPNMLLLRHPFFAW67EA,古坵段,319.00,都市：其他:自然村專用區,1,1,全筆移轉,10080000
RPPNMLSJRHPFFAW08DA,中五劃段,967.00,都市：其他:國家公園區,1,1,全筆移轉,06110000
RPVNMLNJRHPFFAW18DA,陽宅段,2.64,都市：其他:自然村專用區,14,1,持分移轉,10390015
RPVNMLNJRHPFFAW18DA,陽宅段,113.90,都市：其他:自然村專用區,1,1,全筆移轉,10390017
RPQNMLMLRHPFFAW87EA,長寮段,111.94,都市：其他:農業區,1,1,全筆移轉,09230003
RPQNMLNLRHPFFAW97EA,蔡厝劃測段,986.23,都市：其他:農業區,1,1,全筆移轉,02390000
RPPNMLMLRHPFFAW77EA,寧安二劃段,16.67,都市：其他:自然村專用區,20,1,持分移轉,03780001
RPPNMLMLRHPFFAW77EA,寧安二劃段,5.65,都市：其他:農業區,20,1,持分移轉,03790008
RPPNMLMLRHPFFAW77EA,寧安二劃段,29.00,都市：其他:自然村專用區,20,1,持分移轉,03910000
RPPNMLOLRHPFFAW97EA,前水頭測段,167.56,都市：其他:國家公園區,2,1,持分移轉,02900000
RPPNMLOLRHPFFAW97EA,水頭段,448.29,都市：其他:國家公園區,2,1,持分移轉,03670000
RPTNMLMLRHPFFAW18EA,西山段,29.66,都市：其他:自然村專用區,100000,10280,持分移轉,06670000
RPTNMLMLRHPFFAW18EA,西山段,2.72,都市：其他:自然村專用區,100000,10280,持分移轉,06670003
RPVNMLMLRHPFFAW38EA,大園段,401.19,都市：其他:國家公園區,1,1,全筆移轉,06460000
RPVNMLMLRHPFFAW38EA,龍潭段,356.00,都市：其他:國家公園區,1,1,全筆移轉,11790000
RPVNMLMLRHPFFAW38EA,龍潭段,410.59,都市：其他:國家公園區,1,1,全筆移轉,11800000
RPQNMLNJRHPFFAW67DA,陽宅段,27.94,都市：其他:自然村專用區,12,1,持分移轉,10390000
RPQNMLNJRHPFFAW67DA,陽宅段,90.40,都市：其他:自然村專用區,1,1,全筆移轉,10390003
RPQNMLNJRHPFFAW67DA,陽宅段,2.64,都市：其他:自然村專用區,14,1,持分移轉,10390015
RPQNMLPLQHPFFAW97DA,祥瑞段,37.56,都市：其他:第三種住宅區。,10,1,持分移轉,00210000
RPUNMLMLRHPFFAW28EA,西山段,28.63,都市：其他:自然村專用區,100000,9923,持分移轉,06670000
RPUNMLMLRHPFFAW28EA,西山段,2.63,都市：其他:,100000,9923,持分移轉,06670003
RPWNMLPLRHPFFAW68DA,東紅山段,57.97,都市：其他:自然村專用區,9,1,持分移轉,00410000
RPPNMLRKRHPFFAW08DA,祥豐段,17.49,都市：其他:第三種住宅區。,10000,225,持分移轉,00390000
RPPNMLRKRHPFFAW08DA,祥豐段,13.57,都市：其他:第三種住宅區。,10000,225,持分移轉,00400000
RPTNMLPLRHPFFAW38DA,湖前段,45.94,都市：其他:自然村專用區,8,1,持分移轉,06170000
RPXNMLPLRHPFFAW88EA,東洲段,5.84,都市：其他:自然村專用區,24,1,持分移轉,04940000
RPXNMLPLRHPFFAW88EA,東洲段,97.95,都市：其他:自然村專用區,1,1,全筆移轉,04940009
RPOOMLPLRHPFFAW97DA,后沙村測段,236.01,都市：其他:自然村專用區,1,1,全筆移轉,00740000
RPTNMLSKRHPFFAW58DA,士校段,216.00,都市：其他:自然村專用區,1,1,全筆移轉,11120000
RPQNMLNJQHPFFAW57DA,小西門劃測段,58.69,都市：其他:自然村專用區,10000,801,持分移轉,02330002
RPTNMLKKRHPFFAW77DA,北二三劃測段,49.57,都市：其他:自然村專用區,10000,268,持分移轉,02640000
RPVNMLPLRHPFFAW58DA,寧古劃段,578.50,都市：其他:國家公園區,2,1,持分移轉,06940000
RPVNMLPLRHPFFAW58DA,寧古劃段,578.50,都市：其他:國家公園區,2,1,持分移轉,06940000
RPVNMLPLRHPFFAW58DA,寧古劃段,199.00,都市：其他:國家公園區,2,1,持分移轉,11790000
RPVNMLPLRHPFFAW58DA,寧古劃段,199.00,都市：其他:國家公園區,2,1,持分移轉,11790000
RPPOMLPLQHPFFAW97DA,安西劃段,54.10,都市：其他:自然村專用區,1000,345,持分移轉,02530000
RPQNMLSLRHPFFAW48EA,賢厝段,801.95,都市：其他:農業區,1,1,全筆移轉,08490000
RPQNMLSLRHPFFAW48EA,太湖劃測段,516.52,都市：其他:農業區,1,1,全筆移轉,10070000
RPSNMLTLRHPFFAW68DA,楊厝測段,427.84,都市：其他:農業區,1,1,全筆移轉,12240000
RPQNMLTLRHPFFAW58EA,官嶼劃段,550.00,都市：其他:農業區,2,1,持分移轉,00050000
RPQNMLTLRHPFFAW58EA,官嶼劃段,550.00,都市：其他:農業區,2,1,持分移轉,00050000
RPSNMLPJIIPFFAW27DA,小西門劃測段,290.00,都市：其他:農業區,1,1,全筆移轉,02900000
RPXNMLNJRHPFFAW38DA,陽宅段,27.94,都市：其他:自然村專用區,12,1,持分移轉,10390000
RPXNMLNJRHPFFAW38DA,陽宅段,109.10,都市：其他:自然村專用區,1,1,全筆移轉,10390005
RPXNMLNJRHPFFAW38DA,陽宅段,2.64,都市：其他:自然村專用區,14,1,持分移轉,10390015
RPQNMLRJPHPFFAW87DA,古坵段,367.00,都市：其他:農業區,1,1,全筆移轉,06220000
RPQNMLRJPHPFFAW87DA,莒光樓段,14.19,都市：其他:農業區,12,1,持分移轉,07110002
RPQNMLRJPHPFFAW87DA,莒光樓段,108.04,都市：其他:農業區,1,1,全筆移轉,07110009
RPQNMLRJPHPFFAW87DA,莒光樓段,11.30,都市：其他:農業區,2,1,持分移轉,07110010
RPQNMLKMRHPFFAW77EA,市港段,11.27,都市：其他:第五種住宅區,100000,639,持分移轉,00580000
RPPNMLSLRHPFFAW28DA,沙港劃段,1000.02,都市：其他:農業區,1,1,全筆移轉,07210000
RPPNMLSLRHPFFAW28DA,沙港劃段,1191.47,都市：其他:農業區,1,1,全筆移轉,11790000
RPPNMLSLRHPFFAW28DA,沙港劃段,180.13,都市：其他:農業區,1,1,全筆移轉,12530000
RPPNMLKMRHPFFAW67EA,祥瑞段,23.03,都市：其他:第三種住宅區。,30,1,持分移轉,05510000
RPPNMLPKRHPFFAW87DA,寧湖二劃測段,131.82,都市：其他:自然村專用區,12,6,持分移轉,10070008
RPPNMLPKRHPFFAW87DA,寧湖二劃測段,14.18,都市：其他:自然村專用區,10000,558,持分移轉,10070009
RPPNMLQJIIPFFAW07DA,延平段,868.46,都市：其他:農業區、公園用地、道路用地,1,1,全筆移轉,07240000
RPPNMLQJIIPFFAW07DA,延平段,985.29,都市：其他:農業區,1,1,全筆移轉,07290000
RPTNMLPJIIPFFAW37DA,大園段,589.51,都市：其他:國家公園區,1,1,全筆移轉,01110000
RPPNMLTLRHPFFAW38DA,西山段,29.66,都市：其他:自然村專用區,100000,10280,持分移轉,06670000
RPPNMLTLRHPFFAW38DA,西山段,2.72,都市：其他:自然村專用區,100000,10280,持分移轉,06670003
RPUNMLPLRHPFFAW48DA,浦邊測段,1353.57,都市：其他:農業區,1,1,全筆移轉,07080000
RPWNMLQJIIPFFAW77DA,西山段,26.33,都市：其他:自然村專用區,100000,9124,持分移轉,06670000
RPWNMLQJIIPFFAW77DA,西山段,2.41,都市：其他:自然村專用區,100000,9124,持分移轉,06670003
RPTOMLSKQHPFFAW58DA,金門城測段,34.80,都市：其他:自然村專用區,10000,571,持分移轉,11060001
RPQNMLQLQHPFFAW08DA,金門城測段,34.80,都市：其他:自然村專用區,10000,571,持分移轉,11060001
RPSNMLSJIIPFFAW57DA,寧湖二劃測段,14.00,都市：其他:自然村專用區,36160,1400,持分移轉,12220000
RPSNMLSJIIPFFAW57DA,寧湖二劃測段,21.57,都市：其他:自然村專用區,10,1,持分移轉,12220009
RPSNMLSJIIPFFAW57DA,寧湖二劃測段,24.36,都市：其他:自然村專用區,10,1,持分移轉,12220010
RPRNMLMKIIPFFAW07EA,盤山村測段,56.00,都市：其他:自然村專用區,4,1,持分移轉,00680000
RPTNMLSJIIPFFAW67DA,寧湖二劃測段,14.00,都市：其他:自然村專用區,36160,1400,持分移轉,12220000
RPTNMLSJIIPFFAW67DA,寧湖二劃測段,21.57,都市：其他:自然村專用區,10,1,持分移轉,12220009
RPTNMLSJIIPFFAW67DA,寧湖二劃測段,24.36,都市：其他:自然村專用區,10,1,持分移轉,12220010
RPTOMLKMPHPFFAW87DA,金門城測段,38.95,都市：其他:自然村專用區,10000,639,持分移轉,11060001
RPUNMLMKIIPFFAW27DA,寧湖二劃測段,783.94,都市：其他:農業區,1,1,全筆移轉,14590000
RPQNMLMKIIPFFAW86DA,寧劃段,490.70,都市：其他:農業區,1,1,全筆移轉,00410000
RPQOMLPKIIPFFAW37EA,湖前段,407.14,都市：其他:自然村專用區,7,5,持分移轉,13510000
RPQNMLPKIIPFFAW27EA,寧湖一劃段,21.91,都市：其他:農業區,92040,21913,持分移轉,00350000
RPQNMLPKIIPFFAW27EA,寧湖一劃段,89.25,都市：其他:農業區,1,1,全筆移轉,00350003
RPQNMLPKIIPFFAW27EA,寧湖一劃段,34.29,都市：其他:農業區,282320,34288,持分移轉,00350004
RPQNMLPKIIPFFAW27EA,寧湖一劃段,1.94,都市：其他:農業區,101340,1937,持分移轉,00350013
RPRNMLPKIIPFFAW37EA,寧湖一劃段,7.77,都市：其他:農業區,92040,7773,持分移轉,00350000
RPRNMLPKIIPFFAW37EA,寧湖一劃段,34.29,都市：其他:農業區,282320,34288,持分移轉,00350004
RPRNMLPKIIPFFAW37EA,寧湖一劃段,89.25,都市：其他:農業區,1,1,全筆移轉,00350005
RPRNMLPKIIPFFAW37EA,寧湖一劃段,16.08,都市：其他:農業區,101340,16077,持分移轉,00350013
RPPNMLPKIIPFFAW17EA,寧湖一劃段,22.19,都市：其他:農業區,92040,22188,持分移轉,00350000
RPPNMLPKIIPFFAW17EA,寧湖一劃段,92.82,都市：其他:農業區,1,1,全筆移轉,00350002
RPPNMLPKIIPFFAW17EA,寧湖一劃段,34.40,都市：其他:農業區,282320,34402,持分移轉,00350004
RPPNMLPKIIPFFAW17EA,寧湖一劃段,2.00,都市：其他:農業區,101340,2004,持分移轉,00350013
RPUNMLPKIIPFFAW67EA,寧湖一劃段,8.50,都市：其他:農業區,92040,8496,持分移轉,00350000
RPUNMLPKIIPFFAW67EA,寧湖一劃段,31.60,都市：其他:農業區,282320,31595,持分移轉,00350004
RPUNMLPKIIPFFAW67EA,寧湖一劃段,98.92,都市：其他:農業區,1,1,全筆移轉,00350012
RPUNMLPKIIPFFAW67EA,寧湖一劃段,16.26,都市：其他:農業區,101340,16260,持分移轉,00350013
RPSNMLPKIIPFFAW47EA,寧湖一劃段,7.77,都市：其他:農業區,92040,7773,持分移轉,00350000
RPSNMLPKIIPFFAW47EA,寧湖一劃段,34.29,都市：其他:農業區,282320,34288,持分移轉,00350004
RPSNMLPKIIPFFAW47EA,寧湖一劃段,89.25,都市：其他:農業區,1,1,全筆移轉,00350006
RPSNMLPKIIPFFAW47EA,寧湖一劃段,16.08,都市：其他:農業區,101340,16077,持分移轉,00350013
RPTNMLPKIIPFFAW57EA,寧湖一劃段,7.77,都市：其他:農業區,92040,7773,持分移轉,00350000
RPTNMLPKIIPFFAW57EA,寧湖一劃段,34.29,都市：其他:農業區,282320,34288,持分移轉,00350004
RPTNMLPKIIPFFAW57EA,寧湖一劃段,89.25,都市：其他:農業區,1,1,全筆移轉,00350007
RPTNMLPKIIPFFAW57EA,寧湖一劃段,16.08,都市：其他:農業區,101340,16077,持分移轉,00350013
RPPNMLQLRHPFFAW08DA,尚義段,7.88,都市：其他:自然村專用區,10000,293,持分移轉,10470000
RPPNMLQLRHPFFAW08DA,尚義段,31.38,都市：其他:自然村專用區,10000,293,持分移轉,10480001
RPRNMLQLRHPFFAW28DA,西堡劃測段,979.50,都市：其他:農業區,2,1,持分移轉,03130000
RPRNMLSKRHPFFAW38DA,小西門劃測段,76.93,都市：其他:自然村專用區,10000,1050,持分移轉,02330002
RPRNMLNLRHPFFAW97DA,湖前段,77.06,都市：其他:自然村專用區,6,1,持分移轉,08550000
RPXNMLQJIIPFFAW87DA,西山段,28.43,都市：其他:自然村專用區,100000,9851,持分移轉,06670000
RPXNMLQJIIPFFAW87DA,西山段,2.61,都市：其他:,100000,9851,持分移轉,06670003
RPVNMLTKIIPFFAW08DA,中一段,956.62,都市：其他:農業區,1,1,全筆移轉,00250000
RPPOMLPKIIPFFAW17DA,中四劃段,352.00,都市：其他:農業區,1,1,全筆移轉,00090000
RPXNMLPKIIPFFAW97EA,寧湖一劃段,2.35,都市：其他:農業區,28232,235,持分移轉,00350004
RPXNMLPKIIPFFAW97EA,寧湖一劃段,155.03,都市：其他:農業區,1,1,全筆移轉,00350008
RPVNMLPKIIPFFAW77EA,寧湖一劃段,8.01,都市：其他:農業區,92040,8013,持分移轉,00350000
RPVNMLPKIIPFFAW77EA,寧湖一劃段,33.39,都市：其他:農業區,28232,3339,持分移轉,00350004
RPVNMLPKIIPFFAW77EA,寧湖一劃段,92.44,都市：其他:農業區,1,1,全筆移轉,00350011
RPVNMLPKIIPFFAW77EA,寧湖一劃段,16.14,都市：其他:農業區,101340,16137,持分移轉,00350013
RPWNMLPKIIPFFAW87EA,寧湖一劃段,8.11,都市：其他:農業區,92040,8111,持分移轉,00350000
RPWNMLPKIIPFFAW87EA,寧湖一劃段,33.43,都市：其他:農業區,282320,33431,持分移轉,00350004
RPWNMLPKIIPFFAW87EA,寧湖一劃段,93.13,都市：其他:農業區,1,1,全筆移轉,00350010
RPWNMLPKIIPFFAW87EA,寧湖一劃段,16.77,都市：其他:農業區,101340,16771,持分移轉,00350013
RPOOMLPKIIPFFAW17EA,寧湖一劃段,10.00,都市：其他:農業區,28232,1000,持分移轉,00350004
RPOOMLPKIIPFFAW17EA,寧湖一劃段,163.10,都市：其他:農業區,1,1,全筆移轉,00350009
RPQNMLKLIIPFFAW76DA,沙田劃段,1000.00,都市：其他:保護區,1,1,全筆移轉,02140000
RPPNMLKLIIPFFAW66DA,泗湖村測段,57.82,都市：其他:自然村專用區,2,1,持分移轉,00720000
RPVOMLPKIIPFFAW77DA,石牌段,1383.88,都市：其他:農業區,1,1,全筆移轉,00120000
RPVOMLPKIIPFFAW77DA,石牌段,685.49,都市：其他:農業區,1,1,全筆移轉,01600000
RPVOMLPKIIPFFAW77DA,石牌段,860.99,都市：其他:農業區,1,1,全筆移轉,02650000
RPVOMLPKIIPFFAW77DA,石牌段,527.63,都市：其他:農業區,1,1,全筆移轉,02660000
RPVOMLPKIIPFFAW77DA,瓊林段,343.70,都市：其他:國家公園區,2,1,持分移轉,15150000
RPVOMLPKIIPFFAW77DA,瓊林段,1235.20,都市：其他:國家公園區,1,1,全筆移轉,15210000
RPSNMLMKIIPFFAW07DA,祥豐段,8.74,都市：其他:第三種住宅區。,20000,225,持分移轉,00390000
RPSNMLMKIIPFFAW07DA,祥豐段,8.74,都市：其他:第三種住宅區。,20000,225,持分移轉,00390000
RPSNMLMKIIPFFAW07DA,祥豐段,6.78,都市：其他:第三種住宅區。,20000,225,持分移轉,00400000
RPSNMLMKIIPFFAW07DA,祥豐段,6.78,都市：其他:第三種住宅區。,20000,225,持分移轉,00400000
RPWNMLRJIIPFFAW87DA,寧安二劃段,118.00,都市：其他:農業區,1,1,全筆移轉,03790003
RPXNMLRJIIPFFAW97DA,寧安二劃段,102.00,都市：其他:農業區,1,1,全筆移轉,03790002
RPOOMLRJIIPFFAW17DA,寧安二劃段,102.00,都市：其他:農業區,1,1,全筆移轉,03790006
RPRNMLKLIIPFFAW86DA,青山段,55.99,都市：其他:自然村專用區,10000,770,持分移轉,10320000
RPOOMLQJIIPFFAW07DA,珠山段,986.57,都市：其他:國家公園區,1,1,全筆移轉,05390000
RPPNMLRJIIPFFAW17DA,寧安二劃段,108.00,都市：其他:自然村專用區,1,1,全筆移轉,03910004
RPPOMLQJIIPFFAW17DA,中蘭劃測段,400.00,都市：其他:農業區,1,1,全筆移轉,01600001
RPRNMLRJIIPFFAW37DA,寧安二劃段,102.00,都市：其他:自然村專用區,1,1,全筆移轉,03910002
RPQNMLRJIIPFFAW27DA,寧安二劃段,102.00,都市：其他:自然村專用區,1,1,全筆移轉,03910003
RPSNMLPJQHPFFAW97DA,寧湖二劃測段,349.24,都市：其他:自然村專用區,1,1,全筆移轉,03900000
RPSNMLRJIIPFFAW47DA,寧安二劃段,16.67,都市：其他:自然村專用區,20,1,持分移轉,03780001
RPSNMLRJIIPFFAW47DA,寧安二劃段,5.65,都市：其他:農業區,20,1,持分移轉,03790008
RPSNMLRJIIPFFAW47DA,寧安二劃段,29.00,都市：其他:自然村專用區,20,1,持分移轉,03910000
RPPNMLMKIIPFFAW76DA,寧古劃段,500.00,都市：其他:國家公園區,1,1,全筆移轉,07560000
RPTNMLRJIIPFFAW57DA,寧安二劃段,16.67,都市：其他:自然村專用區,20,1,持分移轉,03780001
RPTNMLRJIIPFFAW57DA,寧安二劃段,5.65,都市：其他:農業區,20,1,持分移轉,03790008
RPTNMLRJIIPFFAW57DA,寧安二劃段,29.00,都市：其他:自然村專用區,20,1,持分移轉,03910000
RPUNMLRJIIPFFAW67DA,寧安二劃段,16.67,都市：其他:自然村專用區,20,1,持分移轉,03780001
RPUNMLRJIIPFFAW67DA,寧安二劃段,5.65,都市：其他:農業區,20,1,持分移轉,03790008
RPUNMLRJIIPFFAW67DA,寧安二劃段,29.00,都市：其他:自然村專用區,20,1,持分移轉,03910000
RPVNMLRJIIPFFAW77DA,寧安二劃段,16.67,都市：其他:自然村專用區,20,1,持分移轉,03780001
RPVNMLRJIIPFFAW77DA,寧安二劃段,5.65,都市：其他:農業區,20,1,持分移轉,03790008
RPVNMLRJIIPFFAW77DA,寧安二劃段,29.00,都市：其他:自然村專用區,20,1,持分移轉,03910000
RPXNMLLLIIPFFAW57DA,北一段,9.85,都市：其他:農業區,30000,441,持分移轉,00230000
RPXNMLLLIIPFFAW57DA,北一段,2.12,都市：其他:農業區,30000,441,持分移轉,00230002
RPVNMLLLIIPFFAW37DA,古井段,732.42,都市：其他:農業區,1,1,全筆移轉,01000000
RPVNMLLLIIPFFAW37DA,古井段,11.41,都市：其他:道路用地,1,1,全筆移轉,01000001
RPVNMLLLIIPFFAW37DA,古井段,.11,都市：其他:道路用地,1,1,全筆移轉,01000002
RPQNMLLLIIPFFAW86DA,寧安二劃段,1000.00,都市：其他:農業區,1,1,全筆移轉,02940000
RPQNMLLLIIPFFAW86DA,西堡劃測段,398.27,都市：其他:保護區,1,1,全筆移轉,04740000
RPTNMLTKIIPFFAW87DA,市港段,48.61,都市：其他:第五種住宅區,10000000000,1315300000,持分移轉,00070000
RPQNMLMLIIPFFAW96DA,士校段,99.00,都市：其他:自然村專用區,1,1,全筆移轉,11710000
RPSNMLKLIIPFFAW07EA,市港段,25.17,都市：其他:第五種住宅區,10000000000,255700000,持分移轉,00960000
RPRNMLNLIIPFFAW17DA,湖前段,21.46,都市：其他:自然村專用區,14,1,持分移轉,05280021
RPRNMLNLIIPFFAW17DA,湖前段,84.00,都市：其他:自然村專用區,1,1,全筆移轉,05280032
RPPNMLNLRHPFFAW77DA,湖前段,96.02,都市：其他:自然村專用區,200054,9602,持分移轉,05460000
RPPNMLLLIIPFFAW86EA,城隍廟段,146.19,都市：其他:第二種住宅區,1,1,全筆移轉,01620000
RPQNMLTJRHPFFAW28DA,后垵段,626.22,都市：其他:農業區,1,1,全筆移轉,10280000
RPRNMLKMRHPFFAW77DA,湖前段,15.00,都市：其他:商業區,16872,150,持分移轉,00100000
RPRNMLKMRHPFFAW77DA,湖前段,15.00,都市：其他:商業區,16872,150,持分移轉,00100000
RPRNMLKMRHPFFAW77DA,湖前段,15.00,都市：其他:商業區,16872,150,持分移轉,00100000
RPPNMLQLIIPFFAW37EA,九宮測段,150.44,都市：其他:保護區,1,1,全筆移轉,03870000
RPROMLPKIIPFFAW37DA,古崗段,39.70,都市：其他:自然村專用區,15,1,持分移轉,07420000
RPROMLPKIIPFFAW37DA,古崗段,4.47,都市：其他:自然村專用區,15,1,持分移轉,08020000
RPROMLPKIIPFFAW37DA,古崗段,3.33,都市：其他:風景區,15,1,持分移轉,08090000
RPPNMLMLIIPFFAW86DA,延平段,77.96,都市：其他:農業區,1,1,全筆移轉,04540000
RPSNMLMLIIPFFAW17DA,嚨口村測段,44.71,都市：其他:,6,1,持分移轉,00390000
RPVNMLQLIIPFFAW87DA,蔡厝劃測段,320.38,都市：其他:農業區,2,1,持分移轉,07560000
RPVNMLQLIIPFFAW87DA,蔡厝劃測段,320.38,都市：其他:農業區,2,1,持分移轉,07560000
RPSOMLPKIIPFFAW47DA,古崗段,39.70,都市：其他:自然村專用區,15,1,持分移轉,07420000
RPSOMLPKIIPFFAW47DA,古崗段,4.47,都市：其他:自然村專用區,15,1,持分移轉,08020000
RPSOMLPKIIPFFAW47DA,古崗段,3.33,都市：其他:風景區,15,1,持分移轉,08090000
RPSNMLLLIIPFFAW07DA,古崗段,39.70,都市：其他:自然村專用區,15,1,持分移轉,07420000
RPSNMLLLIIPFFAW07DA,古崗段,4.47,都市：其他:自然村專用區,15,1,持分移轉,08020000
RPRNMLMLIIPFFAW07DA,嚨口村測段,22.35,都市：其他:,12,1,持分移轉,00390000
RPSNMLLLIIPFFAW07DA,古崗段,3.33,都市：其他:風景區,15,1,持分移轉,08090000
RPRNMLMLIIPFFAW07DA,嚨口村測段,22.35,都市：其他:,12,1,持分移轉,00390000
RPUNMLSLIIPFFAW97DA,盤山村測段,56.36,都市：其他:自然村專用區,3,1,持分移轉,01090000
RPUNMLSLIIPFFAW97DA,盤山村測段,56.36,都市：其他:自然村專用區,3,1,持分移轉,01090000
RPUNMLSLIIPFFAW97DA,盤山村測段,56.36,都市：其他:自然村專用區,3,1,持分移轉,01090000
RPVOMLSLIIPFFAW18DA,青山段,42.20,都市：其他:自然村專用區,100000,12611,持分移轉,09850000
RPVOMLSLIIPFFAW18DA,青山段,19.45,都市：其他:自然村專用區,100000,8558,持分移轉,09850001
RPWOMLSLIIPFFAW28DA,鵲山段,728.30,都市：其他:保護區,1,1,全筆移轉,01280000
RPWNMLSLIIPFFAW28EA,北八劃段,1000.00,都市：其他:農業區,1,1,全筆移轉,04870000
RPOOMLTLIIPFFAW57DA,官嶼劃段,1000.00,都市：其他:農業區,1,1,全筆移轉,09080000
RPOOMLTLIIPFFAW57DA,官澳段,497.00,都市：其他:自然村專用區,4,2,持分移轉,14090000
RPPOMLTLIIPFFAW67DA,官澳段,249.00,都市：其他:自然村專用區,4,1,持分移轉,14130000
RPPOMLTLIIPFFAW67DA,官澳段,249.00,都市：其他:自然村專用區,4,1,持分移轉,14130000
RPSNMLQLIIPFFAW57DA,嚨口村測段,44.71,都市：其他:,6,1,持分移轉,00390000
RPPNMLMJJIPFFAW76DA,歐厝段,383.77,都市：其他:農業區,1,1,全筆移轉,00010000
RPPNMLMJJIPFFAW76DA,歐厝段,163.11,都市：其他:道路用地,1,1,全筆移轉,00010001
RPQNMLMJJIPFFAW86DA,安西劃段,198.45,都市：其他:自然村專用區,9,3,持分移轉,02410000
RPQNMLSLIIPFFAW57DA,煙墩段,37.64,都市：其他:自然村專用區,10000,621,持分移轉,10060000
RPQNMLSLIIPFFAW57DA,煙墩段,64.08,都市：其他:自然村專用區,10000,621,持分移轉,10070000
RPVNMLSLIIPFFAW08DA,湖前段,44.29,都市：其他:自然村專用區,3,1,持分移轉,08900000
RPVNMLSLIIPFFAW08DA,湖前段,19.44,都市：其他:自然村專用區,3,1,持分移轉,08900001
RPWNMLQLIIPFFAW97DA,寧安二劃段,16.67,都市：其他:自然村專用區,20,1,持分移轉,03780001
RPXNMLQLIIPFFAW08DA,寧安二劃段,16.67,都市：其他:自然村專用區,20,1,持分移轉,03780001
RPWNMLQLIIPFFAW97DA,寧安二劃段,5.65,都市：其他:農業區,20,1,持分移轉,03790008
RPXNMLQLIIPFFAW08DA,寧安二劃段,5.65,都市：其他:農業區,20,1,持分移轉,03790008
RPWNMLSLIIPFFAW18DA,湖前段,122.22,都市：其他:自然村專用區,1,1,全筆移轉,05450005
RPWNMLQLIIPFFAW97DA,寧安二劃段,29.00,都市：其他:自然村專用區,20,1,持分移轉,03910000
RPXNMLQLIIPFFAW08DA,寧安二劃段,29.00,都市：其他:自然村專用區,20,1,持分移轉,03910000
RPRNMLSLIIPFFAW67DA,煙墩段,37.64,都市：其他:自然村專用區,10000,621,持分移轉,10060000
RPRNMLSLIIPFFAW67DA,煙墩段,64.08,都市：其他:自然村專用區,10000,621,持分移轉,10070000
RPOOMLQLIIPFFAW27DA,寧安二劃段,16.67,都市：其他:自然村專用區,20,1,持分移轉,03780001
RPOOMLQLIIPFFAW27DA,寧安二劃段,5.65,都市：其他:農業區,20,1,持分移轉,03790008
RPOOMLQLIIPFFAW27DA,寧安二劃段,29.00,都市：其他:自然村專用區,20,1,持分移轉,03910000
RPQOMLQLIIPFFAW47DA,寧安二劃段,16.67,都市：其他:自然村專用區,20,1,持分移轉,03780001
RPQOMLQLIIPFFAW47DA,寧安二劃段,5.65,都市：其他:農業區,20,1,持分移轉,03790008
RPQOMLQLIIPFFAW47DA,寧安二劃段,29.00,都市：其他:自然村專用區,20,1,持分移轉,03910000
RPTNMLSLIIPFFAW87DA,煙墩段,9.88,都市：其他:自然村專用區,10000,163,持分移轉,10060000
RPTNMLSLIIPFFAW87DA,煙墩段,16.82,都市：其他:自然村專用區,10000,163,持分移轉,10070000
RPSNMLSLIIPFFAW77DA,煙墩段,37.64,都市：其他:自然村專用區,10000,621,持分移轉,10060000
RPSNMLSLIIPFFAW77DA,煙墩段,64.08,都市：其他:自然村專用區,10000,621,持分移轉,10070000
RPPNMLNJJIPFFAW86DA,寧湖二劃測段,14.00,都市：其他:自然村專用區,36160,1400,持分移轉,12220000
RPPNMLNJJIPFFAW86DA,寧湖二劃測段,21.57,都市：其他:自然村專用區,10,1,持分移轉,12220009
RPPNMLNJJIPFFAW86DA,寧湖二劃測段,24.36,都市：其他:自然村專用區,10,1,持分移轉,12220010
RPRNMLKMIIPFFAW96DA,寧湖二劃測段,32.81,都市：其他:自然村專用區,1000,46,持分移轉,07750000
RPSOMLQLIIPFFAW67DA,寧安二劃段,16.67,都市：其他:自然村專用區,20,1,持分移轉,03780001
RPSOMLQLIIPFFAW67DA,寧安二劃段,5.65,都市：其他:農業區,20,1,持分移轉,03790008
RPSOMLQLIIPFFAW67DA,寧安二劃段,29.00,都市：其他:自然村專用區,20,1,持分移轉,03910000
RPUNMLQLIIPFFAW77DA,嚨口村測段,44.71,都市：其他:,6,1,持分移轉,00390000
RPTNMLQLIIPFFAW67DA,嚨口村測段,44.71,都市：其他:,6,1,持分移轉,00390000
RPXNMLMJJIPFFAW57DA,湖前段,91.84,都市：其他:保存區,9,3,持分移轉,00280000
RPXNMLMJJIPFFAW57DA,湖前段,159.01,都市：其他:道路用地,9,3,持分移轉,00280001
RPXNMLMJJIPFFAW57DA,湖前段,65.42,都市：其他:保護區,9,3,持分移轉,00280002
RPQNMLNJJIPFFAW96DA,寧湖二劃測段,14.00,都市：其他:自然村專用區,36160,1400,持分移轉,12220000
RPQNMLNJJIPFFAW96DA,寧湖二劃測段,21.57,都市：其他:自然村專用區,10,1,持分移轉,12220009
RPQNMLNJJIPFFAW96DA,寧湖二劃測段,24.36,都市：其他:自然村專用區,10,1,持分移轉,12220010
RPRNMLNJJIPFFAW07DA,寧湖二劃測段,14.00,都市：其他:自然村專用區,36160,1400,持分移轉,12220000
RPRNMLNJJIPFFAW07DA,寧湖二劃測段,21.57,都市：其他:自然村專用區,10,1,持分移轉,12220009
RPRNMLNJJIPFFAW07DA,寧湖二劃測段,24.36,都市：其他:自然村專用區,10,1,持分移轉,12220010
RPSNMLNJJIPFFAW17DA,公園測段,398.78,都市：其他:公園用地,1,1,全筆移轉,01020000
RPSNMLNJJIPFFAW17DA,公園測段,133.96,都市：其他:農業區,1,1,全筆移轉,05950000
RPTNMLOJJIPFFAW37DA,庵前劃測段,500.02,都市：其他:農業區,1,1,全筆移轉,01070000
RPUNMLPJJIPFFAW67EA,歐厝段,569.46,都市：其他:農業區,1,1,全筆移轉,02920000
RPSNMLPJJIPFFAW47EA,庵前村測段,19.31,都市：其他:,7,3,持分移轉,00450000
RPRNMLQLIIPFFAW47DA,北四劃段,733.00,都市：其他:農業區,1,1,全筆移轉,03550000
RPPNMLOJJIPFFAW96DA,庵前劃測段,493.64,都市：其他:保護區,1,1,全筆移轉,04350000
RPUNMLOJJIPFFAW57EA,官嶼劃段,984.00,都市：其他:農業區,1,1,全筆移轉,05990000
RPUNMLOJJIPFFAW57EA,官嶼劃段,16.00,都市：其他:農業區,1,1,全筆移轉,05990001
RPRNMLQJJIPFFAW37DA,沙田劃段,1147.00,都市：其他:保護區,1,1,全筆移轉,00070000
RPRNMLQJJIPFFAW37DA,沙田劃段,335.00,都市：其他:保護區,1,1,全筆移轉,00170001
RPRNMLQJJIPFFAW47EA,延平段,80.31,都市：其他:農業區,10000,1857,持分移轉,05490000
RPRNMLQJJIPFFAW47EA,延平段,81.25,都市：其他:農業區,1,1,全筆移轉,05560000
RPQNMLNLIIPFFAW07DA,金門城測段,29.26,都市：其他:,4,1,持分移轉,06580000
RPQNMLNLIIPFFAW07DA,金門城測段,29.26,都市：其他:,4,1,持分移轉,06580000
RPQNMLNLIIPFFAW07DA,金門城測段,172.06,都市：其他:,2,1,持分移轉,06580001
RPQNMLNLIIPFFAW07DA,金門城測段,172.06,都市：其他:,2,1,持分移轉,06580001
RPQNMLPJJIPFFAW17DA,中蘭劃測段,490.01,都市：其他:,1,1,全筆移轉,03710001
RPRNMLPJJIPFFAW27DA,高坑劃測段,492.51,都市：其他:農業區,1,1,全筆移轉,04560000
RPQNMLOKIIPFFAW07DA,金門城測段,49.06,都市：其他:,10000,805,持分移轉,11060001
RPPNMLTKIIPFFAW47DA,尚義段,8.23,都市：其他:自然村專用區,10000,306,持分移轉,10470000
RPPNMLTKIIPFFAW47DA,尚義段,32.77,都市：其他:自然村專用區,10000,306,持分移轉,10480001
RPPNMLSLIIPFFAW47DA,煙墩段,37.64,都市：其他:自然村專用區,10000,621,持分移轉,10060000
RPPNMLSLIIPFFAW47DA,煙墩段,64.08,都市：其他:自然村專用區,10000,621,持分移轉,10070000
RPRNMLLLIIPFFAW96DA,古崗段,39.70,都市：其他:自然村專用區,15,1,持分移轉,07420000
RPRNMLLLIIPFFAW96DA,古崗段,4.47,都市：其他:自然村專用區,15,1,持分移轉,08020000
RPRNMLLLIIPFFAW96DA,古崗段,3.33,都市：其他:風景區,15,1,持分移轉,08090000
RPPOMLSJIIPFFAW37DA,寧安二劃段,61.97,都市：其他:自然村專用區,10000,976,持分移轉,03660002
RPOOMLSLIIPFFAW47DA,青嶼測段,647.30,都市：其他:國家公園區,2,1,持分移轉,04280000
RPOOMLSLIIPFFAW47DA,青嶼測段,647.30,都市：其他:國家公園區,2,1,持分移轉,04280000
RPQNMLTLIIPFFAW67DA,塔后段,17.95,都市：其他:自然村專用區,10000,444,持分移轉,00790000
RPPNMLTJJIPFFAW47DA,湖前段,41.84,都市：其他:自然村專用區,20000,996,持分移轉,05380000
RPPNMLTJJIPFFAW47DA,湖前段,41.84,都市：其他:自然村專用區,20000,996,持分移轉,05380000
RPQNMLTJJIPFFAW57DA,城南段,15.70,都市：其他:第二種住宅區,8,1,持分移轉,06940000
RPVNMLMJJIPFFAW37DA,沙溪一劃段,881.62,都市：其他:農業區,1,1,全筆移轉,01270000
RPVNMLMJJIPFFAW37DA,沙溪一劃段,720.00,都市：其他:農業區,1,1,全筆移轉,01420000
RPVNMLMJJIPFFAW37DA,峰上段,479.03,都市：其他:農業區,1,1,全筆移轉,01500000
RPVNMLMJJIPFFAW37DA,峰上段,134.00,都市：其他:自然村專用區,1,1,全筆移轉,07880000
RPVNMLMJJIPFFAW37DA,北九劃段,1000.00,都市：其他:農業區,1,1,全筆移轉,09470000
RPRNMLTJJIPFFAW67DA,東店段,31.79,都市：其他:自然村專用區,100000,2665,持分移轉,03310000
RPUNMLLLIIPFFAW27DA,古崗段,39.70,都市：其他:自然村專用區,15,1,持分移轉,07420000
RPQOMLMJJIPFFAW96DA,寧安二劃段,16.67,都市：其他:自然村專用區,20,1,持分移轉,03780001
RPQOMLMJJIPFFAW96DA,寧安二劃段,5.65,都市：其他:農業區,20,1,持分移轉,03790008
RPQOMLMJJIPFFAW96DA,寧安二劃段,29.00,都市：其他:自然村專用區,20,1,持分移轉,03910000
RPUNMLLLIIPFFAW27DA,古崗段,4.47,都市：其他:自然村專用區,15,1,持分移轉,08020000
RPUNMLLLIIPFFAW27DA,古崗段,3.33,都市：其他:風景區,15,1,持分移轉,08090000
RPWNMLPJJIPFFAW77DA,煙墩段,37.71,都市：其他:自然村專用區,10000,622,持分移轉,10060000
RPWNMLPJJIPFFAW77DA,煙墩段,64.18,都市：其他:自然村專用區,10000,622,持分移轉,10070000
RPROMLMJJIPFFAW07DA,寧安二劃段,16.67,都市：其他:自然村專用區,20,1,持分移轉,03780001
RPROMLMJJIPFFAW07DA,寧安二劃段,5.65,都市：其他:農業區,20,1,持分移轉,03790008
RPROMLMJJIPFFAW07DA,寧安二劃段,29.00,都市：其他:自然村專用區,20,1,持分移轉,03910000
RPTNMLNJJIPFFAW27DA,寧安二劃段,16.67,都市：其他:自然村專用區,20,1,持分移轉,03780001
RPTNMLNJJIPFFAW27DA,寧安二劃段,5.65,都市：其他:農業區,20,1,持分移轉,03790008
RPTNMLNJJIPFFAW27DA,寧安二劃段,29.00,都市：其他:自然村專用區,20,1,持分移轉,03910000
RPTOMLMJJIPFFAW27DA,寧安二劃段,16.67,都市：其他:自然村專用區,20,1,持分移轉,03780001
RPTOMLMJJIPFFAW27DA,寧安二劃段,5.65,都市：其他:農業區,20,1,持分移轉,03790008
RPTOMLMJJIPFFAW27DA,寧安二劃段,29.00,都市：其他:自然村專用區,20,1,持分移轉,03910000
RPSNMLMJJIPFFAW17EA,前水頭測段,83.00,都市：其他:國家公園區,20,4,持分移轉,04110000
RPPNMLQJJIPFFAW17DA,寧安二劃段,16.67,都市：其他:自然村專用區,20,1,持分移轉,03780001
RPPNMLQJJIPFFAW17DA,寧安二劃段,5.65,都市：其他:農業區,20,1,持分移轉,03790008
RPPNMLQJJIPFFAW17DA,寧安二劃段,29.00,都市：其他:自然村專用區,20,1,持分移轉,03910000
RPSNMLLKJIPFFAW07DA,北二三劃測段,1000.01,都市：其他:農業區,1,1,全筆移轉,03380000
RPTNMLLLIIPFFAW17DA,古崗段,39.70,都市：其他:自然村專用區,15,1,持分移轉,07420000
RPTNMLLLIIPFFAW17DA,古崗段,4.47,都市：其他:自然村專用區,15,1,持分移轉,08020000
RPTNMLLLIIPFFAW17DA,古崗段,3.33,都市：其他:風景區,15,1,持分移轉,08090000
RPSOMLMJJIPFFAW17DA,寧安二劃段,16.67,都市：其他:自然村專用區,20,1,持分移轉,03780001
RPSOMLMJJIPFFAW17DA,寧安二劃段,5.65,都市：其他:農業區,20,1,持分移轉,03790008
RPSOMLMJJIPFFAW17DA,寧安二劃段,29.00,都市：其他:自然村專用區,20,1,持分移轉,03910000
RPSNMLTLIIPFFAW87DA,古崗段,39.70,都市：其他:自然村專用區,15,1,持分移轉,07420000
RPSNMLTLIIPFFAW87DA,古崗段,4.47,都市：其他:自然村專用區,15,1,持分移轉,08020000
RPSNMLTLIIPFFAW87DA,古崗段,3.33,都市：其他:風景區,15,1,持分移轉,08090000
RPXNMLMKJIPFFAW67DA,寧安二劃段,1000.00,都市：其他:農業區,1,1,全筆移轉,02940000
RPTNMLMKJIPFFAW27DA,南雄段,138.15,都市：其他:農業區,16,2,持分移轉,03550000
RPQNMLKKJIPFFAW76DA,湖前段,15.31,都市：其他:自然村專用區,24,1,持分移轉,06170000
RPQNMLKKJIPFFAW76DA,湖前段,15.31,都市：其他:自然村專用區,24,1,持分移轉,06170000
RPQOMLTLIIPFFAW77DA,寧安二劃段,102.00,都市：其他:農業區,1,1,全筆移轉,03790005
RPQNMLKKJIPFFAW76DA,湖前段,15.31,都市：其他:自然村專用區,24,1,持分移轉,06170000
RPUNMLMKJIPFFAW37DA,南雄段,112.03,都市：其他:國家公園區,6272,56,持分移轉,03500000
RPROMLTLIIPFFAW87DA,寧安二劃段,118.00,都市：其他:農業區,1,1,全筆移轉,03790004
RPQNMLQJJIPFFAW27DA,寧安二劃段,16.67,都市：其他:自然村專用區,20,1,持分移轉,03780001
RPQNMLQJJIPFFAW27DA,寧安二劃段,5.65,都市：其他:農業區,20,1,持分移轉,03790008
RPQNMLQJJIPFFAW27DA,寧安二劃段,29.00,都市：其他:自然村專用區,20,1,持分移轉,03910000
RPPNMLKMIIPFFAW76DA,料羅段,31.00,都市：其他:自然村專用區,6,1,持分移轉,11940000
RPRNMLMKJIPFFAW17EA,小西門劃測段,550.02,都市：其他:農業區,1,1,全筆移轉,10420000
RPXNMLNKJIPFFAW87EA,青嶼測段,461.42,都市：其他:農業區,1,1,全筆移轉,05120000
RPPNMLOKJIPFFAW07DA,湖后劃段,1120.00,都市：其他:農業區,1,1,全筆移轉,01710000
RPROMLMKJIPFFAW17DA,寧湖二劃測段,39.94,都市：其他:自然村專用區,1000,56,持分移轉,07750000
RPUOMLMKJIPFFAW47DA,寧湖二劃測段,39.94,都市：其他:自然村專用區,1000,56,持分移轉,07750000
RPVOMLMKJIPFFAW67EA,湖東劃段,354.00,都市：其他:農業區,1,1,全筆移轉,01490000
RPVOMLMKJIPFFAW57DA,寧湖二劃測段,32.81,都市：其他:自然村專用區,1000,46,持分移轉,07750000
SPUOMLMKJIPFFAW57DA,寧湖二劃測段,32.81,都市：其他:自然村專用區,1000,46,持分移轉,07750000
RPOPMLMKJIPFFAW96DA,寧湖二劃測段,32.81,都市：其他:自然村專用區,1000,46,持分移轉,07750000
RPPPMLMKJIPFFAW07DA,寧湖二劃測段,39.94,都市：其他:自然村專用區,1000,56,持分移轉,07750000
RPUNMLNKJIPFFAW47DA,北一段,331.78,都市：其他:農業區,1,1,全筆移轉,05000002
RPWOMLMKJIPFFAW67DA,寧湖二劃測段,32.81,都市：其他:自然村專用區,1000,46,持分移轉,07750000
RPVNMLNKJIPFFAW57DA,北一段,384.62,都市：其他:農業區,1,1,全筆移轉,05000000
RPXOMLMKJIPFFAW77DA,寧湖二劃測段,32.81,都市：其他:自然村專用區,1000,46,持分移轉,07750000
RPOOMLNKJIPFFAW96DA,延平段,838.29,都市：其他:農業區,1,1,全筆移轉,08830000
RPOOMLNKJIPFFAW96DA,延平段,38.18,都市：其他:,1,1,全筆移轉,08850001
RPTOMLQLIIPFFAW77DA,青山段,62.94,都市：其他:自然村專用區,10000,1197,持分移轉,10350000
RPQNMLMKJIPFFAW96DA,中三劃測段,953.33,都市：其他:農業區,1,1,全筆移轉,03060000
RPRNMLOLRHPFFAW08DA,寧古劃段,500.00,都市：其他:國家公園區,1,1,全筆移轉,04970000
RPRNMLOLRHPFFAW08DA,莒光樓段,14.19,都市：其他:農業區,12,1,持分移轉,07110002
RPRNMLOLRHPFFAW08DA,莒光樓段,124.84,都市：其他:農業區,1,1,全筆移轉,07110012
RPRNMLOLRHPFFAW08DA,莒光樓段,36.13,都市：其他:農業區,60,17,持分移轉,07110014
RPRNMLPLRHPFFAW18DA,新頭段,47.08,都市：其他:自然村專用區,100000,22965,持分移轉,11840000
RPRNMLRKJIPFFAW57DA,漁村段,200.18,都市：其他:自然村專用區,1,1,全筆移轉,03950000
RPRNMLQKJIPFFAW47DA,寧湖二劃測段,607.04,都市：其他:農業區,1,1,全筆移轉,06570000
RPTNMLLKJIPFFAW17DA,中山林段,462.27,都市：其他:道路用地,1,1,全筆移轉,02400000
RPTNMLLKJIPFFAW17DA,中三劃測段,745.54,都市：其他:農業區,1,1,全筆移轉,05870000
RPQOMLNKJIPFFAW17DA,寧古劃段,500.00,都市：其他:國家公園區,1,1,全筆移轉,13000000
RPSNMLRKJIPFFAW67DA,漁村段,66.06,都市：其他:自然村專用區,1,1,全筆移轉,03940006
RPSNMLRKJIPFFAW67DA,漁村段,4.87,都市：其他:自然村專用區,1,1,全筆移轉,03940015
RPSNMLRKJIPFFAW67DA,漁村段,59.00,都市：其他:自然村專用區,1,1,全筆移轉,09590000
RPSNMLRKJIPFFAW67DA,漁村段,145.00,都市：其他:自然村專用區,1,1,全筆移轉,09610001
RPSNMLRKJIPFFAW67DA,漁村段,41.00,都市：其他:自然村專用區,1,1,全筆移轉,09610004
RPTOMLMKJIPFFAW37DA,蜈蚣山段,529.58,都市：其他:國家公園區,1,1,全筆移轉,07660000
RPTOMLMKJIPFFAW37DA,古塔段,807.06,都市：其他:國家公園區,1,1,全筆移轉,08020000
RPTNMLRKJIPFFAW87EA,珠山段,929.29,都市：其他:國家公園區,1,1,全筆移轉,09350000
RPRNMLOJJIPFFAW17DA,湖前段,98.38,都市：其他:乙種工業區,1,1,全筆移轉,00740000
RPPNMLSKJIPFFAW57EA,塔后段,743.27,都市：其他:保護區,1,1,全筆移轉,02610000
RPPNMLQKJIPFFAW37EA,祥瑞段,58.12,都市：其他:第六種住宅區,2,1,持分移轉,09530000
RPPNMLRKJIPFFAW37DA,祥瑞段,14.07,都市：其他:第六種住宅區,8,1,持分移轉,03450000
RPSNMLKLJIPFFAW07DA,陳坑段,216.00,都市：其他:自然村專用區,1,1,全筆移轉,08610000
RPQNMLRKJIPFFAW47DA,昔果山測段,54.97,都市：其他:自然村專用區,10000,939,持分移轉,00580000
RPPNMLNLJIPFFAW07DA,中五劃段,967.00,都市：其他:國家公園區,1,1,全筆移轉,07400000
RPSNMLOJJIPFFAW27DA,寧湖三劃段,1000.00,都市：其他:農業區,1,1,全筆移轉,06940001
RPRNMLKKJIPFFAW86DA,北九十劃段,991.02,都市：其他:農業區,1,1,全筆移轉,03060000
RPVNMLSKJIPFFAW18EA,市港段,7.69,都市：其他:第二種商業區,100000,737,持分移轉,00930000
RPQNMLSKJIPFFAW67EA,市港段,8.56,都市：其他:第二種商業區,100000,821,持分移轉,00930000
RPWNMLSKJIPFFAW28EA,市港段,7.60,都市：其他:第二種商業區,100000,729,持分移轉,00930000
RPSNMLSKJIPFFAW87EA,市港段,7.64,都市：其他:第二種商業區,100000,733,持分移轉,00930000
RPRNMLMJJIPFFAW96DA,沙溪一劃段,111.28,都市：其他:農業區,1,1,全筆移轉,01830006
RPUNMLSKJIPFFAW08EA,市港段,7.91,都市：其他:第二種商業區,100000,759,持分移轉,00930000
RPRNMLSKJIPFFAW77EA,市港段,7.69,都市：其他:第二種商業區,100000,737,持分移轉,00930000
RPPOMLSKJIPFFAW67EA,市港段,8.55,都市：其他:第二種商業區,100000,820,持分移轉,00930000
RPTNMLSKJIPFFAW97EA,市港段,7.89,都市：其他:第二種商業區,100000,757,持分移轉,00930000
RPOOMLSKJIPFFAW57EA,市港段,8.55,都市：其他:第二種商業區,100000,820,持分移轉,00930000
RPXNMLSKJIPFFAW38EA,市港段,8.45,都市：其他:第二種商業區,100000,810,持分移轉,00930000
RPVNMLTKJIPFFAW18DA,湖前段,45.53,都市：其他:自然村專用區,10000,1346,持分移轉,05980000
RPQNMLOJJIPFFAW07DA,城西段,20.16,都市：其他:第三種住宅區。,10000,278,持分移轉,05130000
RPSOMLSKJIPFFAW87DA,洋山段,116.00,都市：其他:自然村專用區,1,1,全筆移轉,07050000
RPSOMLSKJIPFFAW87DA,洋山段,160.00,都市：其他:自然村專用區,1,1,全筆移轉,08100000
RPOOMLTKJIPFFAW57DA,湖前段,41.20,都市：其他:自然村專用區,10000,1218,持分移轉,05980000
RPQNMLNLJIPFFAW17DA,湖前段,38.73,都市：其他:自然村專用區,10000,461,持分移轉,05380000
RPSNMLMKJIPFFAW17DA,洋山段,26.60,都市：其他:自然村專用區,10000,566,持分移轉,09930000
RPSNMLMKJIPFFAW17DA,洋山段,22.41,都市：其他:自然村專用區,10000,566,持分移轉,10200000
RPSOMLMKJIPFFAW27DA,寧安二劃段,41.09,都市：其他:自然村專用區,10000,832,持分移轉,05450000
RPRNMLTLIIPFFAW77DA,金門城測段,41.50,都市：其他:,10000,727,持分移轉,07570000
RPQNMLQLJIPFFAW47DA,蔡厝劃測段,534.03,都市：其他:農業區,1,1,全筆移轉,00250001
RPPNMLQLJIPFFAW37DA,浯坑劃測段,293.00,都市：其他:農業區,1,1,全筆移轉,06700001
RPXNMLTKJIPFFAW38DA,湖前段,41.20,都市：其他:自然村專用區,10000,1218,持分移轉,05980000
RPPOMLTKJIPFFAW67DA,湖前段,41.20,都市：其他:自然村專用區,10000,1218,持分移轉,05980000
RPTNMLRLJIPFFAW87DA,寧安四劃段,250.00,都市：其他:自然村專用區,4,1,持分移轉,03210000
RPTNMLRLJIPFFAW87DA,寧安四劃段,250.00,都市：其他:自然村專用區,4,1,持分移轉,03210000
RPPNMLOLJIPFFAW17DA,湖前段,86.05,都市：其他:乙種工業區,1,1,全筆移轉,00750000
RPQNMLPLJIPFFAW47EA,料羅段,852.69,都市：其他:農業區,3,2,持分移轉,09520000
RPRNMLOLJIPFFAW37DA,西山段,29.66,都市：其他:自然村專用區,100000,10280,持分移轉,06670000
RPRNMLOLJIPFFAW37DA,西山段,2.72,都市：其他:,100000,10280,持分移轉,06670003
RPQNMLQLJIPFFAW57EA,寧湖二劃測段,1001.98,都市：其他:農業區,1,1,全筆移轉,05800000
RPRNMLRLJIPFFAW77EA,北五劃段,413.50,都市：其他:農業區,2,1,持分移轉,00340000
RPWNMLLJKIPFFAW47DA,寧湖三劃段,213.50,都市：其他:閩南建築專用區,2,1,持分移轉,07910000
RPWNMLLJKIPFFAW47DA,寧湖三劃段,213.50,都市：其他:閩南建築專用區,2,1,持分移轉,07910000
RPWNMLLJKIPFFAW47DA,寧湖三劃段,245.57,都市：其他:閩南建築專用區,2,1,持分移轉,08330005
RPWNMLLJKIPFFAW47DA,寧湖三劃段,245.57,都市：其他:閩南建築專用區,2,1,持分移轉,08330005
RPSNMLLJKIPFFAW07DA,煙墩段,37.64,都市：其他:自然村專用區,10000,621,持分移轉,10060000
RPSNMLLJKIPFFAW07DA,煙墩段,64.08,都市：其他:自然村專用區,10000,621,持分移轉,10070000
RPPNMLKMJIPFFAW86DA,長寮段,55.28,都市：其他:自然村專用區,10,1,持分移轉,00640001
RPRNMLKMJIPFFAW17EA,延平段,44.37,都市：其他:農業區,10000,1026,持分移轉,05490000
RPRNMLKMJIPFFAW17EA,延平段,77.87,都市：其他:農業區,1,1,全筆移轉,05540000
RPVNMLLJKIPFFAW37DA,天后宮段,38.16,都市：其他:第二種住宅區,1000,341,持分移轉,04560000
RPPNMLRLJIPFFAW47DA,城西段,10.45,都市：其他:第二種商業區,10000,115,持分移轉,03540000
RPSNMLMJKIPFFAW17DA,鎮西段,416.30,都市：其他:農業區,2,1,持分移轉,03490000
RPPNMLMJKIPFFAW86DA,寧安二劃段,1000.00,都市：其他:農業區,1,1,全筆移轉,02940000
RPVNMLKMRHPFFAW18DA,寧劃段,488.94,都市：其他:農業區,1,1,全筆移轉,06180000
RPQNMLMJKIPFFAW96DA,寧湖二劃測段,607.04,都市：其他:農業區,1,1,全筆移轉,06570000
RPQNMLRLJIPFFAW67EA,寧山段,288.96,都市：其他:農業區,6,3,持分移轉,09380000
RPQNMLRLJIPFFAW67EA,寧山段,192.64,都市：其他:農業區,36,12,持分移轉,09380000
RPRNMLNJKIPFFAW17DA,浯坑劃測段,974.08,都市：其他:農業區,1,1,全筆移轉,02180000
RPRNMLOJKIPFFAW27DA,湖前段,16.90,都市：其他:自然村專用區,25,5,持分移轉,06930000
RPRNMLOJKIPFFAW27DA,太武段,193.95,都市：其他:農業區,25,5,持分移轉,12690000
RPRNMLOJKIPFFAW27DA,太武段,6.10,都市：其他:道路用地,25,5,持分移轉,12690001
RPOOMLLJKIPFFAW86EA,官嶼劃段,518.08,都市：其他:農業區,2,1,持分移轉,01860000
RPOOMLLJKIPFFAW86EA,官嶼劃段,8.42,都市：其他:農業區,2,1,持分移轉,01860001
RPQNMLOJKIPFFAW17DA,金門城測段,37.64,都市：其他:,1000,109,持分移轉,10980002
RPWNMLMJKIPFFAW57DA,寧湖三劃段,401.13,都市：其他:農業區,1,1,全筆移轉,07960000
RPWNMLMJKIPFFAW57DA,寧湖三劃段,667.00,都市：其他:農業區,1,1,全筆移轉,07970000
RPSNMLNJKIPFFAW37EA,寧湖三劃段,693.00,都市：其他:農業區,1,1,全筆移轉,07000000
RPUNMLRLJIPFFAW97DA,夏興段,296.35,都市：其他:自然村專用區,1,1,全筆移轉,13150001
RPXNMLLJKIPFFAW57DA,高坑劃測段,250.00,都市：其他:農業區,1,1,全筆移轉,09520000
RPSNMLOJKIPFFAW37DA,寧北一劃段,978.63,都市：其他:農業區,1,1,全筆移轉,03240000
RPPOMLQKRHPFFAW08DA,安岐村測段,59.67,都市：其他:自然村專用區,3,1,持分移轉,01740000
RPPNMLPJJIPFFAW07DA,小西門劃測段,44.18,都市：其他:自然村專用區,3,1,持分移轉,00550000
RPPNMLTJKIPFFAW57DA,長寮段,39.60,都市：其他:自然村專用區,100000,7459,持分移轉,07200000
RPRNMLSJKIPFFAW67DA,東洲段,57.49,都市：其他:自然村專用區,10000,774,持分移轉,04880000
RPSNMLRLJIPFFAW77DA,山前段,55.73,都市：其他:農業區,10000,956,持分移轉,04430000
RPQNMLNJKIPFFAW07DA,城南段,52.06,都市：其他:第二種住宅區,1,1,全筆移轉,03360000
RPPOMLMKJIPFFAW96DA,寧安二劃段,41.09,都市：其他:自然村專用區,10000,832,持分移轉,05450000
RPROMLQLIIPFFAW57DA,庵邊段,77.95,都市：其他:自然村專用區,10000,1680,持分移轉,02470000
