﻿編號,土地位置,土地移轉面積(平方公尺),使用分區或編定,權利人持分分母,權利人持分分子,移轉情形,地號
The serial number, land position,land shifting area square meter,the use zoning or compiles and checks,,,,land parcel
RPVNMLTJRHPFFAX88DA,成功南段,182.05,非都市：一般農業區 ; 非都市編定：甲種建築用地,1,1,全筆移轉,08250002
RPVNMLTJRHPFFAX88DA,成功南段,52.34,非都市：一般農業區 ; 非都市編定：交通用地,5,1,持分移轉,08250004
RPUNMLKKRHPFFAX97DA,馬公段,104.00,非都市： ; 非都市編定：,1,1,全筆移轉,07220000
RPPNMLQJRHPFFAX97DA,五福段,1183.50,非都市：一般農業區 ; 非都市編定：農牧用地,1,1,全筆移轉,05300000
RPUNMLSJRHPFFAX68DA,南寮北段,340.87,非都市：一般農業區 ; 非都市編定：農牧用地,1,1,全筆移轉,17640000
RPSNMLLKRHPFFAX87DA,城北段,1411.92,非都市：一般農業區 ; 非都市編定：農牧用地,1,1,全筆移轉,09430001
RPSNMLLKRHPFFAX87DA,城北段,1411.92,非都市：一般農業區 ; 非都市編定：農牧用地,1,1,全筆移轉,09430002
RPPNMLOKRHPFFAX97EA,馬公段,17.22,非都市： ; 非都市編定：,1,1,全筆移轉,25580001
RPTNMLKKRHPFFAX97EA,隘門新段,646.79,非都市：一般農業區 ; 非都市編定：農牧用地,1,1,全筆移轉,09560000
RPQNMLOKRHPFFAX08EA,講美段,290.50,非都市：一般農業區 ; 非都市編定：農牧用地,2,1,持分移轉,11080000
RPTNMLLKRHPFFAX97DA,興崁段,188.70,非都市：一般農業區 ; 非都市編定：農牧用地,1000,257,持分移轉,11050000
RPTNMLLKRHPFFAX97DA,興崁段,172.55,非都市：一般農業區 ; 非都市編定：農牧用地,1000,235,持分移轉,11050000
RPTNMLLKRHPFFAX97DA,興崁段,176.95,非都市：一般農業區 ; 非都市編定：農牧用地,1000,241,持分移轉,11050000
RPTNMLLKRHPFFAX97DA,興崁段,196.04,非都市：一般農業區 ; 非都市編定：農牧用地,1000,267,持分移轉,11050000
RPVNMLOJRHPFFAX48EA,東衛段,236.10,非都市：鄉村區 ; 非都市編定：乙種建築用地,2,1,持分移轉,11720000
RPQNMLNKRHPFFAX87DA,許家段,496.15,非都市：風景區 ; 非都市編定：農牧用地,1,1,全筆移轉,02270000
RPQNMLNKRHPFFAX87DA,許家段,29.68,非都市：一般農業區 ; 非都市編定：交通用地,1,1,全筆移轉,02280000
RPWNMLLKRHPFFAX28DA,文化段,66.73,非都市： ; 非都市編定：,1,1,全筆移轉,08170000
RPWNMLOKRHPFFAX58DA,文光段,102.59,非都市： ; 非都市編定：,66,63,持分移轉,08880000
RPVNMLSKRHPFFAX88DA,成功南段,244.66,非都市：一般農業區 ; 非都市編定：農牧用地,10213527844,2472582892,持分移轉,02640000
RPUNMLOKRHPFFAX38DA,春暉段,23.23,非都市： ; 非都市編定：,1,1,全筆移轉,06820000
RPUNMLOKRHPFFAX38DA,春暉段,49.48,非都市： ; 非都市編定：,1,1,全筆移轉,06830000
RPPNMLKKRHPFFAX47DA,興仁段,1402.21,非都市：一般農業區 ; 非都市編定：農牧用地,1,1,全筆移轉,07480000
RPPNMLKKRHPFFAX47DA,興仁段,1734.84,非都市：一般農業區 ; 非都市編定：農牧用地,1,1,全筆移轉,07490000
RPTNMLSLQHPFFAX68DA,講美段,1479.04,非都市：一般農業區 ; 非都市編定：農牧用地,1,1,全筆移轉,20060000
RPSNMLPKRHPFFAX28DA,興崁段,57.15,非都市：一般農業區 ; 非都市編定：交通用地,13,1,持分移轉,05790004
RPSNMLPKRHPFFAX28DA,興崁段,57.15,非都市：一般農業區 ; 非都市編定：交通用地,13,1,持分移轉,05790004
RPSNMLPKRHPFFAX28DA,興崁段,57.15,非都市：一般農業區 ; 非都市編定：交通用地,13,1,持分移轉,05790004
RPUNMLSKRHPFFAX78DA,成功南段,85.85,非都市：一般農業區 ; 非都市編定：農牧用地,101062,8585,持分移轉,02640000
RPSNMLPKRHPFFAX28DA,興崁段,57.15,非都市：一般農業區 ; 非都市編定：交通用地,13,1,持分移轉,05790004
RPUNMLSKRHPFFAX78DA,成功南段,330.51,非都市：一般農業區 ; 非都市編定：農牧用地,101062,33051,持分移轉,02640000
RPSNMLPKRHPFFAX28DA,興崁段,57.15,非都市：一般農業區 ; 非都市編定：交通用地,13,1,持分移轉,05790004
RPSNMLPKRHPFFAX28DA,興崁段,57.15,非都市：一般農業區 ; 非都市編定：交通用地,13,1,持分移轉,05790004
RPSNMLPKRHPFFAX28DA,興崁段,57.15,非都市：一般農業區 ; 非都市編定：交通用地,13,1,持分移轉,05790004
RPSNMLPKRHPFFAX28DA,興崁段,151.95,非都市：一般農業區 ; 非都市編定：農牧用地,10000,1397,持分移轉,05790007
RPSNMLPKRHPFFAX28DA,興崁段,152.61,非都市：一般農業區 ; 非都市編定：農牧用地,10000,1403,持分移轉,05790007
RPSNMLPKRHPFFAX28DA,興崁段,155.65,非都市：一般農業區 ; 非都市編定：農牧用地,10000,1431,持分移轉,05790007
RPSNMLPKRHPFFAX28DA,興崁段,153.80,非都市：一般農業區 ; 非都市編定：農牧用地,10000,1414,持分移轉,05790007
RPSNMLPKRHPFFAX28DA,興崁段,152.28,非都市：一般農業區 ; 非都市編定：農牧用地,10000,1400,持分移轉,05790007
RPSNMLPKRHPFFAX28DA,興崁段,151.30,非都市：一般農業區 ; 非都市編定：農牧用地,10000,1391,持分移轉,05790007
RPSNMLPKRHPFFAX28DA,興崁段,170.12,非都市：一般農業區 ; 非都市編定：農牧用地,10000,1564,持分移轉,05790007
RPRNMLPKRHPFFAX18DA,四維段,91.84,非都市：鄉村區 ; 非都市編定：乙種建築用地,1,1,全筆移轉,02940000
RPPNMLKLRHPFFAX57DA,安宅段,39.35,非都市：一般農業區 ; 非都市編定：交通用地,15,1,持分移轉,01010004
RPPNMLKLRHPFFAX57DA,安宅段,179.42,非都市：一般農業區 ; 非都市編定：甲種建築用地,1,1,全筆移轉,01010011
RPSNMLLLRHPFFAX97DA,興仁段,310.07,非都市：一般農業區 ; 非都市編定：農牧用地,1,1,全筆移轉,01070000
RPPNMLNLRHPFFAX97EA,馬公段,4.00,非都市： ; 非都市編定：,1,1,全筆移轉,00730041
RPPNMLNLRHPFFAX97EA,馬公段,43.00,非都市： ; 非都市編定：,1,1,全筆移轉,00730047
RPPNMLNLRHPFFAX97EA,馬公段,14.00,非都市： ; 非都市編定：,1,1,全筆移轉,00730050
RPOOMLOKRHPFFAX87DA,興仁南段,912.45,非都市：一般農業區 ; 非都市編定：農牧用地,1,1,全筆移轉,02680000
RPTNMLLLRHPFFAX08DA,中西段,.92,非都市：一般農業區 ; 非都市編定：交通用地,12,1,持分移轉,01640000
RPTNMLLLRHPFFAX08DA,中西段,4.93,非都市：一般農業區 ; 非都市編定：交通用地,12,1,持分移轉,01670000
RPTNMLLLRHPFFAX08DA,中西段,158.78,非都市：一般農業區 ; 非都市編定：甲種建築用地,1,1,全筆移轉,01730000
RPTNMLLLRHPFFAX08DA,中西段,35.64,非都市：一般農業區 ; 非都市編定：交通用地,12,1,持分移轉,01800000
RPUNMLOLRHPFFAX48DA,湖西南段,55.76,非都市：一般農業區 ; 非都市編定：農牧用地,1152,24,持分移轉,20370000
RPXNMLQKRHPFFAX88DA,鐵線段,3.52,非都市：一般農業區 ; 非都市編定：交通用地,7,1,持分移轉,08150000
RPXNMLQKRHPFFAX88DA,鐵線段,3.52,非都市：一般農業區 ; 非都市編定：交通用地,7,1,持分移轉,08150000
RPXNMLQKRHPFFAX88DA,鐵線段,3.52,非都市：一般農業區 ; 非都市編定：交通用地,7,1,持分移轉,08150000
RPXNMLQKRHPFFAX88DA,鐵線段,3.52,非都市：一般農業區 ; 非都市編定：交通用地,7,1,持分移轉,08150000
RPXNMLQKRHPFFAX88DA,鐵線段,3.52,非都市：一般農業區 ; 非都市編定：交通用地,7,1,持分移轉,08150000
RPXNMLQKRHPFFAX88DA,鐵線段,3.52,非都市：一般農業區 ; 非都市編定：交通用地,7,1,持分移轉,08150000
RPXNMLQKRHPFFAX88DA,鐵線段,18.79,非都市：一般農業區 ; 非都市編定：交通用地,7,1,持分移轉,08160000
RPXNMLQKRHPFFAX88DA,鐵線段,18.79,非都市：一般農業區 ; 非都市編定：交通用地,7,1,持分移轉,08160000
RPXNMLQKRHPFFAX88DA,鐵線段,18.79,非都市：一般農業區 ; 非都市編定：交通用地,7,1,持分移轉,08160000
RPXNMLQKRHPFFAX88DA,鐵線段,18.79,非都市：一般農業區 ; 非都市編定：交通用地,7,1,持分移轉,08160000
RPXNMLQKRHPFFAX88DA,鐵線段,18.79,非都市：一般農業區 ; 非都市編定：交通用地,7,1,持分移轉,08160000
RPXNMLQKRHPFFAX88DA,鐵線段,18.79,非都市：一般農業區 ; 非都市編定：交通用地,7,1,持分移轉,08160000
RPXNMLQKRHPFFAX88DA,鐵線段,179.21,非都市：一般農業區 ; 非都市編定：農牧用地,10000,1415,持分移轉,08170000
RPXNMLQKRHPFFAX88DA,鐵線段,179.08,非都市：一般農業區 ; 非都市編定：農牧用地,10000,1414,持分移轉,08170000
RPXNMLQKRHPFFAX88DA,鐵線段,178.83,非都市：一般農業區 ; 非都市編定：農牧用地,10000,1412,持分移轉,08170000
RPXNMLQKRHPFFAX88DA,鐵線段,179.08,非都市：一般農業區 ; 非都市編定：農牧用地,10000,1414,持分移轉,08170000
RPXNMLQKRHPFFAX88DA,鐵線段,185.80,非都市：一般農業區 ; 非都市編定：農牧用地,10000,1467,持分移轉,08170000
RPXNMLQKRHPFFAX88DA,鐵線段,185.92,非都市：一般農業區 ; 非都市編定：農牧用地,10000,1468,持分移轉,08170000
RPXNMLNLRHPFFAX68DA,海堤段,23.84,非都市： ; 非都市編定：,2,1,持分移轉,05800000
RPXNMLNLRHPFFAX68DA,海堤段,23.84,非都市： ; 非都市編定：,2,1,持分移轉,05800000
RPPNMLOLRHPFFAX97DA,中屯新段,1518.05,非都市：一般農業區 ; 非都市編定：農牧用地,1,1,全筆移轉,00380000
RPPNMLOLRHPFFAX97DA,中屯新段,553.09,非都市：一般農業區 ; 非都市編定：農牧用地,1,1,全筆移轉,00700000
RPPNMLOLRHPFFAX97DA,中屯新段,419.40,非都市：一般農業區 ; 非都市編定：農牧用地,1,1,全筆移轉,01050000
RPPNMLOLRHPFFAX97DA,中屯新段,139.89,非都市：一般農業區 ; 非都市編定：農牧用地,1,1,全筆移轉,01120000
RPVNMLNLRHPFFAX48DA,橫礁新段,114.36,非都市：一般農業區 ; 非都市編定：農牧用地,2,1,持分移轉,07420000
RPTNMLNLRHPFFAX28DA,興崁段,586.94,非都市：鄉村區 ; 非都市編定：乙種建築用地,1,1,全筆移轉,08170000
RPQNMLQJRHPFFAX08DA,雙湖段,111.34,非都市：一般農業區 ; 非都市編定：交通用地,4,1,持分移轉,00870004
RPQNMLQJRHPFFAX08DA,雙湖段,196.40,非都市：一般農業區 ; 非都市編定：甲種建築用地,1,1,全筆移轉,00870005
RPQNMLOLRHPFFAX08DA,鎖港西段,534.06,非都市： ; 非都市編定：,1,1,全筆移轉,05720000
RPRNMLOLRHPFFAX18DA,五福段,1275.18,非都市：一般農業區 ; 非都市編定：農牧用地,1,1,全筆移轉,05870000
RPTNMLSKRHPFFAX68DA,後寮北段,296.15,非都市：鄉村區 ; 非都市編定：乙種建築用地,1,1,全筆移轉,11170000
RPTNMLSKRHPFFAX68DA,後寮北段,415.36,非都市：鄉村區 ; 非都市編定：乙種建築用地,1,1,全筆移轉,11210000
RPTNMLSKRHPFFAX68DA,後寮北段,31.08,非都市：鄉村區 ; 非都市編定：交通用地,1,1,全筆移轉,11250000
RPUNMLNLRHPFFAX38DA,埕東段,7.14,非都市： ; 非都市編定：,5,1,持分移轉,02630001
RPUNMLNLRHPFFAX38DA,埕東段,5.90,非都市： ; 非都市編定：,5,1,持分移轉,02630004
RPUNMLNLRHPFFAX38DA,埕東段,17.38,非都市： ; 非都市編定：,5,1,持分移轉,02650000
RPUNMLNLRHPFFAX38DA,埕東段,16.53,非都市： ; 非都市編定：,5,1,持分移轉,02650001
RPVNMLSLRHPFFAX98DA,湖西南段,107.04,非都市：一般農業區 ; 非都市編定：農牧用地,100000000,6760000,持分移轉,10320000
RPUNMLNLRHPFFAX38DA,埕東段,4.09,非都市： ; 非都市編定：,5,1,持分移轉,02650002
RPVNMLSLRHPFFAX98DA,湖西南段,107.04,非都市：一般農業區 ; 非都市編定：農牧用地,100000000,6760000,持分移轉,10320000
RPWNMLQKRHPFFAX88EA,港子新段,63.06,非都市：一般農業區 ; 非都市編定：農牧用地,72,3,持分移轉,00860000
RPWNMLQKRHPFFAX88EA,港子新段,13.78,非都市：鄉村區 ; 非都市編定：乙種建築用地,72,3,持分移轉,01970000
RPWNMLQKRHPFFAX88EA,港子新段,3.83,非都市：鄉村區 ; 非都市編定：乙種建築用地,72,3,持分移轉,02480000
RPWNMLQKRHPFFAX88EA,港子新段,4.26,非都市：鄉村區 ; 非都市編定：乙種建築用地,72,3,持分移轉,02490000
RPWNMLQKRHPFFAX88EA,港子新段,4.86,非都市：鄉村區 ; 非都市編定：乙種建築用地,90,3,持分移轉,07530000
RPWNMLQKRHPFFAX88EA,岐頭段,53.08,非都市：一般農業區 ; 非都市編定：農牧用地,72,3,持分移轉,12410000
RPWNMLQKRHPFFAX88EA,岐頭段,55.62,非都市：一般農業區 ; 非都市編定：農牧用地,72,3,持分移轉,12880000
RPWNMLQKRHPFFAX88EA,岐頭段,28.25,非都市：一般農業區 ; 非都市編定：農牧用地,72,3,持分移轉,12950000
RPWNMLQKRHPFFAX88EA,岐頭段,49.42,非都市：一般農業區 ; 非都市編定：農牧用地,72,3,持分移轉,13000000
RPWNMLQKRHPFFAX88EA,岐頭段,24.71,非都市：一般農業區 ; 非都市編定：農牧用地,72,3,持分移轉,13030000
RPOOMLSLRHPFFAX38DA,通梁東段,283.70,非都市：一般農業區 ; 非都市編定：農牧用地,1,1,全筆移轉,01830000
RPVNMLLKRHPFFAX18DA,竹篙灣段,1148.00,非都市：一般農業區 ; 非都市編定：農牧用地,1,1,全筆移轉,33840000
RPQOMLSKQHPFFAX38DA,國宅段,89.76,非都市： ; 非都市編定：,1,1,全筆移轉,03530001
RPQOMLSKQHPFFAX38DA,國宅段,19.12,非都市： ; 非都市編定：,9,1,持分移轉,03530004
RPQNMLKLRHPFFAX67DA,七美二段,166.27,非都市：鄉村區 ; 非都市編定：乙種建築用地,1,1,全筆移轉,09950005
RPQNMLRKRHPFFAX28DA,馬公段,534.00,非都市： ; 非都市編定：,2,1,持分移轉,00620000
RPRNMLPJIIPFFAX37EA,二崁北段,1341.14,非都市：一般農業區 ; 非都市編定：農牧用地,2,1,持分移轉,11570000
RPSNMLPLRHPFFAX38DA,文光段,4.89,非都市： ; 非都市編定：,66,3,持分移轉,08880000
RPTNMLTLRHPFFAX88DA,北澳段,100.66,非都市：鄉村區 ; 非都市編定：乙種建築用地,1,1,全筆移轉,01200000
RPVNMLOLRHPFFAX58DA,東衛段,190.21,非都市：鄉村區 ; 非都市編定：乙種建築用地,1,1,全筆移轉,11790001
RPWNMLSLRHPFFAX56EA,山水南段,79.52,非都市：鄉村區 ; 非都市編定：乙種建築用地,16,4,持分移轉,05950000
RPVNMLQJIIPFFAX87EA,龍門西段,723.88,非都市：一般農業區 ; 非都市編定：農牧用地,1,1,全筆移轉,00630000
RPRNMLTLRHPFFAX68DA,港子新段,92.05,非都市：鄉村區 ; 非都市編定：乙種建築用地,1,1,全筆移轉,07300000
RPSNMLPJIIPFFAX37DA,中屯新段,1980.00,非都市：一般農業區 ; 非都市編定：農牧用地,1,1,全筆移轉,03920000
RPPOMLSKQHPFFAX28DA,國宅段,103.24,非都市： ; 非都市編定：,1,1,全筆移轉,03530003
RPPOMLSKQHPFFAX28DA,國宅段,19.12,非都市： ; 非都市編定：,9,1,持分移轉,03530004
RPTNMLPJQHPFFAX18DA,二崁南段,.10,非都市： ; 非都市編定：,60,1,持分移轉,04220001
RPTNMLPJQHPFFAX18DA,二崁南段,.10,非都市： ; 非都市編定：,60,1,持分移轉,04210001
RPPNMLKMRHPFFAX67DA,山水東段,2882.02,非都市：一般農業區 ; 非都市編定：農牧用地,1,1,全筆移轉,06480000
RPSNMLRJIIPFFAX67EA,鼎灣新段,1593.50,非都市：一般農業區 ; 非都市編定：農牧用地,1,1,全筆移轉,00840000
RPUNMLPJQHPFFAX28DA,,.10,非都市： ; 非都市編定：,60,1,持分移轉,04210001
RPUNMLPJQHPFFAX28DA,,.10,非都市： ; 非都市編定：,60,1,持分移轉,04220001
RPSNMLSJIIPFFAX67DA,沙港南段,200.35,非都市：一般農業區 ; 非都市編定：農牧用地,10000,801,持分移轉,09240000
RPTNMLSJIIPFFAX77DA,鐵線段,35.43,非都市：一般農業區 ; 非都市編定：交通用地,8,1,持分移轉,06230005
RPTNMLSJIIPFFAX77DA,鐵線段,242.68,非都市：一般農業區 ; 非都市編定：甲種建築用地,1,1,全筆移轉,06230006
RPSNMLMLRHPFFAX18EA,埕中段,51.68,非都市： ; 非都市編定：,4,1,持分移轉,02890000
RPSNMLMLRHPFFAX18EA,埕中段,51.68,非都市： ; 非都市編定：,4,1,持分移轉,02890000
RPUNMLRJIIPFFAX77DA,光榮新段,135.42,非都市： ; 非都市編定：,2,1,持分移轉,00080000
RPUNMLRJIIPFFAX77DA,光榮新段,135.42,非都市： ; 非都市編定：,2,1,持分移轉,00080000
RPUNMLRJIIPFFAX77DA,光榮新段,85.92,非都市： ; 非都市編定：,2,1,持分移轉,00090000
RPUNMLRJIIPFFAX77DA,光榮新段,85.92,非都市： ; 非都市編定：,2,1,持分移轉,00090000
RPUNMLRJIIPFFAX77DA,光榮新段,85.93,非都市： ; 非都市編定：,2,1,持分移轉,00100000
RPUNMLRJIIPFFAX77DA,光榮新段,85.93,非都市： ; 非都市編定：,2,1,持分移轉,00100000
RPUNMLRJIIPFFAX77DA,光榮新段,85.92,非都市： ; 非都市編定：,2,1,持分移轉,00110000
RPUNMLRJIIPFFAX77DA,光榮新段,85.92,非都市： ; 非都市編定：,2,1,持分移轉,00110000
RPUNMLTLRHPFFAX98DA,成功南段,20.63,非都市：一般農業區 ; 非都市編定：農牧用地,32,1,持分移轉,02930000
RPUNMLTLRHPFFAX98DA,成功北段,13.15,非都市：一般農業區 ; 非都市編定：農牧用地,14130,261,持分移轉,05000000
RPUNMLTLRHPFFAX98DA,成功北段,59.50,非都市：一般農業區 ; 非都市編定：農牧用地,12,1,持分移轉,06270000
RPUNMLTLRHPFFAX98DA,成功北段,58.17,非都市：一般農業區 ; 非都市編定：農牧用地,12,1,持分移轉,06280000
RPUNMLTLRHPFFAX98DA,成功北段,124.67,非都市：一般農業區 ; 非都市編定：農牧用地,6,1,持分移轉,07170000
RPUNMLTLRHPFFAX98DA,成功南段,185.78,非都市：一般農業區 ; 非都市編定：農牧用地,6,1,持分移轉,08120000
RPUNMLTLRHPFFAX98DA,成功南段,330.56,非都市：一般農業區 ; 非都市編定：農牧用地,6,1,持分移轉,11720000
RPTNMLPJIIPFFAX47DA,六合段,409.10,非都市：一般農業區 ; 非都市編定：農牧用地,1,1,全筆移轉,04660001
RPROMLQJIIPFFAX47DA,林投北段,227.48,非都市：一般農業區 ; 非都市編定：甲種建築用地,1,1,全筆移轉,08170000
RPROMLQJIIPFFAX47DA,林投北段,238.08,非都市：一般農業區 ; 非都市編定：甲種建築用地,1,1,全筆移轉,08250000
RPUOMLQJIIPFFAX77DA,中山段,25.19,非都市： ; 非都市編定：,1000,147,持分移轉,04620000
UPUOMLQJIIPFFAX08DA,中山段,31.19,非都市： ; 非都市編定：,1000,182,持分移轉,04620000
SPUOMLQJIIPFFAX87DA,中山段,21.42,非都市： ; 非都市編定：,1000,125,持分移轉,04620000
VPUOMLQJIIPFFAX18DA,中山段,31.19,非都市： ; 非都市編定：,1000,182,持分移轉,04620000
TPUOMLQJIIPFFAX97DA,中山段,31.19,非都市： ; 非都市編定：,1000,182,持分移轉,04620000
RPWOMLQJIIPFFAX97DA,案山段,9.27,非都市： ; 非都市編定：,1,1,全筆移轉,01290002
RPXOMLQJIIPFFAX08DA,案山段,79.72,非都市： ; 非都市編定：,4,3,持分移轉,01160000
RPXOMLQJIIPFFAX08DA,案山段,14.30,非都市： ; 非都市編定：,4,3,持分移轉,01230000
RPXOMLQJIIPFFAX08DA,案山段,1.13,非都市： ; 非都市編定：,4,3,持分移轉,01230001
RPRNMLPLRHPFFAX28DA,光榮新段,121.40,非都市： ; 非都市編定：,1,1,全筆移轉,01050000
RPVOMLQJIIPFFAX87DA,光榮新段,83.69,非都市： ; 非都市編定：,4,1,持分移轉,00590000
RPVOMLQJIIPFFAX87DA,光榮新段,83.69,非都市： ; 非都市編定：,4,1,持分移轉,00590000
RPVOMLQJIIPFFAX87DA,光榮新段,83.69,非都市： ; 非都市編定：,4,1,持分移轉,00590000
RPVOMLQJIIPFFAX87DA,光榮新段,83.69,非都市： ; 非都市編定：,4,1,持分移轉,00590000
SPRNMLPLRHPFFAX38DA,光榮新段,121.41,非都市： ; 非都市編定：,1,1,全筆移轉,01060000
RPRNMLQLRHPFFAX38DA,光榮新段,151.92,非都市： ; 非都市編定：,1,1,全筆移轉,00270000
RPRNMLQLRHPFFAX38DA,光榮新段,151.92,非都市： ; 非都市編定：,1,1,全筆移轉,00280000
RPPNMLLKIIPFFAX76DA,文寮段,329.90,非都市：一般農業區 ; 非都市編定：甲種建築用地,1,1,全筆移轉,03760000
RPPNMLLKIIPFFAX76DA,文寮段,44.96,非都市：一般農業區 ; 非都市編定：交通用地,3,1,持分移轉,03760002
RPQNMLNKIIPFFAX07DA,將軍澳段,119.67,非都市：一般農業區 ; 非都市編定：農牧用地,6,1,持分移轉,01590000
RPSOMLQJIIPFFAX67EA,埕西段,58.20,非都市： ; 非都市編定：,1,1,全筆移轉,02870000
RPWNMLMKIIPFFAX67EA,林投北段,107.24,非都市：鄉村區 ; 非都市編定：乙種建築用地,1,1,全筆移轉,03960000
RPOOMLMKIIPFFAX86DA,東澳段,26.20,非都市： ; 非都市編定：,10000,165,持分移轉,05940000
RPXNMLMKIIPFFAX77EA,東澳段,26.20,非都市： ; 非都市編定：,10000,165,持分移轉,05940000
RPPNMLOKIIPFFAX07DA,山水南段,293.31,非都市：一般農業區 ; 非都市編定：農牧用地,1,1,全筆移轉,01810000
RPPNMLOKIIPFFAX07DA,山水南段,170.17,非都市：一般農業區 ; 非都市編定：農牧用地,1,1,全筆移轉,01820000
RPPOMLMKIIPFFAX96DA,五德西段,262.05,非都市：一般農業區 ; 非都市編定：農牧用地,1,1,全筆移轉,06110000
RPSNMLOKIIPFFAX37DA,安宅段,257.35,非都市：一般農業區 ; 非都市編定：農牧用地,1,1,全筆移轉,03380000
RPRNMLNKIIPFFAX17DA,文光段,2.27,非都市： ; 非都市編定：,1,1,全筆移轉,00180004
RPQNMLOKIIPFFAX27EA,文寮段,445.26,非都市：鄉村區 ; 非都市編定：乙種建築用地,1,1,全筆移轉,09680000
RPVNMLQKIIPFFAX87DA,中山段,31.19,非都市： ; 非都市編定：,1000,182,持分移轉,04620000
RPSNMLSKRHPFFAX58DA,二崁南段,3.28,非都市： ; 非都市編定：,9,1,持分移轉,06910000
RPPNMLPKIIPFFAX17DA,馬公段,56.00,非都市： ; 非都市編定：,1,1,全筆移轉,18180025
RPRNMLQKIIPFFAX47DA,國宅段,104.99,非都市： ; 非都市編定：,1,1,全筆移轉,04760000
RPWNMLOJRHPFFAX58EA,岐頭新段,951.62,非都市：一般農業區 ; 非都市編定：農牧用地,6,2,持分移轉,10790000
RPWNMLOJRHPFFAX58EA,岐頭新段,951.62,非都市：一般農業區 ; 非都市編定：農牧用地,6,2,持分移轉,10790000
RPWNMLOJRHPFFAX58EA,港子新段,482.66,非都市：一般農業區 ; 非都市編定：農牧用地,2,1,持分移轉,11020000
RPWNMLOJRHPFFAX58EA,港子新段,482.66,非都市：一般農業區 ; 非都市編定：農牧用地,2,1,持分移轉,11020000
RPWNMLOJRHPFFAX58EA,岐頭段,554.06,非都市：一般農業區 ; 非都市編定：農牧用地,16,1,持分移轉,12470000
RPWNMLOJRHPFFAX58EA,岐頭段,554.06,非都市：一般農業區 ; 非都市編定：農牧用地,16,1,持分移轉,12470000
RPXNMLOJRHPFFAX68EA,岐頭新段,61.94,非都市：鄉村區 ; 非都市編定：乙種建築用地,8,1,持分移轉,01130000
RPXNMLOJRHPFFAX68EA,岐頭新段,61.49,非都市：鄉村區 ; 非都市編定：乙種建築用地,8,1,持分移轉,01770000
RPXNMLOJRHPFFAX68EA,岐頭新段,80.06,非都市：一般農業區 ; 非都市編定：農牧用地,4,1,持分移轉,02910000
RPXNMLOJRHPFFAX68EA,岐頭新段,35.16,非都市：一般農業區 ; 非都市編定：農牧用地,8,1,持分移轉,06270000
RPXNMLOJRHPFFAX68EA,岐頭新段,59.54,非都市：一般農業區 ; 非都市編定：農牧用地,8,1,持分移轉,10040000
RPXNMLOJRHPFFAX68EA,岐頭段,5.25,非都市：一般農業區 ; 非都市編定：農牧用地,8,1,持分移轉,11890000
RPXNMLOKRHPFFAX68DA,光榮段,15.04,非都市： ; 非都市編定：,1444,152,持分移轉,03580000
RPSNMLTKIIPFFAX97EA,後寮東段,847.94,非都市：一般農業區 ; 非都市編定：農牧用地,1,1,全筆移轉,12580000
RPROMLTKIIPFFAX87DA,興崁段,2095.15,非都市：一般農業區 ; 非都市編定：農牧用地,1,1,全筆移轉,05260000
RPQOMLTKIIPFFAX77DA,興崁段,308.40,非都市：一般農業區 ; 非都市編定：農牧用地,1,1,全筆移轉,05280000
RPSNMLKLIIPFFAX07DA,文東段,156.19,非都市：一般農業區 ; 非都市編定：甲種建築用地,1,1,全筆移轉,11480000
RPSNMLKLIIPFFAX07DA,文東段,23.43,非都市：一般農業區 ; 非都市編定：交通用地,3,1,持分移轉,11480003
RPQNMLKLIIPFFAX86DA,五德西段,142.65,非都市：一般農業區 ; 非都市編定：農牧用地,500000,112715,持分移轉,00980000
RPPNMLLLIIPFFAX86DA,西澳段,11.39,非都市： ; 非都市編定：,1,1,全筆移轉,03500001
RPVNMLTKIIPFFAX18DA,五福段,363.75,非都市：一般農業區 ; 非都市編定：農牧用地,1,1,全筆移轉,07840000
RPVNMLTKIIPFFAX18DA,五福段,19.46,非都市：一般農業區 ; 非都市編定：交通用地,2,1,持分移轉,07840002
RPUNMLSLRHPFFAX88DA,後寮段,106.00,非都市：一般農業區 ; 非都市編定：農牧用地,1,1,全筆移轉,23570000
RPUNMLSLRHPFFAX88DA,後寮段,30.00,非都市：一般農業區 ; 非都市編定：交通用地,1,1,全筆移轉,23570001
RPQNMLPKIIPFFAX27DA,文光段,26.93,非都市： ; 非都市編定：,100000,325,持分移轉,00200000
RPQNMLPKIIPFFAX27DA,文光段,3.49,非都市： ; 非都市編定：,100000,325,持分移轉,00540000
RPXNMLSLRHPFFAX56DA,春暉段,96.72,非都市： ; 非都市編定：,1,1,全筆移轉,00900000
RPWNMLTKIIPFFAX28DA,內垵三段,344.53,非都市：一般農業區 ; 非都市編定：農牧用地,1,1,全筆移轉,07240000
RPOOMLTKIIPFFAX57DA,文石段,97.91,非都市：一般農業區 ; 非都市編定：甲種建築用地,1,1,全筆移轉,05360000
RPSNMLQLRHPFFAX48DA,光榮新段,151.92,非都市： ; 非都市編定：,1,1,全筆移轉,00250000
RPSNMLQLRHPFFAX48DA,光榮新段,151.91,非都市： ; 非都市編定：,1,1,全筆移轉,00260000
RPRNMLTKIIPFFAX77DA,北寮新段,307.78,非都市：鄉村區 ; 非都市編定：乙種建築用地,2,1,持分移轉,00060000
RPRNMLTKIIPFFAX77DA,北寮新段,307.78,非都市：鄉村區 ; 非都市編定：乙種建築用地,2,1,持分移轉,00060000
RPWNMLMLIIPFFAX67DA,鎖港南段,323.28,非都市：一般農業區 ; 非都市編定：農牧用地,10000,2523,持分移轉,03730000
RPXNMLQLIIPFFAX18DA,埕東段,37.89,非都市： ; 非都市編定：,10000,297,持分移轉,03810000
RPRNMLNLIIPFFAX27DA,興仁段,828.97,非都市：一般農業區 ; 非都市編定：農牧用地,1,1,全筆移轉,14580000
RPQNMLQKIIPFFAX37DA,馬公段,7.65,非都市： ; 非都市編定：,40,1,持分移轉,00060003
RPQNMLQKIIPFFAX37DA,馬公段,2.45,非都市： ; 非都市編定：,40,1,持分移轉,00060013
RPPNMLMLIIPFFAX96DA,湖西南段,182.14,非都市：鄉村區 ; 非都市編定：乙種建築用地,1,1,全筆移轉,04300000
RPUNMLLLIIPFFAX37DA,港子段,1400.00,非都市：一般農業區 ; 非都市編定：農牧用地,1,1,全筆移轉,17040000
RPTNMLNLIIPFFAX47DA,赤崁中段,34.70,非都市：一般農業區 ; 非都市編定：交通用地,9,1,持分移轉,06080000
RPTNMLNLIIPFFAX47DA,赤崁中段,135.03,非都市：一般農業區 ; 非都市編定：甲種建築用地,1,1,全筆移轉,06140000
RPRNMLSJIIPFFAX57DA,南寮北段,1382.03,非都市：一般農業區 ; 非都市編定：農牧用地,1,1,全筆移轉,12070000
RPTNMLMLIIPFFAX37DA,竹篙灣段,37.50,非都市：風景區 ; 非都市編定：交通用地,4,1,持分移轉,37840002
RPPNMLRLIIPFFAX47DA,港子段,2300.00,非都市：一般農業區 ; 非都市編定：農牧用地,1,1,全筆移轉,17340000
RPROMLQLIIPFFAX67DA,赤崁中段,122.20,非都市：一般農業區 ; 非都市編定：甲種建築用地,1,1,全筆移轉,07140000
RPROMLQLIIPFFAX67DA,赤崁中段,89.59,非都市：一般農業區 ; 非都市編定：甲種建築用地,1,1,全筆移轉,07260000
RPWNMLRJIIPFFAX97DA,光榮新段,182.60,非都市： ; 非都市編定：,1,1,全筆移轉,00690000
TPWNMLRJIIPFFAX18DA,光榮新段,182.58,非都市： ; 非都市編定：,1,1,全筆移轉,00710000
RPSNMLQLIIPFFAX77EA,七美二段,152.79,非都市：一般農業區 ; 非都市編定：農牧用地,6,1,持分移轉,03960000
RPRNMLSLIIPFFAX87EA,文光段,27.09,非都市： ; 非都市編定：,100000,327,持分移轉,00200000
RPRNMLSLIIPFFAX87EA,文光段,3.51,非都市： ; 非都市編定：,100000,327,持分移轉,00540000
SPWNMLRJIIPFFAX08DA,光榮新段,182.58,非都市： ; 非都市編定：,1,1,全筆移轉,00700000
RPUNMLNLIIPFFAX57DA,湖西北段,6.90,非都市：一般農業區 ; 非都市編定：交通用地,1,1,全筆移轉,02700000
RPUNMLNLIIPFFAX57DA,湖西北段,718.92,非都市：一般農業區 ; 非都市編定：農牧用地,1,1,全筆移轉,02720000
RPUNMLNLIIPFFAX57DA,湖西北段,344.38,非都市：一般農業區 ; 非都市編定：農牧用地,1,1,全筆移轉,02730000
RPXNMLRJIIPFFAX08DA,光榮新段,190.61,非都市： ; 非都市編定：,1,1,全筆移轉,00990000
RPXNMLRJIIPFFAX08DA,光榮新段,121.36,非都市： ; 非都市編定：,1,1,全筆移轉,01000000
RPXNMLRJIIPFFAX08DA,光榮新段,263.92,非都市： ; 非都市編定：,1,1,全筆移轉,01110000
RPXNMLRJIIPFFAX08DA,光榮新段,227.31,非都市： ; 非都市編定：,1,1,全筆移轉,01120000
UPWNMLRJIIPFFAX28DA,光榮新段,182.57,非都市： ; 非都市編定：,1,1,全筆移轉,00720000
RPQNMLMLIIPFFAX17EA,七美二段,281.01,非都市：一般農業區 ; 非都市編定：農牧用地,8,2,持分移轉,03970000
RPTNMLQLIIPFFAX77DA,湖西南段,221.94,非都市：一般農業區 ; 非都市編定：農牧用地,100000,7731,持分移轉,24430000
RPTNMLQLIIPFFAX77DA,湖西南段,223.37,非都市：一般農業區 ; 非都市編定：農牧用地,100000,7781,持分移轉,24430000
RPTNMLQLIIPFFAX77DA,湖西南段,223.37,非都市：一般農業區 ; 非都市編定：農牧用地,100000,7781,持分移轉,24430000
RPTNMLQLIIPFFAX77DA,湖西南段,267.15,非都市：一般農業區 ; 非都市編定：農牧用地,100000,9306,持分移轉,24430000
RPTNMLQLIIPFFAX77DA,湖西南段,200.55,非都市：一般農業區 ; 非都市編定：農牧用地,100000,6986,持分移轉,24430000
RPTNMLQLIIPFFAX77DA,湖西南段,206.18,非都市：一般農業區 ; 非都市編定：農牧用地,100000,7182,持分移轉,24430000
RPTNMLQLIIPFFAX77DA,湖西南段,214.39,非都市：一般農業區 ; 非都市編定：農牧用地,100000,7468,持分移轉,24430000
RPTNMLQLIIPFFAX77DA,湖西南段,199.06,非都市：一般農業區 ; 非都市編定：農牧用地,100000,6934,持分移轉,24430000
RPTNMLQLIIPFFAX77DA,湖西南段,217.95,非都市：一般農業區 ; 非都市編定：農牧用地,100000,7592,持分移轉,24430000
RPTNMLQLIIPFFAX77DA,湖西南段,282.02,非都市：一般農業區 ; 非都市編定：農牧用地,100000,9824,持分移轉,24430000
RPTNMLQLIIPFFAX77DA,湖西南段,208.93,非都市：一般農業區 ; 非都市編定：農牧用地,100000,7278,持分移轉,24430000
RPTNMLQLIIPFFAX77DA,湖西南段,200.44,非都市：一般農業區 ; 非都市編定：農牧用地,100000,6982,持分移轉,24430000
RPPPMLQJIIPFFAX37DA,鼎灣新段,580.83,非都市：一般農業區 ; 非都市編定：甲種建築用地,12,4,持分移轉,06220000
RPUNMLSLIIPFFAX08DA,五福段,200.58,非都市：一般農業區 ; 非都市編定：農牧用地,6,1,持分移轉,01270000
RPOOMLTLIIPFFAX67DA,鐵線段,218.59,非都市：一般農業區 ; 非都市編定：農牧用地,10000,1415,持分移轉,06850000
RPOOMLTLIIPFFAX67DA,鐵線段,273.75,非都市：一般農業區 ; 非都市編定：農牧用地,10000,1772,持分移轉,06850000
RPOOMLTLIIPFFAX67DA,鐵線段,276.84,非都市：一般農業區 ; 非都市編定：農牧用地,10000,1792,持分移轉,06850000
RPOOMLTLIIPFFAX67DA,鐵線段,225.86,非都市：一般農業區 ; 非都市編定：農牧用地,10000,1462,持分移轉,06850000
RPOOMLTLIIPFFAX67DA,鐵線段,274.67,非都市：一般農業區 ; 非都市編定：農牧用地,10000,1778,持分移轉,06850000
RPOOMLTLIIPFFAX67DA,鐵線段,275.14,非都市：一般農業區 ; 非都市編定：農牧用地,10000,1781,持分移轉,06850000
RPTNMLSLIIPFFAX97DA,埕中段,7.60,非都市： ; 非都市編定：,22811,760,持分移轉,05320000
RPTNMLSLIIPFFAX97DA,埕中段,26.68,非都市： ; 非都市編定：,83510,2668,持分移轉,05330000
RPTNMLSLIIPFFAX97DA,埕中段,1.04,非都市： ; 非都市編定：,3139,104,持分移轉,05450001
RPWQMLKMIIPFFAX87DA,海堤段,47.58,非都市： ; 非都市編定：,5,1,持分移轉,11770000
RPWQMLKMIIPFFAX87DA,海堤段,74.26,非都市： ; 非都市編定：,5,1,持分移轉,11780000
RPQNMLKMIIPFFAX96DA,岐頭新段,413.40,非都市：一般農業區 ; 非都市編定：甲種建築用地,100,40,持分移轉,00460000
RPQNMLKMIIPFFAX96DA,岐頭新段,620.11,非都市：一般農業區 ; 非都市編定：甲種建築用地,100,60,持分移轉,00460000
RPSNMLTLIIPFFAX97DA,沙港南段,200.35,非都市：一般農業區 ; 非都市編定：農牧用地,10000,801,持分移轉,09240000
RPUNMLTLIIPFFAX18DA,興崁段,152.08,非都市：一般農業區 ; 非都市編定：甲種建築用地,1,1,全筆移轉,10950002
RPUNMLTLIIPFFAX18DA,興崁段,79.57,非都市：一般農業區 ; 非都市編定：交通用地,5,1,持分移轉,10950004
RPRNMLKMIIPFFAX07DA,岐頭新段,141.81,非都市：一般農業區 ; 非都市編定：甲種建築用地,1,1,全筆移轉,00450000
RPPOMLQLIIPFFAX47DA,東衛段,150.95,非都市：一般農業區 ; 非都市編定：甲種建築用地,1,1,全筆移轉,09780002
RPPOMLQLIIPFFAX47DA,東衛段,85.64,非都市：一般農業區 ; 非都市編定：交通用地,3,1,持分移轉,09780003
RPTNMLPLRHPFFAX48DA,光榮段,15.64,非都市： ; 非都市編定：,10000,133,持分移轉,04960000
RPVNMLRJIIPFFAX87DA,西溪新段,811.50,非都市：一般農業區 ; 非都市編定：農牧用地,1,1,全筆移轉,17320000
RPPNMLSLRHPFFAX38DA,大嶼段,115.80,非都市：一般農業區 ; 非都市編定：農牧用地,50,6,持分移轉,04170000
RPPNMLSLRHPFFAX38DA,大嶼段,124.92,非都市：一般農業區 ; 非都市編定：農牧用地,50,6,持分移轉,10250000
RPPNMLSLRHPFFAX38DA,大嶼段,104.76,非都市：一般農業區 ; 非都市編定：農牧用地,50,6,持分移轉,10470000
RPPNMLSLRHPFFAX38DA,大嶼段,137.40,非都市：一般農業區 ; 非都市編定：農牧用地,50,6,持分移轉,10570000
RPPNMLSLRHPFFAX38DA,大嶼段,97.80,非都市：一般農業區 ; 非都市編定：農牧用地,50,6,持分移轉,12680000
RPQNMLSLRHPFFAX48DA,大嶼段,61.68,非都市：一般農業區 ; 非都市編定：農牧用地,50,6,持分移轉,04130000
RPQNMLSLRHPFFAX48DA,大嶼段,49.44,非都市：一般農業區 ; 非都市編定：農牧用地,50,6,持分移轉,10090000
RPQNMLSLRHPFFAX48DA,大嶼段,67.56,非都市：一般農業區 ; 非都市編定：農牧用地,50,6,持分移轉,10230000
RPQNMLSLRHPFFAX48DA,大嶼段,63.96,非都市：一般農業區 ; 非都市編定：農牧用地,50,6,持分移轉,10290000
RPQNMLSLRHPFFAX48DA,大嶼段,32.04,非都市：一般農業區 ; 非都市編定：農牧用地,50,6,持分移轉,10320000
RPQNMLSLRHPFFAX48DA,大嶼段,24.48,非都市：一般農業區 ; 非都市編定：農牧用地,50,6,持分移轉,11020000
RPQNMLSLRHPFFAX48DA,大嶼段,71.04,非都市：一般農業區 ; 非都市編定：農牧用地,50,6,持分移轉,11240000
RPQNMLSLRHPFFAX48DA,大嶼段,58.20,非都市：鄉村區 ; 非都市編定：乙種建築用地,50,6,持分移轉,11760000
RPQNMLSLRHPFFAX48DA,大嶼段,32.64,非都市：一般農業區 ; 非都市編定：農牧用地,50,6,持分移轉,11790000
RPQOMLPJIIPFFAX27DA,湖東新段,125.93,非都市：鄉村區 ; 非都市編定：乙種建築用地,1,1,全筆移轉,02690000
RPQOMLQLIIPFFAX57DA,五福段,318.20,非都市：一般農業區 ; 非都市編定：農牧用地,18,3,持分移轉,00710000
RPVNMLQLIIPFFAX97DA,五福段,151.75,非都市：一般農業區 ; 非都市編定：農牧用地,3,1,持分移轉,08850002
RPVNMLQLIIPFFAX97DA,五福段,151.75,非都市：一般農業區 ; 非都市編定：農牧用地,3,1,持分移轉,08850002
RPVNMLQLIIPFFAX97DA,五福段,151.75,非都市：一般農業區 ; 非都市編定：農牧用地,3,1,持分移轉,08850002
RPVNMLQLIIPFFAX97DA,五福段,21.85,非都市：一般農業區 ; 非都市編定：交通用地,1000,115,持分移轉,08850003
RPVNMLQLIIPFFAX97DA,五福段,21.85,非都市：一般農業區 ; 非都市編定：交通用地,1000,115,持分移轉,08850003
RPVNMLQLIIPFFAX97DA,五福段,21.66,非都市：一般農業區 ; 非都市編定：交通用地,1000,114,持分移轉,08850003
RPWNMLQLIIPFFAX08DA,烏崁新段,262.39,非都市：鄉村區 ; 非都市編定：乙種建築用地,1,1,全筆移轉,13030000
RPOPMLQJIIPFFAX27DA,文光段,21.98,非都市： ; 非都市編定：,3,1,持分移轉,01430000
RPOPMLQJIIPFFAX27DA,文光段,21.98,非都市： ; 非都市編定：,3,1,持分移轉,01430000
RPOPMLQJIIPFFAX27DA,文光段,21.98,非都市： ; 非都市編定：,3,1,持分移轉,01430000
RPORMLKMIIPFFAX17DA,赤崁中段,652.83,非都市：一般農業區 ; 非都市編定：農牧用地,4,1,持分移轉,07470000
RPORMLKMIIPFFAX17DA,赤崁中段,652.83,非都市：一般農業區 ; 非都市編定：農牧用地,4,1,持分移轉,07470000
RPORMLKMIIPFFAX17DA,赤崁中段,652.83,非都市：一般農業區 ; 非都市編定：農牧用地,4,1,持分移轉,07470000
RPORMLKMIIPFFAX17DA,赤崁中段,652.83,非都市：一般農業區 ; 非都市編定：農牧用地,4,1,持分移轉,07470000
RPROMLMJJIPFFAX17DA,國宅段,68.77,非都市： ; 非都市編定：,1,1,全筆移轉,07980000
RPWNMLOJJIPFFAX77DA,興崁段,652.65,非都市：一般農業區 ; 非都市編定：農牧用地,1,1,全筆移轉,10070000
RPWNMLOJJIPFFAX77DA,興崁段,361.55,非都市：一般農業區 ; 非都市編定：農牧用地,1,1,全筆移轉,10080000
RPPNMLNJJIPFFAX96DA,青螺新段,519.52,非都市：一般農業區 ; 非都市編定：農牧用地,2,1,持分移轉,08330000
RPPNMLNJJIPFFAX96DA,青螺新段,519.52,非都市：一般農業區 ; 非都市編定：農牧用地,2,1,持分移轉,08330000
RPVNMLOJJIPFFAX67DA,五福段,233.07,非都市：一般農業區 ; 非都市編定：農牧用地,1401,233,持分移轉,03300000
RPVNMLOJJIPFFAX67DA,五福段,234.07,非都市：一般農業區 ; 非都市編定：農牧用地,1401,234,持分移轉,03300000
RPVNMLOJJIPFFAX67DA,五福段,233.07,非都市：一般農業區 ; 非都市編定：農牧用地,1401,233,持分移轉,03300000
RPVNMLOJJIPFFAX67DA,五福段,233.07,非都市：一般農業區 ; 非都市編定：農牧用地,1401,233,持分移轉,03300000
RPVNMLOJJIPFFAX67DA,五福段,233.07,非都市：一般農業區 ; 非都市編定：農牧用地,1401,233,持分移轉,03300000
RPVNMLOJJIPFFAX67DA,五福段,235.07,非都市：一般農業區 ; 非都市編定：農牧用地,1401,235,持分移轉,03300000
RPOOMLMJJIPFFAX86DA,國宅段,32.08,非都市： ; 非都市編定：,2,1,持分移轉,08230005
RPOOMLMJJIPFFAX86DA,國宅段,195.12,非都市： ; 非都市編定：,2,1,持分移轉,08240000
RPUNMLOJJIPFFAX67EA,港子新段,1140.21,非都市：一般農業區 ; 非都市編定：農牧用地,1,1,全筆移轉,04260000
RPQNMLNJJIPFFAX07DA,青螺新段,74.02,非都市：鄉村區 ; 非都市編定：乙種建築用地,3,2,持分移轉,08430000
RPQNMLNJJIPFFAX07DA,青螺新段,13.36,非都市：鄉村區 ; 非都市編定：交通用地,3,2,持分移轉,08440000
RPQNMLOJJIPFFAX27EA,馬公段,27.50,非都市： ; 非都市編定：,2,1,持分移轉,08560000
RPQNMLOJJIPFFAX27EA,馬公段,27.50,非都市： ; 非都市編定：,2,1,持分移轉,08560000
RPQNMLOJJIPFFAX27EA,馬公段,24.50,非都市： ; 非都市編定：,2,1,持分移轉,08610000
RPQNMLOJJIPFFAX27EA,馬公段,24.50,非都市： ; 非都市編定：,2,1,持分移轉,08610000
RPVQMLKMIIPFFAX77DA,埕東段,83.87,非都市： ; 非都市編定：,1,1,全筆移轉,05400000
RPVNMLTLIIPFFAX28DA,鎖港西段,64.48,非都市： ; 非都市編定：,1,1,全筆移轉,03080001
RPVNMLKMIIPFFAX47DA,安宅段,33.84,非都市：鄉村區 ; 非都市編定：乙種建築用地,1000,37,持分移轉,12350000
RPTNMLMJJIPFFAX27DA,紅羅段,189.46,非都市：一般農業區 ; 非都市編定：農牧用地,8,2,持分移轉,21390000
RPTNMLMJJIPFFAX27DA,紅羅段,189.46,非都市：一般農業區 ; 非都市編定：農牧用地,8,2,持分移轉,21390000
RPSNMLOJJIPFFAX37DA,馬公段,.79,非都市： ; 非都市編定：,10000,714,持分移轉,02220008
RPSNMLOJJIPFFAX37DA,馬公段,2.43,非都市： ; 非都市編定：,10000,714,持分移轉,02220009
RPSNMLOJJIPFFAX37DA,馬公段,5.50,非都市： ; 非都市編定：,10000,714,持分移轉,02230010
RPSNMLOJJIPFFAX37DA,馬公段,9.57,非都市： ; 非都市編定：,10000,714,持分移轉,02320000
RPXQMLKMIIPFFAX97DA,文光段,28.19,非都市： ; 非都市編定：,625,134,持分移轉,02640000
RPXQMLKMIIPFFAX97DA,文光段,43.20,非都市： ; 非都市編定：,1,1,全筆移轉,02650000
RPUNMLTKIIPFFAX08DA,赤馬一段,185.90,非都市：一般農業區 ; 非都市編定：農牧用地,1,1,全筆移轉,04260000
RPXNMLPJJIPFFAX08EA,馬公段,44.00,非都市： ; 非都市編定：,1,1,全筆移轉,01030028
RPUNMLNJJIPFFAX57EA,?葉新段,69.75,非都市：鄉村區 ; 非都市編定：乙種建築用地,1,1,全筆移轉,05060000
RPTNMLKMIIPFFAX37EA,通梁南段,330.82,非都市： ; 非都市編定：,1,1,全筆移轉,12950000
RPTNMLNJJIPFFAX37DA,隘門新段,2313.96,非都市：一般農業區 ; 非都市編定：農牧用地,1,1,全筆移轉,09180000
RPTNMLNJJIPFFAX37DA,隘門新段,383.38,非都市：一般農業區 ; 非都市編定：農牧用地,1,1,全筆移轉,14090000
RPQNMLPJJIPFFAX27DA,東衛段,152.43,非都市：鄉村區 ; 非都市編定：乙種建築用地,1,1,全筆移轉,10980000
SPWNMLMJJIPFFAX67DA,安宅段,34.75,非都市：鄉村區 ; 非都市編定：乙種建築用地,1000,38,持分移轉,12350000
TPWNMLMJJIPFFAX77DA,安宅段,25.61,非都市：鄉村區 ; 非都市編定：乙種建築用地,1000,28,持分移轉,12350000
XPWNMLMJJIPFFAX18DA,安宅段,24.69,非都市：鄉村區 ; 非都市編定：乙種建築用地,1000,27,持分移轉,12350000
UPWNMLMJJIPFFAX87DA,安宅段,24.69,非都市：鄉村區 ; 非都市編定：乙種建築用地,1000,27,持分移轉,12350000
RPXNMLMJJIPFFAX67DA,安宅段,24.69,非都市：鄉村區 ; 非都市編定：乙種建築用地,1000,27,持分移轉,12350000
RPVNMLMJJIPFFAX57EA,五福段,34.29,非都市：一般農業區 ; 非都市編定：甲種建築用地,100000,2512,持分移轉,01410000
SPXNMLMJJIPFFAX77DA,安宅段,23.78,非都市：鄉村區 ; 非都市編定：乙種建築用地,1000,26,持分移轉,12350000
RPRNMLPJJIPFFAX37DA,五德西段,419.79,非都市：一般農業區 ; 非都市編定：農牧用地,94640,41979,持分移轉,00930000
RPRNMLPJJIPFFAX37DA,五德西段,263.38,非都市：一般農業區 ; 非都市編定：農牧用地,94640,26338,持分移轉,00930000
RPRNMLPJJIPFFAX37DA,五德西段,263.23,非都市：一般農業區 ; 非都市編定：農牧用地,94640,26323,持分移轉,00930000
RPUNMLKMIIPFFAX37DA,安宅段,37.49,非都市：鄉村區 ; 非都市編定：乙種建築用地,1000,41,持分移轉,12350000
RPUOMLKMIIPFFAX47DA,安宅段,34.75,非都市：鄉村區 ; 非都市編定：乙種建築用地,1000,38,持分移轉,12350000
WPWNMLMJJIPFFAX08DA,安宅段,23.78,非都市：鄉村區 ; 非都市編定：乙種建築用地,1000,26,持分移轉,12350000
RPWNMLMJJIPFFAX57DA,安宅段,35.67,非都市：鄉村區 ; 非都市編定：乙種建築用地,1000,39,持分移轉,12350000
RPWOMLKMIIPFFAX67DA,安宅段,24.69,非都市：鄉村區 ; 非都市編定：乙種建築用地,1000,27,持分移轉,12350000
RPQPMLKMIIPFFAX17DA,安宅段,33.84,非都市：鄉村區 ; 非都市編定：乙種建築用地,1000,37,持分移轉,12350000
RPRPMLKMIIPFFAX27DA,安宅段,34.75,非都市：鄉村區 ; 非都市編定：乙種建築用地,1000,38,持分移轉,12350000
VPWNMLMJJIPFFAX97DA,安宅段,26.52,非都市：鄉村區 ; 非都市編定：乙種建築用地,1000,29,持分移轉,12350000
RPSPMLKMIIPFFAX37DA,安宅段,23.78,非都市：鄉村區 ; 非都市編定：乙種建築用地,1000,26,持分移轉,12350000
RPVOMLKMIIPFFAX57DA,安宅段,23.78,非都市：鄉村區 ; 非都市編定：乙種建築用地,1000,26,持分移轉,12350000
RPUPMLKMIIPFFAX57DA,安宅段,24.69,非都市：鄉村區 ; 非都市編定：乙種建築用地,1000,27,持分移轉,12350000
RPTPMLKMIIPFFAX47DA,安宅段,24.69,非都市：鄉村區 ; 非都市編定：乙種建築用地,1000,27,持分移轉,12350000
RPTOMLKMIIPFFAX37DA,安宅段,33.84,非都市：鄉村區 ; 非都市編定：乙種建築用地,1000,37,持分移轉,12350000
RPQQMLKMIIPFFAX27DA,安宅段,39.32,非都市：鄉村區 ; 非都市編定：乙種建築用地,1000,43,持分移轉,12350000
RPPPMLKMIIPFFAX07DA,安宅段,24.69,非都市：鄉村區 ; 非都市編定：乙種建築用地,1000,27,持分移轉,12350000
RPXPMLKMIIPFFAX87DA,安宅段,89.62,非都市：鄉村區 ; 非都市編定：乙種建築用地,1000,98,持分移轉,12350000
RPPQMLKMIIPFFAX17DA,安宅段,37.49,非都市：鄉村區 ; 非都市編定：乙種建築用地,1000,41,持分移轉,12350000
RPVPMLKMIIPFFAX67DA,安宅段,23.78,非都市：鄉村區 ; 非都市編定：乙種建築用地,1000,26,持分移轉,12350000
RPOQMLKMIIPFFAX07DA,安宅段,34.75,非都市：鄉村區 ; 非都市編定：乙種建築用地,1000,38,持分移轉,12350000
RPWPMLKMIIPFFAX77DA,安宅段,24.69,非都市：鄉村區 ; 非都市編定：乙種建築用地,1000,27,持分移轉,12350000
RPWNMLKKJIPFFAX47DA,興崁段,57.04,非都市：一般農業區 ; 非都市編定：交通用地,459,57,持分移轉,05350004
RPWNMLKKJIPFFAX47DA,興崁段,171.01,非都市：一般農業區 ; 非都市編定：甲種建築用地,1,1,全筆移轉,05350005
RPSQMLKMIIPFFAX47DA,安宅段,33.84,非都市：鄉村區 ; 非都市編定：乙種建築用地,1000,37,持分移轉,12350000
RPRQMLKMIIPFFAX37DA,安宅段,32.01,非都市：鄉村區 ; 非都市編定：乙種建築用地,1000,35,持分移轉,12350000
RPTNMLKKJIPFFAX17DA,中屯新段,63.07,非都市：鄉村區 ; 非都市編定：乙種建築用地,6,1,持分移轉,14670000
SPTNMLKKJIPFFAX27DA,中屯新段,189.20,非都市：鄉村區 ; 非都市編定：乙種建築用地,6,3,持分移轉,14670000
RPSNMLLKJIPFFAX17DA,?裡新段,133.67,非都市：鄉村區 ; 非都市編定：乙種建築用地,1,1,全筆移轉,04610000
RPSNMLLKJIPFFAX17DA,?裡新段,93.72,非都市：鄉村區 ; 非都市編定：乙種建築用地,2,1,持分移轉,04630000
RPUNMLKKJIPFFAX27DA,沙港南段,651.86,非都市：一般農業區 ; 非都市編定：農牧用地,1,1,全筆移轉,01490000
RPQNMLRLIIPFFAX57DA,四維段,306.92,非都市：一般農業區 ; 非都市編定：農牧用地,40,20,持分移轉,14190000
RPQNMLRLIIPFFAX57DA,四維段,291.57,非都市：一般農業區 ; 非都市編定：農牧用地,40,19,持分移轉,14190000
RPUNMLRLIIPFFAX97DA,許家段,292.06,非都市：一般農業區 ; 非都市編定：農牧用地,1000,436,持分移轉,00190005
RPUNMLRLIIPFFAX97DA,許家段,202.97,非都市：一般農業區 ; 非都市編定：農牧用地,1000,303,持分移轉,00190005
RPUNMLRLIIPFFAX97DA,許家段,174.83,非都市：一般農業區 ; 非都市編定：農牧用地,1000,261,持分移轉,00190005
RPQNMLTLIIPFFAX77DA,案山段,234.00,非都市： ; 非都市編定：,1,1,全筆移轉,08230000
RPRNMLTLIIPFFAX87DA,案山段,104.47,非都市： ; 非都市編定：,1,1,全筆移轉,08230001
RPRNMLTLIIPFFAX87DA,案山段,129.58,非都市： ; 非都市編定：,1,1,全筆移轉,08240000
RPPNMLMKJIPFFAX96DA,尖山中段,2426.87,非都市：一般農業區 ; 非都市編定：農牧用地,1,1,全筆移轉,11790000
RPXNMLKKJIPFFAX57DA,六合段,150.51,非都市：一般農業區 ; 非都市編定：甲種建築用地,1,1,全筆移轉,01500003
RPXNMLKKJIPFFAX57DA,六合段,106.46,非都市：一般農業區 ; 非都市編定：交通用地,4,1,持分移轉,01500004
RPSNMLQJJIPFFAX57DA,?裡新段,53.01,非都市：鄉村區 ; 非都市編定：乙種建築用地,1,1,全筆移轉,04040000
RPRNMLNKJIPFFAX37EA,外垵二段,199.30,非都市：一般農業區 ; 非都市編定：農牧用地,1,1,全筆移轉,05620000
RPRNMLNKJIPFFAX37EA,外垵二段,153.78,非都市：鄉村區 ; 非都市編定：乙種建築用地,1,1,全筆移轉,12690000
RPPOMLMJJIPFFAX96DA,馬公段,9.25,非都市： ; 非都市編定：,8,2,持分移轉,13050000
RPTNMLNJJIPFFAX47EA,山水南段,92.10,非都市：鄉村區 ; 非都市編定：乙種建築用地,1,1,全筆移轉,01870000
RPRNMLTJJIPFFAX77DA,五福段,329.97,非都市：一般農業區 ; 非都市編定：農牧用地,100000,48705,持分移轉,03470001
RPRNMLTJJIPFFAX77DA,五福段,30.54,非都市：一般農業區 ; 非都市編定：交通用地,10000,3367,持分移轉,03470007
RPXNMLTLIIPFFAX48DA,龍門南段,512.16,非都市：一般農業區 ; 非都市編定：農牧用地,1,1,全筆移轉,07520000
RPSNMLQKJIPFFAX67DA,東澳段,.57,非都市： ; 非都市編定：,10000,244,持分移轉,04890002
RPSNMLQKJIPFFAX67DA,東澳段,25.16,非都市： ; 非都市編定：,10000,244,持分移轉,05000000
RPRNMLRKJIPFFAX67DA,成功南段,29.48,非都市：一般農業區 ; 非都市編定：交通用地,20,1,持分移轉,13300004
RPRNMLRKJIPFFAX67DA,成功南段,251.44,非都市：一般農業區 ; 非都市編定：甲種建築用地,1,1,全筆移轉,13300006
RPUQMLKMIIPFFAX67DA,龍門北段,399.00,非都市：一般農業區 ; 非都市編定：農牧用地,1,1,全筆移轉,05250000
RPPNMLRKJIPFFAX57EA,港子新段,2717.97,非都市：一般農業區 ; 非都市編定：農牧用地,1,1,全筆移轉,05080000
RPQNMLQKJIPFFAX57EA,七美二段,238.26,非都市：一般農業區 ; 非都市編定：農牧用地,2,1,持分移轉,04040000
RPSNMLRKJIPFFAX77DA,小赤段,229.08,非都市：一般農業區 ; 非都市編定：農牧用地,1000,299,持分移轉,03620000
RPSNMLRKJIPFFAX77DA,小赤段,313.35,非都市：一般農業區 ; 非都市編定：農牧用地,1000,409,持分移轉,03620000
RPSNMLRKJIPFFAX77DA,小赤段,223.71,非都市：一般農業區 ; 非都市編定：農牧用地,1000,292,持分移轉,03620000
RPUNMLSKJIPFFAX08DA,四維段,19.29,非都市：鄉村區 ; 非都市編定：乙種建築用地,1,1,全筆移轉,00990000
RPUNMLSKJIPFFAX08DA,四維段,35.71,非都市：鄉村區 ; 非都市編定：乙種建築用地,1,1,全筆移轉,01000000
RPSNMLMKJIPFFAX27DA,文寮段,696.56,非都市：一般農業區 ; 非都市編定：農牧用地,1,1,全筆移轉,03330000
RPUNMLTKJIPFFAX18DA,山水北段,158.02,非都市：鄉村區 ; 非都市編定：乙種建築用地,1,1,全筆移轉,04770000
RPUNMLTKJIPFFAX18DA,山水北段,1.11,非都市：鄉村區 ; 非都市編定：交通用地,1,1,全筆移轉,04780000
RPSNMLTKJIPFFAX97DA,文寮段,650.33,非都市：一般農業區 ; 非都市編定：農牧用地,1,1,全筆移轉,13260000
RPRNMLKLJIPFFAX07DA,五德西段,132.64,非都市：一般農業區 ; 非都市編定：農牧用地,18,3,持分移轉,01040000
RPRNMLKLJIPFFAX07DA,五德西段,1.63,非都市：鄉村區 ; 非都市編定：乙種建築用地,24,2,持分移轉,01100000
RPRNMLKLJIPFFAX07DA,五德西段,8.56,非都市：鄉村區 ; 非都市編定：乙種建築用地,24,2,持分移轉,01110000
RPRNMLKLJIPFFAX07DA,五德西段,3.67,非都市：鄉村區 ; 非都市編定：乙種建築用地,24,2,持分移轉,01120000
RPRNMLKLJIPFFAX07DA,五德西段,19.45,非都市：鄉村區 ; 非都市編定：乙種建築用地,24,2,持分移轉,01130000
RPRNMLKLJIPFFAX07DA,五德西段,48.53,非都市：一般農業區 ; 非都市編定：農牧用地,18,3,持分移轉,05230000
RPRNMLKLJIPFFAX07DA,五德東段,242.67,非都市：一般農業區 ; 非都市編定：農牧用地,192,32,持分移轉,06610000
RPRNMLKLJIPFFAX07DA,五德西段,141.63,非都市：一般農業區 ; 非都市編定：農牧用地,18,3,持分移轉,07280000
RPWNMLSKJIPFFAX28DA,興崁段,2370.96,非都市：一般農業區 ; 非都市編定：農牧用地,1,1,全筆移轉,11010000
RPRNMLLMIIPFFAX17DA,花宅段,475.00,非都市：一般農業區 ; 非都市編定：農牧用地,1,1,全筆移轉,22370000
RPRNMLLMIIPFFAX17DA,花宅段,655.00,非都市：一般農業區 ; 非都市編定：農牧用地,1,1,全筆移轉,22440000
RPXNMLNLJIPFFAX97DA,馬公段,159.00,非都市： ; 非都市編定：,1,1,全筆移轉,05840029
RPTNMLTKJIPFFAX08DA,文寮段,27.09,非都市：一般農業區 ; 非都市編定：農牧用地,1,1,全筆移轉,08970001
RPTNMLTKJIPFFAX08DA,文寮段,66.97,非都市：一般農業區 ; 非都市編定：殯葬用地,1,1,全筆移轉,08980001
RPVNMLKKJIPFFAX37DA,光榮段,7.52,非都市： ; 非都市編定：,38,2,持分移轉,03580000
RPUNMLNLJIPFFAX77EA,七美二段,42.41,非都市：一般農業區 ; 非都市編定：農牧用地,18,17,持分移轉,02700000
RPRNMLOLJIPFFAX47DA,文寮段,448.00,非都市：鄉村區 ; 非都市編定：乙種建築用地,1,1,全筆移轉,05320000
RPVNMLNLJIPFFAX77DA,五福段,180.57,非都市：一般農業區 ; 非都市編定：農牧用地,18,2,持分移轉,05330000
RPTNMLNKJIPFFAX47DA,文寮段,114.04,非都市：一般農業區 ; 非都市編定：農牧用地,12,1,持分移轉,00910000
RPTNMLNKJIPFFAX47DA,文寮段,114.04,非都市：一般農業區 ; 非都市編定：農牧用地,768,64,持分移轉,00910000
RPTNMLNKJIPFFAX47DA,文寮段,114.04,非都市：一般農業區 ; 非都市編定：農牧用地,12,1,持分移轉,00910000
RPPOMLNLJIPFFAX27DA,五福段,106.07,非都市：一般農業區 ; 非都市編定：農牧用地,18,1,持分移轉,00710000
RPWNMLQJJIPFFAX97DA,馬公段,35.35,非都市： ; 非都市編定：,100000,4169,持分移轉,00630002
RPTNMLKLJIPFFAX27DA,內垵一段,296.19,非都市：一般農業區 ; 非都市編定：農牧用地,1,1,全筆移轉,00230000
RPTNMLOLJIPFFAX67DA,文石段,202.00,非都市：一般農業區 ; 非都市編定：農牧用地,2008,202,持分移轉,11350000
RPTNMLOLJIPFFAX67DA,文石段,199.00,非都市：一般農業區 ; 非都市編定：農牧用地,2008,199,持分移轉,11350000
RPTNMLOLJIPFFAX67DA,文石段,198.00,非都市：一般農業區 ; 非都市編定：農牧用地,2008,198,持分移轉,11350000
RPTNMLOLJIPFFAX67DA,文石段,200.00,非都市：一般農業區 ; 非都市編定：農牧用地,2008,200,持分移轉,11350000
RPTNMLOLJIPFFAX67DA,文石段,199.00,非都市：一般農業區 ; 非都市編定：農牧用地,2008,199,持分移轉,11350000
RPTNMLOLJIPFFAX67DA,文石段,215.00,非都市：一般農業區 ; 非都市編定：農牧用地,2008,215,持分移轉,11350000
RPTNMLOLJIPFFAX67DA,文石段,205.00,非都市：一般農業區 ; 非都市編定：農牧用地,2008,205,持分移轉,11350000
RPTNMLOLJIPFFAX67DA,文石段,198.00,非都市：一般農業區 ; 非都市編定：農牧用地,2008,198,持分移轉,11350000
RPTNMLOLJIPFFAX67DA,文石段,198.00,非都市：一般農業區 ; 非都市編定：農牧用地,2008,198,持分移轉,11350000
RPTNMLOLJIPFFAX67DA,文石段,194.00,非都市：一般農業區 ; 非都市編定：農牧用地,2008,194,持分移轉,11350000
RPWNMLPLJIPFFAX08DA,文東段,275.43,非都市：一般農業區 ; 非都市編定：農牧用地,1,1,全筆移轉,04620000
RPSNMLOLJIPFFAX57DA,下瓦硐段,124.44,非都市：一般農業區 ; 非都市編定：交通用地,1,1,全筆移轉,05430000
RPSNMLOLJIPFFAX57DA,下瓦硐段,977.03,非都市：一般農業區 ; 非都市編定：農牧用地,1,1,全筆移轉,05440000
RPQNMLNKJIPFFAX17DA,東澳段,21.58,非都市： ; 非都市編定：,20,1,持分移轉,11000000
RPQNMLNKJIPFFAX17DA,東澳段,21.58,非都市： ; 非都市編定：,20,1,持分移轉,11000000
RPQNMLNKJIPFFAX17DA,東澳段,21.58,非都市： ; 非都市編定：,20,1,持分移轉,11000000
RPQNMLNKJIPFFAX17DA,東澳段,.15,非都市： ; 非都市編定：,20,1,持分移轉,11110000
RPQNMLNKJIPFFAX17DA,東澳段,.15,非都市： ; 非都市編定：,20,1,持分移轉,11110000
RPQNMLNKJIPFFAX17DA,東澳段,.15,非都市： ; 非都市編定：,20,1,持分移轉,11110000
RPQOMLNLJIPFFAX37DA,西澳段,113.97,非都市： ; 非都市編定：,1,1,全筆移轉,09730000
RPPNMLMLJIPFFAX07DA,許家段,165.08,非都市：一般農業區 ; 非都市編定：甲種建築用地,1,1,全筆移轉,06170011
RPPNMLMLJIPFFAX07DA,許家段,71.13,非都市：一般農業區 ; 非都市編定：交通用地,4,1,持分移轉,06170013
RPSNMLRLJIPFFAX87DA,成功南段,163.49,非都市：一般農業區 ; 非都市編定：甲種建築用地,1,1,全筆移轉,13300002
RPSNMLRLJIPFFAX87DA,成功南段,29.48,非都市：一般農業區 ; 非都市編定：交通用地,20,1,持分移轉,13300004
RPPNMLRLJIPFFAX67EA,瓦硐南段,977.63,非都市：一般農業區 ; 非都市編定：農牧用地,1,1,全筆移轉,04990000
RPPNMLRLJIPFFAX67EA,瓦硐南段,265.48,非都市：一般農業區 ; 非都市編定：農牧用地,1,1,全筆移轉,05040000
RPTNMLKMJIPFFAX37DA,北澳段,13.14,非都市：鄉村區 ; 非都市編定：乙種建築用地,1,1,全筆移轉,01170006
RPSNMLKMJIPFFAX37EA,馬公段,2.09,非都市： ; 非都市編定：,1,1,全筆移轉,25580004
RPRNMLQLJIPFFAX77EA,雙湖段,23.73,非都市：一般農業區 ; 非都市編定：農牧用地,12,1,持分移轉,04870000
RPRNMLQLJIPFFAX77EA,雙湖段,39.94,非都市：一般農業區 ; 非都市編定：農牧用地,12,1,持分移轉,05450000
RPUNMLRLJIPFFAX08DA,竹灣段,339.83,非都市：鄉村區 ; 非都市編定：乙種建築用地,1,1,全筆移轉,13490000
RPSNMLTJJIPFFAX87DA,馬公段,70.00,非都市： ; 非都市編定：,1,1,全筆移轉,04100000
RPSNMLTJJIPFFAX87DA,馬公段,57.00,非都市： ; 非都市編定：,1,1,全筆移轉,04100001
RPPNMLTLJIPFFAX77DA,隘門新段,980.67,非都市：一般農業區 ; 非都市編定：農牧用地,1,1,全筆移轉,08300000
RPPNMLNKJIPFFAX07DA,文寮段,190.32,非都市：一般農業區 ; 非都市編定：農牧用地,8,2,持分移轉,00170000
RPPNMLNKJIPFFAX07DA,文寮段,190.32,非都市：一般農業區 ; 非都市編定：農牧用地,8,2,持分移轉,00170000
RPPNMLNKJIPFFAX07DA,文寮段,60.80,非都市： ; 非都市編定：,8,2,持分移轉,00170001
RPPNMLNKJIPFFAX07DA,文寮段,60.80,非都市： ; 非都市編定：,8,2,持分移轉,00170001
RPWNMLKMJIPFFAX67DA,埕東段,31.28,非都市： ; 非都市編定：,10000,244,持分移轉,02160001
RPOOMLKMJIPFFAX96DA,馬公段,76.00,非都市： ; 非都市編定：,1,1,全筆移轉,04100002
RPOOMLKMJIPFFAX96DA,馬公段,34.00,非都市： ; 非都市編定：,1,1,全筆移轉,04100003
RPSNMLLJKIPFFAX27EA,內垵二段,58.56,非都市：鄉村區 ; 非都市編定：乙種建築用地,1,1,全筆移轉,12050000
RPUNMLLJKIPFFAX37DA,赤崁中段,164.16,非都市：一般農業區 ; 非都市編定：甲種建築用地,1,1,全筆移轉,03810003
RPUNMLLJKIPFFAX37DA,赤崁中段,38.28,非都市：一般農業區 ; 非都市編定：交通用地,5,1,持分移轉,03810004
RPSNMLTKJIPFFAX08EA,,29.70,非都市： ; 非都市編定：,1,1,全筆移轉,09830001
RPRNMLLJKIPFFAX07DA,成功南段,246.83,非都市：一般農業區 ; 非都市編定：甲種建築用地,1,1,全筆移轉,11400003
RPRNMLLJKIPFFAX07DA,成功南段,41.64,非都市：一般農業區 ; 非都市編定：交通用地,8,1,持分移轉,11400004
RPVNMLMJKIPFFAX57DA,文東段,432.30,非都市：一般農業區 ; 非都市編定：農牧用地,3,1,持分移轉,13050000
RPPNMLLJKIPFFAX96EA,龍門南段,834.50,非都市：一般農業區 ; 非都市編定：農牧用地,1,1,全筆移轉,05750000
RPVNMLSKJIPFFAX18DA,安宅段,31.86,非都市：一般農業區 ; 非都市編定：農牧用地,14,1,持分移轉,1697
SPXNMLKMJIPFFAX87DA,鎖港西段,127.99,非都市： ; 非都市編定：,1,1,全筆移轉,01140003
RPSNMLKLJIPFFAX27EA,安宅段,127.43,非都市：一般農業區 ; 非都市編定：農牧用地,14,4,持分移轉,16970000
RPSNMLKLJIPFFAX27EA,安宅段,95.57,非都市：一般農業區 ; 非都市編定：農牧用地,14,3,持分移轉,16970000
RPPNMLNLJIPFFAX17DA,二崁北段,1149.09,非都市：一般農業區 ; 非都市編定：農牧用地,1,1,全筆移轉,00220000
RPPNMLNLJIPFFAX17DA,二崁北段,354.07,非都市： ; 非都市編定：,1,1,全筆移轉,00520000
RPPNMLNLJIPFFAX17DA,二崁北段,349.02,非都市：一般農業區 ; 非都市編定：農牧用地,1,1,全筆移轉,00760000
RPPNMLNLJIPFFAX17DA,竹灣段,68.37,非都市：鄉村區 ; 非都市編定：乙種建築用地,1,1,全筆移轉,04810000
RPPNMLNLJIPFFAX17DA,竹灣段,79.26,非都市：鄉村區 ; 非都市編定：乙種建築用地,1,1,全筆移轉,04820000
RPPNMLNLJIPFFAX17DA,合界段,999.39,非都市：一般農業區 ; 非都市編定：農牧用地,1,1,全筆移轉,14840000
RPPNMLNLJIPFFAX17DA,竹灣段,849.56,非都市：一般農業區 ; 非都市編定：農牧用地,1,1,全筆移轉,25380000
RPXNMLKMJIPFFAX77DA,鎖港西段,134.86,非都市： ; 非都市編定：,1,1,全筆移轉,01140002
RPVNMLRLJIPFFAX18DA,案山段,99.02,非都市： ; 非都市編定：,1,1,全筆移轉,01170000
RPVNMLRLJIPFFAX18DA,案山段,9.25,非都市： ; 非都市編定：,1,1,全筆移轉,01220000
RPRNMLRLJIPFFAX77DA,興仁段,736.85,非都市：一般農業區 ; 非都市編定：農牧用地,1,1,全筆移轉,07180000
RPPOMLTKIIPFFAX67DA,文光段,86.97,非都市： ; 非都市編定：,1,1,全筆移轉,08820000
RPXNMLPLJIPFFAX18DA,埕東段,6.46,非都市： ; 非都市編定：,10000,167,持分移轉,08560000
RPXNMLPLJIPFFAX18DA,埕東段,.10,非都市： ; 非都市編定：,10000,167,持分移轉,08600000
RPXNMLPLJIPFFAX18DA,埕東段,1.97,非都市： ; 非都市編定：,10000,167,持分移轉,08610000
RPXNMLPLJIPFFAX18DA,埕東段,15.51,非都市： ; 非都市編定：,10000,167,持分移轉,08640000
RPTNMLQLJIPFFAX87DA,赤馬一段,173.39,非都市：鄉村區 ; 非都市編定：乙種建築用地,1,1,全筆移轉,04900000
RPUNMLNJKIPFFAX67EA,烏崁新段,10.95,非都市：一般農業區 ; 非都市編定：甲種建築用地,1,1,全筆移轉,15920001
RPTNMLNJKIPFFAX57EA,尖山南段,166.30,非都市：風景區 ; 非都市編定：農牧用地,1,1,全筆移轉,09840000
RPPOMLKMJIPFFAX07DA,興仁段,321.72,非都市：一般農業區 ; 非都市編定：農牧用地,1,1,全筆移轉,01610000
RPSNMLMJKIPFFAX27DA,許家段,268.27,非都市：一般農業區 ; 非都市編定：甲種建築用地,1,1,全筆移轉,10960009
RPWNMLMJKIPFFAX67DA,七美二段,238.26,非都市：一般農業區 ; 非都市編定：農牧用地,2,1,持分移轉,04040000
RPQOMLKMJIPFFAX17DA,興崁段,186.88,非都市：一般農業區 ; 非都市編定：農牧用地,1,1,全筆移轉,08680000
RPTNMLTLIIPFFAX08DA,興仁段,54.60,非都市：一般農業區 ; 非都市編定：交通用地,8,1,持分移轉,08360004
RPTNMLTLIIPFFAX08DA,興仁段,191.83,非都市：一般農業區 ; 非都市編定：甲種建築用地,1,1,全筆移轉,08360005
RPPNMLTLRHPFFAX48DA,國宅段,19.12,非都市： ; 非都市編定：,9,1,持分移轉,03530004
RPPNMLTLRHPFFAX48DA,國宅段,97.24,非都市： ; 非都市編定：,1,1,全筆移轉,03530007
RPOPMLNJKIPFFAX17DA,四維段,225.43,非都市：一般農業區 ; 非都市編定：農牧用地,8,1,持分移轉,07100000
RPOPMLNJKIPFFAX17DA,四維段,14.00,非都市：鄉村區 ; 非都市編定：乙種建築用地,16,1,持分移轉,10150000
RPOPMLNJKIPFFAX17DA,四維段,32.68,非都市：鄉村區 ; 非都市編定：乙種建築用地,16,1,持分移轉,10600000
RPOPMLNJKIPFFAX17DA,四維段,37.80,非都市：一般農業區 ; 非都市編定：農牧用地,16,1,持分移轉,12020000
RPTOMLNJKIPFFAX57DA,興仁段,527.24,非都市：一般農業區 ; 非都市編定：農牧用地,3,2,持分移轉,03570000
RPUNMLRJKIPFFAX97DA,山水北段,616.43,非都市：一般農業區 ; 非都市編定：農牧用地,1,1,全筆移轉,07940000
RPSNMLPJJIPFFAX47DA,尖山北段,262.49,非都市：一般農業區 ; 非都市編定：農牧用地,1,1,全筆移轉,00080001
RPSNMLPJJIPFFAX47DA,尖山北段,631.53,非都市：一般農業區 ; 非都市編定：農牧用地,1,1,全筆移轉,00090000
RPTNMLOJKIPFFAX57DA,山水北段,303.26,非都市：一般農業區 ; 非都市編定：農牧用地,1,1,全筆移轉,02570000
RPTNMLOJKIPFFAX57DA,山水北段,63.03,非都市：一般農業區 ; 非都市編定：農牧用地,1,1,全筆移轉,02570001
RPTNMLOJKIPFFAX57DA,山水北段,17.42,非都市：一般農業區 ; 非都市編定：農牧用地,1,1,全筆移轉,02570002
RPPPMLNJKIPFFAX27DA,興崁段,212.75,非都市：一般農業區 ; 非都市編定：農牧用地,255917,21275,持分移轉,05170000
RPPPMLNJKIPFFAX27DA,興崁段,213.51,非都市：一般農業區 ; 非都市編定：農牧用地,255917,21351,持分移轉,05170000
RPPPMLNJKIPFFAX27DA,興崁段,213.52,非都市：一般農業區 ; 非都市編定：農牧用地,255917,21352,持分移轉,05170000
RPPPMLNJKIPFFAX27DA,興崁段,215.65,非都市：一般農業區 ; 非都市編定：農牧用地,255917,21565,持分移轉,05170000
RPPPMLNJKIPFFAX27DA,興崁段,212.23,非都市：一般農業區 ; 非都市編定：農牧用地,255917,21223,持分移轉,05170000
RPPPMLNJKIPFFAX27DA,興崁段,212.34,非都市：一般農業區 ; 非都市編定：農牧用地,255917,21234,持分移轉,05170000
RPPPMLNJKIPFFAX27DA,興崁段,212.41,非都市：一般農業區 ; 非都市編定：農牧用地,255917,21241,持分移轉,05170000
RPPPMLNJKIPFFAX27DA,興崁段,212.29,非都市：一般農業區 ; 非都市編定：農牧用地,255917,21229,持分移轉,05170000
RPPPMLNJKIPFFAX27DA,興崁段,210.27,非都市：一般農業區 ; 非都市編定：農牧用地,255917,21027,持分移轉,05170000
RPPPMLNJKIPFFAX27DA,興崁段,217.17,非都市：一般農業區 ; 非都市編定：農牧用地,255917,21717,持分移轉,05170000
RPPPMLNJKIPFFAX27DA,興崁段,213.51,非都市：一般農業區 ; 非都市編定：農牧用地,255917,21351,持分移轉,05170000
RPPPMLNJKIPFFAX27DA,興崁段,213.52,非都市：一般農業區 ; 非都市編定：農牧用地,255917,21352,持分移轉,05170000
RPRNMLRJKIPFFAX77EA,五福段,40.48,非都市：鄉村區 ; 非都市編定：乙種建築用地,9,1,持分移轉,03930000
RPSNMLTJKIPFFAX97DA,四維段,60.94,非都市：鄉村區 ; 非都市編定：乙種建築用地,1,1,全筆移轉,00780000
RPUOMLRJKIPFFAX08DA,講美段,53.19,非都市：鄉村區 ; 非都市編定：乙種建築用地,96,12,持分移轉,08710000
RPUOMLRJKIPFFAX08DA,講美段,47.00,非都市：鄉村區 ; 非都市編定：乙種建築用地,3,1,持分移轉,08720000
RPTNMLQKJIPFFAX77DA,鐵線段,274.58,非都市：一般農業區 ; 非都市編定：農牧用地,2,1,持分移轉,09020001
RPTNMLQKJIPFFAX77DA,鐵線段,274.58,非都市：一般農業區 ; 非都市編定：農牧用地,2,1,持分移轉,09020001
RPUNMLOJKIPFFAX67DA,西澳段,71.36,非都市： ; 非都市編定：,1,1,全筆移轉,02490000
RPUNMLMJKIPFFAX47DA,赤崁南段,549.53,非都市：一般農業區 ; 非都市編定：農牧用地,1,1,全筆移轉,03270000
RPVNMLKLJIPFFAX47DA,北澳段,242.81,非都市：一般農業區 ; 非都市編定：農牧用地,2,1,持分移轉,05720000
RPVNMLKLJIPFFAX47DA,北澳段,242.81,非都市：一般農業區 ; 非都市編定：農牧用地,2,1,持分移轉,05720000
RPQNMLRJKIPFFAX57DA,埕東段,198.16,非都市： ; 非都市編定：,1,1,全筆移轉,01060011
