﻿鄉鎮市區,交易標的,土地位置建物門牌,土地移轉總面積平方公尺,都市土地使用分區,非都市土地使用分區,非都市土地使用編定,交易年月日,交易筆棟數,移轉層次,總樓層數,建物型態,主要用途,主要建材,建築完成年月,建物移轉總面積平方公尺,建物現況格局-房,建物現況格局-廳,建物現況格局-衛,建物現況格局-隔間,有無管理組織,總價元,單價元平方公尺,車位類別,車位移轉總面積(平方公尺),車位總價元,備註,編號,主建物面積,附屬建物面積,陽台面積,電梯,移轉編號
The villages and towns urban district,transaction sign,land sector position building sector house number plate,land shifting total area square meter,the use zoning or compiles and checks,the non-metropolis land use district,non-metropolis land use,transaction year month and day,transaction pen number,shifting level,total floor number,building state,main use,main building materials,construction to complete the years,building shifting total area,Building present situation pattern - room,building present situation pattern - hall,building present situation pattern - health,building present situation pattern - compartmented,Whether there is manages the organization,total price NTD,the unit price (NTD / square meter),the berth category,berth shifting total area square meter,the berth total price NTD,the note,serial number,,,,,
馬公市,土地,五福段530地號,1183.5,,一般農業區,農牧用地,1090711,土地1建物0車位0,,,其他,,,,0.0,0,0,0,有,無,15200000,12843,,0.0,0,,RPPNMLQJRHPFFAX97DA,0.0,0.0,0.0,無,
湖西鄉,土地,南寮北段1764地號,340.87,,一般農業區,農牧用地,1090907,土地1建物0車位0,,,其他,,,,0.0,0,0,0,有,無,618000,1813,,0.0,0,,RPUNMLSJRHPFFAX68DA,0.0,0.0,0.0,無,
湖西鄉,房地(土地+建物),港底２２０之２號,234.39,,一般農業區,甲種建築用地,1090718,土地2建物1車位0,全,三層,透天厝,住家用,鋼筋混凝土造,1090326,240.83,6,1,6,有,無,7800000,32388,,0.0,0,,RPVNMLTJRHPFFAX88DA,216.93,23.9,0.0,無,
馬公市,房地(土地+建物),民權路６８號,104.0,商,,,1090713,土地1建物1車位0,全,三層,透天厝,住商用,水泥凝土造,0300000,244.82,0,3,2,有,無,16000000,65354,,0.0,0,,RPUNMLKKRHPFFAX97DA,244.82,0.0,0.0,無,
馬公市,土地,興崁段1105地號,734.24,,一般農業區,農牧用地,1090903,土地1建物0車位0,,,其他,,,,0.0,0,0,0,有,無,29210000,39783,,0.0,0,農變建移轉土地持分給予權利人共4人內含未來4戶興建之成本,RPTNMLLKRHPFFAX97DA,0.0,0.0,0.0,無,
湖西鄉,土地,隘門新段956地號,646.79,,一般農業區,農牧用地,1090907,土地1建物0車位0,,,其他,,,,0.0,0,0,0,有,無,1034864,1600,,0.0,0,親友、員工、共有人或其他特殊關係間之交易；,RPTNMLKKRHPFFAX97EA,0.0,0.0,0.0,無,
馬公市,土地,馬公段2558-1地號,17.22,住,,,1090902,土地1建物0車位0,,,其他,,,,0.0,0,0,0,有,無,1399469,81270,,0.0,0,政府機關標讓售；,RPPNMLOKRHPFFAX97EA,0.0,0.0,0.0,無,
白沙鄉,土地,講美段1108地號,290.5,,一般農業區,農牧用地,1090827,土地1建物0車位0,,,其他,,,,0.0,0,0,0,有,無,408000,1404,,0.0,0,地清或未辦繼承標售；,RPQNMLOKRHPFFAX08EA,0.0,0.0,0.0,無,
馬公市,土地,東衛段1172地號,236.1,,鄉村區,乙種建築用地,1090601,土地1建物0車位0,,,其他,,,,0.0,0,0,0,有,無,4285124,18150,,0.0,0,親友、員工、共有人或其他特殊關係間之交易；,RPVNMLOJRHPFFAX48EA,0.0,0.0,0.0,無,
湖西鄉,土地,城北段943-2地號,2823.84,,一般農業區,農牧用地,1090708,土地2建物0車位0,,,其他,,,,0.0,0,0,0,有,無,16660000,5900,,0.0,0,,RPSNMLLKRHPFFAX87DA,0.0,0.0,0.0,無,
馬公市,房地(土地+建物),同和路６號,66.73,住,,,1090704,土地1建物1車位0,全,四層,透天厝,住家用,鋼筋混凝土造,1000104,181.99,8,1,8,有,無,15800000,86818,,0.0,0,,RPWNMLLKRHPFFAX28DA,174.03,7.96,0.0,無,
湖西鄉,土地,許家段228地號,525.83,,風景區,農牧用地,1090727,土地2建物0車位0,,,其他,,,,0.0,0,0,0,有,無,7360000,13997,,0.0,0,,RPQNMLNKRHPFFAX87DA,0.0,0.0,0.0,無,
馬公市,房地(土地+建物),文光路２０４巷１１號,72.71,住,,,1090724,土地2建物1車位0,全,二層,透天厝,住家用,鋼筋混凝土加強磚造,0730621,100.88,3,1,2,有,無,3000000,29738,,0.0,0,親友、員工、共有人或其他特殊關係間之交易；,RPUNMLOKRHPFFAX38DA,100.88,0.0,0.0,無,
馬公市,土地,文光段888地號,102.59,住,,,1090904,土地1建物0車位0,,,其他,,,,0.0,0,0,0,有,無,5601662,54602,,0.0,0,包含公共設施保留地用地；協議價購；,RPWNMLOKRHPFFAX58DA,0.0,0.0,0.0,無,
馬公市,土地,興仁段749地號,3137.05,,一般農業區,農牧用地,1090605,土地2建物0車位0,,,其他,,,,0.0,0,0,0,有,無,14000000,4463,,0.0,0,,RPPNMLKKRHPFFAX47DA,0.0,0.0,0.0,無,
馬公市,土地,興崁段579-7地號,1487.76,,一般農業區,農牧用地,1090907,土地2建物0車位0,,,其他,,,,0.0,0,0,0,有,無,46650000,31356,,0.0,0,土地交易案件之價格含未來興建房屋成本；,RPSNMLPKRHPFFAX28DA,0.0,0.0,0.0,無,
白沙鄉,土地,講美段2006地號,1479.04,,一般農業區,農牧用地,1090720,土地1建物0車位0,,,其他,,,,0.0,0,0,0,有,無,9000000,6085,,0.0,0,,RPTNMLSLQHPFFAX68DA,0.0,0.0,0.0,無,
馬公市,房地(土地+建物),五福路６１巷５弄４號,91.84,,鄉村區,乙種建築用地,1090901,土地1建物1車位0,全,三層,透天厝,住家用,鋼筋混凝土加強磚造,0690405,113.4,3,2,2,有,無,2000000,17637,,0.0,0,,RPRNMLPKRHPFFAX18DA,113.4,0.0,0.0,無,
湖西鄉,土地,成功南段264地號,416.36,,一般農業區,農牧用地,1090909,土地1建物0車位0,,,其他,,,,0.0,0,0,0,有,無,3778500,9075,,0.0,0,親友、員工、共有人或其他特殊關係間之交易；,RPUNMLSKRHPFFAX78DA,0.0,0.0,0.0,無,
湖西鄉,土地,成功南段264地號,244.66,,一般農業區,農牧用地,1090909,土地1建物0車位0,,,其他,,,,0.0,0,0,0,有,無,2220300,9075,,0.0,0,親友、員工、共有人或其他特殊關係間之交易；,RPVNMLSKRHPFFAX88DA,0.0,0.0,0.0,無,
馬公市,房地(土地+建物),宅嶼１６０之１號,218.77,,一般農業區,甲種建築用地,1090422,土地2建物1車位0,全,三層,透天厝,住家用,鋼筋混凝土造,1070607,239.33,5,2,5,有,無,13000000,54318,,0.0,0,,RPPNMLKLRHPFFAX57DA,217.58,21.75,0.0,無,
馬公市,土地,興仁段107地號,310.07,,一般農業區,農牧用地,1090915,土地1建物0車位0,,,其他,,,,0.0,0,0,0,有,無,1875800,6050,,0.0,0,,RPSNMLLLRHPFFAX97DA,0.0,0.0,0.0,無,
湖西鄉,房地(土地+建物),中寮２之９號,200.27,,一般農業區,甲種建築用地,1090824,土地4建物1車位0,全,三層,透天厝,住家用,鋼筋混凝土造,0931111,151.04,3,2,3,有,無,4000000,26483,,0.0,0,,RPTNMLLLRHPFFAX08DA,144.78,6.26,0.0,無,
馬公市,土地,鐵線段817地號,1221.79,,一般農業區,農牧用地,1090901,土地3建物0車位0,,,其他,,,,0.0,0,0,0,有,無,43270000,35415,,0.0,0,土地交易案件之價格含未來興建房屋成本；,RPXNMLQKRHPFFAX88DA,0.0,0.0,0.0,無,
馬公市,土地,興仁南段268地號,912.45,,一般農業區,農牧用地,1090914,土地1建物0車位0,,,其他,,,,0.0,0,0,0,有,無,7500000,8220,,0.0,0,,RPOOMLOKRHPFFAX87DA,0.0,0.0,0.0,無,
湖西鄉,土地,湖西南段2037地號,55.76,,一般農業區,農牧用地,1090728,土地1建物0車位0,,,其他,,,,0.0,0,0,0,有,無,66925,1200,,0.0,0,地清或未辦繼承標售地清或未辦繼承標售；,RPUNMLOLRHPFFAX48DA,0.0,0.0,0.0,無,
馬公市,房地(土地+建物),永平街４１號,61.0,住,,,1090815,土地3建物1車位0,全,四層,透天厝,住商用,鋼筋混凝土造,0700919,158.32,5,3,3,有,無,7500000,47372,,0.0,0,,RPPNMLNLRHPFFAX97EA,158.32,0.0,0.0,無,
西嶼鄉,土地,橫礁新段742地號,114.36,,一般農業區,農牧用地,1090728,土地1建物0車位0,,,其他,,,,0.0,0,0,0,有,無,160118,1400,,0.0,0,地清或未辦繼承標售；,RPVNMLNLRHPFFAX48DA,0.0,0.0,0.0,無,
馬公市,土地,海堤段580地號,47.67,住,,,1090911,土地1建物0車位0,,,其他,,,,0.0,0,0,0,有,無,1028000,21565,,0.0,0,政府機關標讓售；,RPXNMLNLRHPFFAX68DA,0.0,0.0,0.0,無,
馬公市,土地,興崁段817地號,586.94,,鄉村區,乙種建築用地,1090818,土地1建物0車位0,,,其他,,,,0.0,0,0,0,有,無,10117000,17237,,0.0,0,,RPTNMLNLRHPFFAX28DA,0.0,0.0,0.0,無,
馬公市,房地(土地+建物),光華８０之３號,307.75,,一般農業區,甲種建築用地,1090831,土地2建物1車位0,全,三層,透天厝,住家用,鋼筋混凝土造,1080327,286.02,7,2,8,有,無,11000000,38459,,0.0,0,,RPQNMLQJRHPFFAX08DA,275.18,10.84,0.0,無,
白沙鄉,土地,中屯新段112地號,2630.43,,一般農業區,農牧用地,1090916,土地4建物0車位0,,,其他,,,,0.0,0,0,0,有,無,3980000,1513,,0.0,0,,RPPNMLOLRHPFFAX97DA,0.0,0.0,0.0,無,
馬公市,土地,鎖港西段572地號,534.06,住,,,1090804,土地1建物0車位0,,,其他,,,,0.0,0,0,0,有,無,12800000,23967,,0.0,0,,RPQNMLOLRHPFFAX08DA,0.0,0.0,0.0,無,
馬公市,土地,五福段587地號,1275.18,,一般農業區,農牧用地,1090801,土地1建物0車位0,,,其他,,,,0.0,0,0,0,有,無,17744000,13915,,0.0,0,,RPRNMLOLRHPFFAX18DA,0.0,0.0,0.0,無,
白沙鄉,土地,後寮北段1125地號,742.59,,鄉村區,乙種建築用地,1090820,土地3建物0車位0,,,其他,,,,0.0,0,0,0,有,無,2695560,3630,,0.0,0,,RPTNMLSKRHPFFAX68DA,0.0,0.0,0.0,無,
湖西鄉,土地,湖西南段1032地號,214.08,,一般農業區,農牧用地,1090925,土地1建物0車位0,,,其他,,,,0.0,0,0,0,有,無,720000,3363,,0.0,0,此為建案設計變更撤銷件，土地持分移轉予他共有人。,RPVNMLSLRHPFFAX98DA,0.0,0.0,0.0,無,
白沙鄉,土地,通梁東段183地號,283.7,,一般農業區,農牧用地,1090811,土地1建物0車位0,,,其他,,,,0.0,0,0,0,有,無,1000000,3525,,0.0,0,,RPOOMLSLRHPFFAX38DA,0.0,0.0,0.0,無,
馬公市,房地(土地+建物),六合路４７之２號,51.04,住,,,1090805,土地5建物1車位0,三層,五層,公寓(5樓含以下無電梯),住家用,鋼筋混凝土造,0801220,151.68,3,2,2,有,無,5500000,36261,,0.0,0,未登記建物；,RPUNMLNLRHPFFAX38DA,137.56,0.0,0.0,無,
七美鄉,土地,七美二段995-5地號,166.27,,鄉村區,乙種建築用地,1090901,土地1建物0車位0,,,其他,,,,0.0,0,0,0,有,無,6800000,40897,,0.0,0,,RPQNMLKLRHPFFAX67DA,0.0,0.0,0.0,無,
白沙鄉,土地,岐頭段1303地號,300.88,,一般農業區,農牧用地,1090720,土地10建物0車位0,,,其他,,,,0.0,0,0,0,有,無,500000,1662,,0.0,0,,RPWNMLQKRHPFFAX88EA,0.0,0.0,0.0,無,
西嶼鄉,土地,竹篙灣段3384地號,1148.0,,一般農業區,農牧用地,1090911,土地1建物0車位0,,,其他,,,,0.0,0,0,0,有,無,1400000,1220,,0.0,0,,RPVNMLLKRHPFFAX18DA,0.0,0.0,0.0,無,
馬公市,房地(土地+建物),鎖港一路７３巷２７弄６號,108.88,住,,,1090715,土地2建物1車位0,全,四層,透天厝,住家用,鋼筋混凝土造,1080703,203.47,6,2,7,有,無,8100000,39809,,0.0,0,,RPQOMLSKQHPFFAX38DA,186.61,16.86,0.0,無,
馬公市,土地,馬公段62地號,534.0,住,,,1090831,土地1建物0車位0,,,其他,,,,0.0,0,0,0,有,無,52760000,98801,,0.0,0,,RPQNMLRKRHPFFAX28DA,0.0,0.0,0.0,無,
馬公市,土地,文光段888地號,4.89,住,,,1090922,土地1建物0車位0,,,其他,,,,0.0,0,0,0,有,無,266746,54549,,0.0,0,包含公共設施保留地用地；協議價購；,RPSNMLPLRHPFFAX38DA,0.0,0.0,0.0,無,
馬公市,房地(土地+建物),東衛１４６之６號,190.21,,鄉村區,乙種建築用地,1090921,土地1建物1車位0,全,四層,透天厝,住家用,鋼筋混凝土造,1021217,322.86,4,2,5,有,無,11450000,35464,,0.0,0,,RPVNMLOLRHPFFAX58DA,313.86,9.0,0.0,無,
馬公市,房地(土地+建物),東文澳１７３號,100.66,,鄉村區,乙種建築用地,1090810,土地1建物1車位0,全,三層,透天厝,住家用,鋼筋混凝土加強磚造,0700804,121.86,4,2,2,有,無,4800000,39389,,0.0,0,,RPTNMLTLRHPFFAX88DA,121.86,0.0,0.0,無,
西嶼鄉,土地,二崁北段1157地號,1341.13,,一般農業區,農牧用地,1090904,土地1建物0車位0,,,其他,,,,0.0,0,0,0,有,無,1609600,1200,,0.0,0,地清或未辦繼承標售；,RPRNMLPJIIPFFAX37EA,0.0,0.0,0.0,無,
湖西鄉,土地,龍門西段63地號,723.88,,一般農業區,農牧用地,1090728,土地1建物0車位0,,,其他,,,,0.0,0,0,0,有,無,955500,1320,,0.0,0,地清或未辦繼承標售；,RPVNMLQJIIPFFAX87EA,0.0,0.0,0.0,無,
馬公市,土地,山水南段595地號,79.53,,鄉村區,乙種建築用地,1090728,土地1建物0車位0,,,其他,,,,0.0,0,0,0,有,無,420000,5281,,0.0,0,地清或未辦繼承標售；,RPWNMLSLRHPFFAX56EA,0.0,0.0,0.0,無,
白沙鄉,土地,港子新段730地號,92.05,,鄉村區,乙種建築用地,1090903,土地1建物0車位0,,,其他,,,,0.0,0,0,0,有,無,518888,5637,,0.0,0,地清或未辦繼承標售；,RPRNMLTLRHPFFAX68DA,0.0,0.0,0.0,無,
白沙鄉,土地,中屯新段392地號,1980.0,,一般農業區,農牧用地,1090922,土地1建物0車位0,,,其他,,,,0.0,0,0,0,有,無,3000000,1515,,0.0,0,,RPSNMLPJIIPFFAX37DA,0.0,0.0,0.0,無,
馬公市,房地(土地+建物),鎖港一路７３巷２７弄１０號,122.36,住,,,1090716,土地2建物1車位0,全,四層,透天厝,住家用,鋼筋混凝土造,1080703,231.02,6,2,7,有,無,8900000,38525,,0.0,0,,RPPOMLSKQHPFFAX28DA,214.77,16.25,0.0,無,
西嶼鄉,土地,二崁南段421-1地號,0.2,非都市： ; 非都市編定：,,,1090807,土地2建物0車位0,,,其他,,,,0.0,0,0,0,有,無,827,0,,0.0,0,協議價購每平方公尺4200元包含公共設施保留地用地；協議價購；,RPTNMLPJQHPFFAX18DA,0.0,0.0,0.0,無,
西嶼鄉,土地,二崁南段422-1地號,0.2,非都市： ; 非都市編定：,,,1090809,土地2建物0車位0,,,其他,,,,0.0,0,0,0,有,無,827,0,,0.0,0,協議價購每平方公尺4200元包含公共設施保留地用地；協議價購；,RPUNMLPJQHPFFAX28DA,0.0,0.0,0.0,無,
馬公市,土地,山水東段648地號,2882.02,,一般農業區,農牧用地,1090627,土地1建物0車位0,,,其他,,,,0.0,0,0,0,有,無,10890000,3779,,0.0,0,,RPPNMLKMRHPFFAX67DA,0.0,0.0,0.0,無,
湖西鄉,土地,鼎灣新段84地號,1593.5,,一般農業區,農牧用地,1090728,土地1建物0車位0,,,其他,,,,0.0,0,0,0,有,無,2211480,1388,,0.0,0,地清或未辦繼承標售；,RPSNMLRJIIPFFAX67EA,0.0,0.0,0.0,無,
馬公市,土地,埕中段289地號,103.37,住,,,1090910,土地1建物0車位0,,,其他,,,,0.0,0,0,0,有,無,2313937,22385,,0.0,0,他共有人未辦繼承登記、權利人共二人急買急賣；瑕疵物件；,RPSNMLMLRHPFFAX18EA,0.0,0.0,0.0,無,
湖西鄉,土地,沙港南段924地號,200.35,,一般農業區,農牧用地,1091005,土地1建物0車位0,,,其他,,,,0.0,0,0,0,有,無,5500000,27452,,0.0,0,土地交易案件之價格含未來興建房屋成本；,RPSNMLSJIIPFFAX67DA,0.0,0.0,0.0,無,
馬公市,房地(土地+建物),鐵線尾１１１號,278.11,,一般農業區,甲種建築用地,1090317,土地2建物1車位0,全,三層,透天厝,住家用,鋼筋混凝土造,1030127,255.23,5,2,6,有,無,10200000,39964,,0.0,0,,RPTNMLSJIIPFFAX77DA,236.62,18.61,0.0,無,
馬公市,土地,六合段466-1地號,409.1,,一般農業區,農牧用地,1090923,土地1建物0車位0,,,其他,,,,0.0,0,0,0,有,無,19500000,47666,,0.0,0,本買賣總價包含未來興建房屋之費用,RPTNMLPJIIPFFAX47DA,0.0,0.0,0.0,無,
馬公市,土地,光榮新段11地號,786.37,住,,,1091007,土地4建物0車位0,,,其他,,,,0.0,0,0,0,有,無,54126520,68831,,0.0,0,區段徵收配餘地標售光榮新段8、9、10、11地號政府機關標讓售；,RPUNMLRJIIPFFAX77DA,0.0,0.0,0.0,無,
湖西鄉,土地,成功南段1172地號,792.46,,一般農業區,農牧用地,1090904,土地7建物0車位0,,,其他,,,,0.0,0,0,0,有,無,1100000,1388,,0.0,0,交易價格包含其他買賣登記案件標的之價格,RPUNMLTLRHPFFAX98DA,0.0,0.0,0.0,無,
湖西鄉,土地,林投北段825地號,465.56,,一般農業區,甲種建築用地,1090903,土地2建物0車位0,,,其他,,,,0.0,0,0,0,有,無,3160000,6788,,0.0,0,未登記建物；,RPROMLQJIIPFFAX47DA,0.0,0.0,0.0,無,
馬公市,土地,中山段462地號,25.19,住,,,1090821,土地1建物0車位0,,,其他,,,,0.0,0,0,0,有,無,980000,38904,,0.0,0,,RPUOMLQJIIPFFAX77DA,0.0,0.0,0.0,無,
馬公市,土地,中山段462地號,21.42,住,,,1090821,土地1建物0車位0,,,其他,,,,0.0,0,0,0,有,無,842000,39309,,0.0,0,,SPUOMLQJIIPFFAX87DA,0.0,0.0,0.0,無,
馬公市,土地,中山段462地號,31.19,住,,,1090821,土地1建物0車位0,,,其他,,,,0.0,0,0,0,有,無,1230000,39436,,0.0,0,,TPUOMLQJIIPFFAX97DA,0.0,0.0,0.0,無,
馬公市,土地,中山段462地號,31.19,住,,,1090821,土地1建物0車位0,,,其他,,,,0.0,0,0,0,有,無,1230000,39436,,0.0,0,,UPUOMLQJIIPFFAX08DA,0.0,0.0,0.0,無,
馬公市,土地,中山段462地號,31.19,住,,,1090821,土地1建物0車位0,,,其他,,,,0.0,0,0,0,有,無,1230000,39436,,0.0,0,,VPUOMLQJIIPFFAX18DA,0.0,0.0,0.0,無,
馬公市,土地,光榮新段59地號,334.75,住,,,1091006,土地1建物0車位0,,,其他,,,,0.0,0,0,0,有,無,20206000,60361,,0.0,0,區段徵收土地標售光榮新段59地號政府機關標讓售；,RPVOMLQJIIPFFAX87DA,0.0,0.0,0.0,無,
馬公市,土地,案山段129-2地號,9.27,住,,,1090916,土地1建物0車位0,,,其他,,,,0.0,0,0,0,有,無,300000,32362,,0.0,0,,RPWOMLQJIIPFFAX97DA,0.0,0.0,0.0,無,
馬公市,土地,案山段123-1地號,95.15,住,,,1090916,土地3建物0車位0,,,其他,,,,0.0,0,0,0,有,無,2532000,26611,,0.0,0,,RPXOMLQJIIPFFAX08DA,0.0,0.0,0.0,無,
馬公市,土地,光榮新段105地號,121.4,住,,,1090928,土地1建物0車位0,,,其他,,,,0.0,0,0,0,有,無,8280000,68204,,0.0,0,政府機關標讓售；,RPRNMLPLRHPFFAX28DA,0.0,0.0,0.0,無,
馬公市,土地,光榮新段106地號,121.41,住,,,1090928,土地1建物0車位0,,,其他,,,,0.0,0,0,0,有,無,10080000,83024,,0.0,0,政府機關標讓售；,SPRNMLPLRHPFFAX38DA,0.0,0.0,0.0,無,
馬公市,土地,光榮新段28地號,303.84,住,,,1090928,土地2建物0車位0,,,其他,,,,0.0,0,0,0,有,無,21616666,71145,,0.0,0,區段徵收土地標售光榮新段27、28地號政府機關標讓售；,RPRNMLQLRHPFFAX38DA,0.0,0.0,0.0,無,
馬公市,建物,文山路３６９號,0.0,,,,1090821,土地0建物1車位0,一層，見其他登記事項,五層,華廈(10層含以下有電梯),集合住宅,鋼筋混凝土造,1090715,83.74000000000001,1,1,1,有,有,4400000,52544,,0.0,0,預售屋、或土地及建物分次登記案件；,RPTNMLQJIIPFFAX57DA,60.44,6.49,0.0,有,
馬公市,建物,文山路３６７號,0.0,,,,1090821,土地0建物1車位0,一層，見其他登記事項,五層,華廈(10層含以下有電梯),集合住宅,鋼筋混凝土造,1090715,74.53999999999999,1,1,1,有,有,4438000,59539,,0.0,0,預售屋、或土地及建物分次登記案件；,RPUNMLQJIIPFFAX67DA,50.76,9.49,0.0,有,
馬公市,建物,文山路３６７號三樓,0.0,,,,1090821,土地0建物1車位0,三層,五層,華廈(10層含以下有電梯),集合住宅,鋼筋混凝土造,1090715,100.23,3,1,2,有,有,3850000,38412,,0.0,0,預售屋、或土地及建物分次登記案件；,RPVNMLQJIIPFFAX77DA,69.75,9.67,0.0,有,
馬公市,建物,文山路３６７號四樓,0.0,,,,1090821,土地0建物1車位0,四層,五層,華廈(10層含以下有電梯),集合住宅,鋼筋混凝土造,1090715,100.23,3,1,2,有,有,3950000,39409,,0.0,0,預售屋、或土地及建物分次登記案件；,RPWNMLQJIIPFFAX87DA,69.75,9.67,0.0,有,
馬公市,建物,文山路３６７號五樓,0.0,,,,1090821,土地0建物1車位0,五層,五層,華廈(10層含以下有電梯),集合住宅,鋼筋混凝土造,1090715,100.23,3,1,2,有,有,4450000,44398,,0.0,0,預售屋、或土地及建物分次登記案件；,RPXNMLQJIIPFFAX97DA,69.75,9.67,0.0,有,
馬公市,房地(土地+建物),前寮２之９號,374.86,,一般農業區,甲種建築用地,1090810,土地2建物1車位0,全,三層,透天厝,住家用,鋼筋混凝土造,1010116,252.8,5,2,4,有,無,7500000,29668,,0.0,0,,RPPNMLLKIIPFFAX76DA,246.72,6.08,0.0,無,
馬公市,房地(土地+建物)+車位,文山路２７巷８之３號六樓,26.2,住,,,1090920,土地1建物1車位1,六層,十層,華廈(10層含以下有電梯),集合住宅,鋼筋混凝土造,1060328,134.21,3,1,2,有,有,6800000,50667,坡道平面,0.0,0,,RPOOMLMKIIPFFAX86DA,70.15,9.35,0.0,有,
望安鄉,土地,將軍澳段159地號,119.67,,一般農業區,農牧用地,1090728,土地1建物0車位0,,,其他,,,,0.0,0,0,0,有,無,117277,980,,0.0,0,地清或未辦繼承標售；,RPQNMLNKIIPFFAX07DA,0.0,0.0,0.0,無,
馬公市,房地(土地+建物),文林街５０巷９號,58.2,住,,,1090925,土地1建物1車位0,全,二層,透天厝,住家用,鋼筋混凝土加強磚造,0670510,81.8,3,1,1,有,無,3420000,41809,,0.0,0,,RPSOMLQJIIPFFAX67EA,81.8,0.0,0.0,無,
湖西鄉,土地,林投北段396地號,107.24,,鄉村區,乙種建築用地,1090728,土地1建物0車位0,,,其他,,,,0.0,0,0,0,有,無,500000,4662,,0.0,0,地清或未辦繼承標售；,RPWNMLMKIIPFFAX67EA,0.0,0.0,0.0,無,
馬公市,房地(土地+建物)+車位,文山路２７巷８之３號九樓,26.2,住,,,1090820,土地1建物1車位1,九層,十層,華廈(10層含以下有電梯),集合住宅,鋼筋混凝土造,1060328,134.21,3,2,2,有,有,5500000,44180,坡道平面,23.3,600000,,RPXNMLMKIIPFFAX77EA,70.15,9.35,0.0,有,
西嶼鄉,土地,二崁南段691地號,3.28,非都市： ; 非都市編定：,,,1090923,土地1建物0車位0,,,其他,,,,0.0,0,0,0,有,無,13781,4202,,0.0,0,包含公共設施保留地用地；協議價購；,RPSNMLSKRHPFFAX58DA,0.0,0.0,0.0,無,
馬公市,土地,文光段18-4地號,2.27,住,,,1091013,土地1建物0車位0,,,其他,,,,0.0,0,0,0,有,無,193000,85022,,0.0,0,,RPRNMLNKIIPFFAX17DA,0.0,0.0,0.0,無,
馬公市,土地,山水南段182地號,463.48,,一般農業區,農牧用地,1090916,土地2建物0車位0,,,其他,,,,0.0,0,0,0,有,無,2040000,4401,,0.0,0,地清或未辦繼承標售；,RPPNMLOKIIPFFAX07DA,0.0,0.0,0.0,無,
馬公市,土地,安宅段338地號,257.35,,一般農業區,農牧用地,1091012,土地1建物0車位0,,,其他,,,,0.0,0,0,0,有,無,1360000,5285,,0.0,0,,RPSNMLOKIIPFFAX37DA,0.0,0.0,0.0,無,
馬公市,房地(土地+建物),忠孝路６９巷４號,56.0,住,,,1090924,土地1建物1車位0,全,三層,透天厝,住家用,鋼筋混凝土加強磚造,0621230,113.88,4,2,2,有,無,3800000,33368,,0.0,0,,RPPNMLPKIIPFFAX17DA,113.88,0.0,0.0,無,
馬公市,土地,五德西段611地號,262.05,,一般農業區,農牧用地,1090911,土地1建物0車位0,,,其他,,,,0.0,0,0,0,有,無,1430000,5457,,0.0,0,,RPPOMLMKIIPFFAX96DA,0.0,0.0,0.0,無,
馬公市,土地,文寮段968地號,445.26,,鄉村區,乙種建築用地,1090921,土地1建物0車位0,,,其他,,,,0.0,0,0,0,有,無,5656980,12705,,0.0,0,,RPQNMLOKIIPFFAX27EA,0.0,0.0,0.0,無,
馬公市,土地,國宅段476地號,104.99,住,,,1091006,土地1建物0車位0,,,其他,,,,0.0,0,0,0,有,無,2498000,23793,,0.0,0,,RPRNMLQKIIPFFAX47DA,0.0,0.0,0.0,無,
馬公市,土地,中山段462地號,31.19,,,,1090821,土地1建物0車位0,,,其他,,,,0.0,0,0,0,有,無,1230000,39436,,0.0,0,,RPVNMLQKIIPFFAX87DA,0.0,0.0,0.0,無,
馬公市,建物,文山路３６７號二樓,0.0,,,,1090821,土地0建物1車位0,二層,五層,華廈(10層含以下有電梯),集合住宅,鋼筋混凝土造,1090715,100.23,3,1,2,有,有,3890000,38811,,0.0,0,,RPWNMLQKIIPFFAX97DA,69.75,9.67,0.0,有,
馬公市,土地,光榮段358地號,15.04,,,,1090907,土地1建物0車位0,,,其他,,,,0.0,0,0,0,有,無,821414,54615,,0.0,0,包含公共設施保留地用地；協議價購；,RPXNMLOKRHPFFAX68DA,0.0,0.0,0.0,無,
白沙鄉,土地,後寮東段1258地號,847.94,,一般農業區,農牧用地,1090916,土地1建物0車位0,,,其他,,,,0.0,0,0,0,有,無,1018885,1202,,0.0,0,地清或未辦繼承標售；,RPSNMLTKIIPFFAX97EA,0.0,0.0,0.0,無,
白沙鄉,土地,岐頭段1247地號,3976.7,,一般農業區,農牧用地,1090623,土地3建物0車位0,,,其他,,,,0.0,0,0,0,有,無,2326366,585,,0.0,0,親友、員工、共有人或其他特殊關係間之交易；,RPWNMLOJRHPFFAX58EA,0.0,0.0,0.0,無,
白沙鄉,土地,岐頭段1189地號,303.44,,一般農業區,農牧用地,1090623,土地6建物0車位0,,,其他,,,,0.0,0,0,0,有,無,373798,1232,,0.0,0,親友、員工、共有人或其他特殊關係間之交易；,RPXNMLOJRHPFFAX68EA,0.0,0.0,0.0,無,
馬公市,土地,興崁段528地號,308.4,,一般農業區,農牧用地,1090801,土地1建物0車位0,,,其他,,,,0.0,0,0,0,有,無,3270000,10603,,0.0,0,,RPQOMLTKIIPFFAX77DA,0.0,0.0,0.0,無,
馬公市,土地,興崁段526地號,2095.15,,一般農業區,農牧用地,1090808,土地1建物0車位0,,,其他,,,,0.0,0,0,0,有,無,5704000,2722,,0.0,0,,RPROMLTKIIPFFAX87DA,0.0,0.0,0.0,無,
馬公市,土地,五德西段98地號,142.65,,一般農業區,農牧用地,1091015,土地1建物0車位0,,,其他,,,,0.0,0,0,0,有,無,300000,2103,,0.0,0,,RPQNMLKLIIPFFAX86DA,0.0,0.0,0.0,無,
馬公市,土地,文東段1148-3地號,179.62,,一般農業區,甲種建築用地,1090821,土地2建物0車位0,,,其他,,,,0.0,0,0,0,有,無,8560000,47656,,0.0,0,本案為農變建之承造續建含未來興建乙戶之房屋價款,RPSNMLKLIIPFFAX07DA,0.0,0.0,0.0,無,
馬公市,土地,西澳段350-1地號,11.39,,,,1090914,土地1建物0車位0,,,其他,,,,0.0,0,0,0,有,無,697182,61210,,0.0,0,政府機關標讓售；,RPPNMLLLIIPFFAX86DA,0.0,0.0,0.0,無,
馬公市,房地(土地+建物),石泉６之５１號,97.91,,一般農業區,甲種建築用地,1090820,土地1建物1車位0,全,三層,透天厝,住家用,鋼筋混凝土造,0880415,200.1,4,2,5,有,無,3800000,18991,,0.0,0,親友、員工、共有人或其他特殊關係間之交易；,RPOOMLTKIIPFFAX57DA,189.24,10.86,0.0,無,
白沙鄉,土地,後寮段2357-1地號,136.0,,一般農業區,農牧用地,1090924,土地2建物0車位0,,,其他,,,,0.0,0,0,0,有,無,287000,2110,,0.0,0,,RPUNMLSLRHPFFAX88DA,0.0,0.0,0.0,無,
馬公市,土地,五福段784-2地號,383.21,,一般農業區,農牧用地,1091014,土地2建物0車位0,,,其他,,,,0.0,0,0,0,有,無,15930000,41570,,0.0,0,本標的物總價包含未來興建房屋之費用,RPVNMLTKIIPFFAX18DA,0.0,0.0,0.0,無,
西嶼鄉,土地,內垵三段724地號,344.53,,一般農業區,農牧用地,1091007,土地1建物0車位0,,,其他,,,,0.0,0,0,0,有,無,400000,1161,,0.0,0,,RPWNMLTKIIPFFAX28DA,0.0,0.0,0.0,無,
馬公市,房地(土地+建物)+車位,貿商街１４２號十四樓之三,30.41,住,,,1090920,土地2建物1車位1,十四層,十四層,住宅大樓(11層含以上有電梯),集合住宅,鋼筋混凝土造,0950710,186.98000000000002,3,2,2,有,有,5500000,29645,坡道平面,0.0,0,,RPQNMLPKIIPFFAX27DA,101.98,0.0,11.64,有,
馬公市,房地(土地+建物),四維路２２３號,96.72,,,,1090928,土地1建物1車位0,全,二層,透天厝,住家用,鋼筋混凝土加強磚造,0750605,103.59,3,2,2,有,無,5400000,52129,,0.0,0,,RPXNMLSLRHPFFAX56DA,103.59,0.0,0.0,無,
馬公市,土地,光榮新段26地號,303.83,住,,,1090928,土地2建物0車位0,,,其他,,,,0.0,0,0,0,有,無,22080000,72672,,0.0,0,區段徵收土地標售光榮新段25、26地號政府機關標讓售；,RPSNMLQLRHPFFAX48DA,0.0,0.0,0.0,無,
馬公市,房地(土地+建物),中華路１８４巷１６號三樓之一,10.1,住,,,1091012,土地2建物1車位0,三層,五層,公寓(5樓含以下無電梯),住家用,鋼筋混凝土造,0820422,33.46,1,1,1,有,有,1160000,34668,,0.0,0,,RPQNMLQKIIPFFAX37DA,22.89,0.0,0.0,無,
湖西鄉,土地,北寮新段6地號,615.56,,鄉村區,乙種建築用地,1091011,土地1建物0車位0,,,其他,,,,0.0,0,0,0,有,無,6080000,9877,,0.0,0,,RPRNMLTKIIPFFAX77DA,0.0,0.0,0.0,無,
馬公市,土地,鎖港南段373地號,323.28,,一般農業區,農牧用地,1090720,土地1建物0車位0,,,其他,,,,0.0,0,0,0,有,無,3420000,10579,,0.0,0,,RPWNMLMLIIPFFAX67DA,0.0,0.0,0.0,無,
馬公市,土地,興仁段1458地號,828.97,,一般農業區,農牧用地,1091012,土地1建物0車位0,,,其他,,,,0.0,0,0,0,有,無,3250000,3921,,0.0,0,,RPRNMLNLIIPFFAX27DA,0.0,0.0,0.0,無,
馬公市,房地(土地+建物),文昌街９號二樓,37.89,住,,,1090708,土地1建物1車位0,二層,五層,華廈(10層含以下有電梯),集合住宅,鋼筋混凝土造,0890111,135.92,3,2,2,有,有,5000000,36786,,0.0,0,,RPXNMLQLIIPFFAX18DA,111.43,11.07,0.0,有,
白沙鄉,土地,港子段1704地號,1400.0,,一般農業區,農牧用地,1091008,土地1建物0車位0,,,其他,,,,0.0,0,0,0,有,無,1820000,1300,,0.0,0,,RPUNMLLLIIPFFAX37DA,0.0,0.0,0.0,無,
湖西鄉,土地,湖西南段430地號,182.14,,鄉村區,乙種建築用地,1091021,土地1建物0車位0,,,其他,,,,0.0,0,0,0,有,無,1375000,7549,,0.0,0,,RPPNMLMLIIPFFAX96DA,0.0,0.0,0.0,無,
西嶼鄉,土地,竹篙灣段3784-2地號,37.5,,風景區,交通用地,1091022,土地1建物0車位0,,,其他,,,,0.0,0,0,0,有,無,50000,1333,,0.0,0,,RPTNMLMLIIPFFAX37DA,0.0,0.0,0.0,無,
白沙鄉,土地,赤崁中段726地號,211.79,,一般農業區,甲種建築用地,1090929,土地2建物0車位0,,,其他,,,,0.0,0,0,0,有,無,3200000,15109,,0.0,0,,RPROMLQLIIPFFAX67DA,0.0,0.0,0.0,無,
白沙鄉,土地,港子段1734地號,2300.0,,一般農業區,農牧用地,1090920,土地1建物0車位0,,,其他,,,,0.0,0,0,0,有,無,2850000,1239,,0.0,0,,RPPNMLRLIIPFFAX47DA,0.0,0.0,0.0,無,
白沙鄉,房地(土地+建物),大赤崁９之１７號,169.73,,一般農業區,甲種建築用地,1091007,土地2建物1車位0,全,三層,透天厝,住家用,鋼筋混凝土造,0900611,200.27,5,1,4,有,無,6480000,32356,,0.0,0,,RPTNMLNLIIPFFAX47DA,196.47,3.8,0.0,無,
湖西鄉,土地,南寮北段1207地號,1382.03,,一般農業區,農牧用地,1090924,土地1建物0車位0,,,其他,,,,0.0,0,0,0,有,無,2000000,1447,,0.0,0,,RPRNMLSJIIPFFAX57DA,0.0,0.0,0.0,無,
馬公市,土地,光榮新段69地號,182.6,住,,,1091008,土地1建物0車位0,,,其他,,,,0.0,0,0,0,有,無,12622278,69125,,0.0,0,政府機關標讓售；,RPWNMLRJIIPFFAX97DA,0.0,0.0,0.0,無,
馬公市,土地,光榮新段70地號,182.58,住,,,1091008,土地1建物0車位0,,,其他,,,,0.0,0,0,0,有,無,12388668,67853,,0.0,0,政府機關標讓售；,SPWNMLRJIIPFFAX08DA,0.0,0.0,0.0,無,
馬公市,土地,光榮新段71地號,182.58,住,,,1091008,土地1建物0車位0,,,其他,,,,0.0,0,0,0,有,無,12622278,69133,,0.0,0,政府機關標讓售；,TPWNMLRJIIPFFAX18DA,0.0,0.0,0.0,無,
馬公市,土地,光榮新段72地號,182.57,住,,,1091008,土地1建物0車位0,,,其他,,,,0.0,0,0,0,有,無,12388668,67857,,0.0,0,政府機關標讓售；,UPWNMLRJIIPFFAX28DA,0.0,0.0,0.0,無,
馬公市,土地,光榮新段112地號,803.2,住,,,1091008,土地4建物0車位0,,,其他,,,,0.0,0,0,0,有,無,54186327,67463,,0.0,0,區段徵收配餘地標售光榮新段99、100、111、112地號政府機關標讓售；,RPXNMLRJIIPFFAX08DA,0.0,0.0,0.0,無,
七美鄉,土地,七美二段397地號,281.01,,一般農業區,農牧用地,1091014,土地1建物0車位0,,,其他,,,,0.0,0,0,0,有,無,1500000,5338,,0.0,0,,RPQNMLMLIIPFFAX17EA,0.0,0.0,0.0,無,
七美鄉,土地,七美二段396地號,152.79,,一般農業區,農牧用地,1091015,土地1建物0車位0,,,其他,,,,0.0,0,0,0,有,無,850000,5563,,0.0,0,親友、員工、共有人或其他特殊關係間之交易；,RPSNMLQLIIPFFAX77EA,0.0,0.0,0.0,無,
馬公市,房地(土地+建物)+車位,貿商街１３６號三樓之一,30.6,非都市： ; 非都市編定：,,,1091007,土地2建物1車位1,三層,十四層,住宅大樓(11層含以上有電梯),集合住宅,鋼筋混凝土造,0950710,188.19,3,2,2,有,有,5600000,29757,坡道平面,0.0,0,含土地增值稅或其他稅費35742元；含仲介費；含地政士服務費；,RPRNMLSLIIPFFAX87EA,102.74,0.0,11.64,有,
湖西鄉,房地(土地+建物),鼎灣６８之１號,580.83,,一般農業區,甲種建築用地,1090918,土地1建物1車位0,全,二層,透天厝,戲院,鋼筋混凝土加強空心磚造,0590000,225.16,0,0,0,無,無,400000,1777,,0.0,0,含土地增值稅38萬及清潔費10萬親友、員工、共有人或其他特殊關係間之交易；急買急賣；受民情風俗因素影響；瑕疵物件；毛胚屋；,RPPPMLQJIIPFFAX37DA,221.1,4.05,0.0,無,
湖西鄉,土地,湖西北段273地號,1070.2,,一般農業區,農牧用地,1091023,土地3建物0車位0,,,其他,,,,0.0,0,0,0,有,無,2460000,2299,,0.0,0,,RPUNMLNLIIPFFAX57DA,0.0,0.0,0.0,無,
湖西鄉,土地,湖西南段2443地號,2665.37,,一般農業區,農牧用地,1091022,土地1建物0車位0,,,其他,,,,0.0,0,0,0,有,無,69090000,25921,,0.0,0,土地交易案件之價格含未來興建房屋成本；,RPTNMLQLIIPFFAX77DA,0.0,0.0,0.0,無,
馬公市,房地(土地+建物)+車位,陽明路９２巷３之４號,35.32,非都市： ; 非都市編定：,,,1091019,土地3建物1車位1,五層,七層,華廈(10層含以下有電梯),住家用,鋼筋混凝土造,0801029,183.02,4,2,2,有,有,4300000,23495,坡道平面,0.0,0,,RPTNMLSLIIPFFAX97DA,141.8,0.0,0.0,有,
馬公市,土地,五福段127地號,200.58,,一般農業區,農牧用地,1090904,土地1建物0車位0,,,其他,,,,0.0,0,0,0,有,無,4520000,22535,,0.0,0,,RPUNMLSLIIPFFAX08DA,0.0,0.0,0.0,無,
湖西鄉,土地,沙港南段924地號,200.35,,一般農業區,農牧用地,1091026,土地1建物0車位0,,,其他,,,,0.0,0,0,0,有,無,5500000,27452,,0.0,0,建案借名登記名義人之返還土地交易案件之價格含未來興建房屋成本；,RPSNMLTLIIPFFAX97DA,0.0,0.0,0.0,無,
馬公市,土地,興崁段1095-4地號,231.65,,一般農業區,甲種建築用地,1090926,土地2建物0車位0,,,其他,,,,0.0,0,0,0,有,無,2150000,9281,,0.0,0,,RPUNMLTLIIPFFAX18DA,0.0,0.0,0.0,無,
馬公市,土地,鐵線段685地號,1544.84,,一般農業區,農牧用地,1090821,土地1建物0車位0,,,其他,,,,0.0,0,0,0,有,無,19918000,12893,,0.0,0,,RPOOMLTLIIPFFAX67DA,0.0,0.0,0.0,無,
白沙鄉,土地,岐頭新段46地號,1033.51,,一般農業區,甲種建築用地,1090924,土地1建物0車位0,,,其他,,,,0.0,0,0,0,有,無,13130000,12704,,0.0,0,,RPQNMLKMIIPFFAX96DA,0.0,0.0,0.0,無,
白沙鄉,土地,岐頭新段45地號,141.81,,一般農業區,甲種建築用地,1090924,土地1建物0車位0,,,其他,,,,0.0,0,0,0,有,無,380000,2680,,0.0,0,,RPRNMLKMIIPFFAX07DA,0.0,0.0,0.0,無,
馬公市,土地,海堤段1178地號,121.84,非都市： ; 非都市編定：,,,1090924,土地2建物0車位0,,,其他,,,,0.0,0,0,0,有,無,2000000,16415,,0.0,0,親友、員工、共有人或其他特殊關係間之交易；,RPWQMLKMIIPFFAX87DA,0.0,0.0,0.0,無,
馬公市,土地,東衛段978-3地號,236.59,,一般農業區,甲種建築用地,1091012,土地2建物0車位0,,,其他,,,,0.0,0,0,0,有,無,5110000,21599,,0.0,0,,RPPOMLQLIIPFFAX47DA,0.0,0.0,0.0,無,
湖西鄉,土地,西溪新段1732地號,811.5,,一般農業區,農牧用地,1091006,土地1建物0車位0,,,其他,,,,0.0,0,0,0,有,無,2000000,2465,,0.0,0,,RPVNMLRJIIPFFAX87DA,0.0,0.0,0.0,無,
馬公市,房地(土地+建物)+車位,三多路４１１號六樓之一,15.64,非都市： ; 非都市編定：,,,1090925,土地1建物1車位1,六層,十層,華廈(10層含以下有電梯),住家用,鋼筋混凝土造,0850308,138.45,3,2,2,有,有,5000000,36114,升降機械,0.0,0,,RPTNMLPLRHPFFAX48DA,96.44,10.79,0.0,有,
七美鄉,土地,大嶼段1268地號,580.68,,一般農業區,農牧用地,1090806,土地5建物0車位0,,,其他,,,,0.0,0,0,0,有,無,696816,1200,,0.0,0,受債權債務關係影響或債務抵償；,RPPNMLSLRHPFFAX38DA,0.0,0.0,0.0,無,
七美鄉,土地,大嶼段1179地號,461.04,,一般農業區,農牧用地,1090806,土地9建物0車位0,,,其他,,,,0.0,0,0,0,有,無,564888,1225,,0.0,0,受債權債務關係影響或債務抵償；,RPQNMLSLRHPFFAX48DA,0.0,0.0,0.0,無,
湖西鄉,房地(土地+建物),湖東１３之６號,125.93,,鄉村區,乙種建築用地,1091005,土地1建物1車位0,全,三層,透天厝,住家用,鋼筋混凝土造,0840116,182.78,5,2,3,有,無,4380000,23963,,0.0,0,其他增建；,RPQOMLPJIIPFFAX27DA,173.18,9.6,0.0,無,
馬公市,土地,五福段71地號,318.2,,一般農業區,農牧用地,1090929,土地1建物0車位0,,,其他,,,,0.0,0,0,0,有,無,3840000,12068,,0.0,0,,RPQOMLQLIIPFFAX57DA,0.0,0.0,0.0,無,
馬公市,土地,五福段885-3地號,520.6,,一般農業區,農牧用地,1090919,土地2建物0車位0,,,其他,,,,0.0,0,0,0,有,無,8980000,17249,,0.0,0,,RPVNMLQLIIPFFAX97DA,0.0,0.0,0.0,無,
馬公市,土地,烏崁新段1303地號,262.39,,鄉村區,乙種建築用地,1091026,土地1建物0車位0,,,其他,,,,0.0,0,0,0,有,無,1950000,7432,,0.0,0,,RPWNMLQLIIPFFAX08DA,0.0,0.0,0.0,無,
馬公市,房地(土地+建物),文光路１６８巷２５號,65.93,非都市： ; 非都市編定：,,,1091006,土地1建物1車位0,全,二層,透天厝,住家用,鋼筋混凝土加強磚造,0670218,83.66,3,1,1,有,無,2806730,33549,,0.0,0,親友、員工、共有人或其他特殊關係間之交易；,RPOPMLQJIIPFFAX27DA,83.67,0.0,0.0,無,
白沙鄉,土地,赤崁中段747地號,2611.31,,一般農業區,農牧用地,1091026,土地1建物0車位0,,,其他,,,,0.0,0,0,0,有,無,13800000,5285,,0.0,0,,RPORMLKMIIPFFAX17DA,0.0,0.0,0.0,無,
馬公市,房地(土地+建物),鎖港里２２８號,68.77,非都市： ; 非都市編定：,,,1090922,土地1建物1車位0,全,二層,透天厝,住商用,鋼筋混凝土加強磚造,0710806,88.22,4,1,2,有,無,1000000,11335,,0.0,0,親友、員工、共有人或其他特殊關係間之交易；,RPROMLMJJIPFFAX17DA,88.22,0.0,0.0,無,
湖西鄉,土地,青螺新段833地號,1039.03,,一般農業區,農牧用地,1091025,土地1建物0車位0,,,其他,,,,0.0,0,0,0,有,無,2512000,2418,,0.0,0,,RPPNMLNJJIPFFAX96DA,0.0,0.0,0.0,無,
湖西鄉,土地,青螺新段844地號,87.38,,鄉村區,乙種建築用地,1091025,土地2建物0車位0,,,其他,,,,0.0,0,0,0,有,無,246000,2815,,0.0,0,,RPQNMLNJJIPFFAX07DA,0.0,0.0,0.0,無,
馬公市,房地(土地+建物),鎖管港３１３號,227.2,非都市： ; 非都市編定：,,,1091022,土地2建物1車位0,全,三層,透天厝,住家用,鋼筋混凝土造,0951023,220.43,5,3,6,有,無,10300000,46727,,0.0,0,部份價金受債權債務關係影響或債務抵償,RPOOMLMJJIPFFAX86DA,204.71,0.0,15.72,無,
馬公市,建物,中山路３３之３０號,0.0,,,,1091013,土地0建物1車位0,全,二層,透天厝,商業用,鋼筋加強磚造,0610831,22.03,1,1,1,有,無,6500,295,,0.0,0,政府機關標讓售；,RPVNMLNJJIPFFAX57DA,22.03,0.0,0.0,無,
馬公市,土地,五福段330地號,1401.42,,一般農業區,農牧用地,1091006,土地1建物0車位0,,,其他,,,,0.0,0,0,0,有,無,58920000,42043,,0.0,0,權利人為6人含未來6戶興建房屋價款,RPVNMLOJJIPFFAX67DA,0.0,0.0,0.0,無,
馬公市,土地,興崁段1008地號,1014.2,,一般農業區,農牧用地,1090831,土地2建物0車位0,,,其他,,,,0.0,0,0,0,有,無,7050000,6951,,0.0,0,,RPWNMLOJJIPFFAX77DA,0.0,0.0,0.0,無,
馬公市,房地(土地+建物),文昌街４巷３號,83.87,非都市： ; 非都市編定：,,,1090928,土地1建物1車位0,全,二層,透天厝,住家用,鋼筋混凝土加強磚造,0670330,77.88,3,2,1,有,無,6350000,81536,,0.0,0,,RPVQMLKMIIPFFAX77DA,77.88,0.0,0.0,無,
馬公市,房地(土地+建物),宅嶼１之６號,33.84,,鄉村區,乙種建築用地,1091018,土地1建物1車位0,全,五層,透天厝,集合住宅,鋼筋混凝土造,1090505,96.71,3,1,2,有,無,5400000,64547,,0.0,0,預售屋、或土地及建物分次登記案件；,RPVNMLKMIIPFFAX47DA,83.66,0.0,0.0,有,
馬公市,房地(土地+建物),中興路１８號,104.0,非都市： ; 非都市編定：,,,1091015,土地2建物1車位0,全,三層,透天厝,住商用,筋混凝造,0510100,266.95,6,0,3,有,無,26600000,99644,,0.0,0,,RPQNMLOJJIPFFAX27EA,266.96,0.0,0.0,無,
白沙鄉,土地,港子新段426地號,1140.21,,一般農業區,農牧用地,1091014,土地1建物0車位0,,,其他,,,,0.0,0,0,0,有,無,800001,702,,0.0,0,地清或未辦繼承標售；,RPUNMLOJJIPFFAX67EA,0.0,0.0,0.0,無,
馬公市,土地,鎖港西段308-1地號,64.48,非都市： ; 非都市編定：,,,1091022,土地1建物0車位0,,,其他,,,,0.0,0,0,0,有,無,1341184,20800,,0.0,0,政府機關標讓售；,RPVNMLTLIIPFFAX28DA,0.0,0.0,0.0,無,
湖西鄉,土地,紅羅段2139地號,378.93,,一般農業區,農牧用地,1091016,土地1建物0車位0,,,其他,,,,0.0,0,0,0,有,無,300000,792,,0.0,0,親友、員工、共有人或其他特殊關係間之交易；,RPTNMLMJJIPFFAX27DA,0.0,0.0,0.0,無,
湖西鄉,建物,尖山３７之２號,0.0,,,,1091010,土地0建物1車位0,全,三層,透天厝,住家用,鋼筋混凝土造,0971201,402.11,6,1,6,有,無,660000,1641,,0.0,0,親友、員工、共有人或其他特殊關係間之交易；,RPXNMLOJJIPFFAX87DA,399.86,0.0,2.25,無,
馬公市,房地(土地+建物),中華路５９之３號六樓,18.28,非都市： ; 非都市編定：,,,1090925,土地4建物1車位0,六層,七層,華廈(10層含以下有電梯),住家用,鋼筋混凝土造,0830421,106.94,2,2,1,有,有,3880000,36282,,0.0,0,,RPSNMLOJJIPFFAX37DA,65.74,8.3,0.0,有,
湖西鄉,土地,隘門新段1409地號,2697.34,,一般農業區,農牧用地,1091023,土地2建物0車位0,,,其他,,,,0.0,0,0,0,有,無,4880000,1809,,0.0,0,,RPTNMLNJJIPFFAX37DA,0.0,0.0,0.0,無,
馬公市,房地(土地+建物),文光路１６２巷１１號,71.39,非都市： ; 非都市編定：,,,1091008,土地2建物1車位0,全,二層,透天厝,住家用,鋼筋混凝土加強磚造,0730529,121.73,3,2,2,有,無,6880000,56519,,0.0,0,,RPXQMLKMIIPFFAX97DA,121.73,0.0,0.0,無,
馬公市,土地,東衛段1098地號,152.43,,鄉村區,乙種建築用地,1091102,土地1建物0車位0,,,其他,,,,0.0,0,0,0,有,無,1300000,8529,,0.0,0,,RPQNMLPJJIPFFAX27DA,0.0,0.0,0.0,無,
西嶼鄉,土地,赤馬一段426地號,185.9,,一般農業區,農牧用地,1091014,土地1建物0車位0,,,其他,,,,0.0,0,0,0,有,無,300000,1614,,0.0,0,親友、員工、共有人或其他特殊關係間之交易；,RPUNMLTKIIPFFAX08DA,0.0,0.0,0.0,無,
馬公市,房地(土地+建物),大智街１８巷２０弄１５號,44.0,非都市： ; 非都市編定：,,,1091027,土地1建物1車位0,全,四層,透天厝,住商用,鋼筋混凝土加強磚造,0690213,147.2,5,2,3,有,無,7300000,49592,,0.0,0,,RPXNMLPJJIPFFAX08EA,147.2,0.0,0.0,無,
湖西鄉,土地,葉新段506地號,69.75,,鄉村區,乙種建築用地,1090917,土地1建物0車位0,,,其他,,,,0.0,0,0,0,有,無,250000,3584,,0.0,0,地清或未辦繼承標售；,RPUNMLNJJIPFFAX57EA,0.0,0.0,0.0,無,
白沙鄉,土地,通梁南段1295地號,330.82,非都市： ; 非都市編定：,,,1090922,土地1建物0車位0,,,其他,,,,0.0,0,0,0,有,無,1999998,6046,,0.0,0,,RPTNMLKMIIPFFAX37EA,0.0,0.0,0.0,無,
馬公市,房地(土地+建物),西衛２９３號二樓,34.29,,一般農業區,甲種建築用地,1090911,土地1建物1車位0,二層,五層,華廈(10層含以下有電梯),住家用,鋼筋混凝土造,0841230,95.82,3,1,2,有,無,1500000,15654,,0.0,0,買方負擔契稅，賣方負擔土地增值稅。親友、員工、共有人或其他特殊關係間之交易；,RPVNMLMJJIPFFAX57EA,73.58,9.83,0.0,有,
馬公市,土地,五德西段93地號,946.4,,一般農業區,農牧用地,1091104,土地1建物0車位0,,,其他,,,,0.0,0,0,0,有,無,26300000,27790,,0.0,0,土地交易案件之價格含未來興建房屋成本；,RPRNMLPJJIPFFAX37DA,0.0,0.0,0.0,無,
馬公市,房地(土地+建物)+車位,宅嶼１之５號二樓之１,35.67,,鄉村區,乙種建築用地,1091018,土地1建物1車位1,二層,五層,華廈(10層含以下有電梯),集合住宅,鋼筋混凝土造,1090505,118.36000000000001,3,2,2,有,無,5320000,44948,一樓平面,19.96,0,預售屋、或土地及建物分次登記案件；,RPWNMLMJJIPFFAX57DA,67.36,6.98,0.0,有,
馬公市,房地(土地+建物)+車位,宅嶼１之５號二樓之２,34.75,,鄉村區,乙種建築用地,1091018,土地1建物1車位1,二層,五層,華廈(10層含以下有電梯),集合住宅,鋼筋混凝土造,1090505,118.6,3,2,2,有,無,5350000,45110,坡道平面,19.96,0,預售屋、或土地及建物分次登記案件；,SPWNMLMJJIPFFAX67DA,67.36,7.13,0.0,有,
馬公市,房地(土地+建物),宅嶼１之５號二樓之３,25.61,,鄉村區,乙種建築用地,1091018,土地1建物1車位0,二層,五層,華廈(10層含以下有電梯),集合住宅,鋼筋混凝土造,1090505,73.25,2,1,1,有,無,3620000,49420,,0.0,0,預售屋、或土地及建物分次登記案件；,TPWNMLMJJIPFFAX77DA,45.14,10.19,0.0,有,
馬公市,房地(土地+建物),宅嶼１之５號二樓之５,24.69,,鄉村區,乙種建築用地,1091018,土地1建物1車位0,二層,五層,華廈(10層含以下有電梯),集合住宅,鋼筋混凝土造,1090505,72.17,2,1,1,有,無,3500000,48497,,0.0,0,預售屋、或土地及建物分次登記案件；,UPWNMLMJJIPFFAX87DA,49.86,4.65,0.0,有,
馬公市,房地(土地+建物),宅嶼１之５號二樓之６,26.52,,鄉村區,乙種建築用地,1091018,土地1建物1車位0,二層,五層,華廈(10層含以下有電梯),集合住宅,鋼筋混凝土造,1090505,76.43,2,1,1,有,無,3510000,45924,,0.0,0,預售屋、或土地及建物分次登記案件；,VPWNMLMJJIPFFAX97DA,48.3,9.45,0.0,有,
馬公市,房地(土地+建物),宅嶼１之５號二樓之７,23.78,,鄉村區,乙種建築用地,1091018,土地1建物1車位0,二層,五層,華廈(10層含以下有電梯),集合住宅,鋼筋混凝土造,1090505,67.67,2,1,1,有,無,3340000,49357,,0.0,0,預售屋、或土地及建物分次登記案件；,WPWNMLMJJIPFFAX08DA,45.83,5.29,0.0,有,
馬公市,房地(土地+建物),宅嶼１之５號二樓之８,24.69,,鄉村區,乙種建築用地,1091018,土地1建物1車位0,二層,五層,華廈(10層含以下有電梯),集合住宅,鋼筋混凝土造,1090505,70.75,2,1,1,有,無,3500000,49470,,0.0,0,預售屋、或土地及建物分次登記案件；,XPWNMLMJJIPFFAX18DA,49.29,4.14,0.0,有,
馬公市,房地(土地+建物),宅嶼１之５號三樓之６,24.69,,鄉村區,乙種建築用地,1091018,土地1建物1車位0,三層,五層,華廈(10層含以下有電梯),集合住宅,鋼筋混凝土造,1090505,71.08,2,1,1,有,無,3670000,51632,,0.0,0,預售屋、或土地及建物分次登記案件；,RPXNMLMJJIPFFAX67DA,48.3,5.38,0.0,有,
馬公市,房地(土地+建物),宅嶼１之５號三樓之７,23.78,,鄉村區,乙種建築用地,1091018,土地1建物1車位0,三層,五層,華廈(10層含以下有電梯),集合住宅,鋼筋混凝土造,1090505,67.67,2,1,1,有,無,3500000,51722,,0.0,0,預售屋、或土地及建物分次登記案件；,SPXNMLMJJIPFFAX77DA,45.83,5.29,0.0,有,
馬公市,房地(土地+建物),宅嶼１之５號,37.49,,鄉村區,乙種建築用地,1091018,土地1建物1車位0,一層,五層,華廈(10層含以下有電梯),集合住宅,鋼筋混凝土造,1090505,106.77000000000001,3,2,2,有,無,5900000,55259,,0.0,0,預售屋、或土地及建物分次登記案件；,RPUNMLKMIIPFFAX37DA,73.03,7.64,0.0,有,
馬公市,房地(土地+建物),宅嶼１之５號三樓之１,33.84,,鄉村區,乙種建築用地,1091018,土地1建物1車位0,三層,五層,華廈(10層含以下有電梯),集合住宅,鋼筋混凝土造,1090505,96.02000000000001,3,2,2,有,無,4860000,50614,,0.0,0,預售屋、或土地及建物分次登記案件；,RPTOMLKMIIPFFAX37DA,67.36,5.2,0.0,有,
馬公市,房地(土地+建物)+車位,宅嶼１之５號三樓之２,34.75,,鄉村區,乙種建築用地,1091018,土地1建物1車位1,三層,五層,華廈(10層含以下有電梯),集合住宅,鋼筋混凝土造,1090505,116.25999999999999,3,2,2,有,無,5380000,46276,一樓平面,19.96,0,預售屋、或土地及建物分次登記案件；,RPUOMLKMIIPFFAX47DA,67.4,5.35,0.0,有,
馬公市,房地(土地+建物)+車位,宅嶼１之５號三樓之３,23.78,,鄉村區,乙種建築用地,1091018,土地1建物1車位1,三層,五層,華廈(10層含以下有電梯),集合住宅,鋼筋混凝土造,1090505,85.25,2,1,1,有,無,3500000,41056,一樓平面,19.96,0,預售屋、或土地及建物分次登記案件；,RPVOMLKMIIPFFAX57DA,45.14,4.19,0.0,有,
馬公市,房地(土地+建物),宅嶼１之５號三樓之５,24.69,,鄉村區,乙種建築用地,1091018,土地1建物1車位0,三層,五層,華廈(10層含以下有電梯),集合住宅,鋼筋混凝土造,1090505,72.28,2,1,1,有,無,3660000,50636,,0.0,0,預售屋、或土地及建物分次登記案件；,RPWOMLKMIIPFFAX67DA,49.95,4.67,0.0,有,
馬公市,房地(土地+建物),宅嶼１之５號三樓之８,24.69,,鄉村區,乙種建築用地,1091018,土地1建物1車位0,三層,五層,華廈(10層含以下有電梯),集合住宅,鋼筋混凝土造,1090505,70.65,2,1,1,有,無,3600000,50955,,0.0,0,預售屋、或土地及建物分次登記案件；,RPPPMLKMIIPFFAX07DA,49.28,4.14,0.0,有,
馬公市,房地(土地+建物),宅嶼１之５號四樓之１,33.84,,鄉村區,乙種建築用地,1091018,土地1建物1車位0,四層,五層,華廈(10層含以下有電梯),集合住宅,鋼筋混凝土造,1090505,96.02000000000001,3,2,2,有,無,4800000,49990,,0.0,0,預售屋、或土地及建物分次登記案件；,RPQPMLKMIIPFFAX17DA,67.36,5.2,0.0,有,
馬公市,房地(土地+建物)+車位,宅嶼１之５號四樓之２,34.75,,鄉村區,乙種建築用地,1091018,土地1建物1車位1,四層,五層,華廈(10層含以下有電梯),集合住宅,鋼筋混凝土造,1090505,116.25999999999999,3,2,2,有,無,4950000,42577,一樓平面,19.96,0,預售屋、或土地及建物分次登記案件；,RPRPMLKMIIPFFAX27DA,67.4,5.35,0.0,有,
馬公市,房地(土地+建物)+車位,宅嶼１之５號四樓之３,23.78,,鄉村區,乙種建築用地,1091018,土地1建物1車位1,四層,五層,華廈(10層含以下有電梯),集合住宅,鋼筋混凝土造,1090505,85.67,2,1,1,有,無,3710000,43306,一樓平面,20.38,0,預售屋、或土地及建物分次登記案件；,RPSPMLKMIIPFFAX37DA,45.14,4.19,0.0,有,
馬公市,房地(土地+建物),宅嶼１之５號四樓之５,24.69,,鄉村區,乙種建築用地,1091018,土地1建物1車位0,四層,五層,華廈(10層含以下有電梯),集合住宅,鋼筋混凝土造,1090505,72.28,2,1,1,有,無,3350000,46348,,0.0,0,預售屋、或土地及建物分次登記案件；,RPTPMLKMIIPFFAX47DA,49.95,4.67,0.0,有,
馬公市,房地(土地+建物),宅嶼１之５號四樓之６,24.69,,鄉村區,乙種建築用地,1091018,土地1建物1車位0,四層,五層,華廈(10層含以下有電梯),集合住宅,鋼筋混凝土造,1090505,71.0,2,1,1,有,無,3460000,48732,,0.0,0,預售屋、或土地及建物分次登記案件；,RPUPMLKMIIPFFAX57DA,48.3,5.38,0.0,有,
馬公市,房地(土地+建物),宅嶼１之５號四樓之７,23.78,,鄉村區,乙種建築用地,1091018,土地1建物1車位0,四層,五層,華廈(10層含以下有電梯),集合住宅,鋼筋混凝土造,1090505,67.67,2,1,1,有,無,3400000,50244,,0.0,0,預售屋、或土地及建物分次登記案件；,RPVPMLKMIIPFFAX67DA,45.83,5.29,0.0,有,
馬公市,房地(土地+建物),宅嶼１之５號四樓之８,24.69,,鄉村區,乙種建築用地,1091018,土地1建物1車位0,四層,五層,華廈(10層含以下有電梯),集合住宅,鋼筋混凝土造,1090505,70.65,2,1,1,有,無,3550000,50248,,0.0,0,預售屋、或土地及建物分次登記案件；,RPWPMLKMIIPFFAX77DA,49.28,4.14,0.0,有,
馬公市,房地(土地+建物)+車位,宅嶼１之５號五樓之１,89.62,,鄉村區,乙種建築用地,1091018,土地1建物1車位2,五層，見其他登記事項,五層,華廈(10層含以下有電梯),集合住宅,鋼筋混凝土造,1090505,291.56,6,1,4,有,無,11600000,39786,一樓平面,39.92,0,預售屋、或土地及建物分次登記案件；,RPXPMLKMIIPFFAX87DA,173.48,16.65,0.0,有,
馬公市,房地(土地+建物),宅嶼１之５號五樓之２,34.75,,鄉村區,乙種建築用地,1091018,土地1建物1車位0,五層，見其他登記事項,五層,華廈(10層含以下有電梯),集合住宅,鋼筋混凝土造,1090505,98.02,2,2,2,有,無,4700000,47949,,0.0,0,預售屋、或土地及建物分次登記案件；,RPOQMLKMIIPFFAX07DA,64.75,9.3,0.0,有,
馬公市,房地(土地+建物)+車位,宅嶼１之５號五樓之３,37.49,,鄉村區,乙種建築用地,1091018,土地1建物1車位3,五層，見其他登記事項,五層,華廈(10層含以下有電梯),集合住宅,鋼筋混凝土造,1090505,158.74,2,2,2,有,無,6200000,39058,一樓平面,59.88,0,預售屋、或土地及建物分次登記案件；,RPPQMLKMIIPFFAX17DA,65.57,9.14,0.0,有,
馬公市,房地(土地+建物),宅嶼１之５號五樓之５,39.32,,鄉村區,乙種建築用地,1091018,土地1建物1車位0,五層，見其他登記事項,五層,華廈(10層含以下有電梯),集合住宅,鋼筋混凝土造,1090505,112.07,2,2,2,有,無,5100000,45507,,0.0,0,預售屋、或土地及建物分次登記案件；,RPQQMLKMIIPFFAX27DA,69.13,15.56,0.0,有,
馬公市,房地(土地+建物),宅嶼１之５號五樓之６,32.01,,鄉村區,乙種建築用地,1091018,土地1建物1車位0,五層，見其他登記事項,五層,華廈(10層含以下有電梯),集合住宅,鋼筋混凝土造,1090505,92.44,2,2,2,有,無,4500000,48680,,0.0,0,預售屋、或土地及建物分次登記案件；,RPRQMLKMIIPFFAX37DA,59.98,9.85,0.0,有,
馬公市,房地(土地+建物),宅嶼１之５號五樓之７,33.84,,鄉村區,乙種建築用地,1091018,土地1建物1車位0,五層，見其他登記事項,五層,華廈(10層含以下有電梯),集合住宅,鋼筋混凝土造,1090505,97.74,2,2,2,有,無,4800000,49110,,0.0,0,預售屋、或土地及建物分次登記案件；,RPSQMLKMIIPFFAX47DA,64.86,8.99,0.0,有,
馬公市,土地,興崁段535-5地號,228.05,,一般農業區,甲種建築用地,1091019,土地2建物0車位0,,,其他,,,,0.0,0,0,0,有,無,8500000,37273,,0.0,0,農變建之起造人變更含未來興建房屋價款親友、員工、共有人或其他特殊關係間之交易；土地交易案件之價格含未來興建房屋成本；,RPWNMLKKJIPFFAX47DA,0.0,0.0,0.0,無,
白沙鄉,土地,中屯新段1467地號,63.07,,鄉村區,乙種建築用地,1091013,土地1建物0車位0,,,其他,,,,0.0,0,0,0,有,無,146700,2326,,0.0,0,地清或未辦繼承標售；,RPTNMLKKJIPFFAX17DA,0.0,0.0,0.0,無,
白沙鄉,土地,中屯新段1467地號,189.2,,鄉村區,乙種建築用地,1091013,土地1建物0車位0,,,其他,,,,0.0,0,0,0,有,無,439000,2320,,0.0,0,地清或未辦繼承標售；,SPTNMLKKJIPFFAX27DA,0.0,0.0,0.0,無,
湖西鄉,土地,沙港南段149地號,651.86,,一般農業區,農牧用地,1091010,土地1建物0車位0,,,其他,,,,0.0,0,0,0,有,無,590000,905,,0.0,0,,RPUNMLKKJIPFFAX27DA,0.0,0.0,0.0,無,
馬公市,土地,裡新段463地號,227.39,,鄉村區,乙種建築用地,1091014,土地2建物0車位0,,,其他,,,,0.0,0,0,0,有,無,3450000,15172,,0.0,0,未登記建物；,RPSNMLLKJIPFFAX17DA,0.0,0.0,0.0,無,
馬公市,土地,四維段1419地號,598.49,,一般農業區,農牧用地,1090921,土地1建物0車位0,,,其他,,,,0.0,0,0,0,有,無,4562400,7623,,0.0,0,,RPQNMLRLIIPFFAX57DA,0.0,0.0,0.0,無,
湖西鄉,土地,許家段19-5地號,669.86,,一般農業區,農牧用地,1091023,土地1建物0車位0,,,其他,,,,0.0,0,0,0,有,無,24040000,35888,,0.0,0,權利人共三人土地交易案件之價格含未來興建房屋成本；,RPUNMLRLIIPFFAX97DA,0.0,0.0,0.0,無,
馬公市,土地,案山段823地號,234.0,非都市： ; 非都市編定：,,,1091014,土地1建物0車位0,,,其他,,,,0.0,0,0,0,有,無,8540980,36500,,0.0,0,,RPQNMLTLIIPFFAX77DA,0.0,0.0,0.0,無,
馬公市,土地,案山段824地號,234.05,非都市： ; 非都市編定：,,,1091014,土地2建物0車位0,,,其他,,,,0.0,0,0,0,有,無,4959020,21188,,0.0,0,,RPRNMLTLIIPFFAX87DA,0.0,0.0,0.0,無,
湖西鄉,土地,尖山中段1179地號,2426.87,,一般農業區,農牧用地,1091022,土地1建物0車位0,,,其他,,,,0.0,0,0,0,有,無,1900000,783,,0.0,0,,RPPNMLMKJIPFFAX96DA,0.0,0.0,0.0,無,
馬公市,房地(土地+建物),西衛８９之５號,256.96,,一般農業區,甲種建築用地,1091004,土地2建物1車位0,全,三層,透天厝,住家用,鋼筋混凝土造,1040908,257.21,8,2,7,有,無,13500000,52486,,0.0,0,,RPXNMLKKJIPFFAX57DA,245.65,11.56,0.0,無,
馬公市,土地,裡新段404地號,53.01,,鄉村區,乙種建築用地,1091102,土地1建物0車位0,,,其他,,,,0.0,0,0,0,有,無,800000,15091,,0.0,0,,RPSNMLQJJIPFFAX57DA,0.0,0.0,0.0,無,
馬公市,房地(土地+建物),馬公市中正路18號,9.25,非都市： ; 非都市編定：,,,1091029,土地1建物1車位0,全,二層,透天厝,住商用,造,,17.35,2,1,2,有,無,1680000,96830,,0.0,0,親友、員工、共有人或其他特殊關係間之交易；,RPPOMLMJJIPFFAX96DA,17.35,0.0,0.0,無,
西嶼鄉,土地,外垵二段1269地號,353.08,,一般農業區,農牧用地,1091110,土地2建物0車位0,,,其他,,,,0.0,0,0,0,有,無,2000000,5664,,0.0,0,未登記建物；,RPRNMLNKJIPFFAX37EA,0.0,0.0,0.0,無,
馬公市,土地,山水南段187地號,92.1,,鄉村區,乙種建築用地,1090917,土地1建物0車位0,,,其他,,,,0.0,0,0,0,有,無,1080000,11726,,0.0,0,地清或未辦繼承標售；,RPTNMLNJJIPFFAX47EA,0.0,0.0,0.0,無,
馬公市,房地(土地+建物),文山路２７巷１號七樓之一,25.73,非都市： ; 非都市編定：,,,1091023,土地2建物1車位0,七層,八層,華廈(10層含以下有電梯),住家用,鋼筋混凝土造,0860628,129.95,2,2,2,有,有,4066000,31289,,0.0,0,,RPSNMLQKJIPFFAX67DA,90.55,0.0,7.83,有,
湖西鄉,房地(土地+建物),港底３０３之１號,280.92,,一般農業區,甲種建築用地,1090903,土地2建物1車位0,全,三層,透天厝,住家用,鋼筋混凝土造,1090731,337.23,7,3,6,有,無,10500000,31136,,0.0,0,,RPRNMLRKJIPFFAX67DA,323.4,13.83,0.0,無,
馬公市,土地,五福段347-7地號,360.51,,一般農業區,農牧用地,1091026,土地2建物0車位0,,,其他,,,,0.0,0,0,0,有,無,4963000,13767,,0.0,0,,RPRNMLTJJIPFFAX77DA,0.0,0.0,0.0,無,
湖西鄉,土地,龍門南段752地號,512.16,,一般農業區,農牧用地,1091026,土地1建物0車位0,,,其他,,,,0.0,0,0,0,有,無,774000,1511,,0.0,0,,RPXNMLTLIIPFFAX48DA,0.0,0.0,0.0,無,
湖西鄉,土地,龍門北段525地號,399.0,,一般農業區,農牧用地,1091026,土地1建物0車位0,,,其他,,,,0.0,0,0,0,有,無,620000,1554,,0.0,0,,RPUQMLKMIIPFFAX67DA,0.0,0.0,0.0,無,
七美鄉,土地,七美二段404地號,238.26,,一般農業區,農牧用地,1091106,土地1建物0車位0,,,其他,,,,0.0,0,0,0,有,無,648000,2720,,0.0,0,親友、員工、共有人或其他特殊關係間之交易；,RPQNMLQKJIPFFAX57EA,0.0,0.0,0.0,無,
白沙鄉,土地,港子新段508地號,2717.97,,一般農業區,農牧用地,1090908,土地1建物0車位0,,,其他,,,,0.0,0,0,0,有,無,1859500,684,,0.0,0,地清或未辦繼承標售；,RPPNMLRKJIPFFAX57EA,0.0,0.0,0.0,無,
白沙鄉,土地,小赤段362地號,766.14,,一般農業區,農牧用地,1091023,土地1建物0車位0,,,其他,,,,0.0,0,0,0,有,無,17860000,23312,,0.0,0,土地交易案件之價格含未來興建房屋成本；,RPSNMLRKJIPFFAX77DA,0.0,0.0,0.0,無,
馬公市,房地(土地+建物),光復路４４５巷１３號,55.0,,鄉村區,乙種建築用地,1091030,土地2建物1車位0,全,三層,透天厝,住家用,鋼筋混凝土加強磚造,0690530,92.2,3,1,2,有,無,3050000,33080,,0.0,0,,RPUNMLSKJIPFFAX08DA,92.2,0.0,0.0,無,
馬公市,土地,文寮段1326地號,650.33,,一般農業區,農牧用地,1090901,土地1建物0車位0,,,其他,,,,0.0,0,0,0,有,無,2000000,3075,,0.0,0,,RPSNMLTKJIPFFAX97DA,0.0,0.0,0.0,無,
馬公市,土地,文寮段333地號,696.56,,一般農業區,農牧用地,1091008,土地1建物0車位0,,,其他,,,,0.0,0,0,0,有,無,8428000,12099,,0.0,0,,RPSNMLMKJIPFFAX27DA,0.0,0.0,0.0,無,
望安鄉,土地,花宅段2244地號,1130.0,,一般農業區,農牧用地,1091031,土地2建物0車位0,,,其他,,,,0.0,0,0,0,有,無,1000000,885,,0.0,0,本件買賣土地因地上雜草叢生銀合歡致無法申請土地鑑界故全交由買方自行處理並負擔所有費用,RPRNMLLMIIPFFAX17DA,0.0,0.0,0.0,無,
馬公市,土地,山水北段478地號,159.13,,鄉村區,乙種建築用地,1091112,土地2建物0車位0,,,其他,,,,0.0,0,0,0,有,無,2150000,13511,,0.0,0,,RPUNMLTKJIPFFAX18DA,0.0,0.0,0.0,無,
馬公市,土地,五德西段728地號,598.79,,一般農業區,農牧用地,1091117,土地8建物0車位0,,,其他,,,,0.0,0,0,0,有,無,580000,969,,0.0,0,,RPRNMLKLJIPFFAX07DA,0.0,0.0,0.0,無,
馬公市,土地,興崁段1101地號,2370.96,,一般農業區,農牧用地,1090728,土地1建物0車位0,,,其他,,,,0.0,0,0,0,有,無,14347468,6051,,0.0,0,,RPWNMLSKJIPFFAX28DA,0.0,0.0,0.0,無,
馬公市,土地,文寮段898-1地號,94.06,,一般農業區,殯葬用地,1091104,土地2建物0車位0,,,其他,,,,0.0,0,0,0,有,無,1502138,15970,,0.0,0,政府機關標讓售；,RPTNMLTKJIPFFAX08DA,0.0,0.0,0.0,無,
馬公市,土地,馬公段584-29地號,159.0,非都市： ; 非都市編定：,,,1091012,土地1建物0車位0,,,其他,,,,0.0,0,0,0,有,無,32680000,205535,,0.0,0,,RPXNMLNLJIPFFAX97DA,0.0,0.0,0.0,無,
馬公市,土地,光榮段358地號,7.52,非都市： ; 非都市編定：,,,1091110,土地1建物0車位0,,,其他,,,,0.0,0,0,0,有,無,410704,54615,,0.0,0,包含公共設施保留地用地；協議價購；,RPVNMLKKJIPFFAX37DA,0.0,0.0,0.0,無,
七美鄉,土地,七美二段270地號,42.41,,一般農業區,農牧用地,1091110,土地1建物0車位0,,,其他,,,,0.0,0,0,0,有,無,65000,1533,,0.0,0,親友、員工、共有人或其他特殊關係間之交易；,RPUNMLNLJIPFFAX77EA,0.0,0.0,0.0,無,
馬公市,土地,文寮段532地號,448.0,,鄉村區,乙種建築用地,1090928,土地1建物0車位0,,,其他,,,,0.0,0,0,0,有,無,8380000,18705,,0.0,0,,RPRNMLOLJIPFFAX47DA,0.0,0.0,0.0,無,
馬公市,土地,五福段533地號,180.57,,一般農業區,農牧用地,1091028,土地1建物0車位0,,,其他,,,,0.0,0,0,0,有,無,1747000,9675,,0.0,0,,RPVNMLNLJIPFFAX77DA,0.0,0.0,0.0,無,
馬公市,土地,文寮段91地號,342.13,,一般農業區,農牧用地,1091029,土地1建物0車位0,,,其他,,,,0.0,0,0,0,有,無,1035000,3025,,0.0,0,,RPTNMLNKJIPFFAX47DA,0.0,0.0,0.0,無,
西嶼鄉,土地,內垵一段23地號,296.19,,一般農業區,農牧用地,1091117,土地1建物0車位0,,,其他,,,,0.0,0,0,0,有,無,1343850,4537,,0.0,0,,RPTNMLKLJIPFFAX27DA,0.0,0.0,0.0,無,
馬公市,土地,五福段71地號,106.07,,一般農業區,農牧用地,1090929,土地1建物0車位0,,,其他,,,,0.0,0,0,0,有,無,1280000,12068,,0.0,0,,RPPOMLNLJIPFFAX27DA,0.0,0.0,0.0,無,
馬公市,土地,文石段1135地號,2008.01,,一般農業區,農牧用地,1091115,土地1建物0車位0,,,其他,,,,0.0,0,0,0,有,無,79340000,39512,,0.0,0,權利人共十人含未來興建十戶房屋價款,RPTNMLOLJIPFFAX67DA,0.0,0.0,0.0,無,
馬公市,土地,文東段462地號,275.43,,一般農業區,農牧用地,1090604,土地1建物0車位0,,,其他,,,,0.0,0,0,0,有,無,4100000,14886,,0.0,0,,RPWNMLPLJIPFFAX08DA,0.0,0.0,0.0,無,
馬公市,房地(土地+建物),中華路９８之５號,35.35,非都市： ; 非都市編定：,,,1090831,土地1建物1車位0,一層,七層,華廈(10層含以下有電梯),住商用,鋼筋混凝土造,0820201,179.20000000000002,0,0,0,無,有,7000000,39063,,0.0,0,親友、員工、共有人或其他特殊關係間之交易；,RPWNMLQJJIPFFAX97DA,141.36,0.0,0.0,有,
馬公市,土地,東澳段1111地號,65.17,非都市： ; 非都市編定：,,,1091029,土地2建物0車位0,,,其他,,,,0.0,0,0,0,有,無,1980000,30382,,0.0,0,,RPQNMLNKJIPFFAX17DA,0.0,0.0,0.0,無,
馬公市,土地,西澳段973地號,113.97,非都市： ; 非都市編定：,,,1090916,土地1建物0車位0,,,其他,,,,0.0,0,0,0,有,無,5700000,50013,,0.0,0,,RPQOMLNLJIPFFAX37DA,0.0,0.0,0.0,無,
白沙鄉,土地,下瓦硐段544地號,1101.47,,一般農業區,農牧用地,1090924,土地2建物0車位0,,,其他,,,,0.0,0,0,0,有,無,2500000,2270,,0.0,0,,RPSNMLOLJIPFFAX57DA,0.0,0.0,0.0,無,
湖西鄉,土地,許家段617-13地號,236.21,,一般農業區,甲種建築用地,1090323,土地2建物0車位0,,,其他,,,,0.0,0,0,0,有,無,4990000,21125,,0.0,0,,RPPNMLMLJIPFFAX07DA,0.0,0.0,0.0,無,
湖西鄉,房地(土地+建物),港底３０２號,192.97,,一般農業區,甲種建築用地,1090519,土地2建物1車位0,全,三層,透天厝,住家用,鋼筋混凝土造,1090731,254.5,5,2,4,有,無,8800000,34578,,0.0,0,,RPSNMLRLJIPFFAX87DA,240.28,14.22,0.0,無,
馬公市,土地,北澳段117-6地號,13.14,,鄉村區,乙種建築用地,1091111,土地1建物0車位0,,,其他,,,,0.0,0,0,0,有,無,391572,29800,,0.0,0,政府機關標讓售；,RPTNMLKMJIPFFAX37DA,0.0,0.0,0.0,無,
馬公市,土地,雙湖段545地號,63.67,,一般農業區,農牧用地,1091019,土地2建物0車位0,,,其他,,,,0.0,0,0,0,有,無,146441,2300,,0.0,0,地清或未辦繼承標售；,RPRNMLQLJIPFFAX77EA,0.0,0.0,0.0,無,
白沙鄉,土地,瓦硐南段504地號,1243.11,,一般農業區,農牧用地,1091120,土地2建物0車位0,,,其他,,,,0.0,0,0,0,有,無,2580000,2075,,0.0,0,,RPPNMLRLJIPFFAX67EA,0.0,0.0,0.0,無,
馬公市,土地,馬公段2558-4地號,2.09,非都市： ; 非都市編定：,,,1091113,土地1建物0車位0,,,其他,,,,0.0,0,0,0,有,無,169854,81270,,0.0,0,,RPSNMLKMJIPFFAX37EA,0.0,0.0,0.0,無,
西嶼鄉,土地,竹灣段1349地號,339.83,,鄉村區,乙種建築用地,1090908,土地1建物0車位0,,,其他,,,,0.0,0,0,0,有,無,700000,2060,,0.0,0,,RPUNMLRLJIPFFAX08DA,0.0,0.0,0.0,無,
馬公市,土地,文寮段17-1地號,502.25,,一般農業區,農牧用地,1091029,土地2建物0車位0,,,其他,,,,0.0,0,0,0,有,無,1520000,3026,,0.0,0,,RPPNMLNKJIPFFAX07DA,0.0,0.0,0.0,無,
馬公市,房地(土地+建物),中華路９之１號,127.0,非都市： ; 非都市編定：,,,1091107,土地2建物1車位0,全,三層,透天厝,商業用,鋼筋加強,0481130,188.95,0,0,0,無,無,20900000,110611,,0.0,0,,RPSNMLTJJIPFFAX87DA,188.95,0.0,0.0,無,
湖西鄉,土地,隘門新段830地號,980.67,,一般農業區,農牧用地,1090527,土地1建物0車位0,,,其他,,,,0.0,0,0,0,有,無,7119600,7260,,0.0,0,土地增值稅由買賣雙方各半負擔。,RPPNMLTLJIPFFAX77DA,0.0,0.0,0.0,無,
馬公市,房地(土地+建物),林森路８６之５號四樓,31.28,非都市： ; 非都市編定：,,,1091028,土地1建物1車位0,四層,七層,華廈(10層含以下有電梯),住家用,鋼筋混凝土造,0870925,159.2,3,2,2,有,有,5330000,33480,,0.0,0,,RPWNMLKMJIPFFAX67DA,99.0,0.0,12.05,有,
西嶼鄉,房地(土地+建物),內垵６２之２４號,58.56,,鄉村區,乙種建築用地,1091112,土地1建物1車位0,全,三層,透天厝,住家用,鋼筋混凝土加強磚造,0750705,115.24,3,3,2,有,無,1100000,9545,,0.0,0,,RPSNMLLJKIPFFAX27EA,115.24,0.0,0.0,無,
馬公市,房地(土地+建物),中華路９號,110.0,非都市： ; 非都市編定：,,,1091107,土地2建物1車位0,全,三層,透天厝,商業用,鋼筋加強,0481130,217.4,0,0,0,無,無,18150000,83487,,0.0,0,,RPOOMLKMJIPFFAX96DA,217.4,0.0,0.0,無,
馬公市,土地,文東段1305地號,432.3,,一般農業區,農牧用地,1091124,土地1建物0車位0,,,其他,,,,0.0,0,0,0,有,無,1600000,3701,,0.0,0,,RPVNMLMJKIPFFAX57DA,0.0,0.0,0.0,無,
湖西鄉,房地(土地+建物),港底３３０之１號,288.47,,一般農業區,甲種建築用地,1091102,土地2建物1車位0,全,三層,透天厝,住家用,鋼筋混凝土造,1070124,300.2,5,2,5,有,無,10360000,34510,,0.0,0,,RPRNMLLJKIPFFAX07DA,287.16,13.04,0.0,無,
白沙鄉,土地,赤崁中段381-4地號,202.44,,一般農業區,甲種建築用地,1091117,土地2建物0車位0,,,其他,,,,0.0,0,0,0,有,無,3510000,17338,,0.0,0,,RPUNMLLJKIPFFAX37DA,0.0,0.0,0.0,無,
湖西鄉,土地,龍門南段575地號,834.5,,一般農業區,農牧用地,1091124,土地1建物0車位0,,,其他,,,,0.0,0,0,0,有,無,800000,959,,0.0,0,,RPPNMLLJKIPFFAX96EA,0.0,0.0,0.0,無,
馬公市,土地,四維段983-1地號,29.7,,一般農業區,水利用地,1090928,土地1建物0車位0,,,其他,,,,0.0,0,0,0,有,無,210870,7100,,0.0,0,,RPSNMLTKJIPFFAX08EA,0.0,0.0,0.0,無,
馬公市,土地,安宅段1697地號,223.0,,一般農業區,農牧用地,1091105,土地1建物0車位0,,,其他,,,,0.0,0,0,0,有,無,1500000,6726,,0.0,0,親友、員工、共有人或其他特殊關係間之交易；,RPSNMLKLJIPFFAX27EA,0.0,0.0,0.0,無,
馬公市,房地(土地+建物),鎖管港１９８１之２號,134.86,非都市： ; 非都市編定：,,,1090721,土地1建物1車位0,全,三層,透天厝,住家用,鋼筋混凝土造,1070511,241.31,7,2,8,有,無,12000000,49729,,0.0,0,,RPXNMLKMJIPFFAX77DA,456.48,26.62,0.0,無,
馬公市,房地(土地+建物),鎖管港１９８１之１號,127.99,非都市： ; 非都市編定：,,,1090721,土地1建物1車位0,全,三層,透天厝,住家用,鋼筋混凝土造,1070511,241.79,7,2,8,有,無,12000000,49630,,0.0,0,,SPXNMLKMJIPFFAX87DA,456.48,26.62,0.0,無,
西嶼鄉,土地,竹灣段2538地號,3848.76,,一般農業區,農牧用地,1090526,土地7建物0車位0,,,其他,,,,0.0,0,0,0,有,無,5237337,1361,,0.0,0,親友、員工、共有人或其他特殊關係間之交易；,RPPNMLNLJIPFFAX17DA,0.0,0.0,0.0,無,
馬公市,土地,安宅段1697地號,31.86,非都市：一般農業區 ; 非都市編定：農牧用地,一般農業區,農牧用地,1091105,土地1建物0車位0,,,其他,,,,0.0,0,0,0,有,無,214000,6717,,0.0,0,親友、員工、共有人或其他特殊關係間之交易；,RPVNMLSKJIPFFAX18DA,0.0,0.0,0.0,無,
馬公市,土地,案山段122地號,108.27,非都市： ; 非都市編定：,,,1091021,土地2建物0車位0,,,其他,,,,0.0,0,0,0,有,無,3200000,29556,,0.0,0,,RPVNMLRLJIPFFAX18DA,0.0,0.0,0.0,無,
馬公市,房地(土地+建物)+車位,朝陽路７３號二樓,24.04,非都市： ; 非都市編定：,,,1091025,土地4建物1車位1,二層,七層,華廈(10層含以下有電梯),住家用,鋼筋混凝土造,0830509,135.97,3,2,2,有,有,5380000,39568,坡道平面,0.0,0,,RPXNMLPLJIPFFAX18DA,94.11,4.76,0.0,有,
西嶼鄉,土地,赤馬一段490地號,173.39,,鄉村區,乙種建築用地,1091118,土地1建物0車位0,,,其他,,,,0.0,0,0,0,有,無,820000,4729,,0.0,0,含土地增值稅或其他稅費97982元；,RPTNMLQLJIPFFAX87DA,0.0,0.0,0.0,無,
馬公市,土地,興仁段718地號,736.85,,一般農業區,農牧用地,1091110,土地1建物0車位0,,,其他,,,,0.0,0,0,0,有,無,2000000,2714,,0.0,0,,RPRNMLRLJIPFFAX77DA,0.0,0.0,0.0,無,
馬公市,房地(土地+建物),成功街９７巷１０號,86.97,非都市： ; 非都市編定：,,,1090812,土地1建物1車位0,全,三層,透天厝,住家用,鋼筋混凝土造,0800422,157.53,3,1,2,有,無,6000000,38088,,0.0,0,依土地法第34之1處分,RPPOMLTKIIPFFAX67DA,157.53,0.0,0.0,無,
湖西鄉,土地,尖山南段984地號,166.3,,風景區,農牧用地,1091118,土地1建物0車位0,,,其他,,,,0.0,0,0,0,有,無,274395,1650,,0.0,0,地清或未辦繼承標售；,RPTNMLNJKIPFFAX57EA,0.0,0.0,0.0,無,
馬公市,土地,烏崁新段1592-1地號,10.95,,一般農業區,甲種建築用地,1091116,土地1建物0車位0,,,其他,,,,0.0,0,0,0,有,無,154395,14100,,0.0,0,政府機關標讓售；,RPUNMLNJKIPFFAX67EA,0.0,0.0,0.0,無,
馬公市,土地,興仁段161地號,321.72,,一般農業區,農牧用地,1090930,土地1建物0車位0,,,其他,,,,0.0,0,0,0,有,無,3405500,10585,,0.0,0,依土地法第34條之1處分,RPPOMLKMJIPFFAX07DA,0.0,0.0,0.0,無,
馬公市,土地,興崁段868地號,186.88,,一般農業區,農牧用地,1090930,土地1建物0車位0,,,其他,,,,0.0,0,0,0,有,無,1130000,6047,,0.0,0,依土地法第34條之1處分,RPQOMLKMJIPFFAX17DA,0.0,0.0,0.0,無,
馬公市,土地,興仁段357地號,527.24,,一般農業區,農牧用地,1091117,土地1建物0車位0,,,其他,,,,0.0,0,0,0,有,無,797434,1512,,0.0,0,親友、員工、共有人或其他特殊關係間之交易；,RPTOMLNJKIPFFAX57DA,0.0,0.0,0.0,無,
馬公市,房地(土地+建物),82號,309.91,,一般農業區,農牧用地,1091125,土地4建物1車位0,全,一層,透天厝,住家用,造,,5.82,2,1,1,有,無,1300000,223368,,0.0,0,,RPOPMLNJKIPFFAX17DA,5.41,0.41,0.0,無,
七美鄉,土地,七美二段404地號,238.26,,一般農業區,農牧用地,1091130,土地1建物0車位0,,,其他,,,,0.0,0,0,0,有,無,720750,3025,,0.0,0,親友、員工、共有人或其他特殊關係間之交易；,RPWNMLMJKIPFFAX67DA,0.0,0.0,0.0,無,
湖西鄉,房地(土地+建物),港子尾７８之９號,268.27,,一般農業區,甲種建築用地,1091031,土地1建物1車位0,全,三層,透天厝,住家用,鋼筋混凝土造,1040917,310.27,5,2,6,有,無,9800000,31585,,0.0,0,,RPSNMLMJKIPFFAX27DA,284.2,26.07,0.0,無,
馬公市,房地(土地+建物),鎖港一路７３巷２３弄８號,116.36,非都市： ; 非都市編定：,,,1090921,土地2建物1車位0,全,三層,透天厝,住家用,鋼筋混凝土造,1080703,194.98,6,2,7,有,無,7750000,39748,,0.0,0,,RPPNMLTLRHPFFAX48DA,183.8,11.18,0.0,無,
馬公市,房地(土地+建物),烏崁１３１之１０號,246.44,,一般農業區,甲種建築用地,1091028,土地2建物1車位0,全,三層,透天厝,住家用,鋼筋混凝土造,1080412,236.42,4,2,4,有,無,7300000,30877,,0.0,0,,RPTNMLTLIIPFFAX08DA,223.65,12.77,0.0,無,
湖西鄉,土地,尖山北段9地號,894.02,,一般農業區,農牧用地,1091028,土地2建物0車位0,,,其他,,,,0.0,0,0,0,有,無,750000,839,,0.0,0,受債權債務關係影響或債務抵償；,RPSNMLPJJIPFFAX47DA,0.0,0.0,0.0,無,
馬公市,土地,山水北段257-2地號,383.71,,一般農業區,農牧用地,1090911,土地3建物0車位0,,,其他,,,,0.0,0,0,0,有,無,4750000,12379,,0.0,0,,RPTNMLOJKIPFFAX57DA,0.0,0.0,0.0,無,
馬公市,土地,山水北段794地號,616.43,,一般農業區,農牧用地,1090805,土地1建物0車位0,,,其他,,,,0.0,0,0,0,有,無,4700000,7625,,0.0,0,,RPUNMLRJKIPFFAX97DA,0.0,0.0,0.0,無,
馬公市,土地,五福段393地號,40.48,,鄉村區,乙種建築用地,1091118,土地1建物0車位0,,,其他,,,,0.0,0,0,0,有,無,568000,14032,,0.0,0,地清或未辦繼承標售；,RPRNMLRJKIPFFAX77EA,0.0,0.0,0.0,無,
白沙鄉,土地,講美段872地號,100.2,,鄉村區,乙種建築用地,1091202,土地2建物0車位0,,,其他,,,,0.0,0,0,0,有,無,300595,3000,,0.0,0,,RPUOMLRJKIPFFAX08DA,0.0,0.0,0.0,無,
馬公市,房地(土地+建物),文學路３３號,71.36,非都市： ; 非都市編定：,,,1091015,土地1建物1車位0,全,三層,透天厝,住家用,鋼筋混凝土造,0910124,154.9,4,1,3,有,無,7300000,47127,,0.0,0,,RPUNMLOJKIPFFAX67DA,144.12,10.78,0.0,無,
白沙鄉,土地,赤崁南段327地號,549.53,,一般農業區,農牧用地,1091123,土地1建物0車位0,,,其他,,,,0.0,0,0,0,有,無,2990000,5441,,0.0,0,,RPUNMLMJKIPFFAX47DA,0.0,0.0,0.0,無,
馬公市,房地(土地+建物),六合路５５巷１１號,198.16,非都市： ; 非都市編定：,,,1091030,土地1建物1車位0,全,二層,透天厝,住家用,鋼筋混凝土加強磚造,0770728,138.11,4,1,3,有,無,12750000,92318,,0.0,0,其他增建；,RPQNMLRJKIPFFAX57DA,138.11,0.0,0.0,無,
馬公市,土地,興崁段517地號,2559.17,,一般農業區,農牧用地,1091124,土地1建物0車位0,,,其他,,,,0.0,0,0,0,有,無,84864350,33161,,0.0,0,本案權利人數:12人此為農變建變更起造人含未來興建房屋12棟費用土地交易案件之價格含未來興建房屋成本；,RPPPMLNJKIPFFAX27DA,0.0,0.0,0.0,無,
馬公市,房地(土地+建物),光復路４４５巷１２號,60.94,,鄉村區,乙種建築用地,1091125,土地1建物1車位0,全,二層,透天厝,住家用,鋼筋混凝土加強磚造,0681216,96.0,3,1,2,有,無,3300000,34375,,0.0,0,,RPSNMLTJKIPFFAX97DA,96.0,0.0,0.0,無,
馬公市,土地,鐵線段902-1地號,549.17,,一般農業區,農牧用地,1091007,土地1建物0車位0,,,其他,,,,0.0,0,0,0,有,無,3800000,6920,,0.0,0,,RPTNMLQKJIPFFAX77DA,0.0,0.0,0.0,無,
馬公市,土地,北澳段572地號,485.62,,一般農業區,農牧用地,1090803,土地1建物0車位0,,,其他,,,,0.0,0,0,0,有,無,11752000,24200,,0.0,0,依土地法第34條之1處分,RPVNMLKLJIPFFAX47DA,0.0,0.0,0.0,無,
