﻿編號,土地位置,土地移轉面積(平方公尺),使用分區或編定,權利人持分分母,權利人持分分子,移轉情形,地號
The serial number, land position,land shifting area square meter,the use zoning or compiles and checks,,,,land parcel
RPPNMLOKRHPFFAZ08DA,橋仔段,17.14,都市：其他:,1,1,全筆移轉,04030001
RPQNMLOKIIPFFAZ37DA,清水段,28.10,都市：住,10000,1052,持分移轉,04400000
RPQNMLOKIIPFFAZ37DA,清水段,28.10,非都市： ; 非都市編定：,10000,1052,持分移轉,04400000
RPQNMLOKIIPFFAZ37DA,清水段,28.10,非都市： ; 非都市編定：,10000,1052,持分移轉,04400000
RPQNMLOKIIPFFAZ37DA,清水段,28.10,非都市： ; 非都市編定：,10000,1052,持分移轉,04400000
RPQNMLOKIIPFFAZ37DA,清水段,28.10,非都市： ; 非都市編定：,10000,1052,持分移轉,04400000
RPQNMLOKIIPFFAZ37DA,清水段,28.10,非都市： ; 非都市編定：,10000,1052,持分移轉,04400000
RPQNMLOKIIPFFAZ37DA,清水段,28.10,非都市： ; 非都市編定：,10000,1052,持分移轉,04400000
RPQNMLOKIIPFFAZ37DA,清水段,28.10,非都市： ; 非都市編定：,10000,1052,持分移轉,04400000
RPQNMLOKIIPFFAZ37DA,清水段,28.10,非都市： ; 非都市編定：,10000,1052,持分移轉,04400000
TPQNMLOKIIPFFAZ57DA,清水段,28.10,都市：住,10000,1052,持分移轉,04400000
TPQNMLOKIIPFFAZ57DA,清水段,28.10,非都市： ; 非都市編定：,10000,1052,持分移轉,04400000
TPQNMLOKIIPFFAZ57DA,清水段,28.10,非都市： ; 非都市編定：,10000,1052,持分移轉,04400000
TPQNMLOKIIPFFAZ57DA,清水段,28.10,非都市： ; 非都市編定：,10000,1052,持分移轉,04400000
TPQNMLOKIIPFFAZ57DA,清水段,28.10,非都市： ; 非都市編定：,10000,1052,持分移轉,04400000
TPQNMLOKIIPFFAZ57DA,清水段,28.10,非都市： ; 非都市編定：,10000,1052,持分移轉,04400000
TPQNMLOKIIPFFAZ57DA,清水段,28.10,非都市： ; 非都市編定：,10000,1052,持分移轉,04400000
TPQNMLOKIIPFFAZ57DA,清水段,28.10,非都市： ; 非都市編定：,10000,1052,持分移轉,04400000
TPQNMLOKIIPFFAZ57DA,清水段,28.10,非都市： ; 非都市編定：,10000,1052,持分移轉,04400000
RPQNMLOLRHPFFAZ28DA,津沙段,15.38,都市：其他:,1,1,全筆移轉,05890004
WPQNMLOKIIPFFAZ87DA,清水段,25.32,都市：住,10000,948,持分移轉,04400000
WPQNMLOKIIPFFAZ87DA,清水段,25.32,非都市： ; 非都市編定：,10000,948,持分移轉,04400000
WPQNMLOKIIPFFAZ87DA,清水段,25.32,非都市： ; 非都市編定：,10000,948,持分移轉,04400000
WPQNMLOKIIPFFAZ87DA,清水段,25.32,非都市： ; 非都市編定：,10000,948,持分移轉,04400000
WPQNMLOKIIPFFAZ87DA,清水段,25.32,非都市： ; 非都市編定：,10000,948,持分移轉,04400000
WPQNMLOKIIPFFAZ87DA,清水段,25.32,非都市： ; 非都市編定：,10000,948,持分移轉,04400000
WPQNMLOKIIPFFAZ87DA,清水段,25.32,非都市： ; 非都市編定：,10000,948,持分移轉,04400000
WPQNMLOKIIPFFAZ87DA,清水段,25.32,非都市： ; 非都市編定：,10000,948,持分移轉,04400000
WPQNMLOKIIPFFAZ87DA,清水段,25.32,非都市： ; 非都市編定：,10000,948,持分移轉,04400000
RPPNMLKMRHPFFAZ87DA,介壽段,14.54,都市：住,16,2,持分移轉,06840000
RPPNMLRKLHGGFAZ96DA,介壽段,14.54,非都市： ; 非都市編定：,16,2,持分移轉,06840000
UPQNMLOKIIPFFAZ67DA,清水段,28.10,都市：住,10000,1052,持分移轉,04400000
UPQNMLOKIIPFFAZ67DA,清水段,28.10,非都市： ; 非都市編定：,10000,1052,持分移轉,04400000
UPQNMLOKIIPFFAZ67DA,清水段,28.10,非都市： ; 非都市編定：,10000,1052,持分移轉,04400000
UPQNMLOKIIPFFAZ67DA,清水段,28.10,非都市： ; 非都市編定：,10000,1052,持分移轉,04400000
UPQNMLOKIIPFFAZ67DA,清水段,28.10,非都市： ; 非都市編定：,10000,1052,持分移轉,04400000
UPQNMLOKIIPFFAZ67DA,清水段,28.10,非都市： ; 非都市編定：,10000,1052,持分移轉,04400000
UPQNMLOKIIPFFAZ67DA,清水段,28.10,非都市： ; 非都市編定：,10000,1052,持分移轉,04400000
UPQNMLOKIIPFFAZ67DA,清水段,28.10,非都市： ; 非都市編定：,10000,1052,持分移轉,04400000
UPQNMLOKIIPFFAZ67DA,清水段,28.10,非都市： ; 非都市編定：,10000,1052,持分移轉,04400000
XPQNMLOKIIPFFAZ97DA,清水段,25.32,都市：住,10000,948,持分移轉,04400000
XPQNMLOKIIPFFAZ97DA,清水段,25.32,非都市： ; 非都市編定：,10000,948,持分移轉,04400000
XPQNMLOKIIPFFAZ97DA,清水段,25.32,非都市： ; 非都市編定：,10000,948,持分移轉,04400000
XPQNMLOKIIPFFAZ97DA,清水段,25.32,非都市： ; 非都市編定：,10000,948,持分移轉,04400000
XPQNMLOKIIPFFAZ97DA,清水段,25.32,非都市： ; 非都市編定：,10000,948,持分移轉,04400000
XPQNMLOKIIPFFAZ97DA,清水段,25.32,非都市： ; 非都市編定：,10000,948,持分移轉,04400000
XPQNMLOKIIPFFAZ97DA,清水段,25.32,非都市： ; 非都市編定：,10000,948,持分移轉,04400000
XPQNMLOKIIPFFAZ97DA,清水段,25.32,非都市： ; 非都市編定：,10000,948,持分移轉,04400000
XPQNMLOKIIPFFAZ97DA,清水段,25.32,非都市： ; 非都市編定：,10000,948,持分移轉,04400000
SPQNMLOKIIPFFAZ47DA,清水段,14.05,都市：住,10000,526,持分移轉,04400000
SPQNMLOKIIPFFAZ47DA,清水段,14.05,非都市： ; 非都市編定：,10000,526,持分移轉,04400000
SPQNMLOKIIPFFAZ47DA,清水段,14.05,非都市： ; 非都市編定：,10000,526,持分移轉,04400000
SPQNMLOKIIPFFAZ47DA,清水段,14.05,非都市： ; 非都市編定：,10000,526,持分移轉,04400000
SPQNMLOKIIPFFAZ47DA,清水段,14.05,非都市： ; 非都市編定：,10000,526,持分移轉,04400000
SPQNMLOKIIPFFAZ47DA,清水段,14.05,非都市： ; 非都市編定：,10000,526,持分移轉,04400000
SPQNMLOKIIPFFAZ47DA,清水段,14.05,非都市： ; 非都市編定：,10000,526,持分移轉,04400000
SPQNMLOKIIPFFAZ47DA,清水段,14.05,非都市： ; 非都市編定：,10000,526,持分移轉,04400000
SPQNMLOKIIPFFAZ47DA,清水段,14.05,非都市： ; 非都市編定：,10000,526,持分移轉,04400000
SPQNMLOKIIPFFAZ47DA,清水段,14.05,非都市： ; 非都市編定：,10000,526,持分移轉,04400000
SPQNMLOKIIPFFAZ47DA,清水段,14.05,非都市： ; 非都市編定：,10000,526,持分移轉,04400000
SPQNMLOKIIPFFAZ47DA,清水段,14.05,非都市： ; 非都市編定：,10000,526,持分移轉,04400000
SPQNMLOKIIPFFAZ47DA,清水段,14.05,非都市： ; 非都市編定：,10000,526,持分移轉,04400000
SPQNMLOKIIPFFAZ47DA,清水段,14.05,非都市： ; 非都市編定：,10000,526,持分移轉,04400000
SPQNMLOKIIPFFAZ47DA,清水段,14.05,非都市： ; 非都市編定：,10000,526,持分移轉,04400000
SPQNMLOKIIPFFAZ47DA,清水段,14.05,非都市： ; 非都市編定：,10000,526,持分移轉,04400000
SPQNMLOKIIPFFAZ47DA,清水段,14.05,非都市： ; 非都市編定：,10000,526,持分移轉,04400000
SPQNMLOKIIPFFAZ47DA,清水段,14.05,非都市： ; 非都市編定：,10000,526,持分移轉,04400000
RPSNMLOKIIPFFAZ57DA,清水段,28.10,都市：住,10000,1052,持分移轉,04400000
VPQNMLOKIIPFFAZ77DA,清水段,25.32,都市：住,10000,948,持分移轉,04400000
VPQNMLOKIIPFFAZ77DA,清水段,25.32,非都市： ; 非都市編定：,10000,948,持分移轉,04400000
VPQNMLOKIIPFFAZ77DA,清水段,25.32,非都市： ; 非都市編定：,10000,948,持分移轉,04400000
VPQNMLOKIIPFFAZ77DA,清水段,25.32,非都市： ; 非都市編定：,10000,948,持分移轉,04400000
VPQNMLOKIIPFFAZ77DA,清水段,25.32,非都市： ; 非都市編定：,10000,948,持分移轉,04400000
VPQNMLOKIIPFFAZ77DA,清水段,25.32,非都市： ; 非都市編定：,10000,948,持分移轉,04400000
VPQNMLOKIIPFFAZ77DA,清水段,25.32,非都市： ; 非都市編定：,10000,948,持分移轉,04400000
VPQNMLOKIIPFFAZ77DA,清水段,25.32,非都市： ; 非都市編定：,10000,948,持分移轉,04400000
VPQNMLOKIIPFFAZ77DA,清水段,25.32,非都市： ; 非都市編定：,10000,948,持分移轉,04400000
RPUNMLOKIIPFFAZ77DA,清水段,28.10,都市：住,10000,1052,持分移轉,04400000
RPTNMLOKIIPFFAZ67DA,清水段,28.10,都市：住,10000,1052,持分移轉,04400000
YPQNMLOKIIPFFAZ08DA,清水段,25.32,都市：住,10000,948,持分移轉,04400000
YPQNMLOKIIPFFAZ08DA,清水段,25.32,非都市： ; 非都市編定：,10000,948,持分移轉,04400000
YPQNMLOKIIPFFAZ08DA,清水段,25.32,非都市： ; 非都市編定：,10000,948,持分移轉,04400000
YPQNMLOKIIPFFAZ08DA,清水段,25.32,非都市： ; 非都市編定：,10000,948,持分移轉,04400000
YPQNMLOKIIPFFAZ08DA,清水段,25.32,非都市： ; 非都市編定：,10000,948,持分移轉,04400000
YPQNMLOKIIPFFAZ08DA,清水段,25.32,非都市： ; 非都市編定：,10000,948,持分移轉,04400000
YPQNMLOKIIPFFAZ08DA,清水段,25.32,非都市： ; 非都市編定：,10000,948,持分移轉,04400000
YPQNMLOKIIPFFAZ08DA,清水段,25.32,非都市： ; 非都市編定：,10000,948,持分移轉,04400000
YPQNMLOKIIPFFAZ08DA,清水段,25.32,非都市： ; 非都市編定：,10000,948,持分移轉,04400000
RPRNMLOKIIPFFAZ47DA,清水段,28.10,都市：住,10000,1052,持分移轉,04400000
RPVNMLOKIIPFFAZ87DA,清水段,25.32,都市：住,10000,948,持分移轉,04400000
RPWNMLOKIIPFFAZ97DA,清水段,25.32,都市：住,10000,948,持分移轉,04400000
RPXNMLOKIIPFFAZ08DA,清水段,25.32,都市：住,10000,948,持分移轉,04400000
RPOOMLOKIIPFFAZ27DA,清水段,25.32,都市：住,10000,948,持分移轉,04400000
RPQNMLPKIIPFFAZ47DA,津沙段,59.47,都市：其他:,1,1,全筆移轉,04230000
RPPNMLSLIIPFFAZ77DA,福沃段,2691.10,都市：農,1,1,全筆移轉,00210000
RPPNMLSLIIPFFAZ77DA,福沃段,27.20,非都市： ; 非都市編定：,1,1,全筆移轉,00420000
RPPNMLSLIIPFFAZ77DA,福沃段,650.37,非都市： ; 非都市編定：,1,1,全筆移轉,01270000
RPRNMLPKIIPFFAZ57DA,津沙段,71.42,都市：其他:,1,1,全筆移轉,04220000
RPPNMLOLJIPFFAZ47DA,馬祖段,131.98,非都市： ; 非都市編定：,1,1,全筆移轉,02160000
RPPNMLPJJIPFFAZ37DA,復興段,113.68,都市：住,2,1,持分移轉,05630000
RPPNMLTJJIPFFAZ77DA,介壽段,106.74,都市：農,1,1,全筆移轉,11530000
RPPNMLKKJIPFFAZ96DA,馬祖段,121.90,都市：其他:,1,1,全筆移轉,00230000
SPQNMLKKJIPFFAZ17DA,?里段,173.12,都市：其他:,1,1,全筆移轉,01150000
SPQNMLKKJIPFFAZ17DA,福正段,970.65,都市：其他:,1,1,全筆移轉,07660000
RPQNMLRLJIPFFAZ87DA,福沃段,34.71,非都市： ; 非都市編定：,1,1,全筆移轉,04060001
RPQNMLKKJIPFFAZ07DA,?里段,173.12,都市：其他:,1,1,全筆移轉,01150000
RPQNMLKKJIPFFAZ07DA,福正段,970.65,都市：其他:,1,1,全筆移轉,07660000
RPPNMLRLJIPFFAZ77DA,仁愛段,40.00,非都市： ; 非都市編定：,1,1,全筆移轉,05390000
RPRNMLRLJIPFFAZ97DA,介壽段,287.18,非都市： ; 非都市編定：,1,1,全筆移轉,08810000
RPPNMLRJKIPFFAZ67DA,仁愛段,52.87,非都市： ; 非都市編定：,1,1,全筆移轉,04840000
RPQNMLRJKIPFFAZ77DA,仁愛段,51.77,非都市： ; 非都市編定：,1,1,全筆移轉,04840001
