﻿鄉鎮市區,交易標的,土地位置建物門牌,土地移轉總面積平方公尺,都市土地使用分區,非都市土地使用分區,非都市土地使用編定,交易年月日,交易筆棟數,移轉層次,總樓層數,建物型態,主要用途,主要建材,建築完成年月,建物移轉總面積平方公尺,建物現況格局-房,建物現況格局-廳,建物現況格局-衛,建物現況格局-隔間,有無管理組織,總價元,單價元平方公尺,車位類別,車位移轉總面積平方公尺,車位總價元,備註,編號
The villages and towns urban district,transaction sign,land sector position building sector house number plate,land shifting total area square meter,the use zoning or compiles and checks,the non-metropolis land use district,non-metropolis land use,transaction year month and day,transaction pen number,shifting level,total floor number,building state,main use,main building materials,construction to complete the years,building shifting total area,Building present situation pattern - room,building present situation pattern - hall,building present situation pattern - health,building present situation pattern - compartmented,Whether there is manages the organization,total price NTD,the unit price (NTD / square meter),the berth category,berth shifting total area square meter,the berth total price NTD,the note,serial number
萬華區,房地(土地+建物)+車位,臺北市萬華區福星段二小段0618-0000號等十筆A7-17F,9.09,商,,,1070411,土地1建物1車位1,十七層,23,住宅大樓(11層含以上有電梯),住家用,鋼骨混凝土造,,129.47,2,2,1,有,無,24800000,201164,坡道機械,12.65,1300000,,RPWOMLMKJINFFBA97CB
松山區,房地(土地+建物)+車位,臺北市松山區寶清街103巷A4-11F,17.48,住,,,1050917,土地1建物1車位1,十一層,13,住宅大樓(11層含以上有電梯),住家用,鋼筋混凝土造,,132.51,2,1,2,有,無,28980000,252620,坡道平面,29.47,2950000,,RPRPMLPKJINFFDA08CB
松山區,房地(土地+建物)+車位,臺北市松山區寶清街103巷B2-2F,27.89,住,,,1051022,土地1建物1車位2,二層,13,住宅大樓(11層含以上有電梯),住家用,鋼筋混凝土造,,221.14,4,1,2,有,無,43000000,224959,坡道平面,55.11,5650000,,RPTPMLPKJINFFDA28CB
大同區,房地(土地+建物)+車位,臺北市大同區延平北路一段139號11樓,11.43,商,,,1070526,土地1建物1車位1,十一層,12,住宅大樓(11層含以上有電梯),住家用,鋼筋混凝土造,,141.19,2,1,2,有,無,24000000,219476,升降平面,40.04,1800000,,RPSNMLQJKINFFBA97DB
大同區,房地(土地+建物),臺北市大同區重慶北路二段150號12樓之1,9.02,商,,,1070211,土地1建物1車位0,十二層,14,住宅大樓(11層含以上有電梯),住家用,鋼筋混凝土造,,90.27,2,2,1,有,無,21000000,232635,,0.0,0,,RPPNMLTJKINFFBA97DB
大同區,房地(土地+建物)+車位,臺北市大同區重慶北路二段150號 5樓,18.84,商,,,1070211,土地1建物1車位1,五層,14,住宅大樓(11層含以上有電梯),住家用,鋼筋混凝土造,,218.68,4,2,2,有,無,38880000,207978,坡道平面,45.2,2800000,,RPQNMLTJKINFFBA08DB
大同區,房地(土地+建物)+車位,臺北市大同區重慶北路二段150號 13樓,18.84,商,,,1061219,土地1建物1車位1,十三層,14,住宅大樓(11層含以上有電梯),住家用,鋼筋混凝土造,,218.52,4,2,2,有,無,41980000,225479,坡道平面,45.2,2900000,,RPRNMLTJKINFFBA18DB
大同區,房地(土地+建物)+車位,臺北市大同區重慶北路二段150號 10樓,18.84,商,,,1061014,土地1建物1車位1,十層,14,住宅大樓(11層含以上有電梯),住家用,鋼筋混凝土造,,218.68,4,2,2,有,無,40500000,219045,坡道平面,45.2,2500000,,RPWNMLKKKINFFBA87DB
大同區,房地(土地+建物)+車位,臺北市大同區重慶北路二段150號 14樓之1,9.82,商,,,1070624,土地1建物1車位1,十四層,14,住宅大樓(11層含以上有電梯),住家用,鋼筋混凝土造,,135.47,2,2,1,有,無,23980000,241830,坡道平面,45.2,2150000,,RPPOMLKKKINFFBA27DB
大同區,房地(土地+建物),臺北市大同區重慶北路二段150號 9樓之1,4.91,商,,,1061102,土地1建物1車位0,九層,14,住宅大樓(11層含以上有電梯),住家用,鋼筋混凝土造,,49.42,1,1,1,有,無,10920000,220963,,0.0,0,,RPROMLKKKINFFBA47DB
大同區,房地(土地+建物),臺北市大同區重慶北路二段150號 12樓之2,9.02,商,,,1070118,土地1建物1車位0,十二層,14,住宅大樓(11層含以上有電梯),住家用,鋼筋混凝土造,,90.27,2,2,1,有,無,20500000,227096,,0.0,0,,RPSOMLKKKINFFBA57DB
大同區,房地(土地+建物),臺北市大同區重慶北路二段150號 2樓之1,9.02,商,,,1061029,土地1建物1車位0,二層,14,住宅大樓(11層含以上有電梯),住家用,鋼筋混凝土造,,90.26,2,2,1,有,無,19500000,216043,,0.0,0,,RPVOMLKKKINFFBA87DB
大同區,房地(土地+建物)+車位,臺北市大同區重慶北路二段150號 11樓之1,9.82,商,,,1061110,土地1建物1車位1,十一層,14,住宅大樓(11層含以上有電梯),住家用,鋼筋混凝土造,,135.47,2,2,1,有,無,22430000,220782,坡道平面,45.2,2500000,,RPXOMLKKKINFFBA08DB
大同區,房地(土地+建物),臺北市大同區重慶北路二段150號 13樓之1,9.02,商,,,1070304,土地1建物1車位0,十三層,14,住宅大樓(11層含以上有電梯),住家用,鋼筋混凝土造,,90.27,2,2,1,有,無,20500000,227096,,0.0,0,,RPQPMLKKKINFFBA47DB
大同區,房地(土地+建物)+車位,臺北市大同區重慶北路二段150號 11樓之2,9.82,商,,,1061027,土地1建物1車位1,十一層,14,住宅大樓(11層含以上有電梯),住家用,鋼筋混凝土造,,135.47,2,2,1,有,無,22780000,226875,坡道平面,45.2,2300000,,RPVPMLKKKINFFBA97DB
大同區,房地(土地+建物),臺北市大同區重慶北路二段150號 13樓之2,9.02,商,,,1070210,土地1建物1車位0,十三層,14,住宅大樓(11層含以上有電梯),住家用,鋼筋混凝土造,,90.27,2,2,1,有,無,20880000,231306,,0.0,0,,RPWPMLKKKINFFBA08DB
大同區,房地(土地+建物)+車位,臺北市大同區重慶北路二段150號 14樓之2,9.82,商,,,1070905,土地1建物1車位1,十四層,14,住宅大樓(11層含以上有電梯),住家用,鋼筋混凝土造,,135.47,2,2,1,有,無,23500000,238174,坡道平面,45.2,2000000,,RPOQMLKKKINFFBA37DB
大同區,房地(土地+建物)+車位,臺北市大同區重慶北路二段150號 5樓之3,18.84,商,,,1070425,土地1建物1車位1,五層,14,住宅大樓(11層含以上有電梯),住家用,鋼筋混凝土造,,218.62,4,2,2,有,無,38200000,207012,坡道平面,45.2,2300000,,RPWOMLLKKINFFBA08DB
大同區,房地(土地+建物)+車位,臺北市大同區重慶北路二段150號 9樓之3,18.84,商,,,1070415,土地1建物1車位1,九層,14,住宅大樓(11層含以上有電梯),住家用,鋼筋混凝土造,,218.63,4,2,2,有,無,39850000,214784,坡道平面,45.2,2600000,,RPPPMLLKKINFFBA47DB
大同區,房地(土地+建物)+車位,臺北市大同區延平北路一段139號8樓,11.43,商,,,1070518,土地1建物1車位1,八層,12,住宅大樓(11層含以上有電梯),住家用,鋼筋混凝土造,,141.19,2,1,2,有,無,23530000,214829,升降平面,40.04,1800000,,RPTPMLLKKINFFBA87DB
大同區,房地(土地+建物)+車位,臺北市大同區延平北路一段139號11樓之1,11.24,商,,,1070109,土地1建物1車位1,十一層,12,住宅大樓(11層含以上有電梯),住家用,鋼筋混凝土造,,139.71,2,1,2,有,無,24650000,227250,升降平面,40.04,2000000,,RPRQMLLKKINFFBA77DB
大同區,房地(土地+建物),臺北市大同區延平北路一段139號2樓之2,7.94,商,,,1061224,土地1建物1車位0,二層,12,住宅大樓(11層含以上有電梯),住家用,鋼筋混凝土造,,70.91,2,1,1,有,無,15400000,217177,,0.0,0,,RPUQMLLKKINFFBA08DB
大同區,房地(土地+建物),臺北市大同區延平北路一段139號5樓之2,8.86,商,,,1070129,土地1建物1車位0,五層,12,住宅大樓(11層含以上有電梯),住家用,鋼筋混凝土造,,82.3,2,1,1,有,無,17000000,206561,,0.0,0,,RPVQMLLKKINFFBA18DB
大安區,房地(土地+建物)+車位,臺北市大安區和平東路一段188巷1號3樓之1,14.64,商,,,1060727,土地2建物1車位1,三層,10,華廈(10層含以下有電梯),住家用,鋼筋混凝土造,,106.54,1,1,1,有,無,24850000,347840,坡道平面,43.58,2950000,,RPQOMLLKKINFFFA77CB
大安區,房地(土地+建物),臺北市大安區和平東路一段188巷1號4樓之1,10.67,商,,,1061020,土地2建物1車位0,四層,10,華廈(10層含以下有電梯),住家用,鋼筋混凝土造,,62.96,1,1,1,有,無,22150000,351811,,0.0,0,,RPROMLLKKINFFFA87CB
大安區,房地(土地+建物)+車位,臺北市大安區和平東路一段188巷1號5樓之1,14.32,商,,,1060502,土地2建物1車位1,五層,10,華廈(10層含以下有電梯),住家用,鋼筋混凝土造,,106.54,1,1,1,有,無,26140000,369123,坡道平面,43.58,2900000,,RPSOMLLKKINFFFA97CB
大安區,房地(土地+建物)+車位,臺北市大安區和平東路一段188巷1號3樓之2,30.87,商,,,1070418,土地2建物1車位1,三層,10,華廈(10層含以下有電梯),住家用,鋼筋混凝土造,,203.6,3,2,2,有,無,60000000,357455,坡道平面,43.58,2800000,,RPTOMLLKKINFFFA08CB
大安區,房地(土地+建物)+車位,臺北市大安區和平東路一段188巷1號4樓之2,30.87,商,,,1070505,土地2建物1車位1,四層,10,華廈(10層含以下有電梯),住家用,鋼筋混凝土造,,203.6,3,2,2,有,無,58580000,347957,坡道平面,43.58,2900000,,RPUOMLLKKINFFFA18CB
大同區,房地(土地+建物),臺北市大同區延平北路一段139號7樓之2,8.86,商,,,1070606,土地1建物1車位0,七層,12,住宅大樓(11層含以上有電梯),住家用,鋼筋混凝土造,,82.3,2,1,1,有,無,18000000,218712,,0.0,0,,RPRNMLMKKINFFBA57DB
大同區,房地(土地+建物)+車位,臺北市大同區延平北路一段139號8樓之2,9.35,商,,,1070826,土地1建物1車位1,八層,12,住宅大樓(11層含以上有電梯),住家用,鋼筋混凝土造,,122.34,2,1,1,有,無,19400000,212637,升降平面,40.04,1900000,,RPSNMLMKKINFFBA67DB
大同區,房地(土地+建物),臺北市大同區延平北路一段139號9樓之2,8.86,商,,,1070606,土地1建物1車位0,九層,12,住宅大樓(11層含以上有電梯),住家用,鋼筋混凝土造,,82.3,2,1,1,有,無,18380000,223329,,0.0,0,,RPPOMLMKKINFFBA47DB
大同區,房地(土地+建物),臺北市大同區延平北路一段139號7樓之3,9.4,商,,,1070402,土地1建物1車位0,七層,12,住宅大樓(11層含以上有電梯),住家用,鋼筋混凝土造,,86.99,2,1,1,有,無,19000000,218416,,0.0,0,,RPPPMLMKKINFFBA57DB
大同區,房地(土地+建物),臺北市大同區延平北路一段139號8樓之3,9.4,商,,,1070724,土地1建物1車位0,八層,12,住宅大樓(11層含以上有電梯),住家用,鋼筋混凝土造,,86.99,2,1,1,有,無,19200000,220715,,0.0,0,,RPTNMLNKKINFFBA87DB
大同區,房地(土地+建物)+車位,臺北市大同區延平北路一段139號10樓之3,9.88,商,,,1070617,土地1建物1車位1,十層,12,住宅大樓(11層含以上有電梯),住家用,鋼筋混凝土造,,127.03,2,1,1,有,無,21000000,223014,升降平面,40.04,1600000,,RPUNMLNKKINFFBA97DB
大同區,房地(土地+建物),臺北市大同區延平北路一段139號9樓之3,9.4,商,,,1061022,土地1建物1車位0,九層,12,住宅大樓(11層含以上有電梯),住家用,鋼筋混凝土造,,86.99,2,1,1,有,無,19100000,219565,,0.0,0,,RPVNMLNKKINFFBA08DB
大同區,房地(土地+建物)+車位,臺北市大同區重慶北路二段150號 10樓之3,18.84,商,,,1070303,土地1建物1車位1,十層,14,住宅大樓(11層含以上有電梯),住家用,鋼筋混凝土造,,218.62,4,2,2,有,無,41080000,219583,坡道平面,45.2,3000000,,RPQNMLQKKINFFBA87DB
大同區,房地(土地+建物)+車位,臺北市大同區重慶北路三段40號旁,11.38,商,,,1070414,土地1建物1車位1,十二層,14,住宅大樓(11層含以上有電梯),住家用,鋼筋混凝土造,,130.39,2,2,1,有,無,23600000,234208,坡道平面,41.58,2800000,,RPPNMLKMKINFFBA37DB
大同區,車位,臺北市大同區重慶北路三段40號旁,0.09,商,,,1070807,土地0建物0車位1,,14,其他,停車空間,鋼筋混凝土造,,41.58,0,0,0,有,無,2800000,,坡道平面,41.58,2800000,,RPQNMLKMKINFFBA47DB
大同區,房地(土地+建物)+車位,臺北市大同區重慶北路三段40號旁,20.69,商,,,1070414,土地1建物1車位1,十層,14,住宅大樓(11層含以上有電梯),住家用,鋼筋混凝土造,,203.45,3,2,2,有,無,38260000,219065,坡道平面,41.58,2800000,,RPRNMLKMKINFFBA57DB
大同區,房地(土地+建物)+車位,臺北市大同區重慶北路三段40號旁,20.69,商,,,1070414,土地1建物1車位1,十三層,14,住宅大樓(11層含以上有電梯),住家用,鋼筋混凝土造,,203.45,3,2,2,有,無,40320000,229320,坡道平面,41.58,3200000,,RPSNMLKMKINFFBA67DB
大同區,房地(土地+建物)+車位,臺北市大同區重慶北路三段40號旁,20.69,商,,,1070414,土地1建物1車位1,十一層,14,住宅大樓(11層含以上有電梯),住家用,鋼筋混凝土造,,203.45,3,2,2,有,無,39230000,226293,坡道平面,41.58,2600000,,RPPNMLLMKINFFBA47DB
大同區,房地(土地+建物)+車位,臺北市大同區重慶北路三段40號旁,11.38,商,,,1070420,土地1建物1車位1,十三層,14,住宅大樓(11層含以上有電梯),住家用,鋼筋混凝土造,,130.39,2,2,1,有,無,23520000,235559,坡道平面,41.58,2600000,,RPSNMLLJJHOFFBA37DB
大同區,房地(土地+建物)+車位,臺北市大同區重慶北路三段40號旁,20.69,商,,,1070418,土地1建物1車位1,十一層,14,住宅大樓(11層含以上有電梯),住家用,鋼筋混凝土造,,203.45,3,2,2,有,無,39500000,227961,坡道平面,41.58,2600000,,RPTNMLLJJHOFFBA47DB
大同區,房地(土地+建物)+車位,臺北市大同區重慶北路三段40號旁,11.38,商,,,1070424,土地1建物1車位1,十三層,14,住宅大樓(11層含以上有電梯),住家用,鋼筋混凝土造,,130.39,2,2,1,有,無,23290000,232969,坡道平面,41.58,2600000,,RPVOMLMJJHOFFBA87DB
大同區,房地(土地+建物)+車位,臺北市大同區重慶北路三段40號旁,11.38,商,,,1070419,土地1建物1車位1,十四層,14,住宅大樓(11層含以上有電梯),住家用,鋼筋混凝土造,,130.39,2,2,1,有,無,23600000,236460,坡道平面,41.58,2600000,,RPOPMLMJJHOFFBA27DB
大同區,房地(土地+建物)+車位,臺北市大同區重慶北路三段40號旁,20.69,商,,,1070430,土地1建物1車位1,十四層,14,住宅大樓(11層含以上有電梯),住家用,鋼筋混凝土造,,203.45,3,2,2,有,無,40370000,229629,坡道平面,41.58,3200000,,RPQPMLMJJHOFFBA47DB
大同區,房地(土地+建物)+車位,臺北市大同區重慶北路三段40號旁,11.38,商,,,1070430,土地1建物1車位1,十四層,14,住宅大樓(11層含以上有電梯),住家用,鋼筋混凝土造,,130.39,2,2,1,有,無,23680000,237361,坡道平面,41.58,2600000,,RPRPMLMJJHOFFBA57DB
大同區,房地(土地+建物)+車位,臺北市大同區重慶北路三段40號旁,20.69,商,,,1070509,土地1建物1車位1,十四層,14,住宅大樓(11層含以上有電梯),住家用,鋼筋混凝土造,,203.45,3,2,2,有,無,40330000,230617,坡道平面,41.58,3000000,,RPQNMLPJJHOFFBA57DB
大同區,房地(土地+建物)+車位,臺北市大同區重慶北路三段40號旁,11.38,商,,,1070522,土地1建物1車位1,十一層,14,住宅大樓(11層含以上有電梯),住家用,鋼筋混凝土造,,130.39,2,2,2,有,無,23100000,230830,坡道平面,41.58,2600000,,RPQNMLQJJHOFFBA67DB
大同區,房地(土地+建物)+車位,臺北市大同區重慶北路三段40號旁,11.38,商,,,1070529,土地1建物1車位1,十層,14,住宅大樓(11層含以上有電梯),住家用,鋼筋混凝土造,,130.39,2,2,2,有,無,22850000,228015,坡道平面,41.58,2600000,,RPRNMLQJJHOFFBA77DB
大同區,房地(土地+建物)+車位,臺北市大同區重慶北路三段40號旁,20.69,商,,,1070616,土地1建物1車位1,十二層,14,住宅大樓(11層含以上有電梯),住家用,鋼筋混凝土造,,203.45,3,2,2,有,無,39700000,225490,坡道平面,41.58,3200000,,RPSNMLQJJHOFFBA87DB
大同區,房地(土地+建物)+車位,臺北市大同區重慶北路三段40號旁,20.69,商,,,1070621,土地1建物1車位1,七層,14,住宅大樓(11層含以上有電梯),住家用,鋼筋混凝土造,,230.45,3,2,2,有,無,38300000,187960,坡道平面,41.58,2800000,,RPTNMLQJJHOFFBA97DB
大同區,房地(土地+建物)+車位,臺北市大同區重慶北路三段40號旁,11.38,商,,,1070625,土地1建物1車位1,五層,14,住宅大樓(11層含以上有電梯),住家用,鋼筋混凝土造,,130.39,2,2,1,有,無,22480000,219345,坡道平面,41.58,3000000,,RPUNMLQJJHOFFBA08DB
大同區,房地(土地+建物)+車位,臺北市大同區重慶北路三段40號旁,20.69,商,,,1070628,土地1建物1車位1,九層,14,住宅大樓(11層含以上有電梯),住家用,鋼筋混凝土造,,203.45,3,2,2,有,無,38700000,221783,坡道平面,41.58,2800000,,RPVNMLQJJHOFFBA18DB
大同區,房地(土地+建物)+車位,臺北市大同區重慶北路三段40號旁,11.38,商,,,1070701,土地1建物1車位1,七層,14,住宅大樓(11層含以上有電梯),住家用,鋼筋混凝土造,,130.39,2,2,1,有,無,22800000,225200,坡道平面,41.58,2800000,,RPWNMLQJJHOFFBA28DB
大同區,房地(土地+建物)+車位,臺北市大同區重慶北路三段40號旁,20.69,商,,,1070708,土地1建物1車位1,四層,14,住宅大樓(11層含以上有電梯),住家用,鋼筋混凝土造,,203.45,3,2,2,有,無,35250000,201705,坡道平面,41.58,2600000,,RPXNMLQJJHOFFBA38DB
大同區,房地(土地+建物)+車位,臺北市大同區重慶北路三段40號旁,20.69,商,,,1070806,土地1建物1車位1,四層,14,住宅大樓(11層含以上有電梯),住家用,鋼筋混凝土造,,203.45,3,2,2,有,無,35000000,200161,坡道平面,41.58,2600000,,RPOOMLQJJHOFFBA57DB
文山區,房地(土地+建物)+車位,臺北市文山區木柵段三小段125地號等3筆,8.13,商,,,1070514,土地3建物1車位1,四層,29,住宅大樓(11層含以上有電梯),住家用,鋼骨鋼筋混凝土造,,99.91,2,1,1,有,無,15350000,173961,升降機械,18.57,1200000,,RPVNMLRJJHOFFAA08CB
文山區,房地(土地+建物)+車位,臺北市文山區木柵段三小段125地號等3筆,14.76,商,,,1070415,土地3建物1車位1,五層,29,住宅大樓(11層含以上有電梯),住家用,鋼骨鋼筋混凝土造,,184.83,3,2,2,有,無,28600000,179430,坡道機械,37.14,2100000,,RPWNMLRJJHOFFAA18CB
文山區,房地(土地+建物)+車位,臺北市文山區木柵段三小段125地號等3筆,14.76,商,,,1070414,土地3建物1車位1,四層,29,住宅大樓(11層含以上有電梯),住家用,鋼骨鋼筋混凝土造,,184.87,3,2,2,有,無,28000000,172612,坡道平面,37.14,2500000,,RPXNMLRJJHOFFAA28CB
文山區,房地(土地+建物)+車位,臺北市文山區木柵段三小段125地號等3筆,8.13,商,,,1061206,土地3建物1車位1,六層,29,住宅大樓(11層含以上有電梯),,鋼骨鋼筋混凝土造,,99.91,2,1,1,有,無,16630000,187239,坡道機械,18.57,1400000,,RPOOMLRJJHOFFAA47CB
文山區,房地(土地+建物),臺北市文山區木柵段三小段125地號等3筆,7.98,商,,,1070317,土地3建物1車位0,五層,29,住宅大樓(11層含以上有電梯),住家用,鋼骨鋼筋混凝土造,,81.34,2,1,1,有,無,14800000,181952,,0.0,0,,RPPOMLRJJHOFFAA57CB
文山區,房地(土地+建物)+車位,臺北市文山區木柵段三小段125地號等3筆,8.92,商,,,1070317,土地3建物1車位1,七層,29,住宅大樓(11層含以上有電梯),住家用,鋼骨鋼筋混凝土造,,99.91,2,1,1,有,無,16050000,180108,升降機械,18.57,1400000,,RPQOMLRJJHOFFAA67CB
文山區,房地(土地+建物),臺北市文山區木柵段三小段125地號等3筆,7.98,商,,,1070102,土地3建物1車位0,九層,29,住宅大樓(11層含以上有電梯),住家用,鋼骨鋼筋混凝土造,,81.34,2,1,1,有,無,15550000,191173,,0.0,0,,RPROMLRJJHOFFAA77CB
文山區,房地(土地+建物)+車位,臺北市文山區木柵段三小段125地號等3筆,8.55,商,,,1070429,土地3建物1車位1,五層,29,住宅大樓(11層含以上有電梯),住家用,鋼骨鋼筋混凝土造,,104.25,2,1,1,有,無,16600000,177404,坡道機械,18.57,1400000,,RPUOMLRJJHOFFAA08CB
文山區,房地(土地+建物)+車位,臺北市文山區木柵段三小段125地號等3筆,8.55,商,,,1070331,土地3建物1車位1,七層,29,住宅大樓(11層含以上有電梯),住家用,鋼骨鋼筋混凝土造,,104.25,2,1,1,有,無,17000000,182073,坡道機械,18.57,1400000,,RPVOMLRJJHOFFAA18CB
文山區,房地(土地+建物)+車位,臺北市文山區木柵段三小段125地號等3筆,8.55,商,,,1061008,土地3建物1車位1,八層,29,住宅大樓(11層含以上有電梯),住家用,鋼骨鋼筋混凝土造,,104.25,2,1,1,有,無,17810000,192694,坡道機械,18.57,1300000,,RPWOMLRJJHOFFAA28CB
文山區,房地(土地+建物)+車位,臺北市文山區木柵段三小段125地號等3筆,8.55,商,,,1061008,土地3建物1車位1,九層,29,住宅大樓(11層含以上有電梯),住家用,鋼骨鋼筋混凝土造,,104.25,2,1,1,有,無,17870000,193394,坡道機械,18.57,1300000,,RPXOMLRJJHOFFAA38CB
文山區,房地(土地+建物)+車位,臺北市文山區木柵段三小段125地號等3筆,12.85,商,,,1070309,土地3建物1車位1,六層,29,住宅大樓(11層含以上有電梯),住家用,鋼骨鋼筋混凝土造,,165.32,3,2,2,有,無,25200000,180215,坡道機械,37.14,2100000,,RPOPMLRJJHOFFAA57CB
文山區,房地(土地+建物)+車位,臺北市文山區木柵段三小段125地號等3筆,12.85,商,,,1061119,土地3建物1車位1,九層,29,住宅大樓(11層含以上有電梯),住家用,鋼骨鋼筋混凝土造,,165.32,3,2,2,有,無,26730000,190591,坡道平面,37.14,2300000,,RPPPMLRJJHOFFAA67CB
文山區,房地(土地+建物)+車位,臺北市文山區木柵段三小段125地號等3筆,12.69,商,,,1070310,土地3建物1車位1,十一層,29,住宅大樓(11層含以上有電梯),住家用,鋼骨鋼筋混凝土造,,146.75,3,2,2,有,無,25200000,185676,坡道機械,18.57,1400000,,RPQPMLRJJHOFFAA77CB
文山區,房地(土地+建物)+車位,臺北市文山區木柵段三小段125地號等3筆,12.85,商,,,1070417,土地3建物1車位1,十三層,29,住宅大樓(11層含以上有電梯),,鋼骨鋼筋混凝土造,,165.32,3,2,2,有,無,27500000,195038,坡道平面,37.14,2500000,聯名,RPSPMLRJJHOFFAA97CB
文山區,房地(土地+建物)+車位,臺北市文山區木柵段三小段125地號等3筆,8.13,商,,,1061109,土地3建物1車位1,四層,29,住宅大樓(11層含以上有電梯),住家用,鋼骨鋼筋混凝土造,,99.91,2,1,1,有,無,16000000,179493,坡道機械,18.57,1400000,,RPTPMLRJJHOFFAA08CB
文山區,房地(土地+建物)+車位,臺北市文山區木柵段三小段125地號等3筆,8.13,商,,,1070303,土地3建物1車位1,五層,29,住宅大樓(11層含以上有電梯),住家用,鋼骨鋼筋混凝土造,,99.91,2,1,1,有,無,16000000,179493,坡道機械,18.57,1400000,,RPUPMLRJJHOFFAA18CB
文山區,房地(土地+建物),臺北市文山區木柵段三小段125地號等3筆,7.98,商,,,1061118,土地3建物1車位0,六層,29,住宅大樓(11層含以上有電梯),住家用,鋼骨鋼筋混凝土造,,81.34,2,1,1,有,無,15620000,192033,,0.0,0,,RPWPMLRJJHOFFAA38CB
文山區,房地(土地+建物)+車位,臺北市文山區木柵段三小段125地號等3筆,8.13,商,,,1070204,土地3建物1車位1,七層,29,住宅大樓(11層含以上有電梯),住家用,鋼骨鋼筋混凝土造,,99.91,2,1,1,有,無,15800000,181952,升降機械,18.57,1000000,,RPXPMLRJJHOFFAA48CB
文山區,房地(土地+建物),臺北市文山區木柵段三小段125地號等3筆,7.98,商,,,1061123,土地3建物1車位0,九層,29,住宅大樓(11層含以上有電梯),住家用,鋼骨鋼筋混凝土造,,81.34,2,1,1,有,無,15130000,186009,,0.0,0,,RPOQMLRJJHOFFAA67CB
文山區,房地(土地+建物)+車位,臺北市文山區木柵段三小段125地號等3筆,8.13,商,,,1070111,土地3建物1車位1,十層,29,住宅大樓(11層含以上有電梯),住家用,鋼骨鋼筋混凝土造,,99.91,2,1,1,有,無,16600000,186870,坡道機械,18.57,1400000,,RPPQMLRJJHOFFAA77CB
文山區,房地(土地+建物),臺北市文山區木柵段三小段125地號等3筆,7.98,商,,,1070116,土地3建物1車位0,十一層,29,住宅大樓(11層含以上有電梯),住家用,鋼骨鋼筋混凝土造,,81.34,2,1,1,有,無,15500000,190558,,0.0,0,,RPQQMLRJJHOFFAA87CB
文山區,房地(土地+建物),臺北市文山區木柵段三小段125地號等3筆,7.98,商,,,1070101,土地3建物1車位0,十三層,29,住宅大樓(11層含以上有電梯),住家用,鋼骨鋼筋混凝土造,,81.34,2,1,1,有,無,16000000,196705,,0.0,0,,RPRQMLRJJHOFFAA97CB
文山區,房地(土地+建物)+車位,臺北市文山區木柵段三小段125地號等3筆,8.55,商,,,1070407,土地3建物1車位1,五層,29,住宅大樓(11層含以上有電梯),,鋼骨鋼筋混凝土造,,104.25,2,1,1,有,無,15800000,168067,坡道機械,18.57,1400000,,RPSQMLRJJHOFFAA08CB
文山區,房地(土地+建物)+車位,臺北市文山區木柵段三小段125地號等3筆,12.75,商,,,1061104,土地3建物1車位1,六層,29,住宅大樓(11層含以上有電梯),住家用,鋼骨鋼筋混凝土造,,147.35,3,2,2,有,無,24000000,175493,坡道機械,18.57,1400000,,RPTQMLRJJHOFFAA18CB
文山區,房地(土地+建物),臺北市文山區木柵段三小段125地號等3筆,12.6,商,,,1070305,土地3建物1車位0,八層,29,住宅大樓(11層含以上有電梯),住家用,鋼骨鋼筋混凝土造,,128.78,3,2,2,有,無,22880000,177667,,0.0,0,聯名,RPUQMLRJJHOFFAA28CB
文山區,房地(土地+建物),臺北市文山區木柵段三小段125地號等3筆,11.08,商,,,1070331,土地3建物1車位0,六層,21,住宅大樓(11層含以上有電梯),住家用,鋼骨鋼筋混凝土造,,113.19,3,2,2,有,無,20200000,178461,,0.0,0,,RPVQMLRJJHOFFAA38CB
文山區,房地(土地+建物)+車位,臺北市文山區木柵段三小段125地號等3筆,11.14,商,,,1060926,土地3建物1車位1,七層,21,住宅大樓(11層含以上有電梯),住家用,鋼骨鋼筋混凝土造,,130.81,3,2,2,有,無,22300000,189772,升降機械,18.57,1000000,,RPWQMLRJJHOFFAA48CB
文山區,房地(土地+建物)+車位,臺北市文山區木柵段三小段125地號等3筆,12.85,商,,,1070311,土地3建物1車位1,十六層,21,住宅大樓(11層含以上有電梯),住家用,鋼骨鋼筋混凝土造,,165.28,3,2,2,有,無,29430000,210161,其他,37.14,2500000,,RPXQMLRJJHOFFAA58CB
文山區,房地(土地+建物)+車位,臺北市文山區木柵段三小段125地號等3筆,13.09,商,,,1070311,土地3建物1車位1,十九層,21,住宅大樓(11層含以上有電梯),住家用,鋼骨鋼筋混凝土造,,167.72,3,2,2,有,無,27750000,193368,其他,37.14,2500000,,RPORMLRJJHOFFAA77CB
文山區,房地(土地+建物)+車位,臺北市文山區木柵段三小段125地號等3筆,12.94,商,,,1061118,土地3建物1車位1,二十層,21,住宅大樓(11層含以上有電梯),住家用,鋼骨鋼筋混凝土造,,149.15,3,2,2,有,無,28000000,203707,坡道機械,18.57,1400000,,RPPRMLRJJHOFFAA87CB
文山區,房地(土地+建物)+車位,臺北市文山區木柵段三小段125地號等3筆,11.29,商,,,1070407,土地3建物1車位1,三層,21,住宅大樓(11層含以上有電梯),住家用,鋼骨鋼筋混凝土造,,149.49,3,2,2,有,無,22300000,178015,坡道平面,37.14,2300000,,RPQRMLRJJHOFFAA97CB
文山區,房地(土地+建物),臺北市文山區木柵段三小段125地號等3筆,11.02,商,,,1070408,土地3建物1車位0,七層,21,住宅大樓(11層含以上有電梯),住家用,鋼骨鋼筋混凝土造,,112.55,3,2,2,有,無,21000000,186584,,0.0,0,,RPRRMLRJJHOFFAA08CB
文山區,房地(土地+建物)+車位,臺北市文山區木柵段三小段125地號等3筆,11.32,商,,,1070328,土地3建物1車位1,八層,21,住宅大樓(11層含以上有電梯),住家用,鋼骨鋼筋混凝土造,,149.69,3,2,2,有,無,23100000,187472,坡道機械,37.14,2000000,,RPSRMLRJJHOFFAA18CB
文山區,房地(土地+建物)+車位,臺北市文山區木柵段三小段125地號等3筆,11.32,商,,,1070316,土地3建物1車位1,九層,21,住宅大樓(11層含以上有電梯),住家用,鋼骨鋼筋混凝土造,,149.69,3,2,2,有,無,23400000,185695,其他,37.14,2500000,,RPTRMLRJJHOFFAA28CB
文山區,房地(土地+建物)+車位,臺北市文山區木柵段三小段125地號等3筆,11.17,商,,,1070426,土地3建物1車位1,十層,21,住宅大樓(11層含以上有電梯),住家用,鋼骨鋼筋混凝土造,,131.12,3,2,2,有,無,23280000,194402,坡道機械,18.57,1400000,,RPURMLRJJHOFFAA38CB
文山區,房地(土地+建物),臺北市文山區木柵段三小段125地號等3筆,8.61,商,,,1070316,土地3建物1車位0,十六層,21,住宅大樓(11層含以上有電梯),住家用,鋼骨鋼筋混凝土造,,87.99,2,1,1,有,無,17700000,201159,,0.0,0,,RPVRMLRJJHOFFAA48CB
文山區,房地(土地+建物)+車位,臺北市文山區木柵段三小段125地號等3筆,8.1,商,,,1060928,土地3建物1車位1,九層,21,住宅大樓(11層含以上有電梯),住家用,鋼骨鋼筋混凝土造,,99.79,2,1,1,有,無,16210000,187269,升降機械,18.57,1000000,,RPWRMLRJJHOFFAA58CB
文山區,房地(土地+建物)+車位,臺北市文山區木柵段三小段125地號等3筆,8.04,商,,,1070514,土地3建物1車位1,四層,21,住宅大樓(11層含以上有電梯),,鋼骨鋼筋混凝土造,,98.98,2,1,1,有,無,14920000,170626,升降機械,18.57,1200000,,RPXRMLRJJHOFFAA68CB
文山區,房地(土地+建物)+車位,臺北市文山區木柵段三小段125地號等3筆,8.04,商,,,1070416,土地3建物1車位1,七層,21,住宅大樓(11層含以上有電梯),住家用,鋼骨鋼筋混凝土造,,98.98,2,1,1,有,無,15450000,174730,坡道機械,18.57,1400000,,RPOSMLRJJHOFFAA87CB
文山區,房地(土地+建物)+車位,臺北市文山區木柵段三小段125地號等3筆,8.43,商,,,1070310,土地3建物1車位2,十一層,29,住宅大樓(11層含以上有電梯),住家用,鋼骨鋼筋混凝土造,,137.05,2,1,1,有,無,18800000,191788,坡道平面,55.71,3200000,,RPQSMLRJJHOFFAA08CB
士林區,房地(土地+建物)+車位,臺北市士林區芝山段一小段572及619地號B1棟10樓,80.31,住,,,1030706,土地2建物1車位2,十層,14,住宅大樓(11層含以上有電梯),住家用,鋼筋混凝土造,,381.94,3,2,3,有,無,109950000,343591,坡道平面,79.4,6000000,,RPRPMLOKJHOFFEA08CB
士林區,房地(土地+建物)+車位,臺北市士林區芝山段一小段572及619地號B2棟10樓,80.31,住,,,1031205,土地2建物1車位2,十層,14,住宅大樓(11層含以上有電梯),住家用,鋼筋混凝土造,,381.94,3,2,3,有,無,98000000,307397,坡道平面,79.4,5000000,,RPTPMLOKJHOFFEA28CB
士林區,房地(土地+建物)+車位,臺北市士林區芝山段一小段572及619地號B2棟12樓,80.31,住,,,1030810,土地2建物1車位2,十二層,14,住宅大樓(11層含以上有電梯),住家用,鋼筋混凝土造,,382.49,3,2,3,有,無,110000000,343132,坡道平面,79.4,6000000,,RPVPMLOKJHOFFEA48CB
士林區,房地(土地+建物)+車位,臺北市士林區芝山段一小段572及619地號B2棟14樓,79.98,住,,,1030813,土地2建物1車位2,十四層,14,住宅大樓(11層含以上有電梯),住家用,鋼筋混凝土造,,390.13,3,2,3,有,無,114000000,345638,坡道平面,79.4,6600000,,RPWPMLOKJHOFFEA58CB
士林區,房地(土地+建物)+車位,臺北市士林區芝山段一小段572及619地號B1棟2樓,76.02,住,,,1030820,土地2建物1車位2,二層,14,住宅大樓(11層含以上有電梯),住家用,鋼筋混凝土造,,367.04,3,2,3,有,無,104200000,341747,坡道平面,79.4,5900000,,RPXPMLOKJHOFFEA68CB
士林區,房地(土地+建物)+車位,臺北市士林區芝山段一小段572及619地號B1棟11樓,80.31,住,,,1030617,土地2建物1車位2,十一層,14,住宅大樓(11層含以上有電梯),住家用,鋼筋混凝土造,,381.94,3,2,3,有,無,109800000,344417,坡道平面,79.4,5600000,,RPOQMLOKJHOFFEA87CB
士林區,房地(土地+建物)+車位,臺北市士林區芝山段一小段572及619地號B1棟13樓,80.31,住,,,1030709,土地2建物1車位2,十三層,14,住宅大樓(11層含以上有電梯),住家用,鋼筋混凝土造,,382.19,3,2,3,有,無,111200000,348096,坡道平面,79.4,5800000,,RPPQMLOKJHOFFEA97CB
士林區,房地(土地+建物)+車位,臺北市士林區芝山段一小段572及619地號B2棟13樓,80.31,住,,,1030709,土地2建物1車位2,十三層,14,住宅大樓(11層含以上有電梯),住家用,鋼筋混凝土造,,382.19,3,2,3,有,無,105500000,330592,坡道平面,79.4,5400000,,RPQQMLOKJHOFFEA08CB
士林區,房地(土地+建物)+車位,臺北市士林區芝山段一小段572及619地號B1棟7樓,80.31,住,,,1031111,土地2建物1車位2,七層,14,住宅大樓(11層含以上有電梯),住家用,鋼筋混凝土造,,381.94,3,2,3,有,無,98000000,304092,坡道平面,79.4,6000000,,RPRQMLOKJHOFFEA18CB
士林區,房地(土地+建物)+車位,臺北市士林區芝山段一小段572及619地號B2棟2樓,77.01,住,,,1031220,土地2建物1車位2,二層,14,住宅大樓(11層含以上有電梯),住家用,鋼筋混凝土造,,370.61,3,2,3,有,無,90260000,289344,坡道平面,79.4,6000000,,RPSQMLOKJHOFFEA28CB
士林區,房地(土地+建物)+車位,臺北市士林區芝山段一小段572及619地號B1棟9樓,80.31,住,,,1030709,土地2建物1車位2,九層,14,住宅大樓(11層含以上有電梯),住家用,鋼筋混凝土造,,381.94,3,2,3,有,無,107200000,336484,坡道平面,79.4,5400000,,RPTQMLOKJHOFFEA38CB
士林區,房地(土地+建物)+車位,臺北市士林區芝山段一小段572及619地號B2棟9樓,80.31,住,,,1030709,土地2建物1車位2,九層,14,住宅大樓(11層含以上有電梯),住家用,鋼筋混凝土造,,381.94,3,2,3,有,無,102100000,319627,坡道平面,79.4,5400000,,RPUQMLOKJHOFFEA48CB
士林區,房地(土地+建物)+車位,臺北市士林區芝山段一小段572及619地號B1棟3樓,73.37,住,,,1030523,土地2建物1車位2,三層,14,住宅大樓(11層含以上有電梯),住家用,鋼筋混凝土造,,355.6,3,2,3,有,無,88880000,300797,坡道平面,79.4,5800000,,RPVQMLOKJHOFFEA58CB
士林區,房地(土地+建物)+車位,臺北市士林區芝山段一小段572及619地號B1棟5樓,73.04,住,,,1030711,土地2建物1車位2,五層,14,住宅大樓(11層含以上有電梯),住家用,鋼筋混凝土造,,354.7,3,2,3,有,無,96000000,326916,坡道平面,79.4,6000000,,RPWQMLOKJHOFFEA68CB
士林區,房地(土地+建物)+車位,臺北市士林區芝山段一小段572及619地號A1棟6樓,99.48,住,,,1031006,土地2建物1車位3,六層,14,住宅大樓(11層含以上有電梯),住家用,鋼筋混凝土造,,500.48,3,2,3,有,無,132830000,328885,坡道平面,119.1,7400000,,RPXQMLOKJHOFFEA78CB
中山區,房地(土地+建物)+車位,臺北市中山區長安東路二段118號9樓,11.21,商,,,1071002,土地3建物1車位1,九層,13,住宅大樓(11層含以上有電梯),住家用,鋼筋混凝土造,,124.87,2,1,2,有,無,29290000,272892,升降平面,25.6,2200000,,RPOOMLMLJHOFFCA37CB
中山區,房地(土地+建物)+車位,臺北市中山區長安東路二段118號10樓,11.21,商,,,1070806,土地3建物1車位1,十層,13,住宅大樓(11層含以上有電梯),住家用,鋼筋混凝土造,,124.87,2,1,2,有,無,29880000,278835,升降平面,25.6,2200000,,RPPOMLMLJHOFFCA47CB
中山區,房地(土地+建物)+車位,臺北市中山區長安東路二段118號11樓,11.21,商,,,1071010,土地3建物1車位1,十一層,13,住宅大樓(11層含以上有電梯),住家用,鋼筋混凝土造,,124.87,2,1,2,有,無,30120000,281253,升降平面,25.6,2200000,,RPROMLMLJHOFFCA67CB
中山區,房地(土地+建物)+車位,臺北市中山區長安東路二段118號12樓,11.21,商,,,1071107,土地3建物1車位1,十二層,13,住宅大樓(11層含以上有電梯),住家用,鋼筋混凝土造,,124.87,2,1,2,有,無,30700000,287096,升降平面,25.6,2200000,,RPSOMLMLJHOFFCA77CB
中山區,房地(土地+建物)+車位,臺北市中山區長安東路二段118號13樓,11.21,商,,,1071002,土地3建物1車位1,十三層,13,住宅大樓(11層含以上有電梯),住家用,鋼筋混凝土造,,124.87,2,1,2,有,無,30290000,282966,升降平面,25.6,2200000,,RPTOMLMLJHOFFCA87CB
中山區,房地(土地+建物)+車位,臺北市中山區長安東路二段118號12樓,17.33,商,,,1071217,土地3建物1車位1,十二層,13,住宅大樓(11層含以上有電梯),住家用,鋼筋混凝土造,,174.5,3,1,2,有,無,43700000,278711,升降平面,25.6,2200000,,RPUOMLMLJHOFFCA97CB
中山區,房地(土地+建物)+車位,臺北市中山區長安東路二段118號11樓,17.33,商,,,1070831,土地3建物1車位1,十一層,13,住宅大樓(11層含以上有電梯),住家用,鋼筋混凝土造,,174.5,3,1,2,有,無,42200000,268637,升降平面,25.6,2200000,,RPWOMLMLJHOFFCA18CB
中山區,房地(土地+建物)+車位,臺北市中山區長安東路二段118號10樓,17.18,商,,,1070913,土地3建物1車位1,十層,13,住宅大樓(11層含以上有電梯),住家用,鋼筋混凝土造,,171.86,3,1,2,有,無,41500000,268700,升降平面,25.6,2200000,,RPXOMLMLJHOFFCA28CB
中山區,房地(土地+建物)+車位,臺北市中山區長安東路二段118號11樓,17.18,商,,,1070925,土地3建物1車位1,十一層,13,住宅大樓(11層含以上有電梯),住家用,鋼筋混凝土造,,171.86,3,1,2,有,無,42080000,272665,升降平面,25.6,2200000,,RPOPMLMLJHOFFCA47CB
中山區,房地(土地+建物)+車位,臺北市中山區長安東路二段118號12樓,11.36,商,,,1071205,土地3建物1車位1,三十四層,13,住宅大樓(11層含以上有電梯),住家用,鋼筋混凝土造,,123.17,2,1,2,有,無,30050000,285436,升降平面,25.6,2200000,,RPPPMLMLJHOFFCA57CB
中山區,房地(土地+建物)+車位,臺北市中山區長安東路二段118號12樓,11.36,商,,,1071205,土地3建物1車位1,十二層,13,住宅大樓(11層含以上有電梯),住家用,鋼筋混凝土造,,123.17,2,1,2,有,無,30050000,285436,升降平面,25.6,2200000,,RPQPMLMLJHOFFCA67CB
中山區,房地(土地+建物)+車位,臺北市中山區長安東路二段118號11樓,11.36,商,,,1070925,土地3建物1車位1,十一層,13,住宅大樓(11層含以上有電梯),住家用,鋼筋混凝土造,,123.17,2,1,2,有,無,29300000,277749,升降平面,25.6,2200000,,RPRPMLMLJHOFFCA77CB
中山區,房地(土地+建物)+車位,臺北市中山區長安東路二段118號10樓,11.36,商,,,1070721,土地3建物1車位1,十層,13,住宅大樓(11層含以上有電梯),住家用,鋼筋混凝土造,,123.17,2,1,2,有,無,29360000,278364,升降平面,25.6,2200000,,RPSPMLMLJHOFFCA87CB
中正區,房地(土地+建物),臺北市中正區濟南路一段13巷,10.61,住,,,1070323,土地1建物1車位0,三層,8,華廈(10層含以下有電梯),住家用,鋼筋混凝土造,,42.96,1,1,1,有,無,14660000,341248,,0.0,0,,RPXNMLTLJHOFFBA88DB
中正區,房地(土地+建物),臺北市中正區濟南路一段13巷,12.19,住,,,1070312,土地1建物1車位0,七層,8,華廈(10層含以下有電梯),住家用,鋼筋混凝土造,,49.37,1,1,1,有,無,17880000,362163,,0.0,0,,RPOOMLTLJHOFFBA08DB
