﻿編號,土地位置,土地移轉面積(平方公尺),使用分區或編定,權利人持分分母,權利人持分分子,移轉情形,地號
The serial number, land position,land shifting area square meter,the use zoning or compiles and checks,,,,land parcel
RPXOMLMKJINFFAB18CC,麻園頭段,10.97,都市：住,,,,01320000
RPTNMLNKJINFFAB77CC,頂橋子頭段,11.52,都市：住,,,,00940003
RPUNMLNKJINFFDB18CC,豐原段,17.00,都市：商,,,,00950001
RPUNMLNKJINFFDB18CC,豐原段,83.00,都市：商,,,,00950002
RPXOMLMKJINFFCB38CC,何安段,14.27,都市：住,,,,08920000
RPTPMLOKJINFFCB28CC,惠民段,15.48,都市：其他:新市政中心專用區-新五,,,,01390000
RPTPMLOKJINFFCB28CC,惠民段,13.79,都市：其他:新市政中心專用區-新五,,,,01390000
RPOOMLNKJINFFCB57CC,安和段,1032.58,都市：工,,,,02440000
RPVOMLNKJINFFCB28CC,上石碑段,.00,都市：住,,,,06920001
RPOOMLOKJINFFCB67CC,大墩段,1853.00,都市：住,,,,04700000
RPSNMLOKJINFFBB87CC,東山段,2450.00,都市：住,,,,00500000
RPOPMLMKJINFFBB47CC,東峰段,31.43,都市：住,,,,02650000
RPWOMLMKJINFFBB18CC,松茂段,26.67,都市：住,,,,05390000
RPXNMLOKJINFFBB38CC,東山段,100.00,都市：住,,,,00640004
RPPPMLOKJINFFBB77CC,松茂段,68.00,都市：住,,,,00530000
RPPOMLOKJINFFBB67CC,平田段,.36,都市：住,,,,00030000
RPPOMLOKJINFFBB67CC,平田段,.25,都市：住,,,,00030001
RPPOMLOKJINFFBB67CC,平田段,.32,都市：住,,,,00040000
RPPOMLOKJINFFBB67CC,平田段,.30,都市：住,,,,00040001
RPPOMLOKJINFFBB67CC,平田段,.17,都市：住,,,,00070001
RPPOMLOKJINFFBB67CC,平田段,.24,都市：住,,,,00020000
RPPOMLOKJINFFBB67CC,平田段,.11,都市：住,,,,00020001
RPPOMLOKJINFFBB67CC,平田段,.12,都市：住,,,,00280001
RPXPMLOKJINFFBB58CC,東山段,70.00,都市：商,,,,02260001
RPUNMLOKJINFFDB28CC,安康段,.00,都市：住,,,,04430000
RPUNMLOKJINFFDB28CC,安康段,.00,都市：住,,,,04500000
RPUNMLOKJINFFDB28CC,安康段,.00,都市：住,,,,04520000
RPWNMLOKJINFFDB48CC,西湳北段,157.72,非都市：特定農業區 ; 非都市編定：甲種建築用地,,,,06050000
RPWNMLOKJINFFDB48CC,西湳北段,7.65,非都市：特定農業區 ; 非都市編定：甲種建築用地,,,,06060000
RPWNMLOKJINFFDB48CC,西湳北段,7.37,非都市：特定農業區 ; 非都市編定：甲種建築用地,,,,06070000
RPWNMLOKJINFFDB48CC,西湳北段,16.87,非都市：特定農業區 ; 非都市編定：甲種建築用地,,,,06080000
RPQOMLOKJINFFFB18CC,梧棲段,111.00,都市：住,,,,00900026
RPSNMLOKJINFFDB08CC,豐中段,835.54,都市：住,,,,02540000
RPROMLOKJINFFFB28CC,南勢坑段埔子小段,13.06,都市：住,,,,03990025
RPROMLOKJINFFFB28CC,南勢坑段埔子小段,66.00,都市：住,,,,03990030
RPTNMLOKJINFFAB87CC,中華段一小段,.00,都市：商,,,,00030000
RPTNMLOKJINFFAB87CC,中華段二小段,.00,都市：商,,,,00010004
RPWNMLOKJINFFIB98CC,內新段,.00,都市：商,,,,07570000
RPOOMLMKJINFFDB67DC,北陽段,.00,都市：住,,,,09120000
RPVNMLLKJINFFCB97CC,西屯段,803.00,都市：商,,,,15480011
RPVNMLLKJINFFCB97CC,西屯段,311.00,都市：商,,,,15470009
RPWOMLMKJINFFCB28CC,福安段,4.06,都市：住,,,,02250000
RPVQMLPKJINFFAB48CC,萬安段五小段,.00,都市：住,,,,00140008
RPOQMLPKJINFFAB77CC,下橋子頭段,1.83,都市：商,,,,02170014
RPRQMLPKJINFFAB08CC,下橋子頭段,1.81,都市：商,,,,02170014
RPTOMLPKJINFFAB08CC,土庫段,7.78,都市：住,,,,00270000
RPPQMLPKJINFFAB87CC,下橋子頭段,1.65,都市：商,,,,02170014
RPUNMLOKJINFFAB97CC,後?子段,.00,都市：住,,,,02860155
RPUQMLPKJINFFAB38CC,下橋子頭段,.00,都市：住,,,,00950003
RPUQMLPKJINFFAB38CC,下橋子頭段,.00,都市：商,,,,00950004
RPWPMLPKJINFFAB48CC,下橋子頭段,.00,都市：住,,,,02050027
RPQQMLPKJINFFAB97CC,下橋子頭段,1.83,都市：商,,,,02170014
RPTPMLPKJINFFBB38DC,賴厝?段,6.42,都市：住,,,,00720000
RPROMLPKJINFFHB58CC,永興段,14.98,都市：商,,,,00600000
RPQQMLPKJINFFBB08CC,賴厝?段,.14,都市：商,,,,00310003
RPQQMLPKJINFFBB08CC,邱厝子段,.11,都市：商,,,,00310062
RPUPMLPKJINFFBB48DC,長安段,21.15,都市：住,,,,07590000
RPPQMLPKJINFFBB97CC,賴厝?段,.29,都市：商,,,,00310003
RPPQMLPKJINFFBB97CC,邱厝子段,.23,都市：商,,,,00310062
RPTRMLPKJINFFBB48CC,賴厝?段,.00,都市：住,,,,04350000
RPTQMLPKJINFFBB38CC,賴厝?段,4.82,都市：商,,,,00310003
RPTQMLPKJINFFBB38CC,邱厝子段,3.87,都市：商,,,,00310062
RPVRMLPKJINFFBB68CC,東峰段,5.84,都市：商,,,,01580000
RPRRMLPKJINFFBB28CC,東山段,.00,都市：住,,,,01940000
RPSQMLPKJINFFBB28CC,賴厝?段,.21,都市：商,,,,00310003
RPSQMLPKJINFFBB28CC,邱厝子段,.17,都市：商,,,,00310062
RPRQMLPKJINFFBB18CC,賴厝?段,2.98,都市：商,,,,00310003
RPRQMLPKJINFFBB18CC,邱厝子段,2.39,都市：商,,,,00310062
RPXPMLPKJINFFCB78CC,南屯段,14.86,都市：住,,,,01820000
RPWQMLPKJINFFCB78CC,中正段,5.27,都市：商,,,,01550000
RPSRMLPKJINFFCB48CC,中正段,5.99,都市：商,,,,01550000
RPRRMLPKJINFFCB38CC,寶文段,.00,非都市： ; 非都市編定：,,,,00720021
RPTOMLPKJINFFIB88CC,大仁段,.00,都市：商,,,,02190000
RPROMLPKJINFFIB68CC,新光段,.00,都市：住,,,,00700000
RPRSMLPKJINFFBB38CC,北屯段,24.14,都市：住,,,,02060047
RPWRMLPKJINFFBB78CC,東峰段,9.99,都市：商,,,,01580000
RPOSMLPKJINFFBB08CC,松觀段,.00,都市：住,,,,03090000
RPOSMLPKJINFFBB08CC,松觀段,.00,都市：住,,,,03090023
RPVNMLQKJINFFBB38CC,青田段,75.00,都市：住,,,,09040003
RPWNMLQKJINFFBB48CC,青田段,75.00,都市：住,,,,09040003
RPRPMLQKJINFFBB18CC,東山段,2058.00,都市：住,,,,00390000
RPUPMLQKJINFFBB48CC,文正段,1.00,都市：商,,,,00270390
RPUPMLQKJINFFBB48CC,文正段,.33,都市：商,,,,00250084
RPUPMLQKJINFFBB48CC,文正段,10.25,都市：商,,,,00270317
RPPOMLQKJINFFIB58CC,鳳凰段,1564.61,非都市：工業區 ; 非都市編定：丁種建築用地,,,,00610000
RPWNMLQKJINFFDB68CC,豐原段,15.38,都市：住,,,,00250003
RPQPMLQKJINFFCB18CC,惠來厝段,.00,都市：住,,,,01190000
RPRPMLQKJINFFCB28CC,上石碑段,.00,都市：住,,,,15110000
RPPPMLQKJINFFCB08CC,上石碑段,39.18,都市：住,,,,05410000
RPVRMLPKJINFFCB78CC,西屯段,.00,都市：住,,,,23100000
RPROMLQKJINFFCB18CC,惠泰段,280.09,都市：住,,,,03220001
RPROMLQKJINFFCB18CC,惠泰段,280.08,都市：住,,,,03220002
RPXOMLQKJINFFCB78CC,豐功段,23.56,都市：商,,,,02750000
RPUOMLQKJINFFCB48CC,西屯段,20.11,都市：住,,,,19150032
RPSOMLQKJINFFCB28CC,民安段,78.96,都市：住,,,,20260012
RPSOMLQKJINFFCB28CC,民安段,16.83,都市：住,,,,20260000
RPTRMLPKJINFFCB58CC,廣昌段,.00,都市：住,,,,09330031
RPTRMLPKJINFFCB58CC,廣昌段,.00,都市：其他:道路用地,,,,08730001
RPTRMLPKJINFFCB58CC,廣昌段,.00,都市：住,,,,09360007
RPXNMLQKJINFFDB78CC,大社東段,1.61,都市：住,,,,03520000
RPXNMLQKJINFFDB78CC,大社東段,7.62,都市：住,,,,03510000
RPROMLQKJINFFAB97CC,下橋子頭段,3.64,都市：住,,,,02580003
RPOOMLQKJINFFDB97CC,豐原段,2.95,都市：商,,,,06440000
RPOOMLQKJINFFDB97CC,豐原段,.62,都市：商,,,,06440051
RPPNMLTKJINFFHB68CC,頭張段,13.85,都市：住,,,,09530000
RPOSMLTKJINFFBB58DC,和平段,165.30,都市：住,,,,04520000
RPTOMLQKJINFFAB18CC,後?子段,4.04,都市：商,,,,00930065
RPTOMLQKJINFFAB18CC,後?子段,.75,都市：商,,,,00930065
RPSNMLTKJINFFAB28CC,公館段,1.29,都市：商,,,,00630001
RPSNMLTKJINFFAB28CC,公館段,1.49,都市：商,,,,00620001
RPSOMLQKJINFFAB08CC,下橋子頭段,3.64,都市：住,,,,02580003
RPOPMLQKJINFFAB77CC,頂橋子頭段,.97,都市：住,,,,01180031
RPOPMLQKJINFFAB77CC,頂橋子頭段,.30,都市：住,,,,01180166
RPOPMLQKJINFFAB77CC,頂橋子頭段,6.10,都市：住,,,,01190018
RPOPMLQKJINFFAB77CC,頂橋子頭段,.75,都市：住,,,,01180032
RPVOMLKLJINFFDB18CC,豐原段,241.00,都市：商,,,,01260000
RPVOMLKLJINFFDB18CC,豐原段,31.00,都市：商,,,,01260001
RPXNMLKLJINFFHB68CC,三和段,15.50,都市：住,,,,09970005
RPVNMLLLJINFFDB18CC,三角西段,2.62,都市：住,,,,11550000
RPVNMLLLJINFFDB18CC,三角西段,22.02,都市：住,,,,11550000
RPVNMLLLJINFFDB18CC,三角西段,71.00,都市：住,,,,11960000
RPROMLLLJINFFDB87CC,岸裡段,12.86,都市：住,,,,01000000
RPXOMLLLJINFFFB68CC,銀聯段,48.06,都市：住,,,,02020002
RPTNMLLLJINFFIB48CC,大峰段,65.10,都市：住,,,,07910000
RPRNMLLLJINFFIB28CC,新榮和段,94.00,都市：住,,,,01370007
RPXNMLLLJINFFIB88CC,武德段,28.05,都市：住,,,,05870000
RPPOMLLLJINFFIB18CC,九德段,20.68,都市：住,,,,04970000
RPROMLLLJINFFIB38CC,益民段,28.05,都市：住,,,,13590000
RPSOMLLLJINFFIB48CC,大元段,16.92,都市：住,,,,03470000
RPXOMLLLJINFFIB98CC,新仁段,38.00,都市：住,,,,09090004
RPUNMLLLJINFFAB77CC,尚武段,21.00,都市：住,,,,03150000
RPVNMLLLJINFFAB87CC,下橋子頭段,4.89,都市：商,,,,01400002
RPVNMLLLJINFFAB87CC,下橋子頭段,7.12,都市：商,,,,01400025
RPPOMLLLJINFFAB37CC,樹子腳段,.21,都市：住,,,,12620024
RPPOMLLLJINFFAB37CC,樹子腳段,.04,都市：住,,,,12720009
RPPOMLLLJINFFAB37CC,樹子腳段,12.57,都市：住,,,,12620000
RPSOMLLLJINFFAB67CC,忠孝段六小段,1.80,都市：住,,,,00010038
RPSOMLLLJINFFAB67CC,花園段六小段,7.55,都市：住,,,,00100011
RPOPMLLLJINFFAB37CC,城隍段五小段,57.00,都市：住,,,,00060021
RPWOMLLLJINFFAB08CC,下橋子頭段,12.29,都市：住,,,,01540043
RPSPMLLLJINFFAB77CC,樹子腳段,5.80,都市：住,,,,00390000
RPWPMLLLJINFFAB18CC,頂橋子頭段,2.32,都市：住,,,,03680062
RPWPMLLLJINFFAB18CC,信義段九小段,12.29,都市：住,,,,00090000
RPSNMLLLJINFFHB28CC,興華段,13.76,都市：住,,,,08140000
RPQNMLLLJINFFJB28CC,新高段,10.46,都市：住,,,,07430000
RPSOMLTKJINFFBB48CC,文正段,8.93,都市：商,,,,00570017
RPSOMLKLJINFFBB67CC,東山段,7.96,都市：商,,,,02620000
RPROMLTKJINFFBB38CC,北屯段,4.39,都市：住,,,,05140000
RPPOMLTKJINFFBB18CC,乾溝子段,11.54,都市：住,,,,01610005
RPQOMLTKJINFFBB28CC,大觀段,19.84,都市：住,,,,06950000
RPURMLTKJINFFBB98CC,東義段,42.86,都市：住,,,,00550000
RPWNMLLLJINFFBB08CC,平田段,1.01,都市：住,,,,01000001
RPQNMLLLJINFFBB47CC,邱厝子段,17.13,都市：住,,,,00280000
RPXNMLLLJINFFBB18CC,東義段,3.70,都市：住,,,,01550002
RPPOMLLLJINFFBB47CC,仁美段,84.00,都市：商,,,,06710004
RPROMLLLJINFFBB67CC,大觀段,23.37,都市：住,,,,06950000
RPOOMLLLJINFFBB37CC,松茂段,22.72,都市：住,,,,09650000
RPVOMLLLJINFFBB08CC,錦村段,61.00,都市：住,,,,03330021
RPXNMLMLJINFFBB28CC,東正段,90.00,都市：住,,,,00150022
RPXPMLLLJINFFBB38CC,賴厝?段,21.52,都市：住,,,,01310000
RPOOMLMLJINFFBB47CC,賴厝?段,2.97,都市：商,,,,00310003
RPOOMLMLJINFFBB47CC,邱厝子段,2.39,都市：商,,,,00310062
RPUOMLMLJINFFBB08CC,東義段,3.70,都市：住,,,,01550002
RPXOMLMLJINFFBB38CC,東義段,3.70,都市：住,,,,01550002
RPOPMLMLJINFFBB57CC,東山段,20.28,都市：住,,,,03250000
RPQPMLMLJINFFBB77CC,同榮段,80.00,都市：住,,,,10670000
RPUPMLMLJINFFBB18CC,乾溝子段,24.50,都市：住,,,,00900009
RPQPMLLLJINFFCB77CC,三塊厝段,15.98,都市：住,,,,11140000
RPXNMLLLJINFFCB28CC,中義段,15.15,都市：住,,,,10030000
RPXNMLLLJINFFCB28CC,中義段,3.97,都市：住,,,,10020000
RPSQMLLLJINFFCB08CC,大進段,9.18,都市：住,,,,00960000
RPSQMLLLJINFFCB08CC,大進段,10.49,都市：住,,,,00920000
RPOQMLLLJINFFCB67CC,寶山段,14.48,都市：住,,,,12290000
RPTNMLKLJINFFCB77CC,上石碑段,23.91,都市：商,,,,26710000
RPPQMLLLJINFFCB77CC,中和段,10.98,都市：商,,,,04180000
RPXQMLMLJINFFCB68CC,大明段,42.82,都市：住,,,,00420000
RPORMLMLJINFFCB87CC,田心段,9.43,都市：住,,,,04000000
RPXOMLLLJINFFDB48CC,豐圳段,16.93,都市：住,,,,04630000
RPPQMLMLJINFFBB77CC,賴厝?段,3.64,都市：住,,,,00490050
RPVRMLMLJINFFCB58CC,中正段,6.72,都市：商,,,,01550000
RPPQMLMLJINFFBB77CC,賴厝?段,4.27,都市：住,,,,04460000
RPTRMLMLJINFFCB38CC,中正段,6.28,都市：商,,,,01550000
RPXRMLMLJINFFCB78CC,豐功段,418.71,都市：住,,,,01740000
RPPOMLMLJINFFHB18CC,頭家段,35.32,都市：住,,,,10840000
RPXOMLMLJINFFHB98CC,大明段,24.87,都市：住,,,,02480000
RPTNMLMLJINFFAB77CC,下橋子頭段,11.51,都市：住,,,,02180117
RPWOMLMLJINFFIB98CC,新仁段,22.51,都市：住,,,,00710000
RPOPMLMLJINFFIB28CC,喬城段,23.19,都市：住,,,,06720000
RPTOMLMLJINFFCB18DC,三塊厝段,91.94,都市：住,,,,11550000
RPSNMLNLJINFFDB08CC,圳前段,29.25,都市：住,,,,08350000
RPVNMLNLJINFFDB38CC,安康段,8.15,都市：住,,,,04100000
RPWOMLNLJINFFDB58CC,北陽段,13.91,都市：住,,,,02600000
RPOPMLNLJINFFDB87CC,豐原段,296.27,都市：住,,,,07360070
RPVOMLMLJINFFIB88CC,新甲段,70.96,都市：住,,,,01830020
RPOOMLNLJINFFDB77CC,望寮段,264.46,都市：工,,,,03470000
RPXQMLMLJINFFBB58CC,水源段,4.21,都市：住,,,,03480000
RPXQMLMLJINFFBB58CC,水源段,3.03,都市：住,,,,03320031
RPUQMLMLJINFFBB28CC,賴厝?段,3.64,都市：住,,,,00490050
RPUQMLMLJINFFBB28CC,賴厝?段,4.27,都市：住,,,,04460000
RPQRMLMLJINFFBB97CC,中德段,28.65,都市：住,,,,04960002
RPUOMLNLJINFFCB38DC,大墩段,13.85,都市：住,,,,04640000
RPSNMLNLJINFFKB78CC,藝術段,45.97,都市：住,,,,06560000
RPUNMLNLJINFFKB98CC,新興段,213.62,非都市：鄉村區 ; 非都市編定：乙種建築用地,,,,00070000
RPVOMLNLJINFFAB18CC,公館段,1.39,都市：住,,,,00620001
RPVOMLNLJINFFAB18CC,公館段,1.20,都市：住,,,,00630001
RPVNMLMLJINFFAB97CC,半平厝段,6.07,都市：住,,,,01810000
RPQPMLNLJINFFAB77CC,後?子段,2.70,都市：住,,,,01220005
RPVNMLMLJINFFAB97CC,半平厝段,2.00,都市：住,,,,01820000
RPPOMLNLJINFFAB57CC,麻園頭段,15.28,都市：住,,,,01320000
RPXPMLNLJINFFAB48CC,後?子段,20.07,都市：住,,,,01730044
RPXPMLNLJINFFAB48CC,後?子段,3.04,都市：住,,,,01730166
RPROMLMLJINFFAB67CC,公館段,1.28,都市：商,,,,00630001
RPROMLMLJINFFAB67CC,公館段,1.48,都市：商,,,,00620001
RPTNMLNLJINFFJB78CC,太平段,38.06,都市：住,,,,05810000
RPQNMLNLJINFFHB28CC,家興段,22.76,都市：住,,,,08790000
RPVPMLNLJINFFCB48CC,安和段,2467.13,都市：工,,,,01030000
RPOPMLNLJINFFCB77CC,惠來厝段,4.25,都市：住,,,,12510005
RPPOMLNLJINFFCB77CC,三塊厝段,18.61,都市：住,,,,05990000
RPXNMLNLJINFFCB48CC,廣明段,9.64,都市：住,,,,06080000
RPSPMLNLJINFFCB18CC,保安段,40.38,都市：住,,,,10540000
RPOQMLNLJINFFCB87CC,中正段,6.24,都市：商,,,,01550000
RPRQMLNLJINFFCB18CC,大新段,.00,都市：住,,,,00930001
RPRQMLNLJINFFCB18CC,大新段,.00,都市：住,,,,00940000
RPPQMLNLJINFFCB97CC,惠信段,12.27,都市：住,,,,00550000
RPPOMLNLJINFFBB67CC,文正段,19.44,都市：住,,,,00520124
RPSQMLNLJINFFCB28CC,中和段,.00,都市：商,,,,04180000
RPQNMLNLJINFFBB67CC,太原段,16.42,都市：住,,,,01000000
RPRQMLNLJINFFBB08CC,東山段,18.29,都市：住,,,,02990000
RPVOMLNLJINFFBB28CC,松觀段,24.89,都市：住,,,,07210000
RPWSMLNLJINFFBB78CC,東峰段,10.29,都市：商,,,,01580000
RPTNMLOLJINFFCB18CC,廣昌段,33.83,都市：住,,,,04430000
RPVPMLQLJINFFCB78CC,大墩段,16.97,都市：住,,,,03720000
RPXUMLNLJINFFBB09CC,東峰段,10.07,都市：商,,,,01580000
RPQNMLOLJINFFBB77CC,松茂段,83.00,都市：住,,,,09160000
RPORMLNLJINFFAB77CC,頂橋子頭段,.00,都市：住,,,,01280014
RPQRMLNLJINFFAB97CC,樹子腳段,63.00,都市：住,,,,06780121
RPUQMLNLJINFFAB28CC,麻園頭段,11.77,都市：住,,,,01320000
RPOPMLRLJINFFCB18CC,惠順段,120.68,都市：住,,,,00690005
RPOPMLRLJINFFCB18CC,惠順段,23.81,都市：住,,,,00690004
RPUPMLRLJINFFCB78CC,上石碑段,.00,都市：商,,,,17730000
RPOOMLRLJINFFAB87CC,後?子段,50.97,都市：住,,,,02250011
RPUOMLSLJINFFCB78CC,西屯段,.00,都市：住,,,,19150014
RPUOMLSLJINFFCB78CC,西屯段,.00,都市：住,,,,19140016
RPROMLSLJINFFCB48CC,西屯段,.00,都市：住,,,,19140016
RPROMLSLJINFFCB48CC,西屯段,.00,都市：住,,,,19150014
RPTOMLSLJINFFCB68CC,西屯段,.00,都市：住,,,,19150014
RPTOMLSLJINFFCB68CC,西屯段,.00,都市：住,,,,19140016
RPOPMLSLJINFFAB08CC,麻園頭段,.00,都市：住,,,,09050000
RPQQMLSLJINFFBB48CC,陳平段,.07,都市：住,,,,31560000
RPQQMLSLJINFFBB48CC,陳平段,5.79,都市：住,,,,31560014
RPQQMLSLJINFFBB48CC,陳平段,12.94,都市：住,,,,31560015
RPQQMLSLJINFFBB48CC,陳平段,.04,都市：住,,,,31560016
RPRNMLSLJINFFDB48CC,豐南段,272.50,都市：商,,,,03330000
RPQNMLTLJINFFAB18CC,樹子腳段,.00,都市：住,,,,10510000
RPQNMLTLJINFFAB18CC,樹子腳段,.00,都市：其他:道路用地,,,,10510002
RPVNMLTLJINFFAB68CC,公館段,2.56,都市：商,,,,01580076
RPVNMLTLJINFFAB68CC,公館段,1.51,都市：商,,,,01580119
RPVNMLTLJINFFAB68CC,公館段,1.68,都市：商,,,,01580120
RPSNMLTLJINFFBB48CC,東正段,47.97,都市：住,,,,01290000
RPRPMLTLJINFFAB48CC,後?子段,9.19,都市：住,,,,02350018
RPRPMLTLJINFFAB48CC,後?子段,10.98,都市：住,,,,02350000
RPRPMLTLJINFFAB48CC,後?子段,8.18,都市：住,,,,02350025
RPUOMLTLJINFFBB78CC,中清段,24.96,都市：住,,,,01000000
RPSNMLQLJINFFJB09DC,宜欣段,8.93,都市：住,,,,19130005
RPTNMLQLJINFFJB56DC,宜欣段,5.02,都市：住,,,,21440000
RPQQMLTLJINFFBB58CC,錦村段,20.92,都市：住,,,,00450000
RPSQMLTLJINFFBB78CC,長安段,14.40,都市：住,,,,00490000
RPUQMLTLJINFFBB98CC,錦村段,31.74,都市：住,,,,01050009
RPVOMLTLJINFFCB98CC,惠民段,20.23,都市：其他:新市政中心專用區,,,,01430001
RPWOMLSLJINFFCB98CC,西屯段,.00,都市：住,,,,19140016
RPWOMLSLJINFFCB98CC,西屯段,.00,都市：住,,,,19150014
RPVPMLSLJINFFCB98CC,惠民段,11.59,都市：其他:新市政中心專用區,,,,00110000
RPTNMLTLJINFFCB68CC,惠民段,12.73,都市：其他:新市政中心專用區,,,,00110000
RPOOMLTLJINFFCB28CC,福安段,18.25,都市：住,,,,02250000
RPVNMLTLJINFFCB88CC,惠民段,14.32,都市：其他:新市政中心專用區,,,,01110000
RPXOMLSLJINFFCB09CC,惠國段,13.70,都市：其他:第三種新市政中心專用區,,,,00770000
RPXOMLSLJINFFCB09CC,惠國段,12.33,都市：其他:第三種新市政中心專用區,,,,00770000
RPPPMLTLJINFFCB48CC,惠民段,20.94,都市：其他:新市政中心專用區,,,,01380000
RPXOMLTLJINFFCB56CC,惠民段,6.85,都市：其他:新市政中心專用區,,,,01380000
RPTOMLTLJINFFJB86CC,平欣段,7.60,都市：住,,,,07130000
RPPNMLQLJINFFJB68CC,育賢段,131.33,都市：住,,,,00340003
RPTNMLSLJINFFJB66CC,宜欣段,27.78,都市：住,,,,20760000
RPWRMLTLJINFFCB76CC,惠民段,11.59,都市：其他:新市政中心專用區,,,,00110000
RPWSMLTLJINFFCB86CC,惠民段,12.73,都市：其他:新市政中心專用區,,,,00110000
RPOSMLTLJINFFCB68CC,惠民段,11.62,都市：其他:新市政中心專用區,,,,01110000
RPRTMLTLJINFFCB09CC,惠民段,10.87,都市：其他:新市政中心專用區,,,,01110000
RPWTMLTLJINFFCB96CC,惠民段,17.78,都市：其他:新市政中心專用區,,,,01430001
RPTVMLTLJINFFCB86CC,上石碑段,34.00,都市：住,,,,10540000
RPPQMLTLJINFFCB58CC,惠民段,13.66,都市：其他:新市政中心專用區,,,,01390000
RPURMLTLJINFFCB56CC,惠民段,12.73,都市：其他:新市政中心專用區,,,,00110000
RPXQMLTLJINFFCB76CC,惠民段,12.94,都市：其他:新市政中心專用區,,,,00110000
RPWQMLTLJINFFCB66CC,福安段,11.57,都市：住,,,,02250000
RPROMLKMJINFFCB77CC,福星段,34.03,都市：住,,,,00810000
RPRPMLKMJINFFCB87CC,上石碑段,4.69,都市：住,,,,26810000
RPORMLTLJINFFCB58CC,惠民段,32.02,都市：其他:新市政中心專用區,,,,01390000
RPVPMLTLJINFFCB09CC,何厝段,18.56,都市：商,,,,00890013
RPRNMLKMJINFFBB57CC,軍福段,134.90,都市：住,,,,02130000
RPRPMLTLJINFFCB68CC,惠民段,14.21,都市：其他:新市政中心專用區,,,,01380000
RPTQMLKMJINFFBB08CC,東光段,18.30,都市：住,,,,02060000
RPUVMLTLJINFFCB96CC,何厝段,7.88,都市：住,,,,02610079
RPQPMLKMJINFFCB77CC,國安段,30.42,都市：住,,,,06010000
RPQQMLKMJINFFBB77CC,東義段,3.70,都市：住,,,,01550002
RPQNMLKMJINFFIB28DC,吉隆段,82.76,都市：住,,,,14350000
RPWPMLNJKINFFAB28CC,大益段,.00,都市：住,,,,08250000
RPVQMLKMJINFFBB28CC,文正段,4.69,都市：住,,,,01090005
RPVQMLKMJINFFBB28CC,文正段,.82,都市：住,,,,01090103
RPVPMLNJKINFFAB18CC,正義段五小段,.00,都市：商,,,,00170007
RPRNMLKMJINFFHB18CC,大新段,64.31,都市：住,,,,04490008
RPSNMLNJKINFFDB97CC,福隆段,545.50,都市：工,,,,13750002
RPSNMLNJKINFFDB97CC,福隆段,545.50,都市：工,,,,13750006
RPUNMLNJKINFFHB58CC,大豐段,167.99,都市：住,,,,06500000
RPTPMLNJKINFFCB18CC,中和段,89.00,都市：住,,,,01320002
RPPPMLOJKINFFCB87CC,保安段,12.80,都市：住,,,,06360000
RPQPMLKMJINFFAB57CC,後?子段,5.10,都市：住,,,,01260020
RPQPMLKMJINFFAB57CC,後?子段,10.21,都市：住,,,,01260021
RPOPMLOJKINFFCB77CC,三塊厝段,2.30,都市：住,,,,09940000
RPVQMLNJKINFFCB48CC,惠安段,.00,都市：商,,,,01630000
RPVNMLNJKINFFHB68CC,自立段,1604.00,都市：工,,,,17690000
RPOOMLOJKINFFCB67CC,上石碑段,4.00,都市：商,,,,17900000
RPOOMLOJKINFFCB67CC,上石碑段,3.57,都市：商,,,,18000007
RPWNMLOJKINFFAB18CC,麻園頭段,33.39,都市：住,,,,01320004
RPWNMLOJKINFFJB09CC,中華段,241.71,非都市：鄉村區 ; 非都市編定：乙種建築用地,,,,06170000
RPROMLPJKINFFKB88CC,新興段,.00,非都市：鄉村區 ; 非都市編定：乙種建築用地,,,,09500000
RPUNMLPJKINFFAB08CC,下橋子頭段,5.96,都市：商,,,,02170014
RPWOMLPJKINFFFB88CC,田寮段橋頭小段,15.00,都市：住,,,,02510015
RPWOMLPJKINFFFB88CC,田寮段橋頭小段,120.00,都市：住,,,,02510024
RPXNMLPJKINFFAB38CC,下橋子頭段,1.83,都市：商,,,,02170014
RPOOMLPJKINFFCB77CC,惠民段,.00,都市：其他:新5-1,,,,01390000
RPTNMLPJKINFFIB78CC,東湖段,88.89,都市：其他:文教區,,,,01850000
RPTNMLPJKINFFIB78CC,東湖段,252.03,都市：其他:文教區,,,,01850017
RPTNMLPJKINFFIB78CC,東湖段,239.93,都市：其他:文教區,,,,01850018
RPTNMLPJKINFFIB78CC,東湖段,202.74,都市：其他:文教區,,,,01850019
RPTNMLPJKINFFIB78CC,東湖段,195.04,都市：其他:文教區,,,,01850020
RPTNMLPJKINFFIB78CC,東湖段,136.29,都市：其他:文教區,,,,01850021
RPTOMLPJKINFFCB28CC,惠民段,.00,都市：其他:新5-1,,,,01390000
RPSPMLPJKINFFCB28CC,下石碑段,29.19,都市：住,,,,16920000
RPXPMLQJKINFFCB88CC,大新段,15.44,都市：住,,,,02530000
RPXPMLQJKINFFCB88CC,大新段,26.99,都市：住,,,,02540000
RPPQMLQJKINFFCB18CC,上石碑段,5.33,都市：住,,,,26810000
RPVOMLPJKINFFBB38CC,乾溝子段,50.00,都市：住,,,,00900273
RPVOMLPJKINFFBB38CC,乾溝子段,28.00,都市：住,,,,00900582
RPVOMLPJKINFFBB38CC,乾溝子段,11.00,都市：住,,,,00900583
RPWPMLOJKINFFBB48CC,東峰段,9.74,都市：商,,,,01580000
RPSPMLOJKINFFBB08CC,邱厝子段,.00,非都市： ; 非都市編定：,,,,00190057
RPTPMLOJKINFFBB18CC,賴厝?段,.21,都市：商,,,,00310003
RPTPMLOJKINFFBB18CC,邱厝子段,.17,都市：商,,,,00310062
RPVQMLQJKINFFBB68CC,乾溝子段,585.00,都市：其他:兒童遊樂場用地,,,,00920000
RPPPMLOJKINFFBB77CC,東峰段,31.98,都市：住,,,,00570000
RPRPMLPJKINFFBB08CC,太順段,22.15,都市：住,,,,00540000
RPRNMLOJKINFFBB77CC,乾溝子段,7.44,都市：住,,,,01680018
RPXPMLOJKINFFBB58CC,東峰段,5.92,都市：商,,,,01580000
RPORMLQJKINFFBB08CC,北屯段,14.76,都市：住,,,,03050005
RPRRMLQJKINFFBB38CC,軍福段,317.70,都市：住,,,,00710000
RPSRMLQJKINFFBB48CC,東信段,26.87,都市：住,,,,02090000
RPQOMLQJKINFFIB68CC,益民段,31.47,都市：住,,,,07110000
RPURMLQJKINFFBB68CC,松竹段,33.63,都市：住,,,,02820000
RPWRMLQJKINFFBB88CC,松觀段,.00,都市：住,,,,08910000
RPXRMLQJKINFFBB98CC,邱厝子段,27.82,都市：住,,,,01390037
RPOQMLQJKINFFAB87CC,後?子段,14.77,都市：住,,,,03250021
RPWNMLQJKINFFFB88CC,公館北段,19.02,都市：住,,,,04270000
RPOQMLQJKINFFAB87CC,後?子段,14.77,都市：住,,,,03250022
RPWNMLQJKINFFFB88CC,公館北段,6.12,都市：住,,,,04270010
RPTNMLQJKINFFFB58CC,銀聯段,67.00,都市：住,,,,00500000
RPTNMLQJKINFFFB58CC,銀聯段,18.00,都市：住,,,,00500001
RPVNMLQJKINFFFB78CC,三田段,738.00,都市：農,,,,16700001
RPTRMLQJKINFFBB58CC,軍福段,296.59,都市：住,,,,00720000
RPUNMLQJKINFFHB88CC,大新段,15.84,都市：住,,,,04260000
RPQOMLQJKINFFJB78CC,平欣段,12.86,都市：住,,,,06780000
RPVQMLQJKINFFAB58CC,信義段八小段,3.05,都市：住,,,,00050000
RPRQMLQJKINFFAB18CC,麻園頭段,257.00,都市：住,,,,01780034
RPRQMLQJKINFFAB18CC,麻園頭段,1.00,都市：其他:廣場、道路用地,,,,01780171
RPVNMLRJKINFFJB66CC,平欣段,14.04,都市：住,,,,06780000
RPQQMLQJKINFFAB08CC,下橋子頭段,12.64,都市：住,,,,01790003
RPUQMLQJKINFFAB48CC,公館段,1.27,都市：商,,,,00630001
RPUQMLQJKINFFAB48CC,公館段,1.47,都市：商,,,,00620001
RPSNMLRJKINFFIB88CC,人和段,30.96,都市：住,,,,07230001
RPXNMLRJKINFFAB58CC,忠孝段六小段,4.08,都市：住,,,,00070018
RPXNMLRJKINFFAB58CC,忠孝段六小段,5.03,都市：住,,,,00070019
RPXNMLRJKINFFAB58CC,忠孝段六小段,4.19,都市：住,,,,00070034
RPTNMLRJKINFFKB56CC,新庄段,20.65,非都市：鄉村區 ; 非都市編定：乙種建築用地,,,,05470000
RPTOMLRJKINFFAB28CC,後?子段,25.89,都市：住,,,,02170000
RPRPMLRJKINFFAB18CC,尚武段,15.41,都市：住,,,,02980002
RPRPMLRJKINFFAB18CC,尚武段,14.58,都市：住,,,,02980003
RPUPMLRJKINFFIB66CC,溪南西段,28.69,非都市：鄉村區 ; 非都市編定：乙種建築用地,,,,03880000
RPOOMLRJKINFFIB58CC,九如段,116.74,都市：住,,,,08870000
RPPRMLRJKINFFBB28CC,文正段,5.33,都市：住,,,,01090005
RPQRMLRJKINFFBB38CC,賴厝?段,15.30,都市：住,,,,00280049
RPXRMLRJKINFFBB09CC,東正段,20.67,都市：住,,,,00510000
RPRRMLRJKINFFBB48CC,錦村段,25.20,都市：住,,,,02130051
RPWRMLRJKINFFBB98CC,東山段,1.77,都市：住,,,,02620000
RPUQMLRJKINFFBB68CC,邱厝子段,.00,非都市： ; 非都市編定：,,,,00530166
RPUQMLRJKINFFBB68CC,邱厝子段,.00,非都市： ; 非都市編定：,,,,00540022
RPUQMLRJKINFFBB68CC,邱厝子段,.00,非都市： ; 非都市編定：,,,,00540074
RPUQMLRJKINFFBB68CC,邱厝子段,.00,非都市： ; 非都市編定：,,,,00550008
RPUQMLRJKINFFBB68CC,邱厝子段,.00,非都市： ; 非都市編定：,,,,00550011
RPUQMLRJKINFFBB68CC,邱厝子段,.00,非都市： ; 非都市編定：,,,,00640001
RPUQMLRJKINFFBB68CC,邱厝子段,.00,非都市： ; 非都市編定：,,,,00640016
RPUQMLRJKINFFBB68CC,邱厝子段,.00,非都市： ; 非都市編定：,,,,00640055
RPXNMLRJKINFFCB78CC,廣明段,5.74,都市：住,,,,06750000
RPWNMLSJKINFFCB78CC,惠智段,196.63,都市：住,,,,01010000
RPPNMLSJKINFFAB87CC,下橋子頭段,3.51,都市：商,,,,02170014
RPWNMLRJKINFFCB68CC,廣昌段,23.48,都市：住,,,,05670000
RPSNMLKKKINFFDB77CC,豐原段,45.00,都市：商,,,,04610004
RPRNMLKKKINFFAB37CC,旱清段,.00,非都市： ; 非都市編定：,,,,03570000
RPOOMLKKKINFFIB97CC,新榮和段,93.99,都市：住,,,,01370010
RPVPMLKKKINFFCB18CC,上石碑段,.00,都市：住,,,,27540002
RPUPMLKKKINFFCB08CC,黎明段,.00,都市：住,,,,01930000
RPUOMLKKKINFFJB68CC,番子路段,.00,都市：住,,,,01830000
RPXNMLRJKINFFFB09CC,市鎮北段,12.45,都市：住,,,,02380000
RPXNMLQJKINFFFB98CC,銀聯段,104.00,都市：住,,,,15110015
RPQQMLKKKINFFCB77CC,西屯段,9.72,都市：住,,,,23310000
RPPQMLKKKINFFCB67CC,西屯段,9.72,都市：住,,,,23310000
RPUOMLKKKINFFBB87CC,東山段,.00,都市：住,,,,02990000
RPVPMLKKKINFFBB08CC,賴厝?段,3.56,都市：商,,,,00310003
RPVPMLKKKINFFBB08CC,邱厝子段,2.86,都市：商,,,,00310062
RPRPMLKKKINFFBB67CC,賴厝?段,4.82,都市：商,,,,00310003
RPRPMLKKKINFFBB67CC,邱厝子段,3.87,都市：商,,,,00310062
RPQPMLKKKINFFBB57CC,賴厝?段,2.91,都市：商,,,,00310003
RPQPMLKKKINFFBB57CC,邱厝子段,2.33,都市：商,,,,00310062
RPPPMLKKKINFFBB47CC,賴厝?段,2.91,都市：商,,,,00310003
RPPPMLKKKINFFBB47CC,邱厝子段,2.33,都市：商,,,,00310062
RPRQMLKKKINFFCB87CC,惠國段,.00,都市：其他:第六種新市政中心專用區,,,,01000000
RPUPMLKKKINFFBB97CC,賴厝?段,.14,都市：商,,,,00310003
RPUPMLKKKINFFBB97CC,邱厝子段,.11,都市：商,,,,00310062
RPUOMLLKKINFFCB08CC,寶文段,12027.17,都市：工,,,,02200000
RPUOMLLKKINFFCB08CC,寶文段,8042.48,都市：工,,,,02210000
RPQOMLLKKINFFCB67CC,順和段,925.62,都市：工,,,,04160046
RPSPMLLKKINFFCB97CC,黎明段,13.25,都市：住,,,,00510000
RPROMLLKKINFFBB77DC,崇德段,95.48,都市：住,,,,04260039
RPROMLLKKINFFBB77DC,崇德段,10.19,都市：住,,,,04260047
RPUNMLLKKINFFDB08CC,三豐段,224.57,都市：住,,,,00040000
RPRNMLLKKINFFAB47CC,下橋子頭段,1.83,都市：商,,,,02170014
RPTNMLLKKINFFAB67CC,振興段,29.01,都市：住,,,,00350000
RPSNMLLKKINFFAB57CC,下橋子頭段,1.76,都市：商,,,,02170014
RPWNMLMKKINFFAB08CC,萬安段九小段,.00,都市：住,,,,00010000
RPVNMLMKKINFFFB48CC,晉江北段,2.31,都市：住,,,,03110005
RPVNMLMKKINFFFB48CC,晉江北段,2.30,都市：住,,,,03110006
RPVNMLMKKINFFFB48CC,晉江北段,.47,都市：住,,,,03110002
RPVNMLMKKINFFFB48CC,晉江北段,1.39,都市：住,,,,03110022
RPRRMLMKKINFFCB18CC,福安段,34.76,都市：住,,,,01440001
RPWNMLMKKINFFFB58CC,晉江北段,2.31,都市：住,,,,03110005
RPWNMLMKKINFFFB58CC,晉江北段,2.30,都市：住,,,,03110006
RPWNMLMKKINFFFB58CC,晉江北段,.47,都市：住,,,,03110002
RPWNMLMKKINFFFB58CC,晉江北段,1.39,都市：住,,,,03110022
RPTNMLMKKINFFIB58CC,立仁段,.00,非都市：鄉村區 ; 非都市編定：乙種建築用地,,,,04850000
RPWQMLMKKINFFAB38CC,平民段八小段,13.48,都市：住,,,,00050000
RPPRMLMKKINFFAB77CC,下橋子頭段,.00,都市：住,,,,02310001
RPURMLMKKINFFCB48CC,中正段,10.18,都市：商,,,,01550000
RPRSMLMKKINFFBB18CC,錦村段,.00,都市：住,,,,02130085
RPQTMLMKKINFFBB18CC,東義段,.00,都市：住,,,,02160000
RPVNNLMKKINFFBB18CC,平田段,6.76,都市：住,,,,02440000
RPQPNLMKKINFFBB87CC,錦村段,11.42,都市：住,,,,01050011
RPOQNLMKKINFFBB77CC,錦村段,10.15,都市：住,,,,00770000
RPXPNLMKKINFFBB58CC,東峰段,11.80,都市：商,,,,01580000
RPOPNLMKKINFFBB67CC,錦村段,10.79,都市：住,,,,01050011
RPSONLMKKINFFBB97CC,文正段,.00,都市：住,,,,01180030
RPPQNLMKKINFFBB87CC,錦村段,5.21,都市：住,,,,01460017
RPSOMLNKKINFFBB97CC,乾溝子段,.00,都市：住,,,,00940019
RPVOMLNKKINFFBB28CC,松昌段,15.95,都市：住,,,,04870000
RPSOMLLKKINFFAB77DC,大益段,12.23,都市：住,,,,02470000
RPSOMLLKKINFFAB77DC,大益段,9.40,都市：住,,,,02470001
RPSOMLLKKINFFAB77DC,大益段,4.41,都市：住,,,,02470002
RPOOMLRJKINFFHB48CC,自立段,23.97,都市：住,,,,28740002
RPWNMLRJKINFFHB56CC,甘潭段,16.02,都市：住,,,,04890000
RPRNMLNKKINFFDB97CC,豐原段,40.00,都市：商,,,,07180008
RPQNMLLKKINFFHB08CC,四德段,99.00,都市：住,,,,03630000
RPVPMLNKKINFFBB38CC,同榮段,.00,都市：住,,,,10370000
RPTPMLNKKINFFBB18CC,賴厝?段,.00,都市：住,,,,03440000
RPUOMLNKKINFFAB08CC,下橋子頭段,16.20,都市：住,,,,02050027
RPWOMLNKKINFFAB28CC,大益段,.00,都市：住,,,,01160000
RPPOMLNKKINFFAB57CC,中墩段三小段,42.50,都市：住,,,,00110000
RPUOMLOKKINFFAB18CC,旱新段,16.13,都市：商,,,,08090000
RPVOMLOKKINFFAB28CC,東勢子段,27.00,都市：住,,,,00340031
RPWPMLOKKINFFBB58CC,賴厝?段,2.96,都市：商,,,,00310003
RPWPMLOKKINFFBB58CC,邱厝子段,2.38,都市：商,,,,00310062
RPVPMLOKKINFFBB48CC,賴厝?段,.22,都市：商,,,,00310003
RPVPMLOKKINFFBB48CC,邱厝子段,.28,都市：商,,,,00310062
RPOQMLOKKINFFBB87CC,賴厝?段,.29,都市：商,,,,00310003
RPOQMLOKKINFFBB87CC,邱厝子段,.23,都市：商,,,,00310062
RPSNMLNKKINFFCB97CC,福安段,47.92,都市：住,,,,02250000
RPVPMLOKKINFFCB58CC,寶文段,.00,非都市： ; 非都市編定：,,,,00720021
RPQQMLOKKINFFCB18CC,順和段,.00,都市：住,,,,02740000
RPQOMLNKKINFFCB87CC,大進段,296.00,都市：住,,,,10270000
RPQOMLNKKINFFCB87CC,大進段,770.00,都市：住,,,,10280000
RPQOMLNKKINFFCB87CC,大進段,196.00,都市：住,,,,10290000
RPQOMLNKKINFFCB87CC,大進段,747.00,都市：住,,,,10300000
RPQOMLNKKINFFCB87CC,大進段,604.00,都市：住,,,,10310000
RPWOMLNKKINFFCB48CC,惠安段,82.17,都市：住,,,,02130008
RPWOMLNKKINFFCB48CC,惠安段,21.91,都市：住,,,,02130012
RPVRMLMKKINFFCB58CC,中正段,8.77,都市：商,,,,01550000
RPPPMLRKKINFFCB28CC,何厝段,39.00,都市：商,,,,02810005
RPPPMLRKKINFFCB28CC,何厝段,66.00,都市：商,,,,02810020
RPPPMLRKKINFFCB28CC,何厝段,61.00,都市：商,,,,02810021
RPUPMLRKKINFFCB78CC,安和段,3326.00,都市：工,,,,02370009
RPQQMLOKKINFFBB08CC,賴厝?段,4.28,都市：商,,,,00310003
RPQQMLOKKINFFBB08CC,邱厝子段,3.43,都市：商,,,,00310062
RPWSMLRKKINFFBB56CC,太順段,5.20,都市：住,,,,00540000
RPOTMLRKKINFFBB48CC,賴厝?段,2.22,都市：住,,,,00490050
RPOTMLRKKINFFBB48CC,賴厝?段,2.61,都市：住,,,,04460000
RPVSMLRKKINFFBB09CC,建業段,20.33,都市：住,,,,02960000
RPPQMLOKKINFFBB97CC,賴厝?段,2.90,都市：商,,,,00310003
RPPQMLOKKINFFBB97CC,邱厝子段,2.33,都市：商,,,,00310062
RPUOMLRKKINFFAB48CC,麻園頭段,18.11,都市：住,,,,02910000
RPSPMLRKKINFFFB88CC,沙鹿段斗抵小段,26.60,都市：住,,,,00240042
RPRPMLRKKINFFFB88DC,民權段,196.00,都市：住,,,,14200000
RPUPMLRKKINFFFB09CC,福興段,15.25,都市：住,,,,10860000
RPXPMLRKKINFFAB88CC,樹子腳段,2.93,都市：住,,,,16490002
RPVPMLRKKINFFAB68CC,下橋子頭段,9.47,都市：住,,,,01970007
RPXPMLRKKINFFAB88CC,樹子腳段,1.51,都市：住,,,,16490003
RPXPMLRKKINFFAB88CC,樹子腳段,.41,都市：住,,,,16490004
RPTPMLRKKINFFFB98CC,福興段,15.25,都市：住,,,,10860000
RPUPMLOKKINFFIB09CC,向學段,73.82,都市：住,,,,13820003
RPUVMLSKKINFFBB76CC,水源段,.00,都市：商,,,,02230000
RPUVMLSKKINFFBB76CC,水源段,.00,都市：商,,,,02250003
RPXOMLTKKINFFBB09CC,昌平段,21.15,都市：住,,,,04090000
RPPPMLTKKINFFBB38CC,北屯段,16.30,都市：其他:市場用地,,,,01420002
RPQPMLTKKINFFBB48CC,平田段,12.57,都市：住,,,,08810000
RPRPMLTKKINFFBB58CC,中清段,31.55,都市：住,,,,04040001
RPPOMLTKKINFFCB38CC,國安段,484.87,都市：住,,,,06350000
RPVRMLSKKINFFCB56CC,中正段,5.99,都市：商,,,,01550000
RPXQMLRKKINFFCB56CC,順和段,15.83,都市：住,,,,01340000
RPXRMLSKKINFFCB76CC,上石碑段,479.00,都市：其他:學校用地,,,,10200000
RPXNMLSKKINFFCB98CC,田心段,308.40,都市：住,,,,10250000
RPWRMLSKKINFFCB66CC,中正段,5.51,都市：商,,,,01550000
RPSQMLRKKINFFCB68CC,西屯段,19.83,都市：住,,,,19140016
RPWQMLRKKINFFCB09CC,廣昌段,14.47,都市：住,,,,04020000
RPVQMLRKKINFFCB98CC,大新段,16.31,都市：住,,,,03350000
RPPNMLTKKINFFKB09CC,新東段,3.58,非都市：鄉村區 ; 非都市編定：乙種建築用地,,,,05920000
RPOOMLTKKINFFDB48DC,朝陽段,361.56,都市：其他:保護區,,,,03530000
RPOOMLTKKINFFDB48DC,朝陽段,685.86,都市：其他:保護區,,,,03540000
RPOOMLTKKINFFDB48DC,朝陽段,495.49,都市：其他:保護區,,,,04890000
RPOOMLTKKINFFDB48DC,朝陽段,306.67,都市：其他:保護區,,,,04900000
RPRNMLTKKINFFKB66CC,藝術段,25.35,都市：住,,,,03300000
RPPNMLTKKINFFFB58CC,南勢坑段埔子小段,38.45,都市：住,,,,01630017
RPPNMLTKKINFFFB58CC,南勢坑段埔子小段,45.00,都市：住,,,,01630089
RPQNMLTKKINFFKB56CC,永順段,385.45,非都市：一般農業區 ; 非都市編定：丙種建築用地,,,,00130000
RPVPMLTKKINFFAB88CC,半平厝段,.00,都市：住,,,,04480000
RPVPMLTKKINFFAB88CC,半平厝段,.00,都市：其他:道路用地,,,,04480001
RPTNMLTKKINFFIB66CC,美群段,83.94,非都市：鄉村區 ; 非都市編定：乙種建築用地,,,,02200000
RPXOMLTKKINFFFB86CC,晉江北段,2.31,都市：住,,,,03110005
RPXOMLTKKINFFFB86CC,晉江北段,2.30,都市：住,,,,03110006
RPXOMLTKKINFFFB86CC,晉江北段,.47,都市：住,,,,03110002
RPXOMLTKKINFFFB86CC,晉江北段,1.39,都市：住,,,,03110022
RPRNMLTKKINFFFB78CC,南勢坑段埔子小段,22.46,都市：住,,,,00240152
RPRNMLTKKINFFFB78CC,南勢坑段埔子小段,49.00,都市：住,,,,00240167
RPOOMLKLKINFFAB27CC,繼光段五小段,.00,非都市： ; 非都市編定：,,,,00150000
RPOOMLKLKINFFAB27CC,繼光段五小段,.00,非都市： ; 非都市編定：,,,,00150001
RPRPMLKLKINFFIB48CC,大孝段,.00,都市：住,,,,00840019
RPXOMLKLKINFFAB18CC,旱新段,11.14,都市：商,,,,01810000
RPWOMLKLKINFFAB08CC,萬安段八小段,36.42,都市：住,,,,00040009
RPPOMLKLKINFFAB37CC,大益段,.00,都市：住,,,,04900000
RPVOMLKLKINFFAB97CC,麻園頭段,7.13,都市：商,,,,00160029
RPOPMLKLKINFFAB37CC,旱新段,14.36,都市：商,,,,00760001
RPQOMLKLKINFFCB67CC,惠智段,89.45,都市：住,,,,00830000
RPOPMLKLKINFFCB57CC,惠民段,14.66,都市：其他:第五種新市政中心專用區(新市政中心專用區),,,,01390000
RPVOMLKLKINFFCB18CC,惠民段,15.76,都市：其他:第五種新市政中心專用區(新市政中心專用區),,,,01390000
RPROMLKLKINFFCB77CC,中義段,1502.00,都市：住,,,,06560000
RPSOMLKLKINFFCB87CC,國安段,5354.38,都市：住,,,,05930066
RPUOMLKLKINFFCB08CC,惠義段,3249.05,都市：住,,,,01680000
RPUNMLKLKINFFCB97CC,惠民段,6.32,都市：其他:第五種新市政中心專用區(新市政中心專用區),,,,01380000
RPOOMLKLKINFFCB47CC,惠順段,101.31,都市：住,,,,01320002
RPPOMLKLKINFFCB57CC,惠民段,18.39,都市：其他:第五種新市政中心專用區(新市政中心專用區),,,,01380000
RPWOMLTKKINFFCB09CC,惠民段,9.70,都市：其他:第六種新市政中心專用區,,,,01110000
RPPPMLKLKINFFCB67CC,永春段,336.76,都市：住,,,,03260000
RPSPMLKLKINFFCB97CC,惠民段,21.48,都市：其他:第五種新市政中心專用區(新市政中心專用區),,,,01380000
RPUOMLLLKINFFCB18CC,福和段,103.38,都市：住,,,,00560031
RPUOMLLLKINFFCB18CC,福和段,13.33,都市：住,,,,00560009
RPUOMLLLKINFFCB18CC,福和段,15.44,都市：住,,,,00560008
RPOQMLKLKINFFCB67CC,順和段,14.74,都市：住,,,,03140000
RPXPMLKLKINFFCB48CC,中和段,70.75,都市：商,,,,04180000
RPVOMLLLKINFFCB28CC,中正段,1550000.00,都市：商,,,,01550000
RPPOMLLLKINFFAB47CC,公館段,37.46,都市：商,,,,00630001
RPTNMLLLKINFFAB77CC,公館段,1.26,都市：住,,,,00620001
RPTNMLLLKINFFAB77CC,公館段,1.09,都市：住,,,,00630001
RPUOMLLLKINFFAB97CC,土庫段,.00,都市：住,,,,00280002
RPSNMLMLKINFFJB68CC,新福段,66.80,都市：住,,,,00230000
RPWOMLMLKINFFAB28CC,旱溪段,77.00,都市：住,,,,01850419
RPQNMLMLKINFFAB57CC,下橋子頭段,35.75,都市：住,,,,01600112
RPUOMLMLKINFFBB28DC,中興段,7.77,都市：住,,,,05300000
RPPQMLMLKINFFCB97CC,西屯段,.00,都市：住,,,,15410030
RPPQMLMLKINFFBB87CC,東峰段,19.18,都市：住,,,,01320000
RPUTMLLLKINFFBB58CC,水湳段,.00,都市：住,,,,04670000
RPWOMLMLKINFFBB38CC,賴厝?段,45.25,都市：住,,,,02010125
RPWPMLMLKINFFBB48CC,錦村段,83.00,都市：住,,,,00080065
RPSSMLKLKINFFBB18CC,太原段,13.14,都市：住,,,,01000000
RPSRMLLLKINFFBB18CC,陳平段,21.00,都市：商,,,,11610000
RPSRMLLLKINFFBB18CC,陳平段,5.00,都市：商,,,,11600002
RPSRMLKLKINFFBB08CC,太和段,.00,都市：住,,,,00770000
RPSRMLKLKINFFBB08CC,太和段,.00,都市：住,,,,00790000
RPQQMLMLKINFFBB97CC,東峰段,19.18,都市：住,,,,01320000
RPTSMLKLKINFFBB28CC,賴厝?段,3.64,都市：住,,,,00490050
RPTSMLKLKINFFBB28CC,賴厝?段,4.27,都市：住,,,,04460000
RPUSMLKLKINFFBB38CC,東新段,10.17,都市：住,,,,00080000
RPVNMLOLKINFFBB38CC,東峰段,25.31,都市：住,,,,01320000
RPXNMLOLKINFFBB58CC,東峰段,25.31,都市：住,,,,01320000
RPSOMLOLKINFFBB18CC,錦村段,25.56,都市：住,,,,02130085
RPSQMLMLKINFFBB18CC,東峰段,19.18,都市：住,,,,01320000
RPPOMLOLKINFFBB87CC,賴厝?段,31.00,都市：住,,,,00710026
RPRNMLOLKINFFKB88CC,藝術段,25.63,都市：住,,,,00010000
RPUOMLOLKINFFBB38CC,平田段,16.22,都市：住,,,,00020000
RPUOMLOLKINFFBB38CC,平田段,7.56,都市：住,,,,00020001
RPUOMLOLKINFFBB38CC,平田段,24.71,都市：住,,,,00030000
RPUOMLOLKINFFBB38CC,平田段,17.43,都市：住,,,,00030001
RPUOMLOLKINFFBB38CC,平田段,11.84,都市：住,,,,00070001
RPUOMLOLKINFFBB38CC,平田段,8.00,都市：住,,,,00280001
RPUOMLOLKINFFBB38CC,平田段,21.59,都市：住,,,,00040000
RPUOMLOLKINFFBB38CC,平田段,20.49,都市：住,,,,00040001
RPVOMLOLKINFFCB58CC,上石碑段,71.86,都市：商,,,,26800000
RPPNMLNLKINFFCB77CC,保安段,61.53,都市：住,,,,11040047
RPPNMLNLKINFFCB77CC,保安段,4.69,都市：住,,,,11040029
RPTNMLOLKINFFAB18DC,麻園頭段,53.57,都市：住,,,,01500000
RPUOMLOLKINFFCB48CC,中正段,15.82,都市：住,,,,02580000
RPUOMLOLKINFFCB48CC,中正段,9.07,都市：住,,,,02570000
RPWNMLOLKINFFAB38CC,土庫段,71.88,都市：住,,,,00570001
RPVNMLOLKINFFAB28CC,樹子腳段,101.75,都市：住,,,,16490000
RPXNMLPLKINFFFB09CC,南勢坑段埔子小段,25.30,都市：商,,,,04450000
RPPOMLOLKINFFIB58CC,喬城段,73.16,都市：住,,,,04470000
RPPNMLOLKINFFFB18CC,大學段,14.96,都市：住,,,,09000000
RPVOMLPLKINFFDB78CC,月眉段,1752.00,都市：農,,,,02000008
RPWWMLPLKINFFFB27CC,六福段,23.94,都市：住,,,,04990000
RPXNMLPLKINFFHB66CC,大新段,7.36,都市：住,,,,06880000
RPWTMLPLKINFFIB27CC,大峰段,17.05,都市：住,,,,07390000
RPPOMLOLKINFFAB77CC,東勢子段,91.77,都市：住,,,,00280399
RPTNMLPLKINFFBB28CC,文正段,12.78,都市：住,,,,00280004
RPQPMLPLKINFFJB98CC,長億段,22.99,都市：住,,,,09650000
RPRPMLPLKINFFCB38CC,上石碑段,3.48,都市：商,,,,17900000
RPRPMLPLKINFFCB38CC,上石碑段,3.11,都市：商,,,,18000007
RPORMLPLKINFFBB18CC,賴厝?段,.21,都市：商,,,,00310003
RPORMLPLKINFFBB18CC,邱厝子段,.17,都市：商,,,,00310062
RPXSMLPLKINFFBB56CC,太和段,15.40,都市：住,,,,00300000
RPQPMLPLKINFFCB28CC,中正段,6.72,都市：商,,,,01550000
RPXQMLPLKINFFBB98CC,賴厝?段,2.96,都市：商,,,,00310003
RPXQMLPLKINFFBB98CC,邱厝子段,2.38,都市：商,,,,00310062
RPXQMLPLKINFFCB09CC,寶山段,15.67,都市：住,,,,06470000
RPSPMLPLKINFFCB48CC,中正段,5.31,都市：商,,,,01550000
RPWQMLPLKINFFCB98CC,上石碑段,9.31,都市：住,,,,09350000
RPXWMLPLKINFFFB37CC,六福段,21.66,都市：住,,,,04990000
RPOOMLQLKINFFCB08CC,惠順段,75.10,都市：商,,,,00490000
RPOOMLQLKINFFCB08CC,惠順段,75.10,都市：商,,,,00480000
RPWOMLQLKINFFCB88CC,豐富段,4068.11,都市：住,,,,01790000
RPXOMLQLKINFFCB98CC,大墩段,1853.00,都市：住,,,,04700000
RPRNMLQLKINFFCB28CC,西屯段,.00,都市：住,,,,23660008
RPRNMLQLKINFFCB28CC,西屯段,.00,都市：住,,,,23680011
RPRNMLQLKINFFCB28CC,西屯段,.00,都市：住,,,,23680007
RPRNMLQLKINFFCB28CC,西屯段,.00,都市：住,,,,23660043
RPRNMLQLKINFFCB28CC,西屯段,.00,都市：住,,,,23660038
RPQNMLQLKINFFCB18CC,惠安段,.00,都市：商,,,,00200000
RPPNMLQLKINFFCB08CC,國安段,.00,都市：住,,,,05930489
RPPPMLQLKINFFCB28CC,三塊厝段,1139.00,都市：住,,,,12430001
RPUPMLQLKINFFCB78CC,惠國段,17.98,都市：住,,,,01240000
RPSQMLQLKINFFCB68CC,田心段,112.00,都市：住,,,,06090011
RPSQMLQLKINFFCB68CC,田心段,35.00,都市：住,,,,06080006
RPTVMLQLKINFFBB56CC,水源段,48.00,都市：住,,,,02300527
RPSNMLQLKINFFJB09CC,愛平段,390.00,都市：住,,,,03030000
RPQNMLQLKINFFKB98CC,東海段,26.54,都市：住,,,,00750000
RPPOMLQLKINFFJB88CC,育賢段,.00,都市：商,,,,01330000
RPUVMLQLKINFFBB66CC,水源段,54.00,都市：住,,,,02300456
RPXNMLQLKINFFIB86CC,大元段,30.93,都市：住,,,,06630000
RPROMLQLKINFFIB98CC,振坤段,33.61,非都市：鄉村區 ; 非都市編定：乙種建築用地,,,,01330021
RPPQMLPLKINFFAB08CC,公館段,17.00,都市：住,,,,01510051
RPRPMLRLKINFFIB56CC,大忠段,.00,都市：住,,,,01980000
RPWOMLRLKINFFBB98DC,景東段,270.40,都市：住,,,,04210001
RPOQMLPLKINFFAB97CC,麻園頭段,17.03,都市：住,,,,04750000
RPOQMLPLKINFFAB97CC,麻園頭段,14.65,都市：住,,,,04760000
RPUNMLRLKINFFBB58CC,長安段,10.80,都市：住,,,,07750000
RPWPMLRLKINFFCB09CC,國安段,34.49,都市：住,,,,05990000
RPQRMLSLKINFFCB78CC,大墩段,28.38,都市：住,,,,00550000
RPPPMLSLKINFFCB48CC,福星段,156.30,都市：住,,,,01080000
RPTRMLSLKINFFCB09CC,中和段,8.30,都市：住,,,,04120000
RPSRMLSLKINFFCB98CC,田心段,3.57,都市：住,,,,08960000
RPOOMLSLKINFFHB78CC,家興段,8.09,都市：住,,,,05630000
RPROMLQLKINFFAB18CC,土庫段,1948.00,都市：住,,,,00200000
RPWRMLSLKINFFBB66CC,邱厝子段,.08,都市：住,,,,01090013
RPOQMLSLKINFFBB38CC,文正段,14.44,都市：商,,,,01090007
RPWRMLSLKINFFBB66CC,邱厝子段,2.04,都市：住,,,,01100004
RPWSMLSLKINFFBB76CC,大湖段,70.81,都市：其他:旅館區,,,,10000000
RPVSMLSLKINFFBB66CC,東信段,5.41,都市：商,,,,02580000
RPOTMLSLKINFFBB68CC,文正段,5.04,都市：住,,,,01090005
RPOTMLSLKINFFBB68CC,文正段,.88,都市：住,,,,01090003
RPRQMLRLKINFFBB58CC,軍福段,.00,都市：商,,,,01140000
RPROMLSLKINFFAB38CC,半平厝段,15.20,都市：住,,,,19990000
RPUNMLSLKINFFFB09CC,南勢坑段埔子小段,21.59,都市：商,,,,02490000
RPUNMLSLKINFFFB09CC,南勢坑段埔子小段,1.33,都市：商,,,,02490053
RPWOMLSLKINFFAB88CC,中墩段一小段,4.81,都市：商,,,,00640000
RPXOMLSLKINFFAB98CC,柳川段一小段,1.57,都市：商,,,,00040000
RPXOMLSLKINFFAB98CC,柳川段一小段,.36,都市：商,,,,00040006
RPOPMLSLKINFFAB18CC,公館段,5.18,都市：住,,,,00620001
RPOPMLSLKINFFAB18CC,公館段,4.49,都市：住,,,,00630001
RPVOMLLMKINFFBB28CC,東峰段,145.00,都市：商,,,,00500000
RPVNMLTLKINFFCB98CC,安林段,.00,都市：住,,,,06430000
RPPNMLLJJHOFFBB17CC,仁美段,75.00,都市：住,,,,07110000
RPPQMLSLKINFFIB56CC,峰北段,142.00,非都市：鄉村區 ; 非都市編定：乙種建築用地,,,,00510000
RPUPMLSLKINFFIB96CC,益民段,24.01,都市：住,,,,07160000
RPUPMLSLKINFFIB96CC,益民段,.94,都市：住,,,,07170000
RPUOMLSLKINFFIB86CC,長春段,15.38,都市：其他:市場用地,,,,01240000
RPWNMLSLKINFFIB96CC,峰南段,.00,都市：住,,,,01400000
RPQNMLLJJHOFFBB27CC,錦村段,17.00,都市：住,,,,01070008
RPQNMLMJJHOFFCB47CC,惠民段,15.24,都市：其他:新市政中心專用區,,,,01110000
RPXPMLMJJHOFFBB28CC,東正段,210.00,都市：住,,,,00920005
RPRNMLMJJHOFFCB57CC,惠民段,15.58,都市：其他:新市政中心專用區,,,,01110000
RPTNMLMJJHOFFCB77CC,大新段,260.00,都市：住,,,,00770000
RPSNMLMJJHOFFCB67CC,惠民段,20.77,都市：商,,,,01380000
RPVQMLSLKINFFAB98CC,公館段,13.01,都市：住,,,,01580337
RPWQMLSLKINFFAB09CC,樹子腳段,8.31,都市：商,,,,07410000
RPUQMLSLKINFFAB88CC,信義段九小段,6.48,都市：住,,,,00030009
RPUQMLSLKINFFAB88CC,信義段九小段,.10,都市：住,,,,00030050
RPUQMLSLKINFFAB88CC,信義段九小段,1.31,都市：住,,,,00030022
RPQPMLSLKINFFAB38CC,公館段,1.26,都市：商,,,,00630001
RPQPMLSLKINFFAB38CC,公館段,1.46,都市：商,,,,00620001
RPXNMLMJJHOFFCB18CC,惠民段,18.49,都市：其他:新市政中心專用區,,,,00110000
RPWNMLMJJHOFFCB08CC,惠民段,13.29,都市：其他:新市政中心專用區,,,,01390000
RPVNMLMJJHOFFCB97CC,惠民段,19.23,都市：其他:新市政中心專用區,,,,00110000
RPRNMLMJJHOFFAB37CC,公館段,3.72,都市：商,,,,01580076
RPSNMLMJJHOFFAB47CC,麻園頭段,34.30,都市：住,,,,01730023
RPTPMLMJJHOFFAB77CC,半平厝段,96.00,都市：住,,,,09100000
RPTPMLMJJHOFFAB77CC,半平厝段,6.00,都市：住,,,,09100001
RPUNMLMJJHOFFDB97CC,福德段,150.63,都市：住,,,,04250000
RPVNMLMJJHOFFDB08CC,豐原段,217.00,都市：住,,,,07590043
RPSNMLNJJHOFFAB57CC,頂橋子頭段,.00,都市：商,,,,01450018
RPRNMLNJJHOFFDB77CC,翁明段,140.10,都市：工,,,,00080000
RPOOMLMJJHOFFCB37CC,惠民段,13.47,都市：其他:新市政中心專用區,,,,00110000
RPSPMLMJJHOFFCB87CC,惠順段,22.97,都市：商,,,,00170000
RPXOMLMJJHOFFCB28CC,南屯段,21.78,都市：住,,,,14600029
RPXOMLMJJHOFFCB28CC,南屯段,9.00,都市：住,,,,14590002
RPPOMLMJJHOFFCB47CC,上石碑段,619.00,都市：商,,,,17220000
RPPOMLMJJHOFFCB47CC,上石碑段,813.00,都市：商,,,,20460000
RPPOMLMJJHOFFCB47CC,上石碑段,743.00,都市：商,,,,20460001
RPPOMLMJJHOFFCB47CC,上石碑段,232.00,都市：商,,,,20470010
RPPOMLMJJHOFFCB47CC,上石碑段,194.00,都市：商,,,,20470041
RPPOMLMJJHOFFCB47CC,上石碑段,761.00,都市：商,,,,20480000
RPROMLMJJHOFFCB67CC,惠民段,17.44,都市：住,,,,00120000
RPVOMLMJJHOFFCB08CC,南屯段,9.00,都市：住,,,,14590002
RPVOMLMJJHOFFCB08CC,南屯段,72.00,都市：住,,,,14600029
RPQPMLMJJHOFFCB67CC,上石碑段,15.64,都市：住,,,,17300000
RPRNMLNJJHOFFCB67CC,福安段,.00,都市：住,,,,04760002
RPUNMLNJJHOFFAB77CC,後?子段,.00,都市：住,,,,02350184
RPWNMLNJJHOFFCB18CC,鑫港尾段,1108.31,都市：住,,,,02550000
RPVOMLNJJHOFFCB18CC,福安段,1249.00,都市：住,,,,00080001
RPVNMLNJJHOFFCB08CC,鑫港尾段,341.84,都市：住,,,,02180000
RPVNMLNJJHOFFCB08CC,鑫港尾段,496.95,都市：住,,,,02190000
RPRPMLNJJHOFFCB87CC,中正段,8.21,都市：商,,,,01550000
RPUOMLNJJHOFFCB08CC,福安段,1249.00,都市：住,,,,00080001
RPQOMLNJJHOFFBB57CC,東信段,89.00,都市：商,,,,02600001
RPSOMLNJJHOFFCB87CC,中正段,8.49,都市：商,,,,01550000
RPPOMLNJJHOFFBB47CC,崇德段,.00,都市：住,,,,00770000
RPROMLNJJHOFFCB77CC,中正段,6.28,都市：商,,,,01550000
RPTNMLNJJHOFFCB87CC,國安段,.00,都市：住,,,,00120014
RPQQMLNJJHOFFBB77CC,賴厝?段,.21,都市：商,,,,00310003
RPQQMLNJJHOFFBB77CC,邱厝子段,.17,都市：商,,,,00310062
RPXPMLNJJHOFFBB38CC,賴厝?段,3.42,都市：商,,,,00310003
RPXPMLNJJHOFFBB38CC,邱厝子段,2.75,都市：商,,,,00310062
RPVPMLNJJHOFFBB18CC,賴厝?段,3.16,都市：商,,,,00310003
RPVPMLNJJHOFFBB18CC,邱厝子段,2.54,都市：商,,,,00310062
RPOPMLNJJHOFFBB47CC,東峰段,6.84,都市：商,,,,01580000
RPSQMLNJJHOFFBB97CC,賴厝?段,.14,都市：商,,,,00310003
RPSQMLNJJHOFFBB97CC,邱厝子段,.11,都市：商,,,,00310062
RPTPMLNJJHOFFBB97CC,賴厝?段,3.19,都市：商,,,,00310003
RPTPMLNJJHOFFBB97CC,邱厝子段,2.56,都市：商,,,,00310062
RPRQMLNJJHOFFBB87CC,賴厝?段,3.30,都市：商,,,,00310003
RPRQMLNJJHOFFBB87CC,邱厝子段,2.65,都市：商,,,,00310062
RPRPMLNJJHOFFBB77CC,賴厝?段,.21,都市：商,,,,00310003
RPRPMLNJJHOFFBB77CC,邱厝子段,.17,都市：商,,,,00310062
RPQPMLNJJHOFFBB67CC,東峰段,10.16,都市：商,,,,01580000
RPUPMLNJJHOFFCB18CC,上石碑段,3.41,都市：商,,,,17900000
RPUPMLNJJHOFFCB18CC,上石碑段,3.05,都市：商,,,,18000007
RPTQMLNJJHOFFBB08CC,賴厝?段,4.33,都市：商,,,,00310003
RPTQMLNJJHOFFBB08CC,邱厝子段,3.48,都市：商,,,,00310062
RPSOMLOJJHOFFAB77CC,下橋子頭段,5.49,都市：商,,,,02170014
RPVNMLOJJHOFFCB18CC,永安段,79.20,都市：住,,,,09970000
RPXNMLOJJHOFFCB38CC,大新段,.00,都市：住,,,,05170000
RPTOMLOJJHOFFAB87CC,下橋子頭段,3.44,都市：商,,,,02170014
RPVNMLOJJHOFFDB28CC,東湳段,724.75,都市：住,,,,06600001
RPVQMLRJJHOFFAB58CC,公館段,15.00,都市：其他:道路用地,,,,00620100
RPVQMLRJJHOFFAB58CC,公館段,44.00,都市：住,,,,00640032
RPVQMLRJJHOFFAB58CC,公館段,53.00,都市：住,,,,00620102
RPTRMLRJJHOFFCB68CC,豐功段,.00,都市：商,,,,01580000
RPURMLRJJHOFFCB78CC,惠民段,.00,都市：其他:第六種新市政中心專用區,,,,00040000
RPVRMLRJJHOFFCB88CC,國安段,.00,都市：住,,,,05930066
RPORMLNJJHOFFBB67CC,東峰段,5.92,都市：商,,,,01580000
RPVPMLOJJHOFFBB28CC,景美段,113.33,都市：住,,,,02650003
RPVPMLOJJHOFFBB28CC,景美段,15.30,都市：住,,,,02650000
RPVPMLOJJHOFFBB28CC,景美段,231.84,都市：住,,,,02650001
RPVPMLOJJHOFFBB28CC,景美段,7.20,都市：住,,,,02650002
RPXQMLNJJHOFFBB48CC,東峰段,6.34,都市：商,,,,01580000
RPVQMLNJJHOFFBB28CC,東峰段,11.13,都市：商,,,,01580000
RPUNMLSJJHOFFCB48CC,國安段,7.10,都市：住,,,,05930491
RPRPMLSJJHOFFCB38CC,惠民段,17.44,都市：其他:第六種新市政中心專用區,,,,00120000
RPPRMLRJJHOFFAB08CC,頂橋子頭段,.00,都市：其他:屬第二種住宅區及第一種商業區,,,,00950055
RPORMLRJJHOFFAB97CC,頂橋子頭段,.00,都市：住,,,,03840019
RPQQMLSJJHOFFCB38CC,大新段,19.26,都市：住,,,,04140000
RPXQMLRJJHOFFAB78CC,平和段,.00,都市：商,,,,00500000
RPUQMLSJJHOFFCB78CC,惠智段,76.85,都市：住,,,,01340000
RPOOMLTJJHOFFFB38CC,市鎮北段,10.67,都市：商,,,,00390000
RPTNMLSJJHOFFDB48CC,豐原段,3.60,都市：住,,,,08290320
RPTNMLSJJHOFFDB48CC,豐原段,105.00,都市：住,,,,08290315
RPSOMLSJJHOFFAB18CC,麻園頭段,165.00,都市：商,,,,06150001
RPVTMLTJJHOFFFB96CC,晉江北段,.00,都市：住,,,,01080000
RPWTMLTJJHOFFFB07CC,市鎮北段,11.00,都市：商,,,,00390000
RPOPMLTJJHOFFIB78CC,三民段,106.67,都市：住,,,,14000026
RPOPMLTJJHOFFIB78CC,三民段,.25,都市：住,,,,14000028
RPPPMLTJJHOFFIB88CC,烏日段,110.09,都市：住,,,,06790000
RPUPMLRJJHOFFBB48CC,水源段,.00,都市：住,,,,02870002
RPXTMLTJJHOFFFB17CC,市鎮北段,64.98,都市：商,,,,02010000
RPVNMLRJJHOFFBB38CC,東光段,.00,都市：住,,,,01600000
RPSOMLTJJHOFFBB38CC,景美段,20.56,都市：住,,,,00530000
RPXQMLSJJHOFFBB98CC,賴厝?段,15.73,都市：住,,,,03440000
RPUNMLRJJHOFFBB28CC,賴厝?段,.00,都市：住,,,,00600023
RPVRMLTJJHOFFIB07CC,西榮段,84.59,都市：商,,,,03310000
RPQOMLKKJHOFFCB47CC,安和段,.00,都市：工,,,,02370016
RPWOMLTJJHOFFBB78CC,軍和段,17.02,都市：商,,,,01830000
RPWNMLKKJHOFFCB97CC,春安段,.00,都市：住,,,,03450000
RPUNMLKKJHOFFCB77CC,三塊厝段,36.40,都市：住,,,,00990000
RPXOMLKKJHOFFCB18CC,大進段,16.06,都市：住,,,,06870000
RPOPMLKKJHOFFCB37CC,惠信段,75.16,都市：住,,,,00840000
RPQNMLLKJHOFFCB47CC,惠禮段,85.59,都市：住,,,,01620004
RPSOMLLKJHOFFCB77CC,寶山段,15.11,都市：住,,,,12540000
RPSQMLLKJHOFFCB97CC,國安段,30.42,都市：住,,,,06010000
RPPQMLLKJHOFFCB67CC,中正段,9.74,都市：商,,,,01550000
RPTPMLLKJHOFFCB97CC,南屯段,.00,都市：住,,,,13110017
RPWNMLLKJHOFFCB08CC,大墩段,14.13,都市：住,,,,00250000
RPPPMLLKJHOFFCB57CC,豐功段,.00,都市：商,,,,02090000
RPTOMLLKJHOFFCB87CC,國安段,3078.84,都市：其他:市場用地,,,,05890000
RPOPMLLKJHOFFCB47CC,惠來厝段,4.00,都市：住,,,,04150000
RPOPMLLKJHOFFCB47CC,惠來厝段,1.00,都市：住,,,,04160000
RPOPMLLKJHOFFCB47CC,惠來厝段,27.00,都市：住,,,,04190000
RPOPMLLKJHOFFCB47CC,惠來厝段,26.00,都市：住,,,,04200000
RPOPMLLKJHOFFCB47CC,惠來厝段,26.00,都市：住,,,,04470000
RPQOMLLKJHOFFCB57CC,福安段,13.74,都市：住,,,,08010018
RPUQMLLKJHOFFCB18CC,上石碑段,.00,都市：住,,,,13080001
RPQSMLLKJHOFFBB87CC,乾溝子段,.40,都市：住,,,,01730011
RPQSMLLKJHOFFBB87CC,乾溝子段,13.89,都市：住,,,,01700049
RPVPMLLKJHOFFBB08CC,松昌段,.00,都市：住,,,,04820000
RPVPMLLKJHOFFBB08CC,松昌段,.00,都市：商,,,,04850000
RPVOMLLKJHOFFBB97CC,東信段,17.41,都市：住,,,,02370000
RPRPMLLKJHOFFBB67CC,軍福段,18.39,都市：商,,,,00150000
RPQNMLKKJHOFFBB27CC,軍福段,.00,都市：商,,,,01400000
RPXQMLLKJHOFFCB48CC,大墩段,.00,都市：住,,,,00530001
RPWOMLLKJHOFFBB08CC,昌平段,688.59,都市：住,,,,01500000
RPVSMLLKJHOFFBB38CC,東峰段,10.62,都市：商,,,,01580000
RPWQMLLKJHOFFCB38CC,大進段,.00,都市：住,,,,00090000
RPVQMLLKJHOFFCB28CC,國安段,.00,都市：住,,,,06010000
RPSUMLLKJHOFFBB28CC,北屯段,25.20,都市：住,,,,02660008
RPWTMLLKJHOFFBB58CC,賴厝?段,2.47,都市：住,,,,00490050
RPTUMLLKJHOFFBB38CC,北屯段,15.20,都市：商,,,,04100002
RPWTMLLKJHOFFBB58CC,賴厝?段,2.91,都市：住,,,,04460000
RPQTMLLKJHOFFBB97CC,東新段,13.11,都市：住,,,,00170002
RPOUMLLKJHOFFBB87CC,賴厝?段,63.00,都市：住,,,,02220062
RPOTMLLKJHOFFBB77CC,賴厝?段,3.16,都市：商,,,,00310003
RPOTMLLKJHOFFBB77CC,邱厝子段,2.54,都市：商,,,,00310062
RPPUMLLKJHOFFBB97CC,陳平段,8.88,都市：住,,,,14580000
RPPUMLLKJHOFFBB97CC,陳平段,11.71,都市：住,,,,14580004
RPPUMLLKJHOFFBB97CC,陳平段,1.52,都市：住,,,,14580007
RPPTMLLKJHOFFBB87CC,賴厝?段,.29,都市：商,,,,00310003
RPPTMLLKJHOFFBB87CC,邱厝子段,.23,都市：商,,,,00310062
RPUTMLLKJHOFFBB38CC,賴厝?段,11.70,都市：住,,,,03330000
RPUTMLLKJHOFFBB38CC,賴厝?段,.32,都市：住,,,,03340000
RPXSMLLKJHOFFBB58CC,賴厝?段,.28,都市：商,,,,00310003
RPXSMLLKJHOFFBB58CC,邱厝子段,.22,都市：商,,,,00310062
RPUNMLLKJHOFFIB48CC,中興段,29.44,都市：住,,,,01430026
RPQOMLLKJHOFFAB37CC,麻園頭段,.00,都市：住,,,,01320000
RPQNMLLKJHOFFHB97CC,員寶段,68.81,都市：農,,,,10800000
RPQNMLLKJHOFFHB97CC,員寶段,23.25,都市：農,,,,10640000
RPXNMLLKJHOFFIB78CC,新三和段,90.37,都市：住,,,,00740034
RPXNMLLKJHOFFIB78CC,新三和段,29.08,都市：住,,,,00740046
RPQOMLLKJHOFFIB18CC,鳳凰段,52.53,非都市：工業區 ; 非都市編定：丁種建築用地,,,,01830034
RPQOMLLKJHOFFIB18CC,鳳凰段,20.09,非都市：工業區 ; 非都市編定：丁種建築用地,,,,01830000
RPTNMLLKJHOFFJB48CC,新興段,.00,都市：住,,,,01330000
RPWOMLLKJHOFFFB48CC,市鎮北段,12.86,都市：商,,,,02380000
RPSQMLLKJHOFFAB77CC,東勢子段,79.00,都市：住,,,,00240320
RPSNMLLKJHOFFHB18CC,嘉豐段,75.12,都市：住,,,,09700000
RPSOMLLKJHOFFJB48CC,東和段,.00,都市：住,,,,09610019
RPTOMLLKJHOFFJB58CC,東和段,.00,都市：住,,,,09610019
RPXNMLMKJHOFFIB88CC,新榮和段,485.12,都市：住,,,,00290000
RPOOMLMKJHOFFIB08CC,新榮和段,485.12,都市：住,,,,00290000
RPPOMLMKJHOFFIB18CC,新榮和段,485.12,都市：住,,,,00290000
RPROMLOKJHOFFBB87CC,邱厝子段,57.00,都市：其他:空白,,,,00590031
RPOPMLLKJHOFFIB08CC,仁化段,24.02,都市：住,,,,08740000
RPWNMLMKJHOFFIB78CC,新榮和段,485.12,都市：住,,,,00290000
RPTNMLMKJHOFFIB48CC,新榮和段,485.12,都市：住,,,,00290000
RPVNMLMKJHOFFIB68CC,新榮和段,485.12,都市：住,,,,00290000
RPPPMLLKJHOFFIB18CC,九如段,9.35,都市：住,,,,05260000
RPUNMLMKJHOFFIB58CC,新榮和段,485.12,都市：住,,,,00290000
RPRPMLLKJHOFFIB38CC,南湖段,93.38,都市：住,,,,00800000
RPRPMLLKJHOFFIB38CC,南湖段,2.76,都市：住,,,,00870000
RPSNMLOKJHOFFJB68CC,樹孝段,.00,都市：住,,,,07920004
RPSNMLMKJHOFFIB38CC,新榮和段,485.12,都市：住,,,,00290000
RPWPMLPKJHOFFCB68CC,文山段,1361.00,都市：工,,,,01090000
RPPPMLPKJHOFFDB08CC,三陽段,248.49,都市：住,,,,01710000
RPPPMLPKJHOFFDB08CC,三陽段,159.82,都市：住,,,,01720000
RPWOMLPKJHOFFAB38CC,東勢子段,14.33,都市：住,,,,00360022
RPPPMLQKJHOFFAB87CC,樹子腳段,7.61,都市：住,,,,12970000
RPXOMLOKJHOFFCB58CC,國安段,.00,都市：住,,,,00120015
RPQPMLQKJHOFFAB97CC,頂橋子頭段,8.61,都市：住,,,,01380000
RPSPMLQKJHOFFAB18CC,頂橋子頭段,8.91,都市：住,,,,01380000
RPUPMLQKJHOFFAB38CC,頂橋子頭段,8.46,都市：住,,,,01380000
RPWPMLQKJHOFFAB58CC,頂橋子頭段,8.76,都市：住,,,,01380000
RPRPMLQKJHOFFAB08CC,頂橋子頭段,8.61,都市：住,,,,01380000
RPVPMLQKJHOFFAB48CC,頂橋子頭段,8.46,都市：住,,,,01380000
RPQQMLQKJHOFFAB08CC,頂橋子頭段,8.76,都市：住,,,,01380000
RPRQMLQKJHOFFAB18CC,頂橋子頭段,11.03,都市：住,,,,01380000
RPPQMLQKJHOFFAB97CC,頂橋子頭段,8.46,都市：住,,,,01380000
RPXPMLQKJHOFFAB68CC,頂橋子頭段,8.91,都市：住,,,,01380000
RPSQMLQKJHOFFAB28CC,頂橋子頭段,10.88,都市：住,,,,01380000
RPTQMLQKJHOFFAB38CC,頂橋子頭段,10.88,都市：住,,,,01380000
RPVQMLQKJHOFFAB58CC,頂橋子頭段,10.88,都市：住,,,,01380000
RPUQMLQKJHOFFAB48CC,頂橋子頭段,10.88,都市：住,,,,01380000
RPWQMLQKJHOFFAB68CC,頂橋子頭段,10.88,都市：住,,,,01380000
RPUOMLOKJHOFFBB18CC,陳平段,92.00,都市：住,,,,03600000
RPUOMLOKJHOFFBB18CC,陳平段,15.00,都市：住,,,,03610000
RPTPMLPKJHOFFBB28CC,東峰段,18.62,都市：住,,,,01320000
RPOPMLPKJHOFFBB77CC,東峰段,51.21,都市：商,,,,02550000
RPUPMLPKJHOFFBB38CC,松觀段,17.85,都市：住,,,,03090000
RPWNMLQKJHOFFDB68CC,豐洲段,83.17,都市：住,,,,00450000
RPQPMLQKJHOFFIB78CC,益民段,28.49,都市：住,,,,07110000
RPXOMLQKJHOFFDB88CC,豐原段,92.00,都市：住,,,,08810036
RPVNMLQKJHOFFHB98CC,僑忠段,60.02,都市：農,,,,00170009
RPQQMLQKJHOFFBB18CC,水源段,.00,都市：商,,,,02030052
RPOQMLQKJHOFFBB97CC,水源段,32.17,都市：住,,,,02670018
RPOQMLQKJHOFFBB97CC,水源段,4.16,都市：住,,,,02670017
RPSRMLQKJHOFFAB38CC,頂橋子頭段,8.46,都市：住,,,,01380000
RPRRMLQKJHOFFAB28CC,頂橋子頭段,8.61,都市：住,,,,01380000
RPORMLQKJHOFFAB97CC,頂橋子頭段,10.88,都市：住,,,,01380000
RPXQMLQKJHOFFAB78CC,頂橋子頭段,10.88,都市：住,,,,01380000
RPURMLQKJHOFFAB58CC,頂橋子頭段,10.88,都市：住,,,,01380000
RPTQMLQKJHOFFBB48CC,賴厝?段,2.68,都市：住,,,,00490050
RPTQMLQKJHOFFBB48CC,賴厝?段,3.15,都市：住,,,,04460000
RPQRMLQKJHOFFAB18CC,頂橋子頭段,8.61,都市：住,,,,01380000
RPPRMLQKJHOFFAB08CC,頂橋子頭段,11.03,都市：住,,,,01380000
RPSQMLQKJHOFFBB38CC,賴厝?段,3.37,都市：住,,,,00490050
RPSQMLQKJHOFFBB38CC,賴厝?段,3.96,都市：住,,,,04460000
RPWPMLQKJHOFFCB78CC,上石碑段,12.11,都市：住,,,,13080001
RPXPMLQKJHOFFCB88CC,中和段,4.86,都市：住,,,,05940000
RPWNMLQKJHOFFCB58CC,豐功段,52.51,都市：住,,,,02750000
RPUPMLRKJHOFFCB68CC,惠民段,15.42,都市：其他:新市政中心專用區,,,,01110000
RPWPMLRKJHOFFCB88CC,惠民段,13.93,都市：其他:新市政中心專用區,,,,01390000
RPPQMLQKJHOFFCB18CC,寶山段,11.73,都市：住,,,,08100000
RPQPMLRKJHOFFCB28CC,安和段,1320.23,都市：工,,,,02610000
RPVOMLQKJHOFFCB58CC,楓樹段,85.00,都市：其他:空白,,,,15300023
RPOQMLRKJHOFFCB18CC,福順段,28.22,都市：住,,,,01670000
RPOQMLRKJHOFFCB18CC,福順段,7.25,都市：住,,,,01660000
RPRQMLRKJHOFFCB48CC,惠民段,12.48,都市：其他:新市政中心專用區,,,,00110000
RPQQMLRKJHOFFCB38CC,中和段,12.32,都市：住,,,,01560000
RPPQMLRKJHOFFCB28CC,上石碑段,9.74,都市：住,,,,27710000
RPSNMLRKJHOFFJB98CC,光華段,1269.24,非都市：一般農業區 ; 非都市編定：丁種建築用地,,,,07300001
RPOQMLSKJHOFFDB38CC,博愛段,32.00,都市：商,,,,07630000
RPTNMLRKJHOFFJB09CC,光華段,1269.24,非都市：一般農業區 ; 非都市編定：丁種建築用地,,,,07300001
RPSPMLSKJHOFFDB78DC,豐原段,3.39,都市：住,,,,01950001
RPTOMLSKJHOFFAB38CC,下橋子頭段,1.72,都市：商,,,,02170014
RPXQMLRKJHOFFBB98CC,東義段,11.94,都市：住,,,,01110000
RPVNMLSKJHOFFIB76DC,新仁段,142.00,都市：住,,,,08740003
RPRQMLSKJHOFFBB48CC,賴厝?段,4.57,都市：商,,,,00310003
RPRQMLSKJHOFFBB48CC,邱厝子段,3.67,都市：商,,,,00310062
RPSQMLSKJHOFFBB58CC,賴厝?段,.28,都市：商,,,,00310003
RPSQMLSKJHOFFBB58CC,邱厝子段,.22,都市：商,,,,00310062
RPUQMLSKJHOFFBB78CC,賴厝?段,3.19,都市：商,,,,00310003
RPUQMLSKJHOFFBB78CC,邱厝子段,2.56,都市：商,,,,00310062
RPXOMLSKJHOFFAB78CC,下橋子頭段,3.13,都市：商,,,,02170014
RPPRMLSKJHOFFBB38CC,東峰段,6.42,都市：商,,,,01580000
RPSRMLSKJHOFFBB68CC,中清段,.00,都市：住,,,,01030000
RPXQMLSKJHOFFBB09CC,東峰段,10.07,都市：商,,,,01580000
RPORMLSKJHOFFBB28CC,東峰段,9.74,都市：商,,,,01580000
RPRQMLSKJHOFFCB58CC,中正段,9.49,都市：商,,,,01550000
RPPOMLTKJHOFFCB28CC,永春段,241.23,都市：住,,,,00330000
RPRPMLSKJHOFFCB48CC,國安段,153.03,都市：住,,,,00120015
RPOQMLSKJHOFFCB28CC,中正段,8.49,都市：商,,,,01550000
RPTOMLSKJHOFFCB58CC,大墩段,136.86,都市：商,,,,03720000
RPRRMLRKJHOFFCB58CC,大新段,39.97,都市：商,,,,08440000
RPVQMLRKJHOFFCB88CC,惠民段,14.48,都市：其他:新市政中心專用區,,,,01110000
RPUQMLRKJHOFFCB78CC,大新段,104.00,都市：住,,,,05340005
RPUQMLRKJHOFFCB78CC,大新段,104.00,都市：住,,,,05340006
RPWOMLTKJHOFFCB98CC,大進段,89.00,都市：住,,,,10860000
RPQPMLTKJHOFFAB28CC,下橋子頭段,13.98,都市：商,,,,00170013
RPVNMLTKJHOFFAB68DC,旱溪段,19.97,都市：住,,,,00210005
RPROMLTKJHOFFCB58DC,上石碑段,2.98,都市：住,,,,02770000
RPTOMLTKJHOFFCB78DC,惠信段,5.17,都市：住,,,,00780000
RPVOMLTKJHOFFCB98DC,田心段,12.09,都市：住,,,,09100000
RPXNMLTKJHOFFBB98DC,北屯段,8.12,都市：住,,,,00260000
RPUNMLTKJHOFFBB68DC,賴厝?段,6.11,都市：住,,,,03340000
RPPOMLTKJHOFFBB28DC,陳平段,7.39,都市：住,,,,18770001
RPQNMLTKJHOFFHB78CC,四德段,23.14,都市：農,,,,05240000
RPOOMLTKJHOFFBB18DC,東山段,3.37,都市：住,,,,02210000
RPRNMLTKJHOFFHB88CC,四德段,19.83,都市：農,,,,05240000
RPTNMLTKJHOFFHB09CC,忠雅段,57.41,都市：住,,,,03650000
RPVPMLTKJHOFFCB98CC,國安段,12.87,都市：住,,,,05930493
RPPQMLTKJHOFFCB48CC,上石碑段,45.34,都市：商,,,,18000007
RPOPMLTKJHOFFDB38CC,豐圳段,21.33,都市：住,,,,04630000
RPXNMLKLJHOFFBB08CC,水源段,56.00,都市：住,,,,02300482
RPXNMLLLJHOFFBB18CC,文正段,77.00,都市：商,,,,01240045
RPXNMLLLJHOFFBB18CC,文正段,77.00,都市：商,,,,01240046
RPXNMLLLJHOFFBB18CC,文正段,141.00,都市：商,,,,01240048
RPXNMLLLJHOFFBB18CC,文正段,15.00,都市：商,,,,01240072
RPWNMLKLJHOFFBB97CC,水源段,56.00,都市：住,,,,02300484
RPWNMLKLJHOFFBB97CC,水源段,56.00,都市：住,,,,02300485
RPOPMLTKJHOFFBB18CC,平田段,.36,都市：住,,,,00030000
RPOPMLTKJHOFFBB18CC,平田段,.25,都市：住,,,,00030001
RPOPMLTKJHOFFBB18CC,平田段,.32,都市：住,,,,00040000
RPOPMLTKJHOFFBB18CC,平田段,.30,都市：住,,,,00040001
RPOPMLTKJHOFFBB18CC,平田段,.17,都市：住,,,,00070001
RPOPMLTKJHOFFBB18CC,平田段,.24,都市：住,,,,00020000
RPOPMLTKJHOFFBB18CC,平田段,.11,都市：住,,,,00020001
RPOPMLTKJHOFFBB18CC,平田段,.12,都市：住,,,,00280001
RPWNMLLLJHOFFBB08CC,中興段,.00,都市：住,,,,05120000
RPOOMLLLJHOFFBB37CC,文正段,77.00,都市：商,,,,01240045
RPOOMLLLJHOFFBB37CC,文正段,77.00,都市：商,,,,01240046
RPOOMLLLJHOFFBB37CC,文正段,141.00,都市：商,,,,01240048
RPOOMLLLJHOFFBB37CC,文正段,15.00,都市：商,,,,01240072
RPOOMLLLJHOFFBB37CC,文正段,123.00,都市：商,,,,01240047
RPOOMLLLJHOFFBB37CC,文正段,19.00,都市：商,,,,01240071
RPPOMLKLJHOFFBB37CC,東峰段,41.00,都市：商,,,,02550000
RPOOMLKLJHOFFBB27CC,賴厝?段,648.00,都市：住,,,,00690004
RPTOMLLLJHOFFCB97CC,豐業段,27.42,都市：住,,,,02020000
RPSPMLLLJHOFFCB97CC,豐業段,77.80,都市：住,,,,00200000
RPPQMLLLJHOFFCB77CC,西屯段,3.19,都市：商,,,,09320000
RPRNMLLLJHOFFJB38CC,新高段,7.07,都市：住,,,,07430000
RPQQMLLLJHOFFCB87CC,上石碑段,.00,都市：住,,,,00650016
RPTNMLLLJHOFFBB87DC,中興段,.00,都市：住,,,,05120000
RPUNMLLLJHOFFIB68DC,益民段,812.93,都市：住,,,,14800000
RPPQMLLLJHOFFFB08CC,大學段,5.25,都市：住,,,,09170000
RPQQMLLLJHOFFFB18CC,東晉段,1.85,都市：住,,,,06790000
RPQQMLLLJHOFFFB18CC,東晉段,6.20,都市：住,,,,06760000
RPQQMLLLJHOFFFB18CC,東晉段,3.35,都市：住,,,,06800000
RPTOMLLLJHOFFIB58CC,東湖段,20.92,都市：住,,,,08950002
RPXQMLLLJHOFFBB48CC,景美段,8.67,都市：住,,,,03400000
RPXQMLLLJHOFFBB48CC,景美段,5.52,都市：住,,,,03410001
RPQPMLLLJHOFFBB67CC,北屯段,1.98,都市：住,,,,00410040
RPQPMLLLJHOFFBB67CC,北屯段,19.10,都市：住,,,,00410012
RPPOMLLLJHOFFBB47CC,文正段,77.00,都市：商,,,,01240045
RPPOMLLLJHOFFBB47CC,文正段,77.00,都市：商,,,,01240046
RPQPMLMLJHOFFAB67CC,下橋子頭段,14.96,都市：住,,,,01630011
RPWRMLLLJHOFFAB38CC,下橋子頭段,1.72,都市：商,,,,02170014
RPUQMLLLJHOFFAB08CC,下橋子頭段,45.75,都市：商,,,,01440002
RPURMLLLJHOFFAB18CC,下橋子頭段,1.83,都市：商,,,,02170014
RPXRMLLLJHOFFAB48CC,公館段,1.48,都市：住,,,,00620001
RPXRMLLLJHOFFAB48CC,公館段,1.28,都市：住,,,,00630001
RPVRMLLLJHOFFAB28CC,公館段,1.51,都市：住,,,,00620001
RPVRMLLLJHOFFAB28CC,公館段,1.31,都市：住,,,,00630001
RPQQMLLLJHOFFAB67CC,建國段五小段,12.25,都市：住,,,,00090000
RPQQMLLLJHOFFAB67CC,建國段五小段,1.88,都市：住,,,,00090001
RPQQMLLLJHOFFAB67CC,建國段五小段,1.88,都市：住,,,,00090002
RPQQMLLLJHOFFAB67CC,建國段五小段,98.00,都市：住,,,,00100000
RPQQMLLLJHOFFAB67CC,建國段五小段,14.00,都市：住,,,,00100001
RPQQMLLLJHOFFAB67CC,建國段五小段,14.00,都市：住,,,,00100002
RPQQMLLLJHOFFAB67CC,建國段五小段,98.00,都市：住,,,,00110000
RPPQMLLLJHOFFAB57CC,下橋子頭段,19.41,都市：商,,,,01440020
RPVPMLLLJHOFFAB08CC,建國段五小段,98.00,都市：住,,,,00100000
RPVPMLLLJHOFFAB08CC,建國段五小段,14.00,都市：住,,,,00100001
RPVPMLLLJHOFFAB08CC,建國段五小段,14.00,都市：住,,,,00100002
RPVPMLLLJHOFFAB08CC,建國段五小段,98.00,都市：住,,,,00110000
RPROMLMLJHOFFFB18CC,東晉段,1.85,都市：住,,,,06790000
RPROMLMLJHOFFFB18CC,東晉段,6.20,都市：住,,,,06760000
RPROMLMLJHOFFFB18CC,東晉段,3.35,都市：住,,,,06800000
RPVNMLMLJHOFFCB18CC,民安段,9.07,都市：住,,,,16750022
RPRNMLMLJHOFFCB77CC,大進段,101.00,都市：住,,,,10940000
RPTPMLMLJHOFFBB08CC,東義段,9.30,都市：住,,,,02580000
RPVPMLMLJHOFFBB28CC,賴厝?段,2.68,都市：住,,,,04420000
RPWPMLMLJHOFFBB38CC,水源段,4.15,都市：住,,,,02670017
RPWPMLMLJHOFFBB38CC,水源段,32.09,都市：住,,,,02670018
RPQQMLNLJHOFFBB97CC,錦村段,108.00,都市：住,,,,00080044
RPOTMLNLJHOFFCB18CC,上石碑段,18.87,都市：住,,,,13080001
RPPTMLNLJHOFFCB28CC,上石碑段,175.36,都市：住,,,,16570000
RPXSMLNLJHOFFCB98CC,上石碑段,18.87,都市：住,,,,13080001
RPVSMLNLJHOFFCB78CC,上石碑段,4.25,都市：住,,,,03090000
RPPQMLMLJHOFFCB87CC,大進段,16.00,都市：住,,,,06760008
RPPQMLNLJHOFFCB97CC,中正段,2540.00,都市：住,,,,01550001
RPQOMLNLJHOFFCB87CC,寶山段,568.00,都市：住,,,,09400000
RPQOMLNLJHOFFCB87CC,寶山段,1143.00,都市：住,,,,09450000
RPOOMLNLJHOFFDB77CC,豐原段,4.82,都市：商,,,,06440020
RPOOMLNLJHOFFDB77CC,豐原段,1.02,都市：商,,,,06440051
RPOOMLNLJHOFFDB77CC,豐原段,.49,都市：商,,,,06440056
RPROMLNLJHOFFDB08CC,岸裡段,10.72,都市：商,,,,01000000
RPOPMLNLJHOFFIB38CC,中山段,53.08,都市：住,,,,05860000
RPTOMLNLJHOFFIB78CC,立仁段,1.49,非都市：鄉村區 ; 非都市編定：乙種建築用地,,,,08130000
RPTOMLNLJHOFFIB78CC,立仁段,22.29,非都市：鄉村區 ; 非都市編定：乙種建築用地,,,,08180000
RPRPMLNLJHOFFFB38CC,市鎮北段,11.64,都市：商,,,,00420000
RPPPMLNLJHOFFFB18CC,市鎮北段,11.64,都市：商,,,,00420000
RPVNMLNLJHOFFHB78CC,上橫山段,106.50,都市：住,,,,00150020
RPOPMLNLJHOFFJB48CC,新福段,81.68,都市：住,,,,07670000
RPOOMLNLJHOFFHB18CC,甘潭段,12.16,都市：住,,,,01620000
RPPOMLNLJHOFFHB28CC,家福段,10.68,都市：商,,,,00370000
RPTNMLOLJHOFFKB09DC,茄投段,545.00,都市：工,,,,00300003
RPTNMLOLJHOFFKB09DC,茄投段,152.00,都市：工,,,,00310000
RPTNMLOLJHOFFKB09DC,茄投段,430.00,都市：工,,,,00400003
RPTNMLOLJHOFFKB09DC,茄投段,517.00,都市：工,,,,00410003
RPTNMLOLJHOFFDB38DC,建國段,489.80,非都市：特定農業區 ; 非都市編定：農牧用地,,,,01290000
RPTNMLOLJHOFFDB38DC,建國段,620.00,非都市：特定農業區 ; 非都市編定：農牧用地,,,,01300000
RPTNMLOLJHOFFDB38DC,建國段,543.09,非都市：特定農業區 ; 非都市編定：農牧用地,,,,01310000
RPSOMLOLJHOFFCB28DC,大新段,27.67,都市：住,,,,04180000
RPSPMLNLJHOFFAB97CC,土庫段,18.38,都市：住,,,,00380063
RPSPMLMLJHOFFAB87CC,麻園頭段,7.13,都市：商,,,,00160029
RPVOMLNLJHOFFAB18CC,仁愛段二小段,7.00,都市：商,,,,00050000
RPVOMLNLJHOFFAB18CC,仁愛段二小段,3.00,都市：商,,,,00050002
RPQPMLNLJHOFFAB77CC,公館段,1.27,都市：商,,,,00630001
RPQPMLNLJHOFFAB77CC,公館段,1.46,都市：商,,,,00620001
RPTPMLMLJHOFFAB97CC,柳川段一小段,1.57,都市：商,,,,00040000
RPTPMLMLJHOFFAB97CC,柳川段一小段,.36,都市：商,,,,00040006
RPRPMLMLJHOFFAB77CC,下橋子頭段,2.94,都市：商,,,,02180204
RPPPMLNLJHOFFAB67CC,公館段,1.27,都市：商,,,,00630001
RPPPMLNLJHOFFAB67CC,公館段,1.46,都市：商,,,,00620001
RPSPMLOLJHOFFBB28DC,乾溝子段,271.00,都市：住,,,,01340055
RPVPMLOLJHOFFAB38CC,下橋子頭段,2.21,都市：商,,,,00070012
RPWPMLOLJHOFFAB48CC,樹子腳段,13.55,都市：住,,,,10640074
RPWPMLOLJHOFFAB48CC,樹子腳段,40.22,都市：住,,,,10640030
RPWPMLOLJHOFFAB48CC,樹子腳段,72.00,都市：住,,,,10640036
RPVOMLOLJHOFFAB28CC,大益段,19.26,都市：住,,,,08250000
RPTNMLOLJHOFFAB97CC,樹子腳段,16.71,都市：住,,,,09740000
RPTPMLOLJHOFFAB18CC,麻園頭段,11.64,都市：住,,,,01870055
RPTPMLOLJHOFFAB18CC,麻園頭段,.22,都市：住,,,,01870059
RPTPMLOLJHOFFAB18CC,麻園頭段,3.77,都市：住,,,,01900027
RPTPMLOLJHOFFAB18CC,麻園頭段,3.20,都市：住,,,,01910000
RPQNMLOLJHOFFAB67CC,下橋子頭段,36.84,都市：住,,,,00270000
RPXNMLOLJHOFFAB38CC,下橋子頭段,13.56,都市：住,,,,02310001
RPUPMLNLJHOFFAB18CC,公館段,1.26,都市：商,,,,00630001
RPUPMLNLJHOFFAB18CC,公館段,1.46,都市：商,,,,00620001
RPSOMLOLJHOFFFB48CC,梧棲段,27.38,都市：住,,,,31450004
RPTOMLOLJHOFFFB58CC,大同段,3.70,都市：商,,,,11560000
RPWOMLOLJHOFFCB58CC,信安段,17.91,都市：住,,,,02270000
RPWOMLOLJHOFFCB58CC,信安段,.54,都市：住,,,,02280000
RPRNMLOLJHOFFIB58CC,大峰段,17.05,都市：住,,,,07390000
RPRQMLOLJHOFFIB88CC,大仁段,.00,都市：商,,,,00690000
RPUOMLOLJHOFFIB98CC,立仁段,19.80,非都市：鄉村區 ; 非都市編定：乙種建築用地,,,,00400000
RPROMLOLJHOFFIB68CC,鳳凰段,5.26,非都市：工業區 ; 非都市編定：丁種建築用地,,,,01680005
RPSRMLOLJHOFFCB48CC,田心段,9.62,都市：住,,,,09100000
RPPNMLOLJHOFFBB67CC,錦村段,31.08,都市：商,,,,02510026
RPTNMLOLJHOFFBB08CC,仁德段,156.00,都市：商,,,,07500000
RPTNMLOLJHOFFBB08CC,陳平段,156.00,都市：商,,,,18840000
RPSOMLOLJHOFFBB08CC,水湳段,17.55,都市：住,,,,01250000
RPWSMLOLJHOFFCB98CC,新富段,.00,都市：住,,,,02100000
RPWSMLOLJHOFFCB98CC,新富段,.00,都市：住,,,,02110000
RPUSMLOLJHOFFCB78CC,大墩段,15.04,都市：住,,,,04640000
RPWOMLOLJHOFFBB48CC,陳平段,16.38,都市：住,,,,15140000
RPSQMLOLJHOFFAB18CC,下橋子頭段,.00,都市：住,,,,02580003
RPXPMLOLJHOFFAB58CC,樹子腳段,.00,都市：住,,,,06010000
RPWQMLOLJHOFFAB58CC,樹子腳段,7.89,都市：住,,,,15700000
RPVQMLOLJHOFFAB48CC,公館段,1.21,都市：商,,,,00630001
RPVQMLOLJHOFFAB48CC,公館段,1.40,都市：商,,,,00620001
RPUQMLOLJHOFFAB38CC,樹子腳段,11.63,都市：住,,,,16980000
RPUQMLOLJHOFFAB38CC,樹子腳段,2.17,都市：住,,,,16990004
RPRSMLOLJHOFFBB38CC,賴厝?段,3.96,都市：住,,,,00710000
RPUOMLPLJHOFFBB38CC,錦村段,12.05,都市：住,,,,00610000
RPQSMLOLJHOFFBB28CC,東山段,21.21,都市：住,,,,01200000
RPSRMLPLJHOFFBB48CC,邱厝子段,74.00,都市：住,,,,00590014
RPWOMLPLJHOFFBB58CC,東新段,22.81,都市：住,,,,00170002
RPWPMLOLJHOFFBB58CC,中清段,10.76,都市：住,,,,02800000
RPVNMLPLJHOFFBB38CC,松茂段,16.62,都市：住,,,,05390000
RPPSMLOLJHOFFBB18CC,北屯段,7.61,都市：住,,,,03520003
RPSSMLOLJHOFFBB48CC,賴厝?段,3.96,都市：住,,,,00710000
RPVPMLOLJHOFFBB48CC,東山段,12.95,都市：住,,,,00450000
RPOPMLPLJHOFFCB97CC,何安段,239.90,都市：住,,,,08560000
RPUPMLPLJHOFFCB58CC,中正段,26.17,都市：住,,,,00700000
RPQPMLPLJHOFFCB18CC,何厝段,104.00,都市：商,,,,01110000
RPQPMLPLJHOFFCB18CC,何厝段,106.00,都市：商,,,,01060080
RPSSMLPLJHOFFCB68CC,上石碑段,.00,都市：住,,,,06800000
RPVPMLPLJHOFFCB68CC,中正段,7.85,都市：商,,,,01550000
RPVOMLPLJHOFFAB38CC,麻園頭段,23.74,都市：商,,,,08250000
RPPOMLPLJHOFFIB58CC,九如段,11.63,都市：住,,,,05260000
RPVNMLPLJHOFFHB98CC,東寶七段,.00,都市：住,,,,05190000
RPPNMLPLJHOFFKB68CC,新庄段,17.73,非都市：鄉村區 ; 非都市編定：乙種建築用地,,,,05470000
RPQNMLPLJHOFFKB78CC,藝術段,40.25,都市：住,,,,06370000
RPUOMLSLJHOFFBB68CC,平田段,9.13,都市：住,,,,01000000
RPUOMLSLJHOFFBB68CC,平田段,1.68,都市：住,,,,01000001
RPXPMLSLJHOFFBB09CC,軍福段,.00,都市：商,,,,01140000
RPWNMLRLJHOFFCB78CC,黎明段,52.00,都市：住,,,,13470000
RPXNMLRLJHOFFCB88CC,黎明段,19.10,都市：住,,,,00310000
RPPQMLSLJHOFFBB38CC,松茂段,.00,都市：住,,,,08500034
RPRQMLSLJHOFFCB68CC,中和段,.00,都市：住,,,,01610001
RPORMLSLJHOFFCB48CC,國安段,9.83,都市：住,,,,05930491
RPPOMLRLJHOFFCB18CC,黎明段,15.60,都市：住,,,,00310000
RPTSMLPLJHOFFCB78CC,國安段,.00,都市：住,,,,00120014
RPSQMLSLJHOFFBB68CC,同榮段,75.00,都市：住,,,,19940000
RPOOMLRLJHOFFCB08CC,大墩段,22.48,都市：住,,,,01980000
RPXQMLSLJHOFFBB56CC,景福段,27.11,都市：住,,,,00780003
RPQOMLSLJHOFFJB09CC,勤益段,26.69,非都市：鄉村區 ; 非都市編定：乙種建築用地,,,,04400000
RPWQMLSLJHOFFBB09CC,錦村段,40.40,都市：住,,,,01040036
RPTNMLSLJHOFFKB76CC,新興段,248.68,非都市：鄉村區 ; 非都市編定：乙種建築用地,,,,08660000
RPTNMLSLJHOFFKB76CC,新興段,253.15,非都市：鄉村區 ; 非都市編定：乙種建築用地,,,,08670000
RPQPMLSLJHOFFAB28CC,正義段七小段,30.00,都市：住,,,,00240045
RPQPMLSLJHOFFAB28CC,正義段七小段,18.00,都市：住,,,,00240048
RPUOMLTLJHOFFAB68CC,花園段六小段,.00,都市：住,,,,00090001
RPUOMLTLJHOFFIB86CC,東榮段,.00,都市：住,,,,04020000
RPVOMLTLJHOFFAB78CC,後?子段,4.04,都市：商,,,,00930065
RPVOMLTLJHOFFAB78CC,後?子段,.75,都市：商,,,,00930065
RPPPMLTLJHOFFIB09CC,吉隆段,7.54,都市：住,,,,14330000
RPQPMLTLJHOFFIB56CC,吉隆段,6.41,都市：住,,,,14330000
RPXOMLTLJHOFFIB17CC,新仁段,17.06,都市：住,,,,02550001
RPTPMLTLJHOFFIB86CC,大仁段,9.13,都市：商,,,,00160000
RPVNMLTLJHOFFFB56CC,大同段,3.70,都市：商,,,,11560000
RPTOMLTLJHOFFJB86CC,宜欣段,20.21,都市：住,,,,20760000
RPVNMLTLJHOFFKB07CC,東園段,9.87,非都市：鄉村區 ; 非都市編定：乙種建築用地,,,,07470000
RPWNMLTLJHOFFFB66CC,大同段,3.70,都市：商,,,,11560000
RPTNMLTLJHOFFBB58CC,東義段,.00,都市：住,,,,01110000
RPPNMLTLJHOFFKB09CC,中蔗段,153.96,非都市：鄉村區 ; 非都市編定：乙種建築用地,,,,06820000
RPWOMLTLJHOFFBB98CC,賴厝?段,3.30,都市：住,,,,02240000
RPWOMLTLJHOFFBB98CC,賴厝?段,4.76,都市：住,,,,02240002
RPTPMLTLJHOFFAB68CC,重慶段二小段,.40,都市：商,,,,00010021
RPTPMLTLJHOFFAB68CC,重慶段二小段,.48,都市：商,,,,00010022
RPTPMLTLJHOFFAB68CC,重慶段二小段,.66,都市：商,,,,00010024
RPTPMLTLJHOFFAB68CC,重慶段二小段,.57,都市：商,,,,00010025
RPTPMLTLJHOFFAB68CC,重慶段二小段,.25,都市：商,,,,00010028
RPTPMLTLJHOFFAB68CC,重慶段二小段,.80,都市：商,,,,00010029
RPTPMLTLJHOFFAB68CC,重慶段二小段,.20,都市：商,,,,00010030
RPTPMLTLJHOFFAB68CC,重慶段二小段,.02,都市：商,,,,00010034
RPTPMLTLJHOFFAB68CC,重慶段二小段,.20,都市：商,,,,00010023
RPTPMLTLJHOFFAB68CC,重慶段二小段,.25,都市：商,,,,00010027
RPURMLTLJHOFFCB56CC,福安段,.00,都市：住,,,,02890000
RPVPMLTLJHOFFBB98CC,青雲段,.00,都市：住,,,,00850000
RPWTMLTLJHOFFCB96CC,大墩段,16.01,都市：住,,,,04690000
RPVUMLTLJHOFFCB96CC,寶山段,82.00,都市：住,,,,08890005
RPTQNLKMJHOFFCB28CC,上石碑段,.00,都市：住,,,,21220000
RPQTMLTLJHOFFCB98CC,廣明段,5.15,都市：住,,,,06080000
RPOVMLTLJHOFFCB98CC,廣明段,10.90,都市：住,,,,06080000
RPXUMLTLJHOFFCB17CC,西屯段,39.61,都市：住,,,,20320041
RPTUMLTLJHOFFCB76CC,國安段,15.37,都市：住,,,,02920000
RPVSMLTLJHOFFCB76CC,大墩段,8.05,都市：住,,,,01980000
RPXRMLTLJHOFFCB86CC,豐業段,80.12,都市：住,,,,01630000
RPXPMLTLJHOFFBB56CC,錦村段,.00,都市：住,,,,01040019
RPQPMLKMJHOFFBB67CC,賴厝?段,2.47,都市：住,,,,00490050
RPQPMLKMJHOFFBB67CC,賴厝?段,2.90,都市：住,,,,04460000
RPSPMLKMJHOFFBB87CC,東光段,20.57,都市：住,,,,01900001
RPTQMLKMJHOFFBB08CC,賴厝?段,2.97,都市：商,,,,00310003
RPTQMLKMJHOFFBB08CC,邱厝子段,2.39,都市：商,,,,00310062
RPRQMLKMJHOFFBB87CC,賴厝?段,.21,都市：商,,,,00310003
RPRQMLKMJHOFFBB87CC,邱厝子段,.17,都市：商,,,,00310062
RPUQMLKMJHOFFBB18CC,賴厝?段,2.47,都市：住,,,,00490050
RPUQMLKMJHOFFBB18CC,賴厝?段,2.90,都市：住,,,,04460000
RPUNMLKMJHOFFJB68CC,中山段,94.61,非都市：鄉村區 ; 非都市編定：乙種建築用地,,,,00230000
RPUNMLKMJHOFFJB68CC,中山段,82.40,非都市：鄉村區 ; 非都市編定：乙種建築用地,,,,00440000
RPVNMLKMJHOFFJB78CC,七星段,48.34,非都市：鄉村區 ; 非都市編定：乙種建築用地,,,,06120000
RPSOMLKMJHOFFAB77DC,旱溪段,16.85,都市：住,,,,02720011
RPSNMLKMJHOFFDB87CC,北陽段,25.31,都市：住,,,,03440000
RPRPMLKMJHOFFIB48CC,新厝段,131.97,非都市：特定農業區 ; 非都市編定：甲種建築用地,,,,07130000
RPTPMLKMJHOFFIB68CC,大忠段,.00,都市：住,,,,01980000
RPVOMLKMJHOFFAB97CC,重慶段二小段,.37,都市：商,,,,00010021
RPVOMLKMJHOFFAB97CC,重慶段二小段,.44,都市：商,,,,00010022
RPVOMLKMJHOFFAB97CC,重慶段二小段,.61,都市：商,,,,00010024
RPVOMLKMJHOFFAB97CC,重慶段二小段,.53,都市：商,,,,00010025
RPVOMLKMJHOFFAB97CC,重慶段二小段,.23,都市：商,,,,00010028
RPVOMLKMJHOFFAB97CC,重慶段二小段,.74,都市：商,,,,00010029
RPVOMLKMJHOFFAB97CC,重慶段二小段,.19,都市：商,,,,00010030
RPVOMLKMJHOFFAB97CC,重慶段二小段,.01,都市：商,,,,00010034
RPVOMLKMJHOFFAB97CC,重慶段二小段,.19,都市：商,,,,00010023
RPVOMLKMJHOFFAB97CC,重慶段二小段,.23,都市：商,,,,00010027
RPUNMLLMJHOFFAB87CC,城隍段七小段,6.14,都市：住,,,,00040000
RPSOMLLMJHOFFAB77CC,樹子腳段,17.21,都市：住,,,,06010000
RPTOMLLMJHOFFAB87CC,土庫段,12.72,都市：住,,,,01020001
RPTOMLLMJHOFFAB87CC,土庫段,4.58,都市：住,,,,01020011
RPOPMLLMJHOFFAB47CC,頂橋子頭段,10.88,都市：住,,,,01380000
RPQPMLLMJHOFFAB67CC,頂橋子頭段,8.91,都市：住,,,,01380000
RPSPMLLMJHOFFAB87CC,頂橋子頭段,8.46,都市：住,,,,01380000
RPSRMLKMJHOFFBB08CC,東正段,16.74,都市：住,,,,01400000
RPQRMLKMJHOFFBB87CC,景美段,44.59,都市：住,,,,00610015
RPQRMLKMJHOFFBB87CC,景美段,23.80,都市：住,,,,00610008
RPVRMLKMJHOFFBB38CC,東光段,15.55,都市：住,,,,00800000
RPPRMLKMJHOFFBB77CC,軍福段,17.31,都市：住,,,,01980000
RPWQMLKMJHOFFBB38CC,賴厝?段,.28,都市：商,,,,00310003
RPWQMLKMJHOFFBB38CC,邱厝子段,.22,都市：商,,,,00310062
RPXQMLKMJHOFFBB48CC,賴厝?段,4.28,都市：商,,,,00310003
RPXQMLKMJHOFFBB48CC,邱厝子段,3.43,都市：商,,,,00310062
RPURMLKMJHOFFBB28CC,北屯段,32.76,都市：住,,,,01420000
RPTRMLKMJHOFFBB18CC,東峰段,5.26,都市：商,,,,02080000
RPVQMLKMJHOFFBB28CC,賴厝?段,2.47,都市：住,,,,00490050
RPVQMLKMJHOFFBB28CC,賴厝?段,2.90,都市：住,,,,04460000
RPTQMLLMJHOFFAB08CC,頂橋子頭段,10.88,都市：住,,,,01380000
RPPQMLLMJHOFFAB67CC,尚武段,14.66,都市：住,,,,02980003
RPXQMLLMJHOFFAB48CC,頂橋子頭段,10.88,都市：住,,,,01380000
RPXPMLLMJHOFFAB38CC,頂橋子頭段,8.61,都市：住,,,,01380000
RPWQMLLMJHOFFAB38CC,頂橋子頭段,10.88,都市：住,,,,01380000
RPWPMLLMJHOFFAB28CC,頂橋子頭段,8.46,都市：住,,,,01380000
RPORMLLMJHOFFAB67CC,尚武段,44.67,都市：住,,,,03100000
RPUQMLLMJHOFFAB18CC,後?子段,3.94,都市：商,,,,01500031
RPUQMLLMJHOFFAB18CC,後?子段,1.22,都市：商,,,,01500053
RPUQMLLMJHOFFAB18CC,後?子段,.67,都市：商,,,,01500186
RPUQMLLMJHOFFAB18CC,後?子段,.17,都市：商,,,,01500187
RPOQMLLMJHOFFAB57CC,尚武段,31.69,都市：住,,,,03260000
RPUPMLLMJHOFFAB08CC,頂橋子頭段,8.61,都市：住,,,,01380000
RPTPMLLMJHOFFIB78CC,喬城段,21.13,都市：住,,,,08220000
RPTNMLLMJHOFFDB08CC,車路墘段車路墘小段,148.00,都市：住,,,,00080053
RPUQMLLMJHOFFCB48DC,西屯段,81.00,都市：住,,,,28910000
RPVPMLLMJHOFFJB09CC,大源段,49.24,非都市：鄉村區 ; 非都市編定：乙種建築用地,,,,00270000
RPQOMLLMJHOFFHB28CC,甘潭段,17.37,都市：住,,,,04890000
RPXNMLLMJHOFFBB28CC,中興段,.00,都市：住,,,,05120000
RPSOMLLMJHOFFFB28CC,東晉段,1.83,都市：住,,,,06790000
RPSOMLLMJHOFFFB28CC,東晉段,6.14,都市：住,,,,06760000
RPSOMLLMJHOFFFB28CC,東晉段,.41,都市：住,,,,06800000
RPROMLLMJHOFFBB77CC,景福段,29.11,都市：住,,,,00780003
RPQPMLLMJHOFFBB77CC,東峰段,103.00,都市：住,,,,01130002
RPQQMLLMJHOFFJB68CC,新興段,21.84,都市：住,,,,01500000
RPXPMLLMJHOFFJB66CC,新坪段,28.39,都市：住,,,,00020000
RPQRMLLMJHOFFBB97CC,松觀段,21.71,都市：住,,,,03990000
RPWQMLLMJHOFFBB48CC,軍福段,12.52,都市：住,,,,00460000
RPTQMLLMJHOFFBB18CC,北屯段,6.29,都市：住,,,,02210004
RPTRMLLMJHOFFBB28CC,大觀段,20.00,都市：住,,,,06950000
RPSPMLLMJHOFFBB97CC,東峰段,6.53,都市：商,,,,00040000
RPURMLLMJHOFFBB38CC,大觀段,20.00,都市：住,,,,06950000
RPWRMLLMJHOFFBB58CC,中德段,4.25,都市：住,,,,00870000
RPVRMLLMJHOFFBB48CC,東義段,35.25,都市：住,,,,00130007
RPWQMLLMJHOFFCB58CC,中正段,9.29,都市：住,,,,00960000
RPTNNLLMJHOFFCB08CC,西屯段,6.97,都市：住,,,,22460000
RPXPMLLMJHOFFCB58CC,西屯段,.00,都市：住,,,,18240000
RPXPMLLMJHOFFCB58CC,西屯段,.00,都市：住,,,,18250000
RPUNMLLJKHOFFCB87CC,國安段,.00,都市：住,,,,05930306
RPSVMLLMJHOFFCB68CC,民安段,7.65,都市：住,,,,18860000
RPTTMLLMJHOFFCB58CC,永定段,18.66,都市：住,,,,06240000
RPUQMLLJKHOFFCB18CC,大新段,254.00,都市：商,,,,08400004
RPXQMLLJKHOFFCB48CC,國安段,17.39,都市：住,,,,02970000
RPVPMLLJKHOFFBB08CC,陳平段,29.06,都市：住,,,,19350000
RPVPMLLJKHOFFBB08CC,仁德段,.10,都市：住,,,,10380003
RPVPMLLJKHOFFBB08CC,仁德段,.43,都市：住,,,,10380007
RPRNMLLJKHOFFBB47CC,軍福段,698.87,都市：商,,,,00260000
RPVPMLLJKHOFFJB88CC,樹德段,78.05,都市：住,,,,00780000
RPUOMLLJKHOFFFB28CC,市鎮南段,15.54,都市：商,,,,01080000
RPPNMLMJKHOFFIB08CC,新榮和段,485.12,都市：住,,,,00290000
RPXQMLLMJHOFFIB66CC,東榮段,11.81,都市：住,,,,04020000
RPQNMLMJKHOFFIB18CC,新榮和段,485.12,都市：住,,,,00290000
RPWQMLLMJHOFFIB56CC,光日段,14.99,都市：住,,,,01190000
RPXOMLLJKHOFFAB08CC,後?子段,36.42,都市：住,,,,01780044
RPPNMLLJKHOFFAB17CC,土庫段,.00,都市：住,,,,00280002
RPRNMLMJKHOFFIB28CC,新榮和段,485.12,都市：住,,,,00290000
RPRNMLMJKHOFFBB57CC,賴厝?段,3.26,都市：商,,,,00310003
RPRNMLMJKHOFFBB57CC,邱厝子段,2.61,都市：商,,,,00310062
RPVNMLLJKHOFFHB48CC,東寶五段,144.70,都市：住,,,,05540000
RPPNMLLJKHOFFHB87CC,大明段,17.53,都市：住,,,,04510000
RPWNMLLJKHOFFHB58CC,東寶七段,59.55,都市：住,,,,07540000
RPUNMLMJKHOFFBB87CC,賴厝?段,.14,都市：商,,,,00310003
RPVNMLMJKHOFFBB97CC,賴厝?段,.14,都市：商,,,,00310003
RPUNMLMJKHOFFBB87CC,邱厝子段,.11,都市：商,,,,00310062
RPVNMLMJKHOFFBB97CC,邱厝子段,.11,都市：商,,,,00310062
RPXNMLLMJHOFFKB56CC,東園段,29.75,非都市：鄉村區 ; 非都市編定：乙種建築用地,,,,04560000
RPTNMLMJKHOFFBB77CC,賴厝?段,2.98,都市：商,,,,00310003
RPTNMLMJKHOFFBB77CC,邱厝子段,2.39,都市：商,,,,00310062
RPSNMLMJKHOFFBB67CC,賴厝?段,3.19,都市：商,,,,00310003
RPSNMLMJKHOFFBB67CC,邱厝子段,2.56,都市：商,,,,00310062
RPXNMLMJKHOFFBB18CC,賴厝?段,6.78,都市：商,,,,00310003
RPXNMLMJKHOFFBB18CC,邱厝子段,5.45,都市：商,,,,00310062
RPOOMLMJKHOFFBB37CC,東峰段,6.84,都市：商,,,,01580000
RPWNMLMJKHOFFBB08CC,賴厝?段,6.57,都市：商,,,,00310003
RPWNMLMJKHOFFBB08CC,邱厝子段,5.27,都市：商,,,,00310062
RPQOMLMJKHOFFBB57CC,東峰段,6.42,都市：商,,,,01580000
RPPOMLMJKHOFFBB47CC,東峰段,10.29,都市：商,,,,01580000
RPTOMLMJKHOFFBB87CC,東峰段,11.63,都市：商,,,,01580000
RPUOMLMJKHOFFBB97CC,東峰段,5.83,都市：商,,,,01580000
RPVOMLMJKHOFFBB08CC,東峰段,6.42,都市：商,,,,01580000
RPRNMLMJKHOFFCB67CC,上石碑段,3.40,都市：商,,,,17900000
RPRNMLMJKHOFFCB67CC,上石碑段,3.04,都市：商,,,,18000007
RPSNMLMJKHOFFCB77CC,中正段,5.87,都市：商,,,,01550000
RPTNMLMJKHOFFCB87CC,中正段,10.54,都市：商,,,,01550000
