﻿編號,土地位置,土地移轉面積(平方公尺),使用分區或編定,權利人持分分母,權利人持分分子,移轉情形,地號
The serial number, land position,land shifting area square meter,the use zoning or compiles and checks,,,,land parcel
RPSOMLPKJINFFFB38CB,市鎮北段,14.34,都市：商,10000,43,持分移轉,00390000
RPUOMLPKJINFFFB58CB,市鎮北段,16.01,都市：商,10000,48,持分移轉,00390000
RPOPMLPKJINFFFB08CB,市鎮北段,15.67,都市：商,10000,47,持分移轉,00390000
RPXOMLPKJINFFFB88CB,市鎮北段,14.34,都市：商,10000,43,持分移轉,00390000
RPVOMLPKJINFFFB68CB,市鎮北段,16.01,都市：商,10000,48,持分移轉,00390000
RPROMLPKJINFFFB28CB,市鎮北段,16.01,都市：商,10000,48,持分移轉,00390000
RPWNMLPKJINFFFB68CB,市鎮北段,16.01,都市：商,10000,48,持分移轉,00390000
RPTOMLPKJINFFFB48CB,市鎮北段,14.34,都市：商,10000,43,持分移轉,00390000
RPWOMLPKJINFFFB78CB,市鎮北段,16.01,都市：商,10000,48,持分移轉,00390000
RPQPMLPKJINFFFB28CB,市鎮北段,14.34,都市：商,10000,43,持分移轉,00390000
RPRPMLPKJINFFFB38CB,市鎮北段,14.34,都市：商,10000,43,持分移轉,00390000
RPUPMLPKJINFFFB68CB,市鎮北段,16.01,都市：商,10000,48,持分移轉,00390000
RPTPMLPKJINFFFB58CB,市鎮北段,16.01,都市：商,10000,48,持分移轉,00390000
RPPPMLPKJINFFFB18CB,市鎮北段,16.01,都市：商,10000,48,持分移轉,00390000
RPTQMLPKJINFFFB68CB,市鎮北段,14.34,都市：商,10000,43,持分移轉,00390000
RPUQMLPKJINFFFB78CB,市鎮北段,16.01,都市：商,10000,48,持分移轉,00390000
RPVPMLPKJINFFFB78CB,市鎮北段,14.34,都市：商,10000,43,持分移轉,00390000
RPXQMLPKJINFFFB09CB,市鎮北段,16.01,都市：商,10000,48,持分移轉,00390000
RPPRMLPKJINFFFB38CB,市鎮北段,16.01,都市：商,10000,48,持分移轉,00390000
RPWPMLPKJINFFFB88CB,市鎮北段,14.34,都市：商,10000,43,持分移轉,00390000
RPVQMLPKJINFFFB88CB,市鎮北段,14.34,都市：商,10000,43,持分移轉,00390000
RPORMLPKJINFFFB28CB,市鎮北段,14.01,都市：商,10000,42,持分移轉,00390000
RPQQMLPKJINFFFB38CB,市鎮北段,14.34,都市：商,10000,43,持分移轉,00390000
RPRRMLPKJINFFFB58CB,市鎮北段,14.34,都市：商,10000,43,持分移轉,00390000
RPWQMLPKJINFFFB98CB,市鎮北段,15.67,都市：商,10000,47,持分移轉,00390000
RPTRMLPKJINFFFB78CB,市鎮北段,14.34,都市：商,10000,43,持分移轉,00390000
RPQRMLPKJINFFFB48CB,市鎮北段,16.01,都市：商,10000,48,持分移轉,00390000
RPXNMLQKJINFFFB88CB,市鎮北段,14.34,都市：商,10000,43,持分移轉,00390000
RPPNMLRKJINFFFB18CB,市鎮北段,14.34,都市：商,10000,43,持分移轉,00390000
RPQNMLRKJINFFFB28CB,市鎮北段,16.01,都市：商,10000,48,持分移轉,00390000
RPRNMLRKJINFFFB38CB,市鎮北段,16.01,都市：商,10000,48,持分移轉,00390000
RPXNMLRKJINFFFB98CB,市鎮北段,16.01,都市：商,10000,48,持分移轉,00390000
RPUNMLRKJINFFFB68CB,市鎮北段,14.34,都市：商,10000,43,持分移轉,00390000
RPWNMLRKJINFFFB88CB,市鎮北段,14.01,都市：商,10000,42,持分移轉,00390000
RPRPMLQKJINFFFB48CB,市鎮北段,14.34,都市：商,10000,43,持分移轉,00390000
RPTOMLQKJINFFFB58CB,市鎮北段,14.34,都市：商,10000,43,持分移轉,00390000
RPQOMLRKJINFFFB38CB,市鎮北段,16.01,都市：商,10000,48,持分移轉,00390000
RPOOMLRKJINFFFB18CB,市鎮北段,15.67,都市：商,10000,47,持分移轉,00390000
RPTNMLRKJINFFFB58CB,市鎮北段,14.34,都市：商,10000,43,持分移轉,00390000
RPPOMLRKJINFFFB28CB,市鎮北段,15.67,都市：商,10000,47,持分移轉,00390000
RPVNMLRKJINFFFB78CB,市鎮北段,14.34,都市：商,10000,43,持分移轉,00390000
RPTOMLRKJINFFFB68CB,市鎮北段,14.34,都市：商,10000,43,持分移轉,00390000
RPROMLRKJINFFFB48CB,市鎮北段,16.01,都市：商,10000,48,持分移轉,00390000
RPSOMLRKJINFFFB58CB,市鎮北段,14.34,都市：商,10000,43,持分移轉,00390000
RPVOMLRKJINFFFB88CB,市鎮北段,14.34,都市：商,10000,43,持分移轉,00390000
RPUOMLRKJINFFFB78CB,市鎮北段,14.34,都市：商,10000,43,持分移轉,00390000
RPWOMLRKJINFFFB98CB,市鎮北段,16.01,都市：商,10000,48,持分移轉,00390000
RPRPMLRKJINFFFB58CB,市鎮北段,14.34,都市：商,10000,43,持分移轉,00390000
RPQPMLRKJINFFFB48CB,市鎮北段,16.01,都市：商,10000,48,持分移轉,00390000
RPXPMLRKJINFFFB56CB,市鎮北段,10.67,都市：商,10000,32,持分移轉,00390000
RPXOMLRKJINFFFB09CB,市鎮北段,16.01,都市：商,10000,48,持分移轉,00390000
RPSPMLRKJINFFFB68CB,市鎮北段,11.00,都市：商,10000,33,持分移轉,00390000
RPPPMLRKJINFFFB38CB,市鎮北段,16.01,都市：商,10000,48,持分移轉,00390000
RPUPMLRKJINFFFB88CB,市鎮北段,11.00,都市：商,10000,33,持分移轉,00390000
RPWPMLRKJINFFFB09CB,市鎮北段,10.67,都市：商,10000,32,持分移轉,00390000
RPOPMLRKJINFFFB28CB,市鎮北段,14.67,都市：商,10000,44,持分移轉,00390000
RPTPMLRKJINFFFB78CB,市鎮北段,11.00,都市：商,10000,33,持分移轉,00390000
RPOQMLRKJINFFFB38CB,市鎮北段,10.67,都市：商,10000,32,持分移轉,00390000
RPQNMLSKJINFFFB38CB,市鎮北段,16.01,都市：商,10000,48,持分移轉,00390000
RPSNMLSKJINFFFB58CB,市鎮北段,14.34,都市：商,10000,43,持分移轉,00390000
RPRNMLSKJINFFFB48CB,市鎮北段,16.01,都市：商,10000,48,持分移轉,00390000
RPTNMLSKJINFFFB68CB,市鎮北段,14.34,都市：商,10000,43,持分移轉,00390000
RPVNMLSKJINFFFB88CB,市鎮北段,14.34,都市：商,10000,43,持分移轉,00390000
RPUNMLSKJINFFFB78CB,市鎮北段,14.01,都市：商,10000,42,持分移轉,00390000
RPXNMLSKJINFFFB09CB,市鎮北段,15.67,都市：商,10000,47,持分移轉,00390000
RPWNMLSKJINFFFB98CB,市鎮北段,15.67,都市：商,10000,47,持分移轉,00390000
RPPNMLSKJINFFFB28CB,市鎮北段,10.67,都市：商,10000,32,持分移轉,00390000
RPQOMLSKJINFFFB48CB,市鎮北段,16.01,都市：商,10000,48,持分移轉,00390000
RPPOMLSKJINFFFB38CB,市鎮北段,14.34,都市：商,10000,43,持分移轉,00390000
RPROMLSKJINFFFB58CB,市鎮北段,14.34,都市：商,10000,43,持分移轉,00390000
RPSOMLSKJINFFFB68CB,市鎮北段,14.34,都市：商,10000,43,持分移轉,00390000
RPVOMLSKJINFFFB98CB,市鎮北段,16.01,都市：商,10000,48,持分移轉,00390000
RPTNMLTKJINFFFB78CB,市鎮北段,14.34,都市：商,10000,43,持分移轉,00390000
RPXOMLSKJINFFFB56CB,市鎮北段,16.01,都市：商,10000,48,持分移轉,00390000
RPUNMLTKJINFFFB88CB,市鎮北段,11.00,都市：商,10000,33,持分移轉,00390000
RPVNMLTKJINFFFB98CB,市鎮北段,11.00,都市：商,10000,33,持分移轉,00390000
RPOPMLSKJINFFFB38CB,市鎮北段,14.34,都市：商,10000,43,持分移轉,00390000
RPPPMLSKJINFFFB48CB,市鎮北段,14.34,都市：商,10000,43,持分移轉,00390000
RPOOMLSKJINFFFB28CB,市鎮北段,16.01,都市：商,10000,48,持分移轉,00390000
RPTOMLSKJINFFFB78CB,市鎮北段,16.01,都市：商,10000,48,持分移轉,00390000
RPUOMLSKJINFFFB88CB,市鎮北段,16.01,都市：商,10000,48,持分移轉,00390000
RPWOMLSKJINFFFB09CB,市鎮北段,16.01,都市：商,10000,48,持分移轉,00390000
RPXOMLTKJINFFFB66CB,市鎮北段,16.01,都市：商,10000,48,持分移轉,00390000
RPVOMLTKJINFFFB09CB,市鎮北段,10.67,都市：商,10000,32,持分移轉,00390000
RPOPMLTKJINFFFB48CB,市鎮北段,16.01,都市：商,10000,48,持分移轉,00390000
RPWOMLTKJINFFFB56CB,市鎮北段,14.34,都市：商,10000,43,持分移轉,00390000
RPQOMLTKJINFFFB58CB,市鎮北段,10.67,都市：商,10000,32,持分移轉,00390000
RPUOMLTKJINFFFB98CB,市鎮北段,10.67,都市：商,10000,32,持分移轉,00390000
RPPOMLTKJINFFFB48CB,市鎮北段,16.01,都市：商,10000,48,持分移轉,00390000
RPRPMLTKJINFFFB78CB,市鎮北段,14.34,都市：商,10000,43,持分移轉,00390000
RPPPMLTKJINFFFB58CB,市鎮北段,16.01,都市：商,10000,48,持分移轉,00390000
RPOOMLTKJINFFFB38CB,市鎮北段,10.67,都市：商,10000,32,持分移轉,00390000
RPSPMLTKJINFFFB88CB,市鎮北段,14.34,都市：商,10000,43,持分移轉,00390000
RPVNMLTKJINFFJB76CB,育賢段,.10,都市：住,10000,42,持分移轉,02080000
RPTPMLTKJINFFFB98CB,市鎮北段,16.01,都市：商,10000,48,持分移轉,00390000
RPXNMLTKJINFFJB96CB,育賢段,.10,都市：住,10000,42,持分移轉,02080000
RPVPMLTKJINFFFB56CB,市鎮北段,15.67,都市：商,10000,47,持分移轉,00390000
RPOOMLTKJINFFJB78CB,育賢段,.15,都市：住,10000,52,持分移轉,02080000
RPQOMLTKJINFFJB98CB,育賢段,.10,都市：住,10000,42,持分移轉,02080000
RPSNMLTKJINFFJB09CB,育賢段,.10,都市：住,10000,42,持分移轉,02080000
RPTNMLTKJINFFJB56CB,育賢段,.10,都市：住,10000,42,持分移轉,02080000
RPUNMLTKJINFFJB66CB,育賢段,.10,都市：住,10000,43,持分移轉,02080000
RPWNMLTKJINFFJB86CB,育賢段,.10,都市：住,10000,41,持分移轉,02080000
RPPOMLTKJINFFJB88CB,育賢段,.10,都市：住,10000,42,持分移轉,02080000
RPPPMLLLJINFFFB87CB,市鎮北段,16.01,都市：商,10000,48,持分移轉,00390000
RPQPMLLLJINFFFB97CB,市鎮北段,14.34,都市：商,10000,43,持分移轉,00390000
RPSPMLLLJINFFFB18CB,市鎮北段,16.01,都市：商,10000,48,持分移轉,00390000
RPTOMLTKJINFFJB66CB,育賢段,.10,都市：住,10000,42,持分移轉,02080000
RPROMLTKJINFFJB09CB,育賢段,.10,都市：住,10000,41,持分移轉,02080000
RPTPMLLLJINFFFB28CB,市鎮北段,16.01,都市：商,10000,48,持分移轉,00390000
RPWOMLTKJINFFJB96CB,育賢段,.10,都市：住,10000,43,持分移轉,02080000
RPWPMLLLJINFFFB58CB,市鎮北段,14.34,都市：商,10000,43,持分移轉,00390000
RPVPMLLLJINFFFB48CB,市鎮北段,14.34,都市：商,10000,43,持分移轉,00390000
RPVOMLTKJINFFJB86CB,育賢段,.10,都市：住,10000,42,持分移轉,02080000
RPXPMLLLJINFFFB68CB,市鎮北段,14.34,都市：商,10000,43,持分移轉,00390000
RPUOMLTKJINFFJB76CB,育賢段,.10,都市：住,10000,42,持分移轉,02080000
RPSOMLTKJINFFJB56CB,育賢段,.10,都市：住,10000,42,持分移轉,02080000
RPRPMLLLJINFFFB08CB,市鎮北段,14.34,都市：商,10000,43,持分移轉,00390000
RPQNMLNLJINFFFB97CB,市鎮北段,16.01,都市：商,10000,48,持分移轉,00390000
RPOQMLLLJINFFFB87CB,市鎮北段,14.34,都市：商,10000,43,持分移轉,00390000
RPPOMLNLJINFFFB97CB,市鎮北段,14.34,都市：商,10000,43,持分移轉,00390000
RPQOMLNLJINFFFB08CB,市鎮北段,14.34,都市：商,10000,43,持分移轉,00390000
RPPNMLOLJINFFFB97CB,市鎮北段,11.00,都市：商,10000,33,持分移轉,00390000
RPSNMLNLJINFFFB18CB,市鎮北段,16.01,都市：商,10000,48,持分移轉,00390000
RPROMLNLJINFFFB18CB,市鎮北段,16.01,都市：商,10000,48,持分移轉,00390000
RPTNMLNLJINFFFB28CB,市鎮北段,14.34,都市：商,10000,43,持分移轉,00390000
RPSOMLNLJINFFFB28CB,市鎮北段,11.00,都市：商,10000,33,持分移轉,00390000
RPTOMLNLJINFFFB38CB,市鎮北段,11.00,都市：商,10000,33,持分移轉,00390000
RPVOMLNLJINFFFB58CB,市鎮北段,11.00,都市：商,10000,33,持分移轉,00390000
RPRNMLOLJINFFFB18CB,市鎮北段,10.67,都市：商,10000,32,持分移轉,00390000
RPSNMLOLJINFFFB28CB,市鎮北段,10.67,都市：商,10000,32,持分移轉,00390000
RPWNMLOLJINFFFB68CB,市鎮北段,14.34,都市：商,10000,43,持分移轉,00390000
RPQNMLOLJINFFFB08CB,市鎮北段,10.67,都市：商,10000,32,持分移轉,00390000
RPQOMLOLJINFFFB18CB,市鎮北段,16.01,都市：商,10000,48,持分移轉,00390000
RPUNMLOLJINFFFB48CB,市鎮北段,16.01,都市：商,10000,48,持分移轉,00390000
RPTNMLOLJINFFFB38CB,市鎮北段,16.01,都市：商,10000,48,持分移轉,00390000
RPVNMLOLJINFFFB58CB,市鎮北段,16.01,都市：商,10000,48,持分移轉,00390000
RPROMLOLJINFFFB28CB,市鎮北段,14.34,都市：商,10000,43,持分移轉,00390000
RPPOMLOLJINFFFB08CB,市鎮北段,16.01,都市：商,10000,48,持分移轉,00390000
RPSOMLOLJINFFFB38CB,市鎮北段,14.34,都市：商,10000,43,持分移轉,00390000
RPTOMLOLJINFFFB48CB,市鎮北段,14.34,都市：商,10000,43,持分移轉,00390000
RPUOMLOLJINFFFB58CB,市鎮北段,14.34,都市：商,10000,43,持分移轉,00390000
RPVOMLOLJINFFFB68CB,市鎮北段,14.01,都市：商,10000,42,持分移轉,00390000
RPWOMLOLJINFFFB78CB,市鎮北段,14.34,都市：商,10000,43,持分移轉,00390000
RPSNMLPLJINFFFB38CB,市鎮北段,16.01,都市：商,10000,48,持分移轉,00390000
RPTNMLPLJINFFFB48CB,市鎮北段,14.34,都市：商,10000,43,持分移轉,00390000
RPQNMLPLJINFFFB18CB,市鎮北段,14.34,都市：商,10000,43,持分移轉,00390000
RPPNMLPLJINFFFB08CB,市鎮北段,14.34,都市：商,10000,43,持分移轉,00390000
RPUNMLPLJINFFFB58CB,市鎮北段,16.01,都市：商,10000,48,持分移轉,00390000
RPRNMLPLJINFFFB28CB,市鎮北段,16.01,都市：商,10000,48,持分移轉,00390000
RPXNMLPLJINFFFB88CB,市鎮北段,16.01,都市：商,10000,48,持分移轉,00390000
RPVNMLPLJINFFFB68CB,市鎮北段,16.01,都市：商,10000,48,持分移轉,00390000
RPWNMLPLJINFFFB78CB,市鎮北段,16.01,都市：商,10000,48,持分移轉,00390000
RPTOMLPLJINFFFB58CB,市鎮北段,14.34,都市：商,10000,43,持分移轉,00390000
RPOOMLPLJINFFFB08CB,市鎮北段,16.01,都市：商,10000,48,持分移轉,00390000
RPPOMLPLJINFFFB18CB,市鎮北段,14.34,都市：商,10000,43,持分移轉,00390000
RPROMLPLJINFFFB38CB,市鎮北段,14.01,都市：商,10000,42,持分移轉,00390000
RPVOMLPLJINFFFB78CB,市鎮北段,14.34,都市：商,10000,43,持分移轉,00390000
RPQOMLPLJINFFFB28CB,市鎮北段,14.34,都市：商,10000,43,持分移轉,00390000
RPWOMLPLJINFFFB88CB,市鎮北段,16.01,都市：商,10000,48,持分移轉,00390000
RPSOMLPLJINFFFB48CB,市鎮北段,14.34,都市：商,10000,43,持分移轉,00390000
RPUOMLPLJINFFFB68CB,市鎮北段,14.34,都市：商,10000,43,持分移轉,00390000
RPXOMLPLJINFFFB98CB,市鎮北段,16.01,都市：商,10000,48,持分移轉,00390000
RPXOMLTKJINFFJB07CB,育賢段,.10,都市：住,10000,42,持分移轉,02080000
RPVPMLPLJINFFFB88CB,市鎮北段,15.67,都市：商,10000,47,持分移轉,00390000
RPUPMLPLJINFFFB78CB,市鎮北段,14.34,都市：商,10000,43,持分移轉,00390000
RPWPMLPLJINFFFB98CB,市鎮北段,16.01,都市：商,10000,48,持分移轉,00390000
RPSPMLPLJINFFFB58CB,市鎮北段,14.34,都市：商,10000,43,持分移轉,00390000
RPRPMLPLJINFFFB48CB,市鎮北段,16.01,都市：商,10000,48,持分移轉,00390000
RPPPMLPLJINFFFB28CB,市鎮北段,16.01,都市：商,10000,48,持分移轉,00390000
RPOPMLPLJINFFFB18CB,市鎮北段,16.01,都市：商,10000,48,持分移轉,00390000
RPTPMLPLJINFFFB68CB,市鎮北段,10.67,都市：商,10000,32,持分移轉,00390000
RPQPMLPLJINFFFB38CB,市鎮北段,16.01,都市：商,10000,48,持分移轉,00390000
RPOQMLPLJINFFFB28CB,市鎮北段,16.01,都市：商,10000,48,持分移轉,00390000
RPPQMLPLJINFFFB38CB,市鎮北段,16.01,都市：商,10000,48,持分移轉,00390000
RPRQMLPLJINFFFB58CB,市鎮北段,16.01,都市：商,10000,48,持分移轉,00390000
RPSQMLPLJINFFFB68CB,市鎮北段,14.34,都市：商,10000,43,持分移轉,00390000
RPQQMLPLJINFFFB48CB,市鎮北段,16.01,都市：商,10000,48,持分移轉,00390000
RPUQMLPLJINFFFB88CB,市鎮北段,14.34,都市：商,10000,43,持分移轉,00390000
RPTQMLPLJINFFFB78CB,市鎮北段,16.34,都市：商,10000,49,持分移轉,00390000
RPXQMLPLJINFFFB56CB,市鎮北段,14.34,都市：商,10000,43,持分移轉,00390000
RPORMLPLJINFFFB38CB,市鎮北段,16.01,都市：商,10000,48,持分移轉,00390000
RPXPMLPLJINFFFB09CB,市鎮北段,16.01,都市：商,10000,48,持分移轉,00390000
RPPRMLPLJINFFFB48CB,市鎮北段,16.01,都市：商,10000,48,持分移轉,00390000
RPTRMLPLJINFFFB88CB,市鎮北段,11.00,都市：商,10000,33,持分移轉,00390000
RPRRMLPLJINFFFB68CB,市鎮北段,11.00,都市：商,10000,33,持分移轉,00390000
RPURMLPLJINFFFB98CB,市鎮北段,11.00,都市：商,10000,33,持分移轉,00390000
RPPNMLQLJINFFFB18CB,市鎮北段,14.34,都市：商,10000,43,持分移轉,00390000
RPRNMLQLJINFFFB38CB,市鎮北段,14.34,都市：商,10000,43,持分移轉,00390000
RPQNMLQLJINFFFB28CB,市鎮北段,14.34,都市：商,10000,43,持分移轉,00390000
RPVQMLPLJINFFFB98CB,市鎮北段,14.34,都市：商,10000,43,持分移轉,00390000
RPSRMLPLJINFFFB78CB,市鎮北段,11.00,都市：商,10000,33,持分移轉,00390000
RPWQMLPLJINFFFB09CB,市鎮北段,16.01,都市：商,10000,48,持分移轉,00390000
RPQRMLPLJINFFFB58CB,市鎮北段,14.34,都市：商,10000,43,持分移轉,00390000
RPXNMLQLJINFFFB98CB,市鎮北段,16.01,都市：商,10000,48,持分移轉,00390000
RPWNMLQLJINFFFB88CB,市鎮北段,14.34,都市：商,10000,43,持分移轉,00390000
RPOOMLQLJINFFFB18CB,市鎮北段,16.01,都市：商,10000,48,持分移轉,00390000
RPUNMLQLJINFFFB68CB,市鎮北段,16.34,都市：商,10000,49,持分移轉,00390000
RPVNMLQLJINFFFB78CB,市鎮北段,14.34,都市：商,10000,43,持分移轉,00390000
RPSOMLQLJINFFFB58CB,市鎮北段,16.01,都市：商,10000,48,持分移轉,00390000
RPPOMLQLJINFFFB28CB,市鎮北段,14.34,都市：商,10000,43,持分移轉,00390000
RPROMLQLJINFFFB48CB,市鎮北段,11.00,都市：商,10000,33,持分移轉,00390000
RPTNMLQLJINFFFB58CB,市鎮北段,14.34,都市：商,10000,43,持分移轉,00390000
RPSNMLQLJINFFFB48CB,市鎮北段,16.01,都市：商,10000,48,持分移轉,00390000
RPOPMLQLJINFFFB28CB,市鎮北段,16.01,都市：商,10000,48,持分移轉,00390000
RPTOMLQLJINFFFB68CB,市鎮北段,14.34,都市：商,10000,43,持分移轉,00390000
RPQPMLQLJINFFFB48CB,市鎮北段,16.01,都市：商,10000,48,持分移轉,00390000
RPUPMLQLJINFFFB88CB,市鎮北段,14.34,都市：商,10000,43,持分移轉,00390000
RPUOMLQLJINFFFB78CB,市鎮北段,15.67,都市：商,10000,47,持分移轉,00390000
RPRPMLQLJINFFFB58CB,市鎮北段,16.01,都市：商,10000,48,持分移轉,00390000
RPVPMLQLJINFFFB98CB,市鎮北段,14.34,都市：商,10000,43,持分移轉,00390000
RPSPMLQLJINFFFB68CB,市鎮北段,14.34,都市：商,10000,43,持分移轉,00390000
RPPPMLQLJINFFFB38CB,市鎮北段,14.34,都市：商,10000,43,持分移轉,00390000
RPSQMLNJKINFFFB38CB,市鎮北段,14.67,都市：商,10000,44,持分移轉,00390000
RPTQMLNJKINFFFB48CB,市鎮北段,14.34,都市：商,10000,43,持分移轉,00390000
RPRQMLNJKINFFFB28CB,市鎮北段,14.34,都市：商,10000,43,持分移轉,00390000
RPTPMLQLJINFFFB78CB,市鎮北段,14.34,都市：商,10000,43,持分移轉,00390000
RPUQMLNJKINFFFB58CB,市鎮北段,16.01,都市：商,10000,48,持分移轉,00390000
RPWQMLNJKINFFFB78CB,市鎮北段,14.34,都市：商,10000,43,持分移轉,00390000
RPVQMLNJKINFFFB68CB,市鎮北段,16.01,都市：商,10000,48,持分移轉,00390000
RPPRMLNJKINFFFB18CB,市鎮北段,14.34,都市：商,10000,43,持分移轉,00390000
RPQRMLNJKINFFFB28CB,市鎮北段,14.34,都市：商,10000,43,持分移轉,00390000
RPORMLNJKINFFFB08CB,市鎮北段,16.01,都市：商,10000,48,持分移轉,00390000
RPQOMLOJKINFFFB08CB,市鎮北段,15.67,都市：商,10000,47,持分移轉,00390000
RPXQMLNJKINFFFB88CB,市鎮北段,14.34,都市：商,10000,43,持分移轉,00390000
RPROMLOJKINFFFB18CB,市鎮北段,16.01,都市：商,10000,48,持分移轉,00390000
RPPSMLMLKINFFBB97CB,仁美段,10.40,都市：住,10000,32,持分移轉,17450000
RPWRMLMLKINFFBB58CB,仁美段,10.40,都市：住,10000,32,持分移轉,17450000
RPSOMLOJKINFFFB28CB,市鎮北段,10.67,都市：商,10000,32,持分移轉,00390000
RPXRMLMLKINFFBB68CB,仁美段,10.40,都市：住,10000,32,持分移轉,17450000
RPQSMLMLKINFFBB08CB,仁美段,10.40,都市：住,10000,32,持分移轉,17450000
RPRSMLMLKINFFBB18CB,仁美段,10.40,都市：住,10000,32,持分移轉,17450000
RPSSMLMLKINFFBB28CB,仁美段,10.40,都市：住,10000,32,持分移轉,17450000
RPTSMLMLKINFFBB38CB,仁美段,10.40,都市：住,10000,32,持分移轉,17450000
RPUSMLMLKINFFBB48CB,仁美段,10.40,都市：住,10000,32,持分移轉,17450000
RPVSMLMLKINFFBB58CB,仁美段,10.40,都市：住,10000,32,持分移轉,17450000
RPOTMLMLKINFFBB97CB,仁美段,10.40,都市：住,10000,32,持分移轉,17450000
RPXSMLMLKINFFBB78CB,仁美段,10.40,都市：住,10000,32,持分移轉,17450000
RPWSMLMLKINFFBB68CB,仁美段,10.40,都市：住,10000,32,持分移轉,17450000
RPPTMLMLKINFFBB08CB,仁美段,10.40,都市：住,10000,32,持分移轉,17450000
RPQTMLMLKINFFBB18CB,仁美段,10.40,都市：住,10000,32,持分移轉,17450000
RPRTMLMLKINFFBB28CB,仁美段,21.45,都市：住,10000,66,持分移轉,17450000
RPTTMLMLKINFFBB48CB,仁美段,12.03,都市：住,10000,37,持分移轉,17450000
RPSTMLMLKINFFBB38CB,仁美段,12.03,都市：住,10000,37,持分移轉,17450000
RPRNMLNLKINFFBB77CB,仁美段,12.03,都市：住,10000,37,持分移轉,17450000
RPPNMLNLKINFFBB57CB,仁美段,12.03,都市：住,10000,37,持分移轉,17450000
RPQNMLNLKINFFBB67CB,仁美段,12.03,都市：住,10000,37,持分移轉,17450000
RPVNMLNLKINFFBB18CB,仁美段,12.03,都市：住,10000,37,持分移轉,17450000
RPSNMLNLKINFFBB87CB,仁美段,12.03,都市：住,10000,37,持分移轉,17450000
RPUNMLNLKINFFBB08CB,仁美段,12.03,都市：住,10000,37,持分移轉,17450000
RPXNMLNLKINFFBB38CB,仁美段,12.03,都市：住,10000,37,持分移轉,17450000
RPWNMLNLKINFFBB28CB,仁美段,12.03,都市：住,10000,37,持分移轉,17450000
RPOOMLNLKINFFBB57CB,仁美段,12.03,都市：住,10000,37,持分移轉,17450000
RPSOMLNLKINFFBB97CB,仁美段,16.90,都市：住,10000,52,持分移轉,17450000
RPTOMLNLKINFFBB08CB,仁美段,16.90,都市：住,10000,52,持分移轉,17450000
RPPOMLNLKINFFBB67CB,仁美段,12.03,都市：住,10000,37,持分移轉,17450000
RPUOMLNLKINFFBB18CB,仁美段,16.90,都市：住,10000,52,持分移轉,17450000
RPXOMLNLKINFFBB48CB,仁美段,16.90,都市：住,10000,52,持分移轉,17450000
RPQOMLNLKINFFBB77CB,仁美段,12.03,都市：住,10000,37,持分移轉,17450000
RPOPMLNLKINFFBB67CB,仁美段,17.23,都市：住,10000,53,持分移轉,17450000
RPROMLNLKINFFBB87CB,仁美段,16.90,都市：住,10000,52,持分移轉,17450000
RPQPMLNLKINFFBB87CB,仁美段,16.90,都市：住,10000,52,持分移轉,17450000
RPRPMLNLKINFFBB97CB,仁美段,16.90,都市：住,10000,52,持分移轉,17450000
RPTPMLNLKINFFBB18CB,仁美段,16.90,都市：住,10000,52,持分移轉,17450000
RPUPMLNLKINFFBB28CB,仁美段,16.90,都市：住,10000,52,持分移轉,17450000
RPUOMLOJKINFFFB48CB,市鎮北段,16.01,都市：商,10000,48,持分移轉,00390000
RPWPMLNLKINFFBB48CB,仁美段,16.90,都市：住,10000,52,持分移轉,17450000
RPXPMLNLKINFFBB58CB,仁美段,21.13,都市：住,10000,65,持分移轉,17450000
RPPPMLNLKINFFBB77CB,仁美段,16.90,都市：住,10000,52,持分移轉,17450000
RPSPMLNLKINFFBB08CB,仁美段,16.90,都市：住,10000,52,持分移轉,17450000
RPVOMLOJKINFFFB58CB,市鎮北段,15.67,都市：商,10000,47,持分移轉,00390000
RPSQMLNLKINFFBB18CB,仁美段,21.45,都市：住,10000,66,持分移轉,17450000
RPQQMLNLKINFFBB97CB,仁美段,21.45,都市：住,10000,66,持分移轉,17450000
RPRQMLNLKINFFBB08CB,仁美段,21.45,都市：住,10000,66,持分移轉,17450000
RPPQMLNLKINFFBB87CB,仁美段,21.13,都市：住,10000,65,持分移轉,17450000
RPVQMLNLKINFFBB48CB,仁美段,21.45,都市：住,10000,66,持分移轉,17450000
RPWPMLOLKINFFBB58CB,仁美段,21.13,都市：住,10000,65,持分移轉,17450000
RPXPMLOLKINFFBB68CB,仁美段,21.13,都市：住,10000,65,持分移轉,17450000
RPUQMLNLKINFFBB38CB,仁美段,21.45,都市：住,10000,66,持分移轉,17450000
RPTQMLNLKINFFBB28CB,仁美段,21.45,都市：住,10000,66,持分移轉,17450000
RPWQMLNLKINFFBB58CB,仁美段,21.45,都市：住,10000,66,持分移轉,17450000
RPQPMLQLKINFFBB18CB,仁美段,21.13,都市：住,10000,65,持分移轉,17450000
RPWPMLQLKINFFBB78CB,仁美段,21.45,都市：住,10000,66,持分移轉,17450000
RPPQMLOLKINFFBB97CB,仁美段,21.13,都市：住,10000,65,持分移轉,17450000
RPVPMLQLKINFFBB68CB,仁美段,21.45,都市：住,10000,66,持分移轉,17450000
RPSOMLQLKINFFBB28CB,仁美段,21.45,都市：住,10000,66,持分移轉,17450000
RPQQMLOLKINFFBB08CB,仁美段,21.13,都市：住,10000,65,持分移轉,17450000
RPOQMLOLKINFFBB87CB,仁美段,21.13,都市：住,10000,65,持分移轉,17450000
RPWNMLQLKINFFBB58CB,仁美段,21.13,都市：住,10000,65,持分移轉,17450000
RPPTMLPLKINFFBB38CB,仁美段,21.13,都市：住,10000,65,持分移轉,17450000
RPRRMLQLKINFFBB48CB,仁美段,21.45,都市：住,10000,66,持分移轉,17450000
RPPRMLQLKINFFBB28CB,仁美段,21.45,都市：住,10000,66,持分移轉,17450000
RPWQMLQLKINFFBB88CB,仁美段,21.13,都市：住,10000,65,持分移轉,17450000
RPPQMLPLKINFFBB08CB,仁美段,21.13,都市：住,10000,65,持分移轉,17450000
RPTRMLQLKINFFBB68CB,仁美段,21.13,都市：住,10000,65,持分移轉,17450000
RPSRMLQLKINFFBB58CB,仁美段,21.45,都市：住,10000,66,持分移轉,17450000
RPQOMLRLKINFFFB58CB,市鎮北段,16.01,都市：商,10000,48,持分移轉,00390000
RPSOMLRLKINFFFB78CB,市鎮北段,14.34,都市：商,10000,43,持分移轉,00390000
RPUOMLRLKINFFFB98CB,市鎮北段,14.34,都市：商,10000,43,持分移轉,00390000
RPVOMLRLKINFFFB09CB,市鎮北段,16.01,都市：商,10000,48,持分移轉,00390000
RPXOMLRLKINFFFB66CB,市鎮北段,14.34,都市：商,10000,43,持分移轉,00390000
RPWUMLQLKINFFBB66CB,仁美段,16.90,都市：住,10000,52,持分移轉,17450000
RPQVMLQLKINFFBB78CB,仁美段,16.90,都市：住,10000,52,持分移轉,17450000
RPRVMLQLKINFFBB88CB,仁美段,16.90,都市：住,10000,52,持分移轉,17450000
RPOVMLQLKINFFBB58CB,仁美段,16.90,都市：住,10000,52,持分移轉,17450000
RPSSMLQLKINFFBB68CB,仁美段,16.90,都市：住,10000,52,持分移轉,17450000
RPXTMLQLKINFFBB66CB,仁美段,16.90,都市：住,10000,52,持分移轉,17450000
RPURMLQLKINFFBB78CB,仁美段,21.13,都市：住,10000,65,持分移轉,17450000
RPOUMLQLKINFFBB48CB,仁美段,16.90,都市：住,10000,52,持分移轉,17450000
RPWTMLQLKINFFBB56CB,仁美段,16.90,都市：住,10000,52,持分移轉,17450000
RPOPMLRLKINFFFB48CB,市鎮北段,16.01,都市：商,10000,48,持分移轉,00390000
RPQQMLSLKINFFBB48CB,仁美段,16.90,都市：住,10000,52,持分移轉,17450000
RPROMLSLKINFFBB38CB,仁美段,16.90,都市：住,10000,52,持分移轉,17450000
RPUOMLSLKINFFBB68CB,仁美段,17.23,都市：住,10000,53,持分移轉,17450000
RPSQMLSLKINFFBB68CB,仁美段,12.35,都市：住,10000,38,持分移轉,17450000
RPUPMLSLKINFFBB78CB,仁美段,16.90,都市：住,10000,52,持分移轉,17450000
RPSPMLRLKINFFFB88CB,市鎮北段,14.34,都市：商,10000,43,持分移轉,00390000
RPPPMLRLKINFFFB58CB,市鎮北段,14.34,都市：商,10000,43,持分移轉,00390000
RPPOMLSLKINFFBB18CB,仁美段,16.90,都市：住,10000,52,持分移轉,17450000
RPVPMLSLKINFFBB88CB,仁美段,16.90,都市：住,10000,52,持分移轉,17450000
RPTQMLSLKINFFBB78CB,仁美段,12.35,都市：住,10000,38,持分移轉,17450000
RPRQMLSLKINFFBB58CB,仁美段,12.35,都市：住,10000,38,持分移轉,17450000
RPWQMLSLKINFFBB09CB,仁美段,12.35,都市：住,10000,38,持分移轉,17450000
RPUQMLSLKINFFBB88CB,仁美段,12.35,都市：住,10000,38,持分移轉,17450000
RPXQMLSLKINFFBB56CB,仁美段,12.35,都市：住,10000,38,持分移轉,17450000
RPVQMLSLKINFFBB98CB,仁美段,12.35,都市：住,10000,38,持分移轉,17450000
RPPRMLSLKINFFBB48CB,仁美段,12.35,都市：住,10000,38,持分移轉,17450000
RPVRMLSLKINFFBB09CB,仁美段,12.35,都市：住,10000,38,持分移轉,17450000
RPORMLSLKINFFBB38CB,仁美段,12.35,都市：住,10000,38,持分移轉,17450000
RPSRMLSLKINFFBB78CB,仁美段,12.35,都市：住,10000,38,持分移轉,17450000
RPURMLSLKINFFBB98CB,仁美段,12.35,都市：住,10000,38,持分移轉,17450000
RPTSMLSLKINFFBB98CB,仁美段,10.40,都市：住,10000,32,持分移轉,17450000
RPQRMLSLKINFFBB58CB,仁美段,12.35,都市：住,10000,38,持分移轉,17450000
RPSSMLSLKINFFBB88CB,仁美段,10.40,都市：住,10000,32,持分移轉,17450000
RPQNMLLMKINFFBB57CB,仁美段,10.40,都市：住,10000,32,持分移轉,17450000
RPUSMLSLKINFFBB09CB,仁美段,10.40,都市：住,10000,32,持分移轉,17450000
RPQSMLSLKINFFBB68CB,仁美段,10.40,都市：住,10000,32,持分移轉,17450000
RPPNMLLMKINFFBB47CB,仁美段,10.40,都市：住,10000,32,持分移轉,17450000
RPRNMLLMKINFFBB67CB,仁美段,10.40,都市：住,10000,32,持分移轉,17450000
RPWNMLLMKINFFBB18CB,仁美段,10.40,都市：住,10000,32,持分移轉,17450000
RPUNMLLMKINFFBB97CB,仁美段,10.40,都市：住,10000,32,持分移轉,17450000
RPSNMLLMKINFFBB77CB,仁美段,10.40,都市：住,10000,32,持分移轉,17450000
RPXRMLSLKINFFBB66CB,仁美段,12.35,都市：住,10000,38,持分移轉,17450000
RPROMLLMKINFFBB77CB,仁美段,10.40,都市：住,10000,32,持分移轉,17450000
RPSOMLLMKINFFBB87CB,仁美段,10.40,都市：住,10000,32,持分移轉,17450000
RPVNMLLMKINFFBB08CB,仁美段,10.40,都市：住,10000,32,持分移轉,17450000
RPPPMLLMKINFFBB67CB,仁美段,10.40,都市：住,10000,32,持分移轉,17450000
RPXNMLLMKINFFBB28CB,仁美段,10.40,都市：住,10000,32,持分移轉,17450000
RPTOMLLMKINFFBB97CB,仁美段,10.40,都市：住,10000,32,持分移轉,17450000
RPQPMLLMKINFFBB77CB,仁美段,10.40,都市：住,10000,32,持分移轉,17450000
RPOOMLLMKINFFBB47CB,仁美段,10.40,都市：住,10000,32,持分移轉,17450000
RPWNMLOJJHOFFBB08CB,仁美段,6.50,都市：住,10000,20,持分移轉,17450000
RPXNMLOJJHOFFBB18CB,仁美段,6.50,都市：住,10000,20,持分移轉,17450000
RPRPMLLMKINFFBB87CB,仁美段,10.40,都市：住,10000,32,持分移轉,17450000
RPOOMLLJJHOFFBB07CB,仁美段,10.40,都市：住,10000,32,持分移轉,17450000
RPSNMLLJJHOFFBB37CB,仁美段,10.40,都市：住,10000,32,持分移轉,17450000
RPWNMLLJJHOFFBB77CB,仁美段,10.40,都市：住,10000,32,持分移轉,17450000
RPXNMLLJJHOFFBB87CB,仁美段,10.40,都市：住,10000,32,持分移轉,17450000
RPTNMLLJJHOFFBB47CB,仁美段,10.40,都市：住,10000,32,持分移轉,17450000
RPUNMLLJJHOFFBB57CB,仁美段,10.40,都市：住,10000,32,持分移轉,17450000
RPPOMLOJJHOFFBB47CB,仁美段,10.08,都市：住,10000,31,持分移轉,17450000
RPOOMLOJJHOFFBB37CB,仁美段,10.08,都市：住,10000,31,持分移轉,17450000
RPVOMLOJJHOFFBB08CB,仁美段,6.83,都市：住,10000,21,持分移轉,17450000
RPPPMLOJJHOFFBB57CB,仁美段,6.50,都市：住,10000,20,持分移轉,17450000
RPUOMLOJJHOFFBB97CB,仁美段,6.83,都市：住,10000,21,持分移轉,17450000
RPROMLOJJHOFFBB67CB,仁美段,6.50,都市：住,10000,20,持分移轉,17450000
RPQPMLOJJHOFFBB67CB,仁美段,6.50,都市：住,10000,20,持分移轉,17450000
RPTOMLOJJHOFFBB87CB,仁美段,6.50,都市：住,10000,20,持分移轉,17450000
RPRQMLOJJHOFFBB87CB,仁美段,6.50,都市：住,10000,20,持分移轉,17450000
RPRPMLOJJHOFFBB77CB,仁美段,6.50,都市：住,10000,20,持分移轉,17450000
RPTPMLOJJHOFFBB97CB,仁美段,6.50,都市：住,10000,20,持分移轉,17450000
RPPRMLOJJHOFFBB77CB,仁美段,15.93,都市：住,10000,49,持分移轉,17450000
RPVNMLLJJHOFFBB67CB,仁美段,10.40,都市：住,10000,32,持分移轉,17450000
RPSPMLOJJHOFFBB87CB,仁美段,6.50,都市：住,10000,20,持分移轉,17450000
RPQRMLOJJHOFFBB87CB,仁美段,15.93,都市：住,10000,49,持分移轉,17450000
RPWPMLOJJHOFFBB28CB,仁美段,6.50,都市：住,10000,20,持分移轉,17450000
RPTQMLOJJHOFFBB08CB,仁美段,15.93,都市：住,10000,49,持分移轉,17450000
RPRRMLOJJHOFFBB97CB,仁美段,15.93,都市：住,10000,49,持分移轉,17450000
RPWRMLOJJHOFFBB48CB,仁美段,15.93,都市：住,10000,49,持分移轉,17450000
RPURMLOJJHOFFBB28CB,仁美段,15.93,都市：住,10000,49,持分移轉,17450000
RPTRMLOJJHOFFBB18CB,仁美段,15.93,都市：住,10000,49,持分移轉,17450000
RPVRMLOJJHOFFBB38CB,仁美段,15.93,都市：住,10000,49,持分移轉,17450000
RPXRMLOJJHOFFBB58CB,仁美段,15.93,都市：住,10000,49,持分移轉,17450000
RPQOMLOJJHOFFBB57CB,仁美段,6.50,都市：住,10000,20,持分移轉,17450000
RPSSMLOJJHOFFBB18CB,仁美段,15.93,都市：住,10000,49,持分移轉,17450000
RPOTMLOJJHOFFBB87CB,仁美段,11.38,都市：住,10000,35,持分移轉,17450000
RPTSMLOJJHOFFBB28CB,仁美段,15.93,都市：住,10000,49,持分移轉,17450000
RPVSMLOJJHOFFBB48CB,仁美段,11.38,都市：住,10000,35,持分移轉,17450000
RPUSMLOJJHOFFBB38CB,仁美段,11.38,都市：住,10000,35,持分移轉,17450000
RPWSMLOJJHOFFBB58CB,仁美段,11.38,都市：住,10000,35,持分移轉,17450000
RPXSMLOJJHOFFBB68CB,仁美段,11.38,都市：住,10000,35,持分移轉,17450000
RPPSMLOJJHOFFBB87CB,仁美段,15.93,都市：住,10000,49,持分移轉,17450000
RPOSMLOJJHOFFBB77CB,仁美段,15.93,都市：住,10000,49,持分移轉,17450000
RPQTMLOJJHOFFBB08CB,仁美段,11.38,都市：住,10000,35,持分移轉,17450000
RPSTMLOJJHOFFBB28CB,仁美段,11.38,都市：住,10000,35,持分移轉,17450000
RPRTMLOJJHOFFBB18CB,仁美段,11.38,都市：住,10000,35,持分移轉,17450000
RPWTMLOJJHOFFBB68CB,仁美段,11.38,都市：住,10000,35,持分移轉,17450000
RPXTMLOJJHOFFBB78CB,仁美段,11.38,都市：住,10000,35,持分移轉,17450000
RPOUMLOJJHOFFBB97CB,仁美段,11.38,都市：住,10000,35,持分移轉,17450000
RPPUMLOJJHOFFBB08CB,仁美段,11.38,都市：住,10000,35,持分移轉,17450000
RPQUMLOJJHOFFBB18CB,仁美段,11.38,都市：住,10000,35,持分移轉,17450000
RPPTMLOJJHOFFBB97CB,仁美段,11.38,都市：住,10000,35,持分移轉,17450000
RPRUMLOJJHOFFBB28CB,仁美段,8.78,都市：住,10000,27,持分移轉,17450000
RPTUMLOJJHOFFBB48CB,仁美段,8.78,都市：住,10000,27,持分移轉,17450000
RPSUMLOJJHOFFBB38CB,仁美段,8.78,都市：住,10000,27,持分移轉,17450000
RPVUMLOJJHOFFBB68CB,仁美段,8.78,都市：住,10000,27,持分移轉,17450000
RPUUMLOJJHOFFBB58CB,仁美段,8.78,都市：住,10000,27,持分移轉,17450000
RPWUMLOJJHOFFBB78CB,仁美段,8.78,都市：住,10000,27,持分移轉,17450000
RPPNMLPJJHOFFBB47CB,仁美段,8.78,都市：住,10000,27,持分移轉,17450000
RPQNMLPJJHOFFBB57CB,仁美段,8.78,都市：住,10000,27,持分移轉,17450000
RPRSMLOJJHOFFBB08CB,仁美段,15.93,都市：住,10000,49,持分移轉,17450000
RPWNMLPJJHOFFBB18CB,仁美段,8.78,都市：住,10000,27,持分移轉,17450000
RPXNMLPJJHOFFBB28CB,仁美段,8.78,都市：住,10000,27,持分移轉,17450000
RPOOMLPJJHOFFBB47CB,仁美段,8.78,都市：住,10000,27,持分移轉,17450000
RPPOMLPJJHOFFBB57CB,仁美段,8.78,都市：住,10000,27,持分移轉,17450000
RPQOMLPJJHOFFBB67CB,仁美段,8.78,都市：住,10000,27,持分移轉,17450000
RPROMLPJJHOFFBB77CB,仁美段,8.78,都市：住,10000,27,持分移轉,17450000
RPSOMLPJJHOFFBB87CB,仁美段,8.78,都市：住,10000,27,持分移轉,17450000
RPTOMLPJJHOFFBB97CB,仁美段,8.78,都市：住,10000,27,持分移轉,17450000
RPUOMLPJJHOFFBB08CB,仁美段,8.78,都市：住,10000,27,持分移轉,17450000
RPVOMLPJJHOFFBB18CB,仁美段,8.45,都市：住,10000,26,持分移轉,17450000
RPWOMLPJJHOFFBB28CB,仁美段,8.78,都市：住,10000,27,持分移轉,17450000
RPPPMLPJJHOFFBB67CB,仁美段,8.78,都市：住,10000,27,持分移轉,17450000
RPRPMLPJJHOFFBB87CB,仁美段,8.78,都市：住,10000,27,持分移轉,17450000
RPOPMLPJJHOFFBB57CB,仁美段,8.78,都市：住,10000,27,持分移轉,17450000
RPTPMLPJJHOFFBB08CB,仁美段,8.78,都市：住,10000,27,持分移轉,17450000
RPXOMLPJJHOFFBB38CB,仁美段,8.78,都市：住,10000,27,持分移轉,17450000
RPSPMLPJJHOFFBB97CB,仁美段,8.78,都市：住,10000,27,持分移轉,17450000
RPQPMLPJJHOFFBB77CB,仁美段,8.78,都市：住,10000,27,持分移轉,17450000
RPVPMLPJJHOFFBB28CB,仁美段,11.38,都市：住,10000,35,持分移轉,17450000
RPUPMLPJJHOFFBB18CB,仁美段,8.78,都市：住,10000,27,持分移轉,17450000
RPWPMLPJJHOFFBB38CB,仁美段,11.38,都市：住,10000,35,持分移轉,17450000
RPQQMLPJJHOFFBB87CB,仁美段,11.38,都市：住,10000,35,持分移轉,17450000
RPXPMLPJJHOFFBB48CB,仁美段,11.38,都市：住,10000,35,持分移轉,17450000
RPPQMLPJJHOFFBB77CB,仁美段,11.38,都市：住,10000,35,持分移轉,17450000
RPSQMLPJJHOFFBB08CB,仁美段,11.38,都市：住,10000,35,持分移轉,17450000
RPOQMLPJJHOFFBB67CB,仁美段,11.38,都市：住,10000,35,持分移轉,17450000
RPRQMLPJJHOFFBB97CB,仁美段,11.38,都市：住,10000,35,持分移轉,17450000
RPTQMLPJJHOFFBB18CB,仁美段,11.38,都市：住,10000,35,持分移轉,17450000
RPRRMLPJJHOFFBB08CB,仁美段,15.93,都市：住,10000,49,持分移轉,17450000
RPPRMLPJJHOFFBB87CB,仁美段,15.93,都市：住,10000,49,持分移轉,17450000
RPTRMLPJJHOFFBB28CB,仁美段,15.93,都市：住,10000,49,持分移轉,17450000
RPQRMLPJJHOFFBB97CB,仁美段,15.93,都市：住,10000,49,持分移轉,17450000
RPSRMLPJJHOFFBB18CB,仁美段,15.93,都市：住,10000,49,持分移轉,17450000
RPWQMLPJJHOFFBB48CB,仁美段,11.38,都市：住,10000,35,持分移轉,17450000
RPORMLPJJHOFFBB77CB,仁美段,11.38,都市：住,10000,35,持分移轉,17450000
RPXQMLPJJHOFFBB58CB,仁美段,11.38,都市：住,10000,35,持分移轉,17450000
RPUQMLPJJHOFFBB28CB,仁美段,11.38,都市：住,10000,35,持分移轉,17450000
RPVQMLPJJHOFFBB38CB,仁美段,11.38,都市：住,10000,35,持分移轉,17450000
RPPNMLQJJHOFFBB57CB,仁美段,15.93,都市：住,10000,49,持分移轉,17450000
RPXRMLPJJHOFFBB68CB,仁美段,15.93,都市：住,10000,49,持分移轉,17450000
RPOSMLPJJHOFFBB87CB,仁美段,16.25,都市：住,10000,50,持分移轉,17450000
RPQNMLQJJHOFFBB67CB,仁美段,15.93,都市：住,10000,49,持分移轉,17450000
RPURMLPJJHOFFBB38CB,仁美段,15.93,都市：住,10000,49,持分移轉,17450000
RPVRMLPJJHOFFBB48CB,仁美段,15.93,都市：住,10000,49,持分移轉,17450000
RPWRMLPJJHOFFBB58CB,仁美段,15.93,都市：住,10000,49,持分移轉,17450000
RPRNMLQJJHOFFBB77CB,仁美段,16.25,都市：住,10000,50,持分移轉,17450000
RPTNMLQJJHOFFBB97CB,仁美段,16.58,都市：住,10000,51,持分移轉,17450000
RPUNMLQJJHOFFBB08CB,仁美段,16.58,都市：住,10000,51,持分移轉,17450000
RPWNMLQJJHOFFBB28CB,仁美段,16.58,都市：住,10000,51,持分移轉,17450000
RPSNMLQJJHOFFBB87CB,仁美段,16.25,都市：住,10000,50,持分移轉,17450000
RPVNMLQJJHOFFBB18CB,仁美段,16.58,都市：住,10000,51,持分移轉,17450000
RPXNMLQJJHOFFBB38CB,仁美段,16.58,都市：住,10000,51,持分移轉,17450000
RPSOMLQJJHOFFBB97CB,仁美段,16.58,都市：住,10000,51,持分移轉,17450000
RPPOMLQJJHOFFBB67CB,仁美段,16.58,都市：住,10000,51,持分移轉,17450000
RPVOMLQJJHOFFBB28CB,仁美段,16.58,都市：住,10000,51,持分移轉,17450000
RPUOMLQJJHOFFBB18CB,仁美段,16.58,都市：住,10000,51,持分移轉,17450000
RPTOMLQJJHOFFBB08CB,仁美段,16.90,都市：住,10000,52,持分移轉,17450000
RPXOMLNLJHOFFBB48DB,太祥段,17.14,都市：住,10000,48,持分移轉,01260000
RPOOMLQJJHOFFBB57CB,仁美段,16.58,都市：住,10000,51,持分移轉,17450000
RPQOMLQJJHOFFBB77CB,仁美段,16.58,都市：住,10000,51,持分移轉,17450000
RPROMLQJJHOFFBB87CB,仁美段,16.58,都市：住,10000,51,持分移轉,17450000
RPPPMLNLJHOFFBB77DB,太祥段,17.14,都市：住,10000,48,持分移轉,01260000
RPQPMLNLJHOFFBB87DB,太祥段,17.14,都市：住,10000,48,持分移轉,01260000
RPRPMLNLJHOFFBB97DB,太祥段,17.14,都市：住,10000,48,持分移轉,01260000
RPWOMLQJJHOFFBB38CB,仁美段,16.58,都市：住,10000,51,持分移轉,17450000
RPSPMLNLJHOFFBB08DB,太祥段,17.14,都市：住,10000,48,持分移轉,01260000
RPVPMLNLJHOFFBB38DB,太祥段,17.14,都市：住,10000,48,持分移轉,01260000
RPOPMLNLJHOFFBB67DB,太祥段,17.14,都市：住,10000,48,持分移轉,01260000
RPTPMLNLJHOFFBB18DB,太祥段,17.14,都市：住,10000,48,持分移轉,01260000
RPPQMLNLJHOFFBB87DB,太祥段,17.14,都市：住,10000,48,持分移轉,01260000
RPWPMLNLJHOFFBB48DB,太祥段,17.14,都市：住,10000,48,持分移轉,01260000
RPXPMLNLJHOFFBB58DB,太祥段,17.14,都市：住,10000,48,持分移轉,01260000
RPRQMLNLJHOFFBB08DB,太祥段,21.78,都市：住,10000,61,持分移轉,01260000
RPUQMLNLJHOFFBB38DB,太祥段,21.78,都市：住,10000,61,持分移轉,01260000
RPRRMLNLJHOFFBB18DB,太祥段,16.78,都市：住,10000,47,持分移轉,01260000
RPXQMLNLJHOFFBB68DB,太祥段,21.78,都市：住,10000,61,持分移轉,01260000
RPSRMLNLJHOFFBB28DB,太祥段,16.78,都市：住,10000,47,持分移轉,01260000
RPWQMLNLJHOFFBB58DB,太祥段,21.78,都市：住,10000,61,持分移轉,01260000
RPPRMLNLJHOFFBB97DB,太祥段,18.21,都市：住,10000,51,持分移轉,01260000
RPSQMLNLJHOFFBB18DB,太祥段,21.78,都市：住,10000,61,持分移轉,01260000
RPORMLNLJHOFFBB87DB,太祥段,21.78,都市：住,10000,61,持分移轉,01260000
RPVQMLNLJHOFFBB48DB,太祥段,22.14,都市：住,10000,62,持分移轉,01260000
RPTQMLNLJHOFFBB28DB,太祥段,21.78,都市：住,10000,61,持分移轉,01260000
RPVRMLNLJHOFFBB58DB,太祥段,16.78,都市：住,10000,47,持分移轉,01260000
RPOSMLNLJHOFFBB97DB,太祥段,16.78,都市：住,10000,47,持分移轉,01260000
RPQSMLNLJHOFFBB18DB,太祥段,22.14,都市：住,10000,62,持分移轉,01260000
RPRSMLNLJHOFFBB28DB,太祥段,21.78,都市：住,10000,61,持分移轉,01260000
RPURMLNLJHOFFBB48DB,太祥段,16.78,都市：住,10000,47,持分移轉,01260000
RPUSMLNLJHOFFBB58DB,太祥段,21.78,都市：住,10000,61,持分移轉,01260000
RPPSMLNLJHOFFBB08DB,太祥段,16.78,都市：住,10000,47,持分移轉,01260000
RPSSMLNLJHOFFBB38DB,太祥段,21.78,都市：住,10000,61,持分移轉,01260000
RPXRMLNLJHOFFBB78DB,太祥段,16.78,都市：住,10000,47,持分移轉,01260000
RPTSMLNLJHOFFBB48DB,太祥段,21.78,都市：住,10000,61,持分移轉,01260000
RPXSMLNLJHOFFBB88DB,太祥段,17.14,都市：住,10000,48,持分移轉,01260000
RPWSMLNLJHOFFBB78DB,太祥段,21.78,都市：住,10000,61,持分移轉,01260000
RPPTMLNLJHOFFBB18DB,太祥段,17.14,都市：住,10000,48,持分移轉,01260000
RPOTMLNLJHOFFBB08DB,太祥段,17.14,都市：住,10000,48,持分移轉,01260000
RPVSMLNLJHOFFBB68DB,太祥段,21.78,都市：住,10000,61,持分移轉,01260000
RPQTMLNLJHOFFBB28DB,太祥段,17.14,都市：住,10000,48,持分移轉,01260000
RPRTMLNLJHOFFBB38DB,太祥段,17.14,都市：住,10000,48,持分移轉,01260000
RPTTMLNLJHOFFBB58DB,太祥段,17.14,都市：住,10000,48,持分移轉,01260000
RPVTMLNLJHOFFBB78DB,太祥段,17.14,都市：住,10000,48,持分移轉,01260000
RPUTMLNLJHOFFBB68DB,太祥段,17.14,都市：住,10000,48,持分移轉,01260000
RPXTMLNLJHOFFBB98DB,太祥段,17.14,都市：住,10000,48,持分移轉,01260000
RPOUMLNLJHOFFBB18DB,太祥段,17.14,都市：住,10000,48,持分移轉,01260000
RPPUMLNLJHOFFBB28DB,太祥段,17.14,都市：住,10000,48,持分移轉,01260000
RPOVMLNLJHOFFBB28DB,太祥段,21.78,都市：住,10000,61,持分移轉,01260000
RPTUMLNLJHOFFBB68DB,太祥段,21.78,都市：住,10000,61,持分移轉,01260000
RPVUMLNLJHOFFBB88DB,太祥段,21.78,都市：住,10000,61,持分移轉,01260000
RPXUMLNLJHOFFBB09DB,太祥段,21.78,都市：住,10000,61,持分移轉,01260000
RPWUMLNLJHOFFBB98DB,太祥段,21.78,都市：住,10000,61,持分移轉,01260000
RPQUMLNLJHOFFBB38DB,太祥段,17.14,都市：住,10000,48,持分移轉,01260000
RPUUMLNLJHOFFBB78DB,太祥段,21.78,都市：住,10000,61,持分移轉,01260000
RPSUMLNLJHOFFBB58DB,太祥段,21.78,都市：住,10000,61,持分移轉,01260000
RPRUMLNLJHOFFBB48DB,太祥段,21.78,都市：住,10000,61,持分移轉,01260000
RPPVMLNLJHOFFBB38DB,太祥段,21.78,都市：住,10000,61,持分移轉,01260000
RPSVMLNLJHOFFBB68DB,太祥段,21.78,都市：住,10000,61,持分移轉,01260000
RPXVMLNLJHOFFBB56DB,太祥段,17.14,都市：住,10000,48,持分移轉,01260000
RPWVMLNLJHOFFBB09DB,太祥段,17.14,都市：住,10000,48,持分移轉,01260000
RPVVMLNLJHOFFBB98DB,太祥段,21.78,都市：住,10000,61,持分移轉,01260000
RPQVMLNLJHOFFBB48DB,太祥段,21.78,都市：住,10000,61,持分移轉,01260000
RPPWMLNLJHOFFBB48DB,太祥段,17.14,都市：住,10000,48,持分移轉,01260000
RPTVMLNLJHOFFBB78DB,太祥段,21.78,都市：住,10000,61,持分移轉,01260000
RPOWMLNLJHOFFBB38DB,太祥段,17.14,都市：住,10000,48,持分移轉,01260000
RPVWMLNLJHOFFBB09DB,太祥段,17.14,都市：住,10000,48,持分移轉,01260000
RPTWMLNLJHOFFBB88DB,太祥段,17.14,都市：住,10000,48,持分移轉,01260000
RPONNLNLJHOFFBB57DB,太祥段,21.78,都市：住,10000,61,持分移轉,01260000
RPXWMLNLJHOFFBB66DB,太祥段,22.14,都市：住,10000,62,持分移轉,01260000
RPUWMLNLJHOFFBB98DB,太祥段,17.14,都市：住,10000,48,持分移轉,01260000
RPWWMLNLJHOFFBB56DB,太祥段,17.14,都市：住,10000,48,持分移轉,01260000
RPQWMLNLJHOFFBB58DB,太祥段,17.14,都市：住,10000,48,持分移轉,01260000
RPSWMLNLJHOFFBB78DB,太祥段,17.14,都市：住,10000,48,持分移轉,01260000
RPRWMLNLJHOFFBB68DB,太祥段,17.14,都市：住,10000,48,持分移轉,01260000
RPPNNLNLJHOFFBB67DB,太祥段,21.78,都市：住,10000,61,持分移轉,01260000
RPRNNLNLJHOFFBB87DB,太祥段,21.78,都市：住,10000,61,持分移轉,01260000
RPQNNLNLJHOFFBB77DB,太祥段,21.78,都市：住,10000,61,持分移轉,01260000
RPVNNLNLJHOFFBB28DB,太祥段,21.78,都市：住,10000,61,持分移轉,01260000
RPWNNLNLJHOFFBB38DB,太祥段,16.78,都市：住,10000,47,持分移轉,01260000
RPXNNLNLJHOFFBB48DB,太祥段,16.78,都市：住,10000,47,持分移轉,01260000
RPOONLNLJHOFFBB67DB,太祥段,16.78,都市：住,10000,47,持分移轉,01260000
RPQONLNLJHOFFBB87DB,太祥段,16.78,都市：住,10000,47,持分移轉,01260000
RPSNNLNLJHOFFBB97DB,太祥段,21.78,都市：住,10000,61,持分移轉,01260000
RPUNNLNLJHOFFBB18DB,太祥段,21.78,都市：住,10000,61,持分移轉,01260000
RPPONLNLJHOFFBB77DB,太祥段,16.78,都市：住,10000,47,持分移轉,01260000
RPQPNLNLJHOFFBB97DB,太祥段,21.78,都市：住,10000,61,持分移轉,01260000
RPSPNLNLJHOFFBB18DB,太祥段,17.14,都市：住,10000,48,持分移轉,01260000
RPVONLNLJHOFFBB38DB,太祥段,21.78,都市：住,10000,61,持分移轉,01260000
RPXONLNLJHOFFBB58DB,太祥段,21.78,都市：住,10000,61,持分移轉,01260000
RPRPNLNLJHOFFBB08DB,太祥段,17.14,都市：住,10000,48,持分移轉,01260000
RPRONLNLJHOFFBB97DB,太祥段,16.78,都市：住,10000,47,持分移轉,01260000
RPTONLNLJHOFFBB18DB,太祥段,16.78,都市：住,10000,47,持分移轉,01260000
RPSONLNLJHOFFBB08DB,太祥段,16.78,都市：住,10000,47,持分移轉,01260000
RPUONLNLJHOFFBB28DB,太祥段,16.78,都市：住,10000,47,持分移轉,01260000
RPRQNLNLJHOFFBB18DB,太祥段,17.14,都市：住,10000,48,持分移轉,01260000
RPVQNLNLJHOFFBB58DB,太祥段,17.14,都市：住,10000,48,持分移轉,01260000
RPSQNLNLJHOFFBB28DB,太祥段,17.14,都市：住,10000,48,持分移轉,01260000
RPWQNLNLJHOFFBB68DB,太祥段,17.14,都市：住,10000,48,持分移轉,01260000
RPXQNLNLJHOFFBB78DB,太祥段,17.14,都市：住,10000,48,持分移轉,01260000
RPORNLNLJHOFFBB97DB,太祥段,17.14,都市：住,10000,48,持分移轉,01260000
RPPRNLNLJHOFFBB08DB,太祥段,17.14,都市：住,10000,48,持分移轉,01260000
RPSRNLNLJHOFFBB38DB,太祥段,17.14,都市：住,10000,48,持分移轉,01260000
RPQRNLNLJHOFFBB18DB,太祥段,17.14,都市：住,10000,48,持分移轉,01260000
RPURNLNLJHOFFBB58DB,太祥段,31.06,都市：住,10000,87,持分移轉,01260000
RPRRNLNLJHOFFBB28DB,太祥段,17.14,都市：住,10000,48,持分移轉,01260000
RPVRNLNLJHOFFBB68DB,太祥段,30.71,都市：住,10000,86,持分移轉,01260000
RPWRNLNLJHOFFBB78DB,太祥段,31.06,都市：住,10000,87,持分移轉,01260000
RPPSNLNLJHOFFBB18DB,太祥段,21.78,都市：住,10000,61,持分移轉,01260000
RPSSNLNLJHOFFBB48DB,太祥段,30.71,都市：住,10000,86,持分移轉,01260000
RPQSNLNLJHOFFBB28DB,太祥段,21.78,都市：住,10000,61,持分移轉,01260000
RPRNMLPLJHOFFBB97DB,太祥段,21.78,都市：住,10000,61,持分移轉,01260000
RPWNMLPLJHOFFBB48DB,太祥段,21.78,都市：住,10000,61,持分移轉,01260000
RPRSNLNLJHOFFBB38DB,太祥段,21.78,都市：住,10000,61,持分移轉,01260000
RPQNMLMJKHOFFFB77CB,市鎮北段,15.67,都市：商,10000,47,持分移轉,00390000
RPRNMLMJKHOFFFB87CB,市鎮北段,10.67,都市：商,10000,32,持分移轉,00390000
RPVNMLMJKHOFFFB28CB,市鎮北段,15.67,都市：商,10000,47,持分移轉,00390000
RPXNMLMJKHOFFFB48CB,市鎮北段,17.67,都市：商,10000,53,持分移轉,00390000
RPWNMLMJKHOFFFB38CB,市鎮北段,15.01,都市：商,10000,45,持分移轉,00390000
RPVOMLPLJHOFFBB48DB,太祥段,16.78,都市：住,10000,47,持分移轉,01260000
RPUNMLMJKHOFFFB18CB,市鎮北段,13.34,都市：商,10000,40,持分移轉,00390000
