﻿編號,土地位置,土地移轉面積(平方公尺),使用分區或編定,權利人持分分母,權利人持分分子,移轉情形,地號
The serial number, land position,land shifting area square meter,the use zoning or compiles and checks,,,,land parcel
RPRNMLLLJINFFBC67DB,成功段,29.55,都市：住,100000,2967,持分移轉,14060006
RPTNMLLLJINFFBC87DB,成功段,29.12,都市：住,100000,2924,持分移轉,14060006
RPUNMLLLJINFFBC97DB,成功段,21.29,都市：住,100000,2138,持分移轉,14060006
RPXNMLLLJINFFBC28DB,成功段,29.12,都市：住,100000,2924,持分移轉,14060006
RPSNMLLLJINFFBC77DB,成功段,29.12,都市：住,100000,2924,持分移轉,14060006
RPQOMLLLJINFFBC67DB,成功段,.25,都市：住,100000,2234,持分移轉,14060012
RPQOMLLLJINFFBC67DB,成功段,.71,都市：住,100000,2234,持分移轉,14060021
RPQOMLLLJINFFBC67DB,成功段,.60,都市：住,100000,2234,持分移轉,14060022
RPQOMLLLJINFFBC67DB,成功段,.97,都市：住,100000,2234,持分移轉,14060007
RPQOMLLLJINFFBC67DB,成功段,6.62,都市：住,100000,2234,持分移轉,14120003
RPQOMLLLJINFFBC67DB,成功段,8.96,都市：住,100000,2234,持分移轉,14120004
RPQOMLLLJINFFBC67DB,成功段,3.04,都市：住,100000,2234,持分移轉,14130000
RPOOMLLLJINFFBC47DB,成功段,29.12,都市：住,100000,2924,持分移轉,14060006
RPPOMLLLJINFFBC57DB,成功段,40.45,都市：住,100000,4061,持分移轉,14060006
RPVNMLLLJINFFBC08DB,成功段,23.89,都市：住,100000,2399,持分移轉,14060006
RPWNMLLLJINFFBC18DB,成功段,24.12,都市：住,100000,2422,持分移轉,14060006
RPTOMLLLJINFFBC97DB,成功段,.36,都市：住,100000,3292,持分移轉,14060012
RPTOMLLLJINFFBC97DB,成功段,1.05,都市：住,100000,3292,持分移轉,14060021
RPTOMLLLJINFFBC97DB,成功段,.89,都市：住,100000,3292,持分移轉,14060022
RPTOMLLLJINFFBC97DB,成功段,1.43,都市：住,100000,3292,持分移轉,14060007
RPTOMLLLJINFFBC97DB,成功段,9.76,都市：住,100000,3292,持分移轉,14120003
RPTOMLLLJINFFBC97DB,成功段,13.20,都市：住,100000,3292,持分移轉,14120004
RPTOMLLLJINFFBC97DB,成功段,4.48,都市：住,100000,3292,持分移轉,14130000
RPSOMLLLJINFFBC87DB,成功段,.36,都市：住,100000,3292,持分移轉,14060012
RPSOMLLLJINFFBC87DB,成功段,1.05,都市：住,100000,3292,持分移轉,14060021
RPSOMLLLJINFFBC87DB,成功段,.89,都市：住,100000,3292,持分移轉,14060022
RPSOMLLLJINFFBC87DB,成功段,1.43,都市：住,100000,3292,持分移轉,14060007
RPSOMLLLJINFFBC87DB,成功段,9.76,都市：住,100000,3292,持分移轉,14120003
RPSOMLLLJINFFBC87DB,成功段,13.20,都市：住,100000,3292,持分移轉,14120004
RPSOMLLLJINFFBC87DB,成功段,4.48,都市：住,100000,3292,持分移轉,14130000
RPQOMLRLJINFFBC28DB,成功段,.36,都市：住,100000,3285,持分移轉,14060012
RPQOMLRLJINFFBC28DB,成功段,1.05,都市：住,100000,3285,持分移轉,14060021
RPQOMLRLJINFFBC28DB,成功段,.89,都市：住,100000,3285,持分移轉,14060022
RPQOMLRLJINFFBC28DB,成功段,1.43,都市：住,100000,3285,持分移轉,14060007
RPQOMLRLJINFFBC28DB,成功段,9.74,都市：住,100000,3285,持分移轉,14120003
RPQOMLRLJINFFBC28DB,成功段,13.17,都市：住,100000,3285,持分移轉,14120004
RPQOMLRLJINFFBC28DB,成功段,4.47,都市：住,100000,3285,持分移轉,14130000
