﻿編號,車位類別,車位價格,車位面積平方公尺,車位所在樓層
Serial number,berth category,berth price,berth area square meter,
RPRNMLLLJINFFBC67DB,一樓平面,1500000,11.56,
RPTNMLLLJINFFBC87DB,坡道機械,700000,5.50,
RPXNMLLLJINFFBC28DB,一樓平面,1500000,11.56,
RPSNMLLLJINFFBC77DB,坡道機械,700000,5.50,
RPPOMLLLJINFFBC57DB,一樓平面,1500000,11.56,
RPVNMLLLJINFFBC08DB,坡道機械,900000,5.50,
RPWNMLLLJINFFBC18DB,坡道機械,900000,5.50,
RPTOMLLLJINFFBC97DB,升降機械,1000000,5.64,
RPSOMLLLJINFFBC87DB,升降機械,1000000,5.64,
RPQOMLRLJINFFBC28DB,升降機械,1000000,5.64,
