﻿編號,土地位置,土地移轉面積(平方公尺),使用分區或編定,權利人持分分母,權利人持分分子,移轉情形,地號
The serial number, land position,land shifting area square meter,the use zoning or compiles and checks,,,,land parcel
RPTNMLMKJINFFKD88CC,南新段,355.60,都市：住,,,,09730000
RPTNMLMKJINFFKD88CC,南新段,661.83,都市：住,,,,09740000
RPTOMLNKJINFFKD09CC,兵南段,6.50,都市：住,,,,05840000
RPROMLNKJINFFAD87CC,金華段,.00,都市：商,,,,01340000
RPSOMLNKJINFFKD98CC,兵南段,4.00,都市：住,,,,05840000
RPSNMLNKJINFFAD87CC,府前段,.00,非都市： ; 非都市編定：,,,,14910000
RPWNMLNKJINFFHD98CC,慶安段,.00,都市：住,,,,04250009
RPUNMLNKJINFFHD78CC,慶安段,.00,都市：住,,,,04250000
RPVOMLNKJINFFKD66CC,五王段,10.00,都市：住,,,,09340000
RPTOMLNKJINFFAD08CC,漁光段,11.96,都市：商,,,,08660000
RPUOMLNKJINFFAD18CC,中山段,27.62,都市：商,,,,05360000
RPOOMLNKJINFFAD57CC,裕民段,241.33,都市：住,,,,11770000
RPOOMLNKJINFFAD57CC,裕民段,19.66,都市：住,,,,11780000
RPOOMLNKJINFFCD77CC,裕東段,.00,非都市： ; 非都市編定：,,,,04690000
RPQNMLOKJINFFAD77CC,漁光段,8.52,都市：商,,,,08660000
RPVNMLOKJINFFKD66CC,頂西段,.00,非都市： ; 非都市編定：,,,,00380000
RPWOMLNKJINFFAD38CC,漁光段,11.47,都市：商,,,,08690000
RPQNMLPKJINFFHD58CC,華美段,27.10,都市：其他:空白,,,,03590006
RPWNMLOKJINFFKD76CC,頂西段,.00,非都市： ; 非都市編定：,,,,00380000
RPSNMLPKJINFFBD18CC,十字段,169.23,都市：其他:空白,,,,07770000
RPTNMLOKJINFFKD09CC,橋北段,172.09,都市：住,,,,00290000
RPTNMLOKJINFFKD09CC,橋北段,88.56,都市：住,,,,00290001
RPTNMLPKJINFFKD56CC,永信段,20.81,都市：住,,,,05980000
RPXOMLPKJINFFAD68CC,金華段,6.64,都市：住,,,,00850004
RPWNMLPKJINFFBD58CC,溪頂段,102.71,都市：住,,,,12530000
RPPOMLQKJINFFHD68CC,華興段,.00,都市：住,,,,04200037
RPTNMLPKJINFFAD18CC,北元段,250.63,都市：住,,,,10340000
RPXNMLQKJINFFKD07CC,二王段,.00,都市：住,,,,09770000
RPQNMLQKJINFFKD98CC,永和段,.00,非都市： ; 非都市編定：,,,,13110000
RPPNMLTKJINFFID98CC,忠義段,2100.20,都市：農,,,,02540000
RPTNMLKLJINFFAD77CC,三民段,.00,非都市： ; 非都市編定：,,,,06780000
RPUNMLKLJINFFAD87CC,裕民段,.00,非都市： ; 非都市編定：,,,,04500000
RPQNMLLLJINFFHD28CC,光文段,122.19,非都市： ; 非都市編定：,,,,03120000
RPQNMLLLJINFFHD28CC,光文段,120.43,非都市： ; 非都市編定：,,,,03130000
RPQOMLPKJINFFCD18CC,龍泉段,.00,都市：住,,,,03740000
RPRNMLKLJINFFCD77CC,大同段,.00,非都市： ; 非都市編定：,,,,05550000
RPQNMLKLJINFFCD67CC,大忠段,.00,非都市： ; 非都市編定：,,,,01390000
RPQNMLTKJINFFCD48CC,竹篙厝段,102.00,都市：住,,,,11880000
RPXNMLPKJINFFCD78CC,富裕段,.00,非都市： ; 非都市編定：,,,,05330000
RPXOMLLLJINFFCD58CC,天后段,.00,非都市： ; 非都市編定：,,,,07140000
RPPPMLLLJINFFCD87CC,公英段,.00,非都市： ; 非都市編定：,,,,01850000
RPRNMLMLJINFFCD97CC,南華段,.00,非都市： ; 非都市編定：,,,,09680000
RPOQMLLLJINFFAD67CC,文元段,.00,非都市： ; 非都市編定：,,,,05700023
RPVOMLLLJINFFAD18CC,新南段,.00,非都市： ; 非都市編定：,,,,00900026
RPTOMLLLJINFFAD97CC,永安段,.00,非都市： ; 非都市編定：,,,,10530000
RPTNMLLLJINFFAD87CC,自強段,2.00,都市：商,,,,05040002
RPTNMLLLJINFFAD87CC,自強段,78.00,都市：商,,,,05090003
RPSNMLMLJINFFCD08CC,鹽埕段,.00,都市：住,,,,01470209
RPPOMLMLJINFFAD67CC,公園段,204.00,都市：商,,,,07910000
RPPOMLMLJINFFAD67CC,公園段,1.00,都市：其他:道路用地,,,,08040001
RPTNMLMLJINFFCD18CC,大忠段,.00,非都市： ; 非都市編定：,,,,01980000
RPTNMLMLJINFFCD18CC,大忠段,.00,非都市： ; 非都市編定：,,,,01980001
RPWOMLMLJINFFAD38CC,府前段,.00,非都市： ; 非都市編定：,,,,03370000
RPXNMLMLJINFFAD38CC,廣慈段,.00,非都市： ; 非都市編定：,,,,00460000
RPOOMLMLJINFFAD57CC,頂美段,.00,非都市： ; 非都市編定：,,,,07530000
RPPOMLNLJINFFAD77CC,開元段,.00,非都市： ; 非都市編定：,,,,05970000
RPPOMLNLJINFFAD77CC,開元段,.00,非都市： ; 非都市編定：,,,,06180000
RPPOMLNLJINFFAD77CC,開元段,.00,非都市： ; 非都市編定：,,,,03610025
RPUNMLQLJINFFCD68CC,竹篙厝段,.00,非都市： ; 非都市編定：,,,,24290000
RPRPMLMLJINFFAD97CC,漁光段,.00,非都市： ; 非都市編定：,,,,08690000
RPXOMLQLJINFFCD09CC,光明段,20.30,都市：住,,,,07380000
RPXOMLQLJINFFCD09CC,光明段,4.50,都市：住,,,,07380001
RPSNMLRLJINFFID56CC,後壁段,.00,都市：住,,,,00940000
RPPOMLQLJINFFAD08CC,石門段,.00,都市：住,,,,08820000
RPPOMLRLJINFFAD18CC,普濟段,42.78,都市：商,,,,10830000
RPPNMLSLJINFFAD18CC,開元段,.00,非都市： ; 非都市編定：,,,,07420006
RPPNMLRLJINFFCD28CC,光明段,.00,都市：住,,,,04060002
RPRNMLSLJINFFKD76CC,自強段,103.62,都市：住,,,,07970010
RPQOMLMLJINFFKD78CC,兵北段,.00,非都市： ; 非都市編定：,,,,01350000
RPXNMLKLJINFFKD56CC,保生段,359.90,都市：住,,,,13130000
RPWNMLTLJINFFKD37CC,鹽中段,652.00,都市：工,,,,09110000
RPUOMLQLJINFFKD96CC,永興段,48.10,都市：住,,,,01500000
RPQOMLTKJINFFKD76CC,大灣段,.00,都市：住,,,,65760005
RPUOMLLLJINFFKD09CC,鹽北段,.00,都市：工,,,,12070000
RPQNMLKMJINFFDD87CC,大同段,120.68,都市：住,,,,05920000
RPTNMLKMJINFFHD58CC,南港段,99.15,都市：其他:,,,,00480000
RPSNMLKMJINFFKD78CC,蜈蜞潭段,.00,都市：住,,,,12900003
RPUNMLKMJINFFCD18CC,精忠段,.00,都市：商,,,,10190027
RPSOMLSLJINFFCD78CC,竹篙厝段,.00,非都市： ; 非都市編定：,,,,37330007
RPPOMLNJKINFFCD87CC,東寧段,.00,都市：住,,,,00890006
RPUOMLOJKINFFCD48CC,大山段,231.77,都市：商,,,,02670000
RPUOMLOJKINFFCD48CC,大山段,260.65,都市：商,,,,02700001
RPSPMLOJKINFFCD38CC,仁和段,.00,都市：住,,,,08950000
RPWPMLOJKINFFCD78CC,東寧段,.00,都市：住,,,,07420002
RPWPMLOJKINFFCD78CC,東寧段,.00,都市：住,,,,07430009
RPWPMLOJKINFFCD78CC,東寧段,.00,都市：住,,,,07440008
RPUOMLOJKINFFAD38DC,金華段,7.34,都市：住,,,,00450001
RPOOMLOJKINFFID48CC,清王段,.00,都市：住,,,,05760000
RPQOMLOJKINFFKD88CC,勝利段,.00,都市：住,,,,06610000
RPUNMLPJKINFFKD66CC,亞太段,.00,都市：工,,,,01780000
RPUNMLPJKINFFKD66CC,亞太段,.00,都市：工,,,,01790000
RPOOMLPJKINFFKD78CC,鹽北段,.00,都市：工,,,,12150000
RPXNMLPJKINFFKD96CC,六甲頂段,.00,都市：住,,,,07580001
RPUPMLPJKINFFID66CC,崁腳南段,.00,都市：農,,,,03640000
RPUPMLPJKINFFID66CC,崁腳南段,.00,都市：農,,,,03640001
RPSPMLPJKINFFID09CC,南興段,.00,都市：工,,,,00170000
RPSPMLPJKINFFID09CC,南興段,.00,都市：工,,,,00180000
RPSPMLPJKINFFID09CC,南興段,.00,都市：工,,,,00190000
RPVNMLPJKINFFHD09CC,南港段,.00,都市：住,,,,01950000
RPWNMLPJKINFFHD56CC,港口段,.00,非都市：鄉村區 ; 非都市編定：乙種建築用地,,,,34120007
RPSNMLKMJINFFAD77CC,實踐段,.00,都市：住,,,,03290000
RPOOMLPJKINFFAD77CC,環河段,.00,都市：住,,,,00520000
RPVNMLPJKINFFAD38CC,星鑽段,.00,都市：商,,,,12420000
RPSQMLNJKINFFAD18CC,青年段,.00,都市：商,,,,04300000
RPVNMLTLJINFFAD88CC,新南段,.00,非都市： ; 非都市編定：,,,,01180000
RPRQMLNJKINFFAD08CC,開元段,.00,都市：其他:廣(停)N7廣場兼停車場用地,,,,03610025
RPRQMLNJKINFFAD08CC,開元段,.00,都市：商,,,,05970000
RPRQMLNJKINFFAD08CC,開元段,.00,都市：住,,,,06180000
RPSPMLSLJINFFAD68CC,頂美段,.00,非都市： ; 非都市編定：,,,,07530000
RPUNMLOJKINFFAD18CC,金城段,318.00,都市：住,,,,00120029
RPTNMLLJKINFFAD77CC,北安段,.00,非都市： ; 非都市編定：,,,,05750000
RPRNMLKMJINFFAD67CC,開元段,.00,都市：商,,,,05970000
RPRNMLKMJINFFAD67CC,開元段,.00,都市：住,,,,06180000
RPSNMLQJKINFFAD18CC,金華段,.00,都市：商,,,,01340000
RPQOMLQJKINFFCD28CC,龍泉段,.00,都市：商,,,,00010000
RPQOMLQJKINFFCD28CC,龍泉段,.00,都市：商,,,,00020000
RPQOMLQJKINFFCD28CC,龍泉段,.00,都市：商,,,,00020001
RPWNMLQJKINFFKD96CC,頂西段,.00,非都市： ; 非都市編定：,,,,00380000
RPQOMLQJKINFFKD09CC,鹽埕段,.00,都市：住,,,,04700000
RPTOMLQJKINFFKD76CC,橋北段,.00,都市：商,,,,00540001
RPXNMLQJKINFFKD07CC,頂西段,.00,非都市： ; 非都市編定：,,,,00380000
RPQNMLRJKINFFHD78CC,善新段,161.00,都市：其他:,,,,01210004
RPUNMLRJKINFFKD86CC,五王段,.00,非都市： ; 非都市編定：,,,,04130000
RPVOMLQJKINFFKD96CC,永和段,.00,都市：商,,,,06760000
RPTNMLRJKINFFKD76CC,禹帝段,.00,非都市： ; 非都市編定：,,,,04090000
RPUOMLQJKINFFKD86CC,永強段,.00,都市：住,,,,06080000
RPTNMLRJKINFFCD58CC,東安段,.00,非都市： ; 非都市編定：,,,,02270000
RPTNMLRJKINFFCD58CC,東安段,.00,非都市： ; 非都市編定：,,,,02280000
RPSOMLQJKINFFCD48CC,竹篙厝段,.00,都市：商,,,,16780014
RPSNMLRJKINFFCD48CC,東安段,.00,非都市： ; 非都市編定：,,,,02270000
RPSNMLRJKINFFCD48CC,東安段,.00,非都市： ; 非都市編定：,,,,02280000
RPXOMLQJKINFFAD78CC,漁光段,.00,非都市： ; 非都市編定：,,,,08660000
RPOQMLRJKINFFAD18CC,金華段,.00,非都市： ; 非都市編定：,,,,01220003
RPXPMLRJKINFFAD98CC,永安段,.00,非都市： ; 非都市編定：,,,,10270000
RPRPMLQJKINFFAD28CC,實踐段,.00,都市：住,,,,09420000
RPQNMLRJKINFFCD28CC,鹽埕段,.00,非都市： ; 非都市編定：,,,,20970001
RPOPMLQJKINFFCD18CC,東光段,116.00,都市：商,,,,05470002
RPOPMLQJKINFFCD18CC,東光段,1800.00,都市：商,,,,05480044
RPOPMLQJKINFFCD18CC,東光段,25.00,都市：商,,,,05530000
RPOPMLQJKINFFCD18CC,東光段,106.00,都市：商,,,,05540000
RPOPMLQJKINFFCD18CC,東光段,84.00,都市：商,,,,05550000
RPOPMLQJKINFFCD18CC,東光段,1710.00,都市：商,,,,05600002
RPVOMLQJKINFFCD78CC,裕東段,.00,都市：住,,,,09150023
RPPNMLTJKINFFAD18CC,立人段,1.72,都市：商,,,,01040000
RPPNMLTJKINFFAD18CC,立人段,13.11,都市：住,,,,00650004
RPQOMLKKKINFFCD77CC,鹽埕段,.00,都市：住,,,,00010621
RPQOMLKKKINFFCD77CC,鹽埕段,.00,都市：住,,,,00010622
RPVNMLKKKINFFAD97CC,金華段,284.51,都市：住,,,,00310030
RPSNMLKKKINFFDD97CC,舊?段,2223.00,非都市：特定農業區 ; 非都市編定：農牧用地,,,,03180000
RPORMLRJKINFFAD28CC,北元段,431.88,都市：住,,,,01610000
RPPOMLKKKINFFAD47CC,府前段,66.12,都市：商,,,,09870000
RPSOMLKKKINFFCD97CC,東安段,156.25,都市：商,,,,11350000
RPTOMLKKKINFFCD08CC,東安段,93.75,都市：商,,,,11350000
RPTNMLKKKINFFDD08CC,新卯舍段,578.28,都市：工,,,,12150000
RPVOMLKKKINFFKD09CC,二王段,367.60,都市：住,,,,12260000
RPVOMLKKKINFFKD09CC,二王段,554.04,都市：其他:保護區,,,,12280000
RPVNMLLKKINFFAD08CC,正興段,8.91,都市：商,,,,12450000
RPUOMLMKKINFFAD18CC,金華段,12.01,都市：住,,,,01330000
RPTNMLMKKINFFAD97CC,中山段,27.27,都市：商,,,,03300000
RPQNMLLKKINFFCD77CC,鹽埕段,.00,都市：住,,,,31060050
RPROMLMKKINFFKD88CC,大灣段,149.00,都市：住,,,,78580000
RPROMLMKKINFFKD88CC,大灣段,149.00,都市：住,,,,78580005
RPOOMLMKKINFFAD67DC,銀同段,7.00,都市：商,,,,08700000
RPOOMLMKKINFFAD67DC,銀同段,31.34,都市：商,,,,08710000
RPSNMLMKKINFFHD58CC,六塊寮段,.00,非都市：特定農業區 ; 非都市編定：農牧用地,,,,34920000
RPQOMLMKKINFFHD48CC,善南段,37.40,都市：商,,,,00680000
RPROMLNKKINFFKD98CC,頂西段,.00,非都市： ; 非都市編定：,,,,00380000
RPTNMLNKKINFFAD08CC,金華段,.00,都市：住,,,,00870000
RPUNMLNKKINFFAD18CC,金華段,.00,都市：住,,,,00870000
RPROMLMKKINFFHD58CC,善新段,110.00,都市：住,,,,01960056
RPQNMLNKKINFFKD78CC,南新段,.00,都市：住,,,,00820000
RPQNMLNKKINFFKD78CC,南新段,.00,都市：住,,,,03890000
RPQNMLNKKINFFKD78CC,南新段,.00,都市：住,,,,03920000
RPQNMLNKKINFFKD78CC,南新段,.00,都市：住,,,,03930000
RPQNMLNKKINFFKD78CC,南新段,.00,都市：住,,,,03960000
RPTNMLSKKINFFHD66CC,善中段,99.39,都市：住,,,,16200000
RPPNMLQKKINFFDD28CC,新營段,13.42,都市：住,,,,07380036
RPPNMLQKKINFFDD28CC,新營段,16.28,都市：住,,,,07380069
RPPNMLQKKINFFDD28CC,新營段,.20,都市：住,,,,07380026
RPPNMLQKKINFFDD28CC,新營段,1.37,都市：住,,,,07380032
RPPNMLQKKINFFDD28CC,新營段,.38,都市：住,,,,07380065
RPPNMLQKKINFFDD28CC,新營段,.31,都市：住,,,,07380097
RPPNMLRKKINFFHD78CC,福壽段,110.19,非都市： ; 非都市編定：,,,,06690000
RPWNMLRKKINFFBD88CC,鎮安段,.00,都市：住,,,,11390000
RPVOMLRKKINFFKD17CC,大灣段,2052.00,都市：農,,,,51660000
RPWNMLTKKINFFHD07CC,北子店段一小段,84.00,非都市：特定農業區 ; 非都市編定：甲種建築用地,,,,07060033
RPSOMLTKKINFFID86CC,二仁段,.00,非都市： ; 非都市編定：,,,,04000000
RPVOMLTKKINFFAD98CC,金華段,.00,非都市： ; 非都市編定：,,,,00870000
RPOPMLTKKINFFKD76CC,仁愛段,.00,都市：住,,,,05210000
RPOPMLTKKINFFKD76CC,仁愛段,.00,都市：住,,,,05260000
RPOPMLTKKINFFKD76CC,仁愛段,.00,都市：住,,,,05240000
RPOPMLTKKINFFKD76CC,仁愛段,.00,都市：住,,,,05270000
RPQPMLTKKINFFKD96CC,大灣段,.00,非都市： ; 非都市編定：,,,,65730004
RPPPMLTKKINFFKD86CC,廣富段,.00,都市：住,,,,10790000
RPUOMLKLKINFFKD09CC,烏竹段,.00,都市：住,,,,08650000
RPUOMLKLKINFFKD09CC,烏竹段,.00,都市：住,,,,08730000
RPVPMLKLKINFFKD66CC,頂西段,.00,非都市： ; 非都市編定：,,,,00380000
RPSNMLKLKINFFHD48CC,華興段,.00,都市：住,,,,04200036
RPXOMLKLKINFFKD76CC,永強段,.00,都市：住,,,,04440000
RPWOMLKLKINFFKD66CC,兵北段,.00,都市：住,,,,01300000
RPQNMLKLKINFFBD67CC,海中段,.00,都市：住,,,,09480000
RPSNMLKLKINFFBD87CC,神榕段,.00,非都市： ; 非都市編定：,,,,04610000
RPTNMLKLKINFFBD97CC,國安段,.00,非都市： ; 非都市編定：,,,,03180000
RPUNMLLLKINFFKD09CC,成功段,.00,都市：商,,,,01190000
RPPNMLLLKINFFHD28CC,光文段,122.19,非都市： ; 非都市編定：,,,,03120000
RPPNMLLLKINFFHD28CC,光文段,120.43,非都市： ; 非都市編定：,,,,03130000
RPSNMLLLKINFFAD97DC,武聖段,11.74,都市：住,,,,23250000
RPVNMLLLKINFFKD56CC,永和段,.00,都市：其他:市場用地,,,,13840000
RPPNMLOKKINFFCD97CC,虎尾寮段,17.44,都市：住,,,,03690000
RPUNMLLLKINFFCD28CC,府連段,.00,非都市： ; 非都市編定：,,,,08630000
RPUNMLLLKINFFCD28CC,府連段,.00,非都市： ; 非都市編定：,,,,08640000
RPROMLLKKINFFCD97CC,新東段,.00,非都市： ; 非都市編定：,,,,15510028
RPXOMLNKKINFFCD78CC,公英段,36.52,都市：住,,,,00080000
RPPNMLLLKINFFCD77CC,立德段,.00,非都市： ; 非都市編定：,,,,00590000
RPUNMLSKKINFFCD88CC,正義段,.00,都市：住,,,,04900000
RPSOMLLKKINFFCD08CC,鹽埕段,.00,非都市： ; 非都市編定：,,,,19570006
RPSOMLLKKINFFCD08CC,鹽埕段,.00,非都市： ; 非都市編定：,,,,19570007
RPOOMLOLKINFFKD88CC,兵南段,9.09,都市：住,,,,05840000
RPXNMLOLKINFFKD07CC,中興段,58.68,都市：住,,,,02240000
RPXOMLLLKINFFCD68CC,東寧段,.00,都市：住,,,,01320000
RPSSMLOLKINFFCD88CC,公英段,79.00,都市：住,,,,12530023
RPXNMLPLKINFFKD17CC,鹽南段,.00,都市：工,,,,05780000
RPPOMLPLKINFFKD09CC,正強段,.00,都市：住,,,,10230000
RPOPMLPLKINFFKD09CC,南工段,8.93,都市：住,,,,01940000
RPOOMLPLKINFFKD98CC,鹽南段,.00,都市：工,,,,05780000
RPQOMLSLKINFFKD86CC,鹽東段,.00,都市：住,,,,16110000
RPWOMLSLKINFFKD47CC,安康段,237.72,都市：住,,,,09980001
RPROMLSLKINFFKD96CC,永保段,.37,都市：住,,,,01660000
RPROMLSLKINFFKD96CC,永保段,3.64,都市：住,,,,01670000
RPROMLSLKINFFKD96CC,永保段,121.50,都市：住,,,,01680000
RPUNMLSLKINFFBD88CC,本淵段,330.00,都市：農,,,,00510000
RPPNMLTLKINFFID56CC,歸仁北段,80.00,都市：商,,,,05280025
RPQNMLTLKINFFID66CC,歸仁北段,80.00,都市：商,,,,05280029
RPRNMLTLKINFFDD88CC,新營段,26.88,都市：住,,,,06220050
RPQNMLMJJHOFFDD77CC,新電段,73.24,都市：住,,,,00740000
RPXNMLMJJHOFFDD48CC,永生段,.00,都市：住,,,,01680000
RPOOMLMJJHOFFDD67CC,興業段,.00,都市：住,,,,07640000
RPTNMLTLKINFFHD86CC,華美段,27.10,都市：其他:,,,,03590006
RPQNMLMJJHOFFGD08CC,西埔段,1160.62,非都市：一般農業區 ; 非都市編定：農牧用地,,,,05600000
RPQNMLMJJHOFFGD08CC,西埔段,711.48,非都市：一般農業區 ; 非都市編定：農牧用地,,,,05630000
RPQNMLMJJHOFFGD08CC,西埔段,1130.70,非都市：一般農業區 ; 非都市編定：農牧用地,,,,05650000
RPQNMLMJJHOFFGD08CC,西埔段,138.40,非都市：一般農業區 ; 非都市編定：水利用地,,,,06560000
RPQNMLMJJHOFFGD08CC,西埔段,677.64,非都市：一般農業區 ; 非都市編定：農牧用地,,,,06570000
RPQNMLMJJHOFFGD08CC,西埔段,113.91,非都市：一般農業區 ; 非都市編定：農牧用地,,,,06580000
RPSNMLMJJHOFFKD68CC,橋北段,61.52,都市：住,,,,00520000
RPSNMLMJJHOFFBD77CC,新淵段,126.03,都市：住,,,,07000036
RPSOMLMJJHOFFAD87DC,新南段,11.57,都市：住,,,,00590016
RPTNMLMJJHOFFKD78CC,永和段,29.42,都市：住,,,,06630000
RPPOMLMJJHOFFCD67CC,精忠段,.00,都市：住,,,,05910008
RPROMLMJJHOFFCD87CC,龍泉段,.00,都市：商,,,,12920000
RPROMLMJJHOFFCD87CC,龍泉段,.00,都市：商,,,,12960000
RPSOMLMJJHOFFCD97CC,仁和段,.00,都市：住,,,,10730000
RPUOMLMJJHOFFCD18CC,竹篙厝段,.00,都市：住,,,,24290000
RPXOMLNJJHOFFCD58CC,光明段,.00,都市：住,,,,05970024
RPOPMLNJJHOFFCD77CC,光明段,.00,都市：住,,,,05970024
RPRPMLNJJHOFFCD08CC,光明段,.00,都市：住,,,,06380000
RPTOMLLLKINFFAD08CC,金華段,.00,都市：商,,,,00010001
RPUOMLPLKINFFAD58CC,成光段,15.60,都市：商,,,,08390000
RPROMLNJJHOFFAD77CC,南門段,.00,都市：商,,,,19430000
RPSOMLNJJHOFFAD87CC,開元段,.00,都市：住,,,,07230001
RPSOMLNJJHOFFAD87CC,開元段,.00,都市：住,,,,07230003
RPSOMLMLKINFFAD08CC,金華段,284.51,都市：住,,,,00310030
RPXOMLSLKINFFAD56CC,星鑽段,.00,都市：住,,,,04200000
RPVOMLLLKINFFAD28CC,華興段,.00,都市：住,,,,09360000
RPWOMLMJJHOFFAD18CC,富台段,.00,都市：住,,,,07790000
RPUNMLLLKINFFAD08CC,廣慈段,.00,都市：商,,,,01540000
RPUNMLLLKINFFAD08CC,廣慈段,.00,都市：商,,,,01550000
RPUNMLLLKINFFAD08CC,廣慈段,.00,都市：商,,,,01560000
RPOOMLMLKINFFAD67CC,北華段,16.92,都市：商,,,,10280000
RPRNMLNJJHOFFKD68CC,永和段,.00,都市：商,,,,06760000
RPSNMLNJJHOFFKD78CC,成功段,.00,都市：住,,,,00280000
RPVNMLNJJHOFFKD09CC,六合段,.00,都市：住,,,,08930000
RPPNMLOJJHOFFKD58CC,永強段,.00,都市：住,,,,06080000
RPPOMLNJJHOFFAD67DC,漁光段,8.73,都市：商,,,,08660000
RPRNMLOJJHOFFKD78CC,永大段,.00,都市：住,,,,04900000
RPRNMLOJJHOFFKD78CC,永大段,.00,都市：其他:廣場用地(兼供自行車道使用),,,,04910000
RPRNMLOJJHOFFKD78CC,永大段,.00,都市：其他:廣場用地(兼供自行車道使用),,,,04930000
RPWNMLNJJHOFFID98CC,崁腳北段,258.51,都市：工,,,,10190000
RPPNMLOJJHOFFAD57CC,富台段,.00,都市：住,,,,06120001
RPQNMLOJJHOFFAD67CC,銀同段,.00,都市：商,,,,10580000
RPTNMLNJJHOFFKD88CC,大灣段,.00,都市：商,,,,60110000
RPPNMLQJJHOFFKD78CC,成功段,71.21,都市：住,,,,00590000
RPUNMLRJJHOFFHD09CC,大洲段,2503.00,非都市：特定農業區 ; 非都市編定：農牧用地,,,,03110001
RPROMLRJJHOFFKD66DC,二王段,97.21,都市：住,,,,11590000
RPUNMLSJJHOFFKD86CC,兵北段,.00,都市：住,,,,00410000
RPSNMLRJJHOFFHD88CC,慶安段,664.61,都市：農,,,,01120000
RPPNMLSJJHOFFKD98CC,兵北段,.00,都市：住,,,,07880000
RPPNMLSJJHOFFCD18CC,新都心段,.00,都市：住,,,,00420000
RPQOMLSJJHOFFCD38CC,竹篙厝段,.00,都市：住,,,,30770006
RPSNMLKKJHOFFKD58CC,永和段,.00,都市：商,,,,06760000
RPXNMLSJJHOFFKD17CC,永華段,.00,都市：住,,,,00850000
RPXNMLLKJHOFFKD56CC,蜈蜞潭段,.00,都市：住,,,,19610015
RPSNMLLKJHOFFDD97CC,忠政段,75.05,都市：住,,,,00580000
RPPNMLMKJHOFFGD18DC,佳里段,418.00,都市：住,,,,09970002
RPPNMLMKJHOFFGD18DC,佳里段,378.00,都市：住,,,,09970003
RPPNMLMKJHOFFGD18DC,佳里段,165.00,都市：住,,,,09970017
RPPNMLMKJHOFFGD18DC,佳里段,33.00,都市：住,,,,09970036
RPPNMLMKJHOFFGD18DC,佳里段,49.00,都市：住,,,,09970055
RPPNMLMKJHOFFGD18DC,佳里段,49.00,都市：住,,,,09970056
RPPNMLNKJHOFFKD58CC,橋北段,88.73,都市：住,,,,01250078
RPPPMLLKJHOFFCD77CC,東寧段,.00,都市：住,,,,00890003
RPTNMLKKJHOFFCD87CC,裕東段,.00,都市：住,,,,07890000
RPTNMLOJJHOFFBD08CC,安西段,.00,都市：住,,,,20130016
RPPNMLTJJHOFFBD18CC,本淵段,330.00,都市：農,,,,00510000
RPTNMLKKJHOFFBD77CC,和館段,.00,都市：住,,,,00440433
RPQNMLNKJHOFFKD68CC,橋北段,16.81,都市：住,,,,00590000
RPUNMLOKJHOFFKD56CC,正強段,133.00,都市：住,,,,11150003
RPUNMLOKJHOFFKD56CC,正強段,224.34,都市：住,,,,11150001
RPUNMLTJJHOFFAD58CC,府前段,66.12,都市：商,,,,09870000
RPXNMLOJJHOFFAD38CC,正興段,.00,都市：住,,,,03170000
RPTNMLOJJHOFFAD97CC,永安段,.00,都市：商,,,,00310000
RPQPMLLKJHOFFAD67CC,康祥段,.00,都市：住,,,,07290000
RPQNMLPKJHOFFCD08CC,竹篙厝段,.00,非都市： ; 非都市編定：,,,,16780014
RPRNMLPKJHOFFCD18CC,光華段,.00,非都市： ; 非都市編定：,,,,10680000
RPRNMLPKJHOFFCD18CC,光華段,.00,非都市： ; 非都市編定：,,,,10680001
RPRNMLPKJHOFFCD18CC,光華段,.00,非都市： ; 非都市編定：,,,,10690000
RPOPMLPKJHOFFCD08CC,竹篙厝段,.00,非都市： ; 非都市編定：,,,,20040000
RPSPMLPKJHOFFCD48CC,竹篙厝段,.00,非都市： ; 非都市編定：,,,,20890001
RPPNMLPKJHOFFKD78CC,橋北段,29.35,都市：住,,,,00090000
RPWNMLPKJHOFFAD58DC,保西段,.00,都市：商,,,,00560000
RPOOMLPKJHOFFID58CC,崁腳北段,.00,非都市： ; 非都市編定：,,,,04290000
RPQNMLQKJHOFFBD08CC,海北段,.00,非都市： ; 非都市編定：,,,,01290000
RPVNMLQKJHOFFHD56CC,南港段,93.47,非都市： ; 非都市編定：,,,,02550000
RPUNMLQKJHOFFKD76CC,六合段,.00,都市：住,,,,00640000
RPQNMLQKJHOFFCD18CC,竹篙厝段,.00,都市：住,,,,35140000
RPRNMLQKJHOFFCD28CC,竹篙厝段,.00,非都市： ; 非都市編定：,,,,20040000
RPTNMLQKJHOFFAD28CC,立人段,.00,非都市： ; 非都市編定：,,,,00530000
RPWNMLQKJHOFFAD58CC,府前段,.00,非都市： ; 非都市編定：,,,,09410000
RPXNMLPKJHOFFAD58CC,武聖段,12.16,都市：住,,,,23250000
RPWNMLQKJHOFFAD58CC,府前段,.00,非都市： ; 非都市編定：,,,,09450000
RPWNMLQKJHOFFAD58CC,府前段,.00,非都市： ; 非都市編定：,,,,09460000
RPWNMLQKJHOFFAD58CC,府前段,.00,非都市： ; 非都市編定：,,,,09470000
RPXNMLQKJHOFFAD68CC,頂美段,.00,非都市： ; 非都市編定：,,,,07530000
RPVNMLOKJHOFFAD28CC,新南段,214.00,都市：住,,,,01100039
RPVNMLOKJHOFFAD28CC,新南段,214.00,都市：住,,,,01100038
RPVNMLPKJHOFFAD38CC,漁光段,8.52,都市：商,,,,08660000
RPVPMLPKJHOFFAD58CC,南門段,.00,非都市： ; 非都市編定：,,,,11630000
RPXOMLPKJHOFFAD68CC,金華段,.00,非都市： ; 非都市編定：,,,,00220095
RPQQMLOKJHOFFAD08CC,實踐段,.00,都市：住,,,,09420000
RPTOMLRKJHOFFCD68CC,鹽埕段,1681.00,都市：住,,,,21530000
RPTNMLSKJHOFFBD58CC,溪頂段,.00,都市：住,,,,12530006
RPPNMLRKJHOFFKD98CC,蜈蜞潭段,.00,都市：住,,,,20050004
RPWNMLRKJHOFFAD78DC,新南段,4.27,都市：住,,,,01070002
RPWNMLRKJHOFFAD78DC,新南段,4.27,都市：住,,,,01070031
RPWOMLLLJHOFFAD38DC,南門段,.00,都市：住,,,,18530000
RPSNMLLLJHOFFKD78CC,蔦松南段,29.59,都市：商,,,,09080000
RPSNMLLLJHOFFKD78CC,蔦松南段,70.12,都市：商,,,,09100000
RPROMLMLJHOFFKD88CC,兵北段,.00,都市：住,,,,00100000
RPUOMLMLJHOFFBD28CC,十字段,169.23,都市：其他:空白,,,,07770000
RPQNMLMLJHOFFAD67CC,漁光段,12.10,都市：商,,,,08660000
RPPNMLSKJHOFFAD08CC,星鑽段,.00,非都市： ; 非都市編定：,,,,18530000
RPQQMLQKJHOFFAD28CC,新南段,8.75,都市：商,,,,00380023
RPUOMLQKJHOFFAD48CC,金華段,.00,非都市： ; 非都市編定：,,,,01050001
RPPOMLQKJHOFFAD97CC,郡王祠段,.00,都市：商,,,,00670000
RPPOMLQKJHOFFAD97CC,郡王祠段,.00,都市：商,,,,00680000
RPROMLQKJHOFFAD18CC,星鑽段,.00,都市：商,,,,00670000
RPROMLQKJHOFFAD18CC,星鑽段,.00,都市：商,,,,00680000
RPSOMLQKJHOFFAD28CC,頂美段,.00,非都市： ; 非都市編定：,,,,07530000
RPWNMLTKJHOFFAD88CC,金華段,11.28,都市：商,,,,00630000
RPQNMLTKJHOFFAD28CC,立人段,2.90,都市：住,,,,00650003
RPOOMLNLJHOFFCD87CC,公英段,156.60,都市：住,,,,01580000
RPSPMLMLJHOFFAD08CC,康祥段,.00,都市：住,,,,07020000
RPSPMLMLJHOFFAD08CC,康祥段,.00,都市：住,,,,07030000
RPRPMLMLJHOFFAD97CC,新南段,.00,都市：商,,,,00370005
RPTNMLNLJHOFFHD78CC,港口段,.00,非都市：鄉村區 ; 非都市編定：乙種建築用地,,,,26840027
RPWNMLNLJHOFFKD76CC,鹽行段,.00,非都市： ; 非都市編定：,,,,13020002
RPPOMLNLJHOFFCD97CC,新東段,.00,非都市： ; 非都市編定：,,,,12840000
RPXOMLNLJHOFFBD68CC,安中段,.00,都市：住,,,,06460028
RPUNMLNLJHOFFKD56CC,忠孝段,.00,都市：住,,,,01840000
RPWOMLOLJHOFFKD96CC,保生段,.00,都市：住,,,,12330000
RPROMLOLJHOFFCD28CC,龍泉段,.00,都市：商,,,,03840000
RPOOMLOLJHOFFCD97CC,富農段,.00,非都市： ; 非都市編定：,,,,05820000
RPSOMLOLJHOFFCD38CC,東寧段,.00,都市：住,,,,00890004
RPPNMLTKJHOFFDD48CC,新營段,53.00,都市：住,,,,09090111
RPPNMLTKJHOFFDD48CC,新營段,20.00,都市：住,,,,09090112
RPPNMLTKJHOFFDD48CC,新營段,90.00,都市：住,,,,09090188
RPPNMLTKJHOFFDD48CC,新營段,90.00,都市：住,,,,09090189
RPPNMLTKJHOFFDD48CC,新營段,90.00,都市：住,,,,09090190
RPPNMLTKJHOFFDD48CC,新營段,284.00,都市：住,,,,09090109
RPPNMLTKJHOFFDD48CC,新營段,53.00,都市：住,,,,09090191
RPPNMLTKJHOFFDD48CC,新營段,53.00,都市：住,,,,09090192
RPPNMLTKJHOFFDD48CC,新營段,53.00,都市：住,,,,09090193
RPPNMLTKJHOFFDD48CC,新營段,27.00,都市：住,,,,09090196
RPPNMLTKJHOFFDD48CC,新營段,27.00,都市：住,,,,09090197
RPPNMLTKJHOFFDD48CC,新營段,27.00,都市：住,,,,09090198
RPPNMLTKJHOFFDD48CC,新營段,10.00,都市：住,,,,09090199
RPPNMLTKJHOFFDD48CC,新營段,10.00,都市：住,,,,09090200
RPPNMLTKJHOFFDD48CC,新營段,10.00,都市：住,,,,09090201
RPQPMLOLJHOFFAD08CC,金華段,.00,非都市： ; 非都市編定：,,,,00120002
RPTPMLMLJHOFFAD18CC,公園段,.00,都市：商,,,,02790000
RPWPMLOLJHOFFAD68CC,星鑽段,.00,都市：商,,,,18520000
RPTOMLPLJHOFFAD38CC,金華段,.00,非都市： ; 非都市編定：,,,,00870000
RPSOMLNLJHOFFAD08CC,新美段,100.54,都市：商,,,,11230000
RPQOMLPLJHOFFAD08CC,金華段,.00,非都市： ; 非都市編定：,,,,00870000
RPROMLNLJHOFFAD97CC,新美段,81.67,都市：商,,,,11240000
RPPOMLPLJHOFFAD97CC,金華段,.00,非都市： ; 非都市編定：,,,,01100011
RPPNMLPLJHOFFCD08CC,東光段,269.00,都市：商,,,,05470000
RPPNMLPLJHOFFCD08CC,東光段,1034.00,都市：商,,,,05480045
RPPNMLPLJHOFFCD08CC,東光段,3727.00,都市：商,,,,05480046
RPPNMLPLJHOFFCD08CC,東光段,2403.00,都市：商,,,,05600000
RPWNMLPLJHOFFAD58CC,金華段,136.60,都市：住,,,,00580046
RPVNMLNLJHOFFAD28CC,正覺段,.00,都市：住,,,,04690000
RPWNMLPLJHOFFCD78CC,光華段,.00,非都市： ; 非都市編定：,,,,07810001
RPWNMLPLJHOFFKD96CC,頂西段,.00,都市：工,,,,01510000
RPVNMLPLJHOFFID66CC,新工段,78.18,都市：住,,,,14980000
RPPNMLRLJHOFFAD08CC,立人段,13.05,都市：住,,,,00650003
RPQNMLSLJHOFFBD38CC,本淵段,400.00,都市：農,,,,00510000
RPVOMLSLJHOFFAD88CC,中正段,.00,都市：商,,,,05000000
RPVOMLSLJHOFFAD88CC,中正段,.00,都市：商,,,,05010000
RPPNMLRLJHOFFID88CC,清水段,91.73,都市：住,,,,08960028
RPQNMLTLJHOFFHD09CC,善中段,.00,都市：住,,,,14570028
RPQNMLRLJHOFFAD18CC,立人段,22.44,都市：住,,,,00530000
RPVOMLTLJHOFFCD56CC,東寧段,.00,都市：商,,,,06940000
RPQOMLKMJHOFFCD87CC,富農段,.00,都市：住,,,,17620000
RPSOMLKMJHOFFCD08CC,新東段,.00,非都市： ; 非都市編定：,,,,00140000
RPSOMLKMJHOFFCD08CC,新東段,.00,非都市： ; 非都市編定：,,,,00140001
RPVOMLKMJHOFFCD38CC,東安段,.00,非都市： ; 非都市編定：,,,,03950000
RPXOMLKMJHOFFCD58CC,虎尾寮段,.00,都市：住,,,,03760008
RPSOMLTLJHOFFID86CC,二仁段,.00,非都市： ; 非都市編定：,,,,05050000
RPSOMLTLJHOFFID86CC,二仁段,.00,非都市： ; 非都市編定：,,,,05060000
RPROMLTLJHOFFID76CC,崁腳北段,.00,非都市： ; 非都市編定：,,,,04440000
RPPPMLKMJHOFFCD87CC,富農段,.00,都市：住,,,,19810000
RPPPMLKMJHOFFCD87CC,富農段,.00,都市：住,,,,19860000
RPUPMLKMJHOFFCD38CC,泉南段,.00,非都市： ; 非都市編定：,,,,06180000
RPTQMLKMJHOFFCD38CC,虎尾寮段,.00,都市：商,,,,05910021
RPWQMLKMJHOFFCD68CC,東寧段,.00,都市：住,,,,07280000
RPORMLKMJHOFFCD97CC,富農段,.00,都市：住,,,,00480000
RPXNMLTLJHOFFKD47CC,頂安段,.00,非都市： ; 非都市編定：,,,,02770000
RPXNMLTLJHOFFKD47CC,頂安段,.00,非都市： ; 非都市編定：,,,,02790000
RPPNMLTLJHOFFKD66CC,兵北段,.00,都市：住,,,,02810041
RPTOMLTLJHOFFKD17CC,永信段,.00,都市：住,,,,13380000
RPQNMLQLJHOFFKD09CC,蔦松南段,95.50,都市：住,,,,09680000
RPSOMLTLJHOFFKD07CC,六甲頂段,.00,都市：其他:市場用地,,,,12500000
RPOOMLTLJHOFFAD28CC,自強段,.00,都市：商,,,,06930002
RPPQMLTLJHOFFAD58CC,金華段,.00,非都市： ; 非都市編定：,,,,00870000
RPPQMLKMJHOFFAD77CC,郡王祠段,.00,都市：商,,,,00670000
RPPQMLKMJHOFFAD77CC,郡王祠段,.00,都市：商,,,,00680000
RPVQMLKMJHOFFAD38CC,郡王祠段,.00,都市：商,,,,00680000
RPWPMLKMJHOFFAD38CC,保安段,.00,非都市： ; 非都市編定：,,,,11750000
RPXNMLKMJHOFFAD28CC,金城段,.00,非都市： ; 非都市編定：,,,,00170017
RPVOMLKMJHOFFAD18CC,金華段,.00,非都市： ; 非都市編定：,,,,00540027
RPTQMLKMJHOFFAD18CC,開元段,.00,都市：商,,,,06270008
RPUPMLKMJHOFFAD18CC,文元段,.00,非都市： ; 非都市編定：,,,,09900000
RPUPMLKMJHOFFAD18CC,文元段,.00,非都市： ; 非都市編定：,,,,09900002
RPPOMLKMJHOFFAD57CC,康祥段,.00,都市：住,,,,07290000
RPQQMLKMJHOFFAD87CC,郡王祠段,.00,都市：商,,,,00680000
RPXPMLKMJHOFFID66CC,文化段,.00,都市：住,,,,01540000
RPQOMLKMJHOFFKD68CC,永信段,80.62,都市：住,,,,07400000
RPRNMLKMJHOFFDD97CC,王公廟段,264.00,都市：工,,,,00220013
RPVNMLLMJHOFFDD48CC,三民段,113.87,都市：商,,,,00240000
RPOOMLLMJHOFFCD77CC,竹篙厝段,.00,都市：住,,,,32690002
RPWNMLLJKHOFFKD09CC,大灣段,.00,都市：住,,,,71530000
RPQNMLLJKHOFFCD67CC,育樂段,.00,都市：住,,,,13770000
RPPNMLLMJHOFFAD57CC,金華段,.00,都市：住,,,,01050001
RPPNMLLJKHOFFAD37CC,環河段,.00,都市：住,,,,22740000
RPWQMLKMJHOFFAD48CC,正興段,.00,都市：住,,,,08550000
RPWQMLKMJHOFFAD48CC,正興段,.00,都市：住,,,,08560000
RPTNMLLMJHOFFAD97CC,成光段,.00,都市：住,,,,15310000
RPQPMLLJKHOFFAD67CC,金華段,.00,都市：商,,,,01340000
RPXQMLKMJHOFFAD58CC,郡王祠段,.00,都市：商,,,,00670000
RPXQMLKMJHOFFAD58CC,郡王祠段,.00,都市：商,,,,00680000
RPQNMLLMJHOFFAD67CC,金城段,.00,都市：住,,,,00630000
RPORMLKMJHOFFAD77CC,郡王祠段,.00,都市：商,,,,00670000
RPORMLKMJHOFFAD77CC,郡王祠段,.00,都市：商,,,,00680000
