﻿編號,屋齡,建物移轉面積平方公尺,主要用途,主要建材,建築完成日期,總層數,建物分層
The serial number,room age,building shifting area square meter,the main use,main building materials,construction completes the date,total layer,building lamination
RPTNMLMKJINFFKD88CC,22,108.12,住家用,鋼筋混凝土造,85年10月28日,八層,
RPTOMLNKJINFFKD09CC,6,95.42,集合住宅,鋼筋混凝土構造,101年8月17日,十九層,
RPROMLNKJINFFAD87CC,1,97.43,店舖,鋼骨構造,106年10月20日,一層,
RPSOMLNKJINFFKD98CC,6,95.42,集合住宅,鋼筋混凝土構造,101年8月17日,十九層,
RPSNMLNKJINFFAD87CC,57,48.47,住家用,磚造,51年1月1日,二層,
RPWNMLNKJINFFHD98CC,5,16.52,住宅、停車空間,鋼筋混凝土造,103年1月3日,四層,
RPUNMLNKJINFFHD78CC,5,16.52,住宅、停車空間,鋼筋混凝土造,103年1月3日,四層,
RPVOMLNKJINFFKD66CC,29,44.09,辦公室。,鋼筋混凝土造,79年3月17日,十六層,
RPTOMLNKJINFFAD08CC,2,155.79,集合住宅,鋼筋混凝土構造,106年1月24日,二十六層,
RPUOMLNKJINFFAD18CC,29,170.84,商業用,鋼筋混凝土造,78年8月11日,十三層,
RPUOMLNKJINFFAD18CC,29,118.09,商業用,鋼筋混凝土造,78年8月11日,十三層,
RPOOMLNKJINFFCD77CC,13,231.56,住家用,Ｒ．Ｃ造,94年8月24日,四層,
RPQNMLOKJINFFAD77CC,2,114.69,集合住宅,鋼筋混凝土構造,106年1月24日,二十六層,
RPWOMLNKJINFFAD38CC,2,73.83,集合住宅,鋼筋混凝土構造,105年11月9日,二十七層,
RPVNMLOKJINFFKD66CC,33,13.22,廠房、員工宿舍、避難室。,鋼筋混凝土造,74年7月30日,二層,
RPWOMLNKJINFFAD38CC,2,8.53,集合住宅,鋼筋混凝土構造,105年11月9日,二十七層,
RPWOMLNKJINFFAD38CC,2,3.24,集合住宅,鋼筋混凝土構造,105年11月9日,二十七層,
RPWOMLNKJINFFAD38CC,2,73.36,本共有部分之項目有：樓梯間、機房、水箱、特別安全梯、梯廳、排煙管道、排煙室、行動不便電梯、緊急升降機、管道間、進風管道、防空避難室、停車空間、管委會使用空間,鋼筋混凝土構造,105年11月9日,二十七層,
RPQNMLPKJINFFHD58CC,1,81.82,集合住宅,鋼筋混凝土造,107年5月2日,五層,
RPWNMLOKJINFFKD76CC,33,16.52,廠房、員工宿舍、避難室。,鋼筋混凝土造,74年7月30日,二層,
RPTNMLOKJINFFKD09CC,6,28.74,店舖，住宅,鋼筋混凝土構造,101年6月19日,四層,
RPTNMLOKJINFFKD09CC,6,71.36,店舖，住宅，停車空間,鋼筋混凝土構造,101年6月19日,五層,
RPTNMLPKJINFFKD56CC,23,115.36,住家用,鋼筋混凝土造,84年5月20日,十一層,
RPXOMLPKJINFFAD68CC,23,99.54,住家用,鋼筋混凝土造,85年2月13日,二十七層,
RPWNMLPKJINFFBD58CC,20,282.05,管理員室,鋼筋混凝土造,87年4月24日,十二層,
RPPOMLQKJINFFHD68CC,7,176.43,住家用,鋼筋混凝土造,101年4月5日,四層,
RPTNMLPKJINFFAD18CC,17,151.40,店舖,鋼骨造,90年5月30日,一層,
RPXNMLQKJINFFKD07CC,25,80.92,住家用,鋼筋混凝土造,83年5月4日,十五層,
RPXNMLQKJINFFKD07CC,25,21.13,共有部分,鋼筋混凝土造,83年5月4日,十六層,
RPXNMLQKJINFFKD07CC,25,10.80,共有部分,鋼筋混凝土造,83年5月4日,十五層,
RPQNMLQKJINFFKD98CC,23,141.15,住家用,鋼筋混凝土造,84年10月9日,十五層,
RPPNMLTKJINFFID98CC,14,50.29,資材室,鋼骨造,93年12月13日,一層,
RPTNMLKLJINFFAD77CC,38,63.09,住家用,鋼筋混凝土造,69年11月25日,九層,
RPUNMLKLJINFFAD87CC,37,103.86,住家用,鋼筋混凝土造,70年12月23日,五層,
RPQNMLLLJINFFHD28CC,37,156.15,住家用,鐵骨有壁,70年7月27日,一層,
RPQOMLPKJINFFCD18CC,26,111.94,住家用,鋼筋混凝土造,81年9月22日,五層,
RPRNMLKLJINFFCD77CC,39,19.83,住家用,鋼筋混凝土造,69年1月9日,三層,
RPQNMLKLJINFFCD67CC,52,96.09,住家用,補強磚造,55年12月31日,二層,
RPQNMLTKJINFFCD48CC,22,111.83,住商用,鋼筋混凝土造,85年10月14日,五層,
RPXNMLPKJINFFCD78CC,37,86.35,住家用,鋼筋混凝土造,70年10月29日,五層,
RPXOMLLLJINFFCD58CC,44,113.30,住家用,加強磚造,63年10月12日,二層,
RPPPMLLLJINFFCD87CC,43,108.33,住家用,鋼筋混凝土造,64年6月3日,四層,
RPRNMLMLJINFFCD97CC,37,125.48,住家用,鋼筋混凝土造,70年11月26日,五層,
RPRNMLMLJINFFCD97CC,37,10.55,共有部分,鋼筋混凝土造,70年11月26日,五層,
RPOQMLLLJINFFAD67CC,29,288.78,住商用,鋼筋混凝土造,78年8月30日,四層,
RPVOMLLLJINFFAD18CC,25,16.53,住商用,鋼筋混凝土造,82年5月12日,四層,
RPTOMLLLJINFFAD97CC,26,23.65,住家用,鋼筋混凝土造,81年6月11日,七層,
RPTOMLLLJINFFAD97CC,26,12.38,共有部分,鋼筋混凝土造,81年6月11日,七層,
RPTNMLLLJINFFAD87CC,27,129.48,住商用,鋼筋混凝土造,80年8月7日,四層,
RPSNMLMLJINFFCD08CC,22,231.73,住宅　自用儲藏室,鋼筋混凝土造,86年4月30日,五層,
RPSNMLMLJINFFCD08CC,22,71.40,共有部分,鋼筋混凝土造,86年4月30日,五層,
RPPOMLMLJINFFAD67CC,42,492.76,住商用,鋼筋混凝土造,66年5月5日,四層,
RPTNMLMLJINFFCD18CC,34,67.08,住家用,鋼筋混凝土造,73年11月13日,五層,
RPTNMLMLJINFFCD18CC,34,16.22,共有部分,鋼筋混凝土造,73年11月13日,五層,
RPWOMLMLJINFFAD38CC,44,77.25,住家用,鋼筋混凝土造,63年12月30日,四層,
RPXNMLMLJINFFAD38CC,29,111.24,住商用,鋼筋混凝土造,78年7月18日,五層,
RPOOMLMLJINFFAD57CC,41,37.66,住家用,鋼筋混凝土造,66年12月2日,七層,
RPPOMLNLJINFFAD77CC,3,78.53,集合住宅,鋼筋混凝土構造,104年11月5日,二十四層,
RPOOMLMLJINFFAD57CC,41,6.14,共有部分,鋼筋混凝土造,66年12月2日,七層,
RPUNMLQLJINFFCD68CC,24,96.56,住家用,鋼筋混凝土造,83年12月6日,八層,
RPUNMLQLJINFFCD68CC,24,13.43,共有部分,鋼筋混凝土造,83年12月6日,八層,
RPUNMLQLJINFFCD68CC,24,15.97,共有部分,鋼筋混凝土造,83年12月6日,八層,
RPUNMLQLJINFFCD68CC,24,33.71,共有部分,鋼筋混凝土造,83年12月6日,八層,
RPRPMLMLJINFFAD97CC,2,116.75,集合住宅,鋼筋混凝土構造,105年11月9日,二十七層,
RPRPMLMLJINFFAD97CC,2,84.13,本共有部分之項目有：樓梯間、機房、水箱、特別安全梯、梯廳、排煙管道、排煙室、行動不便電梯、緊急升降機、管道間、進風管道、防空避難室、停車空間、管委會使用空間,鋼筋混凝土構造,105年11月9日,二十七層,
RPXOMLQLJINFFCD09CC,40,59.42,住家用,鋼筋混凝土造,68年1月11日,五層,
RPXOMLQLJINFFCD09CC,40,2.27,共有部分,鋼筋混凝土造,68年1月11日,五層,
RPSNMLRLJINFFID56CC,18,64.27,國民住宅,鋼筋混凝土造,89年11月7日,八層,
RPSNMLRLJINFFID56CC,18,20.81,共有部分,鋼筋混凝土造,89年11月7日,八層,
RPPOMLQLJINFFAD08CC,37,68.46,住家用,加強磚造,71年3月5日,二層,
RPPNMLSLJINFFAD18CC,23,311.00,住家用,鋼筋混凝土造,84年5月31日,四層,
RPPNMLRLJINFFCD28CC,33,95.84,住家用,鋼筋混凝土造,74年6月12日,五層,
RPRNMLSLJINFFKD76CC,9,277.08,住商用,鋼筋混凝土造,98年6月16日,四層,
RPQOMLMLJINFFKD78CC,23,149.43,辦公室。,鋼筋混凝土造,85年1月29日,十七層,
RPXNMLKLJINFFKD56CC,23,232.11,住商用,鋼筋混凝土造,85年1月6日,三層,
RPQOMLMLJINFFKD78CC,23,17.48,共有部分,鋼筋混凝土造,85年1月29日,十七層,
RPQOMLMLJINFFKD78CC,23,13.38,共有部分,鋼筋混凝土造,85年1月29日,十七層,
RPWNMLTLJINFFKD37CC,11,100.00,一般零售業,鋼筋混凝土造,96年8月14日,五層,
RPWNMLTLJINFFKD37CC,11,212.07,餐飲業,鋼筋混凝土造,96年8月14日,五層,
RPUOMLQLJINFFKD96CC,11,109.87,住家用,鋼筋混凝土造,96年9月20日,十三層,
RPQOMLTKJINFFKD76CC,5,241.93,停車空間，住宅，店舖,鋼筋混凝土構造,102年9月5日,四層,
RPUOMLLLJINFFKD09CC,32,138.53,辦公室、員工宿舍。,加強磚造,75年8月19日,二層,
RPUOMLLLJINFFKD09CC,32,146.24,工業用,鐵造,75年8月19日,一層,
RPQNMLKMJINFFDD87CC,30,176.84,住商用,鋼筋混凝土造,77年11月7日,四層,
RPTNMLKMJINFFHD58CC,24,225.18,住家用,鋼筋混凝土造,83年12月12日,四層,
RPSNMLKMJINFFKD78CC,19,123.91,住家用,鋼筋混凝土造,89年5月4日,十八層,
RPUNMLKMJINFFCD18CC,36,73.67,住家用,鋼筋混凝土造,72年1月19日,五層,
RPSOMLSLJINFFCD78CC,32,136.91,住家用,鋼筋混凝土造,75年12月27日,二層,
RPPOMLNJKINFFCD87CC,1,105.30,住宅、店鋪、停車空間,鋼筋混凝土造,106年6月14日,五層,
RPSPMLOJKINFFCD38CC,20,89.63,住家用,鋼筋混凝土造,87年9月19日,十二層,
RPSPMLOJKINFFCD38CC,20,13.48,共有部分,鋼筋混凝土造,87年9月19日,十二層,
RPSPMLOJKINFFCD38CC,20,9.34,共有部分,鋼筋混凝土造,87年9月19日,十二層,
RPWPMLOJKINFFCD78CC,38,99.34,住家用,鋼筋混凝土造,69年11月7日,四層,
RPWPMLOJKINFFCD78CC,38,21.15,共有部分,鋼筋混凝土造,69年11月7日,四層,
RPUOMLOJKINFFAD38DC,24,111.51,住家用,鋼筋混凝土造,83年11月7日,九層,
RPOOMLOJKINFFID48CC,16,24.07,住家用,鋼筋混凝土造,91年10月3日,五層,
RPQOMLOJKINFFKD88CC,43,91.29,住家用,加強磚造,64年9月11日,二層,
RPUNMLPJKINFFKD66CC,29,233.67,住工用,鋼筋混凝土造,78年12月1日,二層,
RPOOMLPJKINFFKD78CC,32,135.09,工業用,鐵造,75年8月19日,一層,
RPXNMLPJKINFFKD96CC,22,47.78,住家用,鋼筋混凝土造,85年10月19日,六層,
RPXNMLPJKINFFKD96CC,22,12.86,共有部分,鋼筋混凝土造,85年10月19日,六層,
RPSPMLPJKINFFID09CC,19,200.94,工業用,鋼筋混凝土造,88年8月2日,五層,
RPVNMLPJKINFFHD09CC,2,48.53,集合住宅,鋼筋混凝土造,105年5月31日,五層,
RPVNMLPJKINFFHD09CC,2,19.57,共有部分（停車空間、樓梯間、管理維護空間、水箱）,鋼筋混凝土造,105年5月31日,五層,
RPWNMLPJKINFFHD56CC,2,146.54,住家用,鋼筋混凝土造,105年7月29日,四層,
RPOOMLPJKINFFAD77CC,32,31.86,住家用,鋼筋混凝土造,76年1月11日,五層,
RPOOMLPJKINFFAD77CC,32,11.68,共有部分,鋼筋混凝土造,76年1月10日,五層,
RPVNMLPJKINFFAD38CC,19,106.32,集合住宅,鋼筋混凝土造,89年3月6日,二十五層,
RPVNMLPJKINFFAD38CC,19,16.48,共有部分,鋼筋混凝土造,89年3月6日,二十五層,
RPVNMLPJKINFFAD38CC,19,19.27,共有部分,鋼筋混凝土造,89年3月6日,二十五層,
RPSQMLNJKINFFAD18CC,21,91.56,住家用,鋼筋混凝土造,86年10月8日,八層,
RPSQMLNJKINFFAD18CC,21,10.67,共有部分,鋼筋混凝土造,86年10月8日,八層,
RPSQMLNJKINFFAD18CC,21,24.27,共有部分,鋼筋混凝土造,86年10月8日,八層,
RPVNMLTLJINFFAD88CC,25,46.60,住商用,鋼筋混凝土造,82年10月18日,七層,
RPRQMLNJKINFFAD08CC,3,58.58,集合住宅,鋼筋混凝土構造,104年11月5日,二十四層,
RPRQMLNJKINFFAD08CC,3,25.32,本共有部分之項目：有樓梯間、門廊、門廳、管委會使用空間、防災中心、停車空間、防空避難室、車道、游泳池、機房自來水池等項,鋼筋混凝土構造,104年11月5日,二十四層,
RPSPMLSLJINFFAD68CC,41,27.78,住家用,鋼筋混凝土造,66年12月2日,七層,
RPSPMLSLJINFFAD68CC,41,6.15,共有部分,鋼筋混凝土造,66年12月2日,七層,
RPUNMLOJKINFFAD18CC,22,178.37,停車空間　　住宅　　店舖,鋼筋混凝土造,86年5月19日,四層,
RPTNMLLJKINFFAD77CC,33,57.92,住商用,鋼筋混凝土造,74年12月24日,四層,
RPRNMLKMJINFFAD67CC,3,86.72,集合住宅,鋼筋混凝土構造,104年11月5日,二十四層,
RPSNMLQJKINFFAD18CC,1,97.43,店舖,鋼骨構造,106年10月20日,一層,
RPQOMLQJKINFFCD28CC,20,53.63,辦公室　　　　,鋼筋混凝土造,87年5月26日,十四層,
RPQOMLQJKINFFCD28CC,20,16.44,共有部分,鋼筋混凝土造,87年5月26日,十四層,
RPQOMLQJKINFFCD28CC,20,6.61,共有部分,鋼筋混凝土造,87年5月26日,十四層,
RPQOMLQJKINFFCD28CC,20,27.17,共有部分,鋼筋混凝土造,87年5月26日,十四層,
RPQOMLQJKINFFCD28CC,20,61.21,辦公室　　　　,鋼筋混凝土造,87年5月26日,十四層,
RPQOMLQJKINFFCD28CC,20,18.88,共有部分,鋼筋混凝土造,87年5月26日,十四層,
RPQOMLQJKINFFCD28CC,20,7.54,共有部分,鋼筋混凝土造,87年5月26日,十四層,
RPWNMLQJKINFFKD96CC,33,16.52,廠房、員工宿舍、避難室。,鋼筋混凝土造,74年7月30日,二層,
RPQOMLQJKINFFKD09CC,23,107.59,住家用,鋼筋混凝土造,84年12月22日,十一層,
RPQOMLQJKINFFKD09CC,23,32.61,共有部分,鋼筋混凝土造,84年12月22日,十一層,
RPTOMLQJKINFFKD76CC,2,90.10,住家用,鋼筋混凝土構造,105年10月26日,二十三層,
RPTOMLQJKINFFKD76CC,2,75.99,本共有部分之項目有防空避難室兼停車空間，門廳，門廊，管理委員會使用空間，防災中心，車道，梯間，設備空間，樓梯間，機械房，水箱等１１項,鋼筋混凝土構造,105年10月26日,二十三層,
RPXNMLQJKINFFKD07CC,33,16.52,廠房、員工宿舍、避難室。,鋼筋混凝土造,74年7月30日,二層,
RPQNMLRJKINFFHD78CC,7,213.63,住宅、停車空間,鋼筋混凝土造,101年4月6日,三層,
RPUNMLRJKINFFKD86CC,31,111.04,住家用,鋼筋混凝土造,77年5月19日,二層,
RPVOMLQJKINFFKD96CC,1,59.04,住家用,鋼筋混凝土構造,107年2月2日,十六層,
RPVOMLQJKINFFKD96CC,1,2.87,本共有部分之項目有：管委會使用空間、門廊、機電設備及其他、汽車坡道及停車空間,鋼筋混凝土構造,107年2月2日,十六層,
RPVOMLQJKINFFKD96CC,1,48.03,共有部分之項目有：防空避難室兼停車空間，停車空間,鋼筋混凝土構造,107年2月2日,十六層,
RPVOMLQJKINFFKD96CC,1,15.01,本共有部分之項目有：Ａ棟第２～１６層樓梯間、屋頂突出物第一層樓梯間、過樑投影面積、屋頂突出物第二層機械室、水箱部份,鋼筋混凝土構造,107年2月2日,十六層,
RPTNMLRJKINFFKD76CC,45,91.32,住家用,加強磚造,62年12月1日,三層,
RPUOMLQJKINFFKD86CC,25,71.23,住家用,鋼筋混凝土造,82年8月24日,十六層,
RPUOMLQJKINFFKD86CC,25,13.63,共有部分,鋼筋混凝土造,82年8月24日,十六層,
RPUOMLQJKINFFKD86CC,25,30.98,共有部分,鋼筋混凝土造,82年8月24日,見其他登記事項,
RPTNMLRJKINFFCD58CC,32,326.77,見其他登記事項,鋼筋混凝土造,75年10月30日,五層,
RPSOMLQJKINFFCD48CC,11,64.76,住家用,鋼筋混凝土造,96年9月6日,十四層,
RPSOMLQJKINFFCD48CC,11,13.44,共有部分,鋼筋混凝土造,96年9月6日,十四層,
RPSOMLQJKINFFCD48CC,11,11.09,共有部分,鋼筋混凝土造,96年9月6日,十四層,
RPSNMLRJKINFFCD48CC,32,64.50,見其他登記事項,鋼筋混凝土造,75年10月30日,五層,
RPXOMLQJKINFFAD78CC,2,84.04,集合住宅,鋼筋混凝土構造,106年1月24日,二十六層,
RPOQMLRJKINFFAD18CC,26,114.68,住家用,鋼筋混凝土造,82年1月29日,六層,
RPOQMLRJKINFFAD18CC,26,41.85,共有部分,鋼筋混凝土造,82年1月29日,六層,
RPXPMLRJKINFFAD98CC,31,53.37,住商用,鋼筋混凝土造,76年6月16日,五層,
RPXPMLRJKINFFAD98CC,31,15.92,共有部分,鋼筋混凝土造,76年6月16日,五層,
RPRPMLQJKINFFAD28CC,6,249.59,住宅、停車空間,鋼筋混凝土構造,102年2月4日,四層,
RPQNMLRJKINFFCD28CC,30,349.00,住商用,鋼筋混凝土造,78年5月24日,四層,
RPVOMLQJKINFFCD78CC,19,193.02,住宅、停車空間,鋼筋混凝土造,88年11月17日,四層,
RPPNMLTJKINFFAD18CC,10,28.28,集合住宅,鋼筋混凝土造,97年12月19日,十四層,
RPQOMLKKKINFFCD77CC,32,58.82,住商用,鋼筋混凝土造,75年11月24日,三層,
RPVNMLKKKINFFAD97CC,12,214.12,集合住宅,ＲＣ造,95年11月24日,五層,
RPSOMLKKKINFFCD97CC,31,955.97,住宅，診所，避難室,鋼筋混凝土造,76年11月10日,七層,
RPTOMLKKKINFFCD08CC,31,562.69,住宅，診所，避難室,鋼筋混凝土造,76年11月10日,七層,
RPTNMLKKKINFFDD08CC,42,227.06,工業用,鋼造,65年8月27日,一層,
RPVNMLLKKINFFAD08CC,12,32.04,集合住宅,ＲＣ造,95年10月1日,十四層,
RPUOMLMKKINFFAD18CC,11,77.68,集合住宅,鋼筋混凝土造,96年7月19日,十四層,
RPTNMLMKKINFFAD97CC,6,119.78,集合住宅,鋼筋混凝土構造,101年12月5日,十四層,
RPQNMLLKKINFFCD77CC,36,87.02,集合住宅,鋼筋混凝土造,71年11月29日,五層,
RPQNMLLKKINFFCD77CC,36,6.22,共有部分,鋼筋混凝土造,71年11月29日,五層,
RPQOMLMKKINFFHD48CC,5,43.46,住商用,鋼筋混凝土造,103年4月30日,三層,
RPROMLNKKINFFKD98CC,33,13.22,廠房、員工宿舍、避難室。,鋼筋混凝土造,74年7月30日,二層,
RPTNMLNKKINFFAD08CC,23,48.00,住家用,鋼筋混凝土造,84年7月29日,十七層,
RPUNMLNKKINFFAD18CC,23,48.00,住家用,鋼筋混凝土造,84年7月29日,十七層,
RPROMLMKKINFFHD58CC,6,170.05,住家用,鋼筋混凝土造,102年4月30日,四層,
RPQNMLNKKINFFKD78CC,23,46.92,住家用,鋼筋混凝土造,84年12月4日,十五層,
RPTNMLSKKINFFHD66CC,46,122.51,住家用,加強磚造,62年3月1日,二層,
RPPNMLQKKINFFDD28CC,25,190.31,住家用,鋼筋混凝土造,83年2月28日,七層,
RPPNMLQKKINFFDD28CC,25,59.89,共有部分,鋼筋混凝土造,83年2月23日,七層,
RPPNMLRKKINFFHD78CC,19,128.16,住家用,鋼骨造,88年7月21日,二層,
RPWNMLRKKINFFBD88CC,26,146.05,住家、停車空間,鋼筋混凝土造,82年4月21日,三層,
RPWNMLTKKINFFHD07CC,3,167.87,住家用,鋼筋混凝土造,104年9月8日,四層,
RPSOMLTKKINFFID86CC,5,129.03,住商用,鋼筋混凝土造,103年6月9日,二層,
RPVOMLTKKINFFAD98CC,23,61.27,住家用,鋼筋混凝土造,84年7月29日,十七層,
RPVOMLTKKINFFAD98CC,23,16.32,共有部分,鋼筋混凝土造,84年7月29日,十七層,
RPOPMLTKKINFFKD76CC,21,35.61,住家用,鋼筋混凝土造,86年9月26日,十一層,
RPOPMLTKKINFFKD76CC,21,9.99,共有部分,鋼筋混凝土造,86年9月26日,十一層,
RPOPMLTKKINFFKD76CC,21,5.06,共有部分,鋼筋混凝土造,86年9月26日,十一層,
RPQPMLTKKINFFKD96CC,26,243.27,住商用,鋼筋混凝土造,81年11月5日,五層,
RPPPMLTKKINFFKD86CC,32,115.64,住家用,加強磚造,76年4月2日,二層,
RPUOMLKLKINFFKD09CC,11,188.52,住家用,鋼筋混凝土造,96年12月31日,四層,
RPVPMLKLKINFFKD66CC,33,16.52,廠房、員工宿舍、避難室。,鋼筋混凝土造,74年7月30日,二層,
RPSNMLKLKINFFHD48CC,7,152.32,住家用,鋼筋混凝土造,101年4月5日,四層,
RPXOMLKLKINFFKD76CC,28,206.85,住家用,鋼筋混凝土造,80年1月18日,四層,
RPWOMLKLKINFFKD66CC,10,63.60,住家用,鋼筋混凝土造,97年9月3日,十四層,
RPWOMLKLKINFFKD66CC,10,53.45,共有部分,鋼筋混凝土造,97年9月3日,十四層,
RPQNMLKLKINFFBD67CC,40,106.66,住商用,加強磚造,68年6月1日,二層,
RPSNMLKLKINFFBD87CC,23,129.28,住家用,鋼筋混凝土造,84年9月1日,三層,
RPTNMLKLKINFFBD97CC,37,78.52,住商用,加強磚造,70年10月30日,二層,
RPUNMLLLKINFFKD09CC,24,61.21,辦公室。,鋼筋混凝土造,84年3月31日,十五層,
RPPNMLLLKINFFHD28CC,37,156.15,住家用,鐵骨有壁,70年7月27日,一層,
RPSNMLLLKINFFAD97DC,5,91.72,集合住宅,鋼筋混凝土構造,102年6月20日,十五層,
RPVNMLLLKINFFKD56CC,23,87.90,住家用,鋼筋混凝土造,84年9月8日,十九層,
RPPNMLOKKINFFCD97CC,35,77.03,住商用,鋼筋混凝土造,72年10月22日,七層,
RPUNMLLLKINFFCD28CC,30,91.51,住家用,鋼筋混凝土造,77年9月24日,五層,
RPUNMLLLKINFFCD28CC,30,20.85,共有部分,鋼筋混凝土造,77年9月24日,五層,
RPROMLLKKINFFCD97CC,39,77.38,集合住宅,鋼筋混凝土造,69年5月22日,七層,
RPROMLLKKINFFCD97CC,39,9.84,共有部分,鋼筋混凝土造,69年5月22日,七層,
RPXOMLNKKINFFCD78CC,19,150.78,集合住宅,鋼筋混凝土造,88年10月21日,十三層,
RPPNMLLLKINFFCD77CC,25,46.57,商業用,鋼筋混凝土造,82年10月27日,十層,
RPPNMLLLKINFFCD77CC,25,18.04,共有部分,鋼筋混凝土造,82年10月27日,十層,
RPUNMLSKKINFFCD88CC,33,33.74,住家用,鋼筋混凝土造,74年8月1日,三層,
RPSOMLLKKINFFCD08CC,25,40.14,住家用,鋼筋混凝土造,82年6月11日,八層,
RPSOMLLKKINFFCD08CC,25,12.90,共有部分,鋼筋混凝土造,82年6月11日,八層,
RPOOMLOLKINFFKD88CC,6,131.64,防空避難室兼停車空間，機電設備，社區文康室，社區運動室，梯廳，機械室，水箱,鋼筋混凝土構造,101年8月17日,十九層,
RPXNMLOLKINFFKD07CC,44,80.42,住家用,加強磚造,63年11月1日,二層,
RPXOMLLLKINFFCD68CC,34,90.71,住家用,鋼筋混凝土造,74年5月1日,五層,
RPSSMLOLKINFFCD88CC,33,101.85,住家用,鋼筋混凝土造,74年10月2日,二層,
RPXNMLPLKINFFKD17CC,12,158.62,工業用,鋼骨造,96年1月10日,一層,
RPOPMLPLKINFFKD09CC,26,32.98,住家用,鋼筋混凝土造,82年1月28日,七層,
RPOOMLPLKINFFKD98CC,12,158.62,工業用,鋼骨造,96年1月10日,一層,
RPQOMLSLKINFFKD86CC,25,86.45,住家用,鋼筋混凝土造,82年12月30日,九層,
RPQOMLSLKINFFKD86CC,25,39.94,共有部分,鋼筋混凝土造,82年12月30日,九層,
RPWOMLSLKINFFKD47CC,1,317.99,住家用,鋼筋混凝土構造,107年1月8日,三層,
RPROMLSLKINFFKD96CC,15,308.88,見使用執照,鋼筋混凝土造,92年8月20日,五層,
RPPNMLTLKINFFID56CC,12,73.42,住家用,鋼筋混凝土造,95年8月30日,四層,
RPQNMLTLKINFFID66CC,12,81.04,住家用,鋼筋混凝土造,95年8月30日,四層,
RPRNMLTLKINFFDD88CC,25,142.99,住家用,鋼筋混凝土造,82年8月3日,六層,
RPQNMLMJJHOFFDD77CC,35,111.31,住商用,加強磚造,73年2月15日,二層,
RPXNMLMJJHOFFDD48CC,27,42.17,住家用,鋼筋混凝土造,80年10月22日,六層,
RPOOMLMJJHOFFDD67CC,37,101.09,住家用,鋼筋混凝土造,71年6月1日,五層,
RPTNMLTLKINFFHD86CC,1,81.82,集合住宅,鋼筋混凝土造,107年5月2日,五層,
RPSNMLMJJHOFFKD68CC,1,165.33,店舖,鋼筋混凝土構造,106年11月14日,十六層,
RPSNMLMJJHOFFBD77CC,24,286.84,住家用,鋼筋混凝土造,84年1月26日,四層,
RPSOMLMJJHOFFAD87DC,21,63.14,住家用,鋼筋混凝土造,87年2月12日,七層,
RPTNMLMJJHOFFKD78CC,2,148.49,店舖，住宅,鋼筋混凝土構造,105年10月20日,十四層,
RPPOMLMJJHOFFCD67CC,25,73.94,住家用,鋼筋混凝土造,83年5月23日,六層,
RPPOMLMJJHOFFCD67CC,25,52.90,共有部分,鋼筋混凝土造,83年5月23日,六層,
RPROMLMJJHOFFCD87CC,28,13.46,住家用,鋼筋混凝土造,80年1月22日,九層,
RPROMLMJJHOFFCD87CC,28,8.25,共有部分,鋼筋混凝土造,80年1月22日,九層,
RPSOMLMJJHOFFCD97CC,23,77.43,住家用,鋼筋混凝土造,84年8月10日,九層,
RPSOMLMJJHOFFCD97CC,23,7.56,共有部分,鋼筋混凝土造,84年8月10日,九層,
RPSOMLMJJHOFFCD97CC,23,10.31,共有部分,鋼筋混凝土造,84年8月10日,九層,
RPUOMLMJJHOFFCD18CC,24,97.54,住家用,鋼筋混凝土造,83年12月6日,八層,
RPUOMLMJJHOFFCD18CC,24,12.51,共有部分,鋼筋混凝土造,83年12月6日,八層,
RPUOMLMJJHOFFCD18CC,24,15.96,共有部分,鋼筋混凝土造,83年12月6日,八層,
RPXOMLNJJHOFFCD58CC,32,55.36,住商用,鋼筋混凝土造,76年1月21日,四層,
RPOPMLNJJHOFFCD77CC,32,148.34,住商用,鋼筋混凝土造,76年1月21日,四層,
RPRPMLNJJHOFFCD08CC,26,115.03,住家用,鋼筋混凝土造,81年8月28日,十層,
RPTOMLLLKINFFAD08CC,25,270.71,商業用,鋼筋混凝土造,82年12月31日,十三層,
RPTOMLLLKINFFAD08CC,25,47.72,共有部分,鋼筋混凝土造,82年12月13日,十三層,
RPUOMLPLKINFFAD58CC,20,86.64,住家用,鋼筋混凝土造,87年12月3日,十四層,
RPROMLNJJHOFFAD77CC,35,156.42,住商用,鋼筋混凝土造,73年5月19日,五層,
RPSOMLNJJHOFFAD87CC,50,61.31,住家用,加強磚造,57年7月16日,二層,
RPSOMLMLKINFFAD08CC,12,214.12,共有部分,ＲＣ造,95年11月24日,五層,
RPXOMLSLKINFFAD56CC,19,121.40,集合住宅,鋼筋混凝土造,88年7月30日,十層,
RPVOMLLLKINFFAD28CC,44,20.21,住商用,加強磚造,63年12月12日,二層,
RPWOMLMJJHOFFAD18CC,15,109.78,集合住宅,鋼筋混凝土造,92年9月16日,十四層,
RPWOMLMJJHOFFAD18CC,15,38.25,管理室等,鋼筋混凝土造,92年9月16日,十四層,
RPWOMLMJJHOFFAD18CC,15,20.80,公共設施,鋼筋混凝土造,92年9月16日,十四層,
RPUNMLLLKINFFAD08CC,25,102.37,住家用,鋼筋混凝土造,82年11月2日,十三層,
RPOOMLMLKINFFAD67CC,51,89.59,住家用,加強磚造,57年1月30日,二層,
RPRNMLNJJHOFFKD68CC,1,101.43,住家用,鋼筋混凝土構造,107年2月2日,十六層,
RPRNMLNJJHOFFKD68CC,1,4.85,本共有部分之項目有：管委會使用空間、門廊、機電設備及其他、汽車坡道及停車空間,鋼筋混凝土構造,107年2月2日,十六層,
RPRNMLNJJHOFFKD68CC,1,54.46,共有部分之項目有：防空避難室兼停車空間，停車空間,鋼筋混凝土構造,107年2月2日,十六層,
RPRNMLNJJHOFFKD68CC,1,25.36,本共有部分之項目有：Ａ棟第２～１６層樓梯間、屋頂突出物第一層樓梯間、過樑投影面積、屋頂突出物第二層機械室、水箱部份,鋼筋混凝土構造,107年2月2日,十六層,
RPSNMLNJJHOFFKD78CC,30,197.48,住商用,鋼筋混凝土造,77年12月29日,四層,
RPVNMLNJJHOFFKD09CC,28,65.91,住家用,鋼筋混凝土造,80年1月23日,五層,
RPPNMLOJJHOFFKD58CC,25,82.56,住家用,鋼筋混凝土造,82年8月24日,十六層,
RPPNMLOJJHOFFKD58CC,25,15.89,共有部分,鋼筋混凝土造,82年8月24日,十六層,
RPPNMLOJJHOFFKD58CC,25,1.54,共有部分,鋼筋混凝土造,82年8月24日,見其他登記事項,
RPPOMLNJJHOFFAD67DC,2,111.24,集合住宅,鋼筋混凝土構造,106年1月24日,二十層,
RPWNMLNJJHOFFID98CC,5,156.60,工業用,鋼骨構造有牆。,102年10月7日,一層,
RPPNMLOJJHOFFAD57CC,40,88.34,,鋼筋混凝土造,68年3月19日,四層,
RPPNMLOJJHOFFAD57CC,40,3.71,共有部分,鋼筋混凝土造,68年3月19日,四層,
RPPNMLOJJHOFFAD57CC,40,4.72,共有部分,鋼筋混凝土造,68年3月19日,四層,
RPQNMLOJJHOFFAD67CC,39,97.79,住家用,鋼筋混凝土造,69年4月11日,四層,
RPQNMLOJJHOFFAD67CC,39,27.16,共有部分,鋼筋混凝土造,69年4月11日,四層,
RPTNMLNJJHOFFKD88CC,25,93.69,住家用,鋼筋混凝土造,83年2月4日,十五層,
RPTNMLNJJHOFFKD88CC,25,25.04,共有部分,鋼筋混凝土造,83年2月4日,十五層,
RPPNMLQJJHOFFKD78CC,30,188.77,避難室、店舖、住宅。,鋼筋混凝土造,78年5月25日,三層,
RPUNMLRJJHOFFHD09CC,13,338.51,農舍,鋼骨造,95年3月10日,二層,
RPROMLRJJHOFFKD66DC,29,139.32,住商用,鋼筋混凝土造,78年12月21日,二層,
RPUNMLSJJHOFFKD86CC,22,90.39,住商用,鋼筋混凝土造,86年1月28日,十九層,
RPUNMLSJJHOFFKD86CC,22,18.20,共有部分,鋼筋混凝土造,86年1月28日,十九層,
RPUNMLSJJHOFFKD86CC,22,3.37,共有部分,鋼筋混凝土造,86年1月28日,十九層,
RPPNMLSJJHOFFKD98CC,26,126.39,住家用,鋼筋混凝土造,81年9月19日,二十層,
RPPNMLSJJHOFFKD98CC,26,7.51,共有部分,鋼筋混凝土造,81年9月19日,二十層,
RPPNMLSJJHOFFKD98CC,26,15.73,共有部分,鋼筋混凝土造,81年9月19日,二十層,
RPPNMLSJJHOFFCD18CC,1,116.87,集合住宅,鋼筋混凝土造,106年10月31日,十五層,
RPPNMLSJJHOFFCD18CC,1,51.39,本共有部分之項目有：門廊、門廳、梯廳、公共服務空間、樓梯間、管理委員會、防空避難室兼停車空間、停車空間共８項。,鋼筋混凝土造,106年10月31日,十五層,
RPPNMLSJJHOFFCD18CC,1,27.80,本共有部分之項目有：樓梯間、公共服務空間、管道間供３項。,鋼筋混凝土造,106年10月31日,十五層,
RPQOMLSJJHOFFCD38CC,15,264.64,住宅、停車空間,鋼筋混凝土造,93年6月24日,四層,
RPSNMLKKJHOFFKD58CC,1,87.26,住家用,鋼筋混凝土構造,107年2月2日,十六層,
RPSNMLKKJHOFFKD58CC,1,4.16,本共有部分之項目有：管委會使用空間、門廊、機電設備及其他、汽車坡道及停車空間,鋼筋混凝土構造,107年2月2日,十六層,
RPSNMLKKJHOFFKD58CC,1,49.39,共有部分之項目有：防空避難室兼停車空間，停車空間,鋼筋混凝土構造,107年2月2日,十六層,
RPSNMLKKJHOFFKD58CC,1,21.95,本共有部分之項目有：Ｂ棟第２～１６層樓梯間、屋頂突出物第一層樓梯間、過樑投影面積、屋頂突出物第二層機械室、水箱部份,鋼筋混凝土構造,107年2月2日,十六層,
RPXNMLSJJHOFFKD17CC,3,182.76,住家用,鋼筋混凝土構造,105年4月8日,三層,
RPXNMLLKJHOFFKD56CC,1,214.43,住家用,鋼筋混凝土構造,106年11月14日,四層,
RPXNMLLKJHOFFKD56CC,1,.08,管理維護空間,鋼筋混凝土構造,106年11月14日,一層,
RPSNMLLKJHOFFDD97CC,43,100.04,住家用,加強磚造,65年6月1日,二層,
RPPNMLNKJHOFFKD58CC,8,179.82,停車空間，住宅,鋼筋混凝土構造,100年1月27日,四層,
RPPPMLLKJHOFFCD77CC,2,105.30,住宅、店鋪、停車空間,鋼筋混凝土造,106年6月14日,五層,
RPTNMLKKJHOFFCD87CC,1,59.95,集合住宅,鋼筋混凝土造,107年1月12日,五層,
RPTNMLKKJHOFFCD87CC,1,60.99,集合住宅,鋼筋混凝土造,107年1月12日,五層,
RPTNMLKKJHOFFCD87CC,1,49.79,共有部分,鋼筋混凝土造,107年1月12日,五層,
RPTNMLKKJHOFFCD87CC,1,28.30,本共有部分之項目有：樓梯間、水箱、電梯機械室共三項。,鋼筋混凝土造,107年1月12日,五層,
RPTNMLOJJHOFFBD08CC,6,164.21,集合住宅,鋼筋混凝土造,101年12月25日,四層,
RPTNMLKKJHOFFBD77CC,10,234.40,集合住宅,鋼筋混凝土造,97年11月28日,四層,
RPTNMLKKJHOFFBD77CC,10,.23,共有部分,鋼筋混凝土造,97年11月28日,一層,
RPQNMLNKJHOFFKD68CC,3,161.25,住家用,鋼筋混凝土構造,105年5月12日,二十層,
RPXNMLOJJHOFFAD38CC,42,81.50,住家用,加強磚造,65年10月13日,二層,
RPTNMLOJJHOFFAD97CC,22,20.01,住家用,鋼筋混凝土造,85年7月25日,十二層,
RPTNMLOJJHOFFAD97CC,22,4.01,共有部分,鋼筋混凝土造,85年7月25日,十二層,
RPTNMLOJJHOFFAD97CC,22,4.63,共有部分,鋼筋混凝土造,85年7月25日,十二層,
RPTNMLOJJHOFFAD97CC,22,.00,共有部分,鋼筋混凝土造,85年7月25日,十二層,
RPQPMLLKJHOFFAD67CC,16,123.79,店舖、住宅,鋼筋混凝土造,91年12月27日,十二層,
RPQPMLLKJHOFFAD67CC,16,41.07,共有部分,鋼筋混凝土造,91年12月27日,十二層,
RPQNMLPKJHOFFCD08CC,11,91.30,住家用,鋼筋混凝土造,96年9月6日,十四層,
RPRNMLPKJHOFFCD18CC,29,24.92,住家用,鋼筋混凝土造,79年1月2日,七層,
RPOPMLPKJHOFFCD08CC,28,15.02,住家用,鋼筋混凝土造,79年9月26日,十二層,
RPOPMLPKJHOFFCD08CC,28,7.61,共有部分,鋼筋混凝土造,79年9月26日,十二層,
RPSPMLPKJHOFFCD48CC,25,85.56,住商用,鋼筋混凝土造,83年3月2日,九層,
RPSPMLPKJHOFFCD48CC,25,13.22,共有部分,鋼筋混凝土造,83年3月2日,九層,
RPPNMLPKJHOFFKD78CC,2,117.16,住家用,鋼筋混凝土構造,105年8月29日,十五層,
RPWNMLPKJHOFFAD58DC,34,452.03,商業用,鋼筋混凝土造,74年3月20日,十層,
RPWNMLPKJHOFFAD58DC,34,70.98,共有部分,鋼筋混凝土造,74年3月20日,十層,
RPWNMLPKJHOFFAD58DC,34,81.46,共有部分,鋼筋混凝土造,74年3月20日,十層,
RPOOMLPKJHOFFID58CC,12,35.07,住商用,鋼筋混凝土造,96年2月15日,四層,
RPQNMLQKJHOFFBD08CC,5,135.30,店舖、住宅、停車空間,鋼筋混凝土造,103年3月24日,四層,
RPVNMLQKJHOFFHD56CC,19,192.22,住商用,鋼筋混凝土造,89年2月11日,三層,
RPUNMLQKJHOFFKD76CC,28,355.47,住家用,鋼筋混凝土造,79年11月7日,二層,
RPQNMLQKJHOFFCD18CC,25,46.16,住家用,鋼筋混凝土造,83年2月7日,六層,
RPQNMLQKJHOFFCD18CC,25,19.36,共有部分,鋼筋混凝土造,83年2月7日,六層,
RPRNMLQKJHOFFCD28CC,28,15.02,商業用,鋼筋混凝土造,79年9月26日,十二層,
RPRNMLQKJHOFFCD28CC,28,7.62,共有部分,鋼筋混凝土造,79年9月26日,十二層,
RPTNMLQKJHOFFAD28CC,23,86.60,住家用,鋼筋混凝土造,84年9月12日,十八層,
RPTNMLQKJHOFFAD28CC,23,15.35,共有部分,鋼筋混凝土造,84年9月12日,十八層,
RPTNMLQKJHOFFAD28CC,23,12.75,共有部分,鋼筋混凝土造,84年9月12日,十八層,
RPWNMLQKJHOFFAD58CC,,262.29,商業用,鋼筋混凝土加強磚造,,三層,
RPXNMLPKJHOFFAD58CC,6,120.21,集合住宅,鋼筋混凝土構造,102年6月20日,十五層,
RPXNMLQKJHOFFAD68CC,41,28.23,住家用,鋼筋混凝土造,66年12月2日,七層,
RPXNMLQKJHOFFAD68CC,41,6.14,住家用,鋼筋混凝土造,66年12月2日,七層,
RPVNMLOKJHOFFAD28CC,1,198.78,店舖,鋼骨構造,106年9月6日,一層,
RPVNMLPKJHOFFAD38CC,2,114.69,集合住宅,鋼筋混凝土構造,106年1月24日,二十六層,
RPVPMLPKJHOFFAD58CC,28,14.12,住家用,鋼筋混凝土造,79年7月9日,五層,
RPVPMLPKJHOFFAD58CC,28,8.19,共有部分,鋼筋混凝土造,79年7月9日,五層,
RPXOMLPKJHOFFAD68CC,12,53.94,店舖、住宅,鋼筋混凝土造,96年4月16日,四層,
RPQQMLOKJHOFFAD08CC,47,101.38,住商用,加強磚造,60年12月24日,二層,
RPTOMLRKJHOFFCD68CC,37,129.80,住商用,鋼筋混凝土造,70年11月25日,三層,
RPTOMLRKJHOFFCD68CC,37,8.28,住商用,鋼筋混凝土造,70年11月25日,三層,
RPTNMLSKJHOFFBD58CC,21,117.35,住商用,鋼筋混凝土造,87年5月14日,四層,
RPTNMLSKJHOFFBD58CC,21,1.41,共有部分,鋼筋混凝土造,87年5月14日,十三層,
RPPNMLRKJHOFFKD98CC,6,198.19,住家用,鋼筋混凝土構造,102年4月3日,四層,
RPWNMLRKJHOFFAD78DC,26,41.12,住家用,鋼筋混凝土造,81年11月5日,六層,
RPWOMLLLJHOFFAD38DC,14,42.40,集合住宅,鋼筋混凝土造,93年12月3日,八層,
RPWOMLLLJHOFFAD38DC,14,6.08,共有部分,鋼筋混凝土造,93年12月3日,八層,
RPWOMLLLJHOFFAD38DC,14,8.15,共有部分,鋼筋混凝土造,93年12月3日,八層,
RPSNMLLLJHOFFKD78CC,38,43.23,住商用,鋼筋混凝土造,69年12月19日,三層,
RPROMLMLJHOFFKD88CC,21,31.45,住家用,鋼筋混凝土造,87年6月2日,七層,
RPQNMLMLJHOFFAD67CC,1,156.71,集合住宅,鋼筋混凝土構造,106年1月24日,二十三層,
RPPNMLSKJHOFFAD08CC,24,6011.82,旅館,鋼筋混凝土造,84年7月4日,十八層,
RPQQMLQKJHOFFAD28CC,28,85.30,住家用,鋼筋混凝土造,80年6月4日,十二層,
RPQQMLQKJHOFFAD28CC,28,14.87,共有部分,鋼筋混凝土造,80年6月4日,十二層,
RPUOMLQKJHOFFAD48CC,5,37.79,集合住宅,鋼筋混凝土構造,102年11月25日,十四層,
RPUOMLQKJHOFFAD48CC,5,11.19,本共有部分之項目有門廳、守衛室、停車空間、防空避難室、管理維護空間。,鋼筋混凝土構造,102年11月25日,十四層,
RPUOMLQKJHOFFAD48CC,5,8.79,本共有部分之項目有電樓梯間、電梯機房、水箱。,鋼筋混凝土構造,102年11月25日,十四層,
RPPOMLQKJHOFFAD97CC,20,23.63,集合住宅,鋼筋混凝土造,87年7月6日,五層,
RPPOMLQKJHOFFAD97CC,20,8.67,共有部分,鋼筋混凝土造,87年7月6日,五層,
RPROMLQKJHOFFAD18CC,20,24.60,集合住宅,鋼筋混凝土造,87年7月6日,五層,
RPROMLQKJHOFFAD18CC,20,8.84,共有部分,鋼筋混凝土造,87年7月6日,五層,
RPSOMLQKJHOFFAD28CC,41,37.47,住家用,鋼筋混凝土造,66年12月2日,七層,
RPSOMLQKJHOFFAD28CC,41,6.15,共有部分,鋼筋混凝土造,66年12月2日,七層,
RPWNMLTKJHOFFAD88CC,24,99.72,住家用,鋼筋混凝土造,84年5月16日,二十層,
RPWNMLTKJHOFFAD88CC,24,50.36,共有部分,鋼筋混凝土造,84年5月16日,二十二層,
RPWNMLTKJHOFFAD88CC,24,13.21,共有部分,鋼筋混凝土造,84年5月16日,二十二層,
RPQNMLTKJHOFFAD28CC,11,18.82,集合住宅,鋼筋混凝土構造,96年8月24日,十四層,
RPOOMLNLJHOFFCD87CC,23,339.15,辦公室,鋼筋混凝土造,85年6月25日,五層,
RPSPMLMLJHOFFAD08CC,40,95.79,住商用,加強磚造,67年12月7日,二層,
RPRPMLMLJHOFFAD97CC,23,177.37,住家用,鋼筋混凝土造,84年8月19日,十六層,
RPTNMLNLJHOFFHD78CC,25,148.98,住家用,鋼筋混凝土造,83年4月27日,三層,
RPWNMLNLJHOFFKD76CC,25,98.74,住家用,鋼筋混凝土造,83年1月22日,七層,
RPWNMLNLJHOFFKD76CC,25,49.89,共有部分,鋼筋混凝土造,83年1月22日,七層,
RPPOMLNLJHOFFCD97CC,34,58.21,住家用,鋼筋混凝土造,74年1月12日,五層,
RPPOMLNLJHOFFCD97CC,34,9.31,共有部分,鋼筋混凝土造,74年1月12日,五層,
RPXOMLNLJHOFFBD68CC,7,19.84,住宅，停車空間,鋼筋混凝土造,100年12月23日,四層,
RPUNMLNLJHOFFKD56CC,42,88.80,住家用,加強磚造,65年11月11日,二層,
RPWOMLOLJHOFFKD96CC,24,57.84,超級市場、貯藏室。,鋼筋混凝土造,83年7月11日,十九層,
RPWOMLOLJHOFFKD96CC,24,1.58,共有部分,鋼筋混凝土造,83年7月11日,十九層,
RPWOMLOLJHOFFKD96CC,24,9.07,共有部分,鋼筋混凝土造,83年7月11日,十九層,
RPWOMLOLJHOFFKD96CC,24,5.25,共有部分,鋼筋混凝土造,83年7月11日,十九層,
RPROMLOLJHOFFCD28CC,27,20.38,住商用,鋼筋混凝土造,81年5月2日,四層,
RPOOMLOLJHOFFCD97CC,38,127.48,住家用,鋼筋混凝土造,69年7月30日,三層,
RPSOMLOLJHOFFCD38CC,2,104.00,住宅、店鋪、停車空間,鋼筋混凝土造,106年6月14日,五層,
RPPNMLTKJHOFFDD48CC,20,986.88,餐廳、投影、門廳、梯間、辦公室,鋼筋混凝土造,88年6月14日,三層,
RPPNMLTKJHOFFDD48CC,20,52.96,台電、机械室,鋼筋混凝土造,88年6月14日,一層,
RPQPMLOLJHOFFAD08CC,26,69.81,住家用,鋼筋混凝土造,81年9月4日,六層,
RPQPMLOLJHOFFAD08CC,26,17.26,共有部分,鋼筋混凝土造,81年9月4日,六層,
RPQPMLOLJHOFFAD08CC,26,11.73,共有部分,鋼筋混凝土造,81年9月4日,六層,
RPTPMLMLJHOFFAD18CC,38,69.45,住家用,鋼筋混凝土造,70年7月3日,五層,
RPWPMLOLJHOFFAD68CC,33,104.70,住家用,鋼筋混凝土造,75年1月21日,十二層,
RPWPMLOLJHOFFAD68CC,33,20.05,共有部分,鋼筋混凝土造,75年1月21日,十二層,
RPTOMLPLJHOFFAD38CC,23,122.62,住家用,鋼筋混凝土造,84年7月29日,十七層,
RPTOMLPLJHOFFAD38CC,23,26.72,共有部分,鋼筋混凝土造,84年7月29日,十七層,
RPTOMLPLJHOFFAD38CC,23,5.72,共有部分,鋼筋混凝土造,84年7月29日,十七層,
RPSOMLNLJHOFFAD08CC,54,474.34,住商用,加強磚造,54年1月1日,五層,
RPQOMLPLJHOFFAD08CC,23,61.27,住家用,鋼筋混凝土造,84年7月29日,十七層,
RPQOMLPLJHOFFAD08CC,23,16.33,共有部分,鋼筋混凝土造,84年7月29日,十七層,
RPROMLNLJHOFFAD97CC,63,237.36,住商用,磚造,45年1月1日,三層,
RPPOMLPLJHOFFAD97CC,13,59.92,店舖、住宅,ＲＣ造,95年3月24日,五層,
RPWNMLPLJHOFFAD58CC,2,84.19,住宅、停車空間,鋼筋混凝土構造,106年6月23日,二層,
RPVNMLNLJHOFFAD28CC,45,90.09,住家用,加強磚造,62年11月12日,二層,
RPWNMLPLJHOFFCD78CC,38,72.76,住家用,鋼筋混凝土造,69年9月12日,五層,
RPWNMLPLJHOFFCD78CC,38,5.68,共有部分,鋼筋混凝土造,69年9月12日,五層,
RPWNMLPLJHOFFCD78CC,38,6.36,共有部分,鋼筋混凝土造,69年9月12日,五層,
RPVNMLPLJHOFFID66CC,21,218.83,住家用,鋼筋混凝土造,87年4月14日,四層,
RPPNMLRLJHOFFAD08CC,11,89.35,集合住宅,鋼筋混凝土構造,96年8月24日,十四層,
RPVOMLSLJHOFFAD88CC,,204.96,住商用,鋼筋混凝土加強磚造,,四層,
RPPNMLRLJHOFFID88CC,8,249.09,住商用,鋼筋混凝土造,99年12月24日,四層,
RPQNMLTLJHOFFHD09CC,1,60.49,集合住宅,鋼筋混凝土造,106年10月3日,五層,
RPQNMLTLJHOFFHD09CC,1,46.22,管理維護空間、資源回收專區、停車空間、樓梯間、水箱,鋼筋混凝土造,106年10月3日,五層,
RPQNMLRLJHOFFAD18CC,23,110.36,住家用,鋼筋混凝土造,84年9月12日,十八層,
RPQNMLRLJHOFFAD18CC,23,.12,辦公室　管理員室,鋼筋混凝土造,84年9月12日,十八層,
RPVOMLTLJHOFFCD56CC,43,130.05,住商用,鋼筋混凝土造,64年9月12日,四層,
RPQOMLKMJHOFFCD87CC,31,73.05,住家用,鋼筋混凝土造,77年4月23日,五層,
RPQOMLKMJHOFFCD87CC,31,17.40,共有部分,鋼筋混凝土造,77年4月23日,五層,
RPSOMLKMJHOFFCD08CC,24,74.75,住家用,鋼筋混凝土造,84年3月25日,十四層,
RPSOMLKMJHOFFCD08CC,24,7.32,共有部分,鋼筋混凝土造,84年3月25日,十四層,
RPSOMLKMJHOFFCD08CC,24,32.15,共有部分,鋼筋混凝土造,84年3月25日,十四層,
RPVOMLKMJHOFFCD38CC,29,16.56,住家用,鋼筋混凝土造,78年12月20日,五層,
RPVOMLKMJHOFFCD38CC,29,6.37,共有部分,鋼筋混凝土造,78年12月20日,五層,
RPXOMLKMJHOFFCD58CC,39,47.84,住家用,鋼筋混凝土造,68年12月14日,五層,
RPXOMLKMJHOFFCD58CC,39,11.71,共有部分,鋼筋混凝土造,68年12月14日,五層,
RPSOMLTLJHOFFID86CC,24,143.62,住商用,鋼筋混凝土造,83年11月11日,三層,
RPROMLTLJHOFFID76CC,12,137.83,住商用,鋼筋混凝土造,96年2月15日,四層,
RPPPMLKMJHOFFCD87CC,12,329.09,商業用,鋼骨造,95年9月12日,一層,
RPUPMLKMJHOFFCD38CC,26,119.91,住家用,鋼筋混凝土造,81年10月22日,十五層,
RPUPMLKMJHOFFCD38CC,26,5.73,共有部分,鋼筋混凝土造,81年10月22日,十五層,
RPUPMLKMJHOFFCD38CC,26,19.63,共有部分,鋼筋混凝土造,81年10月22日,十五層,
RPTQMLKMJHOFFCD38CC,12,58.62,住家用,鋼筋混凝土造,95年12月7日,十層,
RPTQMLKMJHOFFCD38CC,12,17.66,共有部分,鋼筋混凝土造,95年12月7日,十層,
RPTQMLKMJHOFFCD38CC,12,6.17,共有部分,鋼筋混凝土造,95年12月7日,十層,
RPWQMLKMJHOFFCD68CC,24,31.09,住家用,鋼筋混凝土造,84年4月10日,六層,
RPWQMLKMJHOFFCD68CC,24,4.32,共有部分,鋼筋混凝土造,84年4月10日,六層,
RPWQMLKMJHOFFCD68CC,24,3.65,共有部分,鋼筋混凝土造,84年4月10日,六層,
RPORMLKMJHOFFCD97CC,23,79.94,住家用,鋼筋混凝土造,84年11月6日,二十層,
RPORMLKMJHOFFCD97CC,23,12.71,共有部分,鋼筋混凝土造,84年11月6日,二十層,
RPORMLKMJHOFFCD97CC,23,37.34,共有部分,鋼筋混凝土造,84年11月6日,二十層,
RPXNMLTLJHOFFKD47CC,32,192.00,辦公室．廠房．倉庫,加強磚造．Ｒ．Ｃ造．鋼鐵造,75年10月30日,一層,
RPPNMLTLJHOFFKD66CC,21,42.84,住家用,鋼筋混凝土造,86年9月13日,五層,
RPTOMLTLJHOFFKD17CC,27,54.84,住商用,鋼筋混凝土造,81年5月12日,四層,
RPQNMLQLJHOFFKD09CC,38,190.06,住宅、店舖、避難室。,鋼筋混凝土造,70年5月27日,三層,
RPSOMLTLJHOFFKD07CC,31,163.13,住商用,鋼筋混凝土造,77年6月20日,四層,
RPOOMLTLJHOFFAD28CC,35,90.04,住家用,鋼筋混凝土造,72年12月7日,五層,
RPOOMLTLJHOFFAD28CC,35,15.64,共有部分,鋼筋混凝土造,72年12月7日,五層,
RPPQMLTLJHOFFAD58CC,23,54.75,住家用,鋼筋混凝土造,84年7月29日,十七層,
RPPQMLTLJHOFFAD58CC,23,14.48,共有部分,鋼筋混凝土造,84年7月29日,十七層,
RPPQMLKMJHOFFAD77CC,20,24.93,集合住宅,鋼筋混凝土造,87年7月6日,五層,
RPPQMLKMJHOFFAD77CC,20,9.14,共有部分,鋼筋混凝土造,87年7月6日,五層,
RPVQMLKMJHOFFAD38CC,20,24.75,集合住宅,鋼筋混凝土造,87年7月6日,五層,
RPVQMLKMJHOFFAD38CC,20,9.14,共有部分,鋼筋混凝土造,87年7月6日,五層,
RPWPMLKMJHOFFAD38CC,59,86.54,住家用,磚造,49年1月1日,三層,
RPXNMLKMJHOFFAD28CC,5,312.73,集合住宅,鋼筋混凝土構造,103年1月16日,二十六層,
RPXNMLKMJHOFFAD28CC,5,187.97,本共有部分之項目：停車空間、防空避難室兼停車空間、門廳、防災中心、管理委員會使用空間、門廊、外廊、游泳池、更衣室、梯間、樓梯間、機械室、水箱、中繼水箱等１４項。,鋼筋混凝土構造,103年1月16日,二十六層,
RPVOMLKMJHOFFAD18CC,25,13.22,住商用,鋼筋混凝土造,82年9月25日,五層,
RPTQMLKMJHOFFAD18CC,22,25.95,住家用,鋼筋混凝土造,85年12月2日,十九層,
RPTQMLKMJHOFFAD18CC,22,2.65,共有部分,鋼筋混凝土造,85年12月2日,十九層,
RPTQMLKMJHOFFAD18CC,22,5.61,共有部分,鋼筋混凝土造,85年12月2日,十九層,
RPUPMLKMJHOFFAD18CC,39,136.41,住商用,鋼筋混凝土造,69年6月4日,四層,
RPPOMLKMJHOFFAD57CC,16,95.50,集合住宅,鋼筋混凝土造,91年12月27日,十二層,
RPPOMLKMJHOFFAD57CC,16,47.38,共有部分,鋼筋混凝土造,91年12月27日,十二層,
RPQQMLKMJHOFFAD87CC,20,24.01,集合住宅,鋼筋混凝土造,87年7月6日,五層,
RPQQMLKMJHOFFAD87CC,20,8.87,共有部分,鋼筋混凝土造,87年7月6日,五層,
RPXPMLKMJHOFFID66CC,38,85.77,住家用,加強磚造,70年4月2日,二層,
RPQOMLKMJHOFFKD68CC,25,176.72,住宅、梯間。,鋼筋混凝土造,82年10月14日,五層,
RPRNMLKMJHOFFDD97CC,,159.63,工廠,鋼骨鋼筋混凝土造,107年8月27日,一層,
RPVNMLLMJHOFFDD48CC,15,236.67,住商用,鋼筋混凝土造,93年6月16日,四層,
RPOOMLLMJHOFFCD77CC,32,146.80,住家用,鋼筋混凝土造,76年3月2日,二層,
RPWNMLLJKHOFFKD09CC,27,75.66,住家用,鋼筋混凝土造,81年6月4日,七層,
RPWNMLLJKHOFFKD09CC,27,27.22,共有部分,鋼筋混凝土造,81年6月4日,七層,
RPQNMLLJKHOFFCD67CC,35,79.88,住家用,鋼筋混凝土造,72年12月14日,七層,
RPQNMLLJKHOFFCD67CC,35,31.45,共有部分,鋼筋混凝土造,72年12月14日,七層,
RPPNMLLMJHOFFAD57CC,5,76.29,集合住宅,鋼筋混凝土構造,102年12月25日,十四層,
RPPNMLLMJHOFFAD57CC,5,20.45,本共有部分之項目有門廳、守衛室、停車空間、防空避難室、管理維護空間。,鋼筋混凝土構造,102年11月25日,十四層,
RPPNMLLMJHOFFAD57CC,5,17.28,本共有部分之項目有電樓梯間、電梯機房、水箱。,鋼筋混凝土構造,102年11月25日,十四層,
RPPNMLLJKHOFFAD37CC,29,515.10,住商用,鋼筋混凝土造,79年3月7日,五層,
RPWQMLKMJHOFFAD48CC,29,22.48,住家用,鋼筋混凝土造,79年5月31日,四層,
RPWQMLKMJHOFFAD48CC,29,1.17,共有部分,鋼筋混凝土造,79年5月31日,四層,
RPWQMLKMJHOFFAD48CC,29,5.27,共有部分,鋼筋混凝土造,79年5月31日,四層,
RPTNMLLMJHOFFAD97CC,6,211.73,集合住宅,鋼筋混凝土構造,101年10月31日,二十一層,
RPQPMLLJKHOFFAD67CC,1,84.13,店舖,鋼骨構造,106年10月20日,一層,
RPXQMLKMJHOFFAD58CC,21,24.10,集合住宅,鋼筋混凝土造,87年7月6日,五層,
RPXQMLKMJHOFFAD58CC,21,8.84,共有部分,鋼筋混凝土造,87年7月6日,五層,
RPQNMLLMJHOFFAD67CC,3,118.95,集合住宅,鋼筋混凝土構造,105年6月4日,二十七層,
RPORMLKMJHOFFAD77CC,21,68.08,集合住宅,鋼筋混凝土造,87年7月6日,五層,
