﻿編號,土地位置,土地移轉面積(平方公尺),使用分區或編定,權利人持分分母,權利人持分分子,移轉情形,地號
The serial number, land position,land shifting area square meter,the use zoning or compiles and checks,,,,land parcel
RPWNMLMKJINFFBE38CC,成功段,15.22,都市：商,,,,00590000
RPPOMLMKJINFFBE77CC,苓東段,18.49,都市：商,,,,00090000
RPPOMLMKJINFFBE77CC,苓東段,1.80,都市：其他:,,,,00090001
RPPOMLMKJINFFBE77CC,苓東段,2.11,都市：住,,,,00090003
RPRNMLMKJINFFBE87CC,新興段三小段,63.26,都市：商,,,,05490000
RPVNMLMKJINFFBE28CC,五塊厝段三小段,26.28,都市：住,,,,26350000
RPXNMLMKJINFFBE48CC,新興段一小段,9.88,都市：商,,,,20240000
RPXNMLMKJINFFBE48CC,新興段一小段,3.47,都市：商,,,,20270000
RPXNMLMKJINFFBE48CC,新興段一小段,.31,都市：商,,,,20480000
RPQOMLMKJINFFBE87CC,新興段一小段,.00,都市：商,,,,10660000
RPQOMLMKJINFFBE87CC,新興段一小段,.00,都市：商,,,,10670000
RPSOMLMKJINFFEE38CC,清楠段,26.59,都市：住,,,,04030000
RPOOMLMKJINFFAE57CC,青海段,21.49,都市：住,,,,05450000
RPROMLMKJINFFEE28CC,德昌段,13.77,都市：住,,,,00470000
RPTNMLMKJINFFAE97CC,文東段,.00,都市：商,,,,15090000
RPTNMLMKJINFFAE97CC,文東段,.00,都市：商,,,,15100000
RPRNMLMKJINFFDE08CC,獅頭段一小段,.00,都市：住,,,,19800001
RPOOMLMKJINFFIE38CC,翠屏段,53.00,都市：商,,,,03800023
RPOOMLMKJINFFIE38CC,翠屏段,18.00,都市：商,,,,03800019
RPUNMLNKJINFFLE66CC,大寮段二小段,1651.00,都市：工,,,,11510023
RPUNMLNKJINFFLE66CC,大寮段二小段,1651.00,都市：工,,,,11510024
RPUNMLNKJINFFLE66CC,大寮段二小段,2314.00,都市：工,,,,11510025
RPSNMLMKJINFFDE28DC,三塊厝段,107.00,都市：商,,,,13000006
RPTNMLNKJINFFGE68CC,鳳甲段,4179.94,都市：住,,,,00680000
RPVNMLNKJINFFGE88CC,新庄子段,.00,都市：其他:市場用地,,,,02300060
RPVNMLNKJINFFGE88CC,新庄子段,.00,都市：其他:市場用地,,,,02300129
RPVNMLNKJINFFGE88CC,新庄子段,.00,都市：其他:市場用地,,,,02300152
RPQNMLNKJINFFAE77CC,青海段,26.67,都市：住,,,,00470000
RPRNMLNKJINFFCE08CC,愛群段,4.50,都市：商,,,,24590000
RPSNMLNKJINFFCE18CC,愛群段,39.73,都市：商,,,,13840000
RPVNMLNKJINFFCE48CC,盛興段,13.56,都市：住,,,,15500000
RPROMLNKJINFFCE18CC,愛群段,6.11,都市：商,,,,23940000
RPSOMLNKJINFFBE18CC,林德官段一小段,24.21,都市：住,,,,26940000
RPOPMLNKJINFFBE87CC,林德官段一小段,11.25,都市：商,,,,26100000
RPRPMLNKJINFFBE18CC,新興段二小段,12.73,都市：商,,,,08960000
RPOTMLNKJINFFBE28CC,過田子段,13.17,都市：商,,,,10830000
RPQOMLOKJINFFBE08CC,林德官段,6.04,都市：商,,,,12780000
RPXRMLOKJINFFBE09CC,林德官段一小段,22.33,都市：商,,,,23980000
RPQUMLOKJINFFBE68CC,林德官段一小段,16.53,都市：其他:市場用地,,,,28690000
RPTVMLOKJINFFBE09CC,意誠段,6.20,都市：商,,,,01990000
RPUOMLNKJINFFCE48CC,瑞隆段二小段,61.00,都市：住,,,,02530009
RPRNMLOKJINFFAE97CC,青海段,.00,都市：住,,,,03550002
RPTNMLOKJINFFCE38CC,獅甲段,.00,都市：商,,,,03310000
RPTNMLOKJINFFCE38CC,獅甲段,.00,都市：商,,,,03300000
RPPOMLOKJINFFAE87CC,青海段,78.00,都市：住,,,,04430018
RPWOMLNKJINFFEE88CC,新庄段四小段,80.00,都市：住,,,,04370000
RPRPMLMKJINFFEE38CC,新庄段十二小段,224.00,都市：住,,,,11060001
RPPNMLOKJINFFEE18CC,新庄段十三小段,.00,都市：商,,,,15310000
RPPNMLOKJINFFEE18CC,新庄段十三小段,.00,都市：商,,,,15330000
RPVOMLMKJINFFEE68CC,芎蕉段,7.12,都市：住,,,,02150003
RPOOMLNKJINFFEE08CC,新庄段十三小段,.00,非都市： ; 非都市編定：,,,,14900000
RPVNMLOKJINFFEE78CC,新庄段十二小段,28.84,都市：住,,,,10670000
RPQPMLPKJINFFIE98CC,澄合段商五小段,1796.13,都市：商,,,,00100000
RPVNMLPKJINFFAE48CC,青海段,17.58,都市：住,,,,06430000
RPQNMLOKJINFFEE38DC,楠都段四小段,18.45,都市：住,,,,01830000
RPOOMLPKJINFFCE08CC,光華段,26.46,都市：住,,,,00470012
RPUPMLPKJINFFBE68CC,林德官段二小段,.00,都市：商,,,,33970000
RPVQMLPKJINFFBE88CC,意誠段,.00,都市：商,,,,07630000
RPWNMLOKJINFFGE09CC,文英段,.00,都市：住,,,,16790000
RPTNMLNKJINFFDE38CC,大港段三小段,76.00,都市：商,,,,08110002
RPROMLMKJINFFDE18CC,覆鼎金段覆鼎金小段,37.72,都市：住,,,,15140000
RPQOMLPKJINFFDE38CC,三塊厝段四小段,.00,都市：住,,,,16980000
RPROMLPKJINFFDE48CC,水源段,.00,都市：住,,,,03830000
RPUNMLMKJINFFDE38CC,大順段,.00,都市：商,,,,04320000
RPUNMLMKJINFFDE38CC,大順段,.00,都市：商,,,,04310000
RPUNMLMKJINFFDE38CC,大順段,.00,都市：商,,,,04330000
RPSOMLNKJINFFDE38CC,中華段二小段,195.66,都市：商,,,,14170000
RPOOMLPKJINFFAE87CC,龍華段八小段,.00,都市：商,,,,21880000
RPPOMLPKJINFFAE97CC,內惟段九小段,.00,都市：住,,,,00220002
RPPOMLPKJINFFAE97CC,內惟段九小段,.00,都市：住,,,,00220001
RPSOMLQKJINFFCE58CC,瑞隆段三小段,54.97,都市：商,,,,12910000
RPVOMLQKJINFFCE88CC,瑞崗段四小段,.00,都市：商,,,,00340000
RPSOMLQKJINFFAE38CC,前金段,92.00,都市：商,,,,01230010
RPWOMLQKJINFFDE09CC,建安段,.00,都市：商,,,,05060000
RPWOMLQKJINFFDE09CC,建安段,.00,都市：其他:道路用地,,,,05470000
RPVNMLQKJINFFAE58CC,龍華段八小段,15.27,都市：商,,,,22160000
RPVNMLQKJINFFAE58CC,龍華段八小段,10.47,都市：商,,,,22160000
RPROMLQKJINFFEE68CC,左東段,11.02,都市：住,,,,05280000
RPOQMLQKJINFFEE58CC,德昌段,.00,都市：住,,,,00150002
RPPNMLRKJINFFAE08CC,青海段,9.25,都市：商,,,,01660000
RPUNMLRKJINFFEE98CC,新庄段四小段,68.00,都市：住,,,,05550000
RPPNMLSKJINFFDE58DC,大港段,8.75,都市：商,,,,35650000
RPRNMLRKJINFFAE28CC,青海段,114.50,都市：住,,,,00690007
RPWNMLTKJINFFIE17CC,林內段,144.72,都市：住,,,,07990000
RPPNMLTKJINFFIE09CC,育才段,.00,都市：住,,,,02560000
RPUNMLTKJINFFAE78CC,民生段,.00,都市：商,,,,08160000
RPPOMLTKJINFFIE56CC,烏林段,3170.37,非都市：一般農業區 ; 非都市編定：農牧用地,,,,01900000
RPVOMLTKJINFFAE98CC,青海段,9.18,都市：住,,,,06150000
RPUOMLTKJINFFAE88CC,興福段,81.00,都市：商,,,,04630000
RPUOMLTKJINFFAE88CC,興福段,65.00,都市：商,,,,04640000
RPPPMLTKJINFFDE78CC,獅頭段一小段,11.19,都市：商,,,,18710000
RPRNMLTKJINFFGE09CC,竹子腳段,22.84,都市：住,,,,01230001
RPSNMLTKJINFFGE56CC,新甲段,9.64,都市：住,,,,11590025
RPVNMLTKJINFFGE86CC,文山段,38.06,都市：住,,,,05380000
RPPNMLKLJINFFDE77CC,澄東段,21.02,都市：住,,,,00560000
RPTNMLTKJINFFGE66CC,竹子腳段,.00,都市：住,,,,01890001
RPSNMLKLJINFFAE77CC,龍中段,38.14,都市：商,,,,00600000
RPUOMLKLJINFFAE08CC,文東段,16.00,都市：商,,,,13910000
RPUOMLKLJINFFAE08CC,文東段,40.00,都市：商,,,,13920000
RPPOMLLLJINFFIE48CC,大?腿段,5410.00,都市：工,,,,13880000
RPUNMLLLJINFFJE98CC,環球段,477.43,都市：其他:空白,,,,11560000
RPWNMLLLJINFFCE48CC,愛群段,31.50,都市：住,,,,07140000
RPVNMLTKJINFFEE66CC,清楠段,25.92,都市：住,,,,04030000
RPSPMLKLJINFFEE38CC,莒光段一小段,23.05,都市：住,,,,04200000
RPSPMLKLJINFFEE38CC,莒光段一小段,8.26,都市：住,,,,04200001
RPSNMLLLJINFFEE28CC,德昌段,24.60,都市：住,,,,00550000
RPPOMLLLJINFFEE08CC,清豐段,15.98,都市：住,,,,02270520
RPQNMLQKJINFFBE18CC,大統段二小段,12.53,都市：商,,,,02560000
RPPNMLLLJINFFBE67CC,過田子段,50.75,都市：商,,,,04600000
RPQNMLLLJINFFBE77CC,林德官段,94.94,都市：商,,,,13950000
RPRVMLPKJINFFBE98CC,大統段二小段,.00,都市：商,,,,06700000
RPPSMLQKJINFFBE58CC,意誠段,5.50,都市：商,,,,01990000
RPVOMLTKJINFFBE09CC,林德官段一小段,25.71,都市：商,,,,27280000
RPVOMLTKJINFFBE09CC,林德官段一小段,57.14,都市：商,,,,27280001
RPROMLLLJINFFEE28CC,新庄段一小段,68.00,都市：住,,,,13280039
RPTNMLLLJINFFAE97CC,青海段,28.72,都市：住,,,,00820000
RPTNMLLLJINFFAE97CC,青海段,24.27,都市：住,,,,00820000
RPXOMLLLJINFFDE78CC,德北段,11.12,都市：住,,,,00170000
RPOPMLLLJINFFEE08CC,新庄段五小段,.00,都市：住,,,,07160000
RPOPMLLLJINFFEE08CC,新庄段五小段,.00,都市：住,,,,07160002
RPOPMLLLJINFFDE97CC,三塊厝段二小段,.00,都市：商,,,,13590000
RPTNMLMLJINFFDE38CC,獅頭段,12.05,都市：商,,,,26550000
RPWNMLMLJINFFDE68CC,灣中段,13.15,都市：住,,,,04430000
RPOPMLMLJINFFBE87CC,意誠段,.00,都市：商,,,,01990000
RPUNMLMLJINFFEE58CC,新庄段一小段,15.08,都市：其他:市場用地,,,,12720000
RPVNMLMLJINFFCE48CC,憲德段二小段,12.73,都市：商,,,,00260000
RPWOMLMLJINFFCE68CC,獅甲段二小段,33.36,都市：住,,,,05570000
RPSNMLKLJINFFIE68DC,草潭段,9.95,都市：住,,,,11280000
RPPNMLSKJINFFIE09DC,新後港西段,88.11,都市：住,,,,00690026
RPUOMLMLJINFFAE28CC,青海段,21.65,都市：住,,,,00650000
RPUNMLMLJINFFLE66CC,新厝北段,240.30,都市：工,,,,01500000
RPUNMLMLJINFFIE98CC,神農段,1519.34,都市：住,,,,01030000
RPPOMLNLJINFFCE08CC,竹北段,18.29,都市：住,,,,17040000
RPROMLNLJINFFBE18CC,林德官段,4.42,都市：商,,,,12970000
RPQNMLMLJINFFGE38CC,新甲段,32.20,都市：住,,,,12450182
RPTNMLLLJINFFGE58CC,竹子腳段,22.46,都市：住,,,,00890000
RPWNMLMLJINFFGE98CC,道爺?段下菜園小段,77.00,都市：住,,,,00260006
RPPOMLMLJINFFGE38CC,田中央段,81.84,都市：住,,,,00190103
RPSOMLLLJINFFGE58CC,文山段,10.82,都市：住,,,,08970000
RPPPMLNLJINFFDE28CC,獅頭段,29.39,都市：商,,,,21810000
RPPPMLNLJINFFGE58CC,新庄子段,.00,都市：住,,,,01960000
RPXOMLNLJINFFDE98CC,灣和段,.00,都市：住,,,,00840000
RPXOMLNLJINFFGE66CC,大貝湖段,248.51,都市：住,,,,00760001
RPQNMLOLJINFFAE97CC,青海段,14.71,都市：商,,,,01930000
RPSNMLOLJINFFCE38CC,愛群段,7.62,都市：商,,,,24590000
RPTNMLQLJINFFAE48CC,龍中段,1956.97,都市：商,,,,01150000
RPUNMLQLJINFFAE58CC,龍中段,1956.97,都市：商,,,,01150000
RPTNMLOLJINFFCE48CC,愛群段,17.20,都市：商,,,,24630000
RPUNMLQLJINFFCE78CC,愛群段,7.62,都市：商,,,,24590000
RPOOMLQLJINFFAE08CC,前金段,7.85,都市：商,,,,00580016
RPUNMLQLJINFFBE68CC,新興段四小段,.00,都市：商,,,,16770000
RPUNMLQLJINFFBE68CC,新興段四小段,.00,都市：商,,,,16780000
RPVRMLQLJINFFAE09CC,龍華段八小段,7.24,都市：商,,,,22870000
RPTQMLQLJINFFBE88CC,意誠段,5.85,都市：商,,,,01990000
RPOQMLQLJINFFBE38CC,意誠段,.00,都市：商,,,,01990000
RPWNMLQLJINFFBE88CC,新興段三小段,82.00,都市：商,,,,12280000
RPPQMLQLJINFFBE48CC,意誠段,.00,都市：商,,,,01990000
RPUNMLQLJINFFDE88CC,獅頭段,161.98,都市：商,,,,26380003
RPVNMLQLJINFFDE98CC,鼎祥段,11.13,都市：住,,,,00230000
RPPOMLQLJINFFEE58CC,藍昌段三小段,9.97,都市：商,,,,04860000
RPUPMLQLJINFFEE56CC,新庄段十四小段,18.30,都市：住,,,,15370000
RPOOMLQLJINFFEE48CC,新福段七小段,9.14,都市：住,,,,00040000
RPXOMLNLJINFFEE09CC,福山段,.00,都市：住,,,,05160000
RPOOMLQLJINFFIE88CC,烏林段,2845.32,非都市：一般農業區 ; 非都市編定：農牧用地,,,,00790000
RPVOMLNLJINFFEE88CC,新福段七小段,.00,都市：住,,,,00040000
RPOPMLNLJINFFEE28CC,福民段,.00,都市：住,,,,03370000
RPXNMLMLJINFFEE88CC,新庄段十三小段,8.28,都市：商,,,,14450000
RPWOMLNLJINFFEE98CC,果貿段,.00,都市：住,,,,00540000
RPSNMLRLJINFFDE78CC,灣立段,112.63,都市：住,,,,03270000
RPWOMLRLJINFFGE96CC,鳳翔段,2907.41,都市：住,,,,02320000
RPXOMLRLJINFFEE86CC,新庄段八小段,129.00,都市：住,,,,00230003
RPPPMLRLJINFFGE98CC,鳳甲段,4179.94,都市：住,,,,00680000
RPVNMLRLJINFFIE96CC,善德段,486.35,都市：農,,,,00080017
RPUPMLRLJINFFGE86CC,大貝湖段,.00,非都市： ; 非都市編定：,,,,01170006
RPWNMLRLJINFFIE07CC,竹園段,340.00,都市：農,,,,15810000
RPSOMLSLJINFFBE78CC,意誠段,.00,都市：商,,,,01990000
RPXNMLRLJINFFBE09CC,武聖段,55.00,都市：住,,,,12430000
RPTPMLRLJINFFGE76CC,大貝湖段,.00,非都市： ; 非都市編定：,,,,00320002
RPVNMLRLJINFFBE88CC,福河段,70.00,都市：住,,,,05770000
RPWOMLRLJINFFAE98CC,龍中段,540.93,都市：住,,,,01730000
RPUOMLSLJINFFBE98CC,意誠段,.00,都市：商,,,,01990000
RPOPMLSLJINFFBE48CC,意誠段,99.00,都市：商,,,,02300003
RPOPMLSLJINFFBE48CC,意誠段,203.00,都市：商,,,,02310000
RPROMLSLJINFFBE68CC,苓洲段,25.83,都市：商,,,,00020000
RPPOMLTLJINFFDE78CC,獅頭段一小段,27.80,都市：住,,,,19050001
RPVNMLSLJINFFDE56CC,覆鼎金段覆鼎金小段,16.15,都市：商,,,,15390000
RPQPMLSLJINFFDE88CC,覆鼎金段覆鼎金小段,76.00,都市：商,,,,12490001
RPSNMLTLJINFFDE98CC,大港段,.00,都市：住,,,,34660000
RPWNMLSLJINFFDE66CC,大港段二小段,270.00,都市：住,,,,14870000
RPQNMLTLJINFFEE88CC,楠梓段五小段,.00,都市：住,,,,11860000
RPSNMLTLJINFFEE09CC,福山段,396.69,都市：住,,,,05640000
RPXNMLTLJINFFAE56CC,文東段,.00,都市：商,,,,10210000
RPXNMLTLJINFFAE56CC,文東段,.00,都市：商,,,,10220000
RPPNMLTLJINFFCE58CC,獅甲段二小段,49.72,都市：其他:國宅用地,,,,05910000
RPQNMLTLJINFFCE68CC,瑞隆段一小段,68.00,都市：住,,,,05300010
RPSNMLTLJINFFBE78CC,新興段二小段,.00,都市：商,,,,14590000
RPSPMLSLJINFFBE88CC,五塊厝段,17.66,都市：商,,,,21620000
RPTNMLTLJINFFBE88CC,新興段二小段,.00,都市：商,,,,14590000
RPWOMLTLJINFFEE07DC,福民段,27.07,都市：住,,,,02010000
RPPNMLTLJINFFFE88CC,文化段,5.77,都市：住,,,,06390000
RPSNMLTLJINFFGE66CC,灣頭段,102.50,都市：住,,,,00390149
RPUNMLTLJINFFGE86CC,華鳳段,24.33,都市：住,,,,01250000
RPSNMLKMJINFFAE87CC,龍華段八小段,10.55,都市：商,,,,23830000
RPVNMLKMJINFFAE18CC,龍華段一小段,1.48,都市：住,,,,07720005
RPVNMLKMJINFFAE18CC,龍華段一小段,21.33,都市：住,,,,07730000
RPWPMLKMJINFFBE58CC,林德官段,121.00,都市：商,,,,11490026
RPSPMLKMJINFFBE18CC,過田子段,70.00,都市：商,,,,05580010
RPSPMLKMJINFFBE18CC,過田子段,13.00,都市：商,,,,05580017
RPXPMLKMJINFFBE68CC,新興段四小段,110.39,都市：商,,,,03970000
RPTNMLTLJINFFEE56CC,楠梓段五小段,.00,都市：住,,,,11860000
RPPOMLKMJINFFEE08CC,新光段,10.30,都市：住,,,,01140000
RPUNMLKMJINFFEE48CC,興隆段,79.00,都市：住,,,,08640134
RPQOMLKMJINFFEE18CC,新民段,5.99,都市：住,,,,00610000
RPVOMLTLJINFFEE86CC,福山段,7.00,都市：住,,,,00260000
RPOOMLKMJINFFGE18CC,鳳翔段,30.76,都市：住,,,,02260000
RPOOMLKMJINFFGE18CC,埤頂段,209.00,都市：住,,,,15100287
RPTNMLKMJINFFDE28CC,澄東段,199.63,都市：住,,,,00920009
RPUNMLKMJINFFDE38CC,澄東段,13.51,都市：住,,,,00560000
RPPNMLLJKINFFEE87CC,新庄段八小段,161.00,都市：住,,,,00600000
RPPNMLLJKINFFBE57CC,林德官段,14.53,都市：商,,,,11880000
RPWOMLNJKINFFBE58CC,五塊厝段,26.80,都市：住,,,,18810000
RPVNMLNJKINFFAE28CC,龍華段二小段,80.00,都市：住,,,,00700000
RPXNMLNJKINFFAE48CC,內惟段四小段,67.00,都市：住,,,,05580002
RPXNMLNJKINFFAE48CC,內惟段四小段,65.00,都市：住,,,,05580001
RPTNMLKMJINFFIE78CC,仁德段,146.00,都市：住,,,,00410048
RPRQMLNJKINFFGE78CC,新庄子段,54.00,都市：住,,,,01930098
RPXOMLOJKINFFGE66CC,新庄子段,77.00,都市：住,,,,02050122
RPWOMLKMJINFFDE68CC,建工段,9.79,都市：商,,,,05730000
RPQOMLOJKINFFDE28CC,獅頭段一小段,.00,都市：商,,,,17360000
RPQNMLOJKINFFCE08CC,宏明段,112.03,都市：住,,,,01910008
RPSNMLTLJINFFCE88CC,店鎮段,18.55,都市：住,,,,01690000
RPPNMLLJKINFFDE77CC,澄東段,172.33,都市：住,,,,00620009
RPXOMLTLJINFFCE86CC,愛群段,1.45,都市：商,,,,29500003
RPQOMLKMJINFFDE08CC,有光段,80.25,都市：商,,,,00360000
RPPOMLNJKINFFCE97CC,愛群段,295.00,都市：商,,,,06460000
RPWOMLTLJINFFCE76CC,竹北段,20.33,都市：住,,,,17040000
RPROMLKMJINFFCE08CC,瑞隆段三小段,.00,都市：商,,,,15410000
RPROMLKMJINFFCE08CC,瑞隆段三小段,.00,都市：商,,,,15420000
RPXNMLOJKINFFAE58CC,青海段,22.95,都市：住,,,,06150000
RPOOMLOJKINFFAE77CC,文東段,3.49,都市：住,,,,15500000
RPOOMLPJKINFFCE08CC,盛興段,12.32,都市：住,,,,14920000
RPTNMLPJKINFFAE28CC,龍華段一小段,30.80,都市：住,,,,08600001
RPPPMLOJKINFFCE18CC,獅甲段二小段,41.23,都市：其他:國宅用地,,,,05910000
RPUNMLOJKINFFAE28CC,前金段,18.81,都市：商,,,,00960011
RPUNMLPJKINFFBE48CC,福河段,44.30,都市：住,,,,13620000
RPVNMLPJKINFFBE58CC,新興段一小段,10.84,都市：商,,,,20240000
RPXNMLPJKINFFCE88CC,瑞隆段二小段,25.43,都市：商,,,,06750000
RPUOMLPJKINFFDE78CC,獅頭段,9.12,都市：住,,,,27390000
RPSOMLPJKINFFEE68CC,藍田西段,.00,都市：商,,,,00990000
RPPOMLPJKINFFEE38CC,和平東段,644.11,都市：住,,,,00320000
RPOOMLPJKINFFEE28CC,新庄段十二小段,74.74,都市：住,,,,09920002
RPQOMLPJKINFFEE48CC,新庄段十三小段,8.28,都市：商,,,,14450000
RPQNMLQJKINFFBE18CC,意誠段,.00,都市：商,,,,01990000
RPXNMLQJKINFFEE56CC,新庄段七小段,15.67,都市：住,,,,06110000
RPWPMLQJKINFFDE56CC,大豐段二小段,64.00,都市：住,,,,05800030
RPROMLQJKINFFEE68CC,新庄段十三小段,6.23,都市：商,,,,14450000
RPUNMLQJKINFFBE58CC,新興段四小段,11.13,都市：商,,,,24000000
RPVOMLPJKINFFEE98CC,新庄段十三小段,6.52,都市：商,,,,14360000
RPPNMLQJKINFFAE97CC,龍中段,807.29,都市：商,,,,01330002
RPWOMLPJKINFFAE68CC,龍中段,11.73,都市：住,,,,01040000
RPROMLPJKINFFAE18CC,龍中段,17.84,都市：商,,,,00360000
RPPOMLPJKINFFAE97CC,前金段,.00,都市：商,,,,00520008
RPSNMLQJKINFFAE28CC,內惟段六小段,22.17,都市：住,,,,11770000
RPUNMLRJKINFFAE58CC,龍華段四小段,13.53,都市：住,,,,06180000
RPPOMLRJKINFFAE18CC,前金段,7.03,都市：商,,,,00470000
RPUNMLQJKINFFAE48CC,龍華段八小段,.00,都市：商,,,,22510000
RPPNMLRJKINFFDE38CC,灣復段,.00,都市：商,,,,03940000
RPPOMLRJKINFFDE48CC,中華段一小段,12.93,都市：商,,,,07680000
RPUNMLRJKINFFGE56CC,新庄子段,75.00,都市：住,,,,00630014
RPSOMLQJKINFFCE58CC,仁愛段,241.00,都市：工,,,,07980010
RPSOMLQJKINFFCE58CC,仁愛段,247.00,都市：工,,,,07980011
RPQPMLRJKINFFCE58CC,獅甲段二小段,.00,都市：住,,,,05890000
RPWNMLQJKINFFCE88CC,憲德段二小段,50.00,都市：商,,,,00260004
RPTOMLRJKINFFGE56CC,曹公段,332.66,都市：工,,,,01030019
RPTPMLRJKINFFCE88CC,獅甲段二小段,22.96,都市：住,,,,05570000
RPXOMLRJKINFFGE96CC,埤頂段,.00,都市：住,,,,12430035
RPUNMLRJKINFFEE98CC,福山段,5.94,都市：商,,,,03210000
RPPOMLQJKINFFBE18CC,新興段一小段,.00,都市：商,,,,13140000
RPVNMLQJKINFFBE68CC,苓洲段,4.33,都市：商,,,,05420000
RPRNMLKKKINFFCE87CC,獅甲段,9.15,都市：商,,,,01580001
RPRNMLKKKINFFCE87CC,獅甲段,8.41,都市：商,,,,01600001
RPRNMLRJKINFFBE38CC,林德官段一小段,8.25,都市：商,,,,24070000
RPQOMLQJKINFFBE28CC,福東段,.00,都市：商,,,,05210000
RPQOMLQJKINFFBE28CC,福東段,.00,都市：商,,,,05220000
RPRNMLKKKINFFBE77CC,五塊厝段,27.00,都市：商,,,,22610000
RPOOMLRJKINFFBE18CC,林德官段,.00,都市：商,,,,13680000
RPVNMLKKKINFFBE18CC,五塊厝段,18.14,都市：商,,,,17690000
RPVNMLKKKINFFCE28CC,愛群段,16.99,都市：商,,,,24630000
RPQNMLSJKINFFBE38CC,意誠段,.00,都市：商,,,,01990000
RPPNMLSJKINFFBE28CC,意誠段,.00,都市：商,,,,01990000
RPVNMLKKKINFFEE48CC,新光段,347.13,都市：住,,,,00170001
RPVNMLKKKINFFAE08CC,興福段,13.96,都市：商,,,,05560000
RPXNMLKKKINFFDE58CC,獅頭段一小段,.00,都市：商,,,,14590000
RPTNMLKKKINFFFE38CC,岡山段,137.00,都市：住,,,,07640000
RPQOMLLKKINFFDE08CC,大順段,9.57,都市：商,,,,08070000
RPQOMLKKKINFFEE08CC,新庄段二小段,34.30,都市：住,,,,05210000
RPRNMLKKKINFFDE97CC,鼎泰段,13.06,都市：住,,,,13940000
RPRNMLKKKINFFDE97CC,鼎泰段,35.55,都市：住,,,,13960000
RPRNMLKKKINFFDE97CC,鼎泰段,.01,都市：住,,,,13960001
RPOPMLLKKINFFDE97CC,獅頭段,8.71,都市：住,,,,27390000
RPVNMLKKKINFFDE38CC,大港段,7.87,都市：商,,,,35650000
RPSOMLLKKINFFGE58CC,中崙段,85.44,都市：住,,,,00140042
RPXNMLLKKINFFBE48CC,成功段,15.88,都市：商,,,,00590000
RPOQMLKKKINFFGE28CC,華鳳段,19.15,都市：住,,,,01630001
RPPOMLLKKINFFBE77CC,新興段一小段,9.88,都市：商,,,,20240000
RPPOMLLKKINFFCE87CC,獅甲段二小段,14.17,都市：住,,,,05530000
RPTNMLRJKINFFJE76CC,聖母段,80.22,都市：住,,,,10460000
RPOPMLLKKINFFBE77CC,五塊厝段,69.89,都市：商,,,,15270000
RPOPMLLKKINFFBE77CC,五塊厝段,73.14,都市：住,,,,15270013
RPROMLLKKINFFBE97CC,林德官段一小段,15.06,都市：商,,,,24370000
RPSNMLMKKINFFCE18CC,光華段,26.96,都市：住,,,,01500000
RPTNMLMKKINFFCE28CC,小港段,1157.02,都市：工,,,,10400000
RPTNMLLKKINFFBE08CC,意誠段,3.66,都市：商,,,,02000000
RPVNMLMKKINFFCE48CC,獅甲段二小段,12.07,都市：商,,,,05520000
RPTNMLLKKINFFBE08CC,意誠段,8.08,都市：商,,,,01850000
RPOOMLMKKINFFCE87CC,店鎮段一小段,13.56,都市：商,,,,11840000
RPTNMLMKKINFFEE48CC,果貿段,8.58,都市：住,,,,00060000
RPVNMLNKKINFFFE88CC,興龍段,.00,非都市：特定農業區 ; 非都市編定：甲種建築用地,,,,00040000
RPXNMLNKKINFFFE09CC,興龍段,.00,非都市：特定農業區 ; 非都市編定：甲種建築用地,,,,00040000
RPSNMLMKKINFFLE09CC,大寮段芎蕉腳小段,2151.00,都市：農,,,,18730000
RPVOMLMKKINFFDE68CC,大港段四小段,7.32,都市：住,,,,21170000
RPQNMLMKKINFFDE08CC,鼎泰段,43.35,都市：住,,,,13900000
RPPOMLNKKINFFEE28CC,和平段五小段,13.20,都市：住,,,,00610000
RPPOMLNKKINFFEE28CC,和平段五小段,55.55,都市：商,,,,00610001
RPUOMLNKKINFFEE78CC,新福段二小段,17.38,都市：住,,,,00220000
RPXNMLMKKINFFFE98CC,瓊東段,115.03,非都市：鄉村區 ; 非都市編定：乙種建築用地,,,,04830000
RPVOMLNKKINFFEE88CC,福民段,121.91,都市：住,,,,00900003
RPWNMLNKKINFFDE78CC,灣復段,.00,都市：商,,,,03630000
RPPNMLNKKINFFEE18CC,和平段五小段,55.55,都市：商,,,,00610001
RPWNMLNKKINFFBE58CC,五塊厝段,.00,都市：商,,,,20670000
RPVNMLNKKINFFBE48CC,意誠段,.00,都市：商,,,,01990000
RPQOMLNKKINFFBE08CC,新興段二小段,6.56,都市：商,,,,16220000
RPUNMLNKKINFFIE09CC,北屋段,184.37,都市：商,,,,03450000
RPRNMLNKKINFFIE78CC,林內段,191.01,都市：住,,,,04680000
RPPNMLOKKINFFCE08CC,佛公段,27.72,都市：住,,,,06840001
RPSOMLOKKINFFCE48CC,盛興段,.00,都市：住,,,,14920000
RPVOMLOKKINFFCE78CC,盛興段,.00,都市：住,,,,14920000
RPQNMLOKKINFFDE28CC,灣復段,11.04,都市：商,,,,05280000
RPXNMLOKKINFFDE98CC,澄義段,67.78,都市：住,,,,00740000
RPSOMLOKKINFFAE28CC,前金段,70.00,都市：商,,,,06510000
RPPNMLOKKINFFAE87CC,民生段,15.80,都市：商,,,,06080000
RPXOMLOKKINFFAE78CC,龍華段三小段,14.99,都市：住,,,,04420000
RPOOMLOKKINFFAE87CC,青海段,22.76,都市：住,,,,06220000
RPTNMLLKKINFFAE97CC,龍中段,23.63,都市：住,,,,01680000
RPQNMLMKKINFFAE77CC,青海段,86.15,都市：住,,,,06780003
RPPNMLMKKINFFAE67CC,龍華段七小段,18.08,都市：住,,,,10810000
RPVOMLOKKINFFEE98CC,清豐段,80.45,都市：住,,,,01840010
RPOPMLOKKINFFEE38CC,藍田西段,357.12,都市：其他:空白,,,,00560000
RPQOMLOKKINFFEE48CC,新庄段十三小段,6.69,都市：商,,,,14450000
RPOPMLOKKINFFFE48CC,興龍段,.00,非都市：特定農業區 ; 非都市編定：甲種建築用地,,,,00040000
RPROMLOKKINFFFE68CC,興龍段,.00,非都市：特定農業區 ; 非都市編定：甲種建築用地,,,,00040000
RPQOMLOKKINFFFE58CC,興龍段,.00,非都市：特定農業區 ; 非都市編定：甲種建築用地,,,,00040000
RPWOMLOKKINFFFE56CC,興龍段,.00,非都市：特定農業區 ; 非都市編定：甲種建築用地,,,,00040000
RPSOMLOKKINFFFE78CC,興龍段,.00,非都市：特定農業區 ; 非都市編定：甲種建築用地,,,,00040000
RPXOMLOKKINFFFE66CC,大全段,5946.00,都市：工,,,,00880000
RPVOMLOKKINFFFE09CC,興龍段,.00,非都市：特定農業區 ; 非都市編定：甲種建築用地,,,,00040000
RPPPMLOKKINFFFE58CC,興龍段,.00,非都市：特定農業區 ; 非都市編定：甲種建築用地,,,,00040000
RPTOMLOKKINFFFE88CC,興龍段,.00,非都市：特定農業區 ; 非都市編定：甲種建築用地,,,,00040000
RPTPMLOKKINFFFE98CC,興龍段,.00,非都市：特定農業區 ; 非都市編定：甲種建築用地,,,,00040000
RPRPMLOKKINFFFE78CC,興龍段,.00,非都市：特定農業區 ; 非都市編定：甲種建築用地,,,,00040000
RPVPMLOKKINFFFE56CC,興龍段,.00,非都市：特定農業區 ; 非都市編定：甲種建築用地,,,,00040000
RPTOMLRKKINFFEE09CC,新福段七小段,8.80,都市：住,,,,00040000
RPWNMLRKKINFFIE07CC,仁新段,2328.00,都市：農,,,,06270000
RPUNMLRKKINFFJE96CC,崎漏段,2583.00,都市：工,,,,05020013
RPUOMLRKKINFFEE56CC,德昌段,.00,都市：住,,,,00580000
RPVOMLRKKINFFEE66CC,和平東段,.00,都市：住,,,,00190001
RPXNMLRKKINFFDE66CC,建德段,73.00,都市：商,,,,04930000
RPOOMLRKKINFFDE48CC,灣子內段寶珠溝小段,25.46,都市：住,,,,06470000
RPOOMLRKKINFFCE38CC,店鎮段,25.16,都市：住,,,,01690000
RPTNMLOKKINFFBE38CC,過田子段,38.99,都市：商,,,,10710003
RPTNMLOKKINFFBE38CC,過田子段,3.52,都市：商,,,,10710005
RPPNMLRKKINFFGE78CC,道爺?段,62.00,都市：住,,,,04630000
RPQNMLOKKINFFBE08CC,意誠段,.00,都市：商,,,,01990000
RPVNMLRKKINFFAE78CC,內惟段二小段,11.80,都市：其他:市場用地,,,,04120002
RPXNMLRKKINFFCE56CC,光華段,.00,都市：住,,,,07680000
RPXNMLRKKINFFAE98CC,前金段,137.19,都市：商,,,,01320011
RPXPMLRKKINFFBE66CC,五塊厝段,13.83,都市：商,,,,16140000
RPPRMLRKKINFFBE68CC,過田子段,250.00,都市：商,,,,06400001
RPPRMLRKKINFFBE68CC,過田子段,48.00,都市：商,,,,06410008
RPRRMLRKKINFFBE88CC,大統段一小段,.00,都市：商,,,,00990000
RPQRMLRKKINFFBE78CC,意誠段,.00,都市：商,,,,01700000
RPSRMLRKKINFFBE98CC,新興段四小段,.00,都市：商,,,,16770000
RPSRMLRKKINFFBE98CC,新興段四小段,.00,都市：商,,,,16780000
RPTNMLSKKINFFBE78CC,新興段四小段,.00,都市：商,,,,12140000
RPTNMLSKKINFFGE66CC,頂新段,31.99,都市：商,,,,00320000
RPRQMLSKKINFFBE88CC,過田子段,13.62,都市：商,,,,10820000
RPROMLSKKINFFAE58CC,青海段,21.26,都市：住,,,,03550002
RPOOMLSKKINFFDE58CC,灣中段,13.15,都市：住,,,,04330000
RPOPMLSKKINFFDE68CC,覆鼎金段覆鼎金小段,.00,都市：住,,,,13260016
RPROMLSKKINFFIE76CC,仁雄段,537.39,都市：住,,,,04910000
RPUOMLSKKINFFDE66DC,三塊厝段,83.00,都市：住,,,,12400007
RPUOMLSKKINFFDE66DC,三塊厝段,53.00,都市：住,,,,12400008
RPUOMLSKKINFFDE66DC,三塊厝段,14.00,都市：其他:道路用地,,,,12400030
RPUNMLSKKINFFGE76CC,頂新段,31.99,都市：商,,,,00320000
RPWPMLOKKINFFFE66CC,興龍段,.00,非都市：特定農業區 ; 非都市編定：甲種建築用地,,,,00040000
RPROMLRKKINFFCE68CC,獅甲段一小段,33.13,都市：住,,,,05310000
RPWNMLSKKINFFCE56CC,獅甲段,.51,都市：住,,,,03300000
RPWNMLSKKINFFCE56CC,獅甲段,1.62,都市：住,,,,03310000
RPSNMLTKKINFFEE09CC,新庄段一小段,7.78,都市：住,,,,07550000
RPRNMLTKKINFFEE98CC,新庄段一小段,7.78,都市：住,,,,07550000
RPSOMLSKKINFFEE09CC,左東段,14.78,都市：住,,,,05280000
RPQNMLTKKINFFEE88CC,新庄段五小段,.00,都市：住,,,,10840000
RPOPMLRKKINFFEE68CC,新庄段十三小段,32.06,都市：住,,,,13240004
RPQOMLSKKINFFEE88CC,新庄段十三小段,6.70,都市：商,,,,14450000
RPXNMLTKKINFFEE96CC,加昌段二小段,66.14,都市：商,,,,19290008
RPQNMLSKKINFFEE78CC,新庄段十二小段,203.70,都市：住,,,,11740000
RPWOMLRKKINFFEE76CC,和平段二小段,21.80,都市：住,,,,01160000
RPUPMLTKKINFFEE86CC,福山段,13.30,都市：住,,,,05800000
RPTNMLTKKINFFGE76CC,埤頂段,45.21,都市：住,,,,12430035
RPTNMLTKKINFFDE09CC,建民段,11.75,都市：住,,,,07750000
RPQOMLTKKINFFEE98CC,新庄段十三小段,6.21,都市：商,,,,15090000
RPRNMLTKKINFFAE58CC,府北段五小段,203.29,都市：商,,,,00940000
RPPOMLTKKINFFEE88CC,新庄段十三小段,8.67,都市：商,,,,14450000
RPWNMLTKKINFFBE56CC,林德官段二小段,30.00,都市：住,,,,34290005
RPXNMLTKKINFFBE66CC,過田子段,96.00,都市：商,,,,07050006
RPRPMLTKKINFFEE56CC,新庄段十三小段,6.22,都市：商,,,,15090000
RPVNMLKLKINFFBE28CC,新興段一小段,13.89,都市：商,,,,21060000
RPQOMLKLKINFFBE87CC,林德官段一小段,74.00,都市：商,,,,27220000
RPWNMLKLKINFFBE38CC,新興段三小段,4.33,都市：商,,,,00180000
RPROMLKLKINFFBE97CC,林德官段一小段,74.00,都市：商,,,,27220000
RPXNMLKLKINFFBE48CC,成功段,.00,都市：商,,,,04400000
RPTNMLKLKINFFAE97CC,青海段,13.20,都市：商,,,,02090001
RPOPMLKLKINFFGE28CC,七老爺段,14.76,都市：住,,,,03670000
RPXOMLKLKINFFDE78CC,水源段,.00,都市：住,,,,04810000
RPXOMLKLKINFFDE78CC,水源段,.00,都市：商,,,,05110001
RPVOMLKLKINFFEE68CC,新庄段十三小段,.00,都市：商,,,,15090000
RPPPMLKLKINFFDE08CC,建德段,21.63,都市：商,,,,07200000
RPPPMLKLKINFFDE08CC,建德段,.12,都市：商,,,,07200001
RPQOMLKLKINFFDE08CC,獅頭段,23.84,都市：住,,,,28090000
RPSPMLKLKINFFEE48CC,清豐段,.00,都市：住,,,,02270520
RPOOMLKLKINFFAE57CC,青海段,.00,都市：住,,,,00410000
RPPNMLKLKINFFFE08CC,岡山段,116.00,都市：住,,,,03980065
RPSOMLKLKINFFFE48CC,頂蚵子寮段,89.00,都市：商,,,,00150484
RPPNMLLLKINFFIE48CC,灣勢段,495.86,都市：農,,,,04010021
RPQNMLLLKINFFIE58CC,竹園段,228.00,都市：工,,,,12360269
RPTOMLKLKINFFCE28CC,仁愛段,.00,都市：住,,,,05230000
RPVNMLLLKINFFIE09CC,新後港西段,686.80,都市：住,,,,01100000
RPWNMLLLKINFFFE88CC,湖子內段,1083.00,非都市：一般農業區 ; 非都市編定：丁種建築用地,,,,02160003
RPVNMLLLKINFFGE88CC,牛潮埔段,224.00,都市：工,,,,11120036
RPUNMLLLKINFFIE09DC,北屋段,83.10,都市：住,,,,11280005
RPOOMLLLKINFFCE87CC,孔宅段,262.00,都市：住,,,,08570000
RPSOMLLLKINFFAE08CC,前金段,7.94,都市：商,,,,00580016
RPTOMLLLKINFFDE48CC,三塊厝段一小段,3.44,都市：商,,,,10850000
RPSNMLLLKINFFBE08CC,意誠段,.00,都市：商,,,,01990000
RPTNMLMLKINFFAE18CC,龍水段一小段,177.00,都市：商,,,,11630001
RPUNMLMLKINFFAE28CC,青海段,20.53,都市：住,,,,03150000
RPVNMLOLKINFFFE09CC,灣裡西段,247.67,都市：工,,,,11730037
RPQOMLLLKINFFDE18CC,大港段七小段,24.50,都市：商,,,,04630059
RPPNMLOLKINFFBE08CC,新興段二小段,.00,都市：商,,,,14130000
RPUNMLLLKINFFGE78CC,牛潮埔段,200.00,都市：工,,,,01280001
RPOPMLOLKINFFBE18CC,林德官段二小段,25.39,都市：住,,,,34300000
RPTNMLPLKINFFLE96CC,大寮段,742.00,都市：工,,,,21930000
RPTNMLPLKINFFLE96CC,大寮段,922.00,都市：工,,,,21920000
RPUPMLOLKINFFEE09CC,新庄段十二小段,23.41,都市：住,,,,10270000
RPPNMLPLKINFFEE48CC,新庄段十二小段,58.80,都市：商,,,,12120002
RPUOMLPLKINFFEE09CC,新庄段十二小段,.00,都市：住,,,,11020000
RPQOMLPLKINFFEE68CC,新庄段十三小段,4.76,都市：商,,,,14290000
RPROMLPLKINFFEE78CC,藍田中段,78.58,都市：住,,,,02070002
RPQOMLPLKINFFDE58CC,三塊厝段,.00,都市：商,,,,11920013
RPSNMLPLKINFFBE48CC,苓雅寮段,3.41,都市：商,,,,05000000
RPUNMLPLKINFFBE68CC,意誠段,.00,都市：商,,,,01990000
RPSOMLPLKINFFBE58CC,五權段,53.00,都市：住,,,,07910000
RPXOMLPLKINFFBE09CC,新興段一小段,3.50,都市：商,,,,05170000
RPOPMLPLKINFFBE28CC,新興段四小段,21.56,都市：商,,,,04050000
RPUOMLPLKINFFCE88CC,憲德段二小段,8.44,都市：商,,,,00160020
RPUNMLPLKINFFCE78CC,獅甲段一小段,37.07,都市：住,,,,05310000
RPSOMLQLKINFFCE78CC,光華段一小段,14.54,都市：商,,,,20700031
RPSOMLQLKINFFCE78CC,光華段一小段,16.37,都市：住,,,,20700000
RPRNMLQLKINFFDE68CC,澄東段,.00,都市：住,,,,00280000
RPQOMLQLKINFFDE68CC,中華段一小段,586.00,都市：工,,,,10420000
RPPPMLQLKINFFDE68CC,獅頭段二小段,.00,都市：住,,,,13680000
RPWPMLQLKINFFDE76CC,三塊厝段,73.00,都市：住,,,,11180005
RPPNMLQLKINFFAE18CC,前金段,.00,都市：商,,,,06650000
RPPNMLQLKINFFAE18CC,前金段,.00,都市：商,,,,06650012
RPRNMLQLKINFFAE38CC,龍華段九小段,364.00,都市：住,,,,09810000
RPSNMLPLKINFFAE38CC,青海段,27.31,都市：住,,,,00850000
RPTNMLRLKINFFDE98CC,三塊厝段,.00,都市：商,,,,13220000
RPUNMLRLKINFFDE09CC,大港段二小段,136.00,都市：商,,,,15200008
RPUNMLRLKINFFDE09CC,大港段二小段,75.00,都市：商,,,,15200009
RPUNMLRLKINFFDE09CC,大港段二小段,63.00,都市：商,,,,15200007
RPUNMLRLKINFFDE09CC,大港段二小段,75.00,都市：商,,,,15200010
RPVPMLPLKINFFEE66CC,新庄段十三小段,8.69,都市：商,,,,14290000
RPVQMLQLKINFFEE86CC,新庄段十三小段,.00,都市：商,,,,15310000
RPVQMLQLKINFFEE86CC,新庄段十三小段,.00,都市：商,,,,15330000
RPTPMLPLKINFFEE09CC,新庄段十三小段,6.24,都市：商,,,,14450000
RPQSMLQLKINFFEE56CC,新光段,.00,都市：住,,,,02760000
RPQSMLQLKINFFEE56CC,新光段,.00,都市：住,,,,02760001
RPQSMLQLKINFFEE56CC,新光段,.00,都市：住,,,,02760002
RPOPMLPLKINFFEE58CC,福山段,17.27,都市：商,,,,02910000
RPOQMLPLKINFFEE68CC,新庄段十三小段,.00,都市：商,,,,14380000
RPOQMLPLKINFFEE68CC,新庄段十三小段,.00,都市：商,,,,14420000
RPWPMLPLKINFFEE76CC,菜公段六小段,.00,都市：住,,,,10160000
RPVOMLPLKINFFEE56CC,新庄段十三小段,6.69,都市：商,,,,14450000
RPQOMLRLKINFFGE09CC,五甲段,5.40,都市：住,,,,13870004
RPQOMLRLKINFFGE09CC,五甲段,10.90,都市：住,,,,13870019
RPQOMLRLKINFFGE09CC,五甲段,8.10,都市：住,,,,13870020
RPPNMLRLKINFFCE48CC,瑞崗段五小段,32.53,都市：住,,,,10030000
RPSNMLRLKINFFAE58CC,龍華段八小段,148.75,都市：商,,,,22150000
RPSOMLRLKINFFCE88CC,憲德段一小段,19.96,都市：住,,,,08200000
RPTOMLRLKINFFBE88CC,林德官段一小段,5.69,都市：商,,,,24070000
RPPOMLRLKINFFBE48CC,林德官段一小段,74.00,都市：商,,,,27220000
RPUOMLRLKINFFBE98CC,苓洲段,4.33,都市：商,,,,05420000
RPVNMLRLKINFFIE07CC,尖山腳段,2314.96,非都市：一般農業區 ; 非都市編定：農牧用地,,,,07580000
RPVNMLRLKINFFIE07CC,尖山腳段,4476.86,非都市：一般農業區 ; 非都市編定：農牧用地,,,,07590000
RPROMLSLKINFFBE78CC,林德官段二小段,66.00,都市：商,,,,34690002
RPVPMLSLKINFFGE17CC,新甲段,137.00,都市：住,,,,11480012
RPVNMLSLKINFFAE98CC,青海段,35.85,都市：住,,,,05140000
RPVNMLSLKINFFBE09CC,林德官段二小段,.00,都市：住,,,,34300000
RPPQMLSLKINFFGE66CC,五甲段,3536.00,都市：住,,,,11220000
RPRQMLSLKINFFGE86CC,鳳甲段,75.66,都市：住,,,,00910005
RPROMLSLKINFFEE09CC,新光段,9.98,都市：住,,,,00440000
RPWOMLSLKINFFEE96CC,新博段,25.31,都市：住,,,,00080000
RPPNMLTLKINFFGE09CC,新溪埔段,3348.61,非都市：特定農業區 ; 非都市編定：農牧用地,,,,11830000
RPPNMLTLKINFFBE58CC,意誠段,12.89,都市：商,,,,07630000
RPPNMLLMKINFFEE18CC,新福段七小段,1520.21,都市：住,,,,00200000
RPQNMLLMKINFFBE97CC,林德官段二小段,88.00,都市：住,,,,34140001
RPRNMLLMKINFFEE38CC,新光段,.00,都市：住,,,,00160000
RPQNMLLMKINFFEE28CC,新庄段十二小段,.00,都市：住,,,,11610000
RPPNMLMJJHOFFEE87CC,新民段,28.41,都市：住,,,,03520000
RPRNMLMJJHOFFGE28CC,新甲段,17.29,都市：住,,,,10160007
RPWOMLRLKINFFDE76CC,三塊厝段,.00,都市：住,,,,13300000
RPXOMLSLKINFFDE96CC,大港段六小段,.00,都市：商,,,,06560024
RPROMLMJJHOFFDE08CC,鼎盛段,.00,都市：住,,,,07560000
RPVOMLRLKINFFCE56CC,愛群段,.00,都市：商,,,,10810000
RPOOMLMJJHOFFDE77CC,鼎泰段,15.65,都市：住,,,,14740001
RPQPMLRLKINFFCE78CC,憲德段二小段,13.00,都市：商,,,,00280003
RPWNMLRLKINFFDE66CC,獅頭段,.00,都市：商,,,,22420000
RPQOMLRLKINFFDE78CC,長明段,.00,都市：住,,,,02690000
RPPOMLRLKINFFDE68CC,長明段,.00,都市：住,,,,02690000
RPXNMLSLKINFFDE86CC,水源段,74.00,都市：商,,,,06190000
RPTNMLMJJHOFFEE38DC,新庄段十三小段,576.00,都市：住,,,,13710000
RPSOMLMJJHOFFCE08CC,獅甲段,.82,都市：商,,,,03300000
RPSOMLMJJHOFFCE08CC,獅甲段,2.59,都市：商,,,,03310000
RPQOMLNJJHOFFFE28CC,梓義段,1514.88,都市：農,,,,04660000
RPQOMLNJJHOFFFE28CC,梓義段,1144.24,非都市：一般農業區 ; 非都市編定：農牧用地,,,,04770000
RPQOMLNJJHOFFFE28CC,梓義段,178.13,都市：農,,,,04780000
RPQOMLNJJHOFFFE28CC,梓義段,1407.38,非都市：一般農業區 ; 非都市編定：農牧用地,,,,05140000
RPWNMLNJJHOFFCE48CC,愛群段,.00,都市：商,,,,19910000
RPWNMLNJJHOFFCE48CC,愛群段,.00,都市：商,,,,19910001
RPWNMLNJJHOFFCE48CC,愛群段,.00,都市：商,,,,19930000
RPWNMLNJJHOFFCE48CC,愛群段,.00,都市：商,,,,19940000
RPSOMLNJJHOFFFE48CC,典寶段,522.51,非都市：一般農業區 ; 非都市編定：甲種建築用地,,,,06050000
RPTNMLNJJHOFFAE97CC,龍華段八小段,.00,都市：商,,,,24030002
RPSNMLNJJHOFFAE87CC,龍中段,.00,都市：商,,,,00950000
RPUNMLNJJHOFFAE08CC,龍華段八小段,.00,都市：商,,,,21910000
RPTNMLNJJHOFFBE08CC,新興段二小段,.00,都市：商,,,,17670000
RPXNMLNJJHOFFIE66DC,新後港西段,96.39,都市：住,,,,00690012
RPTNMLNJJHOFFDE28CC,大港段四小段,880.11,都市：住,,,,28200000
RPSNMLNJJHOFFDE18CC,三塊厝段四小段,.00,都市：商,,,,30540000
RPSNMLNJJHOFFDE18CC,三塊厝段四小段,.00,都市：商,,,,30550000
RPVNMLNJJHOFFDE48CC,獅頭段一小段,.00,都市：住,,,,20110000
RPTNMLNJJHOFFGE58CC,新庄子段,57.00,都市：住,,,,01040081
RPOOMLNJJHOFFGE18CC,曹公段,273.90,都市：工,,,,01030055
RPQOMLNJJHOFFGE38CC,文山段,.00,都市：住,,,,05510000
RPROMLNJJHOFFEE28CC,新庄段十二小段,76.00,都市：住,,,,09670000
RPUNMLNJJHOFFEE48CC,興隆段,56.00,都市：商,,,,04510000
RPQNMLOJJHOFFDE08CC,獅頭段,76.00,都市：住,,,,23340020
RPTNMLOJJHOFFDE38CC,陽明段四小段,32.16,都市：住,,,,01190000
RPROMLOJJHOFFEE38CC,新庄段十二小段,10.47,都市：住,,,,12360000
RPTOMLOJJHOFFBE28CC,新興段二小段,9.70,都市：商,,,,05340000
RPXNMLOJJHOFFBE58CC,意誠段,.00,都市：商,,,,07630000
RPUNMLOJJHOFFBE28CC,意誠段,.00,都市：商,,,,01990000
RPSNMLOJJHOFFBE08CC,意誠段,.00,都市：商,,,,01990000
RPUNMLNJJHOFFBE18CC,新興段四小段,5.67,都市：商,,,,11980000
RPWNMLOJJHOFFBE48CC,意誠段,.00,都市：商,,,,01990000
RPTNMLOJJHOFFBE18CC,意誠段,.00,都市：商,,,,01990000
RPPOMLOJJHOFFBE87CC,林德官段一小段,6.24,都市：商,,,,27630000
RPVNMLNJJHOFFBE28CC,苓洲段,.00,都市：商,,,,16120000
RPVNMLOJJHOFFBE38CC,意誠段,.00,都市：商,,,,01990000
RPQNMLOJJHOFFAE77CC,龍中段,108.70,都市：商,,,,01380009
RPROMLOJJHOFFBE18DC,林聖段,241.00,都市：住,,,,02870001
RPUOMLOJJHOFFBE38CC,苓洲段,4.26,都市：商,,,,05420000
RPRNMLOJJHOFFIE68CC,清福段,34.35,都市：其他:甲種工業區,,,,01750000
RPRNMLPJJHOFFAE97CC,興福段,7.37,都市：商,,,,05620000
RPQNMLPJJHOFFBE97CC,五塊厝段,.00,都市：商,,,,20920000
RPQNMLPJJHOFFBE97CC,五塊厝段,.00,都市：商,,,,20930000
RPPNMLOJJHOFFAE67CC,龍華段八小段,6.88,都市：商,,,,24060000
RPUOMLRJJHOFFGE56CC,頂庄段,64.43,都市：住,,,,07340000
RPOOMLRJJHOFFEE38CC,新庄段十三小段,.00,都市：商,,,,14450000
RPWPMLRJJHOFFGE86CC,華鳳段,.00,都市：住,,,,01250000
RPPPMLRJJHOFFBE28CC,新興段二小段,.00,都市：商,,,,11470001
RPUOMLRJJHOFFBE68CC,五塊厝段三小段,.00,都市：住,,,,26370000
RPVOMLRJJHOFFBE78CC,大統段一小段,.00,都市：商,,,,02040000
RPRNMLRJJHOFFCE38CC,仁愛段二小段,1332.14,都市：工,,,,10800000
RPXNMLRJJHOFFCE98CC,愛群段,.00,都市：住,,,,13640000
RPSNMLRJJHOFFCE48CC,愛群段,.00,都市：商,,,,24590000
RPUOMLRJJHOFFCE78CC,獅甲段二小段,.00,都市：住,,,,05910000
RPROMLRJJHOFFCE48CC,瑞隆段二小段,75.00,都市：住,,,,01380000
RPOOMLRJJHOFFCE18CC,店鎮段二小段,.00,都市：住,,,,29400000
RPVOMLRJJHOFFCE88CC,憲德段二小段,.00,都市：商,,,,00260001
RPSOMLSJJHOFFCE68CC,獅甲段二小段,.00,都市：住,,,,05890000
RPTOMLSJJHOFFCE78CC,獅甲段二小段,78.71,都市：住,,,,05590003
RPVNMLPJJHOFFDE68CC,覆鼎金段覆鼎金一小段,23.46,都市：住,,,,06850011
RPVNMLPJJHOFFDE68CC,覆鼎金段覆鼎金一小段,51.00,都市：住,,,,06850015
RPXOMLRJJHOFFDE56CC,大港段三小段,.00,都市：住,,,,07220013
RPQOMLRJJHOFFDE48CC,灣和段,.00,都市：住,,,,00610000
RPUNMLPJJHOFFDE58CC,灣復段,.00,都市：商,,,,03940000
RPUNMLRJJHOFFDE78CC,獅頭段,.00,都市：商,,,,26790000
RPQNMLPJJHOFFDE18CC,水源段,.00,都市：住,,,,01310000
RPUOMLSJJHOFFEE09CC,新博段,19.29,都市：住,,,,00200000
RPQPMLRJJHOFFBE38CC,過田子段,.00,都市：商,,,,06000000
RPXNMLSJJHOFFDE56CC,獅頭段,.00,都市：商,,,,26770000
RPOOMLSJJHOFFBE18CC,林德官段,.00,都市：商,,,,14060000
RPOOMLSJJHOFFBE18CC,林德官段,.00,都市：商,,,,13550000
RPXNMLSJJHOFFBE98CC,大統段一小段,28.57,都市：商,,,,02600000
RPRNMLSJJHOFFBE38CC,新興段二小段,78.00,都市：商,,,,09590000
RPRNMLSJJHOFFBE38CC,新興段二小段,29.00,都市：商,,,,09590001
RPVPMLSJJHOFFEE66CC,福山段,.00,都市：住,,,,00460005
RPPPMLSJJHOFFDE58CC,獅頭段一小段,.00,都市：商,,,,20410001
RPXNMLTJJHOFFDE66CC,鼎泰段,61.89,都市：住,,,,13780000
RPWOMLTJJHOFFEE76CC,新庄段六小段,19.57,都市：住,,,,09130000
RPOOMLTJJHOFFEE58CC,福山段,12.19,都市：商,,,,02910000
RPQNMLTJJHOFFBE38CC,過田子段,6.36,都市：商,,,,08230000
RPQNMLTJJHOFFBE38CC,過田子段,11.80,都市：商,,,,08220000
RPPNMLTJJHOFFBE28CC,苓洲段,42.31,都市：商,,,,05420000
RPTNMLTJJHOFFBE68CC,意誠段,.00,都市：商,,,,01990000
RPUNMLTJJHOFFBE78CC,意誠段,.00,都市：商,,,,01990000
RPVNMLTJJHOFFBE88CC,意誠段,.00,都市：商,,,,01990000
RPWNMLTJJHOFFBE98CC,林德官段二小段,55.02,都市：住,,,,33590000
RPXNMLTJJHOFFBE09CC,林聖段,.00,都市：住,,,,03340000
RPPOMLTJJHOFFDE58CC,中華段一小段,474.00,都市：工,,,,07350000
RPVNMLTJJHOFFGE76CC,鳳山段大老衙小段,50.00,都市：商,,,,01540011
RPVNMLTJJHOFFGE76CC,鳳山段大老衙小段,25.00,都市：商,,,,01540022
RPQOMLSJJHOFFGE88CC,華鳳段,23.20,都市：住,,,,01250000
RPOOMLTJJHOFFBE28CC,福裕段,.00,都市：住,,,,00900000
RPQOMLTJJHOFFGE98CC,五甲段,74.00,都市：住,,,,11220065
RPUOMLTJJHOFFDE09CC,灣成段,60.37,都市：商,,,,05160000
RPTOMLTJJHOFFDE98CC,建安段,107.00,都市：商,,,,03960000
RPROMLTJJHOFFAE48CC,龍華段二小段,10.30,都市：住,,,,05970000
RPPPMLKKJHOFFCE77CC,愛群段,5.94,都市：商,,,,24590000
RPPNMLTJJHOFFIE98CC,育仁段,626.39,都市：住,,,,00860000
RPRNMLTJJHOFFAE38CC,前金段,7.94,都市：商,,,,00580016
RPUOMLSJJHOFFAE68CC,青海段,.00,非都市： ; 非都市編定：,,,,01040000
RPOOMLTJJHOFFAE18CC,大東段,218.00,都市：商,,,,06330000
RPSOMLTJJHOFFFE09CC,後壁田段,28.74,都市：住,,,,00930001
RPQPMLKKJHOFFCE87CC,憲德段一小段,.00,都市：商,,,,08250000
RPPOMLTJJHOFFAE28CC,興仁段,20.00,都市：商,,,,06580000
RPPOMLTJJHOFFAE28CC,興仁段,61.00,都市：商,,,,06590000
RPRPMLKKJHOFFCE97CC,憲德段一小段,.00,都市：住,,,,08270011
RPTOMLTJJHOFFAE68CC,後金段,8.20,都市：商,,,,05300000
RPUNMLKKJHOFFAE87CC,青海段,.00,都市：住,,,,00400005
RPTOMLKKJHOFFEE28CC,新庄段十二小段,33.75,都市：住,,,,11630000
RPROMLKKJHOFFEE08CC,福山段,17.27,都市：商,,,,02910000
RPRNMLKKJHOFFGE18CC,鳳西段,.00,都市：住,,,,00010000
RPPNMLKKJHOFFEE77CC,福山段,13.36,都市：商,,,,03460000
RPQNMLKKJHOFFDE77CC,建昌段,.00,都市：住,,,,02670000
RPQNMLKKJHOFFDE77CC,建昌段,.00,都市：其他:道路用地,,,,02670001
RPSOMLLKJHOFFGE48CC,七老爺段一甲小段,36.48,都市：住,,,,00520009
RPQNMLLKJHOFFDE87CC,建興段,1219.00,都市：農,,,,09970000
RPSNMLLKJHOFFEE18CC,楠梓段五小段,.00,都市：住,,,,11860000
RPUOMLLKJHOFFGE68CC,道爺?段,.00,都市：住,,,,07660026
RPSOMLLKJHOFFAE87CC,龍中段,.00,都市：商,,,,01480000
RPTNMLLKJHOFFEE28CC,新庄段一小段,7.78,都市：住,,,,07550000
RPPNMLLKJHOFFFE97CC,文化段,.00,都市：住,,,,06390000
RPQNMLLKJHOFFFE08CC,文化段,.00,都市：住,,,,06390000
RPTNMLLKJHOFFIE68CC,育才段,33.91,都市：住,,,,02460000
RPQNMLMKJHOFFAE67CC,龍華段八小段,499.00,都市：商,,,,23280001
RPQNMLMKJHOFFBE77CC,意誠段,.00,都市：商,,,,01990000
RPSNMLMKJHOFFBE97CC,意誠段,.00,都市：商,,,,01990000
RPUNMLKKJHOFFBE97CC,林德官段二小段,.00,都市：住,,,,34080000
RPRNMLMKJHOFFBE87CC,五塊厝段,64.36,都市：商,,,,20170000
RPRNMLNKJHOFFEE28CC,新光段,16.38,都市：住,,,,00380000
RPTNMLMKJHOFFGE58CC,牛潮埔段,69.00,都市：住,,,,08650000
RPQOMLOKJHOFFEE38CC,福山段,825.54,都市：住,,,,00170000
RPQOMLOKJHOFFEE38CC,福山段,664.46,都市：住,,,,00180000
RPQOMLOKJHOFFEE38CC,福山段,154.22,都市：住,,,,00210000
RPVNMLMKJHOFFGE78CC,牛潮埔段,.00,都市：住,,,,16830000
RPSOMLOKJHOFFEE58CC,新庄段五小段,46.27,都市：其他:(空白),,,,07170000
RPSOMLOKJHOFFEE58CC,新庄段五小段,1.50,都市：住,,,,07170001
RPSNMLOKJHOFFDE38CC,鼎泰段一小段,15.50,都市：住,,,,02920000
RPXOMLOKJHOFFEE09CC,新庄段十三小段,.00,都市：商,,,,14570001
RPWOMLOKJHOFFGE56CC,文山段,.00,都市：住,,,,02370006
RPXOMLOKJHOFFDE98CC,灣中段,.00,都市：商,,,,09800000
RPRPMLOKJHOFFBE28CC,福裕段,13.56,都市：商,,,,12160000
RPSOMLOKJHOFFAE18CC,龍中段,.00,都市：商,,,,01100000
RPSNMLOKJHOFFAE08CC,龍華段八小段,10.00,都市：商,,,,22110000
RPRNMLOKJHOFFAE97CC,龍中段,30.63,都市：住,,,,02080000
RPQQMLKKJHOFFCE97CC,憲德段一小段,14.82,都市：商,,,,08260000
RPUPMLKKJHOFFCE28CC,愛群段,14.36,都市：商,,,,24630000
RPQQMLKKJHOFFCE97CC,憲德段一小段,4.60,都市：商,,,,08260001
RPVPMLKKJHOFFCE38CC,愛群段,16.18,都市：商,,,,24630000
RPPOMLLKJHOFFCE77CC,憲德段二小段,.00,都市：商,,,,00280000
RPSPMLKKJHOFFCE08CC,盛興段,21.45,都市：住,,,,14920000
RPOOMLLKJHOFFCE67CC,憲德段二小段,.00,都市：商,,,,00280000
RPSOMLOKJHOFFIE98CC,竹園段,1515.00,都市：工,,,,04560001
RPQNMLPKJHOFFAE97CC,前峰段,23.02,都市：住,,,,02520000
RPXNMLOKJHOFFEE09DC,福民段,914.00,都市：住,,,,03780000
RPWNMLOKJHOFFJE76CC,大湖段,348.00,都市：農,,,,21080018
RPOOMLOKJHOFFFE28CC,橋南段,93.80,都市：住,,,,02910000
RPUOMLPKJHOFFAE48CC,龍華段一小段,21.00,都市：住,,,,08210000
RPPNMLPKJHOFFDE18CC,獅頭段一小段,31.07,都市：住,,,,19890000
RPQOMLPKJHOFFGE68CC,華鳳段,18.99,都市：住,,,,01510000
RPQOMLPKJHOFFGE68CC,華鳳段,2.46,都市：住,,,,01510001
RPSNMLPKJHOFFAE18CC,龍華段一小段,65.99,都市：其他:市場用地,,,,05000000
RPROMLPKJHOFFBE28CC,意誠段,.00,都市：商,,,,01990000
RPSOMLPKJHOFFGE88CC,鳳青段,222.54,都市：住,,,,02740000
RPSNMLQKJHOFFDE58CC,大港段四小段,7.34,都市：商,,,,33480000
RPPNMLQKJHOFFBE08CC,新興段四小段,.00,都市：商,,,,16770000
RPPNMLQKJHOFFBE08CC,新興段四小段,.00,都市：商,,,,16780000
RPRNMLOKJHOFFCE18CC,愛群段,20.23,都市：商,,,,24630000
RPQOMLQKJHOFFDE48CC,澄東段,21.02,都市：住,,,,00560000
RPTNMLPKJHOFFDE58CC,灣復段,8.91,都市：商,,,,00220000
RPTNMLQKJHOFFBE48CC,林德官段二小段,73.00,都市：住,,,,34630005
RPUNMLQKJHOFFBE58CC,正明段,10.09,都市：商,,,,00320000
RPUNMLQKJHOFFGE09CC,竹子腳段,39.75,都市：住,,,,02590057
RPQNMLQKJHOFFCE28CC,瑞崗段四小段,10.34,都市：住,,,,02770000
RPQNMLQKJHOFFCE28CC,瑞崗段六小段,4.54,都市：住,,,,12510000
RPSNMLQKJHOFFCE48CC,籬子內段崗山子小段,6.08,都市：住,,,,15250000
RPOOMLQKJHOFFCE18CC,二橋段,1400.00,都市：工,,,,12950000
RPWNMLQKJHOFFBE78CC,新興段四小段,36.56,都市：商,,,,15110000
RPOQMLRKJHOFFCE48CC,鎮昌段,.00,都市：住,,,,02880000
RPVNMLQKJHOFFCE78CC,光華段,15.41,都市：住,,,,02150000
RPVNMLQKJHOFFCE78CC,光華段,.78,都市：住,,,,02230000
RPXNMLQKJHOFFBE88CC,五塊厝段,26.95,都市：商,,,,16050000
RPXNMLQKJHOFFBE88CC,五塊厝段,4.08,都市：住,,,,16050002
RPSNMLRKJHOFFAE38CC,龍華段八小段,720.00,都市：商,,,,22510001
RPSNMLRKJHOFFAE38CC,龍華段八小段,522.00,都市：商,,,,22520001
RPTNMLRKJHOFFAE48CC,龍中段,541.49,都市：商,,,,00830001
RPPPMLRKJHOFFCE48CC,獅甲段,15.20,都市：住,,,,01600002
RPQOMLRKJHOFFAE28CC,青海段,15.44,都市：住,,,,02620000
RPTNMLRKJHOFFBE58CC,正昌段,43.67,都市：住,,,,03340000
RPPOMLRKJHOFFAE18CC,北金段,.00,都市：商,,,,03210000
RPQNMLRKJHOFFBE28CC,林德官段,82.00,都市：商,,,,11410015
RPQNMLRKJHOFFBE28CC,林德官段,82.00,都市：商,,,,11410016
RPXNMLRKJHOFFAE88CC,龍華段八小段,.00,都市：商,,,,22830000
RPVNMLRKJHOFFBE78CC,意誠段,.00,都市：商,,,,01990000
RPROMLRKJHOFFBE48CC,五塊厝段,109.30,都市：住,,,,15620000
RPUNMLRKJHOFFBE68CC,正福段,21.33,都市：住,,,,03790000
RPOPMLRKJHOFFDE48CC,德北段,10.23,都市：住,,,,00170000
RPOOMLRKJHOFFBE18CC,新興段四小段,5.16,都市：商,,,,11980000
RPWNMLRKJHOFFLE27CC,林園段,.00,都市：商,,,,10180000
RPXNMLRKJHOFFLE37CC,琉球段,101.56,都市：住,,,,12960000
RPXNMLRKJHOFFLE37CC,琉球段,21.40,都市：住,,,,12960004
RPUNMLRKJHOFFDE88CC,鼎盛段,141.63,都市：農,,,,01600000
RPXNMLRKJHOFFGE86CC,鳳甲段,19.79,都市：住,,,,02480023
RPXNMLRKJHOFFGE86CC,鳳甲段,48.00,都市：住,,,,02480032
RPVNMLRKJHOFFIE86CC,豐禾段,68.47,都市：住,,,,11910034
RPQOMLRKJHOFFIE09CC,松埔段,2267.74,都市：農,,,,10380000
RPPOMLRKJHOFFEE58CC,福山段,17.27,都市：商,,,,02910000
RPVNMLSKJHOFFEE56CC,新庄段六小段,12.77,都市：住,,,,09130000
RPTNMLSKJHOFFEE98CC,新庄段三小段,.00,都市：住,,,,11840000
RPUOMLRKJHOFFEE09CC,新庄段八小段,13.22,都市：住,,,,01810000
RPUNMLRKJHOFFEE98CC,福山段,394.88,都市：住,,,,01770001
RPQNMLSKJHOFFEE68CC,新庄段二小段,27.91,都市：商,,,,07920000
RPQOMLPKJHOFFEE48CC,新庄段十三小段,8.21,都市：商,,,,14450000
RPQOMLTKJHOFFCE68CC,光華段,.00,非都市： ; 非都市編定：,,,,05590004
RPTNMLSKJHOFFBE68CC,過田子段,.00,都市：商,,,,11360000
RPUNMLTKJHOFFCE98CC,店鎮段二小段,9.15,都市：住,,,,29400000
RPTNMLTKJHOFFBE78CC,正文段,63.43,都市：住,,,,04910000
RPQNMLTKJHOFFBE48CC,新興段二小段,3.38,都市：商,,,,16080000
RPUNMLTKJHOFFGE76CC,新甲段,41.33,都市：住,,,,11590031
RPUNMLTKJHOFFGE76CC,新甲段,1.66,都市：住,,,,11540014
RPUNMLTKJHOFFIE96CC,草潭段,105.56,都市：住,,,,12010000
RPSPMLLLJHOFFEE48CC,左西段,129.00,都市：住,,,,09510000
RPUNMLTKJHOFFEE56CC,新博段,73.73,都市：住,,,,00230002
RPTPMLLLJHOFFEE58CC,新庄段三小段,.00,都市：住,,,,11840000
RPVOMLSKJHOFFEE66CC,右昌段六小段,.00,都市：住,,,,16260000
RPWPMLLLJHOFFEE88CC,新庄段三小段,.00,都市：住,,,,11840000
RPSRMLLLJHOFFEE68CC,福山段,.00,都市：商,,,,03240000
RPXPMLLLJHOFFEE98CC,新福段七小段,11.08,都市：住,,,,00050000
RPWOMLLLJHOFFBE48CC,過田子段,.00,都市：商,,,,06010000
RPWOMLLLJHOFFBE48CC,過田子段,.00,都市：商,,,,06000000
RPXOMLLLJHOFFBE58CC,新興段四小段,21.26,都市：商,,,,07490000
RPUOMLLLJHOFFCE38CC,憲德段二小段,.00,都市：商,,,,00200000
RPWNMLLLJHOFFDE58CC,大順段,12.00,都市：住,,,,03070001
RPWNMLLLJHOFFDE58CC,大順段,3.90,都市：商,,,,03070000
RPRNMLSKJHOFFDE68CC,鼎山段,26.49,都市：住,,,,05800000
RPPNMLSKJHOFFDE48CC,獅頭段,8.73,都市：住,,,,27390000
RPWOMLMLJHOFFCE68CC,愛群段,4.34,都市：商,,,,24590000
RPOOMLSKJHOFFAE18CC,前金段,2.84,都市：商,,,,01080005
RPPOMLSKJHOFFAE28CC,前金段,2.84,都市：商,,,,01080005
RPVNMLSKJHOFFAE78CC,龍華段八小段,23.14,都市：商,,,,22510000
RPWNMLMLJHOFFBE48CC,新興段二小段,.00,都市：商,,,,04470000
RPQOMLMLJHOFFBE97CC,成功段,.00,都市：商,,,,07080000
RPOOMLMLJHOFFBE77CC,林德官段,3.26,都市：商,,,,11430002
RPVOMLMLJHOFFBE48CC,新興段一小段,6.80,都市：商,,,,05670000
RPVOMLMLJHOFFBE48CC,新興段一小段,.64,都市：商,,,,05680000
RPXNMLMLJHOFFDE78CC,大順段,.00,都市：住,,,,06780000
RPSPMLMLJHOFFDE48CC,澄義段,94.35,都市：住,,,,01560000
RPWOMLMLJHOFFEE88CC,楠都段三小段,.00,都市：住,,,,06020000
RPUNMLMLJHOFFGE78CC,七老爺段一甲小段,64.00,都市：住,,,,12320043
RPSNMLMLJHOFFGE58CC,竹子腳段,58.00,都市：商,,,,02720067
RPWNMLMLJHOFFIE56CC,澄清段,730.00,都市：住,,,,00600004
RPTPMLMLJHOFFEE68CC,清楠段,91.51,都市：其他:空白,,,,00010023
RPRNMLMLJHOFFIE78DC,新後港西段,92.33,都市：住,,,,00690006
RPQOMLNLJHOFFEE38CC,新庄段十三小段,.00,都市：商,,,,15310000
RPQOMLNLJHOFFEE38CC,新庄段十三小段,.00,都市：商,,,,15330000
RPSNMLNLJHOFFFE58CC,新莊段,1611.15,非都市：一般農業區 ; 非都市編定：農牧用地,,,,06510000
RPSNMLNLJHOFFFE58CC,新莊段,1634.43,非都市：一般農業區 ; 非都市編定：農牧用地,,,,06520000
RPWOMLNLJHOFFEE98CC,清豐段,.00,都市：住,,,,02270520
RPRPMLNLJHOFFEE58CC,新民段,.00,都市：住,,,,03980000
RPQPMLNLJHOFFEE48CC,新庄段七小段,90.00,都市：住,,,,07130000
RPOPMLNLJHOFFEE28CC,清豐段,.00,都市：住,,,,01940001
RPXOMLNLJHOFFEE09CC,新庄段七小段,90.00,都市：住,,,,07130000
RPQOMLNLJHOFFDE28CC,獅頭段一小段,.00,都市：商,,,,16110000
RPXOMLNLJHOFFDE98CC,鼎泰段,.00,都市：住,,,,14630000
RPROMLNLJHOFFDE38CC,獅頭段一小段,.00,都市：商,,,,16110000
RPSOMLNLJHOFFDE48CC,獅頭段一小段,.00,都市：商,,,,16110000
RPSPMLNLJHOFFDE58CC,大港段三小段,.00,都市：住,,,,07450000
RPPOMLNLJHOFFBE97CC,成功段,3.83,都市：商,,,,02990000
RPROMLNLJHOFFBE18CC,成功段,15.22,都市：商,,,,00590000
RPUOMLNLJHOFFBE48CC,苓洲段,.00,都市：商,,,,16260000
RPXOMLNLJHOFFBE78CC,林德官段二小段,.00,都市：住,,,,34010000
RPXOMLNLJHOFFBE78CC,林德官段二小段,.00,都市：住,,,,34000000
RPUOMLNLJHOFFCE58CC,愛群段,6.77,都市：住,,,,23940000
RPVOMLNLJHOFFCE68CC,憲德段二小段,17.56,都市：住,,,,00260004
RPWOMLNLJHOFFCE78CC,獅甲段,.97,都市：住,,,,03310000
RPWOMLNLJHOFFCE78CC,獅甲段,.31,都市：住,,,,03300000
RPXOMLNLJHOFFCE88CC,獅甲段二小段,18.44,都市：住,,,,05580000
RPUNMLOLJHOFFCE58CC,光華段,315.00,都市：商,,,,03920000
RPWNMLOLJHOFFCE78CC,愛群段,15.03,都市：住,,,,23940000
RPUOMLOLJHOFFCE68CC,憲德段二小段,.00,都市：商,,,,00260001
RPVNMLOLJHOFFBE58CC,過田子段,128.00,都市：商,,,,04780000
RPPPMLMLJHOFFAE87CC,前金段,14.30,都市：商,,,,00840010
RPOOMLNLJHOFFAE77CC,博孝段,5.15,都市：住,,,,05360000
RPUOMLMLJHOFFAE28CC,博孝段,.00,都市：商,,,,14040000
RPQOMLNLJHOFFAE97CC,內惟段一小段,.00,都市：住,,,,06540000
RPQOMLMLJHOFFAE87CC,龍中段,33.52,都市：住,,,,01980000
RPROMLOLJHOFFBE28CC,林德官段一小段,14.52,都市：商,,,,33120000
RPSPMLMLJHOFFAE18CC,青海段,26.13,都市：住,,,,00850000
RPSOMLLLJHOFFAE97CC,前金段,8.63,都市：商,,,,00580016
RPXOMLSKJHOFFAE09CC,龍中段,15.49,都市：商,,,,01490000
RPUNMLOLJHOFFDE68CC,鼎泰段,121.43,都市：住,,,,14540010
RPTPMLPLJHOFFIE76CC,仁德段,146.00,都市：其他:空白,,,,00410045
RPUNMLPLJHOFFFE98CC,文化段,.00,都市：住,,,,06390000
RPQOMLOLJHOFFIE88CC,仁新段,2314.00,都市：農,,,,05890000
RPQOMLOLJHOFFIE88CC,仁新段,148.00,都市：農,,,,05900000
RPXOMLOLJHOFFGE76CC,牛潮埔段,1497.00,都市：工,,,,10920000
RPROMLOLJHOFFGE78CC,曹公段,575.27,都市：農,,,,02970059
RPUNMLOLJHOFFGE98CC,大貝湖段,.00,非都市： ; 非都市編定：,,,,01170006
RPWOMLOLJHOFFDE98CC,金獅段,997.63,都市：住,,,,01010000
RPQPMLOLJHOFFGE78CC,七老爺段,56.00,都市：住,,,,12280018
RPTOMLPLJHOFFEE88CC,福民段,.00,都市：住,,,,01280000
RPVPMLPLJHOFFEE56CC,新庄段一小段,7.78,都市：住,,,,07550000
RPVPMLPLJHOFFDE09CC,大港段六小段,58.00,都市：商,,,,05610036
RPSOMLPLJHOFFDE68CC,覆鼎金段覆鼎金一小段,.00,都市：住,,,,06280010
RPSOMLPLJHOFFEE78CC,新庄段十三小段,.00,都市：商,,,,15310000
RPSOMLPLJHOFFEE78CC,新庄段十三小段,.00,都市：商,,,,15330000
RPSNMLPLJHOFFCE48CC,桂林段,58.00,都市：住,,,,06910000
RPOPMLPLJHOFFDE38CC,大港段二小段,113.00,都市：住,,,,16910000
RPOOMLPLJHOFFBE08CC,正言段,.00,都市：商,,,,03090000
RPPNMLQLJHOFFEE48CC,新庄段十三小段,8.21,都市：商,,,,14450000
RPVOMLSLJHOFFDE66CC,大港段,37.00,都市：商,,,,34690000
RPVOMLSLJHOFFDE66CC,大港段,44.00,都市：住,,,,34690003
RPTNMLQLJHOFFGE09CC,新甲段,26.00,都市：住,,,,13480021
RPUOMLSLJHOFFGE86CC,鳳甲段,4179.94,都市：住,,,,00680000
RPPRMLSLJHOFFEE09CC,新庄段五小段,.00,都市：住,,,,14910000
RPOQMLSLJHOFFCE68CC,愛群段,11.43,都市：商,,,,26470000
RPTNMLSLJHOFFBE78CC,意誠段,5.42,都市：商,,,,01990000
RPSPMLSLJHOFFCE98CC,瑞隆段二小段,96.00,都市：商,,,,04480010
RPVNMLSLJHOFFBE98CC,武聖段,24.70,都市：住,,,,15850000
RPOOMLSLJHOFFBE38CC,正福段,74.90,都市：商,,,,06230000
RPOOMLSLJHOFFBE38CC,正福段,74.46,都市：商,,,,06220000
RPOOMLSLJHOFFBE38CC,正福段,74.76,都市：商,,,,06210000
RPWNMLSLJHOFFBE09CC,大統段一小段,.00,都市：商,,,,00060000
RPWOMLSLJHOFFBE56CC,過田子段,19.80,都市：商,,,,08190000
RPXOMLSLJHOFFBE66CC,林德官段二小段,58.89,都市：商,,,,34120000
RPQOMLSLJHOFFFE98CC,白米段,515.00,非都市：一般農業區 ; 非都市編定：農牧用地,,,,01890002
RPSNMLSLJHOFFAE58CC,前金段,5.71,都市：商,,,,00930004
RPTNMLQLJHOFFAE48CC,龍華段八小段,5.23,都市：商,,,,22380000
RPXNMLPLJHOFFAE78CC,前金段,138.00,都市：商,,,,01320008
RPXNMLPLJHOFFAE78CC,前金段,127.00,都市：商,,,,01320044
RPTOMLSLJHOFFAE78CC,前金段,380.54,都市：商,,,,00700000
RPXQMLTLJHOFFLE97CC,山子頂段,.00,都市：住,,,,31810047
RPXPMLSLJHOFFBE76CC,新興段四小段,18.50,都市：商,,,,17840000
RPXNMLOLJHOFFAE68CC,博孝段,3.35,都市：住,,,,02780000
RPXNMLOLJHOFFAE68CC,博孝段,5.66,都市：住,,,,02780001
RPXNMLOLJHOFFAE68CC,博孝段,14.11,都市：住,,,,02510000
RPPNMLQLJHOFFAE08CC,青海段,24.61,都市：住,,,,04060000
RPOPMLSLJHOFFBE48CC,林德官段二小段,31.15,都市：住,,,,33590000
RPTNMLTLJHOFFDE09CC,獅頭段,84.10,都市：商,,,,26400000
RPWNMLTLJHOFFBE56CC,意誠段,.26,都市：商,,,,07630001
RPTPMLTLJHOFFAE98CC,龍中段,.00,都市：商,,,,01030000
RPVNMLTLJHOFFDE66CC,覆鼎金段覆鼎金小段,45.85,都市：住,,,,15140000
RPOPMLTLJHOFFDE78CC,獅頭段一小段,.00,都市：商,,,,16840000
RPQOMLTLJHOFFGE56CC,文福段,22.04,都市：住,,,,00090000
RPVOMLKMJHOFFGE88CC,七老爺段,7.94,都市：住,,,,03670000
RPXOMLTLJHOFFDE96CC,大港段四小段,16.16,都市：商,,,,32000000
RPXNMLKMJHOFFGE98CC,鳳山段草店尾小段,5.00,都市：商,,,,01890011
RPXNMLKMJHOFFGE98CC,鳳山段草店尾小段,59.00,都市：商,,,,01890004
RPOOMLKMJHOFFDE87CC,灣子內段寶珠溝小段,40.60,都市：商,,,,07530004
RPTNMLKMJHOFFDE28CC,獅頭段,3.79,都市：商,,,,22490000
RPUNMLKMJHOFFAE08CC,龍華段八小段,9.18,都市：商,,,,24200000
RPSNMLKMJHOFFBE97CC,新興段一小段,23.55,都市：商,,,,11340000
RPOOMLKMJHOFFBE67CC,新興段一小段,.00,都市：商,,,,20240000
RPVNMLKMJHOFFEE58CC,新庄段十三小段,2.29,都市：商,,,,14930000
RPPOMLKMJHOFFBE77CC,意誠段,.00,都市：商,,,,01990000
RPQOMLKMJHOFFBE87CC,意誠段,.00,都市：商,,,,01990000
RPTOMLKMJHOFFBE18CC,意誠段,.00,都市：商,,,,01990000
RPUOMLKMJHOFFBE28CC,意誠段,.00,都市：商,,,,01990000
RPROMLKMJHOFFLE98CC,大寮段二小段,729.00,都市：工,,,,11510018
RPROMLKMJHOFFLE98CC,大寮段二小段,909.00,都市：工,,,,11510000
RPWOMLKMJHOFFBE48CC,意誠段,.00,都市：商,,,,01990000
RPPNMLLMJHOFFIE48CC,新後港西段,1205.37,都市：住,,,,01240000
RPTOMLLMJHOFFIE98CC,仁義段,14825.13,非都市：山坡地保育區 ; 非都市編定：農牧用地,,,,09910000
RPROMLLMJHOFFBE08CC,過田子段,.00,都市：商,,,,11360000
RPVOMLLMJHOFFIE56CC,興農段,182.00,都市：住,,,,06370002
RPXNMLLMJHOFFBE58CC,過田子段,73.00,都市：商,,,,06100000
RPUNMLLMJHOFFAE18CC,青海段,16.07,都市：住,,,,06430000
RPPPMLLMJHOFFBE97CC,過田子段,32.05,都市：商,,,,11070000
RPSPMLLMJHOFFAE18CC,前金段,.00,都市：住,,,,04210005
RPPPMLLMJHOFFGE48CC,福誠段,20.35,都市：住,,,,00240000
RPOPMLLMJHOFFAE77CC,鼓中段五小段,16.12,都市：住,,,,03270000
RPOPMLLMJHOFFAE77CC,鼓中段五小段,4.89,都市：商,,,,03270005
RPPNMLLJKHOFFGE08CC,大貝湖段,.00,都市：住,,,,01330000
RPXPMLLJKHOFFGE09CC,牛潮埔段,421.00,都市：工,,,,11180000
RPXPMLLJKHOFFGE09CC,牛潮埔段,236.00,都市：工,,,,05390021
RPPNMLLJKHOFFDE77CC,大港段三小段,.00,都市：商,,,,07600019
RPQNMLLJKHOFFDE87CC,大順段,.00,都市：住,,,,03240000
RPQNMLLJKHOFFDE87CC,大順段,.00,都市：住,,,,03230000
RPRNMLLJKHOFFDE97CC,大港段,26.65,都市：住,,,,35900000
RPWOMLTLJHOFFCE76CC,瑞隆段二小段,76.00,都市：商,,,,05970000
RPQPMLTLJHOFFCE88CC,佛公段,.00,都市：住,,,,05320000
RPQPMLTLJHOFFCE88CC,佛公段,.00,都市：住,,,,05330000
RPROMLTLJHOFFCE88CC,高鳳段,61.00,都市：住,,,,08730000
RPROMLTLJHOFFCE88CC,高鳳段,68.00,都市：住,,,,08740000
RPSNMLLMJHOFFCE18CC,愛群段,9.06,都市：商,,,,01980000
RPSNMLLMJHOFFCE18CC,愛群段,15.30,都市：住,,,,02020000
RPVNMLLJKHOFFDE38CC,大港段四小段,87.00,都市：商,,,,30040000
RPVNMLLJKHOFFDE38CC,大港段四小段,72.00,都市：商,,,,30060000
RPVNMLLJKHOFFDE38CC,大港段四小段,72.00,都市：商,,,,30070000
RPVNMLLJKHOFFDE38CC,大港段四小段,72.00,都市：商,,,,30080000
RPQOMLLJKHOFFAE67CC,前金段,8.63,都市：商,,,,00580016
RPUNMLLJKHOFFBE08CC,五塊厝段,.00,都市：商,,,,20920000
RPUNMLLJKHOFFBE08CC,五塊厝段,.00,都市：商,,,,20930000
RPOQMLLJKHOFFGE38DC,頂新段,13.96,都市：商,,,,00320000
RPPNMLLJKHOFFBE57CC,大統段一小段,.00,都市：商,,,,10900000
RPPNMLLJKHOFFBE57CC,大統段一小段,.00,都市：其他:道路用地,,,,10950001
RPSNMLLJKHOFFLE98DC,山子頂段,62.00,都市：商,,,,24610006
RPSNMLLJKHOFFLE98DC,山子頂段,7.00,都市：其他:,,,,24610036
RPTPMLKMJHOFFEE58CC,高昌段,213.97,都市：住,,,,06410000
RPTQMLKMJHOFFEE68CC,新民段,.00,都市：商,,,,01810000
