﻿編號,土地位置,土地移轉面積(平方公尺),使用分區或編定,權利人持分分母,權利人持分分子,移轉情形,地號
The serial number, land position,land shifting area square meter,the use zoning or compiles and checks,,,,land parcel
RPSOMLMKJINFFGF68CC,光華段,.00,都市：住,,,,01890000
RPUNMLMKJINFFGF78CC,菜寮段,.00,都市：住,,,,07040000
RPRNMLLKJINFFEF18CC,公司田段,17.56,都市：住,,,,01920000
RPSNMLLKJINFFEF28CC,新興段,.06,都市：住,,,,05930000
RPSNMLLKJINFFEF28CC,新興段,22.76,都市：住,,,,05980000
RPQNMLLKJINFFEF08CC,公司田段,19.13,都市：住,,,,01880000
RPUQMLMKJINFFBF58CC,中誠段,23.51,都市：住,,,,07860000
RPWNMLMKJINFFBF48CC,副都心段一小段,.00,都市：住,,,,01250000
RPQPMLMKJINFFBF08CC,陸光段,.00,都市：住,,,,03330000
RPRQMLMKJINFFEF58CC,新市段,.00,非都市： ; 非都市編定：,,,,01450000
RPPOMLMKJINFFEF18CC,新市段,7.85,都市：住,,,,01450001
RPPQMLMKJINFFEF38CC,新市段,.00,都市：住,,,,00120000
RPVQMLMKJINFFBF68CC,自立段,7.05,都市：住,,,,04770000
RPVOMLMKJINFFBF48CC,建林段,24.15,都市：住,,,,02980000
RPQPMLMKJINFFEF38CC,新興段,30.87,都市：住,,,,08840000
RPTOMLMKJINFFAF18CC,成功段,.00,都市：住,,,,03390000
RPOPMLMKJINFFDF08CC,智興段,.00,都市：住,,,,02650000
RPOPMLMKJINFFDF08CC,智興段,.00,都市：其他:道路用地,,,,02650001
RPUNMLMKJINFFCF38CC,中正段,.00,都市：住,,,,09530000
RPSNMLMKJINFFIF78CC,大埔段二鬮小段,43.97,非都市：山坡地保育區 ; 非都市編定：丙種建築用地,,,,00310000
RPSNMLMKJINFFIF78CC,大埔段二鬮小段,.77,非都市：山坡地保育區 ; 非都市編定：水利用地,,,,00420001
RPSNMLMKJINFFIF78CC,大埔段二鬮小段,.13,非都市：山坡地保育區 ; 非都市編定：林業用地,,,,00420002
RPTNMLMKJINFFIF88CC,介壽段,30.00,都市：住,,,,00200006
RPQOMLMKJINFFAF08EC,中山段,20.50,都市：住,,,,02650001
RPUNMLMKJINFFHF88CC,大同段,16.00,都市：住,,,,02200000
RPTOMLMKJINFFHF88CC,雙和段,2045.99,都市：商,,,,06370000
RPTOMLMKJINFFHF88CC,雙和段,404.33,都市：住,,,,06680000
RPTOMLNKJINFFIF09CC,大學段二小段,.00,都市：住,,,,00740000
RPRNMLNKJINFFCF18CC,玫瑰段,.00,都市：其他:已開發建築密集地區,,,,00330000
RPQNMLNKJINFFHF58CC,永平段,53.24,都市：住,,,,00430000
RPWPMLNKJINFFHF76CC,東南段,.00,都市：住,,,,03460000
RPXOMLNKJINFFHF76CC,大智段,.00,都市：住,,,,02130000
RPRQMLNKJINFFHF98CC,大智段,.00,都市：住,,,,00680000
RPQQMLNKJINFFHF88CC,永安段,.00,都市：商,,,,08320000
RPQQMLNKJINFFHF88CC,永安段,.00,都市：商,,,,08330000
RPQQMLNKJINFFHF88CC,永安段,.00,都市：商,,,,08370000
RPOOMLNKJINFFDF08CC,智興段,.00,都市：住,,,,00410000
RPVRMLMKJINFFBF88DC,建林段,.00,都市：住,,,,02910000
RPVRMLNKJINFFAF78CC,亞東段,.00,都市：住,,,,08090000
RPUOMLMKJINFFAF28CC,文化段,3.35,都市：住,,,,11980000
RPSRMLNKJINFFAF48CC,港子嘴段,.00,都市：住,,,,01740113
RPXRMLNKJINFFAF98CC,江子翠段第三崁小段,.00,都市：住,,,,02920034
RPWSMLMKJINFFBF98CC,建林段,17.62,都市：住,,,,02690000
RPSSMLMKJINFFBF58CC,力行段,22.44,都市：商,,,,02590002
RPPRMLMKJINFFBF18CC,榮富段,21.40,都市：住,,,,09390000
RPUSMLMKJINFFBF78CC,副都心段一小段,33.86,都市：商,,,,04020000
RPORMLMKJINFFBF08CC,中原段,30.16,都市：住,,,,00290000
RPXQMLMKJINFFBF88CC,中原段,34.31,都市：住,,,,01030000
RPORMLOKJINFFEF58CC,中山段,.00,都市：住,,,,10900000
RPRSMLNKJINFFEF88CC,新市段,.00,都市：住,,,,00530000
RPQRMLNKJINFFEF68CC,新市段,.00,都市：住,,,,02040000
RPPRMLOKJINFFEF68CC,新市段,.00,都市：住,,,,00350000
RPQRMLOKJINFFEF78CC,仁愛段,.00,都市：商,,,,01440000
RPXNMLOKJINFFDF98CC,建成段,13.82,都市：住,,,,04290000
RPPNMLOKJINFFHF58CC,大同段,.00,都市：住,,,,02220000
RPSQMLNKJINFFHF09CC,景平段,.00,都市：商,,,,01820000
RPSQMLNKJINFFHF09CC,景平段,.00,都市：商,,,,01830000
RPVRMLNKJINFFBF88CC,豐年段,.00,都市：住,,,,08890000
RPSNMLOKJINFFHF88CC,南山段,25.94,都市：住,,,,00770000
RPRSMLNKJINFFBF58CC,麗林段,.00,都市：住,,,,07150000
RPUPMLOKJINFFBF68CC,新林段,153.11,都市：住,,,,10870000
RPPQMLNKJINFFBF18CC,副都心段一小段,.00,都市：商,,,,00520000
RPTNMLOKJINFFHF98CC,南山段,.00,都市：其他:,,,,08540000
RPPOMLNKJINFFBF97CC,國宅段,26.23,都市：住,,,,00950003
RPSQMLNKJINFFBF48CC,建林段,.00,都市：住,,,,03700000
RPVOMLOKJINFFBF68CC,力行段,13.99,都市：住,,,,09590000
RPXQMLNKJINFFBF98CC,力行段,8.41,都市：住,,,,10250000
RPSOMLOKJINFFHF98CC,圓通段,.00,都市：住,,,,07070000
RPPNMLPKJINFFHF68CC,廟美段,.00,都市：住,,,,00200000
RPPNMLPKJINFFHF68CC,廟美段,.00,都市：其他:( 道路用地 ),,,,00200001
RPQOMLOKJINFFHF78CC,永安段,.00,都市：住,,,,01970000
RPXPMLPKJINFFAF09DC,民族段,28.54,都市：商,,,,01830001
RPXOMLPKJINFFHF96CC,大仁段,.00,都市：住,,,,05800000
RPXNMLOKJINFFCF88CC,寶橋段,3892.30,都市：工,,,,05270000
RPSPMLPKJINFFAF48CC,重慶段,.00,都市：住,,,,10190000
RPUNMLPKJINFFHF56CC,永利段,49.64,都市：住,,,,00330000
RPUPMLPKJINFFGF66CC,重新段壹小段,.00,都市：商,,,,00660012
RPTOMLPKJINFFEF88CC,公司田段,.00,都市：住,,,,00390001
RPVPMLPKJINFFAF78CC,運校段,.00,都市：住,,,,06720000
RPXNMLQKJINFFEF66CC,鄧公段,5.74,都市：住,,,,03090000
RPRQMLQKJINFFEF98CC,公司田段,23.16,都市：住,,,,00580000
RPTRMLQKJINFFEF66CC,新市段,8.44,都市：商,,,,01450001
RPSOMLQKJINFFHF56CC,復興段,.00,都市：住,,,,01620000
RPPNMLQKJINFFHF78CC,安平段,.00,都市：住,,,,06960000
RPTOMLQKJINFFHF66CC,保健段,.00,都市：住,,,,06100000
RPVOMLQKJINFFHF86CC,瓦?段,.00,都市：住,,,,00490000
RPSOMLPKJINFFCF58CC,寶強段,.00,都市：住,,,,00440000
RPPPMLQKJINFFCF48CC,復興段,.00,都市：工,,,,05210000
RPUOMLOKJINFFCF68CC,香坡段,11.88,非都市：山坡地保育區 ; 非都市編定：丙種建築用地,,,,06050000
RPUOMLOKJINFFCF68CC,香坡段,.85,非都市：山坡地保育區 ; 非都市編定：遊憩用地,,,,06100000
RPUOMLOKJINFFCF68CC,香坡段,12.89,非都市：山坡地保育區 ; 非都市編定：遊憩用地,,,,06040000
RPUOMLOKJINFFCF68CC,香坡段,74.54,非都市：山坡地保育區 ; 非都市編定：林業用地,,,,06010000
RPUOMLOKJINFFCF68CC,香坡段,9.29,非都市：山坡地保育區 ; 非都市編定：林業用地,,,,05420000
RPUOMLOKJINFFCF68CC,香坡段,.76,非都市：山坡地保育區 ; 非都市編定：遊憩用地,,,,05410000
RPUOMLOKJINFFCF68CC,香坡段,2.59,非都市：山坡地保育區 ; 非都市編定：林業用地,,,,05380000
RPUOMLOKJINFFCF68CC,香坡段,1.74,非都市：山坡地保育區 ; 非都市編定：林業用地,,,,04980000
RPUOMLOKJINFFCF68CC,香坡段,18.66,非都市：山坡地保育區 ; 非都市編定：林業用地,,,,04740000
RPUOMLOKJINFFCF68CC,香坡段,88.53,非都市：山坡地保育區 ; 非都市編定：丙種建築用地,,,,04760000
RPPNMLQKJINFFCF28CC,中華段,.00,都市：住,,,,03610000
RPPNMLPKJINFFCF18CC,中正段,.00,都市：住,,,,01880000
RPPOMLQKJINFFIF98CC,武林段,16.67,都市：住,,,,03950000
RPSNMLRKJINFFEF88CC,海天段,15.92,都市：住,,,,02740000
RPWPMLQKJINFFCF56CC,大豐段,.00,都市：住,,,,00790000
RPQNMLRKJINFFEF68CC,海天段,8.96,都市：住,,,,05480000
RPPNMLQKJINFFBF18CC,中原段,.00,都市：住,,,,00840000
RPOTMLPKJINFFBF58CC,自立段,.00,都市：商,,,,11230000
RPWOMLQKJINFFBF98CC,建林段,17.08,都市：住,,,,03480000
RPRNMLPKJINFFBF28CC,榮富段,28.80,都市：住,,,,07520000
RPPNMLTKJINFFAF38CC,信義段,.00,都市：住,,,,07860000
RPPPMLQKJINFFHF98CC,信和段,.00,都市：住,,,,00470000
RPWPMLTKJINFFAF66CC,大安段,433.19,都市：其他:排水溝用地,,,,06000000
RPTNMLTKJINFFDF09CC,工建段,31.33,都市：工,,,,06730000
RPTNMLTKJINFFDF09CC,工建段,31.33,都市：工,,,,06730000
RPPOMLTKJINFFDF78CC,昊天段,.00,都市：住,,,,11000000
RPPOMLTKJINFFDF78CC,昊天段,.00,都市：住,,,,11650003
RPPOMLTKJINFFDF78CC,昊天段,.00,都市：其他:道路用地,,,,11650004
RPSNMLTKJINFFDF98CC,智興段,.00,都市：住,,,,01040000
RPUNMLTKJINFFDF56CC,同新段,34.87,都市：工,,,,00130000
RPUNMLTKJINFFDF56CC,同新段,.02,都市：工,,,,00130001
RPUNMLTKJINFFDF56CC,同新段,.00,都市：工,,,,00130002
RPQOMLTKJINFFDF88CC,北山段,56.06,都市：住,,,,05280000
RPSOMLTKJINFFDF09CC,工建段,180.25,都市：工,,,,01040000
RPSOMLTKJINFFDF09CC,工建段,153.34,都市：工,,,,01040000
RPUOMLTKJINFFDF66CC,工建段,64.15,都市：工,,,,03300000
RPXOMLTKJINFFDF96CC,智興段,.00,都市：住,,,,01040000
RPVOMLTKJINFFDF76CC,同新段,13.23,都市：工,,,,00130000
RPVPMLTKJINFFEF96CC,公司田段,27.32,都市：住,,,,00890000
RPVRMLTKJINFFEF17CC,新市段,10.57,都市：住,,,,01450001
RPSPMLTKJINFFEF66CC,公司田段,31.22,都市：住,,,,00200000
RPXPMLTKJINFFEF17CC,鄧公段,40.57,都市：住,,,,04550000
RPRPMLTKJINFFGF76CC,碧華段,.00,都市：工,,,,06080003
RPPNMLTKJINFFHF09CC,復興段,.00,都市：商,,,,09150000
RPPNMLTKJINFFHF09CC,復興段,.00,都市：住,,,,09160000
RPPNMLTKJINFFCF58CC,惠國段,.00,都市：住,,,,04780000
RPPOMLTKJINFFHF56CC,福祥段,.00,都市：住,,,,04010000
RPPOMLTKJINFFHF56CC,福祥段,.00,都市：商,,,,04090000
RPPOMLTKJINFFHF56CC,福祥段,.00,都市：住,,,,04090001
RPOOMLTKJINFFHF09CC,華福段,.00,都市：住,,,,01680000
RPROMLTKJINFFHF76CC,安平段,.00,都市：住,,,,06960000
RPSOMLKLJINFFCF18CC,明德段,.00,都市：住,,,,07780000
RPSOMLKLJINFFCF18CC,明德段,.00,都市：住,,,,07780001
RPRNMLKLJINFFHF48CC,保平段,.00,都市：住,,,,06480000
RPRNMLKLJINFFHF48CC,保平段,.00,都市：商,,,,06480001
RPQNMLKLJINFFCF87CC,惠國段,.00,都市：住,,,,00730000
RPPPMLKLJINFFCF97CC,寶強段,485.44,都市：其他:捷運系統用地,,,,00940000
RPPPMLKLJINFFCF97CC,寶強段,3.02,都市：住,,,,00930000
RPRNMLKLJINFFAF97EC,忠孝段,46.98,都市：住,,,,04580000
RPRNMLKLJINFFGF38CC,長樂段,.00,都市：商,,,,04480000
RPRNMLKLJINFFGF38CC,長樂段,.00,都市：其他:道路用地,,,,04480001
RPTNMLKLJINFFEF38CC,公司田段,33.06,都市：住,,,,00800000
RPVNMLKLJINFFEF58CC,公司田段,27.64,都市：住,,,,00050000
RPUNMLKLJINFFEF48CC,新興段,.00,都市：住,,,,03020000
RPOOMLKLJINFFEF97CC,新興段,32.32,都市：住,,,,04630000
RPRPMLKLJINFFDF28CC,福德段,.00,都市：商,,,,11390000
RPTOMLKLJINFFAF08CC,學成段,.00,都市：住,,,,07850000
RPUQMLKLJINFFAF38CC,力行段,.00,都市：住,,,,04080004
RPTPMLTKJINFFIF17CC,大學段二小段,32.42,都市：商,,,,00940000
RPQOMLQKJINFFIF09CC,備內段,.00,都市：其他:零售市場用地,,,,13030000
RPQOMLQKJINFFIF09CC,樹德段,.00,都市：其他:零售市場用地,,,,15060000
RPUPMLKLJINFFBF38CC,思賢段,.00,都市：住,,,,01570000
RPPNMLKLJINFFBF67CC,中原段,.00,都市：商,,,,01750000
RPOPMLTKJINFFBF58CC,富國段,.00,都市：商,,,,02300000
RPPNMLTKJINFFBF48CC,五股段,.00,都市：住,,,,08990000
RPROMLLLJINFFBF08CC,新工段一小段,.00,非都市：工業區 ; 非都市編定：丁種建築用地,,,,00270000
RPRPMLKLJINFFBF08CC,佳林段,.00,都市：商,,,,11110000
RPSNMLSKJINFFBF68CC,建林段,17.19,都市：住,,,,04890000
RPPPMLTKJINFFBF68CC,國宅段,.00,都市：住,,,,00970001
RPTNMLTKJINFFBF88CC,榮富段,.00,都市：住,,,,09570000
RPXPMLLLJINFFBF78CC,富國段,.00,都市：住,,,,05570000
RPVOMLLLJINFFCF58CC,大豐段,34.44,都市：住,,,,00050000
RPRQMLLLJINFFIF98CC,大學段一小段,16.80,都市：商,,,,00520000
RPXNMLLLJINFFDF78CC,拱北段,38.71,非都市：鄉村區 ; 非都市編定：乙種建築用地,,,,03850000
RPXNMLLLJINFFDF78CC,拱北段,38.71,非都市：鄉村區 ; 非都市編定：乙種建築用地,,,,03850000
RPXNMLLLJINFFDF78CC,拱北段,19.36,非都市：鄉村區 ; 非都市編定：乙種建築用地,,,,03850000
RPXQMLMLJINFFIF07CC,大學段二小段,.00,都市：商,,,,00900000
RPSNMLMLJINFFCF28CC,環河段,.00,都市：住,,,,04750000
RPXOMLMLJINFFHF76CC,四維段,.00,都市：住,,,,02040000
RPWPMLMLJINFFHF76CC,保健段,.00,都市：商,,,,10180000
RPWPMLMLJINFFHF76CC,保健段,.00,都市：住,,,,10170000
RPVOMLMLJINFFHF56CC,大智段,.00,都市：住,,,,09130000
RPTOMLMLJINFFHF98CC,錦和段,.00,都市：住,,,,02250000
RPOPMLMLJINFFHF58CC,福美段,.00,都市：其他:市場用地,,,,05130000
RPUOMLMLJINFFHF09CC,大智段,.00,都市：住,,,,02400000
RPQNMLMLJINFFGF48CC,仁義段,.00,都市：住,,,,02600002
RPWNMLMLJINFFGF09CC,信義段,.00,都市：住,,,,04120000
RPUNMLMLJINFFGF88CC,頂崁段,.00,都市：工,,,,10610000
RPSOMLMLJINFFHF88CC,華中段,53.78,都市：住,,,,00190000
RPUQMLMLJINFFAF58CC,安和段,.00,都市：住,,,,01750000
RPWQMLMLJINFFAF78CC,江子翠段第二崁小段,.00,都市：商,,,,02050000
RPTQMLMLJINFFEF88CC,龍米段,.00,都市：住,,,,07660000
RPTNMLMLJINFFEF58CC,正德段,1.04,都市：住,,,,07470000
RPTNMLMLJINFFEF58CC,正德段,5.99,都市：住,,,,07480000
RPOPMLLLJINFFEF18CC,海天段,.00,都市：住,,,,06530005
RPOPMLLLJINFFEF18CC,海天段,31.45,都市：住,,,,06420000
RPOPMLLLJINFFEF18CC,海天段,.01,都市：住,,,,06530004
RPOPMLLLJINFFEF18CC,海天段,2.37,都市：住,,,,06420003
RPOPMLLLJINFFEF18CC,海天段,.17,都市：住,,,,06530000
RPSNMLLLJINFFEF38CC,公司田段,18.10,都市：住,,,,00890000
RPVPMLNLJINFFAF68CC,樂利段,.00,都市：住,,,,09260000
RPQNMLMLJINFFDF18CC,北山段,10.44,都市：住,,,,10140000
RPQNMLNLJINFFDF28CC,北港段烘內小段,.00,非都市：山坡地保育區 ; 非都市編定：丙種建築用地,,,,03760129
RPXOMLMLJINFFDF98CC,建成段,.00,都市：商,,,,04760000
RPTNMLNLJINFFDF58CC,智興段,.00,都市：住,,,,01040000
RPSOMLNLJINFFBF38CC,福營段,.00,都市：工,,,,08800000
RPXNMLNLJINFFBF78CC,芳洲段,.00,都市：住,,,,01600000
RPUOMLNLJINFFBF58CC,福營段,.00,都市：工,,,,08800000
RPSNMLNLJINFFBF28CC,新工段一小段,.00,非都市：工業區 ; 非都市編定：丁種建築用地,,,,00020000
RPSNMLMLJINFFBF18CC,興化段,175.50,都市：工,,,,06410000
RPSNMLMLJINFFBF18CC,興化段,176.51,都市：工,,,,06420000
RPRNMLNLJINFFBF18CC,忠孝段,25.54,都市：住,,,,08980000
RPPPMLMLJINFFBF08CC,榮富段,.00,都市：住,,,,04360000
RPPPMLMLJINFFBF08CC,榮富段,.00,都市：住,,,,04370000
RPRTMLNLJINFFEF09CC,新市段,10.58,都市：商,,,,01450001
RPSPMLNLJINFFEF78CC,公司田段,7.21,都市：住,,,,00500000
RPUQMLNLJINFFGF66CC,光興段,.00,都市：商,,,,08620000
RPUQMLNLJINFFGF66CC,光興段,.00,都市：住,,,,08620001
RPTQMLNLJINFFGF56CC,信義段,.00,都市：住,,,,01740000
RPPUMLNLJINFFEF98CC,關渡段,.00,都市：住,,,,03280000
RPXTMLNLJINFFEF07CC,公司田段,.00,都市：住,,,,00880001
RPVTMLNLJINFFEF86CC,淡海段,.00,都市：住,,,,00850000
RPWTMLNLJINFFEF96CC,關渡段,.00,都市：住,,,,06680000
RPOUMLNLJINFFEF88CC,海鷗段,.00,都市：住,,,,01760000
RPQPMLNLJINFFCF38CC,復興段,25.12,都市：工,,,,03830000
RPPPMLNLJINFFCF28CC,寶元段,101.77,都市：工,,,,01040000
RPRPMLNLJINFFCF48CC,復興段,.00,都市：工,,,,03730000
RPQNMLOLJINFFGF68CC,安慶段,.00,都市：住,,,,01610000
RPUNMLNLJINFFAF58EC,仁愛段,.00,都市：其他:通訊數位專用區,,,,11990001
RPPNMLOLJINFFBF08CC,建林段,.00,都市：其他:捷運系統用地,,,,03920002
RPXNMLNLJINFFDF98CC,大同段,.00,都市：住,,,,03280000
RPWNMLNLJINFFDF88CC,大同段,.00,都市：住,,,,03280000
RPSPMLQLJINFFBF78CC,瓊泰段,43.72,都市：住,,,,04400000
RPQPMLQLJINFFBF58CC,副都心段五小段,20.74,都市：住,,,,00080000
RPPPMLQLJINFFBF48CC,自強段,28.79,都市：住,,,,01330000
RPRPMLQLJINFFBF68CC,榮富段,28.72,都市：住,,,,07570000
RPOPMLQLJINFFBF38CC,副都心段一小段,9.58,都市：住,,,,03290000
RPWPMLQLJINFFBF56CC,榮富段,16.59,都市：住,,,,08500000
RPTOMLQLJINFFGF66CC,仁愛段,.00,都市：商,,,,17510000
RPUPMLQLJINFFBF98CC,復興段,18.65,都市：住,,,,04520000
RPQQMLQLJINFFBF68CC,民安段,31.83,都市：住,,,,06810000
RPRPMLQLJINFFGF56CC,富貴段,.00,都市：住,,,,02010000
RPRQMLQLJINFFBF78CC,榮富段,14.00,都市：住,,,,08530000
RPVQMLQLJINFFGF07CC,仁興段,18.60,都市：住,,,,12840000
RPXNMLQLJINFFEF76CC,新市段,7.66,都市：商,,,,01450001
RPVOMLQLJINFFEF66CC,新市段,9.82,都市：住,,,,01450001
RPTQMLQLJINFFEF66CC,新市段,10.57,都市：住,,,,01450001
RPTPMLNLJINFFHF56CC,公園段,.00,都市：住,,,,06410000
RPTPMLNLJINFFHF56CC,公園段,.00,都市：商,,,,06410001
RPTPMLNLJINFFHF56CC,公園段,.00,都市：商,,,,06420000
RPWOMLNLJINFFHF76CC,大智段,.00,都市：住,,,,06450000
RPQOMLNLJINFFHF78CC,安樂段,.00,都市：商,,,,12890000
RPOOMLNLJINFFHF58CC,台貿段,.00,都市：住,,,,04410000
RPOOMLNLJINFFHF58CC,台貿段,.00,都市：其他:道路用地,,,,04410001
RPQPMLQLJINFFEF98DC,茂長段,19.47,都市：住,,,,13010000
RPRSMLQLJINFFEF66CC,新市段,.00,都市：住,,,,01450001
RPSUMLQLJINFFEF96CC,新市段,31.21,都市：住,,,,00690000
RPUSMLQLJINFFEF96CC,新市段,.00,都市：住,,,,01860000
RPSOMLQLJINFFCF78CC,寶元段,.00,都市：住,,,,03870000
RPSOMLQLJINFFCF78CC,寶元段,.00,都市：其他:乙種工業區,,,,03870002
RPSOMLQLJINFFCF78CC,寶元段,.00,都市：其他:乙種工業區,,,,03870001
RPTUMLQLJINFFEF07CC,公司田段,.00,都市：住,,,,01920000
RPQNMLQLJINFFCF48CC,安興段,3.87,都市：其他:工商綜合專用區,,,,00410000
RPRNMLQLJINFFCF58CC,民安段,8.11,都市：住,,,,08920000
RPWTMLQLJINFFEF27CC,海天段,4.67,都市：住,,,,01900000
RPRPMLQLJINFFHF66CC,得林段,.00,都市：住,,,,03020000
RPUPMLNLJINFFHF66CC,頂溪段,.00,都市：住,,,,03540000
RPXOMLQLJINFFHF17CC,正南段,.00,都市：住,,,,04100000
RPQPMLQLJINFFHF56CC,大新段,.00,都市：商,,,,07810000
RPXSMLRLJINFFHF67CC,民樂段,.00,都市：住,,,,01250000
RPSSMLRLJINFFHF17CC,永安段,.00,都市：住,,,,02110000
RPXSMLRLJINFFHF67CC,民樂段,.00,都市：住,,,,01260000
RPVRMLRLJINFFHF37CC,華中段,26.89,都市：住,,,,00610000
RPWRMLRLJINFFHF47CC,秀山段,.00,都市：住,,,,07150000
RPPTMLRLJINFFHF96CC,民治段,.00,都市：住,,,,03320000
RPWSMLRLJINFFHF57CC,灰?段,.00,都市：其他:風景區,,,,03340000
RPOSMLRLJINFFHF76CC,復興段,.00,都市：住,,,,01910000
RPOSMLRLJINFFHF76CC,復興段,.00,都市：住,,,,01920000
RPSRMLRLJINFFHF07CC,廟美段,.00,都市：住,,,,08120000
RPXRMLRLJINFFHF57CC,新民段,.00,都市：其他:乙種工業區,,,,02540000
RPWNMLRLJINFFEF76CC,海天段,.00,都市：工,,,,04600000
RPUOMLRLJINFFEF66CC,新市段,15.36,都市：住,,,,00680000
RPRTMLRLJINFFHF17CC,國光段,.00,都市：商,,,,10000000
RPVOMLRLJINFFEF76CC,馬偕段,.00,都市：其他:道路用地,,,,02090002
RPVOMLRLJINFFEF76CC,馬偕段,.00,都市：工,,,,02090000
RPSTMLRLJINFFHF27CC,捷運段,.00,都市：住,,,,02240000
RPROMLRLJINFFGF56CC,田安段,.00,都市：住,,,,01770000
RPWNMLRLJINFFGF96CC,仁愛段,.00,都市：商,,,,19270000
RPOOMLSLJINFFAF38CC,文化段,.00,都市：住,,,,08680000
RPOOMLSLJINFFAF38CC,文化段,.00,都市：住,,,,08690000
RPUOMLRLJINFFAF88CC,大庭段,.00,都市：住,,,,03490000
RPTOMLSLJINFFAF88CC,文化段,37.57,都市：住,,,,27410000
RPUPMLSLJINFFDF76CC,厚德段,.00,都市：住,,,,02690000
RPRNMLSLJINFFGF56CC,明志段,.00,都市：住,,,,05980000
RPUNMLSLJINFFGF86CC,仁愛段,.00,都市：住,,,,23250000
RPUNMLSLJINFFEF66CC,水仙段,1.52,都市：住,,,,03500000
RPPQMLRLJINFFBF68CC,中原段,.00,都市：商,,,,01750000
RPVPMLRLJINFFEF86CC,馬偕段,10.78,都市：工,,,,01960000
RPOPMLRLJINFFEF78CC,馬偕段,6.92,都市：工,,,,01960000
RPWPMLRLJINFFEF96CC,龍米段,4.71,都市：住,,,,24310000
RPSQMLSLJINFFBF09CC,立言段,33.69,都市：住,,,,06880000
RPSQMLSLJINFFBF09CC,全安段,24.72,都市：住,,,,05600000
RPTPMLRLJINFFEF66CC,新市段,8.31,都市：商,,,,01450001
RPPQMLRLJINFFEF98CC,馬偕段,5.67,都市：工,,,,01960000
RPQQMLRLJINFFEF09CC,馬偕段,6.81,都市：工,,,,01960000
RPUOMLSLJINFFCF56CC,中正段,.00,都市：住,,,,00070000
RPSSMLSLJINFFEF96CC,公司田段,.00,都市：住,,,,00240000
RPWPMLSLJINFFAF76DC,介壽段,.00,都市：商,,,,01730000
RPTNMLSLJINFFIF96CC,大學段二小段,.00,非都市： ; 非都市編定：,,,,01040000
RPPSMLSLJINFFEF66CC,公司田段,.00,都市：住,,,,00880001
RPTOMLQLJINFFDF56EC,昊天段,68.57,都市：工,,,,08720000
RPTOMLQLJINFFDF56EC,同新段,2.15,都市：工,,,,00060000
RPPPMLSLJINFFHF66CC,中安段,.00,都市：住,,,,07130000
RPPPMLTLJINFFDF56EC,保長段,32.80,都市：住,,,,04340000
RPPNMLTLJINFFHF56CC,景華段,.00,都市：住,,,,05070000
RPWNMLTLJINFFHF27CC,民富段,.00,都市：其他:部分住宅區部分道路用地,,,,12210000
RPPNMLTLJINFFIF66CC,樹德段,.00,都市：住,,,,03400000
RPWQMLTLJINFFHF57CC,瓦?段,.00,都市：商,,,,03000000
RPPOMLTLJINFFIF76CC,大學段一小段,5.88,都市：住,,,,01840000
RPSNMLTLJINFFIF96CC,大學段二小段,.00,都市：住,,,,01250000
RPRNMLTLJINFFGF66CC,中興段,493.91,都市：工,,,,02990000
RPWNMLTLJINFFBF66CC,陸光段,.00,都市：住,,,,08030000
RPWNMLTLJINFFBF66CC,五股坑一段,.00,都市：其他:道路用地,,,,09400000
RPWNMLTLJINFFBF66CC,五股坑一段,.00,都市：住,,,,09410000
RPSOMLTLJINFFBF98CC,芳洲段,.00,都市：商,,,,01360000
RPTNMLTLJINFFBF98CC,副都心段一小段,.00,都市：商,,,,02810002
RPRNMLTLJINFFDF98CC,福德段,.00,都市：住,,,,08080000
RPTNMLTLJINFFDF56CC,昊天段,.00,都市：工,,,,08720000
RPUQMLTLJINFFBF76CC,力行段,19.94,都市：住,,,,05100000
RPUPMLTLJINFFBF66CC,國宅段,32.97,都市：住,,,,00060011
RPQNMLKMJINFFDF08CC,金龍段,.00,都市：其他:風景區,,,,00060000
RPQNMLKMJINFFDF08CC,金龍段,.00,非都市：山坡地保育區 ; 非都市編定：丙種建築用地,,,,12770000
RPQNMLKMJINFFDF08CC,金龍段,.00,都市：其他:風景區,,,,12770001
RPQNMLKMJINFFDF08CC,金龍段,.00,都市：其他:風景區,,,,12770002
RPWOMLTLJINFFAF66CC,民權段,17.00,都市：住,,,,03880000
RPXOMLKMJINFFEF98CC,馬偕段,5.90,都市：工,,,,01960000
RPOQMLKMJINFFBF97CC,力行段,17.62,都市：住,,,,10250000
RPVPMLKMJINFFEF88CC,水仙段,.00,非都市： ; 非都市編定：,,,,02740000
RPQQMLKMJINFFEF48CC,海天段,8.12,都市：住,,,,01900000
RPXQMLKMJINFFEF56CC,海鷗段,.00,非都市： ; 非都市編定：,,,,01260000
RPPNMLKMJINFFHF38CC,德光段,.00,都市：住,,,,00160000
RPPNMLKMJINFFHF38CC,德光段,.00,都市：住,,,,00160001
RPSNMLKMJINFFHF68CC,瓦?段,.00,都市：商,,,,02950000
RPVPMLKMJINFFHF56CC,三民段,26.65,都市：住,,,,01300000
RPQNMLKMJINFFCF97CC,香坡段,1835.93,非都市：山坡地保育區 ; 非都市編定：丙種建築用地,,,,05810000
RPXPMLKMJINFFHF76CC,健康段,6215.04,都市：工,,,,02360000
RPWPMLKMJINFFHF66CC,健康段,6215.04,都市：工,,,,02360000
RPUOMLKMJINFFIF09CC,永昌段,.00,非都市： ; 非都市編定：,,,,01550000
RPSNMLKMJINFFCF18CC,雙城段,36.77,都市：住,,,,12780000
RPPNMLLJKINFFHF28CC,健康段,.00,都市：工,,,,02580000
RPQOMLKMJINFFCF08CC,復興段,.00,都市：工,,,,00820000
RPQNMLLJKINFFHF38CC,健康段,.00,都市：工,,,,11600000
RPRPMLKMJINFFAF28EC,新板段三小段,.00,都市：其他:第二種特定專用區,,,,00190000
RPPNMLLJKINFFGF18CC,大同南段,.00,都市：住,,,,09480000
RPPNMLLJKINFFAF57CC,文化段,2.60,都市：住,,,,11980000
RPPNMLLJKINFFBF67CC,泰林段,.00,都市：商,,,,00320000
RPPNMLLJKINFFBF67CC,泰林段,.00,都市：工,,,,00330000
RPPNMLMJKINFFDF97CC,智興段,4.47,都市：住,,,,01040000
RPXNMLNJKINFFEF98CC,海天段,26.48,都市：工,,,,04600000
RPRNMLMJKINFFEF28CC,新市段,24.86,都市：住,,,,02040000
RPQQMLNJKINFFEF58CC,新興段,4.14,都市：住,,,,04860000
RPSPMLNJKINFFEF68CC,新市段,7.91,都市：住,,,,01450001
RPXPMLNJKINFFEF56CC,新市段,17.42,都市：住,,,,02040000
RPTPMLNJKINFFEF78CC,正德段,11.31,都市：住,,,,07480000
RPTPMLNJKINFFEF78CC,正德段,1.91,都市：住,,,,07470000
RPRNMLNJKINFFDF28CC,智興段,.00,都市：住,,,,02650000
RPRNMLNJKINFFDF28CC,智興段,.00,都市：其他:道路用地,,,,02650001
RPVQMLNJKINFFEF09CC,公司田段,28.86,都市：住,,,,01880000
RPURMLNJKINFFEF09CC,新興段,9.62,都市：住,,,,08280000
RPUSMLNJKINFFEF56CC,新市段,8.12,都市：商,,,,01410000
RPRSMLNJKINFFBF58CC,國宅段,.00,都市：住,,,,00050027
RPPRMLNJKINFFBF28CC,全安段,.00,都市：住,,,,07260000
RPWPMLNJKINFFBF78CC,中山段,.00,都市：工,,,,09350000
RPUQMLNJKINFFBF68CC,化成段,.00,都市：工,,,,02050000
RPOOMLNJKINFFHF48CC,健康段,.00,都市：工,,,,11600000
RPPQMLNJKINFFHF78CC,民治段,.00,都市：住,,,,00400000
RPQOMLNJKINFFHF68CC,健康段,.00,都市：工,,,,05630000
RPUPMLNJKINFFCF68CC,明德段,.00,都市：住,,,,08920000
RPUPMLNJKINFFCF68CC,明德段,.00,都市：住,,,,08930000
RPWNMLNJKINFFIF66CC,大學段一小段,10.07,都市：商,,,,00530000
RPTOMLNJKINFFIF09CC,大學段二小段,.00,都市：商,,,,00870000
RPXOMLOJKINFFIF96CC,樹德段,.00,都市：住,,,,05000000
RPWNMLOJKINFFCF98EC,惠國段,11.24,都市：住,,,,00730000
RPPNMLOJKINFFHF58CC,圓通段,.00,都市：住,,,,05330000
RPPNMLOJKINFFHF58CC,圓通段,.00,都市：其他:道路用地,,,,06550000
RPVNMLOJKINFFHF56CC,板南段,.00,都市：工,,,,03110000
RPRPMLTLJINFFEF66CC,水?頭段社厝坑小段,.00,非都市：山坡地保育區 ; 非都市編定：丙種建築用地,,,,00060003
RPTQMLTLJINFFEF96CC,新市段,26.73,都市：住,,,,02110000
RPTNMLTLJINFFEF66CC,新市段,24.95,都市：住,,,,00830000
RPXNMLOJKINFFHF76CC,板南段,.00,都市：工,,,,03820000
RPXNMLOJKINFFHF76CC,板南段,.00,都市：其他:道路用地,,,,03820001
RPTSMLSLJINFFEF07CC,海鷗段,.00,都市：住,,,,04840000
RPTSMLSLJINFFEF07CC,海鷗段,.00,都市：工,,,,04010002
RPOQMLTLJINFFEF09CC,水仙段,42.14,都市：住,,,,03500000
RPWSMLSLJINFFEF37CC,新市段,.00,非都市： ; 非都市編定：,,,,00350000
RPPOMLOJKINFFHF68CC,板南段,.00,都市：工,,,,03420000
RPPOMLOJKINFFHF68CC,板南段,.00,都市：其他:道路用地,,,,03420001
RPOQMLNJKINFFCF18CC,香坡段,.00,非都市：山坡地保育區 ; 非都市編定：林業用地,,,,00710000
RPOQMLNJKINFFCF18CC,香坡段,.00,非都市：山坡地保育區 ; 非都市編定：丙種建築用地,,,,00720000
RPOQMLNJKINFFCF18CC,香坡段,.00,非都市：山坡地保育區 ; 非都市編定：遊憩用地,,,,00730000
RPOQMLNJKINFFCF18CC,香坡段,.00,非都市：山坡地保育區 ; 非都市編定：林業用地,,,,00750000
RPOQMLNJKINFFCF18CC,香坡段,.00,非都市：山坡地保育區 ; 非都市編定：丙種建築用地,,,,00760000
RPOQMLNJKINFFCF18CC,香坡段,.00,非都市：山坡地保育區 ; 非都市編定：丙種建築用地,,,,00770000
RPOQMLNJKINFFCF18CC,香坡段,.00,非都市：山坡地保育區 ; 非都市編定：林業用地,,,,00780000
RPOQMLNJKINFFCF18CC,香坡段,.00,非都市：山坡地保育區 ; 非都市編定：丙種建築用地,,,,00790000
RPOQMLNJKINFFCF18CC,香坡段,.00,非都市：山坡地保育區 ; 非都市編定：林業用地,,,,00800000
RPOQMLNJKINFFCF18CC,香坡段,.00,非都市：山坡地保育區 ; 非都市編定：丙種建築用地,,,,00810000
RPOQMLNJKINFFCF18CC,香坡段,.00,非都市：山坡地保育區 ; 非都市編定：遊憩用地,,,,00820000
RPOQMLNJKINFFCF18CC,香坡段,.00,非都市：山坡地保育區 ; 非都市編定：林業用地,,,,00850000
RPOQMLNJKINFFCF18CC,香坡段,.00,非都市：山坡地保育區 ; 非都市編定：林業用地,,,,00870000
RPVNMLOJKINFFCF68CC,新坡段,5770.32,非都市：山坡地保育區 ; 非都市編定：丙種建築用地,,,,03100000
RPQOMLOJKINFFHF78CC,板南段,.00,都市：工,,,,03110000
RPROMLOJKINFFHF88CC,板南段,.00,都市：工,,,,03110000
RPUOMLOJKINFFEF09EC,新市段,68.94,都市：住,,,,00720000
RPTOMLOJKINFFBF48CC,國宅段,16.06,都市：住,,,,00110001
RPOQMLOJKINFFBF18CC,昌隆段,.00,都市：其他:市場用地,,,,03760000
RPRNMLOJKINFFDF38CC,中正段,.00,都市：商,,,,03290000
RPPQMLOJKINFFAF18CC,中山段,27.75,都市：住,,,,05610000
RPVQMLOJKINFFAF78CC,篤行段,49.84,都市：住,,,,07250000
RPURMLOJKINFFHF86CC,安樂段,.00,都市：商,,,,08950000
RPURMLOJKINFFHF86CC,安樂段,.00,都市：商,,,,08960000
RPSOMLOJKINFFHF98CC,板南段,.00,都市：工,,,,03110000
RPUOMLOJKINFFHF56CC,板南段,.00,都市：工,,,,03110000
RPTRMLOJKINFFHF76CC,板南段,.00,都市：工,,,,03820000
RPTRMLOJKINFFHF76CC,板南段,.00,都市：其他:道路用地,,,,03820001
RPTNMLOJKINFFEF68CC,公司田段,31.14,都市：住,,,,00400000
RPQOMLPJKINFFBF28CC,自立段,7.05,都市：住,,,,04770000
RPTNMLPJKINFFDF68CC,江北段,17.64,都市：住,,,,08080000
RPQRMLOJKINFFHF09CC,板南段,.00,都市：工,,,,03110000
RPPQMLOJKINFFEF58CC,公司田段,49.92,都市：住,,,,01920000
RPRRMLOJKINFFHF56CC,板南段,.00,都市：工,,,,03420000
RPRRMLOJKINFFHF56CC,板南段,.00,都市：其他:道路用地,,,,03420001
RPSRMLOJKINFFHF66CC,板南段,.00,都市：工,,,,03110000
RPSQMLPJKINFFDF88CC,昊天段,1.86,都市：工,,,,10340000
RPWOMLOJKINFFHF76CC,板南段,.00,都市：工,,,,03110000
RPVOMLQJKINFFDF09CC,智興段,.00,都市：商,,,,04410000
RPORMLQJKINFFDF68CC,崇德段,.00,都市：住,,,,09030000
RPPPMLQJKINFFDF58CC,北峰段,.00,非都市：山坡地保育區 ; 非都市編定：丙種建築用地,,,,05410000
RPOPMLQJKINFFDF48CC,金龍段,.00,都市：住,,,,13640000
RPQQMLQJKINFFHF56CC,永平段,.00,都市：商,,,,08060000
RPQQMLQJKINFFHF56CC,永平段,.00,都市：住,,,,08070000
RPQQMLQJKINFFHF56CC,永平段,.00,都市：其他:道路用地,,,,08070001
RPWOMLQJKINFFCF09CC,中正段,.00,都市：其他:,,,,01650000
RPQOMLQJKINFFIF09CC,慈恩段,.00,都市：住,,,,01290000
RPSOMLQJKINFFIF66CC,麻園段溪墘寮小段,35.47,非都市：一般農業區 ; 非都市編定：甲種建築用地,,,,00720000
RPSOMLQJKINFFIF66CC,麻園段溪墘寮小段,5.26,非都市：一般農業區 ; 非都市編定：甲種建築用地,,,,00720003
RPUPMLQJKINFFIF96CC,大學段一小段,.00,都市：住,,,,01240000
RPUPMLPJKINFFBF78CC,榮富段,.00,都市：住,,,,08920000
RPQPMLQJKINFFBF48CC,後港段,.00,都市：住,,,,05110000
RPOPMLQJKINFFBF28CC,光明段,.00,都市：住,,,,13780000
RPROMLPJKINFFBF38CC,榮富段,10.97,都市：住,,,,09290000
RPWNMLRJKINFFAF09EC,力行段,13.16,都市：住,,,,04080013
RPQPMLRJKINFFIF66CC,大同段,.00,都市：商,,,,05260000
RPTOMLPJKINFFBF58CC,國宅段,.00,都市：住,,,,00180013
RPXNMLRJKINFFAF56EC,海山段,.00,都市：住,,,,07770000
RPVPMLRJKINFFAF56EC,永和段,.00,都市：住,,,,00580000
RPVPMLRJKINFFAF56EC,永和段,.00,都市：其他:道路用地,,,,00580001
RPXOMLRJKINFFGF07CC,菜寮段,.00,都市：住,,,,12720000
RPWOMLRJKINFFGF96CC,光華段,.00,都市：住,,,,06270000
RPQNMLRJKINFFGF88CC,正義段,.00,都市：住,,,,02970000
RPSNMLQJKINFFGF98CC,正義段,.00,都市：住,,,,08590000
RPRPMLRJKINFFEF98CC,竹圍段,4.12,都市：住,,,,08950000
RPSPMLRJKINFFEF09CC,正德段,22.42,都市：住,,,,04570000
RPSQMLRJKINFFEF56CC,海鷗段,.00,都市：住,,,,09950000
RPVOMLRJKINFFHF96CC,連城段,.00,都市：住,,,,04490000
RPOPMLRJKINFFHF98CC,秀峰段,.00,都市：住,,,,01960000
RPROMLRJKINFFDF78CC,建成段,4.48,都市：住,,,,04290000
RPWOMLRJKINFFHF07CC,雙和段,.00,都市：住,,,,02910000
RPWOMLRJKINFFHF07CC,雙和段,.00,都市：商,,,,02920000
RPXOMLRJKINFFHF17CC,保生段,.00,都市：住,,,,03440000
RPTQMLRJKINFFEF66CC,天生段,.00,都市：住,,,,04160000
RPSOMLRJKINFFDF88CC,智興段,.00,都市：住,,,,11200000
RPPNMLSJKINFFDF58CC,大同段,8.92,都市：住,,,,03280000
RPUNMLTJKINFFIF07CC,大學段一小段,53.22,都市：住,,,,00070000
RPQNMLSJKINFFIF56CC,大學段一小段,10.53,都市：住,,,,01860002
RPTNMLKKKINFFDF28CC,江北段,4.00,都市：商,,,,05550000
RPTNMLKKKINFFDF28CC,江北段,16.41,都市：商,,,,06180000
RPQNMLSJKINFFDF68CC,大同段,8.62,都市：住,,,,03280000
RPTNMLKKKINFFDF28CC,江北段,13.19,都市：商,,,,06190000
RPTNMLKKKINFFDF28CC,江北段,62.11,都市：商,,,,06200000
RPPOMLKKKINFFDF97CC,保長段,13026.01,都市：住,,,,09950000
RPQOMLKKKINFFDF08CC,昊天段,78.85,都市：工,,,,10860000
RPUPMLKKKINFFHF98CC,健康段,88.53,都市：工,,,,07040000
RPRQMLQJKINFFAF58CC,府中段,.00,都市：商,,,,03210000
RPUOMLKKKINFFDF48CC,江北段,2991.48,都市：住,,,,08080000
RPXOMLKKKINFFAF48CC,介壽段,118.00,都市：商,,,,01710000
RPXOMLKKKINFFAF48CC,介壽段,118.00,都市：商,,,,01700000
RPTQMLQJKINFFAF78CC,新興段,.00,都市：商,,,,05380000
RPXNMLKKKINFFEF78CC,馬偕段,5.67,都市：工,,,,01960000
RPVNMLKKKINFFGF78CC,福德北段,.00,都市：商,,,,08590000
RPPOMLKKKINFFEF08CC,馬偕段,5.67,都市：工,,,,01960000
RPUNMLLKKINFFEF58CC,新市段,42.03,都市：住,,,,02270000
RPTOMLKKKINFFGF68CC,富貴段,.00,都市：住,,,,00110000
RPROMLLKKINFFBF08CC,黎明段,.00,都市：住,,,,11750000
RPSOMLLKKINFFBF18CC,芳洲段,.00,都市：商,,,,01410000
RPXOMLLKKINFFBF68CC,同榮段,107.79,都市：住,,,,04210000
RPPNMLKKKINFFAF77EC,新板段三小段,20.49,都市：其他:第二種特定專用區,,,,00190000
RPRPMLLKKINFFBF18CC,同興段,.00,都市：商,,,,01390000
RPWRMLLKKINFFBF88CC,副都心段一小段,16.45,都市：商,,,,00270000
RPVOMLLKKINFFAF38CC,大安段,53.42,都市：工,,,,07450000
RPRNMLLKKINFFDF18CC,智興段,.00,都市：商,,,,04410000
RPQNMLLKKINFFDF08CC,智興段,.00,都市：商,,,,04410000
RPPPMLLKKINFFDF18CC,厚德段,.00,都市：住,,,,00710000
RPXOMLLKKINFFAF78EC,新雅段,.00,都市：住,,,,11190000
RPXOMLLKKINFFAF78EC,力行段,.00,都市：住,,,,12230009
RPPPMLLKKINFFAF08EC,公館段,42.50,都市：住,,,,07230000
RPOPMLLKKINFFAF97EC,公館段,42.50,都市：住,,,,07230000
RPSNMLLKKINFFCF18CC,民權段,.00,都市：住,,,,01490000
RPPOMLLKKINFFCF97CC,莊敬段,38.33,都市：工,,,,07820000
RPTPMLKKKINFFBF28CC,國宅段,24.03,都市：住,,,,00050009
RPTQMLKKKINFFBF38CC,副都心段一小段,23.57,都市：商,,,,00270000
RPWNMLLKKINFFBF48CC,成蘆段,.00,都市：住,,,,09560000
RPTNMLRJKINFFBF68CC,榮富段,.00,都市：住,,,,00500000
RPTOMLMKKINFFDF78EC,保長段,7.82,都市：住,,,,09950000
RPORMLKKKINFFBF97CC,瓊林段,19.73,都市：住,,,,00030000
RPVSMLRJKINFFBF76CC,建林段,21.11,都市：住,,,,01430000
RPQNMLLKKINFFBF87CC,國宅段,.00,都市：住,,,,00260008
RPWQMLKKKINFFBF68CC,副都心段一小段,16.51,都市：商,,,,02890000
RPPOMLMKKINFFDF18CC,北山段,20.48,都市：住,,,,04410000
RPUOMLMKKINFFAF38CC,沛陂段,36.60,都市：住,,,,04880000
RPXOMLMKKINFFDF56EC,保長段,5.53,都市：住,,,,09950000
RPSPMLMKKINFFDF78EC,保長段,5.53,都市：住,,,,10540000
RPVOMLMKKINFFDF98EC,保長段,5.35,都市：住,,,,10540000
RPPOMLMKKINFFAF87CC,港子嘴段,.00,都市：其他:行水區,,,,02060010
RPPOMLMKKINFFEF28CC,新市段,12.17,都市：住,,,,00870000
RPTOMLMKKINFFGF88CC,新海段,15.00,都市：住,,,,10840005
RPTOMLMKKINFFGF88CC,新海段,2.29,都市：住,,,,10860002
RPTOMLMKKINFFGF88CC,新海段,12.14,都市：住,,,,10870000
RPTOMLMKKINFFGF88CC,新海段,9.00,都市：住,,,,10880001
RPPOMLNKKINFFGF58CC,重新段壹小段,10.51,都市：商,,,,00560005
RPQSMLNKKINFFEF88CC,水仙段,.00,都市：住,,,,03190000
RPSPMLNKKINFFEF78CC,公司田段,30.08,都市：住,,,,01880000
RPSSMLNKKINFFEF09CC,新市段,.00,都市：住,,,,02110000
RPRTMLNKKINFFEF09CC,公司田段,18.45,非都市： ; 非都市編定：,,,,00270001
RPPSMLNKKINFFEF78CC,正德段,.00,都市：住,,,,06740000
RPPSMLNKKINFFEF78CC,正德段,.00,都市：住,,,,06750000
RPPSMLNKKINFFEF78CC,正德段,.00,都市：住,,,,06760000
RPPNMLNKKINFFAF87CC,力行段,.00,都市：住,,,,04490000
RPOQMLNKKINFFAF08CC,延和段,.00,都市：住,,,,04360000
RPSNMLNKKINFFDF68EC,保長段,3.91,都市：住,,,,09950000
RPOOMLNKKINFFDF38EC,保長段,5.35,都市：住,,,,10540000
RPSOMLNKKINFFDF78EC,保長段,6.71,都市：住,,,,09950000
RPPNMLNKKINFFHF58CC,得林段,.00,都市：住,,,,02780000
RPTNMLNKKINFFHF98CC,板南段,.00,都市：工,,,,03110000
RPUNMLMKKINFFCF48CC,寶橋段,.00,都市：工,,,,00780000
RPSOMLNKKINFFCF48CC,民權段,.00,都市：住,,,,00390000
RPSOMLNKKINFFHF98CC,南山段,.00,都市：其他:部分住宅區部分捷運系統用地,,,,08540000
RPTOMLNKKINFFHF09CC,南山段,20.51,都市：住,,,,06550000
RPWOMLNKKINFFHF76CC,景華段,.00,都市：住,,,,08430000
RPOPMLNKKINFFHF68CC,烘爐地段,.00,都市：住,,,,02080000
RPXOMLNKKINFFHF86CC,景華段,.00,都市：住,,,,00420000
RPUPMLNKKINFFHF66CC,福美段,.00,都市：住,,,,00990000
RPTPMLNKKINFFHF56CC,及人段,.00,都市：住,,,,06010000
RPVPMLNKKINFFHF76CC,林森段,.00,都市：住,,,,07310000
RPWSMLNKKINFFBF56CC,建林段,31.57,都市：住,,,,08630000
RPQSMLNKKINFFBF58CC,力行段,16.49,都市：住,,,,09840000
RPRNMLMKKINFFBF08CC,化成段,138.46,都市：工,,,,05260000
RPRNMLMKKINFFBF08CC,化成段,139.95,都市：工,,,,05270000
RPQOMLMKKINFFBF08CC,自立段,.00,都市：住,,,,07200000
RPOQMLNKKINFFHF78CC,大新段,.00,都市：商,,,,07810000
RPXRMLNKKINFFHF17CC,健康段,.00,都市：工,,,,11590000
RPXNMLOKKINFFCF98CC,北新段,.00,都市：住,,,,01300000
RPTSMLNKKINFFEF76EC,海天段,4.92,都市：住,,,,01900000
RPPOMLOKKINFFDF38CC,同新段,.74,都市：工,,,,00060000
RPPOMLOKKINFFDF38CC,昊天段,23.75,都市：工,,,,08720000
RPOOMLOKKINFFDF28CC,同新段,46.63,都市：工,,,,00130000
RPROMLOKKINFFDF58CC,智興段,11.95,都市：住,,,,02990000
RPRSMLNKKINFFHF66CC,中原段,.00,都市：工,,,,05230000
RPSOMLOKKINFFDF68CC,拱北段,38.71,非都市：鄉村區 ; 非都市編定：乙種建築用地,,,,03850000
RPQNMLOKKINFFEF48CC,新市段,.00,都市：商,,,,01450000
RPQOMLOKKINFFHF88CC,新和段,.00,都市：住,,,,03920000
RPUPMLOKKINFFBF78CC,泰山段一小段,22.00,都市：商,,,,04160014
RPQOMLOKKINFFEF58CC,仁愛段,44.81,都市：住,,,,00540000
RPQOMLOKKINFFEF58CC,仁愛段,11.29,都市：住,,,,00540000
RPVQMLRKKINFFEF96CC,新市段,23.62,都市：住,,,,00450000
RPQQMLRKKINFFEF09CC,新市段,18.72,都市：住,,,,01070000
RPOQMLRKKINFFEF88CC,新市段,22.45,都市：住,,,,02110000
RPQRMLOKKINFFEF88CC,中興段,32.33,都市：住,,,,00120000
RPTQMLRKKINFFGF96CC,文化北段,.00,都市：住,,,,01490000
RPUPMLRKKINFFBF09CC,雙鳳段,.00,都市：住,,,,06950000
RPWNMLRKKINFFDF66CC,智興段,.00,都市：商,,,,04410000
RPOOMLRKKINFFDF58CC,智興段,.00,都市：住,,,,11180000
RPTOMLRKKINFFDF09CC,智興段,.00,都市：住,,,,02410000
RPSOMLRKKINFFDF98CC,福德段,.00,都市：商,,,,12930000
RPOSMLRKKINFFEF09CC,海天段,6.31,都市：住,,,,01900000
RPVRMLRKKINFFEF07CC,海天段,6.31,都市：住,,,,01900000
RPORMLRKKINFFEF98CC,水仙段,39.79,都市：住,,,,02800000
RPTRMLRKKINFFEF86CC,海天段,.02,都市：住,,,,06420000
RPTRMLRKKINFFEF86CC,海天段,.00,都市：住,,,,06420003
RPTRMLRKKINFFEF86CC,海天段,3.15,都市：住,,,,06530000
RPTRMLRKKINFFEF86CC,海天段,.23,都市：住,,,,06530004
RPTRMLRKKINFFEF86CC,海天段,.01,都市：住,,,,06530005
RPTOMLRKKINFFCF98CC,惠國段,.00,都市：住,,,,00730000
RPWNMLRKKINFFIF17CC,大學段二小段,82.14,都市：住,,,,00500000
RPUOMLRKKINFFCF09CC,寶元段,37.45,都市：工,,,,01740000
RPUOMLRKKINFFCF09CC,寶元段,.07,都市：其他:道路用地,,,,01740001
RPWOMLRKKINFFIF27CC,大學段二小段,19.11,都市：商,,,,00980000
RPVOMLRKKINFFHF07CC,新和段,.00,都市：住,,,,02280000
RPTOMLSKKINFFHF96CC,安平段,.00,都市：住,,,,06960000
RPXOMLRKKINFFIF37CC,民生段,2.63,都市：住,,,,06570000
RPUOMLSKKINFFHF07CC,中信段,.00,都市：住,,,,09720000
RPWOMLSKKINFFHF27CC,福和段,.00,都市：住,,,,06760000
RPOPMLSKKINFFHF56CC,文化段,.00,都市：住,,,,09610000
RPPPMLSKKINFFHF66CC,橋和段,.00,都市：工,,,,02190000
RPRQMLSKKINFFHF96CC,中原段,40.30,都市：工,,,,08410000
RPWNMLSKKINFFCF66CC,新和段,.00,都市：住,,,,01050000
RPWNMLSKKINFFCF66CC,新和段,.00,都市：其他:保護區,,,,01060000
RPVNMLSKKINFFCF56CC,惠國段,.00,都市：住,,,,04780000
RPPRMLSKKINFFBF88CC,貴和段,.00,都市：住,,,,08100000
RPVOMLSKKINFFBF56CC,五工段,1004.34,非都市：工業區 ; 非都市編定：丁種建築用地,,,,05220000
RPUNMLSKKINFFGF86CC,興德段,57.62,都市：工,,,,03700000
RPSOMLSKKINFFGF76CC,中原段,.00,都市：住,,,,06760000
RPUQMLSKKINFFEF96CC,新市段,8.27,都市：住,,,,01450001
RPTPMLSKKINFFEF76CC,學府段,.00,都市：住,,,,02530000
RPOOMLRKKINFFAF28CC,柑林埤段,.00,都市：住,,,,03200002
RPPQMLSKKINFFAF68CC,和平段,.00,都市：住,,,,08170013
RPPQMLSKKINFFAF68CC,和平段,.00,都市：住,,,,08180014
RPXOMLRKKINFFAF56CC,幸福段,3.80,都市：住,,,,02100027
RPXOMLRKKINFFAF56CC,幸福段,12.60,都市：住,,,,02150023
RPSOMLRKKINFFAF68CC,幸福段,.00,都市：住,,,,00520000
RPSPMLTKKINFFAF98CC,員和段,.00,都市：住,,,,00450000
RPUQMLTKKINFFEF07CC,後厝段土地公坑小段,.00,非都市：山坡地保育區 ; 非都市編定：丙種建築用地,,,,00060000
RPSNMLTKKINFFDF09CC,水源段,5.85,都市：住,,,,09920000
RPSNMLTKKINFFDF09CC,水源段,.00,都市：住,,,,09920001
RPXPMLTKKINFFAF07EC,新雅段,.00,都市：住,,,,05470000
RPUOMLTKKINFFIF27CC,挖子段,.00,非都市：山坡地保育區 ; 非都市編定：丙種建築用地,,,,00520007
RPRRMLTKKINFFHF17CC,永利段,.00,都市：住,,,,00480000
RPQTMLTKKINFFHF27CC,華新段,.00,都市：住,,,,08240000
RPQPMLTKKINFFEF56CC,公司田段,.00,都市：住,,,,01330000
RPURMLSKKINFFEF07CC,新市段,.00,都市：住,,,,02110000
RPSRMLSKKINFFEF86CC,鄧公段,.00,非都市： ; 非都市編定：,,,,03330000
RPWPMLTKKINFFEF37EC,公司田段,8.76,都市：住,,,,00890000
RPSOMLKLKINFFHF78CC,民有段,.00,都市：工,,,,05580000
RPPWMLTKKINFFHF47CC,東南段,.00,都市：住,,,,07260000
RPTWMLTKKINFFHF87CC,大同段,.00,都市：住,,,,04120000
RPSWMLTKKINFFHF77CC,興南段,.00,都市：住,,,,06780000
RPRWMLTKKINFFHF67CC,安平段,.00,都市：住,,,,00670000
RPSNMLKLKINFFHF78DC,民有段,32.53,都市：住,,,,04220000
RPOOMLKLKINFFDF97CC,北山段,16.52,都市：工,,,,13520000
RPWOMLKLKINFFAF68EC,江子翠段第二崁小段,37.34,都市：住,,,,01820000
RPTOMLNKKINFFDF88EC,保長段,9.25,都市：住,,,,09950000
RPWOMLNKKINFFDF56EC,保長段,3.97,都市：住,,,,09950000
RPUOMLNKKINFFDF98EC,保長段,12.64,都市：住,,,,09950000
RPVNMLKLKINFFEF68CC,紅毛城段,23.14,都市：住,,,,05330000
RPRTMLKLKINFFEF88CC,馬偕段,9.64,都市：工,,,,01960000
RPWTMLKLKINFFEF76CC,馬偕段,6.81,都市：工,,,,01960000
RPXNMLLLKINFFDF88CC,同新段,6.73,都市：工,,,,00130000
RPXNMLLLKINFFDF88CC,同新段,.00,都市：工,,,,00130001
RPXNMLLLKINFFDF88CC,同新段,.00,都市：工,,,,00130002
RPQOMLLLKINFFDF28CC,智興段,.00,都市：商,,,,05600000
RPQOMLLLKINFFDF28CC,智興段,.00,都市：商,,,,05600001
RPQOMLLLKINFFDF28CC,智興段,.00,都市：商,,,,05600002
RPTOMLLLKINFFAF28CC,文化段,32.00,都市：住,,,,25220000
RPPNMLKLKINFFCF87CC,民安段,21.72,都市：住,,,,12070000
RPSOMLLLKINFFAF38EC,金城段,.00,都市：住,,,,03990000
RPRRMLMLKINFFAF68EC,幸福段,.00,都市：住,,,,09310000
RPTPMLMLKINFFHF56CC,雙和段,.00,都市：住,,,,05390000
RPVPMLMLKINFFHF76CC,福和段,.00,都市：住,,,,06080000
RPWOMLSKKINFFBF86EC,國宅段,32.70,都市：住,,,,00420012
RPPSMLTKKINFFHF27EC,水源段,.00,都市：商,,,,01820000
RPVQMLKLKINFFBF68CC,中原段,.00,都市：住,,,,00020000
RPQPMLKLKINFFBF08CC,陸光段,.00,都市：住,,,,01970000
RPWNMLKLKINFFBF48CC,中原段,.00,都市：住,,,,00810000
RPRSMLKLKINFFBF48CC,副都心段一小段,.00,都市：住,,,,03290000
RPQPMLMLKINFFBF28CC,忠孝段,10.37,都市：住,,,,04520000
RPWQMLMLKINFFBF98CC,富國段,.00,都市：商,,,,02300000
RPXPMLMLKINFFBF98CC,副都心段一小段,.00,都市：住,,,,01160000
RPSPMLMLKINFFBF48CC,中泰段,25.27,都市：住,,,,03200000
RPVPMLMLKINFFBF78CC,忠孝段,20.29,都市：住,,,,06720000
RPPNMLNLKINFFEF38CC,馬偕段,8.62,都市：工,,,,01960000
RPWPMLMLKINFFBF88CC,副都心段一小段,10.84,都市：商,,,,03070000
RPQNMLNLKINFFEF48CC,公司田段,24.40,都市：住,,,,00800000
RPPNMLNLKINFFBF08CC,建林段,32.09,都市：住,,,,08630000
RPUQMLOLKINFFBF98CC,國宅段,14.79,都市：住,,,,00050009
RPVPMLOLKINFFAF88CC,文化段,.00,都市：住,,,,11980000
RPTQMLOLKINFFEF56CC,海天段,.02,都市：住,,,,06420000
RPTQMLOLKINFFEF56CC,海天段,.00,都市：住,,,,06420003
RPTQMLOLKINFFEF56CC,海天段,2.33,都市：住,,,,06530000
RPWOMLOLKINFFBF98CC,新豐段,9.61,都市：商,,,,00100000
RPTQMLOLKINFFEF56CC,海天段,.17,都市：住,,,,06530004
RPTQMLOLKINFFEF56CC,海天段,.01,都市：住,,,,06530005
RPSRMLOLKINFFEF56CC,馬偕段,.11,都市：工,,,,01960000
RPWQMLOLKINFFBF56CC,建林段,23.59,都市：商,,,,03800000
RPWQMLOLKINFFBF56CC,建林段,.09,都市：商,,,,03800001
RPQOMLPLKINFFHF09CC,大仁段,3.73,都市：住,,,,06570000
RPQVMLPLKINFFGF07CC,中興段,.00,都市：工,,,,07930000
RPSVMLPLKINFFGF27CC,重陽段,.00,都市：住,,,,01130000
RPROMLPLKINFFGF09CC,富貴段,.00,都市：住,,,,04490000
RPVNMLMLKINFFGF09CC,福德北段,.00,都市：住,,,,09050000
RPQNMLPLKINFFDF58CC,智興段,22.67,都市：住,,,,13980000
RPQPMLPLKINFFBF58CC,力行段,22.02,都市：住,,,,05790000
RPURMLQLKINFFBF66CC,德音段,.00,都市：其他:市場用地,,,,09260000
RPTRMLQLKINFFBF56CC,成州段,.00,都市：住,,,,00360000
RPSRMLPLKINFFBF98CC,自立段,.00,都市：商,,,,09610000
RPOSMLQLKINFFBF78CC,明志段,.00,都市：住,,,,03840000
RPPNMLQLKINFFGF88CC,保佑段,.00,都市：其他:捷運系統用地,,,,00070000
RPRNMLQLKINFFGF09CC,保佑段,.00,都市：其他:捷運系統用地,,,,00070000
RPSNMLQLKINFFGF56CC,保佑段,.00,都市：其他:捷運系統用地,,,,00070000
RPTNMLQLKINFFGF66CC,保佑段,.00,都市：其他:捷運系統用地,,,,00070000
RPVNMLQLKINFFGF86CC,保佑段,.00,都市：其他:捷運系統用地,,,,00070000
RPXNMLQLKINFFGF07CC,保佑段,.00,都市：其他:捷運系統用地,,,,00070000
RPWNMLQLKINFFGF96CC,保佑段,.00,都市：其他:捷運系統用地,,,,00070000
RPOTMLPLKINFFEF09CC,新市段,11.32,都市：住,,,,01200000
RPVVMLPLKINFFEF37CC,公司田段,.00,都市：住,,,,01210000
RPSUMLPLKINFFEF96CC,新市段,10.67,都市：商,,,,01450001
RPQVMLPLKINFFEF86CC,淡海段,.00,都市：住,,,,01350000
RPXQMLQLKINFFAF76CC,重慶段,.00,都市：住,,,,03570000
RPROMLQLKINFFGF56CC,保佑段,.00,都市：其他:捷運系統用地,,,,00070000
RPQOMLQLKINFFGF09CC,保佑段,.00,都市：其他:捷運系統用地,,,,00070000
RPOOMLQLKINFFGF88CC,保佑段,.00,都市：其他:捷運系統用地,,,,00070000
RPPOMLQLKINFFGF98CC,保佑段,.00,都市：其他:捷運系統用地,,,,00070000
RPSRMLQLKINFFAF98CC,力行段,.00,都市：住,,,,04080004
RPOPMLOLKINFFIF98CC,和平段,21.33,都市：住,,,,05240000
RPTOMLOLKINFFIF76CC,大學段二小段,10.99,都市：住,,,,01150000
RPSPMLQLKINFFGF76CC,保佑段,.00,都市：其他:捷運系統用地,,,,00070000
RPOPMLQLKINFFGF98CC,保佑段,.00,都市：其他:捷運系統用地,,,,00070000
RPXOMLQLKINFFGF17CC,保佑段,.00,都市：其他:捷運系統用地,,,,00070000
RPQPMLQLKINFFGF56CC,保佑段,.00,都市：其他:捷運系統用地,,,,00070000
RPRPMLQLKINFFGF66CC,保佑段,.00,都市：其他:捷運系統用地,,,,00070000
RPVOMLQLKINFFGF96CC,保佑段,.00,都市：其他:捷運系統用地,,,,00070000
RPUOMLQLKINFFGF86CC,保佑段,.00,都市：其他:捷運系統用地,,,,00070000
RPTOMLQLKINFFGF76CC,保佑段,.00,都市：其他:捷運系統用地,,,,00070000
RPTPMLQLKINFFGF86CC,保佑段,.00,都市：其他:捷運系統用地,,,,00070000
RPVPMLQLKINFFGF07CC,保佑段,.00,都市：其他:捷運系統用地,,,,00070000
RPWPMLQLKINFFGF17CC,保佑段,.00,都市：其他:捷運系統用地,,,,00070000
RPRQMLQLKINFFGF76CC,保佑段,.00,都市：其他:捷運系統用地,,,,00070000
RPPQMLQLKINFFGF56CC,保佑段,.00,都市：其他:捷運系統用地,,,,00070000
RPSQMLQLKINFFGF86CC,保佑段,.00,都市：其他:捷運系統用地,,,,00070000
RPOQMLQLKINFFGF09CC,保佑段,.00,都市：其他:捷運系統用地,,,,00070000
RPTQMLQLKINFFGF96CC,保佑段,.00,都市：其他:捷運系統用地,,,,00070000
RPUQMLQLKINFFGF07CC,保佑段,.00,都市：其他:捷運系統用地,,,,00070000
RPURMLQLKINFFGF17CC,保佑段,.00,都市：其他:捷運系統用地,,,,00070000
RPORMLQLKINFFGF56CC,保佑段,.00,都市：其他:捷運系統用地,,,,00070000
RPRRMLQLKINFFGF86CC,保佑段,.00,都市：其他:捷運系統用地,,,,00070000
RPSRMLQLKINFFGF96CC,保佑段,.00,都市：其他:捷運系統用地,,,,00070000
RPPRMLQLKINFFGF66CC,保佑段,.00,都市：其他:捷運系統用地,,,,00070000
RPPUMLQLKINFFGF96CC,永德段,.00,都市：住,,,,04580000
RPOSMLQLKINFFGF66CC,保佑段,.00,都市：其他:捷運系統用地,,,,00070000
RPVRMLQLKINFFGF27CC,保佑段,.00,都市：其他:捷運系統用地,,,,00070000
RPWSMLQLKINFFEF27CC,新市段,8.07,都市：住,,,,01450001
RPUOMLQLKINFFHF96CC,興南段,.00,都市：住,,,,07980000
RPPSMLQLKINFFGF76CC,保佑段,.00,都市：其他:捷運系統用地,,,,00070000
RPWRMLQLKINFFGF37CC,保佑段,.00,都市：其他:捷運系統用地,,,,00070000
RPWOMLQLKINFFHF17CC,大新段,.00,都市：住,,,,07070000
RPPPMLQLKINFFHF56CC,民治段,.00,都市：住,,,,08560000
RPVNMLQLKINFFHF07DC,民富段,18.00,都市：工,,,,03570000
RPXPMLQLKINFFHF37CC,秀峰段,.00,都市：住,,,,01800000
RPPQMLQLKINFFHF66CC,秀峰段,.00,都市：住,,,,01800000
RPRSMLQLKINFFAF56EC,振興段,24.49,都市：住,,,,02830000
RPSSMLQLKINFFAF66EC,民生段,30.76,都市：住,,,,03980000
RPUQMLQLKINFFHF17CC,中正段,.00,都市：商,,,,08480000
RPUQMLQLKINFFHF17CC,中正段,.00,都市：住,,,,08670000
RPOOMLRLKINFFHF66EC,信義段,9.42,都市：住,,,,01130000
RPPOMLRLKINFFIF86EC,鎮前段,.00,都市：住,,,,00760000
RPUOMLRLKINFFAF98CC,重慶段,22.00,都市：其他:市場用地,,,,06070000
RPQSQLRLKINFFAF76CC,學林段,23.08,都市：住,,,,03250000
RPWOMLRLKINFFBF66CC,新工段二小段,26.00,非都市：工業區 ; 非都市編定：丁種建築用地,,,,03900000
RPVSQLRLKINFFAF47EC,瑞興段,.00,都市：住,,,,07470000
RPURQLRLKINFFAF27EC,民權段,27.94,都市：住,,,,02640000
RPURQLRLKINFFAF27EC,民權段,1.68,都市：其他:道路用地,,,,02640002
RPVRQLRLKINFFAF37EC,沛陂段,.00,都市：住,,,,06310000
RPWSQLRLKINFFAF57EC,延和段,.00,都市：住,,,,04360000
RPPNMLRLKINFFAF58EC,員福段,.00,都市：工,,,,01690000
RPUQMLSLKINFFAF66CC,文化段,.00,都市：住,,,,10170000
RPRNMLSLKINFFDF98CC,智興段,.00,都市：商,,,,04410000
RPSNMLSLKINFFDF09CC,智興段,.00,都市：商,,,,04410000
RPUNMLSLKINFFDF66CC,北山段,86.92,都市：工,,,,00830000
RPXNMLSLKINFFDF96CC,昊天段,31.47,都市：工,,,,08720000
RPXNMLSLKINFFDF96CC,同新段,.98,都市：工,,,,00060000
RPPOMLSLKINFFDF88CC,江北段,.00,都市：住,,,,08080000
RPQOMLSLKINFFEF09CC,沙崙段,4.48,都市：住,,,,05880000
RPPTMLQLKINFFEF66CC,公司田段,17.38,都市：住,,,,01930000
RPPOMLSLKINFFEF98CC,淡海段,28.55,都市：住,,,,00850000
RPSTMLQLKINFFEF96CC,新興段,4.14,都市：住,,,,04860000
RPQSMLRLKINFFEF76CC,公司田段,27.32,都市：住,,,,00890000
RPTTMLQLKINFFEF07CC,新興段,4.14,都市：住,,,,04860000
RPVNMLSLKINFFGF07CC,保佑段,.00,都市：其他:捷運系統用地,,,,00070000
RPXQMLSLKINFFGF57CC,保佑段,.00,都市：其他:捷運系統用地,,,,00070000
RPORMLSLKINFFGF76CC,保佑段,.00,都市：其他:捷運系統用地,,,,00070000
RPQRMLSLKINFFGF96CC,保佑段,.00,都市：其他:捷運系統用地,,,,00070000
RPQQMLSLKINFFGF86CC,保佑段,.00,都市：其他:捷運系統用地,,,,00070000
RPTQMLSLKINFFGF17CC,保佑段,.00,都市：其他:捷運系統用地,,,,00070000
RPXRMLSLKINFFGF67CC,保佑段,.00,都市：其他:捷運系統用地,,,,00070000
RPTRMLSLKINFFGF27CC,保佑段,.00,都市：其他:捷運系統用地,,,,00070000
RPXOMLSLKINFFIF77EC,中正段,16.54,都市：住,,,,03640000
RPXRMLSLKINFFAF27EC,文化段,.00,都市：住,,,,11980000
RPTPMLSLKINFFEF86CC,新市段,8.07,都市：商,,,,01410000
RPRPMLSLKINFFCF09CC,惠國段,.00,都市：住,,,,00730000
RPOSMLSLKINFFGF86CC,保佑段,.00,都市：其他:捷運系統用地,,,,00070000
RPPSMLSLKINFFGF96CC,保佑段,.00,都市：其他:捷運系統用地,,,,00070000
RPSWMLSLKINFFGF67CC,重新段壹小段,.00,都市：住,,,,00570012
RPQSMLSLKINFFGF07CC,保佑段,.00,都市：其他:捷運系統用地,,,,00070000
RPRPMLRLKINFFBF88CC,麗林段,.00,都市：住,,,,06320000
RPQQMLSLKINFFBF98CC,麗林段,.00,都市：商,,,,04070004
RPPTMLSLKINFFBF56CC,富國段,.00,都市：商,,,,02110000
RPQTMLSLKINFFBF66CC,光榮段,.00,都市：住,,,,00750000
RPSOMLSLKINFFHF96CC,圓通段,.00,都市：住,,,,06040000
RPRPMLSLKINFFHF96CC,保平段,.00,都市：商,,,,06490000
RPUOMLSLKINFFHF17CC,安邦段,.00,都市：工,,,,00140000
RPPNMLKMKINFFHF48CC,永平段,2.03,都市：住,,,,08060000
RPPNMLKMKINFFHF48CC,永平段,1.62,都市：住,,,,08070000
RPPNMLKMKINFFHF48CC,永平段,.01,都市：其他:,,,,08070001
RPUPMLSLKINFFHF27CC,安樂段,.00,都市：住,,,,12020000
RPRNMLLMKINFFEF48CC,海天段,.02,都市：住,,,,06420000
RPRNMLLMKINFFEF48CC,海天段,.00,都市：住,,,,06420003
RPRNMLLMKINFFEF48CC,海天段,2.62,都市：住,,,,06530000
RPRNMLLMKINFFEF48CC,海天段,.19,都市：住,,,,06530004
RPRNMLLMKINFFEF48CC,海天段,.01,都市：住,,,,06530005
RPPNMLLMKINFFDF18CC,智興段,.00,都市：商,,,,04710000
RPPNMLLMKINFFDF18CC,智興段,.00,都市：住,,,,04760000
RPQNMLLMKINFFDF28CC,智興段,.00,都市：住,,,,02650000
RPQNMLLMKINFFDF28CC,智興段,.00,都市：其他:道路用地,,,,02650001
RPRNMLLMKINFFDF38CC,智興段,.00,都市：住,,,,01040000
RPPOMLSLKINFFBF78DC,榮和段,20.57,都市：住,,,,07980000
RPPNMLLJJHOFFEF87CC,中田寮段桂花樹小段,23.82,非都市：特定農業區 ; 非都市編定：甲種建築用地,,,,00190000
RPQNMLMJJHOFFDF97CC,保安段,33.55,都市：工,,,,11910000
RPSNMLMJJHOFFDF18CC,北山段,12.88,都市：工,,,,13520000
RPOOMLMJJHOFFAF57CC,忠義段,402.54,都市：工,,,,04680000
RPROMLMJJHOFFAF87CC,永和段,1350.00,都市：工,,,,05330000
RPQPMLMJJHOFFDF18CC,智興段,6.21,都市：住,,,,01040000
RPWOMLMJJHOFFDF68CC,智興段,.00,都市：商,,,,04710000
RPWOMLMJJHOFFDF68CC,智興段,.00,都市：住,,,,04760000
RPXOMLMJJHOFFDF78CC,中正段,138.00,都市：住,,,,00360000
RPTNMLMJJHOFFDF28CC,同新段,23.99,都市：工,,,,00130000
RPXOMLMJJHOFFHF56CC,板南段,.00,都市：工,,,,03110000
RPVOMLMJJHOFFHF98CC,板南段,.00,都市：工,,,,03110000
RPQNMLKMKINFFHF58CC,捷運段,.00,都市：其他:捷運系統用地,,,,00080000
RPWNMLMJJHOFFHF98CC,健康段,117.84,都市：工,,,,01970000
RPWQMLMJJHOFFHF66CC,圓通段,.00,都市：住,,,,07070000
RPWQMLMJJHOFFHF66CC,圓通段,.00,都市：其他:保護區,,,,07070001
RPVPMLMJJHOFFHF09CC,莒光段,11.38,都市：住,,,,05250000
RPVNMLMJJHOFFBF38DC,副都心段一小段,.00,都市：商,,,,00520000
RPXSMLNJJHOFFEF86DC,新市段,22.90,都市：住,,,,00870000
RPXOMLNJJHOFFCF78CC,安和段,.00,都市：住,,,,06690000
RPXOMLNJJHOFFCF78CC,安和段,.00,都市：商,,,,07280000
RPOPMLMJJHOFFGF48EC,頂崁段,.00,都市：工,,,,01460000
RPPRMLNJJHOFFCF28CC,中央段,31.50,都市：住,,,,12640000
RPUOMLNJJHOFFHF98CC,瓦?段,.00,都市：住,,,,04890000
RPVOMLNJJHOFFHF09CC,南工段,.00,都市：商,,,,07430000
RPSPMLNJJHOFFDF48CC,北山段,.00,都市：住,,,,01250000
RPSPMLNJJHOFFDF48CC,北山段,.00,都市：商,,,,00920000
RPPOMLMJJHOFFBF77CC,榮富段,.00,都市：住,,,,04750000
RPWOMLMJJHOFFAF58EC,力行段,26.33,都市：住,,,,04080004
RPOPMLMJJHOFFBF77CC,力行段,36.84,都市：商,,,,02590003
RPXQMLNJJHOFFEF56CC,正德段,.00,都市：住,,,,02070000
RPOTMLNJJHOFFEF58CC,中山段,.00,都市：住,,,,04670000
RPQNMLLJJHOFFEF97CC,新市段,8.47,都市：住,,,,01450001
RPTTMLNJJHOFFEF09CC,新興段,.00,都市：住,,,,06470000
RPRNMLLJJHOFFEF08CC,新市段,27.57,都市：住,,,,02270000
RPVRMLMJJHOFFEF98CC,公司田段,.00,都市：住,,,,00100000
RPPOMLMJJHOFFEF08CC,公司田段,27.00,都市：住,,,,00890000
RPPOMLOJJHOFFGF48CC,福德南段,.00,都市：住,,,,06980000
RPPOMLOJJHOFFGF48CC,福德南段,.00,都市：商,,,,07000000
RPSOMLOJJHOFFBF28CC,林口段,104.73,都市：商,,,,04550000
RPUTMLNJJHOFFEF56CC,仁愛段,.00,都市：住,,,,00440000
RPWTMLNJJHOFFEF76CC,淡海段,36.27,都市：住,,,,00850000
RPUUMLOJJHOFFEF76CC,海天段,.02,都市：住,,,,06420000
RPUUMLOJJHOFFEF76CC,海天段,.00,都市：住,,,,06420003
RPUUMLOJJHOFFEF76CC,海天段,3.19,都市：住,,,,06530000
RPUUMLOJJHOFFEF76CC,海天段,.23,都市：住,,,,06530004
RPUUMLOJJHOFFEF76CC,海天段,.01,都市：住,,,,06530005
RPVTMLOJJHOFFEF76CC,海天段,.02,都市：住,,,,06420000
RPVTMLOJJHOFFEF76CC,海天段,.00,都市：住,,,,06420003
RPVTMLOJJHOFFEF76CC,海天段,2.33,都市：住,,,,06530000
RPVTMLOJJHOFFEF76CC,海天段,.17,都市：住,,,,06530004
RPVTMLOJJHOFFEF76CC,海天段,.01,都市：住,,,,06530005
RPVTMLNJJHOFFEF66CC,新市段,.00,都市：住,,,,01450001
RPOOMLOJJHOFFHF48CC,莒光段,.00,都市：住,,,,02690000
RPPOMLOJJHOFFHF58CC,秀峰段,.00,都市：住,,,,04260000
RPPNMLPJJHOFFDF18CC,新峰段,.00,都市：住,,,,11690000
RPQNMLPJJHOFFDF28CC,新峰段,23.25,都市：住,,,,01540000
RPRNMLPJJHOFFDF38CC,新峰段,2.74,都市：住,,,,01190000
RPXNMLNJJHOFFIF66CC,尖山腳段,.00,都市：住,,,,09390000
RPTNMLOJJHOFFIF98CC,大學段一小段,23.89,都市：住,,,,01830000
RPUOMLOJJHOFFBF48CC,五工段,.00,非都市：工業區 ; 非都市編定：丁種建築用地,,,,04410000
RPTNMLRJJHOFFGF09CC,保佑段,.00,都市：其他:捷運系統用地,,,,00070000
RPOQMLOJJHOFFBF08CC,建林段,17.19,都市：住,,,,04890000
RPUNMLRJJHOFFGF56CC,保佑段,.00,都市：其他:捷運系統用地,,,,00070000
RPWNMLRJJHOFFGF76CC,保佑段,.00,都市：其他:捷運系統用地,,,,00070000
RPVNMLRJJHOFFGF66CC,保佑段,.00,都市：其他:捷運系統用地,,,,00070000
RPQPMLRJJHOFFEF78CC,新市段,8.71,都市：商,,,,01450001
RPQPMLOJJHOFFAF08CC,大庭段,.00,都市：住,,,,14350000
RPOOMLRJJHOFFEF48CC,淡海段,19.02,都市：住,,,,00530000
RPPNMLQJJHOFFEF38CC,公司田段,19.13,都市：住,,,,01880000
RPWRMLOJJHOFFAF88CC,信義段,.00,都市：工,,,,02060000
RPSOMLRJJHOFFEF88CC,馬偕段,9.07,都市：工,,,,01960000
RPQNMLQJJHOFFEF48CC,新市段,7.98,都市：商,,,,01450001
RPUOMLRJJHOFFGF66CC,保佑段,.00,都市：其他:捷運系統用地,,,,00070000
RPSOMLRJJHOFFGF09CC,保佑段,.00,都市：其他:捷運系統用地,,,,00070000
RPROMLRJJHOFFGF98CC,保佑段,.00,都市：其他:捷運系統用地,,,,00070000
RPQOMLRJJHOFFGF88CC,保佑段,.00,都市：其他:捷運系統用地,,,,00070000
RPOOMLRJJHOFFGF68CC,保佑段,.00,都市：其他:捷運系統用地,,,,00070000
RPXNMLRJJHOFFGF86CC,保佑段,.00,都市：其他:捷運系統用地,,,,00070000
RPVOMLRJJHOFFGF76CC,保佑段,.00,都市：其他:捷運系統用地,,,,00070000
RPPOMLRJJHOFFGF78CC,保佑段,.00,都市：其他:捷運系統用地,,,,00070000
RPXOMLRJJHOFFBF09CC,昌隆段,27.65,都市：住,,,,00130000
RPPPMLRJJHOFFBF38CC,信華段一小段,31.37,都市：住,,,,00260000
RPUPMLRJJHOFFBF88CC,副都心段一小段,14.09,都市：商,,,,03070000
RPWOMLRJJHOFFCF09CC,安興段,11518.31,都市：其他:,,,,00410000
RPVNMLRJJHOFFBF88DC,和平段,.00,都市：住,,,,07890000
RPUOMLRJJHOFFBF78CC,富國段,16.59,都市：住,,,,07680000
RPWPMLRJJHOFFBF56DC,復興段,.00,都市：住,,,,01950000
RPOPMLRJJHOFFBF28CC,榮富段,10.75,都市：住,,,,08820000
RPRNMLSJJHOFFHF09CC,錦和段,.00,都市：住,,,,01040000
RPQQMLSJJHOFFIF76CC,大學段一小段,.00,都市：商,,,,00500000
RPWOMLSJJHOFFHF07CC,錦和段,.00,都市：住,,,,09630000
RPXOMLSJJHOFFHF17CC,安邦段,21.81,都市：住,,,,05900000
RPSOMLSJJHOFFHF66CC,雙和段,3.08,都市：住,,,,02910000
RPSOMLSJJHOFFHF66CC,雙和段,6.12,都市：商,,,,02920000
RPVOMLSJJHOFFHF96CC,信義段,14.07,都市：住,,,,01130000
RPQOMLSJJHOFFHF09CC,雙和段,11.49,都市：住,,,,03450000
RPQOMLSJJHOFFHF09CC,雙和段,23.63,都市：住,,,,03460000
RPQOMLSJJHOFFHF09CC,雙和段,.76,都市：住,,,,03470000
RPPPMLSJJHOFFHF09CC,保平段,.00,都市：住,,,,09990000
RPRPMLSJJHOFFHF66CC,秀峰段,.00,都市：住,,,,04710000
RPQQMLSJJHOFFHF66CC,大同段,.00,都市：住,,,,01290000
RPRQMLSJJHOFFHF76CC,安平段,.00,都市：住,,,,04420000
RPPQMLSJJHOFFIF86EC,博愛段,.00,都市：商,,,,00780000
RPSQMLSJJHOFFHF86CC,大同段,.00,都市：住,,,,01290000
RPVOMLSJJHOFFBF98CC,五工段,1293.49,非都市：工業區 ; 非都市編定：丁種建築用地,,,,01630000
RPVNMLSJJHOFFAF78CC,中山段,.00,都市：住,,,,00540000
RPUOMLSJJHOFFAF78CC,清水段,.00,都市：住,,,,01500000
RPVOMLSJJHOFFAF88CC,沛陂段,.00,都市：住,,,,05430000
RPWPMLSJJHOFFAF09CC,江子翠段第三崁小段,.00,都市：住,,,,01110000
RPXPMLSJJHOFFAF56CC,力行段,.00,都市：住,,,,04080004
RPSOMLSJJHOFFDF88CC,建成段,.00,都市：住,,,,04390000
RPQQMLSJJHOFFGF56CC,文化北段,.00,都市：商,,,,08410000
RPQQMLSJJHOFFGF56CC,文化北段,.00,都市：商,,,,08420000
RPQQMLSJJHOFFGF56CC,文化北段,.00,都市：住,,,,08430000
RPWOMLRJJHOFFGF86CC,保佑段,.00,都市：其他:捷運系統用地,,,,00070000
RPSPMLRJJHOFFGF56CC,重陽段,.00,都市：住,,,,01820000
RPOPMLRJJHOFFGF78CC,保佑段,.00,都市：其他:捷運系統用地,,,,00070000
RPPNMLSJJHOFFGF78CC,菜寮段,.00,都市：住,,,,17380000
RPXOMLRJJHOFFGF96CC,保佑段,.00,都市：其他:捷運系統用地,,,,00070000
RPQNMLTJJHOFFIF76EC,尖山腳段,.00,都市：住,,,,09390000
RPUNMLTJJHOFFAF78CC,江子翠段第二崁小段,.00,都市：住,,,,02360009
RPXOMLSJJHOFFCF66CC,莊敬段,.00,都市：其他:市場用地,,,,07850000
RPXOMLSJJHOFFCF66CC,莊敬段,.00,都市：其他:捷運系統用地,,,,07850002
RPSQMLTJJHOFFAF98DC,府中段,6.96,都市：住,,,,06310000
RPUOMLTJJHOFFHF96CC,景華段,.00,都市：住,,,,05070000
RPVOMLTJJHOFFHF07CC,福美段,.00,都市：其他:市場用地,,,,05130000
RPUNMLTJJHOFFHF86CC,景華段,.00,都市：商,,,,03150000
RPXQMLTJJHOFFAF96EC,江子翠段第三崁小段,.00,都市：住,,,,01000000
RPPNMLKKJHOFFIF28CC,大學段二小段,17.05,都市：住,,,,01030000
RPQNMLKKJHOFFIF38CC,大學段二小段,18.24,都市：住,,,,00100000
RPSNMLKKJHOFFIF58CC,大學段二小段,12.09,都市：商,,,,00960000
RPXOMLKKJHOFFCF58CC,復興段,40.30,都市：工,,,,04960000
RPQRMLSJJHOFFBF78CC,行政段,.00,都市：商,,,,02020000
RPQSMLSJJHOFFBF88CC,安和段,.00,都市：工,,,,02830000
RPQNMLKKJHOFFEF97CC,公司田段,5.80,都市：住,,,,00100000
RPRNMLKKJHOFFEF08CC,公司田段,28.85,都市：住,,,,01880000
RPPQMLSJJHOFFEF88CC,新市段,8.16,都市：商,,,,01450001
RPSSMLSJJHOFFEF76CC,關渡段,.00,都市：住,,,,07910011
RPRSMLSJJHOFFEF66CC,淡海段,.00,都市：住,,,,00230000
RPSNMLKKJHOFFEF18CC,新市段,8.47,都市：住,,,,01450001
RPQRMLTJJHOFFEF56CC,飛歌段,32.99,都市：住,,,,05670000
RPVPMLLKJHOFFEF78CC,天生段,.00,都市：住,,,,01260000
RPPQMLLKJHOFFEF28CC,紅毛城段,42.26,都市：住,,,,06370000
RPUPMLLKJHOFFEF68CC,馬偕段,6.70,都市：工,,,,01960000
RPSPMLLKJHOFFEF48CC,馬偕段,6.81,都市：工,,,,01960000
RPTQMLKKJHOFFBF28CC,力行段,21.87,都市：商,,,,02590000
RPXQMLKKJHOFFEF98CC,關渡段,.00,都市：住,,,,07670000
RPXQMLKKJHOFFEF98CC,關渡段,.00,都市：其他:道路用地,,,,07670001
RPTRMLKKJHOFFEF68CC,海鷗段,.00,都市：住,,,,07600000
RPTRMLKKJHOFFEF68CC,海鷗段,.00,都市：住,,,,07600003
RPTNMLKKJHOFFEF28CC,公司田段,19.94,都市：住,,,,00100001
RPRPMLLKJHOFFEF38CC,新市段,22.32,都市：住,,,,02040000
RPQPMLLKJHOFFEF28CC,海天段,7.02,都市：住,,,,03880000
RPVQMLLKJHOFFGF09CC,成功段,.00,都市：住,,,,05720000
RPSQMLLKJHOFFGF78CC,大同南段,.00,都市：住,,,,09480000
RPWOMLLKJHOFFBF48CC,恒安段,.00,都市：住,,,,00280000
RPUQMLLKJHOFFGF98CC,光華段,.00,都市：住,,,,03820000
RPTOMLLKJHOFFBF18CC,力行段,.00,都市：住,,,,05400000
RPPPMLLKJHOFFBF87CC,安泰段,.00,都市：工,,,,01010000
RPXSMLLKJHOFFAF88CC,港子嘴段,.00,都市：住,,,,01970081
RPVSMLLKJHOFFBF78CC,佳林段,.00,都市：住,,,,06040000
RPPOMLLKJHOFFDF97CC,北山段,9.23,都市：住,,,,04430000
RPUNMLLKJHOFFDF38CC,昊天段,.00,都市：工,,,,10860000
RPPPMLLKJHOFFDF08CC,昊天段,22.71,都市：工,,,,08720000
RPTNMLLKJHOFFIF78CC,復興段,.00,都市：商,,,,07920000
RPOOMLMKJHOFFHF38CC,中原段,.00,都市：工,,,,04310000
RPOOMLMKJHOFFHF38CC,中原段,.00,都市：工,,,,04360000
RPPQMLLKJHOFFDF38EC,保長段,6.64,都市：住,,,,09950000
RPSNMLMKJHOFFBF08CC,行政段,18.45,都市：商,,,,03170000
RPPNMLMKJHOFFDF97CC,新峰段,.00,都市：住,,,,07630000
RPTNMLMKJHOFFBF18CC,建林段,18.66,都市：住,,,,03480000
RPUNMLMKJHOFFBF28CC,國宅段,22.39,都市：住,,,,00060009
RPUQMLLKJHOFFEF78CC,飛歌段,22.70,都市：住,,,,05040000
RPVQMLLKJHOFFEF88CC,新市段,.00,都市：住,,,,02040000
RPSNMLNKJHOFFEF48CC,中興段,4.81,都市：住,,,,01620000
RPWQMLLKJHOFFEF98CC,仁愛段,.00,都市：住,,,,01300000
RPSOMLNKJHOFFEF58CC,公司田段,12.97,都市：住,,,,00270001
RPPNMLNKJHOFFEF18CC,學府段,33.68,都市：住,,,,02510000
RPXQMLLKJHOFFEF09CC,中山段,.00,都市：住,,,,17230000
RPOOMLOKJHOFFDF18CC,金龍段,.00,都市：住,,,,02340000
RPPPMLOKJHOFFBF18CC,副都心段一小段,.00,都市：商,,,,02810002
RPUNMLOKJHOFFDF68CC,北山段,.00,都市：住,,,,04430000
RPQPMLOKJHOFFAF18CC,海山段,.00,都市：住,,,,08310002
RPPOMLOKJHOFFDF28CC,大同段,.00,都市：住,,,,03280000
RPOPMLOKJHOFFAF97CC,樂利段,.00,都市：住,,,,01140000
RPWNMLOKJHOFFHF76DC,保平段,23.15,都市：住,,,,11200000
RPVPMLOKJHOFFHF76CC,福祥段,.00,都市：住,,,,04010000
RPVPMLOKJHOFFHF76CC,福祥段,.00,都市：商,,,,04090000
RPVPMLOKJHOFFHF76CC,福祥段,.00,都市：住,,,,04090001
RPTQMLOKJHOFFAF78EC,篤行段,306.55,都市：其他:權狀為田地，使用分區為公園用地,,,,00430000
RPTQMLOKJHOFFAF78EC,篤行段,.00,都市：其他:權狀為旱地，使用分區為公園用地,,,,00440000
RPVPMLOKJHOFFAF68CC,力行段,18.43,都市：住,,,,04080004
RPUQMLOKJHOFFAF68CC,幸福段,.00,都市：住,,,,00570000
RPUQMLOKJHOFFAF68CC,江子翠段溪頭小段,.00,都市：住,,,,02700000
RPVQMLOKJHOFFHF86CC,四維段,.00,都市：住,,,,01470000
RPTNMLOKJHOFFCF48CC,寶興段,.00,都市：工,,,,02570000
RPTNMLOKJHOFFCF48CC,寶興段,.00,都市：工,,,,02610000
RPQNMLOKJHOFFIF78CC,大同段,.00,都市：商,,,,00900000
RPUOMLPKJHOFFCF78CC,安和段,12.46,都市：住,,,,09630000
RPVNMLOKJHOFFIF66CC,國慶段,142.00,都市：住,,,,09740000
RPVNMLPKJHOFFDF09EC,保長段,5.35,都市：住,,,,10540000
RPWNMLPKJHOFFDF56EC,保長段,3.91,都市：住,,,,09950000
RPQOMLPKJHOFFDF68EC,保長段,7.56,都市：住,,,,09950000
RPOOMLPKJHOFFDF48EC,保長段,8.47,都市：住,,,,09950000
RPROMLPKJHOFFDF78EC,保長段,5.54,都市：住,,,,10540000
RPTNMLPKJHOFFDF68CC,智興段,14.14,都市：商,,,,04500000
RPSOMLOKJHOFFGF88CC,福德南段,.00,都市：商,,,,04350000
RPSOMLOKJHOFFGF88CC,福德南段,.00,都市：商,,,,04360000
RPQPMLPKJHOFFGF88CC,保佑段,.00,都市：其他:捷運系統用地,,,,00070000
RPXNMLOKJHOFFEF09CC,正德段,.00,都市：住,,,,07440000
RPSNMLOKJHOFFEF58CC,公司田段,.00,都市：住,,,,01880000
RPXPMLOKJHOFFEF66CC,正德段,.00,都市：住,,,,06360000
RPRPMLPKJHOFFGF98CC,保佑段,.00,都市：其他:捷運系統用地,,,,00070000
RPTPMLPKJHOFFGF56CC,保佑段,.00,都市：其他:捷運系統用地,,,,00070000
RPSPMLPKJHOFFGF09CC,保佑段,.00,都市：其他:捷運系統用地,,,,00070000
RPOQMLPKJHOFFGF78CC,保佑段,.00,都市：其他:捷運系統用地,,,,00070000
RPQQMLPKJHOFFGF98CC,保佑段,.00,都市：其他:捷運系統用地,,,,00070000
RPPQMLPKJHOFFGF88CC,保佑段,.00,都市：其他:捷運系統用地,,,,00070000
RPWPMLPKJHOFFGF86CC,保佑段,.00,都市：其他:捷運系統用地,,,,00070000
RPXPMLPKJHOFFGF96CC,保佑段,.00,都市：其他:捷運系統用地,,,,00070000
RPUPMLPKJHOFFGF66CC,保佑段,.00,都市：其他:捷運系統用地,,,,00070000
RPVPMLPKJHOFFGF76CC,保佑段,.00,都市：其他:捷運系統用地,,,,00070000
RPQRMLPKJHOFFEF88CC,新市段,28.44,都市：住,,,,00420000
RPXOMLQKJHOFFEF76CC,正德段,.00,非都市： ; 非都市編定：,,,,02320000
RPXOMLQKJHOFFEF76CC,正德段,.00,非都市： ; 非都市編定：,,,,02330000
RPQQMLQKJHOFFEF88CC,樹興段,.00,非都市：山坡地保育區 ; 非都市編定：丙種建築用地,,,,09860000
RPQQMLQKJHOFFEF88CC,樹興段,.00,非都市：山坡地保育區 ; 非都市編定：丙種建築用地,,,,09870000
RPXQMLQKJHOFFEF96CC,新興段,.00,都市：住,,,,06470000
RPXQMLQKJHOFFEF96CC,新興段,.00,都市：其他:道路用地,,,,06470001
RPWRMLPKJHOFFGF07CC,保佑段,.00,都市：其他:捷運系統用地,,,,00070000
RPVRMLPKJHOFFGF96CC,保佑段,.00,都市：其他:捷運系統用地,,,,00070000
RPURMLPKJHOFFGF86CC,保佑段,.00,都市：其他:捷運系統用地,,,,00070000
RPUPMLQKJHOFFDF09CC,八連段,.00,非都市：山坡地保育區 ; 非都市編定：丙種建築用地,,,,15630000
RPWSMLQKJHOFFAF66CC,江子翠段第三崁小段,.00,都市：住,,,,00650000
RPOQMLQKJHOFFBF38CC,榮富段,.00,都市：住,,,,04360000
RPOQMLQKJHOFFBF38CC,榮富段,.00,都市：住,,,,04370000
RPTQMLQKJHOFFBF88CC,貴和段,.00,都市：住,,,,10100000
RPSOMLQKJHOFFGF09CC,正義段,.00,都市：住,,,,01690000
RPVNMLQKJHOFFGF66CC,重陽段,21.60,都市：住,,,,01790000
RPQOMLQKJHOFFGF88CC,永德段,.00,都市：住,,,,06440000
RPQOMLQKJHOFFGF88CC,永德段,.00,都市：其他:,,,,06440001
RPSQMLQKJHOFFHF76CC,莊敬段,.00,都市：商,,,,06600000
RPPNMLRKJHOFFHF88CC,福祥段,.00,都市：住,,,,03810000
RPQNMLRKJHOFFHF98CC,中興段,.00,都市：住,,,,00680000
RPPPMLRKJHOFFAF58EC,安和段,30.57,都市：住,,,,07360000
RPPPMLRKJHOFFDF68CC,智興段,21.31,都市：住,,,,08890000
RPVNMLSKJHOFFDF56CC,同新段,28.35,都市：工,,,,00130000
RPXNMLSKJHOFFDF76CC,同新段,11.99,都市：工,,,,00130000
RPVNMLSKJHOFFAF88CC,亞東段,.00,都市：住,,,,08130000
RPVOMLSKJHOFFAF98CC,大豐段,23.83,都市：住,,,,00080000
RPXOMLSKJHOFFAF56CC,民權段,.00,都市：住,,,,02630002
RPRPMLSKJHOFFAF68CC,安和段,28.58,都市：住,,,,08240000
RPQRMLPKJHOFFGF09CC,保佑段,.00,都市：其他:捷運系統用地,,,,00070000
RPORMLPKJHOFFGF88CC,保佑段,.00,都市：其他:捷運系統用地,,,,00070000
RPWQMLPKJHOFFGF96CC,保佑段,.00,都市：其他:捷運系統用地,,,,00070000
RPROMLSKJHOFFBF68CC,新豐段,18.50,都市：商,,,,00100000
RPTOMLSKJHOFFBF88CC,菁埔段樹林口小段,411.67,都市：住,,,,01970000
RPTQMLPKJHOFFGF66CC,保佑段,.00,都市：其他:捷運系統用地,,,,00070000
RPUQMLPKJHOFFGF76CC,保佑段,.00,都市：其他:捷運系統用地,,,,00070000
RPPRMLPKJHOFFGF98CC,保佑段,.00,都市：其他:捷運系統用地,,,,00070000
RPQQMLRKJHOFFBF68CC,中原段,33.13,都市：住,,,,00840000
RPTUMLSKJHOFFEF17CC,海鷗段,.00,都市：住,,,,04840000
RPROMLSKJHOFFHF76DC,秀峰段,15.38,都市：住,,,,02010000
RPSOMLSKJHOFFCF88CC,蘭溪段,.00,都市：住,,,,13080000
RPWNMLSKJHOFFHF07CC,板南段,.00,都市：工,,,,03110000
RPPOMLSKJHOFFCF58CC,寶興段,.00,都市：住,,,,02460000
RPXQMLSKJHOFFBF86CC,泰山段一小段,.00,都市：住,,,,06700019
RPUOMLSKJHOFFHF96CC,保健段,.00,都市：住,,,,05930000
RPUPMLSKJHOFFHF07CC,捷運段,.00,都市：住,,,,01060000
RPOPMLSKJHOFFHF09CC,新和段,.00,都市：住,,,,05050000
RPWOMLRKJHOFFDF86EC,保長段,3.91,都市：住,,,,09950000
RPVUMLSKJHOFFEF37CC,新市段,7.77,都市：住,,,,01410000
RPQOMLTKJHOFFHF66CC,連城段,.00,都市：住,,,,06920000
RPSOMLTKJHOFFHF86CC,南勢段,.00,都市：住,,,,04630000
RPWOMLTKJHOFFHF27CC,中和段,.00,都市：住,,,,04450000
RPTOMLTKJHOFFHF96CC,頂溪段,.00,都市：住,,,,01770000
RPXOMLTKJHOFFHF37CC,華中段,42.74,都市：住,,,,00610000
RPROMLTKJHOFFHF76CC,莒光段,.00,都市：住,,,,00680000
RPVOMLTKJHOFFHF17CC,民治段,.00,都市：商,,,,09150000
RPRNMLTKJHOFFIF96EC,圳生段,1425.10,都市：工,,,,06930000
RPQPMLTKJHOFFHF76CC,仁和段,.00,都市：住,,,,04960000
RPOPMLTKJHOFFHF56CC,安邦段,17.01,都市：住,,,,09630000
RPSPMLTKJHOFFHF96CC,橋和段,.00,都市：工,,,,02190000
RPRPMLTKJHOFFHF86CC,板南段,.00,都市：工,,,,03110000
RPPOMLTKJHOFFEF88CC,新興段,4.64,都市：住,,,,10210000
RPPOMLTKJHOFFEF88CC,新興段,1.02,都市：住,,,,10220000
RPPPMLTKJHOFFHF66CC,民樂段,.00,都市：住,,,,07850000
RPQOMLTKJHOFFEF98CC,新興段,4.64,都市：住,,,,10210000
RPQOMLTKJHOFFEF98CC,新興段,1.02,都市：住,,,,10220000
RPSOMLTKJHOFFEF56CC,新興段,5.76,都市：住,,,,08840000
RPPNMLTKJHOFFGF98CC,正民段,.00,都市：住,,,,06850000
RPUPMLTKJHOFFBF56CC,建林段,.09,都市：商,,,,03800000
RPUPMLTKJHOFFBF56CC,建林段,11.09,都市：商,,,,03800001
RPUOMLTKJHOFFBF09CC,五工段,.00,非都市：工業區 ; 非都市編定：丁種建築用地,,,,03830000
RPVOMLTKJHOFFBF56CC,鴻福段,658.04,都市：工,,,,03700000
RPVPMLLLJHOFFBF58CC,化成段,298.71,都市：工,,,,02810000
RPVPMLLLJHOFFBF58CC,化成段,61.86,都市：工,,,,02810001
RPTPMLLLJHOFFBF38CC,工二段,1459.00,都市：工,,,,00780001
RPXPMLLLJHOFFBF78CC,成福段,.00,都市：住,,,,10650000
RPVNMLLLJHOFFBF38CC,陸光段,.00,都市：住,,,,01970000
RPXQMLTKJHOFFBF96CC,陸光段,.00,都市：住,,,,02560000
RPSRMLLLJHOFFAF38CC,光華段,.00,都市：住,,,,03100005
RPTSMLLLJHOFFEF98CC,海鷗段,.00,都市：住,,,,10100000
RPPRMLLLJHOFFEF48CC,公司田段,.00,都市：住,,,,00100000
RPSPMLLLJHOFFDF48CC,昊天段,115.13,都市：工,,,,11210000
RPSPMLLLJHOFFDF48CC,昊天段,102.49,都市：工,,,,11210000
RPSPMLLLJHOFFDF48CC,昊天段,102.49,都市：工,,,,11210000
RPSPMLLLJHOFFDF48CC,昊天段,115.13,都市：工,,,,11210000
RPXNMLLLJHOFFHF56CC,永安段,.00,都市：住,,,,07610000
RPWOMLLLJHOFFGF09CC,成功段,.00,都市：住,,,,12470000
RPWNMLLLJHOFFHF09CC,連城段,4444.19,都市：住,,,,01220000
RPPOMLLLJHOFFHF48CC,秀峰段,.00,都市：住,,,,01960000
RPROMLLLJHOFFHF68CC,莊敬段,.00,都市：商,,,,06550000
RPPPMLLLJHOFFCF08CC,惠國段,.00,都市：住,,,,04420000
RPQQMLLLJHOFFHF78CC,林森段,.00,都市：住,,,,02970000
RPWNMLLLJHOFFDF88EC,福德段,.00,都市：住,,,,08080000
RPSNMLMLJHOFFGF78DC,永德段,18.80,都市：住,,,,11010000
RPXTMLLLJHOFFEF86CC,龍米段,.00,都市：住,,,,11410000
RPQOMLTKJHOFFEF56EC,公司田段,8.76,都市：住,,,,00890000
RPROMLTKJHOFFEF66EC,公司田段,8.76,都市：住,,,,00890000
RPSNMLMLJHOFFCF28CC,民權段,58.84,都市：其他:第四種住宅區,,,,09450000
RPXQMLMLJHOFFHF96CC,大新段,.00,都市：住,,,,03790000
RPRNMLMLJHOFFEF38CC,公司田段,23.87,都市：商,,,,00070000
RPUNMLMLJHOFFEF68CC,中正段,23.26,都市：住,,,,03970000
RPUOMLLLJHOFFAF48EC,員和段,178.41,都市：工,,,,01070000
RPWPMLMLJHOFFEF09CC,新興段,.00,都市：住,,,,07920000
RPOOMLMLJHOFFGF38CC,忠孝段,.00,都市：住,,,,01790000
RPRPMLMLJHOFFEF58CC,海天段,6.32,都市：住,,,,01900000
RPPPMLLLJHOFFAF08EC,沛陂段,.00,都市：住,,,,05080000
RPTNMLMLJHOFFDF48CC,智興段,.00,都市：商,,,,04410000
RPPQMLMLJHOFFGF68CC,重新段壹小段,.00,都市：商,,,,00560021
RPTPMLMLJHOFFDF68CC,水源段,2164.79,都市：住,,,,12700000
RPTPMLMLJHOFFDF68CC,水源段,12.13,都市：其他:保護區,,,,12700001
RPWPMLMLJHOFFAF68CC,光仁段,.00,都市：住,,,,29510000
RPVPMLMLJHOFFAF58CC,江子翠段第二崁小段,.00,都市：住,,,,01570000
RPWSMLMLJHOFFBF09CC,民安段,.00,都市：住,,,,07230000
RPOSMLMLJHOFFBF28CC,陸光段,.00,都市：住,,,,05190000
RPQQMLMLJHOFFBF28CC,陸光段,.00,都市：住,,,,01970000
RPXSMLMLJHOFFBF56CC,榮富段,.00,都市：住,,,,09290000
RPVQMLLLJHOFFBF68CC,光榮段,.00,都市：住,,,,00610000
RPQQMLLLJHOFFBF18CC,國宅段,6.63,都市：住,,,,00160001
RPVSMLMLJHOFFBF98CC,力行段,.00,都市：商,,,,02590003
RPWRMLNLJHOFFBF09CC,立德段,.00,都市：住,,,,02220000
RPROMLNLJHOFFEF58CC,淡海段,.00,都市：住,,,,00850000
RPVOMLNLJHOFFEF98CC,淡海段,39.62,都市：住,,,,01060000
RPOPMLNLJHOFFBF08CC,五工段,.00,非都市：工業區 ; 非都市編定：丁種建築用地,,,,03830000
RPOPMLNLJHOFFEF38CC,淡海段,27.09,都市：住,,,,01580000
RPTNMLMLJHOFFIF98CC,安溪段,.00,都市：住,,,,13870000
RPORMLLLJHOFFIF78CC,大學段一小段,5.34,都市：住,,,,00910000
RPUPMLMLJHOFFIF66CC,大同段,.00,都市：住,,,,06680000
RPVNMLNLJHOFFHF56CC,瓦?段,.00,都市：住,,,,00490000
RPXOMLNLJHOFFHF86CC,得和段,.00,都市：住,,,,05830000
RPPPMLNLJHOFFHF78CC,保平段,.00,都市：商,,,,06200000
RPPPMLNLJHOFFHF78CC,保平段,.00,都市：住,,,,06200001
RPSNMLNLJHOFFDF48CC,智興段,.00,都市：商,,,,04080000
RPRNMLNLJHOFFDF38CC,金龍段,2788.89,都市：住,,,,03320000
RPXNMLNLJHOFFDF98CC,水源段,3903.39,都市：住,,,,09920000
RPXNMLNLJHOFFDF98CC,水源段,1.50,都市：其他:保護區,,,,09920001
RPQPMLNLJHOFFCF38CC,寶元段,83.29,都市：工,,,,01090000
RPSPMLNLJHOFFCF58CC,寶橋段,332.10,都市：工,,,,04080000
RPXQMLNLJHOFFAF56EC,成功段,.00,都市：住,,,,03390000
RPROMLOLJHOFFCF48CC,福園段,41.32,都市：住,,,,06660000
RPWOMLOLJHOFFCF98CC,寶橋段,.00,都市：工,,,,04510000
RPPPMLOLJHOFFCF38CC,復興段,.00,都市：工,,,,04140000
RPQPMLOLJHOFFCF48CC,復興段,.00,都市：工,,,,04140000
RPQPMLNLJHOFFHF88CC,永福段,.00,都市：住,,,,02280000
RPXNMLOLJHOFFHF86CC,國光段,.00,都市：住,,,,02630000
RPUNMLOLJHOFFHF56CC,南山段,.00,都市：住,,,,08880000
RPURMLNLJHOFFEF56CC,紅毛城段,24.57,都市：住,,,,04390000
RPUNMLOLJHOFFEF88CC,淡海段,.00,都市：住,,,,00850000
RPUQMLOLJHOFFEF56CC,新市段,13.77,都市：住,,,,02190000
RPVQMLOLJHOFFEF66CC,馬偕段,5.67,都市：工,,,,01960000
RPOSMLNLJHOFFEF68CC,新市段,8.12,都市：住,,,,01410000
RPTQMLNLJHOFFEF98CC,新興段,9.10,都市：住,,,,08280000
RPVRMLNLJHOFFEF66CC,中興段,.00,都市：住,,,,01730000
RPXRMLNLJHOFFEF86CC,正德段,4.91,都市：住,,,,09030000
RPXOMLOLJHOFFDF56CC,智興段,4.54,都市：住,,,,01040000
RPPPMLOLJHOFFDF48CC,智興段,4.98,都市：住,,,,00410000
RPQPMLOLJHOFFDF58CC,智興段,7.14,都市：住,,,,02890000
RPSPMLOLJHOFFDF78CC,智興段,4.72,都市：住,,,,00410000
RPVNMLOLJHOFFBF68CC,力行段,8.63,都市：住,,,,09590000
RPPOMLPLJHOFFDF48CC,北峰段,.00,非都市：山坡地保育區 ; 非都市編定：丙種建築用地,,,,05410000
RPUNMLPLJHOFFGF56CC,長樂段,18.67,都市：住,,,,05520000
RPXOMLNLJHOFFIF96CC,中正段,.00,都市：住,,,,03370000
RPSNMLPLJHOFFHF09CC,永利段,.00,都市：其他:,,,,02030000
RPVNMLPLJHOFFHF76CC,橋和段,18.94,都市：工,,,,02190000
RPVOMLPLJHOFFHF86CC,國光段,.00,都市：商,,,,02250000
RPVOMLPLJHOFFHF86CC,國光段,.00,都市：商,,,,02260000
RPURMLPLJHOFFBF09CC,新豐段,.00,都市：商,,,,00100000
RPTNMLQLJHOFFHF66CC,大新段,.00,都市：住,,,,03790000
RPVNMLQLJHOFFHF86CC,大同段,.00,都市：住,,,,03530000
RPUNMLQLJHOFFHF76CC,得林段,.00,都市：住,,,,03110000
RPWOMLQLJHOFFGF96CC,重陽段,.00,都市：住,,,,01130000
RPOPMLQLJHOFFGF88CC,五華段,.00,都市：住,,,,03400000
RPXOMLQLJHOFFGF07CC,大安段,.00,都市：住,,,,02170000
RPXOMLQLJHOFFGF07CC,大安段,.00,都市：其他:道路用地,,,,02170001
RPQNMLQLJHOFFAF28CC,文化段,.00,都市：住,,,,02620000
RPPNMLQLJHOFFAF18CC,江子翠段第二崁小段,.00,都市：商,,,,02010003
RPSNMLQLJHOFFAF48CC,港子嘴段,.00,都市：其他:行水區,,,,02060010
RPPNMLQLJHOFFBF28CC,麗林段,.00,都市：商,,,,04070004
RPSRMLOLJHOFFEF09CC,馬偕段,5.67,都市：工,,,,01960000
RPXQMLOLJHOFFEF86CC,馬偕段,5.67,都市：工,,,,01960000
RPPNMLQLJHOFFEF58CC,淡海段,.00,都市：住,,,,00810000
RPORMLOLJHOFFEF68CC,馬偕段,5.67,都市：工,,,,01960000
RPUOMLPLJHOFFEF09CC,新興段,1.16,都市：住,,,,08770000
RPUOMLPLJHOFFEF09CC,新興段,2.91,都市：住,,,,08780000
RPRRMLOLJHOFFEF98CC,海鷗段,.18,都市：住,,,,07600003
RPPRMLOLJHOFFEF78CC,馬偕段,9.64,都市：工,,,,01960000
RPWNMLQLJHOFFBF98CC,同興段,11.58,都市：商,,,,01450000
RPPOMLQLJHOFFBF38CC,榮富段,12.20,都市：住,,,,02470000
RPVNMLQLJHOFFBF88CC,副都心段一小段,8.03,都市：商,,,,03700000
RPQOMLQLJHOFFBF48CC,思源段,14.16,都市：住,,,,09210000
RPUNMLQLJHOFFBF78CC,中誠段,14.65,都市：住,,,,07750000
RPTNMLQLJHOFFBF68CC,榮富段,10.63,都市：住,,,,09060001
RPOOMLQLJHOFFBF28CC,副都心段五小段,10.37,都市：住,,,,00080000
RPSOMLQLJHOFFBF68CC,立德段,18.71,都市：住,,,,02220000
RPTOMLQLJHOFFBF78CC,中原段,17.61,都市：商,,,,01950000
RPPNMLRLJHOFFEF68CC,新興段,35.08,都市：住,,,,08430000
RPUQMLSLJHOFFEF96CC,竹圍段,25.13,都市：住,,,,06380000
RPUOMLQLJHOFFBF88CC,中原段,36.49,都市：住,,,,00290000
RPPQMLSLJHOFFHF76CC,中興段,72.43,都市：住,,,,01290000
RPQNMLRLJHOFFEF78CC,大義段,28.95,都市：住,,,,05000000
RPQNMLRLJHOFFEF78CC,大義段,34.49,都市：住,,,,05010000
RPSOMLSLJHOFFIF96CC,永安段,145.34,都市：住,,,,16430000
RPQOMLSLJHOFFBF68CC,新豐段,48.00,都市：商,,,,00100000
RPQNMLSLJHOFFAF68EC,中華段,30.13,都市：工,,,,04670000
RPOQMLSLJHOFFAF78EC,文化段,.00,都市：住,,,,15160000
RPRQMLSLJHOFFIF07CC,山佳段,.00,都市：商,,,,05910000
RPORMLTLJHOFFBF09EC,昌隆段,23.57,都市：住,,,,07920000
RPPQMLSLJHOFFAF88EC,光仁段,.00,都市：住,,,,29660021
RPVQMLSLJHOFFAF86EC,樂利段,31.51,都市：住,,,,10080000
RPVOMLTLJHOFFDF07EC,保長段,9.31,都市：住,,,,09950000
RPWOMLTLJHOFFDF17EC,保長段,3.91,都市：住,,,,09950000
RPQPMLTLJHOFFIF96CC,大學段二小段,.00,都市：住,,,,01290000
RPQPMLTLJHOFFIF96CC,大學段二小段,.00,都市：住,,,,01290001
RPQPMLTLJHOFFIF96CC,大學段二小段,.00,都市：住,,,,01290023
RPTNMLTLJHOFFHF96CC,民樂段,24.66,都市：住,,,,05490000
RPTNMLTLJHOFFHF96CC,民樂段,6.65,都市：住,,,,05430000
RPTPMLTLJHOFFCF66CC,新和段,.00,都市：住,,,,01860000
RPUQMLTLJHOFFHF37CC,連城段,.00,都市：住,,,,01220000
RPXOMLTLJHOFFDF27EC,保長段,6.64,都市：住,,,,09950000
RPOPMLTLJHOFFDF09EC,保長段,3.91,都市：住,,,,09950000
RPTPMLTLJHOFFEF07EC,新市段,15.94,都市：住,,,,00720000
RPSSMLTLJHOFFBF76CC,陸光段,.00,都市：住,,,,02150000
RPQTMLTLJHOFFAF56CC,幸福段,.00,都市：住,,,,09310000
RPPTMLTLJHOFFAF09CC,學成段,.00,都市：住,,,,02890000
RPVPMLTLJHOFFEF07CC,新市段,22.86,都市：住,,,,02040000
RPTNMLTLJHOFFGF86CC,保佑段,.00,都市：其他:捷運系統用地,,,,00070000
RPRPMLTLJHOFFEF66CC,新市段,.00,都市：住,,,,02110000
RPQPMLSLJHOFFDF98CC,水源段,.00,都市：住,,,,10460000
RPQPMLSLJHOFFDF98CC,水源段,.00,都市：住,,,,10360000
RPQPMLSLJHOFFDF98CC,水源段,.00,都市：其他:保護區,,,,10460001
RPQPMLSLJHOFFDF98CC,水源段,.00,都市：住,,,,10500000
RPPNMLQLJHOFFDF48CC,智興段,11.83,都市：住,,,,01040000
RPRPMLKMJHOFFEF48CC,馬偕段,12.59,都市：工,,,,01960000
RPVPMLKMJHOFFEF88CC,新市段,11.23,都市：商,,,,01410000
RPXOMLKMJHOFFBF68CC,幸福段,142.05,都市：工,,,,05130000
RPRNMLKMJHOFFGF68EC,中興段,.00,都市：工,,,,07940000
RPUPMLKMJHOFFGF56EC,幸福段,.00,都市：住,,,,20450000
RPOOMLKMJHOFFDF97CC,昊天段,23.60,都市：工,,,,08720000
RPOOMLKMJHOFFDF97CC,同新段,.74,都市：工,,,,00060000
RPXNMLKMJHOFFIF66CC,民生段,.00,都市：住,,,,06570000
RPVNMLKMJHOFFCF48CC,莊敬段,.00,都市：工,,,,05700000
RPOOMLKMJHOFFIF48CC,大學段二小段,.00,都市：商,,,,00960000
RPWNMLLMJHOFFCF68CC,行政段,.00,都市：住,,,,08180000
RPPOMLKMJHOFFIF58CC,大學段二小段,.00,都市：住,,,,01020000
RPOPMLLMJHOFFCF08CC,寶橋段,25.76,都市：工,,,,06200000
RPXPMLLMJHOFFHF86CC,竹林段,.00,都市：住,,,,04780000
RPRQMLLMJHOFFHF98CC,健康段,.00,都市：工,,,,10240000
RPVPMLLMJHOFFAF58CC,城林段,.00,都市：工,,,,04230000
RPUNMLTLJHOFFGF96CC,保佑段,.00,都市：其他:捷運系統用地,,,,00070000
RPQQMLKMJHOFFGF68CC,永安段,.00,都市：住,,,,00580001
RPWPMLKMJHOFFGF56CC,中山段,.00,都市：工,,,,08980002
RPWNMLTLJHOFFGF17CC,保佑段,.00,都市：其他:捷運系統用地,,,,00070000
RPXNMLTLJHOFFGF27CC,保佑段,.00,都市：其他:捷運系統用地,,,,00070000
RPVNMLTLJHOFFGF07CC,保佑段,.00,都市：其他:捷運系統用地,,,,00070000
RPPRMLLMJHOFFEF58CC,新市段,24.34,都市：住,,,,00870000
RPPONLLMJHOFFEF38CC,中興段,9.99,都市：住,,,,01730000
RPQPMLLMJHOFFEF48CC,公司田段,33.21,都市：住,,,,01340000
RPVNMLLJKHOFFEF58CC,海天段,6.32,都市：住,,,,01900000
RPSPMLLJKHOFFEF48CC,正德段,.00,都市：住,,,,08090000
RPXPMLLJKHOFFGF56CC,正義段,.00,都市：商,,,,00410000
RPQVMLLMJHOFFBF78CC,思源段,.00,都市：住,,,,01580000
RPXUMLLMJHOFFBF76CC,建林段,12.20,都市：住,,,,03210000
RPOVMLLMJHOFFBF58CC,麗林段,13.52,都市：商,,,,04070002
RPQOMLLJKHOFFBF87CC,國宅段,.00,都市：住,,,,00170002
RPTQMLKMJHOFFBF48CC,力行段,25.94,都市：商,,,,07980000
RPVNMLLJKHOFFDF48CC,昊天段,46.16,都市：工,,,,08720000
RPVNMLLJKHOFFDF48CC,同新段,1.44,都市：工,,,,00060000
RPROMLLJKHOFFBF97CC,國宅段,.00,都市：住,,,,00410010
RPQOMLLJKHOFFDF08CC,拱北段,49.13,非都市：鄉村區 ; 非都市編定：乙種建築用地,,,,09860000
RPQOMLLJKHOFFDF08CC,拱北段,11.36,非都市：鄉村區 ; 非都市編定：乙種建築用地,,,,09870000
RPVNMLLJKHOFFHF88CC,華中段,26.89,都市：住,,,,00610000
RPXOMLLJKHOFFHF56CC,捷運段,.00,都市：其他:捷運系統用地,,,,00080000
RPOPMLLJKHOFFHF38CC,中興段,.00,都市：住,,,,05710000
RPUPMLLJKHOFFHF98CC,福和段,.00,都市：住,,,,08750000
RPQOMLLJKHOFFHF48CC,景華段,.00,都市：住,,,,06280000
RPROMLLJKHOFFHF58CC,中安段,.00,都市：商,,,,00370000
RPOOMLLJKHOFFHF28CC,台貿段,.00,都市：住,,,,05110000
RPQPMLLJKHOFFHF58CC,景福段,.00,都市：住,,,,01670000
RPSOMLLJKHOFFHF88EC,雙和段,.00,都市：住,,,,05390000
RPUOMLLJKHOFFIF98CC,大學段一小段,.00,都市：住,,,,01840000
RPRNMLLJKHOFFEF28DC,長興段,2.17,都市：住,,,,14700000
RPRNMLLJKHOFFEF28DC,長興段,21.87,都市：住,,,,01470001
RPVPMLLJKHOFFHF09CC,捷運段,.00,都市：住,,,,03970000
