﻿編號,土地位置,土地移轉面積(平方公尺),使用分區或編定,權利人持分分母,權利人持分分子,移轉情形,地號
The serial number, land position,land shifting area square meter,the use zoning or compiles and checks,,,,land parcel
RPTSMLPKJINFFBF88CB,中山段,54.94,都市：工,1000000,12744,持分移轉,09990000
RPUSMLPKJINFFBF98CB,中山段,59.34,都市：工,1000000,13765,持分移轉,09990000
RPWNMLMLJINFFIF56CB,民生段,29.37,都市：住,10000,142,持分移轉,04250000
RPRNMLNLJINFFIF78CB,民生段,29.37,都市：住,10000,142,持分移轉,04250000
RPVSMLPKJINFFBF09CB,中山段,55.22,都市：工,1000000,12810,持分移轉,09990000
RPQNMLOLJINFFIF78CB,民生段,29.37,都市：住,10000,142,持分移轉,04250000
RPWSMLPKJINFFBF56CB,中山段,55.87,都市：工,1000000,12960,持分移轉,09990000
RPPNMLOLJINFFIF68CB,民生段,29.37,都市：住,10000,142,持分移轉,04250000
RPQNMLNLJINFFIF68CB,民生段,29.37,都市：住,10000,142,持分移轉,04250000
RPQNMLPLJINFFIF88CB,民生段,29.37,都市：住,10000,142,持分移轉,04250000
RPSNMLPLJINFFIF09CB,民生段,29.37,都市：住,10000,142,持分移轉,04250000
RPPNMLPLJINFFIF78CB,民生段,29.37,都市：住,10000,142,持分移轉,04250000
RPSNMLOLJINFFIF98CB,民生段,29.37,都市：住,10000,142,持分移轉,04250000
RPROMLPLJINFFIF09CB,民生段,20.48,都市：住,10000,99,持分移轉,04250000
RPSOMLPLJINFFIF56CB,民生段,20.48,都市：住,10000,99,持分移轉,04250000
RPVOMLPLJINFFIF86CB,民生段,20.27,都市：住,10000,98,持分移轉,04250000
RPTOMLPLJINFFIF66CB,民生段,20.27,都市：住,10000,98,持分移轉,04250000
RPRNMLPLJINFFIF98CB,民生段,29.37,都市：住,10000,142,持分移轉,04250000
RPRNMLOLJINFFIF88CB,民生段,29.37,都市：住,10000,142,持分移轉,04250000
RPUOMLPLJINFFIF76CB,民生段,20.27,都市：住,10000,98,持分移轉,04250000
RPTNMLPLJINFFIF56CB,民生段,29.37,都市：住,10000,142,持分移轉,04250000
RPSNMLRLJINFFIF66CB,民生段,20.27,都市：住,10000,98,持分移轉,04250000
RPQNMLRLJINFFIF09CB,民生段,20.27,都市：住,10000,98,持分移轉,04250000
RPOPMLPLJINFFIF88CB,民生段,20.48,都市：住,10000,99,持分移轉,04250000
RPPNMLRLJINFFIF98CB,民生段,20.48,都市：住,10000,99,持分移轉,04250000
RPQPMLPLJINFFIF09CB,民生段,20.48,都市：住,10000,99,持分移轉,04250000
RPTNMLRLJINFFIF76CB,民生段,20.27,都市：住,10000,98,持分移轉,04250000
RPRNMLRLJINFFIF56CB,民生段,20.27,都市：住,10000,98,持分移轉,04250000
RPPPMLPLJINFFIF98CB,民生段,20.48,都市：住,10000,99,持分移轉,04250000
RPWOMLPLJINFFIF96CB,民生段,20.27,都市：住,10000,98,持分移轉,04250000
RPXOMLPLJINFFIF07CB,民生段,20.27,都市：住,10000,98,持分移轉,04250000
RPVNMLRLJINFFIF96CB,民生段,27.72,都市：住,10000,134,持分移轉,04250000
RPUNMLRLJINFFIF86CB,民生段,27.72,都市：住,10000,134,持分移轉,04250000
RPWNMLRLJINFFIF07CB,民生段,27.51,都市：住,10000,133,持分移轉,04250000
RPQOMLRLJINFFIF56CB,民生段,27.72,都市：住,10000,134,持分移轉,04250000
RPROMLRLJINFFIF66CB,民生段,27.72,都市：住,10000,134,持分移轉,04250000
RPOOMLRLJINFFIF98CB,民生段,27.72,都市：住,10000,134,持分移轉,04250000
RPPOMLRLJINFFIF09CB,民生段,27.72,都市：住,10000,134,持分移轉,04250000
RPTOMLRLJINFFIF86CB,民生段,27.72,都市：住,10000,134,持分移轉,04250000
RPUOMLRLJINFFIF96CB,民生段,27.72,都市：住,10000,134,持分移轉,04250000
RPWOMLRLJINFFIF17CB,民生段,27.72,都市：住,10000,134,持分移轉,04250000
RPOPMLRLJINFFIF09CB,民生段,27.72,都市：住,10000,134,持分移轉,04250000
RPPPMLRLJINFFIF56CB,民生段,27.72,都市：住,10000,134,持分移轉,04250000
RPWQMLRLJINFFIF37CB,民生段,28.34,都市：住,10000,137,持分移轉,04250000
RPQPMLRLJINFFIF66CB,民生段,27.72,都市：住,10000,134,持分移轉,04250000
RPXQMLRLJINFFIF47CB,民生段,28.34,都市：住,10000,137,持分移轉,04250000
RPORMLRLJINFFIF66CB,民生段,28.34,都市：住,10000,137,持分移轉,04250000
RPSRMLRLJINFFIF07CB,民生段,28.34,都市：住,10000,137,持分移轉,04250000
RPTRMLRLJINFFIF17CB,民生段,28.34,都市：住,10000,137,持分移轉,04250000
RPURMLRLJINFFIF27CB,民生段,28.34,都市：住,10000,137,持分移轉,04250000
RPVRMLRLJINFFIF37CB,民生段,28.34,都市：住,10000,137,持分移轉,04250000
RPWRMLRLJINFFIF47CB,民生段,28.34,都市：住,10000,137,持分移轉,04250000
RPPSMLRLJINFFIF86CB,民生段,28.34,都市：住,10000,137,持分移轉,04250000
RPQSMLRLJINFFIF96CB,民生段,28.34,都市：住,10000,137,持分移轉,04250000
RPVOMLRLJINFFIF07CB,民生段,27.72,都市：住,10000,134,持分移轉,04250000
RPXRMLRLJINFFIF57CB,民生段,28.34,都市：住,10000,137,持分移轉,04250000
RPSTMLRLJINFFIF27CB,民生段,18.82,都市：住,10000,91,持分移轉,04250000
RPPTMLRLJINFFIF96CB,民生段,19.03,都市：住,10000,92,持分移轉,04250000
RPTTMLRLJINFFIF37CB,民生段,18.82,都市：住,10000,91,持分移轉,04250000
RPRTMLRLJINFFIF17CB,民生段,18.82,都市：住,10000,91,持分移轉,04250000
RPQTMLRLJINFFIF07CB,民生段,18.82,都市：住,10000,91,持分移轉,04250000
RPWSMLRLJINFFIF57CB,民生段,18.82,都市：住,10000,91,持分移轉,04250000
RPOTMLRLJINFFIF86CB,民生段,18.82,都市：住,10000,91,持分移轉,04250000
RPSSMLRLJINFFIF17CB,民生段,19.03,都市：住,10000,92,持分移轉,04250000
RPUTMLRLJINFFIF47CB,民生段,29.37,都市：住,10000,142,持分移轉,04250000
RPRSMLRLJINFFIF07CB,民生段,28.13,都市：住,10000,136,持分移轉,04250000
RPWTMLRLJINFFIF67CB,民生段,27.72,都市：住,10000,134,持分移轉,04250000
RPXTMLRLJINFFIF77CB,民生段,28.34,都市：住,10000,137,持分移轉,04250000
RPOUMLRLJINFFIF96CB,民生段,28.34,都市：住,10000,137,持分移轉,04250000
RPVTMLRLJINFFIF57CB,民生段,29.37,都市：住,10000,142,持分移轉,04250000
RPRUMLRLJINFFIF27CB,民生段,18.82,都市：住,10000,91,持分移轉,04250000
RPPUMLRLJINFFIF07CB,民生段,18.82,都市：住,10000,91,持分移轉,04250000
RPTUMLRLJINFFIF47CB,民生段,18.82,都市：住,10000,91,持分移轉,04250000
RPSUMLRLJINFFIF37CB,民生段,18.82,都市：住,10000,91,持分移轉,04250000
RPUUMLRLJINFFIF57CB,民生段,18.82,都市：住,10000,91,持分移轉,04250000
RPVUMLRLJINFFIF67CB,民生段,17.17,都市：住,10000,83,持分移轉,04250000
RPXUMLRLJINFFIF87CB,民生段,18.41,都市：住,10000,89,持分移轉,04250000
RPWUMLRLJINFFIF77CB,民生段,18.41,都市：住,10000,89,持分移轉,04250000
RPOVMLRLJINFFIF07CB,民生段,18.62,都市：住,10000,90,持分移轉,04250000
RPRVMLRLJINFFIF37CB,民生段,18.41,都市：住,10000,89,持分移轉,04250000
RPPVMLRLJINFFIF17CB,民生段,18.41,都市：住,10000,89,持分移轉,04250000
RPQVMLRLJINFFIF27CB,民生段,18.62,都市：住,10000,90,持分移轉,04250000
RPSVMLRLJINFFIF47CB,民生段,18.41,都市：住,10000,89,持分移轉,04250000
RPUVMLRLJINFFIF67CB,民生段,18.41,都市：住,10000,89,持分移轉,04250000
RPUOMLOKKINFFHF56CB,林森段,1.72,都市：住,10000,79,持分移轉,06260000
RPUOMLOKKINFFHF56CB,林森段,1.43,都市：住,10000,79,持分移轉,06270000
RPUOMLOKKINFFHF56CB,林森段,1.44,都市：住,10000,79,持分移轉,06280000
RPUOMLOKKINFFHF56CB,林森段,1.23,都市：住,10000,79,持分移轉,06290000
RPUOMLOKKINFFHF56CB,林森段,4.21,都市：住,10000,79,持分移轉,06420000
RPUOMLOKKINFFHF56CB,林森段,4.76,都市：住,10000,79,持分移轉,06430000
RPUOMLOKKINFFHF56CB,林森段,.25,都市：住,10000,79,持分移轉,07010000
RPUOMLOKKINFFHF56CB,林森段,.95,都市：住,10000,79,持分移轉,07140000
RPVVMLRLJINFFIF77CB,民生段,18.62,都市：住,10000,90,持分移轉,04250000
RPOWMLRLJINFFIF17CB,民生段,18.41,都市：住,10000,89,持分移轉,04250000
RPWQMLRKKINFFBF66CB,芳洲段,17.30,都市：商,10000,33,持分移轉,01360000
RPQUMLRLJINFFIF17CB,民生段,19.03,都市：住,10000,92,持分移轉,04250000
RPXVMLRLJINFFIF97CB,民生段,18.41,都市：住,10000,89,持分移轉,04250000
RPWVMLRLJINFFIF87CB,民生段,18.41,都市：住,10000,89,持分移轉,04250000
RPXQMLRKKINFFBF76CB,芳洲段,16.25,都市：商,10000,31,持分移轉,01360000
RPORMLRKKINFFBF58CB,芳洲段,17.30,都市：商,10000,33,持分移轉,01360000
RPSRMLRKKINFFBF98CB,芳洲段,17.30,都市：商,10000,33,持分移轉,01360000
RPPRMLRKKINFFBF68CB,芳洲段,17.30,都市：商,10000,33,持分移轉,01360000
RPRRMLRKKINFFBF88CB,芳洲段,16.77,都市：商,10000,32,持分移轉,01360000
RPQRMLRKKINFFBF78CB,芳洲段,16.25,都市：商,10000,31,持分移轉,01360000
RPTRMLRKKINFFBF09CB,芳洲段,21.49,都市：商,10000,41,持分移轉,01360000
RPURMLRKKINFFBF56CB,芳洲段,17.30,都市：商,10000,33,持分移轉,01360000
RPWRMLRKKINFFBF76CB,芳洲段,16.77,都市：商,10000,32,持分移轉,01360000
RPTVMLRLJINFFIF57CB,民生段,18.62,都市：住,10000,90,持分移轉,04250000
RPOSMLRKKINFFBF68CB,芳洲段,22.01,都市：商,10000,42,持分移轉,01360000
RPPSMLRKKINFFBF78CB,芳洲段,24.11,都市：商,10000,46,持分移轉,01360000
RPXRMLRKKINFFBF86CB,芳洲段,17.30,都市：商,10000,33,持分移轉,01360000
RPPWMLRLJINFFIF27CB,民生段,18.41,都市：住,10000,89,持分移轉,04250000
RPVNMLKLKINFFBF28CB,國宅段,55.36,都市：住,10000,251,持分移轉,01000006
RPSSMLRKKINFFBF09CB,芳洲段,17.82,都市：商,10000,34,持分移轉,01360000
RPUNMLKLKINFFBF18CB,國宅段,74.54,都市：住,10000,338,持分移轉,01000000
RPXNMLKLKINFFBF48CB,國宅段,55.80,都市：住,10000,253,持分移轉,01000006
RPVPMLSKKINFFBF56CB,國宅段,54.25,都市：住,10000,246,持分移轉,01000000
RPQSMLRKKINFFBF88CB,芳洲段,17.82,都市：商,10000,34,持分移轉,01360000
RPUSMLRKKINFFBF66CB,芳洲段,17.30,都市：商,10000,33,持分移轉,01360000
RPRSMLRKKINFFBF98CB,芳洲段,24.11,都市：商,10000,46,持分移轉,01360000
RPXPMLSKKINFFBF76CB,國宅段,61.53,都市：住,10000,279,持分移轉,01000000
RPTSMLRKKINFFBF56CB,芳洲段,17.30,都市：商,10000,33,持分移轉,01360000
RPROMLKLKINFFBF97CB,國宅段,59.77,都市：住,10000,271,持分移轉,01000006
RPQOMLKLKINFFBF87CB,國宅段,55.35,都市：住,10000,251,持分移轉,01000006
RPQPMLMLKINFFAF08CB,中興段,41.10,都市：住,100000,5882,持分移轉,01630000
RPPPMLMLKINFFAF97CB,中興段,41.10,都市：住,100000,5882,持分移轉,01630000
RPSPMLMLKINFFAF28CB,中興段,41.10,都市：住,100000,5882,持分移轉,01630000
RPRPMLMLKINFFAF18CB,中興段,41.10,都市：住,100000,5882,持分移轉,01630000
RPOPMLMLKINFFAF87CB,中興段,41.10,都市：住,100000,5882,持分移轉,01630000
RPTPMLMLKINFFAF38CB,中興段,41.10,都市：住,100000,5882,持分移轉,01630000
RPSOMLKLKINFFBF08CB,國宅段,80.94,都市：住,10000,367,持分移轉,01000006
RPUPMLMLKINFFAF48CB,中興段,41.12,都市：住,100000,5885,持分移轉,01630000
RPVPMLMLKINFFAF58CB,中興段,41.12,都市：住,100000,5885,持分移轉,01630000
RPRQMLMLKINFFAF28CB,中興段,41.10,都市：住,100000,5882,持分移轉,01630000
RPXPMLMLKINFFAF78CB,中興段,41.10,都市：住,100000,5882,持分移轉,01630000
RPWPMLMLKINFFAF68CB,中興段,41.10,都市：住,100000,5882,持分移轉,01630000
RPVQMLMLKINFFAF68CB,中興段,41.10,都市：住,100000,5882,持分移轉,01630000
RPWQMLMLKINFFAF78CB,中興段,41.10,都市：住,100000,5882,持分移轉,01630000
RPORMLMLKINFFAF08CB,中興段,41.10,都市：住,100000,5882,持分移轉,01630000
RPQRMLMLKINFFAF28CB,中興段,41.10,都市：住,100000,5882,持分移轉,01630000
RPSPMLRLKINFFAF78CB,員和段,40.07,都市：住,100000,296,持分移轉,00790000
RPRPMLRLKINFFAF68CB,員和段,38.71,都市：住,100000,286,持分移轉,00790000
RPUPMLRLKINFFAF98CB,員和段,40.07,都市：住,100000,296,持分移轉,00790000
RPTPMLRLKINFFAF88CB,員和段,40.07,都市：住,100000,296,持分移轉,00790000
RPVPMLRLKINFFAF09CB,員和段,40.07,都市：住,100000,296,持分移轉,00790000
RPWPMLRLKINFFAF56CB,員和段,40.07,都市：住,100000,296,持分移轉,00790000
RPXPMLRLKINFFAF66CB,員和段,40.07,都市：住,100000,296,持分移轉,00790000
RPOQMLRLKINFFAF48CB,員和段,38.71,都市：住,100000,286,持分移轉,00790000
RPPQMLRLKINFFAF58CB,員和段,40.07,都市：住,100000,296,持分移轉,00790000
RPQQMLRLKINFFAF68CB,員和段,38.71,都市：住,100000,286,持分移轉,00790000
RPTQMLRLKINFFAF98CB,員和段,40.07,都市：住,100000,296,持分移轉,00790000
RPOOMLKLKINFFBF67CB,國宅段,55.80,都市：住,10000,253,持分移轉,01000006
RPPRMLMLKINFFAF18CB,中興段,41.10,都市：住,100000,5882,持分移轉,01630000
RPSRMLRLKINFFAF98CB,員和段,38.71,都市：住,100000,286,持分移轉,00790000
RPRRMLRLKINFFAF88CB,員和段,40.07,都市：住,100000,296,持分移轉,00790000
RPPRMLRLKINFFAF68CB,員和段,40.07,都市：住,100000,296,持分移轉,00790000
RPXQMLRLKINFFAF76CB,員和段,40.07,都市：住,100000,296,持分移轉,00790000
RPWQMLRLKINFFAF66CB,員和段,40.07,都市：住,100000,296,持分移轉,00790000
RPVQMLRLKINFFAF56CB,員和段,40.07,都市：住,100000,296,持分移轉,00790000
RPTRMLRLKINFFAF09CB,員和段,20.03,都市：住,100000,148,持分移轉,00790000
RPORMLRLKINFFAF58CB,員和段,38.71,都市：住,100000,286,持分移轉,00790000
RPQRMLRLKINFFAF78CB,員和段,40.07,都市：住,100000,296,持分移轉,00790000
RPWRMLRLKINFFAF76CB,員和段,20.03,都市：住,100000,148,持分移轉,00790000
RPUQMLRLKINFFAF09CB,員和段,40.07,都市：住,100000,296,持分移轉,00790000
RPVRMLRLKINFFAF66CB,員和段,20.03,都市：住,100000,148,持分移轉,00790000
RPXRMLRLKINFFAF86CB,員和段,20.03,都市：住,100000,148,持分移轉,00790000
RPPSMLRLKINFFAF78CB,員和段,40.07,都市：住,100000,296,持分移轉,00790000
RPSSMLRLKINFFAF09CB,員和段,18.54,都市：住,100000,137,持分移轉,00790000
RPTSMLRLKINFFAF56CB,員和段,20.03,都市：住,100000,148,持分移轉,00790000
RPURMLRLKINFFAF56CB,員和段,20.03,都市：住,100000,148,持分移轉,00790000
RPUSMLRLKINFFAF66CB,員和段,20.03,都市：住,100000,148,持分移轉,00790000
RPWSMLRLKINFFAF86CB,員和段,20.03,都市：住,100000,148,持分移轉,00790000
RPOSMLRLKINFFAF68CB,員和段,20.03,都市：住,100000,148,持分移轉,00790000
RPXSMLRLKINFFAF96CB,員和段,18.68,都市：住,100000,138,持分移轉,00790000
RPVSMLRLKINFFAF76CB,員和段,20.03,都市：住,100000,148,持分移轉,00790000
RPPTMLRLKINFFAF88CB,員和段,20.03,都市：住,100000,148,持分移轉,00790000
RPOTMLRLKINFFAF78CB,員和段,20.03,都市：住,100000,148,持分移轉,00790000
RPQTMLRLKINFFAF98CB,員和段,20.03,都市：住,100000,148,持分移轉,00790000
RPSTMLRLKINFFAF56CB,員和段,39.66,都市：住,100000,293,持分移轉,00790000
RPRTMLRLKINFFAF09CB,員和段,18.68,都市：住,100000,138,持分移轉,00790000
RPQSMLRLKINFFAF88CB,員和段,20.03,都市：住,100000,148,持分移轉,00790000
RPRUMLRLKINFFAF56CB,員和段,38.31,都市：住,100000,283,持分移轉,00790000
RPPUMLRLKINFFAF98CB,員和段,38.31,都市：住,100000,283,持分移轉,00790000
RPUTMLRLKINFFAF76CB,員和段,39.66,都市：住,100000,293,持分移轉,00790000
RPVTMLRLKINFFAF86CB,員和段,38.31,都市：住,100000,283,持分移轉,00790000
RPXTMLRLKINFFAF07CB,員和段,39.66,都市：住,100000,293,持分移轉,00790000
RPOUMLRLKINFFAF88CB,員和段,39.66,都市：住,100000,293,持分移轉,00790000
RPSUMLRLKINFFAF66CB,員和段,38.31,都市：住,100000,283,持分移轉,00790000
RPWTMLRLKINFFAF96CB,員和段,39.66,都市：住,100000,293,持分移轉,00790000
RPQUMLRLKINFFAF09CB,員和段,38.31,都市：住,100000,283,持分移轉,00790000
RPTTMLRLKINFFAF66CB,員和段,39.66,都市：住,100000,293,持分移轉,00790000
RPUUMLRLKINFFAF86CB,員和段,39.80,都市：住,100000,294,持分移轉,00790000
RPTUMLRLKINFFAF76CB,員和段,39.80,都市：住,100000,294,持分移轉,00790000
RPWUMLRLKINFFAF07CB,員和段,39.80,都市：住,100000,294,持分移轉,00790000
RPXUMLRLKINFFAF17CB,員和段,39.80,都市：住,100000,294,持分移轉,00790000
RPVUMLRLKINFFAF96CB,員和段,38.44,都市：住,100000,284,持分移轉,00790000
RPXVMLRLKINFFAF27CB,員和段,31.67,都市：住,100000,234,持分移轉,00790000
RPPVMLRLKINFFAF09CB,員和段,39.80,都市：住,100000,294,持分移轉,00790000
RPQVMLRLKINFFAF56CB,員和段,38.44,都市：住,100000,284,持分移轉,00790000
RPTVMLRLKINFFAF86CB,員和段,31.67,都市：住,100000,234,持分移轉,00790000
RPUVMLRLKINFFAF96CB,員和段,31.67,都市：住,100000,234,持分移轉,00790000
RPWVMLRLKINFFAF17CB,員和段,31.67,都市：住,100000,234,持分移轉,00790000
RPOVMLRLKINFFAF98CB,員和段,39.80,都市：住,100000,294,持分移轉,00790000
RPRVMLRLKINFFAF66CB,員和段,39.80,都市：住,100000,294,持分移轉,00790000
RPTWMLRLKINFFAF96CB,員和段,31.67,都市：住,100000,234,持分移轉,00790000
RPOWMLRLKINFFAF09CB,員和段,31.67,都市：住,100000,234,持分移轉,00790000
RPPWMLRLKINFFAF56CB,員和段,31.67,都市：住,100000,234,持分移轉,00790000
RPQWMLRLKINFFAF66CB,員和段,31.67,都市：住,100000,234,持分移轉,00790000
RPUWMLRLKINFFAF07CB,員和段,31.67,都市：住,100000,234,持分移轉,00790000
RPRWMLRLKINFFAF76CB,員和段,31.67,都市：住,100000,234,持分移轉,00790000
RPSWMLRLKINFFAF86CB,員和段,31.67,都市：住,100000,234,持分移轉,00790000
RPWWMLRLKINFFAF27CB,員和段,31.67,都市：住,100000,234,持分移轉,00790000
RPVVMLRLKINFFAF07CB,員和段,31.67,都市：住,100000,234,持分移轉,00790000
RPSVMLRLKINFFAF76CB,員和段,31.67,都市：住,100000,234,持分移轉,00790000
RPONNLRLKINFFAF28CB,員和段,31.67,都市：住,100000,234,持分移轉,00790000
RPXWMLRLKINFFAF37CB,員和段,31.67,都市：住,100000,234,持分移轉,00790000
RPPNNLRLKINFFAF38CB,員和段,31.67,都市：住,100000,234,持分移轉,00790000
RPQNNLRLKINFFAF48CB,員和段,16.11,都市：住,100000,119,持分移轉,00790000
RPSNNLRLKINFFAF68CB,員和段,16.11,都市：住,100000,119,持分移轉,00790000
RPRNNLRLKINFFAF58CB,員和段,16.11,都市：住,100000,119,持分移轉,00790000
RPVNNLRLKINFFAF98CB,員和段,16.11,都市：住,100000,119,持分移轉,00790000
RPUNNLRLKINFFAF88CB,員和段,16.11,都市：住,100000,119,持分移轉,00790000
RPXNNLRLKINFFAF56CB,員和段,16.11,都市：住,100000,119,持分移轉,00790000
RPOONLRLKINFFAF38CB,員和段,16.11,都市：住,100000,119,持分移轉,00790000
RPPONLRLKINFFAF48CB,員和段,16.11,都市：住,100000,119,持分移轉,00790000
RPTNNLRLKINFFAF78CB,員和段,16.11,都市：住,100000,119,持分移轉,00790000
RPWNNLRLKINFFAF09CB,員和段,16.11,都市：住,100000,119,持分移轉,00790000
RPVWMLRLKINFFAF17CB,員和段,31.67,都市：住,100000,234,持分移轉,00790000
RPQONLRLKINFFAF58CB,員和段,17.46,都市：住,100000,129,持分移轉,00790000
RPRONLRLKINFFAF68CB,員和段,16.11,都市：住,100000,119,持分移轉,00790000
RPUONLRLKINFFAF98CB,員和段,16.11,都市：住,100000,119,持分移轉,00790000
RPSONLRLKINFFAF78CB,員和段,16.11,都市：住,100000,119,持分移轉,00790000
RPVONLRLKINFFAF09CB,員和段,16.11,都市：住,100000,119,持分移轉,00790000
RPOPNLRLKINFFAF48CB,員和段,16.11,都市：住,100000,119,持分移轉,00790000
RPPPNLRLKINFFAF58CB,員和段,16.11,都市：住,100000,119,持分移轉,00790000
RPXONLRLKINFFAF66CB,員和段,16.11,都市：住,100000,119,持分移轉,00790000
RPQPNLRLKINFFAF68CB,員和段,46.70,都市：住,100000,345,持分移轉,00790000
RPTONLRLKINFFAF88CB,員和段,16.11,都市：住,100000,119,持分移轉,00790000
RPWONLRLKINFFAF56CB,員和段,16.11,都市：住,100000,119,持分移轉,00790000
RPVPNLRLKINFFAF56CB,員和段,38.17,都市：住,100000,282,持分移轉,00790000
RPXPNLRLKINFFAF76CB,員和段,38.17,都市：住,100000,282,持分移轉,00790000
RPUPNLRLKINFFAF09CB,員和段,38.17,都市：住,100000,282,持分移轉,00790000
RPQQNLRLKINFFAF78CB,員和段,46.70,都市：住,100000,345,持分移轉,00790000
RPOQNLRLKINFFAF58CB,員和段,38.17,都市：住,100000,282,持分移轉,00790000
RPPQNLRLKINFFAF68CB,員和段,39.53,都市：住,100000,292,持分移轉,00790000
RPTPNLRLKINFFAF98CB,員和段,38.17,都市：住,100000,282,持分移轉,00790000
RPWPNLRLKINFFAF66CB,員和段,38.17,都市：住,100000,282,持分移轉,00790000
RPSPNLRLKINFFAF88CB,員和段,38.17,都市：住,100000,282,持分移轉,00790000
RPRPNLRLKINFFAF78CB,員和段,38.17,都市：住,100000,282,持分移轉,00790000
RPTQNLRLKINFFAF09CB,員和段,45.35,都市：住,100000,335,持分移轉,00790000
RPWQNLRLKINFFAF76CB,員和段,46.70,都市：住,100000,345,持分移轉,00790000
RPRQNLRLKINFFAF88CB,員和段,46.70,都市：住,100000,345,持分移轉,00790000
RPSQNLRLKINFFAF98CB,員和段,45.35,都市：住,100000,335,持分移轉,00790000
RPVQNLRLKINFFAF66CB,員和段,46.70,都市：住,100000,345,持分移轉,00790000
RPORNLRLKINFFAF68CB,員和段,45.35,都市：住,100000,335,持分移轉,00790000
RPQRNLRLKINFFAF88CB,員和段,46.70,都市：住,100000,345,持分移轉,00790000
RPPRNLRLKINFFAF78CB,員和段,45.35,都市：住,100000,335,持分移轉,00790000
RPUQNLRLKINFFAF56CB,員和段,46.70,都市：住,100000,345,持分移轉,00790000
RPXQNLRLKINFFAF86CB,員和段,45.35,都市：住,100000,335,持分移轉,00790000
RPSRNLRLKINFFAF09CB,員和段,46.70,都市：住,100000,345,持分移轉,00790000
RPRRNLRLKINFFAF98CB,員和段,46.70,都市：住,100000,345,持分移轉,00790000
RPTRNLRLKINFFAF56CB,員和段,46.70,都市：住,100000,345,持分移轉,00790000
RPWRNLRLKINFFAF86CB,員和段,46.70,都市：住,100000,345,持分移轉,00790000
RPVRNLRLKINFFAF76CB,員和段,46.70,都市：住,100000,345,持分移轉,00790000
RPOSNLRLKINFFAF78CB,員和段,46.70,都市：住,100000,345,持分移轉,00790000
RPQSNLRLKINFFAF98CB,員和段,38.17,都市：住,100000,282,持分移轉,00790000
RPPSNLRLKINFFAF88CB,員和段,46.70,都市：住,100000,345,持分移轉,00790000
RPSSNLRLKINFFAF56CB,員和段,38.17,都市：住,100000,282,持分移轉,00790000
RPRSNLRLKINFFAF09CB,員和段,38.17,都市：住,100000,282,持分移轉,00790000
RPTSNLRLKINFFAF66CB,員和段,38.17,都市：住,100000,282,持分移轉,00790000
RPUSNLRLKINFFAF76CB,員和段,38.17,都市：住,100000,282,持分移轉,00790000
RPVSNLRLKINFFAF86CB,員和段,38.17,都市：住,100000,282,持分移轉,00790000
RPWSNLRLKINFFAF96CB,員和段,38.17,都市：住,100000,282,持分移轉,00790000
RPOTNLRLKINFFAF88CB,員和段,38.17,都市：住,100000,282,持分移轉,00790000
RPPTNLRLKINFFAF98CB,員和段,38.17,都市：住,100000,282,持分移轉,00790000
RPURNLRLKINFFAF66CB,員和段,46.70,都市：住,100000,345,持分移轉,00790000
RPXRNLRLKINFFAF96CB,員和段,46.70,都市：住,100000,345,持分移轉,00790000
RPXSNLRLKINFFAF07CB,員和段,38.17,都市：住,100000,282,持分移轉,00790000
RPUTNLRLKINFFAF86CB,員和段,22.61,都市：住,100000,167,持分移轉,00790000
RPWTNLRLKINFFAF07CB,員和段,22.61,都市：住,100000,167,持分移轉,00790000
RPQTNLRLKINFFAF09CB,員和段,38.17,都市：住,100000,282,持分移轉,00790000
RPOUNLRLKINFFAF98CB,員和段,22.61,都市：住,100000,167,持分移轉,00790000
RPTTNLRLKINFFAF76CB,員和段,22.61,都市：住,100000,167,持分移轉,00790000
RPRTNLRLKINFFAF56CB,員和段,38.17,都市：住,100000,282,持分移轉,00790000
RPXTNLRLKINFFAF17CB,員和段,22.61,都市：住,100000,167,持分移轉,00790000
RPSTNLRLKINFFAF66CB,員和段,21.25,都市：住,100000,157,持分移轉,00790000
RPVTNLRLKINFFAF96CB,員和段,22.61,都市：住,100000,167,持分移轉,00790000
RPPUNLRLKINFFAF09CB,員和段,22.61,都市：住,100000,167,持分移轉,00790000
RPRUNLRLKINFFAF66CB,員和段,22.61,都市：住,100000,167,持分移轉,00790000
RPUUNLRLKINFFAF96CB,員和段,22.61,都市：住,100000,167,持分移轉,00790000
RPQUNLRLKINFFAF56CB,員和段,22.61,都市：住,100000,167,持分移轉,00790000
RPSUNLRLKINFFAF76CB,員和段,22.61,都市：住,100000,167,持分移轉,00790000
RPVUNLRLKINFFAF07CB,員和段,22.61,都市：住,100000,167,持分移轉,00790000
RPXUNLRLKINFFAF27CB,員和段,22.61,都市：住,100000,167,持分移轉,00790000
RPOVNLRLKINFFAF09CB,員和段,22.61,都市：住,100000,167,持分移轉,00790000
RPQVNLRLKINFFAF66CB,員和段,22.61,都市：住,100000,167,持分移轉,00790000
RPRVNLRLKINFFAF76CB,員和段,22.61,都市：住,100000,167,持分移轉,00790000
RPSVNLRLKINFFAF86CB,員和段,22.61,都市：住,100000,167,持分移轉,00790000
RPUVNLRLKINFFAF07CB,員和段,38.04,都市：住,100000,281,持分移轉,00790000
RPVVNLRLKINFFAF17CB,員和段,38.04,都市：住,100000,281,持分移轉,00790000
RPTVNLRLKINFFAF96CB,員和段,22.61,都市：住,100000,167,持分移轉,00790000
RPWVNLRLKINFFAF27CB,員和段,38.04,都市：住,100000,281,持分移轉,00790000
RPOWNLRLKINFFAF56CB,員和段,38.04,都市：住,100000,281,持分移轉,00790000
RPXVNLRLKINFFAF37CB,員和段,38.04,都市：住,100000,281,持分移轉,00790000
RPPWNLRLKINFFAF66CB,員和段,38.04,都市：住,100000,281,持分移轉,00790000
RPQWNLRLKINFFAF76CB,員和段,38.04,都市：住,100000,281,持分移轉,00790000
RPSWNLRLKINFFAF96CB,員和段,39.39,都市：住,100000,291,持分移轉,00790000
RPWUNLRLKINFFAF17CB,員和段,22.61,都市：住,100000,167,持分移轉,00790000
RPWWNLRLKINFFAF37CB,員和段,38.04,都市：住,100000,281,持分移轉,00790000
RPUWNLRLKINFFAF17CB,員和段,38.04,都市：住,100000,281,持分移轉,00790000
RPTWNLRLKINFFAF07CB,員和段,38.04,都市：住,100000,281,持分移轉,00790000
RPRWNLRLKINFFAF86CB,員和段,38.04,都市：住,100000,281,持分移轉,00790000
RPVWNLRLKINFFAF27CB,員和段,38.04,都市：住,100000,281,持分移轉,00790000
RPXWNLRLKINFFAF47CB,員和段,38.04,都市：住,100000,281,持分移轉,00790000
RPPVNLRLKINFFAF56CB,員和段,21.25,都市：住,100000,157,持分移轉,00790000
RPONOLRLKINFFAF38CB,員和段,38.04,都市：住,100000,281,持分移轉,00790000
RPVNOLRLKINFFAF09CB,員和段,30.86,都市：住,100000,228,持分移轉,00790000
RPQNOLRLKINFFAF58CB,員和段,30.86,都市：住,100000,228,持分移轉,00790000
RPOOOLRLKINFFAF48CB,員和段,42.38,都市：住,100000,228,持分移轉,00790000
RPTNOLRLKINFFAF88CB,員和段,30.86,都市：住,100000,228,持分移轉,00790000
RPWNOLRLKINFFAF56CB,員和段,30.86,都市：住,100000,228,持分移轉,00790000
RPPNOLRLKINFFAF48CB,員和段,39.39,都市：住,100000,291,持分移轉,00790000
RPSNOLRLKINFFAF78CB,員和段,30.86,都市：住,100000,228,持分移轉,00790000
RPUNOLRLKINFFAF98CB,員和段,30.86,都市：住,100000,228,持分移轉,00790000
RPXNOLRLKINFFAF66CB,員和段,42.38,都市：住,100000,228,持分移轉,00790000
RPRNOLRLKINFFAF68CB,員和段,29.51,都市：住,100000,218,持分移轉,00790000
RPSOOLRLKINFFAF88CB,員和段,30.86,都市：住,100000,228,持分移轉,00790000
RPPOOLRLKINFFAF58CB,員和段,30.86,都市：住,100000,228,持分移轉,00790000
RPTOOLRLKINFFAF98CB,員和段,30.86,都市：住,100000,228,持分移轉,00790000
RPROOLRLKINFFAF78CB,員和段,30.86,都市：住,100000,228,持分移轉,00790000
RPQOOLRLKINFFAF68CB,員和段,30.86,都市：住,100000,228,持分移轉,00790000
RPUOOLRLKINFFAF09CB,員和段,30.86,都市：住,100000,228,持分移轉,00790000
RPOPOLRLKINFFAF58CB,員和段,30.86,都市：住,100000,228,持分移轉,00790000
RPVOOLRLKINFFAF56CB,員和段,30.86,都市：住,100000,228,持分移轉,00790000
RPWOOLRLKINFFAF66CB,員和段,30.86,都市：住,100000,228,持分移轉,00790000
RPXOOLRLKINFFAF76CB,員和段,30.86,都市：住,100000,228,持分移轉,00790000
RPPPOLRLKINFFAF68CB,員和段,30.86,都市：住,100000,228,持分移轉,00790000
RPRPOLRLKINFFAF88CB,員和段,21.25,都市：住,100000,157,持分移轉,00790000
RPVPOLRLKINFFAF66CB,員和段,19.90,都市：住,100000,147,持分移轉,00790000
RPTPOLRLKINFFAF09CB,員和段,19.90,都市：住,100000,147,持分移轉,00790000
RPQPOLRLKINFFAF78CB,員和段,30.86,都市：住,100000,228,持分移轉,00790000
RPUPOLRLKINFFAF56CB,員和段,21.25,都市：住,100000,157,持分移轉,00790000
RPWPOLRLKINFFAF76CB,員和段,21.25,都市：住,100000,157,持分移轉,00790000
RPXPOLRLKINFFAF86CB,員和段,21.25,都市：住,100000,157,持分移轉,00790000
RPSPOLRLKINFFAF98CB,員和段,21.25,都市：住,100000,157,持分移轉,00790000
RPPQOLRLKINFFAF78CB,員和段,19.90,都市：住,100000,147,持分移轉,00790000
RPOQOLRLKINFFAF68CB,員和段,21.25,都市：住,100000,157,持分移轉,00790000
RPQQOLRLKINFFAF88CB,員和段,21.25,都市：住,100000,157,持分移轉,00790000
RPTQOLRLKINFFAF56CB,員和段,21.25,都市：住,100000,157,持分移轉,00790000
RPRQOLRLKINFFAF98CB,員和段,21.25,都市：住,100000,157,持分移轉,00790000
RPSQOLRLKINFFAF09CB,員和段,21.25,都市：住,100000,157,持分移轉,00790000
RPUQOLRLKINFFAF66CB,員和段,21.25,都市：住,100000,157,持分移轉,00790000
RPVQOLRLKINFFAF76CB,員和段,21.25,都市：住,100000,157,持分移轉,00790000
RPWQOLRLKINFFAF86CB,員和段,19.90,都市：住,100000,147,持分移轉,00790000
RPXQOLRLKINFFAF96CB,員和段,21.25,都市：住,100000,157,持分移轉,00790000
RPOROLRLKINFFAF78CB,員和段,21.25,都市：住,100000,157,持分移轉,00790000
RPRROLRLKINFFAF09CB,員和段,21.25,都市：住,100000,157,持分移轉,00790000
RPSROLRLKINFFAF56CB,員和段,21.25,都市：住,100000,157,持分移轉,00790000
RPPROLRLKINFFAF88CB,員和段,21.25,都市：住,100000,157,持分移轉,00790000
RPQROLRLKINFFAF98CB,員和段,21.25,都市：住,100000,157,持分移轉,00790000
RPXROLRLKINFFAF07CB,員和段,15.97,都市：住,100000,118,持分移轉,00790000
RPOSOLRLKINFFAF88CB,員和段,15.97,都市：住,100000,118,持分移轉,00790000
RPWROLRLKINFFAF96CB,員和段,15.97,都市：住,100000,118,持分移轉,00790000
RPRSOLRLKINFFAF56CB,員和段,15.97,都市：住,100000,118,持分移轉,00790000
RPVROLRLKINFFAF86CB,員和段,15.97,都市：住,100000,118,持分移轉,00790000
RPTROLRLKINFFAF66CB,員和段,15.97,都市：住,100000,118,持分移轉,00790000
RPPSOLRLKINFFAF98CB,員和段,15.97,都市：住,100000,118,持分移轉,00790000
RPUROLRLKINFFAF76CB,員和段,15.97,都市：住,100000,118,持分移轉,00790000
RPSSOLRLKINFFAF66CB,員和段,15.97,都市：住,100000,118,持分移轉,00790000
RPQSOLRLKINFFAF09CB,員和段,15.97,都市：住,100000,118,持分移轉,00790000
RPOTOLRLKINFFAF98CB,員和段,15.97,都市：住,100000,118,持分移轉,00790000
RPTSOLRLKINFFAF76CB,員和段,15.97,都市：住,100000,118,持分移轉,00790000
RPVSOLRLKINFFAF96CB,員和段,15.97,都市：住,100000,118,持分移轉,00790000
RPRTOLRLKINFFAF66CB,員和段,15.97,都市：住,100000,118,持分移轉,00790000
RPPTOLRLKINFFAF09CB,員和段,15.97,都市：住,100000,118,持分移轉,00790000
RPWSOLRLKINFFAF07CB,員和段,15.97,都市：住,100000,118,持分移轉,00790000
RPXSOLRLKINFFAF17CB,員和段,15.97,都市：住,100000,118,持分移轉,00790000
RPQTOLRLKINFFAF56CB,員和段,15.97,都市：住,100000,118,持分移轉,00790000
RPTTOLRLKINFFAF86CB,員和段,15.97,都市：住,100000,118,持分移轉,00790000
RPSTOLRLKINFFAF76CB,員和段,15.97,都市：住,100000,118,持分移轉,00790000
RPWTOLRLKINFFAF17CB,員和段,30.73,都市：住,100000,227,持分移轉,00790000
RPOUOLRLKINFFAF09CB,員和段,30.73,都市：住,100000,227,持分移轉,00790000
RPVTOLRLKINFFAF07CB,員和段,30.73,都市：住,100000,227,持分移轉,00790000
RPUTOLRLKINFFAF96CB,員和段,15.97,都市：住,100000,118,持分移轉,00790000
RPPUOLRLKINFFAF56CB,員和段,30.73,都市：住,100000,227,持分移轉,00790000
RPXTOLRLKINFFAF27CB,員和段,29.37,都市：住,100000,217,持分移轉,00790000
RPRUOLRLKINFFAF76CB,員和段,30.73,都市：住,100000,227,持分移轉,00790000
RPQUOLRLKINFFAF66CB,員和段,30.73,都市：住,100000,227,持分移轉,00790000
RPVUOLRLKINFFAF17CB,員和段,30.73,都市：住,100000,227,持分移轉,00790000
RPTUOLRLKINFFAF96CB,員和段,30.73,都市：住,100000,227,持分移轉,00790000
RPXUOLRLKINFFAF37CB,員和段,32.08,都市：住,100000,237,持分移轉,00790000
RPRVOLRLKINFFAF86CB,員和段,32.08,都市：住,100000,237,持分移轉,00790000
RPOVOLRLKINFFAF56CB,員和段,30.73,都市：住,100000,227,持分移轉,00790000
RPPVOLRLKINFFAF66CB,員和段,30.73,都市：住,100000,227,持分移轉,00790000
RPWUOLRLKINFFAF27CB,員和段,30.73,都市：住,100000,227,持分移轉,00790000
RPQVOLRLKINFFAF76CB,員和段,30.73,都市：住,100000,227,持分移轉,00790000
RPSUOLRLKINFFAF86CB,員和段,30.73,都市：住,100000,227,持分移轉,00790000
RPSVOLRLKINFFAF96CB,員和段,30.73,都市：住,100000,227,持分移轉,00790000
RPXVOLRLKINFFAF47CB,員和段,29.51,都市：住,100000,218,持分移轉,00790000
RPVVOLRLKINFFAF27CB,員和段,30.86,都市：住,100000,228,持分移轉,00790000
RPWVOLRLKINFFAF37CB,員和段,30.86,都市：住,100000,228,持分移轉,00790000
RPQWOLRLKINFFAF86CB,員和段,30.86,都市：住,100000,228,持分移轉,00790000
RPOWOLRLKINFFAF66CB,員和段,32.22,都市：住,100000,238,持分移轉,00790000
RPPWOLRLKINFFAF76CB,員和段,30.86,都市：住,100000,228,持分移轉,00790000
RPRWOLRLKINFFAF96CB,員和段,30.86,都市：住,100000,228,持分移轉,00790000
RPTWOLRLKINFFAF17CB,員和段,30.86,都市：住,100000,228,持分移轉,00790000
RPTVOLRLKINFFAF07CB,員和段,30.73,都市：住,100000,227,持分移轉,00790000
RPSWOLRLKINFFAF07CB,員和段,30.86,都市：住,100000,228,持分移轉,00790000
RPSNPLRLKINFFAF88CB,員和段,13.81,都市：住,100000,102,持分移轉,00790000
RPPNPLRLKINFFAF58CB,員和段,30.86,都市：住,100000,228,持分移轉,00790000
RPUWOLRLKINFFAF27CB,員和段,30.86,都市：住,100000,228,持分移轉,00790000
RPQNPLRLKINFFAF68CB,員和段,32.22,都市：住,100000,238,持分移轉,00790000
RPRNPLRLKINFFAF78CB,員和段,32.22,都市：住,100000,238,持分移轉,00790000
RPONPLRLKINFFAF48CB,員和段,30.86,都市：住,100000,228,持分移轉,00790000
RPTNPLRLKINFFAF98CB,員和段,13.81,都市：住,100000,102,持分移轉,00790000
RPXWOLRLKINFFAF57CB,員和段,30.86,都市：住,100000,228,持分移轉,00790000
RPWWOLRLKINFFAF47CB,員和段,30.86,都市：住,100000,228,持分移轉,00790000
RPVWOLRLKINFFAF37CB,員和段,32.22,都市：住,100000,238,持分移轉,00790000
RPUNPLRLKINFFAF09CB,員和段,13.81,都市：住,100000,102,持分移轉,00790000
RPXNPLRLKINFFAF76CB,員和段,13.81,都市：住,100000,102,持分移轉,00790000
RPTOPLRLKINFFAF09CB,員和段,13.81,都市：住,100000,102,持分移轉,00790000
RPPOPLRLKINFFAF68CB,員和段,13.81,都市：住,100000,102,持分移轉,00790000
RPWNPLRLKINFFAF66CB,員和段,13.81,都市：住,100000,102,持分移轉,00790000
RPOOPLRLKINFFAF58CB,員和段,13.81,都市：住,100000,102,持分移轉,00790000
RPROPLRLKINFFAF88CB,員和段,13.81,都市：住,100000,102,持分移轉,00790000
RPQOPLRLKINFFAF78CB,員和段,13.81,都市：住,100000,102,持分移轉,00790000
RPSOPLRLKINFFAF98CB,員和段,13.81,都市：住,100000,102,持分移轉,00790000
RPUOPLRLKINFFAF56CB,員和段,13.81,都市：住,100000,102,持分移轉,00790000
RPWOPLRLKINFFAF76CB,員和段,13.81,都市：住,100000,102,持分移轉,00790000
RPVNPLRLKINFFAF56CB,員和段,13.81,都市：住,100000,102,持分移轉,00790000
RPPPPLRLKINFFAF78CB,員和段,13.81,都市：住,100000,102,持分移轉,00790000
RPXOPLRLKINFFAF86CB,員和段,13.81,都市：住,100000,102,持分移轉,00790000
RPOPPLRLKINFFAF68CB,員和段,15.16,都市：住,100000,112,持分移轉,00790000
RPQPPLRLKINFFAF88CB,員和段,13.81,都市：住,100000,102,持分移轉,00790000
RPSPPLRLKINFFAF09CB,員和段,18.95,都市：住,100000,140,持分移轉,00790000
RPRPPLRLKINFFAF98CB,員和段,13.81,都市：住,100000,102,持分移轉,00790000
RPUPPLRLKINFFAF66CB,員和段,17.60,都市：住,100000,130,持分移轉,00790000
RPTPPLRLKINFFAF56CB,員和段,17.60,都市：住,100000,130,持分移轉,00790000
RPVOPLRLKINFFAF66CB,員和段,13.81,都市：住,100000,102,持分移轉,00790000
RPUQPLRLKINFFAF76CB,員和段,17.60,都市：住,100000,130,持分移轉,00790000
RPPQPLRLKINFFAF88CB,員和段,17.60,都市：住,100000,130,持分移轉,00790000
RPTQPLRLKINFFAF66CB,員和段,17.60,都市：住,100000,130,持分移轉,00790000
RPQQPLRLKINFFAF98CB,員和段,17.60,都市：住,100000,130,持分移轉,00790000
RPVPPLRLKINFFAF76CB,員和段,17.60,都市：住,100000,130,持分移轉,00790000
RPRQPLRLKINFFAF09CB,員和段,17.60,都市：住,100000,130,持分移轉,00790000
RPOQPLRLKINFFAF78CB,員和段,17.60,都市：住,100000,130,持分移轉,00790000
RPSQPLRLKINFFAF56CB,員和段,17.60,都市：住,100000,130,持分移轉,00790000
RPXPPLRLKINFFAF96CB,員和段,17.60,都市：住,100000,130,持分移轉,00790000
RPWPPLRLKINFFAF86CB,員和段,17.60,都市：住,100000,130,持分移轉,00790000
RPVQPLRLKINFFAF86CB,員和段,17.60,都市：住,100000,130,持分移轉,00790000
RPXQPLRLKINFFAF07CB,員和段,18.95,都市：住,100000,140,持分移轉,00790000
RPORPLRLKINFFAF88CB,員和段,18.95,都市：住,100000,140,持分移轉,00790000
RPWQPLRLKINFFAF96CB,員和段,17.60,都市：住,100000,130,持分移轉,00790000
RPPRPLRLKINFFAF98CB,員和段,17.60,都市：住,100000,130,持分移轉,00790000
RPQRPLRLKINFFAF09CB,員和段,17.60,都市：住,100000,130,持分移轉,00790000
RPRRPLRLKINFFAF56CB,員和段,17.60,都市：住,100000,130,持分移轉,00790000
RPURPLRLKINFFAF86CB,員和段,30.73,都市：住,100000,227,持分移轉,00790000
RPSRPLRLKINFFAF66CB,員和段,30.73,都市：住,100000,227,持分移轉,00790000
RPTRPLRLKINFFAF76CB,員和段,30.73,都市：住,100000,227,持分移轉,00790000
RPVRPLRLKINFFAF96CB,員和段,30.73,都市：住,100000,227,持分移轉,00790000
RPWRPLRLKINFFAF07CB,員和段,30.73,都市：住,100000,227,持分移轉,00790000
RPXRPLRLKINFFAF17CB,員和段,30.73,都市：住,100000,227,持分移轉,00790000
RPPSPLRLKINFFAF09CB,員和段,30.73,都市：住,100000,227,持分移轉,00790000
RPQSPLRLKINFFAF56CB,員和段,30.73,都市：住,100000,227,持分移轉,00790000
RPRSPLRLKINFFAF66CB,員和段,30.73,都市：住,100000,227,持分移轉,00790000
RPOSPLRLKINFFAF98CB,員和段,30.73,都市：住,100000,227,持分移轉,00790000
RPTSPLRLKINFFAF86CB,員和段,30.73,都市：住,100000,227,持分移轉,00790000
RPSSPLRLKINFFAF76CB,員和段,30.73,都市：住,100000,227,持分移轉,00790000
RPUSPLRLKINFFAF96CB,員和段,30.73,都市：住,100000,227,持分移轉,00790000
RPVSPLRLKINFFAF07CB,員和段,30.73,都市：住,100000,227,持分移轉,00790000
RPWSPLRLKINFFAF17CB,員和段,30.73,都市：住,100000,227,持分移轉,00790000
RPOTPLRLKINFFAF09CB,員和段,31.27,都市：住,100000,231,持分移轉,00790000
RPQTPLRLKINFFAF66CB,員和段,31.27,都市：住,100000,231,持分移轉,00790000
RPXSPLRLKINFFAF27CB,員和段,31.40,都市：住,100000,232,持分移轉,00790000
RPRTPLRLKINFFAF76CB,員和段,31.27,都市：住,100000,231,持分移轉,00790000
RPPTPLRLKINFFAF56CB,員和段,31.27,都市：住,100000,231,持分移轉,00790000
RPSTPLRLKINFFAF86CB,員和段,31.27,都市：住,100000,231,持分移轉,00790000
RPTTPLRLKINFFAF96CB,員和段,29.91,都市：住,100000,221,持分移轉,00790000
RPUTPLRLKINFFAF07CB,員和段,31.27,都市：住,100000,231,持分移轉,00790000
RPVTPLRLKINFFAF17CB,員和段,31.27,都市：住,100000,231,持分移轉,00790000
RPWTPLRLKINFFAF27CB,員和段,31.27,都市：住,100000,231,持分移轉,00790000
RPOUPLRLKINFFAF56CB,員和段,31.27,都市：住,100000,231,持分移轉,00790000
RPXTPLRLKINFFAF37CB,員和段,30.59,都市：住,100000,226,持分移轉,00790000
RPPUPLRLKINFFAF66CB,員和段,31.27,都市：住,100000,231,持分移轉,00790000
RPQUPLRLKINFFAF76CB,員和段,31.27,都市：住,100000,231,持分移轉,00790000
RPTUPLRLKINFFAF07CB,員和段,31.27,都市：住,100000,231,持分移轉,00790000
RPSUPLRLKINFFAF96CB,員和段,31.27,都市：住,100000,231,持分移轉,00790000
RPRUPLRLKINFFAF86CB,員和段,31.27,都市：住,100000,231,持分移轉,00790000
RPVUPLRLKINFFAF27CB,員和段,21.25,都市：住,100000,157,持分移轉,00790000
RPWUPLRLKINFFAF37CB,員和段,21.25,都市：住,100000,157,持分移轉,00790000
RPUUPLRLKINFFAF17CB,員和段,31.27,都市：住,100000,231,持分移轉,00790000
RPOVPLRLKINFFAF66CB,員和段,19.90,都市：住,100000,147,持分移轉,00790000
RPPVPLRLKINFFAF76CB,員和段,21.25,都市：住,100000,157,持分移轉,00790000
RPQVPLRLKINFFAF86CB,員和段,21.25,都市：住,100000,157,持分移轉,00790000
RPXUPLRLKINFFAF47CB,員和段,21.25,都市：住,100000,157,持分移轉,00790000
RPXVPLRLKINFFAF57CB,員和段,21.25,都市：住,100000,157,持分移轉,00790000
RPWVPLRLKINFFAF47CB,員和段,19.90,都市：住,100000,147,持分移轉,00790000
RPQWPLRLKINFFAF96CB,員和段,21.25,都市：住,100000,157,持分移轉,00790000
RPUVPLRLKINFFAF27CB,員和段,19.90,都市：住,100000,147,持分移轉,00790000
RPVVPLRLKINFFAF37CB,員和段,19.90,都市：住,100000,147,持分移轉,00790000
RPRVPLRLKINFFAF96CB,員和段,21.25,都市：住,100000,157,持分移轉,00790000
RPOWPLRLKINFFAF76CB,員和段,21.25,都市：住,100000,157,持分移轉,00790000
RPTVPLRLKINFFAF17CB,員和段,19.90,都市：住,100000,147,持分移轉,00790000
RPSVPLRLKINFFAF07CB,員和段,19.90,都市：住,100000,147,持分移轉,00790000
RPPWPLRLKINFFAF86CB,員和段,19.90,都市：住,100000,147,持分移轉,00790000
RPTWPLRLKINFFAF27CB,員和段,21.25,都市：住,100000,157,持分移轉,00790000
RPRWPLRLKINFFAF07CB,員和段,21.25,都市：住,100000,157,持分移轉,00790000
RPUWPLRLKINFFAF37CB,員和段,21.25,都市：住,100000,157,持分移轉,00790000
RPVWPLRLKINFFAF47CB,員和段,21.25,都市：住,100000,157,持分移轉,00790000
RPSWPLRLKINFFAF17CB,員和段,21.25,都市：住,100000,157,持分移轉,00790000
RPWWPLRLKINFFAF57CB,員和段,21.25,都市：住,100000,157,持分移轉,00790000
RPPNQLRLKINFFAF68CB,員和段,52.25,都市：住,100000,386,持分移轉,00790000
RPXWPLRLKINFFAF67CB,員和段,21.25,都市：住,100000,157,持分移轉,00790000
RPQNQLRLKINFFAF78CB,員和段,17.33,都市：住,100000,128,持分移轉,00790000
RPSNQLRLKINFFAF98CB,員和段,15.97,都市：住,100000,118,持分移轉,00790000
RPUNQLRLKINFFAF56CB,員和段,15.97,都市：住,100000,118,持分移轉,00790000
RPVNQLRLKINFFAF66CB,員和段,15.97,都市：住,100000,118,持分移轉,00790000
RPONQLRLKINFFAF58CB,員和段,21.25,都市：住,100000,157,持分移轉,00790000
RPWNQLRLKINFFAF76CB,員和段,15.97,都市：住,100000,118,持分移轉,00790000
RPXNQLRLKINFFAF86CB,員和段,15.97,都市：住,100000,118,持分移轉,00790000
RPOOQLRLKINFFAF68CB,員和段,15.97,都市：住,100000,118,持分移轉,00790000
RPROQLRLKINFFAF98CB,員和段,15.97,都市：住,100000,118,持分移轉,00790000
RPTOQLRLKINFFAF56CB,員和段,15.97,都市：住,100000,118,持分移轉,00790000
RPUOQLRLKINFFAF66CB,員和段,15.97,都市：住,100000,118,持分移轉,00790000
RPTNQLRLKINFFAF09CB,員和段,15.97,都市：住,100000,118,持分移轉,00790000
RPOPQLRLKINFFAF78CB,員和段,15.97,都市：住,100000,118,持分移轉,00790000
RPPOQLRLKINFFAF78CB,員和段,15.97,都市：住,100000,118,持分移轉,00790000
RPWOQLRLKINFFAF86CB,員和段,15.97,都市：住,100000,118,持分移轉,00790000
RPXOQLRLKINFFAF96CB,員和段,15.97,都市：住,100000,118,持分移轉,00790000
RPPPQLRLKINFFAF88CB,員和段,15.97,都市：住,100000,118,持分移轉,00790000
RPVOQLRLKINFFAF76CB,員和段,15.97,都市：住,100000,118,持分移轉,00790000
RPQPQLRLKINFFAF98CB,員和段,15.97,都市：住,100000,118,持分移轉,00790000
RPSPQLRLKINFFAF56CB,員和段,15.97,都市：住,100000,118,持分移轉,00790000
RPRPQLRLKINFFAF09CB,員和段,15.97,都市：住,100000,118,持分移轉,00790000
RPOQQLRLKINFFAF88CB,員和段,30.73,都市：住,100000,227,持分移轉,00790000
RPTPQLRLKINFFAF66CB,員和段,15.97,都市：住,100000,118,持分移轉,00790000
RPPQQLRLKINFFAF98CB,員和段,30.73,都市：住,100000,227,持分移轉,00790000
RPUPQLRLKINFFAF76CB,員和段,15.97,都市：住,100000,118,持分移轉,00790000
RPWPQLRLKINFFAF96CB,員和段,29.51,都市：住,100000,218,持分移轉,00790000
RPXPQLRLKINFFAF07CB,員和段,29.37,都市：住,100000,217,持分移轉,00790000
RPVPQLRLKINFFAF86CB,員和段,48.19,都市：住,100000,356,持分移轉,00790000
RPVQQLRLKINFFAF96CB,員和段,30.73,都市：住,100000,227,持分移轉,00790000
RPTQQLRLKINFFAF76CB,員和段,30.73,都市：住,100000,227,持分移轉,00790000
RPPRQLRLKINFFAF09CB,員和段,30.73,都市：住,100000,227,持分移轉,00790000
RPQQQLRLKINFFAF09CB,員和段,30.73,都市：住,100000,227,持分移轉,00790000
RPORQLRLKINFFAF98CB,員和段,30.73,都市：住,100000,227,持分移轉,00790000
RPWQQLRLKINFFAF07CB,員和段,30.73,都市：住,100000,227,持分移轉,00790000
RPUQQLRLKINFFAF86CB,員和段,30.73,都市：住,100000,227,持分移轉,00790000
RPQRQLRLKINFFAF56CB,員和段,30.73,都市：住,100000,227,持分移轉,00790000
RPXQQLRLKINFFAF17CB,員和段,30.73,都市：住,100000,227,持分移轉,00790000
RPRQQLRLKINFFAF56CB,員和段,30.73,都市：住,100000,227,持分移轉,00790000
RPRRQLRLKINFFAF66CB,員和段,29.37,都市：住,100000,217,持分移轉,00790000
RPTTMLSLKINFFGF37CB,仁興段,13.99,都市：住,10000,94,持分移轉,14700000
RPSTMLSLKINFFGF27CB,仁興段,15.33,都市：住,10000,103,持分移轉,14700000
RPVTMLSLKINFFGF57CB,仁興段,15.33,都市：住,10000,103,持分移轉,14700000
RPWTMLSLKINFFGF67CB,仁興段,13.54,都市：住,10000,91,持分移轉,14700000
RPUTMLSLKINFFGF47CB,仁興段,15.33,都市：住,10000,103,持分移轉,14700000
RPOUMLSLKINFFGF96CB,仁興段,16.67,都市：住,10000,112,持分移轉,14700000
RPXTMLSLKINFFGF77CB,仁興段,13.54,都市：住,10000,91,持分移轉,14700000
RPSRQLRLKINFFAF76CB,員和段,30.73,都市：住,100000,227,持分移轉,00790000
RPWUMLSLKINFFGF77CB,仁興段,13.54,都市：住,10000,91,持分移轉,14700000
RPXUMLSLKINFFGF87CB,仁興段,15.33,都市：住,10000,103,持分移轉,14700000
RPQUMLSLKINFFGF17CB,仁興段,16.81,都市：住,10000,113,持分移轉,14700000
RPOVMLSLKINFFGF07CB,仁興段,16.67,都市：住,10000,112,持分移轉,14700000
RPPUMLSLKINFFGF07CB,仁興段,16.96,都市：住,10000,114,持分移轉,14700000
RPRUMLSLKINFFGF27CB,仁興段,13.54,都市：住,10000,91,持分移轉,14700000
RPVUMLSLKINFFGF67CB,仁興段,15.33,都市：住,10000,103,持分移轉,14700000
RPSUMLSLKINFFGF37CB,仁興段,16.67,都市：住,10000,112,持分移轉,14700000
RPUUMLSLKINFFGF57CB,仁興段,16.81,都市：住,10000,113,持分移轉,14700000
RPTUMLSLKINFFGF47CB,仁興段,16.81,都市：住,10000,113,持分移轉,14700000
RPPVMLSLKINFFGF17CB,仁興段,16.81,都市：住,10000,113,持分移轉,14700000
RPRVMLSLKINFFGF37CB,仁興段,16.81,都市：住,10000,113,持分移轉,14700000
RPQVMLSLKINFFGF27CB,仁興段,13.99,都市：住,10000,94,持分移轉,14700000
RPSVMLSLKINFFGF47CB,仁興段,13.99,都市：住,10000,94,持分移轉,14700000
RPOOMLNJJHOFFAF77EB,員和段,22.61,都市：住,100000,167,持分移轉,00790000
RPTVMLSLKINFFGF57CB,仁興段,13.99,都市：住,10000,94,持分移轉,14700000
RPPOMLNJJHOFFAF87EB,員和段,15.97,都市：住,100000,118,持分移轉,00790000
RPTOMLNJJHOFFAF28EB,員和段,15.97,都市：住,100000,118,持分移轉,00790000
RPUOMLNJJHOFFAF38EB,員和段,30.73,都市：住,100000,227,持分移轉,00790000
RPSOMLNJJHOFFAF18EB,員和段,15.97,都市：住,100000,118,持分移轉,00790000
RPQOMLNJJHOFFAF97EB,員和段,15.97,都市：住,100000,118,持分移轉,00790000
RPUSMLNJJHOFFEF09DB,新市段,23.77,都市：住,100000,1239,持分移轉,01070000
RPRNMLOJJHOFFEF38DB,新市段,24.00,都市：住,100000,1251,持分移轉,01070000
RPWRMLNJJHOFFEF56DB,新市段,19.34,都市：住,100000,1008,持分移轉,01070000
RPVQMLNJJHOFFEF98DB,新市段,26.97,都市：住,100000,1406,持分移轉,01070000
RPVRMLNJJHOFFEF09DB,新市段,24.00,都市：住,100000,1251,持分移轉,01070000
RPTSMLNJJHOFFEF98DB,新市段,23.77,都市：住,100000,1239,持分移轉,01070000
RPSNMLOJJHOFFEF48DB,新市段,26.97,都市：住,100000,1406,持分移轉,01070000
RPTRMLNJJHOFFEF88DB,新市段,19.59,都市：住,100000,1021,持分移轉,01070000
RPSRMLNJJHOFFEF78DB,新市段,19.34,都市：住,100000,1008,持分移轉,01070000
RPRSMLNJJHOFFEF78DB,新市段,19.34,都市：住,100000,1008,持分移轉,01070000
RPTNMLOJJHOFFEF58DB,新市段,26.97,都市：住,100000,1406,持分移轉,01070000
RPUNMLOJJHOFFEF68DB,新市段,23.77,都市：住,100000,1239,持分移轉,01070000
RPROMLOJJHOFFEF48DB,新市段,19.59,都市：住,100000,1021,持分移轉,01070000
RPXNMLOJJHOFFEF98DB,新市段,19.59,都市：住,100000,1021,持分移轉,01070000
RPTOMLOJJHOFFEF68DB,新市段,19.59,都市：住,100000,1021,持分移轉,01070000
RPXOMLOJJHOFFEF09DB,新市段,19.59,都市：住,100000,1021,持分移轉,01070000
RPWNMLOJJHOFFEF88DB,新市段,19.59,都市：住,100000,1021,持分移轉,01070000
RPPOMLOJJHOFFEF28DB,新市段,19.59,都市：住,100000,1021,持分移轉,01070000
RPPPMLOJJHOFFEF38DB,新市段,19.59,都市：住,100000,1021,持分移轉,01070000
RPSOMLOJJHOFFEF58DB,新市段,19.59,都市：住,100000,1021,持分移轉,01070000
RPRQMLOJJHOFFEF68DB,新市段,19.59,都市：住,100000,1021,持分移轉,01070000
RPTTMLOJJHOFFEF56DB,新市段,23.77,都市：住,100000,1239,持分移轉,01070000
RPRUMLOJJHOFFEF09DB,新市段,23.77,都市：住,100000,1239,持分移轉,01070000
RPPQMLOJJHOFFEF48DB,新市段,19.59,都市：住,100000,1021,持分移轉,01070000
RPPSMLOJJHOFFEF68DB,新市段,23.77,都市：住,100000,1239,持分移轉,01070000
RPOUMLOJJHOFFEF78DB,新市段,23.77,都市：住,100000,1239,持分移轉,01070000
RPPNMLPJJHOFFEF28DB,新市段,23.77,都市：住,100000,1239,持分移轉,01070000
RPSNMLPJJHOFFEF58DB,新市段,23.77,都市：住,100000,1239,持分移轉,01070000
RPQNMLPJJHOFFEF38DB,新市段,23.77,都市：住,100000,1239,持分移轉,01070000
RPWNMLPJJHOFFEF98DB,新市段,26.97,都市：住,100000,1406,持分移轉,01070000
RPOOMLPJJHOFFEF28DB,新市段,26.97,都市：住,100000,1406,持分移轉,01070000
RPXNMLPJJHOFFEF09DB,新市段,26.97,都市：住,100000,1406,持分移轉,01070000
RPRNMLPJJHOFFEF48DB,新市段,23.77,都市：住,100000,1239,持分移轉,01070000
RPTNMLPJJHOFFEF68DB,新市段,26.97,都市：住,100000,1406,持分移轉,01070000
RPOOMLLLJHOFFDF87CB,福德段,18.30,都市：住,10000,68,持分移轉,01720000
RPPPMLLLJHOFFDF08CB,福德段,18.56,都市：住,10000,69,持分移轉,01720000
RPVPMLLLJHOFFDF68CB,福德段,8.88,都市：住,10000,33,持分移轉,01720000
RPWPMLLLJHOFFDF78CB,福德段,8.88,都市：住,10000,33,持分移轉,01720000
RPSPMLLLJHOFFDF38CB,福德段,18.03,都市：住,10000,67,持分移轉,01720000
RPRPMLLLJHOFFDF28CB,福德段,18.30,都市：住,10000,68,持分移轉,01720000
RPTOMLLLJHOFFDF38CB,福德段,18.30,都市：住,10000,68,持分移轉,01720000
RPUPMLLLJHOFFDF58CB,福德段,18.03,都市：住,10000,67,持分移轉,01720000
RPXOMLLLJHOFFDF78CB,福德段,18.30,都市：住,10000,68,持分移轉,01720000
RPVOMLLLJHOFFDF58CB,福德段,18.30,都市：住,10000,68,持分移轉,01720000
RPROMLLLJHOFFDF18CB,福德段,18.30,都市：住,10000,68,持分移轉,01720000
RPOQMLLLJHOFFDF08CB,福德段,11.03,都市：住,10000,41,持分移轉,01720000
RPSQMLLLJHOFFDF48CB,福德段,18.30,都市：住,10000,68,持分移轉,01720000
RPQQMLLLJHOFFDF28CB,福德段,12.38,都市：住,10000,46,持分移轉,01720000
RPUQMLLLJHOFFDF68CB,福德段,18.30,都市：住,10000,68,持分移轉,01720000
RPORMLLLJHOFFDF18CB,福德段,18.30,都市：住,10000,68,持分移轉,01720000
RPWQMLLLJHOFFDF88CB,福德段,18.30,都市：住,10000,68,持分移轉,01720000
RPXQMLLLJHOFFDF98CB,福德段,18.30,都市：住,10000,68,持分移轉,01720000
RPVQMLLLJHOFFDF78CB,福德段,18.30,都市：住,10000,68,持分移轉,01720000
RPPQMLLLJHOFFDF18CB,福德段,12.38,都市：住,10000,46,持分移轉,01720000
RPPRMLLLJHOFFDF28CB,福德段,18.30,都市：住,10000,68,持分移轉,01720000
RPXPMLLLJHOFFDF88CB,福德段,8.88,都市：住,10000,33,持分移轉,01720000
RPSRMLLLJHOFFDF58CB,福德段,18.30,都市：住,10000,68,持分移轉,01720000
RPURMLLLJHOFFDF78CB,福德段,12.38,都市：住,10000,46,持分移轉,01720000
RPVRMLLLJHOFFDF88CB,福德段,18.30,都市：住,10000,68,持分移轉,01720000
RPRTMLLMJHOFFEF88CB,淡海段,18.02,都市：住,10000,35,持分移轉,00800000
RPWRMLLLJHOFFDF98CB,福德段,18.30,都市：住,10000,68,持分移轉,01720000
RPQRMLLLJHOFFDF38CB,福德段,18.30,都市：住,10000,68,持分移轉,01720000
RPRRMLLLJHOFFDF48CB,福德段,18.30,都市：住,10000,68,持分移轉,01720000
RPTRMLLLJHOFFDF68CB,福德段,8.88,都市：住,10000,33,持分移轉,01720000
RPVTMLLMJHOFFEF66CB,淡海段,18.02,都市：住,10000,35,持分移轉,00800000
RPSTMLLMJHOFFEF98CB,淡海段,18.02,都市：住,10000,35,持分移轉,00800000
RPOUMLLMJHOFFEF68CB,淡海段,18.02,都市：住,10000,35,持分移轉,00800000
RPXTMLLMJHOFFEF86CB,淡海段,18.02,都市：住,10000,35,持分移轉,00800000
RPRUMLLMJHOFFEF98CB,淡海段,18.02,都市：住,10000,35,持分移轉,00800000
RPQUMLLMJHOFFEF88CB,淡海段,18.02,都市：住,10000,35,持分移轉,00800000
RPVUMLLMJHOFFEF76CB,淡海段,25.23,都市：住,10000,49,持分移轉,00800000
RPUUMLLMJHOFFEF66CB,淡海段,25.23,都市：住,10000,49,持分移轉,00800000
RPPUMLLMJHOFFEF78CB,淡海段,18.02,都市：住,10000,35,持分移轉,00800000
RPWTMLLMJHOFFEF76CB,淡海段,18.02,都市：住,10000,35,持分移轉,00800000
RPWUMLLMJHOFFEF86CB,淡海段,25.23,都市：住,10000,49,持分移轉,00800000
RPXUMLLMJHOFFEF96CB,淡海段,25.23,都市：住,10000,49,持分移轉,00800000
RPOVMLLMJHOFFEF78CB,淡海段,25.23,都市：住,10000,49,持分移轉,00800000
RPQVMLLMJHOFFEF98CB,淡海段,25.23,都市：住,10000,49,持分移轉,00800000
RPSVMLLMJHOFFEF56CB,淡海段,27.81,都市：住,10000,54,持分移轉,00800000
RPTVMLLMJHOFFEF66CB,淡海段,27.81,都市：住,10000,54,持分移轉,00800000
RPXVMLLMJHOFFEF07CB,淡海段,27.81,都市：住,10000,54,持分移轉,00800000
RPPVMLLMJHOFFEF88CB,淡海段,25.23,都市：住,10000,49,持分移轉,00800000
RPWVMLLMJHOFFEF96CB,淡海段,27.81,都市：住,10000,54,持分移轉,00800000
RPRVMLLMJHOFFEF09CB,淡海段,27.81,都市：住,10000,54,持分移轉,00800000
RPUVMLLMJHOFFEF76CB,淡海段,27.81,都市：住,10000,54,持分移轉,00800000
RPRWMLLMJHOFFEF56CB,淡海段,27.81,都市：住,10000,54,持分移轉,00800000
RPTWMLLMJHOFFEF76CB,淡海段,27.81,都市：住,10000,54,持分移轉,00800000
RPPWMLLMJHOFFEF98CB,淡海段,27.81,都市：住,10000,54,持分移轉,00800000
RPOWMLLMJHOFFEF88CB,淡海段,27.81,都市：住,10000,54,持分移轉,00800000
RPONNLLMJHOFFEF08CB,淡海段,27.81,都市：住,10000,54,持分移轉,00800000
RPSWMLLMJHOFFEF66CB,淡海段,27.81,都市：住,10000,54,持分移轉,00800000
RPQWMLLMJHOFFEF09CB,淡海段,27.81,都市：住,10000,54,持分移轉,00800000
RPXWMLLMJHOFFEF17CB,淡海段,27.81,都市：住,10000,54,持分移轉,00800000
RPWNNLLMJHOFFEF88CB,淡海段,27.81,都市：住,10000,54,持分移轉,00800000
RPTNNLLMJHOFFEF58CB,淡海段,27.81,都市：住,10000,54,持分移轉,00800000
RPOONLLMJHOFFEF18CB,淡海段,25.75,都市：住,10000,50,持分移轉,00800000
RPQNNLLMJHOFFEF28CB,淡海段,27.81,都市：住,10000,54,持分移轉,00800000
RPQONLLMJHOFFEF38CB,淡海段,18.02,都市：住,10000,35,持分移轉,00800000
RPXNNLLMJHOFFEF98CB,淡海段,28.32,都市：住,10000,55,持分移轉,00800000
RPRONLLMJHOFFEF48CB,淡海段,18.02,都市：住,10000,35,持分移轉,00800000
RPUNNLLMJHOFFEF68CB,淡海段,27.81,都市：住,10000,54,持分移轉,00800000
RPTONLLMJHOFFEF68CB,淡海段,20.08,都市：住,10000,39,持分移轉,00800000
RPSONLLMJHOFFEF58CB,淡海段,20.08,都市：住,10000,39,持分移轉,00800000
RPUONLLMJHOFFEF78CB,淡海段,20.08,都市：住,10000,39,持分移轉,00800000
RPQPNLLMJHOFFEF48CB,淡海段,20.08,都市：住,10000,39,持分移轉,00800000
RPXONLLMJHOFFEF09CB,淡海段,20.08,都市：住,10000,39,持分移轉,00800000
RPSPNLLMJHOFFEF68CB,淡海段,20.08,都市：住,10000,39,持分移轉,00800000
RPOPNLLMJHOFFEF28CB,淡海段,20.08,都市：住,10000,39,持分移轉,00800000
RPRPNLLMJHOFFEF58CB,淡海段,20.08,都市：住,10000,39,持分移轉,00800000
RPTPNLLMJHOFFEF78CB,淡海段,20.08,都市：住,10000,39,持分移轉,00800000
RPWONLLMJHOFFEF98CB,淡海段,20.08,都市：住,10000,39,持分移轉,00800000
RPOPMLLMJHOFFBF87CB,芳洲段,18.92,都市：住,10000,206,持分移轉,02660000
RPTOMLLMJHOFFBF28CB,芳洲段,23.88,都市：住,10000,260,持分移轉,02660000
RPPPNLLMJHOFFEF38CB,淡海段,20.08,都市：住,10000,39,持分移轉,00800000
RPPPMLLMJHOFFBF97CB,芳洲段,19.02,都市：住,10000,207,持分移轉,02660000
RPOQMLLMJHOFFBF97CB,芳洲段,18.92,都市：住,10000,206,持分移轉,02660000
