﻿編號,土地位置,土地移轉面積(平方公尺),使用分區或編定,權利人持分分母,權利人持分分子,移轉情形,地號
The serial number, land position,land shifting area square meter,the use zoning or compiles and checks,,,,land parcel
RPUOMLNJKINFFBG58DB,新三泰段,65.87,非都市：鄉村區 ; 非都市編定：乙種建築用地,1,1,全筆移轉,14330000
RPUOMLNJKINFFBG58DB,新三泰段,15.81,非都市：鄉村區 ; 非都市編定：乙種建築用地,1,1,全筆移轉,14380000
RPUOMLNJKINFFBG58DB,新三泰段,1.76,非都市：鄉村區 ; 非都市編定：乙種建築用地,23000,995,持分移轉,14340000
RPUOMLNJKINFFBG58DB,新三泰段,3.86,非都市：鄉村區 ; 非都市編定：乙種建築用地,23000,995,持分移轉,14580000
RPVOMLNJKINFFBG68DB,新三泰段,56.25,非都市：鄉村區 ; 非都市編定：乙種建築用地,1,1,全筆移轉,14320000
RPVOMLNJKINFFBG68DB,新三泰段,23.29,非都市：鄉村區 ; 非都市編定：乙種建築用地,1,1,全筆移轉,14400000
RPVOMLNJKINFFBG68DB,新三泰段,1.76,非都市：鄉村區 ; 非都市編定：乙種建築用地,23000,995,持分移轉,14340000
RPVOMLNJKINFFBG68DB,新三泰段,3.86,非都市：鄉村區 ; 非都市編定：乙種建築用地,23000,995,持分移轉,14580000
RPOPMLNJKINFFBG08DB,新三泰段,56.26,非都市：鄉村區 ; 非都市編定：乙種建築用地,1,1,全筆移轉,14300000
RPOPMLNJKINFFBG08DB,新三泰段,23.40,非都市：鄉村區 ; 非都市編定：乙種建築用地,1,1,全筆移轉,14450000
RPOPMLNJKINFFBG08DB,新三泰段,1.76,非都市：鄉村區 ; 非都市編定：乙種建築用地,23000,995,持分移轉,14340000
RPOPMLNJKINFFBG08DB,新三泰段,3.86,非都市：鄉村區 ; 非都市編定：乙種建築用地,23000,995,持分移轉,14580000
RPXOMLNJKINFFBG88DB,新三泰段,56.24,非都市：鄉村區 ; 非都市編定：乙種建築用地,1,1,全筆移轉,14310000
RPXOMLNJKINFFBG88DB,新三泰段,23.40,非都市：鄉村區 ; 非都市編定：乙種建築用地,1,1,全筆移轉,14410000
RPXOMLNJKINFFBG88DB,新三泰段,1.76,非都市：鄉村區 ; 非都市編定：乙種建築用地,23000,995,持分移轉,14340000
RPXOMLNJKINFFBG88DB,新三泰段,3.86,非都市：鄉村區 ; 非都市編定：乙種建築用地,23000,995,持分移轉,14580000
RPWQMLNJKINFFBG98DB,新三泰段,59.08,非都市：鄉村區 ; 非都市編定：乙種建築用地,1,1,全筆移轉,14640000
RPWQMLNJKINFFBG98DB,新三泰段,27.00,非都市：鄉村區 ; 非都市編定：乙種建築用地,1,1,全筆移轉,14550000
RPWQMLNJKINFFBG98DB,新三泰段,1.76,非都市：鄉村區 ; 非都市編定：乙種建築用地,23000,995,持分移轉,14340000
RPUPMLNJKINFFBG68DB,新三泰段,1.76,非都市：鄉村區 ; 非都市編定：乙種建築用地,23000,995,持分移轉,14340000
RPWQMLNJKINFFBG98DB,新三泰段,3.86,非都市：鄉村區 ; 非都市編定：乙種建築用地,23000,995,持分移轉,14580000
RPUPMLNJKINFFBG68DB,新三泰段,3.86,非都市：鄉村區 ; 非都市編定：乙種建築用地,23000,995,持分移轉,14580000
RPUPMLNJKINFFBG68DB,新三泰段,102.57,非都市：鄉村區 ; 非都市編定：乙種建築用地,1,1,全筆移轉,14240000
RPUPMLNJKINFFBG68DB,新三泰段,6.35,非都市：鄉村區 ; 非都市編定：乙種建築用地,1,1,全筆移轉,14570000
RPUQMLNJKINFFBG78DB,新三泰段,91.44,非都市：鄉村區 ; 非都市編定：乙種建築用地,1,1,全筆移轉,14630000
RPUQMLNJKINFFBG78DB,新三泰段,4.62,非都市：鄉村區 ; 非都市編定：乙種建築用地,1,1,全筆移轉,14560000
RPUQMLNJKINFFBG78DB,新三泰段,1.76,非都市：鄉村區 ; 非都市編定：乙種建築用地,23000,995,持分移轉,14340000
RPUQMLNJKINFFBG78DB,新三泰段,3.86,非都市：鄉村區 ; 非都市編定：乙種建築用地,23000,995,持分移轉,14580000
RPVPMLNJKINFFBG78DB,新三泰段,56.26,非都市：鄉村區 ; 非都市編定：乙種建築用地,1,1,全筆移轉,14270000
RPVPMLNJKINFFBG78DB,新三泰段,23.40,非都市：鄉村區 ; 非都市編定：乙種建築用地,1,1,全筆移轉,14510000
RPVPMLNJKINFFBG78DB,新三泰段,1.76,非都市：鄉村區 ; 非都市編定：乙種建築用地,23000,995,持分移轉,14340000
RPVPMLNJKINFFBG78DB,新三泰段,3.86,非都市：鄉村區 ; 非都市編定：乙種建築用地,23000,995,持分移轉,14580000
RPXPMLNJKINFFBG98DB,新三泰段,23.40,非都市：鄉村區 ; 非都市編定：乙種建築用地,1,1,全筆移轉,14530000
RPXPMLNJKINFFBG98DB,新三泰段,1.76,非都市：鄉村區 ; 非都市編定：乙種建築用地,23000,995,持分移轉,14340000
RPXPMLNJKINFFBG98DB,新三泰段,3.86,非都市：鄉村區 ; 非都市編定：乙種建築用地,23000,995,持分移轉,14580000
RPXPMLNJKINFFBG98DB,新三泰段,56.26,非都市：鄉村區 ; 非都市編定：乙種建築用地,1,1,全筆移轉,14260000
RPSQMLNJKINFFBG58DB,新三泰段,82.00,非都市：鄉村區 ; 非都市編定：乙種建築用地,1,1,全筆移轉,14250000
RPSQMLNJKINFFBG58DB,新三泰段,1.76,非都市：鄉村區 ; 非都市編定：乙種建築用地,23000,995,持分移轉,14340000
RPSQMLNJKINFFBG58DB,新三泰段,3.86,非都市：鄉村區 ; 非都市編定：乙種建築用地,23000,995,持分移轉,14580000
RPQPMLNJKINFFBG28DB,新三泰段,56.25,非都市：鄉村區 ; 非都市編定：乙種建築用地,1,1,全筆移轉,14280000
RPQPMLNJKINFFBG28DB,新三泰段,23.40,非都市：鄉村區 ; 非都市編定：乙種建築用地,1,1,全筆移轉,14490000
RPQPMLNJKINFFBG28DB,新三泰段,1.82,非都市：鄉村區 ; 非都市編定：乙種建築用地,23000,1027,持分移轉,14340000
RPQPMLNJKINFFBG28DB,新三泰段,3.98,非都市：鄉村區 ; 非都市編定：乙種建築用地,23000,1027,持分移轉,14580000
RPPPMLNJKINFFBG18DB,新三泰段,56.25,非都市：鄉村區 ; 非都市編定：乙種建築用地,1,1,全筆移轉,14290000
RPPPMLNJKINFFBG18DB,新三泰段,23.40,非都市：鄉村區 ; 非都市編定：乙種建築用地,1,1,全筆移轉,14470000
RPPPMLNJKINFFBG18DB,新三泰段,1.76,非都市：鄉村區 ; 非都市編定：乙種建築用地,23000,995,持分移轉,14340000
RPPPMLNJKINFFBG18DB,新三泰段,3.86,非都市：鄉村區 ; 非都市編定：乙種建築用地,23000,995,持分移轉,14580000
RPXQMLNJKINFFBG09DB,新三泰段,59.08,非都市：鄉村區 ; 非都市編定：乙種建築用地,1,1,全筆移轉,14670000
RPXQMLNJKINFFBG09DB,新三泰段,25.86,非都市：鄉村區 ; 非都市編定：乙種建築用地,1,1,全筆移轉,14540000
RPXQMLNJKINFFBG09DB,新三泰段,1.76,非都市：鄉村區 ; 非都市編定：乙種建築用地,23000,995,持分移轉,14340000
RPXQMLNJKINFFBG09DB,新三泰段,3.86,非都市：鄉村區 ; 非都市編定：乙種建築用地,23000,995,持分移轉,14580000
RPTRMLNJKINFFBG78DB,新三泰段,87.07,非都市：鄉村區 ; 非都市編定：乙種建築用地,1,1,全筆移轉,14740000
RPTRMLNJKINFFBG78DB,新三泰段,3.80,非都市：鄉村區 ; 非都市編定：乙種建築用地,1,1,全筆移轉,14430000
RPTRMLNJKINFFBG78DB,新三泰段,1.75,非都市：鄉村區 ; 非都市編定：乙種建築用地,23000,986,持分移轉,14340000
RPTRMLNJKINFFBG78DB,新三泰段,3.82,非都市：鄉村區 ; 非都市編定：乙種建築用地,23000,986,持分移轉,14580000
RPVRMLNJKINFFBG98DB,新三泰段,80.53,非都市：鄉村區 ; 非都市編定：乙種建築用地,1,1,全筆移轉,14750000
RPVRMLNJKINFFBG98DB,新三泰段,3.60,非都市：鄉村區 ; 非都市編定：乙種建築用地,1,1,全筆移轉,14420000
RPVRMLNJKINFFBG98DB,新三泰段,1.82,非都市：鄉村區 ; 非都市編定：乙種建築用地,23000,1027,持分移轉,14340000
RPVRMLNJKINFFBG98DB,新三泰段,3.98,非都市：鄉村區 ; 非都市編定：乙種建築用地,23000,1027,持分移轉,14580000
RPRRMLNJKINFFBG58DB,新三泰段,63.82,非都市：鄉村區 ; 非都市編定：乙種建築用地,1,1,全筆移轉,14710000
RPRRMLNJKINFFBG58DB,新三泰段,17.10,非都市：鄉村區 ; 非都市編定：乙種建築用地,1,1,全筆移轉,14480000
RPRRMLNJKINFFBG58DB,新三泰段,1.75,非都市：鄉村區 ; 非都市編定：乙種建築用地,23000,986,持分移轉,14340000
RPRRMLNJKINFFBG58DB,新三泰段,3.82,非都市：鄉村區 ; 非都市編定：乙種建築用地,23000,986,持分移轉,14580000
RPSRMLNJKINFFBG68DB,新三泰段,66.60,非都市：鄉村區 ; 非都市編定：乙種建築用地,1,1,全筆移轉,14730000
RPSRMLNJKINFFBG68DB,新三泰段,14.31,非都市：鄉村區 ; 非都市編定：乙種建築用地,1,1,全筆移轉,14460000
RPSRMLNJKINFFBG68DB,新三泰段,1.75,非都市：鄉村區 ; 非都市編定：乙種建築用地,23000,986,持分移轉,14340000
RPSRMLNJKINFFBG68DB,新三泰段,3.82,非都市：鄉村區 ; 非都市編定：乙種建築用地,23000,986,持分移轉,14580000
RPPRMLNJKINFFBG38DB,新三泰段,77.32,非都市：鄉村區 ; 非都市編定：乙種建築用地,1,1,全筆移轉,14680000
RPPRMLNJKINFFBG38DB,新三泰段,3.97,非都市：鄉村區 ; 非都市編定：乙種建築用地,1,1,全筆移轉,14520000
RPPRMLNJKINFFBG38DB,新三泰段,1.82,非都市：鄉村區 ; 非都市編定：乙種建築用地,23000,1027,持分移轉,14340000
RPPRMLNJKINFFBG38DB,新三泰段,3.98,非都市：鄉村區 ; 非都市編定：乙種建築用地,23000,1027,持分移轉,14580000
RPQRMLNJKINFFBG48DB,新三泰段,66.09,非都市：鄉村區 ; 非都市編定：乙種建築用地,1,1,全筆移轉,14700000
RPQRMLNJKINFFBG48DB,新三泰段,14.82,非都市：鄉村區 ; 非都市編定：乙種建築用地,1,1,全筆移轉,14500000
RPQRMLNJKINFFBG48DB,新三泰段,1.76,非都市：鄉村區 ; 非都市編定：乙種建築用地,23000,995,持分移轉,14340000
RPQRMLNJKINFFBG48DB,新三泰段,3.86,非都市：鄉村區 ; 非都市編定：乙種建築用地,23000,995,持分移轉,14580000
RPOSMLNJKINFFBG38DB,新三泰段,67.86,非都市：鄉村區 ; 非都市編定：乙種建築用地,1,1,全筆移轉,14770000
RPOSMLNJKINFFBG38DB,新三泰段,11.74,非都市：鄉村區 ; 非都市編定：乙種建築用地,1,1,全筆移轉,14370000
RPOSMLNJKINFFBG38DB,新三泰段,1.75,非都市：鄉村區 ; 非都市編定：乙種建築用地,23000,986,持分移轉,14340000
RPOSMLNJKINFFBG38DB,新三泰段,3.82,非都市：鄉村區 ; 非都市編定：乙種建築用地,23000,986,持分移轉,14580000
RPWPMLOJKINFFBG98DB,新三泰段,87.60,非都市：鄉村區 ; 非都市編定：乙種建築用地,1,1,全筆移轉,14020000
RPWPMLOJKINFFBG98DB,新三泰段,1.32,非都市：鄉村區 ; 非都市編定：乙種建築用地,15000,1009,持分移轉,13930000
RPWPMLOJKINFFBG98DB,新三泰段,18.00,非都市：鄉村區 ; 非都市編定：乙種建築用地,15000,1009,持分移轉,14070000
RPWPMLOJKINFFBG98DB,新三泰段,2.29,非都市：鄉村區 ; 非都市編定：乙種建築用地,15000,1009,持分移轉,14080000
RPTPMLOJKINFFBG68DB,新三泰段,66.48,非都市：鄉村區 ; 非都市編定：乙種建築用地,1,1,全筆移轉,13960000
RPTPMLOJKINFFBG68DB,新三泰段,1.32,非都市：鄉村區 ; 非都市編定：乙種建築用地,15000,1009,持分移轉,13930000
RPTPMLOJKINFFBG68DB,新三泰段,18.00,非都市：鄉村區 ; 非都市編定：乙種建築用地,15000,1009,持分移轉,14070000
RPTPMLOJKINFFBG68DB,新三泰段,2.29,非都市：鄉村區 ; 非都市編定：乙種建築用地,15000,1009,持分移轉,14080000
RPQQMLOJKINFFBG48DB,新三泰段,86.83,非都市：鄉村區 ; 非都市編定：乙種建築用地,1,1,全筆移轉,14090000
RPQQMLOJKINFFBG48DB,新三泰段,1.32,非都市：鄉村區 ; 非都市編定：乙種建築用地,15000,1009,持分移轉,13930000
RPQQMLOJKINFFBG48DB,新三泰段,18.00,非都市：鄉村區 ; 非都市編定：乙種建築用地,15000,1009,持分移轉,14070000
RPQQMLOJKINFFBG48DB,新三泰段,2.29,非都市：鄉村區 ; 非都市編定：乙種建築用地,15000,1009,持分移轉,14080000
RPPSMLNJKINFFBG48DB,新三泰段,63.13,非都市：鄉村區 ; 非都市編定：乙種建築用地,1,1,全筆移轉,14780000
RPPSMLNJKINFFBG48DB,新三泰段,20.60,非都市：鄉村區 ; 非都市編定：乙種建築用地,1,1,全筆移轉,14360000
RPPSMLNJKINFFBG48DB,新三泰段,1.82,非都市：鄉村區 ; 非都市編定：乙種建築用地,23000,1027,持分移轉,14340000
RPPSMLNJKINFFBG48DB,新三泰段,3.98,非都市：鄉村區 ; 非都市編定：乙種建築用地,23000,1027,持分移轉,14580000
RPRSMLNJKINFFBG68DB,新三泰段,75.92,非都市：鄉村區 ; 非都市編定：乙種建築用地,1,1,全筆移轉,14790000
RPRSMLNJKINFFBG68DB,新三泰段,21.31,非都市：鄉村區 ; 非都市編定：乙種建築用地,1,1,全筆移轉,14350000
RPRSMLNJKINFFBG68DB,新三泰段,1.82,非都市：鄉村區 ; 非都市編定：乙種建築用地,23000,1027,持分移轉,14340000
RPRSMLNJKINFFBG68DB,新三泰段,3.98,非都市：鄉村區 ; 非都市編定：乙種建築用地,23000,1027,持分移轉,14580000
RPOQMLOJKINFFBG28DB,新三泰段,75.50,非都市：鄉村區 ; 非都市編定：乙種建築用地,1,1,全筆移轉,14100000
RPOQMLOJKINFFBG28DB,新三泰段,1.32,非都市：鄉村區 ; 非都市編定：乙種建築用地,15000,1009,持分移轉,13930000
RPOQMLOJKINFFBG28DB,新三泰段,18.00,非都市：鄉村區 ; 非都市編定：乙種建築用地,15000,1009,持分移轉,14070000
RPOQMLOJKINFFBG28DB,新三泰段,2.29,非都市：鄉村區 ; 非都市編定：乙種建築用地,15000,1009,持分移轉,14080000
RPXRMLNJKINFFBG56DB,新三泰段,74.21,非都市：鄉村區 ; 非都市編定：乙種建築用地,1,1,全筆移轉,14760000
RPXRMLNJKINFFBG56DB,新三泰段,5.96,非都市：鄉村區 ; 非都市編定：乙種建築用地,1,1,全筆移轉,14390000
RPXRMLNJKINFFBG56DB,新三泰段,1.75,非都市：鄉村區 ; 非都市編定：乙種建築用地,23000,986,持分移轉,14340000
RPXRMLNJKINFFBG56DB,新三泰段,3.82,非都市：鄉村區 ; 非都市編定：乙種建築用地,23000,986,持分移轉,14580000
RPXPMLOJKINFFBG09DB,新三泰段,92.77,非都市：鄉村區 ; 非都市編定：乙種建築用地,1,1,全筆移轉,14180000
RPXPMLOJKINFFBG09DB,新三泰段,7.23,非都市：鄉村區 ; 非都市編定：乙種建築用地,1,1,全筆移轉,14170000
RPXPMLOJKINFFBG09DB,新三泰段,1.32,非都市：鄉村區 ; 非都市編定：乙種建築用地,15000,1009,持分移轉,13930000
RPXPMLOJKINFFBG09DB,新三泰段,18.00,非都市：鄉村區 ; 非都市編定：乙種建築用地,15000,1009,持分移轉,14070000
RPXPMLOJKINFFBG09DB,新三泰段,2.29,非都市：鄉村區 ; 非都市編定：乙種建築用地,15000,1009,持分移轉,14080000
RPUPMLOJKINFFBG78DB,新三泰段,66.47,非都市：鄉村區 ; 非都市編定：乙種建築用地,1,1,全筆移轉,13970000
RPUPMLOJKINFFBG78DB,新三泰段,1.32,非都市：鄉村區 ; 非都市編定：乙種建築用地,15000,1009,持分移轉,13930000
RPUPMLOJKINFFBG78DB,新三泰段,18.00,非都市：鄉村區 ; 非都市編定：乙種建築用地,15000,1009,持分移轉,14070000
RPUPMLOJKINFFBG78DB,新三泰段,2.29,非都市：鄉村區 ; 非都市編定：乙種建築用地,15000,1009,持分移轉,14080000
RPRQMLOJKINFFBG58DB,新三泰段,54.65,非都市：鄉村區 ; 非都市編定：乙種建築用地,1,1,全筆移轉,14660000
RPRQMLOJKINFFBG58DB,新三泰段,1.49,非都市：鄉村區 ; 非都市編定：乙種建築用地,14000,1002,持分移轉,14940000
RPRQMLOJKINFFBG58DB,新三泰段,1.67,非都市：鄉村區 ; 非都市編定：乙種建築用地,14000,1002,持分移轉,14600000
RPRQMLOJKINFFBG58DB,新三泰段,.78,非都市：鄉村區 ; 非都市編定：乙種建築用地,14000,1002,持分移轉,14610000
RPRQMLOJKINFFBG58DB,新三泰段,24.87,非都市：鄉村區 ; 非都市編定：乙種建築用地,14000,1002,持分移轉,14820000
RPRQMLOJKINFFBG58DB,新三泰段,2.10,非都市：鄉村區 ; 非都市編定：乙種建築用地,14000,1002,持分移轉,14720000
RPTNMLPJKINFFBG58DB,新三泰段,73.13,非都市：鄉村區 ; 非都市編定：乙種建築用地,1,1,全筆移轉,13950000
RPTNMLPJKINFFBG58DB,新三泰段,13.73,非都市：鄉村區 ; 非都市編定：乙種建築用地,1,1,全筆移轉,13920000
RPTNMLPJKINFFBG58DB,新三泰段,1.32,非都市：鄉村區 ; 非都市編定：乙種建築用地,15000,1009,持分移轉,13930000
RPTNMLPJKINFFBG58DB,新三泰段,18.00,非都市：鄉村區 ; 非都市編定：乙種建築用地,15000,1009,持分移轉,14070000
RPTNMLPJKINFFBG58DB,新三泰段,2.29,非都市：鄉村區 ; 非都市編定：乙種建築用地,15000,1009,持分移轉,14080000
RPROMLPJKINFFBG48DB,新三泰段,1.49,非都市：鄉村區 ; 非都市編定：乙種建築用地,14000,1002,持分移轉,14940000
RPROMLPJKINFFBG48DB,新三泰段,1.67,非都市：鄉村區 ; 非都市編定：乙種建築用地,14000,1002,持分移轉,14600000
RPROMLPJKINFFBG48DB,新三泰段,.78,非都市：鄉村區 ; 非都市編定：乙種建築用地,14000,1002,持分移轉,14610000
RPROMLPJKINFFBG48DB,新三泰段,24.87,非都市：鄉村區 ; 非都市編定：乙種建築用地,14000,1002,持分移轉,14820000
RPROMLPJKINFFBG48DB,新三泰段,2.10,非都市：鄉村區 ; 非都市編定：乙種建築用地,14000,1002,持分移轉,14720000
RPROMLPJKINFFBG48DB,新三泰段,67.19,非都市：鄉村區 ; 非都市編定：乙種建築用地,1,1,全筆移轉,14870000
RPOOMLPJKINFFBG18DB,新三泰段,1.49,非都市：鄉村區 ; 非都市編定：乙種建築用地,14000,1002,持分移轉,14940000
RPOOMLPJKINFFBG18DB,新三泰段,1.67,非都市：鄉村區 ; 非都市編定：乙種建築用地,14000,1002,持分移轉,14600000
RPOOMLPJKINFFBG18DB,新三泰段,.78,非都市：鄉村區 ; 非都市編定：乙種建築用地,14000,1002,持分移轉,14610000
RPOOMLPJKINFFBG18DB,新三泰段,24.87,非都市：鄉村區 ; 非都市編定：乙種建築用地,14000,1002,持分移轉,14820000
RPOOMLPJKINFFBG18DB,新三泰段,2.10,非都市：鄉村區 ; 非都市編定：乙種建築用地,14000,1002,持分移轉,14720000
RPOOMLPJKINFFBG18DB,新三泰段,70.83,非都市：鄉村區 ; 非都市編定：乙種建築用地,1,1,全筆移轉,14930000
RPPOMLPJKINFFBG28DB,新三泰段,1.49,非都市：鄉村區 ; 非都市編定：乙種建築用地,14000,1002,持分移轉,14940000
RPPOMLPJKINFFBG28DB,新三泰段,1.67,非都市：鄉村區 ; 非都市編定：乙種建築用地,14000,1002,持分移轉,14600000
RPPOMLPJKINFFBG28DB,新三泰段,.78,非都市：鄉村區 ; 非都市編定：乙種建築用地,14000,1002,持分移轉,14610000
RPPOMLPJKINFFBG28DB,新三泰段,24.87,非都市：鄉村區 ; 非都市編定：乙種建築用地,14000,1002,持分移轉,14820000
RPPOMLPJKINFFBG28DB,新三泰段,2.10,非都市：鄉村區 ; 非都市編定：乙種建築用地,14000,1002,持分移轉,14720000
RPPOMLPJKINFFBG28DB,新三泰段,59.57,非都市：鄉村區 ; 非都市編定：乙種建築用地,1,1,全筆移轉,14910000
RPQOMLPJKINFFBG38DB,新三泰段,1.49,非都市：鄉村區 ; 非都市編定：乙種建築用地,14000,1002,持分移轉,14940000
RPQOMLPJKINFFBG38DB,新三泰段,1.67,非都市：鄉村區 ; 非都市編定：乙種建築用地,14000,1002,持分移轉,14600000
RPQOMLPJKINFFBG38DB,新三泰段,.78,非都市：鄉村區 ; 非都市編定：乙種建築用地,14000,1002,持分移轉,14610000
RPQOMLPJKINFFBG38DB,新三泰段,24.87,非都市：鄉村區 ; 非都市編定：乙種建築用地,14000,1002,持分移轉,14820000
RPQOMLPJKINFFBG38DB,新三泰段,2.10,非都市：鄉村區 ; 非都市編定：乙種建築用地,14000,1002,持分移轉,14720000
RPQOMLPJKINFFBG38DB,新三泰段,71.55,非都市：鄉村區 ; 非都市編定：乙種建築用地,1,1,全筆移轉,14890000
RPUNMLPJKINFFBG68DB,新三泰段,64.06,非都市：鄉村區 ; 非都市編定：乙種建築用地,1,1,全筆移轉,14620000
RPUNMLPJKINFFBG68DB,新三泰段,1.62,非都市：鄉村區 ; 非都市編定：乙種建築用地,14000,1090,持分移轉,14940000
RPUNMLPJKINFFBG68DB,新三泰段,1.82,非都市：鄉村區 ; 非都市編定：乙種建築用地,14000,1090,持分移轉,14600000
RPUNMLPJKINFFBG68DB,新三泰段,.84,非都市：鄉村區 ; 非都市編定：乙種建築用地,14000,1090,持分移轉,14610000
RPUNMLPJKINFFBG68DB,新三泰段,27.05,非都市：鄉村區 ; 非都市編定：乙種建築用地,14000,1090,持分移轉,14820000
RPUNMLPJKINFFBG68DB,新三泰段,2.29,非都市：鄉村區 ; 非都市編定：乙種建築用地,14000,1090,持分移轉,14720000
RPWNMLPJKINFFBG88DB,新三泰段,1.49,非都市：鄉村區 ; 非都市編定：乙種建築用地,14000,1002,持分移轉,14940000
RPWNMLPJKINFFBG88DB,新三泰段,1.67,非都市：鄉村區 ; 非都市編定：乙種建築用地,14000,1002,持分移轉,14600000
RPWNMLPJKINFFBG88DB,新三泰段,.78,非都市：鄉村區 ; 非都市編定：乙種建築用地,14000,1002,持分移轉,14610000
RPWNMLPJKINFFBG88DB,新三泰段,24.87,非都市：鄉村區 ; 非都市編定：乙種建築用地,14000,1002,持分移轉,14820000
RPWNMLPJKINFFBG88DB,新三泰段,2.10,非都市：鄉村區 ; 非都市編定：乙種建築用地,14000,1002,持分移轉,14720000
RPWNMLPJKINFFBG88DB,新三泰段,61.24,非都市：鄉村區 ; 非都市編定：乙種建築用地,1,1,全筆移轉,14920000
RPSOMLPJKINFFBG58DB,新三泰段,1.49,非都市：鄉村區 ; 非都市編定：乙種建築用地,14000,1002,持分移轉,14940000
RPSOMLPJKINFFBG58DB,新三泰段,1.67,非都市：鄉村區 ; 非都市編定：乙種建築用地,14000,1002,持分移轉,14600000
RPSOMLPJKINFFBG58DB,新三泰段,.78,非都市：鄉村區 ; 非都市編定：乙種建築用地,14000,1002,持分移轉,14610000
RPSOMLPJKINFFBG58DB,新三泰段,24.87,非都市：鄉村區 ; 非都市編定：乙種建築用地,14000,1002,持分移轉,14820000
RPSOMLPJKINFFBG58DB,新三泰段,2.10,非都市：鄉村區 ; 非都市編定：乙種建築用地,14000,1002,持分移轉,14720000
RPSOMLPJKINFFBG58DB,新三泰段,58.84,非都市：鄉村區 ; 非都市編定：乙種建築用地,1,1,全筆移轉,14860000
RPSNMLMJJHOFFBG08DB,新三泰段,1.47,非都市：鄉村區 ; 非都市編定：乙種建築用地,14000,986,持分移轉,14940000
RPSNMLMJJHOFFBG08DB,新三泰段,1.64,非都市：鄉村區 ; 非都市編定：乙種建築用地,14000,986,持分移轉,14600000
RPSNMLMJJHOFFBG08DB,新三泰段,.76,非都市：鄉村區 ; 非都市編定：乙種建築用地,14000,986,持分移轉,14610000
RPSNMLMJJHOFFBG08DB,新三泰段,24.47,非都市：鄉村區 ; 非都市編定：乙種建築用地,14000,986,持分移轉,14820000
RPSNMLMJJHOFFBG08DB,新三泰段,2.07,非都市：鄉村區 ; 非都市編定：乙種建築用地,14000,986,持分移轉,14720000
RPSNMLMJJHOFFBG08DB,新三泰段,78.75,非都市：鄉村區 ; 非都市編定：乙種建築用地,1,1,全筆移轉,14690000
RPWOMLPJKINFFBG98DB,新三泰段,1.49,非都市：鄉村區 ; 非都市編定：乙種建築用地,14000,1002,持分移轉,14940000
RPWOMLPJKINFFBG98DB,新三泰段,1.67,非都市：鄉村區 ; 非都市編定：乙種建築用地,14000,1002,持分移轉,14600000
RPWOMLPJKINFFBG98DB,新三泰段,.78,非都市：鄉村區 ; 非都市編定：乙種建築用地,14000,1002,持分移轉,14610000
RPWOMLPJKINFFBG98DB,新三泰段,24.87,非都市：鄉村區 ; 非都市編定：乙種建築用地,14000,1002,持分移轉,14820000
RPWOMLPJKINFFBG98DB,新三泰段,2.10,非都市：鄉村區 ; 非都市編定：乙種建築用地,14000,1002,持分移轉,14720000
RPWOMLPJKINFFBG98DB,新三泰段,96.27,非都市：鄉村區 ; 非都市編定：乙種建築用地,1,1,全筆移轉,14830000
RPTOMLPJKINFFBG68DB,新三泰段,1.49,非都市：鄉村區 ; 非都市編定：乙種建築用地,14000,1002,持分移轉,14940000
RPTOMLPJKINFFBG68DB,新三泰段,1.67,非都市：鄉村區 ; 非都市編定：乙種建築用地,14000,1002,持分移轉,14600000
RPTOMLPJKINFFBG68DB,新三泰段,.78,非都市：鄉村區 ; 非都市編定：乙種建築用地,14000,1002,持分移轉,14610000
RPTOMLPJKINFFBG68DB,新三泰段,24.87,非都市：鄉村區 ; 非都市編定：乙種建築用地,14000,1002,持分移轉,14820000
RPTOMLPJKINFFBG68DB,新三泰段,2.10,非都市：鄉村區 ; 非都市編定：乙種建築用地,14000,1002,持分移轉,14720000
RPTOMLPJKINFFBG68DB,新三泰段,61.08,非都市：鄉村區 ; 非都市編定：乙種建築用地,1,1,全筆移轉,14850000
RPVOMLPJKINFFBG88DB,新三泰段,1.49,非都市：鄉村區 ; 非都市編定：乙種建築用地,14000,1002,持分移轉,14940000
RPVOMLPJKINFFBG88DB,新三泰段,1.67,非都市：鄉村區 ; 非都市編定：乙種建築用地,14000,1002,持分移轉,14600000
RPVOMLPJKINFFBG88DB,新三泰段,.78,非都市：鄉村區 ; 非都市編定：乙種建築用地,14000,1002,持分移轉,14610000
RPVOMLPJKINFFBG88DB,新三泰段,24.87,非都市：鄉村區 ; 非都市編定：乙種建築用地,14000,1002,持分移轉,14820000
RPVOMLPJKINFFBG88DB,新三泰段,2.10,非都市：鄉村區 ; 非都市編定：乙種建築用地,14000,1002,持分移轉,14720000
RPVOMLPJKINFFBG88DB,新三泰段,63.78,非都市：鄉村區 ; 非都市編定：乙種建築用地,1,1,全筆移轉,14840000
RPXOMLPJKINFFBG09DB,新三泰段,1.47,非都市：鄉村區 ; 非都市編定：乙種建築用地,14000,986,持分移轉,14940000
RPXOMLPJKINFFBG09DB,新三泰段,1.64,非都市：鄉村區 ; 非都市編定：乙種建築用地,14000,986,持分移轉,14600000
RPXOMLPJKINFFBG09DB,新三泰段,.76,非都市：鄉村區 ; 非都市編定：乙種建築用地,14000,986,持分移轉,14610000
RPXOMLPJKINFFBG09DB,新三泰段,24.47,非都市：鄉村區 ; 非都市編定：乙種建築用地,14000,986,持分移轉,14820000
RPXOMLPJKINFFBG09DB,新三泰段,2.07,非都市：鄉村區 ; 非都市編定：乙種建築用地,14000,986,持分移轉,14720000
RPXOMLPJKINFFBG09DB,新三泰段,78.75,非都市：鄉村區 ; 非都市編定：乙種建築用地,1,1,全筆移轉,14690000
