﻿鄉鎮市區,交易標的,土地位置建物門牌,土地面積平方公尺,都市土地使用分區,非都市土地使用分區,非都市土地使用編定,租賃年月日,租賃筆棟數,租賃層次,總樓層數,建物型態,主要用途,主要建材,建築完成年月,建物總面積平方公尺,建物現況格局-房,建物現況格局-廳,建物現況格局-衛,建物現況格局-隔間,有無管理組織,有無附傢俱,總額元,單價元平方公尺,車位類別,車位面積平方公尺,車位總額元,備註,編號
The villages and towns urban district,transaction sign,land sector position building sector house number plate,land shifting total area square meter,the use zoning or compiles and checks,the non-metropolis land use district,non-metropolis land use,transaction year month and day,transaction pen number,shifting level,total floor number,building state,main use,main building materials,construction to complete the years,building shifting total area,Building present situation pattern - room,building present situation pattern - hall,building present situation pattern - health,building present situation pattern - compartmented,Whether there is manages the organization,Whether there is attaches the furniture,total price NTD,the unit price (NTD / square meter),the berth category,berth shifting total area square meter,the berth total price NTD,the note,serial number
竹北市,建物,新竹縣竹北市新瀧一街21號22樓,0.0,住,,,1071025,土地0建物1車位1,二十二層,24,住宅大樓(11層含以上有電梯),住家用,鋼筋混凝土造,1050126,132.74,2,2,1,有,有,有,18500,139,坡道平面,0.0,0,含管理費、稅金或水電等費用。；,RPQNMLMKJINFFBJ28CC
竹北市,建物,新竹縣竹北市光明六路東二段329號15樓,0.0,住,,,1071028,土地0建物1車位1,十五層,22,住宅大樓(11層含以上有電梯),住家用,鋼筋混凝土造,1021107,184.25,4,2,2,有,有,有,25000,136,坡道平面,0.0,0,含管理費、稅金或水電等費用。；,RPRNMLMKJINFFBJ38CC
竹北市,建物,新竹縣竹北市嘉豐南路二段１２號,0.0,住,,,1071021,土地0建物0車位0,一層,4,套房(1房1廳1衛),住商用,鋼筋混凝土造,0970911,53.79,1,1,1,有,無,有,34056,633,,0.0,0,,RPXNMLMKJINFFBJ98CC
竹北市,建物,新竹縣竹北市十興五街82號14樓,0.0,住,,,1071025,土地0建物1車位1,十四層,14,住宅大樓(11層含以上有電梯),住家用,鋼筋混凝土造,1030313,256.09000000000003,4,2,2,有,有,無,29000,113,坡道平面,0.0,0,含管理費、稅金或水電等費用。；,RPUOMLMKJINFFBJ78CC
竹北市,建物,新竹縣竹北市莊敬六街13號9樓之7,0.0,住,,,1071013,土地0建物1車位1,九層,15,住宅大樓(11層含以上有電梯),住家用,鋼筋混凝土造,0941114,126.36,2,2,1,有,有,有,19000,150,坡道平面,0.0,0,,RPVNMLNKJINFFBJ88CC
竹北市,建物,新竹縣竹北市科大一路202號5樓,0.0,住,,,1071028,土地0建物1車位1,五層,13,住宅大樓(11層含以上有電梯),住家用,鋼筋混凝土造,1010531,166.63,3,2,2,有,有,有,18000,108,坡道平面,0.0,0,含管理費、稅金或水電等費用。；,RPWNMLNKJINFFBJ98CC
竹北市,建物,新竹縣竹北市莊敬五街37號8樓,0.0,住,,,1071028,土地0建物1車位1,八層,15,住宅大樓(11層含以上有電梯),住家用,鋼筋混凝土造,0940923,162.1,4,2,2,有,有,有,20000,123,坡道平面,0.0,0,含管理費、稅金或水電等費用。；,RPXNMLNKJINFFBJ09CC
竹北市,建物,新竹縣竹北市成功一街93號5樓,0.0,住,,,1071026,土地0建物1車位1,五層,12,住宅大樓(11層含以上有電梯),住家用,鋼筋混凝土造,0940831,120.38,3,2,2,有,有,有,18000,150,坡道機械,0.0,0,含管理費、稅金或水電等費用。；,RPOOMLNKJINFFBJ28CC
竹北市,建物,新竹縣竹北市科大一路188號10樓,0.0,住,,,1071106,土地0建物1車位1,十層,13,住宅大樓(11層含以上有電梯),住家用,鋼筋混凝土造,1010531,143.67000000000002,2,2,1,有,有,有,18000,125,坡道平面,0.0,0,含管理費、稅金或水電等費用。；,RPQOMLNKJINFFBJ48CC
竹北市,建物,新竹縣竹北市勝利八街一段387號11樓,0.0,住,,,1071104,土地0建物1車位1,十一層,29,住宅大樓(11層含以上有電梯),住家用,鋼筋混凝土造,1070418,182.93,4,2,2,有,有,有,28000,153,坡道平面,0.0,0,含管理費、稅金或水電等費用。；,RPSOMLNKJINFFBJ68CC
竹北市,建物,新竹縣竹北市台元街55號3樓之1,0.0,住,,,1071026,土地0建物1車位1,三層,14,住宅大樓(11層含以上有電梯),住家用,鋼筋混凝土造,0970627,157.57999999999998,3,2,2,有,有,有,23555,149,坡道平面,0.0,0,續租。；含管理費、稅金或水電等費用。；,RPTOMLNKJINFFBJ78CC
竹北市,建物,新竹縣竹北市嘉政五街1號9樓,0.0,住,,,1071105,土地0建物1車位2,九層,13,住宅大樓(11層含以上有電梯),住家用,鋼筋混凝土造,0990906,321.15999999999997,4,2,2,有,有,無,41000,128,坡道平面,0.0,0,含管理費、稅金或水電等費用。；,RPVOMLNKJINFFBJ98CC
竹北市,建物,新竹縣竹北市東興路二段385巷1號4樓,0.0,,特定農業區,甲種建築用地,1071102,土地0建物1車位0,四層,5,華廈(10層含以下有電梯),住家用,鋼筋混凝土造,0830708,130.42,4,2,2,有,無,有,11500,88,,0.0,0,,RPOOMLOKJINFFBJ38CC
竹北市,建物,新竹縣竹北市復興三路一段４０號７樓,0.0,住,,,1071027,土地0建物1車位1,七層,10,華廈(10層含以下有電梯),住家用,鋼筋混凝土造,0950524,135.82,3,2,2,有,有,有,27245,201,坡道平面,29.91,0,,RPOOMLPKJINFFBJ48CC
竹北市,建物,新竹縣竹北市莊敬五街１５９號１７樓,0.0,商,,,1071021,土地0建物1車位2,十七層,23,住宅大樓(11層含以上有電梯),住家用,鋼筋混凝土造,1030501,284.18,4,2,3,有,有,有,45000,158,坡道平面,47.01,0,租金含管理費,RPOPMLQKJINFFBJ68CC
竹北市,建物,新竹縣竹北市文化街152號4樓之8,0.0,住,,,1071112,土地0建物1車位0,全,4,透天厝,住家用,鋼筋混凝土造,0950407,29.75,1,0,1,有,無,有,6500,218,,0.0,0,含管理費、稅金或水電等費用。；此為分租套房,RPSNMLTKJINFFBJ56CC
竹北市,建物,新竹縣竹北市勝利六街45號5樓,0.0,住,,,1071115,土地0建物1車位0,十二層,14,住宅大樓(11層含以上有電梯),住家用,鋼筋混凝土造,0931018,131.35,3,2,2,有,有,有,16000,122,,0.0,0,含管理費、稅金或水電等費用。；,RPSOMLTKJINFFBJ66CC
竹北市,建物,新竹縣竹北市光明十一路１巷５０弄１８號９樓,0.0,商,,,1071026,土地0建物1車位1,九層,14,住宅大樓(11層含以上有電梯),住家用,鋼筋混凝土造,1041204,136.0,2,2,1,有,有,有,16000,118,坡道平面,34.05,0,,RPRPMLTKJINFFBJ66CC
竹北市,建物,新竹縣竹北市勝利六街31號12樓,0.0,住,,,1071116,土地0建物1車位1,十二層,14,住宅大樓(11層含以上有電梯),住家用,鋼筋混凝土造,0931018,111.1,3,2,2,有,有,有,18000,162,坡道平面,0.0,0,含管理費、稅金或水電等費用。；,RPSNMLKLJINFFBJ38CC
竹北市,建物,新竹縣竹北市隘口三街220號11樓之3,0.0,住,,,1071117,土地0建物1車位2,十一層,15,住宅大樓(11層含以上有電梯),住家用,鋼筋混凝土造,0991214,190.52,3,2,2,有,有,有,23000,121,坡道平面,0.0,0,含管理費、稅金或水電等費用。；,RPTNMLKLJINFFBJ48CC
竹北市,建物,新竹縣竹北市高鐵七路65號17樓之2,0.0,,,,1071110,土地0建物0車位0,十七層,18,套房(1房1廳1衛),商業用,鋼筋混凝土造,0990208,40.8,1,1,1,有,有,有,11500,282,,0.0,0,含管理費、稅金或水電等費用。；,RPSOMLKLJINFFBJ48CC
竹北市,建物,新竹縣竹北市福興一路２０號８樓之１,0.0,商,,,1071113,土地0建物1車位1,八層,15,住宅大樓(11層含以上有電梯),住家用,鋼筋混凝土造,0991120,76.71000000000001,1,2,2,有,有,有,13500,176,坡道機械,0.0,0,,RPSOMLLLJINFFBJ58CC
竹北市,建物,新竹縣竹北市文興路197號10樓,0.0,商,,,1071116,土地0建物1車位2,十層,22,住宅大樓(11層含以上有電梯),住家用,鋼筋混凝土造,1050622,275.83000000000004,3,2,2,有,有,有,30000,109,坡道平面,0.0,0,含管理費、稅金或水電等費用。；,RPTOMLMLJINFFBJ78CC
竹北市,建物,新竹縣竹北市成功八路172號11樓之1,0.0,住,,,1071120,土地0建物1車位2,十一層,19,住宅大樓(11層含以上有電梯),住家用,鋼筋混凝土造,1031009,202.3,3,2,2,有,有,無,21000,104,坡道平面,0.0,0,含管理費、稅金或水電等費用。；,RPSTMLNLJINFFBJ66CC
竹北市,建物,新竹縣竹北市光明九路10之2號14樓,0.0,商,,,1071123,土地0建物1車位1,十四層,14,住宅大樓(11層含以上有電梯),住家用,鋼筋混凝土造,0941107,110.96,3,2,2,有,有,有,16000,144,坡道機械,0.0,0,,RPQSMLQLJINFFBJ66CC
竹東鎮,建物,新竹縣竹東鎮富榮街95巷2號3樓,0.0,商,,,1071110,土地0建物0車位0,全,4,透天厝,見其他登記事項,鋼筋混凝土造,1040120,34.73,1,0,1,有,無,有,8000,230,,0.0,0,,RPQOMLQLJINFFCJ98CC
竹北市,建物,新竹縣竹北市福興一路１３８號１５樓,0.0,商,,,1071111,土地0建物1車位2,十五層,19,住宅大樓(11層含以上有電梯),住家用,鋼筋混凝土造,1010711,259.3,3,2,2,有,有,有,28000,108,坡道平面,50.4,0,,RPVOMLRLJINFFBJ86CC
竹北市,建物,新竹縣竹北市十興路一段542號17樓,0.0,住,,,1071121,土地0建物1車位1,十七層,24,住宅大樓(11層含以上有電梯),住家用,鋼筋混凝土造,1030321,187.39,3,2,2,有,有,無,20600,110,坡道平面,0.0,0,,RPPNMLSLJINFFBJ88CC
竹北市,建物,新竹縣竹北市隘口一街242號9樓,0.0,住,,,1071124,土地0建物1車位1,九層,12,住宅大樓(11層含以上有電梯),住家用,鋼筋混凝土造,1050429,138.41000000000003,2,2,1,有,無,有,17000,123,坡道平面,0.0,0,含管理費、稅金或水電等費用。；,RPQPMLSLJINFFBJ56CC
竹北市,建物,新竹縣竹北市華興三街39號9樓之5,18.12,住,,,1071111,土地0建物1車位1,九層,14,住宅大樓(11層含以上有電梯),住家用,鋼筋混凝土造,1060915,129.28,2,2,1,有,有,有,15000,116,坡道平面,31.69,0,,RPTPMLSLJINFFBJ86CC
竹北市,建物,新竹縣竹北市成功五街42號,0.0,住,,,1071201,土地0建物1車位0,全,5,透天厝,住家用,鋼筋混凝土造,0930116,65.51,0,0,1,有,無,有,16000,244,,0.0,0,,RPUNMLNJKINFFBJ78CC
竹北市,建物,新竹縣竹北市勝利二路118號,0.0,商,,,1071029,土地0建物1車位0,一層,21,店面(店鋪),商業用,鋼筋混凝土造,0930517,81.45,0,0,1,有,有,無,35000,430,,0.0,0,,RPTPMLNJKINFFBJ88CC
竹北市,建物,新竹縣竹北市隘口三街248號一樓,0.0,商,,,1071120,土地0建物1車位2,見其他登記事項,15,店面(店鋪),商業用,鋼筋混凝土造,0991214,329.84,0,0,0,無,有,無,50000,152,坡道平面,61.64,0,,RPSPMLNJKINFFBJ88DC
竹北市,建物,新竹縣竹北市興隆路三段287號,0.0,住,,,1071120,土地0建物1車位0,一層,12,店面(店鋪),商業用,鋼筋混凝土造,0970925,179.82,0,0,2,有,有,無,32000,178,,0.0,0,,RPWRMLOJKINFFBJ96DC
竹北市,建物,新竹縣竹北市高鐵二路32號17樓之2,2.94,商,,,1071201,土地0建物1車位2,十七層,23,辦公商業大樓,商業用,鋼筋混凝土造,0961204,95.94,0,0,0,無,有,無,46000,479,坡道平面,0.0,0,,RPROMLQJKINFFBJ88CC
竹北市,建物,新竹縣竹北市高鐵二路３２號二十樓之一,0.0,商,,,1071120,土地0建物2車位5,二十層,20,辦公商業大樓,商業用,鋼筋混凝土造,0990106,549.9300000000001,0,0,0,無,有,無,105708,192,坡道平面,168.61,0,,RPSOMLQJKINFFBJ98CC
竹北市,建物,新竹縣竹北市莊敬六街９號５樓之１,0.0,商,,,1071119,土地0建物1車位0,五層,15,住宅大樓(11層含以上有電梯),住家用,鋼筋混凝土造,0941114,72.33,2,2,1,有,有,有,13000,180,,0.0,0,租金含管理費,RPUOMLKKKINFFBJ68CC
竹北市,建物,新竹縣竹北市六家五路二段２７２號１１樓,0.0,住,,,1071119,土地0建物1車位2,十一層,25,住宅大樓(11層含以上有電梯),住家用,鋼筋混凝土造,1010924,233.32999999999998,3,2,2,有,有,有,29000,124,坡道平面,0.0,0,,RPVOMLKKKINFFBJ78CC
竹北市,建物,新竹縣竹北市勝利二路130號5樓,0.0,商,,,1071208,土地0建物1車位1,五層,21,住宅大樓(11層含以上有電梯),住家用,鋼筋混凝土造,0930517,140.20999999999998,2,2,2,有,有,有,17000,121,坡道平面,28.31,0,,RPRNMLLKKINFFBJ38CC
竹北市,建物,新竹縣竹北市六家五路一段237號5樓,0.0,,,,1071210,土地0建物1車位1,五層,14,套房(1房1廳1衛),住家用,鋼筋混凝土造,1030127,71.26,1,1,1,有,有,有,18000,253,坡道機械,12.29,0,,RPQOMLLKKINFFBJ38CC
竹北市,建物,新竹縣竹北市勝利六街39號7樓,0.0,住,,,1071210,土地0建物1車位1,七層,14,住宅大樓(11層含以上有電梯),住家用,鋼筋混凝土造,0931018,122.75,3,2,2,有,無,有,17000,138,坡道機械,0.0,0,含管理費、稅金或水電等費用。；,RPQOMLMKKINFFBJ48CC
竹北市,建物,新竹縣竹北市高鐵二路３２號十九樓之一,0.0,商,,,1071127,土地0建物2車位3,十九層,20,辦公商業大樓,商業用,鋼筋混凝土造,0990106,473.64,0,0,0,無,有,無,115000,243,坡道平面,92.31,0,,RPQNMLNKKINFFBJ48CC
竹北市,建物,新竹縣竹北市光明六路東一段２４７號十二樓,0.0,商,,,1071128,土地0建物1車位0,十二層,15,辦公商業大樓,商業用,鋼筋混凝土造,0941114,193.11,0,0,0,無,有,無,43000,223,,0.0,0,,RPUNMLNKKINFFBJ88CC
竹北市,建物,新竹縣竹北市成功十一街１３０號３樓,0.0,住,,,1071115,土地0建物1車位1,三層,14,住宅大樓(11層含以上有電梯),住家用,鋼筋混凝土造,1000128,176.24,3,2,2,有,有,有,24000,136,坡道平面,33.73,0,租金含管理費,RPOQMLNKKINFFBJ58CC
湖口鄉,土地,中義段204地號,1185.74,住,,,1071130,土地1建物0車位0,,,其他,,,,0.0,0,0,0,有,無,有,85000,72,,0.0,0,,RPQNMLNKKINFFDJ78DC
竹北市,建物,新竹縣竹北市嘉豐五路二段117號,0.0,住,,,1071130,土地0建物1車位2,見其他登記事項,4,店面(店鋪),住商用,鋼筋混凝土造,0970927,306.9,4,2,3,有,無,無,38000,124,坡道機械,0.0,0,,RPWOMLRKKINFFBJ96CC
竹北市,建物,新竹縣竹北市光明二街84巷12弄5號,0.0,住,,,1071207,土地0建物1車位0,全,4,透天厝,住家用,鋼筋混凝土造,0880707,221.38,4,2,3,有,無,有,25000,113,,0.0,0,租賃範圍不含車位，且無法區分車位面積。；,RPXOMLRKKINFFBJ07CC
竹北市,建物,新竹縣竹北市勝利六街17號12樓,0.0,商,,,1071218,土地0建物1車位1,十二層,14,住宅大樓(11層含以上有電梯),住家用,鋼筋混凝土造,0931018,156.09,4,2,2,有,有,有,25000,160,坡道平面,0.0,0,含管理費、稅金或水電等費用。；,RPWNMLKLKINFFBJ88CC
竹北市,建物,新竹縣竹北市六家五路二段39號1樓,0.0,住,,,1071218,土地0建物1車位0,一層,18,店面(店鋪),住商用,鋼筋混凝土造,1000114,140.77,0,0,0,無,有,無,33000,234,坡道平面,0.0,0,含管理費、稅金或水電等費用。；,RPTNMLOLKINFFBJ98CC
竹北市,建物,新竹縣竹北市縣政二路南段70號14樓之7,0.0,住,,,1071123,土地0建物1車位1,十四層,17,住宅大樓(11層含以上有電梯),住家用,鋼筋混凝土造,1061129,156.27999999999997,2,2,1,有,有,有,26000,166,坡道平面,0.0,0,含管理費、稅金或水電等費用。；,RPUOMLOLKINFFBJ56CC
竹北市,建物,新竹縣竹北市隘口二路309號,0.0,住,,,1071127,土地0建物1車位1,全,4,透天厝,住商用,鋼筋混凝土造,0930720,396.64,5,1,1,有,有,無,58000,146,坡道平面,0.0,0,,RPOPMLOLKINFFBJ68CC
竹北市,建物,新竹縣竹北市嘉豐十路3號13樓之9,0.0,商,,,1071221,土地0建物1車位0,十三層,13,住宅大樓(11層含以上有電梯),商業用,鋼筋混凝土造,0970321,47.47,1,0,1,有,有,有,8000,169,,0.0,0,含管理費、稅金或水電等費用。；,RPUNMLPLKINFFBJ56CC
竹東鎮,建物,新竹縣竹東鎮光明路126巷87弄66號14樓,0.0,住,,,1071209,土地0建物1車位0,十四層,14,住宅大樓(11層含以上有電梯),見其他登記事項,鋼筋混凝土造,1040325,144.6,3,2,2,有,有,有,18500,128,,0.0,0,,RPTNMLPLKINFFCJ56CC
竹北市,建物,新竹縣竹北市新竹縣竹北市十興路一段268號7樓之7,0.0,住,,,1071222,土地0建物1車位0,七層,15,住宅大樓(11層含以上有電梯),住家用,鋼筋混凝土造,1070625,101.21000000000001,2,2,1,有,有,有,14500,143,坡道平面,29.81,0,,RPTOMLRLKINFFBJ76CC
竹北市,建物,新竹縣竹北市莊敬三路165號11樓,0.0,住,,,1071223,土地0建物1車位2,十一層,32,住宅大樓(11層含以上有電梯),住家用,鋼骨鋼筋混凝土造,1040731,338.78999999999996,4,2,2,有,有,無,38000,112,坡道平面,0.0,0,含管理費、稅金或水電等費用。；,RPOPMLRLKINFFBJ98CC
竹北市,建物,新竹縣竹北市隘口一街5號9樓之6,0.0,商,,,1071223,土地0建物1車位0,九層,10,華廈(10層含以下有電梯),商業用,鋼筋混凝土造,0970310,38.7,2,2,1,有,有,有,12500,323,,0.0,0,含管理費、稅金或水電等費用。；,RPPPMLRLKINFFBJ09CC
竹北市,建物,新竹縣竹北市縣政一街123號2樓之6,0.0,住,,,1071218,土地0建物1車位0,二層,6,套房(1房1廳1衛),住家用,鋼筋混凝土造,0890906,31.770000000000003,1,0,1,有,有,有,6200,195,,0.0,0,含管理費、稅金或水電等費用。；,RPQPMLRLKINFFBJ56CC
竹北市,建物,新竹縣竹北市莊敬三路68之7號6樓,0.0,住,,,1071225,土地0建物1車位1,六層,13,住宅大樓(11層含以上有電梯),住家用,鋼筋混凝土造,0930705,149.63,4,2,2,有,有,有,23000,154,坡道平面,0.0,0,含管理費、稅金或水電等費用。；,RPTPMLRLKINFFBJ86CC
竹北市,建物,新竹縣竹北市博愛街513號4樓之10,0.0,商,,,1071203,土地0建物1車位0,四層,8,套房(1房1廳1衛),商業用,鋼筋混凝土造,0810731,30.39,1,0,1,有,有,有,6200,204,,0.0,0,租賃範圍不含車位，且無法區分車位面積。；,RPPQMLRLKINFFBJ56CC
竹北市,建物,新竹縣竹北市新工五路79號1樓,0.0,住,,,1071224,土地0建物1車位0,一層,4,店面(店鋪),住家用,鋼筋混凝土造,0950511,251.1,1,0,1,有,無,有,18500,74,,0.0,0,租賃範圍不含車位，且無法區分車位面積。；,RPQQMLRLKINFFBJ66CC
竹北市,建物,新竹縣竹北市莊敬五街36號12樓,0.0,住,,,1071225,土地0建物1車位1,十二層,15,住宅大樓(11層含以上有電梯),住家用,鋼筋混凝土造,0950519,137.9,3,2,2,有,有,有,21000,152,坡道平面,0.0,0,含管理費、稅金或水電等費用。；,RPQNMLOJJHOFFBJ38CC
竹北市,建物,新竹縣竹北市文興路２５７號六樓,0.0,住,,,1071208,土地0建物1車位2,六層,11,辦公商業大樓,見其他登記事項,鋼筋混凝土造,1031015,348.87,0,0,0,無,有,有,68000,195,坡道平面,86.52,0,,RPQNMLRJJHOFFBJ68CC
竹北市,建物,新竹縣竹北市中正東路82號,0.0,住,,,1080104,土地0建物1車位0,一層,2,店面(店鋪),住商用,加強磚造,0700311,69.83,0,0,0,無,無,無,23000,329,,0.0,0,租賃範圍不含車位，且無法區分車位面積。；,RPOOMLSJJHOFFBJ68CC
竹北市,建物,新竹縣竹北市文興路153號17樓,0.0,商,,,1071214,土地0建物1車位3,十七層,26,住宅大樓(11層含以上有電梯),住家用,鋼筋混凝土造,1011228,568.6700000000001,4,2,2,有,有,有,85000,149,坡道平面,87.93,0,租期第一年 租金8萬5千租期第二年 租金9萬5千,RPQRMLSJJHOFFBJ56CC
竹北市,建物,新竹縣竹北市勝利八街一段233號17樓之7,0.0,商,,,1080105,土地0建物1車位1,十七層,27,住宅大樓(11層含以上有電梯),住家用,鋼筋混凝土造,1050608,85.1,2,2,1,有,有,有,15000,176,坡道平面,29.8,0,,RPWOMLTJJHOFFBJ96CC
竹北市,建物,新竹縣竹北市隘口三街222號4樓之1,0.0,住,,,1080106,土地0建物1車位1,四層,13,住宅大樓(11層含以上有電梯),住家用,鋼筋混凝土造,0991214,152.57,3,2,2,有,有,無,18000,118,坡道平面,0.0,0,含管理費、稅金或水電等費用。；,RPTOMLKKJHOFFBJ48CC
竹北市,建物,新竹縣竹北市勝利八街一段397號13樓,0.0,商,,,1080106,土地0建物1車位0,十三層,29,住宅大樓(11層含以上有電梯),住家用,鋼筋混凝土造,1070418,136.49,3,2,1,有,有,有,24000,176,,0.0,0,含管理費、稅金或水電等費用。；,RPUOMLKKJHOFFBJ58CC
竹北市,建物,新竹縣竹北市六家五路一段163號,0.0,住,,,1080104,土地0建物1車位0,見其他登記事項,4,店面(店鋪),見其他登記事項,鋼筋混凝土造,1070110,425.04,0,0,4,有,無,無,90000,212,,0.0,0,第四年至第五年每個月租金為玖萬伍仟元整,RPVOMLKKJHOFFBJ68CC
竹東鎮,建物,新竹縣竹東鎮康莊街107巷53號,0.0,,山坡地保育區,丙種建築用地,1071212,土地0建物1車位0,全,4,透天厝,住家用,鋼筋混凝土造,0851207,229.43,6,2,3,有,無,有,22137,96,,0.0,0,含管理費、稅金或水電等費用。；,RPUNMLKKJHOFFCJ58CC
北埔鄉,建物,新竹縣北埔鄉北埔街42號,0.0,商,,,1080109,土地0建物1車位0,一層,4,店面(店鋪),住商用,鋼筋混凝土造,0670915,69.89,0,0,0,無,無,無,25000,358,,0.0,0,租賃範圍不含車位，且無法區分車位面積。；,RPROMLLKJHOFFCJ48CC
湖口鄉,建物,新竹縣湖口鄉實踐路18號,1983.0,,工業區,丁種建築用地,1071214,土地0建物1車位0,一層,1,工廠,見其他登記事項,鋼骨鋼筋混凝土造,0860331,1983.0,0,0,0,無,無,有,360000,,,0.0,0,,RPRNMLLKJHOFFDJ48CC
竹北市,房地(土地+建物),新竹縣竹北市中華路226及226號二樓之一之二範圍全部,502.68,住,,,1071219,土地4建物1車位0,見其他登記事項,3,店面(店鋪),商業用,見其他登記事項,0960810,634.39,0,0,0,無,無,無,200000,315,,0.0,0,,RPPQMLOKJHOFFBJ68CC
竹北市,建物,新竹縣竹北市嘉豐十路1號5樓之8,0.0,商,,,1080110,土地0建物1車位1,五層,13,住宅大樓(11層含以上有電梯),商業用,鋼筋混凝土造,0970321,44.29,1,0,1,有,有,有,12000,271,坡道平面,0.0,0,含管理費、稅金或水電等費用。；,RPSOMLPKJHOFFBJ88CC
竹北市,建物,新竹縣竹北市六家五路一段250號2樓,0.0,住,,,1080113,土地0建物1車位1,二層,14,住宅大樓(11層含以上有電梯),住家用,鋼筋混凝土造,1001202,131.78,2,2,1,有,有,有,17000,129,坡道機械,0.0,0,含管理費、稅金或水電等費用。；,RPTOMLPKJHOFFBJ98CC
竹北市,建物,新竹縣竹北市高鐵七路６５號四樓之２,0.0,商,,,1080102,土地0建物1車位2,四層,18,辦公商業大樓,商業用,鋼筋混凝土造,0990208,170.62,0,0,0,無,有,無,33000,193,坡道機械,37.64,0,,RPVNMLQKJHOFFBJ56CC
竹北市,建物,新竹縣竹北市自強南路418巷3號1樓,0.0,住,,,1080112,土地0建物1車位0,全,5,透天厝,住家用,鋼筋混凝土造,1010303,37.59,1,0,1,有,無,無,10000,266,,0.0,0,,RPPQMLSKJHOFFBJ09CC
竹北市,建物,新竹縣竹北市光明六路東二段２１８號,0.0,住,,,1080107,土地0建物1車位1,見其他登記事項,13,店面(店鋪),住商用,鋼筋混凝土造,0980623,432.96000000000004,0,0,0,無,有,無,60000,139,坡道平面,0.0,0,,RPRQMLMLJHOFFBJ78CC
竹北市,建物,新竹縣竹北市十興三街 １２１號 １２３號 １２５號,0.0,住,,,1080109,土地0建物3車位4,一層,14,店面(店鋪),商業用,鋼筋混凝土造,1060615,436.67999999999995,0,0,0,無,有,無,88000,202,坡道平面,135.64,8000,,RPVQMLMLJHOFFBJ56CC
竹北市,建物,新竹縣竹北市勝利十二街185號,0.0,住,,,1080114,土地0建物1車位1,一層,14,店面(店鋪),商業用,鋼筋混凝土造,1020207,204.4,0,0,2,有,有,無,32000,157,坡道平面,0.0,0,,RPWQMLMLJHOFFBJ66CC
竹北市,建物,新竹縣竹北市文信路391號,0.0,住,,,1080118,土地0建物1車位0,一層,5,店面(店鋪),住商用,鋼筋混凝土造,0970205,49.68,0,0,1,有,無,無,30000,604,,0.0,0,租賃範圍不含車位，且無法區分車位面積。；,RPXQMLMLJHOFFBJ76CC
竹北市,建物,新竹縣竹北市復興二路73號5樓,0.0,住,,,1080115,土地0建物1車位1,五層,13,住宅大樓(11層含以上有電梯),住家用,鋼筋混凝土造,1001222,128.87,1,1,1,有,有,有,23839,185,坡道平面,0.0,0,,RPSNMLOLJHOFFBJ78CC
竹北市,建物,新竹縣竹北市勝利七街一段186號6樓,0.0,住,,,1080116,土地0建物1車位1,六層,10,華廈(10層含以下有電梯),住家用,鋼筋混凝土造,0920227,111.24,3,2,2,有,有,無,18000,162,坡道平面,0.0,0,含管理費、稅金或水電等費用。；,RPUNMLOLJHOFFBJ98CC
竹北市,建物,新竹縣竹北市勝利八街一段325號4樓之5,0.0,住,,,1080118,土地0建物1車位1,四層,14,住宅大樓(11層含以上有電梯),住家用,鋼筋混凝土造,1061103,104.56,2,2,1,有,有,有,20000,191,坡道平面,0.0,0,含管理費、稅金或水電等費用。；,RPWNMLOLJHOFFBJ56CC
竹北市,建物,新竹縣竹北市光明六路東一段180號4樓,0.0,商,,,1080122,土地0建物1車位2,四層,23,住宅大樓(11層含以上有電梯),住家用,鋼筋混凝土造,1010824,262.54999999999995,3,2,2,有,有,有,38596,147,坡道平面,0.0,0,含管理費、稅金或水電等費用。；,RPPOMLOLJHOFFBJ58CC
竹東鎮,建物,新竹縣竹東鎮竹中路128巷8號2樓,0.0,住,,,1071213,土地0建物1車位1,二層,7,華廈(10層含以下有電梯),見其他登記事項,鋼筋混凝土造,0970117,44.64,1,1,1,有,有,有,13000,291,坡道機械,14.34,0,,RPRNMLPLJHOFFCJ88CC
竹北市,建物,新竹縣竹北市莊敬六街33號6樓,0.0,住,,,1080113,土地0建物1車位1,六層,21,住宅大樓(11層含以上有電梯),住家用,鋼筋混凝土造,0930517,160.85999999999999,2,2,2,有,有,有,20000,124,坡道平面,26.66,0,,RPQNMLSLJHOFFBJ98CC
竹北市,車位,新竹縣竹北市興隆路一段491號,0.0,,,,1080121,土地0建物0車位1,,,其他,,,,0.0,0,0,0,有,有,無,2000,,坡道平面,36.42,2000,,RPPQMLTLJHOFFBJ66CC
竹北市,房地(土地+建物),新竹縣竹北市光明一路160號,143.66,住,,,1071224,土地1建物1車位0,一層,1,店面(店鋪),商業用,見其他登記事項,0930504,80.03,0,0,0,無,無,無,50000,625,,0.0,0,屋頂突出物作為基地台或廣告使用。；,RPVOMLLMJHOFFBJ98CC
竹北市,房地(土地+建物),新竹縣竹北市縣政一街16巷6號,80.33,住,,,1080121,土地1建物1車位0,全,5,透天厝,住家用,鋼筋混凝土造,0890707,240.56,4,2,5,有,無,有,28000,116,,0.0,0,,RPWOMLLMJHOFFBJ09CC
