﻿編號,土地位置,土地移轉面積(平方公尺),使用分區或編定,權利人持分分母,權利人持分分子,移轉情形,地號
The serial number, land position,land shifting area square meter,the use zoning or compiles and checks,,,,land parcel
RPPQMLTJJHOFFBJ98CB,省道段,29.59,都市：住,100000,1132,持分移轉,14050000
RPSQMLKKJHOFFBJ48CB,省道段,29.62,都市：住,100000,1133,持分移轉,14050000
RPVQMLKKJHOFFBJ78CB,省道段,29.59,都市：住,100000,1132,持分移轉,14050000
RPTQMLKKJHOFFBJ58CB,省道段,29.62,都市：住,100000,1133,持分移轉,14050000
RPUQMLKKJHOFFBJ68CB,省道段,29.59,都市：住,100000,1132,持分移轉,14050000
RPURMLKKJHOFFBJ78CB,省道段,26.59,都市：住,100000,1017,持分移轉,14050000
RPVRMLKKJHOFFBJ88CB,省道段,26.59,都市：住,100000,1017,持分移轉,14050000
RPTRMLKKJHOFFBJ68CB,省道段,29.59,都市：住,100000,1132,持分移轉,14050000
RPPRMLKKJHOFFBJ28CB,省道段,29.59,都市：住,100000,1132,持分移轉,14050000
RPRRMLKKJHOFFBJ48CB,省道段,29.59,都市：住,100000,1132,持分移轉,14050000
RPSRMLKKJHOFFBJ58CB,省道段,29.59,都市：住,100000,1132,持分移轉,14050000
RPORMLKKJHOFFBJ18CB,省道段,29.59,都市：住,100000,1132,持分移轉,14050000
RPWQMLKKJHOFFBJ88CB,省道段,29.59,都市：住,100000,1132,持分移轉,14050000
RPXQMLKKJHOFFBJ98CB,省道段,29.59,都市：住,100000,1132,持分移轉,14050000
RPQRMLKKJHOFFBJ38CB,省道段,29.59,都市：住,100000,1132,持分移轉,14050000
RPXRMLKKJHOFFBJ09CB,省道段,26.59,都市：住,100000,1017,持分移轉,14050000
RPOSMLKKJHOFFBJ28CB,省道段,26.59,都市：住,100000,1017,持分移轉,14050000
RPPSMLKKJHOFFBJ38CB,省道段,26.59,都市：住,100000,1017,持分移轉,14050000
RPQSMLKKJHOFFBJ48CB,省道段,26.59,都市：住,100000,1017,持分移轉,14050000
RPUSMLKKJHOFFBJ88CB,省道段,26.59,都市：住,100000,1017,持分移轉,14050000
RPRSMLKKJHOFFBJ58CB,省道段,26.59,都市：住,100000,1017,持分移轉,14050000
RPSSMLKKJHOFFBJ68CB,省道段,26.59,都市：住,100000,1017,持分移轉,14050000
RPWRMLKKJHOFFBJ98CB,省道段,26.59,都市：住,100000,1017,持分移轉,14050000
RPVSMLKKJHOFFBJ98CB,省道段,26.59,都市：住,100000,1017,持分移轉,14050000
RPTSMLKKJHOFFBJ78CB,省道段,26.59,都市：住,100000,1017,持分移轉,14050000
RPWSMLKKJHOFFBJ09CB,省道段,23.48,都市：住,100000,898,持分移轉,14050000
RPOTMLKKJHOFFBJ38CB,省道段,24.42,都市：住,100000,934,持分移轉,14050000
RPPTMLKKJHOFFBJ48CB,省道段,24.42,都市：住,100000,934,持分移轉,14050000
RPXSMLKKJHOFFBJ56CB,省道段,24.42,都市：住,100000,934,持分移轉,14050000
RPRTMLKKJHOFFBJ68CB,省道段,24.42,都市：住,100000,934,持分移轉,14050000
RPQTMLKKJHOFFBJ58CB,省道段,24.42,都市：住,100000,934,持分移轉,14050000
RPPUMLKKJHOFFBJ58CB,省道段,23.45,都市：住,100000,897,持分移轉,14050000
RPWTMLKKJHOFFBJ56CB,省道段,24.42,都市：住,100000,934,持分移轉,14050000
RPOUMLKKJHOFFBJ48CB,省道段,24.42,都市：住,100000,934,持分移轉,14050000
RPXTMLKKJHOFFBJ66CB,省道段,24.42,都市：住,100000,934,持分移轉,14050000
RPVTMLKKJHOFFBJ09CB,省道段,24.42,都市：住,100000,934,持分移轉,14050000
RPTTMLKKJHOFFBJ88CB,省道段,24.42,都市：住,100000,934,持分移轉,14050000
RPSTMLKKJHOFFBJ78CB,省道段,24.42,都市：住,100000,934,持分移轉,14050000
RPUTMLKKJHOFFBJ98CB,省道段,24.42,都市：住,100000,934,持分移轉,14050000
RPWUMLKKJHOFFBJ66CB,省道段,24.42,都市：住,100000,934,持分移轉,14050000
RPPVMLKKJHOFFBJ68CB,省道段,24.42,都市：住,100000,934,持分移轉,14050000
RPUUMLKKJHOFFBJ09CB,省道段,24.42,都市：住,100000,934,持分移轉,14050000
RPVUMLKKJHOFFBJ56CB,省道段,24.42,都市：住,100000,934,持分移轉,14050000
RPXUMLKKJHOFFBJ76CB,省道段,24.42,都市：住,100000,934,持分移轉,14050000
RPTUMLKKJHOFFBJ98CB,省道段,24.42,都市：住,100000,934,持分移轉,14050000
RPOVMLKKJHOFFBJ58CB,省道段,24.42,都市：住,100000,934,持分移轉,14050000
RPRUMLKKJHOFFBJ78CB,省道段,24.42,都市：住,100000,934,持分移轉,14050000
RPSUMLKKJHOFFBJ88CB,省道段,24.42,都市：住,100000,934,持分移轉,14050000
RPQUMLKKJHOFFBJ68CB,省道段,24.42,都市：住,100000,934,持分移轉,14050000
RPUVMLKKJHOFFBJ56CB,省道段,29.59,都市：住,100000,1132,持分移轉,14050000
RPTVMLKKJHOFFBJ09CB,省道段,29.59,都市：住,100000,1132,持分移轉,14050000
RPSVMLKKJHOFFBJ98CB,省道段,29.59,都市：住,100000,1132,持分移轉,14050000
RPXVMLKKJHOFFBJ86CB,省道段,29.59,都市：住,100000,1132,持分移轉,14050000
RPVVMLKKJHOFFBJ66CB,省道段,29.59,都市：住,100000,1132,持分移轉,14050000
RPQVMLKKJHOFFBJ78CB,省道段,24.42,都市：住,100000,934,持分移轉,14050000
RPWVMLKKJHOFFBJ76CB,省道段,29.59,都市：住,100000,1132,持分移轉,14050000
RPOWMLKKJHOFFBJ68CB,省道段,29.59,都市：住,100000,1132,持分移轉,14050000
RPRVMLKKJHOFFBJ88CB,省道段,24.42,都市：住,100000,934,持分移轉,14050000
RPQWMLKKJHOFFBJ88CB,省道段,29.59,都市：住,100000,1132,持分移轉,14050000
RPPWMLKKJHOFFBJ78CB,省道段,29.59,都市：住,100000,1132,持分移轉,14050000
RPTWMLKKJHOFFBJ56CB,省道段,29.59,都市：住,100000,1132,持分移轉,14050000
RPUWMLKKJHOFFBJ66CB,省道段,26.59,都市：住,100000,1017,持分移轉,14050000
RPSWMLKKJHOFFBJ09CB,省道段,29.59,都市：住,100000,1132,持分移轉,14050000
RPPNNLKKJHOFFBJ97CB,省道段,26.59,都市：住,100000,1017,持分移轉,14050000
RPRWMLKKJHOFFBJ98CB,省道段,29.59,都市：住,100000,1132,持分移轉,14050000
RPVWMLKKJHOFFBJ76CB,省道段,26.59,都市：住,100000,1017,持分移轉,14050000
RPWWMLKKJHOFFBJ86CB,省道段,26.59,都市：住,100000,1017,持分移轉,14050000
RPXWMLKKJHOFFBJ96CB,省道段,26.59,都市：住,100000,1017,持分移轉,14050000
RPRNNLKKJHOFFBJ18CB,省道段,26.59,都市：住,100000,1017,持分移轉,14050000
RPONNLKKJHOFFBJ87CB,省道段,26.59,都市：住,100000,1017,持分移轉,14050000
RPSNNLKKJHOFFBJ28CB,省道段,26.59,都市：住,100000,1017,持分移轉,14050000
RPQNNLKKJHOFFBJ08CB,省道段,26.59,都市：住,100000,1017,持分移轉,14050000
RPUNNLKKJHOFFBJ48CB,省道段,26.59,都市：住,100000,1017,持分移轉,14050000
RPVNNLKKJHOFFBJ58CB,省道段,26.59,都市：住,100000,1017,持分移轉,14050000
RPTNNLKKJHOFFBJ38CB,省道段,26.59,都市：住,100000,1017,持分移轉,14050000
RPPONLKKJHOFFBJ08CB,省道段,24.42,都市：住,100000,934,持分移轉,14050000
RPXNNLKKJHOFFBJ78CB,省道段,23.45,都市：住,100000,897,持分移轉,14050000
RPWNNLKKJHOFFBJ68CB,省道段,24.42,都市：住,100000,934,持分移轉,14050000
RPOONLKKJHOFFBJ97CB,省道段,24.42,都市：住,100000,934,持分移轉,14050000
RPQONLKKJHOFFBJ18CB,省道段,24.42,都市：住,100000,934,持分移轉,14050000
RPTONLKKJHOFFBJ48CB,省道段,24.42,都市：住,100000,934,持分移轉,14050000
RPRONLKKJHOFFBJ28CB,省道段,24.42,都市：住,100000,934,持分移轉,14050000
RPSONLKKJHOFFBJ38CB,省道段,24.42,都市：住,100000,934,持分移轉,14050000
RPTPNLKKJHOFFBJ58CB,省道段,24.42,都市：住,100000,934,持分移轉,14050000
RPPPNLKKJHOFFBJ18CB,省道段,23.48,都市：住,100000,898,持分移轉,14050000
RPRPNLKKJHOFFBJ38CB,省道段,24.42,都市：住,100000,934,持分移轉,14050000
RPQPNLKKJHOFFBJ28CB,省道段,24.42,都市：住,100000,934,持分移轉,14050000
RPSPNLKKJHOFFBJ48CB,省道段,24.42,都市：住,100000,934,持分移轉,14050000
RPWONLKKJHOFFBJ78CB,省道段,24.42,都市：住,100000,934,持分移轉,14050000
RPUONLKKJHOFFBJ58CB,省道段,24.42,都市：住,100000,934,持分移轉,14050000
RPOPNLKKJHOFFBJ08CB,省道段,24.42,都市：住,100000,934,持分移轉,14050000
RPVONLKKJHOFFBJ68CB,省道段,24.42,都市：住,100000,934,持分移轉,14050000
RPXONLKKJHOFFBJ88CB,省道段,24.42,都市：住,100000,934,持分移轉,14050000
RPWPNLKKJHOFFBJ88CB,省道段,24.42,都市：住,100000,934,持分移轉,14050000
RPXPNLKKJHOFFBJ98CB,省道段,24.42,都市：住,100000,934,持分移轉,14050000
RPUPNLKKJHOFFBJ68CB,省道段,24.42,都市：住,100000,934,持分移轉,14050000
RPVPNLKKJHOFFBJ78CB,省道段,24.42,都市：住,100000,934,持分移轉,14050000
RPWPMLSKJHOFFBJ96CB,府前段,60.28,都市：住,1,1,全筆移轉,04530005
RPWPMLSKJHOFFBJ96CB,府前段,24.09,都市：住,10000,1856,持分移轉,04530009
RPTPMLSKJHOFFBJ66CB,府前段,68.85,都市：住,1,1,全筆移轉,04530007
RPTPMLSKJHOFFBJ66CB,府前段,27.52,都市：住,10000,2120,持分移轉,04530009
RPPQNLKKJHOFFBJ28CB,省道段,24.42,都市：住,100000,934,持分移轉,14050000
RPRQNLKKJHOFFBJ48CB,省道段,24.42,都市：住,100000,934,持分移轉,14050000
RPOSMLNLJHOFFBJ68CB,省道段,24.42,都市：住,100000,934,持分移轉,14050000
RPVPMLSKJHOFFBJ86CB,府前段,61.76,都市：住,1,1,全筆移轉,04530006
RPOQNLKKJHOFFBJ18CB,省道段,24.42,都市：住,100000,934,持分移轉,14050000
RPVPMLSKJHOFFBJ86CB,府前段,24.68,都市：住,10000,1901,持分移轉,04530009
RPXPMLSKJHOFFBJ07CB,府前段,74.82,都市：住,1,1,全筆移轉,04530008
RPXPMLSKJHOFFBJ07CB,府前段,29.90,都市：住,10000,2303,持分移轉,04530009
RPUPMLSKJHOFFBJ76CB,府前段,59.13,都市：住,1,1,全筆移轉,04530000
RPUPMLSKJHOFFBJ76CB,府前段,23.63,都市：住,10000,1820,持分移轉,04530009
RPQQNLKKJHOFFBJ38CB,省道段,24.42,都市：住,100000,934,持分移轉,14050000
RPTOMLPLJHOFFBJ98CB,家興段,77.67,都市：住,1000000,19603,持分移轉,06170000
RPXOMLPLJHOFFBJ76CB,家興段,76.95,都市：住,1000000,19422,持分移轉,06170000
RPWOMLPLJHOFFBJ66CB,家興段,76.95,都市：住,1000000,19422,持分移轉,06170000
RPOPMLPLJHOFFBJ58CB,家興段,77.67,都市：住,1000000,19603,持分移轉,06170000
RPSOMLPLJHOFFBJ88CB,家興段,75.07,都市：住,1000000,18946,持分移轉,06170000
RPQPMLPLJHOFFBJ78CB,家興段,76.95,都市：住,1000000,19422,持分移轉,06170000
RPPPMLPLJHOFFBJ68CB,家興段,77.88,都市：住,1000000,19656,持分移轉,06170000
