﻿編號,土地位置,土地移轉面積(平方公尺),使用分區或編定,權利人持分分母,權利人持分分子,移轉情形,地號
The serial number, land position,land shifting area square meter,the use zoning or compiles and checks,,,,land parcel
RPXNMLMKJINFFBJ98CC,家興段,.00,都市：住,,,,03630001
RPUOMLMKJINFFBJ78CC,莊敬段,.00,都市：住,,,,00210000
RPQNMLMKJINFFBJ28CC,水瀧段,.00,都市：住,,,,01180000
RPRNMLMKJINFFBJ38CC,永興段,.00,都市：住,,,,04720000
RPSOMLNKJINFFBJ68CC,莊敬段,.00,都市：住,,,,02720000
RPQOMLNKJINFFBJ48CC,台科段,.00,都市：住,,,,00560000
RPOOMLNKJINFFBJ28CC,公園段,.00,都市：商,,,,04760000
RPXNMLNKJINFFBJ09CC,大學段,.00,都市：住,,,,02140000
RPWNMLNKJINFFBJ98CC,台科段,.00,都市：住,,,,00560000
RPVNMLNKJINFFBJ88CC,大學段,.00,都市：住,,,,02190000
RPOOMLPKJINFFBJ48CC,永興段,.00,都市：住,,,,07120000
RPTOMLNKJINFFBJ78CC,站前段,.00,都市：住,,,,01880000
RPOOMLOKJINFFBJ38CC,三崁店段三崁店小段,.00,非都市：特定農業區 ; 非都市編定：甲種建築用地,,,,00590009
RPVOMLNKJINFFBJ98CC,家興段,.00,都市：住,,,,04170000
RPOPMLQKJINFFBJ68CC,莊敬段,.00,都市：商,,,,06560000
RPSNMLTKJINFFBJ56CC,竹仁段,.00,都市：住,,,,04070007
RPSOMLTKJINFFBJ66CC,大學段,.00,都市：住,,,,00240000
RPQOMLQLJINFFCJ98CC,富貴段,.00,都市：商,,,,07420000
RPTOMLMLJINFFBJ78CC,自強段,.00,都市：商,,,,03010000
RPSNMLKLJINFFBJ38CC,大學段,.00,都市：住,,,,00240000
RPSOMLLLJINFFBJ58CC,台科段,.00,都市：商,,,,02110000
RPSOMLKLJINFFBJ48CC,世興段,.00,都市：商,,,,00270000
RPRPMLTKJINFFBJ66CC,興崙段,.00,都市：商,,,,07270000
RPTNMLKLJINFFBJ48CC,隘興段,.00,都市：住,,,,04080000
RPSPMLNJKINFFBJ88DC,隘興段,.00,都市：商,,,,04080000
RPWRMLOJKINFFBJ96DC,家興段,.00,都市：住,,,,05040000
RPROMLQJKINFFBJ88CC,世興段,2.94,都市：商,,,,00530000
RPSOMLQJKINFFBJ98CC,世興段,.00,都市：商,,,,00530000
RPUOMLKKKINFFBJ68CC,大學段,.00,都市：商,,,,02190000
RPVOMLKKKINFFBJ78CC,隘興段,.00,都市：住,,,,04410000
RPRNMLLKKINFFBJ38CC,大學段,.00,都市：商,,,,02200000
RPQOMLLKKINFFBJ38CC,家興段,.00,非都市： ; 非都市編定：,,,,04360000
RPTPMLSLJINFFBJ86CC,國義段,18.12,都市：住,,,,01830000
RPQPMLSLJINFFBJ56CC,隘興段,.00,都市：住,,,,00020001
RPSTMLNLJINFFBJ66CC,自強段,.00,都市：住,,,,02950000
RPTPMLNJKINFFBJ88CC,大學段,.00,都市：商,,,,02200000
RPPNMLSLJINFFBJ88CC,莊敬段,.00,都市：住,,,,02990000
RPUNMLNJKINFFBJ78CC,公園段,.00,都市：住,,,,07110005
RPQSMLQLJINFFBJ66CC,翰林段,.00,都市：商,,,,06070000
RPVOMLRLJINFFBJ86CC,台科段,.00,都市：商,,,,02220000
RPQOMLMKKINFFBJ48CC,大學段,.00,都市：住,,,,00240000
RPUNMLNKKINFFBJ88CC,大學段,.00,都市：商,,,,02190000
RPQNMLNKKINFFBJ48CC,世興段,.00,都市：商,,,,00530000
RPOQMLNKKINFFBJ58CC,自強段,.00,都市：住,,,,00800000
RPWOMLRKKINFFBJ96CC,家興段,.00,都市：住,,,,06010009
RPQNMLNKKINFFDJ78DC,中義段,1185.74,都市：住,,,,02040000
RPTNMLPLKINFFCJ56CC,志學段,.00,都市：住,,,,03260000
RPPPMLRLKINFFBJ09CC,隘興段,.00,都市：商,,,,05430000
RPQPMLRLKINFFBJ56CC,縣福段,.00,都市：住,,,,00130000
RPTNMLOLKINFFBJ98CC,家興段,.00,都市：住,,,,03040000
RPUOMLOLKINFFBJ56CC,台科段,.00,都市：住,,,,00500000
RPOPMLRLKINFFBJ98CC,莊敬段,.00,都市：住,,,,07150000
RPTOMLRLKINFFBJ76CC,莊敬段,.00,都市：住,,,,06710000
RPUNMLPLKINFFBJ56CC,永興段,.00,都市：商,,,,05060000
RPXOMLRKKINFFBJ07CC,縣華段,.00,都市：住,,,,05030002
RPOPMLOLKINFFBJ68CC,隘興段,.00,都市：住,,,,00510000
RPWNMLKLKINFFBJ88CC,大學段,.00,都市：商,,,,00240000
RPTPMLRLKINFFBJ86CC,大學段,.00,都市：住,,,,02130000
RPQQMLRLKINFFBJ66CC,東華段,.00,都市：住,,,,08670015
RPQNMLOJJHOFFBJ38CC,大學段,.00,都市：住,,,,02210000
RPPQMLRLKINFFBJ56CC,站前段,.00,都市：商,,,,01900000
RPRNMLLKJHOFFDJ48CC,中興段新興小段,1983.00,非都市：工業區 ; 非都市編定：丁種建築用地,,,,01690000
RPUNMLKKJHOFFCJ58CC,九莊段,.00,非都市：山坡地保育區 ; 非都市編定：丙種建築用地,,,,08110000
RPROMLLKJHOFFCJ48CC,埔興段,.00,都市：商,,,,01240000
RPOOMLSJJHOFFBJ68CC,豆子埔段,.00,都市：住,,,,05270004
RPOOMLSJJHOFFBJ68CC,豆子埔段,.00,都市：住,,,,05270005
RPSOMLPKJHOFFBJ88CC,永興段,.00,都市：商,,,,05060000
RPPQMLOKJHOFFBJ68CC,省道段,335.98,都市：住,,,,01180000
RPPQMLOKJHOFFBJ68CC,省道段,100.66,都市：住,,,,01200000
RPPQMLOKJHOFFBJ68CC,省道段,56.54,都市：住,,,,01170000
RPPQMLOKJHOFFBJ68CC,省道段,9.50,都市：住,,,,01170001
RPQRMLSJJHOFFBJ56CC,自強段,.00,都市：商,,,,02980000
RPTOMLKKJHOFFBJ48CC,隘興段,.00,都市：住,,,,04080000
RPWOMLTJJHOFFBJ96CC,莊敬段,.00,都市：商,,,,06570000
RPUOMLKKJHOFFBJ58CC,莊敬段,.00,都市：商,,,,02720000
RPQNMLRJJHOFFBJ68CC,自強段,.00,都市：住,,,,01690000
RPVOMLKKJHOFFBJ68CC,家興段,.00,都市：住,,,,05530000
RPRQMLMLJHOFFBJ78CC,永興段,.00,都市：住,,,,06160000
RPPQMLSKJHOFFBJ09CC,自強段,.00,都市：住,,,,02240021
RPTOMLPKJHOFFBJ98CC,家興段,.00,都市：住,,,,04590000
RPVNMLQKJHOFFBJ56CC,世興段,.00,都市：商,,,,00270000
RPRNMLPLJHOFFCJ88CC,竹中段,.00,都市：住,,,,04140000
RPWOMLLMJHOFFBJ09CC,縣福段,71.74,都市：住,,,,00740026
RPWOMLLMJHOFFBJ09CC,縣福段,5.53,都市：住,,,,00740029
RPWOMLLMJHOFFBJ09CC,縣福段,3.06,都市：住,,,,00740000
RPVOMLLMJHOFFBJ98CC,翰林段,143.66,都市：住,,,,11160000
RPXQMLMLJHOFFBJ76CC,翰林段,.00,都市：住,,,,14950000
RPQNMLSLJHOFFBJ98CC,大學段,.00,都市：住,,,,02200000
RPVQMLMLJHOFFBJ56CC,莊敬段,.00,都市：住,,,,00540000
RPPOMLOLJHOFFBJ58CC,公園段,.00,都市：商,,,,04800000
RPWQMLMLJHOFFBJ66CC,莊敬段,.00,都市：住,,,,02930000
RPUNMLOLJHOFFBJ98CC,大學段,.00,都市：住,,,,00260000
RPWNMLOLJHOFFBJ56CC,莊敬段,.00,都市：住,,,,04970000
RPSNMLOLJHOFFBJ78CC,永興段,.00,都市：住,,,,05440000
