﻿鄉鎮市區,交易標的,土地位置建物門牌,土地移轉總面積平方公尺,都市土地使用分區,非都市土地使用分區,非都市土地使用編定,交易年月日,交易筆棟數,移轉層次,總樓層數,建物型態,主要用途,主要建材,建築完成年月,建物移轉總面積平方公尺,建物現況格局-房,建物現況格局-廳,建物現況格局-衛,建物現況格局-隔間,有無管理組織,總價元,單價元平方公尺,車位類別,車位移轉總面積平方公尺,車位總價元,備註,編號
The villages and towns urban district,transaction sign,land sector position building sector house number plate,land shifting total area square meter,the use zoning or compiles and checks,the non-metropolis land use district,non-metropolis land use,transaction year month and day,transaction pen number,shifting level,total floor number,building state,main use,main building materials,construction to complete the years,building shifting total area,Building present situation pattern - room,building present situation pattern - hall,building present situation pattern - health,building present situation pattern - compartmented,Whether there is manages the organization,total price NTD,the unit price (NTD / square meter),the berth category,berth shifting total area square meter,the berth total price NTD,the note,serial number
新竹市,房地(土地+建物)+車位,新竹市新竹市東光段238-7地號E棟9樓,21.99,其他,,,1070915,土地1建物1車位1,九層,15,住宅大樓(11層含以上有電梯),住家用,鋼筋混凝土造,,161.02,3,2,2,有,無,11100000,79930,坡道平面,35.91,1100000,,RPQOMLKLJINFFAO58CB
新竹市,房地(土地+建物)+車位,新竹市新竹市東光段238-7地號F棟2樓,13.64,其他,,,1070912,土地1建物1車位1,二層,15,住宅大樓(11層含以上有電梯),住家用,鋼筋混凝土造,,113.42,2,2,1,有,無,7270000,78312,坡道平面,35.91,1200000,,RPROMLKLJINFFAO68CB
新竹市,房地(土地+建物)+車位,新竹市新竹市東光段238-7地號G棟8樓,22.25,其他,,,1070913,土地1建物1車位1,八層,15,住宅大樓(11層含以上有電梯),住家用,鋼筋混凝土造,,162.43,3,2,2,有,無,11570000,81963,坡道平面,35.91,1200000,,RPSOMLKLJINFFAO78CB
新竹市,房地(土地+建物)+車位,新竹市新竹市東光段238-7地號H棟3樓,24.0,其他,,,1070913,土地1建物1車位1,三層,15,住宅大樓(11層含以上有電梯),住家用,鋼筋混凝土造,,172.45,4,2,2,有,無,12090000,79757,坡道平面,35.91,1200000,,RPTOMLKLJINFFAO88CB
新竹市,房地(土地+建物)+車位,新竹市新竹市新竹市金雅段305地號,2278.4,住,鄉村區,乙種建築用地,1071019,土地1建物1車位1,四層,10,華廈(10層含以下有電梯),住家用,鋼筋混凝土造,,129.68,3,2,2,有,無,9800000,84797,坡道平面,31.21,1450000,,RPOOMLSLJINFFAO56CB
新竹市,房地(土地+建物)+車位,新竹市新竹市新竹市金雅段305地號,2278.4,住,鄉村區,乙種建築用地,1070910,土地1建物1車位1,三層,10,華廈(10層含以下有電梯),住家用,鋼筋混凝土造,,129.68,3,2,2,有,無,9800000,86321,坡道平面,31.21,1300000,,RPROMLSLJINFFAO86CB
新竹市,房地(土地+建物)+車位,新竹市新竹市新竹市水利路39巷A戶1樓,28.18,,特定農業區,甲種建築用地,1071214,土地2建物1車位1,一層,6,華廈(10層含以下有電梯),住家用,鋼筋混凝土造,,135.39,2,2,1,有,無,7500000,70872,坡道平面,42.97,950000,,RPXNMLPLKINFFAO17CB
新竹市,房地(土地+建物)+車位,新竹市新竹市東區光復路一段335巷17弄15號2樓A-2,30.83,住,,,1070430,土地1建物1車位1,二層,6,華廈(10層含以下有電梯),住家用,鋼筋混凝土造,,132.35,2,2,1,有,無,8000000,69365,坡道平面,36.48,1350000,,RPSOMLPKJHOFFAO76EB
新竹市,房地(土地+建物),新竹市新竹市新竹市東區光復路一段335巷17弄15號3樓A-3,30.74,住,,,1070430,土地1建物1車位0,三層,6,華廈(10層含以下有電梯),住家用,鋼筋混凝土造,,95.86,2,2,1,有,無,7160000,74692,,0.0,0,,RPTOMLPKJHOFFAO86EB
新竹市,房地(土地+建物)+車位,新竹市新竹市新竹市東區光復路一段335巷17弄15號4樓A-4,30.79,住,,,1070419,土地1建物1車位1,四層,6,華廈(10層含以下有電梯),住家用,鋼筋混凝土造,,125.09,2,2,1,有,無,8480000,74901,坡道平面,29.23,1300000,,RPUOMLPKJHOFFAO96EB
新竹市,房地(土地+建物)+車位,新竹市新竹市新竹市東區光復路一段335巷17弄15號5樓A-5,30.79,住,,,1061225,土地1建物1車位1,五層,6,華廈(10層含以下有電梯),住家用,鋼筋混凝土造,,125.09,2,2,1,有,無,8700000,77196,坡道平面,29.23,1300000,,RPVOMLPKJHOFFAO07EB
新竹市,房地(土地+建物)+車位,新竹市新竹市東區光復路一段335巷17弄15號6樓A-6,30.79,住,,,1070419,土地1建物1車位1,六層,6,華廈(10層含以下有電梯),住家用,鋼筋混凝土造,,125.09,2,2,1,有,無,8300000,73023,坡道平面,29.23,1300000,,RPOPMLPKJHOFFAO09EB
新竹市,房地(土地+建物)+車位,新竹市新竹市東區光復路一段335巷17弄17號2樓B-2,35.21,住,,,1061225,土地1建物1車位1,二層,6,華廈(10層含以下有電梯),住家用,鋼筋混凝土造,,138.72,2,2,1,有,無,9560000,75441,坡道平面,29.23,1300000,,RPPPMLPKJHOFFAO56EB
新竹市,房地(土地+建物)+車位,新竹市新竹市東區光復路一段335巷17弄17號3樓B-3,35.16,住,,,1070208,土地1建物1車位1,三層,6,華廈(10層含以下有電梯),住家用,鋼筋混凝土造,,138.71,2,2,1,有,無,9200000,73073,坡道平面,29.23,1200000,,RPQPMLPKJHOFFAO66EB
新竹市,房地(土地+建物),新竹市新竹市東區光復路一段335巷17弄17號4樓B-4,35.12,住,,,1070419,土地1建物1車位0,四層,6,華廈(10層含以下有電梯),住家用,鋼筋混凝土造,,109.48,2,2,1,有,無,7780000,71063,,0.0,0,,RPRPMLPKJHOFFAO76EB
新竹市,房地(土地+建物)+車位,新竹市新竹市東區光復路一段335巷17弄17號5樓B-5,35.16,住,,,1061227,土地1建物1車位1,五層,6,華廈(10層含以下有電梯),住家用,鋼筋混凝土造,,138.71,2,2,1,有,無,9320000,74169,坡道平面,29.23,1200000,,RPSPMLPKJHOFFAO86EB
新竹市,房地(土地+建物)+車位,新竹市新竹市東區光復路一段335巷17弄17號6樓B-6,35.16,住,,,1070208,土地1建物1車位1,六層,6,華廈(10層含以下有電梯),住家用,鋼筋混凝土造,,138.71,2,2,1,有,無,9200000,72159,坡道平面,29.23,1300000,,RPTPMLPKJHOFFAO96EB
新竹市,房地(土地+建物),新竹市新竹市東區光復路一段335巷17弄19號2樓C-2,30.26,住,,,1070430,土地1建物1車位0,二層,6,華廈(10層含以下有電梯),住家用,鋼筋混凝土造,,94.22,2,2,1,有,無,7770000,82467,,0.0,0,,RPUPMLPKJHOFFAO07EB
新竹市,房地(土地+建物)+車位,新竹市新竹市東區光復路一段335巷17弄19號3樓C-3,30.26,住,,,1070208,土地1建物1車位1,三層,6,華廈(10層含以下有電梯),住家用,鋼筋混凝土造,,123.45,2,2,1,有,無,8500000,77478,坡道平面,29.23,1200000,,RPVPMLPKJHOFFAO17EB
新竹市,房地(土地+建物)+車位,新竹市新竹市東區光復路一段335巷17弄19號4樓C-4,30.26,住,,,1061225,土地1建物1車位1,四層,6,華廈(10層含以下有電梯),住家用,鋼筋混凝土造,,123.45,2,2,1,有,無,8430000,76735,坡道平面,29.23,1200000,,RPWPMLPKJHOFFAO27EB
新竹市,房地(土地+建物)+車位,新竹市新竹市東區光復路一段335巷17弄19號5樓C-5,30.26,住,,,1061225,土地1建物1車位1,五層,6,華廈(10層含以下有電梯),住家用,鋼筋混凝土造,,123.45,2,2,1,有,無,8600000,78540,坡道平面,29.23,1200000,,RPXPMLPKJHOFFAO37EB
新竹市,房地(土地+建物)+車位,新竹市新竹市東區光復路一段335巷17弄19號6樓C-6,30.26,住,,,1061231,土地1建物1車位1,六層,6,華廈(10層含以下有電梯),住家用,鋼筋混凝土造,,122.35,2,2,1,有,無,8420000,76098,坡道平面,28.13,1250000,,RPOQMLPKJHOFFAO56EB
