﻿編號,土地位置,土地移轉面積(平方公尺),使用分區或編定,權利人持分分母,權利人持分分子,移轉情形,地號
The serial number, land position,land shifting area square meter,the use zoning or compiles and checks,,,,land parcel
RPWOMLPKJINFFAP17CC,斗六段,245.00,都市：住,,,,00380327
RPWNMLOJJHOFFAP86CC,石榴段,36.11,非都市：特定農業區 ; 非都市編定：甲種建築用地,,,,02670000
RPXNMLTJJHOFFAP47CC,大潭段社口小段,.00,都市：住,,,,01720008
RPQOMLTJJHOFFAP86CC,斗六段,83.00,都市：住,,,,08700008
RPWNMLTJJHOFFAP37CC,斗六段,.00,都市：商,,,,01010000
RPVNMLTJJHOFFAP27CC,斗六段,.00,都市：商,,,,01010000
