﻿編號,屋齡,建物移轉面積平方公尺,主要用途,主要建材,建築完成日期,總層數,建物分層
The serial number,room age,building shifting area square meter,the main use,main building materials,construction completes the date,total layer,building lamination
RPWNMLTKJINFFDQ67CA,1,101.63,,鋼筋混凝土造,106年4月21日,十五層,十三層 陽台 雨遮
RPWNMLTKJINFFDQ67CA,1,15.92,本共有之項目有公共服務空間、管委會使用空間、防災中心、大廳、迴廊、頂蓋型開放空間、車道、機車停車空間、台電配電室﹝一﹞﹝二﹞﹝三﹞、排風機房、守衛室、垃圾儲藏室、垃圾車暫停區、緊急發電機室、泳池機房、泳池水箱、公共水箱、雨水蓄留機房、儲藏室、消防泵浦、汙水機房、採光井﹝上方投影﹞、電信室、地下一層車位﹝２３１、２３２﹞等２６項　,鋼筋混凝土造,106年4月21日,十六層,
RPWNMLTKJINFFDQ67CA,1,26.05,本共有之項目有梯廳、梯廳兼排煙室、排煙室、Ｄ棟水箱、水錶室、電錶室、垃圾暫存、樓梯間、電梯機房、水箱、消防水箱等１１項,鋼筋混凝土造,106年4月21日,十五層,
RPWNMLTKJINFFDQ67CA,1,29.87,本共有之項目有車道、防空避難室兼停車空間、停車空間等３項,鋼筋混凝土造,106年4月21日,十六層,
RPVNMLNKJINFFDQ96CA,25,184.12,儲藏室、店舖、集合住宅,鋼筋混凝土造,82年10月6日,九層,一層 二層 陽台 騎樓 地下層
RPVNMLNKJINFFDQ96CA,25,28.72,避難室、停車場,鋼筋混凝土造,82年10月6日,9,
RPVNMLNKJINFFDQ96CA,25,27.91,梯間,鋼筋混凝土造,82年10月6日,九層,
RPWNMLQJKINFFBQ17CA,25,150.00,店舖住宅,鋼筋混凝土造,82年5月31日,三層,一層 二層 三層
RPPNMLLLJINFFDQ88CA,26,156.00,農舍,鋼造,81年8月7日,一層,一層
RPUNMLMLJINFFDQ86CA,23,39.60,住家用,木造,84年7月12日,一層,一層
RPSNMLTKJINFFEQ57EA,4,187.00,住家用,鋼筋混凝土造,103年12月22日,四層,一層 二層 三層 四層 陽台
RPOOMLQLJINFFDQ76CA,,186.49,店鋪、住宅,鋼筋混凝土造,107年8月14日,三層,一層 二層 三層 陽台 見其他登記事項
RPPOMLQLJINFFDQ86CA,,160.13,住家用,鋼筋混凝土造,107年8月14日,三層,一層 二層 三層 陽台 見其他登記事項
RPXNMLQLJINFFDQ57CA,,186.49,店鋪、住宅,鋼筋混凝土造,107年8月14日,三層,一層 二層 三層 陽台 見其他登記事項
RPWNMLQLJINFFDQ47CA,,186.49,店鋪、住宅,鋼筋混凝土造,107年8月14日,三層,一層 二層 三層 陽台 見其他登記事項
RPVNMLQLJINFFDQ37CA,,186.49,店鋪、住宅,鋼筋混凝土造,107年8月14日,三層,一層 二層 三層 陽台 見其他登記事項
RPPNMLRKJINFFCQ66CA,,197.31,住家用,鋼筋混凝土造,107年9月19日,四層,一層 二層 三層 四層 見其他登記事項
RPOOMLPKJINFFCQ09CA,,189.73,住家用,鋼筋混凝土造,107年8月17日,四層,一層 二層 三層 四層 見其他登記事項
RPSOMLNJKINFFCQ66CA,24,92.92,集合住宅,鋼筋混凝土造,83年8月8日,十一層,八層 陽台
RPSOMLNJKINFFCQ66CA,24,15.71,共有部分,鋼筋混凝土造,83年8月8日,十一層,
RPSOMLNJKINFFCQ66CA,24,19.30,共有部分,鋼筋混凝土造,83年8月8日,十一層,
RPVOMLNJKINFFCQ96CA,38,100.86,住家用,鋼筋混凝土加強磚造,70年1月9日,二層,一層 二層 電梯樓梯間
RPQNMLRKJINFFCQ76CA,,197.31,住家用,鋼筋混凝土造,107年9月19日,四層,一層 二層 三層 四層 見其他登記事項
RPPNMLTKJINFFCQ86CA,37,120.55,住商用,ＲＣ造ＲＣ造磚材料,70年6月4日,二層,一層 二層 電梯樓梯間
RPRNMLRKJINFFCQ86CA,,197.31,住家用,鋼筋混凝土造,107年9月19日,四層,一層 二層 三層 四層 見其他登記事項
RPRNMLOKJINFFDQ86EA,19,132.56,集合住宅,鋼筋混凝土造,88年5月31日,三層,一層 二層 三層 陽台 雨遮
RPSNMLRKJINFFCQ96CA,,215.15,住家用,鋼筋混凝土造,107年9月19日,四層,一層 二層 三層 四層 見其他登記事項
RPXOMLPKJINFFBQ27CA,36,122.60,住家用,鋼筋混凝土加強磚造,71年8月1日,二層,一層 二層 騎樓 電梯樓梯間
RPQOMLQLJINFFDQ96CA,,186.49,店鋪、住宅,鋼筋混凝土造,107年8月14日,三層,一層 二層 三層 陽台 見其他登記事項
RPRNMLTKJINFFCQ27EA,35,113.35,住家用,鋼筋混凝土加強磚造,72年5月3日,二層,一層 二層 陽台
RPTNMLKLJINFFBQ09DA,35,270.14,住商用,鋼筋混凝土加強磚造,72年12月31日,三層,一層 二層 三層 騎樓 電梯樓梯間
RPTNMLKLJINFFEQ66CA,39,59.53,住商用,鋼筋混凝土加強磚造,68年12月28日,三層,一層 二層 三層 騎樓 電梯樓梯間
RPPNMLRKJINFFDQ76CA,38,97.28,住商用,鋼筋混凝土加強磚造,69年12月5日,二層,一層 二層 騎樓
RPSNMLQKJINFFDQ96CA,14,16.70,住家用,鋼筋混凝土造,93年8月3日,五層,五層 陽台
RPSNMLQKJINFFDQ96CA,14,.77,車道、停車空間,鋼筋混凝土造,93年8月3日,五層,
RPSNMLQKJINFFDQ96CA,14,.17,停車空間,鋼筋混凝土造,93年8月3日,五層,
RPSNMLQKJINFFDQ96CA,14,.76,樓梯間,鋼筋混凝土造,93年8月3日,五層,
RPSNMLQKJINFFDQ96CA,14,6.83,樓梯間、走廊,鋼筋混凝土造,93年8月3日,五層,
RPSNMLQKJINFFDQ96CA,14,1.26,樓梯間、機房,鋼筋混凝土造,93年8月3日,五層,
RPSNMLTKJINFFDQ27CA,36,97.00,住家用,鋼筋混凝土加強磚造,71年9月10日,二層,一層 二層 電梯樓梯間
RPTNMLPKJINFFDQ96CA,13,16.15,見其他登記事項,鋼筋混凝土造,94年8月15日,五層,二層
RPTNMLPKJINFFDQ96CA,13,7.19,見其他登記事項,鋼筋混凝土造,94年8月15日,五層,
SPTNMLPKJINFFDQ07CA,13,16.15,見其他登記事項,鋼筋混凝土造,94年8月15日,五層,二層
SPTNMLPKJINFFDQ07CA,13,7.19,見其他登記事項,鋼筋混凝土造,94年8月15日,五層,
RPXNMLPKJINFFCQ27CA,48,117.00,住家用,加強磚造,59年6月15日,二層,一層 二層
RPTNMLQKJINFFBQ86CA,23,98.94,住家用,鋼筋混凝土造,84年7月4日,七層,六層 陽台
RPTNMLQKJINFFBQ86CA,23,19.37,樓電梯,鋼筋混凝土造,84年7月4日,七層,
RPTNMLQKJINFFBQ86CA,23,28.31,防空避難室兼停車空間,鋼筋混凝土造,84年7月4日,七層,
RPQNMLSLJINFFDQ07CA,24,175.41,住家用,鋼筋混凝土造,83年8月11日,三層,一層 二層 三層 陽台 電梯樓梯間 地下層
RPVNMLSLJINFFDQ57CA,,160.05,住家用,鋼筋混凝土造,107年8月14日,三層,一層 二層 三層 陽台 見其他登記事項
RPRNMLQLJINFFCQ86CA,36,76.65,住家用,鋼筋混凝土造,72年3月12日,五層,一層
RPROMLNJKINFFCQ56CA,,186.59,住宅、樓梯間,鋼筋混凝土造,107年6月15日,三層,一層 二層 三層 見其他登記事項 見其他登記事項
RPQNMLOLJINFFCQ56CA,32,25.42,住家用,鋼筋混凝土加強磚造,76年1月26日,二層,一層 二層 騎樓 電梯樓梯間
RPQNMLOLJINFFCQ56CA,32,25.42,住家用,鋼筋混凝土加強磚造,76年1月26日,二層,一層 二層 騎樓 電梯樓梯間
RPQNMLOLJINFFCQ56CA,32,25.42,住家用,鋼筋混凝土加強磚造,76年1月26日,二層,一層 二層 騎樓 電梯樓梯間
RPQNMLOLJINFFCQ56CA,32,25.42,住家用,鋼筋混凝土加強磚造,76年1月26日,二層,一層 二層 騎樓 電梯樓梯間
RPUNMLTKJINFFEQ57CA,40,87.83,住家用,鋼筋混凝土加強磚造,67年9月23日,二層,一層 二層 電梯樓梯間
RPWNMLKLJINFFDQ86CA,1,49.98,店舖、住宅,鋼筋混凝土造,107年4月23日,一層,一層
RPWNMLKLJINFFDQ86CA,1,25.83,防空避難室、安全梯廳、升降機間,鋼筋混凝土造,107年4月23日,六層,
RPWNMLKLJINFFDQ86CA,1,21.42,停車空間、門廊,鋼筋混凝土造,107年4月23日,一層,
RPQOMLKLJINFFDQ98CA,24,101.86,集合住房,鋼筋混凝土造,83年10月12日,七層,五層 見其他登記事項
RPQOMLKLJINFFDQ98CA,24,28.75,梯間,鋼筋混凝土造,83年10月12日,七層,
RPQOMLKLJINFFDQ98CA,24,8.67,停車場、防空避難室,鋼筋混凝土造,83年10月12日,七層,
RPPNMLQLJINFFEQ96DA,31,154.03,住房、避難室,鋼筋混凝土造,76年4月17日,二層,一層 二層 騎樓 電梯樓梯間 地下層
RPRNMLKLJINFFDQ98CA,37,157.91,住家用,鋼筋混凝土加強磚造,70年6月20日,二層,一層 二層 陽台 平台 電梯樓梯間
RPXNMLKLJINFFDQ96CA,1,138.47,住家用,鋼筋混凝土造,107年4月23日,二層,二層 陽台
RPXNMLKLJINFFDQ96CA,1,65.44,防空避難室、安全梯廳、升降機間,鋼筋混凝土造,107年4月23日,六層,
RPOOMLKLJINFFDQ78CA,1,138.47,住家用,鋼筋混凝土造,107年4月23日,三層,三層 陽台
RPOOMLKLJINFFDQ78CA,1,65.44,防空避難室、安全梯廳、升降機間,鋼筋混凝土造,107年4月23日,六層,
RPVNMLKLJINFFDQ76CA,1,33.85,店舖、住宅,鋼筋混凝土造,107年4月23日,一層,一層
RPVNMLKLJINFFDQ76CA,1,17.36,防空避難室、安全梯廳、升降機間,鋼筋混凝土造,107年4月23日,六層,
RPVNMLKLJINFFDQ76CA,1,14.39,停車空間、門廊,鋼筋混凝土造,107年4月23日,一層,
RPQNMLKLJINFFCQ98EA,16,12.64,梯間、機械室、水箱,鋼筋混凝土造,91年7月25日,五層,
RPQNMLKLJINFFCQ98EA,16,86.27,集合住宅,鋼筋混凝土造,91年7月25日,五層,四層 陽台 雨遮
RPQNMLKLJINFFCQ98EA,16,33.34,停車空間,鋼筋混凝土造,91年7月25日,五層,
RPVNMLKMJINFFCQ96EA,43,96.96,住家用,鋼筋混凝土加強磚造,65年3月15日,二層,一層 二層 見其他登記事項
RPUNMLSLJINFFDQ47CA,26,145.45,住家用,鋼筋混凝土造,81年11月26日,三層,一層 二層 三層 見其他登記事項
RPUNMLTKJINFFDQ47CA,27,75.18,住商用,加強磚造,80年12月27日,二層,一層 二層 陽台 電梯樓梯間
RPROMLKLJINFFDQ09CA,1,138.47,住家用,鋼筋混凝土造,107年4月23日,五層,五層 陽台
RPROMLKLJINFFDQ09CA,1,65.44,防空避難室、安全梯廳、升降機間,鋼筋混凝土造,107年4月23日,六層,
RPSOMLKLJINFFDQ56CA,1,138.47,住家用,鋼筋混凝土造,107年4月23日,六層,六層 陽台
RPSOMLKLJINFFDQ56CA,1,65.44,防空避難室、安全梯廳、升降機間,鋼筋混凝土造,107年4月23日,六層,
RPTOMLKLJINFFDQ66CA,1,291.64,住家用,鋼筋混凝土造,107年4月23日,三層,一層 二層 三層 陽台 見其他登記事項
RPPOMLKLJINFFDQ88CA,1,138.47,住家用,鋼筋混凝土造,107年4月23日,四層,四層 陽台
RPPOMLKLJINFFDQ88CA,1,65.44,防空避難室、安全梯廳、升降機間,鋼筋混凝土造,107年4月23日,六層,
RPQNMLOLJINFFDQ66CA,13,5.08,門廳、遊憩設施、機械空間、梯間、游泳池,鋼筋混凝土造,94年8月26日,二層,一層 二層 地下一層 地下二層
RPQNMLOLJINFFDQ66CA,13,1.59,門廳、遊憩設施,鋼筋混凝土造,94年8月26日,三層,一層 二層 三層
RPQNMLOLJINFFDQ66CA,11,309.72,集合住宅、停車空間、機電設備空間,鋼筋混凝土造,96年9月29日,四層,一層 二層 三層 四層 陽台 雨遮 地下一層
RPTNMLKLJINFFDQ56CA,21,68.90,集合住宅,鋼筋混凝土造,86年6月23日,七層,一層 平台
RPTNMLKLJINFFDQ56CA,21,17.66,見其他登記事項,鋼筋混凝土造,86年6月23日,七層,
RPTNMLKLJINFFDQ56CA,21,12.02,樓梯間室、機械室、水箱、瞭望台,鋼筋混凝土造,86年6月23日,七層,
RPROMLQLJINFFDQ07CA,,158.09,住家用,鋼筋混凝土造,107年8月14日,三層,一層 二層 三層 陽台 見其他登記事項
RPRNMLRLJINFFEQ17CA,20,79.54,住家用,鋼筋混凝土造,87年7月17日,八層,八層 陽台 雨遮
RPRNMLRLJINFFEQ17CA,20,40.06,防空避難室兼停車空間、梯間、機械室、水箱、車道、門廊、管理員室。　,鋼筋混凝土造,87年7月17日,八層,
RPPNMLKMJINFFBQ68CA,21,116.14,住家用,鋼筋混凝土造,86年6月16日,四層,一層 二層 三層 四層
RPTNMLKLJINFFCQ09CA,,213.77,停車空間、店舖、住宅,鋼筋混凝土造,107年8月7日,四層,一層 二層 三層 四層 見其他登記事項
RPPNMLRJKINFFEQ86CA,24,213.41,住商用,鋼筋混凝土造,83年11月29日,四層,一層 二層 三層 四層 陽台 平台 騎樓
RPRNMLOJKINFFEQ76CA,24,195.29,住家用,鋼筋混凝土造,84年2月3日,四層,一層 二層 三層 四層 騎樓 見其他登記事項
RPRNMLOJKINFFEQ76CA,24,.36,住家用,鋼筋混凝土造,84年2月3日,一層,一層 騎樓
RPVNMLTLJINFFBQ47CA,25,89.22,住家用,鋼筋混凝土造,82年12月7日,五層,五層 陽台
RPVNMLTLJINFFBQ47CA,25,5.19,樓梯間,鋼筋混凝土造,82年12月7日,五層,
RPRNMLRJKINFFCQ86CA,,191.93,住宅、樓梯間,鋼筋混凝土造,107年6月15日,三層,一層 二層 三層 見其他登記事項 見其他登記事項
RPUNMLRLJINFFBQ17CA,4,294.25,集合住宅,鋼筋混凝土造,103年10月24日,三層,一層 二層 三層 陽台
RPUNMLRLJINFFBQ17CA,4,1.00,社區管理室,鋼筋混凝土造,104年1月6日,一層,一層
RPRNMLLLJINFFDQ09CA,42,82.39,住家用,鋼筋混凝土加強磚造,65年8月21日,二層,一層 二層
RPTNMLMLJINFFDQ76CA,23,195.15,住商用,鋼筋混凝土造,84年10月27日,三層,一層 二層 三層 陽台 騎樓 電梯樓梯間 雨遮
RPPNMLMLJINFFDQ98CA,38,107.98,住家用,鋼筋混凝土加強磚造,70年3月1日,二層,一層 二層 騎樓
RPSNMLMLJINFFDQ66CA,15,194.32,,鋼鐵造,92年10月2日,一層,一層
RPPNMLLLJINFFEQ98CA,28,286.19,住家用,鋼筋混凝土造,79年5月17日,三層,一層 二層 三層 電梯樓梯間
RPTNMLTLJINFFDQ57DA,22,199.87,住家用,鋼筋混凝土造,86年1月30日,三層,一層 二層 三層 見其他登記事項
RPTNMLLLJINFFCQ76EA,24,150.95,住家用,鋼筋混凝土造,84年2月17日,三層,一層 二層 三層 平台 電梯樓梯間 見其他登記事項
RPQNMLLLJINFFDQ09DA,41,69.41,住家用,磚造,66年6月2日,一層,一層
RPRNMLMLJINFFDQ66DA,23,176.97,住家用,鋼筋混凝土造,84年10月2日,三層,一層 二層 三層 見其他登記事項
RPRNMLNLJINFFCQ66DA,19,153.20,住宅．水箱,鋼筋混凝土造,88年8月20日,四層,一層 二層 三層 四層 水塔 見其他登記事項
RPQNMLNJKINFFEQ56CA,28,150.58,住家用,鋼筋混凝土造,79年11月26日,三層,一層 二層 三層 電梯樓梯間
RPQNMLNJKINFFEQ56CA,28,268.32,住家用,鋼筋混凝土造,79年11月26日,三層,一層 二層 三層 電梯樓梯間
RPQNMLKKKINFFDQ88CA,41,91.65,住家用,鋼筋混凝土加強磚造,66年8月15日,二層,一層 二層
RPRNMLMLJINFFBQ98CA,31,135.04,住家用,鋼筋混凝土加強磚造,76年10月9日,二層,一層 二層 騎樓 電梯樓梯間
RPPNMLNKKINFFDQ09CA,39,71.43,住商用,鋼筋混凝土加強磚造,69年1月29日,二層,一層 二層 電梯樓梯間
RPTOMLNJKINFFCQ76CA,24,75.34,集合住宅,鋼筋混凝土造,83年8月8日,十一層,六層 陽台
RPTOMLNJKINFFCQ76CA,24,15.71,共有部分,鋼筋混凝土造,83年8月8日,十一層,
RPTOMLNJKINFFCQ76CA,24,19.30,共有部分,鋼筋混凝土造,83年8月8日,十一層,
RPPNMLOLJINFFCQ09CA,36,67.81,住家用,鋼筋混凝土加強磚造,71年12月31日,二層,一層 二層 陽台
RPQNMLOJKINFFCQ09CA,24,108.86,住家用,鋼筋混凝土造,83年5月4日,三層,一層 二層 三層
RPUNMLQJKINFFBQ96CA,1,195.98,住宅、樓梯間,鋼筋混凝土造,107年3月7日,三層,一層 二層 三層 見其他登記事項 見其他登記事項
RPPNMLOLJINFFBQ98CA,26,207.25,住商用,鋼筋混凝土加強磚造,81年12月24日,四層,一層 二層 三層 四層
RPQNMLOKKINFFBQ56DA,9,273.45,住家用,鋼筋混凝土造,98年11月11日,四層,一層 二層 三層 四層 見其他登記事項
RPQNMLOKKINFFBQ56DA,9,1.06,管理員室,鋼筋混凝土造,98年11月11日,二層,一層 二層 見其他登記事項
RPPNMLQLJINFFDQ86DA,15,169.96,集合住宅、停車空間、機電設備空間,鋼筋混凝土造,92年10月24日,四層,一層 二層 三層 四層 見其他登記事項
RPROMLNKKINFFDQ76CA,21,77.79,住家用,鋼筋混凝土造,86年5月24日,五層,五層 陽台
RPROMLNKKINFFDQ76CA,21,11.82,電梯、水箱、機械房、梯間,鋼筋混凝土造,86年5月24日,五層,
RPROMLNKKINFFDQ76CA,21,26.61,公共設施、防空避難室、停車空間,鋼筋混凝土造,86年5月24日,五層,
RPSNMLRLJINFFEQ27CA,48,81.44,住家用,木造,59年10月13日,二層,一層 二層 三層
RPQNMLSLJINFFBQ86CA,44,32.76,工業用,磚造,63年10月1日,一層,一層
RPQNMLSLJINFFBQ86CA,44,35.60,住家用,鋼筋混凝土加強磚造,63年10月1日,二層,一層 二層
RPQNMLSLJINFFBQ86CA,44,83.31,住家用,鋼筋混凝土加強磚造,63年10月1日,一層,一層 騎樓
RPVOMLQLJINFFDQ47CA,,156.77,住家用,鋼筋混凝土造,107年5月17日,三層,一層 二層 三層 陽台 見其他登記事項
RPPNMLRLJINFFBQ66CA,3,294.25,集合住宅,鋼筋混凝土造,104年7月20日,三層,一層 二層 三層 陽台
RPPNMLRLJINFFBQ66CA,4,1.00,社區管理室,鋼筋混凝土造,104年1月6日,一層,一層
RPVNMLNJKINFFDQ96CA,39,91.98,住家用,鋼筋混凝土加強磚造,68年9月20日,二層,一層 二層
RPPOMLOJKINFFDQ56CA,41,89.04,住家用,鋼筋混凝土加強磚造,66年7月30日,二層,一層 二層
RPSNMLKMJINFFDQ56CA,35,105.49,住家用,鋼筋混凝土加強磚造,72年10月5日,二層,一層 二層 電梯樓梯間
RPRNMLKMJINFFDQ09CA,37,89.63,住商用,鋼筋混凝土加強磚造,70年10月17日,二層,一層 二層 騎樓 電梯樓梯間
RPTNMLNJKINFFDQ76CA,14,16.70,住家用,鋼筋混凝土造,93年8月3日,5,一層 陽台
RPTNMLNJKINFFDQ76CA,14,.19,停車空間,鋼筋混凝土造,93年8月3日,五層,
RPTNMLNJKINFFDQ76CA,14,.62,樓梯間,鋼筋混凝土造,93年8月3日,五層,
RPTNMLNJKINFFDQ76CA,14,4.58,走廊,鋼筋混凝土造,93年8月3日,五層,
RPTNMLNJKINFFDQ76CA,14,.77,車道、停車空間,鋼筋混凝土造,93年8月3日,五層,
RPTNMLNJKINFFDQ76CA,14,1.27,樓梯間、機房,鋼筋混凝土造,93年8月3日,五層,
RPQNMLKKKINFFCQ78CA,22,102.09,住家用,鋼筋混凝土造,85年11月15日,五層,三層 陽台
RPQNMLMKKINFFCQ98CA,25,79.05,住家用,鋼筋混凝土造,82年12月14日,七層,五層 陽台 花台
RPQNMLMKKINFFCQ98CA,25,7.89,共有部分,鋼筋混凝土造,82年12月14日,七層,
RPQNMLMKKINFFCQ98CA,25,5.84,共有部分,鋼筋混凝土造,82年12月14日,七層,
RPWNMLOJKINFFDQ17CA,5,194.55,住家用,鋼筋混凝土造,103年1月16日,四層,一層 二層 三層 四層 陽台
RPSNMLOKKINFFDQ86CA,12,2.08,機械室、樓梯間、垃圾處理場、管理中心,鋼筋混凝土造,95年7月18日,三層,一層 二層 三層 地下層 見其他登記事項
RPSNMLOKKINFFDQ86CA,12,.88,機械室、樓梯間,鋼筋混凝土造,95年7月18日,一層,地下層
RPSNMLOKKINFFDQ86CA,12,1.53,機械室、樓梯間、開放空間、交誼室,鋼筋混凝土造,95年7月18日,四層,一層 二層 三層 四層 地下層 見其他登記事項
RPSNMLOKKINFFDQ86CA,11,340.82,店舖、停車空間、集合住宅、樓梯間,鋼筋混凝土造,96年6月14日,四層,一層 二層 三層 四層 見其他登記事項 見其他登記事項
RPTNMLPJKINFFCQ86CA,12,218.69,集合住宅,鋼筋混凝土造,96年3月28日,四層,一層 二層 三層 四層 見其他登記事項
RPXNMLSLJINFFCQ67CA,2,339.91,住家用,鋼筋混凝土造,105年9月26日,四層,一層 二層 三層 四層 見其他登記事項
RPSNMLTLJINFFBQ17CA,32,190.29,住商用,鋼筋混凝土加強磚造,75年12月30日,三層,一層 二層 三層 騎樓
RPQNMLNJKINFFDQ09CA,40,130.99,住家用,鋼筋混凝土加強磚造,67年12月1日,三層,一層 二層 三層 騎樓
RPPNMLNJKINFFDQ98CA,34,94.56,住家用,鋼筋混凝土加強磚造,73年12月14日,二層,一層 二層 電梯樓梯間
RPWNMLNJKINFFDQ07CA,4,84.66,住家用,鋼筋混凝土造,103年12月27日,三層,一層 二層 三層 陽台
RPWNMLNJKINFFDQ07CA,4,84.66,住家用,鋼筋混凝土造,103年12月27日,三層,一層 二層 三層 陽台
RPPNMLNJKINFFEQ66EA,8,117.40,住房、樓梯間,鋼筋混凝土造,99年11月5日,三層,一層 二層 三層 陽台 屋頂突出物
RPROMLOJKINFFDQ76CA,40,101.47,住家用,鋼筋混凝土加強磚造,68年1月22日,二層,一層 二層 騎樓 電梯樓梯間
RPQOMLOJKINFFDQ66CA,32,115.96,住家用,鋼筋混凝土加強磚造,75年11月11日,二層,一層 二層 電梯樓梯間
RPPNMLLJKINFFDQ78CA,6,50.25,商業用,鋼鐵構造（有牆）,101年9月13日,一層,一層
RPUNMLNKKINFFDQ96CA,36,104.94,住家用,鋼筋混凝土加強磚造,71年11月26日,二層,一層 二層 騎樓
RPVNMLNKKINFFDQ07CA,42,70.08,住家用,鋼筋混凝土加強磚造,66年2月3日,二層,一層 二層
RPPNMLOJKINFFEQ56CA,1,185.10,住宅,鋼筋混凝土造,106年6月27日,四層,一層 二層 三層 四層 陽台
RPQNMLMJKINFFEQ09CA,27,144.96,住家用,鋼筋混凝土加強磚造,80年9月16日,三層,一層 二層 三層 電梯樓梯間
RPTNMLMKKINFFBQ56CA,40,125.65,住家用,鋼筋混凝土加強磚造,68年4月26日,二層,一層 二層 騎樓
RPOPMLNJKINFFCQ98CA,37,106.24,住家用,鋼筋混凝土加強磚造,70年5月9日,二層,一層 二層 電梯樓梯間
RPPNMLNLKINFFBQ98CA,38,185.94,住家用,鋼筋混凝土加強磚造,70年3月1日,三層,一層 二層 三層
RPPNMLMJKINFFCQ78CA,,197.31,住家用,鋼筋混凝土造,107年9月19日,四層,一層 二層 三層 四層 見其他登記事項
RPQNMLRJKINFFCQ76CA,16,152.96,車庫、住房,鋼筋混凝土造,91年12月30日,三層,一層 二層 三層 電梯樓梯間 見其他登記事項
RPPNMLOKKINFFBQ98CA,46,147.70,住家用,磚造,61年7月15日,一層,一層 騎樓
RPPNMLOKKINFFBQ98CA,19,424.50,農舍,鋼骨造,89年1月29日,三層,一層 二層 三層
RPPNMLLJKINFFBQ58CA,30,147.94,住家用,鋼筋混凝土加強磚造,77年9月29日,二層,一層 二層
RPOOMLNKKINFFDQ09CA,38,129.36,住家用,鋼筋混凝土造,69年9月1日,三層,一層 二層 三層 騎樓
RPUNMLPJKINFFDQ07CA,52,269.39,商業用,鐵造,55年11月3日,一層,一層
RPRNMLOJKINFFDQ66CA,41,46.59,住家用,﹝一﹞﹝二﹞鋼筋混凝土磚造、﹝三﹞磚木造,67年2月25日,三層,一層 二層 三層 騎樓
RPPNMLRLKINFFEQ07CA,39,113.11,住家用,鋼筋混凝土加強磚造,68年8月28日,二層,一層 二層 電梯樓梯間
RPXNMLOJKINFFDQ37DA,37,105.90,住商用,鋼筋混凝土加強磚造,70年10月10日,二層,一層 二層 電梯樓梯間
RPOOMLOJKINFFDQ56DA,25,141.91,住家用,鋼筋混凝土造,82年7月26日,三層,一層 二層 三層 見其他登記事項
RPTNMLLKKINFFDQ66CA,37,48.47,住商用,鋼筋混凝土加強磚造,70年6月25日,二層,一層 二層 騎樓 電梯樓梯間
RPWNMLOKKINFFCQ17CA,40,122.68,住家用,鋼筋混凝土加強磚造,68年3月15日,二層,一層 二層 陽台
RPRNMLNLKINFFBQ56CA,19,159.31,住家用,鋼筋混凝土造,88年6月21日,三層,一層 二層 三層 電梯樓梯間
RPRNMLKKKINFFCQ88CA,24,180.63,住商用,鋼筋混凝土造,83年10月4日,五層,一層 二層 三層 平台 騎樓 見其他登記事項
RPRNMLLKKINFFBQ88CA,4,226.54,住宅，儲藏室，水箱,鋼筋混凝土造,103年6月25日,四層,一層 二層 三層 四層 陽台 見其他登記事項
RPPNMLRJKINFFCQ66CA,20,163.62,住家用,鋼筋混凝土造,87年11月23日,三層,一層 二層 三層 陽台 平台 電梯樓梯間
RPVNMLPJKINFFDQ17CA,38,113.51,住家用,鋼筋混凝土加強磚造,70年5月10日,二層,一層 二層 電梯樓梯間
RPTNMLRKKINFFBQ07CA,22,171.33,住家用,鋼筋混凝土造,85年8月15日,十四層,七層 八層 陽台 露台
RPTNMLRKKINFFBQ07CA,22,64.67,梯間、防空避難室、機械室、水塔牌樓兼停車空間,鋼筋混凝土造,85年8月15日,十四層,
RPUNMLRJKINFFDQ27CA,42,388.69,工業用,鋼造,65年12月31日,一層,一層
RPSNMLPJKINFFDQ86CA,29,93.42,住家用,鋼筋混凝土加強磚造,78年8月19日,二層,一層 二層 陽台 平台
RPSNMLRJKINFFCQ07DA,,231.90,住家用,鋼筋混凝土造,107年8月21日,四層,一層 二層 三層 四層 見其他登記事項
RPTNMLRJKINFFCQ17DA,,248.80,住家用,鋼筋混凝土造,107年8月21日,四層,一層 二層 三層 四層 見其他登記事項
RPUNMLRJKINFFCQ27DA,,215.60,住家用,鋼筋混凝土造,107年8月21日,四層,一層 二層 三層 四層 見其他登記事項
RPVNMLRJKINFFCQ37DA,,208.00,住家用,鋼筋混凝土造,107年8月21日,四層,一層 二層 三層 四層 見其他登記事項
RPTNMLQJKINFFBQ96DA,23,178.71,住家用,鋼筋混凝土加強磚造,84年10月21日,二層,一層 二層 陽台
RPQNMLOKKINFFEQ76CA,39,95.10,住商用,鋼筋混凝土加強磚造,69年2月13日,二層,一層 二層 電梯樓梯間
RPPNMLLKKINFFDQ98DA,40,85.03,住家用,鋼筋混凝土加強磚造,68年2月15日,二層,一層 二層
RPUNMLLKKINFFDQ76CA,21,93.33,住房、集合住宅,鋼筋混凝土造,86年6月23日,七層,七層 陽台 花台
RPUNMLLKKINFFDQ76CA,21,15.89,樓梯間、機械室、水箱、瞭望台,鋼筋混凝土造,86年6月23日,七層,
RPUNMLLKKINFFDQ76CA,21,15.60,見其他登記事項,鋼筋混凝土造,86年6月23日,七層,
RPQNMLQJKINFFCQ66CA,24,165.85,住商用,鋼筋混凝土造,83年8月8日,十一層,一層 二層 三層 騎樓 見其他登記事項
RPQNMLQJKINFFCQ66CA,24,19.32,共有部分,鋼筋混凝土造,83年8月8日,十一層,
RPQNMLQJKINFFCQ66CA,24,19.30,共有部分,鋼筋混凝土造,83年8月8日,十一層,
RPSNMLLKKINFFCQ09CA,24,140.55,住商用,鋼筋混凝土造,83年6月8日,三層,一層 二層 三層 電梯樓梯間 見其他登記事項
RPQNMLRJKINFFBQ66CA,31,131.78,住家用,鋼筋混凝土加強磚造,77年5月7日,二層,一層 二層 騎樓 電梯樓梯間
RPVNMLRJKINFFDQ37CA,25,194.73,住商用,鋼筋混凝土造,83年3月3日,三層,一層 二層 三層 騎樓 見其他登記事項
RPVNMLPLKINFFCQ27CA,24,86.12,集合住宅,鋼筋混凝土造,83年8月10日,七層,五層 陽台
RPVNMLPLKINFFCQ27CA,24,29.61,共有部分,鋼筋混凝土造,83年8月10日,七層,
RPVNMLPLKINFFCQ27CA,24,11.75,共有部分,鋼筋混凝土造,83年8月10日,七層,
RPUNMLMJJHOFFDQ76DA,38,112.83,住家用,鋼筋混凝土加強磚造,69年7月5日,二層,一層 二層 騎樓 電梯樓梯間
RPQNMLSKKINFFDQ07CA,40,64.82,住家用,鋼筋混凝土加強磚造,67年7月15日,一層,一層
RPPNMLPLKINFFDQ76CA,,160.88,住家用,鋼筋混凝土造,107年5月17日,三層,一層 二層 三層 陽台 見其他登記事項
RPPNMLPKKINFFEQ76CA,38,106.57,住家用,鋼筋混凝土加強磚造,69年7月12日,二層,一層 二層 騎樓 電梯樓梯間
RPXNMLRJKINFFCQ57DA,,207.66,住家用,鋼筋混凝土造,107年8月21日,四層,一層 二層 三層 四層 見其他登記事項
RPOOMLRJKINFFCQ76DA,,208.35,住家用,鋼筋混凝土造,107年8月21日,四層,一層 二層 三層 四層 見其他登記事項
RPQNMLSLKINFFCQ17DA,20,157.48,住家用,鋼筋混凝土造,88年1月11日,三層,一層 二層 三層 平台 電梯樓梯間 見其他登記事項
RPWNMLRJKINFFCQ47DA,,208.34,住家用,鋼筋混凝土造,107年8月21日,四層,一層 二層 三層 四層 見其他登記事項
RPPNMLSKKINFFDQ96CA,24,149.61,住家用,鋼筋混凝土造,83年11月23日,四層,一層 二層 三層 四層
RPPNMLLKKINFFBQ68CA,14,18.19,住家用,鋼筋混凝土造,94年1月3日,五層,四層 陽台
RPPNMLLKKINFFBQ68CA,14,1.79,梯廳、樓電梯室、消防泵浦、電信室、梯間,鋼筋混凝土造,94年1月3日,五層,
RPPNMLLKKINFFBQ68CA,14,2.72,走廊,鋼筋混凝土造,94年1月3日,五層,
RPRNMLNKKINFFDQ66CA,24,114.14,住家用,鋼筋混凝土造,84年3月6日,三層,一層 二層 三層
RPRNMLLKKINFFCQ56EA,24,160.32,住家用,鋼筋混凝土造,84年2月17日,三層,一層 二層 三層 平台 電梯樓梯間 見其他登記事項
RPRNMLOKKINFFBQ56CA,14,18.06,住家用,鋼筋混凝土造,94年1月3日,五層,二層 陽台
RPRNMLOKKINFFBQ56CA,14,2.72,走廊,鋼筋混凝土造,94年1月3日,五層,
RPRNMLOKKINFFBQ56CA,14,1.79,梯廳、樓電梯室、消防泵浦、電信室、梯間,鋼筋混凝土造,94年1月3日,五層,
RPWNMLMKKINFFDQ27EA,79,24.80,住家用,竹造,28年12月1日,一層,一層
RPVNMLLKKINFFDQ86CA,18,145.96,住家用,鋼筋混凝土造,89年10月4日,三層,一層 二層 三層 陽台 平台
RPRNMLMKKINFFBQ98CA,39,93.48,住家用,鋼筋混凝土加強磚造,68年6月4日,二層,一層 二層
RPSNMLNLKINFFBQ66CA,19,159.31,住家用,鋼筋混凝土造,88年6月21日,三層,一層 二層 三層 電梯樓梯間
RPQNMLNKKINFFCQ09CA,38,59.10,住家用,磚造,70年3月13日,一層,一層
RPSNMLNKKINFFCQ66CA,26,123.60,住家用,鋼筋混凝土造,82年2月17日,五層,一層 平台
RPVNMLNKKINFFCQ96CA,24,159.85,住商用,鋼筋混凝土造,83年5月13日,三層,一層 二層 三層 電梯樓梯間 見其他登記事項
RPPOMLMKKINFFDQ09CA,6,181.04,住家用,鋼筋混凝土造,102年1月22日,四層,一層 二層 三層 四層 陽台
RPQOMLNKKINFFDQ66CA,38,101.32,住商用,鋼筋混凝土加強磚造,69年12月15日,二層,一層 二層 騎樓 電梯樓梯間
RPUNMLOKKINFFCQ17EA,21,89.80,集合住宅,鋼筋混凝土造,87年4月3日,五層,五層 陽台
RPPNMLSLKINFFCQ96CA,24,190.88,住商用,鋼筋混凝土造,83年9月16日,四層,一層 二層 三層 四層 見其他登記事項
RPPNMLSLKINFFCQ96CA,24,159.74,住商用,鋼筋混凝土造,83年9月16日,四層,一層 二層 三層 四層 見其他登記事項
RPQNMLSLKINFFEQ27CA,4,173.39,住家用,鋼筋混凝土造,103年12月22日,四層,一層 二層 三層 四層 陽台
RPPNMLKLKINFFBQ78DA,11,365.46,停車空間、店舖、集合住宅,鋼筋混凝土造,96年6月28日,四層,一層 二層 三層 四層 見其他登記事項 見其他登記事項
RPPNMLLLKINFFBQ88DA,37,143.70,住商用,鋼筋混凝土加強磚造,70年10月8日,三層,一層 二層 三層 騎樓 電梯樓梯間
RPQNMLRLKINFFCQ96CA,1,336.66,店舖、住宅、樓梯間,鋼筋混凝土造,106年9月6日,四層,一層 二層 三層 四層 見其他登記事項 見其他登記事項
RPUOMLMJJHOFFCQ66CA,,129.89,住家用,鋼筋混凝土造,107年9月4日,二層,一層 二層 見其他登記事項
RPTOMLMJJHOFFCQ56CA,,144.78,住宅、門廊,鋼筋混凝土造,107年9月4日,二層,一層 二層 見其他登記事項
RPRNMLPLKINFFCQ86CA,16,166.93,住家用,鋼筋混凝土造,91年12月30日,四層,一層 二層 三層 四層 騎樓
RPOOMLPLKINFFCQ66CA,,141.73,住家用,鋼筋混凝土造,107年9月4日,二層,一層 二層 見其他登記事項
RPPOMLPLKINFFCQ76CA,,157.98,住宅、門廊,鋼筋混凝土造,107年9月4日,二層,一層 二層 見其他登記事項
RPQOMLPLKINFFCQ86CA,,138.99,住家用,鋼筋混凝土造,107年9月4日,二層,一層 二層 見其他登記事項
RPROMLPLKINFFCQ96CA,,152.38,住家用,鋼筋混凝土造,107年9月4日,二層,一層 二層 見其他登記事項
RPSOMLPLKINFFCQ07CA,,152.38,住家用,鋼筋混凝土造,107年9月4日,二層,一層 二層 見其他登記事項
RPTOMLPLKINFFCQ17CA,,152.38,住家用,鋼筋混凝土造,107年9月4日,二層,一層 二層 見其他登記事項
RPVNMLOLKINFFCQ17CA,2,170.83,住宅、樓梯間,鋼筋混凝土造,105年12月27日,三層,一層 二層 三層 見其他登記事項 見其他登記事項
RPPNMLNLKINFFCQ09CA,,152.38,住家用,鋼筋混凝土造,107年9月4日,二層,一層 二層 見其他登記事項
RPTNMLOLKINFFCQ96CA,38,56.29,住家用,磚造,70年3月13日,一層,一層
RPUNMLOLKINFFCQ07CA,2,184.38,住宅、樓梯間,鋼筋混凝土造,105年12月27日,三層,一層 二層 三層 見其他登記事項 見其他登記事項
RPSNMLQLKINFFCQ07CA,,152.38,住家用,鋼筋混凝土造,107年9月4日,二層,一層 二層 見其他登記事項
SPQNMLQLKINFFCQ96CA,,197.67,住宅、門廊,鋼筋混凝土造,107年9月4日,二層,一層 二層 見其他登記事項
RPQNMLQLKINFFCQ86CA,,193.14,住家用,鋼筋混凝土造,107年9月4日,二層,一層 二層 見其他登記事項
RPWOMLPLKINFFCQ47CA,,192.41,住家用,鋼筋混凝土造,107年9月4日,二層,一層 二層 見其他登記事項
RPXOMLPLKINFFCQ57CA,,196.33,住宅、門廊,鋼筋混凝土造,107年9月4日,二層,一層 二層 見其他登記事項
RPQPMLSLKINFFCQ27CA,,186.59,住宅、樓梯間,鋼筋混凝土造,107年6月15日,三層,一層 二層 三層 見其他登記事項 見其他登記事項
RPTNMLQLKINFFCQ17CA,,155.74,住家用,鋼筋混凝土造,107年9月4日,二層,一層 二層 見其他登記事項
RPWNMLQLKINFFCQ47CA,,147.18,住家用,鋼筋混凝土造,107年9月4日,二層,一層 二層 見其他登記事項
RPUNMLQLKINFFCQ27CA,,150.53,住家用,鋼筋混凝土造,107年9月4日,二層,一層 二層 見其他登記事項
RPXNMLQLKINFFCQ57CA,,147.18,住家用,鋼筋混凝土造,107年9月4日,二層,一層 二層 見其他登記事項
RPOOMLQLKINFFCQ76CA,,150.53,住家用,鋼筋混凝土造,107年9月4日,二層,一層 二層 見其他登記事項
RPRNMLOLKINFFCQ76CA,36,94.12,住家用,鋼筋混凝土加強磚造,71年6月22日,二層,一層 二層 電梯樓梯間
RPUNMLRKKINFFCQ27CA,,204.20,停車空間、店舖、住宅,鋼筋混凝土造,107年8月7日,四層,一層 二層 三層 四層 見其他登記事項
RPQNMLNJJHOFFCQ88CA,37,113.45,住家用,鋼筋混凝土加強磚造,70年12月11日,二層,一層 二層 電梯樓梯間
RPSNMLNJJHOFFCQ09CA,38,108.75,住家用,鋼筋混凝土加強磚造,70年2月15日,二層,一層 二層 騎樓 電梯樓梯間
RPRNMLRKKINFFBQ86CA,22,34.96,梯間、防空避難室、機械室、水塔牌樓兼停車空間,鋼筋混凝土造,85年8月15日,十四層,
RPRNMLRKKINFFBQ86CA,22,92.00,住家用,鋼筋混凝土造,85年8月15日,十四層,十一層 陽台
RPPNMLSKKINFFBQ76CA,12,19.19,住家用,鋼筋混凝土造,95年8月28日,八層,八層 陽台
RPPNMLSKKINFFBQ76CA,12,7.43,共有部分,鋼筋混凝土造,95年8月28日,,
RPPNMLSKKINFFBQ76CA,12,4.60,共有部分,鋼筋混凝土造,95年8月28日,,
RPPNMLRKKINFFDQ86CA,3,196.99,住家用,鋼筋混凝土,105年1月29日,四層,一層 二層 三層 四層 陽台
RPPNMLTKKINFFEQ37EA,,215.13,住宅、樓梯間,鋼筋混凝土造,107年8月2日,三層,一層 二層 三層 陽台 見其他登記事項
RPPNMLTKKINFFBQ96DA,63,9.00,住商用,磚石造、雜木造,44年7月15日,二層,一層 二層
RPQNMLTKKINFFEQ27CA,23,173.01,住家用,鋼筋混凝土加強磚造,84年9月21日,三層,一層 二層 三層 電梯樓梯間
RPSNMLTJJHOFFDQ17CA,39,88.11,住家用,鋼筋混凝土加強磚造,69年3月1日,二層,一層 二層
RPWOMLQLKINFFCQ57CA,,147.18,住家用,鋼筋混凝土造,107年9月4日,二層,一層 二層 見其他登記事項
RPPOMLQLKINFFCQ86CA,,147.18,住家用,鋼筋混凝土造,107年9月4日,二層,一層 二層 見其他登記事項
RPVOMLQLKINFFCQ47CA,,148.97,住家用,鋼筋混凝土造,107年9月4日,二層,一層 二層 見其他登記事項
RPSNMLNJJHOFFDQ56CA,35,105.92,住家用,鋼筋混凝土加強磚造,72年8月1日,二層,一層 二層 電梯樓梯間
RPVNMLNJJHOFFCQ76CA,27,164.67,住家用,鋼筋混凝土造,81年5月12日,三層,一層 二層 三層 電梯樓梯間
RPSOMLQLKINFFCQ17CA,,147.18,住家用,鋼筋混凝土造,107年9月4日,二層,一層 二層 見其他登記事項
RPTOMLQLKINFFCQ27CA,,145.07,住家用,鋼筋混凝土造,107年9月4日,二層,一層 二層 見其他登記事項
RPUOMLQLKINFFCQ37CA,,145.61,住家用,鋼筋混凝土造,107年9月4日,二層,一層 二層 見其他登記事項
RPPNMLSKKINFFCQ86CA,38,170.88,住家用,鋼筋混凝土加強磚造,70年4月7日,三層,一層 二層 三層 騎樓 電梯樓梯間
RPRNMLSKKINFFCQ07CA,38,56.10,住家用,磚造,69年7月18日,一層,一層
RPQNMLMLKINFFCQ09CA,,147.18,住家用,鋼筋混凝土造,107年9月4日,二層,一層 二層 見其他登記事項
RPRNMLMLKINFFCQ56CA,,148.97,住家用,鋼筋混凝土造,107年9月4日,二層,一層 二層 見其他登記事項
RPSNMLQKJHOFFCQ96DA,35,107.88,住家用,鋼筋混凝土加強磚造,72年4月23日,二層,一層 二層
RPRNMLNJJHOFFBQ88CA,27,230.68,住家用,鋼筋混凝土加強磚造,80年10月22日,四層,一層 二層 三層 四層
RPRNMLNJJHOFFBQ88CA,27,236.34,住家用,鋼筋混凝土加強磚造,80年10月22日,四層,一層 二層 三層 四層
RPRNMLNJJHOFFBQ88CA,27,266.46,住家用,鋼筋混凝土加強磚造,81年1月20日,四層,一層 二層 三層 四層
RPSNMLNJJHOFFBQ98CA,27,187.84,住家用,鋼筋混凝土加強磚造,80年10月22日,四層,一層 二層 三層 四層
RPSNMLNJJHOFFBQ98CA,27,188.23,住家用,鋼筋混凝土加強磚造,80年10月22日,四層,一層 二層 三層 四層
RPSNMLNJJHOFFBQ98CA,27,186.28,住家用,鋼筋混凝土加強磚造,80年10月22日,四層,一層 二層 三層 四層
RPQOMLQLKINFFCQ96CA,,147.18,住家用,鋼筋混凝土造,107年9月4日,二層,一層 二層 見其他登記事項
RPROMLQLKINFFCQ07CA,,146.63,住家用,鋼筋混凝土造,107年9月4日,二層,一層 二層 見其他登記事項
RPWNMLPLKINFFCQ37CA,,147.18,住家用,鋼筋混凝土造,107年9月4日,二層,一層 二層 見其他登記事項
RPTNMLSLKINFFCQ37CA,,147.18,住家用,鋼筋混凝土造,107年9月4日,二層,一層 二層 見其他登記事項
RPSOMLSLKINFFCQ37CA,24,92.92,集合住宅,鋼筋混凝土造,83年8月8日,十一層,十一層 陽台
RPSOMLSLKINFFCQ37CA,24,15.71,共有部分,鋼筋混凝土造,83年8月8日,十一層,
RPSOMLSLKINFFCQ37CA,24,19.30,共有部分,鋼筋混凝土造,83年8月8日,十一層,
RPSNMLSLKINFFCQ27CA,,150.53,住家用,鋼筋混凝土造,107年9月4日,二層,一層 二層 見其他登記事項
RPUNMLSLKINFFCQ47CA,,75.26,住家用,鋼筋混凝土造,107年9月4日,二層,一層 二層 見其他登記事項
RPUNMLSLKINFFCQ47CA,,75.26,住家用,鋼筋混凝土造,107年9月4日,二層,一層 二層 見其他登記事項
RPRNMLTKKINFFBQ07CA,25,173.14,住商用,鋼筋混凝土造,82年8月7日,三層,一層 二層 三層 電梯樓梯間
RPSNMLLLKINFFDQ66CA,37,84.40,住家用,鋼筋混凝土造,70年6月1日,二層,一層 二層
RPRNMLKLKINFFDQ56DA,1,218.84,店舖、住宅,鋼筋混凝土造,106年12月28日,四層,一層 二層 三層 四層 陽台 騎樓
RPVNMLTKKINFFDQ67CA,,171.52,住宅、樓梯間,鋼筋混凝土造,107年8月9日,三層,一層 二層 三層 陽台 見其他登記事項
RPWNMLTKKINFFDQ77CA,,201.77,店舖、住宅,鋼筋混凝土造,107年8月9日,四層,一層 二層 三層 四層 陽台
RPPNMLMLKINFFCQ09DA,28,185.21,住家用,鋼筋混凝土造,79年11月14日,三層,一層 二層 三層 騎樓 電梯樓梯間
RPPNMLMLKINFFCQ09DA,28,181.85,住家用,鋼筋混凝土造,79年11月14日,三層,一層 二層 三層 騎樓 電梯樓梯間
RPVNMLMJJHOFFDQ86DA,32,195.57,住家用,加強磚造鋼鐵造,75年7月1日,三層,一層 二層 三層
RPPNMLQLKINFFDQ96DA,2,214.90,住家用,鋼筋混凝土造,105年7月26日,四層,一層 二層 三層 四層 陽台
RPXNMLTKKINFFDQ87CA,13,16.15,見其他登記事項,鋼筋混凝土造,94年8月15日,五層,三層
RPXNMLTKKINFFDQ87CA,13,7.19,見其他登記事項,鋼筋混凝土造,94年8月15日,五層,
RPRPMLSLKINFFCQ37CA,,161.46,住家用,鋼筋混凝土造,107年6月15日,三層,一層 二層 三層 見其他登記事項
RPSPMLSLKINFFCQ47CA,,128.92,住家用,鋼筋混凝土造,107年9月4日,二層,一層 二層 見其他登記事項
RPUPMLSLKINFFCQ67CA,,155.74,住家用,鋼筋混凝土造,107年9月4日,二層,一層 二層 見其他登記事項
RPXPMLSLKINFFCQ97CA,,150.53,住家用,鋼筋混凝土造,107年9月4日,二層,一層 二層 見其他登記事項
RPOPMLSLKINFFCQ07CA,,158.10,住宅、門廊,鋼筋混凝土造,107年9月4日,二層,一層 二層 見其他登記事項
RPPPMLSLKINFFCQ17CA,,138.99,住家用,鋼筋混凝土造,107年9月4日,二層,一層 二層 見其他登記事項
RPWNMLTJJHOFFCQ47CA,,138.99,住家用,鋼筋混凝土造,107年9月4日,二層,一層 二層 見其他登記事項
RPXNMLTJJHOFFCQ57CA,,161.27,住家用,鋼筋混凝土造,107年9月4日,二層,一層 二層 見其他登記事項
RPOOMLTJJHOFFCQ76CA,,68.80,住家用,鋼筋混凝土造,107年9月4日,二層,一層 二層 見其他登記事項
RPOOMLTJJHOFFCQ76CA,,68.80,住家用,鋼筋混凝土造,107年9月4日,二層,一層 二層 見其他登記事項
RPPNMLKKJHOFFCQ58CA,24,196.43,住家用,鋼筋混凝土造,83年7月25日,四層,一層 二層 三層 四層 見其他登記事項
RPSNMLKKJHOFFCQ88CA,,155.68,住宅、門廊,鋼筋混凝土造,107年9月4日,二層,一層 二層 見其他登記事項
RPXOMLQLKINFFCQ67CA,,152.38,住家用,鋼筋混凝土造,107年9月4日,二層,一層 二層 見其他登記事項
RPPNMLMKJHOFFDQ88CA,6,155.09,停車空間、住宅,鋼筋混凝土造,101年7月24日,三層,一層 二層 三層 陽台
RPVNMLSLKINFFCQ57CA,,147.18,住家用,鋼筋混凝土造,107年9月4日,二層,一層 二層 見其他登記事項
RPVNMLSJJHOFFBQ17CA,38,73.36,住家用,鋼筋混凝土加強磚造,69年10月30日,二層,一層 二層
RPWNMLLLKINFFBQ86CA,18,339.49,店舖、儲藏室,鋼造,89年6月3日,二層,一層 二層
RPQNMLLLKINFFBQ88CA,13,16.65,住家用,鋼筋混凝土造,94年10月3日,十層,三層 陽台
RPQNMLLLKINFFBQ88CA,13,.10,管理委員會使用空間,鋼筋混凝土造,94年10月3日,十層,
RPQNMLLLKINFFBQ88CA,13,8.78,機電設備空間、停車空間、樓梯間、走廊、機械室、水塔,鋼筋混凝土造,94年10月3日,十層,
RPRNMLLLKINFFDQ56CA,39,131.56,住家用,鋼筋混凝土加強磚造,69年3月18日,二層,一層 二層 見其他登記事項
RPUNMLPLKINFFCQ37EA,38,102.77,商業用,鋼筋混凝土加強磚造,70年5月13日,三層,一層 二層 三層
RPUNMLLKJHOFFCQ56CA,26,112.05,住家用,加強磚造,81年8月3日,二層,一層 二層 電梯樓梯間
RPQNMLOKJHOFFCQ09CA,26,145.35,住家用,鋼筋混凝土造,81年6月30日,三層,一層 二層 三層 電梯樓梯間
RPPNMLPKJHOFFCQ09CA,,144.78,住宅、門廊,鋼筋混凝土造,107年9月4日,二層,一層 二層 見其他登記事項
RPSNMLOKJHOFFCQ66CA,3,181.17,住宅、樓梯間,鋼筋混凝土造,105年3月3日,三層,一層 二層 三層 見其他登記事項 見其他登記事項
RPSNMLOJJHOFFEQ76CA,1,399.14,住宅、梯間,鋼筋混凝土造,106年6月8日,四層,一層 二層 三層 四層 陽台 屋頂突出物
RPPNMLTLKINFFDQ17CA,23,96.59,集合住宅,鋼筋混凝土造,84年9月8日,十二層,十一層 陽台 花台
RPPNMLTLKINFFDQ17CA,23,23.45,梯間,鋼筋混凝土造,84年9月8日,十二層,
RPPNMLTLKINFFDQ17CA,23,20.40,防空避難室,鋼筋混凝土造,84年9月8日,十二層,
RPQNMLOLKINFFDQ76CA,13,16.15,見其他登記事項,鋼筋混凝土造,94年8月15日,五層,二層
RPQNMLOLKINFFDQ76CA,13,7.19,見其他登記事項,鋼筋混凝土造,94年8月15日,五層,
SPQNMLOLKINFFDQ86CA,13,16.15,見其他登記事項,鋼筋混凝土造,94年8月15日,五層,二層
SPQNMLOLKINFFDQ86CA,13,7.19,見其他登記事項,鋼筋混凝土造,94年8月15日,五層,
SPRNMLOLKINFFDQ96CA,13,16.15,見其他登記事項,鋼筋混凝土造,94年8月15日,五層,二層
SPRNMLOLKINFFDQ96CA,13,7.19,見其他登記事項,鋼筋混凝土造,94年8月15日,五層,
RPRNMLOLKINFFDQ86CA,13,16.15,見其他登記事項,鋼筋混凝土造,94年8月15日,五層,二層
RPRNMLOLKINFFDQ86CA,13,7.19,見其他登記事項,鋼筋混凝土造,94年8月15日,五層,
TPQNMLOLKINFFDQ96CA,13,16.15,見其他登記事項,鋼筋混凝土造,94年8月15日,五層,二層
TPQNMLOLKINFFDQ96CA,13,7.19,見其他登記事項,鋼筋混凝土造,94年8月15日,五層,
RPXNMLOLKINFFBQ27CA,13,16.18,住家用,鋼筋混凝土造,94年10月3日,十層,六層 陽台
RPXNMLOLKINFFBQ27CA,13,15.83,住家用,鋼筋混凝土造,94年10月3日,十層,六層 陽台
RPPNMLPLKINFFBQ56CA,12,19.19,住家用,鋼筋混凝土造,95年8月28日,八層,七層 陽台
RPPNMLPLKINFFBQ56CA,12,4.60,共有部分,鋼筋混凝土造,95年8月28日,,
RPPNMLPLKINFFBQ56CA,12,7.43,共有部分,鋼筋混凝土造,95年8月28日,,
RPPNMLPLKINFFBQ56CA,12,19.19,住家用,鋼筋混凝土造,95年8月28日,八層,七層 陽台
RPPNMLPLKINFFBQ56CA,12,4.60,共有部分,鋼筋混凝土造,95年8月28日,,
RPPNMLPLKINFFBQ56CA,12,7.43,共有部分,鋼筋混凝土造,95年8月28日,,
RPRNMLQKJHOFFBQ66CA,,178.13,Ｈ２住宅、樓梯間,鋼筋混凝土造,107年11月3日,三層,一層 二層 三層 屋頂突出物
RPQOMLSKJHOFFDQ07CA,38,133.80,店舖、住房,鋼筋混凝土磚造,69年11月14日,三層,一層 二層 三層
RPSOMLPKJHOFFBQ76CA,,178.13,Ｈ２住宅、樓梯間,鋼筋混凝土造,107年11月3日,三層,一層 二層 三層 屋頂突出物
RPVOMLPKJHOFFBQ07CA,,182.28,Ｈ２住宅、樓梯間,鋼筋混凝土造,107年10月31日,三層,一層 二層 三層 屋頂突出物
RPXNMLPKJHOFFBQ17CA,,178.24,Ｈ２住宅、樓梯間,鋼筋混凝土造,107年11月6日,三層,一層 二層 三層 屋頂突出物
RPUOMLPKJHOFFBQ96CA,,178.13,Ｈ２住宅、樓梯間,鋼筋混凝土造,107年11月3日,三層,一層 二層 三層 屋頂突出物
RPOOMLPKJHOFFBQ98CA,,176.12,Ｈ２住宅、樓梯間,鋼筋混凝土造,107年11月6日,三層,一層 二層 三層 屋頂突出物
RPPOMLPKJHOFFBQ09CA,,178.13,Ｈ２住宅、樓梯間,鋼筋混凝土造,107年11月3日,三層,一層 二層 三層 屋頂突出物
RPVNMLOKJHOFFCQ96CA,,217.27,店舖、住宅,鋼筋混凝土造,107年10月11日,四層,一層 二層 三層 四層 見其他登記事項
RPWNMLOKJHOFFCQ07CA,,183.88,住宅、樓梯間,鋼筋混凝土造,107年10月11日,三層,一層 二層 三層 見其他登記事項 見其他登記事項
RPXNMLOKJHOFFCQ17CA,,193.14,住宅、樓梯間,鋼筋混凝土造,107年10月11日,三層,一層 二層 三層 見其他登記事項 見其他登記事項
RPUOMLSLKINFFCQ57CA,,145.61,住家用,鋼筋混凝土造,107年9月4日,二層,一層 二層 見其他登記事項
RPWNMLSLKINFFCQ67CA,,147.18,住家用,鋼筋混凝土造,107年9月4日,二層,一層 二層 見其他登記事項
TPUOMLSLKINFFCQ77CA,,148.97,住家用,鋼筋混凝土造,107年9月4日,二層,一層 二層 見其他登記事項
RPTOMLSLKINFFCQ47CA,,145.61,住家用,鋼筋混凝土造,107年9月4日,二層,一層 二層 見其他登記事項
SPUOMLSLKINFFCQ67CA,,145.61,住家用,鋼筋混凝土造,107年9月4日,二層,一層 二層 見其他登記事項
RPOPMLPLKINFFCQ76CA,35,139.96,住家用,鋼筋混凝土加強磚造,73年1月28日,二層,一層 二層 騎樓 電梯樓梯間
RPVOMLSLKINFFCQ67CA,,148.97,住家用,鋼筋混凝土造,107年9月4日,二層,一層 二層 見其他登記事項
RPSNMLMLKINFFCQ66CA,26,79.75,住家用,鋼筋混凝土造,81年11月30日,五層,三層 陽台
RPSNMLMLKINFFCQ66CA,26,8.04,共有部分,鋼筋混凝土造,81年11月30日,地下層,
RPSNMLMLKINFFCQ66CA,26,6.94,共有部分,鋼筋混凝土造,81年11月30日,五層,
RPWOMLSLKINFFCQ77CA,,147.18,住家用,鋼筋混凝土造,107年9月4日,二層,一層 二層 見其他登記事項
RPXNMLOLKINFFCQ37CA,,195.56,住家用,鋼筋混凝土造,107年8月21日,三層,一層 二層 三層 見其他登記事項
RPXOMLSLKINFFCQ87CA,,147.18,住家用,鋼筋混凝土造,107年9月4日,二層,一層 二層 見其他登記事項
RPTNMLOKJHOFFCQ76CA,,238.14,店舖、住宅,鋼筋混凝土造,107年10月11日,四層,一層 二層 三層 四層 見其他登記事項
RPSNMLLKJHOFFCQ98CA,26,85.07,住家用,鋼筋混凝土造,81年11月30日,五層,五層 陽台
RPSNMLLKJHOFFCQ98CA,26,8.68,共有部分,鋼筋混凝土造,81年11月30日,地下層,
RPSNMLLKJHOFFCQ98CA,26,6.94,共有部分,鋼筋混凝土造,81年11月30日,五層,
RPPOMLOKJHOFFCQ09CA,,178.04,住宅、樓梯間,鋼筋混凝土造,107年10月11日,三層,一層 二層 三層 見其他登記事項 見其他登記事項
RPOOMLOKJHOFFCQ98CA,,192.18,住宅、樓梯間,鋼筋混凝土造,107年10月11日,三層,一層 二層 三層 見其他登記事項 見其他登記事項
RPPNMLMKJHOFFBQ68CA,25,167.48,住商用,鋼筋混凝土加強磚造,82年7月5日,三層,一層 二層 三層 騎樓 電梯樓梯間
RPSNMLOLKINFFDQ96CA,14,165.89,新鮮處理場,鋼骨造,93年5月20日,一層,一層
RPSNMLOLKINFFDQ96CA,14,248.70,儲物室、檢驗室,鋼筋混凝土加強磚造,93年5月20日,一層,一層
RPPNMLRKJHOFFBQ56CA,99,171.90,住家用,木造,8年10月1日,二層,一層 二層
RPTNMLQKJHOFFBQ86CA,,178.24,Ｈ２住宅、樓梯間,鋼筋混凝土造,107年11月6日,三層,一層 二層 三層 屋頂突出物
RPVNMLQKJHOFFBQ07CA,,178.40,Ｈ２住宅、樓梯間,鋼筋混凝土造,107年11月6日,三層,一層 二層 三層 屋頂突出物
RPRNMLMKJHOFFDQ09CA,38,102.66,住家用,鋼筋混凝土加強磚造,70年5月1日,二層,一層 二層 騎樓 電梯樓梯間
RPWNMLPKJHOFFCQ17CA,,184.51,住宅、樓梯間,鋼筋混凝土造,107年7月19日,三層,一層 二層 三層 見其他登記事項 見其他登記事項
RPXNMLPKJHOFFCQ27CA,,207.60,住宅、樓梯間,鋼筋混凝土造,107年7月31日,三層,一層 二層 三層 見其他登記事項 見其他登記事項
RPTNMLPJJHOFFEQ96CA,1,178.54,住宅,鋼筋混凝土造,106年10月31日,三層,一層 二層 三層 陽台
RPSNMLPJJHOFFEQ86CA,1,182.64,住宅,鋼筋混凝土造,106年10月31日,三層,一層 二層 三層 陽台
RPUNMLPJJHOFFEQ07CA,1,213.43,住宅,鋼筋混凝土造,106年10月31日,三層,一層 二層 三層 陽台
RPPNMLPJJHOFFEQ56CA,1,236.75,住宅,鋼筋混凝土造,106年10月31日,三層,一層 二層 三層 陽台
RPQNMLPJJHOFFEQ66CA,1,222.54,住宅,鋼筋混凝土造,106年10月31日,三層,一層 二層 三層 陽台
RPVNMLPJJHOFFEQ17CA,1,167.00,住宅,鋼筋混凝土造,106年10月31日,三層,一層 二層 三層 陽台
RPRNMLPJJHOFFEQ76CA,1,181.71,住宅,鋼筋混凝土造,106年10月31日,三層,一層 二層 三層 陽台
RPQNMLQLKINFFDQ96CA,35,106.61,住家用,鋼筋混凝土加強磚造,72年10月5日,二層,一層 二層 電梯樓梯間
RPRNMLQLKINFFEQ37EA,,221.18,住宅,鋼筋混凝土造,107年8月2日,四層,一層 二層 三層 四層 陽台
RPQNMLSLKINFFDQ17CA,24,222.86,農舍,鋼造,84年1月25日,一層,一層
RPPNMLKLJHOFFDQ78CA,25,105.09,住家用,木造,83年4月11日,二層,一層 二層 陽台 露台
RPPNMLTLKINFFBQ96CA,7,486.19,住家用,鋼筋混凝土造,101年3月7日,三層,一層 二層 三層 見其他登記事項
RPSNMLMJJHOFFBQ88CA,5,239.38,住宅、樓梯間,鋼筋混凝土造,103年2月24日,三層,一層 二層 三層 見其他登記事項 見其他登記事項
RPRNMLPLKINFFBQ76CA,12,15.06,住家用,鋼筋混凝土造,95年8月28日,八層,五層 陽台
RPRNMLPLKINFFBQ76CA,12,4.20,共有部分,鋼筋混凝土造,95年8月28日,,
RPRNMLPLKINFFBQ76CA,12,5.78,共有部分,鋼筋混凝土造,95年8月28日,,
RPTNMLRJJHOFFBQ86CA,13,16.18,住家用,鋼筋混凝土造,94年10月3日,十層,九層 陽台
RPTNMLRJJHOFFBQ86CA,13,.10,管理委員會使用空間,鋼筋混凝土造,94年10月3日,十層,
RPTNMLRJJHOFFBQ86CA,13,8.53,機電設備空間、停車空間、樓梯間、走廊、機械室、水塔,鋼筋混凝土造,94年10月3日,十層,
RPRNMLPKJHOFFCQ66CA,,203.81,住宅、樓梯間、停車空間,鋼筋混凝土造,107年10月11日,三層,一層 二層 三層 見其他登記事項 見其他登記事項
RPQOMLOKJHOFFCQ56CA,,188.48,住宅、樓梯間,鋼筋混凝土造,107年10月11日,三層,一層 二層 三層 見其他登記事項 見其他登記事項
RPPOMLMJJHOFFCQ78CA,,144.61,住家用,鋼筋混凝土造,107年9月4日,二層,一層 二層 見其他登記事項
RPPNMLRLKINFFCQ86CA,17,212.77,住商用,鋼筋混凝土造,91年1月14日,四層,一層 二層 三層 四層 見其他登記事項
RPPNMLLMKINFFCQ98CA,37,94.60,住家用,鋼筋混凝土加強磚造,70年9月23日,二層,一層 二層 陽台
RPOOMLSKJHOFFDQ86CA,22,86.04,住家用,鋼筋混凝土造,86年5月24日,五層,二層 陽台
RPOOMLSKJHOFFDQ86CA,22,12.45,水箱、機械房、水箱、梯間,鋼筋混凝土造,86年5月24日,五層,
RPOOMLSKJHOFFDQ86CA,22,28.30,公共設施、防空避難室、停車空間,鋼筋混凝土造,86年5月24日,五層,
RPSNMLLKJHOFFDQ09CA,38,46.16,住家用,磚造,70年5月25日,一層,一層
RPOOMLMJJHOFFCQ68CA,,180.39,住家用,鋼筋混凝土造,107年9月4日,二層,一層 二層 見其他登記事項
RPRNMLTJJHOFFEQ17CA,51,53.80,住家用,雜木以外,57年1月1日,一層,一層
RPOOMLSLKINFFCQ17EA,15,192.67,停車空間、集合住宅,鋼筋混凝土造,93年1月30日,三層,一層 二層 三層 見其他登記事項
RPTNMLRLKINFFDQ37CA,32,90.86,住家用,鋼筋混凝土加強磚造,76年2月27日,二層,一層 二層 電梯樓梯間
RPTNMLSKJHOFFDQ27CA,,188.93,住家用,鋼筋混凝土造,107年4月23日,三層,一層 二層 三層 陽台 見其他登記事項
RPQNMLRLKINFFDQ07CA,41,68.27,住家用,鋼筋混凝土加強磚造,67年1月20日,一層,一層
RPQOMLMJJHOFFCQ88CA,,147.18,住家用,鋼筋混凝土造,107年9月4日,二層,一層 二層 見其他登記事項
RPOOMLMJJHOFFDQ88DA,2,72.69,集合住宅,鋼筋混凝土造,106年4月21日,十六層,十四層 陽台
RPOOMLMJJHOFFDQ88DA,2,11.39,本共有之項目有公共服務空間、管委會使用空間、防災中心、大廳、迴廊、頂蓋型開放空間、車道、機車停車空間、台電配電室﹝一﹞﹝二﹞﹝三﹞、排風機房、守衛室、垃圾儲藏室、垃圾車暫停區、緊急發電機室、泳池機房、泳池水箱、公共水箱、雨水蓄留機房、儲藏室、消防泵浦、汙水機房、採光井﹝上方投影﹞、電信室、地下一層車位﹝２３１、２３２﹞等２６項　,鋼筋混凝土造,106年4月21日,十六層,
RPOOMLMJJHOFFDQ88DA,2,20.25,本共有之項目有梯廳、梯廳兼排煙室、排煙室、Ｃ棟水箱、水錶室、電錶室、垃圾暫存、樓梯間、電梯機房、水箱、消防水箱等１１項,鋼筋混凝土造,106年4月21日,十六層,
RPOOMLMJJHOFFDQ88DA,2,29.87,本共有之項目有車道、防空避難室兼停車空間、停車空間等３項,鋼筋混凝土造,106年4月21日,十六層,
RPSOMLMJJHOFFCQ09CA,,171.67,住家用,鋼筋混凝土造,107年9月4日,二層,一層 二層 見其他登記事項
RPPOMLTJJHOFFCQ86CA,,161.08,住宅、門廊,鋼筋混凝土造,107年9月4日,二層,一層 二層 見其他登記事項
RPVNMLMJJHOFFCQ66CA,,155.74,住家用,鋼筋混凝土造,107年9月4日,二層,一層 二層 見其他登記事項
RPWNMLMJJHOFFCQ76CA,,180.78,住宅、門廊,鋼筋混凝土造,107年9月4日,二層,一層 二層 見其他登記事項
RPVNMLRKJHOFFBQ17CA,38,97.84,住家用,鋼筋混凝土加強磚造,69年11月18日,二層,一層 二層 夾層
RPQOMLTJJHOFFCQ96CA,5,174.18,住家用,鋼筋混凝土造,102年10月18日,三層,一層 二層 三層 見其他登記事項
RPPNMLTJJHOFFCQ76CA,39,90.69,住商用,鋼筋混凝土加強磚造,69年1月11日,二層,一層 二層 電梯樓梯間
RPQNMLMJJHOFFCQ78CA,27,152.79,住家用,鋼筋混凝土造,80年10月1日,三層,一層 二層 三層 電梯樓梯間
RPRNMLSLKINFFCQ17CA,,150.53,住家用,鋼筋混凝土造,107年9月4日,二層,一層 二層 見其他登記事項
RPPNMLNJJHOFFBQ68CA,22,132.47,住家用,鋼筋混凝土造,85年8月15日,十四層,十三層 十四層 陽台
RPPNMLNJJHOFFBQ68CA,22,52.95,梯間、防空避難室、機械室、水塔牌樓兼停車空間,鋼筋混凝土造,85年8月15日,十四層,
RPQNMLNJJHOFFBQ78CA,22,132.47,住家用,鋼筋混凝土造,85年8月15日,十四層,十一層 十二層 陽台
RPQNMLNJJHOFFBQ78CA,22,39.17,梯間、防空避難室、機械室、水塔牌樓兼停車空間,鋼筋混凝土造,85年8月15日,十四層,
RPQNMLMJJHOFFBQ68CA,4,226.54,住宅，儲藏室，水箱,鋼筋混凝土造,103年6月25日,四層,一層 二層 三層 四層 陽台 見其他登記事項
RPQNMLTLKINFFBQ07CA,14,18.06,住家用,鋼筋混凝土造,94年1月3日,五層,三層 陽台
RPQNMLTLKINFFBQ07CA,14,1.79,梯廳、樓電梯室、消防泵浦、電信室、梯間,鋼筋混凝土造,94年1月3日,五層,
RPQNMLTLKINFFBQ07CA,14,2.72,走廊,鋼筋混凝土造,94年1月3日,五層,
RPRNMLLLJHOFFDQ09CA,24,205.73,住房、臥室、停車空間,鋼筋混凝土造,83年8月8日,三層,一層 二層 三層 地下層 見其他登記事項
RPRNMLLLJHOFFDQ09CA,24,21.07,車道﹙共同使用﹚,鋼筋混凝土造,83年8月8日,,
RPSNMLSLKINFFDQ37CA,12,161.68,住家用,鋼筋混凝土造,95年12月5日,三層,一層 二層 三層 陽台 雨遮
RPVNMLSLKINFFDQ67CA,37,103.04,住商用,鋼筋混凝土加強磚造,70年10月10日,二層,一層 二層 電梯樓梯間
RPROMLSLKINFFDQ37CA,14,17.13,見其他登記事項,鋼筋混凝土造,94年2月4日,五層,三層
RPROMLSLKINFFDQ37CA,14,5.89,見其他登記事項,鋼筋混凝土造,94年2月4日,五層,
TPROMLSLKINFFDQ57CA,14,17.13,見其他登記事項,鋼筋混凝土造,94年2月4日,五層,三層
TPROMLSLKINFFDQ57CA,14,5.89,見其他登記事項,鋼筋混凝土造,94年2月4日,五層,
SPROMLSLKINFFDQ47CA,14,17.13,見其他登記事項,鋼筋混凝土造,94年2月4日,五層,三層
SPROMLSLKINFFDQ47CA,14,5.89,見其他登記事項,鋼筋混凝土造,94年2月4日,五層,
RPQNMLNJJHOFFDQ98CA,,194.56,住家用,鋼筋混凝土造,107年5月17日,三層,一層 二層 三層 陽台 見其他登記事項
RPQNMLTJJHOFFDQ96CA,24,255.99,住商用,鋼筋混凝土造,83年7月20日,四層,一層 二層 三層 四層 騎樓 見其他登記事項
RPUNMLRKJHOFFCQ17CA,,150.53,住家用,鋼筋混凝土造,107年9月4日,二層,一層 二層 見其他登記事項
RPTNMLSKJHOFFBQ07CA,12,57.59,住家用,鋼筋混凝土造,95年8月28日,八層,四層 陽台
RPTNMLSKJHOFFBQ07CA,12,13.84,共有部分,鋼筋混凝土造,95年8月28日,,
RPTNMLSKJHOFFBQ07CA,12,22.28,共有部分,鋼筋混凝土造,95年8月28日,,
RPSNMLMJJHOFFCQ09DA,24,170.66,住家用,ＲＣ造　磚構材料,84年5月29日,三層,一層 二層 三層 電梯樓梯間 見其他登記事項
RPVNMLMLJHOFFCQ86CA,35,82.17,住家用,鋼筋混凝土加強磚造,72年7月25日,二層,一層 二層
RPSNMLMLJHOFFBQ09CA,12,15.06,住家用,鋼筋混凝土造,95年8月28日,八層,五層 陽台
RPSNMLMLJHOFFBQ09CA,12,4.20,共有部分,鋼筋混凝土造,95年8月28日,,
RPSNMLMLJHOFFBQ09CA,12,5.78,共有部分,鋼筋混凝土造,95年8月28日,,
RPPNMLLLJHOFFDQ88CA,24,198.44,住房、臥室、停車空間,鋼筋混凝土造,83年8月8日,三層,一層 二層 三層 地下層 見其他登記事項
RPPNMLLLJHOFFDQ88CA,24,20.23,車道﹙共同使用﹚,鋼筋混凝土造,83年8月8日,,
RPPNMLKMKINFFCQ88CA,26,85.07,住家用,鋼筋混凝土造,81年11月30日,五層,四層 陽台
RPPNMLKMKINFFCQ88CA,26,8.88,共有部分,鋼筋混凝土造,81年11月30日,地下層,
RPPNMLKMKINFFCQ88CA,26,6.94,共有部分,鋼筋混凝土造,81年11月30日,五層,
RPPNMLMJJHOFFCQ68CA,21,167.73,住商用,鋼筋混凝土造,86年12月10日,三層,一層 二層 三層 電梯樓梯間 見其他登記事項
RPUNMLOKJHOFFCQ86CA,,223.00,店舖、住宅,鋼筋混凝土造,107年10月11日,四層,一層 二層 三層 四層 見其他登記事項
RPQNMLRKJHOFFCQ76CA,,140.98,住家用,鋼筋混凝土造,107年9月4日,二層,一層 二層 見其他登記事項
RPRNMLRKJHOFFCQ86CA,,150.53,住家用,鋼筋混凝土造,107年9月4日,二層,一層 二層 見其他登記事項
RPQNMLPKJHOFFCQ56CA,,233.02,住宅、樓梯間、停車空間,鋼筋混凝土造,107年10月11日,三層,一層 二層 三層 見其他登記事項 見其他登記事項
RPUOMLKKJHOFFCQ56CA,,157.25,住宅、門廊,鋼筋混凝土造,107年9月4日,二層,一層 二層 見其他登記事項
RPTNMLNLJHOFFDQ86CA,34,94.68,住家用,鋼筋混凝土加強磚造,74年1月17日,二層,一層 二層 電梯樓梯間
RPUNMLNJJHOFFCQ66CA,37,102.71,住商用,鋼筋混凝土加強磚造,70年11月17日,二層,一層 二層 電梯樓梯間
RPWNMLNJJHOFFCQ86CA,39,100.00,住家用,鋼筋混凝土加強磚造,68年9月13日,二層,一層 二層 電梯樓梯間
RPRNMLNLJHOFFDQ66CA,26,145.30,住家用,鋼筋混凝土造,81年11月26日,三層,一層 二層 三層 見其他登記事項
RPQNMLPJJHOFFDQ56CA,1,185.16,住家用,鋼筋混凝土構造,106年12月18日,四層,一層 二層 三層 四層 陽台
RPPNMLPJJHOFFDQ09CA,3,157.32,住宅、梯間,鋼筋混凝土,104年9月10日,三層,一層 二層 三層 陽台 見其他登記事項
RPQNMLMJJHOFFEQ98CA,23,173.01,住家用,鋼筋混凝土加強磚造,84年8月3日,三層,一層 二層 三層 電梯樓梯間
RPRNMLRJJHOFFDQ86CA,13,165.02,住商用,鋼筋混凝土造,94年9月5日,四層,一層 二層 三層 四層 陽台
RPVNMLLKJHOFFDQ86DA,41,92.13,住家用,鋼筋混凝土加強磚造,67年4月2日,二層,一層 二層
RPPNMLRJJHOFFDQ76DA,36,103.07,住家用,鋼筋混凝土加強磚造,72年6月1日,二層,一層 二層 電梯樓梯間
RPPNMLOJJHOFFDQ56EA,13,16.15,見其他登記事項,鋼筋混凝土造,94年8月15日,五層,一層
RPPNMLOJJHOFFDQ56EA,13,7.92,見其他登記事項,鋼筋混凝土造,94年8月15日,五層,
RPSNMLSJJHOFFDQ07CA,39,107.08,住家用,鋼筋混凝土加強磚造,68年6月30日,二層,一層 二層 騎樓 電梯樓梯間
RPRNMLTLJHOFFCQ17CA,,189.13,住宅、門廊,鋼筋混凝土造,107年9月4日,二層,一層 二層 見其他登記事項
RPPOMLSLJHOFFCQ96CA,24,241.77,農舍,鋼筋混凝土造,84年3月2日,三層,一層 二層 三層
RPTNMLLKJHOFFCQ09CA,26,85.07,住家用,鋼筋混凝土造,81年11月30日,五層,五層 陽台
RPTNMLLKJHOFFCQ09CA,26,8.68,共有部分,鋼筋混凝土造,81年11月30日,地下層,
RPTNMLLKJHOFFCQ09CA,26,6.94,共有部分,鋼筋混凝土造,81年11月30日,五層,
RPPNMLRJJHOFFCQ56CA,42,98.44,住家用,鋼筋混凝土加強磚造,66年2月15日,二層,一層 二層 騎樓
RPRNMLRJJHOFFBQ66CA,24,84.88,住家用,鋼筋混凝土造,83年9月10日,十三層,十三層 陽台
RPRNMLRJJHOFFBQ66CA,24,12.67,樓梯間,鋼筋混凝土造,83年9月10日,十三層,
RPRNMLRJJHOFFBQ66CA,24,6.34,防空避難室﹒停車空間,鋼筋混凝土造,83年9月10日,十三層,
RPOOMLSLJHOFFCQ86CA,24,92.92,集合住宅,鋼筋混凝土造,83年8月8日,十一層,十一層 陽台
RPOOMLSLJHOFFCQ86CA,24,15.71,共有部分,鋼筋混凝土造,83年8月8日,十一層,
RPOOMLSLJHOFFCQ86CA,24,19.30,共有部分,鋼筋混凝土造,83年8月8日,十一層,
RPWNMLLLJHOFFDQ96CA,24,96.08,集合住房,鋼筋混凝土造,83年10月12日,七層,五層 見其他登記事項
RPWNMLLLJHOFFDQ96CA,24,21.44,梯間,鋼筋混凝土造,83年10月12日,七層,
RPWNMLLLJHOFFDQ96CA,24,32.10,停車場、防空避難室,鋼筋混凝土造,83年10月12日,七層,
RPPNMLPKJHOFFBQ98CA,15,60.42,商業用,鋼筋混凝土造,92年8月21日,五層,一層
RPPNMLPKJHOFFBQ98CA,15,5.77,門廳、走道、梯間,鋼筋混凝土造,92年8月21日,五層,
RPTNMLRJJHOFFDQ07CA,29,133.39,住家用,鋼筋混凝土造,78年8月19日,三層,一層 二層 三層 電梯樓梯間
RPUNMLRJJHOFFDQ17CA,25,158.73,住家用,鋼筋混凝土造,83年2月15日,三層,一層 二層 三層 見其他登記事項
RPPNMLTJJHOFFEQ96CA,27,184.98,住家用,鋼筋混凝土造,80年10月4日,三層,一層 二層 三層 夾層
RPTNMLLKJHOFFDQ56CA,46,91.06,住家用,鋼筋混凝土加強磚造,62年3月20日,二層,一層 二層 電梯樓梯間
RPUNMLSJJHOFFCQ37EA,23,.43,共有部分,鋼筋混凝土造,85年2月9日,五層,
RPUNMLSJJHOFFCQ37EA,23,79.04,住宅．停車空間,鋼筋混凝土造,85年2月9日,五層,一層 二層 陽台
RPUNMLSJJHOFFCQ37EA,23,1.41,共有部分,鋼筋混凝土造,85年2月9日,五層,
RPUNMLSJJHOFFCQ37EA,23,1.41,共有部分,鋼筋混凝土造,85年2月9日,五層,
RPUNMLSJJHOFFCQ37EA,23,1.30,共有部分,鋼筋混凝土造,85年2月9日,五層,
RPSNMLRKJHOFFCQ96CA,,145.61,住家用,鋼筋混凝土造,107年9月4日,二層,一層 二層 見其他登記事項
RPTNMLRKJHOFFCQ07CA,,145.61,住家用,鋼筋混凝土造,107年9月4日,二層,一層 二層 見其他登記事項
RPTNMLPKJHOFFCQ86CA,,147.18,住家用,鋼筋混凝土造,107年9月4日,二層,一層 二層 見其他登記事項
RPTOMLKKJHOFFCQ09CA,,161.08,住宅、門廊,鋼筋混凝土造,107年9月4日,二層,一層 二層 見其他登記事項
RPTNMLPKJHOFFDQ96CA,38,98.88,住家用,鋼筋混凝土加強磚造,69年12月27日,二層,一層 二層 電梯樓梯間
RPPOMLPKJHOFFDQ66CA,1,203.57,停車空間、住宅、樓梯間,鋼筋混凝土造,107年5月17日,三層,一層 二層 三層 陽台 見其他登記事項
SPPNMLTJJHOFFBQ76CA,40,125.65,住家用,鋼筋混凝土加強磚造,68年4月26日,二層,一層 二層 騎樓
RPSNMLTJJHOFFBQ96CA,12,15.06,住家用,鋼筋混凝土造,95年8月28日,八層,四層 陽台
RPSNMLTJJHOFFBQ96CA,12,5.78,共有部分,鋼筋混凝土造,95年8月28日,,
RPSNMLTJJHOFFBQ96CA,12,4.20,共有部分,鋼筋混凝土造,95年8月28日,,
RPPNMLTJJHOFFBQ66CA,39,120.81,住家用,加強磚造,68年10月15日,二層,一層 二層
RPXNMLQKJHOFFCQ37CA,36,.25,集合住宅,鋼筋混凝土造,72年3月12日,五層,一層
RPXNMLQKJHOFFCQ37CA,36,.03,共有部分,鋼筋混凝土造,72年3月12日,五層,
RPXNMLQKJHOFFCQ37CA,36,7.98,共有部分,鋼筋混凝土造,72年3月12日,五層,
RPXNMLQKJHOFFCQ37CA,36,62.00,住家用,鋼筋混凝土造,72年3月12日,五層,五層
RPRNMLKKJHOFFCQ98EA,22,98.63,住家用,鋼筋混凝土造,85年11月15日,五層,四層 陽台
RPXNMLSLJHOFFCQ67CA,36,198.37,住商用,鋼筋混凝土加強磚造,71年7月5日,三層,一層 二層 三層 騎樓 電梯樓梯間
RPPOMLSLJHOFFDQ07CA,40,66.14,住家用,鋼筋混凝土加強磚造,67年7月15日,一層,一層
RPQNMLLKJHOFFEQ56EA,26,136.06,住商用,鋼筋混凝土造,82年3月9日,三層,一層 二層 三層 陽台 電梯樓梯間
RPQNMLNKJHOFFEQ56CA,23,112.20,住家用,鋼筋混凝土造,84年8月12日,二層,一層 二層 電梯樓梯間
RPROMLLLJHOFFDQ56CA,35,128.94,住家用,鋼筋混凝土加強磚造,73年2月11日,二層,一層 二層 騎樓 電梯樓梯間
RPVNMLQLJHOFFDQ37CA,12,168.10,住宅、梯間,鋼筋混凝土造,96年1月11日,三層,一層 二層 三層 雨遮 見其他登記事項
RPQNMLMLJHOFFBQ88CA,,186.13,Ｈ２住宅,鋼筋混凝土造,107年9月6日,四層,一層 二層 三層 四層 陽台
RPOOMLKKJHOFFCQ58CA,,192.68,住家用,鋼筋混凝土造,107年8月21日,三層,一層 二層 三層 見其他登記事項
RPQNMLLKJHOFFBQ68CA,1,214.74,住宅、梯間,鋼筋混凝土造,107年6月11日,三層,一層 二層 三層 陽台 屋頂突出物
RPQNMLOKJHOFFBQ98CA,31,303.36,住商用,鋼筋混凝土加強磚造,76年10月30日,二層,一層 二層 騎樓
RPQNMLOKJHOFFBQ98CA,31,299.62,住商用,鋼筋混凝土加強磚造,76年10月30日,二層,一層 二層 騎樓
RPQNMLMLJHOFFCQ98CA,24,168.77,住家用,鋼筋混凝土造,84年4月1日,三層,一層 二層 三層 電梯樓梯間 見其他登記事項
RPSNMLPKJHOFFCQ76CA,24,196.50,住家用,鋼筋混凝土造,83年9月8日,三層,一層 二層 三層 平台 電梯樓梯間 夾層 見其他登記事項
RPRNMLMKJHOFFCQ98CA,26,187.28,住家用,鋼筋混凝土造,81年12月24日,三層,一層 二層 三層 電梯樓梯間
RPOOMLOKJHOFFDQ09CA,12,174.95,住家用,鋼筋混凝土造,96年5月1日,四層,一層 二層 三層 四層 陽台 雨遮
RPPNMLOKJHOFFCQ09DA,24,160.32,住家用,鋼筋混凝土造,84年2月17日,三層,一層 二層 三層 平台 電梯樓梯間 見其他登記事項
RPQOMLQKJHOFFDQ86CA,23,352.80,見其他登記事項,鋼筋混凝土造,85年4月2日,一層,一層 地下層
RPQOMLQKJHOFFDQ86CA,29,327.47,工業用,鋼造,79年3月26日,一層,一層
RPQOMLQKJHOFFDQ86CA,31,2521.99,工業用,鋼造,76年7月3日,一層,一層
RPRNMLQKJHOFFDQ86CA,28,219.69,住家用,鋼筋混凝土造,80年4月25日,三層,一層 二層 三層
RPQOMLPKJHOFFDQ76CA,1,169.58,住宅、樓梯間,鋼筋混凝土造,107年5月17日,三層,一層 二層 三層 陽台 見其他登記事項
RPQNMLOKJHOFFDQ66DA,39,112.96,住家用,鋼筋混凝土加強磚造,69年1月26日,三層,一層 二層 三層 騎樓
RPQNMLLJKHOFFDQ88CA,37,65.32,住家用,鋼筋混凝土加強磚造,70年10月30日,一層,一層
RPVNMLKMJHOFFBQ66CA,39,311.64,商業用,見其他登記事項,69年1月15日,一層,一層
RPVNMLPKJHOFFDQ17CA,38,65.49,住家用,磚造,69年7月20日,一層,一層
RPSNMLMKJHOFFDQ56CA,5,169.23,農舍,鋼筋混凝土造,102年9月14日,一層,一層
RPPNMLOKJHOFFBQ88CA,23,191.60,住商用,鋼筋混凝土造,84年10月26日,三層,一層 二層 三層 陽台 電梯樓梯間
RPRNMLLLJHOFFCQ98CA,26,154.55,住商用,鋼筋混凝土造,81年6月30日,三層,一層 二層 三層 電梯樓梯間
RPWNMLPKJHOFFDQ27CA,42,102.78,住家用,鋼筋混凝土加強磚造,65年7月16日,二層,一層 二層 騎樓 電梯樓梯間
RPRNMLTKJHOFFDQ17CA,,173.73,住宅、樓梯間,鋼筋混凝土造,107年8月9日,三層,一層 二層 三層 陽台 見其他登記事項
RPPOMLLLJHOFFDQ98CA,18,168.73,住家用,鋼筋混凝土造,89年12月4日,四層,一層 二層 三層 四層 見其他登記事項
RPRNMLQKJHOFFEQ96CA,24,203.72,住家用,鋼筋混凝土造,84年2月3日,四層,一層 二層 三層 四層 見其他登記事項
RPTOMLOLJHOFFBQ86CA,1,195.98,住宅、樓梯間,鋼筋混凝土造,107年3月7日,三層,一層 二層 三層 見其他登記事項 見其他登記事項
RPQNMLPKJHOFFDQ76DA,37,65.32,住家用,鋼筋混凝土加強磚造,70年10月30日,一層,一層
RPPNMLSKJHOFFEQ07DA,17,222.15,住家用,鋼筋混凝土造,90年11月19日,三層,一層 二層 三層 電梯樓梯間
RPVNMLQKJHOFFCQ37EA,37,111.08,住商用,鋼筋混凝土加強磚造,70年12月31日,二層,一層 二層 騎樓 電梯樓梯間
RPRNMLRKJHOFFEQ07CA,1,153.66,住宅、室內停車空間、樓梯間,鋼筋混凝土造,106年12月21日,三層,一層 二層 三層 陽台 見其他登記事項
RPSOMLSKJHOFFDQ27CA,36,114.30,住家用,鋼筋混凝土加強磚造,72年3月15日,二層,一層 二層 騎樓 電梯樓梯間
RPROMLPKJHOFFDQ86CA,35,215.20,住家用,加強磚造,72年10月1日,三層,一層 二層 三層 陽台
RPXNMLTLJHOFFDQ87CA,1,168.23,住宅、樓梯間,鋼筋混凝土造,107年5月17日,三層,一層 二層 三層 陽台 見其他登記事項
RPWNMLRKJHOFFDQ47CA,24,238.14,住家用,鋼筋混凝土造,84年5月18日,四層,一層 二層 三層 四層 見其他登記事項
RPQOMLTLJHOFFDQ27CA,14,168.63,住家用,鋼筋混凝土造,93年9月16日,三層,一層 二層 三層 陽台
RPWNMLQKJHOFFDQ37CA,20,193.74,農舍,鋼筋混凝土加強磚造,87年11月18日,二層,一層 二層 電梯樓梯間
RPOOMLPKJHOFFDQ56CA,23,301.13,住商用,鋼筋混凝土造,85年3月22日,四層,一層 二層 三層 四層 陽台 電梯樓梯間
RPWNMLLLJHOFFCQ86CA,,80.60,住家用,鋼筋混凝土造,107年9月4日,二層,一層 二層 見其他登記事項
RPWNMLLLJHOFFCQ86CA,,80.60,住家用,鋼筋混凝土造,107年9月4日,二層,一層 二層 見其他登記事項
RPXNMLLLJHOFFCQ96CA,,128.92,住家用,鋼筋混凝土造,107年9月4日,二層,一層 二層 見其他登記事項
RPOOMLLLJHOFFCQ78CA,,72.35,住宅、門廊,鋼筋混凝土造,107年9月4日,二層,一層 二層 見其他登記事項
RPOOMLLLJHOFFCQ78CA,,72.35,住宅、門廊,鋼筋混凝土造,107年9月4日,二層,一層 二層 見其他登記事項
RPPOMLLLJHOFFCQ88CA,,152.38,住家用,鋼筋混凝土造,107年9月4日,二層,一層 二層 見其他登記事項
RPTNMLQKJHOFFCQ96CA,50,165.62,住家用,見其他登記事項,58年1月1日,一層,一層 騎樓
RPQNMLSKJHOFFBQ76CA,12,19.19,住家用,鋼筋混凝土造,95年8月28日,八層,七層 陽台
RPQNMLSKJHOFFBQ76CA,12,7.43,共有部分,鋼筋混凝土造,95年8月28日,,
RPQNMLSKJHOFFBQ76CA,12,4.60,共有部分,鋼筋混凝土造,95年8月28日,,
RPQNMLSKJHOFFBQ76CA,12,19.19,住家用,鋼筋混凝土造,95年8月28日,八層,七層 陽台
RPQNMLSKJHOFFBQ76CA,12,7.43,共有部分,鋼筋混凝土造,95年8月28日,,
RPQNMLSKJHOFFBQ76CA,12,4.60,共有部分,鋼筋混凝土造,95年8月28日,,
RPPNMLQKJHOFFEQ96EA,8,116.74,住房、樓梯間,鋼筋混凝土造,99年11月5日,三層,一層 二層 三層 陽台 屋頂突出物
RPVNMLTLJHOFFCQ57CA,35,80.12,住家用,鋼筋混凝土加強磚造,72年9月15日,二層,一層 二層
RPTNMLTKJHOFFCQ27CA,19,205.52,住商用,鋼筋混凝土造,88年11月25日,四層,一層 二層 三層 四層 見其他登記事項
RPVNMLKMJHOFFDQ86CA,10,589.03,店舖、住宅、停車空間,鋼筋混凝土造,97年8月4日,五層,一層 二層 三層 四層 五層 陽台 雨遮
RPQNMLLMJHOFFDQ09CA,24,165.58,住家用,鋼筋混凝土造,83年6月20日,四層,一層 二層 三層 四層 地下層 見其他登記事項
RPQNMLLMJHOFFDQ09CA,24,24.00,共有部分,鋼筋混凝土造,83年6月20日,,
RPSNMLLLJHOFFDQ56CA,16,133.71,住家用,鋼筋混凝土造,91年8月27日,三層,一層 二層 三層 見其他登記事項
RPUNMLLLJHOFFDQ76CA,39,87.92,住商用,鋼筋混凝土加強磚造,68年9月29日,二層,一層 二層 電梯樓梯間 夾層
RPPOMLSKJHOFFDQ96CA,38,150.61,住家用,鋼筋混凝土加強磚造,69年5月23日,二層,一層 二層 電梯樓梯間
RPROMLSKJHOFFDQ17CA,37,57.52,住家用,鋼筋混凝土加強磚造,70年12月25日,二層,一層 二層 電梯樓梯間
RPROMLSKJHOFFDQ17CA,37,57.52,住家用,鋼筋混凝土加強磚造,70年12月25日,二層,一層 二層 電梯樓梯間
RPQOMLKMJHOFFDQ09CA,18,143.14,住家用,鋼筋混凝土造,90年3月13日,三層,一層 二層 三層 見其他登記事項
RPPNMLTKJHOFFCQ86CA,37,82.40,住商用,鋼筋混凝土加強磚造,70年10月6日,二層,一層 二層
RPPNMLKLJHOFFCQ68CA,17,125.47,住家用,鋼筋混凝土造,91年1月14日,三層,一層 二層 三層 見其他登記事項
RPOOMLOLJHOFFBQ98CA,38,192.93,住商用,鋼筋混凝土加強磚造,69年8月1日,三層,一層 二層 三層 騎樓
RPUNMLSKJHOFFBQ17CA,44,104.00,住家用,鋼筋混凝土加強磚造,64年2月3日,二層,一層 二層
RPVNMLLJKHOFFBQ56CA,1,183.82,住家用,鋼筋混凝土造,106年9月4日,三層,一層 二層 三層
RPROMLLLJHOFFCQ09CA,17,209.16,住商用,鋼筋混凝土造,90年12月28日,四層,一層 二層 三層 四層 見其他登記事項
RPWNMLTKJHOFFCQ57CA,1,155.83,住宅、水塔,鋼筋混凝土造,106年8月11日,四層,一層 二層 三層 四層 見其他登記事項 見其他登記事項
RPWNMLTKJHOFFCQ57CA,1,155.83,住宅、水塔,鋼筋混凝土造,106年8月11日,四層,一層 二層 三層 四層 見其他登記事項 見其他登記事項
RPQNMLSKJHOFFEQ17DA,37,220.72,住家用,鋼筋混凝土加強磚造,71年1月8日,三層,一層 二層 三層 騎樓 電梯樓梯間
RPSNMLPLJHOFFCQ86CA,23,445.50,工業用,鋼造,85年3月31日,一層,一層
RPUNMLSLJHOFFCQ37CA,,189.73,住宅、樓梯間,鋼筋混凝土造,107年6月15日,三層,一層 二層 三層 見其他登記事項 見其他登記事項
RPQOMLSLJHOFFCQ07CA,37,96.98,住家用,鋼筋混凝土加強磚造,70年12月29日,二層,一層 二層 陽台
RPVNMLSLJHOFFCQ47CA,,197.90,住宅、樓梯間,鋼筋混凝土造,107年6月15日,三層,一層 二層 三層 見其他登記事項 見其他登記事項
RPWNMLSLJHOFFCQ57CA,,159.38,住家用,鋼筋混凝土造,107年6月15日,三層,一層 二層 三層 見其他登記事項
RPXOMLTLJHOFFDQ97CA,23,168.83,健身房、住房,鋼筋混凝土造,85年3月22日,四層,一層 二層 三層 四層 陽台 平台
RPSNMLQLJHOFFDQ07CA,22,87.25,集合住宅,鋼筋混凝土造,85年10月11日,五層,二層 陽台
RPSNMLQLJHOFFDQ07CA,22,14.15,樓梯間,鋼筋混凝土造,85年10月11日,五層,
RPSNMLQLJHOFFDQ07CA,22,29.38,警衛室、一樓停車空間、法定停車場,鋼筋混凝土造,85年10月11日,五層,
RPQNMLKLJHOFFDQ88CA,28,61.78,住家用,鋼筋混凝土造,79年6月30日,三層,一層 二層 三層 電梯樓梯間
RPQNMLKLJHOFFDQ88CA,28,61.78,住家用,鋼筋混凝土造,79年6月30日,三層,一層 二層 三層 電梯樓梯間
RPQOMLLMJHOFFDQ56CA,18,151.20,住商用,鋼筋混凝土造,90年2月7日,三層,一層 二層 三層 見其他登記事項
RPQOMLLJKHOFFDQ98CA,12,.27,機械室、樓梯間,鋼筋混凝土造,95年7月18日,一層,地下層
RPQOMLLJKHOFFDQ98CA,12,.65,機械室、樓梯間、垃圾處理場、管理中心,鋼筋混凝土造,95年7月18日,三層,一層 二層 三層 地下層 見其他登記事項
RPQOMLLJKHOFFDQ98CA,12,.48,機械室、樓梯間、開放空間、交誼室,鋼筋混凝土造,95年7月18日,四層,一層 二層 三層 四層 地下層 見其他登記事項
RPQOMLLJKHOFFDQ98CA,6,274.21,集合住宅,鋼筋混凝土造,101年8月29日,四層,一層 二層 三層 四層 陽台
RPUNMLPLJHOFFCQ07CA,33,116.81,住商用,鋼筋混凝土加強磚造,74年6月11日,二層,一層 二層 電梯樓梯間
RPPNMLNLJHOFFCQ98CA,7,227.79,住家用,鋼筋混凝土造,100年8月5日,三層,一層 二層 三層 電梯樓梯間 見其他登記事項
RPPNMLLLJHOFFCQ78CA,40,103.06,住家用,鋼筋混凝土加強磚造,67年7月10日,二層,一層 二層
RPVNMLOLJHOFFDQ17CA,37,72.63,住家用,磚造,71年5月12日,一層,一層
RPXNMLOLJHOFFDQ37CA,19,628.34,晒場、倉庫、管理室,鋼造,88年12月30日,一層,一層
RPXNMLOLJHOFFDQ37CA,51,110.25,住家用,雜木造,57年1月31日,一層,一層
RPRNMLQLJHOFFDQ96CA,41,71.85,住家用,磚造,66年7月1日,一層,一層
RPRNMLMLJHOFFDQ56CA,35,147.93,住商用,鋼筋混凝土加強磚造,72年9月16日,三層,一層 二層 三層 電梯樓梯間
RPTNMLOLJHOFFDQ96CA,10,557.00,店舖、住宅、停車空間,鋼筋混凝土造,97年8月4日,五層,一層 二層 三層 四層 五層 陽台 雨遮
RPPNMLPLJHOFFDQ76DA,38,94.62,住商用,鋼筋混凝土加強磚造,70年4月2日,二層,一層 二層 騎樓 電梯樓梯間
RPQNMLSKKHOFFEQ37EA,2,403.18,住宅、梯間,鋼筋混凝土造,106年6月8日,四層,一層 二層 三層 四層 陽台 屋頂突出物
RPQNMLLLKHOFFDQ09CA,24,75.24,農舍,鋼筋混凝土加強磚造,83年10月13日,一層,一層
RPRNMLOLJHOFFDQ76CA,24,198.57,住家用,鋼筋混凝土造,84年5月18日,四層,一層 二層 三層 四層 見其他登記事項
RPQNMLMKKHOFFCQ09DA,26,85.07,住家用,鋼筋混凝土造,81年11月30日,五層,五層 陽台
RPQNMLMKKHOFFCQ09DA,26,8.68,共有部分,鋼筋混凝土造,81年11月30日,地下層,
RPQNMLMKKHOFFCQ09DA,26,6.94,共有部分,鋼筋混凝土造,81年11月30日,五層,
RPRNMLRKKHOFFDQ07CA,37,34.38,住家用,磚造,70年7月31日,一層,一層
RPSNMLPLJHOFFDQ96CA,5,157.14,集合住宅,鋼筋混凝土造,102年12月30日,三層,一層 二層 三層 陽台
RPWNMLOLJHOFFDQ27CA,40,118.81,住家用,鋼筋混凝土加強磚造,67年7月14日,二層,一層 二層
RPPNMLRLJHOFFDQ86CA,1,160.86,住家用,鋼筋混凝土造,107年5月17日,三層,一層 二層 三層 陽台 見其他登記事項
RPQNMLKMJHOFFDQ98CA,39,131.56,住家用,鋼筋混凝土加強磚造,69年3月18日,二層,一層 二層 見其他登記事項
RPTNMLTLJHOFFBQ27CA,23,259.29,住商用,鐵骨造,84年9月19日,一層,一層 騎樓
RPPNMLOLJHOFFBQ98CA,13,16.18,住家用,鋼筋混凝土造,94年10月3日,十層,四層 陽台
RPPNMLOLJHOFFBQ98CA,13,.10,管理委員會使用空間,鋼筋混凝土造,94年10月3日,十層,
RPPNMLOLJHOFFBQ98CA,13,8.53,機電設備空間、停車空間、樓梯間、走廊、機械室、水塔,鋼筋混凝土造,94年10月3日,十層,
RPTNMLOLJHOFFCQ86CA,3,232.71,店舖、住宅,鋼筋混凝土造,104年9月4日,四層,一層 二層 三層 四層 見其他登記事項
RPPNMLRKKHOFFBQ66CA,22,92.00,住家用,鋼筋混凝土造,85年8月15日,十四層,五層 陽台
RPUNMLNLJHOFFCQ86CA,17,125.47,住家用,鋼筋混凝土造,91年1月14日,三層,一層 二層 三層 見其他登記事項
RPRNMLKMJHOFFDQ09CA,23,84.00,住家用,鋼筋混凝土造,84年10月4日,五層,二層 陽台
RPRNMLKMJHOFFDQ09CA,23,16.88,梯間、机械房、水箱,鋼筋混凝土造,84年10月4日,五層,
RPPNMLOLJHOFFEQ76DA,37,113.32,住家用,鋼筋混凝土加強磚造,70年12月29日,二層,一層 二層 騎樓 電梯樓梯間
RPRNMLLKKHOFFCQ98CA,46,54.90,住家用,磚造,61年8月15日,一層,一層
RPQNMLTLJHOFFEQ27CA,23,173.30,住家用,鋼筋混凝土造,84年8月30日,四層,一層 二層 三層 四層 陽台 平台
RPQNMLOLJHOFFDQ66CA,1,185.16,住家用,鋼筋混凝土構造,106年12月18日,四層,一層 二層 三層 四層 陽台
RPTNMLPLJHOFFDQ07CA,38,103.12,住商用,鋼筋混凝土加強磚造,70年5月1日,二層,一層 二層 騎樓 電梯樓梯間
RPROMLKMJHOFFDQ56CA,42,70.08,住家用,鋼筋混凝土加強磚造,66年2月3日,二層,一層 二層
RPVNMLPLJHOFFDQ27CA,13,16.15,見其他登記事項,鋼筋混凝土造,94年8月15日,五層,三層
RPVNMLPLJHOFFDQ27CA,13,7.19,見其他登記事項,鋼筋混凝土造,94年8月15日,五層,
RPWNMLPLJHOFFDQ37CA,13,16.15,見其他登記事項,鋼筋混凝土造,94年8月15日,五層,一層
RPWNMLPLJHOFFDQ37CA,13,7.19,見其他登記事項,鋼筋混凝土造,94年8月15日,五層,
RPSOMLKMJHOFFDQ66CA,13,230.72,住家用,鋼筋混凝土造,95年1月13日,四層,一層 二層 三層 四層 陽台
RPUNMLPLJHOFFDQ17CA,13,15.37,見其他登記事項,鋼筋混凝土造,94年8月15日,五層,三層
RPUNMLPLJHOFFDQ17CA,13,6.84,見其他登記事項,鋼筋混凝土造,94年8月15日,五層,
RPQOMLOLJHOFFBQ56CA,25,114.01,住商用,鋼筋混凝土造,82年8月4日,三層,一層 二層 三層
RPPNMLSLJHOFFCQ86CA,42,85.79,住家用,鋼筋混凝土加強磚造,65年10月1日,二層,一層 二層 浴廁
RPUNMLKMJHOFFBQ56CA,38,83.78,住商用,見其他登記事項,69年1月15日,二層,一層 二層
RPVNMLTLJHOFFBQ47CA,4,420.35,集合住宅,鋼筋混凝土造,104年1月6日,三層,一層 二層 三層 陽台
RPVNMLTLJHOFFBQ47CA,4,1.00,社區管理室,鋼筋混凝土造,104年1月6日,一層,一層
RPUNMLTLJHOFFBQ37CA,2,202.87,住宅、停車空間,鋼筋混凝土造,106年6月7日,四層,一層 二層 三層 四層 見其他登記事項
RPRNMLOKKHOFFCQ66CA,38,101.10,住家用,鋼筋混凝土加強磚造,70年2月12日,二層,一層 二層 電梯樓梯間
RPQNMLSLJHOFFCQ96CA,,94.31,住商用,竹造,,一層,一層 騎樓
RPTNMLSLJHOFFCQ27CA,38,102.58,住家用,鋼筋混凝土加強磚造,70年2月10日,二層,一層 二層 騎樓 電梯樓梯間
RPPNMLTLJHOFFCQ96CA,39,123.77,住商用,鋼筋混凝土加強磚造,68年8月15日,二層,一層 二層 騎樓 電梯樓梯間
RPTNMLTKKHOFFDQ47CA,5,178.43,住家用,鋼筋混凝土造,102年11月1日,四層,一層 二層 三層 四層 見其他登記事項
RPXNMLPLJHOFFDQ47CA,13,16.15,見其他登記事項,鋼筋混凝土造,94年8月15日,五層,一層
RPXNMLPLJHOFFDQ47CA,13,7.19,見其他登記事項,鋼筋混凝土造,94年8月15日,五層,
RPRNMLLMJHOFFDQ66DA,26,228.95,住家用,鋼筋混凝土造,81年11月26日,三層,一層 二層 三層 電梯樓梯間
RPQNMLTLJHOFFDQ27DA,41,99.20,住商用,鋼筋混凝土加強磚造,67年3月10日,二層,一層 二層 騎樓
RPQOMLSLJHOFFDQ27DA,21,205.14,住家用,鋼筋混凝土造,86年12月26日,四層,一層 二層 三層 四層
RPTNMLTLJHOFFDQ47CA,14,19.59,見其他登記事項,鋼筋混凝土造,94年2月4日,五層,四層
RPTNMLTLJHOFFDQ47CA,14,7.22,見其他登記事項,鋼筋混凝土造,94年2月4日,五層,
SPTNMLTLJHOFFDQ57CA,14,19.73,見其他登記事項,鋼筋混凝土造,94年2月4日,五層,四層
SPTNMLTLJHOFFDQ57CA,14,7.22,見其他登記事項,鋼筋混凝土造,94年2月4日,五層,
RPPNMLTLJHOFFDQ07CA,41,101.63,住商用,鋼筋混凝土加強磚造,67年3月10日,二層,一層 二層 騎樓
RPSNMLQKKHOFFCQ96CA,37,61.43,住家用,鋼筋混凝土加強磚造,70年12月16日,一層,一層
RPRNMLTLJHOFFBQ07CA,1,209.27,住宅、梯間、門廊,鋼筋混凝土造,107年6月11日,三層,一層 二層 三層 陽台 屋頂突出物
RPTNMLLMJHOFFBQ56CA,25,234.73,住家用,鋼筋混凝土造,80年8月17日,三層,一層 二層 三層 電梯樓梯間
RPSNMLTKKHOFFCQ47EA,25,151.91,住家用,鋼筋混凝土造,82年6月29日,三層,一層 二層 三層 電梯樓梯間
RPQNMLLKKHOFFBQ78CA,4,294.25,集合住宅,鋼筋混凝土造,103年10月24日,三層,一層 二層 三層 陽台
RPQNMLLKKHOFFBQ78CA,4,1.00,社區管理室,鋼筋混凝土造,104年1月6日,一層,一層
RPPNMLQKKHOFFCQ66CA,20,201.53,住宅、儲藏室,鋼筋混凝土造,88年4月15日,四層,一層 二層 三層 四層 電梯樓梯間 見其他登記事項
RPQNMLMJKHOFFCQ88CA,,152.38,住家用,鋼筋混凝土造,107年9月4日,二層,一層 二層 見其他登記事項
RPSNMLMJKHOFFCQ09CA,,147.18,住家用,鋼筋混凝土造,107年9月4日,二層,一層 二層 見其他登記事項
SPSNMLMJKHOFFCQ56CA,,147.18,住家用,鋼筋混凝土造,107年9月4日,二層,一層 二層 見其他登記事項
RPRNMLMJKHOFFCQ98CA,,72.80,住家用,鋼筋混凝土造,107年9月4日,二層,一層 二層 見其他登記事項
RPRNMLMJKHOFFCQ98CA,,72.80,住家用,鋼筋混凝土造,107年9月4日,二層,一層 二層 見其他登記事項
TPSNMLMJKHOFFCQ66CA,,150.53,住家用,鋼筋混凝土造,107年9月4日,二層,一層 二層 見其他登記事項
RPRNMLKMJHOFFCQ98CA,,192.68,住家用,鋼筋混凝土造,107年8月21日,三層,一層 二層 三層 見其他登記事項
RPWNMLTLJHOFFCQ67CA,13,204.19,住家用,鋼筋混凝土造,94年12月1日,四層,一層 二層 三層 四層 見其他登記事項
RPOOMLKMJHOFFDQ88CA,26,153.40,農舍,鐵造,82年4月2日,一層,一層
RPTNMLLJKHOFFDQ56CA,32,94.67,住商用,鋼筋混凝土加強磚造,76年5月19日,二層,一層 二層 電梯樓梯間
RPXNMLLMJHOFFDQ17CA,23,187.78,住房、停車空間,鋼筋混凝土造,85年3月12日,五層,一層 二層 三層 四層 五層 見其他登記事項
RPWNMLKMJHOFFBQ86DA,37,100.35,住家用,鋼筋混凝土加強磚造,71年2月26日,三層,一層 二層 三層
RPSNMLLMJHOFFDQ76DA,37,91.80,住家用,鋼筋混凝土加強磚造,70年12月28日,二層,一層 二層 騎樓 電梯樓梯間
RPTNMLLMJHOFFDQ76CA,16,181.56,店舖、集合住宅,鋼筋混凝土造,91年12月26日,四層,一層 二層 三層 四層 見其他登記事項
RPROMLLMJHOFFDQ66CA,38,94.58,住家用,鋼筋混凝土加強磚造,69年7月1日,二層,一層 二層
RPWNMLLMJHOFFDQ17DA,13,16.15,見其他登記事項,鋼筋混凝土造,94年8月15日,五層,三層
RPWNMLLMJHOFFDQ17DA,13,7.19,見其他登記事項,鋼筋混凝土造,94年8月15日,五層,
RPVNMLLMJHOFFDQ07DA,13,16.15,見其他登記事項,鋼筋混凝土造,94年8月15日,五層,三層
RPVNMLLMJHOFFDQ07DA,13,7.19,見其他登記事項,鋼筋混凝土造,94年8月15日,五層,
RPVNMLLMJHOFFDQ07DA,13,16.15,見其他登記事項,鋼筋混凝土造,94年8月15日,五層,三層
RPVNMLLMJHOFFDQ07DA,13,7.19,見其他登記事項,鋼筋混凝土造,94年8月15日,五層,
RPUNMLLMJHOFFCQ76CA,16,99.84,集合住宅,鋼筋混凝土造,91年7月25日,五層,五層 陽台 雨遮
RPUNMLLMJHOFFCQ76CA,16,11.69,梯間、機械室、水箱,鋼筋混凝土造,91年7月25日,五層,
RPUNMLLMJHOFFCQ76CA,16,.68,蓄水池,鋼筋混凝土造,91年7月25日,五層,
RPPNMLLKKHOFFDQ88CA,34,78.52,住家用,鋼筋混凝土加強磚造,74年4月20日,二層,一層 二層 電梯樓梯間
RPPNMLMJKHOFFCQ78CA,26,102.92,住家用,鋼筋混凝土造,82年2月17日,五層,五層 陽台
RPPNMLKLKHOFFEQ98CA,28,292.02,住商用,鋼筋混凝土造,80年4月23日,四層,一層 二層 三層 四層
RPXNMLKMJHOFFBQ86CA,37,123.32,住商用,鋼筋混凝土加強磚造,70年12月15日,二層,一層 二層 電梯樓梯間
RPPNMLSKKHOFFEQ07CA,36,55.80,住家用,鋼筋混凝土加強磚造,71年6月7日,一層,一層
RPPOMLKLKHOFFBQ78CA,12,19.19,住家用,鋼筋混凝土造,95年8月28日,八層,八層 陽台
RPPOMLKLKHOFFBQ78CA,12,7.43,共有部分,鋼筋混凝土造,95年8月28日,,
RPPOMLKLKHOFFBQ78CA,12,4.60,共有部分,鋼筋混凝土造,95年8月28日,,
RPQNMLOKKHOFFCQ56CA,29,151.44,住家用,鋼筋混凝土加強磚造,79年6月5日,二層,一層 二層 電梯樓梯間 夾層
RPPNMLMJKHOFFDQ88CA,26,166.16,住商用,鋼筋混凝土造,82年5月15日,四層,一層 二層 三層 四層 見其他登記事項
RPRNMLMKKHOFFEQ66CA,35,363.76,住家用,鋼筋混凝土加強磚造,72年11月28日,二層,一層 二層 騎樓 電梯樓梯間
RPSNMLLKKHOFFDQ66DA,38,68.20,住家用,磚造,70年6月15日,一層,一層
RPQNMLKLKHOFFCQ88CA,16,99.84,集合住宅,鋼筋混凝土造,91年7月25日,五層,四層 陽台 雨遮
RPQNMLKLKHOFFCQ88CA,16,12.64,梯間、機械室、水箱,鋼筋混凝土造,91年7月25日,五層,
RPQNMLOLKHOFFCQ66CA,37,126.02,住商用,鋼筋混凝土加強磚造,70年10月12日,二層,一層 二層 騎樓 電梯樓梯間
RPQNMLKLKHOFFCQ88CA,16,.60,蓄水池,鋼筋混凝土造,91年7月25日,五層,
RPRNMLKLKHOFFCQ98CA,16,98.12,集合住宅,鋼筋混凝土造,91年7月25日,五層,一層 陽台 雨遮
RPRNMLKLKHOFFCQ98CA,16,11.69,梯間、機械室、水箱,鋼筋混凝土造,91年7月25日,五層,
RPRNMLKLKHOFFCQ98CA,16,.68,蓄水池,鋼筋混凝土造,91年7月25日,五層,
