﻿編號,屋齡,建物移轉面積平方公尺,主要用途,主要建材,建築完成日期,總層數,建物分層
The serial number,room age,building shifting area square meter,the main use,main building materials,construction completes the date,total layer,building lamination
RPOPMLNKJINFFAU56CA,2,268.38,住家用,鋼筋混凝土造,105年5月23日,三層,一層 二層 三層 陽台
RPPOMLNKJINFFAU56CA,13,189.47,住家用,鋼筋混凝土造,94年12月20日,四層,一層 二層 三層 四層 陽台
RPSOMLNKJINFFAU86CA,14,226.84,住家用,鋼筋混凝土造,93年12月14日,四層,一層 二層 三層 四層 陽台 屋頂突出物
RPVOMLNJKINFFAU17CA,27,129.55,住家用,鋼筋混凝土造,80年9月10日,四層,四層 陽台
RPVOMLNJKINFFAU17CA,27,18.01,共有部份,鋼筋混凝土造,80年9月10日,四層,
RPPPMLOKJINFFAU76CA,36,60.18,住家用,鋼筋混凝土造,72年1月7日,四層,二層
RPPPMLOKJINFFAU76CA,36,13.20,共有部份,鋼筋混凝土造,72年1月7日,四層,
RPROMLNKJINFFAU76CA,24,26.20,住家用,鋼筋混凝土造,83年11月15日,十二層,三層
RPROMLNKJINFFAU76CA,24,8.47,共有部份,鋼筋混凝土造,83年11月15日,十二層,
RPROMLNKJINFFAU76CA,24,4.38,共有部份,鋼筋混凝土造,83年11月15日,十二層,
RPSNMLQJKINFFAU07CA,18,129.66,住家用,鋼筋混凝土造,89年5月9日,六層,一層 二層 陽台 騎樓
RPSNMLQJKINFFAU07CA,18,47.23,共有部份,鋼筋混凝土造,89年5月9日,六層,
RPPNMLPJKINFFCU86CA,,264.67,住家用,鋼筋混凝土造,107年9月10日,四層,一層 二層 三層 四層 陽台
RPWNMLOKJINFFAU37DA,40,98.76,住商用,鋼筋混凝土加強磚造,67年5月29日,二層,一層 二層 陽台 騎樓
RPSOMLSLJINFFAU47CA,23,60.27,住家用,鋼筋混凝土造,84年8月11日,五層,三層 陽台 花台
RPSOMLSLJINFFAU47CA,23,7.22,共有部份,鋼筋混凝土造,84年8月11日,五層,
RPSNMLTKJINFFAU37CA,2,393.99,住家用,鋼筋混凝土造,105年5月4日,三層,一層 二層 三層 陽台 屋頂突出物 騎樓 見其他登記事項
RPQPMLOKJINFFAU86CA,16,281.50,住商用,鋼筋混凝土造,91年9月3日,三層,一層 二層 三層 陽台 見其他登記事項
RPQPMLOKJINFFAU86CA,16,281.51,住商用,鋼筋混凝土造,91年9月3日,三層,一層 二層 三層 陽台 見其他登記事項
RPQNMLLLJINFFCU66CA,32,106.80,住商用,鋼筋混凝土加強磚造,75年5月20日,二層,一層 二層 騎樓
RPTOMLNKJINFFAU96CA,41,130.50,住商用,鋼筋混凝土加強磚造,67年4月13日,二層,一層 二層 騎樓
RPUNMLPKJINFFAU17CA,8,203.31,住家用,鋼筋混凝土造,99年9月9日,三層,一層 二層 三層 陽台 屋頂突出物
RPOOMLPKJINFFAU66CA,24,146.12,住家用,鋼筋混凝土造,83年5月18日,七層,六層 七層 陽台
RPOOMLPKJINFFAU66CA,24,36.30,共有部份,鋼筋混凝土造,83年5月18日,七層,
RPSOMLOKJINFFAU96CA,9,193.56,住家用,鋼筋混凝土造,99年3月17日,三層,一層 二層 三層 陽台 雨遮 見其他登記事項
RPUOMLOKJINFFAU17CA,,138.30,商業用,,,二層,一層 二層
RPXOMLQKJINFFAU67CA,25,20.32,住家用,鋼筋混凝土造,82年6月23日,七層,七層 陽台
RPXOMLQKJINFFAU67CA,25,8.13,共有部份,鋼筋混凝土造,82年6月22日,七層,
RPXNMLQKJINFFAU57CA,45,77.00,住家用,鋼筋混凝土加強磚造,62年7月27日,一層,一層
RPOOMLKLJINFFAU88CA,5,220.46,住家用,鋼筋混凝土造,102年9月5日,三層,一層 二層 三層 陽台 屋頂突出物 見其他登記事項
RPPOMLKLJINFFAU98CA,21,149.51,住家用,鋼筋混凝土造,86年11月13日,三層,一層 二層 三層 陽台 平台
RPQNMLLLJINFFAU09CA,10,185.18,住家用,鋼筋混凝土造,97年10月9日,四層,一層 二層 三層 四層 陽台
RPRNMLTKJINFFAU27CA,23,181.30,住商用,鋼筋混凝土造,85年3月9日,七層,一層 二層 三層 陽台 騎樓
RPUNMLQLJINFFAU37CA,25,49.16,住家用,鋼筋混凝土造,82年12月16日,五層,五層 陽台
RPRNMLTKJINFFAU27CA,23,34.69,共有部份,鋼筋混凝土造,85年3月9日,七層,
RPUNMLQLJINFFAU37CA,25,7.87,共有部份,鋼筋混凝土造,82年12月16日,五層,
RPRNMLTKJINFFAU27CA,23,112.50,停車空間,鋼筋混凝土造,85年3月9日,七層,
RPXOMLPKJINFFAU57CA,35,106.44,住家用,鋼筋混凝土加強磚造,72年5月31日,二層,一層 二層
RPTOMLOKJINFFAU07CA,,23.00,集合住宅,鋼筋混凝土造,107年6月22日,五層,四層 陽台
RPTOMLOKJINFFAU07CA,,15.30,共有部份,鋼筋混凝土造,107年6月22日,五層,
RPTOMLOKJINFFAU07CA,,23.00,集合住宅,鋼筋混凝土造,107年6月22日,五層,四層 陽台
RPTOMLOKJINFFAU07CA,,15.30,共有部份,鋼筋混凝土造,107年6月22日,五層,
RPTOMLOKJINFFAU07CA,,21.86,集合住宅,鋼筋混凝土造,107年6月22日,五層,四層 陽台
RPTOMLOKJINFFAU07CA,,15.30,共有部份,鋼筋混凝土造,107年6月22日,五層,
RPTOMLOKJINFFAU07CA,,21.86,集合住宅,鋼筋混凝土造,107年6月22日,五層,四層 陽台
RPTOMLOKJINFFAU07CA,,15.30,共有部份,鋼筋混凝土造,107年6月22日,五層,
RPPOMLPKJINFFAU76CA,48,50.21,住家用,木石磚造、加強磚造,,一層,一層
RPRPMLOKJINFFAU96CA,,119.96,住商用,鋼筋混凝土加強磚造,,二層,一層 二層 屋頂突出物 騎樓
RPUNMLTKJINFFAU57CA,,18.30,住家用,木造,,一層,一層
RPVNMLQKJINFFAU37CA,50,92.76,住家用,鋼筋混凝土加強磚造,58年4月5日,二層,一層 二層 騎樓
RPPNMLQKJINFFCU96CA,,260.25,住家用,鋼筋混凝土造,107年9月10日,四層,一層 二層 三層 四層 陽台
RPTNMLTLJINFFAU57CA,,17.69,住家用,蓋瓦木造,,一層,一層
RPTNMLQKJINFFAU17CA,2,155.12,住家用,鋼筋混凝土造,105年10月11日,九層,七層 陽台
RPTNMLQKJINFFAU17CA,2,49.01,共有部份（機電室、電梯間、管理室、樓梯間、騎樓）,鋼筋混凝土造,105年10月11日,九層,
RPTNMLQKJINFFAU17CA,2,14.01,共有部份,鋼筋混凝土造,105年10月11日,九層,
RPUNMLQKJINFFAU27CA,39,109.08,住商用,鋼筋混凝土加強磚造,68年8月9日,二層,一層 二層 騎樓
RPWNMLTKJINFFAU77CA,18,91.30,住家用,鋼筋混凝土造,89年8月7日,十二層,三層 陽台 花台 雨遮
RPWNMLTKJINFFAU77CA,18,23.59,共有部份,鋼筋混凝土造,89年8月7日,十五層,
RPWNMLTKJINFFAU77CA,18,.78,共有部份,鋼筋混凝土造,89年8月7日,十五層,
RPWNMLTKJINFFAU77CA,18,15.41,共有部份,鋼筋混凝土造,89年8月7日,十二層,
RPVNMLTKJINFFAU67CA,2,33.63,共有部份,鋼筋混凝土造,106年2月2日,七層,
RPVNMLTKJINFFAU67CA,2,73.65,住家用,鋼筋混凝土造,106年2月2日,七層,四層 陽台
RPVNMLTKJINFFAU67CA,2,12.75,共有部份（停車空間）,鋼筋混凝土造,106年2月2日,七層,
RPPNMLTKJINFFAU07CA,1,183.88,住家用,鋼筋混凝土造,106年8月23日,三層,一層 二層 三層 陽台 屋頂突出物
RPXNMLTKJINFFAU87CA,11,240.84,農舍,鋼筋混凝土造,97年4月28日,三層,一層 二層 三層 陽台
RPSNMLRLJINFFAU27CA,3,94.59,住家用,鋼筋混凝土造,104年5月7日,二層,一層 二層 陽台 屋頂突出物
RPRNMLMLJINFFAU66CA,29,30.82,住家用,鋼筋混凝土造,78年11月4日,六層,三層 陽台
RPRNMLMLJINFFAU66CA,29,9.05,共有部份,鋼筋混凝土造,78年11月4日,六層,
RPQNMLQLJINFFAU96CA,19,19.16,住家用,鋼筋混凝土造,88年11月25日,六層,一層 平台
RPQNMLQLJINFFAU96CA,19,16.08,共有部份,鋼筋混凝土造,88年11月25日,六層,
RPPOMLNLJINFFAU66CA,23,45.99,住家用,鋼筋混凝土造,84年9月19日,六層,三層 陽台
RPPOMLNLJINFFAU66CA,23,19.43,共有部份,鋼筋混凝土造,84年9月19日,六層,
RPOOMLTKJINFFAU07CA,24,30.89,住家用,鋼筋混凝土造,83年8月11日,八層,七層 陽台
RPOOMLTKJINFFAU07CA,24,13.90,共有部份,鋼筋混凝土造,83年8月11日,八層,
RPPOMLTKJINFFAU17CA,36,91.92,住家用,鋼筋混凝土加強磚造,71年5月1日,二層,一層 二層
RPQOMLTKJINFFAU27CA,2,272.48,住家用,鋼筋混凝土造,106年2月3日,四層,一層 二層 三層 四層 陽台
RPSOMLTKJINFFAU47CA,41,102.30,住商用,鋼筋混凝土加強磚造,67年3月17日,二層,一層 二層 騎樓
RPPNMLKLJINFFAU88CA,9,181.69,住家用,鋼筋混凝土造,98年8月31日,四層,一層 二層 三層 四層 陽台
RPWNMLQKJINFFAU47CA,48,71.12,住家用,木造,59年12月1日,一層,一層
RPSNMLQKJINFFAU07CA,,1720.31,住商用,鋼筋混凝土加強磚造,,三層,一層 二層 三層 騎樓
RPSNMLQKJINFFAU07CA,,113.29,工業用,鋼筋混凝土加強磚造,,一層,一層 浴廁
RPPNMLLLJINFFBU09CA,32,119.20,住商用,鋼筋混凝土加強磚造,75年12月23日,二層,一層 二層 屋頂突出物 騎樓
RPPNMLKLJINFFCU09CA,,251.10,住家用,鋼筋混凝土造,107年10月3日,四層,一層 二層 三層 四層 陽台
RPUNMLKLJINFFAU76CA,34,99.10,住家用,鋼筋混凝土加強磚造,73年5月25日,二層,一層 二層
RPRNMLQLJINFFAU07CA,24,27.43,住家用,鋼筋混凝土造,83年4月14日,六層,五層 陽台
RPRNMLQLJINFFAU07CA,24,7.93,共有部份,鋼筋混凝土造,83年4月14日,六層,
RPQOMLKLJINFFAU09CA,19,120.96,住家用,鋼筋混凝土造,88年4月14日,五層,二層 陽台 雨遮
RPQOMLKLJINFFAU09CA,19,8.26,共有部份,鋼筋混凝土造,88年4月14日,五層,
RPQOMLKLJINFFAU09CA,19,12.91,共有部份,鋼筋混凝土造,88年4月14日,五層,
RPROMLKLJINFFAU56CA,42,78.94,住商用,鋼筋混凝土加強磚造,66年4月4日,二層,一層 二層 騎樓
RPSNMLTKKINFFAU47CA,37,94.20,住家用,鋼筋混凝土造,70年12月31日,五層,四層
RPSNMLTKKINFFAU47CA,37,658.04,共有部份,鋼筋混凝土造,70年12月31日,五層,
RPQNMLNJKINFFAU56CA,4,313.82,住家用,鋼筋混凝土造,103年7月24日,四層,一層 二層 三層 四層 陽台
RPQNMLNJKINFFAU56CA,4,2.55,住家用,鋼筋混凝土造,103年7月24日,二層,一層 二層
RPUNMLKKKINFFAU76CA,32,117.30,住家用,鋼筋混凝土造,75年4月2日,五層,四層 陽台
RPUNMLKKKINFFAU76CA,32,14.79,共有部份,鋼筋混凝土造,75年4月2日,五層,
RPUNMLKKKINFFAU76CA,32,7.70,共有部份,鋼筋混凝土造,75年4月2日,五層,
RPSNMLMLJINFFAU76CA,38,73.38,住家用,鋼筋混凝土加強磚造,69年9月17日,二層,一層 二層
RPUNMLSLJINFFAU57CA,21,79.10,住家用,鋼筋混凝土造,87年4月3日,十層,三層 陽台
RPUNMLSLJINFFAU57CA,21,11.42,共有部份,鋼筋混凝土造,87年4月3日,十層,
RPUNMLSLJINFFAU57CA,21,11.90,共有部份,鋼筋混凝土造,87年4月3日,十層,
RPOOMLLLJINFFAU98CA,8,88.08,農舍,鋼筋混凝土造,100年4月22日,二層,一層 二層
RPWNMLLLJINFFAU07CA,36,96.68,住商用,鋼筋混凝土造,71年11月4日,二層,一層 二層 騎樓
RPSNMLLLJINFFAU66CA,23,46.27,住家用,鋼筋混凝土造,85年3月5日,五層,五層
RPSNMLLLJINFFAU66CA,23,14.46,共有部份,鋼筋混凝土造,85年3月5日,五層,
RPWNMLRJKINFFAU57CA,21,18.39,住家用,鋼筋混凝土造,86年8月27日,七層,六層
RPWNMLRJKINFFAU57CA,21,5.53,共有部份,鋼筋混凝土造,86年8月27日,七層,
RPUNMLRJKINFFAU37CA,1,244.00,住家用,鋼筋混凝土造,106年6月7日,四層,一層 二層 三層 四層 陽台
RPVNMLRJKINFFAU47CA,21,18.39,住家用,鋼筋混凝土造,86年8月27日,七層,五層
RPVNMLRJKINFFAU47CA,21,5.53,共有部份,鋼筋混凝土造,86年8月27日,七層,
RPXNMLMLJINFFAU27CA,1,49.95,集合住宅,鋼筋混凝土造,107年4月27日,十二層,二層 陽台
RPXNMLMLJINFFAU27CA,1,11.36,本共有部份之項目有防空避難室兼停車空間、機電設備、騎樓、Ｆ梯安全梯、一樓梯廳、一樓門廳、管委會使用空間、車道、Ｃ棟垃圾處理區等９項。,鋼筋混凝土造,107年4月27日,十二層,
RPXNMLMLJINFFAU27CA,1,14.75,共有部份,鋼筋混凝土造,107年4月27日,十二層,
RPWNMLMLJINFFAU17CA,24,73.90,住家用,鋼筋混凝土造,83年10月28日,十四層,五層 陽台
RPWNMLMLJINFFAU17CA,24,21.16,共有部份,鋼筋混凝土造,83年10月28日,十四層,
RPQNMLSLJINFFAU17CA,39,100.17,住商用,鋼筋混凝土造,68年10月3日,三層,一層 二層 三層 屋頂突出物 騎樓 地下層
RPQNMLSLJINFFAU17CA,39,100.17,住商用,鋼筋混凝土造,68年10月3日,三層,一層 二層 三層 屋頂突出物 騎樓 地下層
RPPOMLMLJINFFAU56CA,,47.01,集合住宅,鋼筋混凝土造,107年4月27日,十二層,七層 陽台
RPPOMLMLJINFFAU56CA,,10.72,本共有部份之項目有防空避難室兼停車空間、機電設備、騎樓、Ｆ梯安全梯、一樓梯廳、一樓門廳、管委會使用空間、車道、Ｃ棟垃圾處理區等９項。,鋼筋混凝土造,107年4月27日,十二層,
RPPOMLMLJINFFAU56CA,,14.54,共有部份,鋼筋混凝土造,107年4月27日,十二層,
RPPNMLRLJINFFAU96CA,24,109.50,住家用,鋼筋混凝土造,83年7月5日,五層,四層 陽台
RPPNMLRLJINFFAU96CA,24,49.27,共有部份,鋼筋混凝土造,83年7月5日,五層,
RPSNMLNLJINFFAU86CA,2,255.26,住家用,鋼筋混凝土造,105年8月29日,三層,一層 二層 三層 陽台 屋頂突出物
RPXNMLQLJINFFAU67CA,12,191.89,住家用,鋼筋混凝土造,95年9月29日,三層,一層 二層 三層 陽台
RPUNMLRLJINFFAU47CA,73,48.90,住家用,磚石造,34年10月1日,一層,一層
RPPNMLQLJINFFAU86CA,24,82.34,住家用,鋼筋混凝土造,83年11月3日,六層,五層 陽台
RPPNMLQLJINFFAU86CA,24,30.77,共有部份,鋼筋混凝土造,83年11月3日,六層,
RPQOMLMLJINFFAU66CA,31,31.94,住家用,鋼筋混凝土造,76年11月17日,七層,六層 陽台
RPQOMLMLJINFFAU66CA,31,4.90,共有部份,鋼筋混凝土造,76年11月17日,七層,
RPPNMLOLJINFFCU86CA,,257.23,住家用,鋼筋混凝土造,107年9月10日,四層,一層 二層 三層 四層 陽台
RPPNMLRLJINFFCU17CA,37,87.18,住家用,鋼筋混凝土加強磚造,70年12月28日,二層,一層 二層
RPPNMLPLJINFFAU76CA,22,212.53,住商用,鋼筋混凝土造,85年9月3日,五層,一層 二層 三層 四層 五層 陽台 騎樓
RPPNMLPLJINFFAU76CA,22,212.53,住商用,鋼筋混凝土造,85年9月3日,五層,一層 二層 三層 四層 五層 陽台 騎樓
RPWNMLQLJINFFAU57CA,33,114.80,住家用,鋼筋混凝土造,74年8月31日,二層,一層 二層 陽台
RPSNMLQLJINFFAU17CA,25,141.11,住商用,鋼筋混凝土造,83年1月6日,三層,一層 二層 三層 陽台
RPXOMLKKKINFFAU17CA,24,17.97,住家用,鋼筋混凝土造,83年11月15日,十二層,八層
RPXOMLKKKINFFAU17CA,24,5.58,共有部份,鋼筋混凝土造,83年11月15日,十二層,
RPXOMLKKKINFFAU17CA,24,2.98,共有部份,鋼筋混凝土造,83年11月15日,十二層,
RPVNMLNLJINFFAU17CA,25,102.38,住家用,鋼筋混凝土造,83年4月1日,十層,十層 陽台 花台
RPVNMLNLJINFFAU17CA,25,25.78,共有部份,鋼筋混凝土造,83年4月1日,十層,
RPQNMLRLJINFFAU07CA,23,25.25,住家用,鋼筋混凝土造,84年9月19日,六層,二層 陽台 花台
RPQNMLRLJINFFAU07CA,23,10.06,住家用,鋼筋混凝土造,84年9月19日,六層,一層 平台
RPXNMLRJKINFFAU67CA,16,106.23,住家用,鋼筋混凝土造,91年11月21日,十一層,六層 陽台
RPXNMLRJKINFFAU67CA,16,70.69,共有部份,鋼筋混凝土造,91年11月21日,十一層,
RPPNMLPJKINFFAU66CA,42,81.50,住商用,鋼筋混凝土加強磚造,66年4月1日,二層,一層 二層 騎樓
RPRNMLKLKINFFAU56CA,18,196.77,住家用,鋼筋混凝土造,89年5月3日,三層,一層 二層 三層 陽台 屋頂突出物
RPPNMLKLKINFFAU98CA,24,34.83,住家用,鋼筋混凝土造,84年3月27日,五層,三層 陽台
RPPNMLKLKINFFAU98CA,24,9.94,共有部份,鋼筋混凝土造,84年3月27日,五層,
RPVNMLOJKINFFAU27DA,16,.43,住家用,鋼骨造,92年2月21日,十二層,一層 二層
RPVNMLOJKINFFAU27DA,16,.43,住家用,鋼骨造,92年2月21日,十二層,一層 二層
RPVNMLOJKINFFAU27DA,16,109.01,住家用,鋼骨造,92年2月21日,十二層,九層 十層 陽台 雨遮
RPVNMLOJKINFFAU27DA,16,14.27,共有部份,鋼骨造,92年2月21日,十二層,
RPVNMLOJKINFFAU27DA,16,19.82,共有部份,鋼骨造,92年2月21日,十二層,
RPOOMLRJKINFFAU86CA,23,152.99,住家用,鋼筋混凝土造,84年6月30日,三層,一層 二層 三層 陽台 平台
RPXNMLQJKINFFAU57CA,25,119.35,住家用,鋼筋混凝土造,82年12月16日,十三層,九層 陽台
RPXNMLQJKINFFAU57CA,25,42.97,共有部份,鋼筋混凝土造,82年12月16日,十三層,
RPSNMLPJKINFFAU96CA,46,131.02,住家用,鋼筋混凝土加強磚造,61年8月10日,二層,一層 二層
RPQNMLLLKINFFAU56CA,31,265.16,住商用,鋼筋混凝土造,76年5月7日,三層,一層 二層 三層 陽台 屋頂突出物 騎樓 地下層
RPWNMLRLJINFFAU67CA,25,103.37,住家用,鋼筋混凝土造,82年11月9日,八層,五層 陽台
RPWNMLRLJINFFAU67CA,25,41.18,共有部份,鋼筋混凝土造,82年11月9日,八層,
RPRNMLRLJINFFAU17CA,19,102.98,住家用,鋼筋混凝土造,88年5月20日,五層,二層 三層 陽台 平台 雨遮
RPRNMLRLJINFFAU17CA,19,13.50,停車空間,鋼筋混凝土造,88年5月20日,五層,
RPRNMLRLJINFFAU17CA,19,22.26,共有部份,鋼筋混凝土造,88年5月20日,五層,
RPOOMLQLJINFFAU86CA,34,78.98,住家用,鋼筋混凝土加強磚造,73年6月21日,二層,一層 二層
RPXNMLRLJINFFAU77CA,41,94.79,住商用,鋼筋混凝土加強磚造,66年6月10日,二層,一層 二層 騎樓
RPPNMLSLJINFFAU07CA,23,70.36,住家用,鋼筋混凝土造,84年11月4日,十一層,九層 陽台
RPPNMLSLJINFFAU07CA,23,10.30,共有部份,鋼筋混凝土造,84年11月4日,十一層,
RPPNMLSLJINFFAU07CA,23,15.52,共有部份,鋼筋混凝土造,84年11月4日,十層,
RPSNMLSLJINFFAU37CA,,322.60,住家用,鋼筋混凝土造,107年5月24日,四層,一層 二層 三層 四層 陽台 見其他登記事項
RPPOMLSLJINFFAU17CA,24,46.18,住家用,鋼筋混凝土造,83年8月11日,八層,三層 陽台
RPPOMLSLJINFFAU17CA,24,18.34,共有部份,鋼筋混凝土造,83年8月11日,八層,
RPPOMLRJKINFFAU96CA,33,98.00,住家用,鋼筋混凝土加強磚造,74年8月15日,二層,一層 二層
RPPNMLQKJINFFAU76CA,24,24.63,地下室,鋼筋混凝土造,83年5月18日,七層,防空避難室
RPOPMLPKJINFFAU76CA,25,93.83,住家用,鋼筋混凝土造,83年4月1日,十層,四層 陽台 花台
RPOPMLPKJINFFAU76CA,25,30.13,共有部份,鋼筋混凝土造,83年4月1日,十層,
RPQNMLQKJINFFAU86CA,20,120.96,住家用,鋼筋混凝土造,88年4月14日,五層,二層 陽台 雨遮
RPQNMLQKJINFFAU86CA,20,12.91,共有部份,鋼筋混凝土造,88年4月14日,五層,
RPQNMLQKJINFFAU86CA,20,8.14,共有部份,鋼筋混凝土造,88年4月14日,五層,
RPSNMLMLKINFFAU86CA,26,144.96,住家用,鋼筋混凝土造,81年5月13日,三層,一層 二層 三層 陽台
RPTNMLMLKINFFAU96CA,3,331.66,住家用,鋼筋混凝土造,104年2月26日,四層,一層 二層 三層 四層 陽台
RPROMLTKKINFFAU47CA,37,47.85,住家用,鋼筋混凝土造,70年12月4日,五層,五層
RPROMLTKKINFFAU47CA,37,9.39,共有部份,鋼筋混凝土造,70年12月4日,五層,
RPROMLTKKINFFAU47CA,37,1.18,共有部份,鋼筋混凝土造,70年12月4日,,
RPPOMLTLJINFFAU27CA,35,76.17,住家用,鋼筋混凝土造,72年9月10日,四層,三層
RPPOMLTLJINFFAU27CA,35,6.47,共有部份,鋼筋混凝土造,72年9月10日,四層,
RPQOMLQJKINFFAU96CA,41,74.09,農舍,鋼筋混凝土加強磚造,66年6月30日,一層,一層
RPXNMLKMJINFFAU17CA,41,559.73,工業用,鋼筋水泥磚及空心磚造,66年8月24日,一層,一層
RPXNMLKMJINFFAU17CA,35,602.75,廠房、避難室,鋼架造及鋼筋水泥,72年12月14日,一層,一層 地下層
RPTOMLKMJINFFAU86CA,25,346.08,住商用,鋼筋混凝土造,82年12月17日,四層,一層 二層 三層 四層 陽台 騎樓
RPTNMLNJKINFFAU86CA,26,72.87,倉儲,鋼筋混凝土造,81年9月30日,八層,五層
RPTNMLNJKINFFAU86CA,26,16.85,共有部份,鋼筋混凝土造,81年9月30日,八層,
RPQNMLTLJINFFAU27CA,3,295.80,住家用,鋼筋混凝土造,105年1月21日,四層,一層 二層 三層 四層 陽台
RPRNMLTLJINFFAU37CA,41,140.22,住家用,鋼筋混凝土加強磚造,66年11月18日,二層,一層 二層
RPOOMLSLJINFFAU07CA,24,20.40,住家用,鋼筋混凝土造,83年11月15日,十二層,四層
RPOOMLSLJINFFAU07CA,24,6.90,共有部份,鋼筋混凝土造,83年11月15日,十二層,
RPOOMLSLJINFFAU07CA,24,5.89,共有部份,鋼筋混凝土造,83年11月15日,十二層,
RPTNMLPJKINFFAU07CA,40,75.76,住家用,鋼筋混凝土造,68年5月12日,四層,四層
RPTNMLPJKINFFAU07CA,40,1.96,共有部份,鋼筋混凝土造,68年5月12日,四層,
RPTNMLPJKINFFAU07CA,40,4.50,共有部份,鋼筋混凝土造,68年3月13日,四層,
RPXNMLOJKINFFAU37CA,20,95.45,住家用,鋼筋混凝土造,88年4月14日,五層,四層 陽台 雨遮
RPXNMLOJKINFFAU37CA,20,10.30,共有部份,鋼筋混凝土造,88年4月14日,五層,
RPXNMLOJKINFFAU37CA,20,6.52,共有部份,鋼筋混凝土造,88年4月14日,五層,
RPOOMLLKKINFFAU98CA,,115.17,住家用,鋼筋混凝土加強磚造,69年6月31日,二層,一層 二層
RPQOMLLKKINFFAU56CA,39,100.67,住商用,鋼筋混凝土加強磚造,69年1月19日,二層,一層 二層 騎樓
RPSOMLLKKINFFAU76CA,23,56.68,住家用,鋼筋混凝土造,84年11月4日,十層,九層 陽台
RPSOMLLKKINFFAU76CA,23,9.32,共有部份,鋼筋混凝土造,84年11月4日,十層,
RPSOMLLKKINFFAU76CA,23,12.25,共有部份,鋼筋混凝土造,84年11月4日,十層,
RPRNMLPJKINFFCU07CA,21,119.90,住家用,鋼筋混凝土加強磚造,86年11月4日,二層,一層 二層
RPWNMLTLJINFFAU87CA,34,132.02,住商用,鋼筋混凝土造,74年2月5日,二層,一層 二層 屋頂突出物 騎樓
RPXNMLTLJINFFAU97CA,24,193.04,住家用,鋼筋混凝土造,83年10月14日,四層,一層 二層 三層 四層 陽台 平台 露台
RPPNMLSKKINFFAU17DA,46,87.25,住家用,鋼筋混凝土加強磚造,61年8月19日,二層,一層 二層 騎樓
RPPPMLPJKINFFAU07EA,34,83.57,住家用,鋼筋混凝土造,73年6月25日,五層,四層 陽台
RPPPMLPJKINFFAU07EA,34,6.00,共有部份,鋼筋混凝土造,73年6月25日,五層,
RPPPMLPJKINFFAU07EA,34,8.00,共有部份,鋼筋混凝土造,73年6月25日,五層,
RPPNMLOJKINFFAU56CA,45,87.03,住家用,鋼筋混凝土加強磚造,62年7月31日,二層,一層 二層
RPSOMLNJKINFFAU86CA,24,269.15,住家用,鋼筋混凝土造,83年11月24日,五層,一層 二層 三層 四層 五層 陽台 平台 屋頂突出物
RPPOMLOJKINFFAU66CA,40,116.05,住家用,鋼筋混凝土加強磚造,68年1月24日,二層,一層 二層 陽台 騎樓
RPRNMLNJKINFFAU66CA,40,102.18,住商用,鋼筋混凝土加強磚造,68年1月16日,二層,一層 二層 騎樓
RPQOMLNJKINFFAU66CA,25,96.60,住家用,鋼筋混凝土造,82年6月17日,二層,一層 二層 陽台
RPUNMLNJKINFFAU96CA,33,87.50,住家用,鋼筋混凝土造,75年3月27日,二層,一層 二層
RPVPMLKMJINFFAU17CA,36,79.90,住家用,鋼筋混凝土造,72年1月7日,四層,三層
RPVPMLKMJINFFAU17CA,36,15.72,共有部份,鋼筋混凝土造,72年1月7日,四層,
RPROMLKMJINFFAU66CA,31,199.76,住商用,鋼筋混凝土造,76年5月20日,五層,一層 二層 三層 陽台 防空避難室 騎樓
RPROMLKMJINFFAU66CA,31,19.71,共有部份,鋼筋混凝土造,76年5月20日,五層,
RPQOMLKMJINFFAU56CA,2,130.38,集合住宅,鋼筋混凝土造,105年5月18日,六層,二層 陽台
RPQOMLKMJINFFAU56CA,2,51.54,共有部份,鋼筋混凝土造,105年5月18日,六層,
RPROMLQJKINFFAU07CA,23,54.94,商業用,鋼筋混凝土造,84年11月4日,十層,一層 平台
RPROMLQJKINFFAU07CA,23,9.90,共有部份,鋼筋混凝土造,84年11月4日,十層,
RPROMLQJKINFFAU07CA,23,12.25,共有部份,鋼筋混凝土造,84年11月4日,十層,
RPPOMLQJKINFFAU86CA,12,242.76,住家用,鋼筋混凝土造,95年10月5日,四層,一層 二層 三層 四層 陽台
RPXNMLNJKINFFAU27CA,5,108.96,住家用,鋼筋混凝土造,103年1月23日,一層,一層 屋頂突出物 見其他登記事項
RPUOMLNJKINFFAU07CA,23,34.13,住家用,鋼筋混凝土造,85年2月2日,十層,十層 陽台 夾層
RPUOMLNJKINFFAU07CA,23,3.67,共有部份,鋼筋混凝土造,85年2月2日,十層,
RPUOMLNJKINFFAU07CA,23,7.64,共有部份,鋼筋混凝土造,85年2月2日,十層,
RPUOMLNJKINFFAU07CA,23,5.57,停車空間,鋼筋混凝土造,85年2月2日,十層,
RPSNMLNJKINFFAU76CA,23,29.33,住家用,鋼筋混凝土造,84年12月6日,五層,五層 陽台
RPSNMLNJKINFFAU76CA,23,7.60,共有部份,鋼筋混凝土造,84年12月6日,五層,
RPRNMLOJKINFFAU76CA,26,157.11,住家用,鋼筋混凝土造,82年1月21日,四層,一層 二層 三層 四層 陽台
RPWNMLOJKINFFAU27CA,1,46.11,集合住宅,鋼筋混凝土造,107年4月27日,十二層,五層 陽台
RPWNMLOJKINFFAU27CA,1,10.51,本共有部份之項目有防空避難室兼停車空間、機電設備、騎樓、Ｆ梯安全梯、一樓梯廳、一樓門廳、管委會使用空間、車道、Ｃ棟垃圾處理區等９項。,鋼筋混凝土造,107年4月27日,十二層,
RPWNMLOJKINFFAU27CA,1,14.26,共有部份,鋼筋混凝土造,107年4月27日,十二層,
RPPNMLNJKINFFBU56CA,25,277.42,住商用,鋼筋混凝土造,82年10月28日,三層,一層 二層 三層 陽台 屋頂突出物 騎樓
RPWNMLNJKINFFAU37EA,23,140.33,農舍,鋼筋混凝土造,84年11月11日,一層,一層
RPPOMLKKKINFFAU09DA,29,244.01,住家用,鋼筋混凝土造,79年3月2日,三層,一層 二層 三層 陽台 見其他登記事項
RPROMLLLKINFFAU76CA,21,188.63,住家用,鋼筋混凝土造,86年8月19日,四層,一層 二層 三層 四層 陽台 停車場
RPPOMLLLKINFFAU56CA,8,270.65,住家用,鋼筋混凝土造,99年9月17日,三層,一層 二層 三層 陽台 見其他登記事項
RPSOMLLLKINFFAU86CA,12,223.91,住家用,鋼筋混凝土造,96年4月12日,四層,一層 二層 三層 四層 陽台
RPRNMLTKKINFFCU57CA,33,105.25,住家用,鋼筋混凝土加強磚造,74年8月1日,二層,一層 二層 陽台
RPROMLRJKINFFAU17CA,33,19.08,住家用,鋼筋混凝土造,75年2月5日,五層,五層
RPROMLRJKINFFAU17CA,33,6.22,共有部份,鋼筋混凝土造,75年2月5日,五層,
RPWNMLTKKINFFAU87CA,2,271.94,住家用,鋼筋混凝土造,106年1月4日,三層,一層 二層 三層 陽台 屋頂突出物 屋簷 見其他登記事項
RPUNMLPJKINFFAU17CA,33,230.62,住商用,鋼筋混凝土造,74年7月24日,三層,一層 二層 三層 屋頂突出物 騎樓 地下層
RPQNMLPJKINFFAU76CA,23,78.57,住家用,鋼筋混凝土造,85年2月8日,十二層,八層 陽台
RPQNMLPJKINFFAU76CA,23,21.87,共有部份,鋼筋混凝土造,85年2月8日,十二層,
RPQNMLPJKINFFAU76CA,23,4.96,停車空間,鋼筋混凝土造,85年2月8日,十二層,
RPSOMLTKKINFFAU57CA,33,126.74,住商用,鋼筋混凝土造,74年10月19日,二層,一層 二層 陽台
RPTNMLLKKINFFAU76CA,,123.63,住家用,木造,,二層,二層 騎樓 見其他登記事項
RPWNMLKKKINFFAU96CA,,152.46,住家用,鋼筋混凝土加強磚造,,二層,一層 二層
RPROMLLKKINFFAU66CA,25,144.94,住家用,鋼筋混凝土造,82年9月21日,七層,六層 陽台
RPROMLLKKINFFAU66CA,25,49.00,共有部份,鋼筋混凝土造,82年9月21日,七層,
RPTNMLKLKINFFAU76CA,32,128.63,住商用,鋼筋混凝土造,75年7月18日,二層,一層 二層 屋頂突出物 騎樓
RPROMLOJKINFFAU86CA,,107.24,集合住宅,鋼筋混凝土造,107年2月6日,九層,六層 陽台
RPROMLOJKINFFAU86CA,,45.71,共有部份,鋼筋混凝土造,107年2月6日,九層,
RPROMLOJKINFFAU86CA,,25.29,共有部份,鋼筋混凝土造,107年2月6日,九層,
RPQOMLOJKINFFAU76CA,40,70.84,住家用,鋼筋混凝土加強磚造,68年2月12日,二層,一層 二層
RPROMLPJKINFFAU96CA,23,107.58,住家用,鋼筋混凝土造,85年2月16日,十五層,十三層 陽台
RPROMLPJKINFFAU96CA,23,28.37,共有部份,鋼筋混凝土造,85年2月16日,十五層,
RPROMLPJKINFFAU96CA,23,14.51,共有部份,鋼筋混凝土造,85年2月16日,十五層,
RPPNMLLKKINFFBU09CA,36,74.92,住商用,鋼筋混凝土造,71年6月26日,二層,一層 二層 騎樓
RPPNMLLKKINFFBU09CA,36,147.14,住商用,鋼筋混凝土造,71年6月26日,二層,一層 二層 騎樓
RPSNMLPLKINFFAU17CA,,350.74,住家用,鋼筋混凝土造,107年4月13日,四層,一層 二層 三層 四層 陽台 屋頂突出物 騎樓 地下一層 見其他登記事項
RPRNMLPLKINFFAU07CA,,350.74,住家用,鋼筋混凝土造,107年4月13日,四層,一層 二層 三層 四層 陽台 屋頂突出物 騎樓 地下一層 見其他登記事項
RPPNMLQJKINFFAU76CA,,60.90,住家用,鋼筋混凝土造,,二層,一層 二層
RPRNMLQJKINFFAU96CA,45,37.39,住家用,木造,62年6月25日,一層,一層
RPVNMLKKKINFFAU86CA,19,113.78,住家用,鋼筋混凝土造,88年5月20日,五層,四層 五層 陽台 見其他登記事項
RPVNMLKKKINFFAU86CA,19,13.50,停車空間,鋼筋混凝土造,88年5月20日,五層,
RPVNMLKKKINFFAU86CA,19,25.46,共有部份,鋼筋混凝土造,88年5月20日,五層,
RPSOMLQJKINFFAU17CA,34,78.80,住家用,鋼筋混凝土造,73年8月27日,五層,一層 平台 騎樓
RPSOMLQJKINFFAU17CA,34,13.25,共有部份,鋼筋混凝土造,73年8月21日,五層,
RPSOMLQJKINFFAU17CA,34,1.35,停車空間,鋼筋混凝土造,73年8月27日,五層,
RPPNMLRJKINFFAU86CA,37,299.98,住商用,鋼筋混凝土造,70年7月29日,四層,一層 二層 三層 四層 防空避難室 屋頂突出物 騎樓
RPQNMLRJKINFFAU96CA,1,393.37,住家用,鋼筋混凝土造,106年11月6日,五層,一層 二層 三層 四層 五層 陽台
RPUOMLQLKINFFAU57CA,,443.08,住家用,鋼筋混凝土造,107年9月10日,四層,一層 二層 三層 四層 陽台 屋頂突出物 見其他登記事項
RPSNMLRJKINFFAU17CA,13,176.46,住家用,鋼筋混凝土造,94年5月20日,三層,一層 二層 三層 陽台 屋頂突出物
RPPOMLLKKINFFAU09CA,47,86.02,住家用,鋼筋混凝土加強磚造,60年11月6日,二層,一層 二層 騎樓
RPTOMLLKKINFFAU86CA,15,169.44,住家用,鋼筋混凝土造,92年7月10日,三層,一層 二層 三層 陽台
RPQNMLKKKINFFAU98CA,40,159.70,住商用,鋼筋混凝土加強磚造,67年8月19日,二層,一層 二層 騎樓
RPSNMLLLKINFFAU76CA,15,68.88,住家用,鋼筋混凝土造,92年9月8日,六層,六層 陽台
RPSNMLLLKINFFAU76CA,15,39.41,共有部份,鋼筋混凝土造,92年9月8日,六層,
RPSNMLLLKINFFAU76CA,15,15.39,共有部份,鋼筋混凝土造,92年9月8日,六層,
RPVOMLKKKINFFAU96CA,1,235.60,住家用,鋼筋混凝土造,106年7月11日,四層,一層 二層 三層 四層 陽台
RPTNMLPLKINFFAU27CA,35,89.34,住家用,鋼筋混凝土造,72年9月10日,四層,四層
RPTNMLPLKINFFAU27CA,35,9.50,共有部份,鋼筋混凝土造,72年9月10日,四層,
RPQOMLSLKINFFAU37CA,37,117.20,住家用,鋼筋混凝土加強磚造,70年12月31日,二層,一層 二層
RPPOMLSLKINFFAU27CA,24,61.86,住家用,鋼筋混凝土造,84年3月20日,六層,二層 陽台
RPPOMLSLKINFFAU27CA,24,25.93,共有部份,鋼筋混凝土造,84年3月20日,六層,
RPXNMLLKKINFFAU27DA,,86.63,住家用,木造,,一層,一層 騎樓
RPPNMLOKKINFFCU86CA,36,81.52,住家用,鋼筋混凝土加強磚造,71年9月4日,二層,一層 二層
RPPNMLTKKINFFCU37CA,34,81.35,住家用,鋼筋混凝土加強磚造,73年5月11日,二層,一層 二層
RPSOMLSLKINFFAU57CA,22,125.97,住家用,鋼筋混凝土造,85年10月11日,三層,一層 二層 三層 陽台 平台
RPRNMLQLKINFFAU17CA,26,53.08,住家用,鋼筋混凝土造,82年1月11日,九層,七層 陽台
RPRNMLQLKINFFAU17CA,26,13.91,共有部份,鋼筋混凝土造,82年1月11日,九層,
RPUNMLQLKINFFAU47CA,24,46.01,住家用,鋼筋混凝土造,83年10月26日,九層,八層 花台
RPUNMLQLKINFFAU47CA,24,6.61,共有部份,鋼筋混凝土造,83年10月26日,九層,
RPUNMLQLKINFFAU47CA,24,15.49,共有部份,鋼筋混凝土造,83年10月26日,九層,
RPSNMLKKKINFFAU56CA,2,344.23,住家用,鋼筋混凝土造,105年5月27日,三層,一層 二層 三層 陽台 屋頂突出物
RPQNMLMLKINFFAU66CA,47,11.85,住家用,磚石造,,一層,一層
RPQNMLMLKINFFAU66CA,5,75.33,農舍,鋼筋混凝土造,103年4月16日,三層,一層 二層 三層
RPVOMLQLQHOFFAU28CA,,266.84,集合住宅,鋼筋混凝土造,107年5月24日,五層,一層 二層 三層 四層 五層 陽台 見其他登記事項
RPVOMLQLQHOFFAU28CA,,21.44,共有部份〈門廊、停車空間〈車道〉〉,鋼筋混凝土造,107年5月24日,五層,
RPPNMLOKKINFFAU66CA,24,22.64,住家用,鋼筋混凝土造,83年11月15日,十二層,九層
RPPNMLOKKINFFAU66CA,24,7.02,共有部份,鋼筋混凝土造,83年11月15日,十二層,
RPPNMLOKKINFFAU66CA,24,3.78,共有部份,鋼筋混凝土造,83年11月15日,十二層,
RPPPMLKKKINFFAU09CA,36,208.18,住家用,鋼筋水泥、加強磚造、木造,72年1月1日,二層,一層 二層 屋頂突出物
RPVNMLMKKINFFAU07CA,24,134.89,住家用,鋼筋混凝土造,83年5月18日,七層,二層 陽台
RPVNMLMKKINFFAU07CA,24,33.73,共有部份,鋼筋混凝土造,83年5月18日,七層,
RPVNMLMKKINFFAU07CA,24,24.63,地下室,鋼筋混凝土造,83年5月18日,七層,防空避難室
RPTOMLSKKINFFAU57CA,,67.07,住家用,木造,,一層,一層 騎樓
RPXOMLLLKINFFAU37CA,50,60.40,住商用,鋼筋混凝土造,57年7月10日,二層,一層 二層 騎樓
RPXOMLLLKINFFAU37CA,50,171.48,住商用,鋼筋混凝土造,57年7月13日,三層,一層 二層 三層 屋頂突出物 騎樓
RPOPMLKLKINFFAU09CA,42,57.40,住家用,鋼筋混凝土加強磚造,66年2月3日,一層,一層
RPVOMLRLKINFFAU77CA,9,203.76,農舍,鋼筋混凝土造,99年1月22日,三層,一層 二層 三層 陽台
RPWOMLRLKINFFAU87CA,14,242.59,住家用,鋼筋混凝土造,94年3月31日,三層,一層 二層 三層 陽台 屋頂突出物
RPRNMLNKKINFFAU76CA,31,51.60,住家用,鋼筋混凝土造,76年11月17日,七層,七層 陽台
RPRNMLNKKINFFAU76CA,31,11.82,共有部份,鋼筋混凝土造,76年11月17日,七層,
RPWNMLSKKINFFAU77CA,23,17.77,住家用,鋼筋混凝土造,84年8月19日,十一層,八層 雨遮
RPWNMLSKKINFFAU77CA,23,5.34,共有部份,鋼筋混凝土造,84年8月19日,十一層,
RPUNMLMKKINFFAU96CA,31,56.98,住家用,鋼筋混凝土造,76年11月17日,七層,七層 陽台
RPUNMLMKKINFFAU96CA,31,9.95,共有部份,鋼筋混凝土造,76年11月17日,七層,
RPVNMLLLKINFFAU07CA,41,94.86,住家用,鋼筋混凝土加強磚造,66年5月28日,二層,一層 二層
RPPNMLRKKINFFBU07CA,53,88.83,住商用,木造,54年7月30日,一層,一層 騎樓 走廊
RPVNMLNJJHOFFAU96CA,21,77.67,住家用,鋼筋混凝土造,86年8月27日,九層,二層 三層 陽台 露台
RPVNMLNJJHOFFAU96CA,21,10.85,共有部份,鋼筋混凝土造,86年8月27日,九層,
RPVNMLNJJHOFFAU96CA,21,8.81,共有部份,鋼筋混凝土造,86年8月27日,九層,
RPVNMLNJJHOFFAU96CA,21,53.07,共有部份,鋼筋混凝土造,86年8月27日,九層,
RPVNMLNJJHOFFAU96CA,21,40.54,共有部份,鋼筋混凝土造,86年8月27日,九層,
RPSOMLSKKINFFAU47CA,3,331.90,住家用,鋼筋混凝土造,105年4月28日,三層,一層 二層 三層 陽台 屋頂突出物
RPPPMLKLKINFFAU56CA,34,134.75,住家用,鋼筋混凝土造,73年12月28日,二層,一層 二層 陽台 屋頂突出物
RPRNMLMLKINFFAU76CA,24,28.90,避難室、停車場,鋼筋混凝土造,83年6月11日,九層,地下二層
RPRNMLMLKINFFAU76CA,24,12.76,共有部份,鋼筋混凝土造,83年6月11日,九層,
RPRNMLMLKINFFAU76CA,24,130.20,住家用,鋼筋混凝土造,83年6月11日,九層,七層 陽台
RPRNMLMLKINFFAU76CA,24,9.62,共有部份,鋼筋混凝土造,83年6月11日,九層,
RPSOMLPLKINFFAU27CA,24,83.45,住家用,鋼筋混凝土造,84年5月16日,八層,四層 陽台
RPSOMLPLKINFFAU27CA,24,43.16,共有部份,鋼筋混凝土造,84年5月16日,八層,
RPROMLNJJHOFFAU66CA,24,33.56,住家用,鋼筋混凝土造,83年7月22日,五層,四層 陽台
RPROMLNJJHOFFAU66CA,24,10.03,共有部份,鋼筋混凝土造,83年7月22日,五層,
RPPNMLRKKINFFAU96CA,41,74.79,住商用,鋼筋混凝土加強磚造,66年8月2日,一層,一層 騎樓
RPTNMLSKKINFFAU47CA,37,202.83,住家用,鋼筋混凝土造,70年10月30日,二層,一層 二層 屋頂突出物 儲藏室
RPSNMLRKKINFFAU27CA,2,325.39,住家用,鋼筋混凝土造,105年7月14日,四層,一層 二層 三層 四層 陽台
RPPNMLQKKINFFAU86CA,,23.61,集合住宅,鋼筋混凝土造,107年6月22日,五層,四層 陽台
RPPNMLQKKINFFAU86CA,,15.30,共有部份,鋼筋混凝土造,107年6月22日,五層,
RPSNMLOKKINFFAU96CA,15,229.87,住家用,鋼筋混凝土造,92年12月10日,三層,一層 二層 三層 陽台 屋頂突出物
RPQNMLOKKINFFAU76CA,2,232.44,住家用,鋼筋混凝土造,106年4月26日,四層,一層 二層 三層 四層 陽台
RPVNMLRLKINFFCU87CA,1,291.66,住家用,鋼筋混凝土造,106年5月11日,三層,一層 二層 三層 陽台 屋頂突出物 騎樓
RPUNMLSKKINFFAU77EA,46,120.12,住家用,鋼筋混凝土加強磚造,62年2月28日,二層,一層 二層 騎樓
RPPNMLTKKINFFBU27CA,32,119.20,住商用,鋼筋混凝土加強磚造,75年12月23日,二層,一層 二層 屋頂突出物 騎樓
RPRNMLRKKINFFAU17CA,31,44.13,住家用,鋼筋混凝土造,76年11月11日,二層,一層 二層 陽台
RPRNMLTKKINFFAU37CA,22,77.29,住家用,鋼筋混凝土造,86年1月6日,七層,二層 陽台
RPRNMLTKKINFFAU37CA,22,17.70,共有部份,鋼筋混凝土造,86年1月6日,七層,
RPRNMLTKKINFFAU37CA,22,11.64,共有部份,鋼筋混凝土造,86年1月16日,七層,
RPSNMLSKKINFFAU37CA,24,.18,商業用,鋼筋混凝土造,84年3月21日,十三層,防空避難室
RPSNMLSKKINFFAU37CA,24,11.53,共有部份,鋼筋混凝土造,84年3月21日,十三層,
RPSNMLSKKINFFAU37CA,24,104.28,住家用,鋼筋混凝土造,84年3月21日,十三層,四層 陽台 花台
RPSNMLSKKINFFAU37CA,24,12.20,共有部份,鋼筋混凝土造,84年3月21日,十三層,
RPSNMLSKKINFFAU37CA,24,7.50,共有部份,鋼筋混凝土造,84年3月21日,十三層,
RPPNMLTKKINFFAU17CA,25,52.08,住家用,鋼筋混凝土造,83年1月27日,五層,四層 陽台
RPPNMLTKKINFFAU17CA,25,15.44,共有部份,鋼筋混凝土造,83年1月27日,五層,
RPUNMLTKKINFFAU67CA,44,76.24,住家用,鋼筋混凝土加強磚造,63年11月11日,二層,一層 二層
RPUNMLKLKINFFAU86CA,37,171.50,住家用,鋼筋混凝土加強磚造,70年10月12日,二層,一層 二層 屋頂突出物
RPPOMLMLKINFFAU66CA,25,136.73,住家用,鋼筋混凝土造,82年10月29日,三層,一層 二層 三層 陽台
RPQOMLMLKINFFAU76CA,21,47.13,住家用,鋼筋混凝土造,86年8月27日,九層,八層 九層 花台
RPQOMLMLKINFFAU76CA,21,2.21,共有部份,鋼筋混凝土造,86年8月27日,九層,
RPQOMLMLKINFFAU76CA,21,8.75,共有部份,鋼筋混凝土造,86年8月27日,九層,
RPQOMLMLKINFFAU76CA,21,6.82,共有部份,鋼筋混凝土造,86年8月27日,九層,
RPXNMLTJJHOFFAU77CA,1,261.76,住家用,鋼筋混凝土造,106年8月28日,四層,一層 二層 三層 四層 陽台
RPWNMLTJJHOFFAU67CA,40,163.18,住商用,鋼筋混凝土加強磚造,67年9月7日,二層,一層 二層 騎樓
RPPPMLOKQHOFFAU47CA,1,270.44,集合住宅,鋼筋混凝土造,107年5月24日,五層,一層 二層 三層 四層 五層 陽台 見其他登記事項
RPPPMLOKQHOFFAU47CA,1,21.44,共有部份〈門廊、停車空間〈車道〉〉,鋼筋混凝土造,107年5月24日,五層,
RPQPMLQLKINFFAU37DA,44,127.74,住商用,鋼筋混凝土造,63年10月26日,三層,一層 二層 三層 地下層
RPSNMLLKJHOFFCU76CA,,189.89,住家用,鋼筋混凝土造,107年9月11日,三層,一層 二層 三層 陽台
RPRNMLRLKINFFAU27CA,24,174.47,停車空間、住宅,鋼筋混凝土造,83年9月29日,四層,一層 二層 三層 四層 陽台 平台 屋頂突出物 花台
RPPNMLSJJHOFFAU86CA,13,152.91,住家用,鋼筋混凝土造,94年7月19日,三層,一層 二層 三層 陽台
RPOOMLMLKINFFAU56CA,11,237.96,住家用,鋼筋混凝土造,96年11月14日,四層,一層 二層 三層 四層 陽台 屋頂突出物 雨遮
RPQNMLSJJHOFFAU96CA,26,44.12,倉儲,鋼筋混凝土造,81年9月30日,八層,三層 陽台
RPQNMLSJJHOFFAU96CA,26,11.77,共有部份,鋼筋混凝土造,81年9月30日,八層,
RPWOMLLLKINFFAU27CA,1,46.11,集合住宅,鋼筋混凝土造,107年4月27日,十二層,二層 陽台
RPWOMLLLKINFFAU27CA,1,10.51,本共有部份之項目有防空避難室兼停車空間、機電設備、騎樓、Ｆ梯安全梯、一樓梯廳、一樓門廳、管委會使用空間、車道、Ｃ棟垃圾處理區等９項。,鋼筋混凝土造,107年4月27日,十二層,
RPWOMLLLKINFFAU27CA,1,14.26,共有部份,鋼筋混凝土造,107年4月27日,十二層,
RPSNMLNJJHOFFAU66CA,14,184.11,住家用,鋼筋混凝土造,93年10月4日,三層,一層 二層 三層 陽台
RPUOMLLLKINFFAU07CA,17,179.98,住家用,鋼筋混凝土造,90年11月5日,三層,一層 二層 三層 陽台 屋頂突出物
RPPNMLOLKINFFAU76CA,42,43.75,住家用,水泥磚木造,65年8月30日,一層,一層 騎樓
RPWNMLOLKINFFAU47CA,42,304.52,住商用,鋼筋混凝土加強磚造,65年8月23日,二層,一層 二層 騎樓
RPPNMLOJJHOFFBU56CA,37,113.98,住家用,鋼筋混凝土加強磚造,70年11月20日,一層,一層
RPUNMLOLKINFFAU27CA,51,48.40,住家用,磚木造蓋油紙,56年12月1日,一層,一層
RPVNMLSLKINFFAU77CA,41,87.22,住家用,鋼筋混凝土加強磚造,67年1月24日,二層,一層 二層
RPUNMLSLKINFFAU67CA,23,61.62,住家用,鋼筋混凝土造,85年1月30日,五層,四層 陽台
RPUNMLSLKINFFAU67CA,23,10.78,共有部份,鋼筋混凝土造,85年1月30日,五層,
RPXOMLQLKINFFAU87CA,4,324.61,農舍,鋼筋混凝土造,104年2月17日,四層,一層 二層 三層 四層 陽台 屋頂突出物
RPSNMLRLKINFFAU37CA,11,194.72,農舍,鋼筋混凝土造,97年2月20日,二層,一層 二層 陽台 屋頂突出物 見其他登記事項
RPVNMLQLKINFFAU57CA,,15.89,倉庫,磚造蓋鐵皮,,一層,一層
RPRNMLMJJHOFFAU09CA,13,199.96,住家用,鋼筋混凝土造,94年12月20日,四層,一層 二層 三層 四層 陽台
RPVNMLQLKINFFAU57CA,,18.73,倉庫,磚造蓋鐵皮,,一層,一層
RPVNMLQLKINFFAU57CA,,39.74,倉庫,磚造蓋鐵皮,,一層,一層
RPRNMLSJJHOFFAU07CA,,65.96,集合住宅,鋼筋混凝土造,107年11月13日,五層,二層 陽台
RPRNMLSJJHOFFAU07CA,,38.63,本共有部分之項目有停車空間、電梯、樓梯、梯廳及屋頂突出物等五項,鋼筋混凝土造,107年11月13日,五層,
RPTNMLQLKINFFAU37CA,22,32.03,住家用,鋼筋混凝土、木造,85年11月1日,五層,二層 陽台 夾層
RPTNMLQLKINFFAU37CA,22,15.32,共有部份,鋼筋混凝土造,85年11月1日,五層,
RPRNMLTJJHOFFAU17CA,48,40.00,住商用,鋼筋混凝土加強磚造,59年10月19日,二層,一層 二層 騎樓
RPUNMLRKJHOFFAU37CA,,18.30,住家用,蓋瓦木造,,一層,一層
RPXNMLPLKINFFAU67CA,29,164.52,商業用,鋼筋混凝土造,78年12月5日,三層,一層 二層 三層 陽台 屋頂突出物 騎樓
RPSNMLRLKINFFCU57CA,,216.15,住家用,鋼筋混凝土造,107年9月27日,三層,一層 二層 三層 陽台
RPVOMLSJJHOFFAU77EA,37,20.14,住商用,鋼筋混凝土造,70年6月26日,三層,一層 二層 三層 陽台 防空避難室 騎樓
RPPOMLPLKINFFAU96CA,25,114.87,住家用,鋼筋混凝土造,82年11月8日,六層,六層 陽台 花台 夾層
RPPOMLPLKINFFAU96CA,25,5.54,共有部份,鋼筋混凝土造,82年11月8日,六層,
RPVNMLPLKINFFAU47CA,39,92.62,住家用,鋼筋混凝土加強磚造,68年12月19日,二層,一層 二層
RPOOMLPLKINFFAU86CA,1,452.34,住家用,鋼筋混凝土造,107年5月25日,五層,一層 二層 三層 四層 五層 陽台 屋頂突出物
RPQOMLRJJHOFFAU96CA,30,158.32,住家用,鋼筋混凝土造,77年12月3日,二層,一層 二層 陽台 屋頂突出物 見其他登記事項
RPSNMLQLKINFFAU27CA,23,30.36,住家用,鋼筋混凝土造,84年8月19日,十一層,三層 陽台 花台
RPSNMLQLKINFFAU27CA,23,9.20,共有部份,鋼筋混凝土造,84年8月19日,十一層,
RPOOMLOLKINFFAU76CA,27,246.48,住商用,鋼筋混凝土造,81年4月29日,四層,一層 二層 三層 四層 陽台 騎樓
RPOOMLQLKINFFAU96CA,13,249.89,住家用,鋼筋混凝土造,95年3月23日,三層,一層 二層 三層 陽台 屋頂突出物
RPWNMLQLKINFFAU67CA,24,29.64,住家用,鋼筋混凝土造,83年11月15日,十二層,五層
RPSOMLQLKINFFAU37CA,49,81.18,住家用,水泥、紅磚木材,58年10月7日,一層,一層
RPWNMLQLKINFFAU67CA,24,9.19,共有部份,鋼筋混凝土造,83年11月15日,十二層,
RPWNMLQLKINFFAU67CA,24,4.77,共有部份,鋼筋混凝土造,83年11月15日,十二層,
RPQOMLQLKINFFAU17CA,1,53.05,集合住宅,鋼筋混凝土造,107年4月27日,十二層,十層 陽台
RPQOMLQLKINFFAU17CA,1,46.56,本共有部份之項目有防空避難室兼停車空間、機電設備、騎樓、Ｆ梯安全梯、一樓梯廳、一樓門廳、管委會使用空間、車道、Ｃ棟垃圾處理區等９項。,鋼筋混凝土造,107年4月27日,十二層,
RPQOMLQLKINFFAU17CA,1,15.67,共有部份,鋼筋混凝土造,107年4月27日,十二層,
RPPNMLRLKINFFAU07CA,30,109.73,住家用,鋼筋混凝土造,77年12月15日,二層,一層 二層 陽台 見其他登記事項
RPSOMLOLJHOFFAU07CA,12,340.64,住家用,鋼筋混凝土造,95年7月3日,四層,一層 二層 三層 四層 陽台
RPSOMLOLJHOFFAU07CA,12,340.64,住家用,鋼筋混凝土造,95年7月3日,四層,一層 二層 三層 四層 陽台
RPUOMLQKJHOFFAU37CA,48,68.04,住家用,鋼筋混凝土加強磚造,60年4月17日,二層,一層 二層
RPTOMLQKJHOFFAU27CA,48,68.04,住家用,鋼筋混凝土加強磚造,60年4月17日,二層,一層 二層
RPQOMLRKJHOFFAU07CA,25,85.96,住家用,鋼筋混凝土造,82年12月15日,七層,四層 陽台 花台
RPQOMLRKJHOFFAU07CA,25,15.61,共有部份,鋼筋混凝土造,82年12月15日,七層,
RPQOMLRKJHOFFAU07CA,25,13.57,共有部份,鋼筋混凝土造,82年12月15日,七層,
RPQOMLRKJHOFFAU07CA,25,.61,商業用,鋼筋混凝土造,82年12月15日,七層,見其他登記事項
RPQOMLRKJHOFFAU07CA,25,14.53,共有部份,鋼筋混凝土造,82年12月15日,七層,
RPPOMLRJJHOFFAU86CA,22,150.74,住商用,鋼筋混凝土造,85年12月13日,三層,一層 二層 三層 陽台 平台 屋頂突出物 見其他登記事項
RPPNMLKKJHOFFAU78CA,26,45.52,住家用,鋼筋混凝土造,82年1月9日,七層,四層 陽台
RPPNMLKKJHOFFAU78CA,26,9.81,共有部份,鋼筋混凝土造,82年1月9日,七層,
RPPNMLKKJHOFFAU78CA,26,5.02,共有部份,鋼筋混凝土造,82年1月9日,七層,
RPUOMLOJJHOFFAU07CA,26,157.96,住家用,鋼筋混凝土造,81年7月16日,三層,一層 二層 三層 陽台 見其他登記事項
RPQNMLSLKINFFAU27CA,32,106.33,住家用,鋼筋混凝土加強磚造,75年10月28日,二層,一層 二層 陽台
RPXNMLLLJHOFFAU17CA,1,281.10,倉庫,鋼筋混凝土造,107年3月20日,四層,一層 二層 三層 四層 陽台
RPOOMLLLJHOFFAU98CA,1,272.81,倉庫,鋼筋混凝土造,107年3月20日,四層,一層 二層 三層 四層 陽台
RPUOMLOKJHOFFAU37EA,10,180.64,住家用,鋼骨鋼筋混凝土造,97年10月31日,三層,一層 二層 三層 陽台 雨遮 見其他登記事項
RPXNMLRLKINFFAU87CA,9,230.05,工業社區住宅,鋼筋混凝土造,98年11月3日,三層,一層 二層 三層 陽台 雨遮
RPPOMLRLKINFFAU17CA,24,43.96,住家用,鋼筋混凝土造,83年10月26日,九層,三層 花台
RPPOMLRLKINFFAU17CA,24,6.19,共有部份,鋼筋混凝土造,83年10月26日,九層,
RPPOMLRLKINFFAU17CA,24,13.28,共有部份,鋼筋混凝土造,83年10月26日,九層,
RPQOMLRLKINFFAU27CA,41,126.26,住商用,鋼筋混凝土加強磚造,66年8月9日,二層,一層 二層 騎樓
RPVNMLRLKINFFAU67CA,25,70.17,住家用,鋼筋混凝土造,83年3月8日,九層,六層 陽台
RPVNMLRLKINFFAU67CA,25,33.06,共有部份,鋼筋混凝土造,83年3月8日,九層,
RPTNMLSJJHOFFAU27CA,,311.92,住家用,鋼筋混凝土造,107年10月15日,三層,一層 二層 三層 陽台 屋頂突出物
RPOOMLRLKINFFAU07CA,25,106.64,住家用,鋼筋混凝土造,83年4月12日,七層,七層 陽台 花台
RPOOMLRLKINFFAU07CA,25,30.15,共有部份,鋼筋混凝土造,83年4月23日,七層,
RPSNMLSKJHOFFAU27CA,4,286.97,住家用,鋼筋混凝土造,103年11月28日,四層,一層 二層 三層 四層 屋簷 見其他登記事項
RPROMLRLKINFFAU37CA,24,164.80,農舍,鋼骨混凝土造,84年4月8日,一層,一層
RPPNMLSLKINFFAU17CA,21,89.28,住家用,鋼筋混凝土造,87年4月3日,十層,六層 陽台
RPPNMLSLKINFFAU17CA,21,17.25,共有部份,鋼筋混凝土造,87年4月3日,十層,
RPPNMLSLKINFFAU17CA,21,9.23,共有部份,鋼筋混凝土造,87年4月3日,十層,
RPPNMLSLKINFFAU17CA,21,8.45,共有部份,鋼筋混凝土造,87年4月3日,十層,
RPROMLOKJHOFFAU86CA,32,25.38,住家用,鋼筋混凝土造,76年1月13日,五層,五層 陽台
RPROMLOKJHOFFAU86CA,32,1.42,共有部份,鋼筋混凝土造,76年1月13日,五層,
RPROMLOKJHOFFAU86CA,32,2.61,共有部份,鋼筋混凝土造,76年1月13日,五層,
RPRPMLQLKINFFAU37CA,33,83.70,住家用,鋼筋混凝土造,74年8月3日,五層,二層
RPRPMLQLKINFFAU37CA,33,7.29,共有部份,鋼筋混凝土造,74年8月3日,五層,
RPRPMLQLKINFFAU37CA,33,8.87,共有部份,鋼筋混凝土造,74年8月3日,五層,
RPWNMLNJJHOFFAU07CA,20,120.96,住家用,鋼筋混凝土造,88年4月14日,五層,一層 陽台 雨遮
RPWNMLNJJHOFFAU07CA,20,8.26,共有部份,鋼筋混凝土造,88年4月14日,五層,
RPWNMLRJJHOFFAU47CA,26,91.25,倉儲,鋼筋混凝土造,81年9月30日,八層,屋頂突出物
RPWNMLRJJHOFFAU47CA,26,28.82,共有部份,鋼筋混凝土造,81年9月30日,八層,
RPPOMLPKJHOFFAU76CA,7,179.65,集合住宅,鋼筋混凝土造,100年12月29日,三層,一層 二層 三層 陽台 屋頂突出物
RPXNMLSLKINFFAU97CA,30,119.14,住家用,鋼筋混凝土造,78年5月17日,二層,一層 二層 陽台 屋頂突出物
RPSOMLOKJHOFFAU96CA,40,84.75,住家用,鋼筋混凝土加強磚造,68年5月9日,二層,一層 二層
RPOOMLLKJHOFFAU88CA,14,215.12,住家用,鋼筋混凝土造,93年7月12日,三層,一層 二層 三層 陽台 雨遮
RPQNMLTJJHOFFAU07CA,,65.96,集合住宅,鋼筋混凝土造,107年11月13日,五層,五層 陽台
RPQNMLTJJHOFFAU07CA,,38.63,本共有部分之項目有停車空間、電梯、樓梯、梯廳及屋頂突出物等五項,鋼筋混凝土造,107年11月13日,五層,
RPQNMLTJJHOFFAU07CA,,13.75,停車空間,鋼筋混凝土造,107年11月13日,五層,
RPQOMLMJJHOFFAU09CA,21,67.16,住家用,鋼筋混凝土造,86年8月27日,九層,四層 五層 陽台 花台
RPQOMLMJJHOFFAU09CA,21,10.85,共有部份,鋼筋混凝土造,86年8月27日,九層,
RPQOMLMJJHOFFAU09CA,21,8.81,共有部份,鋼筋混凝土造,86年8月27日,九層,
RPQOMLMJJHOFFAU09CA,21,53.07,共有部份,鋼筋混凝土造,86年8月27日,九層,
RPVOMLSLKINFFAU87CA,14,186.12,住家用,鋼筋混凝土造,94年1月31日,三層,一層 二層 三層 陽台 見其他登記事項
RPVNMLRKJHOFFAU47CA,1,105.16,集合住宅,鋼筋混凝土造,107年2月6日,九層,八層 陽台
RPVNMLRKJHOFFAU47CA,1,44.78,共有部份,鋼筋混凝土造,107年2月6日,九層,
RPVNMLRKJHOFFAU47CA,1,50.57,共有部份,鋼筋混凝土造,107年2月6日,九層,
RPPNMLMJJHOFFAU88CA,12,204.28,住家用,鋼筋混凝土造,96年3月15日,三層,一層 二層 三層 陽台 雨遮 見其他登記事項
RPPNMLMJJHOFFAU88CA,12,190.34,住家用,鋼筋混凝土造,96年3月15日,三層,一層 二層 三層 陽台 雨遮 見其他登記事項
RPQNMLMJJHOFFAU98CA,23,70.76,住家用,鋼筋混凝土造,84年10月17日,五層,五層 陽台
RPQNMLMJJHOFFAU98CA,23,21.96,共有部份,鋼筋混凝土造,84年10月17日,五層,
RPQNMLMJJHOFFCU56CA,,252.40,住家用,鋼筋混凝土造,107年10月30日,三層,一層 二層 三層 陽台 屋頂突出物
RPRNMLMJJHOFFCU66CA,,252.40,住家用,鋼筋混凝土造,107年10月30日,三層,一層 二層 三層 陽台 屋頂突出物
RPPNMLLJJHOFFBU88CA,22,202.88,住商用,鋼筋混凝土造,85年8月29日,三層,一層 二層 三層 陽台 屋頂突出物
RPQNMLNJJHOFFAU09CA,34,95.65,住家用,鋼筋混凝土造,74年2月4日,二層,一層 二層
RPQNMLLLJHOFFAU09CA,,168.37,農舍,鋼筋混凝土造,107年9月11日,四層,一層 二層 三層 四層 屋頂突出物
RPSOMLMJJHOFFAU66CA,,17.69,住家用,蓋瓦木造,,一層,一層
RPWNMLLLJHOFFAU07CA,8,203.81,住家用,鋼筋混凝土造,99年7月26日,二層,一層 二層 陽台 見其他登記事項
RPPNMLOKJHOFFAU56CA,23,70.42,住家用,鋼筋混凝土造,84年11月4日,十一層,二層 陽台
RPPNMLOKJHOFFAU56CA,23,10.36,共有部份,鋼筋混凝土造,84年11月4日,十一層,
RPPNMLOKJHOFFAU56CA,23,15.52,共有部份,鋼筋混凝土造,84年11月4日,十層,
RPRNMLNJJHOFFAU56CA,23,78.93,住家用,鋼筋混凝土造,84年12月28日,六層,二層 陽台
RPRNMLNJJHOFFAU56CA,23,24.99,共有部份,鋼筋混凝土造,84年12月28日,六層,
RPOOMLOJJHOFFAU09CA,25,87.13,住家用,鋼筋混凝土造,83年4月1日,十層,一層 平台 花台
RPOOMLOJJHOFFAU09CA,25,23.18,共有部份,鋼筋混凝土造,83年4月1日,十層,
RPPNMLTJJHOFFCU17CA,,216.25,住家用,鋼筋混凝土造,107年9月27日,三層,一層 二層 三層 陽台
RPUNMLSJJHOFFAU37CA,21,92.46,住家用,鋼筋混凝土造,86年8月27日,九層,二層 三層 陽台
RPUNMLSJJHOFFAU37CA,21,16.63,共有部份,鋼筋混凝土造,86年8月27日,九層,
RPUNMLSJJHOFFAU37CA,21,12.31,共有部份,鋼筋混凝土造,86年8月27日,九層,
RPUNMLSJJHOFFAU37CA,21,54.18,共有部份,鋼筋混凝土造,86年8月27日,九層,
RPSOMLSJJHOFFAU27CA,37,114.29,住家用,鋼筋混凝土造,70年11月24日,七層,五層
RPSOMLSJJHOFFAU27CA,37,23.34,共有部份,鋼筋混凝土造,70年11月24日,七層,
RPXNMLOJJHOFFAU27CA,41,105.28,住商用,鋼筋混凝土加強磚造,66年9月29日,二層,一層 二層 騎樓
RPTOMLSJJHOFFAU37CA,1,53.05,集合住宅,鋼筋混凝土造,107年4月27日,十二層,十二層 陽台
RPTOMLSJJHOFFAU37CA,1,12.09,本共有部份之項目有防空避難室兼停車空間、機電設備、騎樓、Ｆ梯安全梯、一樓梯廳、一樓門廳、管委會使用空間、車道、Ｃ棟垃圾處理區等９項。,鋼筋混凝土造,107年4月27日,十二層,
RPTOMLSJJHOFFAU37CA,1,15.67,共有部份,鋼筋混凝土造,107年4月27日,十二層,
RPSNMLOKJHOFFAU86CA,36,96.66,住家用,鋼筋混凝土加強磚造,71年10月4日,二層,一層 二層
RPPNMLTJJHOFFAU96CA,,65.96,集合住宅,鋼筋混凝土造,107年11月13日,五層,四層 陽台
RPPNMLTJJHOFFAU96CA,,38.63,本共有部分之項目有停車空間、電梯、樓梯、梯廳及屋頂突出物等五項,鋼筋混凝土造,107年11月13日,五層,
RPPNMLTJJHOFFAU96CA,,13.75,停車空間,鋼筋混凝土造,107年11月13日,五層,
RPTNMLOLJHOFFAU07CA,20,121.24,住家用,鋼筋混凝土造,88年3月19日,一層,一層 騎樓
RPXOMLSJJHOFFAU77CA,24,31.34,住家用,鋼筋混凝土造,84年3月27日,五層,三層 陽台
RPXOMLSJJHOFFAU77CA,24,8.61,共有部份,鋼筋混凝土造,84年3月27日,五層,
RPPNMLQKJHOFFAU76CA,45,84.54,住家用,鋼筋混凝土加強磚造,62年7月31日,二層,一層 二層
RPVNMLSJJHOFFAU47CA,25,167.07,住商用,鋼筋混凝土造,82年12月23日,三層,一層 二層 三層 陽台 平台 屋頂突出物 花台
RPXNMLRJJHOFFAU57CA,43,85.92,住商用,鋼筋混凝土加強磚造,65年4月6日,二層,一層 二層 騎樓
RPOPMLOJJHOFFAU56CA,7,179.37,集合住宅,鋼筋混凝土造,100年12月29日,三層,一層 二層 三層 陽台 屋頂突出物
RPROMLRJJHOFFAU07CA,34,77.31,住家用,鋼筋混凝土造,73年9月19日,五層,一層 陽台
RPROMLRJJHOFFAU07CA,34,13.48,共有部份,鋼筋混凝土造,73年9月19日,五層,
RPROMLRJJHOFFAU07CA,34,4.67,共有部份,鋼筋混凝土造,73年9月19日,五層,
RPQNMLQKJHOFFCU07CA,38,110.97,住商用,鋼筋混凝土加強磚造,69年12月8日,二層,一層 二層 騎樓
RPWOMLSJJHOFFAU67CA,19,129.66,住家用,鋼筋混凝土造,89年5月9日,六層,一層 二層 陽台 騎樓
RPTNMLTJJHOFFAU37CA,32,105.50,住家用,鋼筋水泥及鋼筋水泥加強磚造,76年5月7日,二層,一層 二層
RPWOMLSJJHOFFAU67CA,19,47.23,共有部份,鋼筋混凝土造,89年5月9日,六層,
RPSNMLSJJHOFFAU17CA,22,34.67,住家用,鋼筋混凝土、木造,85年11月1日,五層,五層 陽台 夾層
RPSNMLSJJHOFFAU17CA,22,16.81,共有部份,鋼筋混凝土造,85年11月1日,五層,
RPSPMLPKJHOFFAU17CA,21,113.16,住家用,鋼筋混凝土造,87年3月9日,四層,三層 四層 陽台
RPSPMLPKJHOFFAU17CA,21,8.97,共有部份,鋼筋混凝土造,87年3月9日,五層,
RPSPMLPKJHOFFAU17CA,21,13.26,共有部份,鋼筋混凝土造,87年3月9日,四層,
RPRNMLSKJHOFFAU17CA,19,108.80,住家用,鋼筋混凝土造,89年6月9日,七層,五層 陽台
RPRNMLSKJHOFFAU17CA,19,55.65,共有部份,鋼筋混凝土造,89年6月9日,七層,
RPRNMLSKJHOFFAU17CA,19,21.43,共有部份,鋼筋混凝土造,89年6月9日,七層,
RPRPMLPKJHOFFAU07CA,39,86.54,住家用,鋼筋混凝土加強磚造,69年4月4日,二層,一層 二層
RPTNMLSKJHOFFAU37CA,5,130.65,農舍,鋼筋混凝土造,103年1月10日,三層,一層 二層 三層 陽台
RPROMLQKJHOFFAU07CA,25,123.30,住家用,鋼筋混凝土造,82年12月10日,五層,三層 陽台
RPROMLQKJHOFFAU07CA,25,12.81,共有部份,鋼筋混凝土造,82年12月10日,五層,
RPTOMLOKJHOFFAU07CA,31,47.44,住家用,鋼筋混凝土造,76年11月11日,二層,一層 二層
RPVNMLTKJHOFFAU67CA,24,21.84,住家用,鋼筋混凝土造,83年11月15日,十二層,三層
RPVNMLTKJHOFFAU67CA,24,5.63,共有部份,鋼筋混凝土造,83年11月15日,十二層,
RPVNMLTKJHOFFAU67CA,24,7.44,共有部份,鋼筋混凝土造,83年11月15日,十二層,
RPSNMLKKJHOFFAU09CA,39,75.10,住商用,鋼筋混凝土加強磚造,69年5月22日,二層,一層 二層 騎樓
RPSNMLLKJHOFFAU56CA,22,23.56,住家用,鋼筋混凝土造,85年11月1日,五層,三層 陽台
RPSNMLLKJHOFFAU56CA,22,10.46,共有部份,鋼筋混凝土造,85年11月1日,五層,
RPUOMLSJJHOFFAU47CA,29,37.83,住家用,鋼筋混凝土造,78年6月30日,十層,七層 陽台
RPUOMLSJJHOFFAU47CA,31,.94,共有部份,鋼筋混凝土造,76年6月30日,十層,
RPQOMLSJJHOFFAU07CA,24,170.84,住家用,鋼筋混凝土造,83年10月27日,三層,一層 二層 三層 陽台 平台 屋頂突出物
RPTNMLLKJHOFFAU86EA,13,272.94,住商用,鋼筋混凝土造,94年7月8日,四層,一層 二層 三層 四層 陽台 見其他登記事項
RPQNMLLKJHOFFAU98CA,14,180.84,住家用,鋼筋混凝土造,93年8月31日,四層,一層 二層 三層 四層 陽台
RPTNMLKKJHOFFAU56CA,23,108.62,住家用,鋼筋混凝土造,85年2月16日,十五層,六層 陽台
RPRNMLLKJHOFFAU09CA,37,116.84,住家用,鋼筋混凝土造,70年11月24日,七層,七層 陽台
RPTNMLKKJHOFFAU56CA,23,28.37,共有部份,鋼筋混凝土造,85年2月16日,十五層,
RPTNMLKKJHOFFAU56CA,23,14.51,共有部份,鋼筋混凝土造,85年2月16日,十五層,
RPRNMLLKJHOFFAU09CA,37,18.67,共有部份,鋼筋混凝土造,70年11月24日,七層,
RPWNMLKKJHOFFAU86CA,2,233.36,住家用,鋼筋混凝土造,105年11月30日,四層,一層 二層 三層 四層 陽台
RPTNMLQKJHOFFAU27DA,37,124.78,住家用,鋼筋混凝土加強磚造,70年7月20日,二層,一層 二層
RPPOMLTJJHOFFAU07CA,,80.55,住家用,鋼筋混凝土加強磚造,,一層,一層
RPUNMLOKJHOFFAU07CA,26,82.14,倉儲,鋼筋混凝土造,81年9月30日,八層,七層 陽台
RPUNMLOKJHOFFAU07CA,26,16.85,共有部份,鋼筋混凝土造,81年9月30日,八層,
RPPOMLOKJHOFFAU66CA,30,62.71,住家用,鋼筋混凝土造,77年11月25日,五層,一層
RPPOMLOKJHOFFAU66CA,30,4.54,共有部份,鋼筋混凝土造,77年11月25日,五層,
RPUOMLLMJHOFFAU07CA,14,209.79,住家用,鋼筋混凝土造,94年4月21日,四層,一層 二層 三層 四層 陽台 雨遮
RPSOMLLMJHOFFAU86CA,22,91.36,住家用,鋼筋混凝土造,85年9月3日,七層,六層 陽台
RPSOMLLMJHOFFAU86CA,22,28.08,共有部份,鋼筋混凝土造,85年9月3日,七層,
RPTNMLLKKHOFFAU76CA,20,95.31,住家用,鋼筋混凝土造,88年2月24日,六層,一層 陽台
RPTNMLLKKHOFFAU76CA,20,25.90,共有部份,鋼筋混凝土造,88年2月24日,六層,
RPSOMLSLJHOFFAU47CA,25,21.49,住家用,鋼筋混凝土造,82年10月14日,六層,四層 陽台
RPSOMLSLJHOFFAU47CA,25,7.31,共有部份,鋼筋混凝土造,82年10月14日,六層,
RPRNMLLKKHOFFAU56CA,37,96.97,住家用,鋼筋混凝土加強磚造,71年2月27日,一層,一層 夾層
RPQNMLOKJHOFFAU66CA,37,108.84,住家用,鋼筋混凝土造,70年12月14日,五層,四層 陽台
RPUOMLPKJHOFFAU27CA,28,102.26,住商用,鋼筋混凝土造,80年5月31日,二層,一層 二層 陽台 騎樓
RPQNMLOKJHOFFAU66CA,37,14.82,共有部份,鋼筋混凝土造,70年12月14日,五層,
RPTNMLPKJHOFFAU07CA,39,235.62,住商用,鋼筋混凝土造,68年10月1日,四層,一層 二層 三層 四層 屋頂突出物 騎樓 地下層
RPPOMLKKJHOFFAU88CA,36,76.48,住家用,鋼筋混凝土加強磚造,71年10月28日,二層,一層 二層
RPQNMLOKJHOFFCU86CA,35,88.37,住家用,鋼筋混凝土加強磚造,73年2月16日,二層,一層 二層 陽台
RPXNMLOKJHOFFAU37CA,40,102.20,住家用,鋼筋混凝土加強磚造,68年2月5日,二層,一層 二層
RPQNMLTLJHOFFBU37CA,47,109.12,住家用,鋼筋混凝土加強磚造,60年12月24日,一層,一層
RPRNMLPLJHOFFBU07CA,32,132.88,住商用,鋼筋混凝土加強磚造,75年12月3日,二層,一層 二層 屋頂突出物 騎樓
RPPOMLQKJHOFFAU86CA,31,184.56,住商用,鋼筋混凝土造,77年2月10日,三層,一層 二層 三層 陽台 屋頂突出物 騎樓
RPQPMLPKJHOFFAU96CA,39,99.83,住家用,鋼筋混凝土加強磚造,69年5月2日,二層,一層 二層
RPXNMLPKJHOFFAU47CA,25,198.93,住家用,鋼筋混凝土造,82年6月28日,三層,一層 二層 三層 陽台
RPVNMLOKJHOFFAU17CA,10,49.62,住家用,鋼筋混凝土造,97年6月26日,五層,二層 陽台
RPVNMLOKJHOFFAU17CA,10,14.34,共有部份,鋼筋混凝土造,97年6月26日,五層,
RPUNMLTKJHOFFAU57CA,27,33.75,住家用,鋼筋混凝土造,81年4月22日,五層,五層 陽台
RPUNMLTKJHOFFAU57CA,27,5.19,共有部份,鋼筋混凝土造,81年4月22日,五層,
RPUNMLTKJHOFFAU57CA,27,33.75,住家用,鋼筋混凝土造,81年4月22日,五層,五層 陽台
RPUNMLTKJHOFFAU57CA,27,5.19,共有部份,鋼筋混凝土造,81年4月22日,五層,
RPQNMLRKJHOFFAU96CA,25,69.89,住家用,鋼筋混凝土造,82年11月8日,六層,二層 陽台 花台
RPQNMLRKJHOFFAU96CA,25,28.28,共有部份,鋼筋混凝土造,82年11月8日,六層,
RPQNMLTKJHOFFAU17CA,25,96.73,住家用,鋼筋混凝土造,82年11月9日,六層,四層 陽台 花台
RPQNMLTKJHOFFAU17CA,25,34.57,共有部份,鋼筋混凝土造,82年11月9日,六層,
RPRPMLKMJHOFFAU76CA,22,62.04,住家用,鋼筋混凝土造,85年7月26日,五層,三層 陽台
RPRPMLKMJHOFFAU76CA,22,9.41,共有部份,鋼筋混凝土造,85年7月26日,五層,
RPWNMLLJKHOFFAU96CA,24,30.73,住家用,鋼筋混凝土造,84年3月3日,五層,三層 陽台
RPWNMLLJKHOFFAU96CA,24,8.16,共有部份,鋼筋混凝土造,84年3月3日,五層,
RPVNMLLJKHOFFAU86CA,32,70.92,住家用,鋼筋混凝土造,75年9月12日,二層,一層 二層 陽台
RPWOMLQKJHOFFAU57CA,24,85.39,住家用,鋼筋混凝土造,84年5月16日,八層,七層 陽台
RPWOMLQKJHOFFAU57CA,24,43.35,共有部份,鋼筋混凝土造,84年5月16日,八層,
RPPNMLPKJHOFFAU66CA,25,20.32,住家用,鋼筋混凝土造,82年6月22日,七層,三層 陽台
RPOOMLQKJHOFFAU76CA,30,96.52,住家用,鋼筋混凝土造,77年7月20日,二層,一層 二層 陽台
RPUNMLPKJHOFFAU17CA,41,121.48,住家用,鋼筋混凝土加強磚造,66年9月8日,二層,一層 二層 騎樓
RPWNMLPKJHOFFAU37CA,7,203.37,住家用,鋼筋混凝土造,100年11月1日,三層,一層 二層 三層 陽台 雨遮 見其他登記事項
RPPNMLKMJHOFFAU98CA,25,204.63,住家用,鋼筋混凝土造,82年6月28日,三層,一層 二層 三層 陽台 屋頂突出物 見其他登記事項
RPTPMLLMJHOFFAU07CA,35,105.39,住家用,鋼筋混凝土造,72年11月11日,五層,五層 陽台
RPTPMLLMJHOFFAU07CA,35,9.04,共有部份,鋼筋混凝土造,72年11月11日,五層,
RPTPMLLMJHOFFAU07CA,35,7.94,共有部份,鋼筋混凝土造,72年11月11日,五層,
RPOQMLLMJHOFFAU66CA,7,259.40,農舍,鋼筋混凝土造,101年1月5日,三層,一層 二層 三層 陽台 屋頂突出物
RPUNMLLKKHOFFAU86CA,17,139.91,住家用,鋼筋混凝土造,90年10月11日,三層,一層 二層 三層 陽台 雨遮
RPVOMLQKJHOFFAU47CA,2,374.99,工業社區住宅,鋼筋混凝土造,106年5月23日,四層,一層 二層 三層 四層 陽台 屋頂突出物
RPVNMLQKJHOFFAU37CA,35,151.48,住家用,鋼筋混凝土加強磚造,72年11月5日,二層,一層 二層
RPOOMLRKJHOFFAU86CA,2,73.65,住家用,鋼筋混凝土造,106年2月2日,七層,五層 陽台
RPOOMLRKJHOFFAU86CA,2,33.63,共有部份,鋼筋混凝土造,106年2月2日,七層,
RPOOMLRKJHOFFAU86CA,2,12.75,共有部份（停車空間）,鋼筋混凝土造,106年2月2日,七層,
RPTNMLRKJHOFFAU27CA,2,94.91,住家用,鋼筋混凝土造,106年2月2日,七層,五層 陽台
RPTNMLRKJHOFFAU27CA,2,43.13,共有部份,鋼筋混凝土造,106年2月2日,七層,
RPTNMLRKJHOFFAU27CA,2,12.75,共有部份（停車空間）,鋼筋混凝土造,106年2月2日,七層,
RPSNMLRKJHOFFAU17CA,34,175.89,住商用,鋼筋混凝土造,73年12月31日,五層,一層 二層 騎樓
RPSNMLRKJHOFFAU17CA,34,9.31,共有部份,鋼筋混凝土造,73年12月31日,五層,
RPUPMLLMJHOFFAU17CA,34,180.77,住家用,鋼筋混凝土加強磚造,74年1月7日,二層,一層 二層 屋頂突出物
RPPNMLMLJHOFFAU09CA,,60.90,住家用,鋼筋混凝土造,,二層,一層 二層
RPVNMLLLJHOFFAU96CA,31,44.13,住家用,鋼筋混凝土造,76年11月11日,二層,一層 二層 陽台
RPRNMLSLJHOFFAU27CA,26,54.25,住家用,鋼筋混凝土造,82年6月22日,五層,五層 陽台 花台 雨遮
RPRNMLSLJHOFFAU27CA,26,19.66,共有部份,鋼筋混凝土造,82年6月22日,五層,
RPWOMLOLJHOFFAU47CA,45,100.80,住家用,鋼筋混凝土造,62年11月30日,二層,一層 二層 騎樓
RPOOMLOLJHOFFAU66CA,39,101.54,住商用,鋼筋混凝土加強磚造,68年12月8日,二層,一層 二層 騎樓
RPRNMLTKJHOFFAU27CA,21,56.27,住家用,鋼筋混凝土造,86年12月11日,五層,五層 陽台
RPRNMLTKJHOFFAU27CA,21,13.41,共有部份,鋼筋混凝土造,86年12月11日,五層,
RPPNMLTKJHOFFAU07CA,,65.96,集合住宅,鋼筋混凝土造,107年11月13日,五層,三層 陽台
RPPNMLTKJHOFFAU07CA,,38.63,本共有部分之項目有停車空間、電梯、樓梯、梯廳及屋頂突出物等五項,鋼筋混凝土造,107年11月13日,五層,
RPPOMLRKJHOFFAU96CA,26,124.96,住家用,鋼筋混凝土造,81年10月9日,三層,一層 二層 三層 陽台
RPPOMLRKJHOFFAU96CA,26,1.73,停車空間,鋼筋混凝土造,81年10月9日,三層,
RPPNMLRKJHOFFAU86CA,26,240.09,住商用,鋼筋混凝土造,82年5月5日,三層,一層 二層 三層 陽台 屋頂突出物 騎樓
RPPNMLPLJHOFFBU86CA,42,68.89,住家用,磚造,66年4月6日,一層,一層
RPQNMLSKJHOFFAU07CA,34,89.48,住家用,鋼筋混凝土加強磚造,73年12月11日,二層,一層 二層
RPTOMLOLJHOFFAU17CA,7,96.10,住家用,鋼筋混凝土造,100年6月28日,三層,一層 二層 三層 陽台 屋頂突出物 雨遮
RPTOMLOLJHOFFAU17CA,7,96.10,住家用,鋼筋混凝土造,100年6月28日,三層,一層 二層 三層 陽台 屋頂突出物 雨遮
RPQNMLOLJHOFFAU76CA,42,75.73,住家用,鋼筋混凝土加強磚造,66年3月21日,二層,一層 二層
RPPOMLSLJHOFFAU17CA,35,63.68,住家用,鋼筋混凝土加強磚造,73年1月7日,二層,一層 二層
RPTOMLLJKHOFFAU76CA,24,22.78,住家用,鋼筋混凝土造,83年11月15日,十二層,六層 花台
RPTOMLLJKHOFFAU76CA,24,5.63,共有部份,鋼筋混凝土造,83年11月15日,十二層,
RPTOMLLJKHOFFAU76CA,24,6.19,共有部份,鋼筋混凝土造,83年11月15日,十二層,
RPPOMLLJKHOFFAU98CA,40,47.88,住家用,鋼筋混凝土加強磚造,67年12月8日,一層,一層
RPQNMLLMJHOFFAU56CA,40,143.70,住家用,鋼筋混凝土加強磚造,67年12月12日,二層,一層 二層 騎樓
RPWNMLTLJHOFFAU87CA,29,631.17,住商用,鋼筋混凝土造,79年1月11日,五層,一層 二層 三層 四層 五層 陽台 防空避難室 騎樓
RPTOMLTLJHOFFAU67CA,12,52.76,住家用,鋼筋混凝土造,95年7月21日,二層,一層 二層 陽台 屋頂突出物
RPTOMLTLJHOFFAU67CA,12,52.76,住家用,鋼筋混凝土造,95年7月21日,二層,一層 二層 陽台 屋頂突出物
RPTOMLTLJHOFFAU67CA,12,52.76,住家用,鋼筋混凝土造,95年7月21日,二層,一層 二層 陽台 屋頂突出物
RPQOMLLLJHOFFAU56CA,24,159.36,住家用,鋼筋混凝土造,83年10月29日,三層,一層 二層 三層 陽台 屋頂突出物 見其他登記事項
RPTNMLTKJHOFFAU47CA,1,53.05,集合住宅,鋼筋混凝土造,107年4月27日,十二層,九層 陽台
RPTNMLTKJHOFFAU47CA,1,12.09,本共有部份之項目有防空避難室兼停車空間、機電設備、騎樓、Ｆ梯安全梯、一樓梯廳、一樓門廳、管委會使用空間、車道、Ｃ棟垃圾處理區等９項。,鋼筋混凝土造,107年4月27日,十二層,
RPTNMLTKJHOFFAU47CA,1,16.40,共有部份,鋼筋混凝土造,107年4月27日,十二層,
RPVNMLMLJHOFFCU27CA,33,75.65,住家用,木構架加強磚造,75年4月27日,一層,一層
RPXNMLMLJHOFFCU47CA,30,156.16,住宅、儲藏室,鋼筋混凝土加強磚造,78年6月23日,二層,一層 二層 陽台 屋頂突出物 儲藏室
RPRNMLLLJHOFFAU66DA,24,70.54,住家用,鋼筋混凝土造,83年4月14日,六層,六層 陽台 屋頂突出物
RPRNMLLLJHOFFAU66DA,24,1.67,共有部份,鋼筋混凝土造,83年4月14日,六層,
RPWPMLOKKHOFFAU57CA,22,24.00,住家用,鋼筋混凝土造,86年1月13日,七層,三層 陽台
RPWPMLOKKHOFFAU57CA,22,9.92,共有部份,鋼筋混凝土造,86年1月13日,七層,
RPSNMLLLJHOFFAU66CA,42,57.78,住家用,鋼筋混凝土加強磚造,66年2月3日,一層,一層
RPXNMLLJKHOFFAU07CA,38,96.50,住家用,鋼筋混凝土加強磚造,70年4月20日,二層,一層 二層
RPVOMLKMJHOFFAU07CA,36,209.67,住商用,鋼筋混凝土造,71年9月8日,三層,一層 二層 三層 屋頂突出物 騎樓 儲藏室
RPUOMLOLJHOFFAU27CA,3,317.32,住家用,鋼筋混凝土造,104年12月11日,四層,一層 二層 三層 四層 陽台 屋頂突出物
RPVOMLOLJHOFFAU37CA,3,317.32,住家用,鋼筋混凝土造,104年12月11日,四層,一層 二層 三層 四層 陽台 屋頂突出物
RPOQMLOKKHOFFAU86CA,35,63.68,住家用,鋼筋混凝土加強磚造,73年1月7日,二層,一層 二層
RPSQMLOKKHOFFAU27CA,44,74.68,住商用,鋼筋混凝土造,64年1月27日,二層,一層 二層 騎樓
RPRQMLOKKHOFFAU17CA,24,30.89,住家用,鋼筋混凝土造,83年8月11日,八層,七層 陽台
RPRQMLOKKHOFFAU17CA,24,13.90,共有部份,鋼筋混凝土造,83年8月11日,八層,
RPRNMLOLJHOFFAU86CA,44,52.26,住商用,鋼筋混凝土加強磚造,63年7月26日,三層,一層 二層 三層
RPQNMLMLJHOFFAU56CA,21,130.55,住家用,鋼筋混凝土造,86年8月7日,三層,一層 二層 三層 陽台 平台 雨遮
RPRNMLMLJHOFFAU66CA,26,87.93,住家用,鋼筋混凝土造,82年6月22日,五層,一層 平台
RPRNMLMLJHOFFAU66CA,26,11.94,共有部份,鋼筋混凝土造,82年6月22日,五層,
RPVNMLMLJHOFFAU07CA,20,95.45,住家用,鋼筋混凝土造,88年4月14日,五層,四層 陽台 雨遮
RPVNMLMLJHOFFAU07CA,20,10.45,共有部份,鋼筋混凝土造,88年4月14日,五層,
RPVNMLMLJHOFFAU07CA,20,6.75,共有部份,鋼筋混凝土造,88年4月14日,五層,
RPUNMLPLJHOFFAU27CA,28,169.18,住家用,鋼筋混凝土造,79年10月26日,二層,一層 二層 陽台 屋頂突出物 見其他登記事項
RPPNMLLMJHOFFAU09CA,26,74.76,住家用,鋼筋混凝土造,82年3月5日,六層,二層 陽台
RPPNMLLMJHOFFAU09CA,26,25.30,共有部份,鋼筋混凝土造,82年3月5日,六層,
RPQOMLLJKHOFFAU09CA,23,22.80,住家用,鋼筋混凝土造,84年9月19日,六層,六層 陽台
RPQOMLLJKHOFFAU09CA,23,9.54,共有部份,鋼筋混凝土造,84年9月19日,六層,
RPQQMLOKKHOFFAU07CA,24,17.97,住家用,鋼筋混凝土造,83年11月15日,十二層,八層
RPQQMLOKKHOFFAU07CA,24,5.58,共有部份,鋼筋混凝土造,83年11月15日,十二層,
RPQQMLOKKHOFFAU07CA,24,2.98,共有部份,鋼筋混凝土造,83年11月15日,十二層,
RPTNMLQLJHOFFCU47CA,,216.15,住家用,鋼筋混凝土造,107年9月27日,三層,一層 二層 三層 陽台
RPSNMLQLJHOFFCU37CA,,216.25,住家用,鋼筋混凝土造,107年9月27日,三層,一層 二層 三層 陽台
RPPNMLOLJHOFFCU07EA,30,138.43,住商用,鋼筋混凝土造,77年7月27日,二層,一層 二層 騎樓
RPOOMLNLJHOFFAU56CA,47,19.88,住家用,木石磚造,,一層,一層
RPQNMLNLJHOFFAU66CA,24,22.87,住家用,鋼筋混凝土造,83年11月15日,十二層,十層 陽台
RPQNMLNLJHOFFAU66CA,24,5.20,共有部份,鋼筋混凝土造,83年11月15日,十二層,
RPQNMLNLJHOFFAU66CA,24,6.92,共有部份,鋼筋混凝土造,83年11月15日,十二層,
RPWNMLNLJHOFFAU27CA,25,37.54,住家用,鋼筋混凝土造,83年5月18日,六層,四層 陽台
RPWNMLNLJHOFFAU27CA,25,16.68,共有部份,鋼筋混凝土造,83年5月18日,六層,
RPSOMLNLJHOFFAU96CA,32,28.05,住家用,鋼筋混凝土造,75年7月12日,五層,一層 平台
RPSOMLNLJHOFFAU96CA,32,6.22,共有部份,鋼筋混凝土造,75年7月12日,五層,
RPPOMLNLJHOFFAU76DA,29,174.63,商業用,鋼筋混凝土造,78年6月30日,十層,三層 陽台
RPPOMLNLJHOFFAU76DA,31,33.75,共有部份,鋼筋混凝土造,76年6月30日,十層,
RPPOMLNLJHOFFAU76DA,29,123.90,商業用,鋼筋混凝土造,78年6月30日,十層,三層 陽台
RPPOMLNLJHOFFAU76DA,31,16.40,共有部份,鋼筋混凝土造,76年6月30日,十層,
RPPOMLNLJHOFFAU76DA,29,25.53,商業用,鋼筋混凝土造,78年6月30日,十層,三層 陽台
RPPOMLNLJHOFFAU76DA,31,3.28,共有部份,鋼筋混凝土造,76年6月30日,十層,
RPTOMLNLJHOFFAU07CA,32,26.45,住家用,鋼筋混凝土造,75年7月12日,五層,四層 陽台
RPTOMLNLJHOFFAU07CA,32,5.88,共有部份,鋼筋混凝土造,75年7月12日,五層,
RPXNMLNLJHOFFAU37CA,24,26.20,住家用,鋼筋混凝土造,83年11月15日,十二層,三層
RPXNMLNLJHOFFAU37CA,24,8.47,共有部份,鋼筋混凝土造,83年11月15日,十二層,
RPXNMLNLJHOFFAU37CA,24,4.38,共有部份,鋼筋混凝土造,83年11月15日,十二層,
RPSNMLLJKHOFFAU56CA,23,108.62,住家用,鋼筋混凝土造,85年2月16日,十五層,二層 陽台
RPSNMLLJKHOFFAU56CA,23,28.37,共有部份,鋼筋混凝土造,85年2月16日,十五層,
RPVNMLNLJHOFFAU17CA,25,65.26,住家用,鋼筋混凝土造,83年4月14日,六層,二層 陽台 花台
RPVNMLNLJHOFFAU17CA,25,18.08,共有部份,鋼筋混凝土造,83年4月14日,六層,
RPSNMLOLJHOFFAU96CA,36,88.16,住家用,鋼筋混凝土加強磚造,72年4月14日,二層,一層 二層
RPROMLOLJHOFFAU96CA,20,120.96,住家用,鋼筋混凝土造,88年4月14日,五層,四層 陽台 雨遮
RPROMLOLJHOFFAU96CA,20,8.26,共有部份,鋼筋混凝土造,88年4月14日,五層,
RPROMLOLJHOFFAU96CA,20,12.91,共有部份,鋼筋混凝土造,88年4月14日,五層,
RPUNMLOLJHOFFAU17CA,19,108.43,住家用,鋼筋混凝土造,89年6月9日,七層,三層 陽台
RPUNMLOLJHOFFAU17CA,19,21.86,共有部份,鋼筋混凝土造,89年6月9日,七層,
RPUNMLOLJHOFFAU17CA,19,55.37,共有部份,鋼筋混凝土造,89年6月9日,七層,
RPVNMLOLJHOFFAU27CA,16,202.82,住家用,鋼筋混凝土造,92年6月3日,三層,一層 二層 三層 陽台 屋頂突出物
RPWNMLOLJHOFFAU37CA,25,64.82,住家用,鋼筋混凝土造,82年10月29日,十層,五層 陽台
RPWNMLOLJHOFFAU37CA,25,20.46,共有部份,鋼筋混凝土造,82年10月29日,十層,
RPUOMLSLJHOFFAU67CA,37,91.92,住家用,鋼筋混凝土加強磚造,71年5月1日,二層,一層 二層
RPXNMLOLJHOFFAU47CA,24,74.44,住家用,鋼筋混凝土造,83年10月26日,九層,四層 陽台
RPXNMLOLJHOFFAU47CA,24,9.60,共有部份,鋼筋混凝土造,83年10月26日,九層,
RPXNMLOLJHOFFAU47CA,24,18.81,共有部份,鋼筋混凝土造,83年10月26日,九層,
RPSNMLNLJHOFFAU86CA,23,28.37,共有部份,鋼筋混凝土造,85年2月16日,十五層,
RPSNMLNLJHOFFAU86CA,23,107.58,住家用,鋼筋混凝土造,85年2月16日,十五層,十五層 陽台
RPSNMLNLJHOFFAU86CA,23,14.51,共有部份,鋼筋混凝土造,85年2月16日,十五層,
RPTNMLPLJHOFFAU17CA,27,129.55,住家用,鋼筋混凝土造,80年9月10日,四層,二層 陽台
RPTNMLPLJHOFFAU17CA,27,18.01,共有部份,鋼筋混凝土造,80年9月10日,四層,
RPSNMLKMJHOFFAU66CA,23,49.08,住家用,鋼筋混凝土造,85年5月13日,五層,五層 陽台 見其他登記事項
RPQPMLLMJHOFFAU76CA,45,139.94,住家用,鋼筋混凝土加強磚造,63年3月22日,二層,一層 二層
RPPOMLOLJHOFFAU76CA,18,206.86,住家用,鋼筋混凝土造,89年8月28日,三層,一層 二層 三層 陽台 屋頂突出物
RPRNMLQLJHOFFCU27CA,,216.25,住家用,鋼筋混凝土造,107年9月27日,三層,一層 二層 三層 陽台
RPPNMLNLKHOFFCU86CA,35,110.61,住家用,鋼筋混凝土加強磚造,73年3月20日,二層,一層 二層 陽台
RPUNMLKMJHOFFAU86CA,25,65.37,住家用,鋼筋混凝土造,83年5月25日,六層,二層 陽台
RPUNMLKMJHOFFAU86CA,25,28.14,共有部份,鋼筋混凝土造,83年5月25日,六層,
RPVOMLLJKHOFFAU96CA,25,210.13,住家用,鋼筋混凝土造,83年1月6日,三層,一層 二層 三層 陽台 平台 屋頂突出物 花台
RPWNMLLKKHOFFAU07CA,24,54.54,住家用,鋼筋混凝土造,83年10月28日,十四層,二層 陽台 花台
RPWNMLLKKHOFFAU07CA,24,14.99,共有部份,鋼筋混凝土造,83年10月28日,十四層,
RPVNMLSLJHOFFAU67CA,25,26.40,避難室、停車場,鋼筋混凝土造,83年6月11日,九層,地下二層
RPVNMLSLJHOFFAU67CA,25,10.44,共有部份,鋼筋混凝土造,83年6月11日,九層,
RPVNMLSLJHOFFAU67CA,25,9.15,共有部份,鋼筋混凝土造,83年6月11日,九層,
RPVNMLSLJHOFFAU67CA,25,111.58,住家用,鋼筋混凝土造,83年6月11日,九層,一層 平台
RPQOMLSLJHOFFAU27CA,24,82.21,住家用,鋼筋混凝土造,84年6月30日,七層,一層 平台
RPQOMLSLJHOFFAU27CA,24,12.70,共有部份,鋼筋混凝土造,84年6月30日,七層,
RPQOMLSLJHOFFAU27CA,24,13.92,共有部份,鋼筋混凝土造,84年6月30日,七層,
RPQOMLSLJHOFFAU27CA,24,6.05,共有部份,鋼筋混凝土造,84年6月30日,七層,
RPPNMLPLJHOFFAU76CA,1,256.74,住家用,鋼筋混凝土造,106年8月28日,四層,一層 二層 三層 四層 陽台
RPXOMLTLJHOFFAU08CA,42,86.23,住家用,鋼筋混凝土加強磚造,66年5月4日,二層,一層 二層 騎樓
RPTOMLSLJHOFFAU57CA,21,77.67,住家用,鋼筋混凝土造,86年8月27日,九層,二層 三層 陽台 露台
RPTOMLSLJHOFFAU57CA,21,10.76,共有部份,鋼筋混凝土造,86年8月27日,九層,
RPTOMLSLJHOFFAU57CA,21,8.81,共有部份,鋼筋混凝土造,86年8月27日,九層,
RPTOMLSLJHOFFAU57CA,21,3.04,共有部份,鋼筋混凝土造,86年8月27日,九層,
RPQNMLSLJHOFFAU17CA,37,133.16,住家用,鋼筋混凝土加強磚造,70年10月15日,二層,一層 二層
RPVOMLSLJHOFFAU77CA,45,101.44,住家用,鋼筋混凝土加強磚造,62年11月15日,二層,一層 二層
RPWOMLSLJHOFFAU87CA,1,203.96,住家用,鋼筋混凝土造,107年2月22日,四層,一層 二層 三層 四層 陽台
RPQNMLLKKHOFFAU09CA,2,337.63,住家用,鋼筋混凝土造,105年10月7日,四層,一層 二層 三層 四層 陽台 屋頂突出物 騎樓
RPPNMLSLJHOFFAU07CA,25,43.84,住家用,鋼筋混凝土造,83年4月12日,七層,五層
RPPNMLSLJHOFFAU07CA,25,17.52,共有部份,鋼筋混凝土造,83年4月23日,七層,
RPUOMLLJKHOFFAU86CA,24,20.66,住家用,鋼筋混凝土造,83年11月15日,十二層,十一層 陽台
RPUOMLLJKHOFFAU86CA,24,6.40,共有部份,鋼筋混凝土造,83年11月15日,十二層,
RPUOMLLJKHOFFAU86CA,24,3.38,共有部份,鋼筋混凝土造,83年11月15日,十二層,
RPVNMLPLJHOFFAU37CA,25,55.06,住家用,鋼筋混凝土造,83年3月15日,十二層,十層 陽台
RPVNMLPLJHOFFAU37CA,25,14.18,共有部份,鋼筋混凝土造,83年3月15日,十二層,
RPROMLTLJHOFFAU47CA,19,134.25,住家用,鋼筋混凝土造,89年3月28日,三層,一層 二層 三層 陽台
RPRNMLKMJHOFFAU56CA,23,23.38,住家用,鋼筋混凝土造,84年9月19日,六層,五層 陽台
RPRNMLKMJHOFFAU56CA,23,9.72,共有部份,鋼筋混凝土造,84年9月19日,六層,
RPWNMLKMJHOFFAU07CA,20,48.21,住家用,鋼筋混凝土造,88年6月15日,五層,一層 平台
RPWNMLKMJHOFFAU07CA,20,10.36,共有部份,鋼筋混凝土造,88年6月15日,五層,
RPOPMLKMJHOFFAU66EA,23,95.97,住家用,鋼筋混凝土造,85年3月25日,五層,五層 陽台
RPOPMLKMJHOFFAU66EA,23,41.32,共有部份,鋼筋混凝土造,85年3月25日,五層,
RPOOMLSLJHOFFAU07CA,,60.90,住家用,鋼筋混凝土造,,二層,一層 二層
RPXNMLTLJHOFFAU97CA,33,185.06,住家用,鋼筋混凝土造,74年8月8日,二層,一層 二層 陽台 屋頂突出物
RPXOMLTKKHOFFAU08CA,,17.69,住家用,蓋瓦木造,,一層,一層
RPUNMLTLJHOFFAU67CA,16,263.08,住家用,鋼筋混凝土造,92年5月6日,三層,一層 二層 三層 陽台 屋頂突出物
RPPOMLTLJHOFFAU27CA,3,213.69,住家用,鋼筋混凝土造,105年3月3日,四層,一層 二層 三層 四層 陽台
RPVOMLTLJHOFFAU87CA,22,59.13,住家用,鋼筋混凝土造,85年10月29日,十六層,八層 陽台
RPVOMLTLJHOFFAU87CA,22,10.93,共有部份,鋼筋混凝土造,85年10月29日,十六層,
RPVOMLTLJHOFFAU87CA,22,17.36,共有部份,鋼筋混凝土造,85年10月29日,十六層,
RPTPMLTLJHOFFAU77CA,36,75.52,住家用,鋼筋混凝土加強磚造,71年11月30日,二層,一層 二層
RPPPMLTLJHOFFAU37CA,25,192.66,住商用,鋼筋混凝土造,82年9月16日,四層,一層 二層 三層 四層 陽台 平台 屋頂突出物 騎樓
RPRNMLLMJHOFFAU66CA,24,27.86,住家用,鋼筋混凝土造,84年1月11日,五層,二層 陽台
RPRNMLLMJHOFFAU66CA,24,5.21,共有部份,鋼筋混凝土造,84年1月11日,五層,
RPQPMLKMJHOFFAU66CA,1,107.24,集合住宅,鋼筋混凝土造,107年2月6日,九層,六層 陽台
RPQPMLKMJHOFFAU66CA,1,45.71,共有部份,鋼筋混凝土造,107年2月6日,九層,
RPQPMLKMJHOFFAU66CA,1,25.29,共有部份,鋼筋混凝土造,107年2月6日,九層,
RPWPMLLJKHOFFAU17CA,1,21.27,集合住宅,鋼筋混凝土造,107年6月22日,五層,三層 陽台
RPWPMLLJKHOFFAU17CA,1,15.30,共有部份,鋼筋混凝土造,107年6月22日,五層,
RPSNMLLLKHOFFBU86CA,34,94.36,住家用,鋼筋混凝土加強磚造,73年5月15日,二層,一層 二層
RPPOMLMKKHOFFAU56CA,46,142.73,住家用,鋼筋混凝土加強磚造,62年5月16日,二層,一層 二層 騎樓
RPRNMLNKKHOFFAU76CA,1,300.74,住家用,鋼筋混凝土造,107年1月17日,四層,一層 二層 三層 四層 陽台 屋頂突出物
RPPNMLLJKHOFFCU66EA,24,196.18,住家用,鋼筋混凝土造,84年2月21日,四層,一層 二層 三層 四層 陽台
RPPNMLNKKHOFFAU56CA,34,80.44,住家用,鋼筋混凝土造,74年2月7日,五層,五層 陽台
RPPNMLNKKHOFFAU56CA,34,11.06,共有部份,鋼筋混凝土造,74年2月7日,五層,
RPQOMLLKKHOFFAU56CA,,311.45,住家用,鋼筋混凝土造,107年10月15日,三層,一層 二層 三層 陽台 屋頂突出物
RPUNMLMLKHOFFAU07CA,24,20.01,住家用,鋼筋混凝土造,83年11月15日,十二層,四層 陽台
RPUNMLMLKHOFFAU07CA,24,6.23,共有部份,鋼筋混凝土造,83年11月15日,十二層,
RPUNMLMLKHOFFAU07CA,24,3.38,共有部份,鋼筋混凝土造,83年11月15日,十二層,
RPPNMLMLLHOFFBU76CA,23,185.94,住家用,鋼筋混凝土造,84年7月4日,三層,一層 二層 三層 陽台
RPOOMLLMJHOFFAU09CA,34,78.17,住家用,鋼筋混凝土造,73年6月25日,五層,二層 陽台
RPOOMLLMJHOFFAU09CA,34,5.70,共有部份,鋼筋混凝土造,73年6月25日,五層,
RPOOMLLMJHOFFAU09CA,34,7.70,共有部份,鋼筋混凝土造,73年6月25日,五層,
RPPOMLLMJHOFFAU56CA,24,64.89,住家用,鋼筋混凝土造,84年5月8日,五層,四層 陽台
RPPOMLLMJHOFFAU56CA,24,11.52,共有部份,鋼筋混凝土造,84年5月8日,五層,
RPXOMLLMJHOFFAU37CA,23,17.77,住家用,鋼筋混凝土造,84年8月19日,十一層,七層 雨遮
RPXOMLLMJHOFFAU37CA,23,5.34,共有部份,鋼筋混凝土造,84年8月19日,十一層,
RPVPMLLMJHOFFAU27CA,46,116.07,住家用,鋼筋混凝土加強磚造,62年1月1日,二層,一層 二層 見其他登記事項
RPSPMLLMJHOFFAU96CA,19,244.31,住家用,鋼筋混凝土造,89年6月7日,五層,一層 二層 三層 四層 五層 陽台
RPTNMLLMJHOFFAU86CA,10,244.75,住家用,鋼筋混凝土造,98年5月25日,四層,一層 二層 三層 四層 陽台 雨遮
RPPPMLKMJHOFFAU56CA,25,103.64,住家用,鋼筋混凝土造,83年5月6日,六層,三層 陽台 花台
RPPPMLKMJHOFFAU56CA,25,50.64,共有部份,鋼筋混凝土造,83年5月6日,六層,
RPSNMLTLJHOFFAU47CA,25,84.11,住家用,鋼筋混凝土造,82年10月29日,七層,二層 陽台 花台
RPSNMLTLJHOFFAU47CA,25,16.87,共有部份,鋼筋混凝土造,82年10月29日,七層,
RPQNMLTLJHOFFAU27CA,22,59.13,住家用,鋼筋混凝土造,85年10月29日,十六層,十二層 陽台
RPQNMLTLJHOFFAU27CA,22,10.93,共有部份,鋼筋混凝土造,85年10月29日,十六層,
RPQNMLTLJHOFFAU27CA,22,17.36,共有部份,鋼筋混凝土造,85年10月29日,十六層,
RPWNMLLMJHOFFAU17CA,45,84.54,住家用,鋼筋混凝土加強磚造,62年7月31日,二層,一層 二層
RPRNMLTLJHOFFAU37CA,25,37.75,住家用,鋼筋混凝土造,83年2月2日,七層,六層 陽台 花台
RPRNMLTLJHOFFAU37CA,,11.84,共有部份,鋼筋混凝土造,,七層,
RPOPMLLJKHOFFAU98CA,43,65.74,住商用,鋼筋混凝土加強磚造,64年7月28日,二層,一層 二層 騎樓
RPRNMLLJKHOFFAU09CA,27,52.15,住家用,鋼筋混凝土造,81年4月22日,五層,五層 陽台
RPRNMLLJKHOFFAU09CA,27,7.65,共有部份,鋼筋混凝土造,81年4月22日,五層,
RPROMLLJKHOFFAU56CA,7,173.86,集合住宅,鋼筋混凝土造,100年12月29日,三層,一層 二層 三層 陽台 屋頂突出物
RPSNMLLKKHOFFAU66CA,24,46.18,住家用,鋼筋混凝土造,83年8月11日,八層,四層 陽台
RPSNMLLKKHOFFAU66CA,24,18.34,共有部份,鋼筋混凝土造,83年8月11日,八層,
RPVOMLLLKHOFFAU17CA,24,19.33,住家用,鋼筋混凝土造,83年11月15日,十二層,八層
RPVOMLLLKHOFFAU17CA,24,5.94,共有部份,鋼筋混凝土造,83年11月15日,十二層,
RPVOMLLLKHOFFAU17CA,24,3.18,共有部份,鋼筋混凝土造,83年11月15日,十二層,
RPOOMLSKKHOFFAU07CA,4,307.35,住家用,鋼筋混凝土造,103年7月24日,四層,一層 二層 三層 四層 陽台
RPOOMLSKKHOFFAU07CA,4,2.50,住家用,鋼筋混凝土造,103年7月24日,二層,一層 二層
RPXNMLSKKHOFFAU87CA,4,314.06,住家用,鋼筋混凝土造,103年7月24日,四層,一層 二層 三層 四層 陽台
RPXNMLSKKHOFFAU87CA,4,2.55,住家用,鋼筋混凝土造,103年7月24日,二層,一層 二層
RPXNMLLKKHOFFAU17CA,,10.05,商業用,木造,,二層,一層 二層
RPRNMLMKKHOFFAU66CA,40,92.66,住商用,鋼筋混凝土加強磚造,67年12月29日,二層,一層 二層 騎樓
RPPOMLLKKHOFFAU09CA,18,264.80,農舍,鋼筋混凝土造,89年8月18日,三層,一層 二層 三層 陽台
RPVNMLLKKHOFFAU96CA,42,93.61,住家用,鋼筋混凝土加強磚造,65年12月3日,二層,一層 二層
RPPNMLLKKHOFFAU98CA,24,83.76,住家用,鋼筋混凝土造,84年5月16日,八層,三層 陽台
RPPNMLLKKHOFFAU98CA,24,43.35,共有部份,鋼筋混凝土造,84年5月16日,八層,
RPSOMLSKKHOFFAU47CA,26,128.32,住家用,鋼筋混凝土造,82年1月11日,九層,五層
RPSOMLSKKHOFFAU47CA,26,24.85,共有部份,鋼筋混凝土造,82年1月11日,九層,
RPPOMLPKKHOFFAU86CA,23,108.80,商業用,鋼筋混凝土造,85年6月25日,八層,一層 平台
RPPOMLPKKHOFFAU86CA,23,10.84,共有部份,鋼筋混凝土造,85年6月25日,八層,
RPPOMLPKKHOFFAU86CA,23,14.13,停車空間,鋼筋混凝土造,85年6月25日,八層,地下一層
RPPOMLPKKHOFFAU86CA,23,30.48,共有部份,鋼筋混凝土造,85年6月25日,八層,
RPQOMLPKKHOFFAU96CA,39,119.75,住商用,鋼筋混凝土加強磚造,68年8月18日,二層,一層 二層 騎樓
RPSNMLOJLHOFFAU96CA,21,80.88,住家用,鋼筋混凝土造,87年4月3日,十層,五層 陽台
RPSNMLOJLHOFFAU96CA,21,9.64,共有部份,鋼筋混凝土造,87年4月3日,十層,
RPSNMLOJLHOFFAU96CA,21,11.50,共有部份,鋼筋混凝土造,87年4月3日,十層,
RPSNMLOJLHOFFAU96CA,21,8.45,共有部份,鋼筋混凝土造,87年4月3日,十層,
RPXNMLOJLHOFFAU47CA,,257.30,Ｈ２住宅,鋼筋混凝土造,107年8月21日,四層,一層 二層 三層 四層 陽台 屋頂突出物
RPXNMLRLKHOFFAU87CA,25,207.42,住家用,鋼筋混凝土造,83年4月1日,三層,一層 二層 三層 陽台 平台 露台
