﻿鄉鎮市區,交易標的,土地位置建物門牌,土地面積平方公尺,都市土地使用分區,非都市土地使用分區,非都市土地使用編定,租賃年月日,租賃筆棟數,租賃層次,總樓層數,建物型態,主要用途,主要建材,建築完成年月,建物總面積平方公尺,建物現況格局-房,建物現況格局-廳,建物現況格局-衛,建物現況格局-隔間,有無管理組織,有無附傢俱,總額元,單價元平方公尺,車位類別,車位面積平方公尺,車位總額元,備註,編號
The villages and towns urban district,transaction sign,land sector position building sector house number plate,land shifting total area square meter,the use zoning or compiles and checks,the non-metropolis land use district,non-metropolis land use,transaction year month and day,transaction pen number,shifting level,total floor number,building state,main use,main building materials,construction to complete the years,building shifting total area,Building present situation pattern - room,building present situation pattern - hall,building present situation pattern - health,building present situation pattern - compartmented,Whether there is manages the organization,Whether there is attaches the furniture,total price NTD,the unit price (NTD / square meter),the berth category,berth shifting total area square meter,the berth total price NTD,the note,serial number
吉安鄉,房地(土地+建物),花蓮縣吉安鄉北昌四街31號4樓之1,36.75,商,,,1071105,土地1建物1車位0,一層,6,華廈(10層含以下有電梯),住家用,鋼筋混凝土造,0830921,151.53,3,2,2,有,有,有,12000,79,,0.0,0,,RPQNMLMKJINFFAU66CC
花蓮市,房地(土地+建物),花蓮縣花蓮市民權七街2巷8號4樓,45.59,住,,,1071106,土地1建物1車位0,四層,4,公寓(5樓含以下無電梯),住家用,鋼筋混凝土造,0750717,131.32999999999998,3,2,2,有,無,有,13000,99,,0.0,0,,RPVNMLNKJINFFAU27CC
花蓮市,房地(土地+建物)+車位,花蓮縣花蓮市南京街203號三樓之十六,11.79,商,,,1071106,土地1建物1車位1,三層,12,住宅大樓(11層含以上有電梯),見其他登記事項,鋼筋混凝土造,1070427,70.88,1,2,1,有,有,有,14500,205,坡道平面,10.51,0,,RPQOMLNKJINFFAU86CC
花蓮市,房地(土地+建物),花蓮縣花蓮市長安街27號5樓2,6.5,住,,,1071029,土地1建物1車位0,五層,16,住宅大樓(11層含以上有電梯),住家用,鋼筋混凝土造,0851029,71.6,1,1,1,有,有,有,8500,119,,0.0,0,租金含管理費900元/月,RPVNMLOKJINFFAU37CC
吉安鄉,房地(土地+建物),花蓮縣吉安鄉仁里六街8號,59.0,住,,,1071031,土地2建物1車位0,全,2,透天厝,住家用,鋼筋混凝土加強磚造,0620426,100.48,3,2,2,有,無,有,12000,119,,0.0,0,,RPVOMLOKJINFFAU47CC
吉安鄉,建物,花蓮縣吉安鄉南埔8街151號,0.0,住,,,1071108,土地0建物0車位0,全,3,透天厝,住家用,鋼筋混凝土造,0921020,15.15,1,0,1,有,無,有,9500,627,,0.0,0,,RPQNMLOKJINFFAU96DC
吉安鄉,建物,花蓮縣吉安鄉明義2街92巷8號,0.0,農,,,1071029,土地0建物0車位0,一層,1,農舍,農舍,鋼筋混凝土造,1010622,17.5,1,0,1,有,無,有,8000,,,0.0,0,,RPSNMLOKJINFFAU17DC
花蓮市,房地(土地+建物),花蓮縣花蓮市國民九街77號,4.9,住,,,1071026,土地1建物1車位0,三層,5,公寓(5樓含以下無電梯),住商用,鋼筋混凝土造,0740319,18.9,1,0,1,有,無,無,5500,291,,0.0,0,,RPUNMLOKJINFFAU37DC
花蓮市,房地(土地+建物),花蓮縣花蓮市富裕二街163巷6號,88.0,其他,,,1071115,土地1建物1車位0,全,3,透天厝,商業用,鋼筋混凝土造,0911028,146.37,3,2,3,有,無,有,18000,123,,0.0,0,,RPUOMLPKJINFFAU47CC
花蓮市,建物,花蓮縣花蓮市軒轅路2號五樓1號,5.86,商,,,1071102,土地0建物0車位0,五層,9,華廈(10層含以下有電梯),住家用,鋼筋混凝土造,0750531,46.58,1,0,1,有,有,有,10000,215,,0.0,0,,RPUNMLMLJINFFAU17CC
新城鄉,建物,花蓮縣新城鄉民族路73號,0.0,商,,,1071106,土地0建物0車位0,四層,5,店面(店鋪),住家用,鋼筋混凝土造,1070514,40.26,1,0,1,有,無,有,8500,211,,0.0,0,,RPPNMLKMJINFFAU56CC
新城鄉,建物,花蓮縣新城鄉民族路73號,0.0,商,,,1071115,土地0建物0車位0,三層,5,店面(店鋪),住家用,鋼筋混凝土造,1070514,40.26,1,0,1,有,無,有,8500,211,,0.0,0,,RPQNMLKMJINFFAU66CC
新城鄉,建物,花蓮縣新城鄉民族路73號,0.0,商,,,1071106,土地0建物0車位0,三層,5,店面(店鋪),住家用,鋼筋混凝土造,1070514,27.14,1,0,1,有,無,有,7500,276,,0.0,0,,RPTNMLKMJINFFAU96CC
新城鄉,建物,花蓮縣新城鄉民族路73號,0.0,商,,,1071108,土地0建物0車位0,二層,5,店面(店鋪),住家用,鋼筋混凝土造,1070514,40.26,1,0,1,有,無,有,8500,211,,0.0,0,,RPVNMLKMJINFFAU17CC
新城鄉,建物,花蓮縣新城鄉民族路73號,0.0,商,,,1071112,土地0建物0車位0,五層,5,店面(店鋪),住家用,鋼筋混凝土造,1070514,45.35,1,0,1,有,無,有,8500,187,,0.0,0,,RPWNMLKMJINFFAU27CC
花蓮市,房地(土地+建物),花蓮縣花蓮市榮正街761號,149.0,住,,,1071119,土地2建物1車位0,見其他登記事項,3,店面(店鋪),住家用,鋼筋混凝土造,1050614,274.25,2,2,4,有,無,無,30000,109,,0.0,0,,RPVOMLKMJINFFAU27CC
花蓮市,房地(土地+建物),花蓮縣花蓮市府前路300之8號,18.63,住,,,1071101,土地1建物1車位0,四層,4,套房(1房1廳1衛),住家用,鋼筋混凝土造,1070413,41.93,1,0,1,有,無,有,12000,286,,0.0,0,,RPWOMLKMJINFFAU37CC
花蓮市,房地(土地+建物),花蓮縣花蓮市國盛二街279之6號五樓,10.99,住,,,1071109,土地1建物1車位0,五層,5,套房(1房1廳1衛),住家用,鋼筋混凝土造,0820120,36.91,1,0,1,有,無,有,5000,135,,0.0,0,,RPOPMLKMJINFFAU66CC
花蓮市,房地(土地+建物),花蓮縣花蓮市公正街37號二樓之三十一,1.03,商,,,1071101,土地1建物1車位0,二層,12,辦公商業大樓,商業用,鋼筋混凝土造,0830630,13.08,0,0,0,無,無,無,3000,229,,0.0,0,含管理費、稅金或水電等費用。；,RPPPMLKMJINFFAU76CC
花蓮市,房地(土地+建物),花蓮縣花蓮市富裕十六街35號一樓,20.15,住,,,1071110,土地1建物1車位0,一層,9,華廈(10層含以下有電梯),住家用,鋼筋混凝土造,0831026,92.71000000000001,3,2,2,有,無,有,15000,162,,0.0,0,,RPRPMLKMJINFFAU96CC
花蓮市,房地(土地+建物),花蓮縣花蓮市國盛一街163號五樓之一,16.09,商,,,1071110,土地1建物1車位0,五層,10,華廈(10層含以下有電梯),住家用,鋼筋混凝土造,0821029,110.14999999999999,3,2,2,有,有,有,14000,127,,0.0,0,含管理費、稅金或水電等費用。；,RPSPMLKMJINFFAU07CC
花蓮市,房地(土地+建物),花蓮縣花蓮市府前路300之8號,18.63,住,,,1071110,土地1建物1車位0,三層,4,套房(1房1廳1衛),住家用,鋼筋混凝土造,1070413,41.7,1,0,1,有,無,有,8500,204,,0.0,0,,RPTPMLKMJINFFAU17CC
花蓮市,房地(土地+建物),花蓮縣花蓮市莊敬路229號,23.09,住,,,1071112,土地1建物2車位0,一層,5,店面(店鋪),見其他登記事項,鋼筋混凝土造,0860515,127.24000000000001,0,0,1,有,有,無,13000,102,,0.0,0,,RPUPMLKMJINFFAU27CC
花蓮市,房地(土地+建物),花蓮縣花蓮市中山路867號,108.0,住,,,1071108,土地1建物1車位0,見其他登記事項,3,店面(店鋪),住商用,鋼筋混凝土造,0751208,239.56,4,2,3,有,無,無,25000,104,,0.0,0,,RPUNMLOJKINFFAU27CC
吉安鄉,房地(土地+建物),花蓮縣吉安鄉全民街97號5樓,54.28,,鄉村區,乙種建築用地,1071205,土地1建物1車位0,一層,5,華廈(10層含以下有電梯),住家用,鋼筋混凝土造,0880414,120.06,4,2,2,有,有,有,8000,67,,0.0,0,,RPOPMLPJKINFFAU96CC
花蓮市,房地(土地+建物),花蓮縣花蓮市國富一街5號,85.0,住,,,1071205,土地1建物1車位0,全,2,透天厝,住家用,鋼筋混凝土加強磚造,0720811,134.49,3,2,3,有,無,有,14000,104,,0.0,0,,RPVNMLQJKINFFAU57CC
花蓮市,房地(土地+建物),花蓮縣花蓮市國盛一街66巷4號2樓,16.63,住,,,1071113,土地1建物1車位0,二層,5,公寓(5樓含以下無電梯),住家用,鋼筋混凝土造,0730919,83.48,3,2,1,有,無,有,13000,156,,0.0,0,,RPROMLKKKINFFAU86DC
花蓮市,房地(土地+建物),花蓮縣花蓮市明心街23號2樓之1,19.64,住,,,1071122,土地1建物1車位0,二層,7,華廈(10層含以下有電梯),住家用,鋼筋混凝土造,0860106,107.2,3,2,2,有,有,有,12000,112,,0.0,0,,RPQOMLLKKINFFAU96EC
花蓮市,土地,明義段169地號,154.0,商,,,1071203,土地1建物0車位0,,,其他,,,,0.0,0,0,0,有,無,有,23000,149,,0.0,0,含增建或未登記建物。；,RPSNMLMKKINFFAU07DC
花蓮市,房地(土地+建物),花蓮縣花蓮市國聯二路150號,70.0,住,,,1071127,土地1建物1車位0,全,4,透天厝,住商用,鋼筋混凝土造,0700622,198.65,0,0,0,無,無,無,20000,101,,0.0,0,,RPQNMLMKKINFFAU76CC
花蓮市,房地(土地+建物),花蓮縣花蓮市博愛街220巷9弄13號,64.0,住,,,1071202,土地1建物1車位0,全,1,透天厝,住家用,木造,,63.08,1,1,1,有,無,有,8000,127,,0.0,0,,RPPNMLNKKINFFAU76CC
花蓮市,房地(土地+建物),花蓮縣花蓮市榮正街52號五樓之六,12.04,住,,,1071203,土地1建物1車位0,五層,5,套房(1房1廳1衛),住家用,鋼筋混凝土造,0830428,44.879999999999995,1,1,1,有,無,有,9000,201,,0.0,0,,RPQNMLNKKINFFAU86CC
花蓮市,房地(土地+建物),花蓮縣花蓮市中美十街73號,65.0,住,,,1071121,土地1建物1車位0,全,2,透天厝,住家用,鋼筋混凝土加強磚造,0650914,90.9,3,2,2,有,無,有,13000,143,,0.0,0,,RPTOMLKLKINFFAU07CC
花蓮市,房地(土地+建物),花蓮縣花蓮市國富十街136號五樓之三,72.8,住,,,1071130,土地1建物1車位0,五層,5,華廈(10層含以下有電梯),住家用,鋼筋混凝土造,0850130,71.32,2,1,1,有,有,有,9500,133,,0.0,0,含管理費、稅金或水電等費用。；,RPUOMLKLKINFFAU17CC
花蓮市,房地(土地+建物),花蓮縣花蓮市中央路三段720巷5號九樓之三,5.63,住,,,1071201,土地1建物1車位0,九層,11,套房(1房1廳1衛),住家用,鋼筋混凝土造,0840819,33.1,1,0,1,有,有,有,5000,151,,0.0,0,含管理費、稅金或水電等費用。；,RPVOMLKLKINFFAU27CC
花蓮市,房地(土地+建物),花蓮縣花蓮市國富十四街25號三樓之二,7.61,住,,,1071205,土地1建物1車位0,三層,5,套房(1房1廳1衛),住家用,鋼筋混凝土造,0840303,27.03,1,0,1,有,有,有,5400,200,,0.0,0,含管理費、稅金或水電等費用。；,RPXOMLKLKINFFAU47CC
花蓮市,房地(土地+建物),花蓮縣花蓮市府前路356號,101.4,住,,,1071219,土地1建物1車位0,一層,4,店面(店鋪),住家用,鋼筋混凝土造,0961113,85.9,0,0,0,無,無,無,33000,384,,0.0,0,,RPSOMLKLKINFFAU17EC
花蓮市,房地(土地+建物),花蓮縣花蓮市民生路23號三樓之三,15.5,商,,,1071203,土地1建物1車位0,三層,6,華廈(10層含以下有電梯),商業用,鋼筋混凝土造,0850104,66.0,2,1,1,有,有,有,12000,182,,0.0,0,,RPPNMLLLKINFFAU66CC
花蓮市,房地(土地+建物),花蓮縣花蓮市林森路240號,0.0,商,,,1071217,土地11建物1車位0,見其他登記事項,10,辦公商業大樓,住商用,鋼筋混凝土造,0700903,254.45,3,2,2,有,無,無,26000,102,,0.0,0,,RPOOMLLLKINFFAU66CC
花蓮市,房地(土地+建物),花蓮縣花蓮市明禮路5號八樓之三,4.74,商,,,1071217,土地1建物1車位0,八層,10,華廈(10層含以下有電梯),住商用,鋼筋混凝土造,0860224,45.38,1,0,1,有,有,有,9000,198,,0.0,0,,RPXNMLOLKINFFAU87DC
吉安鄉,房地(土地+建物),花蓮縣吉安鄉昌隆3街68號4樓,16.67,住,,,1071212,土地1建物1車位0,四層,8,華廈(10層含以下有電梯),住家用,鋼筋混凝土造,0840222,107.99000000000001,3,2,1,有,有,有,10000,93,,0.0,0,,RPPNMLPLKINFFAU17DC
吉安鄉,土地,福吉段452地號,2667.77,,特定農業區,農牧用地,1071224,土地1建物0車位0,,,其他,,,,0.0,0,0,0,有,無,無,6000,2,,0.0,0,,RPTOMLQLKINFFAU67CC
花蓮市,房地(土地+建物),花蓮縣花蓮市國聯五路2之9號,64.0,住,,,1071226,土地1建物1車位0,見其他登記事項,4,店面(店鋪),住商用,鋼筋混凝土造,0841227,222.43,0,0,0,無,有,無,19000,85,,0.0,0,,RPWNMLRLKINFFAU97CC
花蓮市,房地(土地+建物),花蓮縣花蓮市公正街37號2樓之40,10.31,商,,,1071207,土地1建物1車位0,二層,12,辦公商業大樓,商業用,鋼筋混凝土造,0830630,19.939999999999998,0,0,0,無,有,無,2000,100,,0.0,0,,RPUNMLMJJHOFFAU96CC
吉安鄉,房地(土地+建物),花蓮縣吉安鄉廣豐2街248號,237.79,,特定農業區,甲種建築用地,1071223,土地2建物1車位0,全,3,透天厝,住家用,鋼筋混凝土造,1020906,302.8,4,2,5,有,無,有,30000,99,,0.0,0,,RPSNMLMJJHOFFAU86DC
花蓮市,建物,花蓮縣花蓮市府前路3008號,0.0,住,,,1071213,土地0建物0車位0,全,4,透天厝,住家用,鋼筋混凝土造,1070413,20.0,1,0,1,有,無,有,8500,425,,0.0,0,,RPPOMLOJJHOFFAU76CC
吉安鄉,房地(土地+建物),花蓮縣吉安鄉中山路三段682巷11號,256.82,,特定農業區,甲種建築用地,1080104,土地1建物1車位0,全,3,透天厝,住家用,鋼筋混凝土造,1021217,286.32,5,2,6,有,無,有,55000,192,,0.0,0,,RPROMLOJJHOFFAU96CC
吉安鄉,房地(土地+建物),花蓮縣吉安鄉中山路三段682巷11號,256.82,,特定農業區,甲種建築用地,1080104,土地1建物1車位0,全,3,透天厝,住家用,鋼筋混凝土造,1021217,311.63,5,2,6,有,無,有,55000,176,,0.0,0,,RPUNMLRJJHOFFAU47CC
新城鄉,建物,花蓮縣新城鄉復興路257號,0.0,商,,,1071224,土地0建物0車位0,四層,5,店面(店鋪),住家用,鋼筋混凝土造,1061024,47.33,1,0,1,有,無,有,8500,180,,0.0,0,,RPVNMLTJJHOFFAU77CC
花蓮市,房地(土地+建物),花蓮縣花蓮市府前路504之2號三樓,24.82,住,,,1071215,土地3建物1車位0,三層,5,公寓(5樓含以下無電梯),住家用,鋼筋混凝土造,0740916,89.16,3,1,1,有,無,無,8500,95,,0.0,0,,RPRNMLOKJHOFFAU96CC
花蓮市,房地(土地+建物),花蓮縣花蓮市中美七街90號,53.0,住,,,1071226,土地1建物1車位0,全,2,透天厝,住家用,鋼筋混凝土加強磚造,0630408,90.25,3,2,2,有,無,無,12000,133,,0.0,0,,RPTNMLOKJHOFFAU17CC
吉安鄉,房地(土地+建物),花蓮縣吉安鄉吉安路一段76之5號,25.25,住,,,1071228,土地1建物1車位0,一層,2,套房(1房1廳1衛),住商用,鋼筋混凝土造,0811009,20.85,1,0,1,有,無,無,4000,192,,0.0,0,含管理費、稅金或水電等費用。；,RPWNMLOKJHOFFAU47CC
花蓮市,房地(土地+建物),花蓮縣花蓮市國盛四街１１６號三樓之十八,12.72,住,,,1071217,土地1建物1車位0,三層,6,華廈(10層含以下有電梯),住家用,鋼筋混凝土造,0840919,65.42,2,2,1,有,有,有,10000,153,,0.0,0,含管理費、稅金或水電等費用。；,RPQOMLOKJHOFFAU17EC
壽豐鄉,房地(土地+建物),花蓮縣壽豐鄉池南路一段136號,285.27,其他,,,1080105,土地1建物1車位0,全,1,透天厝,見其他登記事項,見其他登記事項,0960816,90.27,1,2,2,有,無,有,18000,199,,0.0,0,,RPRNMLPKJHOFFAU17DC
花蓮市,房地(土地+建物),花蓮縣花蓮市長安街26號6樓之9,13.2,住,,,1080110,土地1建物1車位0,六層,16,住宅大樓(11層含以上有電梯),住家用,鋼筋混凝土造,0851029,101.88,2,2,1,有,有,有,8000,79,,0.0,0,,RPSNMLPKJHOFFAU27DC
花蓮市,房地(土地+建物),花蓮縣花蓮市民光77號,40.0,住,,,1080115,土地1建物1車位0,全,1,透天厝,住家用,見其他登記事項,,17.0,2,2,2,有,無,有,16500,971,,0.0,0,含增建或未登記建物。；,RPQNMLPKJHOFFAU96CC
花蓮市,房地(土地+建物),花蓮縣花蓮市康樂街5號3F6,9.16,住,,,1071227,土地2建物1車位0,三層,5,套房(1房1廳1衛),住家用,鋼筋混凝土造,0830421,36.44,1,1,1,有,無,有,7500,206,,0.0,0,,RPPPMLPKJHOFFAU07CC
吉安鄉,房地(土地+建物),花蓮縣吉安鄉海岸路523號,119.0,,特定農業區,甲種建築用地,1080103,土地1建物1車位0,一層,1,倉庫,住商用,鋼筋混凝土加強磚造,0670125,64.22,0,0,0,無,無,無,13000,,,0.0,0,,RPXOMLOLJHOFFAU77CC
吉安鄉,土地,仁禮段142地號,476.0,其他,,,1080124,土地1建物0車位0,,,其他,,,,0.0,0,0,0,有,無,有,5000,11,,0.0,0,,RPSNMLPLJHOFFAU27CC
壽豐鄉,房地(土地+建物),花蓮縣壽豐鄉中正路140號,18.88,住,,,1071226,土地1建物1車位0,全,3,透天厝,住家用,鋼筋混凝土造,1040402,52.51,1,0,1,有,無,有,5000,95,,0.0,0,,RPPNMLQLJHOFFAU07CC
花蓮市,建物,花蓮縣花蓮市府前路300之8號三樓,0.0,住,,,1080121,土地0建物0車位0,全,4,透天厝,住家用,鋼筋混凝土造,1070413,20.0,1,0,1,有,無,有,8500,425,,0.0,0,,RPUNMLSLJHOFFAU77CC
吉安鄉,房地(土地+建物),花蓮縣吉安鄉壽昌街29巷30號三樓之三,0.0,住,,,1080107,土地1建物1車位0,三層,5,華廈(10層含以下有電梯),住家用,鋼筋混凝土造,0810430,52.64,2,1,2,有,無,有,8000,152,,0.0,0,,RPXNMLSLJHOFFAU08CC
花蓮市,房地(土地+建物),花蓮縣花蓮市文光街111號,71.0,住,,,1080114,土地1建物1車位0,一層,1,其他,住家用,見其他登記事項,0630104,50.81,2,2,1,有,無,無,7000,138,,0.0,0,急出租急承租。；,RPOPMLTLJHOFFAU47CC
吉安鄉,房地(土地+建物),花蓮縣吉安鄉中興路186巷5之2號,116.0,住,,,1080129,土地1建物1車位0,全,4,透天厝,住家用,鋼筋混凝土造,1020927,223.29,4,2,5,有,無,有,28000,125,,0.0,0,,RPWOMLTLJHOFFAU38EC
吉安鄉,房地(土地+建物),花蓮縣吉安鄉永安村明仁1街183巷18號,96.0,住,,,1080115,土地1建物1車位0,全,4,透天厝,住家用,鋼筋混凝土造,0840512,215.55,5,2,6,有,無,無,28380,132,,0.0,0,,RPXOMLTLJHOFFAU48EC
花蓮市,房地(土地+建物),花蓮縣花蓮市成功街35號,164.0,住,,,1080115,土地1建物1車位0,全,3,透天厝,住商用,鋼筋混凝土造,0780731,120.5,0,0,0,無,無,有,25000,207,,0.0,0,,RPVNMLKMJHOFFAU27DC
花蓮市,房地(土地+建物),花蓮縣花蓮市中正路266號八樓之二,12.28,住,,,1080111,土地1建物1車位0,八層,13,華廈(10層含以下有電梯),住家用,鋼筋混凝土造,0840321,99.66,2,2,2,有,有,有,14000,140,,0.0,0,,RPPOMLKMJHOFFAU66CC
花蓮市,建物,花蓮縣花蓮市府前路300之8號,0.0,住,,,1080121,土地0建物0車位0,全,4,透天厝,住家用,鋼筋混凝土造,1070413,20.0,1,0,1,有,無,有,8500,425,,0.0,0,,RPUNMLLMJHOFFAU17CC
