﻿編號,土地位置,土地移轉面積(平方公尺),使用分區或編定,權利人持分分母,權利人持分分子,移轉情形,地號
The serial number, land position,land shifting area square meter,the use zoning or compiles and checks,,,,land parcel
RPRNMLTKJINFFAV37CA,利家段,3184.00,非都市：特定農業區 ; 非都市編定：農牧用地,1,1,全筆移轉,58950000
RPPNMLNKJINFFAV66DA,利家段,96.00,非都市：特定農業區 ; 非都市編定：甲種建築用地,1,1,全筆移轉,75900076
RPQNMLOKJINFFAV76CA,豐年段,111.00,都市：住,1,1,全筆移轉,09530013
RPRNMLNKJINFFAV76CA,東谷段,116.24,非都市：特定農業區 ; 非都市編定：甲種建築用地,1,1,全筆移轉,05790006
RPSNMLMKJINFFAV76CA,東農段,257.28,非都市：特定農業區 ; 非都市編定：甲種建築用地,1,1,全筆移轉,01660001
RPQNMLPKJINFFCV17DA,大原段,1044.00,非都市：特定農業區 ; 非都市編定：農牧用地,1,1,全筆移轉,20410000
RPQNMLPKJINFFCV17DA,大原段,1189.00,非都市：特定農業區 ; 非都市編定：農牧用地,1,1,全筆移轉,20420000
RPQNMLPKJINFFCV17DA,大原段,1151.00,非都市：特定農業區 ; 非都市編定：農牧用地,1,1,全筆移轉,20430000
RPQNMLPKJINFFCV17DA,大原段,1151.00,非都市：特定農業區 ; 非都市編定：農牧用地,1,1,全筆移轉,20440000
RPPNMLNLJINFFCV86CA,南山段,135.39,都市：住,1,1,全筆移轉,07280000
RPPNMLNLJINFFCV86CA,南山段,40.43,都市：農,1,1,全筆移轉,07290000
RPPNMLNLJINFFCV86CA,南山段,20.88,都市：農,1,1,全筆移轉,07300000
RPPNMLNLJINFFCV86CA,南山段,178.54,都市：農,1,1,全筆移轉,07320000
RPVNMLNKJINFFAV17CA,光明段,58.00,都市：住,1,1,全筆移轉,06060000
RPVNMLNKJINFFAV17CA,光明段,2.00,都市：住,1,1,全筆移轉,06060001
RPWNMLQKJINFFAV57CA,南清段,107.18,都市：住,1,1,全筆移轉,04230000
RPQNMLNLJINFFAV76CA,台東段,238.00,都市：住,1,1,全筆移轉,06540137
RPTNMLNLJINFFAV07CA,馬蘭段,12.50,都市：住,10000,100,持分移轉,16940000
RPPNMLPKJINFFAV76CA,豐榮段,57.99,都市：其他:道路用地,1,1,全筆移轉,11570000
RPPNMLPKJINFFAV76CA,豐榮段,144.61,都市：住,1,1,全筆移轉,11580000
RPPNMLPKJINFFAV76CA,豐榮段,65.87,都市：住,1,1,全筆移轉,11560000
RPQNMLPKJINFFAV86CA,普優瑪段,72.93,都市：住,1,1,全筆移轉,01510000
RPVNMLPKJINFFAV37CA,豐年段,111.00,都市：住,1,1,全筆移轉,09530006
RPRNMLPKJINFFAV96CA,豐年段,6.00,都市：住,10000,12,持分移轉,00270000
RPSNMLOKJINFFAV96CA,台東段,49.00,都市：住,1,1,全筆移轉,02400009
RPQNMLQKJINFFAV96CA,東海段,25.08,都市：住,10000,42,持分移轉,01300000
RPQNMLQKJINFFAV96CA,東海段,1.62,都市：住,10000,42,持分移轉,01300002
RPPNMLTKJINFFBV27CA,新都威段,10496.86,非都市：風景區 ; 非都市編定：農牧用地,1,1,全筆移轉,11180000
RPPNMLQKJINFFBV96CA,成功段,40.82,都市：住,1,1,全筆移轉,00970016
RPSNMLKKKINFFCV96DA,紅葉段,2100.00,都市：其他:保護區,1,1,全筆移轉,05100000
RPPNMLQKJINFFBV96CA,成功段,24.29,都市：住,1,1,全筆移轉,01180001
RPPNMLPKJINFFCV96CA,里?段,83.93,都市：住,1,1,全筆移轉,05350000
RPVNMLQKJINFFAV47CA,豐年段,111.00,都市：住,1,1,全筆移轉,09530014
RPUNMLPKJINFFAV27CA,中山段,239.00,都市：住,1,1,全筆移轉,05870000
RPXNMLTKJINFFAV08DA,澱粉段,134.06,非都市：特定農業區 ; 非都市編定：甲種建築用地,1,1,全筆移轉,02260000
RPTNMLMLJINFFAV96CA,常德段,125.81,都市：住,1,1,全筆移轉,09640000
RPQNMLKLJINFFAV09CA,東海段,22.69,都市：住,10000,38,持分移轉,01300000
RPQNMLKLJINFFAV09CA,東海段,1.46,都市：住,10000,38,持分移轉,01300002
RPUNMLKLJINFFAV86CA,東農段,88.79,都市：農,1,1,全筆移轉,00300002
RPPNMLMLJINFFAV56CA,東海段,26.98,都市：住,10000,153,持分移轉,01400000
RPPNMLQLJINFFCV17CA,水源段,53.42,非都市：鄉村區 ; 非都市編定：乙種建築用地,4,1,持分移轉,04920000
RPPNMLQLJINFFCV17CA,水源段,53.42,非都市：鄉村區 ; 非都市編定：乙種建築用地,4,1,持分移轉,04920000
RPQNMLTKJINFFAV27CA,中心段,13.00,都市：住,2,1,持分移轉,08900000
RPQNMLTKJINFFAV27CA,中心段,130.50,都市：住,2,1,持分移轉,08910000
RPQNMLTKJINFFAV27CA,中心段,7.00,都市：住,2,1,持分移轉,08920002
RPTNMLTKJINFFAV57CA,普優瑪段,217.10,都市：住,1,1,全筆移轉,01770000
RPSOMLNLJINFFAV07CA,豐川段,32.74,都市：住,2,1,持分移轉,02230001
RPWNMLTKJINFFAV87CA,新生段,80.00,都市：住,1,1,全筆移轉,03190000
RPPNMLTKJINFFCV37CA,四維段,49.86,非都市：一般農業區 ; 非都市編定：甲種建築用地,1,1,全筆移轉,10800000
RPPNMLTKJINFFCV37CA,四維段,29.46,非都市：一般農業區 ; 非都市編定：甲種建築用地,1,1,全筆移轉,10790000
RPPNMLKLJINFFCV66DA,隆昌段,504.01,非都市：特定農業區 ; 非都市編定：農牧用地,1,1,全筆移轉,00560000
RPVNMLTKJINFFAV77CA,富岡南段,138.93,非都市：鄉村區 ; 非都市編定：乙種建築用地,1,1,全筆移轉,12500001
RPOOMLTKJINFFAV17CA,台東段,5.00,都市：商,1,1,全筆移轉,01130013
RPOOMLTKJINFFAV17CA,台東段,56.00,都市：商,1,1,全筆移轉,01110010
RPUNMLLLJINFFAV96CA,豐年段,406.46,都市：住,1,1,全筆移轉,09500001
RPUNMLLLJINFFAV96CA,豐年段,578.69,都市：其他:道路用地,1,1,全筆移轉,09500002
RPUNMLLLJINFFAV96CA,豐年段,136.12,都市：其他:道路用地,1,1,全筆移轉,09510001
RPUNMLLLJINFFAV96CA,豐年段,699.89,都市：住,1,1,全筆移轉,09520001
RPUNMLLLJINFFAV96CA,豐年段,1159.71,都市：其他:道路用地,1,1,全筆移轉,09520003
RPWNMLLLJINFFAV17CA,東海段,19.11,都市：住,10000,32,持分移轉,01300000
RPWNMLLLJINFFAV17CA,東海段,1.23,都市：住,10000,32,持分移轉,01300002
RPUNMLNLJINFFAV17CA,南清段,105.28,都市：住,1,1,全筆移轉,04100000
RPVNMLKLJINFFAV96CA,東海段,106.62,都市：住,1,1,全筆移轉,02720007
RPVNMLKLJINFFAV96CA,東海段,12.12,都市：住,100,1,持分移轉,02740000
RPPNMLPJKINFFDV17DA,大竹段,136.00,非都市：山坡地保育區 ; 非都市編定：丙種建築用地,1,1,全筆移轉,03560000
RPTNMLLLJINFFAV86CA,台東段,16.46,都市：住,100000,795,持分移轉,21940000
RPTNMLLLJINFFAV86CA,台東段,16.46,都市：住,100000,795,持分移轉,21940000
RPPNMLLLJINFFCV76DA,隆盛段,183.81,非都市：特定農業區 ; 非都市編定：農牧用地,1,1,全筆移轉,01020000
RPPNMLMLJINFFBV66CA,城仔埔段,21.54,非都市：風景區 ; 非都市編定：丙種建築用地,1,1,全筆移轉,00580001
RPXNMLLLJINFFAV27CA,利泰段,114.76,非都市：一般農業區 ; 非都市編定：甲種建築用地,1,1,全筆移轉,00650000
RPRNMLNLJINFFCV07CA,和平段,198.62,非都市：一般農業區 ; 非都市編定：農牧用地,1,1,全筆移轉,09460000
RPQNMLMLJINFFAV66CA,台東段,243.00,都市：住,1,1,全筆移轉,00010276
RPVNMLLLJINFFAV07CA,台東段,1205.00,都市：商,1,1,全筆移轉,18330000
RPVNMLLLJINFFAV07CA,台東段,1295.00,都市：商,1,1,全筆移轉,18370000
RPVNMLLLJINFFAV07CA,台東段,191.00,都市：商,1,1,全筆移轉,18380000
RPTOMLNLJINFFAV17CA,台東段,53.00,都市：住,1,1,全筆移轉,00010057
RPVOMLNLJINFFAV37CA,台東段,12.68,都市：住,100000,783,持分移轉,00040009
RPRNMLLLJINFFAV66CA,新生段,9.92,都市：住,10000,40,持分移轉,00440000
RPQNMLQLJINFFAV07CA,台東段,14.00,都市：其他:道路用地,1,1,全筆移轉,00010175
RPQNMLQLJINFFAV07CA,台東段,151.00,都市：住,1,1,全筆移轉,00010110
RPWNMLMLJINFFAV27CA,中心段,92.00,都市：住,1,1,全筆移轉,01410000
RPXNMLNLJINFFAV47CA,上原段,155.00,非都市：山坡地保育區 ; 非都市編定：農牧用地,1,1,全筆移轉,00590021
RPXNMLNLJINFFAV47CA,上原段,54.00,非都市：山坡地保育區 ; 非都市編定：農牧用地,1,1,全筆移轉,00590024
RPVNMLMLJINFFAV17CA,台東段,75.00,都市：住,1,1,全筆移轉,00040601
RPPNMLRLJINFFAV17DA,常德段,139.58,都市：住,1,1,全筆移轉,10710000
RPQNMLQLJINFFCV27CA,萬朝段,1511.48,非都市：一般農業區 ; 非都市編定：農牧用地,1,1,全筆移轉,06620000
RPQNMLQLJINFFCV27CA,萬朝段,1000.96,非都市：一般農業區 ; 非都市編定：農牧用地,1,1,全筆移轉,06660000
RPQNMLNLJINFFCV07DA,大同段,58.10,都市：農,10000,247,持分移轉,08780000
RPQNMLNLJINFFCV07DA,大同段,734.83,都市：農,1,1,全筆移轉,09900000
RPQNMLNLJINFFCV07DA,大同段,1363.92,都市：農,1,1,全筆移轉,09910000
RPPNMLSKKINFFCV47DA,水井段,416.28,非都市：特定農業區 ; 非都市編定：甲種建築用地,1,1,全筆移轉,02290000
RPPNMLRLJINFFDV37CA,北橋段,103.62,都市：住,1,1,全筆移轉,08890007
RPPNMLOJKINFFCV86CA,慶福段,97.42,都市：商,1,1,全筆移轉,08240000
RPPNMLQLJINFFAV96CA,東海段,101.23,都市：住,1,1,全筆移轉,02590020
RPQNMLRLJINFFAV17CA,利家段,68.00,非都市：鄉村區 ; 非都市編定：乙種建築用地,1,1,全筆移轉,81380000
RPQNMLTLJINFFBV47CA,三仙段,51.62,非都市：風景區 ; 非都市編定：農牧用地,2,1,持分移轉,08010000
RPQNMLTLJINFFBV47CA,三仙段,518.16,非都市：風景區 ; 非都市編定：農牧用地,2,1,持分移轉,08080000
RPPNMLQLJINFFBV07CA,萬年段,2600.00,非都市：風景區 ; 非都市編定：農牧用地,1,1,全筆移轉,09970001
RPPNMLQLJINFFBV07CA,萬年段,173.00,非都市：風景區 ; 非都市編定：農牧用地,2,1,持分移轉,09970002
RPTNMLRLJINFFAV47CA,馬蘭段,12.75,都市：住,10000,102,持分移轉,16940000
RPRNMLRLJINFFCV47CA,牧野段,129.71,非都市：一般農業區 ; 非都市編定：甲種建築用地,1,1,全筆移轉,10190000
RPRNMLTLJINFFBV57CA,烏石鼻段,4324.50,非都市：風景區 ; 非都市編定：農牧用地,1,1,全筆移轉,03090000
RPPNMLNJKINFFCV76CA,紅葉段,3727.00,非都市：山坡地保育區 ; 非都市編定：農牧用地,1,1,全筆移轉,08770000
RPPNMLNJKINFFCV76CA,紅葉段,3125.00,非都市：山坡地保育區 ; 非都市編定：農牧用地,1,1,全筆移轉,08770001
RPPNMLNJKINFFCV76CA,紅葉段,2653.00,非都市：山坡地保育區 ; 非都市編定：農牧用地,1,1,全筆移轉,08770003
RPPNMLNJKINFFCV76CA,紅葉段,1347.00,非都市：山坡地保育區 ; 非都市編定：農牧用地,1,1,全筆移轉,08770005
RPPNMLNJKINFFCV76CA,紅葉段,208.00,非都市：山坡地保育區 ; 非都市編定：林業用地,1,1,全筆移轉,08770007
RPPNMLNJKINFFCV76CA,紅葉段,386.00,非都市：山坡地保育區 ; 非都市編定：農牧用地,1,1,全筆移轉,08770009
RPPNMLSLJINFFCV47DA,鸞山段,9590.00,非都市：山坡地保育區 ; 非都市編定：農牧用地,1,1,全筆移轉,07890000
RPPNMLKMJINFFAV09CA,建和段,103.70,都市：住,1,1,全筆移轉,13530000
RPQNMLKMJINFFAV56CA,德安段,102.60,都市：住,1,1,全筆移轉,02950009
RPQNMLOKKINFFAV86CA,新生段,9.92,都市：住,10000,40,持分移轉,00440000
RPTNMLSLJINFFAV57CA,豐成段,2790.83,非都市：特定農業區 ; 非都市編定：農牧用地,1,1,全筆移轉,11420000
RPRNMLSLJINFFAV37CA,中山段,76.00,都市：住,1,1,全筆移轉,09560000
RPPNMLKLKINFFAV09CA,岩灣段,132.23,都市：住,1,1,全筆移轉,01230000
RPQNMLSKKINFFAV27CA,北南王段,767.54,都市：農,1,1,全筆移轉,08450000
RPQNMLSKKINFFAV27CA,北南王段,618.74,都市：農,1,1,全筆移轉,08460000
RPXNMLOJKINFFAV47CA,中清段,2853.36,都市：農,1,1,全筆移轉,05930000
RPXNMLOJKINFFAV47CA,中清段,143.47,都市：農,1,1,全筆移轉,05970001
RPRNMLKMJINFFAV66CA,順天段,2859.00,都市：農,1,1,全筆移轉,06680000
RPVNMLKMJINFFAV07CA,中心段,.50,都市：商,2,1,持分移轉,12300000
RPVNMLKMJINFFAV07CA,中心段,27.00,都市：商,1,1,全筆移轉,12320000
RPVNMLKMJINFFAV07CA,中心段,95.46,都市：商,3350,1591,持分移轉,12610000
RPWNMLKMJINFFAV17CA,中心段,105.54,都市：商,3350,1759,持分移轉,12610000
RPUNMLQJKINFFAV37CA,中清段,91.67,都市：住,1,1,全筆移轉,05240002
RPUNMLQJKINFFAV37CA,中清段,1.44,都市：其他:道路用地,1,1,全筆移轉,05240005
RPRNMLPJKINFFAV96CA,鎮樂段,2600.00,非都市：山坡地保育區 ; 非都市編定：農牧用地,1,1,全筆移轉,02490001
RPPNMLOLKINFFAV86CA,東海段,27.47,都市：住,10000,46,持分移轉,01300000
RPPNMLOLKINFFAV86CA,東海段,1.77,都市：住,10000,46,持分移轉,01300002
RPQNMLTLJINFFAV37CA,豐年段,20.80,都市：住,10000,45,持分移轉,00270007
RPTNMLKMJINFFAV86CA,豐源段,2750.05,非都市：特定農業區 ; 非都市編定：農牧用地,1,1,全筆移轉,05390000
RPPNMLNJKINFFDV86CA,荒野段,428.38,非都市：一般農業區 ; 非都市編定：養殖用地,3,2,持分移轉,10180000
RPPNMLNJKINFFDV86CA,荒野段,1554.51,非都市：一般農業區 ; 非都市編定：養殖用地,3,2,持分移轉,10190000
RPPNMLKMJINFFBV56CA,新大馬段,2336.06,非都市：風景區 ; 非都市編定：農牧用地,1,1,全筆移轉,00290000
RPQNMLKKKINFFBV56CA,濱海段,93.48,都市：住,1,1,全筆移轉,08570005
RPQNMLKKKINFFBV56CA,濱海段,.76,都市：住,1,1,全筆移轉,08690000
RPQNMLLLKINFFBV76CA,永福段,121.45,非都市：鄉村區 ; 非都市編定：乙種建築用地,1,1,全筆移轉,04700001
RPPNMLSLKINFFAV27CA,德安段,22.88,都市：住,30000,183,持分移轉,00630000
RPPNMLSLKINFFAV27CA,德安段,.16,都市：住,30000,183,持分移轉,00630001
RPPNMLSLKINFFAV27CA,德安段,2.11,都市：住,30000,183,持分移轉,00630002
RPPNMLSLKINFFAV27CA,德安段,.04,都市：住,30000,183,持分移轉,00630003
RPQOMLKMJINFFAV66CA,興安段,145.05,都市：住,1,1,全筆移轉,00760000
RPOOMLKMJINFFAV09CA,岩灣段,53.04,都市：住,2,1,持分移轉,00340000
RPOOMLKMJINFFAV09CA,岩灣段,53.04,都市：住,2,1,持分移轉,00340000
RPROMLKMJINFFAV76CA,大業段,19.60,都市：住,1,1,全筆移轉,02620001
RPXNMLKMJINFFAV27CA,南榮段,5872.41,都市：農,1,1,全筆移轉,05340000
RPSNMLLKKINFFAV86DA,永清段,1.65,都市：住,1,1,全筆移轉,08890052
RPQNMLSLKINFFAV37CA,常德段,11.38,都市：商,10000,225,持分移轉,05300000
RPPNMLNJKINFFAV66DA,利家段,63.00,非都市：山坡地保育區 ; 非都市編定：丙種建築用地,1,1,全筆移轉,02930021
RPPNMLNJKINFFAV66DA,利家段,32.00,非都市：山坡地保育區 ; 非都市編定：丙種建築用地,1,1,全筆移轉,02930022
RPSNMLNJKINFFAV86CA,建國段,199.95,都市：住,1,1,全筆移轉,03860000
RPSNMLNJKINFFAV86CA,建國段,11.68,都市：住,1,1,全筆移轉,03860001
RPSNMLNJKINFFAV86CA,建國段,1.37,都市：其他:道路,1,1,全筆移轉,03860002
RPRNMLSLKINFFAV47CA,東海段,25.08,都市：住,10000,42,持分移轉,01300000
RPRNMLSLKINFFAV47CA,東海段,1.62,都市：住,10000,42,持分移轉,01300002
RPPOMLOJKINFFAV76CA,新生段,85.00,都市：住,1,1,全筆移轉,02610000
RPWNMLOJKINFFAV37CA,台東段,16.49,都市：住,10000,148,持分移轉,19190000
RPTNMLOJKINFFAV07CA,常德段,104.78,都市：住,1,1,全筆移轉,09880000
RPVNMLMLKINFFAV27CA,利家段,142.50,非都市：鄉村區 ; 非都市編定：乙種建築用地,2,1,持分移轉,83500000
RPVNMLMLKINFFAV27CA,利家段,99.00,非都市：鄉村區 ; 非都市編定：乙種建築用地,2,1,持分移轉,83500001
RPUNMLNJKINFFAV07CA,台東段,60.00,都市：住,1,1,全筆移轉,00040483
RPUNMLNJKINFFAV07CA,台東段,4.00,都市：住,1,1,全筆移轉,00040630
RPVNMLQJKINFFAV47CA,豐田段,82.57,都市：住,10000,420,持分移轉,13330003
RPTNMLNJKINFFAV96CA,台東段,46.32,都市：住,20000,726,持分移轉,18050000
RPQNMLKKKINFFAV09CA,下賓朗段,239.53,非都市：鄉村區 ; 非都市編定：乙種建築用地,1,1,全筆移轉,08580000
RPTNMLQJKINFFAV27CA,中山段,69.00,都市：住,1,1,全筆移轉,09290000
RPUNMLOJKINFFAV17CA,岩灣段,253.23,都市：住,1,1,全筆移轉,02830000
RPQNMLMKKINFFAV66CA,豐樂段,832.00,都市：工,1,1,全筆移轉,30010000
RPQNMLPJKINFFAV96DA,豐榮段,88.00,都市：住,1,1,全筆移轉,07080000
RPQNMLPJKINFFAV96DA,豐榮段,23.12,都市：住,1,1,全筆移轉,07170003
RPRNMLKKKINFFCV76CA,加拿段,108.57,非都市：山坡地保育區 ; 非都市編定：農牧用地,7,1,持分移轉,03800006
RPRNMLKKKINFFCV76CA,加拿段,107.14,非都市：山坡地保育區 ; 非都市編定：農牧用地,7,1,持分移轉,03800007
RPVNMLOJKINFFAV27CA,建成段,318.27,都市：住,1,1,全筆移轉,03010000
RPPNMLPJKINFFAV76CA,中清段,107.15,都市：住,1,1,全筆移轉,05240000
RPPNMLPJKINFFAV76CA,中清段,1.56,都市：住,1,1,全筆移轉,05240001
RPSNMLKLKINFFAV76CA,岩灣段,138.20,都市：住,1,1,全筆移轉,04180002
RPQNMLRKKINFFAV17CA,石川段,22.25,非都市：風景區 ; 非都市編定：丙種建築用地,40,1,持分移轉,02000000
RPQNMLRKKINFFAV17CA,石川段,87.17,非都市：風景區 ; 非都市編定：丙種建築用地,1,1,全筆移轉,02300000
RPSNMLPJKINFFAV07CA,豐嘉段,2811.97,非都市：特定農業區 ; 非都市編定：農牧用地,1,1,全筆移轉,01370000
RPSNMLPJKINFFAV07CA,豐嘉段,2811.96,非都市：特定農業區 ; 非都市編定：農牧用地,1,1,全筆移轉,01370001
RPRNMLKLKINFFAV66CA,大業段,104.81,都市：住,1,1,全筆移轉,01550000
RPPNMLQJKINFFAV86CA,豐年段,117.00,都市：住,1,1,全筆移轉,09530015
RPPNMLLKKINFFDV76CA,正興段,986.87,都市：住,1,1,全筆移轉,00040002
RPPNMLLKKINFFDV76CA,正興段,203.17,都市：住,1,1,全筆移轉,00040006
RPRNMLQJKINFFAV07CA,豐年段,15.23,都市：住,10000,59,持分移轉,00270003
RPPNMLQJKINFFCV07CA,新興段,4706.89,非都市：特定農業區 ; 非都市編定：農牧用地,1,1,全筆移轉,11190000
RPPNMLRKKINFFBV17CA,忠智段,140.16,都市：住,1,1,全筆移轉,12030000
RPQNMLRJKINFFAV07CA,常德段,104.61,都市：住,1,1,全筆移轉,09890000
RPRNMLRJKINFFAV17CA,南清段,62.35,都市：商,1,1,全筆移轉,05620000
RPQNMLSLJINFFAV27CA,台東段,122.42,都市：商,9996,1443,持分移轉,04340001
RPQOMLMKKINFFAV76CA,利卡夢段,381.04,非都市：特定農業區 ; 非都市編定：甲種建築用地,1,1,全筆移轉,05490000
RPQOMLMKKINFFAV76CA,利卡夢段,504.13,非都市：特定農業區 ; 非都市編定：甲種建築用地,1,1,全筆移轉,05510000
RPVNMLOLKINFFAV47CA,自強段,128.00,都市：住,1,1,全筆移轉,05210005
RPTNMLRJKINFFAV37CA,新生段,75.50,都市：住,2,1,持分移轉,11760000
RPTNMLRJKINFFAV37CA,新生段,75.50,都市：住,2,1,持分移轉,11760000
RPPNMLLKKINFFAV09CA,中清段,91.93,都市：住,1,1,全筆移轉,05240003
RPPNMLLKKINFFAV09CA,中清段,1.60,都市：其他:道,1,1,全筆移轉,05240006
RPRNMLMKKINFFBV86CA,南八里段,136.72,非都市：風景區 ; 非都市編定：農牧用地,1,1,全筆移轉,09660001
RPPNMLKKKINFFCV56CA,豐泉段,378.02,都市：住,1,1,全筆移轉,07930000
RPPNMLKKKINFFAV09DA,自強段,95.35,都市：住,1,1,全筆移轉,10150003
RPQNMLNLKINFFAV86CA,利家段,138.00,非都市：鄉村區 ; 非都市編定：乙種建築用地,1,1,全筆移轉,80510000
RPWNMLMKKINFFAV27CA,北南王段,178.15,都市：住,1,1,全筆移轉,02900000
RPUNMLMKKINFFAV07CA,台東段,15.37,都市：住,10000,138,持分移轉,19190000
RPRNMLLKKINFFAV66CA,豐航段,102.71,都市：住,1,1,全筆移轉,08030000
RPVNMLMKKINFFAV17CA,自強段,216.00,都市：住,1,1,全筆移轉,02130000
RPQNMLNKKINFFAV76CA,青林段,14.61,都市：其他:道路用地,1,1,全筆移轉,03860005
RPQNMLNKKINFFAV76CA,青林段,349.20,都市：住,1,1,全筆移轉,15900005
RPSNMLNKKINFFAV96CA,常德段,7.59,都市：住,10000,150,持分移轉,05300000
RPXNMLMKKINFFAV37CA,台東段,65.00,都市：住,1,1,全筆移轉,00010008
RPRNMLTKKINFFAV47CA,泰安段,73.37,非都市：一般農業區 ; 非都市編定：甲種建築用地,1,1,全筆移轉,02670001
RPQNMLKLKINFFAV56CA,豐富段,10.97,都市：住,1,1,全筆移轉,04860048
RPQNMLKLKINFFAV56CA,豐富段,191.90,都市：住,1,1,全筆移轉,04860065
RPRNMLRKKINFFAV27CA,台東段,130.00,都市：住,1,1,全筆移轉,24000000
RPPNMLNKKINFFAV66CA,建成段,101.64,都市：住,1,1,全筆移轉,03170019
RPPNMLSKKINFFAV17CA,豐榮段,125.96,都市：住,1,1,全筆移轉,01410003
RPOOMLMKKINFFAV56CA,康樂段,488.00,非都市：特定農業區 ; 非都市編定：農牧用地,1,1,全筆移轉,07280000
RPOOMLMKKINFFAV56CA,康樂段,735.00,非都市：特定農業區 ; 非都市編定：農牧用地,1,1,全筆移轉,07300000
RPPOMLMKKINFFAV66CA,新生段,166.00,都市：住,1,1,全筆移轉,00250001
RPROMLKLKINFFAV76CA,山里段,169.06,非都市：山坡地保育區 ; 非都市編定：丙種建築用地,10,6,持分移轉,03490000
RPROMLKLKINFFAV76CA,山里段,169.06,非都市：山坡地保育區 ; 非都市編定：丙種建築用地,10,6,持分移轉,03490001
RPROMLKLKINFFAV76CA,山里段,169.06,非都市：山坡地保育區 ; 非都市編定：丙種建築用地,10,6,持分移轉,03490002
RPROMLKLKINFFAV76CA,山里段,169.06,非都市：山坡地保育區 ; 非都市編定：丙種建築用地,10,6,持分移轉,03490003
RPROMLKLKINFFAV76CA,山里段,169.06,非都市：山坡地保育區 ; 非都市編定：丙種建築用地,10,6,持分移轉,03490004
RPROMLKLKINFFAV76CA,山里段,186.46,非都市：山坡地保育區 ; 非都市編定：丙種建築用地,10,6,持分移轉,03490005
RPSNMLMKKINFFBV07DA,和平北段,1707.86,非都市：風景區 ; 非都市編定：農牧用地,1,1,全筆移轉,06860000
RPPNMLNKKINFFBV76CA,三仙段,51.62,非都市：風景區 ; 非都市編定：農牧用地,2,1,持分移轉,08010000
RPPNMLNKKINFFBV76CA,三仙段,518.16,非都市：風景區 ; 非都市編定：農牧用地,2,1,持分移轉,08080000
RPPNMLKLKINFFCV66CA,電光段,103.91,非都市：鄉村區 ; 非都市編定：乙種建築用地,1,1,全筆移轉,09220000
RPPNMLKLKINFFCV66CA,新日出段,2773.30,非都市：特定農業區 ; 非都市編定：農牧用地,1,1,全筆移轉,01710000
RPPNMLKLKINFFCV66CA,新日出段,568.21,非都市：特定農業區 ; 非都市編定：農牧用地,1,1,全筆移轉,01730000
RPPNMLKLKINFFCV66CA,新日出段,4411.29,非都市：特定農業區 ; 非都市編定：農牧用地,1,1,全筆移轉,01760000
RPQNMLSKKINFFCV47CA,水井段,126.94,非都市：鄉村區 ; 非都市編定：乙種建築用地,1,1,全筆移轉,10570000
RPPNMLNKKINFFCV86CA,新興段,2504.75,非都市：特定農業區 ; 非都市編定：農牧用地,1,1,全筆移轉,08900000
RPSNMLMKKINFFAV86CA,台東段,10.08,都市：住,10000,67,持分移轉,20080000
RPPNMLPLKINFFDV37DA,台?段,60240.00,非都市：山坡地保育區 ; 非都市編定：林業用地,3,2,持分移轉,00330000
RPTNMLMKKINFFAV96CA,豐年段,30.60,都市：住,5,1,持分移轉,09530005
RPTNMLMKKINFFAV96CA,豐年段,133.20,都市：住,1,1,全筆移轉,09530010
RPVNMLNKKINFFAV27CA,豐年段,30.60,都市：住,5,1,持分移轉,09530005
RPVNMLNKKINFFAV27CA,豐年段,124.11,都市：住,1,1,全筆移轉,09530022
RPPNMLOKKINFFAV76CA,豐年段,20.92,都市：住,23,1,持分移轉,00020067
RPPNMLOKKINFFAV76CA,豐年段,118.86,都市：住,1,1,全筆移轉,00020069
RPSNMLRLKINFFAV47CA,自強段,144.00,都市：住,1,1,全筆移轉,05210000
RPRNMLRLKINFFAV37CA,自強段,126.00,都市：住,1,1,全筆移轉,05210004
RPXNMLPLKINFFAV77CA,富岡南段,1470.07,非都市：風景區 ; 非都市編定：交通用地,1,1,全筆移轉,04530000
RPTNMLOKKINFFAV17CA,豐川段,68.56,非都市：特定農業區 ; 非都市編定：甲種建築用地,1,1,全筆移轉,09060001
RPTNMLNKKINFFAV07CA,台東段,388.00,都市：住,1,1,全筆移轉,13910000
RPRNMLNKKINFFAV86CA,中心段,57.00,都市：住,1,1,全筆移轉,08330000
RPUNMLNKKINFFAV17CA,台東段,195.00,都市：住,1,1,全筆移轉,13780000
RPUNMLNKKINFFAV17CA,台東段,47.00,都市：住,1,1,全筆移轉,13780001
RPVNMLKLKINFFAV07CA,岩灣段,307.44,都市：住,1,1,全筆移轉,03630000
RPTOMLKLKINFFAV96CA,建華段,1000.00,都市：農,1,1,全筆移轉,15010004
RPVOMLKLKINFFAV17CA,常德段,96.58,都市：住,1,1,全筆移轉,03390000
RPQNMLLKKINFFDV86CA,正興段,879.80,都市：住,1,1,全筆移轉,00040003
RPQNMLLKKINFFDV86CA,正興段,310.24,都市：住,1,1,全筆移轉,00040007
RPXNMLKLKINFFAV27CA,岩灣段,199.92,都市：住,1,1,全筆移轉,01040000
RPXNMLKLKINFFAV27CA,岩灣段,99.96,都市：住,1,1,全筆移轉,01040003
RPPPMLKLKINFFAV66CA,南清段,5848.56,都市：農,1,1,全筆移轉,01160000
RPTNMLMLKINFFAV07CA,知本段,3402.00,非都市：特定農業區 ; 非都市編定：農牧用地,1,1,全筆移轉,78150000
RPOOMLKLKINFFAV09CA,建華段,1000.00,都市：農,1,1,全筆移轉,15010000
RPUNMLMLKINFFAV17CA,豐年段,20.92,都市：住,23,1,持分移轉,00020067
RPUNMLMLKINFFAV17CA,豐年段,60.60,都市：住,1,1,全筆移轉,00030066
RPQOMLKLKINFFAV66CA,建華段,1000.00,都市：農,1,1,全筆移轉,15010003
RPUNMLRKKINFFAV67DA,新生段,61.67,都市：農,3,1,持分移轉,16980004
RPPNMLRKKINFFAV07CA,豐樂段,83.00,都市：住,1,1,全筆移轉,31100000
RPWNMLTKKINFFAV97CA,台東段,70.00,都市：住,1,1,全筆移轉,07430034
RPRNMLKLKINFFCV86CA,錦富段,3621.16,非都市：特定農業區 ; 非都市編定：農牧用地,1,1,全筆移轉,06940000
RPPNMLKLKINFFBV56CA,新港段八邊小段,154.00,非都市：風景區 ; 非都市編定：丙種建築用地,1,1,全筆移轉,00050126
RPRNMLTJJHOFFCV57DA,廣原段,674.00,非都市：鄉村區 ; 非都市編定：乙種建築用地,1,1,全筆移轉,10970000
RPRNMLTJJHOFFCV57DA,廣原段,66.00,非都市：鄉村區 ; 非都市編定：乙種建築用地,1,1,全筆移轉,10970001
RPPNMLKLKINFFDV76CA,秀山段,10.39,都市：其他:旅館區,10000,9,持分移轉,07230000
RPPNMLKLKINFFDV76CA,秀山段,.00,都市：其他:旅館區,10000,9,持分移轉,07230001
RPQNMLRLKINFFDV67DA,南田段,3000.00,非都市：山坡地保育區 ; 非都市編定：林業用地,1,1,全筆移轉,04120001
RPSNMLLLKINFFAV86CA,建華段,2192.24,非都市：特定農業區 ; 非都市編定：農牧用地,1,1,全筆移轉,11880000
RPSNMLLLKINFFAV86CA,建華段,2227.55,都市：農,1,1,全筆移轉,11900000
RPPNMLLLKINFFBV66CA,南八里段,113.11,非都市：鄉村區 ; 非都市編定：乙種建築用地,1,1,全筆移轉,03270000
RPRNMLSKKINFFCV67DA,廣原段,1560.00,非都市：山坡地保育區 ; 非都市編定：農牧用地,1,1,全筆移轉,08580000
RPQNMLKLKINFFCV86DA,武陵段,588.00,非都市：鄉村區 ; 非都市編定：乙種建築用地,1,1,全筆移轉,04670000
RPRNMLMLKINFFDV17CA,秀山段,10.39,都市：住,10000,9,持分移轉,07230000
RPRNMLMLKINFFDV17CA,秀山段,.00,都市：住,10000,9,持分移轉,07230001
RPTNMLTKKINFFAV67CA,南王段,248.37,都市：住,1,1,全筆移轉,07890000
RPVNMLTKKINFFAV87CA,常德段,119.08,都市：住,1,1,全筆移轉,04160027
RPSNMLTKKINFFAV67DA,台東段,142.00,都市：住,1,1,全筆移轉,00080132
RPUNMLTKKINFFAV77CA,豐年段,18.50,都市：住,10000,37,持分移轉,00270000
RPRNMLSKKINFFAV37CA,豐谷段,78.00,都市：住,1,1,全筆移轉,05240000
RPPNMLTKKINFFAV27CA,台東段,132.00,都市：住,1,1,全筆移轉,00250464
RPSNMLMLKINFFDV27CA,秀山段,7.72,都市：住,10000,24,持分移轉,07280000
RPPNMLRLKINFFDV47CA,秀山段,10.39,都市：其他:出租旅館區,10000,9,持分移轉,07230000
RPPNMLRLKINFFDV47CA,秀山段,.00,都市：其他:出租旅館區,10000,9,持分移轉,07230001
RPRPMLKLKINFFAV86CA,永豐段,72.75,都市：住,1,1,全筆移轉,00630000
RPSPMLKLKINFFAV96CA,台東段,75.00,都市：住,1,1,全筆移轉,21410000
RPPNMLMJJHOFFAV98CA,自強段,143.94,都市：住,1,1,全筆移轉,02310000
RPQNMLRLKINFFAV27CA,台東段,76.50,都市：住,2,1,持分移轉,20110004
RPQNMLRLKINFFAV27CA,台東段,76.50,都市：住,2,1,持分移轉,20110004
RPSNMLOLKINFFAV17CA,中心段,68.00,都市：商,1,1,全筆移轉,12560003
RPUNMLSJJHOFFAV47CA,台東段,11.11,都市：住,100000,686,持分移轉,00040009
RPOOMLSLKINFFAV27CA,豐年段,1713.97,都市：農,1,1,全筆移轉,11270000
RPTNMLKLKINFFAV86CA,利家段,4988.00,非都市：特定農業區 ; 非都市編定：農牧用地,1,1,全筆移轉,66680000
RPWNMLLLKINFFAV27CA,新生段,13.40,都市：住,10000,54,持分移轉,00440000
RPSOMLKLKINFFAV96DA,永清段,.44,都市：住,1,1,全筆移轉,08890045
RPSNMLKKJHOFFAV56CA,東海段,93.08,都市：住,1,1,全筆移轉,01270024
RPSNMLKKJHOFFAV56CA,東海段,43.22,都市：住,18,2,持分移轉,01270017
RPOPMLKLKINFFAV56CA,豐年段,15.23,都市：住,10000,59,持分移轉,00270003
RPUOMLKLKINFFAV17DA,永清段,.50,都市：住,1,1,全筆移轉,08890046
RPSNMLKLKINFFCV07DA,大埔段,51.10,都市：住,2,1,持分移轉,06260000
RPPNMLMLKINFFDV96CA,荒野段,1109.07,非都市：一般農業區 ; 非都市編定：農牧用地,1,1,全筆移轉,00160000
RPQNMLOLKINFFBV07CA,田組段,551.68,非都市：風景區 ; 非都市編定：農牧用地,1,1,全筆移轉,03460000
RPRNMLPLKINFFBV27CA,大霸來段,193.11,非都市：風景區 ; 非都市編定：農牧用地,1,1,全筆移轉,03660001
RPQNMLPLKINFFBV17CA,長濱段,1039.00,非都市：鄉村區 ; 非都市編定：乙種建築用地,1,1,全筆移轉,05910000
RPPNMLLLKINFFAV56CA,利家段,1000.00,非都市：特定農業區 ; 非都市編定：農牧用地,1,1,全筆移轉,60490001
RPQNMLOLKINFFAV96CA,光明段,107.00,都市：住,1,1,全筆移轉,04360023
RPPNMLOLKINFFDV27DA,金富段,258.11,非都市：鄉村區 ; 非都市編定：乙種建築用地,1,1,全筆移轉,05790000
RPOOMLMLKINFFAV66CA,台東段,43.74,都市：住,10000,417,持分移轉,20380000
RPPNMLNLKINFFAV76CA,台東段,285.00,都市：住,1,1,全筆移轉,25240001
RPUNMLOLKINFFAV37CA,建康段,666.86,都市：農,1,1,全筆移轉,08420000
RPQPMLKLKINFFAV86DA,豐榮段,57.00,都市：住,1,1,全筆移轉,08810000
RPQNMLLLKINFFAV76DA,富岡段,126.47,非都市：鄉村區 ; 非都市編定：乙種建築用地,1,1,全筆移轉,08560000
RPQPMLKLKINFFAV86DA,豐榮段,17.00,都市：住,1,1,全筆移轉,08820000
RPPNMLTLKINFFAV37CA,台東段,24.25,都市：住,4,1,持分移轉,10790000
RPVNMLSLKINFFAV87CA,建華段,358.04,都市：住,2,1,持分移轉,12630000
RPVNMLSLKINFFAV87CA,建華段,119.35,都市：住,6,1,持分移轉,12630000
RPPNMLLMKINFFAV66CA,東海段,73.13,都市：住,1,1,全筆移轉,03540000
RPUNMLRLKINFFAV67CA,普優瑪段,133.00,都市：住,1,1,全筆移轉,07850003
RPTNMLRLKINFFAV57CA,自強段,126.00,都市：住,1,1,全筆移轉,05210003
RPRNMLQLKINFFAV27CA,北南王段,108.00,都市：住,1,1,全筆移轉,02610000
RPUNMLPLKINFFAV47CA,馬蘭段,21.35,都市：住,10000,177,持分移轉,16590000
RPVNMLPLKINFFAV57CA,利家段,2726.00,非都市：特定農業區 ; 非都市編定：農牧用地,1,1,全筆移轉,65300000
RPWNMLPLKINFFAV67CA,利家段,2518.00,非都市：特定農業區 ; 非都市編定：農牧用地,1,1,全筆移轉,51940003
RPQNMLPLKINFFAV07CA,南榮段,136.13,都市：住,1,1,全筆移轉,02730000
RPQNMLPLKINFFAV07CA,南榮段,4.00,都市：其他:道路用地,1,1,全筆移轉,02740001
RPQNMLOLKINFFCV17CA,中福段,383.45,都市：農,1,1,全筆移轉,09770000
RPPNMLQLKINFFBV17CA,南八里段,2912.17,非都市：風景區 ; 非都市編定：農牧用地,1,1,全筆移轉,07520000
RPPNMLPLKINFFBV07CA,北佳里段,1848.33,非都市：風景區 ; 非都市編定：農牧用地,1,1,全筆移轉,13660000
RPPNMLMLJHOFFBV66CA,黃金橋段,342.84,非都市：鄉村區 ; 非都市編定：乙種建築用地,1,1,全筆移轉,06930000
RPPNMLOJJHOFFBV66CA,高原段,4000.00,非都市：森林區 ; 非都市編定：農牧用地,1,1,全筆移轉,01340000
RPPNMLOJJHOFFDV96DA,拉力?段,9610.00,非都市：山坡地保育區 ; 非都市編定：農牧用地,1,1,全筆移轉,02520000
RPPNMLKKJHOFFBV09DA,玉長段,2677.90,非都市：風景區 ; 非都市編定：農牧用地,1,1,全筆移轉,06600000
RPSNMLPLKINFFAV27CA,豐康段,79.91,都市：住,1,1,全筆移轉,07800000
RPTNMLPLKINFFAV37CA,豐年段,30.60,都市：住,5,1,持分移轉,09530005
RPTNMLPLKINFFAV37CA,豐年段,117.97,都市：住,1,1,全筆移轉,09530008
RPQNMLRJJHOFFAV96CA,公?西段,526.51,都市：住,1,1,全筆移轉,03550000
RPSNMLQLKINFFAV37CA,台東段,56.13,都市：住,10000,264,持分移轉,03320000
RPTNMLSLKINFFAV67CA,建康段,220.06,非都市：特定農業區 ; 非都市編定：農牧用地,1,1,全筆移轉,05560000
RPQNMLQLKINFFAV17CA,豐年段,20.92,都市：住,23,1,持分移轉,00020067
RPQNMLQLKINFFAV17CA,豐年段,61.75,都市：住,1,1,全筆移轉,00030120
RPQNMLMJJHOFFAV09CA,泰安段,3749.97,非都市：一般農業區 ; 非都市編定：農牧用地,1,1,全筆移轉,00320000
RPQNMLLMKINFFAV76CA,泰安段,2992.07,非都市：山坡地保育區 ; 非都市編定：農牧用地,1,1,全筆移轉,04340000
RPPNMLKMKINFFDV86CA,金富段,83.54,非都市：鄉村區 ; 非都市編定：乙種建築用地,1,1,全筆移轉,03260000
RPUNMLKKJHOFFAV76CA,常德段,15.19,都市：住,10000,80,持分移轉,07520000
RPWNMLTKJHOFFAV87CA,新生段,15.13,都市：住,10000,61,持分移轉,00440000
RPPNMLSLKINFFCV57DA,南山段,6.26,都市：其他:道路用地,1,1,全筆移轉,01410000
RPPNMLSLKINFFCV57DA,南山段,139.76,都市：住,1,1,全筆移轉,01420000
RPRNMLMJJHOFFAV56CA,豐樂段,122.00,都市：其他:工業住宅區,1,1,全筆移轉,31540004
RPSNMLSLKINFFAV67DA,永清段,.62,都市：住,1,1,全筆移轉,08890048
RPSNMLMJJHOFFAV76DA,下賓朗段,1175.30,非都市：特定農業區 ; 非都市編定：農牧用地,1,1,全筆移轉,00340001
RPXNMLSLKINFFAV18DA,建國段,29.00,都市：住,1,1,全筆移轉,05270000
RPTNMLOLKINFFAV37DA,建華段,3270.56,都市：農,1,1,全筆移轉,15170000
RPPNMLRJJHOFFAV96DA,上岩灣段,113.73,都市：住,1,1,全筆移轉,05200000
RPPNMLMLKINFFAV76DA,常德段,127.10,都市：住,1,1,全筆移轉,06280000
RPWNMLSLKINFFAV08DA,豐年段,115.89,都市：住,1,1,全筆移轉,00290009
RPWNMLSLKINFFAV08DA,豐年段,116.29,都市：住,1,1,全筆移轉,00290010
RPTNMLLLKINFFAV07DA,中清段,54.14,都市：農,1,1,全筆移轉,00170000
RPTNMLLLKINFFAV07DA,中清段,357.42,都市：農,1,1,全筆移轉,00180000
RPTNMLLLKINFFAV07DA,中清段,686.60,都市：農,1,1,全筆移轉,00210000
RPPNMLLJJHOFFAV88CA,豐年段,30.60,都市：住,5,1,持分移轉,09530005
RPPNMLLJJHOFFAV88CA,豐年段,123.40,都市：住,1,1,全筆移轉,09530009
RPSNMLOJJHOFFAV86CA,馬蘭段,99.00,都市：住,1,1,全筆移轉,14500012
RPTNMLMJJHOFFAV86DA,台東段,20.00,都市：住,1,1,全筆移轉,06510075
RPTNMLMJJHOFFAV86DA,台東段,89.00,都市：住,1,1,全筆移轉,06510190
RPVNMLSJJHOFFAV57CA,台東段,131.00,都市：住,1,1,全筆移轉,18160001
RPUNMLOJJHOFFAV07CA,豐樂段,772.00,都市：工,1,1,全筆移轉,31610000
RPQNMLNJJHOFFAV56CA,豐年段,30.60,都市：住,5,1,持分移轉,09530005
RPQNMLNJJHOFFAV56CA,豐年段,134.88,都市：住,1,1,全筆移轉,09530021
RPTNMLKKJHOFFAV66CA,下南寮段,114.08,都市：其他:保護區,1,1,全筆移轉,10180000
RPTNMLKKJHOFFAV66CA,下南寮段,51.72,都市：其他:保護區,1,1,全筆移轉,10190000
RPQNMLPLJHOFFDV37DA,台拉段,4956.60,非都市：山坡地保育區 ; 非都市編定：農牧用地,1,1,全筆移轉,01620000
RPPNMLOJJHOFFAV56CA,中心段,39.47,都市：住,10000,893,持分移轉,02500000
RPQNMLKKJHOFFAV98CA,台東段,7.92,都市：住,1000,30,持分移轉,15640000
RPRNMLTJJHOFFAV27CA,豐富段,91.89,都市：住,1,1,全筆移轉,03470005
RPRNMLTJJHOFFAV27CA,豐富段,62.43,都市：住,1,1,全筆移轉,03600000
RPRNMLTJJHOFFAV27CA,豐富段,.07,都市：住,1,1,全筆移轉,03600001
RPQNMLOJJHOFFBV76CA,小馬東段,743.56,非都市：風景區 ; 非都市編定：農牧用地,2,1,持分移轉,02660000
RPQNMLOJJHOFFBV76CA,小馬東段,743.56,非都市：風景區 ; 非都市編定：農牧用地,2,1,持分移轉,02660000
RPSNMLSJJHOFFAV27CA,台東段,75.00,都市：住,1,1,全筆移轉,01600274
RPRNMLSJJHOFFAV17CA,知本段,67.50,非都市：特定農業區 ; 非都市編定：甲種建築用地,100,45,持分移轉,78940004
RPTNMLSJJHOFFAV37CA,東海段,39.38,都市：住,2,1,持分移轉,10240000
RPTNMLSJJHOFFAV37CA,東海段,39.38,都市：住,2,1,持分移轉,10240000
RPQNMLSJJHOFFAV07CA,下賓朗段,182.98,非都市：鄉村區 ; 非都市編定：乙種建築用地,1,1,全筆移轉,04360000
RPWNMLSJJHOFFAV67CA,台東段,38.00,都市：住,1,1,全筆移轉,00080216
RPWNMLSJJHOFFAV67CA,台東段,17.00,都市：住,1,1,全筆移轉,00080218
RPPNMLTJJHOFFAV07CA,南王段,366.93,都市：住,1,1,全筆移轉,08200000
RPRNMLLLKINFFAV76CA,常德段,9.30,都市：住,10000,49,持分移轉,07520000
RPRNMLLLKINFFAV76CA,常德段,9.30,都市：住,10000,49,持分移轉,07520000
RPPNMLSJJHOFFBV07CA,仙民段,2871.19,非都市：風景區 ; 非都市編定：農牧用地,1,1,全筆移轉,06280000
RPPNMLSJJHOFFBV07CA,仙民段,2488.00,非都市：風景區 ; 非都市編定：農牧用地,1,1,全筆移轉,06290000
RPPNMLSJJHOFFBV07CA,仙民段,3169.82,非都市：風景區 ; 非都市編定：農牧用地,1,1,全筆移轉,06370000
RPQNMLSKJHOFFBV37DA,和平北段,260.91,非都市：風景區 ; 非都市編定：農牧用地,1,1,全筆移轉,03640000
RPPNMLOKJHOFFAV66CA,南王段,90.95,都市：住,1,1,全筆移轉,00890000
RPSNMLLKJHOFFAV66CA,岩灣段,23.20,都市：住,100,20,持分移轉,01960000
RPVNMLKKJHOFFAV86CA,豐年段,18.50,都市：住,10000,37,持分移轉,00270000
RPQNMLOKJHOFFBV86CA,仙民段,2579.64,非都市：風景區 ; 非都市編定：農牧用地,1,1,全筆移轉,06360000
RPXNMLLJKHOFFAV17CA,自強段,60.00,都市：住,1,1,全筆移轉,00490000
RPPNMLTJJHOFFCV37DA,德高段,400.11,非都市：鄉村區 ; 非都市編定：乙種建築用地,1,1,全筆移轉,09490000
RPPNMLSJJHOFFCV17CA,大池段,4017.29,非都市：特定農業區 ; 非都市編定：農牧用地,1,1,全筆移轉,10550001
RPRNMLLKJHOFFCV76CA,水井段,2045.77,非都市：特定農業區 ; 非都市編定：農牧用地,1,1,全筆移轉,07440003
RPPNMLLKJHOFFCV56CA,水井段,1801.34,非都市：特定農業區 ; 非都市編定：農牧用地,1,1,全筆移轉,07440001
RPQNMLLKJHOFFCV66CA,水井段,2600.00,非都市：特定農業區 ; 非都市編定：農牧用地,1,1,全筆移轉,07440004
RPQNMLKKJHOFFCV56CA,新福段,3779.88,非都市：一般農業區 ; 非都市編定：農牧用地,1,1,全筆移轉,05340000
RPQNMLKKJHOFFCV56CA,新福段,299.39,非都市：一般農業區 ; 非都市編定：水利用地,1,1,全筆移轉,05350000
RPPNMLMLJHOFFCV76CA,龍安段,2518.06,非都市：一般農業區 ; 非都市編定：農牧用地,1,1,全筆移轉,06060000
RPRNMLRJJHOFFCV27CA,里?段,42.32,都市：商,1,1,全筆移轉,06700000
RPQNMLTJJHOFFAV17CA,下賓朗段,605.09,非都市：一般農業區 ; 非都市編定：農牧用地,1,1,全筆移轉,13760000
RPXNMLKKJHOFFAV07CA,東谷段,123.34,都市：住,1,1,全筆移轉,02080010
RPPNMLSJJHOFFAV96CA,利家段,2754.00,非都市：特定農業區 ; 非都市編定：農牧用地,1,1,全筆移轉,65660000
RPXNMLSJJHOFFAV77CA,自強段,102.99,都市：住,1,1,全筆移轉,09470007
RPSNMLTJJHOFFAV37CA,豐年段,5.00,都市：住,10000,10,持分移轉,00270000
RPPNMLKLJHOFFAV98CA,梧州段,376.38,都市：其他:鄰里公園用地兼作兒童遊樂場使用,1,1,全筆移轉,04480001
RPPNMLKLJHOFFAV98CA,梧州段,539.24,都市：其他:道路用地,1,1,全筆移轉,04480002
RPPNMLKLJHOFFAV98CA,梧州段,1535.16,都市：其他:鄰里公園用地兼作兒童遊樂場使用,1,1,全筆移轉,04510001
RPPNMLKLJHOFFAV98CA,梧州段,187.79,都市：其他:道路用地,1,1,全筆移轉,04510002
RPQNMLLKJHOFFAV09CA,台東段,200.00,都市：住,1,1,全筆移轉,06540194
RPQNMLTJJHOFFCV47DA,廣原段,3855.00,非都市：山坡地保育區 ; 非都市編定：農牧用地,1,1,全筆移轉,04950000
RPQNMLTJJHOFFCV47DA,廣原段,11565.00,非都市：山坡地保育區 ; 非都市編定：農牧用地,1,1,全筆移轉,04950001
RPRNMLKKJHOFFAV09CA,中清段,150.17,都市：住,7,6,持分移轉,03750000
RPPNMLKKJHOFFCV56DA,慶豐段,739.72,非都市：特定農業區 ; 非都市編定：甲種建築用地,1,1,全筆移轉,09120000
RPPNMLLKJHOFFDV66CA,樂山段,271.79,非都市：山坡地保育區 ; 非都市編定：農牧用地,1000,120,持分移轉,05990000
RPTNMLLKJHOFFAV86DA,下南寮段,77.07,都市：其他:保護區,1,1,全筆移轉,10160000
RPQNMLLKJHOFFDV76CA,秀山段,8.08,都市：住,10000,7,持分移轉,07230000
RPQNMLLKJHOFFDV76CA,秀山段,.00,都市：住,10000,7,持分移轉,07230001
RPOOMLOKJHOFFAV66CA,中山段,20.00,都市：其他:道路用地,1,1,全筆移轉,03770000
RPOOMLOKJHOFFAV66CA,中山段,112.00,都市：其他:道路用地,1,1,全筆移轉,03780000
RPOOMLOKJHOFFAV66CA,中山段,16.00,都市：其他:道路用地,1,1,全筆移轉,03860001
RPWNMLOKJHOFFAV37CA,永清段,110.78,都市：住,1,1,全筆移轉,08070000
RPUNMLOKJHOFFAV17CA,利家段,2816.00,非都市：特定農業區 ; 非都市編定：農牧用地,1,1,全筆移轉,65800000
RPSNMLOKJHOFFAV96CA,豐年段,120.56,都市：住,1,1,全筆移轉,00290052
RPRNMLOKJHOFFAV86CA,中心段,92.00,都市：住,1,1,全筆移轉,11990000
RPUNMLLKJHOFFAV86CA,公?東段,561.65,都市：農,1,1,全筆移轉,03290002
RPRNMLLKJHOFFAV56CA,豐成段,3180.03,非都市：特定農業區 ; 非都市編定：農牧用地,1,1,全筆移轉,05990001
RPPNMLOKJHOFFDV96CA,復興段,45.13,都市：住,10,6,持分移轉,04890015
RPPNMLOKJHOFFDV96CA,復興段,76.41,都市：住,10,6,持分移轉,04890016
RPXNMLOKJHOFFAV47CA,下南寮段,138.80,都市：農,2,1,持分移轉,10960000
RPXNMLOKJHOFFAV47CA,下南寮段,138.80,都市：農,2,1,持分移轉,10960000
RPXNMLOKJHOFFAV47CA,下南寮段,32.83,都市：農,2,1,持分移轉,10970000
RPXNMLOKJHOFFAV47CA,下南寮段,32.83,都市：農,2,1,持分移轉,10970000
RPQNMLOKJHOFFAV76CA,自強段,136.39,都市：住,1,1,全筆移轉,10440001
RPPNMLLKJHOFFBV09CA,萬年段,98.00,非都市：鄉村區 ; 非都市編定：乙種建築用地,1,1,全筆移轉,00910000
RPPNMLPKJHOFFAV86DA,豐利段,103.52,都市：住,1,1,全筆移轉,05790000
RPRNMLLLJHOFFCV86CA,和平段,12462.04,非都市：一般農業區 ; 非都市編定：農牧用地,1,1,全筆移轉,10850000
RPPNMLPLJHOFFAV86CA,常德段,107.31,都市：商,1,1,全筆移轉,07440000
RPPNMLPLJHOFFAV86CA,常德段,3.44,都市：商,1,1,全筆移轉,07440001
RPPNMLLLJHOFFAV56DA,下賓朗段,3611.40,非都市：特定農業區 ; 非都市編定：水利用地,1,1,全筆移轉,00360001
RPQNMLPKJHOFFAV86CA,台東段,37.00,都市：住,1,1,全筆移轉,06540869
RPPNMLQKJHOFFCV17DA,大同段,400.78,都市：農,1,1,全筆移轉,08760000
RPPNMLQKJHOFFCV17DA,大同段,2294.07,都市：農,10000,9753,持分移轉,08780000
RPRNMLSKJHOFFBV37CA,大俱來段,3000.00,非都市：風景區 ; 非都市編定：農牧用地,1,1,全筆移轉,04270001
RPPNMLRKJHOFFCV27DA,鸞山段,14116.00,非都市：山坡地保育區 ; 非都市編定：農牧用地,1,1,全筆移轉,02040001
RPVNMLRKJHOFFAV57CA,台東段,72.00,都市：住,1,1,全筆移轉,19320007
RPOOMLLKKHOFFAV09CA,台東段,16.72,都市：住,10000,131,持分移轉,18050000
RPWNMLRKJHOFFAV67CA,龍過脈段,135.74,非都市：特定農業區 ; 非都市編定：甲種建築用地,1,1,全筆移轉,07760000
RPRNMLTKJHOFFAV37CA,岩灣段,137.51,都市：住,1,1,全筆移轉,01930000
RPRNMLSKJHOFFAV27CA,建華段,43.88,都市：住,1,1,全筆移轉,08310000
RPXNMLQKJHOFFAV67CA,新生段,51.50,都市：住,2,1,持分移轉,00440006
RPXNMLQKJHOFFAV67CA,新生段,51.50,都市：住,2,1,持分移轉,00440006
RPWNMLQKJHOFFAV57CA,上岩灣段,17.63,都市：其他:公共設施保留地,24,1,持分移轉,06420000
RPWNMLQKJHOFFAV57CA,上岩灣段,.91,都市：住,24,1,持分移轉,06420001
RPWNMLQKJHOFFAV57CA,上岩灣段,5.66,都市：其他:公共設施保留地,24,1,持分移轉,06420002
RPWNMLQKJHOFFAV57CA,上岩灣段,39.70,都市：其他:公共設施保留地,24,1,持分移轉,06470000
RPWNMLQKJHOFFAV57CA,上岩灣段,4.51,都市：住,24,1,持分移轉,06470001
RPWNMLQKJHOFFAV57CA,上岩灣段,4.90,都市：其他:公共設施保留地,24,1,持分移轉,06470002
RPWNMLQKJHOFFAV57CA,上岩灣段,.01,都市：住,24,1,持分移轉,06470003
RPWNMLQKJHOFFAV57CA,上岩灣段,8.93,都市：其他:公共設施保留地,24,1,持分移轉,06700000
RPWNMLQKJHOFFAV57CA,上岩灣段,7.14,都市：住,24,1,持分移轉,06700001
RPWNMLQKJHOFFAV57CA,上岩灣段,9.87,都市：其他:公共設施保留地,24,1,持分移轉,06820000
RPWNMLQKJHOFFAV57CA,上岩灣段,5.08,都市：住,24,1,持分移轉,06820001
RPWNMLQKJHOFFAV57CA,上岩灣段,30.42,都市：其他:公共設施保留地,24,1,持分移轉,07140000
RPWNMLQKJHOFFAV57CA,上岩灣段,1.65,都市：其他:公共設施保留地,24,1,持分移轉,07140001
RPWNMLQKJHOFFAV57CA,上岩灣段,6.71,都市：住,24,1,持分移轉,07140002
RPWNMLQKJHOFFAV57CA,上岩灣段,21.62,都市：其他:公共設施保留地,24,1,持分移轉,07240000
RPWNMLQKJHOFFAV57CA,上岩灣段,.69,都市：其他:公共設施保留地,24,1,持分移轉,07240001
RPWNMLQKJHOFFAV57CA,上岩灣段,1.19,都市：住,24,1,持分移轉,07240002
RPWNMLQKJHOFFAV57CA,上岩灣段,14.67,都市：其他:公共設施保留地,24,1,持分移轉,07360000
RPWNMLQKJHOFFAV57CA,上岩灣段,3.98,都市：住,24,1,持分移轉,07360001
RPPNMLRKJHOFFAV96CA,豐年段,6.50,都市：住,10000,13,持分移轉,00270000
RPRNMLOLJHOFFDV27CA,秀山段,11.54,都市：住,10000,10,持分移轉,07230000
RPRNMLOLJHOFFDV27CA,秀山段,.00,都市：住,10000,10,持分移轉,07230001
RPXOMLLJKHOFFAV27CA,福德段,3416.50,非都市：山坡地保育區 ; 非都市編定：農牧用地,1,1,全筆移轉,02770000
RPTOMLLJKHOFFAV86CA,上岩灣段,676.07,都市：住,1,1,全筆移轉,07770000
RPTOMLLJKHOFFAV86CA,上岩灣段,168.56,都市：住,2,1,持分移轉,07780000
RPQPMLLJKHOFFAV66CA,台東段,43.74,都市：住,10000,417,持分移轉,20380000
RPSOMLLJKHOFFAV76CA,台東段,97.00,都市：住,1,1,全筆移轉,21020000
RPUNMLRKJHOFFAV47CA,龍過脈段,3174.96,非都市：山坡地保育區 ; 非都市編定：農牧用地,1,1,全筆移轉,08680000
RPUNMLTKJHOFFAV67CA,利吉段,929.14,非都市：山坡地保育區 ; 非都市編定：農牧用地,432,70,持分移轉,00080000
RPVNMLQKJHOFFAV47CA,台東段,3.29,都市：住,10000,57,持分移轉,18220000
RPQNMLRKJHOFFAV07CA,台東段,130.00,都市：商,1,1,全筆移轉,02700000
RPQNMLRKJHOFFAV07CA,台東段,11.00,都市：商,1,1,全筆移轉,02700005
RPOOMLRKJHOFFAV96CA,興安段,153.94,都市：住,1,1,全筆移轉,00830003
RPSNMLSLJHOFFBV57CA,萬年段,9.00,非都市：鄉村區 ; 非都市編定：乙種建築用地,1,1,全筆移轉,06950001
RPSNMLSLJHOFFBV57CA,萬年段,41.00,非都市：鄉村區 ; 非都市編定：乙種建築用地,1,1,全筆移轉,06960002
RPSNMLSKJHOFFAV37CA,台東段,13.00,都市：商,1,1,全筆移轉,01030016
RPQNMLSKJHOFFAV17CA,利家段,2568.00,非都市：特定農業區 ; 非都市編定：農牧用地,1,1,全筆移轉,66870000
RPPNMLLJKHOFFAV09DA,永清段,1.19,都市：住,1,1,全筆移轉,08890054
RPPNMLTKJHOFFAV27DA,台東段,89.00,都市：住,1,1,全筆移轉,00030719
RPSNMLLLJHOFFCV96CA,東明段,4098.42,非都市：特定農業區 ; 非都市編定：農牧用地,1,1,全筆移轉,05820000
RPSNMLLLJHOFFCV96CA,東明段,4213.28,非都市：特定農業區 ; 非都市編定：農牧用地,1,1,全筆移轉,05830000
RPSNMLLLJHOFFCV96CA,東明段,1111.52,非都市：特定農業區 ; 非都市編定：農牧用地,1,1,全筆移轉,05840000
RPPNMLTKJHOFFCV47DA,大埔段,171.36,都市：住,1,1,全筆移轉,03780000
RPRNMLMLJHOFFCV96CA,里?段,30.09,都市：住,1,1,全筆移轉,10000000
RPRNMLMLJHOFFCV96CA,里?段,120.07,都市：住,1,1,全筆移轉,10010000
RPPNMLLLJHOFFCV76DA,慶豐段,93.76,非都市：特定農業區 ; 非都市編定：農牧用地,1,1,全筆移轉,10430000
RPPNMLLLJHOFFCV76DA,慶豐段,62.29,非都市：特定農業區 ; 非都市編定：水利用地,1,1,全筆移轉,10440000
RPPNMLLLJHOFFCV76DA,慶豐段,673.02,非都市：特定農業區 ; 非都市編定：農牧用地,1,1,全筆移轉,10450000
RPPNMLLLJHOFFCV76DA,慶豐段,378.49,非都市：特定農業區 ; 非都市編定：農牧用地,1,1,全筆移轉,10640000
RPPNMLLLJHOFFCV76DA,慶豐段,38.30,非都市：特定農業區 ; 非都市編定：水利用地,1,1,全筆移轉,10650000
RPPNMLLLJHOFFCV76DA,慶豐段,102.78,非都市：特定農業區 ; 非都市編定：農牧用地,1,1,全筆移轉,10710000
RPPNMLLLJHOFFDV86DA,尚武段,98.50,都市：住,1,1,全筆移轉,11340000
RPPNMLTKJHOFFDV47CA,秀山段,8.08,都市：其他:旅館區,10000,7,持分移轉,07230000
RPPNMLTKJHOFFDV47CA,秀山段,.00,都市：其他:旅館區,10000,7,持分移轉,07230001
RPQNMLOLJHOFFDV17CA,達人段,240.59,非都市：山坡地保育區 ; 非都市編定：農牧用地,1,1,全筆移轉,03040000
RPTNMLTKJHOFFAV57CA,豐年段,111.00,都市：住,1,1,全筆移轉,09530016
RPVNMLTKJHOFFAV77CA,豐年段,111.00,都市：住,1,1,全筆移轉,09530017
RPVNMLOLJHOFFAV37CA,南清段,118.08,都市：住,1,1,全筆移轉,00430006
RPWNMLTLJHOFFAV97CA,石川段,3781.80,非都市：風景區 ; 非都市編定：農牧用地,1,1,全筆移轉,03150001
RPPNMLSLJHOFFDV57DA,秀山段,.00,都市：其他:道路用地,10000,9,持分移轉,07230001
RPPNMLSLJHOFFDV57DA,秀山段,10.39,都市：其他:出租旅館區,10000,9,持分移轉,07230000
RPTNMLPLJHOFFAV27CA,公?東段,51.96,都市：其他:道路用地,1,1,全筆移轉,09520000
RPTNMLPLJHOFFAV27CA,公?東段,54.71,都市：住,1,1,全筆移轉,09520001
RPTNMLPLJHOFFAV27CA,公?東段,53.19,都市：其他:道路用地,1,1,全筆移轉,09530000
RPTNMLPLJHOFFAV27CA,公?東段,2.33,都市：住,1,1,全筆移轉,09530001
RPTNMLPLJHOFFAV27CA,公?東段,232.90,都市：住,1,1,全筆移轉,09560000
RPTNMLPLJHOFFAV27CA,公?東段,22.42,都市：其他:道路用地,1,1,全筆移轉,09560001
RPTNMLPLJHOFFAV27CA,公?東段,110.87,都市：住,1,1,全筆移轉,09570000
RPTNMLPLJHOFFAV27CA,公?東段,.05,都市：其他:道路用地,1,1,全筆移轉,09570001
RPTNMLPLJHOFFAV27CA,公?東段,20.98,都市：其他:道路用地,1,1,全筆移轉,09580001
RPTNMLPLJHOFFAV27CA,公?東段,63.05,都市：住,1,1,全筆移轉,09590001
RPTNMLPLJHOFFAV27CA,公?東段,67.11,都市：住,1,1,全筆移轉,09600000
RPQNMLTLJHOFFDV77DA,愛國段,10177.50,非都市：山坡地保育區 ; 非都市編定：林業用地,2,1,持分移轉,01040002
RPQNMLTKJHOFFAV27CA,東農段,36.46,非都市：特定農業區 ; 非都市編定：甲種建築用地,1,1,全筆移轉,06890000
RPSNMLTKJHOFFAV47CA,建華段,995.61,都市：住,1,1,全筆移轉,08200000
RPSNMLTKJHOFFAV47CA,建華段,20.63,都市：其他:公設地,1,1,全筆移轉,08440000
RPPNMLMLJHOFFDV86CA,秀山段,6.53,都市：其他:旅館區,100000,105,持分移轉,06590003
RPPNMLSLJHOFFCV37CA,鹿野段,670.00,非都市：特定農業區 ; 非都市編定：農牧用地,1,1,全筆移轉,21810000
RPPNMLSLJHOFFCV37CA,鹿野段,800.00,非都市：特定農業區 ; 非都市編定：農牧用地,1,1,全筆移轉,21820000
RPPNMLSLJHOFFCV37CA,鹿野段,1000.00,非都市：特定農業區 ; 非都市編定：農牧用地,1,1,全筆移轉,21830000
RPPNMLSLJHOFFCV37CA,鹿野段,1245.00,非都市：特定農業區 ; 非都市編定：農牧用地,1,1,全筆移轉,21840000
RPPNMLSLJHOFFCV37CA,鹿野段,1127.00,非都市：特定農業區 ; 非都市編定：農牧用地,1,1,全筆移轉,21710000
RPPNMLSLJHOFFCV37CA,鹿野段,1150.00,非都市：特定農業區 ; 非都市編定：農牧用地,1,1,全筆移轉,21720000
RPPNMLLLJHOFFBV56CA,忠仁段,59.05,都市：住,1,1,全筆移轉,03200000
RPRNMLRKJHOFFAV17CA,豐康段,125.35,都市：住,1,1,全筆移轉,07410000
RPSNMLRKJHOFFAV27CA,馬蘭段,34.29,都市：住,24,1,持分移轉,14920000
RPUPMLLJKHOFFAV07CA,東海段,22.69,都市：住,10000,38,持分移轉,01300000
RPUPMLLJKHOFFAV07CA,東海段,1.46,都市：住,10000,38,持分移轉,01300002
RPUNMLLLJHOFFAV96CA,康樂段,835.00,非都市：特定農業區 ; 非都市編定：農牧用地,1,1,全筆移轉,07040000
RPUNMLLLJHOFFAV96CA,康樂段,231.00,非都市：特定農業區 ; 非都市編定：農牧用地,1,1,全筆移轉,07020000
RPQNMLLLJHOFFCV86DA,福原段,35.17,都市：商,1,1,全筆移轉,03200000
RPRNMLNLJHOFFAV86CA,梧州段,1691.87,都市：住,1,1,全筆移轉,04480000
RPRNMLNLJHOFFAV86CA,梧州段,1631.48,都市：住,1,1,全筆移轉,04510000
RPTNMLLLJHOFFAV86CA,建成段,88.21,都市：住,1,1,全筆移轉,00770002
RPRNMLLLJHOFFAV66CA,建成段,90.84,都市：住,1,1,全筆移轉,00770000
RPPNMLNLJHOFFAV66CA,台東段,78.00,都市：住,1,1,全筆移轉,01640042
RPSNMLLLJHOFFAV76CA,建成段,88.18,都市：住,1,1,全筆移轉,00770001
RPUNMLTKKHOFFAV87DA,初鹿段,4213.00,非都市：特定農業區 ; 非都市編定：農牧用地,1,1,全筆移轉,37360000
RPVNMLMLJHOFFAV17CA,台東段,74.00,都市：住,1,1,全筆移轉,00040377
RPQNMLMLJHOFFCV86CA,錦富段,1060.63,非都市：特定農業區 ; 非都市編定：農牧用地,2,1,持分移轉,04720000
RPQNMLMLJHOFFCV86CA,錦富段,1060.63,非都市：特定農業區 ; 非都市編定：農牧用地,2,1,持分移轉,04720000
RPQNMLMLJHOFFCV86CA,錦富段,1025.56,非都市：特定農業區 ; 非都市編定：農牧用地,2,1,持分移轉,04730000
RPQNMLMLJHOFFCV86CA,錦富段,1025.56,非都市：特定農業區 ; 非都市編定：農牧用地,2,1,持分移轉,04730000
RPVNMLLLJHOFFAV07CA,豐年段,117.00,都市：住,1,1,全筆移轉,09530000
RPPNMLMLJHOFFAV56CA,豐利段,118.10,都市：住,1,1,全筆移轉,05310000
RPPNMLOLJHOFFAV76CA,建興段,5.66,都市：住,1,1,全筆移轉,04590001
RPSNMLMLJHOFFAV86CA,南王段,106.21,都市：住,1,1,全筆移轉,08410001
RPQNMLOLJHOFFAV86CA,建興段,30.38,都市：住,1,1,全筆移轉,04590000
RPQOMLMLJHOFFAV76CA,中心段,124.00,都市：住,1,1,全筆移轉,09020000
RPRNMLOLJHOFFAV96CA,建興段,4.15,都市：住,1,1,全筆移轉,04590002
RPRNMLOLJHOFFAV96CA,建興段,2.25,都市：住,1,1,全筆移轉,04590003
RPSNMLPLJHOFFAV17CA,泰安段,63.24,非都市：一般農業區 ; 非都市編定：甲種建築用地,1,1,全筆移轉,02640000
RPPNMLLMJHOFFAV56CA,建樂段,13.57,都市：住,10000,104,持分移轉,04820000
RPWNMLMLJHOFFAV27CA,豐年段,127.00,都市：住,1,1,全筆移轉,09530020
RPXNMLMLJHOFFAV37CA,豐年段,111.00,都市：住,1,1,全筆移轉,09530019
RPOOMLMLJHOFFAV56CA,岩灣段,134.39,都市：住,1,1,全筆移轉,00710003
RPWOMLLJKHOFFAV17CA,建業段,168.00,都市：住,1,1,全筆移轉,07240000
RPPNMLSLJHOFFBV27CA,萬年段,2952.00,非都市：風景區 ; 非都市編定：農牧用地,1,1,全筆移轉,02470000
RPTNMLNLJHOFFAV07CA,台東段,66.00,都市：住,6,1,持分移轉,06540489
RPPNMLOLJHOFFCV07DA,大池段,4530.84,非都市：特定農業區 ; 非都市編定：農牧用地,1,1,全筆移轉,09970000
RPPNMLNLJHOFFBV76CA,忠勇段,78.56,都市：住,1,1,全筆移轉,10990000
RPVPMLLJKHOFFAV17CA,馬蘭段,45.08,都市：住,10000,87,持分移轉,15990000
RPQNMLOLJHOFFCV17DA,大池段,6255.46,非都市：特定農業區 ; 非都市編定：農牧用地,1,1,全筆移轉,10110000
RPSNMLTKKHOFFAV57CA,南清段,25.92,都市：住,73,1,持分移轉,09290000
RPSNMLTKKHOFFAV57CA,南清段,82.72,都市：住,1,1,全筆移轉,09370000
RPQNMLPLJHOFFAV07DA,泰安段,73.37,非都市：一般農業區 ; 非都市編定：甲種建築用地,1,1,全筆移轉,02670001
RPTNMLOLJHOFFAV17CA,常德段,3.84,都市：商,10000,30,持分移轉,06970000
RPSNMLOLJHOFFAV07CA,泰安段,500.21,非都市：鄉村區 ; 非都市編定：乙種建築用地,1,1,全筆移轉,04960000
RPSNMLOLJHOFFAV07CA,泰安段,449.14,非都市：鄉村區 ; 非都市編定：乙種建築用地,1,1,全筆移轉,04970000
RPUNMLOLJHOFFAV27CA,永和段,83.65,都市：住,1,1,全筆移轉,03050000
RPSNMLNLJHOFFAV96CA,德安段,22.88,都市：住,30000,183,持分移轉,00630000
RPSNMLNLJHOFFAV96CA,德安段,.16,都市：其他:道路用地,30000,183,持分移轉,00630001
RPSNMLNLJHOFFAV96CA,德安段,2.11,都市：其他:道路用地,30000,183,持分移轉,00630002
RPSNMLNLJHOFFAV96CA,德安段,.04,都市：其他:道路用地,30000,183,持分移轉,00630003
RPWNMLPLJHOFFAV57CA,台東段,162.00,都市：住,1,1,全筆移轉,24010001
RPUNMLTLJHOFFAV77CA,青林段,125.23,都市：住,1,1,全筆移轉,02850000
RPSNMLKMJHOFFAV76CA,台東段,430.00,都市：住,1,1,全筆移轉,20200000
RPUOMLLJKHOFFAV96CA,豐年段,92.96,都市：住,1,1,全筆移轉,00290035
RPXNMLPLJHOFFAV67CA,台東段,163.00,都市：住,1,1,全筆移轉,24010000
RPUOMLLJKHOFFAV96CA,豐年段,20.56,都市：住,1,1,全筆移轉,00300002
RPVOMLLJKHOFFAV07CA,建業段,148.00,都市：住,1,1,全筆移轉,07220000
RPQNMLTLJHOFFCV57CA,電光段,3418.96,非都市：特定農業區 ; 非都市編定：農牧用地,1,1,全筆移轉,02960000
RPPNMLTLJHOFFCV47CA,電光段,3347.08,非都市：特定農業區 ; 非都市編定：農牧用地,4,3,持分移轉,09030000
RPPNMLSLJHOFFAV17CA,大業段,284.48,都市：住,1,1,全筆移轉,02070000
RPOOMLPLJHOFFAV86CA,台東段,6.46,都市：住,1,1,全筆移轉,00970023
RPSNMLTLJHOFFAV57CA,建業段,108.00,都市：住,1,1,全筆移轉,02210000
RPPNMLPLJHOFFBV96CA,永福段,159.24,非都市：鄉村區 ; 非都市編定：乙種建築用地,1,1,全筆移轉,06250000
RPPNMLKLKHOFFCV66CA,南山段,320.83,都市：住,1,1,全筆移轉,03740000
RPVNMLPLJHOFFAV47CA,豐年段,111.00,都市：住,1,1,全筆移轉,09530018
RPTNMLTLJHOFFAV67CA,台東段,73.00,都市：住,1,1,全筆移轉,15620000
RPQNMLKLKHOFFCV76CA,大原段,3138.00,非都市：特定農業區 ; 非都市編定：農牧用地,1,1,全筆移轉,45890004
RPQNMLSLJHOFFAV27CA,上岩灣段,81.96,都市：住,100000,955,持分移轉,01980000
RPQNMLLKKHOFFCV76CA,鹿寮段,141.73,非都市：鄉村區 ; 非都市編定：乙種建築用地,1,1,全筆移轉,09650000
RPQNMLLKKHOFFCV76CA,鹿寮段,139.15,非都市：鄉村區 ; 非都市編定：乙種建築用地,1,1,全筆移轉,09660000
RPQNMLLKKHOFFCV76CA,鹿寮段,122.75,非都市：鄉村區 ; 非都市編定：乙種建築用地,1,1,全筆移轉,09670000
RPQNMLLKKHOFFCV76CA,鹿寮段,12.05,非都市：鄉村區 ; 非都市編定：乙種建築用地,1,1,全筆移轉,09680000
RPRNMLSLJHOFFBV47CA,加走灣段,3549.26,非都市：風景區 ; 非都市編定：農牧用地,1,1,全筆移轉,02110000
RPQNMLTLJHOFFAV37CA,常德段,179.36,都市：商,1,1,全筆移轉,07270001
RPPPMLLJKHOFFAV56CA,豐里段,3382.23,非都市：特定農業區 ; 非都市編定：農牧用地,1,1,全筆移轉,01070001
RPPNMLTLJHOFFAV27CA,岩灣段,297.68,都市：住,1,1,全筆移轉,05000000
RPQNMLSLJHOFFBV37CA,加走灣段,3638.35,非都市：風景區 ; 非都市編定：農牧用地,1,1,全筆移轉,02120000
RPSNMLLJKHOFFAV66CA,建成段,467.93,都市：住,1,1,全筆移轉,03030000
RPWNMLLJKHOFFAV07CA,東海段,26.98,都市：住,10000,153,持分移轉,01400000
RPRNMLLJKHOFFAV66DA,路頂段,48.00,非都市：特定農業區 ; 非都市編定：農牧用地,1,1,全筆移轉,00480000
RPPOMLLJKHOFFAV09CA,豐年段,61.34,都市：住,1,1,全筆移轉,00030028
RPPOMLLJKHOFFAV09CA,豐年段,22.92,都市：住,8,1,持分移轉,00020025
RPRNMLKMJHOFFCV86CA,南山段,113.70,都市：住,1,1,全筆移轉,00110000
RPPNMLKMJHOFFCV66CA,中華段,101.84,都市：其他:道,1,1,全筆移轉,12420000
RPPNMLKMJHOFFCV66CA,中華段,739.56,都市：住,1,1,全筆移轉,12430000
RPPNMLKMJHOFFCV66CA,中華段,84.36,都市：其他:道,1,1,全筆移轉,12440000
RPPNMLLMJHOFFCV86DA,龍田段,1453.20,都市：住,1,1,全筆移轉,01970000
RPTNMLLJKHOFFAV76CA,豐富段,88.74,都市：商,1,1,全筆移轉,04770001
SPQNMLLMJHOFFAV76CA,建樂段,8.95,都市：住,10000,45,持分移轉,04240000
SPQNMLLMJHOFFAV76CA,建樂段,1.03,都市：住,10000,45,持分移轉,04240001
RPUNMLLJKHOFFAV86CA,東農段,1886.65,非都市：特定農業區 ; 非都市編定：農牧用地,1,1,全筆移轉,08230000
TPQNMLLMJHOFFAV86CA,建樂段,8.95,都市：住,10000,45,持分移轉,04240000
TPQNMLLMJHOFFAV86CA,建樂段,1.03,都市：住,10000,45,持分移轉,04240001
RPQNMLLMJHOFFAV66CA,建樂段,8.95,都市：住,10000,45,持分移轉,04240000
RPQNMLLMJHOFFAV66CA,建樂段,1.03,都市：住,10000,45,持分移轉,04240001
RPRNMLTLJHOFFAV47CA,石川段,2500.87,非都市：風景區 ; 非都市編定：農牧用地,1,1,全筆移轉,03690000
RPRNMLLMJHOFFAV76CA,建和段,15.79,都市：其他:道路用地,1,1,全筆移轉,14090000
RPRNMLLMJHOFFAV76CA,建和段,62.17,都市：住,1,1,全筆移轉,14100000
RPTNMLKMJHOFFAV86CA,大業段,106.36,都市：住,1,1,全筆移轉,02270000
RPUNMLKMJHOFFAV96CA,大業段,100.53,都市：住,2,1,持分移轉,02280000
RPVNMLLJKHOFFAV96CA,豐成段,91.02,非都市：特定農業區 ; 非都市編定：農牧用地,1,1,全筆移轉,02480000
RPVNMLLJKHOFFAV96CA,豐成段,123.03,非都市：特定農業區 ; 非都市編定：農牧用地,1,1,全筆移轉,02490000
RPRNMLLMJHOFFCV07DA,慶福段,91.35,都市：商,1,1,全筆移轉,05320000
RPQNMLKMJHOFFCV76CA,海端段,295.00,非都市：鄉村區 ; 非都市編定：乙種建築用地,1,1,全筆移轉,09920001
RPQNMLLMJHOFFDV96CA,秀山段,6.53,都市：商,100000,105,持分移轉,06590003
RPRNMLLMJHOFFDV07CA,蘭里段,5626.00,非都市：特定農業區 ; 非都市編定：農牧用地,1,1,全筆移轉,06790000
RPPNMLLMJHOFFBV76DA,三民段,88.13,都市：住,1,1,全筆移轉,07310000
RPPNMLLMJHOFFBV76DA,三民段,.73,都市：住,1,1,全筆移轉,07320000
RPPNMLLMJHOFFBV76DA,三民段,.74,都市：住,1,1,全筆移轉,07330000
RPPNMLLMJHOFFBV76DA,三民段,18.04,都市：其他:道路用地,1,1,全筆移轉,07390000
RPQNMLLMJHOFFBV86DA,三民段,128.76,都市：住,1,1,全筆移轉,07300000
RPTNMLTKKHOFFAV67CA,永和段,219.37,都市：其他:道路,1,1,全筆移轉,03750000
RPTNMLTKKHOFFAV67CA,永和段,835.21,都市：其他:學校,1,1,全筆移轉,03770000
RPSNMLSKKHOFFAV47CA,常德段,12.72,都市：住,10000,67,持分移轉,07520000
RPRNMLLKKHOFFAV66CA,自強段,73.00,都市：住,1,1,全筆移轉,00870000
RPROMLLJKHOFFAV66CA,台東段,119.00,都市：住,2,1,持分移轉,06540137
RPRPMLLJKHOFFAV76CA,常德段,3.84,都市：商,10000,30,持分移轉,06970000
RPXNMLLKKHOFFAV27CA,馬蘭段,103.00,都市：商,1,1,全筆移轉,17620000
RPPNMLLJKHOFFBV09CA,沙泥灣段,2061.90,非都市：風景區 ; 非都市編定：農牧用地,2,1,持分移轉,07000000
RPPNMLSKKHOFFAV17CA,台東段,94.00,都市：住,1,1,全筆移轉,17260000
RPQNMLTKKHOFFBV47CA,萬年段,89.00,非都市：鄉村區 ; 非都市編定：乙種建築用地,1,1,全筆移轉,06930000
RPQNMLLJKHOFFAV09CA,常德段,204.11,都市：住,1,1,全筆移轉,08260000
RPPNMLOKKHOFFDV17DA,多良段,4210.00,非都市：山坡地保育區 ; 非都市編定：農牧用地,1,1,全筆移轉,16210000
RPSNMLLMJHOFFAV86CA,台東段,76.00,都市：住,1,1,全筆移轉,00040409
RPRNMLSKKHOFFAV37CA,利家段,16.55,非都市：鄉村區 ; 非都市編定：乙種建築用地,60000,651,持分移轉,74880000
RPTPMLLJKHOFFAV96CA,常德段,3.84,都市：商,10000,30,持分移轉,06970000
RPTNMLRLKHOFFAV57CA,永豐段,5432.29,都市：農,1,1,全筆移轉,07490000
RPWNMLLKKHOFFAV17CA,自強段,122.90,都市：住,1,1,全筆移轉,09540001
RPOOMLRLKHOFFAV17CA,利家段,1550.00,非都市：特定農業區 ; 非都市編定：農牧用地,2,1,持分移轉,66570000
RPOOMLRLKHOFFAV17CA,利家段,1550.00,非都市：特定農業區 ; 非都市編定：農牧用地,2,1,持分移轉,66570000
RPVNMLRLKHOFFAV77CA,利家段,3100.00,非都市：特定農業區 ; 非都市編定：農牧用地,1,1,全筆移轉,66570002
RPQNMLMKKHOFFAV66CA,台東段,20.62,都市：住,10000,137,持分移轉,20080000
RPPNMLNKKHOFFAV66CA,永清段,135.81,都市：住,1,1,全筆移轉,09660009
RPPNMLNKKHOFFAV66CA,永清段,.93,都市：其他:人行步道,1,1,全筆移轉,09710009
RPQNMLSKKHOFFAV37DA,下賓朗段,58.64,非都市：一般農業區 ; 非都市編定：甲種建築用地,2,1,持分移轉,06710000
RPRNMLOKKHOFFAV96CA,馬蘭段,124.00,都市：住,1,1,全筆移轉,14680020
RPQNMLLKKHOFFAV66DA,下賓朗段,7.41,非都市：鄉村區 ; 非都市編定：乙種建築用地,1,1,全筆移轉,08820000
RPQNMLLJKHOFFDV76CA,秀山段,8.08,都市：商,10000,7,持分移轉,07230000
RPQNMLLJKHOFFDV76CA,秀山段,.00,都市：商,10000,7,持分移轉,07230001
RPPNMLMLKHOFFAV66CA,台東段,761.00,都市：其他:學校用地,1,1,全筆移轉,07690003
RPPNMLLKKHOFFDV76CA,秀山段,.61,都市：商,10000,53,持分移轉,03470000
RPPNMLLKKHOFFDV76CA,秀山段,8.04,都市：商,10000,53,持分移轉,03470001
RPRNMLLKKHOFFDV96CA,北橋段,83.25,都市：住,1,1,全筆移轉,03400000
RPQNMLQLKHOFFAV17CA,下南寮段,183.81,都市：其他:保護區,1,1,全筆移轉,10450000
