﻿編號,屋齡,建物移轉面積平方公尺,主要用途,主要建材,建築完成日期,總層數,建物分層
The serial number,room age,building shifting area square meter,the main use,main building materials,construction completes the date,total layer,building lamination
RPPNMLNKJINFFAV66DA,32,121.27,住家用,加強磚造,75年11月8日,二層,一層 二層 陽台 屋頂突出物
RPQNMLOKJINFFAV76CA,,211.18,住宅、樓梯間,鋼筋混凝土造,107年9月11日,三層,一層 二層 三層 見其他登記事項 見其他登記事項
RPRNMLNKJINFFAV76CA,23,192.19,住家用,鋼筋混凝土造,84年9月8日,三層,一層 二層 三層 見其他登記事項
RPSNMLMKJINFFAV76CA,21,107.85,住家用,鋼筋混凝土造,86年6月23日,一層,一層
RPPNMLNLJINFFCV86CA,33,125.96,住家用,加強磚造,74年8月10日,二層,一層 二層 電梯樓梯間
RPVNMLNKJINFFAV17CA,44,83.46,住家用,鐵筋水泥磚,64年3月12日,二層,一層 二層 騎樓
RPWNMLQKJINFFAV57CA,24,178.50,住家用,鋼筋混凝土造,83年9月9日,三層,一層 二層 三層 陽台 屋頂突出物
RPTNMLNLJINFFAV07CA,25,54.84,集合住宅,鋼筋混凝土造,82年10月19日,七層,六層 陽台
RPTNMLNLJINFFAV07CA,25,14.75,集合住宅（共同使用）,鋼筋混凝土造,82年10月19日,七層,
RPTNMLNLJINFFAV07CA,25,5.90,樓梯間（共同使用）,鋼筋混凝土造,82年10月19日,七層,
RPSNMLNLJINFFAV96CA,19,179.25,店舖、住宅、騎樓,鋼筋混凝土造,89年3月22日,三層,一層 二層 三層 陽台 騎樓
RPQNMLPKJINFFAV86CA,39,94.60,住家用,加強磚造,68年5月5日,二層,一層 二層 夾層
RPVNMLPKJINFFAV37CA,,195.91,住家用,鋼筋混凝土造,107年9月11日,三層,一層 二層 三層 見其他登記事項
RPRNMLPKJINFFAV96CA,22,29.35,集合住宅,鋼筋混凝土造,85年6月28日,九層,二層 陽台
RPRNMLPKJINFFAV96CA,22,3.56,配電室．樓梯．電梯．機械房．通道．水箱．人行共同使用,鋼筋混凝土造,85年6月28日,九層,
RPRNMLPKJINFFAV96CA,22,5.76,電梯，樓梯共同使用,鋼筋混凝土造,85年6月28日,九層,
RPSNMLOKJINFFAV96CA,,110.81,住商用,鐵筋水泥磚造,,三層,一層 二層 三層
RPRNMLNLJINFFAV86CA,19,178.48,店舖、住宅、騎樓,鋼筋混凝土造,89年3月22日,三層,一層 二層 三層 陽台 騎樓
RPQNMLQKJINFFAV96CA,24,109.58,集合住宅,鋼筋混凝土造,84年2月17日,八層,四層 陽台 花台
RPQNMLQKJINFFAV96CA,24,19.35,防空避難室暨停車空間、配電室,鋼筋混凝土造,84年2月17日,八層,
RPQNMLQKJINFFAV96CA,24,14.08,車道、警衛室、托兒所、電梯、樓梯,鋼筋混凝土造,84年2月17日,八層,
RPPNMLQKJINFFBV96CA,24,122.19,住家用,鋼筋混凝土造,84年1月25日,三層,一層 二層 三層 陽台 平台
RPVNMLQKJINFFAV47CA,,197.62,住家用,鋼筋混凝土造,107年9月11日,三層,一層 二層 三層 見其他登記事項
RPUNMLPKJINFFAV27CA,49,91.08,住家用,鐵筋水泥磚,58年12月31日,二層,一層 二層
RPXNMLTKJINFFAV08DA,14,135.70,住家用,鋼筋混凝土造,93年6月10日,三層,一層 二層 三層 見其他登記事項
RPTNMLMLJINFFAV96CA,26,187.06,住家用,鋼筋混凝土造,81年4月29日,三層,一層 二層 三層 屋頂突出物
RPQNMLKLJINFFAV09CA,24,100.22,集合住宅,鋼筋混凝土造,84年2月17日,八層,三層 陽台 花台
RPQNMLKLJINFFAV09CA,24,6.37,車道、警衛室、托兒所、電梯、樓梯,鋼筋混凝土造,84年2月17日,八層,
RPQNMLKLJINFFAV09CA,24,8.82,防空避難室暨停車空間、配電室,鋼筋混凝土造,84年2月17日,八層,
RPQNMLKLJINFFAV09CA,24,6.37,車道、警衛室、托兒所、電梯、樓梯,鋼筋混凝土造,84年2月17日,八層,
RPQNMLKLJINFFAV09CA,24,8.82,防空避難室暨停車空間、配電室,鋼筋混凝土造,84年2月17日,八層,
RPPNMLMLJINFFAV56CA,24,100.22,集合住宅　　,鋼筋混凝土造,83年12月17日,八層,八層 陽台 花台
RPPNMLMLJINFFAV56CA,24,12.48,通廊，電梯，樓梯，共同使用,鋼筋混凝土造,83年12月17日,八層,
RPPNMLMLJINFFAV56CA,24,18.65,地下一層（共同使用）防空斗避難室兼停車空間,鋼筋混凝土造,83年12月17日,八層,
RPPNMLMLJINFFAV56CA,24,9.04,地下二層（共同使用）防空避難室兼停車空間,鋼筋混凝土造,83年12月17日,八層,
RPPNMLQLJINFFCV17CA,21,68.00,住家用,加強磚造,85年7月17日,二層,一層 二層 屋頂突出物
RPPNMLQLJINFFCV17CA,21,68.00,住家用,加強磚造,85年7月17日,二層,一層 二層 屋頂突出物
RPTNMLTKJINFFAV57CA,30,117.79,住家用,加強磚造,77年8月26日,二層,一層 二層 陽台
RPWNMLTKJINFFAV87CA,38,91.38,住家用,加強磚造,69年7月18日,二層,一層 二層
RPPNMLTKJINFFCV37CA,23,104.73,住家用,加強磚造,84年6月7日,二層,一層 二層 屋頂突出物
RPVNMLTKJINFFAV77CA,2,186.87,住家用,鋼筋混凝土造,105年11月30日,三層,一層 二層 三層 見其他登記事項
RPUNMLLLJINFFAV96CA,45,73.31,住家用,見其他登記事項,62年9月15日,一層,一層
RPUNMLLLJINFFAV96CA,45,79.24,見其他登記事項,見其他登記事項,62年9月15日,二層,一層 二層
RPUNMLLLJINFFAV96CA,45,20.13,見其他登記事項,見其他登記事項,62年9月15日,一層,一層 騎樓
RPUNMLLLJINFFAV96CA,45,16.18,見其他登記事項,見其他登記事項,62年9月15日,一層,一層
RPUNMLLLJINFFAV96CA,45,725.98,工業用,見其他登記事項,62年9月15日,一層,一層
RPWNMLLLJINFFAV17CA,24,61.21,集合住宅,鋼筋混凝土造,84年2月17日,八層,七層 花台
RPWNMLLLJINFFAV17CA,24,11.38,防空避難室暨停車空間、配電室,鋼筋混凝土造,84年2月17日,八層,
RPWNMLLLJINFFAV17CA,24,4.11,走道,鋼筋混凝土造,84年2月17日,八層,
RPWNMLLLJINFFAV17CA,24,12.74,車道、警衛室、托兒所、電梯、樓梯,鋼筋混凝土造,84年2月17日,八層,
RPVNMLKLJINFFAV96CA,5,192.80,住家用,ＲＣ造,102年5月15日,三層,一層 二層 三層 見其他登記事項
RPUNMLNLJINFFAV17CA,24,180.77,住家用,鋼筋混凝土造,83年9月9日,三層,一層 二層 三層 陽台 屋頂突出物
RPTNMLLLJINFFAV86CA,24,86.00,人行．店舖．住宅,鋼筋混凝土造,83年7月30日,七層,一層 二層 陽台 騎樓
RPTNMLLLJINFFAV86CA,24,86.00,人行．店舖．住宅,鋼筋混凝土造,83年7月30日,七層,一層 二層 陽台 騎樓
RPTNMLLLJINFFAV86CA,24,.02,電梯．樓梯．機械室．共同使用,鋼筋混凝土造,83年7月30日,七層,
RPTNMLLLJINFFAV86CA,24,.02,電梯．樓梯．機械室．共同使用,鋼筋混凝土造,83年7月30日,七層,
RPTNMLLLJINFFAV86CA,24,.03,電梯．樓梯．機械室,鋼筋混凝土造,83年7月30日,七層,
RPTNMLLLJINFFAV86CA,24,.03,電梯．樓梯．機械室,鋼筋混凝土造,83年7月30日,七層,
RPXNMLLLJINFFAV27CA,,200.18,住家用,ＲＣ造,107年7月24日,三層,一層 二層 三層 見其他登記事項
RPVOMLNLJINFFAV37CA,24,79.66,集合住宅,鋼筋混凝土造,84年1月25日,十層,八層 陽台 花台
RPVOMLNLJINFFAV37CA,,2.14,樓梯，電梯，機械房,鋼筋混凝土造,,十層,
RPVOMLNLJINFFAV37CA,24,9.44,樓梯．電梯間,鋼筋混凝土造,84年1月25日,十層,
RPVOMLNLJINFFAV37CA,24,11.52,防空避難室．配電室．停車空間,鋼筋混凝土造,84年1月25日,十層,
RPVOMLNLJINFFAV37CA,24,2.26,門廳．車道．水箱．交誼廳．通道,鋼筋混凝土造,84年1月25日,十層,
RPRNMLLLJINFFAV66CA,25,57.48,集合住宅,鋼筋混凝土造,83年4月19日,十四層,十二層 陽台
RPRNMLLLJINFFAV66CA,25,17.83,避難室，電梯．樓梯．地下室．通廊共同使用,鋼筋混凝土造,83年4月19日,十四層,
RPQNMLQLJINFFAV07CA,,56.65,住家用,鐵筋水泥磚造,,一層,一層 騎樓
RPVNMLMLJINFFAV17CA,38,92.22,住家用,加強磚造,69年11月28日,二層,一層 二層
RPPNMLRLJINFFAV17DA,30,158.70,住家用,加強磚造,78年4月10日,二層,一層 二層 陽台 屋頂突出物
RPPNMLSKKINFFCV47DA,35,73.50,住家用,加強磚造,72年7月15日,一層,一層
RPPNMLRLJINFFDV37CA,20,140.65,住家用,鋼筋混凝土造,88年2月25日,三層,一層 二層 三層 見其他登記事項
RPPNMLQLJINFFAV96CA,22,190.55,住家用,鋼筋混凝土造,85年12月24日,四層,一層 二層 三層 四層 見其他登記事項
RPQNMLRLJINFFAV17CA,39,92.40,住家用,加強磚造,69年3月28日,二層,一層 二層
RPTNMLRLJINFFAV47CA,25,53.78,集合住宅,鋼筋混凝土造,82年10月19日,七層,六層 陽台 花台
RPTNMLRLJINFFAV47CA,25,5.90,樓梯間（共同使用）,鋼筋混凝土造,82年10月19日,七層,
RPTNMLRLJINFFAV47CA,25,14.75,集合住宅（共同使用）,鋼筋混凝土造,82年10月19日,七層,
RPRNMLRLJINFFCV47CA,33,108.90,住家用,加強磚造,74年6月5日,二層,一層 二層
RPPNMLKMJINFFAV09CA,23,154.02,住家用,鋼筋混凝土造,84年11月4日,三層,一層 二層 三層
RPQNMLKMJINFFAV56CA,,207.30,住宅、樓梯間,ＲＣ造,107年7月24日,三層,一層 二層 三層 見其他登記事項 見其他登記事項
RPQNMLOKKINFFAV86CA,25,57.48,集合住宅,鋼筋混凝土造,83年4月19日,十四層,十層 陽台
RPQNMLOKKINFFAV86CA,25,17.83,避難室，電梯．樓梯．地下室．通廊共同使用,鋼筋混凝土造,83年4月19日,十四層,
RPRNMLSLJINFFAV37CA,42,87.98,住家用,鐵筋水泥磚,65年8月24日,二層,一層 二層
RPUNMLQJKINFFAV37CA,,165.24,住家用,ＲＣ造,107年6月28日,三層,一層 二層 三層 見其他登記事項
RPPNMLOLKINFFAV86CA,24,110.35,集合住宅　　,鋼筋混凝土造,84年2月17日,八層,一層 平台 花台
RPPNMLOLKINFFAV86CA,24,19.35,防空避難室暨停車空間、配電室,鋼筋混凝土造,84年2月17日,八層,
RPPNMLOLKINFFAV86CA,24,14.08,車道、警衛室、托兒所、電梯、樓梯,鋼筋混凝土造,84年2月17日,八層,
RPQNMLTLJINFFAV37CA,22,78.75,集合住宅,鋼筋混凝土造,85年6月21日,七層,四層 陽台 花台
RPQNMLTLJINFFAV37CA,22,10.02,主要內容：樓梯．電梯（共同使用）,鋼筋混凝土造,85年6月21日,七層,
RPQNMLTLJINFFAV37CA,22,5.56,車道．樓梯．配電室．機械房．蓄水池．機車停車位共同使用,鋼筋混凝土造,85年6月21日,七層,
RPQNMLTLJINFFAV37CA,22,4.85,電梯．水箱．機械房．樓梯共同使用,鋼筋混凝土造,85年6月21日,七層,
RPQNMLTLJINFFAV37CA,22,16.82,防空避難室暨停車空間共同使用,鋼筋混凝土造,85年6月21日,七層,
RPQNMLKKKINFFBV56CA,24,109.22,住家用,加強磚造,84年2月28日,二層,一層 二層 屋頂突出物 騎樓
RPPNMLSLKINFFAV27CA,23,78.10,集合住宅,鋼筋混凝土造,84年6月1日,五層,二層 見其他登記事項
RPPNMLSLKINFFAV27CA,23,9.16,停車空間．兼儲藏室（共同使用）,鋼筋混凝土造,84年6月1日,五層,
RPPNMLSLKINFFAV27CA,23,10.93,樓梯．通廊．瞭望台．水箱．蓄水池（共同使用）,鋼筋混凝土造,84年6月1日,五層,
RPQOMLKMJINFFAV66CA,14,209.50,住家用,鋼筋混凝土造,93年12月17日,三層,一層 二層 三層 屋頂突出物 見其他登記事項
RPOOMLKMJINFFAV09CA,4,96.26,住家用,ＲＣ造,103年8月14日,三層,一層 二層 三層 見其他登記事項
RPOOMLKMJINFFAV09CA,4,96.26,住家用,ＲＣ造,103年8月14日,三層,一層 二層 三層 見其他登記事項
RPQNMLSLKINFFAV37CA,20,85.90,集合住宅,鋼筋混凝土造,87年12月16日,九層,七層 陽台
RPQNMLSLKINFFAV37CA,20,9.73,避難室．停車空間．配電室．機械室．汽車昇降電梯．樓梯．電梯,鋼筋混凝土造,87年12月16日,九層,
RPQNMLSLKINFFAV37CA,20,13.74,樓梯．電梯．汽車昇降梯．門廊．門．走道．樓梯間．機械室．水箱,鋼筋混凝土造,87年12月16日,九層,
RPSNMLNJKINFFAV86CA,48,90.86,住家用,磚木造瓦屋頂,60年1月5日,一層,一層 騎樓
RPRNMLSLKINFFAV47CA,24,109.58,集合住宅　　,鋼筋混凝土造,84年2月17日,八層,三層 陽台 花台
RPRNMLSLKINFFAV47CA,24,33.59,防空避難室暨停車空間、配電室,鋼筋混凝土造,84年2月17日,八層,
RPRNMLSLKINFFAV47CA,24,14.08,車道、警衛室、托兒所、電梯、樓梯,鋼筋混凝土造,84年2月17日,八層,
RPPOMLOJKINFFAV76CA,,105.58,住家用,鐵筋水泥磚造,,二層,一層 二層 騎樓
RPWNMLOJKINFFAV37CA,25,103.12,集合住宅,鋼筋混凝土造,83年2月25日,十二層,七層 陽台 花台
RPWNMLOJKINFFAV37CA,25,14.80,避難室兼停車場．共同使用,鋼筋混凝土造,83年2月25日,十二層,
RPWNMLOJKINFFAV37CA,25,13.90,梯間．共同使用,鋼筋混凝土造,83年2月25日,十二層,
RPTNMLOJKINFFAV07CA,37,110.70,住家用,加強磚造,70年11月13日,二層,一層 二層
RPUNMLNJKINFFAV07CA,42,79.74,住家用,鋼筋混凝土造,66年4月25日,二層,一層 二層 夾層
RPTNMLNJKINFFAV96CA,23,195.37,人行．店舖．集合住宅,鋼筋混凝土造,85年3月26日,八層,一層 二層 三層 騎樓 見其他登記事項
RPTNMLNJKINFFAV96CA,23,29.61,電梯．樓梯．通道．水箱．機械房．公共使用,鋼筋混凝土造,85年3月26日,八層,
RPTNMLNJKINFFAV96CA,23,45.23,防空避難室．停車空間,鋼筋混凝土造,85年3月26日,八層,
RPTNMLQJKINFFAV27CA,42,78.12,住家用,鐵筋水泥磚,65年11月9日,二層,一層 二層
RPQNMLMKKINFFAV66CA,28,437.44,（一）辦公室．（二）工廠,鋼筋混凝土．有牆鋼架造．加強磚造,79年12月27日,一層,一層
RPPNMLRKKINFFCV27CA,1,167.82,Ｈ２住宅,鋼筋混凝土造,107年1月17日,三層,一層 二層 三層 見其他登記事項
RPQNMLPJKINFFAV96DA,39,107.94,住家用,加強磚造,68年7月19日,二層,一層 二層
RPPNMLPJKINFFAV76CA,,168.29,住家用,ＲＣ造,107年6月28日,三層,一層 二層 三層 見其他登記事項
RPSNMLKLKINFFAV76CA,6,281.09,住家用,ＲＣ造,101年11月23日,四層,一層 二層 三層 四層 雨遮 見其他登記事項
RPQNMLRKKINFFAV17CA,24,124.33,店舖，集合住宅,鋼筋混凝土造,84年1月4日,三層,一層 二層 三層 陽台
RPRNMLKLKINFFAV66CA,28,298.09,住家用,鋼筋混凝土造,79年7月5日,四層,一層 二層 三層 四層 騎樓 地下層
RPPNMLQJKINFFAV86CA,,209.74,住宅、樓梯間,鋼筋混凝土造,107年9月11日,三層,一層 二層 三層 見其他登記事項 見其他登記事項
RPRNMLQJKINFFAV07CA,22,63.38,住家用,鋼筋混凝土造,85年6月28日,七層,五層 陽台
RPRNMLQJKINFFAV07CA,22,16.01,防空避難室暨停車空間共同使用,鋼筋混凝土造,85年6月28日,七層,
RPRNMLQJKINFFAV07CA,22,5.31,共同使用：樓梯．電梯,鋼筋混凝土造,85年6月28日,七層,
RPRNMLQJKINFFAV07CA,22,2.81,車道、水箱、樓梯、機械房配電室共同使用　,鋼筋混凝土造,85年6月28日,七層,
RPRNMLQJKINFFAV07CA,22,3.29,樓梯、電梯、機械房、水箱共同使用,鋼筋混凝土造,85年6月28日,七層,
RPPNMLRKKINFFBV17CA,4,88.65,住家用,有牆鋼骨造,103年12月2日,一層,一層 騎樓
RPQNMLRJKINFFAV07CA,37,110.70,住家用,加強磚造,70年11月13日,二層,一層 二層
RPQNMLSLJINFFAV27CA,24,21.58,商業用,鋼筋混凝土造,83年11月24日,九層,九層
RPQNMLSLJINFFAV27CA,24,1.60,共同使用．走道．樓梯,鋼筋混凝土造,83年11月24日,九層,
RPQNMLSLJINFFAV27CA,24,38.43,商業用,鋼筋混凝土造,83年11月24日,九層,九層
RPQNMLSLJINFFAV27CA,24,7.30,共同使用．汽車升降孔．樓梯．電梯．機械房,鋼筋混凝土造,83年11月24日,九層,
RPQNMLSLJINFFAV27CA,24,25.25,商業用,鋼筋混凝土造,83年11月24日,九層,九層
RPQNMLSLJINFFAV27CA,24,2.62,共同使用．走道．電扶梯．廁所,鋼筋混凝土造,83年11月24日,九層,
RPQNMLSLJINFFAV27CA,24,26.02,商業用,鋼筋混凝土造,83年11月24日,九層,九層
RPQNMLSLJINFFAV27CA,24,3.48,共同使用．人行道．走道．電扶梯,鋼筋混凝土造,83年11月24日,九層,
RPQNMLSLJINFFAV27CA,24,25.25,商業用,鋼筋混凝土造,83年11月24日,九層,九層
RPQNMLSLJINFFAV27CA,24,1.05,共同使用．走道．樓梯,鋼筋混凝土造,83年11月24日,九層,
RPQNMLSLJINFFAV27CA,24,23.53,商業用,鋼筋混凝土造,83年11月24日,九層,九層
RPQNMLSLJINFFAV27CA,24,4.80,共同使用．汽車升降孔．樓梯．電梯．機械房,鋼筋混凝土造,83年11月24日,九層,
RPQNMLSLJINFFAV27CA,24,222.42,商業用,鋼筋混凝土造,83年11月24日,九層,九層
RPQNMLSLJINFFAV27CA,24,1.72,共同使用．走道．電扶梯．廁所,鋼筋混凝土造,83年11月24日,九層,
RPQNMLSLJINFFAV27CA,24,25.10,商業用,鋼筋混凝土造,83年11月24日,九層,九層
RPQNMLSLJINFFAV27CA,24,2.29,共同使用．人行道．走道．電扶梯,鋼筋混凝土造,83年11月24日,九層,
RPQNMLSLJINFFAV27CA,24,21.58,商業用,鋼筋混凝土造,83年11月24日,九層,九層
RPQNMLSLJINFFAV27CA,24,1.08,共同使用．走道．樓梯,鋼筋混凝土造,83年11月24日,九層,
RPQNMLSLJINFFAV27CA,24,20.48,商業用,鋼筋混凝土造,83年11月24日,九層,九層
RPQNMLSLJINFFAV27CA,24,4.94,共同使用．汽車升降孔．樓梯．電梯．機械房,鋼筋混凝土造,83年11月24日,九層,
RPQNMLSLJINFFAV27CA,24,20.48,商業用,鋼筋混凝土造,83年11月24日,九層,九層
RPQNMLSLJINFFAV27CA,24,1.77,共同使用．走道．電扶梯．廁所,鋼筋混凝土造,83年11月24日,九層,
RPQNMLSLJINFFAV27CA,24,20.48,商業用,鋼筋混凝土造,83年11月24日,九層,九層
RPQNMLSLJINFFAV27CA,24,2.36,共同使用．人行道．走道．電扶梯,鋼筋混凝土造,83年11月24日,九層,
RPQNMLSLJINFFAV27CA,24,16.30,商業用,鋼筋混凝土造,83年11月24日,九層,九層
RPQNMLSLJINFFAV27CA,24,1.05,共同使用．走道．樓梯,鋼筋混凝土造,83年11月24日,九層,
RPQNMLSLJINFFAV27CA,24,23.28,商業用,鋼筋混凝土造,83年11月24日,九層,九層
RPQNMLSLJINFFAV27CA,24,4.80,共同使用．汽車升降孔．樓梯．電梯．機械房,鋼筋混凝土造,83年11月24日,九層,
RPQNMLSLJINFFAV27CA,24,23.28,商業用,鋼筋混凝土造,83年11月24日,九層,九層
RPQNMLSLJINFFAV27CA,24,1.72,共同使用．走道．電扶梯．廁所,鋼筋混凝土造,83年11月24日,九層,
RPQNMLSLJINFFAV27CA,24,14.52,商業用,鋼筋混凝土造,83年11月24日,九層,九層
RPQNMLSLJINFFAV27CA,24,2.29,共同使用．人行道．走道．電扶梯,鋼筋混凝土造,83年11月24日,九層,
RPQNMLSLJINFFAV27CA,24,11.62,商業用,鋼筋混凝土造,83年11月24日,九層,九層
RPQNMLSLJINFFAV27CA,24,.97,共同使用．走道．樓梯,鋼筋混凝土造,83年11月24日,九層,
RPQNMLSLJINFFAV27CA,24,4.45,共同使用．汽車升降孔．樓梯．電梯．機械房,鋼筋混凝土造,83年11月24日,九層,
RPQNMLSLJINFFAV27CA,24,1.60,共同使用．走道．電扶梯．廁所,鋼筋混凝土造,83年11月24日,九層,
RPQNMLSLJINFFAV27CA,24,2.12,共同使用．人行道．走道．電扶梯,鋼筋混凝土造,83年11月24日,九層,
RPQNMLSLJINFFAV27CA,24,9.26,共同使用．走道．樓梯,鋼筋混凝土造,83年11月24日,九層,
RPQNMLSLJINFFAV27CA,24,42.26,共同使用．汽車升降孔．樓梯．電梯．機械房,鋼筋混凝土造,83年11月24日,九層,
RPQNMLSLJINFFAV27CA,24,15.16,共同使用．走道．電扶梯．廁所,鋼筋混凝土造,83年11月24日,九層,
RPQNMLSLJINFFAV27CA,24,20.17,共同使用．人行道．走道．電扶梯,鋼筋混凝土造,83年11月24日,九層,
RPQNMLSLJINFFAV27CA,24,1.05,共同使用．走道．樓梯,鋼筋混凝土造,83年11月24日,九層,
RPQNMLSLJINFFAV27CA,24,4.80,共同使用．汽車升降孔．樓梯．電梯．機械房,鋼筋混凝土造,83年11月24日,九層,
RPQNMLSLJINFFAV27CA,24,1.72,共同使用．走道．電扶梯．廁所,鋼筋混凝土造,83年11月24日,九層,
RPQNMLSLJINFFAV27CA,24,2.29,共同使用．人行道．走道．電扶梯,鋼筋混凝土造,83年11月24日,九層,
RPQNMLSLJINFFAV27CA,24,.90,共同使用．走道．樓梯,鋼筋混凝土造,83年11月24日,九層,
RPQNMLSLJINFFAV27CA,24,4.10,共同使用．汽車升降孔．樓梯．電梯．機械房,鋼筋混凝土造,83年11月24日,九層,
RPQNMLSLJINFFAV27CA,24,1.47,共同使用．走道．電扶梯．廁所,鋼筋混凝土造,83年11月24日,九層,
RPQNMLSLJINFFAV27CA,24,1.96,共同使用．人行道．走道．電扶梯,鋼筋混凝土造,83年11月24日,九層,
RPQNMLSLJINFFAV27CA,24,.85,共同使用．走道．樓梯,鋼筋混凝土造,83年11月24日,九層,
RPQNMLSLJINFFAV27CA,24,3.89,共同使用．汽車升降孔．樓梯．電梯．機械房,鋼筋混凝土造,83年11月24日,九層,
RPQNMLSLJINFFAV27CA,24,1.40,共同使用．走道．電扶梯．廁所,鋼筋混凝土造,83年11月24日,九層,
RPQNMLSLJINFFAV27CA,24,1.86,共同使用．人行道．走道．電扶梯,鋼筋混凝土造,83年11月24日,九層,
RPQNMLSLJINFFAV27CA,24,.85,共同使用．走道．樓梯,鋼筋混凝土造,83年11月24日,九層,
RPQNMLSLJINFFAV27CA,24,3.89,共同使用．汽車升降孔．樓梯．電梯．機械房,鋼筋混凝土造,83年11月24日,九層,
RPQNMLSLJINFFAV27CA,24,1.40,共同使用．走道．電扶梯．廁所,鋼筋混凝土造,83年11月24日,九層,
RPQNMLSLJINFFAV27CA,24,1.86,共同使用．人行道．走道．電扶梯,鋼筋混凝土造,83年11月24日,九層,
RPQNMLSLJINFFAV27CA,24,.85,共同使用．走道．樓梯,鋼筋混凝土造,83年11月24日,九層,
RPQNMLSLJINFFAV27CA,24,3.89,共同使用．汽車升降孔．樓梯．電梯．機械房,鋼筋混凝土造,83年11月24日,九層,
RPQNMLSLJINFFAV27CA,24,1.40,共同使用．走道．電扶梯．廁所,鋼筋混凝土造,83年11月24日,九層,
RPQNMLSLJINFFAV27CA,24,1.86,共同使用．人行道．走道．電扶梯,鋼筋混凝土造,83年11月24日,九層,
RPQNMLSLJINFFAV27CA,24,.69,共同使用．走道．樓梯,鋼筋混凝土造,83年11月24日,九層,
RPQNMLSLJINFFAV27CA,24,3.13,共同使用．汽車升降孔．樓梯．電梯．機械房,鋼筋混凝土造,83年11月24日,九層,
RPQNMLSLJINFFAV27CA,24,1.12,共同使用．走道．電扶梯．廁所,鋼筋混凝土造,83年11月24日,九層,
RPQNMLSLJINFFAV27CA,24,1.49,共同使用．人行道．走道．電扶梯,鋼筋混凝土造,83年11月24日,九層,
RPQNMLSLJINFFAV27CA,24,.97,共同使用．走道．樓梯,鋼筋混凝土造,83年11月24日,九層,
RPQNMLSLJINFFAV27CA,24,4.45,共同使用．汽車升降孔．樓梯．電梯．機械房,鋼筋混凝土造,83年11月24日,九層,
RPQNMLSLJINFFAV27CA,24,1.60,共同使用．走道．電扶梯．廁所,鋼筋混凝土造,83年11月24日,九層,
RPQNMLSLJINFFAV27CA,24,2.12,共同使用．人行道．走道．電扶梯,鋼筋混凝土造,83年11月24日,九層,
RPQNMLSLJINFFAV27CA,24,.97,共同使用．走道．樓梯,鋼筋混凝土造,83年11月24日,九層,
RPQNMLSLJINFFAV27CA,24,4.45,共同使用．汽車升降孔．樓梯．電梯．機械房,鋼筋混凝土造,83年11月24日,九層,
RPQNMLSLJINFFAV27CA,24,2.12,共同使用．人行道．走道．電扶梯,鋼筋混凝土造,83年11月24日,九層,
RPQNMLSLJINFFAV27CA,24,1.60,共同使用．走道．電扶梯．廁所,鋼筋混凝土造,83年11月24日,九層,
RPQNMLSLJINFFAV27CA,24,.61,共同使用．走道．樓梯,鋼筋混凝土造,83年11月24日,九層,
RPQNMLSLJINFFAV27CA,24,2.78,共同使用．汽車升降孔．樓梯．電梯．機械房,鋼筋混凝土造,83年11月24日,九層,
RPQNMLSLJINFFAV27CA,24,1.33,共同使用．人行道．走道．電扶梯,鋼筋混凝土造,83年11月24日,九層,
RPQNMLSLJINFFAV27CA,24,1.00,共同使用．走道．電扶梯．廁所,鋼筋混凝土造,83年11月24日,九層,
RPQNMLSLJINFFAV27CA,24,2.22,共同使用．汽車升降孔．樓梯．電梯．機械房,鋼筋混凝土造,83年11月24日,九層,
RPQNMLSLJINFFAV27CA,24,1.06,共同使用．人行道．走道．電扶梯,鋼筋混凝土造,83年11月24日,九層,
RPQNMLSLJINFFAV27CA,24,.49,共同使用．走道．樓梯,鋼筋混凝土造,83年11月24日,九層,
RPQNMLSLJINFFAV27CA,24,.80,共同使用．走道．電扶梯．廁所,鋼筋混凝土造,83年11月24日,九層,
RPVNMLOLKINFFAV47CA,,213.66,住宅、樓梯間,ＲＣ造,107年10月12日,四層,一層 二層 三層 四層 見其他登記事項
RPTNMLRJKINFFAV37CA,46,52.65,住家用,鐵筋水泥磚,62年2月26日,二層,一層 二層 騎樓
RPTNMLRJKINFFAV37CA,46,52.65,住家用,鐵筋水泥磚,62年2月26日,二層,一層 二層 騎樓
RPPNMLLKKINFFAV09CA,,165.24,住家用,ＲＣ造,107年6月28日,三層,一層 二層 三層 見其他登記事項
RPPNMLKKKINFFAV09DA,25,238.85,住家用,鋼筋混凝土造,82年12月8日,四層,一層 二層 三層 四層 陽台 平台
RPQNMLNLKINFFAV86CA,38,66.81,住家用,磚木造瓦屋頂,69年10月22日,一層,一層
RPWNMLMKKINFFAV27CA,39,101.64,住家用,加強磚造,69年1月2日,二層,一層 二層 騎樓
RPUNMLMKKINFFAV07CA,25,96.34,集合住宅,鋼筋混凝土造,83年2月25日,十二層,四層 陽台 花台
RPRNMLLKKINFFAV66CA,40,62.98,住家用,水泥磚木蓋瓦,67年6月30日,一層,一層
RPSNMLNKKINFFAV96CA,20,60.93,集合住宅,鋼筋混凝土造,87年12月16日,九層,六層 陽台
RPXNMLMKKINFFAV37CA,44,42.89,住家用,水泥磚木蓋瓦,64年4月23日,一層,一層 騎樓
RPQNMLKLKINFFAV56CA,4,337.80,住家用,ＲＣ造,103年12月5日,三層,一層 二層 三層 見其他登記事項
RPRNMLRKKINFFAV27CA,37,193.77,住商用,加強磚造,70年12月26日,二層,一層 二層 騎樓
RPPNMLNKKINFFAV66CA,13,165.97,住家用,ＲＣ造,94年7月27日,三層,一層 二層 三層 見其他登記事項
RPPNMLSKKINFFAV17CA,30,155.42,住家用,加強磚造,77年9月14日,二層,一層 二層 屋頂突出物
RPPNMLKLKINFFCV66CA,33,95.83,住家用,加強磚造,75年2月10日,二層,一層 二層
RPQNMLSKKINFFCV47CA,,108.90,住家用,見其他登記事項,,二層,一層 二層 騎樓
RPSNMLMKKINFFAV86CA,23,76.34,住家用,鋼筋混凝土造,84年12月4日,十六層,十層 陽台
RPSNMLMKKINFFAV86CA,23,21.97,電梯．樓梯．走道．水箱．機械室．防空避難室及停車間（公共設施．共同使用）,鋼筋混凝土造,84年12月4日,十六層,
RPTNMLMKKINFFAV96CA,,202.19,集合住宅,鋼筋混凝土造,107年10月18日,三層,一層 二層 三層 見其他登記事項
RPVNMLNKKINFFAV27CA,,190.60,集合住宅,鋼筋混凝土造,107年10月18日,三層,一層 二層 三層 見其他登記事項
RPPNMLOKKINFFAV76CA,23,164.36,住家用,鋼筋混凝土造,85年1月13日,四層,一層 二層 三層 四層 見其他登記事項
RPSNMLRLKINFFAV47CA,,213.97,住宅、樓梯間,ＲＣ造,107年10月12日,四層,一層 二層 三層 四層 見其他登記事項
RPRNMLRLKINFFAV37CA,,212.63,住宅、樓梯間,ＲＣ造,107年10月12日,四層,一層 二層 三層 四層 見其他登記事項
RPTNMLNKKINFFAV07CA,65,264.70,住宅、騎樓,加強磚造,43年1月20日,一層,一層 騎樓
RPRNMLNKKINFFAV86CA,46,85.40,住家用,鐵筋水泥磚,61年7月20日,二層,一層 二層 騎樓
RPVNMLKLKINFFAV07CA,10,362.90,住家用,ＲＣ造,97年9月18日,四層,一層 二層 三層 四層 見其他登記事項
RPVOMLKLKINFFAV17CA,38,109.71,住家用,鋼筋混凝土造,70年3月27日,二層,一層 二層
RPUNMLMLKINFFAV17CA,23,177.00,住家用,鋼筋混凝土造,85年1月13日,四層,一層 二層 三層 四層 見其他登記事項
RPPNMLRKKINFFAV07CA,4,179.22,住家用,ＲＣ造,104年3月12日,三層,一層 二層 三層 見其他登記事項
RPWNMLTKKINFFAV97CA,46,48.49,住家用,蓋瓦水泥磚木,62年5月9日,一層,一層 騎樓
RPPNMLKLKINFFBV56CA,24,125.60,見其他登記事項,鋼筋混凝土造,83年11月24日,二層,一層 二層
RPRNMLTJJHOFFCV57DA,30,80.30,住家用,加強磚造,77年8月15日,一層,一層
RPPNMLKLKINFFDV76CA,24,34.45,套房,鋼筋混凝土造,83年9月30日,八層,七層 陽台
RPPNMLKLKINFFDV76CA,24,7.16,樓梯間．門房走道,鋼筋混凝土造,83年9月30日,八層,
RPRNMLMLKINFFDV17CA,23,30.87,套房,鋼筋混凝土造,84年7月14日,八層,四層 見其他登記事項
RPRNMLMLKINFFDV17CA,23,7.85,樓梯．電梯．機械房．水箱．清水池．走道．陽台．屋頂突出物,鋼筋混凝土造,84年7月14日,八層,
RPVNMLTKKINFFAV87CA,15,168.59,住商用,鋼筋混凝土造,92年7月31日,三層,一層 二層 三層 騎樓 見其他登記事項
RPUNMLTKKINFFAV77CA,22,89.24,集合住宅,鋼筋混凝土造,85年6月28日,九層,七層 陽台
RPUNMLTKKINFFAV77CA,22,10.36,電梯，樓梯共同使用,鋼筋混凝土造,85年6月28日,九層,
RPUNMLTKKINFFAV77CA,22,10.12,配電室．樓梯．電梯．機械房．通道．水箱．人行共同使用,鋼筋混凝土造,85年6月28日,九層,
RPRNMLSKKINFFAV37CA,46,41.50,住家用,水泥磚木蓋瓦,62年1月16日,一層,一層 騎樓
RPPNMLTKKINFFAV27CA,1,224.19,住宅、樓梯間,ＲＣ造,107年4月20日,三層,一層 二層 三層 見其他登記事項 見其他登記事項
RPSNMLMLKINFFDV27CA,25,37.70,出租套房,鋼筋混凝土造,82年11月8日,八層,二層 陽台
RPSNMLMLKINFFDV27CA,25,13.75,出租套房、通道、停車場、避難室．屋頂突出物,鋼筋混凝土造,82年11月8日,八層,
RPPNMLRLKINFFDV47CA,23,30.87,套房,鋼筋混凝土造,84年7月14日,八層,四層 見其他登記事項
RPPNMLRLKINFFDV47CA,23,6.94,樓梯．電梯．機械房．水箱．清水池．走道．陽台．屋頂突出物,鋼筋混凝土造,84年7月14日,八層,
RPRPMLKLKINFFAV86CA,43,94.51,住家用,鐵筋水泥磚,65年3月12日,二層,一層 二層 騎樓
RPSPMLKLKINFFAV96CA,26,121.89,住家用,鋼筋混凝土造,82年3月27日,三層,一層 二層 三層
RPPNMLMJJHOFFAV98CA,4,192.24,住家用,ＲＣ造,103年10月6日,三層,一層 二層 三層 見其他登記事項
RPUNMLSJJHOFFAV47CA,24,72.13,集合住宅,鋼筋混凝土造,84年1月25日,十層,五層 陽台 花台
RPUNMLSJJHOFFAV47CA,,1.95,樓梯，電梯，機械房,鋼筋混凝土造,,十層,
RPUNMLSJJHOFFAV47CA,24,8.61,樓梯．電梯間,鋼筋混凝土造,84年1月25日,十層,
RPUNMLSJJHOFFAV47CA,24,2.08,門廳．車道．水箱．交誼廳．通道,鋼筋混凝土造,84年1月25日,十層,
RPUNMLSJJHOFFAV47CA,24,10.60,防空避難室．配電室．停車空間,鋼筋混凝土造,84年1月25日,十層,
RPWNMLLLKINFFAV27CA,25,79.35,集合住宅,鋼筋混凝土造,83年4月19日,十四層,五層 陽台
RPWNMLLLKINFFAV27CA,25,22.29,避難室，電梯．樓梯．地下室．通廊共同使用,鋼筋混凝土造,83年4月19日,十四層,
RPSNMLKKJHOFFAV56CA,18,199.03,住家用,鋼筋混凝土造,90年4月11日,四層,一層 二層 三層 四層 陽台 屋頂突出物
RPOPMLKLKINFFAV56CA,22,64.96,住家用,鋼筋混凝土造,85年6月28日,七層,三層 陽台 雨遮
RPOPMLKLKINFFAV56CA,22,5.79,共同使用：樓梯．電梯,鋼筋混凝土造,85年6月28日,七層,
RPOPMLKLKINFFAV56CA,22,3.47,樓梯、電梯、機械房、水箱共同使用,鋼筋混凝土造,85年6月28日,七層,
RPOPMLKLKINFFAV56CA,22,2.81,車道、水箱、樓梯、機械房配電室共同使用　,鋼筋混凝土造,85年6月28日,七層,
RPOPMLKLKINFFAV56CA,22,16.01,防空避難室暨停車空間共同使用,鋼筋混凝土造,85年6月28日,七層,
RPQNMLOLKINFFAV96CA,10,204.01,店舖、住宅、樓梯間,ＲＣ造,97年7月31日,三層,一層 二層 三層 見其他登記事項
RPOOMLMLKINFFAV66CA,36,94.14,集合住宅,鋼筋混凝土造,72年2月22日,四層,四層 陽台
RPOOMLMLKINFFAV66CA,36,6.83,國民住宅．走道,鋼筋混凝土造,72年2月22日,四層,
RPPNMLNLKINFFAV76CA,30,205.11,住家用,加強磚造,78年1月14日,二層,一層 二層 屋頂突出物
RPQPMLKLKINFFAV86DA,44,54.01,住家用,鐵筋水泥磚,63年7月1日,一層,一層
RPPNMLTLKINFFAV37CA,44,48.94,住家用,鋼筋水泥加強磚造,64年5月10日,三層,一層 二層 三層 騎樓
RPPNMLLMKINFFAV66CA,45,48.56,住家用,蓋瓦水泥磚木,62年9月7日,一層,一層
RPUNMLRLKINFFAV67CA,,205.02,Ｈ２住宅,ＲＣ造,107年10月25日,三層,一層 二層 三層 見其他登記事項
RPTNMLRLKINFFAV57CA,,212.63,住宅、樓梯間,ＲＣ造,107年10月12日,四層,一層 二層 三層 四層 見其他登記事項
RPRNMLQLKINFFAV27CA,39,96.30,住家用,加強磚造,69年4月21日,二層,一層 二層
RPUNMLPLKINFFAV47CA,25,97.53,集合住宅,鋼筋混凝土造,82年8月14日,七層,七層 陽台 花台
RPUNMLPLKINFFAV47CA,25,18.28,騎樓樓梯間、門廳、水箱、地下停車場,鋼筋混凝土造,82年8月14日,七層,
RPUNMLPLKINFFAV47CA,25,9.59,樓梯間,鋼筋混凝土造,82年8月14日,七層,
RPUNMLPLKINFFAV47CA,25,1.48,樓梯間,鋼筋混凝土造,82年8月14日,七層,
RPSNMLPLKINFFAV27CA,24,197.04,停車．空間住宅,鋼筋混凝土造,84年1月28日,五層,一層 二層 三層 四層 五層 見其他登記事項
RPTNMLPLKINFFAV37CA,,206.11,集合住宅,鋼筋混凝土造,107年10月18日,三層,一層 二層 三層 見其他登記事項
RPSNMLQLKINFFAV37CA,33,190.95,住商用,鋼筋混凝土造,75年1月17日,四層,一層 二層 三層 四層 陽台 屋頂突出物
RPQNMLQLKINFFAV17CA,23,177.00,住家用,鋼筋混凝土造,85年1月13日,四層,一層 二層 三層 四層 見其他登記事項
RPQNMLLMKINFFAV76CA,19,193.57,農舍,有墻鋼架造,89年1月19日,二層,一層 二層
RPUNMLKKJHOFFAV76CA,25,99.13,集合住宅,鋼筋混凝土造,83年5月16日,十三層,九層 陽台
RPUNMLKKJHOFFAV76CA,25,.32,空白,鋼筋混凝土造,83年5月16日,十三層,
RPUNMLKKJHOFFAV76CA,25,.34,樓梯間,鋼筋混凝土造,83年5月16日,十三層,
RPUNMLKKJHOFFAV76CA,25,.42,空白,鋼筋混凝土造,83年5月16日,十三層,
RPUNMLKKJHOFFAV76CA,25,.34,樓梯間,鋼筋混凝土造,83年5月16日,十三層,
RPUNMLKKJHOFFAV76CA,25,.34,樓梯間,鋼筋混凝土造,83年5月16日,十三層,
RPUNMLKKJHOFFAV76CA,25,.16,樓梯間,鋼筋混凝土造,83年5月16日,十三層,
RPUNMLKKJHOFFAV76CA,25,.42,樓梯間,鋼筋混凝土造,83年5月16日,十三層,
RPUNMLKKJHOFFAV76CA,25,.34,樓梯間,鋼筋混凝土造,83年5月16日,十三層,
RPUNMLKKJHOFFAV76CA,25,.85,樓梯間,鋼筋混凝土造,83年5月16日,十三層,
RPUNMLKKJHOFFAV76CA,25,.30,空白,鋼筋混凝土造,83年5月16日,十三層,
RPUNMLKKJHOFFAV76CA,25,.38,空白,鋼筋混凝土造,83年5月16日,十三層,
RPUNMLKKJHOFFAV76CA,25,.34,樓梯間,鋼筋混凝土造,83年5月16日,十三層,
RPUNMLKKJHOFFAV76CA,25,.34,樓梯間,鋼筋混凝土造,83年5月16日,十三層,
RPUNMLKKJHOFFAV76CA,25,1.27,樓梯間走道,鋼筋混凝土造,83年5月16日,十三層,
RPUNMLKKJHOFFAV76CA,25,12.52,避難室,鋼筋混凝土造,83年5月16日,十三層,
RPUNMLKKJHOFFAV76CA,25,.42,樓梯間,鋼筋混凝土造,83年5月16日,十三層,
RPUNMLKKJHOFFAV76CA,25,.42,樓梯間,鋼筋混凝土造,83年5月16日,十三層,
RPUNMLKKJHOFFAV76CA,25,.34,樓梯間,鋼筋混凝土造,83年5月16日,十三層,
RPUNMLKKJHOFFAV76CA,25,.42,樓梯間,鋼筋混凝土造,83年5月16日,十三層,
RPUNMLKKJHOFFAV76CA,25,.42,樓梯間,鋼筋混凝土造,83年5月16日,十三層,
RPUNMLKKJHOFFAV76CA,25,.42,樓梯間,鋼筋混凝土造,83年5月16日,十三層,
RPUNMLKKJHOFFAV76CA,25,.34,樓梯間,鋼筋混凝土造,83年5月16日,十三層,
RPUNMLKKJHOFFAV76CA,25,.34,樓梯間,鋼筋混凝土造,83年5月16日,十三層,
RPUNMLKKJHOFFAV76CA,25,.34,樓梯間,鋼筋混凝土造,83年5月16日,十三層,
RPUNMLKKJHOFFAV76CA,25,.30,空白,鋼筋混凝土造,83年5月16日,十三層,
RPUNMLKKJHOFFAV76CA,25,.64,樓梯間,鋼筋混凝土造,83年5月16日,十三層,
RPUNMLKKJHOFFAV76CA,25,.42,樓梯間,鋼筋混凝土造,83年5月16日,十三層,
RPUNMLKKJHOFFAV76CA,25,.16,樓梯間,鋼筋混凝土造,83年5月16日,十三層,
RPUNMLKKJHOFFAV76CA,25,.33,空白,鋼筋混凝土造,83年5月16日,十三層,
RPUNMLKKJHOFFAV76CA,25,.42,樓梯間,鋼筋混凝土造,83年5月16日,十三層,
RPUNMLKKJHOFFAV76CA,25,.42,樓梯間,鋼筋混凝土造,83年5月16日,十三層,
RPUNMLKKJHOFFAV76CA,25,.59,樓梯間,鋼筋混凝土造,83年5月16日,十三層,
RPWNMLTKJHOFFAV87CA,25,87.03,集合住宅,鋼筋混凝土造,83年4月19日,十四層,十四層 陽台
RPWNMLTKJHOFFAV87CA,25,28.98,避難室，電梯．樓梯．地下室．通廊共同使用,鋼筋混凝土造,83年4月19日,十四層,
RPPNMLSLKINFFCV57DA,38,170.99,住家用,加強磚造,70年3月19日,二層,一層 二層 騎樓
RPRNMLMJJHOFFAV56CA,15,226.31,住家用,鋼筋混凝土造,92年10月7日,四層,一層 二層 三層 四層 見其他登記事項
RPXNMLSLKINFFAV18DA,61,21.00,住家用,磚石造,47年1月21日,一層,一層
RPPNMLRJJHOFFAV96DA,37,137.39,住家用,加強磚造,70年8月18日,二層,一層 二層 騎樓
RPPNMLMLKINFFAV76DA,31,130.41,住家用,加強磚造,77年3月28日,二層,一層 二層 陽台 屋頂突出物
RPWNMLSLKINFFAV08DA,12,449.04,住家用,ＲＣ造,95年8月15日,三層,一層 二層 三層 屋頂突出物 見其他登記事項
RPPNMLLJJHOFFAV88CA,,204.43,集合住宅、樓梯間,鋼筋混凝土造,107年10月18日,三層,一層 二層 三層 見其他登記事項 見其他登記事項
RPSNMLOJJHOFFAV86CA,33,121.44,住家用,加強磚造,74年8月17日,二層,一層 二層 陽台
RPVNMLSJJHOFFAV57CA,24,373.34,住商用,鋼筋混凝土造,83年7月22日,四層,一層 二層 三層 四層 陽台 屋頂突出物 騎樓
RPUNMLOJJHOFFAV07CA,21,1033.70,冷凍廠．辦公廳．機房．避難室．冷凍庫,鋼筋混凝土造,86年10月17日,二層,一層 二層 屋頂突出物 夾層 地下層
RPQNMLNJJHOFFAV56CA,,190.60,集合住宅,鋼筋混凝土造,107年10月18日,三層,一層 二層 三層 見其他登記事項
RPPNMLOJJHOFFAV56CA,23,166.55,集合住宅、店舖,鋼骨混凝土造,84年9月26日,七層,一層 二層 騎樓 夾層 見其他登記事項
RPPNMLOJJHOFFAV56CA,23,3.61,樓梯、電梯、機械房、水箱,鋼骨混凝土造,84年9月26日,七層,
RPPNMLOJJHOFFAV56CA,23,34.72,防空避難室、停車間,鋼骨混凝土造,84年9月26日,七層,
RPQNMLKKJHOFFAV98CA,25,18.22,集合住宅,鋼筋混凝土造,83年3月2日,五層,四層
RPSNMLSJJHOFFAV27CA,,42.90,住家用,木造瓦屋頂,,一層,一層
RPRNMLSJJHOFFAV17CA,40,30.45,住家用,加強磚造,67年7月1日,一層,一層
RPTNMLSJJHOFFAV37CA,37,47.88,住家用,加強磚造,70年10月6日,二層,一層 二層 騎樓
RPTNMLSJJHOFFAV37CA,37,47.88,住家用,加強磚造,70年10月6日,二層,一層 二層 騎樓
RPQNMLSJJHOFFAV07CA,23,135.61,鄉村住宅,鋼筋混凝土造,85年5月16日,二層,一層 二層 屋頂突出物
RPWNMLSJJHOFFAV67CA,45,38.79,住家用,鐵筋水泥磚,62年6月20日,一層,一層
RPRNMLLLKINFFAV76CA,25,.21,樓梯間,鋼筋混凝土造,83年5月16日,十三層,
RPRNMLLLKINFFAV76CA,25,59.96,集合住宅,鋼筋混凝土造,83年5月16日,十三層,三層 陽台
RPRNMLLLKINFFAV76CA,25,.17,樓梯間,鋼筋混凝土造,83年5月16日,十三層,
RPRNMLLLKINFFAV76CA,25,59.96,集合住宅,鋼筋混凝土造,83年5月16日,十三層,三層 陽台
RPRNMLLLKINFFAV76CA,25,.08,樓梯間,鋼筋混凝土造,83年5月16日,十三層,
RPRNMLLLKINFFAV76CA,25,.16,空白,鋼筋混凝土造,83年5月16日,十三層,
RPRNMLLLKINFFAV76CA,25,.08,樓梯間,鋼筋混凝土造,83年5月16日,十三層,
RPRNMLLLKINFFAV76CA,25,.15,空白,鋼筋混凝土造,83年5月16日,十三層,
RPRNMLLLKINFFAV76CA,25,.17,樓梯間,鋼筋混凝土造,83年5月16日,十三層,
RPRNMLLLKINFFAV76CA,25,.17,樓梯間,鋼筋混凝土造,83年5月16日,十三層,
RPRNMLLLKINFFAV76CA,25,.17,空白,鋼筋混凝土造,83年5月16日,十三層,
RPRNMLLLKINFFAV76CA,25,.15,空白,鋼筋混凝土造,83年5月16日,十三層,
RPRNMLLLKINFFAV76CA,25,.21,樓梯間,鋼筋混凝土造,83年5月16日,十三層,
RPRNMLLLKINFFAV76CA,25,.19,空白,鋼筋混凝土造,83年5月16日,十三層,
RPRNMLLLKINFFAV76CA,25,.21,空白,鋼筋混凝土造,83年5月16日,十三層,
RPRNMLLLKINFFAV76CA,25,.42,樓梯間,鋼筋混凝土造,83年5月16日,十三層,
RPRNMLLLKINFFAV76CA,25,.21,樓梯間,鋼筋混凝土造,83年5月16日,十三層,
RPRNMLLLKINFFAV76CA,25,.21,樓梯間,鋼筋混凝土造,83年5月16日,十三層,
RPRNMLLLKINFFAV76CA,25,.17,樓梯間,鋼筋混凝土造,83年5月16日,十三層,
RPRNMLLLKINFFAV76CA,25,.17,樓梯間,鋼筋混凝土造,83年5月16日,十三層,
RPRNMLLLKINFFAV76CA,25,.17,樓梯間,鋼筋混凝土造,83年5月16日,十三層,
RPRNMLLLKINFFAV76CA,25,.17,樓梯間,鋼筋混凝土造,83年5月16日,十三層,
RPRNMLLLKINFFAV76CA,25,.30,樓梯間,鋼筋混凝土造,83年5月16日,十三層,
RPRNMLLLKINFFAV76CA,25,.21,樓梯間,鋼筋混凝土造,83年5月16日,十三層,
RPRNMLLLKINFFAV76CA,25,.32,樓梯間,鋼筋混凝土造,83年5月16日,十三層,
RPRNMLLLKINFFAV76CA,25,.17,樓梯間,鋼筋混凝土造,83年5月16日,十三層,
RPRNMLLLKINFFAV76CA,25,.21,樓梯間,鋼筋混凝土造,83年5月16日,十三層,
RPRNMLLLKINFFAV76CA,25,.64,樓梯間走道,鋼筋混凝土造,83年5月16日,十三層,
RPRNMLLLKINFFAV76CA,25,.21,樓梯間,鋼筋混凝土造,83年5月16日,十三層,
RPRNMLLLKINFFAV76CA,25,.21,樓梯間,鋼筋混凝土造,83年5月16日,十三層,
RPRNMLLLKINFFAV76CA,25,6.26,避難室,鋼筋混凝土造,83年5月16日,十三層,
RPRNMLLLKINFFAV76CA,25,.21,樓梯間,鋼筋混凝土造,83年5月16日,十三層,
RPRNMLLLKINFFAV76CA,25,.17,樓梯間,鋼筋混凝土造,83年5月16日,十三層,
RPRNMLLLKINFFAV76CA,25,.17,樓梯間,鋼筋混凝土造,83年5月16日,十三層,
RPRNMLLLKINFFAV76CA,25,.21,樓梯間,鋼筋混凝土造,83年5月16日,十三層,
RPRNMLLLKINFFAV76CA,25,.17,樓梯間,鋼筋混凝土造,83年5月16日,十三層,
RPRNMLLLKINFFAV76CA,25,.08,樓梯間,鋼筋混凝土造,83年5月16日,十三層,
RPRNMLLLKINFFAV76CA,25,.16,空白,鋼筋混凝土造,83年5月16日,十三層,
RPRNMLLLKINFFAV76CA,25,.08,樓梯間,鋼筋混凝土造,83年5月16日,十三層,
RPRNMLLLKINFFAV76CA,25,.15,空白,鋼筋混凝土造,83年5月16日,十三層,
RPRNMLLLKINFFAV76CA,25,.17,樓梯間,鋼筋混凝土造,83年5月16日,十三層,
RPRNMLLLKINFFAV76CA,25,.17,樓梯間,鋼筋混凝土造,83年5月16日,十三層,
RPRNMLLLKINFFAV76CA,25,.17,空白,鋼筋混凝土造,83年5月16日,十三層,
RPRNMLLLKINFFAV76CA,25,.15,空白,鋼筋混凝土造,83年5月16日,十三層,
RPRNMLLLKINFFAV76CA,25,.21,樓梯間,鋼筋混凝土造,83年5月16日,十三層,
RPRNMLLLKINFFAV76CA,25,.19,空白,鋼筋混凝土造,83年5月16日,十三層,
RPRNMLLLKINFFAV76CA,25,.21,空白,鋼筋混凝土造,83年5月16日,十三層,
RPRNMLLLKINFFAV76CA,25,.42,樓梯間,鋼筋混凝土造,83年5月16日,十三層,
RPRNMLLLKINFFAV76CA,25,.21,樓梯間,鋼筋混凝土造,83年5月16日,十三層,
RPRNMLLLKINFFAV76CA,25,.21,樓梯間,鋼筋混凝土造,83年5月16日,十三層,
RPRNMLLLKINFFAV76CA,25,.17,樓梯間,鋼筋混凝土造,83年5月16日,十三層,
RPRNMLLLKINFFAV76CA,25,.17,樓梯間,鋼筋混凝土造,83年5月16日,十三層,
RPRNMLLLKINFFAV76CA,25,.17,樓梯間,鋼筋混凝土造,83年5月16日,十三層,
RPRNMLLLKINFFAV76CA,25,.17,樓梯間,鋼筋混凝土造,83年5月16日,十三層,
RPRNMLLLKINFFAV76CA,25,.30,樓梯間,鋼筋混凝土造,83年5月16日,十三層,
RPRNMLLLKINFFAV76CA,25,.21,樓梯間,鋼筋混凝土造,83年5月16日,十三層,
RPRNMLLLKINFFAV76CA,25,.32,樓梯間,鋼筋混凝土造,83年5月16日,十三層,
RPRNMLLLKINFFAV76CA,25,.17,樓梯間,鋼筋混凝土造,83年5月16日,十三層,
RPRNMLLLKINFFAV76CA,25,.21,樓梯間,鋼筋混凝土造,83年5月16日,十三層,
RPRNMLLLKINFFAV76CA,25,.64,樓梯間走道,鋼筋混凝土造,83年5月16日,十三層,
RPRNMLLLKINFFAV76CA,25,.21,樓梯間,鋼筋混凝土造,83年5月16日,十三層,
RPRNMLLLKINFFAV76CA,25,.21,樓梯間,鋼筋混凝土造,83年5月16日,十三層,
RPRNMLLLKINFFAV76CA,25,6.26,避難室,鋼筋混凝土造,83年5月16日,十三層,
RPRNMLLLKINFFAV76CA,25,.21,樓梯間,鋼筋混凝土造,83年5月16日,十三層,
RPRNMLLLKINFFAV76CA,25,.17,樓梯間,鋼筋混凝土造,83年5月16日,十三層,
RPRNMLLLKINFFAV76CA,25,.17,樓梯間,鋼筋混凝土造,83年5月16日,十三層,
RPPNMLOKJHOFFAV66CA,39,87.36,住家用,加強磚造,68年8月13日,二層,一層 二層
RPVNMLKKJHOFFAV86CA,22,90.95,集合住宅,鋼筋混凝土造,85年6月28日,九層,九層 陽台
RPVNMLKKJHOFFAV86CA,22,10.65,電梯，樓梯共同使用,鋼筋混凝土造,85年6月28日,九層,
RPVNMLKKJHOFFAV86CA,22,10.39,配電室．樓梯．電梯．機械房．通道．水箱．人行共同使用,鋼筋混凝土造,85年6月28日,九層,
RPXNMLLJKHOFFAV17CA,44,92.04,住家用,鐵筋水泥磚,64年1月27日,二層,一層 二層 騎樓
RPRNMLRJJHOFFCV27CA,35,136.98,住商用,鋼筋混凝土造,72年11月24日,四層,一層 二層 三層 四層 屋頂突出物 騎樓
RPXNMLKKJHOFFAV07CA,5,186.80,住家用,ＲＣ造,103年4月9日,三層,一層 二層 三層 見其他登記事項
RPXNMLSJJHOFFAV77CA,8,226.71,住宅、樓梯間,ＲＣ造,99年7月27日,三層,一層 二層 三層 見其他登記事項 見其他登記事項
RPSNMLTJJHOFFAV37CA,22,25.66,集合住宅,鋼筋混凝土造,85年6月28日,九層,二層 花台
RPSNMLTJJHOFFAV37CA,22,5.47,電梯，樓梯共同使用,鋼筋混凝土造,85年6月28日,九層,
RPSNMLTJJHOFFAV37CA,22,3.01,配電室．樓梯．電梯．機械房．通道．水箱．人行共同使用,鋼筋混凝土造,85年6月28日,九層,
RPQNMLLKJHOFFDV76CA,24,31.54,套房,鋼筋混凝土造,83年9月30日,八層,七層 陽台
RPQNMLLKJHOFFDV76CA,24,5.45,樓梯間．門房走道,鋼筋混凝土造,83年9月30日,八層,
RPWNMLOKJHOFFAV37CA,25,164.08,住家用,鋼筋混凝土造,82年12月18日,三層,一層 二層 三層 屋頂突出物
RPSNMLOKJHOFFAV96CA,12,250.89,店舖、住宅、樓梯間,ＲＣ造,95年9月25日,三層,一層 二層 三層 屋頂突出物 見其他登記事項
RPRNMLOKJHOFFAV86CA,40,97.16,住家用,加強磚造,68年3月17日,二層,一層 二層
RPPNMLOKJHOFFDV96CA,11,81.73,店舖，住宅，樓梯間,ＲＣ造,97年5月22日,三層,一層 二層 三層 見其他登記事項
RPQNMLOKJHOFFAV76CA,,201.12,Ｈ２住宅、樓梯間,ＲＣ造,107年10月22日,三層,一層 二層 三層 見其他登記事項 見其他登記事項
RPPNMLLKJHOFFBV09CA,32,106.04,住家用,加強磚造,75年11月10日,二層,一層 二層 陽台 騎樓
RPVNMLRKJHOFFAV57CA,36,92.15,住家用,加強磚造,71年12月24日,二層,一層 二層
RPOOMLLKKHOFFAV09CA,23,73.40,集合住宅,鋼筋混凝土造,85年3月26日,八層,五層 見其他登記事項
RPOOMLLKKHOFFAV09CA,23,8.44,電梯．樓梯．通道．水箱．機械房．公共使用,鋼筋混凝土造,85年3月26日,八層,
RPOOMLLKKHOFFAV09CA,23,12.89,防空避難室．停車空間,鋼筋混凝土造,85年3月26日,八層,
RPWNMLRKJHOFFAV67CA,23,168.27,住家用,鋼筋混凝土造,84年7月12日,三層,一層 二層 三層 見其他登記事項
RPRNMLTKJHOFFAV37CA,14,174.14,住家用,ＲＣ造,94年5月24日,三層,一層 二層 三層 見其他登記事項
RPXNMLQKJHOFFAV67CA,25,100.36,住家用,鋼筋混凝土造,82年9月2日,四層,一層 二層 三層 四層 陽台
RPXNMLQKJHOFFAV67CA,25,100.36,住家用,鋼筋混凝土造,82年9月2日,四層,一層 二層 三層 四層 陽台
RPPNMLRKJHOFFAV96CA,23,33.12,集合住宅,鋼筋混凝土造,85年6月28日,九層,五層 陽台 花台
RPPNMLRKJHOFFAV96CA,23,6.91,電梯，樓梯共同使用,鋼筋混凝土造,85年6月28日,九層,
RPPNMLRKJHOFFAV96CA,23,4.10,配電室．樓梯．電梯．機械房．通道．水箱．人行共同使用,鋼筋混凝土造,85年6月28日,九層,
RPOOMLQKJHOFFAV86CA,24,9.17,地下一層（共同使用）防空斗避難室兼停車空間,鋼筋混凝土造,83年12月17日,八層,
RPOOMLQKJHOFFAV86CA,24,4.45,地下二層（共同使用）防空避難室兼停車空間,鋼筋混凝土造,83年12月17日,八層,
RPRNMLOLJHOFFDV27CA,24,35.02,套房,鋼筋混凝土造,83年9月30日,八層,七層 陽台
RPRNMLOLJHOFFDV27CA,24,6.72,樓梯間．門房走道,鋼筋混凝土造,83年9月30日,八層,
RPQPMLLJKHOFFAV66CA,36,93.41,國民住宅,鋼筋混凝土造,72年2月22日,四層,四層 陽台
RPSOMLLJKHOFFAV76CA,39,80.92,住家用,加強磚造,68年8月13日,二層,一層 二層
RPVNMLQKJHOFFAV47CA,25,24.33,集合住宅,鋼筋混凝土造,82年5月22日,十二層,六層 陽台
RPQNMLRKJHOFFAV07CA,37,320.97,住商用,鋼筋混凝土造,70年8月22日,四層,一層 二層 三層 四層 騎樓 地下層
RPVNMLQKJHOFFAV47CA,25,3.03,共有部分,鋼筋混凝土造,82年5月22日,十二層,
RPVNMLQKJHOFFAV47CA,25,6.37,走廊．電樓梯間接（共同使用部分）,鋼筋混凝土造,82年5月22日,十二層,
RPOOMLRKJHOFFAV96CA,14,227.30,住家用,鋼筋混凝土造,93年12月17日,三層,一層 二層 三層 屋頂突出物 騎樓 見其他登記事項
RPPNMLTKJHOFFAV27DA,16,155.64,住家用,鋼骨造,91年10月18日,三層,一層 二層 三層 屋頂突出物 見其他登記事項
RPRNMLMLJHOFFCV96CA,36,212.28,Ｈ２住宅、樓梯間,加強磚造,71年12月20日,三層,見其他登記事項
RPPNMLTKJHOFFDV47CA,24,31.54,套房,鋼筋混凝土造,83年9月30日,八層,八層 陽台
RPPNMLTKJHOFFDV47CA,24,6.07,樓梯間．門房走道,鋼筋混凝土造,83年9月30日,八層,
RPTNMLTKJHOFFAV57CA,,232.97,住家用,鋼筋混凝土造,107年11月8日,四層,一層 二層 三層 四層 見其他登記事項
RPVNMLTKJHOFFAV77CA,,212.12,住宅、樓梯間,鋼筋混凝土造,107年11月8日,三層,一層 二層 三層 見其他登記事項 見其他登記事項
RPVNMLOLJHOFFAV37CA,22,300.08,住家用,鋼筋混凝土造,85年7月2日,四層,一層 二層 三層 四層 騎樓 見其他登記事項
RPPNMLSLJHOFFDV57DA,23,30.87,套房,鋼筋混凝土造,84年7月14日,八層,三層 見其他登記事項
RPPNMLSLJHOFFDV57DA,23,7.44,樓梯．電梯．機械房．水箱．清水池．走道．陽台．屋頂突出物,鋼筋混凝土造,84年7月14日,八層,
RPPNMLMLJHOFFDV86CA,21,35.30,商業用,鋼筋混凝土造,87年3月6日,十五層,十二層 陽台
RPPNMLMLJHOFFDV86CA,21,1.12,機房、樓梯,鋼筋混凝土造,87年3月6日,十五層,
RPPNMLMLJHOFFDV86CA,21,5.57,通道、活動室、樓梯間、門廳、車道、辦公室,鋼筋混凝土造,87年3月6日,十層,
RPPNMLMLJHOFFDV86CA,21,7.21,梯間、通道,鋼筋混凝土造,87年3月6日,十五層,
RPPNMLSLJHOFFCV37CA,17,256.92,Ｈ２農舍,鋼骨造,90年6月26日,二層,一層 二層 陽台
RPPNMLLLJHOFFBV56CA,30,116.33,住家用,鋼筋混凝土造,78年5月16日,三層,一層 二層 三層 騎樓
RPRNMLRKJHOFFAV17CA,24,264.74,停車空間．住宅,鋼筋混凝土造,84年1月28日,五層,一層 二層 三層 四層 五層 見其他登記事項
RPSNMLRKJHOFFAV27CA,35,88.34,集合住宅,鋼筋混凝土造,72年9月23日,四層,三層 陽台
RPSNMLRKJHOFFAV27CA,,4.96,樓梯間,鋼筋混凝土造,,四層,
RPUPMLLJKHOFFAV07CA,24,12.74,車道、警衛室、托兒所、電梯、樓梯,鋼筋混凝土造,84年2月17日,八層,
RPUPMLLJKHOFFAV07CA,24,100.22,集合住宅,鋼筋混凝土造,84年2月17日,八層,五層 陽台 花台
RPUPMLLJKHOFFAV07CA,24,17.65,防空避難室暨停車空間、配電室,鋼筋混凝土造,84年2月17日,八層,
RPQNMLLLJHOFFCV86DA,,33.60,住商用,鐵筋水泥磚,,一層,一層 騎樓
RPPNMLNLJHOFFAV66CA,36,93.60,住家用,加強磚造,71年9月24日,二層,一層 二層
RPVNMLMLJHOFFAV17CA,46,49.97,住家用,水泥磚木蓋瓦,62年1月23日,一層,一層 騎樓 廚房
RPVNMLLLJHOFFAV07CA,,230.95,住家用,鋼筋混凝土造,107年11月8日,四層,一層 二層 三層 四層 見其他登記事項
RPPNMLMLJHOFFAV56CA,26,138.15,住家用,鋼筋混凝土造,82年3月8日,三層,一層 二層 三層
RPSNMLMLJHOFFAV86CA,,186.20,騎樓、Ｈ２住宅,ＲＣ造,107年10月17日,三層,一層 二層 三層 騎樓 見其他登記事項
RPQOMLMLJHOFFAV76CA,1,212.52,住家用,ＲＣ造,107年3月9日,三層,一層 二層 三層 見其他登記事項
RPSNMLPLJHOFFAV17CA,46,34.58,住家用,磚造蓋瓦,62年7月1日,一層,一層
RPPNMLLMJHOFFAV56CA,24,37.52,集合住宅,鋼筋混凝土造,84年3月27日,六層,五層 陽台
RPPNMLLMJHOFFAV56CA,24,13.81,配電室、機械室、電梯、水箱、樓梯、電梯、通廊、車道,鋼筋混凝土造,84年3月27日,六層,
RPWNMLMLJHOFFAV27CA,,197.69,住家用,鋼筋混凝土造,107年11月8日,三層,一層 二層 三層 見其他登記事項
RPXNMLMLJHOFFAV37CA,,198.56,住家用,鋼筋混凝土造,107年11月8日,三層,一層 二層 三層 見其他登記事項
RPOOMLMLJHOFFAV56CA,6,227.60,住家用,鋼筋混凝土造,101年11月14日,三層,一層 二層 三層 見其他登記事項
RPTNMLNLJHOFFAV07CA,47,73.39,住家用,鐵筋水泥磚,61年5月9日,三層,三層
RPPNMLNLJHOFFBV76CA,40,105.50,住家用,加強磚造,68年1月24日,二層,一層 二層 騎樓
RPVPMLLJKHOFFAV17CA,35,100.88,集合住宅,鋼筋混凝土造,72年10月19日,四層,二層 陽台
RPVPMLLJKHOFFAV17CA,,4.63,樓梯間,鋼筋混凝土造,,四層,
RPSNMLTKKHOFFAV57CA,24,203.58,住家用,鋼筋混凝土造,83年8月9日,四層,一層 二層 三層 四層 見其他登記事項
RPQNMLPLJHOFFAV07DA,,48.24,住宅、騎樓,木石磚造（木石）,,一層,一層 騎樓
RPTNMLOLJHOFFAV17CA,1,30.34,停車空間、騎樓、樓梯間、機械室、蓄水池,ＲＣ造,107年3月23日,九層,
RPUNMLOLJHOFFAV27CA,38,121.80,住家用,鋼筋混凝土加強磚造,69年12月26日,二層,一層 二層 騎樓
RPSNMLNLJHOFFAV96CA,24,78.10,集合住宅,鋼筋混凝土造,84年6月1日,五層,三層 見其他登記事項
RPSNMLNLJHOFFAV96CA,24,9.16,停車空間．兼儲藏室（共同使用）,鋼筋混凝土造,84年6月1日,五層,
RPSNMLNLJHOFFAV96CA,24,10.93,樓梯．通廊．瞭望台．水箱．蓄水池（共同使用）,鋼筋混凝土造,84年6月1日,五層,
RPUNMLTLJHOFFAV77CA,23,148.47,住家用,鋼筋混凝土造,84年8月17日,二層,一層 二層 屋頂突出物
RPUOMLLJKHOFFAV96CA,12,254.04,人行道、店舖、住宅、樓梯間,ＲＣ造,95年9月25日,三層,一層 二層 三層 屋頂突出物 騎樓 見其他登記事項
RPSNMLTLJHOFFAV57CA,40,73.83,住家用,加強磚造、木石磚造,67年5月13日,一層,一層
RPPNMLPLJHOFFBV96CA,21,136.12,鄉村住宅,加強磚造,86年8月21日,二層,一層 二層 屋頂突出物
RPVNMLPLJHOFFAV47CA,,212.12,住宅、樓梯間,鋼筋混凝土造,107年11月8日,三層,一層 二層 三層 見其他登記事項 見其他登記事項
RPPNMLKLKHOFFCV66CA,33,166.88,住家用,加強磚造,75年2月4日,二層,一層 二層
RPTNMLTLJHOFFAV67CA,,69.98,住家用,鐵筋水泥磚,,二層,一層 二層
RPQNMLSLJHOFFAV27CA,13,111.88,集合住宅,鋼筋混凝土造,95年3月10日,十層,七層 陽台
RPQNMLSLJHOFFAV27CA,13,85.23,防空避難室、停車空間、梯廳、水箱、走道、社區活動中心、社區管理中心、突出物、儲藏室、機械室、配線室（共同使用部份）,鋼筋混凝土造,95年3月10日,十層,
RPQNMLLKKHOFFCV76CA,14,122.29,鄉村住宅,鋼骨造,93年11月3日,一層,一層
RPWNMLLJKHOFFAV07CA,24,100.22,集合住宅　　,鋼筋混凝土造,83年12月17日,八層,八層 陽台 花台
RPWNMLLJKHOFFAV07CA,24,12.48,通廊，電梯，樓梯，共同使用,鋼筋混凝土造,83年12月17日,八層,
RPWNMLLJKHOFFAV07CA,24,18.65,地下一層（共同使用）防空斗避難室兼停車空間,鋼筋混凝土造,83年12月17日,八層,
RPWNMLLJKHOFFAV07CA,24,9.04,地下二層（共同使用）防空避難室兼停車空間,鋼筋混凝土造,83年12月17日,八層,
RPPOMLLJKHOFFAV09CA,23,168.18,住家用,鋼筋混凝土造,85年1月13日,四層,一層 二層 三層 四層 見其他登記事項
RPRNMLKMJHOFFCV86CA,36,221.54,住家用,鋼筋混凝土造,71年8月3日,三層,一層 二層 三層 騎樓
RPTNMLLJKHOFFAV76CA,1,221.23,住家用,ＲＣ造,107年2月14日,四層,一層 二層 三層 四層 見其他登記事項
SPQNMLLMJHOFFAV76CA,25,11.62,電梯間、樓梯間、避難室、走道,鋼筋混凝土造,82年10月26日,六層,
SPQNMLLMJHOFFAV76CA,25,28.00,集合住宅,鋼筋混凝土造,82年10月26日,六層,六層
TPQNMLLMJHOFFAV86CA,25,11.62,電梯間、樓梯間、避難室、走道,鋼筋混凝土造,82年10月26日,六層,
TPQNMLLMJHOFFAV86CA,25,28.00,集合住宅,鋼筋混凝土造,82年10月26日,六層,六層
RPQNMLLMJHOFFAV66CA,25,28.00,集合住宅,鋼筋混凝土造,82年10月26日,六層,六層
RPQNMLLMJHOFFAV66CA,25,11.62,電梯間、樓梯間、避難室、走道,鋼筋混凝土造,82年10月26日,六層,
RPQNMLLMJHOFFDV96CA,21,35.30,商業用,鋼筋混凝土造,87年3月6日,十層,六層 陽台
RPQNMLLMJHOFFDV96CA,21,1.12,機房、樓梯,鋼筋混凝土造,87年3月6日,十五層,
RPQNMLLMJHOFFDV96CA,21,6.55,梯間、通道,鋼筋混凝土造,87年3月6日,十五層,
RPQNMLLMJHOFFDV96CA,21,5.06,通道、活動室、樓梯間、門廳、車道、辦公室,鋼筋混凝土造,87年3月6日,十層,
RPSNMLSKKHOFFAV47CA,25,106.49,集合住宅,鋼筋混凝土造,83年5月16日,十三層,四層 陽台 露台
RPSNMLSKKHOFFAV47CA,25,.66,樓梯間,鋼筋混凝土造,83年5月16日,十三層,
RPSNMLSKKHOFFAV47CA,25,.33,樓梯間,鋼筋混凝土造,83年5月16日,十三層,
RPSNMLSKKHOFFAV47CA,25,.24,空白,鋼筋混凝土造,83年5月16日,十三層,
RPSNMLSKKHOFFAV47CA,25,.26,樓梯間,鋼筋混凝土造,83年5月16日,十三層,
RPSNMLSKKHOFFAV47CA,25,.26,樓梯間,鋼筋混凝土造,83年5月16日,十三層,
RPSNMLSKKHOFFAV47CA,25,.33,樓梯間,鋼筋混凝土造,83年5月16日,十三層,
RPSNMLSKKHOFFAV47CA,25,.30,空白,鋼筋混凝土造,83年5月16日,十三層,
RPSNMLSKKHOFFAV47CA,25,.13,樓梯間,鋼筋混凝土造,83年5月16日,十三層,
RPSNMLSKKHOFFAV47CA,25,.33,空白,鋼筋混凝土造,83年5月16日,十三層,
RPSNMLSKKHOFFAV47CA,25,.49,樓梯間,鋼筋混凝土造,83年5月16日,十三層,
RPSNMLSKKHOFFAV47CA,25,.26,樓梯間,鋼筋混凝土造,83年5月16日,十三層,
RPSNMLSKKHOFFAV47CA,25,.26,樓梯間,鋼筋混凝土造,83年5月16日,十三層,
RPSNMLSKKHOFFAV47CA,25,.24,空白,鋼筋混凝土造,83年5月16日,十三層,
RPSNMLSKKHOFFAV47CA,25,.26,樓梯間,鋼筋混凝土造,83年5月16日,十三層,
RPSNMLSKKHOFFAV47CA,25,.25,空白,鋼筋混凝土造,83年5月16日,十三層,
RPSNMLSKKHOFFAV47CA,25,.33,樓梯間,鋼筋混凝土造,83年5月16日,十三層,
RPSNMLSKKHOFFAV47CA,25,.46,樓梯間,鋼筋混凝土造,83年5月16日,十三層,
RPSNMLSKKHOFFAV47CA,25,.33,樓梯間,鋼筋混凝土造,83年5月16日,十三層,
RPSNMLSKKHOFFAV47CA,25,.26,樓梯間,鋼筋混凝土造,83年5月16日,十三層,
RPSNMLSKKHOFFAV47CA,25,.26,空白,鋼筋混凝土造,83年5月16日,十三層,
RPSNMLSKKHOFFAV47CA,25,.33,樓梯間,鋼筋混凝土造,83年5月16日,十三層,
RPSNMLSKKHOFFAV47CA,25,.33,樓梯間,鋼筋混凝土造,83年5月16日,十三層,
RPSNMLSKKHOFFAV47CA,25,.13,樓梯間,鋼筋混凝土造,83年5月16日,十三層,
RPSNMLSKKHOFFAV47CA,25,9.74,避難室,鋼筋混凝土造,83年5月16日,十三層,
RPSNMLSKKHOFFAV47CA,25,.33,樓梯間,鋼筋混凝土造,83年5月16日,十三層,
RPSNMLSKKHOFFAV47CA,25,.26,樓梯間,鋼筋混凝土造,83年5月16日,十三層,
RPSNMLSKKHOFFAV47CA,25,.26,樓梯間,鋼筋混凝土造,83年5月16日,十三層,
RPRNMLLKKHOFFAV66CA,44,97.17,住家用,鐵筋水泥磚,63年12月5日,三層,一層 二層 三層
RPSNMLSKKHOFFAV47CA,25,.26,樓梯間,鋼筋混凝土造,83年5月16日,十三層,
RPSNMLSKKHOFFAV47CA,25,.33,樓梯間,鋼筋混凝土造,83年5月16日,十三層,
RPSNMLSKKHOFFAV47CA,25,.33,樓梯間,鋼筋混凝土造,83年5月16日,十三層,
RPSNMLSKKHOFFAV47CA,25,.26,樓梯間,鋼筋混凝土造,83年5月16日,十三層,
RPSNMLSKKHOFFAV47CA,25,.99,樓梯間走道,鋼筋混凝土造,83年5月16日,十三層,
RPROMLLJKHOFFAV66CA,19,178.48,店舖、住宅、騎樓,鋼筋混凝土造,89年3月22日,三層,一層 二層 三層 陽台 騎樓
RPRPMLLJKHOFFAV76CA,1,30.34,停車空間、騎樓、樓梯間、機械室、蓄水池,ＲＣ造,107年3月23日,九層,
RPXNMLLKKHOFFAV27CA,35,130.82,住家用,加強磚造,73年2月21日,二層,一層 二層 騎樓 見其他登記事項
RPPNMLSKKHOFFAV17CA,44,106.72,住家用,鋼筋水泥加強磚造,63年10月18日,二層,一層 二層
RPQNMLTKKHOFFBV47CA,36,43.35,住家用,加強磚造,72年2月15日,一層,一層
RPSNMLLMJHOFFAV86CA,44,43.40,住家用,水泥磚木蓋瓦,63年7月24日,一層,一層 騎樓
RPRNMLSKKHOFFAV37CA,25,83.80,住家用,鋼筋混凝土造,83年6月1日,三層,二層 陽台
RPRNMLSKKHOFFAV37CA,25,9.54,住商用,鋼筋混凝土造,83年6月1日,三層,
RPTPMLLJKHOFFAV96CA,1,30.34,停車空間、騎樓、樓梯間、機械室、蓄水池,ＲＣ造,107年3月23日,九層,
RPWNMLLKKHOFFAV17CA,26,178.03,住家用,鋼筋混凝土造,81年12月28日,三層,一層 二層 三層
RPQNMLMKKHOFFAV66CA,23,131.98,住家用,鋼筋混凝土造,84年12月4日,十六層,七層 陽台
RPQNMLMKKHOFFAV66CA,23,50.22,電梯．樓梯．走道．水箱．機械室．防空避難室及停車間（公共設施．共同使用）,鋼筋混凝土造,84年12月4日,十六層,
RPPNMLNKKHOFFAV66CA,1,246.92,住宅、樓梯間,ＲＣ造,107年7月2日,三層,一層 二層 三層 屋頂突出物 見其他登記事項
RPQNMLSKKHOFFAV37DA,42,35.76,住家用,鋼筋水泥加強磚造,66年5月1日,二層,一層 二層
RPRNMLOKKHOFFAV96CA,9,226.85,住家用,ＲＣ造,98年12月11日,三層,一層 二層 三層 見其他登記事項
RPQNMLLJKHOFFDV76CA,24,31.54,套房,鋼筋混凝土造,83年9月30日,八層,六層 陽台
RPQNMLLJKHOFFDV76CA,24,6.07,樓梯間．門房走道,鋼筋混凝土造,83年9月30日,八層,
RPPNMLLKKHOFFDV76CA,24,3.56,走廊,鋼筋混凝土造,84年1月10日,八層,
RPPNMLLKKHOFFDV76CA,24,30.09,套房,鋼筋混凝土造,84年1月10日,八層,八層 見其他登記事項
RPPNMLLKKHOFFDV76CA,24,7.49,人行樓梯、電梯．大廳．防空避難室．屋頂突出物　,鋼筋混凝土造,84年1月10日,八層,
RPRNMLLKKHOFFDV96CA,31,107.48,住家用,加強磚造,76年10月2日,二層,一層 二層 騎樓 電梯樓梯間
