﻿鄉鎮市區,交易標的,土地位置建物門牌,土地移轉總面積平方公尺,都市土地使用分區,非都市土地使用分區,非都市土地使用編定,交易年月日,交易筆棟數,移轉層次,總樓層數,建物型態,主要用途,主要建材,建築完成年月,建物移轉總面積平方公尺,建物現況格局-房,建物現況格局-廳,建物現況格局-衛,建物現況格局-隔間,有無管理組織,總價元,單價元平方公尺,車位類別,車位移轉總面積(平方公尺),車位總價元,備註,編號,主建物面積,附屬建物面積,陽台面積,電梯,移轉編號
The villages and towns urban district,transaction sign,land sector position building sector house number plate,land shifting total area square meter,the use zoning or compiles and checks,the non-metropolis land use district,non-metropolis land use,transaction year month and day,transaction pen number,shifting level,total floor number,building state,main use,main building materials,construction to complete the years,building shifting total area,Building present situation pattern - room,building present situation pattern - hall,building present situation pattern - health,building present situation pattern - compartmented,Whether there is manages the organization,total price NTD,the unit price (NTD / square meter),the berth category,berth shifting total area square meter,the berth total price NTD,the note,serial number,,,,,
金寧鄉,土地,東洲段586地號,912.87,其他,,,1071025,土地1建物0車位0,,,其他,,,,0.0,0,0,0,有,無,6800000,7449,,0.0,0,,RPSNMLNKJINFFAW96CA,0.0,0.0,0.0,,
金沙鎮,土地,洋山段1023地號,1010.0,其他,,,1071029,土地1建物0車位0,,,其他,,,,0.0,0,0,0,有,無,12000000,11881,,0.0,0,,RPTNMLNKJINFFAW07CA,0.0,0.0,0.0,,
金寧鄉,房地(土地+建物),金門縣金寧鄉西浦頭７９之１２號三樓,51.9,其他,,,1071008,土地1建物1車位0,三層,三層,公寓(5樓含以下無電梯),集合住宅,鋼筋混凝土造,1040430,79.55,3,1,2,有,無,3900000,49032,,0.0,0,,RPUNMLNKJINFFAW17CA,64.89,2.8,5.84,,
金寧鄉,房地(土地+建物),金門縣金寧鄉湖下２１２之８號三樓,38.89,其他,,,1070920,土地2建物1車位0,三層,三層,公寓(5樓含以下無電梯),集合住宅,鋼筋混凝土造,1040528,66.03,2,2,1,有,無,3500000,53006,,0.0,0,,RPVNMLNKJINFFAW27CA,55.27,0.0,5.75,,
金寧鄉,土地,寧湖三劃段250地號,680.0,農,,,1071101,土地1建物0車位0,,,其他,,,,0.0,0,0,0,有,無,4800000,7059,,0.0,0,,RPPNMLQJKINFFAW96CA,0.0,0.0,0.0,,
金湖鎮,土地,尚義段157地號,412.73,農,,,1071029,土地1建物0車位0,,,其他,,,,0.0,0,0,0,有,無,1200000,2907,,0.0,0,,RPQNMLQJKINFFAW07CA,0.0,0.0,0.0,,
金城鎮,房地(土地+建物),金門縣金城鎮西海路三段１０６巷１６弄６號,97.13,其他,,,1071031,土地2建物1車位0,全,三層,透天厝,住家用,鋼筋混凝土造,0990121,152.38,4,3,4,有,無,9200000,60375,,0.0,0,,RPOOMLTLJINFFAW37CA,136.21,2.35,13.82,,
金沙鎮,土地,洋山測段526地號,472.75,農,,,1071112,土地1建物0車位0,,,其他,,,,0.0,0,0,0,有,無,700000,1481,,0.0,0,,RPQNMLPKJINFFAW07DA,0.0,0.0,0.0,,
金湖鎮,房地(土地+建物),金門縣金湖鎮林兜３２５號,123.46,其他,,,1071030,土地2建物1車位0,全,三層,透天厝,住家用,鋼筋混凝土造,1070327,185.26,4,3,4,有,無,7600000,41023,,0.0,0,,RPSNMLQJKINFFAW27CA,173.45,0.0,11.81,,
金湖鎮,房地(土地+建物),金門縣金湖鎮林兜３５１號,100.53,其他,,,1071030,土地2建物1車位0,全,三層,透天厝,住家用,鋼筋混凝土造,1070327,185.26,4,3,4,有,無,7600000,41023,,0.0,0,,RPTNMLQJKINFFAW37CA,173.45,0.0,11.81,,
金湖鎮,房地(土地+建物),金門縣金湖鎮林兜３５２號,100.5,其他,,,1071030,土地2建物1車位0,全,三層,透天厝,住家用,鋼筋混凝土造,1070327,185.67,4,3,4,有,無,7600000,40933,,0.0,0,,RPUNMLQJKINFFAW47CA,173.75,0.0,11.92,,
金寧鄉,土地,寧北一劃段54-10地號,560.0,其他,,,1071024,土地2建物0車位0,,,其他,,,,0.0,0,0,0,有,無,2688000,4800,,0.0,0,,RPXNMLQJKINFFAW77CA,0.0,0.0,0.0,,
金寧鄉,土地,寧北一劃段132-7地號,800.0,其他,,,1071024,土地1建物0車位0,,,其他,,,,0.0,0,0,0,有,無,3840000,4800,,0.0,0,,RPOOMLQJKINFFAW96CA,0.0,0.0,0.0,,
金寧鄉,土地,寧北一劃段54-16地號,164.85,其他,,,1071024,土地1建物0車位0,,,其他,,,,0.0,0,0,0,有,無,791280,4800,,0.0,0,,RPPOMLQJKINFFAW07CA,0.0,0.0,0.0,,
金湖鎮,房地(土地+建物)+車位,金門縣金湖鎮市港五路１３８號十樓之１,22.31,商,,,1071105,土地1建物1車位2,十層,十層,華廈(10層含以下有電梯),集合住宅,鋼筋混凝土造,1051206,158.61,3,2,2,有,無,10500000,66200,坡道機械,17.34,0,土地及建物分次登記案件。前案土地登記收件字號：；,RPSNMLPKJINFFAW17CA,91.42,6.5,3.76,,
烈嶼鄉,土地,庵下測段365-1地號,902.61,其他,,,1071028,土地6建物0車位0,,,其他,,,,0.0,0,0,0,有,無,2650000,2936,,0.0,0,,RPPNMLQKJINFFAW96CA,0.0,0.0,0.0,,
金寧鄉,土地,寧湖三劃段104地號,1000.0,農,,,1071029,土地1建物0車位0,,,其他,,,,0.0,0,0,0,有,無,6200000,6200,,0.0,0,,RPQNMLQKJINFFAW07CA,0.0,0.0,0.0,,
金寧鄉,土地,東洲村段47地號,39.67,住,,,1071104,土地1建物0車位0,,,其他,,,,0.0,0,0,0,有,無,600000,15125,,0.0,0,親友、員工或其他特殊關係間之交易。；,RPQNMLTKJINFFAW37CA,0.0,0.0,0.0,,
金沙鎮,土地,保生段9地號,477.73,住,,,1070928,土地1建物0車位0,,,其他,,,,0.0,0,0,0,有,無,16003955,33500,,0.0,0,,RPPNMLKKKINFFAW09CA,0.0,0.0,0.0,,
金湖鎮,房地(土地+建物),金門縣金湖鎮林兜３０６號,116.96,其他,,,1071030,土地2建物1車位0,全,三層,透天厝,住家用,鋼筋混凝土造,1070327,185.67,4,3,4,有,無,6800000,36624,,0.0,0,,RPVNMLQJKINFFAW57CA,173.75,0.0,11.92,,
金湖鎮,房地(土地+建物),金門縣金湖鎮三谿橋３之５號五樓,114.26,工,,,1071029,土地1建物1車位0,五層,五層,工廠,工廠,鋼筋混凝土造,1070522,196.64,0,0,0,無,無,14257500,,,0.0,0,土地及建物分次登記案件。前案土地登記收件字號：；,RPSNMLKLJINFFAW76CA,76.52,0.0,0.0,,
金寧鄉,土地,寧北一劃段351-3地號,1240.0,其他,,,1071112,土地1建物0車位0,,,其他,,,,0.0,0,0,0,有,無,3800000,3065,,0.0,0,,RPPNMLMLJINFFAW66CA,0.0,0.0,0.0,,
金城鎮,房地(土地+建物),金門縣金城鎮浴井８６號,49.67,其他,,,1071023,土地1建物1車位0,一層,三層,公寓(5樓含以下無電梯),集合住宅,鋼筋混凝土造,1060907,91.22999999999999,3,1,3,有,無,6600000,72353,,0.0,0,,RPSNMLRLJINFFAW47CA,80.68,0.0,4.28,,
金寧鄉,土地,湖尾段251地號,1440.66,農,,,1071105,土地1建物0車位0,,,其他,,,,0.0,0,0,0,有,無,2000000,1388,,0.0,0,無通路之農地,RPRNMLKLJINFFAW66CA,0.0,0.0,0.0,,
金寧鄉,土地,慈湖段162地號,6448.24,其他,,,1071107,土地1建物0車位0,,,其他,,,,0.0,0,0,0,有,無,24503312,3800,,0.0,0,,RPQOMLQJKINFFAW17CA,0.0,0.0,0.0,,
金寧鄉,土地,安岐村段21地號,213.0,住,,,1071113,土地1建物0車位0,,,其他,,,,0.0,0,0,0,有,無,14550000,68310,,0.0,0,含增建或未登記建物。；,RPRNMLRJKINFFAW27CA,0.0,0.0,0.0,,
金沙鎮,土地,北九十劃段438-1地號,493.82,農,,,1071111,土地1建物0車位0,,,其他,,,,0.0,0,0,0,有,無,1800000,3645,,0.0,0,,RPTNMLRLJINFFAW57CA,0.0,0.0,0.0,,
金湖鎮,房地(土地+建物),金門縣金湖鎮塔后２０８之１號,125.03,其他,,,1070926,土地1建物1車位0,全,三層,透天厝,地面層停車空間、住宅。二、三層住宅。,鋼筋混凝土造,0870720,240.15,5,3,4,有,無,10360000,43140,,0.0,0,,RPRNMLLLJINFFAW76CA,229.11,3.68,7.36,,
金城鎮,房地(土地+建物),金門縣金城鎮西海路三段39巷2弄16號3樓,33.2,農,,,1071104,土地1建物1車位0,三層,三層,公寓(5樓含以下無電梯),住家用,鋼筋混凝土加強磚造,0831008,98.14,3,2,2,有,無,4300000,43815,,0.0,0,,RPQNMLMLJINFFAW86DA,89.4,0.0,8.74,,
金城鎮,土地,小西門劃測段621地號,713.99,農,,,1071105,土地2建物0車位0,,,其他,,,,0.0,0,0,0,有,無,4000000,5602,,0.0,0,,RPPNMLRLJINFFAW27DA,0.0,0.0,0.0,,
金湖鎮,房地(土地+建物),金門縣金湖鎮塔后５０１號三樓之１,21.75,其他,,,1071026,土地1建物1車位0,三層,三層,公寓(5樓含以下無電梯),集合住宅,鋼筋混凝土造,1060627,39.910000000000004,1,1,1,有,無,2490000,62390,,0.0,0,土地及建物分次登記案件。前案土地登記收件字號：；,RPVNMLNLJINFFAW37CA,32.68,1.63,0.0,,
金寧鄉,土地,青山段884地號,1294.86,農,,,1071119,土地2建物0車位0,,,其他,,,,0.0,0,0,0,有,無,12910000,9970,,0.0,0,,RPQNMLQLJINFFAW17CA,0.0,0.0,0.0,,
金城鎮,土地,山前段400-1地號,238.45,其他,,,1071113,土地1建物0車位0,,,其他,,,,0.0,0,0,0,有,無,1550000,6500,,0.0,0,,RPRNMLQLJINFFAW27CA,0.0,0.0,0.0,,
金沙鎮,土地,陽宅段1117地號,107.0,其他,,,1071120,土地1建物0車位0,,,其他,,,,0.0,0,0,0,有,無,1300000,12150,,0.0,0,,RPTNMLNLJINFFAW17CA,0.0,0.0,0.0,,
金寧鄉,土地,西堡劃測段51地號,1020.0,農,,,1071105,土地1建物0車位0,,,其他,,,,0.0,0,0,0,有,無,3000000,2941,,0.0,0,,RPUNMLRLJINFFAW67CA,0.0,0.0,0.0,,
金湖鎮,土地,湖前段1415地號,155.65,住,,,1071029,土地1建物0車位0,,,其他,,,,0.0,0,0,0,有,無,3550000,22808,,0.0,0,含增建或未登記建物。；,RPTNMLKMJINFFAW96CA,0.0,0.0,0.0,,
金寧鄉,土地,寧湖三劃段530地號,666.67,其他,,,1071120,土地1建物0車位0,,,其他,,,,0.0,0,0,0,有,無,6700000,10050,,0.0,0,,RPPNMLTLJINFFAW47DA,0.0,0.0,0.0,,
金沙鎮,房地(土地+建物),金門縣金沙鎮陽翟２１９號,104.48,其他,,,1071115,土地2建物1車位0,全,三層,透天厝,集合住宅,鋼筋混凝土造,1070731,177.23,4,3,5,有,無,11750000,66298,,0.0,0,,RPXNMLTLJINFFAW18CA,171.28,0.0,5.95,,
金城鎮,房地(土地+建物),金門縣金城鎮珠浦南路７４巷１０號,25.45,住,,,1071121,土地2建物1車位0,一層,五層,公寓(5樓含以下無電梯),住家用,鋼筋混凝土造,0880317,86.25999999999999,2,1,1,有,無,4500000,52168,,0.0,0,親友、員工或其他特殊關係間之交易。；,RPRNMLOKKINFFAW07CA,71.83,2.64,0.0,,
金寧鄉,土地,盤山村段679地號,132.24,其他,,,1071105,土地1建物0車位0,,,其他,,,,0.0,0,0,0,有,無,6000000,45372,,0.0,0,,RPVNMLTLJINFFAW97CA,0.0,0.0,0.0,,
金城鎮,土地,中一段180地號,150.99,農,,,1071106,土地1建物0車位0,,,其他,,,,0.0,0,0,0,有,無,1500000,9934,,0.0,0,,RPSNMLKMJINFFAW86CA,0.0,0.0,0.0,,
金寧鄉,土地,寧安四劃段189-1地號,373.0,農,,,1071108,土地1建物0車位0,,,其他,,,,0.0,0,0,0,有,無,1000000,2681,,0.0,0,親友、員工或其他特殊關係間之交易。；,RPVNMLNJKINFFAW27CA,0.0,0.0,0.0,,
金沙鎮,土地,北九劃段1412-1地號,90.24,其他,,,1071127,土地2建物0車位0,,,其他,,,,0.0,0,0,0,有,無,480148,5321,,0.0,0,,RPQNMLOJKINFFAW86CA,0.0,0.0,0.0,,
金城鎮,房地(土地+建物),金門縣金城鎮賢聚４０之５號二樓,42.08,其他,,,1071026,土地1建物1車位0,二層,三層,公寓(5樓含以下無電梯),集合住宅,鋼筋混凝土造,1070214,76.92,3,2,2,有,無,5260000,68383,,0.0,0,,RPRNMLOJKINFFAW96CA,65.93,0.0,5.12,,
金城鎮,土地,古坵段946地號,801.2,其他,,,1071116,土地1建物0車位0,,,其他,,,,0.0,0,0,0,有,無,2520000,3145,,0.0,0,,RPPNMLNJKINFFAW66CA,0.0,0.0,0.0,,
金沙鎮,土地,官澳測段678地號,468.12,其他,,,1071105,土地1建物0車位0,,,其他,,,,0.0,0,0,0,有,無,8420000,17987,,0.0,0,,RPRNMLKKKINFFAW66CA,0.0,0.0,0.0,,
金湖鎮,房地(土地+建物)+車位,金門縣金湖鎮赤東路１９號７樓,19.76,住,,,1071105,土地1建物1車位1,七層,十層,華廈(10層含以下有電梯),集合住宅,鋼筋混凝土造,1041201,123.25,2,2,1,有,無,6600000,53550,坡道平面,23.48,0,,RPPNMLNKKINFFAW76CA,65.94,5.35,5.51,,
金湖鎮,房地(土地+建物),金門縣金湖鎮林兜３１６號,100.09,其他,,,1071022,土地2建物1車位0,全,三層,透天厝,住家用,鋼筋混凝土造,1070327,185.67,4,3,4,有,無,10700000,57629,,0.0,0,,RPQNMLPJKINFFAW96CA,173.75,0.0,11.92,,
金湖鎮,土地,湖前段207地號,973.05,農,,,1071130,土地1建物0車位0,,,其他,,,,0.0,0,0,0,有,無,14000000,14388,,0.0,0,,RPSNMLPJKINFFAW27DA,0.0,0.0,0.0,,
金寧鄉,土地,寧湖三劃段632-28地號,90.81,其他,,,1071129,土地1建物0車位0,,,其他,,,,0.0,0,0,0,有,無,726480,8000,,0.0,0,,RPRNMLQJKINFFAW27DA,0.0,0.0,0.0,,
金沙鎮,房地(土地+建物),金門縣金沙鎮沙美260號,38.37,住,,,1071110,土地1建物1車位0,一層,三層,公寓(5樓含以下無電梯),集合住宅,鋼筋混凝土造,1060817,73.99,2,1,2,有,無,4800000,64874,,0.0,0,,RPRNMLLLKINFFAW96DA,58.67,0.0,1.77,,
金湖鎮,建物,金門縣金湖鎮三谿橋３之５號,0.0,,,,1071122,土地0建物1車位0,一層,五層,工廠,工廠,鋼筋混凝土造,1070522,272.45,0,0,0,無,無,11540000,,,0.0,0,,RPWNMLQJKINFFAW67CA,152.44,0.0,0.0,,
金湖鎮,房地(土地+建物),金門縣金湖鎮武德新莊１４７號三樓,28.78,住,,,1071123,土地0建物1車位0,三層,五層,公寓(5樓含以下無電梯),集合住宅,鋼筋混凝土造,0990712,97.56,3,2,2,有,無,5450000,55863,,0.0,0,,RPQNMLKKKINFFAW56CA,77.09,0.0,8.01,,
烈嶼鄉,土地,陵水湖測段319地號,752.82,農,,,1071123,土地1建物0車位0,,,其他,,,,0.0,0,0,0,有,無,1250000,1660,,0.0,0,,RPUNMLKKKINFFAW96CA,0.0,0.0,0.0,,
金沙鎮,房地(土地+建物)+車位,金門縣金沙鎮東店１９號二樓,63.05,住,,,1071123,土地1建物1車位1,二層,三層,公寓(5樓含以下無電梯),集合住宅,鋼筋混凝土造,1060112,143.8,3,1,2,有,無,4800000,33380,坡道平面,19.95,0,,RPSNMLNKKINFFAW07CA,81.71,0.0,5.47,,
金沙鎮,土地,中蘭劃測段612地號,490.01,農,,,1071123,土地1建物0車位0,,,其他,,,,0.0,0,0,0,有,無,1800000,3673,,0.0,0,,RPRNMLNKKINFFAW96CA,0.0,0.0,0.0,,
金寧鄉,土地,寧北一劃段262地號,978.15,農,,,1071205,土地1建物0車位0,,,其他,,,,0.0,0,0,0,有,無,3700000,3783,,0.0,0,,RPSNMLKKKINFFAW86DA,0.0,0.0,0.0,,
金城鎮,土地,珠山段539地號,986.57,其他,,,1071204,土地1建物0車位0,,,其他,,,,0.0,0,0,0,有,無,1580000,1602,,0.0,0,親友、員工或其他特殊關係間之交易。；,RPUNMLNKKINFFAW27CA,0.0,0.0,0.0,,
金城鎮,土地,北一段142地號,1000.15,農,,,1071120,土地2建物0車位0,,,其他,,,,0.0,0,0,0,有,無,17250000,17247,,0.0,0,,RPQNMLNKKINFFAW86CA,0.0,0.0,0.0,,
金湖鎮,房地(土地+建物),金門縣金湖鎮林兜３０９號,100.25,其他,,,1071116,土地2建物1車位0,全,三層,透天厝,住家用,鋼筋混凝土造,1070327,185.26,4,3,4,有,無,10600000,57217,,0.0,0,,RPQNMLMKKINFFAW76CA,173.45,0.0,11.81,,
金湖鎮,房地(土地+建物),金門縣金湖鎮林兜３３１號,100.53,其他,,,1071116,土地2建物1車位0,全,三層,透天厝,住家用,鋼筋混凝土造,1070327,185.67,4,3,4,有,無,8600000,46319,,0.0,0,,RPRNMLMKKINFFAW86CA,173.75,0.0,11.92,,
金寧鄉,土地,湖尾段251地號,1440.66,農,,,1071126,土地1建物0車位0,,,其他,,,,0.0,0,0,0,有,無,2500000,1735,,0.0,0,,RPPNMLLKKINFFAW56CA,0.0,0.0,0.0,,
金湖鎮,房地(土地+建物),金門縣金湖鎮林兜３３０號,100.55,其他,,,1071116,土地2建物1車位0,全,三層,透天厝,住家用,鋼筋混凝土造,1070327,185.67,4,3,4,有,無,10600000,57091,,0.0,0,,RPPNMLMKKINFFAW66CA,173.75,0.0,11.92,,
金城鎮,土地,庵前劃測段398地號,1115.41,農,,,1071117,土地1建物0車位0,,,其他,,,,0.0,0,0,0,有,無,1500000,1345,,0.0,0,受債權債務影響或債務抵償之交易。；,RPWNMLNKKINFFAW47CA,0.0,0.0,0.0,,
金城鎮,房地(土地+建物),金門縣金城鎮西海路三段７２巷３弄１６號,25.75,其他,,,1071119,土地1建物1車位0,一層,二層,公寓(5樓含以下無電梯),住家用,鋼筋混凝土造,0840529,76.1,3,1,1,有,無,3250000,42707,,0.0,0,,RPXNMLNKKINFFAW57CA,73.76,2.34,0.0,,
金寧鄉,土地,寧安二劃段357地號,1000.0,農,,,1071204,土地1建物0車位0,,,其他,,,,0.0,0,0,0,有,無,6500000,6500,,0.0,0,,RPPNMLKLKINFFAW56CA,0.0,0.0,0.0,,
金湖鎮,房地(土地+建物),金門縣金湖鎮市港一路２０５號,77.14,其他,,,1071128,土地3建物1車位0,全,三層,透天厝,集合住宅,鋼筋混凝土造,0990730,150.65,5,2,3,有,無,8500000,56422,,0.0,0,,RPUNMLKLKINFFAW07CA,135.75,8.91,5.99,,
金寧鄉,土地,寧古劃段1278地號,619.0,其他,,,1071128,土地1建物0車位0,,,其他,,,,0.0,0,0,0,有,無,2200000,3554,,0.0,0,,RPPNMLRKKINFFAW17CA,0.0,0.0,0.0,,
金寧鄉,土地,寧古劃段1343地號,592.0,其他,,,1071128,土地1建物0車位0,,,其他,,,,0.0,0,0,0,有,無,1800000,3041,,0.0,0,,RPQNMLRKKINFFAW27CA,0.0,0.0,0.0,,
金寧鄉,房地(土地+建物),金門縣金寧鄉下堡１９１號,19.92,其他,,,1071008,土地1建物1車位0,一層,三層,公寓(5樓含以下無電梯),集合住宅,鋼筋混凝土造,1031113,36.089999999999996,1,1,1,有,無,2280000,63175,,0.0,0,土地及建物分次登記案件。前案土地登記收件字號：；,RPTNMLRKKINFFAW57CA,28.94,0.0,2.78,,
金寧鄉,土地,寧湖三劃段311地號,1000.0,農,,,1071212,土地1建物0車位0,,,其他,,,,0.0,0,0,0,有,無,6200000,6200,,0.0,0,,RPTNMLQLKINFFAW57CA,0.0,0.0,0.0,,
烈嶼鄉,土地,東坑段187地號,372.0,其他,,,1071112,土地1建物0車位0,,,其他,,,,0.0,0,0,0,有,無,6800000,18280,,0.0,0,,RPVNMLQLKINFFAW77CA,0.0,0.0,0.0,,
金城鎮,土地,水頭段247地號,423.15,農,,,1071127,土地2建物0車位0,,,其他,,,,0.0,0,0,0,有,無,5500000,12998,,0.0,0,,RPOOMLTKKINFFAW47DA,0.0,0.0,0.0,,
金湖鎮,車位,金門縣金湖鎮環島南路五段１６５巷５弄２１號,0.0,,,,1071121,土地0建物0車位1,,,其他,,,,39.24,0,0,0,有,有,350000,,坡道平面,39.24,350000,單獨車位交易。；,RPPNMLSKKINFFAW27CA,0.0,0.0,0.0,,
金湖鎮,車位,金門縣金湖鎮環島南路五段１６５巷５弄２１號,0.0,,,,1071121,土地0建物0車位1,,,其他,,,,39.24,0,0,0,有,有,350000,,坡道平面,39.24,350000,單獨車位交易。；,RPQNMLSKKINFFAW37CA,0.0,0.0,0.0,,
金湖鎮,車位,金門縣金湖鎮環島南路五段１６５巷５弄２１號,0.0,,,,1071121,土地0建物0車位1,,,其他,,,,39.24,0,0,0,有,有,350000,,坡道平面,39.24,350000,單獨車位交易。；,RPRNMLSKKINFFAW47CA,0.0,0.0,0.0,,
金城鎮,土地,古崗段1198地號,406.82,其他,,,1071127,土地2建物0車位0,,,其他,,,,0.0,0,0,0,有,無,690000,1696,,0.0,0,,RPXNMLTKKINFFAW18CA,0.0,0.0,0.0,,
金沙鎮,土地,官澳測段548地號,2247.91,農,,,1071121,土地7建物0車位0,,,其他,,,,0.0,0,0,0,有,無,1680000,747,,0.0,0,,RPSNMLKLKINFFAW86CA,0.0,0.0,0.0,,
金湖鎮,房地(土地+建物),金門縣金湖鎮林兜３１８號,100.53,其他,,,1071205,土地2建物1車位0,全,三層,透天厝,住家用,鋼筋混凝土造,1070327,185.67,4,3,4,有,無,7600000,40933,,0.0,0,,RPQNMLKLKINFFAW66CA,173.75,0.0,11.92,,
金城鎮,房地(土地+建物),金門縣金城鎮西海路３５巷２５號,374.0,其他,,,1071126,土地1建物1車位0,全,三層,透天厝,農舍,鋼筋混凝土造,1020918,332.51,9,1,10,有,無,21750000,65412,,0.0,0,,RPRNMLKLKINFFAW76CA,330.17,0.0,2.34,,
金城鎮,土地,后豐港段375-1地號,872.96,其他,,,1071206,土地1建物0車位0,,,其他,,,,0.0,0,0,0,有,無,19700000,22567,,0.0,0,,RPRNMLTKKINFFAW57CA,0.0,0.0,0.0,,
金寧鄉,土地,后垵段600地號,2893.86,農,,,1070831,土地3建物0車位0,,,其他,,,,0.0,0,0,0,有,無,13000000,4492,,0.0,0,,RPSNMLTKKINFFAW67CA,0.0,0.0,0.0,,
金沙鎮,土地,官澳測段670-1地號,841.82,農,,,1071130,土地14建物0車位0,,,其他,,,,0.0,0,0,0,有,無,1300000,1544,,0.0,0,受債權債務影響或債務抵償之交易。；,RPTNMLTKKINFFAW77CA,0.0,0.0,0.0,,
金寧鄉,房地(土地+建物),金門縣金寧鄉慈湖路一段２０７號,88.83,住,,,1071205,土地1建物1車位0,全,三層,透天厝,住家用,鋼筋混凝土造,0911007,180.93,4,2,4,有,無,2500000,13817,,0.0,0,親友、員工或其他特殊關係間之交易。；,RPVNMLMLKINFFAW37CA,180.93,0.0,0.0,,
金寧鄉,房地(土地+建物),金門縣金寧鄉湖下２３６之１號,49.12,住,,,1071116,土地1建物1車位0,一層,三層,公寓(5樓含以下無電梯),集合住宅,鋼筋混凝土造,1051228,87.22,3,1,2,有,無,4200000,48154,,0.0,0,,RPPNMLOLKINFFAW96CA,71.78,0.0,5.72,,
金湖鎮,房地(土地+建物),金門縣金湖鎮市港三路155號2樓之1,110.08,住,,,1071213,土地1建物4車位0,二層,八層,華廈(10層含以下有電梯),集合住宅,鋼筋混凝土造,1060412,352.5,3,2,2,有,無,22000000,62411,,0.0,0,,RPPNMLQKJHOFFAW07DA,240.82,0.0,7.27,,
金城鎮,房地(土地+建物),金門縣金城鎮民權路２２６巷２弄１２號十樓之５,30.92,住,,,1070720,土地2建物1車位0,十層,十一層,住宅大樓(11層含以上有電梯),集合住宅,鋼筋混凝土造,1051104,161.04000000000002,4,2,2,有,有,18500000,114878,,0.0,0,,RPPNMLTJJHOFFAW17CA,107.66,0.0,11.96,,
金城鎮,房地(土地+建物),金門縣金城鎮民權路２２６巷２弄１２號十樓之３,30.78,住,,,1070720,土地2建物1車位0,十層,十一層,住宅大樓(11層含以上有電梯),集合住宅,鋼筋混凝土造,1051104,160.25,4,2,2,有,有,18420000,114945,,0.0,0,,RPQNMLTJJHOFFAW27CA,107.7,0.0,11.33,,
金寧鄉,房地(土地+建物),金門縣金寧鄉湖南１３之１５號二樓,48.38,其他,,,1071203,土地1建物1車位0,二層,三層,公寓(5樓含以下無電梯),集合住宅,鋼筋混凝土造,1070816,87.99000000000001,2,2,2,有,無,5100000,57961,,0.0,0,,RPXNMLMLKINFFAW57CA,71.63,0.0,9.18,,
金寧鄉,土地,寧古劃段848地號,500.0,其他,,,1071130,土地1建物0車位0,,,其他,,,,0.0,0,0,0,有,無,1450000,2900,,0.0,0,,RPPNMLNLKINFFAW86CA,0.0,0.0,0.0,,
金寧鄉,房地(土地+建物),金門縣金寧鄉湖南１３之１５號,48.38,其他,,,1071203,土地1建物1車位0,一層,三層,公寓(5樓含以下無電梯),集合住宅,鋼筋混凝土造,1070816,87.99000000000001,2,2,2,有,無,5480000,62280,,0.0,0,,RPRNMLMLKINFFAW96CA,71.63,0.0,9.18,,
金寧鄉,房地(土地+建物),金門縣金寧鄉湖南１３之１５號三樓,61.97,其他,,,1071203,土地1建物1車位0,三層，見其他登記事項,三層,公寓(5樓含以下無電梯),集合住宅,鋼筋混凝土造,1070816,115.88,3,2,2,有,無,7050000,60839,,0.0,0,,RPWNMLMLKINFFAW47CA,94.12,0.0,9.18,,
金寧鄉,房地(土地+建物),金門縣金寧鄉湖南１３之１７號二樓,48.38,其他,,,1071203,土地1建物1車位0,二層,三層,公寓(5樓含以下無電梯),集合住宅,鋼筋混凝土造,1070816,87.99000000000001,2,2,2,有,無,5100000,57961,,0.0,0,,RPQNMLOLKINFFAW07CA,71.63,0.0,9.18,,
金湖鎮,土地,湖前段25-1地號,308.3,其他,,,1071217,土地2建物0車位0,,,其他,,,,0.0,0,0,0,有,無,4150000,13461,,0.0,0,,RPPNMLLLKINFFAW66CA,0.0,0.0,0.0,,
金寧鄉,房地(土地+建物),金門縣金寧鄉湖南１３之１６號三樓,61.97,其他,,,1071203,土地1建物1車位0,三層，見其他登記事項,三層,公寓(5樓含以下無電梯),集合住宅,鋼筋混凝土造,1070816,115.88,3,2,2,有,無,7050000,60839,,0.0,0,,RPUNMLMLKINFFAW27CA,94.12,0.0,9.18,,
金寧鄉,房地(土地+建物),金門縣金寧鄉湖南１３之１６號二樓,48.38,其他,,,1071203,土地1建物1車位0,二層,三層,公寓(5樓含以下無電梯),集合住宅,鋼筋混凝土造,1070816,87.99000000000001,2,2,2,有,無,5100000,57961,,0.0,0,,RPQNMLMLKINFFAW86CA,71.63,0.0,9.18,,
金寧鄉,房地(土地+建物),金門縣金寧鄉湖南１３之１８號二樓,48.38,其他,,,1071203,土地1建物1車位0,二層,三層,公寓(5樓含以下無電梯),集合住宅,鋼筋混凝土造,1070816,87.99000000000001,2,2,2,有,無,5060000,57507,,0.0,0,,RPSNMLMLKINFFAW07CA,71.63,0.0,9.18,,
金湖鎮,房地(土地+建物),金門縣金湖鎮市港三路２３３號二樓,21.2,住,,,1071210,土地1建物1車位0,二層,八層,華廈(10層含以下有電梯),集合住宅,鋼筋混凝土造,1050421,106.25,3,2,2,有,無,6880000,64753,,0.0,0,土地及建物分次登記案件。前案土地登記收件字號：；,RPRNMLPLKINFFAW27CA,71.91,2.08,8.06,,
金湖鎮,房地(土地+建物),金門縣金湖鎮湖前３０６號,59.8,其他,,,1071205,土地2建物1車位0,全,三層,透天厝,集合住宅,鋼筋混凝土造,1021011,143.68,3,3,3,有,無,11000000,76559,,0.0,0,,RPTNMLPLKINFFAW47CA,133.21,4.8,5.67,,
金沙鎮,土地,陽宅段295地號,885.77,農,,,1071130,土地1建物0車位0,,,其他,,,,0.0,0,0,0,有,無,1700000,1919,,0.0,0,,RPVNMLOLKINFFAW57CA,0.0,0.0,0.0,,
金湖鎮,土地,小徑段1054-1地號,34.83,住,,,1071119,土地1建物0車位0,,,其他,,,,0.0,0,0,0,有,無,1490000,42779,,0.0,0,建商與地主合建案。；,RPPNMLQLKINFFAW17CA,0.0,0.0,0.0,,
金湖鎮,建物,金門縣金湖鎮小徑１２７號二樓,0.0,,,,1071119,土地0建物1車位0,二層,三層,公寓(5樓含以下無電梯),集合住宅,鋼筋混凝土造,1061225,57.95,0,0,0,無,無,1490000,25712,,0.0,0,建商與地主合建案。；,RPQNMLQLKINFFAW27CA,39.11,0.0,6.17,,
金湖鎮,土地,小徑段1054-1地號,34.83,住,,,1071214,土地1建物0車位0,,,其他,,,,0.0,0,0,0,有,無,1500000,43066,,0.0,0,建商與地主合建案。；,RPRNMLQLKINFFAW37CA,0.0,0.0,0.0,,
金湖鎮,建物,金門縣金湖鎮小徑１２７號,0.0,,,,1071214,土地0建物1車位0,一層,三層,公寓(5樓含以下無電梯),集合住宅,鋼筋混凝土造,1061225,51.78,0,0,0,無,無,1500000,28969,,0.0,0,建商與地主合建案。；,RPSNMLQLKINFFAW47CA,39.11,0.0,0.0,,
烈嶼鄉,土地,東林段614-3地號,70.11,其他,,,1071217,土地1建物0車位0,,,其他,,,,0.0,0,0,0,有,無,2000000,28527,,0.0,0,,RPSNMLPLKINFFAW37CA,0.0,0.0,0.0,,
金湖鎮,房地(土地+建物),金門縣金湖鎮國順街７號,80.69,其他,,,1071205,土地1建物1車位0,一層，二層,二層,店面(店鋪),住商用,鋼筋混凝土造,0760310,152.76,3,1,2,有,無,8500000,55643,,0.0,0,,RPUNMLQLKINFFAW67CA,152.76,0.0,0.0,,
金寧鄉,土地,寧湖三劃段311地號,1000.0,農,,,1071217,土地1建物0車位0,,,其他,,,,0.0,0,0,0,有,無,8800000,8800,,0.0,0,,RPPNMLRLKINFFAW27CA,0.0,0.0,0.0,,
金湖鎮,房地(土地+建物),金門縣金湖鎮赤東路１５０號二樓,30.32,住,,,1071030,土地1建物1車位0,二層,六層,華廈(10層含以下有電梯),集合住宅,鋼筋混凝土造,1070809,119.64,3,2,2,有,無,7200000,60181,,0.0,0,,RPRNMLRLKINFFAW47CA,84.6,0.0,3.76,,
金湖鎮,房地(土地+建物),金門縣金湖鎮赤東路１５０號三樓,30.32,住,,,1071030,土地1建物1車位0,三層,六層,華廈(10層含以下有電梯),集合住宅,鋼筋混凝土造,1070809,125.38,3,2,2,有,無,7600000,60616,,0.0,0,,RPSNMLRLKINFFAW57CA,84.6,0.0,9.5,,
金湖鎮,房地(土地+建物),金門縣金湖鎮赤東路１５０號四樓,30.32,住,,,1071030,土地1建物1車位0,四層,六層,華廈(10層含以下有電梯),集合住宅,鋼筋混凝土造,1070809,125.38,3,2,2,有,無,7500000,59818,,0.0,0,,RPTNMLRLKINFFAW67CA,84.6,0.0,9.5,,
金湖鎮,房地(土地+建物),金門縣金湖鎮赤東路１５０號五樓,30.32,住,,,1071030,土地1建物1車位0,五層,六層,華廈(10層含以下有電梯),集合住宅,鋼筋混凝土造,1070809,125.38,3,2,2,有,無,8000000,63806,,0.0,0,,RPUNMLRLKINFFAW77CA,84.6,0.0,9.5,,
金湖鎮,房地(土地+建物),金門縣金湖鎮赤東路１５０號六樓,30.32,住,,,1071030,土地1建物1車位0,六層,六層,華廈(10層含以下有電梯),集合住宅,鋼筋混凝土造,1070809,125.38,3,2,2,有,無,8800000,70187,,0.0,0,,RPVNMLRLKINFFAW87CA,84.6,0.0,9.5,,
金湖鎮,房地(土地+建物),金門縣金湖鎮赤東路１５０號,58.38,住,,,1071030,土地1建物1車位0,一層，見其他登記事項,六層,店面(店鋪),店舖,鋼筋混凝土造,1070809,214.10000000000002,3,2,2,有,無,17380000,81177,,0.0,0,,RPWNMLRLKINFFAW97CA,103.62,0.0,0.0,,
金沙鎮,土地,沙港劃段119地號,1000.06,農,,,1071130,土地1建物0車位0,,,其他,,,,0.0,0,0,0,有,無,4700000,4700,,0.0,0,,RPXNMLRLKINFFAW08CA,0.0,0.0,0.0,,
金寧鄉,房地(土地+建物),金門縣金寧鄉前厝４７號,41.67,其他,,,1071206,土地1建物1車位0,一層,三層,公寓(5樓含以下無電梯),集合住宅,鋼筋混凝土造,1030722,71.36,3,1,2,有,無,4900000,68666,,0.0,0,,RPOOMLRLKINFFAW27CA,60.03,0.0,6.11,,
金寧鄉,房地(土地+建物),金門縣金寧鄉盤果路２５號,102.25,住,,,1071206,土地2建物1車位0,全,三層,透天厝,住家用,鋼筋混凝土造,1051123,172.43,4,1,4,有,無,14500000,84092,,0.0,0,,RPQNMLOJJHOFFAW76CA,143.31,0.0,29.12,,
金寧鄉,土地,寧湖三劃段833-5地號,491.14,其他,,,1071220,土地1建物0車位0,,,其他,,,,0.0,0,0,0,有,無,5000000,10180,,0.0,0,,RPTNMLOJJHOFFAW07CA,0.0,0.0,0.0,,
金寧鄉,房地(土地+建物),金門縣金寧鄉上后垵113號3樓,32.44,其他,,,1071220,土地1建物1車位0,三層,三層,公寓(5樓含以下無電梯),集合住宅,鋼筋混凝土造,1051223,63.82,2,1,2,有,無,3800000,59542,,0.0,0,,RPQNMLMJJHOFFAW76EA,51.43,0.0,6.53,,
金寧鄉,房地(土地+建物),金門縣金寧鄉上后垵112號,32.44,其他,,,1071220,土地1建物1車位0,一層,三層,公寓(5樓含以下無電梯),集合住宅,鋼筋混凝土造,1051223,62.01,2,1,2,有,無,4000000,64495,,0.0,0,,SPQNMLMJJHOFFAW86EA,56.15,0.0,0.0,,
金城鎮,房地(土地+建物),金門縣金城鎮賢聚４２之５號三樓,49.65,其他,,,1071213,土地1建物1車位0,三層,四層,華廈(10層含以下有電梯),集合住宅,鋼筋混凝土造,1070213,102.78,3,2,2,有,無,6600000,64215,,0.0,0,,RPRNMLSLKINFFAW57CA,78.41,0.0,7.72,,
金湖鎮,土地,北五劃段44地號,709.54,其他,,,1071116,土地1建物0車位0,,,其他,,,,0.0,0,0,0,有,無,4125000,5814,,0.0,0,向政府機關承購之案件。；,RPRNMLPKJHOFFAW07CA,0.0,0.0,0.0,,
金城鎮,土地,東沙段647地號,368.3,其他,,,1071214,土地1建物0車位0,,,其他,,,,0.0,0,0,0,有,無,1280000,3475,,0.0,0,,RPPNMLMJJHOFFAW09CA,0.0,0.0,0.0,,
金寧鄉,土地,榜林村段122-1地號,74.67,其他,,,1071225,土地1建物0車位0,,,其他,,,,0.0,0,0,0,有,無,3580000,47944,,0.0,0,,RPTNMLSJJHOFFAW57DA,0.0,0.0,0.0,,
金城鎮,房地(土地+建物),金門縣金城鎮東門里林湖路2983號,91.3,住,,,1071224,土地1建物1車位0,全,三層,透天厝,住家用,鋼筋混凝土造,1041112,178.68,5,2,5,有,無,10000000,55966,,0.0,0,,RPPNMLRJJHOFFAW07DA,173.9,0.0,4.78,,
金城鎮,土地,古坵段952地號,108.0,其他,,,1071204,土地1建物0車位0,,,其他,,,,0.0,0,0,0,有,無,3920400,36300,,0.0,0,,RPQNMLLMJHOFFAW76CA,0.0,0.0,0.0,,
金寧鄉,房地(土地+建物),金門縣金寧鄉埔邊３９號三樓,63.67,住,,,1071205,土地1建物1車位0,三層,三層,公寓(5樓含以下無電梯),集合住宅,鋼筋混凝土造,1021227,123.67,3,1,2,有,無,8700000,70349,,0.0,0,,RPRNMLOJJHOFFAW86CA,98.8,0.0,19.15,,
金寧鄉,房地(土地+建物),金門縣金寧鄉埔邊１７之８號二樓,15.81,農,,,1071130,土地1建物1車位0,二層,三層,套房(1房1廳1衛),集合住宅,鋼筋混凝土造,1040722,40.489999999999995,1,0,1,有,無,2600000,64213,,0.0,0,,RPSNMLOJJHOFFAW96CA,18.83,0.0,2.23,,
金城鎮,土地,天后宮段543地號,327.49,住,,,1071210,土地4建物0車位0,,,其他,,,,0.0,0,0,0,有,無,8779510,26808,,0.0,0,親友、員工或其他特殊關係間之交易。；,RPSNMLQKJHOFFAW27CA,0.0,0.0,0.0,,
金寧鄉,房地(土地+建物),金門縣金寧鄉湖南１３之１７號,48.38,其他,,,1071207,土地1建物1車位0,一層,三層,公寓(5樓含以下無電梯),集合住宅,鋼筋混凝土造,1070816,87.99000000000001,2,2,2,有,無,5450000,61939,,0.0,0,,RPRNMLSJJHOFFAW27CA,71.63,0.0,9.18,,
金城鎮,房地(土地+建物),金門縣金城鎮珠浦西路６巷６弄６號４樓,23.03,住,,,1071207,土地1建物1車位0,四層,五層,公寓(5樓含以下無電梯),集合住宅,鋼筋混凝土造,0981006,78.75999999999999,2,2,2,有,無,5200000,66023,,0.0,0,親友、員工或其他特殊關係間之交易。；,RPRNMLLKJHOFFAW66CA,64.77,0.0,6.05,,
金城鎮,房地(土地+建物),金門縣金城鎮珠浦西路６巷６弄７號４樓,23.03,住,,,1071207,土地1建物1車位0,四層,五層,公寓(5樓含以下無電梯),集合住宅,鋼筋混凝土造,0981006,78.75999999999999,2,2,2,有,無,5200000,66023,,0.0,0,親友、員工或其他特殊關係間之交易。；,RPSNMLLKJHOFFAW76CA,64.77,0.0,6.05,,
金寧鄉,房地(土地+建物),金門縣金寧鄉湖南１３之１６號,48.38,其他,,,1071206,土地1建物1車位0,一層,三層,公寓(5樓含以下無電梯),集合住宅,鋼筋混凝土造,1070816,87.99000000000001,2,2,2,有,無,5450000,61939,,0.0,0,,RPQNMLSJJHOFFAW17CA,71.63,0.0,9.18,,
金湖鎮,房地(土地+建物),金門縣金寧鄉埔後１２９之２８號,577.18,農,,,1071227,土地3建物1車位0,全,三層,透天厝,集村農舍,鋼筋混凝土造,1021205,210.68,4,2,4,有,無,12000000,56958,,0.0,0,買方另付土地增值稅,RPPNMLKKJHOFFAW98CA,186.61,0.0,24.07,,
金城鎮,土地,山前段465地號,52.0,農,,,1071130,土地1建物0車位0,,,其他,,,,0.0,0,0,0,有,無,200000,3846,,0.0,0,,RPSNMLSJJHOFFAW37CA,0.0,0.0,0.0,,
金城鎮,土地,后豐港段383-1地號,898.13,其他,,,1071220,土地8建物0車位0,,,其他,,,,0.0,0,0,0,有,無,18500000,20598,,0.0,0,包含公共設施保留地之交易。；1.另有買受人2.本筆買賣之土地係金門縣1-1計劃道路新闢工程用地價購範圍內之土地可交換后豐新村之可建築用地,RPRNMLKKJHOFFAW56CA,0.0,0.0,0.0,,
金城鎮,房地(土地+建物),金門縣金城鎮民族路２４６巷３號,15.7,其他,,,1071228,土地1建物1車位0,一層,四層,公寓(5樓含以下無電梯),一般事務所,鋼筋混凝土造,1040811,43.21,1,1,1,有,無,3000000,69428,,0.0,0,,RPVNMLKKJHOFFAW96CA,32.23,0.0,4.16,,
金寧鄉,土地,寧湖三劃段129地號,960.7,農,,,1071228,土地1建物0車位0,,,其他,,,,0.0,0,0,0,有,無,4400000,4580,,0.0,0,,RPWNMLKKJHOFFAW07CA,0.0,0.0,0.0,,
金城鎮,房地(土地+建物),金門縣金城鎮古城里金門城33之3號,61.67,住,,,1060111,土地1建物1車位0,一層,三層,公寓(5樓含以下無電梯),集合住宅,鋼筋混凝土造,1070913,86.2,3,2,2,有,無,4850000,56265,,0.0,0,,RPQNMLLKJHOFFAW66DA,79.34,0.0,0.0,,
金城鎮,房地(土地+建物),金門縣金城鎮南門里民權路48號,77.61,商,,,1071213,土地2建物1車位0,全,三層,透天厝,住商用,鋼筋混凝土造,0680415,180.0,5,3,3,有,無,5000000,27778,,0.0,0,親友、員工或其他特殊關係間之交易。；,RPSOMLLKJHOFFAW96DA,180.0,0.0,0.0,,
金湖鎮,土地,新市段121地號,1028.21,其他,,,1070920,土地6建物0車位0,,,其他,,,,0.0,0,0,0,有,無,62200000,60493,,0.0,0,,RPVNMLLMJHOFFAW37DA,0.0,0.0,0.0,,
金城鎮,土地,古坵段791地號,1760.8,農,,,1071212,土地3建物0車位0,,,其他,,,,0.0,0,0,0,有,無,2700000,1533,,0.0,0,,RPPNMLLKJHOFFAW09CA,0.0,0.0,0.0,,
金寧鄉,房地(土地+建物),金門縣金寧鄉下埔下１２３號,105.28,其他,,,1071221,土地1建物1車位0,全,三層,透天厝,住家用,鋼筋混凝土造,1031124,162.73,5,1,4,有,無,10000000,61451,,0.0,0,,RPQNMLKKJHOFFAW09CA,157.22,2.43,3.08,,
金寧鄉,土地,寧古劃段880地號,980.0,其他,,,1071222,土地2建物0車位0,,,其他,,,,0.0,0,0,0,有,無,2650000,2704,,0.0,0,,RPPNMLNKJHOFFAW66CA,0.0,0.0,0.0,,
金寧鄉,土地,古寧頭段534地號,1585.18,其他,,,1080110,土地5建物0車位0,,,其他,,,,0.0,0,0,0,有,無,3250000,2050,,0.0,0,親友、員工或其他特殊關係間之交易。；,RPUNMLSKJHOFFAW67CA,0.0,0.0,0.0,,
金湖鎮,房地(土地+建物)+車位,金門縣金湖鎮市港三路２３７號五樓,24.94,住,,,1071227,土地1建物1車位2,五層,八層,華廈(10層含以下有電梯),集合住宅,鋼筋混凝土造,1050421,126.03,3,2,2,有,無,8000000,63477,坡道機械,19.88,0,土地及建物分次登記案件。前案土地登記收件字號：；,RPPNMLOKJHOFFAW76CA,72.13,1.97,8.06,,
金寧鄉,土地,寧北一劃段34地號,680.0,農,,,1071220,土地2建物0車位0,,,其他,,,,0.0,0,0,0,有,無,1500000,2206,,0.0,0,,RPUOMLSKJHOFFAW77CA,0.0,0.0,0.0,,
金城鎮,土地,珠山段926地號,1501.97,其他,,,1071216,土地2建物0車位0,,,其他,,,,0.0,0,0,0,有,無,1600000,1065,,0.0,0,,RPUNMLKKJHOFFAW86CA,0.0,0.0,0.0,,
金湖鎮,房地(土地+建物),金門縣金湖鎮東村１之６號,51.09,其他,,,1071222,土地1建物1車位0,一層,三層,公寓(5樓含以下無電梯),集合住宅,鋼筋混凝土造,1040804,93.17,3,2,2,有,無,4200000,45079,,0.0,0,土地及建物分次登記案件。前案土地登記收件字號：；,RPUNMLLKJHOFFAW96CA,80.96,0.0,6.79,,
金湖鎮,房地(土地+建物),金門縣金湖鎮市港三路１３７號二樓,16.29,住,,,1071217,土地1建物1車位0,二層,七層,華廈(10層含以下有電梯),集合住宅,鋼筋混凝土造,1050617,85.03,2,2,1,有,無,5200000,61155,,0.0,0,土地及建物分次登記案件。前案土地登記收件字號：；,RPWNMLLKJHOFFAW17CA,56.0,1.24,3.8,,
金湖鎮,房地(土地+建物),金門縣金湖鎮市港三路２３９號七樓,19.95,住,,,1071226,土地1建物1車位0,七層,八層,華廈(10層含以下有電梯),集合住宅,鋼筋混凝土造,1050421,102.55000000000001,3,2,2,有,無,6600000,64359,,0.0,0,土地及建物分次登記案件。前案土地登記收件字號：；,RPOOMLLKJHOFFAW09CA,69.35,2.38,8.06,,
金湖鎮,土地,士校段166-2地號,2295.07,農,,,1071221,土地1建物0車位0,,,其他,,,,0.0,0,0,0,有,無,8500000,3704,,0.0,0,,RPQNMLNKJHOFFAW76CA,0.0,0.0,0.0,,
金湖鎮,土地,北五劃段44-2地號,1584.53,其他,,,1071228,土地2建物0車位0,,,其他,,,,0.0,0,0,0,有,無,8625000,5443,,0.0,0,,RPQNMLPKJHOFFAW96CA,0.0,0.0,0.0,,
金寧鄉,土地,龍潭段1073-1地號,1465.91,農,,,1071231,土地6建物0車位0,,,其他,,,,0.0,0,0,0,有,無,1500000,1023,,0.0,0,,RPTNMLQKJHOFFAW37CA,0.0,0.0,0.0,,
金沙鎮,土地,榮湖段1322地號,1000.0,農,,,1080107,土地1建物0車位0,,,其他,,,,0.0,0,0,0,有,無,1500000,1500,,0.0,0,,RPPNMLRKJHOFFAW07CA,0.0,0.0,0.0,,
金城鎮,土地,庵前村測段134地號,901.85,其他,,,1080109,土地2建物0車位0,,,其他,,,,0.0,0,0,0,有,無,26800000,29717,,0.0,0,,RPSOMLSKJHOFFAW57CA,0.0,0.0,0.0,,
金寧鄉,房地(土地+建物),金門縣金寧鄉下埔下１１９號四樓,36.7,住,,,1080103,土地2建物1車位0,四層,五層,華廈(10層含以下有電梯),集合住宅,鋼筋混凝土造,1071009,89.42999999999999,3,2,2,有,無,5800000,64855,,0.0,0,,RPWNMLSKJHOFFAW87CA,70.9,0.0,7.15,,
金寧鄉,房地(土地+建物),金門縣金寧鄉下埔下１２０號,36.7,住,,,1080103,土地2建物1車位0,一層,五層,華廈(10層含以下有電梯),集合住宅,鋼筋混凝土造,1071009,81.88,3,2,2,有,無,6200000,75721,,0.0,0,,RPXNMLSKJHOFFAW97CA,70.5,0.0,0.0,,
金寧鄉,房地(土地+建物),金門縣金寧鄉下埔下１２０號二樓,36.7,住,,,1080103,土地2建物1車位0,二層,五層,華廈(10層含以下有電梯),集合住宅,鋼筋混凝土造,1071009,89.03,3,2,2,有,無,5500000,61777,,0.0,0,,RPOOMLSKJHOFFAW17CA,70.5,0.0,7.15,,
金寧鄉,房地(土地+建物),金門縣金寧鄉下埔下１２０號三樓,36.7,住,,,1080103,土地2建物1車位0,三層,五層,華廈(10層含以下有電梯),集合住宅,鋼筋混凝土造,1071009,89.03,3,2,2,有,無,5500000,61777,,0.0,0,,RPPOMLSKJHOFFAW27CA,70.5,0.0,7.15,,
金寧鄉,房地(土地+建物),金門縣金寧鄉下埔下１２０號四樓,36.7,住,,,1080103,土地2建物1車位0,四層,五層,華廈(10層含以下有電梯),集合住宅,鋼筋混凝土造,1071009,89.42999999999999,3,2,2,有,無,5500000,61501,,0.0,0,,RPROMLSKJHOFFAW47CA,70.9,0.0,7.15,,
金寧鄉,房地(土地+建物),金門縣金寧鄉下埔下１２０號五樓,36.7,住,,,1080103,土地2建物1車位0,五層,五層,華廈(10層含以下有電梯),集合住宅,鋼筋混凝土造,1071009,89.42999999999999,3,2,2,有,無,6200000,69328,,0.0,0,,RPTOMLSKJHOFFAW67CA,70.9,0.0,7.15,,
金城鎮,房地(土地+建物),金門縣金城鎮民權路１２２巷５弄８之２號,6.63,住,,,1080105,土地1建物1車位0,一層,五層,華廈(10層含以下有電梯),一般零售業,鋼筋混凝土造,1021030,16.42,0,0,0,無,無,1220000,74300,,0.0,0,受債權債務影響或債務抵償之交易。；,RPQNMLSKJHOFFAW27CA,10.68,0.0,0.0,,
金城鎮,房地(土地+建物),金門縣金城鎮民權路１２２巷５弄８之２號二樓,11.77,住,,,1080105,土地1建物1車位0,二層,五層,華廈(10層含以下有電梯),集合住宅,鋼筋混凝土造,1021030,37.519999999999996,2,1,1,有,無,2820000,75160,,0.0,0,受債權債務影響或債務抵償之交易。；,SPQNMLSKJHOFFAW37CA,21.0,0.0,6.32,,
金城鎮,房地(土地+建物),金門縣金城鎮民權路１２２巷５弄８之２號三樓,11.77,住,,,1080105,土地1建物1車位0,三層,五層,華廈(10層含以下有電梯),集合住宅,鋼筋混凝土造,1021030,37.519999999999996,2,1,1,有,無,2820000,75160,,0.0,0,受債權債務影響或債務抵償之交易。；,TPQNMLSKJHOFFAW47CA,21.0,0.0,6.32,,
金城鎮,房地(土地+建物),金門縣金城鎮民權路１２２巷５弄８之２號五樓,9.93,住,,,1080105,土地1建物1車位0,五層，見其他登記事項,五層,華廈(10層含以下有電梯),一般事務所,鋼筋混凝土造,1021030,30.939999999999998,1,1,1,有,無,2320000,74984,,0.0,0,受債權債務影響或債務抵償之交易。；,UPQNMLSKJHOFFAW57CA,19.42,2.92,0.0,,
金城鎮,房地(土地+建物),金門縣金城鎮民權路１２２巷５弄８之２號四樓,11.77,住,,,1080105,土地1建物1車位0,四層,五層,華廈(10層含以下有電梯),集合住宅,鋼筋混凝土造,1021030,37.519999999999996,2,1,1,有,無,2820000,75160,,0.0,0,受債權債務影響或債務抵償之交易。；,VPQNMLSKJHOFFAW67CA,21.0,0.0,6.32,,
金寧鄉,土地,盤山村段345-2地號,261.87,住,,,1080110,土地1建物0車位0,,,其他,,,,0.0,0,0,0,有,無,9000000,34368,,0.0,0,,RPVNMLSKJHOFFAW87DA,0.0,0.0,0.0,,
金湖鎮,房地(土地+建物),金門縣金湖鎮市港路２９號,91.33,其他,,,1071223,土地1建物1車位0,全,三層,透天厝,店舖、集合住宅,鋼筋混凝土造,0990120,254.47,3,3,5,有,無,13000000,51087,,0.0,0,,RPRNMLLLJHOFFAW76CA,176.98,0.0,16.18,,
金寧鄉,土地,北二三劃測段455-1地號,500.0,農,,,1080110,土地1建物0車位0,,,其他,,,,0.0,0,0,0,有,無,2450000,4900,,0.0,0,,RPPNMLNLJHOFFAW76CA,0.0,0.0,0.0,,
金沙鎮,土地,官嶼劃段146-1地號,1000.0,農,,,1080108,土地2建物0車位0,,,其他,,,,0.0,0,0,0,有,無,1800000,1800,,0.0,0,親友、員工或其他特殊關係間之交易。；,RPSNMLNLJHOFFAW07CA,0.0,0.0,0.0,,
金沙鎮,土地,陽宅段1117地號,107.0,其他,,,1071226,土地1建物0車位0,,,其他,,,,0.0,0,0,0,有,無,1300000,12150,,0.0,0,,RPTNMLSKJHOFFAW57CA,0.0,0.0,0.0,,
金寧鄉,房地(土地+建物),金門縣金寧鄉東堡５５號,186.72,其他,,,1071228,土地3建物1車位0,全,三層,透天厝,集合住宅,鋼筋混凝土造,1061127,168.77,4,2,3,有,無,15000000,88878,,0.0,0,土地及建物分次登記案件。前案土地登記收件字號：；,RPQNMLTKJHOFFAW37CA,151.09,2.75,14.93,,
金湖鎮,房地(土地+建物),金門縣金湖鎮市港三路２３７號三樓,20.99,住,,,1071228,土地1建物1車位0,三層,八層,華廈(10層含以下有電梯),集合住宅,鋼筋混凝土造,1050421,106.14,3,2,2,有,無,7350000,69248,,0.0,0,土地及建物分次登記案件。前案土地登記收件字號：；,RPSNMLTKJHOFFAW57CA,72.13,1.97,8.06,,
金沙鎮,土地,官澳測段545地號,1137.29,其他,,,1080105,土地3建物0車位0,,,其他,,,,0.0,0,0,0,有,無,1220000,1073,,0.0,0,,RPTNMLTKJHOFFAW67CA,0.0,0.0,0.0,,
金城鎮,房地(土地+建物),金門縣金城鎮林湖路３００之７號,110.65,農,,,1071230,土地1建物1車位0,全,三層,透天厝,住家用,鋼筋混凝土造,1060619,179.42,5,2,5,有,無,10500000,58522,,0.0,0,,RPPNMLLLJHOFFAW56CA,174.74,0.0,4.68,,
金湖鎮,房地(土地+建物),金門縣金湖鎮林兜３１５號,100.09,其他,,,1071227,土地2建物1車位0,全,三層,透天厝,住家用,鋼筋混凝土造,1070327,185.26,4,2,4,有,無,10700000,57757,,0.0,0,,RPQNMLLLJHOFFAW66CA,173.45,0.0,11.81,,
金寧鄉,房地(土地+建物),金門縣金寧鄉昔果山８２號二樓,76.68,其他,,,1071230,土地1建物1車位0,二層,三層,華廈(10層含以下有電梯),,,1060712,103.42,3,2,2,有,無,5080000,49120,,0.0,0,,RPTNMLLLJHOFFAW96CA,84.44,0.0,8.46,,
金城鎮,土地,山前段848地號,914.75,農,,,1080111,土地3建物0車位0,,,其他,,,,0.0,0,0,0,有,無,850000,929,,0.0,0,,RPVNMLOLJHOFFAW57DA,0.0,0.0,0.0,,
金寧鄉,房地(土地+建物),金門縣金寧鄉上后垵１１之３號二樓,32.44,其他,,,1080107,土地1建物1車位0,二層,三層,公寓(5樓含以下無電梯),集合住宅,鋼筋混凝土造,1051223,63.82,2,1,2,有,無,3500000,54842,,0.0,0,,RPQNMLNLJHOFFAW86CA,51.43,0.0,6.53,,
金寧鄉,房地(土地+建物),金門縣金寧鄉安岐２３３號,500.0,農,,,1080115,土地1建物1車位0,一層，二層，三層,三層,農舍,農舍,鋼筋混凝土造,1071115,331.68,8,2,4,有,無,1997100,,,0.0,0,親友、員工或其他特殊關係間之交易。；,RPPNMLSLJHOFFAW27CA,304.88,0.0,26.8,,
金湖鎮,房地(土地+建物)+車位,金門縣金湖鎮市港三路２２５號８樓之６,11.43,住,,,1071225,土地1建物1車位1,八層,八層,華廈(10層含以下有電梯),集合住宅,鋼筋混凝土造,1041125,94.13,1,2,1,有,有,5400000,74518,坡道平面,32.4,800000,,RPWNMLOLJHOFFAW57CA,33.48,2.08,3.81,,
金城鎮,房地(土地+建物),金門縣金城鎮金門城73之3號3樓之1,37.77,住,,,1071222,土地1建物1車位0,三層,三層,公寓(5樓含以下無電梯),集合住宅,鋼筋混凝土造,1060125,64.96000000000001,2,2,1,有,無,4000000,61576,,0.0,0,,RPQNMLPLJHOFFAW07CA,54.34,0.0,2.69,,
金沙鎮,土地,后宅測段653地號,296.87,其他,,,1080108,土地1建物0車位0,,,其他,,,,0.0,0,0,0,有,無,100000,337,,0.0,0,親友、員工或其他特殊關係間之交易。；,RPXNMLTLJHOFFAW18CA,0.0,0.0,0.0,,
金沙鎮,土地,后宅測段668地號,315.32,其他,,,1080108,土地2建物0車位0,,,其他,,,,0.0,0,0,0,有,無,100000,317,,0.0,0,親友、員工或其他特殊關係間之交易。；,RPOOMLTLJHOFFAW37CA,0.0,0.0,0.0,,
金寧鄉,土地,鎮西段33-1地號,827.04,農,,,1080118,土地2建物0車位0,,,其他,,,,0.0,0,0,0,有,無,8500000,10278,,0.0,0,,RPQNMLKMJHOFFAW66CA,0.0,0.0,0.0,,
金寧鄉,土地,后盤山段58地號,871.14,農,,,1080116,土地1建物0車位0,,,其他,,,,0.0,0,0,0,有,無,3100000,3559,,0.0,0,,RPPNMLNKKHOFFAW86DA,0.0,0.0,0.0,,
金城鎮,土地,庵前劃測段952-13地號,114.17,住,,,1080116,土地1建物0車位0,,,其他,,,,0.0,0,0,0,有,無,5000000,43794,,0.0,0,親友間的買賣。連同地上物透天厝一棟、面積264.1平方公尺。,RPPNMLPLJHOFFAW07DA,0.0,0.0,0.0,,
金寧鄉,土地,湖下村段390地號,7.17,住,,,1080116,土地1建物0車位0,,,其他,,,,0.0,0,0,0,有,無,120000,16736,,0.0,0,,RPTNMLTKKHOFFAW87DA,0.0,0.0,0.0,,
金寧鄉,土地,寧湖三劃段684地號,500.0,農,,,1071227,土地1建物0車位0,,,其他,,,,0.0,0,0,0,有,無,4200000,8400,,0.0,0,,RPVNMLKMJHOFFAW17CA,0.0,0.0,0.0,,
金沙鎮,土地,青嶼測段535地號,1540.2,農,,,1071227,土地4建物0車位0,,,其他,,,,0.0,0,0,0,有,無,3150000,2045,,0.0,0,,RPPNMLTLJHOFFAW37CA,0.0,0.0,0.0,,
金寧鄉,土地,北二三劃測段358-1地號,500.0,農,,,1080103,土地1建物0車位0,,,其他,,,,0.0,0,0,0,有,無,4200000,8400,,0.0,0,,RPRNMLPLJHOFFAW17CA,0.0,0.0,0.0,,
金湖鎮,房地(土地+建物),金門縣金湖鎮三谿橋３之５號四樓,118.58,工,,,1071122,土地1建物1車位0,四層,五層,工廠,工廠,鋼筋混凝土造,1070522,282.96000000000004,0,0,0,無,無,20100000,,,0.0,0,土地及建物分次登記案件。前案土地登記收件字號：；,RPTNMLPLJHOFFAW37CA,158.3,0.0,0.0,,
金湖鎮,房地(土地+建物)+車位,金門縣金湖鎮市港五路１５１號二樓之２,15.65,住,,,1071115,土地1建物1車位1,二層,九層,華廈(10層含以下有電梯),集合住宅,鋼筋混凝土造,1051123,99.53,3,0,3,有,無,7240000,73088,坡道機械,8.68,600000,土地及建物分次登記案件。前案土地登記收件字號：；,RPVNMLPLJHOFFAW57CA,57.55,0.0,4.14,,
金湖鎮,房地(土地+建物)+車位,金門縣金湖鎮市港五路１５１號三樓之８,13.45,住,,,1071126,土地1建物1車位1,三層,九層,華廈(10層含以下有電梯),集合住宅,鋼筋混凝土造,1051123,94.28999999999999,3,0,3,有,無,6110000,65530,坡道機械,8.68,500000,土地及建物分次登記案件。前案土地登記收件字號：；,RPXNMLPLJHOFFAW77CA,49.53,4.08,4.7,,
金湖鎮,房地(土地+建物),金門縣金湖鎮市港三路２３７號二樓,21.06,住,,,1071228,土地1建物1車位0,二層,八層,華廈(10層含以下有電梯),集合住宅,鋼筋混凝土造,1050421,105.47,3,2,2,有,無,6880000,65232,,0.0,0,土地及建物分次登記案件。前案土地登記收件字號：；,RPRNMLTLJHOFFAW57CA,72.13,1.22,8.06,,
金沙鎮,房地(土地+建物),金門縣金沙鎮陽翟２１８號,96.65,其他,,,1080117,土地2建物1車位0,全,三層,透天厝,集合住宅,鋼筋混凝土造,1070731,178.27,4,3,5,有,無,11800000,66192,,0.0,0,,RPSNMLTLJHOFFAW67CA,172.32,0.0,5.95,,
烈嶼鄉,土地,庵下測段122地號,896.32,農,,,1080111,土地1建物0車位0,,,其他,,,,0.0,0,0,0,有,無,3300000,3682,,0.0,0,,RPPOMLTLJHOFFAW47CA,0.0,0.0,0.0,,
金湖鎮,房地(土地+建物),金門縣金湖鎮漁村１３３號,45.09,住,,,1080107,土地1建物1車位0,一層,三層,公寓(5樓含以下無電梯),店鋪、停車空間。,鋼筋混凝土造,0901221,83.22,3,1,2,有,無,2600000,31242,,0.0,0,,RPQOMLTLJHOFFAW57CA,72.65,1.95,0.0,,
金城鎮,土地,古坵段861地號,481.0,其他,,,1080117,土地1建物0車位0,,,其他,,,,0.0,0,0,0,有,無,13949000,29000,,0.0,0,,RPPNMLKKKHOFFAW09CA,0.0,0.0,0.0,,
金湖鎮,土地,中六劃段176地號,820.0,農,,,1071230,土地1建物0車位0,,,其他,,,,0.0,0,0,0,有,無,4900000,5976,,0.0,0,,RPPNMLLMJHOFFAW66CA,0.0,0.0,0.0,,
金寧鄉,房地(土地+建物),金門縣金寧鄉下堡２０２號二樓,67.2,其他,,,1071126,土地1建物1車位0,二層,三層,公寓(5樓含以下無電梯),集合住宅,鋼筋混凝土造,1020123,119.34,3,2,2,有,無,7050000,59075,,0.0,0,,RPROMLTLJHOFFAW67CA,95.48,3.39,10.96,,
烈嶼鄉,土地,大山頂測段92地號,613.15,農,,,1071217,土地2建物0車位0,,,其他,,,,0.0,0,0,0,有,無,4900000,7992,,0.0,0,,RPSOMLTLJHOFFAW77CA,0.0,0.0,0.0,,
金寧鄉,房地(土地+建物),金門縣金寧鄉前厝４５之５號,150.47,其他,,,1071231,土地2建物1車位0,全,三層,透天厝,集合住宅,鋼筋混凝土造,1060523,247.02,7,2,5,有,無,15600000,63153,,0.0,0,,RPTNMLTLJHOFFAW77CA,216.77,9.79,20.46,,
金寧鄉,房地(土地+建物),金門縣金寧鄉湖南１３之１８號三樓,61.97,其他,,,1071228,土地1建物1車位0,三層，見其他登記事項,三層,公寓(5樓含以下無電梯),集合住宅,鋼筋混凝土造,1070816,115.88,3,2,2,有,無,7050000,60839,,0.0,0,,RPUNMLTLJHOFFAW87CA,94.12,0.0,9.18,,
金城鎮,房地(土地+建物),金門縣金城鎮民族路246巷3號2樓,15.7,住,,,1080122,土地1建物1車位0,二層,四層,公寓(5樓含以下無電梯),一般事務所,鋼筋混凝土造,1040811,43.21,1,1,1,有,無,3000000,69428,,0.0,0,,RPPNMLLKKHOFFAW66DA,32.23,0.0,4.16,,
金湖鎮,房地(土地+建物),金門縣金湖鎮赤東路１１號１０樓,17.86,住,,,1080115,土地0建物1車位0,十層,十層,華廈(10層含以下有電梯),集合住宅,鋼筋混凝土造,1041201,97.79,3,2,2,有,無,6800000,69537,,0.0,0,,RPTNMLMLKHOFFAW17CA,62.05,4.43,6.0,,
金沙鎮,土地,保生段28地號,520.0,住,,,1071219,土地2建物0車位0,,,其他,,,,0.0,0,0,0,有,無,24440000,47000,,0.0,0,,RPUNMLNLKHOFFAW37CA,0.0,0.0,0.0,,
金湖鎮,土地,料羅段841地號,1368.75,其他,,,1080111,土地3建物0車位0,,,其他,,,,0.0,0,0,0,有,無,1300000,950,,0.0,0,,RPPNMLKMJHOFFAW66DA,0.0,0.0,0.0,,
金寧鄉,土地,寧安二劃段207地號,500.0,農,,,1080125,土地1建物0車位0,,,其他,,,,0.0,0,0,0,有,無,2500000,5000,,0.0,0,,RPQNMLOKKHOFFAW07DA,0.0,0.0,0.0,,
金沙鎮,房地(土地+建物),金門縣金沙鎮東店１８號二樓,31.78,住,,,1080110,土地1建物1車位0,二層,三層,公寓(5樓含以下無電梯),集合住宅,鋼筋混凝土造,1060112,83.16,2,1,1,有,無,3000000,36075,,0.0,0,,RPRNMLKMJHOFFAW76CA,44.21,0.0,2.3,,
金寧鄉,房地(土地+建物),金門縣金寧鄉環島西路二段９０１巷１弄３８號二樓,54.1,其他,,,1080110,土地1建物1車位0,二層,三層,公寓(5樓含以下無電梯),集合住宅,鋼筋混凝土造,1070919,114.85000000000001,3,2,2,有,無,5800000,50501,,0.0,0,,RPTNMLKMJHOFFAW96CA,86.82,0.0,8.55,,
金寧鄉,房地(土地+建物),金門縣金寧鄉環島西路二段９０１巷１弄３８號三樓,54.1,其他,,,1080110,土地1建物1車位0,三層,三層,公寓(5樓含以下無電梯),集合住宅,鋼筋混凝土造,1070919,114.85000000000001,3,2,2,有,無,5800000,50501,,0.0,0,,RPUNMLKMJHOFFAW07CA,86.82,0.0,8.55,,
金沙鎮,土地,鵲山段571-26地號,3485.0,其他,,,1080104,土地1建物0車位0,,,其他,,,,0.0,0,0,0,有,無,14288500,4100,,0.0,0,受債權債務影響或債務抵償之交易。；,RPTNMLLMJHOFFAW07CA,0.0,0.0,0.0,,
金寧鄉,土地,后沙劃測段598地號,533.43,其他,,,1080118,土地3建物0車位0,,,其他,,,,0.0,0,0,0,有,無,3200000,5999,,0.0,0,土地及建物分次登記案件。前案土地登記收件字號：；,RPQNMLLJKHOFFAW56CA,0.0,0.0,0.0,,
金寧鄉,土地,后沙劃測段605地號,533.43,其他,,,1080118,土地3建物0車位0,,,其他,,,,0.0,0,0,0,有,無,3200000,5999,,0.0,0,土地及建物分次登記案件。前案土地登記收件字號：；,RPRNMLLJKHOFFAW66CA,0.0,0.0,0.0,,
金寧鄉,土地,安岐村段80地號,754.0,其他,,,1080117,土地1建物0車位0,,,其他,,,,0.0,0,0,0,有,無,19800000,26260,,0.0,0,,RPRNMLLMJHOFFAW86CA,0.0,0.0,0.0,,
金沙鎮,土地,保生段5地號,139.9,住,,,1080122,土地2建物0車位0,,,其他,,,,0.0,0,0,0,有,無,3875000,27698,,0.0,0,,RPSNMLLMJHOFFAW96CA,0.0,0.0,0.0,,
金沙鎮,房地(土地+建物),金門縣金沙鎮呂厝１１號,425.0,住,,,1071206,土地0建物1車位0,一層,一層,其他,住家用,磚瓦造,0510210,75.23,2,1,1,有,無,2200000,29244,,0.0,0,親友、員工或其他特殊關係間之交易。；含增建或未登記建物。；,RPRNMLPLKHOFFAW27CA,75.23,0.0,0.0,,
金城鎮,土地,后豐港段815地號,879.88,其他,,,1071228,土地1建物0車位0,,,其他,,,,0.0,0,0,0,有,無,24000000,27276,,0.0,0,,RPPNMLTKKHOFFAW37CA,0.0,0.0,0.0,,
烈嶼鄉,土地,沙溪測段687地號,431.36,農,,,1080114,土地1建物0車位0,,,其他,,,,0.0,0,0,0,有,無,605000,1403,,0.0,0,,RPUNMLLMJHOFFAW17CA,0.0,0.0,0.0,,
金城鎮,房地(土地+建物),金門縣金城鎮東沙１３之１號,52.08,其他,,,1071231,土地1建物1車位0,一層,三層,公寓(5樓含以下無電梯),集合住宅,鋼筋混凝土造,1060410,93.6,2,2,2,有,無,5000000,53419,,0.0,0,,RPQNMLMKKHOFFAW76CA,81.19,0.0,0.0,,
金寧鄉,土地,后湖村測段238地號,713.53,住,,,1080114,土地1建物0車位0,,,其他,,,,0.0,0,0,0,有,無,12000000,16818,,0.0,0,受債權債務影響或債務抵償之交易。；,RPPNMLPKKHOFFAW96CA,0.0,0.0,0.0,,
金湖鎮,土地,尚義段751地號,1217.14,其他,,,1080123,土地3建物0車位0,,,其他,,,,0.0,0,0,0,有,無,5000000,4108,,0.0,0,,RPPNMLSKKHOFFAW27CA,0.0,0.0,0.0,,
金沙鎮,土地,斗門劃測段879地號,264.09,農,,,1080120,土地2建物0車位0,,,其他,,,,0.0,0,0,0,有,無,4300000,16282,,0.0,0,,RPSNMLLJKHOFFAW86DA,0.0,0.0,0.0,,
