﻿鄉鎮市區,交易標的,土地位置建物門牌,土地移轉總面積平方公尺,都市土地使用分區,非都市土地使用分區,非都市土地使用編定,交易年月日,交易筆棟數,移轉層次,總樓層數,建物型態,主要用途,主要建材,建築完成年月,建物移轉總面積平方公尺,建物現況格局-房,建物現況格局-廳,建物現況格局-衛,建物現況格局-隔間,有無管理組織,總價元,單價元平方公尺,車位類別,車位移轉總面積(平方公尺),車位總價元,備註,編號,主建物面積,附屬建物面積,陽台面積,電梯,移轉編號
The villages and towns urban district,transaction sign,land sector position building sector house number plate,land shifting total area square meter,the use zoning or compiles and checks,the non-metropolis land use district,non-metropolis land use,transaction year month and day,transaction pen number,shifting level,total floor number,building state,main use,main building materials,construction to complete the years,building shifting total area,Building present situation pattern - room,building present situation pattern - hall,building present situation pattern - health,building present situation pattern - compartmented,Whether there is manages the organization,total price NTD,the unit price (NTD / square meter),the berth category,berth shifting total area square meter,the berth total price NTD,the note,serial number,,,,,
馬公市,土地,烏崁新段972-5地號,86.9,,鄉村區,乙種建築用地,1071026,土地1建物0車位0,,,其他,,,,0.0,0,0,0,有,無,1143604,13160,,0.0,0,向政府機關承購之案件。；,RPPNMLNKJINFFAX96EA,0.0,0.0,0.0,,
馬公市,土地,中衛段449-3地號,508.68,工,,,1071022,土地1建物0車位0,,,其他,,,,0.0,0,0,0,有,無,7035044,13830,,0.0,0,向政府機關承購之案件。；,RPQNMLNKJINFFAX86CA,0.0,0.0,0.0,,
湖西鄉,土地,尖山北段349地號,1688.04,,一般農業區,農牧用地,1071025,土地1建物0車位0,,,其他,,,,0.0,0,0,0,有,無,2500000,1481,,0.0,0,,RPPNMLOKJINFFAX86CA,0.0,0.0,0.0,,
湖西鄉,房地(土地+建物),澎湖縣湖西鄉紅羅?４５之１號一樓,213.14,,鄉村區,乙種建築用地,1070918,土地1建物1車位0,全,二層,透天厝,住家用,鋼筋混凝土加強磚造,0840819,128.05,3,2,1,有,無,500000,3904,,0.0,0,親友、員工或其他特殊關係間之交易。；,RPQNMLOKJINFFAX96CA,93.67,13.24,0.0,,
湖西鄉,土地,尖山中段878地號,355.82,,鄉村區,乙種建築用地,1070905,土地2建物0車位0,,,其他,,,,0.0,0,0,0,有,無,920000,2586,,0.0,0,親友、員工或其他特殊關係間之交易。；,RPRNMLQLJINFFAX37CA,0.0,0.0,0.0,,
馬公市,房地(土地+建物),澎湖縣馬公市五福路６０之９號,146.19,,一般農業區,甲種建築用地,1071027,土地2建物1車位0,全,三層,透天厝,住家用,鋼筋混凝土造,0850617,182.55,5,2,5,有,無,7000000,38346,,0.0,0,,RPRNMLOKJINFFAX07CA,182.55,0.0,0.0,,
西嶼鄉,土地,大池段831地號,718.03,,一般農業區,農牧用地,1071108,土地1建物0車位0,,,其他,,,,0.0,0,0,0,有,無,1000000,1393,,0.0,0,,RPUNMLOKJINFFAX37CA,0.0,0.0,0.0,,
湖西鄉,土地,城北段909-3地號,477.44,,一般農業區,農牧用地,1071029,土地2建物0車位0,,,其他,,,,0.0,0,0,0,有,無,17980000,37659,,0.0,0,建商與地主合建案 農變建移轉土地持分給予權利人共2人 內含未來2戶興建之成本 共1798萬,RPQNMLPKJINFFAX07CA,0.0,0.0,0.0,,
西嶼鄉,土地,橫礁新段674地號,128.55,,鄉村區,乙種建築用地,1071102,土地2建物0車位0,,,其他,,,,0.0,0,0,0,有,無,310000,2412,,0.0,0,親友、員工或其他特殊關係間之交易。；,RPSNMLKMJINFFAX96CA,0.0,0.0,0.0,,
馬公市,土地,山水西段18地號,76.08,,鄉村區,乙種建築用地,1071102,土地1建物0車位0,,,其他,,,,0.0,0,0,0,有,無,1000000,13144,,0.0,0,,RPQNMLQKJINFFAX17CA,0.0,0.0,0.0,,
西嶼鄉,土地,內垵三段667地號,478.78,,一般農業區,農牧用地,1070813,土地1建物0車位0,,,其他,,,,0.0,0,0,0,有,無,1875000,3916,,0.0,0,,RPRNMLQKJINFFAX27CA,0.0,0.0,0.0,,
湖西鄉,土地,尖山中段1325地號,1740.54,,一般農業區,農牧用地,1071102,土地1建物0車位0,,,其他,,,,0.0,0,0,0,有,無,38300000,22005,,0.0,0,權利人數：6人變更起造人，含未來興建房屋之費用。,RPSNMLTKJINFFAX67CA,0.0,0.0,0.0,,
湖西鄉,土地,龍門南段417地號,111.55,,一般農業區,農牧用地,1070911,土地1建物0車位0,,,其他,,,,0.0,0,0,0,有,無,150000,1345,,0.0,0,標售逾期未辦繼承登記土地,RPPNMLLLJINFFAX66CA,0.0,0.0,0.0,,
湖西鄉,土地,龍門南段420地號,133.81,,一般農業區,農牧用地,1070911,土地1建物0車位0,,,其他,,,,0.0,0,0,0,有,無,180000,1345,,0.0,0,標售逾期未辦繼承登記土地,RPQNMLLLJINFFAX76CA,0.0,0.0,0.0,,
白沙鄉,土地,赤崁北段108地號,63.06,,鄉村區,丁種建築用地,1071108,土地1建物0車位0,,,其他,,,,0.0,0,0,0,有,無,820000,13003,,0.0,0,,RPPNMLQKJINFFAX17DA,0.0,0.0,0.0,,
湖西鄉,土地,城北段976地號,1321.52,,一般農業區,農牧用地,1071112,土地1建物0車位0,,,其他,,,,0.0,0,0,0,有,無,45410000,34362,,0.0,0,權利人共6人含未來興建6戶房屋價款,RPRNMLLLJINFFAX86CA,0.0,0.0,0.0,,
馬公市,土地,案山段70地號,378.6,工,,,1071017,土地3建物0車位0,,,其他,,,,0.0,0,0,0,有,無,5725000,15122,,0.0,0,急買急賣。；,RPPNMLQLJINFFAX17CA,0.0,0.0,0.0,,
西嶼鄉,土地,竹灣段791地號,815.09,,一般農業區,農牧用地,1071029,土地1建物0車位0,,,其他,,,,0.0,0,0,0,有,無,1100000,1350,,0.0,0,親友、員工或其他特殊關係間之交易。；,RPQNMLRLJINFFAX37CA,0.0,0.0,0.0,,
馬公市,房地(土地+建物),澎湖縣馬公市東文澳２１０號,54.85,,一般農業區,甲種建築用地,1071016,土地1建物1車位0,全,三層,透天厝,住家用,鋼筋混凝土加強磚造,0710120,82.86,3,1,3,有,無,882504,10651,,0.0,0,親友、員工或其他特殊關係間之交易。；,RPTNMLNLJINFFAX27CA,82.86,0.0,0.0,,
湖西鄉,房地(土地+建物),澎湖縣湖西鄉湖東５３號,533.88,,一般農業區,農牧用地,1071005,土地15建物1車位0,一層,一層,其他,住家用,造,0140101,4.9,0,0,0,無,無,730000,148980,,0.0,0,親友、員工或其他特殊關係間之交易。；,RPUNMLNLJINFFAX37CA,4.52,0.38,0.0,,
馬公市,房地(土地+建物),澎湖縣馬公市文光路１６６號,98.93,住,,,1071008,土地1建物1車位0,全,一層,透天厝,住家用,鋼筋加強造,0590220,17.44,2,2,1,有,無,5800000,332569,,0.0,0,親友、員工或其他特殊關係間之交易。；,RPTNMLKMJINFFAX07CA,17.44,0.0,0.0,,
馬公市,房地(土地+建物),澎湖縣馬公市?頭掛208號,221.68,,一般農業區,甲種建築用地,1071004,土地2建物1車位0,全,三層,透天厝,住家用,鋼筋混凝土造,0951114,196.07,5,1,5,有,無,6800000,34681,,0.0,0,,RPQNMLMLJINFFAX86CA,184.82,0.0,11.25,,
馬公市,土地,山水北段351地號,258.42,其他,,,1071107,土地4建物0車位0,,,其他,,,,0.0,0,0,0,有,無,1343784,5200,,0.0,0,協議價購一航農業區交通用地5200元/M2,RPPNMLNLJINFFAX86CA,0.0,0.0,0.0,,
馬公市,房地(土地+建物),澎湖縣馬公市文山路１０３巷３號五樓之一,40.86,住,,,1071110,土地3建物1車位0,五層,五層,公寓(5樓含以下無電梯),住家用,鋼筋混凝土造,0900129,123.85999999999999,4,0,4,有,無,4273225,34500,,0.0,0,,RPSNMLQLJINFFAX47CA,102.08,8.24,0.0,,
馬公市,土地,雙湖段828地號,238.43,,一般農業區,農牧用地,1070820,土地1建物0車位0,,,其他,,,,0.0,0,0,0,有,無,3000000,12582,,0.0,0,親友、員工或其他特殊關係間之交易。；賣方賣清價土地增值稅由買方負擔。,RPSNMLSLJINFFAX67CA,0.0,0.0,0.0,,
湖西鄉,土地,許家段1165地號,2871.64,,一般農業區,農牧用地,1071013,土地1建物0車位0,,,其他,,,,0.0,0,0,0,有,無,42890000,14936,,0.0,0,共有人12人。農變建核准興建住宅。,RPTNMLLKKINFFAX07CA,0.0,0.0,0.0,,
馬公市,土地,文石段1489地號,818.22,,一般農業區,農牧用地,1071101,土地1建物0車位0,,,其他,,,,0.0,0,0,0,有,無,12675200,15491,,0.0,0,農變建核准興建住宅共有人4人,RPQNMLTJKINFFAX47CA,0.0,0.0,0.0,,
馬公市,土地,中衛段1347地號,544.85,農,,,1071019,土地5建物0車位0,,,其他,,,,0.0,0,0,0,有,無,6000000,11012,,0.0,0,親友、員工或其他特殊關係間之交易。；,RPSNMLNLJINFFAX17CA,0.0,0.0,0.0,,
湖西鄉,土地,城北段808地號,699.23,,一般農業區,農牧用地,1071030,土地2建物0車位0,,,其他,,,,0.0,0,0,0,有,無,3172755,4537,,0.0,0,,RPRNMLRKKINFFAX47CA,0.0,0.0,0.0,,
馬公市,土地,五福段511地號,323.04,,一般農業區,農牧用地,1070909,土地1建物0車位0,,,其他,,,,0.0,0,0,0,有,無,6150000,19038,,0.0,0,,RPQNMLNLJINFFAX96CA,0.0,0.0,0.0,,
馬公市,土地,虎井段1332-1地號,81.0,,鄉村區,乙種建築用地,1071017,土地1建物0車位0,,,其他,,,,0.0,0,0,0,有,無,1500000,18519,,0.0,0,親友、員工或其他特殊關係間之交易。；含未登記建物1棟。,RPQNMLQLJINFFAX27CA,0.0,0.0,0.0,,
馬公市,土地,鐵線段349地號,835.34,,一般農業區,農牧用地,1071116,土地1建物0車位0,,,其他,,,,0.0,0,0,0,有,無,15980000,19130,,0.0,0,共有人4人。農變建專案核准興建住宅,RPPNMLNJKINFFAX76CA,0.0,0.0,0.0,,
馬公市,房地(土地+建物),澎湖縣馬公市五福路１３８巷６號,111.23,,一般農業區,甲種建築用地,1071019,土地2建物1車位0,全,三層,透天厝,住家用,鋼筋混凝土造,0860901,177.8,4,3,3,有,無,7000000,39370,,0.0,0,,RPRNMLNLJINFFAX07CA,169.52,8.28,0.0,,
馬公市,土地,四維段1183地號,33.14,農,,,1071011,土地1建物0車位0,,,其他,,,,0.0,0,0,0,有,無,350000,10561,,0.0,0,,RPRNMLRLJINFFAX47CA,0.0,0.0,0.0,,
湖西鄉,土地,東石新段40地號,1198.72,,一般農業區,農牧用地,1071120,土地12建物0車位0,,,其他,,,,0.0,0,0,0,有,無,600000,501,,0.0,0,,RPROMLOKKINFFAX27CA,0.0,0.0,0.0,,
湖西鄉,土地,龍門北段1131地號,2783.29,,一般農業區,農牧用地,1071101,土地3建物0車位0,,,其他,,,,0.0,0,0,0,有,無,3800000,1365,,0.0,0,親友、員工或其他特殊關係間之交易。；,RPSNMLRLJINFFAX67DA,0.0,0.0,0.0,,
湖西鄉,土地,鼎灣新段285地號,433.91,,一般農業區,農牧用地,1070911,土地1建物0車位0,,,其他,,,,0.0,0,0,0,有,無,1331000,3067,,0.0,0,逾期未辦理繼承標售案件,RPTNMLRLJINFFAX77DA,0.0,0.0,0.0,,
馬公市,土地,五德西段777地號,732.84,,一般農業區,農牧用地,1070927,土地1建物0車位0,,,其他,,,,0.0,0,0,0,有,無,3420000,4667,,0.0,0,,RPPNMLSLJINFFAX47DA,0.0,0.0,0.0,,
馬公市,房地(土地+建物),澎湖縣馬公市後窟潭１２８號,68.73,住,,,1071110,土地1建物1車位0,全,二層,透天厝,住家用,鋼筋混凝土加強磚造,0690628,86.05,3,1,2,有,無,4800000,55782,,0.0,0,買清,RPOOMLTJNHOFFAX67CA,86.05,0.0,0.0,,
湖西鄉,土地,成功南段858地號,1758.55,,一般農業區,農牧用地,1071114,土地1建物0車位0,,,其他,,,,0.0,0,0,0,有,無,61460000,34949,,0.0,0,權利人共8人，含未來興建8戶之房屋價款,RPQNMLMKKINFFAX86CA,0.0,0.0,0.0,,
馬公市,房地(土地+建物),澎湖縣馬公市東衛３５０號,212.99,,一般農業區,甲種建築用地,1071026,土地2建物1車位0,全,三層,透天厝,住家用,鋼筋混凝土造,1051213,232.86,3,2,4,有,無,9400000,40368,,0.0,0,,RPPNMLLKKINFFAX66CA,220.77,12.09,0.0,,
白沙鄉,房地(土地+建物),澎湖縣白沙鄉赤崁漁港新村１５號,52.67,,鄉村區,乙種建築用地,1071016,土地1建物1車位0,全,三層,透天厝,住商用,鋼筋混凝土加強磚造,0740915,142.6,4,2,3,有,無,3000000,21038,,0.0,0,,RPVNMLQLJINFFAX77CA,142.6,0.0,0.0,,
望安鄉,土地,花宅段1996地號,240.0,,鄉村區,乙種建築用地,1071109,土地1建物0車位0,,,其他,,,,0.0,0,0,0,有,無,1000000,4167,,0.0,0,,RPPNMLSJKINFFAX27CA,0.0,0.0,0.0,,
馬公市,土地,四維段1506地號,78.62,,一般農業區,農牧用地,1070404,土地1建物0車位0,,,其他,,,,0.0,0,0,0,有,無,1000000,12719,,0.0,0,,RPUNMLRLJINFFAX77CA,0.0,0.0,0.0,,
馬公市,土地,光華段529地號,445.01,,一般農業區,農牧用地,1071113,土地1建物0車位0,,,其他,,,,0.0,0,0,0,有,無,14000000,31460,,0.0,0,權利人共1人含未來興建1戶房屋價款,RPQNMLSLJINFFAX47CA,0.0,0.0,0.0,,
馬公市,房地(土地+建物),澎湖縣馬公市中央街１巷３號,25.71,其他,,,1071023,土地1建物1車位0,全,三層,透天厝,住商用,鋼筋混凝土造,0931124,52.15,2,2,2,有,無,3888000,74554,,0.0,0,,RPRNMLNJKINFFAX96CA,47.36,4.8,0.0,,
馬公市,土地,光華段462地號,49.18,,一般農業區,農牧用地,1071120,土地1建物0車位0,,,其他,,,,0.0,0,0,0,有,無,435700,8859,,0.0,0,,RPTNMLSLJINFFAX77CA,0.0,0.0,0.0,,
馬公市,房地(土地+建物),澎湖縣馬公市三多路４１１號七樓之三,13.64,商,,,1071115,土地1建物1車位0,七層,十層,華廈(10層含以下有電梯),住家用,鋼筋混凝土造,0850308,118.59,3,1,1,有,無,4300000,36259,,0.0,0,,RPPNMLKMJINFFAX66CA,86.26,7.15,0.0,,
湖西鄉,土地,紅羅段1916地號,544.55,,一般農業區,農牧用地,1071112,土地2建物0車位0,,,其他,,,,0.0,0,0,0,有,無,600000,1102,,0.0,0,受債權債務影響或債務抵償之交易。；,RPQNMLLKKINFFAX86DA,0.0,0.0,0.0,,
馬公市,房地(土地+建物),澎湖縣馬公市雙頭掛187號,240.01,,一般農業區,甲種建築用地,1071116,土地4建物1車位0,全,三層,透天厝,住家用,鋼筋混凝土造,1030922,254.2,5,2,5,有,無,7390000,29072,,0.0,0,,RPQNMLOJKINFFAX07DA,236.18,18.02,0.0,,
湖西鄉,土地,城北段64地號,921.34,,一般農業區,農牧用地,1070831,土地1建物0車位0,,,其他,,,,0.0,0,0,0,有,無,1950900,2117,,0.0,0,,RPUNMLOKKINFFAX47CA,0.0,0.0,0.0,,
馬公市,土地,安宅段928地號,169.99,,一般農業區,農牧用地,1071115,土地1建物0車位0,,,其他,,,,0.0,0,0,0,有,無,7880000,46356,,0.0,0,變更起造人，含未來興建房屋之費用,RPPNMLTKKINFFAX47CA,0.0,0.0,0.0,,
馬公市,房地(土地+建物),澎湖縣馬公市五福路３巷６弄１６號,186.86,,一般農業區,甲種建築用地,1071112,土地2建物1車位0,全,三層,透天厝,住家用,鋼筋混凝土造,1070920,266.61,5,2,5,有,無,9880000,37058,,0.0,0,,RPSNMLNJKINFFAX07CA,248.33,18.28,0.0,,
馬公市,土地,文東段1148地號,693.86,,一般農業區,農牧用地,1071112,土地1建物0車位0,,,其他,,,,0.0,0,0,0,有,無,24100000,34733,,0.0,0,權利人共三人.興建共三戶.一戶為親友間交易無買賣價格申報含未來興建二戶之房屋價款,RPRNMLOJKINFFAX07CA,0.0,0.0,0.0,,
馬公市,土地,東衛段922地號,680.06,,鄉村區,乙種建築用地,1070719,土地1建物0車位0,,,其他,,,,0.0,0,0,0,有,無,12343000,18150,,0.0,0,,RPQNMLKMJINFFAX76CA,0.0,0.0,0.0,,
馬公市,土地,文寮段337地號,1537.38,,一般農業區,農牧用地,1071113,土地1建物0車位0,,,其他,,,,0.0,0,0,0,有,無,20000000,13009,,0.0,0,,RPRNMLKMJINFFAX86CA,0.0,0.0,0.0,,
白沙鄉,房地(土地+建物),澎湖縣白沙鄉吉貝１８３之１５號,145.45,,一般農業區,甲種建築用地,1071108,土地2建物1車位0,全,三層,透天厝,住家用,鋼筋混凝土造,0930210,168.9,4,1,5,有,無,4260000,25222,,0.0,0,,RPXNMLOKKINFFAX77CA,160.74,8.16,0.0,,
馬公市,房地(土地+建物),澎湖縣馬公市文山路２７巷８之５號五樓,21.44,住,,,1071106,土地1建物1車位0,五層,十層,華廈(10層含以下有電梯),集合住宅,鋼筋混凝土造,1060328,91.0,2,2,1,有,有,5000000,54945,,0.0,0,,RPSNMLOJKINFFAX17CA,56.16,9.13,0.0,,
湖西鄉,土地,城北段951地號,486.48,,一般農業區,農牧用地,1071026,土地1建物0車位0,,,其他,,,,0.0,0,0,0,有,無,1660000,3412,,0.0,0,親友、員工或其他特殊關係間之交易。；,RPPNMLTJKINFFAX37CA,0.0,0.0,0.0,,
西嶼鄉,房地(土地+建物),澎湖縣西嶼鄉池東村4鄰小池角69號,290.7,,鄉村區,乙種建築用地,1071101,土地2建物1車位0,全,一層,透天厝,住家用,造,,102.28,2,1,0,有,無,1005500,9831,,0.0,0,親友、員工或其他特殊關係間之交易。；以公契申報,RPQNMLQJKINFFAX27DA,78.05,24.23,0.0,,
湖西鄉,土地,城北段938地號,576.55,,一般農業區,農牧用地,1071022,土地1建物0車位0,,,其他,,,,0.0,0,0,0,有,無,870009,1509,,0.0,0,向政府機關承購之案件。；未辦理繼承登記標售,RPQNMLKKKINFFAX76DA,0.0,0.0,0.0,,
湖西鄉,土地,太武新段101地號,80.03,,一般農業區,甲種建築用地,1071026,土地1建物0車位0,,,其他,,,,0.0,0,0,0,有,無,360000,4498,,0.0,0,向政府機關承購之案件。；,RPPNMLPJKINFFAX07DA,0.0,0.0,0.0,,
馬公市,房地(土地+建物),澎湖縣馬公市中華路２９１巷９號,29.15,住,,,1071126,土地1建物1車位0,一層，地下層,五層,公寓(5樓含以下無電梯),住家用,鋼筋混凝土造,0800531,140.51,5,0,4,有,無,4100000,29179,,0.0,0,,RPPNMLKKKINFFAX56CA,140.51,0.0,0.0,,
湖西鄉,土地,成功南段247地號,703.58,,一般農業區,農牧用地,1071127,土地1建物0車位0,,,其他,,,,0.0,0,0,0,有,無,4260000,6055,,0.0,0,,RPPNMLQJKINFFAX07CA,0.0,0.0,0.0,,
馬公市,土地,五福段499-1地號,187.28,,一般農業區,農牧用地,1071116,土地1建物0車位0,,,其他,,,,0.0,0,0,0,有,無,3399000,18149,,0.0,0,,RPPNMLRJKINFFAX17CA,0.0,0.0,0.0,,
馬公市,土地,四維段8-1地號,7.83,,,,1071203,土地1建物0車位0,,,其他,,,,0.0,0,0,0,有,無,288000,36782,,0.0,0,,RPQNMLKLKINFFAX76CA,0.0,0.0,0.0,,
馬公市,房地(土地+建物),澎湖縣馬公市雞母塢29之6號,370.43,,鄉村區,乙種建築用地,1071128,土地2建物1車位0,全,二層,透天厝,住家用,鋼筋混凝土加強磚造,0700801,164.98,3,1,2,有,無,5100000,30913,,0.0,0,買方買清,RPTNMLTJKINFFAX87DA,164.98,0.0,0.0,,
馬公市,土地,光榮段666地號,33.88,住,,,1071109,土地1建物0車位0,,,其他,,,,0.0,0,0,0,有,無,2156000,63636,,0.0,0,,RPSNMLTJKINFFAX67CA,0.0,0.0,0.0,,
馬公市,土地,五福段525地號,588.26,,一般農業區,農牧用地,1071117,土地1建物0車位0,,,其他,,,,0.0,0,0,0,有,無,33600000,57118,,0.0,0,農變建移轉土地持分給予權利人共3人內含未來3戶興建之成本3360萬,RPRNMLLKKINFFAX86CA,0.0,0.0,0.0,,
湖西鄉,土地,湖東新段1352地號,398.51,,一般農業區,農牧用地,1071124,土地1建物0車位0,,,其他,,,,0.0,0,0,0,有,無,750000,1882,,0.0,0,,RPSNMLLKKINFFAX96CA,0.0,0.0,0.0,,
湖西鄉,土地,城北段1114地號,3783.11,,一般農業區,農牧用地,1070724,土地1建物0車位0,,,其他,,,,0.0,0,0,0,有,無,5493000,1452,,0.0,0,,RPSNMLOKKINFFAX27CA,0.0,0.0,0.0,,
馬公市,土地,興仁段833-4地號,218.45,,一般農業區,甲種建築用地,1071123,土地2建物0車位0,,,其他,,,,0.0,0,0,0,有,無,7320000,33509,,0.0,0,變更起造人含未來興建房屋之費用,RPQOMLTJNHOFFAX87CA,0.0,0.0,0.0,,
白沙鄉,土地,鳥嶼新段239地號,96.23,,鄉村區,乙種建築用地,1071126,土地1建物0車位0,,,其他,,,,0.0,0,0,0,有,無,880000,9145,,0.0,0,含增建或未登記建物。；,RPPNMLMKKINFFAX86DA,0.0,0.0,0.0,,
馬公市,土地,文寮段298地號,501.73,,一般農業區,農牧用地,1071119,土地1建物0車位0,,,其他,,,,0.0,0,0,0,有,無,3794000,7562,,0.0,0,,RPPNMLOJJHOFFAX86DA,0.0,0.0,0.0,,
馬公市,土地,五福段856地號,1658.18,,一般農業區,農牧用地,1071130,土地1建物0車位0,,,其他,,,,0.0,0,0,0,有,無,18800000,11338,,0.0,0,,RPVNMLOKKINFFAX57CA,0.0,0.0,0.0,,
馬公市,房地(土地+建物),澎湖縣馬公市文山路２７巷１號七樓之二,17.51,住,,,1071119,土地2建物1車位0,七層,八層,華廈(10層含以下有電梯),住家用,鋼筋混凝土造,0860628,93.66,3,1,2,有,有,3087000,32960,,0.0,0,,RPQNMLOKKINFFAX07CA,61.72,0.0,10.47,,
馬公市,房地(土地+建物),澎湖縣馬公市五福路３巷６弄１３號,187.74,,一般農業區,甲種建築用地,1071112,土地2建物1車位0,全,三層,透天厝,住家用,鋼筋混凝土造,1070920,263.67,5,2,5,有,無,9960000,37774,,0.0,0,,RPQNMLQKKINFFAX27CA,245.57,18.1,0.0,,
馬公市,房地(土地+建物),澎湖縣馬公市東衛１５０之６０號,377.98,,一般農業區,甲種建築用地,1070816,土地2建物1車位0,全,三層,透天厝,住家用,鋼筋混凝土造,1020301,300.39,8,2,7,有,無,8400000,27964,,0.0,0,親友、員工或其他特殊關係間之交易。；,RPSOMLOKKINFFAX37CA,284.51,15.88,0.0,,
馬公市,土地,烏崁新段1591地號,157.51,,一般農業區,甲種建築用地,1071112,土地1建物0車位0,,,其他,,,,0.0,0,0,0,有,無,2000000,12698,,0.0,0,親友、員工或其他特殊關係間之交易。；,RPPNMLQKKINFFAX17CA,0.0,0.0,0.0,,
馬公市,房地(土地+建物),澎湖縣馬公市民富街２８巷６號,76.75,住,,,1071130,土地1建物1車位0,全,三層,透天厝,住家用,鋼筋混凝土加強磚造,0610930,149.04,4,1,1,有,無,4500000,30193,,0.0,0,,RPWNMLOKKINFFAX67CA,149.04,0.0,0.0,,
湖西鄉,土地,城北段1087地號,295.36,,一般農業區,甲種建築用地,1071130,土地3建物0車位0,,,其他,,,,0.0,0,0,0,有,無,7600000,25731,,0.0,0,變更起造人含未來興建房屋之費用,RPTNMLOKKINFFAX37CA,0.0,0.0,0.0,,
馬公市,房地(土地+建物),澎湖縣馬公市文山路２７巷１號七樓之三,21.3,住,,,1071119,土地2建物1車位0,七層,八層,華廈(10層含以下有電梯),住家用,鋼筋混凝土造,0860628,113.31,3,1,2,有,有,3075000,27138,,0.0,0,,RPSNMLNKKINFFAX17CA,75.06,0.0,12.09,,
七美鄉,土地,七美二段889-1地號,18.69,,鄉村區,乙種建築用地,1071106,土地1建物0車位0,,,其他,,,,0.0,0,0,0,有,無,243718,13040,,0.0,0,向政府機關承購之案件。；,RPRNMLLLKINFFAX96CA,0.0,0.0,0.0,,
西嶼鄉,土地,大池段1461地號,746.34,,一般農業區,農牧用地,1071205,土地1建物0車位0,,,其他,,,,0.0,0,0,0,有,無,2700000,3618,,0.0,0,,RPPNMLOKKINFFAX07DA,0.0,0.0,0.0,,
馬公市,房地(土地+建物),澎湖縣馬公市東衛６之１６號,209.28,,一般農業區,甲種建築用地,1071030,土地2建物1車位0,全,三層,透天厝,住家用,鋼筋混凝土造,1070808,263.56,6,2,6,有,無,8800000,33389,,0.0,0,,RPSNMLTJNHOFFAX97CA,254.06,9.5,0.0,,
馬公市,土地,裡新段224地號,43.4,,鄉村區,乙種建築用地,1071212,土地1建物0車位0,,,其他,,,,0.0,0,0,0,有,無,221340,5100,,0.0,0,,RPQOMLOKKINFFAX27DA,0.0,0.0,0.0,,
馬公市,土地,文澳段2272-2地號,47.0,住,,,1071204,土地1建物0車位0,,,其他,,,,0.0,0,0,0,有,無,2696390,57370,,0.0,0,向政府機關承購之案件。；,RPRNMLOKKINFFAX37EA,0.0,0.0,0.0,,
馬公市,房地(土地+建物),澎湖縣馬公市石泉１之２２２號,73.67,,一般農業區,甲種建築用地,1071130,土地1建物1車位0,全,二層,透天厝,住家用,鋼筋混凝土加強磚造,0791201,94.86,4,1,2,有,無,3200000,33734,,0.0,0,,RPPNMLRKKINFFAX27CA,94.86,0.0,0.0,,
馬公市,房地(土地+建物),澎湖縣馬公市石泉１之２７９號,83.67,,一般農業區,甲種建築用地,1071016,土地1建物1車位0,全,二層,透天厝,住家用,鋼筋混凝土加強磚造,0791201,92.92,3,2,2,有,無,4080000,43909,,0.0,0,,RPQNMLRKKINFFAX37CA,92.92,0.0,0.0,,
七美鄉,土地,七美二段305地號,57.28,,一般農業區,農牧用地,1071212,土地1建物0車位0,,,其他,,,,0.0,0,0,0,有,無,74464,1300,,0.0,0,,RPPNMLLLKINFFAX86DA,0.0,0.0,0.0,,
馬公市,房地(土地+建物),澎湖縣馬公市後窟潭７５之１號,279.62,,鄉村區,乙種建築用地,1071114,土地1建物1車位0,一層,一層,其他,,,0510701,67.57,3,2,2,有,無,5800000,85837,,0.0,0,,RPPNMLSKKINFFAX37CA,67.57,0.0,0.0,,
馬公市,土地,國宅段18地號,1217.93,,一般農業區,農牧用地,1071029,土地2建物0車位0,,,其他,,,,0.0,0,0,0,有,無,4200795,3449,,0.0,0,,RPQNMLSKKINFFAX47CA,0.0,0.0,0.0,,
湖西鄉,土地,湖東新段466地號,73.0,,一般農業區,農牧用地,1071120,土地1建物0車位0,,,其他,,,,0.0,0,0,0,有,無,265000,3630,,0.0,0,土地增值稅由買方負擔。賣方賣清價。,RPRNMLTKKINFFAX67CA,0.0,0.0,0.0,,
湖西鄉,土地,鼎灣新段916地號,675.6,,一般農業區,農牧用地,1071113,土地1建物0車位0,,,其他,,,,0.0,0,0,0,有,無,2656000,3931,,0.0,0,,RPSNMLTKKINFFAX77CA,0.0,0.0,0.0,,
馬公市,土地,五福段807地號,263.22,,一般農業區,農牧用地,1071210,土地1建物0車位0,,,其他,,,,0.0,0,0,0,有,無,7980000,30317,,0.0,0,農變建移轉土地持分給予權利人共1人內含未來1戶興建之成本798萬,RPSNMLOLKINFFAX37CA,0.0,0.0,0.0,,
湖西鄉,土地,太武新段97地號,52.56,,一般農業區,甲種建築用地,1071012,土地1建物0車位0,,,其他,,,,0.0,0,0,0,有,無,131404,2500,,0.0,0,親友、員工或其他特殊關係間之交易。；,RPQNMLTKKINFFAX67DA,0.0,0.0,0.0,,
馬公市,土地,光榮段243-4地號,16.59,住,,,1071203,土地1建物0車位0,,,其他,,,,0.0,0,0,0,有,無,1009502,60850,,0.0,0,向政府機關承購之案件。；,RPPNMLOLKINFFAX17DA,0.0,0.0,0.0,,
馬公市,房地(土地+建物)+車位,澎湖縣馬公市光榮里光復路295號,27.8,住,,,1071129,土地3建物1車位1,一層，二層,七層,華廈(10層含以下有電梯),住商用,鋼筋混凝土造,0860320,147.87,1,2,2,有,有,8800000,59512,坡道平面,0.0,0,,RPPNMLPLKINFFAX27DA,107.84,7.46,0.0,,
馬公市,土地,興仁南段122-3地號,252.04,,風景區,農牧用地,1071210,土地2建物0車位0,,,其他,,,,0.0,0,0,0,有,無,1524842,6050,,0.0,0,,RPRNMLKLKINFFAX86CA,0.0,0.0,0.0,,
馬公市,土地,興仁南段122地號,792.95,,風景區,農牧用地,1071210,土地1建物0車位0,,,其他,,,,0.0,0,0,0,有,無,4797343,6050,,0.0,0,,RPSNMLKLKINFFAX96CA,0.0,0.0,0.0,,
馬公市,土地,興仁南段122-2地號,330.0,,風景區,農牧用地,1071210,土地1建物0車位0,,,其他,,,,0.0,0,0,0,有,無,1996500,6050,,0.0,0,,RPTNMLKLKINFFAX07CA,0.0,0.0,0.0,,
湖西鄉,土地,沙港北段516地號,234.71,,一般農業區,農牧用地,1071028,土地1建物0車位0,,,其他,,,,0.0,0,0,0,有,無,1300000,5539,,0.0,0,,RPUNMLKLKINFFAX17CA,0.0,0.0,0.0,,
馬公市,房地(土地+建物),澎湖縣馬公市文前街８９巷１１號,97.32,住,,,1071112,土地2建物1車位0,全,五層,透天厝,住家用,鋼筋混凝土造,0950517,210.65,5,1,3,有,無,8500000,40351,,0.0,0,,RPQNMLLLKINFFAX86CA,202.01,8.64,0.0,,
馬公市,房地(土地+建物),澎湖縣馬公市五福路３巷６弄１７號,190.9,,一般農業區,甲種建築用地,1071116,土地2建物1車位0,全,三層,透天厝,住家用,鋼筋混凝土造,1070920,260.68,5,2,5,有,無,10250000,39320,,0.0,0,,RPQNMLLMKINFFAX96CA,245.66,15.02,0.0,,
馬公市,土地,文石段1366地號,1388.2,,一般農業區,農牧用地,1071101,土地1建物0車位0,,,其他,,,,0.0,0,0,0,有,無,62680000,45152,,0.0,0,權利人共六人含未來興建六戶之房屋價款,RPRNMLMJJHOFFAX76CA,0.0,0.0,0.0,,
馬公市,土地,文石段1159地號,1455.15,,一般農業區,農牧用地,1071109,土地1建物0車位0,,,其他,,,,0.0,0,0,0,有,無,54230000,37268,,0.0,0,權利人數7人，變更起造人含未來興建房屋之費用簽約日期分別為：107/11/13、107/12/6、107/12/7、107/12/25、107/12/28,RPPNMLMKJHOFFAX66CA,0.0,0.0,0.0,,
馬公市,房地(土地+建物),澎湖縣馬公市西文澳６３之５２號,123.21,住,,,1071121,土地1建物1車位0,全,四層,透天厝,住家用,鋼筋混凝土造,0951123,259.88,5,2,5,有,無,11460000,44097,,0.0,0,,RPPNMLKLKINFFAX66CA,228.8,11.38,19.7,,
馬公市,土地,興仁南段126地號,165.0,,風景區,農牧用地,1071218,土地1建物0車位0,,,其他,,,,0.0,0,0,0,有,無,900000,5455,,0.0,0,,RPQNMLOLKINFFAX17CA,0.0,0.0,0.0,,
馬公市,房地(土地+建物),澎湖縣馬公市三多路１２巷８號,69.18,住,,,1071125,土地3建物1車位0,全,二層,透天厝,住家用,鋼筋混凝土加強磚造,0690628,75.48,3,1,2,有,無,4500000,59618,,0.0,0,,RPUNMLQLKINFFAX77CA,75.48,0.0,0.0,,
馬公市,土地,山水西段174地號,373.42,,一般農業區,農牧用地,1071210,土地1建物0車位0,,,其他,,,,0.0,0,0,0,有,無,2130000,5704,,0.0,0,,RPRNMLOLKINFFAX37DA,0.0,0.0,0.0,,
馬公市,土地,六合段3-1地號,71.25,,鄉村區,乙種建築用地,1071120,土地1建物0車位0,,,其他,,,,0.0,0,0,0,有,無,2110000,29614,,0.0,0,,RPPNMLRLKINFFAX37CA,0.0,0.0,0.0,,
馬公市,房地(土地+建物),澎湖縣馬公市五福路３巷６弄１５號,186.46,,一般農業區,甲種建築用地,1071112,土地2建物1車位0,全,三層,透天厝,住家用,鋼筋混凝土造,1070920,263.67,5,2,5,有,無,9960000,37774,,0.0,0,,RPRNMLLMKINFFAX07CA,245.57,18.1,0.0,,
湖西鄉,土地,南寮北段2165地號,1596.24,,一般農業區,農牧用地,1071215,土地2建物0車位0,,,其他,,,,0.0,0,0,0,有,無,1250000,783,,0.0,0,,RPQNMLPLKINFFAX27CA,0.0,0.0,0.0,,
馬公市,房地(土地+建物),澎湖縣馬公市鎖管港１３７號,148.6,住,,,1071206,土地1建物1車位0,全,二層,透天厝,國民住宅,鋼筋混凝土加強磚造,0700216,80.56,3,1,1,有,無,2500000,31033,,0.0,0,,RPPNMLQLKINFFAX27CA,80.56,0.0,0.0,,
馬公市,房地(土地+建物),澎湖縣馬公市裡４３號,153.67,,鄉村區,乙種建築用地,1071216,土地1建物1車位0,全,一層,透天厝,住家用,造,0150101,45.78,6,1,1,有,無,700000,15291,,0.0,0,親友、員工或其他特殊關係間之交易。；,RPQNMLQLKINFFAX37CA,40.83,4.96,0.0,,
馬公市,房地(土地+建物),澎湖縣馬公市朝陽路１４２之１號,26.01,住,,,1071118,土地2建物1車位0,一層,七層,店面(店鋪),住商用,鋼筋混凝土造,0840623,125.11,0,0,0,無,無,9200000,73535,,0.0,0,,RPQNMLMJJHOFFAX66CA,97.3,0.0,0.0,,
馬公市,建物,澎湖縣馬公市鎖管港２９２號,0.0,,,,1071217,土地0建物1車位0,一層，夾層,一層,工廠,製冰廠、儲藏室,鋼筋混凝土加強磚造,0790402,368.77,0,0,0,無,無,360000,,,0.0,0,,RPRNMLSJJHOFFAX37CA,368.77,0.0,0.0,,
馬公市,房地(土地+建物),澎湖縣馬公市文山路358巷6號,80.0,住,,,1071212,土地1建物1車位0,全,三層,透天厝,住家用,鋼筋混凝土造,0820302,140.39,4,2,4,有,無,7000000,49861,,0.0,0,,RPRNMLPLKINFFAX47DA,140.39,0.0,0.0,,
馬公市,土地,四維段1177地號,1305.98,農,,,1071213,土地2建物0車位0,,,其他,,,,0.0,0,0,0,有,無,27653000,21174,,0.0,0,,RPROMLTJNHOFFAX97CA,0.0,0.0,0.0,,
馬公市,土地,四維段1167地號,737.94,農,,,1071213,土地2建物0車位0,,,其他,,,,0.0,0,0,0,有,無,15624000,21172,,0.0,0,,SPROMLTJNHOFFAX08CA,0.0,0.0,0.0,,
馬公市,土地,西澳段690-1地號,14.24,住,,,1071220,土地1建物0車位0,,,其他,,,,0.0,0,0,0,有,無,775000,54424,,0.0,0,,RPRNMLQLKINFFAX47CA,0.0,0.0,0.0,,
馬公市,房地(土地+建物),澎湖縣馬公市五福路３巷６弄１２號,185.81,,一般農業區,甲種建築用地,1071116,土地2建物1車位0,全,三層,透天厝,住家用,鋼筋混凝土造,1070920,264.97,5,2,5,有,無,9880000,37287,,0.0,0,,RPSNMLLMKINFFAX17CA,246.87,18.1,0.0,,
馬公市,房地(土地+建物),澎湖縣馬公市五福路３巷６弄１１號,187.68,,一般農業區,甲種建築用地,1071116,土地2建物1車位0,全,三層,透天厝,住家用,鋼筋混凝土造,1070920,264.97,5,2,5,有,無,9880000,37287,,0.0,0,,RPTNMLLMKINFFAX27CA,246.87,18.1,0.0,,
馬公市,土地,東衛段1147地號,1515.92,,鄉村區,乙種建築用地,1071121,土地2建物0車位0,,,其他,,,,0.0,0,0,0,有,無,27800000,18339,,0.0,0,,RPUNMLLKJHOFFAX07CA,0.0,0.0,0.0,,
馬公市,房地(土地+建物),澎湖縣馬公市縣府新村７號,102.25,住,,,1071220,土地2建物1車位0,全,二層,透天厝,住家用,鋼筋混凝土加強磚造,0660204,108.72,6,1,3,有,無,8600000,79102,,0.0,0,,RPWNMLMLJHOFFAX47CA,108.72,0.0,0.0,,
馬公市,土地,烏崁新段662地號,980.96,,風景區,農牧用地,1071113,土地1建物0車位0,,,其他,,,,0.0,0,0,0,有,無,2810000,2865,,0.0,0,,RPQNMLRLKINFFAX47CA,0.0,0.0,0.0,,
馬公市,房地(土地+建物),澎湖縣馬公市鎖管港８８之７號,113.33,住,,,1071212,土地1建物1車位0,全,三層,透天厝,住家用,鋼筋混凝土造,1070823,234.63,5,2,5,有,無,8360000,35631,,0.0,0,土地及建物分次登記案件,RPUNMLTJNHOFFAX18CA,220.09,14.54,0.0,,
西嶼鄉,房地(土地+建物),澎湖縣西嶼鄉小池角22號,2232.79,,一般農業區,農牧用地,1071210,土地10建物1車位0,全,一層,透天厝,住家用,造,0190101,50.83,3,1,1,有,無,1500000,29510,,0.0,0,親友、員工或其他特殊關係間之交易。；,RPSNMLOJJHOFFAX17DA,50.83,0.0,0.0,,
湖西鄉,土地,西溪新段818地號,170.74,,鄉村區,乙種建築用地,1071219,土地1建物0車位0,,,其他,,,,0.0,0,0,0,有,無,300000,1757,,0.0,0,親友、員工或其他特殊關係間之交易。；,RPRNMLTJJHOFFAX47CA,0.0,0.0,0.0,,
湖西鄉,土地,湖西南段1334地號,2595.95,,一般農業區,農牧用地,1071213,土地8建物0車位0,,,其他,,,,0.0,0,0,0,有,無,2980000,1148,,0.0,0,,RPPNMLSJJHOFFAX17CA,0.0,0.0,0.0,,
馬公市,土地,四維段1214地號,298.69,,一般農業區,農牧用地,1071212,土地1建物0車位0,,,其他,,,,0.0,0,0,0,有,無,1178650,3946,,0.0,0,,RPTNMLRKJHOFFAX57CA,0.0,0.0,0.0,,
馬公市,房地(土地+建物),澎湖縣馬公市大賢街７１號,111.99,住,,,1071218,土地1建物1車位0,全,四層,透天厝,辦公室、停車空間、住宅、樓梯間,鋼筋混凝土造,1060428,375.09,9,2,10,有,無,29500000,78648,,0.0,0,,RPPNMLMLJHOFFAX76CA,352.41,22.68,0.0,,
馬公市,房地(土地+建物),澎湖縣馬公市文山路８３號七樓,28.39,住,,,1071219,土地5建物1車位0,七層,七層,華廈(10層含以下有電梯),住家用,鋼筋混凝土造,0840804,153.06,3,2,2,有,有,4500000,29400,,0.0,0,,RPQNMLMLJHOFFAX86CA,99.63,0.0,15.39,,
湖西鄉,房地(土地+建物),澎湖縣湖西鄉土地公前１９號一樓、三樓,110.84,,鄉村區,乙種建築用地,1071224,土地1建物2車位0,三層,五層,公寓(5樓含以下無電梯),住家用,鋼筋混凝土造,0850215,196.39999999999998,4,2,2,有,無,3500000,17821,,0.0,0,一樓與三樓併同移轉，總價350萬元整,RPPNMLPLJHOFFAX07CA,165.66,9.23,0.0,,
七美鄉,土地,大嶼段5726地號,606.5,,一般農業區,農牧用地,1071210,土地1建物0車位0,,,其他,,,,0.0,0,0,0,有,無,1651000,2722,,0.0,0,,RPRNMLRJJHOFFAX27CA,0.0,0.0,0.0,,
湖西鄉,土地,林投南段80-1地號,243.9,,一般農業區,農牧用地,1071225,土地2建物0車位0,,,其他,,,,0.0,0,0,0,有,無,326151,1337,,0.0,0,親友、員工或其他特殊關係間之交易。；,RPSNMLLKJHOFFAX86CA,0.0,0.0,0.0,,
馬公市,房地(土地+建物),澎湖縣馬公市光榮街３１號,74.12,住,,,1071122,土地1建物1車位0,全,三層,透天厝,住家用,鋼筋混凝土造,0950929,104.44,5,1,5,有,無,7500000,71812,,0.0,0,親友、員工或其他特殊關係間之交易。；,RPPNMLLMKINFFAX86CA,98.5,5.94,0.0,,
馬公市,土地,文寮段55地號,1466.82,,一般農業區,甲種建築用地,1071220,土地1建物0車位0,,,其他,,,,0.0,0,0,0,有,無,61892500,42195,,0.0,0,權利人數：6人，農變建變更起造人含未來興建房屋之費用。簽約日期分別為：107/10/23、107/10/24、107/12/7,RPTNMLTJNHOFFAX08CA,0.0,0.0,0.0,,
馬公市,房地(土地+建物),澎湖縣馬公市鎖管港３３２號,88.21,住,,,1071106,土地2建物1車位0,全,三層,透天厝,住商用,鋼筋混凝土造,0831231,183.17,4,2,3,有,無,3160780,17256,,0.0,0,親友、員工或其他特殊關係間之交易。；,RPPNMLQJJHOFFAX96CA,183.17,0.0,0.0,,
馬公市,土地,山水南段980地號,435.67,,鄉村區,乙種建築用地,1071127,土地2建物0車位0,,,其他,,,,0.0,0,0,0,有,無,13540000,31079,,0.0,0,,RPQNMLQJJHOFFAX07CA,0.0,0.0,0.0,,
馬公市,房地(土地+建物),澎湖縣馬公市西文澳１１之１９號七樓,32.49,住,,,1071126,土地1建物1車位0,七層,七層,華廈(10層含以下有電梯),住家用,鋼筋混凝土造,0820113,151.96,3,2,2,有,無,4500000,29613,,0.0,0,,RPPNMLSKJHOFFAX27CA,114.37,0.0,0.0,,
馬公市,房地(土地+建物),澎湖縣馬公市五福路116號,76.09,,鄉村區,乙種建築用地,1071224,土地2建物1車位0,全,三層,透天厝,住家用,鋼筋混凝土加強磚造,0691020,111.72,2,2,2,有,無,3300000,29538,,0.0,0,,RPQNMLRJJHOFFAX27DA,111.72,0.0,0.0,,
馬公市,房地(土地+建物),澎湖縣馬公市北辰街17巷10之1號,40.0,住,,,1071121,土地2建物1車位0,二層,五層,公寓(5樓含以下無電梯),集合住宅,鋼筋混凝土造,0730629,82.11,3,2,2,有,無,2800000,34101,,0.0,0,,RPQOMLRJNHOFFAX77DA,82.11,0.0,0.0,,
馬公市,土地,五福段5地號,541.8,,一般農業區,農牧用地,1071011,土地1建物0車位0,,,其他,,,,0.0,0,0,0,有,無,10652000,19660,,0.0,0,,RPRNMLMLJHOFFAX96CA,0.0,0.0,0.0,,
馬公市,房地(土地+建物),澎湖縣馬公市文化路３９號,22.0,商,,,1071214,土地1建物1車位0,全,二層,透天厝,住商用,鋼筋混凝土加強空心磚造,0510810,43.5,2,1,2,有,無,5500000,126437,,0.0,0,,RPSNMLMLJHOFFAX07CA,43.5,0.0,0.0,,
馬公市,土地,五德西段3-3地號,371.69,,風景區,丙種建築用地,1070904,土地2建物0車位0,,,其他,,,,0.0,0,0,0,有,無,6850000,18429,,0.0,0,,RPUNMLPKJHOFFAX47CA,0.0,0.0,0.0,,
馬公市,土地,鎖港西段710地號,501.78,農,,,1071222,土地2建物0車位0,,,其他,,,,0.0,0,0,0,有,無,2000000,3986,,0.0,0,,RPSNMLRJJHOFFAX37CA,0.0,0.0,0.0,,
馬公市,土地,五福段499-1地號,374.55,,一般農業區,農牧用地,1071217,土地1建物0車位0,,,其他,,,,0.0,0,0,0,有,無,6800000,18155,,0.0,0,,RPQNMLTJJHOFFAX37CA,0.0,0.0,0.0,,
馬公市,房地(土地+建物),澎湖縣馬公市西文澳９７之１２號,1214.4,,一般農業區,丁種建築用地,1071218,土地5建物1車位0,一層,一層,店面(店鋪),商業用,鋼筋混凝土加強空心磚造,0620720,333.67,0,0,0,無,無,53520000,160398,,0.0,0,店面、辦公廳、工廠、冷凍庫 文東段943-1地號國有基地租約書一併移轉,RPPNMLOKJHOFFAX86CA,333.67,0.0,0.0,,
湖西鄉,土地,尖山南段972地號,338.48,,風景區,農牧用地,1071030,土地1建物0車位0,,,其他,,,,0.0,0,0,0,有,無,1500000,4432,,0.0,0,逾期未辦繼承之標售案,RPRNMLOKJHOFFAX07CA,0.0,0.0,0.0,,
馬公市,土地,中衛段1439-4地號,220.68,,一般農業區,甲種建築用地,1071228,土地2建物0車位0,,,其他,,,,0.0,0,0,0,有,無,4670000,21162,,0.0,0,親友、員工或其他特殊關係間之交易。；,RPRNMLTLJHOFFAX77DA,0.0,0.0,0.0,,
望安鄉,土地,東吉段985地號,69.0,,鄉村區,乙種建築用地,1071030,土地1建物0車位0,,,其他,,,,0.0,0,0,0,有,無,75000,1087,,0.0,0,逾期未辦繼承共有土地標售,RPPNMLKKJHOFFAX56DA,0.0,0.0,0.0,,
馬公市,房地(土地+建物),澎湖縣馬公市珠江152之10號,135.92,,鄉村區,乙種建築用地,1071206,土地1建物1車位0,全,二層,透天厝,住家用,鋼筋混凝土加強磚造,0751016,117.53,4,2,2,有,無,2460000,20931,,0.0,0,,RPPNMLTJJHOFFAX37DA,117.53,0.0,0.0,,
西嶼鄉,土地,池東段2486地號,374.91,,鄉村區,乙種建築用地,1071214,土地1建物0車位0,,,其他,,,,0.0,0,0,0,有,無,1600000,4268,,0.0,0,,RPXNMLPKJHOFFAX77CA,0.0,0.0,0.0,,
馬公市,土地,鎖港南段549地號,724.74,住,,,1071115,土地2建物0車位0,,,其他,,,,0.0,0,0,0,有,無,10961500,15125,,0.0,0,親友、員工或其他特殊關係間之交易。；,RPQNMLLKJHOFFAX66CA,0.0,0.0,0.0,,
馬公市,房地(土地+建物),澎湖縣馬公市西文澳６３之１１號,71.57,住,,,1070928,土地2建物1車位0,全,二層,透天厝,住家用,鋼筋混凝土加強磚造,0670529,55.49,4,1,1,有,無,2050000,36944,,0.0,0,親友、員工或其他特殊關係間之交易。；,RPRNMLLMJHOFFAX96CA,55.49,0.0,0.0,,
西嶼鄉,土地,赤馬二段907地號,1495.97,,一般農業區,農牧用地,1071221,土地5建物0車位0,,,其他,,,,0.0,0,0,0,有,無,1200000,802,,0.0,0,急買急賣。；,RPPNMLLKKHOFFAX66CA,0.0,0.0,0.0,,
馬公市,土地,中山段481-1地號,1.31,住,,,1071225,土地3建物0車位0,,,其他,,,,0.0,0,0,0,有,無,49270,37611,,0.0,0,向政府機關承購之案件。；,RPPNMLLKJHOFFAX66DA,0.0,0.0,0.0,,
馬公市,土地,中衛段1667地號,229.56,,一般農業區,農牧用地,1071122,土地1建物0車位0,,,其他,,,,0.0,0,0,0,有,無,5480000,23872,,0.0,0,農變建專案核准興建住宅,RPPNMLNKJHOFFAX76CA,0.0,0.0,0.0,,
馬公市,土地,文寮段336地號,1233.26,,一般農業區,農牧用地,1071119,土地1建物0車位0,,,其他,,,,0.0,0,0,0,有,無,8765500,7108,,0.0,0,,RPQNMLOKJHOFFAX96CA,0.0,0.0,0.0,,
馬公市,房地(土地+建物),澎湖縣馬公市中央街１巷３號,45.0,其他,,,1071128,土地1建物1車位0,全,三層,透天厝,住商用,鋼筋混凝土造,0931124,91.27,2,2,2,有,無,6800000,74504,,0.0,0,依土地法34-1買賣的土地,RPSNMLSKJHOFFAX57CA,82.87,8.4,0.0,,
湖西鄉,房地(土地+建物),澎湖縣湖西鄉林投８８之３號,120.83,,一般農業區,甲種建築用地,1080104,土地1建物1車位0,全,二層,透天厝,農民住宅,鋼筋混凝土加強磚造,0750420,125.5,3,2,2,有,無,2500000,19920,,0.0,0,,RPVNMLPKJHOFFAX57CA,125.5,0.0,0.0,,
湖西鄉,土地,沙港北段609地號,203.7,,鄉村區,乙種建築用地,1071030,土地1建物0車位0,,,其他,,,,0.0,0,0,0,有,無,651872,3200,,0.0,0,逾期未辦繼承土地標售案,RPWNMLPKJHOFFAX67CA,0.0,0.0,0.0,,
馬公市,土地,五福段817地號,878.44,,一般農業區,農牧用地,1070528,土地1建物0車位0,,,其他,,,,0.0,0,0,0,有,無,11000000,12522,,0.0,0,,RPUNMLTLJHOFFAX97CA,0.0,0.0,0.0,,
湖西鄉,土地,湖東新段880地號,292.0,,一般農業區,農牧用地,1071225,土地1建物0車位0,,,其他,,,,0.0,0,0,0,有,無,662000,2267,,0.0,0,,RPTNMLLKJHOFFAX96CA,0.0,0.0,0.0,,
馬公市,土地,鎖港西段585-3地號,46.42,住,,,1071224,土地1建物0車位0,,,其他,,,,0.0,0,0,0,有,無,919116,19800,,0.0,0,向政府機關承購之案件。；國有財產署公地讓售案,RPWNMLLMJHOFFAX57DA,0.0,0.0,0.0,,
馬公市,土地,興崁段1099地號,187.9,,一般農業區,農牧用地,1070508,土地1建物0車位0,,,其他,,,,0.0,0,0,0,有,無,6360000,33848,,0.0,0,本案權利人為5人。此為單戶農變建變更起造人含未來興建房屋之費用。簽約日期為：107/5/8,RPTNMLKMJHOFFAX07CA,0.0,0.0,0.0,,
馬公市,土地,興崁段1099地號,187.53,,一般農業區,農牧用地,1070508,土地1建物0車位0,,,其他,,,,0.0,0,0,0,有,無,6800000,36261,,0.0,0,本案權利人數為5人。此為單戶農變建變更起造人含未來興建房屋之費用。簽約日期：107/6/20,SPTNMLKMJHOFFAX17CA,0.0,0.0,0.0,,
湖西鄉,土地,許家段1165地號,229.44,,一般農業區,農牧用地,1080103,土地1建物0車位0,,,其他,,,,0.0,0,0,0,有,無,4000000,17434,,0.0,0,農變建專案核准興建住宅,RPPNMLLMJHOFFAX76CA,0.0,0.0,0.0,,
馬公市,房地(土地+建物),澎湖縣馬公市東衛７１之８號,266.25,,一般農業區,甲種建築用地,1071128,土地2建物1車位0,全,三層,透天厝,住家用,鋼筋混凝土造,1071029,412.39,7,2,9,有,無,16000000,38798,,0.0,0,,RPVNMLLMJHOFFAX37CA,373.99,38.4,0.0,,
馬公市,土地,海堤段631地號,49.78,住,,,1071211,土地1建物0車位0,,,其他,,,,0.0,0,0,0,有,無,415000,8337,,0.0,0,,RPPNMLTKJHOFFAX37CA,0.0,0.0,0.0,,
湖西鄉,建物,澎湖縣湖西鄉尖山３４之８號,0.0,,,,1071218,土地0建物1車位0,全,二層,透天厝,住家用,鋼筋混凝土加強磚造,0830530,29.36,6,2,2,有,無,15000,511,,0.0,0,,RPRNMLTKJHOFFAX57CA,28.26,1.11,0.0,,
湖西鄉,土地,尖山南段988地號,943.67,,風景區,農牧用地,1071201,土地1建物0車位0,,,其他,,,,0.0,0,0,0,有,無,2070000,2194,,0.0,0,,RPPNMLPKJHOFFAX96CA,0.0,0.0,0.0,,
馬公市,房地(土地+建物)+車位,澎湖縣馬公市貿商街１３１號四樓之一,31.4,住,,,1071221,土地1建物1車位1,四層,十三層,住宅大樓(11層含以上有電梯),集合住宅,鋼筋混凝土造,0950629,209.70999999999998,4,2,2,有,有,5860000,27943,坡道平面,0.0,0,,RPPNMLQKJHOFFAX07CA,114.65,0.0,11.21,,
馬公市,房地(土地+建物),澎湖縣馬公市五福路３巷６弄１８號,188.91,,一般農業區,甲種建築用地,1071215,土地2建物1車位0,全,三層,透天厝,住家用,鋼筋混凝土造,1070920,260.68,5,2,5,有,無,11000000,42197,,0.0,0,,RPQNMLQKJHOFFAX17CA,245.66,15.02,0.0,,
馬公市,房地(土地+建物),澎湖縣馬公市新生路７１巷１號,40.87,商,,,1071226,土地1建物1車位0,一層,七層,華廈(10層含以下有電梯),住商用,鋼筋混凝土造,0781011,190.87,3,1,2,有,無,6000000,31435,,0.0,0,,RPRNMLQKJHOFFAX27CA,139.72,0.0,0.0,,
湖西鄉,土地,鼎灣新段788地號,529.14,,一般農業區,農牧用地,1080104,土地1建物0車位0,,,其他,,,,0.0,0,0,0,有,無,1500000,2835,,0.0,0,親友、員工或其他特殊關係間之交易。；,RPSNMLQKJHOFFAX37CA,0.0,0.0,0.0,,
湖西鄉,土地,中西段510地號,16.29,,一般農業區,農牧用地,1071030,土地1建物0車位0,,,其他,,,,0.0,0,0,0,有,無,30100,1848,,0.0,0,向政府機關承購之案件。；,RPVNMLMLJHOFFAX47DA,0.0,0.0,0.0,,
湖西鄉,土地,湖西南段1974地號,575.97,,一般農業區,農牧用地,1080110,土地1建物0車位0,,,其他,,,,0.0,0,0,0,有,無,1680000,2917,,0.0,0,,RPPNMLNLJHOFFAX96DA,0.0,0.0,0.0,,
七美鄉,土地,大嶼段4083地號,163.67,,一般農業區,農牧用地,1071210,土地3建物0車位0,,,其他,,,,0.0,0,0,0,有,無,180015,1100,,0.0,0,,RPQNMLKMJHOFFAX86DA,0.0,0.0,0.0,,
白沙鄉,土地,鎮海新段993地號,454.76,,風景區,農牧用地,1080109,土地1建物0車位0,,,其他,,,,0.0,0,0,0,有,無,636666,1400,,0.0,0,親友、員工或其他特殊關係間之交易。；,RPQNMLRKJHOFFAX37DA,0.0,0.0,0.0,,
湖西鄉,土地,成功南段1026地號,2473.86,,一般農業區,農牧用地,1071203,土地2建物0車位0,,,其他,,,,0.0,0,0,0,有,無,13918900,5626,,0.0,0,,RPTNMLMLJHOFFAX27DA,0.0,0.0,0.0,,
馬公市,土地,裡新段779地號,805.75,,鄉村區,乙種建築用地,1071207,土地1建物0車位0,,,其他,,,,0.0,0,0,0,有,無,12300000,15265,,0.0,0,,RPPNMLLLJHOFFAX66CA,0.0,0.0,0.0,,
西嶼鄉,土地,竹篙灣段3662地號,336.0,,一般農業區,農牧用地,1071222,土地1建物0車位0,,,其他,,,,0.0,0,0,0,有,無,470400,1400,,0.0,0,親友、員工或其他特殊關係間之交易。；,RPQNMLLLJHOFFAX76CA,0.0,0.0,0.0,,
馬公市,土地,興仁段833-5地號,201.43,,一般農業區,甲種建築用地,1071231,土地2建物0車位0,,,其他,,,,0.0,0,0,0,有,無,7360000,36539,,0.0,0,農變建變更起造人，含未來興建房屋之費用,RPQNMLTLJHOFFAX57CA,0.0,0.0,0.0,,
七美鄉,房地(土地+建物),澎湖縣七美鄉南滬32號,49.97,,鄉村區,乙種建築用地,1071231,土地1建物1車位0,一層,一層,工廠,冰廠,鋼筋加強空心磚造,0740501,205.34,3,1,2,有,無,5000000,,,0.0,0,,RPPOMLRJNHOFFAX57CA,205.34,0.0,0.0,,
馬公市,土地,興仁段374-1地號,219.23,,一般農業區,農牧用地,1071230,土地1建物0車位0,,,其他,,,,0.0,0,0,0,有,無,1000000,4561,,0.0,0,,RPPNMLSJNHOFFAX57CA,0.0,0.0,0.0,,
湖西鄉,土地,葉新段1135地號,77.84,,一般農業區,甲種建築用地,1070911,土地1建物0車位0,,,其他,,,,0.0,0,0,0,有,無,306000,3931,,0.0,0,向政府機關承購之案件。；投標逾期未辦繼承登記土地,RPRNMLMKKHOFFAX96CA,0.0,0.0,0.0,,
馬公市,房地(土地+建物),澎湖縣馬公市石泉１５７號,131.16,,一般農業區,甲種建築用地,1071129,土地6建物1車位0,全,三層,透天厝,住家用,鋼筋混凝土造,0900227,197.52,6,2,4,有,無,6000000,30377,,0.0,0,,RPQNMLLKKHOFFAX76CA,189.46,8.06,0.0,,
馬公市,土地,五福段76-4地號,242.6,,一般農業區,甲種建築用地,1070703,土地2建物0車位0,,,其他,,,,0.0,0,0,0,有,無,9280000,38252,,0.0,0,含未來興建1戶房屋價款,RPTNMLLKKHOFFAX07CA,0.0,0.0,0.0,,
馬公市,土地,四維段584-6地號,281.27,,一般農業區,甲種建築用地,1071228,土地1建物0車位0,,,其他,,,,0.0,0,0,0,有,無,4010000,14257,,0.0,0,農變建專案核准變更起造人,RPSNMLSJNHOFFAX87CA,0.0,0.0,0.0,,
馬公市,土地,四維段584-5地號,217.75,,一般農業區,甲種建築用地,1071228,土地2建物0車位0,,,其他,,,,0.0,0,0,0,有,無,3320000,15247,,0.0,0,農變建專案核准變更起造人,RPRNMLPKKHOFFAX27CA,0.0,0.0,0.0,,
白沙鄉,土地,講美段1276地號,128.64,,一般農業區,農牧用地,1071221,土地1建物0車位0,,,其他,,,,0.0,0,0,0,有,無,190000,1477,,0.0,0,,RPQNMLNKKHOFFAX96CA,0.0,0.0,0.0,,
馬公市,房地(土地+建物),澎湖縣馬公市五福路６１巷５弄８號,102.63,,鄉村區,乙種建築用地,1080109,土地1建物1車位0,一層，二層，三層,三層,其他,住家用,鋼筋混凝土加強磚造,0690405,113.4,5,2,3,有,無,3700000,32628,,0.0,0,,RPQNMLPLJHOFFAX17CA,113.4,0.0,0.0,,
馬公市,房地(土地+建物),澎湖縣馬公市東衛８６之２７號,305.1,,一般農業區,甲種建築用地,1071224,土地2建物1車位0,全,三層,透天厝,住家用,鋼筋混凝土造,1050223,307.11,6,2,6,有,無,8920000,29045,,0.0,0,,RPPNMLSLJHOFFAX37CA,286.97,20.14,0.0,,
湖西鄉,土地,南寮北段742-1地號,334.86,,一般農業區,農牧用地,1080115,土地2建物0車位0,,,其他,,,,0.0,0,0,0,有,無,1560000,4659,,0.0,0,,RPXNMLMLJHOFFAX57CA,0.0,0.0,0.0,,
湖西鄉,土地,南寮北段741-1地號,2.74,,一般農業區,交通用地,1080115,土地1建物0車位0,,,其他,,,,0.0,0,0,0,有,無,5000,1825,,0.0,0,親友、員工或其他特殊關係間之交易。；賣方賣清價土地增值稅由買方負擔,RPOOMLMLJHOFFAX76CA,0.0,0.0,0.0,,
湖西鄉,土地,南寮北段1151地號,83.42,,一般農業區,農牧用地,1080106,土地1建物0車位0,,,其他,,,,0.0,0,0,0,有,無,126150,1512,,0.0,0,1.每坪5000元。2.親友間買賣移轉。3.共有人間之交易。4.買清賣方負擔全部稅規費。,RPTNMLSLJHOFFAX77CA,0.0,0.0,0.0,,
馬公市,房地(土地+建物),澎湖縣馬公市中正路７巷８號,74.0,商,,,1071222,土地1建物1車位0,全,三層,透天厝,住商用,鋼筋混凝土造,0860127,210.68,4,2,3,有,無,9600000,45567,,0.0,0,,RPQNMLMKKHOFFAX86CA,202.64,8.04,0.0,,
白沙鄉,土地,講美段2018地號,758.35,,一般農業區,農牧用地,1071221,土地3建物0車位0,,,其他,,,,0.0,0,0,0,有,無,1061690,1400,,0.0,0,,RPPNMLOKKHOFFAX96CA,0.0,0.0,0.0,,
馬公市,土地,五福段76-4地號,242.62,,一般農業區,甲種建築用地,1070710,土地2建物0車位0,,,其他,,,,0.0,0,0,0,有,無,9280000,38249,,0.0,0,含未來興建1戶房屋價款,RPSNMLLKKHOFFAX96CA,0.0,0.0,0.0,,
白沙鄉,土地,通梁東段14-1地號,330.0,,風景區,丙種建築用地,1071225,土地1建物0車位0,,,其他,,,,0.0,0,0,0,有,無,11000000,33333,,0.0,0,農變建之起造人變更含未來興建房屋價款,RPPNMLLLKHOFFAX76CA,0.0,0.0,0.0,,
白沙鄉,土地,通梁東段14-3地號,462.39,,風景區,丙種建築用地,1071225,土地2建物0車位0,,,其他,,,,0.0,0,0,0,有,無,12000000,25952,,0.0,0,農變建之起造人變更含未來興建房屋價款,RPQNMLLLKHOFFAX86CA,0.0,0.0,0.0,,
馬公市,土地,桶盤段242-46地號,368.0,,風景區,特定目的事業用地,1080109,土地2建物0車位0,,,其他,,,,0.0,0,0,0,有,無,515200,1400,,0.0,0,向政府機關承購之案件。；,RPPNMLTLJHOFFAX67EA,0.0,0.0,0.0,,
馬公市,土地,山水北段487地號,511.61,,鄉村區,乙種建築用地,1071205,土地1建物0車位0,,,其他,,,,0.0,0,0,0,有,無,5500000,10750,,0.0,0,,RPQNMLOLJHOFFAX07CA,0.0,0.0,0.0,,
馬公市,土地,五德東段858地號,642.31,,一般農業區,農牧用地,1071231,土地1建物0車位0,,,其他,,,,0.0,0,0,0,有,無,3500000,5449,,0.0,0,,RPVNMLSJNHOFFAX18CA,0.0,0.0,0.0,,
馬公市,房地(土地+建物),澎湖縣馬公市雙頭掛１７之１號,122.8,,鄉村區,乙種建築用地,1080110,土地1建物1車位0,全,三層,透天厝,住家用,鋼筋混凝土造,1071213,207.84,4,2,5,有,無,6880000,33102,,0.0,0,,RPWNMLPKKHOFFAX77CA,193.68,14.16,0.0,,
馬公市,房地(土地+建物),澎湖縣馬公市雙頭掛１７之２號,128.96,,鄉村區,乙種建築用地,1080110,土地1建物1車位0,全,三層,透天厝,住家用,鋼筋混凝土造,1071213,207.63,5,2,5,有,無,6780000,32654,,0.0,0,,SPWNMLPKKHOFFAX87CA,193.47,14.16,0.0,,
馬公市,房地(土地+建物),澎湖縣馬公市雙頭掛１７號,146.24,,鄉村區,乙種建築用地,1080110,土地1建物1車位0,全,三層,透天厝,住家用,鋼筋混凝土造,1071213,234.83,5,2,5,有,無,7360000,31342,,0.0,0,,TPWNMLPKKHOFFAX97CA,219.51,15.32,0.0,,
馬公市,土地,馬公段252地號,109.0,商,,,1080116,土地1建物0車位0,,,其他,,,,0.0,0,0,0,有,無,12753000,117000,,0.0,0,向政府機關承購之案件。；,RPPNMLSKKHOFFAX37CA,0.0,0.0,0.0,,
湖西鄉,土地,許家段910地號,185.34,,一般農業區,農牧用地,1080119,土地1建物0車位0,,,其他,,,,0.0,0,0,0,有,無,7000000,37768,,0.0,0,本案權利人數：9人。此為單戶農變建變更起造人含未來興建房屋之費用。,RPVNMLMLKHOFFAX47CA,0.0,0.0,0.0,,
湖西鄉,土地,許家段910地號,175.01,,一般農業區,農牧用地,1080119,土地1建物0車位0,,,其他,,,,0.0,0,0,0,有,無,6531800,37322,,0.0,0,本案權利人數：9人。此為單戶農變建變更起造人含未來興建房屋之費用。,SPVNMLMLKHOFFAX57CA,0.0,0.0,0.0,,
湖西鄉,土地,許家段910地號,175.01,,一般農業區,農牧用地,1080119,土地1建物0車位0,,,其他,,,,0.0,0,0,0,有,無,6500000,37141,,0.0,0,本案權利人數：9人。此為單戶農變建變更起造人含未來興建房屋之費用。,TPVNMLMLKHOFFAX67CA,0.0,0.0,0.0,,
湖西鄉,土地,許家段910地號,175.01,,一般農業區,農牧用地,1080119,土地1建物0車位0,,,其他,,,,0.0,0,0,0,有,無,6500000,37141,,0.0,0,本案權利人數：9人。此為單戶農變建變更起造人含未來興建房屋之費用。,UPVNMLMLKHOFFAX77CA,0.0,0.0,0.0,,
湖西鄉,土地,許家段910地號,175.01,,一般農業區,農牧用地,1080119,土地1建物0車位0,,,其他,,,,0.0,0,0,0,有,無,6500000,37141,,0.0,0,本案權利人數：9人。此為單戶農變建變更起造人含未來興建房屋之費用。,VPVNMLMLKHOFFAX87CA,0.0,0.0,0.0,,
湖西鄉,土地,許家段910地號,175.01,,一般農業區,農牧用地,1080119,土地1建物0車位0,,,其他,,,,0.0,0,0,0,有,無,6500000,37141,,0.0,0,本案權利人數：9人。此為單戶農變建變更起造人含未來興建房屋之費用。,WPVNMLMLKHOFFAX97CA,0.0,0.0,0.0,,
湖西鄉,土地,許家段910地號,179.85,,一般農業區,農牧用地,1080119,土地1建物0車位0,,,其他,,,,0.0,0,0,0,有,無,7050000,39199,,0.0,0,本案權利人數：9人。此為單戶農變建變更起造人含未來興建房屋之費用。,XPVNMLMLKHOFFAX08CA,0.0,0.0,0.0,,
湖西鄉,土地,許家段910地號,223.76,,一般農業區,農牧用地,1080119,土地1建物0車位0,,,其他,,,,0.0,0,0,0,有,無,7600000,33965,,0.0,0,本案權利人數：9人。此為單戶農變建變更起造人含未來興建房屋之費用。,YPVNMLMLKHOFFAX18CA,0.0,0.0,0.0,,
湖西鄉,土地,許家段910地號,175.01,,一般農業區,農牧用地,1080119,土地1建物0車位0,,,其他,,,,0.0,0,0,0,有,無,7000000,39998,,0.0,0,本案權利人數：9人。此為單戶農變建變更起造人含未來興建房屋之費用。,ZPVNMLMLKHOFFAX28CA,0.0,0.0,0.0,,
馬公市,土地,山水東段547地號,366.54,,一般農業區,農牧用地,1080119,土地1建物0車位0,,,其他,,,,0.0,0,0,0,有,無,1600000,4365,,0.0,0,,RPTNMLPKKHOFFAX47CA,0.0,0.0,0.0,,
馬公市,土地,興崁段579地號,274.22,,一般農業區,農牧用地,1070918,土地1建物0車位0,,,其他,,,,0.0,0,0,0,有,無,7880000,28736,,0.0,0,本案權利人數6人，此為單戶農變建變更起造人含未來興建房屋之費用,RPSNMLMKKHOFFAX07CA,0.0,0.0,0.0,,
馬公市,土地,興崁段579地號,225.38,,一般農業區,農牧用地,1070918,土地1建物0車位0,,,其他,,,,0.0,0,0,0,有,無,6680000,29639,,0.0,0,本案權利人數6人，此為單戶農變建變更起造人含未來興建房屋之費用，簽約日期為:107/7/12,SPSNMLMKKHOFFAX17CA,0.0,0.0,0.0,,
馬公市,土地,興崁段579地號,224.83,,一般農業區,農牧用地,1070918,土地1建物0車位0,,,其他,,,,0.0,0,0,0,有,無,6680000,29711,,0.0,0,本案權利人數6人，此為單戶農變建變更起造人含未來興建房屋之費用，簽約日期為:107/9/24,TPSNMLMKKHOFFAX27CA,0.0,0.0,0.0,,
馬公市,土地,興崁段579地號,224.3,,一般農業區,農牧用地,1070918,土地1建物0車位0,,,其他,,,,0.0,0,0,0,有,無,6680000,29782,,0.0,0,本案權利人數6人，此為單戶農變建變更起造人含未來興建房屋之費用，簽約日期為:107/10/30,UPSNMLMKKHOFFAX37CA,0.0,0.0,0.0,,
馬公市,土地,興崁段579地號,226.62,,一般農業區,農牧用地,1070918,土地1建物0車位0,,,其他,,,,0.0,0,0,0,有,無,6600000,29124,,0.0,0,本案權利人數6人，此為單戶農變建變更起造人含未來興建房屋之費用，簽約日期為:107/10/8,VPSNMLMKKHOFFAX47CA,0.0,0.0,0.0,,
馬公市,土地,興崁段579地號,247.07,,一般農業區,農牧用地,1070918,土地1建物0車位0,,,其他,,,,0.0,0,0,0,有,無,6680000,27037,,0.0,0,本案權利人數6人，此為單戶農變建變更起造人含未來興建房屋之費用，簽約日期為:107/4/13,WPSNMLMKKHOFFAX57CA,0.0,0.0,0.0,,
馬公市,房地(土地+建物)+車位,澎湖縣馬公市貿商街１２１號六樓之二,28.35,住,,,1080103,土地2建物1車位1,六層,七層,住宅大樓(11層含以上有電梯),集合住宅,鋼筋混凝土造,0950710,172.96,3,2,2,有,有,5100000,29487,坡道平面,0.0,0,,RPUNMLKMJHOFFAX17CA,95.69,0.0,10.23,,
馬公市,房地(土地+建物),澎湖縣馬公市林森路４６巷６號,47.98,商,,,1071201,土地1建物1車位0,全,三層,透天厝,住商用,鋼筋混凝土加強磚造,0690331,131.73,4,2,2,有,無,6200000,47066,,0.0,0,,RPQNMLSLJHOFFAX47CA,131.73,0.0,0.0,,
馬公市,土地,五福段303地號,230.17,,一般農業區,農牧用地,1071119,土地1建物0車位0,,,其他,,,,0.0,0,0,0,有,無,11640000,50571,,0.0,0,本案權利人數為5人，此為單戶農變建變更起造人含未來興建房屋之費用。簽約日期為：107/11/19,RPPNMLKMJHOFFAX66CA,0.0,0.0,0.0,,
馬公市,土地,五福段303地號,427.31,,一般農業區,農牧用地,1071119,土地1建物0車位0,,,其他,,,,0.0,0,0,0,有,無,16340000,38239,,0.0,0,本案權利人數為5人，此為單戶農變建變更起造人含未來興建房屋之費用。簽約日期為：107/11/20,SPPNMLKMJHOFFAX76CA,0.0,0.0,0.0,,
馬公市,土地,五福段303地號,230.35,,一般農業區,農牧用地,1071119,土地1建物0車位0,,,其他,,,,0.0,0,0,0,有,無,12860000,55828,,0.0,0,本案權利人數為5人，此為單戶農變建變更起造人含未來興建房屋之費用。簽約日期為：107/11/22,TPPNMLKMJHOFFAX86CA,0.0,0.0,0.0,,
馬公市,土地,五福段303地號,230.16,,一般農業區,農牧用地,1071119,土地1建物0車位0,,,其他,,,,0.0,0,0,0,有,無,12320000,53528,,0.0,0,本案權利人數為5人，此為單戶農變建變更起造人含未來興建房屋之費用。簽約日期為：107/11/29,UPPNMLKMJHOFFAX96CA,0.0,0.0,0.0,,
馬公市,土地,五福段303地號,230.16,,一般農業區,農牧用地,1071119,土地1建物0車位0,,,其他,,,,0.0,0,0,0,有,無,11640000,50574,,0.0,0,本案權利人數為5人，此為單戶農變建變更起造人含未來興建房屋之費用。簽約日期為：108/1/25,VPPNMLKMJHOFFAX07CA,0.0,0.0,0.0,,
馬公市,房地(土地+建物),澎湖縣馬公市西文澳260號,181.36,,一般農業區,甲種建築用地,1080121,土地3建物1車位0,全,三層,透天厝,住家用,鋼筋混凝土造,0960529,208.16,3,1,4,有,無,7000000,33628,,0.0,0,親友、員工或其他特殊關係間之交易。；,RPSNMLTLJHOFFAX87DA,186.03,0.0,22.13,,
馬公市,土地,興仁段484地號,3.72,,一般農業區,農牧用地,1071224,土地1建物0車位0,,,其他,,,,0.0,0,0,0,有,無,7500,2016,,0.0,0,逾期未辦理繼承標售案,RPTNMLLLKHOFFAX37EA,0.0,0.0,0.0,,
馬公市,土地,興崁段573地號,648.5,,一般農業區,農牧用地,1071226,土地1建物0車位0,,,其他,,,,0.0,0,0,0,有,無,1297500,2001,,0.0,0,未辦理繼承標售,RPRNMLLLKHOFFAX96CA,0.0,0.0,0.0,,
馬公市,房地(土地+建物),澎湖縣馬公市東衛16之8號,55.3,,鄉村區,乙種建築用地,1080115,土地1建物1車位0,全,三層,透天厝,住家用,鋼筋混凝土造,0701218,143.36,4,1,2,有,無,4500000,31390,,0.0,0,親友、員工或其他特殊關係間之交易。；,RPVNMLKMJHOFFAX37DA,143.36,0.0,0.0,,
白沙鄉,土地,後寮段7-1地號,590.0,,一般農業區,農牧用地,1080111,土地1建物0車位0,,,其他,,,,0.0,0,0,0,有,無,300000,508,,0.0,0,親友、員工或其他特殊關係間之交易。；,RPTNMLTLJHOFFAX87CA,0.0,0.0,0.0,,
馬公市,土地,北極段629地號,262.99,住,,,1071222,土地4建物0車位0,,,其他,,,,0.0,0,0,0,有,無,3736500,14208,,0.0,0,,RPXNMLKMJHOFFAX47CA,0.0,0.0,0.0,,
湖西鄉,土地,葉新段1945-1地號,92.38,,一般農業區,水利用地,1080111,土地1建物0車位0,,,其他,,,,0.0,0,0,0,有,無,418481,4530,,0.0,0,,RPRNMLLKKHOFFAX86CA,0.0,0.0,0.0,,
馬公市,土地,四維段581地號,437.54,,一般農業區,農牧用地,1080114,土地1建物0車位0,,,其他,,,,0.0,0,0,0,有,無,1500000,3428,,0.0,0,,RPTNMLNKKHOFFAX27CA,0.0,0.0,0.0,,
馬公市,建物,澎湖縣馬公市北辰街１５號,0.0,,,,1080119,土地0建物1車位0,一層,五層,公寓(5樓含以下無電梯),集合住宅,鋼筋混凝土造,0730629,0.34,0,1,1,有,有,0,0,,0.0,0,,RPPOMLMKKHOFFAX86CA,0.0,0.0,0.0,,
馬公市,房地(土地+建物),澎湖縣馬公市北辰街１７巷３之４號,42.51,住,,,1080119,土地2建物1車位0,五層，電梯樓梯間,五層,公寓(5樓含以下無電梯),集合住宅,鋼筋混凝土造,0730629,92.8,3,1,2,有,有,3500000,37716,,0.0,0,,SPPOMLMKKHOFFAX96CA,92.8,0.0,0.0,,
馬公市,房地(土地+建物),澎湖縣馬公市五福路３巷６弄１９號,186.44,,一般農業區,甲種建築用地,1071120,土地2建物1車位0,全,三層,透天厝,住家用,鋼筋混凝土造,1070920,266.14,5,2,5,有,無,10200000,38326,,0.0,0,,RPOOMLMKKHOFFAX76CA,251.9,14.24,0.0,,
馬公市,土地,山水北段896地號,388.69,,一般農業區,農牧用地,1080118,土地1建物0車位0,,,其他,,,,0.0,0,0,0,有,無,592000,1523,,0.0,0,親友、員工或其他特殊關係間之交易。；,RPPOMLOKKHOFFAX07CA,0.0,0.0,0.0,,
馬公市,土地,興仁段494地號,226.74,,鄉村區,乙種建築用地,1080125,土地1建物0車位0,,,其他,,,,0.0,0,0,0,有,無,2176704,9600,,0.0,0,縣府代為標售地籍清理土地,RPWNMLKMJHOFFAX37CA,0.0,0.0,0.0,,
七美鄉,土地,七美一段639地號,359.0,,一般農業區,農牧用地,1071226,土地1建物0車位0,,,其他,,,,0.0,0,0,0,有,無,4000000,11142,,0.0,0,含增建或未登記建物。；,RPXNMLLMJHOFFAX57CA,0.0,0.0,0.0,,
七美鄉,土地,大嶼段5099地號,126.0,,一般農業區,甲種建築用地,1080115,土地1建物0車位0,,,其他,,,,0.0,0,0,0,有,無,330000,2619,,0.0,0,親友、員工或其他特殊關係間之交易。；畸零地或有合併使用之交易。；,RPQNMLLJKHOFFAX66CA,0.0,0.0,0.0,,
西嶼鄉,土地,二崁北段502-1地號,568.13,其他,,,1080115,土地6建物0車位0,,,其他,,,,0.0,0,0,0,有,無,909008,1600,,0.0,0,協議價購道路用地,RPSNMLLMJHOFFAX07CA,0.0,0.0,0.0,,
馬公市,土地,海堤段989地號,10.32,其他,,,1080114,土地1建物0車位0,,,其他,,,,0.0,0,0,0,有,無,142416,13800,,0.0,0,協議價購道路用地,RPTNMLLMJHOFFAX17CA,0.0,0.0,0.0,,
白沙鄉,土地,通梁南段941地號,56.32,其他,,,1080113,土地1建物0車位0,,,其他,,,,0.0,0,0,0,有,無,450560,8000,,0.0,0,協議價購道路用地,RPUNMLLMJHOFFAX27CA,0.0,0.0,0.0,,
湖西鄉,土地,尖山南段590地號,1854.16,,一般農業區,農牧用地,1071030,土地1建物0車位0,,,其他,,,,0.0,0,0,0,有,無,2432000,1312,,0.0,0,購買國有財產署代標售逾期未繼承之土地。,RPTNMLSKKHOFFAX87DA,0.0,0.0,0.0,,
馬公市,土地,埕東段950地號,26.88,住,,,1080125,土地1建物0車位0,,,其他,,,,0.0,0,0,0,有,無,1647000,61272,,0.0,0,向政府機關地籍清理標售案件,RPSNMLMLKHOFFAX27DA,0.0,0.0,0.0,,
馬公市,土地,興仁段817地號,451.46,,一般農業區,農牧用地,1080125,土地1建物0車位0,,,其他,,,,0.0,0,0,0,有,無,1720529,3811,,0.0,0,縣府代為標售地籍清理土地,RPVNMLLKKHOFFAX47EA,0.0,0.0,0.0,,
七美鄉,土地,大嶼段786地號,1422.0,,一般農業區,農牧用地,1071121,土地2建物0車位0,,,其他,,,,0.0,0,0,0,有,無,1231016,866,,0.0,0,地籍清理標售案,RPTNMLLJKHOFFAX07DA,0.0,0.0,0.0,,
七美鄉,土地,七美二段302地號,670.94,,一般農業區,農牧用地,1071121,土地1建物0車位0,,,其他,,,,0.0,0,0,0,有,無,3500111,5217,,0.0,0,地籍清理標售案,RPVNMLLJKHOFFAX27DA,0.0,0.0,0.0,,
湖西鄉,土地,許家段1095-3地號,1182.36,,一般農業區,農牧用地,1080114,土地2建物0車位0,,,其他,,,,0.0,0,0,0,有,無,5000000,4229,,0.0,0,親友、員工或其他特殊關係間之交易。；,RPPNMLLJKHOFFAX56CA,0.0,0.0,0.0,,
白沙鄉,土地,吉貝東段655地號,648.97,,一般農業區,農牧用地,1080125,土地1建物0車位0,,,其他,,,,0.0,0,0,0,有,無,1408265,2170,,0.0,0,政府代為標售地籍清理土地,RPUNMLLJKHOFFAX07CA,0.0,0.0,0.0,,
馬公市,房地(土地+建物),澎湖縣馬公市文山路２７巷１號六樓之五,25.2,住,,,1080103,土地2建物1車位0,六層,八層,華廈(10層含以下有電梯),住家用,鋼筋混凝土造,0860628,132.01,3,2,2,有,有,3780000,28634,,0.0,0,,RPUNMLLKKHOFFAX17CA,88.86,0.0,12.3,,
馬公市,土地,山水南段115地號,829.27,,一般農業區,農牧用地,1080125,土地1建物0車位0,,,其他,,,,0.0,0,0,0,有,無,3372365,4067,,0.0,0,縣府代為標售地籍清理土地,RPPNMLMKKHOFFAX76CA,0.0,0.0,0.0,,
馬公市,土地,山水南段121地號,321.2,,一般農業區,農牧用地,1080125,土地1建物0車位0,,,其他,,,,0.0,0,0,0,有,無,1568000,4882,,0.0,0,縣府代為標售地籍清理土地,SPPNMLMKKHOFFAX86CA,0.0,0.0,0.0,,
馬公市,土地,山水北段166地號,126.3,,一般農業區,殯葬用地,1080125,土地1建物0車位0,,,其他,,,,0.0,0,0,0,有,無,858840,6800,,0.0,0,縣府代為標售地籍清理土地,TPPNMLMKKHOFFAX96CA,0.0,0.0,0.0,,
馬公市,土地,山水北段164地號,136.29,,一般農業區,殯葬用地,1080125,土地1建物0車位0,,,其他,,,,0.0,0,0,0,有,無,831369,6100,,0.0,0,縣府代為標售地籍清理土地,UPPNMLMKKHOFFAX07CA,0.0,0.0,0.0,,
白沙鄉,土地,通梁南段946地號,16.66,其他,,,1080115,土地1建物0車位0,,,其他,,,,0.0,0,0,0,有,無,133284,8000,,0.0,0,道路用地協議價購,RPXNMLOKKHOFFAX77CA,0.0,0.0,0.0,,
湖西鄉,土地,龍門南段487地號,553.27,,一般農業區,農牧用地,1071228,土地2建物0車位0,,,其他,,,,0.0,0,0,0,有,無,1000000,1807,,0.0,0,親友、員工或其他特殊關係間之交易。；共有人2人,RPUNMLPKKHOFFAX57CA,0.0,0.0,0.0,,
馬公市,土地,興仁段801地號,463.07,,一般農業區,農牧用地,1080111,土地1建物0車位0,,,其他,,,,0.0,0,0,0,有,無,1120000,2419,,0.0,0,,RPWNMLMKKHOFFAX47CA,0.0,0.0,0.0,,
馬公市,房地(土地+建物),澎湖縣馬公市五福路７８巷２３弄７號,224.4,,一般農業區,甲種建築用地,1080123,土地2建物1車位0,全,三層,透天厝,住家用,鋼筋混凝土造,1070202,311.05,5,1,5,有,無,11420000,36714,,0.0,0,,RPXNMLMKKHOFFAX57CA,294.42,16.63,0.0,,
馬公市,土地,雙湖段87-4地號,293.0,,一般農業區,甲種建築用地,1071231,土地2建物0車位0,,,其他,,,,0.0,0,0,0,有,無,12980000,44300,,0.0,0,農變建之起造人變更含未來興建房屋價款,RPPNMLQLKHOFFAX27CA,0.0,0.0,0.0,,
白沙鄉,土地,赤崁北段294-1地號,1092.54,,一般農業區,農牧用地,1070508,土地1建物0車位0,,,其他,,,,0.0,0,0,0,有,無,5600000,5126,,0.0,0,,RPRNMLOKKHOFFAX17CA,0.0,0.0,0.0,,
白沙鄉,土地,通梁南段946地號,8.33,其他,,,1080117,土地1建物0車位0,,,其他,,,,0.0,0,0,0,有,無,66642,8000,,0.0,0,道路用地協議價購,RPVNMLOKKHOFFAX57CA,0.0,0.0,0.0,,
白沙鄉,土地,通梁南段946地號,8.33,其他,,,1080117,土地1建物0車位0,,,其他,,,,0.0,0,0,0,有,無,66642,8000,,0.0,0,道路用地協議價購,RPWNMLOKKHOFFAX67CA,0.0,0.0,0.0,,
馬公市,土地,興崁段976-2地號,1093.42,,一般農業區,農牧用地,1071227,土地2建物0車位0,,,其他,,,,0.0,0,0,0,有,無,5110000,4673,,0.0,0,,RPTNMLMKKHOFFAX17CA,0.0,0.0,0.0,,
西嶼鄉,土地,二崁南段463-3地號,398.4,住,,,1080123,土地8建物0車位0,,,其他,,,,0.0,0,0,0,有,無,843570,2117,,0.0,0,合購住宅區農業道路用地8筆平均價每坪7000元,RPRNMLLJKHOFFAX76CA,0.0,0.0,0.0,,
馬公市,房地(土地+建物),澎湖縣馬公市西衛426號,215.76,,一般農業區,甲種建築用地,1071219,土地2建物1車位0,全,三層,透天厝,住家用,鋼筋混凝土造,1041228,262.03,6,1,6,有,無,9300000,35492,,0.0,0,,RPQNMLOKKHOFFAX17DA,244.34,17.69,0.0,,
