﻿編號,土地位置,土地移轉面積(平方公尺),使用分區或編定,權利人持分分母,權利人持分分子,移轉情形,地號
The serial number, land position,land shifting area square meter,the use zoning or compiles and checks,,,,land parcel
RPQNMLNKJINFFAX86CA,中衛段,508.68,非都市： ; 非都市編定：,1,1,全筆移轉,04490003
RPPNMLNKJINFFAX96EA,烏崁新段,86.90,非都市：鄉村區 ; 非都市編定：乙種建築用地,1,1,全筆移轉,09720005
RPRNMLOKJINFFAX07CA,五福段,112.24,非都市：一般農業區 ; 非都市編定：甲種建築用地,1,1,全筆移轉,14090000
RPRNMLOKJINFFAX07CA,五福段,33.95,非都市：一般農業區 ; 非都市編定：交通用地,14,1,持分移轉,14190000
RPQNMLOKJINFFAX96CA,紅羅段,213.14,非都市：鄉村區 ; 非都市編定：乙種建築用地,2,1,持分移轉,06930000
RPUNMLOKJINFFAX37CA,大池段,718.03,非都市：一般農業區 ; 非都市編定：農牧用地,1,1,全筆移轉,08310000
RPSNMLKMJINFFAX96CA,橫礁新段,70.58,非都市：鄉村區 ; 非都市編定：乙種建築用地,4,1,持分移轉,06730000
RPSNMLKMJINFFAX96CA,橫礁新段,57.98,非都市：一般農業區 ; 非都市編定：農牧用地,4,1,持分移轉,06740000
RPQNMLQKJINFFAX17CA,山水西段,76.08,非都市：鄉村區 ; 非都市編定：乙種建築用地,1,1,全筆移轉,00180000
RPPNMLOKJINFFAX86CA,尖山北段,1688.04,非都市：一般農業區 ; 非都市編定：農牧用地,1,1,全筆移轉,03490000
RPRNMLQKJINFFAX27CA,內垵三段,478.78,非都市：一般農業區 ; 非都市編定：農牧用地,8,5,持分移轉,06670000
RPSNMLTKJINFFAX67CA,尖山中段,1740.54,非都市：一般農業區 ; 非都市編定：農牧用地,1,1,全筆移轉,13250000
RPPNMLLLJINFFAX66CA,龍門南段,111.55,非都市：一般農業區 ; 非都市編定：農牧用地,10,1,持分移轉,04170000
RPQNMLLLJINFFAX76CA,龍門南段,133.81,非都市：一般農業區 ; 非都市編定：農牧用地,10,1,持分移轉,04200000
RPPNMLQKJINFFAX17DA,赤崁北段,63.06,非都市：鄉村區 ; 非都市編定：丁種建築用地,1,1,全筆移轉,01080000
RPRNMLLLJINFFAX86CA,城北段,1321.52,非都市：一般農業區 ; 非都市編定：農牧用地,10000,4380,持分移轉,09760000
RPQNMLPKJINFFAX07CA,城北段,279.51,非都市：一般農業區 ; 非都市編定：農牧用地,1000,593,持分移轉,09090000
RPQNMLPKJINFFAX07CA,城北段,191.84,非都市：一般農業區 ; 非都市編定：農牧用地,1000,407,持分移轉,09090000
RPQNMLPKJINFFAX07CA,城北段,6.09,非都市：一般農業區 ; 非都市編定：交通用地,1,1,全筆移轉,09090003
RPTNMLKMJINFFAX07CA,文光段,98.93,非都市： ; 非都市編定：,5,1,持分移轉,02020000
RPQNMLRLJINFFAX37CA,竹灣段,815.09,非都市：一般農業區 ; 非都市編定：農牧用地,2,1,持分移轉,07910000
RPSNMLSLJINFFAX67CA,雙湖段,238.43,非都市：一般農業區 ; 非都市編定：農牧用地,1,1,全筆移轉,08280000
RPTNMLLKKINFFAX07CA,許家段,223.70,非都市：一般農業區 ; 非都市編定：農牧用地,10000,779,持分移轉,11650000
RPTNMLLKKINFFAX07CA,許家段,223.70,非都市：一般農業區 ; 非都市編定：農牧用地,10000,779,持分移轉,11650000
RPTNMLLKKINFFAX07CA,許家段,223.70,非都市：一般農業區 ; 非都市編定：農牧用地,10000,779,持分移轉,11650000
RPTNMLLKKINFFAX07CA,許家段,223.70,非都市：一般農業區 ; 非都市編定：農牧用地,10000,779,持分移轉,11650000
RPTNMLLKKINFFAX07CA,許家段,290.61,非都市：一般農業區 ; 非都市編定：農牧用地,10000,1012,持分移轉,11650000
RPTNMLLKKINFFAX07CA,許家段,263.33,非都市：一般農業區 ; 非都市編定：農牧用地,10000,917,持分移轉,11650000
RPTNMLLKKINFFAX07CA,許家段,229.44,非都市：一般農業區 ; 非都市編定：農牧用地,10000,799,持分移轉,11650000
RPTNMLLKKINFFAX07CA,許家段,204.17,非都市：一般農業區 ; 非都市編定：農牧用地,10000,711,持分移轉,11650000
RPTNMLLKKINFFAX07CA,許家段,258.16,非都市：一般農業區 ; 非都市編定：農牧用地,10000,899,持分移轉,11650000
RPTNMLLKKINFFAX07CA,許家段,283.43,非都市：一般農業區 ; 非都市編定：農牧用地,10000,987,持分移轉,11650000
RPTNMLLKKINFFAX07CA,許家段,223.99,非都市：一般農業區 ; 非都市編定：農牧用地,10000,780,持分移轉,11650000
RPTNMLLKKINFFAX07CA,許家段,223.70,非都市：一般農業區 ; 非都市編定：農牧用地,10000,779,持分移轉,11650000
RPQNMLTJKINFFAX47CA,文石段,188.19,非都市：一般農業區 ; 非都市編定：農牧用地,1000,230,持分移轉,14890000
RPQNMLTJKINFFAX47CA,文石段,187.37,非都市：一般農業區 ; 非都市編定：農牧用地,1000,229,持分移轉,14890000
RPQNMLTJKINFFAX47CA,文石段,189.01,非都市：一般農業區 ; 非都市編定：農牧用地,1000,231,持分移轉,14890000
RPQNMLTJKINFFAX47CA,文石段,253.65,非都市：一般農業區 ; 非都市編定：農牧用地,1000,310,持分移轉,14890000
RPPNMLQLJINFFAX17CA,案山段,297.78,非都市： ; 非都市編定：,5,2,持分移轉,00140000
RPPNMLQLJINFFAX17CA,案山段,47.01,非都市： ; 非都市編定：,5,2,持分移轉,00160000
RPPNMLQLJINFFAX17CA,案山段,33.82,非都市： ; 非都市編定：,5,2,持分移轉,00700000
RPSNMLQLJINFFAX47CA,東澳段,2.49,非都市： ; 非都市編定：,10,1,持分移轉,11340000
RPSNMLQLJINFFAX47CA,東澳段,36.82,非都市： ; 非都市編定：,10,1,持分移轉,11440000
RPRNMLQLJINFFAX37CA,尖山中段,56.38,非都市：鄉村區 ; 非都市編定：乙種建築用地,1,1,全筆移轉,08900000
RPSNMLQLJINFFAX47CA,東澳段,1.55,非都市： ; 非都市編定：,10,1,持分移轉,11460000
RPRNMLQLJINFFAX37CA,尖山中段,299.44,非都市：鄉村區 ; 非都市編定：乙種建築用地,1,1,全筆移轉,08780000
RPPNMLNJKINFFAX76CA,鐵線段,206.25,非都市：一般農業區 ; 非都市編定：農牧用地,10000,2469,持分移轉,03490000
RPPNMLNJKINFFAX76CA,鐵線段,206.33,非都市：一般農業區 ; 非都市編定：農牧用地,10000,2470,持分移轉,03490000
RPPNMLNJKINFFAX76CA,鐵線段,211.26,非都市：一般農業區 ; 非都市編定：農牧用地,10000,2529,持分移轉,03490000
RPPNMLNJKINFFAX76CA,鐵線段,211.51,非都市：一般農業區 ; 非都市編定：農牧用地,10000,2532,持分移轉,03490000
RPQNMLQLJINFFAX27CA,虎井段,81.00,非都市：鄉村區 ; 非都市編定：乙種建築用地,1,1,全筆移轉,13320001
RPRNMLRLJINFFAX47CA,四維段,33.14,非都市： ; 非都市編定：,16,1,持分移轉,11830000
RPSNMLRLJINFFAX67DA,龍門南段,616.01,非都市：一般農業區 ; 非都市編定：農牧用地,1,1,全筆移轉,04010000
RPSNMLRLJINFFAX67DA,龍門南段,829.13,非都市：森林區 ; 非都市編定：農牧用地,1,1,全筆移轉,10390000
RPSNMLRLJINFFAX67DA,龍門北段,1338.15,非都市：一般農業區 ; 非都市編定：農牧用地,1,1,全筆移轉,11310000
RPTNMLRLJINFFAX77DA,鼎灣新段,433.91,非都市：一般農業區 ; 非都市編定：農牧用地,1,1,全筆移轉,02850000
RPPNMLSLJINFFAX47DA,五德西段,732.84,非都市：一般農業區 ; 非都市編定：農牧用地,1,1,全筆移轉,07770000
RPOOMLTJNHOFFAX67CA,春暉段,68.73,非都市： ; 非都市編定：,1,1,全筆移轉,04790000
RPTNMLNLJINFFAX27CA,北澳段,54.85,非都市：一般農業區 ; 非都市編定：甲種建築用地,3,2,持分移轉,00840000
RPRNMLNLJINFFAX07CA,五福段,23.17,非都市：一般農業區 ; 非都市編定：交通用地,11,1,持分移轉,13450000
RPRNMLNLJINFFAX07CA,五福段,88.06,非都市：一般農業區 ; 非都市編定：甲種建築用地,1,1,全筆移轉,13500000
RPQNMLNLJINFFAX96CA,五福段,323.04,非都市：一般農業區 ; 非都市編定：農牧用地,1,1,全筆移轉,05110000
RPQNMLMKKINFFAX86CA,成功南段,219.82,非都市：一般農業區 ; 非都市編定：農牧用地,10,1,持分移轉,08580000
RPQNMLMKKINFFAX86CA,成功南段,219.82,非都市：一般農業區 ; 非都市編定：農牧用地,10,1,持分移轉,08580000
RPQNMLMKKINFFAX86CA,成功南段,219.82,非都市：一般農業區 ; 非都市編定：農牧用地,10,1,持分移轉,08580000
RPQNMLMKKINFFAX86CA,成功南段,219.82,非都市：一般農業區 ; 非都市編定：農牧用地,10,1,持分移轉,08580000
RPQNMLMKKINFFAX86CA,成功南段,219.82,非都市：一般農業區 ; 非都市編定：農牧用地,10,1,持分移轉,08580000
RPQNMLMKKINFFAX86CA,成功南段,219.82,非都市：一般農業區 ; 非都市編定：農牧用地,10,1,持分移轉,08580000
RPQNMLMKKINFFAX86CA,成功南段,219.82,非都市：一般農業區 ; 非都市編定：農牧用地,10,1,持分移轉,08580000
RPQNMLMKKINFFAX86CA,成功南段,219.82,非都市：一般農業區 ; 非都市編定：農牧用地,10,1,持分移轉,08580000
RPPNMLNLJINFFAX86CA,山水北段,64.65,非都市： ; 非都市編定：,1,1,全筆移轉,03260000
RPPNMLNLJINFFAX86CA,山水北段,91.98,非都市： ; 非都市編定：,1,1,全筆移轉,03270000
RPPNMLNLJINFFAX86CA,山水北段,26.41,非都市： ; 非都市編定：,1,1,全筆移轉,03460000
RPPNMLNLJINFFAX86CA,山水北段,75.38,非都市：一般農業區 ; 非都市編定：交通用地,1,1,全筆移轉,03510000
RPRNMLRKKINFFAX47CA,城北段,233.20,非都市：一般農業區 ; 非都市編定：農牧用地,1,1,全筆移轉,05740000
RPRNMLRKKINFFAX47CA,城北段,466.03,非都市：一般農業區 ; 非都市編定：農牧用地,1,1,全筆移轉,08080000
RPUNMLNLJINFFAX37CA,湖東新段,5.93,非都市：鄉村區 ; 非都市編定：乙種建築用地,96,5,持分移轉,01760000
RPUNMLNLJINFFAX37CA,湖東新段,11.70,非都市：鄉村區 ; 非都市編定：乙種建築用地,96,5,持分移轉,01770000
RPUNMLNLJINFFAX37CA,湖東新段,113.97,非都市：一般農業區 ; 非都市編定：農牧用地,96,5,持分移轉,01960000
RPUNMLNLJINFFAX37CA,湖東新段,31.32,非都市：一般農業區 ; 非都市編定：農牧用地,96,5,持分移轉,05520000
RPUNMLNLJINFFAX37CA,湖東新段,32.21,非都市：一般農業區 ; 非都市編定：農牧用地,96,5,持分移轉,06170000
RPUNMLNLJINFFAX37CA,湖東新段,24.64,非都市：一般農業區 ; 非都市編定：農牧用地,96,5,持分移轉,06260000
RPUNMLNLJINFFAX37CA,湖東新段,23.85,非都市：一般農業區 ; 非都市編定：農牧用地,96,5,持分移轉,06330000
RPUNMLNLJINFFAX37CA,湖東新段,15.16,非都市：一般農業區 ; 非都市編定：農牧用地,96,5,持分移轉,06460000
RPUNMLNLJINFFAX37CA,湖東新段,6.77,非都市：一般農業區 ; 非都市編定：農牧用地,96,5,持分移轉,06790000
RPUNMLNLJINFFAX37CA,湖東新段,9.52,非都市：一般農業區 ; 非都市編定：農牧用地,96,5,持分移轉,06990000
RPUNMLNLJINFFAX37CA,湖東新段,13.15,非都市：一般農業區 ; 非都市編定：農牧用地,96,5,持分移轉,07650000
RPUNMLNLJINFFAX37CA,湖東新段,26.77,非都市：一般農業區 ; 非都市編定：農牧用地,96,5,持分移轉,08950000
RPUNMLNLJINFFAX37CA,湖東新段,16.67,非都市：一般農業區 ; 非都市編定：農牧用地,96,5,持分移轉,09020000
RPUNMLNLJINFFAX37CA,湖東新段,12.21,非都市：一般農業區 ; 非都市編定：農牧用地,96,5,持分移轉,14320000
RPUNMLNLJINFFAX37CA,湖東新段,190.00,非都市：一般農業區 ; 非都市編定：農牧用地,96,5,持分移轉,14830000
RPSNMLNLJINFFAX17CA,中衛段,90.75,非都市： ; 非都市編定：,3,1,持分移轉,13450000
RPSNMLNLJINFFAX17CA,中衛段,13.85,非都市： ; 非都市編定：,3,1,持分移轉,13450001
RPSNMLNLJINFFAX17CA,中衛段,27.89,非都市： ; 非都市編定：,3,1,持分移轉,13460000
RPSNMLNLJINFFAX17CA,中衛段,7.10,非都市： ; 非都市編定：,3,1,持分移轉,13460001
RPSNMLNLJINFFAX17CA,中衛段,405.27,非都市： ; 非都市編定：,3,1,持分移轉,13470000
RPROMLOKKINFFAX27CA,鼎灣新段,62.01,非都市：鄉村區 ; 非都市編定：乙種建築用地,10,1,持分移轉,01660000
RPROMLOKKINFFAX27CA,鼎灣新段,142.61,非都市：一般農業區 ; 非都市編定：農牧用地,10,1,持分移轉,02620000
RPROMLOKKINFFAX27CA,鼎灣新段,12.63,非都市：鄉村區 ; 非都市編定：乙種建築用地,10,1,持分移轉,03720000
RPROMLOKKINFFAX27CA,鼎灣新段,28.95,非都市：鄉村區 ; 非都市編定：乙種建築用地,10,1,持分移轉,03850000
RPROMLOKKINFFAX27CA,鼎灣新段,17.05,非都市：一般農業區 ; 非都市編定：農牧用地,10,1,持分移轉,09990000
RPROMLOKKINFFAX27CA,鼎灣新段,156.38,非都市：一般農業區 ; 非都市編定：農牧用地,10,1,持分移轉,13920000
RPROMLOKKINFFAX27CA,鼎灣新段,73.93,非都市：一般農業區 ; 非都市編定：農牧用地,10,1,持分移轉,14420000
RPROMLOKKINFFAX27CA,鼎灣新段,38.81,非都市：一般農業區 ; 非都市編定：農牧用地,10,1,持分移轉,14430000
RPROMLOKKINFFAX27CA,鼎灣新段,358.66,非都市：一般農業區 ; 非都市編定：農牧用地,10,1,持分移轉,14500000
RPROMLOKKINFFAX27CA,東石新段,27.50,非都市：一般農業區 ; 非都市編定：殯葬用地,10,1,持分移轉,00370000
RPROMLOKKINFFAX27CA,東石新段,168.28,非都市：一般農業區 ; 非都市編定：農牧用地,10,1,持分移轉,00390000
RPROMLOKKINFFAX27CA,東石新段,111.91,非都市：一般農業區 ; 非都市編定：農牧用地,5,1,持分移轉,00400000
RPQNMLMLJINFFAX86CA,興崁段,170.85,非都市：一般農業區 ; 非都市編定：甲種建築用地,1,1,全筆移轉,10700007
RPQNMLMLJINFFAX86CA,興崁段,50.83,非都市：一般農業區 ; 非都市編定：交通用地,8,1,持分移轉,10700008
RPVNMLQLJINFFAX77CA,赤崁中段,52.67,非都市：鄉村區 ; 非都市編定：乙種建築用地,1,1,全筆移轉,01070000
RPQNMLSLJINFFAX47CA,光華段,445.01,非都市：一般農業區 ; 非都市編定：農牧用地,21517,4450,持分移轉,05290000
RPPNMLLKKINFFAX66CA,東衛段,170.80,非都市：一般農業區 ; 非都市編定：甲種建築用地,1,1,全筆移轉,03470001
RPPNMLLKKINFFAX66CA,東衛段,42.19,非都市：一般農業區 ; 非都市編定：交通用地,7,1,持分移轉,03470004
RPPNMLSJKINFFAX27CA,花宅段,240.00,非都市：鄉村區 ; 非都市編定：乙種建築用地,2,1,持分移轉,19960000
RPUNMLRLJINFFAX77CA,四維段,78.62,非都市：一般農業區 ; 非都市編定：農牧用地,4,1,持分移轉,15060000
RPPNMLKMJINFFAX66CA,光榮段,13.64,非都市： ; 非都市編定：,10000,116,持分移轉,04960000
RPRNMLNJKINFFAX96CA,馬公段,6.43,非都市： ; 非都市編定：,7,1,持分移轉,23610000
RPRNMLNJKINFFAX96CA,馬公段,19.29,非都市： ; 非都市編定：,7,3,持分移轉,23610000
RPTNMLSLJINFFAX77CA,光華段,49.18,非都市：一般農業區 ; 非都市編定：農牧用地,20,1,持分移轉,04620000
RPQNMLOJKINFFAX07DA,興仁段,188.04,非都市：一般農業區 ; 非都市編定：甲種建築用地,1,1,全筆移轉,03430009
RPQNMLOJKINFFAX07DA,興仁段,.75,非都市：一般農業區 ; 非都市編定：交通用地,16,1,持分移轉,03430004
RPQNMLOJKINFFAX07DA,興仁段,7.32,非都市：一般農業區 ; 非都市編定：交通用地,16,1,持分移轉,03430005
RPQNMLOJKINFFAX07DA,興仁段,43.89,非都市：一般農業區 ; 非都市編定：交通用地,16,1,持分移轉,03430018
RPPNMLTKKINFFAX47CA,安宅段,169.99,非都市：一般農業區 ; 非都市編定：農牧用地,117811,16999,持分移轉,09280000
RPSNMLNJKINFFAX07CA,四維段,151.08,非都市：一般農業區 ; 非都市編定：甲種建築用地,1,1,全筆移轉,02060003
RPSNMLNJKINFFAX07CA,四維段,35.78,非都市：一般農業區 ; 非都市編定：交通用地,14,1,持分移轉,02060004
RPRNMLOJKINFFAX07CA,文東段,693.86,非都市：一般農業區 ; 非都市編定：農牧用地,1,1,全筆移轉,11480000
RPRNMLKMJINFFAX86CA,文寮段,1537.38,非都市：一般農業區 ; 非都市編定：農牧用地,1,1,全筆移轉,03370000
RPUNMLOKKINFFAX47CA,城北段,921.34,非都市：一般農業區 ; 非都市編定：農牧用地,1,1,全筆移轉,00640000
RPSNMLOJKINFFAX17CA,東澳段,21.44,非都市： ; 非都市編定：,10000,135,持分移轉,05940000
RPQNMLKMJINFFAX76CA,東衛段,680.06,非都市：鄉村區 ; 非都市編定：乙種建築用地,1,1,全筆移轉,09220000
RPPNMLTJKINFFAX37CA,城北段,486.48,非都市：一般農業區 ; 非都市編定：農牧用地,2,1,持分移轉,09510000
RPQNMLLKKINFFAX86DA,紅羅段,271.97,非都市：鄉村區 ; 非都市編定：乙種建築用地,3,1,持分移轉,06000000
RPQNMLLKKINFFAX86DA,紅羅段,272.57,非都市：一般農業區 ; 非都市編定：農牧用地,3,1,持分移轉,19160000
RPPNMLKKKINFFAX56CA,埕東段,29.15,非都市： ; 非都市編定：,5,1,持分移轉,09410000
RPQNMLQJKINFFAX27DA,池東段,267.18,非都市：鄉村區 ; 非都市編定：乙種建築用地,2,1,持分移轉,04590000
RPQNMLQJKINFFAX27DA,池東段,23.52,非都市：鄉村區 ; 非都市編定：乙種建築用地,5,1,持分移轉,04610000
RPPNMLRJKINFFAX17CA,五福段,187.28,非都市：一般農業區 ; 非都市編定：農牧用地,2,1,持分移轉,04990001
RPXNMLOKKINFFAX77CA,吉貝西段,85.99,非都市：一般農業區 ; 非都市編定：甲種建築用地,1,1,全筆移轉,09180000
RPXNMLOKKINFFAX77CA,吉貝西段,59.46,非都市：一般農業區 ; 非都市編定：交通用地,10,1,持分移轉,09260000
RPQNMLKKKINFFAX76DA,城北段,576.55,非都市：一般農業區 ; 非都市編定：農牧用地,3,1,持分移轉,09380000
RPQNMLKLKINFFAX76CA,四維段,7.83,非都市： ; 非都市編定：,1,1,全筆移轉,00080001
RPSNMLTJKINFFAX67CA,光榮段,33.88,非都市： ; 非都市編定：,1,1,全筆移轉,06660000
RPPNMLPJKINFFAX07DA,太武新段,80.03,非都市：一般農業區 ; 非都市編定：甲種建築用地,1,1,全筆移轉,01010000
RPPNMLQJKINFFAX07CA,成功南段,703.58,非都市：一般農業區 ; 非都市編定：農牧用地,1,1,全筆移轉,02470000
RPRNMLLKKINFFAX86CA,五福段,209.87,非都市：一般農業區 ; 非都市編定：農牧用地,1000,269,持分移轉,05250000
RPRNMLLKKINFFAX86CA,五福段,190.36,非都市：一般農業區 ; 非都市編定：農牧用地,1000,244,持分移轉,05250000
RPRNMLLKKINFFAX86CA,五福段,188.02,非都市：一般農業區 ; 非都市編定：農牧用地,1000,241,持分移轉,05250000
RPQOMLTJNHOFFAX87CA,興仁段,171.15,非都市：一般農業區 ; 非都市編定：甲種建築用地,1,1,全筆移轉,08330000
RPQOMLTJNHOFFAX87CA,興仁段,47.30,非都市：一般農業區 ; 非都市編定：交通用地,9,1,持分移轉,08330004
RPTNMLTJKINFFAX87DA,五德西段,81.36,非都市：鄉村區 ; 非都市編定：乙種建築用地,1,1,全筆移轉,03170000
RPTNMLTJKINFFAX87DA,五德西段,289.07,非都市：鄉村區 ; 非都市編定：乙種建築用地,1,1,全筆移轉,03180000
RPSNMLLKKINFFAX96CA,湖東新段,398.51,非都市：一般農業區 ; 非都市編定：農牧用地,1,1,全筆移轉,13520000
RPSNMLOKKINFFAX27CA,城北段,3783.11,非都市：一般農業區 ; 非都市編定：農牧用地,1,1,全筆移轉,11140000
RPQNMLQKKINFFAX27CA,四維段,35.78,非都市：一般農業區 ; 非都市編定：交通用地,14,1,持分移轉,02060004
RPQNMLQKKINFFAX27CA,四維段,151.96,非都市：一般農業區 ; 非都市編定：甲種建築用地,1,1,全筆移轉,02060006
RPPNMLMKKINFFAX86DA,鳥嶼新段,96.23,非都市：鄉村區 ; 非都市編定：乙種建築用地,1,1,全筆移轉,02390000
RPVNMLOKKINFFAX57CA,五福段,1658.18,非都市：一般農業區 ; 非都市編定：農牧用地,1,1,全筆移轉,08560000
RPQNMLOKKINFFAX07CA,東澳段,.39,非都市： ; 非都市編定：,10000,166,持分移轉,04890002
RPQNMLOKKINFFAX07CA,東澳段,17.12,非都市： ; 非都市編定：,10000,166,持分移轉,05000000
RPPNMLQKKINFFAX17CA,烏崁新段,157.51,非都市：一般農業區 ; 非都市編定：甲種建築用地,1,1,全筆移轉,15910000
RPPNMLOJJHOFFAX86DA,文寮段,501.73,非都市：一般農業區 ; 非都市編定：農牧用地,1,1,全筆移轉,02980000
RPSOMLOKKINFFAX37CA,安宅段,327.45,非都市：一般農業區 ; 非都市編定：甲種建築用地,1,1,全筆移轉,07480000
RPSOMLOKKINFFAX37CA,安宅段,50.53,非都市：一般農業區 ; 非都市編定：交通用地,9,1,持分移轉,07480004
RPTNMLOKKINFFAX37CA,城北段,219.19,非都市：一般農業區 ; 非都市編定：甲種建築用地,1,1,全筆移轉,10760003
RPTNMLOKKINFFAX37CA,城北段,54.61,非都市：一般農業區 ; 非都市編定：交通用地,3000,300,持分移轉,10760004
RPTNMLOKKINFFAX37CA,城北段,21.56,非都市：一般農業區 ; 非都市編定：交通用地,20,1,持分移轉,10870000
RPSNMLNKKINFFAX17CA,東澳段,.47,非都市： ; 非都市編定：,10000,202,持分移轉,04890002
RPSNMLNKKINFFAX17CA,東澳段,20.83,非都市： ; 非都市編定：,10000,202,持分移轉,05000000
RPRNMLLLKINFFAX96CA,七美二段,18.69,非都市：鄉村區 ; 非都市編定：乙種建築用地,1,1,全筆移轉,08890001
RPPNMLOKKINFFAX07DA,大池段,746.34,非都市：一般農業區 ; 非都市編定：農牧用地,1,1,全筆移轉,14610000
RPQNMLRKKINFFAX37CA,光華段,83.67,非都市：一般農業區 ; 非都市編定：甲種建築用地,1,1,全筆移轉,06830000
RPWNMLOKKINFFAX67CA,東澳段,76.75,非都市： ; 非都市編定：,1,1,全筆移轉,03740000
RPQOMLOKKINFFAX27DA,?裡新段,43.40,非都市：鄉村區 ; 非都市編定：乙種建築用地,1,1,全筆移轉,02240000
RPPNMLLLKINFFAX86DA,七美二段,57.28,非都市：一般農業區 ; 非都市編定：農牧用地,1,1,全筆移轉,03050000
RPPNMLSKKINFFAX37CA,四維段,279.62,非都市：鄉村區 ; 非都市編定：乙種建築用地,1,1,全筆移轉,09860000
RPSNMLTJNHOFFAX97CA,文東段,166.44,非都市：一般農業區 ; 非都市編定：甲種建築用地,1,1,全筆移轉,04290000
RPSNMLTJNHOFFAX97CA,文東段,42.84,非都市：一般農業區 ; 非都市編定：交通用地,4,1,持分移轉,04290004
RPPNMLRKKINFFAX27CA,光華段,73.67,非都市：一般農業區 ; 非都市編定：甲種建築用地,1,1,全筆移轉,06230000
RPRNMLOKKINFFAX37EA,文澳段,47.00,非都市： ; 非都市編定：,1,1,全筆移轉,22720002
RPQNMLTKKINFFAX67DA,太武新段,52.56,非都市：一般農業區 ; 非都市編定：甲種建築用地,6,1,持分移轉,00970000
RPQNMLSKKINFFAX47CA,國宅段,732.50,非都市：一般農業區 ; 非都市編定：農牧用地,1,1,全筆移轉,00110000
RPQNMLSKKINFFAX47CA,國宅段,485.43,非都市：一般農業區 ; 非都市編定：農牧用地,1,1,全筆移轉,00180000
RPRNMLTKKINFFAX67CA,湖東新段,73.00,非都市：一般農業區 ; 非都市編定：農牧用地,1,1,全筆移轉,04660000
RPPNMLOLKINFFAX17DA,光榮段,16.59,非都市： ; 非都市編定：,1,1,全筆移轉,02430004
RPPNMLPLKINFFAX27DA,埕西段,3.05,非都市： ; 非都市編定：,100000,5171,持分移轉,07520000
RPPNMLPLKINFFAX27DA,埕西段,15.58,非都市： ; 非都市編定：,100000,5171,持分移轉,07530000
RPPNMLPLKINFFAX27DA,埕西段,9.17,非都市： ; 非都市編定：,100000,5171,持分移轉,07550000
RPSNMLKLKINFFAX96CA,興仁南段,792.95,非都市：風景區 ; 非都市編定：農牧用地,12560,7930,持分移轉,01220000
RPSNMLTKKINFFAX77CA,鼎灣新段,675.60,非都市：一般農業區 ; 非都市編定：農牧用地,1,1,全筆移轉,09160000
RPSNMLOLKINFFAX37CA,五福段,263.22,非都市：一般農業區 ; 非都市編定：農牧用地,10000,948,持分移轉,08070000
RPRNMLKLKINFFAX86CA,興仁南段,165.00,非都市：風景區 ; 非都市編定：農牧用地,2,1,持分移轉,01220001
RPRNMLKLKINFFAX86CA,興仁南段,87.04,非都市：風景區 ; 非都市編定：農牧用地,2,1,持分移轉,01220003
RPQNMLLLKINFFAX86CA,東澳段,94.97,非都市： ; 非都市編定：,1,1,全筆移轉,01380051
RPQNMLLLKINFFAX86CA,東澳段,2.35,非都市： ; 非都市編定：,10000,834,持分移轉,01380052
RPUNMLKLKINFFAX17CA,沙港北段,234.71,非都市：一般農業區 ; 非都市編定：農牧用地,1,1,全筆移轉,05160000
RPTNMLKLKINFFAX07CA,興仁南段,330.00,非都市：風景區 ; 非都市編定：農牧用地,1,1,全筆移轉,01220002
RPPNMLKLKINFFAX66CA,西澳段,123.21,非都市： ; 非都市編定：,1,1,全筆移轉,08310002
RPRNMLMJJHOFFAX76CA,文石段,1388.20,非都市：一般農業區 ; 非都市編定：農牧用地,1,1,全筆移轉,13660000
RPRNMLOLKINFFAX37DA,山水西段,373.42,非都市：一般農業區 ; 非都市編定：農牧用地,1,1,全筆移轉,01740000
RPUNMLQLKINFFAX77CA,埕東段,33.28,非都市： ; 非都市編定：,6,1,持分移轉,01140000
RPUNMLQLKINFFAX77CA,埕東段,35.40,非都市： ; 非都市編定：,1,1,全筆移轉,01170000
RPUNMLQLKINFFAX77CA,埕東段,.51,非都市： ; 非都市編定：,6,1,持分移轉,01230000
RPRNMLLMKINFFAX07CA,四維段,150.68,非都市：一般農業區 ; 非都市編定：甲種建築用地,1,1,全筆移轉,02060005
RPRNMLLMKINFFAX07CA,四維段,35.78,非都市：一般農業區 ; 非都市編定：交通用地,14,1,持分移轉,02060004
RPPNMLRLKINFFAX37CA,六合段,71.25,非都市：鄉村區 ; 非都市編定：乙種建築用地,4,3,持分移轉,00030001
RPQNMLLMKINFFAX96CA,四維段,155.12,非都市：一般農業區 ; 非都市編定：甲種建築用地,1,1,全筆移轉,02060002
RPQNMLLMKINFFAX96CA,四維段,35.78,非都市：一般農業區 ; 非都市編定：交通用地,14,1,持分移轉,02060004
RPQNMLOLKINFFAX17CA,興仁南段,165.00,非都市：風景區 ; 非都市編定：農牧用地,1,1,全筆移轉,01260000
RPQNMLPLKINFFAX27CA,湖東新段,1406.14,非都市：一般農業區 ; 非都市編定：農牧用地,1,1,全筆移轉,14360000
RPQNMLPLKINFFAX27CA,南寮北段,190.10,非都市：一般農業區 ; 非都市編定：農牧用地,1,1,全筆移轉,21650000
RPPNMLQLKINFFAX27CA,國宅段,148.60,非都市： ; 非都市編定：,1,1,全筆移轉,06590000
RPRNMLPLKINFFAX47DA,文澳段,80.00,非都市： ; 非都市編定：,1,1,全筆移轉,24250002
RPROMLTJNHOFFAX97CA,四維段,686.19,非都市： ; 非都市編定：,3,1,持分移轉,12240000
RPROMLTJNHOFFAX97CA,四維段,619.79,非都市： ; 非都市編定：,3,1,持分移轉,11770000
RPRNMLQLKINFFAX47CA,西澳段,14.24,非都市： ; 非都市編定：,1,1,全筆移轉,06900001
RPQNMLQLKINFFAX37CA,?裡新段,153.67,非都市：鄉村區 ; 非都市編定：乙種建築用地,3,1,持分移轉,03010000
SPROMLTJNHOFFAX08CA,四維段,379.87,非都市： ; 非都市編定：,3,1,持分移轉,12380000
SPROMLTJNHOFFAX08CA,四維段,358.08,非都市： ; 非都市編定：,2,1,持分移轉,11670000
RPQNMLMJJHOFFAX66CA,埕西段,5.60,非都市： ; 非都市編定：,10000,382,持分移轉,04780001
RPQNMLMJJHOFFAX66CA,埕西段,20.41,非都市： ; 非都市編定：,10000,382,持分移轉,04790000
RPTNMLLMKINFFAX27CA,四維段,151.90,非都市：一般農業區 ; 非都市編定：甲種建築用地,1,1,全筆移轉,02060008
RPTNMLLMKINFFAX27CA,四維段,35.78,非都市：一般農業區 ; 非都市編定：交通用地,14,1,持分移轉,02060004
RPQNMLRLKINFFAX47CA,烏崁新段,980.96,非都市：風景區 ; 非都市編定：農牧用地,1,1,全筆移轉,06620000
RPUNMLTJNHOFFAX18CA,國宅段,113.33,非都市： ; 非都市編定：,1,1,全筆移轉,04490009
RPSNMLLMKINFFAX17CA,四維段,150.03,非都市：一般農業區 ; 非都市編定：甲種建築用地,1,1,全筆移轉,02060007
RPSNMLLMKINFFAX17CA,四維段,35.78,非都市：一般農業區 ; 非都市編定：交通用地,14,1,持分移轉,02060004
RPSNMLOJJHOFFAX17DA,二崁南段,283.33,非都市：風景區 ; 非都市編定：農牧用地,3,1,持分移轉,13950000
RPSNMLOJJHOFFAX17DA,二崁北段,51.70,非都市： ; 非都市編定：,3,1,持分移轉,04240000
RPSNMLOJJHOFFAX17DA,二崁北段,239.34,非都市：一般農業區 ; 非都市編定：農牧用地,3,1,持分移轉,12070000
RPSNMLOJJHOFFAX17DA,二崁北段,.53,非都市：一般農業區 ; 非都市編定：農牧用地,3,1,持分移轉,13240000
RPSNMLOJJHOFFAX17DA,二崁北段,283.80,非都市：一般農業區 ; 非都市編定：農牧用地,3,1,持分移轉,13560000
RPSNMLOJJHOFFAX17DA,二崁北段,317.71,非都市：一般農業區 ; 非都市編定：農牧用地,3,1,持分移轉,13860000
RPSNMLOJJHOFFAX17DA,池東段,625.59,非都市：一般農業區 ; 非都市編定：農牧用地,3,1,持分移轉,00390000
RPSNMLOJJHOFFAX17DA,池東段,56.92,非都市：一般農業區 ; 非都市編定：農牧用地,3,1,持分移轉,05660000
RPSNMLOJJHOFFAX17DA,池東段,113.07,非都市：鄉村區 ; 非都市編定：乙種建築用地,3,1,持分移轉,05860000
RPSNMLOJJHOFFAX17DA,池東段,260.81,非都市：一般農業區 ; 非都市編定：農牧用地,3,1,持分移轉,08680000
RPPNMLSJJHOFFAX17CA,湖西南段,469.90,非都市：一般農業區 ; 非都市編定：農牧用地,1,1,全筆移轉,12590000
RPPNMLSJJHOFFAX17CA,湖西南段,259.60,非都市：一般農業區 ; 非都市編定：農牧用地,1,1,全筆移轉,12620000
RPPNMLSJJHOFFAX17CA,湖西南段,272.09,非都市：一般農業區 ; 非都市編定：農牧用地,1,1,全筆移轉,12640000
RPPNMLSJJHOFFAX17CA,湖西南段,245.44,非都市：一般農業區 ; 非都市編定：交通用地,1,1,全筆移轉,13220000
RPPNMLSJJHOFFAX17CA,湖西南段,1203.92,非都市：一般農業區 ; 非都市編定：農牧用地,1,1,全筆移轉,13230000
RPPNMLSJJHOFFAX17CA,湖西南段,7.57,非都市：一般農業區 ; 非都市編定：農牧用地,1,1,全筆移轉,13250000
RPPNMLSJJHOFFAX17CA,湖西南段,104.51,非都市：一般農業區 ; 非都市編定：交通用地,1,1,全筆移轉,13330000
RPPNMLSJJHOFFAX17CA,湖西南段,32.92,非都市：一般農業區 ; 非都市編定：農牧用地,1,1,全筆移轉,13340000
RPUNMLLKJHOFFAX07CA,東衛段,757.96,非都市：鄉村區 ; 非都市編定：乙種建築用地,1,1,全筆移轉,11470001
RPUNMLLKJHOFFAX07CA,東衛段,757.96,非都市：鄉村區 ; 非都市編定：乙種建築用地,1,1,全筆移轉,11470000
RPRNMLTJJHOFFAX47CA,西溪新段,170.74,非都市：鄉村區 ; 非都市編定：乙種建築用地,1,1,全筆移轉,08180000
RPPNMLMKJHOFFAX66CA,文石段,1455.15,非都市：一般農業區 ; 非都市編定：農牧用地,1,1,全筆移轉,11590000
RPRNMLRJJHOFFAX27CA,大嶼段,606.50,非都市：一般農業區 ; 非都市編定：農牧用地,2,1,持分移轉,57260000
RPPNMLQJJHOFFAX96CA,海堤段,3.89,非都市： ; 非都市編定：,1,1,全筆移轉,03480000
RPPNMLQJJHOFFAX96CA,海堤段,84.32,非都市： ; 非都市編定：,1,1,全筆移轉,03490000
RPSNMLLKJHOFFAX86CA,林投南段,233.46,非都市：一般農業區 ; 非都市編定：農牧用地,1,1,全筆移轉,00800000
RPSNMLLKJHOFFAX86CA,林投南段,10.44,非都市： ; 非都市編定：,15,1,持分移轉,00800001
RPPNMLLMKINFFAX86CA,文光段,74.12,非都市： ; 非都市編定：,2,1,持分移轉,10020027
RPTNMLTJNHOFFAX08CA,文寮段,1466.82,非都市：一般農業區 ; 非都市編定：甲種建築用地,1,1,全筆移轉,00550000
RPQNMLQJJHOFFAX07CA,山水南段,372.24,非都市：鄉村區 ; 非都市編定：乙種建築用地,1,1,全筆移轉,09750000
RPQNMLQJJHOFFAX07CA,山水南段,63.43,非都市：鄉村區 ; 非都市編定：乙種建築用地,1,1,全筆移轉,09800000
RPQOMLRJNHOFFAX77DA,馬公段,36.25,非都市： ; 非都市編定：,10000,36,持分移轉,02010000
RPQOMLRJNHOFFAX77DA,馬公段,3.75,非都市： ; 非都市編定：,10000,30,持分移轉,02010003
RPPNMLSKJHOFFAX27CA,西澳段,32.49,非都市： ; 非都市編定：,100000,7237,持分移轉,09660000
RPTNMLRKJHOFFAX57CA,四維段,298.69,非都市：一般農業區 ; 非都市編定：農牧用地,60,28,持分移轉,12140000
RPUNMLPKJHOFFAX47CA,五德西段,277.79,非都市：風景區 ; 非都市編定：丙種建築用地,1,1,全筆移轉,00030002
RPUNMLPKJHOFFAX47CA,五德西段,93.90,非都市：風景區 ; 非都市編定：交通用地,10000,3056,持分移轉,00030003
RPSNMLRJJHOFFAX37CA,鎖港西段,18.65,非都市： ; 非都市編定：,1,1,全筆移轉,07090000
RPSNMLRJJHOFFAX37CA,鎖港西段,483.13,非都市： ; 非都市編定：,1,1,全筆移轉,07100000
RPQNMLTJJHOFFAX37CA,五福段,187.28,非都市：一般農業區 ; 非都市編定：農牧用地,2,1,持分移轉,04990001
RPQNMLTJJHOFFAX37CA,五福段,187.28,非都市：一般農業區 ; 非都市編定：農牧用地,2,1,持分移轉,04990001
RPRNMLOKJHOFFAX07CA,尖山南段,338.48,非都市：風景區 ; 非都市編定：農牧用地,1,1,全筆移轉,09720000
RPPNMLOKJHOFFAX86CA,文東段,83.99,非都市：一般農業區 ; 非都市編定：丁種建築用地,10,4,持分移轉,09400000
RPPNMLOKJHOFFAX86CA,文東段,518.24,非都市：一般農業區 ; 非都市編定：丁種建築用地,10,4,持分移轉,09410000
RPPNMLOKJHOFFAX86CA,文東段,411.40,非都市：一般農業區 ; 非都市編定：丁種建築用地,10,4,持分移轉,09380000
RPPNMLOKJHOFFAX86CA,文東段,188.02,非都市：一般農業區 ; 非都市編定：丁種建築用地,10,4,持分移轉,09390000
RPPNMLOKJHOFFAX86CA,文東段,12.74,非都市：一般農業區 ; 非都市編定：丁種建築用地,10,4,持分移轉,09390001
RPRNMLTLJHOFFAX77DA,中衛段,169.17,非都市：一般農業區 ; 非都市編定：甲種建築用地,1,1,全筆移轉,14390009
RPRNMLTLJHOFFAX77DA,中衛段,51.51,非都市：一般農業區 ; 非都市編定：交通用地,9,1,持分移轉,14390004
RPPNMLTJJHOFFAX37DA,山水北段,135.92,非都市：鄉村區 ; 非都市編定：乙種建築用地,1,1,全筆移轉,06190000
RPPNMLKKJHOFFAX56DA,東吉段,69.00,非都市：鄉村區 ; 非都市編定：乙種建築用地,4,1,持分移轉,09850000
RPPNMLMLJHOFFAX76CA,案山段,111.99,非都市： ; 非都市編定：,1,1,全筆移轉,00010004
RPQNMLMLJHOFFAX86CA,東澳段,.72,非都市： ; 非都市編定：,10000,389,持分移轉,11270000
RPQNMLMLJHOFFAX86CA,東澳段,.89,非都市： ; 非都市編定：,10000,389,持分移轉,11280000
RPQNMLMLJHOFFAX86CA,東澳段,25.62,非都市： ; 非都市編定：,10000,389,持分移轉,11330000
RPQNMLMLJHOFFAX86CA,東澳段,.77,非都市： ; 非都市編定：,10000,389,持分移轉,12300000
RPQNMLMLJHOFFAX86CA,東澳段,.39,非都市： ; 非都市編定：,10000,389,持分移轉,12310000
RPSNMLMLJHOFFAX07CA,馬公段,22.00,非都市： ; 非都市編定：,1,1,全筆移轉,16210011
RPQNMLRJJHOFFAX27DA,五福段,65.34,非都市：鄉村區 ; 非都市編定：乙種建築用地,1,1,全筆移轉,13660000
RPQNMLRJJHOFFAX27DA,五福段,10.75,非都市：鄉村區 ; 非都市編定：乙種建築用地,1,1,全筆移轉,13710000
RPRNMLMLJHOFFAX96CA,五福段,541.80,非都市：一般農業區 ; 非都市編定：農牧用地,1,1,全筆移轉,00050000
RPPNMLPLJHOFFAX07CA,沙港北段,110.84,非都市：鄉村區 ; 非都市編定：乙種建築用地,4,1,持分移轉,00350000
RPWNMLMLJHOFFAX47CA,文光段,22.78,非都市： ; 非都市編定：,1,1,全筆移轉,05220000
RPWNMLMLJHOFFAX47CA,文光段,79.47,非都市： ; 非都市編定：,1,1,全筆移轉,05230000
RPXNMLPKJHOFFAX77CA,池東段,374.91,非都市：鄉村區 ; 非都市編定：乙種建築用地,1,1,全筆移轉,24860000
RPQNMLLKJHOFFAX66CA,鎖港南段,39.88,非都市： ; 非都市編定：,1,1,全筆移轉,05500000
RPQNMLLKJHOFFAX66CA,鎖港南段,684.86,非都市： ; 非都市編定：,1,1,全筆移轉,05490000
RPPNMLLKJHOFFAX66DA,中山段,.75,非都市： ; 非都市編定：,1,1,全筆移轉,03870001
RPPNMLLKJHOFFAX66DA,中山段,.45,非都市： ; 非都市編定：,1,1,全筆移轉,03880001
RPPNMLLKJHOFFAX66DA,中山段,.11,非都市： ; 非都市編定：,1,1,全筆移轉,04810001
RPQNMLOKJHOFFAX96CA,文寮段,1233.26,非都市：一般農業區 ; 非都市編定：農牧用地,1,1,全筆移轉,03360000
RPVNMLPKJHOFFAX57CA,林投北段,120.83,非都市：一般農業區 ; 非都市編定：甲種建築用地,1,1,全筆移轉,02160000
RPPNMLNKJHOFFAX76CA,中衛段,229.56,非都市：一般農業區 ; 非都市編定：農牧用地,1000,107,持分移轉,16670000
RPWNMLPKJHOFFAX67CA,沙港北段,203.70,非都市：鄉村區 ; 非都市編定：乙種建築用地,2,1,持分移轉,06090000
RPTNMLLKJHOFFAX96CA,湖東新段,292.00,非都市：一般農業區 ; 非都市編定：農牧用地,1,1,全筆移轉,08800000
RPSNMLSKJHOFFAX57CA,馬公段,45.00,非都市： ; 非都市編定：,1,1,全筆移轉,23610000
RPWNMLLMJHOFFAX57DA,鎖港西段,46.42,非都市： ; 非都市編定：,1,1,全筆移轉,05850003
RPPNMLTKJHOFFAX37CA,海堤段,49.78,非都市： ; 非都市編定：,6,1,持分移轉,06310000
RPUNMLTLJHOFFAX97CA,五福段,878.44,非都市：一般農業區 ; 非都市編定：農牧用地,1,1,全筆移轉,08170000
RPPNMLPKJHOFFAX96CA,尖山南段,943.67,非都市：風景區 ; 非都市編定：農牧用地,1,1,全筆移轉,09880000
RPPNMLQKJHOFFAX07CA,文光段,31.40,非都市： ; 非都市編定：,100000,720,持分移轉,00570000
RPQNMLQKJHOFFAX17CA,四維段,153.13,非都市：一般農業區 ; 非都市編定：甲種建築用地,1,1,全筆移轉,02060001
RPQNMLQKJHOFFAX17CA,四維段,35.78,非都市：一般農業區 ; 非都市編定：交通用地,14,1,持分移轉,02060004
RPRNMLQKJHOFFAX27CA,馬公段,40.87,非都市： ; 非都市編定：,1000,52,持分移轉,03190000
RPSNMLQKJHOFFAX37CA,鼎灣新段,529.14,非都市：一般農業區 ; 非都市編定：農牧用地,2,1,持分移轉,07880000
RPVNMLMLJHOFFAX47DA,中西段,16.29,非都市：一般農業區 ; 非都市編定：農牧用地,1,1,全筆移轉,05100000
RPPNMLNLJHOFFAX96DA,湖西南段,575.97,非都市：一般農業區 ; 非都市編定：農牧用地,1,1,全筆移轉,19740000
RPQNMLRKJHOFFAX37DA,鎮海新段,454.76,非都市：風景區 ; 非都市編定：農牧用地,1,1,全筆移轉,09930000
RPQNMLKMJHOFFAX86DA,大嶼段,107.92,非都市：一般農業區 ; 非都市編定：農牧用地,12,1,持分移轉,41070000
RPQNMLKMJHOFFAX86DA,大嶼段,24.67,非都市：一般農業區 ; 非都市編定：農牧用地,12,1,持分移轉,41020000
RPQNMLKMJHOFFAX86DA,大嶼段,31.08,非都市：一般農業區 ; 非都市編定：農牧用地,12,1,持分移轉,40830000
RPPNMLLLJHOFFAX66CA,?裡新段,805.75,非都市：鄉村區 ; 非都市編定：乙種建築用地,1,1,全筆移轉,07790000
RPQNMLLLJHOFFAX76CA,竹篙灣段,336.00,非都市：一般農業區 ; 非都市編定：農牧用地,1363,112,持分移轉,36620000
RPQNMLTLJHOFFAX57CA,興仁段,47.30,非都市：一般農業區 ; 非都市編定：交通用地,9,1,持分移轉,08330004
RPQNMLTLJHOFFAX57CA,興仁段,154.13,非都市：一般農業區 ; 非都市編定：甲種建築用地,1,1,全筆移轉,08330005
RPTNMLMLJHOFFAX27DA,成功南段,1176.15,非都市：一般農業區 ; 非都市編定：農牧用地,1,1,全筆移轉,10250000
RPTNMLMLJHOFFAX27DA,成功南段,1297.71,非都市：一般農業區 ; 非都市編定：農牧用地,1,1,全筆移轉,10260000
RPPNMLSJNHOFFAX57CA,興仁段,219.23,非都市：一般農業區 ; 非都市編定：農牧用地,1,1,全筆移轉,03740001
RPPOMLRJNHOFFAX57CA,七美二段,49.97,非都市：鄉村區 ; 非都市編定：乙種建築用地,1,1,全筆移轉,09950000
RPSNMLSJNHOFFAX87CA,四維段,52.97,非都市：一般農業區 ; 非都市編定：交通用地,10,1,持分移轉,05840004
RPSNMLSJNHOFFAX87CA,四維段,228.30,非都市：一般農業區 ; 非都市編定：甲種建築用地,1,1,全筆移轉,05840006
RPTNMLKMJHOFFAX07CA,興崁段,187.90,非都市：一般農業區 ; 非都市編定：農牧用地,1139630,218586,持分移轉,10990000
RPPNMLLKKHOFFAX66CA,赤馬二段,748.48,非都市：一般農業區 ; 非都市編定：農牧用地,1,1,全筆移轉,01410000
RPPNMLLKKHOFFAX66CA,赤馬二段,185.83,非都市：一般農業區 ; 非都市編定：農牧用地,1,1,全筆移轉,03910000
RPPNMLLKKHOFFAX66CA,赤馬二段,98.59,非都市：一般農業區 ; 非都市編定：交通用地,1,1,全筆移轉,03920000
RPPNMLLKKHOFFAX66CA,赤馬二段,39.03,非都市：一般農業區 ; 非都市編定：農牧用地,1,1,全筆移轉,03930000
RPPNMLLKKHOFFAX66CA,赤馬二段,424.04,非都市：一般農業區 ; 非都市編定：農牧用地,1,1,全筆移轉,09070000
RPQNMLLKKHOFFAX76CA,文石段,2.98,非都市：一般農業區 ; 非都市編定：交通用地,9,1,持分移轉,02130000
RPQNMLLKKHOFFAX76CA,文石段,103.52,非都市：一般農業區 ; 非都市編定：甲種建築用地,1,1,全筆移轉,02080007
RPQNMLLKKHOFFAX76CA,文石段,10.82,非都市：一般農業區 ; 非都市編定：交通用地,9,1,持分移轉,02080010
RPQNMLLKKHOFFAX76CA,文石段,4.95,非都市：一般農業區 ; 非都市編定：交通用地,9,1,持分移轉,02080011
RPQNMLLKKHOFFAX76CA,文石段,7.66,非都市：一般農業區 ; 非都市編定：交通用地,9,1,持分移轉,02090003
RPQNMLLKKHOFFAX76CA,文石段,1.23,非都市：一般農業區 ; 非都市編定：甲種建築用地,1,1,全筆移轉,02090004
RPPNMLLMJHOFFAX76CA,許家段,229.44,非都市：一般農業區 ; 非都市編定：農牧用地,10000,799,持分移轉,11650000
RPVNMLLMJHOFFAX37CA,東衛段,244.53,非都市：一般農業區 ; 非都市編定：甲種建築用地,1,1,全筆移轉,15040000
RPVNMLLMJHOFFAX37CA,東衛段,21.72,非都市：一般農業區 ; 非都市編定：交通用地,1,1,全筆移轉,15040001
SPTNMLKMJHOFFAX17CA,興崁段,187.53,非都市：一般農業區 ; 非都市編定：農牧用地,1139630,218160,持分移轉,10990000
RPRNMLLMJHOFFAX96CA,西澳段,62.53,非都市： ; 非都市編定：,2,1,持分移轉,08660000
RPRNMLLMJHOFFAX96CA,西澳段,9.04,非都市： ; 非都市編定：,2,1,持分移轉,08660001
RPQNMLPLJHOFFAX17CA,四維段,102.63,非都市：鄉村區 ; 非都市編定：乙種建築用地,1,1,全筆移轉,02980000
RPXNMLMLJHOFFAX57CA,南寮北段,5.47,非都市：一般農業區 ; 非都市編定：交通用地,1,1,全筆移轉,07410000
RPXNMLMLJHOFFAX57CA,南寮北段,329.39,非都市：一般農業區 ; 非都市編定：農牧用地,1,1,全筆移轉,07420001
RPOOMLMLJHOFFAX76CA,南寮北段,2.74,非都市：一般農業區 ; 非都市編定：交通用地,2,1,持分移轉,07410001
RPPNMLSLJHOFFAX37CA,東衛段,37.72,非都市：一般農業區 ; 非都市編定：交通用地,12,1,持分移轉,10310004
RPPNMLSLJHOFFAX37CA,東衛段,267.38,非都市：一般農業區 ; 非都市編定：甲種建築用地,1,1,全筆移轉,10310011
RPTNMLSLJHOFFAX77CA,南寮北段,83.42,非都市：一般農業區 ; 非都市編定：農牧用地,20,1,持分移轉,11510000
RPPNMLTLJHOFFAX67EA,桶盤段,150.00,非都市：風景區 ; 非都市編定：特定目的事業用地,1,1,全筆移轉,02420045
RPPNMLTLJHOFFAX67EA,桶盤段,218.00,非都市：風景區 ; 非都市編定：特定目的事業用地,1,1,全筆移轉,02420046
RPQNMLOLJHOFFAX07CA,山水北段,255.80,非都市：鄉村區 ; 非都市編定：乙種建築用地,2,1,持分移轉,04870000
RPQNMLOLJHOFFAX07CA,山水北段,255.80,非都市：鄉村區 ; 非都市編定：乙種建築用地,2,1,持分移轉,04870000
RPVNMLSJNHOFFAX18CA,五德東段,642.31,非都市：一般農業區 ; 非都市編定：農牧用地,1,1,全筆移轉,08580000
RPQNMLNKKHOFFAX96CA,講美段,128.64,非都市：一般農業區 ; 非都市編定：農牧用地,3,1,持分移轉,12760000
RPPNMLOKKHOFFAX96CA,講美段,234.38,非都市：一般農業區 ; 非都市編定：農牧用地,3,1,持分移轉,13690000
RPPNMLOKKHOFFAX96CA,講美段,202.10,非都市：一般農業區 ; 非都市編定：農牧用地,3,1,持分移轉,19360000
RPPNMLOKKHOFFAX96CA,講美段,321.87,非都市：一般農業區 ; 非都市編定：農牧用地,3,1,持分移轉,20180000
RPTNMLLKKHOFFAX07CA,五福段,156.11,非都市：一般農業區 ; 非都市編定：甲種建築用地,1,1,全筆移轉,00760002
RPTNMLLKKHOFFAX07CA,五福段,86.49,非都市：一般農業區 ; 非都市編定：交通用地,4,1,持分移轉,00760004
RPRNMLPKKHOFFAX27CA,四維段,52.97,非都市：一般農業區 ; 非都市編定：交通用地,10,1,持分移轉,05840004
RPRNMLPKKHOFFAX27CA,四維段,164.78,非都市：一般農業區 ; 非都市編定：甲種建築用地,1,1,全筆移轉,05840005
RPQNMLMKKHOFFAX86CA,馬公段,74.00,非都市： ; 非都市編定：,1,1,全筆移轉,20270000
RPSNMLLKKHOFFAX96CA,五福段,156.13,非都市：一般農業區 ; 非都市編定：甲種建築用地,1,1,全筆移轉,00760001
RPSNMLLKKHOFFAX96CA,五福段,86.49,非都市：一般農業區 ; 非都市編定：交通用地,4,1,持分移轉,00760004
RPRNMLMKKHOFFAX96CA,?葉新段,77.84,非都市：一般農業區 ; 非都市編定：甲種建築用地,2,1,持分移轉,11350000
SPWNMLPKKHOFFAX87CA,興仁段,128.96,非都市：鄉村區 ; 非都市編定：乙種建築用地,1,1,全筆移轉,00360001
TPWNMLPKKHOFFAX97CA,興仁段,146.24,非都市：鄉村區 ; 非都市編定：乙種建築用地,1,1,全筆移轉,00360002
RPWNMLPKKHOFFAX77CA,興仁段,122.80,非都市：鄉村區 ; 非都市編定：乙種建築用地,1,1,全筆移轉,00360000
XPVNMLMLKHOFFAX08CA,許家段,179.85,非都市：一般農業區 ; 非都市編定：農牧用地,20000,1114,持分移轉,09100000
WPVNMLMLKHOFFAX97CA,許家段,175.01,非都市：一般農業區 ; 非都市編定：農牧用地,20000,1084,持分移轉,09100000
VPVNMLMLKHOFFAX87CA,許家段,175.01,非都市：一般農業區 ; 非都市編定：農牧用地,20000,1084,持分移轉,09100000
TPVNMLMLKHOFFAX67CA,許家段,175.01,非都市：一般農業區 ; 非都市編定：農牧用地,20000,1084,持分移轉,09100000
UPVNMLMLKHOFFAX77CA,許家段,175.01,非都市：一般農業區 ; 非都市編定：農牧用地,20000,1084,持分移轉,09100000
RPQNMLLLKHOFFAX86CA,通梁東段,329.28,非都市：風景區 ; 非都市編定：丙種建築用地,1,1,全筆移轉,00140002
RPQNMLLLKHOFFAX86CA,通梁東段,133.11,非都市：風景區 ; 非都市編定：農牧用地,1,1,全筆移轉,00140003
SPVNMLMLKHOFFAX57CA,許家段,175.01,非都市：一般農業區 ; 非都市編定：農牧用地,20000,1084,持分移轉,09100000
RPPNMLLLKHOFFAX76CA,通梁東段,330.00,非都市：風景區 ; 非都市編定：丙種建築用地,1,1,全筆移轉,00140001
RPVNMLMLKHOFFAX47CA,許家段,185.34,非都市：一般農業區 ; 非都市編定：農牧用地,20000,1148,持分移轉,09100000
YPVNMLMLKHOFFAX18CA,許家段,223.76,非都市：一般農業區 ; 非都市編定：農牧用地,20000,1386,持分移轉,09100000
RPSNMLMKKHOFFAX07CA,興崁段,274.22,非都市：一般農業區 ; 非都市編定：農牧用地,291018,27422,持分移轉,05790000
RPTNMLPKKHOFFAX47CA,山水東段,73.31,非都市：一般農業區 ; 非都市編定：農牧用地,5,1,持分移轉,05470000
RPTNMLPKKHOFFAX47CA,山水東段,73.31,非都市：一般農業區 ; 非都市編定：農牧用地,5,1,持分移轉,05470000
RPTNMLPKKHOFFAX47CA,山水東段,73.31,非都市：一般農業區 ; 非都市編定：農牧用地,5,1,持分移轉,05470000
RPTNMLPKKHOFFAX47CA,山水東段,73.31,非都市：一般農業區 ; 非都市編定：農牧用地,5,1,持分移轉,05470000
RPTNMLPKKHOFFAX47CA,山水東段,73.31,非都市：一般農業區 ; 非都市編定：農牧用地,5,1,持分移轉,05470000
SPSNMLMKKHOFFAX17CA,興崁段,225.38,非都市：一般農業區 ; 非都市編定：農牧用地,291018,22538,持分移轉,05790000
TPSNMLMKKHOFFAX27CA,興崁段,224.83,非都市：一般農業區 ; 非都市編定：農牧用地,291018,22483,持分移轉,05790000
UPSNMLMKKHOFFAX37CA,興崁段,224.30,非都市：一般農業區 ; 非都市編定：農牧用地,291018,22430,持分移轉,05790000
VPSNMLMKKHOFFAX47CA,興崁段,226.62,非都市：一般農業區 ; 非都市編定：農牧用地,291018,22662,持分移轉,05790000
WPSNMLMKKHOFFAX57CA,興崁段,247.07,非都市：一般農業區 ; 非都市編定：農牧用地,291018,24707,持分移轉,05790000
RPQNMLSLJHOFFAX47CA,埕東段,47.98,非都市： ; 非都市編定：,1,1,全筆移轉,04550000
RPUNMLKMJHOFFAX17CA,文光段,25.11,非都市： ; 非都市編定：,100000,303,持分移轉,00200000
RPUNMLKMJHOFFAX17CA,文光段,3.25,非都市： ; 非都市編定：,100000,303,持分移轉,00540000
RPPNMLKMJHOFFAX66CA,五福段,230.17,非都市：一般農業區 ; 非都市編定：農牧用地,134815,23017,持分移轉,03030000
TPPNMLKMJHOFFAX86CA,五福段,230.35,非都市：一般農業區 ; 非都市編定：農牧用地,134815,23035,持分移轉,03030000
SPPNMLKMJHOFFAX76CA,五福段,427.31,非都市：一般農業區 ; 非都市編定：農牧用地,134815,42731,持分移轉,03030000
UPPNMLKMJHOFFAX96CA,五福段,230.16,非都市：一般農業區 ; 非都市編定：農牧用地,134815,23016,持分移轉,03030000
RPSNMLTLJHOFFAX87DA,中衛段,15.54,非都市：一般農業區 ; 非都市編定：交通用地,5,1,持分移轉,15070001
RPSNMLTLJHOFFAX87DA,中衛段,37.79,非都市：一般農業區 ; 非都市編定：交通用地,4,1,持分移轉,15070002
RPSNMLTLJHOFFAX87DA,中衛段,128.03,非都市：一般農業區 ; 非都市編定：甲種建築用地,1,1,全筆移轉,15070004
VPPNMLKMJHOFFAX07CA,五福段,230.16,非都市：一般農業區 ; 非都市編定：農牧用地,134815,23016,持分移轉,03030000
RPVNMLKMJHOFFAX37DA,文東段,55.30,非都市：鄉村區 ; 非都市編定：乙種建築用地,1,1,全筆移轉,07880000
RPTNMLLLKHOFFAX37EA,興仁段,3.72,非都市：一般農業區 ; 非都市編定：農牧用地,1032,9,持分移轉,04840000
RPRNMLLLKHOFFAX96CA,興崁段,648.50,非都市：一般農業區 ; 非都市編定：農牧用地,3,1,持分移轉,05730000
RPRNMLLKKHOFFAX86CA,?葉新段,92.38,非都市：一般農業區 ; 非都市編定：水利用地,1,1,全筆移轉,19450001
RPTNMLTLJHOFFAX87CA,後寮段,590.00,非都市：一般農業區 ; 非都市編定：農牧用地,1,1,全筆移轉,00070001
RPXNMLKMJHOFFAX47CA,北極段,114.60,非都市： ; 非都市編定：,4,1,持分移轉,06180000
RPXNMLKMJHOFFAX47CA,北極段,7.87,非都市： ; 非都市編定：,4,1,持分移轉,06210000
RPXNMLKMJHOFFAX47CA,北極段,7.19,非都市： ; 非都市編定：,4,1,持分移轉,06220000
RPXNMLKMJHOFFAX47CA,北極段,133.33,非都市： ; 非都市編定：,4,1,持分移轉,06290000
RPTNMLNKKHOFFAX27CA,四維段,437.54,非都市：一般農業區 ; 非都市編定：農牧用地,3,1,持分移轉,05810000
RPPOMLOKKHOFFAX07CA,山水北段,388.69,非都市：一般農業區 ; 非都市編定：農牧用地,1,1,全筆移轉,08960000
RPOOMLMKKHOFFAX76CA,四維段,150.66,非都市：一般農業區 ; 非都市編定：甲種建築用地,1,1,全筆移轉,02060000
RPOOMLMKKHOFFAX76CA,四維段,35.78,非都市：一般農業區 ; 非都市編定：交通用地,14,1,持分移轉,02060004
SPPOMLMKKHOFFAX96CA,馬公段,38.27,非都市： ; 非都市編定：,15000,57,持分移轉,02010000
SPPOMLMKKHOFFAX96CA,馬公段,4.25,非都市： ; 非都市編定：,30000,102,持分移轉,02010003
RPWNMLKMJHOFFAX37CA,興仁段,226.74,非都市：鄉村區 ; 非都市編定：乙種建築用地,1,1,全筆移轉,04940000
RPSNMLLMJHOFFAX07CA,二崁南段,180.40,非都市： ; 非都市編定：,1,1,全筆移轉,05150003
RPSNMLLMJHOFFAX07CA,二崁北段,11.14,非都市： ; 非都市編定：,1,1,全筆移轉,05410003
RPSNMLLMJHOFFAX07CA,二崁北段,29.65,非都市： ; 非都市編定：,1,1,全筆移轉,05410002
RPSNMLLMJHOFFAX07CA,二崁北段,184.48,非都市： ; 非都市編定：,1,1,全筆移轉,05030001
RPSNMLLMJHOFFAX07CA,二崁北段,8.07,非都市： ; 非都市編定：,1,1,全筆移轉,05020002
RPSNMLLMJHOFFAX07CA,二崁北段,154.39,非都市： ; 非都市編定：,1,1,全筆移轉,05020001
RPXNMLLMJHOFFAX57CA,七美一段,359.00,非都市：一般農業區 ; 非都市編定：農牧用地,2,1,持分移轉,06390000
RPTNMLLMJHOFFAX17CA,海堤段,10.32,非都市： ; 非都市編定：,1,1,全筆移轉,09890000
RPVNMLLKKHOFFAX47EA,興仁段,451.46,非都市：一般農業區 ; 非都市編定：農牧用地,2,1,持分移轉,08170000
RPQNMLLJKHOFFAX66CA,大嶼段,126.00,非都市：一般農業區 ; 非都市編定：甲種建築用地,4,1,持分移轉,50990000
RPTNMLLJKHOFFAX07DA,大嶼段,852.00,非都市：一般農業區 ; 非都市編定：農牧用地,1,1,全筆移轉,07110000
RPTNMLLJKHOFFAX07DA,大嶼段,570.00,非都市：一般農業區 ; 非都市編定：農牧用地,1,1,全筆移轉,07860000
RPUNMLLMJHOFFAX27CA,通梁南段,56.32,非都市： ; 非都市編定：,1,1,全筆移轉,09410000
RPVNMLLJKHOFFAX27DA,七美二段,670.94,非都市：一般農業區 ; 非都市編定：農牧用地,1,1,全筆移轉,03020000
RPTNMLSKKHOFFAX87DA,尖山南段,1854.16,非都市：一般農業區 ; 非都市編定：農牧用地,1,1,全筆移轉,05900000
RPPNMLLJKHOFFAX56CA,許家段,906.59,非都市：一般農業區 ; 非都市編定：農牧用地,100000,73269,持分移轉,10950002
RPPNMLLJKHOFFAX56CA,許家段,275.77,非都市：一般農業區 ; 非都市編定：交通用地,3,1,持分移轉,10950003
RPUNMLLJKHOFFAX07CA,吉貝東段,648.97,非都市：一般農業區 ; 非都市編定：農牧用地,1,1,全筆移轉,06550000
RPSNMLMLKHOFFAX27DA,埕東段,26.88,非都市： ; 非都市編定：,5,1,持分移轉,09500000
RPUNMLLKKHOFFAX17CA,東澳段,.56,非都市： ; 非都市編定：,10000,239,持分移轉,04890002
RPUNMLLKKHOFFAX17CA,東澳段,24.65,非都市： ; 非都市編定：,10000,239,持分移轉,05000000
SPPNMLMKKHOFFAX86CA,山水南段,321.20,非都市：一般農業區 ; 非都市編定：農牧用地,1,1,全筆移轉,01210000
TPPNMLMKKHOFFAX96CA,山水北段,126.30,非都市：一般農業區 ; 非都市編定：殯葬用地,1,1,全筆移轉,01660000
RPPNMLMKKHOFFAX76CA,山水南段,829.27,非都市：一般農業區 ; 非都市編定：農牧用地,1,1,全筆移轉,01150000
RPXNMLOKKHOFFAX77CA,通梁南段,16.66,非都市： ; 非都市編定：,36,1,持分移轉,09460000
RPUNMLPKKHOFFAX57CA,龍門南段,276.64,非都市：一般農業區 ; 非都市編定：農牧用地,2,1,持分移轉,04870000
RPUNMLPKKHOFFAX57CA,龍門南段,276.64,非都市：一般農業區 ; 非都市編定：農牧用地,2,1,持分移轉,04870000
UPPNMLMKKHOFFAX07CA,山水北段,136.29,非都市：一般農業區 ; 非都市編定：殯葬用地,1,1,全筆移轉,01640000
RPXNMLMKKHOFFAX57CA,五福段,35.86,非都市：一般農業區 ; 非都市編定：交通用地,12,1,持分移轉,09800004
RPXNMLMKKHOFFAX57CA,五福段,188.54,非都市：一般農業區 ; 非都市編定：甲種建築用地,1,1,全筆移轉,09800006
RPRNMLOKKHOFFAX17CA,赤崁北段,1092.54,非都市：一般農業區 ; 非都市編定：農牧用地,1,1,全筆移轉,02940001
RPWNMLMKKHOFFAX47CA,興仁段,463.07,非都市：一般農業區 ; 非都市編定：農牧用地,9,1,持分移轉,08010000
RPWNMLOKKHOFFAX67CA,通梁南段,8.33,非都市： ; 非都市編定：,72,1,持分移轉,09460000
RPVNMLOKKHOFFAX57CA,通梁南段,8.33,非都市： ; 非都市編定：,72,1,持分移轉,09460000
RPTNMLMKKHOFFAX17CA,興崁段,102.37,非都市：一般農業區 ; 非都市編定：農牧用地,8,3,持分移轉,09740000
RPTNMLMKKHOFFAX17CA,興崁段,991.05,非都市：一般農業區 ; 非都市編定：農牧用地,1,1,全筆移轉,09760002
RPRNMLLJKHOFFAX76CA,二崁南段,3.01,非都市： ; 非都市編定：,3,1,持分移轉,04250001
RPRNMLLJKHOFFAX76CA,二崁南段,47.86,非都市： ; 非都市編定：,3,1,持分移轉,04250000
RPRNMLLJKHOFFAX76CA,二崁南段,110.56,非都市： ; 非都市編定：,3,1,持分移轉,04260000
RPRNMLLJKHOFFAX76CA,二崁南段,74.73,非都市： ; 非都市編定：,3,1,持分移轉,04260001
RPRNMLLJKHOFFAX76CA,二崁南段,63.00,非都市： ; 非都市編定：,3,1,持分移轉,04630000
RPRNMLLJKHOFFAX76CA,二崁南段,15.46,非都市： ; 非都市編定：,3,1,持分移轉,04630001
RPRNMLLJKHOFFAX76CA,二崁南段,.70,非都市： ; 非都市編定：,3,1,持分移轉,04630002
RPRNMLLJKHOFFAX76CA,二崁南段,83.08,非都市： ; 非都市編定：,3,1,持分移轉,04630003
RPQNMLOKKHOFFAX17DA,五福段,165.35,非都市：一般農業區 ; 非都市編定：甲種建築用地,1,1,全筆移轉,07690003
RPQNMLOKKHOFFAX17DA,五福段,50.41,非都市：一般農業區 ; 非都市編定：交通用地,4,1,持分移轉,07690004
RPPNMLSKKHOFFAX37CA,馬公段,109.00,非都市： ; 非都市編定：,1,1,全筆移轉,02520000
ZPVNMLMLKHOFFAX28CA,許家段,175.01,非都市：一般農業區 ; 非都市編定：農牧用地,20000,1084,持分移轉,09100000
RPPNMLQLKHOFFAX27CA,雙湖段,181.66,非都市：一般農業區 ; 非都市編定：甲種建築用地,1,1,全筆移轉,00870002
RPPNMLQLKHOFFAX27CA,雙湖段,111.34,非都市：一般農業區 ; 非都市編定：交通用地,4,1,持分移轉,00870004
