﻿鄉鎮市區,交易標的,土地位置建物門牌,土地移轉總面積平方公尺,都市土地使用分區,非都市土地使用分區,非都市土地使用編定,交易年月日,交易筆棟數,移轉層次,總樓層數,建物型態,主要用途,主要建材,建築完成年月,建物移轉總面積平方公尺,建物現況格局-房,建物現況格局-廳,建物現況格局-衛,建物現況格局-隔間,有無管理組織,總價元,單價元平方公尺,車位類別,車位移轉總面積平方公尺,車位總價元,備註,編號
The villages and towns urban district,transaction sign,land sector position building sector house number plate,land shifting total area square meter,the use zoning or compiles and checks,the non-metropolis land use district,non-metropolis land use,transaction year month and day,transaction pen number,shifting level,total floor number,building state,main use,main building materials,construction to complete the years,building shifting total area,Building present situation pattern - room,building present situation pattern - hall,building present situation pattern - health,building present situation pattern - compartmented,Whether there is manages the organization,total price NTD,the unit price (NTD / square meter),the berth category,berth shifting total area square meter,the berth total price NTD,the note,serial number
北投區,房地(土地+建物)+車位,臺北市北投區清江里磺港路A-4F,23.99,住,,,1080521,土地15建物1車位1,四層,16,住宅大樓(11層含以上有電梯),住家用,鋼筋混凝土造,,199.75,3,2,2,有,無,30300000,177675,坡道平面,44.41,2700000,,RPTNMLPKJIOFFEA28CB
北投區,房地(土地+建物)+車位,臺北市北投區清江里磺港路A-5F,23.99,住,,,1080716,土地15建物1車位1,五層,16,住宅大樓(11層含以上有電梯),住家用,鋼筋混凝土造,,196.04,3,2,2,有,無,31050000,184434,坡道平面,40.7,2400000,,RPUNMLPKJIOFFEA38CB
北投區,房地(土地+建物)+車位,臺北市北投區清江里磺港路A-6F,23.99,住,,,1080629,土地15建物1車位1,六層,16,住宅大樓(11層含以上有電梯),住家用,鋼筋混凝土造,,199.75,3,2,2,有,無,31380000,185676,坡道平面,44.21,2500000,,RPVNMLPKJIOFFEA48CB
北投區,房地(土地+建物)+車位,臺北市北投區清江里磺港路A-9F,23.99,住,,,1080718,土地15建物1車位1,九層,16,住宅大樓(11層含以上有電梯),住家用,鋼筋混凝土造,,199.55,3,2,2,有,無,32500000,193125,坡道平面,44.21,2500000,,RPWNMLPKJIOFFEA58CB
北投區,房地(土地+建物)+車位,臺北市北投區清江里磺港路A-10F,23.99,住,,,1080505,土地15建物1車位2,十層,16,住宅大樓(11層含以上有電梯),住家用,鋼筋混凝土造,,233.64,3,2,2,有,無,34680000,196215,坡道平面,78.3,4200000,,RPXNMLPKJIOFFEA68CB
北投區,房地(土地+建物)+車位,臺北市北投區清江里磺港路A-11F,23.99,住,,,1080908,土地15建物1車位2,十一層,16,住宅大樓(11層含以上有電梯),住家用,鋼筋混凝土造,,233.55,3,2,2,有,無,34500000,196344,坡道平面,78.21,4000000,,RPOOMLPKJIOFFEA87CB
北投區,房地(土地+建物)+車位,臺北市北投區清江里磺港路A-14F,23.99,住,,,1080917,土地15建物1車位2,十四層,16,住宅大樓(11層含以上有電梯),住家用,鋼筋混凝土造,,233.55,3,2,2,有,無,34500000,196987,坡道平面,78.21,3900000,,RPPOMLPKJIOFFEA97CB
北投區,房地(土地+建物)+車位,臺北市北投區清江里磺港路B-4F,23.99,住,,,1080413,土地15建物1車位1,四層,16,住宅大樓(11層含以上有電梯),住家用,鋼筋混凝土造,,199.55,3,2,2,有,無,30600000,180894,坡道平面,44.21,2500000,,RPQOMLPKJIOFFEA08CB
北投區,房地(土地+建物)+車位,臺北市北投區清江里磺港路B-7F,23.99,住,,,1080415,土地15建物1車位1,七層,16,住宅大樓(11層含以上有電梯),住家用,鋼筋混凝土造,,199.55,3,2,2,有,無,31780000,188490,坡道平面,44.21,2500000,,RPROMLPKJIOFFEA18CB
北投區,房地(土地+建物)+車位,臺北市北投區清江里磺港路B-8F,23.99,住,,,1080319,土地15建物1車位1,八層,16,住宅大樓(11層含以上有電梯),住家用,鋼筋混凝土造,,199.55,3,2,2,有,無,33270000,200013,坡道平面,44.21,2200000,,RPSOMLPKJIOFFEA28CB
北投區,房地(土地+建物)+車位,臺北市北投區清江里磺港路B-9F,23.99,住,,,1080505,土地15建物1車位1,九層,16,住宅大樓(11層含以上有電梯),住家用,鋼筋混凝土造,,199.55,3,2,2,有,無,33120000,195829,坡道平面,44.21,2700000,,RPTOMLPKJIOFFEA38CB
北投區,房地(土地+建物)+車位,臺北市北投區清江里磺港路B-11F,23.99,住,,,1080316,土地15建物1車位2,十一層,16,住宅大樓(11層含以上有電梯),住家用,鋼筋混凝土造,,243.76,3,2,2,有,無,35360000,197374,坡道平面,88.42,4700000,,RPUOMLPKJIOFFEA48CB
北投區,房地(土地+建物)+車位,臺北市北投區清江里磺港路B-14F,23.99,住,,,1080707,土地15建物1車位2,十四層,16,住宅大樓(11層含以上有電梯),住家用,鋼筋混凝土造,,233.55,3,2,2,有,無,34900000,196987,坡道平面,78.21,4300000,,RPVOMLPKJIOFFEA58CB
北投區,房地(土地+建物)+車位,臺北市北投區清江里磺港路B-16F,23.99,住,,,1080603,土地15建物1車位2,十六層,16,住宅大樓(11層含以上有電梯),住家用,鋼筋混凝土造,,233.75,3,2,2,有,無,35080000,198790,坡道平面,78.41,4200000,,RPWOMLPKJIOFFEA68CB
北投區,房地(土地+建物)+車位,臺北市北投區清江里磺港路C-5F,18.22,住,,,1081019,土地15建物1車位1,五層,16,住宅大樓(11層含以上有電梯),住家用,鋼筋混凝土造,,152.16,3,2,2,有,無,20900000,164184,升降機械,34.0,1500000,,RPXOMLPKJIOFFEA78CB
北投區,房地(土地+建物)+車位,臺北市北投區清江里磺港路C-8F,18.22,住,,,1080414,土地15建物1車位1,八層,16,住宅大樓(11層含以上有電梯),住家用,鋼筋混凝土造,,162.37,3,2,2,有,無,23280000,175863,坡道平面,44.21,2500000,,RPOPMLPKJIOFFEA97CB
北投區,房地(土地+建物)+車位,臺北市北投區清江里磺港路C-14F,18.22,住,,,1080720,土地15建物1車位1,十四層,16,住宅大樓(11層含以上有電梯),住家用,鋼筋混凝土造,,162.37,3,2,2,有,無,23750000,181534,坡道平面,44.21,2300000,,RPQPMLPKJIOFFEA18CB
北投區,房地(土地+建物)+車位,臺北市北投區清江里磺港路C-15F,18.22,住,,,1080601,土地15建物1車位1,十五層,16,住宅大樓(11層含以上有電梯),住家用,鋼筋混凝土造,,162.57,3,2,2,有,無,24230000,183057,坡道平面,44.41,2600000,,RPRPMLPKJIOFFEA28CB
北投區,房地(土地+建物)+車位,臺北市北投區清江里磺港路D-5F,18.22,住,,,1080530,土地15建物1車位1,五層,16,住宅大樓(11層含以上有電梯),住家用,鋼筋混凝土造,,152.25,3,2,2,有,無,21530000,169516,升降機械,34.09,1500000,,RPTPMLPKJIOFFEA48CB
北投區,房地(土地+建物)+車位,臺北市北投區清江里磺港路D-6F,18.22,住,,,1080315,土地15建物1車位1,六層,16,住宅大樓(11層含以上有電梯),住家用,鋼筋混凝土造,,152.16,3,2,2,有,無,22100000,174340,升降機械,34.0,1500000,,RPUPMLPKJIOFFEA58CB
北投區,房地(土地+建物)+車位,臺北市北投區清江里磺港路D-9F,18.22,住,,,1081024,土地15建物1車位1,九層,16,住宅大樓(11層含以上有電梯),住家用,鋼筋混凝土造,,152.16,3,2,2,有,無,21880000,172478,升降機械,34.0,1500000,,RPWPMLPKJIOFFEA78CB
北投區,房地(土地+建物)+車位,臺北市北投區清江里磺港路D-11F,18.22,住,,,1080314,土地15建物1車位1,十一層,16,住宅大樓(11層含以上有電梯),住家用,鋼筋混凝土造,,162.37,3,2,2,有,無,24280000,186019,坡道平面,44.21,2300000,,RPXPMLPKJIOFFEA88CB
北投區,房地(土地+建物)+車位,臺北市北投區清江里磺港路D-14F,18.22,住,,,1080721,土地15建物1車位1,十四層,16,住宅大樓(11層含以上有電梯),住家用,鋼筋混凝土造,,162.37,3,2,2,有,無,24100000,183649,坡道平面,44.21,2400000,,RPOQMLPKJIOFFEA08CB
北投區,房地(土地+建物)+車位,臺北市北投區清江里磺港路A-16F,23.99,住,,,1080716,土地15建物1車位2,十六層,16,住宅大樓(11層含以上有電梯),住家用,鋼筋混凝土造,,233.55,3,2,2,有,無,35000000,198275,坡道平面,78.21,4200000,,RPPQMLPKJIOFFEA18CB
北投區,房地(土地+建物)+車位,臺北市北投區清江里磺港路B-3F,23.99,住,,,1080629,土地15建物1車位1,三層,16,住宅大樓(11層含以上有電梯),住家用,鋼筋混凝土造,,199.75,3,2,2,有,無,29380000,173684,坡道平面,44.41,2400000,,RPQQMLPKJIOFFEA28CB
北投區,房地(土地+建物)+車位,臺北市北投區清江里磺港路B-5F,23.99,住,,,1080415,土地15建物1車位1,五層,16,住宅大樓(11層含以上有電梯),住家用,鋼筋混凝土造,,199.55,3,2,2,有,無,31220000,184885,坡道平面,44.21,2500000,,RPSQMLPKJIOFFEA48CB
北投區,房地(土地+建物)+車位,臺北市北投區清江里磺港路C-6F,18.22,住,,,1080420,土地15建物1車位1,六層,16,住宅大樓(11層含以上有電梯),住家用,鋼筋混凝土造,,152.16,3,2,2,有,無,21550000,169685,升降機械,34.0,1500000,,RPTQMLPKJIOFFEA58CB
北投區,房地(土地+建物)+車位,臺北市北投區清江里磺港路C-11F,18.22,住,,,1080414,土地15建物1車位1,十一層,16,住宅大樓(11層含以上有電梯),住家用,鋼筋混凝土造,,152.16,3,2,2,有,無,23000000,181957,升降機械,34.0,1500000,,RPUQMLPKJIOFFEA68CB
北投區,房地(土地+建物)+車位,臺北市北投區清江里磺港路C-13F,18.22,住,,,1081024,土地15建物1車位1,十三層,16,住宅大樓(11層含以上有電梯),住家用,鋼筋混凝土造,,158.86,3,2,2,有,無,23700000,179418,坡道平面,40.7,2500000,,RPVQMLPKJIOFFEA78CB
北投區,房地(土地+建物)+車位,臺北市北投區清江里磺港路C-16F,18.22,住,,,1080716,土地15建物1車位1,十六層,16,住宅大樓(11層含以上有電梯),住家用,鋼筋混凝土造,,162.37,3,2,2,有,無,24430000,184749,坡道平面,44.21,2600000,,RPWQMLPKJIOFFEA88CB
北投區,房地(土地+建物)+車位,臺北市北投區清江里磺港路D-7F,18.22,住,,,1080705,土地15建物1車位1,七層,16,住宅大樓(11層含以上有電梯),住家用,鋼筋混凝土造,,152.16,3,2,2,有,無,22200000,175186,升降機械,34.0,1500000,,RPXQMLPKJIOFFEA98CB
大同區,房地(土地+建物)+車位,臺北市大同區民權西路160巷26弄8號旁,18.75,住,,,1071125,土地90建物1車位1,三層,17,住宅大樓(11層含以上有電梯),住家用,鋼筋混凝土造,,164.8,3,1,2,有,無,27680000,189197,坡道平面,32.24,2600000,含雨遮7.71平方公尺不計價,RPWPMLKLJIOFFBA08CB
大同區,房地(土地+建物)+車位,臺北市大同區民權西路160巷26弄8號旁,8.44,住,,,1071118,土地90建物1車位1,九層,17,住宅大樓(11層含以上有電梯),住家用,鋼筋混凝土造,,93.18,2,1,1,有,無,16180000,219560,坡道平面,32.24,2800000,含雨遮2.00平方公尺不計價,RPXPMLKLJIOFFBA18CB
大同區,房地(土地+建物)+車位,臺北市大同區民權西路160巷26弄8號旁,25.51,住,,,1071120,土地90建物1車位1,九層,18,住宅大樓(11層含以上有電梯),住家用,鋼筋混凝土造,,219.23,4,2,2,有,無,40700000,202685,坡道平面,32.24,2800000,含雨遮7.87平方公尺不計價,RPOQMLKLJIOFFBA37CB
大同區,房地(土地+建物)+車位,臺北市大同區民權西路160巷26弄8號旁,25.51,住,,,1071119,土地90建物1車位1,九層,18,住宅大樓(11層含以上有電梯),住家用,鋼筋混凝土造,,219.27,4,2,2,有,無,39600000,198899,坡道平面,32.24,2400000,含雨遮7.87平方公尺不計價,RPPQMLKLJIOFFBA47CB
大同區,房地(土地+建物)+車位,臺北市大同區民權西路160巷26弄8號旁,25.51,住,,,1071118,土地90建物1車位1,十三層,18,住宅大樓(11層含以上有電梯),住家用,鋼筋混凝土造,,219.23,4,2,2,有,無,40600000,203219,坡道平面,32.24,2600000,含雨遮7.87平方公尺不計價,RPQQMLKLJIOFFBA57CB
大同區,房地(土地+建物)+車位,臺北市大同區民權西路160巷26弄8號旁,25.51,住,,,1071118,土地90建物1車位1,十三層,18,住宅大樓(11層含以上有電梯),住家用,鋼筋混凝土造,,219.27,4,2,2,有,無,40600000,203176,坡道平面,32.24,2600000,含雨遮7.87平方公尺不計價,RPRQMLKLJIOFFBA67CB
大同區,房地(土地+建物)+車位,臺北市大同區民權西路160巷26弄8號旁,25.51,住,,,1071118,土地90建物1車位1,十五層,18,住宅大樓(11層含以上有電梯),住家用,鋼筋混凝土造,,219.27,4,2,2,有,無,40600000,203176,坡道平面,32.24,2600000,含雨遮7.87平方公尺不計價,RPSQMLKLJIOFFBA77CB
大同區,房地(土地+建物)+車位,臺北市大同區民權西路160巷26弄8號旁,21.35,住,,,1071118,土地90建物1車位1,十三層,18,住宅大樓(11層含以上有電梯),住家用,鋼筋混凝土造,,187.19,3,2,2,有,無,33600000,200065,坡道平面,32.24,2600000,含雨遮8.92平方公尺不計價,RPTQMLKLJIOFFBA87CB
大同區,房地(土地+建物)+車位,臺北市大同區民權西路160巷26弄8號旁,18.75,住,,,1071119,土地90建物1車位1,九層,17,住宅大樓(11層含以上有電梯),住家用,鋼筋混凝土造,,164.75,3,2,2,有,無,29980000,205117,坡道平面,32.24,2800000,含雨遮7.71平方公尺不計價,RPVQMLKLJIOFFBA08CB
大同區,房地(土地+建物),臺北市大同區民權西路160巷26弄8號旁,8.0,住,,,1071126,土地90建物1車位0,七層,17,住宅大樓(11層含以上有電梯),住家用,鋼筋混凝土造,,60.94,2,1,1,有,無,12900000,211684,,0.0,0,含雨遮2.00平方公尺不計價,RPWQMLKLJIOFFBA18CB
大同區,房地(土地+建物)+車位,臺北市大同區民權西路160巷26弄8號旁,25.51,住,,,1071115,土地90建物1車位1,十五層,18,住宅大樓(11層含以上有電梯),住家用,鋼筋混凝土造,,219.23,4,2,2,有,無,40600000,204289,坡道平面,32.24,2400000,含雨遮7.87平方公尺不計價,RPXQMLKLJIOFFBA28CB
大同區,房地(土地+建物)+車位,臺北市大同區民權西路160巷26弄8號旁,25.51,住,,,1071126,土地90建物1車位1,四層,18,住宅大樓(11層含以上有電梯),住家用,鋼筋混凝土造,,219.23,4,2,2,有,無,39300000,196267,坡道平面,32.24,2600000,含雨遮7.87平方公尺不計價,RPORMLKLJIOFFBA47CB
大同區,房地(土地+建物)+車位,臺北市大同區民權西路160巷26弄8號旁,18.75,住,,,1071121,土地90建物1車位1,十五層,17,住宅大樓(11層含以上有電梯),住家用,鋼筋混凝土造,,164.75,3,2,2,有,無,30000000,205268,坡道平面,32.24,2800000,含雨遮7.71平方公尺不計價,RPPRMLKLJIOFFBA57CB
大同區,房地(土地+建物)+車位,臺北市大同區民權西路160巷26弄8號旁,8.44,住,,,1071128,土地90建物1車位1,十三層,17,住宅大樓(11層含以上有電梯),住家用,鋼筋混凝土造,,93.18,2,1,1,有,無,15800000,219888,坡道平面,32.24,2400000,含雨遮2.00平方公尺不計價,RPQRMLKLJIOFFBA67CB
大同區,房地(土地+建物)+車位,臺北市大同區民權西路160巷26弄8號旁,8.44,住,,,1071126,土地90建物1車位1,九層,17,住宅大樓(11層含以上有電梯),住家用,鋼筋混凝土造,,93.18,2,1,1,有,無,15800000,213325,坡道平面,32.24,2800000,含雨遮2.00平方公尺不計價,RPRRMLKLJIOFFBA77CB
大同區,房地(土地+建物)+車位,臺北市大同區民權西路160巷26弄8號旁,20.25,住,,,1071206,土地90建物1車位1,八層,17,住宅大樓(11層含以上有電梯),住家用,鋼筋混凝土造,,180.16,3,2,2,有,無,33200000,206869,坡道平面,32.24,2600000,含雨遮8.94平方公尺不計價,RPSRMLKLJIOFFBA87CB
大同區,房地(土地+建物)+車位,臺北市大同區民權西路160巷26弄8號旁,12.2,住,,,1071206,土地90建物1車位1,九層,17,住宅大樓(11層含以上有電梯),住家用,鋼筋混凝土造,,118.26,2,2,1,有,無,20660000,212276,坡道平面,32.24,2400000,含雨遮4.41平方公尺不計價,RPTRMLKLJIOFFBA97CB
大同區,房地(土地+建物)+車位,臺北市大同區民權西路160巷26弄8號旁,15.61,住,,,1071202,土地90建物1車位1,十三層,17,住宅大樓(11層含以上有電梯),住家用,鋼筋混凝土造,,143.12,3,1,2,有,無,24830000,202291,坡道平面,32.24,2400000,含雨遮6.13平方公尺不計價,RPURMLKLJIOFFBA08CB
大同區,房地(土地+建物)+車位,臺北市大同區民權西路160巷26弄8號旁,25.51,住,,,1071207,土地90建物1車位1,十層,18,住宅大樓(11層含以上有電梯),住家用,鋼筋混凝土造,,219.23,4,2,2,有,無,41810000,208621,坡道平面,32.24,2800000,含雨遮7.87平方公尺不計價,RPVRMLKLJIOFFBA18CB
大同區,房地(土地+建物)+車位,臺北市大同區民權西路160巷26弄8號旁,20.25,住,,,1071209,土地90建物1車位1,十層,17,住宅大樓(11層含以上有電梯),住家用,鋼筋混凝土造,,180.16,3,2,2,有,無,32380000,202677,坡道平面,32.24,2400000,含雨遮8.94平方公尺不計價,RPWRMLKLJIOFFBA28CB
大同區,房地(土地+建物)+車位,臺北市大同區民權西路160巷26弄8號旁,21.35,住,,,1071209,土地90建物1車位1,十一層,18,住宅大樓(11層含以上有電梯),住家用,鋼筋混凝土造,,187.19,3,2,2,有,無,33280000,199290,坡道平面,32.24,2400000,含雨遮8.92平方公尺不計價,RPXRMLKLJIOFFBA38CB
大同區,房地(土地+建物)+車位,臺北市大同區民權西路160巷26弄8號旁,15.61,住,,,1071216,土地90建物1車位1,十三層,17,住宅大樓(11層含以上有電梯),住家用,鋼筋混凝土造,,143.07,3,1,2,有,無,25280000,206442,坡道平面,32.24,2400000,含雨遮6.13平方公尺不計價,RPOSMLKLJIOFFBA57CB
大同區,房地(土地+建物)+車位,臺北市大同區民權西路160巷26弄8號旁,15.61,住,,,1071220,土地90建物1車位1,七層,17,住宅大樓(11層含以上有電梯),住家用,鋼筋混凝土造,,143.07,3,1,2,有,無,24250000,197149,坡道平面,32.24,2400000,含雨遮6.13平方公尺不計價,RPPSMLKLJIOFFBA67CB
大同區,房地(土地+建物)+車位,臺北市大同區民權西路160巷26弄8號旁,18.75,住,,,1071208,土地90建物1車位1,十三層,17,住宅大樓(11層含以上有電梯),住家用,鋼筋混凝土造,,164.75,3,2,2,有,無,29050000,202626,坡道平面,32.24,2200000,含雨遮7.71平方公尺不計價,RPQSMLKLJIOFFBA77CB
大同區,房地(土地+建物)+車位,臺北市大同區民權西路160巷26弄8號旁,19.1,住,,,1071215,土地90建物1車位1,七層,17,住宅大樓(11層含以上有電梯),住家用,鋼筋混凝土造,,169.27,3,2,2,有,無,29600000,198497,坡道平面,32.24,2400000,含雨遮8.48平方公尺不計價,RPRSMLKLJIOFFBA87CB
大同區,房地(土地+建物),臺北市大同區民權西路160巷26弄8號旁,8.0,住,,,1071215,土地90建物1車位0,三層,17,住宅大樓(11層含以上有電梯),住家用,鋼筋混凝土造,,60.94,2,1,1,有,無,13000000,213325,,0.0,0,含雨遮2.00平方公尺不計價,RPSSMLKLJIOFFBA97CB
大同區,房地(土地+建物)+車位,臺北市大同區民權西路160巷26弄8號旁,18.75,住,,,1071217,土地90建物1車位1,十一層,17,住宅大樓(11層含以上有電梯),住家用,鋼筋混凝土造,,164.75,3,2,2,有,無,29380000,201343,坡道平面,32.24,2700000,含雨遮7.71平方公尺不計價,RPTSMLKLJIOFFBA08CB
大同區,房地(土地+建物)+車位,臺北市大同區民權西路160巷26弄8號旁,20.25,住,,,1071223,土地90建物1車位1,十四層,17,住宅大樓(11層含以上有電梯),住家用,鋼筋混凝土造,,180.16,3,2,2,有,無,33520000,207680,坡道平面,32.24,2800000,含雨遮8.94平方公尺不計價,RPUSMLKLJIOFFBA18CB
大同區,房地(土地+建物)+車位,臺北市大同區民權西路160巷26弄8號旁,20.25,住,,,1071218,土地90建物1車位1,十二層,17,住宅大樓(11層含以上有電梯),住家用,鋼筋混凝土造,,180.16,3,2,2,有,無,33700000,207545,坡道平面,32.24,3000000,含雨遮8.94平方公尺不計價,RPWSMLKLJIOFFBA38CB
大同區,房地(土地+建物)+車位,臺北市大同區民權西路160巷26弄8號旁,8.44,住,,,1071220,土地90建物1車位1,十一層,17,住宅大樓(11層含以上有電梯),住家用,鋼筋混凝土造,,93.18,2,1,1,有,無,16180000,222842,坡道平面,32.24,2600000,含雨遮2.00平方公尺不計價,RPXSMLKLJIOFFBA48CB
大同區,房地(土地+建物)+車位,臺北市大同區民權西路160巷26弄8號旁,15.61,住,,,1071221,土地90建物1車位1,十七層,17,住宅大樓(11層含以上有電梯),住家用,鋼筋混凝土造,,143.12,3,1,2,有,無,26580000,216270,坡道平面,32.24,2600000,含雨遮6.13平方公尺不計價,RPOTMLKLJIOFFBA67CB
大同區,房地(土地+建物)+車位,臺北市大同區民權西路160巷26弄8號旁,20.25,住,,,1071223,土地90建物1車位1,九層,17,住宅大樓(11層含以上有電梯),住家用,鋼筋混凝土造,,180.16,3,2,2,有,無,33800000,208221,坡道平面,32.24,3000000,含雨遮8.94平方公尺不計價,RPPTMLKLJIOFFBA77CB
大同區,房地(土地+建物)+車位,臺北市大同區民權西路160巷26弄8號旁,12.2,住,,,1071217,土地90建物1車位1,十三層,17,住宅大樓(11層含以上有電梯),住家用,鋼筋混凝土造,,118.26,2,2,1,有,無,21500000,219716,坡道平面,32.24,2600000,含雨遮4.41平方公尺不計價,RPQTMLKLJIOFFBA87CB
大同區,房地(土地+建物)+車位,臺北市大同區民權西路160巷26弄8號旁,19.1,住,,,1071221,土地90建物1車位1,十二層,17,住宅大樓(11層含以上有電梯),住家用,鋼筋混凝土造,,169.27,3,2,2,有,無,30770000,204116,坡道平面,32.24,2800000,含雨遮8.48平方公尺不計價,RPRTMLKLJIOFFBA97CB
大同區,房地(土地+建物)+車位,臺北市大同區民權西路160巷26弄8號旁,15.61,住,,,1071224,土地90建物1車位1,十五層,17,住宅大樓(11層含以上有電梯),住家用,鋼筋混凝土造,,143.12,3,1,2,有,無,25650000,209686,坡道平面,32.24,2400000,含雨遮6.13平方公尺不計價,RPTTMLKLJIOFFBA18CB
大同區,房地(土地+建物),臺北市大同區民權西路160巷26弄8號旁,15.16,住,,,1071222,土地90建物1車位0,十五層,17,住宅大樓(11層含以上有電梯),住家用,鋼筋混凝土造,,110.83,3,1,2,有,無,23600000,212939,,0.0,0,含雨遮6.13平方公尺不計價,RPUTMLKLJIOFFBA28CB
大同區,房地(土地+建物)+車位,臺北市大同區民權西路160巷26弄8號旁,18.75,住,,,1071224,土地90建物1車位1,四層,17,住宅大樓(11層含以上有電梯),住家用,鋼筋混凝土造,,164.8,3,1,2,有,無,27100000,187085,坡道平面,32.24,2300000,含雨遮7.71平方公尺不計價,RPVTMLKLJIOFFBA38CB
大同區,房地(土地+建物)+車位,臺北市大同區民權西路160巷26弄8號旁,19.1,住,,,1071230,土地90建物1車位1,四層,17,住宅大樓(11層含以上有電梯),住家用,鋼筋混凝土造,,169.27,3,2,2,有,無,29000000,194118,坡道平面,32.24,2400000,含雨遮8.48平方公尺不計價,RPWTMLKLJIOFFBA48CB
大同區,房地(土地+建物)+車位,臺北市大同區民權西路160巷26弄8號旁,15.61,住,,,1080102,土地90建物1車位1,十一層,17,住宅大樓(11層含以上有電梯),住家用,鋼筋混凝土造,,143.07,3,1,2,有,無,25700000,206623,坡道平面,32.24,2800000,含雨遮6.13平方公尺不計價,RPXTMLKLJIOFFBA58CB
大同區,房地(土地+建物)+車位,臺北市大同區民權西路160巷26弄8號旁,18.75,住,,,1080103,土地90建物1車位1,十層,17,住宅大樓(11層含以上有電梯),住家用,鋼筋混凝土造,,164.8,3,1,2,有,無,29000000,200664,坡道平面,32.24,2400000,含雨遮7.71平方公尺不計價,RPPUMLKLJIOFFBA87CB
大同區,房地(土地+建物)+車位,臺北市大同區民權西路160巷26弄8號旁,18.75,住,,,1080102,土地90建物1車位1,二層,17,住宅大樓(11層含以上有電梯),住家用,鋼筋混凝土造,,171.12,3,2,2,有,無,30900000,205933,坡道平面,32.24,2300000,含雨遮7.71平方公尺不計價,RPQUMLKLJIOFFBA97CB
大同區,房地(土地+建物)+車位,臺北市大同區民權西路160巷26弄8號旁,15.61,住,,,1080102,土地90建物1車位1,十七層,17,住宅大樓(11層含以上有電梯),住家用,鋼筋混凝土造,,143.07,3,1,2,有,無,26990000,220067,坡道平面,32.24,2600000,含雨遮6.13平方公尺不計價,RPRUMLKLJIOFFBA08CB
大同區,房地(土地+建物)+車位,臺北市大同區民權西路160巷26弄8號旁,12.2,住,,,1080103,土地90建物1車位1,三層,17,住宅大樓(11層含以上有電梯),住家用,鋼筋混凝土造,,118.26,2,2,1,有,無,20050000,205185,坡道平面,32.24,2400000,含雨遮4.41平方公尺不計價,RPSUMLKLJIOFFBA18CB
大同區,房地(土地+建物),臺北市大同區民權西路160巷26弄8號旁,8.0,住,,,1080103,土地90建物1車位0,二層,17,住宅大樓(11層含以上有電梯),住家用,鋼筋混凝土造,,60.94,2,1,1,有,無,12800000,210043,,0.0,0,含雨遮2.00平方公尺不計價,RPTUMLKLJIOFFBA28CB
大同區,房地(土地+建物)+車位,臺北市大同區民權西路160巷26弄8號旁,12.2,住,,,1080104,土地90建物1車位1,十一層,17,住宅大樓(11層含以上有電梯),住家用,鋼筋混凝土造,,118.26,2,2,1,有,無,21180000,218321,坡道平面,32.24,2400000,含雨遮4.41平方公尺不計價,RPUUMLKLJIOFFBA38CB
大同區,房地(土地+建物)+車位,臺北市大同區民權西路160巷26弄8號旁,25.51,住,,,1080105,土地90建物1車位1,六層,18,住宅大樓(11層含以上有電梯),住家用,鋼筋混凝土造,,219.23,4,2,2,有,無,40340000,202899,坡道平面,32.24,2400000,含雨遮7.87平方公尺不計價,RPWUMLKLJIOFFBA58CB
大同區,房地(土地+建物)+車位,臺北市大同區民權西路160巷26弄8號旁,19.1,住,,,1080105,土地90建物1車位1,五層,17,住宅大樓(11層含以上有電梯),住家用,鋼筋混凝土造,,169.27,3,2,2,有,無,29540000,198059,坡道平面,32.24,2400000,含雨遮8.48平方公尺不計價,RPXUMLKLJIOFFBA68CB
大同區,房地(土地+建物)+車位,臺北市大同區民權西路160巷26弄8號旁,25.95,住,,,1071228,土地90建物1車位2,十層,18,住宅大樓(11層含以上有電梯),住家用,鋼筋混凝土造,,251.51,4,2,2,有,無,42900000,204780,坡道平面,64.48,4600000,含雨遮7.87平方公尺不計價,RPOVMLKLJIOFFBA87CB
大同區,房地(土地+建物)+車位,臺北市大同區民權西路160巷26弄8號旁,25.95,住,,,1071206,土地90建物1車位2,三層,18,住宅大樓(11層含以上有電梯),住家用,鋼筋混凝土造,,251.47,4,2,2,有,無,42800000,203219,坡道平面,64.48,4800000,含雨遮7.87平方公尺不計價,RPRVMLKLJIOFFBA18CB
大同區,房地(土地+建物)+車位,臺北市大同區民權西路160巷26弄8號旁,12.2,住,,,1080108,土地90建物1車位1,十五層,17,住宅大樓(11層含以上有電梯),住家用,鋼筋混凝土造,,118.26,2,2,1,有,無,21780000,225296,坡道平面,32.24,2400000,含雨遮4.41平方公尺不計價,RPSVMLKLJIOFFBA28CB
大同區,房地(土地+建物)+車位,臺北市大同區民權西路160巷26弄8號旁,19.1,住,,,1080110,土地90建物1車位1,九層,17,住宅大樓(11層含以上有電梯),住家用,鋼筋混凝土造,,169.27,3,2,2,有,無,29780000,199810,坡道平面,32.24,2400000,含雨遮8.48平方公尺不計價,RPTVMLKLJIOFFBA38CB
大同區,房地(土地+建物)+車位,臺北市大同區民權西路160巷26弄8號旁,25.51,住,,,1080107,土地90建物1車位1,八層,18,住宅大樓(11層含以上有電梯),住家用,鋼筋混凝土造,,219.27,4,2,2,有,無,40480000,201465,坡道平面,32.24,2800000,含雨遮7.87平方公尺不計價,RPUVMLKLJIOFFBA48CB
大同區,房地(土地+建物)+車位,臺北市大同區民權西路160巷26弄8號旁,20.25,住,,,1080303,土地90建物1車位1,三層,17,住宅大樓(11層含以上有電梯),住家用,鋼筋混凝土造,,179.97,3,2,2,有,無,32000000,200366,坡道平面,32.24,2400000,含雨遮8.94平方公尺不計價,RPVVMLKLJIOFFBA58CB
大同區,房地(土地+建物)+車位,臺北市大同區民權西路160巷26弄8號旁,20.25,住,,,1071223,土地90建物1車位1,十七層,17,住宅大樓(11層含以上有電梯),住家用,鋼筋混凝土造,,179.97,3,2,2,有,無,35660000,221079,坡道平面,32.24,3000000,含雨遮8.94平方公尺不計價,RPWVMLKLJIOFFBA68CB
大同區,房地(土地+建物)+車位,臺北市大同區民權西路160巷26弄8號旁,12.2,住,,,1080118,土地90建物1車位1,十一層,17,住宅大樓(11層含以上有電梯),住家用,鋼筋混凝土造,,118.26,2,2,1,有,無,20770000,211230,坡道平面,32.24,2600000,含雨遮4.41平方公尺不計價,RPXVMLKLJIOFFBA78CB
大同區,房地(土地+建物)+車位,臺北市大同區民權西路160巷26弄8號旁,12.2,住,,,1080111,土地90建物1車位1,十三層,17,住宅大樓(11層含以上有電梯),住家用,鋼筋混凝土造,,118.26,2,2,1,有,無,21200000,219716,坡道平面,32.24,2300000,含雨遮4.41平方公尺不計價,RPOWMLKLJIOFFBA97CB
大同區,房地(土地+建物)+車位,臺北市大同區民權西路160巷26弄8號旁,18.75,住,,,1080120,土地90建物1車位1,十三層,17,住宅大樓(11層含以上有電梯),住家用,鋼筋混凝土造,,164.8,3,1,2,有,無,29380000,203530,坡道平面,32.24,2400000,含雨遮7.71平方公尺不計價,RPPWMLKLJIOFFBA08CB
大同區,房地(土地+建物)+車位,臺北市大同區民權西路160巷26弄8號旁,8.44,住,,,1080120,土地90建物1車位1,十三層,17,住宅大樓(11層含以上有電梯),住家用,鋼筋混凝土造,,93.18,2,1,1,有,無,15900000,221529,坡道平面,32.24,2400000,含雨遮2.00平方公尺不計價,RPQWMLKLJIOFFBA18CB
大同區,房地(土地+建物),臺北市大同區民權西路160巷26弄8號旁,8.0,住,,,1080122,土地90建物1車位0,五層,17,住宅大樓(11層含以上有電梯),住家用,鋼筋混凝土造,,60.94,2,1,1,有,無,12650000,207581,,0.0,0,含雨遮2.00平方公尺不計價,RPRWMLKLJIOFFBA28CB
大同區,房地(土地+建物)+車位,臺北市大同區民權西路160巷26弄8號旁,19.1,住,,,1080125,土地90建物1車位1,三層,17,住宅大樓(11層含以上有電梯),住家用,鋼筋混凝土造,,169.27,3,2,2,有,無,29660000,198935,坡道平面,32.24,2400000,含雨遮8.48平方公尺不計價,RPSWMLKLJIOFFBA38CB
大同區,房地(土地+建物)+車位,臺北市大同區民權西路160巷26弄8號旁,12.2,住,,,1080124,土地90建物1車位1,十七層,17,住宅大樓(11層含以上有電梯),住家用,鋼筋混凝土造,,118.26,2,2,1,有,無,22000000,225529,坡道平面,32.24,2600000,含雨遮4.41平方公尺不計價,RPTWMLKLJIOFFBA48CB
大同區,房地(土地+建物)+車位,臺北市大同區民權西路160巷26弄8號旁,19.1,住,,,1080128,土地90建物1車位1,十一層,17,住宅大樓(11層含以上有電梯),住家用,鋼筋混凝土造,,169.27,3,2,2,有,無,30400000,201416,坡道平面,32.24,2800000,含雨遮8.48平方公尺不計價,RPPOMLLLJIOFFBA37CB
大同區,房地(土地+建物)+車位,臺北市大同區民權西路160巷26弄8號旁,25.95,住,,,1080202,土地90建物1車位2,六層,18,住宅大樓(11層含以上有電梯),住家用,鋼筋混凝土造,,251.51,4,2,2,有,無,43060000,202427,坡道平面,64.48,5200000,含雨遮7.87平方公尺不計價,RPSOMLLLJIOFFBA67CB
大同區,房地(土地+建物)+車位,臺北市大同區民權西路160巷26弄8號旁,25.51,住,,,1080211,土地90建物1車位1,三層,18,住宅大樓(11層含以上有電梯),住家用,鋼筋混凝土造,,219.27,4,2,2,有,無,39260000,196011,坡道平面,32.24,2600000,含雨遮7.87平方公尺不計價,RPTOMLLLJIOFFBA77CB
大同區,房地(土地+建物)+車位,臺北市大同區民權西路160巷26弄8號旁,25.51,住,,,1080213,土地90建物1車位1,四層,18,住宅大樓(11層含以上有電梯),住家用,鋼筋混凝土造,,219.27,4,2,2,有,無,39880000,200396,坡道平面,32.24,2400000,含雨遮7.87平方公尺不計價,RPUOMLLLJIOFFBA87CB
大同區,房地(土地+建物)+車位,臺北市大同區民權西路160巷26弄8號旁,21.35,住,,,1080215,土地90建物1車位1,九層,18,住宅大樓(11層含以上有電梯),住家用,鋼筋混凝土造,,187.19,3,2,2,有,無,34600000,205227,坡道平面,32.24,2800000,含雨遮8.92平方公尺不計價,RPXOMLLLJIOFFBA18CB
大同區,房地(土地+建物)+車位,臺北市大同區民權西路160巷26弄8號旁,18.75,住,,,1080211,土地90建物1車位1,七層,17,住宅大樓(11層含以上有電梯),住家用,鋼筋混凝土造,,164.8,3,1,2,有,無,29000000,200664,坡道平面,32.24,2400000,含雨遮7.71平方公尺不計價,RPSPMLLLJIOFFBA77CB
大同區,房地(土地+建物)+車位,臺北市大同區民權西路160巷26弄8號旁,21.8,住,,,1080212,土地90建物1車位2,十五層,18,住宅大樓(11層含以上有電梯),住家用,鋼筋混凝土造,,219.43,3,2,2,有,無,37280000,212197,坡道平面,64.48,4400000,含雨遮8.92平方公尺不計價,RPVPMLLLJIOFFBA08CB
大同區,房地(土地+建物)+車位,臺北市大同區民權西路160巷26弄8號旁,8.44,住,,,1080214,土地90建物1車位1,十五層,17,住宅大樓(11層含以上有電梯),住家用,鋼筋混凝土造,,93.18,2,1,1,有,無,16300000,224811,坡道平面,32.24,2600000,含雨遮2.00平方公尺不計價,RPXPMLLLJIOFFBA28CB
大同區,房地(土地+建物)+車位,臺北市大同區民權西路160巷26弄8號旁,19.1,住,,,1080216,土地90建物1車位1,十四層,17,住宅大樓(11層含以上有電梯),住家用,鋼筋混凝土造,,169.27,3,2,2,有,無,30750000,206889,坡道平面,32.24,2400000,含雨遮8.48平方公尺不計價,RPOQMLLLJIOFFBA47CB
大同區,房地(土地+建物)+車位,臺北市大同區民權西路160巷26弄8號旁,25.51,住,,,1080219,土地90建物1車位1,二層,18,住宅大樓(11層含以上有電梯),住家用,鋼筋混凝土造,,219.27,4,2,2,有,無,39880000,199326,坡道平面,32.24,2600000,含雨遮7.87平方公尺不計價,RPPQMLLLJIOFFBA57CB
大同區,房地(土地+建物)+車位,臺北市大同區民權西路160巷26弄8號旁,12.2,住,,,1080323,土地90建物1車位1,十七層,17,住宅大樓(11層含以上有電梯),住家用,鋼筋混凝土造,,118.26,2,2,1,有,無,21080000,219484,坡道平面,32.24,2200000,含雨遮4.41平方公尺不計價,RPRQMLLLJIOFFBA77CB
大同區,房地(土地+建物)+車位,臺北市大同區民權西路160巷26弄8號旁,18.75,住,,,1080226,土地90建物1車位1,十五層,17,住宅大樓(11層含以上有電梯),住家用,鋼筋混凝土造,,164.8,3,1,2,有,無,30150000,210848,坡道平面,32.24,2200000,含雨遮7.71平方公尺不計價,RPSQMLLLJIOFFBA87CB
大同區,房地(土地+建物)+車位,臺北市大同區民權西路160巷26弄8號旁,20.25,住,,,1080226,土地90建物1車位1,七層,17,住宅大樓(11層含以上有電梯),住家用,鋼筋混凝土造,,180.16,3,2,2,有,無,32480000,202001,坡道平面,32.24,2600000,含雨遮8.94平方公尺不計價,RPTQMLLLJIOFFBA97CB
大同區,房地(土地+建物)+車位,臺北市大同區民權西路160巷26弄8號旁,8.44,住,,,1080226,土地90建物1車位1,十五層,17,住宅大樓(11層含以上有電梯),住家用,鋼筋混凝土造,,93.18,2,1,1,有,無,16380000,229406,坡道平面,32.24,2400000,含雨遮2.00平方公尺不計價,RPVQMLLLJIOFFBA18CB
大同區,房地(土地+建物)+車位,臺北市大同區民權西路160巷26弄8號旁,18.75,住,,,1080228,土地90建物1車位1,十二層,17,住宅大樓(11層含以上有電梯),住家用,鋼筋混凝土造,,164.8,3,1,2,有,無,29880000,205794,坡道平面,32.24,2600000,含雨遮7.71平方公尺不計價,RPPRMLLLJIOFFBA67CB
大同區,房地(土地+建物)+車位,臺北市大同區民權西路160巷26弄8號旁,19.1,住,,,1080306,土地90建物1車位1,十三層,17,住宅大樓(11層含以上有電梯),住家用,鋼筋混凝土造,,169.27,3,2,2,有,無,30300000,203605,坡道平面,32.24,2400000,含雨遮8.48平方公尺不計價,RPRRMLLLJIOFFBA87CB
大同區,房地(土地+建物)+車位,臺北市大同區民權西路160巷26弄8號旁,18.75,住,,,1080310,土地90建物1車位1,十七層,17,住宅大樓(11層含以上有電梯),住家用,鋼筋混凝土造,,164.75,3,2,2,有,無,30600000,214323,坡道平面,32.24,2200000,含雨遮7.71平方公尺不計價,RPSNMLMLJIOFFBA67CB
大同區,房地(土地+建物)+車位,臺北市大同區民權西路160巷26弄8號旁,20.25,住,,,1080314,土地90建物1車位1,十六層,17,住宅大樓(11層含以上有電梯),住家用,鋼筋混凝土造,,179.97,3,2,2,有,無,33880000,213227,坡道平面,32.24,2380000,含雨遮8.94平方公尺不計價,RPPOMLMLJIOFFBA47CB
大同區,房地(土地+建物),臺北市大同區民權西路160巷26弄8號旁,8.0,住,,,1080318,土地90建物1車位0,三層,17,住宅大樓(11層含以上有電梯),住家用,鋼筋混凝土造,,60.94,2,1,1,有,無,12880000,211355,,0.0,0,含雨遮2.00平方公尺不計價,RPQOMLMLJIOFFBA57CB
大同區,房地(土地+建物)+車位,臺北市大同區民權西路160巷26弄8號旁,21.35,住,,,1080317,土地90建物1車位1,四層,18,住宅大樓(11層含以上有電梯),住家用,鋼筋混凝土造,,187.19,3,2,2,有,無,33280000,199290,坡道平面,32.24,2400000,含雨遮8.92平方公尺不計價,RPROMLMLJIOFFBA67CB
大同區,房地(土地+建物)+車位,臺北市大同區民權西路160巷26弄8號旁,8.44,住,,,1080320,土地90建物1車位1,十七層,17,住宅大樓(11層含以上有電梯),住家用,鋼筋混凝土造,,93.18,2,1,1,有,無,16400000,229734,坡道平面,32.24,2400000,含雨遮2.00平方公尺不計價,RPSOMLMLJIOFFBA77CB
大同區,房地(土地+建物)+車位,臺北市大同區民權西路160巷26弄8號旁,19.1,住,,,1080323,土地90建物1車位1,十五層,17,住宅大樓(11層含以上有電梯),住家用,鋼筋混凝土造,,169.27,3,2,2,有,無,31560000,212800,坡道平面,32.24,2400000,含雨遮8.48平方公尺不計價,RPTOMLMLJIOFFBA87CB
大同區,房地(土地+建物)+車位,臺北市大同區民權西路160巷26弄8號旁,21.35,住,,,1080409,土地90建物1車位1,三層,18,住宅大樓(11層含以上有電梯),住家用,鋼筋混凝土造,,187.19,3,2,2,有,無,32800000,193611,坡道平面,32.24,2800000,含雨遮8.92平方公尺不計價,RPUOMLMLJIOFFBA97CB
大同區,房地(土地+建物)+車位,臺北市大同區民權西路160巷26弄8號旁,19.1,住,,,1080412,土地90建物1車位1,十七層,17,住宅大樓(11層含以上有電梯),住家用,鋼筋混凝土造,,169.27,3,2,2,有,無,32180000,214406,坡道平面,32.24,2800000,含雨遮8.48平方公尺不計價,RPXOMLMLJIOFFBA28CB
大同區,房地(土地+建物)+車位,臺北市大同區民權西路160巷26弄8號旁,19.1,住,,,1080420,土地90建物1車位1,十五層,17,住宅大樓(11層含以上有電梯),住家用,鋼筋混凝土造,,169.27,3,2,2,有,無,31420000,208859,坡道平面,32.24,2800000,含雨遮8.48平方公尺不計價,RPQPMLMLJIOFFBA67CB
大同區,房地(土地+建物)+車位,臺北市大同區民權西路160巷26弄8號旁,20.25,住,,,1080422,土地90建物1車位1,六層,17,住宅大樓(11層含以上有電梯),住家用,鋼筋混凝土造,,180.16,3,2,2,有,無,32660000,203218,坡道平面,32.24,2600000,含雨遮8.94平方公尺不計價,RPRPMLMLJIOFFBA77CB
大同區,房地(土地+建物)+車位,臺北市大同區民權西路160巷26弄8號旁,8.44,住,,,1080505,土地90建物1車位1,十七層,17,住宅大樓(11層含以上有電梯),住家用,鋼筋混凝土造,,93.18,2,1,1,有,無,16980000,229406,坡道平面,32.24,3000000,含雨遮2.00平方公尺不計價,RPTPMLMLJIOFFBA97CB
大同區,房地(土地+建物)+車位,臺北市大同區民權西路160巷26弄8號旁,19.1,住,,,1080521,土地90建物1車位1,十一層,17,住宅大樓(11層含以上有電梯),住家用,鋼筋混凝土造,,169.27,3,2,2,有,無,30380000,204189,坡道平面,32.24,2400000,含雨遮8.48平方公尺不計價,RPUPMLMLJIOFFBA08CB
大同區,房地(土地+建物)+車位,臺北市大同區民權西路160巷26弄8號旁,19.1,住,,,1080525,土地90建物1車位1,十三層,17,住宅大樓(11層含以上有電梯),住家用,鋼筋混凝土造,,169.27,3,2,2,有,無,31300000,207984,坡道平面,32.24,2800000,含雨遮8.48平方公尺不計價,RPWPMLMLJIOFFBA28CB
大同區,房地(土地+建物)+車位,臺北市大同區民權西路160巷26弄8號旁,19.1,住,,,1080525,土地90建物1車位1,十七層,17,住宅大樓(11層含以上有電梯),住家用,鋼筋混凝土造,,169.27,3,2,2,有,無,32300000,215281,坡道平面,32.24,2800000,含雨遮8.48平方公尺不計價,RPXPMLMLJIOFFBA38CB
大同區,房地(土地+建物)+車位,臺北市大同區民權西路160巷26弄8號旁,20.25,住,,,1080609,土地90建物1車位1,二層,17,住宅大樓(11層含以上有電梯),住家用,鋼筋混凝土造,,179.97,3,2,2,有,無,30600000,192243,坡道平面,32.24,2200000,含雨遮8.94平方公尺不計價,RPPQMLMLJIOFFBA67CB
大同區,房地(土地+建物)+車位,臺北市大同區民權西路160巷26弄8號旁,19.1,住,,,1080605,土地90建物1車位1,十六層,17,住宅大樓(11層含以上有電梯),住家用,鋼筋混凝土造,,169.27,3,2,2,有,無,31600000,211632,坡道平面,32.24,2600000,含雨遮8.48平方公尺不計價,RPPNMLOLJIOFFBA57CB
大同區,房地(土地+建物)+車位,臺北市大同區民權西路160巷26弄8號旁,18.75,住,,,1080608,土地90建物1車位1,十六層,17,住宅大樓(11層含以上有電梯),住家用,鋼筋混凝土造,,164.8,3,1,2,有,無,30800000,209716,坡道平面,32.24,3000000,含雨遮7.71平方公尺不計價,RPQNMLOLJIOFFBA67CB
大同區,房地(土地+建物)+車位,臺北市大同區民權西路160巷26弄8號旁,18.75,住,,,1080616,土地90建物1車位1,十四層,17,住宅大樓(11層含以上有電梯),住家用,鋼筋混凝土造,,164.8,3,1,2,有,無,30260000,205643,坡道平面,32.24,3000000,含雨遮7.71平方公尺不計價,RPRNMLOLJIOFFBA77CB
大同區,房地(土地+建物)+車位,臺北市大同區民權西路160巷26弄8號旁,19.1,住,,,1080616,土地90建物1車位1,五層,17,住宅大樓(11層含以上有電梯),住家用,鋼筋混凝土造,,169.27,3,2,2,有,無,29380000,196161,坡道平面,32.24,2500000,含雨遮8.48平方公尺不計價,RPSNMLOLJIOFFBA87CB
大同區,房地(土地+建物)+車位,臺北市大同區民權西路160巷26弄8號旁,19.1,住,,,1080704,土地90建物1車位1,二層,17,住宅大樓(11層含以上有電梯),住家用,鋼筋混凝土造,,174.21,3,2,2,有,無,32280000,210467,坡道平面,32.24,2400000,含雨遮6.85平方公尺不計價,RPTNMLOLJIOFFBA97CB
大同區,房地(土地+建物)+車位,臺北市大同區民權西路160巷26弄8號旁,20.25,住,,,1080710,土地90建物1車位1,五層,17,住宅大樓(11層含以上有電梯),住家用,鋼筋混凝土造,,179.97,3,2,2,有,無,33080000,204969,坡道平面,32.24,2800000,含雨遮8.94平方公尺不計價,RPUNMLOLJIOFFBA08CB
大同區,房地(土地+建物)+車位,臺北市大同區民權西路160巷26弄8號旁,12.2,住,,,1080725,土地90建物1車位1,十五層,17,住宅大樓(11層含以上有電梯),住家用,鋼筋混凝土造,,118.26,2,2,1,有,無,21560000,223901,坡道平面,32.24,2300000,含雨遮4.41平方公尺不計價,RPVNMLOLJIOFFBA18CB
大同區,房地(土地+建物)+車位,臺北市大同區民權西路160巷26弄8號旁,8.44,住,,,1080803,土地90建物1車位1,五層,17,住宅大樓(11層含以上有電梯),住家用,鋼筋混凝土造,,93.18,2,1,1,有,無,16000000,213325,坡道平面,32.24,3000000,含雨遮2.00平方公尺不計價,RPXNMLOLJIOFFBA38CB
大同區,房地(土地+建物)+車位,臺北市大同區民權西路160巷26弄8號旁,19.1,住,,,1080807,土地90建物1車位1,四層,17,住宅大樓(11層含以上有電梯),住家用,鋼筋混凝土造,,169.27,3,2,2,有,無,28560000,190907,坡道平面,32.24,2400000,含雨遮8.48平方公尺不計價,RPOOMLOLJIOFFBA57CB
大同區,房地(土地+建物)+車位,臺北市大同區民權西路160巷26弄8號旁,20.25,住,,,1080811,土地90建物1車位1,五層,17,住宅大樓(11層含以上有電梯),住家用,鋼筋混凝土造,,180.16,3,2,2,有,無,31200000,196052,坡道平面,32.24,2200000,含雨遮8.94平方公尺不計價,RPPOMLOLJIOFFBA67CB
大同區,房地(土地+建物)+車位,臺北市大同區民權西路160巷26弄8號旁,19.1,住,,,1080814,土地90建物1車位1,十四層,17,住宅大樓(11層含以上有電梯),住家用,鋼筋混凝土造,,169.27,3,2,2,有,無,30600000,207254,坡道平面,32.24,2200000,含雨遮8.48平方公尺不計價,RPSOMLOLJIOFFBA97CB
大同區,房地(土地+建物)+車位,臺北市大同區民權西路160巷26弄8號旁,20.25,住,,,1080817,土地90建物1車位1,十七層,17,住宅大樓(11層含以上有電梯),住家用,鋼筋混凝土造,,180.16,3,2,2,有,無,34200000,216333,坡道平面,32.24,2200000,含雨遮8.94平方公尺不計價,RPTOMLOLJIOFFBA08CB
大同區,房地(土地+建物)+車位,臺北市大同區民權西路160巷26弄8號旁,19.1,住,,,1080916,土地90建物1車位1,三層,17,住宅大樓(11層含以上有電梯),住家用,鋼筋混凝土造,,169.27,3,2,2,有,無,28480000,188864,坡道平面,32.24,2600000,含雨遮8.48平方公尺不計價,RPUOMLOLJIOFFBA18CB
大同區,房地(土地+建物)+車位,臺北市大同區民權西路160巷26弄8號旁,20.25,住,,,1080922,土地90建物1車位1,四層,17,住宅大樓(11層含以上有電梯),住家用,鋼筋混凝土造,,180.16,3,2,2,有,無,30800000,193348,坡道平面,32.24,2200000,含雨遮8.94平方公尺不計價,RPVOMLOLJIOFFBA28CB
大同區,房地(土地+建物)+車位,臺北市大同區民權西路160巷26弄8號旁,20.25,住,,,1081002,土地90建物1車位1,三層,17,住宅大樓(11層含以上有電梯),住家用,鋼筋混凝土造,,180.16,3,2,2,有,無,31700000,195376,坡道平面,32.24,2800000,含雨遮8.94平方公尺不計價,RPWOMLOLJIOFFBA38CB
中正區,房地(土地+建物)+車位,臺北市中正區羅斯福路三段A棟7層,30.57,商,,,1071107,土地26建物1車位3,七層,22,住宅大樓(11層含以上有電梯),住家用,鋼骨鋼筋混凝土造,,407.21,3,2,3,有,無,109800000,343336,坡道平面,115.95,9800000,,RPTOMLPLJIOFFAA08CB
中正區,房地(土地+建物)+車位,臺北市中正區羅斯福路三段B棟6層,31.29,商,,,1070316,土地26建物1車位4,六層,22,住宅大樓(11層含以上有電梯),住家用,鋼骨鋼筋混凝土造,,446.05,3,2,3,有,無,119190000,362978,坡道平面,154.6,13400000,,RPUOMLPLJIOFFAA18CB
中正區,房地(土地+建物)+車位,臺北市中正區羅斯福路三段B棟7層,30.81,商,,,1071107,土地26建物1車位3,七層,22,住宅大樓(11層含以上有電梯),住家用,鋼骨鋼筋混凝土造,,407.4,3,2,3,有,無,109800000,343112,坡道平面,115.95,9800000,,RPVOMLPLJIOFFAA28CB
中正區,房地(土地+建物)+車位,臺北市中正區羅斯福路三段B棟8層,30.81,商,,,1071008,土地26建物1車位3,八層,22,住宅大樓(11層含以上有電梯),住家用,鋼骨鋼筋混凝土造,,407.4,3,2,3,有,無,110990000,347881,坡道平面,115.95,9600000,,RPWOMLPLJIOFFAA38CB
中正區,房地(土地+建物)+車位,臺北市中正區羅斯福路三段C棟11層,31.29,商,,,1080804,土地26建物1車位4,十一層,22,住宅大樓(11層含以上有電梯),住家用,鋼骨鋼筋混凝土造,,446.05,3,2,3,有,無,108160000,317584,坡道平面,154.6,15600000,,RPXOMLPLJIOFFAA48CB
大同區,車位,臺北市大同區民權西路160巷26弄8號旁,0.44,住,,,1080923,土地90建物0車位1,,17,其他,住家用,鋼筋混凝土造,,32.24,0,0,0,有,無,2500000,,坡道平面,32.24,2500000,,RPPOMLRLJIOFFBA97CB
大同區,房地(土地+建物)+車位,臺北市大同區民權西路160巷26弄8號旁,25.51,住,,,1071130,土地90建物1車位1,十四層,18,住宅大樓(11層含以上有電梯),住家用,鋼筋混凝土造,,219.27,4,2,2,有,無,40800000,203176,坡道平面,32.24,2800000,含雨遮7.87平方公尺不計價,RPVOMLTLJIOFFBA78CB
大同區,房地(土地+建物)+車位,臺北市大同區民權西路160巷26弄8號旁,25.51,住,,,1080327,土地90建物1車位1,二層,18,住宅大樓(11層含以上有電梯),住家用,鋼筋混凝土造,,219.23,4,2,2,有,無,40180000,199904,坡道平面,32.24,2800000,含雨遮7.87平方公尺不計價,RPXOMLTLJIOFFBA98CB
大同區,房地(土地+建物)+車位,臺北市大同區民權西路160巷26弄8號旁,12.2,住,,,1080726,土地90建物1車位1,十四層,17,住宅大樓(11層含以上有電梯),住家用,鋼筋混凝土造,,118.26,2,2,1,有,無,22200000,230179,坡道平面,32.24,2400000,含雨遮4.41平方公尺不計價,RPUPMLTLJIOFFBA78CB
大同區,房地(土地+建物)+車位,臺北市大同區民權西路160巷26弄8號旁,12.2,住,,,1081114,土地90建物1車位1,二層,17,住宅大樓(11層含以上有電梯),住家用,鋼筋混凝土造,,118.26,2,2,1,有,無,20000000,202279,坡道平面,32.24,2600000,含雨遮4.41平方公尺不計價,RPOQMLTLJIOFFBA28CB
中正區,房地(土地+建物),臺北市中正區南昌路二段１３６號旁Ｂ棟９樓,3.34,商,,,1080819,土地2建物1車位0,九層,14,住宅大樓(11層含以上有電梯),住家用,鋼筋混凝土造,,40.37,0,1,1,有,無,10500000,260094,,0.0,0,,RPPNMLQKKIOFFAA67CB
中正區,房地(土地+建物),臺北市中正區南昌路二段１３６號旁Ｃ棟２樓,5.2,商,,,1080914,土地2建物1車位0,二層,14,住宅大樓(11層含以上有電梯),住家用,鋼筋混凝土造,,62.94,2,1,1,有,無,15700000,249444,,0.0,0,,RPQNMLQKKIOFFAA77CB
中正區,房地(土地+建物),臺北市中正區南昌路二段１３６號旁Ｄ棟５樓,4.05,商,,,1080827,土地2建物1車位0,五層,14,住宅大樓(11層含以上有電梯),住家用,鋼筋混凝土造,,49.04,1,1,1,有,無,11880000,242251,,0.0,0,,RPRNMLQKKIOFFAA87CB
北投區,房地(土地+建物)+車位,臺北市北投區三合街一段82巷106號3FB1-3F,18.74,住,,,1041004,土地1建物1車位1,三層,9,華廈(10層含以下有電梯),住家用,鋼筋混凝土造,,134.53,2,2,1,有,無,17790000,182321,坡道平面,49.57,2300000,,RPXOMLOKJHPFFEA68CB
北投區,房地(土地+建物),臺北市北投區三合街一段82巷106號4FB1-4F,19.75,住,,,1041002,土地1建物1車位0,四層,9,華廈(10層含以下有電梯),住家用,鋼筋混凝土造,,84.96,2,2,1,有,無,15800000,185970,,0.0,0,,RPRPMLOKJHPFFEA18CB
北投區,房地(土地+建物),臺北市北投區三合街一段82巷106號5FB1-5F,18.59,住,,,1041004,土地1建物1車位0,五層,9,華廈(10層含以下有電梯),住家用,鋼筋混凝土造,,84.96,2,2,1,有,無,15680000,184557,,0.0,0,,RPTPMLOKJHPFFEA38CB
北投區,房地(土地+建物)+車位,臺北市北投區三合街一段82巷106號6FB1-6F,18.74,住,,,1040913,土地1建物1車位1,六層,9,華廈(10層含以下有電梯),住家用,鋼筋混凝土造,,134.53,2,2,1,有,無,17520000,181497,坡道平面,49.57,2100000,,RPVPMLOKJHPFFEA58CB
北投區,房地(土地+建物)+車位,臺北市北投區三合街一段82巷106號8FB1-8F,18.74,住,,,1041220,土地1建物1車位1,八層,9,華廈(10層含以下有電梯),住家用,鋼筋混凝土造,,134.53,2,2,1,有,無,17720000,183851,坡道平面,49.57,2100000,,RPXPMLOKJHPFFEA78CB
北投區,房地(土地+建物)+車位,臺北市北投區三合街一段82巷106號9FB1-9F,18.74,住,,,1041112,土地1建物1車位1,九層,9,華廈(10層含以下有電梯),住家用,鋼筋混凝土造,,134.53,2,2,1,有,無,18530000,191031,坡道平面,49.57,2300000,,RPOQMLOKJHPFFEA97CB
北投區,房地(土地+建物),臺北市北投區三合街一段82巷112號2FB6-2F,18.88,住,,,1050216,土地1建物1車位0,二層,9,華廈(10層含以下有電梯),住家用,鋼筋混凝土造,,86.29,2,2,1,有,無,15660000,181481,,0.0,0,,RPPQMLOKJHPFFEA08CB
北投區,房地(土地+建物)+車位,臺北市北投區三合街一段82巷100號2FB2-2F,27.24,住,,,1041206,土地1建物1車位1,二層,9,華廈(10層含以下有電梯),住家用,鋼筋混凝土造,,173.41,3,2,2,有,無,25530000,185966,坡道平面,49.57,2500000,,RPQQMLOKJHPFFEA18CB
北投區,房地(土地+建物),臺北市北投區三合街一段82巷112號3FB6-3F,18.88,住,,,1041223,土地1建物1車位0,三層,9,華廈(10層含以下有電梯),住家用,鋼筋混凝土造,,86.29,2,2,1,有,無,15980000,185189,,0.0,0,,RPRQMLOKJHPFFEA28CB
北投區,房地(土地+建物)+車位,臺北市北投區三合街一段82巷100號3FB2-3F,27.24,住,,,1041004,土地1建物1車位1,三層,9,華廈(10層含以下有電梯),住家用,鋼筋混凝土造,,173.41,3,2,2,有,無,25460000,185401,坡道平面,49.57,2500000,,RPSQMLOKJHPFFEA38CB
北投區,房地(土地+建物),臺北市北投區三合街一段82巷112號4FB6-4F,18.88,住,,,1041009,土地1建物1車位0,四層,9,華廈(10層含以下有電梯),住家用,鋼筋混凝土造,,86.29,2,2,1,有,無,15880000,184031,,0.0,0,,RPTQMLOKJHPFFEA48CB
北投區,房地(土地+建物)+車位,臺北市北投區三合街一段82巷100號4FB2-4F,27.24,住,,,1041102,土地1建物1車位1,四層,9,華廈(10層含以下有電梯),住家用,鋼筋混凝土造,,173.41,3,2,2,有,無,25800000,188146,坡道平面,49.57,2500000,,RPUQMLOKJHPFFEA58CB
北投區,房地(土地+建物),臺北市北投區三合街一段82巷112號5FB6-5F,18.88,住,,,1041019,土地1建物1車位0,五層,9,華廈(10層含以下有電梯),住家用,鋼筋混凝土造,,86.29,2,2,1,有,無,16030000,185769,,0.0,0,,RPWQMLOKJHPFFEA78CB
北投區,房地(土地+建物)+車位,臺北市北投區三合街一段82巷100號5FB2-5F,27.24,住,,,1040923,土地1建物1車位1,五層,9,華廈(10層含以下有電梯),住家用,鋼筋混凝土造,,173.41,3,2,2,有,無,26000000,189761,坡道平面,49.57,2500000,,RPXQMLOKJHPFFEA88CB
北投區,房地(土地+建物)+車位,臺北市北投區三合街一段82巷100號6FB2-6F,27.24,住,,,1040920,土地1建物1車位1,六層,9,華廈(10層含以下有電梯),住家用,鋼筋混凝土造,,173.41,3,2,2,有,無,25580000,187984,坡道平面,49.57,2300000,,RPORMLOKJHPFFEA08CB
北投區,房地(土地+建物)+車位,臺北市北投區三合街一段82巷112號6FB6-6F,19.03,住,,,1041227,土地1建物1車位1,六層,9,華廈(10層含以下有電梯),住家用,鋼筋混凝土造,,135.86,2,2,1,有,無,18520000,187971,坡道平面,49.57,2300000,,RPPRMLOKJHPFFEA18CB
北投區,房地(土地+建物),臺北市北投區三合街一段82巷112號7FB6-7F,18.88,住,,,1050113,土地1建物1車位0,七層,9,華廈(10層含以下有電梯),住家用,鋼筋混凝土造,,86.29,2,2,1,有,無,16300000,188898,,0.0,0,,RPQRMLOKJHPFFEA28CB
北投區,房地(土地+建物)+車位,臺北市北投區三合街一段82巷112號8FB6-8F,19.03,住,,,1040925,土地1建物1車位1,八層,9,華廈(10層含以下有電梯),住家用,鋼筋混凝土造,,135.86,2,2,1,有,無,18200000,186580,坡道平面,49.57,2100000,,RPRRMLOKJHPFFEA38CB
北投區,房地(土地+建物)+車位,臺北市北投區三合街一段82巷100號7FB2-7F,27.24,住,,,1040913,土地1建物1車位1,七層,9,華廈(10層含以下有電梯),住家用,鋼筋混凝土造,,173.41,3,2,2,有,無,25660000,187016,坡道平面,49.57,2500000,,RPSRMLOKJHPFFEA48CB
北投區,房地(土地+建物)+車位,臺北市北投區三合街一段82巷112號9FB6-9F,19.03,住,,,1041210,土地1建物1車位1,九層,9,華廈(10層含以下有電梯),住家用,鋼筋混凝土造,,135.86,2,2,1,有,無,18770000,190868,坡道平面,49.57,2300000,,RPTRMLOKJHPFFEA58CB
北投區,房地(土地+建物)+車位,臺北市北投區三合街一段82巷100號8FB2-8F,27.24,住,,,1041004,土地1建物1車位1,八層,9,華廈(10層含以下有電梯),住家用,鋼筋混凝土造,,173.41,3,2,2,有,無,27270000,198401,坡道平面,49.57,2700000,,RPURMLOKJHPFFEA68CB
北投區,房地(土地+建物)+車位,臺北市北投區三合街一段82巷118號2FB7-2F,27.51,住,,,1070401,土地1建物1車位1,二層,9,華廈(10層含以下有電梯),住家用,鋼筋混凝土造,,174.72,3,2,2,有,無,25420000,182341,坡道平面,49.57,2600000,,RPVRMLOKJHPFFEA78CB
北投區,房地(土地+建物),臺北市北投區三合街一段82巷118號3FB7-3F,27.37,住,,,1070327,土地1建物1車位0,三層,9,華廈(10層含以下有電梯),住家用,鋼筋混凝土造,,125.15,3,2,2,有,無,22900000,182980,,0.0,0,,RPWRMLOKJHPFFEA88CB
北投區,房地(土地+建物)+車位,臺北市北投區三合街一段82巷100號9FB2-9F,27.24,住,,,1040926,土地1建物1車位1,九層,9,華廈(10層含以下有電梯),住家用,鋼筋混凝土造,,173.41,3,2,2,有,無,26660000,195090,坡道平面,49.57,2500000,,RPXRMLOKJHPFFEA98CB
北投區,房地(土地+建物)+車位,臺北市北投區三合街一段82巷118號4FB7-4F,27.51,住,,,1061105,土地1建物1車位1,四層,9,華廈(10層含以下有電梯),住家用,鋼筋混凝土造,,174.72,3,2,2,有,無,24850000,181782,坡道平面,49.57,2100000,,RPOSMLOKJHPFFEA18CB
北投區,房地(土地+建物)+車位,臺北市北投區三合街一段82巷118號5FB7-5F,27.51,住,,,1041222,土地1建物1車位1,五層,9,華廈(10層含以下有電梯),住家用,鋼筋混凝土造,,174.72,3,2,2,有,無,25850000,186576,坡道平面,49.57,2500000,,RPPSMLOKJHPFFEA28CB
北投區,房地(土地+建物)+車位,臺北市北投區三合街一段82巷118號6FB7-6F,27.51,住,,,1041023,土地1建物1車位1,六層,9,華廈(10層含以下有電梯),住家用,鋼筋混凝土造,,174.72,3,2,2,有,無,25800000,186177,坡道平面,49.57,2500000,,RPRSMLOKJHPFFEA48CB
北投區,房地(土地+建物)+車位,臺北市北投區三合街一段82巷118號7FB7-7F,27.51,住,,,1050103,土地1建物1車位1,七層,9,華廈(10層含以下有電梯),住家用,鋼筋混凝土造,,174.72,3,2,2,有,無,25930000,187215,坡道平面,49.57,2500000,,RPSSMLOKJHPFFEA58CB
北投區,房地(土地+建物)+車位,臺北市北投區三合街一段82巷118號8FB7-8F,27.51,住,,,1061104,土地1建物1車位1,八層,9,華廈(10層含以下有電梯),住家用,鋼筋混凝土造,,174.72,3,2,2,有,無,26150000,190571,坡道平面,49.57,2300000,,RPTSMLOKJHPFFEA68CB
北投區,房地(土地+建物),臺北市北投區三合街一段82巷118號9FB7-9F,27.37,住,,,1041226,土地1建物1車位0,九層,9,華廈(10層含以下有電梯),住家用,鋼筋混凝土造,,125.15,3,2,2,有,無,23850000,190571,,0.0,0,,RPUSMLOKJHPFFEA78CB
北投區,房地(土地+建物)+車位,臺北市北投區三合街一段82巷116號2FB8-2F,27.18,住,,,1070501,土地1建物1車位1,二層,9,華廈(10層含以下有電梯),住家用,鋼筋混凝土造,,173.16,3,2,2,有,無,24930000,182296,坡道平面,49.57,2400000,,RPVSMLOKJHPFFEA88CB
北投區,房地(土地+建物)+車位,臺北市北投區三合街一段82巷116號3FB8-3F,27.18,住,,,1050422,土地1建物1車位1,三層,9,華廈(10層含以下有電梯),住家用,鋼筋混凝土造,,173.16,3,2,2,有,無,25380000,185128,坡道平面,49.57,2500000,,RPWSMLOKJHPFFEA98CB
北投區,房地(土地+建物)+車位,臺北市北投區三合街一段82巷102號3FB3-3F,27.51,住,,,1060414,土地1建物1車位1,三層,9,華廈(10層含以下有電梯),住家用,鋼筋混凝土造,,174.69,3,2,2,有,無,25800000,184623,坡道平面,49.57,2700000,,RPXSMLOKJHPFFEA09CB
北投區,房地(土地+建物)+車位,臺北市北投區三合街一段82巷116號4FB8-4F,27.18,住,,,1070201,土地1建物1車位1,四層,9,華廈(10層含以下有電梯),住家用,鋼筋混凝土造,,173.16,3,2,2,有,無,24950000,183267,坡道平面,49.57,2300000,,RPPTMLOKJHPFFEA38CB
北投區,房地(土地+建物)+車位,臺北市北投區三合街一段82巷116號5FB8-5F,27.18,住,,,1050503,土地1建物1車位1,五層,9,華廈(10層含以下有電梯),住家用,鋼筋混凝土造,,173.16,3,2,2,有,無,25570000,188284,坡道平面,49.57,2300000,,RPQTMLOKJHPFFEA48CB
北投區,房地(土地+建物)+車位,臺北市北投區三合街一段82巷102號4FB3-4F,27.51,住,,,1070310,土地1建物1車位1,四層,9,華廈(10層含以下有電梯),住家用,鋼筋混凝土造,,174.69,3,2,2,有,無,25300000,185422,坡道平面,49.57,2100000,,RPRTMLOKJHPFFEA58CB
北投區,房地(土地+建物)+車位,臺北市北投區三合街一段82巷116號6FB8-6F,27.18,住,,,1041209,土地1建物1車位1,六層,9,華廈(10層含以下有電梯),住家用,鋼筋混凝土造,,173.16,3,2,2,有,無,25600000,188527,坡道平面,49.57,2300000,,RPSTMLOKJHPFFEA68CB
北投區,房地(土地+建物)+車位,臺北市北投區三合街一段82巷116號7FB8-7F,27.18,住,,,1050103,土地1建物1車位1,七層,9,華廈(10層含以下有電梯),住家用,鋼筋混凝土造,,173.16,3,2,2,有,無,25820000,188688,坡道平面,49.57,2500000,,RPTTMLOKJHPFFEA78CB
北投區,房地(土地+建物)+車位,臺北市北投區三合街一段82巷116號8FB8-8F,27.18,住,,,1041205,土地1建物1車位1,八層,9,華廈(10層含以下有電梯),住家用,鋼筋混凝土造,,173.16,3,2,2,有,無,25680000,189174,坡道平面,49.57,2300000,,RPUTMLOKJHPFFEA88CB
北投區,房地(土地+建物)+車位,臺北市北投區三合街一段82巷102號5FB3-5F,27.51,住,,,1041205,土地1建物1車位1,五層,9,華廈(10層含以下有電梯),住家用,鋼筋混凝土造,,174.69,3,2,2,有,無,26000000,187820,坡道平面,49.57,2500000,,RPVTMLOKJHPFFEA98CB
北投區,房地(土地+建物)+車位,臺北市北投區三合街一段82巷116號9FB8-9F,27.18,住,,,1041025,土地1建物1車位1,九層,9,華廈(10層含以下有電梯),住家用,鋼筋混凝土造,,173.16,3,2,2,有,無,26100000,192572,坡道平面,49.57,2300000,,RPXTMLOKJHPFFEA56CB
北投區,房地(土地+建物)+車位,臺北市北投區三合街一段82巷102號6FB3-6F,27.51,住,,,1060208,土地1建物1車位1,六層,9,華廈(10層含以下有電梯),住家用,鋼筋混凝土造,,174.69,3,2,2,有,無,25580000,187660,坡道平面,49.57,2100000,,RPOUMLOKJHPFFEA38CB
北投區,房地(土地+建物),臺北市北投區三合街一段82巷110號3FB9-3F,18.52,住,,,1041002,土地1建物1車位0,三層,9,華廈(10層含以下有電梯),住家用,鋼筋混凝土造,,84.69,2,2,1,有,無,15570000,183847,,0.0,0,,RPPUMLOKJHPFFEA48CB
北投區,房地(土地+建物)+車位,臺北市北投區三合街一段82巷102號7FB3-7F,27.51,住,,,1050616,土地1建物1車位1,七層,9,華廈(10層含以下有電梯),住家用,鋼筋混凝土造,,174.69,3,2,2,有,無,26200000,187820,坡道平面,49.57,2700000,,RPQUMLOKJHPFFEA58CB
北投區,房地(土地+建物),臺北市北投區三合街一段82巷110號4FB9-4F,18.52,住,,,1040926,土地1建物1車位0,四層,9,華廈(10層含以下有電梯),住家用,鋼筋混凝土造,,84.69,2,2,1,有,無,15370000,181485,,0.0,0,,RPRUMLOKJHPFFEA68CB
北投區,房地(土地+建物)+車位,臺北市北投區三合街一段82巷102號8FB3-8F,27.51,住,,,1041209,土地1建物1車位1,八層,9,華廈(10層含以下有電梯),住家用,鋼筋混凝土造,,174.69,3,2,2,有,無,26500000,191816,坡道平面,49.57,2500000,,RPSUMLOKJHPFFEA78CB
北投區,房地(土地+建物)+車位,臺北市北投區三合街一段82巷102號9FB3-9F,27.51,住,,,1041213,土地1建物1車位1,九層,9,華廈(10層含以下有電梯),住家用,鋼筋混凝土造,,174.69,3,2,2,有,無,27150000,195412,坡道平面,49.57,2700000,,RPTUMLOKJHPFFEA88CB
北投區,房地(土地+建物),臺北市北投區三合街一段82巷110號5FB9-5F,18.52,住,,,1041018,土地1建物1車位0,五層,9,華廈(10層含以下有電梯),住家用,鋼筋混凝土造,,84.69,2,2,1,有,無,15780000,186327,,0.0,0,,RPUUMLOKJHPFFEA98CB
北投區,房地(土地+建物),臺北市北投區三合街一段82巷108號3FB5-3F,18.88,住,,,1041222,土地1建物1車位0,三層,9,華廈(10層含以下有電梯),住家用,鋼筋混凝土造,,86.27,2,2,1,有,無,16100000,186623,,0.0,0,,RPVUMLOKJHPFFEA09CB
北投區,房地(土地+建物),臺北市北投區三合街一段82巷110號6FB9-6F,18.52,住,,,1040925,土地1建物1車位0,六層,9,華廈(10層含以下有電梯),住家用,鋼筋混凝土造,,84.69,2,2,1,有,無,15600000,184201,,0.0,0,,RPWUMLOKJHPFFEA56CB
北投區,房地(土地+建物),臺北市北投區三合街一段82巷108號4FB5-4F,18.88,住,,,1050314,土地1建物1車位0,四層,9,華廈(10層含以下有電梯),住家用,鋼筋混凝土造,,86.27,2,2,1,有,無,15900000,184305,,0.0,0,,RPXUMLOKJHPFFEA66CB
北投區,房地(土地+建物),臺北市北投區三合街一段82巷108號5FB5-5F,18.88,住,,,1041023,土地1建物1車位0,五層,9,華廈(10層含以下有電梯),住家用,鋼筋混凝土造,,86.27,2,2,1,有,無,16000000,185464,,0.0,0,,RPOVMLOKJHPFFEA48CB
北投區,房地(土地+建物),臺北市北投區三合街一段82巷110號7FB9-7F,18.52,住,,,1041002,土地1建物1車位0,七層,9,華廈(10層含以下有電梯),住家用,鋼筋混凝土造,,84.69,2,2,1,有,無,15820000,186799,,0.0,0,,RPPVMLOKJHPFFEA58CB
北投區,房地(土地+建物)+車位,臺北市北投區三合街一段82巷108號6FB5-6F,19.03,住,,,1041105,土地1建物1車位1,六層,9,華廈(10層含以下有電梯),住家用,鋼筋混凝土造,,135.84,2,2,1,有,無,18490000,187667,坡道平面,49.57,2300000,,RPQVMLOKJHPFFEA68CB
北投區,房地(土地+建物)+車位,臺北市北投區三合街一段82巷110號8FB9-8F,18.67,住,,,1041212,土地1建物1車位1,八層,9,華廈(10層含以下有電梯),住家用,鋼筋混凝土造,,134.26,2,2,1,有,無,17750000,182430,坡道平面,49.57,2300000,,RPRVMLOKJHPFFEA78CB
北投區,房地(土地+建物),臺北市北投區三合街一段82巷108號7FB5-7F,18.88,住,,,1041218,土地1建物1車位0,七層,9,華廈(10層含以下有電梯),住家用,鋼筋混凝土造,,86.27,2,2,1,有,無,16300000,188942,,0.0,0,,RPSVMLOKJHPFFEA88CB
北投區,房地(土地+建物)+車位,臺北市北投區三合街一段82巷108號8FB5-8F,19.03,住,,,1040925,土地1建物1車位1,八層,9,華廈(10層含以下有電梯),住家用,鋼筋混凝土造,,135.84,2,2,1,有,無,18730000,190449,坡道平面,49.57,2300000,,RPTVMLOKJHPFFEA98CB
北投區,房地(土地+建物)+車位,臺北市北投區三合街一段82巷110號9FB9-9F,18.67,住,,,1040920,土地1建物1車位1,九層,9,華廈(10層含以下有電梯),住家用,鋼筋混凝土造,,134.26,2,2,1,有,無,18300000,188924,坡道平面,49.57,2300000,,RPUVMLOKJHPFFEA09CB
北投區,房地(土地+建物),臺北市北投區三合街一段82巷108號9FB5-9F,18.88,住,,,1041003,土地1建物1車位0,九層,9,華廈(10層含以下有電梯),住家用,鋼筋混凝土造,,86.27,2,2,1,有,無,16400000,190101,,0.0,0,,RPVVMLOKJHPFFEA56CB
文山區,房地(土地+建物)+車位,臺北市文山區忠順街二段85巷旁A1-3F,22.82,住,,,1081124,土地5建物1車位1,三層,14,住宅大樓(11層含以上有電梯),住家用,鋼筋混凝土造,,179.18,3,2,2,有,無,30700000,198783,坡道平面,34.55,1950000,交易面積未含雨遮面積2.24坪預售屋雨遮不計價,RPQOMLMLJHPFFAA47CB
文山區,房地(土地+建物)+車位,臺北市文山區忠順街二段85巷旁A1-4F,22.82,住,,,1081102,土地5建物1車位1,四層,14,住宅大樓(11層含以上有電梯),住家用,鋼筋混凝土造,,179.18,3,2,2,有,無,28900000,186338,坡道平面,34.55,1950000,交易面積未含雨遮面積2.24坪預售屋雨遮不計價,RPROMLMLJHPFFAA57CB
文山區,房地(土地+建物)+車位,臺北市文山區忠順街二段85巷旁A1-6F,22.82,住,,,1080908,土地5建物1車位1,六層,14,住宅大樓(11層含以上有電梯),住家用,鋼筋混凝土造,,179.18,3,2,2,有,無,29550000,189795,坡道平面,34.55,2100000,交易面積未含雨遮面積2.24坪預售屋雨遮不計價,RPTOMLMLJHPFFAA77CB
文山區,房地(土地+建物),臺北市文山區忠順街二段85巷旁A1-7F,22.55,住,,,1080831,土地5建物1車位0,七層,14,住宅大樓(11層含以上有電梯),住家用,鋼筋混凝土造,,144.63,3,2,2,有,無,27500000,190140,,0.0,0,交易面積未含雨遮面積2.24坪預售屋雨遮不計價,RPUOMLMLJHPFFAA87CB
文山區,房地(土地+建物),臺北市文山區忠順街二段85巷旁A1-13F,22.55,住,,,1080714,土地5建物1車位0,十三層,14,住宅大樓(11層含以上有電梯),住家用,鋼筋混凝土造,,144.63,3,2,2,有,無,28880000,199682,,0.0,0,交易面積未含雨遮面積2.24坪預售屋雨遮不計價 與權利人2人共有,RPVOMLMLJHPFFAA97CB
文山區,房地(土地+建物),臺北市文山區忠順街二段85巷旁A2-3F,21.18,住,,,1080712,土地5建物1車位0,三層,14,住宅大樓(11層含以上有電梯),住家用,鋼筋混凝土造,,137.26,3,2,2,有,無,26700000,194521,,0.0,0,交易面積未含雨遮面積1.67坪預售屋雨遮不計價,RPWOMLMLJHPFFAA08CB
文山區,房地(土地+建物),臺北市文山區忠順街二段85巷旁A2-11F,21.18,住,,,1081103,土地5建物1車位0,十一層,14,住宅大樓(11層含以上有電梯),住家用,鋼筋混凝土造,,137.26,3,2,2,有,無,27600000,201078,,0.0,0,交易面積未含雨遮面積1.67坪預售屋雨遮不計價,RPXOMLMLJHPFFAA18CB
文山區,房地(土地+建物)+車位,臺北市文山區忠順街二段85巷旁A2-12F,21.67,住,,,1081118,土地5建物1車位2,十二層,14,住宅大樓(11層含以上有電梯),住家用,鋼筋混凝土造,,201.56,3,2,2,有,無,32000000,203628,坡道平面,64.3,4050000,交易面積未含雨遮面積1.67坪預售屋雨遮不計價,RPOPMLMLJHPFFAA37CB
文山區,房地(土地+建物)+車位,臺北市文山區忠順街二段85巷旁A2-13F,21.44,住,,,1081109,土地5建物1車位1,十三層,14,住宅大樓(11層含以上有電梯),住家用,鋼筋混凝土造,,171.81,3,2,2,有,無,30100000,203992,坡道平面,34.55,2100000,交易面積未含雨遮面積1.67坪預售屋雨遮不計價,RPPPMLMLJHPFFAA47CB
文山區,房地(土地+建物),臺北市文山區忠順街二段85巷旁A3-14F,16.9,住,,,1080831,土地5建物1車位0,十四層,14,住宅大樓(11層含以上有電梯),住家用,鋼筋混凝土造,,109.54,2,2,2,有,無,22700000,207230,,0.0,0,交易面積未含雨遮面積1.33坪預售屋雨遮不計價,RPQPMLMLJHPFFAA57CB
文山區,房地(土地+建物)+車位,臺北市文山區忠順街二段85巷旁A5-3F,22.67,住,,,1081218,土地5建物1車位1,三層,14,住宅大樓(11層含以上有電梯),住家用,鋼筋混凝土造,,181.9,3,2,2,有,無,30880000,195317,坡道平面,34.55,2100000,交易面積未含雨遮面積1.13坪預售屋雨遮不計價,RPRPMLMLJHPFFAA67CB
文山區,房地(土地+建物),臺北市文山區忠順街二段85巷旁A6-3F,21.2,住,,,1081024,土地5建物1車位0,三層,14,住宅大樓(11層含以上有電梯),住家用,鋼筋混凝土造,,141.48,3,2,2,有,無,27770000,196282,,0.0,0,交易面積未含雨遮面積0.45坪預售屋雨遮不計價,RPSPMLMLJHPFFAA77CB
信義區,房地(土地+建物)+車位,臺北市信義區信義路五段57號3樓,62.16,其他,,,1060713,土地2建物1車位3,三層,31,住宅大樓(11層含以上有電梯),住家用,鋼造,,559.11,0,0,0,無,無,290400000,604993,坡道平面,99.27,12200000,,RPTOMLNJKHPFFDA08CB
信義區,房地(土地+建物)+車位,臺北市信義區信義路五段57號6樓,62.16,其他,,,1050822,土地2建物1車位3,六層,31,住宅大樓(11層含以上有電梯),住家用,鋼造,,559.11,0,0,0,無,無,286550000,595316,坡道平面,99.27,12800000,,RPUOMLNJKHPFFDA18CB
信義區,房地(土地+建物)+車位,臺北市信義區信義路五段55號6樓,65.06,其他,,,1050822,土地2建物1車位3,六層,31,住宅大樓(11層含以上有電梯),住家用,鋼造,,570.68,0,0,0,無,無,293450000,595342,坡道平面,99.27,12800000,,RPWOMLNJKHPFFDA38CB
信義區,房地(土地+建物)+車位,臺北市信義區信義路五段55號8樓,65.06,其他,,,1060818,土地2建物1車位3,八層,31,住宅大樓(11層含以上有電梯),住家用,鋼造,,570.68,0,0,0,無,無,297800000,604994,坡道平面,99.27,12600000,,RPXOMLNJKHPFFDA48CB
信義區,房地(土地+建物)+車位,臺北市信義區信義路五段55號9樓,65.06,其他,,,1060818,土地2建物1車位3,九層,31,住宅大樓(11層含以上有電梯),住家用,鋼造,,570.68,0,0,0,無,無,297800000,604994,坡道平面,99.27,12600000,,RPOPMLNJKHPFFDA67CB
信義區,房地(土地+建物)+車位,臺北市信義區信義路五段57號11樓,62.16,其他,,,1070524,土地2建物1車位2,十一層,31,住宅大樓(11層含以上有電梯),住家用,鋼造,,526.02,0,0,0,無,無,297600000,628914,坡道平面,66.18,8400000,,RPPPMLNJKHPFFDA77CB
信義區,房地(土地+建物)+車位,臺北市信義區信義路五段55號11樓,65.06,其他,,,1070524,土地2建物1車位3,十一層,31,住宅大樓(11層含以上有電梯),住家用,鋼造,,570.68,0,0,0,無,無,309400000,629601,坡道平面,99.27,12600000,,RPQPMLNJKHPFFDA87CB
信義區,房地(土地+建物)+車位,臺北市信義區信義路五段55號12樓,65.06,其他,,,1070227,土地2建物1車位3,十二層,31,住宅大樓(11層含以上有電梯),住家用,鋼造,,570.68,0,0,0,無,無,310210000,631743,坡道平面,99.27,12400000,,RPRPMLNJKHPFFDA97CB
信義區,房地(土地+建物)+車位,臺北市信義區信義路五段55號13樓,65.06,其他,,,1061121,土地2建物1車位3,十三層,31,住宅大樓(11層含以上有電梯),住家用,鋼造,,570.68,0,0,0,無,無,311720000,635370,坡道平面,99.27,12200000,,RPSPMLNJKHPFFDA08CB
信義區,房地(土地+建物)+車位,臺北市信義區信義路五段57號14樓,62.16,其他,,,1051014,土地2建物1車位3,十四層,31,住宅大樓(11層含以上有電梯),住家用,鋼造,,554.74,0,0,0,無,無,301340000,635256,坡道平面,99.27,12000000,,RPTPMLNJKHPFFDA18CB
信義區,房地(土地+建物)+車位,臺北市信義區信義路五段55號14樓,65.06,其他,,,1051014,土地2建物1車位2,十四層,31,住宅大樓(11層含以上有電梯),住家用,鋼造,,531.79,0,0,0,無,無,304590000,635274,坡道平面,66.18,8800000,,RPUPMLNJKHPFFDA28CB
信義區,房地(土地+建物)+車位,臺北市信義區信義路五段55號27樓,117.71,其他,,,1070427,土地2建物1車位4,二十七層,31,住宅大樓(11層含以上有電梯),住家用,鋼造,,987.04,0,0,0,無,無,596000000,677447,坡道平面,132.36,17000000,,RPVPMLNJKHPFFDA38CB
信義區,房地(土地+建物)+車位,臺北市信義區信義路五段55號28樓,117.71,其他,,,1060818,土地2建物1車位3,二十八層,31,住宅大樓(11層含以上有電梯),住家用,鋼造,,953.95,0,0,0,無,無,594400000,680021,坡道平面,99.27,13200000,,RPWPMLNJKHPFFDA48CB
