﻿編號,土地位置,土地移轉面積(平方公尺),使用分區或編定,權利人持分分母,權利人持分分子,移轉情形,地號
The serial number, land position,land shifting area square meter,the use zoning or compiles and checks,,,,land parcel
RPQOMLLKJIOFFAB47CC,大益段,4.61,都市：住,,,,00250000
RPUPMLLKJIOFFAB97CC,公館段,1.29,都市：商,,,,00630001
RPUPMLLKJIOFFAB97CC,公館段,1.49,都市：商,,,,00620001
RPSOMLLKJIOFFAB67CC,忠孝段四小段,13.78,都市：住,,,,00240011
RPSOMLLKJIOFFAB67CC,忠孝段四小段,13.22,都市：住,,,,00240010
RPORMLLKJIOFFCB77CC,豐功段,.00,都市：住,,,,00010013
RPXRMLLKJIOFFCB68CC,惠民段,.00,都市：其他:新八,,,,01430001
RPSNMLLKJIOFFFB08CC,市鎮北段,15.09,都市：商,,,,00420000
RPTNMLLKJIOFFFB18CC,市鎮北段,8.76,都市：商,,,,02730000
RPRNMLLKJIOFFFB97CC,西建段,62.00,都市：住,,,,01380000
RPTNMLLKJIOFFHB38CC,東寶七段,5.37,都市：住,,,,05200000
RPTNMLLKJIOFFHB38CC,東寶七段,19.43,都市：住,,,,05190000
RPXOMLLKJIOFFIB98CC,新榮和段,3.97,都市：住,,,,00290000
RPSOMLLKJIOFFIB48CC,喬城段,23.06,都市：住,,,,08120000
RPQNMLLKJIOFFKB38CC,自治段,10.77,都市：住,,,,04030000
RPQNMLLKJIOFFKB38CC,自治段,.05,都市：住,,,,04030004
RPPNMLMKJIOFFKB38CC,新東段,74.77,非都市：鄉村區 ; 非都市編定：乙種建築用地,,,,02460000
RPOPMLLKJIOFFIB18CC,新榮和段,3.97,都市：住,,,,00290000
RPWNMLMKJIOFFHB78CC,頭張段,13.85,都市：住,,,,09530000
RPQNMLMKJIOFFKB48CC,遠東段,79.42,都市：住,,,,09220000
RPUNMLMKJIOFFHB58CC,六雅段,85.75,都市：住,,,,10320000
RPQOMLMKJIOFFDB87CC,一心段,9.64,都市：住,,,,06740000
RPUUMLMKJIOFFCB78CC,大進段,8.30,都市：住,,,,02140000
RPSVMLMKJIOFFCB68CC,惠來厝段,5.13,都市：住,,,,16370000
RPVUMLMKJIOFFCB88CC,大進段,8.30,都市：住,,,,02140000
RPOPMLLKJIOFFBB47CC,賴厝?段,21.52,都市：住,,,,01310000
RPSQMLMKJIOFFBB08CC,中清段,10.76,都市：住,,,,02800000
RPTQMLNKJIOFFBB28CC,賴厝?段,.14,都市：商,,,,00310003
RPTQMLNKJIOFFBB28CC,邱厝子段,.11,都市：商,,,,00310062
RPVQMLMKJIOFFBB38CC,東山段,8.91,都市：住,,,,00390000
RPWRMLNKJIOFFBB68CC,松觀段,24.89,都市：住,,,,07210000
RPVRMLNKJIOFFBB58CC,賴厝?段,3.05,都市：商,,,,00310003
RPVRMLNKJIOFFBB58CC,邱厝子段,2.45,都市：商,,,,00310062
RPROMLNKJIOFFAB77CC,頂橋子頭段,10.88,都市：住,,,,01380000
RPSNMLMKJIOFFAB67CC,下橋子頭段,1.83,都市：商,,,,02170014
RPXNMLMKJIOFFAB18CC,下橋子頭段,1.65,都市：商,,,,02170014
RPTPMLMKJIOFFAB97CC,下橋子頭段,10.44,都市：住,,,,02480000
RPXRMLNKJIOFFBB78CC,長安段,16.14,都市：住,,,,00490000
RPXNMLNKJIOFFHB98CC,頭家段,35.32,都市：住,,,,10840000
RPWNMLNKJIOFFHB88CC,員寶段,23.25,都市：農,,,,10640000
RPWNMLNKJIOFFHB88CC,員寶段,68.81,都市：農,,,,10800000
RPOOMLNKJIOFFHB18CC,家興段,22.76,都市：住,,,,08790000
RPOOMLOKJIOFFHB28CC,三和段,20.30,都市：住,,,,10920000
RPVNMLOKJIOFFDB48CC,慈興段,.00,都市：住,,,,00950002
RPRNMLOKJIOFFDB08CC,大社東段,3.15,都市：住,,,,03520000
RPRNMLOKJIOFFDB08CC,大社東段,14.90,都市：住,,,,03510000
RPPNMLOKJIOFFCB77CC,大新段,.00,都市：商,,,,08500000
RPXVMLMKJIOFFCB56CC,大進段,18.00,都市：住,,,,00930000
RPURMLOKJIOFFCB68CC,中正段,8.49,都市：商,,,,01550000
RPSOMLNKJIOFFCB08CC,田心段,21.83,都市：住,,,,16740046
RPPNMLOKJIOFFAB57CC,下橋子頭段,4.89,都市：商,,,,01400002
RPPNMLOKJIOFFAB57CC,下橋子頭段,7.12,都市：商,,,,01400025
RPTPMLMKJIOFFFB48CC,國昌段,30.82,都市：住,,,,04480000
RPQNMLOKJIOFFAB67CC,忠孝段六小段,4.08,都市：商,,,,00070018
RPQNMLOKJIOFFAB67CC,忠孝段六小段,5.03,都市：商,,,,00070019
RPQNMLOKJIOFFAB67CC,忠孝段六小段,4.19,都市：商,,,,00070034
RPQPMLOKJIOFFBB97CC,東光段,.00,都市：住,,,,03090000
RPQQMLOKJIOFFBB08CC,東峰段,5.84,都市：商,,,,01580000
RPTQMLOKJIOFFBB38CC,松竹段,26.95,非都市： ; 非都市編定：,,,,00360000
RPSQMLOKJIOFFBB28CC,中清段,8.53,都市：商,,,,00060000
RPTPMLOKJIOFFBB28CC,東峰段,5.92,都市：其他:捷運系統用地,,,,00030000
RPOQMLOKJIOFFBB87CC,賴厝?段,.28,都市：商,,,,00310003
RPOQMLOKJIOFFBB87CC,邱厝子段,.22,都市：商,,,,00310062
RPVNMLOKJIOFFBB28CC,錦村段,27.00,都市：住,,,,00450000
RPUNMLPKJIOFFIB98CC,東湖段,20.16,都市：住,,,,09650000
RPQOMLPKJIOFFFB38CC,?榔段,109.00,都市：住,,,,00560014
RPPNMLPKJIOFFFB18CC,西建段,48.00,都市：住,,,,03680001
RPPNMLQKJIOFFIB58CC,益民段,27.49,都市：住,,,,07110000
RPPNMLQKJIOFFAB77CC,柳川段一小段,1.92,都市：商,,,,00040000
RPUPMLSKJIOFFAB68CC,下橋子頭段,1.00,都市：住,,,,01780026
RPPPMLSKJIOFFAB18CC,麻園頭段,1646.00,都市：住,,,,01320000
RPQNMLQKJIOFFAB87CC,樹子腳段,6.90,都市：商,,,,07410000
RPSNMLSKJIOFFBB38CC,水源段,.00,都市：商,,,,02030021
RPSRMLPKJIOFFBB48CC,仁和段,28.71,都市：住,,,,16220000
RPQOMLSKJIOFFAB18CC,頂橋子頭段,.00,都市：住,,,,00910070
RPSSMLPKJIOFFBB58CC,水源段,11.51,都市：商,,,,00030009
RPWQMLSKJIOFFIB27DC,新三和段,297.52,都市：商,,,,00530003
RPXQMLSKJIOFFIB37DC,新三和段,376.86,都市：商,,,,00530002
RPSOMLTKJIOFFAB58DC,福壽段一小段,23.33,都市：商,,,,00040000
RPUOMLTKJIOFFAB78DC,福壽段一小段,35.00,都市：商,,,,00040000
RPQOMLTKJIOFFBB48DC,昌平段,192.08,都市：商,,,,01880000
RPTOMLTKJIOFFFB09CC,市鎮北段,8.76,都市：商,,,,02730000
RPUOMLTKJIOFFFB56CC,市鎮北段,14.99,都市：商,,,,00420000
RPOOMLTKJIOFFHB78CC,四德段,44.00,都市：住,,,,02600003
RPOOMLTKJIOFFHB78CC,四德段,45.00,都市：住,,,,02600004
RPOOMLTKJIOFFHB78CC,四德段,37.00,都市：住,,,,02730038
RPOOMLTKJIOFFHB78CC,四德段,36.00,都市：住,,,,02730039
RPSSMLSKJIOFFBB88CC,中興段,.00,都市：住,,,,00160000
RPUOMLSKJIOFFCB78CC,大進段,2.99,都市：住,,,,07880000
RPQNMLPKJIOFFCB97CC,民安段,45.04,都市：住,,,,10800000
RPXPMLTKJIOFFCB66CC,寶文段,12.35,都市：住,,,,00720018
RPSQMLSKJIOFFCB78CC,惠民段,43.30,都市：其他:第一種新市政中心專用區,,,,00630000
RPWOMLPKJIOFFCB68CC,保安段,.00,非都市： ; 非都市編定：,,,,10500000
RPOPMLSKJIOFFCB28CC,福星段,2305.09,都市：住,,,,04910000
RPUSMLSKJIOFFBB09CC,水源段,.00,都市：住,,,,02300635
RPWSMLTKJIOFFBB76CC,東峰段,61.00,都市：住,,,,01140012
RPWSMLTKJIOFFBB76CC,東峰段,14.15,都市：住,,,,01140007
RPXSMLTKJIOFFBB86CC,東峰段,61.00,都市：住,,,,01140012
RPXSMLTKJIOFFBB86CC,東峰段,14.15,都市：住,,,,01140007
RPXNMLTKJIOFFAB88CC,後?子段,143.00,都市：住,,,,02980040
RPXNMLTKJIOFFAB88CC,後?子段,22.00,都市：住,,,,02990011
RPRNMLKLJIOFFAB47CC,後?子段,22.39,都市：商,,,,03910026
RPPVMLTKJIOFFBB98CC,東峰段,20.00,都市：住,,,,02650000
RPQNMLQKJIOFFIB68CC,向學段,80.06,都市：住,,,,00360038
RPOQMLTKJIOFFAB28CC,麻園頭段,.00,都市：住,,,,01320000
RPUOMLKLJIOFFAB87CC,麻園頭段,16.84,都市：住,,,,01320000
RPQNMLKLJIOFFBB47CC,同榮段,117.43,都市：住,,,,32300002
RPVOMLKLJIOFFAB97CC,下橋子頭段,.00,非都市： ; 非都市編定：,,,,02050027
RPPOMLKLJIOFFAB37CC,土庫段,.00,非都市： ; 非都市編定：,,,,00570001
RPPQMLKLJIOFFBB67CC,錦村段,.00,非都市： ; 非都市編定：,,,,03340008
RPRQMLKLJIOFFBB87CC,東山段,.00,非都市： ; 非都市編定：,,,,01200000
RPTOMLKLJIOFFAB77CC,下橋子頭段,.00,非都市： ; 非都市編定：,,,,02050027
RPPPMLKLJIOFFBB57CC,錦村段,.00,非都市： ; 非都市編定：,,,,01840082
RPSPMLKLJIOFFBB87CC,邱厝子段,.00,非都市： ; 非都市編定：,,,,01450020
RPSNMLKLJIOFFFB08CC,市鎮南段,19.46,都市：商,,,,01190000
RPUNMLKLJIOFFDB08CC,豐圳段,.00,非都市： ; 非都市編定：,,,,04630000
RPVRMLKLJIOFFBB38CC,邱厝子段,.00,非都市： ; 非都市編定：,,,,00380005
RPQRMLKLJIOFFIB58CC,立新段,15.64,非都市：鄉村區 ; 非都市編定：乙種建築用地,,,,13060000
RPUNMLKLJIOFFHB48CC,大明段,24.87,都市：住,,,,02480000
RPPOMLKLJIOFFIB18CC,益民段,31.47,都市：住,,,,07110000
RPUNMLKLJIOFFJB68CC,德興段,90.26,都市：住,,,,04040000
RPROMLKLJIOFFIB38CC,新仁段,22.51,都市：住,,,,00710000
RPWNMLKLJIOFFJB88CC,宜欣段,.00,非都市： ; 非都市編定：,,,,03960000
RPVNMLKLJIOFFDB18CC,豐原段,.00,非都市： ; 非都市編定：,,,,07340039
RPWNMLKLJIOFFCB18CC,順和段,14.74,都市：住,,,,03140000
RPUNMLKLJIOFFCB97CC,大進段,9.18,都市：住,,,,00960000
RPUNMLKLJIOFFCB97CC,大進段,10.49,都市：住,,,,00920000
RPVNMLKLJIOFFJB78CC,平欣段,7.60,都市：商,,,,07130000
RPSOMLKLJIOFFCB87CC,何厝段,.00,非都市： ; 非都市編定：,,,,02600008
RPXNMLKLJIOFFJB98CC,中華段,.00,非都市：鄉村區 ; 非都市編定：乙種建築用地,,,,06170000
RPRNMLKLJIOFFKB48CC,東園段,.00,非都市：鄉村區 ; 非都市編定：乙種建築用地,,,,07850000
RPTNMLKLJIOFFJB68DC,永新段,238.43,都市：工,,,,08610002
RPSNMLLLJIOFFKB68CC,王田段,336.00,非都市：山坡地保育區 ; 非都市編定：丁種建築用地,,,,05290010
RPSNMLLLJIOFFKB68CC,王田段,366.00,非都市：山坡地保育區 ; 非都市編定：丁種建築用地,,,,05290011
RPSPMLLLJIOFFCB08CC,豐業段,.00,都市：住,,,,01990000
RPPPMLLLJIOFFCB77CC,惠民段,14.43,都市：其他:新市政中心專用區,,,,01380000
RPWOMLKLJIOFFCB28CC,國安段,27.34,都市：住,,,,06010000
RPXOMLLLJIOFFCB48CC,中仁段,24.47,都市：住,,,,05550000
RPTPMLLLJIOFFCB18CC,惠來厝段,.00,都市：住,,,,12510005
RPUOMLLLJIOFFCB18CC,惠民段,14.46,都市：其他:新市政中心專用區,,,,01110000
RPOPMLLLJIOFFCB67CC,惠民段,22.29,都市：其他:新市政中心專用區,,,,01390000
RPVOMLLLJIOFFCB28CC,豐業段,.00,都市：住,,,,01990000
RPWOMLLLJIOFFCB38CC,何厝段,17.56,都市：商,,,,00890013
RPSOMLLLJIOFFCB97CC,大新段,5.11,都市：商,,,,04380000
RPQOMLLLJIOFFCB77CC,惠信段,24.75,都市：住,,,,00630000
RPRPMLLLJIOFFIB58CC,吉隆段,28.15,都市：住,,,,00810000
RPRPMLLLJIOFFIB58CC,吉隆段,.14,都市：住,,,,00780000
RPWNMLLLJIOFFIB88CC,光日段,22.05,都市：住,,,,16460000
RPSQMLLLJIOFFCB18CC,中正段,6.24,都市：商,,,,01550000
RPUQMLLLJIOFFBB28CC,北屯段,26.18,都市：住,,,,01590009
RPUQMLLLJIOFFBB28CC,北屯段,71.00,都市：住,,,,01590146
RPUQMLLLJIOFFBB28CC,北屯段,2.39,都市：住,,,,01590424
RPUQMLLLJIOFFBB28CC,北屯段,.06,都市：住,,,,01590425
RPTQMLLLJIOFFBB18CC,錦村段,10.79,都市：住,,,,01050011
RPRQMLLLJIOFFBB97CC,中清段,8.56,都市：商,,,,00060000
RPQQMLLLJIOFFBB87CC,中清段,8.53,都市：商,,,,00060000
RPWPMLLLJIOFFBB38CC,東光段,.00,都市：住,,,,02330000
RPVNMLLLJIOFFAB97CC,麻園頭段,96.00,都市：商,,,,00730115
RPWQMLLLJIOFFBB48CC,陳平段,16.74,都市：住,,,,37520000
RPSOMLLLJIOFFAB77CC,公館段,5.95,都市：商,,,,01580000
RPROMLLLJIOFFAB67CC,後?子段,316.40,都市：商,,,,01020027
RPPNMLLLJIOFFDB67CC,安康段,69.54,都市：住,,,,02170000
RPPOMLMLJIOFFIB38CC,新榮泉段,38.61,都市：住,,,,01650000
RPWOMLLLJIOFFAB18CC,大益段,14.22,都市：住,,,,04270000
RPTOMLLLJIOFFAB87CC,公館段,14.96,都市：商,,,,01580100
RPSNMLMLJIOFFCB97CC,惠民段,15.99,都市：其他:新市政中心專用區,,,,01390000
RPVNMLMLJIOFFCB28CC,惠民段,14.34,都市：其他:新市政中心專用區,,,,01390000
RPWOMLMLJIOFFCB48CC,大新段,28.13,都市：住,,,,02130000
RPTNMLMLJIOFFCB08CC,惠民段,14.43,都市：其他:新市政中心專用區,,,,01380000
RPURMLLLJIOFFBB38CC,仁德段,24.95,都市：住,,,,01250016
RPORMLLLJIOFFBB77CC,東峰段,9.24,都市：商,,,,01580000
RPXQMLLLJIOFFBB58CC,賴厝?段,4.71,都市：商,,,,00310003
RPXQMLLLJIOFFBB58CC,邱厝子段,3.78,都市：商,,,,00310062
RPTNMLMLJIOFFAB97DC,下橋子頭段,.00,非都市： ; 非都市編定：,,,,01780026
RPVNMLMLJIOFFAB28EC,福壽段一小段,35.00,都市：商,,,,00040000
RPVQMLMLJIOFFCB58CC,田心段,.00,都市：住,,,,07290000
RPQQMLMLJIOFFCB08CC,福星段,936.00,都市：住,,,,02060000
RPOQMLMLJIOFFCB87CC,福星段,484.92,都市：住,,,,01990000
RPUNMLNLJIOFFCB28CC,寶山段,.00,非都市： ; 非都市編定：,,,,12440023
RPWNMLPLJIOFFIB66CC,東湖段,.00,都市：住,,,,09640000
RPVNMLNLJIOFFCB38CC,寶山段,.00,非都市： ; 非都市編定：,,,,12440023
RPTOMLPLJIOFFBB38CC,中興段,5.08,都市：住,,,,03820000
RPRNMLNLJIOFFBB87CC,邱厝子段,53.00,都市：住,,,,00340032
RPROMLPLJIOFFCB28CC,安林段,.00,都市：住,,,,07070000
RPRNMLNLJIOFFBB87CC,邱厝子段,53.00,都市：住,,,,00340033
RPQNMLPLJIOFFJB78CC,德興段,131.02,都市：住,,,,00090000
RPQNMLPLJIOFFJB78CC,德興段,5.30,都市：住,,,,00080000
RPUNMLOLJIOFFCB38CC,黎明段,57.00,都市：住,,,,19340000
RPWNMLPLJIOFFDB78CC,翁明段,3350.91,都市：住,,,,02220000
RPVOMLPLJIOFFBB58CC,錦村段,758.00,都市：住,,,,02130074
RPUOMLPLJIOFFAB38CC,麻園頭段,.00,都市：商,,,,00730199
RPSNMLPLJIOFFIB98DC,新光段,77.64,都市：商,,,,08910000
RPXNMLPLJIOFFAB58CC,土庫段,181.00,都市：住,,,,00590038
RPQNMLPLJIOFFBB08DC,東峰段,139.40,都市：住,,,,01680000
RPRPMLPLJIOFFCB48DC,中和段,26.19,都市：商,,,,01560000
RPRPMLPLJIOFFCB48DC,中和段,26.19,都市：商,,,,01560000
RPOPMLQLJIOFFBB18DC,竹興段,723.18,都市：住,,,,02350000
RPRNMLQLJIOFFFB68DC,梧棲段,89.00,都市：住,,,,35690006
RPQPMLQLJIOFFBB38DC,太順段,21.70,都市：住,,,,00480000
RPWNMLQLJIOFFKB17EC,新東段,13.32,非都市：鄉村區 ; 非都市編定：乙種建築用地,,,,04890000
RPROMLPLJIOFFAB08CC,重慶段二小段,9.40,都市：商,,,,00020000
RPROMLPLJIOFFAB08CC,重慶段二小段,1.09,都市：商,,,,00020001
RPVQMLQLJIOFFAB78CC,尚武段,.00,都市：住,,,,06060002
RPSNMLQLJIOFFAB18CC,半平厝段,4.45,都市：住,,,,13720000
RPSNMLQLJIOFFAB18CC,半平厝段,7.46,都市：住,,,,13760000
RPUQMLQLJIOFFBB78CC,乾溝子段,14.24,都市：住,,,,01700049
RPUQMLQLJIOFFBB78CC,乾溝子段,.41,都市：住,,,,01730011
RPUOMLQLJIOFFCB78DC,大新段,11.98,都市：商,,,,08500000
RPVOMLQLJIOFFCB78CC,信安段,.00,都市：住,,,,05930002
RPVQMLQLJIOFFBB88CC,乾溝子段,14.24,都市：住,,,,01700049
RPVQMLQLJIOFFBB88CC,乾溝子段,.41,都市：住,,,,01730011
RPXNMLQLJIOFFCB88CC,惠民段,.00,都市：商,,,,01110000
RPOPMLQLJIOFFCB18CC,西屯段,.00,都市：住,,,,23100000
RPPPMLRLJIOFFCB38CC,福安段,1249.00,都市：住,,,,00080001
RPXNMLRLJIOFFCB98CC,惠順段,17.76,都市：商,,,,00170000
RPXOMLQLJIOFFCB98CC,楓樹段,.00,都市：住,,,,08220000
RPRQMLQLJIOFFCB58CC,廣順段,115.20,都市：農,,,,04550199
RPSNMLRLJIOFFIB09CC,新榮泉段,20.57,都市：住,,,,00160000
RPUOMLRLJIOFFBB68CC,中興段,9.46,都市：住,,,,05300000
RPRNMLRLJIOFFHB98DC,家興段,111.24,都市：住,,,,07180000
RPRPMLRLJIOFFBB48CC,乾溝子段,62.00,都市：住,,,,00900237
RPTQMLRLJIOFFBB78CC,崇德段,132.48,都市：商,,,,03610000
RPTQMLRLJIOFFBB78CC,崇德段,102.21,都市：商,,,,03620000
RPTQMLRLJIOFFBB78CC,崇德段,392.86,都市：商,,,,03630000
RPTQMLRLJIOFFBB78CC,崇德段,100.46,都市：商,,,,03640000
RPTQMLRLJIOFFBB78CC,崇德段,362.39,都市：商,,,,03650000
RPOOMLSLJIOFFAB18DC,麻園頭段,.00,非都市： ; 非都市編定：,,,,00730046
RPQOMLSLJIOFFFB78CC,梧棲段,195.00,都市：住,,,,00810016
RPOOMLTLJIOFFIB98CC,光日段,48.93,都市：住,,,,03930000
RPWNMLTLJIOFFCB09CC,下石碑段,72.00,都市：住,,,,05260000
RPXPMLTLJIOFFFB07CC,市鎮北段,18.46,都市：商,,,,02730000
RPRNMLTLJIOFFBB48CC,南興段,2333.73,都市：住,,,,00020000
RPWNMLTLJIOFFBB98CC,仁美段,11.50,都市：商,,,,17640000
RPWNMLTLJIOFFBB98CC,仁美段,5.34,都市：商,,,,17650000
RPWNMLTLJIOFFBB98CC,仁美段,6.07,都市：商,,,,17660000
RPQOMLQLJIOFFHB78CC,上楓段,62.00,都市：住,,,,12580000
RPQOMLQLJIOFFHB78CC,上楓段,8.00,都市：住,,,,12590000
RPPNMLRLJIOFFHB68CC,三和段,17.55,都市：住,,,,09890009
RPPNMLRLJIOFFHB68CC,三和段,1.10,都市：住,,,,09430010
RPOQMLTLJIOFFBB48CC,平田段,7.15,都市：住,,,,08810000
RPQNMLRLJIOFFHB78CC,大明段,26.69,都市：住,,,,02380000
RPSNMLLLJIOFFHB38CC,雅潭段,17.86,都市：商,,,,02440000
RPSNMLLLJIOFFHB38CC,雅潭段,89.44,都市：商,,,,02430000
RPTNMLLLJIOFFHB48CC,甘潭段,13.66,都市：住,,,,04700000
RPPQMLTLJIOFFBB58CC,仁美段,75.00,都市：住,,,,07110000
RPPOMLTLJIOFFAB48EC,大益段,12.23,都市：住,,,,02470000
RPPOMLTLJIOFFAB48EC,大益段,9.40,都市：住,,,,02470001
RPPOMLTLJIOFFAB48EC,大益段,4.41,都市：住,,,,02470002
RPPNMLKMJIOFFBB47CC,大豐段,270.56,都市：住,,,,03150000
RPRNMLKMJIOFFCB77CC,三塊厝段,70.00,都市：住,,,,10370027
RPQNMLMJKIOFFCB67CC,安和段,1291.00,都市：工,,,,00040001
RPVOMLTLJIOFFCB56DC,田心段,.00,非都市： ; 非都市編定：,,,,11950012
RPTNMLKMJIOFFCB97CC,黎明段,22.44,都市：住,,,,00310000
RPUNMLMJKIOFFFB38CC,六福段,.00,非都市： ; 非都市編定：,,,,00340000
RPUNMLMJKIOFFIB68CC,新榮泉段,22.96,都市：住,,,,01650000
RPVNMLMJKIOFFBB08CC,中清段,.00,非都市： ; 非都市編定：,,,,02800000
RPSNMLMJKIOFFBB77CC,松竹段,.00,非都市： ; 非都市編定：,,,,10790051
RPXOMLNJKIOFFBB58DC,長安段,21.15,都市：住,,,,07590000
RPRNMLMJKIOFFHB28CC,自強段,36.00,非都市：特定農業區 ; 非都市編定：甲種建築用地,,,,07100006
RPPPMLNJKIOFFBB87DC,中興段,7.77,都市：住,,,,05300000
RPQNMLMJKIOFFKB48CC,東園段,.00,非都市：鄉村區 ; 非都市編定：乙種建築用地,,,,04560000
RPPNMLNJKIOFFDB87DC,鐮村段,991.73,非都市：特定農業區 ; 非都市編定：農牧用地,,,,01320001
RPUPMLNJKIOFFCB48DC,大新段,.00,都市：商,,,,03560001
RPWPMLNJKIOFFBB48CC,東峰段,12.47,都市：住,,,,01580000
RPVPMLNJKIOFFBB38CC,東峰段,5.83,都市：住,,,,01580000
RPOQMLMJKIOFFBB67CC,賴厝?段,3.56,都市：商,,,,00310003
RPOQMLMJKIOFFBB67CC,邱厝子段,2.86,都市：商,,,,00310062
RPUPMLNJKIOFFBB28CC,東峰段,6.84,都市：住,,,,01580000
RPVNMLNJKIOFFDB38CC,翁明段,14.07,都市：住,,,,02220000
RPQOMLNJKIOFFJB58CC,新興段,16.49,都市：住,,,,00230000
RPSNMLNJKIOFFDB08CC,市政段,22.42,都市：住,,,,01210000
RPVQMLNJKIOFFCB58CC,中正段,6.36,都市：商,,,,01550000
RPRPMLOJKIOFFCB18CC,上石碑段,3720.00,都市：住,,,,17890000
RPQPMLOJKIOFFCB08CC,信安段,166.28,都市：住,,,,01310000
RPUOMLOJKIOFFCB38CC,福安段,.00,都市：住,,,,08080000
RPVPMLOJKIOFFCB58CC,大新段,6.60,都市：商,,,,04380000
RPRQMLOJKIOFFCB28CC,田心段,17.56,都市：住,,,,14460000
RPWNMLOJKIOFFJB56CC,新光段,20.76,都市：住,,,,09810000
RPXNMLOJKIOFFJB66CC,平欣段,14.04,都市：住,,,,06780000
RPUOMLOJKIOFFFB68CC,犁份東段,38.57,都市：農,,,,03220000
RPRNMLOJKIOFFFB28CC,市鎮北段,12.44,都市：商,,,,02380000
RPVOMLOJKIOFFFB78CC,市鎮北段,15.50,都市：商,,,,02380000
RPWQMLNJKIOFFBB58CC,水源段,25.65,都市：住,,,,00030019
RPXNMLSLJIOFFAB88CC,後?子段,.00,都市：住,,,,01780024
RPSOMLOJKIOFFAB97CC,樹子腳段,63.00,都市：住,,,,06780121
RPSNMLNJKIOFFAB77CC,樹子腳段,4.63,都市：住,,,,00390000
RPTQMLNJKIOFFBB28CC,乾溝子段,24.26,都市：住,,,,01700049
RPTQMLNJKIOFFBB28CC,乾溝子段,.69,都市：住,,,,01730011
RPWOMLNJKIOFFAB28CC,復興段一小段,77.00,都市：商,,,,00150008
RPWOMLNJKIOFFAB28CC,復興段一小段,6.00,都市：商,,,,00150054
RPWOMLNJKIOFFAB28CC,復興段一小段,35.00,都市：商,,,,00150027
RPPQMLNJKIOFFBB87CC,乾溝子段,13.89,都市：住,,,,01700049
RPPQMLNJKIOFFBB87CC,乾溝子段,.40,都市：住,,,,01730011
RPUOMLTLJIOFFAB78CC,頂橋子頭段,62.19,都市：住,,,,05060001
RPTOMLOJKIOFFAB08CC,麻園頭段,22.50,都市：住,,,,02390003
RPROMLOJKIOFFAB87CC,麻園頭段,73.00,都市：住,,,,00090039
RPWOMLOJKIOFFAB38CC,下橋子頭段,13.77,都市：住,,,,01790003
RPXPMLOJKIOFFAB58CC,頂橋子頭段,19.00,都市：住,,,,04360010
RPXPMLOJKIOFFAB58CC,頂橋子頭段,17.00,都市：住,,,,04370135
RPQPMLOJKIOFFAB87CC,下橋子頭段,.00,都市：住,,,,00950003
RPQPMLOJKIOFFAB87CC,下橋子頭段,.00,都市：商,,,,00950004
RPWNMLOJKIOFFBB38CC,東義段,3.70,都市：住,,,,01550002
RPXOMLOJKIOFFAB48CC,城隍段五小段,57.00,都市：住,,,,00060021
RPRPMLOJKIOFFAB97CC,正義段九小段,.00,都市：商,,,,00090000
RPTPMLOJKIOFFAB18CC,頂橋子頭段,11.58,都市：住,,,,00880118
RPUPMLOJKIOFFAB28CC,後?子段,33.53,都市：住,,,,01630033
RPXNMLOJKIOFFBB48CC,東光段,1119.00,都市：商,,,,02010002
RPRPMLOJKIOFFBB08CC,賴厝?段,.00,都市：住,,,,02010125
RPPSMLOJKIOFFBB18CC,東義段,3.70,都市：住,,,,01550002
RPTNMLPJKIOFFBB18CC,陳平段,52.00,都市：住,,,,18510048
RPSNMLPJKIOFFBB08CC,松竹段,33.63,都市：住,,,,02820000
RPUNMLPJKIOFFAB18CC,仁愛段二小段,7.00,都市：商,,,,00050000
RPUNMLPJKIOFFAB18CC,仁愛段二小段,3.00,都市：商,,,,00050002
RPUNMLPJKIOFFBB28CC,錦村段,25.20,都市：住,,,,02130051
RPTNMLPJKIOFFAB08CC,後?子段,14.77,都市：住,,,,03250021
RPTNMLPJKIOFFAB08CC,後?子段,14.77,都市：住,,,,03250022
RPSNMLPJKIOFFKB98CC,新庄段,20.65,非都市：鄉村區 ; 非都市編定：乙種建築用地,,,,05470000
RPPOMLPJKIOFFIB68DC,大忠段,766.13,都市：住,,,,00540000
RPXNMLQJKIOFFCB78CC,上石碑段,.00,都市：住,,,,01520000
RPOPMLQJKIOFFCB08CC,惠安段,20.45,都市：商,,,,01680000
RPQPMLQJKIOFFCB28CC,豐富段,110.89,都市：住,,,,04620000
RPVPMLQJKIOFFCB88DC,豐功段,.00,非都市： ; 非都市編定：,,,,01310000
RPVQMLQJKIOFFCB88CC,大新段,10.46,都市：商,,,,08530000
RPORMLQJKIOFFCB28CC,西屯段,.00,都市：住,,,,22100004
RPWQMLQJKIOFFCB98CC,大新段,10.46,都市：商,,,,08530000
RPPOMLQJKIOFFAB87CC,後?子段,381.00,都市：住,,,,02100000
RPPOMLQJKIOFFAB87CC,後?子段,5.00,都市：住,,,,02100443
RPPOMLQJKIOFFAB87CC,後?子段,367.00,都市：住,,,,01930006
RPVOMLQJKIOFFAB48CC,麻園頭段,21.58,都市：商,,,,00220000
RPOQMLTJKIOFFBB38CC,賴厝?段,.21,都市：商,,,,00310003
RPOQMLTJKIOFFBB38CC,邱厝子段,.17,都市：商,,,,00310062
RPRNMLRJKIOFFBB18CC,賴厝?段,.00,都市：住,,,,00710000
RPQQMLTJKIOFFBB58CC,東峰段,5.83,都市：商,,,,01580000
RPXNMLTJKIOFFBB98CC,太和段,19.98,都市：住,,,,00620000
RPPQMLTJKIOFFBB48CC,賴厝?段,.14,都市：商,,,,00310003
RPPQMLTJKIOFFBB48CC,邱厝子段,.11,都市：商,,,,00310062
RPVPMLTJKIOFFBB98CC,賴厝?段,.00,都市：住,,,,00710000
RPVNMLPJKIOFFBB38CC,建業段,20.33,都市：住,,,,02960000
RPXNMLPJKIOFFBB58CC,松觀段,17.86,都市：住,,,,03090000
RPXNMLPJKIOFFBB58CC,松觀段,.06,都市：住,,,,03090023
RPQPMLTJKIOFFCB58CC,國安段,37.05,都市：住,,,,06170000
RPXPMLTJKIOFFCB66CC,惠國段,52.41,都市：住,,,,00670000
RPWQMLTJKIOFFAB09CC,大益段,.00,都市：住,,,,09840000
RPROMLTJKIOFFCB58CC,惠智段,13.49,都市：住,,,,01550000
RPSPMLTJKIOFFIB76CC,光日段,6608.34,都市：住,,,,01530000
RPSPMLTJKIOFFIB76CC,光日段,4786.59,都市：住,,,,01530002
RPUSMLTJKIOFFCB66CC,大新段,.00,都市：住,,,,00700000
RPUSMLTJKIOFFCB66CC,大新段,.00,都市：住,,,,00710000
RPOSMLTJKIOFFCB68CC,中正段,6.28,都市：商,,,,01550000
RPVNMLKKKIOFFFB38CC,市鎮北段,13.09,都市：商,,,,02730000
RPXQMLKKKIOFFCB58CC,惠民段,13.47,都市：其他:新市政中心專用區,,,,00110000
RPXNMLKKKIOFFCB28CC,福安段,16.04,都市：住,,,,01460002
RPVPMLKKKIOFFAB08CC,下橋子頭段,1.83,都市：商,,,,02170014
RPVOMLKKKIOFFAB97CC,後?子段,1.99,都市：住,,,,01890011
RPWPMLKKKIOFFAB18CC,麻園頭段,.00,非都市： ; 非都市編定：,,,,01740134
RPVOMLLKKIOFFBB18CC,邱厝子段,16.54,都市：住,,,,00200000
RPUPMLLKKIOFFCB28CC,惠泰段,.94,都市：住,,,,03190004
RPUPMLLKKIOFFCB28CC,惠泰段,.94,都市：住,,,,03200003
RPUPMLLKKIOFFCB28CC,惠泰段,16.24,都市：住,,,,03210000
RPUPMLLKKIOFFCB28CC,惠泰段,78.65,都市：住,,,,03210006
RPPQMLLKKIOFFCB87CC,何安段,4.89,都市：住,,,,09730000
RPVQMLLKKIOFFCB48CC,下石碑段,75.00,都市：工,,,,22460034
RPQNMLLKKIOFFKB48CC,新庄段,20.64,非都市：鄉村區 ; 非都市編定：乙種建築用地,,,,05470000
RPPOMLLKKIOFFIB28CC,烏日段,42.50,都市：住,,,,07030148
RPPOMLLKKIOFFIB28CC,烏日段,8.57,都市：住,,,,07030149
RPTOMLMKKIOFFIB78CC,新榮和段,3.97,都市：住,,,,00290000
RPQOMLLKKIOFFIB38CC,烏日段,42.50,都市：住,,,,07030148
RPQOMLLKKIOFFIB38CC,烏日段,8.57,都市：住,,,,07030149
RPQNMLKKKIOFFJB28CC,福平段,320.00,都市：住,,,,07390002
RPUNMLMKKIOFFCB18CC,順安段,20.54,都市：住,,,,06950000
RPWNMLMKKIOFFBB28CC,邱厝子段,30.00,都市：商,,,,00310011
RPWNMLMKKIOFFBB28CC,邱厝子段,6.00,都市：商,,,,00310012
RPXQMLMKKIOFFBB68CC,賴厝?段,3.19,都市：商,,,,00310003
RPXQMLMKKIOFFBB68CC,邱厝子段,2.56,都市：商,,,,00310062
RPPRMLMKKIOFFBB97CC,賴厝?段,2.96,都市：商,,,,00310003
RPPRMLMKKIOFFBB97CC,邱厝子段,2.38,都市：商,,,,00310062
RPRRMLMKKIOFFBB18CC,賴厝?段,3.42,都市：商,,,,00310003
RPRRMLMKKIOFFBB18CC,邱厝子段,2.75,都市：商,,,,00310062
RPOPMLMKKIOFFAB57CC,下橋子頭段,2.45,都市：商,,,,02000255
RPVPMLMKKIOFFAB28CC,麻園頭段,5.61,都市：住,,,,00730046
RPROMLNKKIOFFAB87CC,麻園頭段,19.41,都市：住,,,,00110014
RPTNMLNKKIOFFAB97CC,麻園頭段,4.95,都市：住,,,,00730046
RPSOMLNKKIOFFAB97CC,後?子段,4.41,都市：住,,,,02100010
RPVQMLTJKIOFFBB09CC,東峰段,11.13,都市：商,,,,01580000
RPSQMLTJKIOFFBB78CC,東峰段,12.47,都市：商,,,,01580000
RPRQMLTJKIOFFBB68CC,東峰段,6.84,都市：商,,,,01580000
RPTQMLTJKIOFFBB88CC,東峰段,12.47,都市：商,,,,01580000
RPTOMLNKKIOFFAB08CC,麻園頭段,46.74,都市：住,,,,08530000
RPWNMLNKKIOFFFB78CC,市鎮北段,19.01,都市：商,,,,02010000
RPOOMLNKKIOFFIB38CC,新榮和段,3.97,都市：住,,,,00290000
RPQPMLNKKIOFFCB18DC,豐功段,.00,非都市： ; 非都市編定：,,,,01310000
RPVPMLNKKIOFFDB68CC,豐原段,.00,都市：商,,,,06440020
RPPOMLMKKIOFFDB87CC,安康段,16.28,都市：住,,,,09560000
RPOOMLMKKIOFFDB77CC,豐原段,4.94,都市：商,,,,01950001
RPRPMLQKKIOFFBB38CC,水源段,.00,都市：商,,,,02300146
RPROMLQKKIOFFBB28CC,東信段,8.00,都市：商,,,,02580000
RPTPMLQKKIOFFBB58CC,水源段,.00,都市：商,,,,02300146
RPSOMLOKKIOFFBB18CC,東山段,2450.00,都市：住,,,,00500000
RPSRMLMKKIOFFBB28CC,中清段,8.56,都市：商,,,,00060000
RPUOMLQKKIOFFBB58CC,水源段,.00,都市：商,,,,02300146
RPTNMLQKKIOFFAB28CC,尚武段,15.41,都市：住,,,,02980000
RPTNMLQKKIOFFAB28CC,尚武段,14.58,都市：住,,,,02980003
RPTOMLQKKIOFFAB38CC,公館段,13.01,都市：住,,,,01580337
RPWNMLQKKIOFFAB58CC,半平厝段,15.20,都市：住,,,,19990000
RPXNMLQKKIOFFAB68CC,柳川段一小段,.36,都市：商,,,,00040006
RPXNMLQKKIOFFAB68CC,柳川段一小段,1.57,都市：商,,,,00040006
RPUPMLQKKIOFFAB58CC,旱新段,14.93,都市：商,,,,00760001
RPWPMLQKKIOFFAB78CC,公館段,17.00,都市：住,,,,01510051
RPXPMLQKKIOFFAB88CC,麻園頭段,17.03,都市：住,,,,04750000
RPXPMLQKKIOFFAB88CC,麻園頭段,14.65,都市：住,,,,04760000
RPROMLQKKIOFFFB68CC,市鎮北段,11.00,都市：商,,,,00390000
RPXNMLQKKIOFFIB86CC,新榮泉段,26.26,都市：住,,,,01320001
RPROMLQKKIOFFJB09CC,大源段,82.00,非都市：鄉村區 ; 非都市編定：乙種建築用地,,,,00210000
RPQPMLQKKIOFFIB98CC,長春段,15.38,都市：其他:市場用地,,,,01240000
RPWNMLQKKIOFFHB66CC,大新段,7.36,都市：住,,,,06880000
RPWPMLQKKIOFFCB98CC,何厝段,22.82,都市：住,,,,02610079
RPWNMLQKKIOFFCB78CC,寶山段,15.67,都市：住,,,,06470000
RPVOMLNKKIOFFCB48CC,福安段,20.23,都市：住,,,,00080001
RPSNMLNKKIOFFCB08CC,惠國段,.00,都市：其他:第六種新市政中心專用區,,,,00990000
RPSNMLNKKIOFFCB08CC,惠國段,.00,都市：其他:第六種新市政中心專用區,,,,01000000
RPQQMLNKKIOFFCB18CC,惠國段,20.92,都市：其他:新市政中心專用區,,,,01840000
RPSQMLNKKIOFFCB38CC,中和段,12.32,都市：住,,,,01560000
RPPOMLQKKIOFFAB08DC,大益段,370.00,都市：住,,,,01090003
RPTOMLRKKIOFFBB68DC,平田段,21.87,都市：住,,,,03850000
RPWNMLQKKIOFFKB96CC,新東段,.00,非都市：一般農業區 ; 非都市編定：丙種建築用地,,,,09670000
RPWNMLQKKIOFFKB96CC,新東段,.00,非都市：一般農業區 ; 非都市編定：丙種建築用地,,,,10820000
RPWNMLQKKIOFFKB96CC,新東段,.00,非都市：一般農業區 ; 非都市編定：丙種建築用地,,,,09960000
RPSNMLRKKIOFFCB48CC,福安段,.00,都市：住,,,,08160000
RPRNMLRKKIOFFCB38CC,下石碑段,.00,都市：住,,,,09530000
RPWUMLRKKIOFFCB96CC,大墩段,28.38,都市：住,,,,00550000
RPPVMLRKKIOFFCB98CC,大新段,16.31,都市：商,,,,03350000
RPPOMLRKKIOFFJB98CC,長億段,22.99,都市：住,,,,09650000
RPPPMLRKKIOFFCB38CC,中和段,.00,都市：住,,,,05080007
RPUOMLRKKIOFFBB78DC,松觀段,18.44,都市：住,,,,08140000
RPUNMLRKKIOFFAB48CC,下橋子頭段,.00,都市：住,,,,02310001
RPVQMLRKKIOFFBB98CC,平田段,18.39,都市：住,,,,05860000
RPWOMLRKKIOFFBB88CC,平田段,26.11,都市：住,,,,04710000
RPSQMLQKKIOFFBB58CC,錦村段,10.15,都市：住,,,,00770000
RPTQMLQKKIOFFBB68CC,東山段,1.77,都市：商,,,,02620000
RPVNMLSKKIOFFCB88CC,西屯段,6.00,都市：住,,,,22950000
RPTOMLRKKIOFFDB78CC,豐原段,4.82,都市：商,,,,06440020
RPTOMLRKKIOFFDB78CC,豐原段,1.02,都市：商,,,,06440051
RPTOMLRKKIOFFDB78CC,豐原段,.49,都市：商,,,,06440056
RPTNMLSKKIOFFCB78DC,永春段,2102.50,都市：住,,,,02830000
RPTOMLSKKIOFFIB86DC,益民段,28.59,都市：住,,,,00030020
RPTOMLSKKIOFFIB86DC,益民段,512.40,都市：住,,,,00200000
RPROMLTKKIOFFDB78CC,北陽段,294.00,都市：住,,,,00610000
RPTNMLTKKIOFFBB68CC,東山段,1.96,都市：商,,,,02210000
RPQOMLTKKIOFFFB88CC,中興段,8.75,都市：商,,,,05320002
RPQOMLTKKIOFFFB88CC,中興段,86.00,都市：商,,,,05360008
RPUOMLTKKIOFFBB88CC,東新段,4.17,都市：商,,,,01530000
RPTOMLSKKIOFFAB58CC,樹子腳段,8.31,都市：商,,,,07410000
RPRPMLKLKIOFFBB87CC,東山段,5.63,都市：商,,,,02560000
RPQPMLSKKIOFFAB38CC,下橋子頭段,.00,都市：商,,,,01340004
RPTNMLSKKIOFFAB48CC,公館段,1.26,都市：商,,,,00630001
RPTNMLSKKIOFFAB48CC,公館段,1.46,都市：商,,,,00620001
RPVOMLRKKIOFFAB68CC,樹子腳段,12.30,都市：住,,,,15700000
RPVOMLRKKIOFFAB68CC,樹子腳段,.02,都市：住,,,,15700004
RPSPMLSKKIOFFAB58CC,麻園頭段,5.64,都市：商,,,,06630000
RPSSMLKLKIOFFBB28CC,賴厝?段,2.22,都市：住,,,,00490050
RPSSMLKLKIOFFBB28CC,賴厝?段,2.61,都市：住,,,,04460000
RPVNMLRKKIOFFAB58CC,下橋子頭段,1.83,都市：商,,,,02170014
RPWSMLKLKIOFFBB68CC,軍福段,18.39,都市：商,,,,00150000
RPUPMLKLKIOFFAB08CC,大益段,19.26,都市：住,,,,08250000
RPVPMLKLKIOFFAB18CC,樹子腳段,7.61,都市：住,,,,12970000
RPWPMLKLKIOFFAB28CC,中墩段一小段,4.81,都市：商,,,,00640000
RPQOMLKLKIOFFHB28CC,大新段,15.84,都市：住,,,,04260000
RPOOMLKLKIOFFJB28CC,新福段,81.68,都市：住,,,,07670000
RPPPMLKLKIOFFAB57CC,樹子腳段,2.93,都市：住,,,,16490002
RPPPMLKLKIOFFAB57CC,樹子腳段,1.51,都市：住,,,,16490003
RPPPMLKLKIOFFAB57CC,樹子腳段,.41,都市：住,,,,16490004
RPORMLKLKIOFFIB48CC,大峰段,17.05,都市：住,,,,07390000
RPRPMLSKKIOFFCB68CC,西屯段,3694.00,都市：住,,,,23100000
RPQPMLKLKIOFFCB87CC,惠智段,597.26,都市：住,,,,00220000
RPUOMLKLKIOFFCB18CC,上石碑段,9.31,都市：住,,,,09350002
RPSPMLSKKIOFFCB78CC,惠信段,16.81,都市：住,,,,00550000
RPSPMLKLKIOFFCB08CC,福德段,337.76,都市：住,,,,00610000
RPVOMLKLKIOFFCB28CC,順和段,15.83,都市：住,,,,01340000
RPOPMLKLKIOFFBB67DC,東峰段,66.00,都市：住,,,,01870000
RPPPMLKLKIOFFBB77DC,東峰段,123.00,都市：住,,,,01870000
RPPPMLKLKIOFFBB77DC,東峰段,416.00,都市：住,,,,01880000
RPSQMLKLKIOFFCB18CC,廣昌段,14.47,都市：住,,,,04020000
RPVNMLLLKIOFFCB28CC,民安段,17.25,都市：住,,,,06010000
RPUQMLKLKIOFFCB38CC,中和段,8.30,都市：住,,,,04120000
RPUNMLLLKIOFFCB18CC,西屯段,26.04,都市：住,,,,19140000
RPWQMLKLKIOFFCB58CC,西屯段,3.19,都市：商,,,,09320000
RPTNMLLLKIOFFCB08CC,福安段,21.34,都市：住,,,,07680003
RPVQMLKLKIOFFCB48CC,廣明段,5.74,都市：住,,,,06750000
RPXNMLLLKIOFFCB48CC,大新段,11.33,都市：商,,,,03350000
RPXQMLKLKIOFFCB68CC,寶山段,82.00,都市：住,,,,08890005
RPOOMLLLKIOFFCB67CC,大墩段,6.67,都市：住,,,,04700000
RPRNMLLLKIOFFIB48CC,天時段,18.14,都市：住,,,,01040000
RPQOMLLLKIOFFIB48CC,四德段,25.96,非都市：鄉村區 ; 非都市編定：乙種建築用地,,,,07940000
RPQNMLLLKIOFFIB38CC,福興段,1.31,都市：住,,,,00390000
RPROMLLLKIOFFIB58CC,新義段,.00,都市：商,,,,00390000
RPSNMLLLKIOFFAB77CC,正義段九小段,.97,都市：住,,,,00110025
RPPNMLLLKIOFFJB38CC,新坪段,28.38,都市：住,,,,00020000
RPRNMLLLKIOFFJB58CC,東平段,26.25,都市：住,,,,13530000
RPSNMLLLKIOFFBB87CC,軍福段,15.95,都市：商,,,,01200000
RPVNMLLLKIOFFBB18CC,松竹段,24.99,都市：住,,,,12290000
RPUNMLLLKIOFFBB08CC,錦村段,35.50,都市：住,,,,03160022
RPUNMLLLKIOFFBB08CC,錦村段,3.75,都市：住,,,,03160044
RPUNMLLLKIOFFBB08CC,錦村段,3.00,都市：住,,,,03170076
RPTNMLLLKIOFFBB97CC,賴厝?段,4.37,都市：住,,,,02010125
RPPOMLLLKIOFFBB67CC,北屯段,6.94,都市：住,,,,01440004
RPWNMLNLKIOFFBB48CC,錦村段,.00,都市：商,,,,01850000
RPSQMLNLKIOFFBB38CC,景美段,132.23,都市：住,,,,02750000
RPSQMLNLKIOFFBB38CC,景美段,.00,都市：住,,,,02760000
RPQNMLNLKIOFFJB68CC,麗園段,91.61,非都市：鄉村區 ; 非都市編定：乙種建築用地,,,,03590000
RPSOMLNLKIOFFDB38CC,豐圳段,25.94,都市：住,,,,11140000
RPXOMLNLKIOFFIB76CC,新仁段,.00,都市：住,,,,08850008
RPQOMLLLKIOFFCB87CC,上石碑段,5.53,都市：商,,,,26810000
RPROMLLLKIOFFCB97CC,何厝段,16.65,都市：住,,,,02810016
RPQNMLOLKIOFFIB78DC,國中段,310.69,都市：工,,,,02270000
RPROMLLLKIOFFAB77CC,樹子腳段,37.71,都市：住,,,,12620000
RPTNMLLLKIOFFAB87CC,頂橋子頭段,79.00,都市：住,,,,04350337
RPTNMLLLKIOFFAB87CC,頂橋子頭段,7.00,都市：住,,,,04350061
RPOOMLLLKIOFFAB47CC,平等段二小段,4.74,都市：商,,,,00080000
RPROMLOLKIOFFIB88CC,中山段,53.08,都市：住,,,,05860000
RPVOMLOLKIOFFIB66CC,大元段,30.93,都市：住,,,,06630000
RPPPMLOLKIOFFCB18CC,大進段,16.77,都市：住,,,,06760008
RPWRMLOLKIOFFCB09CC,何安段,.00,都市：住,,,,03710000
RPPOMLOLKIOFFBB97CC,乾溝子段,35.12,都市：住,,,,01800000
RPXOMLOLKIOFFBB78CC,水源段,32.17,都市：住,,,,02670018
RPXOMLOLKIOFFBB78CC,水源段,4.16,都市：住,,,,02670017
RPWOMLNLKIOFFAB48CC,下橋子頭段,1.72,都市：商,,,,02170014
RPSNMLOLKIOFFAB08CC,麻園頭段,166.00,都市：商,,,,00430007
RPROMLOLKIOFFAB08CC,麻園頭段,7.13,都市：商,,,,00160029
RPWNMLNLKIOFFAB38CC,旱溪段,.00,都市：住,,,,02270008
RPPPMLOLKIOFFBB08CC,水源段,4.15,都市：住,,,,02670017
RPPPMLOLKIOFFBB08CC,水源段,32.09,都市：住,,,,02670018
RPXNMLNLKIOFFHB56CC,自立段,13.62,都市：農,,,,26930004
RPQNMLOLKIOFFHB58CC,嘉豐段,75.12,都市：住,,,,09700000
RPTQMLPLKIOFFBB68CC,賴厝?段,15.30,都市：住,,,,00280049
RPTPMLPLKIOFFCB68CC,豐業段,.00,都市：住,,,,01990000
RPUQMLPLKIOFFCB88CC,保安段,14.09,都市：住,,,,10500000
RPVQMLPLKIOFFCB98CC,上石碑段,6.64,都市：住,,,,13080001
RPXQMLPLKIOFFCB56CC,下石碑段,28.28,都市：住,,,,16660000
RPORMLPLKIOFFCB38CC,上石碑段,6.64,都市：住,,,,13080001
RPQOMLPLKIOFFIB88CC,中興段,27.00,都市：住,,,,00810000
RPTPMLPLKIOFFIB66CC,東榮段,3.58,都市：住,,,,04020000
RPPPMLPLKIOFFIB88CC,重建段,46.00,都市：住,,,,07100000
RPPPMLPLKIOFFIB88CC,重建段,108.00,都市：住,,,,07100026
RPTOMLPLKIOFFAB58EC,麻園頭段,12.53,都市：住,,,,01320000
RPRNMLKLKIOFFKB58CC,東海段,26.54,都市：住,,,,00750000
RPSNMLNLKIOFFKB98CC,永順段,661.15,非都市：一般農業區 ; 非都市編定：農牧用地,,,,01960000
RPUNMLQLKIOFFIB66CC,涼傘樹段,15.02,都市：住,,,,00830000
RPSNMLQLKIOFFJB56CC,新光段,8.00,都市：住,,,,00720000
RPSNMLQLKIOFFJB56CC,新光段,.21,都市：住,,,,00720001
RPSNMLQLKIOFFJB56CC,新光段,173.63,都市：住,,,,00740000
RPSNMLQLKIOFFJB56CC,新光段,3.75,都市：住,,,,00750000
RPOOMLQLKIOFFCB18CC,上石碑段,67.00,都市：住,,,,26990002
RPOOMLQLKIOFFCB18CC,上石碑段,94.00,都市：住,,,,27060002
RPQQMLPLKIOFFAB28CC,正義段五小段,.00,都市：商,,,,00170007
RPTPMLPLKIOFFAB48CC,下橋子頭段,17.99,都市：商,,,,01130000
RPVRMLPLKIOFFAB88CC,萬安段九小段,.00,都市：住,,,,00010000
RPVRMLPLKIOFFAB88CC,正義段九小段,.00,都市：住,,,,00060000
RPVRMLPLKIOFFAB88CC,正義段九小段,.00,都市：商,,,,00070000
RPVOMLPLKIOFFAB58CC,旱溪段,52.21,都市：住,,,,02730001
RPXPMLPLKIOFFAB88CC,中墩段二小段,1.00,都市：商,,,,00140000
RPRPMLPLKIOFFAB28CC,頂橋子頭段,10.88,都市：住,,,,01380000
RPUQMLRLKIOFFBB98CC,東義段,460.00,都市：住,,,,01080003
RPXQMLRLKIOFFCB76CC,廣明段,.00,都市：住,,,,06750000
RPSOMLRLKIOFFCB68CC,大墩段,21.26,都市：住,,,,04050000
RPWNMLRLKIOFFIB96CC,溪南東段,143.00,非都市：特定農業區 ; 非都市編定：甲種建築用地,,,,01990000
RPWNMLRLKIOFFIB96CC,溪南東段,135.00,非都市：特定農業區 ; 非都市編定：甲種建築用地,,,,01990002
RPWNMLRLKIOFFIB96CC,溪南東段,128.00,非都市：特定農業區 ; 非都市編定：甲種建築用地,,,,01990003
RPWNMLRLKIOFFIB96CC,溪南東段,120.00,非都市：特定農業區 ; 非都市編定：甲種建築用地,,,,01990004
RPWNMLRLKIOFFIB96CC,溪南東段,46.00,非都市：特定農業區 ; 非都市編定：農牧用地,,,,02000000
RPPOMLRLKIOFFIB09DC,益民段,.00,都市：住,,,,05280000
RPQOMLRLKIOFFIB56DC,益民段,78.94,都市：住,,,,05280000
RPUNMLQLKIOFFAB48CC,半平厝段,6.07,都市：商,,,,01810000
RPWNMLQLKIOFFAB68CC,後?子段,22.91,都市：住,,,,02860156
RPWNMLQLKIOFFAB68CC,後?子段,15.44,都市：住,,,,02860157
RPOPMLQLKIOFFAB08CC,下橋子頭段,1.65,都市：商,,,,02170014
RPPOMLQLKIOFFAB08CC,土庫段,.00,非都市： ; 非都市編定：,,,,00090018
RPXNMLQLKIOFFAB78CC,下橋子頭段,1.76,都市：商,,,,02170014
RPQOMLRLKIOFFAB28CC,麻園頭段,4.70,都市：住,,,,01320000
RPWNMLRLKIOFFAB78CC,後?子段,.00,都市：住,,,,03410000
RPQNMLSLKIOFFCB48CC,龍富段,.00,都市：住,,,,00860000
RPPPMLQLKIOFFAB18CC,公館段,1.39,都市：住,,,,00620001
RPPPMLQLKIOFFAB18CC,公館段,1.20,都市：住,,,,00630001
RPUNMLSLKIOFFAB68CC,麻園頭段,.00,都市：商,,,,01840001
RPROMLKMKIOFFAB77CC,大益段,.00,都市：住,,,,02190005
RPROMLKMKIOFFAB77CC,大益段,.00,都市：住,,,,02200000
RPSPMLKMKIOFFAB97CC,麻園頭段,.00,都市：住,,,,01320000
RPVOMLKMKIOFFAB18CC,正義段九小段,.00,都市：住,,,,00110025
RPVOMLKMKIOFFAB18CC,正義段九小段,.00,都市：商,,,,00110004
RPWQMLKMKIOFFAB48CC,下橋子頭段,17.17,都市：住,,,,02930000
RPUOMLKMKIOFFCB28CC,大新段,15.27,都市：住,,,,08600000
RPVUMLKMKIOFFBB88CC,東峰段,9.74,都市：商,,,,01580000
RPOWMLKMKIOFFBB38CC,北屯段,25.20,都市：住,,,,02660008
RPOQMLKMKIOFFCB87CC,中正段,8.49,都市：商,,,,01550000
RPWPMLKMKIOFFCB58CC,中正段,5.99,都市：商,,,,01550000
RPUPMLKMKIOFFCB38CC,豐功段,.00,都市：商,,,,02570000
RPSUMLKMKIOFFBB58CC,賴厝?段,3.26,都市：商,,,,00310003
RPSUMLKMKIOFFBB58CC,邱厝子段,2.62,都市：商,,,,00310062
RPPSMLKMKIOFFBB08CC,水源段,.00,都市：住,,,,01010006
RPPSMLKMKIOFFBB08CC,水源段,.00,都市：住,,,,01010007
RPPSMLKMKIOFFBB08CC,水源段,.00,都市：住,,,,01010011
RPPSMLKMKIOFFBB08CC,水源段,.00,都市：住,,,,01010019
RPPSMLKMKIOFFBB08CC,水源段,.00,都市：住,,,,01010024
RPPSMLKMKIOFFBB08CC,水源段,.00,都市：住,,,,01010025
RPPSMLKMKIOFFBB08CC,水源段,.00,都市：住,,,,01040004
RPRUMLKMKIOFFBB48CC,賴厝?段,.14,都市：商,,,,00310003
RPRUMLKMKIOFFBB48CC,邱厝子段,.11,都市：商,,,,00310062
RPSSMLKMKIOFFBB38CC,水源段,.00,都市：住,,,,01010018
RPSSMLKMKIOFFBB38CC,水源段,.00,都市：住,,,,01010023
RPSSMLKMKIOFFBB38CC,水源段,.00,都市：住,,,,01010026
RPSSMLKMKIOFFBB38CC,水源段,.00,都市：住,,,,01040016
RPSSMLKMKIOFFBB38CC,水源段,.00,都市：住,,,,01040019
RPTNMLKMKIOFFBB97CC,青雲段,260.00,都市：住,,,,05470000
RPTNMLKMKIOFFBB97CC,青雲段,575.00,都市：住,,,,05480000
RPTOMLKMKIOFFBB08CC,東峰段,10.16,都市：住,,,,01580000
RPSOMLKMKIOFFFB38CC,市鎮北段,12.74,都市：商,,,,02010000
RPXPMLKMKIOFFIB66CC,大忠段,.00,都市：住,,,,01980000
RPQNMLKMKIOFFFB08CC,市鎮北段,8.04,都市：商,,,,02730000
RPSNMLLMKIOFFAB87CC,頂橋子頭段,.00,都市：住,,,,03680008
RPSNMLLMKIOFFAB87CC,信義段九小段,.00,都市：住,,,,00090002
RPWNMLLMKIOFFFB88DC,三鹿段,20.88,都市：商,,,,09310000
RPWNMLLMKIOFFHB98CC,寶雅段,231.00,都市：農,,,,07030000
RPOOMLMJJHPFFAB27CC,大益段,.00,都市：住,,,,01650000
RPUOMLMJJHPFFBB97CC,景美段,113.34,都市：商,,,,02650005
RPXTMLMJJHPFFBB78CC,中清段,30.00,都市：住,,,,04760000
RPOUMLMJJHPFFBB97CC,中清段,5.00,都市：住,,,,04760000
RPTNMLMJJHPFFFB18CC,市鎮北段,13.95,都市：商,,,,00420000
RPVNMLMJJHPFFFB38CC,和平段,704.00,都市：農,,,,02450000
RPWNMLMJJHPFFFB48CC,南簡段,119.00,都市：住,,,,13640000
RPPQMLKMKIOFFCB97CC,中正段,5.63,都市：商,,,,01550000
RPWNMLMJJHPFFCB18CC,中正段,.00,都市：住,,,,01550000
RPXPMLLMKIOFFCB78CC,永春段,260.12,都市：住,,,,01900000
RPXNMLMJJHPFFCB28CC,中正段,.00,都市：住,,,,01550000
RPUNMLNJJHPFFJB78CC,新興段,.00,都市：住,,,,01640000
RPRPMLNJJHPFFJB68CC,新興段,.00,都市：住,,,,01330000
RPSOMLNJJHPFFBB87CC,東山段,23.00,都市：住,,,,03510000
RPRNMLMJJHPFFIB28CC,新榮泉段,32.84,都市：住,,,,01420000
RPUPMLMJJHPFFIB78CC,德芳段,.00,都市：住,,,,00160006
RPWRMLKMKIOFFIB76CC,九如段,9.35,都市：住,,,,05260000
RPSRMLNJJHPFFBB18CC,水源段,15.00,都市：住,,,,02310000
RPWRMLNJJHPFFBB58CC,乾溝子段,256.00,都市：商,,,,01820046
RPUSMLNJJHPFFBB48CC,東光段,8.80,都市：住,,,,00800000
RPQOMLNJJHPFFAB57CC,旱新段,.00,都市：商,,,,08090000
RPWOMLNJJHPFFAB18CC,後?子段,.00,都市：住,,,,01280009
RPOPMLNJJHPFFAB47CC,後?子段,.00,都市：商,,,,01490002
RPQNMLNJJHPFFIB38DC,金城段,288.60,都市：住,,,,15250000
RPTSMLNJJHPFFBB48DC,賴厝?段,6.11,都市：住,,,,03340000
RPVSMLNJJHPFFBB68DC,東山段,3.37,都市：住,,,,02210000
RPQTMLNJJHPFFBB18CC,東新段,.00,都市：住,,,,00170000
RPXTMLNJJHPFFBB88CC,邱厝子段,.00,都市：其他:住宅及道路用地,,,,00200000
RPXTMLNJJHPFFBB88CC,邱厝子段,.00,都市：住,,,,00210074
RPXTMLNJJHPFFBB88CC,邱厝子段,.00,都市：住,,,,00210339
RPXTMLNJJHPFFBB88CC,邱厝子段,.00,都市：住,,,,00210362
RPXTMLNJJHPFFBB88CC,邱厝子段,.00,都市：住,,,,00210365
RPOOMLOJJHPFFBB57CC,太和段,.00,都市：住,,,,00300000
RPSTMLNJJHPFFBB38CC,錦村段,72.87,都市：住,,,,03960000
RPXNMLQJJHPFFBB58CC,東山段,.00,都市：住,,,,03670000
RPQNMLPJJHPFFBB77CC,景美段,114.00,都市：住,,,,02760000
RPOOMLQJJHPFFBB77CC,文正段,77.00,都市：商,,,,01240045
RPOOMLQJJHPFFBB77CC,文正段,77.00,都市：商,,,,01240046
RPOOMLQJJHPFFBB77CC,文正段,141.00,都市：商,,,,01240048
RPOOMLQJJHPFFBB77CC,文正段,15.00,都市：商,,,,01240072
RPOOMLQJJHPFFBB77CC,文正段,123.00,都市：商,,,,01240047
RPOOMLQJJHPFFBB77CC,文正段,19.00,都市：商,,,,01240071
RPXOMLQJJHPFFBB68CC,東光段,12.52,都市：商,,,,01930000
RPPNMLQJJHPFFAB67CC,後?子段,.00,都市：住,,,,01220005
RPRPMLQJJHPFFBB18CC,太原段,16.15,都市：住,,,,01000000
RPUNMLQJJHPFFAB18CC,綠川段五小段,.00,都市：商,,,,00120000
RPTNMLQJJHPFFCB28CC,上石碑段,.00,都市：商,,,,27700000
RPXRMLMJJHPFFCB68CC,上石碑段,.00,都市：住,,,,13010000
RPVOMLQJJHPFFAB38CC,麻園頭段,8.23,都市：住,,,,01320000
RPOOMLMJJHPFFCB47CC,寶文段,.00,都市：住,,,,00720024
RPRPMLNJJHPFFCB97CC,惠國段,.00,都市：其他:第三種新市政中心專用區,,,,00280000
RPSQMLNJJHPFFCB18CC,中正段,.00,都市：住,,,,01680000
RPQQMLNJJHPFFCB97CC,中正段,.00,都市：住,,,,00170000
RPTSMLMJJHPFFCB38CC,惠來厝段,.00,都市：住,,,,01190000
RPUNMLQJJHPFFCB38CC,國安段,.00,都市：住,,,,05930489
RPXNMLQJJHPFFCB68CC,惠安段,.00,都市：商,,,,02440000
RPQPMLQJJHPFFCB18CC,惠國段,18.49,都市：其他:新市政中心專用區,,,,01840000
RPVNMLQJJHPFFDB58CC,南村段,.00,都市：商,,,,03470000
RPOOMLQJJHPFFJB58CC,新興段,.00,都市：住,,,,01430001
RPPNMLQJJHPFFJB58CC,新光段,.00,都市：住,,,,10370000
RPVOMLRJJHPFFDB78CC,岸裡段,10.72,都市：商,,,,01000000
RPVNMLQJJHPFFJB56CC,番子路段,.00,都市：住,,,,01830000
RPRNMLRJJHPFFJB88CC,新光段,194.58,都市：住,,,,09810000
RPVPMLQJJHPFFCB68CC,安和段,3497.08,都市：工,,,,01100000
RPRPMLQJJHPFFCB28CC,惠民段,13.38,都市：其他:新市政中心專用區,,,,01390000
RPVQMLQJJHPFFCB78CC,惠民段,21.08,都市：其他:第六種新市政中心專用區,,,,00480000
RPPQMLQJJHPFFCB18CC,中正段,20.26,都市：商,,,,01340000
RPTQMLQJJHPFFCB58CC,中仁段,187.00,都市：工,,,,00280000
RPUQMLQJJHPFFCB68CC,惠民段,15.35,都市：其他:新市政中心專用區,,,,01390000
RPROMLRJJHPFFFB58CC,東晉段,1.85,都市：住,,,,06790000
RPROMLRJJHPFFFB58CC,東晉段,6.20,都市：住,,,,06760000
RPROMLRJJHPFFFB58CC,東晉段,3.35,都市：住,,,,06800000
RPQOMLRJJHPFFHB68CC,家福段,10.37,都市：商,,,,00370000
RPVNMLRJJHPFFHB09CC,家興段,8.09,都市：住,,,,05630000
RPQOMLRJJHPFFCB18CC,中正段,269.10,都市：住,,,,01600000
RPSOMLRJJHPFFFB68CC,東晉段,1.83,都市：住,,,,06790000
RPSOMLRJJHPFFFB68CC,東晉段,6.14,都市：住,,,,06760000
RPSOMLRJJHPFFFB68CC,東晉段,.41,都市：住,,,,06800000
RPQPMLRJJHPFFCB28CC,中正段,5.27,都市：商,,,,01550000
RPRPMLRJJHPFFCB38CC,中正段,.00,都市：住,,,,01550000
RPQRMLRJJHPFFCB48CC,上石碑段,5.33,都市：其他:市場用地,,,,26810000
RPRQMLRJJHPFFCB48CC,中和段,4.86,都市：住,,,,05940000
RPUVMLRJJHPFFIB27CC,益民段,28.49,都市：住,,,,07110000
RPOWMLRJJHPFFIB76CC,溪南西段,28.69,非都市：鄉村區 ; 非都市編定：乙種建築用地,,,,03880000
RPTRMLRJJHPFFCB78CC,寶山段,15.11,都市：住,,,,12540000
RPOQNLRJJHPFFIB88CC,大峰段,17.05,都市：住,,,,07390000
RPQVMLRJJHPFFIB86CC,東湖段,20.92,都市：住,,,,08950002
RPSPNLRJJHPFFIB56CC,益民段,24.01,都市：住,,,,07160000
RPQSMLRJJHPFFCB58CC,寶山段,.00,非都市： ; 非都市編定：,,,,06950000
RPQRMLRJJHPFFIB09CC,立仁段,1.49,非都市：鄉村區 ; 非都市編定：乙種建築用地,,,,08130000
RPQRMLRJJHPFFIB09CC,立仁段,22.29,非都市：鄉村區 ; 非都市編定：乙種建築用地,,,,08180000
RPRSMLRJJHPFFCB68CC,寶山段,.00,非都市： ; 非都市編定：,,,,06950000
RPXNMLRJJHPFFAB58CC,東勢子段,79.00,都市：住,,,,00240320
RPPOMLRJJHPFFAB87CC,下橋子頭段,9.47,都市：商,,,,01970007
RPTPMLRJJHPFFAB38CC,下橋子頭段,21.54,都市：住,,,,01630011
RPVPMLRJJHPFFAB58CC,公館段,1.27,都市：商,,,,00630001
RPVPMLRJJHPFFAB58CC,公館段,1.46,都市：商,,,,00620001
RPOPMLRJJHPFFAB87CC,公館段,5.18,都市：住,,,,00620001
RPOPMLRJJHPFFAB87CC,公館段,4.49,都市：住,,,,00630001
RPWPMLRJJHPFFAB68CC,樹子腳段,16.71,都市：住,,,,09740000
RPPQMLRJJHPFFAB08CC,尚武段,31.69,都市：住,,,,03260000
RPXPMLRJJHPFFAB78CC,下橋子頭段,36.84,都市：住,,,,00270000
RPSPMLRJJHPFFBB38CC,賴厝?段,63.00,都市：住,,,,02220062
RPQPMLRJJHPFFBB18CC,松觀段,.00,都市：住,,,,03090023
RPQPMLRJJHPFFBB18CC,松觀段,.00,都市：住,,,,03090000
RPRQMLRJJHPFFBB38CC,東義段,9.30,都市：住,,,,02580000
RPPRMLRJJHPFFBB28CC,松茂段,16.62,都市：住,,,,05390000
RPTOMLSJJHPFFAB38CC,頂橋子頭段,.00,都市：住,,,,04370135
RPXPMLRJJHPFFBB88CC,陳平段,8.88,都市：住,,,,14580000
RPXPMLRJJHPFFBB88CC,陳平段,11.71,都市：住,,,,14580004
RPXPMLRJJHPFFBB88CC,陳平段,1.15,都市：住,,,,14580007
RPUOMLSJJHPFFAB48CC,土庫段,71.00,都市：住,,,,00570099
RPVQMLRJJHPFFBB78CC,東新段,13.11,都市：住,,,,00170002
RPPPMLSJJHPFFAB08CC,下橋子頭段,1.85,都市：商,,,,02170014
RPUNMLSJJHPFFCB58CC,福安段,47.92,都市：住,,,,02250000
RPTOMLSJJHPFFCB58CC,惠民段,12.67,都市：其他:新市政中心專用區,,,,00110000
RPPTMLRJJHPFFCB58CC,國安段,15.37,都市：住,,,,02920000
RPSSMLRJJHPFFCB78CC,田心段,3.57,都市：住,,,,08960000
RPXSMLRJJHPFFCB66CC,三塊厝段,.00,都市：住,,,,09820000
RPTSMLRJJHPFFCB88CC,福安段,13.74,都市：住,,,,08010018
RPWPMLSJJHPFFAB78CC,麻園頭段,.00,都市：住,,,,02910000
RPTPMLSJJHPFFAB48CC,後?子段,9.12,都市：住,,,,02250011
RPQRMLSJJHPFFAB38CC,忠孝段四小段,13.78,都市：住,,,,00240011
RPQRMLSJJHPFFAB38CC,忠孝段四小段,13.22,都市：住,,,,00240010
RPSPMLSJJHPFFAB38CC,麻園頭段,15.46,都市：住,,,,00020242
RPWPMLSJJHPFFCB98CC,福安段,37.25,都市：住,,,,02250000
RPXOMLSJJHPFFFB66CC,市鎮北段,10.67,都市：商,,,,00390000
RPXOMLTJJHPFFAB88CC,後?子段,15.71,都市：住,,,,01990178
RPSOMLTJJHPFFBB48CC,賴厝?段,.14,都市：商,,,,00310003
RPSOMLTJJHPFFBB48CC,邱厝子段,.11,都市：商,,,,00310062
RPSPMLTJJHPFFCB68CC,西屯段,.00,都市：住,,,,23900004
RPWQMLTJJHPFFCB56CC,西屯段,.00,都市：住,,,,23100000
RPXPMLTJJHPFFCB56CC,惠國段,.00,都市：其他:第六種新市政中心專用區,,,,00990000
RPXPMLTJJHPFFCB56CC,惠國段,.00,都市：其他:第六種新市政中心專用區,,,,01000000
RPPRMLTJJHPFFCB58CC,中正段,6.72,都市：商,,,,01550000
RPXQMLTJJHPFFCB66CC,中正段,5.99,都市：商,,,,01550000
RPORMLTJJHPFFCB48CC,中正段,10.54,都市：商,,,,01550000
RPRQMLTJJHPFFBB58CC,賴厝?段,3.12,都市：商,,,,00310003
RPRQMLTJJHPFFBB58CC,邱厝子段,2.51,都市：商,,,,00310062
RPTQMLTJJHPFFBB78CC,東峰段,10.16,都市：商,,,,01580000
RPWQMLTJJHPFFBB09CC,賴厝?段,4.82,都市：商,,,,00310003
RPWQMLTJJHPFFBB09CC,邱厝子段,3.87,都市：商,,,,00310062
RPQRMLTJJHPFFBB58CC,中清段,8.56,都市：商,,,,00060000
RPORMLTJJHPFFBB38CC,中清段,8.56,都市：商,,,,00060000
RPSPMLKKJHPFFAB67CC,下橋子頭段,5.11,都市：商,,,,02170014
RPQPMLKKJHPFFBB57CC,東義段,.00,都市：住,,,,03030000
RPXRMLTJJHPFFBB66CC,松昌段,25.41,都市：住,,,,01130000
RPRPMLKKJHPFFBB67CC,錦村段,.00,都市：住,,,,03680013
RPROMLKKJHPFFIB28CC,新三和段,27.55,都市：住,,,,00740035
RPPOMLKKJHPFFHB97CC,甘潭段,12.16,都市：住,,,,01620000
RPQNMLKKJHPFFHB97CC,三和段,105.00,都市：住,,,,10970006
RPUOMLKKJHPFFIB58CC,新榮和段,3.97,都市：住,,,,00290000
RPWNMLKKJHPFFDB18CC,翁明段,21.44,都市：住,,,,02220000
RPPOMLKKJHPFFDB57CC,安康段,54.66,都市：住,,,,00380000
RPPOMLKKJHPFFDB57CC,安康段,43.33,都市：住,,,,00390000
RPPOMLKKJHPFFDB57CC,安康段,8.48,都市：住,,,,03430001
RPSOMLKKJHPFFDB87CC,三角東段,96.62,都市：農,,,,12360000
RPXSMLKKJHPFFIB76DC,立新段,98.81,非都市：鄉村區 ; 非都市編定：乙種建築用地,,,,05000000
RPSPMLKKJHPFFCB97DC,惠義段,.00,非都市： ; 非都市編定：,,,,01200000
RPSPMLKKJHPFFCB97DC,惠義段,.00,非都市： ; 非都市編定：,,,,01210000
RPPNMLNKJHPFFDB87DC,圳寮段,3308.00,非都市：山坡地保育區 ; 非都市編定：農牧用地,,,,01060013
RPPNMLNKJHPFFDB87DC,圳寮段,407.00,非都市：山坡地保育區 ; 非都市編定：農牧用地,,,,01050004
RPXNMLNKJHPFFDB68DC,豐原段,63.00,都市：商,,,,04680006
RPTRMLNKJHPFFFB78CC,市鎮北段,13.44,都市：住,,,,02380000
RPSNMLNKJHPFFAB77CC,後?子段,.00,都市：住,,,,02800009
RPTPMLNKJHPFFAB08CC,後?子段,.00,都市：住,,,,02990000
RPUOMLNKJHPFFBB18CC,錦村段,.00,都市：商,,,,01850000
RPXQMLKKJHPFFCB48CC,寶文段,.00,非都市： ; 非都市編定：,,,,00750010
RPSRMLKKJHPFFCB08CC,國安段,330.58,都市：住,,,,06200000
RPXRMLOKJHPFFCB98CC,惠來厝段,21.55,都市：住,,,,00880007
RPXRMLOKJHPFFCB98CC,惠來厝段,19.04,都市：住,,,,00880015
RPXRMLOKJHPFFCB98CC,惠來厝段,19.80,都市：住,,,,00880016
RPTQMLKKJHPFFCB08CC,上石碑段,.00,都市：住,,,,15080002
RPVNMLOKJHPFFBB28CC,碧柳段,1586.66,都市：商,,,,00030000
RPRRMLNKJHPFFCB28CC,大墩段,.00,都市：住,,,,03320000
RPTPMLOKJHPFFFB68CC,市鎮北段,14.99,都市：商,,,,00420000
RPUPMLOKJHPFFFB78CC,市鎮北段,17.07,都市：住,,,,00420000
RPQQMLPKJHPFFCB28CC,惠順段,64.75,都市：住,,,,00650020
RPQQMLPKJHPFFCB28CC,惠順段,25.81,都市：住,,,,00650000
RPQOMLOKJHPFFHB48CC,潭興段,153.84,都市：住,,,,02750000
RPSRMLPKJHPFFCB58CC,保安段,.00,非都市： ; 非都市編定：,,,,09660021
RPUSMLPKJHPFFCB88CC,永春段,399.57,都市：住,,,,01830000
RPOVMLPKJHPFFBB48CC,東新段,4.41,都市：住,,,,01530000
RPOOMLPKJHPFFAB67CC,樹子腳段,.00,都市：商,,,,12100000
RPOOMLPKJHPFFAB67CC,樹子腳段,.00,都市：商,,,,12100003
RPWONLPKJHPFFBB68CC,東山段,71.00,都市：住,,,,04100004
RPXQMLPKJHPFFAB78CC,樹子腳段,.00,都市：工,,,,14300000
RPOPMLQKJHPFFIB78DC,益民段,71.83,都市：住,,,,03350003
RPQNMLPKJHPFFDB18DC,豐原段,63.00,都市：商,,,,04680006
RPXOMLQKJHPFFIB96DC,益民段,71.83,都市：住,,,,03350003
RPXUMLQKJHPFFBB86DC,錦村段,910.03,都市：住,,,,03890000
RPTOMLQKJHPFFAB28CC,麻園頭段,26.71,都市：住,,,,00830032
RPVOMLQKJHPFFAB48CC,麻園頭段,17.53,都市：住,,,,01300002
RPSNMLQKJHPFFDB38CC,厚生段,551.54,都市：住,,,,09850000
RPWNMLQKJHPFFCB68CC,大新段,11.39,都市：其他:第二種住宅區(及部分第三種住宅區)(西南屯地區細部計畫),,,,08600000
RPTOMLQKJHPFFIB09CC,五福段,622.08,非都市：特定農業區 ; 非都市編定：農牧用地,,,,03730000
RPXNMLRKJHPFFCB88CC,黎明段,87.00,都市：住,,,,07690000
RPUOMLQKJHPFFIB56CC,南勢西段,2436.09,非都市：特定農業區 ; 非都市編定：農牧用地,,,,11220000
RPTOMLRKJHPFFCB58CC,豐業段,23.14,都市：住,,,,02780000
RPUUMLRKJHPFFCB66CC,寶文段,1801.34,都市：工,,,,06790015
RPQQMLRKJHPFFCB48CC,福星段,.00,都市：住,,,,02050000
RPQQMLRKJHPFFCB48CC,福星段,.00,都市：住,,,,02050001
RPQQMLRKJHPFFCB48CC,福星段,.00,都市：住,,,,02050002
RPROMLRKJHPFFAB18CC,重慶段五小段,20.91,都市：商,,,,00310000
RPXNNLRKJHPFFBB88CC,東峰段,10.50,都市：商,,,,01580000
RPWOMLRKJHPFFAB68CC,下橋子頭段,.00,非都市： ; 非都市編定：,,,,00170013
RPOONLRKJHPFFBB08CC,東峰段,5.84,都市：商,,,,01580000
RPRONLRKJHPFFBB38CC,東峰段,6.34,都市：商,,,,01580000
RPSVMLRKJHPFFCB56CC,大進段,.00,非都市： ; 非都市編定：,,,,10880000
RPOVMLRKJHPFFCB78CC,中正段,9.74,都市：商,,,,01550000
RPWUMLRKJHPFFCB86CC,大新段,.00,都市：住,,,,03190000
RPVUMLRKJHPFFCB76CC,上石碑段,.00,非都市： ; 非都市編定：,,,,13080001
RPPNMLRKJHPFFDB28DC,大洲段,.00,都市：住,,,,03840000
RPQNMLTKJHPFFCB48DC,永春段,2102.50,都市：住,,,,02830000
RPPNMLTKJHPFFCB38DC,永春段,2102.50,都市：住,,,,02830000
RPRNMLTKJHPFFCB58DC,永春段,2102.50,都市：住,,,,02830000
RPTOMLKLJHPFFBB97DC,邱厝子段,90.17,都市：住,,,,00210587
RPUOMLKLJHPFFKB09EC,龍津段,1816.00,都市：農,,,,05670000
RPXPMLTJJHPFFBB09CC,賴厝?段,4.82,都市：商,,,,00310003
RPXPMLTJJHPFFBB09CC,邱厝子段,3.87,都市：商,,,,00310062
RPQQMLTJJHPFFBB48CC,賴厝?段,2.98,都市：商,,,,00310003
RPQQMLTJJHPFFBB48CC,邱厝子段,2.39,都市：商,,,,00310062
RPTOMLTJJHPFFBB58CC,錦村段,24.89,都市：商,,,,01850008
RPOQMLTJJHPFFBB28CC,賴厝?段,3.33,都市：商,,,,00310003
RPOQMLTJJHPFFBB28CC,邱厝子段,2.68,都市：商,,,,00310062
RPSNMLKLJHPFFAB57CC,下橋子頭段,2.94,都市：商,,,,02180204
RPRNMLKLJHPFFAB47CC,旱溪段,19.92,都市：住,,,,02730001
RPPOMLKLJHPFFAB37CC,旱平段,668.41,都市：住,,,,01180000
RPSPMLKLJHPFFAB77CC,公館段,3.41,都市：住,,,,01580105
RPSPMLKLJHPFFAB77CC,公館段,3.41,都市：住,,,,01580369
RPPOMLKLJHPFFCB57CC,信安段,17.91,都市：住,,,,02270000
RPROMLKLJHPFFCB77CC,國安段,13.89,都市：住,,,,01690000
RPPOMLKLJHPFFCB57CC,信安段,.54,都市：住,,,,02280000
RPXRMLKLJHPFFAB48CC,麻園頭段,25.00,都市：住,,,,00840281
RPXRMLKLJHPFFAB48CC,麻園頭段,47.00,都市：住,,,,00840284
RPVNMLKLJHPFFCB08CC,國安段,8.55,都市：住,,,,01040002
RPVNMLKLJHPFFCB08CC,國安段,4.94,都市：住,,,,01040003
RPXOMLKLJHPFFCB38CC,大明段,42.05,都市：住,,,,00420000
RPTNMLKLJHPFFIB48CC,大仁段,9.13,都市：商,,,,00160000
RPWPMLKLJHPFFCB38CC,春社段,20.58,都市：住,,,,02530000
RPVRMLKLJHPFFCB48CC,惠仁段,42.81,都市：其他:第三之一種商業區(新市政中心專用區南側),,,,00810000
RPSNMLKLJHPFFHB28CC,雅潭段,14.14,都市：商,,,,03950000
RPUNMLKLJHPFFHB48CC,四維段,14.02,都市：住,,,,00680000
RPUNMLKLJHPFFHB48CC,雅潭段,.45,都市：住,,,,04920000
RPQNMLKLJHPFFJB38DC,新興段,37.86,都市：住,,,,01430001
RPQPMLLLJHPFFFB18CC,保寧段,.00,都市：住,,,,04020000
RPQPMLLLJHPFFFB18CC,保寧段,.00,都市：住,,,,04270000
RPQPMLLLJHPFFFB18CC,保寧段,.00,都市：住,,,,04280000
RPQPMLLLJHPFFFB18CC,保寧段,.00,都市：住,,,,04380000
RPROMLLLJHPFFFB18CC,市鎮北段,8.76,都市：商,,,,02730000
RPXOMLLLJHPFFFB78CC,保寧段,.00,都市：住,,,,04020000
RPXOMLLLJHPFFFB78CC,保寧段,.00,都市：住,,,,04270000
RPXOMLLLJHPFFFB78CC,保寧段,.00,都市：住,,,,04280000
RPXOMLLLJHPFFFB78CC,保寧段,.00,都市：住,,,,04380000
RPOPMLLLJHPFFFB97CC,保寧段,.00,都市：住,,,,04020000
RPOPMLLLJHPFFFB97CC,保寧段,.00,都市：住,,,,04270000
RPOPMLLLJHPFFFB97CC,保寧段,.00,都市：住,,,,04280000
RPOPMLLLJHPFFFB97CC,保寧段,.00,都市：住,,,,04380000
RPPPMLLLJHPFFFB08CC,保寧段,.00,都市：住,,,,04020000
RPPPMLLLJHPFFFB08CC,保寧段,.00,都市：住,,,,04270000
RPPPMLLLJHPFFFB08CC,保寧段,.00,都市：住,,,,04280000
RPPPMLLLJHPFFFB08CC,保寧段,.00,都市：住,,,,04380000
RPWOMLLLJHPFFFB68CC,保寧段,.00,都市：住,,,,04020000
RPWOMLLLJHPFFFB68CC,保寧段,.00,都市：住,,,,04270000
RPWOMLLLJHPFFFB68CC,保寧段,.00,都市：住,,,,04280000
RPWOMLLLJHPFFFB68CC,保寧段,.00,都市：住,,,,04380000
RPUPMLLLJHPFFFB58CC,梧棲段,27.38,都市：住,,,,31450004
RPVPMLLLJHPFFFB68CC,市鎮南段,.00,非都市： ; 非都市編定：,,,,01080000
RPWPMLLLJHPFFFB78CC,市鎮北段,.00,非都市： ; 非都市編定：,,,,02010000
RPXPMLLLJHPFFFB88CC,市鎮北段,15.67,都市：商,,,,00390000
RPRRMLLLJHPFFIB78CC,西榮段,.00,非都市： ; 非都市編定：,,,,03310000
RPTOMLLLJHPFFJB78CC,豐中段,21.72,都市：住,,,,00100000
RPORMLLLJHPFFIB48CC,立仁段,19.80,非都市：鄉村區 ; 非都市編定：乙種建築用地,,,,00400000
RPWWMLLLJHPFFCB56CC,西屯段,.00,非都市： ; 非都市編定：,,,,18240000
RPWWMLLLJHPFFCB56CC,西屯段,.00,非都市： ; 非都市編定：,,,,18250000
RPWVMLLLJHPFFCB09CC,大新段,11.98,都市：商,,,,08500000
RPXWMLLLJHPFFCB66CC,廣明段,5.15,都市：住,,,,06080000
RPPNNLLLJHPFFCB67CC,上石碑段,.00,非都市： ; 非都市編定：,,,,13080001
RPONNLLLJHPFFCB57CC,大進段,.00,非都市： ; 非都市編定：,,,,10860000
RPQNNLLLJHPFFCB77CC,國安段,.00,非都市： ; 非都市編定：,,,,00120014
RPRNNLLLJHPFFCB87CC,廣明段,10.90,都市：住,,,,06080000
RPTNNLLLJHPFFCB08CC,國安段,.00,非都市： ; 非都市編定：,,,,06010000
RPSNNLLLJHPFFCB97CC,永定段,18.66,都市：住,,,,06240000
RPUNNLLLJHPFFCB18CC,上石碑段,.00,非都市： ; 非都市編定：,,,,13080001
RPVNNLLLJHPFFCB28CC,大進段,.00,非都市： ; 非都市編定：,,,,00090000
RPXNNLLLJHPFFCB48CC,中和段,.00,非都市： ; 非都市編定：,,,,04180000
RPWONLRKJHPFFBB88CC,賴厝?段,2.97,都市：商,,,,00310003
RPWONLRKJHPFFBB88CC,邱厝子段,2.39,都市：商,,,,00310062
RPTONLRKJHPFFBB58CC,賴厝?段,.14,都市：商,,,,00310003
RPWNMLKLJHPFFBB08CC,水湳段,17.55,都市：住,,,,01250000
RPTONLRKJHPFFBB58CC,邱厝子段,.11,都市：商,,,,00310062
RPWNNLLLJHPFFCB38CC,上石碑段,.00,非都市： ; 非都市編定：,,,,13080001
RPVRMLKLJHPFFBB38CC,東峰段,10.24,都市：住,,,,01580000
RPUPMLLLJHPFFAB08CC,頂橋子頭段,11.52,都市：住,,,,00940003
RPSQMLLLJHPFFAB97CC,樹子腳段,9.34,都市：住,,,,06410000
RPTPMLLLJHPFFAB97CC,樹子腳段,.00,都市：住,,,,05590000
RPOPMLLLJHPFFJB38CC,勤益段,.00,非都市：鄉村區 ; 非都市編定：乙種建築用地,,,,04400000
RPPPMLLLJHPFFJB48CC,宜欣段,20.21,都市：住,,,,20760000
RPXOMLLLJHPFFJB56CC,育賢段,27.50,都市：住,,,,01880000
RPRPMLLLJHPFFJB68CC,新坪段,28.39,都市：住,,,,00020000
RPORMLLLJHPFFAB67CC,公館段,8.97,都市：住,,,,01580071
RPSRMLLLJHPFFAB08CC,下橋子頭段,2.21,都市：商,,,,00070012
RPRRMLLLJHPFFAB97CC,公館段,1.21,都市：商,,,,00630001
RPRRMLLLJHPFFAB97CC,公館段,1.40,都市：商,,,,00620001
RPWQMLLLJHPFFAB38CC,平和段,2.60,都市：商,,,,00500000
RPVQMLLLJHPFFAB28CC,麻園頭段,14.14,都市：住,,,,01320000
RPOONLLLJHPFFCB67CC,中義段,4.40,都市：住,,,,02500000
RPQRMLLLJHPFFBB97CC,松觀段,.00,都市：住,,,,08910000
RPWRMLLLJHPFFBB58CC,賴厝?段,.00,都市：住,,,,00700000
RPTQMLLLJHPFFBB18CC,陳平段,164.00,都市：住,,,,01950011
RPWVMLLLJHPFFBB98CC,錦村段,24.29,都市：住,,,,02900001
RPSWMLLLJHPFFBB68CC,大滿段,189.50,都市：住,,,,01340000
RPXRMLLLJHPFFBB68CC,邱厝子段,.00,都市：住,,,,01250000
RPUWMLLLJHPFFBB88CC,東光段,17.73,都市：住,,,,00830000
RPRUMLLLJHPFFBB38CC,松觀段,26.93,都市：住,,,,08140000
RPQONLLLJHPFFBB77CC,北屯段,22.82,都市：住,,,,03520003
RPVNNLLLJHPFFBB18CC,松昌段,.00,都市：商,,,,06650000
RPVNNLLLJHPFFBB18CC,松昌段,.00,都市：商,,,,06650001
RPSONLLLJHPFFBB97CC,錦村段,31.08,都市：商,,,,02510026
RPRONLLLJHPFFBB87CC,景美段,.00,非都市： ; 非都市編定：,,,,02960000
RPUONLLLJHPFFBB18CC,北屯段,6.29,都市：住,,,,02210004
RPTONLLLJHPFFBB08CC,東新段,22.81,都市：住,,,,00170002
RPVONLLLJHPFFBB28CC,東峰段,.00,非都市： ; 非都市編定：,,,,01320000
RPWONLLLJHPFFBB38CC,錦村段,40.40,都市：住,,,,01040036
RPXONLLLJHPFFBB48CC,松竹段,3.54,都市：住,,,,02250000
RPUQMLLLJHPFFBB38DC,太順段,26.14,都市：住,,,,00480000
RPXNMLMLJHPFFKB66CC,東園段,.00,非都市：鄉村區 ; 非都市編定：乙種建築用地,,,,04560000
RPUVMLLLJHPFFKB07CC,新庄段,17.73,非都市：鄉村區 ; 非都市編定：乙種建築用地,,,,05470000
RPQVMLMLJHPFFBB48CC,錦村段,9.43,都市：商,,,,01850000
RPQWMLMLJHPFFBB58CC,賴厝?段,11.69,都市：住,,,,03330000
RPUSMLMLJHPFFBB58CC,北屯段,.00,都市：商,,,,03520000
RPOPNLLLJHPFFBB67CC,東峰段,.00,非都市： ; 非都市編定：,,,,01320000
RPSVMLMLJHPFFBB68CC,仁美段,64.00,都市：農,,,,00230023
RPSSMLMLJHPFFBB38CC,北屯段,3.72,都市：住,,,,01680003
RPVRMLLLJHPFFAB38CC,樹子腳段,7.89,都市：住,,,,15700000
RPURMLLLJHPFFAB28CC,公館段,2.42,都市：商,,,,00630001
RPURMLLLJHPFFAB28CC,公館段,2.79,都市：商,,,,00620001
RPWRMLLLJHPFFAB48CC,土庫段,12.72,都市：住,,,,01020001
RPWRMLLLJHPFFAB48CC,土庫段,4.58,都市：住,,,,01020011
RPTWMLMLJHPFFBB88CC,文正段,.00,非都市： ; 非都市編定：,,,,01180030
RPXRMLLLJHPFFAB58CC,尚武段,44.67,都市：住,,,,03100000
RPSWMLMLJHPFFBB78CC,賴厝?段,.00,非都市： ; 非都市編定：,,,,00540000
RPVNMLMLJHPFFAB08CC,下橋子頭段,.00,都市：商,,,,01340004
RPVNMLMLJHPFFAB08CC,下橋子頭段,.00,都市：住,,,,01360013
RPUOMLMLJHPFFAB08CC,下橋子頭段,3.26,都市：住,,,,02180204
RPOQMLMLJHPFFCB87CC,田心段,10.10,都市：住,,,,04000000
RPTPMLMLJHPFFAB08CC,公館段,4.60,都市：住,,,,00620001
RPXQMLMLJHPFFCB78CC,大明段,50.61,都市：住,,,,01610000
RPURMLMLJHPFFCB58CC,大明段,50.61,都市：住,,,,01610000
RPOOMLMLJHPFFJB38CC,長安段,9.75,非都市：鄉村區 ; 非都市編定：乙種建築用地,,,,04660000
RPTVMLMLJHPFFCB88CC,西屯段,.00,非都市： ; 非都市編定：,,,,09320000
RPPSMLMLJHPFFCB18CC,大進段,.00,都市：住,,,,09920000
RPWRMLMLJHPFFCB78CC,惠國段,15.26,都市：住,,,,01270000
RPPNMLKMJHPFFJB28CC,新光段,.00,都市：住,,,,03380000
RPQNMLNLJHPFFFB18CC,市鎮北段,15.92,都市：商,,,,02380000
RPPNMLKMJHPFFJB28CC,新光段,.00,都市：住,,,,03390000
RPPNMLKMJHPFFJB28CC,新光段,.00,都市：住,,,,03370000
RPPNMLKMJHPFFJB28CC,新光段,.00,都市：住,,,,03400000
RPVOMLMLJHPFFIB98CC,人和段,35.41,都市：住,,,,07230001
RPVNMLKMJHPFFCB18CC,國安段,.00,都市：住,,,,00120014
RPRNMLKMJHPFFCB77CC,惠智段,.00,都市：住,,,,01590000
RPWOMLKMJHPFFCB38CC,中和段,12.12,都市：住,,,,01560000
RPXNMLKMJHPFFBB28CC,東峰段,20.23,都市：商,,,,02550000
RPOPMLKMJHPFFBB57CC,東光段,14.07,都市：商,,,,05010001
RPOPMLKMJHPFFCB67CC,中和段,11.53,都市：住,,,,01560000
RPVNMLKMJHPFFBB08CC,乾溝子段,81.86,都市：住,,,,01700005
RPROMLKMJHPFFAB67CC,下橋子頭段,1.83,都市：商,,,,02170014
RPTOMLKMJHPFFAB87CC,土庫段,21.69,都市：住,,,,00730021
RPRPMLKMJHPFFCB97CC,中正段,26.47,都市：商,,,,01340000
RPQPMLKMJHPFFCB87CC,惠民段,13.10,都市：其他:新市政中心專用區,,,,00110000
RPPPMLKMJHPFFCB77CC,大墩段,.00,都市：住,,,,04110000
RPQQMLLMJHPFFBB97CC,東光段,.00,都市：住,,,,00560000
RPRPMLKMJHPFFBB87CC,賴厝?段,.29,都市：商,,,,00310003
RPRPMLKMJHPFFBB87CC,邱厝子段,.23,都市：商,,,,00310062
RPQPMLKMJHPFFBB77CC,東峰段,11.13,都市：商,,,,01580000
RPPPMLKMJHPFFBB67CC,東峰段,10.50,都市：商,,,,01580000
RPTQMLLMJHPFFBB28CC,錦村段,.00,都市：住,,,,02130085
RPVQMLLMJHPFFBB48CC,水源段,.00,都市：商,,,,00280030
RPVQMLLMJHPFFBB48CC,水源段,.00,都市：商,,,,00280139
RPVQMLLMJHPFFBB48CC,水源段,.00,都市：商,,,,00300005
RPVQMLLMJHPFFBB48CC,水源段,.00,都市：商,,,,00300006
RPOPMLLMJHPFFAB57CC,中墩段四小段,.00,都市：商,,,,00250027
RPOPMLLMJHPFFAB57CC,中墩段四小段,.00,都市：商,,,,00250035
RPUQMLLMJHPFFBB38CC,景美段,.00,都市：住,,,,02920000
RPOQMLLMJHPFFCB87CC,寶文段,.00,非都市： ; 非都市編定：,,,,00720019
RPXQMLLMJHPFFBB68CC,水源段,.00,都市：商,,,,00280030
RPXQMLLMJHPFFBB68CC,水源段,.00,都市：商,,,,00280139
RPXQMLLMJHPFFBB68CC,水源段,.00,都市：商,,,,00300005
RPXQMLLMJHPFFBB68CC,水源段,.00,都市：商,,,,00300006
RPTPMLLMJHPFFAB08CC,後?子段,.00,都市：商,,,,01480003
RPTPMLLMJHPFFAB08CC,後?子段,.00,都市：商,,,,01480096
RPTPMLLMJHPFFAB08CC,後?子段,.00,都市：商,,,,01490006
RPXNMLLMJHPFFDB58CC,翁明段,.00,都市：住,,,,02220000
RPORMLLMJHPFFCB97CC,大墩段,.00,都市：住,,,,00200000
RPTOMLLMJHPFFFB48CC,晉江北段,.00,都市：住,,,,01080000
RPOOMLLMJHPFFDB77CC,西湳段,.00,都市：住,,,,06020000
RPQSMLLMJHPFFCB28CC,大新段,.00,都市：住,,,,00700000
RPRSMLLMJHPFFCB38CC,上石碑段,.00,都市：商,,,,20440000
RPPNMLLJKHPFFHB97CC,石牌段,18.20,都市：住,,,,04910000
RPPNMLLJKHPFFHB97CC,嘉豐段,.45,都市：住,,,,10200000
RPUOMLLMJHPFFFB58CC,市鎮南段,.00,都市：商,,,,01190000
RPWOMLNJKHPFFCB48CC,保安段,11.38,都市：住,,,,06360000
RPOPMLNJKHPFFCB77CC,永春段,954.88,都市：住,,,,00020000
RPSQMLNJKHPFFCB28CC,大墩段,16.01,都市：住,,,,04690000
RPQQMLNJKHPFFCB08CC,上石碑段,3.21,都市：住,,,,21060000
RPQNMLLJKHPFFHB08CC,馬岡段,23.95,都市：商,,,,00500000
RPPOMLNJKHPFFAB57CC,萬安段九小段,.00,都市：住,,,,00010000
RPPOMLNJKHPFFAB57CC,正義段九小段,.00,都市：住,,,,00060000
RPWOMLNJKHPFFAB28CC,重慶段二小段,.40,都市：商,,,,00010021
RPPOMLNJKHPFFAB57CC,正義段九小段,.00,都市：商,,,,00070000
RPWOMLNJKHPFFAB28CC,重慶段二小段,.48,都市：商,,,,00010022
RPWOMLNJKHPFFAB28CC,重慶段二小段,.66,都市：商,,,,00010024
RPWOMLNJKHPFFAB28CC,重慶段二小段,.57,都市：商,,,,00010025
RPWOMLNJKHPFFAB28CC,重慶段二小段,.25,都市：商,,,,00010028
RPWOMLNJKHPFFAB28CC,重慶段二小段,.80,都市：商,,,,00010029
RPWOMLNJKHPFFAB28CC,重慶段二小段,.20,都市：商,,,,00010030
RPWOMLNJKHPFFAB28CC,重慶段二小段,.02,都市：商,,,,00010034
RPWOMLNJKHPFFAB28CC,重慶段二小段,.20,都市：商,,,,00010023
RPWOMLNJKHPFFAB28CC,重慶段二小段,.25,都市：商,,,,00010027
RPWNMLNJKHPFFJB09CC,七星段,48.34,非都市：鄉村區 ; 非都市編定：乙種建築用地,,,,06120000
RPXPMLNJKHPFFBB58CC,東信段,12.55,都市：住,,,,02580000
RPTNMLNJKHPFFKB88CC,藝術段,40.25,都市：住,,,,06370000
RPQPMLOJKHPFFBB08DC,賴厝?段,4.21,都市：住,,,,03340000
RPOQMLOJKHPFFBB97DC,平田段,17.20,都市：住,,,,04690002
RPPQMLNJKHPFFBB87CC,軍福段,19.09,都市：住,,,,01980000
RPXNMLOJKHPFFBB48CC,同榮段,.00,都市：住,,,,15090000
RPXOMLMLJHPFFIB56CC,立仁段,23.90,非都市：鄉村區 ; 非都市編定：乙種建築用地,,,,00400000
RPVNMLOJKHPFFCB48DC,福和段,.00,非都市： ; 非都市編定：,,,,01090001
RPTSMLOJKHPFFBB58CC,北屯段,33.20,都市：住,,,,00410082
RPUPMLOJKHPFFBB48DC,陳平段,7.39,都市：住,,,,18770001
RPOTMLOJKHPFFBB18CC,賴厝?段,5.59,都市：住,,,,03430038
RPOTMLOJKHPFFBB18CC,賴厝?段,13.20,都市：住,,,,03430046
RPPQMLOJKHPFFAB87CC,忠孝段四小段,13.22,都市：住,,,,00240010
RPPQMLOJKHPFFAB87CC,忠孝段四小段,13.78,都市：住,,,,00240011
RPXPMLOJKHPFFAB58CC,忠孝段四小段,13.22,都市：住,,,,00240010
RPXPMLOJKHPFFAB58CC,忠孝段四小段,13.78,都市：住,,,,00240011
RPXOMLOJKHPFFAB48CC,麻園頭段,.00,都市：住,,,,01320000
RPUPMLOJKHPFFAB28CC,忠孝段四小段,13.22,都市：住,,,,00240010
RPTPMLOJKHPFFAB18CC,樹子腳段,17.21,都市：住,,,,06010000
RPUPMLOJKHPFFAB28CC,忠孝段四小段,13.78,都市：住,,,,00240011
RPPOMLOJKHPFFJB58CC,勤益段,1.16,非都市：鄉村區 ; 非都市編定：乙種建築用地,,,,04320000
RPOQMLOJKHPFFAB77CC,忠孝段四小段,13.22,都市：住,,,,00240010
RPOQMLOJKHPFFAB77CC,忠孝段四小段,13.78,都市：住,,,,00240011
RPVNMLOJKHPFFDB48CC,豐原段,109.00,都市：住,,,,07660089
RPPNMLOJKHPFFDB87CC,豐原段,112.00,都市：商,,,,00690000
RPUPMLOJKHPFFCB48CC,中正段,51.84,都市：住,,,,01060000
RPPOMLOJKHPFFIB48CC,大孝段,.00,都市：住,,,,02260000
RPVOMLOJKHPFFIB09CC,新甲段,21.21,都市：商,,,,01340000
RPTNMLOJKHPFFHB68CC,秀雅段,64.24,都市：住,,,,04400000
RPPPMLOJKHPFFIB58CC,中興段,.00,都市：商,,,,02010000
RPOPMLOJKHPFFIB48CC,湖日段,70.10,都市：住,,,,01110000
RPVNMLOJKHPFFHB88CC,家興段,18.46,都市：住,,,,08710000
RPRPMLOJKHPFFIB78CC,新榮泉段,.00,都市：住,,,,01460000
RPQPMLPJKHPFFCB18CC,安和段,2401.06,都市：工,,,,02170000
RPSNMLOJKHPFFHB58CC,忠雅段,57.41,都市：住,,,,03650000
RPPNMLPJKHPFFAB67CC,正義段六小段,14.00,都市：住,,,,00150003
RPPNMLPJKHPFFAB67CC,正義段六小段,71.00,都市：住,,,,00150020
RPUOMLPJKHPFFAB28CC,平和段,5.20,都市：商,,,,00500000
RPSNMLQJKHPFFAB28EC,中墩段四小段,5.60,都市：商,,,,00250011
RPSNMLQJKHPFFAB28EC,中墩段四小段,15.75,都市：商,,,,00250021
RPWNMLPJKHPFFAB38CC,旱新段,16.27,都市：商,,,,00760001
RPQNMLQJKHPFFJB88DC,忠平段,361.00,都市：工,,,,01810002
RPSNMLRJKHPFFIB98CC,信義段,31.32,都市：住,,,,03780000
RPQNMLQJKHPFFDB18CC,翁明段,14.74,都市：住,,,,02220000
RPQNMLRJKHPFFBB18DC,文正段,20.45,都市：商,,,,00340005
RPSNMLQJKHPFFCB38DC,上石碑段,5.00,都市：住,,,,06780006
RPSNMLQJKHPFFCB38DC,上石碑段,34.00,都市：住,,,,11270020
RPSNMLQJKHPFFCB38DC,上石碑段,58.00,都市：住,,,,11330007
RPXOMLQJKHPFFAB68CC,後?子段,50.00,都市：其他:第一種商業區(舊有市區地區),,,,01870215
RPXOMLQJKHPFFAB68CC,後?子段,3.00,都市：其他:第一種商業區(舊有市區地區),,,,01870216
RPXOMLQJKHPFFAB68CC,後?子段,11.00,都市：其他:第一種商業區(舊有市區地區),,,,02230048
RPXOMLQJKHPFFAB68CC,後?子段,36.00,都市：其他:第一種商業區(舊有市區地區),,,,03880067
RPPOMLQJKHPFFAB87CC,後?子段,50.00,都市：其他:第一種商業區(舊有市區地區),,,,01870215
RPPOMLQJKHPFFAB87CC,後?子段,3.00,都市：其他:第一種商業區(舊有市區地區),,,,01870216
RPPOMLQJKHPFFAB87CC,後?子段,11.00,都市：其他:第一種商業區(舊有市區地區),,,,02230048
RPPOMLQJKHPFFAB87CC,後?子段,36.00,都市：其他:第一種商業區(舊有市區地區),,,,03880067
RPUOMLRJKHPFFAB48CC,麻園頭段,16.66,都市：住,,,,01320000
RPRNMLKKKHPFFCB67CC,大墩段,.00,都市：住,,,,04700000
RPQOMLKKKHPFFFB97CC,護安段,18.02,都市：住,,,,17630000
RPUNMLKKKHPFFCB97CC,國安段,.00,都市：住,,,,05930491
RPXNMLKKKHPFFCB28CC,中仁段,232.00,都市：商,,,,04940000
RPVOMLKKKHPFFCB18CC,廣明段,.00,都市：住,,,,06080000
RPSOMLRJKHPFFBB38CC,東正段,13.64,都市：住,,,,00250000
RPOTMLKKKHPFFBB87CC,中清段,24.96,都市：住,,,,01000000
RPQTMLKKKHPFFBB08CC,賴厝?段,.21,都市：商,,,,00310003
RPQTMLKKKHPFFBB08CC,邱厝子段,.17,都市：商,,,,00310062
RPVOMLKKKHPFFBB08CC,水湳段,62.00,都市：住,,,,02550000
RPUNMLRJKHPFFBB48CC,松茂段,110.00,都市：住,,,,03950048
RPPQMLKKKHPFFCB77CC,惠民段,16.87,都市：其他:新市政中心專用區,,,,01430001
RPTNMLRJKHPFFBB38CC,東光段,20.57,都市：住,,,,01900001
RPRTMLKKKHPFFBB18CC,邱厝子段,.00,都市：住,,,,00370000
RPVNMLRJKHPFFBB58CC,乾溝子段,15.28,都市：商,,,,00310000
