﻿編號,土地位置,土地移轉面積(平方公尺),使用分區或編定,權利人持分分母,權利人持分分子,移轉情形,地號
The serial number, land position,land shifting area square meter,the use zoning or compiles and checks,,,,land parcel
RPQOMLSLJIOFFBB28CB,平田段,29.92,都市：住,10000,92,持分移轉,01510000
RPOPMLSLJIOFFBB18CB,平田段,29.92,都市：住,10000,92,持分移轉,01510000
RPSOMLSLJIOFFBB48CB,平田段,29.92,都市：住,10000,92,持分移轉,01510000
RPQPMLSLJIOFFBB38CB,平田段,29.92,都市：住,10000,92,持分移轉,01510000
RPWOMLSLJIOFFBB88CB,平田段,30.24,都市：住,10000,93,持分移轉,01510000
RPTPMLSLJIOFFBB68CB,平田段,29.92,都市：住,10000,92,持分移轉,01510000
RPXOMLSLJIOFFBB98CB,平田段,30.24,都市：住,10000,93,持分移轉,01510000
RPPPMLSLJIOFFBB28CB,平田段,29.92,都市：住,10000,92,持分移轉,01510000
RPRPMLSLJIOFFBB48CB,平田段,29.92,都市：住,10000,92,持分移轉,01510000
RPSPMLSLJIOFFBB58CB,平田段,29.92,都市：住,10000,92,持分移轉,01510000
RPPQMLSLJIOFFBB38CB,平田段,25.04,都市：住,10000,77,持分移轉,01510000
RPOQMLSLJIOFFBB28CB,平田段,30.89,都市：住,10000,95,持分移轉,01510000
RPUPMLSLJIOFFBB78CB,平田段,30.24,都市：住,10000,93,持分移轉,01510000
RPVNMLTLJIOFFBB78CB,平田段,25.04,都市：住,10000,77,持分移轉,01510000
RPRQMLSLJIOFFBB58CB,平田段,25.04,都市：住,10000,77,持分移轉,01510000
RPQQMLSLJIOFFBB48CB,平田段,25.04,都市：住,10000,77,持分移轉,01510000
RPSQMLSLJIOFFBB68CB,平田段,25.04,都市：住,10000,77,持分移轉,01510000
RPSOMLTLJIOFFBB58CB,平田段,25.04,都市：住,10000,77,持分移轉,01510000
RPUOMLTLJIOFFBB78CB,平田段,25.04,都市：住,10000,77,持分移轉,01510000
RPQOMLTLJIOFFBB38CB,平田段,25.04,都市：住,10000,77,持分移轉,01510000
RPOOMLTLJIOFFBB18CB,平田段,25.04,都市：住,10000,77,持分移轉,01510000
RPPOMLTLJIOFFBB28CB,平田段,25.04,都市：住,10000,77,持分移轉,01510000
RPXOMLTLJIOFFBB09CB,平田段,25.04,都市：住,10000,77,持分移轉,01510000
RPXNMLTLJIOFFBB98CB,平田段,25.04,都市：住,10000,77,持分移轉,01510000
RPVOMLTLJIOFFBB88CB,平田段,25.04,都市：住,10000,77,持分移轉,01510000
RPTOMLTLJIOFFBB68CB,平田段,25.04,都市：住,10000,77,持分移轉,01510000
RPWOMLTLJIOFFBB98CB,平田段,25.04,都市：住,10000,77,持分移轉,01510000
RPQPMLTLJIOFFBB48CB,平田段,25.04,都市：住,10000,77,持分移轉,01510000
RPPPMLTLJIOFFBB38CB,平田段,25.04,都市：住,10000,77,持分移轉,01510000
RPRPMLTLJIOFFBB58CB,平田段,25.04,都市：住,10000,77,持分移轉,01510000
RPWPMLTLJIOFFBB09CB,平田段,25.04,都市：住,10000,77,持分移轉,01510000
RPOPMLTLJIOFFBB28CB,平田段,25.04,都市：住,10000,77,持分移轉,01510000
RPQQMLTLJIOFFBB58CB,平田段,29.92,都市：住,10000,92,持分移轉,01510000
RPSPMLTLJIOFFBB68CB,平田段,25.04,都市：住,10000,77,持分移轉,01510000
RPTPMLTLJIOFFBB78CB,平田段,25.04,都市：住,10000,77,持分移轉,01510000
RPVPMLTLJIOFFBB98CB,平田段,25.04,都市：住,10000,77,持分移轉,01510000
RPXPMLTLJIOFFBB56CB,平田段,29.92,都市：住,10000,92,持分移轉,01510000
RPTQMLTLJIOFFBB88CB,平田段,30.24,都市：住,10000,93,持分移轉,01510000
RPUQMLTLJIOFFBB98CB,平田段,29.92,都市：住,10000,92,持分移轉,01510000
RPXQMLTLJIOFFBB66CB,平田段,29.92,都市：住,10000,92,持分移轉,01510000
RPQRMLTLJIOFFBB68CB,平田段,25.04,都市：住,10000,77,持分移轉,01510000
RPWQMLTLJIOFFBB56CB,平田段,30.24,都市：住,10000,93,持分移轉,01510000
RPVQMLTLJIOFFBB09CB,平田段,29.92,都市：住,10000,92,持分移轉,01510000
RPORMLTLJIOFFBB48CB,平田段,29.92,都市：住,10000,92,持分移轉,01510000
RPRQMLTLJIOFFBB68CB,平田段,29.92,都市：住,10000,92,持分移轉,01510000
RPSQMLTLJIOFFBB78CB,平田段,29.92,都市：住,10000,92,持分移轉,01510000
RPWRMLTLJIOFFBB66CB,平田段,25.04,都市：住,10000,77,持分移轉,01510000
RPRRMLTLJIOFFBB78CB,平田段,25.04,都市：住,10000,77,持分移轉,01510000
RPOSMLTLJIOFFBB58CB,平田段,25.04,都市：住,10000,77,持分移轉,01510000
RPTRMLTLJIOFFBB98CB,平田段,25.04,都市：住,10000,77,持分移轉,01510000
RPXRMLTLJIOFFBB76CB,平田段,25.04,都市：住,10000,77,持分移轉,01510000
RPPRMLTLJIOFFBB58CB,平田段,29.92,都市：住,10000,92,持分移轉,01510000
RPTSMLTLJIOFFBB09CB,平田段,25.04,都市：住,10000,77,持分移轉,01510000
RPSRMLTLJIOFFBB88CB,平田段,25.04,都市：住,10000,77,持分移轉,01510000
RPVSMLTLJIOFFBB66CB,平田段,25.04,都市：住,10000,77,持分移轉,01510000
RPUSMLTLJIOFFBB56CB,平田段,25.04,都市：住,10000,77,持分移轉,01510000
RPWSMLTLJIOFFBB76CB,平田段,25.04,都市：住,10000,77,持分移轉,01510000
RPOTMLTLJIOFFBB68CB,平田段,25.04,都市：住,10000,77,持分移轉,01510000
RPQSMLTLJIOFFBB78CB,平田段,25.04,都市：住,10000,77,持分移轉,01510000
RPPSMLTLJIOFFBB68CB,平田段,25.04,都市：住,10000,77,持分移轉,01510000
RPSSMLTLJIOFFBB98CB,平田段,25.04,都市：住,10000,77,持分移轉,01510000
RPXSMLTLJIOFFBB86CB,平田段,25.04,都市：住,10000,77,持分移轉,01510000
RPTTMLTLJIOFFBB56CB,平田段,25.04,都市：住,10000,77,持分移轉,01510000
RPRUMLTLJIOFFBB09CB,平田段,26.34,都市：住,10000,81,持分移轉,01510000
RPPUMLTLJIOFFBB88CB,平田段,26.34,都市：住,10000,81,持分移轉,01510000
RPRTMLTLJIOFFBB98CB,平田段,25.04,都市：住,10000,77,持分移轉,01510000
RPUTMLTLJIOFFBB66CB,平田段,25.04,都市：住,10000,77,持分移轉,01510000
RPQUMLTLJIOFFBB98CB,平田段,26.34,都市：住,10000,81,持分移轉,01510000
RPXTMLTLJIOFFBB96CB,平田段,25.04,都市：住,10000,77,持分移轉,01510000
RPOUMLTLJIOFFBB78CB,平田段,25.04,都市：住,10000,77,持分移轉,01510000
RPWTMLTLJIOFFBB86CB,平田段,25.04,都市：住,10000,77,持分移轉,01510000
RPPTMLTLJIOFFBB78CB,平田段,25.04,都市：住,10000,77,持分移轉,01510000
RPTUMLTLJIOFFBB66CB,平田段,26.34,都市：住,10000,81,持分移轉,01510000
RPSUMLTLJIOFFBB56CB,平田段,26.34,都市：住,10000,81,持分移轉,01510000
RPVUMLTLJIOFFBB86CB,平田段,26.67,都市：住,10000,82,持分移轉,01510000
RPWUMLTLJIOFFBB96CB,平田段,26.34,都市：住,10000,81,持分移轉,01510000
RPOVMLTLJIOFFBB88CB,平田段,26.34,都市：住,10000,81,持分移轉,01510000
RPUUMLTLJIOFFBB76CB,平田段,26.34,都市：住,10000,81,持分移轉,01510000
RPXUMLTLJIOFFBB07CB,平田段,26.34,都市：住,10000,81,持分移轉,01510000
RPPVMLTLJIOFFBB98CB,平田段,26.02,都市：住,10000,80,持分移轉,01510000
RPRVMLTLJIOFFBB56CB,平田段,26.02,都市：住,10000,80,持分移轉,01510000
RPUVMLTLJIOFFBB86CB,平田段,26.02,都市：住,10000,80,持分移轉,01510000
RPTVMLTLJIOFFBB76CB,平田段,26.02,都市：住,10000,80,持分移轉,01510000
RPQVMLTLJIOFFBB09CB,平田段,26.02,都市：住,10000,80,持分移轉,01510000
RPVVMLTLJIOFFBB96CB,平田段,26.02,都市：住,10000,80,持分移轉,01510000
RPWVMLTLJIOFFBB07CB,平田段,26.02,都市：住,10000,80,持分移轉,01510000
RPSOMLQJKIOFFBB18CB,平田段,26.02,都市：住,10000,80,持分移轉,01510000
RPROMLQJKIOFFBB08CB,平田段,26.02,都市：住,10000,80,持分移轉,01510000
RPQOMLQJKIOFFBB97CB,平田段,26.34,都市：住,10000,81,持分移轉,01510000
RPTOMLQJKIOFFBB28CB,平田段,26.02,都市：住,10000,80,持分移轉,01510000
RPUOMLQJKIOFFBB38CB,平田段,26.02,都市：住,10000,80,持分移轉,01510000
RPOPMLQJKIOFFBB87CB,平田段,26.02,都市：住,10000,80,持分移轉,01510000
RPVOMLQJKIOFFBB48CB,平田段,26.02,都市：住,10000,80,持分移轉,01510000
RPQPMLQJKIOFFBB08CB,平田段,26.02,都市：住,10000,80,持分移轉,01510000
RPSPMLQJKIOFFBB28CB,平田段,26.02,都市：住,10000,80,持分移轉,01510000
RPRPMLQJKIOFFBB18CB,平田段,26.02,都市：住,10000,80,持分移轉,01510000
RPUPMLQJKIOFFBB48CB,平田段,26.02,都市：住,10000,80,持分移轉,01510000
RPPPMLQJKIOFFBB97CB,平田段,26.02,都市：住,10000,80,持分移轉,01510000
RPTPMLQJKIOFFBB38CB,平田段,26.02,都市：住,10000,80,持分移轉,01510000
RPWPMLQJKIOFFBB68CB,平田段,26.34,都市：住,10000,81,持分移轉,01510000
RPOQMLQJKIOFFBB97CB,平田段,26.34,都市：住,10000,81,持分移轉,01510000
RPPQMLQJKIOFFBB08CB,平田段,26.34,都市：住,10000,81,持分移轉,01510000
RPRQMLQJKIOFFBB28CB,平田段,27.32,都市：住,10000,84,持分移轉,01510000
RPQQMLQJKIOFFBB18CB,平田段,26.34,都市：住,10000,81,持分移轉,01510000
RPSQMLQJKIOFFBB38CB,平田段,27.32,都市：住,10000,84,持分移轉,01510000
RPTQMLQJKIOFFBB48CB,平田段,27.32,都市：住,10000,84,持分移轉,01510000
RPORMLQJKIOFFBB08CB,平田段,27.32,都市：住,10000,84,持分移轉,01510000
RPVQMLQJKIOFFBB68CB,平田段,27.32,都市：住,10000,84,持分移轉,01510000
RPQRMLQJKIOFFBB28CB,平田段,27.32,都市：住,10000,84,持分移轉,01510000
RPSRMLQJKIOFFBB48CB,平田段,27.32,都市：住,10000,84,持分移轉,01510000
RPRRMLQJKIOFFBB38CB,平田段,27.32,都市：住,10000,84,持分移轉,01510000
RPUQMLQJKIOFFBB58CB,平田段,27.32,都市：住,10000,84,持分移轉,01510000
RPURMLQJKIOFFBB68CB,平田段,27.32,都市：住,10000,84,持分移轉,01510000
RPXQMLQJKIOFFBB88CB,平田段,27.32,都市：住,10000,84,持分移轉,01510000
RPTRMLQJKIOFFBB58CB,平田段,27.32,都市：住,10000,84,持分移轉,01510000
RPWRMLQJKIOFFBB88CB,平田段,27.32,都市：住,10000,84,持分移轉,01510000
RPXRMLQJKIOFFBB98CB,平田段,27.32,都市：住,10000,84,持分移轉,01510000
RPOSMLQJKIOFFBB18CB,平田段,26.67,都市：住,10000,82,持分移轉,01510000
RPUNMLPLKIOFFDB58CB,翁明段,22.12,都市：住,10000,66,持分移轉,02220000
RPSNMLPLKIOFFDB38CB,翁明段,15.75,都市：住,10000,47,持分移轉,02220000
RPQSMLQJKIOFFBB38CB,平田段,27.32,都市：住,10000,84,持分移轉,01510000
RPPSMLQJKIOFFBB28CB,平田段,26.67,都市：住,10000,82,持分移轉,01510000
RPROMLMJJHPFFBB57CB,北屯段,14.02,都市：商,100000,1201,持分移轉,04110000
RPXNMLMJJHPFFBB08CB,北屯段,11.95,都市：商,100000,1024,持分移轉,04110000
RPTPMLMJJHPFFBB87CB,北屯段,11.95,都市：商,100000,1024,持分移轉,04110000
RPWNMLMJJHPFFBB97CB,北屯段,11.95,都市：商,100000,1024,持分移轉,04110000
RPOOMLMJJHPFFBB27CB,北屯段,14.02,都市：商,100000,1201,持分移轉,04110000
RPSOMLMJJHPFFBB67CB,北屯段,11.95,都市：商,100000,1024,持分移轉,04110000
RPPOMLMJJHPFFBB37CB,北屯段,18.32,都市：商,100000,1570,持分移轉,04110000
RPUNMLMJJHPFFBB77CB,北屯段,11.95,都市：商,100000,1024,持分移轉,04110000
RPSSMLQJKIOFFBB58CB,平田段,25.69,都市：住,10000,79,持分移轉,01510000
RPVNMLMJJHPFFBB87CB,北屯段,18.26,都市：商,100000,1565,持分移轉,04110000
RPQQMLMJJHPFFBB67CB,北屯段,18.32,都市：商,100000,1570,持分移轉,04110000
RPRQMLMJJHPFFBB77CB,北屯段,14.02,都市：商,100000,1201,持分移轉,04110000
RPTQMLMJJHPFFBB97CB,北屯段,11.95,都市：商,100000,1024,持分移轉,04110000
RPVQMLMJJHPFFBB18CB,北屯段,18.26,都市：商,100000,1565,持分移轉,04110000
RPUQMLMJJHPFFBB08CB,北屯段,14.02,都市：商,100000,1201,持分移轉,04110000
RPOQMLMJJHPFFBB47CB,北屯段,14.02,都市：商,100000,1201,持分移轉,04110000
RPPQMLMJJHPFFBB57CB,北屯段,18.26,都市：商,100000,1565,持分移轉,04110000
RPWQMLMJJHPFFBB28CB,北屯段,18.32,都市：商,100000,1570,持分移轉,04110000
RPSQMLMJJHPFFBB87CB,北屯段,11.95,都市：商,100000,1024,持分移轉,04110000
RPSRMLMJJHPFFBB97CB,北屯段,11.95,都市：商,100000,1024,持分移轉,04110000
RPVRMLMJJHPFFBB28CB,北屯段,14.02,都市：商,100000,1201,持分移轉,04110000
RPWRMLMJJHPFFBB38CB,北屯段,18.32,都市：商,100000,1570,持分移轉,04110000
RPOSMLMJJHPFFBB67CB,北屯段,11.95,都市：商,100000,1024,持分移轉,04110000
RPURMLMJJHPFFBB18CB,北屯段,11.95,都市：商,100000,1024,持分移轉,04110000
RPQRMLMJJHPFFBB77CB,北屯段,11.95,都市：商,100000,1024,持分移轉,04110000
RPPRMLMJJHPFFBB67CB,北屯段,14.02,都市：商,100000,1201,持分移轉,04110000
RPORMLMJJHPFFBB57CB,北屯段,11.95,都市：商,100000,1024,持分移轉,04110000
RPXRMLMJJHPFFBB48CB,北屯段,11.95,都市：商,100000,1024,持分移轉,04110000
RPXQMLMJJHPFFBB38CB,北屯段,14.02,都市：商,100000,1201,持分移轉,04110000
RPPSMLMJJHPFFBB77CB,北屯段,18.26,都市：商,100000,1565,持分移轉,04110000
RPRSMLMJJHPFFBB97CB,北屯段,14.02,都市：商,100000,1201,持分移轉,04110000
RPQSMLMJJHPFFBB87CB,北屯段,18.32,都市：商,100000,1570,持分移轉,04110000
RPVSMLMJJHPFFBB38CB,北屯段,11.95,都市：商,100000,1024,持分移轉,04110000
RPSSMLMJJHPFFBB08CB,北屯段,18.32,都市：商,100000,1570,持分移轉,04110000
RPWSMLMJJHPFFBB48CB,北屯段,18.26,都市：商,100000,1565,持分移轉,04110000
RPPTMLMJJHPFFBB87CB,北屯段,16.70,都市：商,100000,1431,持分移轉,04110000
RPQPMLNKJHPFFBB77CB,錦村段,12.21,都市：商,100000,141,持分移轉,01850000
RPTSMLMJJHPFFBB18CB,北屯段,18.32,都市：商,100000,1570,持分移轉,04110000
RPXSMLMJJHPFFBB58CB,北屯段,16.71,都市：商,100000,1432,持分移轉,04110000
RPWPMLNKJHPFFBB38CB,錦村段,12.21,都市：商,100000,141,持分移轉,01850000
RPRPMLNKJHPFFBB87CB,錦村段,12.21,都市：商,100000,141,持分移轉,01850000
RPSPMLNKJHPFFBB97CB,錦村段,12.21,都市：商,100000,141,持分移轉,01850000
RPVPMLNKJHPFFBB28CB,錦村段,12.21,都市：商,100000,141,持分移轉,01850000
RPTPMLNKJHPFFBB08CB,錦村段,12.21,都市：商,100000,141,持分移轉,01850000
RPPQMLNKJHPFFBB77CB,錦村段,12.21,都市：商,100000,141,持分移轉,01850000
RPRQMLNKJHPFFBB97CB,錦村段,12.21,都市：商,100000,141,持分移轉,01850000
RPURMLNKJHPFFBB38CB,錦村段,9.44,都市：商,100000,109,持分移轉,01850000
RPTRMLNKJHPFFBB28CB,錦村段,12.12,都市：商,100000,140,持分移轉,01850000
RPXPMLNKJHPFFBB48CB,錦村段,12.21,都市：商,100000,141,持分移轉,01850000
RPSRMLNKJHPFFBB18CB,錦村段,12.12,都市：商,100000,140,持分移轉,01850000
RPQQMLNKJHPFFBB87CB,錦村段,12.21,都市：商,100000,141,持分移轉,01850000
RPOQMLNKJHPFFBB67CB,錦村段,12.21,都市：商,100000,141,持分移轉,01850000
RPSQMLNKJHPFFBB08CB,錦村段,12.21,都市：商,100000,141,持分移轉,01850000
RPQRMLNKJHPFFBB97CB,錦村段,12.12,都市：商,100000,140,持分移轉,01850000
RPWRMLNKJHPFFBB58CB,錦村段,12.12,都市：商,100000,140,持分移轉,01850000
RPQSMLNKJHPFFBB08CB,錦村段,12.12,都市：商,100000,140,持分移轉,01850000
RPVRMLNKJHPFFBB48CB,錦村段,12.12,都市：商,100000,140,持分移轉,01850000
RPRSMLNKJHPFFBB18CB,錦村段,9.44,都市：商,100000,109,持分移轉,01850000
RPTSMLNKJHPFFBB38CB,錦村段,11.95,都市：商,100000,138,持分移轉,01850000
RPPSMLNKJHPFFBB97CB,錦村段,12.12,都市：商,100000,140,持分移轉,01850000
RPSSMLNKJHPFFBB28CB,錦村段,11.95,都市：商,100000,138,持分移轉,01850000
RPUSMLNKJHPFFBB48CB,錦村段,11.95,都市：商,100000,138,持分移轉,01850000
RPVSMLNKJHPFFBB58CB,錦村段,11.95,都市：商,100000,138,持分移轉,01850000
RPWSMLNKJHPFFBB68CB,錦村段,9.44,都市：商,100000,109,持分移轉,01850000
RPOTMLNKJHPFFBB97CB,錦村段,11.95,都市：商,100000,138,持分移轉,01850000
RPXSMLNKJHPFFBB78CB,錦村段,11.95,都市：商,100000,138,持分移轉,01850000
RPPTMLNKJHPFFBB08CB,錦村段,11.95,都市：商,100000,138,持分移轉,01850000
RPQTMLNKJHPFFBB18CB,錦村段,11.95,都市：商,100000,138,持分移轉,01850000
RPTTMLNKJHPFFBB48CB,錦村段,9.44,都市：商,100000,109,持分移轉,01850000
RPUTMLNKJHPFFBB58CB,錦村段,9.35,都市：商,100000,108,持分移轉,01850000
RPOUMLNKJHPFFBB08CB,錦村段,9.44,都市：商,100000,109,持分移轉,01850000
RPPUMLNKJHPFFBB18CB,錦村段,9.35,都市：商,100000,108,持分移轉,01850000
RPVTMLNKJHPFFBB68CB,錦村段,9.44,都市：商,100000,109,持分移轉,01850000
RPWTMLNKJHPFFBB78CB,錦村段,9.44,都市：商,100000,109,持分移轉,01850000
RPXTMLNKJHPFFBB88CB,錦村段,9.44,都市：商,100000,109,持分移轉,01850000
RPWUMLNKJHPFFBB88CB,錦村段,9.44,都市：商,100000,109,持分移轉,01850000
RPOVMLNKJHPFFBB18CB,錦村段,9.44,都市：商,100000,109,持分移轉,01850000
RPTVMLNKJHPFFBB68CB,錦村段,9.44,都市：商,100000,109,持分移轉,01850000
RPUVMLNKJHPFFBB78CB,錦村段,9.44,都市：商,100000,109,持分移轉,01850000
RPRVMLNKJHPFFBB48CB,錦村段,9.44,都市：商,100000,109,持分移轉,01850000
RPUUMLNKJHPFFBB68CB,錦村段,9.44,都市：商,100000,109,持分移轉,01850000
RPTUMLNKJHPFFBB58CB,錦村段,9.44,都市：商,100000,109,持分移轉,01850000
RPQVMLNKJHPFFBB38CB,錦村段,9.35,都市：商,100000,108,持分移轉,01850000
RPQUMLNKJHPFFBB28CB,錦村段,9.44,都市：商,100000,109,持分移轉,01850000
RPSUMLNKJHPFFBB48CB,錦村段,9.35,都市：商,100000,108,持分移轉,01850000
RPRWMLNKJHPFFBB58CB,錦村段,12.99,都市：商,100000,150,持分移轉,01850000
RPPWMLNKJHPFFBB38CB,錦村段,13.08,都市：商,100000,151,持分移轉,01850000
RPQWMLNKJHPFFBB48CB,錦村段,9.44,都市：商,100000,109,持分移轉,01850000
RPVWMLNKJHPFFBB98CB,錦村段,9.44,都市：商,100000,109,持分移轉,01850000
RPSWMLNKJHPFFBB68CB,錦村段,15.59,都市：商,100000,180,持分移轉,01850000
RPWVMLNKJHPFFBB98CB,錦村段,9.44,都市：商,100000,109,持分移轉,01850000
RPWWMLNKJHPFFBB09CB,錦村段,12.99,都市：商,100000,150,持分移轉,01850000
RPVVMLNKJHPFFBB88CB,錦村段,9.44,都市：商,100000,109,持分移轉,01850000
RPPNNLNKJHPFFBB57CB,錦村段,13.08,都市：商,100000,151,持分移轉,01850000
RPQNNLNKJHPFFBB67CB,錦村段,13.08,都市：商,100000,151,持分移轉,01850000
RPRNNLNKJHPFFBB77CB,錦村段,9.44,都市：商,100000,109,持分移轉,01850000
RPVNNLNKJHPFFBB18CB,錦村段,13.08,都市：商,100000,151,持分移轉,01850000
RPUNNLNKJHPFFBB08CB,錦村段,9.44,都市：商,100000,109,持分移轉,01850000
RPRONLNKJHPFFBB87CB,錦村段,9.44,都市：商,100000,109,持分移轉,01850000
RPPONLNKJHPFFBB67CB,錦村段,9.44,都市：商,100000,109,持分移轉,01850000
RPWNNLNKJHPFFBB28CB,錦村段,13.08,都市：商,100000,151,持分移轉,01850000
RPVONLNKJHPFFBB28CB,錦村段,13.08,都市：商,100000,151,持分移轉,01850000
RPTONLNKJHPFFBB08CB,錦村段,9.44,都市：商,100000,109,持分移轉,01850000
RPSPNLNKJHPFFBB08CB,錦村段,9.52,都市：商,100000,110,持分移轉,01850000
RPVPNLNKJHPFFBB38CB,錦村段,13.08,都市：商,100000,151,持分移轉,01850000
RPXPNLNKJHPFFBB58CB,錦村段,9.52,都市：商,100000,110,持分移轉,01850000
RPXONLNKJHPFFBB48CB,錦村段,9.44,都市：商,100000,109,持分移轉,01850000
RPTPNLNKJHPFFBB18CB,錦村段,9.52,都市：商,100000,110,持分移轉,01850000
RPOPNLNKJHPFFBB67CB,錦村段,13.08,都市：商,100000,151,持分移轉,01850000
RPXNMLOKJHPFFBB38CB,錦村段,12.04,都市：商,100000,139,持分移轉,01850000
RPUNMLOKJHPFFBB08CB,錦村段,12.21,都市：商,100000,141,持分移轉,01850000
RPQPNLNKJHPFFBB87CB,錦村段,13.08,都市：商,100000,151,持分移轉,01850000
RPPPNLNKJHPFFBB77CB,錦村段,9.44,都市：商,100000,109,持分移轉,01850000
RPROMLOKJHPFFBB87CB,錦村段,15.41,都市：商,100000,178,持分移轉,01850000
RPOOMLOKJHPFFBB57CB,錦村段,12.12,都市：商,100000,140,持分移轉,01850000
RPSOMLOKJHPFFBB97CB,錦村段,15.41,都市：商,100000,178,持分移轉,01850000
RPPOMLOKJHPFFBB67CB,錦村段,15.41,都市：商,100000,178,持分移轉,01850000
RPQOMLOKJHPFFBB77CB,錦村段,15.41,都市：商,100000,178,持分移轉,01850000
RPVOMLOKJHPFFBB28CB,錦村段,15.41,都市：商,100000,178,持分移轉,01850000
RPTOMLOKJHPFFBB08CB,錦村段,15.41,都市：商,100000,178,持分移轉,01850000
RPUOMLOKJHPFFBB18CB,錦村段,15.33,都市：商,100000,177,持分移轉,01850000
RPWOMLOKJHPFFBB38CB,錦村段,15.41,都市：商,100000,178,持分移轉,01850000
RPXOMLOKJHPFFBB48CB,錦村段,15.41,都市：商,100000,178,持分移轉,01850000
RPOPMLOKJHPFFBB67CB,錦村段,9.52,都市：商,100000,110,持分移轉,01850000
RPPPMLOKJHPFFBB77CB,錦村段,15.41,都市：商,100000,178,持分移轉,01850000
RPQPMLOKJHPFFBB87CB,錦村段,9.52,都市：商,100000,110,持分移轉,01850000
RPTPMLOKJHPFFBB18CB,錦村段,15.41,都市：商,100000,178,持分移轉,01850000
RPRPMLOKJHPFFBB97CB,錦村段,15.41,都市：商,100000,178,持分移轉,01850000
RPSPMLOKJHPFFBB08CB,錦村段,15.41,都市：商,100000,178,持分移轉,01850000
RPUPMLOKJHPFFBB28CB,錦村段,15.41,都市：商,100000,178,持分移轉,01850000
RPOQMLOKJHPFFBB77CB,錦村段,15.59,都市：商,100000,180,持分移轉,01850000
RPWPMLOKJHPFFBB48CB,錦村段,15.59,都市：商,100000,180,持分移轉,01850000
RPXPMLOKJHPFFBB58CB,錦村段,15.50,都市：商,100000,179,持分移轉,01850000
RPQQMLOKJHPFFBB97CB,錦村段,15.59,都市：商,100000,180,持分移轉,01850000
RPRQMLOKJHPFFBB08CB,錦村段,15.59,都市：商,100000,180,持分移轉,01850000
RPSQMLOKJHPFFBB18CB,錦村段,15.59,都市：商,100000,180,持分移轉,01850000
RPPQMLOKJHPFFBB87CB,錦村段,15.59,都市：商,100000,180,持分移轉,01850000
RPPRMLOKJHPFFBB97CB,錦村段,15.59,都市：商,100000,180,持分移轉,01850000
RPUQMLOKJHPFFBB38CB,錦村段,15.59,都市：商,100000,180,持分移轉,01850000
RPTQMLOKJHPFFBB28CB,錦村段,15.59,都市：商,100000,180,持分移轉,01850000
RPRRMLOKJHPFFBB18CB,錦村段,15.59,都市：商,100000,180,持分移轉,01850000
RPVQMLOKJHPFFBB48CB,錦村段,15.59,都市：商,100000,180,持分移轉,01850000
RPTRMLOKJHPFFBB38CB,錦村段,15.59,都市：商,100000,180,持分移轉,01850000
RPXRMLOKJHPFFBB78CB,錦村段,15.59,都市：商,100000,180,持分移轉,01850000
RPVRMLOKJHPFFBB58CB,錦村段,15.59,都市：商,100000,180,持分移轉,01850000
RPURMLOKJHPFFBB48CB,錦村段,15.59,都市：商,100000,180,持分移轉,01850000
RPOSMLOKJHPFFBB97CB,錦村段,15.59,都市：商,100000,180,持分移轉,01850000
RPWRMLOKJHPFFBB68CB,錦村段,15.59,都市：商,100000,180,持分移轉,01850000
RPQUMLOKJHPFFBB38CB,錦村段,9.52,都市：商,100000,110,持分移轉,01850000
RPXTMLOKJHPFFBB98CB,錦村段,15.85,都市：商,100000,183,持分移轉,01850000
RPRUMLOKJHPFFBB48CB,錦村段,9.52,都市：商,100000,110,持分移轉,01850000
RPPSMLOKJHPFFBB08CB,錦村段,15.59,都市：商,100000,180,持分移轉,01850000
RPSSMLOKJHPFFBB38CB,錦村段,15.85,都市：商,100000,183,持分移轉,01850000
RPQTMLOKJHPFFBB28CB,錦村段,15.85,都市：商,100000,183,持分移轉,01850000
RPXSMLOKJHPFFBB88CB,錦村段,15.85,都市：商,100000,183,持分移轉,01850000
RPRSMLOKJHPFFBB28CB,錦村段,9.52,都市：商,100000,110,持分移轉,01850000
RPVTMLOKJHPFFBB78CB,錦村段,15.85,都市：商,100000,183,持分移轉,01850000
RPUTMLOKJHPFFBB68CB,錦村段,15.85,都市：商,100000,183,持分移轉,01850000
RPSUMLOKJHPFFBB58CB,錦村段,9.52,都市：商,100000,110,持分移轉,01850000
RPQVMLOKJHPFFBB48CB,錦村段,9.44,都市：商,100000,109,持分移轉,01850000
RPSVMLOKJHPFFBB68CB,錦村段,9.52,都市：商,100000,110,持分移轉,01850000
RPTUMLOKJHPFFBB68CB,錦村段,15.85,都市：商,100000,183,持分移轉,01850000
RPUUMLOKJHPFFBB78CB,錦村段,9.52,都市：商,100000,110,持分移轉,01850000
RPVUMLOKJHPFFBB88CB,錦村段,9.44,都市：商,100000,109,持分移轉,01850000
RPOVMLOKJHPFFBB28CB,錦村段,15.85,都市：商,100000,183,持分移轉,01850000
RPWUMLOKJHPFFBB98CB,錦村段,9.52,都市：商,100000,110,持分移轉,01850000
RPTVMLOKJHPFFBB78CB,錦村段,9.44,都市：商,100000,109,持分移轉,01850000
RPPVMLOKJHPFFBB38CB,錦村段,9.44,都市：商,100000,109,持分移轉,01850000
RPUVMLOKJHPFFBB88CB,錦村段,15.85,都市：商,100000,183,持分移轉,01850000
RPVVMLOKJHPFFBB98CB,錦村段,9.52,都市：商,100000,110,持分移轉,01850000
RPXVMLOKJHPFFBB56CB,錦村段,9.52,都市：商,100000,110,持分移轉,01850000
RPWVMLOKJHPFFBB09CB,錦村段,9.44,都市：商,100000,109,持分移轉,01850000
RPUWMLOKJHPFFBB98CB,錦村段,15.85,都市：商,100000,183,持分移轉,01850000
RPPNNLOKJHPFFBB67CB,錦村段,15.85,都市：商,100000,183,持分移轉,01850000
RPRNNLOKJHPFFBB87CB,錦村段,9.52,都市：商,100000,110,持分移轉,01850000
RPSNNLOKJHPFFBB97CB,錦村段,15.85,都市：商,100000,183,持分移轉,01850000
RPUNNLOKJHPFFBB18CB,錦村段,9.52,都市：商,100000,110,持分移轉,01850000
RPOWMLOKJHPFFBB38CB,錦村段,15.85,都市：商,100000,183,持分移轉,01850000
RPVNNLOKJHPFFBB28CB,錦村段,15.85,都市：商,100000,183,持分移轉,01850000
RPQWMLOKJHPFFBB58CB,錦村段,15.85,都市：商,100000,183,持分移轉,01850000
RPSWMLOKJHPFFBB78CB,錦村段,15.85,都市：商,100000,183,持分移轉,01850000
RPVWMLOKJHPFFBB09CB,錦村段,15.85,都市：商,100000,183,持分移轉,01850000
RPPONLOKJHPFFBB77CB,錦村段,9.35,都市：商,100000,108,持分移轉,01850000
RPXNNLOKJHPFFBB48CB,錦村段,9.44,都市：商,100000,109,持分移轉,01850000
RPUONLOKJHPFFBB28CB,錦村段,9.44,都市：商,100000,109,持分移轉,01850000
RPVONLOKJHPFFBB38CB,錦村段,9.44,都市：商,100000,109,持分移轉,01850000
RPWONLOKJHPFFBB48CB,錦村段,15.85,都市：商,100000,183,持分移轉,01850000
RPQONLOKJHPFFBB87CB,錦村段,9.44,都市：商,100000,109,持分移轉,01850000
RPOONLOKJHPFFBB67CB,錦村段,9.35,都市：商,100000,108,持分移轉,01850000
RPTONLOKJHPFFBB18CB,錦村段,9.44,都市：商,100000,109,持分移轉,01850000
RPPPNLOKJHPFFBB87CB,錦村段,9.44,都市：商,100000,109,持分移轉,01850000
RPXONLOKJHPFFBB58CB,錦村段,9.44,都市：商,100000,109,持分移轉,01850000
RPQPNLOKJHPFFBB97CB,錦村段,15.85,都市：商,100000,183,持分移轉,01850000
RPTPNLOKJHPFFBB28CB,錦村段,9.35,都市：商,100000,108,持分移轉,01850000
RPRPNLOKJHPFFBB08CB,錦村段,9.44,都市：商,100000,109,持分移轉,01850000
RPXPNLOKJHPFFBB68CB,錦村段,15.59,都市：商,100000,180,持分移轉,01850000
RPSPNLOKJHPFFBB18CB,錦村段,9.35,都市：商,100000,108,持分移轉,01850000
RPVPNLOKJHPFFBB48CB,錦村段,9.44,都市：商,100000,109,持分移轉,01850000
RPOQNLOKJHPFFBB87CB,錦村段,15.76,都市：商,100000,182,持分移轉,01850000
RPSQNLOKJHPFFBB28CB,錦村段,9.35,都市：商,100000,108,持分移轉,01850000
RPQQNLOKJHPFFBB08CB,錦村段,15.76,都市：商,100000,182,持分移轉,01850000
RPRQNLOKJHPFFBB18CB,錦村段,9.35,都市：商,100000,108,持分移轉,01850000
RPWPNLOKJHPFFBB58CB,錦村段,15.85,都市：商,100000,183,持分移轉,01850000
RPTQNLOKJHPFFBB38CB,錦村段,9.44,都市：商,100000,109,持分移轉,01850000
RPUQNLOKJHPFFBB48CB,錦村段,9.44,都市：商,100000,109,持分移轉,01850000
RPORNLOKJHPFFBB97CB,錦村段,9.44,都市：商,100000,109,持分移轉,01850000
RPPRNLOKJHPFFBB08CB,錦村段,9.44,都市：商,100000,109,持分移轉,01850000
RPQRNLOKJHPFFBB18CB,錦村段,15.76,都市：商,100000,182,持分移轉,01850000
RPRRNLOKJHPFFBB28CB,錦村段,9.44,都市：商,100000,109,持分移轉,01850000
RPSRNLOKJHPFFBB38CB,錦村段,15.76,都市：商,100000,182,持分移轉,01850000
RPWQNLOKJHPFFBB68CB,錦村段,9.44,都市：商,100000,109,持分移轉,01850000
RPVQNLOKJHPFFBB58CB,錦村段,9.44,都市：商,100000,109,持分移轉,01850000
RPXQNLOKJHPFFBB78CB,錦村段,15.76,都市：商,100000,182,持分移轉,01850000
RPXRNLOKJHPFFBB88CB,錦村段,9.44,都市：商,100000,109,持分移轉,01850000
RPTRNLOKJHPFFBB48CB,錦村段,9.44,都市：商,100000,109,持分移轉,01850000
RPWRNLOKJHPFFBB78CB,錦村段,9.44,都市：商,100000,109,持分移轉,01850000
RPXNMLPKJHPFFBB48CB,錦村段,15.76,都市：商,100000,182,持分移轉,01850000
RPQOMLPKJHPFFBB87CB,錦村段,15.76,都市：商,100000,182,持分移轉,01850000
RPOSNLOKJHPFFBB08CB,錦村段,9.44,都市：商,100000,109,持分移轉,01850000
RPROMLPKJHPFFBB97CB,錦村段,15.76,都市：商,100000,182,持分移轉,01850000
RPPSNLOKJHPFFBB18CB,錦村段,9.44,都市：商,100000,109,持分移轉,01850000
RPTOMLPKJHPFFBB18CB,錦村段,15.76,都市：商,100000,182,持分移轉,01850000
RPSOMLPKJHPFFBB08CB,錦村段,15.76,都市：商,100000,182,持分移轉,01850000
RPOPMLPKJHPFFBB77CB,錦村段,15.41,都市：商,100000,178,持分移轉,01850000
RPQPMLPKJHPFFBB97CB,錦村段,15.76,都市：商,100000,182,持分移轉,01850000
RPSPMLPKJHPFFBB18CB,錦村段,15.76,都市：商,100000,182,持分移轉,01850000
RPTPMLPKJHPFFBB28CB,錦村段,15.41,都市：商,100000,178,持分移轉,01850000
RPRPMLPKJHPFFBB08CB,錦村段,15.41,都市：商,100000,178,持分移轉,01850000
RPOQMLPKJHPFFBB87CB,錦村段,11.95,都市：商,100000,138,持分移轉,01850000
RPVPMLPKJHPFFBB48CB,錦村段,15.41,都市：商,100000,178,持分移轉,01850000
RPPQMLPKJHPFFBB97CB,錦村段,15.76,都市：商,100000,182,持分移轉,01850000
RPRQMLPKJHPFFBB18CB,錦村段,15.41,都市：商,100000,178,持分移轉,01850000
RPQQMLPKJHPFFBB08CB,錦村段,15.41,都市：商,100000,178,持分移轉,01850000
RPQRMLPKJHPFFBB18CB,錦村段,15.41,都市：商,100000,178,持分移轉,01850000
RPXRMLPKJHPFFBB88CB,錦村段,15.41,都市：商,100000,178,持分移轉,01850000
RPORMLPKJHPFFBB97CB,錦村段,15.41,都市：商,100000,178,持分移轉,01850000
RPQSMLPKJHPFFBB28CB,錦村段,15.41,都市：商,100000,178,持分移轉,01850000
RPWRMLPKJHPFFBB78CB,錦村段,15.41,都市：商,100000,178,持分移轉,01850000
RPSQMLPKJHPFFBB28CB,錦村段,15.76,都市：商,100000,182,持分移轉,01850000
RPTRMLPKJHPFFBB48CB,錦村段,15.41,都市：商,100000,178,持分移轉,01850000
RPSRMLPKJHPFFBB38CB,錦村段,15.76,都市：商,100000,182,持分移轉,01850000
RPWQMLPKJHPFFBB68CB,錦村段,15.76,都市：商,100000,182,持分移轉,01850000
RPPTMLPKJHPFFBB28CB,錦村段,12.04,都市：商,100000,139,持分移轉,01850000
RPSTMLPKJHPFFBB58CB,錦村段,12.21,都市：商,100000,141,持分移轉,01850000
RPVTMLPKJHPFFBB88CB,錦村段,15.41,都市：商,100000,178,持分移轉,01850000
RPTTMLPKJHPFFBB68CB,錦村段,12.12,都市：商,100000,140,持分移轉,01850000
RPRTMLPKJHPFFBB48CB,錦村段,15.41,都市：商,100000,178,持分移轉,01850000
RPUTMLPKJHPFFBB78CB,錦村段,15.41,都市：商,100000,178,持分移轉,01850000
RPUQMLPKJHPFFBB48CB,錦村段,15.41,都市：商,100000,178,持分移轉,01850000
RPXTMLPKJHPFFBB09CB,錦村段,11.95,都市：商,100000,138,持分移轉,01850000
RPOUMLPKJHPFFBB28CB,錦村段,11.95,都市：商,100000,138,持分移轉,01850000
RPPUMLPKJHPFFBB38CB,錦村段,15.41,都市：商,100000,178,持分移轉,01850000
RPSUMLPKJHPFFBB68CB,錦村段,15.41,都市：商,100000,178,持分移轉,01850000
RPPVMLPKJHPFFBB48CB,錦村段,15.85,都市：商,100000,183,持分移轉,01850000
RPRWMLPKJHPFFBB78CB,錦村段,15.85,都市：商,100000,183,持分移轉,01850000
RPRVMLPKJHPFFBB68CB,錦村段,15.85,都市：商,100000,183,持分移轉,01850000
RPTVMLPKJHPFFBB88CB,錦村段,11.95,都市：商,100000,138,持分移轉,01850000
RPVVMLPKJHPFFBB09CB,錦村段,15.85,都市：商,100000,183,持分移轉,01850000
RPQTMLPKJHPFFBB38CB,錦村段,12.21,都市：商,100000,141,持分移轉,01850000
RPTWMLPKJHPFFBB98CB,錦村段,11.95,都市：商,100000,138,持分移轉,01850000
RPQUMLPKJHPFFBB48CB,錦村段,15.41,都市：商,100000,178,持分移轉,01850000
RPWWMLPKJHPFFBB66CB,錦村段,11.95,都市：商,100000,138,持分移轉,01850000
RPONNLPKJHPFFBB67CB,錦村段,15.85,都市：商,100000,183,持分移轉,01850000
RPPNNLPKJHPFFBB77CB,錦村段,11.95,都市：商,100000,138,持分移轉,01850000
RPOONLPKJHPFFBB77CB,錦村段,11.95,都市：商,100000,138,持分移轉,01850000
RPTNNLPKJHPFFBB18CB,錦村段,11.95,都市：商,100000,138,持分移轉,01850000
RPVONLPKJHPFFBB48CB,錦村段,11.95,都市：商,100000,138,持分移轉,01850000
RPOPNLPKJHPFFBB87CB,錦村段,15.85,都市：商,100000,183,持分移轉,01850000
RPUNNLPKJHPFFBB28CB,錦村段,15.85,都市：商,100000,183,持分移轉,01850000
RPSPNLPKJHPFFBB28CB,錦村段,15.59,都市：商,100000,180,持分移轉,01850000
RPTPNLPKJHPFFBB38CB,錦村段,15.59,都市：商,100000,180,持分移轉,01850000
RPWNNLPKJHPFFBB48CB,錦村段,11.86,都市：商,100000,137,持分移轉,01850000
RPSONLPKJHPFFBB18CB,錦村段,11.95,都市：商,100000,138,持分移轉,01850000
RPRPNLPKJHPFFBB18CB,錦村段,15.59,都市：商,100000,180,持分移轉,01850000
RPUPNLPKJHPFFBB48CB,錦村段,15.59,都市：商,100000,180,持分移轉,01850000
RPVPNLPKJHPFFBB58CB,錦村段,15.59,都市：商,100000,180,持分移轉,01850000
RPORNLPKJHPFFBB08CB,錦村段,15.85,都市：商,100000,183,持分移轉,01850000
RPRQNLPKJHPFFBB28CB,錦村段,15.59,都市：商,100000,180,持分移轉,01850000
RPWQNLPKJHPFFBB78CB,錦村段,15.59,都市：商,100000,180,持分移轉,01850000
RPOQNLPKJHPFFBB97CB,錦村段,15.59,都市：商,100000,180,持分移轉,01850000
RPXQNLPKJHPFFBB88CB,錦村段,15.85,都市：商,100000,183,持分移轉,01850000
RPQRNLPKJHPFFBB28CB,錦村段,15.41,都市：商,100000,178,持分移轉,01850000
RPUQNLPKJHPFFBB58CB,錦村段,15.59,都市：商,100000,180,持分移轉,01850000
RPSQNLPKJHPFFBB38CB,錦村段,15.59,都市：商,100000,180,持分移轉,01850000
RPXPNLPKJHPFFBB78CB,錦村段,15.85,都市：商,100000,183,持分移轉,01850000
RPTQNLPKJHPFFBB48CB,錦村段,11.95,都市：商,100000,138,持分移轉,01850000
RPVRNLPKJHPFFBB78CB,錦村段,15.85,都市：商,100000,183,持分移轉,01850000
RPRRNLPKJHPFFBB38CB,錦村段,11.95,都市：商,100000,138,持分移轉,01850000
RPPOMLQKJHPFFBB87CB,錦村段,15.85,都市：商,100000,183,持分移轉,01850000
RPVNMLQKJHPFFBB38CB,錦村段,15.85,都市：商,100000,183,持分移轉,01850000
RPQOMLQKJHPFFBB97CB,錦村段,15.59,都市：商,100000,180,持分移轉,01850000
RPTRNLPKJHPFFBB58CB,錦村段,15.85,都市：商,100000,183,持分移轉,01850000
RPVOMLQKJHPFFBB48CB,錦村段,15.59,都市：商,100000,180,持分移轉,01850000
RPTOMLQKJHPFFBB28CB,錦村段,15.59,都市：商,100000,180,持分移轉,01850000
RPSOMLQKJHPFFBB18CB,錦村段,15.85,都市：商,100000,183,持分移轉,01850000
RPROMLQKJHPFFBB08CB,錦村段,15.67,都市：商,100000,181,持分移轉,01850000
RPOPMLQKJHPFFBB87CB,錦村段,15.41,都市：商,100000,178,持分移轉,01850000
RPRPMLQKJHPFFBB18CB,錦村段,15.85,都市：商,100000,183,持分移轉,01850000
RPSPMLQKJHPFFBB28CB,錦村段,15.59,都市：商,100000,180,持分移轉,01850000
RPWPMLQKJHPFFBB68CB,錦村段,15.85,都市：商,100000,183,持分移轉,01850000
RPTPMLQKJHPFFBB38CB,錦村段,15.85,都市：商,100000,183,持分移轉,01850000
RPWOMLQKJHPFFBB58CB,錦村段,15.85,都市：商,100000,183,持分移轉,01850000
RPXOMLQKJHPFFBB68CB,錦村段,15.59,都市：商,100000,180,持分移轉,01850000
RPQPMLQKJHPFFBB08CB,錦村段,15.59,都市：商,100000,180,持分移轉,01850000
RPTSMLQKJHPFFBB68CB,錦村段,13.08,都市：商,100000,151,持分移轉,01850000
RPSSMLQKJHPFFBB58CB,錦村段,13.08,都市：商,100000,151,持分移轉,01850000
RPOTMLQKJHPFFBB28CB,錦村段,13.08,都市：商,100000,151,持分移轉,01850000
RPQTMLQKJHPFFBB48CB,錦村段,15.76,都市：商,100000,182,持分移轉,01850000
RPUSMLQKJHPFFBB78CB,錦村段,15.76,都市：商,100000,182,持分移轉,01850000
RPVTMLQKJHPFFBB98CB,錦村段,13.08,都市：商,100000,151,持分移轉,01850000
RPUUMLQKJHPFFBB98CB,錦村段,13.08,都市：商,100000,151,持分移轉,01850000
RPOUMLQKJHPFFBB38CB,錦村段,15.76,都市：商,100000,182,持分移轉,01850000
RPQUMLQKJHPFFBB58CB,錦村段,15.76,都市：商,100000,182,持分移轉,01850000
RPTTMLQKJHPFFBB78CB,錦村段,13.08,都市：商,100000,151,持分移轉,01850000
RPSTMLQKJHPFFBB68CB,錦村段,15.76,都市：商,100000,182,持分移轉,01850000
RPTUMLQKJHPFFBB88CB,錦村段,15.76,都市：商,100000,182,持分移轉,01850000
RPSUMLQKJHPFFBB78CB,錦村段,13.08,都市：商,100000,151,持分移轉,01850000
RPRVMLQKJHPFFBB78CB,錦村段,15.76,都市：商,100000,182,持分移轉,01850000
RPTVMLQKJHPFFBB98CB,錦村段,15.76,都市：商,100000,182,持分移轉,01850000
RPWTMLQKJHPFFBB09CB,錦村段,15.76,都市：商,100000,182,持分移轉,01850000
RPXVMLQKJHPFFBB76CB,錦村段,15.76,都市：商,100000,182,持分移轉,01850000
RPRTMLQKJHPFFBB58CB,錦村段,15.76,都市：商,100000,182,持分移轉,01850000
RPPVMLQKJHPFFBB58CB,錦村段,15.76,都市：商,100000,182,持分移轉,01850000
RPUVMLQKJHPFFBB09CB,錦村段,15.76,都市：商,100000,182,持分移轉,01850000
RPRWMLQKJHPFFBB88CB,錦村段,15.76,都市：商,100000,182,持分移轉,01850000
RPUWMLQKJHPFFBB56CB,錦村段,9.87,都市：商,100000,114,持分移轉,01850000
RPPNNLQKJHPFFBB87CB,錦村段,9.78,都市：商,100000,113,持分移轉,01850000
RPTNMLQKJHPFFHB78CB,四德段,25.87,都市：住,100000,1264,持分移轉,03230000
RPTNNLQKJHPFFBB28CB,錦村段,15.76,都市：商,100000,182,持分移轉,01850000
RPSOMLRKJHPFFHB88CB,四德段,26.00,都市：住,100000,1270,持分移轉,03230000
RPXNMLQKJHPFFHB56CB,四德段,24.97,都市：住,100000,1220,持分移轉,03230000
RPRQMLRKJHPFFCB48CB,民安段,45.31,都市：住,100000,4199,持分移轉,10800000
RPXWMLQKJHPFFBB86CB,錦村段,15.76,都市：商,100000,182,持分移轉,01850000
RPSQMLRKJHPFFCB58CB,民安段,45.05,都市：住,100000,4175,持分移轉,10800000
RPWNNLQKJHPFFBB58CB,錦村段,9.87,都市：商,100000,114,持分移轉,01850000
RPTQMLRKJHPFFCB68CB,民安段,45.31,都市：住,100000,4199,持分移轉,10800000
RPVQMLRKJHPFFCB88CB,民安段,45.05,都市：住,100000,4175,持分移轉,10800000
RPUQMLRKJHPFFCB78CB,民安段,44.94,都市：住,100000,4165,持分移轉,10800000
RPWQMLRKJHPFFCB98CB,民安段,45.31,都市：住,100000,4199,持分移轉,10800000
RPXQMLRKJHPFFCB09CB,民安段,45.20,都市：住,100000,4189,持分移轉,10800000
RPPRMLRKJHPFFCB38CB,民安段,45.20,都市：住,100000,4189,持分移轉,10800000
RPTRMLRKJHPFFCB78CB,民安段,45.05,都市：住,100000,4175,持分移轉,10800000
RPSRMLRKJHPFFCB68CB,民安段,45.16,都市：住,100000,4185,持分移轉,10800000
RPVRMLRKJHPFFCB98CB,民安段,45.64,都市：住,100000,4230,持分移轉,10800000
RPQRMLRKJHPFFCB48CB,民安段,40.03,都市：住,100000,3710,持分移轉,10800000
RPURMLRKJHPFFCB88CB,民安段,45.05,都市：住,100000,4175,持分移轉,10800000
RPORMLRKJHPFFCB28CB,民安段,45.05,都市：住,100000,4175,持分移轉,10800000
RPOSMLRKJHPFFCB38CB,民安段,45.31,都市：住,100000,4199,持分移轉,10800000
RPPSMLRKJHPFFCB48CB,民安段,45.05,都市：住,100000,4175,持分移轉,10800000
RPRNMLRKJHPFFBB08CB,錦村段,9.87,都市：商,100000,114,持分移轉,01850000
RPTNMLRKJHPFFBB28CB,錦村段,13.08,都市：商,100000,151,持分移轉,01850000
RPVNMLRKJHPFFBB48CB,錦村段,13.08,都市：商,100000,151,持分移轉,01850000
RPUNMLRKJHPFFBB38CB,錦村段,9.87,都市：商,100000,114,持分移轉,01850000
RPWNMLRKJHPFFBB58CB,錦村段,9.87,都市：商,100000,114,持分移轉,01850000
RPWRMLRKJHPFFCB09CB,民安段,45.31,都市：住,100000,4199,持分移轉,10800000
RPXNMLRKJHPFFBB68CB,錦村段,13.08,都市：商,100000,151,持分移轉,01850000
RPOOMLRKJHPFFBB87CB,錦村段,9.78,都市：商,100000,113,持分移轉,01850000
RPPOMLRKJHPFFBB97CB,錦村段,13.08,都市：商,100000,151,持分移轉,01850000
RPXRMLRKJHPFFCB56CB,民安段,45.31,都市：住,100000,4199,持分移轉,10800000
RPQOMLRKJHPFFBB08CB,錦村段,13.08,都市：商,100000,151,持分移轉,01850000
RPWOMLRKJHPFFBB68CB,錦村段,13.08,都市：商,100000,151,持分移轉,01850000
RPSOMLRKJHPFFBB28CB,錦村段,12.99,都市：商,100000,150,持分移轉,01850000
RPUOMLRKJHPFFBB48CB,錦村段,13.08,都市：商,100000,151,持分移轉,01850000
RPPPMLRKJHPFFBB08CB,錦村段,9.87,都市：商,100000,114,持分移轉,01850000
RPWPMLRKJHPFFBB78CB,錦村段,11.95,都市：商,100000,138,持分移轉,01850000
RPVPMLRKJHPFFBB68CB,錦村段,9.52,都市：商,100000,110,持分移轉,01850000
RPTPMLRKJHPFFBB48CB,錦村段,9.52,都市：商,100000,110,持分移轉,01850000
RPXOMLRKJHPFFBB78CB,錦村段,13.08,都市：商,100000,151,持分移轉,01850000
RPROMLRKJHPFFBB18CB,錦村段,9.87,都市：商,100000,114,持分移轉,01850000
RPQPMLRKJHPFFBB18CB,錦村段,9.87,都市：商,100000,114,持分移轉,01850000
RPPQMLRKJHPFFBB18CB,錦村段,11.95,都市：商,100000,138,持分移轉,01850000
RPPRMLRKJHPFFBB28CB,錦村段,9.61,都市：商,100000,111,持分移轉,01850000
RPOQMLRKJHPFFBB08CB,錦村段,9.61,都市：商,100000,111,持分移轉,01850000
RPQQMLRKJHPFFBB28CB,錦村段,9.61,都市：商,100000,111,持分移轉,01850000
RPXQMLRKJHPFFBB98CB,錦村段,9.61,都市：商,100000,111,持分移轉,01850000
RPSRMLRKJHPFFBB58CB,錦村段,13.08,都市：商,100000,151,持分移轉,01850000
RPVRMLRKJHPFFBB88CB,錦村段,9.61,都市：商,100000,111,持分移轉,01850000
RPPSMLRKJHPFFBB38CB,錦村段,11.95,都市：商,100000,138,持分移轉,01850000
RPWRMLRKJHPFFBB98CB,錦村段,9.61,都市：商,100000,111,持分移轉,01850000
RPQSMLRKJHPFFBB48CB,錦村段,9.61,都市：商,100000,111,持分移轉,01850000
RPXRMLRKJHPFFBB09CB,錦村段,11.95,都市：商,100000,138,持分移轉,01850000
RPQRMLRKJHPFFBB38CB,錦村段,9.61,都市：商,100000,111,持分移轉,01850000
RPSSMLRKJHPFFBB68CB,錦村段,9.61,都市：商,100000,111,持分移轉,01850000
RPTSMLRKJHPFFBB78CB,錦村段,9.61,都市：商,100000,111,持分移轉,01850000
RPURMLRKJHPFFBB78CB,錦村段,12.12,都市：商,100000,140,持分移轉,01850000
RPOTMLRKJHPFFBB38CB,錦村段,9.61,都市：商,100000,111,持分移轉,01850000
RPVSMLRKJHPFFBB98CB,錦村段,11.95,都市：商,100000,138,持分移轉,01850000
RPRSMLRKJHPFFBB58CB,錦村段,12.04,都市：商,100000,139,持分移轉,01850000
RPWTMLRKJHPFFBB56CB,錦村段,11.95,都市：商,100000,138,持分移轉,01850000
RPPTMLRKJHPFFBB48CB,錦村段,11.95,都市：商,100000,138,持分移轉,01850000
RPUSMLRKJHPFFBB88CB,錦村段,11.95,都市：商,100000,138,持分移轉,01850000
RPWSMLRKJHPFFBB09CB,錦村段,9.61,都市：商,100000,111,持分移轉,01850000
RPOUMLRKJHPFFBB48CB,錦村段,9.61,都市：商,100000,111,持分移轉,01850000
RPSUMLRKJHPFFBB88CB,錦村段,11.95,都市：商,100000,138,持分移轉,01850000
RPTUMLRKJHPFFBB98CB,錦村段,9.61,都市：商,100000,111,持分移轉,01850000
RPVTMLRKJHPFFBB09CB,錦村段,9.61,都市：商,100000,111,持分移轉,01850000
RPRVMLRKJHPFFBB88CB,錦村段,11.95,都市：商,100000,138,持分移轉,01850000
RPTVMLRKJHPFFBB09CB,錦村段,11.95,都市：商,100000,138,持分移轉,01850000
RPVVMLRKJHPFFBB66CB,錦村段,9.61,都市：商,100000,111,持分移轉,01850000
RPOWMLRKJHPFFBB68CB,錦村段,11.95,都市：商,100000,138,持分移轉,01850000
RPWUMLRKJHPFFBB66CB,錦村段,9.52,都市：商,100000,110,持分移轉,01850000
RPPONLRKJHPFFBB08CB,錦村段,9.44,都市：商,100000,109,持分移轉,01850000
RPSNNLRKJHPFFBB28CB,錦村段,11.95,都市：商,100000,138,持分移轉,01850000
RPTNNLRKJHPFFBB38CB,錦村段,9.35,都市：商,100000,108,持分移轉,01850000
RPWNNLRKJHPFFBB68CB,錦村段,9.44,都市：商,100000,109,持分移轉,01850000
RPUWMLRKJHPFFBB66CB,錦村段,11.95,都市：商,100000,138,持分移轉,01850000
RPUNNLRKJHPFFBB48CB,錦村段,11.95,都市：商,100000,138,持分移轉,01850000
RPXWMLRKJHPFFBB96CB,錦村段,11.95,都市：商,100000,138,持分移轉,01850000
RPRNNLRKJHPFFBB18CB,錦村段,9.35,都市：商,100000,108,持分移轉,01850000
RPVNNLRKJHPFFBB58CB,錦村段,11.95,都市：商,100000,138,持分移轉,01850000
RPQONLRKJHPFFBB18CB,錦村段,11.95,都市：商,100000,138,持分移轉,01850000
RPXONLRKJHPFFBB88CB,錦村段,12.04,都市：商,100000,139,持分移轉,01850000
RPTPNLRKJHPFFBB58CB,錦村段,12.12,都市：商,100000,140,持分移轉,01850000
RPOPNLRKJHPFFBB08CB,錦村段,11.95,都市：商,100000,138,持分移轉,01850000
RPWNMLSKJHPFFBB68CB,錦村段,9.44,都市：商,100000,109,持分移轉,01850000
RPPNMLSKJHPFFBB97CB,錦村段,9.44,都市：商,100000,109,持分移轉,01850000
RPUONLRKJHPFFBB58CB,錦村段,11.95,都市：商,100000,138,持分移轉,01850000
RPTNMLSKJHPFFBB38CB,錦村段,9.44,都市：商,100000,109,持分移轉,01850000
RPQNMLSKJHPFFBB08CB,錦村段,9.35,都市：商,100000,108,持分移轉,01850000
RPOOMLSKJHPFFBB97CB,錦村段,9.44,都市：商,100000,109,持分移轉,01850000
RPXNMLSKJHPFFBB78CB,錦村段,9.44,都市：商,100000,109,持分移轉,01850000
RPPOMLSKJHPFFBB08CB,錦村段,9.44,都市：商,100000,109,持分移轉,01850000
RPQOMLSKJHPFFBB18CB,錦村段,9.44,都市：商,100000,109,持分移轉,01850000
RPROMLSKJHPFFBB28CB,錦村段,9.35,都市：商,100000,108,持分移轉,01850000
RPVOMLSKJHPFFBB68CB,錦村段,9.44,都市：商,100000,109,持分移轉,01850000
RPSOMLSKJHPFFBB38CB,錦村段,9.35,都市：商,100000,108,持分移轉,01850000
RPOPMLSKJHPFFBB08CB,錦村段,9.44,都市：商,100000,109,持分移轉,01850000
RPTOMLSKJHPFFBB48CB,錦村段,9.44,都市：商,100000,109,持分移轉,01850000
RPUOMLSKJHPFFBB58CB,錦村段,9.44,都市：商,100000,109,持分移轉,01850000
RPWOMLSKJHPFFBB78CB,錦村段,9.44,都市：商,100000,109,持分移轉,01850000
RPQPMLSKJHPFFBB28CB,錦村段,9.44,都市：商,100000,109,持分移轉,01850000
RPXPMLSKJHPFFBB98CB,錦村段,9.35,都市：商,100000,108,持分移轉,01850000
RPVPMLSKJHPFFBB78CB,錦村段,9.35,都市：商,100000,108,持分移轉,01850000
RPSPMLSKJHPFFBB48CB,錦村段,9.44,都市：商,100000,109,持分移轉,01850000
RPRPMLSKJHPFFBB38CB,錦村段,12.21,都市：商,100000,141,持分移轉,01850000
RPUPMLSKJHPFFBB68CB,錦村段,9.44,都市：商,100000,109,持分移轉,01850000
RPPQMLSKJHPFFBB28CB,錦村段,9.35,都市：商,100000,108,持分移轉,01850000
RPRQMLSKJHPFFBB48CB,錦村段,9.44,都市：商,100000,109,持分移轉,01850000
RPOQMLSKJHPFFBB18CB,錦村段,9.44,都市：商,100000,109,持分移轉,01850000
RPUQMLSKJHPFFBB78CB,錦村段,9.44,都市：商,100000,109,持分移轉,01850000
RPSQMLSKJHPFFBB58CB,錦村段,9.44,都市：商,100000,109,持分移轉,01850000
RPVQMLSKJHPFFBB88CB,錦村段,9.44,都市：商,100000,109,持分移轉,01850000
RPWQMLSKJHPFFBB98CB,錦村段,12.30,都市：商,100000,142,持分移轉,01850000
RPXQMLSKJHPFFBB09CB,錦村段,9.44,都市：商,100000,109,持分移轉,01850000
RPRRMLSKJHPFFBB58CB,錦村段,12.12,都市：商,100000,140,持分移轉,01850000
RPORMLSKJHPFFBB28CB,錦村段,9.35,都市：商,100000,108,持分移轉,01850000
RPPRMLSKJHPFFBB38CB,錦村段,12.30,都市：商,100000,142,持分移轉,01850000
RPQRMLSKJHPFFBB48CB,錦村段,9.35,都市：商,100000,108,持分移轉,01850000
RPVRMLSKJHPFFBB98CB,錦村段,9.35,都市：商,100000,108,持分移轉,01850000
RPSRMLSKJHPFFBB68CB,錦村段,12.12,都市：商,100000,140,持分移轉,01850000
RPURMLSKJHPFFBB88CB,錦村段,12.30,都市：商,100000,142,持分移轉,01850000
RPPSMLSKJHPFFBB48CB,錦村段,9.44,都市：商,100000,109,持分移轉,01850000
RPRSMLSKJHPFFBB68CB,錦村段,9.44,都市：商,100000,109,持分移轉,01850000
RPTRMLSKJHPFFBB78CB,錦村段,12.12,都市：商,100000,140,持分移轉,01850000
RPSSMLSKJHPFFBB78CB,錦村段,9.44,都市：商,100000,109,持分移轉,01850000
RPOSMLSKJHPFFBB38CB,錦村段,12.30,都市：商,100000,142,持分移轉,01850000
RPWRMLSKJHPFFBB09CB,錦村段,12.30,都市：商,100000,142,持分移轉,01850000
RPTSMLSKJHPFFBB88CB,錦村段,9.44,都市：商,100000,109,持分移轉,01850000
RPUSMLSKJHPFFBB98CB,錦村段,9.44,都市：商,100000,109,持分移轉,01850000
RPWSMLSKJHPFFBB56CB,錦村段,9.44,都市：商,100000,109,持分移轉,01850000
RPXSMLSKJHPFFBB66CB,錦村段,9.35,都市：商,100000,108,持分移轉,01850000
RPVSMLSKJHPFFBB09CB,錦村段,9.35,都市：商,100000,108,持分移轉,01850000
RPRTMLSKJHPFFBB78CB,錦村段,9.35,都市：商,100000,108,持分移轉,01850000
RPTTMLSKJHPFFBB98CB,錦村段,9.35,都市：商,100000,108,持分移轉,01850000
RPSTMLSKJHPFFBB88CB,錦村段,9.35,都市：商,100000,108,持分移轉,01850000
RPQTMLSKJHPFFBB68CB,錦村段,9.35,都市：商,100000,108,持分移轉,01850000
RPOTMLSKJHPFFBB48CB,錦村段,9.44,都市：商,100000,109,持分移轉,01850000
RPPTMLSKJHPFFBB58CB,錦村段,9.44,都市：商,100000,109,持分移轉,01850000
RPTUMLSKJHPFFBB09CB,錦村段,9.35,都市：商,100000,108,持分移轉,01850000
RPUTMLSKJHPFFBB09CB,錦村段,9.44,都市：商,100000,109,持分移轉,01850000
RPVUMLSKJHPFFBB66CB,錦村段,9.44,都市：商,100000,109,持分移轉,01850000
RPSUMLSKJHPFFBB98CB,錦村段,9.35,都市：商,100000,108,持分移轉,01850000
RPRUMLSKJHPFFBB88CB,錦村段,9.44,都市：商,100000,109,持分移轉,01850000
RPVTMLSKJHPFFBB56CB,錦村段,9.44,都市：商,100000,109,持分移轉,01850000
RPXTMLSKJHPFFBB76CB,錦村段,9.44,都市：商,100000,109,持分移轉,01850000
RPWTMLSKJHPFFBB66CB,錦村段,9.44,都市：商,100000,109,持分移轉,01850000
RPQUMLSKJHPFFBB78CB,錦村段,9.44,都市：商,100000,109,持分移轉,01850000
RPOUMLSKJHPFFBB58CB,錦村段,9.44,都市：商,100000,109,持分移轉,01850000
RPXUMLSKJHPFFBB86CB,錦村段,9.44,都市：商,100000,109,持分移轉,01850000
RPOVMLSKJHPFFBB68CB,錦村段,9.35,都市：商,100000,108,持分移轉,01850000
RPSVMLSKJHPFFBB09CB,錦村段,9.44,都市：商,100000,109,持分移轉,01850000
RPPVMLSKJHPFFBB78CB,錦村段,9.44,都市：商,100000,109,持分移轉,01850000
RPTVMLSKJHPFFBB56CB,錦村段,9.44,都市：商,100000,109,持分移轉,01850000
RPWVMLSKJHPFFBB86CB,錦村段,9.44,都市：商,100000,109,持分移轉,01850000
RPUVMLSKJHPFFBB66CB,錦村段,9.44,都市：商,100000,109,持分移轉,01850000
RPWUMLSKJHPFFBB76CB,錦村段,9.44,都市：商,100000,109,持分移轉,01850000
RPVVMLSKJHPFFBB76CB,錦村段,9.44,都市：商,100000,109,持分移轉,01850000
RPXVMLSKJHPFFBB96CB,錦村段,9.44,都市：商,100000,109,持分移轉,01850000
RPRWMLSKJHPFFBB09CB,錦村段,9.44,都市：商,100000,109,持分移轉,01850000
RPSWMLSKJHPFFBB56CB,錦村段,9.35,都市：商,100000,108,持分移轉,01850000
RPPWMLSKJHPFFBB88CB,錦村段,9.44,都市：商,100000,109,持分移轉,01850000
RPQWMLSKJHPFFBB98CB,錦村段,9.44,都市：商,100000,109,持分移轉,01850000
RPTWMLSKJHPFFBB66CB,錦村段,9.44,都市：商,100000,109,持分移轉,01850000
RPOWMLSKJHPFFBB78CB,錦村段,9.35,都市：商,100000,108,持分移轉,01850000
RPXWMLSKJHPFFBB07CB,錦村段,12.12,都市：商,100000,140,持分移轉,01850000
RPVWMLSKJHPFFBB86CB,錦村段,9.44,都市：商,100000,109,持分移轉,01850000
RPWWMLSKJHPFFBB96CB,錦村段,9.35,都市：商,100000,108,持分移轉,01850000
RPUWMLSKJHPFFBB76CB,錦村段,9.35,都市：商,100000,108,持分移轉,01850000
RPONNLSKJHPFFBB97CB,錦村段,12.12,都市：商,100000,140,持分移轉,01850000
RPPNNLSKJHPFFBB08CB,錦村段,12.12,都市：商,100000,140,持分移轉,01850000
RPRNNLSKJHPFFBB28CB,錦村段,12.12,都市：商,100000,140,持分移轉,01850000
RPQNNLSKJHPFFBB18CB,錦村段,12.12,都市：商,100000,140,持分移轉,01850000
RPPNMLSKJHPFFHB58CB,四德段,25.87,都市：住,100000,1264,持分移轉,03230000
RPSNMLSKJHPFFHB88CB,四德段,24.97,都市：住,100000,1220,持分移轉,03230000
RPTNMLSKJHPFFHB98CB,四德段,25.20,都市：住,100000,1231,持分移轉,03230000
RPRNMLSKJHPFFHB78CB,四德段,26.30,都市：住,100000,1285,持分移轉,03230000
RPUNMLSKJHPFFHB09CB,四德段,25.20,都市：住,100000,1231,持分移轉,03230000
RPVNMLSKJHPFFHB56CB,四德段,24.97,都市：住,100000,1220,持分移轉,03230000
RPXNMLSKJHPFFHB76CB,四德段,24.97,都市：住,100000,1220,持分移轉,03230000
RPSNNLSKJHPFFBB38CB,錦村段,12.12,都市：商,100000,140,持分移轉,01850000
RPWNMLSKJHPFFHB66CB,四德段,25.20,都市：住,100000,1231,持分移轉,03230000
RPQOMLSKJHPFFHB78CB,四德段,25.20,都市：住,100000,1231,持分移轉,03230000
RPOOMLSKJHPFFHB58CB,四德段,25.83,都市：住,100000,1262,持分移轉,03230000
RPPOMLSKJHPFFHB68CB,四德段,25.20,都市：住,100000,1231,持分移轉,03230000
RPUOMLSKJHPFFHB56CB,四德段,25.87,都市：住,100000,1264,持分移轉,03230000
RPTOMLSKJHPFFHB09CB,四德段,25.71,都市：住,100000,1256,持分移轉,03230000
RPSOMLSKJHPFFHB98CB,四德段,24.97,都市：住,100000,1220,持分移轉,03230000
RPROMLSKJHPFFHB88CB,四德段,25.20,都市：住,100000,1231,持分移轉,03230000
RPWOMLSKJHPFFHB76CB,四德段,26.16,都市：住,100000,1278,持分移轉,03230000
RPVOMLSKJHPFFHB66CB,四德段,26.16,都市：住,100000,1278,持分移轉,03230000
RPPPMLSKJHPFFHB78CB,四德段,26.16,都市：住,100000,1278,持分移轉,03230000
RPXOMLSKJHPFFHB86CB,四德段,24.97,都市：住,100000,1220,持分移轉,03230000
RPQPMLSKJHPFFHB88CB,四德段,25.20,都市：住,100000,1231,持分移轉,03230000
RPOPMLSKJHPFFHB68CB,四德段,24.97,都市：住,100000,1220,持分移轉,03230000
RPTPMLSKJHPFFHB56CB,四德段,26.16,都市：住,100000,1278,持分移轉,03230000
RPWPMLSKJHPFFHB86CB,四德段,25.87,都市：住,100000,1264,持分移轉,03230000
RPUPMLSKJHPFFHB66CB,四德段,26.16,都市：住,100000,1278,持分移轉,03230000
RPRPMLSKJHPFFHB98CB,四德段,24.97,都市：住,100000,1220,持分移轉,03230000
RPVPMLSKJHPFFHB76CB,四德段,25.87,都市：住,100000,1264,持分移轉,03230000
RPOQMLSKJHPFFHB78CB,四德段,26.12,都市：住,100000,1276,持分移轉,03230000
RPSPMLSKJHPFFHB09CB,四德段,26.16,都市：住,100000,1278,持分移轉,03230000
RPXPMLSKJHPFFHB96CB,四德段,25.20,都市：住,100000,1231,持分移轉,03230000
RPRQMLSKJHPFFHB09CB,四德段,26.14,都市：住,100000,1277,持分移轉,03230000
RPQQMLSKJHPFFHB98CB,四德段,26.12,都市：住,100000,1276,持分移轉,03230000
RPPQMLSKJHPFFHB88CB,四德段,24.97,都市：住,100000,1220,持分移轉,03230000
RPSNMLTKJHPFFHB98CB,四德段,25.83,都市：住,100000,1262,持分移轉,03230000
RPSQMLSKJHPFFHB56CB,四德段,25.87,都市：住,100000,1264,持分移轉,03230000
RPQNMLTKJHPFFHB78CB,四德段,26.16,都市：住,100000,1278,持分移轉,03230000
RPSOMLTKJHPFFHB09CB,四德段,25.87,都市：住,100000,1264,持分移轉,03230000
RPOOMLTKJHPFFHB68CB,四德段,26.14,都市：住,100000,1277,持分移轉,03230000
RPTOMLTKJHPFFHB56CB,四德段,25.87,都市：住,100000,1264,持分移轉,03230000
RPROMLTKJHPFFHB98CB,四德段,25.83,都市：住,100000,1262,持分移轉,03230000
RPPOMLTKJHPFFHB78CB,四德段,26.00,都市：住,100000,1270,持分移轉,03230000
RPWNMLTKJHPFFHB76CB,四德段,26.16,都市：住,100000,1278,持分移轉,03230000
RPVNMLTKJHPFFHB66CB,四德段,26.16,都市：住,100000,1278,持分移轉,03230000
RPQOMLTKJHPFFHB88CB,四德段,26.30,都市：住,100000,1285,持分移轉,03230000
RPTNMLTKJHPFFHB09CB,四德段,25.83,都市：住,100000,1262,持分移轉,03230000
RPUNMLTKJHPFFHB56CB,四德段,25.87,都市：住,100000,1264,持分移轉,03230000
RPUOMLTKJHPFFHB66CB,四德段,26.14,都市：住,100000,1277,持分移轉,03230000
RPVOMLTKJHPFFHB76CB,四德段,26.12,都市：住,100000,1276,持分移轉,03230000
RPPPMLTKJHPFFHB88CB,四德段,26.28,都市：住,100000,1284,持分移轉,03230000
RPWOMLTKJHPFFHB86CB,四德段,25.20,都市：住,100000,1231,持分移轉,03230000
RPSPMLTKJHPFFHB56CB,四德段,24.97,都市：住,100000,1220,持分移轉,03230000
RPTPMLTKJHPFFHB66CB,四德段,28.66,都市：住,100000,1400,持分移轉,03230000
RPQPMLTKJHPFFHB98CB,四德段,26.00,都市：住,100000,1270,持分移轉,03230000
RPOPMLTKJHPFFHB78CB,四德段,26.00,都市：住,100000,1270,持分移轉,03230000
RPXOMLTKJHPFFHB96CB,四德段,26.30,都市：住,100000,1285,持分移轉,03230000
RPRPMLTKJHPFFHB09CB,四德段,26.16,都市：住,100000,1278,持分移轉,03230000
RPUPMLTKJHPFFHB76CB,四德段,25.79,都市：住,100000,1260,持分移轉,03230000
RPWNMLTKJHPFFBB78CB,錦村段,9.61,都市：商,100000,111,持分移轉,01850000
RPTNMLTKJHPFFBB48CB,錦村段,12.12,都市：商,100000,140,持分移轉,01850000
RPXNMLTKJHPFFBB88CB,錦村段,13.08,都市：商,100000,151,持分移轉,01850000
RPPOMLTKJHPFFBB18CB,錦村段,15.76,都市：商,100000,182,持分移轉,01850000
RPRNMLTKJHPFFBB28CB,錦村段,9.44,都市：商,100000,109,持分移轉,01850000
RPUNMLTKJHPFFBB58CB,錦村段,9.44,都市：商,100000,109,持分移轉,01850000
RPSNMLTKJHPFFBB38CB,錦村段,9.44,都市：商,100000,109,持分移轉,01850000
RPVNMLTKJHPFFBB68CB,錦村段,9.44,都市：商,100000,109,持分移轉,01850000
RPQOMLTKJHPFFBB28CB,錦村段,15.85,都市：商,100000,183,持分移轉,01850000
RPOOMLTKJHPFFBB08CB,錦村段,13.08,都市：商,100000,151,持分移轉,01850000
RPROMLTKJHPFFBB38CB,錦村段,15.85,都市：商,100000,183,持分移轉,01850000
RPTOMLTKJHPFFBB58CB,錦村段,13.08,都市：商,100000,151,持分移轉,01850000
RPVNMLKLJHPFFHB48CB,四德段,25.83,都市：住,100000,1262,持分移轉,03230000
RPUOMLKLJHPFFBB87CB,錦村段,9.78,都市：商,100000,113,持分移轉,01850000
RPOPMLKLJHPFFBB37CB,錦村段,9.35,都市：商,100000,108,持分移轉,01850000
RPROMLKLJHPFFHB18CB,四德段,24.97,都市：住,100000,1220,持分移轉,03230000
RPPOMLKLJHPFFHB97CB,四德段,24.97,都市：住,100000,1220,持分移轉,03230000
RPSOMLTKJHPFFBB48CB,錦村段,9.52,都市：商,100000,110,持分移轉,01850000
RPQOMLKLJHPFFHB08CB,四德段,52.32,都市：住,100000,2556,持分移轉,03230000
RPWNMLKLJHPFFHB58CB,四德段,51.75,都市：住,100000,2528,持分移轉,03230000
RPROMLKLJHPFFBB57CB,錦村段,11.86,都市：商,100000,137,持分移轉,01850000
RPVOMLKLJHPFFHB58CB,四德段,26.30,都市：住,100000,1285,持分移轉,03230000
RPXOMLKLJHPFFHB78CB,四德段,25.20,都市：住,100000,1231,持分移轉,03230000
RPTOMLKLJHPFFHB38CB,四德段,25.20,都市：住,100000,1231,持分移轉,03230000
RPQQMLKLJHPFFCB77CB,福星段,20.75,都市：住,10000,109,持分移轉,03250000
RPSOMLKLJHPFFHB28CB,四德段,25.20,都市：住,100000,1231,持分移轉,03230000
RPTQMLKLJHPFFCB08CB,福星段,20.75,都市：住,10000,109,持分移轉,03250000
RPUOMLKLJHPFFHB48CB,四德段,25.87,都市：住,100000,1264,持分移轉,03230000
RPOPMLKLJHPFFHB97CB,四德段,25.87,都市：住,100000,1264,持分移轉,03230000
RPXQMLKLJHPFFCB48CB,福星段,20.75,都市：住,10000,109,持分移轉,03250000
RPQPMLKLJHPFFHB18CB,四德段,26.00,都市：住,100000,1270,持分移轉,03230000
RPORMLKLJHPFFCB67CB,福星段,20.75,都市：住,10000,109,持分移轉,03250000
RPQRMLKLJHPFFCB87CB,福星段,20.75,都市：住,10000,109,持分移轉,03250000
RPPRMLKLJHPFFCB77CB,福星段,20.75,都市：住,10000,109,持分移轉,03250000
RPTRMLKLJHPFFCB18CB,福星段,20.75,都市：住,10000,109,持分移轉,03250000
RPURMLKLJHPFFCB28CB,福星段,18.65,都市：住,10000,98,持分移轉,03250000
RPRRMLKLJHPFFCB97CB,福星段,20.75,都市：住,10000,109,持分移轉,03250000
RPQQMLKLJHPFFKB58CB,新庄段,25.06,非都市：鄉村區 ; 非都市編定：乙種建築用地,10000,60,持分移轉,02630000
RPOQMLKLJHPFFKB38CB,新庄段,25.48,非都市：鄉村區 ; 非都市編定：乙種建築用地,10000,61,持分移轉,02630000
RPRPMLKLJHPFFKB58CB,新庄段,25.06,非都市：鄉村區 ; 非都市編定：乙種建築用地,10000,60,持分移轉,02630000
RPUPMLKLJHPFFKB88CB,新庄段,25.06,非都市：鄉村區 ; 非都市編定：乙種建築用地,10000,60,持分移轉,02630000
RPTPMLKLJHPFFKB78CB,新庄段,25.06,非都市：鄉村區 ; 非都市編定：乙種建築用地,10000,60,持分移轉,02630000
RPVPMLKLJHPFFKB98CB,新庄段,25.06,非都市：鄉村區 ; 非都市編定：乙種建築用地,10000,60,持分移轉,02630000
RPPQMLKLJHPFFKB48CB,新庄段,25.06,非都市：鄉村區 ; 非都市編定：乙種建築用地,10000,60,持分移轉,02630000
RPQPMLKLJHPFFKB48CB,新庄段,25.06,非都市：鄉村區 ; 非都市編定：乙種建築用地,10000,60,持分移轉,02630000
RPXPMLKLJHPFFKB56CB,新庄段,25.48,非都市：鄉村區 ; 非都市編定：乙種建築用地,10000,61,持分移轉,02630000
RPWPMLKLJHPFFKB09CB,新庄段,25.48,非都市：鄉村區 ; 非都市編定：乙種建築用地,10000,61,持分移轉,02630000
RPPNMLLLJHPFFKB28CB,新庄段,33.83,非都市：鄉村區 ; 非都市編定：乙種建築用地,10000,81,持分移轉,02630000
RPQNMLLLJHPFFKB38CB,新庄段,33.83,非都市：鄉村區 ; 非都市編定：乙種建築用地,10000,81,持分移轉,02630000
RPTQMLKLJHPFFKB88CB,新庄段,25.06,非都市：鄉村區 ; 非都市編定：乙種建築用地,10000,60,持分移轉,02630000
RPUQMLKLJHPFFKB98CB,新庄段,25.06,非都市：鄉村區 ; 非都市編定：乙種建築用地,10000,60,持分移轉,02630000
RPTNMLLLJHPFFKB68CB,新庄段,33.83,非都市：鄉村區 ; 非都市編定：乙種建築用地,10000,81,持分移轉,02630000
RPRNMLLLJHPFFKB48CB,新庄段,33.83,非都市：鄉村區 ; 非都市編定：乙種建築用地,10000,81,持分移轉,02630000
RPSNMLLLJHPFFKB58CB,新庄段,33.83,非都市：鄉村區 ; 非都市編定：乙種建築用地,10000,81,持分移轉,02630000
RPRQMLKLJHPFFKB68CB,新庄段,25.06,非都市：鄉村區 ; 非都市編定：乙種建築用地,10000,60,持分移轉,02630000
RPVQMLKLJHPFFKB09CB,新庄段,32.99,非都市：鄉村區 ; 非都市編定：乙種建築用地,10000,79,持分移轉,02630000
RPWQMLKLJHPFFKB56CB,新庄段,33.83,非都市：鄉村區 ; 非都市編定：乙種建築用地,10000,81,持分移轉,02630000
RPUNMLLLJHPFFKB78CB,新庄段,33.83,非都市：鄉村區 ; 非都市編定：乙種建築用地,10000,81,持分移轉,02630000
RPWNMLLLJHPFFKB98CB,新庄段,33.83,非都市：鄉村區 ; 非都市編定：乙種建築用地,10000,81,持分移轉,02630000
RPXNMLLLJHPFFKB09CB,新庄段,33.83,非都市：鄉村區 ; 非都市編定：乙種建築用地,10000,81,持分移轉,02630000
RPPOMLLLJHPFFKB38CB,新庄段,25.06,非都市：鄉村區 ; 非都市編定：乙種建築用地,10000,60,持分移轉,02630000
RPOOMLLLJHPFFKB28CB,新庄段,33.83,非都市：鄉村區 ; 非都市編定：乙種建築用地,10000,81,持分移轉,02630000
RPROMLLLJHPFFKB58CB,新庄段,25.06,非都市：鄉村區 ; 非都市編定：乙種建築用地,10000,60,持分移轉,02630000
RPPPMLLLJHPFFKB48CB,新庄段,25.89,非都市：鄉村區 ; 非都市編定：乙種建築用地,10000,62,持分移轉,02630000
RPQPMLLLJHPFFKB58CB,新庄段,25.89,非都市：鄉村區 ; 非都市編定：乙種建築用地,10000,62,持分移轉,02630000
RPTPMLLLJHPFFKB88CB,新庄段,25.89,非都市：鄉村區 ; 非都市編定：乙種建築用地,10000,62,持分移轉,02630000
RPUOMLLLJHPFFKB88CB,新庄段,25.06,非都市：鄉村區 ; 非都市編定：乙種建築用地,10000,60,持分移轉,02630000
RPUPMLLLJHPFFKB98CB,新庄段,25.89,非都市：鄉村區 ; 非都市編定：乙種建築用地,10000,62,持分移轉,02630000
RPTOMLLLJHPFFKB78CB,新庄段,25.06,非都市：鄉村區 ; 非都市編定：乙種建築用地,10000,60,持分移轉,02630000
RPRPMLLLJHPFFKB68CB,新庄段,25.89,非都市：鄉村區 ; 非都市編定：乙種建築用地,10000,62,持分移轉,02630000
RPSPMLLLJHPFFKB78CB,新庄段,25.89,非都市：鄉村區 ; 非都市編定：乙種建築用地,10000,62,持分移轉,02630000
RPVOMLLLJHPFFKB98CB,新庄段,26.31,非都市：鄉村區 ; 非都市編定：乙種建築用地,10000,63,持分移轉,02630000
RPSOMLLLJHPFFKB68CB,新庄段,25.06,非都市：鄉村區 ; 非都市編定：乙種建築用地,10000,60,持分移轉,02630000
RPOQMLLLJHPFFKB48CB,新庄段,25.89,非都市：鄉村區 ; 非都市編定：乙種建築用地,10000,62,持分移轉,02630000
RPWPMLLLJHPFFKB56CB,新庄段,25.89,非都市：鄉村區 ; 非都市編定：乙種建築用地,10000,62,持分移轉,02630000
RPVPMLLLJHPFFKB09CB,新庄段,25.89,非都市：鄉村區 ; 非都市編定：乙種建築用地,10000,62,持分移轉,02630000
RPPQMLLLJHPFFKB58CB,新庄段,25.06,非都市：鄉村區 ; 非都市編定：乙種建築用地,10000,60,持分移轉,02630000
RPRQMLLLJHPFFKB78CB,新庄段,25.06,非都市：鄉村區 ; 非都市編定：乙種建築用地,10000,60,持分移轉,02630000
RPSQMLLLJHPFFKB88CB,新庄段,25.06,非都市：鄉村區 ; 非都市編定：乙種建築用地,10000,60,持分移轉,02630000
RPXPMLLLJHPFFKB66CB,新庄段,25.89,非都市：鄉村區 ; 非都市編定：乙種建築用地,10000,62,持分移轉,02630000
RPTQMLLLJHPFFKB98CB,新庄段,25.06,非都市：鄉村區 ; 非都市編定：乙種建築用地,10000,60,持分移轉,02630000
RPUQMLLLJHPFFKB09CB,新庄段,25.89,非都市：鄉村區 ; 非都市編定：乙種建築用地,10000,62,持分移轉,02630000
RPQQMLLLJHPFFKB68CB,新庄段,25.06,非都市：鄉村區 ; 非都市編定：乙種建築用地,10000,60,持分移轉,02630000
RPTRMLLLJHPFFKB09CB,新庄段,25.06,非都市：鄉村區 ; 非都市編定：乙種建築用地,10000,60,持分移轉,02630000
RPQRMLLLJHPFFKB78CB,新庄段,25.06,非都市：鄉村區 ; 非都市編定：乙種建築用地,10000,60,持分移轉,02630000
RPPRMLLLJHPFFKB68CB,新庄段,25.06,非都市：鄉村區 ; 非都市編定：乙種建築用地,10000,60,持分移轉,02630000
RPORMLLLJHPFFKB58CB,新庄段,25.89,非都市：鄉村區 ; 非都市編定：乙種建築用地,10000,62,持分移轉,02630000
RPWQMLLLJHPFFKB66CB,新庄段,25.89,非都市：鄉村區 ; 非都市編定：乙種建築用地,10000,62,持分移轉,02630000
RPXQMLLLJHPFFKB76CB,新庄段,25.89,非都市：鄉村區 ; 非都市編定：乙種建築用地,10000,62,持分移轉,02630000
RPURMLLLJHPFFKB56CB,新庄段,25.06,非都市：鄉村區 ; 非都市編定：乙種建築用地,10000,60,持分移轉,02630000
RPSRMLLLJHPFFKB98CB,新庄段,25.06,非都市：鄉村區 ; 非都市編定：乙種建築用地,10000,60,持分移轉,02630000
RPRRMLLLJHPFFKB88CB,新庄段,25.06,非都市：鄉村區 ; 非都市編定：乙種建築用地,10000,60,持分移轉,02630000
RPWRMLLLJHPFFKB76CB,新庄段,25.06,非都市：鄉村區 ; 非都市編定：乙種建築用地,10000,60,持分移轉,02630000
RPVQMLLLJHPFFKB56CB,新庄段,25.89,非都市：鄉村區 ; 非都市編定：乙種建築用地,10000,62,持分移轉,02630000
RPPSMLLLJHPFFKB78CB,新庄段,25.06,非都市：鄉村區 ; 非都市編定：乙種建築用地,10000,60,持分移轉,02630000
RPXRMLLLJHPFFKB86CB,新庄段,25.06,非都市：鄉村區 ; 非都市編定：乙種建築用地,10000,60,持分移轉,02630000
RPQSMLLLJHPFFKB88CB,新庄段,25.06,非都市：鄉村區 ; 非都市編定：乙種建築用地,10000,60,持分移轉,02630000
RPOSMLLLJHPFFKB68CB,新庄段,25.06,非都市：鄉村區 ; 非都市編定：乙種建築用地,10000,60,持分移轉,02630000
RPVRMLLLJHPFFKB66CB,新庄段,25.06,非都市：鄉村區 ; 非都市編定：乙種建築用地,10000,60,持分移轉,02630000
RPRSMLLLJHPFFKB98CB,新庄段,25.89,非都市：鄉村區 ; 非都市編定：乙種建築用地,10000,62,持分移轉,02630000
RPSSMLLLJHPFFKB09CB,新庄段,25.89,非都市：鄉村區 ; 非都市編定：乙種建築用地,10000,62,持分移轉,02630000
RPUSMLLLJHPFFKB66CB,新庄段,25.89,非都市：鄉村區 ; 非都市編定：乙種建築用地,10000,62,持分移轉,02630000
RPTSMLLLJHPFFKB56CB,新庄段,25.89,非都市：鄉村區 ; 非都市編定：乙種建築用地,10000,62,持分移轉,02630000
RPVSMLLLJHPFFKB76CB,新庄段,25.89,非都市：鄉村區 ; 非都市編定：乙種建築用地,10000,62,持分移轉,02630000
RPQTMLLLJHPFFKB98CB,新庄段,32.99,非都市：鄉村區 ; 非都市編定：乙種建築用地,10000,79,持分移轉,02630000
RPSTMLLLJHPFFKB56CB,新庄段,32.99,非都市：鄉村區 ; 非都市編定：乙種建築用地,10000,79,持分移轉,02630000
RPOTMLLLJHPFFKB78CB,新庄段,32.99,非都市：鄉村區 ; 非都市編定：乙種建築用地,10000,79,持分移轉,02630000
RPUTMLLLJHPFFKB76CB,新庄段,24.22,非都市：鄉村區 ; 非都市編定：乙種建築用地,10000,58,持分移轉,02630000
RPXSMLLLJHPFFKB96CB,新庄段,32.99,非都市：鄉村區 ; 非都市編定：乙種建築用地,10000,79,持分移轉,02630000
RPXTMLLLJHPFFKB07CB,新庄段,24.22,非都市：鄉村區 ; 非都市編定：乙種建築用地,10000,58,持分移轉,02630000
RPVTMLLLJHPFFKB86CB,新庄段,24.22,非都市：鄉村區 ; 非都市編定：乙種建築用地,10000,58,持分移轉,02630000
RPOUMLLLJHPFFKB88CB,新庄段,24.22,非都市：鄉村區 ; 非都市編定：乙種建築用地,10000,58,持分移轉,02630000
RPPTMLLLJHPFFKB88CB,新庄段,32.99,非都市：鄉村區 ; 非都市編定：乙種建築用地,10000,79,持分移轉,02630000
RPTTMLLLJHPFFKB66CB,新庄段,32.99,非都市：鄉村區 ; 非都市編定：乙種建築用地,10000,79,持分移轉,02630000
RPPUMLLLJHPFFKB98CB,新庄段,32.99,非都市：鄉村區 ; 非都市編定：乙種建築用地,10000,79,持分移轉,02630000
RPRUMLLLJHPFFKB56CB,新庄段,32.99,非都市：鄉村區 ; 非都市編定：乙種建築用地,10000,79,持分移轉,02630000
RPQUMLLLJHPFFKB09CB,新庄段,32.99,非都市：鄉村區 ; 非都市編定：乙種建築用地,10000,79,持分移轉,02630000
RPWUMLLLJHPFFKB07CB,新庄段,33.41,非都市：鄉村區 ; 非都市編定：乙種建築用地,10000,80,持分移轉,02630000
RPRVMLLLJHPFFKB66CB,新庄段,33.83,非都市：鄉村區 ; 非都市編定：乙種建築用地,10000,81,持分移轉,02630000
RPQVMLLLJHPFFKB56CB,新庄段,33.83,非都市：鄉村區 ; 非都市編定：乙種建築用地,10000,81,持分移轉,02630000
RPSUMLLLJHPFFKB66CB,新庄段,33.41,非都市：鄉村區 ; 非都市編定：乙種建築用地,10000,80,持分移轉,02630000
RPVUMLLLJHPFFKB96CB,新庄段,33.41,非都市：鄉村區 ; 非都市編定：乙種建築用地,10000,80,持分移轉,02630000
RPXUMLLLJHPFFKB17CB,新庄段,33.83,非都市：鄉村區 ; 非都市編定：乙種建築用地,10000,81,持分移轉,02630000
RPOVMLLLJHPFFKB98CB,新庄段,33.83,非都市：鄉村區 ; 非都市編定：乙種建築用地,10000,81,持分移轉,02630000
RPTUMLLLJHPFFKB76CB,新庄段,33.41,非都市：鄉村區 ; 非都市編定：乙種建築用地,10000,80,持分移轉,02630000
RPPVMLLLJHPFFKB09CB,新庄段,33.83,非都市：鄉村區 ; 非都市編定：乙種建築用地,10000,81,持分移轉,02630000
RPUUMLLLJHPFFKB86CB,新庄段,33.41,非都市：鄉村區 ; 非都市編定：乙種建築用地,10000,80,持分移轉,02630000
RPWOMLLLJHPFFCB28CB,福星段,18.65,都市：住,10000,98,持分移轉,03250000
RPUOMLLLJHPFFCB08CB,福星段,18.65,都市：住,10000,98,持分移轉,03250000
RPRPMLLLJHPFFCB87CB,福星段,18.65,都市：住,10000,98,持分移轉,03250000
RPPPMLLLJHPFFCB67CB,福星段,18.65,都市：住,10000,98,持分移轉,03250000
RPUPMLLLJHPFFCB18CB,福星段,18.65,都市：住,10000,98,持分移轉,03250000
RPPQMLLLJHPFFCB77CB,福星段,18.65,都市：住,10000,98,持分移轉,03250000
RPQPMLLLJHPFFCB77CB,福星段,18.65,都市：住,10000,98,持分移轉,03250000
RPORMLLLJHPFFCB77CB,福星段,18.65,都市：住,10000,98,持分移轉,03250000
RPPRMLLLJHPFFCB87CB,福星段,19.60,都市：住,10000,103,持分移轉,03250000
RPSPMLLLJHPFFCB97CB,福星段,18.65,都市：住,10000,98,持分移轉,03250000
RPRRMLLLJHPFFCB08CB,福星段,20.75,都市：住,10000,109,持分移轉,03250000
RPXPMLLLJHPFFCB48CB,福星段,18.65,都市：住,10000,98,持分移轉,03250000
RPRQMLLLJHPFFCB97CB,福星段,18.65,都市：住,10000,98,持分移轉,03250000
RPWQMLLLJHPFFCB48CB,福星段,18.65,都市：住,10000,98,持分移轉,03250000
RPTSMLLLJHPFFCB38CB,福星段,25.31,都市：住,10000,133,持分移轉,03250000
RPUSMLLLJHPFFCB48CB,福星段,25.31,都市：住,10000,133,持分移轉,03250000
RPQRMLLLJHPFFCB97CB,福星段,19.60,都市：住,10000,103,持分移轉,03250000
RPWSMLLLJHPFFCB68CB,福星段,25.31,都市：住,10000,133,持分移轉,03250000
RPOUMLLLJHPFFCB08CB,福星段,25.31,都市：住,10000,133,持分移轉,03250000
RPQVMLLLJHPFFCB38CB,福星段,25.31,都市：住,10000,133,持分移轉,03250000
RPVTMLLLJHPFFCB68CB,福星段,25.31,都市：住,10000,133,持分移轉,03250000
RPXTMLLLJHPFFCB88CB,福星段,25.31,都市：住,10000,133,持分移轉,03250000
RPTVMLLLJHPFFCB68CB,福星段,19.22,都市：住,10000,101,持分移轉,03250000
RPVVMLLLJHPFFCB88CB,福星段,19.22,都市：住,10000,101,持分移轉,03250000
RPUVMLLLJHPFFCB78CB,福星段,19.22,都市：住,10000,101,持分移轉,03250000
RPOOMLLLJHPFFHB97CB,四德段,26.28,都市：住,100000,1284,持分移轉,03230000
RPVQMLLLJHPFFBB28CB,錦村段,26.32,都市：商,100000,304,持分移轉,01850000
RPOSMLLLJHPFFBB77CB,錦村段,15.85,都市：商,100000,183,持分移轉,01850000
RPPRMLLLJHPFFBB77CB,錦村段,9.52,都市：商,100000,110,持分移轉,01850000
RPWSMLLLJHPFFBB58CB,錦村段,8.66,都市：商,100000,100,持分移轉,01850000
RPQTMLLLJHPFFBB08CB,錦村段,23.55,都市：商,100000,272,持分移轉,01850000
RPXVMLLLJHPFFBB98CB,錦村段,9.44,都市：商,100000,109,持分移轉,01850000
RPOTMLLLJHPFFBB87CB,錦村段,26.32,都市：商,100000,304,持分移轉,01850000
RPUTMLLLJHPFFBB48CB,錦村段,13.08,都市：商,100000,151,持分移轉,01850000
RPWWMLLLJHPFFBB98CB,錦村段,9.44,都市：商,100000,109,持分移轉,01850000
RPOWMLLLJHPFFBB18CB,錦村段,9.44,都市：商,100000,109,持分移轉,01850000
RPONNLLLJHPFFBB37CB,錦村段,9.44,都市：商,100000,109,持分移轉,01850000
RPPNNLLLJHPFFBB47CB,錦村段,9.44,都市：商,100000,109,持分移轉,01850000
RPQNNLLLJHPFFBB57CB,錦村段,9.44,都市：商,100000,109,持分移轉,01850000
RPRNNLLLJHPFFBB67CB,錦村段,11.95,都市：商,100000,138,持分移轉,01850000
RPVWMLLLJHPFFCB98CB,福星段,19.41,都市：住,10000,102,持分移轉,03250000
RPTWMLLLJHPFFCB78CB,福星段,12.75,都市：住,10000,67,持分移轉,03250000
RPUWMLLLJHPFFCB88CB,福星段,12.75,都市：住,10000,67,持分移轉,03250000
RPSWMLLLJHPFFCB68CB,福星段,12.75,都市：住,10000,67,持分移轉,03250000
RPRWMLLLJHPFFCB58CB,福星段,19.22,都市：住,10000,101,持分移轉,03250000
RPVSMLMLJHPFFBB58CB,錦村段,15.76,都市：商,100000,182,持分移轉,01850000
RPOWMLLLJHPFFCB28CB,福星段,19.22,都市：住,10000,101,持分移轉,03250000
RPOTMLMLJHPFFBB97CB,錦村段,12.12,都市：商,100000,140,持分移轉,01850000
RPXSMLMLJHPFFBB78CB,錦村段,15.41,都市：商,100000,178,持分移轉,01850000
RPRTMLMLJHPFFBB28CB,錦村段,9.87,都市：商,100000,114,持分移轉,01850000
RPOWMLMLJHPFFBB28CB,錦村段,12.30,都市：商,100000,142,持分移轉,01850000
RPUTMLMLJHPFFBB58CB,錦村段,9.61,都市：商,100000,111,持分移轉,01850000
RPVTMLMLJHPFFBB68CB,錦村段,9.44,都市：商,100000,109,持分移轉,01850000
RPWVMLMLJHPFFBB98CB,錦村段,9.44,都市：商,100000,109,持分移轉,01850000
RPRPMLMLJHPFFCB97CB,福星段,19.41,都市：住,10000,102,持分移轉,03250000
RPSTMLMLJHPFFBB38CB,錦村段,9.61,都市：商,100000,111,持分移轉,01850000
RPWPMLMLJHPFFCB48CB,福星段,19.41,都市：住,10000,102,持分移轉,03250000
RPSPMLMLJHPFFCB08CB,福星段,19.41,都市：住,10000,102,持分移轉,03250000
RPOUMLMLJHPFFBB08CB,錦村段,15.85,都市：商,100000,183,持分移轉,01850000
RPPQMLMLJHPFFCB87CB,福星段,19.41,都市：住,10000,102,持分移轉,03250000
RPTPMLMLJHPFFCB18CB,福星段,19.41,都市：住,10000,102,持分移轉,03250000
RPQQMLMLJHPFFCB97CB,福星段,19.41,都市：住,10000,102,持分移轉,03250000
RPQUMLMLJHPFFBB28CB,錦村段,12.12,都市：商,100000,140,持分移轉,01850000
RPQRMLMLJHPFFCB08CB,福星段,19.41,都市：住,10000,102,持分移轉,03250000
RPOSMLMLJHPFFCB97CB,福星段,25.31,都市：住,10000,133,持分移轉,03250000
RPTRMLMLJHPFFCB38CB,福星段,19.41,都市：住,10000,102,持分移轉,03250000
RPSSMLMLJHPFFCB38CB,福星段,19.60,都市：住,10000,103,持分移轉,03250000
RPXSMLMLJHPFFCB88CB,福星段,19.22,都市：住,10000,101,持分移轉,03250000
RPSRMLMLJHPFFCB28CB,福星段,19.41,都市：住,10000,102,持分移轉,03250000
RPSQMLMLJHPFFCB18CB,福星段,19.41,都市：住,10000,102,持分移轉,03250000
RPVSMLMLJHPFFCB68CB,福星段,19.22,都市：住,10000,101,持分移轉,03250000
RPQTMLMLJHPFFCB28CB,福星段,25.31,都市：住,10000,133,持分移轉,03250000
RPUQMLMLJHPFFCB38CB,福星段,19.41,都市：住,10000,102,持分移轉,03250000
RPTTMLMLJHPFFCB58CB,福星段,25.31,都市：住,10000,133,持分移轉,03250000
RPPUMLMLJHPFFCB28CB,福星段,25.31,都市：住,10000,133,持分移轉,03250000
RPUTMLMLJHPFFCB68CB,福星段,25.31,都市：住,10000,133,持分移轉,03250000
RPRSMLMLJHPFFCB28CB,福星段,19.60,都市：住,10000,103,持分移轉,03250000
RPSUMLMLJHPFFCB58CB,福星段,25.31,都市：住,10000,133,持分移轉,03250000
RPTUMLMLJHPFFCB68CB,福星段,25.31,都市：住,10000,133,持分移轉,03250000
RPWUMLMLJHPFFCB98CB,福星段,25.31,都市：住,10000,133,持分移轉,03250000
RPVUMLMLJHPFFCB88CB,福星段,25.31,都市：住,10000,133,持分移轉,03250000
RPPVMLMLJHPFFCB38CB,福星段,19.60,都市：住,10000,103,持分移轉,03250000
RPQVMLMLJHPFFCB48CB,福星段,19.60,都市：住,10000,103,持分移轉,03250000
RPWVMLMLJHPFFCB09CB,福星段,19.60,都市：住,10000,103,持分移轉,03250000
RPOVMLMLJHPFFCB28CB,福星段,19.60,都市：住,10000,103,持分移轉,03250000
RPXVMLMLJHPFFCB56CB,福星段,19.60,都市：住,10000,103,持分移轉,03250000
RPRVMLMLJHPFFCB58CB,福星段,19.60,都市：住,10000,103,持分移轉,03250000
RPPWMLMLJHPFFCB48CB,福星段,19.60,都市：住,10000,103,持分移轉,03250000
RPVVMLMLJHPFFCB98CB,福星段,19.60,都市：住,10000,103,持分移轉,03250000
RPQNMLNLJHPFFBB67CB,錦村段,15.50,都市：商,100000,179,持分移轉,01850000
RPOWMLMLJHPFFCB38CB,福星段,19.60,都市：住,10000,103,持分移轉,03250000
RPSNMLNLJHPFFBB87CB,錦村段,15.59,都市：商,100000,180,持分移轉,01850000
RPTNMLNLJHPFFBB97CB,錦村段,13.08,都市：商,100000,151,持分移轉,01850000
RPRNMLNLJHPFFBB77CB,錦村段,15.59,都市：商,100000,180,持分移轉,01850000
RPWNMLOJKHPFFBB28CB,松竹段,21.46,都市：住,100000,1657,持分移轉,00240000
RPPOMLOJKHPFFBB67CB,松竹段,19.70,都市：住,100000,1521,持分移轉,00240000
RPTNMLOJKHPFFBB97CB,北屯段,11.95,都市：商,100000,1024,持分移轉,04110000
RPUNMLOJKHPFFBB08CB,北屯段,17.18,都市：商,100000,1472,持分移轉,04110000
RPOOMLOJKHPFFBB57CB,松竹段,19.70,都市：住,100000,1521,持分移轉,00240000
RPSOMLOJKHPFFBB97CB,松竹段,19.70,都市：住,100000,1521,持分移轉,00240000
RPROMLOJKHPFFBB87CB,松竹段,19.70,都市：住,100000,1521,持分移轉,00240000
RPWPMLOJKHPFFBB48CB,松竹段,23.89,都市：住,100000,1845,持分移轉,00240000
RPXOMLOJKHPFFBB48CB,松竹段,19.70,都市：住,100000,1521,持分移轉,00240000
RPRPMLOJKHPFFBB97CB,松竹段,19.70,都市：住,100000,1521,持分移轉,00240000
RPORMLOJKHPFFBB87CB,松竹段,13.11,都市：住,100000,1012,持分移轉,00240000
RPOPMLOJKHPFFBB67CB,松竹段,19.70,都市：住,100000,1521,持分移轉,00240000
RPPPMLOJKHPFFBB77CB,松竹段,19.70,都市：住,100000,1521,持分移轉,00240000
RPSQMLOJKHPFFBB18CB,松竹段,13.11,都市：住,100000,1012,持分移轉,00240000
RPWQMLOJKHPFFBB58CB,松竹段,13.11,都市：住,100000,1012,持分移轉,00240000
RPQRMLOJKHPFFBB08CB,松竹段,13.11,都市：住,100000,1012,持分移轉,00240000
RPRQMLOJKHPFFBB08CB,松竹段,13.11,都市：住,100000,1012,持分移轉,00240000
RPRRMLOJKHPFFBB18CB,松竹段,13.11,都市：住,100000,1012,持分移轉,00240000
RPSSMLOJKHPFFBB38CB,松竹段,18.73,都市：住,100000,1446,持分移轉,00240000
RPURMLOJKHPFFBB48CB,松竹段,18.73,都市：住,100000,1446,持分移轉,00240000
RPTRMLOJKHPFFBB38CB,松竹段,20.49,都市：住,100000,1582,持分移轉,00240000
RPPSMLOJKHPFFBB08CB,松竹段,18.73,都市：住,100000,1446,持分移轉,00240000
RPWRMLOJKHPFFBB68CB,松竹段,18.73,都市：住,100000,1446,持分移轉,00240000
RPQSMLOJKHPFFBB18CB,松竹段,18.73,都市：住,100000,1446,持分移轉,00240000
RPSRMLOJKHPFFBB28CB,松竹段,13.11,都市：住,100000,1012,持分移轉,00240000
RPQOMLPJKHPFFIB58CB,光日段,18.21,都市：住,100000,770,持分移轉,01500000
RPWNMLPJKHPFFIB09CB,光日段,18.18,都市：住,100000,769,持分移轉,01500000
RPTOMLPJKHPFFIB88CB,光日段,18.21,都市：住,100000,770,持分移轉,01500000
RPPOMLPJKHPFFIB48CB,光日段,18.80,都市：住,100000,795,持分移轉,01500000
RPXNMLPJKHPFFIB56CB,光日段,18.16,都市：住,100000,768,持分移轉,01500000
RPROMLPJKHPFFIB68CB,光日段,18.28,都市：住,100000,773,持分移轉,01500000
RPSOMLPJKHPFFIB78CB,光日段,18.21,都市：住,100000,770,持分移轉,01500000
RPUOMLPJKHPFFIB98CB,光日段,18.21,都市：住,100000,770,持分移轉,01500000
RPWOMLPJKHPFFIB56CB,光日段,18.28,都市：住,100000,773,持分移轉,01500000
RPOOMLPJKHPFFIB38CB,光日段,18.80,都市：住,100000,795,持分移轉,01500000
RPOPMLPJKHPFFIB48CB,光日段,18.21,都市：住,100000,770,持分移轉,01500000
RPPPMLPJKHPFFIB58CB,光日段,18.21,都市：住,100000,770,持分移轉,01500000
RPVPMLPJKHPFFIB56CB,光日段,17.95,都市：住,100000,759,持分移轉,01500000
RPXOMLPJKHPFFIB66CB,光日段,18.28,都市：住,100000,773,持分移轉,01500000
RPUPMLPJKHPFFIB09CB,光日段,18.28,都市：住,100000,773,持分移轉,01500000
RPXPMLPJKHPFFIB76CB,光日段,17.92,都市：住,100000,758,持分移轉,01500000
RPQPMLPJKHPFFIB68CB,光日段,19.18,都市：住,100000,811,持分移轉,01500000
RPPQMLPJKHPFFIB68CB,光日段,18.18,都市：住,100000,769,持分移轉,01500000
RPOQMLPJKHPFFIB58CB,光日段,18.18,都市：住,100000,769,持分移轉,01500000
RPQQMLPJKHPFFIB78CB,光日段,17.92,都市：住,100000,758,持分移轉,01500000
RPTPMLPJKHPFFIB98CB,光日段,18.18,都市：住,100000,769,持分移轉,01500000
RPSQMLPJKHPFFIB98CB,光日段,18.25,都市：住,100000,772,持分移轉,01500000
RPSPMLPJKHPFFIB88CB,光日段,18.16,都市：住,100000,768,持分移轉,01500000
RPTQMLPJKHPFFIB09CB,光日段,18.80,都市：住,100000,795,持分移轉,01500000
RPUQMLPJKHPFFIB56CB,光日段,18.21,都市：住,100000,770,持分移轉,01500000
RPWPMLPJKHPFFIB66CB,光日段,18.16,都市：住,100000,768,持分移轉,01500000
RPVQMLPJKHPFFIB66CB,光日段,18.18,都市：住,100000,769,持分移轉,01500000
RPXQMLPJKHPFFIB86CB,光日段,17.95,都市：住,100000,759,持分移轉,01500000
RPWQMLPJKHPFFIB76CB,光日段,17.92,都市：住,100000,758,持分移轉,01500000
RPORMLPJKHPFFIB68CB,光日段,19.18,都市：住,100000,811,持分移轉,01500000
RPRQMLPJKHPFFIB88CB,光日段,18.18,都市：住,100000,769,持分移轉,01500000
RPPRMLPJKHPFFIB78CB,光日段,17.95,都市：住,100000,759,持分移轉,01500000
RPRRMLPJKHPFFIB98CB,光日段,17.95,都市：住,100000,759,持分移轉,01500000
RPSRMLPJKHPFFIB09CB,光日段,17.95,都市：住,100000,759,持分移轉,01500000
RPXRMLPJKHPFFIB96CB,光日段,18.16,都市：住,100000,768,持分移轉,01500000
RPWRMLPJKHPFFIB86CB,光日段,18.80,都市：住,100000,795,持分移轉,01500000
RPTRMLPJKHPFFIB56CB,光日段,18.18,都市：住,100000,769,持分移轉,01500000
RPURMLPJKHPFFIB66CB,光日段,19.18,都市：住,100000,811,持分移轉,01500000
RPVRMLPJKHPFFIB76CB,光日段,18.25,都市：住,100000,772,持分移轉,01500000
RPRSMLPJKHPFFIB09CB,光日段,19.18,都市：住,100000,811,持分移轉,01500000
RPSSMLPJKHPFFIB56CB,光日段,18.18,都市：住,100000,769,持分移轉,01500000
RPPSMLPJKHPFFIB88CB,光日段,19.18,都市：住,100000,811,持分移轉,01500000
RPOSMLPJKHPFFIB78CB,光日段,18.25,都市：住,100000,772,持分移轉,01500000
RPQSMLPJKHPFFIB98CB,光日段,18.80,都市：住,100000,795,持分移轉,01500000
RPTSMLPJKHPFFIB66CB,光日段,19.18,都市：住,100000,811,持分移轉,01500000
RPUSMLPJKHPFFIB76CB,光日段,18.21,都市：住,100000,770,持分移轉,01500000
RPVSMLPJKHPFFIB86CB,光日段,18.21,都市：住,100000,770,持分移轉,01500000
RPXSMLPJKHPFFIB07CB,光日段,19.18,都市：住,100000,811,持分移轉,01500000
RPOTMLPJKHPFFIB88CB,光日段,18.87,都市：住,100000,798,持分移轉,01500000
RPWSMLPJKHPFFIB96CB,光日段,18.21,都市：住,100000,770,持分移轉,01500000
RPRTMLPJKHPFFIB56CB,光日段,18.21,都市：住,100000,770,持分移轉,01500000
RPSTMLPJKHPFFIB66CB,光日段,17.95,都市：住,100000,759,持分移轉,01500000
RPTTMLPJKHPFFIB76CB,光日段,18.16,都市：住,100000,768,持分移轉,01500000
RPQTMLPJKHPFFIB09CB,光日段,19.18,都市：住,100000,811,持分移轉,01500000
RPUTMLPJKHPFFIB86CB,光日段,18.80,都市：住,100000,795,持分移轉,01500000
RPPTMLPJKHPFFIB98CB,光日段,19.18,都市：住,100000,811,持分移轉,01500000
RPVTMLPJKHPFFIB96CB,光日段,18.80,都市：住,100000,795,持分移轉,01500000
RPWTMLPJKHPFFIB07CB,光日段,18.21,都市：住,100000,770,持分移轉,01500000
RPRUMLPJKHPFFIB66CB,光日段,17.95,都市：住,100000,759,持分移轉,01500000
RPOUMLPJKHPFFIB98CB,光日段,18.25,都市：住,100000,772,持分移轉,01500000
RPSUMLPJKHPFFIB76CB,光日段,18.80,都市：住,100000,795,持分移轉,01500000
RPPUMLPJKHPFFIB09CB,光日段,18.21,都市：住,100000,770,持分移轉,01500000
RPQUMLPJKHPFFIB56CB,光日段,19.18,都市：住,100000,811,持分移轉,01500000
RPVUMLPJKHPFFIB07CB,光日段,17.95,都市：住,100000,759,持分移轉,01500000
RPTUMLPJKHPFFIB86CB,光日段,18.21,都市：住,100000,770,持分移轉,01500000
RPXUMLPJKHPFFIB27CB,光日段,18.21,都市：住,100000,770,持分移轉,01500000
RPUUMLPJKHPFFIB96CB,光日段,17.95,都市：住,100000,759,持分移轉,01500000
RPOVMLPJKHPFFIB09CB,光日段,18.28,都市：住,100000,773,持分移轉,01500000
RPWUMLPJKHPFFIB17CB,光日段,18.25,都市：住,100000,772,持分移轉,01500000
RPSVMLPJKHPFFIB86CB,光日段,18.25,都市：住,100000,772,持分移轉,01500000
RPQVMLPJKHPFFIB66CB,光日段,18.16,都市：住,100000,768,持分移轉,01500000
RPPVMLPJKHPFFIB56CB,光日段,18.21,都市：住,100000,770,持分移轉,01500000
RPRVMLPJKHPFFIB76CB,光日段,18.16,都市：住,100000,768,持分移轉,01500000
RPUVMLPJKHPFFIB07CB,光日段,18.21,都市：住,100000,770,持分移轉,01500000
RPVVMLPJKHPFFIB17CB,光日段,18.25,都市：住,100000,772,持分移轉,01500000
RPXVMLPJKHPFFIB37CB,光日段,17.95,都市：住,100000,759,持分移轉,01500000
RPWVMLPJKHPFFIB27CB,光日段,19.18,都市：住,100000,811,持分移轉,01500000
RPOWMLPJKHPFFIB56CB,光日段,19.18,都市：住,100000,811,持分移轉,01500000
RPQWMLPJKHPFFIB76CB,光日段,18.21,都市：住,100000,770,持分移轉,01500000
RPRWMLPJKHPFFIB86CB,光日段,18.16,都市：住,100000,768,持分移轉,01500000
RPSWMLPJKHPFFIB96CB,光日段,18.16,都市：住,100000,768,持分移轉,01500000
RPTWMLPJKHPFFIB07CB,光日段,18.28,都市：住,100000,773,持分移轉,01500000
RPPWMLPJKHPFFIB66CB,光日段,18.21,都市：住,100000,770,持分移轉,01500000
RPUWMLPJKHPFFIB17CB,光日段,18.18,都市：住,100000,769,持分移轉,01500000
RPONNLPJKHPFFIB38CB,光日段,18.25,都市：住,100000,772,持分移轉,01500000
RPVWMLPJKHPFFIB27CB,光日段,18.16,都市：住,100000,768,持分移轉,01500000
RPPNNLPJKHPFFIB48CB,光日段,19.18,都市：住,100000,811,持分移轉,01500000
RPWWMLPJKHPFFIB37CB,光日段,18.28,都市：住,100000,773,持分移轉,01500000
RPXWMLPJKHPFFIB47CB,光日段,18.80,都市：住,100000,795,持分移轉,01500000
RPRNNLPJKHPFFIB68CB,光日段,18.28,都市：住,100000,773,持分移轉,01500000
RPQNNLPJKHPFFIB58CB,光日段,18.28,都市：住,100000,773,持分移轉,01500000
RPSNNLPJKHPFFIB78CB,光日段,18.21,都市：住,100000,770,持分移轉,01500000
RPTNNLPJKHPFFIB88CB,光日段,18.21,都市：住,100000,770,持分移轉,01500000
RPPONLPJKHPFFIB58CB,光日段,18.80,都市：住,100000,795,持分移轉,01500000
RPWNNLPJKHPFFIB56CB,光日段,18.21,都市：住,100000,770,持分移轉,01500000
RPQONLPJKHPFFIB68CB,光日段,18.80,都市：住,100000,795,持分移轉,01500000
RPVNNLPJKHPFFIB09CB,光日段,18.28,都市：住,100000,773,持分移轉,01500000
RPXNNLPJKHPFFIB66CB,光日段,18.28,都市：住,100000,773,持分移轉,01500000
RPUNNLPJKHPFFIB98CB,光日段,18.80,都市：住,100000,795,持分移轉,01500000
RPOONLPJKHPFFIB48CB,光日段,18.25,都市：住,100000,772,持分移轉,01500000
RPSONLPJKHPFFIB88CB,光日段,18.21,都市：住,100000,770,持分移轉,01500000
RPRONLPJKHPFFIB78CB,光日段,18.28,都市：住,100000,773,持分移轉,01500000
RPUONLPJKHPFFIB09CB,光日段,19.18,都市：住,100000,811,持分移轉,01500000
RPVONLPJKHPFFIB56CB,光日段,18.18,都市：住,100000,769,持分移轉,01500000
RPWONLPJKHPFFIB66CB,光日段,18.16,都市：住,100000,768,持分移轉,01500000
RPOPNLPJKHPFFIB58CB,光日段,18.18,都市：住,100000,769,持分移轉,01500000
RPXONLPJKHPFFIB76CB,光日段,18.21,都市：住,100000,770,持分移轉,01500000
RPPPNLPJKHPFFIB68CB,光日段,18.18,都市：住,100000,769,持分移轉,01500000
RPRPNLPJKHPFFIB88CB,光日段,18.16,都市：住,100000,768,持分移轉,01500000
RPQPNLPJKHPFFIB78CB,光日段,18.80,都市：住,100000,795,持分移轉,01500000
RPSPNLPJKHPFFIB98CB,光日段,18.16,都市：住,100000,768,持分移轉,01500000
RPTPNLPJKHPFFIB09CB,光日段,18.18,都市：住,100000,769,持分移轉,01500000
RPUPNLPJKHPFFIB56CB,光日段,18.28,都市：住,100000,773,持分移轉,01500000
RPWPNLPJKHPFFIB76CB,光日段,18.25,都市：住,100000,772,持分移轉,01500000
RPVPNLPJKHPFFIB66CB,光日段,18.21,都市：住,100000,770,持分移轉,01500000
RPXPNLPJKHPFFIB86CB,光日段,18.28,都市：住,100000,773,持分移轉,01500000
RPOQNLPJKHPFFIB68CB,光日段,17.92,都市：住,100000,758,持分移轉,01500000
RPQQNLPJKHPFFIB88CB,光日段,18.25,都市：住,100000,772,持分移轉,01500000
RPRQNLPJKHPFFIB98CB,光日段,18.25,都市：住,100000,772,持分移轉,01500000
RPQNMLQJKHPFFIB58CB,光日段,18.21,都市：住,100000,770,持分移轉,01500000
RPPQNLPJKHPFFIB78CB,光日段,18.21,都市：住,100000,770,持分移轉,01500000
RPSQNLPJKHPFFIB09CB,光日段,18.25,都市：住,100000,772,持分移轉,01500000
RPUNMLQJKHPFFIB98CB,光日段,18.21,都市：住,100000,770,持分移轉,01500000
RPQNMLKKKHPFFBB37CB,松竹段,13.11,都市：住,100000,1012,持分移轉,00240000
RPTOMLKKKHPFFBB77CB,松竹段,18.73,都市：住,100000,1446,持分移轉,00240000
RPPPMLKKKHPFFBB47CB,松竹段,18.05,都市：住,100000,1394,持分移轉,00240000
RPROMLKKKHPFFBB57CB,松竹段,18.73,都市：住,100000,1446,持分移轉,00240000
RPOPMLKKKHPFFBB37CB,松竹段,18.05,都市：住,100000,1394,持分移轉,00240000
RPQOMLKKKHPFFBB47CB,松竹段,18.73,都市：住,100000,1446,持分移轉,00240000
RPRPMLKKKHPFFBB67CB,松竹段,18.05,都市：住,100000,1394,持分移轉,00240000
RPWOMLKKKHPFFBB08CB,松竹段,22.92,都市：住,100000,1770,持分移轉,00240000
RPSPMLKKKHPFFBB77CB,松竹段,18.05,都市：住,100000,1394,持分移轉,00240000
RPQPMLKKKHPFFBB57CB,松竹段,18.12,都市：住,100000,1399,持分移轉,00240000
RPOQMLKKKHPFFBB47CB,松竹段,18.05,都市：住,100000,1394,持分移轉,00240000
RPVPMLKKKHPFFBB08CB,松竹段,18.05,都市：住,100000,1394,持分移轉,00240000
RPXPMLKKKHPFFBB28CB,松竹段,18.05,都市：住,100000,1394,持分移轉,00240000
RPUPMLKKKHPFFBB97CB,松竹段,18.05,都市：住,100000,1394,持分移轉,00240000
RPQQMLKKKHPFFBB67CB,松竹段,18.05,都市：住,100000,1394,持分移轉,00240000
RPPQMLKKKHPFFBB57CB,松竹段,18.05,都市：住,100000,1394,持分移轉,00240000
RPVQMLKKKHPFFBB18CB,松竹段,18.04,都市：住,100000,1393,持分移轉,00240000
RPRQMLKKKHPFFBB77CB,松竹段,18.04,都市：住,100000,1393,持分移轉,00240000
RPXQMLKKKHPFFBB38CB,松竹段,18.04,都市：住,100000,1393,持分移轉,00240000
RPSQMLKKKHPFFBB87CB,松竹段,18.04,都市：住,100000,1393,持分移轉,00240000
RPORMLKKKHPFFBB57CB,松竹段,18.04,都市：住,100000,1393,持分移轉,00240000
RPPRMLKKKHPFFBB67CB,松竹段,18.04,都市：住,100000,1393,持分移轉,00240000
RPSRMLKKKHPFFBB97CB,松竹段,18.04,都市：住,100000,1393,持分移轉,00240000
RPTRMLKKKHPFFBB08CB,松昌段,18.04,都市：住,100000,1393,持分移轉,00240000
RPWRMLKKKHPFFBB38CB,松竹段,18.04,都市：住,100000,1393,持分移轉,00240000
RPXRMLKKKHPFFBB48CB,松竹段,18.04,都市：住,100000,1393,持分移轉,00240000
RPPSMLKKKHPFFBB77CB,松竹段,18.04,都市：住,100000,1393,持分移轉,00240000
RPRSMLKKKHPFFBB97CB,松竹段,64.84,都市：住,100000,5007,持分移轉,00240000
