﻿鄉鎮市區,交易標的,土地位置建物門牌,土地移轉總面積平方公尺,都市土地使用分區,非都市土地使用分區,非都市土地使用編定,交易年月日,交易筆棟數,移轉層次,總樓層數,建物型態,主要用途,主要建材,建築完成年月,建物移轉總面積平方公尺,建物現況格局-房,建物現況格局-廳,建物現況格局-衛,建物現況格局-隔間,有無管理組織,總價元,單價元平方公尺,車位類別,車位移轉總面積平方公尺,車位總價元,備註,編號
The villages and towns urban district,transaction sign,land sector position building sector house number plate,land shifting total area square meter,the use zoning or compiles and checks,the non-metropolis land use district,non-metropolis land use,transaction year month and day,transaction pen number,shifting level,total floor number,building state,main use,main building materials,construction to complete the years,building shifting total area,Building present situation pattern - room,building present situation pattern - hall,building present situation pattern - health,building present situation pattern - compartmented,Whether there is manages the organization,total price NTD,the unit price (NTD / square meter),the berth category,berth shifting total area square meter,the berth total price NTD,the note,serial number
暖暖區,房地(土地+建物),基隆市暖暖區東勢街26巷801號3樓,22.15,住,,,1081026,土地1建物1車位0,三層,12,住宅大樓(11層含以上有電梯),住家用,鋼筋混凝土造,,99.67,2,1,1,有,無,6550000,65717,,0.0,0,,RPOOMLTKJIOFFCC38DB
暖暖區,房地(土地+建物)+車位,基隆市暖暖區東勢街26巷82-2號3樓,54.67,住,,,1080929,土地1建物1車位1,三層,12,住宅大樓(11層含以上有電梯),住家用,鋼筋混凝土造,,206.6,3,2,2,有,無,12280000,61170,坡道平面,27.1,1300000,,RPUNMLMLJIOFFCC28DB
暖暖區,房地(土地+建物)+車位,基隆市暖暖區東勢街26巷82-2號7樓,54.67,住,,,1081020,土地1建物1車位1,七層,12,住宅大樓(11層含以上有電梯),住家用,鋼筋混凝土造,,206.6,3,2,2,有,無,12980000,65070,坡道平面,27.1,1300000,,RPWNMLMLJIOFFCC48DB
暖暖區,房地(土地+建物)+車位,基隆市暖暖區東勢街26巷80-1號2樓,37.12,住,,,1081106,土地1建物1車位1,二層,12,住宅大樓(11層含以上有電梯),住家用,鋼筋混凝土造,,126.77,2,1,1,有,無,7750000,64714,坡道平面,27.1,1300000,,RPXNMLMLJIOFFCC58DB
暖暖區,車位,基隆市暖暖區東勢街26巷80號,14.97,住,,,1081102,土地1建物0車位1,,12,其他,停車空間,鋼筋混凝土造,,27.1,0,0,0,有,無,1300000,,坡道平面,27.1,1300000,,RPOOMLMLJIOFFCC77DB
暖暖區,房地(土地+建物)+車位,基隆市暖暖區東勢街26巷80-1號9樓,37.12,住,,,1080831,土地1建物1車位1,九層,12,住宅大樓(11層含以上有電梯),住家用,鋼筋混凝土造,,126.77,2,1,1,有,無,8410000,71837,坡道平面,27.1,1250000,,RPPOMLMLJIOFFCC87DB
暖暖區,房地(土地+建物)+車位,基隆市暖暖區東勢街26巷82號6樓,43.92,住,,,1080929,土地1建物1車位1,六層,12,住宅大樓(11層含以上有電梯),住家用,鋼筋混凝土造,,154.8,3,2,2,有,無,10050000,69303,坡道平面,27.1,1200000,,RPQOMLMLJIOFFCC97DB
暖暖區,房地(土地+建物)+車位,基隆市暖暖區東勢街26巷82-2號6樓,69.65,住,,,1081108,土地1建物1車位2,六層,12,住宅大樓(11層含以上有電梯),住家用,鋼筋混凝土造,,233.7,3,2,2,有,無,14070000,63900,坡道平面,54.2,2600000,,RPROMLMLJIOFFCC08DB
信義區,房地(土地+建物)+車位,基隆市信義區孝東路1363號5樓,20.8,住,,,1051229,土地1建物1車位1,五層,15,住宅大樓(11層含以上有電梯),住家用,鋼骨混凝土造,,180.43,3,2,2,有,無,8490000,51845,坡道平面,35.96,1000000,,RPVNMLQKKIOFFBC58CB
信義區,房地(土地+建物)+車位,基隆市信義區孝東路136-2號7樓,20.8,住,,,1051209,土地1建物1車位1,七層,15,住宅大樓(11層含以上有電梯),住家用,鋼骨混凝土造,,176.04,3,2,2,有,無,8950000,55237,坡道平面,31.21,950000,,RPWNMLQKKIOFFBC68CB
信義區,房地(土地+建物)+車位,基隆市信義區孝東路132-3號7樓,26.78,住,,,1051204,土地1建物1車位1,七層,15,住宅大樓(11層含以上有電梯),住家用,鋼骨混凝土造,,219.36,4,2,2,有,無,11090000,54744,坡道平面,35.96,1050000,,RPOOMLQKKIOFFBC97CB
信義區,房地(土地+建物)+車位,基隆市信義區孝東路138-3號4樓,20.8,住,,,1051208,土地1建物1車位1,,15,住宅大樓(11層含以上有電梯),住家用,鋼骨混凝土造,,174.66,3,2,2,有,無,8360000,52004,坡道平面,31.21,900000,,RPPOMLRKKIOFFBC18CB
信義區,房地(土地+建物)+車位,基隆市信義區孝東路136-1號4樓,23.64,住,,,1051217,土地1建物1車位1,四層,15,住宅大樓(11層含以上有電梯),住家用,鋼骨混凝土造,,202.68,3,2,2,有,無,9180000,49064,坡道平面,35.96,1000000,,RPQOMLRKKIOFFBC28CB
信義區,房地(土地+建物)+車位,基隆市信義區孝東路136-3號11樓,20.8,住,,,1051215,土地1建物1車位1,十一層,15,住宅大樓(11層含以上有電梯),住家用,鋼骨混凝土造,,175.68,3,2,2,有,無,9070000,56205,坡道平面,31.21,950000,,RPPQMLRLKIOFFBC48CB
信義區,房地(土地+建物)+車位,基隆市信義區孝東路132-2號4樓,26.78,住,,,1051217,土地1建物1車位1,四層,15,住宅大樓(11層含以上有電梯),住家用,鋼骨混凝土造,,219.07,4,2,2,有,無,9580000,46857,坡道平面,35.96,1000000,,RPRQMLRLKIOFFBC68CB
信義區,房地(土地+建物)+車位,基隆市信義區孝東路132-3號4樓,26.78,住,,,1051209,土地1建物1車位1,四層,15,住宅大樓(11層含以上有電梯),住家用,鋼骨混凝土造,,219.33,4,2,2,有,無,10300000,50717,坡道平面,35.96,1000000,,RPSQMLRLKIOFFBC78CB
信義區,房地(土地+建物)+車位,基隆市信義區孝東路136-2號11樓,20.8,住,,,1051212,土地1建物1車位1,十一層,15,住宅大樓(11層含以上有電梯),住家用,鋼骨混凝土造,,176.04,3,2,2,有,無,8830000,54409,坡道平面,31.21,950000,,RPTQMLRLKIOFFBC88CB
信義區,房地(土地+建物)+車位,基隆市信義區孝東路132-1號3樓,30.2,住,,,1051217,土地1建物1車位1,三層,15,住宅大樓(11層含以上有電梯),住家用,鋼骨混凝土造,,242.09,4,2,2,有,無,11880000,52782,坡道平面,35.96,1000000,,RPUQMLRLKIOFFBC98CB
信義區,房地(土地+建物),基隆市信義區孝東路138-3號9樓,20.51,住,,,1051226,土地1建物1車位0,九層,15,住宅大樓(11層含以上有電梯),住家用,鋼骨混凝土造,,143.45,3,2,2,有,無,7400000,51586,,0.0,0,,RPVQMLRLKIOFFBC09CB
信義區,房地(土地+建物)+車位,基隆市信義區孝東路136號4樓,23.64,住,,,1051217,土地1建物1車位1,四層,15,住宅大樓(11層含以上有電梯),住家用,鋼骨混凝土造,,197.87,3,2,2,有,無,9200000,49802,坡道平面,31.21,900000,,RPPNMLSLKIOFFBC28CB
信義區,房地(土地+建物)+車位,基隆市信義區孝東路132-3號11樓,27.06,住,,,1051225,土地1建物1車位2,十一層,15,住宅大樓(11層含以上有電梯),住家用,鋼骨混凝土造,,250.57,4,2,2,有,無,12100000,53162,坡道平面,67.17,2350000,,RPQNMLSLKIOFFBC38CB
信義區,房地(土地+建物)+車位,基隆市信義區孝東路138-2號7樓,20.8,住,,,1060108,土地1建物1車位1,七層,15,住宅大樓(11層含以上有電梯),住家用,鋼骨混凝土造,,179.18,3,2,2,有,無,8300000,50971,坡道平面,35.96,1000000,,RPRNMLSLKIOFFBC48CB
信義區,房地(土地+建物)+車位,基隆市信義區孝東路132-1號11樓,30.2,住,,,1060107,土地1建物1車位1,十一層,15,住宅大樓(11層含以上有電梯),住家用,鋼骨混凝土造,,242.09,4,2,2,有,無,12950000,57003,坡道平面,35.96,1200000,,RPSNMLSLKIOFFBC58CB
信義區,房地(土地+建物)+車位,基隆市信義區孝東路130-2號7樓,27.06,商,,,1060114,土地1建物1車位2,七層,15,住宅大樓(11層含以上有電梯),住家用,鋼骨混凝土造,,249.29,4,2,2,有,無,11200000,50791,坡道平面,67.17,1950000,,RPTNMLSLKIOFFBC68CB
信義區,房地(土地+建物)+車位,基隆市信義區孝東路136號5樓,23.64,住,,,1060130,土地1建物1車位1,五層,15,住宅大樓(11層含以上有電梯),住家用,鋼骨混凝土造,,202.62,3,2,2,有,無,9570000,51422,坡道平面,35.96,1000000,,RPUNMLSLKIOFFBC78CB
信義區,房地(土地+建物)+車位,基隆市信義區孝東路132-3號10樓,26.78,住,,,1050212,土地1建物1車位1,十層,15,住宅大樓(11層含以上有電梯),住家用,鋼骨混凝土造,,214.61,4,2,2,有,無,11500000,56434,坡道平面,31.21,1150000,,RPVNMLSLKIOFFBC88CB
信義區,房地(土地+建物)+車位,基隆市信義區孝東路136-3號4樓,20.8,住,,,1060218,土地1建物1車位1,四層,15,住宅大樓(11層含以上有電梯),住家用,鋼骨混凝土造,,180.43,3,2,2,有,無,7900000,47761,坡道平面,35.96,1000000,,RPWNMLSLKIOFFBC98CB
信義區,房地(土地+建物)+車位,基隆市信義區孝東路130號14樓,31.05,住,,,1060323,土地1建物1車位1,十四層,15,住宅大樓(11層含以上有電梯),住家用,鋼骨混凝土造,,249.37,4,2,2,有,無,13870000,59369,坡道平面,35.96,1200000,,RPXNMLSLKIOFFBC09CB
信義區,房地(土地+建物)+車位,基隆市信義區孝東路138-2號2樓,20.8,住,,,1060224,土地1建物1車位1,二層,15,住宅大樓(11層含以上有電梯),住家用,鋼骨混凝土造,,174.43,3,2,2,有,無,7850000,48527,坡道平面,31.21,900000,,RPOOMLSLKIOFFBC28CB
信義區,房地(土地+建物)+車位,基隆市信義區孝東路138-3號2樓,20.8,住,,,1060226,土地1建物1車位1,二層,15,住宅大樓(11層含以上有電梯),住家用,鋼骨混凝土造,,174.66,3,2,2,有,無,8270000,51377,坡道平面,31.21,900000,,RPPOMLSLKIOFFBC38CB
信義區,房地(土地+建物)+車位,基隆市信義區孝東路130-2號11樓,26.78,住,,,1060304,土地1建物1車位1,十一層,15,住宅大樓(11層含以上有電梯),住家用,鋼骨混凝土造,,218.08,4,2,2,有,無,11200000,54909,坡道平面,35.96,1200000,,RPQOMLSLKIOFFBC48CB
信義區,房地(土地+建物)+車位,基隆市信義區孝東路138-2號9樓,20.8,住,,,1060305,土地1建物1車位1,九層,15,住宅大樓(11層含以上有電梯),住家用,鋼骨混凝土造,,174.43,3,2,2,有,無,8530000,52926,坡道平面,31.21,950000,,RPROMLSLKIOFFBC58CB
信義區,房地(土地+建物)+車位,基隆市信義區孝東路132-3號13樓,26.78,住,,,1060306,土地1建物1車位1,十三層,15,住宅大樓(11層含以上有電梯),住家用,鋼骨混凝土造,,219.36,4,2,2,有,無,11800000,57797,坡道平面,35.96,1200000,,RPSOMLSLKIOFFBC68CB
信義區,房地(土地+建物)+車位,基隆市信義區孝東路136-3號9樓,20.8,住,,,1060311,土地1建物1車位1,九層,15,住宅大樓(11層含以上有電梯),住家用,鋼骨混凝土造,,180.43,3,2,2,有,無,9100000,55721,坡道平面,35.96,1050000,,RPTOMLSLKIOFFBC78CB
信義區,房地(土地+建物)+車位,基隆市信義區孝東路136號7樓,23.64,住,,,1060311,土地1建物1車位1,七層,15,住宅大樓(11層含以上有電梯),住家用,鋼骨混凝土造,,202.62,3,2,2,有,無,9600000,51602,坡道平面,35.96,1000000,,RPUOMLSLKIOFFBC88CB
信義區,房地(土地+建物)+車位,基隆市信義區孝東路138-3號3樓,20.8,住,,,1060325,土地1建物1車位1,三層,15,住宅大樓(11層含以上有電梯),住家用,鋼骨混凝土造,,174.66,3,2,2,有,無,8000000,49495,坡道平面,31.21,900000,,RPVOMLSLKIOFFBC98CB
信義區,房地(土地+建物)+車位,基隆市信義區孝東路138號1樓,23.93,住,,,1060409,土地1建物1車位2,一層,15,住宅大樓(11層含以上有電梯),住家用,鋼骨混凝土造,,237.01,3,2,2,有,無,14000000,71476,坡道平面,71.92,2200000,,RPWOMLSLKIOFFBC09CB
信義區,房地(土地+建物)+車位,基隆市信義區孝東路132-2號11樓,26.78,住,,,1060408,土地1建物1車位1,十一層,15,住宅大樓(11層含以上有電梯),住家用,鋼骨混凝土造,,214.32,4,2,2,有,無,10900000,53247,坡道平面,31.21,1150000,,RPXOMLSLKIOFFBC56CB
信義區,房地(土地+建物)+車位,基隆市信義區孝東路136-2號13樓,20.8,住,,,1060408,土地1建物1車位1,十三層,15,住宅大樓(11層含以上有電梯),住家用,鋼骨混凝土造,,176.04,3,2,2,有,無,9300000,57654,坡道平面,31.21,950000,,RPOPMLSLKIOFFBC38CB
信義區,房地(土地+建物)+車位,基隆市信義區孝東路136-2號10樓,20.8,住,,,1060409,土地1建物1車位1,十層,15,住宅大樓(11層含以上有電梯),住家用,鋼骨混凝土造,,176.04,3,2,2,有,無,8850000,54547,坡道平面,31.21,950000,,RPPPMLSLKIOFFBC48CB
信義區,房地(土地+建物)+車位,基隆市信義區孝東路138號4樓,23.64,住,,,1060411,土地1建物1車位1,四層,15,住宅大樓(11層含以上有電梯),住家用,鋼骨混凝土造,,201.32,3,2,2,有,無,9100000,48984,坡道平面,35.96,1000000,,RPQPMLSLKIOFFBC58CB
信義區,房地(土地+建物)+車位,基隆市信義區孝東路138-3號5樓,20.8,住,,,1060415,土地1建物1車位1,五層,15,住宅大樓(11層含以上有電梯),住家用,鋼骨混凝土造,,174.66,3,2,2,有,無,7950000,49146,坡道平面,31.21,900000,,RPRPMLSLKIOFFBC68CB
信義區,房地(土地+建物)+車位,基隆市信義區孝東路132-3號9樓,26.78,住,,,1060415,土地1建物1車位1,九層,15,住宅大樓(11層含以上有電梯),住家用,鋼骨混凝土造,,214.61,4,2,2,有,無,10500000,50981,坡道平面,31.21,1150000,,RPSPMLSLKIOFFBC78CB
信義區,房地(土地+建物)+車位,基隆市信義區孝東路136號2樓,23.64,住,,,1060428,土地1建物1車位1,二層,15,住宅大樓(11層含以上有電梯),住家用,鋼骨混凝土造,,197.87,3,2,2,有,無,9060000,48962,坡道平面,31.21,900000,,RPTPMLSLKIOFFBC88CB
信義區,房地(土地+建物)+車位,基隆市信義區孝東路132-2號13樓,26.78,住,,,1060429,土地1建物1車位1,十三層,15,住宅大樓(11層含以上有電梯),住家用,鋼骨混凝土造,,214.32,4,2,2,有,無,11390000,55923,坡道平面,31.21,1150000,,RPUPMLSLKIOFFBC98CB
信義區,房地(土地+建物)+車位,基隆市信義區孝東路138-2號5樓,20.8,住,,,1060429,土地1建物1車位1,五層,15,住宅大樓(11層含以上有電梯),住家用,鋼骨混凝土造,,174.43,3,2,2,有,無,8000000,49574,坡道平面,31.21,900000,,RPVPMLSLKIOFFBC09CB
信義區,房地(土地+建物)+車位,基隆市信義區孝東路136號3樓,23.64,住,,,1060430,土地1建物1車位1,三層,15,住宅大樓(11層含以上有電梯),住家用,鋼骨混凝土造,,197.87,3,2,2,有,無,9200000,49802,坡道平面,31.21,900000,,RPWPMLSLKIOFFBC56CB
信義區,房地(土地+建物)+車位,基隆市信義區孝東路136-3號10樓,20.8,住,,,1060520,土地1建物1車位1,十層,15,住宅大樓(11層含以上有電梯),住家用,鋼骨混凝土造,,180.43,3,2,2,有,無,8480000,51429,坡道平面,35.96,1050000,,RPXPMLSLKIOFFBC66CB
信義區,房地(土地+建物)+車位,基隆市信義區孝東路130-3號6樓,26.78,住,,,1060530,土地1建物1車位1,六層,15,住宅大樓(11層含以上有電梯),住家用,鋼骨混凝土造,,217.82,4,2,2,有,無,10000000,49214,坡道平面,35.96,1050000,,RPOQMLSLKIOFFBC48CB
信義區,房地(土地+建物)+車位,基隆市信義區孝東路138-2號6樓,20.8,住,,,1060605,土地1建物1車位1,六層,15,住宅大樓(11層含以上有電梯),住家用,鋼骨混凝土造,,179.18,3,2,2,有,無,8000000,48876,坡道平面,35.96,1000000,,RPPQMLSLKIOFFBC58CB
信義區,房地(土地+建物)+車位,基隆市信義區孝東路138-2號3樓,20.8,住,,,1060609,土地1建物1車位1,三層,15,住宅大樓(11層含以上有電梯),住家用,鋼骨混凝土造,,174.43,3,2,2,有,無,7810000,48247,坡道平面,31.21,900000,,RPQQMLSLKIOFFBC68CB
信義區,房地(土地+建物)+車位,基隆市信義區孝東路130-3號9樓,26.78,住,,,1060624,土地1建物1車位1,九層,15,住宅大樓(11層含以上有電梯),住家用,鋼骨混凝土造,,217.82,4,2,2,有,無,10300000,50038,坡道平面,35.96,1200000,,RPRQMLSLKIOFFBC78CB
信義區,房地(土地+建物)+車位,基隆市信義區孝東路136-1號3樓,23.64,住,,,1060627,土地1建物1車位1,三層,15,住宅大樓(11層含以上有電梯),住家用,鋼骨混凝土造,,197.93,3,2,2,有,無,9470000,51404,坡道平面,31.21,900000,,RPSQMLSLKIOFFBC88CB
信義區,房地(土地+建物)+車位,基隆市信義區孝東路132-3號14樓,26.78,住,,,1070701,土地1建物1車位1,十四層,15,住宅大樓(11層含以上有電梯),住家用,鋼骨混凝土造,,214.61,4,2,2,有,無,11000000,53708,坡道平面,31.21,1150000,,RPTQMLSLKIOFFBC98CB
信義區,房地(土地+建物)+車位,基隆市信義區孝東路136-2號6樓,20.8,住,,,1060702,土地1建物1車位1,六層,15,住宅大樓(11層含以上有電梯),住家用,鋼骨混凝土造,,176.04,3,2,2,有,無,8280000,50956,坡道平面,31.21,900000,,RPUQMLSLKIOFFBC09CB
信義區,房地(土地+建物)+車位,基隆市信義區孝東路136-3號6樓,20.8,住,,,1060708,土地1建物1車位1,六層,15,住宅大樓(11層含以上有電梯),住家用,鋼骨混凝土造,,175.68,3,2,2,有,無,7950000,48799,坡道平面,31.21,900000,,RPVQMLSLKIOFFBC56CB
信義區,房地(土地+建物)+車位,基隆市信義區孝東路138-3號6樓,20.8,住,,,1060709,土地1建物1車位1,六層,15,住宅大樓(11層含以上有電梯),住家用,鋼骨混凝土造,,179.41,3,2,2,有,無,8300000,50889,坡道平面,35.96,1000000,,RPWQMLSLKIOFFBC66CB
信義區,房地(土地+建物)+車位,基隆市信義區孝東路136-3號13樓,20.8,住,,,1060716,土地1建物1車位1,十三層,15,住宅大樓(11層含以上有電梯),住家用,鋼骨混凝土造,,175.68,3,2,2,有,無,8800000,54337,坡道平面,31.21,950000,,RPXQMLSLKIOFFBC76CB
信義區,房地(土地+建物)+車位,基隆市信義區孝東路138-2號10樓,20.8,住,,,1060719,土地1建物1車位1,十層,15,住宅大樓(11層含以上有電梯),住家用,鋼骨混凝土造,,179.18,3,2,2,有,無,8350000,50971,坡道平面,35.96,1050000,,RPORMLSLKIOFFBC58CB
信義區,房地(土地+建物)+車位,基隆市信義區孝東路130-3號12樓,26.78,住,,,1060805,土地1建物1車位1,十二層,15,住宅大樓(11層含以上有電梯),住家用,鋼骨混凝土造,,217.82,4,2,2,有,無,11200000,54987,坡道平面,35.96,1200000,,RPQRMLSLKIOFFBC78CB
信義區,房地(土地+建物)+車位,基隆市信義區孝東路130-3號10樓,26.78,住,,,1060805,土地1建物1車位1,十層,15,住宅大樓(11層含以上有電梯),住家用,鋼骨混凝土造,,213.07,4,2,2,有,無,10500000,51413,坡道平面,31.21,1150000,,RPRRMLSLKIOFFBC88CB
信義區,房地(土地+建物)+車位,基隆市信義區孝東路130-2號10樓,26.78,住,,,1060805,土地1建物1車位1,十層,15,住宅大樓(11層含以上有電梯),住家用,鋼骨混凝土造,,213.33,4,2,2,有,無,10500000,51340,坡道平面,31.21,1150000,,RPSRMLSLKIOFFBC98CB
信義區,房地(土地+建物)+車位,基隆市信義區孝東路130-2號6樓,26.78,住,,,1060806,土地1建物1車位1,六層,15,住宅大樓(11層含以上有電梯),住家用,鋼骨混凝土造,,218.08,4,2,2,有,無,9990000,49089,坡道平面,35.96,1050000,,RPQNMLTLKIOFFBC48CB
信義區,房地(土地+建物)+車位,基隆市信義區孝東路136-3號8樓,20.8,住,,,1060806,土地1建物1車位1,八層,15,住宅大樓(11層含以上有電梯),住家用,鋼骨混凝土造,,175.68,3,2,2,有,無,8200000,50530,坡道平面,31.21,900000,,RPRNMLTLKIOFFBC58CB
信義區,房地(土地+建物)+車位,基隆市信義區孝東路132-2號6樓,26.78,住,,,1060813,土地1建物1車位1,六層,15,住宅大樓(11層含以上有電梯),住家用,鋼骨混凝土造,,214.32,4,2,2,有,無,9970000,48987,坡道平面,31.21,1000000,,RPSNMLTLKIOFFBC68CB
信義區,房地(土地+建物)+車位,基隆市信義區孝東路138-2號8樓,20.8,住,,,1060813,土地1建物1車位1,八層,15,住宅大樓(11層含以上有電梯),住家用,鋼骨混凝土造,,179.18,3,2,2,有,無,7950000,48527,坡道平面,35.96,1000000,,RPTNMLTLKIOFFBC78CB
信義區,房地(土地+建物)+車位,基隆市信義區孝東路136-3號12樓,20.8,住,,,1060813,土地1建物1車位1,十二層,15,住宅大樓(11層含以上有電梯),住家用,鋼骨混凝土造,,180.43,3,2,2,有,無,8680000,52814,坡道平面,35.96,1050000,,RPUNMLTLKIOFFBC88CB
信義區,房地(土地+建物)+車位,基隆市信義區孝東路138號3樓,23.64,住,,,1060817,土地1建物1車位1,三層,15,住宅大樓(11層含以上有電梯),住家用,鋼骨混凝土造,,201.32,3,2,2,有,無,8900000,47775,坡道平面,35.96,1000000,,RPVNMLTLKIOFFBC98CB
信義區,房地(土地+建物)+車位,基隆市信義區孝東路136號1樓,23.93,住,,,1060814,土地1建物1車位2,一層,15,住宅大樓(11層含以上有電梯),住家用,鋼骨混凝土造,,238.44,3,2,2,有,無,13650000,68761,坡道平面,71.92,2200000,,RPWNMLTLKIOFFBC09CB
信義區,房地(土地+建物)+車位,基隆市信義區孝東路132-1號1樓,30.2,住,,,1060813,土地1建物1車位2,一層,15,住宅大樓(11層含以上有電梯),住家用,鋼骨混凝土造,,273.04,4,2,2,有,無,16200000,68490,坡道平面,67.17,2100000,,RPXNMLTLKIOFFBC56CB
信義區,房地(土地+建物)+車位,基隆市信義區孝東路138-2號4樓,20.8,住,,,1060819,土地1建物1車位1,四層,15,住宅大樓(11層含以上有電梯),住家用,鋼骨混凝土造,,174.43,3,2,2,有,無,7820000,48317,坡道平面,31.21,900000,,RPOOMLTLKIOFFBC38CB
信義區,房地(土地+建物)+車位,基隆市信義區孝東路136號6樓,23.64,住,,,1060902,土地1建物1車位1,六層,15,住宅大樓(11層含以上有電梯),住家用,鋼骨混凝土造,,202.62,3,2,2,有,無,9300000,49802,坡道平面,35.96,1000000,,RPPOMLTLKIOFFBC48CB
信義區,房地(土地+建物)+車位,基隆市信義區孝東路136-2號8樓,20.8,住,,,1060903,土地1建物1車位1,八層,15,住宅大樓(11層含以上有電梯),住家用,鋼骨混凝土造,,176.04,3,2,2,有,無,8450000,52130,坡道平面,31.21,900000,,RPQOMLTLKIOFFBC58CB
信義區,房地(土地+建物)+車位,基隆市信義區孝東路138-3號8樓,20.8,住,,,1060912,土地1建物1車位1,八層,15,住宅大樓(11層含以上有電梯),住家用,鋼骨混凝土造,,179.41,3,2,2,有,無,8050000,49146,坡道平面,35.96,1000000,,RPROMLTLKIOFFBC68CB
信義區,房地(土地+建物)+車位,基隆市信義區孝東路136-3號14樓,20.8,住,,,1060914,土地1建物1車位1,十四層,15,住宅大樓(11層含以上有電梯),住家用,鋼骨混凝土造,,175.68,3,2,2,有,無,8700000,53644,坡道平面,31.21,950000,,RPSOMLTLKIOFFBC78CB
信義區,房地(土地+建物)+車位,基隆市信義區孝東路136-3號15樓,20.8,住,,,1060914,土地1建物1車位1,十五層,15,住宅大樓(11層含以上有電梯),住家用,鋼骨混凝土造,,175.68,3,2,2,有,無,8800000,54337,坡道平面,31.21,950000,,RPUOMLTLKIOFFBC98CB
信義區,房地(土地+建物)+車位,基隆市信義區孝東路136-2號15樓,20.8,住,,,1060914,土地1建物1車位1,十五層,15,住宅大樓(11層含以上有電梯),住家用,鋼骨混凝土造,,176.04,3,2,2,有,無,8810000,54271,坡道平面,31.21,950000,,RPVOMLTLKIOFFBC09CB
信義區,房地(土地+建物)+車位,基隆市信義區孝東路130-2號15樓,26.78,住,,,1061217,土地1建物1車位1,十五層,15,住宅大樓(11層含以上有電梯),住家用,鋼骨混凝土造,,213.33,4,2,2,有,無,11110000,54689,坡道平面,31.21,1150000,,RPWOMLTLKIOFFBC56CB
信義區,房地(土地+建物)+車位,基隆市信義區孝東路132-3號8樓,26.78,住,,,1060917,土地1建物1車位1,八層,15,住宅大樓(11層含以上有電梯),住家用,鋼骨混凝土造,,214.61,4,2,2,有,無,10390000,50382,坡道平面,31.21,1150000,,RPXOMLTLKIOFFBC66CB
信義區,房地(土地+建物)+車位,基隆市信義區孝東路136-1號5樓,23.64,住,,,1060928,土地1建物1車位1,五層,15,住宅大樓(11層含以上有電梯),住家用,鋼骨混凝土造,,202.68,3,2,2,有,無,9500000,50984,坡道平面,35.96,1000000,,RPOPMLTLKIOFFBC48CB
信義區,房地(土地+建物)+車位,基隆市信義區孝東路138-3號11樓,20.8,住,,,1061013,土地1建物1車位1,十一層,15,住宅大樓(11層含以上有電梯),住家用,鋼骨混凝土造,,179.41,3,2,2,有,無,8600000,52632,坡道平面,35.96,1050000,,RPPPMLTLKIOFFBC58CB
信義區,房地(土地+建物)+車位,基隆市信義區孝東路132-1號7樓,30.2,住,,,1061015,土地1建物1車位1,七層,15,住宅大樓(11層含以上有電梯),住家用,鋼骨混凝土造,,242.09,4,2,2,有,無,11350000,49968,坡道平面,35.96,1050000,,RPQPMLTLKIOFFBC68CB
信義區,房地(土地+建物)+車位,基隆市信義區孝東路138號2樓,23.64,住,,,1061020,土地1建物1車位1,二層,15,住宅大樓(11層含以上有電梯),住家用,鋼骨混凝土造,,196.57,3,2,2,有,無,9300000,50798,坡道平面,31.21,900000,,RPRPMLTLKIOFFBC78CB
信義區,房地(土地+建物)+車位,基隆市信義區孝東路138號14樓,23.64,住,,,1061021,土地1建物1車位1,十四層,15,住宅大樓(11層含以上有電梯),住家用,鋼骨混凝土造,,196.57,3,2,2,有,無,10280000,55213,坡道平面,31.21,1150000,,RPSPMLTLKIOFFBC88CB
信義區,房地(土地+建物)+車位,基隆市信義區孝東路130號12樓,31.05,住,,,1061022,土地1建物1車位1,十二層,15,住宅大樓(11層含以上有電梯),住家用,鋼骨混凝土造,,249.37,4,2,2,有,無,12820000,54449,坡道平面,35.96,1200000,,RPTPMLTLKIOFFBC98CB
信義區,房地(土地+建物)+車位,基隆市信義區孝東路138-3號10樓,20.8,住,,,1061022,土地1建物1車位1,十層,15,住宅大樓(11層含以上有電梯),住家用,鋼骨混凝土造,,174.66,3,2,2,有,無,8100000,49843,坡道平面,31.21,950000,,RPUPMLTLKIOFFBC09CB
信義區,房地(土地+建物)+車位,基隆市信義區孝東路136-1號2樓,23.64,住,,,1061105,土地1建物1車位1,二層,15,住宅大樓(11層含以上有電梯),住家用,鋼骨混凝土造,,197.93,3,2,2,有,無,8900000,47985,坡道平面,31.21,900000,,RPVPMLTLKIOFFBC56CB
信義區,房地(土地+建物)+車位,基隆市信義區孝東路130-2號12樓,26.78,住,,,1061111,土地1建物1車位1,十二層,15,住宅大樓(11層含以上有電梯),住家用,鋼骨混凝土造,,218.08,4,2,2,有,無,11110000,54415,坡道平面,35.96,1200000,,RPWPMLTLKIOFFBC66CB
信義區,房地(土地+建物)+車位,基隆市信義區孝東路136-3號7樓,20.8,住,,,1061119,土地1建物1車位1,七層,15,住宅大樓(11層含以上有電梯),住家用,鋼骨混凝土造,,175.68,3,2,2,有,無,8300000,50876,坡道平面,31.21,950000,,RPXPMLTLKIOFFBC76CB
信義區,房地(土地+建物)+車位,基隆市信義區孝東路132-2號8樓,26.78,住,,,1061211,土地1建物1車位1,八層,15,住宅大樓(11層含以上有電梯),住家用,鋼骨混凝土造,,214.32,4,2,2,有,無,10800000,52701,坡道平面,31.21,1150000,,RPOQMLTLKIOFFBC58CB
信義區,房地(土地+建物)+車位,基隆市信義區孝東路132-3號5樓,26.78,住,,,1061220,土地1建物1車位1,五層,15,住宅大樓(11層含以上有電梯),住家用,鋼骨混凝土造,,219.33,4,2,2,有,無,9780000,47881,坡道平面,35.96,1000000,,RPPQMLTLKIOFFBC68CB
信義區,房地(土地+建物)+車位,基隆市信義區孝東路138-3號12樓,20.8,住,,,1061222,土地1建物1車位1,十二層,15,住宅大樓(11層含以上有電梯),住家用,鋼骨混凝土造,,179.41,3,2,2,有,無,8420000,51377,坡道平面,35.96,1050000,,RPQQMLTLKIOFFBC78CB
信義區,房地(土地+建物)+車位,基隆市信義區孝東路136-2號14樓,20.8,住,,,1061225,土地1建物1車位1,十四層,15,住宅大樓(11層含以上有電梯),住家用,鋼骨混凝土造,,176.04,3,2,2,有,無,8700000,53511,坡道平面,31.21,950000,,RPRQMLTLKIOFFBC88CB
信義區,房地(土地+建物)+車位,基隆市信義區孝東路130-2號8樓,26.78,住,,,1070101,土地1建物1車位1,八層,15,住宅大樓(11層含以上有電梯),住家用,鋼骨混凝土造,,213.33,4,2,2,有,無,10800000,52987,坡道平面,31.21,1150000,,RPSQMLTLKIOFFBC98CB
信義區,房地(土地+建物)+車位,基隆市信義區孝東路136號10樓,23.64,住,,,1070106,土地1建物1車位1,十層,15,住宅大樓(11層含以上有電梯),住家用,鋼骨混凝土造,,202.62,3,2,2,有,無,9700000,51902,坡道平面,35.96,1050000,,RPTQMLTLKIOFFBC09CB
信義區,房地(土地+建物)+車位,基隆市信義區孝東路136-2號4樓,20.8,住,,,1070111,土地1建物1車位1,四層,15,住宅大樓(11層含以上有電梯),住家用,鋼骨混凝土造,,180.79,3,2,2,有,無,7900000,47642,坡道平面,35.96,1000000,,RPUQMLTLKIOFFBC56CB
信義區,房地(土地+建物)+車位,基隆市信義區孝東路138號10樓,23.64,住,,,1070118,土地1建物1車位1,十層,15,住宅大樓(11層含以上有電梯),住家用,鋼骨混凝土造,,196.57,3,2,2,有,無,9600000,52310,坡道平面,31.21,950000,,RPVQMLTLKIOFFBC66CB
信義區,房地(土地+建物)+車位,基隆市信義區孝東路126-1號4樓,14.53,住,,,1051211,土地1建物1車位1,四層,15,住宅大樓(11層含以上有電梯),住家用,鋼骨混凝土造,,139.97,2,2,1,有,無,7260000,59706,坡道平面,35.96,1050000,,RPWQMLTLKIOFFBC76CB
信義區,房地(土地+建物),基隆市信義區孝東路122號3樓,14.24,住,,,1051209,土地1建物1車位0,三層,15,住宅大樓(11層含以上有電梯),住家用,鋼骨混凝土造,,103.18,2,2,1,有,無,6310000,61155,,0.0,0,,RPXQMLTLKIOFFBC86CB
信義區,房地(土地+建物)+車位,基隆市信義區孝東路148-2號14樓,28.2,住,,,1051204,土地1建物1車位2,十四層,15,住宅大樓(11層含以上有電梯),住家用,鋼骨混凝土造,,260.62,4,2,2,有,無,14140000,62215,坡道平面,71.92,2400000,,RPORMLTLKIOFFBC68CB
信義區,房地(土地+建物)+車位,基隆市信義區孝東路140-3號4樓,20.8,住,,,1051212,土地1建物1車位1,四層,15,住宅大樓(11層含以上有電梯),住家用,鋼骨混凝土造,,175.63,3,2,2,有,無,8450000,52278,坡道平面,31.21,900000,,RPPRMLTLKIOFFBC78CB
信義區,房地(土地+建物)+車位,基隆市信義區孝東路146-2號5樓,24.21,住,,,1051211,土地1建物1車位1,五層,15,住宅大樓(11層含以上有電梯),住家用,鋼骨混凝土造,,199.3,3,2,2,有,無,10000000,54794,坡道平面,35.96,1050000,,RPQRMLTLKIOFFBC88CB
信義區,房地(土地+建物)+車位,基隆市信義區孝東路148號5樓,26.78,住,,,1051218,土地1建物1車位1,五層,15,住宅大樓(11層含以上有電梯),住家用,鋼骨混凝土造,,216.37,4,2,2,有,無,11170000,56094,坡道平面,35.96,1050000,,RPRRMLTLKIOFFBC98CB
信義區,房地(土地+建物)+車位,基隆市信義區孝東路148-3號14樓,24.5,住,,,1060105,土地1建物1車位1,十四層,15,住宅大樓(11層含以上有電梯),住家用,鋼骨混凝土造,,200.71,3,2,2,有,無,11200000,60698,坡道平面,35.96,1200000,,RPSRMLTLKIOFFBC09CB
信義區,房地(土地+建物)+車位,基隆市信義區孝東路126號4樓,14.24,住,,,1051213,土地1建物1車位1,四層,15,住宅大樓(11層含以上有電梯),住家用,鋼骨混凝土造,,139.47,2,2,1,有,無,7260000,59994,坡道平面,35.96,1050000,,RPTRMLTLKIOFFBC56CB
信義區,房地(土地+建物)+車位,基隆市信義區孝東路142號7樓,24.5,住,,,1051203,土地1建物1車位1,七層,15,住宅大樓(11層含以上有電梯),住家用,鋼骨混凝土造,,202.58,3,2,2,有,無,10790000,57556,坡道平面,35.96,1200000,,RPURMLTLKIOFFBC66CB
信義區,房地(土地+建物)+車位,基隆市信義區孝東路148-2號5樓,28.2,住,,,1051230,土地1建物1車位2,五層,15,住宅大樓(11層含以上有電梯),住家用,鋼骨混凝土造,,260.62,4,2,2,有,無,12520000,55220,坡道平面,71.92,2100000,,RPVRMLTLKIOFFBC76CB
信義區,房地(土地+建物)+車位,基隆市信義區孝東路140-2號5樓,20.8,住,,,1051210,土地1建物1車位1,五層,15,住宅大樓(11層含以上有電梯),住家用,鋼骨混凝土造,,180.15,3,2,2,有,無,8740000,53679,坡道平面,35.96,1000000,,RPPNMLKMKIOFFBC57CB
信義區,房地(土地+建物),基隆市信義區孝東路128號11樓,14.24,住,,,1051210,土地1建物1車位0,十一層,15,住宅大樓(11層含以上有電梯),住家用,鋼骨混凝土造,,104.77,2,2,1,有,無,6790000,64809,,0.0,0,,RPTNMLKMKIOFFBC97CB
信義區,房地(土地+建物)+車位,基隆市信義區孝東路146-1號4樓,26.78,住,,,1051211,土地1建物1車位1,四層,15,住宅大樓(11層含以上有電梯),住家用,鋼骨混凝土造,,217.24,4,2,2,有,無,10980000,54777,坡道平面,35.96,1050000,,RPUNMLKMKIOFFBC08CB
信義區,房地(土地+建物)+車位,基隆市信義區孝東路146號4樓,26.78,住,,,1051211,土地1建物1車位1,四層,15,住宅大樓(11層含以上有電梯),住家用,鋼骨混凝土造,,217.21,4,2,2,有,無,10980000,54786,坡道平面,35.96,1050000,,RPVNMLKMKIOFFBC18CB
信義區,房地(土地+建物)+車位,基隆市信義區孝東路128-1號4樓,14.24,住,,,1051206,土地1建物1車位1,四層,15,住宅大樓(11層含以上有電梯),住家用,鋼骨混凝土造,,140.48,2,2,1,有,無,7350000,60276,坡道平面,35.96,1050000,,RPWNMLKMKIOFFBC28CB
信義區,房地(土地+建物)+車位,基隆市信義區孝東路140-2號11樓,20.8,住,,,1051209,土地1建物1車位1,十一層,15,住宅大樓(11層含以上有電梯),住家用,鋼骨混凝土造,,175.4,3,2,2,有,無,9050000,56176,坡道平面,31.21,950000,,RPXNMLKMKIOFFBC38CB
信義區,房地(土地+建物)+車位,基隆市信義區孝東路148-3號7樓,24.5,住,,,1051204,土地1建物1車位1,七層,15,住宅大樓(11層含以上有電梯),住家用,鋼骨混凝土造,,200.59,3,2,2,有,無,9830000,53332,坡道平面,35.96,1050000,,RPOOMLKMKIOFFBC57CB
信義區,房地(土地+建物)+車位,基隆市信義區孝東路146-3號5樓,24.5,住,,,1051218,土地1建物1車位1,五層,15,住宅大樓(11層含以上有電梯),住家用,鋼骨混凝土造,,201.67,3,2,2,有,無,10080000,54493,坡道平面,35.96,1050000,,RPPOMLKMKIOFFBC67CB
信義區,房地(土地+建物)+車位,基隆市信義區孝東路148-2號4樓,27.92,住,,,1051210,土地1建物1車位1,四層,15,住宅大樓(11層含以上有電梯),住家用,鋼骨混凝土造,,224.66,4,2,2,有,無,10550000,50344,坡道平面,35.96,1050000,,RPROMLKMKIOFFBC87CB
信義區,房地(土地+建物)+車位,基隆市信義區孝東路148-1號5樓,27.92,住,,,1051203,土地1建物1車位1,五層,15,住宅大樓(11層含以上有電梯),住家用,鋼骨混凝土造,,224.66,4,2,2,有,無,10870000,52040,坡道平面,35.96,1050000,,RPUOMLKMKIOFFBC18CB
信義區,房地(土地+建物)+車位,基隆市信義區孝東路142-1號5樓,26.78,住,,,1051207,土地1建物1車位1,五層,15,住宅大樓(11層含以上有電梯),住家用,鋼骨混凝土造,,218.16,4,2,2,有,無,10870000,53074,坡道平面,35.96,1200000,,RPVOMLKMKIOFFBC28CB
信義區,房地(土地+建物)+車位,基隆市信義區孝東路140-2號7樓,20.8,住,,,1051230,土地1建物1車位1,七層,15,住宅大樓(11層含以上有電梯),住家用,鋼骨混凝土造,,175.4,3,2,2,有,無,8280000,50836,坡道平面,31.21,950000,,RPWOMLKMKIOFFBC38CB
信義區,房地(土地+建物)+車位,基隆市信義區孝東路148-3號5樓,24.5,住,,,1051203,土地1建物1車位1,五層,15,住宅大樓(11層含以上有電梯),住家用,鋼骨混凝土造,,200.59,3,2,2,有,無,10300000,56187,坡道平面,35.96,1050000,,RPXOMLKMKIOFFBC48CB
信義區,房地(土地+建物)+車位,基隆市信義區孝東路148-2號3樓,27.92,住,,,1051220,土地1建物1車位1,三層,15,住宅大樓(11層含以上有電梯),住家用,鋼骨混凝土造,,219.91,4,2,2,有,無,11220000,54425,坡道平面,31.21,950000,,RPOPMLKMKIOFFBC67CB
信義區,房地(土地+建物)+車位,基隆市信義區孝東路148號4樓,26.78,住,,,1051206,土地1建物1車位1,四層,15,住宅大樓(11層含以上有電梯),住家用,鋼骨混凝土造,,216.37,4,2,2,有,無,10380000,50884,坡道平面,35.96,1200000,,RPPPMLKMKIOFFBC77CB
信義區,房地(土地+建物)+車位,基隆市信義區孝東路148-3號9樓,24.5,住,,,1060108,土地1建物1車位1,九層,15,住宅大樓(11層含以上有電梯),住家用,鋼骨混凝土造,,195.84,3,2,2,有,無,10400000,56187,坡道平面,31.21,1150000,,RPQPMLKMKIOFFBC87CB
信義區,房地(土地+建物)+車位,基隆市信義區孝東路140-2號3樓,20.8,住,,,1051225,土地1建物1車位1,三層,15,住宅大樓(11層含以上有電梯),住家用,鋼骨混凝土造,,175.4,3,2,2,有,無,8620000,53540,坡道平面,31.21,900000,,RPRPMLKMKIOFFBC97CB
信義區,房地(土地+建物)+車位,基隆市信義區孝東路148-2號2樓,28.2,住,,,1051204,土地1建物1車位2,二層,15,住宅大樓(11層含以上有電梯),住家用,鋼骨混凝土造,,260.62,4,2,2,有,無,12680000,55273,坡道平面,71.92,2250000,,RPSPMLKMKIOFFBC08CB
信義區,房地(土地+建物)+車位,基隆市信義區孝東路142號5樓,24.5,住,,,1051211,土地1建物1車位1,五層,15,住宅大樓(11層含以上有電梯),住家用,鋼骨混凝土造,,202.58,3,2,2,有,無,10000000,52815,坡道平面,35.96,1200000,,RPTPMLKMKIOFFBC18CB
信義區,房地(土地+建物)+車位,基隆市信義區孝東路142-3號4樓,24.78,住,,,1051209,土地1建物1車位1,四層,15,住宅大樓(11層含以上有電梯),住家用,鋼骨混凝土造,,204.74,3,2,2,有,無,10200000,53324,坡道平面,35.96,1200000,,RPUPMLKMKIOFFBC28CB
信義區,房地(土地+建物),基隆市信義區孝東路122號4樓,14.24,住,,,1051213,土地1建物1車位0,四層,15,住宅大樓(11層含以上有電梯),住家用,鋼骨混凝土造,,103.18,2,2,1,有,無,6200000,60089,,0.0,0,,RPWPMLKMKIOFFBC48CB
信義區,房地(土地+建物)+車位,基隆市信義區孝東路142號4樓,24.5,住,,,1051204,土地1建物1車位1,四層,15,住宅大樓(11層含以上有電梯),住家用,鋼骨混凝土造,,202.58,3,2,2,有,無,9700000,51915,坡道平面,35.96,1050000,,RPXPMLKMKIOFFBC58CB
信義區,房地(土地+建物),基隆市信義區孝東路126號11樓,13.96,住,,,1051229,土地1建物1車位0,十一層,15,住宅大樓(11層含以上有電梯),住家用,鋼骨混凝土造,,103.63,2,2,1,有,無,6650000,64171,,0.0,0,,RPOQMLKMKIOFFBC77CB
信義區,房地(土地+建物)+車位,基隆市信義區孝東路142-1號4樓,26.78,住,,,1051214,土地1建物1車位1,四層,15,住宅大樓(11層含以上有電梯),住家用,鋼骨混凝土造,,218.16,4,2,2,有,無,10420000,51427,坡道平面,35.96,1050000,,RPPQMLKMKIOFFBC87CB
信義區,房地(土地+建物)+車位,基隆市信義區孝東路148號9樓,27.06,住,,,1051209,土地1建物1車位2,九層,15,住宅大樓(11層含以上有電梯),住家用,鋼骨混凝土造,,247.58,4,2,2,有,無,12680000,58367,坡道平面,67.17,2150000,,RPRQMLKMKIOFFBC08CB
信義區,房地(土地+建物)+車位,基隆市信義區孝東路146-3號4樓,24.5,住,,,1051204,土地1建物1車位1,四層,15,住宅大樓(11層含以上有電梯),住家用,鋼骨混凝土造,,201.67,3,2,2,有,無,9300000,49786,坡道平面,35.96,1050000,,RPSQMLKMKIOFFBC18CB
信義區,房地(土地+建物)+車位,基隆市信義區孝東路142-2號11樓,24.21,住,,,1051215,土地1建物1車位1,十一層,15,住宅大樓(11層含以上有電梯),住家用,鋼骨混凝土造,,200.11,3,2,2,有,無,10590000,57204,坡道平面,35.96,1200000,,RPTQMLKMKIOFFBC28CB
信義區,房地(土地+建物)+車位,基隆市信義區孝東路146-3號7樓,24.5,住,,,1051210,土地1建物1車位1,七層,15,住宅大樓(11層含以上有電梯),住家用,鋼骨混凝土造,,196.92,3,2,2,有,無,9690000,52743,坡道平面,31.21,950000,,RPUQMLKMKIOFFBC38CB
信義區,房地(土地+建物)+車位,基隆市信義區孝東路142號9樓,24.5,住,,,1051203,土地1建物1車位1,九層,15,住宅大樓(11層含以上有電梯),住家用,鋼骨混凝土造,,197.83,3,2,2,有,無,10650000,58216,坡道平面,31.21,950000,,RPQNMLLJJHPFFBC37CB
信義區,房地(土地+建物)+車位,基隆市信義區孝東路142-2號5樓,24.21,住,,,1051210,土地1建物1車位1,五層,15,住宅大樓(11層含以上有電梯),住家用,鋼骨混凝土造,,200.11,3,2,2,有,無,9700000,51782,坡道平面,35.96,1200000,,RPRNMLLJJHPFFBC47CB
信義區,房地(土地+建物)+車位,基隆市信義區孝東路148-2號10樓,27.92,住,,,1051202,土地1建物1車位1,十層,15,住宅大樓(11層含以上有電梯),住家用,鋼骨混凝土造,,224.66,4,2,2,有,無,12180000,58188,坡道平面,35.96,1200000,,RPQNMLMJJHPFFBC47CB
信義區,房地(土地+建物)+車位,基隆市信義區孝東路140-3號3樓,20.8,住,,,1051203,土地1建物1車位1,三層,15,住宅大樓(11層含以上有電梯),住家用,鋼骨混凝土造,,175.63,3,2,2,有,無,8000000,49162,坡道平面,31.21,900000,,RPRNMLMJJHPFFBC57CB
信義區,房地(土地+建物)+車位,基隆市信義區孝東路148-2號9樓,27.92,住,,,1051215,土地1建物1車位1,九層,15,住宅大樓(11層含以上有電梯),住家用,鋼筋混凝土造,,224.66,4,2,2,有,無,12000000,57234,坡道平面,35.96,1200000,,RPTNMLMJJHPFFBC77CB
信義區,房地(土地+建物)+車位,基隆市信義區孝東路140-2號4樓,20.8,住,,,1051230,土地1建物1車位1,四層,15,住宅大樓(11層含以上有電梯),住家用,鋼筋混凝土造,,175.4,3,2,2,有,無,8050000,49587,坡道平面,31.21,900000,,RPUNMLMJJHPFFBC87CB
信義區,房地(土地+建物)+車位,基隆市信義區孝東路140-3號7樓,20.8,住,,,1051203,土地1建物1車位1,七層,15,住宅大樓(11層含以上有電梯),住家用,鋼骨混凝土造,,175.63,3,2,2,有,無,8280000,50755,坡道平面,31.21,950000,,RPXNMLMJJHPFFBC18CB
信義區,房地(土地+建物)+車位,基隆市信義區孝東路148-2號13樓,27.92,住,,,1051215,土地1建物1車位1,十三層,15,住宅大樓(11層含以上有電梯),住家用,鋼筋混凝土造,,224.66,4,2,2,有,無,12450000,59618,坡道平面,35.96,1200000,,RPOOMLMJJHPFFBC37CB
信義區,房地(土地+建物)+車位,基隆市信義區孝東路146號5樓,26.78,住,,,1051211,土地1建物1車位1,五層,15,住宅大樓(11層含以上有電梯),住家用,鋼筋混凝土造,,217.21,4,2,2,有,無,10500000,52138,坡道平面,35.96,1050000,,RPPOMLMJJHPFFBC47CB
信義區,房地(土地+建物)+車位,基隆市信義區孝東路140-2號9樓,20.8,住,,,1051212,土地1建物1車位1,九層,15,住宅大樓(11層含以上有電梯),住家用,鋼筋混凝土造,,175.4,3,2,2,有,無,8990000,55760,坡道平面,31.21,950000,,RPPQMLMJJHPFFBC67CB
信義區,房地(土地+建物)+車位,基隆市信義區孝東路146號7樓,26.78,住,,,1060102,土地1建物1車位1,七層,15,住宅大樓(11層含以上有電梯),住家用,鋼筋混凝土造,,217.33,4,2,2,有,無,10590000,52600,坡道平面,35.96,1050000,,RPQNMLNJJHPFFBC57CB
信義區,房地(土地+建物)+車位,基隆市信義區孝東路146-1號3樓,26.78,住,,,1060115,土地1建物1車位1,三層,15,住宅大樓(11層含以上有電梯),住家用,鋼筋混凝土造,,212.49,4,2,2,有,無,10800000,54336,坡道平面,31.21,950000,,RPRNMLNJJHPFFBC67CB
信義區,房地(土地+建物)+車位,基隆市信義區孝東路142號11樓,24.5,住,,,1060115,土地1建物1車位1,十一層,15,住宅大樓(11層含以上有電梯),住家用,鋼筋混凝土造,,202.58,3,2,2,有,無,11070000,59237,坡道平面,35.96,1200000,,RPSNMLNJJHPFFBC77CB
信義區,房地(土地+建物)+車位,基隆市信義區孝東路142-2號9樓,24.21,住,,,1060122,土地1建物1車位1,九層,15,住宅大樓(11層含以上有電梯),住家用,鋼筋混凝土造,,200.11,3,2,2,有,無,9890000,52939,坡道平面,35.96,1200000,,RPWNMLNJJHPFFBC18CB
信義區,房地(土地+建物)+車位,基隆市信義區孝東路142-3號5樓,24.78,住,,,1060131,土地1建物1車位1,五層,15,住宅大樓(11層含以上有電梯),住家用,鋼筋混凝土造,,204.74,3,2,2,有,無,10000000,52139,坡道平面,35.96,1200000,,RPOOMLNJJHPFFBC47CB
信義區,房地(土地+建物)+車位,基隆市信義區孝東路148-3號3樓,24.5,住,,,1060131,土地1建物1車位1,三層,15,住宅大樓(11層含以上有電梯),住家用,鋼筋混凝土造,,195.84,3,2,2,有,無,9750000,53453,坡道平面,31.21,950000,,RPUOMLNJJHPFFBC08CB
信義區,房地(土地+建物)+車位,基隆市信義區孝東路140-2號2樓,20.8,住,,,1060210,土地1建物1車位1,二層,15,住宅大樓(11層含以上有電梯),住家用,鋼筋混凝土造,,180.15,3,2,2,有,無,8900000,54789,坡道平面,35.96,1000000,,RPXOMLNJJHPFFBC38CB
信義區,房地(土地+建物)+車位,基隆市信義區孝東路146-2號4樓,27.06,住,,,1060214,土地1建物1車位1,四層,15,住宅大樓(11層含以上有電梯),住家用,鋼筋混凝土造,,194.55,3,2,2,有,無,9700000,53569,坡道平面,31.21,950000,,RPOPMLNJJHPFFBC57CB
信義區,房地(土地+建物)+車位,基隆市信義區孝東路142-2號7樓,24.21,住,,,1060219,土地1建物1車位1,七層,15,住宅大樓(11層含以上有電梯),住家用,鋼筋混凝土造,,200.11,3,2,2,有,無,9380000,49832,坡道平面,35.96,1200000,,RPPPMLNJJHPFFBC67CB
信義區,房地(土地+建物)+車位,基隆市信義區孝東路148-3號2樓,24.5,住,,,1060225,土地1建物1車位1,二層,15,住宅大樓(11層含以上有電梯),住家用,鋼筋混凝土造,,195.84,3,2,2,有,無,9580000,52421,坡道平面,31.21,950000,,RPSNMLOJJHPFFBC87CB
信義區,房地(土地+建物)+車位,基隆市信義區孝東路142-2號10樓,24.21,住,,,1060223,土地1建物1車位1,十層,15,住宅大樓(11層含以上有電梯),住家用,鋼筋混凝土造,,200.11,3,2,2,有,無,9720000,51904,坡道平面,35.96,1200000,,RPTNMLOJJHPFFBC97CB
信義區,房地(土地+建物)+車位,基隆市信義區孝東路122-1號3樓,14.24,住,,,1060224,土地1建物1車位1,三層,15,住宅大樓(11層含以上有電梯),住家用,鋼筋混凝土造,,133.89,2,2,1,有,無,7350000,60382,坡道平面,31.21,1150000,,RPUNMLOJJHPFFBC08CB
信義區,房地(土地+建物),基隆市信義區孝東路120號3樓,13.96,住,,,1060227,土地1建物1車位0,三層,15,住宅大樓(11層含以上有電梯),住家用,鋼筋混凝土造,,102.21,2,2,1,有,無,6480000,63399,,0.0,0,,RPVNMLOJJHPFFBC18CB
信義區,房地(土地+建物)+車位,基隆市信義區孝東路148-1號4樓,27.92,住,,,1060228,土地1建物1車位1,四層,15,住宅大樓(11層含以上有電梯),住家用,鋼筋混凝土造,,224.66,4,2,2,有,無,10930000,52358,坡道平面,35.96,1050000,,RPXNMLOJJHPFFBC38CB
信義區,房地(土地+建物)+車位,基隆市信義區孝東路142-2號4樓,24.21,住,,,1060305,土地1建物1車位1,四層,15,住宅大樓(11層含以上有電梯),住家用,鋼筋混凝土造,,200.11,3,2,2,有,無,9500000,50564,坡道平面,35.96,1200000,,RPOOMLOJJHPFFBC57CB
信義區,房地(土地+建物),基隆市信義區孝東路120號4樓,13.96,住,,,1060310,土地1建物1車位0,四層,15,住宅大樓(11層含以上有電梯),住家用,鋼筋混凝土造,,102.21,2,2,1,有,無,6080000,59485,,0.0,0,,RPPOMLOJJHPFFBC67CB
信義區,房地(土地+建物)+車位,基隆市信義區孝東路120號7樓,14.24,住,,,1060311,土地1建物1車位1,七層,15,住宅大樓(11層含以上有電梯),住家用,鋼筋混凝土造,,138.17,2,2,1,有,無,7800000,64573,坡道平面,35.96,1200000,,RPQOMLOJJHPFFBC77CB
信義區,房地(土地+建物)+車位,基隆市信義區孝東路120-1號5樓,14.53,住,,,1060312,土地1建物1車位1,五層,15,住宅大樓(11層含以上有電梯),住家用,鋼筋混凝土造,,138.44,2,2,1,有,無,7800000,64403,坡道平面,35.96,1200000,,RPROMLOJJHPFFBC87CB
信義區,房地(土地+建物)+車位,基隆市信義區孝東路146-3號6樓,24.5,住,,,1060325,土地1建物1車位1,六層,15,住宅大樓(11層含以上有電梯),住家用,鋼筋混凝土造,,196.92,3,2,2,有,無,9600000,52200,坡道平面,31.21,950000,,RPSOMLOJJHPFFBC97CB
信義區,房地(土地+建物)+車位,基隆市信義區孝東路146-2號2樓,24.21,住,,,1060329,土地1建物1車位1,二層,15,住宅大樓(11層含以上有電梯),住家用,鋼筋混凝土造,,199.3,3,2,2,有,無,10000000,54794,坡道平面,35.96,1050000,,RPTOMLOJJHPFFBC08CB
信義區,房地(土地+建物)+車位,基隆市信義區孝東路142-1號7樓,26.78,住,,,1060403,土地1建物1車位1,七層,15,住宅大樓(11層含以上有電梯),住家用,鋼筋混凝土造,,218.16,4,2,2,有,無,11200000,54885,坡道平面,35.96,1200000,,RPUOMLOJJHPFFBC18CB
信義區,房地(土地+建物)+車位,基隆市信義區孝東路148-1號3樓,27.92,住,,,1060403,土地1建物1車位1,三層,15,住宅大樓(11層含以上有電梯),住家用,鋼筋混凝土造,,224.66,4,2,2,有,無,11330000,54478,坡道平面,35.96,1050000,,RPVOMLOJJHPFFBC28CB
信義區,房地(土地+建物)+車位,基隆市信義區孝東路120-1號2樓,14.53,住,,,1060408,土地1建物1車位1,二層,15,住宅大樓(11層含以上有電梯),住家用,鋼筋混凝土造,,133.69,2,2,1,有,無,7970000,66550,坡道平面,31.21,1150000,,RPWOMLOJJHPFFBC38CB
信義區,房地(土地+建物)+車位,基隆市信義區孝東路146-3號3樓,24.5,住,,,1060415,土地1建物1車位1,三層,15,住宅大樓(11層含以上有電梯),住家用,鋼筋混凝土造,,201.67,3,2,2,有,無,9700000,52200,坡道平面,35.96,1050000,,RPXOMLOJJHPFFBC48CB
信義區,房地(土地+建物)+車位,基隆市信義區孝東路146-2號3樓,24.21,住,,,1060427,土地1建物1車位1,三層,15,住宅大樓(11層含以上有電梯),住家用,鋼筋混凝土造,,194.55,3,2,2,有,無,9500000,52345,坡道平面,31.21,950000,,RPOPMLOJJHPFFBC67CB
信義區,房地(土地+建物)+車位,基隆市信義區孝東路142-3號14樓,24.78,住,,,1060430,土地1建物1車位1,十四層,15,住宅大樓(11層含以上有電梯),住家用,鋼筋混凝土造,,204.74,3,2,2,有,無,10680000,56168,坡道平面,35.96,1200000,,RPPPMLOJJHPFFBC77CB
信義區,房地(土地+建物),基隆市信義區孝東路128號5樓,14.24,住,,,1060503,土地1建物1車位0,五層,15,住宅大樓(11層含以上有電梯),住家用,鋼筋混凝土造,,104.77,2,2,1,有,無,6550000,62518,,0.0,0,,RPQPMLOJJHPFFBC87CB
信義區,房地(土地+建物)+車位,基隆市信義區孝東路146-2號9樓,24.21,住,,,1060504,土地1建物1車位1,九層,15,住宅大樓(11層含以上有電梯),住家用,鋼筋混凝土造,,199.3,3,2,2,有,無,9500000,51733,坡道平面,35.96,1050000,,RPSPMLOJJHPFFBC08CB
信義區,房地(土地+建物)+車位,基隆市信義區孝東路140-3號6樓,20.8,住,,,1060506,土地1建物1車位1,六層,15,住宅大樓(11層含以上有電梯),住家用,鋼筋混凝土造,,180.38,3,2,2,有,無,8580000,52486,坡道平面,35.96,1000000,,RPTPMLOJJHPFFBC18CB
信義區,房地(土地+建物)+車位,基隆市信義區孝東路146-1號7樓,26.78,住,,,1060506,土地1建物1車位1,七層,15,住宅大樓(11層含以上有電梯),住家用,鋼筋混凝土造,,217.24,4,2,2,有,無,10500000,52129,坡道平面,35.96,1050000,,RPUPMLOJJHPFFBC28CB
信義區,房地(土地+建物)+車位,基隆市信義區孝東路120-1號9樓,14.53,住,,,1060519,土地1建物1車位1,九層,15,住宅大樓(11層含以上有電梯),住家用,鋼筋混凝土造,,138.44,2,2,1,有,無,7400000,60500,坡道平面,35.96,1200000,,RPVPMLOJJHPFFBC38CB
信義區,房地(土地+建物)+車位,基隆市信義區孝東路142號10樓,24.5,住,,,1060526,土地1建物1車位1,十層,15,住宅大樓(11層含以上有電梯),住家用,鋼筋混凝土造,,202.58,3,2,2,有,無,9800000,51614,坡道平面,35.96,1200000,,RPWPMLOJJHPFFBC48CB
信義區,房地(土地+建物)+車位,基隆市信義區孝東路120號9樓,14.24,住,,,1060531,土地1建物1車位1,九層,15,住宅大樓(11層含以上有電梯),住家用,鋼筋混凝土造,,138.17,2,2,1,有,無,7200000,58703,坡道平面,35.96,1200000,,RPXPMLOJJHPFFBC58CB
信義區,房地(土地+建物)+車位,基隆市信義區孝東路148號7樓,26.78,住,,,1060528,土地1建物1車位1,七層,15,住宅大樓(11層含以上有電梯),住家用,鋼筋混凝土造,,216.37,4,2,2,有,無,10300000,51272,坡道平面,35.96,1050000,,RPOQMLOJJHPFFBC77CB
信義區,房地(土地+建物)+車位,基隆市信義區孝東路128號4樓,14.53,住,,,1060528,土地1建物1車位1,四層,15,住宅大樓(11層含以上有電梯),住家用,鋼筋混凝土造,,135.98,2,2,1,有,無,7000000,57746,坡道平面,31.21,950000,,RPPQMLOJJHPFFBC87CB
信義區,房地(土地+建物)+車位,基隆市信義區孝東路120號5樓,14.24,住,,,1060612,土地1建物1車位1,五層,15,住宅大樓(11層含以上有電梯),住家用,鋼筋混凝土造,,138.17,2,2,1,有,無,7000000,56746,坡道平面,35.96,1200000,,RPQQMLOJJHPFFBC97CB
信義區,房地(土地+建物),基隆市信義區孝東路118-1號5樓,13.96,住,,,1060530,土地1建物1車位0,五層,15,住宅大樓(11層含以上有電梯),住家用,鋼筋混凝土造,,102.91,2,2,1,有,無,6200000,60247,,0.0,0,,RPRNMLPJJHPFFBC87CB
信義區,房地(土地+建物)+車位,基隆市信義區孝東路148-3號10樓,24.5,住,,,1060604,土地1建物1車位1,十層,15,住宅大樓(11層含以上有電梯),住家用,鋼筋混凝土造,,200.59,3,2,2,有,無,9950000,53149,坡道平面,35.96,1200000,,RPSNMLPJJHPFFBC97CB
信義區,房地(土地+建物)+車位,基隆市信義區孝東路142號13樓,24.5,住,,,1060611,土地1建物1車位1,十三層,15,住宅大樓(11層含以上有電梯),住家用,鋼筋混凝土造,,202.58,3,2,2,有,無,10200000,54015,坡道平面,35.96,1200000,,RPTNMLPJJHPFFBC08CB
信義區,房地(土地+建物)+車位,基隆市信義區孝東路146-1號14樓,27.06,住,,,1060610,土地1建物1車位2,十四層,15,住宅大樓(11層含以上有電梯),住家用,鋼筋混凝土造,,253.2,4,2,2,有,無,12550000,55991,坡道平面,71.92,2400000,,RPUNMLPJJHPFFBC18CB
信義區,房地(土地+建物)+車位,基隆市信義區孝東路148-2號11樓,27.92,住,,,1060613,土地1建物1車位1,十一層,15,住宅大樓(11層含以上有電梯),住家用,鋼筋混凝土造,,224.66,4,2,2,有,無,11060000,52252,坡道平面,35.96,1200000,,RPVNMLPJJHPFFBC28CB
信義區,房地(土地+建物)+車位,基隆市信義區孝東路120-1號4樓,14.53,住,,,1060618,土地1建物1車位1,四層,15,住宅大樓(11層含以上有電梯),住家用,鋼筋混凝土造,,138.44,2,2,1,有,無,7000000,56596,坡道平面,35.96,1200000,,RPWNMLPJJHPFFBC38CB
信義區,房地(土地+建物)+車位,基隆市信義區孝東路146-3號10樓,24.5,住,,,1060618,土地1建物1車位1,十層,15,住宅大樓(11層含以上有電梯),住家用,鋼筋混凝土造,,201.67,3,2,2,有,無,10000000,53105,坡道平面,35.96,1200000,,RPXNMLPJJHPFFBC48CB
信義區,房地(土地+建物)+車位,基隆市信義區孝東路142-3號7樓,24.78,住,,,1060701,土地1建物1車位1,七層,15,住宅大樓(11層含以上有電梯),住家用,鋼筋混凝土造,,204.74,3,2,2,有,無,10200000,53324,坡道平面,35.96,1200000,,RPOOMLPJJHPFFBC67CB
信義區,房地(土地+建物)+車位,基隆市信義區孝東路148號3樓,26.78,住,,,1060701,土地1建物1車位1,三層,15,住宅大樓(11層含以上有電梯),住家用,鋼筋混凝土造,,216.37,4,2,2,有,無,10160000,50496,坡道平面,35.96,1050000,,RPPOMLPJJHPFFBC77CB
信義區,房地(土地+建物)+車位,基隆市信義區孝東路140-2號6樓,20.8,住,,,1060708,土地1建物1車位1,六層,15,住宅大樓(11層含以上有電梯),住家用,鋼筋混凝土造,,180.15,3,2,2,有,無,8000000,48547,坡道平面,35.96,1000000,,RPQOMLPJJHPFFBC87CB
信義區,房地(土地+建物)+車位,基隆市信義區孝東路142號14樓,24.5,住,,,1060713,土地1建物1車位1,十四層,15,住宅大樓(11層含以上有電梯),住家用,鋼筋混凝土造,,202.58,3,2,2,有,無,10750000,57316,坡道平面,35.96,1200000,,RPROMLPJJHPFFBC97CB
信義區,房地(土地+建物)+車位,基隆市信義區孝東路140-3號9樓,20.8,住,,,1060715,土地1建物1車位1,九層,15,住宅大樓(11層含以上有電梯),住家用,鋼筋混凝土造,,180.38,3,2,2,有,無,8400000,50893,坡道平面,35.96,1050000,,RPSOMLPJJHPFFBC08CB
信義區,房地(土地+建物)+車位,基隆市信義區孝東路140-3號10樓,20.8,住,,,1060722,土地1建物1車位1,十層,15,住宅大樓(11層含以上有電梯),住家用,鋼筋混凝土造,,175.63,3,2,2,有,無,8380000,51447,坡道平面,31.21,950000,,RPTOMLPJJHPFFBC18CB
信義區,房地(土地+建物)+車位,基隆市信義區孝東路148-1號6樓,27.92,住,,,1060806,土地1建物1車位1,六層,15,住宅大樓(11層含以上有電梯),住家用,鋼筋混凝土造,,224.66,4,2,2,有,無,11170000,53630,坡道平面,35.96,1050000,,RPUOMLPJJHPFFBC28CB
信義區,房地(土地+建物),基隆市信義區孝東路140-3號8樓,20.51,住,,,1060813,土地1建物1車位0,八層,15,住宅大樓(11層含以上有電梯),住家用,鋼筋混凝土造,,144.42,3,2,2,有,無,7130000,49370,,0.0,0,,RPVOMLPJJHPFFBC38CB
信義區,房地(土地+建物)+車位,基隆市信義區孝東路140-3號11樓,20.8,住,,,1060819,土地1建物1車位1,十一層,15,住宅大樓(11層含以上有電梯),住家用,鋼筋混凝土造,,175.63,3,2,2,有,無,8550000,52624,坡道平面,31.21,950000,,RPWOMLPJJHPFFBC48CB
信義區,房地(土地+建物)+車位,基隆市信義區孝東路148-1號12樓,27.92,住,,,1060820,土地1建物1車位1,七層,15,住宅大樓(11層含以上有電梯),住家用,鋼筋混凝土造,,224.66,4,2,2,有,無,11600000,55114,坡道平面,35.96,1200000,,RPXOMLPJJHPFFBC58CB
信義區,房地(土地+建物)+車位,基隆市信義區孝東路148-2號8樓,27.92,住,,,1060826,土地1建物1車位1,八層,15,住宅大樓(11層含以上有電梯),住家用,鋼筋混凝土造,,224.66,4,2,2,有,無,11090000,52411,坡道平面,35.96,1200000,,RPOPMLPJJHPFFBC77CB
信義區,房地(土地+建物)+車位,基隆市信義區孝東路148號8樓,26.78,住,,,1060826,土地1建物1車位1,八層,15,住宅大樓(11層含以上有電梯),住家用,鋼筋混凝土造,,216.37,4,2,2,有,無,10510000,52436,坡道平面,35.96,1050000,,RPPPMLPJJHPFFBC87CB
信義區,房地(土地+建物)+車位,基隆市信義區孝東路148-1號8樓,27.92,住,,,1060826,土地1建物1車位1,八層,15,住宅大樓(11層含以上有電梯),住家用,鋼筋混凝土造,,224.66,4,2,2,有,無,11090000,52411,坡道平面,35.96,1200000,,RPQPMLPJJHPFFBC97CB
信義區,房地(土地+建物)+車位,基隆市信義區孝東路122-1號5樓,14.24,住,,,1060830,土地1建物1車位1,五層,15,住宅大樓(11層含以上有電梯),住家用,鋼筋混凝土造,,138.64,2,2,1,有,無,7320000,61063,坡道平面,35.96,1050000,,RPRPMLPJJHPFFBC08CB
信義區,房地(土地+建物)+車位,基隆市信義區孝東路140-2號10樓,20.8,住,,,1060902,土地1建物1車位1,十層,15,住宅大樓(11層含以上有電梯),住家用,鋼筋混凝土造,,175.4,3,2,2,有,無,8380000,51529,坡道平面,31.21,950000,,RPSPMLPJJHPFFBC18CB
信義區,房地(土地+建物)+車位,基隆市信義區孝東路142-2號6樓,24.21,住,,,1060909,土地1建物1車位1,六層,15,住宅大樓(11層含以上有電梯),住家用,鋼筋混凝土造,,200.11,3,2,2,有,無,9500000,50564,坡道平面,35.96,1200000,,RPTPMLPJJHPFFBC28CB
信義區,房地(土地+建物)+車位,基隆市信義區孝東路140-2號8樓,20.8,住,,,1060910,土地1建物1車位1,八層,15,住宅大樓(11層含以上有電梯),住家用,鋼筋混凝土造,,180.15,3,2,2,有,無,8550000,52361,坡道平面,35.96,1000000,,RPVPMLPJJHPFFBC48CB
信義區,房地(土地+建物)+車位,基隆市信義區孝東路122號5樓,14.53,住,,,1060910,土地1建物1車位1,五層,15,住宅大樓(11層含以上有電梯),住家用,鋼筋混凝土造,,139.14,2,2,1,有,無,6930000,56988,坡道平面,35.96,1050000,,RPWPMLPJJHPFFBC58CB
信義區,房地(土地+建物)+車位,基隆市信義區孝東路148-2號6樓,27.92,住,,,1060917,土地1建物1車位1,六層,15,住宅大樓(11層含以上有電梯),住家用,鋼筋混凝土造,,224.66,4,2,2,有,無,11000000,52729,坡道平面,35.96,1050000,,RPXPMLPJJHPFFBC68CB
信義區,房地(土地+建物)+車位,基隆市信義區孝東路142號8樓,24.5,住,,,1060919,土地1建物1車位1,八層,15,住宅大樓(11層含以上有電梯),住家用,鋼筋混凝土造,,202.58,3,2,2,有,無,9700000,51014,坡道平面,35.96,1200000,,RPOQMLPJJHPFFBC87CB
信義區,房地(土地+建物)+車位,基隆市信義區孝東路140-3號5樓,20.8,住,,,1060919,土地1建物1車位1,五層,15,住宅大樓(11層含以上有電梯),住家用,鋼筋混凝土造,,180.38,3,2,2,有,無,8180000,49716,坡道平面,35.96,1000000,,RPPQMLPJJHPFFBC97CB
信義區,房地(土地+建物)+車位,基隆市信義區孝東路142號6樓,24.5,住,,,1060923,土地1建物1車位1,六層,15,住宅大樓(11層含以上有電梯),住家用,鋼筋混凝土造,,202.58,3,2,2,有,無,10000000,52815,坡道平面,35.96,1200000,,RPQQMLPJJHPFFBC08CB
信義區,房地(土地+建物)+車位,基隆市信義區孝東路146-2號7樓,24.21,住,,,1060923,土地1建物1車位1,七層,15,住宅大樓(11層含以上有電梯),住家用,鋼筋混凝土造,,199.3,3,2,2,有,無,9460000,51488,坡道平面,35.96,1050000,,RPRQMLPJJHPFFBC18CB
信義區,房地(土地+建物)+車位,基隆市信義區孝東路118號3樓,14.53,住,,,1060924,土地1建物1車位1,三層,15,住宅大樓(11層含以上有電梯),住家用,鋼筋混凝土造,,139.14,2,2,1,有,無,7230000,58442,坡道平面,35.96,1200000,,RPSQMLPJJHPFFBC28CB
信義區,房地(土地+建物)+車位,基隆市信義區孝東路120-1號7樓,14.53,住,,,1061001,土地1建物1車位1,七層,15,住宅大樓(11層含以上有電梯),住家用,鋼筋混凝土造,,138.44,2,2,1,有,無,7330000,59817,坡道平面,35.96,1200000,,RPTQMLPJJHPFFBC38CB
信義區,房地(土地+建物)+車位,基隆市信義區孝東路148-3號11樓,24.5,住,,,1061006,土地1建物1車位1,十一層,15,住宅大樓(11層含以上有電梯),住家用,鋼筋混凝土造,,200.59,3,2,2,有,無,10000000,53453,坡道平面,35.96,1200000,,RPUQMLPJJHPFFBC48CB
信義區,房地(土地+建物)+車位,基隆市信義區孝東路138-1號3樓,23.64,住,,,1061007,土地1建物1車位1,三層,15,住宅大樓(11層含以上有電梯),住家用,鋼筋混凝土造,,201.26,3,2,2,有,無,9000000,48397,坡道平面,35.96,1000000,,RPVQMLPJJHPFFBC58CB
信義區,房地(土地+建物)+車位,基隆市信義區孝東路120-1號3樓,14.53,住,,,1061008,土地1建物1車位1,三層,15,住宅大樓(11層含以上有電梯),住家用,鋼筋混凝土造,,138.44,2,2,1,有,無,7000000,56596,坡道平面,35.96,1200000,,RPWQMLPJJHPFFBC68CB
信義區,房地(土地+建物)+車位,基隆市信義區孝東路122-1號7樓,14.24,住,,,1061009,土地1建物1車位1,七層,15,住宅大樓(11層含以上有電梯),住家用,鋼筋混凝土造,,138.76,2,2,1,有,無,7050000,58366,坡道平面,35.96,1050000,,RPORMLPJJHPFFBC97CB
信義區,房地(土地+建物)+車位,基隆市信義區孝東路148-2號12樓,27.92,住,,,1061011,土地1建物1車位1,十二層,15,住宅大樓(11層含以上有電梯),住家用,鋼筋混凝土造,,224.66,4,2,2,有,無,11480000,54478,坡道平面,35.96,1200000,,RPPRMLPJJHPFFBC08CB
信義區,房地(土地+建物)+車位,基隆市信義區孝東路140-2號12樓,20.8,住,,,1061011,土地1建物1車位1,十二層,15,住宅大樓(11層含以上有電梯),住家用,鋼筋混凝土造,,175.4,3,2,2,有,無,8500000,52361,坡道平面,31.21,950000,,RPQRMLPJJHPFFBC18CB
信義區,房地(土地+建物)+車位,基隆市信義區孝東路128-1號5樓,14.24,住,,,1061021,土地1建物1車位1,五層,15,住宅大樓(11層含以上有電梯),住家用,鋼筋混凝土造,,140.48,2,2,1,有,無,7450000,61232,坡道平面,35.96,1050000,,RPRRMLPJJHPFFBC28CB
信義區,房地(土地+建物)+車位,基隆市信義區孝東路126號3樓,14.24,住,,,1061027,土地1建物1車位1,三層,15,住宅大樓(11層含以上有電梯),住家用,鋼筋混凝土造,,139.47,2,2,1,有,無,7000000,57482,坡道平面,35.96,1050000,,RPSRMLPJJHPFFBC38CB
信義區,房地(土地+建物)+車位,基隆市信義區孝東路126-1號3樓,14.53,住,,,1061027,土地1建物1車位1,三層,15,住宅大樓(11層含以上有電梯),住家用,鋼筋混凝土造,,139.97,2,2,1,有,無,7000000,57206,坡道平面,35.96,1050000,,RPTRMLPJJHPFFBC48CB
信義區,房地(土地+建物)+車位,基隆市信義區孝東路148-3號8樓,24.5,住,,,1061104,土地1建物1車位1,八層,15,住宅大樓(11層含以上有電梯),住家用,鋼筋混凝土造,,200.59,3,2,2,有,無,9450000,51024,坡道平面,35.96,1050000,,RPURMLPJJHPFFBC58CB
信義區,房地(土地+建物)+車位,基隆市信義區孝東路142-2號8樓,24.21,住,,,1061104,土地1建物1車位1,八層,15,住宅大樓(11層含以上有電梯),住家用,鋼筋混凝土造,,200.11,3,2,2,有,無,10000000,53610,坡道平面,35.96,1200000,,RPVRMLPJJHPFFBC68CB
信義區,房地(土地+建物)+車位,基隆市信義區孝東路122號7樓,14.53,住,,,1061105,土地1建物1車位1,七層,15,住宅大樓(11層含以上有電梯),住家用,鋼筋混凝土造,,139.14,2,2,1,有,無,7010000,57763,坡道平面,35.96,1050000,,RPWRMLPJJHPFFBC78CB
信義區,房地(土地+建物)+車位,基隆市信義區孝東路148號13樓,26.78,住,,,1061117,土地1建物1車位1,十三層,15,住宅大樓(11層含以上有電梯),住家用,鋼筋混凝土造,,216.37,4,2,2,有,無,11070000,54709,坡道平面,35.96,1200000,,RPXRMLPJJHPFFBC88CB
信義區,房地(土地+建物)+車位,基隆市信義區孝東路140-1號13樓,23.93,住,,,1061105,土地1建物1車位1,十三層,15,住宅大樓(11層含以上有電梯),住家用,鋼筋混凝土造,,202.92,3,2,2,有,無,10180000,53785,坡道平面,35.96,1200000,,RPOSMLPJJHPFFBC08CB
信義區,房地(土地+建物)+車位,基隆市信義區孝東路142-3號3樓,24.78,住,,,1061123,土地1建物1車位1,三層,15,住宅大樓(11層含以上有電梯),住家用,鋼筋混凝土造,,204.74,3,2,2,有,無,11000000,58064,坡道平面,35.96,1200000,,RPPSMLPJJHPFFBC18CB
信義區,房地(土地+建物)+車位,基隆市信義區孝東路126號5樓,14.24,住,,,1061126,土地1建物1車位1,五層,15,住宅大樓(11層含以上有電梯),住家用,鋼筋混凝土造,,139.47,2,2,1,有,無,7110000,58545,坡道平面,35.96,1050000,,RPQSMLPJJHPFFBC28CB
信義區,房地(土地+建物),基隆市信義區孝東路118-1號3樓,13.96,住,,,1061201,土地1建物1車位0,三層,15,住宅大樓(11層含以上有電梯),住家用,鋼筋混凝土造,,102.91,2,2,1,有,無,6000000,58303,,0.0,0,,RPRSMLPJJHPFFBC38CB
信義區,房地(土地+建物)+車位,基隆市信義區孝東路146-1號9樓,26.78,住,,,1061206,土地1建物1車位1,九層,15,住宅大樓(11層含以上有電梯),住家用,鋼筋混凝土造,,217.24,4,2,2,有,無,11000000,54887,坡道平面,35.96,1050000,,RPSSMLPJJHPFFBC48CB
信義區,房地(土地+建物)+車位,基隆市信義區孝東路148-3號6樓,24.5,住,,,1061216,土地1建物1車位1,六層,15,住宅大樓(11層含以上有電梯),住家用,鋼筋混凝土造,,200.59,3,2,2,有,無,9250000,49809,坡道平面,35.96,1050000,,RPTSMLPJJHPFFBC58CB
信義區,房地(土地+建物)+車位,基隆市信義區孝東路140-1號15樓,23.93,住,,,1061219,土地1建物1車位1,十五層,15,住宅大樓(11層含以上有電梯),住家用,鋼筋混凝土造,,202.92,3,2,2,有,無,10300000,54504,坡道平面,35.96,1200000,,RPUSMLPJJHPFFBC68CB
信義區,房地(土地+建物)+車位,基隆市信義區孝東路146-3號8樓,24.5,住,,,1061219,土地1建物1車位1,八層,15,住宅大樓(11層含以上有電梯),住家用,鋼筋混凝土造,,201.67,3,2,2,有,無,9500000,50993,坡道平面,35.96,1050000,,RPVSMLPJJHPFFBC78CB
信義區,房地(土地+建物)+車位,基隆市信義區孝東路146-2號8樓,24.21,住,,,1061228,土地1建物1車位1,八層,15,住宅大樓(11層含以上有電梯),住家用,鋼筋混凝土造,,199.3,3,2,2,有,無,9700000,52957,坡道平面,35.96,1050000,,RPWSMLPJJHPFFBC88CB
信義區,房地(土地+建物)+車位,基隆市信義區孝東路118-1號9樓,14.24,住,,,1070116,土地1建物1車位1,九層,15,住宅大樓(11層含以上有電梯),住家用,鋼筋混凝土造,,138.87,2,2,1,有,無,7500000,61219,坡道平面,35.96,1200000,,RPXSMLPJJHPFFBC98CB
信義區,房地(土地+建物)+車位,基隆市信義區孝東路136-2號9樓,20.8,住,,,1060430,土地1建物1車位1,九層,15,住宅大樓(11層含以上有電梯),住家用,鋼筋混凝土造,,180.79,3,2,2,有,無,8600000,52130,坡道平面,35.96,1050000,,RPOTMLPJJHPFFBC18CB
信義區,房地(土地+建物)+車位,基隆市信義區孝東路146-1號5樓,27.06,住,,,1051203,土地1建物1車位2,五層,15,住宅大樓(11層含以上有電梯),住家用,鋼筋混凝土造,,253.2,4,2,2,有,無,11500000,51853,坡道平面,71.92,2100000,,RPPTMLPJJHPFFBC28CB
信義區,房地(土地+建物)+車位,基隆市信義區孝東路138-3號7樓,20.8,住,,,1051223,土地1建物1車位1,七層,15,住宅大樓(11層含以上有電梯),住家用,鋼骨混凝土造,,174.66,3,2,2,有,無,8640000,53608,坡道平面,31.21,950000,,RPPNMLNKJHPFFBC57CB
信義區,房地(土地+建物)+車位,基隆市信義區孝東路132-2號7樓,26.78,住,,,1051209,土地1建物1車位1,七層,15,住宅大樓(11層含以上有電梯),住家用,鋼骨混凝土造,,219.07,4,2,2,有,無,11150000,55158,坡道平面,35.96,1050000,,RPRNMLNKJHPFFBC77CB
