﻿編號,土地位置,土地移轉面積(平方公尺),使用分區或編定,權利人持分分母,權利人持分分子,移轉情形,地號
The serial number, land position,land shifting area square meter,the use zoning or compiles and checks,,,,land parcel
RPSNMLLKJIOFFCD97CC,竹篙厝段,.00,都市：商,,,,16780008
RPPOMLLKJIOFFAD57CC,華興段,.00,都市：住,,,,17910000
RPUNMLLKJIOFFAD97CC,中正段,113.00,都市：商,,,,02420000
RPQNMLLKJIOFFHD28CC,胡厝寮段,11.00,都市：住,,,,09530006
RPQOMLLKJIOFFAD67CC,正興段,.00,都市：其他:部份住宅部份廣場用地,,,,04960008
RPOOMLMKJIOFFID38CC,歸仁北段,.00,都市：住,,,,08400012
RPOOMLMKJIOFFID38CC,歸仁北段,.00,都市：住,,,,08460016
RPROMLMKJIOFFKD88CC,埔園段,.00,都市：住,,,,12470000
RPPPMLMKJIOFFBD87CC,海東段,.00,都市：住,,,,00890033
RPPPMLMKJIOFFBD87CC,安中段,.00,都市：住,,,,01910006
RPXNMLMKJIOFFCD58CC,光明段,.00,都市：住,,,,05820013
RPRNMLMKJIOFFFD28CC,麻豆段,.00,都市：農,,,,07040040
RPOOMLMKJIOFFCD77CC,路東段,.00,都市：住,,,,09530000
RPOOMLMKJIOFFCD77CC,路東段,.00,都市：其他:中(附),,,,09530001
RPWNMLNKJIOFFHD09CC,北子店段,1194.00,非都市：特定農業區 ; 非都市編定：農牧用地,,,,10830000
RPXNMLNKJIOFFKD86CC,南工段,.00,都市：住,,,,00010000
RPQOMLOKJIOFFKD98CC,成功段,.00,都市：住,,,,07110000
RPXPMLNKJIOFFAD68CC,頂美段,.00,都市：住,,,,07530000
RPUPMLNKJIOFFAD38CC,金華段,.00,都市：住,,,,01110000
RPWPMLNKJIOFFAD58CC,立人段,.00,都市：住,,,,15120000
RPRNMLMKJIOFFAD77CC,漁光段,.00,都市：商,,,,08660000
RPVPMLNKJIOFFAD48CC,新南段,.00,都市：住,,,,00660000
RPTOMLOKJIOFFAD28CC,金華段,.00,都市：住,,,,00410058
RPROMLOKJIOFFAD08CC,金華段,.00,都市：住,,,,00870000
RPTNMLPKJIOFFAD28CC,青年段,.00,都市：商,,,,01230000
RPRNMLOKJIOFFID78CC,新工段,78.18,都市：住,,,,14980000
RPORMLOKJIOFFCD28CC,竹篙厝段,.00,都市：住,,,,19930000
RPOOMLPKJIOFFCD08CC,富農段,.00,都市：住,,,,17400000
RPOOMLPKJIOFFCD08CC,富農段,.00,都市：住,,,,17400001
RPQOMLOKJIOFFCD18CC,府連段,.00,都市：住,,,,00560000
RPUOMLMKJIOFFCD38CC,富農段,.00,都市：住,,,,00480000
RPUOMLMKJIOFFCD38CC,富農段,.00,都市：其他:中(附),,,,00480001
RPOOMLOKJIOFFCD97CC,竹篙厝段,.00,都市：住,,,,27890000
RPUNMLPKJIOFFID56CC,歸仁北段,.00,都市：住,,,,16950001
RPOOMLNKJIOFFCD87CC,竹篙厝段,107.00,都市：商,,,,20020000
RPOOMLNKJIOFFCD87CC,竹篙厝段,107.00,都市：商,,,,20030000
RPTNMLSKJIOFFHD66CC,光文段,122.19,非都市： ; 非都市編定：,,,,03120000
RPTNMLSKJIOFFHD66CC,光文段,120.43,非都市： ; 非都市編定：,,,,03130000
RPQOMLPKJIOFFHD78CC,成功段,92.54,都市：住,,,,00710044
RPPNMLSKJIOFFCD38CC,新興段,.00,都市：住,,,,02740133
RPPNMLSKJIOFFCD38CC,新興段,.00,都市：住,,,,02740130
RPPNMLSKJIOFFCD38CC,新興段,.00,都市：住,,,,02740158
RPVNMLSKJIOFFHD86CC,光文段,122.19,非都市： ; 非都市編定：,,,,03120000
RPVNMLSKJIOFFHD86CC,光文段,120.43,非都市： ; 非都市編定：,,,,03130000
RPQNMLPKJIOFFBD08CC,外塭段,.00,都市：住,,,,03150019
RPTOMLSKJIOFFCD88CC,光明段,102.00,都市：住,,,,63070000
RPPNMLQKJIOFFBD08CC,原佃段,30.51,都市：住,,,,02170000
RPUOMLSKJIOFFCD98CC,東安段,.00,都市：住,,,,07680000
RPUOMLSKJIOFFCD98CC,東安段,.00,都市：住,,,,09760000
RPXOMLTKJIOFFCD76CC,鹽埕段,.00,都市：住,,,,10130080
RPQOMLTKJIOFFAD48CC,南門段,.00,都市：住,,,,14760000
RPVNMLPKJIOFFAD48CC,三民段,.00,都市：商,,,,02380000
RPWNMLTKJIOFFAD98CC,南門段,.00,都市：住,,,,22290000
RPVNMLPKJIOFFAD48CC,三民段,.00,都市：商,,,,02390000
RPWNMLTKJIOFFAD98CC,南門段,.00,都市：住,,,,22300000
RPUNMLPKJIOFFAD38CC,金華段,.00,都市：商,,,,00650000
RPSOMLTKJIOFFAD68CC,北元段,.00,都市：住,,,,00980053
RPSOMLTKJIOFFAD68CC,北元段,.00,都市：住,,,,00980061
RPXOMLKLJIOFFCD58CC,富農段,.00,都市：住,,,,19200000
RPOOMLKLJIOFFCD67CC,鹽埕段,.00,都市：住,,,,10130080
RPPOMLPKJIOFFKD98CC,永康段,72.00,都市：住,,,,15280001
RPRPMLKLJIOFFCD08CC,水交社段,.00,都市：住,,,,00020000
RPPNMLSKJIOFFKD56CC,大灣段,.00,都市：商,,,,72840000
RPPOMLKLJIOFFCD77CC,大山段,.00,都市：住,,,,01630059
RPTNMLKLJIOFFKD88CC,大灣段,.00,都市：工,,,,38100000
RPWNMLKLJIOFFKD56CC,勝利段,.00,都市：住,,,,09500000
RPWNMLKLJIOFFKD56CC,勝利段,.00,都市：住,,,,09510000
RPSPMLKLJIOFFCD18CC,桶盤淺段,.00,都市：住,,,,04410007
RPQPMLKLJIOFFCD97CC,大林段,440.46,都市：住,,,,02280000
RPSNMLKLJIOFFBD87CC,溪東段,.00,都市：住,,,,10840000
RPTPMLKLJIOFFKD09CC,六甲頂段,.00,都市：住,,,,10910000
RPWNMLLLJIOFFBD38CC,安西段,.00,都市：住,,,,20130121
RPUNMLKLJIOFFHD68CC,番子寮段,43.75,非都市：特定專用區 ; 非都市編定：甲種建築用地,,,,15640003
RPROMLKLJIOFFHD48CC,茄拔段一小段,108.00,非都市：鄉村區 ; 非都市編定：乙種建築用地,,,,14670019
RPROMLKLJIOFFHD48CC,茄拔段一小段,25.13,非都市：鄉村區 ; 非都市編定：乙種建築用地,,,,14670021
RPVNMLLLJIOFFBD28CC,安西段,.00,都市：住,,,,20130121
RPPOMLLLJIOFFKD68CC,永強段,.00,都市：住,,,,04440000
RPQNMLLLJIOFFCD87CC,公英段,30.00,都市：住,,,,02460000
RPTOMLLLJIOFFAD18DC,金華段,760.00,都市：住,,,,00350012
RPROMLLLJIOFFKD88CC,橋北段,.00,都市：住,,,,00190034
RPRPMLLLJIOFFAD08DC,金城段,.00,都市：住,,,,00320027
RPUNMLMLJIOFFKD56CC,永信段,.00,非都市： ; 非都市編定：,,,,10700000
RPQOMLMLJIOFFKD88CC,仁愛段,68.54,都市：住,,,,01820025
RPSOMLMLJIOFFKD09CC,兵北段,.00,都市：住,,,,07880000
RPPNMLNLJIOFFKD78CC,南工段,6.31,都市：住,,,,00010000
RPQNMLNLJIOFFKD88CC,兵南段,.00,都市：住,,,,05840000
RPPNMLNLJIOFFCD97CC,裕東段,137.33,都市：住,,,,03860000
RPWNMLLLJIOFFCD48CC,虎尾段,.00,都市：住,,,,16080000
RPRNMLLLJIOFFCD97CC,立德段,.00,都市：商,,,,00620000
RPRNMLPLJIOFFCD38CC,府連段,.00,都市：商,,,,03120000
RPRNMLPLJIOFFCD38CC,府連段,.00,都市：其他:道路用地,,,,03120001
RPOPMLPLJIOFFCD28CC,關帝段,.00,都市：住,,,,12270000
RPQNMLPLJIOFFCD28CC,府連段,.00,都市：商,,,,03120000
RPQNMLPLJIOFFCD28CC,府連段,.00,都市：其他:道路用地,,,,03120001
RPROMLPLJIOFFKD66CC,文化段,.00,都市：住,,,,08310000
RPROMLPLJIOFFID09CC,崁腳北段,.00,都市：工,,,,08120000
RPWNMLPLJIOFFHD76CC,胡厝寮段,11.68,都市：住,,,,09530006
RPXNMLPLJIOFFHD86CC,胡厝寮段,79.00,都市：住,,,,09530035
RPRQMLLLJIOFFAD08CC,仁愛段,.00,都市：住,,,,04680023
RPXOMLTKJIOFFAD56CC,立人段,16.67,都市：住,,,,00650004
RPTNMLMLJIOFFAD08CC,新南段,.00,都市：商,,,,00780006
RPPPMLTKJIOFFAD48CC,立人段,1.00,都市：商,,,,01040000
RPPPMLTKJIOFFAD48CC,立人段,7.66,都市：住,,,,00650004
RPTPMLPLJIOFFAD58CC,金華段,3305.00,都市：商,,,,01340000
RPQPMLLLJIOFFAD87CC,保安段,.00,都市：商,,,,07310002
RPUNMLMLJIOFFAD18CC,華興段,.00,都市：住,,,,08970000
RPQPMLTKJIOFFAD58CC,立人段,3.26,都市：住,,,,00650003
RPUNMLQLJIOFFAD58CC,青年段,.00,都市：商,,,,02540000
RPUNMLQLJIOFFAD58CC,青年段,.00,都市：商,,,,02550000
RPUNMLQLJIOFFAD58CC,青年段,.00,都市：商,,,,02560000
RPSOMLQLJIOFFCD68CC,立德段,.00,都市：住,,,,08570000
RPRNMLQLJIOFFKD66CC,南新段,.00,都市：住,,,,09730000
RPRNMLQLJIOFFKD66CC,南新段,.00,都市：住,,,,09740000
RPUOMLQLJIOFFCD88CC,龍泉段,.00,都市：住,,,,11040000
RPUNMLQLJIOFFKD96CC,兵北段,.00,都市：住,,,,01350000
RPSNMLRLJIOFFCD68CC,東寧段,.00,都市：住,,,,06940000
RPPNMLQLJIOFFKD09CC,中灣段,.00,都市：住,,,,02180000
RPTNMLRLJIOFFCD78CC,竹篙厝段,.00,都市：住,,,,15770001
RPQOMLRLJIOFFCD58CC,虎尾段,.00,都市：住,,,,11020000
RPXOMLRLJIOFFAD09CC,環河段,2.45,都市：住,,,,01000000
RPXOMLRLJIOFFAD09CC,環河段,1.58,都市：住,,,,01010000
RPOOMLRLJIOFFAD18CC,新南段,11.01,都市：商,,,,00390007
RPSOMLRLJIOFFAD58CC,新南段,.00,都市：住,,,,00590031
RPVOMLRLJIOFFAD88CC,漁光段,.00,都市：商,,,,08660000
RPUOMLRLJIOFFAD78CC,小北段,.00,都市：住,,,,14850000
RPUOMLRLJIOFFAD78CC,小北段,.00,都市：住,,,,14860000
RPXNMLRLJIOFFAD98CC,新南段,23.04,都市：住,,,,00660000
RPQOMLQLJIOFFAD28CC,觀音段,.00,都市：商,,,,01440000
RPPOMLRLJIOFFAD28CC,光賢段,.00,都市：住,,,,02830008
RPVNMLQLJIOFFAD68CC,小北段,.00,都市：住,,,,09690156
RPPNMLRLJIOFFID98CC,歸仁南段,.00,非都市：一般農業區 ; 非都市編定：甲種建築用地,,,,10090019
RPQOMLRLJIOFFKD76CC,南工段,47.30,都市：住,,,,07650000
RPQOMLRLJIOFFKD76CC,南工段,34.11,都市：住,,,,07660000
RPSOMLRLJIOFFKD96CC,鹽東段,8.45,都市：住,,,,17760000
RPTNMLRLJIOFFBD68CC,海中段,.00,都市：住,,,,09480000
RPSNMLSLJIOFFHD66CC,善新段,101.57,都市：住,,,,00190000
RPRNMLSLJIOFFFD98CC,番子渡頭段,1219.00,非都市：一般農業區 ; 非都市編定：農牧用地,,,,02740000
RPPPMLSLJIOFFKD86CC,忠孝段,76.76,都市：住,,,,02920000
RPTOMLSLJIOFFAD78CC,金城段,184.00,都市：商,,,,00170015
RPSNMLRLJIOFFHD56CC,善新段,.00,都市：商,,,,03130000
RPQNMLSLJIOFFDD68CC,新營段,19.96,都市：住,,,,14900000
RPSNMLRLJIOFFBD58CC,砂崙段,.00,都市：住,,,,09350014
RPUOMLSLJIOFFCD09CC,新東段,.00,都市：住,,,,17450000
RPOPMLSLJIOFFCD58CC,東安段,.00,都市：商,,,,09200000
RPWNMLTLJIOFFID27CC,八甲段,.00,非都市：特定農業區 ; 非都市編定：農牧用地,,,,39170000
RPRNMLKMJIOFFKD78CC,六甲頂段,.00,都市：住,,,,07440000
RPRNMLKMJIOFFKD78CC,六甲頂段,.00,都市：住,,,,07450001
RPUOMLPLJIOFFGD56CC,新宅段,.00,非都市：鄉村區 ; 非都市編定：乙種建築用地,,,,04500008
RPUNMLTLJIOFFAD88CC,開元段,.00,都市：商,,,,05970000
RPVNMLTLJIOFFAD98CC,五條港段,12.51,都市：商,,,,03190000
RPVNMLTLJIOFFAD98CC,五條港段,7.22,都市：商,,,,03210000
RPVNMLTLJIOFFAD98CC,五條港段,11.38,都市：商,,,,03220000
RPXOMLSLJIOFFAD56CC,金華段,.00,都市：住,,,,00840003
RPUOMLSLJIOFFAD88CC,妙壽段,2.47,都市：住,,,,06420000
RPUOMLSLJIOFFAD88CC,妙壽段,293.98,都市：商,,,,06380000
RPUOMLSLJIOFFAD88CC,妙壽段,1.60,都市：住,,,,06390000
RPWNMLMJKIOFFHD98CC,大營段,104.00,非都市：特定農業區 ; 非都市編定：甲種建築用地,,,,12160015
RPRNMLMJKIOFFED18CC,玉豐段,69.00,非都市：鄉村區 ; 非都市編定：乙種建築用地,,,,07170067
RPOOMLMJKIOFFHD28CC,善駕段,18.97,都市：住,,,,08970000
RPTOMLNJKIOFFHD88CC,圳西段,.00,非都市：特定農業區 ; 非都市編定：農牧用地,,,,08830000
RPSOMLNJKIOFFBD18CC,外塭段,.00,都市：住,,,,05720003
RPSNMLNJKIOFFKD98CC,仁愛段,.00,都市：住,,,,05530000
RPTNMLNJKIOFFKD09CC,橋北段,.00,都市：商,,,,00540001
RPVNMLNJKIOFFKD66CC,鹽新段,.00,都市：住,,,,00620000
RPUNMLNJKIOFFKD56CC,中灣段,.00,都市：住,,,,02180000
RPQOMLNJKIOFFKD88CC,兵南段,.00,都市：商,,,,00840000
RPRPMLNJKIOFFAD08CC,富台段,.00,都市：住,,,,06400000
RPSPMLNJKIOFFAD18CC,新南段,.00,都市：商,,,,00370005
RPTPMLOJKIOFFAD38CC,金華段,9.52,都市：住,,,,01040004
RPQPMLOJKIOFFKD09CC,永信段,.00,都市：住,,,,10560000
RPXPMLOJKIOFFKD17CC,大灣段,.00,都市：商,,,,62300000
RPQQMLOJKIOFFKD56CC,橋北段,.00,都市：住,,,,00520000
RPSNMLOJKIOFFHD78CC,大榮段,23.44,都市：住,,,,06840000
RPPOMLPJKIOFFKD98CC,崑山段,60.53,都市：住,,,,09430000
RPOOMLPJKIOFFCD08CC,竹篙厝段,.00,都市：住,,,,17990000
RPPRMLSLJIOFFCD88CC,富農段,5.84,都市：住,,,,00480000
RPPRMLSLJIOFFCD88CC,富農段,.01,都市：住,,,,00480002
RPPRMLSLJIOFFCD88CC,富農段,2.34,都市：住,,,,00480001
RPXOMLOJKIOFFCD88CC,竹篙厝段,.00,都市：住,,,,42980016
RPSOMLNJKIOFFCD28CC,竹篙厝段,.00,都市：住,,,,28070000
RPQPMLNJKIOFFCD18CC,水交社段,19.40,都市：商,,,,00220000
RPPNMLKMJIOFFCD77CC,大山段,215.31,都市：住,,,,01840000
RPQNMLKMJIOFFCD87CC,大山段,186.88,都市：住,,,,01830002
RPQNMLTLJIOFFCD68CC,府連段,.00,都市：住,,,,08400000
RPQNMLTLJIOFFCD68CC,府連段,.00,都市：商,,,,08400001
RPQNMLTLJIOFFCD68CC,府連段,.00,都市：商,,,,08400002
RPXPMLSLJIOFFCD86CC,龍泉段,.00,都市：商,,,,02210000
RPXPMLSLJIOFFCD86CC,龍泉段,.00,都市：住,,,,02250000
RPRNMLMJKIOFFCD97CC,竹篙厝段,58.36,都市：商,,,,20900005
RPRNMLMJKIOFFCD97CC,竹篙厝段,48.57,都市：商,,,,20900006
RPSNMLPJKIOFFAD18CC,立人段,60.00,都市：住,,,,13440000
RPPNMLRJKIOFFDD38CC,三興段,25.58,都市：商,,,,12380000
RPPNMLRJKIOFFDD38CC,三興段,68.29,都市：商,,,,12390000
RPPNMLRJKIOFFDD38CC,三興段,119.86,都市：商,,,,12400000
RPVNMLTJKIOFFCD09CC,德高段,20.92,都市：住,,,,04850000
RPSQMLTJKIOFFCD09CC,日新段,.00,都市：住,,,,03130000
RPWOMLKKKIOFFCD48CC,虎尾段,.00,都市：住,,,,16080000
RPUOMLKKKIOFFAD08CC,金華段,20.71,都市：住,,,,01050001
RPOQMLQJKIOFFAD18CC,金城段,110.00,都市：住,,,,00280011
RPSOMLKKKIOFFAD87CC,永華段,.00,都市：商,,,,05200000
RPSOMLKKKIOFFAD87CC,永華段,.00,都市：商,,,,05210000
RPSQMLQJKIOFFAD58CC,中正段,26.65,都市：商,,,,00490000
RPSOMLTJKIOFFAD68CC,大豐段,54.60,都市：商,,,,13100000
RPSPMLQJKIOFFAD48CC,開元段,.00,都市：商,,,,05970000
RPVNMLKKKIOFFBD18CC,淵東段,.00,非都市： ; 非都市編定：,,,,03120048
RPRNMLKKKIOFFGD28CC,佳里段,.00,都市：住,,,,23060149
RPTNMLKKKIOFFHD68DC,善新段,55.37,都市：住,,,,01180023
RPUNMLLKKIOFFAD08CC,富台段,32.29,都市：住,,,,07790000
RPOOMLLKKIOFFCD77CC,育樂段,.00,都市：住,,,,01280000
RPOOMLLKKIOFFCD77CC,育樂段,.00,都市：住,,,,01290001
RPOOMLLKKIOFFCD77CC,育樂段,.00,都市：住,,,,01290003
RPQOMLLKKIOFFCD97CC,自由段,.00,都市：住,,,,00580000
RPTOMLLKKIOFFCD28CC,新興段,.00,都市：住,,,,02360045
RPRNMLKKKIOFFDD97CC,新卯舍段,.00,非都市：鄉村區 ; 非都市編定：乙種建築用地,,,,02370000
RPUOMLLKKIOFFCD38CC,裕東段,.00,都市：住,,,,06650000
RPTOMLMKKIOFFCD38CC,裕東段,.00,都市：住,,,,07110027
RPTOMLMKKIOFFCD38CC,裕東段,.00,都市：住,,,,07110039
RPPOMLMKKIOFFAD77CC,新南段,1684.00,都市：住,,,,01090001
RPQOMLMKKIOFFAD87CC,五條港段,.00,都市：商,,,,16550000
RPROMLMKKIOFFAD97CC,金城段,.00,都市：住,,,,00700023
RPOPMLMKKIOFFAD77CC,中山段,5.49,都市：商,,,,02140000
RPSPMLLKKIOFFKD09CC,六甲頂段,.00,都市：住,,,,05260000
RPPOMLKKKIOFFKD58CC,兵北段,.00,都市：住,,,,00410000
RPRNMLQJKIOFFKD56CC,橋北段,.00,都市：住,,,,01310008
RPRPMLLKKIOFFKD98CC,仁愛段,.00,都市：住,,,,05210000
RPRPMLLKKIOFFKD98CC,仁愛段,.00,都市：住,,,,05240000
RPRPMLLKKIOFFKD98CC,仁愛段,.00,都市：住,,,,05260000
RPRPMLLKKIOFFKD98CC,仁愛段,.00,都市：住,,,,05270000
RPXNMLTJKIOFFKD47CC,南工段,19.84,都市：商,,,,05010000
RPSOMLKKKIOFFKD88CC,大灣段,.00,都市：住,,,,30790000
RPROMLKKKIOFFKD78CC,頂南段,.00,都市：住,,,,04000000
RPWNMLTJKIOFFKD37CC,大灣段,1059.00,都市：住,,,,75950000
RPTNMLMKKIOFFGD78DC,佳里段,209.00,都市：住,,,,02970081
RPPNMLOKKIOFFID68CC,歸仁北段,1917.00,都市：住,,,,03370007
RPTNMLMKKIOFFKD09CC,蜈蜞潭段,.00,非都市： ; 非都市編定：,,,,20140015
RPVNMLMKKIOFFGD98DC,佳里段,209.00,都市：住,,,,02970081
RPTNMLNKKIOFFID98CC,媽祖廟段,84.00,非都市：鄉村區 ; 非都市編定：乙種建築用地,,,,04980000
RPVNMLNKKIOFFCD58CC,鹽埕段,.00,都市：住,,,,31080005
RPXNMLQKKIOFFID07CC,民安段,.00,都市：住,,,,02770000
RPXNMLNKKIOFFCD78CC,裕東段,.00,都市：住,,,,10060004
RPUOMLQKKIOFFBD78CC,溪東段,191.43,都市：商,,,,01480000
RPOOMLQKKIOFFHD78CC,南港段,116.80,都市：住,,,,01490000
RPUNMLQKKIOFFHD66CC,善進段,117.04,都市：住,,,,00130003
RPSNMLQKKIOFFHD09CC,胡厝寮段,11.68,都市：住,,,,09530006
RPUNMLQKKIOFFDD88CC,新生段,164.56,都市：住,,,,10920000
RPROMLQKKIOFFKD76CC,烏竹段,.00,都市：住,,,,18860000
RPROMLQKKIOFFKD76CC,烏竹段,.00,都市：住,,,,18850000
RPXOMLQKKIOFFKD37CC,橋北段,20.00,都市：住,,,,00100000
RPXNMLQKKIOFFCD09CC,竹篙厝段,.00,都市：住,,,,39010000
RPVPMLQKKIOFFCD09CC,東寧段,.00,都市：住,,,,07350000
RPWPMLQKKIOFFCD56CC,鹽埕段,.00,都市：住,,,,27340001
RPSOMLQKKIOFFCD68CC,富農段,.00,都市：住,,,,00480001
RPSOMLQKKIOFFCD68CC,富農段,.00,都市：住,,,,00480000
RPSOMLQKKIOFFCD68CC,富農段,.00,都市：其他:細部計畫道路用地,,,,00480002
RPPPMLQKKIOFFCD48CC,竹篙厝段,96.19,都市：住,,,,40660000
RPROMLQKKIOFFCD58CC,富農段,.00,都市：住,,,,00480001
RPROMLQKKIOFFCD58CC,富農段,.00,都市：住,,,,00480000
RPROMLQKKIOFFCD58CC,富農段,.00,都市：其他:細部計畫道路用地,,,,00480002
RPWPMLRKKIOFFCD66CC,竹篙厝段,.00,都市：住,,,,40710014
RPUOMLQKKIOFFAD68CC,自強段,30.00,都市：商,,,,02380000
RPUOMLQKKIOFFAD68CC,自強段,110.00,都市：商,,,,02390000
RPTPMLRKKIOFFAD78CC,永華段,.00,都市：商,,,,04260000
RPUPMLMKKIOFFAD38CC,金華段,.00,都市：住,,,,00850000
RPPPMLRKKIOFFAD38CC,自強段,.00,都市：商,,,,14450000
RPWNMLQKKIOFFAD78CC,郡王祠段,.00,都市：住,,,,15310000
RPPPMLMKKIOFFAD87CC,三民段,.00,都市：商,,,,04920000
RPXPMLQKKIOFFAD09CC,金華段,.00,都市：住,,,,01050001
RPSPMLMKKIOFFAD18CC,大豐段,.00,都市：其他:部份住宅  部份商業,,,,13100000
RPSNMLSKKIOFFBD68CC,和館段,.00,都市：住,,,,00340149
RPQOMLSKKIOFFBD58CC,安中段,.00,都市：住,,,,04990038
RPUOMLSKKIOFFID07CC,嘉南段,.00,都市：農,,,,00710000
RPUOMLSKKIOFFID07CC,嘉南段,.00,都市：農,,,,00720000
RPQNMLSKKIOFFID56CC,歸仁南段,536.00,非都市：一般農業區 ; 非都市編定：農牧用地,,,,13570001
RPQNMLSKKIOFFKD76CC,頂南段,.00,都市：住,,,,02020000
RPTOMLSKKIOFFID96CC,媽祖廟段一小段,.00,非都市：特定農業區 ; 非都市編定：農牧用地,,,,07830002
RPPOMLSKKIOFFKD76CC,蜈蜞潭段,.00,都市：住,,,,22020031
RPRNMLSKKIOFFCD68CC,府東段,.00,都市：住,,,,08710000
RPXNMLSKKIOFFCD66CC,東寧段,.00,都市：住,,,,07640000
RPOOMLSKKIOFFCD48CC,富農段,.00,都市：住,,,,00480000
RPOOMLSKKIOFFCD48CC,富農段,.00,都市：其他:中(附),,,,00480001
RPVNMLSKKIOFFAD88CC,金華段,.00,都市：住,,,,00450001
RPVOMLSKKIOFFAD98CC,金華段,.00,都市：住,,,,00410058
RPTNMLSKKIOFFAD68CC,小北段,.00,都市：住,,,,09690156
RPUOMLSKKIOFFAD88CC,永華段,.00,都市：商,,,,05220000
RPUOMLSKKIOFFAD88CC,永華段,.00,都市：商,,,,05230000
RPUOMLSKKIOFFAD88CC,永華段,.00,都市：商,,,,05240000
RPUNMLSKKIOFFAD78CC,立人段,.00,都市：住,,,,00520000
RPTNMLTKKIOFFAD78CC,環河段,.00,都市：住,,,,22720000
RPTNMLTKKIOFFAD78CC,環河段,.00,都市：住,,,,22730000
RPVNMLTKKIOFFAD98CC,北元段,.00,都市：住,,,,01640000
RPRNMLTKKIOFFKD96CC,中興段,.00,都市：住,,,,09240000
RPWOMLKLKIOFFKD76CC,鹽中段,.00,都市：工,,,,15820000
RPWOMLKLKIOFFKD76CC,鹽中段,.00,都市：工,,,,15820000
RPRNMLTKKIOFFKD96CC,中興段,.00,都市：住,,,,09250000
RPXNMLTKKIOFFAD56CC,開元段,.00,都市：商,,,,06250000
RPRNMLTKKIOFFCD78CC,水交社段,.00,都市：住,,,,00060000
RPXOMLKLKIOFFKD86CC,北極段,.00,都市：住,,,,08140000
RPXOMLKLKIOFFKD86CC,北極段,.00,都市：住,,,,08150003
RPSNMLNLKIOFFAD18CC,金華段,30.00,都市：商,,,,00010002
RPWOMLNLKIOFFAD68CC,文元段,103.29,都市：住,,,,07910000
RPWOMLNLKIOFFAD68CC,文元段,108.34,都市：住,,,,07920000
RPXOMLSKKIOFFHD27CC,大榮段,77.00,都市：住,,,,08040000
RPRNMLRKKIOFFHD09CC,善新段,206.09,都市：住,,,,02620103
RPVNMLOLKIOFFKD96CC,蜈蜞潭段,.00,都市：住,,,,22020031
RPUOMLOLKIOFFKD96CC,永興段,.00,都市：住,,,,03880000
RPQPMLOLKIOFFKD66CC,中興段,.00,都市：住,,,,02850000
RPQPMLOLKIOFFKD66CC,中興段,.00,都市：住,,,,02860000
RPROMLOLKIOFFDD58CC,育德段,87.29,都市：住,,,,08470000
RPTOMLOLKIOFFDD78CC,新營段,155.00,都市：住,,,,06260039
RPPPMLPLKIOFFKD66CC,南新段,.00,都市：住,,,,00820000
RPPPMLPLKIOFFKD66CC,南新段,.00,都市：住,,,,03890000
RPPPMLPLKIOFFKD66CC,南新段,.00,都市：住,,,,03920000
RPPPMLPLKIOFFKD66CC,南新段,.00,都市：住,,,,03930000
RPPPMLPLKIOFFKD66CC,南新段,.00,都市：住,,,,03960000
RPRPMLPLKIOFFKD86CC,大灣段,.00,都市：住,,,,71530000
RPTPMLPLKIOFFKD07CC,鹽中段,3.50,都市：住,,,,07140002
RPUPMLPLKIOFFKD17CC,永康段,8.87,都市：住,,,,16380000
RPUPMLPLKIOFFKD17CC,永康段,16.46,都市：住,,,,16480000
RPXNMLPLKIOFFHD96CC,善新段,.00,都市：其他:生活服務區,,,,02880091
RPVNMLQLKIOFFKD17CC,成功段,22.24,都市：住,,,,05350000
RPVOMLQLKIOFFKD27CC,橋北段,.00,都市：住,,,,00190034
RPWOMLQLKIOFFKD37CC,廣富段,.00,都市：住,,,,10790000
RPUPMLQLKIOFFKD27CC,永強段,.00,都市：住,,,,09640000
RPVNMLNLKIOFFCD68CC,光明段,15.66,都市：住,,,,04140002
RPVOMLNLKIOFFCD78CC,新都心段,.00,都市：住,,,,00420000
RPSOMLOLKIOFFCD58CC,虎尾寮段,.00,都市：住,,,,03780059
RPTNMLLLKIOFFCD28CC,竹篙厝段,.00,都市：住,,,,27900000
RPVOMLKLKIOFFCD48CC,富農段,.00,都市：住,,,,00480000
RPVOMLKLKIOFFCD48CC,富農段,.00,都市：住,,,,00480001
RPPPMLNLKIOFFCD28CC,公英段,.00,都市：住,,,,04900014
RPSPMLNLKIOFFCD58CC,東寧段,.00,都市：住,,,,03060000
RPQQMLKLKIOFFCD18CC,仁和段,.00,都市：住,,,,13100000
RPXNMLOLKIOFFCD98CC,新興段,.00,都市：住,,,,02340109
RPPOMLQLKIOFFCD48CC,鹽埕段,2100.00,都市：工,,,,29440000
RPPOMLQLKIOFFCD48CC,鹽埕段,2100.00,都市：工,,,,29430000
RPWOMLQLKIOFFAD98CC,開元段,.00,都市：住,,,,07230001
RPWOMLQLKIOFFAD98CC,開元段,.00,都市：其他:道路用地,,,,07230003
RPWNMLQLKIOFFCD09CC,竹篙厝段,.00,都市：住,,,,16910000
RPXOMLQLKIOFFAD09CC,郡王祠段,.00,都市：住,,,,21060000
RPROMLQLKIOFFCD68CC,鹽埕段,2100.00,都市：工,,,,29440000
RPROMLQLKIOFFCD68CC,鹽埕段,2100.00,都市：工,,,,29430000
RPQPMLQLKIOFFAD48CC,南門段,.00,都市：住,,,,15020000
RPPNMLQLKIOFFDD58DC,三興段,82.72,都市：住,,,,13190000
RPSOMLQLKIOFFCD78CC,虎尾寮段,.00,都市：住,,,,03320000
RPSNMLRLKIOFFCD78CC,水交社段,.00,都市：住,,,,00020000
RPQPMLRLKIOFFCD78CC,泉南段,136.70,都市：住,,,,00190000
RPXOMLRLKIOFFCD76CC,富裕段,11.22,都市：商,,,,08480000
RPTOMLQLKIOFFCD88CC,龍泉段,.00,都市：住,,,,03040000
RPTOMLQLKIOFFCD88CC,龍泉段,.00,都市：住,,,,03110000
RPTOMLQLKIOFFCD88CC,龍泉段,.00,都市：住,,,,03120000
RPRNMLRLKIOFFDD78CC,新民段,88.39,都市：住,,,,10930000
RPQOMLRLKIOFFKD86CC,六甲頂段,.00,都市：住,,,,10910000
RPPNMLSLKIOFFCD58CC,泉南段,.00,都市：住,,,,06890000
RPPNMLSLKIOFFCD58CC,泉南段,.00,都市：商,,,,07050000
RPQNMLSLKIOFFHD56CC,德興段,90.65,非都市：鄉村區 ; 非都市編定：乙種建築用地,,,,07310000
RPXNMLRLKIOFFBD56CC,安西段,.00,都市：住,,,,09310000
RPUOMLKMKIOFFCD48CC,竹篙厝段,.00,都市：住,,,,17260009
RPVOMLKMKIOFFCD58CC,龍泉段,.00,都市：商,,,,02210000
RPVOMLKMKIOFFCD58CC,龍泉段,.00,都市：住,,,,02250000
RPORMLKMKIOFFID78CC,德崙段,.00,都市：住,,,,05190000
RPWOMLKMKIOFFAD48CC,南門段,.00,都市：住,,,,15920000
RPSNMLKMKIOFFAD97CC,金華段,.00,都市：商,,,,00010013
RPQOMLRLKIOFFAD48CC,北安段,.00,都市：住,,,,00560108
RPROMLRLKIOFFAD58CC,廣慈段,.00,都市：商,,,,01540000
RPROMLRLKIOFFAD58CC,廣慈段,.00,都市：商,,,,01550000
RPROMLRLKIOFFAD58CC,廣慈段,.00,都市：商,,,,01560000
RPRPMLRLKIOFFAD68CC,立人段,.00,都市：住,,,,00650004
RPRPMLRLKIOFFAD68CC,立人段,.00,都市：商,,,,01040000
RPPOMLRLKIOFFAD38CC,公園段,.00,都市：商,,,,02810000
RPSOMLRLKIOFFAD68CC,開元段,.00,都市：商,,,,05970000
RPPPMLLMKIOFFHD68CC,保加段,.00,都市：商,,,,06370005
RPVPMLQLKIOFFAD98CC,銀同段,.00,都市：商,,,,04650000
RPVPMLQLKIOFFAD98CC,銀同段,.00,都市：商,,,,04660000
RPWNMLKMKIOFFGD09DC,佳里段,1.00,都市：商,,,,10810010
RPWNMLKMKIOFFGD09DC,佳里段,73.00,都市：商,,,,10150018
RPSPMLLMKIOFFHD98CC,光華段,100.00,都市：住,,,,08920001
RPTNMLKMKIOFFKD09CC,鹽中段,468.30,都市：工,,,,14130011
RPVNMLLMKIOFFCD58CC,泉南段,136.70,都市：住,,,,00190000
RPSOMLMJJHPFFCD08CC,鹽埕段,.00,都市：住,,,,00530004
RPURMLLMKIOFFCD88CC,裕東段,393.77,都市：住,,,,07250000
RPXNMLMJJHPFFHD98CC,胡厝寮段,11.68,都市：住,,,,09530006
RPRNMLMJJHPFFID48CC,媽祖廟段二小段,231.40,非都市：特定農業區 ; 非都市編定：農牧用地,,,,05250000
RPQOMLNJJHPFFBD87CC,中洲段,.00,都市：住,,,,11460000
RPRNMLNJJHPFFKD78CC,兵北段,.00,都市：住,,,,03540000
RPPQMLMJJHPFFAD77CC,北元段,.00,都市：住,,,,09160000
RPSPMLMJJHPFFAD97CC,立人段,.00,都市：住,,,,00650003
RPSOMLLMKIOFFAD18CC,永安段,5.77,都市：商,,,,14970000
RPSOMLLMKIOFFAD18CC,永安段,8.84,都市：住,,,,14990000
RPSOMLLMKIOFFAD18CC,永安段,25.65,都市：住,,,,15000000
RPSOMLLMKIOFFAD18CC,永安段,47.53,都市：商,,,,15010000
RPQQMLMJJHPFFAD87CC,金華段,.00,都市：商,,,,01470006
RPOPMLMJJHPFFAD57CC,金華段,.00,都市：商,,,,00720000
RPOQMLMJJHPFFAD67CC,金華段,.00,都市：商,,,,01470006
RPUOMLLMKIOFFAD38CC,金華段,6.64,都市：住,,,,00850004
RPPNMLOJJHPFFCD87CC,公英段,.00,都市：住,,,,08010000
RPSNMLQJJHPFFCD38CC,虎尾寮段,56.00,都市：住,,,,03790058
RPTNMLQJJHPFFHD98CC,成功段,22.60,都市：住,,,,00710043
RPTNMLRLKIOFFDD98CC,興業段,.00,都市：住,,,,06270000
RPPNMLRJJHPFFDD28CC,新卯舍段,235.17,都市：工,,,,11870000
RPVNMLRJJHPFFCD78CC,公英段,73.99,都市：住,,,,00080000
RPOOMLRJJHPFFCD18CC,龍泉段,.00,都市：住,,,,11040000
RPXNMLRJJHPFFCD98CC,新東段,.00,都市：住,,,,15510028
RPPPMLQJJHPFFAD08CC,小北段,121.49,都市：住,,,,18730000
RPPPMLQJJHPFFAD08CC,小北段,119.21,都市：住,,,,18740000
RPOOMLNJJHPFFAD57CC,新南段,.00,都市：住,,,,01130008
RPROMLNJJHPFFAD87CC,南門段,.00,都市：商,,,,19390000
RPPOMLQJJHPFFAD97CC,康祥段,.00,都市：住,,,,02550000
RPOPMLNJJHPFFAD67CC,保西段,.00,都市：商,,,,00450000
RPPOMLRJJHPFFCD28CC,竹篙厝段,.00,都市：住,,,,42980016
RPQOMLRJJHPFFCD38CC,新東段,60.00,都市：住,,,,05540000
RPTNMLSJJHPFFCD68CC,同安段,95.95,都市：農,,,,00290000
RPTNMLSJJHPFFCD68CC,同安段,201.57,都市：農,,,,00300000
RPQNMLSJJHPFFCD38CC,新興段,45.11,都市：住,,,,02510000
RPVOMLSJJHPFFAD78CC,漁光段,.00,都市：商,,,,08660000
RPWOMLSJJHPFFAD88CC,康祥段,.00,都市：住,,,,01060000
RPUNMLSJJHPFFAD58CC,自強段,.00,都市：商,,,,13850000
RPQOMLSJJHPFFKD66CC,六甲頂段,.00,都市：住,,,,05150010
RPTNMLRJJHPFFKD76CC,永仁段,.00,都市：住,,,,11110000
RPUOMLSJJHPFFKD07CC,鹽新段,.00,都市：住,,,,06260000
RPPOMLRJJHPFFKD09CC,成功段,.00,都市：住,,,,02210000
RPROMLSJJHPFFKD76CC,鹽中段,.00,都市：住,,,,03470000
RPPOMLSJJHPFFKD56CC,兵北段,.00,都市：住,,,,01350000
RPTOMLSJJHPFFCD78CC,路東段,.00,都市：住,,,,05590000
RPTOMLSJJHPFFCD78CC,路東段,.00,都市：住,,,,05590001
RPOPMLSJJHPFFCD38CC,鹽埕段,.00,都市：住,,,,00570029
RPOPMLSJJHPFFCD38CC,鹽埕段,.00,都市：住,,,,00740158
RPWOMLSJJHPFFKD27CC,信義段,.00,都市：住,,,,00720000
RPXNMLSJJHPFFHD96CC,信義段,122.71,都市：住,,,,06130000
RPXNMLSJJHPFFCD09CC,鹽埕段,.00,都市：住,,,,31080094
RPQNMLTJJHPFFKD66CC,兵南段,.00,都市：住,,,,05840000
RPXNMLTJJHPFFKD37CC,橋北段,.00,都市：住,,,,00040000
RPVNMLSJJHPFFCD88CC,龍泉段,.00,都市：商,,,,12920000
RPROMLTJJHPFFAD48CC,南門段,.00,都市：住,,,,19980000
RPROMLTJJHPFFAD48CC,南門段,.00,都市：住,,,,19990000
RPXOMLTJJHPFFCD66CC,東寧段,.00,都市：住,,,,07390000
RPWOMLTJJHPFFCD56CC,路東段,63.28,都市：住,,,,04020000
RPVOMLTJJHPFFCD09CC,路東段,63.28,都市：住,,,,04020000
RPSNMLKKJHPFFHD38CC,光華段,100.00,都市：住,,,,08920001
RPROMLKKJHPFFAD77DC,保安段,59.00,都市：住,,,,14690000
RPPOMLTJJHPFFAD28CC,金華段,.00,都市：住,,,,00850004
RPQNMLLKJHPFFGD28DC,佳里段,209.00,都市：住,,,,02970081
RPWNMLKKJHPFFDD38CC,金華段,69.25,都市：住,,,,03340000
RPSOMLNKJHPFFKD09CC,六甲頂段,.00,都市：住,,,,10980000
RPQNMLNKJHPFFCD97CC,富農段,.00,非都市： ; 非都市編定：,,,,11140000
RPPQMLKKJHPFFCD97DC,富農段,39.19,都市：住,,,,10580000
RPPQMLKKJHPFFCD97DC,富農段,2.76,都市：住,,,,10580001
RPPQMLKKJHPFFCD97DC,富農段,5.23,都市：住,,,,10590000
RPWNMLPKJHPFFAD58CC,延平段,.00,都市：住,,,,11690052
RPTNMLOKJHPFFAD18CC,白金段,123.04,都市：商,,,,05830000
RPUNMLPKJHPFFAD38CC,金華段,.00,都市：住,,,,01050001
RPTNMLPKJHPFFAD28CC,新南段,.00,都市：商,,,,00370005
RPSNMLPKJHPFFAD18CC,金華段,.00,都市：商,,,,00010000
RPTQMLOKJHPFFAD48CC,郡王祠段,65.86,都市：住,,,,18380000
RPQOMLPKJHPFFAD08CC,郡王祠段,88.14,都市：住,,,,23820000
RPUOMLPKJHPFFAD48CC,郡王祠段,.00,都市：住,,,,19890000
RPWOMLPKJHPFFAD68CC,開元段,8.79,都市：商,,,,05970000
RPWOMLPKJHPFFAD68CC,開元段,.42,都市：住,,,,06180000
RPWOMLPKJHPFFAD68CC,開元段,.03,都市：其他:廣場兼停車場用地,,,,03610025
RPXNMLPKJHPFFKD07CC,廣興段,.00,都市：住,,,,09940000
RPSOMLQKJHPFFBD48CC,溪東段,112.09,都市：住,,,,01480006
RPWNMLPKJHPFFID76CC,中軍段,.00,都市：住,,,,06800000
RPUNMLQKJHPFFKD86CC,大灣段,.00,都市：住,,,,70760004
RPTNMLQKJHPFFKD76CC,中興段,.00,都市：住,,,,10250000
RPRNMLQKJHPFFHD88CC,茄拔段一小段,75.00,非都市：鄉村區 ; 非都市編定：乙種建築用地,,,,14670008
RPWNMLQKJHPFFKD07CC,二王段,.00,都市：住,,,,09770000
RPUOMLQKJHPFFCD78CC,仁和段,.00,都市：住,,,,10930014
RPWOMLQKJHPFFCD98CC,裕東段,.00,都市：住,,,,04000000
RPXOMLQKJHPFFCD09CC,富裕段,.00,都市：住,,,,03500000
RPRNMLRKJHPFFCD48CC,光明段,.00,都市：住,,,,04070038
RPTOMLQKJHPFFCD68CC,公英段,31.30,都市：住,,,,10850003
RPTOMLQKJHPFFCD68CC,公英段,1.37,都市：住,,,,10850011
RPTOMLQKJHPFFCD68CC,公英段,3.62,都市：住,,,,10850010
RPXOMLNKJHPFFCD78CC,光明段,.00,都市：住,,,,06880000
RPQOMLPKJHPFFCD28CC,公英段,.00,都市：住,,,,00080000
RPVPMLNKJHPFFCD68CC,富農段,.00,都市：住,,,,07110000
RPVOMLNKJHPFFCD58CC,富強段,8.73,都市：住,,,,01890000
RPVOMLNKJHPFFCD58CC,富強段,9.40,都市：住,,,,01890001
RPPPMLNKJHPFFCD08CC,富農段,.00,都市：住,,,,11140000
RPPPMLNKJHPFFCD08CC,富農段,.00,都市：住,,,,11140001
RPPPMLNKJHPFFCD08CC,富農段,.00,都市：住,,,,11140002
RPVNMLRKJHPFFCD88CC,新東段,.00,都市：住,,,,00140000
RPVNMLRKJHPFFCD88CC,新東段,.00,都市：住,,,,00140001
RPRNMLPKJHPFFCD28CC,虎尾寮段,.00,都市：住,,,,03320033
RPQNMLPKJHPFFCD18CC,仁和段,.00,都市：住,,,,13350000
RPWOMLRKJHPFFHD96CC,善中段,.00,都市：住,,,,09290008
RPSNMLRKJHPFFCD58CC,水交社段,.00,都市：住,,,,00320000
RPUPMLKLJHPFFKD56CC,崑山段,.00,都市：住,,,,09530000
RPTNMLRKJHPFFKD86CC,六甲頂段,.00,都市：住,,,,10910000
RPWPMLKLJHPFFKD76CC,六甲頂段,.00,都市：住,,,,10910000
RPWNMLRKJHPFFCD98CC,鹽埕段,.00,都市：住,,,,02900745
RPXNMLKLJHPFFKD66CC,東南段,100.00,都市：住,,,,07270011
RPWNMLRKJHPFFCD98CC,鹽埕段,.00,都市：住,,,,02901055
RPUOMLLLJHPFFCD38CC,竹篙厝段,.00,都市：住,,,,39500004
RPWQMLLLJHPFFCD78CC,鹽埕段,121.00,都市：住,,,,00030600
RPSOMLLLJHPFFKD98CC,南工段,.00,都市：住,,,,00010000
RPXNMLLLJHPFFID56CC,武東段,.00,都市：住,,,,05290016
RPWOMLLLJHPFFKD86DC,大灣段,113.00,都市：住,,,,63550007
RPSOMLMLJHPFFDD38CC,新營段,118.00,都市：住,,,,08410114
RPSPMLMLJHPFFKD56CC,南新段,.00,都市：住,,,,09000000
RPVNMLMLJHPFFID09CC,大同段,.00,都市：住,,,,04910000
RPVNMLMLJHPFFAD28CC,武聖段,11.37,都市：住,,,,23250000
RPRPMLLLJHPFFAD97CC,金華段,.00,都市：商,,,,00640025
RPPPMLLLJHPFFAD77CC,星鑽段,.00,都市：住,,,,02340000
RPQPMLKLJHPFFAD77CC,保西段,.00,都市：商,,,,00450000
RPVPMLLLJHPFFAD38CC,金城段,.00,都市：商,,,,00170024
RPWOMLKMJHPFFKD76CC,兵南段,14.47,都市：住,,,,05450000
RPPOMLLMJHPFFKD88DC,大灣段,.00,都市：住,,,,69490000
RPTOMLKMJHPFFKD56DC,大灣段,113.00,都市：住,,,,63550007
RPTOMLKMJHPFFAD08CC,府前段,.00,都市：商,,,,13170000
RPTOMLKMJHPFFAD08CC,府前段,.00,都市：商,,,,13160000
RPQOMLLMJHPFFKD98DC,鹽東段,.00,都市：住,,,,16130000
RPSOMLKMJHPFFCD18CC,公英段,.00,都市：住,,,,00080000
RPWNMLLMJHPFFCD68DC,鹽埕段,.00,都市：住,,,,20920003
RPOQMLMLJHPFFCD08CC,路東段,.00,都市：其他:道路用地,,,,07930000
RPOQMLMLJHPFFCD08CC,路東段,.00,都市：住,,,,07940000
RPXPMLMLJHPFFCD88CC,仁和段,.00,都市：住,,,,12780000
RPVNMLLMJHPFFKD66CC,南新段,.00,都市：住,,,,09730000
RPVNMLLMJHPFFKD66CC,南新段,.00,都市：住,,,,09740000
RPOOMLLMJHPFFBD77CC,怡安段,.00,都市：住,,,,06640000
RPUNMLLMJHPFFCD38CC,大恩段,.00,都市：住,,,,00820000
RPXOMLLMJHPFFCD78CC,龍泉段,.00,都市：商,,,,05520000
RPXOMLLMJHPFFCD78CC,龍泉段,.00,都市：商,,,,05580000
RPPPMLLMJHPFFCD08CC,東寧段,.00,都市：住,,,,07520000
RPSNMLKLJHPFFAD77CC,上鯤鯓段,881.00,都市：住,,,,05990000
RPSNMLKLJHPFFAD77CC,上鯤鯓段,772.00,都市：住,,,,06140000
RPROMLKLJHPFFAD77CC,新南段,.00,都市：住,,,,00440016
RPTNMLKLJHPFFAD87CC,普濟段,94.02,都市：商,,,,01110000
RPTNMLKLJHPFFAD87CC,普濟段,9.21,都市：商,,,,01120000
RPTNMLKLJHPFFAD87CC,普濟段,5.55,都市：商,,,,01160000
RPQPMLLMJHPFFCD18CC,南山段,.00,都市：住,,,,00320021
RPRPMLLMJHPFFCD28CC,泉南段,.00,都市：住,,,,06180000
RPRPMLLMJHPFFKD09CC,成功段,.00,都市：商,,,,01190000
RPPPMLLMJHPFFKD88CC,橋北段,.00,都市：住,,,,00520000
RPWNMLLMJHPFFKD76CC,永和段,.00,都市：商,,,,13880000
RPVOMLLMJHPFFKD76CC,保生段,.00,都市：住,,,,02590000
RPUNMLLMJHPFFAD18CC,正興段,.00,都市：住,,,,07050016
RPUOMLLMJHPFFKD66CC,鹽埕段,.00,都市：住,,,,05310000
RPOOMLLMJHPFFKD68CC,永信段,.00,都市：住,,,,02970000
RPQPMLLMJHPFFAD97CC,正興段,.00,都市：住,,,,04960010
RPVPMLLMJHPFFAD48CC,開元段,.00,都市：住,,,,00620000
RPSNMLNJKHPFFAD97CC,大豐段,507.09,都市：商,,,,13130093
RPWOMLNJKHPFFAD48CC,東豐段,.00,都市：住,,,,04770000
RPWOMLNJKHPFFAD48CC,東豐段,.00,都市：商,,,,04780000
RPWOMLNJKHPFFAD48CC,東豐段,.00,都市：商,,,,04790000
RPWOMLNJKHPFFAD48CC,東豐段,.00,都市：商,,,,04800000
RPOPMLNJKHPFFAD77CC,東豐段,.00,都市：住,,,,04770000
RPOPMLNJKHPFFAD77CC,東豐段,.00,都市：商,,,,04780000
RPOPMLNJKHPFFAD77CC,東豐段,.00,都市：商,,,,04790000
RPOPMLNJKHPFFAD77CC,東豐段,.00,都市：商,,,,04800000
RPQPMLNJKHPFFAD97CC,小北段,.00,都市：其他:道路,,,,02190000
RPQPMLNJKHPFFAD97CC,小北段,.00,都市：住,,,,02200000
RPXPMLNJKHPFFAD68CC,小北段,.00,都市：住,,,,09640012
RPTPMLNJKHPFFAD28CC,正興段,.00,都市：住,,,,04960010
RPOQMLLMJHPFFCD08CC,竹篙厝段,.00,都市：住,,,,39780000
RPXPMLLMJHPFFCD88CC,新都心段,.00,都市：住,,,,00420000
RPOQMLLMJHPFFCD08CC,竹篙厝段,.00,都市：住,,,,39810000
RPPOMLNJKHPFFCD97CC,虎尾段,.00,都市：住,,,,16080000
RPUOMLNJKHPFFCD48CC,東寧段,23.62,都市：住,,,,04800000
RPQOMLOJKHPFFCD18CC,竹篙厝段,.00,都市：住,,,,28010005
RPUNMLOJKHPFFCD48CC,裕東段,.00,都市：住,,,,01120000
RPUNMLOJKHPFFCD48CC,裕東段,.00,都市：住,,,,01130000
RPVNMLOJKHPFFBD48CC,淵南段,.00,都市：住,,,,07960009
RPUNMLNJKHPFFID98CC,崁腳北段,.00,都市：農,,,,13290000
RPQNMLLJKHPFFID38CC,歸仁北段,128.00,都市：住,,,,03620008
RPVNMLPJKHPFFBD58CC,淵北段,.00,都市：住,,,,08830017
RPRNMLPJKHPFFAD08CC,公園段,.00,都市：商,,,,09390000
RPRNMLPJKHPFFAD08CC,公園段,.00,都市：商,,,,09390001
RPRNMLPJKHPFFAD08CC,公園段,.00,都市：其他:道路用地,,,,09390003
RPRNMLPJKHPFFAD08CC,公園段,.00,都市：其他:道路用地,,,,09390002
RPPOMLOJKHPFFAD87CC,頂美段,7.28,都市：住,,,,07530000
RPXOMLOJKHPFFAD68CC,華興段,.00,都市：住,,,,10950000
RPRNMLOJKHPFFAD97CC,立人段,13.05,都市：住,,,,00650003
RPTNMLPJKHPFFCD48CC,育樂段,.00,都市：住,,,,12870009
RPVNMLQJKHPFFCD78CC,光華段,36.81,都市：住,,,,09090000
RPQNMLQJKHPFFCD28CC,光明段,.00,都市：住,,,,04070038
RPUNMLQJKHPFFCD68CC,富農段,.00,都市：住,,,,02950000
RPRNMLQJKHPFFCD38CC,新東段,.00,都市：住,,,,13120002
RPWNMLQJKHPFFCD88CC,同安段,.00,都市：住,,,,02600000
RPROMLQJKHPFFCD48CC,竹篙厝段,92.00,都市：住,,,,31490000
RPROMLQJKHPFFAD28CC,星鑽段,59.16,都市：商,,,,18010000
RPQNMLQJKHPFFAD08CC,郡王祠段,.00,都市：住,,,,25800000
RPTNMLQJKHPFFID56CC,大同段,.00,都市：住,,,,04910000
RPUNMLRJKHPFFID76CC,崁腳北段,270.50,都市：住,,,,10320000
RPUNMLRJKHPFFKD96CC,大灣段,.00,都市：住,,,,69490000
RPTNMLRJKHPFFGD56DC,佳里段,4.00,都市：住,,,,24700057
RPTNMLRJKHPFFGD56DC,佳里段,58.00,都市：住,,,,24700058
RPTNMLRJKHPFFGD56DC,佳里段,18.00,都市：住,,,,24710002
RPVNMLRJKHPFFAD68CC,南門段,.00,都市：住,,,,11010000
RPSOMLNJKHPFFKD09CC,大灣段,.00,都市：商,,,,61210000
RPSOMLQJKHPFFKD76CC,鹽東段,.00,都市：住,,,,19610000
RPSOMLNJKHPFFKD09CC,大灣段,.00,都市：商,,,,61220000
RPSOMLNJKHPFFKD09CC,大灣段,.00,都市：商,,,,61240000
RPPOMLQJKHPFFKD09CC,六甲頂段,.00,都市：住,,,,04050000
RPQOMLPJKHPFFKD09CC,兵北段,.00,都市：住,,,,00100000
RPXNMLQJKHPFFKD17CC,蜈蜞潭段,120.00,都市：住,,,,21210004
RPTNMLNJKHPFFKD09CC,五王段,80.66,都市：住,,,,05650000
RPTOMLNJKHPFFKD56CC,永信段,.00,都市：住,,,,02990000
RPWOMLPJKHPFFKD07CC,蜈蜞潭段,.00,都市：住,,,,18330000
RPWOMLPJKHPFFKD07CC,蜈蜞潭段,.00,都市：住,,,,18340000
RPQNMLRJKHPFFCD38CC,富農段,20.97,都市：住,,,,08970000
RPSNMLNJKHPFFKD98CC,蜈蜞潭段,227.00,都市：住,,,,20560004
RPPNMLSJKHPFFKD56CC,蜈蜞潭段,80.00,都市：住,,,,18280019
RPQNMLKKKHPFFKD58CC,橋北段,.00,都市：商,,,,00590000
RPOOMLKKKHPFFBD57CC,溪南段,665.71,都市：農,,,,07190000
RPQOMLKKKHPFFKD68CC,兵北段,.00,都市：住,,,,01300000
RPXNMLRJKHPFFCD09CC,虎尾寮段,.00,都市：住,,,,03720047
RPWNMLKKKHPFFAD18CC,新南段,.00,都市：商,,,,00370005
RPTOMLKKKHPFFKD98CC,兵南段,.00,都市：住,,,,05840000
RPTNMLKKKHPFFHD58CC,大榮段,11.27,都市：住,,,,07780000
RPTNMLKKKHPFFHD58CC,大榮段,.61,都市：住,,,,07790000
RPTNMLKKKHPFFHD58CC,大榮段,7.61,都市：住,,,,07800000
RPUNMLKKKHPFFHD68CC,善新段,5.84,都市：住,,,,01490000
RPUNMLKKKHPFFHD68CC,善新段,95.13,都市：住,,,,01490043
RPUNMLKKKHPFFHD68CC,善新段,5.84,都市：住,,,,01490057
RPSOMLKKKHPFFHD58CC,華興段,83.30,都市：其他:住商用,,,,08490000
