﻿鄉鎮市區,交易標的,土地位置建物門牌,土地移轉總面積平方公尺,都市土地使用分區,非都市土地使用分區,非都市土地使用編定,交易年月日,交易筆棟數,移轉層次,總樓層數,建物型態,主要用途,主要建材,建築完成年月,建物移轉總面積平方公尺,建物現況格局-房,建物現況格局-廳,建物現況格局-衛,建物現況格局-隔間,有無管理組織,總價元,單價元平方公尺,車位類別,車位移轉總面積平方公尺,車位總價元,備註,編號
The villages and towns urban district,transaction sign,land sector position building sector house number plate,land shifting total area square meter,the use zoning or compiles and checks,the non-metropolis land use district,non-metropolis land use,transaction year month and day,transaction pen number,shifting level,total floor number,building state,main use,main building materials,construction to complete the years,building shifting total area,Building present situation pattern - room,building present situation pattern - hall,building present situation pattern - health,building present situation pattern - compartmented,Whether there is manages the organization,total price NTD,the unit price (NTD / square meter),the berth category,berth shifting total area square meter,the berth total price NTD,the note,serial number
南區,房地(土地+建物)+車位,臺南市南區水交社路20巷11號Dd1-7F,20.55,住,,,1080415,土地1建物1車位1,七層,7,華廈(10層含以下有電梯),住家用,鋼筋混凝土造,,134.75,2,1,1,有,無,5760000,44910,坡道平面,35.44,1300000,,RPUOMLNKJIOFFCD38CB
南區,房地(土地+建物)+車位,臺南市南區水交社路20巷11號Dd2-2F,29.35,住,,,1080331,土地1建物1車位1,二層,7,華廈(10層含以下有電梯),住家用,鋼筋混凝土造,,175.8,3,1,2,有,無,7500000,44885,坡道平面,35.44,1200000,,RPVOMLNKJIOFFCD48CB
南區,房地(土地+建物)+車位,臺南市南區水交社路20巷11號Dd2-3F,29.94,住,,,1080324,土地1建物1車位2,三層,7,華廈(10層含以下有電梯),住家用,鋼筋混凝土造,,211.26,3,1,2,有,無,8460000,40319,坡道平面,70.88,2800000,,RPWOMLNKJIOFFCD58CB
南區,房地(土地+建物)+車位,臺南市南區水交社路20巷11號Dd2-4F,28.76,住,,,1070625,土地1建物1車位1,四層,7,華廈(10層含以下有電梯),住家用,鋼筋混凝土造,,175.82,3,1,2,有,無,7600000,44878,坡道平面,35.44,1300000,,RPOPMLNKJIOFFCD87CB
南區,房地(土地+建物)+車位,臺南市南區水交社路20巷11號Dd2-5F,29.94,住,,,1080324,土地1建物1車位2,五層,7,華廈(10層含以下有電梯),住家用,鋼筋混凝土造,,211.26,3,1,2,有,無,8680000,41886,坡道平面,70.88,2800000,,RPPPMLNKJIOFFCD97CB
南區,房地(土地+建物)+車位,臺南市南區水交社路20巷11號Dd2-6F,28.76,住,,,1070212,土地1建物1車位1,六層,7,華廈(10層含以下有電梯),住家用,鋼筋混凝土造,,174.72,3,1,2,有,無,7580000,45804,坡道平面,34.34,1150000,,RPQPMLNKJIOFFCD08CB
南區,房地(土地+建物)+車位,臺南市南區水交社路20巷11號Dd2-7F,28.76,住,,,1080520,土地1建物1車位1,七層,7,華廈(10層含以下有電梯),住家用,鋼筋混凝土造,,175.82,3,1,2,有,無,7800000,45591,坡道平面,35.44,1400000,,RPUPMLNKJIOFFCD48CB
南區,房地(土地+建物)+車位,臺南市南區水交社路20巷11號E1-1F,22.31,住,,,1080615,土地1建物1車位1,一層,7,華廈(10層含以下有電梯),住家用,鋼筋混凝土造,,135.3,2,1,1,有,無,5650000,42560,坡道平面,35.44,1400000,,RPOQMLNKJIOFFCD97CB
南區,房地(土地+建物)+車位,臺南市南區水交社路20巷11號E1-2F,36.4,住,,,1070508,土地1建物1車位2,二層,7,華廈(10層含以下有電梯),住家用,鋼筋混凝土造,,235.51,4,1,2,有,無,9150000,39786,坡道平面,70.88,2600000,,RPRQMLNKJIOFFCD28CB
南區,房地(土地+建物)+車位,臺南市南區水交社路20巷11號E1-3F,35.22,住,,,1070319,土地1建物1車位1,三層,7,華廈(10層含以下有電梯),住家用,鋼筋混凝土造,,201.32,4,1,2,有,無,8690000,44889,坡道平面,36.69,1300000,,RPSQMLNKJIOFFCD38CB
南區,房地(土地+建物)+車位,臺南市南區水交社路20巷11號E1-4F,35.22,住,,,1070115,土地1建物1車位1,四層,7,華廈(10層含以下有電梯),住家用,鋼筋混凝土造,,200.07,4,1,2,有,無,8780000,45435,坡道平面,35.44,1300000,,RPTQMLNKJIOFFCD48CB
南區,房地(土地+建物)+車位,臺南市南區水交社路20巷11號E1-5F,35.22,住,,,1070314,土地1建物1車位1,五層,7,華廈(10層含以下有電梯),住家用,鋼筋混凝土造,,200.07,4,1,2,有,無,8950000,46468,坡道平面,35.44,1300000,,RPUQMLNKJIOFFCD58CB
南區,房地(土地+建物)+車位,臺南市南區水交社路20巷11號E1-6F,36.4,住,,,1070222,土地1建物1車位2,六層,7,華廈(10層含以下有電梯),住家用,鋼筋混凝土造,,235.51,4,1,2,有,無,9300000,41912,坡道平面,70.88,2400000,,RPVQMLNKJIOFFCD68CB
南區,房地(土地+建物)+車位,臺南市南區水交社路20巷11號E1-7F,35.22,住,,,1070206,土地1建物1車位1,七層,7,華廈(10層含以下有電梯),住家用,鋼筋混凝土造,,201.32,4,1,2,有,無,8800000,44949,坡道平面,36.69,1400000,,RPWQMLNKJIOFFCD78CB
南區,房地(土地+建物)+車位,臺南市南區水交社路20巷11號E2-1F,12.91,住,,,1080329,土地1建物1車位1,一層,7,華廈(10層含以下有電梯),住家用,鋼筋混凝土造,,90.98,1,1,1,有,無,3600000,43212,坡道平面,35.44,1200000,,RPORMLNKJIOFFCD08CB
南區,房地(土地+建物)+車位,臺南市南區水交社路20巷11號E2-2F,35.22,住,,,1070510,土地1建物1車位1,二層,7,華廈(10層含以下有電梯),住家用,鋼筋混凝土造,,200.07,4,1,2,有,無,8380000,43613,坡道平面,35.44,1200000,,RPPRMLNKJIOFFCD18CB
南區,房地(土地+建物)+車位,臺南市南區水交社路20巷11號E2-3F,35.22,住,,,1070425,土地1建物1車位1,三層,7,華廈(10層含以下有電梯),住家用,鋼筋混凝土造,,200.07,4,1,2,有,無,8580000,44220,坡道平面,35.44,1300000,,RPUOMLOKJIOFFCD48CB
南區,房地(土地+建物)+車位,臺南市南區水交社路20巷11號E2-4F,35.22,住,,,1070227,土地1建物1車位1,四層,7,華廈(10層含以下有電梯),住家用,鋼筋混凝土造,,200.07,4,1,2,有,無,9000000,46164,坡道平面,35.44,1400000,,RPVOMLOKJIOFFCD58CB
南區,房地(土地+建物)+車位,臺南市南區水交社路20巷11號E2-5F,36.4,住,,,1070530,土地1建物1車位2,五層,7,華廈(10層含以下有電梯),住家用,鋼筋混凝土造,,235.51,4,1,2,有,無,9500000,41912,坡道平面,70.88,2600000,,RPXOMLOKJIOFFCD78CB
南區,房地(土地+建物)+車位,臺南市南區水交社路20巷11號E2-6F,35.22,住,,,1070509,土地1建物1車位1,六層,7,華廈(10層含以下有電梯),住家用,鋼筋混凝土造,,201.32,4,1,2,有,無,9570000,50234,坡道平面,36.69,1300000,,RPPPMLOKJIOFFCD08CB
南區,房地(土地+建物)+車位,臺南市南區水交社路20巷11號E2-7F,36.4,住,,,1070112,土地1建物1車位2,七層,7,華廈(10層含以下有電梯),住家用,鋼筋混凝土造,,234.41,4,1,2,有,無,9250000,40697,坡道平面,69.78,2550000,,RPQPMLOKJIOFFCD18CB
南區,房地(土地+建物)+車位,臺南市南區水交社路20巷11號E3-1F,12.91,住,,,1070823,土地1建物1車位1,一層,7,華廈(10層含以下有電梯),住家用,鋼筋混凝土造,,90.98,1,1,1,有,無,3500000,41412,坡道平面,35.44,1200000,,RPRPMLOKJIOFFCD28CB
南區,房地(土地+建物)+車位,臺南市南區水交社路20巷11號E5-1F,22.31,住,,,1080505,土地1建物1車位1,一層,7,華廈(10層含以下有電梯),住家用,鋼筋混凝土造,,135.3,2,1,1,有,無,5500000,43060,坡道平面,35.44,1200000,,RPTPMLOKJIOFFCD48CB
南區,房地(土地+建物)+車位,臺南市南區水交社路20巷11號SA1,25.83,住,,,1070125,土地1建物1車位1,一層,7,華廈(10層含以下有電梯),住家用,鋼筋混凝土造,,152.71,0,0,0,無,無,8300000,59691,坡道平面,35.44,1300000,,RPUPMLOKJIOFFCD58CB
南區,房地(土地+建物)+車位,臺南市南區水交社路20巷11號SA3,25.24,住,,,1070613,土地1建物1車位1,一層,7,華廈(10層含以下有電梯),住家用,鋼筋混凝土造,,149.18,0,0,0,無,無,8800000,65940,坡道平面,35.44,1300000,,RPVPMLOKJIOFFCD68CB
南區,房地(土地+建物)+車位,臺南市南區水交社路20巷11號SA5,25.24,住,,,1070619,土地1建物1車位1,一層,7,華廈(10層含以下有電梯),住家用,鋼筋混凝土造,,148.48,0,0,0,無,無,8800000,66348,坡道平面,35.44,1300000,,RPWPMLOKJIOFFCD78CB
南區,房地(土地+建物)+車位,臺南市南區水交社路20巷11號SA6,24.65,住,,,1070619,土地1建物1車位1,一層,7,華廈(10層含以下有電梯),住家用,鋼筋混凝土造,,146.03,0,0,0,無,無,8800000,67818,坡道平面,35.44,1300000,,RPXPMLOKJIOFFCD88CB
南區,房地(土地+建物)+車位,臺南市南區水交社路20巷11號SB1,24.65,住,,,1080212,土地1建物1車位1,一層,7,華廈(10層含以下有電梯),住家用,鋼筋混凝土造,,145.2,0,0,0,無,無,8500000,64496,坡道平面,34.34,1350000,,RPOQMLOKJIOFFCD08CB
南區,房地(土地+建物)+車位,臺南市南區水交社路20巷11號SB2,24.65,住,,,1070911,土地1建物1車位1,一層,7,華廈(10層含以下有電梯),住家用,鋼筋混凝土造,,147.12,0,0,0,無,無,8300000,61784,坡道平面,35.44,1400000,,RPPQMLOKJIOFFCD18CB
南區,房地(土地+建物)+車位,臺南市南區水交社路20巷11號SB3,25.24,住,,,1070910,土地1建物1車位1,一層,7,華廈(10層含以下有電梯),住家用,鋼筋混凝土造,,149.7,0,0,0,無,無,8400000,61264,坡道平面,35.44,1400000,,RPQQMLOKJIOFFCD28CB
南區,房地(土地+建物)+車位,臺南市南區水交社路20巷11號SC1,18.78,住,,,1080520,土地1建物1車位1,一層,7,華廈(10層含以下有電梯),住家用,鋼筋混凝土造,,120.01,0,0,0,無,無,6200000,56758,坡道平面,35.44,1400000,,RPRQMLOKJIOFFCD38CB
南區,房地(土地+建物)+車位,臺南市南區水交社路20巷11號SC2,27.59,住,,,1080420,土地1建物1車位1,一層,7,華廈(10層含以下有電梯),住家用,鋼筋混凝土造,,163.09,0,0,0,無,無,8900000,58754,坡道平面,35.44,1400000,,RPSQMLOKJIOFFCD48CB
南區,房地(土地+建物)+車位,臺南市南區水交社路20巷11號SC3,27.59,住,,,1080320,土地1建物1車位1,一層,7,華廈(10層含以下有電梯),住家用,鋼筋混凝土造,,162.29,0,0,0,無,無,8900000,59125,坡道平面,35.44,1400000,,RPTQMLOKJIOFFCD58CB
南區,房地(土地+建物)+車位,臺南市南區水交社路20巷11號SC5,18.78,住,,,1070731,土地1建物1車位1,一層,7,華廈(10層含以下有電梯),住家用,鋼筋混凝土造,,119.25,0,0,0,無,無,6200000,58466,坡道平面,35.44,1300000,,RPVQMLOKJIOFFCD78CB
南區,房地(土地+建物)+車位,臺南市南區水交社路20巷11號E26F,35.22,住,,,1070509,土地1建物1車位1,六層,7,華廈(10層含以下有電梯),住家用,鋼筋混凝土造,,201.32,4,1,2,有,無,9570000,50234,坡道平面,36.69,1300000,含裝潢,RPOPMLOKJIOFFCD08DB
南區,房地(土地+建物)+車位,臺南市南區興昌路76巷1號8樓之6 C1-08F,25.95,住,,,1071222,土地1建物1車位1,八層,13,住宅大樓(11層含以上有電梯),住家用,鋼筋混凝土造,,130.82,2,2,1,有,無,5850000,46422,坡道平面,31.73,1250000,,RPWNMLSKJIOFFCD98CB
南區,房地(土地+建物)+車位,臺南市南區興昌路76巷1號9樓之6 C1-09F,25.95,住,,,1080216,土地1建物1車位1,九層,13,住宅大樓(11層含以上有電梯),住家用,鋼筋混凝土造,,130.82,2,2,1,有,無,6000000,47432,坡道平面,31.73,1300000,,RPXNMLSKJIOFFCD09CB
南區,房地(土地+建物)+車位,臺南市南區興昌路76巷1號10樓之6 C1-10F,25.95,住,,,1080302,土地1建物1車位1,十層,13,住宅大樓(11層含以上有電梯),住家用,鋼筋混凝土造,,130.82,2,2,1,有,無,5900000,46927,坡道平面,31.73,1250000,,RPOOMLSKJIOFFCD28CB
南區,房地(土地+建物)+車位,臺南市南區興昌路76巷1號11樓之6 C1-11F,25.95,住,,,1070708,土地1建物1車位1,十一層,13,住宅大樓(11層含以上有電梯),住家用,鋼筋混凝土造,,130.82,2,2,1,有,無,5850000,46422,坡道平面,31.73,1250000,,RPPOMLSKJIOFFCD38CB
南區,房地(土地+建物)+車位,臺南市南區興昌路76巷1號12樓之6 C1-12F,25.95,住,,,1080203,土地1建物1車位1,十二層,13,住宅大樓(11層含以上有電梯),住家用,鋼筋混凝土造,,130.82,2,2,1,有,無,5850000,46422,坡道平面,31.73,1250000,,RPQOMLSKJIOFFCD48CB
南區,房地(土地+建物)+車位,臺南市南區興昌路76巷1號2樓之5 C2-02F,33.59,住,,,1080525,土地1建物1車位1,二層,13,住宅大樓(11層含以上有電梯),住家用,鋼筋混凝土造,,160.83,3,2,2,有,無,6800000,42990,坡道平面,31.73,1250000,,RPSOMLSKJIOFFCD68CB
南區,房地(土地+建物)+車位,臺南市南區興昌路76巷1號3樓之5 C203F,33.59,住,,,1080602,土地1建物1車位1,三層,13,住宅大樓(11層含以上有電梯),住家用,鋼筋混凝土造,,160.83,3,2,2,有,無,8100000,52672,坡道平面,31.73,1300000,售價包含裝潢或家電。；此戶為實品屋,RPWOMLRLJIOFFCD09CB
南區,房地(土地+建物)+車位,臺南市南區興昌路76巷1號4樓之5 C2-04F,33.59,住,,,1070812,土地1建物1車位1,四層,13,住宅大樓(11層含以上有電梯),住家用,鋼筋混凝土造,,160.83,3,2,2,有,無,7140000,45624,坡道平面,31.73,1250000,,RPXOMLRLJIOFFCD56CB
南區,房地(土地+建物)+車位,臺南市南區興昌路76巷1號5樓之5 C2-05F,33.59,住,,,1080527,土地1建物1車位1,五層,13,住宅大樓(11層含以上有電梯),住家用,鋼筋混凝土造,,160.83,3,2,2,有,無,7400000,47250,坡道平面,31.73,1300000,,RPOPMLRLJIOFFCD38CB
南區,房地(土地+建物)+車位,臺南市南區興昌路76巷1號6樓之5 C2-06F,33.59,住,,,1071103,土地1建物1車位1,六層,13,住宅大樓(11層含以上有電梯),住家用,鋼筋混凝土造,,160.83,3,2,2,有,無,7370000,47018,坡道平面,31.73,1300000,,RPPPMLRLJIOFFCD48CB
南區,房地(土地+建物)+車位,臺南市南區興昌路76巷1號7樓之5 C2-07F,33.59,住,,,1080421,土地1建物1車位1,七層,13,住宅大樓(11層含以上有電梯),住家用,鋼筋混凝土造,,160.83,3,2,2,有,無,7680000,49419,坡道平面,31.73,1300000,,RPQPMLRLJIOFFCD58CB
南區,房地(土地+建物)+車位,臺南市南區興昌路76巷1號8樓之5 C2-08F,33.59,住,,,1080421,土地1建物1車位1,八層,13,住宅大樓(11層含以上有電梯),住家用,鋼筋混凝土造,,160.83,3,2,2,有,無,7680000,49419,坡道平面,31.73,1300000,,RPRPMLRLJIOFFCD68CB
南區,房地(土地+建物)+車位,臺南市南區興昌路76巷1號9樓之5 C2-09F,33.59,住,,,1080427,土地1建物1車位1,九層,13,住宅大樓(11層含以上有電梯),住家用,鋼筋混凝土造,,160.83,3,2,2,有,無,7700000,49574,坡道平面,31.73,1300000,,RPSPMLRLJIOFFCD78CB
南區,房地(土地+建物)+車位,臺南市南區興昌路76巷1號10樓之5 C2-10F,33.59,住,,,1080414,土地1建物1車位1,十層,13,住宅大樓(11層含以上有電梯),住家用,鋼筋混凝土造,,160.83,3,2,2,有,無,7800000,50349,坡道平面,31.73,1300000,,RPTNMLSLJIOFFCD78CB
南區,房地(土地+建物)+車位,臺南市南區興昌路76巷1號11樓之5 C2-11F,34.1,住,,,1080427,土地1建物1車位2,十一層,13,住宅大樓(11層含以上有電梯),住家用,鋼筋混凝土造,,192.56,3,2,2,有,無,8600000,47250,坡道平面,63.46,2500000,,RPUNMLSLJIOFFCD88CB
南區,房地(土地+建物)+車位,臺南市南區興昌路76巷1號12樓之5 C2-12F,33.59,住,,,1080303,土地1建物1車位1,十二層,13,住宅大樓(11層含以上有電梯),住家用,鋼筋混凝土造,,160.83,3,2,2,有,無,7700000,49961,坡道平面,31.73,1250000,,RPVNMLSLJIOFFCD98CB
南區,房地(土地+建物)+車位,臺南市南區興昌路76巷1號13樓之3 C2-13F,35.12,住,,,1071028,土地1建物1車位1,十三層,13,住宅大樓(11層含以上有電梯),住家用,鋼筋混凝土造,,169.76,3,2,2,有,無,8030000,48758,坡道平面,31.73,1300000,,RPWNMLSLJIOFFCD09CB
南區,房地(土地+建物),臺南市南區興昌路76巷1號2樓之3 C3-02F,22.9,住,,,1071208,土地1建物1車位0,二層,13,住宅大樓(11層含以上有電梯),住家用,鋼筋混凝土造,,89.77,2,2,1,有,無,4300000,47900,,0.0,0,,RPXNMLSLJIOFFCD56CB
南區,房地(土地+建物)+車位,臺南市南區興昌路76巷1號3樓之3 C303F,23.41,住,,,1071229,土地1建物1車位1,三層,13,住宅大樓(11層含以上有電梯),住家用,鋼筋混凝土造,,121.5,2,2,1,有,無,5950000,51799,坡道平面,31.73,1300000,售價包含裝潢或家電。；此戶為實品屋,RPOOMLSLJIOFFCD38CB
南區,房地(土地+建物)+車位,臺南市南區興昌路76巷1號4樓之3 C3-04F,23.41,住,,,1081008,土地1建物1車位1,四層,13,住宅大樓(11層含以上有電梯),住家用,鋼筋混凝土造,,121.5,2,2,1,有,無,5250000,44558,坡道平面,31.73,1250000,,RPPOMLSLJIOFFCD48CB
南區,房地(土地+建物)+車位,臺南市南區興昌路76巷1號5樓之3 C3-05F,23.41,住,,,1071202,土地1建物1車位1,五層,13,住宅大樓(11層含以上有電梯),住家用,鋼筋混凝土造,,121.5,2,2,1,有,無,5280000,44893,坡道平面,31.73,1250000,,RPQOMLSLJIOFFCD58CB
南區,房地(土地+建物)+車位,臺南市南區興昌路76巷1號6樓之3 C3-06F,23.41,住,,,1081008,土地1建物1車位1,六層,13,住宅大樓(11層含以上有電梯),住家用,鋼筋混凝土造,,121.5,2,2,1,有,無,5310000,45227,坡道平面,31.73,1250000,,RPROMLSLJIOFFCD68CB
南區,房地(土地+建物)+車位,臺南市南區興昌路76巷1號7樓之3 C3-07F,23.41,住,,,1080112,土地1建物1車位1,七層,13,住宅大樓(11層含以上有電梯),住家用,鋼筋混凝土造,,121.5,2,2,1,有,無,5450000,46786,坡道平面,31.73,1250000,,RPTOMLSLJIOFFCD88CB
南區,房地(土地+建物)+車位,臺南市南區興昌路76巷1號8樓之3 C3-08F,23.41,住,,,1080210,土地1建物1車位1,八層,13,住宅大樓(11層含以上有電梯),住家用,鋼筋混凝土造,,121.5,2,2,1,有,無,5550000,47900,坡道平面,31.73,1250000,,RPVOMLSLJIOFFCD09CB
南區,房地(土地+建物)+車位,臺南市南區興昌路76巷1號9樓之3 C3-09F,23.41,住,,,1070728,土地1建物1車位1,九層,13,住宅大樓(11層含以上有電梯),住家用,鋼筋混凝土造,,121.5,2,2,1,有,無,5650000,48457,坡道平面,31.73,1300000,,RPWOMLSLJIOFFCD56CB
南區,房地(土地+建物)+車位,臺南市南區興昌路76巷1號10樓之3 C3-10F,23.41,住,,,1071222,土地1建物1車位1,十層,13,住宅大樓(11層含以上有電梯),住家用,鋼筋混凝土造,,121.5,2,2,1,有,無,5700000,49014,坡道平面,31.73,1300000,,RPRPMLSLJIOFFCD78CB
南區,房地(土地+建物)+車位,臺南市南區興昌路76巷1號11樓之3 C3-11F,23.41,住,,,1080216,土地1建物1車位1,十一層,13,住宅大樓(11層含以上有電梯),住家用,鋼筋混凝土造,,121.5,2,2,1,有,無,5580000,48234,坡道平面,31.73,1250000,,RPTPMLSLJIOFFCD98CB
南區,房地(土地+建物)+車位,臺南市南區興昌路76巷1號12樓之3 C3-12F,23.41,住,,,1080106,土地1建物1車位1,十二層,13,住宅大樓(11層含以上有電梯),住家用,鋼筋混凝土造,,121.5,2,2,1,有,無,5680000,48791,坡道平面,31.73,1300000,,RPUPMLSLJIOFFCD09CB
南區,房地(土地+建物)+車位,臺南市南區興昌路76巷1號13樓之3 C3-13F,23.41,住,,,1080105,土地1建物1車位1,十三層,13,住宅大樓(11層含以上有電梯),住家用,鋼筋混凝土造,,121.5,2,2,1,有,無,5500000,47343,坡道平面,31.73,1250000,,RPVPMLSLJIOFFCD56CB
南區,房地(土地+建物)+車位,臺南市南區興昌路76巷1號2樓之2 C5-02F,33.08,住,,,1080511,土地1建物1車位1,二層,13,住宅大樓(11層含以上有電梯),住家用,鋼筋混凝土造,,159.77,3,2,2,有,無,7060000,45376,坡道平面,31.73,1250000,,RPWPMLSLJIOFFCD66CB
南區,房地(土地+建物)+車位,臺南市南區興昌路76巷1號3樓之2 C5-03F,33.08,住,,,1070902,土地1建物1車位1,三層,13,住宅大樓(11層含以上有電梯),住家用,鋼筋混凝土造,,159.77,3,2,2,有,無,7200000,46079,坡道平面,31.73,1300000,,RPOQMLSLJIOFFCD58CB
南區,房地(土地+建物)+車位,臺南市南區興昌路76巷1號4樓之2 C5-04F,33.08,住,,,1080519,土地1建物1車位1,四層,13,住宅大樓(11層含以上有電梯),住家用,鋼筋混凝土造,,159.77,3,2,2,有,無,7130000,45533,坡道平面,31.73,1300000,,RPPQMLSLJIOFFCD68CB
南區,房地(土地+建物)+車位,臺南市南區興昌路76巷1號5樓之2 C5-05F,33.08,住,,,1080405,土地1建物1車位1,五層,13,住宅大樓(11層含以上有電梯),住家用,鋼筋混凝土造,,159.77,3,2,2,有,無,7200000,46470,坡道平面,31.73,1250000,,RPQQMLSLJIOFFCD78CB
南區,房地(土地+建物)+車位,臺南市南區興昌路76巷1號6樓之2 C5-06F,33.08,住,,,1080908,土地1建物1車位1,六層,13,住宅大樓(11層含以上有電梯),住家用,鋼筋混凝土造,,159.77,3,2,2,有,無,7250000,46860,坡道平面,31.73,1250000,,RPRQMLSLJIOFFCD88CB
南區,房地(土地+建物)+車位,臺南市南區興昌路76巷1號7樓之2 C5-07F,33.08,住,,,1070818,土地1建物1車位1,七層,13,住宅大樓(11層含以上有電梯),住家用,鋼筋混凝土造,,159.77,3,2,2,有,無,7430000,48266,坡道平面,31.73,1250000,,RPTQMLSLJIOFFCD09CB
南區,房地(土地+建物)+車位,臺南市南區興昌路76巷1號8樓之2 C5-08F,33.08,住,,,1071007,土地1建物1車位1,八層,13,住宅大樓(11層含以上有電梯),住家用,鋼筋混凝土造,,159.77,3,2,2,有,無,7500000,48813,坡道平面,31.73,1250000,,RPVQMLSLJIOFFCD66CB
南區,房地(土地+建物)+車位,臺南市南區興昌路76巷1號9樓之2 C5-09F,33.08,住,,,1080407,土地1建物1車位1,九層,13,住宅大樓(11層含以上有電梯),住家用,鋼筋混凝土造,,159.77,3,2,2,有,無,7700000,49984,坡道平面,31.73,1300000,,RPWQMLSLJIOFFCD76CB
南區,房地(土地+建物)+車位,臺南市南區興昌路76巷1號10樓之2 C5-10F,33.08,住,,,1080413,土地1建物1車位1,十層,13,住宅大樓(11層含以上有電梯),住家用,鋼筋混凝土造,,159.77,3,2,2,有,無,7650000,49984,坡道平面,31.73,1250000,,RPXQMLSLJIOFFCD86CB
南區,房地(土地+建物)+車位,臺南市南區興昌路76巷1號11樓之2 C5-11F,33.08,住,,,1080610,土地1建物1車位1,十一層,13,住宅大樓(11層含以上有電梯),住家用,鋼筋混凝土造,,159.77,3,2,2,有,無,7800000,50765,坡道平面,31.73,1300000,,RPQRMLSLJIOFFCD88CB
南區,房地(土地+建物)+車位,臺南市南區興昌路76巷1號12樓之2 C5-12F,33.08,住,,,1080428,土地1建物1車位1,十二層,13,住宅大樓(11層含以上有電梯),住家用,鋼筋混凝土造,,159.77,3,2,2,有,無,7800000,50765,坡道平面,31.73,1300000,,RPRRMLSLJIOFFCD98CB
南區,房地(土地+建物)+車位,臺南市南區興昌路76巷1號13樓之1 C5-13F,35.12,住,,,1080223,土地1建物1車位1,十三層,13,住宅大樓(11層含以上有電梯),住家用,鋼筋混凝土造,,168.7,3,2,2,有,無,8250000,51106,坡道平面,31.73,1250000,,RPSRMLSLJIOFFCD09CB
南區,房地(土地+建物)+車位,臺南市南區興昌路76巷1號2樓之1 C6-02F,25.95,住,,,1080209,土地1建物1車位1,二層,13,住宅大樓(11層含以上有電梯),住家用,鋼筋混凝土造,,130.8,2,2,1,有,無,5660000,44009,坡道平面,31.73,1300000,,RPTRMLSLJIOFFCD56CB
南區,房地(土地+建物)+車位,臺南市南區興昌路76巷1號3樓之1 C6-03F,25.95,住,,,1070722,土地1建物1車位1,三層,13,住宅大樓(11層含以上有電梯),住家用,鋼筋混凝土造,,130.8,2,2,1,有,無,5600000,43908,坡道平面,31.73,1250000,,RPURMLSLJIOFFCD66CB
南區,房地(土地+建物)+車位,臺南市南區興昌路76巷1號4樓之1 C6-04F,25.95,住,,,1071116,土地1建物1車位1,四層,13,住宅大樓(11層含以上有電梯),住家用,鋼筋混凝土造,,130.8,2,2,1,有,無,5750000,45422,坡道平面,31.73,1250000,,RPVRMLSLJIOFFCD76CB
南區,房地(土地+建物)+車位,臺南市南區興昌路76巷1號5樓之1 C6-05F,25.95,住,,,1071118,土地1建物1車位1,五層,13,住宅大樓(11層含以上有電梯),住家用,鋼筋混凝土造,,130.8,2,2,1,有,無,5700000,44918,坡道平面,31.73,1250000,,RPWRMLSLJIOFFCD86CB
南區,房地(土地+建物)+車位,臺南市南區興昌路76巷1號6樓之1 C6-06F,25.95,住,,,1070728,土地1建物1車位1,六層,13,住宅大樓(11層含以上有電梯),住家用,鋼筋混凝土造,,130.8,2,2,1,有,無,5630000,44211,坡道平面,31.73,1250000,,RPXRMLSLJIOFFCD96CB
南區,房地(土地+建物)+車位,臺南市南區興昌路76巷1號7樓之1 C6-07F,25.95,住,,,1080119,土地1建物1車位1,七層,13,住宅大樓(11層含以上有電梯),住家用,鋼筋混凝土造,,130.8,2,2,1,有,無,5750000,45422,坡道平面,31.73,1250000,,RPOSMLSLJIOFFCD78CB
南區,房地(土地+建物)+車位,臺南市南區興昌路76巷1號8樓之1 C6-08F,25.95,住,,,1071007,土地1建物1車位1,八層,13,住宅大樓(11層含以上有電梯),住家用,鋼筋混凝土造,,130.8,2,2,1,有,無,5800000,45927,坡道平面,31.73,1250000,,RPPSMLSLJIOFFCD88CB
南區,房地(土地+建物)+車位,臺南市南區興昌路76巷1號9樓之1 C6-09F,25.95,住,,,1071125,土地1建物1車位1,九層,13,住宅大樓(11層含以上有電梯),住家用,鋼筋混凝土造,,130.8,2,2,1,有,無,5900000,46937,坡道平面,31.73,1250000,,RPQSMLSLJIOFFCD98CB
南區,房地(土地+建物)+車位,臺南市南區興昌路76巷1號10樓之1 C6-10F,25.95,住,,,1080224,土地1建物1車位1,十層,13,住宅大樓(11層含以上有電梯),住家用,鋼筋混凝土造,,130.8,2,2,1,有,無,5850000,46432,坡道平面,31.73,1250000,,RPRSMLSLJIOFFCD09CB
南區,房地(土地+建物)+車位,臺南市南區興昌路76巷1號11樓之1 C6-11F,25.95,住,,,1080126,土地1建物1車位1,十一層,13,住宅大樓(11層含以上有電梯),住家用,鋼筋混凝土造,,130.8,2,2,1,有,無,5800000,45927,坡道平面,31.73,1250000,,RPSSMLSLJIOFFCD56CB
南區,房地(土地+建物)+車位,臺南市南區興昌路76巷1號12樓之1 C6-12F,25.95,住,,,1080209,土地1建物1車位1,十二層,13,住宅大樓(11層含以上有電梯),住家用,鋼筋混凝土造,,130.8,2,2,1,有,無,5800000,45927,坡道平面,31.73,1250000,,RPTSMLSLJIOFFCD66CB
