﻿編號,屋齡,建物移轉面積平方公尺,主要用途,主要建材,建築完成日期,總層數,建物分層
The serial number,room age,building shifting area square meter,the main use,main building materials,construction completes the date,total layer,building lamination
RPSNMLLKJIOFFCD97CC,10,64.76,住家用,鋼筋混凝土造,99年5月7日,十四層,
RPPOMLLKJIOFFAD57CC,44,83.36,住家用,加強磚造,64年12月3日,二層,
RPSNMLLKJIOFFCD97CC,10,27.13,本共有部分之項目有地下一、二、三層全部、有頂蓋式開放空間、門廊、一至十四層梯間、屋突等。,鋼筋混凝土造,99年5月7日,十四層,
RPUNMLLKJIOFFAD97CC,58,128.52,住工用,磚造,51年1月1日,三層,
RPUNMLLKJIOFFAD97CC,,61.57,住家用,磚造,,一層,
RPQNMLLKJIOFFHD28CC,1,23.14,住宅、停車空間,鋼筋混凝土造,107年6月28日,四層,
RPQOMLLKJIOFFAD67CC,38,35.06,住家用,鋼筋混凝土造,71年1月20日,五層,
RPQOMLLKJIOFFAD67CC,38,13.28,共有部分,鋼筋混凝土造,70年10月27日,五層,
RPOOMLMKJIOFFID38CC,41,102.10,住家用,加強磚造,67年8月16日,二層,
RPROMLMKJIOFFKD88CC,26,33.05,住商用,鋼筋混凝土造,82年6月4日,五層,
RPPPMLMKJIOFFBD87CC,27,72.25,住商用,鋼筋混凝土造,82年1月13日,三層,
RPXNMLMKJIOFFCD58CC,32,89.10,住家用,鋼筋混凝土造,76年6月8日,五層,
RPXNMLMKJIOFFCD58CC,32,20.18,共有部分,鋼筋混凝土造,76年6月8日,五層,
RPRNMLMKJIOFFFD28CC,2,149.83,見其他登記事項,見其他登記事項,107年3月20日,一層,
RPOOMLMKJIOFFCD77CC,26,55.39,住家用,鋼筋混凝土造,82年6月9日,十六層,
RPOOMLMKJIOFFCD77CC,26,10.62,共有部分,鋼筋混凝土造,82年6月9日,十六層,
RPOOMLMKJIOFFCD77CC,26,7.32,共有部分,鋼筋混凝土造,82年6月9日,十六層,
RPWNMLNKJIOFFHD09CC,24,399.75,農舍,鋼骨造,85年1月4日,二層,
RPXNMLNKJIOFFKD86CC,19,37.81,住家用,鋼筋混凝土造,90年1月10日,十一層,
RPXNMLNKJIOFFKD86CC,19,8.74,共有部分,鋼筋混凝土造,90年1月10日,十一層,
RPXNMLNKJIOFFKD86CC,19,5.51,共有部分,鋼筋混凝土造,90年1月10日,十一層,
RPQOMLOKJIOFFKD98CC,23,34.45,住家用,鋼筋混凝土造,85年11月22日,十三層,
RPQOMLOKJIOFFKD98CC,23,9.55,共有部分,鋼筋混凝土造,85年11月22日,十三層,
RPXPMLNKJIOFFAD68CC,42,27.78,住家用,鋼筋混凝土造,66年12月2日,七層,
RPXPMLNKJIOFFAD68CC,42,6.15,共有部分,鋼筋混凝土造,66年12月2日,七層,
RPUPMLNKJIOFFAD38CC,19,86.44,集合住宅,鋼筋混凝土造,89年8月22日,十四層,
RPUPMLNKJIOFFAD38CC,19,23.93,共有部分,鋼筋混凝土造,89年8月22日,十四層,
RPWPMLNKJIOFFAD58CC,26,39.86,商業用,鋼筋混凝土造,82年11月19日,十五層,
RPWPMLNKJIOFFAD58CC,26,4.87,共有部分,鋼筋混凝土造,82年11月19日,十五層,
RPWPMLNKJIOFFAD58CC,26,14.49,共有部分,鋼筋混凝土造,82年11月19日,十五層,
RPRNMLMKJIOFFAD77CC,3,120.38,集合住宅,鋼筋混凝土構造,106年1月24日,二十三層,
RPRNMLMKJIOFFAD77CC,3,.84,店舖,鋼筋混凝土構造,106年1月24日,二十六層,
RPRNMLMKJIOFFAD77CC,3,.56,店舖,鋼筋混凝土構造,106年1月24日,二十六層,
RPRNMLMKJIOFFAD77CC,3,88.98,本共有部分之項目：防空避難室、停車空間、機房、樓梯間、機械房、水箱、門廳、梯間、管委會使用空間、水池、防災中心等。,鋼筋混凝土構造,106年1月24日,二十六層,
RPVPMLNKJIOFFAD48CC,27,81.11,住商用,鋼筋混凝土造,82年1月7日,六層,
RPVPMLNKJIOFFAD48CC,27,7.97,共有部分,鋼筋混凝土造,82年1月7日,六層,
RPVPMLNKJIOFFAD48CC,27,8.30,共有部分,鋼筋混凝土造,82年1月7日,六層,
RPTOMLOKJIOFFAD28CC,27,30.00,住商用,鋼筋混凝土造,81年7月16日,五層,
RPROMLOKJIOFFAD08CC,24,61.27,住家用,鋼筋混凝土造,84年7月29日,十七層,
RPROMLOKJIOFFAD08CC,24,16.32,共有部分,鋼筋混凝土造,84年7月29日,十七層,
RPTNMLPKJIOFFAD28CC,25,34.86,住家用,鋼筋混凝土造,84年3月13日,三層,
RPTNMLPKJIOFFAD28CC,25,4.43,共有部分,鋼筋混凝土造,84年3月13日,三層,
RPRNMLOKJIOFFID78CC,22,218.83,住家用,鋼筋混凝土造,87年4月14日,四層,
RPORMLOKJIOFFCD28CC,37,120.76,住商用,鋼筋混凝土造,71年5月11日,五層,
RPOOMLPKJIOFFCD08CC,25,192.68,住家用,鋼筋混凝土造,84年3月22日,十二層,
RPOOMLPKJIOFFCD08CC,25,54.27,共有部分,鋼筋混凝土造,84年3月22日,十二層,
RPOOMLPKJIOFFCD08CC,25,45.02,共有部分,鋼筋混凝土造,84年3月22日,十二層,
RPQOMLOKJIOFFCD18CC,29,28.30,住家用,鋼筋混凝土造,79年10月17日,七層,
RPQOMLOKJIOFFCD18CC,29,7.43,共有部分,鋼筋混凝土造,79年10月17日,七層,
RPQOMLOKJIOFFCD18CC,29,3.70,共有部分,鋼筋混凝土造,79年10月17日,七層,
RPUOMLMKJIOFFCD38CC,24,23.22,住家用,鋼筋混凝土造,84年11月6日,二十層,
RPUOMLMKJIOFFCD38CC,24,4.89,共有部分,鋼筋混凝土造,84年11月6日,二十層,
RPUOMLMKJIOFFCD38CC,24,6.22,共有部分,鋼筋混凝土造,84年11月6日,二十層,
RPOOMLOKJIOFFCD97CC,38,76.31,住家用,鋼筋混凝土造,70年12月22日,五層,
RPOOMLOKJIOFFCD97CC,38,18.07,共有部分,鋼筋混凝土造,70年12月22日,五層,
RPUNMLPKJIOFFID56CC,27,163.37,棧房,鋼鐵造（有牆）,81年8月22日,一層,
RPOOMLNKJIOFFCD87CC,31,282.70,住商用,鋼鐵造,77年11月16日,二層,
RPTNMLSKJIOFFHD66CC,38,156.15,住家用,鐵骨有壁,70年7月27日,一層,
RPQOMLPKJIOFFHD78CC,2,205.83,住商用,鋼筋混凝土造,107年2月9日,四層,
RPPNMLSKJIOFFCD38CC,12,250.04,店舖、住宅、停車空間,鋼筋混凝土造,97年2月14日,五層,
RPVNMLSKJIOFFHD86CC,38,156.15,住家用,鐵骨有壁,70年7月27日,一層,
RPQNMLPKJIOFFBD08CC,24,202.77,住家用,鋼筋混凝土造,84年10月26日,四層,
RPTOMLSKJIOFFCD88CC,47,109.92,住家用,加強磚造,62年5月1日,二層,
RPPNMLQKJIOFFBD08CC,1,88.93,集合住宅,鋼筋混凝土造,108年3月18日,五層,
RPUOMLSKJIOFFCD98CC,32,81.87,住家用,鋼筋混凝土造,77年4月6日,五層,
RPUOMLSKJIOFFCD98CC,32,9.41,共有部分,鋼筋混凝土造,77年4月6日,五層,
RPXOMLTKJIOFFCD76CC,31,57.03,住商用,鋼筋混凝土造,77年8月2日,二層,
RPQOMLTKJIOFFAD48CC,40,37.20,住家用,鋼筋混凝土造,68年12月21日,三層,
RPVNMLPKJIOFFAD48CC,37,49.58,住商用,鋼筋混凝土造,71年9月10日,八層,
RPWNMLTKJIOFFAD98CC,51,217.77,住商用,加強磚造,58年4月4日,二層,
RPVNMLPKJIOFFAD48CC,37,56.33,避難室,鋼筋混凝土造,71年9月10日,八層,
RPVNMLPKJIOFFAD48CC,37,39.96,共有部分,鋼筋混凝土造,71年9月10日,八層,
RPUNMLPKJIOFFAD38CC,25,46.82,住家用,鋼筋混凝土造,83年5月12日,十一層,
RPUNMLPKJIOFFAD38CC,25,3.47,共有部分,鋼筋混凝土造,83年5月12日,十一層,
RPUNMLPKJIOFFAD38CC,25,10.60,共有部分,鋼筋混凝土造,83年5月12日,十一層,
RPSOMLTKJIOFFAD68CC,20,188.26,住宅、停車空間,鋼筋混凝土造,89年3月3日,四層,
RPXOMLKLJIOFFCD58CC,40,62.64,住商用,鋼筋混凝土造,68年10月17日,三層,
RPOOMLKLJIOFFCD67CC,31,15.73,住商用,鋼筋混凝土造,77年8月2日,二層,
RPPOMLPKJIOFFKD98CC,39,141.78,住商用,鋼筋混凝土造,69年9月1日,三層,
RPRPMLKLJIOFFCD08CC,5,67.14,集合住宅,鋼筋混凝土造,103年10月16日,七層,
RPRPMLKLJIOFFCD08CC,5,54.30,共有部分項目有：門廊、門廳、管委會空間、公共服務空間、有頂蓋型廣場式開放空間、污物處理區、車道、停車空間、防空避難兼停車空間。,鋼筋混凝土造,103年10月16日,七層,
RPRPMLKLJIOFFCD08CC,5,8.29,共有部分項目有：電樓梯間。,鋼筋混凝土造,103年10月16日,七層,
RPPNMLSKJIOFFKD56CC,26,68.88,住家用,鋼筋混凝土造,82年12月22日,九層,
RPPNMLSKJIOFFKD56CC,26,22.89,共有部分,鋼筋混凝土造,82年12月22日,九層,
RPPOMLKLJIOFFCD77CC,6,160.89,集合住宅,鋼筋混凝土造,102年10月18日,三層,
RPPOMLKLJIOFFCD77CC,6,.22,本共有部分之項目有：管理維護空間等乙項。,鋼筋混凝土造,102年10月18日,一層,
RPTNMLKLJIOFFKD88CC,37,273.75,工業用,鐵造,71年10月14日,一層,
RPWNMLKLJIOFFKD56CC,37,57.33,住家用,鋼筋混凝土造,71年6月4日,五層,
RPWNMLKLJIOFFKD56CC,37,5.59,共有部分,鋼筋混凝土造,71年6月4日,五層,
RPWNMLKLJIOFFKD56CC,37,.00,共有部分,鋼筋混凝土造,71年6月4日,五層,
RPSPMLKLJIOFFCD18CC,13,221.12,店舖、住宅、停車空間,ＲＣ造,95年11月3日,四層,
RPQPMLKLJIOFFCD97CC,53,169.32,住家用,補強磚造,56年2月10日,一層,
RPSNMLKLJIOFFBD87CC,2,19.84,本共有部分之項目有管理員室等乙項,鋼筋混凝土造,107年1月3日,四層,
RPTPMLKLJIOFFKD09CC,20,31.13,住家用,鋼筋混凝土造,88年8月24日,十四層,
RPWNMLLLJIOFFBD38CC,6,142.18,集合住宅,鋼筋混凝土造,102年6月6日,四層,
RPUNMLKLJIOFFHD68CC,22,134.88,住家用,鋼筋混凝土造,86年8月25日,七層,
RPROMLKLJIOFFHD48CC,1,148.26,集合住宅,鋼筋混凝土造,108年1月23日,三層,
RPVNMLLLJIOFFBD28CC,6,50.60,集合住宅,鋼筋混凝土造,102年6月6日,四層,
RPPOMLLLJIOFFKD68CC,29,206.85,住家用,鋼筋混凝土造,80年1月18日,四層,
RPQNMLLLJIOFFCD87CC,38,104.90,住家用,鋼筋混凝土造,70年12月31日,五層,
RPQNMLLLJIOFFCD87CC,38,14.36,共有部分,鋼筋混凝土造,70年12月31日,五層,
RPROMLLLJIOFFKD88CC,9,44.05,住宅，停車空間,鋼筋混凝土造,99年12月30日,四層,
RPRPMLLLJIOFFAD08DC,25,290.45,自用倉庫,鋼造,84年1月9日,一層,
RPUNMLMLJIOFFKD56CC,24,21.25,住家用,鋼筋混凝土造,85年3月5日,六層,
RPUNMLMLJIOFFKD56CC,24,4.42,共有部分,鋼筋混凝土造,85年3月5日,六層,
RPUNMLMLJIOFFKD56CC,24,5.24,共有部分,鋼筋混凝土造,85年3月5日,六層,
RPQOMLMLJIOFFKD88CC,23,209.53,住家用,鋼筋混凝土造,85年10月30日,四層,
RPSOMLMLJIOFFKD09CC,27,127.18,住家用,鋼筋混凝土造,81年9月19日,二十層,
RPSOMLMLJIOFFKD09CC,27,15.73,共有部分,鋼筋混凝土造,81年9月19日,二十層,
RPSOMLMLJIOFFKD09CC,27,7.54,共有部分,鋼筋混凝土造,81年9月19日,二十層,
RPPNMLNLJIOFFKD78CC,19,47.60,住家用,鋼筋混凝土造,90年1月10日,十一層,
RPQNMLNLJIOFFKD88CC,7,106.54,集合住宅,鋼筋混凝土構造,101年8月17日,十九層,
RPQNMLNLJIOFFKD88CC,7,56.46,防空避難室兼停車空間，機電設備，社區文康室，社區運動室，梯廳，機械室，水箱,鋼筋混凝土構造,101年8月17日,十九層,
RPWNMLLLJIOFFCD48CC,28,63.79,住家用,鋼筋混凝土造,80年11月21日,六層,
RPWNMLLLJIOFFCD48CC,28,11.03,共有部分,鋼筋混凝土造,80年11月21日,六層,
RPRNMLLLJIOFFCD97CC,27,98.65,住家用,鋼筋混凝土造,81年12月22日,九層,
RPRNMLLLJIOFFCD97CC,27,17.24,共有部分,鋼筋混凝土造,81年12月22日,九層,
RPRNMLPLJIOFFCD38CC,40,84.09,住商用,鋼筋混凝土造,68年11月14日,三層,
RPOPMLPLJIOFFCD28CC,9,26.45,宿舍、停車空間,鋼筋混凝土造,99年9月15日,三層,
RPQNMLPLJIOFFCD28CC,40,78.50,住商用,鋼筋混凝土造,68年11月14日,三層,
RPROMLPLJIOFFKD66CC,16,213.44,住商用,鋼筋混凝土造,92年6月16日,四層,
RPWNMLPLJIOFFHD76CC,1,32.66,住宅、停車空間,鋼筋混凝土造,107年6月28日,四層,
RPXNMLPLJIOFFHD86CC,1,134.61,住宅、停車空間,鋼筋混凝土造,107年6月28日,三層,
RPRQMLLLJIOFFAD08CC,16,261.15,住家用,鋼筋混凝土造,92年8月19日,三層,
RPRQMLLLJIOFFAD08CC,16,18.31,共有部分,鋼筋混凝土造,92年8月19日,三層,
RPXOMLTKJIOFFAD56CC,12,109.43,集合住宅,鋼筋混凝土構造,96年8月24日,十四層,
RPXOMLTKJIOFFAD56CC,12,23.07,共有部分,鋼筋混凝土構造,96年8月24日,十四層,
RPXOMLTKJIOFFAD56CC,12,20.09,共有部分,鋼筋混凝土構造,96年8月24日,十四層,
RPTNMLMLJIOFFAD08CC,1,85.83,集合住宅,鋼筋混凝土構造,107年9月21日,二十九層,
RPTNMLMLJIOFFAD08CC,1,62.11,本共有部分之項目有門廊、門廳、垃圾暫存空間、防災中心、管委會使用空間、樓梯間、車道、出入口緩衝空間、外廊、機械室、水箱、停車空間、防空避難室兼停車空間,鋼筋混凝土構造,107年9月21日,二十九層,
RPPPMLTKJIOFFAD48CC,11,57.06,集合住宅,鋼筋混凝土造,97年12月19日,十四層,
RPPPMLTKJIOFFAD48CC,11,10.62,共有部分,鋼筋混凝土造,97年12月19日,十四層,
RPPPMLTKJIOFFAD48CC,11,11.11,共有部分,鋼筋混凝土造,97年12月19日,十四層,
RPQPMLLLJIOFFAD87CC,2,46.68,住宅、停車空間,鋼筋混凝土構造,107年3月29日,四層,
RPUNMLMLJIOFFAD18CC,5,306.99,集合住宅,鋼筋混凝土構造,104年2月24日,二十六層,
RPUNMLMLJIOFFAD18CC,5,112.51,本共有部分之項目有門廊、車道、管理委員會、樓梯間、中繼水箱、停車空間、防空避難室、水箱、機械室。,鋼筋混凝土構造,104年2月24日,二十六層,
RPUNMLMLJIOFFAD18CC,5,39.14,有樓梯間、陽台,鋼筋混凝土構造,104年2月24日,二十六層,
RPQPMLTKJIOFFAD58CC,12,24.00,集合住宅,鋼筋混凝土構造,96年8月24日,十四層,
RPQPMLTKJIOFFAD58CC,12,3.21,共有部分,鋼筋混凝土構造,96年8月24日,十四層,
RPQPMLTKJIOFFAD58CC,12,6.16,共有部分,鋼筋混凝土構造,96年8月24日,十四層,
RPUNMLQLJIOFFAD58CC,13,26.69,集合住宅,ＲＣ造,95年7月13日,十一層,
RPUNMLQLJIOFFAD58CC,13,4.30,共有部分,ＲＣ造,95年7月13日,十一層,
RPUNMLQLJIOFFAD58CC,13,7.12,共有部分,ＲＣ造,95年7月13日,十一層,
RPUNMLQLJIOFFAD58CC,13,.01,共有部分,ＲＣ造,95年7月13日,十一層,
RPSOMLQLJIOFFCD68CC,40,22.60,住商用,鋼筋混凝土造,68年8月20日,二層,
RPRNMLQLJIOFFKD66CC,23,16.99,住家用,鋼筋混凝土造,85年10月28日,八層,
RPRNMLQLJIOFFKD66CC,23,1.20,共有部分,鋼筋混凝土造,85年10月28日,八層,
RPRNMLQLJIOFFKD66CC,23,4.80,共有部分,鋼筋混凝土造,85年10月28日,八層,
RPUNMLQLJIOFFKD96CC,24,89.49,住家用,鋼筋混凝土造,85年1月29日,十六層,
RPUNMLQLJIOFFKD96CC,24,11.81,共有部分,鋼筋混凝土造,85年1月29日,十七層,
RPUNMLQLJIOFFKD96CC,24,4.82,共有部分,鋼筋混凝土造,85年1月29日,十六層,
RPSNMLRLJIOFFCD68CC,44,118.80,住商用,鋼筋混凝土造,64年9月12日,四層,
RPPNMLQLJIOFFKD09CC,1,60.79,住家用,鋼筋混凝土構造,108年1月22日,五層,
RPPNMLQLJIOFFKD09CC,1,24.97,共有部份之項目有：停車空間、樓電梯間、管理維護使用空間、樓梯間、昇降機機械室等５項,鋼筋混凝土構造,108年1月22日,五層,
RPPNMLQLJIOFFKD09CC,1,11.94,共有部份之項目有：第２～５層樓電梯間、梯廳部份等２項,鋼筋混凝土構造,108年1月22日,五層,
RPTNMLRLJIOFFCD78CC,34,242.08,店住，避難室,鋼筋混凝土造,75年2月22日,五層,
RPQOMLRLJIOFFCD58CC,23,92.43,住家用,鋼筋混凝土造,85年10月4日,十五層,
RPQOMLRLJIOFFCD58CC,23,2.76,共有部分,鋼筋混凝土造,85年10月4日,十五層,
RPQOMLRLJIOFFCD58CC,23,13.77,共有部分,鋼筋混凝土造,85年10月4日,十五層,
RPXOMLRLJIOFFAD09CC,28,17.21,住家用,鋼筋混凝土造,80年6月27日,七層,
RPXOMLRLJIOFFAD09CC,28,1.01,住家用,鋼筋混凝土造,80年6月27日,七層,
RPXOMLRLJIOFFAD09CC,28,5.59,共有部分,鋼筋混凝土造,80年6月27日,七層,
RPOOMLRLJIOFFAD18CC,25,111.22,住家用,鋼筋混凝土造,83年10月11日,十七層,
RPOOMLRLJIOFFAD18CC,25,5.21,住家用,鋼筋混凝土造,83年10月11日,十七層,
RPOOMLRLJIOFFAD18CC,25,40.14,共有部分,鋼筋混凝土造,83年10月11日,十七層,
RPOOMLRLJIOFFAD18CC,25,17.22,共有部分,鋼筋混凝土造,83年10月11日,十七層,
RPSOMLRLJIOFFAD58CC,29,57.12,住商用,鋼筋混凝土造,79年12月28日,六層,
RPSOMLRLJIOFFAD58CC,29,22.07,共有部分,鋼筋混凝土造,79年12月28日,六層,
RPVOMLRLJIOFFAD88CC,3,84.93,集合住宅,鋼筋混凝土構造,106年1月24日,二十層,
RPVOMLRLJIOFFAD88CC,3,67.67,本共有部分之項目：防空避難室、停車空間、機房、樓梯間、機械房、水箱、門廳、梯間、管委會使用空間、水池、防災中心等。,鋼筋混凝土構造,106年1月24日,二十六層,
RPUOMLRLJIOFFAD78CC,39,264.38,住商用,加強磚造,69年5月29日,二層,
RPXNMLRLJIOFFAD98CC,27,37.19,住商用,鋼筋混凝土造,82年1月7日,六層,
RPXNMLRLJIOFFAD98CC,27,43.14,住商用,鋼筋混凝土造,82年1月7日,六層,
RPXNMLRLJIOFFAD98CC,27,5.68,住商用,鋼筋混凝土造,82年1月7日,六層,
RPXNMLRLJIOFFAD98CC,27,25.72,共有部分,鋼筋混凝土造,82年1月7日,六層,
RPXNMLRLJIOFFAD98CC,27,8.07,共有部分,鋼筋混凝土造,82年1月7日,六層,
RPXNMLRLJIOFFAD98CC,27,5.22,住商用,鋼筋混凝土造,82年1月7日,六層,
RPQOMLQLJIOFFAD28CC,30,198.02,住商用,鋼造,79年2月10日,二層,
RPPOMLRLJIOFFAD28CC,25,141.85,住商用,鋼筋混凝土造,84年1月5日,三層,
RPVNMLQLJIOFFAD68CC,15,111.76,集合住宅,鋼筋混凝土造,93年8月18日,十層,
RPVNMLQLJIOFFAD68CC,15,18.21,共有部分,鋼筋混凝土造,93年8月18日,十層,
RPVNMLQLJIOFFAD68CC,15,13.63,共有部分,鋼筋混凝土造,93年8月18日,十層,
RPPNMLRLJIOFFID98CC,,85.92,住家用,加強磚造,,二層,
RPQOMLRLJIOFFKD76CC,36,47.45,門廊，店舖，住宅,鋼筋混凝土造,72年9月29日,三層,
RPQOMLRLJIOFFKD76CC,36,47.19,門廊，店舖，住宅,鋼筋混凝土造,72年9月29日,三層,
RPQOMLRLJIOFFKD76CC,36,47.19,門廊，店舖，住宅,鋼筋混凝土造,72年9月29日,三層,
RPQOMLRLJIOFFKD76CC,36,6.35,門廊，店舖，住宅,鋼筋混凝土造,72年9月29日,三層,
RPQOMLRLJIOFFKD76CC,36,12.21,門廊，店舖，住宅,鋼筋混凝土造,72年9月29日,三層,
RPSOMLRLJIOFFKD96CC,25,78.60,辦公室。,鋼筋混凝土造,83年5月24日,十二層,
RPSOMLRLJIOFFKD96CC,25,66.42,辦公室。,鋼筋混凝土造,83年5月24日,十二層,
RPSOMLRLJIOFFKD96CC,25,78.90,辦公室。,鋼筋混凝土造,83年5月24日,十二層,
RPSOMLRLJIOFFKD96CC,25,56.94,共有部分,鋼筋混凝土造,83年5月24日,十二層,
RPSOMLRLJIOFFKD96CC,25,41.77,共有部分,鋼筋混凝土造,83年5月24日,十二層,
RPTNMLRLJIOFFBD68CC,40,106.66,住商用,加強磚造,68年6月1日,二層,
RPSNMLSLJIOFFHD66CC,2,185.21,住商用,鋼筋混凝土造,106年10月2日,四層,
RPRNMLSLJIOFFFD98CC,23,421.54,農舍,鋼筋混凝土造,86年5月23日,三層,
RPPPMLSLJIOFFKD86CC,39,97.81,住家用,加強磚造,69年11月11日,二層,
RPTOMLSLJIOFFAD78CC,5,152.52,店舖,鋼筋混凝土構造,104年4月28日,一層,
RPSNMLRLJIOFFHD56CC,3,60.12,集合住宅,鋼筋混凝土造,105年11月18日,十一層,
RPSNMLRLJIOFFHD56CC,3,35.50,公共空間，防空避難室兼停車空間，樓梯間,鋼筋混凝土造,105年11月18日,十一層,
RPQNMLSLJIOFFDD68CC,26,117.89,住家用,鋼筋混凝土造,82年10月19日,七層,
RPSNMLRLJIOFFBD58CC,7,265.13,住家用,鋼筋混凝土造,101年8月9日,三層,
RPUOMLSLJIOFFCD09CC,50,69.02,住家用,加強磚造,58年6月5日,二層,
RPOPMLSLJIOFFCD58CC,48,65.74,住家用,加強磚造,60年12月1日,二層,
RPRNMLKMJIOFFKD78CC,33,171.99,住家用,鋼筋混凝土造,76年2月18日,二層,
RPUOMLPLJIOFFGD56CC,1,57.24,集合住宅,鋼筋混凝土造,107年11月6日,六層,
RPUOMLPLJIOFFGD56CC,1,36.56,本共有部分之項目有：停車空間兼防空避難室、走廊、警衛室、安全梯、樓梯間、梯廳、管道間、昇降機、機械室、水箱、門廊（管委使用空間）、廁所、通氣管道、垃圾暫存區、門廳共１５項,鋼筋混凝土造,107年11月6日,六層,
RPUNMLTLJIOFFAD88CC,4,58.47,集合住宅,鋼筋混凝土構造,104年11月5日,二十四層,
RPUNMLTLJIOFFAD88CC,4,24.72,本共有部分之項目：有樓梯間、門廊、門廳、管委會使用空間、防災中心、停車空間、防空避難室、車道、游泳池、機房自來水池等項,鋼筋混凝土構造,104年11月5日,二十四層,
RPVNMLTLJIOFFAD98CC,63,9.77,商業用,木造,46年1月1日,一層,
RPXOMLSLJIOFFAD56CC,22,96.58,集合住宅,鋼筋混凝土造,87年1月5日,二十六層,
RPXOMLSLJIOFFAD56CC,22,5.27,共有部分,鋼筋混凝土造,87年1月5日,二十六層,
RPXOMLSLJIOFFAD56CC,22,19.72,共有部分,鋼筋混凝土造,87年1月5日,二十六層,
RPWNMLMJKIOFFHD98CC,6,219.64,住商用,鋼筋混凝土造,102年7月8日,四層,
RPRNMLMJKIOFFED18CC,26,166.18,住家用,鋼筋混凝土造,82年10月7日,四層,
RPOOMLMJKIOFFHD28CC,6,65.69,住家用,鋼筋混凝土造,103年5月20日,十五層,
RPSNMLNJKIOFFKD98CC,25,90.18,住家用,鋼筋混凝土造,83年9月10日,七層,
RPSNMLNJKIOFFKD98CC,,47.45,共有部分,鋼筋混凝土造,,七層,
RPTNMLNJKIOFFKD09CC,3,60.61,本共有部分之項目有防空避難室兼停車空間，門廳，門廊，管理委員會使用空間，防災中心，車道，梯間，設備空間，樓梯間，機械房，水箱等１１項,鋼筋混凝土構造,105年10月26日,二十三層,
RPTNMLNJKIOFFKD09CC,3,59.14,住家用,鋼筋混凝土構造,105年10月26日,二十三層,
RPVNMLNJKIOFFKD66CC,26,65.44,住家用,鋼筋混凝土造,82年12月30日,七層,
RPUNMLNJKIOFFKD56CC,1,60.40,住家用,鋼筋混凝土構造,108年1月22日,五層,
RPUNMLNJKIOFFKD56CC,1,24.84,共有部份之項目有：停車空間、樓電梯間、管理維護使用空間、樓梯間、昇降機機械室等５項,鋼筋混凝土構造,108年1月22日,五層,
RPUNMLNJKIOFFKD56CC,1,11.77,共有部份之項目有：第２～５層樓電梯間、梯廳部份等２項,鋼筋混凝土構造,108年1月22日,五層,
RPQOMLNJKIOFFKD88CC,21,41.77,一般事務所。,鋼筋混凝土造,87年10月26日,十一層,
RPQOMLNJKIOFFKD88CC,21,5.54,共有部分,鋼筋混凝土造,87年10月26日,十一層,
RPQOMLNJKIOFFKD88CC,21,13.40,共有部分,鋼筋混凝土造,87年10月26日,十一層,
RPRPMLNJKIOFFAD08CC,41,72.81,住家用,鋼筋混凝土造,68年3月19日,四層,
RPRPMLNJKIOFFAD08CC,41,6.60,共有部分,鋼筋混凝土造,68年3月19日,四層,
RPRPMLNJKIOFFAD08CC,41,3.80,共有部分,鋼筋混凝土造,68年3月19日,四層,
RPSPMLNJKIOFFAD18CC,24,23.54,住家用,鋼筋混凝土造,84年8月19日,十六層,
RPSPMLNJKIOFFAD18CC,24,21.26,共有部分,鋼筋混凝土造,84年8月19日,十六層,
RPSPMLNJKIOFFAD18CC,24,4.83,共有部分,鋼筋混凝土造,84年8月19日,十六層,
RPTPMLOJKIOFFAD38CC,21,60.96,集合住宅,鋼筋混凝土造,88年1月13日,十三層,
RPTPMLOJKIOFFAD38CC,21,7.96,共有部分,鋼筋混凝土造,88年1月13日,十三層,
RPTPMLOJKIOFFAD38CC,21,8.83,共有部分,鋼筋混凝土造,88年1月13日,十三層,
RPQPMLOJKIOFFKD09CC,24,57.21,住家用,鋼筋混凝土造,85年4月26日,六層,
RPQPMLOJKIOFFKD09CC,24,5.28,共有部分,鋼筋混凝土造,85年4月26日,六層,
RPQPMLOJKIOFFKD09CC,24,18.75,共有部分,鋼筋混凝土造,85年4月26日,六層,
RPXPMLOJKIOFFKD17CC,26,145.30,住家用,鋼筋混凝土造,83年3月22日,十一層,
RPXPMLOJKIOFFKD17CC,26,48.99,共有部分,鋼筋混凝土造,83年3月22日,十一層,
RPXPMLOJKIOFFKD17CC,26,8.27,共有部分,鋼筋混凝土造,83年3月22日,十一層,
RPQQMLOJKIOFFKD56CC,2,57.94,住家用,鋼筋混凝土構造,106年11月14日,十六層,
RPQQMLOJKIOFFKD56CC,2,29.60,本共有部分之項目計有防空避難室，停車空間，機房，梯廳，梯間，防災中心，管理員室，公共服務空間，管委會使用空間，儲藏室等１０項,鋼筋混凝土構造,106年11月14日,十六層,
RPSNMLOJKIOFFHD78CC,26,99.13,住家用,鋼筋混凝土造,82年8月23日,六層,
RPPOMLPJKIOFFKD98CC,46,80.08,住家用,加強磚造,63年1月1日,二層,
RPOOMLPJKIOFFCD08CC,33,140.71,住家用,鋼筋混凝土造,75年7月9日,二層,
RPPRMLSLJIOFFCD88CC,24,194.82,住家用,鋼筋混凝土造,84年11月6日,二十層,
RPPRMLSLJIOFFCD88CC,24,13.54,共有部分,鋼筋混凝土造,84年11月6日,二十層,
RPPRMLSLJIOFFCD88CC,24,16.99,共有部分,鋼筋混凝土造,84年11月6日,二十層,
RPXOMLOJKIOFFCD88CC,13,62.30,住家用,ＲＣ造,95年11月22日,十三層,
RPXOMLOJKIOFFCD88CC,13,8.80,共有部分,ＲＣ造,95年11月22日,十三層,
RPXOMLOJKIOFFCD88CC,13,33.89,共有部分,ＲＣ造,95年11月22日,十三層,
RPSOMLNJKIOFFCD28CC,26,100.79,住商用,鋼筋混凝土造,83年3月30日,六層,
RPSOMLNJKIOFFCD28CC,26,45.50,共有部分,鋼筋混凝土造,83年3月30日,六層,
RPQPMLNJKIOFFCD18CC,3,202.94,集合住宅,鋼筋混凝土造,106年5月31日,十四層,
RPQNMLTLJIOFFCD68CC,33,97.94,住家用,鋼筋混凝土造,75年6月10日,五層,
RPQNMLTLJIOFFCD68CC,33,19.19,共有部分,鋼筋混凝土造,75年6月10日,五層,
RPXPMLSLJIOFFCD86CC,26,130.39,商業用,鋼筋混凝土造,82年12月16日,十二層,
RPXPMLSLJIOFFCD86CC,26,24.95,共有部分,鋼筋混凝土造,82年12月16日,十二層,
RPXPMLSLJIOFFCD86CC,26,31.81,共有部分,鋼筋混凝土造,82年12月16日,十二層,
RPRNMLMJKIOFFCD97CC,19,148.76,辦公室、補習班、集合住宅,鋼筋混凝土造,89年9月15日,七層,
RPRNMLMJKIOFFCD97CC,19,64.61,共有部分,鋼筋混凝土造,89年9月15日,七層,
RPRNMLMJKIOFFCD97CC,19,7.92,共有部分,鋼筋混凝土造,89年9月15日,七層,
RPSNMLPJKIOFFAD18CC,46,94.87,住家用,加強磚造,62年10月20日,二層,
RPPNMLRJKIOFFDD38CC,,94.61,店舖、地下層、旅社,鋼筋混凝土造,,十層,
RPVNMLTJKIOFFCD09CC,22,88.57,住家用,鋼筋混凝土造,87年1月12日,七層,
RPVNMLTJKIOFFCD09CC,22,25.99,共有部分,鋼筋混凝土造,87年1月12日,七層,
RPSQMLTJKIOFFCD09CC,38,80.52,住家用,鋼筋混凝土造,70年9月22日,五層,
RPSQMLTJKIOFFCD09CC,38,12.98,共有部分,鋼筋混凝土造,70年9月22日,五層,
RPWOMLKKKIOFFCD48CC,28,49.79,住家用,鋼筋混凝土造,80年11月21日,六層,
RPWOMLKKKIOFFCD48CC,28,10.29,共有部分,鋼筋混凝土造,80年11月21日,六層,
RPUOMLKKKIOFFAD08CC,6,93.12,集合住宅,鋼筋混凝土構造,102年11月25日,十四層,
RPUOMLKKKIOFFAD08CC,6,54.67,集合住宅,鋼筋混凝土構造,102年11月25日,十四層,
RPUOMLKKKIOFFAD08CC,6,21.19,集合住宅,鋼筋混凝土構造,102年11月25日,十四層,
RPSOMLKKKIOFFAD87CC,39,87.85,住家用,鋼筋混凝土造,69年6月14日,五層,
RPSOMLKKKIOFFAD87CC,39,18.27,共有部分,鋼筋混凝土造,69年6月14日,五層,
RPSQMLQJKIOFFAD58CC,28,136.27,店舖　停車空間,鋼筋混凝土造,80年7月29日,七層,
RPSQMLQJKIOFFAD58CC,28,86.00,共有部分,鋼筋混凝土造,80年7月29日,七層,
RPSOMLTJKIOFFAD68CC,43,73.50,住家用,加強磚造,65年8月19日,二層,
RPSPMLQJKIOFFAD48CC,4,86.68,集合住宅,鋼筋混凝土構造,104年11月5日,二十四層,
RPSPMLQJKIOFFAD48CC,4,69.33,本共有部分之項目：有樓梯間、門廊、門廳、管委會使用空間、防災中心、停車空間、防空避難室、車道、游泳池、機房自來水池等項,鋼筋混凝土構造,104年11月5日,二十四層,
RPVNMLKKKIOFFBD18CC,6,28.10,住家用,鋼筋混凝土造,102年12月9日,三層,
RPRNMLKKKIOFFGD28CC,2,196.43,住家用,鋼筋混凝土造,106年6月29日,四層,
RPTNMLKKKIOFFHD68DC,1,146.59,集合住宅、停車空間,鋼筋混凝土造,107年9月27日,四層,
RPUNMLLKKIOFFAD08CC,16,109.74,集合住宅,鋼筋混凝土造,92年9月16日,十四層,
RPUNMLLKKIOFFAD08CC,16,38.28,管理室等,鋼筋混凝土造,92年9月16日,十四層,
RPUNMLLKKIOFFAD08CC,16,20.82,公共設施,鋼筋混凝土造,92年9月16日,十四層,
RPOOMLLKKIOFFCD77CC,35,36.03,住商用,鋼筋混凝土造,73年9月3日,四層,
RPQOMLLKKIOFFCD97CC,1,50.21,集合住宅,鋼筋混凝土構造,108年2月26日,七層,
RPQOMLLKKIOFFCD97CC,1,23.23,本共有部分之項目有：防空避難室兼停車空間、停車空間、管理維護空間、電信室、安全梯、樓梯間、梯廳、昇降機、機械室、水箱共１０項。,鋼筋混凝土構造,108年2月26日,七層,
RPTOMLLKKIOFFCD28CC,33,99.50,住家用,鋼筋混凝土造,75年8月14日,二層,
RPRNMLKKKIOFFDD97CC,41,84.86,住商用,加強磚造,67年8月4日,二層,
RPUOMLLKKIOFFCD38CC,12,37.63,住家用,鋼筋混凝土造,96年11月6日,七層,
RPUOMLLKKIOFFCD38CC,12,27.06,防空避難室兼停車空間、管理委員會使用空間,鋼筋混凝土造,96年11月6日,七層,
RPUOMLLKKIOFFCD38CC,12,8.83,共有部分,鋼筋混凝土造,96年11月6日,七層,
RPTOMLMKKIOFFCD38CC,15,218.95,住宅、停車空間,ＲＣ造,93年10月18日,五層,
RPPOMLMKKIOFFAD77CC,16,1961.51,店舖、辦公室,鋼骨造,93年5月7日,02,
RPQOMLMKKIOFFAD87CC,26,60.78,住家用,加強磚造,83年2月22日,二層,
RPROMLMKKIOFFAD97CC,27,266.70,住商用,鋼筋混凝土造,81年8月4日,四層,
RPOPMLMKKIOFFAD77CC,41,43.60,住商用,鋼筋混凝土造,67年10月26日,十二層,
RPOPMLMKKIOFFAD77CC,41,73.40,共有部分,鋼筋混凝土造,67年10月26日,十二層,
RPSPMLLKKIOFFKD09CC,22,27.71,住家用,鋼筋混凝土造,86年10月15日,八層,
RPSPMLLKKIOFFKD09CC,22,11.87,共有部分,鋼筋混凝土造,86年10月15日,八層,
RPPOMLKKKIOFFKD58CC,23,26.69,住家用,鋼筋混凝土造,86年1月28日,十九層,
RPPOMLKKKIOFFKD58CC,23,3.30,共有部分,鋼筋混凝土造,86年1月28日,十九層,
RPPOMLKKKIOFFKD58CC,23,5.05,共有部分,鋼筋混凝土造,86年1月28日,十九層,
RPRNMLQJKIOFFKD56CC,7,197.01,店舖，住宅,鋼筋混凝土構造,101年6月5日,四層,
RPRPMLLKKIOFFKD98CC,22,49.81,住家用,鋼筋混凝土造,86年9月26日,十一層,
RPRPMLLKKIOFFKD98CC,22,13.33,共有部分,鋼筋混凝土造,86年9月26日,十一層,
RPRPMLLKKIOFFKD98CC,22,5.19,共有部分,鋼筋混凝土造,86年9月26日,十一層,
RPXNMLTJKIOFFKD47CC,14,62.42,住家用,鋼筋混凝土造,95年1月26日,六層,
RPXNMLTJKIOFFKD47CC,14,16.51,共有部分,鋼筋混凝土造,95年1月26日,六層,
RPXNMLTJKIOFFKD47CC,14,14.00,共有部分,鋼筋混凝土造,95年1月26日,六層,
RPROMLKKKIOFFKD78CC,25,77.72,住商用,鋼筋混凝土造,84年5月23日,十六層,
RPROMLKKKIOFFKD78CC,25,6.18,共有部分,鋼筋混凝土造,84年5月23日,十六層,
RPTNMLMKKIOFFGD78DC,1,47.26,見其他登記事項,鋼筋混凝土造,108年5月13日,四層,
RPPNMLOKKIOFFID68CC,27,108.31,住商用,鋼筋混凝土造,82年5月6日,八層,
RPTNMLMKKIOFFKD09CC,12,217.48,住商用,鋼筋混凝土造,96年11月22日,四層,
RPVNMLMKKIOFFGD98DC,1,70.89,見其他登記事項,鋼筋混凝土造,108年5月13日,四層,
RPTNMLNKKIOFFID98CC,40,137.28,住商用,加強磚造,68年8月28日,三層,
RPVNMLNKKIOFFCD58CC,38,114.79,集合住宅,鋼筋混凝土造,70年11月24日,五層,
RPVNMLNKKIOFFCD58CC,38,10.55,共有部分,鋼筋混凝土造,70年11月26日,五層,
RPXNMLQKKIOFFID07CC,29,177.65,住家用,鋼筋混凝土造,79年11月26日,四層,
RPXNMLNKKIOFFCD78CC,21,91.90,住家用,鋼筋混凝土造,88年3月5日,六層,
RPXNMLNKKIOFFCD78CC,21,24.03,共有部分,鋼筋混凝土造,88年3月5日,六層,
RPXNMLNKKIOFFCD78CC,21,11.86,共有部分,鋼筋混凝土造,88年3月5日,六層,
RPUOMLQKKIOFFBD78CC,2,104.78,商業用,鋼骨構造有牆,106年9月7日,一層,
RPOOMLQKKIOFFHD78CC,33,117.46,住家用,加強磚造,76年5月26日,二層,
RPUNMLQKKIOFFHD66CC,13,311.97,住宅，停車空間，店舖，梯間,鋼筋混凝土造,96年3月7日,四層,
RPSNMLQKKIOFFHD09CC,1,32.66,住宅、停車空間,鋼筋混凝土造,107年6月28日,四層,
RPUNMLQKKIOFFDD88CC,32,162.41,住家用,加強磚造,77年2月12日,二層,
RPROMLQKKIOFFKD76CC,39,67.27,住家用,鋼筋混凝土造,69年7月4日,四層,
RPROMLQKKIOFFKD76CC,39,5.89,共有部分,鋼筋混凝土造,69年7月4日,,
RPXOMLQKKIOFFKD37CC,2,86.42,店舖,鋼筋混凝土構造,106年6月23日,十五層,
RPXNMLQKKIOFFCD09CC,24,69.21,住家用,鋼筋混凝土造,84年11月28日,九層,
RPXNMLQKKIOFFCD09CC,24,23.04,共有部分,鋼筋混凝土造,84年11月28日,九層,
RPVPMLQKKIOFFCD09CC,32,189.38,住商用,鋼筋混凝土造,77年3月1日,四層,
RPWPMLQKKIOFFCD56CC,39,89.86,住商用,鋼筋混凝土造,69年7月23日,四層,
RPSOMLQKKIOFFCD68CC,24,109.10,住家用,鋼筋混凝土造,84年11月6日,二十層,
RPSOMLQKKIOFFCD68CC,24,16.34,共有部分,鋼筋混凝土造,84年11月6日,二十層,
RPSOMLQKKIOFFCD68CC,24,46.44,共有部分,鋼筋混凝土造,84年11月6日,二十層,
RPPPMLQKKIOFFCD48CC,21,332.91,住宅　機械室　儲藏室,鋼筋混凝土造,87年8月15日,四層,
RPROMLQKKIOFFCD58CC,24,109.10,住家用,鋼筋混凝土造,84年11月6日,二十層,
RPROMLQKKIOFFCD58CC,24,16.34,共有部分,鋼筋混凝土造,84年11月6日,二十層,
RPROMLQKKIOFFCD58CC,24,46.44,共有部分,鋼筋混凝土造,84年11月6日,二十層,
RPWPMLRKKIOFFCD66CC,12,179.42,停車空間、店舖、住宅,鋼筋混凝土造,96年6月26日,五層,
RPUOMLQKKIOFFAD68CC,54,487.99,住商用,加強磚造,55年3月10日,四層,
RPTPMLRKKIOFFAD78CC,38,49.98,住家用,鋼筋混凝土造,70年8月28日,五層,
RPTPMLRKKIOFFAD78CC,38,9.27,共有部分,鋼筋混凝土造,70年8月28日,五層,
RPUPMLMKKIOFFAD38CC,24,101.16,住家用,鋼筋混凝土造,84年5月30日,二十四層,
RPUPMLMKKIOFFAD38CC,24,23.84,共有部分,鋼筋混凝土造,84年5月30日,二十四層,
RPPPMLRKKIOFFAD38CC,57,82.18,住家用,加強磚造,52年2月11日,二層,
RPWNMLQKKIOFFAD78CC,36,125.86,住家用,鋼筋混凝土造,72年11月30日,五層,
RPWNMLQKKIOFFAD78CC,36,20.48,共有部分,鋼筋混凝土造,72年11月30日,五層,
RPPPMLMKKIOFFAD87CC,18,88.71,住商用,鋼筋混凝土、鋼骨造,90年6月12日,四層,
RPXPMLQKKIOFFAD09CC,6,62.54,集合住宅,鋼筋混凝土構造,102年12月25日,十四層,
RPXPMLQKKIOFFAD09CC,6,47.36,本共有部分之項目有門廳、守衛室、停車空間、防空避難室、管理維護空間。,鋼筋混凝土構造,102年11月25日,十四層,
RPXPMLQKKIOFFAD09CC,6,13.79,本共有部分之項目有電樓梯間、電梯機房、水箱。,鋼筋混凝土構造,102年11月25日,十四層,
RPSPMLMKKIOFFAD18CC,43,73.50,住家用,加強磚造,65年8月19日,二層,
RPSNMLSKKIOFFBD68CC,4,250.07,住宅，停車空間,鋼筋混凝土造,104年11月2日,四層,
RPSNMLSKKIOFFBD68CC,4,.02,本共有部分之項目有管理維護空間等乙項,鋼筋混凝土造,104年11月2日,一層,
RPQOMLSKKIOFFBD58CC,15,221.70,停車空間、住宅,鋼筋混凝土造,93年10月12日,四層,
RPQNMLSKKIOFFKD76CC,30,174.61,集合住宅、防空避難室,鋼筋混凝土造,79年4月16日,四層,
RPPOMLSKKIOFFKD76CC,35,44.98,住商用,加強磚造,73年11月13日,二層,
RPRNMLSKKIOFFCD68CC,43,41.66,住家用,加強磚造,65年9月24日,三層,
RPXNMLSKKIOFFCD66CC,45,101.64,住家用,加強磚造,63年7月20日,二層,
RPOOMLSKKIOFFCD48CC,24,23.22,住家用,鋼筋混凝土造,84年11月6日,二十層,
RPOOMLSKKIOFFCD48CC,24,4.89,共有部分,鋼筋混凝土造,84年11月6日,二十層,
RPOOMLSKKIOFFCD48CC,24,6.22,共有部分,鋼筋混凝土造,84年11月6日,二十層,
RPVNMLSKKIOFFAD88CC,25,54.98,住家用,鋼筋混凝土造,83年11月7日,九層,
RPVOMLSKKIOFFAD98CC,27,30.00,住商用,鋼筋混凝土造,81年7月16日,五層,
RPVNMLSKKIOFFAD88CC,25,37.41,共有部分,鋼筋混凝土造,83年11月7日,九層,
RPTNMLSKKIOFFAD68CC,15,61.49,集合住宅,鋼筋混凝土造,93年8月18日,十層,
RPTNMLSKKIOFFAD68CC,15,11.24,共有部分,鋼筋混凝土造,93年8月18日,十層,
RPTNMLSKKIOFFAD68CC,15,28.25,共有部分,鋼筋混凝土造,93年8月18日,十層,
RPUOMLSKKIOFFAD88CC,40,97.34,住家用,鋼筋混凝土造,68年10月2日,四層,
RPUOMLSKKIOFFAD88CC,,13.92,共有部分,鋼筋混凝土造,,五層,
RPUNMLSKKIOFFAD78CC,25,59.97,住家用,鋼筋混凝土造,84年1月4日,二十五層,
RPUNMLSKKIOFFAD78CC,25,10.17,共有部分,鋼筋混凝土造,84年1月4日,二十四層,
RPUNMLSKKIOFFAD78CC,25,8.23,共有部分,鋼筋混凝土造,84年1月4日,二十四層,
RPTNMLTKKIOFFAD78CC,31,328.80,住商用,鋼筋混凝土造,77年10月28日,五層,
RPVNMLTKKIOFFAD98CC,10,58.43,集合住宅,鋼筋混凝土造,99年4月6日,十四層,
RPVNMLTKKIOFFAD98CC,10,21.94,共有部分,鋼筋混凝土造,99年4月6日,十四層,
RPWOMLKLKIOFFKD76CC,32,136.40,工業用,鋼造,76年6月3日,一層,
RPWOMLKLKIOFFKD76CC,32,153.66,辦公室、員工宿舍。,加強磚造,76年6月3日,二層,
RPRNMLTKKIOFFKD96CC,34,256.97,住家用,加強磚造,74年8月2日,二層,
RPXNMLTKKIOFFAD56CC,12,95.24,集合住宅,鋼筋混凝土造,96年12月27日,十九層,
RPXNMLTKKIOFFAD56CC,12,90.53,共有部分,鋼筋混凝土造,96年12月27日,十九層,
RPRNMLTKKIOFFCD78CC,1,64.92,集合住宅,鋼筋混凝土構造,107年11月14日,七層,
RPRNMLTKKIOFFCD78CC,1,56.51,本共有部份之項目有：門廊、門廳、管理室、車道、污物處理區管委會空間、樓梯間、水箱、停車空間、防空避難室兼停車空間。,鋼筋混凝土構造,107年11月14日,七層,
RPRNMLTKKIOFFCD78CC,1,13.33,本共有部分之項目有：樓梯間,鋼筋混凝土構造,107年11月14日,七層,
RPSNMLNLKIOFFAD18CC,23,144.36,辦公室,鋼筋混凝土造,85年10月11日,十二層,
RPSNMLNLKIOFFAD18CC,23,43.51,共有部分,鋼筋混凝土造,85年10月11日,十二層,
RPSNMLNLKIOFFAD18CC,23,44.72,共有部分,鋼筋混凝土造,85年10月11日,十二層,
RPWOMLNLKIOFFAD68CC,45,328.36,住商用,加強磚造,64年3月15日,二層,
RPXOMLSKKIOFFHD27CC,42,104.86,住商用,加強磚造,67年3月10日,二層,
RPRNMLRKKIOFFHD09CC,2,240.62,集合住宅,鋼筋混凝土造,106年9月4日,三層,
RPVNMLOLKIOFFKD96CC,,35.21,住家用,鋼筋混凝土構造,108年7月10日,四層,
RPUOMLOLKIOFFKD96CC,38,107.79,住家用,鋼筋混凝土造,71年3月25日,五層,
RPQPMLOLKIOFFKD66CC,35,138.29,住商用,鋼筋混凝土造,74年4月19日,三層,
RPROMLOLKIOFFDD58CC,44,115.77,住商用,鋼筋混凝土造,65年1月9日,二層,
RPTOMLOLKIOFFDD78CC,15,286.86,住商用,鋼筋混凝土造,93年12月31日,四層,
RPPPMLPLKIOFFKD66CC,24,37.26,住家用,鋼筋混凝土造,84年12月4日,十五層,
RPPPMLPLKIOFFKD66CC,24,24.46,共有部分,鋼筋混凝土造,84年12月4日,十五層,
RPRPMLPLKIOFFKD86CC,28,87.92,住家用,鋼筋混凝土造,81年6月4日,七層,
RPRPMLPLKIOFFKD86CC,28,11.24,共有部分,鋼筋混凝土造,81年6月4日,七層,
RPRPMLPLKIOFFKD86CC,28,37.30,共有部分,鋼筋混凝土造,81年6月4日,七層,
RPTPMLPLKIOFFKD07CC,9,56.27,住宅，店舖，停車空間,鋼筋混凝土構造,100年6月7日,四層,
RPUPMLPLKIOFFKD17CC,38,94.79,住家用,鋼筋混凝土造,70年8月12日,五層,
RPXNMLPLKIOFFHD96CC,9,230.45,住家用,鋼筋混凝土造,99年10月20日,四層,
RPXNMLPLKIOFFHD96CC,9,.04,管理維護使用空間,鋼筋混凝土造,99年10月20日,一層,
RPVNMLQLKIOFFKD17CC,28,277.91,辦公室。,鋼筋混凝土造,81年5月19日,二十二層,
RPVOMLQLKIOFFKD27CC,9,33.06,住宅，停車空間,鋼筋混凝土造,99年12月30日,四層,
RPWOMLQLKIOFFKD37CC,33,115.64,住家用,加強磚造,76年4月2日,二層,
RPUPMLQLKIOFFKD27CC,26,87.27,住家用,鋼筋混凝土造,82年8月3日,五層,
RPUPMLQLKIOFFKD27CC,26,28.06,共有部分,鋼筋混凝土造,82年8月3日,五層,
RPVNMLNLKIOFFCD68CC,35,77.87,住家用,鋼筋混凝土造,73年12月21日,七層,
RPVNMLNLKIOFFCD68CC,35,15.86,共有部分,鋼筋混凝土造,73年12月21日,七層,
RPVOMLNLKIOFFCD78CC,2,106.22,集合住宅,鋼筋混凝土造,106年10月31日,十五層,
RPVOMLNLKIOFFCD78CC,2,49.50,本共有部分之項目有：門廊、門廳、梯廳、公共服務空間、樓梯間、管理委員會、防空避難室兼停車空間、停車空間共８項。,鋼筋混凝土造,106年10月31日,十五層,
RPVOMLNLKIOFFCD78CC,2,25.26,本共有部分之項目有：樓梯間、公共服務空間、管道間供３項。,鋼筋混凝土造,106年10月31日,十五層,
RPSOMLOLKIOFFCD58CC,45,88.90,住家用,加強磚造,63年8月23日,二層,
RPTNMLLLKIOFFCD28CC,29,102.05,住家用,鋼筋混凝土造,79年6月25日,五層,
RPTNMLLLKIOFFCD28CC,29,8.09,共有部分,鋼筋混凝土造,79年6月25日,五層,
RPTNMLLLKIOFFCD28CC,29,5.00,共有部分,鋼筋混凝土造,79年6月25日,五層,
RPVOMLKLKIOFFCD48CC,24,23.22,住家用,鋼筋混凝土造,84年11月6日,二十層,
RPVOMLKLKIOFFCD48CC,24,4.94,共有部分,鋼筋混凝土造,84年11月6日,二十層,
RPVOMLKLKIOFFCD48CC,24,6.22,共有部分,鋼筋混凝土造,84年11月6日,二十層,
RPPPMLNLKIOFFCD28CC,1,69.48,集合住宅,鋼筋混凝土構造,107年6月25日,五層,
RPPPMLNLKIOFFCD28CC,1,25.36,本共有部分之項目有：停車空間、管理維護空間、電信室、安全梯、樓梯間、梯廳、昇降機、電梯間等８項。,鋼筋混凝土構造,107年6月25日,五層,
RPPPMLNLKIOFFCD28CC,1,9.79,本共有部分之項目有：樓梯間,鋼筋混凝土構造,107年6月25日,五層,
RPSPMLNLKIOFFCD58CC,47,282.80,住家用,加強磚造,62年3月1日,三層,
RPQQMLKLKIOFFCD18CC,10,58.65,住家用,鋼筋混凝土造,99年2月3日,十四層,
RPQQMLKLKIOFFCD18CC,10,15.06,本共有部份項目有電樓梯間、水箱、屋頂突出物、機械室等４項,鋼筋混凝土造,99年2月3日,十四層,
RPQQMLKLKIOFFCD18CC,10,7.86,本共有部份之項目有防空避難室、水景機房、電信室、垃圾處理場、警衛室、門廊、管委會使用空間、發電機室、機車停車場、汽車停車位、消防機械室、污水處理機房、台電受電室等１３項。,鋼筋混凝土造,99年2月3日,十四層,
RPXNMLOLKIOFFCD98CC,23,24.00,店舖　　住宅　　停車空間辦公室,鋼筋混凝土造,86年3月6日,五層,
RPPOMLQLKIOFFCD48CC,,1756.29,廠房,鋼筋混凝土構造,108年7月1日,3,
RPWOMLQLKIOFFAD98CC,51,61.31,住家用,加強磚造,57年7月16日,二層,
RPWNMLQLKIOFFCD09CC,23,130.87,住家用,鋼筋混凝土造,86年5月8日,十六層,
RPWNMLQLKIOFFCD09CC,23,16.28,共有部分,鋼筋混凝土造,86年5月8日,十六層,
RPWNMLQLKIOFFCD09CC,23,71.81,共有部分,鋼筋混凝土造,86年5月8日,十六層,
RPWNMLQLKIOFFCD09CC,23,18.99,共有部分,鋼筋混凝土造,86年5月8日,十六層,
RPXOMLQLKIOFFAD09CC,32,81.40,住家用,鋼筋混凝土造,77年2月29日,五層,
RPXOMLQLKIOFFAD09CC,32,17.76,共有部分,鋼筋混凝土造,77年2月29日,五層,
RPROMLQLKIOFFCD68CC,,205.80,防空避難室、辦公室,鋼筋混凝土構造,108年7月1日,七層,
RPQPMLQLKIOFFAD48CC,28,56.59,住家用,鋼筋混凝土造,80年12月13日,五層,
RPQPMLQLKIOFFAD48CC,28,18.74,共有部分,鋼筋混凝土造,80年12月13日,五層,
RPPNMLQLKIOFFDD58DC,37,177.32,住商用,鋼筋混凝土造,72年3月16日,三層,
RPSOMLQLKIOFFCD78CC,38,66.55,住商用,鋼筋混凝土造,70年9月21日,五層,
RPSOMLQLKIOFFCD78CC,38,7.44,共有部分,鋼筋混凝土造,70年9月21日,五層,
RPSOMLQLKIOFFCD78CC,38,6.06,共有部分,鋼筋混凝土造,70年9月21日,五層,
RPSNMLRLKIOFFCD78CC,5,86.55,集合住宅,鋼筋混凝土造,103年10月16日,七層,
RPSNMLRLKIOFFCD78CC,5,34.35,共有部分項目有：門廊、門廳、管委會空間、公共服務空間、有頂蓋型廣場式開放空間、污物處理區、車道、停車空間、防空避難兼停車空間。,鋼筋混凝土造,103年10月16日,七層,
RPSNMLRLKIOFFCD78CC,5,9.09,共有部分項目有：電樓梯間。,鋼筋混凝土造,103年10月16日,七層,
RPQPMLRLKIOFFCD78CC,9,139.71,店舖、住宅、停車空間。,鋼筋混凝土造,100年5月17日,五層,
RPXOMLRLKIOFFCD76CC,27,25.81,共有部分,鋼筋混凝土造,81年6月17日,十四層,
RPXOMLRLKIOFFCD76CC,27,187.44,商業用,鋼筋混凝土造,81年6月17日,十四層,
RPXOMLRLKIOFFCD76CC,27,37.73,共有部分,鋼筋混凝土造,81年6月17日,十四層,
RPTOMLQLKIOFFCD88CC,25,64.51,住家用,鋼筋混凝土造,83年11月11日,九層,
RPTOMLQLKIOFFCD88CC,25,11.15,共有部分,鋼筋混凝土造,83年11月11日,九層,
RPTOMLQLKIOFFCD88CC,25,9.67,共有部分,鋼筋混凝土造,83年11月11日,九層,
RPRNMLRLKIOFFDD78CC,32,42.33,住商用,鋼筋混凝土造,77年3月3日,四層,
RPQOMLRLKIOFFKD86CC,20,84.63,住家用,鋼筋混凝土造,88年8月24日,十四層,
RPQOMLRLKIOFFKD86CC,20,2.09,共有部分,鋼筋混凝土造,88年8月24日,十四層,
RPQOMLRLKIOFFKD86CC,20,16.94,共有部分,鋼筋混凝土造,88年8月24日,十四層,
RPQOMLRLKIOFFKD86CC,20,16.57,共有部分,鋼筋混凝土造,88年8月24日,十四層,
RPPNMLSLKIOFFCD58CC,9,69.61,住家用,鋼筋混凝土造,99年12月13日,十四層,
RPPNMLSLKIOFFCD58CC,9,17.82,本共有部分之項目有：樓梯間、機械室、水箱等３項。,鋼筋混凝土造,99年12月13日,十四層,
RPPNMLSLKIOFFCD58CC,9,53.80,本共有部分之項目有：防空避難室兼停車空間、停車空間、車道、門廊、公共服務空間等５項。,鋼筋混凝土造,99年12月13日,十四層,
RPQNMLSLKIOFFHD56CC,40,98.16,住商用,加強磚造,68年9月1日,二層,
RPXNMLRLKIOFFBD56CC,43,82.00,住家用,加強磚造,66年4月28日,二層,
RPUOMLKMKIOFFCD48CC,37,71.12,住家用,鋼筋混凝土造,71年10月29日,五層,
RPUOMLKMKIOFFCD48CC,37,17.13,共有部分,鋼筋混凝土造,71年10月29日,五層,
RPVOMLKMKIOFFCD58CC,26,221.03,住商用,鋼筋混凝土造,82年12月16日,十二層,
RPVOMLKMKIOFFCD58CC,26,52.08,共有部分,鋼筋混凝土造,82年12月16日,十二層,
RPORMLKMKIOFFID78CC,25,39.99,住家用,鋼筋混凝土造,83年6月25日,五層,
RPORMLKMKIOFFID78CC,25,48.51,本共有部分之項目有防空避難室及停車空間二項。,鋼筋混凝土造,83年6月25日,五層,
RPORMLKMKIOFFID78CC,25,5.57,本共有部分之項目有樓梯間、玄關及門廳三項。,鋼筋混凝土造,83年6月25日,五層,
RPWOMLKMKIOFFAD48CC,40,68.87,住家用,鋼筋混凝土造,69年1月9日,四層,
RPSNMLKMKIOFFAD97CC,25,79.44,商業用,鋼筋混凝土造,84年3月11日,十二層,
RPSNMLKMKIOFFAD97CC,25,11.90,共有部分,鋼筋混凝土造,84年3月11日,十二層,
RPSNMLKMKIOFFAD97CC,25,30.50,共有部分,鋼筋混凝土造,84年3月11日,十二層,
RPSNMLKMKIOFFAD97CC,25,7.17,共有部分,鋼筋混凝土造,84年3月11日,十二層,
RPQOMLRLKIOFFAD48CC,13,96.29,集合住宅,ＲＣ造,95年11月29日,十三層,
RPQOMLRLKIOFFAD48CC,13,13.55,共有部分,ＲＣ造,95年11月29日,十三層,
RPQOMLRLKIOFFAD48CC,13,9.58,共有部分,ＲＣ造,95年11月29日,十三層,
RPROMLRLKIOFFAD58CC,26,69.18,住家用,鋼筋混凝土造,82年11月2日,十三層,
RPROMLRLKIOFFAD58CC,26,19.96,共有部分,鋼筋混凝土造,82年11月2日,十三層,
RPROMLRLKIOFFAD58CC,26,13.23,共有部分,鋼筋混凝土造,82年11月2日,十三層,
RPRPMLRLKIOFFAD68CC,11,55.86,集合住宅,鋼筋混凝土造,97年12月19日,十四層,
RPRPMLRLKIOFFAD68CC,11,31.89,集合住宅,鋼筋混凝土造,97年12月19日,十四層,
RPRPMLRLKIOFFAD68CC,11,10.29,共有部分,鋼筋混凝土造,97年12月19日,十四層,
RPPOMLRLKIOFFAD38CC,32,31.36,住家用,鋼筋混凝土造,76年10月13日,七層,
RPPOMLRLKIOFFAD38CC,32,5.45,共有部分,鋼筋混凝土造,76年10月13日,七層,
RPPOMLRLKIOFFAD38CC,32,.86,共有部分,鋼筋混凝土造,76年10月13日,七層,
RPSOMLRLKIOFFAD68CC,4,58.47,集合住宅,鋼筋混凝土構造,104年11月5日,二十四層,
RPSOMLRLKIOFFAD68CC,4,57.26,本共有部分之項目：有樓梯間、門廊、門廳、管委會使用空間、防災中心、停車空間、防空避難室、車道、游泳池、機房自來水池等項,鋼筋混凝土構造,104年11月5日,二十四層,
RPPPMLLMKIOFFHD68CC,6,183.98,住家用,鋼筋混凝土造,102年10月8日,四層,
RPVPMLQLKIOFFAD98CC,37,55.78,住家用,鋼筋混凝土造,72年4月6日,四層,
RPVPMLQLKIOFFAD98CC,37,.00,共有部分,鋼筋混凝土造,72年4月6日,四層,
RPWNMLKMKIOFFGD09DC,31,300.42,住商用,鋼筋混凝土造,78年3月28日,五層,
RPSPMLLMKIOFFHD98CC,5,30.14,住宅，樓梯間,鋼筋混凝土造,103年11月27日,三層,
RPTNMLKMKIOFFKD09CC,4,312.90,廠房,鋼骨構造有牆,104年7月20日,一層,
RPVNMLLMKIOFFCD58CC,9,96.85,店舖、住宅、停車空間。,鋼筋混凝土造,100年5月17日,五層,
RPSOMLMJJHPFFCD08CC,24,44.43,住家用,鋼筋混凝土造,84年12月9日,六層,
RPSOMLMJJHPFFCD08CC,24,22.00,共有部分,鋼筋混凝土造,84年12月9日,六層,
RPXNMLMJJHPFFHD98CC,2,30.40,住宅、停車空間,鋼筋混凝土造,107年6月28日,四層,
RPQOMLNJJHPFFBD87CC,29,141.14,住商用,鋼筋混凝土造,80年2月4日,二層,
RPRNMLNJJHPFFKD78CC,30,137.32,住商用,鋼筋混凝土造,78年12月21日,三層,
RPPQMLMJJHPFFAD77CC,2,202.73,集合住宅,鋼筋混凝土構造,106年7月6日,二十一層,
RPSPMLMJJHPFFAD97CC,12,26.61,集合住宅,鋼筋混凝土構造,96年8月24日,十四層,
RPPQMLMJJHPFFAD77CC,2,38.10,本共有部份之項目有：樓梯間。,鋼筋混凝土構造,106年7月6日,二十一層,
RPSPMLMJJHPFFAD97CC,12,3.58,共有部分,鋼筋混凝土構造,96年8月24日,十四層,
RPPQMLMJJHPFFAD77CC,2,123.45,本共有部分之項目有：停車空間、防空避難室兼停車空間、管理委員會、樓梯間、機械室、水箱、公共服務空間。,鋼筋混凝土構造,106年7月6日,二十一層,
RPSPMLMJJHPFFAD97CC,12,6.87,共有部分,鋼筋混凝土構造,96年8月24日,十四層,
RPSOMLLMKIOFFAD18CC,28,462.77,商業用,鋼筋混凝土造,80年12月12日,十七層,
RPSOMLLMKIOFFAD18CC,28,44.30,共有部分,鋼筋混凝土造,80年12月12日,十七層,
RPSOMLLMKIOFFAD18CC,28,199.62,共有部分,鋼筋混凝土造,80年12月12日,十七層,
RPQQMLMJJHPFFAD87CC,12,134.48,集合住宅,鋼筋混凝土造,96年8月15日,二十一層,
RPQQMLMJJHPFFAD87CC,12,22.23,共有部分,鋼筋混凝土造,96年8月15日,二十一層,
RPQQMLMJJHPFFAD87CC,12,57.92,共有部分,鋼筋混凝土造,96年8月15日,二十一層,
RPOPMLMJJHPFFAD57CC,14,89.22,集合住宅,ＲＣ造,95年4月6日,十四層,
RPOPMLMJJHPFFAD57CC,14,16.97,共有部分,ＲＣ造,95年4月6日,十四層,
RPOPMLMJJHPFFAD57CC,14,14.63,共有部分,ＲＣ造,95年4月6日,十四層,
RPOQMLMJJHPFFAD67CC,12,138.24,集合住宅,鋼筋混凝土造,96年8月15日,二十一層,
RPOQMLMJJHPFFAD67CC,12,82.15,共有部分,鋼筋混凝土造,96年8月15日,二十一層,
RPOQMLMJJHPFFAD67CC,12,20.70,共有部分,鋼筋混凝土造,96年8月15日,二十一層,
RPUOMLLMKIOFFAD38CC,24,86.72,住家用,鋼筋混凝土造,85年2月13日,二十七層,
RPUOMLLMKIOFFAD38CC,24,46.44,共有部分,鋼筋混凝土造,85年2月13日,二十七層,
RPPNMLOJJHPFFCD87CC,53,94.40,住家用,補強磚造,56年1月1日,二層,
RPSNMLQJJHPFFCD38CC,47,136.01,住家用,加強磚造,61年11月9日,三層,
RPTNMLQJJHPFFHD98CC,2,63.23,住商用,鋼筋混凝土造,107年2月9日,四層,
RPTNMLRLKIOFFDD98CC,37,86.98,住家用,鋼筋混凝土造,71年9月13日,五層,
RPPNMLRJJHPFFDD28CC,29,145.00,廠房,鋼鐵造,80年1月4日,一層,
RPVNMLRJJHPFFCD78CC,20,110.59,商業用,鋼筋混凝土造,88年10月21日,十三層,
RPVNMLRJJHPFFCD78CC,20,.26,共有部分,鋼筋混凝土造,88年10月21日,十三層,
RPVNMLRJJHPFFCD78CC,20,2.37,共有部分,鋼筋混凝土造,88年10月21日,十三層,
RPXNMLRJJHPFFCD98CC,40,62.63,集合住宅,鋼筋混凝土造,69年5月22日,七層,
RPXNMLRJJHPFFCD98CC,40,9.84,共有部分,鋼筋混凝土造,69年5月22日,七層,
RPPPMLQJJHPFFAD08CC,29,120.58,住商用,鋼筋混凝土造,79年10月29日,三層,
RPOOMLNJJHPFFAD57CC,30,194.50,住家用,鋼筋混凝土造,79年4月26日,四層,
RPROMLNJJHPFFAD87CC,36,325.93,住商用,鋼筋混凝土造,73年5月19日,五層,
RPPOMLQJJHPFFAD97CC,40,114.56,住商用,鋼筋混凝土造,68年12月7日,三層,
RPOPMLNJJHPFFAD67CC,37,62.65,住商用,鋼筋混凝土造,72年2月26日,五層,
RPPOMLRJJHPFFCD28CC,13,112.34,住家用,ＲＣ造,95年11月22日,十三層,
RPPOMLRJJHPFFCD28CC,13,15.21,共有部分,ＲＣ造,95年11月22日,十三層,
RPPOMLRJJHPFFCD28CC,13,41.68,共有部分,ＲＣ造,95年11月22日,十三層,
RPQOMLRJJHPFFCD38CC,46,38.36,住家用,加強磚造,62年7月30日,二層,
RPQNMLSJJHPFFCD38CC,31,211.78,住商用,鋼筋混凝土造,77年10月13日,四層,
RPVOMLSJJHPFFAD78CC,3,56.75,集合住宅,鋼筋混凝土構造,106年1月24日,二十六層,
RPVOMLSJJHPFFAD78CC,3,53.84,本共有部分之項目：防空避難室、停車空間、機房、樓梯間、機械房、水箱、門廳、梯間、管委會使用空間、水池、防災中心等。,鋼筋混凝土構造,106年1月24日,二十六層,
RPWOMLSJJHPFFAD88CC,37,90.20,住商用,加強磚造,71年12月3日,二層,
RPUNMLSJJHPFFAD58CC,28,35.68,住家用,鋼筋混凝土造,80年8月30日,五層,
RPUNMLSJJHPFFAD58CC,28,16.49,共有部分,鋼筋混凝土造,80年8月30日,五層,
RPQOMLSJJHPFFKD66CC,40,26.45,住家用,加強磚造,69年5月29日,二層,
RPTNMLRJJHPFFKD76CC,37,71.53,國民住宅,鋼筋混凝土造,72年2月24日,五層,
RPTNMLRJJHPFFKD76CC,37,.29,防空避難室。,鋼筋混凝土造,72年2月24日,地下層,
RPTNMLRJJHPFFKD76CC,37,.29,防空避難室。,鋼筋混凝土造,72年2月24日,地下層,
RPTNMLRJJHPFFKD76CC,37,.29,防空避難室。,鋼筋混凝土造,72年2月24日,地下層,
RPTNMLRJJHPFFKD76CC,37,.29,防空避難室。,鋼筋混凝土造,72年2月24日,地下層,
RPTNMLRJJHPFFKD76CC,37,.29,共有部分,鋼筋混凝土造,72年2月24日,,
RPTNMLRJJHPFFKD76CC,37,.13,國民住宅,鋼筋混凝土造,72年2月24日,五層,
RPTNMLRJJHPFFKD76CC,37,.29,共有部分,鋼筋混凝土造,72年2月24日,,
RPTNMLRJJHPFFKD76CC,37,5.18,共有部分,鋼筋混凝土造,72年2月24日,,
RPUOMLSJJHPFFKD07CC,30,110.93,住家用,加強磚造,78年11月6日,二層,
RPPOMLRJJHPFFKD09CC,30,154.95,店舖、辦公室。,鋼筋混凝土造,79年5月8日,十二層,
RPPOMLRJJHPFFKD09CC,30,23.35,共有部分,鋼筋混凝土造,79年5月8日,十二層,
RPROMLSJJHPFFKD76CC,25,61.04,住家用,鋼筋混凝土造,83年12月24日,八層,
RPROMLSJJHPFFKD76CC,25,53.79,共有部分,鋼筋混凝土造,83年12月24日,八層,
RPPOMLSJJHPFFKD56CC,24,68.55,辦公室。,鋼筋混凝土造,85年1月29日,十七層,
RPPOMLSJJHPFFKD56CC,24,8.25,共有部分,鋼筋混凝土造,85年1月29日,十七層,
RPPOMLSJJHPFFKD56CC,24,5.30,共有部分,鋼筋混凝土造,85年1月29日,十七層,
RPTOMLSJJHPFFCD78CC,25,78.76,住家用,鋼筋混凝土造,83年12月16日,十六層,
RPTOMLSJJHPFFCD78CC,25,22.16,共有部分,鋼筋混凝土造,83年12月16日,十六層,
RPTOMLSJJHPFFCD78CC,25,15.52,共有部分,鋼筋混凝土造,83年12月16日,十六層,
RPOPMLSJJHPFFCD38CC,38,58.00,住家用,鋼筋混凝土造,70年12月23日,五層,
RPOPMLSJJHPFFCD38CC,38,9.99,共有部分,鋼筋混凝土造,70年12月23日,五層,
RPWOMLSJJHPFFKD27CC,32,148.53,住家用,鋼筋混凝土造,77年3月4日,二層,
RPXNMLSJJHPFFHD96CC,30,149.92,住家用,加強磚造,78年11月4日,二層,
RPXNMLSJJHPFFCD09CC,38,146.21,店舖　集合住宅　　騎樓,鋼筋混凝土造,70年11月26日,五層,
RPQNMLTJJHPFFKD66CC,7,87.41,集合住宅,鋼筋混凝土構造,101年8月17日,十九層,
RPQNMLTJJHPFFKD66CC,7,44.24,防空避難室兼停車空間，機電設備，社區文康室，社區運動室，梯廳，機械室，水箱,鋼筋混凝土構造,101年8月17日,十九層,
RPXNMLTJJHPFFKD37CC,1,61.93,住家用,鋼筋混凝土構造,108年3月15日,十五層,
RPXNMLTJJHPFFKD37CC,1,28.68,本共有部分之項目有：門廊，車道，公共服務空間，管理維護空間，垃圾儲存空間，樓梯間，水塔，防空避難室兼停車空間，停車空間及梯廳等１０項,鋼筋混凝土構造,108年3月15日,十五層,
RPVNMLSJJHPFFCD88CC,29,15.21,住家用,鋼筋混凝土造,80年1月22日,九層,
RPVNMLSJJHPFFCD88CC,29,8.25,共有部分,鋼筋混凝土造,80年1月22日,九層,
RPROMLTJJHPFFAD48CC,36,85.05,住商用,鋼筋混凝土造,73年5月19日,五層,
RPXOMLTJJHPFFCD66CC,22,117.69,住家用,鋼筋混凝土造,86年10月8日,十二層,
RPXOMLTJJHPFFCD66CC,22,32.64,共有部分,鋼筋混凝土造,86年10月8日,十二層,
RPXOMLTJJHPFFCD66CC,22,16.58,共有部分,鋼筋混凝土造,86年10月8日,十二層,
RPWOMLTJJHPFFCD56CC,48,14.30,住商用,加強磚造,60年10月12日,二層,
RPVOMLTJJHPFFCD09CC,48,14.30,住商用,加強磚造,60年10月12日,二層,
RPSNMLKKJHPFFHD38CC,5,30.14,住宅，樓梯間,鋼筋混凝土造,103年11月27日,三層,
RPROMLKKJHPFFAD77DC,53,65.57,住家用,加強磚造,55年10月1日,二層,
RPPOMLTJJHPFFAD28CC,24,24.42,住商用,鋼筋混凝土造,85年2月13日,二十七層,
RPQNMLLKJHPFFGD28DC,1,118.15,見其他登記事項,鋼筋混凝土造,108年5月13日,四層,
RPWNMLKKJHPFFDD38CC,40,89.84,住商用,加強磚造,69年5月6日,二層,
RPSOMLNKJHPFFKD09CC,35,45.84,住家用,鋼筋混凝土造,73年10月29日,五層,
RPSOMLNKJHPFFKD09CC,35,7.02,共有部分,鋼筋混凝土造,73年10月29日,五層,
RPQNMLNKJHPFFCD97CC,24,98.62,住家用,鋼筋混凝土造,84年11月15日,二十三層,
RPQNMLNKJHPFFCD97CC,24,3.04,共有部分,鋼筋混凝土造,84年11月15日,二十三層,
RPQNMLNKJHPFFCD97CC,24,25.35,共有部分,鋼筋混凝土造,84年11月15日,二十三層,
RPPQMLKKJHPFFCD97DC,38,128.78,住商用,鋼筋混凝土造,70年12月29日,五層,
RPPQMLKKJHPFFCD97DC,38,21.78,共有部分,鋼筋混凝土造,70年12月29日,五層,
RPWNMLPKJHPFFAD58CC,16,112.54,集合住宅,鋼筋混凝土造,93年5月21日,十層,
RPWNMLPKJHPFFAD58CC,16,48.26,共有部分,鋼筋混凝土造,93年5月21日,十一層,
RPTNMLOKJHPFFAD18CC,55,48.60,住家用,ＲＣ磚造,54年2月27日,三層,
RPTNMLOKJHPFFAD18CC,37,45.96,住家用,鋼筋混凝土造,72年6月8日,二層,
RPUNMLPKJHPFFAD38CC,6,122.63,集合住宅,鋼筋混凝土構造,102年12月25日,十四層,
RPUNMLPKJHPFFAD38CC,6,61.88,本共有部分之項目有門廳、守衛室、停車空間、防空避難室、管理維護空間。,鋼筋混凝土構造,102年11月25日,十四層,
RPUNMLPKJHPFFAD38CC,6,27.89,本共有部分之項目有電樓梯間、電梯機房、水箱。,鋼筋混凝土構造,102年11月25日,十四層,
RPTNMLPKJHPFFAD28CC,24,50.84,住家用,鋼筋混凝土造,84年8月19日,十六層,
RPTNMLPKJHPFFAD28CC,24,27.83,共有部分,鋼筋混凝土造,84年8月19日,十六層,
RPTNMLPKJHPFFAD28CC,24,9.43,共有部分,鋼筋混凝土造,84年8月19日,十六層,
RPSNMLPKJHPFFAD18CC,24,38.72,住家用,鋼筋混凝土造,84年10月24日,十三層,
RPSNMLPKJHPFFAD18CC,24,11.11,共有部分,鋼筋混凝土造,84年10月24日,十三層,
RPTQMLOKJHPFFAD48CC,36,81.56,住商用,鋼筋混凝土造,73年3月15日,六層,
RPQOMLPKJHPFFAD08CC,9,243.17,店舖，住宅，停車空間,鋼筋混凝土構造,100年7月6日,四層,
RPUOMLPKJHPFFAD48CC,39,98.88,住家用,鋼筋混凝土造,70年2月4日,五層,
RPUOMLPKJHPFFAD48CC,39,19.60,共有部分,鋼筋混凝土造,70年2月4日,五層,
RPWOMLPKJHPFFAD68CC,4,89.17,集合住宅,鋼筋混凝土構造,104年11月5日,二十四層,
RPWOMLPKJHPFFAD68CC,4,37.97,本共有部分之項目：有樓梯間、門廊、門廳、管委會使用空間、防災中心、停車空間、防空避難室、車道、游泳池、機房自來水池等項,鋼筋混凝土構造,104年11月5日,二十四層,
RPXNMLPKJHPFFKD07CC,27,151.60,住家用,鋼筋混凝土造,82年5月13日,三層,
RPSOMLQKJHPFFBD48CC,2,55.03,商業用,鋼骨構造有牆,106年9月7日,一層,
RPWNMLPKJHPFFID76CC,38,174.08,住商用,加強磚造,71年2月24日,二層,
RPUNMLQKJHPFFKD86CC,16,209.84,住家用,鋼筋混凝土造,92年12月23日,四層,
RPTNMLQKJHPFFKD76CC,32,177.72,住商用,鋼筋混凝土造,77年4月12日,三層,
RPRNMLQKJHPFFHD88CC,1,141.27,集合住宅,鋼筋混凝土造,108年1月23日,三層,
RPWNMLQKJHPFFKD07CC,26,80.92,住家用,鋼筋混凝土造,83年5月4日,十五層,
RPWNMLQKJHPFFKD07CC,26,21.13,共有部分,鋼筋混凝土造,83年5月4日,十六層,
RPWNMLQKJHPFFKD07CC,26,10.80,共有部分,鋼筋混凝土造,83年5月4日,十五層,
RPUOMLQKJHPFFCD78CC,14,204.37,住宅、停車空間,鋼筋混凝土造,95年5月1日,四層,
RPWOMLQKJHPFFCD98CC,16,81.46,停車空間、店舖、住宅,鋼筋混凝土造,93年4月16日,五層,
RPXOMLQKJHPFFCD09CC,,81.76,住家用,加強磚造,,二層,
RPRNMLRKJHPFFCD48CC,35,92.27,住家用,鋼筋混凝土造,74年4月27日,七層,
RPRNMLRKJHPFFCD48CC,35,26.69,共有部分,鋼筋混凝土造,74年4月27日,七層,
RPTOMLQKJHPFFCD68CC,38,101.99,住家用,鋼筋混凝土造,70年9月11日,五層,
RPTOMLQKJHPFFCD68CC,38,.00,共有部分,鋼筋混凝土造,70年9月11日,五層,
RPXOMLNKJHPFFCD78CC,30,161.24,住商用,鋼筋混凝土造,78年10月14日,七層,
RPXOMLNKJHPFFCD78CC,30,17.23,共有部分,鋼筋混凝土造,78年10月14日,七層,
RPQOMLPKJHPFFCD28CC,20,96.22,集合住宅,鋼筋混凝土造,88年10月21日,十三層,
RPQOMLPKJHPFFCD28CC,20,18.95,共有部分,鋼筋混凝土造,88年10月21日,十三層,
RPQOMLPKJHPFFCD28CC,17,33.67,餐廳,鋼筋混凝土造,91年11月6日,九層,
RPVPMLNKJHPFFCD68CC,25,77.46,住家用,鋼筋混凝土造,84年1月12日,九層,
RPVPMLNKJHPFFCD68CC,25,48.13,共有部分,鋼筋混凝土造,84年1月12日,九層,
RPVOMLNKJHPFFCD58CC,48,25.80,住商用,加強磚造,61年6月25日,二層,
RPPPMLNKJHPFFCD08CC,24,98.15,住家用,鋼筋混凝土造,84年11月15日,二十三層,
RPPPMLNKJHPFFCD08CC,24,3.05,共有部分,鋼筋混凝土造,84年11月15日,二十三層,
RPPPMLNKJHPFFCD08CC,24,25.35,共有部分,鋼筋混凝土造,84年11月15日,二十三層,
RPVNMLRKJHPFFCD88CC,25,38.16,住商用,鋼筋混凝土造,84年3月25日,十四層,
RPRNMLPKJHPFFCD28CC,38,68.49,住家用,鋼筋混凝土造,70年9月19日,五層,
RPRNMLPKJHPFFCD28CC,38,7.77,共有部分,鋼筋混凝土造,70年9月19日,五層,
RPQNMLPKJHPFFCD18CC,6,58.84,店舖,鋼筋混凝土造,102年10月23日,十二層,
RPQNMLPKJHPFFCD18CC,6,15.22,本共有部份之項目有：停車空間、水箱、污水機房、消防機房、排煙室、樓梯間、防空避難室兼停車空間、台電配電室、電信機房、緊急發電機房、景觀水池機房、門廳、公共服務空間、梯廳、頂蓋型開放空間、垃圾處理室、管委會使用空間、梯間、機械室等項。,鋼筋混凝土造,102年10月23日,十二層,
RPWOMLRKJHPFFHD96CC,25,55.67,住家用,鋼筋混凝土造,84年1月25日,四層,
RPSNMLRKJHPFFCD58CC,2,49.88,集合住宅,鋼筋混凝土造,106年11月1日,十四層,
RPSNMLRKJHPFFCD58CC,2,54.48,本共有部分之項目有：防空避難室兼停車空間、車道、梯廳、樓梯間、門廳、水箱、機械室、公共服務空間、管道間、排煙室、安全梯、昇降機、儲藏室、廁所、停車空間等１５項。,鋼筋混凝土造,106年11月1日,十四層,
RPUPMLKLJHPFFKD56CC,46,16.53,住家用,加強磚造,62年12月1日,二層,
RPTNMLRKJHPFFKD86CC,20,23.54,住家用,鋼筋混凝土造,88年8月24日,十四層,
RPTNMLRKJHPFFKD86CC,20,.57,共有部分,鋼筋混凝土造,88年8月24日,十四層,
RPTNMLRKJHPFFKD86CC,20,14.17,共有部分,鋼筋混凝土造,88年8月24日,十四層,
RPTNMLRKJHPFFKD86CC,20,6.20,共有部分,鋼筋混凝土造,88年8月24日,十四層,
RPWPMLKLJHPFFKD76CC,20,23.31,住家用,鋼筋混凝土造,88年8月24日,十四層,
RPWPMLKLJHPFFKD76CC,20,.56,共有部分,鋼筋混凝土造,88年8月24日,十四層,
RPWPMLKLJHPFFKD76CC,20,1.03,共有部分,鋼筋混凝土造,88年8月24日,十四層,
RPWPMLKLJHPFFKD76CC,20,6.23,共有部分,鋼筋混凝土造,88年8月24日,十四層,
RPWNMLRKJHPFFCD98CC,42,76.48,住家用,鋼筋混凝土造,67年5月9日,四層,
RPXNMLKLJHPFFKD66CC,3,60.25,住家用,鋼筋混凝土構造,105年10月25日,四層,
RPUOMLLLJHPFFCD38CC,36,33.58,住商用,鋼筋混凝土造,73年2月20日,四層,
RPWQMLLLJHPFFCD78CC,34,178.58,住家用,鋼筋混凝土造,75年5月7日,五層,
RPSOMLLLJHPFFKD98CC,19,18.68,住家用,鋼筋混凝土造,90年1月10日,十一層,
RPSOMLLLJHPFFKD98CC,19,4.22,共有部分,鋼筋混凝土造,90年1月10日,十一層,
RPSOMLLLJHPFFKD98CC,19,2.73,共有部分,鋼筋混凝土造,90年1月10日,十一層,
RPXNMLLLJHPFFID56CC,12,239.71,住商用,鋼筋混凝土造,96年10月9日,四層,
RPWOMLLLJHPFFKD86DC,1,258.44,住家用,鋼筋混凝土構造,107年9月12日,四層,
RPSOMLMLJHPFFDD38CC,13,76.29,住商用,鋼骨鋼筋混凝土造,96年4月27日,四層,
RPSPMLMLJHPFFKD56CC,27,27.68,住家用,鋼筋混凝土造,81年7月23日,十七層,
RPSPMLMLJHPFFKD56CC,27,5.50,共有部分,鋼筋混凝土造,81年7月23日,十七層,
RPSPMLMLJHPFFKD56CC,27,.70,共有部分,鋼筋混凝土造,81年7月23日,十九層,
RPSPMLMLJHPFFKD56CC,27,1.53,共有部分,鋼筋混凝土造,81年7月23日,十九層,
RPVNMLMLJHPFFID09CC,,57.84,集合住宅,鋼筋混凝土構造,108年8月22日,五層,
RPVNMLMLJHPFFID09CC,,20.19,本共有部分之項目有管理維護使用空間、停車空間、安全梯、梯間、昇降機道、昇降機間、電信室、梯廳、昇降機機房等９項,鋼筋混凝土構造,108年8月22日,五層,
RPVNMLMLJHPFFAD28CC,7,56.38,集合住宅,鋼筋混凝土構造,102年6月20日,十五層,
RPVNMLMLJHPFFAD28CC,7,42.50,本共有部分之項目有防空避難室、停車空間、門廊、車道、門廳、管理維護空間、公共服務空間。,鋼筋混凝土構造,102年6月20日,十五層,
RPVNMLMLJHPFFAD28CC,7,15.40,本共有部分之項目有樓梯間,鋼筋混凝土構造,102年6月20日,十五層,
RPRPMLLLJHPFFAD97CC,25,40.03,住家用,鋼筋混凝土造,83年12月22日,二十一層,
RPRPMLLLJHPFFAD97CC,25,7.30,共有部分,鋼筋混凝土造,83年12月22日,二十一層,
RPRPMLLLJHPFFAD97CC,25,6.29,共有部分,鋼筋混凝土造,83年12月22日,二十一層,
RPPPMLLLJHPFFAD77CC,29,19.32,住家用,鋼筋混凝土造,79年9月20日,七層,
RPPPMLLLJHPFFAD77CC,29,5.77,共有部分,鋼筋混凝土造,79年9月20日,七層,
RPQPMLKLJHPFFAD77CC,37,62.65,住商用,鋼筋混凝土造,72年2月26日,五層,
RPVPMLLLJHPFFAD38CC,13,93.39,集合住宅,ＲＣ造,96年1月11日,十四層,
RPVPMLLLJHPFFAD38CC,13,13.04,共有部分,ＲＣ造,96年1月11日,14,
RPVPMLLLJHPFFAD38CC,13,44.84,共有部分,ＲＣ造,96年1月11日,十四層,
RPWOMLKMJHPFFKD76CC,29,222.04,辦公室。,鋼造,79年12月5日,二十四層,
RPPOMLLMJHPFFKD88DC,28,74.30,住家用,鋼筋混凝土造,81年5月11日,七層,
RPPOMLLMJHPFFKD88DC,28,23.05,共有部分,鋼筋混凝土造,81年5月11日,七層,
RPTOMLKMJHPFFKD56DC,1,258.44,住家用,鋼筋混凝土構造,107年9月12日,四層,
RPTOMLKMJHPFFAD08CC,37,49.55,住家用,鋼筋混凝土造,71年10月15日,十層,
RPTOMLKMJHPFFAD08CC,37,4.77,共有部分,鋼筋混凝土造,71年10月15日,十層,
RPTOMLKMJHPFFAD08CC,37,21.54,共有部分,,71年10月15日,十層,
RPQOMLLMJHPFFKD98DC,26,20.04,住家用,鋼筋混凝土造,82年12月30日,九層,
RPQOMLLMJHPFFKD98DC,26,15.50,共有部分,鋼筋混凝土造,82年12月30日,九層,
RPSOMLKMJHPFFCD18CC,20,90.39,集合住宅,鋼筋混凝土造,88年10月21日,十三層,
RPSOMLKMJHPFFCD18CC,20,15.97,共有部分,鋼筋混凝土造,88年10月21日,十三層,
RPSOMLKMJHPFFCD18CC,20,31.51,共有部分,鋼筋混凝土造,88年10月21日,十三層,
RPWNMLLMJHPFFCD68DC,27,54.81,住家用,鋼筋混凝土造,81年12月8日,五層,
RPWNMLLMJHPFFCD68DC,27,12.92,共有部分,鋼筋混凝土造,81年12月8日,五層,
RPOQMLMLJHPFFCD08CC,6,152.71,停車空間、住宅,鋼骨構造,103年6月17日,三層,
RPXPMLMLJHPFFCD88CC,7,168.30,住家用,鋼筋混凝土造,101年7月23日,十三層,
RPXPMLMLJHPFFCD88CC,7,124.49,本共有部分之項目有：防空避難室兼停車空間、台電配電室、電信室、消防水池、污水處理池、污水機房、消房機房、環保室、梯廳、污水暫存池、公共服務空間。,鋼筋混凝土造,101年7月23日,十三層,
RPVNMLLMJHPFFKD66CC,23,115.62,住商用,鋼筋混凝土造,85年10月28日,八層,
RPVNMLLMJHPFFKD66CC,23,27.03,共有部分,鋼筋混凝土造,85年10月28日,八層,
RPVNMLLMJHPFFKD66CC,23,14.41,共有部分,鋼筋混凝土造,85年10月28日,八層,
RPOOMLLMJHPFFBD77CC,27,70.87,住商用,鋼筋混凝土造,82年1月28日,四層,
RPUNMLLMJHPFFCD38CC,34,56.75,住家用,鋼筋混凝土造,75年6月28日,五層,
RPUNMLLMJHPFFCD38CC,34,4.79,共有部分,鋼筋混凝土造,75年6月28日,五層,
RPUNMLLMJHPFFCD38CC,34,11.25,共有部分,鋼筋混凝土造,75年6月28日,五層,
RPXOMLLMJHPFFCD78CC,23,99.55,辦公室，集合住宅,鋼筋混凝土造,85年10月4日,十六層,
RPXOMLLMJHPFFCD78CC,23,8.31,共有部分,鋼筋混凝土造,85年10月4日,十六層,
RPXOMLLMJHPFFCD78CC,23,20.16,共有部分,鋼筋混凝土造,85年10月4日,十六層,
RPPPMLLMJHPFFCD08CC,36,87.69,住家用,鋼筋混凝土造,73年1月18日,十二層,
RPPPMLLMJHPFFCD08CC,36,15.68,共有部分,鋼筋混凝土造,73年1月18日,十二層,
RPSNMLKLJHPFFAD77CC,1,166.75,店鋪,鋼骨構造,107年12月22日,一層,
RPSNMLKLJHPFFAD77CC,1,387.04,店鋪、住宅,鋼骨構造,107年12月22日,一層,
RPROMLKLJHPFFAD77CC,27,306.01,住商用,鋼筋混凝土造,82年5月24日,五層,
RPTNMLKLJHPFFAD87CC,51,106.68,住商用,加強磚造,56年8月22日,三層,
RPQPMLLMJHPFFCD18CC,24,102.96,住商用,鋼筋混凝土造,84年9月7日,二層,
RPRPMLLMJHPFFCD28CC,27,106.00,住家用,鋼筋混凝土造,81年10月22日,十五層,
RPRPMLLMJHPFFCD28CC,27,5.06,共有部分,鋼筋混凝土造,81年10月22日,十五層,
RPRPMLLMJHPFFCD28CC,27,12.75,共有部分,鋼筋混凝土造,81年10月22日,十五層,
RPRPMLLMJHPFFKD09CC,25,40.48,辦公室。,鋼筋混凝土造,84年3月31日,十五層,
RPRPMLLMJHPFFKD09CC,25,8.86,共有部分,鋼筋混凝土造,84年3月31日,十五層,
RPPPMLLMJHPFFKD88CC,2,58.08,住家用,鋼筋混凝土構造,106年11月14日,十六層,
RPPPMLLMJHPFFKD88CC,2,50.10,本共有部分之項目計有防空避難室，停車空間，機房，梯廳，梯間，防災中心，管理員室，公共服務空間，管委會使用空間，儲藏室等１０項,鋼筋混凝土構造,106年11月14日,十六層,
RPWNMLLMJHPFFKD76CC,25,82.12,住家用,鋼筋混凝土造,83年11月8日,十七層,
RPWNMLLMJHPFFKD76CC,25,11.89,共有部分,鋼筋混凝土造,83年11月8日,十七層,
RPWNMLLMJHPFFKD76CC,25,15.19,共有部分,鋼筋混凝土造,83年11月8日,十七層,
RPVOMLLMJHPFFKD76CC,46,152.89,住家用,加強磚造,,二層,
RPUNMLLMJHPFFAD18CC,31,53.87,住家用,鋼筋混凝土造,78年4月10日,五層,
RPUNMLLMJHPFFAD18CC,31,11.15,共有部分,鋼筋混凝土造,78年4月10日,五層,
RPUOMLLMJHPFFKD66CC,34,101.12,住家用,加強磚造,74年11月30日,二層,
RPOOMLLMJHPFFKD68CC,25,57.53,住宅、店舖、避難室。,鋼筋混凝土造,83年10月6日,十二層,
RPOOMLLMJHPFFKD68CC,25,39.74,共有部分,鋼筋混凝土造,83年10月20日,十二層,
RPQPMLLMJHPFFAD97CC,39,46.31,住商用,鋼筋混凝土造,70年6月4日,三層,
RPVPMLLMJHPFFAD48CC,41,94.92,住家用,加強磚造,67年8月24日,二層,
RPSNMLNJKHPFFAD97CC,15,223.61,遊藝場,鋼骨造,94年3月18日,一層,
RPWOMLNJKHPFFAD48CC,48,170.25,住商用,鋼筋混凝土加強磚造,61年2月5日,五層,
RPOPMLNJKHPFFAD77CC,48,169.47,住商用,鋼筋混凝土加強磚造,61年2月5日,五層,
RPQPMLNJKHPFFAD97CC,37,149.76,住商用,鋼筋混凝土造,71年11月25日,三層,
RPXPMLNJKHPFFAD68CC,25,175.23,住商用,鋼筋混凝土造,84年4月18日,四層,
RPTPMLNJKHPFFAD28CC,39,46.31,住商用,鋼筋混凝土造,70年6月4日,三層,
RPXPMLNJKHPFFAD68CC,25,27.40,共有部分,鋼筋混凝土造,84年4月18日,四層,
RPOQMLLMJHPFFCD08CC,26,90.54,住家用,鋼筋混凝土造,83年3月16日,七層,
RPXPMLLMJHPFFCD88CC,1,123.87,集合住宅,鋼筋混凝土構造,107年12月5日,十五層,
RPOQMLLMJHPFFCD08CC,26,43.09,共有部分,鋼筋混凝土造,83年3月16日,七層,
RPXPMLLMJHPFFCD88CC,1,83.72,本共有部份之項目有：停車空間、防空避難室兼停車空間、門廊、公共服務空間、管理委員會使用空間、樓梯間、水箱。,鋼筋混凝土構造,107年12月5日,十五層,
RPXPMLLMJHPFFCD88CC,1,25.02,本共有部份之項目有：樓梯間。,鋼筋混凝土構造,107年12月5日,十五層,
RPPOMLNJKHPFFCD97CC,28,72.86,住家用,鋼筋混凝土造,80年11月21日,六層,
RPPOMLNJKHPFFCD97CC,28,16.18,共有部分,鋼筋混凝土造,80年11月21日,六層,
RPUOMLNJKHPFFCD48CC,38,84.58,住家用,鋼筋混凝土造,70年9月30日,四層,
RPQOMLOJKHPFFCD18CC,34,112.97,住家用,鋼筋混凝土造,74年8月16日,二層,
RPUNMLOJKHPFFCD48CC,10,147.28,商業用,鋼骨構造,99年6月9日,四層,
RPUNMLOJKHPFFCD48CC,10,161.87,辦公室,鋼骨構造,99年6月9日,四層,
RPUNMLOJKHPFFCD48CC,10,83.33,本共有部分之項目有梯間、電梯、陽台、突出物００１層等４項。,鋼骨構造,99年6月9日,四層,
RPVNMLOJKHPFFBD48CC,22,169.91,停車空間．住宅,鋼筋混凝土造,86年9月18日,三層,
RPUNMLNJKHPFFID98CC,45,58.40,住家用,加強磚造,64年5月1日,二層,
RPQNMLLJKHPFFID38CC,43,114.24,住家用,加強磚造,65年10月1日,二層,
RPVNMLPJKHPFFBD58CC,1,178.92,住宅、停車空間,鋼筋混凝土造,108年1月19日,四層,
RPRNMLPJKHPFFAD08CC,35,29.12,住家用,鋼筋混凝土造,73年12月28日,十四層,
RPRNMLPJKHPFFAD08CC,35,9.85,共有部分,鋼筋混凝土造,73年12月28日,十四層,
RPPOMLOJKHPFFAD87CC,42,28.19,住家用,鋼筋混凝土造,66年12月2日,七層,
RPPOMLOJKHPFFAD87CC,42,6.14,共有部分,鋼筋混凝土造,66年12月2日,七層,
RPXOMLOJKHPFFAD68CC,48,83.49,住家用,加強磚造,60年8月22日,二層,
RPRNMLOJKHPFFAD97CC,12,89.35,集合住宅,鋼筋混凝土構造,96年8月24日,十四層,
RPRNMLOJKHPFFAD97CC,12,12.00,共有部分,鋼筋混凝土構造,96年8月24日,十四層,
RPRNMLOJKHPFFAD97CC,12,14.67,共有部分,鋼筋混凝土構造,96年8月24日,十四層,
RPTNMLPJKHPFFCD48CC,13,39.67,店舖、住宅、停車空間,鋼筋混凝土造,96年4月27日,五層,
RPVNMLQJKHPFFCD78CC,25,158.95,住商用,鋼筋混凝土造,83年9月1日,八層,
RPQNMLQJKHPFFCD28CC,35,130.68,住家用,鋼筋混凝土造,74年4月27日,七層,
RPVNMLQJKHPFFCD78CC,25,17.88,共有部分,鋼筋混凝土造,83年9月1日,八層,
RPQNMLQJKHPFFCD28CC,35,38.16,共有部分,鋼筋混凝土造,74年4月27日,七層,
RPVNMLQJKHPFFCD78CC,25,35.32,共有部分,鋼筋混凝土造,83年9月1日,八層,
RPUNMLQJKHPFFCD68CC,38,91.93,住家用,鋼筋混凝土造,71年1月8日,五層,
RPUNMLQJKHPFFCD68CC,38,14.10,共有部分,鋼筋混凝土造,71年1月8日,五層,
RPRNMLQJKHPFFCD38CC,36,19.83,住家用,鋼筋混凝土造,72年11月21日,五層,
RPWNMLQJKHPFFCD88CC,17,198.34,住商用,鋼筋混凝土造,92年3月11日,三層,
RPROMLQJKHPFFCD48CC,36,218.12,住商用,鋼筋混凝土造,73年4月23日,三層,
RPROMLQJKHPFFAD28CC,42,147.72,住家用,鋼筋混凝土造,66年11月23日,四層,
RPQNMLQJKHPFFAD08CC,45,73.38,住家用,加強磚造,64年4月1日,二層,
RPTNMLQJKHPFFID56CC,,77.17,集合住宅,鋼筋混凝土構造,108年8月22日,五層,
RPTNMLQJKHPFFID56CC,,42.08,本共有部分之項目有管理維護使用空間、停車空間、安全梯、梯間、昇降機道、昇降機間、電信室、梯廳、昇降機機房等９項,鋼筋混凝土構造,108年8月22日,五層,
RPUNMLRJKHPFFID76CC,6,156.67,工業用,鋼骨構造有牆。,102年7月29日,一層,
RPUNMLRJKHPFFKD96CC,28,80.18,住家用,鋼筋混凝土造,81年5月11日,七層,
RPUNMLRJKHPFFKD96CC,28,22.91,共有部分,鋼筋混凝土造,81年5月11日,七層,
RPTNMLRJKHPFFGD56DC,40,215.82,住商用,鋼筋混凝土造,68年11月15日,四層,
RPVNMLRJKHPFFAD68CC,37,115.22,住家用,鋼筋混凝土造,71年12月7日,四層,
RPVNMLRJKHPFFAD68CC,37,14.60,共有部分,鋼筋混凝土造,71年12月7日,四層,
RPSOMLNJKHPFFKD09CC,27,78.51,住家用,鋼筋混凝土造,81年11月6日,十層,
RPSOMLQJKHPFFKD76CC,25,14.79,住家用,鋼筋混凝土造,84年4月17日,八層,
RPSOMLNJKHPFFKD09CC,27,23.91,共有部分,鋼筋混凝土造,81年11月6日,十層,
RPSOMLQJKHPFFKD76CC,25,2.01,共有部分,鋼筋混凝土造,84年4月17日,八層,
RPSOMLQJKHPFFKD76CC,25,8.34,共有部分,鋼筋混凝土造,84年4月17日,八層,
RPPOMLQJKHPFFKD09CC,26,65.30,住家用,鋼筋混凝土造,83年4月26日,七層,
RPPOMLQJKHPFFKD09CC,26,19.59,共有部分,鋼筋混凝土造,83年4月26日,七層,
RPQOMLPJKHPFFKD09CC,22,23.38,住家用,鋼筋混凝土造,87年6月2日,七層,
RPQOMLPJKHPFFKD09CC,22,2.23,共有部分,鋼筋混凝土造,87年6月2日,七層,
RPQOMLPJKHPFFKD09CC,22,5.85,共有部分,鋼筋混凝土造,87年6月2日,七層,
RPXNMLQJKHPFFKD17CC,25,364.56,住商用,鋼筋混凝土造,83年9月24日,五層,
RPTNMLNJKHPFFKD09CC,32,107.91,住商用,鋼筋混凝土造,77年5月19日,二層,
RPTOMLNJKHPFFKD56CC,25,74.11,住商用,鋼筋混凝土造,83年10月6日,十二層,
RPTOMLNJKHPFFKD56CC,25,25.28,共有部分,鋼筋混凝土造,83年10月6日,十二層,
RPWOMLPJKHPFFKD07CC,27,13.23,住家用,鋼筋混凝土造,82年6月15日,三層,
RPQNMLRJKHPFFCD38CC,25,92.09,住家用,鋼筋混凝土造,83年10月28日,七層,
RPQNMLRJKHPFFCD38CC,25,35.83,共有部分,鋼筋混凝土造,83年10月28日,八層,
RPPNMLSJKHPFFKD56CC,14,182.44,住家用,鋼筋混凝土造,95年3月1日,四層,
RPQNMLKKKHPFFKD58CC,4,57.95,住家用,鋼筋混凝土構造,105年5月12日,二十層,
RPQNMLKKKHPFFKD58CC,4,52.60,本共有部分之項目有防空避難室兼停車空間，車道，外廊，樓梯間，頂蓋型廣場式開放空間，出入口緩衝空間，門廳，防災中心，中繼設備層，機械室及水箱等１１項,鋼筋混凝土構造,105年5月12日,二十層,
RPQOMLKKKHPFFKD68CC,11,63.60,住家用,鋼筋混凝土造,97年9月3日,十四層,
RPQOMLKKKHPFFKD68CC,11,53.45,共有部分,鋼筋混凝土造,97年9月3日,十四層,
RPXNMLRJKHPFFCD09CC,39,103.44,住家用,鋼筋混凝土造,70年1月21日,五層,
RPWNMLKKKHPFFAD18CC,24,108.50,住家用,鋼筋混凝土造,84年8月19日,十六層,
RPXNMLRJKHPFFCD09CC,39,13.98,共有部分,鋼筋混凝土造,70年1月21日,五層,
RPWNMLKKKHPFFAD18CC,24,14.70,共有部分,鋼筋混凝土造,84年8月19日,十六層,
RPWNMLKKKHPFFAD18CC,24,14.50,共有部分,鋼筋混凝土造,84年8月19日,十六層,
RPTOMLKKKHPFFKD98CC,7,59.35,集合住宅,鋼筋混凝土構造,101年8月17日,十九層,
RPTOMLKKKHPFFKD98CC,7,30.55,防空避難室兼停車空間，機電設備，社區文康室，社區運動室，梯廳，機械室，水箱,鋼筋混凝土構造,101年8月17日,十九層,
RPTNMLKKKHPFFHD58CC,25,96.19,住家用,鋼筋混凝土造,83年8月6日,八層,
RPUNMLKKKHPFFHD68CC,5,184.45,集合住宅,鋼筋混凝土造,103年11月5日,四層,
RPSOMLKKKHPFFHD58CC,22,265.35,住商用,鋼筋混凝土造,87年4月7日,五層,
