﻿編號,土地位置,土地移轉面積(平方公尺),使用分區或編定,權利人持分分母,權利人持分分子,移轉情形,地號
The serial number, land position,land shifting area square meter,the use zoning or compiles and checks,,,,land parcel
RPVNMLLKJIOFFBE28CC,新興段二小段,20.49,都市：商,,,,14390000
RPOOMLLKJIOFFBE67CC,新興段四小段,5.19,都市：商,,,,12140000
RPUOMLLKJIOFFDE48CC,三塊厝段一小段,15.31,都市：商,,,,10890000
RPTPMLLKJIOFFDE48CC,鼎泰段,19.40,都市：住,,,,14030000
RPXOMLLKJIOFFBE58CC,林德官段一小段,34.56,都市：商,,,,24370000
RPQONLLKJIOFFEE28CC,新庄段十三小段,6.21,都市：商,,,,14910000
RPXONLLKJIOFFEE98CC,新民段,.00,都市：住,,,,02620000
RPWNNLLKJIOFFEE78CC,高昌段,11.88,都市：住,,,,01120000
RPUNNLLKJIOFFEE58CC,新福段六小段,23.74,都市：住,,,,00180000
RPPNMLLKJIOFFCE77CC,獅甲段二小段,23.91,都市：住,,,,05890000
RPUNMLLKJIOFFFE58CC,岡山段,82.00,都市：住,,,,07040006
RPUNMLLKJIOFFFE58CC,岡山段,37.00,都市：住,,,,07040034
RPSOMLLKJIOFFFE48CC,下竹圍段,17.46,都市：住,,,,00410006
RPVPMLLKJIOFFCE58CC,獅甲段,11.73,都市：商,,,,04190004
RPQNMLLKJIOFFGE28CC,道爺?段下菜園小段,60.00,都市：住,,,,00270019
RPOPMLLKJIOFFGE28CC,文山段,19.66,都市：住,,,,03870000
RPRPMLLKJIOFFGE58CC,七老爺段,24.04,都市：住,,,,12260024
RPPNMLLKJIOFFIE38CC,嘉誠段,330.57,非都市：一般農業區 ; 非都市編定：農牧用地,,,,03690000
RPSNMLLKJIOFFIE68CC,興農段,165.28,都市：其他:國小用地,,,,00630000
RPWNMLLKJIOFFIE09CC,豐禾段,79.33,都市：住,,,,00050000
RPOOMLLKJIOFFIE38CC,灣勢段,809.91,都市：農,,,,05970000
RPOOMLMKJIOFFGE28CC,新甲段,67.00,都市：住,,,,12370007
RPUNMLLKJIOFFAE08CC,青海段,29.25,都市：住,,,,06800000
RPSOMLLKJIOFFAE97CC,前金段,6.43,都市：商,,,,00580016
RPPPMLLKJIOFFAE77CC,龍華段二小段,77.00,都市：住,,,,05620000
RPSPMLLKJIOFFAE08CC,龍中段,21.34,都市：商,,,,00650000
RPXOMLLKJIOFFAE48CC,內惟段六小段,24.87,都市：住,,,,11770000
RPVPMLMKJIOFFFE98CC,仕興段,75.00,都市：住,,,,08980024
RPPPMLMKJIOFFCE08CC,宏明段,.55,都市：住,,,,04440000
RPWPMLMKJIOFFFE09CC,仕興段,.00,都市：住,,,,08980024
RPTNMLMKJIOFFDE38CC,建德段,.00,都市：商,,,,05950001
RPVOMLMKJIOFFBE48CC,意誠段,14.03,都市：商,,,,07270000
RPVNMLMKJIOFFBE38CC,林德官段,25.00,都市：商,,,,11910000
RPUNMLMKJIOFFAE18CC,龍中段,13.74,都市：商,,,,00630000
RPTOMLMKJIOFFCE38CC,愛群段,8.29,都市：商,,,,10810000
RPWOMLMKJIOFFBE58CC,新興段三小段,82.00,都市：商,,,,12280000
RPTNMLMKJIOFFBE18CC,林德官段二小段,.00,都市：商,,,,33970000
RPSOMLNKJIOFFBE28CC,苓洲段,.00,都市：商,,,,00020000
RPVOMLNKJIOFFEE88CC,新庄段七小段,2831.00,都市：住,,,,03150000
RPTOMLNKJIOFFBE38CC,大統段一小段,.00,都市：商,,,,06430000
RPUNMLNKJIOFFEE68CC,新庄段四小段,110.00,都市：住,,,,02590000
RPTNMLNKJIOFFEE58CC,新庄段四小段,110.00,都市：住,,,,02590000
RPPNMLNKJIOFFCE97CC,獅甲段二小段,18.43,都市：住,,,,05580000
RPOPMLNKJIOFFCE08CC,?莊段,7.89,都市：商,,,,07210000
RPPOMLNKJIOFFCE08CC,草衙段一小段,70.31,都市：住,,,,07320000
RPTOMLNKJIOFFGE88CC,新庄子段,102.00,都市：住,,,,01580029
RPPNMLOKJIOFFGE48CC,福誠段,25.00,都市：住,,,,00220000
RPTNMLOKJIOFFIE09CC,大?腿段,380.17,都市：農,,,,13040001
RPSNMLOKJIOFFCE38CC,新生段,5.23,都市：商,,,,03690000
RPVNMLOKJIOFFLE96CC,翁公園段,.00,都市：工,,,,39910134
RPRNMLOKJIOFFLE56CC,翁公園段二小段,581.60,都市：農,,,,45430000
RPRNMLOKJIOFFLE56CC,翁公園段二小段,410.20,都市：農,,,,45440000
RPUNMLOKJIOFFIE56CC,興農段,.00,都市：住,,,,07940010
RPSOMLOKJIOFFEE68CC,高昌段,685.43,都市：住,,,,01180000
RPUNMLOKJIOFFEE78CC,福山段,17.27,都市：商,,,,02910000
RPQNMLOKJIOFFCE18CC,大林段,126.00,都市：商,,,,03320008
RPPOMLOKJIOFFEE38CC,新華段,12.51,都市：住,,,,00260000
RPXOMLOKJIOFFEE56CC,新庄段六小段,13.59,都市：住,,,,09500000
RPPPMLOKJIOFFDE38CC,三塊厝段,.00,都市：住,,,,11480009
RPOPMLOKJIOFFDE28CC,三塊厝段,.00,都市：住,,,,11480009
RPQNMLOKJIOFFDE28CC,大港段四小段,.00,都市：商,,,,31500000
RPUOMLOKJIOFFDE78CC,三塊厝段,.00,都市：住,,,,11480009
RPXOMLOKJIOFFDE09CC,建豐段,2.47,都市：商,,,,07020000
RPXOMLOKJIOFFDE09CC,建豐段,12.85,都市：商,,,,07030000
RPWOMLMKJIOFFDE78CC,建豐段,5.02,都市：住,,,,03900000
RPSNMLOKJIOFFBE28CC,林德官段一小段,8.25,都市：商,,,,24070000
RPQPMLOKJIOFFDE48CC,三塊厝段,.00,都市：住,,,,11480009
RPPNMLOKJIOFFAE87CC,大成段,9.34,都市：商,,,,07150000
RPPNMLOKJIOFFAE87CC,大成段,9.18,都市：住,,,,07170000
RPTOMLOKJIOFFBE48CC,新興段一小段,8.60,都市：商,,,,03180000
RPTNMLOKJIOFFAE28CC,青海段,15.45,都市：住,,,,04400000
RPSOMLOKJIOFFBE38CC,意誠段,14.24,都市：商,,,,00510000
RPXNMLOKJIOFFAE68CC,龍中段,9.16,都市：商,,,,01040000
RPUOMLOKJIOFFAE48CC,龍中段,16.10,都市：商,,,,00650000
RPROMLOKJIOFFAE18CC,大智段,53.00,都市：商,,,,05570000
RPROMLOKJIOFFAE18CC,大智段,41.00,都市：商,,,,05580000
RPVOMLOKJIOFFAE58CC,龍中段,16.62,都市：商,,,,01250000
RPQNMLPKJIOFFBE18CC,正昌段,17.31,都市：住,,,,08210005
RPRNMLPKJIOFFBE28CC,大統段一小段,.00,都市：商,,,,14050000
RPSNMLPKJIOFFBE38CC,正德段,8.61,都市：住,,,,06660000
RPSNMLPKJIOFFBE38CC,正德段,5.69,都市：住,,,,06660001
RPQQMLOKJIOFFEE68CC,福山段,17.27,都市：商,,,,02910000
RPQPMLOKJIOFFEE58CC,新庄段十三小段,4.99,都市：商,,,,14290000
RPRPMLOKJIOFFEE68CC,新民段,.00,都市：住,,,,00950000
RPPSMLOKJIOFFEE78CC,新光段,.00,都市：商,,,,03500000
RPTPMLPKJIOFFEE98CC,新庄段十三小段,6.32,都市：商,,,,14360000
RPQOMLPKJIOFFDE48CC,大港段七小段,.00,都市：商,,,,06850004
RPVOMLPKJIOFFDE98CC,金獅段,6.07,都市：商,,,,01490000
RPUOMLPKJIOFFEE98CC,福民段,127.93,都市：住,,,,02950000
RPUNMLPKJIOFFJE76CC,大湖段,565.00,都市：農,,,,21080030
RPWOMLPKJIOFFFE66CC,岡山段,7.86,都市：住,,,,00300008
RPXOMLPKJIOFFFE76CC,瓊西段,146.85,都市：工,,,,06650000
RPXOMLPKJIOFFFE76CC,瓊西段,150.67,都市：工,,,,06660000
RPUNMLPKJIOFFBE58CC,大統段一小段,.00,都市：商,,,,14050000
RPVNMLPKJIOFFBE68CC,大統段一小段,.00,都市：商,,,,14050000
RPUOMLPKJIOFFBE68CC,大統段一小段,.00,都市：商,,,,12440000
RPTNMLPKJIOFFBE48CC,大統段一小段,.00,都市：商,,,,14050000
RPSOMLPKJIOFFFE88CC,瓊西段,262.66,都市：工,,,,06050001
RPSOMLPKJIOFFFE88CC,瓊西段,172.73,都市：工,,,,06080000
RPSOMLPKJIOFFFE88CC,瓊西段,60.47,都市：工,,,,06100000
RPOPMLPKJIOFFBE18CC,五塊厝段,6.82,都市：商,,,,16140000
RPWNMLPKJIOFFIE86CC,?埔段,357.00,都市：農,,,,11700001
RPOPMLPKJIOFFFE58CC,梓信段,644.62,都市：農,,,,00360000
RPRNMLPKJIOFFIE98CC,仁新段,297.52,都市：其他:分區界線尚未分割,,,,01210000
RPPNMLQKJIOFFCE28CC,獅甲段,68.08,都市：住,,,,01600001
RPPNMLQKJIOFFCE28CC,獅甲段,74.02,都市：商,,,,01580001
RPTOMLPKJIOFFIE66CC,烏林段,739.20,非都市：一般農業區 ; 非都市編定：農牧用地,,,,08210000
RPRNMLPKJIOFFGE78CC,五甲段,160.00,都市：住,,,,12760014
RPQNMLPKJIOFFAE08CC,龍華段四小段,.00,都市：住,,,,07550000
RPPNMLQKJIOFFBE18CC,意誠段,.00,都市：商,,,,00430000
RPTNMLQKJIOFFBE58CC,新興段一小段,90.00,都市：商,,,,18610000
RPSNMLQKJIOFFBE48CC,意誠段,9.17,都市：商,,,,01990000
RPQNMLQKJIOFFAE18CC,鹽府段,68.00,都市：住,,,,01210000
RPPNMLQKJIOFFAE08CC,北金段,53.00,都市：住,,,,07390000
RPPNMLQKJIOFFAE08CC,北金段,10.00,都市：住,,,,07460000
RPTNMLSKJIOFFAE68CC,前金段,.00,非都市： ; 非都市編定：,,,,00640003
RPTOMLSKJIOFFAE78CC,青海段,2351.40,都市：住,,,,06590000
RPUOMLSKJIOFFEE66CC,新光段,15.89,都市：住,,,,01830000
RPVOMLSKJIOFFAE98CC,龍華段八小段,10.20,都市：商,,,,22160000
RPWOMLSKJIOFFAE09CC,龍華段八小段,.00,都市：商,,,,22560000
RPSOMLSKJIOFFAE68CC,青海段,2531.40,都市：住,,,,06590000
RPVNMLSKJIOFFDE56CC,鼎泰段,.00,都市：住,,,,13660000
RPQQMLSKJIOFFDE98CC,建民段,.00,都市：住,,,,07790000
RPTOMLSKJIOFFFE66CC,岡山段,72.00,都市：住,,,,00360012
RPVNMLTKJIOFFJE27CC,三爺埤段,1157.02,非都市：一般農業區 ; 非都市編定：農牧用地,,,,00850001
RPWOMLSKJIOFFDE76CC,獅頭段一小段,.00,都市：商,,,,15290000
RPVNMLTKJIOFFFE86CC,福潭段,82.64,非都市：特定農業區 ; 非都市編定：特定目的事業用地,,,,03530000
RPOOMLTKJIOFFFE88CC,岡山段,88.00,都市：住,,,,08210023
RPWOMLSKJIOFFLE57CC,王厝段,330.58,都市：農,,,,08310000
RPWOMLTKJIOFFDE86CC,三塊厝段,325.00,都市：商,,,,13090005
RPWOMLTKJIOFFDE86CC,三塊厝段,163.00,都市：商,,,,13090006
RPWOMLTKJIOFFDE86CC,三塊厝段,154.00,都市：商,,,,13090007
RPWOMLTKJIOFFDE86CC,三塊厝段,9.00,都市：其他:道路用地,,,,13090082
RPTNMLSKJIOFFGE66CC,道爺?段下菜園小段,.00,都市：住,,,,00400008
RPVNMLTKJIOFFEE76CC,新庄段十二小段,30.08,都市：住,,,,11080000
RPQNMLQKJIOFFGE78CC,道爺?段,26.90,都市：住,,,,10910047
RPPPMLTKJIOFFAE58CC,青海段,19.65,都市：住,,,,04400000
RPPQMLSKJIOFFGE56CC,竹子腳段,.00,都市：住,,,,02720005
RPXPMLSKJIOFFGE27CC,大貝湖段,.00,都市：住,,,,00500011
RPQOMLTKJIOFFEE98CC,福山段,.00,都市：商,,,,04700000
RPVPMLTKJIOFFAE56CC,青海段,.00,都市：商,,,,01630000
RPQPMLTKJIOFFAE68CC,前金段,7.87,都市：商,,,,00710039
RPQPMLTKJIOFFAE68CC,前金段,7.87,都市：商,,,,00710040
RPQPMLTKJIOFFAE68CC,前金段,7.87,都市：商,,,,00710041
RPUNMLKLJIOFFAE08CC,前金段,135.00,都市：商,,,,04450005
RPVNMLKLJIOFFAE18CC,前金段,5.85,都市：商,,,,00930004
RPTNMLKLJIOFFEE38CC,果貿段,22.50,都市：住,,,,00170000
RPUNMLKLJIOFFIE88CC,山水段,12.33,都市：商,,,,08130000
RPQOMLLLJIOFFGE48CC,竹子腳段,.00,都市：住,,,,01890001
RPRNMLSKJIOFFCE68CC,獅甲段,11.18,都市：商,,,,01580001
RPRNMLSKJIOFFCE68CC,獅甲段,10.28,都市：住,,,,01600001
RPPPMLKLJIOFFCE97CC,竹北段,.00,都市：住,,,,16570000
RPQPMLLLJIOFFCE18CC,愛群段,4.51,都市：商,,,,24590000
RPRPMLTKJIOFFCE98CC,鎮昌段一小段,.00,都市：商,,,,13300000
RPRPMLTKJIOFFCE98CC,鎮昌段一小段,.00,都市：商,,,,13310000
RPXOMLLLJIOFFCE78CC,憲德段二小段,7.35,都市：商,,,,00260000
RPRPMLLLJIOFFCE28CC,愛群段,7.30,都市：商,,,,24590000
RPUOMLLLJIOFFFE78CC,下竹圍段,29.29,都市：住,,,,00220003
RPWPMLLLJIOFFCE78CC,中厝段,70.00,都市：其他:主要計畫屬特定倉儲轉運專用區,,,,06730000
RPWPMLLLJIOFFCE78CC,中厝段,47.00,都市：其他:主要計畫屬特定倉儲轉運專用區,,,,09180007
RPPNMLLLJIOFFJE58CC,土庫段一小段,77.00,非都市：特定農業區 ; 非都市編定：甲種建築用地,,,,02330049
RPPOMLKLJIOFFBE77CC,過田子段,.00,都市：商,,,,07860000
RPSOMLTKJIOFFBE88CC,意誠段,.00,都市：商,,,,01990000
RPVNMLKLJIOFFBE28CC,大統段二小段,.00,都市：商,,,,12370000
RPRNMLKLJIOFFBE87CC,過田子段,.00,都市：商,,,,11360000
RPPNMLKLJIOFFBE67CC,新興段四小段,.00,都市：商,,,,16770000
RPPNMLKLJIOFFBE67CC,新興段四小段,.00,都市：商,,,,16780000
RPVNMLLLJIOFFEE68CC,和平段五小段,15.52,都市：住,,,,02690000
RPQNMLLLJIOFFEE18CC,新庄段十三小段,6.70,都市：商,,,,14450000
RPXNMLLLJIOFFEE88CC,藍田東段,23.49,都市：住,,,,01580000
RPSNMLLLJIOFFDE28CC,三塊厝段四小段,14.10,都市：商,,,,30770000
RPROMLLLJIOFFDE28CC,獅頭段一小段,33.70,都市：商,,,,16700000
RPQPMLLLJIOFFDE28CC,大順段,9.61,都市：住,,,,03990001
RPQPMLLLJIOFFDE28CC,大順段,6.08,都市：商,,,,04000000
RPWNMLKLJIOFFDE58CC,澄東段,284.51,都市：住,,,,01080000
RPVNMLLLJIOFFDE58CC,三塊厝段,.00,都市：住,,,,12210004
RPTOMLLLJIOFFBE28CC,五權段,23.78,都市：住,,,,00500000
RPUOMLLLJIOFFBE38CC,林德官段,5.97,都市：商,,,,11400000
RPTPMLLLJIOFFBE38CC,林德官段,8.81,都市：商,,,,13320003
RPTPMLLLJIOFFBE38CC,林德官段,8.81,都市：商,,,,13320007
RPTPMLLLJIOFFBE38CC,林德官段,8.81,都市：商,,,,13320008
RPTNMLMLJIOFFBE28CC,成功段,.00,都市：商,,,,07080000
RPSQMLLLJIOFFEE68CC,新庄段十三小段,6.24,都市：商,,,,14450000
RPQRMLLLJIOFFEE58CC,福山段,12.13,都市：商,,,,02910000
RPOQMLLLJIOFFEE28CC,新庄段十三小段,8.21,都市：商,,,,14450000
RPWNMLMLJIOFFBE58CC,成功段,.00,都市：商,,,,07080000
RPSRMLLLJIOFFEE78CC,新光段,10.30,都市：住,,,,01140000
RPPPMLMLJIOFFBE08CC,武聖段,.00,都市：住,,,,00120001
RPPPMLMLJIOFFBE08CC,武聖段,.00,都市：住,,,,10510000
RPUOMLMLJIOFFBE48CC,新興段四小段,.00,都市：商,,,,18230000
RPRPMLMLJIOFFDE48CC,覆鼎金段覆鼎金小段,6.64,都市：住,,,,16560000
RPSPMLMLJIOFFDE58CC,大港段六小段,.00,都市：商,,,,05620000
RPUPMLMLJIOFFDE78CC,三塊厝段,.00,都市：住,,,,11480009
RPSOMLMLJIOFFAE18CC,鼓中段五小段,.00,都市：住,,,,01920000
RPTOMLMLJIOFFAE28CC,龍華段五小段,.00,都市：住,,,,11490000
RPSOMLLLJIOFFAE08CC,青海段,20.03,都市：住,,,,03550002
RPRNMLMLJIOFFAE08DC,龍華段八小段,209.33,都市：商,,,,23810002
RPTNMLLLJIOFFAE08CC,龍中段,20.80,都市：住,,,,02280000
RPROMLLLJIOFFAE97CC,博孝段,5.50,都市：商,,,,12340000
RPUNMLLLJIOFFAE18CC,鹽壽段,76.00,都市：商,,,,02760000
RPUNMLLLJIOFFAE18CC,鹽壽段,3.00,都市：商,,,,00110000
RPWNMLLLJIOFFAE38CC,青海段,19.85,都市：住,,,,03550002
RPPNMLMLJIOFFAE77CC,前金段,7.94,都市：商,,,,00580016
RPOOMLMLJIOFFEE28DC,藍昌段三小段,6.61,都市：商,,,,04860000
RPSNMLMLJIOFFLE56CC,內湖段,.00,都市：住,,,,08710023
RPPOMLMLJIOFFLE98CC,琉球段,.00,都市：住,,,,11650000
RPXNMLMLJIOFFLE07CC,琉球段,.00,都市：住,,,,11650000
RPTNMLMLJIOFFFE78DC,岡山段,85.00,都市：住,,,,00410045
RPTNMLMLJIOFFFE78DC,岡山段,17.70,都市：住,,,,00410042
RPTNMLMLJIOFFFE78DC,岡山段,17.70,都市：住,,,,00410041
RPTNMLMLJIOFFFE78DC,岡山段,17.70,都市：住,,,,00410040
RPTNMLMLJIOFFFE78DC,岡山段,17.70,都市：住,,,,00410039
RPSOMLMLJIOFFFE68CC,後壁田段,.00,都市：住,,,,03570000
RPSNMLMLJIOFFFE58CC,大紅段,9.77,都市：住,,,,05190000
RPVNMLMLJIOFFLE86CC,內坑段,.00,都市：住,,,,08440000
RPVNMLMLJIOFFLE86CC,內坑段,.00,都市：住,,,,08450000
RPQOMLMLJIOFFGE58CC,竹子腳段,61.00,都市：住,,,,02840029
RPTOMLMLJIOFFGE88CC,文英段,19.40,都市：住,,,,21500000
RPSNMLMLJIOFFIE88CC,慈惠段,13.43,都市：住,,,,10270000
RPPNMLMLJIOFFIE58CC,烏林段,330.57,非都市：山坡地保育區 ; 非都市編定：丁種建築用地,,,,07080000
RPPNMLNLJIOFFDE18CC,覆鼎金段覆鼎金小段,81.00,都市：住,,,,12810007
RPPNMLMLJIOFFCE97CC,盛興段,18.14,都市：住,,,,14920000
RPPNMLNLJIOFFAE87CC,龍華段八小段,15.05,都市：商,,,,22160000
RPUQMLMLJIOFFCE78CC,宏明段,21.22,都市：住,,,,01320000
RPQNMLPLJIOFFAE18CC,民生段,.00,都市：商,,,,08160000
RPOPMLMLJIOFFGE48CC,頂新段,113.32,都市：住,,,,02010000
RPWOMLPLJIOFFDE56CC,覆鼎金段覆鼎金小段,37.72,都市：住,,,,15140000
RPTOMLPLJIOFFDE88CC,覆鼎金段覆鼎金小段,.00,都市：住,,,,13260016
RPUOMLPLJIOFFAE68CC,府北段五小段,.00,都市：商,,,,02210000
RPQNMLPLJIOFFEE58CC,新庄段十三小段,.00,都市：商,,,,15310000
RPQNMLPLJIOFFEE58CC,新庄段十三小段,.00,都市：商,,,,15330000
RPUOMLPLJIOFFDE98CC,大港段,33.09,都市：住,,,,34080000
RPXOMLPLJIOFFDE66CC,灣復段,.00,都市：商,,,,04830000
RPVOMLPLJIOFFAE78CC,東金段,19.24,都市：商,,,,06660000
RPPOMLPLJIOFFIE98CC,?埔段,190.61,都市：農,,,,10330000
RPSPMLPLJIOFFDE88CC,獅頭段,.00,都市：住,,,,27900000
RPQOMLPLJIOFFIE09CC,興農段,.00,都市：住,,,,07940010
RPQOMLPLJIOFFIE09CC,興農段,.00,都市：住,,,,07940011
RPSNMLPLJIOFFGE98CC,鳳山段火房口小段,60.00,都市：商,,,,05100000
RPTOMLPLJIOFFGE56CC,文英段,121.00,都市：工,,,,10420018
RPWNMLPLJIOFFFE66CC,鳳龍段,330.58,非都市：一般農業區 ; 非都市編定：農牧用地,,,,10760000
RPPOMLPLJIOFFGE78CC,牛潮埔段,238.81,都市：工,,,,10990000
RPSQMLPLJIOFFCE88CC,獅甲段一小段,.00,都市：住,,,,05310000
RPQOMLQLJIOFFLE86CC,赤崁段潮州寮小段,72.00,都市：工,,,,49840012
RPRNMLQLJIOFFEE88DC,楠都段四小段,18.45,都市：住,,,,01830000
RPRNMLQLJIOFFLE86CC,翁公園段二小段,281.00,都市：農,,,,47410014
RPWNMLQLJIOFFAE98DC,文東段,60.00,都市：商,,,,00160000
RPXNMLPLJIOFFFE76CC,興龍段,.00,非都市：特定農業區 ; 非都市編定：甲種建築用地,,,,00040000
RPUNMLPLJIOFFLE07CC,山子頂段,314.05,都市：農,,,,45390000
RPVOMLQLJIOFFCE09CC,仁愛段,77.00,都市：住,,,,04060104
RPVOMLQLJIOFFCE09CC,仁愛段,46.00,都市：住,,,,04060105
RPROMLQLJIOFFDE78CC,大裕段一小段,.00,都市：住,,,,02060000
RPPOMLQLJIOFFFE78CC,大仁段,.00,都市：住,,,,30580000
RPWOMLQLJIOFFEE76CC,新華段,14.08,都市：住,,,,00260000
RPSPMLQLJIOFFEE09CC,藍田中段,.00,都市：住,,,,02930004
RPTNMLQLJIOFFAE58CC,龍華段四小段,40.83,都市：住,,,,06860000
RPTNMLQLJIOFFAE58CC,龍華段四小段,.44,都市：住,,,,06860008
RPWOMLQLJIOFFAE98CC,大東段,103.00,都市：商,,,,07340000
RPQOMLQLJIOFFAE38CC,鼓中段五小段,18.90,都市：住,,,,03270000
RPQOMLQLJIOFFAE38CC,鼓中段五小段,5.75,都市：住,,,,03270005
RPROMLQLJIOFFAE48CC,龍華段八小段,10.00,都市：商,,,,22110000
RPSNMLQLJIOFFBE58CC,五塊厝段,13.83,都市：商,,,,16140000
RPUNMLPLJIOFFBE68CC,新興段四小段,13.85,都市：商,,,,19490000
RPQNMLNLJIOFFBE08CC,新興段二小段,12.20,都市：商,,,,11800000
RPXNMLRLJIOFFBE56CC,武聖段,.00,都市：住,,,,02250011
RPQOMLRLJIOFFBE58CC,林德官段,110.00,都市：商,,,,14290002
RPWNMLRLJIOFFAE98CC,博孝段,6.11,都市：商,,,,12340000
RPOOMLRLJIOFFAE28CC,文東段,5.91,都市：商,,,,10150000
RPQOMLRLJIOFFAE48CC,青海段,16.26,都市：住,,,,06430000
RPUOMLRLJIOFFDE56CC,灣立段,30.33,都市：住,,,,07750000
RPXPMLRLJIOFFEE07CC,新民段,146.88,都市：住,,,,00530000
RPTOMLRLJIOFFDE09CC,灣中段,30.66,都市：商,,,,07150000
RPQNMLRLJIOFFIE56CC,竹園段,259.00,都市：農,,,,15560030
RPQOMLRLJIOFFCE68CC,愛群段,1868.00,都市：商,,,,10810000
RPQNMLSLJIOFFFE98CC,後壁田段,.00,都市：商,,,,00610000
RPOOMLRLJIOFFGE88CC,三甲段,65.60,都市：住,,,,00620018
RPWOMLQLJIOFFGE96CC,華鳳段,25.81,都市：住,,,,00970000
RPORMLQLJIOFFGE09CC,五甲段,124.00,都市：住,,,,11790001
RPQNMLRLJIOFFGE98CC,埤頂段,82.92,都市：住,,,,12350000
RPTNMLSLJIOFFFE66CC,文化段,99.58,都市：住,,,,06390000
RPUOMLSLJIOFFEE76CC,新庄段五小段,.00,都市：住,,,,08220000
RPOPMLSLJIOFFEE88CC,藍田西段,.00,都市：住,,,,01560000
RPPOMLSLJIOFFEE88CC,新庄段五小段,104.00,都市：住,,,,15080000
RPQNMLSLJIOFFDE78CC,大順段,.00,都市：住,,,,04020008
RPSOMLSLJIOFFEE56CC,新庄段五小段,104.00,都市：住,,,,15080000
RPXNMLSLJIOFFAE56CC,前金段,.00,都市：商,,,,01070001
RPVNMLSLJIOFFBE09CC,正言段,.00,都市：住,,,,03630000
RPPOMLSLJIOFFBE58CC,大統段二小段,37.00,都市：商,,,,08260000
RPPOMLSLJIOFFBE58CC,大統段二小段,62.00,都市：商,,,,08270000
RPPOMLSLJIOFFBE58CC,大統段二小段,87.00,都市：商,,,,08280000
RPSNMLTLJIOFFBE88CC,大統段一小段,18.63,都市：商,,,,00740000
RPQNMLSLJIOFFAE48CC,龍華段四小段,.00,非都市： ; 非都市編定：,,,,06860000
RPQNMLSLJIOFFAE48CC,龍華段四小段,.00,非都市： ; 非都市編定：,,,,06860008
RPUOMLTLJIOFFBE56CC,大統段一小段,.00,都市：商,,,,00060000
RPVNMLQLJIOFFBE98DC,衛武段,80.00,都市：住,,,,05280000
RPTNMLQLJIOFFBE68CC,新興段二小段,8.81,都市：商,,,,17670000
RPQNMLRLJIOFFBE48CC,林德官段一小段,27.78,都市：住,,,,22920000
RPTNMLSLJIOFFGE76CC,文英段,.00,都市：住,,,,21420003
RPPOMLQLJIOFFBE38CC,新興段四小段,29.77,都市：商,,,,01210000
RPPOMLQLJIOFFBE38CC,新興段四小段,.21,都市：商,,,,01210002
RPPNMLTLJIOFFDE78CC,鼎中段,12.12,都市：商,,,,04070000
RPTNMLTLJIOFFEE66CC,新庄段十三小段,6.70,都市：商,,,,14450000
RPVNMLTLJIOFFEE86CC,新庄段十三小段,6.70,都市：商,,,,14450000
RPPNMLTLJIOFFGE09CC,赤山段,10.98,都市：商,,,,07510000
RPTOMLTLJIOFFEE76CC,新福段七小段,11.14,都市：住,,,,00050000
RPWNMLTLJIOFFAE56CC,龍中段,33.92,都市：住,,,,01980000
RPTNMLTLJIOFFAE88CC,龍華段八小段,10.85,都市：商,,,,22590000
RPUOMLTLJIOFFAE09CC,北金段,.06,都市：商,,,,02550000
RPQNMLTLJIOFFAE58CC,青海段,12.22,都市：商,,,,02090000
RPXOMLTLJIOFFAE76CC,龍中段,11.87,都市：商,,,,01030000
RPRNMLTLJIOFFAE68CC,青海段,18.35,都市：住,,,,06350000
RPOOMLTLJIOFFAE48CC,龍華段八小段,10.83,都市：商,,,,22800000
RPQNMLKMJIOFFEE18CC,新庄段八小段,120.00,都市：住,,,,00140000
RPUNMLMJKIOFFDE48CC,大港段二小段,34.72,都市：住,,,,14520000
RPPOMLMJKIOFFDE08CC,建豐段,.00,都市：商,,,,07000000
RPPOMLMJKIOFFDE08CC,建豐段,.00,都市：商,,,,07010000
RPTNMLMJKIOFFCE28CC,店鎮段一小段,548.00,都市：商,,,,15260000
RPTNMLMJKIOFFCE28CC,店鎮段一小段,548.00,都市：商,,,,14530000
RPOOMLMJKIOFFEE08CC,福山段,11.90,都市：住,,,,00120000
RPXNMLMJKIOFFIE66CC,興農段,.00,都市：住,,,,07940010
RPPNMLMJKIOFFAE67CC,青海段,11.18,都市：住,,,,03600000
RPRNMLNJKIOFFFE48CC,興龍段,.00,非都市：特定農業區 ; 非都市編定：甲種建築用地,,,,00040000
RPWNMLMJKIOFFAE38CC,龍華段二小段,.00,都市：住,,,,00220002
RPUNMLMJKIOFFLE66CC,琉球段,.00,都市：住,,,,11650000
RPSNMLNJKIOFFFE58CC,興龍段,.00,非都市：特定農業區 ; 非都市編定：甲種建築用地,,,,00040000
RPXOMLMJKIOFFGE56CC,竹子腳段,.00,都市：住,,,,02940010
RPQNMLKMJIOFFGE38CC,頂新段,2245.02,都市：商,,,,00810000
RPTNMLNJKIOFFIE98CC,仁新段,456.20,都市：其他:產業專用區,,,,09870000
RPTNMLNJKIOFFIE98CC,仁新段,849.59,都市：其他:產業專用區,,,,09850000
RPTNMLNJKIOFFIE98CC,仁新段,99.17,都市：其他:產業專用區,,,,09840000
RPTNMLNJKIOFFFE68CC,興龍段,.00,非都市：特定農業區 ; 非都市編定：甲種建築用地,,,,00040000
RPSOMLNJKIOFFIE98CC,澄清段,148.32,都市：住,,,,00330003
RPQOMLNJKIOFFAE97CC,內惟段六小段,13.41,都市：住,,,,12650000
RPRNMLNJKIOFFDE28CC,大港段四小段,12.12,都市：商,,,,28360000
RPSNMLNJKIOFFDE38CC,灣昌段,263.20,都市：住,,,,03820000
RPSNMLNJKIOFFDE38CC,灣昌段,1.64,都市：住,,,,03820001
RPSNMLNJKIOFFDE38CC,灣昌段,53.70,都市：住,,,,03830000
RPUOMLNJKIOFFDE68CC,灣和段,.00,都市：住,,,,00990006
RPSOMLNJKIOFFBE28CC,新興段二小段,59.00,都市：商,,,,12530000
RPPOMLNJKIOFFBE97CC,林德官段一小段,.00,都市：住,,,,29440000
RPUOMLNJKIOFFBE48CC,武聖段,.00,都市：住,,,,21220000
RPVNMLNJKIOFFBE48CC,成功段,.00,都市：商,,,,07030000
RPSNMLNJKIOFFCE28CC,盛興段,12.20,都市：住,,,,14920000
RPPQMLNJKIOFFEE48CC,新庄段十三小段,.00,都市：商,,,,15080000
RPPOMLMJKIOFFCE97CC,愛群段,7.29,都市：商,,,,24590000
RPOOMLNJKIOFFBE87CC,過田子段,.00,都市：商,,,,11360000
RPQOMLNJKIOFFBE08CC,武聖段,.00,都市：住,,,,00120001
RPQOMLNJKIOFFBE08CC,武聖段,.00,都市：住,,,,10510000
RPROMLMJKIOFFCE18CC,憲德段二小段,.00,都市：商,,,,00260000
RPSQMLOJKIOFFEE88CC,新庄段一小段,48.57,都市：住,,,,09630000
RPTOMLOJKIOFFAE38CC,龍華段八小段,8.97,都市：商,,,,22100000
RPTPMLOJKIOFFEE88CC,新庄段十三小段,165.00,都市：住,,,,12940001
RPSNMLOJKIOFFDE48CC,鼎泰段,.00,都市：住,,,,13960000
RPSNMLOJKIOFFGE78CC,鳳山段縣口小段,107.00,都市：商,,,,03870007
RPUPMLPJKIOFFDE09DC,建豐段,12.26,都市：住,,,,01210000
RPROMLPJKIOFFEE78DC,福山段,11.22,都市：商,,,,03020000
RPRRMLOJKIOFFEE88CC,新庄段十三小段,.00,都市：商,,,,14840000
RPRNMLPJKIOFFCE38CC,愛群段,.00,都市：商,,,,24250000
RPXOMLPJKIOFFBE98CC,苓洲段,86.00,都市：商,,,,00470000
RPRNMLPJKIOFFDE48CC,大港段,.00,都市：住,,,,36330002
RPVNMLPJKIOFFDE88CC,大港段七小段,.00,都市：商,,,,04230006
RPVOMLPJKIOFFDE98CC,大順段,83.83,都市：其他:分區界線尚未分割,,,,01210000
RPQPMLPJKIOFFAE28CC,龍中段,13.74,都市：商,,,,00630000
RPUPMLPJKIOFFAE68CC,文東段,220.00,都市：商,,,,03320000
RPQOMLPJKIOFFAE18CC,青海段,17.79,都市：住,,,,00820000
RPSOMLQJKIOFFBE58CC,大統段一小段,87.50,都市：商,,,,01090000
RPVOMLQJKIOFFBE88CC,大統段一小段,11.73,都市：商,,,,02040000
RPUOMLQJKIOFFAE68CC,青海段,12.83,都市：商,,,,01210000
RPOQMLQJKIOFFAE28CC,青海段,7.40,都市：商,,,,01510000
RPRQMLQJKIOFFAE58CC,青海段,.00,都市：商,,,,01390000
RPPQMLQJKIOFFAE38CC,龍中段,19.07,都市：商,,,,00600000
RPWNMLQJKIOFFCE98CC,盛興段,12.32,都市：住,,,,14920000
RPTOMLQJKIOFFCE78CC,愛群段,11.44,都市：住,,,,17770001
RPRPMLQJKIOFFDE78CC,鼎泰段,.00,都市：住,,,,13760000
RPOPMLOJKIOFFGE58CC,文英段,.00,都市：住,,,,16840006
RPXQMLPJKIOFFGE07CC,新庄子段,57.00,都市：住,,,,01820062
RPXQMLPJKIOFFGE07CC,新庄子段,29.00,都市：住,,,,01820068
RPPNMLQJKIOFFIE88CC,金鼎段,196.15,都市：住,,,,01090000
RPQNMLQJKIOFFIE98CC,慈惠段,156.55,都市：住,,,,02870027
RPPNMLRJKIOFFBE28CC,意誠段,.00,都市：商,,,,01990000
RPQNMLRJKIOFFBE38CC,意誠段,.00,都市：商,,,,01990000
RPRNMLRJKIOFFBE48CC,意誠段,.00,都市：商,,,,01990000
RPPNMLSJKIOFFAE28CC,大成段,.00,都市：住,,,,08100000
RPPNMLSJKIOFFAE28CC,大成段,.00,都市：住,,,,08100001
RPPNMLSJKIOFFAE28CC,大成段,.00,都市：住,,,,08110000
RPPNMLSJKIOFFAE28CC,大成段,.00,都市：住,,,,08110001
RPPNMLSJKIOFFCE48CC,獅甲段,.00,都市：商,,,,03300000
RPPNMLSJKIOFFCE48CC,獅甲段,.00,都市：商,,,,03310000
RPQNMLSJKIOFFCE58CC,獅甲段,.00,都市：商,,,,03300000
RPQNMLSJKIOFFCE58CC,獅甲段,.00,都市：商,,,,03310000
RPUPMLTJKIOFFCE66CC,獅甲段,26.02,都市：商,,,,04190004
RPVNMLOJKIOFFLE96CC,大寮段芎蕉腳小段,148.76,都市：農,,,,24900000
RPTNMLQJKIOFFLE96CC,內湖段,.00,都市：住,,,,08710023
RPUOMLQJKIOFFFE56CC,興龍段,.00,非都市：特定農業區 ; 非都市編定：甲種建築用地,,,,00040000
RPPOMLPJKIOFFFE58CC,嘉興段,77.00,非都市：鄉村區 ; 非都市編定：乙種建築用地,,,,23030000
RPVOMLQJKIOFFFE66CC,鳳雄段,.00,非都市：一般農業區 ; 非都市編定：甲種建築用地,,,,00320018
RPQNMLOJKIOFFLE09CC,大寮段芎蕉腳小段,310.74,都市：農,,,,16320000
RPROMLTJKIOFFGE66CC,新甲段,79.00,都市：住,,,,13220010
RPUOMLTJKIOFFGE96CC,大貝湖段,71.31,都市：住,,,,00440017
RPROMLTJKIOFFFE56CC,大全段,586.00,都市：工,,,,00340016
RPXNMLTJKIOFFIE37CC,鳳松段,.00,都市：住,,,,03310000
RPUNMLTJKIOFFAE88CC,龍華段一小段,86.00,都市：住,,,,04740014
RPUNMLTJKIOFFAE88CC,龍華段一小段,19.00,都市：住,,,,04740015
RPVNMLTJKIOFFFE86CC,大公段,.00,都市：商,,,,04770018
RPROMLTJKIOFFEE09CC,福山段,.00,都市：住,,,,01890000
RPSNMLTJKIOFFEE09CC,福山段,.00,都市：商,,,,02910000
RPTNMLTJKIOFFEE56CC,菜公段四小段,.00,都市：住,,,,09290000
RPTNMLTJKIOFFEE56CC,菜公段四小段,.00,都市：住,,,,09300000
RPTNMLTJKIOFFEE56CC,菜公段四小段,.00,都市：住,,,,09310000
RPTNMLTJKIOFFEE56CC,菜公段四小段,.00,都市：住,,,,09320000
RPTNMLTJKIOFFEE56CC,菜公段四小段,.00,都市：住,,,,09390000
RPTNMLTJKIOFFEE56CC,菜公段四小段,.00,都市：住,,,,09390001
RPTNMLTJKIOFFEE56CC,菜公段四小段,.00,都市：住,,,,09390002
RPPOMLTJKIOFFAE48CC,文東段,6.49,都市：商,,,,10150000
RPUNMLTJKIOFFDE56CC,大港段四小段,63.00,都市：住,,,,20720018
RPTOMLTJKIOFFDE56CC,大順段,5.20,都市：商,,,,03070000
RPTOMLTJKIOFFDE56CC,大順段,16.01,都市：住,,,,03070001
RPVOMLTJKIOFFGE07CC,新庄子段,14.50,都市：住,,,,01570001
RPQPMLTJKIOFFDE98CC,獅頭段,9.12,都市：住,,,,27390000
RPTPMLTJKIOFFDE66CC,鼎泰段,18.68,都市：住,,,,14740004
RPVPMLTJKIOFFEE96CC,新民段,156.19,都市：住,,,,03700003
RPUPMLTJKIOFFDE76CC,大港段二小段,.00,都市：商,,,,15140001
RPRPMLKKKIOFFAE97CC,青海段,6.60,都市：商,,,,02090001
RPSOMLKKKIOFFAE97CC,前峰段,.00,都市：住,,,,01830000
RPWNMLKKKIOFFBE38CC,過田子段,.00,都市：商,,,,11360000
RPSOMLKKKIOFFGE58CC,文山段,.00,都市：住,,,,01600001
RPUNMLKKKIOFFBE18CC,苓洲段,194.00,都市：商,,,,04540000
RPWOMLPJKIOFFEE56CC,新庄段一小段,78.00,都市：住,,,,00790000
RPUOMLQJKIOFFEE09CC,新民段,14.28,都市：住,,,,00070000
RPUTMLKKKIOFFCE88CC,愛群段,4.34,都市：商,,,,24590000
RPUNMLLKKIOFFCE38CC,憲德段二小段,18.73,都市：商,,,,00200000
RPSNMLRJKIOFFEE88CC,新庄段六小段,24.90,都市：住,,,,12000003
RPWNMLLKKIOFFCE58CC,瑞南段一小段,33.31,都市：住,,,,10650000
RPVNMLLKKIOFFFE78CC,興龍段,.00,非都市：特定農業區 ; 非都市編定：甲種建築用地,,,,00040000
RPWNMLLKKIOFFFE88CC,興龍段,.00,非都市：特定農業區 ; 非都市編定：甲種建築用地,,,,00040000
RPOPMLKKKIOFFFE18CC,灣裡西段,76.08,都市：工,,,,11510000
RPOPMLKKKIOFFFE18CC,灣裡西段,826.34,都市：工,,,,11520000
RPOPMLKKKIOFFFE18CC,灣裡西段,461.85,都市：工,,,,11530000
RPOPMLKKKIOFFFE18CC,灣裡西段,466.37,都市：工,,,,11540000
RPOPMLKKKIOFFFE18CC,灣裡西段,445.09,都市：工,,,,11550000
RPOPMLKKKIOFFFE18CC,灣裡西段,426.34,都市：工,,,,11560000
RPSOMLLKKIOFFGE68CC,華鳳段,19.35,都市：住,,,,00970000
RPSOMLLKKIOFFGE68CC,華鳳段,19.78,都市：住,,,,00970000
RPUNMLLKKIOFFLE66CC,山子頂段,106.00,都市：農,,,,25490020
RPSNMLLKKIOFFFE48CC,大寮段,66.11,都市：其他:交通用地,,,,10160007
RPWNMLLKKIOFFAE38CC,前金段,7.14,都市：商,,,,00640003
RPSOMLLKKIOFFAE08CC,龍華段八小段,6.50,都市：商,,,,22210000
RPUOMLLKKIOFFAE28CC,前金段,6.43,都市：商,,,,00580016
RPPOMLLKKIOFFDE08CC,灣和段,.00,都市：住,,,,00990006
RPQOMLLKKIOFFDE18CC,灣子內段寶珠溝小段,.00,都市：商,,,,05560002
RPROMLLKKIOFFAE97CC,前金段,111.00,都市：商,,,,01320025
RPROMLLKKIOFFAE97CC,前金段,1.00,都市：商,,,,01320024
RPUOMLLKKIOFFDE58CC,獅頭段一小段,.00,都市：商,,,,14590000
RPXOMLLKKIOFFDE88CC,澄東段,24.57,都市：住,,,,01050011
RPWNMLLKKIOFFEE78CC,果貿段,19.80,都市：住,,,,00060000
RPVOMLLKKIOFFDE68CC,大港段七小段,2.15,都市：商,,,,04440006
RPQOMLLKKIOFFEE28CC,新庄段五小段,54.21,都市：住,,,,07170000
RPQOMLLKKIOFFEE28CC,新庄段五小段,1.50,都市：住,,,,07170001
RPOOMLMKKIOFFDE08CC,大港段四小段,9.69,都市：商,,,,28360000
RPXNMLMKKIOFFAE58CC,青海段,11.71,都市：商,,,,02090000
RPTOMLMKKIOFFDE58CC,大港段一小段,.00,都市：商,,,,00800017
RPOQMLLKKIOFFEE28CC,果貿段,32.14,都市：住,,,,00120000
RPPNMLMKKIOFFAE77CC,龍華段八小段,6.24,都市：商,,,,21900000
RPXPMLLKKIOFFEE09CC,新庄段五小段,19.05,都市：住,,,,10980000
RPTNMLMKKIOFFIE98CC,綠園段,462.80,非都市：特定農業區 ; 非都市編定：農牧用地,,,,12540005
RPVNMLMKKIOFFIE56CC,大?腿段,330.57,都市：農,,,,12720000
RPQNMLMKKIOFFLE98CC,赤崁段潮州寮小段,639.00,都市：農,,,,45630000
RPSNMLMKKIOFFGE68CC,福誠段,27.48,都市：住,,,,00190000
RPWNMLMKKIOFFIE66CC,鹽埕段,181.82,都市：農,,,,09380000
RPPOMLMKKIOFFIE68CC,大社段,264.46,都市：住,,,,09190001
RPVOMLMKKIOFFIE66CC,澄清段,92.02,都市：住,,,,00040050
RPXNMLMKKIOFFIE76CC,松埔段,66.12,都市：農,,,,11550000
RPTNMLMKKIOFFFE68CC,和平段,330.58,都市：農,,,,04170000
RPUNMLMKKIOFFFE78CC,興龍段,.00,非都市：特定農業區 ; 非都市編定：甲種建築用地,,,,00040000
RPXNMLKKKIOFFBE48CC,過田子段,.00,都市：商,,,,11360000
RPUOMLMKKIOFFBE48CC,大統段三小段,.00,都市：商,,,,14990014
RPSNMLLKKIOFFBE08CC,新興段三小段,7.53,都市：商,,,,09410000
RPWOMLMKKIOFFBE68CC,過田子段,.00,都市：住,,,,10130000
RPWNMLNKKIOFFFE09CC,興龍段,.00,非都市：特定農業區 ; 非都市編定：甲種建築用地,,,,00040000
RPUNMLNKKIOFFFE88CC,大寮段,33.05,都市：其他:交通用地,,,,10160007
RPSOMLNKKIOFFIE09CC,澄清段,396.69,都市：住,,,,01020004
RPSNMLNKKIOFFAE18CC,前金段,4.01,都市：商,,,,00930004
RPTNMLNKKIOFFAE28CC,龍中段,6.43,都市：商,,,,01120000
RPUNMLNKKIOFFAE38CC,青海段,24.15,都市：住,,,,06590000
RPVNMLNKKIOFFAE48CC,青海段,16.34,都市：住,,,,06590000
RPXPMLNKKIOFFCE09CC,獅甲段二小段,.00,都市：住,,,,05890000
RPQPMLNKKIOFFCE38CC,竹北段,.00,都市：住,,,,18920000
RPSPMLNKKIOFFCE58CC,獅甲段一小段,33.13,都市：住,,,,05310000
RPWNMLMKKIOFFCE68CC,獅甲段二小段,.00,都市：住,,,,05940000
RPQNMLMKKIOFFCE08CC,憲德段二小段,.00,都市：商,,,,00260001
RPSOMLLKKIOFFCE28CC,愛群段,23.40,都市：住,,,,14160000
RPXNMLNKKIOFFAE68CC,東金段,.00,都市：商,,,,15320000
RPTNMLNKKIOFFDE58CC,建豐段,.00,都市：商,,,,07000000
RPTNMLNKKIOFFDE58CC,建豐段,.00,都市：商,,,,07010000
RPOOMLNKKIOFFAE87CC,青海段,24.27,都市：住,,,,00820000
RPPOMLNKKIOFFAE97CC,青海段,28.72,都市：住,,,,00820000
RPPNMLOKKIOFFEE38CC,新光段,17.36,都市：住,,,,00160000
RPQOMLNKKIOFFDE38CC,獅頭段一小段,.00,都市：住,,,,19800001
RPROMLNKKIOFFEE58CC,福山段,10.30,都市：商,,,,02910000
RPQNMLOKKIOFFEE48CC,福山段,11.37,都市：商,,,,03170000
RPTNMLOKKIOFFAE38CC,龍水段一小段,34.48,都市：商,,,,11790000
RPSNMLOKKIOFFEE68CC,新華段,11.00,都市：住,,,,00260000
RPPNMLOKKIOFFCE18CC,愛群段,5.94,都市：商,,,,24590000
RPQNMLOKKIOFFIE88CC,萬金段,16.96,都市：住,,,,02620000
RPQNMLOKKIOFFCE28CC,憲德段二小段,16.67,都市：商,,,,00280000
RPXNMLQKKIOFFCE56CC,光華段,.00,都市：住,,,,05590008
RPTNMLQKKIOFFFE09CC,鳳雄段,.00,非都市：一般農業區 ; 非都市編定：甲種建築用地,,,,00320018
RPWNMLQKKIOFFFE76CC,後壁田段,.00,都市：商,,,,00610000
RPQNMLQKKIOFFGE88CC,五甲段,72.00,都市：住,,,,15530020
RPWNMLQKKIOFFGE86CC,道爺?段,27.00,都市：住,,,,07060051
RPXNMLQKKIOFFLE47CC,中門段,224.56,都市：工,,,,04340000
RPQOMLQKKIOFFCE58CC,憲德段二小段,.00,都市：商,,,,00280000
RPUNMLQKKIOFFIE96DC,永和段,70.85,都市：住,,,,10910003
RPOQMLMKKIOFFBE08CC,成功段,9.85,都市：商,,,,02960000
RPQNMLOKKIOFFBE18CC,意誠段,.00,都市：商,,,,01990000
RPPNMLOKKIOFFBE08CC,意誠段,.00,都市：商,,,,01990000
RPQOMLQKKIOFFBE48CC,新興段一小段,2.27,都市：商,,,,10660000
RPUNMLOKKIOFFBE58CC,大統段一小段,17.17,都市：商,,,,08300000
RPPOMLNKKIOFFBE08CC,新興段一小段,23.54,都市：商,,,,11340000
RPPOMLNKKIOFFBE08CC,新興段一小段,.09,都市：商,,,,11340001
RPRNMLOKKIOFFBE28CC,五塊厝段,6.04,都市：商,,,,17090000
RPVNMLQKKIOFFBE88CC,新興段二小段,6.49,都市：商,,,,12760000
RPQOMLNKKIOFFBE18CC,五權段,32.40,都市：住,,,,04780000
RPTNMLOKKIOFFBE48CC,苓雅寮段,4.93,都市：商,,,,07120000
RPTNMLQKKIOFFAE58CC,前金段,8.98,都市：商,,,,00930004
RPUNMLQKKIOFFAE68CC,興福段,.00,都市：商,,,,05620000
RPSNMLQKKIOFFAE48CC,文東段,4.31,都市：商,,,,03610000
RPRNMLQKKIOFFAE38CC,內惟段一小段,90.00,都市：住,,,,05880000
RPWNMLQKKIOFFAE88CC,龍中段,22.79,都市：住,,,,00280001
RPSNMLQKKIOFFEE88CC,新庄段十三小段,8.28,都市：商,,,,14450000
RPTOMLQKKIOFFAE68CC,龍中段,19.76,都市：商,,,,01490000
RPTNMLQKKIOFFEE98CC,福民段,.00,都市：住,,,,00900005
RPXNMLQKKIOFFAE98CC,龍中段,22.78,都市：商,,,,00280001
RPTNMLQKKIOFFDE88CC,三塊厝段,.00,都市：住,,,,11480009
RPWOMLQKKIOFFEE76CC,新華段,12.40,都市：住,,,,00260000
RPROMLQKKIOFFEE88CC,新民段,20.18,都市：住,,,,00400000
RPXNMLQKKIOFFEE76CC,新夏段,14.64,都市：住,,,,00130000
RPWNMLQKKIOFFEE66CC,新華段,17.95,都市：住,,,,00260000
RPOOMLRKKIOFFEE68CC,新庄段十三小段,8.28,都市：商,,,,14450000
RPVOMLRKKIOFFEE76CC,新華段,13.74,都市：住,,,,00260000
RPXOMLRKKIOFFEE96CC,新庄段十三小段,.00,都市：商,,,,15310000
RPOPMLRKKIOFFEE78CC,新華段,13.67,都市：住,,,,00260000
RPXOMLRKKIOFFEE96CC,新庄段十三小段,.00,都市：商,,,,15330000
RPTPMLRKKIOFFEE66CC,福山段,5.94,都市：商,,,,03210000
RPPPMLRKKIOFFEE88CC,新庄段十三小段,6.69,都市：商,,,,14450000
RPQPMLRKKIOFFEE98CC,福山段,7.23,都市：商,,,,03420000
RPOOMLRKKIOFFDE58CC,建豐段,.00,都市：商,,,,07000000
RPOOMLRKKIOFFDE58CC,建豐段,.00,都市：商,,,,07010000
RPXNMLQKKIOFFDE66CC,鼎泰段,14.57,都市：住,,,,14330000
RPWNMLQKKIOFFDE56CC,大順段,.00,都市：住,,,,03360000
RPROMLQKKIOFFDE78CC,大港段四小段,.00,都市：住,,,,19180000
RPVNMLQKKIOFFDE09CC,大順段,.00,都市：住,,,,04020008
RPUOMLQKKIOFFAE78CC,青海段,.00,都市：商,,,,02050000
RPUOMLQKKIOFFAE78CC,龍水段一小段,.00,都市：商,,,,11830000
RPOOMLRKKIOFFAE28CC,青海段,13.20,都市：商,,,,02090001
RPUNMLRKKIOFFAE78CC,青海段,11.04,都市：商,,,,02150000
RPXOMLRKKIOFFAE56CC,青海段,30.97,都市：住,,,,04080000
RPPOMLRKKIOFFAE38CC,青海段,7.53,都市：住,,,,01010000
RPQPMLRKKIOFFBE68CC,林德官段一小段,81.00,都市：商,,,,25420000
RPXNMLRKKIOFFLE57CC,山子頂段,826.45,都市：農,,,,22250000
RPUOMLRKKIOFFGE86CC,鳳青段,.00,都市：住,,,,00960001
RPVNMLRKKIOFFIE07CC,興農段,.00,都市：住,,,,07940010
RPRPMLRKKIOFFEE56DC,福山段,17.74,都市：住,,,,00240000
RPVOMLRKKIOFFCE56CC,獅甲段,14.70,都市：商,,,,04190004
RPPOMLRKKIOFFCE58CC,新生段,3.81,都市：住,,,,08710000
RPPOMLRKKIOFFCE58CC,新生段,15.90,都市：商,,,,08740000
RPSOMLRKKIOFFGE66CC,鳳頂段,70.07,都市：住,,,,00210001
RPSNMLSKKIOFFCE88CC,鳳宮段,12.53,都市：商,,,,04140000
RPOOMLRKKIOFFFE78CC,興龍段,.00,非都市：特定農業區 ; 非都市編定：甲種建築用地,,,,00040000
RPUNMLRKKIOFFFE66CC,興龍段,.00,非都市：特定農業區 ; 非都市編定：甲種建築用地,,,,00040000
RPOOMLRKKIOFFCE48CC,愛群段,5.94,都市：商,,,,24590000
RPUOMLSKKIOFFCE56CC,盛興段,14.49,都市：住,,,,14920000
RPUNMLSKKIOFFCE09CC,新生段,.00,都市：工,,,,16880000
RPUNMLSKKIOFFCE09CC,新生段,.00,都市：工,,,,16880003
RPUNMLSKKIOFFCE09CC,新生段,.00,都市：其他:道路用地,,,,16880004
RPPOMLSKKIOFFFE98CC,興龍段,.00,非都市：特定農業區 ; 非都市編定：甲種建築用地,,,,00040000
RPQOMLSKKIOFFFE09CC,興龍段,.00,非都市：特定農業區 ; 非都市編定：甲種建築用地,,,,00040000
RPVNMLSKKIOFFFE86CC,觀水段,198.00,都市：住,,,,06330000
RPROMLSKKIOFFFE56CC,興龍段,.00,非都市：特定農業區 ; 非都市編定：甲種建築用地,,,,00040000
RPSOMLSKKIOFFFE66CC,興龍段,.00,非都市：特定農業區 ; 非都市編定：甲種建築用地,,,,00040000
RPQOMLSKKIOFFLE07CC,赤崁段潮州寮小段,75.00,都市：工,,,,49840013
RPUNMLSKKIOFFAE88CC,龍華段九小段,16.44,都市：住,,,,09620000
RPOOMLSKKIOFFAE38CC,青海段,16.15,都市：住,,,,06070000
RPUNMLSKKIOFFEE66CC,果貿段,.00,都市：住,,,,00060000
RPPOMLSKKIOFFEE88CC,新庄段十二小段,.00,都市：住,,,,10090000
RPOPMLSKKIOFFEE88CC,新民段,31.11,都市：住,,,,01060000
RPUPMLSKKIOFFEE86CC,新光段,66.36,都市：商,,,,02240004
RPSOMLRKKIOFFIE86CC,慈惠段,.00,非都市： ; 非都市編定：,,,,08770000
RPWNMLSKKIOFFDE76CC,建豐段,7.96,都市：商,,,,07030000
RPOOMLSKKIOFFDE68CC,大港段七小段,46.00,都市：商,,,,04370003
RPROMLSKKIOFFDE98CC,灣中段,118.23,都市：商,,,,00120000
RPQPMLSKKIOFFCE88CC,愛群段,.00,都市：住,,,,13640000
RPTOMLSKKIOFFDE56CC,義民段,.00,都市：住,,,,06210000
RPSPMLSKKIOFFCE09CC,愛群段,.00,都市：住,,,,02540000
RPOPMLSKKIOFFCE68CC,愛群段,5.86,都市：商,,,,24590000
RPWOMLTKKIOFFDE96CC,灣華段,.00,都市：住,,,,05280000
RPXOMLTKKIOFFDE07CC,大港段二小段,72.00,都市：商,,,,15100010
RPUOMLTKKIOFFDE76CC,大順段,.00,都市：住,,,,04020008
RPVNMLTKKIOFFAE09CC,鼓中段一小段,23.75,都市：住,,,,02380000
RPVNMLTKKIOFFAE09CC,鼓中段一小段,2.50,都市：住,,,,02380001
RPVNMLTKKIOFFAE09CC,鼓中段一小段,18.75,都市：住,,,,02430000
RPVNMLTKKIOFFAE09CC,鼓中段一小段,2.00,都市：住,,,,02430001
RPQOMLSKKIOFFBE68CC,林德官段,3.39,都市：商,,,,12940023
RPOOMLTKKIOFFBE58CC,新興段四小段,.00,都市：商,,,,16770000
RPOOMLTKKIOFFBE58CC,新興段四小段,.00,都市：商,,,,16780000
RPPOMLSKKIOFFBE58CC,意誠段,.00,都市：商,,,,01990000
RPUPMLRKKIOFFBE09CC,正明段,162.63,都市：商,,,,00010000
RPUPMLTKKIOFFBE66CC,成功段,4.01,都市：商,,,,02990000
RPWNMLSKKIOFFBE56CC,意誠段,.00,都市：商,,,,01850000
RPWNMLSKKIOFFBE56CC,意誠段,.00,都市：商,,,,02000000
RPXNMLTKKIOFFBE76CC,苓雅寮段,.00,都市：商,,,,04920001
RPUNMLTKKIOFFCE56CC,愛群段,.00,都市：商,,,,17780000
RPTNMLKLKIOFFCE28CC,光華段,.00,都市：住,,,,05590008
RPROMLKLKIOFFCE18CC,盛興段,12.32,都市：住,,,,14920000
RPVNMLTKKIOFFCE66CC,獅甲段,.00,都市：商,,,,03300000
RPVNMLTKKIOFFCE66CC,獅甲段,.00,都市：商,,,,03310000
RPRNMLKLKIOFFFE38CC,興龍段,.00,非都市：特定農業區 ; 非都市編定：甲種建築用地,,,,00040000
RPRNMLKLKIOFFIE68CC,興農段,.00,都市：住,,,,07940010
RPRNMLKLKIOFFIE68CC,興農段,.00,都市：住,,,,07940011
RPOOMLKLKIOFFAE67CC,前金段,4.03,都市：商,,,,00930004
RPSNMLKLKIOFFBE08CC,林德官段一小段,13.15,都市：商,,,,26770000
RPQPMLKLKIOFFDE28CC,灣華段,29.48,都市：住,,,,10790000
RPUNMLLLKIOFFDE58CC,大裕段一小段,.00,都市：住,,,,03280006
RPPNMLKLKIOFFAE67CC,興福段,99.00,都市：商,,,,02290000
RPWPMLNLKIOFFCE09CC,光華段,216.00,都市：商,,,,11460000
RPVPMLSKKIOFFEE96CC,新庄段八小段,13.21,都市：住,,,,01810000
RPXNMLNLKIOFFEE56CC,果貿段,11.01,都市：住,,,,00060000
RPTNMLLLKIOFFEE58CC,新福段二小段,.00,都市：住,,,,00220000
RPROMLNLKIOFFEE68CC,新庄段十四小段,1989.78,都市：住,,,,15370000
RPWOMLTKKIOFFEE07CC,援中段一小段,12.64,都市：商,,,,01720000
RPOOMLKLKIOFFEE08CC,新庄段十二小段,.00,都市：商,,,,10910002
RPOOMLKLKIOFFEE08CC,新庄段十二小段,.00,都市：商,,,,10910004
RPOOMLKLKIOFFEE08CC,新庄段十二小段,.00,都市：商,,,,10910005
RPOOMLKLKIOFFEE08CC,新庄段十二小段,.00,都市：商,,,,10910006
RPOOMLKLKIOFFEE08CC,新庄段十二小段,.00,都市：商,,,,10910007
RPOOMLKLKIOFFEE08CC,新庄段十二小段,.00,都市：商,,,,10910003
RPXPMLSKKIOFFEE17CC,和平段五小段,552.00,都市：住,,,,02340000
RPXPMLSKKIOFFEE17CC,和平段五小段,1062.00,都市：住,,,,02400000
RPXNMLNLKIOFFAE78CC,鹽北段,33.04,都市：住,,,,03840000
RPXNMLNLKIOFFAE78CC,鹽北段,1.17,都市：其他:鐵路景觀用地,,,,03840001
RPXNMLNLKIOFFAE78CC,鹽北段,6.91,都市：其他:道路用地,,,,03840002
RPXNMLNLKIOFFAE78CC,鹽北段,2.68,都市：住,,,,03840003
RPXNMLNLKIOFFAE78CC,鹽北段,8.77,都市：其他:道路用地,,,,03840004
RPVOMLNLKIOFFDE98CC,大港段四小段,82.00,都市：商,,,,29790000
RPVOMLNLKIOFFDE98CC,大港段四小段,86.00,都市：商,,,,29800000
RPPNMLNLKIOFFBE08CC,正憲段,4.79,都市：住,,,,00900000
RPVNMLOLKIOFFBE78CC,林德官段,9.08,都市：商,,,,15150000
RPTOMLNLKIOFFBE58CC,五塊厝段四小段,.00,都市：住,,,,27100000
RPUOMLOLKIOFFDE98CC,大港段二小段,96.00,都市：住,,,,15210003
RPSPMLOLKIOFFEE98CC,新庄段十二小段,29.64,都市：住,,,,11190000
RPQOMLOLKIOFFEE68CC,新庄段三小段,68.00,都市：住,,,,10650003
RPQOMLOLKIOFFEE68CC,新庄段三小段,6.24,都市：住,,,,10650002
RPWOMLOLKIOFFDE56CC,覆鼎金段覆鼎金小段,177.00,都市：商,,,,15980000
RPPOMLOLKIOFFCE38CC,盛興段,12.10,都市：住,,,,14920000
RPWPMLOLKIOFFCE56CC,愛群段,5.94,都市：商,,,,24590000
RPRQMLOLKIOFFEE98CC,福山段,7.00,都市：住,,,,00260000
RPVNMLOLKIOFFLE17CC,大寮段芎蕉腳小段,258.00,都市：農,,,,19470004
RPUNMLPLKIOFFJE96CC,環球段,387.19,非都市：特定農業區 ; 非都市編定：丁種建築用地,,,,14440015
RPUNMLPLKIOFFJE96CC,環球段,376.44,非都市：特定農業區 ; 非都市編定：丁種建築用地,,,,14440004
RPSSMLOLKIOFFCE09CC,瑞崗段一小段,24.69,都市：商,,,,01190000
RPVRMLOLKIOFFCE66CC,憲德段二小段,.00,都市：商,,,,00280003
RPTQMLOLKIOFFCE98CC,獅甲段,22.85,都市：商,,,,04190004
RPTOMLPLKIOFFEE09CC,新福段五小段,56.80,都市：住,,,,00130001
RPTOMLPLKIOFFEE09CC,新福段五小段,20.20,都市：住,,,,00130006
RPVOMLPLKIOFFIE07CC,澄合段,1136.47,都市：住,,,,03070000
RPPPMLPLKIOFFEE78CC,新庄段五小段,.00,都市：住,,,,10840000
RPRPMLPLKIOFFEE98CC,新庄段十三小段,.00,都市：商,,,,14770000
RPPPMLPLKIOFFDE68CC,獅頭段一小段,.00,都市：住,,,,16940000
RPQPMLPLKIOFFDE78CC,大港段二小段,60.00,都市：商,,,,17840000
RPTPMLPLKIOFFDE09CC,大港段四小段,.00,都市：住,,,,20980002
RPVNMLPLKIOFFBE88CC,苓雅寮段,28.34,都市：商,,,,06900000
RPXNMLPLKIOFFBE09CC,意誠段,5.07,都市：商,,,,01990000
RPQNMLQLKIOFFBE48CC,林德官段,14.09,都市：商,,,,11980001
RPQOMLQLKIOFFBE58CC,新興段四小段,.00,都市：商,,,,15110000
RPROMLQLKIOFFBE68CC,新興段四小段,.00,都市：商,,,,15110000
RPUOMLQLKIOFFBE98CC,過田子段,.00,都市：商,,,,09810002
RPUOMLQLKIOFFBE98CC,過田子段,.00,都市：商,,,,09820005
RPROMLQLKIOFFDE88CC,獅頭段,14.91,都市：住,,,,20740000
RPSOMLQLKIOFFDE98CC,獅頭段,7.45,都市：住,,,,20740000
RPWNMLQLKIOFFEE76CC,新民段,28.98,都市：住,,,,00750000
RPSNMLQLKIOFFIE76CC,仁新段,661.15,都市：農,,,,09850000
RPTNMLQLKIOFFIE86CC,烏林段,297.52,非都市：山坡地保育區 ; 非都市編定：農牧用地,,,,06010000
RPUNMLQLKIOFFIE96CC,?埔段,396.69,都市：農,,,,13970000
RPXNMLQLKIOFFIE27CC,善德段,487.35,都市：農,,,,00080019
RPOOMLQLKIOFFIE09CC,仁新段,231.40,都市：農,,,,05560002
RPWOMLQLKIOFFGE07CC,鳳甲段,4179.94,都市：住,,,,00680000
RPXNMLPLKIOFFGE96CC,新甲段,24.00,都市：住,,,,12230006
RPPNMLLLKIOFFGE38CC,新庄子段,77.00,都市：住,,,,02050122
RPUPMLNLKIOFFGE66CC,文山段,64.00,都市：住,,,,05900005
RPOOMLNLKIOFFGE58CC,大貝湖段,261.83,都市：住,,,,00320000
RPUOMLQLKIOFFGE86CC,華鳳段,.00,都市：住,,,,01630001
RPOPMLQLKIOFFGE98CC,七老爺段一甲小段,21.80,都市：住,,,,14750000
RPROMLQLKIOFFCE78CC,愛群段,6.77,都市：住,,,,23940000
RPPOMLQLKIOFFCE58CC,獅甲段,.41,都市：住,,,,03300000
RPPOMLQLKIOFFCE58CC,獅甲段,1.30,都市：住,,,,03310000
RPSPMLQLKIOFFCE98CC,瑞隆段一小段,845.00,都市：住,,,,02780000
RPSNMLQLKIOFFFE09CC,岡山段,89.00,都市：住,,,,08210013
RPWNMLRLKIOFFCE66CC,獅甲段,11.94,都市：其他:第四種特定經貿核心專用區,,,,04190004
RPUPMLQLKIOFFCE56CC,憲德段二小段,15.64,都市：商,,,,00280003
RPPNMLRLKIOFFGE98CC,新庄子段,56.00,都市：住,,,,01080009
RPOOMLRLKIOFFEE78CC,新華段,14.19,都市：住,,,,00260000
RPVOMLRLKIOFFEE86CC,左東段,.00,都市：商,,,,00180093
RPVOMLRLKIOFFEE86CC,左東段,.00,都市：商,,,,00180102
RPXNMLOLKIOFFAE88CC,內惟段二小段,51.60,都市：住,,,,02730000
RPRNMLOLKIOFFAE28CC,文東段,5.70,都市：商,,,,10150000
RPWNMLPLKIOFFAE88CC,龍華段二小段,22.33,都市：商,,,,15430003
RPSOMLRLKIOFFDE09CC,建安段,.00,都市：商,,,,05060000
RPSOMLRLKIOFFDE09CC,建安段,.00,都市：其他:道路用地,,,,05470000
RPPOMLOLKIOFFAE18CC,龍華段八小段,.00,都市：商,,,,22560000
RPSPMLRLKIOFFEE66CC,新庄段十三小段,.00,都市：商,,,,15060000
RPVOMLRLKIOFFBE56CC,林德官段四小段,75.00,都市：商,,,,39670000
RPXNMLRLKIOFFAE56CC,文東段,7.06,都市：商,,,,10150000
RPSNMLRLKIOFFAE68CC,青海段,12.08,都市：商,,,,01390000
RPTNMLSLKIOFFBE98CC,意誠段,.00,都市：商,,,,01990000
RPUNMLSLKIOFFBE09CC,五塊厝段,133.00,都市：商,,,,22140000
RPSNMLSLKIOFFBE88CC,意誠段,.00,都市：商,,,,01990000
RPROMLRLKIOFFAE68CC,龍華段二小段,12.67,都市：商,,,,15680000
RPQOMLSLKIOFFBE78CC,新興段二小段,75.00,都市：商,,,,07450000
RPWNMLSLKIOFFBE66CC,意誠段,.00,都市：商,,,,01990000
RPVNMLKMKIOFFIE56CC,興農段,.00,都市：住,,,,07940010
RPVNMLKMKIOFFIE56CC,興農段,.00,都市：住,,,,07940011
RPXNMLKMKIOFFIE76CC,興農段,.00,都市：住,,,,07940010
RPXNMLKMKIOFFIE76CC,興農段,.00,都市：住,,,,07940011
RPOOMLKMKIOFFIE58CC,興農段,.00,都市：住,,,,07940010
RPOOMLKMKIOFFIE58CC,興農段,.00,都市：住,,,,07940011
RPOOMLRLKIOFFGE98CC,埤頂段,.00,都市：住,,,,12430035
RPRPMLKMKIOFFGE78CC,文山段,90.00,都市：住,,,,03020004
RPQOMLKMKIOFFGE58CC,五甲段,93.00,都市：住,,,,03270008
RPQOMLKMKIOFFGE58CC,五甲段,51.00,都市：住,,,,03270048
RPTOMLRLKIOFFGE86CC,大貝湖段,71.31,都市：住,,,,00440017
RPQNMLSLKIOFFGE56CC,道爺?段,.00,都市：商,,,,10860000
RPQNMLSLKIOFFGE56CC,道爺?段,.00,都市：商,,,,10860034
RPPNMLSLKIOFFGE09CC,北門段,32.05,都市：住,,,,09480000
RPQNMLRLKIOFFGE09CC,園尾段,80.04,都市：住,,,,00690034
RPWNMLKMKIOFFFE98CC,興龍段,.00,非都市：特定農業區 ; 非都市編定：甲種建築用地,,,,00040000
RPVNMLKMKIOFFFE88CC,興龍段,.00,非都市：特定農業區 ; 非都市編定：甲種建築用地,,,,00040000
RPSNMLKMKIOFFBE18CC,苓東段,41.00,都市：商,,,,06380000
RPQOMLKMKIOFFFE48CC,大寮段,33.05,都市：其他:交通用地,,,,10160007
RPQPMLKMKIOFFAE08CC,鼓南段四小段,.00,都市：住,,,,04700000
RPTNMLKMKIOFFBE28CC,苓東段,41.00,都市：商,,,,06380000
RPRPMLKMKIOFFAE18CC,鼓南段四小段,.00,都市：住,,,,04700000
RPTNMLKMKIOFFDE48CC,大港段七小段,24.50,都市：商,,,,04630059
RPVOMLKMKIOFFDE78CC,建豐段,.00,都市：商,,,,07000000
RPVOMLKMKIOFFDE78CC,建豐段,.00,都市：商,,,,07010000
RPTNMLKMKIOFFFE68CC,興龍段,.00,非都市：特定農業區 ; 非都市編定：甲種建築用地,,,,00040000
RPUNMLKMKIOFFEE68CC,福山段,8.67,都市：商,,,,03420000
RPOOMLKMKIOFFEE18CC,新庄段十三小段,.00,都市：商,,,,14450000
RPOPMLKMKIOFFDE18CC,灣子內段寶珠溝小段,.00,都市：商,,,,05560002
RPUNMLLMKIOFFDE68CC,建安段,.00,都市：商,,,,00800000
RPPPMLKMKIOFFDE28CC,三塊厝段,.00,都市：住,,,,11480009
RPXNMLLMKIOFFDE98CC,灣和段,.00,都市：住,,,,00990005
RPOOMLLMKIOFFDE18CC,鼎泰段,.00,都市：住,,,,14030001
RPSOMLLMKIOFFDE58CC,大港段三小段,94.00,都市：商,,,,08120034
RPSOMLLMKIOFFDE58CC,大港段三小段,94.00,都市：商,,,,08120035
RPOOMLLMKIOFFAE87CC,青海段,19.00,都市：商,,,,02120000
RPUOMLLMKIOFFAE48CC,龍華段八小段,10.55,都市：商,,,,23830000
RPSNMLLMKIOFFBE28CC,意誠段,.00,都市：商,,,,01990000
RPTNMLLMKIOFFBE38CC,意誠段,.00,都市：商,,,,01990000
RPQPMLKMKIOFFCE28CC,光華段一小段,68.00,都市：商,,,,20700017
RPRPMLKMKIOFFCE38CC,盛興段,14.38,都市：住,,,,14920000
RPQOMLRLKIOFFCE78CC,瑞南段一小段,11.20,都市：住,,,,10020000
RPXOMLKMKIOFFCE88CC,港和段二小段,42.43,都市：住,,,,05250000
RPUNMLLMKIOFFFE88CC,興龍段,.00,非都市：特定農業區 ; 非都市編定：甲種建築用地,,,,00040000
RPUNMLLMKIOFFBE48CC,意誠段,.00,都市：商,,,,01990000
RPTNMLKMKIOFFCE38CC,愛群段,7.30,都市：商,,,,24590000
RPSNMLKMKIOFFCE28CC,獅甲段一小段,33.13,都市：住,,,,05310000
RPXNMLKMKIOFFCE78CC,獅甲段一小段,37.07,都市：住,,,,05310000
RPWNMLLMKIOFFCE78CC,竹北段,20.33,都市：住,,,,17040000
RPTNMLLMKIOFFIE09CC,澄清段,120.00,都市：住,,,,00880008
RPWNMLLMKIOFFGE56CC,文山段,14.99,都市：住,,,,08970000
RPVNMLLMKIOFFIE66CC,興農段,.00,都市：住,,,,07940010
RPVNMLLMKIOFFIE66CC,興農段,.00,都市：住,,,,07940011
RPRPMLLMKIOFFGE88CC,七老爺段一甲小段,27.80,都市：住,,,,14760002
RPUNMLMJJHPFFDE38CC,金獅段,6.07,都市：商,,,,01490000
RPQNMLLJJHPFFDE87CC,建工段,76.00,都市：商,,,,07540000
RPQNMLLJJHPFFDE87CC,建工段,10.00,都市：商,,,,07550000
RPSNMLLMKIOFFLE66CC,翁公園段,.00,都市：工,,,,39910134
RPSNMLMJJHPFFBE97CC,過田子段,.00,都市：住,,,,10130000
RPWNMLMJJHPFFDE58CC,鼎泰段,16.98,都市：住,,,,14410000
RPRNMLMJJHPFFDE08CC,三塊厝段,.00,都市：住,,,,11480009
RPWNMLMJJHPFFFE78CC,興龍段,.00,非都市：特定農業區 ; 非都市編定：甲種建築用地,,,,00040000
RPUNMLMJJHPFFFE58CC,興龍段,.00,非都市：特定農業區 ; 非都市編定：甲種建築用地,,,,00040000
RPWNMLMJJHPFFGE88CC,竹子腳段,.00,都市：住,,,,02860080
RPWOMLMJJHPFFGE98CC,過埤段,.00,都市：住,,,,03450000
RPSOMLMJJHPFFFE48CC,興龍段,.00,非都市：特定農業區 ; 非都市編定：甲種建築用地,,,,00040000
RPXOMLMJJHPFFGE09CC,文英段,74.00,都市：商,,,,10020000
RPVNMLMJJHPFFFE68CC,興龍段,.00,非都市：特定農業區 ; 非都市編定：甲種建築用地,,,,00040000
RPXNMLMJJHPFFFE88CC,興龍段,.00,非都市：特定農業區 ; 非都市編定：甲種建築用地,,,,00040000
RPVQMLNJJHPFFGE56CC,正義段,73.20,都市：住,,,,00220004
RPSPMLNJJHPFFGE78CC,華鳳段,18.51,都市：住,,,,01630001
RPPOMLNJJHPFFIE58CC,大華段,3.00,都市：住,,,,00740004
RPPOMLNJJHPFFIE58CC,大華段,102.00,都市：住,,,,00740009
RPPOMLNJJHPFFIE58CC,大華段,112.00,都市：住,,,,00740025
RPPOMLNJJHPFFIE58CC,大華段,101.00,都市：住,,,,00740026
RPPOMLNJJHPFFIE58CC,大華段,3.12,都市：其他:綠地,,,,00970000
RPPOMLNJJHPFFIE58CC,大華段,4.71,都市：其他:綠地,,,,00980000
RPPOMLNJJHPFFIE58CC,大華段,1.00,都市：住,,,,01120000
RPOPMLLMKIOFFAE97CC,前金段,.00,都市：商,,,,05020000
RPVOMLNJJHPFFAE38CC,龍中段,.00,都市：住,,,,02080000
RPXOMLNJJHPFFAE58CC,青海段,.00,都市：住,,,,06100000
RPPPMLNJJHPFFAE87CC,龍華段八小段,1882.00,都市：商,,,,22930000
RPPPMLNJJHPFFDE18CC,建工段,9.79,都市：商,,,,05730000
RPVOMLNJJHPFFEE78CC,興隆段,56.00,都市：商,,,,04510000
RPPNMLOJJHPFFEE18CC,芎蕉段,7.77,都市：住,,,,00880000
RPQNMLOJJHPFFDE18CC,大港段,.00,都市：住,,,,35250000
RPTOMLNJJHPFFCE38CC,愛群段,15.03,都市：住,,,,23940000
RPPPMLNJJHPFFCE08CC,瑞隆段二小段,.00,都市：商,,,,06340020
RPPPMLNJJHPFFCE08CC,瑞隆段二小段,.00,都市：商,,,,06360020
RPROMLNJJHPFFCE18CC,獅甲段,1.54,都市：住,,,,03300000
RPROMLNJJHPFFCE18CC,獅甲段,4.86,都市：住,,,,03310000
RPPNMLOJJHPFFBE87CC,意誠段,.00,都市：商,,,,01990000
RPTPMLQJJHPFFBE68CC,新興段四小段,17.43,都市：商,,,,11920000
RPUNMLQJJHPFFBE58CC,林德官段四小段,.00,都市：住,,,,40080000
RPUOMLNJJHPFFCE48CC,獅甲段二小段,14.17,都市：住,,,,05530000
RPQNMLQJJHPFFAE08CC,鹽中段,.00,都市：商,,,,07910000
RPQNMLQJJHPFFAE08CC,鹽中段,.00,都市：商,,,,07920000
RPQNMLQJJHPFFAE08CC,鹽中段,.00,都市：其他:道路用地,,,,07900000
RPUPMLQJJHPFFBE78CC,五塊厝段,133.00,都市：商,,,,22140000
RPVPMLQJJHPFFBE88CC,新興段四小段,.00,都市：商,,,,08460000
RPVPMLQJJHPFFBE88CC,新興段四小段,.00,都市：其他:道路用地,,,,08460001
RPRNMLQJJHPFFAE18CC,鹽中段,.00,都市：商,,,,07910000
RPRNMLQJJHPFFAE18CC,鹽中段,.00,都市：商,,,,07920000
RPRNMLQJJHPFFAE18CC,鹽中段,.00,都市：其他:道路用地,,,,07900000
RPVNMLQJJHPFFAE58CC,龍華段八小段,.00,都市：商,,,,22720000
RPQPMLQJJHPFFAE28CC,青海段,.00,都市：商,,,,02040000
RPTOMLQJJHPFFDE78CC,灣立段,86.79,都市：商,,,,04250000
RPQNMLQJJHPFFEE48CC,新庄段十三小段,14.05,都市：住,,,,14140000
RPWNMLQJJHPFFGE66CC,鳳西段,9.52,都市：住,,,,00010000
RPWNMLQJJHPFFCE88CC,光華段一小段,13.22,都市：住,,,,19070000
RPWNMLQJJHPFFCE88CC,光華段一小段,2.17,都市：商,,,,19070016
RPVOMLQJJHPFFGE66CC,新甲段,19.05,都市：住,,,,12450286
RPWNMLQJJHPFFFE56CC,新甲段,2.34,非都市：鄉村區 ; 非都市編定：乙種建築用地,,,,07920000
RPWNMLQJJHPFFFE56CC,新甲段,2.16,非都市：鄉村區 ; 非都市編定：乙種建築用地,,,,07920001
RPWNMLQJJHPFFFE56CC,新甲段,53.78,非都市：鄉村區 ; 非都市編定：乙種建築用地,,,,07890000
RPWNMLQJJHPFFFE56CC,新甲段,52.49,非都市：鄉村區 ; 非都市編定：乙種建築用地,,,,07900000
RPRNMLRJJHPFFGE88CC,曹公段,456.94,都市：農,,,,03630041
RPSNMLRJJHPFFGE98CC,文山段,.00,都市：住,,,,05860000
RPWNMLRJJHPFFGE76CC,頂新段,.00,都市：商,,,,00600000
RPUOMLQJJHPFFCE78CC,愛群段,99.00,都市：商,,,,30310000
RPPOMLRJJHPFFEE58CC,福山段,384.45,都市：住,,,,00930000
RPPOMLRJJHPFFEE58CC,福山段,466.90,都市：住,,,,00940000
RPPOMLRJJHPFFEE58CC,福山段,778.36,都市：住,,,,00950000
RPOOMLRJJHPFFCE38DC,愛群段,3.35,都市：商,,,,29350000
RPOOMLRJJHPFFCE38DC,愛群段,1.33,都市：商,,,,29350001
RPTNMLRJJHPFFLE96CC,大寮段芎蕉腳小段,215.00,都市：農,,,,18730000
RPQNMLRJJHPFFFE68CC,岡山段,86.82,都市：商,,,,02230009
RPUNMLSJJHPFFBE78CC,林德官段一小段,25.66,都市：商,,,,31760000
RPVNMLRJJHPFFBE78CC,過田子段,13.80,都市：商,,,,07040000
RPXNMLSJJHPFFBE09CC,新興段一小段,85.00,都市：商,,,,08600000
RPPNMLSJJHPFFAE18CC,前金段,5.71,都市：商,,,,00930004
RPPOMLRJJHPFFBE28CC,大統段三小段,236.91,都市：商,,,,15060000
RPPOMLRJJHPFFBE28CC,大統段三小段,44.47,都市：住,,,,15060001
RPTNMLSJJHPFFBE68CC,大統段一小段,10.82,都市：商,,,,02170000
RPOPMLSJJHPFFEE68CC,新庄段五小段,12.76,都市：住,,,,07330000
RPQOMLSJJHPFFDE68CC,鼎山段,.00,都市：住,,,,02640000
RPQOMLSJJHPFFDE68CC,鼎山段,.00,都市：住,,,,02650000
RPVOMLSJJHPFFDE56CC,長明段,3.99,都市：商,,,,05070000
RPXOMLSJJHPFFIE27CC,清福段,99.00,都市：工,,,,01940000
RPQPMLSJJHPFFEE88CC,新光段,.00,都市：商,,,,03610000
RPTPMLSJJHPFFIE96CC,?埔段,826.00,都市：農,,,,13910000
RPSNMLSJJHPFFFE98CC,興龍段,.00,非都市：特定農業區 ; 非都市編定：甲種建築用地,,,,00040000
RPPOMLSJJHPFFFE78CC,大公段,50.20,都市：商,,,,09550006
RPPQMLSJJHPFFEE88CC,福山段,.00,都市：住,,,,05550000
RPQOMLSJJHPFFFE88CC,大公段,83.42,都市：商,,,,09550006
RPXNMLTJJHPFFCE66CC,仁愛段,129.00,都市：商,,,,07790011
RPXNMLTJJHPFFCE66CC,仁愛段,110.00,都市：住,,,,07790012
RPQOMLTJJHPFFCE68CC,憲德段二小段,15.68,都市：商,,,,00260000
RPTOMLSJJHPFFFE56CC,石螺潭段,4469.00,非都市：特定農業區 ; 非都市編定：農牧用地,,,,06060015
RPPOMLTJJHPFFCE58CC,獅甲段二小段,28.50,都市：其他:國宅用地,,,,05910000
RPPOMLTJJHPFFIE56CC,善德段,198.34,都市：農,,,,06090000
RPSNMLTJJHPFFIE76CC,仁龍段,865.98,非都市：特定農業區 ; 非都市編定：丁種建築用地,,,,11090000
RPSNMLTJJHPFFIE76CC,仁龍段,948.00,非都市：特定農業區 ; 非都市編定：丁種建築用地,,,,11100000
RPSNMLTJJHPFFIE76CC,仁龍段,646.62,都市：農,,,,11110001
RPROMLTJJHPFFIE76CC,金鼎段,23.64,都市：住,,,,05460000
RPTOMLTJJHPFFIE96CC,仁新段,320.66,都市：其他:產業專用區,,,,07100000
RPXOMLTJJHPFFDE86CC,獅頭段,72.99,都市：商,,,,26440004
RPVOMLTJJHPFFDE66CC,獅頭段,8.73,都市：住,,,,27390000
RPVOMLTJJHPFFDE66CC,獅頭段,1.50,都市：商,,,,27390001
RPPOMLTJJHPFFDE68CC,建豐段,.00,都市：商,,,,07000000
RPPOMLTJJHPFFDE68CC,建豐段,.00,都市：商,,,,07010000
RPXOMLSJJHPFFDE76CC,灣中段,10.83,都市：商,,,,01360000
RPSNMLTJJHPFFEE98CC,新福段二小段,.00,都市：住,,,,00220000
RPQOMLTJJHPFFEE88CC,福山段,.00,都市：商,,,,03010000
RPROMLTJJHPFFEE98CC,福山段,11.51,都市：商,,,,02800000
RPSOMLTJJHPFFEE09CC,新庄段十三小段,8.67,都市：商,,,,14450000
RPTOMLTJJHPFFEE56CC,新光段,.00,都市：商,,,,03500000
RPVNMLTJJHPFFGE86CC,五甲段,.00,都市：住,,,,11370002
RPWOMLTJJHPFFEE86CC,楠都段一小段,17.38,都市：住,,,,07500000
RPUOMLTJJHPFFEE66CC,果貿段,.00,都市：住,,,,00060000
RPUPMLTJJHPFFEE76CC,新庄段十二小段,73.00,都市：住,,,,09490013
RPOPMLTJJHPFFEE78CC,新光段,9.98,都市：住,,,,00440000
RPVNMLTJJHPFFBE98CC,意誠段,3.99,都市：商,,,,05370000
RPSOMLMJJHPFFBE08CC,林德官段一小段,4.11,都市：商,,,,33120000
RPTNMLKKJHPFFEE28CC,新庄段五小段,25.80,都市：住,,,,07250000
RPVNMLNJJHPFFBE38CC,林德官段二小段,.00,都市：住,,,,34580000
RPOOMLNJJHPFFBE77CC,成功段,15.22,都市：商,,,,00590000
RPOOMLMJJHPFFBE67CC,過田子段,.00,都市：商,,,,08220000
RPVNMLMJJHPFFBE28CC,意誠段,5.85,都市：商,,,,01990000
RPTNMLTJJHPFFAE68CC,青海段,16.80,都市：住,,,,04300000
RPOOMLTJJHPFFBE38CC,林德官段一小段,5.82,都市：商,,,,27630000
RPWNMLKKJHPFFAE18CC,文東段,6.49,都市：商,,,,10150000
RPPOMLTJJHPFFBE48CC,林德官段一小段,11.25,都市：商,,,,26100000
RPRNMLKKJHPFFDE97CC,灣復段,8.91,都市：商,,,,00220000
RPSOMLKKJHPFFDE18CC,大港段二小段,.00,都市：商,,,,10930003
RPROMLNKJHPFFBE18CC,新興段四小段,.00,都市：商,,,,16770000
RPROMLNKJHPFFBE18CC,新興段四小段,.00,都市：商,,,,16780000
RPPNMLMKJHPFFAE67CC,龍中段,12.99,都市：住,,,,01950000
RPPPMLKKJHPFFDE97CC,灣中段,84.45,都市：商,,,,03710000
RPSOMLNKJHPFFBE28CC,過田子段,.00,都市：商,,,,11360000
RPRNMLNKJHPFFAE97CC,青海段,27.04,都市：商,,,,02140001
RPTOMLNKJHPFFBE38CC,新興段二小段,.00,都市：商,,,,14590000
RPUOMLKKJHPFFEE48CC,新光段,90.91,都市：住,,,,03470000
RPTNMLNKJHPFFBE28CC,大統段三小段,.00,都市：商,,,,15060000
RPTNMLNKJHPFFBE28CC,大統段三小段,.00,都市：住,,,,15060001
RPVPMLNKJHPFFDE88CC,鼎泰段一小段,.00,都市：住,,,,03130000
RPWOMLNKJHPFFDE88CC,三塊厝段一小段,.00,都市：商,,,,10850001
RPUNMLNKJHPFFEE68CC,新庄段十三小段,6.22,都市：商,,,,15090000
RPVNMLNKJHPFFEE78CC,新庄段十三小段,6.22,都市：商,,,,15090000
RPUOMLNKJHPFFBE48CC,新興段四小段,.00,都市：商,,,,04400000
RPTPMLNKJHPFFEE78CC,新庄段十三小段,.00,都市：商,,,,15310000
RPTPMLNKJHPFFEE78CC,新庄段十三小段,.00,都市：商,,,,15330000
RPUPMLNKJHPFFEE88CC,藍田中段,79.55,都市：住,,,,02920001
RPWPMLNKJHPFFEE09CC,新庄段一小段,.00,都市：住,,,,07550000
RPVOMLNKJHPFFBE58CC,新興段一小段,.00,都市：商,,,,10240000
RPTOMLNKJHPFFGE88CC,鳳甲段,.00,都市：住,,,,02550010
RPTOMLNKJHPFFGE88CC,鳳甲段,.00,都市：住,,,,02550019
RPSOMLNKJHPFFIE98CC,大安段,.00,都市：住,,,,09900005
RPOOMLNKJHPFFIE58CC,興農段,.00,都市：住,,,,07940010
RPXPMLNKJHPFFEE56CC,新庄段一小段,.00,都市：住,,,,07550000
RPPOMLNKJHPFFIE68CC,興農段,.00,都市：住,,,,07940010
RPPNMLNKJHPFFIE58CC,松埔段,1084.71,都市：農,,,,09340000
RPTOMLNKJHPFFIE09CC,大安段,.00,都市：住,,,,09900005
RPWNMLNKJHPFFCE68CC,愛群段,29.60,都市：住,,,,08020000
RPUOMLNKJHPFFIE56CC,保安段,371.00,都市：住,,,,08460000
RPWNMLNKJHPFFAE58DC,龍華段一小段,221.00,都市：住,,,,10810000
RPSNMLNKJHPFFFE58CC,文化段,99.58,都市：住,,,,06390000
RPRNMLNKJHPFFJE88CC,金平段,138.78,都市：住,,,,10040000
RPQOMLNKJHPFFCE18CC,光華段,.00,都市：住,,,,05590008
RPSNMLNKJHPFFLE56CC,內湖段,.00,都市：住,,,,08710023
RPRNMLOKJHPFFDE48DC,覆鼎金段覆鼎金一小段,159.00,都市：商,,,,07530000
RPVNMLOKJHPFFIE66CC,華美段,57.71,都市：住,,,,01850000
RPVNMLOKJHPFFIE66CC,華美段,16.32,都市：其他:道路用地,,,,01850001
RPVNMLOKJHPFFFE98CC,九甲圍段,2280.00,非都市：特定農業區 ; 非都市編定：丁種建築用地,,,,10980000
RPXNMLOKJHPFFFE56CC,深水段,1358.00,非都市：山坡地保育區 ; 非都市編定：農牧用地,,,,01430000
RPWNMLOKJHPFFCE78CC,盛興段,14.38,都市：住,,,,14920000
RPVOMLNKJHPFFCE68CC,愛群段,5.94,都市：商,,,,24590000
RPXOMLOKJHPFFCE98CC,獅甲段,12.08,都市：商,,,,04190004
RPWOMLNKJHPFFCE78CC,瑞崗段二小段,.00,都市：住,,,,04760000
RPWOMLNKJHPFFCE78CC,瑞崗段二小段,.00,都市：商,,,,04760001
RPQPMLOKJHPFFEE58CC,福山段,.00,都市：商,,,,05540000
RPOQMLNKJHPFFEE38CC,新庄段十二小段,.00,都市：住,,,,11890000
RPUPMLOKJHPFFEE98CC,新庄段十三小段,.00,都市：商,,,,15310000
RPUPMLOKJHPFFEE98CC,新庄段十三小段,.00,都市：商,,,,15330000
RPXQMLOKJHPFFEE76CC,新華段,14.56,都市：住,,,,00260000
RPUOMLOKJHPFFEE88CC,新民段,28.81,都市：住,,,,00750000
RPOOMLOKJHPFFBE97CC,苓洲段,4.26,都市：商,,,,05420000
RPORMLOKJHPFFEE58CC,新福段六小段,22.14,都市：住,,,,00180000
RPRPMLOKJHPFFBE38CC,林德官段,59.00,都市：住,,,,13150005
RPUOMLOKJHPFFBE58CC,林德官段二小段,.00,都市：商,,,,33970000
RPUOMLOKJHPFFBE58CC,林德官段二小段,.00,都市：商,,,,33970001
RPVPMLOKJHPFFEE09CC,新華段,14.19,都市：住,,,,00260000
RPWPMLOKJHPFFBE88CC,苓洲段,4.33,都市：商,,,,05420000
RPWNMLOKJHPFFAE58CC,青海段,26.68,都市：住,,,,00470000
RPWOMLOKJHPFFAE68CC,博孝段,7.60,都市：商,,,,12650000
RPXOMLOKJHPFFAE78CC,鼓南段四小段,.00,都市：住,,,,04710000
RPTOMLOKJHPFFAE38CC,青海段,11.59,都市：住,,,,00650000
RPVPMLOKJHPFFAE68CC,前金段,5.23,都市：商,,,,00930004
RPQPMLOKJHPFFAE18CC,龍華段八小段,.00,都市：商,,,,21920000
RPUNMLPKJHPFFBE58CC,過田子段,14.77,都市：其他:市場用地,,,,11100050
RPUNMLPKJHPFFBE58CC,過田子段,3.02,都市：其他:市場用地,,,,11100059
RPRNMLPKJHPFFBE28CC,大統段一小段,.00,都市：商,,,,10850000
RPVNMLPKJHPFFBE68CC,過田子段,14.77,都市：其他:市場用地,,,,11100050
RPVNMLPKJHPFFBE68CC,過田子段,3.02,都市：其他:市場用地,,,,11100059
RPWNMLPKJHPFFBE78CC,過田子段,.00,都市：商,,,,11360000
RPOQMLOKJHPFFAE08CC,青海段,44.26,都市：住,,,,04280000
RPXPMLOKJHPFFAE88CC,青海段,19.85,都市：住,,,,03550002
RPPQMLOKJHPFFAE18CC,前金段,7.04,都市：商,,,,00470000
RPQOMLPKJHPFFAE18CC,青海段,13.43,都市：住,,,,06350000
RPWNMLPKJHPFFGE66CC,道爺?段下菜園小段,.00,都市：住,,,,00490000
RPVNMLPKJHPFFCE78CC,憲德段二小段,.00,都市：商,,,,00280000
RPWNMLPKJHPFFCE88CC,盛興段,.00,都市：商,,,,09090000
RPUOMLPKJHPFFCE78CC,憲德段二小段,.00,都市：商,,,,00200000
RPQOMLQKJHPFFCE48CC,盛興段,12.21,都市：住,,,,14920000
RPROMLQKJHPFFCE58CC,鳳宮段,23.24,都市：住,,,,01730000
RPWNMLQKJHPFFFE66CC,華崗段,429.75,非都市：特定農業區 ; 非都市編定：農牧用地,,,,06600000
RPQPMLQKJHPFFGE98CC,新甲段,24.03,都市：住,,,,11020000
RPQPMLQKJHPFFGE98CC,新甲段,20.75,都市：住,,,,11020000
RPOOMLQKJHPFFGE68CC,新庄子段,29.34,都市：住,,,,01700001
RPROMLQKJHPFFIE56CC,北屋段,75.53,都市：住,,,,11280006
RPSOMLQKJHPFFIE66CC,清福段,743.41,都市：其他:兒童遊樂場用地,,,,07480000
RPSOMLQKJHPFFIE66CC,清福段,413.61,都市：其他:分區界線尚未分割,,,,07470000
RPWOMLQKJHPFFIE07CC,仁新段,473.00,都市：農,,,,17580017
RPXOMLQKJHPFFIE17CC,竹園段,161.98,都市：農,,,,15960000
RPUNMLQKJHPFFLE07CC,翁公園段二小段,290.91,都市：農,,,,56420000
RPPNMLQKJHPFFJE98CC,文南段,51.61,都市：住,,,,06260008
RPOPMLQKJHPFFEE68DC,右昌段二小段,63.00,都市：住,,,,00680025
RPWNMLPKJHPFFDE98CC,三塊厝段,.00,都市：商,,,,13090085
RPSNMLPKJHPFFDE58CC,灣復段,49.64,都市：商,,,,10540000
RPPNMLPKJHPFFDE28CC,凱歌段,.00,都市：住,,,,08450000
RPPNMLPKJHPFFDE28CC,凱歌段,.00,都市：其他:機關用地,,,,08450001
RPPNMLPKJHPFFDE28CC,凱歌段,.00,都市：商,,,,08450002
RPXNMLPKJHPFFDE09CC,水源段,.00,都市：住,,,,00190000
RPUNMLOKJHPFFDE68CC,建豐段,1.72,都市：商,,,,07020000
RPUNMLOKJHPFFDE68CC,建豐段,8.91,都市：商,,,,07030000
RPTOMLOKJHPFFDE68CC,大豐段二小段,36.39,都市：住,,,,05150000
RPROMLQKJHPFFDE68CC,三塊厝段四小段,.00,都市：住,,,,22860002
RPWOMLQKJHPFFDE56CC,獅頭段一小段,176.50,都市：住,,,,19070000
RPVNMLPKJHPFFDE88CC,三塊厝段,.00,都市：商,,,,13090085
RPROMLQKJHPFFEE78CC,和平段五小段,55.55,都市：商,,,,00610001
RPROMLQKJHPFFEE78CC,和平段五小段,13.20,都市：商,,,,00610000
RPXOMLQKJHPFFEE76CC,福山段,260.26,都市：住,,,,00580000
RPVNMLOKJHPFFDE78CC,大港段五小段,43.91,都市：住,,,,08190000
RPUOMLQKJHPFFEE09CC,和平段五小段,92.00,都市：住,,,,03100006
RPXPMLQKJHPFFEE86CC,福山段,6.03,都市：商,,,,04820001
RPXPMLQKJHPFFEE86CC,福山段,4.28,都市：商,,,,04820002
RPXPMLQKJHPFFEE86CC,福山段,2.49,都市：商,,,,04820000
RPSNMLRKJHPFFAE48CC,龍中段,19.03,都市：住,,,,01660000
RPQOMLQKJHPFFAE28CC,龍華段八小段,.00,都市：商,,,,22720000
RPQNMLRKJHPFFAE28CC,青海段,19.04,都市：商,,,,01770000
RPTNMLRKJHPFFAE58CC,內惟段八小段,24.15,都市：其他:地籍未分割,,,,02860000
RPUOMLRKJHPFFAE78CC,大成段,32.80,都市：住,,,,01670000
RPXNMLRKJHPFFAE98CC,龍華段四小段,.00,都市：住,,,,06860002
RPWOMLRKJHPFFDE66CC,獅頭段一小段,10.06,都市：商,,,,18710000
RPRNMLRKJHPFFIE56CC,大?腿段,199.00,都市：農,,,,14620003
RPSNMLRKJHPFFGE09CC,五甲段,3536.00,都市：住,,,,11220000
RPSNMLRKJHPFFDE78CC,三塊厝段,.00,都市：住,,,,11480009
RPTNMLRKJHPFFGE56CC,五甲段,1538.00,都市：商,,,,18350000
RPSNMLRKJHPFFFE98CC,頂蚵子寮段,112.00,都市：工,,,,00150830
RPSOMLRKJHPFFGE56CC,文山段,.00,都市：住,,,,01870000
RPOOMLRKJHPFFGE78CC,竹子腳段,480.00,都市：住,,,,02630003
RPWNMLRKJHPFFFE76CC,和平段,781.54,都市：農,,,,01050000
RPQOMLRKJHPFFFE88CC,為隨段,261.00,非都市：特定農業區 ; 非都市編定：丁種建築用地,,,,01360064
RPTNMLSKJHPFFDE98CC,獅頭段,3.31,都市：商,,,,22980000
RPWPMLKLJHPFFAE48CC,前峰段,23.03,都市：住,,,,02520000
RPWPMLKLJHPFFAE48CC,前峰段,.06,都市：住,,,,02520001
RPQNMLSKJHPFFBE48CC,正文段,66.54,都市：住,,,,04160000
RPPQMLRKJHPFFBE58CC,林德官段一小段,11.79,都市：住,,,,31310001
RPPNMLSKJHPFFBE38CC,正文段,66.54,都市：住,,,,04160000
RPSQMLRKJHPFFBE88CC,意誠段,.00,都市：商,,,,01990000
RPTQMLRKJHPFFBE98CC,衛武段,8.95,都市：住,,,,03750001
RPTQMLRKJHPFFBE98CC,衛武段,17.60,都市：商,,,,03750000
RPQOMLRKJHPFFBE48CC,新興段二小段,86.00,都市：其他:交通用地,,,,18660000
RPQOMLRKJHPFFBE48CC,新興段二小段,100.00,都市：其他:交通用地,,,,19100000
RPQOMLRKJHPFFBE48CC,新興段二小段,72.00,都市：商,,,,18670000
RPQOMLRKJHPFFBE48CC,新興段二小段,35.00,都市：其他:交通用地,,,,18670001
RPVNMLKLJHPFFFE68CC,為隨段,236.00,非都市：特定農業區 ; 非都市編定：丁種建築用地,,,,01360071
RPSNMLKLJHPFFGE48CC,七老爺段一甲小段,6.66,都市：住,,,,12680000
RPSOMLRKJHPFFCE78CC,瑞南段一小段,.00,都市：商,,,,10150000
RPSOMLKLJHPFFLE09CC,新厝南段,561.98,都市：農,,,,03220000
RPSNMLLLJHPFFLE09CC,磚子?段,392.00,都市：農,,,,32840000
RPSNMLLLJHPFFLE09CC,磚子?段,54.39,都市：農,,,,32840005
RPSNMLLLJHPFFLE09CC,磚子?段,150.57,都市：農,,,,32840006
RPPNMLLLJHPFFJE58CC,中路段,430.00,非都市：特定農業區 ; 非都市編定：丁種建築用地,,,,24220000
RPXNMLKLJHPFFEE78CC,新庄段六小段,.00,都市：住,,,,01900010
RPPRMLRKJHPFFEE98CC,加昌段,.00,都市：住,,,,06280000
RPTOMLRKJHPFFEE09CC,新庄段十三小段,7.34,都市：商,,,,15090000
RPVOMLLLJHPFFGE98CC,赤山段,76.00,都市：住,,,,04190000
RPQQMLLLJHPFFGE68CC,鳳山段縣口小段,24.15,都市：住,,,,00740017
RPSQMLLLJHPFFGE88CC,永豐段,68.35,都市：住,,,,06230000
RPRNMLLLJHPFFIE78DC,新後港西段,87.89,都市：住,,,,00690122
RPQNMLLLJHPFFIE68DC,新後港西段,87.89,都市：住,,,,00690122
RPPOMLKLJHPFFDE97CC,建德段,25.89,都市：商,,,,07650000
RPOOMLKLJHPFFDE87CC,獅頭段,51.60,都市：住,,,,24230000
RPXOMLLLJHPFFEE98CC,福山段,.00,都市：商,,,,04820001
RPXOMLLLJHPFFEE98CC,福山段,.00,都市：商,,,,04820002
RPXOMLLLJHPFFEE98CC,福山段,.00,都市：商,,,,04820000
RPRPMLLLJHPFFEE48CC,藍田中段,22.62,都市：住,,,,00530000
RPSOMLLLJHPFFFE58CC,大舍段,496.00,非都市：一般農業區 ; 非都市編定：甲種建築用地,,,,00730000
RPROMLKLJHPFFFE38CC,岡山段,1028.00,都市：商,,,,03860056
RPXPMLLLJHPFFEE09CC,新庄段五小段,15.78,都市：住,,,,10980000
RPWOMLLLJHPFFCE68CC,愛群段,99.00,都市：商,,,,30310000
RPTPMLLLJHPFFCE48CC,憲德段二小段,.00,都市：商,,,,00260002
RPOOMLLLJHPFFCE87CC,光華段一小段,10.32,都市：住,,,,20690000
RPVOMLKLJHPFFCE48CC,坪頂段,1075.41,都市：住,,,,00560001
RPPPMLKLJHPFFCE97CC,大林段,127.00,都市：商,,,,03320007
RPTOMLLLJHPFFDE48CC,大港段二小段,.01,都市：商,,,,10720000
RPTPMLLLJHPFFBE38CC,林德官段四小段,3.24,都市：商,,,,38490000
RPSPMLLLJHPFFBE28CC,苓中段,9.12,都市：商,,,,04310003
RPSPMLLLJHPFFBE28CC,苓中段,9.10,都市：商,,,,04310000
RPSPMLLLJHPFFBE28CC,苓中段,.02,都市：商,,,,04310005
RPWNMLMLJHPFFBE58CC,苓洲段,5.28,都市：商,,,,05420000
RPVPMLLLJHPFFBE58CC,新興段二小段,.00,都市：商,,,,11470001
RPUOMLMLJHPFFBE48CC,五塊厝段,7.70,都市：商,,,,16140000
RPRNMLLLJHPFFBE97CC,新興段一小段,9.90,都市：商,,,,17560000
RPPPMLMLJHPFFBE08CC,新興段二小段,9.34,都市：商,,,,08960000
RPVPMLMLJHPFFDE88CC,三塊厝段四小段,14.12,都市：商,,,,25850000
RPSOMLMLJHPFFDE48CC,三塊厝段四小段,116.00,都市：住,,,,20020000
RPOOMLMLJHPFFEE18CC,新夏段,11.22,都市：住,,,,00050000
RPUOMLMLJHPFFDE68CC,三塊厝段,.00,都市：商,,,,13090004
RPUOMLMLJHPFFDE68CC,三塊厝段,.00,都市：商,,,,13090084
RPQOMLMLJHPFFEE38CC,藍昌段三小段,8.10,都市：商,,,,04860000
RPXOMLMLJHPFFEE09CC,新庄段九小段,537.00,都市：住,,,,14180000
RPPPMLMLJHPFFEE38CC,新庄段十三小段,6.70,都市：商,,,,14450000
RPQPMLMLJHPFFEE48CC,新博段,17.19,都市：住,,,,00030000
RPRRMLLLJHPFFGE88CC,新甲段,12.77,都市：住,,,,12550000
RPTQMLLLJHPFFGE98CC,埤頂段,44.21,都市：住,,,,12430035
RPSOMLMLJHPFFCE38CC,獅甲段,14.91,都市：其他:,,,,04190004
RPXPMLMLJHPFFEE56CC,福山段,9.05,都市：商,,,,03420000
RPUOMLMLJHPFFCE58CC,盛興段,12.32,都市：住,,,,14920000
RPSPMLMLJHPFFEE68CC,新庄段十三小段,4.76,都市：商,,,,14290000
RPWNMLMLJHPFFGE09CC,大貝湖段,609.72,都市：住,,,,00390001
RPXOMLMLJHPFFCE88CC,光華段一小段,.00,非都市： ; 非都市編定：,,,,19050000
RPPNMLOLJHPFFBE08CC,新興段三小段,.00,都市：商,,,,09950000
RPXNMLKMJHPFFBE58CC,苓洲段,5.35,都市：商,,,,05420000
RPTOMLKMJHPFFAE18CC,龍華段八小段,3.75,都市：商,,,,22820000
RPSNMLMLJHPFFAE08CC,龍中段,1171.25,都市：商,,,,00360000
RPXNMLMLJHPFFAE58CC,龍華段八小段,.00,都市：商,,,,22020000
RPWNMLMLJHPFFAE48CC,龍華段七小段,18.08,都市：住,,,,10810000
RPVNMLMLJHPFFAE38CC,青海段,8.00,都市：商,,,,01510000
RPPPMLLLJHPFFAE87CC,龍華段八小段,.00,都市：商,,,,22850000
RPOPMLMLJHPFFGE48CC,七老爺段,20.00,都市：住,,,,03240025
RPOPMLMLJHPFFGE48CC,七老爺段,2.93,都市：住,,,,03240026
RPQNMLKMJHPFFBE87CC,新興段二小段,.00,都市：商,,,,17670000
RPUNMLKMJHPFFDE48CC,大港段,24.93,都市：住,,,,34610000
RPXNMLKMJHPFFDE78CC,大豐段一小段,15.16,都市：住,,,,01080000
RPWOMLKMJHPFFGE09CC,姑婆寮段,17.69,非都市：一般農業區 ; 非都市編定：丙種建築用地,,,,00100013
RPXOMLKMJHPFFGE56CC,新庄子段,32.59,都市：住,,,,01280218
RPPOMLKMJHPFFCE97CC,愛群段,.00,都市：商,,,,29550000
RPQOMLKMJHPFFCE08CC,愛群段,7.30,都市：商,,,,24590000
RPTOMLKMJHPFFEE58CC,新福段七小段,358.47,都市：住,,,,00640000
RPOPMLKMJHPFFEE18CC,新庄段八小段,132.00,都市：住,,,,01740005
RPSOMLKMJHPFFEE48CC,新庄段十三小段,9.49,都市：商,,,,15090000
RPROMLKMJHPFFCE18CC,盛興段,12.32,都市：住,,,,14920000
RPROMLKMJHPFFEE38CC,左東段,36.64,都市：商,,,,00180102
RPQOMLKMJHPFFEE28CC,新庄段八小段,14.60,都市：住,,,,01810000
RPPPMLKMJHPFFEE28CC,菜公段一小段,27.98,都市：住,,,,04000000
RPUOMLKMJHPFFEE68CC,藍田東段,18.37,都市：住,,,,01580000
RPTNMLLMJHPFFGE78CC,鳳山段大老衙小段,15.35,都市：商,,,,02160000
RPOOMLLMJHPFFFE38DC,岡山段,85.00,都市：住,,,,08210021
RPOOMLLMJHPFFFE38DC,岡山段,85.00,都市：住,,,,08210022
RPPNMLLMJHPFFLE88CC,潭鳳段,.00,非都市： ; 非都市編定：,,,,08370000
RPRNMLLMJHPFFLE09CC,內湖段,.00,都市：住,,,,08710023
RPQOMLLMJHPFFGE58CC,大貝湖段,.00,都市：住,,,,01420000
RPSOMLKMJHPFFCE28CC,獅甲段,12.08,都市：商,,,,04190004
RPXNMLLMJHPFFFE09CC,湖子內段,198.35,非都市：一般農業區 ; 非都市編定：丁種建築用地,,,,00950000
RPXNMLLMJHPFFFE09CC,湖子內段,462.80,非都市：一般農業區 ; 非都市編定：丁種建築用地,,,,00960000
RPQNMLLMJHPFFGE48CC,赤山段,78.00,都市：住,,,,06510002
RPSNMLLMJHPFFEE48CC,加昌段,11.57,都市：住,,,,01620000
RPSNMLLMJHPFFEE48CC,加昌段,14.44,都市：住,,,,01630000
RPOPMLLMJHPFFDE18CC,大順段,.00,都市：住,,,,04020007
RPUNMLLMJHPFFEE68CC,清楠段,82.79,都市：住,,,,05020001
RPVOMLLMJHPFFBE58CC,新興段一小段,.00,都市：商,,,,05270000
RPVOMLLJKHPFFBE38CC,意誠段,.00,都市：商,,,,01990000
RPQNMLLMJHPFFEE28CC,新庄段十二小段,10.37,都市：住,,,,12360000
RPRNMLLMJHPFFEE38CC,?後段,36.08,都市：住,,,,00190009
RPUOMLLJKHPFFBE28CC,意誠段,.00,都市：商,,,,01990000
RPUNMLLMJHPFFBE38CC,苓洲段,.00,都市：商,,,,06090000
RPWOMLLJKHPFFBE48CC,意誠段,.00,都市：商,,,,01990000
RPTOMLMLJHPFFIE09CC,育才段,.00,都市：住,,,,03160000
RPPNMLMJKHPFFAE67CC,青海段,17.80,都市：住,,,,00820000
RPXNMLKMJHPFFIE66CC,金鼎段,99.40,都市：住,,,,02140000
RPOOMLNJKHPFFAE77CC,青海段,1657.52,都市：住,,,,01560000
RPVNMLNJKHPFFAE38CC,青海段,35.85,都市：住,,,,05140000
RPPOMLNJKHPFFDE18CC,三塊厝段三小段,13.73,都市：住,,,,36500000
RPPOMLNJKHPFFAE87CC,青海段,9.76,都市：商,,,,01660000
RPQNMLNJKHPFFDE18CC,獅頭段,.00,都市：商,,,,26790000
RPSOMLNJKHPFFDE48CC,中華段一小段,12.46,都市：商,,,,02760000
RPWNMLNJKHPFFAE48CC,龍華段八小段,12.49,都市：商,,,,24060000
RPUNMLNJKHPFFAE28CC,青海段,16.07,都市：住,,,,06430000
RPWNMLNJKHPFFJE76CC,忠孝段,96.31,都市：住,,,,00150006
RPSOMLNJKHPFFGE78CC,竹子腳段,44.00,都市：住,,,,00540027
RPTNMLNJKHPFFGE78CC,竹子腳段,267.00,都市：住,,,,02230324
RPSPMLNJKHPFFGE88CC,埤頂段一小段,82.00,都市：住,,,,13230235
RPWNMLNJKHPFFIE66CC,興農段,.00,都市：住,,,,07940010
RPSOMLNJKHPFFFE68CC,岡山段,35.48,都市：住,,,,04860000
RPVNMLNJKHPFFIE56CC,興農段,.00,都市：住,,,,07940010
RPVNMLNJKHPFFIE56CC,興農段,.00,都市：住,,,,07940011
RPVNMLNJKHPFFCE58CC,獅甲段,1.64,都市：商,,,,03300000
RPVNMLNJKHPFFCE58CC,獅甲段,5.18,都市：商,,,,03310000
RPRNMLOJKHPFFIE98DC,新後港西段,98.76,都市：住,,,,00690002
RPRNMLOJKHPFFCE28CC,中厝段,89.00,都市：住,,,,00070029
RPSNMLOJKHPFFDE48CC,灣和段,.00,都市：住,,,,00990006
RPSNMLOJKHPFFFE78DC,大公段,74.00,都市：住,,,,03640007
RPXNMLOJKHPFFDE98CC,大港段二小段,.00,都市：住,,,,14450007
RPUNMLOJKHPFFDE68CC,大港段二小段,.00,都市：住,,,,14450007
RPPOMLOJKHPFFDE28CC,灣愛段,.00,都市：住,,,,02530000
RPROMLOJKHPFFDE48CC,鼎泰段一小段,15.50,都市：住,,,,02920000
RPOOMLOJKHPFFEE28CC,新庄段一小段,.00,都市：住,,,,07550000
RPXOMLOJKHPFFEE56CC,加昌段,37.14,都市：住,,,,06420000
RPWNMLOJKHPFFEE98CC,新庄段一小段,.00,都市：住,,,,07550000
RPQOMLOJKHPFFEE48CC,新光段,.00,都市：商,,,,02280000
RPWNMLNJKHPFFEE88CC,菜公段六小段,9.51,都市：住,,,,10900000
RPROMLOJKHPFFEE58CC,福山段,.00,都市：商,,,,03240000
RPPOMLOJKHPFFEE38CC,新庄段十二小段,.00,都市：住,,,,10270000
RPPNMLOJKHPFFAE87CC,龍華段八小段,2.41,都市：商,,,,24210000
RPXNMLOJKHPFFBE78CC,過田子段,.00,都市：商,,,,10650000
RPRNMLOJKHPFFAE08CC,前金段,.00,都市：住,,,,01360000
RPVNMLOJKHPFFBE58CC,新興段一小段,.00,都市：商,,,,10240000
RPSOMLOJKHPFFBE38CC,新興段二小段,9.34,都市：商,,,,08960000
RPQNMLPJKHPFFBE18CC,新興段三小段,46.20,都市：商,,,,08890000
RPUNMLPJKHPFFBE58CC,意誠段,7.86,都市：商,,,,01990000
RPQNMLPJKHPFFBE18CC,新興段三小段,.79,都市：其他:道路用地,,,,08890002
RPVNMLPJKHPFFBE68CC,意誠段,.00,都市：商,,,,01990000
RPWNMLPJKHPFFBE78CC,意誠段,.00,都市：商,,,,01990000
RPQOMLPJKHPFFBE28CC,過田子段,.00,都市：商,,,,06960000
RPQNMLPJKHPFFAE08CC,民生段,42.38,都市：商,,,,08160000
RPVOMLNJKHPFFLE96CC,潭平段,647.79,都市：其他:停車場用地,,,,03600000
RPVOMLNJKHPFFLE96CC,潭平段,77.66,都市：其他:人行步道,,,,03600001
RPVOMLNJKHPFFLE96CC,潭平段,13.69,都市：商,,,,03600002
RPVOMLNJKHPFFLE96CC,潭平段,826.35,都市：其他:機關用地,,,,03620000
RPVOMLNJKHPFFLE96CC,潭平段,106.92,都市：其他:人行步道,,,,03620001
RPVOMLNJKHPFFLE96CC,潭平段,96.61,都市：商,,,,03620002
RPVOMLNJKHPFFLE96CC,潭平段,16.92,都市：商,,,,03630000
RPVOMLNJKHPFFLE96CC,潭平段,44.44,都市：其他:道路用地,,,,03670000
RPVOMLNJKHPFFLE96CC,潭平段,69.75,都市：其他:道路用地,,,,03680000
RPVOMLNJKHPFFLE96CC,潭平段,.70,都市：其他:道路用地,,,,03690000
RPVOMLNJKHPFFLE96CC,潭平段,4.91,都市：其他:道路用地,,,,03560000
RPPOMLPJKHPFFIE88CC,新後港西段,62.71,都市：住,,,,00690105
RPPOMLPJKHPFFIE88CC,新後港西段,22.39,都市：住,,,,00690147
RPPPMLOJKHPFFEE48CC,清楠段,26.59,都市：住,,,,04030000
RPVNMLPJKHPFFEE98CC,新庄段八小段,130.00,都市：住,,,,00750009
RPVPMLOJKHPFFEE09CC,芎蕉段,14.66,都市：住,,,,00880000
RPQNMLPJKHPFFEE48CC,新庄段十三小段,7.95,都市：商,,,,14450000
RPWNMLPJKHPFFFE56CC,岡山段,6.96,都市：住,,,,00300008
RPTNMLQJKHPFFFE98CC,梓義段,1257.00,非都市：一般農業區 ; 非都市編定：農牧用地,,,,07670000
RPSNMLPJKHPFFAE28CC,龍華段一小段,.00,都市：住,,,,08600007
RPRNMLPJKHPFFAE18CC,北金段,10.86,都市：商,,,,02550000
RPRNMLQJKHPFFGE88CC,明頂段,68.00,都市：住,,,,01140009
RPQNMLPJKHPFFGE68CC,五甲段,26.60,都市：住,,,,13980008
RPTNMLQJKHPFFGE09CC,文英段,18.81,都市：住,,,,16780000
RPVNMLOJKHPFFGE09CC,道爺?段,.00,都市：住,,,,10910046
RPSNMLPJKHPFFGE88CC,埤頂段,45.20,都市：住,,,,12430036
RPQOMLQJKHPFFCE48CC,盛興段,12.09,都市：住,,,,14920000
RPOOMLQJKHPFFCE28CC,盛興段,18.14,都市：住,,,,14920000
RPWNMLQJKHPFFCE98CC,愛群段,18.07,都市：住,,,,18320006
RPWNMLQJKHPFFCE98CC,愛群段,4.51,都市：住,,,,18350008
RPWNMLQJKHPFFCE98CC,愛群段,9.55,都市：住,,,,18380000
RPUNMLPJKHPFFCE68CC,憲德段二小段,13.00,都市：商,,,,00280003
RPPRMLQJKHPFFEE88CC,福山段,396.69,都市：住,,,,01860000
RPSNMLQJKHPFFDE68CC,灣子內段寶珠溝小段,78.76,都市：商,,,,07350000
RPWNMLQJKHPFFBE88CC,林興段,99.00,都市：住,,,,03180000
RPWNMLQJKHPFFBE88CC,林興段,7.00,都市：住,,,,03190000
RPQPMLRJKHPFFEE88CC,新庄段十三小段,.00,都市：住,,,,14020000
RPTNMLRJKHPFFCE78CC,瑞隆段二小段,52.83,都市：商,,,,02580000
RPSOMLRJKHPFFCE78CC,愛群段,8.83,都市：商,,,,29500003
RPXOMLQJKHPFFGE96CC,牛潮埔段,174.00,都市：工,,,,11020001
RPQOMLRJKHPFFGE98CC,曹公段,264.00,都市：工,,,,01030097
RPROMLQJKHPFFGE98CC,頂新段,91.29,都市：住,,,,02060009
RPWOMLQJKHPFFGE86CC,牛潮埔段,174.00,都市：工,,,,11020001
RPSNMLRJKHPFFLE96CC,潮寮北段,198.35,都市：住,,,,04250000
RPQNMLSJKHPFFCE58CC,愛群段,25.75,都市：住,,,,16310000
RPTNMLSJKHPFFEE09CC,新華段,14.19,都市：住,,,,00260000
RPPNMLSJKHPFFDE58CC,鼎泰段,15.48,都市：住,,,,13660000
RPUOMLRJKHPFFBE88CC,大統段二小段,.00,都市：商,,,,07490000
RPUOMLRJKHPFFBE88CC,大統段二小段,.00,都市：商,,,,07500000
RPRNMLSJKHPFFBE58CC,新興段一小段,8.87,都市：商,,,,01400004
RPSNMLSJKHPFFBE68CC,新興段一小段,10.84,都市：商,,,,20240000
RPQOMLKKKHPFFBE87CC,意誠段,47.00,都市：商,,,,05250000
RPROMLKKKHPFFBE97CC,苓洲段,.00,都市：商,,,,17920000
RPRNMLSJKHPFFCE68CC,光華段,25.97,都市：住,,,,15460001
RPSNMLSJKHPFFAE58CC,青海段,12.45,都市：住,,,,00350000
RPRNMLSJKHPFFAE48CC,青海段,28.56,都市：住,,,,03150000
RPUNMLSJKHPFFAE78CC,青海段,18.93,都市：商,,,,01570000
RPVNMLRJKHPFFAE78CC,青海段,71.85,都市：住,,,,02440000
RPPNMLKKKHPFFAE57CC,文東段,5.70,都市：商,,,,10150000
RPQNMLSJKHPFFAE38CC,後金段,12.05,都市：商,,,,05080000
RPOOMLRJKHPFFAE18CC,前金段,4.04,都市：商,,,,00930004
RPPNMLQJKHPFFAE08CC,龍華段八小段,.00,都市：商,,,,21920000
RPXNMLRJKHPFFAE98CC,文東段,3.55,都市：商,,,,10210000
RPXNMLRJKHPFFAE98CC,文東段,.01,都市：商,,,,10220000
RPTNMLKKKHPFFDE28CC,灣華段,.00,都市：住,,,,10650000
RPPNMLKKKHPFFEE97CC,福山段,11.92,都市：商,,,,04740000
RPWOMLKKKHPFFEE78CC,福民段,.00,都市：住,,,,02620000
RPUNMLKKKHPFFDE38CC,大順段,.00,都市：住,,,,04020008
RPPOMLKKKHPFFCE87CC,盛興段,12.20,都市：住,,,,14920000
RPWOMLKKKHPFFCE58CC,愛群段,6.77,都市：住,,,,23940000
RPVOMLKKKHPFFCE48CC,獅甲段,.97,都市：住,,,,03310000
RPVOMLKKKHPFFCE48CC,獅甲段,.31,都市：住,,,,03300000
RPOPMLKKKHPFFCE87CC,獅甲段二小段,18.44,都市：住,,,,05580000
RPXOMLKKKHPFFCE68CC,獅甲段,.31,都市：住,,,,03300000
RPXOMLKKKHPFFCE68CC,獅甲段,.97,都市：住,,,,03310000
RPPPMLKKKHPFFCE97CC,愛群段,10.90,都市：住,,,,23940000
RPVNMLKKKHPFFFE68CC,興龍段,.00,非都市：特定農業區 ; 非都市編定：甲種建築用地,,,,00040000
RPPOMLKKKHPFFGE28CC,埤頂段,60.00,都市：住,,,,21720002
RPPOMLKKKHPFFGE28CC,埤頂段,26.00,都市：住,,,,21570028
RPPOMLKKKHPFFGE28CC,埤頂段,16.00,都市：住,,,,21360040
RPTOMLKKKHPFFFE58CC,大寮段,33.05,都市：其他:交通用地,,,,10160007
RPROMLKKKHPFFAE87CC,龍華段二小段,.00,都市：住,,,,00220002
