﻿編號,土地位置,土地移轉面積(平方公尺),使用分區或編定,權利人持分分母,權利人持分分子,移轉情形,地號
The serial number, land position,land shifting area square meter,the use zoning or compiles and checks,,,,land parcel
RPWNMLLKJIOFFAH58CC,東國段,.00,都市：住,,,,03260000
RPQQMLLKJIOFFAH28CC,東門段,10.61,都市：商,,,,07580000
RPTOMLLKJIOFFFH88CC,豐田段,19.47,都市：住,,,,14750000
RPSNMLLKJIOFFFH68CC,福興段,.00,都市：住,,,,09320000
RPUNMLLKJIOFFCH58CC,仁善段,80.66,都市：住,,,,09570073
RPXNMLMKJIOFFBH98DC,青芝段,44.07,都市：住,,,,01210000
RPRNMLMKJIOFFHH88CC,陸光段,.00,都市：住,,,,11870000
RPUOMLMKJIOFFBH78DC,青平段,128.20,都市：住,,,,00010000
RPWNMLMKJIOFFDH98CC,大金山下段大金山下小段,.00,都市：住,,,,00100000
RPXNMLMKJIOFFDH09CC,大金山下段大金山下小段,.00,都市：住,,,,00100000
RPSNMLMKJIOFFHH98CC,善捷段,17.49,都市：住,,,,00040000
RPTOMLMKJIOFFAH48CC,江南段,.00,都市：住,,,,00990000
RPPOMLMKJIOFFDH38CC,草湳坡段埔心小段,.00,都市：住,,,,00370035
RPUTMLMKJIOFFAH09CC,長安段,.00,都市：住,,,,02140000
RPVNMLMKJIOFFEH98CC,六福段,3.30,都市：住,,,,08130000
RPOPMLNKJIOFFAH38EC,埔子段北門埔子小段,9.18,都市：商,,,,01040000
RPPPMLNKJIOFFAH48EC,埔子段埔子小段,3.59,都市：其他:住宅區、商業區,,,,20390117
RPQPMLNKJIOFFAH58EC,桃園段武陵小段,16.12,都市：商,,,,00140000
RPRPMLNKJIOFFAH68EC,雲林段,13.16,都市：商,,,,01660000
RPSPMLNKJIOFFAH78EC,桃園段長美小段,92.00,都市：商,,,,00420003
RPVNMLMKJIOFFBH68CC,自立段,.00,都市：住,,,,12650000
RPXQMLLKJIOFFBH09CC,三座屋段舊社小段,.00,都市：住,,,,01760089
RPXQMLLKJIOFFBH09CC,三座屋段舊社小段,.00,都市：住,,,,01760087
RPRPMLLKJIOFFBH38CC,老街溪段,.00,都市：住,,,,13600000
RPRPMLLKJIOFFBH38CC,老街溪段,.00,都市：住,,,,13610000
RPXPMLNKJIOFFAH66EC,埔子段埔子小段,12.61,都市：商,,,,19720000
RPPQMLNKJIOFFAH58EC,慈文段,14.81,都市：住,,,,02350000
RPVPMLNKJIOFFAH09EC,埔子段北門埔子小段,9.85,都市：商,,,,01040000
RPVPMLNKJIOFFAH09EC,埔子段北門埔子小段,.67,都市：商,,,,01070001
RPOQMLNKJIOFFAH48EC,埔子段北門埔子小段,.65,都市：商,,,,01070001
RPOQMLNKJIOFFAH48EC,埔子段北門埔子小段,9.58,都市：商,,,,01040000
RPTPMLNKJIOFFAH88EC,埔子段埔子小段,2.55,都市：其他:住宅區、商業區,,,,20390117
RPUPMLNKJIOFFAH98EC,桃園段長美小段,92.00,都市：商,,,,00420003
RPQQMLNKJIOFFAH68EC,小檜溪段,170.00,都市：住,,,,09600000
RPRQMLNKJIOFFAH78EC,小檜溪段,170.00,都市：住,,,,09600000
RPWPMLNKJIOFFBH09CC,富強段,.00,都市：住,,,,06410000
RPUQMLNKJIOFFAH88CC,大樹林段,214.00,都市：住,,,,06680036
RPSNMLNKJIOFFHH09CC,新路段,.00,都市：住,,,,05150000
RPVRMLNKJIOFFBH66DC,山上段,1685.00,非都市：特定農業區 ; 非都市編定：丁種建築用地,,,,06780004
RPPSMLNKJIOFFAH68DC,同德段,1313.89,都市：商,,,,00610000
RPTPMLOKJIOFFBH09EC,後寮段,10.15,都市：住,,,,03630000
RPUOMLOKJIOFFCH98CC,高原段,75.15,非都市：山坡地保育區 ; 非都市編定：丙種建築用地,,,,04390000
RPPPMLOKJIOFFFH88CC,東勇段,71.58,非都市：鄉村區 ; 非都市編定：乙種建築用地,,,,03970000
RPRNMLOKJIOFFBH48CC,新街段,.00,都市：其他:住宅區;道路用地,,,,08360000
RPOSMLOKJIOFFBH68CC,環東段,.00,都市：住,,,,03220000
RPQSMLOKJIOFFBH88CC,後興段,.00,都市：住,,,,04330000
RPUSMLOKJIOFFBH66CC,中壢埔頂段,3.70,都市：住,,,,10410001
RPQPMLOKJIOFFAH48CC,建國段,.00,都市：住,,,,03810000
RPSRMLOKJIOFFAH88CC,雲林段,.00,都市：住,,,,03970000
RPVSMLOKJIOFFBH76CC,自立段,27.80,都市：住,,,,14520000
RPXNMLNKJIOFFGH86CC,平鎮段,.00,都市：住,,,,11380000
RPRQMLOKJIOFFGH66CC,廣西段,20.10,都市：住,,,,06510000
RPOQMLOKJIOFFGH98CC,廣豐段,.00,都市：住,,,,05050000
RPUOMLMKJIOFFGH56CC,環南段,21.48,都市：住,,,,02820000
RPUNMLLKJIOFFGH98CC,北興段,1.90,都市：住,,,,03760000
RPROMLLKJIOFFGH78CC,廣南段,.00,都市：其他:道路用地,,,,05430000
RPPOMLPKJIOFFHH56DC,文化段,454.00,都市：住,,,,01300000
RPROMLPKJIOFFBH68CC,前寮段,98.76,都市：住,,,,19150000
RPRNMLPKJIOFFFH98CC,廣福段,.00,都市：商,,,,02460000
RPPOMLPKJIOFFFH88CC,大和段,.00,都市：住,,,,02550000
RPPNMLQKJIOFFHH09CC,迴龍段,25.28,都市：住,,,,02630001
RPTPMLSKJIOFFAH76EC,桃園段武陵小段,.00,都市：商,,,,00920000
RPSPMLSKJIOFFAH66EC,埔子段埔子小段,.00,都市：商,,,,19720000
RPSSMLOKJIOFFAH98CC,富國段,.00,都市：住,,,,02790000
RPXSMLOKJIOFFAH86CC,龍山段,49.37,都市：住,,,,08610000
RPPNMLPKJIOFFAH28CC,富國段,6.09,都市：住,,,,09480000
RPVRMLOKJIOFFAH56CC,桃鶯段,103.93,都市：住,,,,07650000
RPVSMLOKJIOFFAH66CC,慈文段,.00,都市：其他:道路用地、住宅區,,,,20880000
RPVSMLOKJIOFFAH66CC,慈文段,.00,都市：住,,,,20920000
RPVSMLOKJIOFFAH66CC,慈文段,.00,都市：住,,,,20940000
RPUPMLSKJIOFFAH86EC,大興段,13.45,都市：住,,,,01750000
RPRRMLSKJIOFFBH76DC,振興段,136.06,都市：住,,,,04320000
RPPNMLSKJIOFFGH56CC,金鍊段,.00,都市：住,,,,07380000
RPQONLSKJIOFFBH98CC,興南段興南小段,.00,非都市： ; 非都市編定：,,,,02070047
RPPNMLSKJIOFFHH66CC,壽山段,.00,都市：住,,,,09130000
RPROMLSKJIOFFFH76CC,福興段,.00,都市：住,,,,07950000
RPTNMLTKJIOFFFH07DC,豐田段,42.38,都市：住,,,,14700000
RPRQMLSKJIOFFAH09CC,東門段,58.00,都市：商,,,,06740000
RPRQMLSKJIOFFAH09CC,東門段,4.00,都市：商,,,,06750000
RPVPMLSKJIOFFAH76CC,大樹林段,10.14,都市：住,,,,03790000
RPRNMLPKJIOFFAH48CC,埔子段北門埔子小段,.00,都市：商,,,,01040000
RPRPMLSKJIOFFAH98CC,國強段,.00,都市：住,,,,09860007
RPWOMLTKJIOFFCH07CC,埔頂段,43.06,都市：住,,,,12360000
RPTUMLTKJIOFFBH27CC,中工段,.00,非都市：工業區 ; 非都市編定：丁種建築用地,,,,12270005
RPSVMLTKJIOFFBH27CC,三座屋段三座屋小段,.00,都市：住,,,,00040000
RPSVMLTKJIOFFBH27CC,三座屋段舊社小段,.00,都市：住,,,,01170000
RPTOMLKLJIOFFFH88CC,明智段,.00,都市：住,,,,00040000
RPWOMLTKJIOFFFH37CC,福興段,16.67,都市：商,,,,09610000
RPXOMLTKJIOFFFH47CC,豐田段,27.55,都市：住,,,,13890000
RPSOMLKLJIOFFFH78CC,大義段,.00,都市：住,,,,11840000
RPXNMLKLJIOFFFH56CC,福興段,23.55,都市：商,,,,09700000
RPVNMLKLJIOFFFH98CC,大智段,.00,都市：住,,,,07510000
RPUVMLKLJIOFFBH66CC,普義段,.00,都市：住,,,,03220000
RPOPMLKLJIOFFAH97CC,埔子段北門埔子小段,.00,都市：商,,,,01040000
RPPQMLKLJIOFFBH28CC,仁美段,.00,都市：住,,,,08630000
RPPQMLKLJIOFFBH28CC,仁美段,.00,都市：住,,,,08640000
RPRPMLKLJIOFFAH28CC,寶山段,.00,都市：商,,,,10350000
RPTOMLKLJIOFFAH38CC,大樹林段,8.64,都市：住,,,,03790000
RPWOMLKLJIOFFAH68CC,大樹林段,.00,都市：住,,,,03790000
RPPNMLLLJIOFFAH97CC,東門段,4.07,都市：商,,,,07580000
RPUPMLLLJIOFFGH76DC,平鎮段,13.47,都市：商,,,,09910000
RPXUMLMLJIOFFBH07CC,三座屋段三座屋小段,17.13,都市：住,,,,04670002
RPSOMLPLJIOFFEH56CC,五福段,.00,都市：住,,,,10070000
RPTOMLPLJIOFFBH98CC,老街溪段,240.36,都市：其他:空白,,,,20540000
RPTOMLPLJIOFFBH98CC,老街溪段,21.80,都市：其他:空白,,,,20550000
RPTOMLPLJIOFFBH98CC,老街溪段,225.80,都市：其他:空白,,,,20560000
RPTOMLPLJIOFFBH98CC,老街溪段,20.13,都市：其他:空白,,,,20570000
RPPSMLPLJIOFFBH98CC,遠東段,121.00,都市：住,,,,00020003
RPXRMLPLJIOFFBH07CC,復興段,13.49,都市：住,,,,14380000
RPRSMLPLJIOFFBH56CC,石頭段,4.76,都市：商,,,,00420014
RPTNMLKLJIOFFDH58CC,草湳坡段埔心小段,.00,都市：住,,,,00370035
RPVNMLNKJIOFFDH98CC,草湳坡段草湳坡小段,.00,都市：住,,,,00560003
RPXNMLQLJIOFFFH27DC,永福段,48.72,都市：住,,,,00540000
RPXNMLQLJIOFFFH27DC,永福段,22.53,都市：住,,,,00550000
RPXOMLPLJIOFFAH66CC,中路二段,.00,都市：住,,,,03370000
RPQOMLPLJIOFFAH58CC,國聖段,11.74,都市：住,,,,06850000
RPSOMLPLJIOFFAH78CC,埔子段北門埔子小段,12.34,都市：商,,,,01040000
RPSOMLPLJIOFFAH78CC,埔子段北門埔子小段,.84,都市：商,,,,01070001
RPSNMLMLJIOFFHH09CC,興華段,1003.00,都市：商,,,,00290000
RPSQMLLLJIOFFAH58CC,同德段,20.01,都市：商,,,,00250000
RPVNMLMLJIOFFHH76CC,文化段,549.00,都市：住,,,,02740000
RPUNMLMLJIOFFHH66CC,文化段,739.00,都市：住,,,,00840000
RPPOMLQLJIOFFBH68CC,中北段,28.38,都市：工,,,,10340000
RPQNMLQLJIOFFAH58CC,中山段,.00,都市：住,,,,01430000
RPVOMLMKJIOFFEH56DC,青峰段,14.37,都市：住,,,,03340000
RPWNMLQLJIOFFFH07CC,力行段,.00,都市：住,,,,00250000
RPQOMLQLJIOFFAH68CC,龍鳳段,.00,都市：住,,,,09920000
RPQOMLQLJIOFFDH98CC,頭重溪段,.00,都市：住,,,,01760000
RPSOMLQLJIOFFBH98CC,大華段,.00,都市：住,,,,06690000
RPTNMLQLJIOFFHH96CC,新路段,.00,都市：住,,,,04750000
RPWOMLRLJIOFFAH96EC,大興段,43.81,都市：住,,,,01620000
RPUVMLRLJIOFFGH97DC,南勢段,14.32,都市：商,,,,01890000
RPWOMLRLJIOFFAH96EC,大興段,27.98,都市：其他:河川區,,,,01620001
RPSUMLRLJIOFFHH67CC,精忠段,18.30,都市：住,,,,15550000
RPQWMLRLJIOFFGH67DC,平鎮段,52.00,都市：商,,,,09900012
RPVOMLRLJIOFFBH76CC,青芝段,17.06,都市：商,,,,01410000
RPUNMLRLJIOFFEH86CC,水尾段,65.27,都市：工,,,,18050000
RPTNMLRLJIOFFAH98CC,中路一段,12.11,都市：住,,,,00490000
RPQOMLRLJIOFFAH78CC,西門段,10.63,都市：住,,,,01830000
RPXNMLRLJIOFFAH76CC,中山段,.00,都市：商,,,,01230000
RPQPMLSLJIOFFBH09CC,興南段興南小段,.00,都市：商,,,,02750000
RPRNMLSLJIOFFGH96DC,金鍊段,44.76,都市：住,,,,08720000
RPWNMLRLJIOFFAH66CC,福元段,15.21,都市：住,,,,02860000
RPOOMLKLJIOFFGH48CC,金獅段,.00,非都市：鄉村區 ; 非都市編定：乙種建築用地,,,,03410000
RPSNMLSLJIOFFAH98CC,桃園段長美小段,92.00,都市：商,,,,00420003
RPRPMLSLJIOFFBH56CC,培英段,.00,都市：住,,,,00060000
RPPPMLSLJIOFFAH88CC,中埔段,5907.00,都市：住,,,,07320000
RPUPMLSLJIOFFEH17CC,青峰段,32.43,都市：住,,,,04110000
RPQOMLSLJIOFFDH56CC,大金山下段大金山下小段,.00,都市：住,,,,00470000
RPTOMLSLJIOFFAH66DC,國聖段,21.39,都市：住,,,,07660000
RPSNMLTLJIOFFGH17DC,新北段,79.33,非都市：鄉村區 ; 非都市編定：乙種建築用地,,,,12580000
RPQOMLSLJIOFFFH76CC,大和段,.00,都市：其他:市場用地,,,,02620000
RPTPMLTLJIOFFFH27CC,興豐段,.00,都市：商,,,,16410000
RPTPMLTLJIOFFFH27CC,興豐段,.00,都市：其他:道路用地,,,,16410001
RPTPMLTLJIOFFFH27CC,興豐段,.00,都市：住,,,,16380000
RPPNMLKMJIOFFHH68CC,兔子坑段,.00,非都市：山坡地保育區 ; 非都市編定：丁種建築用地,,,,00450000
RPPNMLLJKIOFFFH38CC,興仁段,.00,都市：商,,,,06080000
RPOOMLQLJIOFFFH09DC,福國段,70.11,都市：住,,,,04160000
RPROMLQLJIOFFFH76DC,豐田段,63.01,都市：住,,,,14500000
RPVOMLMJKIOFFEH66EC,羊稠段,28.45,都市：住,,,,05390000
RPRNMLKMJIOFFAH18CC,埔子段北門埔子小段,10.00,都市：住,,,,00030204
RPRNMLKMJIOFFAH18CC,埔子段北門埔子小段,2.00,都市：住,,,,00070078
RPRNMLKMJIOFFAH18CC,埔子段北門埔子小段,34.00,都市：住,,,,00070079
RPRNMLKMJIOFFAH18CC,埔子段北門埔子小段,121.00,都市：住,,,,00070080
RPRNMLKMJIOFFAH18CC,埔子段北門埔子小段,167.00,都市：住,,,,00070081
RPUOMLLJKIOFFAH48CC,大樹林段,13.29,都市：住,,,,07820024
RPUOMLLJKIOFFAH48CC,大樹林段,5.26,都市：住,,,,07800010
RPPNMLMJKIOFFAH97CC,中埔段,10.72,都市：住,,,,06940000
RPUOMLLJKIOFFAH48CC,大樹林段,7.34,都市：住,,,,07800007
RPQOMLLJKIOFFAH08CC,中路段,.00,都市：住,,,,16830013
RPQOMLLJKIOFFAH08CC,中路段,.00,都市：住,,,,16830031
RPXRMLTLJIOFFAH37CC,江南段,.00,都市：住,,,,02780000
RPXRMLTLJIOFFAH37CC,江南段,.00,都市：住,,,,02780001
RPWNMLMJKIOFFFH56CC,福興段,21.48,都市：商,,,,09530000
RPTOMLMJKIOFFFH98CC,大安段,.00,非都市：特定農業區 ; 非都市編定：甲種建築用地,,,,03570000
RPOPMLMJKIOFFEH48CC,大興段,.00,非都市： ; 非都市編定：,,,,00940000
RPVPMLMJKIOFFEH56CC,五塊厝段下埔小段,.00,非都市：特定農業區 ; 非都市編定：甲種建築用地,,,,17880000
RPWOMLNJKIOFFEH66CC,青峰段,28.87,都市：住,,,,03840000
RPWNMLNJKIOFFFH66CC,茄苳段,.00,都市：其他:第二種住宅區,,,,02130000
RPWNMLNJKIOFFFH66CC,茄苳段,.00,都市：其他:第二種住宅區,,,,02140000
RPUNMLNJKIOFFFH09CC,大興段,.00,都市：住,,,,01300000
RPPRMLNJKIOFFGH09CC,義民段,.00,都市：住,,,,06220000
RPPRMLNJKIOFFGH09CC,義民段,.00,都市：住,,,,06800001
RPPRMLNJKIOFFAH48CC,建新段,.00,都市：住,,,,02620000
RPTOMLNJKIOFFCH78CC,潛龍段,36.86,非都市：鄉村區 ; 非都市編定：乙種建築用地,,,,10790000
RPTOMLNJKIOFFCH78CC,潛龍段,.60,非都市：鄉村區 ; 非都市編定：乙種建築用地,,,,10990000
RPSRMLNJKIOFFAH78CC,和平段,.00,都市：住,,,,00550000
RPURMLNJKIOFFAH98CC,大有段,10.21,都市：住,,,,05450000
RPQSMLMJKIOFFBH68CC,青平段,1638.04,都市：商,,,,01310000
RPPNMLKMJIOFFBH08CC,興南段公坡小段,.00,都市：農,,,,02900000
RPRVMLTLJIOFFBH27CC,自立段,26.48,都市：住,,,,17080000
RPOUMLTLJIOFFBH86CC,石頭段,.00,都市：商,,,,00370017
RPRQMLTLJIOFFBH76CC,新街段,.00,都市：住,,,,08620000
RPPSMLMJKIOFFBH58CC,青平段,1638.04,都市：商,,,,01310000
RPQNMLLJKIOFFBH08CC,石頭段,.00,都市：住,,,,04740001
RPWPMLOJKIOFFBH56CC,三座屋段舊社小段,.00,都市：住,,,,00390134
RPOOMLOJKIOFFBH28CC,普仁段,5.99,都市：其他:市場用地,,,,10240000
RPXTMLOJKIOFFEH37CC,六福段,7.55,都市：住,,,,08130000
RPWTMLOJKIOFFEH27CC,六福段,3.77,都市：住,,,,08130000
RPVTMLOJKIOFFEH17CC,六福段,2.90,都市：住,,,,08140000
RPVOMLOJKIOFFDH56CC,頭重溪段,.00,都市：住,,,,02180002
RPXNMLPJKIOFFBH76EC,遠東段,44.00,都市：住,,,,06550001
RPSOMLOJKIOFFDH88CC,頭重溪段,.00,都市：住,,,,01730000
RPTNMLPJKIOFFFH66DC,興豐段,428.71,都市：住,,,,26390000
RPWOMLOJKIOFFDH66CC,草湳坡段草湳坡小段,.00,都市：住,,,,00560000
RPTOMLPJKIOFFHH86CC,興華段,9.89,都市：住,,,,00440000
RPXNMLPJKIOFFBH56CC,復興段,9.77,都市：住,,,,16280000
RPPOMLPJKIOFFBH48CC,普義段,.00,都市：住,,,,20210000
RPSOMLPJKIOFFBH78CC,仁祥段,12.33,都市：住,,,,07860000
RPWOMLQJKIOFFBH86EC,雙嶺段,45.75,都市：商,,,,15370000
RPSNMLOJKIOFFFH98CC,大忠段,125.22,都市：商,,,,08850000
RPUOMLOJKIOFFFH66CC,高城段,.00,都市：住,,,,11340000
RPUOMLOJKIOFFFH66CC,高城段,.00,都市：住,,,,11350000
RPSRMLQJKIOFFBH56CC,興南段興南小段,.00,都市：住,,,,02100108
RPSRMLQJKIOFFBH56CC,興南段興南小段,.00,都市：住,,,,02100093
RPXPMLOJKIOFFAH56CC,埔子段北門埔子小段,.00,都市：商,,,,01040000
RPXPMLOJKIOFFAH56CC,埔子段北門埔子小段,.00,都市：商,,,,01070001
RPVOMLQJKIOFFAH09CC,忠義段,8.88,都市：住,,,,05140000
RPQQMLOJKIOFFAH58CC,埔子段北門埔子小段,.00,都市：商,,,,01040000
RPURMLPJKIOFFAH56CC,桃園段武陵小段,.00,都市：商,,,,01390000
RPQQMLOJKIOFFAH58CC,埔子段北門埔子小段,.00,都市：商,,,,01070001
RPTRMLQJKIOFFAH56CC,桃鶯段,.00,都市：住,,,,05250005
RPQOMLPJKIOFFAH48CC,同德段,28.00,都市：商,,,,00080000
RPOOMLQJKIOFFAH38CC,江南段,16.42,都市：住,,,,02840000
RPTPMLOJKIOFFAH78CC,中路三段,.00,都市：住,,,,01200000
RPXNMLPJKIOFFAH09CC,中平段,43.21,都市：住,,,,08920000
RPVSMLQJKIOFFBH96CC,自立段,.00,都市：住,,,,08250000
RPOOMLQJKIOFFHH09CC,善捷段,.00,都市：住,,,,00020000
RPVRMLQJKIOFFEH17CC,大新段,.00,都市：商,,,,02290002
RPTOMLQJKIOFFFH76CC,大和段,.00,都市：住,,,,02550000
RPWPMLQJKIOFFEH07CC,大新段,.00,都市：商,,,,02290002
RPOSMLQJKIOFFEH56CC,港口段,.00,非都市：一般農業區 ; 非都市編定：甲種建築用地,,,,11460000
RPXSMLTJKIOFFFH97DC,大和段,13.76,都市：商,,,,02630000
RPWTMLTJKIOFFFH87CC,大和段,18.97,都市：住,,,,02890000
RPTOMLQJKIOFFGH86CC,平鎮段,.00,都市：商,,,,09410000
RPWNMLTJKIOFFEH17CC,錦中段,21.81,都市：工,,,,00970000
RPPOMLTJKIOFFGH76CC,新富段,.00,都市：住,,,,04860000
RPSOMLTJKIOFFHH17CC,善捷段,.00,都市：住,,,,00040000
RPVPMLTJKIOFFBH96CC,三座屋段舊社小段,.00,都市：住,,,,01170004
RPSNMLTJKIOFFHH07CC,山德段,31.95,都市：住,,,,06190000
RPVSMLTJKIOFFEH57CC,河底段,.00,都市：住,,,,04850000
RPUQMLTJKIOFFBH96CC,大華段,.00,都市：住,,,,04470000
RPQSMLTJKIOFFBH76CC,忠福段,.00,都市：住,,,,31260000
RPQOMLTJKIOFFHH96CC,文化段,42.75,都市：住,,,,01170000
RPSSMLTJKIOFFBH96CC,健行段,7.50,都市：商,,,,02450000
RPTSMLTJKIOFFBH07CC,健行段,14.37,都市：商,,,,01790000
RPUSMLTJKIOFFBH17CC,普義段,7.40,都市：住,,,,07960005
RPPOMLKKKIOFFEH48DC,新庄子段,378.00,非都市：特定農業區 ; 非都市編定：甲種建築用地,,,,10300000
RPPOMLKKKIOFFEH48DC,新庄子段,69.00,非都市：特定農業區 ; 非都市編定：甲種建築用地,,,,10300008
RPQNMLTJKIOFFAH78CC,福元段,.00,都市：住,,,,06080000
RPSNMLKKKIOFFHH98DC,興華段,21.19,都市：住,,,,11140000
RPPQMLKKKIOFFBH28CC,富台段,12.47,都市：住,,,,07210000
RPQQMLKKKIOFFBH38CC,中北段,38.73,都市：工,,,,10340000
RPXNMLKKKIOFFHH76CC,文化段,.00,都市：商,,,,03500000
RPPOMLKKKIOFFDH28CC,蚵殼港段蚵殼港小段,55.00,非都市：一般農業區 ; 非都市編定：甲種建築用地,,,,00850011
RPUOMLKKKIOFFEH88CC,橫山段尖山小段,26124.00,都市：工,,,,00030000
RPUOMLKKKIOFFEH88CC,橫山段湳子小段,1516.00,都市：工,,,,01180002
RPROMLKKKIOFFGH78CC,廣豐段,19.83,都市：住,,,,04260000
RPRNMLLKKIOFFFH78DC,大和段,14.98,都市：住,,,,02910000
RPVOMLLKKIOFFGH66CC,新富段,.00,都市：住,,,,04660000
RPOPMLLKKIOFFGH68CC,義民段,.00,都市：住,,,,06690000
RPRPMLLKKIOFFGH98CC,新榮段,.00,都市：住,,,,02970000
RPUNMLLKKIOFFFH98CC,高城段,.00,都市：住,,,,01140000
RPVPMLLKKIOFFDH09CC,二重溪段,.00,非都市：山坡地保育區 ; 非都市編定：丙種建築用地,,,,03290000
RPXNMLLKKIOFFFH66CC,茄明段,.00,都市：住,,,,00880000
RPVNMLLKKIOFFHH66CC,文化段,5.09,都市：商,,,,03040000
RPSPMLTJKIOFFAH66DC,中平段,14.13,都市：住,,,,03730000
RPSPMLTJKIOFFAH66DC,中平段,.25,都市：住,,,,03730001
RPSPMLTJKIOFFAH66DC,中平段,1.31,都市：住,,,,03740001
RPXOMLLKKIOFFBH98CC,青平段,14.87,都市：其他:第二種商業區,,,,04140000
RPOPMLLKKIOFFCH28CC,潛龍段,.53,非都市：鄉村區 ; 非都市編定：乙種建築用地,,,,10790000
RPOPMLLKKIOFFCH28CC,潛龍段,32.37,非都市：鄉村區 ; 非都市編定：乙種建築用地,,,,10990000
RPWOMLKKKIOFFEH56DC,竹中段,32.51,都市：住,,,,06500000
RPSOMLKKKIOFFEH78DC,大竹圍段,144.30,都市：住,,,,08980000
RPROMLKKKIOFFEH68DC,大竹段,72.50,都市：住,,,,00420012
RPPQMLMKKIOFFBH68EC,三座屋段三座屋小段,30.60,都市：住,,,,05750000
RPRPMLLKKIOFFAH38CC,大樹林段,.00,都市：商,,,,19660000
RPUQMLLKKIOFFAH78CC,桃園段武陵小段,.00,都市：住,,,,01560095
RPXOMLMKKIOFFAH98CC,中平段,11.71,都市：住,,,,04640000
RPRPMLMKKIOFFAH48CC,新埔段,.00,都市：住,,,,09380000
RPVNMLLKKIOFFFH56DC,豐田段,55.18,都市：住,,,,14700000
RPWNMLLKKIOFFFH66DC,豐田段,55.18,都市：住,,,,14700000
RPSQMLMKKIOFFBH78CC,三座屋段三座屋小段,.00,都市：住,,,,06440000
RPQSMLLKKIOFFBH68CC,中壢埔頂段,.00,都市：住,,,,15230001
RPTQMLMKKIOFFBH88CC,普義段,16.52,都市：住,,,,04350000
RPPRMLLKKIOFFBH48CC,三座屋段舊社小段,.00,都市：住,,,,00810000
RPUNMLMKKIOFFHH66CC,樂善段,.00,都市：住,,,,01410000
RPUNMLMKKIOFFHH66CC,樂善段,.00,都市：住,,,,01420000
RPVOMLMKKIOFFBH88CC,普義段,.00,都市：住,,,,22890000
RPQNMLMKKIOFFFH68CC,福興段,22.41,都市：商,,,,09530000
RPURMLLKKIOFFBH98CC,草富段,.00,都市：住,,,,05940011
RPVNMLMKKIOFFFH56CC,大忠段,.00,都市：住,,,,02380000
RPTQMLNKKIOFFBH98CC,工業區段一小段,13359.00,非都市：工業區 ; 非都市編定：丁種建築用地,,,,00540000
RPOOMLNKKIOFFAH18CC,玉山段,8.08,都市：住,,,,00190000
RPOOMLNKKIOFFAH18CC,中路段,9.29,都市：住,,,,18620003
RPSOMLMKKIOFFGH09CC,新富段,.00,都市：住,,,,03210000
RPUNMLMKKIOFFFH09CC,茄明段,.00,都市：其他:第二種住宅區,,,,03910000
RPXNMLNKKIOFFAH98CC,桃園段長美小段,92.00,都市：商,,,,00420003
RPTNMLNKKIOFFBH68CC,中工段,84.00,非都市：工業區 ; 非都市編定：丁種建築用地,,,,11170000
RPWNMLNKKIOFFAH88CC,埔子段埔子小段,2.30,都市：住,,,,17410039
RPWNMLNKKIOFFAH88CC,埔子段埔子小段,11.32,都市：住,,,,17410058
RPWNMLNKKIOFFAH88CC,埔子段埔子小段,28.70,都市：住,,,,17420008
RPTOMLNKKIOFFAH68CC,桃園段長美小段,92.00,都市：商,,,,00420003
RPUOMLNKKIOFFAH78CC,埔子段北門埔子小段,8.77,都市：商,,,,01040000
RPUOMLNKKIOFFAH78CC,埔子段北門埔子小段,.59,都市：商,,,,01070001
RPXNMLQKKIOFFEH17DC,大新段,80.75,都市：住,,,,05090005
RPXNMLQKKIOFFFH37EC,福興段,16.77,都市：商,,,,09610000
RPWRMLNKKIOFFAH66CC,新埔段,.00,都市：住,,,,00480060
RPXOMLQKKIOFFAH76CC,大樹林段,.00,都市：住,,,,07760001
RPTSMLNKKIOFFAH09CC,國強段,.00,都市：住,,,,09860007
RPVPMLQKKIOFFAH66CC,大興段,.00,都市：住,,,,01750000
RPQPMLQKKIOFFAH78CC,富國段,.00,都市：住,,,,04460000
RPTPMLQKKIOFFAH09CC,桃園段武陵小段,.00,都市：商,,,,01390000
RPSQMLQKKIOFFAH09CC,延壽段,.00,都市：住,,,,01650000
RPPQMLQKKIOFFAH78CC,大樹林段,.00,都市：住,,,,03010082
RPOPMLQKKIOFFBH68CC,中壢埔頂段,.00,都市：住,,,,17690000
RPQPMLQKKIOFFBH88CC,石頭段,.00,都市：商,,,,00410000
RPRPMLQKKIOFFBH98CC,工業區段二小段,.00,非都市：工業區 ; 非都市編定：丁種建築用地,,,,00190004
RPTPMLQKKIOFFBH56CC,忠福段,.00,都市：住,,,,29490000
RPWOMLQKKIOFFDH96CC,草湳坡段草湳坡小段,.00,都市：住,,,,00870007
RPUOMLQKKIOFFDH76CC,頭重溪段,.00,都市：住,,,,01710001
RPQNMLQKKIOFFGH56CC,復旦段,.00,都市：住,,,,05470000
RPSNMLQKKIOFFFH66CC,興豐段,.00,非都市：鄉村區 ; 非都市編定：乙種建築用地,,,,18040000
RPRNMLQKKIOFFFH56CC,興豐段,.00,非都市：鄉村區 ; 非都市編定：乙種建築用地,,,,18040000
RPPOMLLKKIOFFEH48CC,五福段,.00,都市：住,,,,03300000
RPOPMLNKKIOFFEH68CC,竹中段,.00,都市：住,,,,05380000
RPRPMLKKKIOFFEH68CC,錦興段,8.99,都市：商,,,,03590000
RPTNMLQKKIOFFFH76CC,興豐段,4.93,都市：住,,,,16380000
RPTNMLQKKIOFFFH76CC,興豐段,10.72,都市：商,,,,16410000
RPQOMLQKKIOFFCH88CC,介壽段,.00,非都市：鄉村區 ; 非都市編定：乙種建築用地,,,,04320005
RPVNMLRKKIOFFEH07DC,貨運段,489.50,非都市：一般農業區 ; 非都市編定：農牧用地,,,,00990000
RPPQMLRKKIOFFBH98CC,青昇段,.00,都市：商,,,,04380000
RPSNMLRKKIOFFEH66CC,客運一段,.00,非都市： ; 非都市編定：,,,,01640000
RPSSMLQKKIOFFAH66CC,延壽段,.00,都市：住,,,,02210000
RPXRMLQKKIOFFAH07CC,西門段,10.63,都市：住,,,,01830000
RPSNMLRKKIOFFAH88CC,東國段,.00,都市：住,,,,02450000
RPVRMLQKKIOFFAH86CC,西門段,189.45,都市：住,,,,01830000
RPTRMLQKKIOFFAH66CC,西門段,.00,都市：住,,,,01620000
RPWRMLQKKIOFFAH96CC,西門段,.00,都市：住,,,,01350000
RPXNMLSKKIOFFGH47CC,復旦段,.00,都市：住,,,,00800000
RPVOMLSKKIOFFCH07DC,東隆段,495.76,非都市：特定農業區 ; 非都市編定：農牧用地,,,,15700000
RPOPMLSKKIOFFCH09DC,東隆段,495.76,非都市：特定農業區 ; 非都市編定：農牧用地,,,,15700000
RPSTMLSKKIOFFBH07CC,復興段,.00,都市：住,,,,13530000
RPRNMLTKKIOFFFH96DC,明智段,42.55,都市：住,,,,00040000
RPQOMLSKKIOFFAH98DC,中平段,45.13,都市：住,,,,07210000
RPWOMLTKKIOFFBH07CC,遠東段,.00,都市：住,,,,02420001
RPQQMLTKKIOFFHH27CC,文化段,38.81,都市：商,,,,03580000
RPVNMLTKKIOFFBH86CC,大享段,9646.50,非都市：特定農業區 ; 非都市編定：丁種建築用地,,,,00320000
RPTNMLTKKIOFFBH76DC,三座屋段舊社小段,9.29,都市：住,,,,00810000
RPRPMLTKKIOFFBH66CC,新街段,.00,都市：住,,,,08330000
RPUPMLTKKIOFFBH96CC,健行段,.00,都市：商,,,,01740000
RPVOMLRKKIOFFAH66CC,大有段,20.87,都市：住,,,,07040000
RPTPMLTKKIOFFBH86CC,工業區段二小段,.00,非都市：工業區 ; 非都市編定：丁種建築用地,,,,03890000
RPRNMLTKKIOFFAH98CC,富國段,132.00,都市：住,,,,00400000
RPRNMLTKKIOFFAH98CC,富國段,132.00,都市：住,,,,00410000
RPTNMLRKKIOFFAH98CC,大樹林段,.00,都市：住,,,,06900050
RPVSMLSKKIOFFAH17CC,中埔段,16.99,都市：住,,,,03520000
RPWNMLKLKIOFFFH66DC,大和段,11.09,都市：其他:市場用地,,,,02620000
RPVPMLTKKIOFFBH07CC,大湖段,.00,非都市：特定農業區 ; 非都市編定：甲種建築用地,,,,06320000
RPXOMLRKKIOFFAH86CC,江南段,7.86,都市：其他:第二種住宅區,,,,13180000
RPVNMLKLKIOFFFH56DC,廣福段,35.18,都市：商,,,,02530000
RPPOMLKLKIOFFAH08CC,大興段,251.20,都市：住,,,,10600000
RPQNMLKLKIOFFAH08CC,同安段,19.85,都市：住,,,,19020000
RPWOMLKLKIOFFAH78CC,中山段,11.11,都市：住,,,,00490000
RPRPMLKLKIOFFFH88CC,福興段,24.16,都市：商,,,,09530000
RPWNMLKLKIOFFAH68CC,桃園段武陵小段,28.31,都市：商,,,,01870000
RPUNMLKLKIOFFGH09CC,環南段,60.17,都市：住,,,,09070000
RPUNMLKLKIOFFGH09CC,環南段,46.53,都市：住,,,,09090000
RPQPMLKLKIOFFAH28CC,富國段,12.70,都市：住,,,,06170000
RPUNMLLLKIOFFBH68CC,三座屋段三座屋小段,.00,都市：住,,,,04670002
RPURMLKLKIOFFBH98CC,華興段,16.17,都市：住,,,,03400000
RPVNMLNLKIOFFFH86DC,同福段,27.65,都市：住,,,,06540000
RPPOMLNLKIOFFHH56DC,善捷段,18.56,都市：住,,,,00020000
RPQRMLNLKIOFFBH88CC,石頭段,.00,都市：住,,,,05460001
RPQRMLNLKIOFFBH88CC,石頭段,.00,都市：住,,,,05460002
RPWNMLNLKIOFFFH86CC,榮興段,71.41,非都市：特定農業區 ; 非都市編定：甲種建築用地,,,,13790000
RPSNMLNLKIOFFCH78CC,介壽段,.00,非都市：鄉村區 ; 非都市編定：乙種建築用地,,,,04770000
RPQOMLOLKIOFFCH78CC,潛龍段,27.74,非都市：鄉村區 ; 非都市編定：乙種建築用地,,,,10790000
RPQOMLOLKIOFFCH78CC,潛龍段,.60,非都市：鄉村區 ; 非都市編定：乙種建築用地,,,,10990000
RPSOMLOLKIOFFCH98CC,田心子段下田心子小段,.00,都市：住,,,,14080000
RPSOMLOLKIOFFCH98CC,田心子段下田心子小段,.00,都市：住,,,,14020000
RPTOMLOLKIOFFCH09CC,潛龍段,.53,非都市：鄉村區 ; 非都市編定：乙種建築用地,,,,10790000
RPTOMLOLKIOFFCH09CC,潛龍段,29.97,非都市：鄉村區 ; 非都市編定：乙種建築用地,,,,10990000
RPWRMLOLKIOFFBH96CC,青溪段,85.10,都市：住,,,,03720002
RPORMLNLKIOFFAH58CC,大有段,.00,都市：住,,,,06270000
RPPOMLNLKIOFFAH38CC,新埔段,19.27,都市：住,,,,03030000
RPTPMLKLKIOFFAH58CC,埔子段北門埔子小段,.84,都市：商,,,,01070001
RPTPMLKLKIOFFAH58CC,埔子段北門埔子小段,12.34,都市：商,,,,01040000
RPTOMLNLKIOFFAH78CC,江南段,7.86,都市：住,,,,13180000
RPPSMLOLKIOFFAH88CC,慈文段,.00,都市：住,,,,00990034
RPPSMLOLKIOFFAH88CC,慈文段,.00,都市：住,,,,02510000
RPPSMLOLKIOFFAH88CC,慈文段,.00,都市：住,,,,02520000
RPPSMLOLKIOFFAH88CC,慈文段,.00,都市：住,,,,02530005
RPXQMLNLKIOFFAH76CC,同德段,.00,都市：商,,,,00080000
RPUPMLKLKIOFFAH68CC,桃園段武陵小段,84.00,都市：商,,,,00510019
RPVOMLPLKIOFFCH76CC,仁義段,72.25,都市：住,,,,14410000
RPSSMLPLKIOFFAH66CC,龍祥段,.00,都市：住,,,,09080000
RPTQMLPLKIOFFAH66DC,中埔段,37.41,都市：住,,,,02510000
RPTQMLPLKIOFFAH66DC,中埔段,19.85,都市：住,,,,02520000
RPVPMLQLKIOFFAH86DC,延壽段,22.57,都市：住,,,,03180000
RPPPMLQLKIOFFCH98CC,和原段,133.17,非都市：山坡地保育區 ; 非都市編定：丙種建築用地,,,,16910000
RPVQMLPLKIOFFAH86DC,中埔段,37.96,都市：住,,,,02510000
RPVQMLPLKIOFFAH86DC,中埔段,20.14,都市：住,,,,02520000
RPWNMLQLKIOFFFH17CC,大庄段,.00,非都市：鄉村區 ; 非都市編定：乙種建築用地,,,,03740000
RPWNMLQLKIOFFFH17CC,大庄段,.00,非都市：鄉村區 ; 非都市編定：乙種建築用地,,,,03750000
RPUPMLQLKIOFFFH17CC,大忠段,6.66,都市：商,,,,09820000
RPUNMLQLKIOFFFH96CC,大明段,.00,非都市：鄉村區 ; 非都市編定：乙種建築用地,,,,05420000
RPTPMLQLKIOFFFH07CC,麻園段,8.66,非都市：鄉村區 ; 非都市編定：乙種建築用地,,,,02500000
RPVPMLQLKIOFFFH27CC,福興段,12.35,都市：商,,,,09610000
RPXQMLQLKIOFFGH67CC,忠貞段,28.72,都市：住,,,,01440007
RPSOMLQLKIOFFEH76CC,青山段,.00,都市：住,,,,02650000
RPWNMLQLKIOFFDH96CC,楊梅段,4.95,都市：商,,,,00730000
RPSOMLQLKIOFFDH66CC,頭重溪段,.00,都市：住,,,,01660001
RPPQMLQLKIOFFAH88CC,中路段,.00,都市：住,,,,16700010
RPPQMLQLKIOFFAH88CC,中路段,.00,都市：住,,,,16700025
RPWOMLQLKIOFFAH76CC,大有段,14.83,都市：住,,,,01870000
RPTPMLQLKIOFFBH66CC,青平段,457.96,都市：住,,,,04030000
RPQSMLQLKIOFFBH66CC,自立段,22.33,都市：住,,,,11030000
RPTNMLNLKIOFFHH76CC,興華段,13.78,都市：商,,,,00450000
RPRSMLQLKIOFFBH76CC,東寮段,16.59,都市：住,,,,07740000
RPPNMLRLKIOFFHH96EC,龍華段,10.12,都市：住,,,,06160000
RPWNMLNLKIOFFHH07CC,文化段,1.48,都市：商,,,,03610001
RPWNMLNLKIOFFHH07CC,文化段,2.70,都市：商,,,,03610000
RPWNMLNLKIOFFHH07CC,文化段,1.87,都市：商,,,,03620000
RPQNMLRLKIOFFBH88CC,普義段,.00,都市：住,,,,03220000
RPRPMLRLKIOFFAH09CC,同德段,29.01,都市：商,,,,00250000
RPPSMLPLKIOFFAH98CC,桃園段武陵小段,.00,都市：商,,,,01200000
RPSQMLRLKIOFFAH66CC,埔子段北門埔子小段,.00,都市：商,,,,00650043
RPOSMLPLKIOFFAH88CC,中平段,68.88,都市：住,,,,11730000
RPTTMLRLKIOFFDH37CC,大金山下段大金山下小段,.00,都市：住,,,,00100000
RPQSMLPLKIOFFAH09CC,桃園段武陵小段,.00,都市：商,,,,00140005
RPQSMLPLKIOFFAH09CC,桃園段武陵小段,.00,都市：商,,,,00140009
RPQUMLRLKIOFFDH17CC,大金山下段大金山下小段,.00,都市：住,,,,00100000
RPXUMLRLKIOFFDH87CC,頭重溪段,.00,都市：住,,,,02190004
RPXUMLRLKIOFFDH87CC,大金山下段大金山下小段,.00,都市：住,,,,01040003
RPSNMLPLKIOFFAH78CC,桃園段武陵小段,10.64,都市：商,,,,00920000
RPVUMLRLKIOFFDH67CC,頭重溪段,.00,都市：住,,,,01790004
RPUPMLRLKIOFFBH86CC,中寮段,11.65,都市：住,,,,08700000
RPQPMLRLKIOFFDH76DC,頭重溪段,14.40,都市：住,,,,02040000
RPRPMLRLKIOFFDH86DC,頭重溪段,14.40,都市：住,,,,02040000
RPSNMLTLKIOFFAH56CC,埔子段北門埔子小段,9.17,都市：商,,,,01040000
RPPQMLRLKIOFFGH96CC,忠貞段,.00,都市：商,,,,00480000
RPQNMLSLKIOFFAH88CC,龍安段,.00,都市：商,,,,03380000
RPRQMLKMKIOFFGH56CC,延平段,.00,都市：商,,,,00030000
RPRQMLKMKIOFFGH56CC,延平段,.00,都市：商,,,,00040000
RPWNMLSLKIOFFBH96CC,三座屋段舊社小段,.00,都市：住,,,,01150000
RPWOMLKMKIOFFBH09DC,青平段,41.20,都市：住,,,,03730000
RPPNMLTLKIOFFEH66CC,錦興段,960.00,都市：住,,,,02830000
RPOPMLKMKIOFFBH38DC,青平段,41.20,都市：住,,,,03730000
RPWQMLKMKIOFFBH56CC,興南段興南小段,.00,都市：住,,,,01930044
RPOOMLKMKIOFFDH58EC,草湳坡段草湳坡小段,7329.00,都市：住,,,,00550017
RPOOMLKMKIOFFDH58EC,幼獅段,997.03,都市：住,,,,12220000
RPOUMLKMKIOFFBH78CC,富強段,.00,非都市： ; 非都市編定：,,,,09990000
RPOUMLKMKIOFFBH78CC,富強段,.00,非都市： ; 非都市編定：,,,,09980000
RPOSMLKMKIOFFBH58CC,新街段,.00,都市：住,,,,08870000
RPPNMLKMKIOFFFH68DC,豐田段,26.92,都市：住,,,,14870000
RPSNMLKMKIOFFFH88CC,興仁段,28.64,都市：商,,,,05890000
RPXQMLLMKIOFFBH86DC,中寮段,59.12,都市：其他:空白,,,,08800000
RPUOMLLMKIOFFHH86CC,明興段,14.57,都市：住,,,,00280000
RPRQMLLMKIOFFEH09CC,上興段,.00,都市：住,,,,02680000
RPUSMLLMKIOFFBH76DC,青溪段,40.14,都市：住,,,,04620000
RPURMLLMKIOFFEH86CC,五塊厝段下埔小段,30.18,非都市：特定農業區 ; 非都市編定：甲種建築用地,,,,17880000
RPPNMLLJJHPFFEH18CC,青山段,48.16,都市：住,,,,03680000
RPRVMLRLKIOFFDH37CC,草湳坡段草湳坡小段,.00,都市：住,,,,00520020
RPPVMLRLKIOFFDH17CC,大金山下段大金山下小段,.00,都市：住,,,,00100000
RPORMLMJJHPFFAH38EC,桃園段武陵小段,16.12,都市：商,,,,00140000
RPXNMLKMKIOFFAH88CC,水汴頭段,15.76,都市：商,,,,00330000
RPTQMLMJJHPFFAH78EC,福元段,11.96,都市：住,,,,03440000
RPTOMLKMKIOFFAH58CC,埔子段北門埔子小段,.00,都市：商,,,,01040000
RPOOMLLMKIOFFDH48CC,頭重溪段,.00,都市：住,,,,00350005
RPPNMLLJJHPFFAH77CC,同德段,11.43,都市：商,,,,00400000
RPWPMLLMKIOFFAH09CC,中路二段,.00,都市：住,,,,03370000
RPSNMLMJJHPFFAH18CC,大樹林段,6.51,都市：住,,,,03790000
RPTRMLMJJHPFFAH68CC,大有段,.00,都市：住,,,,01870000
RPRRMLLMKIOFFAH78CC,慈文段,25.00,都市：住,,,,01130000
RPSQMLMJJHPFFAH48CC,大林段,.00,都市：住,,,,07400000
RPOQMLLMKIOFFAH38CC,同安段,.00,都市：住,,,,20870000
RPOTMLMJJHPFFDH68CC,草湳坡段草湳坡小段,.00,都市：住,,,,00550017
RPVNMLMJJHPFFFH98CC,豐田段,19.47,都市：住,,,,14750000
RPOPMLMJJHPFFDH28CC,草湳坡段草湳坡小段,21.61,都市：其他:保護區,,,,00520002
RPVPMLMJJHPFFEH09CC,南華段,.00,都市：住,,,,00060000
RPOOMLNJJHPFFFH68EC,福興段,28.62,都市：商,,,,09750000
RPPOMLNJJHPFFFH78EC,前程段,5.94,都市：住,,,,00900000
RPWQMLMJJHPFFDH56CC,楊湖段,102.00,非都市：特定農業區 ; 非都市編定：甲種建築用地,,,,15360013
RPQOMLNJJHPFFFH88EC,前程段,14.72,都市：住,,,,00900000
RPROMLNJJHPFFFH98EC,大和段,11.09,都市：其他:市場用地,,,,02620000
RPXNMLNJJHPFFFH66CC,興仁段,10.45,都市：住,,,,03970000
RPPNMLOJJHPFFEH48CC,六福段,3.87,都市：住,,,,08140000
RPOOMLPJJHPFFEH58CC,河底段,.00,都市：住,,,,02790000
RPPSMLNJJHPFFBH58CC,三座屋段舊社小段,.00,都市：其他:道路用地，住宅區,,,,00810000
RPUQMLNJJHPFFBH88CC,前寮段,.00,都市：住,,,,08050000
RPPNMLPJJHPFFBH28CC,普義段,.00,都市：其他:道路用地;住宅區,,,,18240000
RPVRMLNJJHPFFBH09CC,新街段,.00,都市：住,,,,08620000
RPQUMLMJJHPFFBH78CC,興南段興南小段,.00,都市：商,,,,02750000
RPSQMLQJJHPFFBH56EC,雙嶺段,.00,非都市： ; 非都市編定：,,,,13880000
RPTQMLQJJHPFFBH09CC,忠孝段,6.99,都市：住,,,,08210002
RPTQMLQJJHPFFBH09CC,忠孝段,17.20,都市：住,,,,08210028
RPUQMLQJJHPFFBH56CC,環東段,.00,都市：住,,,,05530000
RPSOMLNJJHPFFFH09EC,大福段,14.87,都市：商,,,,06010000
RPXOMLQJJHPFFFH17DC,明智段,24.84,都市：住,,,,00360000
RPTOMLQJJHPFFFH76DC,大智段,59.45,都市：住,,,,01200000
RPQNMLQJJHPFFFH98DC,大智段,16.11,都市：住,,,,04200000
RPSNMLQJJHPFFDH88CC,新屋段後湖小段,.00,非都市：特定農業區 ; 非都市編定：甲種建築用地,,,,05080000
RPRNMLQJJHPFFFH98CC,興仁段,10.71,都市：住,,,,03970000
RPSNMLQJJHPFFCH78CC,聖亭段,39.24,非都市：鄉村區 ; 非都市編定：乙種建築用地,,,,05090000
RPOPMLQJJHPFFAH48DC,大有段,11.23,都市：住,,,,05450000
RPSPMLRJJHPFFEH86EC,水尾段,65.27,都市：工,,,,18050000
RPPOMLRJJHPFFAH58DC,雙龍段,34.26,都市：住,,,,08910000
RPWRMLRJJHPFFAH96DC,小檜溪段,139.00,都市：住,,,,04790040
RPWRMLRJJHPFFAH96DC,小檜溪段,139.00,都市：住,,,,04790041
RPURMLRJJHPFFBH86DC,青芝段,64.53,都市：住,,,,01450000
RPTNMLRJJHPFFHH86CC,興華段,4.21,都市：住,,,,00440000
RPXNMLRJJHPFFEH96CC,水尾段,781.58,都市：工,,,,00380000
RPUSMLMJJHPFFAH88CC,新埔段,.00,都市：住,,,,09380000
RPOOMLQJJHPFFAH28CC,同安段,.00,都市：住,,,,18130000
RPXNMLQJJHPFFAH09CC,春日段,.00,都市：住,,,,07530000
RPRSMLMJJHPFFAH58CC,大興段,.00,都市：住,,,,01750000
RPRSMLMJJHPFFAH58CC,大興段,.00,都市：其他:河川區,,,,01750001
RPRSMLMJJHPFFAH58CC,大興段,.00,都市：其他:河川區,,,,01750002
RPQNMLPJJHPFFAH28CC,龍安段,.00,都市：住,,,,01350000
RPROMLNJJHPFFAH28CC,新埔段,15.21,都市：住,,,,02260000
RPROMLRJJHPFFEH09CC,錦明段,169.13,都市：工,,,,08190000
RPROMLRJJHPFFEH09CC,錦明段,169.19,都市：工,,,,08200000
RPROMLRJJHPFFEH09CC,錦明段,169.47,都市：工,,,,08210000
RPTNMLRJJHPFFAH78CC,同安段,105.00,都市：住,,,,12290000
RPTNMLRJJHPFFAH78CC,同安段,74.00,都市：住,,,,12400001
RPOPMLRJJHPFFAH48CC,桃園段長美小段,92.00,都市：商,,,,00420003
RPWOMLRJJHPFFAH56CC,埔子段埔子小段,12.23,都市：商,,,,19720031
RPOPMLSJJHPFFBH68CC,三座屋段舊社小段,.00,都市：住,,,,02120000
RPPOMLSJJHPFFFH09CC,大智段,.00,都市：住,,,,04200000
RPSNMLTJJHPFFFH86DC,興豐段,22.93,都市：住,,,,24720000
RPWPMLTJJHPFFEH37DC,青峰段,33.07,都市：住,,,,04110000
RPSNMLQJJHPFFGH56CC,廣東段,21.20,都市：住,,,,10790000
RPOOMLTJJHPFFFH09CC,福興段,.00,都市：商,,,,09610000
RPSVMLTJJHPFFBH17CC,培英段,.00,都市：住,,,,00010000
RPOUMLTJJHPFFBH66CC,三座屋段舊社小段,.00,都市：住,,,,01170000
RPOUMLTJJHPFFBH66CC,三座屋段三座屋小段,.00,都市：住,,,,00040000
RPUUMLTJJHPFFBH27CC,自立段,.00,都市：住,,,,06270000
RPXNMLKKJHPFFFH66EC,大和段,28.04,都市：住,,,,05360000
RPUNMLKKJHPFFHH56EC,華亞段,158.88,都市：工,,,,00160000
RPTNMLKKJHPFFHH09EC,興華段,45.61,都市：其他:第二種住宅區,,,,05570000
RPQOMLKKJHPFFAH97CC,中埔段,.00,都市：住,,,,05260000
RPVNMLKKJHPFFAH38CC,福元段,.00,都市：住,,,,06310000
RPWNMLKKJHPFFAH48CC,慈文段,.00,都市：住,,,,00190000
RPUPMLTJJHPFFAH66CC,大林段,.00,都市：住,,,,05970000
RPQSMLTJJHPFFAH56CC,小檜溪段,.00,都市：住,,,,09600000
RPOSMLTJJHPFFAH98CC,龍安段,.00,都市：住,,,,01830000
RPWSMLSJJHPFFAH07CC,桃園段武陵小段,.00,都市：商,,,,01910000
RPWSMLSJJHPFFAH07CC,桃園段武陵小段,.00,都市：商,,,,01920000
RPTQMLTJJHPFFAH66CC,中埔段,.00,都市：住,,,,06940000
RPVRMLTJJHPFFAH96CC,和平段,.00,都市：住,,,,04620000
RPXNMLKKJHPFFFH09CC,茄明段,.00,都市：其他:第二種住宅區,,,,03110000
RPSNMLKKJHPFFGH68CC,新富段,.00,都市：住,,,,03210000
RPVNMLKKJHPFFDH68CC,二重溪段,.00,非都市：山坡地保育區 ; 非都市編定：丙種建築用地,,,,01950458
RPXNMLKKJHPFFEH98CC,出水段,2202.16,非都市：一般農業區 ; 非都市編定：丁種建築用地,,,,05450000
RPSNMLKKJHPFFHH78CC,頂湖段,.00,都市：工,,,,06450000
RPSNMLKKJHPFFHH78CC,頂湖段,.00,都市：工,,,,06520000
RPQOMLKKJHPFFCH18CC,福源段,.00,非都市：山坡地保育區 ; 非都市編定：丁種建築用地,,,,07360000
RPWNMLKKJHPFFHH56CC,警大段,661.15,都市：其他:市場用地,,,,05960000
RPPNMLLKJHPFFCH08CC,仁善段,90.14,都市：商,,,,06530000
RPXPMLNKJHPFFGH17DC,平鎮段,13.89,都市：商,,,,10180000
RPQNMLLKJHPFFAH97CC,和平段,19.33,都市：住,,,,05160000
RPUQMLQJJHPFFBH76EC,忠福段,18.11,都市：住,,,,32410000
RPTNMLNKJHPFFAH48CC,會稽段,16.07,都市：住,,,,07840000
RPVNMLNKJHPFFAH68CC,春日段,10.64,都市：住,,,,05990000
RPOOMLKKJHPFFEH18CC,上興段,.00,都市：工,,,,09350000
RPPOMLKKJHPFFEH28CC,河底段,.00,都市：住,,,,04570000
RPSQMLKKJHPFFAH38CC,同德段,36.95,都市：商,,,,00080000
RPUQMLKKJHPFFAH58CC,同德段,29.79,都市：商,,,,00080000
RPXRMLNKJHPFFBH76CC,新街段,.00,都市：住,,,,08620000
RPVPMLKKJHPFFBH68CC,興南段興南小段,4.35,都市：商,,,,02270116
RPPPMLKKJHPFFBH08CC,青溪段,24.59,都市：住,,,,02930000
RPQRMLNKJHPFFAH58CC,大有段,.00,都市：住,,,,06270000
RPRQMLNKJHPFFAH58CC,福元段,.00,都市：住,,,,02860000
RPWNMLNKJHPFFAH78CC,同安段,278.89,都市：住,,,,13860000
RPOPMLNKJHPFFAH18CC,中路段,.00,都市：住,,,,17630012
RPQOMLNKJHPFFGH88CC,環南段,.00,都市：商,,,,12020000
RPTNMLNKJHPFFEH88CC,青峰段,157.99,都市：住,,,,03590000
RPTOMLNKJHPFFFH09CC,大和段,.00,都市：住,,,,02550000
RPWOMLNKJHPFFFH76CC,豐田段,.00,都市：住,,,,13880000
RPSNMLOKJHPFFHH66DC,山鶯段,38.24,都市：住,,,,03640000
RPRNMLOKJHPFFHH56DC,東嶺段,90.00,非都市：山坡地保育區 ; 非都市編定：丙種建築用地,,,,09260000
RPVVMLNKJHPFFBH96CC,普義段,.00,都市：住,,,,19930000
RPTVMLNKJHPFFBH76CC,三座屋段三座屋小段,.00,都市：住,,,,10670000
RPUTMLNKJHPFFBH66CC,新街段,.00,都市：住,,,,08620000
RPRNMLOKJHPFFEH88DC,青峰段,21.02,都市：商,,,,03340000
RPSNMLOKJHPFFEH98DC,青峰段,26.00,都市：商,,,,03340000
RPVOMLOKJHPFFEH86EC,國際段,7.85,都市：工,,,,02560000
RPVOMLOKJHPFFEH86EC,國際段,260.00,都市：工,,,,02580000
RPQTMLOKJHPFFHH96CC,華亞段,862.45,都市：工,,,,00040001
RPQNMLOKJHPFFHH98CC,善捷段,21.22,都市：住,,,,00010000
RPXSMLNKJHPFFBH86CC,新街段,.00,都市：住,,,,08620000
RPPSMLNKJHPFFBH68CC,新街段,.00,都市：住,,,,08620000
RPRSMLNKJHPFFBH88CC,新街段,.00,都市：住,,,,08620000
RPSTMLNKJHPFFBH09CC,新街段,.00,都市：住,,,,08620000
RPQSMLNKJHPFFBH78CC,新街段,.00,都市：住,,,,08620000
RPXOMLOKJHPFFAH56DC,埔子段埔子小段,81.00,都市：住,,,,19130140
RPRNMLOKJHPFFAH38CC,埔子段北門埔子小段,.68,都市：商,,,,01070001
RPRNMLOKJHPFFAH38CC,埔子段北門埔子小段,10.07,都市：商,,,,01040000
RPTNMLOKJHPFFAH58CC,桃園段長美小段,92.00,都市：商,,,,00420003
RPRQMLOKJHPFFBH78CC,新街段,.00,都市：住,,,,08620000
RPPQMLPKJHPFFAH58CC,玉山段,.00,都市：住,,,,04510000
RPSNMLPKJHPFFAH58CC,大有段,.00,都市：住,,,,01890000
RPROMLPKJHPFFAH58CC,桃園段武陵小段,.00,都市：商,,,,00350021
RPXNMLPKJHPFFBH56CC,草新段,.00,都市：其他:第二種住宅區,,,,01410004
RPXSMLPKJHPFFAH96CC,昆明段,.00,都市：住,,,,06460000
RPPOMLPKJHPFFBH48CC,中工段,.00,非都市：工業區 ; 非都市編定：丁種建築用地,,,,05880001
RPOPMLPKJHPFFBH48CC,石頭段,.00,都市：商,,,,00040002
RPVSMLPKJHPFFAH76CC,新埔段,.00,都市：住,,,,10320000
RPQTMLPKJHPFFAH98CC,建國段,.00,都市：住,,,,08360000
RPUNMLPKJHPFFFH66CC,大智段,.00,都市：住,,,,04200000
RPRNMLPKJHPFFCH68CC,仁善段,108.74,都市：住,,,,08590026
RPQRMLQKJHPFFBH09DC,水尾段水尾小段,2248.00,都市：農,,,,06350000
RPPNMLQKJHPFFAH38CC,國聖段,.00,都市：住,,,,01310000
RPOOMLRKJHPFFDH98EC,草湳坡段埔心小段,82.00,都市：住,,,,00300456
RPTNMLPKJHPFFGH66CC,新榮段,.00,都市：住,,,,02970000
RPTRMLRKJHPFFAH66CC,桃鶯段,.00,都市：住,,,,01230000
RPXSMLRKJHPFFAH17CC,慈文段,10.35,都市：住,,,,21540001
RPQTMLRKJHPFFAH56CC,中埔段,9.02,都市：住,,,,06940000
RPTTMLRKJHPFFAH86CC,慈文段,15.60,都市：住,,,,13820002
RPTTMLRKJHPFFAH86CC,慈文段,5.60,都市：住,,,,13820003
RPVTMLRKJHPFFAH07CC,中埔段,7.15,都市：住,,,,07690000
RPSTMLRKJHPFFAH76CC,江南段,14.89,都市：住,,,,00770000
RPUTMLRKJHPFFAH96CC,忠義段,13.25,都市：住,,,,05050000
RPXQMLRKJHPFFBH07CC,中北段,.00,都市：住,,,,06680000
RPSPMLRKJHPFFBH09CC,三座屋段三座屋小段,.00,都市：住,,,,06440000
RPSSMLPKJHPFFBH56CC,中寮段,.00,都市：住,,,,08720000
RPORMLRKJHPFFBH88CC,六和段,.00,都市：住,,,,00040000
RPRPMLRKJHPFFBH98CC,新街段,.00,都市：住,,,,08710000
RPXSMLQKJHPFFBH17CC,興南段興南小段,.00,都市：商,,,,01930044
RPVPMLPKJHPFFBH56CC,興南段興南小段,.00,都市：商,,,,02750000
RPROMLQKJHPFFDH09DC,頭重溪段,75.67,都市：住,,,,01660029
RPXQMLPKJHPFFBH86CC,中寮段,.00,都市：住,,,,00100000
RPQQMLRKJHPFFCH09CC,民豐段,.00,非都市：鄉村區 ; 非都市編定：乙種建築用地,,,,05690000
RPOOMLPKJHPFFFH78CC,興豐段,.00,都市：住,,,,08230000
RPOPMLRKJHPFFFH09CC,大忠段,.00,都市：住,,,,06210000
RPVOMLRKJHPFFEH96CC,羊稠段,32.78,都市：住,,,,00400000
RPSPMLKLJHPFFAH58EC,埔子段埔子小段,122.00,都市：商,,,,19720026
RPSPMLKLJHPFFAH58EC,埔子段埔子小段,123.00,都市：商,,,,19720027
RPRNMLSKJHPFFAH78CC,慈文段,12.23,都市：住,,,,00190000
RPUPMLKLJHPFFAH78EC,新埔段,27.31,都市：住,,,,01650000
RPWOMLRKJHPFFHH37CC,樂善段,.00,都市：住,,,,00890000
RPWPMLKLJHPFFAH98EC,埔子段北門埔子小段,.68,都市：商,,,,01070001
RPWPMLKLJHPFFAH98EC,埔子段北門埔子小段,10.11,都市：商,,,,01040000
RPROMLRKJHPFFGH76CC,廣平段,.00,都市：住,,,,08080000
RPVQMLKLJHPFFEH66DC,河底段,21.22,都市：住,,,,03830000
RPTNMLKLJHPFFAH28CC,西門段,31.62,都市：住,,,,01800000
RPVPMLKLJHPFFAH88EC,中路三段,25.15,都市：住,,,,01460000
RPXQMLKLJHPFFEH86DC,河底段,17.76,都市：住,,,,03130000
RPTRMLKLJHPFFBH78CC,青平段,426.35,都市：住,,,,04030000
RPOOMLKLJHPFFAH87CC,國強段,.00,都市：住,,,,07890000
RPTNMLLLJHPFFFH98DC,福興段,21.98,都市：商,,,,09750000
RPWNMLLLJHPFFBH78CC,三座屋段三座屋小段,.00,都市：住,,,,00220000
RPWNMLLLJHPFFBH78CC,三座屋段舊社小段,.00,都市：住,,,,01190018
RPOPMLLLJHPFFBH18CC,普義段,.00,都市：住,,,,05370000
RPRSMLLLJHPFFAH68CC,桃園段武陵小段,10.04,都市：商,,,,00920000
RPXNMLLLJHPFFGH76CC,廣豐段,.00,都市：住,,,,04260000
RPPRMLKLJHPFFEH78DC,河底段,13.78,都市：住,,,,03440000
RPUPMLLLJHPFFGH66CC,新富段,.00,都市：住,,,,03610000
RPRRMLLLJHPFFHH66CC,文化段,.00,都市：商,,,,03610000
RPRRMLLLJHPFFHH66CC,文化段,.00,都市：商,,,,03610001
RPRRMLLLJHPFFHH66CC,文化段,.00,都市：商,,,,03620000
RPWPMLMLJHPFFAH09DC,大興段,9.88,都市：住,,,,01990000
RPROMLLLJHPFFAH28CC,忠義段,38.55,都市：住,,,,06990000
RPQQMLLLJHPFFAH38CC,埔子段埔子小段,30.75,都市：商,,,,19720027
RPQQMLLLJHPFFAH38CC,埔子段埔子小段,30.50,都市：商,,,,19720026
RPTOMLKLJHPFFAH38CC,龍祥段,16.33,都市：住,,,,00070000
RPWPMLLLJHPFFAH88CC,寶山段,.00,都市：住,,,,09630000
RPWRMLLLJHPFFAH09CC,大有段,.00,都市：住,,,,07040000
RPTOMLLLJHPFFAH48CC,國強段,15.48,都市：住,,,,07890000
RPOOMLLLJHPFFAH97CC,寶山段,14.13,都市：住,,,,08720000
RPSNMLLLJHPFFAH28CC,國強段,21.62,都市：住,,,,07890000
RPXPMLMLJHPFFAH56DC,福元段,11.94,都市：住,,,,03440000
RPQQMLMLJHPFFBH58CC,興南段興南小段,.00,都市：住,,,,02270627
RPORMLMLJHPFFAH38CC,寶山段,.00,都市：商,,,,07230000
RPRPMLKMJHPFFBH48CC,遠東段,.00,都市：住,,,,00160009
RPUPMLKMJHPFFBH78CC,忠福段,.00,都市：住,,,,31450000
RPSQMLMLJHPFFEH09CC,竹圍段拔子林小段,.00,都市：住,,,,01900003
RPURMLMLJHPFFEH76CC,六福段,5.80,都市：商,,,,08140000
RPRRMLMLJHPFFAH68CC,慈文段,16.93,都市：住,,,,02350000
RPWNMLKMJHPFFEH09CC,錦興段,.00,都市：住,,,,06820000
RPTPMLKMJHPFFBH68CC,中壢埔頂段,26.85,都市：住,,,,12960000
RPTNMLKMJHPFFGH98CC,忠貞段,.00,都市：商,,,,00480000
RPTNMLKMJHPFFDH68CC,頭重溪段,.00,都市：住,,,,01570002
RPUNMLKMJHPFFGH09CC,賦梅段,.00,都市：住,,,,06290000
RPSNMLKMJHPFFHH98CC,文化段,72.21,都市：住,,,,05980000
RPXOMLKMJHPFFHH96CC,頂湖段,.00,都市：工,,,,03290000
RPXOMLKMJHPFFHH96CC,頂湖段,.00,都市：工,,,,03320000
RPXOMLKMJHPFFHH96CC,頂湖段,.00,都市：工,,,,03330000
RPQOMLKMJHPFFCH38CC,田心子段上田心子小段,.00,都市：住,,,,05590000
RPUOMLLMJHPFFEH56DC,五福段,22.02,都市：住,,,,06380000
RPTNMLLMJHPFFGH56DC,平鎮段,63.23,都市：住,,,,11440000
RPVRMLLMJHPFFBH66DC,三座屋段三座屋小段,9.00,都市：住,,,,13590002
RPVRMLLMJHPFFBH66DC,三座屋段三座屋小段,152.00,都市：住,,,,13600002
RPTNMLLMJHPFFHH56CC,舊路坑一段,2448.37,都市：其他:保護區,,,,06340000
RPQNMLLMJHPFFFH68CC,大華段,.00,都市：住,,,,00100000
RPPOMLLMJHPFFFH68CC,同福段,.00,都市：住,,,,04490000
RPPOMLLMJHPFFFH68CC,大忠段,.00,都市：住,,,,00020000
RPQPMLLMJHPFFBH48CC,大崙段,21.73,非都市：特定農業區 ; 非都市編定：甲種建築用地,,,,08980000
RPPNMLLMJHPFFGH68CC,廣豐段,64.43,都市：住,,,,01510000
RPRPMLLMJHPFFBH58CC,石頭段,.00,都市：住,,,,00030261
RPVPMLLMJHPFFBH98CC,培英段,.00,都市：住,,,,00060000
RPWNMLLMJHPFFAH78CC,大樹林段,3.27,都市：住,,,,06870013
RPWNMLLMJHPFFAH78CC,大樹林段,8.40,都市：商,,,,06870002
RPXNMLLMJHPFFAH88CC,東門段,.00,都市：商,,,,06770000
RPOOMLLMJHPFFAH08CC,東門段,4.18,都市：商,,,,07580000
RPWOMLLMJHPFFAH88CC,大樹林段,.00,都市：工,,,,18040000
RPTRMLLMJHPFFBH98CC,復興段,.00,都市：住,,,,18260000
RPWPMLLMJHPFFBH09CC,自立段,.00,都市：住,,,,08250000
RPPNMLLJKHPFFBH97CC,青芝段,37.03,都市：住,,,,01050000
RPRNMLMJKHPFFBH28CC,青平段,28.23,都市：住,,,,01360000
RPVPMLNJKHPFFAH88CC,大有段,34.95,都市：住,,,,05870000
RPSVMLNJKHPFFBH66CC,三座屋段舊社小段,.00,都市：住,,,,01170004
RPVOMLLMJHPFFDH09CC,國聯段,.00,都市：工,,,,00890000
RPVOMLLMJHPFFDH09CC,國聯段,.00,都市：工,,,,00900000
RPVOMLLMJHPFFDH09CC,國聯段,.00,都市：工,,,,00910000
RPVNMLKMJHPFFDH88CC,大金山下段大金山下小段,.00,都市：住,,,,00100000
RPOOMLKMJHPFFDH28CC,大金山下段大金山下小段,.00,都市：住,,,,00100004
RPUNMLKMJHPFFDH78CC,頭重溪段,.00,都市：住,,,,01660001
RPQNMLLMJHPFFDH48CC,二重溪段,.00,非都市：山坡地保育區 ; 非都市編定：丙種建築用地,,,,01930059
RPQOMLNJKHPFFEH68CC,錦中段,.00,都市：工,,,,07370000
RPQOMLNJKHPFFEH68CC,錦中段,.00,都市：工,,,,07380000
RPQOMLNJKHPFFEH68CC,錦中段,.00,都市：工,,,,07630000
RPXNMLKMJHPFFDH09CC,大金山下段大金山下小段,.00,都市：住,,,,00100000
RPWNMLKMJHPFFDH98CC,東寧段,.00,非都市：山坡地保育區 ; 非都市編定：丙種建築用地,,,,01540000
RPWPMLNJKHPFFAH98CC,埔子段北門埔子小段,.59,都市：商,,,,01070001
RPWPMLNJKHPFFAH98CC,埔子段北門埔子小段,8.77,都市：商,,,,01040000
RPPQMLNJKHPFFAH38CC,大樹林段,70.00,都市：住,,,,17800008
RPSNMLNJKHPFFFH88CC,福興段,.00,都市：商,,,,09610000
RPTOMLNJKHPFFHH66CC,興華段,.97,都市：商,,,,00610002
RPTNMLNJKHPFFFH98CC,福興段,20.85,都市：住,,,,08080000
RPTNMLNJKHPFFCH78DC,金龍段,34.22,非都市：一般農業區 ; 非都市編定：甲種建築用地,,,,17960000
RPUNMLNJKHPFFCH88DC,金龍段,34.22,非都市：一般農業區 ; 非都市編定：甲種建築用地,,,,17960000
RPXNMLOJKHPFFEH96EC,六福段,6.28,都市：住,,,,08140000
RPTOMLOJKHPFFCH98DC,瑞安段,2502.19,非都市：特定農業區 ; 非都市編定：農牧用地,,,,06790000
RPTOMLOJKHPFFCH98DC,瑞安段,63.14,非都市：特定農業區 ; 非都市編定：農牧用地,,,,06710000
RPSOMLNJKHPFFEH88CC,五塊厝段大埔小段,.00,非都市：特定農業區 ; 非都市編定：丁種建築用地,,,,05400000
RPQNMLOJKHPFFBH48DC,石頭段,18.60,都市：住,,,,04650002
RPPNMLOJKHPFFCH38CC,潛龍段,.00,非都市：鄉村區 ; 非都市編定：乙種建築用地,,,,10790000
RPQPMLNJKHPFFEH78CC,錦興段,54.25,都市：住,,,,02830000
RPOQMLOJKHPFFEH78CC,南新段,11.74,都市：住,,,,02750000
RPSSMLOJKHPFFBH09CC,中原段,.00,都市：住,,,,11670000
RPPOMLPJKHPFFBH48CC,雙嶺段,.00,都市：住,,,,13320000
RPRQMLOJKHPFFBH78CC,三座屋段舊社小段,.00,都市：住,,,,00450015
RPXOMLPJKHPFFBH66CC,青平段,.00,都市：商,,,,04140000
RPTQMLPJKHPFFBH09CC,中工段,26.25,非都市：工業區 ; 非都市編定：丁種建築用地,,,,05300002
RPPSMLOJKHPFFBH78CC,後興段,18.64,都市：住,,,,04880000
RPRPMLPJKHPFFEH56DC,河底段,21.42,都市：住,,,,01360000
RPRPMLPJKHPFFEH56DC,河底段,.05,都市：住,,,,01360000
RPWQMLPJKHPFFBH76CC,遠東段,7.26,都市：住,,,,02060000
RPOQMLPJKHPFFBH58CC,復興段,.00,都市：住,,,,13400000
RPQRMLPJKHPFFAH78CC,建新段,44.26,都市：住,,,,02620000
RPROMLPJKHPFFAH58CC,國聖段,.00,都市：住,,,,07560000
RPVNMLPJKHPFFFH76CC,力行段,.00,都市：住,,,,00250000
RPXQMLPJKHPFFAH76CC,中平段,.00,都市：住,,,,08920000
RPUNMLPJKHPFFFH66CC,福興段,24.67,都市：商,,,,09630000
RPSOMLQJKHPFFBH98DC,中寮段,9.99,都市：其他:市場用地,,,,02480004
RPQOMLPJKHPFFCH68CC,永昌段,.00,非都市：鄉村區 ; 非都市編定：乙種建築用地,,,,03830000
RPPSMLPJKHPFFAH78CC,埔子段北門埔子小段,9.92,都市：商,,,,01040000
RPPSMLPJKHPFFAH78CC,埔子段北門埔子小段,.67,都市：商,,,,01070001
RPQNMLRJKHPFFFH56DC,大智段,26.14,都市：住,,,,04200000
RPUOMLQJKHPFFBH56DC,青溪段,86.35,都市：住,,,,03720002
RPTOMLRJKHPFFEH76CC,五塊厝段下埔小段,21.82,非都市：特定農業區 ; 非都市編定：甲種建築用地,,,,17880000
RPWNMLQJKHPFFFH96CC,大忠段,24.60,都市：商,,,,11690000
RPXNMLPJKHPFFFH96CC,興仁段,13.20,都市：住,,,,06080000
RPTNMLQJKHPFFFH66CC,瑞德段,42.45,非都市：鄉村區 ; 非都市編定：乙種建築用地,,,,00410000
RPTNMLQJKHPFFFH66CC,瑞德段,13.19,非都市：鄉村區 ; 非都市編定：乙種建築用地,,,,00470000
RPSOMLPJKHPFFCH98DC,中正段,29.75,非都市：鄉村區 ; 非都市編定：乙種建築用地,,,,10450000
RPSSMLRJKHPFFBH86DC,青昇段,18.36,都市：住,,,,04020000
RPUSMLRJKHPFFBH07DC,青平段,18.62,都市：住,,,,01300000
RPUOMLKKKHPFFHH76EC,頂湖段,959.31,都市：工,,,,07130000
RPUOMLKKKHPFFHH76EC,頂湖段,8.23,都市：工,,,,06990001
RPUOMLKKKHPFFHH76EC,頂湖段,51.75,都市：工,,,,06990004
RPUOMLKKKHPFFHH76EC,頂湖段,71.27,都市：工,,,,06990008
RPPQMLKKKHPFFBH28CC,三座屋段三座屋小段,17.13,都市：住,,,,04670002
RPTSMLRJKHPFFBH86CC,新街段,.00,都市：住,,,,08620000
RPTNMLKKKHPFFAH28CC,埔子段埔子小段,.00,都市：住,,,,19420008
RPTNMLKKKHPFFAH28CC,埔子段埔子小段,.00,都市：住,,,,19420039
RPQOMLKKKHPFFAH08CC,和平段,11.54,都市：住,,,,00210004
RPPQMLKKKHPFFAH18CC,慈文段,.00,都市：住,,,,01130000
RPPQMLKKKHPFFAH18CC,慈文段,.00,都市：住,,,,02350002
RPSOMLKKKHPFFAH28CC,埔子段埔子小段,82.00,都市：住,,,,19480025
RPSQMLKKKHPFFAH48CC,同德段,28.00,都市：商,,,,00080000
RPRNMLKKKHPFFCH28CC,仁武段,48.41,都市：住,,,,00010000
RPRNMLKKKHPFFCH28CC,隆德段,.45,都市：其他:道路用地,,,,17150000
RPRNMLKKKHPFFCH28CC,隆德段,.06,都市：其他:保護區 道路用地,,,,17170000
RPRNMLKKKHPFFCH28CC,隆德段,.17,都市：其他:道路用地 保護區,,,,17180000
RPRNMLKKKHPFFCH28CC,隆德段,.35,都市：其他:保護區,,,,17190000
RPROMLKKKHPFFAH38EC,龍祥段,10.39,都市：商,,,,10010000
RPRPMLKKKHPFFAH48EC,同德段,33.57,都市：商,,,,00080000
RPWOMLKKKHPFFAH88EC,桃園段武陵小段,3.46,都市：商,,,,00440000
RPVOMLKKKHPFFAH78EC,桃園段武陵小段,4.73,都市：商,,,,00350021
RPQOMLKKKHPFFAH28EC,中正段,14.13,都市：住,,,,01380000
RPUOMLKKKHPFFAH68EC,龍安段,10.20,都市：商,,,,02870000
RPUNMLKKKHPFFFH88CC,瑞祥段,.00,非都市：特定專用區 ; 非都市編定：特定目的事業用地,,,,13780000
RPUOMLKKKHPFFFH09DC,豐田段,48.04,都市：住,,,,14700000
RPPQMLKKKHPFFAH38EC,龍安段,.00,都市：住,,,,01290000
RPSNMLKKKHPFFHH88CC,興華段,.00,都市：住,,,,07670000
RPQPMLKKKHPFFHH88CC,文化段,.00,都市：住,,,,06540000
RPOPMLKKKHPFFDH28CC,清華段,441.00,非都市：特定農業區 ; 非都市編定：農牧用地,,,,05420002
RPOPMLKKKHPFFDH28CC,清華段,362.00,非都市：特定農業區 ; 非都市編定：農牧用地,,,,05440002
RPOPMLKKKHPFFDH28CC,清華段,412.00,非都市：特定農業區 ; 非都市編定：農牧用地,,,,05450002
RPOPMLKKKHPFFDH28CC,清華段,1535.00,非都市：特定農業區 ; 非都市編定：農牧用地,,,,05630000
RPOPMLKKKHPFFDH28CC,清華段,1452.00,非都市：特定農業區 ; 非都市編定：農牧用地,,,,05640000
RPOPMLKKKHPFFDH28CC,清華段,1421.00,非都市：特定農業區 ; 非都市編定：農牧用地,,,,05660000
