﻿編號,土地位置,土地移轉面積(平方公尺),使用分區或編定,權利人持分分母,權利人持分分子,移轉情形,地號
The serial number, land position,land shifting area square meter,the use zoning or compiles and checks,,,,land parcel
RPVOMLMKJIOFFGH56CB,金鍊段,17.53,都市：住,100000,589,持分移轉,02050000
RPWOMLMKJIOFFGH66CB,金鍊段,17.53,都市：住,100000,589,持分移轉,02050000
RPSOMLTKJIOFFGH96CB,金鍊段,17.53,都市：住,100000,589,持分移轉,02050000
RPUOMLTKJIOFFGH17CB,金鍊段,17.53,都市：住,100000,589,持分移轉,02050000
RPSSMLTKJIOFFBH96DB,雙嶺段,16.22,都市：住,1,1,全筆移轉,13030000
RPXOMLTKJIOFFGH47CB,金鍊段,17.53,都市：住,100000,589,持分移轉,02050000
RPPOMLTKJIOFFGH66CB,金鍊段,17.53,都市：住,100000,589,持分移轉,02050000
RPQOMLTKJIOFFGH76CB,金鍊段,17.53,都市：住,100000,589,持分移轉,02050000
RPROMLTKJIOFFGH86CB,金鍊段,17.53,都市：住,100000,589,持分移轉,02050000
RPTSMLTKJIOFFBH07DB,雙嶺段,16.22,都市：住,1,1,全筆移轉,13030000
RPUSMLTKJIOFFBH17DB,雙嶺段,14.71,都市：住,1,1,全筆移轉,13030000
RPPNMLPLJIOFFBH48DB,雙嶺段,16.03,都市：住,1,1,全筆移轉,13030000
RPOOMLRLJIOFFGH09CB,廣豐段,31.44,都市：住,10000,105,持分移轉,05670000
RPQOMLRLJIOFFGH66CB,廣豐段,31.44,都市：住,10000,105,持分移轉,05670000
RPPOMLRLJIOFFGH56CB,廣豐段,31.44,都市：住,10000,105,持分移轉,05670000
RPROMLRLJIOFFGH76CB,廣豐段,24.85,都市：住,10000,83,持分移轉,05670000
RPVOMLRLJIOFFGH17CB,廣豐段,24.85,都市：住,10000,83,持分移轉,05670000
RPQPMLRLJIOFFGH76CB,廣豐段,23.36,都市：住,10000,78,持分移轉,05670000
RPOPMLRLJIOFFGH56CB,廣豐段,24.85,都市：住,10000,83,持分移轉,05670000
RPUOMLRLJIOFFGH07CB,廣豐段,24.85,都市：住,10000,83,持分移轉,05670000
RPWOMLRLJIOFFGH27CB,廣豐段,24.85,都市：住,10000,83,持分移轉,05670000
RPXOMLRLJIOFFGH37CB,廣豐段,24.85,都市：住,10000,83,持分移轉,05670000
RPRPMLRLJIOFFGH86CB,廣豐段,23.36,都市：住,10000,78,持分移轉,05670000
RPTOMLRLJIOFFGH96CB,廣豐段,24.85,都市：住,10000,83,持分移轉,05670000
RPPPMLRLJIOFFGH66CB,廣豐段,24.85,都市：住,10000,83,持分移轉,05670000
RPTPMLRLJIOFFGH07CB,廣豐段,23.36,都市：住,10000,78,持分移轉,05670000
RPSOMLRLJIOFFGH86CB,廣豐段,24.85,都市：住,10000,83,持分移轉,05670000
RPWPMLRLJIOFFGH37CB,廣豐段,23.36,都市：住,10000,78,持分移轉,05670000
RPUPMLRLJIOFFGH17CB,廣豐段,23.36,都市：住,10000,78,持分移轉,05670000
RPSPMLRLJIOFFGH96CB,廣豐段,23.36,都市：住,10000,78,持分移轉,05670000
RPVPMLRLJIOFFGH27CB,廣豐段,23.36,都市：住,10000,78,持分移轉,05670000
RPVQMLRLJIOFFGH37CB,廣豐段,23.95,都市：住,10000,80,持分移轉,05670000
RPUQMLRLJIOFFGH27CB,廣豐段,23.95,都市：住,10000,80,持分移轉,05670000
RPTQMLRLJIOFFGH17CB,廣豐段,23.95,都市：住,10000,80,持分移轉,05670000
RPWQMLRLJIOFFGH47CB,廣豐段,23.95,都市：住,10000,80,持分移轉,05670000
RPXQMLRLJIOFFGH57CB,廣豐段,23.95,都市：住,10000,80,持分移轉,05670000
RPOQMLRLJIOFFGH66CB,廣豐段,23.36,都市：住,10000,78,持分移轉,05670000
RPRQMLRLJIOFFGH96CB,廣豐段,23.95,都市：住,10000,80,持分移轉,05670000
RPSQMLRLJIOFFGH07CB,廣豐段,23.95,都市：住,10000,80,持分移轉,05670000
RPPQMLRLJIOFFGH76CB,廣豐段,17.07,都市：住,10000,57,持分移轉,05670000
RPXPMLRLJIOFFGH47CB,廣豐段,23.36,都市：住,10000,78,持分移轉,05670000
RPORMLRLJIOFFGH76CB,廣豐段,23.95,都市：住,10000,80,持分移轉,05670000
RPRRMLRLJIOFFGH07CB,廣豐段,23.36,都市：住,10000,78,持分移轉,05670000
RPQRMLRLJIOFFGH96CB,廣豐段,23.36,都市：住,10000,78,持分移轉,05670000
RPPRMLRLJIOFFGH86CB,廣豐段,23.95,都市：住,10000,80,持分移轉,05670000
RPXRMLRLJIOFFGH67CB,廣豐段,23.36,都市：住,10000,78,持分移轉,05670000
RPSRMLRLJIOFFGH17CB,廣豐段,23.36,都市：住,10000,78,持分移轉,05670000
RPPSMLRLJIOFFGH96CB,廣豐段,23.36,都市：住,10000,78,持分移轉,05670000
RPTRMLRLJIOFFGH27CB,廣豐段,23.36,都市：住,10000,78,持分移轉,05670000
RPQSMLRLJIOFFGH07CB,廣豐段,23.36,都市：住,10000,78,持分移轉,05670000
RPURMLRLJIOFFGH37CB,廣豐段,23.36,都市：住,10000,78,持分移轉,05670000
RPWRMLRLJIOFFGH57CB,廣豐段,23.36,都市：住,10000,78,持分移轉,05670000
RPUSMLRLJIOFFGH47CB,廣豐段,23.95,都市：住,10000,80,持分移轉,05670000
RPXSMLRLJIOFFGH77CB,廣豐段,23.95,都市：住,10000,80,持分移轉,05670000
RPRSMLRLJIOFFGH17CB,廣豐段,23.36,都市：住,10000,78,持分移轉,05670000
RPWSMLRLJIOFFGH67CB,廣豐段,23.95,都市：住,10000,80,持分移轉,05670000
RPSSMLRLJIOFFGH27CB,廣豐段,23.36,都市：住,10000,78,持分移轉,05670000
RPPTMLRLJIOFFGH07CB,廣豐段,23.95,都市：住,10000,80,持分移轉,05670000
RPTSMLRLJIOFFGH37CB,廣豐段,23.95,都市：住,10000,80,持分移轉,05670000
RPVSMLRLJIOFFGH57CB,廣豐段,23.95,都市：住,10000,80,持分移轉,05670000
RPRTMLRLJIOFFGH27CB,廣豐段,23.95,都市：住,10000,80,持分移轉,05670000
RPQTMLRLJIOFFGH17CB,廣豐段,23.95,都市：住,10000,80,持分移轉,05670000
RPSTMLRLJIOFFGH37CB,廣豐段,23.95,都市：住,10000,80,持分移轉,05670000
RPUTMLRLJIOFFGH57CB,廣豐段,24.55,都市：住,10000,82,持分移轉,05670000
RPVTMLRLJIOFFGH67CB,廣豐段,24.55,都市：住,10000,82,持分移轉,05670000
RPTTMLRLJIOFFGH47CB,廣豐段,23.95,都市：住,10000,80,持分移轉,05670000
RPXTMLRLJIOFFGH87CB,廣豐段,24.55,都市：住,10000,82,持分移轉,05670000
RPWTMLRLJIOFFGH77CB,廣豐段,24.55,都市：住,10000,82,持分移轉,05670000
RPOUMLRLJIOFFGH07CB,廣豐段,24.55,都市：住,10000,82,持分移轉,05670000
RPPUMLRLJIOFFGH17CB,廣豐段,24.55,都市：住,10000,82,持分移轉,05670000
RPQVMLRLJIOFFGH37CB,廣豐段,25.15,都市：住,10000,84,持分移轉,05670000
RPVUMLRLJIOFFGH77CB,廣豐段,25.15,都市：住,10000,84,持分移轉,05670000
RPPVMLRLJIOFFGH27CB,廣豐段,25.15,都市：住,10000,84,持分移轉,05670000
RPOVMLRLJIOFFGH17CB,廣豐段,25.15,都市：住,10000,84,持分移轉,05670000
RPWUMLRLJIOFFGH87CB,廣豐段,25.15,都市：住,10000,84,持分移轉,05670000
RPTUMLRLJIOFFGH57CB,廣豐段,24.55,都市：住,10000,82,持分移轉,05670000
RPXUMLRLJIOFFGH97CB,廣豐段,25.15,都市：住,10000,84,持分移轉,05670000
RPRUMLRLJIOFFGH37CB,廣豐段,24.55,都市：住,10000,82,持分移轉,05670000
RPQUMLRLJIOFFGH27CB,廣豐段,24.55,都市：住,10000,82,持分移轉,05670000
RPSUMLRLJIOFFGH47CB,廣豐段,24.55,都市：住,10000,82,持分移轉,05670000
RPRVMLRLJIOFFGH47CB,廣豐段,25.15,都市：住,10000,84,持分移轉,05670000
RPSVMLRLJIOFFGH57CB,廣豐段,25.15,都市：住,10000,84,持分移轉,05670000
RPTVMLRLJIOFFGH67CB,廣豐段,26.95,都市：住,10000,90,持分移轉,05670000
RPOWMLRLJIOFFGH27CB,廣豐段,26.95,都市：住,10000,90,持分移轉,05670000
RPXVMLRLJIOFFGH08CB,廣豐段,26.95,都市：住,10000,90,持分移轉,05670000
RPSWMLRLJIOFFGH67CB,廣豐段,24.55,都市：住,10000,82,持分移轉,05670000
RPVVMLRLJIOFFGH87CB,廣豐段,26.95,都市：住,10000,90,持分移轉,05670000
RPPWMLRLJIOFFGH37CB,廣豐段,24.55,都市：住,10000,82,持分移轉,05670000
RPRWMLRLJIOFFGH57CB,廣豐段,24.55,都市：住,10000,82,持分移轉,05670000
RPWVMLRLJIOFFGH97CB,廣豐段,26.95,都市：住,10000,90,持分移轉,05670000
RPUWMLRLJIOFFGH87CB,廣豐段,24.55,都市：住,10000,82,持分移轉,05670000
RPONNLRLJIOFFGH09CB,廣豐段,24.55,都市：住,10000,82,持分移轉,05670000
RPTWMLRLJIOFFGH77CB,廣豐段,24.55,都市：住,10000,82,持分移轉,05670000
RPPNNLRLJIOFFGH56CB,廣豐段,24.55,都市：住,10000,82,持分移轉,05670000
RPVWMLRLJIOFFGH97CB,廣豐段,24.55,都市：住,10000,82,持分移轉,05670000
RPSNNLRLJIOFFGH86CB,廣豐段,24.25,都市：住,10000,81,持分移轉,05670000
RPXWMLRLJIOFFGH18CB,廣豐段,24.55,都市：住,10000,82,持分移轉,05670000
RPWWMLRLJIOFFGH08CB,廣豐段,24.55,都市：住,10000,82,持分移轉,05670000
RPQNNLRLJIOFFGH66CB,廣豐段,32.04,都市：住,10000,107,持分移轉,05670000
RPRNNLRLJIOFFGH76CB,廣豐段,12.28,都市：住,10000,41,持分移轉,05670000
RPTNNLRLJIOFFGH96CB,廣豐段,26.95,都市：住,10000,90,持分移轉,05670000
RPRNMLNJKIOFFGH78CB,金鍊段,17.53,都市：住,100000,589,持分移轉,02050000
RPOOMLNJKIOFFGH58CB,金鍊段,17.53,都市：住,100000,589,持分移轉,02050000
RPQOMLNJKIOFFGH78CB,金鍊段,16.28,都市：住,100000,547,持分移轉,02050000
RPPOMLNJKIOFFGH68CB,金鍊段,17.53,都市：住,100000,589,持分移轉,02050000
RPXNMLNJKIOFFGH76CB,金鍊段,17.53,都市：住,100000,589,持分移轉,02050000
RPSOMLNJKIOFFGH98CB,金鍊段,16.28,都市：住,100000,547,持分移轉,02050000
RPROMLNJKIOFFGH88CB,金鍊段,16.28,都市：住,100000,547,持分移轉,02050000
RPWNMLNJKIOFFGH66CB,金鍊段,17.53,都市：住,100000,589,持分移轉,02050000
RPTNMLNJKIOFFGH98CB,金鍊段,17.53,都市：住,100000,589,持分移轉,02050000
RPTOMLNJKIOFFGH09CB,金鍊段,16.28,都市：住,100000,547,持分移轉,02050000
RPUOMLNJKIOFFGH56CB,金鍊段,16.28,都市：住,100000,547,持分移轉,02050000
RPVOMLNJKIOFFGH66CB,金鍊段,16.28,都市：住,100000,547,持分移轉,02050000
RPWOMLNJKIOFFGH76CB,金鍊段,16.28,都市：住,100000,547,持分移轉,02050000
RPXOMLNJKIOFFGH86CB,金鍊段,16.28,都市：住,100000,547,持分移轉,02050000
RPQPMLNJKIOFFGH88CB,金鍊段,16.28,都市：住,100000,547,持分移轉,02050000
RPOPMLNJKIOFFGH68CB,金鍊段,16.28,都市：住,100000,547,持分移轉,02050000
RPSPMLNJKIOFFGH09CB,金鍊段,16.28,都市：住,100000,547,持分移轉,02050000
RPTPMLNJKIOFFGH56CB,金鍊段,16.75,都市：住,100000,563,持分移轉,02050000
RPPPMLNJKIOFFGH78CB,金鍊段,16.28,都市：住,100000,547,持分移轉,02050000
RPUPMLNJKIOFFGH66CB,金鍊段,16.75,都市：住,100000,563,持分移轉,02050000
RPWPMLNJKIOFFGH86CB,金鍊段,16.75,都市：住,100000,563,持分移轉,02050000
RPOQMLNJKIOFFGH78CB,金鍊段,16.75,都市：住,100000,563,持分移轉,02050000
RPVPMLNJKIOFFGH76CB,金鍊段,16.75,都市：住,100000,563,持分移轉,02050000
RPPQMLNJKIOFFGH88CB,金鍊段,16.75,都市：住,100000,563,持分移轉,02050000
RPUQMLNJKIOFFGH76CB,金鍊段,16.75,都市：住,100000,563,持分移轉,02050000
RPXQMLNJKIOFFGH07CB,金鍊段,23.39,都市：住,100000,786,持分移轉,02050000
RPTQMLNJKIOFFGH66CB,金鍊段,16.75,都市：住,100000,563,持分移轉,02050000
RPQQMLNJKIOFFGH98CB,金鍊段,16.75,都市：住,100000,563,持分移轉,02050000
RPSQMLNJKIOFFGH56CB,金鍊段,16.75,都市：住,100000,563,持分移轉,02050000
RPVQMLNJKIOFFGH86CB,金鍊段,16.75,都市：住,100000,563,持分移轉,02050000
RPRQMLNJKIOFFGH09CB,金鍊段,16.75,都市：住,100000,563,持分移轉,02050000
RPOSMLNJKIOFFGH98CB,金鍊段,23.27,都市：住,100000,782,持分移轉,02050000
RPURMLNJKIOFFGH86CB,金鍊段,23.27,都市：住,100000,782,持分移轉,02050000
RPSSMLNJKIOFFGH76CB,金鍊段,23.27,都市：住,100000,782,持分移轉,02050000
RPSRMLNJKIOFFGH66CB,金鍊段,23.39,都市：住,100000,786,持分移轉,02050000
RPPSMLNJKIOFFGH09CB,金鍊段,23.27,都市：住,100000,782,持分移轉,02050000
RPTRMLNJKIOFFGH76CB,金鍊段,23.27,都市：住,100000,782,持分移轉,02050000
RPXRMLNJKIOFFGH17CB,金鍊段,23.27,都市：住,100000,782,持分移轉,02050000
RPQSMLNJKIOFFGH56CB,金鍊段,23.27,都市：住,100000,782,持分移轉,02050000
RPVRMLNJKIOFFGH96CB,金鍊段,23.27,都市：住,100000,782,持分移轉,02050000
RPWRMLNJKIOFFGH07CB,金鍊段,23.27,都市：住,100000,782,持分移轉,02050000
RPXNMLKLKIOFFDH98CB,大金山下段大金山下小段,18.56,都市：住,100000,747,持分移轉,00500000
RPXPMLTJKIOFFBH17DB,雙嶺段,16.22,都市：住,1,1,全筆移轉,13030000
RPROMLKLKIOFFDH48CB,大金山下段大金山下小段,18.56,都市：住,100000,747,持分移轉,00500000
RPOOMLKLKIOFFDH18CB,大金山下段大金山下小段,18.56,都市：住,100000,747,持分移轉,00500000
RPUOMLKLKIOFFDH78CB,大金山下段大金山下小段,18.56,都市：住,100000,747,持分移轉,00500000
RPSOMLKLKIOFFDH58CB,大金山下段大金山下小段,18.56,都市：住,100000,747,持分移轉,00500000
RPWOMLKLKIOFFDH98CB,大金山下段大金山下小段,18.56,都市：住,100000,747,持分移轉,00500000
RPPOMLKLKIOFFDH28CB,大金山下段大金山下小段,18.56,都市：住,100000,747,持分移轉,00500000
RPTOMLKLKIOFFDH68CB,大金山下段大金山下小段,18.56,都市：住,100000,747,持分移轉,00500000
RPOPMLKLKIOFFDH28CB,大金山下段大金山下小段,18.56,都市：住,100000,747,持分移轉,00500000
RPXOMLKLKIOFFDH09CB,大金山下段大金山下小段,18.56,都市：住,100000,747,持分移轉,00500000
RPTSMLNJKIOFFGH86CB,金鍊段,23.27,都市：住,100000,782,持分移轉,02050000
RPOOMLOLKIOFFDH58CB,大金山下段大金山下小段,15.26,都市：住,100000,614,持分移轉,00500000
RPQOMLOLKIOFFDH78CB,大金山下段大金山下小段,15.26,都市：住,100000,614,持分移轉,00500000
RPSPMLKLKIOFFDH68CB,大金山下段大金山下小段,18.56,都市：住,100000,747,持分移轉,00500000
RPROMLOLKIOFFDH88CB,大金山下段大金山下小段,15.26,都市：住,100000,614,持分移轉,00500000
RPXNMLOLKIOFFDH76CB,大金山下段大金山下小段,15.26,都市：住,100000,614,持分移轉,00500000
RPTPMLKLKIOFFDH78CB,大金山下段大金山下小段,18.56,都市：住,100000,747,持分移轉,00500000
RPVNMLOLKIOFFDH56CB,大金山下段大金山下小段,15.26,都市：住,100000,614,持分移轉,00500000
RPPOMLOLKIOFFDH68CB,大金山下段大金山下小段,15.26,都市：住,100000,614,持分移轉,00500000
RPRPMLKLKIOFFDH58CB,大金山下段大金山下小段,18.56,都市：住,100000,747,持分移轉,00500000
RPUPMLKLKIOFFDH88CB,大金山下段大金山下小段,18.56,都市：住,100000,747,持分移轉,00500000
RPRPMLOLKIOFFDH98CB,大金山下段大金山下小段,15.26,都市：住,100000,614,持分移轉,00500000
RPSOMLOLKIOFFDH98CB,大金山下段大金山下小段,15.26,都市：住,100000,614,持分移轉,00500000
RPQPMLOLKIOFFDH88CB,大金山下段大金山下小段,15.26,都市：住,100000,614,持分移轉,00500000
RPTOMLOLKIOFFDH09CB,大金山下段大金山下小段,15.26,都市：住,100000,614,持分移轉,00500000
RPOPMLOLKIOFFDH68CB,大金山下段大金山下小段,15.26,都市：住,100000,614,持分移轉,00500000
RPXOMLOLKIOFFDH86CB,大金山下段大金山下小段,15.26,都市：住,100000,614,持分移轉,00500000
RPSPMLOLKIOFFDH09CB,大金山下段大金山下小段,15.26,都市：住,100000,614,持分移轉,00500000
RPTPMLOLKIOFFDH56CB,大金山下段大金山下小段,15.26,都市：住,100000,614,持分移轉,00500000
RPWRMLPLKIOFFDH17CB,大金山下段大金山下小段,22.46,都市：住,100000,904,持分移轉,00500000
RPOSMLPLKIOFFDH09CB,大金山下段大金山下小段,22.46,都市：住,100000,904,持分移轉,00500000
RPXRMLPLKIOFFDH27CB,大金山下段大金山下小段,22.46,都市：住,100000,904,持分移轉,00500000
RPUOMLRLKIOFFDH86CB,大金山下段大金山下小段,22.46,都市：住,100000,904,持分移轉,00500000
RPOPMLRLKIOFFDH98CB,大金山下段大金山下小段,22.46,都市：住,100000,904,持分移轉,00500000
RPTPMLRLKIOFFDH86CB,大金山下段大金山下小段,22.46,都市：住,100000,904,持分移轉,00500000
RPXOMLRLKIOFFDH17CB,大金山下段大金山下小段,22.46,都市：住,100000,904,持分移轉,00500000
RPSPMLRLKIOFFDH76CB,大金山下段大金山下小段,22.46,都市：住,100000,904,持分移轉,00500000
RPVOMLRLKIOFFDH96CB,大金山下段大金山下小段,22.46,都市：住,100000,904,持分移轉,00500000
RPWPMLRLKIOFFDH17CB,大金山下段大金山下小段,22.46,都市：住,100000,904,持分移轉,00500000
RPWOMLRLKIOFFDH07CB,大金山下段大金山下小段,22.46,都市：住,100000,904,持分移轉,00500000
RPUPMLRLKIOFFDH96CB,大金山下段大金山下小段,22.46,都市：住,100000,904,持分移轉,00500000
RPPPMLRLKIOFFDH09CB,大金山下段大金山下小段,22.46,都市：住,100000,904,持分移轉,00500000
RPOQMLRLKIOFFDH09CB,大金山下段大金山下小段,22.59,都市：住,100000,909,持分移轉,00500000
RPVPMLRLKIOFFDH07CB,大金山下段大金山下小段,22.46,都市：住,100000,904,持分移轉,00500000
RPPQMLRLKIOFFDH56CB,大金山下段大金山下小段,22.59,都市：住,100000,909,持分移轉,00500000
RPTQMLRLKIOFFDH96CB,大金山下段大金山下小段,22.59,都市：住,100000,909,持分移轉,00500000
RPRQMLRLKIOFFDH76CB,大金山下段大金山下小段,22.59,都市：住,100000,909,持分移轉,00500000
RPSQMLRLKIOFFDH86CB,大金山下段大金山下小段,22.59,都市：住,100000,909,持分移轉,00500000
RPXPMLRLKIOFFDH27CB,大金山下段大金山下小段,22.59,都市：住,100000,909,持分移轉,00500000
RPWQMLRLKIOFFDH27CB,大金山下段大金山下小段,22.59,都市：住,100000,909,持分移轉,00500000
RPUQMLRLKIOFFDH07CB,大金山下段大金山下小段,22.59,都市：住,100000,909,持分移轉,00500000
RPXQMLRLKIOFFDH37CB,大金山下段大金山下小段,22.59,都市：住,100000,909,持分移轉,00500000
RPVQMLRLKIOFFDH17CB,大金山下段大金山下小段,22.59,都市：住,100000,909,持分移轉,00500000
RPRRMLRLKIOFFDH86CB,大金山下段大金山下小段,22.84,都市：住,100000,919,持分移轉,00500000
RPXRMLRLKIOFFDH47CB,大金山下段大金山下小段,15.26,都市：住,100000,614,持分移轉,00500000
RPTRMLRLKIOFFDH07CB,大金山下段大金山下小段,15.26,都市：住,100000,614,持分移轉,00500000
RPVRMLRLKIOFFDH27CB,大金山下段大金山下小段,15.26,都市：住,100000,614,持分移轉,00500000
RPQRMLRLKIOFFDH76CB,大金山下段大金山下小段,22.84,都市：住,100000,919,持分移轉,00500000
RPORMLRLKIOFFDH56CB,大金山下段大金山下小段,22.59,都市：住,100000,909,持分移轉,00500000
RPPRMLRLKIOFFDH66CB,大金山下段大金山下小段,22.59,都市：住,100000,909,持分移轉,00500000
RPOSMLRLKIOFFDH66CB,大金山下段大金山下小段,15.26,都市：住,100000,614,持分移轉,00500000
RPWRMLRLKIOFFDH37CB,大金山下段大金山下小段,15.26,都市：住,100000,614,持分移轉,00500000
RPURMLRLKIOFFDH17CB,大金山下段大金山下小段,15.26,都市：住,100000,614,持分移轉,00500000
RPPSMLRLKIOFFDH76CB,大金山下段大金山下小段,15.26,都市：住,100000,614,持分移轉,00500000
RPQSMLRLKIOFFDH86CB,大金山下段大金山下小段,15.26,都市：住,100000,614,持分移轉,00500000
RPRSMLRLKIOFFDH96CB,大金山下段大金山下小段,15.26,都市：住,100000,614,持分移轉,00500000
RPOTMLRLKIOFFDH76CB,大金山下段大金山下小段,15.26,都市：住,100000,614,持分移轉,00500000
RPXTMLRLKIOFFDH67CB,大金山下段大金山下小段,22.46,都市：住,100000,904,持分移轉,00500000
RPRTMLRLKIOFFDH07CB,大金山下段大金山下小段,22.46,都市：住,100000,904,持分移轉,00500000
RPVTMLRLKIOFFDH47CB,大金山下段大金山下小段,22.46,都市：住,100000,904,持分移轉,00500000
RPTSMLRLKIOFFDH17CB,大金山下段大金山下小段,15.26,都市：住,100000,614,持分移轉,00500000
RPQTMLRLKIOFFDH96CB,大金山下段大金山下小段,22.46,都市：住,100000,904,持分移轉,00500000
RPUTMLRLKIOFFDH37CB,大金山下段大金山下小段,22.46,都市：住,100000,904,持分移轉,00500000
RPSSMLRLKIOFFDH07CB,大金山下段大金山下小段,15.26,都市：住,100000,614,持分移轉,00500000
RPXSMLRLKIOFFDH57CB,大金山下段大金山下小段,15.26,都市：住,100000,614,持分移轉,00500000
RPUSMLRLKIOFFDH27CB,大金山下段大金山下小段,15.26,都市：住,100000,614,持分移轉,00500000
RPOUMLRLKIOFFDH86CB,大金山下段大金山下小段,22.46,都市：住,100000,904,持分移轉,00500000
RPTUMLRLKIOFFDH37CB,大金山下段大金山下小段,22.46,都市：住,100000,904,持分移轉,00500000
RPSUMLRLKIOFFDH27CB,大金山下段大金山下小段,22.46,都市：住,100000,904,持分移轉,00500000
RPPUMLRLKIOFFDH96CB,大金山下段大金山下小段,22.46,都市：住,100000,904,持分移轉,00500000
RPRUMLRLKIOFFDH17CB,大金山下段大金山下小段,22.46,都市：住,100000,904,持分移轉,00500000
RPUUMLRLKIOFFDH47CB,大金山下段大金山下小段,22.46,都市：住,100000,904,持分移轉,00500000
RPWUMLRLKIOFFDH67CB,大金山下段大金山下小段,22.46,都市：住,100000,904,持分移轉,00500000
RPPOMLKMKIOFFBH28DB,雙嶺段,24.70,都市：住,1,1,全筆移轉,13030000
RPOVMLRLKIOFFDH96CB,大金山下段大金山下小段,22.71,都市：住,100000,914,持分移轉,00500000
RPOOMLKMKIOFFBH18DB,雙嶺段,14.71,都市：住,1,1,全筆移轉,13030000
RPSOMLLMKIOFFDH78CB,大金山下段大金山下小段,16.08,都市：住,100000,647,持分移轉,00500000
RPQOMLLMKIOFFDH58CB,大金山下段大金山下小段,16.08,都市：住,100000,647,持分移轉,00500000
RPUOMLLMKIOFFDH98CB,大金山下段大金山下小段,16.08,都市：住,100000,647,持分移轉,00500000
RPTOMLLMKIOFFDH88CB,大金山下段大金山下小段,16.08,都市：住,100000,647,持分移轉,00500000
RPROMLLMKIOFFDH68CB,大金山下段大金山下小段,16.08,都市：住,100000,647,持分移轉,00500000
RPWOMLLMKIOFFDH56CB,大金山下段大金山下小段,16.08,都市：住,100000,647,持分移轉,00500000
RPXOMLLMKIOFFDH66CB,大金山下段大金山下小段,16.08,都市：住,100000,647,持分移轉,00500000
RPOPMLLMKIOFFDH48CB,大金山下段大金山下小段,16.08,都市：住,100000,647,持分移轉,00500000
RPPPMLLMKIOFFDH58CB,大金山下段大金山下小段,16.08,都市：住,100000,647,持分移轉,00500000
RPRPMLLMKIOFFDH78CB,大金山下段大金山下小段,16.08,都市：住,100000,647,持分移轉,00500000
RPSPMLLMKIOFFDH88CB,大金山下段大金山下小段,16.08,都市：住,100000,647,持分移轉,00500000
RPVPMLLMKIOFFDH56CB,大金山下段大金山下小段,16.08,都市：住,100000,647,持分移轉,00500000
RPTPMLLMKIOFFDH98CB,大金山下段大金山下小段,16.08,都市：住,100000,647,持分移轉,00500000
RPUPMLLMKIOFFDH09CB,大金山下段大金山下小段,16.08,都市：住,100000,647,持分移轉,00500000
RPWPMLLMKIOFFDH66CB,大金山下段大金山下小段,18.44,都市：住,100000,742,持分移轉,00500000
RPXPMLLMKIOFFDH76CB,大金山下段大金山下小段,18.44,都市：住,100000,742,持分移轉,00500000
RPPQMLLMKIOFFDH68CB,大金山下段大金山下小段,18.44,都市：住,100000,742,持分移轉,00500000
RPOQMLLMKIOFFDH58CB,大金山下段大金山下小段,18.44,都市：住,100000,742,持分移轉,00500000
RPQQMLLMKIOFFDH78CB,大金山下段大金山下小段,18.44,都市：住,100000,742,持分移轉,00500000
RPSQMLLMKIOFFDH98CB,大金山下段大金山下小段,18.44,都市：住,100000,742,持分移轉,00500000
RPRQMLLMKIOFFDH88CB,大金山下段大金山下小段,18.44,都市：住,100000,742,持分移轉,00500000
RPTQMLLMKIOFFDH09CB,大金山下段大金山下小段,18.44,都市：住,100000,742,持分移轉,00500000
RPVQMLLMKIOFFDH66CB,大金山下段大金山下小段,18.44,都市：住,100000,742,持分移轉,00500000
RPPRMLLMKIOFFDH78CB,大金山下段大金山下小段,18.44,都市：住,100000,742,持分移轉,00500000
RPXQMLLMKIOFFDH86CB,大金山下段大金山下小段,18.44,都市：住,100000,742,持分移轉,00500000
RPRRMLLMKIOFFDH98CB,大金山下段大金山下小段,18.44,都市：住,100000,742,持分移轉,00500000
RPURMLLMKIOFFDH66CB,大金山下段大金山下小段,18.41,都市：住,100000,741,持分移轉,00500000
RPXRMLLMKIOFFDH96CB,大金山下段大金山下小段,18.41,都市：住,100000,741,持分移轉,00500000
RPVRMLLMKIOFFDH76CB,大金山下段大金山下小段,18.41,都市：住,100000,741,持分移轉,00500000
RPWRMLLMKIOFFDH86CB,大金山下段大金山下小段,18.41,都市：住,100000,741,持分移轉,00500000
RPOSMLLMKIOFFDH78CB,大金山下段大金山下小段,18.41,都市：住,100000,741,持分移轉,00500000
RPQRMLLMKIOFFDH88CB,大金山下段大金山下小段,18.44,都市：住,100000,742,持分移轉,00500000
RPPSMLLMKIOFFDH88CB,大金山下段大金山下小段,18.41,都市：住,100000,741,持分移轉,00500000
RPSRMLLMKIOFFDH09CB,大金山下段大金山下小段,18.44,都市：住,100000,742,持分移轉,00500000
RPTRMLLMKIOFFDH56CB,大金山下段大金山下小段,18.41,都市：住,100000,741,持分移轉,00500000
RPQSMLLMKIOFFDH98CB,大金山下段大金山下小段,18.41,都市：住,100000,741,持分移轉,00500000
RPQOMLKMKIOFFBH38DB,雙嶺段,16.22,都市：住,1,1,全筆移轉,13030000
RPRSMLLMKIOFFDH09CB,大金山下段大金山下小段,18.41,都市：住,100000,741,持分移轉,00500000
RPSSMLLMKIOFFDH56CB,大金山下段大金山下小段,18.41,都市：住,100000,741,持分移轉,00500000
RPVSMLLMKIOFFDH86CB,大金山下段大金山下小段,18.41,都市：住,100000,741,持分移轉,00500000
RPWSMLLMKIOFFDH96CB,大金山下段大金山下小段,18.41,都市：住,100000,741,持分移轉,00500000
RPTSMLLMKIOFFDH66CB,大金山下段大金山下小段,18.41,都市：住,100000,741,持分移轉,00500000
RPPTMLLMKIOFFDH98CB,大金山下段大金山下小段,16.18,都市：住,100000,651,持分移轉,00500000
RPUSMLLMKIOFFDH76CB,大金山下段大金山下小段,18.41,都市：住,100000,741,持分移轉,00500000
RPXSMLLMKIOFFDH07CB,大金山下段大金山下小段,19.86,都市：住,100000,799,持分移轉,00500000
RPOTMLLMKIOFFDH88CB,大金山下段大金山下小段,22.39,都市：住,100000,901,持分移轉,00500000
RPTOMLLMKIOFFHH66CB,樂捷段,.97,都市：住,100000,243,持分移轉,01810000
RPTOMLLMKIOFFHH66CB,樂捷段,3.41,都市：住,100000,243,持分移轉,01870000
RPTOMLLMKIOFFHH66CB,樂捷段,6.78,都市：住,100000,243,持分移轉,01950000
RPXOMLLMKIOFFHH07CB,樂捷段,.97,都市：住,100000,243,持分移轉,01810000
RPXOMLLMKIOFFHH07CB,樂捷段,3.28,都市：住,100000,234,持分移轉,01870000
RPXOMLLMKIOFFHH07CB,樂捷段,6.53,都市：住,100000,234,持分移轉,01950000
RPPPMLLMKIOFFHH98CB,樂捷段,1.00,都市：住,100000,250,持分移轉,01810000
RPPPMLLMKIOFFHH98CB,樂捷段,3.51,都市：住,100000,250,持分移轉,01870000
RPPPMLLMKIOFFHH98CB,樂捷段,6.98,都市：住,100000,250,持分移轉,01950000
RPOPMLLMKIOFFHH88CB,樂捷段,1.00,都市：住,100000,250,持分移轉,01810000
RPOPMLLMKIOFFHH88CB,樂捷段,3.51,都市：住,100000,250,持分移轉,01870000
RPOPMLLMKIOFFHH88CB,樂捷段,6.98,都市：住,100000,250,持分移轉,01950000
RPOQMLLMKIOFFHH98CB,樂捷段,1.07,都市：住,100000,266,持分移轉,01810000
RPOQMLLMKIOFFHH98CB,樂捷段,3.73,都市：住,100000,266,持分移轉,01870000
RPOQMLLMKIOFFHH98CB,樂捷段,7.43,都市：住,100000,266,持分移轉,01950000
RPXPMLLMKIOFFHH17CB,樂捷段,1.07,都市：住,100000,266,持分移轉,01810000
RPXPMLLMKIOFFHH17CB,樂捷段,3.73,都市：住,100000,266,持分移轉,01870000
RPXPMLLMKIOFFHH17CB,樂捷段,7.43,都市：住,100000,266,持分移轉,01950000
RPQQMLLMKIOFFHH56CB,樂捷段,.97,都市：住,100000,243,持分移轉,01810000
RPQQMLLMKIOFFHH56CB,樂捷段,3.41,都市：住,100000,243,持分移轉,01870000
RPQQMLLMKIOFFHH56CB,樂捷段,6.78,都市：住,100000,243,持分移轉,01950000
RPPQMLLMKIOFFHH09CB,樂捷段,1.07,都市：住,100000,266,持分移轉,01810000
RPPQMLLMKIOFFHH09CB,樂捷段,3.73,都市：住,100000,266,持分移轉,01870000
RPPQMLLMKIOFFHH09CB,樂捷段,7.43,都市：住,100000,266,持分移轉,01950000
RPRQMLLMKIOFFHH66CB,樂捷段,.97,都市：住,100000,243,持分移轉,01810000
RPRQMLLMKIOFFHH66CB,樂捷段,3.41,都市：住,100000,243,持分移轉,01870000
RPRQMLLMKIOFFHH66CB,樂捷段,6.78,都市：住,100000,243,持分移轉,01950000
RPSQMLLMKIOFFHH76CB,樂捷段,.97,都市：住,100000,243,持分移轉,01810000
RPSQMLLMKIOFFHH76CB,樂捷段,3.41,都市：住,100000,243,持分移轉,01870000
RPSQMLLMKIOFFHH76CB,樂捷段,6.78,都市：住,100000,243,持分移轉,01950000
RPUQMLLMKIOFFHH96CB,樂捷段,.97,都市：住,100000,243,持分移轉,01810000
RPUQMLLMKIOFFHH96CB,樂捷段,3.41,都市：住,100000,243,持分移轉,01870000
RPUQMLLMKIOFFHH96CB,樂捷段,6.78,都市：住,100000,243,持分移轉,01950000
RPTQMLLMKIOFFHH86CB,樂捷段,.97,都市：住,100000,243,持分移轉,01810000
RPTQMLLMKIOFFHH86CB,樂捷段,3.41,都市：住,100000,243,持分移轉,01870000
RPTQMLLMKIOFFHH86CB,樂捷段,6.78,都市：住,100000,243,持分移轉,01950000
RPVQMLLMKIOFFHH07CB,樂捷段,.97,都市：住,100000,243,持分移轉,01810000
RPVQMLLMKIOFFHH07CB,樂捷段,3.41,都市：住,100000,243,持分移轉,01870000
RPVQMLLMKIOFFHH07CB,樂捷段,6.78,都市：住,100000,243,持分移轉,01950000
RPWQMLLMKIOFFHH17CB,樂捷段,.97,都市：住,100000,243,持分移轉,01810000
RPWQMLLMKIOFFHH17CB,樂捷段,3.41,都市：住,100000,243,持分移轉,01870000
RPWQMLLMKIOFFHH17CB,樂捷段,6.78,都市：住,100000,243,持分移轉,01950000
RPORMLLMKIOFFHH09CB,樂捷段,.97,都市：住,100000,243,持分移轉,01810000
RPORMLLMKIOFFHH09CB,樂捷段,3.41,都市：住,100000,243,持分移轉,01870000
RPORMLLMKIOFFHH09CB,樂捷段,6.78,都市：住,100000,243,持分移轉,01950000
RPXQMLLMKIOFFHH27CB,樂捷段,.94,都市：住,100000,234,持分移轉,01810000
RPXQMLLMKIOFFHH27CB,樂捷段,3.28,都市：住,100000,234,持分移轉,01870000
RPXQMLLMKIOFFHH27CB,樂捷段,6.53,都市：住,100000,234,持分移轉,01950000
RPWPMLLMKIOFFHH07CB,樂捷段,1.07,都市：住,100000,266,持分移轉,01810000
RPWPMLLMKIOFFHH07CB,樂捷段,3.73,都市：住,100000,266,持分移轉,01870000
RPWPMLLMKIOFFHH07CB,樂捷段,7.43,都市：住,100000,266,持分移轉,01950000
RPQPMLLMKIOFFHH09CB,樂捷段,1.00,都市：住,100000,250,持分移轉,01810000
RPQPMLLMKIOFFHH09CB,樂捷段,3.51,都市：住,100000,250,持分移轉,01870000
RPQPMLLMKIOFFHH09CB,樂捷段,6.98,都市：住,100000,250,持分移轉,01950000
RPSPMLLMKIOFFHH66CB,樂捷段,1.00,都市：住,100000,250,持分移轉,01810000
RPSPMLLMKIOFFHH66CB,樂捷段,3.51,都市：住,100000,250,持分移轉,01870000
RPSPMLLMKIOFFHH66CB,樂捷段,6.98,都市：住,100000,250,持分移轉,01950000
RPVPMLLMKIOFFHH96CB,樂捷段,1.07,非都市： ; 非都市編定：,100000,266,持分移轉,01810000
RPVPMLLMKIOFFHH96CB,樂捷段,3.73,非都市： ; 非都市編定：,100000,266,持分移轉,01870000
RPVPMLLMKIOFFHH96CB,樂捷段,7.43,非都市： ; 非都市編定：,100000,266,持分移轉,01950000
RPSTMLLMKIOFFDH66CB,大金山下段大金山下小段,11.60,都市：住,100000,467,持分移轉,00500000
RPUPMLLMKIOFFHH86CB,樂捷段,1.07,都市：住,100000,266,持分移轉,01810000
RPUPMLLMKIOFFHH86CB,樂捷段,3.73,都市：住,100000,266,持分移轉,01870000
RPUPMLLMKIOFFHH86CB,樂捷段,7.43,都市：住,100000,266,持分移轉,01950000
RPPRMLLMKIOFFHH56CB,樂捷段,.97,都市：住,100000,243,持分移轉,01810000
RPPRMLLMKIOFFHH56CB,樂捷段,3.41,都市：住,100000,243,持分移轉,01870000
RPRTMLLMKIOFFDH56CB,大金山下段大金山下小段,18.39,都市：住,100000,740,持分移轉,00500000
RPPRMLLMKIOFFHH56CB,樂捷段,6.78,都市：住,100000,243,持分移轉,01950000
RPQRMLLMKIOFFHH66CB,樂捷段,1.66,都市：住,100000,413,持分移轉,01810000
RPQRMLLMKIOFFHH66CB,樂捷段,5.80,都市：住,100000,413,持分移轉,01870000
RPQRMLLMKIOFFHH66CB,樂捷段,11.53,都市：住,100000,413,持分移轉,01950000
RPQTMLLMKIOFFDH09CB,大金山下段大金山下小段,22.46,都市：住,100000,904,持分移轉,00500000
RPSRMLLMKIOFFHH86CB,樂捷段,1.82,都市：住,100000,453,持分移轉,01810000
RPSRMLLMKIOFFHH86CB,樂捷段,6.36,都市：住,100000,453,持分移轉,01870000
RPSRMLLMKIOFFHH86CB,樂捷段,12.65,都市：住,100000,453,持分移轉,01950000
RPVRMLLMKIOFFHH17CB,樂捷段,1.00,都市：住,100000,250,持分移轉,01810000
RPVRMLLMKIOFFHH17CB,樂捷段,3.51,都市：住,100000,250,持分移轉,01870000
RPVRMLLMKIOFFHH17CB,樂捷段,6.98,都市：住,100000,250,持分移轉,01950000
RPURMLLMKIOFFHH07CB,樂捷段,1.00,都市：住,100000,250,持分移轉,01810000
RPURMLLMKIOFFHH07CB,樂捷段,3.51,都市：住,100000,250,持分移轉,01870000
RPURMLLMKIOFFHH07CB,樂捷段,6.98,都市：住,100000,250,持分移轉,01950000
RPOSMLLMKIOFFHH56CB,樂捷段,1.38,都市：住,100000,345,持分移轉,01810000
RPOSMLLMKIOFFHH56CB,樂捷段,4.84,都市：住,100000,345,持分移轉,01870000
RPOSMLLMKIOFFHH56CB,樂捷段,9.63,都市：住,100000,345,持分移轉,01950000
RPTRMLLMKIOFFHH96CB,樂捷段,.97,都市：住,100000,243,持分移轉,01810000
RPTRMLLMKIOFFHH96CB,樂捷段,3.41,都市：住,100000,243,持分移轉,01870000
RPTRMLLMKIOFFHH96CB,樂捷段,6.78,都市：住,100000,243,持分移轉,01950000
RPRRMLLMKIOFFHH76CB,樂捷段,1.02,都市：住,100000,255,持分移轉,01810000
RPRRMLLMKIOFFHH76CB,樂捷段,3.58,都市：住,100000,255,持分移轉,01870000
RPRRMLLMKIOFFHH76CB,樂捷段,7.12,都市：住,100000,255,持分移轉,01950000
RPXRMLLMKIOFFHH37CB,樂捷段,1.38,都市：住,100000,345,持分移轉,01810000
RPXRMLLMKIOFFHH37CB,樂捷段,4.84,都市：住,100000,345,持分移轉,01870000
RPXRMLLMKIOFFHH37CB,樂捷段,9.63,都市：住,100000,345,持分移轉,01950000
RPPSMLLMKIOFFHH66CB,樂捷段,.99,都市：住,100000,246,持分移轉,01810000
RPPSMLLMKIOFFHH66CB,樂捷段,3.45,都市：住,100000,246,持分移轉,01870000
RPPSMLLMKIOFFHH66CB,樂捷段,6.87,都市：住,100000,246,持分移轉,01950000
RPRSMLLMKIOFFHH86CB,樂捷段,1.52,都市：住,100000,379,持分移轉,01810000
RPRSMLLMKIOFFHH86CB,樂捷段,5.32,都市：住,100000,379,持分移轉,01870000
RPRSMLLMKIOFFHH86CB,樂捷段,10.58,都市：住,100000,379,持分移轉,01950000
RPXSMLLMKIOFFHH47CB,樂捷段,.99,都市：住,100000,246,持分移轉,01810000
RPXSMLLMKIOFFHH47CB,樂捷段,3.45,都市：住,100000,246,持分移轉,01870000
RPXSMLLMKIOFFHH47CB,樂捷段,6.87,都市：住,100000,246,持分移轉,01950000
RPSSMLLMKIOFFHH96CB,樂捷段,.99,都市：住,100000,246,持分移轉,01810000
RPSSMLLMKIOFFHH96CB,樂捷段,3.45,都市：住,100000,246,持分移轉,01870000
RPSSMLLMKIOFFHH96CB,樂捷段,6.87,都市：住,100000,246,持分移轉,01950000
RPVSMLLMKIOFFHH27CB,樂捷段,1.49,都市：住,100000,372,持分移轉,01810000
RPVSMLLMKIOFFHH27CB,樂捷段,5.22,都市：住,100000,372,持分移轉,01870000
RPVSMLLMKIOFFHH27CB,樂捷段,10.38,都市：住,100000,372,持分移轉,01950000
RPTSMLLMKIOFFHH07CB,樂捷段,.99,都市：住,100000,246,持分移轉,01810000
RPTSMLLMKIOFFHH07CB,樂捷段,3.45,都市：住,100000,246,持分移轉,01870000
RPTSMLLMKIOFFHH07CB,樂捷段,6.87,都市：住,100000,246,持分移轉,01950000
RPQSMLLMKIOFFHH76CB,樂捷段,.99,都市：住,100000,246,持分移轉,01810000
RPQSMLLMKIOFFHH76CB,樂捷段,3.45,都市：住,100000,246,持分移轉,01870000
RPQSMLLMKIOFFHH76CB,樂捷段,6.87,都市：住,100000,246,持分移轉,01950000
RPWSMLLMKIOFFHH37CB,樂捷段,1.52,都市：住,100000,379,持分移轉,01810000
RPWSMLLMKIOFFHH37CB,樂捷段,5.32,都市：住,100000,379,持分移轉,01870000
RPWSMLLMKIOFFHH37CB,樂捷段,10.58,都市：住,100000,379,持分移轉,01950000
RPUSMLLMKIOFFHH17CB,樂捷段,.99,都市：住,100000,246,持分移轉,01810000
RPUSMLLMKIOFFHH17CB,樂捷段,3.45,都市：住,100000,246,持分移轉,01870000
RPUSMLLMKIOFFHH17CB,樂捷段,6.87,都市：住,100000,246,持分移轉,01950000
RPOTMLLMKIOFFHH66CB,樂捷段,.99,都市：住,100000,246,持分移轉,01810000
RPOTMLLMKIOFFHH66CB,樂捷段,3.45,都市：住,100000,246,持分移轉,01870000
RPOTMLLMKIOFFHH66CB,樂捷段,6.87,都市：住,100000,246,持分移轉,01950000
RPPTMLLMKIOFFHH76CB,樂捷段,.99,都市：住,100000,246,持分移轉,01810000
RPPTMLLMKIOFFHH76CB,樂捷段,3.45,都市：住,100000,246,持分移轉,01870000
RPPTMLLMKIOFFHH76CB,樂捷段,6.87,都市：住,100000,246,持分移轉,01950000
RPQUMLLMKIOFFHH96CB,樂捷段,.99,都市：住,100000,246,持分移轉,01810000
RPQUMLLMKIOFFHH96CB,樂捷段,3.45,都市：住,100000,246,持分移轉,01870000
RPQUMLLMKIOFFHH96CB,樂捷段,6.87,都市：住,100000,246,持分移轉,01950000
RPUTMLLMKIOFFHH27CB,樂捷段,.99,都市：住,100000,246,持分移轉,01810000
RPUTMLLMKIOFFHH27CB,樂捷段,3.45,都市：住,100000,246,持分移轉,01870000
RPUTMLLMKIOFFHH27CB,樂捷段,6.87,都市：住,100000,246,持分移轉,01950000
RPPUMLLMKIOFFHH86CB,樂捷段,1.44,都市：住,100000,360,持分移轉,01810000
RPPUMLLMKIOFFHH86CB,樂捷段,5.05,都市：住,100000,360,持分移轉,01870000
RPPUMLLMKIOFFHH86CB,樂捷段,10.05,都市：住,100000,360,持分移轉,01950000
RPXTMLLMKIOFFHH57CB,樂捷段,.97,都市：住,100000,243,持分移轉,01810000
RPXTMLLMKIOFFHH57CB,樂捷段,3.41,都市：住,100000,243,持分移轉,01870000
RPXTMLLMKIOFFHH57CB,樂捷段,6.78,都市：住,100000,243,持分移轉,01950000
RPSTMLLMKIOFFHH07CB,樂捷段,.97,都市：住,100000,243,持分移轉,01810000
RPSTMLLMKIOFFHH07CB,樂捷段,3.41,都市：住,100000,243,持分移轉,01870000
RPSTMLLMKIOFFHH07CB,樂捷段,6.78,都市：住,100000,243,持分移轉,01950000
RPOUMLLMKIOFFHH76CB,樂捷段,1.44,都市：住,100000,360,持分移轉,01810000
RPOUMLLMKIOFFHH76CB,樂捷段,5.05,都市：住,100000,360,持分移轉,01870000
RPOUMLLMKIOFFHH76CB,樂捷段,10.05,都市：住,100000,360,持分移轉,01950000
RPVTMLLMKIOFFHH37CB,樂捷段,.99,都市：住,100000,246,持分移轉,01810000
RPVTMLLMKIOFFHH37CB,樂捷段,3.45,都市：住,100000,246,持分移轉,01870000
RPVTMLLMKIOFFHH37CB,樂捷段,6.87,都市：住,100000,246,持分移轉,01950000
RPRTMLLMKIOFFHH96CB,樂捷段,.99,都市：住,100000,246,持分移轉,01810000
RPRTMLLMKIOFFHH96CB,樂捷段,3.45,都市：住,100000,246,持分移轉,01870000
RPRTMLLMKIOFFHH96CB,樂捷段,6.87,都市：住,100000,246,持分移轉,01950000
RPWTMLLMKIOFFHH47CB,樂捷段,.99,都市：住,100000,246,持分移轉,01810000
RPWTMLLMKIOFFHH47CB,樂捷段,3.45,都市：住,100000,246,持分移轉,01870000
RPWTMLLMKIOFFHH47CB,樂捷段,6.87,都市：住,100000,246,持分移轉,01950000
RPQTMLLMKIOFFHH86CB,樂捷段,1.52,都市：住,100000,379,持分移轉,01810000
RPQTMLLMKIOFFHH86CB,樂捷段,5.32,都市：住,100000,379,持分移轉,01870000
RPQTMLLMKIOFFHH86CB,樂捷段,10.58,都市：住,100000,379,持分移轉,01950000
RPRUMLLMKIOFFHH07CB,樂捷段,1.44,都市：住,100000,360,持分移轉,01810000
RPRUMLLMKIOFFHH07CB,樂捷段,5.05,都市：住,100000,360,持分移轉,01870000
RPRUMLLMKIOFFHH07CB,樂捷段,10.05,都市：住,100000,360,持分移轉,01950000
RPUUMLLMKIOFFHH37CB,樂捷段,1.42,都市：住,100000,353,持分移轉,01810000
RPUUMLLMKIOFFHH37CB,樂捷段,4.95,都市：住,100000,353,持分移轉,01870000
RPUUMLLMKIOFFHH37CB,樂捷段,9.85,都市：住,100000,353,持分移轉,01950000
RPXUMLLMKIOFFHH67CB,樂捷段,.99,都市：住,100000,246,持分移轉,01810000
RPXUMLLMKIOFFHH67CB,樂捷段,3.45,都市：住,100000,246,持分移轉,01870000
RPXUMLLMKIOFFHH67CB,樂捷段,6.87,都市：住,100000,246,持分移轉,01950000
RPWUMLLMKIOFFHH57CB,樂捷段,.97,都市：住,100000,243,持分移轉,01810000
RPWUMLLMKIOFFHH57CB,樂捷段,3.41,都市：住,100000,243,持分移轉,01870000
RPWUMLLMKIOFFHH57CB,樂捷段,6.78,都市：住,100000,243,持分移轉,01950000
RPTUMLLMKIOFFHH27CB,樂捷段,1.42,非都市： ; 非都市編定：,100000,353,持分移轉,01810000
RPTUMLLMKIOFFHH27CB,樂捷段,4.95,非都市： ; 非都市編定：,100000,353,持分移轉,01870000
RPTUMLLMKIOFFHH27CB,樂捷段,9.85,非都市： ; 非都市編定：,100000,353,持分移轉,01950000
RPQVMLLMKIOFFHH07CB,樂捷段,.99,都市：住,100000,246,持分移轉,01810000
RPQVMLLMKIOFFHH07CB,樂捷段,3.45,都市：住,100000,246,持分移轉,01870000
RPQVMLLMKIOFFHH07CB,樂捷段,6.87,都市：住,100000,246,持分移轉,01950000
RPOVMLLMKIOFFHH86CB,樂捷段,.99,都市：住,100000,246,持分移轉,01810000
RPOVMLLMKIOFFHH86CB,樂捷段,3.45,都市：住,100000,246,持分移轉,01870000
RPOVMLLMKIOFFHH86CB,樂捷段,6.87,都市：住,100000,246,持分移轉,01950000
RPVUMLLMKIOFFHH47CB,樂捷段,1.42,都市：住,100000,353,持分移轉,01810000
RPVUMLLMKIOFFHH47CB,樂捷段,4.95,都市：住,100000,353,持分移轉,01870000
RPVUMLLMKIOFFHH47CB,樂捷段,9.85,都市：住,100000,353,持分移轉,01950000
RPPVMLLMKIOFFHH96CB,樂捷段,1.44,都市：住,100000,360,持分移轉,01810000
RPPVMLLMKIOFFHH96CB,樂捷段,5.05,都市：住,100000,360,持分移轉,01870000
RPPVMLLMKIOFFHH96CB,樂捷段,10.05,都市：住,100000,360,持分移轉,01950000
RPSUMLLMKIOFFHH17CB,樂捷段,1.42,都市：住,100000,353,持分移轉,01810000
RPSUMLLMKIOFFHH17CB,樂捷段,4.95,都市：住,100000,353,持分移轉,01870000
RPSUMLLMKIOFFHH17CB,樂捷段,9.85,都市：住,100000,353,持分移轉,01950000
RPRVMLLMKIOFFHH17CB,樂捷段,1.42,都市：住,100000,353,持分移轉,01810000
RPRVMLLMKIOFFHH17CB,樂捷段,4.95,都市：住,100000,353,持分移轉,01870000
RPRVMLLMKIOFFHH17CB,樂捷段,9.85,都市：住,100000,353,持分移轉,01950000
RPSVMLLMKIOFFHH27CB,樂捷段,.99,都市：住,100000,246,持分移轉,01810000
RPSVMLLMKIOFFHH27CB,樂捷段,3.45,都市：住,100000,246,持分移轉,01870000
RPSVMLLMKIOFFHH27CB,樂捷段,6.87,都市：住,100000,246,持分移轉,01950000
RPWVMLLMKIOFFHH67CB,樂捷段,.99,都市：住,100000,246,持分移轉,01810000
RPWVMLLMKIOFFHH67CB,樂捷段,3.45,都市：住,100000,246,持分移轉,01870000
RPWVMLLMKIOFFHH67CB,樂捷段,6.87,都市：住,100000,246,持分移轉,01950000
RPVVMLLMKIOFFHH57CB,樂捷段,.99,都市：住,100000,246,持分移轉,01810000
RPVVMLLMKIOFFHH57CB,樂捷段,3.45,都市：住,100000,246,持分移轉,01870000
RPVVMLLMKIOFFHH57CB,樂捷段,6.87,都市：住,100000,246,持分移轉,01950000
RPQWMLLMKIOFFHH17CB,樂捷段,.99,都市：住,100000,246,持分移轉,01810000
RPQWMLLMKIOFFHH17CB,樂捷段,3.45,都市：住,100000,246,持分移轉,01870000
RPQWMLLMKIOFFHH17CB,樂捷段,6.87,都市：住,100000,246,持分移轉,01950000
RPUVMLLMKIOFFHH47CB,樂捷段,.99,都市：住,100000,246,持分移轉,01810000
RPUVMLLMKIOFFHH47CB,樂捷段,3.45,都市：住,100000,246,持分移轉,01870000
RPUVMLLMKIOFFHH47CB,樂捷段,6.87,都市：住,100000,246,持分移轉,01950000
RPTVMLLMKIOFFHH37CB,樂捷段,1.42,都市：住,100000,353,持分移轉,01810000
RPTVMLLMKIOFFHH37CB,樂捷段,4.95,都市：住,100000,353,持分移轉,01870000
RPXVMLLMKIOFFHH77CB,樂捷段,1.44,都市：住,100000,360,持分移轉,01810000
RPTVMLLMKIOFFHH37CB,樂捷段,9.85,都市：住,100000,353,持分移轉,01950000
RPXVMLLMKIOFFHH77CB,樂捷段,5.05,都市：住,100000,360,持分移轉,01870000
RPXVMLLMKIOFFHH77CB,樂捷段,10.05,都市：住,100000,360,持分移轉,01950000
RPRWMLLMKIOFFHH27CB,樂捷段,.99,都市：住,100000,246,持分移轉,01810000
RPRWMLLMKIOFFHH27CB,樂捷段,3.45,都市：住,100000,246,持分移轉,01870000
RPRWMLLMKIOFFHH27CB,樂捷段,6.87,都市：住,100000,246,持分移轉,01950000
RPPWMLLMKIOFFHH07CB,樂捷段,.99,都市：住,100000,246,持分移轉,01810000
RPPWMLLMKIOFFHH07CB,樂捷段,3.45,都市：住,100000,246,持分移轉,01870000
RPPWMLLMKIOFFHH07CB,樂捷段,6.87,都市：住,100000,246,持分移轉,01950000
RPOWMLLMKIOFFHH96CB,樂捷段,.99,都市：住,100000,246,持分移轉,01810000
RPOWMLLMKIOFFHH96CB,樂捷段,3.45,都市：住,100000,246,持分移轉,01870000
RPOWMLLMKIOFFHH96CB,樂捷段,6.87,都市：住,100000,246,持分移轉,01950000
RPSNNLLMKIOFFHH56CB,樂捷段,.97,都市：住,100000,243,持分移轉,01810000
RPSNNLLMKIOFFHH56CB,樂捷段,3.41,都市：住,100000,243,持分移轉,01870000
RPSNNLLMKIOFFHH56CB,樂捷段,6.78,都市：住,100000,243,持分移轉,01950000
RPWWMLLMKIOFFHH77CB,樂捷段,.99,都市：住,100000,246,持分移轉,01810000
RPWWMLLMKIOFFHH77CB,樂捷段,3.45,都市：住,100000,246,持分移轉,01870000
RPWWMLLMKIOFFHH77CB,樂捷段,6.87,都市：住,100000,246,持分移轉,01950000
RPVWMLLMKIOFFHH67CB,樂捷段,1.44,都市：住,100000,359,持分移轉,01810000
RPVWMLLMKIOFFHH67CB,樂捷段,5.04,都市：住,100000,359,持分移轉,01870000
RPVWMLLMKIOFFHH67CB,樂捷段,10.02,都市：住,100000,359,持分移轉,01950000
RPRNNLLMKIOFFHH09CB,樂捷段,.99,都市：住,100000,246,持分移轉,01810000
RPRNNLLMKIOFFHH09CB,樂捷段,3.45,都市：住,100000,246,持分移轉,01870000
RPRNNLLMKIOFFHH09CB,樂捷段,6.87,都市：住,100000,246,持分移轉,01950000
RPONNLLMKIOFFHH78CB,樂捷段,1.44,都市：住,100000,359,持分移轉,01810000
RPONNLLMKIOFFHH78CB,樂捷段,5.04,都市：住,100000,359,持分移轉,01870000
RPONNLLMKIOFFHH78CB,樂捷段,10.02,都市：住,100000,359,持分移轉,01950000
RPXWMLLMKIOFFHH87CB,樂捷段,.99,非都市： ; 非都市編定：,100000,246,持分移轉,01810000
RPXWMLLMKIOFFHH87CB,樂捷段,3.45,非都市： ; 非都市編定：,100000,246,持分移轉,01870000
RPXWMLLMKIOFFHH87CB,樂捷段,6.87,非都市： ; 非都市編定：,100000,246,持分移轉,01950000
RPQNNLLMKIOFFHH98CB,樂捷段,.99,都市：住,100000,246,持分移轉,01810000
RPQNNLLMKIOFFHH98CB,樂捷段,3.45,都市：住,100000,246,持分移轉,01870000
RPQNNLLMKIOFFHH98CB,樂捷段,6.87,都市：住,100000,246,持分移轉,01950000
RPUWMLLMKIOFFHH57CB,樂捷段,.99,都市：住,100000,246,持分移轉,01810000
RPUWMLLMKIOFFHH57CB,樂捷段,3.45,都市：住,100000,246,持分移轉,01870000
RPUWMLLMKIOFFHH57CB,樂捷段,6.87,都市：住,100000,246,持分移轉,01950000
RPPNNLLMKIOFFHH88CB,樂捷段,1.44,都市：住,100000,359,持分移轉,01810000
RPPNNLLMKIOFFHH88CB,樂捷段,5.04,都市：住,100000,359,持分移轉,01870000
RPPNNLLMKIOFFHH88CB,樂捷段,10.02,都市：住,100000,359,持分移轉,01950000
RPTWMLLMKIOFFHH47CB,樂捷段,1.44,都市：住,100000,359,持分移轉,01810000
RPTWMLLMKIOFFHH47CB,樂捷段,5.04,都市：住,100000,359,持分移轉,01870000
RPTWMLLMKIOFFHH47CB,樂捷段,10.02,都市：住,100000,359,持分移轉,01950000
RPTNNLLMKIOFFHH66CB,樂捷段,.99,都市：住,100000,246,持分移轉,01810000
RPTNNLLMKIOFFHH66CB,樂捷段,3.45,都市：住,100000,246,持分移轉,01870000
RPTNNLLMKIOFFHH66CB,樂捷段,6.87,都市：住,100000,246,持分移轉,01950000
RPWNNLLMKIOFFHH96CB,樂捷段,.99,都市：住,100000,246,持分移轉,01810000
RPWNNLLMKIOFFHH96CB,樂捷段,3.45,都市：住,100000,246,持分移轉,01870000
RPWNNLLMKIOFFHH96CB,樂捷段,6.87,都市：住,100000,246,持分移轉,01950000
RPVNNLLMKIOFFHH86CB,樂捷段,1.42,都市：住,100000,353,持分移轉,01810000
RPVNNLLMKIOFFHH86CB,樂捷段,4.95,都市：住,100000,353,持分移轉,01870000
RPVNNLLMKIOFFHH86CB,樂捷段,9.85,都市：住,100000,353,持分移轉,01950000
RPQONLLMKIOFFHH09CB,樂捷段,1.42,都市：住,100000,353,持分移轉,01810000
RPQONLLMKIOFFHH09CB,樂捷段,4.95,都市：住,100000,353,持分移轉,01870000
RPQONLLMKIOFFHH09CB,樂捷段,9.85,都市：住,100000,353,持分移轉,01950000
RPUNNLLMKIOFFHH76CB,樂捷段,.99,都市：住,100000,246,持分移轉,01810000
RPUNNLLMKIOFFHH76CB,樂捷段,3.45,都市：住,100000,246,持分移轉,01870000
RPUNNLLMKIOFFHH76CB,樂捷段,6.87,都市：住,100000,246,持分移轉,01950000
RPTONLLMKIOFFHH76CB,樂捷段,.97,都市：住,100000,243,持分移轉,01810000
RPTONLLMKIOFFHH76CB,樂捷段,3.41,都市：住,100000,243,持分移轉,01870000
RPTONLLMKIOFFHH76CB,樂捷段,6.78,都市：住,100000,243,持分移轉,01950000
RPXNNLLMKIOFFHH07CB,樂捷段,.99,都市：住,100000,246,持分移轉,01810000
RPXNNLLMKIOFFHH07CB,樂捷段,3.45,都市：住,100000,246,持分移轉,01870000
RPXNNLLMKIOFFHH07CB,樂捷段,6.87,都市：住,100000,246,持分移轉,01950000
RPPONLLMKIOFFHH98CB,樂捷段,1.44,都市：住,100000,359,持分移轉,01810000
RPPONLLMKIOFFHH98CB,樂捷段,5.04,都市：住,100000,359,持分移轉,01870000
RPPONLLMKIOFFHH98CB,樂捷段,10.02,都市：住,100000,359,持分移轉,01950000
RPUONLLMKIOFFHH86CB,樂捷段,1.44,都市：住,100000,359,持分移轉,01810000
RPUONLLMKIOFFHH86CB,樂捷段,5.04,都市：住,100000,359,持分移轉,01870000
RPUONLLMKIOFFHH86CB,樂捷段,10.02,都市：住,100000,359,持分移轉,01950000
RPSONLLMKIOFFHH66CB,樂捷段,.99,都市：住,100000,246,持分移轉,01810000
RPSONLLMKIOFFHH66CB,樂捷段,3.45,都市：住,100000,246,持分移轉,01870000
RPSONLLMKIOFFHH66CB,樂捷段,6.87,都市：住,100000,246,持分移轉,01950000
RPRONLLMKIOFFHH56CB,樂捷段,1.44,都市：住,100000,359,持分移轉,01810000
RPRONLLMKIOFFHH56CB,樂捷段,5.04,都市：住,100000,359,持分移轉,01870000
RPRONLLMKIOFFHH56CB,樂捷段,10.02,都市：住,100000,359,持分移轉,01950000
RPVONLLMKIOFFHH96CB,樂捷段,1.44,都市：住,100000,359,持分移轉,01810000
RPVONLLMKIOFFHH96CB,樂捷段,5.04,都市：住,100000,359,持分移轉,01870000
RPVONLLMKIOFFHH96CB,樂捷段,10.02,都市：住,100000,359,持分移轉,01950000
RPPPNLLMKIOFFHH09CB,樂捷段,1.52,都市：住,100000,378,持分移轉,01810000
RPWONLLMKIOFFHH07CB,樂捷段,.99,都市：住,100000,246,持分移轉,01810000
RPPPNLLMKIOFFHH09CB,樂捷段,5.31,都市：住,100000,378,持分移轉,01870000
RPWONLLMKIOFFHH07CB,樂捷段,3.45,都市：住,100000,246,持分移轉,01870000
RPPPNLLMKIOFFHH09CB,樂捷段,10.55,都市：住,100000,378,持分移轉,01950000
RPWONLLMKIOFFHH07CB,樂捷段,6.87,都市：住,100000,246,持分移轉,01950000
RPVPNLLMKIOFFHH07CB,樂捷段,.99,都市：住,100000,246,持分移轉,01810000
RPVPNLLMKIOFFHH07CB,樂捷段,3.45,都市：住,100000,246,持分移轉,01870000
RPVPNLLMKIOFFHH07CB,樂捷段,6.87,都市：住,100000,246,持分移轉,01950000
RPQPNLLMKIOFFHH56CB,樂捷段,.99,都市：住,100000,246,持分移轉,01810000
RPQPNLLMKIOFFHH56CB,樂捷段,3.45,都市：住,100000,246,持分移轉,01870000
RPQPNLLMKIOFFHH56CB,樂捷段,6.87,都市：住,100000,246,持分移轉,01950000
RPXPNLLMKIOFFHH27CB,樂捷段,.99,都市：住,100000,246,持分移轉,01810000
RPXPNLLMKIOFFHH27CB,樂捷段,3.45,都市：住,100000,246,持分移轉,01870000
RPXPNLLMKIOFFHH27CB,樂捷段,6.87,都市：住,100000,246,持分移轉,01950000
RPPQNLLMKIOFFHH56CB,樂捷段,.99,都市：住,100000,246,持分移轉,01810000
RPPQNLLMKIOFFHH56CB,樂捷段,3.45,都市：住,100000,246,持分移轉,01870000
RPPQNLLMKIOFFHH56CB,樂捷段,6.87,都市：住,100000,246,持分移轉,01950000
RPSPNLLMKIOFFHH76CB,樂捷段,.99,都市：住,100000,246,持分移轉,01810000
RPSPNLLMKIOFFHH76CB,樂捷段,3.45,都市：住,100000,246,持分移轉,01870000
RPSPNLLMKIOFFHH76CB,樂捷段,6.87,都市：住,100000,246,持分移轉,01950000
RPRPNLLMKIOFFHH66CB,樂捷段,.97,都市：住,100000,243,持分移轉,01810000
RPRPNLLMKIOFFHH66CB,樂捷段,3.41,都市：住,100000,243,持分移轉,01870000
RPRPNLLMKIOFFHH66CB,樂捷段,6.78,都市：住,100000,243,持分移轉,01950000
RPOQNLLMKIOFFHH09CB,樂捷段,1.52,都市：住,100000,378,持分移轉,01810000
RPOQNLLMKIOFFHH09CB,樂捷段,5.31,都市：住,100000,378,持分移轉,01870000
RPOQNLLMKIOFFHH09CB,樂捷段,10.55,都市：住,100000,378,持分移轉,01950000
RPTPNLLMKIOFFHH86CB,樂捷段,1.52,都市：住,100000,378,持分移轉,01810000
RPTPNLLMKIOFFHH86CB,樂捷段,5.31,都市：住,100000,378,持分移轉,01870000
RPTPNLLMKIOFFHH86CB,樂捷段,10.55,都市：住,100000,378,持分移轉,01950000
RPWPNLLMKIOFFHH17CB,樂捷段,.99,都市：住,100000,246,持分移轉,01810000
RPWPNLLMKIOFFHH17CB,樂捷段,3.45,都市：住,100000,246,持分移轉,01870000
RPWPNLLMKIOFFHH17CB,樂捷段,6.87,都市：住,100000,246,持分移轉,01950000
RPUPNLLMKIOFFHH96CB,樂捷段,1.52,都市：住,100000,378,持分移轉,01810000
RPUPNLLMKIOFFHH96CB,樂捷段,5.31,都市：住,100000,378,持分移轉,01870000
RPUPNLLMKIOFFHH96CB,樂捷段,10.55,都市：住,100000,378,持分移轉,01950000
RPQQNLLMKIOFFHH66CB,樂捷段,.99,都市：住,100000,246,持分移轉,01810000
RPQQNLLMKIOFFHH66CB,樂捷段,3.45,都市：住,100000,246,持分移轉,01870000
RPQQNLLMKIOFFHH66CB,樂捷段,6.87,都市：住,100000,246,持分移轉,01950000
RPVQNLLMKIOFFHH17CB,樂捷段,.99,都市：住,100000,246,持分移轉,01810000
RPVQNLLMKIOFFHH17CB,樂捷段,3.45,都市：住,100000,246,持分移轉,01870000
RPVQNLLMKIOFFHH17CB,樂捷段,6.87,都市：住,100000,246,持分移轉,01950000
RPTQNLLMKIOFFHH96CB,樂捷段,1.49,都市：住,100000,372,持分移轉,01810000
RPTQNLLMKIOFFHH96CB,樂捷段,5.22,都市：住,100000,372,持分移轉,01870000
RPTQNLLMKIOFFHH96CB,樂捷段,10.38,都市：住,100000,372,持分移轉,01950000
RPWQNLLMKIOFFHH27CB,樂捷段,1.09,都市：住,100000,271,持分移轉,01810000
RPWQNLLMKIOFFHH27CB,樂捷段,3.80,都市：住,100000,271,持分移轉,01870000
RPWQNLLMKIOFFHH27CB,樂捷段,7.57,都市：住,100000,271,持分移轉,01950000
RPORNLLMKIOFFHH56CB,樂捷段,1.26,都市：住,100000,315,持分移轉,01810000
RPORNLLMKIOFFHH56CB,樂捷段,4.42,都市：住,100000,315,持分移轉,01870000
RPORNLLMKIOFFHH56CB,樂捷段,8.79,都市：住,100000,315,持分移轉,01950000
RPRQNLLMKIOFFHH76CB,樂捷段,.99,都市：住,100000,246,持分移轉,01810000
RPRQNLLMKIOFFHH76CB,樂捷段,3.45,都市：住,100000,246,持分移轉,01870000
RPRQNLLMKIOFFHH76CB,樂捷段,6.87,都市：住,100000,246,持分移轉,01950000
RPPRNLLMKIOFFHH66CB,樂捷段,1.42,都市：住,100000,354,持分移轉,01810000
RPPRNLLMKIOFFHH66CB,樂捷段,4.97,都市：住,100000,354,持分移轉,01870000
RPPRNLLMKIOFFHH66CB,樂捷段,9.88,都市：住,100000,354,持分移轉,01950000
RPQRNLLMKIOFFHH76CB,樂捷段,1.09,都市：住,100000,272,持分移轉,01810000
RPQRNLLMKIOFFHH76CB,樂捷段,3.82,都市：住,100000,272,持分移轉,01870000
RPQRNLLMKIOFFHH76CB,樂捷段,7.59,都市：住,100000,272,持分移轉,01950000
RPXQNLLMKIOFFHH37CB,樂捷段,1.42,都市：住,100000,354,持分移轉,01810000
RPXQNLLMKIOFFHH37CB,樂捷段,4.97,都市：住,100000,354,持分移轉,01870000
RPXQNLLMKIOFFHH37CB,樂捷段,9.88,都市：住,100000,354,持分移轉,01950000
RPUQNLLMKIOFFHH07CB,樂捷段,1.52,都市：住,100000,378,持分移轉,01810000
RPUQNLLMKIOFFHH07CB,樂捷段,5.31,都市：住,100000,378,持分移轉,01870000
RPUQNLLMKIOFFHH07CB,樂捷段,10.55,都市：住,100000,378,持分移轉,01950000
RPSQNLLMKIOFFHH86CB,樂捷段,1.52,都市：住,100000,378,持分移轉,01810000
RPSQNLLMKIOFFHH86CB,樂捷段,5.31,都市：住,100000,378,持分移轉,01870000
RPSQNLLMKIOFFHH86CB,樂捷段,10.55,都市：住,100000,378,持分移轉,01950000
RPRRNLLMKIOFFHH86CB,樂捷段,1.26,都市：住,100000,315,持分移轉,01810000
RPRRNLLMKIOFFHH86CB,樂捷段,4.42,都市：住,100000,315,持分移轉,01870000
RPRRNLLMKIOFFHH86CB,樂捷段,8.79,都市：住,100000,315,持分移轉,01950000
RPPSNLLMKIOFFHH76CB,樂捷段,1.09,都市：住,100000,271,持分移轉,01810000
RPPSNLLMKIOFFHH76CB,樂捷段,3.80,都市：住,100000,271,持分移轉,01870000
RPPSNLLMKIOFFHH76CB,樂捷段,7.57,都市：住,100000,271,持分移轉,01950000
RPOSNLLMKIOFFHH66CB,樂捷段,1.09,都市：住,100000,272,持分移轉,01810000
RPOSNLLMKIOFFHH66CB,樂捷段,3.82,都市：住,100000,272,持分移轉,01870000
RPOSNLLMKIOFFHH66CB,樂捷段,7.59,都市：住,100000,272,持分移轉,01950000
RPRSNLLMKIOFFHH96CB,樂捷段,1.09,都市：住,100000,271,持分移轉,01810000
RPRSNLLMKIOFFHH96CB,樂捷段,3.80,都市：住,100000,271,持分移轉,01870000
RPRSNLLMKIOFFHH96CB,樂捷段,7.57,都市：住,100000,271,持分移轉,01950000
RPVRNLLMKIOFFHH27CB,樂捷段,1.09,都市：住,100000,271,持分移轉,01810000
RPVRNLLMKIOFFHH27CB,樂捷段,3.80,都市：住,100000,271,持分移轉,01870000
RPVRNLLMKIOFFHH27CB,樂捷段,7.57,都市：住,100000,271,持分移轉,01950000
RPQSNLLMKIOFFHH86CB,樂捷段,1.09,都市：住,100000,271,持分移轉,01810000
RPQSNLLMKIOFFHH86CB,樂捷段,3.80,都市：住,100000,271,持分移轉,01870000
RPQSNLLMKIOFFHH86CB,樂捷段,7.57,都市：住,100000,271,持分移轉,01950000
RPWRNLLMKIOFFHH37CB,樂捷段,1.09,都市：住,100000,271,持分移轉,01810000
RPWRNLLMKIOFFHH37CB,樂捷段,3.80,都市：住,100000,271,持分移轉,01870000
RPWRNLLMKIOFFHH37CB,樂捷段,7.57,都市：住,100000,271,持分移轉,01950000
RPURNLLMKIOFFHH17CB,樂捷段,1.09,都市：住,100000,271,持分移轉,01810000
RPURNLLMKIOFFHH17CB,樂捷段,3.80,都市：住,100000,271,持分移轉,01870000
RPURNLLMKIOFFHH17CB,樂捷段,7.57,都市：住,100000,271,持分移轉,01950000
RPXRNLLMKIOFFHH47CB,樂捷段,1.26,都市：住,100000,315,持分移轉,01810000
RPXRNLLMKIOFFHH47CB,樂捷段,4.42,都市：住,100000,315,持分移轉,01870000
RPXRNLLMKIOFFHH47CB,樂捷段,8.79,都市：住,100000,315,持分移轉,01950000
RPTRNLLMKIOFFHH07CB,樂捷段,1.26,都市：住,100000,315,持分移轉,01810000
RPTRNLLMKIOFFHH07CB,樂捷段,4.42,都市：住,100000,315,持分移轉,01870000
RPTRNLLMKIOFFHH07CB,樂捷段,8.79,都市：住,100000,315,持分移轉,01950000
RPSRNLLMKIOFFHH96CB,樂捷段,1.42,都市：住,100000,354,持分移轉,01810000
RPSRNLLMKIOFFHH96CB,樂捷段,4.97,都市：住,100000,354,持分移轉,01870000
RPSRNLLMKIOFFHH96CB,樂捷段,9.88,都市：住,100000,354,持分移轉,01950000
RPVSNLLMKIOFFHH37CB,樂捷段,1.09,都市：住,100000,271,持分移轉,01810000
RPVSNLLMKIOFFHH37CB,樂捷段,3.80,都市：住,100000,271,持分移轉,01870000
RPVSNLLMKIOFFHH37CB,樂捷段,7.57,都市：住,100000,271,持分移轉,01950000
RPXSNLLMKIOFFHH57CB,樂捷段,1.09,都市：住,100000,271,持分移轉,01810000
RPXSNLLMKIOFFHH57CB,樂捷段,3.80,都市：住,100000,271,持分移轉,01870000
RPXSNLLMKIOFFHH57CB,樂捷段,7.57,都市：住,100000,271,持分移轉,01950000
RPSSNLLMKIOFFHH07CB,樂捷段,1.24,都市：住,100000,309,持分移轉,01810000
RPSSNLLMKIOFFHH07CB,樂捷段,4.34,都市：住,100000,309,持分移轉,01870000
RPSSNLLMKIOFFHH07CB,樂捷段,8.63,都市：住,100000,309,持分移轉,01950000
RPWSNLLMKIOFFHH47CB,樂捷段,1.09,都市：住,100000,271,持分移轉,01810000
RPWSNLLMKIOFFHH47CB,樂捷段,3.80,都市：住,100000,271,持分移轉,01870000
RPWSNLLMKIOFFHH47CB,樂捷段,7.57,都市：住,100000,271,持分移轉,01950000
RPTSNLLMKIOFFHH17CB,樂捷段,1.09,都市：住,100000,271,持分移轉,01810000
RPTSNLLMKIOFFHH17CB,樂捷段,3.80,都市：住,100000,271,持分移轉,01870000
RPTSNLLMKIOFFHH17CB,樂捷段,7.57,都市：住,100000,271,持分移轉,01950000
RPUSNLLMKIOFFHH27CB,樂捷段,1.09,都市：住,100000,272,持分移轉,01810000
RPUSNLLMKIOFFHH27CB,樂捷段,3.82,都市：住,100000,272,持分移轉,01870000
RPUSNLLMKIOFFHH27CB,樂捷段,7.59,都市：住,100000,272,持分移轉,01950000
RPVNMLPKJHPFFHH86CB,善捷段,8.30,都市：商,100000,352,持分移轉,00130000
RPOTNLLMKIOFFHH76CB,樂捷段,.99,都市：住,100000,246,持分移轉,01810000
RPOTNLLMKIOFFHH76CB,樂捷段,3.45,都市：住,100000,246,持分移轉,01870000
RPOTNLLMKIOFFHH76CB,樂捷段,6.87,都市：住,100000,246,持分移轉,01950000
RPPOMLPKJHPFFHH98CB,善捷段,8.30,都市：商,100000,352,持分移轉,00130000
RPXOMLQKJHPFFHH27CB,善捷段,8.30,都市：商,100000,352,持分移轉,00130000
RPOPMLQKJHPFFHH09CB,善捷段,8.30,都市：商,100000,352,持分移轉,00130000
RPPPMLQKJHPFFHH56CB,善捷段,8.30,都市：商,100000,352,持分移轉,00130000
RPUNMLRKJHPFFHH96CB,善捷段,7.59,都市：商,100000,322,持分移轉,00130000
RPSNMLPKJHPFFHH56CB,善捷段,8.11,都市：商,100000,344,持分移轉,00130000
RPTPMLQKJHPFFHH96CB,善捷段,8.30,都市：商,100000,352,持分移轉,00130000
RPSPMLQKJHPFFHH86CB,善捷段,8.30,都市：商,100000,352,持分移轉,00130000
RPPNMLSKJHPFFHH56CB,善捷段,7.71,都市：商,100000,327,持分移轉,00130000
RPTQMLRKJHPFFHH17CB,善捷段,8.30,都市：商,100000,352,持分移轉,00130000
RPRNMLSKJHPFFHH76CB,善捷段,7.71,都市：商,100000,327,持分移轉,00130000
RPSNMLSKJHPFFHH86CB,善捷段,7.71,都市：商,100000,327,持分移轉,00130000
RPUQMLRKJHPFFHH27CB,善捷段,8.30,都市：商,100000,352,持分移轉,00130000
RPTNMLSKJHPFFHH96CB,善捷段,7.71,都市：商,100000,327,持分移轉,00130000
RPQNMLSKJHPFFHH66CB,善捷段,7.71,都市：商,100000,327,持分移轉,00130000
RPPOMLRKJHPFFHH56CB,善捷段,7.71,都市：商,100000,327,持分移轉,00130000
RPVQMLRKJHPFFHH37CB,善捷段,7.71,都市：商,100000,327,持分移轉,00130000
RPSQMLRKJHPFFHH07CB,善捷段,8.30,都市：商,100000,352,持分移轉,00130000
RPXNMLSKJHPFFHH37CB,善捷段,7.71,都市：商,100000,327,持分移轉,00130000
RPOOMLSKJHPFFHH56CB,善捷段,7.71,都市：商,100000,327,持分移轉,00130000
RPVNMLSKJHPFFHH17CB,善捷段,7.71,都市：商,100000,327,持分移轉,00130000
RPPOMLSKJHPFFHH66CB,善捷段,7.71,都市：商,100000,327,持分移轉,00130000
RPQOMLSKJHPFFHH76CB,善捷段,7.71,都市：商,100000,327,持分移轉,00130000
RPUNMLSKJHPFFHH07CB,善捷段,7.71,都市：商,100000,327,持分移轉,00130000
RPSOMLSKJHPFFHH96CB,善捷段,7.71,都市：商,100000,327,持分移轉,00130000
RPWNMLSKJHPFFHH27CB,善捷段,7.71,都市：商,100000,327,持分移轉,00130000
RPROMLSKJHPFFHH86CB,善捷段,7.71,都市：商,100000,327,持分移轉,00130000
RPTOMLSKJHPFFHH07CB,善捷段,7.71,都市：商,100000,327,持分移轉,00130000
RPVOMLSKJHPFFHH27CB,善捷段,10.37,都市：商,100000,440,持分移轉,00130000
RPUOMLSKJHPFFHH17CB,善捷段,10.02,都市：商,100000,425,持分移轉,00130000
RPXOMLSKJHPFFHH47CB,善捷段,10.37,都市：商,100000,440,持分移轉,00130000
RPRPMLSKJHPFFHH96CB,善捷段,10.37,都市：商,100000,440,持分移轉,00130000
RPOPMLSKJHPFFHH66CB,善捷段,10.37,都市：商,100000,440,持分移轉,00130000
RPSPMLSKJHPFFHH07CB,善捷段,10.37,都市：商,100000,440,持分移轉,00130000
RPQPMLSKJHPFFHH86CB,善捷段,10.37,都市：商,100000,440,持分移轉,00130000
RPPPMLSKJHPFFHH76CB,善捷段,10.37,都市：商,100000,440,持分移轉,00130000
RPTPMLSKJHPFFHH17CB,善捷段,10.37,都市：商,100000,440,持分移轉,00130000
RPUPMLSKJHPFFHH27CB,善捷段,10.37,都市：商,100000,440,持分移轉,00130000
RPWPMLSKJHPFFHH47CB,善捷段,10.37,都市：商,100000,440,持分移轉,00130000
RPRQMLSKJHPFFHH07CB,善捷段,10.37,都市：商,100000,440,持分移轉,00130000
RPVPMLSKJHPFFHH37CB,善捷段,10.37,都市：商,100000,440,持分移轉,00130000
RPXPMLSKJHPFFHH57CB,善捷段,10.37,都市：商,100000,440,持分移轉,00130000
RPOQMLSKJHPFFHH76CB,善捷段,10.37,都市：商,100000,440,持分移轉,00130000
RPPQMLSKJHPFFHH86CB,善捷段,10.37,都市：商,100000,440,持分移轉,00130000
RPQQMLSKJHPFFHH96CB,善捷段,10.37,都市：商,100000,440,持分移轉,00130000
RPVQMLSKJHPFFHH47CB,善捷段,10.37,都市：商,100000,440,持分移轉,00130000
RPSQMLSKJHPFFHH17CB,善捷段,10.37,都市：商,100000,440,持分移轉,00130000
RPTQMLSKJHPFFHH27CB,善捷段,10.37,都市：商,100000,440,持分移轉,00130000
RPUQMLSKJHPFFHH37CB,善捷段,10.37,都市：商,100000,440,持分移轉,00130000
RPXQMLSKJHPFFHH67CB,善捷段,10.26,都市：商,100000,435,持分移轉,00130000
RPPRMLSKJHPFFHH96CB,善捷段,10.28,都市：商,100000,436,持分移轉,00130000
RPQRMLSKJHPFFHH07CB,善捷段,10.51,都市：商,100000,446,持分移轉,00130000
RPWQMLSKJHPFFHH57CB,善捷段,10.37,都市：商,100000,440,持分移轉,00130000
RPRRMLSKJHPFFHH17CB,善捷段,10.51,都市：商,100000,446,持分移轉,00130000
RPSRMLSKJHPFFHH27CB,善捷段,10.51,都市：商,100000,446,持分移轉,00130000
RPURMLSKJHPFFHH47CB,善捷段,10.51,都市：商,100000,446,持分移轉,00130000
RPORMLSKJHPFFHH86CB,善捷段,9.05,都市：商,100000,384,持分移轉,00130000
RPTRMLSKJHPFFHH37CB,善捷段,10.51,都市：商,100000,446,持分移轉,00130000
RPVRMLSKJHPFFHH57CB,善捷段,10.51,都市：商,100000,446,持分移轉,00130000
RPOSMLSKJHPFFHH96CB,善捷段,10.37,都市：商,100000,440,持分移轉,00130000
RPQNMLTKJHPFFHH76CB,善捷段,10.51,都市：商,100000,446,持分移轉,00130000
RPVNMLTKJHPFFHH27CB,善捷段,7.92,都市：商,100000,336,持分移轉,00130000
RPPNMLTKJHPFFHH66CB,善捷段,10.51,都市：商,100000,446,持分移轉,00130000
RPPSMLSKJHPFFHH07CB,善捷段,8.30,都市：商,100000,352,持分移轉,00130000
RPUNMLTKJHPFFHH17CB,善捷段,7.92,都市：商,100000,336,持分移轉,00130000
RPTNMLTKJHPFFHH07CB,善捷段,10.51,都市：商,100000,446,持分移轉,00130000
RPRNMLTKJHPFFHH86CB,善捷段,10.51,都市：商,100000,446,持分移轉,00130000
RPXRMLSKJHPFFHH77CB,善捷段,10.51,都市：商,100000,446,持分移轉,00130000
RPSNMLTKJHPFFHH96CB,善捷段,10.51,都市：商,100000,446,持分移轉,00130000
RPSOMLTKJHPFFHH07CB,善捷段,7.92,都市：商,100000,336,持分移轉,00130000
RPXNMLTKJHPFFHH47CB,善捷段,7.92,都市：商,100000,336,持分移轉,00130000
RPOOMLTKJHPFFHH66CB,善捷段,7.92,都市：商,100000,336,持分移轉,00130000
RPWNMLTKJHPFFHH37CB,善捷段,7.92,都市：商,100000,336,持分移轉,00130000
RPPOMLTKJHPFFHH76CB,善捷段,7.92,都市：商,100000,336,持分移轉,00130000
RPWQMLKLJHPFFHH86CB,善捷段,7.95,都市：商,100000,337,持分移轉,00130000
RPQOMLTKJHPFFHH86CB,善捷段,7.92,都市：商,100000,336,持分移轉,00130000
RPROMLTKJHPFFHH96CB,善捷段,7.92,都市：商,100000,336,持分移轉,00130000
RPVQMLKLJHPFFHH76CB,善捷段,7.95,都市：商,100000,337,持分移轉,00130000
RPXQMLKLJHPFFHH96CB,善捷段,7.95,都市：商,100000,337,持分移轉,00130000
RPQRMLKLJHPFFHH98CB,善捷段,7.95,都市：商,100000,337,持分移轉,00130000
RPSRMLKLJHPFFHH56CB,善捷段,7.95,都市：商,100000,337,持分移轉,00130000
RPPRMLKLJHPFFHH88CB,善捷段,7.95,都市：商,100000,337,持分移轉,00130000
RPTRMLKLJHPFFHH66CB,善捷段,7.95,都市：商,100000,337,持分移轉,00130000
RPURMLKLJHPFFHH76CB,善捷段,7.95,都市：商,100000,337,持分移轉,00130000
RPRRMLKLJHPFFHH09CB,善捷段,7.95,都市：商,100000,337,持分移轉,00130000
RPWRMLKLJHPFFHH96CB,善捷段,7.62,都市：商,100000,323,持分移轉,00130000
RPVRMLKLJHPFFHH86CB,善捷段,8.06,都市：商,100000,342,持分移轉,00130000
RPPPMLLLJHPFFHH78CB,善捷段,7.71,都市：商,100000,327,持分移轉,00130000
RPXRMLKLJHPFFHH07CB,善捷段,7.71,都市：商,100000,327,持分移轉,00130000
RPOPMLLLJHPFFHH68CB,善捷段,7.71,都市：商,100000,327,持分移轉,00130000
RPVPMLLLJHPFFHH76CB,善捷段,7.71,都市：商,100000,327,持分移轉,00130000
RPUPMLLLJHPFFHH66CB,善捷段,7.71,都市：商,100000,327,持分移轉,00130000
RPPQMLLLJHPFFHH88CB,善捷段,9.48,都市：商,100000,402,持分移轉,00130000
RPRPMLLLJHPFFHH98CB,善捷段,7.71,都市：商,100000,327,持分移轉,00130000
RPOQMLLLJHPFFHH78CB,善捷段,9.48,都市：商,100000,402,持分移轉,00130000
RPWPMLLLJHPFFHH86CB,善捷段,7.71,都市：商,100000,327,持分移轉,00130000
RPQQMLLLJHPFFHH98CB,善捷段,9.19,都市：商,100000,390,持分移轉,00130000
RPQPMLLLJHPFFHH88CB,善捷段,7.71,都市：商,100000,327,持分移轉,00130000
RPSQMLLLJHPFFHH56CB,善捷段,8.61,都市：商,100000,365,持分移轉,00130000
RPTQMLLLJHPFFHH66CB,善捷段,8.61,都市：商,100000,365,持分移轉,00130000
RPRQMLLLJHPFFHH09CB,善捷段,7.95,都市：商,100000,337,持分移轉,00130000
RPUQMLLLJHPFFHH76CB,善捷段,8.61,都市：商,100000,365,持分移轉,00130000
RPURMLLLJHPFFHH86CB,善捷段,8.30,都市：商,100000,352,持分移轉,00130000
RPWRMLLLJHPFFHH07CB,善捷段,8.61,都市：商,100000,365,持分移轉,00130000
RPOSMLLLJHPFFHH98CB,善捷段,8.61,都市：商,100000,365,持分移轉,00130000
RPSSMLLLJHPFFHH76CB,善捷段,8.11,都市：商,100000,344,持分移轉,00130000
RPXRMLLLJHPFFHH17CB,善捷段,8.61,都市：商,100000,365,持分移轉,00130000
RPPSMLLLJHPFFHH09CB,善捷段,8.61,都市：商,100000,365,持分移轉,00130000
RPWQMLLLJHPFFHH96CB,善捷段,8.61,都市：商,100000,365,持分移轉,00130000
RPUSMLLLJHPFFHH96CB,善捷段,8.20,都市：商,100000,348,持分移轉,00130000
RPOTMLLLJHPFFHH09CB,善捷段,8.20,都市：商,100000,348,持分移轉,00130000
RPRTMLLLJHPFFHH76CB,善捷段,8.20,都市：商,100000,348,持分移轉,00130000
RPQSMLLLJHPFFHH56CB,善捷段,8.61,都市：商,100000,365,持分移轉,00130000
RPRSMLLLJHPFFHH66CB,善捷段,9.22,都市：商,100000,391,持分移轉,00130000
RPQTMLLLJHPFFHH66CB,善捷段,8.20,都市：商,100000,348,持分移轉,00130000
RPVSMLLLJHPFFHH07CB,善捷段,8.20,都市：商,100000,348,持分移轉,00130000
RPXSMLLLJHPFFHH27CB,善捷段,8.20,都市：商,100000,348,持分移轉,00130000
RPUTMLLLJHPFFHH07CB,善捷段,9.88,都市：商,100000,419,持分移轉,00130000
RPRUMLLLJHPFFHH86CB,善捷段,10.07,都市：商,100000,427,持分移轉,00130000
RPTTMLLLJHPFFHH96CB,善捷段,8.11,都市：商,100000,344,持分移轉,00130000
RPSUMLLLJHPFFHH96CB,善捷段,10.07,都市：商,100000,427,持分移轉,00130000
RPPUMLLLJHPFFHH66CB,善捷段,9.97,都市：商,100000,423,持分移轉,00130000
RPTUMLLLJHPFFHH07CB,善捷段,10.07,都市：商,100000,427,持分移轉,00130000
RPSTMLLLJHPFFHH86CB,善捷段,8.20,都市：商,100000,348,持分移轉,00130000
RPUUMLLLJHPFFHH17CB,善捷段,10.07,都市：商,100000,427,持分移轉,00130000
RPVUMLLLJHPFFHH27CB,善捷段,10.07,都市：商,100000,427,持分移轉,00130000
RPWUMLLLJHPFFHH37CB,善捷段,9.57,都市：商,100000,406,持分移轉,00130000
RPXUMLLLJHPFFHH47CB,善捷段,7.95,都市：商,100000,337,持分移轉,00130000
RPQUMLLLJHPFFHH76CB,善捷段,10.07,都市：商,100000,427,持分移轉,00130000
RPRNMLMLJHPFFHH88CB,善捷段,7.95,都市：商,100000,337,持分移轉,00130000
RPWNMLMLJHPFFHH76CB,善捷段,7.95,都市：商,100000,337,持分移轉,00130000
RPSNMLMLJHPFFHH98CB,善捷段,7.95,都市：商,100000,337,持分移轉,00130000
RPUNMLMLJHPFFHH56CB,善捷段,7.95,都市：商,100000,337,持分移轉,00130000
RPTNMLMLJHPFFHH09CB,善捷段,7.95,都市：商,100000,337,持分移轉,00130000
RPPOMLMLJHPFFHH78CB,善捷段,9.71,都市：商,100000,412,持分移轉,00130000
RPOOMLMLJHPFFHH68CB,善捷段,7.95,都市：商,100000,337,持分移轉,00130000
RPXNMLMLJHPFFHH86CB,善捷段,7.95,都市：商,100000,337,持分移轉,00130000
RPQOMLMLJHPFFHH88CB,善捷段,9.90,都市：商,100000,420,持分移轉,00130000
RPVNMLMLJHPFFHH66CB,善捷段,7.95,都市：商,100000,337,持分移轉,00130000
RPTOMLMLJHPFFHH56CB,善捷段,9.90,都市：商,100000,420,持分移轉,00130000
RPUOMLMLJHPFFHH66CB,善捷段,9.90,都市：商,100000,420,持分移轉,00130000
RPVOMLMLJHPFFHH76CB,善捷段,9.90,都市：商,100000,420,持分移轉,00130000
RPQPMLMLJHPFFHH98CB,善捷段,7.59,都市：商,100000,322,持分移轉,00130000
RPXOMLMLJHPFFHH96CB,善捷段,9.29,都市：商,100000,394,持分移轉,00130000
RPROMLMLJHPFFHH98CB,善捷段,9.90,都市：商,100000,420,持分移轉,00130000
RPWOMLMLJHPFFHH86CB,善捷段,9.90,都市：商,100000,420,持分移轉,00130000
RPPPMLMLJHPFFHH88CB,善捷段,8.13,都市：商,100000,345,持分移轉,00130000
RPTPMLMLJHPFFHH66CB,善捷段,11.29,都市：商,100000,479,持分移轉,00130000
RPRPMLMLJHPFFHH09CB,善捷段,10.02,都市：商,100000,425,持分移轉,00130000
RPSOMLMLJHPFFHH09CB,善捷段,9.90,都市：商,100000,420,持分移轉,00130000
RPPNMLNLJHPFFHH78CB,善捷段,9.03,都市：商,100000,383,持分移轉,00130000
RPSPMLMLJHPFFHH56CB,善捷段,7.62,都市：商,100000,323,持分移轉,00130000
RPQNMLLMJHPFFHH78CB,善捷段,8.30,都市：商,100000,352,持分移轉,00130000
RPSNMLNJKHPFFDH58CB,長岡嶺段,38.14,都市：住,10000,162,持分移轉,04610000
RPTNMLNJKHPFFDH68CB,長岡嶺段,38.84,都市：住,10000,165,持分移轉,04610000
RPUPMLMLJHPFFHH76CB,善捷段,12.09,都市：商,100000,513,持分移轉,00130000
RPVPMLMLJHPFFHH86CB,善捷段,13.70,都市：商,100000,581,持分移轉,00130000
RPWNMLNJKHPFFDH98CB,長岡嶺段,38.84,都市：住,10000,165,持分移轉,04610000
RPUNMLNJKHPFFDH78CB,長岡嶺段,38.84,都市：住,10000,165,持分移轉,04610000
RPVNMLNJKHPFFDH88CB,長岡嶺段,38.84,都市：住,10000,165,持分移轉,04610000
RPQOMLNJKHPFFDH48CB,長岡嶺段,38.84,都市：住,10000,165,持分移轉,04610000
RPOOMLNJKHPFFDH28CB,長岡嶺段,38.84,都市：住,10000,165,持分移轉,04610000
RPPPMLNJKHPFFDH48CB,長岡嶺段,38.84,都市：住,10000,165,持分移轉,04610000
RPPOMLNJKHPFFDH38CB,長岡嶺段,38.84,都市：住,10000,165,持分移轉,04610000
RPWOMLNJKHPFFDH09CB,長岡嶺段,38.84,都市：住,10000,165,持分移轉,04610000
RPOPMLNJKHPFFDH38CB,長岡嶺段,38.84,都市：住,10000,165,持分移轉,04610000
RPQPMLNJKHPFFDH58CB,長岡嶺段,38.84,都市：住,10000,165,持分移轉,04610000
RPVPMLNJKHPFFDH09CB,長岡嶺段,21.42,都市：住,10000,91,持分移轉,04610000
RPOQMLNJKHPFFDH48CB,長岡嶺段,21.42,都市：住,10000,91,持分移轉,04610000
RPWPMLNJKHPFFDH56CB,長岡嶺段,21.42,都市：住,10000,91,持分移轉,04610000
RPSQMLNJKHPFFDH88CB,長岡嶺段,21.42,都市：住,10000,91,持分移轉,04610000
RPPQMLNJKHPFFDH58CB,長岡嶺段,21.42,都市：住,10000,91,持分移轉,04610000
RPQQMLNJKHPFFDH68CB,長岡嶺段,21.42,都市：住,10000,91,持分移轉,04610000
RPVQMLNJKHPFFDH56CB,長岡嶺段,21.42,都市：住,10000,91,持分移轉,04610000
RPTQMLNJKHPFFDH98CB,長岡嶺段,21.42,都市：住,10000,91,持分移轉,04610000
RPWQMLNJKHPFFDH66CB,長岡嶺段,21.42,都市：住,10000,91,持分移轉,04610000
RPRQMLNJKHPFFDH78CB,長岡嶺段,21.42,都市：住,10000,91,持分移轉,04610000
RPUQMLNJKHPFFDH09CB,長岡嶺段,21.42,都市：住,10000,91,持分移轉,04610000
RPORMLNJKHPFFDH58CB,長岡嶺段,21.42,都市：住,10000,91,持分移轉,04610000
RPXQMLNJKHPFFDH76CB,長岡嶺段,21.42,都市：住,10000,91,持分移轉,04610000
RPQRMLNJKHPFFDH78CB,長岡嶺段,21.42,都市：住,10000,91,持分移轉,04610000
RPRRMLNJKHPFFDH88CB,長岡嶺段,21.42,都市：住,10000,91,持分移轉,04610000
RPTRMLNJKHPFFDH09CB,長岡嶺段,21.42,都市：住,10000,91,持分移轉,04610000
RPURMLNJKHPFFDH56CB,長岡嶺段,21.42,都市：住,10000,91,持分移轉,04610000
RPPRMLNJKHPFFDH68CB,長岡嶺段,21.42,都市：住,10000,91,持分移轉,04610000
RPVRMLNJKHPFFDH66CB,長岡嶺段,21.42,都市：住,10000,91,持分移轉,04610000
RPWRMLNJKHPFFDH76CB,長岡嶺段,21.42,都市：住,10000,91,持分移轉,04610000
RPSRMLNJKHPFFDH98CB,長岡嶺段,21.42,都市：住,10000,91,持分移轉,04610000
RPOSMLNJKHPFFDH68CB,長岡嶺段,21.42,都市：住,10000,91,持分移轉,04610000
RPXRMLNJKHPFFDH86CB,長岡嶺段,21.42,都市：住,10000,91,持分移轉,04610000
RPQSMLNJKHPFFDH88CB,長岡嶺段,21.42,都市：住,10000,91,持分移轉,04610000
RPPSMLNJKHPFFDH78CB,長岡嶺段,21.42,都市：住,10000,91,持分移轉,04610000
RPSSMLNJKHPFFDH09CB,長岡嶺段,27.78,都市：住,10000,118,持分移轉,04610000
RPRSMLNJKHPFFDH98CB,長岡嶺段,27.78,都市：住,10000,118,持分移轉,04610000
RPUSMLNJKHPFFDH66CB,長岡嶺段,27.78,都市：住,10000,118,持分移轉,04610000
RPTSMLNJKHPFFDH56CB,長岡嶺段,27.78,都市：住,10000,118,持分移轉,04610000
RPVSMLNJKHPFFDH76CB,長岡嶺段,27.78,都市：住,10000,118,持分移轉,04610000
RPXSMLNJKHPFFDH96CB,長岡嶺段,27.78,都市：住,10000,118,持分移轉,04610000
RPOTMLNJKHPFFDH78CB,長岡嶺段,27.78,都市：住,10000,118,持分移轉,04610000
RPWSMLNJKHPFFDH86CB,長岡嶺段,27.78,都市：住,10000,118,持分移轉,04610000
RPQTMLNJKHPFFDH98CB,長岡嶺段,27.78,都市：住,10000,118,持分移轉,04610000
RPPTMLNJKHPFFDH88CB,長岡嶺段,27.78,都市：住,10000,118,持分移轉,04610000
RPTTMLNJKHPFFDH66CB,長岡嶺段,27.78,都市：住,10000,118,持分移轉,04610000
RPSTMLNJKHPFFDH56CB,長岡嶺段,27.78,都市：住,10000,118,持分移轉,04610000
RPOUMLNJKHPFFDH88CB,長岡嶺段,23.31,都市：住,10000,99,持分移轉,04610000
RPSOMLKKKHPFFDH48CB,長岡嶺段,23.31,都市：住,10000,99,持分移轉,04610000
RPUTMLNJKHPFFDH76CB,長岡嶺段,27.78,都市：住,10000,118,持分移轉,04610000
RPXTMLNJKHPFFDH07CB,長岡嶺段,23.31,都市：住,10000,99,持分移轉,04610000
RPROMLKKKHPFFDH38CB,長岡嶺段,38.84,都市：住,10000,165,持分移轉,04610000
RPWTMLNJKHPFFDH96CB,長岡嶺段,23.31,都市：住,10000,99,持分移轉,04610000
RPVTMLNJKHPFFDH86CB,長岡嶺段,21.42,都市：住,10000,91,持分移轉,04610000
RPTOMLKKKHPFFDH58CB,長岡嶺段,23.31,都市：住,10000,99,持分移轉,04610000
RPUOMLKKKHPFFDH68CB,長岡嶺段,23.31,都市：住,10000,99,持分移轉,04610000
RPVOMLKKKHPFFDH78CB,長岡嶺段,23.31,都市：住,10000,99,持分移轉,04610000
RPXOMLKKKHPFFDH98CB,長岡嶺段,23.31,都市：住,10000,99,持分移轉,04610000
RPWOMLKKKHPFFDH88CB,長岡嶺段,23.31,都市：住,10000,99,持分移轉,04610000
RPQPMLKKKHPFFDH38CB,長岡嶺段,23.31,都市：住,10000,99,持分移轉,04610000
RPRPMLKKKHPFFDH48CB,長岡嶺段,23.31,都市：住,10000,99,持分移轉,04610000
RPTPMLKKKHPFFDH68CB,長岡嶺段,23.31,都市：住,10000,99,持分移轉,04610000
RPUPMLKKKHPFFDH78CB,長岡嶺段,20.72,都市：住,10000,88,持分移轉,04610000
RPVPMLKKKHPFFDH88CB,長岡嶺段,20.72,都市：住,10000,88,持分移轉,04610000
RPWPMLKKKHPFFDH98CB,長岡嶺段,20.72,都市：住,10000,88,持分移轉,04610000
RPRQMLKKKHPFFDH58CB,長岡嶺段,20.72,都市：住,10000,88,持分移轉,04610000
RPWQMLKKKHPFFDH09CB,長岡嶺段,20.72,都市：住,10000,88,持分移轉,04610000
RPSQMLKKKHPFFDH68CB,長岡嶺段,20.72,都市：住,10000,88,持分移轉,04610000
RPPQMLKKKHPFFDH38CB,長岡嶺段,20.72,都市：住,10000,88,持分移轉,04610000
RPUQMLKKKHPFFDH88CB,長岡嶺段,20.72,都市：住,10000,88,持分移轉,04610000
RPXQMLKKKHPFFDH56CB,長岡嶺段,27.54,都市：住,10000,117,持分移轉,04610000
RPVQMLKKKHPFFDH98CB,長岡嶺段,20.72,都市：住,10000,88,持分移轉,04610000
RPQRMLKKKHPFFDH58CB,長岡嶺段,28.25,都市：住,10000,120,持分移轉,04610000
RPPRMLKKKHPFFDH48CB,長岡嶺段,28.25,都市：住,10000,120,持分移轉,04610000
RPQQMLKKKHPFFDH48CB,長岡嶺段,20.72,都市：住,10000,88,持分移轉,04610000
RPSRMLKKKHPFFDH78CB,長岡嶺段,28.25,都市：住,10000,120,持分移轉,04610000
RPOQMLKKKHPFFDH28CB,長岡嶺段,20.72,都市：住,10000,88,持分移轉,04610000
RPURMLKKKHPFFDH98CB,長岡嶺段,28.25,都市：住,10000,120,持分移轉,04610000
RPWRMLKKKHPFFDH56CB,長岡嶺段,28.25,都市：住,10000,120,持分移轉,04610000
RPTRMLKKKHPFFDH88CB,長岡嶺段,28.25,都市：住,10000,120,持分移轉,04610000
RPXPMLKKKHPFFDH09CB,長岡嶺段,20.72,都市：住,10000,88,持分移轉,04610000
RPQSMLKKKHPFFDH68CB,長岡嶺段,28.25,都市：住,10000,120,持分移轉,04610000
RPXRMLKKKHPFFDH66CB,長岡嶺段,28.25,都市：住,10000,120,持分移轉,04610000
RPRSMLKKKHPFFDH78CB,長岡嶺段,28.25,都市：住,10000,120,持分移轉,04610000
RPRRMLKKKHPFFDH68CB,長岡嶺段,28.25,都市：住,10000,120,持分移轉,04610000
RPSSMLKKKHPFFDH88CB,長岡嶺段,28.25,都市：住,10000,120,持分移轉,04610000
RPOSMLKKKHPFFDH48CB,長岡嶺段,28.25,都市：住,10000,120,持分移轉,04610000
