﻿鄉鎮市區,交易標的,土地位置建物門牌,土地面積平方公尺,都市土地使用分區,非都市土地使用分區,非都市土地使用編定,租賃年月日,租賃筆棟數,租賃層次,總樓層數,建物型態,主要用途,主要建材,建築完成年月,建物總面積平方公尺,建物現況格局-房,建物現況格局-廳,建物現況格局-衛,建物現況格局-隔間,有無管理組織,有無附傢俱,總額元,單價元平方公尺,車位類別,車位面積平方公尺,車位總額元,備註,編號
The villages and towns urban district,transaction sign,land sector position building sector house number plate,land shifting total area square meter,the use zoning or compiles and checks,the non-metropolis land use district,non-metropolis land use,transaction year month and day,transaction pen number,shifting level,total floor number,building state,main use,main building materials,construction to complete the years,building shifting total area,Building present situation pattern - room,building present situation pattern - hall,building present situation pattern - health,building present situation pattern - compartmented,Whether there is manages the organization,Whether there is attaches the furniture,total price NTD,the unit price (NTD / square meter),the berth category,berth shifting total area square meter,the berth total price NTD,the note,serial number
頭份市,房地(土地+建物),苗栗縣頭份市東庄里22鄰中興路163號,103.56,住,,,1081108,土地1建物1車位0,全,4,透天厝,見其他登記事項,鋼筋混凝土造,1041120,241.48,4,2,5,有,無,無,28500,118,,0.0,0,,RPXNMLSKJIOFFFK57CC
苗栗市,房地(土地+建物)+車位,苗栗縣苗栗市福麗里莊敬街147號51號,30.25,住,,,1081212,土地1建物1車位1000,,,套房(1房1廳1衛),,,,30.25,1,0,1,有,無,無,9800,414,一樓平面,9.0,0,,RPRNMLRKKIOFFBK56CC
頭份市,土地,公園段11地號,1085.73,商,,,1081215,土地2建物0車位0,,,其他,,,,0.0,0,0,0,有,無,無,105098,97,,0.0,0,,RPXNMLRJJHPFFFK37CC
