﻿編號,土地位置,土地移轉面積(平方公尺),使用分區或編定,權利人持分分母,權利人持分分子,移轉情形,地號
The serial number, land position,land shifting area square meter,the use zoning or compiles and checks,,,,land parcel
RPXNMLSKJIOFFFK57CC,仁愛段,103.56,都市：住,,,,00060000
RPXNMLRJJHPFFFK37CC,公園段,240.56,都市：商,,,,00100000
RPXNMLRJJHPFFFK37CC,公園段,845.17,都市：商,,,,00110000
RPRNMLRKKIOFFBK56CC,苗栗段,30.25,都市：住,,,,14100000
