﻿編號,屋齡,建物移轉面積平方公尺,主要用途,主要建材,建築完成日期,總層數,建物分層
The serial number,room age,building shifting area square meter,the main use,main building materials,construction completes the date,total layer,building lamination
RPUNMLTKJIOFFAM86CA,39,92.56,住商用,鋼筋混凝土加強磚造,69年8月1日,二層,一層 二層
RPSNMLMKJIOFFBM68CA,53,46.29,住家用,鋼筋混凝土加強磚造,55年6月27日,二層,一層 二層 騎樓
RPPNMLNKJIOFFCM58CA,39,63.36,住家用,鋼筋混凝土加強磚造,69年6月25日,一層,一層
RPPNMLNJKIOFFCM58CA,29,134.70,住家用,鋼筋混凝土造,79年6月8日,三層,一層 二層 三層
RPPNMLTKJIOFFCM56CA,3,230.73,住家用,鋼筋混凝土造,106年1月12日,四層,一層 二層 三層 四層 陽台 雨遮
RPRNMLNJKIOFFCM78CA,24,30.37,集合住宅,鋼筋混凝土造,85年2月9日,十五層,五層 陽台
RPRNMLNJKIOFFCM78CA,24,9.37,走道、機械房、門廳、騎樓、防空避難室兼停車場、梯間,鋼筋混凝土造,85年2月9日,十五層,
RPPNMLNKJIOFFEM78CA,25,139.95,住家用,鋼筋混凝土造,84年4月7日,三層,一層 二層 三層 屋頂突出物
RPQNMLTKJIOFFDM76CA,,313.08,住家用,鋼筋混凝土造,108年5月16日,四層,一層 二層 三層 四層 陽台
RPTNMLOJKIOFFAM88CA,17,82.79,住家用,鋼筋混凝土造,91年5月15日,四層,一層 陽台
RPTNMLOJKIOFFAM88CA,17,7.73,集合住宅公共梯間,鋼筋混凝土造,91年5月15日,四層,
RPUNMLTLJIOFFDM27CA,3,169.64,住家用,鋼筋混凝土造,106年1月23日,四層,一層 二層 三層 四層 陽台
RPQNMLNJKIOFFCM68CA,24,156.04,住家用,鋼筋混凝土造,84年12月30日,四層,一層 二層 三層 四層 陽台 平台 花台
RPUNMLQLJIOFFCM86CA,1,145.53,集合住宅、梯間,鋼筋混凝土造,108年3月19日,三層,一層 二層 三層
RPXNMLQLJIOFFBM07CA,,180.37,住宅、樓梯間,鋼筋混凝土造,108年8月5日,三層,一層 二層 三層 陽台 見其他登記事項
RPQNMLNJKIOFFAM48CA,42,176.16,住商用,鋼筋混凝土加強磚造,66年5月12日,四層,一層 二層 三層 四層 騎樓
RPRNMLOKJIOFFAM68CA,24,213.09,住家用,鋼筋混凝土造,84年6月16日,四層,一層 二層 三層 四層 屋頂突出物
RPSNMLOKJIOFFAM78CA,13,192.13,住家用,鋼筋混凝土造,95年6月19日,三層,一層 二層 三層 陽台 屋頂突出物
RPSNMLOKJIOFFAM78CA,13,5.83,住家用,鋼筋混凝土造,95年6月19日,,
RPPNMLPKJIOFFAM58CA,4,.32,集合住宅,鋼筋混凝土造,104年11月20日,一層,一層
RPPNMLPKJIOFFAM58CA,4,221.74,集合住宅、梯間,鋼筋混凝土造,104年11月20日,三層,一層 二層 三層 陽台 雨遮 見其他登記事項 見其他登記事項
RPQOMLNKJIOFFAM68DA,,52.40,集合住宅,鋼筋混凝土造,108年6月3日,五層,二層 陽台
RPQOMLNKJIOFFAM68DA,,15.39,集合住宅（附屬停車場）,鋼筋混凝土造,108年6月3日,五層,
RPQOMLNKJIOFFAM68DA,,36.55,樓梯間、水箱間、電梯機房、機房,鋼筋混凝土造,108年6月3日,五層,
RPQNMLOKJIOFFAM68DA,44,321.65,店舖、住宅、倉庫,鋼筋混凝土加強磚造,64年9月1日,三層,一層 二層 三層
RPSNMLTKJIOFFAM66CA,2,167.16,集合住宅,鋼筋混凝土造,106年5月19日,三層,一層 二層 三層 陽台
RPTOMLPLJIOFFAM56CA,39,96.00,住家用,鋼筋混凝土加強磚造,69年12月13日,二層,一層 二層 騎樓
RPQNMLQKKIOFFCM09CA,26,94.97,集合住宅,鋼筋混凝土造,82年7月24日,七層,六層 陽台
RPQNMLQKKIOFFCM09CA,26,14.18,梯間、突出物、門廳、車道、避難室、停車場、騎樓等公共設施,鋼筋混凝土造,82年7月24日,,
RPXNMLOJKIOFFAM66CA,31,175.53,住商用,鋼筋混凝土造,77年9月24日,三層,一層 二層 三層 屋頂突出物 騎樓
RPPNMLPKJIOFFCM78CA,45,75.60,住家用,鋼筋混凝土加強磚造,63年8月19日,二層,一層 二層
RPSNMLNJKIOFFCM88CA,24,30.04,集合住宅,鋼筋混凝土造,85年2月9日,十五層,十三層 陽台
RPSNMLNJKIOFFCM88CA,24,9.66,走道、機械房、門廳、騎樓、防空避難室兼停車場、梯間,鋼筋混凝土造,85年2月9日,十五層,
RPSNMLNJKIOFFCM88CA,24,30.04,集合住宅,鋼筋混凝土造,85年2月9日,十五層,十三層 陽台
RPSNMLNJKIOFFCM88CA,24,9.66,走道、機械房、門廳、騎樓、防空避難室兼停車場、梯間,鋼筋混凝土造,85年2月9日,十五層,
RPRNMLKLJIOFFDM68CA,32,139.37,農舍,鋼筋混凝土加強磚造,77年3月10日,二層,一層 二層
RPSNMLPKJIOFFDM56CA,19,76.99,住家用,鋼筋混凝土造,90年3月19日,二層,一層 二層 陽台 騎樓
RPQNMLLLJIOFFBM48CA,25,175.64,住家用,鋼筋混凝土造,83年12月16日,五層,一層 二層 三層 四層 五層 陽台
RPUNMLTKJIOFFCM07CA,39,73.98,住商用,ＲＣ加強磚造、加強磚木造,70年1月16日,二層,一層 二層
RPSNMLLLJIOFFBM68CA,1,183.64,住宅、停車空間,鋼筋混凝土造,107年8月22日,四層,一層 二層 三層 四層 陽台
RPSNMLLLJIOFFBM68CA,1,.15,電信室,鋼筋混凝土造,107年8月22日,一層,
RPPNMLKLJIOFFCM38CA,30,222.05,農舍,加強磚造,78年9月27日,二層,一層 二層 騎樓
RPPNMLSKJIOFFBM98CA,1,156.15,住家用,鋼筋混凝土造,107年12月18日,三層,一層 二層 三層 陽台
RPSNMLTKJIOFFBM76CA,24,332.66,住商用,鋼筋混凝土造,84年6月1日,四層,一層 二層 三層 四層 陽台
RPRNMLKLJIOFFAM38CA,24,118.75,住家用,鋼筋混凝土造,85年2月7日,八層,一層 二層 陽台 平台 騎樓 花台
RPRNMLKLJIOFFAM38CA,24,21.66,住家用,鋼筋混凝土造,85年2月7日,八層,
RPWNMLPKJIOFFAM66CA,26,79.80,住家用,鋼筋混凝土造,82年11月10日,十四層,六層 陽台
RPWNMLPKJIOFFAM66CA,26,17.15,梯間、水塔、機械室,鋼筋混凝土造,82年11月10日,十四層,
RPWNMLPKJIOFFAM66CA,26,8.47,避難室、開放空間、停車空間,鋼筋混凝土造,82年11月10日,十四層,
RPRNMLPKJIOFFAM78CA,18,68.81,住家用,鋼筋混凝土造,90年11月28日,十層,六層 陽台
RPRNMLPKJIOFFAM78CA,18,47.51,共有部份,鋼筋混凝土造,90年11月28日,十層,
RPRNMLTKJIOFFAM56CA,38,83.02,住商用,鋼筋混凝土加強磚造,70年7月6日,二層,一層 二層 騎樓
RPWNMLKLJIOFFAM88CA,39,148.95,住商用,鋼筋混凝土加強磚造,70年2月3日,三層,一層 二層 三層 騎樓
RPOOMLPLJIOFFAM68CA,12,226.32,停車空間、住宅,鋼筋混凝土造,97年1月31日,四層,一層 二層 三層 四層 陽台
RPVNMLQLJIOFFBM86CA,,227.02,人行道、住宅、電梯間、樓梯間,鋼筋混凝土造,108年4月22日,三層,一層 二層 三層 陽台 騎樓 見其他登記事項
RPQNMLSKJIOFFDM66CA,25,184.36,住家用,鋼筋混凝土造,83年7月29日,三層,一層 二層 三層 陽台 平台 水箱 電梯樓梯間
RPRNMLTKJIOFFDM86CA,24,26.17,集合住宅,鋼筋混凝土造,85年3月9日,五層,五層 陽台
RPQNMLTKJIOFFEM86CA,24,147.09,住家用,鋼筋混凝土造,85年4月15日,三層,一層 二層 三層
RPPNMLRLJIOFFEM66CA,16,154.99,住家用,鋼筋混凝土造,92年5月23日,四層,一層 二層 三層 四層 陽台
RPQNMLTKJIOFFCM66CA,25,112.87,農舍,加強磚造,84年3月7日,二層,一層 二層 雨遮
RPVNMLQLJIOFFCM96CA,5,209.70,住家用,鋼筋混凝土造,104年4月9日,四層,一層 二層 三層 四層 陽台
RPPNMLTKJIOFFBM09CA,,159.97,住家用,鋼筋混凝土造,108年6月10日,四層,一層 二層 三層 四層 陽台
RPPNMLTJKIOFFDM66CA,43,24.84,住家用,鋼筋混凝土加強磚造,65年4月28日,二層,一層 二層 騎樓
RPPOMLQJKIOFFAM78CA,3,337.43,集合住宅﹝附屬停車空間﹞、梯間、機械室、水箱,鋼筋混凝土造,106年1月25日,五層,一層 二層 三層 四層 五層 陽台 屋頂突出物 雨遮 地下一層 見其他登記事項
RPPOMLQJKIOFFAM78CA,3,50.32,防空避難室兼停車空間﹝附屬停車空間、管委會空間﹞、梯間、機械室、水箱,鋼筋混凝土造,106年1月25日,六層,
RPQOMLQJKIOFFAM88CA,3,332.22,集合住宅﹝附屬停車空間﹞、梯間、機械室、水箱,鋼筋混凝土造,106年1月25日,五層,一層 二層 三層 四層 五層 陽台 屋頂突出物 雨遮 地下一層 見其他登記事項
RPQOMLQJKIOFFAM88CA,3,49.55,防空避難室兼停車空間﹝附屬停車空間、管委會空間﹞、梯間、機械室、水箱,鋼筋混凝土造,106年1月25日,六層,
RPQNMLKLJIOFFAM28CA,40,89.57,住家用,鋼筋混凝土加強磚造,68年8月20日,二層,一層 二層
RPRNMLKKKIOFFBM48CA,,171.70,住宅、樓梯間,鋼筋混凝土造,107年11月15日,三層,一層 二層 三層 陽台 見其他登記事項
RPRNMLQLKIOFFDM76CA,25,85.06,住家用,鋼筋混凝土造,83年5月24日,五層,四層 陽台 花台
RPRNMLQLKIOFFDM76CA,25,23.76,停車位、配電室、梯間、水箱,鋼筋混凝土造,83年5月24日,五層,
RPPNMLKLJIOFFAM18CA,35,104.14,住家用,鋼筋混凝土造,73年11月21日,二層,一層 二層 騎樓
RPRNMLMLJIOFFAM58CA,14,51.43,住家用,鋼筋混凝土造,94年10月26日,五層,三層 陽台
RPRNMLMLJIOFFAM58CA,14,5.06,住家用,鋼筋混凝土造,94年10月26日,五層,
RPVNMLLLJIOFFAM88CA,1,230.03,停車空間、集合住宅、樓梯間,鋼筋混凝土造,107年7月9日,四層,一層 二層 三層 四層 陽台 屋頂突出物
RPQNMLTLJIOFFAM56CA,39,99.01,住家用,鋼筋混凝土加強磚造,69年6月13日,二層,一層 二層
RPPOMLPLJIOFFAM78CA,40,105.38,住商用,鋼筋混凝土加強磚造,69年1月10日,二層,一層 二層 騎樓
RPQNMLLKKIOFFBM48CA,41,198.06,住商用,鋼筋混凝土造,68年1月9日,三層,一層 二層 三層 騎樓
RPQNMLLKKIOFFBM48CA,41,198.06,住商用,鋼筋混凝土造,68年1月9日,三層,一層 二層 三層 騎樓
RPWNMLTLJIOFFBM27CA,7,192.16,住宅、樓梯間,鋼筋混凝土造,101年5月29日,三層,一層 二層 三層 雨遮 見其他登記事項
RPTNMLKLJIOFFBM68CA,25,94.01,住商用,鋼筋混凝土造,83年10月8日,七層,一層 二層 陽台 騎樓
RPTNMLKLJIOFFBM68CA,25,33.38,防空避難室、停車空間、梯間,鋼筋混凝土造,83年10月8日,七層,
RPPNMLNJKIOFFEM78CA,15,183.21,住商用,鋼骨ＲＣ造,94年4月29日,三層,一層 二層 三層 陽台 騎樓 見其他登記事項
RPSOMLQLJIOFFCM76CA,25,160.07,住商用,鋼筋混凝土造,83年6月16日,三層,一層 二層 三層 陽台 平台 屋頂突出物
RPOOMLPLJIOFFEM09CA,41,103.48,住商用,鋼筋混凝土加強磚造,67年9月22日,二層,一層 二層 騎樓
RPRNMLLLJIOFFDM78CA,1,147.28,住家用,鋼筋混凝土造,107年7月5日,三層,一層 二層 三層 陽台
RPROMLQJKIOFFAM98CA,2,248.05,停車空間、住宅,鋼筋混凝土造,107年2月27日,四層,一層 二層 三層 四層 陽台
RPSNMLQLJIOFFDM76CA,24,208.53,住家用,鋼筋混凝土造,84年9月30日,四層,一層 二層 三層 四層 陽台 平台
RPSNMLMLJIOFFCM88CA,38,124.32,店舖、住宅、梯間、人行道,加強磚造,70年6月1日,二層,一層 二層 陽台 騎樓 電梯樓梯間
RPPOMLQLJIOFFCM09CA,47,63.00,住家用,鋼筋混凝土加強磚造,61年9月30日,二層,一層 二層
RPTNMLQLJIOFFCM76CA,18,141.66,住家用,鋼筋混凝土造,90年9月25日,三層,一層 二層 三層 陽台 平台 屋頂突出物
RPSNMLOJKIOFFCM98CA,25,164.13,住家用,鋼筋混凝土造,83年10月12日,四層,一層 二層 三層 四層 陽台 平台
RPPNMLNKKIOFFBM58CA,45,181.58,住商用,鋼筋混凝土加強磚造,63年12月9日,四層,一層 二層 三層 四層 騎樓
RPSNMLOJKIOFFBM88CA,1,41.79,集合住宅,鋼筋混凝土造,107年11月27日,九層,七層 陽台 雨遮
RPSNMLOJKIOFFBM88CA,1,18.66,停車空間、排煙室、水箱、汙水機房、消防機房、一般昇降機、昇降機間、車道、緊急昇降機、門廳、門廊、緊急昇降機﹝行動不便﹞、防空避難室兼停車空間、台電配電室、受電箱、電信室、緊急發電機室、管委會空間、梯廳、樓梯間、機械室、水錶室、一般昇降機﹝行動不便﹞甲乙丙丁梯等２４項。,鋼筋混凝土造,107年11月27日,九層,
RPTNMLLLJIOFFBM78CA,1,350.06,住宅、樓梯間,鋼筋混凝土造,107年8月22日,四層,一層 二層 三層 四層 陽台 見其他登記事項
RPTNMLLLJIOFFBM78CA,1,.15,電信室,鋼筋混凝土造,107年8月22日,一層,
RPPNMLMLJIOFFBM48CA,41,83.30,住家用,鋼筋混凝土加強磚造,67年12月11日,二層,一層 二層
RPPNMLPLJIOFFBM78CA,52,210.09,住家用,磚鋼筋混凝土造,56年7月8日,四層,一層 二層 三層 四層 騎樓
RPXNMLPLJIOFFAM86CA,40,105.99,住家用,鋼筋混凝土加強磚造,69年1月16日,二層,一層 二層
RPSNMLLLJIOFFAM58CA,5,270.62,住宅、水箱、停車空間,鋼筋混凝土造,103年10月23日,四層,一層 二層 三層 四層 陽台 見其他登記事項
RPSNMLLLJIOFFAM58CA,5,.56,住家用,鋼筋混凝土造,103年10月23日,一層,一層
RPRNMLPLJIOFFCM56DA,34,111.73,住家用,鋼筋混凝土造,74年5月14日,二層,一層 二層 騎樓
RPTNMLLKKIOFFAM68CA,25,133.89,住家用,鋼筋混凝土造,83年9月30日,三層,一層 二層 三層 陽台 花台 夾層
RPQNMLMKKIOFFAM48CA,24,360.00,工業用,鋼架有牆,84年11月15日,一層,一層
RPPNMLQLJIOFFAM78CA,24,188.60,人行道、住宅、停車空間、機電空調、設備空間,鋼筋混凝土造,85年1月15日,三層,一層 二層 三層 陽台 屋頂突出物 騎樓 雨遮
RPQNMLPLJIOFFBM88CA,25,83.95,住家用,鋼筋混凝土造,83年10月29日,八層,八層 陽台 花台
RPQNMLPLJIOFFBM88CA,25,32.67,防空避難室、停車場、梯間、機械間、水箱,鋼筋混凝土造,83年10月29日,八層,
RPOOMLQLJIOFFCM98CA,15,134.14,住宅、停車空間,鋼筋混凝土造,93年7月12日,三層,一層 二層 三層 陽台
RPRNMLPLJIOFFAM88CA,12,173.26,住商用,鋼筋混凝土造,96年9月18日,三層,一層 二層 三層 陽台 屋頂突出物 雨遮
RPRNMLNKKIOFFDM98CA,19,105.33,住家用,鋼筋混凝土造,89年8月4日,五層,五層 陽台
RPRNMLNKKIOFFDM98CA,19,24.41,走道、樓梯、機房、電梯機房,鋼筋混凝土造,89年8月4日,五層,
RPRNMLTJKIOFFCM76CA,25,89.96,集合住宅,鋼筋混凝土造,83年12月31日,十二層,九層 陽台 花台
RPRNMLTJKIOFFCM76CA,25,19.96,樓梯間、機械房、水箱,鋼筋混凝土造,83年12月31日,十二層,
RPPNMLSLJIOFFCM56CA,38,78.00,住家用,鋼筋混凝土加強磚造,70年10月6日,二層,一層 二層
RPSNMLNKKIOFFDM09CA,3,219.53,人行道、住宅、店舖,鋼筋混凝土造,105年8月19日,四層,一層 二層 三層 四層 陽台 騎樓
RPPNMLOJKIOFFEM88CA,24,230.79,住商用,鋼筋混凝土造,85年1月5日,四層,一層 二層 三層 四層 陽台 平台 露台 花台
RPPNMLTLJIOFFDM76CA,25,209.84,農舍,鋼筋混凝土造,82年12月28日,二層,一層 二層 電梯樓梯間
RPRNMLPLJIOFFBM98CA,6,175.22,住宅、樓梯間,鋼筋混凝土造,103年2月17日,三層,一層 二層 三層 陽台 見其他登記事項
RPPNMLRLJIOFFBM98CA,39,95.23,住商用,鋼筋混凝土加強磚造,69年9月30日,二層,一層 二層
RPRNMLSLJIOFFBM76DA,44,178.03,住商用,鋼筋混凝土造,65年1月27日,三層,一層 二層 三層 陽台 騎樓
RPPNMLRLJIOFFAM88CA,14,143.46,商業用,鋼鐵造有牆,94年10月18日,一層,一層
RPVNMLRLJIOFFAM86CA,23,102.68,住家用,鋼造,85年6月7日,二層,一層 二層
RPRNMLQLJIOFFAM98CA,39,109.22,住商用,鋼筋混凝土加強磚造,69年12月20日,二層,一層 二層 騎樓
RPQNMLTLJIOFFBM66CA,,191.68,住家用,鋼筋混凝土造,108年8月5日,四層,一層 二層 三層 四層 陽台
RPQNMLRKKIOFFDM66CA,2,190.69,住宅、樓梯間、水塔,鋼筋混凝土造,107年4月12日,三層,一層 二層 三層 陽台 見其他登記事項
RPTNMLPLJIOFFBM56CA,1,59.64,集合住宅,鋼筋混凝土造,107年11月27日,九層,七層 陽台 雨遮
RPTNMLPLJIOFFBM56CA,1,60.07,停車空間、排煙室、水箱、汙水機房、消防機房、一般昇降機、昇降機間、車道、緊急昇降機、門廳、門廊、緊急昇降機﹝行動不便﹞、防空避難室兼停車空間、台電配電室、受電箱、電信室、緊急發電機室、管委會空間、梯廳、樓梯間、機械室、水錶室、一般昇降機﹝行動不便﹞甲乙丙丁梯等２４項。,鋼筋混凝土造,107年11月27日,九層,
RPPNMLQLJIOFFCM98CA,19,30.02,住家用,鋼鐵造（有墻者）,89年12月12日,一層,一層
RPPNMLPJKIOFFDM88CA,18,84.99,集合住宅,鋼筋混凝土造,91年1月10日,四層,四層 陽台
RPPNMLPJKIOFFDM88CA,18,7.58,梯間、屋頂突出物,鋼筋混凝土造,91年1月10日,四層,
RPWNMLTLJIOFFDM47CA,26,176.76,住商用,鋼筋混凝土造,82年6月28日,三層,一層 二層 三層 陽台 騎樓
RPRNMLSKKIOFFBM66CA,29,18.51,住家用,鋼筋混凝土造,79年12月15日,五層,五層 陽台
RPRNMLSKKIOFFBM66CA,29,5.92,樓梯、通道、電梯、水箱,鋼筋混凝土造,79年12月15日,五層,
RPRNMLSKKIOFFBM66CA,29,18.51,住家用,鋼筋混凝土造,79年12月15日,五層,五層 陽台
RPRNMLSKKIOFFBM66CA,29,5.92,樓梯、通道、電梯、水箱,鋼筋混凝土造,79年12月15日,五層,
RPRNMLSKKIOFFBM66CA,29,18.51,住家用,鋼筋混凝土造,79年12月15日,五層,五層 陽台
RPRNMLSKKIOFFBM66CA,29,5.92,樓梯、通道、電梯、水箱,鋼筋混凝土造,79年12月15日,五層,
RPRNMLSKKIOFFBM66CA,29,18.51,住家用,鋼筋混凝土造,79年12月15日,五層,五層 陽台
RPRNMLSKKIOFFBM66CA,29,5.92,樓梯、通道、電梯、水箱,鋼筋混凝土造,79年12月15日,五層,
RPPNMLRLJIOFFDM56CA,24,56.47,集合住宅,鋼筋混凝土造,85年4月1日,四層,二層 陽台
RPPNMLRLJIOFFDM56CA,24,21.55,管理員室、停車空間、梯間、水箱,鋼筋混凝土造,85年4月1日,四層,
RPVNMLMKKIOFFAM98CA,6,286.61,住家用,鋼筋混凝土造,103年1月7日,四層,一層 二層 三層 四層 陽台
RPQNMLSLJIOFFBM56CA,2,145.30,住宅、樓梯間,鋼筋混凝土造,106年6月13日,三層,一層 二層 三層 見其他登記事項
RPSNMLOLKIOFFCM56CA,5,216.42,住家用,鋼筋混凝土造,104年4月22日,三層,一層 二層 三層 陽台
RPTNMLTLJIOFFBM96CA,24,82.09,住家用,鋼筋混凝土造,84年12月15日,十二層,七層 陽台 花台
RPTNMLTLJIOFFBM96CA,24,18.48,防空避難室、停車空間、門廳、梯間、機房、水箱,鋼筋混凝土造,84年12月15日,十二層,
RPUNMLTLJIOFFBM07CA,26,83.27,住家用,鋼筋混凝土造,82年12月21日,十二層,十一層 陽台 花台
RPUNMLTLJIOFFBM07CA,26,13.28,防空避難室、停車空間、水塔、機械房、梯間、膫望台,鋼筋混凝土造,82年12月21日,十二層,
RPTNMLTLJIOFFAM86CA,22,85.48,住家用,鋼筋混凝土造,86年9月19日,十四層,十二層 陽台
RPTNMLTLJIOFFAM86CA,22,21.83,梯廳、走道、防空避難室、水箱受電室、機房,鋼筋混凝土造,86年9月19日,十四層,
RPTNMLTLJIOFFAM86CA,22,15.73,停車空間,鋼筋混凝土造,86年9月19日,十四層,
RPSNMLMJKIOFFBM68CA,24,97.66,住家用,鋼筋混凝土造,85年1月12日,十層,四層 陽台
RPSNMLMJKIOFFBM68CA,24,41.28,防空避難室兼停車場、梯間、屋頂突出物,鋼筋混凝土造,85年1月12日,十層,
RPWNMLOJKIOFFBM66CA,6,184.26,住宅、樓梯間,鋼筋混凝土造,102年4月11日,三層,一層 二層 三層 陽台 雨遮 見其他登記事項
RPPNMLMJKIOFFAM28CA,1,154.81,住宅、樓梯間,鋼筋混凝土造,107年12月12日,三層,一層 二層 三層 陽台 屋頂突出物
RPQNMLKKKIOFFAM28CA,40,106.19,住家用,鋼筋混凝土加強磚造,69年2月8日,二層,一層 二層
RPOOMLSKKIOFFCM66DA,39,19.27,住家用,加強磚造,70年1月23日,一層,一層
RPUNMLKKKIOFFAM68CA,13,173.85,住家用,鋼筋混凝土造,95年7月7日,四層,一層 二層 三層 四層 陽台 雨遮
RPWNMLQJKIOFFAM76CA,5,274.21,集合住宅、停車空間、樓梯間、水塔間,鋼筋混凝土造,104年3月20日,四層,一層 二層 三層 四層 陽台 屋頂突出物
RPXNMLOJKIOFFBM76CA,19,164.40,住家用,鋼筋混凝土造,89年7月3日,三層,一層 二層 三層 陽台 電梯樓梯間
RPPNMLKMJIOFFBM38CA,45,87.00,住家用,鋼筋混凝土加強磚造,64年4月30日,二層,一層 二層
RPQNMLTJKIOFFBM56CA,4,243.16,住宅、停車空間、梯間,鋼筋混凝土造,104年9月2日,三層,一層 二層 三層 陽台 雨遮 地下一層 見其他登記事項
RPPNMLNJKIOFFDM68CA,2,206.18,住宅、樓梯間,鋼筋混凝土造,106年7月19日,三層,一層 二層 三層 陽台 見其他登記事項
RPUNMLPJKIOFFCM66CA,24,148.72,住家用,加強磚造,84年6月1日,三層,一層 二層 三層 陽台 平台 露台 雨遮
RPPNMLRJKIOFFAM78CA,3,256.62,住宅、樓梯間,鋼筋混凝土造,105年8月1日,三層,一層 二層 三層 陽台 屋頂突出物
RPSNMLNLKIOFFCM56DA,39,7.67,住家用,加強磚造,70年1月23日,一層,一層
RPUNMLOJKIOFFAM98CA,,178.52,住宅、樓梯間,鋼筋混凝土造,108年5月31日,三層,一層 二層 三層 陽台 屋頂突出物 見其他登記事項
RPVNMLOJKIOFFAM09CA,,178.52,住宅、樓梯間,鋼筋混凝土造,108年5月31日,三層,一層 二層 三層 陽台 屋頂突出物 見其他登記事項
RPRNMLMJKIOFFBM58CA,13,115.76,農舍,鋼筋混凝土造,95年10月31日,三層,一層 二層 三層
RPUNMLNLKIOFFCM66CA,20,144.18,住家用,鋼筋混凝土造,89年3月24日,三層,一層 二層 三層 陽台 屋頂突出物
RPQNMLNJKIOFFBM58CA,24,91.32,住家用,鋼筋混凝土造,84年7月19日,八層,三層 陽台 花台
RPQNMLNJKIOFFBM58CA,24,21.12,防空避難室兼停車空間、梯間、門廳、水塔、機械房,鋼筋混凝土造,84年7月19日,八層,
RPVNMLNLKIOFFCM76CA,24,84.59,集合住宅,鋼筋混凝土造,85年2月9日,十五層,三層 陽台
RPVNMLNLKIOFFCM76CA,24,21.20,走道、機械房、門廳、騎樓、防空避難室兼停車場、梯間,鋼筋混凝土造,85年2月9日,十五層,
RPUNMLMJKIOFFBM88CA,3,289.59,店舖、住宅、水箱間,鋼筋混凝土造,105年12月1日,四層,一層 二層 三層 四層 陽台 見其他登記事項
RPSNMLPLKIOFFCM66CA,37,208.07,農舍,加強磚造,71年7月21日,二層,一層 二層 見其他登記事項
RPQNMLMJKIOFFCM58CA,40,51.20,住家用,鋼筋混凝土加強磚造,68年9月11日,一層,一層 騎樓
RPWNMLRKKIOFFDM27CA,2,179.26,住家用,鋼筋混凝土造,107年1月31日,三層,一層 二層 三層 陽台
RPTNMLNKKIOFFDM56CA,19,103.60,住家用,鋼筋混凝土造,89年8月4日,五層,五層 陽台
RPTNMLNKKIOFFDM56CA,19,24.65,走道、樓梯、機房、電梯機房,鋼筋混凝土造,89年8月4日,五層,
RPSNMLOLKIOFFBM09CA,40,120.76,住家用,鋼筋混凝土加強磚造,69年1月25日,二層,一層 二層
RPVNMLTJKIOFFDM27CA,,193.54,住家用,鋼筋混凝土造,108年5月16日,三層,一層 二層 三層 陽台
RPPNMLSJKIOFFDM56CA,1,147.28,住家用,鋼筋混凝土造,107年7月5日,三層,一層 二層 三層 陽台
RPUNMLNJKIOFFDM56CA,1,147.28,住家用,鋼筋混凝土造,107年7月5日,三層,一層 二層 三層 陽台
RPQNMLOJKIOFFCM78CA,14,158.09,住宅、梯間,鋼筋混凝土造,95年4月13日,三層,一層 二層 三層 陽台 屋頂突出物
RPRNMLOJKIOFFBM78CA,41,95.41,住家用,鋼筋混凝土加強磚造,67年9月8日,二層,一層 二層
RPPNMLQJKIOFFBM78CA,1,60.76,集合住宅,鋼筋混凝土造,107年8月6日,十一層,九層 陽台
RPPNMLQJKIOFFBM78CA,1,24.62,停車空間兼防空避難室、台電配電室、電信室、消防機房兼發電機室、電梯間、樓梯間、梯廳、車道、管委會空間、停車空間、電梯機房、水箱,鋼筋混凝土造,107年8月6日,十一層,
RPPNMLLKKIOFFBM48DA,19,107.64,住宅、儲藏室、停車空間,鋼筋混凝土造,89年9月22日,四層,一層 二層 三層 四層 陽台 地下層
RPPNMLLKKIOFFBM48DA,19,20.54,會議室、閱覽室、遊憩室、休憩室、停車空間,鋼筋混凝土造,89年9月22日,四層,
RPRNMLOJKIOFFCM88CA,3,225.92,住家用,鋼筋混凝土造,105年11月15日,四層,一層 二層 三層 四層 陽台
RPSNMLKKKIOFFAM48CA,39,92.56,住商用,鋼筋混凝土加強磚造,69年8月1日,二層,一層 二層
RPQNMLSJKIOFFDM66CA,24,36.37,防空避難室、停車空間、機械室、門廳車道、變電室、梯間、突出物,鋼筋混凝土造,85年4月24日,七層,
RPQNMLSJKIOFFDM66CA,24,95.81,集合住宅,鋼筋混凝土造,85年4月24日,七層,六層 陽台 花台
RPPNMLLMKIOFFCM68CA,37,135.85,住家用,加強磚造,71年11月18日,二層,一層 二層
RPXNMLRKKIOFFDM37CA,24,149.60,住工用,鋼筋混凝土造,84年10月7日,三層,一層 二層 三層
RPPNMLPLKIOFFCM98CA,39,102.69,住家用,加強磚造,70年4月25日,二層,一層 二層 陽台
RPPNMLLLKIOFFBM48CA,39,97.86,住家用,加強磚造,70年1月15日,二層,一層 二層 陽台
RPSNMLTJKIOFFBM76CA,3,397.22,集合住宅、停車空間、空調設備空間、水箱間,鋼筋混凝土造,105年12月6日,四層,一層 二層 三層 四層 陽台 雨遮 地下一層 見其他登記事項
RPSNMLTJKIOFFBM76CA,3,140.58,停車空間,鋼筋混凝土造,105年12月6日,一層,
RPVNMLPJKIOFFAM56CA,49,75.08,住家用,鋼筋混凝土加強磚造,59年12月8日,二層,一層 二層
RPTNMLQJKIOFFAM09CA,30,127.91,住家用,加強磚造,79年1月6日,二層,一層 二層
RPPNMLMKKIOFFBM48CA,25,79.75,住家用,鋼筋混凝土造,83年10月29日,八層,八層 陽台
RPPNMLMKKIOFFBM48CA,25,30.02,防空避難室、停車場、梯間、機械間、水箱,鋼筋混凝土造,83年10月29日,八層,
RPPNMLMKKIOFFAM38CA,,165.70,集合住宅、私設騎樓,鋼筋混凝土造,108年7月3日,四層,一層 二層 三層 四層 陽台
RPUNMLRKKIOFFBM96DA,3,124.25,住宅、樓梯間,鋼筋混凝土造,105年11月11日,二層,一層 二層 陽台 見其他登記事項
RPQNMLQKKIOFFBM09DA,29,88.42,商業用,鋼筋混凝土造,80年3月23日,十二層,十層 陽台
RPQNMLQKKIOFFBM09DA,29,44.49,樓梯間、人行道、門廊、門廳、機械室、水箱、避難室,鋼筋混凝土造,80年3月23日,十二層,
RPPNMLTJKIOFFAM98CA,11,31.59,住家用,鋼骨造,98年1月21日,三層,一層
RPPNMLTJKIOFFAM98CA,11,16.92,住家用,鋼骨造,98年1月21日,四層,
RPPNMLRJKIOFFDM09CA,53,52.18,住家用,木石磚造（雜木）,56年1月27日,一層,一層
RPSOMLKKKIOFFBM68CA,40,61.38,住家用,鋼筋混凝土加強磚造,68年7月28日,一層,一層
RPVNMLLKKIOFFDM56CA,2,286.76,店舖、停車空間、集合住宅,鋼筋混凝土造,106年8月25日,五層,一層 二層 三層 四層 五層 陽台
RPPNMLMKKIOFFDM68CA,34,181.45,人行道、店舖、住宅,鋼筋混凝土造,75年1月14日,三層,一層 二層 三層 屋頂突出物 騎樓
RPQOMLOLKIOFFAM88CA,2,210.95,停車空間、住宅,鋼筋混凝土造,107年2月27日,四層,一層 二層 三層 四層 陽台
RPUNMLTJKIOFFDM17CA,,160.77,住宅、樓梯間,鋼筋混凝土造,108年6月26日,三層,一層 二層 三層 陽台 見其他登記事項
RPOOMLNLKIOFFCM78CA,55,66.80,商業用,鋼筋混凝土加強磚造,53年6月30日,二層,一層 二層 騎樓
RPPOMLOLKIOFFAM78CA,22,126.21,住家用,鋼筋混凝土造,86年11月19日,二層,一層 二層 屋頂突出物 騎樓
RPSNMLQJKIOFFCM56CA,48,176.38,住商用,鋼筋混凝土加強磚造,61年1月20日,四層,一層 二層 三層 四層 騎樓
RPOOMLKKKIOFFBM28CA,21,187.50,住家用,鋼筋混凝土造,88年2月12日,四層,一層 二層 三層 四層 陽台
RPSNMLTJKIOFFAM66CA,8,69.90,住家用,鋼筋混凝土造,100年12月14日,五層,一層 雨遮
RPSNMLTJKIOFFAM66CA,8,10.86,集合住宅、樓梯間,鋼筋混凝土造,100年12月14日,五層,
RPQNMLQLKIOFFEM76CA,20,191.96,住商用,鋼筋混凝土造,88年5月18日,三層,一層 二層 三層 屋頂突出物
RPQNMLPLKIOFFCM56DA,31,78.44,住商用,鋼筋混凝土造,77年12月31日,三層,一層 二層 三層
RPPNMLLMKIOFFEM88CA,26,126.43,住家用,鋼筋混凝土造,82年8月2日,三層,一層 二層 三層 屋頂突出物
RPRNMLNKKIOFFAM68CA,26,157.44,住家用,鋼筋混凝土造,82年9月3日,三層,一層 二層 三層 陽台 平台 屋頂突出物 雨遮
RPTNMLKKKIOFFAM58CA,41,84.00,住商用,鋼筋混凝土加強磚造,68年1月26日,二層,一層 二層 騎樓
RPVNMLKKKIOFFBM88CA,52,75.60,住家用,鋼筋混凝土加強磚造,57年4月5日,二層,一層 二層
RPVNMLMKKIOFFCM56CA,,299.26,農舍,鋼筋混凝土造,108年8月14日,三層,一層 二層 三層 陽台
RPXNMLNLKIOFFCM96CA,26,151.20,住家用,鋼筋混凝土造,82年4月29日,三層,一層 二層 三層
RPPNMLMKKIOFFCM58CA,2,597.26,人行道、住宅、停車空間、樓梯間,鋼筋混凝土造,107年5月7日,五層,一層 二層 三層 四層 五層 陽台 騎樓 見其他登記事項
RPUNMLRKKIOFFDM07CA,34,268.52,住商用,鋼筋混凝土造,74年10月21日,二層,一層 二層 騎樓
RPPNMLNKKIOFFEM88CA,26,147.65,住家用,鋼筋混凝土造,83年3月10日,三層,一層 二層 三層 陽台
RPRNMLKKKIOFFDM68CA,24,32.58,集合住宅,鋼筋混凝土造,85年3月9日,七層,六層 陽台
RPRNMLLKKIOFFBM58CA,32,151.20,農舍,鋼造,76年12月9日,一層,一層
RPUNMLOLKIOFFBM66CA,22,163.08,住家用,鋼筋混凝土造,86年12月24日,三層,一層 二層 三層 陽台 電梯樓梯間
RPSNMLRLKIOFFAM66CA,19,153.35,住家用,加強磚造,89年11月30日,二層,一層 二層 屋頂突出物
RPXNMLMKKIOFFAM56CA,1,176.12,住家用,鋼筋混凝土造,108年4月9日,四層,一層 二層 三層 四層
RPTNMLNKKIOFFBM98CA,24,78.14,住家用,鋼筋混凝土造,84年12月20日,七層,五層 陽台 花台
RPTNMLNKKIOFFBM98CA,24,24.83,防空避難室、停車間、梯間、機械室、水箱,鋼筋混凝土造,84年12月20日,七層,
RPPNMLNJJHPFFBM38CA,13,709.67,蘭花溫室,鋼鐵造,95年8月17日,一層,一層
RPTNMLSKKIOFFBM86CA,32,137.00,住家用,加強磚造,76年10月5日,二層,一層 二層 陽台
RPPNMLSKKIOFFEM76CA,46,116.83,住家用,鋼筋混凝土加強磚造,62年6月4日,二層,一層 二層 騎樓
RPRNMLMKKIOFFEM98CA,18,159.04,住家用,鋼筋混凝土造,91年3月14日,三層,一層 二層 三層 陽台 屋頂突出物
RPPNMLRKKIOFFDM56CA,39,95.48,住商用,鋼筋混凝土加強磚造,69年12月27日,二層,一層 二層 騎樓
RPPNMLSKKIOFFCM56CA,39,91.22,住家用,加強磚造,69年7月21日,二層,一層 二層
RPUNMLNLKIOFFBM56CA,23,75.17,集合住宅,鋼筋混凝土造,85年12月7日,八層,一層 平台
RPUNMLNLKIOFFBM56CA,23,25.29,防空避難室、停車空間、門廳、水箱、梯間、機械室、瞭望台,鋼筋混凝土造,85年12月7日,八層,
RPVNMLRKKIOFFBM96CA,,172.74,住宅、樓梯間,鋼筋混凝土造,107年11月15日,三層,一層 二層 三層 陽台 見其他登記事項
RPUNMLNKKIOFFBM09CA,26,280.76,農舍,鋼筋混凝土造,82年9月17日,二層,一層 二層 陽台
RPPNMLMJJHPFFEM58CA,29,113.60,住家用,鋼筋混凝土造,80年3月14日,二層,一層 二層
RPOOMLRKKIOFFDM56CA,27,183.30,廠房、員工宿舍,鋼筋混凝土造,81年12月9日,三層,一層 二層 三層
RPPOMLRKKIOFFDM66CA,27,193.77,廠房、員工、宿舍,鋼筋混凝土造,81年12月9日,三層,一層 二層 三層
RPOOMLNKKIOFFAM48CA,8,18.00,農舍,鋼鐵造有牆,100年8月8日,一層,一層
RPROMLRKKIOFFDM86CA,28,329.72,農業設施﹝農產品儲藏室﹞,鋼造﹝有牆﹞,81年1月30日,一層,一層
RPROMLRKKIOFFDM86CA,27,89.63,農舍,鋼架造﹝有牆﹞,81年6月10日,一層,一層
RPQOMLRKKIOFFDM76CA,26,149.57,廠房、員工宿舍,鋼筋混凝土造,82年11月18日,三層,一層 二層 三層
RPSNMLNKKIOFFAM78CA,25,161.51,住家用,鋼筋混凝土造,83年6月9日,三層,一層 二層 三層 陽台 平台 屋頂突出物 雨遮
RPPNMLQKKIOFFAM78CA,26,84.71,住家用,鋼筋混凝土造,82年8月28日,六層,三層 陽台
RPPNMLQKKIOFFAM78CA,26,34.38,梯間、水塔、防空避難室、停車場、機械室,鋼筋混凝土造,82年8月28日,六層,
RPWNMLLMKIOFFAM56CA,1,198.70,住家用,鋼筋混凝土造,108年3月25日,三層,一層 二層 三層 陽台
RPRNMLNJJHPFFAM48CA,29,110.97,住家用,鋼筋混凝土造,79年12月14日,三層,一層 二層 三層
RPPNMLLLKIOFFAM38CA,1,230.03,停車空間、集合住宅、樓梯間,鋼筋混凝土造,107年7月9日,四層,一層 二層 三層 四層 陽台 屋頂突出物
RPQNMLLLKIOFFAM48CA,1,219.74,外廊、集合住宅、樓梯間,鋼筋混凝土造,107年7月9日,三層,一層 二層 三層 陽台 屋頂突出物
RPUNMLRKKIOFFAM76CA,,165.70,集合住宅、私設騎樓,鋼筋混凝土造,108年7月3日,四層,一層 二層 三層 四層 陽台
RPTNMLNKKIOFFAM88CA,42,147.60,住商用,鋼筋混凝土加強磚造,66年7月15日,二層,一層 二層 騎樓
RPSNMLRLKIOFFBM76CA,24,90.69,住家用,鋼筋混凝土造,85年1月12日,十層,二層 陽台
RPSNMLRLKIOFFBM76CA,24,29.34,防空避難室兼停車場、梯間、屋頂突出物,鋼筋混凝土造,85年1月12日,十層,
RPQNMLQKKIOFFAM88CA,44,106.84,住家用,鋼筋混凝土加強磚造,65年4月6日,二層,一層 二層 騎樓
RPTNMLQKKIOFFAM56CA,41,92.88,住家用,鋼筋混凝土加強磚造,67年11月28日,二層,一層 二層
RPQNMLNLKIOFFBM78CA,4,208.55,住宅、梯間,鋼筋混凝土造,104年7月14日,三層,一層 二層 三層 陽台 見其他登記事項
RPVNMLRLKIOFFCM17CA,45,89.53,住家用,鋼筋混凝土加強磚造,63年12月3日,二層,一層 二層
RPQNMLSJJHPFFBM98CA,39,110.00,住商用,鋼筋混凝土加強磚造,70年4月10日,二層,一層 二層 騎樓
RPTNMLRJJHPFFBM56CA,31,177.60,住家用,加強磚造,78年2月2日,二層,一層 二層 陽台 平台 屋頂突出物 騎樓
RPQNMLNLKIOFFCM88CA,30,237.62,住家用,加強磚造,78年10月1日,二層,一層 二層
RPSNMLTKKIOFFDM07CA,1,193.54,住家用,鋼筋混凝土造,108年5月16日,三層,一層 二層 三層 陽台
RPRNMLOLKIOFFCM09CA,24,109.39,集合住宅,鋼筋混凝土造,84年9月7日,九層,四層 陽台 花台
RPRNMLOLKIOFFCM09CA,24,53.40,公共設施,鋼筋混凝土造,84年9月7日,九層,
RPSOMLQJJHPFFAM98CA,41,83.42,住家用,鋼筋混凝土加強磚造,67年12月1日,二層,一層 二層
RPRPMLQJJHPFFAM98CA,3,255.74,住宅、停車空間、樓梯間、水箱間,鋼筋混凝土造,105年4月7日,四層,一層 二層 三層 四層 陽台 屋頂突出物
RPUNMLKLKIOFFCM98CA,24,88.54,集合住宅,鋼筋混凝土造,85年2月9日,十五層,十層 陽台
RPUNMLKLKIOFFCM98CA,24,16.76,走道、機械房、門廳、騎樓、防空避難室兼停車場、梯間,鋼筋混凝土造,85年2月9日,十五層,
RPPNMLTKKIOFFBM56CA,39,120.29,住家用,鋼筋混凝土加強磚造,69年12月31日,二層,一層 二層 騎樓
RPPNMLKLKIOFFBM38CA,43,144.27,住家用,鋼筋混凝土加強磚造,66年1月17日,三層,一層 二層 三層 騎樓
RPRNMLRKKIOFFAM09CA,37,121.54,住商用,鋼筋混凝土加強磚造,71年5月1日,四層,一層 二層 三層 四層 騎樓
RPSNMLRKKIOFFAM56CA,42,88.97,住家用,鋼筋混凝土加強磚造,66年8月19日,三層,一層 二層 三層 騎樓
RPTNMLKKJHPFFBM58CA,1,.41,住家用,鋼筋混凝土造,107年10月11日,一層,一層
RPTNMLKKJHPFFBM58CA,1,.17,住家用,鋼筋混凝土造,107年10月11日,一層,一層
RPTNMLKKJHPFFBM58CA,1,267.50,住宅、停車空間,鋼筋混凝土造,107年10月11日,四層,一層 二層 三層 四層 陽台
RPPNMLTKKIOFFAM09CA,31,892.15,工業用,鋼筋混凝土造,77年7月6日,二層,一層 二層
RPWNMLNJJHPFFAM98CA,32,117.86,住家用,加強磚造,76年12月30日,二層,一層 二層
RPPOMLSKKIOFFCM66CA,26,107.32,住家用,加強磚造,82年8月25日,二層,一層 二層 騎樓
RPXNMLQJJHPFFBM86CA,38,86.34,住商用,鋼筋混凝土造,70年5月25日,二層,一層 二層 騎樓
RPROMLNLKIOFFCM09CA,30,159.86,住家用,加強磚造,78年10月1日,二層,一層 二層
RPQNMLTKKIOFFDM86CA,40,155.70,住家用,鋼筋混凝土加強磚造,68年11月5日,二層,一層 二層 騎樓
RPPNMLMLKIOFFEM88CA,26,169.45,住商用,鋼筋混凝土造,82年12月17日,三層,一層 二層 三層 屋頂突出物 騎樓
RPTOMLNLKIOFFCM66CA,,251.88,住宅、門廊、梯間,鋼筋混凝土造,108年5月31日,三層,一層 二層 三層 陽台 見其他登記事項
RPSNMLQJJHPFFCM09CA,1,144.21,住宅、樓梯間,鋼筋混凝土造,108年3月20日,三層,一層 二層 三層 陽台 見其他登記事項
RPQNMLTKKIOFFCM76CA,15,153.52,住家用,鋼筋混凝土造,93年10月1日,四層,一層 二層 三層 四層 陽台
RPSNMLRJJHPFFCM56CA,15,204.95,住商用,鋼筋混凝土造,93年10月5日,十層,一層 二層 陽台
RPSNMLRJJHPFFCM56CA,15,74.12,防空避難室兼停車空間、梯廳、梯間、水箱,鋼筋混凝土造,93年10月5日,十層,
RPTNMLNLKIOFFBM09CA,25,76.34,住家用,鋼筋混凝土造,83年10月8日,七層,六層 陽台 花台
RPTNMLNLKIOFFBM09CA,25,22.55,防空避難室、停車空間、梯間,鋼筋混凝土造,83年10月8日,七層,
RPRNMLTKKIOFFCM86CA,30,1683.90,香菇舍,鋼架造無牆,78年10月19日,一層,一層
RPUNMLRLKIOFFBM96CA,11,191.28,農舍、樓梯間,鋼鐵造有牆、鋼筋混凝土造,98年5月26日,三層,一層 二層 三層 陽台 雨遮 見其他登記事項
RPQNMLTKKIOFFAM56CA,39,94.77,住家用,鋼筋混凝土加強磚造,69年12月31日,二層,一層 二層 騎樓
RPRNMLKLKIOFFAM48CA,26,69.73,住家用,鋼筋混凝土造,83年5月3日,五層,四層 陽台
RPRNMLKLKIOFFAM48CA,26,11.15,儲藏室、梯間、水箱、機械房、人行道,鋼筋混凝土造,83年5月3日,五層,
RPPNMLKLKIOFFDM68DA,,106.50,商業用,鋼筋混凝土加強磚造,,二層,一層 二層 騎樓
RPSNMLNLKIOFFAM88CA,42,82.60,住家用,鋼筋混凝土加強磚造,67年4月1日,二層,一層 二層
RPSNMLOKJHPFFCM98CA,30,121.34,住家用,鋼筋混凝土造,78年5月22日,二層,一層 二層
RPTNMLPKJHPFFDM66CA,37,145.15,住家用,鋼筋混凝土造,71年9月10日,三層,一層 二層 三層
RPPNMLQLKIOFFBM98CA,,188.36,住宅、樓梯間、水箱間,鋼筋混凝土造,108年8月26日,三層,一層 二層 三層 陽台 見其他登記事項
RPQNMLKLKIOFFBM48CA,38,162.06,住家用,鋼筋混凝土造,70年8月5日,三層,一層 二層 三層 陽台
RPRNMLNLKIOFFBM88CA,3,289.59,店舖、住宅、水箱間,鋼筋混凝土造,105年12月1日,四層,一層 二層 三層 四層 陽台 見其他登記事項
RPQNMLMLKIOFFEM98CA,26,132.99,住家用,鋼筋混凝土造,82年12月17日,三層,一層 二層 三層 屋頂突出物
RPQNMLKLKIOFFDM68CA,31,128.64,住商用,鋼筋混凝土造,77年5月31日,二層,一層 二層 騎樓
RPPNMLNJJHPFFCM48CA,5,185.58,農舍、樓梯間,鋼筋混凝土造,104年5月5日,二層,一層 二層 見其他登記事項
RPQOMLNLKIOFFCM98CA,3,238.91,人行道、店鋪、住宅、樓梯間、水塔間,鋼筋混凝土造,105年9月30日,三層,一層 二層 三層 陽台 騎樓 見其他登記事項
RPSNMLKMKIOFFBM78CA,19,160.69,住家用,鋼筋混凝土造,89年7月3日,三層,一層 二層 三層 陽台 電梯樓梯間
RPVNMLRLKIOFFBM07CA,4,224.87,住家用,鋼筋混凝土造,105年1月22日,三層,一層 二層 三層 陽台
RPTNMLNLKIOFFAM98CA,18,170.69,住家用,鋼筋混凝土造,90年5月29日,三層,一層 二層 三層 陽台 屋頂突出物 騎樓
RPQNMLOLKIOFFAM78CA,25,88.60,住家用,鋼筋混凝土造,83年10月7日,十一層,四層 陽台 花台
RPQNMLOLKIOFFAM78CA,25,35.57,屋頂突出物、梯間、警衛室、防空避難室、停車空間,鋼筋混凝土造,83年10月7日,十一層,
RPVNMLOLKIOFFAM66CA,,206.21,住宅、樓梯間,鋼筋混凝土造,108年11月6日,三層,一層 二層 三層 陽台 屋頂突出物
RPUNMLOLKIOFFAM56CA,,201.11,住宅、樓梯間,鋼筋混凝土造,108年11月6日,三層,一層 二層 三層 陽台 屋頂突出物
RPPNMLLMKIOFFAM48CA,31,104.47,住家用,鋼筋混凝土加強磚造,77年9月17日,二層,一層 二層 屋頂突出物
RPSNMLNJJHPFFCM78CA,15,155.73,住家用,鋼骨造,93年8月18日,三層,一層 二層 三層 陽台 平台
RPPNMLNKJHPFFCM58CA,26,98.23,集合住宅,鋼筋混凝土造,83年1月14日,十一層,十層 陽台 花台
RPPNMLNKJHPFFCM58CA,26,45.23,１﹒停車空間、防空避難室  ２﹒梯間、機械室、水箱,鋼筋混凝土造,83年1月14日,十一層,
RPSNMLRLKIOFFDM96CA,39,110.86,住商用,鋼筋混凝土加強磚造,70年2月2日,二層,一層 二層 騎樓
RPPNMLSLKIOFFCM66CA,21,125.79,住家用,鋼筋混凝土造,87年10月19日,三層,一層 二層 三層 陽台
RPVNMLOLKIOFFBM76CA,21,101.61,住家用,鋼筋混凝土造,88年2月12日,九層,七層 陽台 雨遮
RPVNMLOLKIOFFBM76CA,21,48.02,防空避難室、停車空間、水塔、梯間、機械房、暸望台,鋼筋混凝土造,88年2月12日,九層,
RPTNMLOKJHPFFBM98CA,3,171.10,住宅、樓梯間,鋼筋混凝土造,105年7月22日,三層,一層 二層 三層 陽台 見其他登記事項
RPWNMLOKJHPFFBM66CA,23,79.39,集合住宅,鋼筋混凝土造,85年12月7日,八層,六層 陽台
RPWNMLOKJHPFFBM66CA,23,26.51,防空避難室、停車空間、門廳、水箱、梯間、機械室、瞭望台,鋼筋混凝土造,85年12月7日,八層,
RPQNMLTKJHPFFAM09CA,19,273.98,住商用,鋼筋混凝土造,90年1月9日,四層,一層 二層 三層 四層 陽台 騎樓
RPRNMLTKJHPFFAM56CA,1,182.67,停車空間、集合住宅、樓梯間,鋼筋混凝土造,107年4月26日,四層,一層 二層 三層 四層 陽台 見其他登記事項
RPPNMLRLKIOFFDM76DA,13,149.80,住商用,鋼筋混凝土造,95年10月4日,三層,一層 二層 三層 陽台 平台 屋頂突出物
RPQNMLKMKIOFFAM48CA,24,58.40,住家用,鋼筋混凝土造,84年7月5日,四層,一層 二層 三層 四層
RPQNMLRJJHPFFAM78CA,24,30.54,住家用,鋼筋混凝土造,85年4月10日,七層,五層 陽台
RPQNMLRJJHPFFAM78CA,24,12.92,防空避難室、停車空間、梯間、走道、水箱、住宅、店舖、機房、受電室,鋼筋混凝土造,85年4月10日,七層,
SPQNMLRJJHPFFAM88CA,24,12.92,防空避難室、停車空間、梯間、走道、水箱、住宅、店舖、機房、受電室,鋼筋混凝土造,85年4月10日,七層,
SPQNMLRJJHPFFAM88CA,24,26.87,住家用,鋼筋混凝土造,85年4月10日,七層,五層 花台
RPTNMLQLKIOFFBM76CA,30,221.08,住商用,鋼筋混凝土造,78年9月13日,四層,一層 二層 三層 四層 陽台 騎樓
RPQNMLNJJHPFFBM48CA,,182.50,住宅、樓梯間,鋼筋混凝土造,108年8月28日,三層,一層 二層 三層 陽台 見其他登記事項
RPRNMLRLKIOFFBM66CA,37,66.60,住商用,鋼筋混凝土造,71年11月15日,二層,一層 二層 騎樓
RPSNMLNJJHPFFBM68CA,,182.50,住宅、樓梯間,鋼筋混凝土造,108年8月28日,三層,一層 二層 三層 陽台 見其他登記事項
RPSNMLLMKIOFFBM88CA,,195.32,住家用,鋼筋混凝土造,108年8月5日,四層,一層 二層 三層 四層 陽台
RPWNMLKLJHPFFAM88CA,2,241.34,集合住宅、停車空間、樓梯間、水箱間,鋼筋混凝土造,106年12月26日,四層,一層 二層 三層 四層 陽台 屋頂突出物
RPUNMLQJJHPFFDM76CA,1,169.09,住家用,鋼筋混凝土造,108年5月16日,三層,一層 二層 三層 陽台
RPQNMLKMKIOFFBM58CA,32,112.30,住家用,加強磚造,76年10月5日,二層,一層 二層 陽台
RPQNMLQKJHPFFAM78CA,3,502.71,集合住宅﹝附屬停車空間﹞、梯間、機械室、水箱,鋼筋混凝土造,106年1月25日,五層,一層 二層 三層 四層 五層 陽台 屋頂突出物 雨遮 地下一層 見其他登記事項
RPQNMLQKJHPFFAM78CA,3,75.77,防空避難室兼停車空間﹝附屬停車空間、管委會空間﹞、梯間、機械室、水箱,鋼筋混凝土造,106年1月25日,六層,
RPTNMLQKJHPFFAM09CA,39,1673.10,辦公室、廠房、倉庫,鋼架及鋼筋混凝土加強磚造,69年5月24日,二層,一層 二層
RPTNMLQKJHPFFAM09CA,19,4825.56,防空避難室、廠房、儲藏室,鋼骨,89年3月30日,四層,一層 二層 三層 四層 夾層 地下層 見其他登記事項
RPPNMLMJJHPFFAM18CA,7,12.00,農舍,鋼鐵造有牆,102年1月23日,一層,一層
RPVNMLKMKIOFFAM98CA,,173.66,住宅、樓梯間、水箱間,鋼筋混凝土造,108年8月6日,三層,一層 二層 三層 陽台 屋頂突出物
RPTNMLKMKIOFFAM78CA,,113.81,住宅、樓梯間,鋼筋混凝土造,108年10月28日,二層,一層 二層 陽台 屋頂突出物
RPOOMLQKJHPFFCM88CA,28,207.16,住家用,鋼筋混凝土造,81年1月29日,四層,一層 二層 三層 四層
RPWNMLKMKIOFFAM09CA,,175.85,住宅、樓梯間、水箱間,鋼筋混凝土造,108年8月6日,三層,一層 二層 三層 陽台 屋頂突出物
RPUNMLKMKIOFFAM88CA,,155.46,住宅、樓梯間,鋼筋混凝土造,108年11月6日,三層,一層 二層 三層 陽台 屋頂突出物
RPTNMLLMKIOFFAM88CA,1,207.81,外廊、集合住宅、樓梯間,鋼筋混凝土造,107年7月9日,四層,一層 二層 三層 四層 陽台 屋頂突出物
RPQNMLLMKIOFFBM68CA,28,222.80,廠房、宿舍（工業區）,鋼筋混凝土造,80年6月19日,二層,一層 二層 陽台 平台 屋頂突出物 夾層
RPQNMLLJJHPFFBM28CA,21,172.84,住家用,鋼筋混凝土造,88年6月5日,三層,一層 二層 三層 陽台 屋頂突出物
RPRNMLNJJHPFFBM58CA,25,71.63,住家用,鋼筋混凝土造,83年10月21日,七層,四層 陽台 花台
RPRNMLNJJHPFFBM58CA,25,25.19,共有部份,鋼筋混凝土造,83年10月21日,七層,
RPQNMLKMKIOFFCM68CA,21,169.59,住商用,鋼筋混凝土造,87年5月16日,三層,一層 二層 三層 屋頂突出物 騎樓
RPVNMLRLKIOFFDM27CA,24,30.07,集合住宅,鋼筋混凝土造,85年3月9日,七層,四層 陽台 花台
RPVNMLRLKIOFFDM27CA,24,4.08,防空避難室、停車空間、門廳、屋頂突出物等公共設施,鋼筋混凝土造,85年3月9日,七層,
RPVNMLRLKIOFFDM27CA,24,5.00,梯間、走道,鋼筋混凝土造,85年3月9日,七層,
SPTNMLTJJHPFFCM96CA,29,82.00,住家用,加強磚造,79年11月24日,一層,一層 騎樓
RPRNMLMLJHPFFCM78CA,39,17.07,住家用,加強磚造,69年7月3日,一層,一層
RPRNMLMLJHPFFCM78CA,39,16.66,住家用,加強磚造,69年7月3日,一層,一層
RPSNMLMLJHPFFCM88CA,37,193.08,店舖、住宅、人行道,鋼筋混凝土造,71年8月19日,三層,一層 二層 三層 陽台 騎樓
RPRNMLMLJHPFFCM78CA,39,16.66,住家用,加強磚造,69年7月3日,一層,一層
RPRNMLKMKIOFFDM88CA,16,156.17,住商用,鋼筋混凝土造,93年5月26日,三層,一層 二層 三層 屋頂突出物
RPQNMLMJJHPFFCM48CA,21,110.72,人行道．店鋪．住宅,鋼筋混凝土造,87年12月31日,八層,一層 二層 陽台 騎樓
RPQNMLMJJHPFFCM48CA,21,57.94,停車場．避難室,鋼筋混凝土造,87年12月31日,八層,
RPRNMLMJJHPFFBM48CA,42,55.08,住家用,鋼筋混凝土加強磚造,66年9月29日,一層,一層
RPPNMLMLJHPFFBM58DA,34,163.19,住家用,鋼筋混凝土造,74年8月1日,四層,一層 二層 三層 四層 騎樓
RPUNMLMJJHPFFBM78CA,,103.14,住家用,加強磚造,,二層,一層 二層 電梯樓梯間
RPQNMLRJJHPFFBM88CA,44,91.03,住商用,鋼筋混凝土加強磚造,64年7月4日,二層,一層 二層 騎樓
RPQNMLQKJHPFFBM88CA,4,209.56,住宅、梯間,鋼筋混凝土造,104年7月14日,三層,一層 二層 三層 陽台 見其他登記事項
RPRNMLLLJHPFFBM58CA,4,96.38,集合住宅,鋼筋混凝土造,104年8月25日,七層,一層 陽台
RPRNMLLLJHPFFBM58CA,4,55.07,人行道、台電配電室、電信室、發電機室、梯間、機房、管委會空間、防空避難室兼停車空間、水箱,鋼筋混凝土造,104年8月25日,七層,
RPUNMLMJJHPFFAM68CA,32,142.35,住家用,鋼筋混凝土造,76年11月19日,四層,一層 二層 三層 四層
RPXNMLQKJHPFFAM86CA,41,111.18,住家用,鋼筋混凝土加強磚造,68年3月5日,二層,一層 二層
RPQNMLLMKIOFFAM58CA,39,112.56,住商用,鋼筋混凝土加強磚造,69年11月26日,二層,一層 二層 騎樓
RPPPMLLLJHPFFCM68CA,44,148.62,住家用,鋼筋混凝土加強磚造,64年11月15日,三層,一層 二層 三層
RPTNMLMJJHPFFBM68CA,24,119.59,住家用,鋼筋混凝土造,84年12月20日,七層,五層 陽台
RPTNMLMJJHPFFBM68CA,24,44.75,防空避難室、停車間、梯間、機械室、水箱,鋼筋混凝土造,84年12月20日,七層,
RPPNMLMJJHPFFCM38CA,15,175.27,住宅、梯間,鋼筋混凝土造,94年1月28日,三層,一層 二層 三層 陽台 屋頂突出物
RPRPMLLLJHPFFCM88CA,19,166.40,住家用,鋼筋混凝土造,90年1月11日,二層,一層 二層 陽台
RPQNMLNJJHPFFCM58CA,,80.80,住家用,磚石造,,一層,一層
RPQPMLLLJHPFFCM78CA,25,89.96,集合住宅,鋼筋混凝土造,83年12月31日,十二層,三層 陽台 花台
RPQPMLLLJHPFFCM78CA,25,19.96,樓梯間、機械房、水箱,鋼筋混凝土造,83年12月31日,十二層,
RPPNMLPJJHPFFDM78CA,42,80.64,住家用,鋼筋混凝土加強磚造,67年4月1日,二層,一層 二層
RPPNMLQJJHPFFDM88CA,34,150.64,住商用,鋼筋混凝土加強磚造,75年4月21日,二層,一層 二層 騎樓
RPSNMLQJJHPFFDM56CA,13,227.31,住家用,鋼筋混凝土造,95年7月28日,四層,一層 二層 三層 四層 陽台 屋頂突出物
RPUNMLMJJHPFFCM88CA,39,74.60,住家用,磚造,69年8月28日,一層,一層 騎樓
RPQNMLPJJHPFFCM78CA,19,108.24,住家用,鋼構造,89年12月21日,二層,一層 二層
RPPNMLSJJHPFFAM78CA,25,173.14,住商用,鋼筋混凝土造,83年10月22日,三層,一層 二層 三層 騎樓
RPPNMLRJJHPFFAM68CA,24,116.13,住家用,鋼筋混凝土造,85年5月3日,四層,一層 二層 三層 四層 陽台 平台 花台
RPPOMLQKJHPFFCM98CA,5,138.36,住宅、梯間,鋼筋混凝土造,104年1月7日,二層,一層 二層 雨遮 見其他登記事項
RPQNMLNKJHPFFBM58CA,,206.47,住宅、樓梯間、電梯間,鋼筋混凝土造,108年6月14日,三層,一層 二層 三層 陽台 見其他登記事項
RPWNMLQJJHPFFBM86DA,26,82.26,住家用,鋼筋混凝土造,82年5月27日,七層,五層 陽台 花台
RPWNMLQJJHPFFBM86DA,26,17.77,防空避難室、停車場、穿透走廊,鋼筋混凝土造,82年5月27日,七層,
RPWNMLQJJHPFFBM86DA,26,9.38,梯間、機械室、水塔,鋼筋混凝土造,82年5月27日,七層,
RPWNMLRJJHPFFAM76CA,41,111.18,住家用,鋼筋混凝土加強磚造,68年3月5日,二層,一層 二層
RPVNMLSJJHPFFAM76CA,,195.69,住宅、樓梯間,鋼筋混凝土造,108年10月24日,三層,一層 二層 三層 陽台 屋頂突出物
RPVQMLQJJHPFFAM86CA,38,105.96,住家用,鋼筋混凝土造,70年10月5日,二層,一層 二層 騎樓
RPSNMLTJJHPFFAM56CA,,198.61,住宅、樓梯間,鋼筋混凝土造,108年10月24日,三層,一層 二層 三層 陽台 屋頂突出物
RPRNMLQKJHPFFAM88CA,41,84.00,住商用,鋼筋混凝土加強磚造,68年1月26日,二層,一層 二層 騎樓
RPWQMLQJJHPFFAM96CA,13,170.48,住家用,鋼筋混凝土造,95年6月29日,三層,一層 二層 三層 陽台 屋頂突出物 雨遮
RPVNMLSJJHPFFBM86CA,,189.80,住宅、樓梯間,鋼筋混凝土造,108年8月28日,三層,一層 二層 三層 陽台 見其他登記事項
RPPNMLRJJHPFFBM78CA,25,164.84,住家用,鋼筋混凝土造,83年11月30日,三層,一層 二層 三層 陽台 平台 電梯樓梯間
RPTNMLNKJHPFFDM09CA,35,68.72,住家用,鋼筋混凝土加強磚造,73年6月29日,一層,一層
RPQNMLOKJHPFFBM68CA,31,115.28,住家用,加強磚造,77年11月28日,二層,一層 二層
RPPNMLTJJHPFFAM88CA,,165.70,集合住宅、私設騎樓,鋼筋混凝土造,108年7月3日,四層,一層 二層 三層 四層 陽台
RPPNMLQKJHPFFAM68CA,34,78.05,住家用,鋼筋混凝土造,74年11月19日,二層,一層 二層
RPQNMLOKJHPFFAM58CA,25,93.81,住家用,鋼筋混凝土造,83年11月9日,十六層,六層 陽台
RPQNMLOKJHPFFAM58CA,25,14.22,騎樓、人行道、梯間、避難室、機械室,鋼筋混凝土造,83年11月9日,十六層,
RPRNMLOKJHPFFAM68CA,21,384.09,住家用,鋼筋混凝土造,87年12月19日,三層,一層 二層 三層
RPSNMLQKJHPFFBM09CA,24,103.32,住家用,加強磚造,84年6月28日,二層,一層 二層 陽台 電梯樓梯間
RPWNMLLLJHPFFAM98CA,15,199.05,住商用,鋼筋混凝土造,93年10月15日,三層,一層 二層 三層 陽台 屋頂突出物 騎樓
RPOOMLOKJHPFFBM58CA,4,317.31,住宅、停車空間,鋼筋混凝土造,105年4月8日,四層,一層 二層 三層 四層 陽台
RPVNMLNJKHPFFBM09CA,1,166.22,住宅、停車空間,鋼筋混凝土造,107年10月11日,四層,一層 二層 三層 四層 陽台
RPVNMLNJKHPFFBM09CA,1,.17,住家用,鋼筋混凝土造,107年10月11日,一層,一層
RPVNMLNJKHPFFBM09CA,1,.41,住家用,鋼筋混凝土造,107年10月11日,一層,一層
RPUNMLRJJHPFFAM56CA,27,129.00,住家用,鋼筋混凝土造,81年12月21日,三層,一層 二層 三層
RPPNMLQKJHPFFDM98CA,33,309.44,住商用,鋼筋混凝土加強磚造,76年4月15日,四層,一層 二層 三層 四層 騎樓
RPRNMLRKJHPFFCM56CA,5,343.49,住宅、停車空間、樓梯間,鋼筋混凝土造,104年2月9日,四層,一層 二層 三層 四層 陽台 見其他登記事項
RPSPMLLLJHPFFCM98CA,22,248.47,住家用,鋼筋混凝土造,87年4月22日,四層,一層 二層 三層 四層 陽台 地下層
RPRNMLKKJHPFFCM48CA,13,211.95,店舖診所類場所、住宅,鋼筋混凝土造,95年12月19日,四層,一層 二層 三層 四層 陽台
RPRNMLOKJHPFFBM78CA,26,80.30,住家用,鋼筋混凝土造,83年3月10日,七層,五層 陽台
RPRNMLOKJHPFFBM78CA,26,34.45,防空避難室、停車間、機械室、水塔、梯間,鋼筋混凝土造,83年3月10日,七層,
RPRNMLKKJHPFFBM38CA,44,111.72,住商用,鋼筋混凝土加強磚造,64年11月8日,二層,一層 二層 騎樓
RPRNMLLLJHPFFAM48CA,43,73.53,住家用,鋼筋混凝土加強磚造,66年2月23日,一層,一層
RPSNMLNJKHPFFCM88CA,30,195.32,住家用,鋼筋混凝土造,79年1月1日,三層,一層 二層 三層 騎樓
RPQNMLNJKHPFFCM68CA,22,59.41,商業用,鋼筋混凝土造,86年11月19日,,
RPQNMLNJKHPFFCM68CA,22,176.85,住家用,鋼筋混凝土造,86年11月19日,四層,一層 二層 三層 四層 陽台 平台 屋頂突出物
RPVNMLOKJHPFFAM09CA,24,177.88,住商用,鋼筋混凝土造,84年7月4日,三層,一層 二層 三層 屋頂突出物 騎樓
RPQNMLKKJHPFFEM68DA,23,146.44,住家用,鋼筋混凝土造,86年4月18日,三層,一層 二層 三層
RPPNMLNKJHPFFAM38CA,27,115.01,住商用,鋼筋混凝土造,81年11月11日,三層,一層 二層 三層 騎樓
RPTOMLOKJHPFFAM98CA,,95.94,住家用,鋼筋混凝土造,,二層,一層 二層
RPSNMLOKJHPFFBM88CA,,245.95,住家用,鋼筋混凝土造,108年9月25日,四層,一層 二層 三層 四層 陽台
RPXNMLOKJHPFFBM76CA,24,.76,辦公室,鋼筋混凝土造,84年9月27日,十二層,地下二層
RPXNMLOKJHPFFBM76CA,24,16.43,停車空間、防空避難室、水塔、管理室、梯間、走道、機械室、門廳,鋼筋混凝土造,84年9月27日,十二層,
RPXNMLOKJHPFFBM76CA,24,108.51,住家用,鋼筋混凝土造,84年9月27日,十二層,八層 陽台
RPXNMLOKJHPFFBM76CA,24,30.58,停車空間、防空避難室、水塔、管理室、梯間、走道、機械室、門廳,鋼筋混凝土造,84年9月27日,十二層,
RPRNMLPKJHPFFBM88CA,26,146.72,住家用,鋼筋混凝土造,82年9月1日,三層,一層 二層 三層 陽台 電梯樓梯間
RPUNMLOKJHPFFBM09CA,7,15.00,農舍,鋼鐵造有牆,102年5月15日,一層,一層
RPTNMLMLJHPFFAM78CA,27,129.00,住家用,鋼筋混凝土造,81年12月21日,三層,一層 二層 三層
RPSNMLKKJHPFFBM48CA,26,83.33,住家用,鋼筋混凝土造,82年11月24日,七層,四層 陽台 花台
RPSNMLKKJHPFFBM48CA,26,27.62,防空避難室、停車空間、水箱、管理室、昇降機、梯間、機械室,鋼筋混凝土造,82年11月24日,七層,
RPXNMLQKJHPFFCM07CA,34,217.82,住商用,鋼筋混凝土造,74年5月31日,三層,一層 二層 三層
RPRNMLQKJHPFFCM09CA,21,161.63,住家用,鋼筋混凝土造,87年7月20日,三層,一層 二層 三層
RPPNMLOKJHPFFCM68CA,39,93.87,住商用,加強磚造,69年10月4日,二層,一層 二層 騎樓
RPSNMLLLJHPFFBM68CA,25,166.95,住家用,鋼筋混凝土造,84年3月8日,三層,一層 二層 三層 陽台 平台
RPUNMLNJKHPFFBM98CA,41,83.34,住商用,鋼筋混凝土造,68年4月6日,二層,一層 二層 騎樓
RPOOMLNJKHPFFCM58CA,2,236.37,住家用,鋼筋混凝土造,106年7月13日,四層,一層 二層 三層 四層 陽台 雨遮
RPUNMLMLJHPFFCM09CA,40,85.04,住家用,加強磚造,69年5月23日,二層,一層 二層
RPRNMLNKJHPFFCM78CA,5,228.62,住宅、停車空間、樓梯間、水塔間,鋼筋混凝土造,104年3月30日,四層,一層 二層 三層 四層 陽台 雨遮 見其他登記事項
RPSNMLPKJHPFFDM56CA,13,124.42,住家用,鋼筋混凝土造,96年4月13日,二層,一層 二層 陽台 雨遮
RPUNMLKKJHPFFBM68CA,37,66.60,住商用,鋼筋混凝土造,71年11月15日,二層,一層 二層 騎樓
RPVNMLMLJHPFFCM56CA,17,330.39,自用農舍,鋼筋混凝土造,91年10月30日,三層,一層 二層 三層 陽台
RPTNMLNJKHPFFCM98CA,9,124.34,農舍,鋼骨ＲＣ造、鋼鐵造有牆,99年7月30日,二層,一層 二層 陽台
RPOOMLOKJHPFFAM48CA,17,148.53,住商用,鋼筋混凝土造,91年12月13日,三層,一層 二層 三層 陽台 雨遮
RPQNMLKMJHPFFEM78CA,,204.11,住宅、樓梯間,ＲＣ造,108年11月19日,三層,一層 二層 三層 陽台 見其他登記事項
RPQNMLKKKHPFFDM58CA,15,432.35,住家用,鋼筋混凝土造,93年12月31日,一層,一層
RPVNMLMLJHPFFAM98CA,3,337.43,集合住宅﹝附屬停車空間﹞、梯間、機械室、水箱,鋼筋混凝土造,106年1月25日,五層,一層 二層 三層 四層 五層 陽台 屋頂突出物 雨遮 地下一層 見其他登記事項
RPVNMLMLJHPFFAM98CA,3,50.32,防空避難室兼停車空間﹝附屬停車空間、管委會空間﹞、梯間、機械室、水箱,鋼筋混凝土造,106年1月25日,六層,
RPQOMLOKJHPFFAM68CA,25,98.00,住家用,鋼筋混凝土造,83年11月9日,十六層,二層 陽台
RPQOMLOKJHPFFAM68CA,25,14.90,騎樓、人行道、梯間、避難室、機械室,鋼筋混凝土造,83年11月9日,十六層,
RPVNMLKLJHPFFAM78CA,25,134.98,住家用,鋼筋混凝土造,83年6月18日,三層,一層 二層 三層 屋頂突出物
RPPNMLOKJHPFFBM58CA,17,162.11,住家用,鋼筋混凝土造,92年3月24日,三層,一層 二層 三層 陽台 屋頂突出物
RPPNMLLLJHPFFAM28CA,26,55.80,住家用,鋼筋混凝土造,82年12月8日,十層,十層 陽台
RPPNMLLLJHPFFAM28CA,26,11.70,防空避難室、停車場,鋼筋混凝土造,82年12月8日,十層,
RPPNMLLLJHPFFAM28CA,26,55.80,住家用,鋼筋混凝土造,82年12月8日,十層,十層 陽台
RPPNMLLLJHPFFAM28CA,26,11.70,防空避難室、停車場,鋼筋混凝土造,82年12月8日,十層,
RPPNMLMLJHPFFAM38CA,38,89.30,住商用,鋼筋混凝土加強磚造,71年3月30日,二層,一層 二層 騎樓
RPOOMLKLJHPFFAM18CA,3,147.96,集合住宅,鋼筋混凝土造,105年7月26日,三層,一層 二層 三層 陽台
SPVNMLPKJHPFFCM86CA,39,18.14,住家用,加強磚造,70年1月23日,一層,一層
RPVNMLPKJHPFFCM76CA,39,18.21,住家用,加強磚造,70年1月23日,一層,一層
RPQOMLQKJHPFFCM09CA,5,228.62,住宅、停車空間、樓梯間、水塔間,鋼筋混凝土造,104年3月30日,四層,一層 二層 三層 四層 陽台 雨遮 見其他登記事項
RPTNMLKLJHPFFBM68CA,87,21.75,住家用,土造,21年12月30日,一層,一層
RPPNMLLLJHPFFCM48CA,30,140.84,住家用,鋼筋混凝土造,79年4月25日,二層,一層 二層
RPTNMLRKJHPFFCM76CA,5,108.72,Ｈ２農舍,鋼鐵造有牆,103年9月3日,一層,一層
RPOOMLNKJHPFFDM68CA,40,94.92,住家用,鋼筋混凝土加強磚造,68年8月3日,二層,一層 二層 騎樓
RPUNMLLLJHPFFCM98CA,22,175.58,住家用,鋼筋混凝土造,86年11月19日,四層,一層 二層 三層 四層 陽台 平台 屋頂突出物
RPUNMLLLJHPFFCM98CA,22,59.41,商業用,鋼筋混凝土造,86年11月19日,,
RPVNMLLLJHPFFCM09CA,24,145.48,住家用,鋼筋混凝土造,84年12月30日,四層,一層 二層 三層 四層 陽台 平台 花台
RPPNMLNJKHPFFDM68CA,24,40.60,住家用,鋼筋混凝土造,85年3月1日,四層,陽台 地下四層
RPPNMLNJKHPFFDM68CA,24,20.20,儲藏室、樓梯、走道,鋼筋混凝土造,85年3月1日,四層,
RPPNMLKLJHPFFBM28CA,37,206.51,住商用,鋼筋混凝土造,71年9月3日,三層,一層 二層 三層 騎樓
RPSNMLLLJHPFFDM88CA,30,328.37,住商用,鋼筋混凝土加強磚造,78年11月9日,四層,一層 二層 三層 四層 陽台 騎樓
RPTNMLPKJHPFFCM56CA,50,47.20,住家用,鋼筋混凝土加強磚造,59年6月1日,一層,一層
RPQNMLPKJHPFFAM68CA,38,69.48,住家用,鋼筋混凝土加強磚造,70年5月30日,二層,一層 二層
RPROMLQKJHPFFCM56CA,40,97.85,住家用,鋼筋混凝土加強磚造,68年9月11日,二層,一層 二層 騎樓
RPSNMLPKJHPFFAM88CA,41,143.22,住家用,鋼筋混凝土加強磚造,,二層,一層 二層
RPOOMLLLJHPFFCM58DA,27,153.70,住家用,加強磚造,81年12月4日,二層,一層 二層
RPUNMLMLJHPFFAM88CA,67,25.08,住家用,加強磚造,,一層,一層
RPXNMLPKJHPFFAM76CA,40,81.41,住家用,鋼筋混凝土加強磚造,69年2月1日,二層,一層 二層
RPPNMLRKJHPFFAM78CA,39,231.89,避難室、人行道、店舖、住宅,鋼筋混凝土造,70年3月5日,三層,一層 二層 三層 騎樓 地下一層
RPQNMLMLJHPFFAM48CA,25,90.30,住家用,鋼筋混凝土造,83年11月9日,十六層,十五層 陽台
RPQNMLMLJHPFFAM48CA,25,13.66,騎樓、人行道、梯間、避難室、機械室,鋼筋混凝土造,83年11月9日,十六層,
RPWOMLQKJHPFFAM86CA,2,211.78,停車空間、住宅,鋼筋混凝土造,107年2月27日,四層,一層 二層 三層 四層 陽台
RPQNMLRKJHPFFCM09CA,24,175.01,住家用,鋼筋混凝土造,84年12月30日,四層,一層 二層 三層 四層 陽台 平台 花台
RPWNMLKKKHPFFBM98CA,16,112.66,集合住宅,鋼筋混凝土造,93年2月5日,七層,二層 陽台
RPWNMLKKKHPFFBM98CA,16,66.33,防空避難室兼停車空間、梯間、社區活動室、機械室、水箱,鋼筋混凝土造,93年2月5日,七層,
RPPNMLQLJHPFFCM98CA,25,107.88,住商用,鋼筋混凝土造,83年5月30日,七層,一層 二層 陽台 平台 騎樓
RPPNMLQLJHPFFCM98CA,25,8.64,防空避難室、汽車升降室、辦公室、機械室、水箱,鋼筋混凝土造,83年5月30日,七層,
RPQNMLKLJHPFFDM58CA,1,147.28,住家用,鋼筋混凝土造,107年7月5日,三層,一層 二層 三層 陽台
RPWNMLNJKHPFFCM66CA,,186.14,住家用,鋼筋混凝土造,108年6月28日,三層,一層 二層 三層 陽台
RPQNMLRJKHPFFCM09CA,1,203.24,集合住宅,鋼筋混凝土造,107年8月10日,四層,一層 二層 三層 四層 陽台
RPQNMLRKJHPFFBM98CA,20,184.82,住家用,鋼筋混凝土造,88年11月6日,四層,一層 二層 三層 四層 陽台
RPXNMLKLJHPFFBM09CA,25,71.63,住家用,鋼筋混凝土造,83年10月21日,七層,四層 陽台 花台
RPXNMLKLJHPFFBM09CA,25,25.19,共有部份,鋼筋混凝土造,83年10月21日,七層,
RPRNMLRKJHPFFBM09CA,31,211.12,住商用,鋼筋混凝土造,77年11月30日,四層,一層 二層 三層 四層 騎樓
RPPOMLKLJHPFFBM38CA,2,91.38,集合住宅,鋼筋混凝土造,107年5月2日,十一層,五層 陽台
RPPOMLKLJHPFFBM38CA,2,62.74,本共有部分之項目有停車空間、昇降機間、梯廳、無障礙安全梯、消防機房、發電機房、水箱間、防空避難室兼停車空間、台電配電場所、電信機房、管委會使用空間、戶外安全梯、機械室及樓梯間等１４項,鋼筋混凝土造,107年5月2日,十一層,
RPQNMLKLJHPFFBM38CA,21,168.23,住家用,鋼筋混凝土造,87年11月6日,三層,一層 二層 三層 陽台 平台 屋頂突出物
RPSNMLLLJHPFFCM78CA,36,128.97,住商用,鋼筋混凝土造,72年7月11日,二層,一層 二層 騎樓
RPQNMLLMJHPFFAM48CA,25,215.49,住宅、貯藏室,鋼筋混凝土造,83年6月23日,四層,一層 二層 三層 四層 陽台 平台 花台 地下層
RPQNMLLMJHPFFAM48CA,25,30.85,貯藏室,鋼筋混凝土造,83年6月23日,,
RPPNMLOJKHPFFAM48CA,41,98.40,住家用,鋼筋混凝土加強磚造,68年5月31日,二層,一層 二層
RPPNMLPJKHPFFAM58CA,12,226.40,停車空間、住宅,鋼筋混凝土造,97年1月31日,四層,一層 二層 三層 四層 陽台
RPVNMLOJKHPFFAM09CA,6,323.85,停車空間、樓梯間、辦公室、住宅,鋼筋混凝土造,102年12月2日,四層,一層 二層 三層 四層 陽台 屋頂突出物
RPTOMLKLJHPFFAM68CA,22,193.49,住家用,鋼筋混凝土造,86年9月6日,三層,一層 二層 三層 陽台 屋頂突出物
RPQNMLKLJHPFFCM48CA,39,106.52,住商用,加強磚造,70年4月25日,二層,一層 二層 陽台
RPSNMLKLJHPFFBM58CA,16,180.34,住家用,鋼筋混凝土造,92年8月26日,三層,一層 二層 三層 陽台 屋頂突出物
RPRNMLRJKHPFFBM09CA,60,193.78,商業用,磚造,49年3月22日,二層,一層 二層 騎樓
RPRNMLMKKHPFFAM58CA,26,175.02,住商用,鋼筋混凝土造,82年7月28日,三層,一層 二層 三層 見其他登記事項
RPRNMLQLJHPFFCM56CA,24,133.18,住家用,鋼筋混凝土造,84年9月14日,三層,一層 二層 三層 陽台 平台 花台
RPPNMLPLJHPFFCM88CA,1,247.45,住家用,鋼筋混凝土造,108年1月3日,四層,一層 二層 三層 四層 陽台
RPSNMLQLJHPFFCM66CA,25,91.21,農舍,加強磚造,84年5月24日,一層,一層
RPXNMLLLJHPFFCM66CA,36,135.22,住家用,加強磚造,72年11月23日,二層,一層 二層 陽台
RPPOMLNJKHPFFCM68CA,,186.47,住家用,鋼筋混凝土造,108年6月28日,三層,一層 二層 三層 陽台
RPROMLNJKHPFFCM88CA,,186.28,住家用,鋼筋混凝土造,108年6月28日,三層,一層 二層 三層 陽台
RPUNMLKLJHPFFCM88CA,43,72.73,住家用,加強磚造,65年12月10日,一層,一層 騎樓
RPSNMLKLJHPFFCM68CA,35,81.46,住家用,鋼筋混凝土加強磚造,73年9月8日,二層,一層 二層
RPSNMLKLJHPFFCM68CA,35,83.70,住家用,鋼筋混凝土加強磚造,73年9月8日,二層,一層 二層
RPWNMLMLJHPFFAM09CA,44,81.56,住商用,鋼筋混凝土加強磚造,65年4月6日,二層,一層 二層
RPOOMLLLJHPFFAM28CA,1,166.80,住宅、水塔間,鋼筋混凝土造,107年9月19日,三層,一層 二層 三層 陽台 屋頂突出物
RPQNMLKMJHPFFAM38CA,17,195.93,農舍,鋼鐵造有牆,91年8月16日,一層,一層
RPPNMLMKKHPFFCM58CA,24,146.54,住家用,鋼筋混凝土造,84年12月30日,四層,一層 二層 三層 四層 陽台 平台 花台
RPRNMLOJKHPFFBM78CA,1,.17,住家用,鋼筋混凝土造,107年10月11日,一層,一層
RPRNMLOJKHPFFBM78CA,1,.41,住家用,鋼筋混凝土造,107年10月11日,一層,一層
RPRNMLOJKHPFFBM78CA,1,191.28,住宅、停車空間,鋼筋混凝土造,107年10月11日,四層,一層 二層 三層 四層 陽台
RPPNMLOJKHPFFDM78CA,39,112.34,住家用,鋼筋混凝土加強磚造,70年3月17日,二層,一層 二層 騎樓
RPSNMLLMJHPFFCM88CA,25,39.81,避難室兼停車場、門、梯間、突出物、機械房、水箱,鋼筋混凝土造,83年7月7日,十三層,
RPSNMLLMJHPFFCM88CA,25,97.70,集合住宅,鋼筋混凝土造,83年7月7日,十三層,十二層 陽台 花台
RPTNMLLMJHPFFCM98CA,40,65.08,住宅、人行道,加強磚造,69年5月28日,一層,一層 騎樓
RPPNMLKKKHPFFAM28DA,25,210.12,住家用,鋼筋混凝土造,83年7月26日,三層,一層 二層 三層
RPWNMLPJKHPFFBM86DA,19,140.62,住家用,鋼筋混凝土造,90年5月21日,二層,一層 二層 陽台 屋頂突出物 騎樓
RPRNMLMKKHPFFDM98DA,29,236.31,住商用,鋼筋混凝土造,80年1月17日,三層,一層 二層 三層 騎樓
RPPNMLKKKHPFFBM28CA,27,156.63,住家用,加強磚造、鋼架造有牆,82年5月8日,二層,一層 二層
RPQNMLOJKHPFFBM68CA,7,184.26,住宅、樓梯間,鋼筋混凝土造,102年4月11日,三層,一層 二層 三層 陽台 雨遮 見其他登記事項
RPPNMLLMJHPFFBM48CA,24,233.41,商業用,鋼筋混凝土造,84年9月27日,十二層,一層 二層 騎樓
RPUNMLNKKHPFFBM09CA,24,193.72,住家用,鋼筋混凝土造,84年8月2日,四層,一層 二層 三層 四層 陽台 平台 花台
RPRNMLLKKHPFFBM58CA,24,164.81,住商用,鋼筋混凝土造,84年9月21日,八層,一層 二層 三層 陽台 平台 騎樓 花台
RPRNMLLKKHPFFBM58CA,24,39.22,停車場、避難室、梯間、機械房、水塔、門廳,鋼筋混凝土造,84年9月21日,八層,
RPRNMLRJKHPFFAM98CA,41,54.52,住商用,鋼筋混凝土加強磚造,68年4月6日,二層,一層 二層 騎樓
RPTNMLPJKHPFFAM98CA,4,259.19,集合住宅、梯間,鋼筋混凝土造,104年11月20日,三層,一層 二層 三層 陽台 屋頂突出物 雨遮 見其他登記事項
RPTNMLPJKHPFFAM98CA,4,.32,集合住宅,鋼筋混凝土造,104年11月20日,一層,一層
RPRNMLPJKHPFFAM78CA,14,173.73,住家用,鋼筋混凝土造,95年5月19日,三層,一層 二層 三層 陽台 平台 屋頂突出物 雨遮
RPTNMLKMJHPFFAM68CA,6,491.59,農舍,鋼骨鋼筋混凝土造,102年10月22日,三層,一層 二層 三層
RPUNMLNJKHPFFAM88CA,24,179.07,住家用,鋼筋混凝土造,84年6月28日,三層,一層 二層 三層
RPPNMLKMJHPFFAM28CA,,198.61,住宅、樓梯間,鋼筋混凝土造,108年10月24日,三層,一層 二層 三層 陽台 屋頂突出物
RPOOMLPJKHPFFBM68CA,25,103.32,住家用,加強磚造,83年10月19日,二層,一層 二層 陽台 電梯樓梯間
RPSNMLOJKHPFFBM88CA,4,208.55,住宅、梯間,鋼筋混凝土造,104年7月14日,三層,一層 二層 三層 陽台 見其他登記事項
RPVNMLMKKHPFFCM56CA,3,370.37,住家用,鋼筋混凝土造,106年5月18日,四層,一層 二層 三層 四層 陽台
RPTNMLKKKHPFFCM78CA,13,163.94,住宅、樓梯間,鋼筋混凝土造,96年5月23日,三層,一層 二層 三層 陽台 屋頂突出物
RPPOMLOJKHPFFAM58CA,38,146.70,住商用,鋼筋混凝土加強磚造,70年10月15日,二層,一層 二層 騎樓
RPSNMLOJKHPFFAM78CA,25,92.53,住家用,鋼筋混凝土造,84年5月1日,七層,七層 陽台
RPSNMLOJKHPFFAM78CA,25,38.13,水塔、電梯、門廊、地下層、瞭望臺,鋼筋混凝土造,84年5月1日,七層,
RPTNMLOJKHPFFAM88CA,23,168.50,住商用,鋼筋混凝土造,85年7月24日,四層,一層 二層 三層 四層 陽台 平台
RPTNMLMKKHPFFAM78CA,22,17.18,停車空間,鋼筋混凝土造,86年9月19日,十四層,
SPTNMLTKKHPFFAM96CA,3,94.05,集合住宅﹝附屬停車空間﹞、梯間、機械室、水箱,鋼筋混凝土造,106年1月25日,七層,七層 雨遮
SPTNMLTKKHPFFAM96CA,3,19.18,防空避難室兼停車空間﹝附屬停車空間、管委會空間﹞、梯間、機械室、水箱,鋼筋混凝土造,106年1月25日,六層,
SPTNMLTKKHPFFAM96CA,3,8.98,梯間,鋼筋混凝土造,106年1月25日,七層,
RPUNMLNKKHPFFAM98CA,39,87.33,住家用,鋼筋混凝土加強磚造,70年6月4日,二層,一層 二層
RPTNMLTKKHPFFAM86CA,3,45.11,集合住宅﹝附屬停車空間﹞、梯間、機械室、水箱,鋼筋混凝土造,106年1月25日,七層,七層 陽台 屋頂突出物 雨遮 見其他登記事項
RPTNMLTKKHPFFAM86CA,3,11.80,防空避難室兼停車空間﹝附屬停車空間、管委會空間﹞、梯間、機械室、水箱,鋼筋混凝土造,106年1月25日,六層,
RPTNMLTKKHPFFAM86CA,3,8.98,梯間,鋼筋混凝土造,106年1月25日,七層,
RPRNMLOJKHPFFAM68CA,23,177.18,住家用,鋼筋混凝土造,85年7月5日,三層,一層 二層 三層 屋頂突出物 騎樓
RPTNMLKKKHPFFBM68CA,16,112.04,集合住宅,鋼筋混凝土造,93年2月5日,七層,六層 陽台
RPTNMLKKKHPFFBM68CA,16,65.31,防空避難室兼停車空間、梯間、社區活動室、機械室、水箱,鋼筋混凝土造,93年2月5日,七層,
RPQNMLOJKHPFFCM78CA,26,81.15,集合住宅,鋼筋混凝土造,83年1月14日,十一層,九層 陽台 花台
RPQNMLOJKHPFFCM78CA,26,36.19,１﹒停車空間、防空避難室  ２﹒梯間、機械室、水箱,鋼筋混凝土造,83年1月14日,十一層,
RPSNMLPJKHPFFCM09CA,14,209.88,住宅、梯間,鋼筋混凝土造,95年4月13日,三層,一層 二層 三層 陽台 屋頂突出物
RPTNMLQJKHPFFCM66CA,8,224.95,住家用,鋼筋混凝土造,101年5月10日,三層,一層 二層 三層 陽台 雨遮
RPQNMLQJKHPFFEM56CA,50,83.20,店舖、住宅,磚造ＲＣ加強,58年9月22日,二層,一層 二層 騎樓
RPRNMLRJKHPFFEM76CA,,200.64,住宅、樓梯間,ＲＣ造,108年11月19日,三層,一層 二層 三層 陽台 見其他登記事項
RPPNMLOKKHPFFEM98CA,38,143.09,住商用,鋼筋混凝土加強磚造,70年12月30日,三層,一層 二層 三層 騎樓
RPRNMLMKKHPFFDM09EA,29,246.85,住商用,鋼筋混凝土造,80年1月17日,三層,一層 二層 三層 陽台 屋頂突出物 騎樓
RPRNMLQJKHPFFDM56CA,13,74.97,住家用,加強磚造,95年11月23日,一層,一層
RPVNMLQJKHPFFDM96CA,29,167.96,住家用,鋼筋混凝土造,79年9月12日,三層,一層 二層 三層 陽台 地下層
RPRNMLPLKHPFFCM56CA,12,222.27,農舍,鋼骨造、ＲＣ造,97年1月14日,三層,一層 二層 三層 陽台
RPQNMLLKKHPFFCM58CA,38,80.86,住家用,鋼筋混凝土造,71年2月15日,二層,一層 二層 陽台
RPSNMLLKKHPFFCM78CA,15,212.34,住家用,鋼筋混凝土造,94年3月18日,四層,一層 二層 三層 四層
RPTNMLOJKHPFFBM98CA,28,37.00,住家用,鋼筋混凝土造,79年12月15日,五層,五層 陽台
RPTNMLOJKHPFFBM98CA,28,11.84,樓梯、通道、電梯、水箱,鋼筋混凝土造,79年12月15日,五層,
RPQNMLPJKHPFFBM78CA,40,78.34,住家用,鋼筋混凝土加強磚造,68年6月26日,一層,一層
RPVNMLRJKHPFFAM76CA,11,79.71,商業用,鋼骨造有牆,98年6月18日,一層,一層 雨遮
RPXNMLOJKHPFFAM66CA,31,72.99,住商用,鋼筋混凝土造,77年8月5日,二層,一層 二層 騎樓
RPXNMLPJKHPFFBM86CA,29,18.51,住家用,鋼筋混凝土造,79年12月15日,五層,五層 陽台
RPXNMLPJKHPFFBM86CA,29,5.92,樓梯、通道、電梯、水箱,鋼筋混凝土造,79年12月15日,五層,
RPUNMLPJKHPFFAM09CA,25,98.00,住家用,鋼筋混凝土造,83年11月9日,十六層,六層 陽台
RPUNMLPJKHPFFAM09CA,25,21.90,騎樓、人行道、梯間、避難室、機械室,鋼筋混凝土造,83年11月9日,十六層,
RPPNMLQJKHPFFBM78CA,30,114.17,住家用,鋼筋混凝土造,79年3月9日,二層,一層 二層 陽台 屋頂突出物
RPSNMLMKKHPFFCM88CA,18,174.00,自用農舍,鋼筋混凝土造,91年1月9日,二層,一層 二層 門廳
RPRNMLLKKHPFFCM68CA,26,94.97,住家用,鋼筋混凝土造,83年1月11日,二層,一層 二層
RPVNMLPJKHPFFCM76CA,,104.00,住商用,鋼筋混凝土加強磚造,,二層,一層 二層 騎樓
RPQNMLQJKHPFFCM98CA,43,167.69,住家用,加強磚造,66年1月22日,二層,一層 二層 倉庫
RPQNMLQJKHPFFCM98CA,43,174.27,住家用,加強磚造,66年1月22日,二層,一層 二層 倉庫
RPQNMLQJKHPFFCM98CA,60,183.19,住商用,鋼筋混凝土加強磚造,49年1月15日,三層,一層 二層 三層 騎樓
RPUNMLNJLHPFFCM56CA,39,19.27,住家用,加強磚造,69年7月3日,一層,一層
RPQNMLQJKHPFFAM88DA,40,95.25,住家用,鋼筋混凝土加強磚造,68年10月17日,二層,一層 二層
RPSNMLNKKHPFFDM09CA,40,219.27,住家用,鋼筋混凝土造,69年1月1日,三層,一層 二層 三層 騎樓
RPUNMLLKKHPFFCM98CA,27,156.49,住宅、車房,鋼筋混凝土造,82年6月18日,四層,一層 二層 三層 四層 電梯樓梯間
RPPNMLMKKHPFFAM38CA,39,86.40,住家用,鋼筋混凝土加強磚造,69年12月1日,二層,一層 二層
RPWNMLPJLHPFFCM96CA,44,74.67,住家用,鋼筋混凝土加強磚造,65年1月6日,二層,一層 二層
RPPNMLSKKHPFFAM98CA,27,126.93,住家用,鋼筋混凝土造,81年9月18日,三層,一層 二層 三層
RPSNMLMKKHPFFAM68CA,25,244.55,住家用,鋼筋混凝土造,83年10月7日,四層,一層 二層 三層 四層 陽台 平台
RPSNMLMKKHPFFAM68CA,25,65.40,屋頂突出物、梯間、警衛室、防空避難室、停車空間,鋼筋混凝土造,83年10月7日,十一層,
RPQNMLRJKHPFFBM98CA,26,89.50,住家用,鋼筋混凝土造,82年12月21日,十二層,六層 陽台 花台
RPQNMLRJKHPFFBM98CA,26,13.80,防空避難室、停車空間、水塔、機械房、梯間、膫望台,鋼筋混凝土造,82年12月21日,十二層,
RPSNMLQLKHPFFCM76CA,40,65.00,住家用,加強磚造,68年12月3日,一層,一層
RPUNMLKKKHPFFCM88CA,19,182.56,人行道、店舖、住宅,鋼骨鋼筋混凝土造,90年4月3日,三層,一層 二層 三層 陽台 屋頂突出物 騎樓
RPQNMLMKKHPFFAM48CA,22,112.59,住家用,鋼筋混凝土造,87年2月9日,三層,一層 二層 三層
RPVNMLKKKHPFFAM78CA,2,249.32,人行道、店舖、集合住宅、停車空間,鋼筋混凝土造,106年11月7日,四層,一層 二層 三層 四層 陽台 騎樓
RPVNMLMKKHPFFAM98CA,36,139.64,住家用,鋼筋混凝土加強磚造,72年7月20日,二層,一層 二層
RPRNMLPKKHPFFAM88CA,24,156.28,住家用,鋼筋混凝土造,85年1月13日,三層,一層 二層 三層 陽台 平台 屋頂突出物 花台
RPPNMLLJLHPFFAM28CA,1,224.37,住家用,鋼筋混凝土造,107年12月19日,四層,一層 二層 三層 四層 陽台
RPSNMLRLKHPFFAM66CA,,166.21,集合住宅、私設騎樓,鋼筋混凝土造,108年7月3日,四層,一層 二層 三層 四層 陽台
RPQNMLTKKHPFFBM66CA,40,121.12,住家用,鋼筋混凝土加強磚造,68年10月16日,二層,一層 二層
