﻿鄉鎮市區,交易標的,土地位置建物門牌,土地面積平方公尺,都市土地使用分區,非都市土地使用分區,非都市土地使用編定,租賃年月日,租賃筆棟數,租賃層次,總樓層數,建物型態,主要用途,主要建材,建築完成年月,建物總面積平方公尺,建物現況格局-房,建物現況格局-廳,建物現況格局-衛,建物現況格局-隔間,有無管理組織,有無附傢俱,總額元,單價元平方公尺,車位類別,車位面積平方公尺,車位總額元,備註,編號
The villages and towns urban district,transaction sign,land sector position building sector house number plate,land shifting total area square meter,the use zoning or compiles and checks,the non-metropolis land use district,non-metropolis land use,transaction year month and day,transaction pen number,shifting level,total floor number,building state,main use,main building materials,construction to complete the years,building shifting total area,Building present situation pattern - room,building present situation pattern - hall,building present situation pattern - health,building present situation pattern - compartmented,Whether there is manages the organization,Whether there is attaches the furniture,total price NTD,the unit price (NTD / square meter),the berth category,berth shifting total area square meter,the berth total price NTD,the note,serial number
新竹市,建物,新竹市新竹市中華路6段799巷8弄9號8樓之3,0.0,,山坡地保育區,丙種建築用地,1081017,土地0建物1車位0,八層,11,住宅大樓(11層含以上有電梯),住家用,鋼筋混凝土造,,92.02000000000001,2,1,2,有,無,有,12000,130,,0.0,0,,RPXPMLNKJIOFFAO17CC
新竹市,建物,新竹市新竹市慈雲路８６號十樓之６,0.0,商,,,1081022,土地0建物1車位1,十層,29,住宅大樓(11層含以上有電梯),見其他登記事項,鋼筋混凝土造,1080425,175.1,3,2,2,有,有,有,20000,114,坡道平面,0.0,0,租金含管理費。車位面積無法分算。,RPSNMLOKJIOFFAO56CC
新竹市,房地(土地+建物),新竹市新竹市金竹路86巷22之1號,99.0,住,,,1081030,土地1建物0車位0,全,4,透天厝,集合住宅、停車空間、樓梯間,鋼筋混凝土造,1040730,249.18,3,2,5,有,無,無,30000,120,,0.0,0,,RPOOMLPKJIOFFAO09DC
新竹市,建物,新竹市新竹市關新路19巷115號七樓,0.0,其他,,,1081111,土地0建物1車位1,七層,15,住宅大樓(11層含以上有電梯),見其他登記事項,鋼筋混凝土造,0980601,154.19,3,2,2,有,無,有,26000,169,坡道平面,23.26,0,,RPSQMLPKJIOFFAO07DC
新竹市,建物,新竹市新竹市國光街９４號五樓,0.0,住,,,1081029,土地0建物0車位0,五層,7,華廈(10層含以下有電梯),住家用,鋼筋混凝土造,0811228,33.79,1,0,0,有,無,無,5500,163,,0.0,0,部分承租，公設面積無法分算。作雅房使用。,RPUPMLKLJIOFFAO66CC
新竹市,建物,新竹市新竹市關新二街109號21樓,0.0,住,,,1081027,土地0建物1車位1,二十一層,22,住宅大樓(11層含以上有電梯),見其他登記事項,鋼筋混凝土造,1040525,238.42000000000002,4,2,2,有,有,有,42116,177,坡道平面,0.0,0,含管理費、稅金或水電等費用。；,RPTOMLQLJIOFFAO07CC
新竹市,建物,新竹市新竹市南門街47號四樓之2,0.0,商,,,1080921,土地0建物1車位0,四層,10,套房(1房1廳1衛),見其他登記事項,鋼筋混凝土造,1020130,41.49,1,0,1,有,有,有,11000,265,,0.0,0,租金含管理費700元,RPSNMLRLJIOFFAO96CC
新竹市,建物,新竹市新竹市金竹路102巷8之12號六樓,0.0,住,,,1081108,土地0建物1車位0,六層,7,套房(1房1廳1衛),住家用,鋼筋混凝土造,0810331,29.439999999999998,1,0,1,有,有,有,7000,238,,0.0,0,租金含管理費500元,RPTPMLTLJIOFFAO47CC
新竹市,建物,新竹市新竹市民生路279號7樓之4,0.0,商,,,1081111,土地0建物1車位0,七層,12,住宅大樓(11層含以上有電梯),住家用,鋼筋混凝土造,0830122,75.76,2,2,2,有,無,有,10500,139,,0.0,0,,RPVPMLTLJIOFFAO67CC
新竹市,建物,新竹市新竹市博愛街32號3樓,0.0,住,,,1081112,土地0建物1車位0,三層,5,公寓(5樓含以下無電梯),住家用,鋼筋混凝土造,,96.74,3,2,1,有,無,有,15000,155,,0.0,0,,RPWPMLTLJIOFFAO77CC
新竹市,建物,新竹市新竹市高峰路164巷32號,0.0,,,,1081111,土地1建物0車位0,全,2,透天厝,住家用,鋼筋混凝土造,0760504,190.49,5,3,2,有,無,無,20000,105,,0.0,0,,RPROMLKMJIOFFAO98CC
新竹市,建物,新竹市新竹市牛埔北路37巷138號,0.0,,,,1081121,土地1建物0車位0,全,4,透天厝,店鋪、集合住宅、樓梯間,鋼筋混凝土造,1070831,201.79,4,1,2,有,無,無,24000,119,,0.0,0,,RPSOMLKMJIOFFAO09CC
新竹市,建物,新竹市新竹市高峰路124號4樓,0.0,住,,,1081118,土地0建物1車位0,四層,5,公寓(5樓含以下無電梯),住家用,鋼筋混凝土造,,104.61,3,1,2,有,無,有,16000,153,,0.0,0,,RPQQMLMJKIOFFAO09CC
新竹市,建物,新竹市新竹市中華路三段46號16樓之2,0.0,商,,,1081105,土地0建物1車位0,十六層,17,住宅大樓(11層含以上有電梯),住家用,鋼筋混凝土造,0860520,120.36,3,2,2,有,有,有,17000,141,坡道機械,0.0,0,租金含管理費1500元,RPTNMLNJKIOFFAO56CC
新竹市,建物,新竹市新竹市武陵路250巷63號3樓,0.0,住,,,1081119,土地0建物1車位0,三層,7,華廈(10層含以下有電梯),住家用,鋼筋混凝土造,,150.68,3,2,2,有,無,有,16200,108,,0.0,0,,RPQOMLPJKIOFFAO56CC
新竹市,房地(土地+建物),新竹市新竹市西門街８２號,83.0,商,,,1081113,土地1建物0車位0,全,4,透天厝,住家用,加強磚造,0610321,281.28,6,1,4,有,無,無,68000,242,,0.0,0,含增建或未登記建物。；房屋用途做住家、辦公室、店面營業使用。含免租金裝潢期。,RPRNMLTJKIOFFAO96CC
新竹市,建物,新竹市新竹市東大路四段277巷9弄4號3樓,0.0,住,,,1081111,土地0建物1車位0,三層,4,公寓(5樓含以下無電梯),住家用,鋼筋混凝土造,0720421,77.04,3,2,1,有,無,無,8000,104,,0.0,0,,RPSOMLTJKIOFFAO17CC
新竹市,建物,新竹市新竹市金山二十三街93號4樓之2,0.0,住,,,1081201,土地0建物1車位1,四層,6,套房(1房1廳1衛),住家用,鋼筋混凝土造,0941125,33.28,1,0,1,有,有,有,12500,376,坡道機械,0.0,0,含管理費、稅金或水電等費用。；,RPXQMLLKKIOFFAO17CC
新竹市,建物,新竹市新竹市四維路8號10樓之4,0.0,其他,,,1081110,土地0建物1車位0,十層,12,套房(1房1廳1衛),見使用執照,鋼筋混凝土造,0800730,41.58,1,0,1,有,有,有,8000,192,,0.0,0,租金含管理費500元,RPPOMLMKKIOFFAO88CC
新竹市,建物,新竹市新竹市宮口街33巷3弄7號5樓,0.0,住,,,1081120,土地0建物1車位0,五層,5,公寓(5樓含以下無電梯),住家用,鋼筋混凝土造,0811029,119.49,4,2,2,有,無,有,10000,84,,0.0,0,,RPQOMLMKKIOFFAO98CC
新竹市,建物,新竹市新竹市東門街34巷15號3樓之4,0.0,商,,,1081122,土地0建物1車位0,三層,5,套房(1房1廳1衛),住家用,鋼筋混凝土造,0840705,39.41,1,0,1,有,無,有,8500,216,,0.0,0,租金含管理費500元,RPROMLNKKIOFFAO56CC
新竹市,建物,新竹市新竹市南雅街1761號四樓之7,0.0,住,,,1081129,土地0建物1車位0,四層,7,套房(1房1廳1衛),辦公室,鋼筋混凝土造,0971101,35.2,1,0,1,有,無,有,12000,341,,0.0,0,租金含管理費500元,RPSOMLNKKIOFFAO66CC
新竹市,建物,新竹市新竹市中華路四段７０５之３３號三樓,0.0,工,,,1081118,土地0建物1車位0,三層,6,套房(1房1廳1衛),見其他登記事項,鋼筋混凝土造,0960630,28.9,1,0,1,有,有,有,5000,173,,0.0,0,租金含管理費。租期含免租裝潢期。,RPTOMLQKKIOFFAO07CC
新竹市,房地(土地+建物),新竹市新竹市三民路65號,135.0,住,,,1081210,土地1建物0車位0,全,2,透天厝,住家用,加強磚造,0601022,154.0,4,2,2,有,無,無,56760,369,,0.0,0,,RPOOMLRKKIOFFAO76DC
新竹市,建物,新竹市新竹市經國路二段535號六樓,0.0,商,,,1081126,土地0建物1車位1,六層,13,住宅大樓(11層含以上有電梯),見其他登記事項,鋼筋混凝土造,0951220,146.75,3,2,2,有,有,有,19500,133,坡道平面,0.0,0,,RPXPMLSKKIOFFAO87DC
新竹市,建物,新竹市新竹市建功一路104巷20之26號,0.0,住,,,1081126,土地0建物1車位0,二層,4,公寓(5樓含以下無電梯),住家用,鋼筋混凝土造,,66.42,3,2,2,有,無,無,10000,151,,0.0,0,,RPVPMLSKKIOFFAO57CC
新竹市,建物,新竹市新竹市鐵道路一段２８巷２９號五樓,0.0,其他,,,1081128,土地0建物1車位1,五層,14,辦公商業大樓,見其他登記事項,鋼筋混凝土造,1000718,146.97,3,2,2,有,有,有,26000,177,坡道平面,0.0,0,租金含管理費。車位面積無法分算。,RPSRMLOLKIOFFAO17CC
新竹市,建物,新竹市新竹市學府路61巷23號三樓之1,0.0,住,,,1081206,土地0建物1車位0,三層,5,套房(1房1廳1衛),住家用,鋼筋混凝土造,0860203,31.25,1,0,1,有,無,有,6500,208,,0.0,0,,RPVOMLQLKIOFFAO37CC
新竹市,建物,新竹市新竹市世傑路230號,0.0,住,,,1081210,土地0建物1車位0,一層,5,店面(店鋪),見其他登記事項,鋼筋混凝土造,1030215,345.38,0,0,0,無,無,無,88000,255,,0.0,0,附件109年5月1日至114年4月30日租金為每個月八萬八千元整。114年5月1日至116年4月30日租金為每個月九萬元整。116年5月1日至118年4月30日租金為每個月九萬兩千元整。118年5月1日至119年4月30日租金為每個月九萬四千元整。以上租金內容含租賃稅金及二代健保補充保費。由出租方屋主自行負擔。109年3月15日至4月30日可交屋給承租方裝修 不計租金。租約簽訂完成後可提前跑照立案。,RPSPMLRLKIOFFAO27CC
新竹市,建物,新竹市新竹市金城一路99號12樓之5,63.68,住,,,1081218,土地0建物1車位0,十二層,13,住宅大樓(11層含以上有電梯),見其他登記事項,見其他登記事項,1000713,215.49,4,2,2,有,有,有,20000,93,,0.0,0,,RPVQMLRLKIOFFAO67CC
新竹市,建物,新竹市新竹市建功一路4號4樓之1,0.0,住,,,1081214,土地0建物1車位0,四層,7,華廈(10層含以下有電梯),住家用,鋼筋混凝土造,0810103,46.89,2,1,1,有,有,有,12000,256,,0.0,0,,RPQNMLSLKIOFFAO96CC
新竹市,建物,新竹市新竹市東大路三段510巷16號1樓,0.0,住,,,1081229,土地0建物1車位0,一層,7,華廈(10層含以下有電梯),住家用,鋼筋混凝土造,0830530,115.0,3,2,2,有,有,有,12000,104,,0.0,0,,RPVOMLKMKIOFFAO86CC
新竹市,建物,新竹市新竹市埔頂路３４０號,0.0,工,,,1081130,土地0建物0車位0,一層,2,店面(店鋪),住工用,加強磚造,0710630,59.23,0,2,1,有,無,無,16000,270,,0.0,0,部分出租。租金含水費。,RPWOMLKMKIOFFAO96CC
新竹市,建物,新竹市新竹市金山七街六巷10號4樓,23.35,住,,,1081223,土地0建物1車位0,四層,8,華廈(10層含以下有電梯),見其他登記事項,鋼筋混凝土造,1061120,96.07,2,2,2,有,無,有,23000,239,,0.0,0,,RPXOMLKMKIOFFAO07CC
新竹市,建物,新竹市新竹市中華路二段721號,0.0,商,,,1081228,土地0建物1車位0,一層,2,店面(店鋪),住商用,加強磚造,0650315,68.64,0,0,0,無,無,無,42000,612,,0.0,0,,RPWOMLMJJHPFFAO76CC
新竹市,建物,新竹市新竹市民族路178巷1號5樓之3,0.0,住,,,1081204,土地0建物1車位0,五層,9,華廈(10層含以下有電梯),見其他登記事項,鋼筋混凝土造,0961024,83.49,2,2,2,有,有,有,20394,244,,0.0,0,,RPOQMLMJJHPFFAO78CC
新竹市,建物,新竹市新竹市東區東門街34巷20號3樓,14.64,商,,,1081223,土地0建物1車位0,三層,20,住宅大樓(11層含以上有電梯),見其他登記事項,鋼筋混凝土造,1011015,106.29,3,2,2,有,有,有,35191,331,,0.0,0,含管理費、稅金或水電等費用。；,RPPQMLMJJHPFFAO88CC
新竹市,建物,新竹市新竹市東區東門街34巷30號23樓,18.46,商,,,1081223,土地0建物1車位0,二十三層,25,住宅大樓(11層含以上有電梯),見其他登記事項,鋼筋混凝土造,1011015,132.76,3,2,2,有,有,有,36000,271,,0.0,0,含管理費、稅金或水電等費用。；,RPQQMLMJJHPFFAO98CC
新竹市,建物,新竹市新竹市北大路239巷32號,0.0,商,,,1081219,土地0建物1車位0,一層,5,華廈(10層含以下有電梯),見其他登記事項,鋼筋混凝土造,0860131,94.5,2,2,1,有,無,有,15000,159,,0.0,0,,RPSOMLNJJHPFFAO09CC
新竹市,建物,新竹市新竹市東區慈雲路118號17樓之3,0.0,商,,,1081206,土地0建物0車位0,十七層,30,辦公商業大樓,辦公室,鋼筋混凝土造,1051004,72.07,0,0,0,無,有,無,19500,271,,0.0,0,僅承租1/2,RPRPMLNJJHPFFAO09CC
新竹市,建物,新竹市新竹市東區慈雲路118號17樓之3,0.0,商,,,1081206,土地0建物0車位0,十七層,30,辦公商業大樓,辦公室,鋼筋混凝土造,1051004,72.07,0,0,0,無,有,無,19500,271,,0.0,0,僅承租1/2,RPSPMLNJJHPFFAO56CC
新竹市,建物,新竹市新竹市東區慈雲路118號10樓之10,0.0,商,,,1081206,土地0建物1車位0,十層,30,辦公商業大樓,辦公室,鋼筋混凝土造,1051004,170.86,0,0,0,無,有,無,39800,233,,0.0,0,,RPTPMLNJJHPFFAO66CC
新竹市,房地(土地+建物)+車位,新竹市新竹市湳雅街176之1號7樓之3,7.33,住,,,1080920,土地1建物1車位1,七層,7,華廈(10層含以下有電梯),辦公室,鋼筋混凝土造,0971101,30.959999999999997,0,0,0,無,無,有,12500,404,升降機械,15.32,0,租賃期1081001~1090931協調完成日108年11月18日,RPQOMLNJJHPFFAO09EC
新竹市,建物,新竹市新竹市關新路１９巷３７號四樓,0.0,其他,,,1081210,土地0建物1車位1,四層,15,住宅大樓(11層含以上有電梯),見其他登記事項,鋼筋混凝土造,0980721,154.56,3,2,2,有,有,有,26000,168,坡道平面,0.0,0,,RPPNMLPJJHPFFAO88CC
新竹市,房地(土地+建物)+車位,新竹市新竹市新竹市中華路一段289號14樓之6,22.77,商,,,1081210,土地1建物1車位1,十四層,15,住宅大樓(11層含以上有電梯),見其他登記事項,鋼筋混凝土造,1021211,149.24,4,2,2,有,有,有,40000,268,坡道平面,0.0,0,含管理費、稅金或水電等費用。；,RPRNMLQJJHPFFAO56CC
新竹市,建物,新竹市新竹市湳雅街176之1號六樓之2,0.0,住,,,1081213,土地0建物1車位0,六層,7,套房(1房1廳1衛),辦公室,鋼筋混凝土造,0971101,37.980000000000004,1,0,1,有,無,有,11000,290,,0.0,0,租金含管理費750元,RPVNMLQJJHPFFAO96CC
新竹市,建物,新竹市新竹市中華路二段170巷56號二樓之7,0.0,住,,,1081222,土地0建物1車位0,六層,6,套房(1房1廳1衛),見其他登記事項,鋼筋混凝土造,0951115,26.97,1,0,1,有,有,有,6500,241,,0.0,0,租金含管理費500元,RPXNMLQJJHPFFAO17CC
新竹市,建物,新竹市新竹市學府路18巷16號1樓,0.0,住,,,1081219,土地0建物1車位0,一層,5,公寓(5樓含以下無電梯),住家用,鋼筋混凝土造,,89.2,3,2,1,有,無,有,15000,168,,0.0,0,,RPOOMLQJJHPFFAO98CC
新竹市,建物,新竹市新竹市光復路一段108巷19號2樓之4,0.0,住,,,1081228,土地0建物1車位0,二層,5,套房(1房1廳1衛),,鋼筋混凝土造,0800528,40.33,1,0,1,有,無,有,8000,198,,0.0,0,租金含管理費500元,RPQOMLQJJHPFFAO56CC
新竹市,建物,新竹市新竹市埔頂路170巷8號二樓,0.0,住,,,1081231,土地0建物1車位0,二層,4,公寓(5樓含以下無電梯),住家用,鋼筋混凝土造,0820527,118.25,3,2,1,有,無,無,13500,114,,0.0,0,,RPTOMLQJJHPFFAO86CC
新竹市,建物,新竹市新竹市金城一路９５號十四樓之５,0.0,住,,,1081214,土地0建物1車位0,十四層,14,住宅大樓(11層含以上有電梯),見其他登記事項,見其他登記事項,1000713,192.48000000000002,3,2,2,有,有,有,18000,94,,0.0,0,,RPPRMLQJJHPFFAO76CC
新竹市,建物,新竹市新竹市民生路211巷2弄40號,0.0,住,,,1081227,土地1建物0車位0,全,2,透天厝,住家用,加強磚造,0640205,118.65,5,2,2,有,無,無,18000,152,,0.0,0,,RPTRMLRJJHPFFAO27CC
新竹市,建物,新竹市新竹市文雅街118巷18號5樓,0.0,住,,,1081219,土地0建物1車位0,五層,5,公寓(5樓含以下無電梯),住家用,鋼筋混凝土造,,107.89,3,2,2,有,無,有,13500,125,,0.0,0,,RPWNMLSJJHPFFAO27CC
新竹市,建物,新竹市新竹市榮濱路19巷25號3樓之1,0.0,商,,,1081225,土地0建物1車位0,三層,11,住宅大樓(11層含以上有電梯),見其他登記事項,鋼筋混凝土造,1021220,87.13,2,1,1,有,無,有,14400,165,,0.0,0,,RPXNMLSJJHPFFAO37CC
新竹市,建物,新竹市新竹市武陵路179巷8號17樓之5,0.0,住,,,1081231,土地0建物1車位0,十七層,20,住宅大樓(11層含以上有電梯),見其他登記事項,鋼筋混凝土造,0890501,150.68,3,2,2,有,無,有,16200,108,,0.0,0,,RPSOMLSJJHPFFAO96CC
新竹市,建物,新竹市新竹市建新路110巷12弄18號,0.0,住,,,1081127,土地0建物1車位0,一層,4,公寓(5樓含以下無電梯),國民住宅,加強磚造,,75.32,3,2,2,有,無,有,14000,186,,0.0,0,,RPUSMLSJJHPFFAO77EC
新竹市,建物,新竹市新竹市凌雲街128號9樓之5,0.0,住,,,1081212,土地0建物1車位1,九層,11,住宅大樓(11層含以上有電梯),見其他登記事項,鋼筋混凝土造,0980331,174.26999999999998,3,2,2,有,有,有,16000,92,坡道平面,0.0,0,,RPVSMLSJJHPFFAO87EC
新竹市,建物,新竹市新竹市北大路92巷36弄3號3樓之5,0.0,住,,,1081225,土地0建物1車位0,三層,5,公寓(5樓含以下無電梯),住家用,鋼筋混凝土造,,91.78999999999999,3,2,1,有,無,有,15000,163,,0.0,0,,RPWSMLSJJHPFFAO97EC
新竹市,建物,新竹市新竹市牛埔路396號,0.0,住,,,1081231,土地0建物1車位0,一層,3,店面(店鋪),見使用執照,鋼筋混凝土造,0731023,54.68,0,0,0,無,無,無,16000,293,,0.0,0,,RPPOMLTJJHPFFAO76CC
新竹市,房地(土地+建物),新竹市新竹市牛埔北路38巷49號,98.0,住,,,1081226,土地1建物0車位0,全,4,透天厝,住家用,鋼筋混凝土造,0790803,219.04,4,2,3,有,無,無,16200,74,,0.0,0,,RPSPMLNKJHPFFAO66CC
新竹市,建物,新竹市新竹市香北路225巷86號7樓之2,0.0,住,,,1090113,土地0建物1車位0,七層,8,套房(1房1廳1衛),見其他登記事項,鋼筋混凝土造,0940301,35.85,1,1,1,有,無,有,8000,223,,0.0,0,,RPQQMLNKJHPFFAO56CC
新竹市,建物,新竹市新竹市興中街36巷2號一樓,0.0,住,,,1081224,土地0建物1車位0,一層,5,公寓(5樓含以下無電梯),住家用,鋼筋混凝土造,0780801,101.69,3,2,2,有,有,無,13000,128,,0.0,0,,RPWRMLNKJHPFFAO27CC
新竹市,建物,新竹市新竹市中央路342號2樓,0.0,住,,,1081225,土地0建物1車位0,二層,7,華廈(10層含以下有電梯),住家用,鋼筋混凝土造,,130.89999999999998,2,2,2,有,有,有,20000,153,,0.0,0,,RPXRMLNKJHPFFAO37CC
新竹市,建物,新竹市新竹市北大路8號9樓之3,0.0,商,,,1081222,土地0建物1車位0,九層,28,住宅大樓(11層含以上有電梯),見其他登記事項,鋼骨鋼筋混凝土造,0960703,107.55,4,2,2,有,有,有,30650,285,坡道機械,16.27,0,含管理費、稅金或水電等費用。；建物+1機械車位，租金已含機械車位費用,RPOTMLOKJHPFFAO76CC
新竹市,建物,新竹市新竹市田美二街47號5樓,0.0,住,,,1090108,土地0建物1車位0,五層,5,公寓(5樓含以下無電梯),住家用,鋼筋混凝土造,,86.55000000000001,3,2,2,有,無,有,12500,144,,0.0,0,,RPPRMLQKJHPFFAO86CC
新竹市,建物,新竹市新竹市大學路90號19樓之4,25.77,住,,,1080916,土地0建物1車位0,十九層,20,住宅大樓(11層含以上有電梯),住家用,鋼筋混凝土造,0851114,246.51,3,3,3,有,無,有,33000,134,坡道平面,0.0,0,,RPVNMLRKJHPFFAO17CC
新竹市,建物,新竹市新竹市中華路三段46號16樓之2,0.0,商,,,1081105,土地0建物1車位1,十六層,17,住宅大樓(11層含以上有電梯),住家用,鋼筋混凝土造,0860520,120.36,3,2,2,有,有,有,17000,141,坡道機械,0.0,0,租金含管理費1500元,RPQOMLRKJHPFFAO96EC
新竹市,房地(土地+建物),新竹市新竹市北門街180號5樓之5,17.1,商,,,1090104,土地1建物1車位0,五層,13,住宅大樓(11層含以上有電梯),見其他登記事項,鋼筋混凝土造,1040720,136.44,3,2,2,有,有,有,35000,257,,0.0,0,含管理費、稅金或水電等費用。；,RPPQMLLLJHPFFAO98CC
新竹市,建物,新竹市新竹市大學路90號19樓之4,25.77,住,,,1080916,土地0建物1車位1,十九層,20,住宅大樓(11層含以上有電梯),住家用,鋼筋混凝土造,0851114,246.51,3,3,3,有,無,有,33000,134,坡道平面,23.0,0,,RPURMLLLJHPFFAO96CC
新竹市,土地,東明段746地號,41.0,住,,,1090108,土地1建物0車位0,,,其他,,,,0.0,4,0,0,有,無,有,16200,395,,0.0,0,未登記建物,RPRPMLMLJHPFFAO56CC
新竹市,建物,新竹市新竹市東區世界街94號3樓,0.0,住,,,1090109,土地0建物1車位0,三層,3,公寓(5樓含以下無電梯),住家用,鋼筋混凝土造,,62.22,3,2,1,有,無,有,8000,129,,0.0,0,,RPVPMLMLJHPFFAO96CC
新竹市,建物,新竹市新竹市東區食品路407號4樓,0.0,住,,,1090110,土地0建物1車位0,四層,5,公寓(5樓含以下無電梯),住家用,鋼筋混凝土造,0711021,91.53,3,2,1,有,無,有,11000,120,,0.0,0,,RPPQMLMLJHPFFAO09CC
新竹市,建物,新竹市新竹市北區少年街19號5樓之2,0.0,商,,,1090110,土地0建物1車位0,五層,5,公寓(5樓含以下無電梯),住家用,鋼筋混凝土造,0750106,85.78,3,2,2,有,無,有,13100,153,,0.0,0,,RPQQMLMLJHPFFAO56CC
新竹市,建物,新竹市新竹市香山區東華路7號2樓之6,0.0,住,,,1090116,土地0建物1車位0,二層,15,住宅大樓(11層含以上有電梯),見其他登記事項,鋼筋混凝土造,1030829,141.32999999999998,2,2,1,有,無,有,16200,115,,0.0,0,,RPRQMLMLJHPFFAO66CC
新竹市,建物,新竹市新竹市建功一路99號5樓之2,0.0,住,,,1090117,土地0建物1車位0,五層,12,住宅大樓(11層含以上有電梯),見其他登記事項,鋼筋混凝土造,0870410,129.21,3,2,2,有,無,有,16200,125,,0.0,0,,RPVOMLKMJHPFFAO76CC
新竹市,建物,新竹市新竹市北區東大路二段307號5樓之3,0.0,住,,,1090110,土地0建物1車位0,五層,7,華廈(10層含以下有電梯),住家用,鋼筋混凝土造,0690815,102.18,3,2,2,有,無,有,10000,98,,0.0,0,,RPXOMLKMJHPFFAO96CC
新竹市,建物,新竹市新竹市香山區中華路四段286號6樓之8,0.0,住,,,1090118,土地0建物1車位0,六層,13,住宅大樓(11層含以上有電梯),見其他登記事項,鋼筋混凝土造,1040505,130.6,2,2,1,有,無,有,21000,161,,0.0,0,,RPQPMLKMJHPFFAO98CC
新竹市,建物,新竹市新竹市學府路５２號四樓,0.0,住,,,1090112,土地0建物1車位0,四層,4,公寓(5樓含以下無電梯),住家用,鋼筋混凝土造,0670301,46.44,2,2,1,有,無,有,15000,323,,0.0,0,含增建或未登記建物。；,RPOPMLNJKHPFFAO88CC
新竹市,建物,新竹市新竹市大學路90號19樓之4,25.77,住,,,1080916,土地1建物1車位0,,20,住宅大樓(11層含以上有電梯),住家用,鋼筋混凝土造,0851114,246.51,3,3,3,有,無,無,33000,134,坡道平面,0.0,0,,RPPPMLNJKHPFFAO98CC
新竹市,建物,新竹市新竹市東區光復路一段476巷20號7樓,0.0,住,,,1090109,土地0建物1車位0,七層,13,住宅大樓(11層含以上有電梯),住家用,鋼筋混凝土造,0840925,87.92,3,2,1,有,有,有,16200,184,,0.0,0,,RPRPMLNJKHPFFAO56CC
新竹市,建物,新竹市新竹市林森路187號四樓之3,0.0,商,,,1090114,土地0建物1車位0,四層,12,住宅大樓(11層含以上有電梯),住家用,鋼筋混凝土造,0840612,113.54,3,2,2,有,有,有,17000,150,,0.0,0,,RPTQMLPJKHPFFAO07CC
新竹市,建物,新竹市新竹市忠孝路434巷27號,0.0,其他,,,1090117,土地0建物0車位0,見其他登記事項,3,店面(店鋪),住商用,加強磚造,,176.29,0,0,0,無,無,無,44000,250,,0.0,0,,RPVQMLPJKHPFFAO27CC
新竹市,房地(土地+建物)+車位,新竹市新竹市關新路19巷87號十樓,15.06,其他,,,1090120,土地3建物1車位1,十層,15,住宅大樓(11層含以上有電梯),見其他登記事項,鋼筋混凝土造,0980601,131.57,3,2,2,有,有,有,27000,205,坡道平面,19.98,0,,RPOPMLPJKHPFFAO56DC
新竹市,建物,新竹市新竹市興學街14號六樓之1,0.0,住,,,1090116,土地0建物1車位1,六層,7,華廈(10層含以下有電梯),住家用,鋼筋混凝土造,0791116,135.57,3,2,2,有,有,有,17000,125,升降機械,0.0,0,,RPXNMLRJKHPFFAO37CC
