﻿編號,土地位置,土地移轉面積(平方公尺),使用分區或編定,權利人持分分母,權利人持分分子,移轉情形,地號
The serial number, land position,land shifting area square meter,the use zoning or compiles and checks,,,,land parcel
RPQQMLQJJHPFFAO66CB,仙水段,32.46,都市：商,100000,2277,持分移轉,06610001
RPVOMLSJJHPFFAO17CB,仙水段,28.81,都市：商,100000,2021,持分移轉,06610001
RPPQMLQJJHPFFAO56CB,仙水段,50.07,都市：商,100000,3512,持分移轉,06610001
RPPPMLSJJHPFFAO66CB,仙水段,29.95,都市：商,100000,2101,持分移轉,06610001
RPXOMLSJJHPFFAO37CB,仙水段,28.81,都市：商,100000,2021,持分移轉,06610001
RPRPMLSJJHPFFAO86CB,仙水段,62.24,都市：商,100000,4366,持分移轉,06610001
RPQPMLSJJHPFFAO76CB,仙水段,31.85,都市：商,100000,2234,持分移轉,06610001
RPWOMLSJJHPFFAO27CB,仙水段,29.60,都市：商,100000,2076,持分移轉,06610001
RPOPMLSJJHPFFAO56CB,仙水段,30.47,都市：商,100000,2137,持分移轉,06610001
RPWPMLSJJHPFFAO37CB,仙水段,35.10,都市：商,100000,2462,持分移轉,06610001
RPSPMLSJJHPFFAO96CB,仙水段,28.81,都市：商,100000,2021,持分移轉,06610001
RPUPMLSJJHPFFAO17CB,仙水段,29.03,都市：商,100000,2036,持分移轉,06610001
RPTPMLSJJHPFFAO07CB,仙水段,49.01,都市：商,100000,3438,持分移轉,06610001
RPXPMLSJJHPFFAO47CB,仙水段,27.37,都市：商,100000,1920,持分移轉,06610001
RPPQMLSJJHPFFAO76CB,仙水段,32.46,都市：商,100000,2277,持分移轉,06610001
RPVPMLSJJHPFFAO27CB,仙水段,27.70,都市：商,100000,1943,持分移轉,06610001
RPOQMLSJJHPFFAO66CB,仙水段,28.81,都市：商,100000,2021,持分移轉,06610001
RPTQMLSJJHPFFAO17CB,仙水段,32.42,都市：商,100000,2274,持分移轉,06610001
RPORMLSJJHPFFAO76CB,仙水段,27.37,都市：商,100000,1920,持分移轉,06610001
RPWQMLSJJHPFFAO47CB,仙水段,35.10,都市：商,100000,2462,持分移轉,06610001
RPSQMLSJJHPFFAO07CB,仙水段,29.55,都市：商,100000,2073,持分移轉,06610001
RPXQMLSJJHPFFAO57CB,仙水段,32.46,都市：商,100000,2277,持分移轉,06610001
RPVQMLSJJHPFFAO37CB,仙水段,29.60,都市：商,100000,2076,持分移轉,06610001
RPUQMLSJJHPFFAO27CB,仙水段,27.37,都市：商,100000,1920,持分移轉,06610001
RPQQMLSJJHPFFAO86CB,仙水段,27.37,都市：商,100000,1920,持分移轉,06610001
RPRQMLSJJHPFFAO96CB,仙水段,27.34,都市：商,100000,1918,持分移轉,06610001
RPRRMLSJJHPFFAO07CB,仙水段,28.61,都市：商,100000,2007,持分移轉,06610001
RPQRMLSJJHPFFAO96CB,仙水段,29.03,都市：商,100000,2036,持分移轉,06610001
RPPRMLSJJHPFFAO86CB,仙水段,35.10,都市：商,100000,2462,持分移轉,06610001
RPSRMLSJJHPFFAO17CB,仙水段,29.03,都市：商,100000,2036,持分移轉,06610001
RPTOMLQKJHPFFAO86CB,中山段三小段,13.85,都市：商,10000,33,持分移轉,03470000
RPPSMLSJJHPFFAO96CB,仙水段,27.37,都市：商,100000,1920,持分移轉,06610001
RPOSMLSJJHPFFAO86CB,仙水段,27.70,都市：商,100000,1943,持分移轉,06610001
RPURMLSJJHPFFAO37CB,仙水段,27.70,都市：商,100000,1943,持分移轉,06610001
RPQSMLSJJHPFFAO07CB,仙水段,29.03,都市：商,100000,2036,持分移轉,06610001
RPTRMLSJJHPFFAO27CB,仙水段,35.10,都市：商,100000,2462,持分移轉,06610001
RPVRMLSJJHPFFAO47CB,仙水段,27.70,都市：商,100000,1943,持分移轉,06610001
RPWRMLSJJHPFFAO57CB,仙水段,29.60,都市：商,100000,2076,持分移轉,06610001
RPXRMLSJJHPFFAO67CB,仙水段,32.46,都市：商,100000,2277,持分移轉,06610001
RPVOMLQKJHPFFAO07CB,中山段三小段,13.85,都市：商,10000,33,持分移轉,03470000
RPOPMLQKJHPFFAO09CB,中山段三小段,14.27,都市：商,10000,34,持分移轉,03470000
RPPPMLQKJHPFFAO56CB,中山段三小段,14.27,都市：商,10000,34,持分移轉,03470000
RPQPMLQKJHPFFAO66CB,中山段三小段,13.85,都市：商,10000,33,持分移轉,03470000
RPTPMLQKJHPFFAO96CB,中山段三小段,13.85,都市：商,10000,33,持分移轉,03470000
RPRPMLQKJHPFFAO76CB,中山段三小段,14.27,都市：商,10000,34,持分移轉,03470000
RPUOMLQKJHPFFAO96CB,中山段三小段,13.85,都市：商,10000,33,持分移轉,03470000
RPSPMLQKJHPFFAO86CB,中山段三小段,13.85,都市：商,10000,33,持分移轉,03470000
RPXOMLQKJHPFFAO27CB,中山段三小段,13.85,都市：商,10000,33,持分移轉,03470000
RPUPMLQKJHPFFAO07CB,中山段三小段,13.43,都市：商,10000,32,持分移轉,03470000
RPVPMLQKJHPFFAO17CB,中山段三小段,13.43,都市：商,10000,32,持分移轉,03470000
RPXPMLQKJHPFFAO37CB,中山段三小段,13.43,都市：商,10000,32,持分移轉,03470000
RPWPMLQKJHPFFAO27CB,中山段三小段,13.43,都市：商,10000,32,持分移轉,03470000
RPPQMLQKJHPFFAO66CB,中山段三小段,13.43,都市：商,10000,32,持分移轉,03470000
RPOQMLQKJHPFFAO56CB,中山段三小段,13.85,都市：商,10000,33,持分移轉,03470000
RPSQMLQKJHPFFAO96CB,中山段三小段,13.43,都市：商,10000,32,持分移轉,03470000
RPTQMLQKJHPFFAO07CB,中山段三小段,13.43,都市：商,10000,32,持分移轉,03470000
RPQQMLQKJHPFFAO76CB,中山段三小段,13.43,都市：商,10000,32,持分移轉,03470000
RPRQMLQKJHPFFAO86CB,中山段三小段,13.43,都市：商,10000,32,持分移轉,03470000
RPUQMLQKJHPFFAO17CB,中山段三小段,13.43,都市：商,10000,32,持分移轉,03470000
RPRNMLQJKIOFFAO76EB,東光段,83.23,都市：其他:住商混合區,100000,618,持分移轉,02380000
RPRNMLQJKIOFFAO76EB,東光段,11.00,都市：其他:住商混合區,1,1,全筆移轉,02240000
RPXQMLQKJHPFFAO47CB,中山段三小段,13.43,都市：商,10000,32,持分移轉,03470000
RPORMLQKJHPFFAO66CB,中山段三小段,13.43,都市：商,10000,32,持分移轉,03470000
RPSRMLQKJHPFFAO07CB,中山段三小段,13.43,都市：商,10000,32,持分移轉,03470000
RPWQMLQKJHPFFAO37CB,中山段三小段,13.43,都市：商,10000,32,持分移轉,03470000
RPRRMLQKJHPFFAO96CB,中山段三小段,13.43,都市：商,10000,32,持分移轉,03470000
RPVQMLQKJHPFFAO27CB,中山段三小段,13.43,都市：商,10000,32,持分移轉,03470000
RPTRMLQKJHPFFAO17CB,中山段三小段,13.43,都市：商,10000,32,持分移轉,03470000
RPURMLQKJHPFFAO27CB,中山段三小段,13.43,都市：商,10000,32,持分移轉,03470000
RPQRMLQKJHPFFAO86CB,中山段三小段,13.43,都市：商,10000,32,持分移轉,03470000
RPVRMLQKJHPFFAO37CB,中山段三小段,13.43,都市：商,10000,32,持分移轉,03470000
RPOSMLQKJHPFFAO76CB,中山段三小段,13.43,都市：商,10000,32,持分移轉,03470000
RPQSMLQKJHPFFAO96CB,中山段三小段,13.43,都市：商,10000,32,持分移轉,03470000
RPRSMLQKJHPFFAO07CB,中山段三小段,13.43,都市：商,10000,32,持分移轉,03470000
RPXRMLQKJHPFFAO57CB,中山段三小段,13.43,都市：商,10000,32,持分移轉,03470000
RPPSMLQKJHPFFAO86CB,中山段三小段,13.43,都市：商,10000,32,持分移轉,03470000
RPPTMLQKJHPFFAO96CB,中山段三小段,13.85,都市：商,10000,33,持分移轉,03470000
RPRTMLQKJHPFFAO17CB,中山段三小段,13.85,都市：商,10000,33,持分移轉,03470000
RPUSMLQKJHPFFAO37CB,中山段三小段,13.43,都市：商,10000,32,持分移轉,03470000
RPQTMLQKJHPFFAO07CB,中山段三小段,13.85,都市：商,10000,33,持分移轉,03470000
RPSSMLQKJHPFFAO17CB,中山段三小段,13.43,都市：商,10000,32,持分移轉,03470000
RPTSMLQKJHPFFAO27CB,中山段三小段,13.43,都市：商,10000,32,持分移轉,03470000
RPOTMLQKJHPFFAO86CB,中山段三小段,13.43,都市：商,10000,32,持分移轉,03470000
RPVSMLQKJHPFFAO47CB,中山段三小段,13.43,都市：商,10000,32,持分移轉,03470000
RPVTMLQKJHPFFAO57CB,中山段三小段,13.85,都市：商,10000,33,持分移轉,03470000
RPXSMLQKJHPFFAO67CB,中山段三小段,13.43,都市：商,10000,32,持分移轉,03470000
RPUTMLQKJHPFFAO47CB,中山段三小段,13.85,都市：商,10000,33,持分移轉,03470000
RPSTMLQKJHPFFAO27CB,中山段三小段,13.85,都市：商,10000,33,持分移轉,03470000
RPTTMLQKJHPFFAO37CB,中山段三小段,13.85,都市：商,10000,33,持分移轉,03470000
RPWSMLQKJHPFFAO57CB,中山段三小段,13.43,都市：商,10000,32,持分移轉,03470000
RPOUMLQKJHPFFAO96CB,中山段三小段,14.27,都市：商,10000,34,持分移轉,03470000
RPXTMLQKJHPFFAO77CB,中山段三小段,13.85,都市：商,10000,33,持分移轉,03470000
RPQUMLQKJHPFFAO17CB,中山段三小段,10.07,都市：商,10000,24,持分移轉,03470000
RPPUMLQKJHPFFAO07CB,中山段三小段,10.07,都市：商,10000,24,持分移轉,03470000
RPTUMLQKJHPFFAO47CB,中山段三小段,10.07,都市：商,10000,24,持分移轉,03470000
RPWTMLQKJHPFFAO67CB,中山段三小段,13.85,都市：商,10000,33,持分移轉,03470000
RPUUMLQKJHPFFAO57CB,中山段三小段,18.04,都市：商,10000,43,持分移轉,03470000
RPSUMLQKJHPFFAO37CB,中山段三小段,10.07,都市：商,10000,24,持分移轉,03470000
RPVUMLQKJHPFFAO67CB,中山段三小段,17.62,都市：商,10000,42,持分移轉,03470000
RPXUMLQKJHPFFAO87CB,中山段三小段,17.62,都市：商,10000,42,持分移轉,03470000
RPWUMLQKJHPFFAO77CB,中山段三小段,18.04,都市：商,10000,43,持分移轉,03470000
RPPVMLQKJHPFFAO17CB,中山段三小段,18.04,都市：商,10000,43,持分移轉,03470000
RPRUMLQKJHPFFAO27CB,中山段三小段,10.07,都市：商,10000,24,持分移轉,03470000
RPOVMLQKJHPFFAO07CB,中山段三小段,18.04,都市：商,10000,43,持分移轉,03470000
RPQVMLQKJHPFFAO27CB,中山段三小段,18.04,都市：商,10000,43,持分移轉,03470000
RPTVMLQKJHPFFAO57CB,中山段三小段,18.04,都市：商,10000,43,持分移轉,03470000
RPSVMLQKJHPFFAO47CB,中山段三小段,17.62,都市：商,10000,42,持分移轉,03470000
RPWVMLQKJHPFFAO87CB,中山段三小段,18.04,都市：商,10000,43,持分移轉,03470000
RPVVMLQKJHPFFAO77CB,中山段三小段,18.04,都市：商,10000,43,持分移轉,03470000
RPUVMLQKJHPFFAO67CB,中山段三小段,18.04,都市：商,10000,43,持分移轉,03470000
RPPWMLQKJHPFFAO27CB,中山段三小段,18.04,都市：商,10000,43,持分移轉,03470000
RPRVMLQKJHPFFAO37CB,中山段三小段,18.04,都市：商,10000,43,持分移轉,03470000
RPXVMLQKJHPFFAO97CB,中山段三小段,18.04,都市：商,10000,43,持分移轉,03470000
RPOWMLQKJHPFFAO17CB,中山段三小段,18.04,都市：商,10000,43,持分移轉,03470000
RPRWMLQKJHPFFAO47CB,中山段三小段,17.62,都市：商,10000,42,持分移轉,03470000
RPSWMLQKJHPFFAO57CB,中山段三小段,17.62,都市：商,10000,42,持分移轉,03470000
RPQWMLQKJHPFFAO37CB,中山段三小段,18.04,都市：商,10000,43,持分移轉,03470000
RPVWMLQKJHPFFAO87CB,中山段三小段,17.62,都市：商,10000,42,持分移轉,03470000
RPTWMLQKJHPFFAO67CB,中山段三小段,17.62,都市：商,10000,42,持分移轉,03470000
RPUWMLQKJHPFFAO77CB,中山段三小段,17.20,都市：商,10000,41,持分移轉,03470000
RPXWMLQKJHPFFAO08CB,中山段三小段,17.62,都市：商,10000,42,持分移轉,03470000
RPONNLQKJHPFFAO98CB,中山段三小段,17.62,都市：商,10000,42,持分移轉,03470000
RPPNNLQKJHPFFAO09CB,中山段三小段,17.62,都市：商,10000,42,持分移轉,03470000
RPTNNLQKJHPFFAO86CB,中山段三小段,17.62,都市：商,10000,42,持分移轉,03470000
RPSNNLQKJHPFFAO76CB,中山段三小段,17.62,都市：商,10000,42,持分移轉,03470000
RPRNNLQKJHPFFAO66CB,中山段三小段,17.20,都市：商,10000,41,持分移轉,03470000
RPQNNLQKJHPFFAO56CB,中山段三小段,17.62,都市：商,10000,42,持分移轉,03470000
RPUNNLQKJHPFFAO96CB,中山段三小段,17.62,都市：商,10000,42,持分移轉,03470000
RPXNNLQKJHPFFAO27CB,中山段三小段,17.62,都市：商,10000,42,持分移轉,03470000
RPOONLQKJHPFFAO09CB,中山段三小段,17.62,都市：商,10000,42,持分移轉,03470000
RPVNNLQKJHPFFAO07CB,中山段三小段,17.62,都市：商,10000,42,持分移轉,03470000
RPSONLQKJHPFFAO86CB,中山段三小段,17.62,都市：商,10000,42,持分移轉,03470000
RPWNNLQKJHPFFAO17CB,中山段三小段,17.62,都市：商,10000,42,持分移轉,03470000
RPPONLQKJHPFFAO56CB,中山段三小段,17.62,都市：商,10000,42,持分移轉,03470000
RPRONLQKJHPFFAO76CB,中山段三小段,17.62,都市：商,10000,42,持分移轉,03470000
RPQONLQKJHPFFAO66CB,中山段三小段,17.20,都市：商,10000,41,持分移轉,03470000
RPUONLQKJHPFFAO07CB,中山段三小段,16.78,都市：商,10000,40,持分移轉,03470000
RPTONLQKJHPFFAO96CB,中山段三小段,17.62,都市：商,10000,42,持分移轉,03470000
RPWONLQKJHPFFAO27CB,中山段三小段,16.36,都市：商,10000,39,持分移轉,03470000
RPVONLQKJHPFFAO17CB,中山段三小段,16.36,都市：商,10000,39,持分移轉,03470000
RPTPNLQKJHPFFAO07CB,中山段三小段,16.36,都市：商,10000,39,持分移轉,03470000
RPSPNLQKJHPFFAO96CB,中山段三小段,16.78,都市：商,10000,40,持分移轉,03470000
RPUPNLQKJHPFFAO17CB,中山段三小段,13.01,都市：商,10000,31,持分移轉,03470000
RPWPNLQKJHPFFAO37CB,中山段三小段,13.43,都市：商,10000,32,持分移轉,03470000
RPOPNLQKJHPFFAO56CB,中山段三小段,16.36,都市：商,10000,39,持分移轉,03470000
RPRPNLQKJHPFFAO86CB,中山段三小段,16.36,都市：商,10000,39,持分移轉,03470000
RPQPNLQKJHPFFAO76CB,中山段三小段,16.78,都市：商,10000,40,持分移轉,03470000
RPVPNLQKJHPFFAO27CB,中山段三小段,13.01,都市：商,10000,31,持分移轉,03470000
RPPPNLQKJHPFFAO66CB,中山段三小段,16.36,都市：商,10000,39,持分移轉,03470000
RPXONLQKJHPFFAO37CB,中山段三小段,16.78,都市：商,10000,40,持分移轉,03470000
RPSQNLQKJHPFFAO07CB,中山段三小段,13.01,都市：商,10000,31,持分移轉,03470000
RPPQNLQKJHPFFAO76CB,中山段三小段,13.01,都市：商,10000,31,持分移轉,03470000
RPOQNLQKJHPFFAO66CB,中山段三小段,13.01,都市：商,10000,31,持分移轉,03470000
RPQQNLQKJHPFFAO86CB,中山段三小段,13.01,都市：商,10000,31,持分移轉,03470000
RPXPNLQKJHPFFAO47CB,中山段三小段,13.01,都市：商,10000,31,持分移轉,03470000
RPUQNLQKJHPFFAO27CB,中山段三小段,13.43,都市：商,10000,32,持分移轉,03470000
RPTQNLQKJHPFFAO17CB,中山段三小段,13.01,都市：商,10000,31,持分移轉,03470000
RPVQNLQKJHPFFAO37CB,中山段三小段,13.01,都市：商,10000,31,持分移轉,03470000
RPXQNLQKJHPFFAO57CB,中山段三小段,13.01,都市：商,10000,31,持分移轉,03470000
RPQRNLQKJHPFFAO96CB,中山段三小段,13.43,都市：商,10000,32,持分移轉,03470000
RPWQNLQKJHPFFAO47CB,中山段三小段,13.01,都市：商,10000,31,持分移轉,03470000
RPRQNLQKJHPFFAO96CB,中山段三小段,13.01,都市：商,10000,31,持分移轉,03470000
RPRRNLQKJHPFFAO07CB,中山段三小段,13.43,都市：商,10000,32,持分移轉,03470000
RPPRNLQKJHPFFAO86CB,中山段三小段,13.43,都市：商,10000,32,持分移轉,03470000
RPSRNLQKJHPFFAO17CB,中山段三小段,13.43,都市：商,10000,32,持分移轉,03470000
RPORNLQKJHPFFAO76CB,中山段三小段,13.43,都市：商,10000,32,持分移轉,03470000
RPVRNLQKJHPFFAO47CB,中山段三小段,13.43,都市：商,10000,32,持分移轉,03470000
RPTRNLQKJHPFFAO27CB,中山段三小段,13.43,都市：商,10000,32,持分移轉,03470000
RPWRNLQKJHPFFAO57CB,中山段三小段,13.43,都市：商,10000,32,持分移轉,03470000
RPURNLQKJHPFFAO37CB,中山段三小段,13.43,都市：商,10000,32,持分移轉,03470000
RPQSNLQKJHPFFAO07CB,中山段三小段,13.43,都市：商,10000,32,持分移轉,03470000
RPRSNLQKJHPFFAO17CB,中山段三小段,9.23,都市：商,10000,22,持分移轉,03470000
RPPSNLQKJHPFFAO96CB,中山段三小段,13.43,都市：商,10000,32,持分移轉,03470000
RPXRNLQKJHPFFAO67CB,中山段三小段,13.43,都市：商,10000,32,持分移轉,03470000
RPOSNLQKJHPFFAO86CB,中山段三小段,13.43,都市：商,10000,32,持分移轉,03470000
RPSSNLQKJHPFFAO27CB,中山段三小段,9.23,都市：商,10000,22,持分移轉,03470000
RPWSNLQKJHPFFAO67CB,中山段三小段,8.81,都市：商,10000,21,持分移轉,03470000
RPUSNLQKJHPFFAO47CB,中山段三小段,9.23,都市：商,10000,22,持分移轉,03470000
RPTSNLQKJHPFFAO37CB,中山段三小段,9.23,都市：商,10000,22,持分移轉,03470000
RPVSNLQKJHPFFAO57CB,中山段三小段,9.23,都市：商,10000,22,持分移轉,03470000
RPXSNLQKJHPFFAO77CB,中山段三小段,9.23,都市：商,10000,22,持分移轉,03470000
RPOTNLQKJHPFFAO96CB,中山段三小段,9.23,都市：商,10000,22,持分移轉,03470000
RPQTNLQKJHPFFAO17CB,中山段三小段,9.23,都市：商,10000,22,持分移轉,03470000
RPTTNLQKJHPFFAO47CB,中山段三小段,9.23,都市：商,10000,22,持分移轉,03470000
RPWTNLQKJHPFFAO77CB,中山段三小段,9.23,都市：商,10000,22,持分移轉,03470000
RPPTNLQKJHPFFAO07CB,中山段三小段,9.23,都市：商,10000,22,持分移轉,03470000
RPVTNLQKJHPFFAO67CB,中山段三小段,9.23,都市：商,10000,22,持分移轉,03470000
RPRTNLQKJHPFFAO27CB,中山段三小段,9.23,都市：商,10000,22,持分移轉,03470000
RPUTNLQKJHPFFAO57CB,中山段三小段,9.23,都市：商,10000,22,持分移轉,03470000
RPSTNLQKJHPFFAO37CB,中山段三小段,9.23,都市：商,10000,22,持分移轉,03470000
RPPUNLQKJHPFFAO17CB,中山段三小段,9.23,都市：商,10000,22,持分移轉,03470000
RPXTNLQKJHPFFAO87CB,中山段三小段,9.23,都市：商,10000,22,持分移轉,03470000
RPOUNLQKJHPFFAO07CB,中山段三小段,9.23,都市：商,10000,22,持分移轉,03470000
RPQUNLQKJHPFFAO27CB,中山段三小段,9.23,都市：商,10000,22,持分移轉,03470000
RPSUNLQKJHPFFAO47CB,中山段三小段,9.23,都市：商,10000,22,持分移轉,03470000
RPRUNLQKJHPFFAO37CB,中山段三小段,9.23,都市：商,10000,22,持分移轉,03470000
RPPVNLQKJHPFFAO27CB,中山段三小段,9.23,都市：商,10000,22,持分移轉,03470000
RPOVNLQKJHPFFAO17CB,中山段三小段,9.23,都市：商,10000,22,持分移轉,03470000
RPXUNLQKJHPFFAO97CB,中山段三小段,9.23,都市：商,10000,22,持分移轉,03470000
RPWUNLQKJHPFFAO87CB,中山段三小段,9.23,都市：商,10000,22,持分移轉,03470000
RPVUNLQKJHPFFAO77CB,中山段三小段,9.23,都市：商,10000,22,持分移轉,03470000
RPUUNLQKJHPFFAO67CB,中山段三小段,9.23,都市：商,10000,22,持分移轉,03470000
RPTUNLQKJHPFFAO57CB,中山段三小段,9.23,都市：商,10000,22,持分移轉,03470000
RPRVNLQKJHPFFAO47CB,中山段三小段,9.23,都市：商,10000,22,持分移轉,03470000
RPSVNLQKJHPFFAO57CB,中山段三小段,9.23,都市：商,10000,22,持分移轉,03470000
RPTVNLQKJHPFFAO67CB,中山段三小段,9.23,都市：商,10000,22,持分移轉,03470000
RPWVNLQKJHPFFAO97CB,中山段三小段,9.23,都市：商,10000,22,持分移轉,03470000
RPQVNLQKJHPFFAO37CB,中山段三小段,9.23,都市：商,10000,22,持分移轉,03470000
RPUVNLQKJHPFFAO77CB,中山段三小段,9.23,都市：商,10000,22,持分移轉,03470000
RPOWNLQKJHPFFAO27CB,中山段三小段,9.23,都市：商,10000,22,持分移轉,03470000
RPRWNLQKJHPFFAO57CB,中山段三小段,9.23,都市：商,10000,22,持分移轉,03470000
RPVVNLQKJHPFFAO87CB,中山段三小段,9.23,都市：商,10000,22,持分移轉,03470000
RPPWNLQKJHPFFAO37CB,中山段三小段,9.23,都市：商,10000,22,持分移轉,03470000
RPOOMLKLJHPFFAO48CB,中山段三小段,13.85,都市：商,10000,33,持分移轉,03470000
RPXVNLQKJHPFFAO08CB,中山段三小段,9.23,都市：商,10000,22,持分移轉,03470000
RPQWNLQKJHPFFAO47CB,中山段三小段,9.23,都市：商,10000,22,持分移轉,03470000
RPTPMLLLJHPFFAO56CB,中山段三小段,31.47,都市：商,10000,75,持分移轉,03470000
