﻿鄉鎮市區,交易標的,土地位置建物門牌,土地移轉總面積平方公尺,都市土地使用分區,非都市土地使用分區,非都市土地使用編定,交易年月日,交易筆棟數,移轉層次,總樓層數,建物型態,主要用途,主要建材,建築完成年月,建物移轉總面積平方公尺,建物現況格局-房,建物現況格局-廳,建物現況格局-衛,建物現況格局-隔間,有無管理組織,總價元,單價元平方公尺,車位類別,車位移轉總面積平方公尺,車位總價元,備註,編號
The villages and towns urban district,transaction sign,land sector position building sector house number plate,land shifting total area square meter,the use zoning or compiles and checks,the non-metropolis land use district,non-metropolis land use,transaction year month and day,transaction pen number,shifting level,total floor number,building state,main use,main building materials,construction to complete the years,building shifting total area,Building present situation pattern - room,building present situation pattern - hall,building present situation pattern - health,building present situation pattern - compartmented,Whether there is manages the organization,total price NTD,the unit price (NTD / square meter),the berth category,berth shifting total area square meter,the berth total price NTD,the note,serial number
新竹市,房地(土地+建物)+車位,新竹市新竹市東光段238地號3N棟透天,94.23,其他,,,1071123,土地2建物1車位1,一層,15,店面(店鋪),商業用,鋼筋混凝土造,,267.91,0,0,1,無,無,15900000,63552,坡道平面,35.03,1100000,透天1.2樓店舖,RPRNMLQJKIOFFAO76EB
新竹市,房地(土地+建物)+車位,新竹市新竹市科學園路6S戶1樓,50.07,商,,,1071025,土地1建物1車位1,一層,6,店面(店鋪),商業用,鋼筋混凝土造,,170.18,0,0,1,無,無,24230000,175460,坡道平面,39.78,1350000,,RPPQMLQJJHPFFAO56CB
新竹市,房地(土地+建物)+車位,新竹市新竹市科學園路F戶4樓,32.46,商,,,1071025,土地1建物1車位2,四層,6,華廈(10層含以下有電梯),住家用,鋼筋混凝土造,,211.59,4,2,2,有,無,14220000,88768,坡道平面,79.56,2500000,,RPQQMLQJJHPFFAO66CB
新竹市,房地(土地+建物)+車位,新竹市新竹市科學園路G戶6樓,28.81,商,,,1071025,土地1建物1車位1,六層,6,華廈(10層含以下有電梯),住家用,鋼筋混凝土造,,164.09,3,2,2,有,無,12360000,89373,坡道平面,39.78,1250000,,RPVOMLSJJHPFFAO17CB
新竹市,房地(土地+建物)+車位,新竹市新竹市科學園路A戶3樓,29.6,商,,,1071030,土地1建物1車位1,三層,6,華廈(10層含以下有電梯),住家用,鋼筋混凝土造,,163.48,3,2,2,有,無,12320000,89491,坡道平面,39.78,1250000,,RPWOMLSJJHPFFAO27CB
新竹市,房地(土地+建物)+車位,新竹市新竹市科學園路G戶4樓,28.81,商,,,1071025,土地1建物1車位1,四層,6,華廈(10層含以下有電梯),住家用,鋼筋混凝土造,,164.09,3,2,2,有,無,12210000,88167,坡道平面,39.78,1250000,,RPXOMLSJJHPFFAO37CB
新竹市,房地(土地+建物),新竹市新竹市科學園路11S戶1樓,30.47,商,,,1071025,土地1建物1車位0,一層,6,店面(店鋪),商業用,鋼筋混凝土造,,81.71,0,0,1,無,無,13600000,166442,,0.0,0,,RPOPMLSJJHPFFAO56CB
新竹市,房地(土地+建物),新竹市新竹市科學園路10S戶1樓,29.95,商,,,1071025,土地1建物1車位0,一層,6,店面(店鋪),商業用,鋼筋混凝土造,,80.34,0,0,1,無,無,13370000,166418,,0.0,0,,RPPPMLSJJHPFFAO66CB
新竹市,房地(土地+建物)+車位,新竹市新竹市科學園路9S戶1樓,31.85,商,,,1071025,土地1建物1車位1,一層,6,店面(店鋪),商業用,鋼筋混凝土造,,121.29,0,0,1,無,無,14940000,166115,坡道平面,39.78,1400000,,RPQPMLSJJHPFFAO76CB
新竹市,房地(土地+建物)+車位,新竹市新竹市科學園路8S戶1樓,62.24,商,,,1071025,土地1建物1車位1,一層,6,店面(店鋪),商業用,鋼筋混凝土造,,203.19,0,0,1,無,無,28590000,166391,坡道平面,39.78,1400000,,RPRPMLSJJHPFFAO86CB
新竹市,房地(土地+建物)+車位,新竹市新竹市科學園路G戶3樓,28.81,商,,,1071030,土地1建物1車位1,三層,6,華廈(10層含以下有電梯),住家用,鋼筋混凝土造,,164.09,3,2,2,有,無,12250000,88488,坡道平面,39.78,1250000,,RPSPMLSJJHPFFAO96CB
新竹市,房地(土地+建物)+車位,新竹市新竹市科學園路7S戶1樓,49.01,商,,,1071025,土地1建物1車位1,一層,6,店面(店鋪),商業用,鋼筋混凝土造,,167.33,0,0,1,無,無,24500000,181497,坡道平面,39.78,1350000,,RPTPMLSJJHPFFAO07CB
新竹市,房地(土地+建物)+車位,新竹市新竹市科學園路E戶4樓,29.03,商,,,1071025,土地1建物1車位1,四層,6,華廈(10層含以下有電梯),住家用,鋼筋混凝土造,,160.54,3,2,2,有,無,11800000,87363,坡道平面,39.78,1250000,,RPUPMLSJJHPFFAO17CB
新竹市,房地(土地+建物)+車位,新竹市新竹市科學園路C戶6樓,27.7,商,,,1071025,土地1建物1車位1,六層,6,華廈(10層含以下有電梯),住家用,鋼筋混凝土造,,155.19,3,2,2,有,無,11300000,85781,坡道平面,39.78,1400000,,RPVPMLSJJHPFFAO27CB
新竹市,房地(土地+建物)+車位,新竹市新竹市科學園路B戶3樓,35.1,商,,,1071025,土地1建物1車位2,三層,6,華廈(10層含以下有電梯),住家用,鋼筋混凝土造,,221.38,4,2,2,有,無,15390000,90890,坡道平面,79.56,2500000,,RPWPMLSJJHPFFAO37CB
新竹市,房地(土地+建物)+車位,新竹市新竹市科學園路D戶5樓,27.37,商,,,1071025,土地1建物1車位1,五層,6,華廈(10層含以下有電梯),住家用,鋼筋混凝土造,,152.68,3,2,2,有,無,11240000,89371,坡道平面,39.78,1150000,,RPXPMLSJJHPFFAO47CB
新竹市,房地(土地+建物)+車位,新竹市新竹市科學園路G戶5樓,28.81,商,,,1071025,土地1建物1車位1,五層,6,華廈(10層含以下有電梯),住家用,鋼筋混凝土造,,164.09,3,2,2,有,無,12480000,90339,坡道平面,39.78,1250000,,RPOQMLSJJHPFFAO66CB
新竹市,房地(土地+建物)+車位,新竹市新竹市科學園路F戶6樓,32.46,商,,,1071025,土地1建物1車位2,六層,6,華廈(10層含以下有電梯),住家用,鋼筋混凝土造,,211.59,4,2,2,有,無,14180000,89980,坡道平面,79.56,2300000,,RPPQMLSJJHPFFAO76CB
新竹市,房地(土地+建物)+車位,新竹市新竹市科學園路D戶2樓,27.37,商,,,1071025,土地1建物1車位1,二層,6,華廈(10層含以下有電梯),住家用,鋼筋混凝土造,,152.68,3,2,2,有,無,10400000,84588,坡道平面,39.78,850000,,RPQQMLSJJHPFFAO86CB
新竹市,房地(土地+建物)+車位,新竹市新竹市科學園路A戶2樓,27.34,商,,,1071025,土地1建物1車位1,二層,6,華廈(10層含以下有電梯),住家用,鋼筋混凝土造,,163.85,3,2,2,有,無,11470000,83179,坡道平面,39.78,1150000,,RPRQMLSJJHPFFAO96CB
新竹市,房地(土地+建物)+車位,新竹市新竹市科學園路A戶6樓,29.55,商,,,1071025,土地1建物1車位1,六層,6,華廈(10層含以下有電梯),住家用,鋼筋混凝土造,,162.4,3,2,2,有,無,12230000,90380,坡道平面,38.7,1050000,,RPSQMLSJJHPFFAO07CB
新竹市,房地(土地+建物)+車位,新竹市新竹市科學園路F戶5樓,32.42,商,,,1071025,土地1建物1車位2,五層,6,華廈(10層含以下有電梯),住家用,鋼筋混凝土造,,211.59,4,2,2,有,無,14200000,90151,坡道平面,78.48,2200000,,RPTQMLSJJHPFFAO17CB
新竹市,房地(土地+建物)+車位,新竹市新竹市科學園路D戶6樓,27.37,商,,,1071025,土地1建物1車位1,六層,6,華廈(10層含以下有電梯),住家用,鋼筋混凝土造,,152.68,3,2,2,有,無,11140000,88485,坡道平面,39.78,1150000,,RPUQMLSJJHPFFAO27CB
新竹市,房地(土地+建物)+車位,新竹市新竹市科學園路A戶4樓,29.6,商,,,1071025,土地1建物1車位1,四層,6,華廈(10層含以下有電梯),住家用,鋼筋混凝土造,,163.48,3,2,2,有,無,12280000,89167,坡道平面,39.78,1250000,,RPVQMLSJJHPFFAO37CB
新竹市,房地(土地+建物)+車位,新竹市新竹市科學園路B戶6樓,35.1,商,,,1071025,土地1建物1車位2,六層,6,華廈(10層含以下有電梯),住家用,鋼筋混凝土造,,221.38,4,2,2,有,無,14910000,90326,坡道平面,79.56,2100000,,RPWQMLSJJHPFFAO47CB
新竹市,房地(土地+建物)+車位,新竹市新竹市科學園路F戶2樓,32.46,商,,,1071025,土地1建物1車位2,二層,6,華廈(10層含以下有電梯),住家用,鋼筋混凝土造,,211.59,4,2,2,有,無,14280000,89222,坡道平面,79.56,2500000,,RPXQMLSJJHPFFAO57CB
新竹市,房地(土地+建物)+車位,新竹市新竹市科學園路D戶4樓,27.37,商,,,1071025,土地1建物1車位1,四層,6,華廈(10層含以下有電梯),住家用,鋼筋混凝土造,,152.68,3,2,2,有,無,10900000,87245,坡道平面,39.78,1050000,,RPORMLSJJHPFFAO76CB
新竹市,房地(土地+建物)+車位,新竹市新竹市科學園路B戶4樓,35.1,商,,,1071025,土地1建物1車位2,四層,6,華廈(10層含以下有電梯),住家用,鋼筋混凝土造,,221.38,4,2,2,有,無,15340000,89127,坡道平面,79.56,2700000,,RPPRMLSJJHPFFAO86CB
新竹市,房地(土地+建物)+車位,新竹市新竹市科學園路E戶3樓,29.03,商,,,1071025,土地1建物1車位1,三層,6,華廈(10層含以下有電梯),住家用,鋼筋混凝土造,,160.54,3,2,2,有,無,11880000,88854,坡道平面,39.78,1150000,,RPQRMLSJJHPFFAO96CB
新竹市,房地(土地+建物)+車位,新竹市新竹市科學園路G戶2樓,28.61,商,,,1071025,土地1建物1車位1,二層,6,華廈(10層含以下有電梯),住家用,鋼筋混凝土造,,164.09,3,2,2,有,無,12050000,88488,坡道平面,39.78,1050000,,RPRRMLSJJHPFFAO07CB
新竹市,房地(土地+建物)+車位,新竹市新竹市科學園路E戶6樓,29.03,商,,,1071025,土地1建物1車位1,六層,6,華廈(10層含以下有電梯),住家用,鋼筋混凝土造,,160.54,3,2,2,有,無,11840000,88523,坡道平面,39.78,1150000,,RPSRMLSJJHPFFAO17CB
新竹市,房地(土地+建物)+車位,新竹市新竹市科學園路B戶5樓,35.1,商,,,1071025,土地1建物1車位2,五層,6,華廈(10層含以下有電梯),住家用,鋼筋混凝土造,,221.38,4,2,2,有,無,15140000,91242,坡道平面,79.56,2200000,,RPTRMLSJJHPFFAO27CB
新竹市,房地(土地+建物)+車位,新竹市新竹市科學園路C戶3樓,27.7,商,,,1071025,土地1建物1車位1,三層,6,華廈(10層含以下有電梯),住家用,鋼筋混凝土造,,155.19,3,2,2,有,無,11180000,86908,坡道平面,39.78,1150000,,RPURMLSJJHPFFAO37CB
新竹市,房地(土地+建物)+車位,新竹市新竹市科學園路C戶5樓,27.7,商,,,1071025,土地1建物1車位1,五層,6,華廈(10層含以下有電梯),住家用,鋼筋混凝土造,,155.19,3,2,2,有,無,11220000,87254,坡道平面,39.78,1150000,,RPVRMLSJJHPFFAO47CB
新竹市,房地(土地+建物)+車位,新竹市新竹市科學園路A戶5樓,29.6,商,,,1071025,土地1建物1車位1,五層,6,華廈(10層含以下有電梯),住家用,鋼筋混凝土造,,163.48,3,2,2,有,無,12340000,91269,坡道平面,39.78,1050000,,RPWRMLSJJHPFFAO57CB
新竹市,房地(土地+建物)+車位,新竹市新竹市科學園路F戶3樓,32.46,商,,,1071025,土地1建物1車位2,三層,6,華廈(10層含以下有電梯),住家用,鋼筋混凝土造,,211.59,4,2,2,有,無,14460000,89071,坡道平面,79.56,2700000,,RPXRMLSJJHPFFAO67CB
新竹市,房地(土地+建物)+車位,新竹市新竹市科學園路C戶4樓,27.7,商,,,1071025,土地1建物1車位1,四層,6,華廈(10層含以下有電梯),住家用,鋼筋混凝土造,,155.19,3,2,2,有,無,10880000,85175,坡道平面,39.78,1050000,,RPOSMLSJJHPFFAO86CB
新竹市,房地(土地+建物)+車位,新竹市新竹市科學園路D戶3樓,27.37,商,,,1071025,土地1建物1車位1,三層,6,華廈(10層含以下有電梯),住家用,鋼筋混凝土造,,152.68,3,2,2,有,無,11040000,87600,坡道平面,39.78,1150000,,RPPSMLSJJHPFFAO96CB
新竹市,房地(土地+建物)+車位,新竹市新竹市科學園路E戶5樓,29.03,商,,,1071025,土地1建物1車位1,五層,6,華廈(10層含以下有電梯),住家用,鋼筋混凝土造,,160.54,3,2,2,有,無,12050000,89434,坡道平面,39.78,1250000,,RPQSMLSJJHPFFAO07CB
新竹市,房地(土地+建物)+車位,新竹市新竹市北區北大路201號3樓之10 A1-3F,13.85,商,,,1070606,土地1建物1車位1,三層,27,住宅大樓(11層含以上有電梯),住家用,鋼筋混凝土造,,184.88,3,2,2,有,無,17630000,102339,坡道平面,29.71,1750000,,RPTOMLQKJHPFFAO86CB
新竹市,房地(土地+建物)+車位,新竹市新竹市北區北大路201號4樓之10 A1-4F,13.85,商,,,1060925,土地1建物1車位1,四層,27,住宅大樓(11層含以上有電梯),住家用,鋼筋混凝土造,,182.77,3,2,2,有,無,14980000,86550,坡道平面,27.6,1550000,,RPUOMLQKJHPFFAO96CB
新竹市,房地(土地+建物)+車位,新竹市新竹市北區北大路201號5樓之10 A1-5F,13.85,商,,,1050527,土地1建物1車位1,五層,27,住宅大樓(11層含以上有電梯),住家用,鋼筋混凝土造,,184.88,3,2,2,有,無,15860000,91577,坡道平面,29.71,1650000,,RPVOMLQKJHPFFAO07CB
新竹市,房地(土地+建物)+車位,新竹市新竹市北區北大路201號7樓之10 A1-7F,13.85,商,,,1070720,土地1建物1車位1,七層,27,住宅大樓(11層含以上有電梯),住家用,鋼筋混凝土造,,184.88,3,2,2,有,無,16150000,92801,坡道平面,29.71,1750000,,RPXOMLQKJHPFFAO27CB
新竹市,房地(土地+建物)+車位,新竹市新竹市北區北大路201號8樓之10 A1-8F,14.27,商,,,1070326,土地1建物1車位2,八層,27,住宅大樓(11層含以上有電梯),住家用,鋼筋混凝土造,,212.49,3,2,2,有,無,17460000,91893,坡道平面,57.31,3200000,,RPOPMLQKJHPFFAO09CB
新竹市,房地(土地+建物)+車位,新竹市新竹市北區北大路201號9樓之10 A1-9F,14.27,商,,,1051220,土地1建物1車位2,九層,27,住宅大樓(11層含以上有電梯),住家用,鋼筋混凝土造,,212.49,3,2,2,有,無,18000000,94084,坡道平面,57.31,3400000,,RPPPMLQKJHPFFAO56CB
新竹市,房地(土地+建物)+車位,新竹市新竹市北區北大路201號10樓之10 A1-10F,13.85,商,,,1070719,土地1建物1車位1,十層,27,住宅大樓(11層含以上有電梯),住家用,鋼筋混凝土造,,184.88,3,2,2,有,無,16850000,96346,坡道平面,29.71,1900000,,RPQPMLQKJHPFFAO66CB
新竹市,房地(土地+建物)+車位,新竹市新竹市北區北大路201號11樓之10 A1-11F,14.27,商,,,1070925,土地1建物1車位2,十一層,27,住宅大樓(11層含以上有電梯),住家用,鋼筋混凝土造,,214.58,3,2,2,有,無,18200000,94741,坡道平面,59.42,3500000,,RPRPMLQKJHPFFAO76CB
新竹市,房地(土地+建物)+車位,新竹市新竹市北區北大路201號12樓之10 A1-12F,13.85,商,,,1061016,土地1建物1車位1,十二層,27,住宅大樓(11層含以上有電梯),住家用,鋼筋混凝土造,,184.88,3,2,2,有,無,16800000,96024,坡道平面,29.71,1900000,,RPSPMLQKJHPFFAO86CB
新竹市,房地(土地+建物)+車位,新竹市新竹市北區北大路201號14樓之10 A1-14F,13.85,商,,,1070606,土地1建物1車位1,十四層,27,住宅大樓(11層含以上有電梯),住家用,鋼筋混凝土造,,184.88,3,2,2,有,無,16080000,93639,坡道平面,29.71,1550000,,RPTPMLQKJHPFFAO96CB
新竹市,房地(土地+建物)+車位,新竹市新竹市北區北大路201號15樓之10 A1-15F,13.43,商,,,1070417,土地1建物1車位1,十五層,27,住宅大樓(11層含以上有電梯),住家用,鋼筋混凝土造,,181.3,3,2,2,有,無,16400000,97962,坡道平面,29.71,1550000,,RPUPMLQKJHPFFAO07CB
新竹市,房地(土地+建物)+車位,新竹市新竹市北區北大路201號16樓之10 A1-16F,13.43,商,,,1070314,土地1建物1車位1,十六層,27,住宅大樓(11層含以上有電梯),住家用,鋼筋混凝土造,,181.3,3,2,2,有,無,16830000,99479,坡道平面,29.71,1750000,,RPVPMLQKJHPFFAO17CB
新竹市,房地(土地+建物)+車位,新竹市新竹市北區北大路201號17樓之10 A1-17F,13.43,商,,,1070720,土地1建物1車位1,十七層,27,住宅大樓(11層含以上有電梯),住家用,鋼筋混凝土造,,181.3,3,2,2,有,無,17400000,102249,坡道平面,29.71,1900000,,RPWPMLQKJHPFFAO27CB
新竹市,房地(土地+建物)+車位,新竹市新竹市北區北大路201號21樓之10 A1-21F,13.43,商,,,1060627,土地1建物1車位1,二十一層,27,住宅大樓(11層含以上有電梯),住家用,鋼筋混凝土造,,181.3,3,2,2,有,無,17880000,107725,坡道平面,29.71,1550000,,RPXPMLQKJHPFFAO37CB
新竹市,房地(土地+建物)+車位,新竹市新竹市北區北大路201號23樓之10 A1-23F,13.85,商,,,1071001,土地1建物1車位2,二十三層,27,住宅大樓(11層含以上有電梯),住家用,鋼筋混凝土造,,211.0,3,2,2,有,無,19600000,107534,坡道平面,59.42,3300000,,RPOQMLQKJHPFFAO56CB
新竹市,房地(土地+建物)+車位,新竹市新竹市北區北大路201號3樓之11 A2-3F,13.43,商,,,1070223,土地1建物1車位1,三層,27,住宅大樓(11層含以上有電梯),住家用,鋼筋混凝土造,,180.88,3,2,2,有,無,16000000,92641,坡道平面,27.6,1800000,,RPPQMLQKJHPFFAO66CB
新竹市,房地(土地+建物)+車位,新竹市新竹市北區北大路201號4樓之11 A2-4F,13.43,商,,,1060627,土地1建物1車位1,四層,27,住宅大樓(11層含以上有電梯),住家用,鋼筋混凝土造,,180.88,3,2,2,有,無,14200000,83181,坡道平面,27.6,1450000,,RPQQMLQKJHPFFAO76CB
新竹市,房地(土地+建物)+車位,新竹市新竹市北區北大路201號5樓之11 A2-5F,13.43,商,,,1060824,土地1建物1車位1,五層,27,住宅大樓(11層含以上有電梯),住家用,鋼筋混凝土造,,180.88,3,2,2,有,無,14450000,84812,坡道平面,27.6,1450000,,RPRQMLQKJHPFFAO86CB
新竹市,房地(土地+建物)+車位,新竹市新竹市北區北大路201號6樓之11 A2-6F,13.43,商,,,1061002,土地1建物1車位1,六層,27,住宅大樓(11層含以上有電梯),住家用,鋼筋混凝土造,,182.99,3,2,2,有,無,14930000,86639,坡道平面,29.71,1650000,,RPSQMLQKJHPFFAO96CB
新竹市,房地(土地+建物)+車位,新竹市新竹市北區北大路201號7樓之11 A2-7F,13.43,商,,,1060420,土地1建物1車位1,七層,27,住宅大樓(11層含以上有電梯),住家用,鋼筋混凝土造,,182.99,3,2,2,有,無,15080000,88270,坡道平面,29.71,1550000,,RPTQMLQKJHPFFAO07CB
新竹市,房地(土地+建物)+車位,新竹市新竹市北區北大路201號8樓之11 A2-8F,13.43,商,,,1060617,土地1建物1車位1,八層,27,住宅大樓(11層含以上有電梯),住家用,鋼筋混凝土造,,182.99,3,2,2,有,無,15080000,87617,坡道平面,29.71,1650000,,RPUQMLQKJHPFFAO17CB
新竹市,房地(土地+建物)+車位,新竹市新竹市北區北大路201號9樓之11 A2-9F,13.43,商,,,1060727,土地1建物1車位1,九層,27,住宅大樓(11層含以上有電梯),住家用,鋼筋混凝土造,,182.99,3,2,2,有,無,15150000,88727,坡道平面,29.71,1550000,,RPVQMLQKJHPFFAO27CB
新竹市,房地(土地+建物)+車位,新竹市新竹市北區北大路201號10樓之11 A2-10F,13.43,商,,,1061219,土地1建物1車位1,十層,27,住宅大樓(11層含以上有電梯),住家用,鋼筋混凝土造,,180.88,3,2,2,有,無,15280000,88922,坡道平面,27.6,1650000,,RPWQMLQKJHPFFAO37CB
新竹市,房地(土地+建物)+車位,新竹市新竹市北區北大路201號11樓之11 A2-11F,13.43,商,,,1060617,土地1建物1車位1,十一層,27,住宅大樓(11層含以上有電梯),住家用,鋼筋混凝土造,,180.88,3,2,2,有,無,15950000,93946,坡道平面,27.6,1550000,,RPXQMLQKJHPFFAO47CB
新竹市,房地(土地+建物)+車位,新竹市新竹市北區北大路201號15樓之11 A2-15F,13.43,商,,,1050621,土地1建物1車位1,十五層,27,住宅大樓(11層含以上有電梯),住家用,鋼筋混凝土造,,180.88,3,2,2,有,無,16520000,98366,坡道平面,29.71,1650000,,RPORMLQKJHPFFAO66CB
新竹市,房地(土地+建物)+車位,新竹市新竹市北區北大路201號16樓之11 A2-16F,13.43,商,,,1050930,土地1建物1車位1,十六層,27,住宅大樓(11層含以上有電梯),住家用,鋼筋混凝土造,,182.99,3,2,2,有,無,16300000,96229,坡道平面,29.71,1550000,,RPQRMLQKJHPFFAO86CB
新竹市,房地(土地+建物)+車位,新竹市新竹市北區北大路201號18樓之11 A2-18F,13.43,商,,,1050511,土地1建物1車位1,十八層,27,住宅大樓(11層含以上有電梯),住家用,鋼筋混凝土造,,182.99,3,2,2,有,無,17100000,100144,坡道平面,29.71,1750000,,RPRRMLQKJHPFFAO96CB
新竹市,房地(土地+建物)+車位,新竹市新竹市北區北大路201號19樓之11 A2-19F,13.43,商,,,1051228,土地1建物1車位1,十九層,27,住宅大樓(11層含以上有電梯),住家用,鋼筋混凝土造,,182.99,3,2,2,有,無,16980000,99361,坡道平面,29.71,1750000,,RPSRMLQKJHPFFAO07CB
新竹市,房地(土地+建物)+車位,新竹市新竹市北區北大路201號20樓之11 A2-20F,13.43,商,,,1051003,土地1建物1車位1,二十層,27,住宅大樓(11層含以上有電梯),住家用,鋼筋混凝土造,,182.99,3,2,2,有,無,17000000,100796,坡道平面,29.71,1550000,,RPTRMLQKJHPFFAO17CB
新竹市,房地(土地+建物)+車位,新竹市新竹市北區北大路201號21樓之11 A2-21F,13.43,商,,,1060627,土地1建物1車位1,二十一層,27,住宅大樓(11層含以上有電梯),住家用,鋼筋混凝土造,,182.99,3,2,2,有,無,17550000,104384,坡道平面,29.71,1550000,,RPURMLQKJHPFFAO27CB
新竹市,房地(土地+建物)+車位,新竹市新竹市北區北大路201號22樓之11 A2-22F,13.43,商,,,1060602,土地1建物1車位1,二十二層,27,住宅大樓(11層含以上有電梯),住家用,鋼筋混凝土造,,182.99,3,2,2,有,無,17530000,101970,坡道平面,29.71,1900000,,RPVRMLQKJHPFFAO37CB
新竹市,房地(土地+建物)+車位,新竹市新竹市北區北大路201號23樓之11 A2-23F,13.43,商,,,1070122,土地1建物1車位1,二十三層,27,住宅大樓(11層含以上有電梯),住家用,鋼筋混凝土造,,182.99,3,2,2,有,無,17760000,103471,坡道平面,29.71,1900000,,RPXRMLQKJHPFFAO57CB
新竹市,房地(土地+建物)+車位,新竹市新竹市北區北大路201號24樓之11 A2-24F,13.43,商,,,1070517,土地1建物1車位1,二十四層,27,住宅大樓(11層含以上有電梯),住家用,鋼筋混凝土造,,180.88,3,2,2,有,無,17510000,103471,坡道平面,27.6,1650000,,RPOSMLQKJHPFFAO76CB
新竹市,房地(土地+建物)+車位,新竹市新竹市北區北大路201號25樓之11 A2-25F,13.43,商,,,1070411,土地1建物1車位1,二十五層,27,住宅大樓(11層含以上有電梯),住家用,鋼筋混凝土造,,182.99,3,2,2,有,無,17720000,104841,坡道平面,29.71,1650000,,RPPSMLQKJHPFFAO86CB
新竹市,房地(土地+建物)+車位,新竹市新竹市北區北大路201號26樓之11 A2-26F,13.43,商,,,1070911,土地1建物1車位1,二十六層,27,住宅大樓(11層含以上有電梯),住家用,鋼筋混凝土造,,182.99,3,2,2,有,無,17980000,104906,坡道平面,29.71,1900000,,RPQSMLQKJHPFFAO96CB
新竹市,房地(土地+建物)+車位,新竹市新竹市北區北大路201號2樓之12 A3-2F,13.43,商,,,1061219,土地1建物1車位1,二層,27,住宅大樓(11層含以上有電梯),住家用,鋼筋混凝土造,,182.99,3,2,2,有,無,15110000,87161,坡道平面,29.71,1750000,,RPRSMLQKJHPFFAO07CB
新竹市,房地(土地+建物)+車位,新竹市新竹市北區北大路201號3樓之12 A3-3F,13.43,商,,,1050511,土地1建物1車位1,三層,27,住宅大樓(11層含以上有電梯),住家用,鋼筋混凝土造,,182.99,3,2,2,有,無,14850000,85465,坡道平面,29.71,1750000,,RPSSMLQKJHPFFAO17CB
新竹市,房地(土地+建物)+車位,新竹市新竹市北區北大路201號4樓之12 A3-4F,13.43,商,,,1060510,土地1建物1車位1,四層,27,住宅大樓(11層含以上有電梯),住家用,鋼筋混凝土造,,182.99,3,2,2,有,無,15460000,90749,坡道平面,29.71,1550000,,RPTSMLQKJHPFFAO27CB
新竹市,房地(土地+建物)+車位,新竹市新竹市北區北大路201號5樓之12 A3-5F,13.43,商,,,1050511,土地1建物1車位1,五層,27,住宅大樓(11層含以上有電梯),住家用,鋼筋混凝土造,,182.99,3,2,2,有,無,15060000,86835,坡道平面,29.71,1750000,,RPUSMLQKJHPFFAO37CB
新竹市,房地(土地+建物)+車位,新竹市新竹市北區北大路201號6樓之12 A3-6F,13.43,商,,,1050614,土地1建物1車位1,六層,27,住宅大樓(11層含以上有電梯),住家用,鋼筋混凝土造,,182.99,3,2,2,有,無,15170000,88205,坡道平面,29.71,1650000,,RPVSMLQKJHPFFAO47CB
新竹市,房地(土地+建物)+車位,新竹市新竹市北區北大路201號7樓之12 A3-7F,13.43,商,,,1060925,土地1建物1車位1,七層,27,住宅大樓(11層含以上有電梯),住家用,鋼筋混凝土造,,182.99,3,2,2,有,無,14920000,87226,坡道平面,29.71,1550000,,RPWSMLQKJHPFFAO57CB
新竹市,房地(土地+建物)+車位,新竹市新竹市北區北大路201號8樓之12 A3-8F,13.43,商,,,1050511,土地1建物1車位1,八層,27,住宅大樓(11層含以上有電梯),住家用,鋼筋混凝土造,,182.99,3,2,2,有,無,15660000,90749,坡道平面,29.71,1750000,,RPXSMLQKJHPFFAO67CB
新竹市,房地(土地+建物)+車位,新竹市新竹市北區北大路201號9樓之12 A3-9F,13.43,商,,,1061204,土地1建物1車位1,九層,27,住宅大樓(11層含以上有電梯),住家用,鋼筋混凝土造,,182.99,3,2,2,有,無,15410000,89118,坡道平面,29.71,1750000,,RPOTMLQKJHPFFAO86CB
新竹市,房地(土地+建物)+車位,新竹市新竹市北區北大路201號10樓之12 A3-10F,13.85,商,,,1060807,土地1建物1車位2,十層,27,住宅大樓(11層含以上有電梯),住家用,鋼筋混凝土造,,210.6,3,2,2,有,無,16620000,87546,坡道平面,57.31,3200000,,RPPTMLQKJHPFFAO96CB
新竹市,房地(土地+建物)+車位,新竹市新竹市北區北大路201號11樓之12 A3-11F,13.85,商,,,1061213,土地1建物1車位2,十一層,27,住宅大樓(11層含以上有電梯),住家用,鋼筋混凝土造,,208.49,3,2,2,有,無,17060000,89764,坡道平面,55.2,3300000,,RPQTMLQKJHPFFAO07CB
新竹市,房地(土地+建物)+車位,新竹市新竹市北區北大路201號2樓之13 A5-2F,13.85,商,,,1070626,土地1建物1車位1,二層,27,住宅大樓(11層含以上有電梯),住家用,鋼筋混凝土造,,182.41,3,2,2,有,無,16320000,94761,坡道平面,27.6,1650000,,RPRTMLQKJHPFFAO17CB
新竹市,房地(土地+建物)+車位,新竹市新竹市北區北大路201號3樓之13 A5-3F,13.85,商,,,1050527,土地1建物1車位1,三層,27,住宅大樓(11層含以上有電梯),住家用,鋼筋混凝土造,,184.9,3,2,2,有,無,15250000,87635,坡道平面,29.71,1650000,,RPSTMLQKJHPFFAO27CB
新竹市,房地(土地+建物)+車位,新竹市新竹市北區北大路201號4樓之13 A5-4F,13.85,商,,,1060329,土地1建物1車位1,四層,27,住宅大樓(11層含以上有電梯),住家用,鋼筋混凝土造,,182.79,3,2,2,有,無,14900000,85379,坡道平面,27.6,1650000,,RPTTMLQKJHPFFAO37CB
新竹市,房地(土地+建物)+車位,新竹市新竹市北區北大路201號5樓之13 A5-5F,13.85,商,,,1051021,土地1建物1車位1,五層,27,住宅大樓(11層含以上有電梯),住家用,鋼筋混凝土造,,184.9,3,2,2,有,無,15100000,87312,坡道平面,29.71,1550000,,RPUTMLQKJHPFFAO47CB
新竹市,房地(土地+建物)+車位,新竹市新竹市北區北大路201號6樓之13 A5-6F,13.85,商,,,1060704,土地1建物1車位1,六層,27,住宅大樓(11層含以上有電梯),住家用,鋼筋混凝土造,,184.9,3,2,2,有,無,16100000,93112,坡道平面,29.71,1650000,,RPVTMLQKJHPFFAO57CB
新竹市,房地(土地+建物)+車位,新竹市新竹市北區北大路201號7樓之13 A5-7F,13.85,商,,,1050524,土地1建物1車位1,七層,27,住宅大樓(11層含以上有電梯),住家用,鋼筋混凝土造,,184.9,3,2,2,有,無,15900000,91823,坡道平面,29.71,1650000,,RPWTMLQKJHPFFAO67CB
新竹市,房地(土地+建物)+車位,新竹市新竹市北區北大路201號9樓之13 A5-9F,13.85,商,,,1050518,土地1建物1車位1,九層,27,住宅大樓(11層含以上有電梯),住家用,鋼筋混凝土造,,184.9,3,2,2,有,無,16350000,94078,坡道平面,29.71,1750000,,RPXTMLQKJHPFFAO77CB
新竹市,房地(土地+建物)+車位,新竹市新竹市北區北大路201號12樓之13 A5-12F,14.27,商,,,1070103,土地1建物1車位2,十二層,27,住宅大樓(11層含以上有電梯),住家用,鋼筋混凝土造,,214.61,3,2,2,有,無,17960000,93176,坡道平面,59.42,3500000,,RPOUMLQKJHPFFAO96CB
新竹市,房地(土地+建物)+車位,新竹市新竹市北區北大路201號16樓之13 A5-16F,10.07,商,,,1060315,土地1建物1車位1,十六層,27,住宅大樓(11層含以上有電梯),住家用,鋼筋混凝土造,,140.59,2,1,1,有,無,12650000,99206,坡道平面,29.71,1650000,,RPPUMLQKJHPFFAO07CB
新竹市,房地(土地+建物)+車位,新竹市新竹市北區北大路201號17樓之13 A5-17F,10.07,商,,,1061026,土地1建物1車位1,十七層,27,住宅大樓(11層含以上有電梯),住家用,鋼筋混凝土造,,140.59,2,1,1,有,無,12330000,96320,坡道平面,29.71,1650000,,RPQUMLQKJHPFFAO17CB
新竹市,房地(土地+建物)+車位,新竹市新竹市北區北大路201號18樓之13 A5-18F,10.07,商,,,1061213,土地1建物1車位1,十八層,27,住宅大樓(11層含以上有電梯),住家用,鋼筋混凝土造,,140.59,2,1,1,有,無,12600000,97854,坡道平面,29.71,1750000,,RPRUMLQKJHPFFAO27CB
新竹市,房地(土地+建物)+車位,新竹市新竹市北區北大路201號20樓之13 A5-20F,10.07,商,,,1061213,土地1建物1車位1,二十層,27,住宅大樓(11層含以上有電梯),住家用,鋼筋混凝土造,,138.48,2,1,1,有,無,12760000,100198,坡道平面,27.6,1650000,,RPSUMLQKJHPFFAO37CB
新竹市,房地(土地+建物)+車位,新竹市新竹市北區北大路201號23樓之13 A5-23F,10.07,商,,,1070320,土地1建物1車位1,二十三層,27,住宅大樓(11層含以上有電梯),住家用,鋼筋混凝土造,,138.48,2,1,1,有,無,13080000,103986,坡道平面,27.6,1550000,,RPTUMLQKJHPFFAO47CB
新竹市,房地(土地+建物)+車位,新竹市新竹市北區北大路201號4樓之1 B1-4F,18.04,商,,,1061101,土地1建物1車位2,四層,27,住宅大樓(11層含以上有電梯),住家用,鋼筋混凝土造,,257.2,3,2,2,有,無,20650000,85196,坡道平面,59.42,3800000,,RPUUMLQKJHPFFAO57CB
新竹市,房地(土地+建物)+車位,新竹市新竹市北區北大路201號5樓之1 B1-5F,17.62,商,,,1061101,土地1建物1車位1,五層,27,住宅大樓(11層含以上有電梯),住家用,鋼筋混凝土造,,227.49,3,2,2,有,無,19520000,89089,坡道平面,29.71,1900000,,RPVUMLQKJHPFFAO67CB
新竹市,房地(土地+建物)+車位,新竹市新竹市北區北大路201號6樓之1 B1-6F,18.04,商,,,1060810,土地1建物1車位2,六層,27,住宅大樓(11層含以上有電梯),住家用,鋼筋混凝土造,,257.22,3,2,2,有,無,21230000,89636,坡道平面,59.42,3500000,,RPWUMLQKJHPFFAO77CB
新竹市,房地(土地+建物)+車位,新竹市新竹市北區北大路201號7樓之1 B1-7F,17.62,商,,,1070212,土地1建物1車位1,七層,27,住宅大樓(11層含以上有電梯),住家用,鋼筋混凝土造,,227.51,3,2,2,有,無,20020000,91608,坡道平面,29.71,1900000,,RPXUMLQKJHPFFAO87CB
新竹市,房地(土地+建物)+車位,新竹市新竹市北區北大路201號8樓之1 B1-8F,18.04,商,,,1070510,土地1建物1車位2,八層,27,住宅大樓(11層含以上有電梯),住家用,鋼筋混凝土造,,257.22,3,2,2,有,無,21500000,91001,坡道平面,59.42,3500000,,RPOVMLQKJHPFFAO07CB
新竹市,房地(土地+建物)+車位,新竹市新竹市北區北大路201號9樓之1 B1-9F,18.04,商,,,1050425,土地1建物1車位2,九層,27,住宅大樓(11層含以上有電梯),住家用,鋼筋混凝土造,,257.22,3,2,2,有,無,22120000,95147,坡道平面,59.42,3300000,,RPPVMLQKJHPFFAO17CB
新竹市,房地(土地+建物)+車位,新竹市新竹市北區北大路201號10樓之1 B1-10F,18.04,商,,,1060628,土地1建物1車位2,十層,27,住宅大樓(11層含以上有電梯),住家用,鋼筋混凝土造,,257.22,3,2,2,有,無,22100000,94034,坡道平面,59.42,3500000,,RPQVMLQKJHPFFAO27CB
新竹市,房地(土地+建物)+車位,新竹市新竹市北區北大路201號11樓之1 B1-11F,18.04,商,,,1070606,土地1建物1車位2,十一層,27,住宅大樓(11層含以上有電梯),住家用,鋼筋混凝土造,,255.12,3,2,2,有,無,22800000,98074,坡道平面,57.31,3400000,,RPRVMLQKJHPFFAO37CB
新竹市,房地(土地+建物)+車位,新竹市新竹市北區北大路201號15樓之1 B1-15F,17.62,商,,,1061024,土地1建物1車位1,十五層,27,住宅大樓(11層含以上有電梯),住家用,鋼筋混凝土造,,227.51,3,2,2,有,無,20980000,97219,坡道平面,29.71,1750000,,RPSVMLQKJHPFFAO47CB
新竹市,房地(土地+建物)+車位,新竹市新竹市北區北大路201號16樓之1 B1-16F,18.04,商,,,1050715,土地1建物1車位2,十六層,27,住宅大樓(11層含以上有電梯),住家用,鋼筋混凝土造,,257.22,3,2,2,有,無,23440000,100809,坡道平面,59.42,3500000,,RPTVMLQKJHPFFAO57CB
新竹市,房地(土地+建物)+車位,新竹市新竹市北區北大路201號17樓之1 B1-17F,18.04,商,,,1050705,土地1建物1車位2,十七層,27,住宅大樓(11層含以上有電梯),住家用,鋼筋混凝土造,,257.22,3,2,2,有,無,23610000,101668,坡道平面,59.42,3500000,,RPUVMLQKJHPFFAO67CB
新竹市,房地(土地+建物)+車位,新竹市新竹市北區北大路201號18樓之1 B1-18F,18.04,商,,,1050423,土地1建物1車位2,十八層,27,住宅大樓(11層含以上有電梯),住家用,鋼筋混凝土造,,257.22,3,2,2,有,無,23680000,102022,坡道平面,59.42,3500000,,RPVVMLQKJHPFFAO77CB
新竹市,房地(土地+建物)+車位,新竹市新竹市北區北大路201號19樓之1 B1-19F,18.04,商,,,1060420,土地1建物1車位2,十九層,27,住宅大樓(11層含以上有電梯),住家用,鋼筋混凝土造,,257.22,3,2,2,有,無,23550000,101365,坡道平面,59.42,3500000,,RPWVMLQKJHPFFAO87CB
新竹市,房地(土地+建物)+車位,新竹市新竹市北區北大路201號20樓之1 B1-20F,18.04,商,,,1061102,土地1建物1車位2,二十層,27,住宅大樓(11層含以上有電梯),住家用,鋼筋混凝土造,,255.12,3,2,2,有,無,23500000,101613,坡道平面,57.31,3400000,,RPXVMLQKJHPFFAO97CB
新竹市,房地(土地+建物)+車位,新竹市新竹市北區北大路201號21樓之1 B1-21F,18.04,商,,,1050424,土地1建物1車位2,二十一層,27,住宅大樓(11層含以上有電梯),住家用,鋼筋混凝土造,,257.22,3,2,2,有,無,24520000,104752,坡道平面,59.42,3800000,,RPOWMLQKJHPFFAO17CB
新竹市,房地(土地+建物)+車位,新竹市新竹市北區北大路201號23樓之1 B1-23F,18.04,商,,,1070814,土地1建物1車位2,二十三層,27,住宅大樓(11層含以上有電梯),住家用,鋼筋混凝土造,,257.22,3,2,2,有,無,24600000,105157,坡道平面,59.42,3800000,,RPPWMLQKJHPFFAO27CB
新竹市,房地(土地+建物)+車位,新竹市新竹市北區北大路201號24樓之1 B1-24F,18.04,商,,,1061016,土地1建物1車位2,二十四層,27,住宅大樓(11層含以上有電梯),住家用,鋼筋混凝土造,,257.22,3,2,2,有,無,24750000,105915,坡道平面,59.42,3800000,,RPQWMLQKJHPFFAO37CB
新竹市,房地(土地+建物)+車位,新竹市新竹市北區北大路201號3樓之2 B2-3F,17.62,商,,,1070418,土地1建物1車位2,三層,27,住宅大樓(11層含以上有電梯),住家用,鋼筋混凝土造,,256.83,3,2,2,有,無,22760000,96044,坡道平面,59.42,3800000,,RPRWMLQKJHPFFAO47CB
新竹市,房地(土地+建物)+車位,新竹市新竹市北區北大路201號4樓之2 B2-4F,17.62,商,,,1070614,土地1建物1車位2,四層,27,住宅大樓(11層含以上有電梯),住家用,鋼筋混凝土造,,254.73,3,2,2,有,無,19980000,84996,坡道平面,57.31,3200000,,RPSWMLQKJHPFFAO57CB
新竹市,房地(土地+建物)+車位,新竹市新竹市北區北大路201號5樓之2 B2-5F,17.62,商,,,1060216,土地1建物1車位2,五層,27,住宅大樓(11層含以上有電梯),住家用,鋼筋混凝土造,,254.73,3,2,2,有,無,21380000,91075,坡道平面,57.31,3400000,,RPTWMLQKJHPFFAO67CB
新竹市,房地(土地+建物)+車位,新竹市新竹市北區北大路201號6樓之2 B2-6F,17.2,商,,,1050517,土地1建物1車位1,六層,27,住宅大樓(11層含以上有電梯),住家用,鋼筋混凝土造,,225.04,3,2,2,有,無,20050000,93193,坡道平面,27.6,1650000,,RPUWMLQKJHPFFAO77CB
新竹市,房地(土地+建物)+車位,新竹市新竹市北區北大路201號7樓之2 B2-7F,17.62,商,,,1050729,土地1建物1車位2,七層,27,住宅大樓(11層含以上有電梯),住家用,鋼筋混凝土造,,256.86,3,2,2,有,無,21800000,92686,坡道平面,59.42,3500000,,RPVWMLQKJHPFFAO87CB
新竹市,房地(土地+建物)+車位,新竹市新竹市北區北大路201號8樓之2 B2-8F,17.62,商,,,1050422,土地1建物1車位2,八層,27,住宅大樓(11層含以上有電梯),住家用,鋼筋混凝土造,,256.86,3,2,2,有,無,21900000,94206,坡道平面,59.42,3300000,,RPXWMLQKJHPFFAO08CB
新竹市,房地(土地+建物)+車位,新竹市新竹市北區北大路201號9樓之2 B2-9F,17.62,商,,,1070720,土地1建物1車位2,九層,27,住宅大樓(11層含以上有電梯),住家用,鋼筋混凝土造,,256.86,3,2,2,有,無,23180000,98156,坡道平面,59.42,3800000,,RPONNLQKJHPFFAO98CB
新竹市,房地(土地+建物)+車位,新竹市新竹市北區北大路201號10樓之2 B2-10F,17.62,商,,,1060628,土地1建物1車位2,十層,27,住宅大樓(11層含以上有電梯),住家用,鋼筋混凝土造,,256.86,3,2,2,有,無,22050000,93953,坡道平面,59.42,3500000,,RPPNNLQKJHPFFAO09CB
新竹市,房地(土地+建物)+車位,新竹市新竹市北區北大路201號12樓之2 B2-12F,17.62,商,,,1050705,土地1建物1車位2,十二層,27,住宅大樓(11層含以上有電梯),住家用,鋼筋混凝土造,,256.86,3,2,2,有,無,22660000,98055,坡道平面,59.42,3300000,,RPQNNLQKJHPFFAO56CB
新竹市,房地(土地+建物)+車位,新竹市新竹市北區北大路201號14樓之2 B2-14F,17.2,商,,,1070416,土地1建物1車位1,十四層,27,住宅大樓(11層含以上有電梯),住家用,鋼筋混凝土造,,227.15,3,2,2,有,無,20560000,95269,坡道平面,29.71,1750000,,RPRNNLQKJHPFFAO66CB
新竹市,房地(土地+建物)+車位,新竹市新竹市北區北大路201號15樓之2 B2-15F,17.62,商,,,1050424,土地1建物1車位2,十五層,27,住宅大樓(11層含以上有電梯),住家用,鋼筋混凝土造,,256.86,3,2,2,有,無,23120000,99372,坡道平面,59.42,3500000,,RPSNNLQKJHPFFAO76CB
新竹市,房地(土地+建物)+車位,新竹市新竹市北區北大路201號16樓之2 B2-16F,17.62,商,,,1061127,土地1建物1車位2,十六層,27,住宅大樓(11層含以上有電梯),住家用,鋼筋混凝土造,,254.76,3,2,2,有,無,23030000,97898,坡道平面,57.31,3700000,,RPTNNLQKJHPFFAO86CB
新竹市,房地(土地+建物)+車位,新竹市新竹市北區北大路201號17樓之2 B2-17F,17.62,商,,,1070713,土地1建物1車位2,十七層,27,住宅大樓(11層含以上有電梯),住家用,鋼筋混凝土造,,256.86,3,2,2,有,無,22980000,99676,坡道平面,59.42,3300000,,RPUNNLQKJHPFFAO96CB
新竹市,房地(土地+建物)+車位,新竹市新竹市北區北大路201號18樓之2 B2-18F,17.62,商,,,1070301,土地1建物1車位2,十八層,27,住宅大樓(11層含以上有電梯),住家用,鋼筋混凝土造,,256.86,3,2,2,有,無,23380000,99169,坡道平面,59.42,3800000,,RPVNNLQKJHPFFAO07CB
新竹市,房地(土地+建物)+車位,新竹市新竹市北區北大路201號19樓之2 B2-19F,17.62,商,,,1060420,土地1建物1車位2,十九層,27,住宅大樓(11層含以上有電梯),住家用,鋼筋混凝土造,,256.86,3,2,2,有,無,23300000,101297,坡道平面,59.42,3300000,,RPWNNLQKJHPFFAO17CB
新竹市,房地(土地+建物)+車位,新竹市新竹市北區北大路201號20樓之2 B2-20F,17.62,商,,,1050518,土地1建物1車位2,二十層,27,住宅大樓(11層含以上有電梯),住家用,鋼筋混凝土造,,256.86,3,2,2,有,無,24000000,103829,坡道平面,59.42,3500000,,RPXNNLQKJHPFFAO27CB
新竹市,房地(土地+建物)+車位,新竹市新竹市北區北大路201號21樓之2 B2-21F,17.62,商,,,1050424,土地1建物1車位2,二十一層,27,住宅大樓(11層含以上有電梯),住家用,鋼筋混凝土造,,256.86,3,2,2,有,無,24480000,104741,坡道平面,59.42,3800000,,RPOONLQKJHPFFAO09CB
新竹市,房地(土地+建物)+車位,新竹市新竹市北區北大路201號22樓之2 B2-22F,17.62,商,,,1070515,土地1建物1車位2,二十二層,27,住宅大樓(11層含以上有電梯),住家用,鋼筋混凝土造,,256.86,3,2,2,有,無,24000000,103829,坡道平面,59.42,3500000,,RPPONLQKJHPFFAO56CB
新竹市,房地(土地+建物)+車位,新竹市新竹市北區北大路201號23樓之2 B2-23F,17.2,商,,,1070822,土地1建物1車位1,二十三層,27,住宅大樓(11層含以上有電梯),住家用,鋼筋混凝土造,,227.15,3,2,2,有,無,23000000,107628,坡道平面,29.71,1750000,,RPQONLQKJHPFFAO66CB
新竹市,房地(土地+建物)+車位,新竹市新竹市北區北大路201號24樓之2 B2-24F,17.62,商,,,1070720,土地1建物1車位2,二十四層,27,住宅大樓(11層含以上有電梯),住家用,鋼筋混凝土造,,256.86,3,2,2,有,無,24480000,106260,坡道平面,59.42,3500000,,RPRONLQKJHPFFAO76CB
新竹市,房地(土地+建物)+車位,新竹市新竹市北區北大路201號25樓之2 B2-25F,17.62,商,,,1070726,土地1建物1車位2,二十五層,27,住宅大樓(11層含以上有電梯),住家用,鋼筋混凝土造,,256.86,3,2,2,有,無,26410000,114516,坡道平面,59.42,3800000,,RPSONLQKJHPFFAO86CB
新竹市,房地(土地+建物)+車位,新竹市新竹市北區北大路201號26樓之2 B2-26F,17.62,商,,,1070915,土地1建物1車位2,二十六層,27,住宅大樓(11層含以上有電梯),住家用,鋼筋混凝土造,,256.87,3,2,2,有,無,25200000,108382,坡道平面,59.42,3800000,,RPTONLQKJHPFFAO96CB
新竹市,房地(土地+建物)+車位,新竹市新竹市北區北大路201號2樓之3 B3-2F,16.78,商,,,1070604,土地1建物1車位2,二層,27,住宅大樓(11層含以上有電梯),住家用,鋼筋混凝土造,,247.1,4,2,2,有,無,20000000,86317,坡道平面,59.42,3800000,,RPUONLQKJHPFFAO07CB
新竹市,房地(土地+建物)+車位,新竹市新竹市北區北大路201號3樓之3 B3-3F,16.36,商,,,1070122,土地1建物1車位1,三層,27,住宅大樓(11層含以上有電梯),住家用,鋼筋混凝土造,,217.88,4,2,2,有,無,19200000,93798,坡道平面,29.71,1550000,,RPVONLQKJHPFFAO17CB
新竹市,房地(土地+建物)+車位,新竹市新竹市北區北大路201號4樓之3 B3-4F,16.36,商,,,1061128,土地1建物1車位1,四層,27,住宅大樓(11層含以上有電梯),住家用,鋼筋混凝土造,,217.88,4,2,2,有,無,17550000,84498,坡道平面,29.71,1650000,,RPWONLQKJHPFFAO27CB
新竹市,房地(土地+建物)+車位,新竹市新竹市北區北大路201號5樓之3 B3-5F,16.78,商,,,1060704,土地1建物1車位2,五層,27,住宅大樓(11層含以上有電梯),住家用,鋼筋混凝土造,,247.62,4,2,2,有,無,19160000,84272,坡道平面,59.42,3300000,,RPXONLQKJHPFFAO37CB
新竹市,房地(土地+建物)+車位,新竹市新竹市北區北大路201號6樓之3 B3-6F,16.36,商,,,1060718,土地1建物1車位1,六層,27,住宅大樓(11層含以上有電梯),住家用,鋼筋混凝土造,,217.91,4,2,2,有,無,18360000,87460,坡道平面,29.71,1900000,,RPOPNLQKJHPFFAO56CB
新竹市,房地(土地+建物)+車位,新竹市新竹市北區北大路201號7樓之3 B3-7F,16.36,商,,,1070326,土地1建物1車位1,七層,27,住宅大樓(11層含以上有電梯),住家用,鋼筋混凝土造,,217.91,4,2,2,有,無,18430000,89692,坡道平面,29.71,1550000,,RPPPNLQKJHPFFAO66CB
新竹市,房地(土地+建物)+車位,新竹市新竹市北區北大路201號10樓之3 B3-10F,16.78,商,,,1060628,土地1建物1車位2,十層,27,住宅大樓(11層含以上有電梯),住家用,鋼筋混凝土造,,245.52,4,2,2,有,無,20450000,90590,坡道平面,57.31,3400000,,RPQPNLQKJHPFFAO76CB
新竹市,房地(土地+建物)+車位,新竹市新竹市北區北大路201號18樓之3 B3-18F,16.36,商,,,1070614,土地1建物1車位1,十八層,27,住宅大樓(11層含以上有電梯),住家用,鋼筋混凝土造,,217.91,4,2,2,有,無,21050000,102550,坡道平面,29.71,1750000,,RPRPNLQKJHPFFAO86CB
新竹市,房地(土地+建物)+車位,新竹市新竹市北區北大路201號19樓之3 B3-19F,16.78,商,,,1060510,土地1建物1車位2,十九層,27,住宅大樓(11層含以上有電梯),住家用,鋼筋混凝土造,,247.62,4,2,2,有,無,21720000,97875,坡道平面,59.42,3300000,,RPSPNLQKJHPFFAO96CB
新竹市,房地(土地+建物)+車位,新竹市新竹市北區北大路201號21樓之3 B3-21F,16.36,商,,,1070312,土地1建物1車位1,二十一層,27,住宅大樓(11層含以上有電梯),住家用,鋼筋混凝土造,,217.91,4,2,2,有,無,20720000,100000,坡道平面,29.71,1900000,,RPTPNLQKJHPFFAO07CB
新竹市,房地(土地+建物)+車位,新竹市新竹市北區北大路201號2樓之5 C1-2F,13.01,商,,,1050517,土地1建物1車位1,二層,27,住宅大樓(11層含以上有電梯),住家用,鋼筋混凝土造,,175.95,3,2,2,有,無,13700000,83083,坡道平面,29.71,1550000,,RPUPNLQKJHPFFAO17CB
新竹市,房地(土地+建物)+車位,新竹市新竹市北區北大路201號3樓之5 C1-3F,13.01,商,,,1050517,土地1建物1車位1,三層,27,住宅大樓(11層含以上有電梯),住家用,鋼筋混凝土造,,175.95,3,2,2,有,無,13730000,83288,坡道平面,29.71,1550000,,RPVPNLQKJHPFFAO27CB
新竹市,房地(土地+建物)+車位,新竹市新竹市北區北大路201號4樓之5 C1-4F,13.43,商,,,1050517,土地1建物1車位2,四層,27,住宅大樓(11層含以上有電梯),住家用,鋼筋混凝土造,,205.66,3,2,2,有,無,15250000,81715,坡道平面,59.42,3300000,,RPWPNLQKJHPFFAO37CB
新竹市,房地(土地+建物)+車位,新竹市新竹市北區北大路201號5樓之5 C1-5F,13.01,商,,,1050517,土地1建物1車位1,五層,27,住宅大樓(11層含以上有電梯),住家用,鋼筋混凝土造,,175.95,3,2,2,有,無,13950000,84792,坡道平面,29.71,1550000,,RPXPNLQKJHPFFAO47CB
新竹市,房地(土地+建物)+車位,新竹市新竹市北區北大路201號6樓之5 C1-6F,13.01,商,,,1050517,土地1建物1車位1,六層,27,住宅大樓(11層含以上有電梯),住家用,鋼筋混凝土造,,173.84,3,2,2,有,無,14200000,86502,坡道平面,27.6,1550000,,RPOQNLQKJHPFFAO66CB
新竹市,房地(土地+建物)+車位,新竹市新竹市北區北大路201號7樓之5 C1-7F,13.01,商,,,1050614,土地1建物1車位1,七層,27,住宅大樓(11層含以上有電梯),住家用,鋼筋混凝土造,,175.95,3,2,2,有,無,14500000,88553,坡道平面,29.71,1550000,,RPPQNLQKJHPFFAO76CB
新竹市,房地(土地+建物)+車位,新竹市新竹市北區北大路201號8樓之5 C1-8F,13.01,商,,,1051201,土地1建物1車位1,八層,27,住宅大樓(11層含以上有電梯),住家用,鋼筋混凝土造,,173.84,3,2,2,有,無,14550000,89579,坡道平面,27.6,1450000,,RPQQNLQKJHPFFAO86CB
新竹市,房地(土地+建物)+車位,新竹市新竹市北區北大路201號9樓之5 C1-9F,13.01,商,,,1060113,土地1建物1車位1,九層,27,住宅大樓(11層含以上有電梯),住家用,鋼筋混凝土造,,175.95,3,2,2,有,無,14700000,89921,坡道平面,29.71,1550000,,RPRQNLQKJHPFFAO96CB
新竹市,房地(土地+建物)+車位,新竹市新竹市北區北大路201號10樓之5 C1-10F,13.01,商,,,1051214,土地1建物1車位1,十層,27,住宅大樓(11層含以上有電梯),住家用,鋼筋混凝土造,,175.95,3,2,2,有,無,14710000,89305,坡道平面,29.71,1650000,,RPSQNLQKJHPFFAO07CB
新竹市,房地(土地+建物)+車位,新竹市新竹市北區北大路201號11樓之5 C1-11F,13.01,商,,,1060307,土地1建物1車位1,十一層,27,住宅大樓(11層含以上有電梯),住家用,鋼筋混凝土造,,175.95,3,2,2,有,無,14800000,90604,坡道平面,29.71,1550000,,RPTQNLQKJHPFFAO17CB
新竹市,房地(土地+建物)+車位,新竹市新竹市北區北大路201號12樓之5 C1-12F,13.43,商,,,1051128,土地1建物1車位2,十二層,27,住宅大樓(11層含以上有電梯),住家用,鋼筋混凝土造,,205.66,3,2,2,有,無,16400000,89579,坡道平面,59.42,3300000,,RPUQNLQKJHPFFAO27CB
新竹市,房地(土地+建物)+車位,新竹市新竹市北區北大路201號14樓之5 C1-14F,13.01,商,,,1070726,土地1建物1車位1,十四層,27,住宅大樓(11層含以上有電梯),住家用,鋼筋混凝土造,,173.84,3,2,2,有,無,14930000,90810,坡道平面,27.6,1650000,,RPVQNLQKJHPFFAO37CB
新竹市,房地(土地+建物)+車位,新竹市新竹市北區北大路201號16樓之5 C1-16F,13.01,商,,,1070905,土地1建物1車位1,十六層,27,住宅大樓(11層含以上有電梯),住家用,鋼筋混凝土造,,175.95,3,2,2,有,無,15300000,93340,坡道平面,29.71,1650000,,RPWQNLQKJHPFFAO47CB
新竹市,房地(土地+建物)+車位,新竹市新竹市北區北大路201號22樓之5 C1-22F,13.01,商,,,1070905,土地1建物1車位1,二十二層,27,住宅大樓(11層含以上有電梯),住家用,鋼筋混凝土造,,173.84,3,2,2,有,無,17450000,107016,坡道平面,27.6,1800000,,RPXQNLQKJHPFFAO57CB
新竹市,房地(土地+建物)+車位,新竹市新竹市北區北大路201號2樓之6 C2-2F,13.43,商,,,1050517,土地1建物1車位1,二層,27,住宅大樓(11層含以上有電梯),住家用,鋼筋混凝土造,,180.97,3,2,2,有,無,14300000,84292,坡道平面,29.71,1550000,,RPORNLQKJHPFFAO76CB
新竹市,房地(土地+建物)+車位,新竹市新竹市北區北大路201號3樓之6 C2-3F,13.43,商,,,1050517,土地1建物1車位1,三層,27,住宅大樓(11層含以上有電梯),住家用,鋼筋混凝土造,,180.97,3,2,2,有,無,14580000,84821,坡道平面,29.71,1750000,,RPPRNLQKJHPFFAO86CB
新竹市,房地(土地+建物)+車位,新竹市新竹市北區北大路201號4樓之6 C2-4F,13.43,商,,,1050804,土地1建物1車位1,四層,27,住宅大樓(11層含以上有電梯),住家用,鋼筋混凝土造,,181.19,3,2,2,有,無,14350000,83839,坡道平面,29.71,1650000,,RPQRNLQKJHPFFAO96CB
新竹市,房地(土地+建物)+車位,新竹市新竹市北區北大路201號5樓之6 C2-5F,13.43,商,,,1050823,土地1建物1車位1,五層,27,住宅大樓(11層含以上有電梯),住家用,鋼筋混凝土造,,181.19,3,2,2,有,無,14200000,83509,坡道平面,29.71,1550000,,RPRRNLQKJHPFFAO07CB
新竹市,房地(土地+建物)+車位,新竹市新竹市北區北大路201號6樓之6 C2-6F,13.43,商,,,1051114,土地1建物1車位1,六層,27,住宅大樓(11層含以上有電梯),住家用,鋼筋混凝土造,,181.19,3,2,2,有,無,14610000,86216,坡道平面,29.71,1550000,,RPSRNLQKJHPFFAO17CB
新竹市,房地(土地+建物)+車位,新竹市新竹市北區北大路201號7樓之6 C2-7F,13.43,商,,,1050423,土地1建物1車位1,七層,27,住宅大樓(11層含以上有電梯),住家用,鋼筋混凝土造,,181.19,3,2,2,有,無,15100000,89451,坡道平面,29.71,1550000,,RPTRNLQKJHPFFAO27CB
新竹市,房地(土地+建物)+車位,新竹市新竹市北區北大路201號8樓之6 C2-8F,13.43,商,,,1060124,土地1建物1車位1,八層,27,住宅大樓(11層含以上有電梯),住家用,鋼筋混凝土造,,181.19,3,2,2,有,無,15130000,89649,坡道平面,29.71,1550000,,RPURNLQKJHPFFAO37CB
新竹市,房地(土地+建物)+車位,新竹市新竹市北區北大路201號11樓之6 C2-11F,13.43,商,,,1050705,土地1建物1車位1,十一層,27,住宅大樓(11層含以上有電梯),住家用,鋼筋混凝土造,,181.19,3,2,2,有,無,15850000,93082,坡道平面,29.71,1750000,,RPVRNLQKJHPFFAO47CB
新竹市,房地(土地+建物)+車位,新竹市新竹市北區北大路201號12樓之6 C2-12F,13.43,商,,,1070925,土地1建物1車位1,十二層,27,住宅大樓(11層含以上有電梯),住家用,鋼筋混凝土造,,179.08,3,2,2,有,無,15600000,91101,坡道平面,27.6,1800000,,RPWRNLQKJHPFFAO57CB
新竹市,房地(土地+建物)+車位,新竹市新竹市北區北大路201號15樓之6 C2-15F,13.43,商,,,1070727,土地1建物1車位1,十五層,27,住宅大樓(11層含以上有電梯),住家用,鋼筋混凝土造,,181.19,3,2,2,有,無,15800000,94072,坡道平面,29.71,1550000,,RPXRNLQKJHPFFAO67CB
新竹市,房地(土地+建物)+車位,新竹市新竹市北區北大路201號17樓之6 C2-17F,13.43,商,,,1070614,土地1建物1車位1,十七層,27,住宅大樓(11層含以上有電梯),住家用,鋼筋混凝土造,,181.19,3,2,2,有,無,16650000,97373,坡道平面,29.71,1900000,,RPOSNLQKJHPFFAO86CB
新竹市,房地(土地+建物)+車位,新竹市新竹市北區北大路201號18樓之6 C2-18F,13.43,商,,,1051021,土地1建物1車位1,十八層,27,住宅大樓(11層含以上有電梯),住家用,鋼筋混凝土造,,181.19,3,2,2,有,無,16280000,95920,坡道平面,29.71,1750000,,RPPSNLQKJHPFFAO96CB
新竹市,房地(土地+建物)+車位,新竹市新竹市北區北大路201號20樓之6 C2-20F,13.43,商,,,1071115,土地1建物1車位1,二十層,27,住宅大樓(11層含以上有電梯),住家用,鋼筋混凝土造,,181.19,3,2,2,有,無,17350000,102984,坡道平面,29.71,1750000,,RPQSNLQKJHPFFAO07CB
新竹市,房地(土地+建物)+車位,新竹市新竹市北區北大路201號3樓之7 C3-3F,9.23,商,,,1070423,土地1建物1車位1,三層,27,住宅大樓(11層含以上有電梯),住家用,鋼筋混凝土造,,133.94,2,1,1,有,無,11150000,92104,坡道平面,29.71,1550000,,RPRSNLQKJHPFFAO17CB
新竹市,房地(土地+建物)+車位,新竹市新竹市北區北大路201號4樓之7 C3-4F,9.23,商,,,1070201,土地1建物1車位1,四層,27,住宅大樓(11層含以上有電梯),住家用,鋼筋混凝土造,,133.94,2,1,1,有,無,10420000,85100,坡道平面,29.71,1550000,,RPSSNLQKJHPFFAO27CB
新竹市,房地(土地+建物)+車位,新竹市新竹市北區北大路201號5樓之7 C3-5F,9.23,商,,,1050517,土地1建物1車位1,五層,27,住宅大樓(11層含以上有電梯),住家用,鋼筋混凝土造,,131.83,2,1,1,有,無,10780000,89514,坡道平面,27.6,1450000,,RPTSNLQKJHPFFAO37CB
新竹市,房地(土地+建物)+車位,新竹市新竹市北區北大路201號6樓之7 C3-6F,9.23,商,,,1050715,土地1建物1車位1,六層,27,住宅大樓(11層含以上有電梯),住家用,鋼筋混凝土造,,133.94,2,1,1,有,無,11100000,91624,坡道平面,29.71,1550000,,RPUSNLQKJHPFFAO47CB
新竹市,房地(土地+建物)+車位,新竹市新竹市北區北大路201號7樓之7 C3-7F,9.23,商,,,1050705,土地1建物1車位1,七層,27,住宅大樓(11層含以上有電梯),住家用,鋼筋混凝土造,,133.94,2,1,1,有,無,11240000,92967,坡道平面,29.71,1550000,,RPVSNLQKJHPFFAO57CB
新竹市,房地(土地+建物),新竹市新竹市北區北大路201號8樓之7 C3-8F,8.81,商,,,1070108,土地1建物1車位0,八層,27,住宅大樓(11層含以上有電梯),住家用,鋼筋混凝土造,,104.23,2,1,1,有,無,9760000,93639,,0.0,0,,RPWSNLQKJHPFFAO67CB
新竹市,房地(土地+建物)+車位,新竹市新竹市北區北大路201號9樓之7 C3-9F,9.23,商,,,1060309,土地1建物1車位1,九層,27,住宅大樓(11層含以上有電梯),住家用,鋼筋混凝土造,,133.94,2,1,1,有,無,11090000,91528,坡道平面,29.71,1550000,,RPXSNLQKJHPFFAO77CB
新竹市,房地(土地+建物)+車位,新竹市新竹市北區北大路201號10樓之7 C3-10F,9.23,商,,,1070720,土地1建物1車位1,十層,27,住宅大樓(11層含以上有電梯),住家用,鋼筋混凝土造,,133.94,2,1,1,有,無,11380000,94311,坡道平面,29.71,1550000,,RPOTNLQKJHPFFAO96CB
新竹市,房地(土地+建物)+車位,新竹市新竹市北區北大路201號12樓之7 C3-12F,9.23,商,,,1070606,土地1建物1車位1,十二層,27,住宅大樓(11層含以上有電梯),住家用,鋼筋混凝土造,,131.83,2,1,1,有,無,11320000,93735,坡道平面,27.6,1550000,,RPPTNLQKJHPFFAO07CB
新竹市,房地(土地+建物)+車位,新竹市新竹市北區北大路201號16樓之7 C3-16F,9.23,商,,,1050614,土地1建物1車位1,十六層,27,住宅大樓(11層含以上有電梯),住家用,鋼筋混凝土造,,131.83,2,1,1,有,無,11900000,100259,坡道平面,27.6,1450000,,RPQTNLQKJHPFFAO17CB
新竹市,房地(土地+建物)+車位,新竹市新竹市北區北大路201號17樓之7 C3-17F,9.23,商,,,1071114,土地1建物1車位1,十七層,27,住宅大樓(11層含以上有電梯),住家用,鋼筋混凝土造,,131.83,2,1,1,有,無,12100000,101218,坡道平面,27.6,1550000,,RPRTNLQKJHPFFAO27CB
新竹市,房地(土地+建物)+車位,新竹市新竹市北區北大路201號3樓之8 C5-3F,9.23,商,,,1070516,土地1建物1車位1,三層,27,住宅大樓(11層含以上有電梯),住家用,鋼筋混凝土造,,131.65,2,1,1,有,無,10850000,91230,坡道平面,29.71,1550000,,RPSTNLQKJHPFFAO37CB
新竹市,房地(土地+建物)+車位,新竹市新竹市北區北大路201號4樓之8 C5-4F,9.23,商,,,1070103,土地1建物1車位1,四層,27,住宅大樓(11層含以上有電梯),住家用,鋼筋混凝土造,,129.54,2,1,1,有,無,10300000,85835,坡道平面,27.6,1550000,,RPTTNLQKJHPFFAO47CB
新竹市,房地(土地+建物)+車位,新竹市新竹市北區北大路201號5樓之8 C5-5F,9.23,商,,,1061128,土地1建物1車位1,五層,27,住宅大樓(11層含以上有電梯),住家用,鋼筋混凝土造,,131.65,2,1,1,有,無,10470000,87502,坡道平面,29.71,1550000,,RPUTNLQKJHPFFAO57CB
新竹市,房地(土地+建物)+車位,新竹市新竹市北區北大路201號6樓之8 C5-6F,9.23,商,,,1061221,土地1建物1車位1,六層,27,住宅大樓(11層含以上有電梯),住家用,鋼筋混凝土造,,129.54,2,1,1,有,無,10480000,88582,坡道平面,27.6,1450000,,RPVTNLQKJHPFFAO67CB
新竹市,房地(土地+建物)+車位,新竹市新竹市北區北大路201號7樓之8 C5-7F,9.23,商,,,1061114,土地1建物1車位1,七層,27,住宅大樓(11層含以上有電梯),住家用,鋼筋混凝土造,,129.54,2,1,1,有,無,10750000,90249,坡道平面,27.6,1550000,,RPWTNLQKJHPFFAO77CB
新竹市,房地(土地+建物)+車位,新竹市新竹市北區北大路201號8樓之8 C5-8F,9.23,商,,,1060511,土地1建物1車位1,八層,27,住宅大樓(11層含以上有電梯),住家用,鋼筋混凝土造,,131.65,2,1,1,有,無,11280000,95448,坡道平面,29.71,1550000,,RPXTNLQKJHPFFAO87CB
新竹市,房地(土地+建物)+車位,新竹市新竹市北區北大路201號9樓之8 C5-9F,9.23,商,,,1061221,土地1建物1車位1,九層,27,住宅大樓(11層含以上有電梯),住家用,鋼筋混凝土造,,131.65,2,1,1,有,無,11020000,91917,坡道平面,29.71,1650000,,RPOUNLQKJHPFFAO07CB
新竹市,房地(土地+建物)+車位,新竹市新竹市北區北大路201號10樓之8 C5-10F,9.23,商,,,1070416,土地1建物1車位1,十層,27,住宅大樓(11層含以上有電梯),住家用,鋼筋混凝土造,,129.54,2,1,1,有,無,11300000,94664,坡道平面,27.6,1650000,,RPPUNLQKJHPFFAO17CB
新竹市,房地(土地+建物)+車位,新竹市新竹市北區北大路201號11樓之8 C5-11F,9.23,商,,,1070917,土地1建物1車位1,十一層,27,住宅大樓(11層含以上有電梯),住家用,鋼筋混凝土造,,131.65,2,1,1,有,無,11110000,93781,坡道平面,29.71,1550000,,RPQUNLQKJHPFFAO27CB
新竹市,房地(土地+建物)+車位,新竹市新竹市北區北大路201號12樓之8 C5-12F,9.23,商,,,1070626,土地1建物1車位1,十二層,27,住宅大樓(11層含以上有電梯),住家用,鋼筋混凝土造,,129.54,2,1,1,有,無,11500000,95154,坡道平面,27.6,1800000,,RPRUNLQKJHPFFAO37CB
新竹市,房地(土地+建物)+車位,新竹市新竹市北區北大路201號15樓之8 C5-15F,9.23,商,,,1070301,土地1建物1車位1,十五層,27,住宅大樓(11層含以上有電梯),住家用,鋼筋混凝土造,,129.54,2,1,1,有,無,11420000,97803,坡道平面,27.6,1450000,,RPSUNLQKJHPFFAO47CB
新竹市,房地(土地+建物)+車位,新竹市新竹市北區北大路201號16樓之8 C5-16F,9.23,商,,,1070720,土地1建物1車位1,十六層,27,住宅大樓(11層含以上有電梯),住家用,鋼筋混凝土造,,131.65,2,1,1,有,無,11850000,99078,坡道平面,29.71,1750000,,RPTUNLQKJHPFFAO57CB
新竹市,房地(土地+建物)+車位,新竹市新竹市北區北大路201號2樓之9 C6-2F,9.23,商,,,1060718,土地1建物1車位1,二層,27,住宅大樓(11層含以上有電梯),住家用,鋼筋混凝土造,,133.32,2,1,1,有,無,10900000,90242,坡道平面,29.71,1550000,,RPUUNLQKJHPFFAO67CB
新竹市,房地(土地+建物)+車位,新竹市新竹市北區北大路201號3樓之9 C6-3F,9.23,商,,,1050518,土地1建物1車位1,三層,27,住宅大樓(11層含以上有電梯),住家用,鋼筋混凝土造,,131.21,2,1,1,有,無,10750000,87829,坡道平面,27.6,1650000,,RPVUNLQKJHPFFAO77CB
新竹市,房地(土地+建物)+車位,新竹市新竹市北區北大路201號4樓之9 C6-4F,9.23,商,,,1050628,土地1建物1車位1,四層,27,住宅大樓(11層含以上有電梯),住家用,鋼筋混凝土造,,133.32,2,1,1,有,無,10600000,87347,坡道平面,29.71,1550000,,RPWUNLQKJHPFFAO87CB
新竹市,房地(土地+建物)+車位,新竹市新竹市北區北大路201號5樓之9 C6-5F,9.23,商,,,1050425,土地1建物1車位1,五層,27,住宅大樓(11層含以上有電梯),住家用,鋼筋混凝土造,,133.32,2,1,1,有,無,10900000,89277,坡道平面,29.71,1650000,,RPXUNLQKJHPFFAO97CB
新竹市,房地(土地+建物)+車位,新竹市新竹市北區北大路201號6樓之9 C6-6F,9.23,商,,,1050930,土地1建物1車位1,六層,27,住宅大樓(11層含以上有電梯),住家用,鋼筋混凝土造,,131.21,2,1,1,有,無,10800000,90242,坡道平面,27.6,1450000,,RPOVNLQKJHPFFAO17CB
新竹市,房地(土地+建物)+車位,新竹市新竹市北區北大路201號8樓之9 C6-8F,9.23,商,,,1050614,土地1建物1車位1,八層,27,住宅大樓(11層含以上有電梯),住家用,鋼筋混凝土造,,133.32,2,1,1,有,無,11250000,92655,坡道平面,29.71,1650000,,RPPVNLQKJHPFFAO27CB
新竹市,房地(土地+建物)+車位,新竹市新竹市北區北大路201號9樓之9 C6-9F,9.23,商,,,1050729,土地1建物1車位1,九層,27,住宅大樓(11層含以上有電梯),住家用,鋼筋混凝土造,,133.32,2,1,1,有,無,11300000,94103,坡道平面,29.71,1550000,,RPQVNLQKJHPFFAO37CB
新竹市,房地(土地+建物)+車位,新竹市新竹市北區北大路201號10樓之9 C6-10F,9.23,商,,,1051228,土地1建物1車位1,十層,27,住宅大樓(11層含以上有電梯),住家用,鋼筋混凝土造,,133.32,2,1,1,有,無,11170000,92848,坡道平面,29.71,1550000,,RPRVNLQKJHPFFAO47CB
新竹市,房地(土地+建物)+車位,新竹市新竹市北區北大路201號11樓之9 C6-11F,9.23,商,,,1051220,土地1建物1車位1,十一層,27,住宅大樓(11層含以上有電梯),住家用,鋼筋混凝土造,,131.21,2,1,1,有,無,11210000,93234,坡道平面,27.6,1550000,,RPSVNLQKJHPFFAO57CB
新竹市,房地(土地+建物)+車位,新竹市新竹市北區北大路201號13樓之9 C6-13F,9.23,商,,,1061221,土地1建物1車位1,十三層,27,住宅大樓(11層含以上有電梯),住家用,鋼筋混凝土造,,131.21,2,1,1,有,無,11320000,94296,坡道平面,27.6,1550000,,RPTVNLQKJHPFFAO67CB
新竹市,房地(土地+建物)+車位,新竹市新竹市北區北大路201號14樓之9 C6-14F,9.23,商,,,1070329,土地1建物1車位1,十四層,27,住宅大樓(11層含以上有電梯),住家用,鋼筋混凝土造,,133.32,2,1,1,有,無,11350000,91207,坡道平面,29.71,1900000,,RPUVNLQKJHPFFAO77CB
新竹市,房地(土地+建物)+車位,新竹市新竹市北區北大路201號15樓之9 C6-15F,9.23,商,,,1060602,土地1建物1車位1,十五層,27,住宅大樓(11層含以上有電梯),住家用,鋼筋混凝土造,,131.21,2,1,1,有,無,11680000,96805,坡道平面,27.6,1650000,,RPVVNLQKJHPFFAO87CB
新竹市,房地(土地+建物)+車位,新竹市新竹市北區北大路201號16樓之9 C6-16F,9.23,商,,,1060216,土地1建物1車位1,十六層,27,住宅大樓(11層含以上有電梯),住家用,鋼筋混凝土造,,133.32,2,1,1,有,無,11720000,98157,坡道平面,29.71,1550000,,RPWVNLQKJHPFFAO97CB
新竹市,房地(土地+建物)+車位,新竹市新竹市北區北大路201號17樓之9 C6-17F,9.23,商,,,1060408,土地1建物1車位1,十七層,27,住宅大樓(11層含以上有電梯),住家用,鋼筋混凝土造,,131.21,2,1,1,有,無,11600000,97964,坡道平面,27.6,1450000,,RPXVNLQKJHPFFAO08CB
新竹市,房地(土地+建物)+車位,新竹市新竹市北區北大路201號18樓之9 C6-18F,9.23,商,,,1060421,土地1建物1車位1,十八層,27,住宅大樓(11層含以上有電梯),住家用,鋼筋混凝土造,,133.32,2,1,1,有,無,11980000,100666,坡道平面,29.71,1550000,,RPOWNLQKJHPFFAO27CB
新竹市,房地(土地+建物)+車位,新竹市新竹市北區北大路201號19樓之9 C6-19F,9.23,商,,,1060921,土地1建物1車位1,十九層,27,住宅大樓(11層含以上有電梯),住家用,鋼筋混凝土造,,133.32,2,1,1,有,無,11820000,98157,坡道平面,29.71,1650000,,RPPWNLQKJHPFFAO37CB
新竹市,房地(土地+建物)+車位,新竹市新竹市北區北大路201號20樓之9 C6-20F,9.23,商,,,1070207,土地1建物1車位1,二十層,27,住宅大樓(11層含以上有電梯),住家用,鋼筋混凝土造,,131.21,2,1,1,有,無,11760000,99508,坡道平面,27.6,1450000,,RPQWNLQKJHPFFAO47CB
新竹市,房地(土地+建物)+車位,新竹市新竹市北區北大路201號21樓之9 C6-21F,9.23,商,,,1070614,土地1建物1車位1,二十一層,27,住宅大樓(11層含以上有電梯),住家用,鋼筋混凝土造,,133.32,2,1,1,有,無,12370000,104430,坡道平面,29.71,1550000,,RPRWNLQKJHPFFAO57CB
新竹市,房地(土地+建物)+車位,新竹市新竹市北區北大路201號6樓之10 A1-6F,13.85,商,,,1070314,土地1建物1車位1,六層,27,住宅大樓(11層含以上有電梯),住家用,鋼筋混凝土造,,184.88,3,2,2,有,無,15700000,89901,坡道平面,29.71,1750000,,RPOOMLKLJHPFFAO48CB
新竹市,房地(土地+建物)+車位,新竹市新竹市北區北大路203號 店舖六,31.47,商,,,1070604,土地1建物1車位2,一層,27,店面(店鋪),商業用,鋼筋混凝土造,,407.05,0,0,0,無,無,81000000,220925,坡道平面,59.42,4200000,,RPTPMLLLJHPFFAO56CB
