﻿鄉鎮市區,交易標的,土地位置建物門牌,土地面積平方公尺,都市土地使用分區,非都市土地使用分區,非都市土地使用編定,租賃年月日,租賃筆棟數,租賃層次,總樓層數,建物型態,主要用途,主要建材,建築完成年月,建物總面積平方公尺,建物現況格局-房,建物現況格局-廳,建物現況格局-衛,建物現況格局-隔間,有無管理組織,有無附傢俱,總額元,單價元平方公尺,車位類別,車位面積平方公尺,車位總額元,備註,編號
The villages and towns urban district,transaction sign,land sector position building sector house number plate,land shifting total area square meter,the use zoning or compiles and checks,the non-metropolis land use district,non-metropolis land use,transaction year month and day,transaction pen number,shifting level,total floor number,building state,main use,main building materials,construction to complete the years,building shifting total area,Building present situation pattern - room,building present situation pattern - hall,building present situation pattern - health,building present situation pattern - compartmented,Whether there is manages the organization,Whether there is attaches the furniture,total price NTD,the unit price (NTD / square meter),the berth category,berth shifting total area square meter,the berth total price NTD,the note,serial number
新城鄉,建物,花蓮縣新城鄉北埔村民族路83號,0.0,商,,,1081108,土地0建物0車位0,五層,5,套房(1房1廳1衛),住家用,鋼筋混凝土造,1070514,53.05,1,0,1,有,無,有,9500,179,,0.0,0,租賃面積含5樓前露台空間。,RPVNMLLKJIOFFAU17CC
吉安鄉,土地,慈惠段688-1地號,1409.58,住,,,1081016,土地1建物0車位0,,,其他,,,,0.0,0,0,0,有,無,無,30000,21,,0.0,0,部份土地約110坪及地上物倉庫,RPTNMLMKJIOFFAU17DC
吉安鄉,土地,慶豐段1124地號,215.2,農,,,1081025,土地1建物0車位0,,,其他,,,,0.0,0,0,0,有,無,無,9000,42,,0.0,0,中央路二段185號前方未登記建物木造平房3個房間,RPRNMLNKJIOFFAU17EC
花蓮市,房地(土地+建物),花蓮縣花蓮市國盛四街116號六之二十,6.47,住,,,1081106,土地1建物1車位0,六層,6,套房(1房1廳1衛),住家用,鋼筋混凝土造,0840919,33.25,1,0,1,有,有,有,6500,195,,0.0,0,,RPQNMLNKJIOFFAU86CC
吉安鄉,房地(土地+建物),花蓮縣吉安鄉中山路三段99巷191號,158.33,住,,,1081106,土地1建物0車位0,全,3,透天厝,住家用,鋼筋混凝土造,1040525,221.55,6,1,6,有,無,無,30000,135,,0.0,0,,RPSNMLSKJIOFFAU57CC
花蓮市,房地(土地+建物),花蓮縣花蓮市國興五街82號,87.0,住,,,1081016,土地1建物0車位0,全,2,透天厝,住商用,鋼筋混凝土加強磚造,0680622,107.57,3,1,2,有,無,無,13000,121,,0.0,0,,RPUNMLSKJIOFFAU77CC
花蓮市,房地(土地+建物),花蓮縣花蓮市林森路287號三樓之二,14.87,住,,,1081105,土地1建物0車位0,見其他登記事項,12,住宅大樓(11層含以上有電梯),集合住宅,鋼筋混凝土造,1000121,106.0,2,2,1,有,有,無,18000,170,,0.0,0,,RPOOMLTKJIOFFAU37CC
新城鄉,房地(土地+建物),花蓮縣新城鄉嘉北一街2巷8號,43.0,農,,,1081118,土地1建物1車位0,一層,1,其他,住家用,磚造,0641001,37.42,1,1,1,有,無,有,5000,134,,0.0,0,,RPVPMLTKJIOFFAU18CC
花蓮市,房地(土地+建物),花蓮縣花蓮市國民十一街３號二樓之二,17.68,商,,,1081115,土地1建物1車位0,二層,5,公寓(5樓含以下無電梯),住家用,鋼筋混凝土造,0771019,54.33,2,1,1,有,無,無,8000,147,,0.0,0,,RPUPMLTKJIOFFAU28EC
花蓮市,房地(土地+建物),花蓮縣花蓮市睦和街13號,98.0,住,,,1081114,土地1建物0車位0,全,2,透天厝,住商用,鋼筋混凝土加強磚造,0690531,125.95,3,1,2,有,無,無,13000,103,,0.0,0,,RPPOMLLLJIOFFAU76CC
花蓮市,房地(土地+建物),花蓮縣花蓮市中山路857號,108.0,住,,,1081114,土地1建物0車位0,見其他登記事項,3,店面(店鋪),住商用,鋼筋混凝土造,0751208,239.56,4,2,3,有,無,無,25000,104,,0.0,0,,RPSOMLLLJIOFFAU07CC
花蓮市,房地(土地+建物),花蓮縣花蓮市國盛六街45號4樓之2,13.07,住,,,1081118,土地1建物1車位0,四層,5,華廈(10層含以下有電梯),住家用,鋼筋混凝土造,0841123,46.85,1,0,1,有,有,有,6000,128,,0.0,0,,RPUNMLMLJIOFFAU27CC
吉安鄉,房地(土地+建物),花蓮縣吉安鄉建昌路182號,95.0,住,,,1081105,土地1建物0車位0,見其他登記事項,5,店面(店鋪),住商用,鋼筋混凝土造,0821206,305.29,5,4,4,有,無,無,20000,66,,0.0,0,,RPWNMLMLJIOFFAU47CC
吉安鄉,房地(土地+建物),花蓮縣吉安鄉仁光105號,188.81,,特定農業區,甲種建築用地,1081115,土地1建物0車位0,全,1,透天厝,住家用,鋼筋混凝土加強磚造,0710227,88.41,3,2,1,有,無,無,9000,102,,0.0,0,,RPOOMLMLJIOFFAU76CC
新城鄉,建物,花蓮縣新城鄉民族路73號,0.0,商,,,1081119,土地0建物0車位0,四層,5,套房(1房1廳1衛),住家用,鋼筋混凝土造,1070514,27.14,1,0,1,有,無,有,7500,276,,0.0,0,承租4樓後房間,RPRNMLQLJIOFFAU37CC
新城鄉,建物,花蓮縣新城鄉民族路83號,0.0,商,,,1081121,土地0建物0車位0,二層,5,套房(1房1廳1衛),住家用,鋼筋混凝土造,1070514,40.07,1,0,1,有,無,有,9500,237,,0.0,0,承租2樓後房間,RPSNMLQLJIOFFAU47CC
新城鄉,建物,花蓮縣新城鄉民族路73號,0.0,商,,,1081118,土地0建物0車位0,二層,5,套房(1房1廳1衛),住家用,鋼筋混凝土造,1070514,40.26,1,0,1,有,無,有,8500,211,,0.0,0,承租2樓前房間,RPTNMLQLJIOFFAU57CC
花蓮市,房地(土地+建物),花蓮縣花蓮市國富二街58號,0.0,住,,,1081030,土地1建物0車位0,全,3,透天厝,住商用,鋼筋混凝土造,0740424,20.0,1,0,1,有,無,有,6000,300,,0.0,0,,RPUNMLQLJIOFFAU67CC
花蓮市,房地(土地+建物),花蓮縣花蓮市國富二街58號,0.0,住,,,1081030,土地1建物0車位0,全,3,透天厝,住商用,鋼筋混凝土造,0740424,20.0,1,0,1,有,無,有,4000,200,,0.0,0,,RPROMLQLJIOFFAU47CC
花蓮市,建物,花蓮縣花蓮市國富二街77號,0.0,住,,,1081120,土地0建物0車位0,一層,4,套房(1房1廳1衛),住家用,鋼筋混凝土造,1020131,26.45,1,0,1,有,無,有,6000,227,,0.0,0,一樓有三間套房，僅租1間含陽台約8坪,RPUOMLQLJIOFFAU87DC
新城鄉,房地(土地+建物),花蓮縣新城鄉嘉里三街113巷2弄50號,169.0,住,,,1081030,土地1建物0車位0,全,4,透天厝,住家用,鋼筋混凝土造,1021021,212.52,3,2,2,有,無,無,21000,99,,0.0,0,,RPPNMLRLJIOFFAU37DC
花蓮市,房地(土地+建物),花蓮縣花蓮市中央路四段302號,39.0,住,,,1081121,土地1建物0車位0,全,2,透天厝,住商用,鋼筋混凝土造,0761111,71.29,2,1,1,有,無,無,13000,182,,0.0,0,,RPUOMLSLJIOFFAU08DC
花蓮市,房地(土地+建物),花蓮縣花蓮市中山路460號,123.0,住,,,1081101,土地1建物0車位0,見其他登記事項,1,店面(店鋪),商業用,鋼造,0711005,74.48,2,2,2,有,無,無,28000,376,,0.0,0,,RPTNMLMJKIOFFAU17DC
花蓮市,房地(土地+建物),花蓮縣花蓮市國盛三街12巷1號四樓之三,15.75,住,,,1081114,土地1建物1車位0,四層,5,公寓(5樓含以下無電梯),住家用,鋼筋混凝土造,0780603,58.75,2,1,1,有,有,有,8500,145,,0.0,0,,RPUNMLOJKIOFFAU37CC
吉安鄉,房地(土地+建物),花蓮縣吉安鄉壽昌街29巷30之1號,33.1,住,,,1081105,土地1建物1車位0,一層,5,華廈(10層含以下有電梯),住家用,鋼筋混凝土造,0810430,124.96,3,1,1,有,無,無,11000,88,,0.0,0,,RPQNMLPJKIOFFAU07CC
花蓮市,建物,花蓮縣花蓮市中山路一段3巷276弄76號,0.0,農,,,1081130,土地0建物0車位0,三層,4,套房(1房1廳1衛),住家用,鋼筋混凝土造,1070718,25.0,1,1,1,有,無,有,7500,300,,0.0,0,,RPSOMLTJKIOFFAU77CC
花蓮市,房地(土地+建物),花蓮縣花蓮市明禮路26巷5號,73.0,住,,,1081201,土地1建物0車位0,全,2,透天厝,住商用,鋼筋混凝土加強磚造,0651217,104.55,0,0,0,無,無,無,10000,96,,0.0,0,,RPTOMLTJKIOFFAU97DC
花蓮市,房地(土地+建物),花蓮縣花蓮市建德街102號,84.0,商,,,1081123,土地1建物0車位0,全,4,透天厝,住家用,鋼筋混凝土造,0930713,187.72,4,3,3,有,無,無,16000,85,,0.0,0,,RPTOMLKKKIOFFAU07CC
花蓮市,房地(土地+建物),花蓮縣花蓮市莊敬路220號,111.0,住,,,1081209,土地1建物1車位0,一層,4,店面(店鋪),住家用,鋼筋混凝土造,0960424,243.59,0,0,0,無,無,無,15000,62,,0.0,0,此棟為套房分租分租範圍1F店面約21坪,RPSNMLLKKIOFFAU96CC
花蓮市,房地(土地+建物),花蓮縣花蓮市中原路368巷30號,87.0,住,,,1081126,土地1建物0車位0,全,2,透天厝,住家用,鋼筋混凝土造,0760429,126.89,5,2,2,有,無,無,17000,134,,0.0,0,,RPUNMLRKKIOFFAU77CC
花蓮市,房地(土地+建物),花蓮縣花蓮市國聯五路221號,94.0,商,,,1081121,土地1建物0車位0,見其他登記事項,4,店面(店鋪),住商用,鋼筋混凝土造,0770815,263.24,6,2,7,有,無,無,16000,61,,0.0,0,,RPVNMLRKKIOFFAU87CC
吉安鄉,房地(土地+建物),花蓮縣吉安鄉昌隆3街68號4樓,16.67,住,,,1081205,土地1建物1車位0,四層,8,華廈(10層含以下有電梯),住家用,鋼筋混凝土造,0840222,107.99000000000001,3,2,1,有,有,有,10000,93,,0.0,0,,RPSNMLSKKIOFFAU77DC
花蓮市,房地(土地+建物),花蓮縣花蓮市成功街180號,85.0,住,,,1081217,土地1建物1車位0,全,1,透天厝,住家用,木造,,66.78,2,1,1,有,無,有,15000,225,,0.0,0,,RPVNMLSKKIOFFAU08DC
花蓮市,房地(土地+建物),花蓮縣花蓮市國興1街95號6樓之8,15.04,其他,,,1081204,土地1建物1車位0,六層,8,華廈(10層含以下有電梯),見其他登記事項,鋼筋混凝土造,0810930,89.71000000000001,2,1,1,有,有,有,8000,89,,0.0,0,,RPRNMLTKKIOFFAU77DC
花蓮市,房地(土地+建物),花蓮縣花蓮市化道路19號,54.05,住,,,1081122,土地1建物1車位0,全,4,透天厝,住商用,鋼筋混凝土造,0970130,135.3,0,0,0,無,無,無,30000,222,,0.0,0,,RPSNMLTKKIOFFAU77CC
花蓮市,建物,花蓮縣花蓮市中央路三段613號3D,0.0,,,,1081201,土地1建物0車位0,全,3,透天厝,住商用,鋼筋混凝土造,0780621,121.61,1,1,1,有,無,無,7000,58,,0.0,0,,RPWNMLTKKIOFFAU18CC
花蓮市,建物,花蓮縣花蓮市明心街18號,0.0,,,,1081205,土地1建物0車位0,,5,公寓(5樓含以下無電梯),住家用,鋼筋混凝土加強磚造,0660906,90.49,2,2,1,有,無,無,12000,133,,0.0,0,,RPOOMLTKKIOFFAU47CC
花蓮市,房地(土地+建物),花蓮縣花蓮市國富十四街25號三樓之二,7.61,住,,,1081125,土地1建物1車位0,三層,5,套房(1房1廳1衛),住家用,鋼筋混凝土造,0840303,27.03,1,0,1,有,有,有,5000,185,,0.0,0,含管理費、稅金或水電等費用。；,RPROMLKLKIOFFAU96CC
花蓮市,房地(土地+建物),花蓮縣花蓮市和平路178巷6號,58.0,農,,,1081128,土地1建物0車位0,全,1,透天厝,住家用,水泥木造蓋瓦,0581027,44.69,2,1,1,有,無,無,8000,179,,0.0,0,,RPTOMLKLKIOFFAU17CC
花蓮市,建物,花蓮縣花蓮市明心街122號4樓,0.0,住,,,1081212,土地1建物0車位0,見其他登記事項,4,套房(1房1廳1衛),住家用,鋼筋混凝土造,1051228,35.05,1,1,1,有,無,無,6800,194,,0.0,0,,RPTNMLNLKIOFFAU37CC
花蓮市,房地(土地+建物),花蓮縣花蓮市中華路393號,0.0,住,,,1081120,土地0建物0車位0,三層,4,套房(1房1廳1衛),住商用,鋼筋混凝土造,0820916,24.0,1,0,1,有,無,有,5000,208,,0.0,0,此棟為套房分租共九間承租範圍約8坪,RPVNMLNLKIOFFAU57CC
花蓮市,房地(土地+建物),花蓮縣花蓮市中華路336號,153.0,住,,,1081213,土地1建物0車位0,全,4,透天厝,住商用,鋼筋混凝土造,0860209,320.26,9,0,4,有,無,無,30000,94,,0.0,0,,RPVOMLNLKIOFFAU77DC
花蓮市,房地(土地+建物),花蓮縣花蓮市中山路507之1號,11.69,住,,,1081211,土地1建物4車位0,一層,5,店面(店鋪),住商用,鋼筋混凝土造,0690820,52.23,0,0,0,無,無,無,19000,364,,0.0,0,,RPWNMLOLKIOFFAU77CC
花蓮市,建物,花蓮縣花蓮市中央路3段613號,0.0,住,,,1081220,土地0建物1車位0,見其他登記事項,3,套房(1房1廳1衛),住商用,鋼筋混凝土造,0780621,40.4,1,1,1,有,無,有,8500,210,,0.0,0,,RPPOMLOLKIOFFAU17CC
花蓮市,房地(土地+建物),花蓮縣花蓮市三民街61號1樓,144.01,住,,,1081215,土地1建物1車位0,一層,4,公寓(5樓含以下無電梯),商業用,鋼筋混凝土造,0750909,106.97999999999999,0,0,0,無,無,無,16500,154,,0.0,0,,RPUOMLOLKIOFFAU67CC
花蓮市,房地(土地+建物),花蓮縣花蓮市國興二街１３６號四樓之一,12.82,住,,,1081216,土地1建物0車位0,,5,華廈(10層含以下有電梯),集合住宅,鋼筋混凝土造,1070622,36.79,1,1,1,有,無,無,8000,217,,0.0,0,,RPVOMLOLKIOFFAU77CC
新城鄉,建物,花蓮縣新城鄉北埔村復興路257號,0.0,商,,,1081209,土地0建物0車位0,三層,5,套房(1房1廳1衛),住家用,鋼筋混凝土造,1061024,24.0,1,0,1,有,無,有,7500,313,,0.0,0,出租3樓後房間,RPVNMLPLKIOFFAU77CC
吉安鄉,房地(土地+建物),花蓮縣吉安鄉東海六街69號,123.0,住,,,1081225,土地1建物1車位0,全,4,透天厝,住家用,鋼筋混凝土造,1040417,234.41,4,2,5,有,無,有,30000,128,,0.0,0,,RPSOMLPLKIOFFAU57CC
吉安鄉,建物,花蓮縣吉安鄉仁里1街143號,0.0,住,,,1081223,土地0建物0車位0,全,2,透天厝,住商用,鋼筋混凝土加強磚造,0681208,25.47,1,0,1,有,無,有,6500,255,,0.0,0,,RPVNMLKMKIOFFAU47DC
新城鄉,建物,花蓮縣新城鄉復興路257號,0.0,商,,,1081230,土地0建物0車位0,四層,5,套房(1房1廳1衛),住家用,鋼筋混凝土造,1061024,47.33,1,0,1,有,無,有,9000,190,,0.0,0,,RPWNMLLMKIOFFAU57CC
花蓮市,房地(土地+建物),花蓮縣花蓮市中美一街72之9號,26.6,商,,,1081223,土地1建物1車位0,五層,5,公寓(5樓含以下無電梯),住家用,鋼筋混凝土造,0701228,101.94,3,1,1,有,無,有,10000,98,,0.0,0,,RPPOMLNJJHPFFAU76CC
花蓮市,房地(土地+建物),花蓮縣花蓮市中原路638巷5號,57.0,住,,,1081223,土地1建物0車位0,全,2,透天厝,住家用,鋼筋混凝土加強磚造,0630306,101.64,3,2,2,有,無,無,10000,98,,0.0,0,,RPQOMLNJJHPFFAU86CC
花蓮市,房地(土地+建物),花蓮縣花蓮市和平路627號,86.0,住,,,1081226,土地1建物0車位0,見其他登記事項,2,店面(店鋪),住商用,鋼筋混凝土加強磚造,0660817,116.86,1,2,2,有,無,無,16000,137,,0.0,0,,RPROMLNJJHPFFAU96CC
花蓮市,房地(土地+建物),花蓮縣花蓮市國興五街119號,115.0,住,,,1090102,土地1建物1車位0,全,2,透天厝,住家用,鋼筋混凝土造,0751201,147.48,3,2,2,有,無,有,16000,108,,0.0,0,,RPWOMLNJJHPFFAU47CC
花蓮市,房地(土地+建物),花蓮縣花蓮市南京街127號,28.0,商,,,1081210,土地1建物1車位0,五層,5,辦公商業大樓,住商用,鋼筋混凝土造,0840814,114.71,3,2,2,有,無,有,12000,105,,0.0,0,,RPQNMLQJJHPFFAU07CC
花蓮市,房地(土地+建物),花蓮縣花蓮市中美路115巷7號七樓之一,3.15,住,,,1081226,土地1建物1車位0,七層,9,套房(1房1廳1衛),住家用,鋼筋混凝土造,0830611,47.92,1,0,1,有,有,有,8000,167,,0.0,0,,RPRNMLQJJHPFFAU17CC
花蓮市,房地(土地+建物),花蓮縣花蓮市國富一街5號,85.0,住,,,1090106,土地1建物1車位0,全,2,透天厝,住家用,鋼筋混凝土加強磚造,0720811,134.49,3,2,3,有,無,有,14500,108,,0.0,0,,RPTNMLQJJHPFFAU37CC
花蓮市,房地(土地+建物),花蓮縣花蓮市國興五街211號,19.28,住,,,1090102,土地1建物1車位0,四層,4,公寓(5樓含以下無電梯),住商用,鋼筋混凝土造,0831103,46.9,2,1,1,有,無,有,11000,235,,0.0,0,,RPVNMLRJJHPFFAU67CC
花蓮市,房地(土地+建物),花蓮縣花蓮市富安路97號四樓之一,5.76,商,,,1081224,土地1建物1車位0,四層,7,華廈(10層含以下有電梯),住家用,鋼筋混凝土造,0860827,44.71,1,1,1,有,無,有,8600,192,,0.0,0,,RPPOMLRJJHPFFAU17CC
花蓮市,房地(土地+建物),花蓮縣花蓮市中和街198號,88.0,住,,,1090104,土地1建物1車位0,全,2,透天厝,住商用,鋼筋混凝土加強磚造,0680814,124.06,4,5,2,有,無,無,12000,97,,0.0,0,,RPWPMLRJJHPFFAU97CC
花蓮市,房地(土地+建物),花蓮縣花蓮市明禮路69之1號2樓202室,65.0,住,,,1081223,土地1建物1車位0,二層,4,套房(1房1廳1衛),住商用,鋼筋混凝土造,0690111,164.29,1,1,1,有,無,有,7000,43,,0.0,0,,RPWNMLSJJHPFFAU87CC
花蓮市,房地(土地+建物),花蓮縣花蓮市北濱街95號,155.0,住,,,1090106,土地5建物1車位0,全,2,透天厝,住商用,鋼筋混凝土加強磚造,0700421,134.5,9,2,3,有,無,有,19000,141,,0.0,0,,RPPOMLSJJHPFFAU47EC
花蓮市,房地(土地+建物),花蓮縣花蓮市國興二街39之2號,26.08,商,,,1090109,土地1建物1車位0,三層,5,公寓(5樓含以下無電梯),住家用,鋼筋混凝土造,0730827,110.65,3,2,2,有,無,有,9500,86,,0.0,0,,RPROMLPKJHPFFAU37DC
壽豐鄉,土地,路內段75-1地號,1636.67,農,,,1081227,土地2建物0車位0,,,其他,,,,0.0,0,0,0,有,無,無,8000,5,,0.0,0,,RPOOMLPKJHPFFAU96CC
花蓮市,房地(土地+建物),花蓮縣花蓮市化道路148號,56.5,住,,,1081230,土地1建物0車位0,全,4,透天厝,住家用,鋼筋混凝土造,0930701,107.46,4,0,4,有,無,無,15000,140,,0.0,0,,RPRNMLQKJHPFFAU27CC
花蓮市,房地(土地+建物),花蓮縣花蓮市化道路148號,56.5,住,,,1081230,土地1建物0車位0,全,4,透天厝,住家用,鋼筋混凝土造,0930701,135.83,2,2,3,有,無,無,15000,110,,0.0,0,,RPSNMLQKJHPFFAU37CC
花蓮市,房地(土地+建物),花蓮縣花蓮市長安街26號6樓之9,13.2,住,,,1090113,土地1建物1車位0,六層,16,住宅大樓(11層含以上有電梯),住家用,鋼筋混凝土造,0851029,101.88,2,1,1,有,有,有,8000,79,,0.0,0,,RPWNMLQKJHPFFAU87DC
花蓮市,房地(土地+建物),花蓮縣花蓮市中美十三街78號2樓之5,15.14,住,,,1081225,土地1建物1車位0,二層,5,華廈(10層含以下有電梯),住家用,見其他登記事項,0851012,59.06,1,1,1,有,無,有,7800,132,,0.0,0,,RPUNMLRKJHPFFAU67CC
花蓮市,房地(土地+建物),花蓮縣花蓮市中美十街55巷1弄16號,63.0,住,,,1090107,土地1建物0車位0,全,2,透天厝,住家用,鋼筋混凝土加強磚造,0650914,77.66,2,2,1,有,無,無,12000,155,,0.0,0,,RPTOMLKLJHPFFAU07CC
花蓮市,房地(土地+建物),花蓮縣花蓮市林森路272號,190.0,住,,,1090117,土地2建物1車位0,一層,5,華廈(10層含以下有電梯),商業用,鋼筋混凝土造,0811201,65.42,1,0,0,無,無,有,15000,229,,0.0,0,,RPSNMLLLJHPFFAU96CC
花蓮市,房地(土地+建物),花蓮縣花蓮市林政街32號,96.0,住,,,1090110,土地1建物0車位0,見其他登記事項,2,店面(店鋪),住商用,鋼筋混凝土加強磚造,0680228,124.56,0,0,0,無,無,無,13000,104,,0.0,0,,RPTNMLLLJHPFFAU17DC
吉安鄉,房地(土地+建物),花蓮縣吉安鄉明義七街145巷74弄3號,96.81,,鄉村區,乙種建築用地,1081228,土地1建物0車位0,全,2,透天厝,住家用,鋼筋混凝土造,0850511,128.6,3,2,2,有,無,無,12000,93,,0.0,0,,RPSOMLMLJHPFFAU17CC
花蓮市,房地(土地+建物),花蓮縣花蓮市中福路145巷11號,70.0,住,,,1090102,土地1建物0車位0,全,1,透天厝,住家用,水泥磚蓋瓦,0600715,56.24,2,1,1,有,無,無,12000,213,,0.0,0,,RPUOMLMLJHPFFAU37CC
吉安鄉,房地(土地+建物),花蓮縣吉安鄉莊敬路11號,31.75,住,,,1081231,土地1建物0車位0,見其他登記事項,2,店面(店鋪),住商用,鋼筋混凝土造,0720910,89.65,3,1,2,有,無,無,14000,156,,0.0,0,,RPRNMLNJKHPFFAU96CC
花蓮市,房地(土地+建物),花蓮縣花蓮市國富二街58號,12.62,住,,,1090120,土地1建物0車位0,全,3,透天厝,住商用,鋼筋混凝土造,0740424,19.95,1,0,1,有,無,有,5000,251,,0.0,0,,RPSNMLNJKHPFFAU07CC
花蓮市,房地(土地+建物),花蓮縣花蓮市中正路60號1樓,46.66,住,,,1090201,土地1建物1車位0,全,3,透天厝,住商用,鋼筋混凝土造,0680719,83.32,0,0,0,無,無,無,14000,168,,0.0,0,,RPPOMLQJKHPFFAU17CC
