﻿編號,屋齡,建物移轉面積平方公尺,主要用途,主要建材,建築完成日期,總層數,建物分層
The serial number,room age,building shifting area square meter,the main use,main building materials,construction completes the date,total layer,building lamination
RPVNMLLKJIOFFAU17CC,1,53.05,住家用,鋼筋混凝土造,107年5月14日,五層,
RPQNMLNKJIOFFAU86CC,24,23.37,住家用,鋼筋混凝土造,84年9月19日,六層,
RPQNMLNKJIOFFAU86CC,24,9.88,共有部份,鋼筋混凝土造,84年9月19日,六層,
RPSNMLSKJIOFFAU57CC,4,221.55,住家用,鋼筋混凝土造,104年5月25日,三層,
RPSOMLLLJIOFFAU07CC,33,239.56,住商用,鋼筋混凝土造,75年12月8日,三層,
RPUNMLMLJIOFFAU27CC,24,38.90,住家用,鋼筋混凝土造,84年11月23日,五層,
RPUNMLMLJIOFFAU27CC,24,7.95,共有部份,鋼筋混凝土造,84年11月23日,五層,
RPWNMLMLJIOFFAU47CC,26,305.29,住商用,鋼筋混凝土造,82年12月6日,五層,
RPOOMLMLJIOFFAU76CC,38,88.41,住家用,鋼筋混凝土加強磚造,71年2月27日,一層,
RPOOMLTKJIOFFAU37CC,9,72.99,集合住宅,鋼筋混凝土造,100年1月21日,十二層,
RPOOMLTKJIOFFAU37CC,9,33.01,共有部份,鋼筋混凝土造,100年1月21日,十二層,
RPVPMLTKJIOFFAU18CC,44,37.42,住家用,磚造,64年10月1日,一層,
RPUPMLTKJIOFFAU28EC,31,42.41,住家用,鋼筋混凝土造,77年10月19日,五層,
RPUPMLTKJIOFFAU28EC,31,11.92,共有部份,鋼筋混凝土造,77年10月19日,五層,
RPUNMLSKJIOFFAU77CC,40,107.57,住商用,鋼筋混凝土加強磚造,68年6月22日,二層,
RPUOMLQLJIOFFAU87DC,7,26.45,住家用,鋼筋混凝土造,102年1月31日,四層,
RPPOMLLLJIOFFAU76CC,39,125.95,住商用,鋼筋混凝土加強磚造,69年5月31日,二層,
RPPNMLRLJIOFFAU37DC,6,212.52,住家用,鋼筋混凝土造,102年10月21日,四層,
RPUOMLSLJIOFFAU08DC,32,71.29,住商用,鋼筋混凝土造,76年11月11日,二層,
RPTNMLMJKIOFFAU17DC,37,74.48,商業用,鋼造,71年10月5日,一層,
RPTOMLTJKIOFFAU97DC,43,104.55,住商用,鋼筋混凝土加強磚造,65年12月17日,二層,
RPSNMLLKKIOFFAU96CC,13,243.59,住家用,鋼筋混凝土造,96年4月24日,四層,
RPROMLQLJIOFFAU47CC,35,20.00,住商用,鋼筋混凝土造,74年4月24日,三層,
RPUNMLQLJIOFFAU67CC,35,20.00,住商用,鋼筋混凝土造,74年4月24日,三層,
RPUNMLOJKIOFFAU37CC,30,49.04,住家用,鋼筋混凝土造,78年6月3日,五層,
RPUNMLOJKIOFFAU37CC,30,4.58,共有部份,鋼筋混凝土造,78年6月3日,五層,
RPUNMLOJKIOFFAU37CC,30,5.13,共有部份,鋼筋混凝土造,78年6月3日,五層,
RPSOMLTJKIOFFAU77CC,1,25.00,住家用,鋼筋混凝土造,107年7月18日,四層,
RPRNMLQLJIOFFAU37CC,2,27.14,住家用,鋼筋混凝土造,107年5月14日,五層,
RPSNMLQLJIOFFAU47CC,2,40.07,住家用,鋼筋混凝土造,107年5月14日,五層,
RPTOMLKKKIOFFAU07CC,15,187.72,住家用,鋼筋混凝土造,93年7月13日,四層,
RPTNMLQLJIOFFAU57CC,2,40.26,住家用,鋼筋混凝土造,107年5月14日,五層,
RPQNMLPJKIOFFAU07CC,28,108.16,住家用,鋼筋混凝土造,81年4月30日,五層,
RPQNMLPJKIOFFAU07CC,28,16.80,共有部份,鋼筋混凝土造,81年4月30日,五層,
RPSNMLSKKIOFFAU77DC,25,78.65,住家用,鋼筋混凝土造,84年2月22日,八層,
RPSNMLSKKIOFFAU77DC,25,14.86,共有部份,鋼筋混凝土造,84年2月22日,八層,
RPSNMLSKKIOFFAU77DC,25,14.48,共有部份,鋼筋混凝土造,84年2月22日,八層,
RPVNMLSKKIOFFAU08DC,,66.78,住家用,木造,,一層,
RPRNMLTKKIOFFAU77DC,27,72.87,倉儲,鋼筋混凝土造,81年9月30日,八層,
RPRNMLTKKIOFFAU77DC,27,16.84,共有部份,鋼筋混凝土造,81年9月30日,八層,
RPVOMLNLKIOFFAU77DC,23,320.26,住商用,鋼筋混凝土造,86年2月9日,四層,
RPVNMLNLKIOFFAU57CC,26,24.00,住商用,鋼筋混凝土造,82年9月16日,四層,
RPWNMLOLKIOFFAU77CC,39,52.23,住商用,鋼筋混凝土造,69年8月20日,五層,
RPTNMLNLKIOFFAU37CC,3,35.05,住家用,鋼筋混凝土造,105年12月28日,四層,
RPTOMLKLKIOFFAU17CC,50,44.69,住家用,水泥木造蓋瓦,58年10月27日,一層,
RPOOMLTKKIOFFAU47CC,42,90.49,住家用,鋼筋混凝土加強磚造,66年9月6日,二層,
RPVNMLRKKIOFFAU87CC,31,263.24,住商用,鋼筋混凝土造,77年8月15日,四層,
RPWNMLTKKIOFFAU18CC,30,121.61,住商用,鋼筋混凝土造,78年6月21日,三層,
RPROMLKLKIOFFAU96CC,25,21.38,住家用,鋼筋混凝土造,84年3月3日,五層,
RPROMLKLKIOFFAU96CC,25,5.65,共有部份,鋼筋混凝土造,84年3月3日,五層,
RPUNMLRKKIOFFAU77CC,33,126.89,住家用,鋼筋混凝土造,76年4月29日,二層,
RPSNMLTKKIOFFAU77CC,12,135.30,住商用,鋼筋混凝土造,97年1月30日,四層,
RPPOMLOLKIOFFAU17CC,30,40.40,住商用,鋼筋混凝土造,78年6月21日,三層,
RPVOMLOLKIOFFAU77CC,1,21.49,集合住宅,鋼筋混凝土造,107年6月22日,五層,
RPVOMLOLKIOFFAU77CC,1,15.30,共有部份,鋼筋混凝土造,107年6月22日,五層,
RPUOMLOLKIOFFAU67CC,33,87.21,商業用,鋼筋混凝土造,75年9月9日,四層,
RPUOMLOLKIOFFAU67CC,33,19.77,共有部份,鋼筋混凝土造,75年9月9日,四層,
RPVNMLKMKIOFFAU47DC,40,25.47,住商用,鋼筋混凝土加強磚造,68年12月8日,二層,
RPWOMLNJJHPFFAU47CC,33,147.48,住家用,鋼筋混凝土造,75年12月1日,二層,
RPQNMLQJJHPFFAU07CC,24,114.71,住商用,鋼筋混凝土造,84年8月14日,五層,
RPRNMLQJJHPFFAU17CC,26,38.22,住家用,鋼筋混凝土造,83年6月11日,九層,
RPRNMLQJJHPFFAU17CC,26,3.74,共有部份,鋼筋混凝土造,83年6月11日,九層,
RPRNMLQJJHPFFAU17CC,26,5.96,共有部份,鋼筋混凝土造,83年6月11日,九層,
RPPOMLNJJHPFFAU76CC,38,89.44,住家用,鋼筋混凝土造,70年12月28日,五層,
RPPOMLNJJHPFFAU76CC,38,12.50,共有部份,鋼筋混凝土造,70年12月28日,五層,
RPTNMLQJJHPFFAU37CC,36,134.49,住家用,鋼筋混凝土加強磚造,72年8月11日,二層,
RPROMLNJJHPFFAU96CC,42,116.86,住商用,鋼筋混凝土加強磚造,66年8月17日,二層,
RPQOMLNJJHPFFAU86CC,46,101.64,住家用,鋼筋混凝土加強磚造,63年3月6日,二層,
RPVNMLRJJHPFFAU67CC,25,46.90,住商用,鋼筋混凝土造,83年11月3日,四層,
RPWNMLSJJHPFFAU87CC,40,164.29,住商用,鋼筋混凝土造,69年1月11日,四層,
RPWPMLRJJHPFFAU97CC,40,124.06,住商用,鋼筋混凝土加強磚造,68年8月14日,二層,
RPPOMLRJJHPFFAU17CC,22,30.47,住家用,鋼筋混凝土造,86年8月27日,七層,
RPPOMLRJJHPFFAU17CC,22,14.24,共有部份,鋼筋混凝土造,86年8月27日,七層,
RPPOMLSJJHPFFAU47EC,39,134.50,住商用,鋼筋混凝土加強磚造,70年4月21日,二層,
RPROMLPKJHPFFAU37DC,35,100.48,住家用,鋼筋混凝土造,73年8月27日,五層,
RPROMLPKJHPFFAU37DC,35,5.74,共有部份,鋼筋混凝土造,73年8月27日,五層,
RPROMLPKJHPFFAU37DC,35,4.43,共有部份,鋼筋混凝土造,73年8月27日,五層,
RPWNMLQKJHPFFAU87DC,23,59.13,住家用,鋼筋混凝土造,85年10月29日,十六層,
RPWNMLQKJHPFFAU87DC,23,10.93,共有部份,鋼筋混凝土造,85年10月29日,十六層,
RPWNMLQKJHPFFAU87DC,23,14.46,停車空間,鋼筋混凝土造,85年10月29日,十六層,
RPWNMLQKJHPFFAU87DC,23,17.36,共有部份,鋼筋混凝土造,85年10月29日,十六層,
RPTNMLLLJHPFFAU17DC,41,124.56,住商用,鋼筋混凝土加強磚造,68年2月28日,二層,
RPRNMLQKJHPFFAU27CC,15,107.46,住家用,鋼筋混凝土造,93年7月1日,四層,
RPSNMLQKJHPFFAU37CC,15,135.83,住家用,鋼筋混凝土造,93年7月1日,四層,
RPTOMLKLJHPFFAU07CC,43,77.66,住家用,鋼筋混凝土加強磚造,65年9月14日,二層,
RPUNMLRKJHPFFAU67CC,23,41.44,住家用,鋼筋混凝土、木造,85年10月12日,五層,
RPUNMLRKJHPFFAU67CC,23,17.62,共有部份,鋼筋混凝土造,85年10月12日,五層,
RPSNMLLLJHPFFAU96CC,27,12.82,共有部份,鋼筋混凝土造,81年12月1日,五層,
RPSNMLLLJHPFFAU96CC,27,52.60,商業用,鋼筋混凝土造,81年12月1日,五層,
RPVNMLPLKIOFFAU77CC,2,24.00,住家用,鋼筋混凝土造,106年10月24日,五層,
RPWNMLLMKIOFFAU57CC,2,47.33,住家用,鋼筋混凝土造,106年10月24日,五層,
RPSOMLPLKIOFFAU57CC,5,234.41,住家用,鋼筋混凝土造,104年4月17日,四層,
RPSOMLMLJHPFFAU17CC,24,128.60,住家用,鋼筋混凝土造,85年5月11日,二層,
RPPOMLQJKHPFFAU17CC,41,83.32,住商用,鋼筋混凝土造,68年7月19日,三層,
RPSNMLNJKHPFFAU07CC,35,19.95,住商用,鋼筋混凝土造,74年4月24日,三層,
RPRNMLNJKHPFFAU96CC,36,81.34,住商用,鋼筋混凝土造,72年9月10日,四層,
RPRNMLNJKHPFFAU96CC,36,8.31,共有部份,鋼筋混凝土造,72年9月10日,四層,
RPUOMLMLJHPFFAU37CC,48,56.24,住家用,水泥磚蓋瓦,60年7月15日,一層,
