﻿編號,土地位置,土地移轉面積(平方公尺),使用分區或編定,權利人持分分母,權利人持分分子,移轉情形,地號
The serial number, land position,land shifting area square meter,the use zoning or compiles and checks,,,,land parcel
RPOOMLPLJIOFFAV17CC,台東段,130.00,都市：商,,,,04820051
RPOOMLPLJIOFFAV17CC,台東段,66.00,都市：商,,,,04820053
RPSNMLLLKIOFFAV27DC,台東段,93.50,都市：商,,,,04610000
RPTNMLLLKIOFFAV37DC,台東段,93.50,都市：商,,,,04610000
RPWNMLMJKIOFFAV47CC,台東段,24.50,都市：商,,,,03330015
RPVNMLRLJIOFFAV97CC,常德段,11.32,都市：商,,,,07520000
RPXNMLPLKIOFFAV08CC,馬蘭段,45.28,都市：住,,,,18400000
