﻿編號,土地位置,土地移轉面積(平方公尺),使用分區或編定,權利人持分分母,權利人持分分子,移轉情形,地號
The serial number, land position,land shifting area square meter,the use zoning or compiles and checks,,,,land parcel
RPPNMLTKJIOFFCV47CA,福原段,14.03,都市：農,10,1,持分移轉,09210000
RPPNMLTKJIOFFCV47CA,福原段,38.66,都市：住,10,1,持分移轉,09220000
RPPNMLTKJIOFFCV47CA,福原段,18.12,都市：住,10,1,持分移轉,09230000
RPPNMLTKJIOFFCV47CA,福原段,41.05,都市：住,10,1,持分移轉,09240000
RPPNMLTKJIOFFCV47CA,福原段,17.47,都市：住,10,1,持分移轉,09250000
RPPNMLTKJIOFFCV47CA,福原段,2.24,都市：住,10,1,持分移轉,09260000
RPPNMLTKJIOFFCV47CA,福原段,113.26,都市：住,10,1,持分移轉,09270000
RPPNMLTKJIOFFCV47CA,福原段,15.95,都市：住,10,1,持分移轉,09280000
RPPNMLTKJIOFFCV47CA,福原段,39.31,都市：住,10,1,持分移轉,09350000
RPPNMLTKJIOFFCV47CA,福原段,10.00,都市：住,10,1,持分移轉,09360000
RPROMLOKJIOFFAV07CA,台東段,119.00,都市：住,1,1,全筆移轉,02430015
RPPNMLOKJIOFFAV76CA,南榮段,7.80,都市：其他:道路用地,10000,151,持分移轉,08900000
RPPNMLOKJIOFFAV76CA,南榮段,.45,都市：住,10000,151,持分移轉,08900002
RPPNMLOKJIOFFAV76CA,南榮段,18.26,都市：住,10000,263,持分移轉,09430000
RPPNMLOKJIOFFAV76CA,南榮段,82.83,都市：住,1,1,全筆移轉,09520000
RPPOMLLKJIOFFAV56CA,永清段,129.51,都市：住,1,1,全筆移轉,05120012
RPPNMLKLJIOFFDV76CA,大鳥段,289.00,非都市：山坡地保育區 ; 非都市編定：特定目的事業用地,1,1,全筆移轉,00040003
RPQNMLKLJIOFFDV86CA,大鳥段,289.00,非都市：山坡地保育區 ; 非都市編定：特定目的事業用地,1,1,全筆移轉,00020010
RPQNMLQKJIOFFAV07CA,台東段,56.00,都市：商,1,1,全筆移轉,02350012
RPQNMLLLJIOFFAV66CA,台東段,22.41,都市：住,10000,110,持分移轉,05610004
RPRNMLPKJIOFFCV27CA,海端段,5680.00,非都市：山坡地保育區 ; 非都市編定：農牧用地,1,1,全筆移轉,03830000
RPRNMLPKJIOFFCV27CA,海端段,2023.00,非都市：山坡地保育區 ; 非都市編定：農牧用地,1,1,全筆移轉,03830001
RPQNMLOKJIOFFAV86CA,台東段,19.29,都市：住,10000,188,持分移轉,02430001
RPQNMLOKJIOFFAV86CA,台東段,8.25,都市：住,10000,188,持分移轉,02430004
RPQNMLOKJIOFFAV86CA,台東段,7.60,都市：住,10000,188,持分移轉,02430006
RPQNMLOKJIOFFAV86CA,台東段,5.79,都市：住,10000,188,持分移轉,02430008
RPQNMLOKJIOFFAV86CA,台東段,1.02,都市：住,10000,188,持分移轉,02430009
RPQNMLOKJIOFFAV86CA,台東段,.96,都市：住,10000,188,持分移轉,02430011
RPSNMLPKJIOFFAV17CA,台東段,76.00,都市：住,1,1,全筆移轉,06540369
RPPNMLNKJIOFFAV66CA,台東段,143.00,都市：住,1,1,全筆移轉,23900012
RPROMLPKJIOFFAV17CA,石壁段,161.56,都市：農,240,8,持分移轉,08430000
RPROMLPKJIOFFAV17CA,石壁段,54.20,都市：農,240,8,持分移轉,08440000
RPPOMLOKJIOFFAV86CA,馬蘭段,100.00,都市：住,1,1,全筆移轉,14500014
RPOOMLKLJIOFFAV09CA,台東段,20.39,都市：商,10000,273,持分移轉,18290000
RPRNMLOKJIOFFAV96CA,知本段,1020.00,非都市：特定農業區 ; 非都市編定：農牧用地,1,1,全筆移轉,77320002
RPXNMLPKJIOFFAV67CA,射馬干段,1793.09,非都市：特定農業區 ; 非都市編定：農牧用地,1,1,全筆移轉,07620000
RPPNMLOKJIOFFCV96CA,瑞豐段,276.69,非都市：鄉村區 ; 非都市編定：乙種建築用地,1,1,全筆移轉,06240000
RPPNMLOKJIOFFCV96CA,瑞豐段,254.38,非都市：鄉村區 ; 非都市編定：乙種建築用地,1,1,全筆移轉,06250000
RPPNMLSKJIOFFCV37CA,慶福段,44.91,都市：住,1,1,全筆移轉,01090000
RPPNMLSKJIOFFCV37CA,慶福段,927.14,都市：住,1,1,全筆移轉,03320000
RPPNMLSKJIOFFCV37CA,慶福段,132.54,都市：住,1,1,全筆移轉,03320001
RPPNMLSKJIOFFCV37CA,慶福段,150.26,都市：住,1,1,全筆移轉,03320002
RPPNMLSKJIOFFCV37CA,慶福段,1267.15,都市：農,1,1,全筆移轉,00330000
RPPNMLSKJIOFFCV37CA,慶福段,8.92,都市：農,1,1,全筆移轉,00340001
RPPNMLSKJIOFFCV37CA,慶福段,289.26,都市：住,1,1,全筆移轉,00350001
RPPNMLSKJIOFFCV37CA,慶福段,49.43,都市：住,1,1,全筆移轉,00350002
RPPNMLSKJIOFFCV37CA,慶福段,201.99,都市：住,1,1,全筆移轉,00360000
RPPNMLSKJIOFFCV37CA,慶福段,35.05,都市：住,3,1,持分移轉,00990001
RPPNMLSKJIOFFCV37CA,慶福段,63.01,都市：住,1,1,全筆移轉,01050000
RPPNMLSKJIOFFCV37CA,慶福段,16.64,都市：住,1,1,全筆移轉,01060000
RPQNMLPKJIOFFCV17CA,大原段,1150.00,非都市：特定農業區 ; 非都市編定：農牧用地,1,1,全筆移轉,16150000
RPQNMLPKJIOFFCV17CA,大原段,1237.00,非都市：特定農業區 ; 非都市編定：農牧用地,1,1,全筆移轉,16040000
RPQNMLPKJIOFFCV17CA,大原段,1195.00,非都市：特定農業區 ; 非都市編定：農牧用地,1,1,全筆移轉,16050000
RPQNMLPKJIOFFCV17CA,大原段,735.00,非都市：特定農業區 ; 非都市編定：農牧用地,1,1,全筆移轉,16140000
RPQNMLPKJIOFFCV17CA,大原段,1170.00,非都市：特定農業區 ; 非都市編定：農牧用地,1,1,全筆移轉,16160000
RPQNMLLLJIOFFBV76CA,新港段新港小段,30.00,非都市：風景區 ; 非都市編定：農牧用地,1,1,全筆移轉,05090008
RPQNMLLLJIOFFBV76CA,成功段,520.57,都市：農,1,1,全筆移轉,09720000
RPPNMLPKJIOFFAV96DA,常德段,105.22,都市：住,1,1,全筆移轉,01690006
RPPNMLSKJIOFFDV57DA,多良段,16100.00,非都市：山坡地保育區 ; 非都市編定：農牧用地,1,1,全筆移轉,04680000
RPPNMLPKJIOFFCV17DA,崁頂段,500.00,非都市：山坡地保育區 ; 非都市編定：農牧用地,1,1,全筆移轉,02310000
RPPNMLPLJIOFFDV37DA,壢坵段,2820.00,非都市：山坡地保育區 ; 非都市編定：林業用地,2,1,持分移轉,01500000
RPRNMLSKJIOFFDV67CA,達人段,115.09,非都市：山坡地保育區 ; 非都市編定：農牧用地,1,1,全筆移轉,00870000
RPRNMLSKJIOFFDV67CA,達人段,210.48,非都市：鄉村區 ; 非都市編定：乙種建築用地,1,1,全筆移轉,01030000
RPPNMLOKJIOFFBV86CA,北八里段,4565.68,非都市：風景區 ; 非都市編定：農牧用地,1,1,全筆移轉,02050000
RPSOMLMJKIOFFAV96CA,中心段,27.00,都市：住,1,1,全筆移轉,05630002
RPQOMLPKJIOFFAV07CA,石壁段,161.56,都市：農,240,8,持分移轉,08430000
RPQOMLPKJIOFFAV07CA,石壁段,54.20,都市：農,240,8,持分移轉,08440000
RPXNMLSKJIOFFAV97CA,利家段,99.00,非都市：鄉村區 ; 非都市編定：乙種建築用地,1,1,全筆移轉,81610000
RPQNMLSKJIOFFAV27CA,豐年段,466.56,都市：住,1,1,全筆移轉,09500000
RPQNMLSKJIOFFAV27CA,豐年段,1001.03,都市：住,1,1,全筆移轉,09510000
RPQNMLSKJIOFFAV27CA,豐年段,1508.56,都市：住,1,1,全筆移轉,09520000
RPOOMLSKJIOFFAV17CA,新生段,22.31,都市：住,10000,380,持分移轉,01590000
RPVNMLOKJIOFFAV37CA,豐年段,121.03,都市：住,1,1,全筆移轉,09530025
RPQOMLOKJIOFFAV96CA,光明段,121.00,都市：住,1,1,全筆移轉,06320051
RPSNMLSKJIOFFAV47CA,永清段,129.30,都市：住,1,1,全筆移轉,05120005
RPWNMLOKJIOFFAV47CA,豐年段,114.80,都市：住,1,1,全筆移轉,09530024
RPXNMLOKJIOFFAV57CA,豐年段,114.37,都市：住,1,1,全筆移轉,09530023
RPRNMLTKJIOFFAV47CA,永清段,151.53,都市：住,4,1,持分移轉,03920000
RPOOMLOKJIOFFAV76CA,豐年段,149.59,都市：住,1,1,全筆移轉,09530002
RPSNMLTKJIOFFAV57CA,永清段,151.53,都市：住,4,1,持分移轉,03920000
RPPOMLSKJIOFFAV27CA,公?西段,8.83,都市：其他:道路,1,1,全筆移轉,03700000
RPPOMLSKJIOFFAV27CA,公?西段,89.82,都市：住,1,1,全筆移轉,03710000
RPTNMLSKJIOFFAV57CA,馬蘭段,20.12,都市：住,10000,161,持分移轉,16940000
RPRNMLKLJIOFFBV76CA,南佳里段,1964.00,非都市：風景區 ; 非都市編定：農牧用地,1,1,全筆移轉,00040000
RPWNMLOJKIOFFAV47CA,三塊厝段,6367.90,非都市：山坡地保育區 ; 非都市編定：農牧用地,1,1,全筆移轉,04110000
RPPNMLTKJIOFFDV67DA,多良段,631.00,非都市：鄉村區 ; 非都市編定：乙種建築用地,1,1,全筆移轉,02310000
RPQNMLSKJIOFFDV57CA,秀山段,8.08,都市：其他:出租旅館區,10000,7,持分移轉,07230000
RPQNMLSKJIOFFDV57CA,秀山段,.00,都市：其他:道路用地,10000,7,持分移轉,07230001
RPPNMLTKJIOFFBV47DA,成功段,820.06,都市：農,1,1,全筆移轉,06810000
RPPNMLTKJIOFFBV47DA,成功段,2986.16,都市：農,1,1,全筆移轉,06820000
RPRNMLPLJIOFFAV17CA,台東段,115.00,都市：商,1,1,全筆移轉,02040003
RPSNMLPLJIOFFAV27CA,台東段,69.00,都市：農,1,1,全筆移轉,07430025
RPQNMLTKJIOFFBV47CA,長濱段,583.00,非都市：風景區 ; 非都市編定：農牧用地,1,1,全筆移轉,01950001
RPQNMLTKJIOFFBV47CA,長濱段,269.00,非都市：風景區 ; 非都市編定：農牧用地,1,1,全筆移轉,01950019
RPQNMLTKJIOFFBV47CA,田組段,317.16,非都市：風景區 ; 非都市編定：林業用地,1,1,全筆移轉,09510000
RPTNMLTKJIOFFAV67CA,班鳩段,28.91,非都市：山坡地保育區 ; 非都市編定：丙種建築用地,1,1,全筆移轉,05960001
RPVNMLTKJIOFFAV87CA,馬蘭段,45.66,都市：住,10000,617,持分移轉,14510000
RPUNMLTKJIOFFAV77CA,利家段,92.00,非都市：特定農業區 ; 非都市編定：甲種建築用地,1,1,全筆移轉,77390012
RPQOMLSKJIOFFAV37CA,新生段,116.00,都市：住,1,1,全筆移轉,10780000
RPPNMLTKJIOFFAV27CA,知本段,1513.00,非都市：特定農業區 ; 非都市編定：農牧用地,1,1,全筆移轉,80530000
RPQNMLTKJIOFFAV37CA,利家段,2963.00,非都市：特定農業區 ; 非都市編定：農牧用地,1,1,全筆移轉,67400000
RPTNMLKLJIOFFAV86CA,自強段,241.00,都市：住,1,1,全筆移轉,02530000
RPPNMLKLJIOFFAV09CA,台東段,153.00,都市：住,1,1,全筆移轉,18080003
RPPNMLRLJIOFFAV17CA,台東段,91.58,都市：農,24,7,持分移轉,07080009
RPPNMLLLJIOFFDV86CA,秀山段,11.54,都市：其他:出租旅館區,10000,10,持分移轉,07230000
RPPNMLLLJIOFFDV86CA,秀山段,.00,都市：其他:道路用地,10000,10,持分移轉,07230001
RPRNMLOJKIOFFAV96CA,新中寮段,114.37,都市：農,1,1,全筆移轉,03180000
RPRNMLOJKIOFFAV96CA,新中寮段,11.72,都市：農,1,1,全筆移轉,03190000
RPRNMLOJKIOFFAV96CA,新中寮段,96.27,都市：其他:道路用地,1,1,全筆移轉,03200000
RPRNMLOJKIOFFAV96CA,新中寮段,38.09,都市：住,1,1,全筆移轉,03210000
RPQNMLNJKIOFFAV76CA,煙草間段,98.27,非都市：鄉村區 ; 非都市編定：乙種建築用地,1,1,全筆移轉,05680000
RPSNMLMLJIOFFAV96CA,中山段,70.00,都市：住,1,1,全筆移轉,09830000
RPWNMLLLJIOFFAV27CA,豐源段,136.90,非都市：特定農業區 ; 非都市編定：農牧用地,2,1,持分移轉,01200000
RPWNMLLLJIOFFAV27CA,豐源段,110.53,非都市：特定農業區 ; 非都市編定：水利用地,2,1,持分移轉,01210000
RPRNMLKLJIOFFAV66CA,岩灣段,175.51,都市：住,10000,2812,持分移轉,00170000
RPVNMLKLJIOFFAV07CA,大豐段,668.77,非都市：特定農業區 ; 非都市編定：甲種建築用地,1,1,全筆移轉,07830000
RPVNMLKLJIOFFAV07CA,大豐段,659.22,非都市：特定農業區 ; 非都市編定：甲種建築用地,1,1,全筆移轉,07860000
RPSNMLPKJIOFFCV47DA,月野段,1940.00,非都市：特定農業區 ; 非都市編定：農牧用地,1,1,全筆移轉,10740000
RPSNMLPKJIOFFCV47DA,月野段,1900.00,非都市：特定農業區 ; 非都市編定：農牧用地,1,1,全筆移轉,10760000
RPSNMLPKJIOFFCV47DA,月野段,1920.00,非都市：特定農業區 ; 非都市編定：農牧用地,1,1,全筆移轉,10750000
RPWNMLKLJIOFFAV17CA,大豐段,585.68,非都市：特定農業區 ; 非都市編定：農牧用地,1,1,全筆移轉,07840000
RPPOMLQKKIOFFAV17CA,豐年段,99.91,都市：住,1,1,全筆移轉,09530007
RPQOMLQKKIOFFAV27CA,豐年段,113.66,都市：住,1,1,全筆移轉,09530038
RPQNMLKLJIOFFBV66CA,高原段,98.00,非都市：鄉村區 ; 非都市編定：丁種建築用地,1,1,全筆移轉,06280078
RPWNMLTKJIOFFAV97CA,台東段,72.00,都市：住,1,1,全筆移轉,00050000
RPPNMLLLJIOFFBV66CA,南八里段,2500.89,非都市：風景區 ; 非都市編定：農牧用地,1,1,全筆移轉,09770000
RPPNMLLLJIOFFBV66CA,南八里段,2754.92,非都市：風景區 ; 非都市編定：農牧用地,1,1,全筆移轉,09770001
RPPNMLLLJIOFFBV66CA,南八里段,49.11,非都市：風景區 ; 非都市編定：農牧用地,1,1,全筆移轉,09770002
RPQNMLTKJIOFFCV57CA,錦富段,2094.12,非都市：特定農業區 ; 非都市編定：農牧用地,1,1,全筆移轉,07160000
RPQNMLTKJIOFFCV57CA,錦富段,999.82,非都市：特定農業區 ; 非都市編定：農牧用地,1,1,全筆移轉,07250000
RPQNMLTKJIOFFCV57CA,錦富段,97.73,非都市：特定農業區 ; 非都市編定：農牧用地,1,1,全筆移轉,07320000
RPPNMLLLJIOFFCV76CA,新福段,3427.81,非都市：一般農業區 ; 非都市編定：農牧用地,1,1,全筆移轉,08550000
RPPNMLTJKIOFFBV37CA,萬年段,4744.00,非都市：風景區 ; 非都市編定：農牧用地,1,1,全筆移轉,09570000
RPPNMLTJKIOFFBV37CA,萬年段,662.00,非都市：風景區 ; 非都市編定：農牧用地,1,1,全筆移轉,09620002
RPSNMLNKKIOFFBV17CA,南都蘭段,4421.03,非都市：風景區 ; 非都市編定：農牧用地,1,1,全筆移轉,04640000
RPRNMLTJKIOFFBV57CA,萬年段,117.00,非都市：鄉村區 ; 非都市編定：乙種建築用地,1,1,全筆移轉,00810000
RPPNMLNLJIOFFDV07CA,秀山段,8.08,都市：其他:出租旅館區,10000,7,持分移轉,07230000
RPPNMLNLJIOFFDV07CA,秀山段,.00,都市：其他:道路用地,10000,7,持分移轉,07230001
RPQNMLTKJIOFFDV67CA,復興段,36.92,都市：其他:綠地兼人行步道,1,1,全筆移轉,06560000
RPQNMLTKJIOFFDV67CA,復興段,201.87,都市：住,1,1,全筆移轉,06570000
RPQNMLTKJIOFFDV67CA,復興段,3.45,都市：其他:綠地兼人行步道,1,1,全筆移轉,06570001
RPPNMLLLJIOFFAV56CA,豐年段,9.00,都市：住,10000,18,持分移轉,00270000
RPSNMLKLJIOFFAV76CA,富岡南段,601.39,非都市：鄉村區 ; 非都市編定：乙種建築用地,1,1,全筆移轉,11190000
RPRNMLLLJIOFFAV76CA,台東段,37.00,都市：住,1,1,全筆移轉,04580002
RPUNMLLLJIOFFAV07CA,利吉段,1584.39,非都市：山坡地保育區 ; 非都市編定：農牧用地,1,1,全筆移轉,02940000
RPUNMLLLJIOFFAV07CA,利吉段,1614.32,非都市：山坡地保育區 ; 非都市編定：農牧用地,1,1,全筆移轉,02990000
RPUNMLLLJIOFFAV07CA,利吉段,604.97,非都市：山坡地保育區 ; 非都市編定：農牧用地,1,1,全筆移轉,02910000
RPUNMLLLJIOFFAV07CA,利吉段,4687.29,非都市：山坡地保育區 ; 非都市編定：農牧用地,1,1,全筆移轉,02960000
RPUNMLLLJIOFFAV07CA,利吉段,242.12,非都市：山坡地保育區 ; 非都市編定：農牧用地,1,1,全筆移轉,02970000
RPRNMLQLJIOFFDV57CA,秀山段,5.77,都市：其他:出租旅館區,10000,5,持分移轉,07230000
RPRNMLQLJIOFFDV57CA,秀山段,.00,都市：其他:道路用地,10000,5,持分移轉,07230001
RPXNMLLLJIOFFAV37CA,中山段,109.00,都市：住,1,1,全筆移轉,09270010
RPXNMLLLJIOFFAV37CA,中山段,14.00,都市：住,1,1,全筆移轉,09270028
RPTNMLLLJIOFFAV96CA,利吉段,4079.49,非都市：山坡地保育區 ; 非都市編定：農牧用地,1,1,全筆移轉,02930000
RPRNMLQJKIOFFAV17CA,利泰段,176.12,非都市：鄉村區 ; 非都市編定：乙種建築用地,1,1,全筆移轉,07040000
RPRNMLQJKIOFFAV17CA,利泰段,224.19,非都市：鄉村區 ; 非都市編定：乙種建築用地,1,1,全筆移轉,07050000
RPRNMLMLJIOFFAV86CA,班鳩段,912.26,非都市：特定農業區 ; 非都市編定：農牧用地,1,1,全筆移轉,00690000
RPPNMLMLJIOFFAV66CA,台東段,183.00,都市：住,1,1,全筆移轉,19090001
RPPNMLPLJIOFFAV96CA,豐成段,111.08,非都市：特定農業區 ; 非都市編定：甲種建築用地,1,1,全筆移轉,09170000
RPPNMLNLJIOFFAV76CA,湧泉段,684.97,都市：其他:旅遊服務區,1,1,全筆移轉,00270000
RPQNMLPLJIOFFAV07CA,青林段,199.26,都市：住,1,1,全筆移轉,15910000
RPVNMLPLJIOFFAV57CA,建成段,104.51,都市：住,1,1,全筆移轉,03080000
RPUNMLPLJIOFFAV47CA,新生段,128.00,都市：住,1,1,全筆移轉,11850000
RPUNMLPLJIOFFAV47CA,新生段,7.00,都市：住,1,1,全筆移轉,11850001
RPRNMLTLJIOFFAV57CA,豐利段,140.62,都市：住,1,1,全筆移轉,04640000
RPSNMLRLJIOFFAV47CA,利卡夢段,2800.26,非都市：特定農業區 ; 非都市編定：農牧用地,1,1,全筆移轉,06850000
RPUNMLRLJIOFFAV67CA,台東段,123.00,都市：住,1,1,全筆移轉,02430014
RPRNMLMLJIOFFCV17DA,瑞豐段,386.45,非都市：鄉村區 ; 非都市編定：乙種建築用地,1,1,全筆移轉,07510000
RPQNMLTLJIOFFBV67DA,高原段,3014.00,非都市：森林區 ; 非都市編定：農牧用地,1,1,全筆移轉,27910000
RPSNMLTLJIOFFAV67CA,豐利段,31.48,都市：住,1,1,全筆移轉,04640002
RPPNMLKKKIOFFAV09CA,中正段,93.00,都市：住,1,1,全筆移轉,05940000
RPPNMLQLJIOFFAV17DA,岩灣段,90.00,都市：住,1,1,全筆移轉,03980002
RPPNMLPLJIOFFCV27DA,龍安段,10676.00,非都市：一般農業區 ; 非都市編定：農牧用地,1,1,全筆移轉,08730000
RPPNMLPLJIOFFCV27DA,龍安段,2077.98,非都市：一般農業區 ; 非都市編定：農牧用地,1,1,全筆移轉,08740000
RPPNMLPLJIOFFCV27DA,龍安段,97.38,非都市：一般農業區 ; 非都市編定：交通用地,1,1,全筆移轉,08750000
RPPNMLPLJIOFFCV27DA,龍安段,74.01,非都市：一般農業區 ; 非都市編定：交通用地,1,1,全筆移轉,08760000
RPPNMLPLJIOFFCV27DA,龍安段,1254.32,非都市：一般農業區 ; 非都市編定：農牧用地,1,1,全筆移轉,08770000
RPPNMLPLJIOFFCV27DA,龍安段,79.80,非都市：一般農業區 ; 非都市編定：農牧用地,1,1,全筆移轉,08780000
RPPNMLMLJIOFFBV76CA,高原段,319.00,非都市：鄉村區 ; 非都市編定：丁種建築用地,1,1,全筆移轉,06280080
RPPNMLMLJIOFFBV76CA,高原段,315.00,非都市：鄉村區 ; 非都市編定：丁種建築用地,1,1,全筆移轉,06280081
RPPNMLMJKIOFFBV66CA,北都歷段,374.81,非都市：風景區 ; 非都市編定：丙種建築用地,1,1,全筆移轉,00180000
RPPNMLMJKIOFFBV66CA,北都歷段,287.27,非都市：風景區 ; 非都市編定：丙種建築用地,1,1,全筆移轉,00200000
RPTNMLRLJIOFFBV67CA,高原段,116.00,非都市：森林區 ; 非都市編定：丙種建築用地,1,1,全筆移轉,02530002
RPPNMLPLJIOFFBV07CA,都豐段,1576.79,非都市：風景區 ; 非都市編定：農牧用地,15,3,持分移轉,04920000
RPPNMLPLJIOFFBV07CA,都豐段,235.82,非都市：風景區 ; 非都市編定：農牧用地,5,1,持分移轉,04930000
RPPNMLPLJIOFFBV07CA,都豐段,50.44,非都市：風景區 ; 非都市編定：農牧用地,5,1,持分移轉,04940000
RPQNMLQLJIOFFDV47CA,復興段,259.49,都市：住,1,1,全筆移轉,05400000
RPQNMLQLJIOFFDV47CA,復興段,2.07,都市：其他:道路用地,1,1,全筆移轉,05400001
RPPOMLPLJIOFFAV07CA,光明段,110.00,都市：住,1,1,全筆移轉,04360049
RPVNMLOJKIOFFAV37CA,東海段,126.02,都市：住,1,1,全筆移轉,07760005
RPVNMLMJKIOFFAV17CA,豐年段,22.72,都市：住,10000,88,持分移轉,00270003
RPQNMLOLJIOFFAV96CA,知本段,2000.00,非都市：特定農業區 ; 非都市編定：農牧用地,1,1,全筆移轉,79130006
RPSNMLQLJIOFFAV37CA,澱粉段,2502.08,非都市：特定農業區 ; 非都市編定：農牧用地,1,1,全筆移轉,03700000
RPPNMLRLJIOFFBV27CA,高台段,2000.00,非都市：風景區 ; 非都市編定：農牧用地,1,1,全筆移轉,06390000
RPUNMLRLJIOFFBV77CA,高台段,70.35,非都市：鄉村區 ; 非都市編定：乙種建築用地,1,1,全筆移轉,04380000
RPRNMLRLJIOFFBV47CA,忠智段,9.44,都市：住,1,1,全筆移轉,01210010
RPQNMLRLJIOFFBV37CA,和平南段,1790.57,非都市：風景區 ; 非都市編定：農牧用地,1,1,全筆移轉,08430000
RPQNMLRLJIOFFBV37CA,和平南段,709.60,非都市：風景區 ; 非都市編定：農牧用地,1,1,全筆移轉,08460000
RPQNMLRLJIOFFBV37CA,和平南段,1324.29,非都市：風景區 ; 非都市編定：農牧用地,1,1,全筆移轉,08470000
RPQNMLPLJIOFFCV27CA,新興段,2504.45,非都市：特定農業區 ; 非都市編定：農牧用地,1,1,全筆移轉,08980000
RPQNMLOJKIOFFCV07CA,慶福段,86.23,都市：商,1,1,全筆移轉,07930000
RPSNMLRLJIOFFBV57CA,忠智段,4.19,都市：住,1,1,全筆移轉,01520002
RPSNMLPLJIOFFCV47CA,錦富段,792.26,非都市：特定農業區 ; 非都市編定：農牧用地,1,1,全筆移轉,01480000
RPRNMLPLJIOFFCV37CA,新興段,2505.44,非都市：特定農業區 ; 非都市編定：農牧用地,1,1,全筆移轉,08910000
RPPNMLMLJIOFFCV86CA,康源段,20270.00,非都市：山坡地保育區 ; 非都市編定：農牧用地,1,1,全筆移轉,04160000
RPPNMLQLJIOFFCV27CA,豐泉段,176.27,都市：住,1,1,全筆移轉,07910006
RPQNMLMLJIOFFCV96CA,康源段,344.00,非都市：鄉村區 ; 非都市編定：乙種建築用地,1,1,全筆移轉,09710000
RPPNMLTLJIOFFBV47CA,南都歷段,2996.95,非都市：風景區 ; 非都市編定：農牧用地,1,1,全筆移轉,03310000
RPPNMLRLJIOFFDV47CA,荒野段,1224.76,非都市：特定農業區 ; 非都市編定：農牧用地,1,1,全筆移轉,02030000
RPXNMLRLJIOFFAV97CA,岩灣段,82.06,都市：住,6,1,持分移轉,01270000
RPPNMLOJKIOFFBV86CA,南都歷段,1212.89,非都市：風景區 ; 非都市編定：農牧用地,1,1,全筆移轉,05610000
RPPNMLOJKIOFFBV86CA,南都歷段,5937.05,非都市：風景區 ; 非都市編定：農牧用地,1,1,全筆移轉,05620000
RPPNMLOJKIOFFBV86CA,南都歷段,116.41,非都市：風景區 ; 非都市編定：交通用地,1,1,全筆移轉,05680000
RPPNMLOJKIOFFBV86CA,南都歷段,115.09,非都市：風景區 ; 非都市編定：交通用地,1,1,全筆移轉,05690000
RPPNMLOJKIOFFBV86CA,南都歷段,3995.04,非都市：風景區 ; 非都市編定：農牧用地,1,1,全筆移轉,05750000
RPPNMLOJKIOFFBV86CA,南都歷段,3238.79,非都市：風景區 ; 非都市編定：農牧用地,1,1,全筆移轉,05760000
RPQNMLSLJIOFFAV37CA,大豐段,3700.81,非都市：特定農業區 ; 非都市編定：農牧用地,1,1,全筆移轉,00770000
RPQNMLSLJIOFFAV37CA,大豐段,2138.92,非都市：特定農業區 ; 非都市編定：農牧用地,1,1,全筆移轉,00930000
RPWNMLRLJIOFFAV87CA,台東段,140.00,都市：住,1,1,全筆移轉,00010458
RPRNMLQLJIOFFAV27CA,馬蘭段,12.25,都市：住,10000,98,持分移轉,16940000
RPRNMLSLJIOFFAV47CA,新生段,136.00,都市：住,1,1,全筆移轉,03040000
RPQNMLQLJIOFFAV17CA,知本段,527.00,非都市：特定農業區 ; 非都市編定：農牧用地,2,1,持分移轉,74540000
RPPNMLRLJIOFFCV37CA,龍田段,30.51,都市：其他:道,1,1,全筆移轉,02640000
RPPNMLRLJIOFFCV37CA,龍田段,28.46,都市：其他:道,1,1,全筆移轉,02640001
RPPNMLRLJIOFFCV37CA,龍田段,331.30,都市：住,1,1,全筆移轉,02650000
RPPNMLRLJIOFFCV37CA,龍田段,864.39,都市：住,1,1,全筆移轉,02680000
RPPNMLRLJIOFFCV37CA,龍田段,78.91,都市：其他:道,1,1,全筆移轉,02690000
RPQNMLNJKIOFFCV07DA,福文段,58.91,都市：住,1,1,全筆移轉,08960000
RPQOMLMJKIOFFAV76CA,馬蘭段,40.42,都市：住,10000,78,持分移轉,15990000
RPPNMLNJKIOFFAV66CA,台東段,45.00,都市：住,1,1,全筆移轉,01740006
RPPNMLSLJIOFFAV27CA,豐源段,12.29,非都市：特定農業區 ; 非都市編定：農牧用地,15,1,持分移轉,02380000
RPPNMLSLJIOFFAV27CA,豐源段,153.66,非都市：特定農業區 ; 非都市編定：農牧用地,15,1,持分移轉,04380000
RPPNMLSLJIOFFAV27CA,豐源段,191.63,非都市：特定農業區 ; 非都市編定：農牧用地,15,1,持分移轉,04450000
RPPNMLOJKIOFFCV96CA,慶豐段,5290.00,非都市：特定農業區 ; 非都市編定：農牧用地,1,1,全筆移轉,07130002
RPPNMLMJKIOFFDV86CA,蘭里段,69.41,非都市：鄉村區 ; 非都市編定：乙種建築用地,1,1,全筆移轉,10220000
RPPNMLLJKIOFFDV76CA,荖花段,142.20,非都市：山坡地保育區 ; 非都市編定：丙種建築用地,1,1,全筆移轉,13310000
RPTNMLRLJIOFFAV57CA,常德段,16.91,都市：住,10000,132,持分移轉,06970000
RPPNMLNJKIOFFBV76CA,玉長段,892.99,非都市：風景區 ; 非都市編定：農牧用地,1,1,全筆移轉,10920000
RPPNMLNJKIOFFBV76CA,玉長段,2021.66,非都市：風景區 ; 非都市編定：農牧用地,1,1,全筆移轉,10930000
RPQNMLPJKIOFFAV96CA,中心段,118.00,都市：住,1,1,全筆移轉,10320000
RPTNMLSLJIOFFAV67CA,岩灣段,163.55,都市：住,1,1,全筆移轉,04770002
RPTNMLSLJIOFFAV67CA,岩灣段,163.55,都市：住,1,1,全筆移轉,04770003
RPSNMLOJKIOFFAV07CA,南清段,111.24,都市：住,1,1,全筆移轉,07460017
RPSNMLOJKIOFFAV07CA,南清段,3.68,都市：住,1,1,全筆移轉,07480007
RPWNMLQKKIOFFAV77CA,利家段,89.00,非都市：特定農業區 ; 非都市編定：甲種建築用地,1,1,全筆移轉,75860022
RPQNMLTLJIOFFAV47CA,南王段,100.87,都市：住,1,1,全筆移轉,00440002
RPPNMLTLJIOFFAV37CA,馬蘭段,47.31,都市：住,10000,123,持分移轉,14590000
RPPNMLMJKIOFFAV56CA,豐榮段,74.00,都市：住,1,1,全筆移轉,04830000
RPQNMLMJKIOFFAV66CA,知本段,3000.00,非都市：特定農業區 ; 非都市編定：農牧用地,1,1,全筆移轉,82970000
RPRNMLMJKIOFFAV76CA,南清段,187.47,都市：住,1,1,全筆移轉,08550000
RPRNMLMJKIOFFAV76CA,南清段,202.63,都市：住,1,1,全筆移轉,08560000
RPTNMLTJKIOFFAV67CA,台東段,69.00,都市：農,1,1,全筆移轉,07430025
RPTNMLMJKIOFFAV96CA,自強段,214.00,都市：住,1,1,全筆移轉,07920002
RPSNMLNJKIOFFAV96CA,永豐段,115.30,都市：住,1,1,全筆移轉,05920000
RPRNMLNJKIOFFAV86CA,台東段,39.48,都市：住,10000,216,持分移轉,17480000
RPUNMLNJKIOFFAV17CA,德安段,22.88,都市：住,30000,183,持分移轉,00630000
RPUNMLNJKIOFFAV17CA,德安段,.16,都市：住,30000,183,持分移轉,00630001
RPUNMLNJKIOFFAV17CA,德安段,2.11,都市：住,30000,183,持分移轉,00630002
RPUNMLNJKIOFFAV17CA,德安段,.04,都市：住,30000,183,持分移轉,00630003
RPPNMLPJKIOFFAV86CA,澱粉段,3554.95,非都市：特定農業區 ; 非都市編定：農牧用地,1,1,全筆移轉,03740000
RPTNMLOJKIOFFAV27DA,建興段,464.40,非都市：一般農業區 ; 非都市編定：農牧用地,5,1,持分移轉,07540000
RPPNMLTJKIOFFAV27CA,豐利段,104.43,都市：住,1,1,全筆移轉,07100000
RPWNMLPLKIOFFAV77CA,豐樂段,3033.00,都市：工,1,1,全筆移轉,30380000
RPWNMLPLKIOFFAV77CA,豐樂段,4.00,都市：工,1,1,全筆移轉,30380001
RPQNMLOJKIOFFBV96CA,三仙段,178.37,非都市：風景區 ; 非都市編定：交通用地,1,1,全筆移轉,07660000
RPQNMLOJKIOFFBV96CA,三仙段,21.80,非都市：風景區 ; 非都市編定：農牧用地,1,1,全筆移轉,07670000
RPPNMLLKKIOFFBV66CA,城仔埔段,884.58,非都市：風景區 ; 非都市編定：丙種建築用地,1,1,全筆移轉,00580000
RPPNMLLKKIOFFBV66CA,城仔埔段,113.71,非都市：風景區 ; 非都市編定：農牧用地,1,1,全筆移轉,00590001
RPVNMLQJKIOFFAV57CA,南榮段,17.46,都市：住,8,1,持分移轉,10390011
RPVNMLQJKIOFFAV57CA,南榮段,109.40,都市：住,1,1,全筆移轉,10390015
RPPNMLNJKIOFFCV96DA,德高段,720.10,非都市：特定農業區 ; 非都市編定：農牧用地,1,1,全筆移轉,00320000
RPPNMLNJKIOFFCV96DA,德高段,2232.81,非都市：特定農業區 ; 非都市編定：農牧用地,1,1,全筆移轉,00580000
RPUNMLOJKIOFFAV27CA,永和段,3555.16,非都市：一般農業區 ; 非都市編定：農牧用地,1,1,全筆移轉,06140000
RPUNMLOJKIOFFAV27CA,永和段,1018.40,非都市：一般農業區 ; 非都市編定：農牧用地,5,2,持分移轉,06750000
RPPNMLOJKIOFFAV76CA,建本段,21.27,都市：其他:道路用地,1,1,全筆移轉,07200000
RPPNMLOJKIOFFAV76CA,建本段,584.20,都市：商,1,1,全筆移轉,07220000
RPPNMLOJKIOFFAV76CA,建本段,5.06,都市：其他:道路用地,1,1,全筆移轉,07220001
RPRNMLPJKIOFFAV07CA,梧州段,24.40,都市：其他:道路用地,7,5,持分移轉,01270000
RPRNMLPJKIOFFAV07CA,梧州段,35.89,都市：其他:道路用地,7,5,持分移轉,02430000
RPRNMLPJKIOFFAV07CA,梧州段,25.95,都市：其他:道路用地,7,5,持分移轉,02540001
RPUNMLQJKIOFFAV47CA,德安段,27.89,都市：住,30000,223,持分移轉,00630000
RPUNMLQJKIOFFAV47CA,德安段,.20,都市：住,30000,223,持分移轉,00630001
RPUNMLQJKIOFFAV47CA,德安段,2.58,都市：住,30000,223,持分移轉,00630002
RPUNMLQJKIOFFAV47CA,德安段,.05,都市：住,30000,223,持分移轉,00630003
RPSNMLQJKIOFFAV27CA,建業段,131.82,都市：住,1,1,全筆移轉,04160000
RPSNMLQJKIOFFAV27CA,建業段,9.30,都市：其他:道,1,1,全筆移轉,04160001
RPSNMLQJKIOFFAV27CA,建業段,7.53,都市：其他:道,1,1,全筆移轉,04170001
RPQNMLTJKIOFFAV37CA,永清段,165.95,都市：住,1,1,全筆移轉,08680000
RPPNMLPJKIOFFDV27DA,大王段,5000.00,非都市：山坡地保育區 ; 非都市編定：農牧用地,1,1,全筆移轉,04100001
RPQNMLQJKIOFFAV07CA,豐年段,112.80,都市：住,10000,457,持分移轉,00120001
RPPNMLQJKIOFFAV07DA,建業段,36.09,都市：住,1,1,全筆移轉,04240000
RPPNMLQJKIOFFAV07DA,建業段,7.91,都市：其他:道路用地,1,1,全筆移轉,04240001
RPQNMLTJKIOFFBV47CA,都豐段,1576.79,非都市：風景區 ; 非都市編定：農牧用地,15,3,持分移轉,04920000
RPQNMLTJKIOFFBV47CA,都豐段,235.82,非都市：風景區 ; 非都市編定：農牧用地,5,1,持分移轉,04930000
RPQNMLTJKIOFFBV47CA,都豐段,50.44,非都市：風景區 ; 非都市編定：農牧用地,5,1,持分移轉,04940000
RPPNMLQJKIOFFCV17CA,大原段,4491.00,非都市：特定農業區 ; 非都市編定：農牧用地,1,1,全筆移轉,43560000
RPPNMLOJKIOFFDV07CA,荒野段,2533.76,非都市：一般農業區 ; 非都市編定：農牧用地,1,1,全筆移轉,09000000
RPVNMLQKKIOFFAV67CA,馬蘭段,9.50,都市：住,10000,76,持分移轉,16940000
RPRNMLTJKIOFFAV47CA,建康段,2500.00,非都市：特定農業區 ; 非都市編定：農牧用地,1,1,全筆移轉,09620001
RPRNMLTJKIOFFAV47CA,建康段,10056.76,非都市：特定農業區 ; 非都市編定：農牧用地,1,1,全筆移轉,09630000
RPRNMLTJKIOFFAV47CA,建康段,2500.00,非都市：特定農業區 ; 非都市編定：農牧用地,1,1,全筆移轉,09630001
RPRNMLTJKIOFFAV47CA,建康段,6430.17,非都市：特定農業區 ; 非都市編定：農牧用地,1,1,全筆移轉,09620000
RPSNMLTJKIOFFAV57CA,永清段,106.21,都市：住,10000,1463,持分移轉,02190000
RPPNMLLKKIOFFAV56CA,豐谷段,91.00,都市：住,1,1,全筆移轉,05740000
RPRNMLKKKIOFFAV66CA,鎮樂段,1970.00,非都市：山坡地保育區 ; 非都市編定：農牧用地,3,1,持分移轉,08240000
RPRNMLKKKIOFFAV66CA,鎮樂段,1651.67,非都市：山坡地保育區 ; 非都市編定：農牧用地,3,1,持分移轉,08270000
RPQNMLQJKIOFFCV27CA,南山段,144.52,都市：住,1,1,全筆移轉,01350000
RPSNMLKKKIOFFAV86DA,龍過脈段,339.63,非都市：山坡地保育區 ; 非都市編定：農牧用地,1,1,全筆移轉,07980000
RPQNMLQKKIOFFDV47CA,尚武段,23.69,都市：其他:機關用地,1,1,全筆移轉,08180000
RPQNMLQKKIOFFDV47CA,尚武段,9.44,都市：其他:機關用地,1,1,全筆移轉,08190000
RPPNMLTJKIOFFCV57DA,豐泉段,11.08,都市：住,1,1,全筆移轉,05990001
RPPNMLTJKIOFFCV57DA,豐泉段,8.55,都市：住,1,1,全筆移轉,05990002
RPPNMLKKKIOFFCV66CA,中福段,3.27,都市：其他:道路用地,1,1,全筆移轉,06370000
RPPNMLKKKIOFFCV66CA,中福段,164.27,都市：住,1,1,全筆移轉,06390000
RPQNMLKLKIOFFAV66CA,利家段,126.00,非都市：鄉村區 ; 非都市編定：乙種建築用地,1,1,全筆移轉,75140000
RPQNMLKLKIOFFAV66CA,利家段,128.00,非都市：鄉村區 ; 非都市編定：乙種建築用地,1,1,全筆移轉,75140004
RPQNMLKLKIOFFAV66CA,利家段,127.00,非都市：鄉村區 ; 非都市編定：乙種建築用地,1,1,全筆移轉,75140005
RPQNMLKLKIOFFAV66CA,利家段,127.00,非都市：鄉村區 ; 非都市編定：乙種建築用地,1,1,全筆移轉,75140006
RPPNMLLLKIOFFAV66CA,興安段,.14,都市：住,1,1,全筆移轉,03780004
RPOOMLPLKIOFFAV07CA,常德段,176.02,都市：商,1,1,全筆移轉,05850000
RPVNMLNLKIOFFAV47CA,旭川段,8488.50,非都市：特定農業區 ; 非都市編定：農牧用地,1,1,全筆移轉,05820000
RPPNMLMKKIOFFCV86CA,電光段,56.74,非都市：鄉村區 ; 非都市編定：交通用地,1,1,全筆移轉,09170000
RPPNMLKKKIOFFBV56CA,大濱段宜灣小段,2880.00,非都市：風景區 ; 非都市編定：農牧用地,1,1,全筆移轉,04300000
RPPNMLQKKIOFFBV17CA,城仔埔段,438.40,非都市：風景區 ; 非都市編定：農牧用地,1,1,全筆移轉,03860000
RPPNMLLMKIOFFAV76CA,下南寮段,130.66,都市：其他:保護區,1,1,全筆移轉,09210000
RPPNMLLMKIOFFAV76CA,下南寮段,25.23,都市：其他:保護區,1,1,全筆移轉,09220000
RPQNMLMKKIOFFCV07DA,錦富段,3023.02,非都市：特定農業區 ; 非都市編定：農牧用地,1,1,全筆移轉,04600000
RPQNMLMKKIOFFCV07DA,錦富段,203.64,非都市：特定農業區 ; 非都市編定：水利用地,1,1,全筆移轉,04530000
RPQNMLMKKIOFFCV07DA,錦富段,52.58,非都市：特定農業區 ; 非都市編定：水利用地,1,1,全筆移轉,04540000
RPQNMLMKKIOFFCV07DA,錦富段,302.16,非都市：特定農業區 ; 非都市編定：農牧用地,1,1,全筆移轉,04550000
RPQNMLMKKIOFFCV07DA,錦富段,164.90,非都市：特定農業區 ; 非都市編定：水利用地,1,1,全筆移轉,04570000
RPQNMLMKKIOFFCV07DA,錦富段,792.07,非都市：特定農業區 ; 非都市編定：農牧用地,1,1,全筆移轉,04580000
RPRNMLMKKIOFFCV17DA,錦富段,4352.29,非都市：特定農業區 ; 非都市編定：農牧用地,1,1,全筆移轉,04590000
RPQNMLNKKIOFFBV96CA,成功段,100.02,都市：住,1,1,全筆移轉,05470000
RPSNMLMKKIOFFCV17CA,龍田段,348.85,都市：住,1,1,全筆移轉,01400000
RPSNMLMKKIOFFCV17CA,龍田段,72.98,都市：住,1,1,全筆移轉,01440000
RPSNMLMKKIOFFCV17CA,龍田段,312.24,都市：住,1,1,全筆移轉,03410000
RPSNMLMKKIOFFCV17CA,龍田段,71.71,都市：住,1,1,全筆移轉,03420000
RPTNMLNKKIOFFAV17CA,南榮段,12.19,都市：住,10000,236,持分移轉,08900000
RPTNMLNKKIOFFAV17CA,南榮段,.70,都市：住,10000,236,持分移轉,08900002
RPTNMLNKKIOFFAV17CA,南榮段,23.82,都市：住,10000,343,持分移轉,09430000
RPTNMLNKKIOFFAV17CA,南榮段,106.72,都市：住,1,1,全筆移轉,09460000
RPPNMLMKKIOFFAV66CA,豐樂段,704.00,都市：工,1,1,全筆移轉,31800000
RPPNMLQKKIOFFAV07CA,東興段,123.61,非都市：山坡地保育區 ; 非都市編定：丙種建築用地,1,1,全筆移轉,01750000
RPPNMLQKKIOFFAV07CA,東興段,58.12,非都市：山坡地保育區 ; 非都市編定：丙種建築用地,1,1,全筆移轉,01760000
RPPNMLNKKIOFFAV76CA,豐谷段,117.00,都市：住,1,1,全筆移轉,10210000
RPRNMLNKKIOFFAV96CA,豐里段,27.96,非都市：鄉村區 ; 非都市編定：乙種建築用地,2,1,持分移轉,08310000
RPRNMLNKKIOFFAV96CA,豐里段,451.79,非都市：鄉村區 ; 非都市編定：乙種建築用地,1,1,全筆移轉,08330000
RPQNMLNKKIOFFAV86CA,台東段,115.00,都市：住,1,1,全筆移轉,01660027
RPSNMLNKKIOFFAV07CA,岩灣段,48.62,都市：住,10000,779,持分移轉,00170000
RPPNMLRKKIOFFCV37CA,鹿野段,1398.00,都市：農,1,1,全筆移轉,12230000
RPSNMLLKKIOFFAV86CA,利泰段,1039.10,非都市：特定農業區 ; 非都市編定：農牧用地,1,1,全筆移轉,04790000
RPTNMLLKKIOFFAV96CA,中山段,86.00,都市：住,1,1,全筆移轉,06550000
RPQNMLMKKIOFFAV76CA,豐川段,150.33,非都市：特定農業區 ; 非都市編定：農牧用地,1,1,全筆移轉,10380000
RPTNMLNLKIOFFAV27CA,興安段,152.28,都市：住,4,1,持分移轉,03320000
RPTOMLQKKIOFFAV57CA,豐年段,126.26,都市：住,1,1,全筆移轉,09530026
RPQNMLQKKIOFFAV17CA,豐谷段,105.00,都市：住,1,1,全筆移轉,01590000
RPQNMLQKKIOFFAV17CA,豐谷段,42.00,都市：其他:道路用地,1,1,全筆移轉,03020000
RPTNMLQJJHPFFAV27CA,南王段,440.87,都市：住,1,1,全筆移轉,05770000
RPTNMLQJJHPFFAV27CA,南王段,7.25,都市：其他:道路用地,1,1,全筆移轉,05770002
RPRNMLRKKIOFFAV37CA,東海段,113.48,都市：住,1,1,全筆移轉,02590010
RPPNMLNKKIOFFCV96CA,大埔段,2573.00,都市：農,1,1,全筆移轉,10470001
RPPNMLSKKIOFFAV27CA,福德段,94.09,非都市：山坡地保育區 ; 非都市編定：水利用地,1,1,全筆移轉,05000000
RPPNMLSKKIOFFAV27CA,福德段,1537.27,非都市：山坡地保育區 ; 非都市編定：丙種建築用地,1,1,全筆移轉,05010000
RPTNMLQKKIOFFAV47CA,南王段,313.65,都市：住,1,1,全筆移轉,02960000
RPRNMLNKKIOFFBV07CA,北都歷段,243.58,非都市：鄉村區 ; 非都市編定：乙種建築用地,5,3,持分移轉,08160000
RPPNMLQLKIOFFDV47CA,秀山段,10.39,都市：其他:出租旅館區,10000,9,持分移轉,07230000
RPPNMLQLKIOFFDV47CA,秀山段,.00,都市：其他:道路,10000,9,持分移轉,07230001
RPPNMLQKKIOFFDV37CA,荒野段,1448.51,非都市：特定農業區 ; 非都市編定：農牧用地,1,1,全筆移轉,08410000
RPPNMLTKKIOFFAV47DA,台東段,34.00,都市：住,1,1,全筆移轉,01500019
SPSNMLLMKIOFFAV27DA,台東段,10.00,都市：其他:公園用地,1,1,全筆移轉,06380018
RPPNMLNKKIOFFBV86CA,萬年段,3018.00,非都市：風景區 ; 非都市編定：農牧用地,1,1,全筆移轉,09620000
RPUNMLQLKIOFFAV67CA,德安段,.31,都市：其他:學校用地,1,1,全筆移轉,06810001
RPSNMLLMKIOFFAV17DA,台東段,4.50,都市：其他:公園用地,2,1,持分移轉,06380010
RPOOMLQKKIOFFAV07CA,北南王段,172.57,都市：住,1,1,全筆移轉,06350002
RPROMLQKKIOFFAV37CA,豐年段,82.62,都市：住,1,1,全筆移轉,02210000
RPSOMLQKKIOFFAV47CA,上岩灣段,28.83,都市：農,1,1,全筆移轉,00320000
RPSOMLQKKIOFFAV47CA,上岩灣段,957.19,都市：農,1,1,全筆移轉,00340000
RPSOMLQKKIOFFAV47CA,上岩灣段,66.76,都市：其他:道,1,1,全筆移轉,00340001
RPSOMLQKKIOFFAV47CA,上岩灣段,24.29,都市：其他:道,1,1,全筆移轉,00350000
RPXNMLQKKIOFFAV87CA,泰安段,3749.97,非都市：一般農業區 ; 非都市編定：農牧用地,1,1,全筆移轉,00320000
RPPNMLRKKIOFFAV17CA,中清段,140.84,都市：住,1,1,全筆移轉,02720003
RPSNMLRKKIOFFAV47CA,下南寮段,478.47,都市：農,1,1,全筆移轉,07640000
RPSNMLNLKIOFFAV17CA,豐榮段,81.00,都市：住,1,1,全筆移轉,01090000
RPQNMLLLKIOFFAV76CA,興安段,.53,都市：住,1,1,全筆移轉,03780005
RPRNMLSKKIOFFCV67CA,鹿野段,548.00,非都市：特定農業區 ; 非都市編定：特定目的事業用地,1,1,全筆移轉,35350001
RPTNMLLMKIOFFAV27DA,台東段,4.50,都市：其他:公園用地,2,1,持分移轉,06380010
RPRNMLRJJHPFFAV17CA,中正段,16.00,都市：住,2,1,持分移轉,02970013
RPRNMLRJJHPFFAV17CA,中正段,39.00,都市：住,2,1,持分移轉,03300000
RPPNMLSKKIOFFCV57DA,豐泉段,86.61,都市：住,1,1,全筆移轉,03720000
RPPNMLSKKIOFFCV57DA,豐泉段,86.61,都市：住,1,1,全筆移轉,03730000
RPQNMLSKKIOFFCV57CA,新興段,363.76,非都市：特定農業區 ; 非都市編定：甲種建築用地,1,1,全筆移轉,02540000
RPQNMLTKKIOFFAV47CA,知本段,150.00,非都市：特定農業區 ; 非都市編定：甲種建築用地,1,1,全筆移轉,82860005
RPRNMLSKKIOFFAV47CA,豐榮段,74.00,都市：住,1,1,全筆移轉,09170000
RPSNMLTKKIOFFAV67CA,湧泉段,117.86,都市：其他:旅服區,2,1,持分移轉,00070000
RPSNMLTKKIOFFAV67CA,湧泉段,117.86,都市：其他:旅服區,2,1,持分移轉,00070000
RPRNMLTKKIOFFAV57CA,中正段,37.08,都市：住,60,5,持分移轉,01870000
RPUNMLTKKIOFFAV87CA,豐利段,49.08,都市：住,1,1,全筆移轉,04670000
RPUNMLTKKIOFFAV87CA,豐利段,6.13,都市：其他:道路用地,1,1,全筆移轉,04670001
RPTNMLTKKIOFFAV77CA,中心段,101.00,都市：住,1,1,全筆移轉,07150000
RPVNMLTKKIOFFAV97CA,豐利段,32.20,都市：其他:道路用地,1,1,全筆移轉,04680000
RPVNMLTKKIOFFAV97CA,豐利段,43.77,都市：住,1,1,全筆移轉,04690000
RPQNMLNLKIOFFAV96CA,台東段,74.00,都市：住,1,1,全筆移轉,04510014
RPQNMLNLKIOFFAV96CA,台東段,38.00,都市：住,1,1,全筆移轉,04510028
RPQNMLNLKIOFFAV96CA,台東段,49.00,都市：住,1,1,全筆移轉,04510029
RPQNMLNLKIOFFAV96CA,台東段,2.00,都市：住,1,1,全筆移轉,04510222
RPUNMLQJJHPFFAV47DA,豐里段,27.44,非都市：特定農業區 ; 非都市編定：甲種建築用地,9,1,持分移轉,02640002
RPPNMLQLKIOFFBV27CA,田組段,135.51,非都市：風景區 ; 非都市編定：農牧用地,1,1,全筆移轉,06610001
RPRNMLNLKIOFFAV07CA,台東段,82.00,都市：住,1,1,全筆移轉,04510005
RPQNMLTKKIOFFBV57CA,仰光段,342.06,都市：住,1,1,全筆移轉,04720000
RPPNMLNJJHPFFBV66CA,新港段芝田小段,29930.00,非都市：風景區 ; 非都市編定：林業用地,1,1,全筆移轉,06430000
RPPNMLTKKIOFFBV47CA,忠勇段,1.07,都市：住,1,1,全筆移轉,11120002
RPPNMLTKKIOFFBV47CA,忠勇段,117.36,都市：住,1,1,全筆移轉,11130000
RPVNMLQLKIOFFAV77CA,德安段,1.89,都市：其他:部分學校用地部份道路用地,1,1,全筆移轉,06810002
RPPNMLTKKIOFFCV67DA,慶福段,469.03,都市：住,1,1,全筆移轉,09340000
RPPNMLKLKIOFFCV86DA,瑞豐段,191.07,非都市：鄉村區 ; 非都市編定：乙種建築用地,1,1,全筆移轉,01730000
RPSNMLPLKIOFFCV57CA,加拿段,569.00,非都市：山坡地保育區 ; 非都市編定：農牧用地,1,1,全筆移轉,04120000
RPSNMLPLKIOFFCV57CA,加拿段,633.00,非都市：山坡地保育區 ; 非都市編定：農牧用地,1,1,全筆移轉,04120001
RPPNMLSJJHPFFCV27CA,鹿野段,2500.00,非都市：山坡地保育區 ; 非都市編定：農牧用地,1,1,全筆移轉,30450002
RPTNMLPLKIOFFAV47CA,東海段,45.05,都市：住,1,1,全筆移轉,09980000
RPTNMLPLKIOFFAV47CA,東海段,10.10,都市：其他:道路用地,1,1,全筆移轉,09990000
RPUNMLOKJHPFFAV37DA,新生段,56.00,都市：住,1,1,全筆移轉,06770003
RPPNMLSJJHPFFBV27DA,成功段,1538.46,都市：農,100,45,持分移轉,07030000
RPPNMLPLKIOFFCV27CA,電光段,1022.04,非都市：鄉村區 ; 非都市編定：乙種建築用地,1,1,全筆移轉,09250000
RPQNMLPLKIOFFCV37CA,新日出段,1996.57,非都市：特定農業區 ; 非都市編定：農牧用地,1,1,全筆移轉,00380000
RPQNMLPLKIOFFCV37CA,新日出段,8908.16,非都市：特定農業區 ; 非都市編定：農牧用地,1,1,全筆移轉,00390000
RPQNMLPLKIOFFCV37CA,新日出段,1.79,非都市：特定農業區 ; 非都市編定：農牧用地,1,1,全筆移轉,00500000
RPQNMLPLKIOFFCV37CA,新日出段,29.28,非都市：特定農業區 ; 非都市編定：農牧用地,1,1,全筆移轉,00890000
RPQNMLPLKIOFFCV37CA,新日出段,53.31,非都市：特定農業區 ; 非都市編定：農牧用地,1,1,全筆移轉,01150000
RPQNMLOLKIOFFAV07CA,台東段,21.59,都市：住,10000,106,持分移轉,05610004
RPRNMLOLKIOFFAV17CA,龍過脈段,1322.26,非都市：山坡地保育區 ; 非都市編定：農牧用地,1,1,全筆移轉,01990000
RPRNMLOLKIOFFAV17CA,龍過脈段,1000.59,非都市：山坡地保育區 ; 非都市編定：農牧用地,1,1,全筆移轉,02320000
RPRNMLOLKIOFFAV17CA,龍過脈段,189.11,非都市：山坡地保育區 ; 非都市編定：農牧用地,1,1,全筆移轉,05920000
RPRNMLPLKIOFFCV47CA,電光段,704.93,非都市：鄉村區 ; 非都市編定：乙種建築用地,1,1,全筆移轉,06210000
RPRNMLPLKIOFFCV47CA,電光段,575.84,非都市：鄉村區 ; 非都市編定：乙種建築用地,1,1,全筆移轉,06200000
RPRNMLPLKIOFFCV47CA,電光段,8183.30,非都市：特定農業區 ; 非都市編定：農牧用地,1,1,全筆移轉,06220000
RPSNMLOLKIOFFAV27CA,南王段,118.79,都市：住,1,1,全筆移轉,02950000
RPRNMLPLKIOFFAV27CA,豐航段,152.36,都市：住,1,1,全筆移轉,09060000
RPVNMLOLKIOFFAV57CA,馬蘭段,40.42,都市：住,10000,78,持分移轉,15990000
RPWNMLOLKIOFFAV67CA,自強段,98.86,都市：住,1,1,全筆移轉,09280001
RPXNMLOLKIOFFAV77CA,自強段,111.00,都市：住,1,1,全筆移轉,02600000
RPPNMLPLKIOFFAV07CA,路頂段,456.44,非都市：特定農業區 ; 非都市編定：農牧用地,1,1,全筆移轉,01200000
RPPNMLPLKIOFFAV07CA,路頂段,4755.64,非都市：特定農業區 ; 非都市編定：農牧用地,1,1,全筆移轉,01210000
RPVNMLPLKIOFFAV67CA,東海段,198.84,都市：住,1,1,全筆移轉,04240000
RPPNMLNLKIOFFAV86CA,知本段,2976.00,非都市：特定農業區 ; 非都市編定：農牧用地,1,1,全筆移轉,74890000
RPOOMLQLKIOFFAV17CA,南王段,197.06,都市：住,1,1,全筆移轉,03020000
RPQNMLPLKIOFFAV17CA,興安段,99.52,都市：住,1,1,全筆移轉,01300002
RPTNMLOLKIOFFAV37CA,岩灣段,139.70,都市：住,1,1,全筆移轉,01110000
RPRNMLRLKIOFFAV47CA,台東段,57.95,都市：住,100000,785,持分移轉,25420000
RPUNMLOLKIOFFAV47CA,南清段,1.48,都市：住,1,1,全筆移轉,04000000
RPUNMLOLKIOFFAV47CA,南清段,34.45,都市：住,1,1,全筆移轉,04010000
RPUNMLOLKIOFFAV47CA,南清段,66.46,都市：住,1,1,全筆移轉,04040000
RPUNMLOLKIOFFAV47CA,南清段,29.88,都市：住,4,1,持分移轉,04070000
RPSNMLPLKIOFFAV37CA,台東段,46.13,都市：住,10000,416,持分移轉,18120000
RPPNMLKMKIOFFCV86CA,慶福段,2.48,都市：住,1,1,全筆移轉,09400001
RPUNMLPLKIOFFAV57CA,豐里段,27.96,非都市：鄉村區 ; 非都市編定：乙種建築用地,2,1,持分移轉,08310000
RPUNMLPLKIOFFAV57CA,豐里段,451.03,非都市：鄉村區 ; 非都市編定：乙種建築用地,1,1,全筆移轉,08320000
RPQNMLTJJHPFFBV47DA,八桑灣段,750.43,非都市：風景區 ; 非都市編定：農牧用地,3,2,持分移轉,11090000
RPPNMLRLKIOFFCV57DA,福原段,213.95,都市：商,1,1,全筆移轉,01390000
RPPNMLRLKIOFFCV57DA,福原段,248.19,都市：商,1,1,全筆移轉,01350000
RPPNMLRLKIOFFCV57DA,福原段,17.12,都市：住,1,1,全筆移轉,01340000
RPSNMLKLJHPFFDV17DA,金星段,2500.00,非都市：山坡地保育區 ; 非都市編定：農牧用地,1,1,全筆移轉,02550004
RPPNMLRLKIOFFDV57CA,荖花段,3681.44,非都市：特定農業區 ; 非都市編定：農牧用地,1,1,全筆移轉,02180000
RPQNMLQLKIOFFBV37CA,加走灣段,2784.72,非都市：風景區 ; 非都市編定：農牧用地,1,1,全筆移轉,04740000
RPSNMLQLKIOFFBV57CA,新美山段,1541.69,非都市：風景區 ; 非都市編定：農牧用地,1,1,全筆移轉,07740000
RPSNMLQLKIOFFBV57CA,新美山段,1200.00,非都市：風景區 ; 非都市編定：農牧用地,1,1,全筆移轉,07740001
RPQNMLRLKIOFFCV57CA,新福段,3427.81,非都市：一般農業區 ; 非都市編定：農牧用地,1,1,全筆移轉,08550000
RPRNMLQJJHPFFAV07CA,公?西段,155.00,都市：住,1,1,全筆移轉,01240000
RPQNMLQLKIOFFAV27CA,中正段,106.00,都市：住,1,1,全筆移轉,05830000
RPTNMLQLKIOFFAV57CA,自強段,77.00,都市：住,1,1,全筆移轉,00660000
RPTNMLQLKIOFFAV57CA,自強段,10.00,都市：其他:公共設施保留地:人行步道,1,1,全筆移轉,00660001
RPXNMLQLKIOFFAV97CA,豐利段,19.57,都市：其他:道路用地,1,1,全筆移轉,03900000
RPXNMLQLKIOFFAV97CA,豐利段,50.99,都市：住,1,1,全筆移轉,03930000
RPXNMLQLKIOFFAV97CA,豐利段,3.57,都市：其他:道路用地,1,1,全筆移轉,03930001
RPWNMLQLKIOFFAV87CA,豐谷段,78.00,都市：住,1,1,全筆移轉,05240000
RPUNMLRLKIOFFAV77CA,建和段,324.91,非都市：特定農業區 ; 非都市編定：農牧用地,45,6,持分移轉,02410000
RPUNMLRLKIOFFAV77CA,建和段,158.95,非都市：特定農業區 ; 非都市編定：農牧用地,45,6,持分移轉,02420000
RPVNMLRLKIOFFAV87CA,光明段,77.00,都市：住,1,1,全筆移轉,05610000
RPPNMLKMKIOFFAV66CA,台東段,40.40,都市：住,10000,364,持分移轉,17780000
RPVNMLKMKIOFFAV27CA,豐里段,116.07,非都市：特定農業區 ; 非都市編定：甲種建築用地,1,1,全筆移轉,02640012
RPRNMLKMKIOFFAV86CA,德安段,.05,都市：其他:學校用地,1,1,全筆移轉,06860001
RPQNMLLMKIOFFAV86CA,知本段,150.00,非都市：特定農業區 ; 非都市編定：甲種建築用地,1,1,全筆移轉,75970015
RPQNMLMJJHPFFAV56CA,德安段,435.85,都市：其他:學校用地,1000,192,持分移轉,06860000
RPQNMLMJJHPFFAV56CA,德安段,435.85,都市：其他:學校用地,1000,192,持分移轉,06860000
RPQNMLMJJHPFFAV56CA,德安段,263.32,都市：其他:學校用地,1000,116,持分移轉,06860000
RPQNMLMJJHPFFAV56CA,德安段,263.32,都市：其他:學校用地,1000,116,持分移轉,06860000
RPQNMLMJJHPFFAV56CA,德安段,435.85,都市：其他:學校用地,1000,192,持分移轉,06860000
RPQNMLMJJHPFFAV56CA,德安段,435.85,都市：其他:學校用地,1000,192,持分移轉,06860000
RPTNMLRLKIOFFAV67CA,知本段,3900.00,非都市：特定農業區 ; 非都市編定：農牧用地,1,1,全筆移轉,74930000
RPPNMLRLKIOFFAV27CA,台東段,114.00,都市：商,1,1,全筆移轉,03330004
RPPNMLRLKIOFFAV27CA,台東段,4.00,都市：其他:道路用地,1,1,全筆移轉,03330029
RPRNMLRLKIOFFBV57CA,仰光段,346.49,都市：商,1,1,全筆移轉,04740000
RPRNMLQLKIOFFBV47CA,南都歷段,2721.16,非都市：風景區 ; 非都市編定：農牧用地,1,1,全筆移轉,08720000
RPRNMLKMKIOFFCV07CA,大原段,403.00,非都市：特定農業區 ; 非都市編定：農牧用地,1,1,全筆移轉,17480000
RPRNMLKMKIOFFCV07CA,大原段,1800.00,非都市：特定農業區 ; 非都市編定：農牧用地,1,1,全筆移轉,17520000
RPQNMLKMKIOFFCV96CA,水墜段,6135.94,非都市：特定農業區 ; 非都市編定：農牧用地,1,1,全筆移轉,00950000
RPQNMLKMKIOFFCV96CA,水墜段,2964.41,非都市：特定農業區 ; 非都市編定：農牧用地,1,1,全筆移轉,00960000
RPPNMLQJJHPFFBV96CA,小馬東段,3962.09,非都市：風景區 ; 非都市編定：農牧用地,1,1,全筆移轉,03220000
RPPNMLQJJHPFFBV96CA,小馬東段,717.43,非都市：風景區 ; 非都市編定：農牧用地,1,1,全筆移轉,03230000
RPPNMLQJJHPFFBV96CA,小馬東段,6682.99,非都市：風景區 ; 非都市編定：農牧用地,1,1,全筆移轉,03270000
RPQNMLQJJHPFFBV07CA,馬稼海段,297.36,非都市：鄉村區 ; 非都市編定：乙種建築用地,1,1,全筆移轉,03210000
RPQNMLLMKIOFFCV17DA,大原段,324.00,非都市：特定農業區 ; 非都市編定：農牧用地,1,1,全筆移轉,16310000
RPQNMLLMKIOFFCV17DA,大原段,460.00,非都市：特定農業區 ; 非都市編定：農牧用地,1,1,全筆移轉,16320000
RPQNMLLMKIOFFCV17DA,大原段,290.00,非都市：特定農業區 ; 非都市編定：農牧用地,1,1,全筆移轉,16330000
RPPNMLLMKIOFFCV07DA,大原段,1179.00,非都市：特定農業區 ; 非都市編定：農牧用地,1,1,全筆移轉,16490000
RPPNMLLMKIOFFCV07DA,大原段,1195.00,非都市：特定農業區 ; 非都市編定：農牧用地,1,1,全筆移轉,16500000
RPRNMLLMKIOFFCV27DA,鹿野段,1120.00,非都市：特定農業區 ; 非都市編定：農牧用地,1,1,全筆移轉,32550000
RPRNMLRLKIOFFCV67CA,大埔段,132.37,都市：住,1,1,全筆移轉,07130000
RPRNMLLMKIOFFAV96CA,豐富段,76.63,都市：住,1,1,全筆移轉,00980000
RPUNMLLMKIOFFAV27CA,常德段,133.77,都市：住,1,1,全筆移轉,08880000
RPSNMLKMKIOFFAV96CA,德安段,.49,都市：其他:學校用地,1,1,全筆移轉,06810000
RPTNMLRJJHPFFAV37CA,利家段,1228.00,非都市：特定農業區 ; 非都市編定：農牧用地,1,1,全筆移轉,75370012
RPTNMLKMKIOFFAV07CA,常德段,94.99,都市：住,1,1,全筆移轉,02880000
RPWNMLKMKIOFFAV37CA,台東段,111.00,都市：住,1,1,全筆移轉,00040595
RPSNMLMJJHPFFAV76CA,下南寮段,68.03,都市：其他:公設保留地,1,1,全筆移轉,12180000
RPSNMLMJJHPFFAV76CA,下南寮段,5.96,都市：其他:公設保留地,1,1,全筆移轉,12180001
RPSNMLMJJHPFFAV76CA,下南寮段,12.74,都市：其他:保護區,1,1,全筆移轉,12180002
RPSNMLMJJHPFFAV76CA,下南寮段,199.70,都市：其他:公設保留地,1,1,全筆移轉,12190000
RPSNMLMJJHPFFAV76CA,下南寮段,17.14,都市：其他:公設保留地,1,1,全筆移轉,12190001
RPSNMLMJJHPFFAV76CA,下南寮段,33.63,都市：其他:保護區,1,1,全筆移轉,12190002
RPRNMLSJJHPFFAV27CA,台東段,115.00,都市：住,1,1,全筆移轉,01600201
RPPNMLTJJHPFFAV17CA,台東段,89.00,都市：住,1,1,全筆移轉,11240013
RPPNMLTJJHPFFCV37CA,南山段,4.67,都市：住,1,1,全筆移轉,06900000
RPPNMLTJJHPFFCV37CA,南山段,134.32,都市：住,1,1,全筆移轉,06910000
RPPNMLSJJHPFFAV07CA,知本段,1064.00,非都市：特定農業區 ; 非都市編定：農牧用地,1,1,全筆移轉,81230002
RPQNMLTJJHPFFAV27CA,康樂段,2781.00,非都市：特定農業區 ; 非都市編定：農牧用地,1,1,全筆移轉,05430002
RPPNMLSJJHPFFAV07CA,知本段,1039.00,非都市：特定農業區 ; 非都市編定：農牧用地,1,1,全筆移轉,81240002
RPPNMLSJJHPFFAV07CA,知本段,2057.00,非都市：特定農業區 ; 非都市編定：農牧用地,1,1,全筆移轉,81270000
RPPNMLSJJHPFFAV07CA,知本段,2824.00,非都市：特定農業區 ; 非都市編定：農牧用地,1,1,全筆移轉,81290000
RPQNMLQJJHPFFAV96CA,豐樂段,957.00,非都市：特定農業區 ; 非都市編定：農牧用地,1,1,全筆移轉,28910000
RPUNMLNJJHPFFAV07CA,台東段,110.00,都市：商,1,1,全筆移轉,04080000
RPPNMLOJJHPFFCV86CA,月野段,1801.80,非都市：一般農業區 ; 非都市編定：農牧用地,100,9,持分移轉,24290000
RPQNMLQJJHPFFCV17CA,高台段,359.40,非都市：山坡地保育區 ; 非都市編定：農牧用地,1,1,全筆移轉,01280000
RPWNMLOKJHPFFAV47CA,馬蘭段,114.00,都市：住,1,1,全筆移轉,16130009
RPPNMLQJJHPFFCV07CA,高台段,4705.70,非都市：山坡地保育區 ; 非都市編定：農牧用地,1,1,全筆移轉,01270000
RPQNMLLMKIOFFBV96CA,北都蘭段,179.41,非都市：風景區 ; 非都市編定：農牧用地,1,1,全筆移轉,06260000
RPPNMLLMKIOFFBV86CA,玉港段,3033.11,非都市：風景區 ; 非都市編定：農牧用地,1,1,全筆移轉,05850000
RPPNMLMJJHPFFBV56CA,成功段,83.09,都市：住,1,1,全筆移轉,02240002
RPPNMLMJJHPFFBV56CA,成功段,82.92,都市：住,1,1,全筆移轉,02240003
RPRNMLNJJHPFFAV86DA,馬蘭段,5.55,都市：住,10000,158,持分移轉,15680000
RPRNMLNJJHPFFAV86DA,馬蘭段,6.53,都市：住,10000,158,持分移轉,15700000
RPSNMLLMKIOFFCV37DA,福原段,1.87,都市：住,2,1,持分移轉,04700000
RPSNMLLMKIOFFCV37DA,福原段,15.38,都市：住,2,1,持分移轉,04720000
RPVNMLNJJHPFFAV17CA,下南寮段,173.91,都市：其他:保護區,1,1,全筆移轉,11780000
RPPNMLOJJHPFFAV66CA,建業段,82.95,都市：住,1,1,全筆移轉,07290031
RPQNMLOJJHPFFAV76CA,豐富段,84.46,都市：住,1,1,全筆移轉,00940000
RPTNMLMJJHPFFAV86CA,新田段,103.91,非都市：鄉村區 ; 非都市編定：乙種建築用地,1,1,全筆移轉,07530000
RPTNMLNJJHPFFAV96CA,建成段,110.47,都市：住,1,1,全筆移轉,03400000
RPUNMLMJJHPFFAV96CA,新田段,92.68,非都市：鄉村區 ; 非都市編定：乙種建築用地,1,1,全筆移轉,07520000
RPSNMLRJJHPFFAV27CA,豐利段,449.64,都市：住,1,1,全筆移轉,01460000
RPSNMLRJJHPFFAV27CA,豐利段,462.62,都市：住,1,1,全筆移轉,01460001
RPQNMLSJJHPFFDV47CA,多良段,8920.00,非都市：山坡地保育區 ; 非都市編定：農牧用地,1,1,全筆移轉,04580000
RPPNMLMJJHPFFAV09CA,馬蘭段,149.22,都市：住,1000,47,持分移轉,14780000
RPPNMLLJJHPFFAV98CA,利家段,94.00,非都市：特定農業區 ; 非都市編定：甲種建築用地,1,1,全筆移轉,79080000
RPRNMLSJJHPFFDV57CA,多良段,8312.00,非都市：風景區 ; 非都市編定：農牧用地,1,1,全筆移轉,04550001
RPTNMLSJJHPFFAV47CA,建國段,186.36,都市：商,1,1,全筆移轉,07160001
RPPNMLNJJHPFFDV86CA,秀山段,10.39,都市：其他:旅館區,10000,9,持分移轉,07230000
RPPNMLNJJHPFFDV86CA,秀山段,.00,都市：其他:旅館區,10000,9,持分移轉,07230001
RPQNMLKKJHPFFDV76CA,介達段,1002.40,非都市：山坡地保育區 ; 非都市編定：農牧用地,10,4,持分移轉,04160005
RPPNMLNJJHPFFCV86DA,錦富段,208.50,非都市：鄉村區 ; 非都市編定：乙種建築用地,1,1,全筆移轉,03240000
RPPNMLNJJHPFFAV56CA,豐樂段,124.01,都市：工,10000,2043,持分移轉,30800000
RPQNMLNJJHPFFAV66CA,豐樂段,121.74,都市：工,10000,1951,持分移轉,32070000
RPOOMLKKJHPFFAV98CA,上岩灣段,79.30,都市：住,100000,924,持分移轉,01980000
RPSNMLNJJHPFFAV96DA,利家段,206.00,非都市：山坡地保育區 ; 非都市編定：農牧用地,1567,206,持分移轉,02810000
RPSNMLNJJHPFFAV96DA,利家段,209.00,非都市：山坡地保育區 ; 非都市編定：丙種建築用地,1,1,全筆移轉,02860003
RPRNMLMJJHPFFBV76CA,忠智段,99.01,都市：住,1,1,全筆移轉,02180003
RPRNMLNJJHPFFDV07CA,秀山段,7.72,都市：其他:旅館區,10000,24,持分移轉,07280000
RPPNMLRJJHPFFBV07CA,都豐段,1000.00,非都市：風景區 ; 非都市編定：農牧用地,1,1,全筆移轉,04850001
RPQNMLRJJHPFFAV17DA,南清段,8.87,都市：其他:道路用地,25,1,持分移轉,05420000
RPQNMLRJJHPFFAV17DA,上岩灣段,1.16,都市：農,25,1,持分移轉,05100000
RPQNMLRJJHPFFAV17DA,上岩灣段,.08,都市：農,25,1,持分移轉,05100001
RPQNMLRJJHPFFAV17DA,上岩灣段,240.35,都市：農,25,1,持分移轉,07640000
RPQNMLRJJHPFFAV17DA,上岩灣段,42.68,都市：農,25,1,持分移轉,07650000
RPQNMLRJJHPFFAV17DA,上岩灣段,.58,都市：農,25,1,持分移轉,07650001
RPQNMLRJJHPFFAV17DA,上岩灣段,1.48,都市：農,25,1,持分移轉,07670000
RPQNMLRJJHPFFAV17DA,上岩灣段,.78,都市：農,25,1,持分移轉,07670001
RPPNMLQJJHPFFAV86CA,建成段,175.03,都市：住,1,1,全筆移轉,00330001
RPSNMLSJJHPFFAV37CA,新生段,462.81,都市：住,138300,46281,持分移轉,01450000
RPTNMLTJJHPFFCV87DA,中華段,7.27,都市：住,1,1,全筆移轉,12590002
RPPNMLRJJHPFFAV96CA,岩灣段,316.13,都市：商,1,1,全筆移轉,02010000
RPPNMLRJJHPFFAV96CA,岩灣段,438.00,都市：商,1,1,全筆移轉,02020000
RPPNMLRJJHPFFAV96CA,岩灣段,415.60,都市：商,1,1,全筆移轉,02030000
RPPNMLRJJHPFFAV96CA,岩灣段,1780.03,都市：商,1,1,全筆移轉,02040000
RPPNMLRJJHPFFAV96CA,岩灣段,665.02,都市：商,1,1,全筆移轉,02050000
RPPNMLRJJHPFFAV96CA,岩灣段,1425.64,都市：商,1,1,全筆移轉,02110000
RPWNMLSJJHPFFAV77CA,梧州段,148.05,都市：農,1000,138,持分移轉,05610003
RPXNMLSJJHPFFAV87CA,豐年段,137.53,都市：住,1,1,全筆移轉,03130000
RPXNMLSJJHPFFAV87CA,豐年段,392.88,都市：農,1,1,全筆移轉,03130001
RPPNMLOKJHPFFBV86CA,忠勇段,89.88,都市：住,1,1,全筆移轉,09040000
RPSNMLTJJHPFFCV77DA,中華段,8.31,都市：住,1,1,全筆移轉,12590001
RPQNMLTJJHPFFCV47CA,瑞豐段,3894.87,非都市：山坡地保育區 ; 非都市編定：農牧用地,1,1,全筆移轉,10690000
RPQNMLTJJHPFFCV47CA,瑞豐段,76.87,非都市：山坡地保育區 ; 非都市編定：交通用地,1,1,全筆移轉,10960000
RPQNMLSJJHPFFBV27CA,南都蘭段,288.56,非都市：風景區 ; 非都市編定：丙種建築用地,1,1,全筆移轉,08370000
RPPNMLKKJHPFFBV09CA,南佳里段,91.52,非都市：風景區 ; 非都市編定：丙種建築用地,1,1,全筆移轉,01780000
RPPNMLKKJHPFFDV66CA,森永段,950.00,非都市：山坡地保育區 ; 非都市編定：農牧用地,1,1,全筆移轉,00550000
RPPNMLKMJHPFFCV76CA,紅葉段,8710.00,非都市：山坡地保育區 ; 非都市編定：農牧用地,1,1,全筆移轉,00840000
RPPOMLKKJHPFFAV56DA,光明段,1.47,都市：其他:道路用地,200,1,持分移轉,05020000
RPPOMLKKJHPFFAV56DA,光明段,7.74,都市：其他:道路用地,200,1,持分移轉,05140000
RPPOMLKKJHPFFAV56DA,光明段,.06,都市：其他:道路用地,200,1,持分移轉,05140001
RPPOMLKKJHPFFAV56DA,光明段,20.25,都市：住,4,1,持分移轉,05200000
RPPNMLKLJHPFFBV56CA,萬年段,7.14,非都市：鄉村區 ; 非都市編定：乙種建築用地,21,1,持分移轉,08660000
RPPNMLKLJHPFFBV56CA,萬年段,6.90,非都市：鄉村區 ; 非都市編定：乙種建築用地,21,1,持分移轉,08660002
RPPNMLKLJHPFFBV56CA,萬年段,7.19,非都市：鄉村區 ; 非都市編定：乙種建築用地,21,1,持分移轉,08660003
RPSNMLKKJHPFFAV66CA,南王段,100.06,都市：住,1,1,全筆移轉,00440004
RPRNMLKKJHPFFAV56CA,自強段,145.00,都市：住,1,1,全筆移轉,06910011
RPTNMLKKJHPFFAV76CA,南王段,100.06,都市：住,1,1,全筆移轉,00440005
RPPNMLNKJHPFFAV66CA,豐榮段,90.00,都市：住,1,1,全筆移轉,01830000
RPVNMLSJJHPFFAV67CA,德安段,21.26,都市：住,30000,170,持分移轉,00630000
RPVNMLSJJHPFFAV67CA,德安段,.15,都市：住,30000,170,持分移轉,00630001
RPVNMLSJJHPFFAV67CA,德安段,1.96,都市：住,30000,170,持分移轉,00630002
RPVNMLSJJHPFFAV67CA,德安段,.04,都市：住,30000,170,持分移轉,00630003
RPXNMLKKJHPFFAV17CA,台東段,33.00,都市：住,1,1,全筆移轉,19510002
RPXNMLKKJHPFFAV17CA,台東段,41.00,都市：住,1,1,全筆移轉,19520003
RPQNMLNKJHPFFAV76CA,中心段,232.00,都市：住,1,1,全筆移轉,02060000
RPQNMLKMJHPFFCV86CA,紅葉段,17805.31,非都市：山坡地保育區 ; 非都市編定：農牧用地,31990,18000,持分移轉,00780000
RPUNMLSJJHPFFAV57CA,旭川段,2715.68,非都市：特定農業區 ; 非都市編定：農牧用地,1,1,全筆移轉,01280000
RPRNMLTJJHPFFCV67DA,里?段,4.61,都市：其他:,1,1,全筆移轉,01160002
RPRNMLTJJHPFFCV67DA,里?段,45.37,都市：住,1,1,全筆移轉,01170001
RPRNMLTJJHPFFCV67DA,里?段,131.80,都市：住,1,1,全筆移轉,01280000
RPUNMLTJJHPFFCV87CA,慶豐段,3314.05,非都市：特定農業區 ; 非都市編定：農牧用地,1,1,全筆移轉,01440000
RPUNMLTJJHPFFCV87CA,慶豐段,2500.00,非都市：特定農業區 ; 非都市編定：農牧用地,1,1,全筆移轉,01440001
RPUNMLTJJHPFFCV87CA,慶豐段,2500.00,非都市：特定農業區 ; 非都市編定：農牧用地,1,1,全筆移轉,01440002
RPQNMLLLJHPFFCV86CA,福原段,198.36,都市：住,1,1,全筆移轉,09390000
RPRNMLRKJHPFFCV47CA,鹿野段,2906.00,非都市：特定農業區 ; 非都市編定：農牧用地,1,1,全筆移轉,27900000
RPPNMLMKJHPFFCV86DA,豐泉段,762.90,都市：住,1,1,全筆移轉,05990000
RPQNMLNKJHPFFCV07DA,萬福段,3364.31,非都市：特定農業區 ; 非都市編定：農牧用地,1,1,全筆移轉,03010000
RPPNMLOKJHPFFDV07CA,秀山段,6.53,都市：其他:旅館區,100000,105,持分移轉,06590003
RPWNMLKKJHPFFAV07CA,台東段,78.33,都市：住,6,5,持分移轉,06990009
RPVNMLKKJHPFFAV96CA,中山段,67.00,都市：住,1,1,全筆移轉,10230000
RPUNMLNKJHPFFAV17CA,台東段,18.57,都市：商,14,2,持分移轉,04820051
RPUNMLNKJHPFFAV17CA,台東段,9.43,都市：商,14,2,持分移轉,04820053
RPSNMLNKJHPFFAV96CA,台東段,60.00,都市：住,1,1,全筆移轉,00040483
RPSNMLNKJHPFFAV96CA,台東段,4.00,都市：住,1,1,全筆移轉,00040630
RPTNMLOKJHPFFAV17CA,豐年段,136.17,都市：住,1,1,全筆移轉,09380000
RPQNMLKLJHPFFAV66DA,中正段,16.00,都市：住,2,1,持分移轉,02970013
RPQNMLKLJHPFFAV66DA,中正段,39.00,都市：住,2,1,持分移轉,03300000
RPPNMLKKJHPFFAV98CA,旭川段,1858.34,非都市：特定農業區 ; 非都市編定：農牧用地,1,1,全筆移轉,00590000
RPPNMLKKJHPFFAV98CA,旭川段,95.54,非都市：特定農業區 ; 非都市編定：甲種建築用地,1,1,全筆移轉,00590001
RPPNMLOKJHPFFAV76CA,北南王段,767.54,都市：農,1,1,全筆移轉,08450000
RPPNMLOKJHPFFAV76CA,北南王段,618.74,都市：農,1,1,全筆移轉,08460000
RPWNMLNKJHPFFAV47DA,台東段,1.00,都市：住,1,1,全筆移轉,00250015
RPWNMLNKJHPFFAV47DA,台東段,97.00,都市：住,1,1,全筆移轉,00250016
RPWNMLNKJHPFFAV47DA,台東段,59.00,都市：住,1,1,全筆移轉,00250116
RPRNMLQKJHPFFBV27CA,忠仁段,158.13,都市：住,1,1,全筆移轉,11510000
RPPNMLPKJHPFFDV17CA,尚武段,3.03,都市：住,3200,100,持分移轉,08230000
RPPNMLPKJHPFFDV17CA,尚武段,.61,都市：住,32000,200,持分移轉,08250000
RPPNMLPKJHPFFDV17CA,尚武段,.32,都市：住,3100,100,持分移轉,08320000
RPPNMLPKJHPFFDV17CA,尚武段,.59,都市：住,3100,100,持分移轉,08330000
RPPNMLPKJHPFFDV17CA,尚武段,90.62,都市：住,3300,100,持分移轉,08340000
RPPNMLPKJHPFFDV17CA,尚武段,2.74,都市：住,3100,100,持分移轉,08370000
RPOOMLOKJHPFFAV76CA,中山段,112.00,都市：住,1,1,全筆移轉,07510006
RPOOMLOKJHPFFAV76CA,中山段,10.00,都市：其他:道路用地,1,1,全筆移轉,07510007
RPSNMLQKJHPFFAV27CA,中心段,25.91,都市：住,100000,19048,持分移轉,12860001
RPRNMLQKJHPFFAV17CA,中心段,25.91,都市：住,100000,19048,持分移轉,12860001
RPPNMLRKJHPFFBV17CA,永福段,3001.04,非都市：風景區 ; 非都市編定：農牧用地,1,1,全筆移轉,09040000
RPPNMLPKJHPFFBV96CA,新港段芝田小段,5553.00,非都市：風景區 ; 非都市編定：農牧用地,1,1,全筆移轉,04980029
RPSNMLRKJHPFFCV57CA,坪頂段,6712.52,非都市：山坡地保育區 ; 非都市編定：農牧用地,1,1,全筆移轉,05130000
RPPNMLOKJHPFFCV96CA,和平段,175.94,非都市：鄉村區 ; 非都市編定：乙種建築用地,1,1,全筆移轉,06700000
RPQNMLPKJHPFFBV07CA,忠勇段,235.82,都市：住,1,1,全筆移轉,08920000
RPQNMLPKJHPFFBV07CA,忠勇段,.79,都市：住,1,1,全筆移轉,08930000
RPQNMLPKJHPFFBV07CA,忠勇段,.42,都市：住,1,1,全筆移轉,08940000
RPQNMLPKJHPFFBV07CA,忠勇段,.37,都市：住,1,1,全筆移轉,08950000
RPQNMLPKJHPFFBV07CA,忠勇段,36.71,都市：住,1,1,全筆移轉,08960000
RPQNMLPKJHPFFBV07CA,忠勇段,42.86,都市：住,1,1,全筆移轉,08970000
RPRNMLNKJHPFFCV07CA,電光段,510.43,非都市：特定農業區 ; 非都市編定：農牧用地,1,1,全筆移轉,05890000
RPRNMLNKJHPFFCV07CA,電光段,645.50,非都市：特定農業區 ; 非都市編定：農牧用地,1,1,全筆移轉,06230000
RPRNMLNKJHPFFCV07CA,電光段,1847.92,非都市：特定農業區 ; 非都市編定：農牧用地,1,1,全筆移轉,06510000
RPRNMLNKJHPFFCV07CA,電光段,19.99,非都市：鄉村區 ; 非都市編定：交通用地,1,1,全筆移轉,06710000
RPPNMLQKJHPFFBV17DA,南佳里段,1377.00,非都市：風景區 ; 非都市編定：農牧用地,1,1,全筆移轉,12700000
RPPNMLQKJHPFFDV27CA,秀山段,8.08,都市：其他:出租旅館,10000,7,持分移轉,07230000
RPPNMLQKJHPFFDV27CA,秀山段,.00,都市：其他:道路用地,10000,7,持分移轉,07230001
RPRNMLNKJHPFFAV86CA,台東段,38.00,都市：住,1,1,全筆移轉,00080216
RPVNMLQKJHPFFAV57CA,利家段,89.00,非都市：特定農業區 ; 非都市編定：甲種建築用地,1,1,全筆移轉,75860024
RPRNMLNKJHPFFAV86CA,台東段,17.00,都市：住,1,1,全筆移轉,00080218
RPRNMLOKJHPFFAV96CA,常德段,14.24,都市：住,10000,75,持分移轉,07520000
RPQNMLPKJHPFFAV96CA,中山段,70.00,都市：住,1,1,全筆移轉,09820000
RPXNMLOKJHPFFAV57CA,利家段,16.55,非都市：鄉村區 ; 非都市編定：乙種建築用地,60000,651,持分移轉,74880000
RPVNMLOKJHPFFAV37CA,合江段,151.04,非都市：鄉村區 ; 非都市編定：乙種建築用地,1,1,全筆移轉,01230000
RPXNMLQKJHPFFAV77CA,豐年段,23.75,都市：住,10000,92,持分移轉,00270003
RPOOMLQKJHPFFAV96CA,豐樂段,83.00,都市：住,1,1,全筆移轉,31420000
RPPNMLPKJHPFFAV86CA,建業段,3170.00,都市：農,1,1,全筆移轉,08230000
RPWNMLQKJHPFFAV67CA,馬蘭段,39.38,都市：住,10000,76,持分移轉,15990000
RPUNMLQKJHPFFAV47CA,北南王段,9.38,都市：農,1,1,全筆移轉,05610000
RPUNMLQKJHPFFAV47CA,北南王段,8.23,都市：農,1,1,全筆移轉,05620000
RPUNMLQKJHPFFAV47CA,北南王段,87.36,都市：住,1,1,全筆移轉,05630000
RPUNMLQKJHPFFAV47CA,北南王段,87.42,都市：住,1,1,全筆移轉,05600000
RPVNMLOJKHPFFAV37CA,下南寮段,245.14,都市：農,1,1,全筆移轉,08460000
RPVNMLOJKHPFFAV37CA,下南寮段,347.25,都市：農,1,1,全筆移轉,08050000
RPVNMLOJKHPFFAV37CA,下南寮段,107.99,都市：其他:保護區,1,1,全筆移轉,08470000
RPVNMLOJKHPFFAV37CA,下南寮段,353.34,都市：農,1,1,全筆移轉,08810000
RPVNMLOJKHPFFAV37CA,下南寮段,322.56,都市：農,1,1,全筆移轉,08870000
RPRNMLPKJHPFFAV17DA,台東段,54.50,都市：住,2,1,持分移轉,00040628
RPRNMLPKJHPFFAV17DA,台東段,65.50,都市：住,2,1,持分移轉,00050030
RPRNMLPKJHPFFAV17DA,台東段,21.50,都市：住,2,1,持分移轉,00050032
RPQNMLRKJHPFFAV27DA,南王段,330.00,都市：農,2,1,持分移轉,04980000
RPQNMLRKJHPFFAV27DA,南王段,3.28,都市：其他:道路用地,2,1,持分移轉,04980001
RPRNMLPKJHPFFBV27DA,萬年段,1383.00,非都市：風景區 ; 非都市編定：農牧用地,1,1,全筆移轉,14400004
RPPNMLPKJHPFFCV17DA,溪埔段,2732.62,非都市：一般農業區 ; 非都市編定：農牧用地,1,1,全筆移轉,03950000
RPUNMLKLJHPFFAV96CA,新生段,81.00,都市：住,1,1,全筆移轉,10520000
RPXNMLRKJHPFFAV87CA,台東段,5.90,都市：商,12000,80,持分移轉,05140000
RPXNMLRKJHPFFAV87CA,台東段,.03,都市：商,12000,80,持分移轉,05140016
RPQOMLMLJHPFFAV86CA,豐年段,6.50,都市：住,10000,13,持分移轉,00270000
RPROMLMLJHPFFAV96CA,台東段,84.00,都市：住,1,1,全筆移轉,19800000
RPQNMLKMJHPFFAV66CA,上岩灣段,2146.55,都市：農,1,1,全筆移轉,03430000
RPQNMLKMJHPFFAV66CA,上岩灣段,301.13,都市：農,1,1,全筆移轉,03470000
RPPNMLKMJHPFFAV56CA,知本段,2051.00,非都市：特定農業區 ; 非都市編定：農牧用地,1,1,全筆移轉,78610000
RPQNMLKLJHPFFCV76CA,福原段,1294.66,都市：農,1,1,全筆移轉,09160000
RPSNMLKLJHPFFCV96CA,福原段,781.00,都市：農,1,1,全筆移轉,09160002
RPTNMLKLJHPFFCV07CA,福原段,786.00,都市：農,1,1,全筆移轉,09160003
RPRNMLKLJHPFFCV86CA,福原段,791.00,都市：農,1,1,全筆移轉,09160001
RPRNMLRKJHPFFAV37DA,台東段,40.00,都市：商,1,1,全筆移轉,04650008
RPPOMLQKJHPFFAV07CA,湧泉段,416.54,都市：其他:旅服區,1,1,全筆移轉,00050000
RPPOMLQKJHPFFAV07CA,湧泉段,208.27,都市：其他:旅服區,1,1,全筆移轉,00060000
RPTNMLKLJHPFFAV86CA,豐航段,200.81,都市：其他:公設保留地,10,1,持分移轉,09760000
RPQOMLQKJHPFFAV17CA,梧州段,7.18,都市：其他:道路用地,7,1,持分移轉,02430000
RPQOMLQKJHPFFAV17CA,梧州段,4.88,都市：其他:道路用地,7,1,持分移轉,01270000
RPQOMLQKJHPFFAV17CA,梧州段,5.19,都市：其他:道路用地,7,1,持分移轉,02540001
RPWNMLLMJHPFFAV37CA,新生段,13.65,都市：住,10000,55,持分移轉,00440000
RPPNMLRKJHPFFAV07CA,建成段,126.45,都市：住,1,1,全筆移轉,02890003
RPSNMLRKJHPFFAV37CA,豐航段,4676.56,都市：農,1,1,全筆移轉,09010000
RPVNMLLMJHPFFAV27CA,馬蘭段,2.25,都市：住,10000,64,持分移轉,15680000
RPVNMLLMJHPFFAV27CA,馬蘭段,2.64,都市：住,10000,64,持分移轉,15700000
RPTNMLRKJHPFFAV47CA,常德段,81.00,都市：住,1,1,全筆移轉,04560000
RPRNMLMLJHPFFAV86CA,台東段,76.00,都市：商,1,1,全筆移轉,03810023
RPRNMLMLJHPFFAV86CA,台東段,50.00,都市：商,1,1,全筆移轉,03810030
RPQNMLMLJHPFFAV76CA,南王段,107.61,都市：住,1,1,全筆移轉,00440006
RPSNMLPKJHPFFAV17CA,中正段,114.00,都市：住,1,1,全筆移轉,00870000
RPPNMLKLJHPFFAV09CA,馬蘭段,20.12,都市：住,10000,161,持分移轉,16940000
RPWNMLKLJHPFFAV17CA,建國段,.55,都市：住,1,1,全筆移轉,04990000
RPWNMLKLJHPFFAV17CA,建國段,17.70,都市：住,1,1,全筆移轉,04990001
RPWNMLKLJHPFFAV17CA,建國段,1.24,都市：其他:道路用地,1,1,全筆移轉,04990002
RPWNMLKLJHPFFAV17CA,建國段,6.38,都市：其他:道路用地,1,1,全筆移轉,04990003
RPWNMLKLJHPFFAV17CA,建國段,31.94,都市：其他:道路用地,1,1,全筆移轉,04990004
RPWNMLKLJHPFFAV17CA,建國段,5.79,都市：其他:道路用地,1,1,全筆移轉,04990005
RPWNMLKLJHPFFAV17CA,建國段,26.70,都市：其他:道路用地,1,1,全筆移轉,04990006
RPSNMLMLJHPFFAV96CA,台東段,7.68,都市：住,10000,190,持分移轉,02430006
RPSNMLMLJHPFFAV96CA,台東段,5.85,都市：住,10000,190,持分移轉,02430008
RPSNMLMLJHPFFAV96CA,台東段,1.03,都市：住,10000,190,持分移轉,02430009
RPSNMLMLJHPFFAV96CA,台東段,.97,都市：住,10000,190,持分移轉,02430011
RPSNMLMLJHPFFAV96CA,台東段,19.49,都市：住,10000,190,持分移轉,02430001
RPSNMLMLJHPFFAV96CA,台東段,8.34,都市：住,10000,190,持分移轉,02430004
RPTNMLPKJHPFFAV27CA,馬蘭段,2.53,都市：住,10000,72,持分移轉,15680000
RPTNMLPKJHPFFAV27CA,馬蘭段,2.97,都市：住,10000,72,持分移轉,15700000
RPRNMLKLJHPFFAV66CA,下南寮段,22.79,都市：其他:道路用地,1,1,全筆移轉,03430000
RPRNMLKLJHPFFAV66CA,下南寮段,173.39,都市：農,1,1,全筆移轉,03440000
RPXNMLLMJHPFFAV47CA,台東段,11.93,都市：住,100000,737,持分移轉,00040009
RPSOMLMLJHPFFAV07CA,豐年段,20.92,都市：住,23,1,持分移轉,00020067
RPSOMLMLJHPFFAV07CA,豐年段,60.60,都市：住,1,1,全筆移轉,00030066
RPPNMLRKJHPFFDV37CA,復興段,201.87,都市：住,1,1,全筆移轉,06570000
RPPNMLKMJHPFFBV66CA,加走灣段,749.31,非都市：風景區 ; 非都市編定：農牧用地,3,1,持分移轉,02130000
RPPNMLRKJHPFFDV37CA,復興段,3.45,都市：其他:綠地兼人行步道,1,1,全筆移轉,06570001
RPPNMLRKJHPFFDV37CA,復興段,36.92,都市：其他:綠地兼人行步道,1,1,全筆移轉,06560000
RPPNMLRKJHPFFCV27CA,豐泉段,439.97,都市：住,1,1,全筆移轉,07780000
RPPNMLKLJHPFFCV76DA,新廣原段,4279.57,非都市：山坡地保育區 ; 非都市編定：農牧用地,1,1,全筆移轉,09960000
RPPNMLLLJHPFFCV86DA,和平段,462.17,非都市：一般農業區 ; 非都市編定：農牧用地,1,1,全筆移轉,00350000
RPPNMLLLJHPFFCV86DA,和平段,1371.56,非都市：一般農業區 ; 非都市編定：農牧用地,1,1,全筆移轉,00550000
RPQNMLRKJHPFFCV37CA,東明段,6097.23,非都市：一般農業區 ; 非都市編定：農牧用地,1,1,全筆移轉,00090000
RPSNMLKLJHPFFAV76CA,中心段,60.00,都市：住,1,1,全筆移轉,07910000
RPSNMLKLJHPFFAV76CA,中心段,68.00,都市：住,1,1,全筆移轉,07960000
RPUNMLRKJHPFFAV57CA,興安段,116.28,都市：住,1,1,全筆移轉,03780001
RPTNMLMLJHPFFAV07CA,南王段,.68,都市：住,1,1,全筆移轉,05900002
RPTNMLMLJHPFFAV07CA,南王段,115.81,都市：住,1,1,全筆移轉,05900007
RPTNMLMLJHPFFAV07CA,南王段,26.95,都市：住,1,1,全筆移轉,05900008
RPOOMLKLJHPFFAV09CA,豐成段,829.99,非都市：特定農業區 ; 非都市編定：農牧用地,1,1,全筆移轉,10830000
RPOOMLKLJHPFFAV09CA,豐成段,1752.17,非都市：特定農業區 ; 非都市編定：農牧用地,1,1,全筆移轉,10410000
RPTOMLMLJHPFFAV17CA,上岩灣段,79.30,都市：住,100000,924,持分移轉,01980000
RPOOMLMLJHPFFAV66CA,台東段,1.57,都市：住,60,1,持分移轉,06990009
RPVNMLMLJHPFFAV27CA,台東段,16.71,都市：住,20000,222,持分移轉,20080000
RPPOMLKLJHPFFAV56CA,常德段,16.78,都市：住,10000,148,持分移轉,05200000
RPRNMLKLJHPFFDV96CA,北橋段,2500.02,非都市：山坡地保育區 ; 非都市編定：農牧用地,1,1,全筆移轉,00170005
RPPNMLKMJHPFFDV86CA,泰王段,16.90,都市：其他:道路用地,1,1,全筆移轉,08830000
RPQNMLKLJHPFFDV86CA,北橋段,2500.03,非都市：山坡地保育區 ; 非都市編定：農牧用地,1,1,全筆移轉,00170003
RPXNMLMLJHPFFAV57DA,常德段,7.59,都市：商,10000,150,持分移轉,05300000
RPWNMLLKKHPFFAV37DA,新中寮段,3.74,都市：住,1,1,全筆移轉,04870000
RPWNMLLKKHPFFAV37DA,新中寮段,92.76,都市：住,1,1,全筆移轉,04880000
RPPNMLPJKHPFFBV96CA,新竹湖段,5112.82,非都市：風景區 ; 非都市編定：農牧用地,1,1,全筆移轉,03030000
RPPNMLKKKHPFFBV56CA,萬年段,143.00,非都市：鄉村區 ; 非都市編定：乙種建築用地,1,1,全筆移轉,05470000
RPRNMLLKKHPFFAV76CA,建華段,132.13,都市：農,12,1,持分移轉,08010006
RPRNMLLKKHPFFAV76CA,建華段,1023.73,都市：農,1,1,全筆移轉,08010007
RPPNMLLLJHPFFDV86CA,都哇拔段,84.59,非都市：鄉村區 ; 非都市編定：乙種建築用地,1,1,全筆移轉,01200002
RPPNMLMKKHPFFBV76CA,北佳里段,85.10,非都市：鄉村區 ; 非都市編定：乙種建築用地,2,1,持分移轉,10030000
RPPNMLOJKHPFFCV07DA,豐泉段,129.48,都市：住,1,1,全筆移轉,03650000
RPPNMLOJKHPFFCV07DA,豐泉段,102.67,都市：住,1,1,全筆移轉,03740000
RPUNMLMLJHPFFAV17CA,豐里段,63.32,非都市：鄉村區 ; 非都市編定：乙種建築用地,1,1,全筆移轉,08330001
RPPNMLQJKHPFFAV96CA,岩灣段,162.85,都市：住,1,1,全筆移轉,03540000
RPRNMLLLJHPFFAV76CA,新生段,90.00,都市：住,1,1,全筆移轉,10680000
RPPOMLMLJHPFFAV76CA,順天段,214.40,都市：住,1,1,全筆移轉,07510007
RPSNMLPJKHPFFAV17CA,豐年段,451.51,都市：住,1,1,全筆移轉,03690000
RPXNMLOJKHPFFAV57CA,台東段,79.00,都市：住,1,1,全筆移轉,21570000
RPQNMLNJKHPFFAV76CA,中山段,70.00,都市：住,1,1,全筆移轉,09870000
RPRNMLKMJHPFFAV76CA,知本段,2500.00,非都市：特定農業區 ; 非都市編定：農牧用地,1,1,全筆移轉,82790000
RPRNMLKMJHPFFAV76CA,知本段,2787.00,非都市：特定農業區 ; 非都市編定：農牧用地,1,1,全筆移轉,82790001
RPPNMLLMJHPFFAV66CA,常德段,12.59,都市：住,10000,249,持分移轉,05300000
RPSNMLKMJHPFFAV86CA,豐航段,73.98,都市：住,1,1,全筆移轉,08700000
RPRNMLLMJHPFFAV86CA,順天段,122.39,都市：住,1,1,全筆移轉,07490008
RPRNMLLMJHPFFAV86CA,順天段,149.10,都市：住,1,1,全筆移轉,07490007
RPRNMLLMJHPFFAV86CA,順天段,129.02,都市：住,1,1,全筆移轉,07490009
RPQNMLLMJHPFFAV76CA,馬蘭段,44.25,都市：住,10000,598,持分移轉,14510000
RPTNMLLMJHPFFAV17DA,順天段,120.21,都市：住,1,1,全筆移轉,07490010
RPSNMLLMJHPFFAV96CA,順天段,381.68,都市：住,1,1,全筆移轉,07490005
RPVNMLNJKHPFFAV27CA,常德段,83.94,都市：商,1,1,全筆移轉,06010000
RPVNMLNJKHPFFAV27CA,常德段,1.77,都市：商,1,1,全筆移轉,06020000
RPPNMLLJKHPFFAV09CA,常德段,108.80,都市：住,1,1,全筆移轉,05040000
RPSNMLLKKHPFFAV86CA,建華段,1011.01,都市：農,1,1,全筆移轉,08010004
RPSNMLLKKHPFFAV86CA,建華段,132.13,都市：農,12,1,持分移轉,08010006
RPQNMLPJKHPFFAV96CA,上岩灣段,65.14,都市：住,100000,1540,持分移轉,01990000
RPQNMLPJKHPFFDV27CA,比魯段,180.00,非都市：山坡地保育區 ; 非都市編定：丙種建築用地,1,1,全筆移轉,02530000
RPSNMLQJKHPFFAV27CA,岩灣段,1935.29,都市：商,1,1,全筆移轉,02420000
RPSNMLQJKHPFFAV27CA,岩灣段,887.26,都市：商,1,1,全筆移轉,02360000
RPSNMLQJKHPFFAV27CA,岩灣段,1622.16,都市：商,1,1,全筆移轉,02410000
RPSNMLQJKHPFFAV27CA,岩灣段,173.64,都市：商,1,1,全筆移轉,02510000
RPSNMLQJKHPFFAV27CA,岩灣段,603.48,都市：商,1,1,全筆移轉,02530000
RPQNMLKKKHPFFAV56CA,龍過脈段,1690.08,非都市：山坡地保育區 ; 非都市編定：農牧用地,1,1,全筆移轉,09260000
SPQNMLOJKHPFFAV96CA,豐年段,3.44,都市：住,1,1,全筆移轉,00300009
SPQNMLOJKHPFFAV96CA,豐富段,193.25,都市：住,1,1,全筆移轉,01060000
RPPNMLRJKHPFFBV17CA,永福段,14.85,非都市：風景區 ; 非都市編定：丙種建築用地,1,1,全筆移轉,10280000
RPPNMLRJKHPFFBV17CA,永福段,4.33,非都市：風景區 ; 非都市編定：特定目的事業用地,1,1,全筆移轉,10340000
RPPNMLRJKHPFFBV17CA,永福段,39.84,非都市：風景區 ; 非都市編定：丙種建築用地,1,1,全筆移轉,10350000
RPPNMLRJKHPFFBV17CA,永福段,101.94,非都市：風景區 ; 非都市編定：丙種建築用地,1,1,全筆移轉,10360000
RPTNMLLKKHPFFAV96CA,建華段,1011.01,都市：農,1,1,全筆移轉,08010005
RPTNMLLKKHPFFAV96CA,建華段,132.13,都市：農,12,1,持分移轉,08010006
RPPNMLOJKHPFFAV76CA,南王段,119.74,都市：住,1,1,全筆移轉,05900000
RPTNMLNKKHPFFAV17CA,岩灣段,127.12,都市：住,1,1,全筆移轉,00540004
RPQNMLOJKHPFFAV86CA,豐年段,51.39,都市：住,1,1,全筆移轉,00300010
RPQNMLOJKHPFFAV86CA,豐富段,63.20,都市：住,1,1,全筆移轉,01060003
RPTNMLNJKHPFFAV07CA,台東段,70.00,都市：住,1,1,全筆移轉,04540050
RPSNMLNJKHPFFAV96CA,岩灣段,2661.60,都市：其他:車站專用區,1,1,全筆移轉,02290000
RPSNMLNJKHPFFAV96CA,岩灣段,7.47,都市：其他:廣場,1,1,全筆移轉,02290001
RPSNMLNJKHPFFAV96CA,岩灣段,3.32,都市：其他:廣場,1,1,全筆移轉,02290002
RPUNMLLMJHPFFAV17CA,自強段,122.00,都市：住,1,1,全筆移轉,07850000
RPPNMLQJKHPFFBV07CA,北都蘭段,1387.81,非都市：風景區 ; 非都市編定：農牧用地,2,1,持分移轉,02660000
RPPNMLNJKHPFFAV66CA,台東段,97.00,都市：住,1,1,全筆移轉,03390056
RPPNMLNJKHPFFAV66CA,台東段,4.00,都市：住,1,1,全筆移轉,03390122
RPRNMLQLKHPFFDV67CA,樂山段,64.38,非都市：山坡地保育區 ; 非都市編定：特定目的事業用地,1,1,全筆移轉,02100001
RPRNMLQLKHPFFDV67CA,樂山段,324.05,非都市：山坡地保育區 ; 非都市編定：特定目的事業用地,1,1,全筆移轉,02500001
RPRNMLQLKHPFFDV67CA,樂山段,926.51,非都市：山坡地保育區 ; 非都市編定：特定目的事業用地,1,1,全筆移轉,02590001
RPRNMLQLKHPFFDV67CA,樂山段,854.09,非都市：山坡地保育區 ; 非都市編定：特定目的事業用地,1,1,全筆移轉,01980001
RPRNMLQLKHPFFDV67CA,樂山段,1314.91,非都市：山坡地保育區 ; 非都市編定：特定目的事業用地,1,1,全筆移轉,02080001
RPPNMLRJKHPFFAV07CA,豐年段,871.23,都市：農,1,1,全筆移轉,02710000
RPPNMLRJKHPFFAV07CA,豐年段,408.64,都市：農,1,1,全筆移轉,02550000
RPPNMLRJKHPFFAV07CA,豐年段,21.49,都市：農,1,1,全筆移轉,02550002
RPUNMLQJKHPFFAV47CA,台東段,202.00,都市：住,1,1,全筆移轉,01790017
RPQNMLRJKHPFFAV17CA,康樂段,1088.00,非都市：特定農業區 ; 非都市編定：農牧用地,1,1,全筆移轉,00770000
RPQNMLRJKHPFFAV17CA,康樂段,1830.00,非都市：特定農業區 ; 非都市編定：農牧用地,1,1,全筆移轉,00930000
RPOOMLOJKHPFFAV76CA,豐年段,34.02,都市：農,10000,164,持分移轉,00680000
RPOOMLOJKHPFFAV76CA,豐年段,129.51,都市：住,1,1,全筆移轉,01070000
RPRNMLOJKHPFFCV17CA,電光段,2144.49,非都市：特定農業區 ; 非都市編定：農牧用地,1,1,全筆移轉,07750000
RPRNMLOJKHPFFCV17CA,電光段,8957.80,非都市：特定農業區 ; 非都市編定：農牧用地,1,1,全筆移轉,07760000
RPPOMLLKKHPFFAV66CA,旭川段,1269.07,非都市：特定農業區 ; 非都市編定：農牧用地,2,1,持分移轉,01500000
RPUNMLOJKHPFFAV27CA,豐聖段,237.93,都市：農,10,1,持分移轉,06740000
RPUNMLOJKHPFFAV27CA,豐聖段,80.25,都市：其他:公共設施保留地(道路用地),10,1,持分移轉,06740001
RPUNMLOJKHPFFAV27CA,豐聖段,166.27,都市：農,10,1,持分移轉,06740002
RPRNMLOJKHPFFAV96CA,興安段,1497.41,都市：住,1,1,全筆移轉,01210000
RPRNMLOJKHPFFAV96CA,興安段,669.99,都市：住,1,1,全筆移轉,01150000
RPPNMLPJKHPFFAV86CA,台東段,110.00,都市：住,1,1,全筆移轉,00030577
RPPNMLPJKHPFFDV17CA,秀山段,8.08,都市：其他:出租旅館區,10000,7,持分移轉,07230000
RPPNMLPJKHPFFDV17CA,秀山段,.00,都市：其他:道路用地,10000,7,持分移轉,07230001
RPSNMLRLKHPFFAV67DA,台東段,35.00,都市：住,1,1,全筆移轉,00100122
RPPNMLPJKHPFFCV07CA,電光段,1115.69,非都市：特定農業區 ; 非都市編定：農牧用地,4,1,持分移轉,09030000
RPPNMLPLKHPFFDV47DA,森永段,10540.00,非都市：山坡地保育區 ; 非都市編定：林業用地,1,1,全筆移轉,08240001
RPWNMLOJKHPFFAV47CA,中心段,131.00,都市：住,1,1,全筆移轉,02920000
RPRNMLRLKHPFFAV57DA,台東段,23.00,都市：住,1,1,全筆移轉,00100568
RPRNMLPJKHPFFAV07CA,豐年段,138.90,都市：農,1,1,全筆移轉,00570000
RPRNMLQJKHPFFAV17CA,台東段,69.00,都市：住,1,1,全筆移轉,00100328
RPQNMLQJKHPFFAV07CA,台東段,48.00,都市：住,5,3,持分移轉,01660075
RPPNMLSJKHPFFBV27CA,永福段,2884.24,非都市：風景區 ; 非都市編定：農牧用地,1,1,全筆移轉,03070000
RPQNMLPJKHPFFCV27DA,隆昌段,271.30,非都市：山坡地保育區 ; 非都市編定：農牧用地,1,1,全筆移轉,03230000
RPQNMLPJKHPFFCV27DA,隆昌段,285.02,非都市：山坡地保育區 ; 非都市編定：農牧用地,1,1,全筆移轉,03260000
RPQNMLPJKHPFFCV27DA,隆昌段,3271.90,非都市：山坡地保育區 ; 非都市編定：農牧用地,1,1,全筆移轉,03270000
RPQNMLPJKHPFFCV27DA,隆昌段,1510.29,非都市：山坡地保育區 ; 非都市編定：農牧用地,1,1,全筆移轉,03280000
RPPNMLLKKHPFFCV76CA,四維段,410.88,非都市：一般農業區 ; 非都市編定：農牧用地,1,1,全筆移轉,04320001
RPXNMLLKKHPFFAV37CA,南王段,112.46,都市：住,1,1,全筆移轉,00440007
RPPNMLQJKHPFFCV17CA,豐泉段,179.11,都市：住,1,1,全筆移轉,07870002
RPRNMLRJKHPFFAV37DA,利家段,485.00,非都市：特定農業區 ; 非都市編定：農牧用地,4311,485,持分移轉,52350000
RPSNMLRJKHPFFAV47DA,豐工段,1707.11,都市：工,1,1,全筆移轉,01450000
RPPNMLLKKHPFFBV76DA,馬稼海段,468.52,非都市：風景區 ; 非都市編定：丙種建築用地,1,1,全筆移轉,00730000
RPPNMLLKKHPFFBV76DA,馬稼海段,468.51,非都市：風景區 ; 非都市編定：丙種建築用地,1,1,全筆移轉,00730003
RPPNMLLKKHPFFBV76DA,馬稼海段,468.51,非都市：風景區 ; 非都市編定：丙種建築用地,1,1,全筆移轉,00730004
RPPNMLLKKHPFFBV76DA,馬稼海段,468.52,非都市：風景區 ; 非都市編定：丙種建築用地,1,1,全筆移轉,00730005
RPQNMLKKKHPFFBV66CA,高原段,3375.00,非都市：森林區 ; 非都市編定：農牧用地,1,1,全筆移轉,02960000
RPSNMLKKKHPFFAV76CA,中山段,88.00,都市：住,1,1,全筆移轉,06130000
RPTNMLKKKHPFFAV86CA,上岩灣段,81.96,都市：住,100000,955,持分移轉,01980000
RPWNMLNKKHPFFAV47CA,岩灣段,245.11,都市：住,1,1,全筆移轉,00290000
RPPNMLKKKHPFFAV09CA,馬蘭段,45.66,都市：住,10000,617,持分移轉,14510000
RPQNMLLKKHPFFCV86CA,慶福段,123.49,都市：住,1,1,全筆移轉,06120004
RPPNMLRJKHPFFCV37DA,南溪段,1437.31,非都市：山坡地保育區 ; 非都市編定：農牧用地,1,1,全筆移轉,01110000
RPPNMLRJKHPFFCV37DA,南溪段,6621.24,非都市：山坡地保育區 ; 非都市編定：農牧用地,1,1,全筆移轉,01130000
RPPNMLLKKHPFFDV96DA,秀山段,8.36,都市：其他:出租旅館區,10000,26,持分移轉,07280000
RPSNMLLKKHPFFCV07CA,紅葉段,10499.00,都市：其他:保護區,1,1,全筆移轉,07660000
RPSNMLLKKHPFFCV07CA,紅葉段,1028.00,都市：其他:保護區,1,1,全筆移轉,07660001
RPSNMLLKKHPFFCV07CA,紅葉段,1083.00,都市：其他:道路用地,1,1,全筆移轉,07660002
RPSNMLLKKHPFFCV07CA,紅葉段,604.00,都市：其他:保護區,1,1,全筆移轉,07670000
RPSNMLLKKHPFFCV07CA,紅葉段,4760.00,都市：其他:保護區,1,1,全筆移轉,07670001
RPSNMLLKKHPFFCV07CA,紅葉段,1872.00,都市：其他:保護區,1,1,全筆移轉,07680000
RPSNMLLKKHPFFCV07CA,紅葉段,242.00,都市：其他:保護區,1,1,全筆移轉,07680001
RPSNMLLKKHPFFCV07CA,紅葉段,127.00,都市：其他:保護區,1,1,全筆移轉,07680002
RPSNMLLKKHPFFCV07CA,紅葉段,659.00,都市：其他:道路用地,1,1,全筆移轉,07680003
RPPNMLSKKHPFFCV47CA,龍田段,284.18,都市：商,1,1,全筆移轉,12090000
RPPNMLSKKHPFFCV47CA,龍田段,136.12,都市：商,1,1,全筆移轉,12120000
RPQNMLLKKHPFFAV76DA,新生段,144.00,都市：住,1,1,全筆移轉,02360000
RPRNMLNKKHPFFAV07DA,北南王段,232.10,都市：農,1,1,全筆移轉,09510000
RPQNMLKKKHPFFCV76CA,電光段,55.14,非都市：鄉村區 ; 非都市編定：乙種建築用地,1,1,全筆移轉,06600000
RPQNMLKKKHPFFCV76CA,電光段,171.84,非都市：鄉村區 ; 非都市編定：乙種建築用地,1,1,全筆移轉,06620000
RPPNMLKKKHPFFCV66CA,康源段,364.00,非都市：鄉村區 ; 非都市編定：乙種建築用地,1,1,全筆移轉,09050001
RPRNMLKKKHPFFCV86CA,慶福段,118.39,都市：住,1,1,全筆移轉,06870008
RPPNMLMKKHPFFCV86CA,錦富段,198.00,非都市：鄉村區 ; 非都市編定：乙種建築用地,1,1,全筆移轉,03240001
RPRNMLMKKHPFFCV07CA,電光段,835.68,非都市：鄉村區 ; 非都市編定：乙種建築用地,1,1,全筆移轉,06700000
RPPNMLLKKHPFFAV56CA,知本段,3840.00,非都市：特定農業區 ; 非都市編定：農牧用地,1,1,全筆移轉,77500000
RPPNMLRKKHPFFAV27DA,中山段,38.00,都市：住,3,1,持分移轉,07810000
RPPNMLRKKHPFFAV27DA,光明段,31.67,都市：住,3,1,持分移轉,04930000
RPPNMLMKKHPFFAV66CA,鎮樂段,700.00,非都市：山坡地保育區 ; 非都市編定：丙種建築用地,1,1,全筆移轉,06150000
RPQOMLLKKHPFFAV76CA,馬蘭段,2.53,都市：住,10000,72,持分移轉,15680000
RPQOMLLKKHPFFAV76CA,馬蘭段,2.97,都市：住,10000,72,持分移轉,15700000
RPUNMLLKKHPFFAV07CA,常德段,99.95,都市：住,1,1,全筆移轉,00590000
RPUNMLMKKHPFFAV17CA,馬蘭段,12.89,都市：住,10000,269,持分移轉,16850000
RPUNMLMKKHPFFAV17CA,馬蘭段,8.26,都市：住,10000,269,持分移轉,16860000
RPRNMLOKKHPFFAV07CA,富岡段,15945.37,非都市：風景區 ; 非都市編定：農牧用地,1,1,全筆移轉,03720000
RPXNMLNKKHPFFAV57CA,下賓朗段,97.42,非都市：鄉村區 ; 非都市編定：乙種建築用地,1,1,全筆移轉,03350000
RPUNMLOKKHPFFAV37CA,建華段,132.13,都市：農,12,1,持分移轉,08010006
RPUNMLOKKHPFFAV37CA,建華段,1023.72,都市：農,1,1,全筆移轉,08010008
RPSNMLOKKHPFFAV17CA,岩灣段,497.94,都市：商,1,1,全筆移轉,02120000
RPSNMLOKKHPFFAV17CA,岩灣段,702.26,都市：商,1,1,全筆移轉,02140000
RPSNMLOKKHPFFAV17CA,岩灣段,339.93,都市：其他:車站專用區,1,1,全筆移轉,02160000
RPRNMLLLKHPFFBV96CA,萬年段,2500.00,非都市：風景區 ; 非都市編定：農牧用地,1,1,全筆移轉,12880001
