﻿鄉鎮市區,交易標的,土地位置建物門牌,土地面積平方公尺,都市土地使用分區,非都市土地使用分區,非都市土地使用編定,租賃年月日,租賃筆棟數,租賃層次,總樓層數,建物型態,主要用途,主要建材,建築完成年月,建物總面積平方公尺,建物現況格局-房,建物現況格局-廳,建物現況格局-衛,建物現況格局-隔間,有無管理組織,有無附傢俱,總額元,單價元平方公尺,車位類別,車位面積平方公尺,車位總額元,備註,編號
The villages and towns urban district,transaction sign,land sector position building sector house number plate,land shifting total area square meter,the use zoning or compiles and checks,the non-metropolis land use district,non-metropolis land use,transaction year month and day,transaction pen number,shifting level,total floor number,building state,main use,main building materials,construction to complete the years,building shifting total area,Building present situation pattern - room,building present situation pattern - hall,building present situation pattern - health,building present situation pattern - compartmented,Whether there is manages the organization,Whether there is attaches the furniture,total price NTD,the unit price (NTD / square meter),the berth category,berth shifting total area square meter,the berth total price NTD,the note,serial number
台東市,房地(土地+建物),臺東縣臺東市文化街51號5樓,196.0,商,,,1080811,土地2建物1車位0,五層,7,辦公商業大樓,見其他登記事項,鋼筋混凝土造,0841109,200.83999999999997,0,0,0,無,無,有,15000,75,,0.0,0,,RPOOMLPLJIOFFAV17CC
台東市,房地(土地+建物),臺東縣臺東市仁昌街111號,11.32,商,,,1081029,土地1建物0車位0,,13,住宅大樓(11層含以上有電梯),集合住宅,鋼筋混凝土造,0830516,85.71,4,0,1,有,有,無,8000,93,,0.0,0,含管理費.稅金及水費電費承租人自理本出租僅出租第三層全部會經電梯入二樓再入三樓,RPVNMLRLJIOFFAV97CC
台東市,房地(土地+建物),臺東縣臺東市大同路236號5樓,24.5,商,,,1081117,土地1建物1車位0,五層,6,辦公商業大樓,見其他登記事項,鋼筋混凝土造,0770822,135.07,0,0,0,無,無,無,15000,111,,0.0,0,,RPWNMLMJKIOFFAV47CC
台東市,房地(土地+建物),臺東縣臺東市正氣路159之2號,93.5,商,,,1081130,土地1建物1車位0,全,4,透天厝,見其他登記事項,見其他登記事項,1071107,79.19,0,1,2,有,無,無,12500,158,,0.0,0,承租人只承租三樓所有權人權利範圍持分1/2,RPSNMLLLKIOFFAV27DC
台東市,房地(土地+建物),臺東縣臺東市正氣路159之2號,93.5,商,,,1081130,土地1建物1車位0,全,4,透天厝,見其他登記事項,見其他登記事項,1071107,79.2,0,1,2,有,無,無,12500,158,,0.0,0,承租人只承租三樓所有權人權利範圍持分1/2,RPTNMLLLKIOFFAV37DC
台東市,房地(土地+建物),臺東縣臺東市四維路三段62號6樓,45.28,住,,,1081202,土地1建物1車位0,六層,7,辦公商業大樓,住家用,鋼筋混凝土造,0821030,248.91000000000003,0,0,0,無,無,有,31786,128,,0.0,0,含管理費、稅金或水電等費用。；,RPXNMLPLKIOFFAV08CC
