﻿編號,屋齡,建物移轉面積平方公尺,主要用途,主要建材,建築完成日期,總層數,建物分層
The serial number,room age,building shifting area square meter,the main use,main building materials,construction completes the date,total layer,building lamination
RPTNMLRJJHPFFAW67CC,10,184.50,集合住宅,鋼筋混凝土造,98年7月30日,三層,
RPTNMLMJKIOFFAW37DC,22,151.51,辦公室,鋼筋混凝土造,86年7月12日,十一層,
RPTNMLMJKIOFFAW37DC,22,45.56,共用部分,鋼筋混凝土造,86年7月12日,十一層,
