﻿鄉鎮市區,交易標的,土地位置建物門牌,土地移轉總面積平方公尺,都市土地使用分區,非都市土地使用分區,非都市土地使用編定,交易年月日,交易筆棟數,移轉層次,總樓層數,建物型態,主要用途,主要建材,建築完成年月,建物移轉總面積平方公尺,建物現況格局-房,建物現況格局-廳,建物現況格局-衛,建物現況格局-隔間,有無管理組織,總價元,單價元平方公尺,車位類別,車位移轉總面積(平方公尺),車位總價元,備註,編號,主建物面積,附屬建物面積,陽台面積,電梯,移轉編號
The villages and towns urban district,transaction sign,land sector position building sector house number plate,land shifting total area square meter,the use zoning or compiles and checks,the non-metropolis land use district,non-metropolis land use,transaction year month and day,transaction pen number,shifting level,total floor number,building state,main use,main building materials,construction to complete the years,building shifting total area,Building present situation pattern - room,building present situation pattern - hall,building present situation pattern - health,building present situation pattern - compartmented,Whether there is manages the organization,total price NTD,the unit price (NTD / square meter),the berth category,berth shifting total area square meter,the berth total price NTD,the note,serial number,,,,,
金寧鄉,房地(土地+建物),金門縣金寧鄉東坑１１之１號三樓,46.09,其他,,,1081021,土地2建物1車位0,三層,三層,公寓(5樓含以下無電梯),集合住宅,鋼筋混凝土造,1060123,81.73,3,2,2,有,無,4600000,56283,,0.0,0,,RPPNMLOLJIOFFAW96CA,66.42,0.0,8.76,,
金寧鄉,土地,北四劃段184地號,893.0,農,,,1081111,土地1建物0車位0,,,其他,,,,0.0,0,0,0,有,無,3800000,4255,,0.0,0,,RPPNMLMLJIOFFAW86DA,0.0,0.0,0.0,,
金城鎮,房地(土地+建物),金門縣金城鎮小西門46號二樓,51.15,其他,,,1081110,土地1建物1車位0,二層,三層,公寓(5樓含以下無電梯),集合住宅,鋼筋混凝土造,1030110,91.15,3,2,2,有,有,4500000,49369,,0.0,0,,RPQNMLNKJIOFFAW96DA,85.48,0.0,0.0,,
金沙鎮,土地,高坑劃測段226地號,643.11,其他,,,1081108,土地1建物0車位0,,,其他,,,,0.0,0,0,0,有,無,10280000,15985,,0.0,0,,RPRNMLOKJIOFFAW17DA,0.0,0.0,0.0,,
金湖鎮,房地(土地+建物),金門縣金湖鎮市港五路１５１號六樓之２,14.33,住,,,1081007,土地1建物1車位0,六層,九層,華廈(10層含以下有電梯),集合住宅,鋼筋混凝土造,1051123,96.63,2,2,1,有,無,6770000,70061,,0.0,0,土地及建物分次登記案件。前案土地登記收件字號：；,RPTNMLNKJIOFFAW17CA,53.31,7.69,4.84,,
金寧鄉,土地,北二三劃測段333-16地號,166.99,農,,,1081025,土地1建物0車位0,,,其他,,,,0.0,0,0,0,有,無,900000,5390,,0.0,0,,RPQNMLOKJIOFFAW96CA,0.0,0.0,0.0,,
金寧鄉,土地,北二三劃測段333-37地號,166.99,農,,,1081025,土地1建物0車位0,,,其他,,,,0.0,0,0,0,有,無,900000,5390,,0.0,0,,RPTNMLSKJIOFFAW67CA,0.0,0.0,0.0,,
金城鎮,房地(土地+建物),金門縣金城鎮民生路２５號１０樓之２,12.91,商,,,1081111,土地1建物1車位0,十層,十二層,辦公商業大樓,補習班,鋼骨混凝土造,0890821,104.88,2,1,1,有,有,6700000,63883,,0.0,0,,RPRNMLLLJIOFFAW86CA,77.45,0.0,12.69,,
金沙鎮,土地,大山段1116地號,1673.0,農,,,1081023,土地1建物0車位0,,,其他,,,,0.0,0,0,0,有,無,2600000,1554,,0.0,0,,RPPNMLLLJIOFFAW66CA,0.0,0.0,0.0,,
金城鎮,房地(土地+建物),金門縣金城鎮大古崗９６之２號,39.65,其他,,,1081003,土地2建物1車位0,一層,五層,華廈(10層含以下有電梯),集合住宅,鋼筋混凝土造,1080611,86.4,2,2,2,有,無,5000000,57870,,0.0,0,,RPVNMLSKJIOFFAW87CA,69.39,0.0,3.95,,
金寧鄉,土地,寧劃段76地號,490.69,農,,,1081114,土地1建物0車位0,,,其他,,,,0.0,0,0,0,有,無,1300000,2649,,0.0,0,,RPWNMLSKJIOFFAW97CA,0.0,0.0,0.0,,
金寧鄉,土地,寧北一劃段312地號,652.42,農,,,1081107,土地1建物0車位0,,,其他,,,,0.0,0,0,0,有,無,1470000,2253,,0.0,0,,RPQNMLTKJIOFFAW47CA,0.0,0.0,0.0,,
金湖鎮,房地(土地+建物),金門縣金湖鎮市港三路１３９號三樓,28.71,住,,,1081013,土地1建物1車位0,三層,七層,華廈(10層含以下有電梯),集合住宅,鋼筋混凝土造,1071211,135.83,3,2,2,有,無,9600000,70677,,0.0,0,,RPRNMLKLJIOFFAW76CA,89.63,0.0,9.74,,
金寧鄉,房地(土地+建物),金門縣金寧鄉安岐２９０號四樓之１,38.99,其他,,,1081105,土地1建物1車位0,四層,五層,華廈(10層含以下有電梯),集合住宅,鋼筋混凝土造,1070130,100.38999999999999,3,2,2,有,無,5362368,53415,,0.0,0,,RPRNMLSKJIOFFAW47CA,80.97,0.0,8.85,,
金城鎮,土地,古塔段74地號,756.02,其他,,,1081024,土地4建物0車位0,,,其他,,,,0.0,0,0,0,有,無,16409594,21705,,0.0,0,,RPSNMLSKJIOFFAW57CA,0.0,0.0,0.0,,
金湖鎮,房地(土地+建物),金門縣金湖鎮信義新村４９之７號,125.77,住,,,1081025,土地1建物1車位0,全,三層,透天厝,集合住宅,鋼筋混凝土造,0911028,202.36,5,2,3,有,無,7000000,34592,,0.0,0,親友、員工或其他特殊關係間之交易。；,RPSNMLQLJIOFFAW47CA,189.38,6.08,6.9,,
金寧鄉,土地,盤山村段233地號,62.67,其他,,,1081112,土地2建物0車位0,,,其他,,,,0.0,0,0,0,有,無,1692000,26999,,0.0,0,,RPSNMLLLJIOFFAW96CA,0.0,0.0,0.0,,
金城鎮,土地,東紅山段871地號,809.81,其他,,,1081030,土地1建物0車位0,,,其他,,,,0.0,0,0,0,有,無,1100000,1358,,0.0,0,,RPRNMLMLJIOFFAW96CA,0.0,0.0,0.0,,
金寧鄉,房地(土地+建物),金門縣金寧鄉安美村安岐613號,60.75,其他,,,1081105,土地1建物1車位0,一層,三層,華廈(10層含以下有電梯),集合住宅,鋼筋混凝土造,1051125,115.55,3,2,2,有,無,6250000,54089,,0.0,0,,RPRNMLTKJIOFFAW67DA,99.31,0.0,0.0,,
金沙鎮,土地,高陽段139地號,1534.84,農,,,1081029,土地1建物0車位0,,,其他,,,,0.0,0,0,0,有,無,4500000,2932,,0.0,0,,RPQNMLLLJIOFFAW76CA,0.0,0.0,0.0,,
金城鎮,土地,歐厝段6地號,602.16,農,,,1081101,土地1建物0車位0,,,其他,,,,0.0,0,0,0,有,無,1200000,1993,,0.0,0,,RPTNMLKLJIOFFAW96CA,0.0,0.0,0.0,,
金寧鄉,土地,北二三劃測段601-3地號,947.73,農,,,1081030,土地4建物0車位0,,,其他,,,,0.0,0,0,0,有,無,6000000,6331,,0.0,0,親友、員工或其他特殊關係間之交易。；,RPPNMLNJKIOFFAW76CA,0.0,0.0,0.0,,
金湖鎮,房地(土地+建物),金門縣金湖鎮新頭３２０號二樓,75.72,其他,,,1081024,土地1建物1車位0,二層,三層,華廈(10層含以下有電梯),集合住宅,鋼筋混凝土造,1070928,159.91,4,2,2,有,無,9093500,56866,,0.0,0,,RPPNMLKMJIOFFAW66CA,113.7,0.0,10.83,,
金寧鄉,土地,寧湖一劃段295地號,220.0,住,,,1081101,土地1建物0車位0,,,其他,,,,0.0,0,0,0,有,無,7500000,34091,,0.0,0,,RPVNMLLLJIOFFAW27CA,0.0,0.0,0.0,,
金湖鎮,房地(土地+建物),金門縣金湖鎮料羅新村５０９號四樓,43.79,其他,,,1081031,土地1建物1車位0,四層,五層,華廈(10層含以下有電梯),集合住宅,鋼筋混凝土造,1071210,98.97,3,1,2,有,無,4850000,49005,,0.0,0,,RPTNMLMLJIOFFAW17CA,73.13,0.0,8.57,,
金寧鄉,土地,寧安四劃段79地號,466.67,農,,,1081103,土地1建物0車位0,,,其他,,,,0.0,0,0,0,有,無,1000000,2143,,0.0,0,,RPQOMLQLJIOFFAW37CA,0.0,0.0,0.0,,
金城鎮,房地(土地+建物),金門縣金城鎮西海路三段７２巷４弄１３號,131.38,農,,,1081028,土地2建物1車位0,全,三層,透天厝,住家用,鋼筋混凝土加強磚造,0831011,195.86,6,3,3,有,無,7700000,39314,,0.0,0,,RPQNMLOLJIOFFAW07CA,178.89,0.0,16.97,,
金寧鄉,土地,龍潭段1246地號,1325.03,農,,,1081105,土地3建物0車位0,,,其他,,,,0.0,0,0,0,有,無,1200000,906,,0.0,0,,RPSNMLPLJIOFFAW37CA,0.0,0.0,0.0,,
金湖鎮,土地,湖前段562地號,125.02,其他,,,1081115,土地1建物0車位0,,,其他,,,,0.0,0,0,0,有,無,3125781,25002,,0.0,0,,RPQNMLMLJIOFFAW96DA,0.0,0.0,0.0,,
金寧鄉,土地,北四劃段602-1地號,347.0,農,,,1081107,土地2建物0車位0,,,其他,,,,0.0,0,0,0,有,無,1800000,5187,,0.0,0,,RPQNMLPLJIOFFAW27DA,0.0,0.0,0.0,,
金城鎮,房地(土地+建物),金門縣金城鎮山前６５號三樓,44.17,農,,,1081106,土地1建物1車位0,三層,三層,公寓(5樓含以下無電梯),集合住宅,鋼筋混凝土造,1031222,82.67,3,1,1,有,無,5000000,60481,,0.0,0,,RPPNMLPLJIOFFAW07CA,62.71,0.0,2.52,,
金湖鎮,土地,太湖劃測段1156-1地號,541.77,農,,,1081108,土地1建物0車位0,,,其他,,,,0.0,0,0,0,有,無,1988000,3669,,0.0,0,,RPSNMLMLJIOFFAW07CA,0.0,0.0,0.0,,
金湖鎮,房地(土地+建物),金門縣金湖鎮新頭３１８號二樓,79.04,其他,,,1081024,土地1建物1車位0,二層,三層,華廈(10層含以下有電梯),集合住宅,鋼筋混凝土造,1070928,166.43,4,2,2,有,無,9465800,56876,,0.0,0,,RPQNMLKMJIOFFAW76CA,113.99,0.0,15.63,,
金湖鎮,房地(土地+建物),金門縣金湖鎮環島北路三段７５號,947.0,農,,,1081008,土地2建物1車位0,一層，二層，屋頂突出物,二層,農舍,農舍,鋼筋混凝土造,1031002,180.73,5,2,3,有,無,12000000,,,0.0,0,,RPRNMLQLJIOFFAW37CA,175.82,0.0,4.91,,
金湖鎮,房地(土地+建物),金門縣金湖鎮夏興５－２號,71.0,其他,,,1081104,土地1建物1車位0,全,三層,透天厝,住家用,鋼筋混凝土造,1081003,136.43,4,1,5,有,無,7000000,51308,,0.0,0,土地及建物分次登記案件。前案土地登記收件字號：；,RPVNMLMLJIOFFAW37CA,130.59,0.0,5.84,,
金沙鎮,土地,沙田劃段415-2地號,1014.48,其他,,,1081021,土地2建物0車位0,,,其他,,,,0.0,0,0,0,有,無,23000000,22672,,0.0,0,,RPWNMLMLJIOFFAW47CA,0.0,0.0,0.0,,
金湖鎮,土地,太湖劃測段1418地號,493.56,農,,,1081118,土地1建物0車位0,,,其他,,,,0.0,0,0,0,有,無,1500000,3039,,0.0,0,,RPTNMLRLJIOFFAW67CA,0.0,0.0,0.0,,
金寧鄉,土地,西山段609-1地號,1008.95,農,,,1081112,土地2建物0車位0,,,其他,,,,0.0,0,0,0,有,無,15000000,14867,,0.0,0,,RPQOMLTLJIOFFAW67CA,0.0,0.0,0.0,,
金湖鎮,土地,太湖劃測段1418地號,493.56,農,,,1081118,土地1建物0車位0,,,其他,,,,0.0,0,0,0,有,無,1800000,3647,,0.0,0,,RPUNMLRLJIOFFAW77CA,0.0,0.0,0.0,,
金沙鎮,房地(土地+建物),金門縣金沙鎮陽翟１４３號,144.08,其他,,,1081118,土地3建物1車位0,全,三層,透天厝,集合住宅,鋼筋混凝土造,1080617,157.96,4,2,3,有,無,9200000,58243,,0.0,0,土地及建物分次登記案件。前案土地登記收件字號：；,RPSNMLSLJIOFFAW67CA,146.03,0.0,11.93,,
金城鎮,土地,古區測段40地號,259.33,其他,,,1080722,土地1建物0車位0,,,其他,,,,0.0,0,0,0,有,無,1582000,6100,,0.0,0,土地價購,RPPNMLQLJIOFFAW17CA,0.0,0.0,0.0,,
金城鎮,土地,古區測段41地號,170.0,其他,,,1080722,土地1建物0車位0,,,其他,,,,0.0,0,0,0,有,無,1021000,6006,,0.0,0,土地價購,RPQNMLQLJIOFFAW27CA,0.0,0.0,0.0,,
金寧鄉,房地(土地+建物),金門縣金寧鄉頂埔下８６之１號四樓,53.02,其他,,,1081001,土地2建物1車位0,四層,四層,華廈(10層含以下有電梯),集合住宅,鋼筋混凝土造,1080523,117.11000000000001,3,2,2,有,無,8400000,71727,,0.0,0,,RPROMLQLJIOFFAW47CA,91.26,0.0,6.5,,
金沙鎮,房地(土地+建物),金門縣金沙鎮陽翟１４５號,150.58,其他,,,1081112,土地3建物1車位0,全,三層,透天厝,集合住宅,鋼筋混凝土造,1080617,157.96,4,2,3,有,無,9200000,58243,,0.0,0,土地及建物分次登記案件。前案土地登記收件字號：；,RPWNMLSLJIOFFAW08CA,146.03,0.0,11.93,,
金寧鄉,房地(土地+建物),金門縣金寧鄉下堡２２７號三樓,62.01,其他,,,1081119,土地1建物1車位0,三層,三層,公寓(5樓含以下無電梯),集合住宅,鋼筋混凝土造,1061116,99.67,3,2,2,有,無,5000000,50166,,0.0,0,土地及建物分次登記案件。前案土地登記收件字號：；,RPRNMLRLJIOFFAW47CA,78.23,0.0,13.1,,
金沙鎮,房地(土地+建物),金門縣金沙鎮陽翟１４６號,140.38,其他,,,1081118,土地3建物1車位0,全,三層,透天厝,集合住宅,鋼筋混凝土造,1080617,157.96,4,2,3,有,無,9200000,58243,,0.0,0,土地及建物分次登記案件。前案土地登記收件字號：；,RPUNMLSLJIOFFAW87CA,146.03,0.0,11.93,,
金城鎮,房地(土地+建物),金門縣金城鎮金門城２０６號二樓,42.02,其他,,,1081029,土地1建物1車位0,二層,五層,華廈(10層含以下有電梯),集合住宅,鋼筋混凝土造,1080424,93.63000000000001,3,1,2,有,無,5300000,56606,,0.0,0,,RPQOMLSLJIOFFAW57CA,70.22,0.0,10.9,,
金湖鎮,房地(土地+建物)+車位,金門縣金湖鎮市港三路１４１號四樓,31.64,住,,,1081120,土地1建物1車位2,四層,七層,華廈(10層含以下有電梯),集合住宅,鋼筋混凝土造,1071211,160.54,3,2,2,有,無,11100000,68961,坡道機械,14.08,1000000,,RPRNMLTLJIOFFAW67CA,96.17,0.0,10.71,,
金沙鎮,房地(土地+建物),金門縣金沙鎮陽翟１４７號,137.98,其他,,,1081118,土地3建物1車位0,全,三層,透天厝,集合住宅,鋼筋混凝土造,1080617,162.86,4,2,3,有,無,9200000,56490,,0.0,0,土地及建物分次登記案件。前案土地登記收件字號：；,RPOOMLSLJIOFFAW37CA,150.55,0.0,12.31,,
金城鎮,房地(土地+建物),金門縣金城鎮金門城２０６號五樓,42.02,其他,,,1081024,土地1建物1車位0,五層,五層,華廈(10層含以下有電梯),集合住宅,鋼筋混凝土造,1080424,93.63000000000001,3,1,2,有,無,4930000,52654,,0.0,0,,RPPOMLSLJIOFFAW47CA,70.22,0.0,10.9,,
金湖鎮,房地(土地+建物),金門縣金湖鎮料羅新村６０７號四樓,31.68,其他,,,1081007,土地1建物1車位0,四層,四層,華廈(10層含以下有電梯),集合住宅,鋼筋混凝土造,1070118,60.51,2,1,1,有,無,3330000,55032,,0.0,0,,RPPOMLTLJIOFFAW57CA,47.81,0.0,4.92,,
金寧鄉,房地(土地+建物),金門縣金寧鄉下埔下７之１號,213.4,其他,,,1081108,土地1建物1車位0,一層,一層,其他,住家用,加強磚造,0560828,24.78,4,2,1,有,無,4700000,189669,,0.0,0,親友、員工或其他特殊關係間之交易。；一樓平房,RPQNMLMJKIOFFAW76CA,24.2,0.0,0.58,,
金寧鄉,土地,安西劃段887-1地號,327.43,農,,,1081106,土地1建物0車位0,,,其他,,,,0.0,0,0,0,有,無,720000,2199,,0.0,0,,RPPNMLPJKIOFFAW96CA,0.0,0.0,0.0,,
金湖鎮,房地(土地+建物),金門縣金湖鎮巿港三路１５５號六樓之１,23.01,住,,,1081105,土地1建物1車位0,六層,八層,華廈(10層含以下有電梯),集合住宅,鋼筋混凝土造,1060412,118.11,0,0,0,無,無,7900000,66887,,0.0,0,,RPQNMLNLKIOFFAW07CA,78.29,0.0,8.08,,
金湖鎮,房地(土地+建物),金門縣金湖鎮巿港三路１５５號六樓之２,9.37,住,,,1081105,土地1建物1車位0,六層,八層,套房(1房1廳1衛),集合住宅,鋼筋混凝土造,1060412,52.400000000000006,1,1,1,有,無,3200000,61069,,0.0,0,,SPQNMLNLKIOFFAW17CA,30.1,0.0,5.1,,
金湖鎮,房地(土地+建物),金門縣金湖鎮巿港三路１５５號六樓之３,17.67,住,,,1081105,土地1建物1車位0,六層,八層,華廈(10層含以下有電梯),集合住宅,鋼筋混凝土造,1060412,91.66,0,0,0,無,無,6000000,65459,,0.0,0,,TPQNMLNLKIOFFAW27CA,60.2,0.0,5.1,,
金湖鎮,房地(土地+建物),金門縣金湖鎮巿港三路１５５號六樓之５,21.54,住,,,1081105,土地1建物1車位0,六層,八層,華廈(10層含以下有電梯),集合住宅,鋼筋混凝土造,1060412,110.74,0,0,0,無,無,7390000,66733,,0.0,0,,UPQNMLNLKIOFFAW37CA,72.24,0.0,9.39,,
金沙鎮,土地,蔡厝劃測段88地號,1540.0,農,,,1081116,土地1建物0車位0,,,其他,,,,0.0,0,0,0,有,無,3600000,2338,,0.0,0,,RPSNMLTLJIOFFAW77CA,0.0,0.0,0.0,,
金寧鄉,土地,寧山段463地號,417.36,農,,,1081112,土地1建物0車位0,,,其他,,,,0.0,0,0,0,有,無,1880000,4505,,0.0,0,,RPXNMLTLJIOFFAW28CA,0.0,0.0,0.0,,
金湖鎮,土地,太湖劃測段1761地號,1000.01,農,,,1081111,土地1建物0車位0,,,其他,,,,0.0,0,0,0,有,無,4500000,4500,,0.0,0,,RPSNMLKKKIOFFAW96DA,0.0,0.0,0.0,,
金湖鎮,土地,太湖劃測段1760地號,1360.76,農,,,1081111,土地2建物0車位0,,,其他,,,,0.0,0,0,0,有,無,6500000,4777,,0.0,0,,RPTNMLKKKIOFFAW07DA,0.0,0.0,0.0,,
金沙鎮,土地,榮湖段338地號,96.72,農,,,1081122,土地14建物0車位0,,,其他,,,,0.0,0,0,0,有,無,179008,1851,,0.0,0,,RPRNMLOJKIOFFAW17DA,0.0,0.0,0.0,,
金城鎮,房地(土地+建物),金門縣金城鎮浴井85號二樓,43.03,其他,,,1081021,土地1建物1車位0,二層,三層,公寓(5樓含以下無電梯),集合住宅,鋼筋混凝土造,1080520,75.77,2,2,2,有,無,5100000,67309,,0.0,0,,RPVNMLTJKIOFFAW08DA,61.34,0.0,7.51,,
金寧鄉,土地,安西劃段790地號,463.98,農,,,1081024,土地1建物0車位0,,,其他,,,,0.0,0,0,0,有,無,2680000,5776,,0.0,0,,RPQNMLPJKIOFFAW07CA,0.0,0.0,0.0,,
金寧鄉,土地,安岐村測段212地號,412.03,其他,,,1081122,土地1建物0車位0,,,其他,,,,0.0,0,0,0,有,無,8000000,19416,,0.0,0,,RPRNMLMJKIOFFAW86CA,0.0,0.0,0.0,,
金城鎮,土地,珠山段413地號,242.68,農,,,1081120,土地1建物0車位0,,,其他,,,,0.0,0,0,0,有,無,364000,1500,,0.0,0,,RPQNMLNJKIOFFAW86CA,0.0,0.0,0.0,,
金寧鄉,土地,北四劃段226地號,733.0,農,,,1081022,土地1建物0車位0,,,其他,,,,0.0,0,0,0,有,無,3150000,4297,,0.0,0,,RPRNMLKKKIOFFAW76CA,0.0,0.0,0.0,,
金湖鎮,土地,太武段368-3地號,3336.5,其他,,,1081113,土地7建物0車位0,,,其他,,,,0.0,0,0,0,有,無,4000000,1199,,0.0,0,,RPPNMLNKKIOFFAW86CA,0.0,0.0,0.0,,
金城鎮,土地,奎星樓段336地號,20.74,商,,,1081010,土地2建物0車位0,,,其他,,,,0.0,0,0,0,有,無,1375393,66316,,0.0,0,親友、員工或其他特殊關係間之交易。；含增建或未登記建物。；,RPUNMLKKKIOFFAW07CA,0.0,0.0,0.0,,
金湖鎮,土地,陳坑段576地號,112.69,其他,,,1081120,土地2建物0車位0,,,其他,,,,0.0,0,0,0,有,無,1915792,17001,,0.0,0,,RPRNMLPJKIOFFAW17CA,0.0,0.0,0.0,,
金寧鄉,房地(土地+建物),金門縣金寧鄉安岐２９０號四樓之１,38.99,其他,,,1081119,土地1建物1車位0,四層,五層,華廈(10層含以下有電梯),集合住宅,鋼筋混凝土造,1070130,100.38999999999999,3,2,2,有,無,5600000,55782,,0.0,0,,RPTNMLPJKIOFFAW37CA,80.97,0.0,8.85,,
金寧鄉,房地(土地+建物),金門縣金寧鄉環島西路二段５５１巷１０１弄１１之５號,651.27,農,,,1081113,土地4建物1車位0,一層，二層，三層,三層,農舍,集村農舍,鋼筋混凝土造,1031002,207.79,8,2,4,有,無,11000000,,,0.0,0,,RPWNMLKKKIOFFAW27CA,196.08,0.0,11.71,,
金沙鎮,土地,榮湖段1416地號,534.5,農,,,1081106,土地1建物0車位0,,,其他,,,,0.0,0,0,0,有,無,1000000,1871,,0.0,0,,RPPNMLOJKIOFFAW86CA,0.0,0.0,0.0,,
金湖鎮,房地(土地+建物),金門縣金湖鎮新頭３１２號二樓,67.08,其他,,,1081118,土地1建物1車位0,二層,三層,華廈(10層含以下有電梯),集合住宅,鋼筋混凝土造,1070928,141.25,3,2,2,有,無,8033000,56871,,0.0,0,,RPPNMLMLKIOFFAW86CA,88.42,0.0,21.44,,
金湖鎮,房地(土地+建物)+車位,金門縣金湖鎮新頭３００號,188.3,其他,,,1081118,土地1建物1車位6,一層，二層，三層,三層,華廈(10層含以下有電梯),集合住宅,鋼筋混凝土造,1070928,335.68,4,2,2,有,無,18886000,56262,坡道平面,83.88,0,,RPQNMLMLKIOFFAW96CA,196.59,0.0,19.54,,
金湖鎮,房地(土地+建物),金門縣金湖鎮新頭３１６號二樓,56.12,其他,,,1081118,土地1建物1車位0,二層,三層,華廈(10層含以下有電梯),集合住宅,鋼筋混凝土造,1070928,118.95,3,2,2,有,無,6764000,56864,,0.0,0,,RPRNMLMLKIOFFAW07CA,85.15,0.0,7.55,,
金湖鎮,房地(土地+建物),金門縣金湖鎮市港三路２２７號２樓之１,12.17,住,,,1081004,土地1建物1車位0,二層,八層,套房(1房1廳1衛),集合住宅,鋼筋混凝土造,1041125,66.03,1,1,1,有,有,4000000,60579,,0.0,0,,RPVNMLOLKIOFFAW67CA,36.64,0.0,4.65,,
金寧鄉,土地,后沙劃測段602-1地號,176.0,其他,,,1071112,土地2建物0車位0,,,其他,,,,0.0,0,0,0,有,無,2000000,11364,,0.0,0,,RPRNMLKMKIOFFAW96CA,0.0,0.0,0.0,,
金沙鎮,土地,沙港劃段416地號,1000.03,農,,,1081118,土地1建物0車位0,,,其他,,,,0.0,0,0,0,有,無,6500000,6500,,0.0,0,,RPQNMLOJKIOFFAW07DA,0.0,0.0,0.0,,
金沙鎮,房地(土地+建物),金門縣金寧鄉環島北路一段３７５號,1170.56,其他,,,1081112,土地6建物1車位0,一層，二層，三層,三層,其他,集村農舍,鋼筋混凝土造,1030716,197.98,6,1,4,有,無,9000000,45459,,0.0,0,集村農舍,RPUNMLPJKIOFFAW47CA,183.23,0.0,14.75,,
金沙鎮,房地(土地+建物),金門縣金沙鎮蔡厝２２號,188.0,其他,,,1081121,土地1建物1車位0,全,三層,透天厝,住家用,鋼筋混凝土造,0740815,313.88,8,5,7,有,無,12000000,38231,,0.0,0,親友、員工或其他特殊關係間之交易。；,RPPNMLQJKIOFFAW07CA,301.49,4.3,8.09,,
金城鎮,房地(土地+建物),金門縣金城鎮小西門５０之３號三樓,50.11,其他,,,1081119,土地1建物1車位0,三層,三層,公寓(5樓含以下無電梯),集合住宅,鋼筋混凝土造,1070723,87.41000000000001,2,2,2,有,無,5000000,57202,,0.0,0,土地及建物分次登記案件。前案土地登記收件字號：；,RPRNMLQJKIOFFAW27CA,69.1,0.0,11.3,,
金湖鎮,房地(土地+建物),金門縣金湖鎮料羅新村５０８號,43.85,其他,,,1081104,土地1建物1車位0,一層,五層,華廈(10層含以下有電梯),集合住宅,鋼筋混凝土造,1071210,98.97,3,1,2,有,無,5100000,51531,,0.0,0,,RPRNMLTJKIOFFAW57CA,73.13,0.0,8.57,,
金寧鄉,房地(土地+建物),金門縣金寧鄉榜林６之１３號,58.49,其他,,,1081128,土地1建物1車位0,一層,四層,華廈(10層含以下有電梯),集合住宅,鋼筋混凝土造,1081003,120.63,3,1,2,有,無,8000000,66324,,0.0,0,,RPSNMLTJKIOFFAW67CA,84.04,0.0,3.57,,
金寧鄉,房地(土地+建物),金門縣金寧鄉榜林６之１３號三樓,58.49,其他,,,1081128,土地1建物1車位0,三層,四層,華廈(10層含以下有電梯),集合住宅,鋼筋混凝土造,1081003,125.85,3,1,2,有,無,7500000,59599,,0.0,0,,RPTNMLTJKIOFFAW77CA,84.04,0.0,8.79,,
金湖鎮,房地(土地+建物),金門縣金湖鎮料羅新村５０９號,43.85,其他,,,1081104,土地1建物1車位0,一層,五層,華廈(10層含以下有電梯),集合住宅,鋼筋混凝土造,1071210,98.97,3,1,2,有,無,5100000,51531,,0.0,0,,RPQNMLTJKIOFFAW47CA,73.13,0.0,8.57,,
金城鎮,土地,延平段525地號,644.04,農,,,1081122,土地1建物0車位0,,,其他,,,,0.0,0,0,0,有,無,4500000,6987,,0.0,0,,RPQNMLKMKIOFFAW86CA,0.0,0.0,0.0,,
金湖鎮,房地(土地+建物),金門縣金湖鎮市港三路２３９號八樓,19.95,住,,,1081115,土地1建物1車位0,八層,八層,華廈(10層含以下有電梯),集合住宅,鋼筋混凝土造,1050421,102.55000000000001,3,2,2,有,無,6800000,66309,,0.0,0,土地及建物分次登記案件。前案土地登記收件字號：；,RPROMLLKKIOFFAW96CA,69.35,2.38,8.06,,
金沙鎮,房地(土地+建物),金門縣金沙鎮陽翟１３８號,123.58,其他,,,1081104,土地3建物1車位0,全,三層,透天厝,集合住宅,鋼筋混凝土造,1080617,157.96,4,2,3,有,無,8600000,54444,,0.0,0,土地及建物分次登記案件。前案土地登記收件字號：；,RPQNMLLKKIOFFAW76CA,146.03,0.0,11.93,,
金湖鎮,房地(土地+建物)+車位,金門縣金湖鎮市港三路１３９號五樓,29.06,住,,,1081129,土地1建物1車位2,五層,七層,華廈(10層含以下有電梯),集合住宅,鋼筋混凝土造,1071211,149.91,3,2,2,有,無,10800000,72149,坡道機械,14.08,1000000,,RPTNMLLKKIOFFAW07CA,89.63,0.0,9.74,,
金寧鄉,房地(土地+建物),金門縣金寧鄉東坑１１之２號三樓,46.09,其他,,,1081022,土地1建物1車位0,三層,三層,公寓(5樓含以下無電梯),集合住宅,鋼筋混凝土造,1060123,81.73,2,2,2,有,無,4700000,57506,,0.0,0,土地及建物分次登記案件。前案土地登記收件字號：；,RPWNMLLKKIOFFAW37CA,66.42,0.0,8.76,,
金寧鄉,土地,中一段338地號,573.66,農,,,1081115,土地3建物0車位0,,,其他,,,,0.0,0,0,0,有,無,7500000,13074,,0.0,0,親友、員工或其他特殊關係間之交易。；,RPPNMLQKKIOFFAW17CA,0.0,0.0,0.0,,
金寧鄉,土地,中三劃測段625地號,483.51,農,,,1081115,土地1建物0車位0,,,其他,,,,0.0,0,0,0,有,無,3100000,6411,,0.0,0,親友、員工或其他特殊關係間之交易。；,RPQNMLQKKIOFFAW27CA,0.0,0.0,0.0,,
金城鎮,土地,小西門劃測段1143-7地號,269.19,住,,,1081120,土地1建物0車位0,,,其他,,,,0.0,0,0,0,有,無,4546350,16889,,0.0,0,,RPRNMLQKKIOFFAW37CA,0.0,0.0,0.0,,
金城鎮,土地,小西門劃測段1143-1地號,646.23,住,,,1081120,土地1建物0車位0,,,其他,,,,0.0,0,0,0,有,無,8530236,13200,,0.0,0,,RPSNMLQKKIOFFAW47CA,0.0,0.0,0.0,,
烈嶼鄉,土地,青岐段635地號,164.0,住,,,1081128,土地1建物0車位0,,,其他,,,,0.0,0,0,0,有,無,1000000,6098,,0.0,0,,RPQOMLLKKIOFFAW86CA,0.0,0.0,0.0,,
金沙鎮,土地,北九十劃段141-1地號,293.53,農,,,1081127,土地2建物0車位0,,,其他,,,,0.0,0,0,0,有,無,997989,3400,,0.0,0,,RPQNMLOLKIOFFAW17CA,0.0,0.0,0.0,,
金沙鎮,土地,北九十劃段230地號,976.69,農,,,1081127,土地1建物0車位0,,,其他,,,,0.0,0,0,0,有,無,1600000,1638,,0.0,0,,RPRNMLOLKIOFFAW27CA,0.0,0.0,0.0,,
金湖鎮,房地(土地+建物)+車位,金門縣金湖鎮市港三路２４５號七樓,26.01,住,,,1081104,土地1建物1車位2,七層,七層,華廈(10層含以下有電梯),集合住宅,鋼筋混凝土造,1061213,149.57999999999998,3,2,2,有,無,7000000,46798,其他,34.08,0,親友、員工或其他特殊關係間之交易。；,RPPNMLKKJHPFFAW09CA,79.81,1.22,8.02,,
金湖鎮,土地,市港段108地號,31.56,住,,,1081107,土地1建物0車位0,,,其他,,,,0.0,0,0,0,有,無,1500000,47529,,0.0,0,,RPXNMLSKKIOFFAW18CA,0.0,0.0,0.0,,
金沙鎮,土地,榮湖段1374地號,1449.09,農,,,1081129,土地2建物0車位0,,,其他,,,,0.0,0,0,0,有,無,3900000,2691,,0.0,0,,RPPNMLSKKIOFFAW37CA,0.0,0.0,0.0,,
金湖鎮,土地,士校段1112地號,216.0,其他,,,1081127,土地1建物0車位0,,,其他,,,,0.0,0,0,0,有,無,3024000,14000,,0.0,0,,RPQNMLSKKIOFFAW47CA,0.0,0.0,0.0,,
金湖鎮,土地,市港段108地號,29.23,住,,,1081107,土地1建物0車位0,,,其他,,,,0.0,0,0,0,有,無,1400000,47896,,0.0,0,,RPOOMLSKKIOFFAW37CA,0.0,0.0,0.0,,
金湖鎮,土地,市港段108地號,36.12,住,,,1081107,土地1建物0車位0,,,其他,,,,0.0,0,0,0,有,無,1720000,47619,,0.0,0,,RPPOMLSKKIOFFAW47CA,0.0,0.0,0.0,,
金湖鎮,土地,市港段108地號,31.56,住,,,1081107,土地1建物0車位0,,,其他,,,,0.0,0,0,0,有,無,1500000,47529,,0.0,0,,RPQOMLSKKIOFFAW57CA,0.0,0.0,0.0,,
金寧鄉,土地,寧安二劃段360地號,666.67,農,,,1081205,土地1建物0車位0,,,其他,,,,0.0,0,0,0,有,無,4660000,6990,,0.0,0,,RPRNMLRKKIOFFAW47CA,0.0,0.0,0.0,,
金城鎮,土地,金門城測段771地號,49.57,其他,,,1081203,土地1建物0車位0,,,其他,,,,0.0,0,0,0,有,無,1080000,21787,,0.0,0,,RPUNMLNLKIOFFAW47CA,0.0,0.0,0.0,,
金湖鎮,土地,市港段108地號,29.23,住,,,1081107,土地1建物0車位0,,,其他,,,,0.0,0,0,0,有,無,1400000,47896,,0.0,0,,RPROMLSKKIOFFAW67CA,0.0,0.0,0.0,,
金湖鎮,土地,市港段108地號,36.12,住,,,1081107,土地1建物0車位0,,,其他,,,,0.0,0,0,0,有,無,1720000,47619,,0.0,0,,RPSOMLSKKIOFFAW77CA,0.0,0.0,0.0,,
金湖鎮,土地,市港段108地號,31.56,住,,,1081107,土地1建物0車位0,,,其他,,,,0.0,0,0,0,有,無,1500000,47529,,0.0,0,,RPTOMLSKKIOFFAW87CA,0.0,0.0,0.0,,
金湖鎮,土地,市港段108地號,29.23,住,,,1081107,土地1建物0車位0,,,其他,,,,0.0,0,0,0,有,無,1400000,47896,,0.0,0,,RPUOMLSKKIOFFAW97CA,0.0,0.0,0.0,,
金湖鎮,房地(土地+建物),金門縣金湖鎮環島南路塔后段４巷９號,114.88,住,,,1081210,土地3建物1車位0,全,三層,透天厝,店舖、住宅,鋼筋混凝土造,0970306,190.46,3,2,2,有,無,13500000,70881,,0.0,0,,RPPNMLTKKIOFFAW47CA,177.58,0.0,12.88,,
金湖鎮,房地(土地+建物)+車位,金門縣金湖鎮市港五路１３８號十樓之２,18.91,商,,,1081210,土地1建物1車位2,十層,十層,華廈(10層含以下有電梯),集合住宅,鋼筋混凝土造,1051206,134.69,3,1,2,有,無,8400000,62365,坡道機械,17.34,0,土地及建物分次登記案件。前案土地登記收件字號：；,RPUNMLSKKIOFFAW87CA,65.7,5.61,13.19,,
金城鎮,土地,吳厝村測段145地號,112.2,其他,,,1081203,土地1建物0車位0,,,其他,,,,0.0,0,0,0,有,無,2000000,17825,,0.0,0,,RPVNMLSKKIOFFAW97CA,0.0,0.0,0.0,,
金湖鎮,房地(土地+建物),金門縣金湖鎮環島南路五段１３３號,97.28,其他,,,1081028,土地1建物1車位0,全,三層,透天厝,集合住宅,鋼筋混凝土造,1061117,171.97,4,1,5,有,無,12000000,69780,,0.0,0,,RPWNMLSKKIOFFAW08CA,158.67,13.3,0.0,,
金湖鎮,房地(土地+建物),金門縣金湖鎮環島南路五段１３５號,111.81,其他,,,1081028,土地1建物1車位0,全,三層,透天厝,集合住宅,鋼筋混凝土造,1061117,196.91,4,1,5,有,無,15500000,78716,,0.0,0,,SPWNMLSKKIOFFAW18CA,171.93,0.0,24.98,,
金湖鎮,房地(土地+建物),金門縣金湖鎮環島南路五段１３７號,96.48,其他,,,1081028,土地1建物1車位0,全,三層,透天厝,集合住宅,鋼筋混凝土造,1061117,171.93,4,1,5,有,無,15000000,87245,,0.0,0,,TPWNMLSKKIOFFAW28CA,171.93,0.0,0.0,,
烈嶼鄉,土地,烈濱劃測段724地號,1648.49,農,,,1081122,土地3建物0車位0,,,其他,,,,0.0,0,0,0,有,無,9100000,5520,,0.0,0,,RPXNMLQKKIOFFAW97CA,0.0,0.0,0.0,,
金湖鎮,土地,中六劃段65地號,820.0,其他,,,1081213,土地1建物0車位0,,,其他,,,,0.0,0,0,0,有,無,6500000,7927,,0.0,0,,RPRNMLTJJHPFFAW57DA,0.0,0.0,0.0,,
金城鎮,土地,延平段93地號,205.05,其他,,,1081022,土地1建物0車位0,,,其他,,,,0.0,0,0,0,有,無,600000,2926,,0.0,0,,RPRNMLSKKIOFFAW57CA,0.0,0.0,0.0,,
金寧鄉,房地(土地+建物),金門縣金寧鄉榜林６之１３號二樓,58.49,其他,,,1081203,土地1建物1車位0,二層,四層,華廈(10層含以下有電梯),集合住宅,鋼筋混凝土造,1081003,125.85,3,1,2,有,無,7450000,59202,,0.0,0,,RPSNMLSKKIOFFAW67CA,84.04,0.0,8.79,,
金湖鎮,土地,市港段108地號,36.12,住,,,1081107,土地1建物0車位0,,,其他,,,,0.0,0,0,0,有,無,1720000,47619,,0.0,0,,RPVOMLSKKIOFFAW08CA,0.0,0.0,0.0,,
金沙鎮,土地,蔡厝劃測段25地號,534.03,農,,,1081127,土地1建物0車位0,,,其他,,,,0.0,0,0,0,有,無,2200000,4120,,0.0,0,,RPWOMLSKKIOFFAW18CA,0.0,0.0,0.0,,
金城鎮,土地,金門城測段873地號,196.33,其他,,,1081128,土地2建物0車位0,,,其他,,,,0.0,0,0,0,有,無,3661740,18651,,0.0,0,,RPTNMLNLKIOFFAW37CA,0.0,0.0,0.0,,
金湖鎮,房地(土地+建物),金門縣金湖鎮復興路１之３９號４樓,28.5,住,,,1081115,土地1建物1車位0,四層,五層,公寓(5樓含以下無電梯),住家用,鋼筋混凝土造,0870217,102.83,3,1,2,有,無,5000000,48624,,0.0,0,,RPPNMLKLKIOFFAW66CA,81.25,0.0,10.56,,
金湖鎮,土地,中五劃段159地號,1056.3,農,,,1081126,土地1建物0車位0,,,其他,,,,0.0,0,0,0,有,無,6100000,5775,,0.0,0,,RPXOMLSKKIOFFAW28CA,0.0,0.0,0.0,,
金沙鎮,土地,官嶼劃段280-1地號,1000.0,農,,,1081203,土地2建物0車位0,,,其他,,,,0.0,0,0,0,有,無,2800000,2800,,0.0,0,,RPOPMLSKKIOFFAW47CA,0.0,0.0,0.0,,
金城鎮,房地(土地+建物),金門縣金城鎮庵前４３之５號二樓,24.27,其他,,,1081108,土地1建物1車位0,二層,三層,公寓(5樓含以下無電梯),集合住宅,鋼筋混凝土造,1050108,47.74,1,1,1,有,無,3100000,64935,,0.0,0,,RPSNMLTKKIOFFAW77CA,41.06,0.0,3.18,,
金城鎮,土地,中一段51地號,417.2,其他,,,1081105,土地1建物0車位0,,,其他,,,,0.0,0,0,0,有,無,5300000,12704,,0.0,0,,RPPNMLKMKIOFFAW76CA,0.0,0.0,0.0,,
金湖鎮,房地(土地+建物),金門縣金湖鎮黃海路1之5號,72.01,商,,,1081206,土地1建物1車位0,一層，二層，騎樓,二層,店面(店鋪),住商用,鋼筋混凝土造,0680315,127.92,0,0,0,無,無,14000000,109443,,0.0,0,,RPQNMLLMKIOFFAW96CA,127.92,0.0,0.0,,
金寧鄉,土地,寧北一劃段198地號,977.06,農,,,1081120,土地1建物0車位0,,,其他,,,,0.0,0,0,0,有,無,2600000,2661,,0.0,0,,RPRNMLRLKIOFFAW57CA,0.0,0.0,0.0,,
金沙鎮,土地,北九劃段984地號,1500.0,農,,,1081128,土地2建物0車位0,,,其他,,,,0.0,0,0,0,有,無,4300000,2867,,0.0,0,,RPROMLRJJHPFFAW37CA,0.0,0.0,0.0,,
金寧鄉,土地,寧湖一劃段566地號,500.03,農,,,1081129,土地1建物0車位0,,,其他,,,,0.0,0,0,0,有,無,6500000,12999,,0.0,0,,RPTNMLTKKIOFFAW87CA,0.0,0.0,0.0,,
金沙鎮,土地,蔡厝劃測段84地號,1648.1,其他,,,1081203,土地3建物0車位0,,,其他,,,,0.0,0,0,0,有,無,2400000,1456,,0.0,0,,RPPNMLLLKIOFFAW76CA,0.0,0.0,0.0,,
金寧鄉,土地,下埔下測段37地號,97.39,其他,,,1081217,土地1建物0車位0,,,其他,,,,0.0,0,0,0,有,無,3675595,37741,,0.0,0,總價包含賣方納稅義務人土地增值稅,RPOOMLOLKIOFFAW07CA,0.0,0.0,0.0,,
金沙鎮,土地,斗門劃測段656地號,812.44,農,,,1081211,土地1建物0車位0,,,其他,,,,0.0,0,0,0,有,無,3400000,4185,,0.0,0,,RPRNMLTKKIOFFAW77DA,0.0,0.0,0.0,,
金湖鎮,土地,湖尚劃段52-2地號,250.0,其他,,,1081218,土地1建物0車位0,,,其他,,,,0.0,0,0,0,有,無,1069227,4277,,0.0,0,,RPUNMLKLKIOFFAW27DA,0.0,0.0,0.0,,
金寧鄉,房地(土地+建物),金門縣金寧鄉下堡10021號2樓,12.91,其他,,,1081214,土地1建物1車位0,二層,三層,套房(1房1廳1衛),集合住宅,鋼筋混凝土造,1031020,23.45,1,0,1,有,無,1430000,60981,,0.0,0,,RPTNMLOLKIOFFAW57DA,17.57,0.0,1.97,,
金沙鎮,土地,北九十劃段243地號,488.48,農,,,1081216,土地1建物0車位0,,,其他,,,,0.0,0,0,0,有,無,1550000,3173,,0.0,0,,RPPNMLOLKIOFFAW07CA,0.0,0.0,0.0,,
金湖鎮,房地(土地+建物),金門縣金湖鎮東村１之６號,51.09,住,,,1081216,土地1建物1車位0,一層,三層,公寓(5樓含以下無電梯),集合住宅,鋼筋混凝土造,1040804,93.17,3,1,2,有,無,4650000,49909,,0.0,0,,RPRNMLNLKIOFFAW17CA,80.96,0.0,6.79,,
金寧鄉,土地,赤岑段1316地號,437.49,農,,,1081217,土地1建物0車位0,,,其他,,,,0.0,0,0,0,有,無,420000,960,,0.0,0,,RPPOMLOLKIOFFAW17CA,0.0,0.0,0.0,,
金寧鄉,土地,長寮段81地號,653.76,其他,,,1081216,土地1建物0車位0,,,其他,,,,0.0,0,0,0,有,無,9700000,14837,,0.0,0,,RPPNMLQLKIOFFAW27CA,0.0,0.0,0.0,,
金寧鄉,房地(土地+建物),金門縣金寧鄉頂堡79之2號三樓,41.0,其他,,,1080918,土地1建物1車位0,三層,三層,公寓(5樓含以下無電梯),,,1020722,82.16999999999999,3,2,2,有,無,5300000,64500,,0.0,0,,RPPNMLQJJHPFFAW07DA,69.42,0.0,6.79,,
金城鎮,房地(土地+建物),金門縣金城鎮環島北路一段３８巷１６弄２號３樓,26.28,住,,,1081124,土地1建物1車位0,三層,三層,公寓(5樓含以下無電梯),住家用,鋼筋混凝土加強磚造,0841103,104.85,3,2,2,有,無,5800000,55317,,0.0,0,,RPPNMLLMKIOFFAW86CA,93.57,0.0,7.39,,
金寧鄉,房地(土地+建物),金門縣金寧鄉頂堡６３之６號三樓,56.0,其他,,,1081125,土地1建物1車位0,三層,三層,公寓(5樓含以下無電梯),集合住宅,鋼筋混凝土造,1010918,94.12,3,2,2,有,無,5800000,61623,,0.0,0,,RPTNMLQLKIOFFAW67CA,80.6,0.0,8.52,,
烈嶼鄉,土地,后頭段127-2地號,111.0,其他,,,1081130,土地1建物0車位0,,,其他,,,,0.0,0,0,0,有,無,1340000,12072,,0.0,0,,RPSNMLLMKIOFFAW17CA,0.0,0.0,0.0,,
金城鎮,土地,城北段615-1地號,69.56,住,,,1081218,土地2建物0車位0,,,其他,,,,0.0,0,0,0,有,無,5000000,71880,,0.0,0,,RPQNMLPLKIOFFAW27CA,0.0,0.0,0.0,,
金城鎮,土地,山前段536地號,144.97,農,,,1081218,土地1建物0車位0,,,其他,,,,0.0,0,0,0,有,無,1480000,10209,,0.0,0,,RPRNMLPLKIOFFAW37CA,0.0,0.0,0.0,,
金寧鄉,土地,寧安二劃段290-7地號,920.0,其他,,,1081126,土地4建物0車位0,,,其他,,,,0.0,0,0,0,有,無,4300000,4674,,0.0,0,,RPUNMLRLKIOFFAW87CA,0.0,0.0,0.0,,
金湖鎮,房地(土地+建物),金門縣金湖鎮尚義１５０號二樓之８,40.6,其他,,,1081211,土地2建物1車位0,二層,三層,華廈(10層含以下有電梯),集合住宅,鋼筋混凝土造,1080625,77.92,2,1,1,有,無,3900000,50051,,0.0,0,,RPUNMLQLKIOFFAW77CA,53.09,0.0,3.8,,
金湖鎮,房地(土地+建物),金門縣金湖鎮尚義１５０號三樓之１,45.02,其他,,,1081211,土地2建物1車位0,三層,三層,華廈(10層含以下有電梯),集合住宅,鋼筋混凝土造,1080625,86.67,2,1,2,有,無,4980000,57459,,0.0,0,,RPPNMLRLKIOFFAW37CA,60.59,0.0,2.73,,
金湖鎮,房地(土地+建物)+車位,金門縣金湖鎮尚義１５０號三樓之１２,46.1,其他,,,1081211,土地2建物1車位1,三層,三層,華廈(10層含以下有電梯),集合住宅,鋼筋混凝土造,1080625,118.32,2,1,2,有,無,5150000,52525,坡道平面,29.79,500000,,RPQNMLRLKIOFFAW47CA,53.92,0.0,10.75,,
金寧鄉,土地,寧安二劃段111地號,859.99,農,,,1081207,土地1建物0車位0,,,其他,,,,0.0,0,0,0,有,無,4000000,4651,,0.0,0,,RPSNMLQLKIOFFAW57CA,0.0,0.0,0.0,,
金湖鎮,土地,農試所段116-1地號,5801.78,農,,,1081205,土地2建物0車位0,,,其他,,,,0.0,0,0,0,有,無,30700000,5291,,0.0,0,,RPSNMLQJJHPFFAW27CA,0.0,0.0,0.0,,
金城鎮,土地,鳳翔段193-1地號,95.87,其他,,,1081205,土地1建物0車位0,,,其他,,,,0.0,0,0,0,有,無,4371672,45600,,0.0,0,,RPRNMLQLKIOFFAW57DA,0.0,0.0,0.0,,
金沙鎮,土地,山柄段1377地號,622.29,農,,,1081216,土地1建物0車位0,,,其他,,,,0.0,0,0,0,有,無,700000,1125,,0.0,0,,RPQNMLSJJHPFFAW37DA,0.0,0.0,0.0,,
金城鎮,土地,奎星樓段542地號,36.99,住,,,1081205,土地1建物0車位0,,,其他,,,,0.0,0,0,0,有,無,1200000,32441,,0.0,0,,RPSNMLKMKIOFFAW07CA,0.0,0.0,0.0,,
金湖鎮,土地,山外段552地號,109.6,其他,,,1081224,土地3建物0車位0,,,其他,,,,0.0,0,0,0,有,無,1650000,15055,,0.0,0,,RPVNMLMJJHPFFAW17CA,0.0,0.0,0.0,,
金城鎮,房地(土地+建物),金門縣金城鎮金門城５之１１號,31.92,其他,,,1081220,土地1建物1車位0,一層,三層,公寓(5樓含以下無電梯),集合住宅,鋼筋混凝土造,1040216,64.73,2,1,2,有,無,4000000,61795,,0.0,0,受債權債務影響或債務抵償之交易。；,RPUNMLNKJHPFFAW27CA,0.0,0.0,0.0,,
金沙鎮,土地,浯坑劃測段634-3地號,537.16,農,,,1081216,土地2建物0車位0,,,其他,,,,0.0,0,0,0,有,無,3000000,5585,,0.0,0,,RPTNMLSJJHPFFAW57CA,0.0,0.0,0.0,,
金沙鎮,房地(土地+建物),金門縣金沙鎮中興街３１巷５號,72.84,住,,,1081212,土地1建物1車位0,一層,三層,公寓(5樓含以下無電梯),集合住宅,鋼筋混凝土造,1051125,106.72,3,2,2,有,無,1732000,16229,,0.0,0,親友、員工或其他特殊關係間之交易。；,RPWNMLMJJHPFFAW27CA,94.65,0.0,0.0,,
金沙鎮,房地(土地+建物),金門縣金沙鎮中興街３１巷５號三樓,72.84,住,,,1081212,土地1建物1車位0,三層,三層,公寓(5樓含以下無電梯),集合住宅,鋼筋混凝土造,1051125,113.03999999999999,3,2,2,有,無,1736000,15357,,0.0,0,親友、員工或其他特殊關係間之交易。；,RPXNMLMJJHPFFAW37CA,94.65,0.0,6.32,,
金沙鎮,房地(土地+建物),金門縣金沙鎮中興街３１巷５號二樓,72.84,住,,,1081212,土地1建物1車位0,二層,三層,公寓(5樓含以下無電梯),集合住宅,鋼筋混凝土造,1051125,113.03999999999999,3,2,2,有,無,1732000,15322,,0.0,0,親友、員工或其他特殊關係間之交易。；,RPOOMLMJJHPFFAW56CA,94.65,0.0,6.32,,
金湖鎮,房地(土地+建物),金門縣金湖鎮塔后１３－１０號４樓,48.34,住,,,1081218,土地1建物1車位0,四層,四層,公寓(5樓含以下無電梯),集合住宅,鋼筋混凝土造,1081114,105.16,3,1,1,有,無,6000000,57056,,0.0,0,,RPRNMLMJJHPFFAW76CA,74.5,0.0,6.46,,
金湖鎮,房地(土地+建物),金門縣金湖鎮塔后１３－１０號,48.34,住,,,1081226,土地1建物1車位0,一層,四層,公寓(5樓含以下無電梯),集合住宅,鋼筋混凝土造,1081114,105.16,3,1,1,有,無,6250000,59433,,0.0,0,,RPUNMLMJJHPFFAW07CA,74.5,0.0,6.46,,
金寧鄉,房地(土地+建物),金門縣金寧鄉安岐２３１號二樓,66.87,其他,,,1081204,土地2建物1車位0,二層,三層,公寓(5樓含以下無電梯),集合住宅。,鋼筋混凝土造,1060525,97.56,3,2,2,有,無,5600000,57401,,0.0,0,,RPTNMLLMKIOFFAW27CA,80.73,0.0,10.02,,
金寧鄉,土地,煙墩段1057地號,588.53,其他,,,1081216,土地2建物0車位0,,,其他,,,,0.0,0,0,0,有,無,20600000,35002,,0.0,0,,RPUNMLSJJHPFFAW77DA,0.0,0.0,0.0,,
金湖鎮,土地,太湖劃測段1723地號,1000.02,農,,,1081219,土地1建物0車位0,,,其他,,,,0.0,0,0,0,有,無,2500000,2500,,0.0,0,,RPPNMLSJJHPFFAW17CA,0.0,0.0,0.0,,
金寧鄉,房地(土地+建物),金門縣金寧鄉榜林２９之５號,69.84,其他,,,1081219,土地2建物1車位0,一層,三層,公寓(5樓含以下無電梯),集合住宅,鋼筋混凝土造,1050629,97.02000000000001,3,2,2,有,無,6900000,71119,,0.0,0,,RPPNMLNJJHPFFAW66CA,88.48,0.0,0.0,,
金寧鄉,土地,寧山段225地號,236.97,其他,,,1081212,土地1建物0車位0,,,其他,,,,0.0,0,0,0,有,無,750000,3165,,0.0,0,,RPTNMLQJJHPFFAW37CA,0.0,0.0,0.0,,
金沙鎮,土地,官嶼劃段24地號,798.92,農,,,1081225,土地1建物0車位0,,,其他,,,,0.0,0,0,0,有,無,3500000,4381,,0.0,0,,RPPNMLRJJHPFFAW07CA,0.0,0.0,0.0,,
金湖鎮,房地(土地+建物),金門縣金湖鎮市港三路１３９號二樓,28.71,住,,,1081227,土地1建物1車位0,二層,七層,華廈(10層含以下有電梯),集合住宅,鋼筋混凝土造,1071211,135.83,3,2,2,有,無,9400000,69204,,0.0,0,,RPSNMLRJJHPFFAW37CA,89.63,0.0,9.74,,
金湖鎮,土地,湖前段561-3地號,166.71,其他,,,1081226,土地1建物0車位0,,,其他,,,,0.0,0,0,0,有,無,5000000,29992,,0.0,0,,RPXNMLSJJHPFFAW97CA,0.0,0.0,0.0,,
金沙鎮,土地,北九十劃段141-1地號,213.47,農,,,1081230,土地2建物0車位0,,,其他,,,,0.0,0,0,0,有,無,725811,3400,,0.0,0,,RPPNMLOKJHPFFAW86CA,0.0,0.0,0.0,,
烈嶼鄉,土地,公園測段1162-2地號,635.68,其他,,,1081116,土地3建物0車位0,,,其他,,,,0.0,0,0,0,有,無,5000000,7866,,0.0,0,親友、員工或其他特殊關係間之交易。；,RPTOMLPKJHPFFAW47CA,0.0,0.0,0.0,,
金湖鎮,房地(土地+建物)+車位,金門縣金湖鎮環島南路五段165巷5弄15號,111.32,其他,,,1080910,土地1建物1車位1,全,三層,透天厝,集合住宅,鋼筋混凝土造,1070514,253.92000000000002,5,3,5,有,有,10000000,39382,坡道平面,39.24,0,親友、員工或其他特殊關係間之交易。；建商與地主合建案。；,RPWNMLKLJHPFFAW27CA,174.75,0.0,4.9,,
金城鎮,房地(土地+建物),金門縣金城鎮西海路三段106巷7弄1號二樓之1,55.58,住,,,1081224,土地2建物1車位0,二層,三層,公寓(5樓含以下無電梯),集合住宅,鋼筋混凝土造,1041218,101.10000000000001,3,1,1,有,無,6600000,65282,,0.0,0,,RPUNMLRJJHPFFAW57CA,80.32,0.0,7.88,,
金湖鎮,房地(土地+建物)+車位,金門縣金湖鎮尚義１５０號二樓之７,83.75,其他,,,1081231,土地2建物1車位1,二層,三層,華廈(10層含以下有電梯),集合住宅,鋼筋混凝土造,1080625,189.16,5,1,3,有,無,9000000,53335,坡道平面,29.79,500000,,RPOOMLSJJHPFFAW17CA,106.1,0.0,9.97,,
金沙鎮,土地,官嶼劃段528-1地號,500.0,農,,,1081230,土地2建物0車位0,,,其他,,,,0.0,0,0,0,有,無,1300000,2600,,0.0,0,,RPSOMLSJJHPFFAW57CA,0.0,0.0,0.0,,
金沙鎮,土地,官嶼劃段282-1地號,500.0,農,,,1081230,土地2建物0車位0,,,其他,,,,0.0,0,0,0,有,無,1300000,2600,,0.0,0,,RPTOMLSJJHPFFAW67CA,0.0,0.0,0.0,,
金城鎮,房地(土地+建物),金門縣金城鎮珠浦西路２２號５樓,24.54,住,,,1081212,土地1建物1車位0,五層,五層,公寓(5樓含以下無電梯),住家用,鋼筋混凝土造,0880911,81.58999999999999,2,1,1,有,無,6200000,75990,,0.0,0,,RPRNMLSJJHPFFAW37CA,63.78,0.0,8.79,,
金寧鄉,土地,煙墩段11地號,806.48,其他,,,1081106,土地1建物0車位0,,,其他,,,,0.0,0,0,0,有,無,3200000,3968,,0.0,0,,RPXNMLRKJHPFFAW97CA,0.0,0.0,0.0,,
金城鎮,土地,古塔段72地號,886.93,其他,,,1081231,土地2建物0車位0,,,其他,,,,0.0,0,0,0,有,無,29118994,32831,,0.0,0,,RPVNMLSJJHPFFAW77CA,0.0,0.0,0.0,,
金寧鄉,土地,寧安二劃段68地號,456.5,農,,,1081215,土地1建物0車位0,,,其他,,,,0.0,0,0,0,有,無,2650000,5805,,0.0,0,,RPWNMLSJJHPFFAW87CA,0.0,0.0,0.0,,
金沙鎮,房地(土地+建物),金門縣金沙鎮沙美61之1號,106.46,住,,,1081220,土地1建物1車位0,全,三層,透天厝,住商用,鋼筋混凝土造,0750620,189.42,4,3,3,有,無,3880000,20484,,0.0,0,親友、員工或其他特殊關係間之交易。；買方負擔土地增值稅291532,RPSNMLTJJHPFFAW57CA,176.88,4.18,8.36,,
金寧鄉,房地(土地+建物)+車位,金門縣金寧鄉湖下213之9號3樓,61.96,其他,,,1081231,土地2建物1車位1,三層,三層,公寓(5樓含以下無電梯),集合住宅,鋼筋混凝土造,1061101,146.01,3,2,2,有,無,5600000,38354,坡道平面,12.29,0,,RPQOMLRJJHPFFAW37DA,79.27,0.0,11.01,,
金湖鎮,土地,新頭段222地號,1074.26,農,,,1090103,土地3建物0車位0,,,其他,,,,0.0,0,0,0,有,無,5000000,4654,,0.0,0,,RPSNMLPJKHPFFAW37DA,0.0,0.0,0.0,,
金沙鎮,土地,官嶼劃段348-1地號,1000.0,農,,,1081226,土地2建物0車位0,,,其他,,,,0.0,0,0,0,有,無,3500000,3500,,0.0,0,,RPPNMLNKJHPFFAW76CA,0.0,0.0,0.0,,
金湖鎮,土地,尚義段470地號,472.73,農,,,1081230,土地1建物0車位0,,,其他,,,,0.0,0,0,0,有,無,850000,1798,,0.0,0,,RPSNMLNKJHPFFAW07CA,0.0,0.0,0.0,,
金湖鎮,土地,新頭段302地號,854.85,農,,,1081210,土地1建物0車位0,,,其他,,,,0.0,0,0,0,有,無,5000000,5849,,0.0,0,除買賣價款另需付代書費及仲介費,RPWNMLPKJHPFFAW67CA,0.0,0.0,0.0,,
金寧鄉,土地,寧湖三劃段126地號,465.76,農,,,1081226,土地1建物0車位0,,,其他,,,,0.0,0,0,0,有,無,2700000,5797,,0.0,0,,RPXNMLPKJHPFFAW77CA,0.0,0.0,0.0,,
金寧鄉,土地,后沙劃測段163地號,574.43,農,,,1081217,土地1建物0車位0,,,其他,,,,0.0,0,0,0,有,無,1800000,3134,,0.0,0,,RPPNMLTJJHPFFAW27CA,0.0,0.0,0.0,,
金寧鄉,土地,寧湖六劃段113地號,1000.0,農,,,1081231,土地1建物0車位0,,,其他,,,,0.0,0,0,0,有,無,4500000,4500,,0.0,0,,RPSNMLOKJHPFFAW17CA,0.0,0.0,0.0,,
金沙鎮,土地,汶沙測段923地號,95.65,其他,,,1081231,土地1建物0車位0,,,其他,,,,0.0,0,0,0,有,無,900000,9409,,0.0,0,親友、員工或其他特殊關係間之交易。；未登記地上物隨同土地移轉，買方負擔土地增值稅新台幣291554。,RPQNMLLKJHPFFAW66CA,0.0,0.0,0.0,,
金沙鎮,土地,汶沙測段920地號,123.0,其他,,,1081231,土地1建物0車位0,,,其他,,,,0.0,0,0,0,有,無,1450000,11789,,0.0,0,親友、員工或其他特殊關係間之交易。；未登記地上物隨同土地移轉。買方負擔土地增值稅新台幣374686。,RPRNMLLKJHPFFAW76CA,0.0,0.0,0.0,,
金湖鎮,土地,湖前段1415地號,378.0,其他,,,1081001,土地1建物0車位0,,,其他,,,,0.0,0,0,0,有,無,8278200,21900,,0.0,0,含增建或未登記建物。；,RPQNMLKLJHPFFAW66CA,0.0,0.0,0.0,,
金寧鄉,房地(土地+建物),金門縣金寧鄉安岐２９１號五樓,39.6,其他,,,1081218,土地1建物1車位0,五層,五層,華廈(10層含以下有電梯),集合住宅,鋼筋混凝土造,1070130,102.47,3,2,2,有,無,6350000,61969,,0.0,0,,RPVNMLQKJHPFFAW67CA,80.41,0.0,11.33,,
金沙鎮,土地,官嶼劃段1022-1地號,500.0,農,,,1090103,土地1建物0車位0,,,其他,,,,0.0,0,0,0,有,無,1080000,2160,,0.0,0,,RPTNMLQKJHPFFAW47CA,0.0,0.0,0.0,,
金湖鎮,房地(土地+建物),金門縣金湖鎮復興路９５號,84.04,商,,,1081223,土地2建物1車位0,一層，二層，三層，騎樓,三層,店面(店鋪),住商用,鋼筋混凝土造,0680115,243.96,5,3,3,有,無,4435000,18179,,0.0,0,親友、員工或其他特殊關係間之交易。；,RPRNMLKLJHPFFAW76CA,243.96,0.0,0.0,,
金寧鄉,土地,煙墩段94地號,443.5,其他,,,1081208,土地1建物0車位0,,,其他,,,,0.0,0,0,0,有,無,1000000,2255,,0.0,0,,RPTNMLPKJHPFFAW37CA,0.0,0.0,0.0,,
金寧鄉,房地(土地+建物),金門縣金寧鄉埔後３１之１號,30.87,其他,,,1081230,土地1建物1車位0,一層,三層,店面(店鋪),店舖,鋼筋混凝土造,1040723,54.35,0,0,0,無,有,4500000,82797,,0.0,0,親友、員工或其他特殊關係間之交易。；,RPPOMLPKJHPFFAW07CA,48.24,0.0,0.0,,
金湖鎮,房地(土地+建物),金門縣金湖鎮塔后320號,83.68,其他,,,1081227,土地1建物1車位0,全,四層,透天厝,集合住宅,鋼筋混凝土造,1081002,194.59,5,2,5,有,無,12000000,61668,,0.0,0,,RPRNMLOKJHPFFAW17DA,175.9,5.76,12.93,,
金湖鎮,房地(土地+建物),金門縣金湖鎮塔后321號,83.68,其他,,,1081227,土地1建物1車位0,全,四層,透天厝,集合住宅,鋼筋混凝土造,1081002,194.5,5,2,5,有,無,11700000,60154,,0.0,0,,SPRNMLOKJHPFFAW27DA,175.9,5.67,12.93,,
金湖鎮,房地(土地+建物)+車位,金門縣金湖鎮塔后322號3樓之2,44.53,其他,,,1081227,土地1建物1車位1,三層,四層,華廈(10層含以下有電梯),集合住宅,鋼筋混凝土造,1081002,103.71000000000001,3,2,2,有,無,5640000,59248,升降機械,13.58,300000,,RPVNMLOKJHPFFAW57DA,61.21,0.0,10.05,,
金湖鎮,房地(土地+建物)+車位,金門縣金湖鎮塔后322號1樓之2,38.14,其他,,,1081227,土地1建物1車位1,一層,四層,華廈(10層含以下有電梯),集合住宅,鋼筋混凝土造,1081002,88.83,3,2,2,有,無,4800000,59801,升降機械,13.58,300000,,RPWNMLOKJHPFFAW67DA,59.49,0.0,0.0,,
金湖鎮,房地(土地+建物),金門縣金湖鎮塔后322號2樓之2,38.73,其他,,,1081227,土地1建物1車位0,二層,四層,華廈(10層含以下有電梯),集合住宅,鋼筋混凝土造,1081002,90.13000000000001,3,2,2,有,無,4900000,54366,,0.0,0,,SPWNMLOKJHPFFAW77DA,61.21,0.0,10.05,,
金湖鎮,房地(土地+建物),金門縣金湖鎮塔后322號4樓之2,38.73,其他,,,1081227,土地1建物1車位0,四層,四層,華廈(10層含以下有電梯),集合住宅,鋼筋混凝土造,1081002,90.13000000000001,3,2,2,有,無,5300000,58804,,0.0,0,,RPXNMLOKJHPFFAW77DA,61.21,0.0,10.05,,
金湖鎮,房地(土地+建物)+車位,金門縣金湖鎮塔后322號1樓之3,39.99,其他,,,1081227,土地1建物1車位1,一層,四層,華廈(10層含以下有電梯),集合住宅,鋼筋混凝土造,1081002,93.19,3,2,2,有,無,4700000,55269,升降機械,13.58,300000,,RPOOMLOKJHPFFAW96DA,62.95,0.0,0.0,,
金湖鎮,房地(土地+建物),金門縣金湖鎮塔后322號2樓之3,62.76,其他,,,1081227,土地1建物1車位0,二層,四層,華廈(10層含以下有電梯),集合住宅,鋼筋混凝土造,1081002,146.04,3,2,2,有,無,7732000,52944,,0.0,0,,RPPNMLPKJHPFFAW07DA,97.45,0.0,18.02,,
金湖鎮,房地(土地+建物),金門縣金湖鎮塔后322號3樓之3,62.76,其他,,,1081227,土地1建物1車位0,三層,四層,華廈(10層含以下有電梯),集合住宅,鋼筋混凝土造,1081002,146.04,3,2,2,有,無,7952000,54451,,0.0,0,,RPQNMLPKJHPFFAW17DA,97.45,0.0,18.02,,
金湖鎮,房地(土地+建物),金門縣金湖鎮塔后322號4樓之3,62.76,其他,,,1081227,土地1建物1車位0,四層,四層,華廈(10層含以下有電梯),集合住宅,鋼筋混凝土造,1081002,146.04,3,2,2,有,無,8550000,58546,,0.0,0,,RPRNMLPKJHPFFAW27DA,97.45,0.0,18.02,,
金寧鄉,房地(土地+建物),金門縣金寧鄉下埔下６之８號,30.85,其他,,,1090107,土地1建物1車位0,一層,三層,公寓(5樓含以下無電梯),集合住宅,鋼筋混凝土造,1061030,50.04,2,1,1,有,無,4500000,89928,,0.0,0,,RPQOMLPKJHPFFAW17CA,44.66,0.0,0.0,,
金沙鎮,土地,榮湖段1373地號,1449.09,農,,,1081230,土地2建物0車位0,,,其他,,,,0.0,0,0,0,有,無,4800000,3312,,0.0,0,,RPSOMLPKJHPFFAW37CA,0.0,0.0,0.0,,
金湖鎮,房地(土地+建物),金門縣金湖鎮武德新莊１２２號二樓,27.74,住,,,1090105,土地1建物1車位0,二層,五層,公寓(5樓含以下無電梯),集合住宅,鋼筋混凝土造,0930510,127.19,3,1,2,有,無,4500000,35380,,0.0,0,,RPOOMLPKJHPFFAW96CA,71.34,0.0,9.72,,
金沙鎮,土地,官嶼劃段674-1地號,500.0,農,,,1090110,土地2建物0車位0,,,其他,,,,0.0,0,0,0,有,無,1300000,2600,,0.0,0,,RPRNMLRKJHPFFAW37CA,0.0,0.0,0.0,,
金寧鄉,土地,寧安二劃段239-1地號,500.0,農,,,1090107,土地1建物0車位0,,,其他,,,,0.0,0,0,0,有,無,2550000,5100,,0.0,0,,RPSNMLRKJHPFFAW47CA,0.0,0.0,0.0,,
金城鎮,土地,吳厝村測段143地號,109.99,其他,,,1081230,土地1建物0車位0,,,其他,,,,0.0,0,0,0,有,無,2150000,19547,,0.0,0,,RPWNMLRKJHPFFAW87CA,0.0,0.0,0.0,,
金湖鎮,土地,新頭段448-1地號,87.3,其他,,,1081216,土地1建物0車位0,,,其他,,,,0.0,0,0,0,有,無,350000,4009,,0.0,0,,RPPNMLPJKHPFFAW96CA,0.0,0.0,0.0,,
金湖鎮,房地(土地+建物),金門縣金湖鎮料羅新村５０９號五樓,43.85,其他,,,1081231,土地1建物1車位0,五層,五層,華廈(10層含以下有電梯),集合住宅,鋼筋混凝土造,1071210,98.97,2,2,2,有,無,5000000,50520,,0.0,0,,RPTNMLRKJHPFFAW57CA,73.13,0.0,8.57,,
金寧鄉,土地,赤岑段108地號,748.63,其他,,,1090113,土地1建物0車位0,,,其他,,,,0.0,0,0,0,有,無,820000,1095,,0.0,0,,RPUNMLRKJHPFFAW67CA,0.0,0.0,0.0,,
金沙鎮,土地,沙港劃段19地號,1000.51,農,,,1090107,土地2建物0車位0,,,其他,,,,0.0,0,0,0,有,無,6000000,5997,,0.0,0,,RPPNMLRKJHPFFAW17CA,0.0,0.0,0.0,,
金湖鎮,房地(土地+建物),金門縣金湖鎮塔后１３－１０號２樓,48.34,住,,,1081220,土地1建物1車位0,二層,四層,公寓(5樓含以下無電梯),集合住宅,鋼筋混凝土造,1081114,105.16,3,1,2,有,無,6600000,62762,,0.0,0,,RPRNMLMLJHPFFAW96CA,74.5,0.0,6.46,,
金寧鄉,土地,中山林段225地號,780.84,其他,,,1081216,土地1建物0車位0,,,其他,,,,0.0,0,0,0,有,無,6000000,7684,,0.0,0,,RPTNMLPJKHPFFAW37CA,0.0,0.0,0.0,,
金寧鄉,房地(土地+建物),金門縣金寧鄉下堡１９０號三樓,74.65,住,,,1081209,土地1建物1車位0,三層,三層,公寓(5樓含以下無電梯),集合住宅,鋼筋混凝土造,1031113,126.53,3,1,2,有,無,7300000,57694,,0.0,0,,RPTNMLMLJHPFFAW17CA,112.1,0.0,8.3,,
金湖鎮,土地,塔后段563地號,210.84,住,,,1081231,土地1建物0車位0,,,其他,,,,0.0,0,0,0,有,無,5000000,23715,,0.0,0,,RPPNMLLMJHPFFAW76CA,0.0,0.0,0.0,,
烈嶼鄉,房地(土地+建物),金門縣烈嶼鄉西方社區58號,54.0,其他,,,1081212,土地1建物1車位0,一層，二層，騎樓,二層,店面(店鋪),店屋,加強磚造,0611020,100.75,0,0,0,無,無,1600000,15881,,0.0,0,親友、員工或其他特殊關係間之交易。；,RPQNMLRKJHPFFAW37DA,100.75,0.0,0.0,,
金湖鎮,房地(土地+建物),金門縣金湖鎮尚義150號2樓之3,43.42,其他,,,1041030,土地2建物1車位0,二層,三層,華廈(10層含以下有電梯),集合住宅,鋼筋混凝土造,1080625,83.18,2,1,2,有,有,4400000,52897,,0.0,0,,RPUNMLLLJHPFFAW27DA,55.58,0.0,5.09,,
金湖鎮,房地(土地+建物),金門縣金湖鎮塔后１３－１０號３樓,48.34,住,,,1090114,土地1建物1車位0,三層,四層,公寓(5樓含以下無電梯),集合住宅,鋼筋混凝土造,1081114,105.16,3,1,2,有,無,6380000,60669,,0.0,0,,RPSNMLMLJHPFFAW07CA,74.5,0.0,6.46,,
金湖鎮,房地(土地+建物),金門縣金湖鎮尚義１５０號一樓之７,39.26,其他,,,1081231,土地2建物1車位0,一層,三層,華廈(10層含以下有電梯),集合住宅,鋼筋混凝土造,1080625,75.00999999999999,2,1,2,有,無,4000000,53326,,0.0,0,,RPTNMLLLJHPFFAW07CA,53.05,0.0,1.64,,
金寧鄉,土地,慈湖段201地號,1274.35,其他,,,1090112,土地1建物0車位0,,,其他,,,,0.0,0,0,0,有,無,4800000,3767,,0.0,0,,RPVNMLLLJHPFFAW27CA,0.0,0.0,0.0,,
金寧鄉,房地(土地+建物),金門縣金寧鄉下堡２２８號三樓,59.5,其他,,,1081231,土地1建物1車位0,三層,三層,公寓(5樓含以下無電梯),集合住宅,鋼筋混凝土造,1061116,96.03,3,2,2,有,無,4800000,49984,,0.0,0,土地及建物分次登記案件。前案土地登記收件字號：；,RPXNMLLLJHPFFAW47CA,78.23,0.0,9.8,,
金寧鄉,房地(土地+建物),金門縣金寧鄉下堡１００之１２號二樓,50.5,其他,,,1090107,土地1建物1車位0,二層,三層,公寓(5樓含以下無電梯),集合住宅,鋼筋混凝土造,1021120,142.49,4,0,4,有,無,8380000,58811,,0.0,0,,RPSNMLLMJHPFFAW07CA,97.66,0.0,11.13,,
金沙鎮,土地,北九十劃段131地號,976.13,農,,,1090113,土地1建物0車位0,,,其他,,,,0.0,0,0,0,有,無,4650000,4764,,0.0,0,,RPPNMLKMJHPFFAW66CA,0.0,0.0,0.0,,
金湖鎮,土地,市港段7地號,48.61,住,,,1090120,土地1建物0車位0,,,其他,,,,0.0,0,0,0,有,無,4800000,98745,,0.0,0,,RPQNMLKMJHPFFAW76CA,0.0,0.0,0.0,,
金湖鎮,房地(土地+建物)+車位,金門縣金湖鎮尚義１５０號二樓之２,35.78,其他,,,1081211,土地2建物1車位1,二層,三層,華廈(10層含以下有電梯),集合住宅,鋼筋混凝土造,1080625,98.16,2,1,1,有,無,4200000,54117,坡道平面,29.79,500000,,RPRNMLKMJHPFFAW86CA,46.22,0.0,3.65,,
金湖鎮,土地,瓊林段513地號,1420.34,其他,,,1080927,土地1建物0車位0,,,其他,,,,0.0,0,0,0,有,無,4500000,3168,,0.0,0,,RPSNMLKMJHPFFAW07DA,0.0,0.0,0.0,,
金城鎮,土地,延平段152地號,740.05,農,,,1090114,土地1建物0車位0,,,其他,,,,0.0,0,0,0,有,無,7000000,9459,,0.0,0,,RPRNMLNJKHPFFAW96CA,0.0,0.0,0.0,,
金沙鎮,土地,沙碧劃段98地號,1000.0,其他,,,1090114,土地1建物0車位0,,,其他,,,,0.0,0,0,0,有,無,2450000,2450,,0.0,0,,RPRNMLLMJHPFFAW96CA,0.0,0.0,0.0,,
金寧鄉,土地,寧湖二劃測段842地號,1000.02,農,,,1090106,土地1建物0車位0,,,其他,,,,0.0,0,0,0,有,無,8500000,8500,,0.0,0,,RPOOMLQJKHPFFAW07CA,0.0,0.0,0.0,,
金城鎮,土地,城南段336地號,52.06,住,,,1090130,土地1建物0車位0,,,其他,,,,0.0,0,0,0,有,無,3260000,62620,,0.0,0,,RPRNMLPJKHPFFAW27DA,0.0,0.0,0.0,,
金城鎮,土地,城北段505地號,13.08,其他,,,1081230,土地2建物0車位0,,,其他,,,,0.0,0,0,0,有,無,1950000,149083,,0.0,0,含增建或未登記建物。；未登記建物門牌莒光路20號房屋權利範圍1/2隨同土地一併移轉,RPRNMLNKKHPFFAW07CA,0.0,0.0,0.0,,
金寧鄉,土地,安岐村測段212地號,412.03,住,,,1090108,土地1建物0車位0,,,其他,,,,0.0,0,0,0,有,無,8350000,20266,,0.0,0,,RPQNMLPJKHPFFAW17DA,0.0,0.0,0.0,,
烈嶼鄉,土地,烈濱劃測段1473地號,643.98,農,,,1090113,土地1建物0車位0,,,其他,,,,0.0,0,0,0,有,無,3500000,5435,,0.0,0,,RPSNMLQJKHPFFAW37CA,0.0,0.0,0.0,,
金城鎮,房地(土地+建物),金門縣金城鎮金門城２０５號五樓,41.5,其他,,,1090121,土地1建物1車位0,五層,五層,華廈(10層含以下有電梯),集合住宅,鋼筋混凝土造,1080424,92.5,3,1,2,有,無,5500000,59459,,0.0,0,,RPTNMLQJKHPFFAW47CA,70.66,0.0,9.48,,
金寧鄉,土地,北二三劃測段657地號,1017.67,農,,,1090120,土地4建物0車位0,,,其他,,,,0.0,0,0,0,有,無,4500000,4422,,0.0,0,親友、員工或其他特殊關係間之交易。；,RPUNMLQJKHPFFAW57CA,0.0,0.0,0.0,,
金寧鄉,房地(土地+建物),金門縣金寧鄉下埔下６之８號二樓,34.32,其他,,,1090115,土地1建物1車位0,二層,三層,公寓(5樓含以下無電梯),集合住宅,鋼筋混凝土造,1061030,55.21,2,1,1,有,無,3960000,71726,,0.0,0,,RPVNMLQJKHPFFAW67CA,44.66,0.0,4.56,,
金城鎮,土地,中一段32地號,989.41,農,,,1081229,土地1建物0車位0,,,其他,,,,0.0,0,0,0,有,無,28000000,28300,,0.0,0,,RPRNMLLKKHPFFAW86CA,0.0,0.0,0.0,,
金湖鎮,房地(土地+建物),金門縣金湖鎮市港三路２３７號七樓,20.99,住,,,1090130,土地1建物1車位0,七層,八層,華廈(10層含以下有電梯),集合住宅,鋼筋混凝土造,1050421,106.14,3,2,2,有,無,7200000,67835,,0.0,0,土地及建物分次登記案件。前案土地登記收件字號：；,RPXNMLQJKHPFFAW87CA,72.13,1.97,8.06,,
金寧鄉,房地(土地+建物),金門縣金寧鄉下堡２２８號,77.81,其他,,,1090115,土地1建物1車位0,一層，地下一層,三層,公寓(5樓含以下無電梯),集合住宅,鋼筋混凝土造,1061116,128.54,4,2,2,有,無,5800000,45122,,0.0,0,土地及建物分次登記案件。前案土地登記收件字號：；,RPQNMLQJKHPFFAW17CA,117.33,0.0,0.74,,
金湖鎮,土地,士校段1112地號,216.0,其他,,,1090113,土地1建物0車位0,,,其他,,,,0.0,0,0,0,有,無,3180000,14722,,0.0,0,,RPQNMLLKKHPFFAW76CA,0.0,0.0,0.0,,
金沙鎮,房地(土地+建物),金門縣金沙鎮忠孝新?42號,106.0,住,,,1081230,土地1建物1車位0,全,二層,透天厝,住家用,鋼筋混凝土加強磚造,0721025,171.93,5,2,3,有,無,1900000,11051,,0.0,0,親友、員工或其他特殊關係間之交易。；,RPQNMLNKKHPFFAW96CA,163.0,3.9,5.03,,
金沙鎮,土地,沙港劃段462地號,1000.05,農,,,1090203,土地1建物0車位0,,,其他,,,,0.0,0,0,0,有,無,5500000,5500,,0.0,0,親友、員工或其他特殊關係間之交易。；,RPRNMLKKKHPFFAW86DA,0.0,0.0,0.0,,
金寧鄉,土地,中三劃測段459地號,480.0,農,,,1081213,土地1建物0車位0,,,其他,,,,0.0,0,0,0,有,無,3168000,6600,,0.0,0,,RPSNMLLKKHPFFAW07DA,0.0,0.0,0.0,,
金沙鎮,土地,榮湖段1416地號,534.5,農,,,1090107,土地1建物0車位0,,,其他,,,,0.0,0,0,0,有,無,1390000,2601,,0.0,0,,RPTNMLLKKHPFFAW07CA,0.0,0.0,0.0,,
