﻿編號,土地位置,土地移轉面積(平方公尺),使用分區或編定,權利人持分分母,權利人持分分子,移轉情形,地號
The serial number, land position,land shifting area square meter,the use zoning or compiles and checks,,,,land parcel
RPQNMLNKJIOFFAW96DA,小西門劃測段,51.15,都市：其他:農業區、自然村專用區,21,2,持分移轉,02140000
RPVNMLSKJIOFFAW87CA,珠山段,20.49,都市：其他:自然村專用區,100000,5394,持分移轉,07840000
RPVNMLSKJIOFFAW87CA,珠山段,19.16,都市：其他:自然村專用區,100000,5394,持分移轉,07880000
RPPNMLMLJIOFFAW86DA,北四劃段,893.00,都市：農,1,1,全筆移轉,01840000
RPPNMLOLJIOFFAW96CA,東坑村測段,23.04,都市：其他:自然村專用區,24,1,持分移轉,00220000
RPPNMLOLJIOFFAW96CA,東坑村測段,23.04,都市：其他:自然村專用區,24,1,持分移轉,00220000
RPRNMLOKJIOFFAW17DA,高坑劃測段,643.11,都市：其他:自然村專用區,1,1,全筆移轉,02260000
RPTNMLNKJIOFFAW17CA,市港段,14.33,都市：住,10000,196,持分移轉,00980000
RPTNMLSKJIOFFAW67CA,北二三劃測段,166.99,都市：農,1,1,全筆移轉,03330037
RPQNMLOKJIOFFAW96CA,北二三劃測段,166.99,都市：農,1,1,全筆移轉,03330016
RPPNMLLLJIOFFAW66CA,大山段,1673.00,都市：農,1,1,全筆移轉,11160000
RPRNMLLLJIOFFAW86CA,城西段,12.91,都市：商,30000,426,持分移轉,03540000
RPWNMLSKJIOFFAW97CA,寧劃段,490.69,都市：農,1,1,全筆移轉,00760000
RPSNMLQLJIOFFAW47CA,湖前段,125.77,都市：住,1,1,全筆移轉,10020011
RPQNMLTKJIOFFAW47CA,寧北一劃段,652.42,都市：農,3,2,持分移轉,03120000
RPRNMLSKJIOFFAW47CA,長寮段,38.99,都市：其他:自然村專用區,100000,7345,持分移轉,07200000
RPRNMLTKJIOFFAW67DA,長寮段,60.75,都市：其他:自然村專用區,1000,332,持分移轉,00520000
RPRNMLKLJIOFFAW76CA,市港段,28.71,都市：住,10000,333,持分移轉,01080000
RPRNMLMLJIOFFAW96CA,東紅山段,809.81,都市：其他:第二類一般管制區,1,1,全筆移轉,08710000
RPSNMLSKJIOFFAW57CA,古塔段,109.98,都市：其他:自然村專用區,1,1,全筆移轉,00710000
RPSNMLSKJIOFFAW57CA,古塔段,42.17,都市：其他:農業區，自然村專用區,1,1,全筆移轉,00740000
RPSNMLSKJIOFFAW57CA,古塔段,326.43,都市：其他:農業區，自然村專用區,1,1,全筆移轉,00770000
RPSNMLSKJIOFFAW57CA,古塔段,277.44,都市：其他:農業區，自然村專用區,1,1,全筆移轉,00780000
RPSNMLLLJIOFFAW96CA,盤山村段,45.00,都市：其他:自然村專用區,1,1,全筆移轉,02330000
RPSNMLLLJIOFFAW96CA,盤山村段,17.67,都市：其他:自然村專用區,6,1,持分移轉,02360000
RPQNMLLLJIOFFAW76CA,高陽段,1534.84,都市：農,1,1,全筆移轉,01390000
RPTNMLKLJIOFFAW96CA,歐厝段,602.16,都市：農,1,1,全筆移轉,00060000
RPTNMLMLJIOFFAW17CA,羅劃測段,43.79,都市：其他:自然村專用區,10000,661,持分移轉,01990000
RPSNMLPLJIOFFAW37CA,龍潭段,514.39,都市：農,1,1,全筆移轉,11730000
RPSNMLPLJIOFFAW37CA,龍潭段,489.53,都市：農,1,1,全筆移轉,12460000
RPSNMLPLJIOFFAW37CA,大園段,321.11,都市：農,1,1,全筆移轉,03290000
RPQOMLQLJIOFFAW37CA,寧安四劃段,466.67,都市：農,15,7,持分移轉,00790000
RPQNMLOLJIOFFAW07CA,延平段,53.48,都市：農,10000,1231,持分移轉,03310000
RPQNMLOLJIOFFAW07CA,延平段,77.90,都市：農,1,1,全筆移轉,03330000
RPVNMLLLJIOFFAW27CA,寧湖一劃段,220.00,都市：住,2,1,持分移轉,02950000
RPQNMLMLJIOFFAW96DA,湖前段,125.02,都市：其他:機關用地、自然村專用區,8,1,持分移轉,05620000
RPQNMLPLJIOFFAW27DA,北四劃段,267.54,都市：農,1,1,全筆移轉,06020000
RPQNMLPLJIOFFAW27DA,北四劃段,79.46,都市：其他:道路用地,1,1,全筆移轉,06020001
RPSNMLMLJIOFFAW07CA,太湖劃測段,541.77,都市：農,1,1,全筆移轉,11560001
RPWNMLMLJIOFFAW47CA,沙田劃段,968.91,都市：其他:自然村專用區,1,1,全筆移轉,04150001
RPWNMLMLJIOFFAW47CA,沙田劃段,45.57,都市：其他:道路用地,1,1,全筆移轉,04150002
RPPNMLPLJIOFFAW07CA,山前段,44.17,都市：農,3,1,持分移轉,04430005
RPRNMLQLJIOFFAW37CA,北五劃段,871.94,都市：農,1,1,全筆移轉,02230000
RPRNMLQLJIOFFAW37CA,北五劃段,75.06,都市：其他:道路用地,1,1,全筆移轉,02230002
RPVNMLMLJIOFFAW37CA,夏興段,71.00,都市：其他:自然村專用區,1,1,全筆移轉,12600000
RPQNMLQLJIOFFAW27CA,古區測段,170.00,都市：其他:住宅區/農業區,1,1,全筆移轉,00410000
RPPNMLQLJIOFFAW17CA,古區測段,259.33,都市：其他:住宅區/農業區,1,1,全筆移轉,00400000
RPUNMLRLJIOFFAW77CA,太湖劃測段,493.56,都市：農,2,1,持分移轉,14180000
RPSNMLSLJIOFFAW67CA,陽宅段,113.50,都市：其他:自然村專用區,1,1,全筆移轉,10390009
RPROMLQLJIOFFAW47CA,寧湖一劃段,30.13,都市：其他:自然村專用區,10000,1612,持分移轉,05210000
RPSNMLSLJIOFFAW67CA,陽宅段,27.94,都市：其他:自然村專用區,12,1,持分移轉,10390000
RPSNMLSLJIOFFAW67CA,陽宅段,2.64,都市：其他:自然村專用區,14,1,持分移轉,10390015
RPROMLQLJIOFFAW47CA,寧湖一劃段,22.88,都市：其他:自然村專用區,10000,1612,持分移轉,05220000
RPRNMLRLJIOFFAW47CA,青山段,62.01,都市：其他:自然村專用區,10000,816,持分移轉,10790000
RPTNMLRLJIOFFAW67CA,太湖劃測段,493.56,都市：農,2,1,持分移轉,14180000
RPRNMLTLJIOFFAW67CA,市港段,31.64,都市：住,10000,367,持分移轉,01080000
RPOOMLSLJIOFFAW37CA,陽宅段,107.40,都市：其他:自然村專用區,1,1,全筆移轉,10390012
RPOOMLSLJIOFFAW37CA,陽宅段,27.94,都市：其他:自然村專用區,12,1,持分移轉,10390000
RPOOMLSLJIOFFAW37CA,陽宅段,2.64,都市：其他:自然村專用區,14,1,持分移轉,10390015
RPPNMLNJKIOFFAW76CA,北二三劃測段,472.54,都市：農,2,1,持分移轉,04430000
RPPNMLNJKIOFFAW76CA,北二三劃測段,222.22,都市：農,2,1,持分移轉,06010000
RPPNMLNJKIOFFAW76CA,北二三劃測段,27.78,都市：其他:道路用地,2,1,持分移轉,06010003
RPPNMLNJKIOFFAW76CA,北二三劃測段,225.19,都市：農,2,1,持分移轉,06450001
RPPOMLSLJIOFFAW47CA,金門城測段,42.02,都市：其他:自然村專用區,10000,736,持分移轉,07570000
RPQNMLKMJIOFFAW76CA,新頭段,79.04,都市：其他:自然村專用區,10000,238,持分移轉,11520000
RPPNMLKMJIOFFAW66CA,新頭段,75.72,都市：其他:自然村專用區,10000,228,持分移轉,11520000
RPWNMLSLJIOFFAW08CA,陽宅段,120.00,都市：其他:自然村專用區,1,1,全筆移轉,10390010
RPWNMLSLJIOFFAW08CA,陽宅段,27.94,都市：其他:自然村專用區,12,1,持分移轉,10390000
RPWNMLSLJIOFFAW08CA,陽宅段,2.64,都市：其他:自然村專用區,14,1,持分移轉,10390015
RPQOMLTLJIOFFAW67CA,西山段,701.01,都市：農,1,1,全筆移轉,06090000
RPQOMLTLJIOFFAW67CA,西山段,307.94,都市：其他:自然村專用區,1,1,全筆移轉,06090001
RPUNMLSLJIOFFAW87CA,陽宅段,109.80,都市：其他:自然村專用區,1,1,全筆移轉,10390011
RPUNMLSLJIOFFAW87CA,陽宅段,27.94,都市：其他:自然村專用區,12,1,持分移轉,10390000
RPUNMLSLJIOFFAW87CA,陽宅段,2.64,都市：其他:自然村專用區,14,1,持分移轉,10390015
RPQOMLSLJIOFFAW57CA,金門城測段,42.02,都市：其他:自然村專用區,10000,736,持分移轉,07570000
RPQNMLMJKIOFFAW76CA,寧湖二劃測段,213.40,都市：其他:自然村專用區,5,1,持分移轉,03960002
RPPOMLTLJIOFFAW57CA,羅劃測段,31.68,都市：其他:自然村專用區,10000,347,持分移轉,01870000
RPXNMLTLJIOFFAW28CA,寧山段,417.36,都市：農,1,1,全筆移轉,04630000
RPPNMLPJKIOFFAW96CA,安西劃段,327.43,都市：農,1,1,全筆移轉,08870001
RPSNMLTLJIOFFAW77CA,蔡厝劃測段,1540.00,都市：農,1,1,全筆移轉,00880000
RPQNMLPJKIOFFAW07CA,安西劃段,463.98,都市：農,1,1,全筆移轉,07900000
RPRNMLMJKIOFFAW86CA,安岐村測段,412.03,都市：其他:自然村專用區,1,1,全筆移轉,02120000
RPQNMLNJKIOFFAW86CA,珠山段,242.68,都市：農,1,1,全筆移轉,04130000
RPSNMLKKKIOFFAW96DA,太湖劃測段,1000.01,都市：農,1,1,全筆移轉,17610000
RPTNMLKKKIOFFAW07DA,太湖劃測段,1000.02,都市：農,1,1,全筆移轉,17600000
RPTNMLKKKIOFFAW07DA,多年段,360.74,都市：其他:風景區、道路用地,1,1,全筆移轉,04440000
RPRNMLPJKIOFFAW17CA,陳坑段,68.26,都市：其他:自然村專用區,750,200,持分移轉,05760000
RPRNMLPJKIOFFAW17CA,陳坑段,44.43,都市：其他:自然村專用區,100000,24634,持分移轉,05770000
RPRNMLKKKIOFFAW76CA,北四劃段,733.00,都市：農,1,1,全筆移轉,02260000
RPRNMLOJKIOFFAW17DA,榮湖段,6.31,都市：農,216,4,持分移轉,00800000
RPRNMLOJKIOFFAW17DA,榮湖段,13.89,都市：農,216,4,持分移轉,01010000
RPRNMLOJKIOFFAW17DA,榮湖段,4.75,都市：農,216,4,持分移轉,01040000
RPRNMLOJKIOFFAW17DA,榮湖段,6.79,都市：農,216,4,持分移轉,01290000
RPRNMLOJKIOFFAW17DA,榮湖段,9.96,都市：農,216,4,持分移轉,02440000
RPRNMLOJKIOFFAW17DA,榮湖段,3.03,都市：農,216,4,持分移轉,03350000
RPRNMLOJKIOFFAW17DA,榮湖段,5.85,都市：農,216,4,持分移轉,03360000
RPRNMLOJKIOFFAW17DA,榮湖段,5.96,都市：農,216,4,持分移轉,03380000
RPRNMLOJKIOFFAW17DA,榮湖段,5.36,都市：農,216,4,持分移轉,03390000
RPRNMLOJKIOFFAW17DA,榮湖段,3.35,都市：農,216,4,持分移轉,04480000
RPRNMLOJKIOFFAW17DA,榮湖段,5.46,都市：農,216,4,持分移轉,04590000
RPRNMLOJKIOFFAW17DA,榮湖段,9.66,都市：農,216,4,持分移轉,04740000
RPRNMLOJKIOFFAW17DA,榮湖段,6.81,都市：其他:農業區、道路用地,216,4,持分移轉,04860000
RPRNMLOJKIOFFAW17DA,榮湖段,9.55,都市：其他:保護區、道路用地,216,4,持分移轉,05120000
RPVNMLTJKIOFFAW08DA,吳厝村測段,43.03,都市：其他:自然村專用區,1000,163,持分移轉,01280000
RPUNMLKKKIOFFAW07CA,奎星樓段,17.50,都市：商,2,1,持分移轉,03360000
RPUNMLKKKIOFFAW07CA,奎星樓段,3.24,都市：其他:道路,2,1,持分移轉,03370000
SPQNMLNLKIOFFAW17CA,市港段,9.37,都市：住,309693,4636,持分移轉,01070000
UPQNMLNLKIOFFAW37CA,市港段,21.54,都市：住,309693,10660,持分移轉,01070000
TPQNMLNLKIOFFAW27CA,市港段,17.67,都市：住,309693,8743,持分移轉,01070000
RPWNMLKKKIOFFAW27CA,寧湖三劃段,23.10,都市：農,12,1,持分移轉,03270000
RPWNMLKKKIOFFAW27CA,寧湖三劃段,5.85,都市：農,12,1,持分移轉,03270001
RPWNMLKKKIOFFAW27CA,寧湖三劃段,124.73,都市：農,1,1,全筆移轉,03270006
RPWNMLKKKIOFFAW27CA,青山段,497.59,都市：農,1,1,全筆移轉,06520000
RPTNMLPJKIOFFAW37CA,長寮段,38.99,都市：其他:自然村專用區,100000,7345,持分移轉,07200000
RPPNMLOJKIOFFAW86CA,榮湖段,534.50,都市：農,1,1,全筆移轉,14160000
RPPNMLQJKIOFFAW07CA,大山段,188.00,都市：其他:自然村專用區,1,1,全筆移轉,10700000
RPRNMLQJKIOFFAW27CA,小西門劃測段,50.11,都市：其他:自然村專用區,10000,684,持分移轉,02330002
RPQNMLOJKIOFFAW07DA,沙港劃段,1000.03,都市：農,1,1,全筆移轉,04160000
RPUNMLPJKIOFFAW47CA,鎮西段,1.47,都市：農,100,4,持分移轉,00680000
RPUNMLPJKIOFFAW47CA,鎮西段,28.65,都市：農,10,1,持分移轉,00680004
RPUNMLPJKIOFFAW47CA,鎮西段,107.70,都市：農,1,1,全筆移轉,00680011
RPUNMLPJKIOFFAW47CA,洋山測段,235.30,都市：其他:保護區,1,1,全筆移轉,00580000
RPUNMLPJKIOFFAW47CA,洋山測段,489.46,都市：其他:保護區、農業區,1,1,全筆移轉,03840000
RPUNMLPJKIOFFAW47CA,后宅測段,307.98,都市：農,1,1,全筆移轉,00420000
RPPNMLNKKIOFFAW86CA,太武段,467.53,都市：其他:國家公園,1,1,全筆移轉,03270000
RPPNMLNKKIOFFAW86CA,太武段,688.38,都市：其他:國家公園,1,1,全筆移轉,03680003
RPPNMLNKKIOFFAW86CA,太武段,571.75,都市：其他:國家公園,1,1,全筆移轉,04410000
RPPNMLNKKIOFFAW86CA,太武段,502.53,都市：其他:國家公園,1,1,全筆移轉,04440000
RPPNMLNKKIOFFAW86CA,太武段,319.43,都市：其他:國家公園,1,1,全筆移轉,04470000
RPPNMLNKKIOFFAW86CA,太武段,590.88,都市：其他:國家公園,1,1,全筆移轉,07150000
RPPNMLNKKIOFFAW86CA,南雄段,196.00,都市：農,1,1,全筆移轉,06670001
RPRNMLKMKIOFFAW96CA,后沙劃測段,62.95,都市：其他:自然村,1,1,全筆移轉,06020000
RPVNMLOLKIOFFAW67CA,市港段,12.17,都市：住,100000,690,持分移轉,00580000
RPRNMLKMKIOFFAW96CA,后沙劃測段,113.05,都市：其他:道路用地,1,1,全筆移轉,06020001
RPSNMLTJKIOFFAW67CA,寧山段,58.49,都市：其他:自然村專用區,20,5,持分移轉,09620001
RPRNMLTJKIOFFAW57CA,羅劃測段,43.85,都市：其他:自然村專用區,10000,662,持分移轉,01990000
RPTNMLTJKIOFFAW77CA,寧山段,58.49,都市：其他:自然村專用區,20,5,持分移轉,09620001
RPROMLLKKIOFFAW96CA,市港段,19.95,都市：住,10000,288,持分移轉,00530000
RPQNMLTJKIOFFAW47CA,羅劃測段,43.85,都市：其他:自然村專用區,10000,662,持分移轉,01990000
RPTNMLLKKIOFFAW07CA,市港段,29.06,都市：住,10000,337,持分移轉,01080000
RPQNMLKMKIOFFAW86CA,延平段,644.04,都市：農,1,1,全筆移轉,05250000
RPQNMLLKKIOFFAW76CA,陽宅段,27.94,都市：其他:自然村專用區,12,1,持分移轉,10390000
RPQNMLLKKIOFFAW76CA,陽宅段,93.00,都市：其他:自然村專用區,1,1,全筆移轉,10390004
RPQNMLLKKIOFFAW76CA,陽宅段,2.64,都市：其他:自然村專用區,14,1,持分移轉,10390015
RPWNMLLKKIOFFAW37CA,東坑村測段,46.09,都市：其他:自然村專用區,12,1,持分移轉,00220000
RPPNMLQKKIOFFAW17CA,中一段,207.15,都市：農,10,3,持分移轉,03380000
RPPNMLQKKIOFFAW17CA,中三劃測段,365.12,都市：農,2,1,持分移轉,06790000
RPPNMLQKKIOFFAW17CA,中三劃測段,1.39,都市：其他:道路用地,2,1,持分移轉,06790001
RPQNMLOLKIOFFAW17CA,北九十劃段,252.32,都市：農,76,44,持分移轉,01410000
RPQNMLOLKIOFFAW17CA,北九十劃段,41.20,都市：其他:道路用地,76,44,持分移轉,01410001
RPQOMLLKKIOFFAW86CA,青岐段,164.00,都市：住,1,1,全筆移轉,06350000
RPRNMLQKKIOFFAW37CA,小西門劃測段,269.19,都市：住,1,1,全筆移轉,11430007
RPQNMLQKKIOFFAW27CA,中三劃測段,483.51,都市：農,2,1,持分移轉,06250000
RPRNMLOLKIOFFAW27CA,北九十劃段,976.69,都市：農,1,1,全筆移轉,02300000
RPSNMLQKKIOFFAW47CA,小西門劃測段,646.23,都市：住,1,1,全筆移轉,11430001
RPPNMLSKKIOFFAW37CA,榮湖段,971.55,都市：農,1,1,全筆移轉,13730000
RPPNMLSKKIOFFAW37CA,榮湖段,477.54,都市：農,1,1,全筆移轉,13740000
RPRNMLMLKIOFFAW07CA,新頭段,56.12,都市：其他:自然村專用區,10000,169,持分移轉,11520000
RPQNMLMLKIOFFAW96CA,新頭段,188.30,都市：其他:自然村專用區,10000,567,持分移轉,11520000
RPQNMLNLKIOFFAW07CA,市港段,23.01,都市：住,309693,11383,持分移轉,01070000
RPPNMLMLKIOFFAW86CA,新頭段,67.08,都市：其他:自然村專用區,10000,202,持分移轉,11520000
RPOOMLSKKIOFFAW37CA,市港段,29.23,都市：住,10000,339,持分移轉,01080000
RPQNMLSKKIOFFAW47CA,士校段,216.00,都市：其他:自然村/道路,1,1,全筆移轉,11120000
RPXNMLSKKIOFFAW18CA,市港段,31.56,都市：住,10000,366,持分移轉,01080000
RPQOMLSKKIOFFAW57CA,市港段,31.56,都市：住,10000,366,持分移轉,01080000
RPUNMLNLKIOFFAW47CA,金門城測段,49.57,都市：其他:自然村專用區,4,2,持分移轉,07710000
RPSOMLSKKIOFFAW77CA,市港段,36.12,都市：住,10000,419,持分移轉,01080000
RPROMLSKKIOFFAW67CA,市港段,29.23,都市：住,10000,339,持分移轉,01080000
RPUOMLSKKIOFFAW97CA,市港段,29.23,都市：住,10000,339,持分移轉,01080000
RPPOMLSKKIOFFAW47CA,市港段,36.12,都市：住,10000,419,持分移轉,01080000
RPPNMLTKKIOFFAW47CA,湖前段,112.77,都市：住,1,1,全筆移轉,08230006
RPPNMLTKKIOFFAW47CA,湖前段,1.20,都市：住,100,4,持分移轉,08230090
RPPNMLTKKIOFFAW47CA,湖前段,.91,都市：住,100,1,持分移轉,08230112
RPRNMLRKKIOFFAW47CA,寧安二劃段,666.67,都市：農,1,1,全筆移轉,03600000
RPTOMLSKKIOFFAW87CA,市港段,31.56,都市：住,10000,366,持分移轉,01080000
RPVNMLSKKIOFFAW97CA,吳厝村測段,112.20,都市：其他:自然村專用區,1,1,全筆移轉,01450000
RPWNMLSKKIOFFAW08CA,湖前段,97.28,都市：其他:自然村專用區,10000,1225,持分移轉,03990000
TPWNMLSKKIOFFAW28CA,湖前段,96.48,都市：其他:自然村專用區,10000,1215,持分移轉,03990000
RPUNMLSKKIOFFAW87CA,市港段,18.91,都市：商,10000,523,持分移轉,00910000
SPWNMLSKKIOFFAW18CA,湖前段,111.81,都市：其他:自然村專用區,10000,1408,持分移轉,03990000
RPXNMLQKKIOFFAW97CA,烈濱劃測段,672.01,都市：農,1,1,全筆移轉,05280000
RPXNMLQKKIOFFAW97CA,烈濱劃測段,481.48,都市：農,1,1,全筆移轉,07240000
RPXNMLQKKIOFFAW97CA,烈濱劃測段,495.00,都市：農,1,1,全筆移轉,07290000
RPRNMLSKKIOFFAW57CA,延平段,205.05,都市：其他:風景區,4,1,持分移轉,00930000
RPSNMLSKKIOFFAW67CA,寧山段,58.49,都市：其他:自然村專用區,20,5,持分移轉,09620001
RPVOMLSKKIOFFAW08CA,市港段,36.12,都市：住,10000,419,持分移轉,01080000
RPWOMLSKKIOFFAW18CA,蔡厝劃測段,534.03,都市：農,1,1,全筆移轉,00250000
RPTNMLNLKIOFFAW37CA,金門城測段,139.17,都市：其他:自然村專用區,7,2,持分移轉,08610000
RPTNMLNLKIOFFAW37CA,金門城測段,57.16,都市：其他:自然村專用區,14,2,持分移轉,08730000
RPPNMLKLKIOFFAW66CA,新市段,28.50,都市：住,20,1,持分移轉,01230000
RPXOMLSKKIOFFAW28CA,中五劃段,1056.30,都市：農,1,1,全筆移轉,01590000
RPOPMLSKKIOFFAW47CA,官嶼劃段,984.00,都市：農,1,1,全筆移轉,02800000
RPOPMLSKKIOFFAW47CA,官嶼劃段,16.00,都市：農,1,1,全筆移轉,02800001
RPSNMLTKKIOFFAW77CA,庵前劃測段,24.27,都市：其他:自然村專用區,10000,561,持分移轉,03700000
RPPNMLKMKIOFFAW76CA,中一段,417.20,都市：其他:農業區，道路用地,1,1,全筆移轉,00510000
RPTNMLTKKIOFFAW87CA,寧湖一劃段,500.03,都市：農,1,1,全筆移轉,05660000
RPRNMLRLKIOFFAW57CA,寧北一劃段,977.06,都市：農,1,1,全筆移轉,01980000
RPQNMLLMKIOFFAW96CA,山外段,72.01,都市：商,1,1,全筆移轉,05030000
RPPNMLLLKIOFFAW76CA,大山段,645.21,都市：其他:國家公園,1,1,全筆移轉,04650000
RPPNMLLLKIOFFAW76CA,蔡厝劃測段,501.88,都市：農,1,1,全筆移轉,00650000
RPPNMLLLKIOFFAW76CA,蔡厝劃測段,501.01,都市：農,1,1,全筆移轉,00840000
RPOOMLOLKIOFFAW07CA,下埔下測段,97.39,都市：其他:自然村專用區,3,2,持分移轉,00370000
RPPNMLOLKIOFFAW07CA,北九十劃段,488.48,都市：農,2,1,持分移轉,02430000
RPRNMLNLKIOFFAW17CA,庵邊段,51.09,都市：住,10000,1101,持分移轉,02470000
RPPOMLOLKIOFFAW17CA,赤岑段,437.49,都市：農,1,1,全筆移轉,13160000
RPPNMLQLKIOFFAW27CA,長寮段,653.76,都市：其他:自然村專用區,1,1,全筆移轉,00810000
RPTNMLQLKIOFFAW67CA,青山段,56.00,都市：其他:自然村專用區,10000,1065,持分移轉,10350000
RPPNMLLMKIOFFAW86CA,北一段,26.28,都市：住,8,1,持分移轉,03430000
RPSNMLLMKIOFFAW17CA,后頭段,111.00,都市：其他:自然村專用區,1,1,全筆移轉,01270002
RPRNMLPLKIOFFAW37CA,山前段,144.97,都市：農,1,1,全筆移轉,05360000
RPQNMLPLKIOFFAW27CA,城北段,37.74,都市：住,1,1,全筆移轉,06130001
RPQNMLPLKIOFFAW27CA,城北段,31.82,都市：商,1,1,全筆移轉,06150001
RPUNMLRLKIOFFAW87CA,寧安二劃段,153.30,都市：其他:國家公園區,1,1,全筆移轉,02900008
RPUNMLRLKIOFFAW87CA,寧安二劃段,153.33,都市：其他:國家公園區,1,1,全筆移轉,02900007
RPUNMLRLKIOFFAW87CA,寧安二劃段,432.59,都市：其他:國家公園區,1,1,全筆移轉,02900003
RPUNMLRLKIOFFAW87CA,寧安二劃段,180.78,都市：農,1,1,全筆移轉,02900005
RPPNMLRLKIOFFAW37CA,尚義段,9.04,都市：其他:自然村專用區,10000,336,持分移轉,10470000
RPPNMLRLKIOFFAW37CA,尚義段,35.99,都市：其他:自然村專用區,10000,336,持分移轉,10480001
RPUNMLQLKIOFFAW77CA,尚義段,8.15,都市：其他:自然村專用區,10000,303,持分移轉,10470000
RPUNMLQLKIOFFAW77CA,尚義段,32.45,都市：其他:自然村專用區,10000,303,持分移轉,10480001
RPQNMLRLKIOFFAW47CA,尚義段,9.25,都市：其他:自然村專用區,10000,344,持分移轉,10470000
RPQNMLRLKIOFFAW47CA,尚義段,36.84,都市：其他:自然村專用區,10000,344,持分移轉,10480001
RPSNMLQLKIOFFAW57CA,寧安二劃段,859.99,都市：農,1,1,全筆移轉,01110000
RPQNMLSJJHPFFAW37DA,山柄段,622.29,都市：農,1,1,全筆移轉,13770000
RPRNMLTJJHPFFAW57DA,中六劃段,820.00,都市：其他:國家公園區,1,1,全筆移轉,00650000
RPSNMLKMKIOFFAW07CA,奎星樓段,36.99,都市：住,1,1,全筆移轉,05420000
RPRNMLTKKIOFFAW77DA,斗門劃測段,812.44,都市：農,1,1,全筆移轉,06560000
RPPNMLQJJHPFFAW07DA,盤山村段,41.00,都市：其他:自然村專用區,6,1,持分移轉,02430000
RPRNMLQLKIOFFAW57DA,鳳翔段,95.87,都市：其他:道路用地、停車場用地,1,1,全筆移轉,01930001
RPUNMLKLKIOFFAW27DA,湖尚劃段,250.00,都市：其他:自然村專用區,1,1,全筆移轉,00520002
RPTNMLOLKIOFFAW57DA,北二三劃測段,12.91,都市：其他:自然村專用區,10000,778,持分移轉,02290003
RPPNMLKKJHPFFAW09CA,市港段,26.01,都市：住,10000,783,持分移轉,00550000
RPROMLRJJHPFFAW37CA,北九劃段,1000.00,都市：農,1,1,全筆移轉,09320000
RPROMLRJJHPFFAW37CA,北九劃段,500.00,都市：農,2,1,持分移轉,09840000
RPRNMLMJJHPFFAW76CA,湖前段,48.34,都市：住,4,1,持分移轉,06500000
RPSNMLQJJHPFFAW27CA,農試所段,2900.89,都市：農,1,1,全筆移轉,01160001
RPSNMLQJJHPFFAW27CA,農試所段,2900.89,都市：農,1,1,全筆移轉,01160000
RPOOMLMJJHPFFAW56CA,汶沙測段,72.84,都市：住,3,1,持分移轉,12140000
RPVNMLMJJHPFFAW17CA,山外段,3.32,都市：其他:廣場兼停車場用地,2,1,持分移轉,05510000
RPVNMLMJJHPFFAW17CA,山外段,70.67,都市：其他:道路用地,2,1,持分移轉,05520000
RPVNMLMJJHPFFAW17CA,山外段,35.60,都市：其他:兒童遊樂場用地,2,1,持分移轉,05530000
RPXNMLMJJHPFFAW37CA,汶沙測段,72.84,都市：住,3,1,持分移轉,12140000
RPWNMLMJJHPFFAW27CA,汶沙測段,72.84,都市：住,3,1,持分移轉,12140000
RPTNMLSJJHPFFAW57CA,浯坑劃測段,523.10,都市：農,1,1,全筆移轉,06340002
RPTNMLSJJHPFFAW57CA,浯坑劃測段,14.06,都市：其他:道路,1,1,全筆移轉,06340003
RPUNMLMJJHPFFAW07CA,湖前段,48.34,都市：住,4,1,持分移轉,06500000
RPTNMLQJJHPFFAW37CA,寧山段,236.97,都市：其他:保護區,1,1,全筆移轉,02250000
RPUNMLSJJHPFFAW77DA,煙墩段,485.38,都市：其他:自然村專用區,6,4,持分移轉,10570000
RPUNMLSJJHPFFAW77DA,煙墩段,103.15,都市：其他:道路用地,6,4,持分移轉,10570001
RPPNMLRJJHPFFAW07CA,官嶼劃段,798.92,都市：農,1,1,全筆移轉,00240000
RPXNMLSJJHPFFAW97CA,湖前段,166.71,都市：其他:自然村專用區,1,1,全筆移轉,05610003
RPPNMLSJJHPFFAW17CA,太湖劃測段,1000.02,都市：農,1,1,全筆移轉,17230000
RPPNMLNJJHPFFAW66CA,榜林村測段,59.18,都市：其他:自然村專用區,6,1,持分移轉,02990000
RPPNMLNJJHPFFAW66CA,榜林村測段,10.67,都市：其他:道路用地,6,1,持分移轉,02990001
RPSNMLRJJHPFFAW37CA,市港段,28.71,都市：住,10000,333,持分移轉,01080000
RPTNMLLMKIOFFAW27CA,寧安四劃段,49.00,都市：其他:自然村專用區,9,1,持分移轉,03190000
RPTNMLLMKIOFFAW27CA,寧安四劃段,17.87,都市：其他:自然村專用區,10000,587,持分移轉,03190019
RPTOMLSJJHPFFAW67CA,官嶼劃段,492.00,都市：農,2,1,持分移轉,02820000
RPTOMLSJJHPFFAW67CA,官嶼劃段,8.00,都市：農,2,1,持分移轉,02820001
RPOOMLSJJHPFFAW17CA,尚義段,16.81,都市：其他:自然村專用區,10000,625,持分移轉,10470000
RPOOMLSJJHPFFAW17CA,尚義段,66.94,都市：其他:自然村專用區,10000,625,持分移轉,10480001
RPSOMLSJJHPFFAW57CA,官嶼劃段,492.00,都市：農,2,1,持分移轉,05280000
RPSOMLSJJHPFFAW57CA,官嶼劃段,8.00,都市：農,2,1,持分移轉,05280001
RPRNMLSJJHPFFAW37CA,祥瑞段,24.54,都市：住,1000,101,持分移轉,07650000
RPUNMLRJJHPFFAW57CA,延平段,51.93,都市：住,100000,5934,持分移轉,02230000
RPUNMLRJJHPFFAW57CA,延平段,3.65,都市：住,100000,5934,持分移轉,02230009
RPVNMLSJJHPFFAW77CA,古塔段,260.55,都市：其他:自然村專用區,1,1,全筆移轉,00700000
RPVNMLSJJHPFFAW77CA,古塔段,626.38,都市：其他:自然村專用區,1,1,全筆移轉,00720000
RPSNMLTJJHPFFAW57CA,汶沙測段,106.46,都市：住,5,4,持分移轉,11880000
RPWNMLSJJHPFFAW87CA,寧安二劃段,456.50,都市：農,2,1,持分移轉,00680000
RPQOMLRJJHPFFAW37DA,寧湖二劃測段,46.67,都市：其他:自然村專用區,24,1,持分移轉,08820000
RPQOMLRJJHPFFAW37DA,寧湖二劃測段,15.29,都市：其他:自然村專用區,24,1,持分移轉,08830001
RPSNMLNKJHPFFAW07CA,尚義段,472.73,都市：農,1,1,全筆移轉,04700000
RPPNMLNKJHPFFAW76CA,官嶼劃段,992.00,都市：農,1,1,全筆移轉,03480000
RPPNMLNKJHPFFAW76CA,官嶼劃段,8.00,都市：農,1,1,全筆移轉,03480001
RPPNMLTJJHPFFAW27CA,后沙劃測段,574.43,都市：農,1,1,全筆移轉,01630000
RPQNMLLKJHPFFAW66CA,汶沙測段,95.65,都市：其他:自然村專用區,1,1,全筆移轉,09230000
RPRNMLLKJHPFFAW76CA,汶沙測段,123.00,都市：其他:自然村專用區,1,1,全筆移轉,09200000
RPSNMLOKJHPFFAW17CA,寧湖六劃段,1000.00,都市：農,1,1,全筆移轉,01130000
RPUNMLNKJHPFFAW27CA,金門城測段,31.92,都市：其他:自然村,12,1,持分移轉,04460000
RPXNMLPKJHPFFAW77CA,寧湖三劃段,465.76,都市：農,1,1,全筆移轉,01260000
RPWNMLPKJHPFFAW67CA,新頭段,854.85,都市：農,1,1,全筆移轉,03020000
RPPNMLOKJHPFFAW86CA,北九十劃段,183.51,都市：農,76,32,持分移轉,01410000
RPPNMLOKJHPFFAW86CA,北九十劃段,29.97,都市：其他:道路用地,76,32,持分移轉,01410001
RPPOMLPKJHPFFAW07CA,寧湖一劃段,30.87,都市：其他:自然村專用區,200000,6913,持分移轉,03990000
RPTNMLPKJHPFFAW37CA,煙墩段,443.50,都市：其他:保護區,2,1,持分移轉,00940000
RPRNMLKLJHPFFAW76CA,新市段,76.86,都市：商,1,1,全筆移轉,07290000
RPRNMLKLJHPFFAW76CA,新市段,7.18,都市：其他:遊憩用地,1,1,全筆移轉,07300000
RPTOMLPKJHPFFAW47CA,公園測段,387.32,都市：其他:自然村專用區,1,1,全筆移轉,11620000
RPTOMLPKJHPFFAW47CA,公園測段,127.68,都市：其他:自然村專用區、道路用地,1,1,全筆移轉,11620001
RPTOMLPKJHPFFAW47CA,公園測段,120.68,都市：其他:保護區,1,1,全筆移轉,11620002
RPTNMLQKJHPFFAW47CA,官嶼劃段,500.00,都市：農,1,1,全筆移轉,10220001
RPXNMLRKJHPFFAW97CA,煙墩段,806.48,都市：其他:保護區,1,1,全筆移轉,00110000
RPQNMLKLJHPFFAW66CA,湖前段,378.00,都市：其他:自然村專用區,1,1,全筆移轉,14150000
RPVNMLQKJHPFFAW67CA,長寮段,39.60,都市：其他:自然村專用區,100000,7459,持分移轉,07200000
RPWNMLOKJHPFFAW67DA,湖前段,38.14,都市：其他:自然村,10000,454,持分移轉,05380000
SPRNMLOKJHPFFAW27DA,湖前段,83.68,都市：其他:自然村,10000,996,持分移轉,05380000
RPRNMLOKJHPFFAW17DA,湖前段,83.68,都市：其他:自然村,10000,996,持分移轉,05380000
RPVNMLOKJHPFFAW57DA,湖前段,44.53,都市：其他:自然村,10000,530,持分移轉,05380000
RPSNMLPJKHPFFAW37DA,新頭段,240.00,都市：農,2,1,持分移轉,02210001
SPWNMLOKJHPFFAW77DA,湖前段,38.73,都市：其他:自然村,10000,461,持分移轉,05380000
RPSNMLPJKHPFFAW37DA,新頭段,287.54,都市：農,2,1,持分移轉,02220000
RPSNMLPJKHPFFAW37DA,新頭段,546.72,都市：農,2,1,持分移轉,02230000
RPOOMLOKJHPFFAW96DA,湖前段,39.99,都市：其他:自然村,10000,476,持分移轉,05380000
RPSOMLPKJHPFFAW37CA,榮湖段,971.55,都市：農,1,1,全筆移轉,13730000
RPSOMLPKJHPFFAW37CA,榮湖段,477.54,都市：農,1,1,全筆移轉,13740000
RPXNMLOKJHPFFAW77DA,湖前段,38.73,都市：其他:自然村,10000,461,持分移轉,05380000
RPQOMLPKJHPFFAW17CA,寧湖二劃測段,30.85,都市：其他:自然村專用區,10000,293,持分移轉,03960000
RPOOMLPKJHPFFAW96CA,湖前段,27.74,都市：住,10,1,持分移轉,01450000
RPRNMLRKJHPFFAW37CA,官嶼劃段,492.00,都市：農,2,1,持分移轉,06740000
RPRNMLRKJHPFFAW37CA,官嶼劃段,8.00,都市：農,2,1,持分移轉,06740001
RPSNMLRKJHPFFAW47CA,寧安二劃段,500.00,都市：農,1,1,全筆移轉,02390001
RPWNMLRKJHPFFAW87CA,吳厝村測段,109.99,都市：其他:自然村專用區,30000,6774,持分移轉,01430000
RPTNMLRKJHPFFAW57CA,羅劃測段,43.85,都市：其他:自然村專用區,10000,662,持分移轉,01990000
RPUNMLRKJHPFFAW67CA,赤岑段,748.63,都市：其他:國家公園區,1,1,全筆移轉,01080000
RPPNMLRKJHPFFAW17CA,沙港劃段,948.99,都市：農,1,1,全筆移轉,00190000
RPPNMLRKJHPFFAW17CA,沙港劃段,51.52,都市：其他:道路用地,1,1,全筆移轉,00190001
RPQNMLPKJHPFFAW17DA,湖前段,62.76,都市：其他:自然村,10000,747,持分移轉,05380000
RPQNMLRKJHPFFAW37DA,西方段,54.00,都市：其他:自然村專用區,1,1,全筆移轉,05310000
RPRNMLPKJHPFFAW27DA,湖前段,62.76,都市：其他:自然村,10000,747,持分移轉,05380000
RPPNMLPKJHPFFAW07DA,湖前段,62.76,都市：其他:自然村,10000,747,持分移轉,05380000
RPTNMLLLJHPFFAW07CA,尚義段,7.88,都市：其他:自然村專用區,10000,293,持分移轉,10470000
RPTNMLLLJHPFFAW07CA,尚義段,31.38,都市：其他:自然村專用區,10000,293,持分移轉,10480001
RPUNMLLLJHPFFAW27DA,尚義段,8.72,都市：其他:自然村,10000,324,持分移轉,10470000
RPUNMLLLJHPFFAW27DA,尚義段,34.70,都市：其他:自然村,10000,324,持分移轉,10480001
RPRNMLMLJHPFFAW96CA,湖前段,48.34,都市：住,4,1,持分移轉,06500000
RPWNMLKLJHPFFAW27CA,湖前段,111.32,都市：其他:自然村,997010,11132,持分移轉,04210000
RPPNMLLMJHPFFAW76CA,塔后段,210.84,都市：住,1,1,全筆移轉,05630000
RPQNMLKMJHPFFAW76CA,市港段,48.61,都市：住,100000,13153,持分移轉,00070000
RPVNMLLLJHPFFAW27CA,慈湖段,1274.35,都市：其他:國家公園區,1,1,全筆移轉,02010000
RPPNMLPJKHPFFAW96CA,新頭段,87.30,都市：其他:道路用地,1,1,全筆移轉,04480001
RPPNMLKMJHPFFAW66CA,北九十劃段,976.13,都市：農,1,1,全筆移轉,01310000
RPSNMLLMJHPFFAW07CA,北二三劃測段,50.50,都市：其他:自然村專用區,10000,273,持分移轉,02640000
RPTNMLMLJHPFFAW17CA,青山段,74.65,都市：住,10000,877,持分移轉,10450001
RPSNMLMLJHPFFAW07CA,湖前段,48.34,都市：住,4,1,持分移轉,06500000
RPXNMLLLJHPFFAW47CA,青山段,59.50,都市：其他:自然村專用區,10000,783,持分移轉,10790000
RPTNMLPJKHPFFAW37CA,中山林段,780.84,都市：其他:農業區、保護區,1,1,全筆移轉,02250000
RPSNMLKMJHPFFAW07DA,瓊林段,1420.34,都市：其他:國家公園區,1,1,全筆移轉,05130000
RPRNMLLMJHPFFAW96CA,沙碧劃段,1000.00,都市：其他:保護區,1,1,全筆移轉,00980000
RPRNMLPJKHPFFAW27DA,城南段,52.06,都市：住,1,1,全筆移轉,03360000
RPRNMLKMJHPFFAW86CA,尚義段,7.18,都市：其他:自然村專用區,10000,267,持分移轉,10470000
RPRNMLKMJHPFFAW86CA,尚義段,28.60,都市：其他:自然村專用區,10000,267,持分移轉,10480001
RPRNMLNJKHPFFAW96CA,延平段,740.05,都市：農,1,1,全筆移轉,01520000
RPQNMLPJKHPFFAW17DA,安岐村測段,412.03,都市：住,1,1,全筆移轉,02120000
RPSNMLQJKHPFFAW37CA,烈濱劃測段,643.98,都市：農,1,1,全筆移轉,14730000
RPUNMLQJKHPFFAW57CA,盤山村段,17.67,都市：其他:自然村專用區,6,1,持分移轉,02360000
RPUNMLQJKHPFFAW57CA,北二三劃測段,500.00,都市：農,2,1,持分移轉,04580000
RPUNMLQJKHPFFAW57CA,北二三劃測段,446.08,都市：農,2,1,持分移轉,06570000
RPUNMLQJKHPFFAW57CA,北二三劃測段,53.92,都市：其他:道路用地,2,1,持分移轉,06570001
RPVNMLQJKHPFFAW67CA,寧湖二劃測段,34.32,都市：其他:自然村專用區,10000,326,持分移轉,03960000
RPQNMLQJKHPFFAW17CA,青山段,77.81,都市：其他:自然村專用區,10000,1024,持分移轉,10790000
RPTNMLQJKHPFFAW47CA,金門城測段,41.50,都市：其他:自然村專用區,10000,727,持分移轉,07570000
RPRNMLKKKHPFFAW86DA,沙港劃段,1000.05,都市：農,1,1,全筆移轉,04620000
RPSNMLLKKHPFFAW07DA,中三劃測段,480.00,都市：農,1,1,全筆移轉,04590000
RPQNMLLKKHPFFAW76CA,士校段,216.00,都市：其他:自然村/道路,1,1,全筆移轉,11120000
RPRNMLNKKHPFFAW07CA,城北段,3.45,都市：其他:道路用地,2,1,持分移轉,05050000
RPRNMLNKKHPFFAW07CA,城北段,9.64,都市：其他:道路用地、第二種商業區,2,1,持分移轉,05060000
RPRNMLLKKHPFFAW86CA,中一段,989.41,都市：農,1,1,全筆移轉,00320000
RPOOMLQJKHPFFAW07CA,寧湖二劃測段,1000.02,都市：農,1,1,全筆移轉,08420000
RPTNMLLKKHPFFAW07CA,榮湖段,534.50,都市：農,1,1,全筆移轉,14160000
RPQNMLNKKHPFFAW96CA,汶沙測段,106.00,都市：住,1,1,全筆移轉,06610000
RPXNMLQJKHPFFAW87CA,市港段,20.99,都市：住,10000,303,持分移轉,00530000
