﻿鄉鎮市區,交易標的,土地位置建物門牌,土地移轉總面積平方公尺,都市土地使用分區,非都市土地使用分區,非都市土地使用編定,交易年月日,交易筆棟數,移轉層次,總樓層數,建物型態,主要用途,主要建材,建築完成年月,建物移轉總面積平方公尺,建物現況格局-房,建物現況格局-廳,建物現況格局-衛,建物現況格局-隔間,有無管理組織,總價元,單價元平方公尺,車位類別,車位移轉總面積(平方公尺),車位總價元,備註,編號,主建物面積,附屬建物面積,陽台面積,電梯,移轉編號
The villages and towns urban district,transaction sign,land sector position building sector house number plate,land shifting total area square meter,the use zoning or compiles and checks,the non-metropolis land use district,non-metropolis land use,transaction year month and day,transaction pen number,shifting level,total floor number,building state,main use,main building materials,construction to complete the years,building shifting total area,Building present situation pattern - room,building present situation pattern - hall,building present situation pattern - health,building present situation pattern - compartmented,Whether there is manages the organization,total price NTD,the unit price (NTD / square meter),the berth category,berth shifting total area square meter,the berth total price NTD,the note,serial number,,,,,
馬公市,房地(土地+建物),澎湖縣馬公市朝陽路７７號六樓,28.51,住,,,1080917,土地4建物1車位0,六層,七層,華廈(10層含以下有電梯),住家用,鋼筋混凝土造,0830509,169.64000000000001,4,1,2,有,有,4250000,25053,,0.0,0,,RPRNMLLKJIOFFAX86CA,114.66,20.58,0.0,,
馬公市,土地,文東段830地號,275.14,,一般農業區,農牧用地,1081023,土地1建物0車位0,,,其他,,,,0.0,0,0,0,有,無,3500000,12721,,0.0,0,親友、員工或其他特殊關係間之交易。；,RPVNMLMKJIOFFAX37CA,0.0,0.0,0.0,,
西嶼鄉,土地,大池段1161地號,223.34,,一般農業區,農牧用地,1081102,土地1建物0車位0,,,其他,,,,0.0,0,0,0,有,無,350000,1567,,0.0,0,,RPOOMLNKJIOFFAX86CA,0.0,0.0,0.0,,
馬公市,房地(土地+建物),澎湖縣馬公市中山路１２巷７號,23.25,住,,,1081021,土地1建物1車位0,全,一層,透天厝,住家用,造,,16.48,0,0,0,無,無,770000,46723,,0.0,0,,RPQNMLOKJIOFFAX07CA,16.48,0.0,0.0,,
馬公市,房地(土地+建物),澎湖縣馬公市貿商街１２７號八樓之二,28.65,住,,,1080927,土地1建物1車位0,八層,十二層,住宅大樓(11層含以上有電梯),集合住宅,鋼筋混凝土造,0950629,192.67000000000002,3,2,2,有,有,5000000,25951,,0.0,0,,RPQPMLTKJIOFFAX77CA,103.06,0.0,11.74,,
馬公市,房地(土地+建物),澎湖縣馬公市西文澳９２之２９號,121.9,住,,,1081015,土地1建物1車位0,全,四層,透天厝,住家用,鋼筋混凝土造,1080119,342.02,6,2,7,有,無,25000000,73095,,0.0,0,,RPPNMLLLJIOFFAX76CA,328.34,13.68,0.0,,
馬公市,土地,文化段646地號,0.83,其他,,,1081021,土地1建物0車位0,,,其他,,,,0.0,0,0,0,有,無,60418,0,,0.0,0,綜合體育館周邊道路新建工程協議價購73000元/M2,RPRNMLSKJIOFFAX57CA,0.0,0.0,0.0,,
西嶼鄉,土地,池東段676地號,441.31,,鄉村區,乙種建築用地,1081004,土地1建物0車位0,,,其他,,,,0.0,0,0,0,有,無,2800000,6345,,0.0,0,,RPPNMLOKJIOFFAX96CA,0.0,0.0,0.0,,
西嶼鄉,土地,竹灣段1058地號,964.12,,一般農業區,農牧用地,1081106,土地1建物0車位0,,,其他,,,,0.0,0,0,0,有,無,1380000,1431,,0.0,0,親友、員工或其他特殊關係間之交易。；,RPPNMLMLJIOFFAX86CA,0.0,0.0,0.0,,
馬公市,土地,西澳段690地號,110.01,住,,,1081101,土地1建物0車位0,,,其他,,,,0.0,0,0,0,有,無,8818670,80162,,0.0,0,,RPQNMLMLJIOFFAX96CA,0.0,0.0,0.0,,
馬公市,房地(土地+建物)+車位,澎湖縣馬公市貿商街１２８號二樓之一,28.45,住,,,1080728,土地2建物1車位1,二層,十四層,住宅大樓(11層含以上有電梯),集合住宅,鋼筋混凝土造,0950710,174.7,3,2,2,有,無,4800000,27476,坡道平面,0.0,0,,RPVOMLMLJIOFFAX57CA,94.92,0.0,11.16,,
湖西鄉,土地,成功南段246-9地號,186.86,,一般農業區,甲種建築用地,1081015,土地2建物0車位0,,,其他,,,,0.0,0,0,0,有,無,9340000,49984,,0.0,0,含未來房屋興建價款,RPQNMLTLJIOFFAX67CA,0.0,0.0,0.0,,
馬公市,房地(土地+建物),澎湖縣馬公市大仁街１６號、18號、20號,201.0,商,,,1080916,土地3建物3車位0,全,五層,透天厝,住商用,鋼筋混凝土造,0820730,1076.92,24,3,27,有,無,60000000,55714,,0.0,0,含商號一併移轉,RPQNMLLMKIOFFAX07CA,1076.92,0.0,0.0,,
馬公市,土地,裡新段18-1地號,14.73,,森林區,丙種建築用地,1081028,土地1建物0車位0,,,其他,,,,0.0,0,0,0,有,無,143912,9770,,0.0,0,向政府機關承購之案件。；,RPQNMLPKJIOFFAX27DA,0.0,0.0,0.0,,
馬公市,土地,北極段1174-1地號,13.95,住,,,1081015,土地1建物0車位0,,,其他,,,,0.0,0,0,0,有,無,276350,19810,,0.0,0,向政府機關承購之案件。；,RPSNMLMLJIOFFAX27DA,0.0,0.0,0.0,,
馬公市,土地,東澳段362-2地號,2.37,住,,,1081018,土地2建物0車位0,,,其他,,,,0.0,0,0,0,有,無,156633,66090,,0.0,0,向政府機關承購之案件。；,RPTNMLOKJIOFFAX47DA,0.0,0.0,0.0,,
馬公市,土地,五德東段121地號,503.17,,一般農業區,農牧用地,1081031,土地1建物0車位0,,,其他,,,,0.0,0,0,0,有,無,3957200,7865,,0.0,0,,RPRNMLPKJIOFFAX27CA,0.0,0.0,0.0,,
馬公市,房地(土地+建物),澎湖縣馬公市中華路196號,64.71,住,,,1081030,土地7建物1車位0,全,三層,透天厝,住商用,鋼筋混凝土造,0700709,153.3,3,2,3,有,無,8000000,52185,,0.0,0,,RPTNMLSKJIOFFAX77CA,153.3,0.0,0.0,,
馬公市,土地,文東段1826地號,512.96,,一般農業區,農牧用地,1081104,土地1建物0車位0,,,其他,,,,0.0,0,0,0,有,無,1460000,2846,,0.0,0,,RPPNMLSKJIOFFAX37CA,0.0,0.0,0.0,,
馬公市,房地(土地+建物)+車位,澎湖縣馬公市貿商街１２８號二樓之三,28.82,住,,,1081021,土地2建物1車位1,二層,十四層,住宅大樓(11層含以上有電梯),集合住宅,鋼筋混凝土造,0950710,177.19,3,2,2,有,有,5700000,32169,坡道平面,0.0,0,,RPPNMLPLJIOFFAX17CA,96.71,0.0,10.96,,
馬公市,房地(土地+建物)+車位,澎湖縣馬公市林森路３６號四樓,18.55,其他,,,1080923,土地2建物1車位1,四層,八層,華廈(10層含以下有電梯),住家用,鋼筋混凝土造,0850202,134.53,3,1,2,有,無,4980000,37018,坡道機械,0.0,0,,RPSNMLQLJIOFFAX57CA,93.58,0.0,11.04,,
馬公市,土地,安宅段101-4地號,715.25,,一般農業區,農牧用地,1081106,土地2建物0車位0,,,其他,,,,0.0,0,0,0,有,無,37000000,51730,,0.0,0,共有人3人。農變建專案核准交易總價包括未興建房屋建築費用。,RPSNMLOLJIOFFAX37CA,0.0,0.0,0.0,,
馬公市,房地(土地+建物),澎湖縣馬公市東文澳１７９之３９號,62.65,,一般農業區,甲種建築用地,1081015,土地1建物1車位0,全,三層,透天厝,住家用,鋼筋混凝土加強磚造,0760328,121.8,5,1,4,有,無,8000000,65681,,0.0,0,,RPSNMLLLJIOFFAX07CA,121.8,0.0,0.0,,
馬公市,房地(土地+建物),澎湖縣馬公市後窟潭２之２０號,62.05,,鄉村區,乙種建築用地,1081030,土地1建物1車位0,全,三層,透天厝,住家用,鋼筋混凝土加強磚造,0720201,116.6,4,2,2,有,無,3000000,25729,,0.0,0,,RPSPMLTKJIOFFAX97CA,116.6,0.0,0.0,,
西嶼鄉,土地,竹篙灣段3680地號,4091.0,,風景區,農牧用地,1081105,土地1建物0車位0,,,其他,,,,0.0,0,0,0,有,無,11200000,2738,,0.0,0,,RPUNMLPKJIOFFAX57CA,0.0,0.0,0.0,,
馬公市,房地(土地+建物),澎湖縣馬公市東衛６之３１號,738.86,,一般農業區,甲種建築用地,1080924,土地5建物1車位0,全,三層,透天厝,住家用,鋼筋混凝土造,1000104,422.07,7,2,7,有,無,25000000,59232,,0.0,0,,RPSNMLSKJIOFFAX67CA,397.3,24.77,0.0,,
馬公市,房地(土地+建物),澎湖縣馬公市鎖管港１３０７號,73.09,住,,,1081104,土地1建物1車位0,全,二層,透天厝,住家用,鋼筋混凝土加強磚造,0681130,94.88,4,1,2,有,無,2100000,22133,,0.0,0,,RPOOMLKLJIOFFAX66CA,94.88,0.0,0.0,,
馬公市,房地(土地+建物),澎湖縣馬公市中興路４巷７號,27.0,商,,,1081022,土地1建物1車位0,全,二層,透天厝,商業用,鋼筋混凝土加強空心磚造,0610828,43.95,2,1,2,有,無,3650000,83049,,0.0,0,,RPQNMLTKJIOFFAX57CA,43.95,0.0,0.0,,
馬公市,房地(土地+建物),澎湖縣馬公市三多路３７０巷１號,126.29,住,,,1081105,土地2建物1車位0,全,三層,透天厝,住家用,鋼筋混凝土造,0950925,225.62,4,2,4,有,無,15800000,70029,,0.0,0,,RPSNMLTKJIOFFAX77CA,220.04,0.0,5.58,,
馬公市,房地(土地+建物),澎湖縣馬公市鎖港一路７３巷２７弄１號,168.2,住,,,1081021,土地2建物1車位0,全,四層,透天厝,住家用,鋼筋混凝土造,1080703,428.94,10,2,11,有,無,17000000,39633,,0.0,0,,RPQNMLNJJHPFFAX86CA,400.62,28.32,0.0,,
白沙鄉,土地,吉貝東段526地號,538.03,,森林區,林業用地,1081112,土地1建物0車位0,,,其他,,,,0.0,0,0,0,有,無,121100,225,,0.0,0,親友、員工或其他特殊關係間之交易。；,RPPNMLSJKIOFFAX47DA,0.0,0.0,0.0,,
馬公市,房地(土地+建物),澎湖縣馬公市東衛２７０之６號,173.12,,一般農業區,甲種建築用地,1081101,土地2建物1車位0,全,三層,透天厝,住家用,鋼筋混凝土造,0980227,175.57,4,2,4,有,無,6880000,39187,,0.0,0,,RPPOMLKLJIOFFAX76CA,170.2,0.0,5.37,,
馬公市,土地,文東段1469-5地號,202.52,,一般農業區,農牧用地,1081017,土地1建物0車位0,,,其他,,,,0.0,0,0,0,有,無,4000000,19751,,0.0,0,親友、員工或其他特殊關係間之交易。；,RPRNMLOLJIOFFAX27CA,0.0,0.0,0.0,,
馬公市,土地,文化段646地號,9.93,其他,,,1081005,土地1建物0車位0,,,其他,,,,0.0,0,0,0,有,無,725012,73012,,0.0,0,「澎湖縣綜合體育館周邊都市計畫道路新建工程」協議價購交通用地73000元/M2,RPUNMLMLJIOFFAX37CA,0.0,0.0,0.0,,
馬公市,房地(土地+建物),澎湖縣馬公市民族路３２之４號,19.0,住,,,1081105,土地1建物1車位0,全,三層,透天厝,住商用,鋼筋混凝土造,0660207,47.16,2,1,1,有,無,1610000,34139,,0.0,0,,RPOOMLTJKIOFFAX47CA,47.16,0.0,0.0,,
馬公市,土地,馬公段2088地號,19.67,住,,,1081105,土地1建物0車位0,,,其他,,,,0.0,0,0,0,有,無,1660000,84392,,0.0,0,,RPPOMLTJKIOFFAX57CA,0.0,0.0,0.0,,
湖西鄉,土地,成功南段411地號,531.04,,一般農業區,農牧用地,1081101,土地1建物0車位0,,,其他,,,,0.0,0,0,0,有,無,5450000,10263,,0.0,0,,RPWOMLMLJIOFFAX67CA,0.0,0.0,0.0,,
湖西鄉,土地,鼎灣新段641-4地號,106.66,,一般農業區,交通用地,1081112,土地1建物0車位0,,,其他,,,,0.0,0,0,0,有,無,645000,6047,,0.0,0,,RPXOMLMLJIOFFAX77CA,0.0,0.0,0.0,,
馬公市,土地,文化段646地號,1.66,其他,,,1081007,土地1建物0車位0,,,其他,,,,0.0,0,0,0,有,無,120835,72792,,0.0,0,「澎湖縣綜合體育館周邊都市計畫道路新建工程」協議價購交通用地73000元/M2,RPWNMLMLJIOFFAX57CA,0.0,0.0,0.0,,
馬公市,土地,文化段646地號,7.45,其他,,,1081007,土地1建物0車位0,,,其他,,,,0.0,0,0,0,有,無,543759,72988,,0.0,0,「澎湖縣綜合體育館周邊都市計畫道路新建工程」協議價購交通用地73000元/M2,RPXNMLMLJIOFFAX67CA,0.0,0.0,0.0,,
馬公市,土地,文化段646地號,1.66,其他,,,1081007,土地1建物0車位0,,,其他,,,,0.0,0,0,0,有,無,120835,72792,,0.0,0,「澎湖縣綜合體育館周邊都市計畫道路新建工程」協議價購交通用地73000元/M2,RPOOMLMLJIOFFAX86CA,0.0,0.0,0.0,,
馬公市,土地,文化段646地號,9.93,其他,,,1081007,土地1建物0車位0,,,其他,,,,0.0,0,0,0,有,無,725012,73012,,0.0,0,「澎湖縣綜合體育館周邊都市計畫道路新建工程」協議價購交通用地73000元/M2,RPPOMLMLJIOFFAX96CA,0.0,0.0,0.0,,
馬公市,土地,文化段646地號,14.9,其他,,,1081003,土地1建物0車位0,,,其他,,,,0.0,0,0,0,有,無,1087518,72988,,0.0,0,「澎湖縣綜合體育館周邊都市計畫道路新建工程」協議價購交通用地73000元/M2,RPQOMLMLJIOFFAX07CA,0.0,0.0,0.0,,
白沙鄉,房地(土地+建物),澎湖縣白沙鄉小赤村40號,81.06,,鄉村區,乙種建築用地,1081111,土地1建物1車位0,全,一層,透天厝,住家用,造,0070101,57.48,3,1,1,有,無,1000000,17397,,0.0,0,,RPQNMLPLJIOFFAX37DA,57.48,0.0,0.0,,
馬公市,土地,文化段646地號,29.8,其他,,,1080927,土地1建物0車位0,,,其他,,,,0.0,0,0,0,有,無,2175035,72988,,0.0,0,「澎湖縣綜合體育館周邊都市計畫道路新建工程」協議價購交通用地73000元/M2,RPROMLMLJIOFFAX17CA,0.0,0.0,0.0,,
馬公市,土地,文化段646地號,14.9,其他,,,1081003,土地1建物0車位0,,,其他,,,,0.0,0,0,0,有,無,1087517,72988,,0.0,0,「澎湖縣綜合體育館周邊都市計畫道路新建工程」協議價購交通用地73000元/M2,RPSOMLMLJIOFFAX27CA,0.0,0.0,0.0,,
馬公市,土地,文化段646地號,1.66,其他,,,1081005,土地1建物0車位0,,,其他,,,,0.0,0,0,0,有,無,120835,72792,,0.0,0,「澎湖縣綜合體育館周邊都市計畫道路新建工程」協議價購交通用地73000元/M2,RPTOMLMLJIOFFAX37CA,0.0,0.0,0.0,,
馬公市,土地,文化段646地號,7.45,其他,,,1080926,土地1建物0車位0,,,其他,,,,0.0,0,0,0,有,無,543759,72988,,0.0,0,「澎湖縣綜合體育館周邊都市計畫道路新建工程」協議價購交通用地73000元/M2,RPUOMLMLJIOFFAX47CA,0.0,0.0,0.0,,
湖西鄉,土地,成功南段799地號,592.13,,一般農業區,農牧用地,1080520,土地1建物0車位0,,,其他,,,,0.0,0,0,0,有,無,3582200,6050,,0.0,0,,RPVNMLMLJIOFFAX47CA,0.0,0.0,0.0,,
馬公市,房地(土地+建物)+車位,澎湖縣馬公市文山路２７巷８之５號三樓,21.6,住,,,1081112,土地1建物1車位1,三層,十層,華廈(10層含以下有電梯),集合住宅,鋼筋混凝土造,1060328,114.31,2,1,1,有,有,5800000,50739,坡道平面,23.19,0,,RPRNMLPLJIOFFAX37CA,56.16,9.13,0.0,,
馬公市,土地,雙湖段263-3地號,25.4,,鄉村區,乙種建築用地,1081115,土地2建物0車位0,,,其他,,,,0.0,0,0,0,有,無,384000,15118,,0.0,0,,RPSNMLKLKIOFFAX07CA,0.0,0.0,0.0,,
馬公市,房地(土地+建物),澎湖縣馬公市民權路８２號,105.0,商,,,1081025,土地1建物1車位0,一層，二層，三層，四層，五層，六層，七層，地下層，見其他登記事項,七層,店面(店鋪),商業用,鋼筋混凝土造,0800624,815.84,30,1,31,有,無,46000000,56384,,0.0,0,,RPQNMLQLJIOFFAX37CA,782.06,33.78,0.0,,
馬公市,房地(土地+建物),澎湖縣馬公市三多路４２１號,19.17,商,,,1081030,土地1建物1車位0,一層，二層，三層,十層,華廈(10層含以下有電梯),住商用,鋼筋混凝土造,0850308,169.47,3,2,3,有,有,6500000,38355,,0.0,0,,RPUNMLQLJIOFFAX77CA,138.3,6.86,0.0,,
馬公市,土地,東澳段1095-1地號,44.3,住,,,1081107,土地3建物0車位0,,,其他,,,,0.0,0,0,0,有,無,1607850,36295,,0.0,0,,RPTNMLRLJIOFFAX77CA,0.0,0.0,0.0,,
馬公市,房地(土地+建物),澎湖縣馬公市水源路２之１號四樓之五,11.48,商,,,1081024,土地1建物1車位0,四層,十二層,住宅大樓(11層含以上有電梯),辦公室,鋼筋混凝土造,0850828,119.23,3,2,2,有,有,3200000,26839,,0.0,0,,RPPNMLSLJIOFFAX47CA,76.68,11.49,0.0,,
馬公市,土地,山水北段721地號,232.81,,一般農業區,農牧用地,1081016,土地1建物0車位0,,,其他,,,,0.0,0,0,0,有,無,2000000,8591,,0.0,0,親友、員工或其他特殊關係間之交易。；,RPQOMLTJKIOFFAX67CA,0.0,0.0,0.0,,
湖西鄉,土地,尖山南段347地號,446.16,,一般農業區,農牧用地,1081025,土地1建物0車位0,,,其他,,,,0.0,0,0,0,有,無,1500000,3362,,0.0,0,親友、員工或其他特殊關係間之交易。；,RPROMLTJKIOFFAX77CA,0.0,0.0,0.0,,
馬公市,土地,興仁段1121地號,275.71,,一般農業區,農牧用地,1081118,土地1建物0車位0,,,其他,,,,0.0,0,0,0,有,無,400000,1451,,0.0,0,,RPPNMLRKKIOFFAX47DA,0.0,0.0,0.0,,
馬公市,土地,興仁段1123地號,240.36,,一般農業區,農牧用地,1081118,土地1建物0車位0,,,其他,,,,0.0,0,0,0,有,無,350000,1456,,0.0,0,,RPQNMLRKKIOFFAX57DA,0.0,0.0,0.0,,
馬公市,土地,文化段582-1地號,3.6,其他,,,1081008,土地1建物0車位0,,,其他,,,,0.0,0,0,0,有,無,262800,73000,,0.0,0,「澎湖縣綜合體育館周邊都市計畫道路新建工程」協議價購交通用地73000元/M2,RPQNMLRLJIOFFAX47CA,0.0,0.0,0.0,,
馬公市,土地,文化段646地號,1.66,其他,,,1081008,土地1建物0車位0,,,其他,,,,0.0,0,0,0,有,無,120835,72792,,0.0,0,「澎湖縣綜合體育館周邊都市計畫道路新建工程」協議價購交通用地73000元/M2,RPRNMLRLJIOFFAX57CA,0.0,0.0,0.0,,
馬公市,土地,文化段646地號,0.83,其他,,,1081015,土地1建物0車位0,,,其他,,,,0.0,0,0,0,有,無,60418,0,,0.0,0,「澎湖縣綜合體育館周邊都市計畫道路新建工程」協議價購交通用地73000元/M2,RPSNMLRLJIOFFAX67CA,0.0,0.0,0.0,,
馬公市,房地(土地+建物),澎湖縣馬公市西衛４７１號,206.67,,一般農業區,甲種建築用地,1081114,土地2建物1車位0,全,三層,透天厝,住家用,鋼筋混凝土造,1070328,255.46,5,2,5,有,無,9500000,37188,,0.0,0,,RPPNMLTLJIOFFAX57CA,241.48,13.98,0.0,,
西嶼鄉,房地(土地+建物),澎湖縣西嶼鄉緝馬灣125號,118.96,,鄉村區,乙種建築用地,1080905,土地1建物1車位0,全,一層,透天厝,住家用,造,,52.25,2,1,1,有,無,350000,6699,,0.0,0,瑕疵物件之交易。；建物有限制登記不能居住,RPPNMLOKKIOFFAX07CA,52.25,0.0,0.0,,
馬公市,房地(土地+建物),澎湖縣馬公市中華路２０９號,130.38,住,,,1081015,土地1建物1車位0,全,三層,透天厝,住家用,筋空心磚造,0531128,103.2,2,1,2,有,無,9000000,87209,,0.0,0,,RPQNMLSLJIOFFAX57CA,103.2,0.0,0.0,,
馬公市,土地,文化段646地號,7.45,其他,,,1081014,土地1建物0車位0,,,其他,,,,0.0,0,0,0,有,無,543759,72988,,0.0,0,「澎湖縣綜合體育館周邊都市計畫道路新建工程」協議價購交通用地73000元/M2,RPUNMLRLJIOFFAX87CA,0.0,0.0,0.0,,
馬公市,土地,文化段646地號,3.72,其他,,,1081014,土地1建物0車位0,,,其他,,,,0.0,0,0,0,有,無,271879,73086,,0.0,0,「澎湖縣綜合體育館周邊都市計畫道路新建工程」協議價購交通用地73000元/M2,RPVNMLRLJIOFFAX97CA,0.0,0.0,0.0,,
馬公市,房地(土地+建物),澎湖縣馬公市陽明路40巷30號,109.19,住,,,1081030,土地1建物1車位0,全,二層,透天厝,住家用,鋼筋混凝土加強磚造,0660409,90.86,3,2,2,有,無,4600000,50627,,0.0,0,親友、員工或其他特殊關係間之交易。；權利人三人持有˙,RPPNMLNJKIOFFAX96DA,90.86,0.0,0.0,,
馬公市,土地,文化段646地號,3.72,其他,,,1081127,土地1建物0車位0,,,其他,,,,0.0,0,0,0,有,無,271879,73086,,0.0,0,「澎湖縣綜合體育館周邊都市計畫道路新建工程」協議價購交通用地73000元/M2,RPWNMLRLJIOFFAX08CA,0.0,0.0,0.0,,
湖西鄉,土地,葉新段1209地號,763.63,,一般農業區,農牧用地,1081120,土地2建物0車位0,,,其他,,,,0.0,0,0,0,有,無,1600000,2095,,0.0,0,,RPPNMLRLJIOFFAX37CA,0.0,0.0,0.0,,
馬公市,土地,五德東段364-4地號,201.1,,一般農業區,甲種建築用地,1080625,土地3建物0車位0,,,其他,,,,0.0,0,0,0,有,無,5220000,25957,,0.0,0,農變建專案核准變更起造人,RPSOMLTJKIOFFAX87CA,0.0,0.0,0.0,,
馬公市,土地,山水西段507地號,231.54,,一般農業區,農牧用地,1081104,土地1建物0車位0,,,其他,,,,0.0,0,0,0,有,無,3200000,13821,,0.0,0,,RPSNMLTLJIOFFAX87CA,0.0,0.0,0.0,,
馬公市,房地(土地+建物),澎湖縣馬公市水源路２之１號四樓之六,3.2,商,,,1081119,土地1建物1車位0,四層,十二層,套房(1房1廳1衛),辦公室,鋼筋混凝土造,0850828,33.07,1,0,1,有,有,1050000,31751,,0.0,0,,RPSNMLQJKIOFFAX47CA,21.42,3.61,0.0,,
馬公市,土地,中衛段413地號,138.17,工,,,1081120,土地1建物0車位0,,,其他,,,,0.0,0,0,0,有,無,1800000,13027,,0.0,0,,RPRNMLNJKIOFFAX07CA,0.0,0.0,0.0,,
馬公市,房地(土地+建物),澎湖縣馬公市民裕街３６巷３８號四樓,50.43,住,,,1081030,土地1建物1車位0,四層,五層,公寓(5樓含以下無電梯),集合住宅,鋼筋混凝土造,0840119,105.10999999999999,3,2,1,有,有,3200000,30444,,0.0,0,,RPWNMLTJKIOFFAX18CA,81.02,11.05,0.0,,
馬公市,土地,山水西段507地號,582.01,,一般農業區,農牧用地,1081104,土地1建物0車位0,,,其他,,,,0.0,0,0,0,有,無,9300000,15979,,0.0,0,,RPRNMLTLJIOFFAX77CA,0.0,0.0,0.0,,
馬公市,房地(土地+建物)+車位,澎湖縣馬公市民富街４８巷３０號二樓之１至七樓之5,1047.15,住,,,1081113,土地3建物24車位20,三層,七層,華廈(10層含以下有電梯),集合住宅,鋼筋混凝土造,1070705,3946.5699999999997,48,48,48,有,有,175000000,44342,坡道平面,272.13,0,,RPTNMLNKKIOFFAX37CA,2002.96,198.12,0.0,,
馬公市,土地,鎖港南段358地號,718.4,,一般農業區,農牧用地,1081115,土地1建物0車位0,,,其他,,,,0.0,0,0,0,有,無,6080000,8463,,0.0,0,,RPQNMLNJKIOFFAX96CA,0.0,0.0,0.0,,
湖西鄉,房地(土地+建物),澎湖縣湖西鄉港子尾６６號,360.6,,一般農業區,甲種建築用地,1081104,土地2建物1車位0,全,三層,透天厝,住家用,鋼筋混凝土造,1080128,546.09,7,1,8,有,無,6660000,12196,,0.0,0,親友、員工或其他特殊關係間之交易。；,RPTNMLQJKIOFFAX57CA,523.41,22.68,0.0,,
馬公市,土地,案山段1-6地號,252.29,住,,,1081125,土地1建物0車位0,,,其他,,,,0.0,0,0,0,有,無,37000000,146657,,0.0,0,,RPPNMLPJKIOFFAX07CA,0.0,0.0,0.0,,
馬公市,房地(土地+建物),澎湖縣馬公市西衛８０３號四樓之１,53.5,,一般農業區,交通用地,1081018,土地2建物1車位0,四層,五層,套房(1房1廳1衛),住家用,鋼筋混凝土造,1071105,78.75,1,1,1,有,無,3500000,44444,,0.0,0,,RPSNMLKKKIOFFAX96CA,53.81,6.5,0.0,,
馬公市,土地,五福段768地號,390.95,,一般農業區,農牧用地,1080924,土地1建物0車位0,,,其他,,,,0.0,0,0,0,有,無,1620000,4144,,0.0,0,親友、員工或其他特殊關係間之交易。；,RPQNMLQLKIOFFAX47CA,0.0,0.0,0.0,,
馬公市,房地(土地+建物),澎湖縣馬公市中正路5巷13號,11.25,商,,,1081023,土地1建物1車位0,全,二層,透天厝,住商用,鋼筋加強造,0661126,21.76,3,1,2,有,無,1000000,45956,,0.0,0,親友、員工或其他特殊關係間之交易。；,RPQNMLTJKIOFFAX67DA,21.76,0.0,0.0,,
馬公市,房地(土地+建物),澎湖縣馬公市中正路5巷13號,11.25,商,,,1081023,土地1建物1車位0,全,二層,透天厝,住商用,鋼筋加強造,0661126,21.76,3,1,2,有,無,1000000,45956,,0.0,0,親友、員工或其他特殊關係間之交易。；,RPSNMLTJKIOFFAX87DA,21.76,0.0,0.0,,
馬公市,房地(土地+建物),澎湖縣馬公市中正路5巷13號,11.25,商,,,1081023,土地1建物1車位0,全,二層,透天厝,住商用,鋼筋加強造,0661126,21.76,3,1,2,有,無,1000000,45956,,0.0,0,親友、員工或其他特殊關係間之交易。；,RPRNMLTJKIOFFAX77DA,21.76,0.0,0.0,,
白沙鄉,房地(土地+建物),澎湖縣白沙鄉吉貝村５８號,1611.6,,一般農業區,農牧用地,1081127,土地5建物1車位0,全,一層,透天厝,住家用,造,,15.49,2,1,1,有,無,500000,32279,,0.0,0,,RPPNMLQJKIOFFAX27DA,15.49,0.0,0.0,,
馬公市,土地,東衛段1697-2地號,280.05,,一般農業區,農牧用地,1081107,土地3建物0車位0,,,其他,,,,0.0,0,0,0,有,無,3450000,12319,,0.0,0,,RPQNMLKKKIOFFAX76CA,0.0,0.0,0.0,,
湖西鄉,土地,龍門西段379地號,999.61,,一般農業區,農牧用地,1080921,土地1建物0車位0,,,其他,,,,0.0,0,0,0,有,無,5442840,5445,,0.0,0,,RPQNMLPJKIOFFAX17CA,0.0,0.0,0.0,,
馬公市,土地,西澳段1039地號,547.17,住,,,1080918,土地2建物0車位0,,,其他,,,,0.0,0,0,0,有,無,24750000,45233,,0.0,0,,RPSNMLPJKIOFFAX37CA,0.0,0.0,0.0,,
馬公市,土地,五福段540地號,1421.85,,一般農業區,農牧用地,1081125,土地1建物0車位0,,,其他,,,,0.0,0,0,0,有,無,62160000,43718,,0.0,0,農變建移轉土地持分給予權利人共7人內含未來7戶興建之成本6216萬,RPUNMLTJKIOFFAX97CA,0.0,0.0,0.0,,
馬公市,土地,鐵線段666-4地號,366.44,,一般農業區,交通用地,1081123,土地1建物0車位0,,,其他,,,,0.0,0,0,0,有,無,2660000,7259,,0.0,0,,RPVNMLTJKIOFFAX08CA,0.0,0.0,0.0,,
馬公市,房地(土地+建物),澎湖縣馬公市忠孝路65巷5號,59.0,住,,,1081114,土地1建物1車位0,全,二層,透天厝,住家用,鋼筋混凝土加強磚造,0631007,79.61,4,2,2,有,無,3900000,48989,,0.0,0,,RPTNMLTJKIOFFAX87CA,79.61,0.0,0.0,,
馬公市,土地,興崁段579-4地號,224.3,,一般農業區,甲種建築用地,1081122,土地2建物0車位0,,,其他,,,,0.0,0,0,0,有,無,7520000,33527,,0.0,0,此為農變建變更起造人含未來興建房屋1棟之費用。,RPQNMLTKKIOFFAX67CA,0.0,0.0,0.0,,
馬公市,土地,興崁段579-6地號,247.07,,一般農業區,甲種建築用地,1081122,土地2建物0車位0,,,其他,,,,0.0,0,0,0,有,無,7400000,29951,,0.0,0,此為農變建變更起造人含未來興建房屋1棟之費用。,RPRNMLTKKIOFFAX77CA,0.0,0.0,0.0,,
馬公市,土地,雙湖段245地號,128.59,,鄉村區,乙種建築用地,1081113,土地2建物0車位0,,,其他,,,,0.0,0,0,0,有,無,1038888,8079,,0.0,0,未辦理繼承不動產標售案,RPSNMLNKKIOFFAX37DA,0.0,0.0,0.0,,
馬公市,土地,馬公段781-34地號,72.0,商,,,1081202,土地1建物0車位0,,,其他,,,,0.0,0,0,0,有,無,4800000,66667,,0.0,0,親友、員工或其他特殊關係間之交易。；,RPRNMLKKKIOFFAX86CA,0.0,0.0,0.0,,
湖西鄉,房地(土地+建物),澎湖縣湖西鄉港子尾１６之１號,110.41,,一般農業區,甲種建築用地,1081107,土地1建物1車位0,全,四層,透天厝,住家用,鋼筋混凝土造,1021213,201.46,5,2,6,有,無,7600000,37725,,0.0,0,,RPPNMLKKKIOFFAX66CA,180.7,20.76,0.0,,
馬公市,土地,五福段706地號,2105.32,,一般農業區,農牧用地,1080917,土地1建物0車位0,,,其他,,,,0.0,0,0,0,有,無,27380000,13005,,0.0,0,,RPXNMLTJKIOFFAX28CA,0.0,0.0,0.0,,
湖西鄉,土地,湖西南段878地號,1107.16,,一般農業區,農牧用地,1081203,土地1建物0車位0,,,其他,,,,0.0,0,0,0,有,無,7730000,6982,,0.0,0,,RPPNMLNKKIOFFAX96CA,0.0,0.0,0.0,,
馬公市,土地,馬公段2088-1地號,10.0,住,,,1081105,土地1建物0車位0,,,其他,,,,0.0,0,0,0,有,無,850000,85000,,0.0,0,,RPPNMLTKKIOFFAX57CA,0.0,0.0,0.0,,
馬公市,房地(土地+建物),澎湖縣馬公市東衛１４６之７號,174.8,,鄉村區,乙種建築用地,1081107,土地1建物1車位0,全,四層,透天厝,住家用,鋼筋混凝土造,1021217,325.51,5,2,5,有,無,7000000,21505,,0.0,0,,RPUNMLQKKIOFFAX77CA,316.51,9.0,0.0,,
西嶼鄉,土地,赤馬一段1122地號,369.31,,鄉村區,乙種建築用地,1081118,土地1建物0車位0,,,其他,,,,0.0,0,0,0,有,無,1200000,3249,,0.0,0,親友、員工或其他特殊關係間之交易。；,RPQNMLNKKIOFFAX07CA,0.0,0.0,0.0,,
西嶼鄉,土地,赤馬二段1171地號,320.02,,一般農業區,農牧用地,1081118,土地1建物0車位0,,,其他,,,,0.0,0,0,0,有,無,500000,1562,,0.0,0,親友、員工或其他特殊關係間之交易。；,RPRNMLNKKIOFFAX17CA,0.0,0.0,0.0,,
馬公市,房地(土地+建物),澎湖縣馬公市西衛８９之１號,256.8,,一般農業區,甲種建築用地,1081111,土地2建物1車位0,全,三層,透天厝,住家用,鋼筋混凝土造,1040908,239.95,4,3,4,有,無,9630000,40133,,0.0,0,,RPPNMLMKKIOFFAX86CA,225.33,14.62,0.0,,
馬公市,房地(土地+建物),澎湖縣馬公市林森路８５巷４號,60.39,住,,,1081123,土地1建物1車位0,全,二層,透天厝,住家用,鋼筋混凝土加強空心磚造,0640819,71.4,5,3,1,有,無,4600000,64426,,0.0,0,,RPPNMLPKKIOFFAX17CA,71.4,0.0,0.0,,
馬公市,土地,烏崁新段52地號,1336.28,,一般農業區,農牧用地,1081205,土地1建物0車位0,,,其他,,,,0.0,0,0,0,有,無,2000000,1497,,0.0,0,,RPQNMLQKKIOFFAX37CA,0.0,0.0,0.0,,
馬公市,土地,光華段296地號,1745.18,,一般農業區,農牧用地,1081127,土地1建物0車位0,,,其他,,,,0.0,0,0,0,有,無,2600000,1490,,0.0,0,,RPRNMLQKKIOFFAX47CA,0.0,0.0,0.0,,
湖西鄉,土地,青螺新段1076地號,66.47,,鄉村區,乙種建築用地,1081117,土地1建物0車位0,,,其他,,,,0.0,0,0,0,有,無,402000,6048,,0.0,0,,RPTNMLQKKIOFFAX67CA,0.0,0.0,0.0,,
七美鄉,土地,七美二段235地號,669.62,,一般農業區,農牧用地,1081205,土地1建物0車位0,,,其他,,,,0.0,0,0,0,有,無,1818000,2715,,0.0,0,,RPWNMLQKKIOFFAX97CA,0.0,0.0,0.0,,
馬公市,土地,中衛段1631地號,1673.11,,一般農業區,農牧用地,1081203,土地1建物0車位0,,,其他,,,,0.0,0,0,0,有,無,18220000,10890,,0.0,0,,RPQNMLRLKIOFFAX57CA,0.0,0.0,0.0,,
白沙鄉,土地,赤崁北段558地號,1388.66,,一般農業區,農牧用地,1081029,土地1建物0車位0,,,其他,,,,0.0,0,0,0,有,無,1220000,879,,0.0,0,,RPQNMLSKKIOFFAX57CA,0.0,0.0,0.0,,
馬公市,土地,文化段646地號,1.66,其他,,,1081021,土地1建物0車位0,,,其他,,,,0.0,0,0,0,有,無,120835,72792,,0.0,0,「澎湖縣綜合體育館周邊都市計畫道路新建工程」協議價購交通用地73000元/M2,RPVNMLQKKIOFFAX87CA,0.0,0.0,0.0,,
馬公市,房地(土地+建物),澎湖縣馬公市水源路２之１號四樓之七,3.81,商,,,1081203,土地1建物1車位0,四層,十二層,住宅大樓(11層含以上有電梯),辦公室,鋼筋混凝土造,0850828,39.9,1,0,1,有,無,1450000,36341,,0.0,0,,RPPNMLQKKIOFFAX27CA,26.06,3.24,0.0,,
馬公市,土地,鎖港西段853地號,120.45,農,,,1081202,土地2建物0車位0,,,其他,,,,0.0,0,0,0,有,無,800000,6642,,0.0,0,受債權債務影響或債務抵償之交易。；,RPSNMLTKKIOFFAX87CA,0.0,0.0,0.0,,
馬公市,土地,海堤段305地號,77.31,其他,,,1081122,土地1建物0車位0,,,其他,,,,0.0,0,0,0,有,無,1275615,16500,,0.0,0,道路開闢協議價購,RPUNMLTKKIOFFAX08CA,0.0,0.0,0.0,,
馬公市,土地,中衛段271地號,843.17,農,,,1081210,土地1建物0車位0,,,其他,,,,0.0,0,0,0,有,無,2550000,3024,,0.0,0,親友、員工或其他特殊關係間之交易。；,RPRNMLRLKIOFFAX77DA,0.0,0.0,0.0,,
馬公市,土地,海堤段305地號,77.31,其他,,,1081122,土地1建物0車位0,,,其他,,,,0.0,0,0,0,有,無,1275615,16500,,0.0,0,道路開闢協議價購,RPVNMLTKKIOFFAX18CA,0.0,0.0,0.0,,
馬公市,土地,海堤段305地號,51.54,其他,,,1081122,土地1建物0車位0,,,其他,,,,0.0,0,0,0,有,無,850410,16500,,0.0,0,道路開闢協議價購,RPWNMLTKKIOFFAX28CA,0.0,0.0,0.0,,
馬公市,土地,山水西段85地號,179.5,,一般農業區,交通用地,1081205,土地2建物0車位0,,,其他,,,,0.0,0,0,0,有,無,987250,5500,,0.0,0,道路協議價購,RPTNMLTKKIOFFAX97CA,0.0,0.0,0.0,,
湖西鄉,土地,紅羅段471地號,175.28,,鄉村區,乙種建築用地,1081209,土地1建物0車位0,,,其他,,,,0.0,0,0,0,有,無,790398,4509,,0.0,0,,RPVNMLMJJHPFFAX27CA,0.0,0.0,0.0,,
馬公市,土地,五福段540地號,203.69,,一般農業區,農牧用地,1081125,土地1建物0車位0,,,其他,,,,0.0,0,0,0,有,無,8880000,43596,,0.0,0,親友、員工或其他特殊關係間之交易。；含未來興建成本888萬,RPQNMLSLKIOFFAX67CA,0.0,0.0,0.0,,
湖西鄉,土地,湖西南段994地號,1234.03,,一般農業區,農牧用地,1081206,土地1建物0車位0,,,其他,,,,0.0,0,0,0,有,無,39260000,31814,,0.0,0,農變建專案核准交易總價包括未興建房屋建築費用。共有人6人。,RPRNMLTLKIOFFAX87CA,0.0,0.0,0.0,,
馬公市,土地,安宅段863-4地號,252.09,,一般農業區,甲種建築用地,1081211,土地2建物0車位0,,,其他,,,,0.0,0,0,0,有,無,7900000,31338,,0.0,0,變更起造人含未來興建房屋之費用,RPQNMLKLKIOFFAX86CA,0.0,0.0,0.0,,
馬公市,土地,案山段779地號,4.19,其他,,,1081205,土地1建物0車位0,,,其他,,,,0.0,0,0,0,有,無,157544,37600,,0.0,0,道路協議價購,RPRNMLKLKIOFFAX96CA,0.0,0.0,0.0,,
馬公市,房地(土地+建物),澎湖縣馬公市永和街１１巷１０號六樓,34.99,住,,,1081113,土地3建物1車位0,六層,六層,華廈(10層含以下有電梯),住家用,鋼筋混凝土造,0830606,165.2,4,1,2,有,有,4150000,25121,,0.0,0,,RPPNMLMLKIOFFAX96CA,112.63,8.4,0.0,,
馬公市,土地,四維段546地號,210.98,農,,,1081210,土地1建物0車位0,,,其他,,,,0.0,0,0,0,有,無,3840000,18201,,0.0,0,,RPPNMLPLKIOFFAX27CA,0.0,0.0,0.0,,
馬公市,土地,雙湖段756-1地號,11.17,,鄉村區,乙種建築用地,1081126,土地1建物0車位0,,,其他,,,,0.0,0,0,0,有,無,170678,15280,,0.0,0,向政府機關承購之案件。；,RPTNMLPLKIOFFAX77DA,0.0,0.0,0.0,,
馬公市,房地(土地+建物),澎湖縣馬公市文山路87號二樓之2,26.27,住,,,1081204,土地5建物1車位0,二層,七層,華廈(10層含以下有電梯),住家用,鋼筋混凝土造,0840804,142.18,3,1,2,有,無,4500000,31650,,0.0,0,,RPPNMLLMKIOFFAX07DA,92.29,0.0,9.97,,
馬公市,土地,鐵線段666地號,1193.1,,一般農業區,農牧用地,1081207,土地1建物0車位0,,,其他,,,,0.0,0,0,0,有,無,42640000,35739,,0.0,0,農變建移轉土地持分給予權利人共7人內含未來7戶興建之成本4264萬,RPPNMLSLKIOFFAX57CA,0.0,0.0,0.0,,
西嶼鄉,土地,竹灣段1096地號,194.03,,一般農業區,農牧用地,1081211,土地1建物0車位0,,,其他,,,,0.0,0,0,0,有,無,60000,309,,0.0,0,急賣,RPTNMLRLKIOFFAX87CA,0.0,0.0,0.0,,
馬公市,土地,埕東段26地號,116.1,其他,,,1081212,土地1建物0車位0,,,其他,,,,0.0,0,0,0,有,無,6211350,53500,,0.0,0,道路用地協議價購,RPQNMLPLKIOFFAX37CA,0.0,0.0,0.0,,
馬公市,土地,興崁段821-1地號,28.89,,鄉村區,乙種建築用地,1081209,土地1建物0車位0,,,其他,,,,0.0,0,0,0,有,無,314901,10900,,0.0,0,道路用地協議價購,RPRNMLPLKIOFFAX47CA,0.0,0.0,0.0,,
馬公市,土地,興崁段825-1地號,31.86,,鄉村區,乙種建築用地,1081209,土地3建物0車位0,,,其他,,,,0.0,0,0,0,有,無,347274,10900,,0.0,0,道路用地價購,RPSNMLPLKIOFFAX57CA,0.0,0.0,0.0,,
西嶼鄉,土地,二崁南段724-1地號,30.75,其他,,,1081211,土地2建物0車位0,,,其他,,,,0.0,0,0,0,有,無,129145,4200,,0.0,0,道路用地協議價購,RPUNMLPLKIOFFAX77CA,0.0,0.0,0.0,,
馬公市,房地(土地+建物),澎湖縣馬公市樂群街８號,57.76,住,,,1081130,土地1建物1車位0,全,二層,透天厝,住家用,鋼筋混凝土加強磚造,0680422,79.14,5,1,1,有,無,4600000,58125,,0.0,0,賣方賣清價。土地增值稅由買方負擔。,RPPNMLQLKIOFFAX37CA,79.14,0.0,0.0,,
馬公市,土地,井垵西段1580地號,628.68,,一般農業區,農牧用地,1081216,土地1建物0車位0,,,其他,,,,0.0,0,0,0,有,無,4000000,6363,,0.0,0,,RPQNMLTLKIOFFAX77CA,0.0,0.0,0.0,,
馬公市,房地(土地+建物),澎湖縣馬公市新明路９３號,135.02,商,,,1081014,土地1建物1車位0,全,四層,透天厝,住商用,鋼筋混凝土造,0990930,338.06,5,2,7,有,無,25000000,73951,,0.0,0,親友、員工或其他特殊關係間之交易。；買受人2人含未登記建物,RPSNMLRLKIOFFAX77CA,312.86,25.2,0.0,,
馬公市,房地(土地+建物),澎湖縣馬公市文昌街３６號,50.18,住,,,1081024,土地2建物1車位0,全,三層,透天厝,住家用,鋼筋混凝土造,0811015,113.17,5,2,3,有,無,3200000,28276,,0.0,0,親友、員工或其他特殊關係間之交易。；一樓有室內停車位一位,RPQNMLKMKIOFFAX96CA,111.86,1.31,0.0,,
馬公市,土地,五福段561-5地號,1354.76,,一般農業區,農牧用地,1081210,土地3建物0車位0,,,其他,,,,0.0,0,0,0,有,無,60645000,44764,,0.0,0,共有人6人農變建專案核准興建住宅交易總價包括未興建房屋建築費用。,RPXNMLOKJHPFFAX77CA,0.0,0.0,0.0,,
馬公市,房地(土地+建物),澎湖縣馬公市西衛里803號二樓之1,53.5,,一般農業區,交通用地,1081210,土地2建物1車位0,二層,五層,套房(1房1廳1衛),住家用,鋼筋混凝土造,1071105,78.75,1,1,1,有,無,3500000,44444,,0.0,0,,RPTNMLQKJHPFFAX67DA,53.81,6.5,0.0,,
馬公市,房地(土地+建物),澎湖縣馬公市永和街11巷1號,51.0,住,,,1081219,土地1建物1車位0,全,二層,透天厝,住家用,鋼筋混凝土加強磚造,0670731,82.7,3,1,1,有,無,2040000,24667,,0.0,0,親友、員工或其他特殊關係間之交易。；,RPTNMLMKLHPFFAX47DA,82.7,0.0,0.0,,
湖西鄉,土地,湖西南段1628地號,39.93,,鄉村區,乙種建築用地,1081210,土地1建物0車位0,,,其他,,,,0.0,0,0,0,有,無,360000,9016,,0.0,0,,RPPNMLTLKIOFFAX67CA,0.0,0.0,0.0,,
湖西鄉,土地,鼎灣新段643地號,2043.97,,一般農業區,農牧用地,1081218,土地1建物0車位0,,,其他,,,,0.0,0,0,0,有,無,8000000,3914,,0.0,0,,RPSNMLQJJHPFFAX37CA,0.0,0.0,0.0,,
馬公市,房地(土地+建物)+車位,澎湖縣馬公市三多路４９號六樓,54.15,住,,,1081217,土地2建物1車位2,六層,十層,華廈(10層含以下有電梯),住家用,鋼筋混凝土造,0850215,367.06,5,2,4,有,無,9700000,26426,其他,0.0,0,,RPQNMLRJJHPFFAX27CA,204.99,30.66,0.0,,
馬公市,房地(土地+建物),澎湖縣馬公市文化路59號四樓之二,10.88,住,,,1081111,土地1建物1車位0,四層,七層,華廈(10層含以下有電梯),住家用,鋼筋混凝土造,0830601,57.519999999999996,2,1,1,有,無,2300000,39986,,0.0,0,親友、員工或其他特殊關係間之交易。；,RPRNMLMJJHPFFAX96DA,37.87,8.61,0.0,,
馬公市,土地,北極段1173地號,89.07,住,,,1081219,土地2建物0車位0,,,其他,,,,0.0,0,0,0,有,無,1764477,19810,,0.0,0,向政府機關承購之案件。；,RPSNMLMJJHPFFAX07DA,0.0,0.0,0.0,,
馬公市,土地,五福段76-4地號,242.6,,一般農業區,甲種建築用地,1081220,土地2建物0車位0,,,其他,,,,0.0,0,0,0,有,無,9280000,38252,,0.0,0,權利人為1人含未來興建1戶房屋價款,RPUNMLRKJHPFFAX77CA,0.0,0.0,0.0,,
湖西鄉,土地,許家段256地號,236.08,,一般農業區,農牧用地,1081205,土地1建物0車位0,,,其他,,,,0.0,0,0,0,有,無,8980000,38038,,0.0,0,農變建案件含未來興建房屋價款,RPPNMLQKJHPFFAX17CA,0.0,0.0,0.0,,
白沙鄉,土地,中屯新段1893地號,291.39,,鄉村區,乙種建築用地,1081217,土地1建物0車位0,,,其他,,,,0.0,0,0,0,有,無,1760000,6040,,0.0,0,權利人為土地佔有人。,RPPNMLQJJHPFFAX07CA,0.0,0.0,0.0,,
湖西鄉,土地,成功南段1095地號,1545.86,,一般農業區,農牧用地,1081223,土地1建物0車位0,,,其他,,,,0.0,0,0,0,有,無,69900000,45218,,0.0,0,本案權利人數9人。此為農變建變更起造人含未來興建房屋9棟之費用。,RPRNMLSJJHPFFAX47CA,0.0,0.0,0.0,,
馬公市,房地(土地+建物),澎湖縣馬公市鎖港一路７３巷２７弄２號,167.93,住,,,1081119,土地2建物1車位0,全,四層,透天厝,住家用,鋼筋混凝土造,1080703,427.42,10,2,11,有,無,17000000,39774,,0.0,0,,RPPNMLNJJHPFFAX76CA,401.21,26.21,0.0,,
馬公市,房地(土地+建物),澎湖縣馬公市鐵線尾３８之４６號,141.48,,一般農業區,甲種建築用地,1081213,土地1建物1車位0,全,三層,透天厝,住家用,鋼筋混凝土造,0950315,205.94,4,2,4,有,無,5600000,27192,,0.0,0,,RPPNMLLJJHPFFAX56CA,197.5,0.0,8.44,,
湖西鄉,房地(土地+建物),澎湖縣湖西鄉尖山２７之１號,1875.38,,一般農業區,農牧用地,1081125,土地3建物1車位0,全,二層,透天厝,住家用,加強磚造,0930319,256.14,6,2,8,有,無,11770000,45951,,0.0,0,,RPRNMLNJJHPFFAX96CA,245.5,10.64,0.0,,
湖西鄉,房地(土地+建物),澎湖縣湖西鄉港子尾１４０之２號,224.21,,一般農業區,甲種建築用地,1081209,土地2建物1車位0,全,三層,透天厝,住家用,鋼筋混凝土造,1080905,195.15,4,1,5,有,無,6800000,34845,,0.0,0,,RPSNMLNJJHPFFAX07CA,188.38,6.77,0.0,,
馬公市,土地,安宅段1204地號,40.79,,鄉村區,乙種建築用地,1081223,土地2建物0車位0,,,其他,,,,0.0,0,0,0,有,無,194750,4774,,0.0,0,親友、員工或其他特殊關係間之交易。；土地買賣總價低於公告總值、權利人有二人,RPPNMLOJJHPFFAX86CA,0.0,0.0,0.0,,
西嶼鄉,房地(土地+建物),澎湖縣西嶼鄉竹篙灣３之１號,899.0,,一般農業區,農牧用地,1081204,土地2建物1車位0,全,二層,透天厝,住家用,鋼筋混凝土造,1071221,352.14,9,2,7,有,無,15500000,44017,,0.0,0,,RPRNMLRJJHPFFAX37CA,335.38,16.76,0.0,,
湖西鄉,土地,湖西北段571-4地號,1686.02,,一般農業區,農牧用地,1081220,土地3建物0車位0,,,其他,,,,0.0,0,0,0,有,無,8060000,4780,,0.0,0,共有人8人農變建專案核准興建住宅,RPSNMLTKJHPFFAX77CA,0.0,0.0,0.0,,
馬公市,土地,安宅段674地號,1389.37,,一般農業區,農牧用地,1081226,土地1建物0車位0,,,其他,,,,0.0,0,0,0,有,無,47070000,33879,,0.0,0,權利人共6人含未來6戶房屋興建價款,RPPNMLPKJHPFFAX07CA,0.0,0.0,0.0,,
馬公市,房地(土地+建物),澎湖縣馬公市文明路１０１巷９號,85.68,住,,,1081219,土地1建物1車位0,全,四層,透天厝,住家用,鋼筋混凝土造,0820115,229.5,4,2,3,有,無,3000000,13072,,0.0,0,親友、員工或其他特殊關係間之交易。；,RPSNMLSJJHPFFAX77EA,155.75,3.78,0.0,,
馬公市,土地,烏崁新段964地號,194.64,,一般農業區,農牧用地,1081226,土地1建物0車位0,,,其他,,,,0.0,0,0,0,有,無,470000,2415,,0.0,0,,RPPNMLPJJHPFFAX96CA,0.0,0.0,0.0,,
湖西鄉,土地,湖西南段2280地號,698.08,,一般農業區,農牧用地,1081218,土地1建物0車位0,,,其他,,,,0.0,0,0,0,有,無,1580000,2263,,0.0,0,,RPSNMLRJJHPFFAX47CA,0.0,0.0,0.0,,
馬公市,土地,興崁段492地號,790.31,,一般農業區,農牧用地,1081120,土地1建物0車位0,,,其他,,,,0.0,0,0,0,有,無,1600000,2025,,0.0,0,親友、員工或其他特殊關係間之交易。；,RPTNMLRJJHPFFAX57CA,0.0,0.0,0.0,,
湖西鄉,土地,許家段700地號,42.0,,一般農業區,交通用地,1081227,土地2建物0車位0,,,其他,,,,0.0,0,0,0,有,無,600000,14286,,0.0,0,,RPPNMLSJJHPFFAX27CA,0.0,0.0,0.0,,
西嶼鄉,土地,外垵二段1050-2地號,54.34,,鄉村區,乙種建築用地,1081216,土地1建物0車位0,,,其他,,,,0.0,0,0,0,有,無,1520000,27972,,0.0,0,本案含未辦保存登記之建物建物總面積118.00平方公尺,RPSNMLKKJHPFFAX86CA,0.0,0.0,0.0,,
馬公市,土地,文光段371地號,41.52,住,,,1081219,土地1建物0車位0,,,其他,,,,0.0,0,0,0,有,無,1256000,30250,,0.0,0,,RPPNMLOKJHPFFAX96CA,0.0,0.0,0.0,,
湖西鄉,土地,機場段663-1地號,60.31,,一般農業區,水利用地,1081216,土地1建物0車位0,,,其他,,,,0.0,0,0,0,有,無,115192,1910,,0.0,0,向政府機關承購之案件。；,RPUNMLRJJHPFFAX77DA,0.0,0.0,0.0,,
馬公市,房地(土地+建物),澎湖縣馬公市東衛１８３號,138.55,,鄉村區,乙種建築用地,1081226,土地1建物1車位0,全,三層,透天厝,住家用,鋼筋混凝土造,0840610,176.4,4,3,3,有,無,2000000,11338,,0.0,0,親友、員工或其他特殊關係間之交易。；,RPVNMLQKJHPFFAX77CA,173.26,3.14,0.0,,
馬公市,土地,五福段522-1地號,1238.27,,一般農業區,農牧用地,1081224,土地1建物0車位0,,,其他,,,,0.0,0,0,0,有,無,25460000,20561,,0.0,0,共有人6人。農變建專案核准興建住宅。,RPPNMLMJKHPFFAX76CA,0.0,0.0,0.0,,
白沙鄉,房地(土地+建物),澎湖縣白沙鄉鎮海１９號,30.28,,鄉村區,乙種建築用地,1081223,土地1建物1車位0,全,一層,透天厝,住家用,石造,0300903,12.79,4,1,0,有,無,91658,7166,,0.0,0,親友、員工或其他特殊關係間之交易。；,RPTNMLNJKHPFFAX27CA,11.14,1.66,0.0,,
白沙鄉,土地,下瓦硐段1105-2地號,603.51,,一般農業區,農牧用地,1081226,土地1建物0車位0,,,其他,,,,0.0,0,0,0,有,無,2079000,3445,,0.0,0,,RPRNMLQJKHPFFAX37CA,0.0,0.0,0.0,,
馬公市,土地,五福段498-1地號,726.13,,一般農業區,農牧用地,1081110,土地1建物0車位0,,,其他,,,,0.0,0,0,0,有,無,13179600,18150,,0.0,0,,RPPNMLKKJHPFFAX56CA,0.0,0.0,0.0,,
馬公市,房地(土地+建物),澎湖縣馬公市東衛１２９之７０號,280.17,,一般農業區,甲種建築用地,1081202,土地2建物1車位0,全,三層,透天厝,住家用,鋼筋混凝土造,1030218,247.92,6,2,4,有,無,10000000,40336,,0.0,0,,RPUNMLNKJHPFFAX37CA,232.35,15.57,0.0,,
馬公市,土地,山水南段681地號,136.19,,鄉村區,乙種建築用地,1081122,土地1建物0車位0,,,其他,,,,0.0,0,0,0,有,無,1035000,7600,,0.0,0,,RPQNMLSJJHPFFAX37CA,0.0,0.0,0.0,,
馬公市,土地,鐵線段666-6地號,203.63,,一般農業區,甲種建築用地,1081216,土地2建物0車位0,,,其他,,,,0.0,0,0,0,有,無,6600000,32412,,0.0,0,農變建移轉土地 含興建中建物之成本 共660萬,RPQNMLTJJHPFFAX47CA,0.0,0.0,0.0,,
馬公市,房地(土地+建物),澎湖縣馬公市菜園18號,138.56,,一般農業區,農牧用地,1081206,土地4建物1車位0,全,一層,透天厝,住家用,造,,11.1,6,2,2,有,無,1220000,109910,,0.0,0,親友、員工或其他特殊關係間之交易。；含增建或未登記建物。；,RPQNMLNKJHPFFAX96CA,11.1,0.0,0.0,,
白沙鄉,土地,下瓦硐段1105地號,262.29,,一般農業區,農牧用地,1081226,土地1建物0車位0,,,其他,,,,0.0,0,0,0,有,無,903500,3445,,0.0,0,,RPQNMLQJKHPFFAX27CA,0.0,0.0,0.0,,
湖西鄉,土地,青螺新段1298地號,102.8,,鄉村區,乙種建築用地,1081216,土地1建物0車位0,,,其他,,,,0.0,0,0,0,有,無,465000,4523,,0.0,0,,RPPNMLTJJHPFFAX47DA,0.0,0.0,0.0,,
馬公市,土地,五福段537-1地號,818.85,,一般農業區,農牧用地,1090106,土地1建物0車位0,,,其他,,,,0.0,0,0,0,有,無,47650000,58191,,0.0,0,本案權利人數：4人。此為農變建變更起造人含未來興建房屋4棟費用。,RPRNMLKLJHPFFAX86CA,0.0,0.0,0.0,,
白沙鄉,土地,中屯新段1494地號,255.28,,鄉村區,乙種建築用地,1081220,土地1建物0車位0,,,其他,,,,0.0,0,0,0,有,無,801000,3138,,0.0,0,標售逾期未辦繼承案件,RPPNMLTKJHPFFAX47CA,0.0,0.0,0.0,,
湖西鄉,土地,紅羅段1916地號,544.55,,一般農業區,農牧用地,1090102,土地2建物0車位0,,,其他,,,,0.0,0,0,0,有,無,800000,1469,,0.0,0,,RPRNMLNKJHPFFAX07CA,0.0,0.0,0.0,,
馬公市,房地(土地+建物)+車位,澎湖縣馬公市民富街48巷30號六樓之5,42.3,住,,,1080917,土地3建物1車位1,六層,七層,華廈(10層含以下有電梯),集合住宅,鋼筋混凝土造,1070705,162.13,2,2,2,有,有,11250000,69389,坡道平面,13.78,0,,RPTNMLNKJHPFFAX27CA,81.19,7.63,0.0,,
馬公市,土地,四維段584-8地號,204.26,,一般農業區,甲種建築用地,1081212,土地2建物0車位0,,,其他,,,,0.0,0,0,0,有,無,3050000,14932,,0.0,0,農變建專案核准變更起造人,RPQNMLOKJHPFFAX07CA,0.0,0.0,0.0,,
馬公市,土地,海堤段776-3地號,17.36,住,,,1090103,土地1建物0車位0,,,其他,,,,0.0,0,0,0,有,無,333312,19200,,0.0,0,向政府機關承購之案件。；,RPRNMLKKJHPFFAX86DA,0.0,0.0,0.0,,
馬公市,房地(土地+建物),澎湖縣馬公市西文澳271號,213.65,,一般農業區,甲種建築用地,1081114,土地2建物1車位0,全,三層,透天厝,住家用,鋼筋混凝土造,1080815,262.38,5,1,5,有,無,12000000,45735,,0.0,0,親友、員工或其他特殊關係間之交易。；,RPQNMLRKKHPFFAX57DA,242.9,19.48,0.0,,
湖西鄉,土地,沙港北段380地號,128.32,,一般農業區,甲種建築用地,1090106,土地2建物0車位0,,,其他,,,,0.0,0,0,0,有,無,300000,2338,,0.0,0,親友、員工或其他特殊關係間之交易。；,RPRNMLOKJHPFFAX27DA,0.0,0.0,0.0,,
馬公市,土地,文光段405-1地號,22.66,住,,,1090106,土地1建物0車位0,,,其他,,,,0.0,0,0,0,有,無,1151128,50800,,0.0,0,向政府機關承購之案件。；,RPQNMLTKJHPFFAX57CA,0.0,0.0,0.0,,
白沙鄉,土地,通梁中段1188地號,107.65,住,,,1081230,土地1建物0車位0,,,其他,,,,0.0,0,0,0,有,無,750000,6967,,0.0,0,,RPRNMLPKJHPFFAX27CA,0.0,0.0,0.0,,
馬公市,土地,興仁段465地號,239.03,,一般農業區,農牧用地,1081219,土地1建物0車位0,,,其他,,,,0.0,0,0,0,有,無,500000,2092,,0.0,0,,RPSNMLPKJHPFFAX37CA,0.0,0.0,0.0,,
湖西鄉,土地,沙港東段153地號,1043.84,,一般農業區,農牧用地,1090103,土地1建物0車位0,,,其他,,,,0.0,0,0,0,有,無,2600000,2491,,0.0,0,,RPUNMLPKJHPFFAX57CA,0.0,0.0,0.0,,
馬公市,土地,五福段706地號,2105.32,,一般農業區,農牧用地,1081224,土地1建物0車位0,,,其他,,,,0.0,0,0,0,有,無,31000000,14725,,0.0,0,共有人10人。農變建專案核准興建住宅,RPSNMLPJKHPFFAX37CA,0.0,0.0,0.0,,
馬公市,土地,文東段916地號,283.49,,一般農業區,農牧用地,1081126,土地1建物0車位0,,,其他,,,,0.0,0,0,0,有,無,8000000,28220,,0.0,0,,RPSNMLOKJHPFFAX27CA,0.0,0.0,0.0,,
馬公市,土地,五福段1051-14地號,209.12,,一般農業區,甲種建築用地,1081210,土地2建物0車位0,,,其他,,,,0.0,0,0,0,有,無,8500000,40647,,0.0,0,農變建移轉土地 含興建中建物之成本共850萬,RPUNMLOKJHPFFAX47CA,0.0,0.0,0.0,,
湖西鄉,土地,許家段19-5地號,669.86,,一般農業區,農牧用地,1090103,土地1建物0車位0,,,其他,,,,0.0,0,0,0,有,無,4458000,6655,,0.0,0,,RPVNMLOKJHPFFAX57CA,0.0,0.0,0.0,,
馬公市,土地,文光段993-1地號,403.54,住,,,1090103,土地2建物0車位0,,,其他,,,,0.0,0,0,0,有,無,27000000,66908,,0.0,0,,RPWNMLOKJHPFFAX67CA,0.0,0.0,0.0,,
西嶼鄉,土地,二崁南段691地號,9.84,其他,,,1081216,土地1建物0車位0,,,其他,,,,0.0,0,0,0,有,無,41342,4201,,0.0,0,道路用地協議價購,RPPOMLKLJHPFFAX76CA,0.0,0.0,0.0,,
西嶼鄉,土地,二崁南段691地號,9.84,其他,,,1081224,土地1建物0車位0,,,其他,,,,0.0,0,0,0,有,無,41342,4201,,0.0,0,道路用地協議價購,RPQOMLKLJHPFFAX86CA,0.0,0.0,0.0,,
馬公市,土地,五福段347地號,673.33,,一般農業區,農牧用地,1081107,土地1建物0車位0,,,其他,,,,0.0,0,0,0,有,無,12228000,18160,,0.0,0,,RPUOMLKLJHPFFAX27CA,0.0,0.0,0.0,,
馬公市,房地(土地+建物)+車位,澎湖縣馬公市貿商街１２２號六樓之二,28.82,住,,,1081213,土地2建物1車位1,六層,十四層,住宅大樓(11層含以上有電梯),集合住宅,鋼筋混凝土造,0950710,177.19,3,2,2,有,無,5800000,32733,坡道平面,0.0,0,,RPVOMLKLJHPFFAX37CA,96.71,0.0,10.96,,
西嶼鄉,土地,二崁南段273地號,4.71,其他,,,1081217,土地1建物0車位0,,,其他,,,,0.0,0,0,0,有,無,19796,4203,,0.0,0,道路用地協議價購,RPXNMLKLJHPFFAX47CA,0.0,0.0,0.0,,
馬公市,土地,鎖港西段572地號,534.06,住,,,1081231,土地1建物0車位0,,,其他,,,,0.0,0,0,0,有,無,6000000,11235,,0.0,0,,RPRNMLLLJHPFFAX96CA,0.0,0.0,0.0,,
西嶼鄉,土地,二崁南段692-1地號,85.89,其他,,,1081224,土地2建物0車位0,,,其他,,,,0.0,0,0,0,有,無,360743,4200,,0.0,0,道路用地協議價購,RPROMLKLJHPFFAX96CA,0.0,0.0,0.0,,
馬公市,土地,埕東段99地號,396.7,住,,,1081118,土地1建物0車位0,,,其他,,,,0.0,0,0,0,有,無,36000000,90749,,0.0,0,,RPTNMLKLJHPFFAX07CA,0.0,0.0,0.0,,
西嶼鄉,土地,二崁南段724-1地號,61.5,其他,,,1081230,土地2建物0車位0,,,其他,,,,0.0,0,0,0,有,無,258290,4200,,0.0,0,道路用地協議價購,RPUNMLKLJHPFFAX17CA,0.0,0.0,0.0,,
湖西鄉,土地,湖東新段456地號,459.33,,一般農業區,農牧用地,1090109,土地1建物0車位0,,,其他,,,,0.0,0,0,0,有,無,1666000,3627,,0.0,0,,RPSNMLQKJHPFFAX47CA,0.0,0.0,0.0,,
馬公市,土地,海堤段766地號,295.63,其他,,,1090104,土地1建物0車位0,,,其他,,,,0.0,0,0,0,有,無,4877895,16500,,0.0,0,道路用地協議價購,RPXNMLQKJHPFFAX97CA,0.0,0.0,0.0,,
馬公市,房地(土地+建物),澎湖縣馬公市東衛１７１之８號,208.84,,一般農業區,甲種建築用地,1081202,土地2建物1車位0,全,二層,透天厝,住家用,鋼筋混凝土造,0940809,273.88,5,2,5,有,無,7500000,27384,,0.0,0,,RPUNMLRJKHPFFAX77CA,267.55,6.33,0.0,,
馬公市,土地,案山段575-1地號,286.16,其他,,,1090108,土地2建物0車位0,,,其他,,,,0.0,0,0,0,有,無,8584800,30000,,0.0,0,協議價購,RPTNMLKKKHPFFAX07CA,0.0,0.0,0.0,,
馬公市,房地(土地+建物),澎湖縣馬公市北辰街17巷5弄14號,42.26,住,,,1090107,土地2建物2車位0,一層,五層,公寓(5樓含以下無電梯),集合住宅,鋼筋混凝土造,0730629,86.17,3,1,2,有,無,4200000,48741,,0.0,0,,RPPNMLRKJHPFFAX27CA,86.17,0.0,0.0,,
西嶼鄉,土地,池東段677地號,407.2,,鄉村區,乙種建築用地,1081125,土地1建物0車位0,,,其他,,,,0.0,0,0,0,有,無,2463000,6049,,0.0,0,,RPVNMLRKJHPFFAX87CA,0.0,0.0,0.0,,
馬公市,土地,鐵線段731地號,1535.8,,一般農業區,農牧用地,1090108,土地1建物0車位0,,,其他,,,,0.0,0,0,0,有,無,37380000,24339,,0.0,0,農變建移轉土地持分給予權利人共6人內含未來6戶興建之成本3738萬,RPWNMLRKJHPFFAX97CA,0.0,0.0,0.0,,
馬公市,房地(土地+建物),澎湖縣馬公市石泉１之２３１號,63.42,,一般農業區,甲種建築用地,1090107,土地1建物1車位0,全,二層,透天厝,住家用,鋼筋混凝土加強磚造,0791201,81.6,3,2,2,有,無,4880000,59804,,0.0,0,,RPRNMLTKJHPFFAX67CA,81.6,0.0,0.0,,
馬公市,房地(土地+建物),澎湖縣馬公市中華路２５７號,129.97,住,,,1081119,土地1建物1車位0,全,四層,透天厝,住商用,鋼筋混凝土造,0861219,321.01,2,4,2,有,無,23500000,73206,,0.0,0,,RPSNMLKLJHPFFAX96CA,280.86,40.15,0.0,,
西嶼鄉,土地,二崁南段724-1地號,30.75,其他,,,1081230,土地2建物0車位0,,,其他,,,,0.0,0,0,0,有,無,129145,4200,,0.0,0,道路用地協議價購,RPVNMLKLJHPFFAX27CA,0.0,0.0,0.0,,
西嶼鄉,土地,二崁南段425-1地號,8.12,其他,,,1081217,土地4建物0車位0,,,其他,,,,0.0,0,0,0,有,無,34091,4198,,0.0,0,道路用地協議價購,RPWNMLKLJHPFFAX37CA,0.0,0.0,0.0,,
西嶼鄉,土地,二崁南段691地號,3.28,其他,,,1081224,土地1建物0車位0,,,其他,,,,0.0,0,0,0,有,無,13781,4202,,0.0,0,道路用地協議價購,RPSOMLKLJHPFFAX07CA,0.0,0.0,0.0,,
西嶼鄉,土地,二崁南段273地號,4.71,其他,,,1081217,土地1建物0車位0,,,其他,,,,0.0,0,0,0,有,無,19796,4203,,0.0,0,道路用地協議價購,RPWOMLKLJHPFFAX47CA,0.0,0.0,0.0,,
湖西鄉,土地,沙港北段1141地號,766.09,,一般農業區,農牧用地,1081216,土地4建物0車位0,,,其他,,,,0.0,0,0,0,有,無,1050000,1371,,0.0,0,親友、員工或其他特殊關係間之交易。；,RPWNMLMLJHPFFAX57CA,0.0,0.0,0.0,,
馬公市,土地,五福段807-6地號,245.48,,一般農業區,甲種建築用地,1081223,土地2建物0車位0,,,其他,,,,0.0,0,0,0,有,無,8430000,34341,,0.0,0,農變建移轉土地 含興建中建物之成本共843萬,RPQNMLMLJHPFFAX96CA,0.0,0.0,0.0,,
馬公市,房地(土地+建物),澎湖縣馬公市新明路２１號七樓,73.77,商,,,1081226,土地9建物1車位0,七層,十層,辦公商業大樓,商業用,鋼筋混凝土造,0840818,687.89,16,1,16,有,有,23000000,33436,,0.0,0,,RPSNMLMLJHPFFAX17CA,458.7,0.0,66.2,,
馬公市,土地,五福段330地號,1323.56,,一般農業區,農牧用地,1080905,土地1建物0車位0,,,其他,,,,0.0,0,0,0,有,無,12856389,9713,,0.0,0,,RPTNMLMLJHPFFAX27CA,0.0,0.0,0.0,,
馬公市,土地,西澳段524地號,122.41,住,,,1081223,土地1建物0車位0,,,其他,,,,0.0,0,0,0,有,無,6660000,54407,,0.0,0,,RPVNMLRJKHPFFAX87CA,0.0,0.0,0.0,,
湖西鄉,土地,成功南段1025地號,2473.86,,一般農業區,農牧用地,1081227,土地1建物0車位0,,,其他,,,,0.0,0,0,0,有,無,17000000,6872,,0.0,0,共有人12人。農變建專案核准興建住宅。,RPPNMLOKKHPFFAX07CA,0.0,0.0,0.0,,
馬公市,土地,東衛段1256地號,300.7,,鄉村區,乙種建築用地,1081230,土地1建物0車位0,,,其他,,,,0.0,0,0,0,有,無,5890000,19588,,0.0,0,,RPTNMLOJKHPFFAX37CA,0.0,0.0,0.0,,
白沙鄉,房地(土地+建物),澎湖縣白沙鄉講美１００之５號,771.53,,一般農業區,農牧用地,1090107,土地2建物1車位0,一層，二層,二層,農舍,農舍,鋼筋混凝土加強磚造,0771230,94.11,9,2,5,有,無,2300000,,,0.0,0,,RPQNMLNJKHPFFAX96CA,94.11,0.0,0.0,,
馬公市,土地,六合段690地號,375.82,農,,,1081219,土地1建物0車位0,,,其他,,,,0.0,0,0,0,有,無,9000000,23948,,0.0,0,,RPPNMLPJKHPFFAX07CA,0.0,0.0,0.0,,
湖西鄉,土地,許家段397地號,417.01,,一般農業區,農牧用地,1090116,土地1建物0車位0,,,其他,,,,0.0,0,0,0,有,無,15458000,37069,,0.0,0,本案權利人數2人。此為農變建變更起造人含未來興建房屋2棟之費用。,RPRNMLRJKHPFFAX47CA,0.0,0.0,0.0,,
馬公市,房地(土地+建物),澎湖縣馬公市東衛７１之２０號,284.45,,一般農業區,甲種建築用地,1081217,土地2建物1車位0,全,二層,透天厝,住家用,鋼筋混凝土造,0970414,226.78,4,2,5,有,無,8200000,36158,,0.0,0,,RPPNMLOJKHPFFAX96CA,218.3,0.0,8.48,,
湖西鄉,土地,林投北段146地號,278.53,,一般農業區,農牧用地,1081013,土地1建物0車位0,,,其他,,,,0.0,0,0,0,有,無,1150000,4129,,0.0,0,,RPWNMLOJKHPFFAX67CA,0.0,0.0,0.0,,
白沙鄉,土地,後寮東段1351地號,732.86,,一般農業區,農牧用地,1090117,土地6建物0車位0,,,其他,,,,0.0,0,0,0,有,無,1000000,1365,,0.0,0,,RPRNMLOJKHPFFAX17CA,0.0,0.0,0.0,,
馬公市,土地,光華段282地號,807.14,,一般農業區,農牧用地,1090113,土地1建物0車位0,,,其他,,,,0.0,0,0,0,有,無,2026000,2510,,0.0,0,,RPSNMLOJKHPFFAX27CA,0.0,0.0,0.0,,
馬公市,土地,馬公段1870-11地號,33.0,住,,,1090113,土地1建物0車位0,,,其他,,,,0.0,0,0,0,有,無,2775300,84100,,0.0,0,向政府機關承購之案件。；,RPQNMLKKKHPFFAX86DA,0.0,0.0,0.0,,
馬公市,土地,井垵西段1372地號,867.17,,一般農業區,農牧用地,1090117,土地1建物0車位0,,,其他,,,,0.0,0,0,0,有,無,1574000,1815,,0.0,0,,RPQNMLOJKHPFFAX07CA,0.0,0.0,0.0,,
馬公市,土地,興崁段535-6地號,913.37,,一般農業區,農牧用地,1081231,土地3建物0車位0,,,其他,,,,0.0,0,0,0,有,無,39150000,42863,,0.0,0,權利人共四人含未來興建四戶房屋價款,RPPNMLPKKHPFFAX17CA,0.0,0.0,0.0,,
馬公市,土地,四維段1275地號,134.86,,一般農業區,農牧用地,1081210,土地1建物0車位0,,,其他,,,,0.0,0,0,0,有,無,606870,4500,,0.0,0,標購逾期未辦繼承土地,RPUNMLPLKHPFFAX77CA,0.0,0.0,0.0,,
馬公市,房地(土地+建物),澎湖縣馬公市東衛１０１之６號,81.48,,鄉村區,乙種建築用地,1081224,土地1建物1車位0,全,三層,透天厝,住家用,鋼筋混凝土造,0831122,167.21,5,2,3,有,無,4600000,27510,,0.0,0,,RPSNMLLLKHPFFAX17CA,164.41,2.8,0.0,,
馬公市,土地,四維段1495地號,874.03,,一般農業區,農牧用地,1090119,土地2建物0車位0,,,其他,,,,0.0,0,0,0,有,無,3169517,3626,,0.0,0,,RPXNMLRJKHPFFAX08CA,0.0,0.0,0.0,,
馬公市,土地,鐵線段629地號,643.62,,一般農業區,農牧用地,1090116,土地1建物0車位0,,,其他,,,,0.0,0,0,0,有,無,17500000,27190,,0.0,0,農變建移轉土地持分給予權利人共2人內含未來2戶興建之成本1750萬,RPWNMLQJKHPFFAX87CA,0.0,0.0,0.0,,
馬公市,房地(土地+建物),澎湖縣馬公市文明路９號,123.01,住,,,1081221,土地3建物1車位0,全,四層,透天厝,住家用,鋼筋混凝土造,0860428,220.92,4,3,5,有,無,6000000,27159,,0.0,0,,RPPNMLRJKHPFFAX27CA,205.8,15.12,0.0,,
馬公市,土地,四維段1496地號,176.07,,一般農業區,農牧用地,1090119,土地1建物0車位0,,,其他,,,,0.0,0,0,0,有,無,638483,3626,,0.0,0,,RPQNMLRJKHPFFAX37CA,0.0,0.0,0.0,,
馬公市,土地,五福段5地號,161.81,,一般農業區,農牧用地,1090103,土地1建物0車位0,,,其他,,,,0.0,0,0,0,有,無,14800000,91465,,0.0,0,此為農變建變更起造人含未來興建房屋1棟之費用。,RPPNMLKKKHPFFAX66CA,0.0,0.0,0.0,,
馬公市,土地,興崁段507地號,2263.84,,一般農業區,農牧用地,1090121,土地1建物0車位0,,,其他,,,,0.0,0,0,0,有,無,5470000,2416,,0.0,0,,RPWNMLRJKHPFFAX97CA,0.0,0.0,0.0,,
七美鄉,土地,七美二段971地號,489.02,,一般農業區,農牧用地,1081212,土地1建物0車位0,,,其他,,,,0.0,0,0,0,有,無,890640,1821,,0.0,0,,RPPNMLRKKHPFFAX37CA,0.0,0.0,0.0,,
白沙鄉,土地,講美段715地號,238.0,,鄉村區,乙種建築用地,1090203,土地1建物0車位0,,,其他,,,,0.0,0,0,0,有,無,1450000,6092,,0.0,0,,RPOOMLRJKHPFFAX37DA,0.0,0.0,0.0,,
湖西鄉,土地,紅羅段1363地號,183.53,,一般農業區,農牧用地,1081210,土地2建物0車位0,,,其他,,,,0.0,0,0,0,有,無,266000,1449,,0.0,0,向政府機關承購之案件。；,RPPNMLLKKHPFFAX86DA,0.0,0.0,0.0,,
馬公市,土地,鐵線段629地號,1123.36,,一般農業區,農牧用地,1090116,土地1建物0車位0,,,其他,,,,0.0,0,0,0,有,無,34020000,30284,,0.0,0,農變建移轉土地持分給予權利人 內含未來4戶興建之成本3402萬,RPRNMLRKKHPFFAX57CA,0.0,0.0,0.0,,
白沙鄉,房地(土地+建物),澎湖縣白沙鄉大赤崁７７號,121.06,,鄉村區,乙種建築用地,1081206,土地1建物1車位0,全,一層,透天厝,住家用,造,,40.63,3,1,1,有,無,300000,7384,,0.0,0,親友、員工或其他特殊關係間之交易。；,RPQNMLLLKHPFFAX96CA,40.63,0.0,0.0,,
白沙鄉,土地,赤崁北段314地號,543.25,,一般農業區,農牧用地,1081206,土地2建物0車位0,,,其他,,,,0.0,0,0,0,有,無,500000,920,,0.0,0,親友、員工或其他特殊關係間之交易。；,RPRNMLLLKHPFFAX07CA,0.0,0.0,0.0,,
馬公市,房地(土地+建物),澎湖縣馬公市菜園６８號四樓之一,10.8,,鄉村區,乙種建築用地,1090115,土地1建物1車位0,四層,六層,華廈(10層含以下有電梯),集合住宅,鋼筋混凝土造,1080418,38.73,1,1,1,有,無,1650000,42603,,0.0,0,,RPSNMLKKKHPFFAX96CA,25.51,2.94,0.0,,
馬公市,房地(土地+建物),澎湖縣馬公市五福路３巷３０弄９號,112.48,,鄉村區,乙種建築用地,1090120,土地1建物1車位0,全,三層,透天厝,住家用,鋼筋混凝土加強磚造,0740409,122.24,5,3,2,有,無,4800000,39267,,0.0,0,,RPQNMLMKKHPFFAX96CA,122.24,0.0,0.0,,
