﻿編號,屋齡,建物移轉面積平方公尺,主要用途,主要建材,建築完成日期,總層數,建物分層
The serial number,room age,building shifting area square meter,the main use,main building materials,construction completes the date,total layer,building lamination
RPPNMLQJKHPFFAX47DC,24,51.36,住家用,鋼筋混凝土造,85年2月15日,十層,
RPPNMLQJKHPFFAX47DC,24,6.62,住家用,鋼筋混凝土造,85年2月15日,十層,
RPPNMLQJKHPFFAX47DC,24,25.56,避難室、停車空間,鋼筋混凝土造,85年2月15日,十層,
