﻿編號,土地位置,土地移轉面積(平方公尺),使用分區或編定,權利人持分分母,權利人持分分子,移轉情形,地號
The serial number, land position,land shifting area square meter,the use zoning or compiles and checks,,,,land parcel
RPVNMLMKJIOFFAX37CA,文東段,275.14,非都市：一般農業區 ; 非都市編定：農牧用地,1,1,全筆移轉,08300000
RPQPMLTKJIOFFAX77CA,文光段,28.65,非都市： ; 非都市編定：,1200000,7884,持分移轉,00570000
RPQNMLOKJIOFFAX07CA,馬公段,23.25,非都市： ; 非都市編定：,4,1,持分移轉,25440000
RPRNMLSKJIOFFAX57CA,文化段,.83,非都市： ; 非都市編定：,144,1,持分移轉,06460000
RPRNMLLKJIOFFAX86CA,埕東段,.12,非都市： ; 非都市編定：,10000,198,持分移轉,08600000
RPRNMLLKJIOFFAX86CA,埕東段,2.34,非都市： ; 非都市編定：,10000,198,持分移轉,08610000
RPRNMLLKJIOFFAX86CA,埕東段,18.39,非都市： ; 非都市編定：,10000,198,持分移轉,08640000
RPRNMLLKJIOFFAX86CA,埕東段,7.66,非都市： ; 非都市編定：,10000,198,持分移轉,08560000
RPOOMLNKJIOFFAX86CA,大池段,223.34,非都市：一般農業區 ; 非都市編定：農牧用地,1,1,全筆移轉,11610000
RPPNMLLLJIOFFAX76CA,西澳段,121.90,非都市： ; 非都市編定：,1,1,全筆移轉,00990002
RPPNMLOKJIOFFAX96CA,池東段,441.31,非都市：鄉村區 ; 非都市編定：乙種建築用地,1,1,全筆移轉,06760000
RPPNMLMLJIOFFAX86CA,竹灣段,964.12,非都市：一般農業區 ; 非都市編定：農牧用地,1,1,全筆移轉,10580000
RPQNMLMLJIOFFAX96CA,西澳段,110.01,非都市： ; 非都市編定：,1,1,全筆移轉,06900000
RPVOMLMLJIOFFAX57CA,文光段,3.26,非都市： ; 非都市編定：,100000,304,持分移轉,00540000
RPVOMLMLJIOFFAX57CA,文光段,25.19,非都市： ; 非都市編定：,100000,304,持分移轉,00200000
RPQNMLLMKIOFFAX07CA,馬公段,67.00,非都市： ; 非都市編定：,1,1,全筆移轉,01030152
RPQNMLLMKIOFFAX07CA,馬公段,67.00,非都市： ; 非都市編定：,1,1,全筆移轉,01030153
RPQNMLLMKIOFFAX07CA,馬公段,67.00,非都市： ; 非都市編定：,1,1,全筆移轉,01030154
RPQNMLPKJIOFFAX27DA,?裡新段,14.73,非都市：森林區 ; 非都市編定：丙種建築用地,1,1,全筆移轉,00180001
RPRNMLPKJIOFFAX27CA,五德東段,503.17,非都市：一般農業區 ; 非都市編定：農牧用地,1,1,全筆移轉,01210000
RPPNMLPLJIOFFAX17CA,文光段,25.52,非都市： ; 非都市編定：,300000,924,持分移轉,00200000
RPPNMLPLJIOFFAX17CA,文光段,3.30,非都市： ; 非都市編定：,300000,924,持分移轉,00540000
RPSNMLMLJIOFFAX27DA,北極段,13.95,非都市： ; 非都市編定：,1,1,全筆移轉,11740001
RPPNMLSKJIOFFAX37CA,文東段,512.96,非都市：一般農業區 ; 非都市編定：農牧用地,16,4,持分移轉,18260000
RPTNMLSKJIOFFAX77CA,馬公段,.43,非都市： ; 非都市編定：,7,1,持分移轉,00020026
RPTNMLSKJIOFFAX77CA,馬公段,21.86,非都市： ; 非都市編定：,7,1,持分移轉,00030000
RPTNMLSKJIOFFAX77CA,馬公段,8.00,非都市： ; 非都市編定：,1,1,全筆移轉,00030005
RPTNMLSKJIOFFAX77CA,馬公段,18.00,非都市： ; 非都市編定：,1,1,全筆移轉,00030008
RPTNMLSKJIOFFAX77CA,馬公段,.29,非都市： ; 非都市編定：,7,1,持分移轉,00060002
RPTNMLSKJIOFFAX77CA,馬公段,3.14,非都市： ; 非都市編定：,7,1,持分移轉,00020003
RPTNMLSKJIOFFAX77CA,馬公段,13.00,非都市： ; 非都市編定：,1,1,全筆移轉,00020022
RPTNMLOKJIOFFAX47DA,東澳段,2.21,非都市： ; 非都市編定：,1,1,全筆移轉,03620001
RPTNMLOKJIOFFAX47DA,東澳段,.16,非都市： ; 非都市編定：,1,1,全筆移轉,03620002
RPSNMLLLJIOFFAX07CA,北澳段,62.65,非都市：一般農業區 ; 非都市編定：甲種建築用地,1,1,全筆移轉,05640000
RPSNMLOLJIOFFAX37CA,安宅段,597.21,非都市：一般農業區 ; 非都市編定：農牧用地,1,1,全筆移轉,01010000
RPSNMLOLJIOFFAX37CA,安宅段,118.04,非都市：一般農業區 ; 非都市編定：交通用地,15,3,持分移轉,01010004
RPOOMLKLJIOFFAX66CA,鎖港南段,73.09,非都市： ; 非都市編定：,1,1,全筆移轉,05430000
RPSNMLSKJIOFFAX67CA,文東段,198.43,非都市：一般農業區 ; 非都市編定：農牧用地,1,1,全筆移轉,04900000
RPSNMLSKJIOFFAX67CA,文東段,329.88,非都市：一般農業區 ; 非都市編定：甲種建築用地,1,1,全筆移轉,04900001
RPSNMLSKJIOFFAX67CA,文東段,31.69,非都市：一般農業區 ; 非都市編定：農牧用地,75424,3169,持分移轉,04900002
RPSNMLSKJIOFFAX67CA,文東段,146.36,非都市：一般農業區 ; 非都市編定：交通用地,3,1,持分移轉,04900004
RPSNMLSKJIOFFAX67CA,文東段,32.50,非都市：一般農業區 ; 非都市編定：農牧用地,3,1,持分移轉,04900006
RPSPMLTKJIOFFAX97CA,四維段,62.05,非都市：鄉村區 ; 非都市編定：乙種建築用地,1,1,全筆移轉,08280000
RPSNMLTKJIOFFAX77CA,光榮段,118.88,非都市： ; 非都市編定：,1,1,全筆移轉,04080006
RPSNMLTKJIOFFAX77CA,光榮段,7.41,非都市： ; 非都市編定：,1,1,全筆移轉,04160000
RPUNMLPKJIOFFAX57CA,竹篙灣段,4091.00,非都市：風景區 ; 非都市編定：農牧用地,1,1,全筆移轉,36800000
RPQNMLNJJHPFFAX86CA,國宅段,19.12,非都市： ; 非都市編定：,9,1,持分移轉,03530004
RPQNMLNJJHPFFAX86CA,國宅段,149.08,非都市： ; 非都市編定：,1,1,全筆移轉,03530010
RPQNMLTKJIOFFAX57CA,馬公段,27.00,非都市： ; 非都市編定：,1,1,全筆移轉,07810009
RPOOMLTJKIOFFAX47CA,馬公段,19.00,非都市： ; 非都市編定：,1,1,全筆移轉,20850006
RPPOMLKLJIOFFAX76CA,東衛段,130.31,非都市：一般農業區 ; 非都市編定：甲種建築用地,1,1,全筆移轉,05100006
RPPOMLKLJIOFFAX76CA,東衛段,42.81,非都市：一般農業區 ; 非都市編定：交通用地,12,1,持分移轉,05100007
RPPOMLTJKIOFFAX57CA,馬公段,19.67,非都市： ; 非都市編定：,30,1,持分移轉,20880000
RPUNMLMLJIOFFAX37CA,文化段,9.93,非都市： ; 非都市編定：,12,1,持分移轉,06460000
RPWOMLMLJIOFFAX67CA,成功南段,531.04,非都市：一般農業區 ; 非都市編定：農牧用地,53104,53104,全筆移轉,04110000
RPRNMLOLJIOFFAX27CA,文東段,202.52,非都市：一般農業區 ; 非都市編定：農牧用地,1,1,全筆移轉,14690005
RPXOMLMLJIOFFAX77CA,鼎灣新段,106.66,非都市：一般農業區 ; 非都市編定：交通用地,9,2,持分移轉,06410004
RPWNMLMLJIOFFAX57CA,文化段,1.66,非都市： ; 非都市編定：,72,1,持分移轉,06460000
RPOOMLMLJIOFFAX86CA,文化段,1.66,非都市： ; 非都市編定：,72,1,持分移轉,06460000
RPPOMLMLJIOFFAX96CA,文化段,9.93,非都市： ; 非都市編定：,12,1,持分移轉,06460000
RPXNMLMLJIOFFAX67CA,文化段,7.45,非都市： ; 非都市編定：,16,1,持分移轉,06460000
RPQOMLMLJIOFFAX07CA,文化段,14.90,非都市： ; 非都市編定：,8,1,持分移轉,06460000
RPROMLMLJIOFFAX17CA,文化段,29.80,非都市： ; 非都市編定：,4,1,持分移轉,06460000
RPVNMLMLJIOFFAX47CA,成功南段,592.13,非都市：一般農業區 ; 非都市編定：農牧用地,1,1,全筆移轉,07990000
RPRNMLPLJIOFFAX37CA,東澳段,21.60,非都市： ; 非都市編定：,10000,136,持分移轉,05940000
RPSOMLMLJIOFFAX27CA,文化段,14.90,非都市： ; 非都市編定：,8,1,持分移轉,06460000
RPUOMLMLJIOFFAX47CA,文化段,7.45,非都市： ; 非都市編定：,16,1,持分移轉,06460000
RPTOMLMLJIOFFAX37CA,文化段,1.66,非都市： ; 非都市編定：,72,1,持分移轉,06460000
RPQNMLQLJIOFFAX37CA,馬公段,105.00,非都市： ; 非都市編定：,1,1,全筆移轉,07900000
RPROMLTJKIOFFAX77CA,尖山南段,446.16,非都市：一般農業區 ; 非都市編定：農牧用地,1,1,全筆移轉,03470000
RPPNMLSJKIOFFAX47DA,吉貝東段,538.03,非都市：森林區 ; 非都市編定：林業用地,1,1,全筆移轉,05260000
RPQOMLTJKIOFFAX67CA,山水北段,232.81,非都市：一般農業區 ; 非都市編定：農牧用地,1000,487,持分移轉,07210000
RPPNMLRKKIOFFAX47DA,興仁段,275.71,非都市：一般農業區 ; 非都市編定：農牧用地,7,1,持分移轉,11210000
RPUNMLQLJIOFFAX77CA,光榮段,19.17,非都市： ; 非都市編定：,10000,163,持分移轉,04960000
RPQNMLTLJIOFFAX67CA,成功南段,8.77,非都市：一般農業區 ; 非都市編定：交通用地,10,1,持分移轉,02460004
RPQNMLTLJIOFFAX67CA,成功南段,178.09,非都市：一般農業區 ; 非都市編定：甲種建築用地,1,1,全筆移轉,02460009
RPPNMLSLJIOFFAX47CA,馬公段,11.48,非都市： ; 非都市編定：,10000,208,持分移轉,02930001
RPSNMLQLJIOFFAX57CA,埕東段,.80,非都市： ; 非都市編定：,10000,156,持分移轉,04490000
RPSNMLQLJIOFFAX57CA,埕東段,17.75,非都市： ; 非都市編定：,10000,156,持分移轉,04500000
RPQNMLRKKIOFFAX57DA,興仁段,240.36,非都市：一般農業區 ; 非都市編定：農牧用地,7,1,持分移轉,11230000
RPQNMLRLJIOFFAX47CA,文化段,3.60,非都市： ; 非都市編定：,1,1,全筆移轉,05820001
RPRNMLRLJIOFFAX57CA,文化段,1.66,非都市： ; 非都市編定：,72,1,持分移轉,06460000
RPTNMLRLJIOFFAX77CA,東澳段,17.14,非都市： ; 非都市編定：,16,3,持分移轉,10940000
RPTNMLRLJIOFFAX77CA,東澳段,25.88,非都市： ; 非都市編定：,16,3,持分移轉,10950000
RPTNMLRLJIOFFAX77CA,東澳段,1.28,非都市： ; 非都市編定：,16,3,持分移轉,10950001
RPPNMLTLJIOFFAX57CA,五福段,166.71,非都市：一般農業區 ; 非都市編定：甲種建築用地,1,1,全筆移轉,07210003
RPPNMLTLJIOFFAX57CA,五福段,39.96,非都市：一般農業區 ; 非都市編定：交通用地,4,1,持分移轉,07210004
RPSNMLRLJIOFFAX67CA,文化段,.83,非都市： ; 非都市編定：,144,1,持分移轉,06460000
RPUNMLRLJIOFFAX87CA,文化段,7.45,非都市： ; 非都市編定：,16,1,持分移轉,06460000
RPQNMLSLJIOFFAX57CA,埕中段,130.38,非都市： ; 非都市編定：,1,1,全筆移轉,07890000
RPVNMLRLJIOFFAX97CA,文化段,3.72,非都市： ; 非都市編定：,32,1,持分移轉,06460000
RPWNMLRLJIOFFAX08CA,文化段,3.72,非都市： ; 非都市編定：,32,1,持分移轉,06460000
RPSOMLTJKIOFFAX87CA,五德東段,9.71,非都市：一般農業區 ; 非都市編定：交通用地,5,1,持分移轉,03630001
RPSOMLTJKIOFFAX87CA,五德東段,164.50,非都市：一般農業區 ; 非都市編定：甲種建築用地,1,1,全筆移轉,03640003
RPSOMLTJKIOFFAX87CA,五德東段,26.89,非都市：一般農業區 ; 非都市編定：交通用地,5,1,持分移轉,03640004
RPPNMLRLJIOFFAX37CA,?葉新段,116.01,非都市：一般農業區 ; 非都市編定：交通用地,1,1,全筆移轉,12080000
RPPNMLRLJIOFFAX37CA,?葉新段,647.62,非都市：一般農業區 ; 非都市編定：農牧用地,1,1,全筆移轉,12090000
RPSNMLQJKIOFFAX47CA,馬公段,3.20,非都市： ; 非都市編定：,10000,58,持分移轉,02930001
RPSNMLTLJIOFFAX87CA,山水西段,231.54,非都市：一般農業區 ; 非都市編定：農牧用地,10000,2846,持分移轉,05070000
RPQNMLPLJIOFFAX37DA,小赤段,81.06,非都市：鄉村區 ; 非都市編定：乙種建築用地,2,1,持分移轉,05700000
RPRNMLNJKIOFFAX07CA,中衛段,138.17,非都市： ; 非都市編定：,5,1,持分移轉,04130000
RPPNMLNJKIOFFAX96DA,埕中段,109.19,非都市： ; 非都市編定：,1,1,全筆移轉,02660000
RPQNMLNJKIOFFAX96CA,鎖港南段,718.40,非都市：一般農業區 ; 非都市編定：農牧用地,1,1,全筆移轉,03580000
RPTNMLQJKIOFFAX57CA,許家段,330.00,非都市：一般農業區 ; 非都市編定：甲種建築用地,1,1,全筆移轉,06800002
RPTNMLQJKIOFFAX57CA,許家段,30.60,非都市：一般農業區 ; 非都市編定：交通用地,2,1,持分移轉,06800003
RPPNMLPJKIOFFAX07CA,案山段,252.29,非都市： ; 非都市編定：,1,1,全筆移轉,00010006
RPSNMLKKKIOFFAX96CA,六合段,22.04,非都市：一般農業區 ; 非都市編定：甲種建築用地,18,2,持分移轉,02120001
RPSNMLKKKIOFFAX96CA,六合段,31.46,非都市：一般農業區 ; 非都市編定：交通用地,100,4,持分移轉,02120004
RPWNMLTJKIOFFAX18CA,文澳段,50.43,非都市： ; 非都市編定：,10000,158,持分移轉,22930000
RPRNMLTLJIOFFAX77CA,山水西段,582.01,非都市：一般農業區 ; 非都市編定：農牧用地,10000,7154,持分移轉,05070000
RPRNMLTJKIOFFAX77DA,馬公段,11.25,非都市： ; 非都市編定：,4,1,持分移轉,21960000
RPQNMLTJKIOFFAX67DA,馬公段,11.25,非都市： ; 非都市編定：,4,1,持分移轉,21960000
RPSNMLTJKIOFFAX87DA,馬公段,11.25,非都市： ; 非都市編定：,4,1,持分移轉,21960000
RPPNMLQJKIOFFAX27DA,吉貝西段,797.77,非都市：一般農業區 ; 非都市編定：農牧用地,2,1,持分移轉,00410000
RPPNMLQJKIOFFAX27DA,吉貝東段,586.96,非都市：一般農業區 ; 非都市編定：農牧用地,2,1,持分移轉,04060000
RPPNMLQJKIOFFAX27DA,吉貝東段,92.25,非都市：一般農業區 ; 非都市編定：農牧用地,2,1,持分移轉,07070000
RPPNMLQJKIOFFAX27DA,吉貝東段,23.11,非都市：鄉村區 ; 非都市編定：乙種建築用地,6,1,持分移轉,09880000
RPPNMLQJKIOFFAX27DA,吉貝東段,111.50,非都市：鄉村區 ; 非都市編定：乙種建築用地,4,1,持分移轉,11910000
RPQNMLKKKIOFFAX76CA,東衛段,37.78,非都市：一般農業區 ; 非都市編定：交通用地,2,1,持分移轉,16960000
RPQNMLKKKIOFFAX76CA,東衛段,210.21,非都市：一般農業區 ; 非都市編定：農牧用地,1,1,全筆移轉,16970000
RPQNMLKKKIOFFAX76CA,東衛段,32.06,非都市：一般農業區 ; 非都市編定：交通用地,2,1,持分移轉,16970002
RPQNMLPJKIOFFAX17CA,龍門西段,999.61,非都市：一般農業區 ; 非都市編定：農牧用地,1,1,全筆移轉,03790000
RPSNMLPJKIOFFAX37CA,西澳段,2.54,非都市： ; 非都市編定：,1,1,全筆移轉,10230000
RPSNMLPJKIOFFAX37CA,西澳段,544.63,非都市： ; 非都市編定：,1,1,全筆移轉,10390000
RPUNMLTJKIOFFAX97CA,五福段,1421.85,非都市：一般農業區 ; 非都市編定：農牧用地,322239,142185,持分移轉,05400000
RPTNMLTJKIOFFAX87CA,馬公段,59.00,非都市： ; 非都市編定：,1,1,全筆移轉,18220025
RPVNMLTJKIOFFAX08CA,鐵線段,366.44,非都市：一般農業區 ; 非都市編定：交通用地,13,7,持分移轉,06660004
RPPNMLOKKIOFFAX07CA,赤馬一段,118.96,非都市：鄉村區 ; 非都市編定：乙種建築用地,2,1,持分移轉,04850000
RPSNMLNKKIOFFAX37DA,雙湖段,63.11,非都市：鄉村區 ; 非都市編定：乙種建築用地,6,2,持分移轉,02420000
RPSNMLNKKIOFFAX37DA,雙湖段,65.48,非都市：鄉村區 ; 非都市編定：乙種建築用地,6,2,持分移轉,02450000
RPPNMLKKKIOFFAX66CA,許家段,110.41,非都市：一般農業區 ; 非都市編定：甲種建築用地,1,1,全筆移轉,03620000
RPTNMLNKKIOFFAX37CA,東澳段,490.55,非都市： ; 非都市編定：,1,1,全筆移轉,02110000
RPTNMLNKKIOFFAX37CA,東澳段,285.04,非都市： ; 非都市編定：,1,1,全筆移轉,02110003
RPTNMLNKKIOFFAX37CA,東澳段,271.56,非都市： ; 非都市編定：,1,1,全筆移轉,02110004
RPRNMLKKKIOFFAX86CA,馬公段,72.00,非都市： ; 非都市編定：,1,1,全筆移轉,07810034
RPRNMLTKKIOFFAX77CA,興崁段,57.15,非都市：一般農業區 ; 非都市編定：交通用地,13,1,持分移轉,05790004
RPRNMLTKKIOFFAX77CA,興崁段,189.92,非都市：一般農業區 ; 非都市編定：甲種建築用地,1,1,全筆移轉,05790006
RPUNMLQKKIOFFAX77CA,東衛段,174.80,非都市：鄉村區 ; 非都市編定：乙種建築用地,1,1,全筆移轉,11810000
RPQNMLQLKIOFFAX47CA,五福段,390.95,非都市：一般農業區 ; 非都市編定：農牧用地,130,20,持分移轉,07680000
RPSNMLKLKIOFFAX07CA,雙湖段,5.14,非都市：鄉村區 ; 非都市編定：乙種建築用地,1,1,全筆移轉,02630002
RPSNMLKLKIOFFAX07CA,雙湖段,20.26,非都市：鄉村區 ; 非都市編定：乙種建築用地,1,1,全筆移轉,02630003
RPXNMLTJKIOFFAX28CA,五福段,2105.32,非都市：一般農業區 ; 非都市編定：農牧用地,1,1,全筆移轉,07060000
RPQNMLTKKIOFFAX67CA,興崁段,167.15,非都市：一般農業區 ; 非都市編定：甲種建築用地,1,1,全筆移轉,05790003
RPQNMLTKKIOFFAX67CA,興崁段,57.15,非都市：一般農業區 ; 非都市編定：交通用地,13,1,持分移轉,05790004
RPPNMLTKKIOFFAX57CA,馬公段,10.00,非都市： ; 非都市編定：,5,1,持分移轉,20880001
RPPNMLNKKIOFFAX96CA,湖西南段,1107.16,非都市：一般農業區 ; 非都市編定：農牧用地,10000,8792,持分移轉,08780000
RPQNMLNKKIOFFAX07CA,赤馬一段,369.31,非都市：鄉村區 ; 非都市編定：乙種建築用地,1,1,全筆移轉,11220000
RPPNMLPKKIOFFAX17CA,埕西段,60.39,非都市： ; 非都市編定：,1,1,全筆移轉,01150000
RPRNMLQKKIOFFAX47CA,光華段,1745.18,非都市：一般農業區 ; 非都市編定：農牧用地,1,1,全筆移轉,02960000
RPQNMLQKKIOFFAX37CA,烏崁新段,1336.28,非都市：一般農業區 ; 非都市編定：農牧用地,2,1,持分移轉,00520000
RPRNMLNKKIOFFAX17CA,赤馬二段,320.02,非都市：一般農業區 ; 非都市編定：農牧用地,1,1,全筆移轉,11710000
RPWNMLQKKIOFFAX97CA,七美二段,669.62,非都市：一般農業區 ; 非都市編定：農牧用地,1,1,全筆移轉,02350000
RPPNMLMKKIOFFAX86CA,六合段,150.34,非都市：一般農業區 ; 非都市編定：甲種建築用地,1,1,全筆移轉,01500000
RPTNMLQKKIOFFAX67CA,青螺新段,66.47,非都市：鄉村區 ; 非都市編定：乙種建築用地,4,1,持分移轉,10760000
RPPNMLMKKIOFFAX86CA,六合段,106.46,非都市：一般農業區 ; 非都市編定：交通用地,4,1,持分移轉,01500004
RPQNMLSKKIOFFAX57CA,赤崁北段,1388.66,非都市：一般農業區 ; 非都市編定：農牧用地,5,4,持分移轉,05580000
RPQNMLRLKIOFFAX57CA,中衛段,1673.11,非都市：一般農業區 ; 非都市編定：農牧用地,1,1,全筆移轉,16310000
RPVNMLQKKIOFFAX87CA,文化段,1.66,非都市： ; 非都市編定：,72,1,持分移轉,06460000
RPSNMLTKKIOFFAX87CA,鎖港西段,46.67,非都市： ; 非都市編定：,20,1,持分移轉,07180000
RPSNMLTKKIOFFAX87CA,鎖港西段,73.78,非都市： ; 非都市編定：,20,1,持分移轉,08530000
RPUNMLTKKIOFFAX08CA,海堤段,77.31,非都市： ; 非都市編定：,8,3,持分移轉,03050000
RPRNMLRLKIOFFAX77DA,中衛段,843.17,非都市： ; 非都市編定：,1,1,全筆移轉,02710000
RPVNMLTKKIOFFAX18CA,海堤段,77.31,非都市： ; 非都市編定：,8,3,持分移轉,03050000
RPTNMLTKKIOFFAX97CA,山水西段,140.50,非都市：一般農業區 ; 非都市編定：交通用地,2,1,持分移轉,00860000
RPTNMLTKKIOFFAX97CA,山水西段,39.00,非都市：一般農業區 ; 非都市編定：農牧用地,2,1,持分移轉,00850000
RPRNMLTLKIOFFAX87CA,湖西南段,1234.03,非都市：一般農業區 ; 非都市編定：農牧用地,1,1,全筆移轉,09940000
RPQNMLSLKIOFFAX67CA,五福段,203.69,非都市：一般農業區 ; 非都市編定：農牧用地,322239,20369,持分移轉,05400000
RPPNMLQKKIOFFAX27CA,馬公段,3.81,非都市： ; 非都市編定：,10000,69,持分移轉,02930001
RPWNMLTKKIOFFAX28CA,海堤段,51.54,非都市： ; 非都市編定：,4,1,持分移轉,03050000
RPRNMLKLKIOFFAX96CA,案山段,4.19,非都市： ; 非都市編定：,1,1,全筆移轉,07790000
RPVNMLMJJHPFFAX27CA,紅羅段,175.28,非都市：鄉村區 ; 非都市編定：乙種建築用地,1,1,全筆移轉,04710000
RPQNMLKLKIOFFAX86CA,安宅段,190.43,非都市：一般農業區 ; 非都市編定：甲種建築用地,1,1,全筆移轉,08630002
RPQNMLKLKIOFFAX86CA,安宅段,61.66,非都市：一般農業區 ; 非都市編定：交通用地,10000,848,持分移轉,08630004
RPTNMLPLKIOFFAX77DA,雙湖段,11.17,非都市：鄉村區 ; 非都市編定：乙種建築用地,1,1,全筆移轉,07560001
RPPNMLPLKIOFFAX27CA,四維段,210.98,非都市： ; 非都市編定：,180,137,持分移轉,05460000
RPPNMLLMKIOFFAX07DA,東澳段,.66,非都市： ; 非都市編定：,10000,360,持分移轉,11270000
RPPNMLLMKIOFFAX07DA,東澳段,.82,非都市： ; 非都市編定：,10000,360,持分移轉,11280000
RPPNMLLMKIOFFAX07DA,東澳段,.71,非都市： ; 非都市編定：,10000,360,持分移轉,12300000
RPPNMLLMKIOFFAX07DA,東澳段,.36,非都市： ; 非都市編定：,10000,360,持分移轉,12310000
RPPNMLLMKIOFFAX07DA,東澳段,23.71,非都市： ; 非都市編定：,10000,360,持分移轉,11330000
RPPNMLMLKIOFFAX96CA,埕中段,1.10,非都市： ; 非都市編定：,10000,391,持分移轉,07420000
RPPNMLMLKIOFFAX96CA,埕中段,31.46,非都市： ; 非都市編定：,10000,391,持分移轉,07410000
RPPNMLMLKIOFFAX96CA,埕中段,2.43,非都市： ; 非都市編定：,10000,391,持分移轉,07430000
RPPNMLSLKIOFFAX57CA,鐵線段,1193.10,非都市：一般農業區 ; 非都市編定：農牧用地,1,1,全筆移轉,06660000
RPTNMLRLKIOFFAX87CA,竹灣段,194.03,非都市：一般農業區 ; 非都市編定：農牧用地,100,20,持分移轉,10960000
RPQNMLPLKIOFFAX37CA,埕東段,116.10,非都市： ; 非都市編定：,1,1,全筆移轉,00260000
RPSNMLPLKIOFFAX57CA,興崁段,7.61,非都市：鄉村區 ; 非都市編定：乙種建築用地,1,1,全筆移轉,08230001
RPSNMLPLKIOFFAX57CA,興崁段,8.19,非都市：鄉村區 ; 非都市編定：乙種建築用地,1,1,全筆移轉,08240001
RPSNMLPLKIOFFAX57CA,興崁段,16.06,非都市：鄉村區 ; 非都市編定：乙種建築用地,1,1,全筆移轉,08250001
RPRNMLPLKIOFFAX47CA,興崁段,28.89,非都市：鄉村區 ; 非都市編定：乙種建築用地,1,1,全筆移轉,08210001
RPUNMLPLKIOFFAX77CA,二崁南段,21.80,非都市： ; 非都市編定：,8,1,持分移轉,07230000
RPUNMLPLKIOFFAX77CA,二崁南段,8.95,非都市： ; 非都市編定：,8,1,持分移轉,07240001
RPPNMLQLKIOFFAX37CA,春暉段,57.76,非都市： ; 非都市編定：,1,1,全筆移轉,00500000
RPQNMLTLKIOFFAX77CA,井垵西段,628.68,非都市：一般農業區 ; 非都市編定：農牧用地,3,1,持分移轉,15800000
RPSNMLRLKIOFFAX77CA,南澳段,135.02,非都市： ; 非都市編定：,1,1,全筆移轉,01060019
RPQNMLKMKIOFFAX96CA,埕東段,48.38,非都市： ; 非都市編定：,20,1,持分移轉,01450000
RPQNMLKMKIOFFAX96CA,埕東段,1.80,非都市： ; 非都市編定：,20,1,持分移轉,01490000
RPPNMLTLKIOFFAX67CA,湖西南段,39.93,非都市：鄉村區 ; 非都市編定：乙種建築用地,3,2,持分移轉,16280000
RPQNMLRJJHPFFAX27CA,埕東段,2.13,非都市： ; 非都市編定：,10000,260,持分移轉,03750000
RPPNMLQJJHPFFAX07CA,中屯新段,291.39,非都市：鄉村區 ; 非都市編定：乙種建築用地,1,1,全筆移轉,18930000
RPQNMLRJJHPFFAX27CA,埕東段,52.02,非都市： ; 非都市編定：,10000,260,持分移轉,03780000
RPSNMLQJJHPFFAX37CA,鼎灣新段,2043.97,非都市：一般農業區 ; 非都市編定：農牧用地,1,1,全筆移轉,06430000
RPRNMLSJJHPFFAX47CA,成功南段,1545.86,非都市：一般農業區 ; 非都市編定：農牧用地,187565,154586,持分移轉,10950000
RPPNMLNJJHPFFAX76CA,國宅段,148.81,非都市： ; 非都市編定：,1,1,全筆移轉,03530000
RPPNMLNJJHPFFAX76CA,國宅段,19.12,非都市： ; 非都市編定：,9,1,持分移轉,03530004
RPPNMLLJJHPFFAX56CA,鐵線段,141.48,非都市：一般農業區 ; 非都市編定：甲種建築用地,1,1,全筆移轉,09070004
RPSNMLNJJHPFFAX07CA,許家段,42.55,非都市：一般農業區 ; 非都市編定：交通用地,9,1,持分移轉,08790004
RPSNMLNJJHPFFAX07CA,許家段,181.66,非都市：一般農業區 ; 非都市編定：甲種建築用地,1,1,全筆移轉,08790007
RPRNMLNJJHPFFAX96CA,尖山南段,1098.98,非都市：一般農業區 ; 非都市編定：農牧用地,1,1,全筆移轉,04420000
RPRNMLNJJHPFFAX96CA,尖山南段,509.78,非都市：一般農業區 ; 非都市編定：農牧用地,1,1,全筆移轉,04440000
RPRNMLNJJHPFFAX96CA,尖山南段,266.62,非都市：一般農業區 ; 非都市編定：甲種建築用地,1,1,全筆移轉,04440001
RPPNMLOJJHPFFAX86CA,安宅段,8.09,非都市：鄉村區 ; 非都市編定：乙種建築用地,84,8,持分移轉,12000000
RPPNMLOJJHPFFAX86CA,安宅段,32.69,非都市：鄉村區 ; 非都市編定：乙種建築用地,84,8,持分移轉,12040000
RPRNMLRJJHPFFAX37CA,竹篙灣段,569.00,非都市：一般農業區 ; 非都市編定：農牧用地,1,1,全筆移轉,33630000
RPRNMLRJJHPFFAX37CA,竹篙灣段,330.00,非都市：一般農業區 ; 非都市編定：甲種建築用地,1,1,全筆移轉,33630003
RPSNMLSJJHPFFAX77EA,東澳段,85.68,非都市： ; 非都市編定：,8,1,持分移轉,09020000
RPSNMLMJJHPFFAX07DA,北極段,78.46,非都市： ; 非都市編定：,1,1,全筆移轉,11630000
RPSNMLMJJHPFFAX07DA,北極段,10.61,非都市： ; 非都市編定：,1,1,全筆移轉,11730000
RPPNMLPJJHPFFAX96CA,烏崁新段,194.64,非都市：一般農業區 ; 非都市編定：農牧用地,1,1,全筆移轉,09640000
RPRNMLMJJHPFFAX96DA,馬公段,10.88,非都市： ; 非都市編定：,10000,374,持分移轉,16650000
RPTNMLQKJHPFFAX67DA,六合段,22.04,非都市：一般農業區 ; 非都市編定：甲種建築用地,18,2,持分移轉,02120001
RPTNMLQKJHPFFAX67DA,六合段,31.46,非都市：一般農業區 ; 非都市編定：交通用地,100,4,持分移轉,02120004
RPSNMLRJJHPFFAX47CA,湖西南段,698.08,非都市：一般農業區 ; 非都市編定：農牧用地,2,1,持分移轉,22800000
RPPNMLSJJHPFFAX27CA,許家段,13.76,非都市：一般農業區 ; 非都市編定：農牧用地,1,1,全筆移轉,06960000
RPPNMLSJJHPFFAX27CA,許家段,28.24,非都市：一般農業區 ; 非都市編定：交通用地,1,1,全筆移轉,07000000
RPSNMLKKJHPFFAX86CA,外垵二段,54.34,非都市：鄉村區 ; 非都市編定：乙種建築用地,1,1,全筆移轉,10500002
RPTNMLRJJHPFFAX57CA,興崁段,790.31,非都市：一般農業區 ; 非都市編定：農牧用地,1,1,全筆移轉,04920000
RPUNMLRJJHPFFAX77DA,機場段,60.31,非都市：一般農業區 ; 非都市編定：水利用地,1,1,全筆移轉,06630001
RPTNMLMKLHPFFAX47DA,馬公段,51.00,非都市： ; 非都市編定：,1,1,全筆移轉,00720003
RPVNMLQKJHPFFAX77CA,文東段,138.55,非都市：鄉村區 ; 非都市編定：乙種建築用地,1,1,全筆移轉,02100000
RPPNMLQKJHPFFAX17CA,許家段,236.08,非都市：一般農業區 ; 非都市編定：農牧用地,943,236,持分移轉,02560000
RPUNMLRKJHPFFAX77CA,五福段,156.11,非都市：一般農業區 ; 非都市編定：甲種建築用地,1,1,全筆移轉,00760002
RPUNMLRKJHPFFAX77CA,五福段,86.49,非都市：一般農業區 ; 非都市編定：交通用地,4,1,持分移轉,00760004
RPPNMLOKJHPFFAX96CA,文光段,41.52,非都市： ; 非都市編定：,2,1,持分移轉,03710000
RPPNMLPKJHPFFAX07CA,安宅段,1389.37,非都市：一般農業區 ; 非都市編定：農牧用地,16293,13894,持分移轉,06740000
RPSNMLTKJHPFFAX77CA,湖西北段,834.75,非都市：一般農業區 ; 非都市編定：農牧用地,10000,5616,持分移轉,05710000
RPSNMLTKJHPFFAX77CA,湖西北段,474.86,非都市：一般農業區 ; 非都市編定：農牧用地,1,1,全筆移轉,05710001
RPSNMLTKJHPFFAX77CA,湖西北段,376.41,非都市：一般農業區 ; 非都市編定：交通用地,10000,5980,持分移轉,05710004
RPXNMLOKJHPFFAX77CA,五福段,988.65,非都市：一般農業區 ; 非都市編定：農牧用地,1,1,全筆移轉,05610006
RPXNMLOKJHPFFAX77CA,五福段,.57,非都市：一般農業區 ; 非都市編定：交通用地,10000,3860,持分移轉,05610004
RPXNMLOKJHPFFAX77CA,五福段,365.54,非都市：一般農業區 ; 非都市編定：交通用地,10000,3970,持分移轉,05610005
RPUNMLNKJHPFFAX37CA,東衛段,208.98,非都市：一般農業區 ; 非都市編定：甲種建築用地,1,1,全筆移轉,04590003
RPUNMLNKJHPFFAX37CA,東衛段,71.19,非都市：一般農業區 ; 非都市編定：交通用地,10,1,持分移轉,04590004
RPPNMLKKJHPFFAX56CA,五福段,726.13,非都市：一般農業區 ; 非都市編定：農牧用地,1,1,全筆移轉,04980001
RPQNMLSJJHPFFAX37CA,山水南段,136.19,非都市：鄉村區 ; 非都市編定：乙種建築用地,1,1,全筆移轉,06810000
RPQNMLTJJHPFFAX47CA,鐵線段,52.35,非都市：一般農業區 ; 非都市編定：交通用地,13,1,持分移轉,06660004
RPQNMLTJJHPFFAX47CA,鐵線段,151.28,非都市：一般農業區 ; 非都市編定：甲種建築用地,1,1,全筆移轉,06660006
RPPNMLTJJHPFFAX47DA,青螺新段,102.80,非都市：鄉村區 ; 非都市編定：乙種建築用地,3,2,持分移轉,12980000
RPQNMLNKJHPFFAX96CA,雙湖段,8.97,非都市：鄉村區 ; 非都市編定：乙種建築用地,66,11,持分移轉,02280000
RPQNMLNKJHPFFAX96CA,雙湖段,50.07,非都市：鄉村區 ; 非都市編定：乙種建築用地,66,11,持分移轉,02270000
RPQNMLNKJHPFFAX96CA,雙湖段,51.60,非都市：一般農業區 ; 非都市編定：農牧用地,11,1,持分移轉,02300000
RPQNMLNKJHPFFAX96CA,雙湖段,27.92,非都市：鄉村區 ; 非都市編定：乙種建築用地,66,11,持分移轉,03880000
RPPNMLTKJHPFFAX47CA,中屯新段,255.28,非都市：鄉村區 ; 非都市編定：乙種建築用地,16,15,持分移轉,14940000
RPRNMLNKJHPFFAX07CA,紅羅段,271.97,非都市：鄉村區 ; 非都市編定：乙種建築用地,3,1,持分移轉,06000000
RPRNMLNKJHPFFAX07CA,紅羅段,272.57,非都市：一般農業區 ; 非都市編定：農牧用地,3,1,持分移轉,19160000
RPRNMLKLJHPFFAX86CA,五福段,818.85,非都市：一般農業區 ; 非都市編定：農牧用地,1,1,全筆移轉,05370001
RPTNMLNKJHPFFAX27CA,東澳段,19.82,非都市： ; 非都市編定：,10000,404,持分移轉,02110000
RPTNMLNKJHPFFAX27CA,東澳段,11.52,非都市： ; 非都市編定：,10000,404,持分移轉,02110003
RPTNMLNKJHPFFAX27CA,東澳段,10.97,非都市： ; 非都市編定：,10000,404,持分移轉,02110004
RPRNMLKKJHPFFAX86DA,海堤段,17.36,非都市： ; 非都市編定：,1,1,全筆移轉,07760003
RPQNMLOKJHPFFAX07CA,四維段,52.97,非都市：一般農業區 ; 非都市編定：交通用地,10,1,持分移轉,05840004
RPQNMLOKJHPFFAX07CA,四維段,151.29,非都市：一般農業區 ; 非都市編定：甲種建築用地,1,1,全筆移轉,05840008
RPQNMLTKJHPFFAX57CA,文光段,22.66,非都市： ; 非都市編定：,1,1,全筆移轉,04050001
RPRNMLOKJHPFFAX27DA,沙港北段,45.23,非都市：一般農業區 ; 非都市編定：甲種建築用地,6,1,持分移轉,03810000
RPRNMLOKJHPFFAX27DA,沙港北段,83.08,非都市：一般農業區 ; 非都市編定：甲種建築用地,2,1,持分移轉,03800000
RPRNMLPKJHPFFAX27CA,通梁中段,107.65,非都市： ; 非都市編定：,1,1,全筆移轉,11880000
RPQNMLRKKHPFFAX57DA,中衛段,162.14,非都市：一般農業區 ; 非都市編定：甲種建築用地,1,1,全筆移轉,14390005
RPQNMLRKKHPFFAX57DA,中衛段,51.51,非都市：一般農業區 ; 非都市編定：交通用地,9,1,持分移轉,14390004
RPQNMLQJKHPFFAX27CA,下瓦硐段,262.29,非都市：一般農業區 ; 非都市編定：農牧用地,1,1,全筆移轉,11050000
RPRNMLQJKHPFFAX37CA,下瓦硐段,603.51,非都市：一般農業區 ; 非都市編定：農牧用地,1,1,全筆移轉,11050002
RPTNMLNJKHPFFAX27CA,鎮海新段,30.28,非都市：鄉村區 ; 非都市編定：乙種建築用地,192,17,持分移轉,02720000
RPPNMLMJKHPFFAX76CA,五福段,1238.27,非都市：一般農業區 ; 非都市編定：農牧用地,1,1,全筆移轉,05220001
RPUNMLPKJHPFFAX57CA,沙港東段,1043.84,非都市：一般農業區 ; 非都市編定：農牧用地,1,1,全筆移轉,01530000
RPSNMLPJKHPFFAX37CA,五福段,2105.32,非都市：一般農業區 ; 非都市編定：農牧用地,1,1,全筆移轉,07060000
RPSNMLOKJHPFFAX27CA,文東段,283.49,非都市：一般農業區 ; 非都市編定：農牧用地,1,1,全筆移轉,09160000
RPSNMLPKJHPFFAX37CA,興仁段,239.03,非都市：一般農業區 ; 非都市編定：農牧用地,1,1,全筆移轉,04650000
RPVNMLOKJHPFFAX57CA,許家段,669.86,非都市：一般農業區 ; 非都市編定：農牧用地,1,1,全筆移轉,00190005
RPWNMLOKJHPFFAX67CA,文光段,209.73,非都市： ; 非都市編定：,1,1,全筆移轉,09930000
RPWNMLOKJHPFFAX67CA,文光段,193.81,非都市： ; 非都市編定：,1,1,全筆移轉,09930001
RPUNMLOKJHPFFAX47CA,五福段,50.59,非都市：一般農業區 ; 非都市編定：交通用地,10000,556,持分移轉,10510004
RPUNMLOKJHPFFAX47CA,五福段,158.53,非都市：一般農業區 ; 非都市編定：甲種建築用地,1,1,全筆移轉,10510014
RPUNMLKLJHPFFAX17CA,二崁南段,43.60,非都市： ; 非都市編定：,4,1,持分移轉,07230000
RPUNMLKLJHPFFAX17CA,二崁南段,17.90,非都市： ; 非都市編定：,4,1,持分移轉,07240001
RPTNMLKLJHPFFAX07CA,埕東段,396.70,非都市： ; 非都市編定：,1,1,全筆移轉,00990000
RPSNMLQKJHPFFAX47CA,湖東新段,459.33,非都市：一般農業區 ; 非都市編定：農牧用地,1,1,全筆移轉,04560000
RPXNMLQKJHPFFAX97CA,海堤段,295.63,非都市： ; 非都市編定：,1,1,全筆移轉,07660000
RPUNMLRJKHPFFAX77CA,東衛段,26.79,非都市：一般農業區 ; 非都市編定：交通用地,12,1,持分移轉,07910005
RPUNMLRJKHPFFAX77CA,東衛段,182.05,非都市：一般農業區 ; 非都市編定：甲種建築用地,1,1,全筆移轉,07910009
RPPNMLRKJHPFFAX27CA,馬公段,38.27,非都市： ; 非都市編定：,10000,38,持分移轉,02010000
RPPNMLRKJHPFFAX27CA,馬公段,4.00,非都市： ; 非都市編定：,10000,32,持分移轉,02010003
RPVNMLRKJHPFFAX87CA,池東段,407.20,非都市：鄉村區 ; 非都市編定：乙種建築用地,1,1,全筆移轉,06770000
RPWNMLRKJHPFFAX97CA,鐵線段,1535.80,非都市：一般農業區 ; 非都市編定：農牧用地,1,1,全筆移轉,07310000
RPRNMLTKJHPFFAX67CA,光華段,63.42,非都市：一般農業區 ; 非都市編定：甲種建築用地,1,1,全筆移轉,06310000
RPSNMLKLJHPFFAX96CA,埕中段,129.97,非都市： ; 非都市編定：,1,1,全筆移轉,00490000
RPXNMLKLJHPFFAX47CA,二崁南段,4.71,非都市： ; 非都市編定：,3,1,持分移轉,02730000
RPRNMLLLJHPFFAX96CA,鎖港西段,534.06,非都市： ; 非都市編定：,1,1,全筆移轉,05720000
RPWNMLKLJHPFFAX37CA,二崁南段,4.71,非都市： ; 非都市編定：,3,1,持分移轉,02730000
RPWNMLKLJHPFFAX37CA,二崁南段,.20,非都市： ; 非都市編定：,30,1,持分移轉,04210001
RPWNMLKLJHPFFAX37CA,二崁南段,.20,非都市： ; 非都市編定：,30,1,持分移轉,04220001
RPWNMLKLJHPFFAX37CA,二崁南段,3.01,非都市： ; 非都市編定：,3,1,持分移轉,04250001
RPUOMLKLJHPFFAX27CA,五福段,673.33,非都市：一般農業區 ; 非都市編定：農牧用地,100000,40195,持分移轉,03470000
RPVNMLKLJHPFFAX27CA,二崁南段,21.80,非都市： ; 非都市編定：,8,1,持分移轉,07230000
RPVNMLKLJHPFFAX27CA,二崁南段,8.95,非都市： ; 非都市編定：,8,1,持分移轉,07240001
RPPOMLKLJHPFFAX76CA,二崁南段,9.84,非都市： ; 非都市編定：,9,3,持分移轉,06910000
RPQOMLKLJHPFFAX86CA,二崁南段,9.84,非都市： ; 非都市編定：,9,3,持分移轉,06910000
RPTNMLKKKHPFFAX07CA,案山段,182.21,非都市： ; 非都市編定：,1,1,全筆移轉,05750000
RPTNMLKKKHPFFAX07CA,案山段,103.95,非都市： ; 非都市編定：,1,1,全筆移轉,05750001
RPROMLKLJHPFFAX96CA,二崁南段,3.28,非都市： ; 非都市編定：,9,1,持分移轉,06910000
RPROMLKLJHPFFAX96CA,二崁南段,82.61,非都市： ; 非都市編定：,1,1,全筆移轉,06920001
RPVOMLKLJHPFFAX37CA,文光段,25.52,非都市： ; 非都市編定：,100000,308,持分移轉,00200000
RPVOMLKLJHPFFAX37CA,文光段,3.30,非都市： ; 非都市編定：,100000,308,持分移轉,00540000
RPTNMLMLJHPFFAX27CA,五福段,1323.56,非都市：一般農業區 ; 非都市編定：農牧用地,18,17,持分移轉,03300000
RPSNMLMLJHPFFAX17CA,馬公段,18.46,非都市： ; 非都市編定：,20000,1420,持分移轉,26660060
RPSNMLMLJHPFFAX17CA,馬公段,6.96,非都市： ; 非都市編定：,20000,1420,持分移轉,26660061
RPSNMLMLJHPFFAX17CA,馬公段,6.89,非都市： ; 非都市編定：,20000,1420,持分移轉,26660062
RPSNMLMLJHPFFAX17CA,馬公段,6.96,非都市： ; 非都市編定：,20000,1420,持分移轉,26660063
RPSNMLMLJHPFFAX17CA,馬公段,6.89,非都市： ; 非都市編定：,20000,1420,持分移轉,26660064
RPSNMLMLJHPFFAX17CA,馬公段,6.89,非都市： ; 非都市編定：,20000,1420,持分移轉,26660065
RPSNMLMLJHPFFAX17CA,馬公段,6.96,非都市： ; 非都市編定：,20000,1420,持分移轉,26660066
RPSNMLMLJHPFFAX17CA,馬公段,6.89,非都市： ; 非都市編定：,20000,1420,持分移轉,26660067
RPSNMLMLJHPFFAX17CA,馬公段,6.89,非都市： ; 非都市編定：,20000,1420,持分移轉,26660068
RPPNMLOKKHPFFAX07CA,成功南段,2473.86,非都市：一般農業區 ; 非都市編定：農牧用地,1,1,全筆移轉,10250000
RPWOMLKLJHPFFAX47CA,二崁南段,4.71,非都市： ; 非都市編定：,3,1,持分移轉,02730000
RPWNMLMLJHPFFAX57CA,沙港北段,130.48,非都市：鄉村區 ; 非都市編定：乙種建築用地,1,1,全筆移轉,07040000
RPWNMLMLJHPFFAX57CA,沙港北段,247.90,非都市：一般農業區 ; 非都市編定：農牧用地,2,1,持分移轉,11280000
RPWNMLMLJHPFFAX57CA,沙港北段,192.17,非都市：一般農業區 ; 非都市編定：農牧用地,12,8,持分移轉,11400000
RPWNMLMLJHPFFAX57CA,沙港北段,195.53,非都市：一般農業區 ; 非都市編定：農牧用地,12,8,持分移轉,11410000
RPTNMLOJKHPFFAX37CA,東衛段,300.70,非都市：鄉村區 ; 非都市編定：乙種建築用地,1,1,全筆移轉,12560000
RPQNMLNJKHPFFAX96CA,講美段,585.99,非都市：一般農業區 ; 非都市編定：農牧用地,3,1,持分移轉,02330000
RPQNMLNJKHPFFAX96CA,講美段,185.55,非都市：一般農業區 ; 非都市編定：農牧用地,3,1,持分移轉,02340000
RPVNMLRJKHPFFAX87CA,西澳段,122.41,非都市： ; 非都市編定：,1,1,全筆移轉,05240000
RPSOMLKLJHPFFAX07CA,二崁南段,3.28,非都市： ; 非都市編定：,9,1,持分移轉,06910000
RPPNMLPJKHPFFAX07CA,六合段,375.82,非都市： ; 非都市編定：,2,1,持分移轉,06900000
RPRNMLRJKHPFFAX47CA,許家段,417.01,非都市：一般農業區 ; 非都市編定：農牧用地,41701,41701,全筆移轉,03970000
RPPNMLOJKHPFFAX96CA,東衛段,56.12,非都市：一般農業區 ; 非都市編定：交通用地,11,1,持分移轉,16410006
RPPNMLOJKHPFFAX96CA,東衛段,228.33,非都市：一般農業區 ; 非都市編定：甲種建築用地,1,1,全筆移轉,16410010
RPWNMLOJKHPFFAX67CA,林投北段,278.53,非都市：一般農業區 ; 非都市編定：農牧用地,1,1,全筆移轉,01460000
RPRNMLOJKHPFFAX17CA,後寮東段,227.88,非都市：一般農業區 ; 非都市編定：農牧用地,2,1,持分移轉,13460000
RPRNMLOJKHPFFAX17CA,後寮東段,62.30,非都市：一般農業區 ; 非都市編定：交通用地,2,1,持分移轉,13470000
RPQNMLMLJHPFFAX96CA,五福段,76.58,非都市：一般農業區 ; 非都市編定：交通用地,1000,98,持分移轉,08070004
RPRNMLOJKHPFFAX17CA,後寮東段,88.69,非都市：一般農業區 ; 非都市編定：交通用地,2,1,持分移轉,13480000
RPQNMLMLJHPFFAX96CA,五福段,168.90,非都市：一般農業區 ; 非都市編定：甲種建築用地,1,1,全筆移轉,08070006
RPRNMLOJKHPFFAX17CA,後寮東段,282.02,非都市：一般農業區 ; 非都市編定：農牧用地,2,1,持分移轉,13490000
RPRNMLOJKHPFFAX17CA,後寮東段,61.19,非都市：一般農業區 ; 非都市編定：農牧用地,2,1,持分移轉,13500000
RPRNMLOJKHPFFAX17CA,後寮東段,10.78,非都市：一般農業區 ; 非都市編定：交通用地,2,1,持分移轉,13510000
RPSNMLOJKHPFFAX27CA,光華段,807.14,非都市：一般農業區 ; 非都市編定：農牧用地,1,1,全筆移轉,02820000
RPQNMLKKKHPFFAX86DA,馬公段,33.00,非都市： ; 非都市編定：,1,1,全筆移轉,18700011
RPXNMLRJKHPFFAX08CA,四維段,395.91,非都市：一般農業區 ; 非都市編定：農牧用地,16,5,持分移轉,14030000
RPXNMLRJKHPFFAX08CA,四維段,478.12,非都市：一般農業區 ; 非都市編定：農牧用地,16,5,持分移轉,14950000
RPQNMLOJKHPFFAX07CA,井垵西段,867.17,非都市：一般農業區 ; 非都市編定：農牧用地,1,1,全筆移轉,13720000
RPPNMLPKKHPFFAX17CA,興崁段,343.21,非都市：一般農業區 ; 非都市編定：農牧用地,1,1,全筆移轉,05350000
RPPNMLPKKHPFFAX17CA,興崁段,228.15,非都市：一般農業區 ; 非都市編定：交通用地,153,76,持分移轉,05350004
RPPNMLPKKHPFFAX17CA,興崁段,342.01,非都市：一般農業區 ; 非都市編定：農牧用地,1,1,全筆移轉,05350006
RPPNMLRJKHPFFAX27CA,東澳段,94.77,非都市： ; 非都市編定：,1,1,全筆移轉,12040000
RPPNMLRJKHPFFAX27CA,東澳段,18.95,非都市： ; 非都市編定：,1,1,全筆移轉,12110000
RPPNMLRJKHPFFAX27CA,東澳段,9.29,非都市： ; 非都市編定：,1,1,全筆移轉,12110001
RPPNMLKKKHPFFAX66CA,五福段,161.81,非都市：一般農業區 ; 非都市編定：農牧用地,100000,29865,持分移轉,00050000
RPQNMLRJKHPFFAX37CA,四維段,176.07,非都市：一般農業區 ; 非都市編定：農牧用地,16,5,持分移轉,14960000
RPWNMLQJKHPFFAX87CA,鐵線段,643.62,非都市：一般農業區 ; 非都市編定：農牧用地,1000,271,持分移轉,06290000
RPPNMLRKKHPFFAX37CA,七美二段,489.02,非都市：一般農業區 ; 非都市編定：農牧用地,15,12,持分移轉,09710000
RPWNMLRJKHPFFAX97CA,興崁段,2263.84,非都市：一般農業區 ; 非都市編定：農牧用地,1,1,全筆移轉,05070000
RPOOMLRJKHPFFAX37DA,講美段,238.00,非都市：鄉村區 ; 非都市編定：乙種建築用地,1,1,全筆移轉,07150000
RPRNMLRKKHPFFAX57CA,鐵線段,1123.36,非都市：一般農業區 ; 非都市編定：農牧用地,1000,473,持分移轉,06290000
RPPNMLLKKHPFFAX86DA,紅羅段,83.66,非都市：一般農業區 ; 非都市編定：農牧用地,2,1,持分移轉,18600000
RPPNMLLKKHPFFAX86DA,紅羅段,99.88,非都市：一般農業區 ; 非都市編定：農牧用地,2,1,持分移轉,13630000
RPSNMLKKKHPFFAX96CA,雙湖段,10.80,非都市：鄉村區 ; 非都市編定：乙種建築用地,10000,194,持分移轉,02630000
RPQNMLMKKHPFFAX96CA,四維段,112.48,非都市：鄉村區 ; 非都市編定：乙種建築用地,1,1,全筆移轉,03450000
RPUNMLPLKHPFFAX77CA,四維段,134.86,非都市：一般農業區 ; 非都市編定：農牧用地,3,1,持分移轉,12750000
RPSNMLLLKHPFFAX17CA,東衛段,81.48,非都市：鄉村區 ; 非都市編定：乙種建築用地,10000,1876,持分移轉,11050000
RPQNMLLLKHPFFAX96CA,赤崁北段,121.06,非都市：鄉村區 ; 非都市編定：乙種建築用地,2,1,持分移轉,01860000
RPRNMLLLKHPFFAX07CA,赤崁北段,424.31,非都市：一般農業區 ; 非都市編定：農牧用地,1,1,全筆移轉,03130000
RPRNMLLLKHPFFAX07CA,赤崁北段,118.94,非都市：風景區 ; 非都市編定：農牧用地,1,1,全筆移轉,03140000
