﻿鄉鎮市區,交易標的,土地位置建物門牌,土地移轉總面積平方公尺,都市土地使用分區,非都市土地使用分區,非都市土地使用編定,交易年月日,交易筆棟數,移轉層次,總樓層數,建物型態,主要用途,主要建材,建築完成年月,建物移轉總面積平方公尺,建物現況格局-房,建物現況格局-廳,建物現況格局-衛,建物現況格局-隔間,有無管理組織,總價元,單價元平方公尺,車位類別,車位移轉總面積平方公尺,車位總價元,備註,編號
The villages and towns urban district,transaction sign,land sector position building sector house number plate,land shifting total area square meter,the use zoning or compiles and checks,the non-metropolis land use district,non-metropolis land use,transaction year month and day,transaction pen number,shifting level,total floor number,building state,main use,main building materials,construction to complete the years,building shifting total area,Building present situation pattern - room,building present situation pattern - hall,building present situation pattern - health,building present situation pattern - compartmented,Whether there is manages the organization,total price NTD,the unit price (NTD / square meter),the berth category,berth shifting total area square meter,the berth total price NTD,the note,serial number
中山區,房地(土地+建物),臺北市中山區中山北路二段A1戶13樓,8.44,商,,,1041224,土地1建物1車位0,十三層,14,住宅大樓(11層含以上有電梯),商業用,鋼筋混凝土造,,82.95,2,1,1,有,無,32000000,385775,,0.0,0,,RPOOMLRJJILFFCA47CB
中山區,房地(土地+建物),臺北市中山區中山北路二段A1戶4樓,8.43,商,,,1041128,土地1建物1車位0,四層,14,住宅大樓(11層含以上有電梯),住家用,鋼筋混凝土造,,82.87,2,1,1,有,無,28000000,337879,,0.0,0,,RPPOMLRJJILFFCA57CB
中山區,房地(土地+建物),臺北市中山區中山北路二段A3戶7樓,7.1,商,,,1050510,土地1建物1車位0,七層,14,住宅大樓(11層含以上有電梯),住家用,鋼筋混凝土造,,69.73,2,1,1,有,無,22700000,325541,,0.0,0,,RPQOMLRJJILFFCA67CB
中山區,房地(土地+建物),臺北市中山區中山北路二段A3戶5樓,7.1,商,,,1050527,土地1建物1車位0,五層,14,住宅大樓(11層含以上有電梯),住家用,鋼筋混凝土造,,69.73,2,1,1,有,無,21500000,308332,,0.0,0,,RPROMLRJJILFFCA77CB
中山區,房地(土地+建物),臺北市中山區中山北路二段A5戶5樓,7.1,商,,,1050506,土地1建物1車位0,五層,14,住宅大樓(11層含以上有電梯),住家用,鋼筋混凝土造,,69.84,2,1,1,有,無,22000000,315006,,0.0,0,,RPSOMLRJJILFFCA87CB
中山區,房地(土地+建物),臺北市中山區中山北路二段A5戶4樓,7.11,商,,,1050310,土地1建物1車位0,四層,14,住宅大樓(11層含以上有電梯),住家用,鋼筋混凝土造,,69.85,2,1,1,有,無,20500000,293486,,0.0,0,,RPTOMLRJJILFFCA97CB
中山區,房地(土地+建物),臺北市中山區中山北路二段A7戶5樓,6.98,商,,,1050412,土地1建物1車位0,五層,14,住宅大樓(11層含以上有電梯),住家用,鋼筋混凝土造,,68.58,1,1,1,有,無,22000000,320793,,0.0,0,,RPUOMLRJJILFFCA08CB
中正區,房地(土地+建物)+車位,臺北市中正區汀州路二段A1棟2樓,15.38,住,,,1030320,土地1建物1車位1,二層,10,華廈(10層含以下有電梯),住家用,鋼筋混凝土造,,119.64,1,1,1,有,無,26300000,314866,坡道平面,44.37,2600000,,RPSNMLPLJILFFAA57CB
中正區,房地(土地+建物)+車位,臺北市中正區汀州路二段A1棟3樓,17.04,住,,,1030329,土地1建物1車位1,三層,10,華廈(10層含以下有電梯),住家用,鋼筋混凝土造,,127.79,1,1,1,有,無,26150000,282306,坡道平面,44.37,2600000,,RPTNMLPLJILFFAA67CB
中正區,房地(土地+建物),臺北市中正區汀州路二段A1棟4樓,16.9,住,,,1030501,土地1建物1車位0,四層,10,華廈(10層含以下有電梯),住家用,鋼筋混凝土造,,83.42,1,1,1,有,無,23920000,286742,,0.0,0,,RPUNMLPLJILFFAA77CB
中正區,房地(土地+建物)+車位,臺北市中正區汀州路二段A1棟5樓,17.04,住,,,1030309,土地1建物1車位1,五層,10,華廈(10層含以下有電梯),住家用,鋼筋混凝土造,,127.79,1,1,1,有,無,27150000,294329,坡道機械,44.38,2600000,,RPWNMLPLJILFFAA97CB
中正區,房地(土地+建物)+車位,臺北市中正區汀州路二段A1棟6樓,17.04,住,,,1030308,土地1建物1車位1,六層,10,華廈(10層含以下有電梯),住家用,鋼筋混凝土造,,127.8,1,1,1,有,無,26880000,293455,坡道機械,44.38,2400000,,RPXNMLPLJILFFAA08CB
中正區,房地(土地+建物)+車位,臺北市中正區汀州路二段A1棟7樓,17.04,住,,,1030408,土地1建物1車位1,七層,10,華廈(10層含以下有電梯),住家用,鋼筋混凝土造,,127.8,1,1,1,有,無,27000000,296691,坡道機械,44.38,2250000,,RPOOMLPLJILFFAA27CB
中正區,房地(土地+建物)+車位,臺北市中正區汀州路二段A1棟8樓,16.88,住,,,1030404,土地1建物1車位1,八層,10,華廈(10層含以下有電梯),住家用,鋼筋混凝土造,,127.04,1,1,1,有,無,27900000,301198,坡道平面,44.37,3000000,,RPPOMLPLJILFFAA37CB
中正區,房地(土地+建物)+車位,臺北市中正區汀州路二段A1棟9樓,16.88,住,,,1030330,土地1建物1車位1,九層,10,華廈(10層含以下有電梯),住家用,鋼筋混凝土造,,127.04,1,1,1,有,無,27880000,303375,坡道平面,44.37,2800000,,RPQOMLPLJILFFAA47CB
中正區,房地(土地+建物)+車位,臺北市中正區汀州路二段A1棟10樓,16.88,住,,,1030328,土地1建物1車位1,十層,10,華廈(10層含以下有電梯),住家用,鋼筋混凝土造,,127.04,1,1,1,有,無,28300000,308455,坡道平面,44.37,2800000,,RPROMLPLJILFFAA57CB
中正區,房地(土地+建物)+車位,臺北市中正區汀州路二段A2棟2樓,23.75,住,,,1030423,土地1建物1車位1,二層,10,華廈(10層含以下有電梯),住家用,鋼筋混凝土造,,160.95,2,1,1,有,無,34880000,278631,坡道機械,44.38,2400000,,RPTOMLPLJILFFAA77CB
中正區,房地(土地+建物)+車位,臺北市中正區汀州路二段A2棟3樓,23.75,住,,,1030413,土地1建物1車位1,三層,10,華廈(10層含以下有電梯),住家用,鋼筋混凝土造,,160.94,2,1,1,有,無,35790000,281290,坡道平面,44.37,3000000,,RPQPMLPLJILFFAA57CB
中正區,房地(土地+建物)+車位,臺北市中正區汀州路二段A2棟4樓,23.75,住,,,1030417,土地1建物1車位1,四層,10,華廈(10層含以下有電梯),住家用,鋼筋混凝土造,,160.94,2,1,1,有,無,36000000,283092,坡道平面,44.37,3000000,,RPRPMLPLJILFFAA67CB
中正區,房地(土地+建物)+車位,臺北市中正區汀州路二段A2棟5樓,23.75,住,,,1030323,土地1建物1車位1,五層,10,華廈(10層含以下有電梯),住家用,鋼筋混凝土造,,160.95,2,1,1,有,無,35750000,287381,坡道機械,44.38,2250000,,RPSPMLPLJILFFAA77CB
中正區,房地(土地+建物)+車位,臺北市中正區汀州路二段A2棟6樓,23.75,住,,,1030423,土地1建物1車位1,六層,10,華廈(10層含以下有電梯),住家用,鋼筋混凝土造,,160.95,2,1,1,有,無,36180000,289783,坡道機械,44.38,2400000,,RPWPMLPLJILFFAA18CB
中正區,房地(土地+建物)+車位,臺北市中正區汀州路二段A2棟7樓,23.75,住,,,1030404,土地1建物1車位1,七層,10,華廈(10層含以下有電梯),住家用,鋼筋混凝土造,,160.94,2,1,1,有,無,36800000,291670,坡道平面,44.37,2800000,,RPXPMLPLJILFFAA28CB
中正區,房地(土地+建物)+車位,臺北市中正區汀州路二段A2棟8樓,23.92,住,,,1030309,土地1建物1車位1,八層,10,華廈(10層含以下有電梯),住家用,鋼筋混凝土造,,161.77,2,1,1,有,無,37200000,296448,坡道機械,44.38,2400000,,RPOQMLPLJILFFAA47CB
中正區,房地(土地+建物)+車位,臺北市中正區汀州路二段A2棟9樓,23.85,住,,,1030404,土地1建物1車位1,九層,10,華廈(10層含以下有電梯),住家用,鋼筋混凝土造,,161.4,2,1,1,有,無,38050000,299496,坡道平面,44.37,3000000,,RPPQMLPLJILFFAA57CB
中正區,房地(土地+建物)+車位,臺北市中正區汀州路二段A2棟10樓,16.55,住,,,1030404,土地1建物1車位1,十層,10,華廈(10層含以下有電梯),住家用,鋼筋混凝土造,,125.38,2,1,1,有,無,29300000,324651,坡道平面,44.37,3000000,,RPQQMLPLJILFFAA67CB
中正區,房地(土地+建物)+車位,臺北市中正區汀州路二段A3棟2樓,24.02,住,,,1030423,土地1建物1車位1,二層,10,華廈(10層含以下有電梯),住家用,鋼筋混凝土造,,162.26,2,1,1,有,無,35000000,274832,坡道平面,44.37,2600000,,RPRQMLPLJILFFAA77CB
中正區,房地(土地+建物)+車位,臺北市中正區汀州路二段A3棟3樓,24.02,住,,,1030430,土地1建物1車位1,三層,10,華廈(10層含以下有電梯),住家用,鋼筋混凝土造,,162.26,2,1,1,有,無,36200000,281618,坡道平面,44.37,3000000,,RPSQMLPLJILFFAA87CB
中正區,房地(土地+建物)+車位,臺北市中正區汀州路二段A3棟4樓,24.02,住,,,1030530,土地1建物1車位1,四層,10,華廈(10層含以下有電梯),住家用,鋼筋混凝土造,,162.26,2,1,1,有,無,35830000,280176,坡道平面,44.37,2800000,,RPTQMLPLJILFFAA97CB
中正區,房地(土地+建物)+車位,臺北市中正區汀州路二段A3棟5樓,24.02,住,,,1030318,土地1建物1車位1,五層,10,華廈(10層含以下有電梯),住家用,鋼筋混凝土造,,162.26,2,1,1,有,無,35980000,283145,坡道平面,44.37,2600000,,RPUQMLPLJILFFAA08CB
中正區,房地(土地+建物)+車位,臺北市中正區汀州路二段A3棟6樓,24.02,住,,,1030416,土地1建物1車位1,六層,10,華廈(10層含以下有電梯),住家用,鋼筋混凝土造,,162.26,2,1,1,有,無,37000000,288404,坡道平面,44.37,3000000,,RPVQMLPLJILFFAA18CB
中正區,房地(土地+建物)+車位,臺北市中正區汀州路二段A3棟7樓,24.02,住,,,1030407,土地1建物1車位1,七層,10,華廈(10層含以下有電梯),住家用,鋼筋混凝土造,,162.26,2,1,1,有,無,37000000,290101,坡道平面,44.37,2800000,,RPWQMLPLJILFFAA28CB
中正區,房地(土地+建物)+車位,臺北市中正區汀州路二段A3棟8樓,34.46,住,,,1030331,土地1建物1車位1,八層,10,華廈(10層含以下有電梯),住家用,鋼筋混凝土造,,213.79,2,1,1,有,無,53980000,302089,坡道平面,44.37,2800000,,RPXQMLPLJILFFAA38CB
中正區,房地(土地+建物)+車位,臺北市中正區汀州路二段A3棟9樓,24.64,住,,,1030511,土地1建物1車位1,九層,10,華廈(10層含以下有電梯),住家用,鋼筋混凝土造,,165.3,2,1,1,有,無,42180000,325643,坡道平面,44.37,2800000,,RPORMLPLJILFFAA57CB
中正區,房地(土地+建物)+車位,臺北市中正區汀州路二段A3棟10樓,14.78,住,,,1030328,土地1建物1車位1,十層,10,華廈(10層含以下有電梯),住家用,鋼筋混凝土造,,116.67,1,1,1,有,無,27300000,338866,坡道平面,44.37,2800000,,RPPRMLPLJILFFAA67CB
中正區,房地(土地+建物),臺北市中正區汀州路二段A5棟2樓,16.9,住,,,1030604,土地1建物1車位0,二層,10,華廈(10層含以下有電梯),住家用,鋼筋混凝土造,,83.41,1,1,1,有,無,23000000,275746,,0.0,0,,RPQRMLPLJILFFAA77CB
中正區,房地(土地+建物)+車位,臺北市中正區汀州路二段A5棟3樓,17.04,住,,,1030528,土地1建物1車位1,三層,10,華廈(10層含以下有電梯),住家用,鋼筋混凝土造,,127.78,1,1,1,有,無,26770000,287376,坡道平面,44.37,2800000,,RPRRMLPLJILFFAA87CB
中正區,房地(土地+建物)+車位,臺北市中正區汀州路二段A5棟4樓,17.04,住,,,1030530,土地1建物1車位1,四層,10,華廈(10層含以下有電梯),住家用,鋼筋混凝土造,,127.78,1,1,1,有,無,26800000,287735,坡道平面,44.37,2800000,,RPSRMLPLJILFFAA97CB
中正區,房地(土地+建物)+車位,臺北市中正區汀州路二段A5棟5樓,17.04,住,,,1030530,土地1建物1車位1,五層,10,華廈(10層含以下有電梯),住家用,鋼筋混凝土造,,127.79,1,1,1,有,無,26520000,289174,坡道機械,44.38,2400000,,RPTRMLPLJILFFAA08CB
中正區,房地(土地+建物)+車位,臺北市中正區汀州路二段A5棟6樓,17.04,住,,,1030409,土地1建物1車位1,六層,10,華廈(10層含以下有電梯),住家用,鋼筋混凝土造,,127.79,1,1,1,有,無,27080000,295852,坡道平面,44.37,2400000,,RPURMLPLJILFFAA18CB
中正區,房地(土地+建物)+車位,臺北市中正區汀州路二段A5棟7樓,17.04,住,,,1030318,土地1建物1車位1,七層,10,華廈(10層含以下有電梯),住家用,鋼筋混凝土造,,127.78,1,1,1,有,無,27530000,296487,坡道平面,44.37,2800000,,RPVRMLPLJILFFAA28CB
中山區,房地(土地+建物)+車位,臺北市中山區金泰段122、122-1地號二樓A戶,61.4,住,,,1031018,土地2建物1車位2,二層,10,華廈(10層含以下有電梯),住家用,鋼筋混凝土造,,268.94,3,2,2,有,無,105880000,448939,坡道機械,40.0,3100000,,RPQPMLMJKILFFCA37CB
中山區,房地(土地+建物)+車位,臺北市中山區金泰段122、122-1地號三樓A戶,61.43,住,,,1031003,土地2建物1車位2,三層,10,華廈(10層含以下有電梯),住家用,鋼筋混凝土造,,269.08,3,2,2,有,無,107100000,453990,坡道機械,40.0,3100000,,RPRPMLMJKILFFCA47CB
中山區,房地(土地+建物)+車位,臺北市中山區金泰段122、122-1地號五樓A戶,62.9,住,,,1031030,土地2建物1車位2,五層,10,華廈(10層含以下有電梯),住家用,鋼筋混凝土造,,312.38,2,2,2,有,無,113300000,460022,坡道平面,80.0,6400000,,RPSPMLMJKILFFCA57CB
中山區,房地(土地+建物)+車位,臺北市中山區金泰段122、122-1地號六樓A戶,64.77,住,,,1031120,土地2建物1車位2,六層,10,華廈(10層含以下有電梯),住家用,鋼筋混凝土造,,319.41,3,2,2,有,無,118800000,470323,坡道平面,80.0,6200000,,RPVPMLMJKILFFCA87CB
中山區,房地(土地+建物)+車位,臺北市中山區金泰段122、122-1地號五樓B戶,62.16,住,,,1031005,土地2建物1車位2,五層,10,華廈(10層含以下有電梯),住家用,鋼筋混凝土造,,309.61,3,2,2,有,無,111000000,457297,坡道平面,80.0,6000000,,RPXPMLMJKILFFCA08CB
中山區,房地(土地+建物)+車位,臺北市中山區金泰段122、122-1地號六樓Ｂ戶,64.98,住,,,1040305,土地2建物1車位2,六層,10,華廈(10層含以下有電梯),住家用,鋼筋混凝土造,,320.21,3,2,2,有,無,118680000,466592,坡道平面,80.0,6600000,,RPPQMLMJKILFFCA37CB
中山區,房地(土地+建物)+車位,臺北市中山區金泰段122、122-1地號八樓Ｂ戶,61.11,住,,,1040402,土地2建物1車位1,八層,10,華廈(10層含以下有電梯),住家用,鋼筋混凝土造,,267.83,3,2,2,有,無,113500000,483694,坡道平面,40.0,3300000,,RPRQMLMJKILFFCA57CB
中正區,房地(土地+建物)+車位,臺北市中正區博愛路31-60號,8.88,商,,,1050604,土地1建物1車位1,十二層,15,住宅大樓(11層含以上有電梯),見其他登記事項,鋼筋混凝土造,,127.0,3,2,2,有,無,40800000,321260,升降機械,0.0,2100000,,RPQNMLQJKILFFBA47CB
中正區,房地(土地+建物)+車位,臺北市中正區博愛路31-60號,9.25,商,,,1021119,土地1建物1車位1,三層,15,住宅大樓(11層含以上有電梯),見其他登記事項,鋼筋混凝土造,,132.46,3,2,2,有,無,40500000,305753,升降機械,0.0,2000000,,RPRNMLQJKILFFBA57CB
中正區,房地(土地+建物)+車位,臺北市中正區博愛路31-60號,11.66,商,,,1030611,土地1建物1車位1,七層,15,住宅大樓(11層含以上有電梯),見其他登記事項,鋼筋混凝土造,,165.38,3,2,2,有,無,55290000,334321,升降機械,0.0,2300000,,RPSNMLQJKILFFBA67CB
中正區,房地(土地+建物),臺北市中正區博愛路31-60號,8.82,商,,,1040724,土地1建物1車位0,十二層,15,住宅大樓(11層含以上有電梯),見其他登記事項,鋼筋混凝土造,,120.29,1,1,1,有,無,40250000,334608,升降機械,0.0,0,,RPTNMLQJKILFFBA77CB
中正區,房地(土地+建物)+車位,臺北市中正區博愛路31-60號,11.76,商,,,1021117,土地1建物1車位1,二層,15,住宅大樓(11層含以上有電梯),見其他登記事項,鋼筋混凝土造,,166.58,3,2,2,有,無,52280000,313843,升降機械,0.0,2300000,,RPUNMLQJKILFFBA87CB
中正區,房地(土地+建物)+車位,臺北市中正區博愛路31-60號,8.88,商,,,1021113,土地1建物1車位1,十四層,15,住宅大樓(11層含以上有電梯),見其他登記事項,鋼筋混凝土造,,127.57,3,2,2,有,無,42490000,333072,升降機械,0.0,2000000,,RPVNMLQJKILFFBA97CB
中正區,房地(土地+建物)+車位,臺北市中正區博愛路31-60號,11.54,商,,,1030110,土地1建物1車位1,三層,15,住宅大樓(11層含以上有電梯),見其他登記事項,鋼筋混凝土造,,163.8,3,2,2,有,無,50600000,308913,升降機械,0.0,2300000,,RPWNMLQJKILFFBA08CB
中正區,房地(土地+建物)+車位,臺北市中正區博愛路31-60號,8.88,商,,,1021112,土地1建物1車位1,三層,15,住宅大樓(11層含以上有電梯),見其他登記事項,鋼筋混凝土造,,127.3,3,2,2,有,無,37400000,293794,升降機械,0.0,2100000,,RPXNMLQJKILFFBA18CB
中正區,房地(土地+建物)+車位,臺北市中正區博愛路31-60號,8.88,商,,,1021219,土地1建物1車位1,五層,15,住宅大樓(11層含以上有電梯),見其他登記事項,鋼筋混凝土造,,127.3,3,2,2,有,無,38800000,304792,升降機械,0.0,2100000,,RPOOMLQJKILFFBA37CB
中正區,房地(土地+建物)+車位,臺北市中正區博愛路31-60號,11.35,商,,,1021117,土地1建物1車位1,十五層,15,住宅大樓(11層含以上有電梯),見其他登記事項,鋼筋混凝土造,,161.71,3,2,2,有,無,57500000,355575,升降機械,0.0,2300000,,RPPOMLQJKILFFBA47CB
中正區,房地(土地+建物)+車位,臺北市中正區博愛路31-60號,11.53,商,,,1021228,土地1建物1車位1,九層,15,住宅大樓(11層含以上有電梯),見其他登記事項,鋼筋混凝土造,,163.7,3,2,2,有,無,53500000,326817,升降機械,0.0,2300000,,RPQOMLQJKILFFBA57CB
中正區,房地(土地+建物)+車位,臺北市中正區博愛路31-60號,11.66,商,,,1030113,土地1建物1車位1,九層,15,住宅大樓(11層含以上有電梯),見其他登記事項,鋼筋混凝土造,,165.32,3,2,2,有,無,54500000,329664,升降機械,0.0,2300000,,RPROMLQJKILFFBA67CB
中正區,房地(土地+建物)+車位,臺北市中正區博愛路31-60號,9.25,商,,,1021216,土地1建物1車位1,十四層,15,住宅大樓(11層含以上有電梯),見其他登記事項,鋼筋混凝土造,,132.62,3,2,2,有,無,45500000,343086,升降機械,0.0,2300000,,RPSOMLQJKILFFBA77CB
中正區,房地(土地+建物)+車位,臺北市中正區博愛路31-60號,8.88,商,,,1021115,土地1建物1車位1,八層,15,住宅大樓(11層含以上有電梯),見其他登記事項,鋼筋混凝土造,,127.24,3,2,2,有,無,39700000,312009,升降機械,0.0,2100000,,RPTOMLQJKILFFBA87CB
中正區,房地(土地+建物)+車位,臺北市中正區博愛路31-60號,9.25,商,,,1021210,土地1建物1車位1,八層,15,住宅大樓(11層含以上有電梯),見其他登記事項,鋼筋混凝土造,,132.42,3,2,2,有,無,41880000,316266,升降機械,0.0,2100000,,RPUOMLQJKILFFBA97CB
中正區,房地(土地+建物)+車位,臺北市中正區博愛路31-60號,9.25,商,,,1021119,土地1建物1車位1,九層,15,住宅大樓(11層含以上有電梯),見其他登記事項,鋼筋混凝土造,,132.46,3,2,2,有,無,43580000,329005,升降機械,0.0,2300000,,RPVOMLQJKILFFBA08CB
中正區,房地(土地+建物)+車位,臺北市中正區博愛路31-60號,9.99,商,,,1040724,土地1建物1車位1,十二層,15,住宅大樓(11層含以上有電梯),見其他登記事項,鋼筋混凝土造,,142.08,2,1,1,有,無,47630000,335234,升降機械,0.0,2000000,,RPXOMLQJKILFFBA28CB
中正區,房地(土地+建物)+車位,臺北市中正區博愛路31-60號,8.88,商,,,1021117,土地1建物1車位1,二層,15,住宅大樓(11層含以上有電梯),見其他登記事項,鋼筋混凝土造,,127.27,3,2,2,有,無,36910000,290013,升降機械,0.0,2100000,,RPOPMLQJKILFFBA47CB
中正區,房地(土地+建物)+車位,臺北市中正區博愛路31-60號,11.53,商,,,1021115,土地1建物1車位1,五層,15,住宅大樓(11層含以上有電梯),見其他登記事項,鋼筋混凝土造,,163.73,3,2,2,有,無,52100000,318207,升降機械,0.0,2300000,,RPPPMLQJKILFFBA57CB
中正區,房地(土地+建物)+車位,臺北市中正區博愛路31-60號,9.25,商,,,1021113,土地1建物1車位1,七層,15,住宅大樓(11層含以上有電梯),見其他登記事項,鋼筋混凝土造,,132.46,3,2,2,有,無,41770000,315340,升降機械,0.0,2100000,,RPQPMLQJKILFFBA67CB
中正區,房地(土地+建物)+車位,臺北市中正區博愛路31-60號,11.66,商,,,1021112,土地1建物1車位1,三層,15,住宅大樓(11層含以上有電梯),見其他登記事項,鋼筋混凝土造,,165.38,3,2,2,有,無,52400000,316846,升降機械,0.0,2300000,,RPRPMLQJKILFFBA77CB
中正區,房地(土地+建物)+車位,臺北市中正區博愛路31-60號,11.66,商,,,1021115,土地1建物1車位1,五層,15,住宅大樓(11層含以上有電梯),見其他登記事項,鋼筋混凝土造,,165.32,3,2,2,有,無,53680000,324704,升降機械,0.0,2300000,,RPUPMLQJKILFFBA08CB
中正區,房地(土地+建物)+車位,臺北市中正區博愛路31-60號,11.54,商,,,1021112,土地1建物1車位1,七層,15,住宅大樓(11層含以上有電梯),見其他登記事項,鋼筋混凝土造,,163.76,3,2,2,有,無,53520000,326820,升降機械,0.0,2300000,,RPVPMLQJKILFFBA18CB
中正區,房地(土地+建物)+車位,臺北市中正區博愛路31-60號,9.25,商,,,1021117,土地1建物1車位1,十二層,15,住宅大樓(11層含以上有電梯),見其他登記事項,鋼筋混凝土造,,132.03,3,2,2,有,無,43210000,327274,升降機械,0.0,2300000,,RPWPMLQJKILFFBA28CB
中正區,房地(土地+建物)+車位,臺北市中正區博愛路31-60號,9.25,商,,,1021117,土地1建物1車位1,二層,15,住宅大樓(11層含以上有電梯),見其他登記事項,鋼筋混凝土造,,132.42,3,2,2,有,無,38750000,292630,升降機械,0.0,2100000,,RPOQMLQJKILFFBA57CB
中正區,房地(土地+建物)+車位,臺北市中正區博愛路31-60號,11.62,商,,,1021111,土地1建物1車位1,二層,15,住宅大樓(11層含以上有電梯),見其他登記事項,鋼筋混凝土造,,164.95,3,2,2,有,無,51000000,309185,升降機械,0.0,2300000,,RPPQMLQJKILFFBA67CB
中正區,房地(土地+建物)+車位,臺北市中正區博愛路31-60號,13.85,商,,,1040810,土地1建物1車位1,十四層,15,住宅大樓(11層含以上有電梯),見其他登記事項,鋼筋混凝土造,,195.57,3,2,2,有,無,68810000,351843,升降機械,0.0,2300000,,RPQQMLQJKILFFBA77CB
中正區,房地(土地+建物)+車位,臺北市中正區博愛路31-60號,9.25,商,,,1021121,土地1建物1車位1,十三層,15,住宅大樓(11層含以上有電梯),見其他登記事項,鋼筋混凝土造,,132.33,3,2,2,有,無,44380000,335374,升降機械,0.0,2300000,,RPRQMLQJKILFFBA87CB
中正區,房地(土地+建物)+車位,臺北市中正區博愛路31-60號,8.88,商,,,1021120,土地1建物1車位1,七層,15,住宅大樓(11層含以上有電梯),見其他登記事項,鋼筋混凝土造,,127.3,3,2,2,有,無,39350000,309112,升降機械,0.0,2100000,,RPTQMLQJKILFFBA08CB
大同區,房地(土地+建物),臺北市大同區民權西路292巷旁I-06F,7.49,商,,,1030409,土地1建物1車位0,六層,13,住宅大樓(11層含以上有電梯),住家用,鋼筋混凝土造,,76.44,2,1,1,有,無,15400000,201465,,0.0,0,,RPUOMLSJKILFFBA18CB
