﻿鄉鎮市區,交易標的,土地位置建物門牌,土地移轉總面積平方公尺,都市土地使用分區,非都市土地使用分區,非都市土地使用編定,交易年月日,交易筆棟數,移轉層次,總樓層數,建物型態,主要用途,主要建材,建築完成年月,建物移轉總面積平方公尺,建物現況格局-房,建物現況格局-廳,建物現況格局-衛,建物現況格局-隔間,有無管理組織,總價元,單價元平方公尺,車位類別,車位移轉總面積平方公尺,車位總價元,備註,編號
The villages and towns urban district,transaction sign,land sector position building sector house number plate,land shifting total area square meter,the use zoning or compiles and checks,the non-metropolis land use district,non-metropolis land use,transaction year month and day,transaction pen number,shifting level,total floor number,building state,main use,main building materials,construction to complete the years,building shifting total area,Building present situation pattern - room,building present situation pattern - hall,building present situation pattern - health,building present situation pattern - compartmented,Whether there is manages the organization,total price NTD,the unit price (NTD / square meter),the berth category,berth shifting total area square meter,the berth total price NTD,the note,serial number
北屯區,房地(土地+建物)+車位,臺中市北屯區軍福16路287號6樓之1,16.22,商,,,1040606,土地1建物1車位1,六層,15,住宅大樓(11層含以上有電梯),住家用,鋼筋混凝土造,,145.14,3,2,2,有,無,7780000,57335,坡道機械,15.55,350000,,RPUNMLLJJILFFBB37CB
北屯區,房地(土地+建物)+車位,臺中市北屯區水景里1鄰旱溪東路三段41號,33.92,住,,,1050416,土地1建物1車位1,一層,12,住宅大樓(11層含以上有電梯),住家用,鋼筋混凝土造,,159.12,0,0,0,無,無,14800000,104544,坡道平面,29.51,1250000,,RPPPMLSJJILFFBB77CB
北屯區,房地(土地+建物)+車位,臺中市北屯區旱溪東路三段41號,33.92,住,,,1050416,土地1建物1車位1,一層,12,住宅大樓(11層含以上有電梯),住家用,鋼筋混凝土造,,159.12,0,0,0,無,無,14800000,104544,坡道平面,29.51,1250000,,RPVPMLSJJILFFBB38CB
北屯區,房地(土地+建物)+車位,臺中市北屯區旱溪東路三段39號9樓之2,29.74,住,,,1050417,土地1建物1車位1,九層,12,住宅大樓(11層含以上有電梯),住家用,鋼筋混凝土造,,159.18,3,2,2,有,無,9250000,60924,坡道平面,29.51,1350000,,RPWPMLSJJILFFBB48CB
北屯區,房地(土地+建物)+車位,臺中市北屯區旱溪東路三段39號5樓之2,29.74,住,,,1050418,土地1建物1車位1,五層,12,住宅大樓(11層含以上有電梯),住家用,鋼筋混凝土造,,159.18,3,2,2,有,無,9000000,58996,坡道平面,29.51,1350000,,RPXPMLSJJILFFBB58CB
北屯區,房地(土地+建物)+車位,臺中市北屯區旱溪東路三段39號8樓之3,29.74,住,,,1050423,土地1建物1車位1,八層,12,住宅大樓(11層含以上有電梯),住家用,鋼筋混凝土造,,159.11,3,2,2,有,無,9180000,61188,坡道平面,29.51,1250000,,RPQQMLSJJILFFBB97CB
北屯區,房地(土地+建物)+車位,臺中市北屯區旱溪東路三段39號7樓之3,29.74,住,,,1050430,土地1建物1車位1,七層,12,住宅大樓(11層含以上有電梯),住家用,鋼筋混凝土造,,159.11,3,2,2,有,無,9100000,60571,坡道平面,29.51,1250000,,RPRQMLSJJILFFBB08CB
北屯區,房地(土地+建物)+車位,臺中市北屯區旱溪東路三段40號,30.22,住,,,1050501,土地1建物1車位1,一層,12,住宅大樓(11層含以上有電梯),住家用,鋼筋混凝土造,,123.14,0,0,0,無,無,11450000,108939,坡道平面,29.51,1250000,,RPSQMLSJJILFFBB18CB
北屯區,房地(土地+建物)+車位,臺中市北屯區旱溪東路三段39號7樓之1,36.97,住,,,1050502,土地1建物1車位2,七層,12,住宅大樓(11層含以上有電梯),住家用,鋼筋混凝土造,,194.46,4,2,2,有,無,12000000,68665,坡道平面,59.02,2700000,,RPUQMLSJJILFFBB38CB
北屯區,房地(土地+建物)+車位,臺中市北屯區旱溪東路三段39號10樓之2,29.74,住,,,1050507,土地1建物1車位1,十層,12,住宅大樓(11層含以上有電梯),住家用,鋼筋混凝土造,,159.18,3,2,2,有,無,9400000,62081,坡道平面,29.51,1350000,,RPVQMLSJJILFFBB48CB
北屯區,房地(土地+建物)+車位,臺中市北屯區旱溪東路三段39號6樓之1,36.97,住,,,1050509,土地1建物1車位2,六層,12,住宅大樓(11層含以上有電梯),住家用,鋼筋混凝土造,,193.76,4,2,2,有,無,12100000,69764,坡道平面,59.02,2700000,,RPWQMLSJJILFFBB58CB
北屯區,房地(土地+建物)+車位,臺中市北屯區旱溪東路三段39號2樓之3,29.74,住,,,1050514,土地1建物1車位1,二層,12,住宅大樓(11層含以上有電梯),住家用,鋼筋混凝土造,,159.11,3,2,2,有,無,9000000,59799,坡道平面,29.51,1250000,,RPXQMLSJJILFFBB68CB
北屯區,房地(土地+建物)+車位,臺中市北屯區旱溪東路三段39號9樓之3,29.74,住,,,1050517,土地1建物1車位1,九層,12,住宅大樓(11層含以上有電梯),住家用,鋼筋混凝土造,,159.11,3,2,2,有,無,9300000,62114,坡道平面,29.51,1250000,,RPORMLSJJILFFBB87CB
北屯區,房地(土地+建物)+車位,臺中市北屯區旱溪東路三段39號9樓之5,36.81,住,,,1050521,土地1建物1車位1,九層,12,住宅大樓(11層含以上有電梯),住家用,鋼筋混凝土造,,194.36,4,2,2,有,無,11020000,59266,坡道平面,29.51,1250000,,RPQRMLSJJILFFBB08CB
北屯區,房地(土地+建物)+車位,臺中市北屯區旱溪東路三段39號6樓之2,29.74,住,,,1050529,土地1建物1車位1,六層,12,住宅大樓(11層含以上有電梯),住家用,鋼筋混凝土造,,159.18,3,2,2,有,無,9100000,60538,坡道平面,29.51,1250000,,RPSRMLSJJILFFBB28CB
北屯區,房地(土地+建物)+車位,臺中市北屯區旱溪東路三段39號11樓之3,29.74,住,,,1050525,土地1建物1車位1,十一層,12,住宅大樓(11層含以上有電梯),住家用,鋼筋混凝土造,,159.11,3,2,2,有,無,9170000,61111,坡道平面,29.51,1250000,,RPTRMLSJJILFFBB38CB
北屯區,房地(土地+建物)+車位,臺中市北屯區旱溪東路三段39號6樓之3,29.74,住,,,1050604,土地1建物1車位1,六層,12,住宅大樓(11層含以上有電梯),住家用,鋼筋混凝土造,,159.11,3,2,2,有,無,9080000,60417,坡道平面,29.51,1250000,,RPVRMLSJJILFFBB58CB
北屯區,房地(土地+建物)+車位,臺中市北屯區旱溪東路三段39號11樓之2,29.74,住,,,1050606,土地1建物1車位1,十一層,12,住宅大樓(11層含以上有電梯),住家用,鋼筋混凝土造,,159.18,3,2,2,有,無,9150000,60924,坡道平面,29.51,1250000,,RPXRMLSJJILFFBB78CB
北屯區,房地(土地+建物)+車位,臺中市北屯區旱溪東路三段39號2樓之2,29.74,住,,,1050601,土地1建物1車位1,二層,12,住宅大樓(11層含以上有電梯),住家用,鋼筋混凝土造,,159.18,3,2,2,有,無,8990000,59690,坡道平面,29.51,1250000,,RPOSMLSJJILFFBB97CB
北屯區,房地(土地+建物)+車位,臺中市北屯區旱溪東路三段39號6樓之5,36.81,住,,,1050610,土地1建物1車位1,六層,12,住宅大樓(11層含以上有電梯),住家用,鋼筋混凝土造,,193.68,4,2,2,有,無,10800000,58171,坡道平面,29.51,1250000,,RPPSMLSJJILFFBB08CB
北屯區,房地(土地+建物)+車位,臺中市北屯區旱溪東路三段39號12樓之5,36.97,住,,,1050618,土地1建物1車位2,十二層,12,住宅大樓(11層含以上有電梯),住家用,鋼筋混凝土造,,193.68,4,2,2,有,無,11680000,66686,坡道平面,59.02,2700000,,RPQSMLSJJILFFBB18CB
北屯區,房地(土地+建物)+車位,臺中市北屯區旱溪東路三段39號12樓之3,29.74,住,,,1050618,土地1建物1車位1,十二層,12,住宅大樓(11層含以上有電梯),住家用,鋼筋混凝土造,,159.11,3,2,2,有,無,9120000,60725,坡道平面,29.51,1250000,,RPSSMLSJJILFFBB38CB
北屯區,房地(土地+建物)+車位,臺中市北屯區旱溪東路三段39號12樓之2,29.74,住,,,1050716,土地1建物1車位1,十二層,12,住宅大樓(11層含以上有電梯),住家用,鋼筋混凝土造,,159.18,3,2,2,有,無,9150000,60924,坡道平面,29.51,1250000,,RPUSMLSJJILFFBB58CB
北屯區,房地(土地+建物)+車位,臺中市北屯區旱溪東路三段39號3樓之3,29.74,住,,,1050621,土地1建物1車位1,三層,12,住宅大樓(11層含以上有電梯),住家用,鋼筋混凝土造,,159.11,3,2,2,有,無,8900000,59028,坡道平面,29.51,1250000,,RPXSMLSJJILFFBB88CB
北屯區,房地(土地+建物)+車位,臺中市北屯區旱溪東路三段39號8樓之5,36.81,住,,,1050624,土地1建物1車位1,八層,12,住宅大樓(11層含以上有電梯),住家用,鋼筋混凝土造,,193.68,4,2,2,有,無,11000000,59390,坡道平面,29.51,1250000,,RPOTMLSJJILFFBB08CB
北屯區,房地(土地+建物)+車位,臺中市北屯區旱溪東路三段39號3樓之2,29.74,住,,,1050702,土地1建物1車位1,三層,12,住宅大樓(11層含以上有電梯),住家用,鋼筋混凝土造,,159.18,3,2,2,有,無,8850000,58610,坡道平面,29.51,1250000,,RPPTMLSJJILFFBB18CB
北屯區,房地(土地+建物)+車位,臺中市北屯區旱溪東路三段39號4樓之2,29.74,住,,,1050705,土地1建物1車位1,四層,12,住宅大樓(11層含以上有電梯),住家用,鋼筋混凝土造,,159.18,3,2,2,有,無,8780000,58070,坡道平面,29.51,1250000,,RPQTMLSJJILFFBB28CB
北屯區,房地(土地+建物)+車位,臺中市北屯區旱溪東路三段39號4樓之3,29.74,住,,,1050714,土地1建物1車位1,四層,12,住宅大樓(11層含以上有電梯),住家用,鋼筋混凝土造,,159.11,3,2,2,有,無,8850000,58642,坡道平面,29.51,1250000,,RPRTMLSJJILFFBB38CB
北屯區,房地(土地+建物)+車位,臺中市北屯區旱溪東路三段39號7樓之5,36.81,住,,,1050719,土地1建物1車位1,七層,12,住宅大樓(11層含以上有電梯),住家用,鋼筋混凝土造,,194.36,4,2,2,有,無,11000000,59145,坡道平面,29.51,1250000,,RPSTMLSJJILFFBB48CB
北屯區,房地(土地+建物)+車位,臺中市北屯區旱溪東路三段39號5樓之3,29.74,住,,,1050722,土地1建物1車位1,五層,12,住宅大樓(11層含以上有電梯),住家用,鋼筋混凝土造,,159.11,3,2,2,有,無,10880000,74306,坡道平面,29.51,1250000,此戶為聯名戶，此戶含裝潢款145萬及冷氣款22萬,RPXNMLTJJILFFBB48CB
北屯區,房地(土地+建物)+車位,臺中市北屯區旱溪東路三段39號11樓之1,36.81,住,,,1050723,土地1建物1車位1,十一層,12,住宅大樓(11層含以上有電梯),住家用,鋼筋混凝土造,,194.46,4,2,2,有,無,11230000,60503,坡道平面,29.51,1250000,,RPOOMLTJJILFFBB67CB
北屯區,房地(土地+建物)+車位,臺中市北屯區旱溪東路三段39號10樓之1,36.97,住,,,1050820,土地1建物1車位2,十層,12,住宅大樓(11層含以上有電梯),住家用,鋼筋混凝土造,,193.76,4,2,2,有,無,12200000,71991,坡道平面,59.02,2500000,,RPQOMLTJJILFFBB87CB
北屯區,房地(土地+建物)+車位,臺中市北屯區旱溪東路三段39號3樓之5,36.81,住,,,1050726,土地1建物1車位1,三層,12,住宅大樓(11層含以上有電梯),住家用,鋼筋混凝土造,,194.36,4,2,2,有,無,10600000,56718,坡道平面,29.51,1250000,,RPROMLTJJILFFBB97CB
北屯區,房地(土地+建物)+車位,臺中市北屯區旱溪東路三段39號10樓之3,29.74,住,,,1050729,土地1建物1車位1,十層,12,住宅大樓(11層含以上有電梯),住家用,鋼筋混凝土造,,159.11,3,2,2,有,無,9450000,62500,坡道平面,29.51,1350000,,RPSOMLTJJILFFBB08CB
北屯區,房地(土地+建物)+車位,臺中市北屯區旱溪東路三段39號12樓之1,36.81,住,,,1050730,土地1建物1車位1,十二層,12,住宅大樓(11層含以上有電梯),住家用,鋼筋混凝土造,,193.76,4,2,2,有,無,10930000,58212,坡道平面,27.47,1250000,,RPTOMLTJJILFFBB18CB
北屯區,房地(土地+建物)+車位,臺中市北屯區旱溪東路三段39號8樓之1,36.81,住,,,1050804,土地1建物1車位1,八層,12,住宅大樓(11層含以上有電梯),住家用,鋼筋混凝土造,,193.76,4,2,2,有,無,11140000,59604,坡道平面,29.51,1350000,,RPUOMLTJJILFFBB28CB
北屯區,房地(土地+建物)+車位,臺中市北屯區旱溪東路三段39號4樓之5,36.81,住,,,1050806,土地1建物1車位1,四層,12,住宅大樓(11層含以上有電梯),住家用,鋼筋混凝土造,,193.68,4,2,2,有,無,10800000,57562,坡道平面,29.51,1350000,,RPVOMLTJJILFFBB38CB
北屯區,房地(土地+建物)+車位,臺中市北屯區旱溪東路三段39號8樓之2,29.74,住,,,1050808,土地1建物1車位1,八層,12,住宅大樓(11層含以上有電梯),住家用,鋼筋混凝土造,,159.18,3,2,2,有,無,9400000,62081,坡道平面,29.51,1350000,,RPWOMLTJJILFFBB48CB
北屯區,房地(土地+建物)+車位,臺中市北屯區旱溪東路三段39號5樓之1,36.81,住,,,1050813,土地1建物1車位1,五層,12,住宅大樓(11層含以上有電梯),住家用,鋼筋混凝土造,,194.46,4,2,2,有,無,11000000,58387,坡道平面,27.47,1250000,,RPPPMLTJJILFFBB87CB
北屯區,房地(土地+建物)+車位,臺中市北屯區旱溪東路三段39號11樓之5,36.81,住,,,1050813,土地1建物1車位1,十一層,12,住宅大樓(11層含以上有電梯),住家用,鋼筋混凝土造,,194.36,4,2,2,有,無,10900000,58422,坡道平面,27.47,1150000,,RPRPMLTJJILFFBB08CB
北屯區,房地(土地+建物),臺中市北屯區旱溪東路三段37號,40.02,住,,,1050903,土地1建物1車位0,一層,12,住宅大樓(11層含以上有電梯),住家用,鋼筋混凝土造,,172.28,0,0,0,無,無,14680000,85210,,0.0,0,,RPSQMLTJJILFFBB28CB
北屯區,房地(土地+建物)+車位,臺中市北屯區旱溪東路三段39號2樓之5,36.81,住,,,1050903,土地1建物1車位1,二層,12,住宅大樓(11層含以上有電梯),住家用,鋼筋混凝土造,,193.68,4,2,2,有,無,11620000,63166,坡道平面,29.51,1250000,此戶含裝潢款87萬及冷氣款25萬,RPUQMLTJJILFFBB48CB
北屯區,房地(土地+建物)+車位,臺中市北屯區旱溪東路三段39號3樓之1,36.81,住,,,1050816,土地1建物1車位1,三層,12,住宅大樓(11層含以上有電梯),住家用,鋼筋混凝土造,,194.46,4,2,2,有,無,10750000,57593,坡道平面,29.51,1250000,,RPXQMLTJJILFFBB78CB
北屯區,房地(土地+建物)+車位,臺中市北屯區旱溪東路三段39號4樓之1,36.81,住,,,1050827,土地1建物1車位1,四層,12,住宅大樓(11層含以上有電梯),住家用,鋼筋混凝土造,,193.76,4,2,2,有,無,10700000,57534,坡道平面,29.51,1250000,,RPSRMLTJJILFFBB38CB
北屯區,房地(土地+建物)+車位,臺中市北屯區旱溪東路三段39號9樓之1,36.81,住,,,1050823,土地1建物1車位1,九層,12,住宅大樓(11層含以上有電梯),住家用,鋼筋混凝土造,,194.46,4,2,2,有,無,11280000,60200,坡道平面,29.51,1350000,,RPURMLTJJILFFBB58CB
北屯區,房地(土地+建物)+車位,臺中市北屯區旱溪東路三段39號5樓之5,36.81,住,,,1050910,土地1建物1車位1,五層,12,住宅大樓(11層含以上有電梯),住家用,鋼筋混凝土造,,194.36,4,2,2,有,無,12650000,69154,坡道平面,29.51,1250000,此戶含裝潢款172萬及冷氣款13萬,RPVRMLTJJILFFBB68CB
北屯區,房地(土地+建物)+車位,臺中市北屯區旱溪東路三段39號10樓之5,36.81,住,,,1050905,土地1建物1車位1,十層,12,住宅大樓(11層含以上有電梯),住家用,鋼筋混凝土造,,193.68,4,2,2,有,無,11100000,59390,坡道平面,29.51,1350000,,RPWRMLTJJILFFBB78CB
太平區,房地(土地+建物)+車位,臺中市太平區旱溪東路二段115號E1棟2樓,18.66,住,,,1041221,土地1建物1車位1,二層,12,住宅大樓(11層含以上有電梯),住家用,鋼筋混凝土造,,135.9,3,1,2,有,無,6800000,49276,坡道平面,21.24,1150000,,RPRNMLPKJILFFHL56CB
太平區,房地(土地+建物)+車位,臺中市太平區旱溪東路二段115號E1棟1樓,10.57,住,,,1040302,土地1建物1車位2,一層,12,住宅大樓(11層含以上有電梯),住家用,鋼筋混凝土造,,81.69,0,0,0,無,無,6280000,79363,坡道機械,18.94,1300000,,RPWNMLQKJILFFHL17CB
太平區,房地(土地+建物)+車位,臺中市太平區旱溪東路二段115號E1棟3樓,18.35,住,,,1030918,土地1建物1車位1,三層,12,住宅大樓(11層含以上有電梯),住家用,鋼筋混凝土造,,124.18,3,1,2,有,無,6680000,52131,坡道機械,9.47,700000,,RPXNMLQKJILFFHL27CB
太平區,房地(土地+建物)+車位,臺中市太平區旱溪東路二段115號E1棟4樓,18.35,住,,,1030703,土地1建物1車位1,四層,12,住宅大樓(11層含以上有電梯),住家用,鋼筋混凝土造,,124.18,3,1,2,有,無,6450000,50126,坡道機械,9.47,700000,,RPOOMLQKJILFFHL09CB
太平區,房地(土地+建物)+車位,臺中市太平區旱溪東路二段115號E1棟5樓,18.35,住,,,1040710,土地1建物1車位1,五層,12,住宅大樓(11層含以上有電梯),住家用,鋼筋混凝土造,,124.18,3,1,2,有,無,6500000,51434,坡道機械,9.47,600000,,RPPOMLQKJILFFHL56CB
太平區,房地(土地+建物)+車位,臺中市太平區旱溪東路二段115號E1棟6樓,18.35,住,,,1040410,土地1建物1車位1,六層,12,住宅大樓(11層含以上有電梯),住家用,鋼筋混凝土造,,124.38,3,1,2,有,無,6680000,53003,坡道機械,9.67,600000,,RPQOMLQKJILFFHL66CB
太平區,房地(土地+建物)+車位,臺中市太平區旱溪東路二段115號E1棟7樓,18.66,住,,,1031014,土地1建物1車位2,七層,12,住宅大樓(11層含以上有電梯),住家用,鋼筋混凝土造,,133.65,3,1,2,有,無,7300000,52306,坡道機械,18.94,1300000,,RPTNMLRKJILFFHL96CB
太平區,房地(土地+建物)+車位,臺中市太平區旱溪東路二段115號E1棟8樓,18.35,住,,,1040714,土地1建物1車位1,八層,12,住宅大樓(11層含以上有電梯),住家用,鋼筋混凝土造,,124.12,3,1,2,有,無,6830000,54311,坡道機械,9.41,600000,,RPUNMLRKJILFFHL07CB
太平區,房地(土地+建物)+車位,臺中市太平區旱溪東路二段115號E1棟9樓,18.35,住,,,1040710,土地1建物1車位1,九層,12,住宅大樓(11層含以上有電梯),住家用,鋼筋混凝土造,,124.12,3,1,2,有,無,6700000,53178,坡道平面,9.41,600000,,RPWNMLRKJILFFHL27CB
太平區,房地(土地+建物)+車位,臺中市太平區旱溪東路二段115號E1棟10樓,18.66,住,,,1040424,土地1建物1車位1,十層,12,住宅大樓(11層含以上有電梯),住家用,鋼筋混凝土造,,133.88,3,1,2,有,無,7210000,52829,坡道平面,19.17,1150000,,RPXNMLRKJILFFHL37CB
太平區,房地(土地+建物)+車位,臺中市太平區旱溪東路二段115號E1棟11樓,18.35,住,,,1040424,土地1建物1車位1,十一層,12,住宅大樓(11層含以上有電梯),住家用,鋼筋混凝土造,,124.38,3,1,2,有,無,6700000,53178,坡道機械,9.67,600000,,RPOOMLRKJILFFHL56CB
太平區,房地(土地+建物)+車位,臺中市太平區旱溪東路二段115號E1棟12樓,18.04,住,,,1040528,土地1建物1車位1,十二層,12,住宅大樓(11層含以上有電梯),住家用,鋼筋混凝土造,,124.07,3,1,2,有,無,6800000,53201,坡道機械,9.41,700000,,RPPOMLRKJILFFHL66CB
太平區,房地(土地+建物)+車位,臺中市太平區旱溪東路二段115號E2棟2樓,18.66,住,,,1040825,土地1建物1車位2,二層,12,住宅大樓(11層含以上有電梯),住家用,鋼筋混凝土造,,134.28,3,1,2,有,無,5800000,39151,坡道機械,19.34,1300000,,RPROMLRKJILFFHL86CB
太平區,房地(土地+建物)+車位,臺中市太平區旱溪東路二段115號E2棟3樓,18.66,住,,,1030521,土地1建物1車位1,三層,12,住宅大樓(11層含以上有電梯),住家用,鋼筋混凝土造,,134.11,3,1,2,有,無,6750000,48721,坡道平面,19.17,1150000,,RPSOMLRKJILFFHL96CB
太平區,房地(土地+建物)+車位,臺中市太平區旱溪東路二段115號E2棟4樓,18.66,住,,,1030721,土地1建物1車位1,四層,12,住宅大樓(11層含以上有電梯),住家用,鋼筋混凝土造,,134.11,3,1,2,有,無,6880000,49852,坡道平面,19.17,1150000,,RPTOMLRKJILFFHL07CB
太平區,房地(土地+建物)+車位,臺中市太平區旱溪東路二段115號E2棟5樓,18.35,住,,,1040109,土地1建物1車位1,五層,12,住宅大樓(11層含以上有電梯),住家用,鋼筋混凝土造,,124.41,3,1,2,有,無,6850000,53506,升降機械,9.47,700000,,RPUOMLRKJILFFHL17CB
太平區,房地(土地+建物)+車位,臺中市太平區旱溪東路二段115號E2棟6樓,18.66,住,,,1031216,土地1建物1車位1,六層,12,住宅大樓(11層含以上有電梯),住家用,鋼筋混凝土造,,136.18,3,1,2,有,無,7440000,54289,坡道平面,21.24,1200000,,RPVOMLRKJILFFHL27CB
太平區,房地(土地+建物)+車位,臺中市太平區旱溪東路二段115號E2棟7樓,18.35,住,,,1030707,土地1建物1車位1,七層,12,住宅大樓(11層含以上有電梯),住家用,鋼筋混凝土造,,124.41,3,1,2,有,無,6820000,54115,坡道機械,9.47,600000,,RPXOMLRKJILFFHL47CB
太平區,房地(土地+建物)+車位,臺中市太平區旱溪東路二段115號E2棟8樓,18.66,住,,,1031216,土地1建物1車位1,八層,12,住宅大樓(11層含以上有電梯),住家用,鋼筋混凝土造,,136.18,3,1,2,有,無,7500000,54811,坡道平面,21.24,1200000,,RPOPMLRKJILFFHL66CB
太平區,房地(土地+建物)+車位,臺中市太平區旱溪東路二段115號E2棟9樓,18.66,住,,,1031212,土地1建物1車位1,九層,12,住宅大樓(11層含以上有電梯),住家用,鋼筋混凝土造,,136.18,3,1,2,有,無,7600000,55681,坡道平面,21.24,1200000,,RPPPMLRKJILFFHL76CB
太平區,房地(土地+建物)+車位,臺中市太平區旱溪東路二段115號E2棟10樓,18.35,住,,,1040818,土地1建物1車位1,十層,12,住宅大樓(11層含以上有電梯),住家用,鋼筋混凝土造,,124.41,3,1,2,有,無,6750000,52636,坡道機械,9.47,700000,,RPQPMLRKJILFFHL86CB
太平區,房地(土地+建物)+車位,臺中市太平區旱溪東路二段115號E2棟11樓,18.35,住,,,1030825,土地1建物1車位1,十一層,12,住宅大樓(11層含以上有電梯),住家用,鋼筋混凝土造,,124.41,3,1,2,有,無,7140000,56899,坡道機械,9.47,600000,,RPRPMLRKJILFFHL96CB
太平區,房地(土地+建物)+車位,臺中市太平區旱溪東路二段115號E2棟12樓,18.04,住,,,1030810,土地1建物1車位1,十二層,12,住宅大樓(11層含以上有電梯),住家用,鋼筋混凝土造,,124.41,3,1,2,有,無,6850000,54376,坡道機械,9.47,600000,,RPSPMLRKJILFFHL07CB
太平區,房地(土地+建物)+車位,臺中市太平區旱溪東路二段115號E3棟2樓,13.68,住,,,1030729,土地1建物1車位1,二層,12,住宅大樓(11層含以上有電梯),住家用,鋼筋混凝土造,,95.3,2,1,1,有,無,4960000,49749,坡道機械,9.67,700000,,RPTPMLRKJILFFHL17CB
太平區,房地(土地+建物)+車位,臺中市太平區旱溪東路二段115號E3棟3樓,13.99,住,,,1030616,土地1建物1車位1,三層,12,住宅大樓(11層含以上有電梯),住家用,鋼筋混凝土造,,104.86,2,1,1,有,無,5340000,48897,坡道平面,19.17,1150000,,RPUPMLRKJILFFHL27CB
太平區,房地(土地+建物)+車位,臺中市太平區旱溪東路二段115號E3棟4樓,13.68,住,,,1030616,土地1建物1車位1,四層,12,住宅大樓(11層含以上有電梯),住家用,鋼筋混凝土造,,95.36,2,1,1,有,無,4870000,49831,坡道機械,9.67,600000,,RPVPMLRKJILFFHL37CB
太平區,房地(土地+建物)+車位,臺中市太平區旱溪東路二段115號E3棟5樓,13.99,住,,,1031124,土地1建物1車位1,五層,12,住宅大樓(11層含以上有電梯),住家用,鋼筋混凝土造,,104.86,2,1,1,有,無,5710000,53215,坡道平面,19.17,1150000,,RPWPMLRKJILFFHL47CB
太平區,房地(土地+建物)+車位,臺中市太平區旱溪東路二段115號E3棟6樓,13.99,住,,,1031216,土地1建物1車位1,六層,12,住宅大樓(11層含以上有電梯),住家用,鋼筋混凝土造,,104.86,2,1,1,有,無,5780000,54032,坡道平面,19.17,1150000,,RPXPMLRKJILFFHL57CB
太平區,房地(土地+建物)+車位,臺中市太平區旱溪東路二段115號E3棟7樓,13.68,住,,,1040615,土地1建物1車位1,七層,12,住宅大樓(11層含以上有電梯),住家用,鋼筋混凝土造,,95.36,2,1,1,有,無,4900000,51698,坡道機械,9.67,470000,,RPUNMLSKJILFFHL17CB
太平區,房地(土地+建物)+車位,臺中市太平區旱溪東路二段115號E3棟8樓,13.68,住,,,1031003,土地1建物1車位1,八層,12,住宅大樓(11層含以上有電梯),住家用,鋼筋混凝土造,,95.36,2,1,1,有,無,5430000,55199,坡道機械,9.67,700000,,RPXNMLSKJILFFHL47CB
太平區,房地(土地+建物)+車位,臺中市太平區旱溪東路二段115號E3棟9樓,13.68,住,,,1040615,土地1建物1車位1,九層,12,住宅大樓(11層含以上有電梯),住家用,鋼筋混凝土造,,95.36,2,1,1,有,無,4920000,52982,坡道機械,9.67,380000,,RPQOMLSKJILFFHL86CB
太平區,房地(土地+建物)+車位,臺中市太平區旱溪東路二段115號E3棟10樓,13.99,住,,,1040807,土地1建物1車位1,十層,12,住宅大樓(11層含以上有電梯),住家用,鋼筋混凝土造,,106.93,2,1,1,有,無,5460000,49714,坡道平面,21.24,1200000,,RPROMLSKJILFFHL96CB
太平區,房地(土地+建物)+車位,臺中市太平區旱溪東路二段115號E3棟11樓,13.68,住,,,1030907,土地1建物1車位1,十一層,12,住宅大樓(11層含以上有電梯),住家用,鋼筋混凝土造,,95.16,2,1,1,有,無,5460000,56716,坡道機械,9.47,600000,,RPSOMLSKJILFFHL07CB
太平區,房地(土地+建物)+車位,臺中市太平區旱溪東路二段115號E2棟1樓,11.82,住,,,1040309,土地1建物1車位1,一層,12,住宅大樓(11層含以上有電梯),住家用,鋼筋混凝土造,,92.06,0,0,0,無,無,6920000,81474,坡道平面,21.24,1150000,,RPTOMLSKJILFFHL17CB
太平區,房地(土地+建物)+車位,臺中市太平區旱溪東路二段115號E3棟12樓,13.37,住,,,1040130,土地1建物1車位1,十二層,12,住宅大樓(11層含以上有電梯),住家用,鋼筋混凝土造,,95.16,2,1,1,有,無,5260000,54382,坡道機械,9.47,600000,,RPUOMLSKJILFFHL27CB
太平區,房地(土地+建物)+車位,臺中市太平區旱溪東路二段115號E5棟2樓,13.99,住,,,1030729,土地1建物1車位1,二層,12,住宅大樓(11層含以上有電梯),住家用,鋼筋混凝土造,,97.25,2,1,1,有,無,5030000,49441,坡道機械,9.67,700000,,RPVOMLSKJILFFHL37CB
太平區,房地(土地+建物)+車位,臺中市太平區旱溪東路二段115號E5棟3樓,14.3,住,,,1030616,土地1建物1車位1,三層,12,住宅大樓(11層含以上有電梯),住家用,鋼筋混凝土造,,106.81,2,1,1,有,無,5410000,48608,坡道平面,19.17,1150000,,RPWOMLSKJILFFHL47CB
太平區,房地(土地+建物)+車位,臺中市太平區旱溪東路二段115號E5棟4樓,14.3,住,,,1030729,土地1建物1車位1,四層,12,住宅大樓(11層含以上有電梯),住家用,鋼筋混凝土造,,108.88,2,1,1,有,無,5550000,49635,坡道平面,21.24,1200000,,RPXOMLSKJILFFHL57CB
太平區,房地(土地+建物)+車位,臺中市太平區旱溪東路二段115號E5棟5樓,13.99,住,,,1031212,土地1建物1車位1,五層,12,住宅大樓(11層含以上有電梯),住家用,鋼筋混凝土造,,97.11,2,1,1,有,無,5350000,53058,坡道機械,9.47,700000,,RPOPMLSKJILFFHL76CB
太平區,房地(土地+建物)+車位,臺中市太平區旱溪東路二段115號E5棟6樓,13.99,住,,,1031212,土地1建物1車位1,六層,12,住宅大樓(11層含以上有電梯),住家用,鋼筋混凝土造,,97.11,2,1,1,有,無,5370000,53286,升降機械,9.47,700000,,RPPPMLSKJILFFHL86CB
太平區,房地(土地+建物)+車位,臺中市太平區旱溪東路二段115號E5棟7樓,13.99,住,,,1031006,土地1建物1車位1,七層,12,住宅大樓(11層含以上有電梯),住家用,鋼筋混凝土造,,97.31,2,1,1,有,無,5240000,52944,坡道機械,9.67,600000,,RPQPMLSKJILFFHL96CB
太平區,房地(土地+建物)+車位,臺中市太平區旱溪東路二段115號E5棟8樓,13.99,住,,,1030912,土地1建物1車位1,八層,12,住宅大樓(11層含以上有電梯),住家用,鋼筋混凝土造,,97.31,2,1,1,有,無,5580000,56823,坡道機械,9.67,600000,,RPRPMLSKJILFFHL07CB
太平區,房地(土地+建物)+車位,臺中市太平區旱溪東路二段115號E5棟9樓,13.99,住,,,1031002,土地1建物1車位1,九層,12,住宅大樓(11層含以上有電梯),住家用,鋼筋混凝土造,,97.11,2,1,1,有,無,5500000,54770,坡道機械,9.47,700000,,RPSPMLSKJILFFHL17CB
太平區,房地(土地+建物)+車位,臺中市太平區旱溪東路二段115號E5棟10樓,14.3,住,,,1031212,土地1建物1車位1,十層,12,住宅大樓(11層含以上有電梯),住家用,鋼筋混凝土造,,108.88,2,1,1,有,無,5900000,53628,升降機械,21.24,1200000,,RPTPMLSKJILFFHL27CB
太平區,房地(土地+建物)+車位,臺中市太平區旱溪東路二段115號E5棟11樓,14.3,住,,,1040202,土地1建物1車位1,十一層,12,住宅大樓(11層含以上有電梯),住家用,鋼筋混凝土造,,106.81,2,1,1,有,無,5950000,54770,坡道平面,19.17,1150000,,RPUPMLSKJILFFHL37CB
太平區,房地(土地+建物)+車位,臺中市太平區旱溪東路二段115號E5棟12樓,13.68,住,,,1040515,土地1建物1車位1,十二層,12,住宅大樓(11層含以上有電梯),住家用,鋼筋混凝土造,,97.11,2,1,1,有,無,5280000,52259,坡道機械,9.47,700000,,RPVPMLSKJILFFHL47CB
北區,房地(土地+建物)+車位,臺中市北區乾溝子段167-10號,29.59,商,,,1051130,土地1建物1車位2,六層,21,住宅大樓(11層含以上有電梯),住家用,鋼筋混凝土造,,222.98,4,2,2,有,無,28700000,173033,坡道平面,72.72,2700000,,RPUPMLOLJHMFFBB18DB
北區,房地(土地+建物)+車位,臺中市北區乾溝子段167-10號,27.31,商,,,1051224,土地1建物1車位2,七層,21,住宅大樓(11層含以上有電梯),住家用,鋼筋混凝土造,,198.9,4,2,2,有,無,23880000,167855,坡道平面,72.72,2700000,,RPWPMLOLJHMFFBB38DB
