﻿編號,土地位置,土地移轉面積(平方公尺),使用分區或編定,權利人持分分母,權利人持分分子,移轉情形,地號
The serial number, land position,land shifting area square meter,the use zoning or compiles and checks,,,,land parcel
RPPPMLLJJILFFCB27CC,大新段,.00,都市：住,,,,05310000
RPWNMLLJJILFFAB57CC,麻園頭段,29.56,都市：住,,,,00150004
RPUNMLLJJILFFAB37CC,公館段,85.00,都市：商,,,,00650096
RPXNMLLJJILFFAB67CC,麻園頭段,44.78,都市：住,,,,00020242
RPPNMLLJJILFFHL58CC,新興段,.00,都市：住,,,,01330000
RPUPMLLJJILFFCB77CC,惠民段,18.40,都市：其他:新市政中心專用區,,,,01430001
RPSPMLLJJILFFCB57CC,福安段,27.76,都市：住,,,,02250000
RPRPMLLJJILFFCB47CC,惠民段,19.75,都市：其他:新市政中心專用區,,,,01380000
RPOOMLLJJILFFAL87CC,豐社段,80.00,都市：農,,,,09280005
RPRNMLMJJILFFFL68CC,橫山段,96.00,都市：農,,,,00980009
RPQPMLLJJILFFCB37CC,惠國段,11.99,都市：其他:新市政中心專用區,,,,00770000
RPRNMLMJJILFFCB37CC,惠來厝段,74.00,都市：住,,,,05220000
RPSNMLMJJILFFCB47CC,上石碑段,20.98,都市：住,,,,26580000
RPXNMLMJJILFFAL78CC,安康段,132.78,都市：住,,,,00510002
RPOPMLMJJILFFCB27CC,福安段,47.92,都市：住,,,,02250000
RPVOMLMJJILFFCB87CC,惠民段,10.65,都市：其他:第六種新市政中心專用區,,,,01090000
RPVNMLMJJILFFAB57CC,大益段,122.00,都市：住,,,,01550001
RPWNMLMJJILFFAB67CC,旱平段,25.55,都市：住,,,,01200000
RPOPMLMJJILFFBB17CC,邱厝子段,2.38,都市：商,,,,00310062
RPOPMLMJJILFFBB17CC,賴厝?段,2.96,都市：商,,,,00310003
RPRQMLMJJILFFCB67CC,中正段,8.57,都市：商,,,,01550000
RPTQMLMJJILFFCB87CC,上石碑段,3.44,都市：商,,,,17900000
RPTQMLMJJILFFCB87CC,上石碑段,3.07,都市：商,,,,18000007
RPPQMLMJJILFFCB47CC,中正段,7.04,都市：商,,,,01550000
RPTPMLMJJILFFCB77CC,中仁段,.00,都市：住,,,,03940000
RPWRMLNJJILFFBB28CC,乾溝子段,14.24,都市：住,,,,01700049
RPWRMLNJJILFFBB28CC,乾溝子段,.41,都市：住,,,,01730011
RPVPMLMJJILFFBB87CC,東峰段,10.49,都市：商,,,,01580000
RPTPMLMJJILFFBB67CC,邱厝子段,2.73,都市：商,,,,00310062
RPTPMLMJJILFFBB67CC,賴厝?段,3.41,都市：商,,,,00310003
RPWQMLMJJILFFCB18CC,中正段,8.49,都市：商,,,,01550000
RPRNMLNJJILFFAB27CC,麻園頭段,.00,都市：其他:市場用地,,,,06630000
RPOOMLOJJILFFAB17CC,半平厝段,6.15,都市：住,,,,19800000
RPVNMLOJJILFFAB77CC,土庫段,.00,都市：住,,,,01030000
RPSOMLOJJILFFAB57CC,半平厝段,24.53,都市：住,,,,19990000
RPRPMLOJJILFFAB57CC,麻園頭段,17.52,都市：住,,,,02910000
RPTPMLOJJILFFAB77CC,麻園頭段,19.85,都市：住,,,,02910000
RPWOMLOJJILFFBB08CC,邱厝子段,.17,都市：商,,,,00310062
RPWOMLOJJILFFBB08CC,賴厝?段,.21,都市：商,,,,00310003
RPTPMLOJJILFFBB87CC,中清段,.00,都市：住,,,,03950004
RPSPMLOJJILFFAB67CC,後?子段,10.34,都市：住,,,,03110000
RPQNMLOJJILFFHL98CC,新興段,.00,都市：住,,,,00690000
RPQNMLRJJILFFHL66CC,育賢段,.00,都市：商,,,,00920000
RPTNMLRJJILFFFL76CC,家興段,14.62,都市：住,,,,01000000
RPOQMLOJJILFFBB47CC,仁美段,19.18,都市：商,,,,17180000
RPQNMLRJJILFFBB67CC,平田段,85.00,都市：住,,,,07860000
RPQNMLRJJILFFBB67CC,平田段,96.00,都市：住,,,,07870000
RPROMLRJJILFFCB97CC,大新段,566.00,都市：住,,,,08770000
RPVPMLOJJILFFCB18CC,中義段,7.38,都市：住,,,,01100001
RPQOMLRJJILFFCB87CC,大新段,566.00,都市：住,,,,08770000
RPROMLOJJILFFCB67CC,福順段,31.61,都市：住,,,,01670000
RPQNMLNJJILFFCB37CC,惠泰段,124.99,都市：住,,,,01200000
RPQNMLNJJILFFCB37CC,惠泰段,125.00,都市：住,,,,01230000
RPQNMLNJJILFFCB37CC,惠泰段,125.00,都市：住,,,,01240000
RPQNMLNJJILFFCB37CC,惠泰段,125.01,都市：住,,,,01250000
RPQPMLOJJILFFCB67CC,惠民段,11.77,都市：其他:第一種新市政中心專用區,,,,00840000
RPRNMLOJJILFFCB57CC,楓樹段,79.00,都市：住,,,,17210003
RPRNMLOJJILFFCB57CC,楓樹段,19.85,都市：住,,,,17210006
RPSPMLSJJILFFBB18CC,長安段,29.66,都市：住,,,,07720000
RPSQMLNJJILFFCB87CC,惠民段,17.27,都市：其他:第八種新市政中心專用區,,,,01430001
RPVNMLSJJILFFFL07CC,潭興段,23.00,都市：住,,,,03290000
RPVNMLSJJILFFFL07CC,潭興段,70.30,都市：住,,,,03380000
RPXNMLSJJILFFAL76CC,向陽段,103.00,都市：商,,,,01410000
RPVNMLSJJILFFHL37DC,宜欣段,37.27,都市：住,,,,21440000
RPPNMLSJJILFFAL68DC,陽明段,214.00,都市：住,,,,10920000
RPUNMLSJJILFFHL27DC,宜欣段,4.81,都市：住,,,,21440000
RPUOMLTJJILFFAB28CC,麻園頭段,99.00,都市：其他:住商用,,,,01860009
RPTNMLSJJILFFHL17DC,宜欣段,4.68,都市：住,,,,20860000
RPOOMLTJJILFFGL66CC,北新段,94.93,都市：住,,,,08340000
RPXNMLOJJILFFGL96CC,新榮泉段,20.04,都市：住,,,,01420000
RPXNMLTJJILFFAB48CC,樹子腳段,4.87,都市：住,,,,00390000
RPVNMLTJJILFFAB38DC,後?子段,87.00,都市：住,,,,01070002
RPVNMLTJJILFFAB38DC,後?子段,6.00,都市：住,,,,01080011
RPWPMLKKJILFFBB87CC,崇德段,435.22,都市：住,,,,00070001
RPOQMLKKJILFFBB17CC,崇德段,337.36,都市：住,,,,00070000
RPQQMLKKJILFFBB37CC,邱厝子段,2.39,都市：商,,,,00310062
RPQQMLKKJILFFBB37CC,賴厝?段,2.97,都市：商,,,,00310003
RPRQMLKKJILFFBB47CC,邱厝子段,2.65,都市：商,,,,00310062
RPRQMLKKJILFFBB47CC,賴厝?段,3.30,都市：商,,,,00310003
RPTQMLKKJILFFBB67CC,邱厝子段,2.33,都市：商,,,,00310062
RPTQMLKKJILFFBB67CC,賴厝?段,2.90,都市：商,,,,00310003
RPPRMLKKJILFFBB37CC,邱厝子段,2.53,都市：商,,,,00310062
RPPRMLKKJILFFBB37CC,賴厝?段,3.16,都市：商,,,,00310003
RPQRMLKKJILFFBB47CC,邱厝子段,2.82,都市：商,,,,00310062
RPQRMLKKJILFFBB47CC,賴厝?段,3.51,都市：商,,,,00310003
RPRRMLKKJILFFBB57CC,東山段,20.00,都市：商,,,,00450000
RPTNMLKKJILFFHL98CC,新興段,6.48,都市：住,,,,00230000
RPWNMLLKJILFFBB77CC,水源段,44.00,都市：住,,,,02300489
RPTPMLLKJILFFBB67CC,賴厝?段,.00,都市：住,,,,03430032
RPVOMLLKJILFFAB67CC,後?子段,61.73,都市：住,,,,03810016
RPOOMLLKJILFFAL97CC,下南坑段,83.00,都市：住,,,,11890003
RPXNMLLKJILFFAL78CC,下南坑段,83.00,都市：住,,,,11890003
RPQSMLKKJILFFCB67CC,中正段,8.21,都市：商,,,,01550000
RPOOMLKKJILFFCB07CC,豐功段,.00,都市：住,,,,00300004
RPQOMLLKJILFFCB37CC,國安段,5.94,都市：住,,,,00120014
RPROMLTJJILFFCB18CC,大墩段,8.89,都市：住,,,,04700000
RPQOMLTJJILFFCB08CC,惠來厝段,7.43,都市：住,,,,03150000
RPOPMLSJJILFFCB87CC,惠民段,20.94,都市：其他:,,,,01380000
RPPOMLTJJILFFCB97CC,大明段,.00,都市：住,,,,00420000
RPQRMLLKJILFFCB67CC,東林段,58.54,都市：住,,,,08730012
RPQRMLLKJILFFCB67CC,東林段,35.27,都市：住,,,,08730018
RPQRMLLKJILFFCB67CC,東林段,7.39,都市：住,,,,08730019
RPSRMLLKJILFFCB87CC,東林段,76.03,都市：住,,,,08730011
RPSRMLLKJILFFCB87CC,東林段,35.27,都市：住,,,,08730018
RPSRMLLKJILFFCB87CC,東林段,7.39,都市：住,,,,08730019
RPVNMLOKJILFFCL09CC,三田段,134.00,都市：住,,,,14240002
RPQSMLLKJILFFCB77CC,永安段,186.77,都市：其他:,,,,08690000
RPWOMLOKJILFFGL07CC,振坤段,568.98,都市：工,,,,15910000
RPWOMLOKJILFFGL07CC,振坤段,640.79,都市：工,,,,15960000
RPWOMLOKJILFFGL07CC,振坤段,346.96,都市：工,,,,15970000
RPRNMLOKJILFFCB67CC,惠國段,12.67,都市：其他:第三種新市政中心專用區,,,,00770000
RPTNMLOKJILFFCB97DC,國安段,10.39,都市：住,,,,05930491
RPXPMLOKJILFFBB38CC,中清段,24.96,都市：住,,,,01000000
RPWNMLPKJILFFCB38DC,中和段,12.60,都市：住,,,,02210002
RPVNMLPKJILFFCB28DC,中和段,7.30,都市：住,,,,02210002
RPOPMLPKJILFFCB77DC,下石碑段,36.87,都市：住,,,,18500000
RPOOMLPKJILFFCB67DC,大新段,85.00,都市：住,,,,00640005
RPTNMLPKJILFFAL88DC,四塊厝段,286.00,非都市：特定農業區 ; 非都市編定：甲種建築用地,,,,04510027
RPWNMLPKJILFFAL56DC,合作段,73.05,都市：住,,,,05740000
RPXOMLPKJILFFGL27CC,東城段,401.64,都市：其他:空白,,,,11620000
RPXOMLPKJILFFGL27CC,東城段,50.24,都市：其他:空白,,,,11630000
RPXOMLPKJILFFGL27CC,東城段,501.51,都市：其他:空白,,,,11640000
RPXOMLPKJILFFGL27CC,東城段,1.27,都市：其他:空白,,,,11650000
RPXOMLPKJILFFGL27CC,東城段,33.06,都市：其他:空白,,,,11660000
RPXOMLPKJILFFGL27CC,東城段,347.61,都市：其他:空白,,,,11670000
RPPNMLPKJILFFFL88CC,大豐段,62.76,都市：住,,,,08880000
RPROMLPKJILFFCB87CC,寶山段,42.75,都市：住,,,,12440000
RPWPMLPKJILFFCB48CC,西屯段,5.55,都市：住,,,,01550000
RPSQMLPKJILFFCB18CC,中正段,6.48,都市：住,,,,01550000
RPUQMLPKJILFFCB38CC,中正段,5.67,都市：住,,,,01550000
RPQOMLPKJILFFFL09CC,上楓段,14.00,都市：住,,,,13080010
RPWQMLPKJILFFCB58CC,福星段,210.08,都市：住,,,,04320000
RPWQMLPKJILFFCB58CC,福星段,177.24,都市：住,,,,04330000
RPPOMLPKJILFFFL98CC,學雅段,27.00,都市：住,,,,07070000
RPPOMLPKJILFFFL98CC,學雅段,14.80,都市：住,,,,07060000
RPUOMLPKJILFFFL86CC,大豐段,112.54,都市：農,,,,12240000
RPUOMLPKJILFFFL86CC,大豐段,171.76,都市：其他:農業區建地,,,,12250000
RPPPMLOKJILFFAB47CC,下橋子頭段,1.83,都市：商,,,,02170014
RPTNMLPKJILFFAB77CC,番婆段,28.06,都市：住,,,,00930015
RPOPMLOKJILFFAB37CC,下橋子頭段,1.65,都市：商,,,,02170014
RPVQMLLKJILFFAB87CC,麻園頭段,.00,都市：住,,,,02890000
RPORMLLKJILFFAB27CC,麻園頭段,107.00,都市：住,,,,05170000
RPROMLQKJILFFAB77CC,柳川段一小段,1.57,都市：商,,,,00040000
RPROMLQKJILFFAB77CC,柳川段一小段,.36,都市：商,,,,00040006
RPUOMLPKJILFFBB08CC,賴厝?段,1325.00,都市：住,,,,00600023
RPXNMLQKJILFFAB28CC,樹子腳段,4.87,都市：住,,,,00390000
RPRRMLQKJILFFCB28CC,下石碑段,17.60,都市：住,,,,09530000
RPQOMLQKJILFFBB77CC,陳平段,22.17,都市：住,,,,19280000
RPORMLQKJILFFCB97CC,惠民段,12.55,都市：其他:第一種新市政中心專用區,,,,00840000
RPOQMLQKJILFFCB87CC,下石碑段,27.03,都市：住,,,,09530000
RPXQMLPKJILFFCB68CC,西屯段,95.00,都市：商,,,,19570000
RPQPMLQKJILFFBB87CC,賴厝?段,2.87,都市：商,,,,04380000
RPQRMLQKJILFFCB18CC,大進段,40.00,都市：商,,,,08790000
RPSOMLQKJILFFCB08CC,惠民段,73.27,都市：住,,,,00840000
RPWQMLQKJILFFCB68CC,國安段,9.84,都市：住,,,,05930491
RPVNMLQKJILFFGL07CC,新榮泉段,37.42,都市：住,,,,01460000
RPOOMLRKJILFFIL76CC,新庄段,20.64,非都市：鄉村區 ; 非都市編定：乙種建築用地,,,,05470000
RPTNMLRKJILFFCL66DC,北勢坑段六路厝小段,495.86,都市：其他:,,,,06730000
RPUPMLRKJILFFCB48CC,田心段,96.00,都市：住,,,,13970006
RPQPMLSKJILFFCB18CC,福安段,642.00,都市：商,,,,00980000
RPTPMLSKJILFFCB48CC,豐富段,89.84,都市：住,,,,01330004
RPXNMLSKJILFFBB68DC,賴厝?段,14.13,都市：其他:,,,,04380000
RPUPMLSKJILFFCB58CC,惠民段,14.37,都市：其他:,,,,01380000
RPVNMLSKJILFFBB48DC,北屯段,32.00,都市：住,,,,02850000
RPVNMLSKJILFFBB48DC,北屯段,26.00,都市：住,,,,02850001
RPRNMLTKJILFFHL07CC,三汴段,180.06,都市：住,,,,06120000
RPQNMLTKJILFFHL96CC,育賢段,649.63,都市：住,,,,00300001
RPPNMLSKJILFFFL56CC,上楓段,1321.00,都市：工,,,,14600001
RPPNMLSKJILFFFL56CC,上楓段,486.00,都市：工,,,,14590001
RPQQMLSKJILFFBB18CC,邱厝子段,.17,都市：商,,,,00310062
RPQQMLSKJILFFBB18CC,賴厝?段,.21,都市：商,,,,00310003
RPWPMLSKJILFFBB68CC,邱厝子段,.11,都市：商,,,,00310062
RPWPMLSKJILFFBB68CC,賴厝?段,.14,都市：商,,,,00310003
RPQNMLTKJILFFBB97CC,文正段,70.00,都市：商,,,,00410046
RPRNMLTKJILFFBB08CC,東光段,17.70,都市：商,,,,01930000
RPPNMLTKJILFFBB87CC,太原段,20.00,都市：住,,,,01080001
RPRQMLSKJILFFBB28CC,邱厝子段,2.56,都市：商,,,,00310062
RPRQMLSKJILFFBB28CC,賴厝?段,3.19,都市：商,,,,00310003
RPSNMLTKJILFFBB18CC,太原段,20.00,都市：住,,,,01080001
RPVNMLTKJILFFBB48CC,太原段,20.00,都市：住,,,,01080001
RPQNMLTKJILFFAB87CC,東勢子段,69.00,都市：住,,,,00280894
RPRNMLTKJILFFAB97CC,仁愛段五小段,.21,都市：商,,,,00020000
RPRNMLTKJILFFCB18CC,上石碑段,116.00,都市：住,,,,20860018
RPROMLLLJILFFCB57CC,永新段,406.27,都市：住,,,,00480000
RPQPMLLLJILFFCB57CC,惠民段,10.82,都市：其他:第六種新市政中心專用區,,,,01090000
RPRPMLLLJILFFCB67CC,大新段,469.00,都市：商,,,,07170000
RPQQMLLLJILFFCB67CC,惠民段,13.84,都市：其他:新市政中心專用區,,,,01110000
RPUPMLLLJILFFCB97CC,福順段,6.21,都市：住,,,,01660000
RPUPMLLLJILFFCB97CC,福順段,24.19,都市：住,,,,01670000
RPSQMLLLJILFFCB87CC,大進段,14.69,都市：住,,,,09090000
RPRQMLLLJILFFCB77CC,上石碑段,9.60,都市：商,,,,26800000
RPRQMLLLJILFFCB77CC,上石碑段,.42,都市：商,,,,26790002
RPWQMLLLJILFFCB28CC,中正段,6.72,都市：商,,,,01550000
RPTQMLLLJILFFCB97CC,大進段,22.83,都市：住,,,,10030000
RPXQMLLLJILFFCB38CC,惠仁段,23.15,都市：商,,,,00810000
RPORMLLLJILFFCB57CC,中正段,6.72,都市：商,,,,01550000
RPPRMLLLJILFFCB67CC,中正段,6.72,都市：商,,,,01550000
RPTQMLLLJILFFBB87CC,東光段,11.98,都市：商,,,,01930000
RPVPMLLLJILFFBB97CC,東山段,22.02,都市：住,,,,02770000
RPXQMLLLJILFFBB28CC,邱厝子段,3.86,都市：商,,,,00310062
RPXQMLLLJILFFBB28CC,賴厝?段,4.81,都市：商,,,,00310003
RPORMLLLJILFFBB47CC,中德段,21.08,都市：住,,,,04330000
RPQRMLLLJILFFBB67CC,邱厝子段,.17,都市：商,,,,00310062
RPQRMLLLJILFFBB67CC,賴厝?段,.21,都市：商,,,,00310003
RPSRMLLLJILFFBB87CC,邱厝子段,2.57,都市：商,,,,00310062
RPSRMLLLJILFFBB87CC,賴厝?段,3.20,都市：商,,,,00310003
RPPRMLLLJILFFBB57CC,邱厝子段,2.74,都市：商,,,,00310062
RPPRMLLLJILFFBB57CC,賴厝?段,3.42,都市：商,,,,00310003
RPTRMLLLJILFFBB97CC,東峰段,6.84,都市：商,,,,01580000
RPURMLLLJILFFBB08CC,東峰段,9.99,都市：商,,,,01580000
RPTRMLLLJILFFCB18DC,協成段,1808.60,都市：農,,,,01430001
RPTRMLLLJILFFCB18DC,協成段,347.17,都市：農,,,,01770000
RPRNMLMLJILFFHL56DC,樹孝段,14.06,都市：住,,,,16340000
RPRNMLMLJILFFHL56DC,樹孝段,.72,都市：住,,,,16340001
RPRNMLMLJILFFHL56DC,樹孝段,.04,都市：住,,,,16340002
RPSNMLMLJILFFHL56CC,平欣段,.00,都市：商,,,,06900008
RPTNMLMLJILFFHL66CC,番子路段,5.85,都市：住,,,,02090000
RPTNMLMLJILFFHL66CC,新高段,8.41,都市：住,,,,07130000
RPUNMLMLJILFFHL76CC,樹孝段,12.37,都市：住,,,,01620000
RPUNMLMLJILFFHL76CC,樹孝段,.04,都市：住,,,,01620002
RPXOMLSKJILFFBB68CC,太和段,23.92,都市：住,,,,00290000
RPRPMLQKJILFFBB97CC,賴厝?段,2.87,都市：商,,,,04380000
RPOPMLSKJILFFBB87CC,太和段,23.92,都市：住,,,,00290000
RPTPMLSKJILFFBB38CC,邱厝子段,.22,都市：商,,,,00310062
RPTPMLSKJILFFBB38CC,賴厝?段,.28,都市：商,,,,00310003
RPTOMLMLJILFFCB87CC,惠義段,89.34,都市：住,,,,00790000
RPTNMLMLJILFFCB77CC,上石碑段,.00,都市：商,,,,26800000
RPTNMLMLJILFFCB77CC,上石碑段,.00,都市：商,,,,26710016
RPTNMLMLJILFFCB77CC,上石碑段,.00,都市：商,,,,26730001
RPTNMLMLJILFFCB77CC,上石碑段,.00,都市：商,,,,26780000
RPTNMLMLJILFFCB77CC,上石碑段,.00,都市：商,,,,26790002
RPTNMLMLJILFFCB77CC,上石碑段,.00,都市：商,,,,26930001
RPWPMLNLJILFFCB38CC,國安段,28.11,都市：住,,,,03690000
RPRQMLNLJILFFCB97CC,中正段,7.76,都市：商,,,,01550000
RPVRMLLLJILFFBB18CC,東峰段,5.83,都市：商,,,,01580000
RPVPMLMLJILFFBB08CC,邱厝子段,2.57,都市：商,,,,00310062
RPVPMLMLJILFFBB08CC,賴厝?段,3.20,都市：商,,,,00310003
RPQOMLNLJILFFBB57CC,乾溝子段,23.91,都市：住,,,,01700049
RPQOMLNLJILFFBB57CC,乾溝子段,.68,都市：住,,,,01730011
RPROMLNLJILFFBB67CC,乾溝子段,23.91,都市：住,,,,01700049
RPROMLNLJILFFBB67CC,乾溝子段,.68,都市：住,,,,01730011
RPOPMLNLJILFFBB47CC,平田段,6.72,都市：住,,,,08810000
RPXOMLNLJILFFBB28CC,水源段,44.00,都市：住,,,,02300491
RPWPMLNLJILFFBB28CC,邱厝子段,2.68,都市：商,,,,00310062
RPWPMLNLJILFFBB28CC,賴厝?段,3.34,都市：商,,,,00310003
RPOQMLNLJILFFBB57CC,邱厝子段,.22,都市：商,,,,00310062
RPOQMLNLJILFFBB57CC,賴厝?段,.28,都市：商,,,,00310003
RPROMLNLJILFFAB57CC,大益段,10.38,都市：住,,,,05230000
RPROMLNLJILFFAB57CC,大益段,3.17,都市：住,,,,05230001
RPVUMLMLJILFFAB48CC,下橋子頭段,1.72,都市：商,,,,02170014
RPRPMLLLJILFFAB47CC,麻園頭段,14.90,都市：住,,,,01320000
RPQQMLLLJILFFAB47CC,下橋子頭段,10.13,都市：住,,,,01780026
RPSOMLNLJILFFAB67CC,大益段,157.00,都市：住,,,,05420001
RPSOMLNLJILFFAB67CC,大益段,321.00,都市：住,,,,05420000
RPRNMLNLJILFFAB47CC,練武段,.00,都市：商,,,,10730000
RPXUMLMLJILFFAB68CC,下橋子頭段,1.72,都市：商,,,,02170014
RPUPMLLLJILFFAB77CC,麻園頭段,13.07,都市：住,,,,01320000
RPTOMLNLJILFFGL76CC,新甲段,25.80,都市：其他:空白,,,,01010000
RPQNMLOLJILFFFL09DC,上楓段,550.00,都市：住,,,,12980000
RPQNMLOLJILFFFL09DC,上楓段,1081.00,都市：住,,,,12990000
RPTNMLNLJILFFAL68CC,大社東段,15.08,都市：住,,,,03510000
RPROMLOLJILFFBB87DC,賴厝?段,6.32,都市：住,,,,03340000
RPPPMLOLJILFFBB67CC,水源段,11.42,都市：住,,,,02400028
RPORMLNLJILFFBB67CC,東峰段,5.83,都市：商,,,,01580000
RPXQMLNLJILFFBB48CC,東峰段,9.15,都市：商,,,,01580000
RPXNMLOLJILFFAB18CC,後?子段,139.00,都市：住,,,,03260036
RPQNMLOLJILFFCB67CC,中仁段,.00,都市：住,,,,05410000
RPPPMLOLJILFFCB77CC,惠民段,.00,都市：商,,,,01380000
RPOOMLOLJILFFAB37CC,樹子腳段,1.94,都市：住,,,,00390000
RPROMLOLJILFFAB67CC,樹子腳段,.00,都市：住,,,,06430002
RPOOMLOLJILFFCB57CC,惠安段,25.25,都市：商,,,,02070000
RPPOMLPLJILFFBB67CC,東山段,15.48,都市：住,,,,00500000
RPRNMLPLJILFFBB77CC,賴厝?段,30.95,都市：住,,,,00490014
RPUNMLPLJILFFBB18DC,東義段,80.00,都市：住,,,,03500002
RPUNMLPLJILFFBB18DC,東義段,25.96,都市：住,,,,03500008
RPPPMLPLJILFFBB77CC,文正段,12.78,都市：住,,,,00280004
RPPNMLQLJILFFCB77CC,大新段,1163.00,都市：商,,,,03720000
RPOPMLSLJILFFCB08CC,廣福段,38.91,都市：商,,,,05680000
RPSNMLPLJILFFAL88DC,大明段,421.82,都市：農,,,,02190000
RPPQMLSLJILFFCB28CC,中正段,9.86,都市：住,,,,01550000
RPXOMLSLJILFFBB78CC,賴厝?段,193.17,都市：商,,,,02220032
RPWQMLSLJILFFBB88CC,邱厝子段,8.65,都市：住,,,,00540000
RPPOMLSLJILFFAB87CC,麻園頭段,12.37,都市：住,,,,01320000
RPRNMLSLJILFFAB97CC,後?子段,.00,都市：住,,,,02480015
RPOOMLSLJILFFAB77CC,麻園頭段,13.04,都市：住,,,,01320000
RPSNMLSLJILFFAB08CC,麻園頭段,.00,都市：商,,,,00770031
RPSNMLSLJILFFAB08CC,麻園頭段,.00,都市：商,,,,00770062
RPXOMLSLJILFFCB98DC,信安段,20.78,都市：住,,,,00290000
RPUOMLTLJILFFBB58CC,景美段,3.06,都市：住,,,,02990000
RPQNMLTLJILFFHL07CC,育賢段,15.94,都市：住,,,,00120010
RPQNMLTLJILFFHL07CC,育賢段,.08,都市：住,,,,00120014
RPQNMLTLJILFFHL07CC,育賢段,.04,都市：住,,,,00120015
RPQNMLTLJILFFHL07CC,育賢段,78.11,都市：住,,,,00120009
RPOOMLTLJILFFAB97DC,旱溪段,101.00,都市：住,,,,01840205
RPUOMLTLJILFFCB68CC,大墩段,19.58,都市：住,,,,00200000
RPOPMLTLJILFFCB18CC,何安段,4.90,都市：住,,,,09730000
RPXPMLTLJILFFCB09CC,西屯段,15.34,都市：住,,,,23130002
RPOQMLTLJILFFCB28CC,上石碑段,21.07,都市：商,,,,17390000
RPPQMLTLJILFFCB38CC,惠國段,35.82,都市：商,,,,00500000
RPQPMLTLJILFFCB38CC,上石碑段,13.36,都市：商,,,,26800000
RPTPMLTLJILFFCB68CC,惠民段,15.04,都市：其他:新市政中心專用區。,,,,01340000
RPUQMLNLJILFFBB18CC,乾溝子段,.30,都市：住,,,,01730011
RPUQMLNLJILFFBB18CC,乾溝子段,10.37,都市：住,,,,01700049
RPRQMLNLJILFFBB87CC,乾溝子段,24.08,都市：住,,,,01700049
RPRQMLNLJILFFBB87CC,乾溝子段,.69,都市：住,,,,01730011
RPQQMLNLJILFFBB77CC,東峰段,6.84,都市：商,,,,01580000
RPVPMLKMJILFFBB97CC,北屯段,4.39,都市：住,,,,01680003
RPUOMLKMJILFFAB67CC,公館段,4.06,都市：住,,,,00620001
RPUOMLKMJILFFAB67CC,公館段,3.52,都市：住,,,,00630001
RPVOMLKMJILFFAB77CC,公館段,1.29,都市：住,,,,00620001
RPVOMLKMJILFFAB77CC,公館段,1.11,都市：住,,,,00630001
RPPPMLLJKILFFBB37DC,賴厝?段,22.90,都市：住,,,,01310000
RPPPMLKMJILFFBB47DC,平田段,1.03,都市：住,,,,01000001
RPPPMLKMJILFFBB47DC,平田段,5.58,都市：其他:住宅區、乙種工業區,,,,01000000
RPOOMLLJKILFFHL68CC,和平段,446.00,都市：工,,,,04890002
RPOPMLLJKILFFAB07CC,麻園頭段,3.99,都市：商,,,,00730249
RPTOMLLJKILFFAB47CC,麻園頭段,64.00,都市：住,,,,01840045
RPSSMLTLJILFFCB88CC,大墩段,76.00,都市：住,,,,04430001
RPSRMLKMJILFFCB97CC,黎明段,88.00,都市：住,,,,00370011
RPQRMLKMJILFFCB77CC,三塊厝段,13.11,都市：住,,,,14560000
RPRRMLKMJILFFCB87CC,三塊厝段,11.72,都市：住,,,,05570000
RPPRMLKMJILFFCB67CC,黎明段,16.09,都市：住,,,,01210000
RPSNMLKMJILFFCB57CC,下石碑段,17.86,都市：住,,,,09530002
RPPOMLLJKILFFCB27CC,何安段,.00,都市：住,,,,03710000
RPROMLLJKILFFCB47CC,福安段,16.62,都市：住,,,,07890000
RPQRMLLJKILFFBB57CC,邱厝子段,2.53,都市：商,,,,00310062
RPQRMLLJKILFFBB57CC,賴厝?段,3.16,都市：商,,,,00310003
RPUPMLLJKILFFCB87CC,中正段,7.84,都市：商,,,,01550000
RPWRMLLJKILFFBB18CC,東峰段,9.15,都市：商,,,,01580000
RPVPMLLJKILFFCB97CC,中正段,10.54,都市：商,,,,01550000
RPOQMLLJKILFFCB37CC,中正段,6.72,都市：商,,,,01550000
RPXPMLLJKILFFCB18CC,中正段,9.86,都市：商,,,,01550000
RPWQMLMJKILFFCB28CC,大新段,16.68,都市：住,,,,08600000
RPSQMLMJKILFFCB87CC,惠民段,12.53,都市：其他:第一種新市政中心專用區,,,,00840000
RPQNMLLJKILFFBB17CC,平田段,9.48,都市：住,,,,01000000
RPQNMLLJKILFFBB17CC,平田段,1.75,都市：住,,,,01000001
RPXQMLLJKILFFBB18CC,邱厝子段,.22,都市：商,,,,00310062
RPXQMLLJKILFFBB18CC,賴厝?段,.28,都市：商,,,,00310003
RPTQMLMJKILFFCB97CC,國安段,25.44,都市：住,,,,05930135
RPVNMLLJKILFFBB67CC,中興段,28.22,都市：住,,,,00160000
RPWQMLLJKILFFBB08CC,邱厝子段,3.78,都市：商,,,,00310062
RPWQMLLJKILFFBB08CC,賴厝?段,4.71,都市：商,,,,00310003
RPTNMLLJKILFFBB47CC,平田段,85.00,都市：住,,,,03370000
RPUNMLLJKILFFBB57CC,青雲段,26.28,都市：住,,,,00850000
RPWPMLKMJILFFBB08CC,松茂段,18.75,都市：住,,,,10400000
RPORMLMJKILFFCB57CC,惠民段,5.76,都市：其他:第六種新市政中心專用區,,,,01090000
RPRRMLMJKILFFCB87CC,何安段,4.10,都市：住,,,,09730000
RPXPMLMJKILFFAB08CC,後?子段,9.40,都市：住,,,,01170007
RPSRMLMJKILFFCB97CC,上石碑段,3.96,都市：商,,,,17900000
RPUNMLMJKILFFGL56CC,吉隆段,1312.97,都市：其他:,,,,02830003
RPQNMLMJKILFFHL88CC,豐中段,18.79,都市：其他:空白,,,,00700000
RPURMLMJKILFFCB18CC,上石碑段,4.61,都市：商,,,,18000007
RPQNMLNJKILFFAL38DC,豐原段,103.00,都市：住,,,,07660086
RPQNMLNJKILFFAL38DC,豐原段,104.00,都市：住,,,,07660087
RPQNMLNJKILFFAL38DC,豐原段,6.00,都市：其他:,,,,07660118
RPUNMLPJKILFFGL86CC,涼傘樹段,21.54,都市：商,,,,00830157
RPTOMLPJKILFFAB97DC,下橋子頭段,79.00,都市：住,,,,02860133
RPXNMLPJKILFFAL56CC,南陽段,229.35,都市：住,,,,04360000
RPRPMLPJKILFFBB87CC,東新段,19.24,都市：住,,,,00700000
RPSNMLPJKILFFCB87CC,惠信段,10.76,都市：住,,,,01120000
RPXPMLPJKILFFBB48CC,東新段,26.16,都市：住,,,,00870000
RPQNMLQJKILFFCB77CC,中正段,141.00,都市：住,,,,00870000
RPQOMLPJKILFFCB77CC,大墩段,21.26,都市：住,,,,00140000
RPSOMLQJKILFFCB08CC,惠國段,.00,都市：商,,,,00240000
RPVOMLQJKILFFCB38CC,南屯段,72.00,都市：住,,,,14600029
RPOPMLQJKILFFCB77CC,何安段,6.58,都市：住,,,,09730000
RPROMLPJKILFFCB87CC,國安段,.00,都市：住,,,,05930491
RPRPMLQJKILFFCB08CC,何安段,4.08,都市：住,,,,09730000
RPPPMLQJKILFFCB87CC,何安段,5.78,都市：住,,,,09730000
RPSPMLQJKILFFCB18CC,何安段,4.17,都市：住,,,,09730000
RPOPMLQJKILFFBB67CC,錦村段,3.00,非都市： ; 非都市編定：,,,,02910024
RPOPMLQJKILFFBB67CC,錦村段,80.00,非都市： ; 非都市編定：,,,,02910005
RPVNMLRJKILFFBB28CC,大仁段,76.48,都市：住,,,,01100000
RPVNMLRJKILFFBB28CC,大仁段,334.58,都市：住,,,,01100000
RPQNMLQJKILFFBB67CC,乾溝子段,13.89,都市：住,,,,01700049
RPOOMLRJKILFFAB57CC,麻園頭段,10.84,都市：商,,,,08250000
RPPOMLRJKILFFAB67CC,後?子段,49.07,都市：住,,,,02250005
RPVOMLRJKILFFAB28CC,樹子腳段,1.93,都市：住,,,,00390000
RPRPMLRJKILFFAB97CC,後?子段,39.71,都市：住,,,,02170000
RPSPMLRJKILFFAB08CC,大益段,22.19,都市：住,,,,05540000
RPSOMLRJKILFFCB18CC,大墩段,48.13,都市：住,,,,04560000
RPVPMLQJKILFFCB48CC,中正段,5.68,都市：住,,,,01550000
RPUPMLQJKILFFCB38CC,中正段,6.28,都市：住,,,,01550000
RPQQMLRJKILFFCB18CC,惠國段,12.33,都市：其他:新市政專用區,,,,00770000
RPVNMLRJKILFFAB18CC,麻園頭段,13.04,都市：住,,,,01320000
RPWNMLRJKILFFAB28CC,麻園頭段,11.68,都市：住,,,,01320000
RPVOMLPJKILFFAB08CC,麻園頭段,9.48,都市：住,,,,01320000
RPUOMLPJKILFFAB97CC,麻園頭段,9.55,都市：住,,,,01320000
RPRQMLRJKILFFCB28CC,惠國段,11.99,都市：其他:新市政專用區,,,,00770000
RPWOMLPJKILFFAB18CC,麻園頭段,9.48,都市：住,,,,01320000
RPTNMLRJKILFFAB97CC,麻園頭段,19.48,都市：商,,,,00220000
RPTNMLPJKILFFAB77CC,麻園頭段,.00,都市：商,,,,00200010
RPTNMLPJKILFFAB77CC,麻園頭段,.00,都市：商,,,,00200011
RPUTMLRJKILFFCB88CC,上石碑段,5.47,都市：商,,,,18000007
RPUSMLRJKILFFCB78CC,上石碑段,20.36,都市：商,,,,09630000
RPSTMLRJKILFFCB68CC,大新段,42.17,都市：住,,,,05110000
RPSQMLRJKILFFCB38CC,福安段,11.76,都市：住,,,,02250000
RPRTMLRJKILFFCB58CC,惠民段,15.14,都市：其他:新市政專用區,,,,01380000
RPXQMLRJKILFFCB88CC,惠民段,14.09,都市：其他:新市政中心專用區,,,,01430001
RPQTMLRJKILFFCB48CC,上石碑段,4.61,都市：商,,,,17900000
RPTNMLRJKILFFCL56CC,三民段,9.00,都市：住,,,,00850106
RPTNMLRJKILFFCL56CC,三民段,62.00,都市：住,,,,00850082
RPSNMLRJKILFFAB97DC,旱溪段,88.00,都市：住,,,,02480002
RPVNMLSJKILFFIL57DC,新興段,24.64,非都市：鄉村區 ; 非都市編定：乙種建築用地,,,,06470000
RPVNMLSJKILFFIL57DC,新興段,332.86,非都市：鄉村區 ; 非都市編定：乙種建築用地,,,,06480000
RPOOMLSJKILFFAB67CC,麻園頭段,144.00,都市：住,,,,08630003
RPVOMLSJKILFFBB48CC,東峰段,9.74,都市：商,,,,01580000
RPVPMLSJKILFFBB58CC,邱厝子段,3.43,都市：商,,,,00310062
RPVPMLSJKILFFBB58CC,賴厝?段,4.28,都市：商,,,,00310003
RPOQMLSJKILFFBB97CC,邱厝子段,2.54,都市：商,,,,00310062
RPOQMLSJKILFFBB97CC,賴厝?段,3.16,都市：商,,,,00310003
RPPQMLSJKILFFBB08CC,賴厝?段,.14,都市：商,,,,00310003
RPPQMLSJKILFFBB08CC,邱厝子段,.11,都市：商,,,,00310062
RPQQMLSJKILFFBB18CC,賴厝?段,3.42,都市：商,,,,00310003
RPQQMLSJKILFFBB18CC,邱厝子段,2.75,都市：商,,,,00310062
RPROMLTJKILFFBB18CC,乾溝子段,10.83,都市：住,,,,01420002
RPTOMLTJKILFFBB38CC,乾溝子段,10.83,都市：住,,,,01420002
RPSOMLRJKILFFBB18DC,松昌段,16.69,都市：住,,,,04080002
RPVOMLTJKILFFAB48CC,下橋子頭段,1.87,都市：商,,,,02170014
RPVOMLRJKILFFBB48DC,東正段,5.97,都市：住,,,,01040000
RPWOMLTJKILFFAB58CC,下橋子頭段,1.72,都市：商,,,,02170014
RPUOMLTJKILFFAB38CC,下橋子頭段,1.85,都市：商,,,,02170014
RPRRMLTJKILFFCB58CC,下石碑段,28.91,都市：住,,,,16920003
RPPPMLTJKILFFAB97CC,下橋子頭段,1.83,都市：商,,,,02170014
RPQNMLTJKILFFCB08CC,大進段,18.40,都市：住,,,,06170000
RPRPMLTJKILFFAB18CC,下橋子頭段,1.83,都市：商,,,,02170014
RPVPMLTJKILFFAB58CC,下橋子頭段,9.87,都市：住,,,,01780026
RPSRMLTJKILFFCB68CC,惠民段,10.82,都市：其他:第六種新市政中心專用區,,,,01090000
RPWNMLTJKILFFCL07CC,南勢坑段埔子小段,86.00,都市：其他:,,,,04240030
RPWNMLTJKILFFCL07CC,南勢坑段埔子小段,21.54,都市：其他:,,,,04240009
RPSNMLMKKILFFCL68CC,居仁段,130.74,都市：住,,,,06420000
RPSNMLMKKILFFCL68CC,居仁段,147.39,都市：住,,,,06490000
RPTNMLMKKILFFAL58CC,福德段,89.70,都市：住,,,,02030000
RPTOMLMKKILFFFL56CC,栗林段,208.20,都市：工,,,,10900000
RPTOMLMKKILFFFL56CC,栗林段,109.47,都市：工,,,,10910000
RPRNMLMKKILFFIL56CC,永順段,96.86,非都市：鄉村區 ; 非都市編定：乙種建築用地,,,,07050000
RPSNMLMKKILFFIL66CC,新東段,3.58,非都市：鄉村區 ; 非都市編定：乙種建築用地,,,,05920000
RPUNMLMKKILFFIL86CC,東園段,111.13,非都市：山坡地保育區 ; 非都市編定：丙種建築用地,,,,07150000
RPVNMLMKKILFFIL96CC,自強段,71.21,非都市：鄉村區 ; 非都市編定：乙種建築用地,,,,04450000
RPUNMLMKKILFFHL76CC,太平段,76.11,都市：住,,,,07990012
RPOPMLSJKILFFCB97CC,中正段,5.99,都市：商,,,,01550000
RPQUMLRJKILFFCB58CC,西屯段,12.91,都市：住,,,,23130002
RPWUMLRJKILFFCB56CC,上石碑段,3.96,都市：商,,,,17900000
RPSNMLSJKILFFCB18CC,惠民段,27.56,都市：其他:新市政中心專用區,,,,01430001
RPSUMLRJKILFFCB78CC,大新段,.00,都市：住,,,,08990000
RPVQMLMKKILFFCB28CC,三塊厝段,.00,非都市： ; 非都市編定：,,,,14560000
RPRSMLTJKILFFCB68CC,永富段,511.63,都市：商,,,,01860000
RPRSMLTJKILFFCB68CC,永富段,768.99,都市：商,,,,01870000
RPQQMLMKKILFFCB77CC,中正段,5.55,都市：住,,,,01550000
RPWQMLMKKILFFCB38CC,惠國段,13.01,都市：其他:第三種新市政中心專用區,,,,00770000
RPWRMLTJKILFFCB09CC,黎明段,11.81,都市：住,,,,01930000
RPRQMLMKKILFFCB87CC,上石碑段,6.12,都市：住,,,,18060000
RPPSMLTJKILFFCB48CC,惠國段,34.04,都市：其他:新市政中心專用區,,,,00380000
RPPQMLMKKILFFCB67CC,中義段,70.00,都市：住,,,,09440003
RPOQMLMKKILFFCB57CC,中正段,5.91,都市：住,,,,01550000
RPSTMLTJKILFFCB88CC,何厝段,73.00,都市：其他:,,,,02830022
RPVOMLNKKILFFAB97CC,下橋子頭段,10.46,都市：住,,,,02180117
RPPRMLMKKILFFCB77CC,永春段,1398.51,都市：住,,,,01830000
RPXOMLNKKILFFCB38CC,下石碑段,27.73,都市：住,,,,16920000
RPQOMLMKKILFFBB47CC,松觀段,15.10,都市：住,,,,06060000
RPRPMLMKKILFFAB57CC,麻園頭段,100.00,都市：住,,,,01500039
RPTOMLNKKILFFAB77CC,樹子腳段,1.92,都市：住,,,,00390000
RPRPMLNKKILFFCB87CC,惠民段,10.21,都市：其他:第六種新市政中心專用區,,,,01090000
RPRNMLOKKILFFHL66CC,宜欣段,2.00,都市：住,,,,19030019
RPRNMLOKKILFFHL66CC,宜欣段,129.00,都市：住,,,,19030025
RPPOMLOKKILFFAB57DC,麻園頭段,75.00,都市：商,,,,00090004
RPPNMLNKKILFFHL98CC,永新段,238.43,都市：工,,,,08610002
RPVNMLOKKILFFGL07DC,湖日段,600.55,都市：住,,,,07840000
RPVOMLOKKILFFAB08CC,下橋子頭段,22.34,都市：住,,,,02800000
RPQOMLOKKILFFAB57CC,柳川段六小段,79.00,都市：商,,,,00030015
RPQOMLOKKILFFAB57CC,柳川段六小段,27.00,都市：商,,,,00040008
RPQOMLOKKILFFAB57CC,柳川段六小段,44.00,都市：商,,,,00040009
RPSOMLOKKILFFAB77CC,麻園頭段,15.36,都市：住,,,,01300002
RPPNMLPKKILFFAB47CC,大益段,109.00,都市：住,,,,02670000
RPXNMLPKKILFFCB58DC,中義段,75.00,都市：住,,,,00050000
RPSNMLPKKILFFGL76CC,長春段,79.96,都市：住,,,,08870018
RPROMLPKKILFFCL98CC,社口段社口小段,73.00,都市：住,,,,02550052
RPROMLPKKILFFCL98CC,社口段社口小段,47.00,都市：住,,,,02550007
RPROMLPKKILFFCL98CC,社口段社口小段,138.00,都市：住,,,,02550000
RPOOMLQKKILFFGL56CC,大仁段,61.52,都市：住,,,,01320013
RPOQMLNKKILFFBB57CC,賴厝?段,5.05,都市：住,,,,03340000
RPUQMLNKKILFFBB18CC,松茂段,.00,都市：住,,,,09260000
RPSOMLPKKILFFBB97CC,北屯段,21.80,都市：住,,,,01910000
RPTOMLPKKILFFBB08CC,東義段,7.83,都市：住,,,,02140000
RPSOMLOKKILFFBB87CC,東峰段,335.47,都市：商,,,,00490000
RPTOMLQKKILFFGL07CC,大仁段,61.54,都市：住,,,,01320014
RPQOMLOKKILFFCB77CC,中正段,5.27,都市：商,,,,01550000
RPWRMLNKKILFFCB58CC,中和段,675.00,都市：其他:,,,,02850007
RPPQMLPKKILFFCB97CC,大墩段,594.00,都市：住,,,,01720000
RPWOMLQKKILFFCB58CC,三塊厝段,.00,都市：住,,,,05570000
RPQNMLOKKILFFCB67CC,惠安段,68.37,都市：住,,,,03240017
RPQNMLOKKILFFCB67CC,惠安段,17.30,都市：住,,,,03240030
RPXOMLQKKILFFCB68CC,下石碑段,17.63,都市：住,,,,09530000
RPQOMLQKKILFFCB97CC,何安段,19.89,都市：住,,,,03960000
RPWNMLQKKILFFCB48CC,上石碑段,.06,都市：商,,,,26710016
RPWNMLQKKILFFCB48CC,上石碑段,.00,都市：商,,,,26730001
RPWNMLQKKILFFCB48CC,上石碑段,.97,都市：商,,,,26780000
RPWNMLQKKILFFCB48CC,上石碑段,.18,都市：商,,,,26790002
RPWNMLQKKILFFCB48CC,上石碑段,4.02,都市：商,,,,26800000
RPWNMLQKKILFFCB48CC,上石碑段,.07,都市：商,,,,26930001
RPOPMLQKKILFFBB77CC,中清段,33.02,都市：住,,,,01030000
RPUPMLQKKILFFBB38CC,賴厝?段,14.75,都市：商,,,,04430000
RPVPMLQKKILFFBB48CC,邱厝子段,3.75,都市：商,,,,00310062
RPVPMLQKKILFFBB48CC,賴厝?段,4.67,都市：商,,,,00310003
RPRNMLRKKILFFBB97CC,邱厝子段,.22,都市：商,,,,00310062
RPRNMLRKKILFFBB97CC,賴厝?段,.28,都市：商,,,,00310003
RPQNMLRKKILFFBB87CC,邱厝子段,2.71,都市：商,,,,00310062
RPQNMLRKKILFFBB87CC,賴厝?段,3.37,都市：商,,,,00310003
RPSNMLRKKILFFBB08CC,邱厝子段,.17,都市：商,,,,00310062
RPSNMLRKKILFFBB08CC,賴厝?段,.21,都市：商,,,,00310003
RPTNMLRKKILFFBB18CC,邱厝子段,.22,都市：商,,,,00310062
RPTNMLRKKILFFBB18CC,賴厝?段,.28,都市：商,,,,00310003
RPTPMLQKKILFFCB38CC,中正段,6.24,都市：商,,,,01550000
RPSQMLQKKILFFCB38CC,上石碑段,3.44,都市：商,,,,17900000
RPSQMLQKKILFFCB38CC,上石碑段,3.07,都市：商,,,,18000007
RPWPMLQKKILFFCB68CC,中正段,5.27,都市：商,,,,01550000
RPUQMLRKKILFFCB78DC,福安段,99.00,都市：住,,,,04330000
RPVOMLTKKILFFBB78DC,大滿段,30.54,都市：其他:,,,,07690000
RPVOMLTKKILFFBB78DC,大滿段,187.43,都市：其他:,,,,07700000
RPSNMLRKKILFFAL98CC,育仁段,125.65,都市：住,,,,06360002
RPUNMLTKKILFFHL57DC,東平段,17.65,都市：住,,,,13530000
RPVQMLQKKILFFCB68CC,上石碑段,3.97,都市：商,,,,17900000
RPQRMLQKKILFFCB28CC,上石碑段,5.54,都市：商,,,,17900000
RPQRMLQKKILFFCB28CC,上石碑段,4.95,都市：商,,,,18000007
RPRRMLQKKILFFCB38CC,上石碑段,.00,都市：商,,,,10390055
RPRRMLQKKILFFCB38CC,上石碑段,.00,都市：商,,,,27660000
RPPPMLTKKILFFCB28CC,上石碑段,.00,都市：住,,,,11180086
RPOQMLTKKILFFCB28CC,惠順段,.00,都市：住,,,,01140000
RPPQMLTKKILFFCB38CC,惠智段,110.40,都市：住,,,,00830000
RPOPMLKLKILFFCB37CC,上石碑段,5.16,都市：商,,,,18000007
RPQQMLKLKILFFCB67CC,福德段,16.75,都市：住,,,,02750000
RPWPMLKLKILFFCB18CC,惠民段,12.14,都市：其他:第一種新市政中心專用區,,,,00840000
RPVPMLTKKILFFBB78CC,青萍段,94.00,都市：住,,,,03900000
RPQPMLTKKILFFBB28CC,松昌段,10.61,都市：住,,,,02770000
RPROMLTKKILFFBB28CC,賴厝?段,6.95,都市：住,,,,03340000
RPVNMLRKKILFFBB38CC,東峰段,9.15,都市：商,,,,01580000
RPRPMLTKKILFFGL27CC,公教段,220.59,非都市：鄉村區 ; 非都市編定：乙種建築用地,,,,10920000
RPRNMLRKKILFFAB87CC,頂橋子頭段,12.60,都市：住,,,,01170103
RPRNMLRKKILFFAB87CC,頂橋子頭段,.19,都市：住,,,,01180016
RPTOMLQKKILFFAB08CC,樹子腳段,1.76,都市：住,,,,00390000
RPUNMLTKKILFFAB38CC,頂橋子頭段,.00,都市：住,,,,02560003
RPVOMLKLKILFFBB87CC,中清段,155.00,都市：住,,,,05540001
RPVOMLKLKILFFBB87CC,中清段,150.00,都市：住,,,,05540002
RPVOMLKLKILFFBB87CC,中清段,150.00,都市：住,,,,05540003
RPOOMLKLKILFFBB17CC,文正段,.00,都市：住,,,,00800014
RPOOMLKLKILFFBB17CC,文正段,.00,都市：住,,,,00810000
RPOOMLKLKILFFBB17CC,文正段,.00,都市：住,,,,00810004
RPRRMLKLKILFFBB77CC,水湳段,21.27,都市：住,,,,03370000
RPXNMLKLKILFFAB87CC,大益段,21.86,都市：住,,,,03310000
RPQPMLKLKILFFAB37CC,大益段,22.80,都市：住,,,,06320000
RPPQMLKLKILFFAB37CC,城隍段八小段,37.00,都市：住,,,,00010012
RPVNMLKLKILFFFL56CC,摘星段,73.34,都市：住,,,,07310000
RPPPMLKLKILFFCL48CC,銀聯段,28.00,都市：住,,,,15090000
RPPPMLKLKILFFCL48CC,銀聯段,650.00,都市：住,,,,15090002
RPOOMLLLKILFFBB27CC,水源段,.00,都市：住,,,,01250082
RPVOMLLLKILFFBB97CC,太和段,23.51,都市：住,,,,02430000
RPPPMLLLKILFFBB47CC,東山段,39.11,都市：住,,,,00450000
RPRRMLKLKILFFCB87CC,西屯段,17.51,都市：住,,,,23130002
RPWRMLKLKILFFCB38CC,中正段,9.49,都市：商,,,,01550000
RPVRMLKLKILFFCB28CC,上石碑段,9.08,都市：住,,,,16570000
RPURMLKLKILFFCB18CC,下石碑段,17.08,都市：住,,,,09530002
RPXNMLLLKILFFCB18CC,大進段,1079.00,都市：住,,,,10250000
RPXNMLLLKILFFCB18CC,大進段,98.00,都市：住,,,,10390000
RPXNMLLLKILFFCB18CC,大進段,196.00,都市：住,,,,10380000
RPPSMLKLKILFFCB77CC,中正段,8.49,都市：商,,,,01550000
RPOSMLKLKILFFCB67CC,中正段,6.28,都市：商,,,,01550000
RPQPMLMLKILFFBB67CC,北屯段,638.00,都市：住,,,,01330018
RPWNMLMLKILFFCB28DC,大進段,454.00,都市：其他:,,,,09190005
RPSNMLMLKILFFAB57CC,土庫段,16.00,都市：商,,,,00670013
RPTOMLLLKILFFCB87CC,中正段,6.72,都市：住,,,,01550000
RPUOMLLLKILFFCB97CC,中正段,5.99,都市：住,,,,01550000
RPWPMLMLKILFFCB38CC,惠民段,19.20,都市：其他:新市政中心專用區,,,,01430001
RPWPMLMLKILFFCB38CC,惠民段,16.25,都市：其他:新市政中心專用區,,,,01430001
RPRPMLMLKILFFCB87CC,惠民段,21.82,都市：其他:新市政中心專用區,,,,01430001
RPRNMLNLKILFFIL86DC,三德段,89.00,都市：住,,,,13400079
RPRNMLNLKILFFIL86DC,三德段,9.00,都市：住,,,,13400082
RPVQMLMLKILFFCB38CC,何厝段,17.55,都市：商,,,,00890013
RPWNMLNLKILFFGL07CC,新榮泉段,31.26,都市：住,,,,01600000
RPPOMLMLKILFFBB47CC,平田段,34.00,都市：住,,,,09770020
RPOQMLMLKILFFCB67CC,惠民段,10.80,都市：其他:新市政中心專用區,,,,01110000
RPSNMLNLKILFFAB67CC,建國段五小段,7.56,都市：商,,,,00030000
RPSNMLNLKILFFAB67CC,建國段五小段,.14,都市：商,,,,00030001
RPSNMLNLKILFFAB67CC,建國段五小段,.27,都市：商,,,,00030002
RPSNMLNLKILFFAB67CC,建國段五小段,36.83,都市：商,,,,00050000
RPSNMLNLKILFFAB67CC,建國段五小段,3.07,都市：商,,,,00050001
RPROMLNLKILFFBB77CC,文正段,73.00,都市：商,,,,00060054
RPWNMLOLKILFFCB38CC,中正段,8.77,都市：商,,,,01550000
RPPPMLNLKILFFCB77CC,下石碑段,23.50,都市：住,,,,09530000
RPTPMLNLKILFFCB18CC,下石碑段,17.60,都市：住,,,,09530002
RPWPMLNLKILFFCB48CC,豐功段,149.40,都市：住,,,,01760005
RPWPMLNLKILFFCB48CC,豐功段,149.40,都市：住,,,,01760006
RPROMLNLKILFFCB87CC,惠智段,36.73,都市：住,,,,00400000
RPXNMLOLKILFFCB48CC,上石碑段,3.40,都市：商,,,,17900000
RPXNMLOLKILFFCB48CC,上石碑段,3.04,都市：商,,,,18000007
RPUNMLOLKILFFCB18CC,中正段,10.18,都市：商,,,,01550000
RPVNMLOLKILFFBB18CC,東峰段,6.42,都市：商,,,,01580000
RPRNMLQLKILFFAL88CC,北陽段,2703.67,都市：住,,,,03340001
RPRNMLQLKILFFAL88CC,北陽段,39.78,都市：住,,,,03340002
RPRNMLQLKILFFAB87CC,大益段,86.00,都市：住,,,,07530000
RPSNMLQLKILFFAL98CC,北陽段,2703.67,都市：住,,,,03340001
RPSNMLQLKILFFAL98CC,北陽段,39.78,都市：住,,,,03340002
RPTNMLQLKILFFAL56DC,南陽段,22.19,都市：住,,,,07000002
RPPNMLQLKILFFIL86CC,自強段,50.10,非都市：鄉村區 ; 非都市編定：乙種建築用地,,,,09490000
RPTPMLQLKILFFBB48DC,北屯段,24.88,都市：住,,,,02710156
RPUNMLQLKILFFBB38DC,東光段,32.56,都市：住,,,,00770000
RPTOMLRLKILFFBB48DC,東峰段,22.77,都市：住,,,,00030001
RPPOMLRLKILFFCB08CC,信安段,.00,都市：住,,,,06180000
RPSOMLRLKILFFCB38CC,黎明段,13.78,都市：住,,,,00310000
RPTNMLSLKILFFIL47CC,文昌段,286.00,都市：工,,,,21690000
RPTNMLSLKILFFIL47CC,文昌段,185.00,都市：工,,,,24860000
RPPPMLTLKILFFAB28DC,公館段,80.00,都市：商,,,,00600183
RPWPMLSLKILFFCB98CC,國安段,.00,都市：住,,,,05930491
RPTOMLRLKILFFCB48CC,黎明段,52.00,都市：住,,,,13470000
RPWQMLTLKILFFBB09CC,水源段,56.00,都市：住,,,,02300478
RPWQMLTLKILFFBB09CC,水源段,44.00,都市：住,,,,02300496
RPURMLTLKILFFBB98CC,邱厝子段,2.79,都市：商,,,,00310062
RPURMLTLKILFFBB98CC,賴厝?段,3.47,都市：商,,,,00310003
RPRNMLSLKILFFBB18CC,東光段,11.60,都市：住,,,,00450000
RPTRMLTLKILFFBB88CC,邱厝子段,.17,都市：商,,,,00310062
RPTRMLTLKILFFBB88CC,賴厝?段,.21,都市：商,,,,00310003
RPWPMLQLKILFFBB68CC,東山段,17.46,都市：住,,,,00500000
RPXNMLOLKILFFBB38CC,邱厝子段,.17,都市：商,,,,00310062
RPXNMLOLKILFFBB38CC,賴厝?段,.21,都市：商,,,,00310003
RPVQMLTLKILFFBB98CC,北屯段,26.17,都市：住,,,,01590009
RPVQMLTLKILFFBB98CC,北屯段,71.00,都市：住,,,,01590146
RPVQMLTLKILFFBB98CC,北屯段,2.39,都市：住,,,,01590424
RPVQMLTLKILFFBB98CC,北屯段,.05,都市：住,,,,01590425
RPROMLQLKILFFBB08CC,崇德段,.00,都市：住,,,,00770000
RPWNMLOLKILFFBB28CC,東峰段,10.49,都市：商,,,,01580000
RPQRMLTLKILFFBB58CC,水源段,54.00,都市：住,,,,02300457
RPXRMLTLKILFFBB66CC,邱厝子段,.22,都市：商,,,,00310062
RPXRMLTLKILFFBB66CC,賴厝?段,.28,都市：商,,,,00310003
RPPSMLTLKILFFBB58CC,東峰段,5.92,都市：商,,,,01580000
RPVRMLTLKILFFBB09CC,東正段,11.95,都市：商,,,,01040000
RPVQMLTLKILFFAB88CC,大益段,148.70,都市：其他:住變商,,,,01350000
RPWRMLTLKILFFBB56CC,邱厝子段,2.39,都市：商,,,,00310062
RPWRMLTLKILFFBB56CC,賴厝?段,2.97,都市：商,,,,00310003
RPRSMLTLKILFFBB78CC,東峰段,6.84,都市：商,,,,01580000
RPQSMLTLKILFFBB68CC,東峰段,10.24,都市：商,,,,01580000
RPTSMLTLKILFFAB88CC,樹子腳段,1.92,都市：住,,,,00390000
RPSSMLTLKILFFAB78CC,公館段,7.31,都市：住,,,,01580105
RPPSMLTLKILFFAB48CC,下橋子頭段,1.00,都市：住,,,,01780026
RPXNMLKMKILFFCB18CC,上石碑段,81.00,都市：住,,,,05320000
RPXNMLKMKILFFCB18CC,上石碑段,3.00,都市：住,,,,05350000
RPXNMLKMKILFFCB18CC,上石碑段,63.00,都市：住,,,,05330000
RPXNMLKMKILFFCB18CC,上石碑段,20.00,都市：住,,,,05440020
RPQRMLTLKILFFAB48CC,後?子段,8.68,都市：住,,,,02350000
RPQRMLTLKILFFAB48CC,後?子段,7.24,都市：住,,,,02350018
RPQRMLTLKILFFAB48CC,後?子段,6.47,都市：住,,,,02350025
RPVNMLKMKILFFCB97CC,何安段,4.81,都市：住,,,,09730000
RPOQMLTLKILFFCB38CC,惠民段,16.31,都市：其他:新市政中心專用區,,,,01430001
RPQOMLKMKILFFCB57CC,惠民段,17.66,都市：其他:,,,,01430001
RPWOMLKMKILFFCB18CC,大新段,.00,都市：住,,,,08630000
RPROMLKMKILFFCB67CC,西屯段,112.00,都市：住,,,,15400010
RPUNMLKMKILFFBB77CC,平田段,13.79,都市：住,,,,01000000
RPUNMLKMKILFFBB77CC,平田段,2.55,都市：住,,,,01000001
RPQOMLKMKILFFAL38CC,豐原段,82.00,都市：商,,,,01150002
RPQOMLKMKILFFAL38CC,豐原段,16.00,都市：商,,,,01150001
RPVNMLKMKILFFBB87CC,平田段,8.29,都市：住,,,,01000000
RPVNMLKMKILFFBB87CC,平田段,1.53,都市：住,,,,01000001
RPSOMLKMKILFFCB77CC,惠民段,18.37,都市：其他:新市政中心專用區,,,,00750000
RPRNMLLMKILFFFL98CC,東寶一段,23.57,都市：住,,,,03420000
RPXOMLNJJHMFFCB28DC,惠泰段,19.77,都市：住,,,,00060033
RPPNMLMJJHMFFBL08CC,孔門段,245.00,都市：其他:公共設施保留地,,,,11340000
RPPNMLMJJHMFFBL08CC,孔門段,655.00,都市：其他:公共設施保留地,,,,11360000
RPSOMLNJJHMFFBB67DC,錦村段,23.53,都市：住,,,,02130007
RPWPMLNJJHMFFBB08CC,平田段,6.90,都市：住,,,,01800000
RPPQMLNJJHMFFBB47CC,乾溝子段,239.00,都市：住,,,,01380053
RPOPMLKMKILFFCB47CC,中正段,24.92,都市：商,,,,01550001
RPVNMLNJJHMFFCB87CC,上石碑段,34.44,都市：住,,,,26640000
RPSOMLNJJHMFFCB67CC,惠民段,33.85,都市：其他:,,,,01380000
RPPOMLKMKILFFAB27CC,麻園頭段,.00,都市：住,,,,01320000
RPWNMLLMKILFFAB97CC,下橋子頭段,1.72,都市：商,,,,02170014
RPVPMLOJJHMFFBB08CC,邱厝子段,2.56,都市：商,,,,00310062
RPVPMLOJJHMFFBB08CC,賴厝?段,3.19,都市：商,,,,00310003
RPTQMLOJJHMFFBB97CC,賴厝?段,3.33,都市：商,,,,00310003
RPTQMLOJJHMFFBB97CC,邱厝子段,2.67,都市：商,,,,00310062
RPUQMLOJJHMFFBB08CC,賴厝?段,.28,都市：商,,,,00310003
RPUQMLOJJHMFFBB08CC,邱厝子段,.22,都市：商,,,,00310062
RPVNMLOJJHMFFAB77CC,平和段,2.80,都市：商,,,,00500000
RPOQMLNJJHMFFAB27CC,信義段七小段,118.00,都市：住,,,,00080000
RPXNMLLMKILFFAB08CC,下橋子頭段,4.53,都市：商,,,,02170014
RPSNMLPJJHMFFAB57CC,中民段九小段,690.00,都市：住,,,,00070000
RPVNMLOJJHMFFCL98CC,銀聯段,49.34,都市：住,,,,21200002
RPOPMLPJJHMFFCB67DC,大新段,84.00,都市：住,,,,08220007
RPRPMLPJJHMFFBB77CC,錦村段,25.26,都市：住,,,,02130074
RPOPMLNJJHMFFCB37CC,惠義段,34.15,都市：住,,,,00500000
RPSPMLOJJHMFFCB87CC,中和段,.00,都市：商,,,,04190000
RPPPMLOJJHMFFCB57CC,國安段,11.88,都市：住,,,,00120012
RPROMLOJJHMFFCB67CC,上石碑段,4.82,都市：商,,,,18000007
RPOPMLQJJHMFFCB67CC,豐富段,38.91,都市：住,,,,03650000
RPPPMLQJJHMFFCB77CC,何安段,3.46,都市：住,,,,09730000
RPUOMLQJJHMFFBB08CC,東義段,7.33,都市：住,,,,02140000
RPVPMLQJJHMFFBB28CC,東正段,7.37,都市：住,,,,01420000
RPVNMLQJJHMFFAB97CC,公館段,1.45,都市：住,,,,00620001
RPVNMLQJJHMFFAB97CC,公館段,1.26,都市：住,,,,00630001
RPXNMLQJJHMFFAB18CC,下橋子頭段,3.26,都市：住,,,,02180204
RPSNMLQJJHMFFAL68CC,神工段,2127.27,非都市：工業區 ; 非都市編定：丁種建築用地,,,,01410000
RPUPMLQJJHMFFCB28CC,黎明段,14.80,都市：住,,,,00310000
RPSPMLQJJHMFFAB97DC,下橋子頭段,76.00,都市：商,,,,02000279
RPSPMLQJJHMFFCB08CC,惠來厝段,5.32,都市：住,,,,03150000
RPQPMLQJJHMFFCB87CC,上石碑段,3.70,都市：商,,,,17900000
RPXNMLTJJHMFFAB48CC,麻園頭段,10.98,都市：住,,,,01320000
RPSNMLSJJHMFFAB87CC,麻園頭段,96.00,都市：住,,,,00150084
RPSNMLSJJHMFFAB87CC,麻園頭段,714.00,都市：住,,,,00150004
RPOQMLTJJHMFFAB87CC,大益段,.00,都市：住,,,,01180003
RPVNMLTJJHMFFBB38CC,太和段,24.96,都市：住,,,,02430000
RPQOMLTJJHMFFCB08CC,上石碑段,75.00,都市：住,,,,23160000
RPWOMLTJJHMFFBB58CC,邱厝子段,.00,都市：住,,,,00210587
RPSOMLTJJHMFFCB28CC,寶山段,36.82,都市：住,,,,02670000
RPVPMLTJJHMFFCB68CC,田心段,81.00,都市：住,,,,07280002
RPOOMLKKJHMFFCB07CC,大進段,.00,都市：住,,,,09710000
RPPOMLTJJHMFFAB87DC,麻園頭段,98.00,都市：住,,,,01650177
RPPOMLTJJHMFFAB87DC,麻園頭段,79.00,都市：住,,,,01650176
RPPOMLTJJHMFFAB87DC,麻園頭段,32.00,都市：住,,,,01650241
RPPOMLTJJHMFFAB87DC,麻園頭段,4.00,都市：住,,,,01650141
RPSNMLTJJHMFFCL56CC,銀聯段,29.00,都市：住,,,,11780033
RPSNMLTJJHMFFCL56CC,銀聯段,116.00,都市：住,,,,10030012
RPSNMLTJJHMFFCL56CC,銀聯段,93.00,都市：住,,,,11780000
RPXOMLKKJHMFFCB97CC,大墩段,13.77,都市：住,,,,03340000
RPPPMLKKJHMFFCB27CC,上石碑段,15.90,都市：商,,,,09650000
RPUQMLOJJHMFFCB18CC,惠民段,12.14,都市：其他:第一種新市政中心專用區,,,,00840000
RPQPMLPJJHMFFCB77CC,大新段,3674.00,都市：其他:,,,,04130000
RPTNMLQJJHMFFCB97CC,永定段,68.00,都市：住,,,,08470026
RPXPMLOJJHMFFCB38CC,國安段,.00,都市：住,,,,01740000
RPQOMLPJJHMFFCB67CC,惠義段,1863.90,都市：住,,,,00520000
RPROMLKKJHMFFBB27CC,東義段,110.00,都市：住,,,,02550003
RPXPMLKKJHMFFBB97CC,平田段,13.35,都市：住,,,,01800000
RPXOMLKKJHMFFAB77CC,麻園頭段,11.54,都市：住,,,,01320000
RPOOMLLKJHMFFAB96CC,大益段,47.63,都市：住,,,,09640000
RPSPMLLKJHMFFCB77DC,田心段,12.05,都市：住,,,,09100000
RPVNMLLKJHMFFAL68DC,新綠山段,2182.56,都市：住,,,,05760000
RPSNMLQJJHMFFHL76CC,樹孝段,.00,都市：住,,,,07730000
RPSPMLLKJHMFFBB67DC,陳平段,7.39,都市：住,,,,18770001
RPTQMLLKJHMFFBB87DC,賴厝?段,6.43,都市：住,,,,01120072
RPSQMLLKJHMFFBB77DC,東新段,6.65,都市：住,,,,00080000
RPPRMLLKJHMFFBB47CC,松昌段,15.95,都市：住,,,,04870000
RPPSMLLKJHMFFBB57CC,東新段,36.21,都市：住,,,,01190000
RPRQMLKKJHMFFBB47CC,東山段,22.35,都市：住,,,,00130000
RPSQMLKKJHMFFBB57CC,錦村段,.00,都市：住,,,,00110013
RPOSMLLKJHMFFBB47CC,北屯段,379.00,都市：住,,,,01590128
RPQRMLKKJHMFFBB47CC,北屯段,39.60,都市：住,,,,05450000
RPOQMLKKJHMFFBB17CC,同榮段,13.59,都市：住,,,,14900003
RPUOMLMKJHMFFBB87DC,軍福段,15.30,都市：住,,,,00460000
RPTOMLMKJHMFFBB77DC,北屯段,8.12,都市：住,,,,00260000
RPUNMLMKJHMFFBB67CC,和平段,.00,都市：住,,,,04700001
RPRNMLMKJHMFFBB37CC,和平段,.00,都市：住,,,,04700001
RPPOMLMKJHMFFBB27CC,賴厝?段,73.06,都市：住,,,,00490014
RPSNMLMKJHMFFBB47CC,和平段,163.50,都市：住,,,,04700001
RPROMLMKJHMFFBB47CC,青田段,770.00,都市：商,,,,02130000
RPWPMLNKJHMFFBB18CC,邱厝子段,56.70,都市：住,,,,00160012
RPSQMLNKJHMFFBB87CC,東峰段,6.42,都市：商,,,,01580000
RPSPMLMKJHMFFCB77CC,國安段,7.11,都市：住,,,,05930491
RPQQMLMKJHMFFCB67CC,西屯段,4.70,都市：住,,,,23710000
RPVNMLMKJHMFFCB87CC,中義段,91.00,都市：住,,,,01330000
RPQNMLMKJHMFFCB37CC,大新段,16.68,都市：住,,,,08600000
RPPNMLLKJHMFFCB17CC,寶文段,5254.77,都市：工,,,,06830018
RPUNMLMKJHMFFAB57CC,平和段,2.80,都市：商,,,,00500000
RPSOMLNKJHMFFAB57CC,後?子段,16.53,都市：住,,,,02800009
RPTNMLMKJHMFFAB47CC,後?子段,.00,都市：商,,,,01150005
RPTPMLMKJHMFFAB67CC,樹子腳段,38.03,都市：住,,,,13100000
RPTPMLMKJHMFFAB67CC,樹子腳段,2.25,都市：住,,,,13100018
RPTPMLMKJHMFFAB67CC,樹子腳段,2.25,都市：住,,,,13100017
RPORMLNKJHMFFCB67CC,民安段,7.64,都市：住,,,,18860000
RPVRMLNKJHMFFCB38CC,上石碑段,3.48,都市：商,,,,17900000
RPVRMLNKJHMFFCB38CC,上石碑段,3.11,都市：商,,,,18000007
RPXOMLNKJHMFFBB28DC,青萍段,23.12,都市：住,,,,01340000
RPRNMLNKJHMFFGL98CC,大仁段,222.37,都市：商,,,,02680001
RPRNMLNKJHMFFGL98CC,大仁段,245.75,都市：商,,,,02680000
RPPNMLPKJHMFFFL88CC,四德段,14.75,都市：住,,,,00900022
RPPNMLPKJHMFFCB57CC,中正段,5.91,都市：住,,,,01550000
RPSOMLQKJHMFFBB97CC,北屯段,12.85,都市：住,,,,01910000
RPQRMLNKJHMFFBB77CC,賴厝?段,.28,都市：商,,,,00310003
RPQRMLNKJHMFFBB77CC,邱厝子段,.22,都市：商,,,,00310062
RPROMLQKJHMFFBB87CC,北屯段,12.85,都市：住,,,,01910000
RPPRMLNKJHMFFBB67CC,賴厝?段,3.34,都市：商,,,,00310003
RPPRMLNKJHMFFBB67CC,邱厝子段,2.68,都市：商,,,,00310062
RPVOMLQKJHMFFBB28CC,賴厝?段,46.00,都市：商,,,,02220040
RPVOMLQKJHMFFBB28CC,賴厝?段,26.00,都市：商,,,,02220054
RPWOMLQKJHMFFBB38CC,平田段,13.80,都市：住,,,,01000000
RPWOMLQKJHMFFBB38CC,平田段,2.55,都市：住,,,,01000001
RPXOMLQKJHMFFBB48CC,平田段,8.88,都市：住,,,,01000000
RPXOMLQKJHMFFBB48CC,平田段,1.64,都市：住,,,,01000001
RPPNMLQKJHMFFAB47CC,下橋子頭段,16.08,都市：其他:空白,,,,02100006
RPPNMLQKJHMFFAB47CC,下橋子頭段,.17,都市：其他:空白,,,,02100019
RPPNMLQKJHMFFAB47CC,下橋子頭段,1.00,都市：其他:空白,,,,02100007
RPWOMLQKJHMFFHL37CC,平欣段,.00,都市：商,,,,06900008
RPQPMLQKJHMFFHL86CC,樹德段,78.05,都市：住,,,,00780000
RPUNMLQKJHMFFBB18DC,北屯段,20.72,都市：住,,,,00180084
RPXNMLRKJHMFFBB58DC,東義段,7.29,都市：住,,,,02160000
RPQNMLRKJHMFFIL86CC,遊園南段,32.93,非都市：鄉村區 ; 非都市編定：乙種建築用地,,,,06030000
RPQNMLRKJHMFFIL86CC,遊園南段,45.89,非都市：鄉村區 ; 非都市編定：乙種建築用地,,,,06040000
RPRNMLRKJHMFFIL96CC,新東段,62.03,非都市：鄉村區 ; 非都市編定：乙種建築用地,,,,00390000
RPTPMLRKJHMFFAB18CC,土庫段,80.00,都市：住,,,,00020028
RPTQMLNKJHMFFBB97CC,東峰段,6.34,都市：商,,,,01580000
RPUQMLNKJHMFFBB08CC,東峰段,6.84,都市：商,,,,01580000
RPWQMLNKJHMFFBB28CC,東峰段,5.83,都市：商,,,,01580000
RPORMLNKJHMFFBB57CC,東峰段,11.12,都市：商,,,,01580000
RPXQMLNKJHMFFBB38CC,東峰段,10.28,都市：商,,,,01580000
RPXPMLRKJHMFFCB78CC,何厝段,160.87,都市：住,,,,01130000
RPPQMLRKJHMFFCB08CC,大進段,.00,都市：住,,,,10100000
RPQQMLRKJHMFFCB18CC,中正段,6.48,都市：商,,,,01550000
RPSQMLRKJHMFFCB38CC,保安段,17.07,都市：住,,,,06360000
RPTQMLRKJHMFFCB48CC,惠民段,15.40,都市：其他:新市政專用區,,,,01430001
RPOPMLSKJHMFFAB77CC,樹子腳段,1.92,都市：住,,,,00390000
RPVNMLSKJHMFFAB28CC,後?子段,43.10,都市：住,,,,02250001
RPUPMLRKJHMFFAB28CC,麻園頭段,34.30,都市：住,,,,01730023
RPWPMLRKJHMFFAB48CC,麻園頭段,130.00,都市：商,,,,00730206
RPSOMLSKJHMFFHL17CC,平欣段,.00,都市：商,,,,06900008
RPOPMLSKJHMFFHL86CC,宜欣段,36.26,都市：住,,,,21580000
RPQOMLSKJHMFFHL96CC,平欣段,2.10,都市：住,,,,04570000
RPTOMLSKJHMFFHL27CC,新高段,8.87,都市：住,,,,07130000
RPTOMLSKJHMFFHL27CC,番子路段,6.17,都市：住,,,,02090000
RPQQMLSKJHMFFHL17CC,溪洲段,95.87,都市：住,,,,05880000
RPWQMLTKJHMFFAB78CC,樹子腳段,1.94,都市：住,,,,00390000
RPPQMLSKJHMFFHL07CC,仁平段,19.05,都市：住,,,,04740000
RPRNMLTKJHMFFGL96CC,興祥段,14.73,都市：住,,,,01670000
RPURMLTKJHMFFAB68CC,後?子段,15.82,都市：住,,,,02100010
RPQRMLTKJHMFFAB28CC,旱溪段,27.56,都市：住,,,,00330001
RPSRMLTKJHMFFAB48CC,後?子段,8.34,都市：住,,,,02250011
RPQRMLRKJHMFFCB28CC,中正段,7.04,都市：商,,,,01550000
RPXSMLTKJHMFFCB66CC,何安段,6.14,都市：住,,,,09730000
RPRTMLTKJHMFFCB78CC,西屯段,12.55,都市：住,,,,22870000
RPPTMLTKJHMFFCB58CC,中正段,5.27,都市：商,,,,01550000
RPQTMLTKJHMFFCB68CC,惠民段,15.58,都市：其他:新市政中心專用區,,,,01110000
RPSRMLRKJHMFFCB48CC,中正段,6.72,都市：商,,,,01550000
RPVTMLTKJHMFFCB56CC,福安段,95.49,都市：住,,,,02250000
RPWTMLTKJHMFFCB66CC,福星段,33.84,都市：住,,,,00810000
RPTTMLTKJHMFFCB98CC,福星段,24.80,都市：住,,,,06040000
RPRUMLTKJHMFFCB88CC,田心段,17.03,都市：住,,,,09820000
RPTUMLTKJHMFFCB09CC,惠民段,6.85,都市：其他:新市政中心專用區,,,,01380000
RPPUMLTKJHMFFCB68CC,黎明段,11.74,都市：住,,,,03530000
RPVUMLTKJHMFFCB66CC,惠國段,36.39,都市：其他:新市政中心專用區,,,,01840000
RPQUMLTKJHMFFCB78CC,惠民段,17.78,都市：其他:新市政中心專用區,,,,01430001
RPWRMLKLJHMFFCB28CC,福安段,16.75,都市：住,,,,02250000
RPROMLKLJHMFFAB27CC,土庫段,26.65,都市：商,,,,00670013
RPRSMLKLJHMFFAB67CC,麻園頭段,194.00,都市：住,,,,00070087
RPTSMLKLJHMFFAB87CC,樹子腳段,3.18,都市：住,,,,13040009
RPTSMLKLJHMFFAB87CC,樹子腳段,12.64,都市：住,,,,12830000
RPRVMLKLJHMFFAB97CC,頂橋子頭段,.00,都市：住,,,,00290152
RPTTMLKLJHMFFAB97CC,麻園頭段,48.50,都市：住,,,,00070087
RPOSMLKLJHMFFBB57DC,乾溝子段,26.05,都市：商,,,,01700005
RPPNMLLLJHMFFAB07CC,下橋子頭段,10.83,都市：住,,,,01450012
RPPNMLLLJHMFFAB07CC,下橋子頭段,.39,都市：住,,,,01450027
RPPPMLLLJHMFFAB27CC,下橋子頭段,1.83,都市：商,,,,02170014
RPQPMLLLJHMFFAB37CC,下橋子頭段,1.72,都市：商,,,,02170014
RPQNMLLLJHMFFCB37CC,三塊厝段,37.22,都市：住,,,,08700000
RPRNMLLLJHMFFCB47CC,黎明段,15.14,都市：住,,,,00310000
RPOOMLNLJHMFFCB47CC,惠民段,13.08,都市：其他:第一種新市政中心專用區,,,,00840000
RPQOMLNLJHMFFCB67CC,大明段,74.51,都市：住,,,,01560000
RPUOMLNLJHMFFCB08CC,田心段,16.94,都市：住,,,,14460000
RPTOMLNLJHMFFCB97CC,上石碑段,3.48,都市：商,,,,17900000
RPVOMLNLJHMFFCB18CC,福安段,.00,都市：住,,,,02250000
RPWOMLNLJHMFFCB28CC,大新段,19.26,都市：住,,,,04140000
RPXOMLNLJHMFFCB38CC,福安段,.00,都市：住,,,,02250000
RPSPMLNLJHMFFCB97CC,惠民段,17.64,都市：商,,,,01170000
RPSPMLQKJHMFFBB08CC,東信段,.00,都市：住,,,,01130000
RPOPMLRKJHMFFBB77CC,松觀段,.00,都市：住,,,,03090000
RPQUMLKLJHMFFBB87CC,水源段,.00,都市：住,,,,00920086
RPQUMLKLJHMFFBB87CC,水源段,.00,都市：住,,,,00920087
RPQUMLKLJHMFFBB87CC,水源段,.00,都市：住,,,,00930001
RPPPMLNLJHMFFCB67CC,大墩段,15.60,都市：住,,,,00580000
RPSSMLKLJHMFFBB87CC,建安段,330.00,都市：農,,,,08490000
RPQPMLKLJHMFFBB37CC,東信段,14.00,都市：商,,,,02680000
RPROMLKLJHMFFBB37CC,平田段,.36,都市：住,,,,00030000
RPROMLKLJHMFFBB37CC,平田段,.32,都市：住,,,,00040000
RPROMLKLJHMFFBB37CC,平田段,.17,都市：住,,,,00070001
RPVNMLSKJHMFFBB38CC,東光段,70.00,都市：商,,,,04420014
RPSOMLRKJHMFFBB08CC,邱厝子段,70.00,都市：住,,,,01100046
RPXNMLNLJHMFFAB08CC,公館段,1.09,都市：住,,,,00620001
RPXNMLNLJHMFFAB08CC,公館段,.95,都市：住,,,,00630001
RPOOMLNLJHMFFAB27CC,公館段,1.48,都市：住,,,,00620001
RPOOMLNLJHMFFAB27CC,公館段,1.28,都市：住,,,,00630001
RPVOMLNLJHMFFBB08CC,東峰段,15.80,都市：商,,,,02550000
RPSPMLNLJHMFFBB87CC,東山段,156.43,都市：住,,,,00450000
RPXPMLNLJHMFFBB38CC,長安段,22.33,都市：住,,,,07590005
RPTQMLNLJHMFFBB08CC,賴厝?段,3.19,都市：商,,,,00310003
RPTQMLNLJHMFFBB08CC,邱厝子段,2.56,都市：商,,,,00310062
RPSQMLNLJHMFFBB97CC,賴厝?段,3.16,都市：商,,,,00310003
RPSQMLNLJHMFFBB97CC,邱厝子段,2.53,都市：商,,,,00310062
RPRQMLNLJHMFFBB87CC,賴厝?段,3.16,都市：商,,,,00310003
RPRQMLNLJHMFFBB87CC,邱厝子段,2.53,都市：商,,,,00310062
RPUQMLNLJHMFFBB18CC,邱厝子段,.22,都市：商,,,,00310062
RPUQMLNLJHMFFBB18CC,賴厝?段,.28,都市：商,,,,00310003
RPWQMLNLJHMFFBB38CC,邱厝子段,.11,都市：商,,,,00310062
RPWQMLNLJHMFFBB38CC,賴厝?段,.14,都市：商,,,,00310003
RPVQMLNLJHMFFBB28CC,邱厝子段,.22,都市：商,,,,00310062
RPVQMLNLJHMFFBB28CC,賴厝?段,.28,都市：商,,,,00310003
RPXQMLNLJHMFFBB48CC,東峰段,9.15,都市：商,,,,01580000
RPQNMLNLJHMFFFL98DC,家福段,119.07,都市：住,,,,10780000
RPTNMLNLJHMFFHL76CC,坪林段,83.94,非都市：鄉村區 ; 非都市編定：乙種建築用地,,,,01780000
RPSNMLOLJHMFFHL76CC,新興段,21.45,都市：住,,,,01330000
RPUSMLNLJHMFFAB28CC,後?子段,67.00,都市：住,,,,01340002
RPPQMLNLJHMFFAB57CC,中墩段四小段,1.60,都市：商,,,,00250027
RPPQMLNLJHMFFAB57CC,中墩段四小段,4.70,都市：商,,,,00250035
RPXQMLNLJHMFFAB38CC,樹子腳段,1.93,都市：住,,,,00390000
RPRSMLNLJHMFFAB97CC,後?子段,50.00,都市：住,,,,01340084
RPVNMLOLJHMFFAB97CC,麻園頭段,26.75,都市：商,,,,01840001
RPWRMLNLJHMFFAB38CC,樹子腳段,1.96,都市：住,,,,00390000
RPQSMLNLJHMFFAB87CC,頂橋子頭段,23.21,都市：住,,,,03920006
RPVQMLNLJHMFFAB18CC,樹子腳段,1.92,都市：住,,,,00390000
RPUOMLOLJHMFFCB18CC,大新段,29.20,都市：住,,,,00120000
RPXOMLOLJHMFFCB48CC,國安段,.00,都市：住,,,,05930491
RPPOMLPLJHMFFAB57CC,麻園頭段,.00,都市：住,,,,01710002
RPWPMLPLJHMFFAB38CC,樹子腳段,1.94,都市：住,,,,00390000
RPQPMLOLJHMFFCB87CC,文山段,20.00,都市：工,,,,01240003
RPQPMLOLJHMFFCB87CC,文山段,1960.00,都市：工,,,,01250000
RPPQMLPLJHMFFCB97CC,惠民段,10.50,都市：其他:第一種新市政中心專用區,,,,00840000
RPPRMLPLJHMFFCB08CC,中正段,9.73,都市：商,,,,01550000
RPRRMLPLJHMFFCB28CC,中正段,5.63,都市：商,,,,01550000
RPSRMLPLJHMFFBB28CC,東峰段,5.83,都市：商,,,,01580000
RPWQMLPLJHMFFBB58CC,賴厝?段,2.97,都市：商,,,,00310003
RPWQMLPLJHMFFBB58CC,邱厝子段,2.39,都市：商,,,,00310062
RPRRMLPLJHMFFBB18CC,賴厝?段,2.97,都市：商,,,,00310003
RPRRMLPLJHMFFBB18CC,邱厝子段,2.39,都市：商,,,,00310062
RPPRMLPLJHMFFBB97CC,賴厝?段,2.97,都市：商,,,,00310003
RPPRMLPLJHMFFBB97CC,邱厝子段,2.39,都市：商,,,,00310062
RPORMLPLJHMFFBB87CC,邱厝子段,.17,都市：商,,,,00310062
RPORMLPLJHMFFBB87CC,賴厝?段,.21,都市：商,,,,00310003
RPUPMLPLJHMFFBB28CC,賴厝?段,.00,都市：住,,,,00710000
RPSQMLPLJHMFFBB18CC,東山段,19.32,都市：住,,,,04160000
RPWNMLPLJHMFFCB48DC,豐富段,16.83,都市：商,,,,04210000
RPTNMLPLJHMFFAL88CC,南陽段,29.41,都市：住,,,,04900004
RPURMLPLJHMFFBB48CC,東峰段,11.79,都市：商,,,,01580000
RPWOMLQLJHMFFBB48CC,水源段,185.00,都市：住,,,,02300635
RPOPMLQLJHMFFBB77CC,水源段,54.00,都市：住,,,,02300455
RPVOMLQLJHMFFBB38CC,水源段,.33,都市：住,,,,02300550
RPVOMLQLJHMFFBB38CC,水源段,13.44,都市：住,,,,02300634
RPUPMLQLJHMFFBB38CC,東新段,19.24,都市：住,,,,00700000
RPPQMLPLJHMFFAB77CC,樹子腳段,6.10,都市：住,,,,00390000
RPORMLOLJHMFFBB77CC,水源段,.00,都市：住,,,,00310103
RPORMLOLJHMFFBB77CC,水源段,.00,都市：住,,,,00310104
RPQRMLNLJHMFFBB87CC,東峰段,9.48,都市：商,,,,01580000
RPXNMLPLJHMFFCB58DC,保安段,67.00,都市：住,,,,09920022
RPXNMLPLJHMFFCB58DC,保安段,67.00,都市：住,,,,09920021
