﻿編號,屋齡,建物移轉面積平方公尺,主要用途,主要建材,建築完成日期,總層數,建物分層
The serial number,room age,building shifting area square meter,the main use,main building materials,construction completes the date,total layer,building lamination
RPSOMLMJJILFFHR07CC,7,277.12,住商用,鋼筋混凝土造,98年6月16日,四層,
RPXNMLMJJILFFCD28DC,35,1216.74,廠房,鋼鐵造、鐵骨造、加強磚造,71年1月11日,一層,
RPXNMLMJJILFFCD28DC,37,902.93,辦公室、廠房、倉庫,鐵骨石棉瓦磚、加強磚造,68年8月6日,二層,
RPUOMLLJJILFFAD67CC,14,88.36,集合住宅,鋼筋混凝土造,91年11月15日,十一層,
RPUOMLLJJILFFAD67CC,14,41.04,共有部分,鋼筋混凝土造,91年11月15日,十一層,
RPPNMLNJJILFFBD37CC,,160.31,工廠,鋼骨構造,105年7月26日,一層,
RPVNMLOJJILFFHR47CC,30,115.35,住家用,鋼筋混凝土造,76年2月9日,二層,
RPQNMLPJJILFFCD87DC,17,96.10,住家用,鋼筋混凝土造,89年1月15日,十三層,
RPQNMLPJJILFFFR86CC,6,70.71,住商用,鋼骨造有牆。,99年12月9日,二層,
RPQNMLPJJILFFFR86CC,6,74.93,住商用,鋼骨造有牆。,99年12月9日,二層,
RPOOMLSJJILFFFR07CC,43,78.93,住家用,磚造,62年10月1日,一層,
RPQNMLOJJILFFER66CC,35,228.60,住家用,加強磚造,70年8月28日,二層,
RPVNMLSJJILFFER57CC,1,51.13,住家用,鋼筋混凝土造,104年10月15日,四層,
RPSNMLKKJILFFER56CC,3,48.91,住家用,鋼筋混凝土造,102年11月26日,三層,
RPSNMLOJJILFFCD87CC,1,83.69,集合住宅,鋼筋混凝土造,105年3月14日,十四層,
RPSNMLOJJILFFCD87CC,1,59.27,本共有部分項目有：車道、門廊、管委會空間、管理室、垃圾處理區、有蓋式開放空間、停車空間、防空避難室。,鋼筋混凝土造,105年3月14日,十四層,
RPSNMLOJJILFFCD87CC,1,20.40,本共有部分項目有：樓梯間、機械室、水箱。,鋼筋混凝土造,105年3月14日,十四層,
RPVNMLKKJILFFCD87CC,52,76.41,住家用,磚造,54年1月1日,二層,
RPUOMLSJJILFFCD58CC,2,40.53,店舖、住宅,鋼筋混凝土造,103年4月30日,三層,
RPRNMLLKJILFFCD57CC,35,333.26,住商用,鋼筋混凝土造,70年7月28日,四層,
RPXNMLTJJILFFCD88CC,9,153.26,店舖、住宅 、停車空間,鋼筋混凝土造,96年6月26日,五層,
RPQNMLMKJILFFCD57CC,35,88.60,住家用,鋼筋混凝土造,71年2月23日,五層,
RPOOMLOKJILFFAD47CC,18,84.15,集合住宅,鋼筋混凝土造,88年2月11日,二十四層,
RPQPMLOKJILFFAD77CC,40,87.99,住家用,加強磚造,65年9月2日,二層,
RPPNMLLKJILFFAD17CC,29,49.10,住家用,鋼筋混凝土造,76年5月6日,六層,
RPPNMLLKJILFFAD17CC,29,26.03,共有部分,鋼筋混凝土造,76年5月6日,六層,
RPXOMLOKJILFFAD38CC,20,52.21,住家用,鋼筋混凝土造,85年10月16日,八層,
RPXOMLOKJILFFAD38CC,20,8.70,共有部分,鋼筋混凝土造,85年10月16日,八層,
RPXOMLOKJILFFAD38CC,20,8.41,共有部分,鋼筋混凝土造,85年10月16日,八層,
RPWNMLTJJILFFAD58CC,9,20.86,集合住宅,鋼筋混凝土構造,96年8月24日,十四層,
RPOOMLTJJILFFAD87CC,32,332.16,住商用,鋼筋混凝土造,74年2月14日,三層,
RPWNMLOKJILFFAD18CC,18,84.00,集合住宅,鋼筋混凝土造,88年2月11日,二十四層,
RPWNMLMJJILFFAD87CC,1,36.00,店舖、住宅,鋼骨構造,105年4月21日,二層,
RPTNMLTJJILFFAD28CC,95,112.70,住家用,磚造,11年1月1日,二層,
RPXNMLOKJILFFHR77CC,10,152.16,廠房,鋼骨造,95年11月28日,一層,
RPWOMLQKJILFFAD48CC,21,61.27,住家用,鋼筋混凝土造,84年7月29日,十七層,
RPWOMLQKJILFFAD48CC,21,16.32,共有部分,鋼筋混凝土造,84年7月29日,十七層,
RPVNMLSKJILFFCD68CC,41,66.11,住商用,鋼筋混凝土造,64年10月24日,三層,
RPVNMLQKJILFFER47CC,22,177.85,住商用,鋼筋混凝土造,83年9月21日,四層,
RPXOMLQKJILFFAD58CC,18,15.99,共有部分,鋼筋混凝土造,87年11月21日,二十層,
RPXOMLQKJILFFAD58CC,18,9.28,共有部分,鋼筋混凝土造,87年11月21日,二十層,
RPXOMLQKJILFFAD58CC,18,91.51,住家用,鋼筋混凝土造,87年11月21日,二十層,
RPOOMLQKJILFFHR17CC,18,41.48,住家用,鋼筋混凝土造,87年10月26日,十一層,
RPOOMLQKJILFFHR17CC,18,5.54,共有部分,鋼筋混凝土造,87年10月26日,十一層,
RPOOMLQKJILFFHR17CC,18,13.40,共有部分,鋼筋混凝土造,87年10月26日,十一層,
RPVNMLRKJILFFCD58CC,27,63.17,住商用,鋼筋混凝土造,78年5月8日,四層,
RPXNMLLLJILFFAD08CC,35,95.34,住家用,鋼筋混凝土造,70年12月23日,五層,
RPXNMLLLJILFFAD08CC,35,10.86,共有部分,鋼筋混凝土造,70年12月23日,五層,
RPXNMLLLJILFFAD08CC,35,6.56,共有部分,鋼筋混凝土造,70年12月23日,五層,
RPUNMLLLJILFFAD77CC,48,185.58,住商用,加強磚造,58年1月3日,三層,
RPTNMLLLJILFFCD87CC,35,100.55,住家用,鋼筋混凝土造,70年7月10日,五層,
RPVNMLMLJILFFCD18CC,5,575.61,店舖、住宅、停車空間。,鋼筋混凝土造,100年5月17日,五層,
RPSNMLMLJILFFCD87CC,22,96.56,住家用,鋼筋混凝土造,83年12月6日,八層,
RPSNMLMLJILFFCD87CC,22,13.43,共有部分,鋼筋混凝土造,83年12月6日,八層,
RPSNMLMLJILFFCD87CC,22,15.96,共有部分,鋼筋混凝土造,83年12月6日,八層,
RPSNMLMLJILFFCD87CC,22,33.70,共有部分,鋼筋混凝土造,83年12月6日,八層,
RPWNMLMLJILFFCD28CC,28,218.78,住商用,鋼筋混凝土造,77年5月23日,三層,
RPXNMLMLJILFFCD38CC,21,49.97,住家用,鋼筋混凝土造,84年11月6日,二十層,
RPXNMLMLJILFFCD38CC,21,10.49,共有部分,鋼筋混凝土造,84年11月6日,二十層,
RPXNMLMLJILFFCD38CC,21,13.16,共有部分,鋼筋混凝土造,84年11月6日,二十層,
RPOOMLMLJILFFCD57CC,23,55.39,住家用,鋼筋混凝土造,82年6月9日,十六層,
RPOOMLMLJILFFCD57CC,23,10.61,共有部分,鋼筋混凝土造,82年6月9日,十六層,
RPOOMLMLJILFFCD57CC,23,7.31,共有部分,鋼筋混凝土造,82年6月9日,十六層,
RPPOMLMLJILFFCD67CC,42,175.92,住商用,加強磚造,63年8月26日,三層,
RPWOMLMLJILFFFR47CC,21,199.54,住家用,鋼筋混凝土造,84年11月7日,三層,
RPPOMLMLJILFFHR96CC,22,31.08,住家用,鋼筋混凝土造,83年5月24日,十二層,
RPPOMLMLJILFFHR96CC,22,6.92,共有部分,鋼筋混凝土造,83年5月24日,十二層,
RPPOMLMLJILFFHR96CC,22,5.82,共有部分,鋼筋混凝土造,83年5月24日,十二層,
RPSNMLMLJILFFDR76CC,39,93.61,住商用,加強磚造,66年9月14日,二層,
RPPNMLNLJILFFBR98CC,21,147.40,住宅、門廊、停車空間,鋼筋混凝土造,85年1月11日,四層,
RPRNMLNLJILFFHR17CC,23,86.28,住家用,鋼筋混凝土造,82年12月29日,十三層,
RPRNMLNLJILFFHR17CC,,20.97,共有部分,鋼筋混凝土造,,十三層,
RPRNMLNLJILFFAR09CC,24,71.14,住家用,鋼筋混凝土造,82年3月25日,七層,
RPVOMLMLJILFFAD08CC,26,233.61,住商用,鋼筋混凝土造,79年12月28日,六層,
RPVOMLMLJILFFAD08CC,26,22.06,共有部分,鋼筋混凝土造,79年12月28日,六層,
RPVNMLMLJILFFAD97CC,21,29.01,住家用,鋼筋混凝土造,85年1月6日,七層,
RPSNMLNLJILFFAD77CC,11,41.20,集合住宅,ＲＣ造,94年9月17日,七層,
RPSNMLNLJILFFAD77CC,11,12.91,共有部分,ＲＣ造,94年9月17日,七層,
RPSNMLNLJILFFAD77CC,11,6.13,共有部分,ＲＣ造,94年9月17日,七層,
RPWNMLMLJILFFAD08CC,7,33.06,店舖、住宅、停車空間,鋼筋混凝土造,98年5月25日,五層,
RPOPMLMLJILFFAD47CC,28,165.24,住商用,鋼筋混凝土造,78年3月9日,三層,
RPXOMLMLJILFFAD28CC,35,23.14,住家用,鋼筋混凝土造,70年5月19日,三層,
RPQOMLMLJILFFAD57CC,22,112.43,住家用,鋼筋混凝土造,84年1月4日,二十五層,
RPQOMLMLJILFFAD57CC,22,20.34,共有部分,鋼筋混凝土造,84年1月4日,二十四層,
RPQOMLMLJILFFAD57CC,22,15.09,共有部分,鋼筋混凝土造,84年1月4日,二十四層,
RPUOMLMLJILFFAD97CC,14,37.46,店舖,鋼骨造,91年9月25日,一層,
RPPNMLMLJILFFAD37CC,35,38.07,住商用,鋼筋混凝土造,71年2月26日,四層,
RPXNMLOLJILFFHR87CC,17,22.67,住家用,鋼筋混凝土造,88年8月24日,十四層,
RPXNMLOLJILFFHR87CC,17,.57,共有部分,鋼筋混凝土造,88年8月24日,十四層,
RPXNMLOLJILFFHR87CC,17,1.04,共有部分,鋼筋混凝土造,88年8月24日,十四層,
RPXNMLOLJILFFHR87CC,17,6.04,共有部分,鋼筋混凝土造,88年8月24日,十四層,
RPTNMLPLJILFFBD18CC,35,93.87,集合住宅,鋼筋混凝土造,70年9月7日,四層,
RPTNMLPLJILFFBD18CC,35,3.24,避難室,鋼筋混凝土造,70年9月7日,四層,
RPTNMLPLJILFFBD18CC,35,7.80,共有部分,鋼筋混凝土造,70年9月7日,四層,
RPVNMLSLJILFFCD78CC,16,66.75,住家用,鋼筋混凝土造,89年11月28日,二十層,
RPSNMLNLJILFFCD97CC,35,87.66,住家用,鋼筋混凝土造,71年2月26日,五層,
RPSNMLNLJILFFCD97CC,35,12.90,共有部分,鋼筋混凝土造,71年2月26日,五層,
RPTNMLOLJILFFCD18CC,9,35.78,住家用,鋼筋混凝土造,96年11月6日,七層,
RPTNMLOLJILFFCD18CC,9,66.94,住家用,鋼筋混凝土造,96年11月6日,七層,
RPVNMLOLJILFFCD38CC,17,47.80,商業用,鋼骨造,88年12月31日,一層,
RPQOMLOLJILFFCD97CC,9,32.97,住家用,鋼筋混凝土造,97年2月29日,十四層,
RPQOMLOLJILFFCD97CC,9,8.21,共有部分,鋼筋混凝土造,97年2月29日,十四層,
RPQOMLOLJILFFCD97CC,9,10.74,共有部分,鋼筋混凝土造,97年2月29日,十四層,
RPUNMLOLJILFFAD08CC,21,279.30,住商用,鋼筋混凝土造,85年2月13日,二十七層,
RPWNMLPLJILFFAD38CC,39,31.11,住家用,鋼筋混凝土造,66年12月2日,七層,
RPWNMLPLJILFFAD38CC,39,6.14,共有部分,鋼筋混凝土造,66年12月2日,七層,
RPPPMLSLJILFFAD18CC,1,75.07,集合住宅,鋼筋混凝土構造,104年11月5日,二十四層,
RPOOMLPLJILFFAD67CC,34,42.96,住商用,加強磚造,71年10月28日,二層,
RPUNMLNLJILFFAD97CC,23,92.33,住家用,鋼筋混凝土造,82年7月19日,五層,
RPUNMLNLJILFFAD97CC,23,23.23,共有部分,鋼筋混凝土造,82年7月19日,五層,
RPVPMLTLJILFFHR38CC,37,78.36,住家用,加強磚造,69年4月1日,二層,
RPQOMLSLJILFFHR67CC,21,68.16,住家用,鋼筋混凝土造,84年9月8日,十九層,
RPQOMLSLJILFFHR67CC,21,24.07,共有部分,鋼筋混凝土造,84年9月8日,十九層,
RPPOMLKMJILFFAR78CC,17,294.95,商業用,鋼骨造,88年5月29日,二層,
RPROMLSLJILFFHR77CC,24,203.44,住商用,鋼筋混凝土造,81年10月7日,四層,
RPTNMLLJKILFFCD77CC,31,128.69,住家用,加強磚造,74年6月29日,二層,
RPQNMLKMJILFFER56CC,6,82.50,住家用,鋼筋混凝土造,99年7月22日,四層,
RPVNMLLJKILFFCD97CC,35,75.84,住家用,鋼筋混凝土造,70年12月24日,七層,
RPVNMLLJKILFFCD97CC,35,15.83,共有部分,鋼筋混凝土造,70年12月24日,七層,
RPVNMLLJKILFFCD97CC,35,39.45,住家用,鋼筋混凝土造,70年12月24日,七層,
RPVNMLLJKILFFCD97CC,35,25.67,共有部分,鋼筋混凝土造,70年12月24日,七層,
RPROMLTLJILFFAD38CC,15,402.02,見其他登記事項,見其他登記事項,90年5月21日,二十四層,
RPRNMLLJKILFFCD57CC,22,64.85,住商用,鋼筋混凝土造,83年11月7日,九層,
RPWNMLLJKILFFCD08CC,35,55.04,住家用,鋼筋混凝土造,70年12月22日,五層,
RPWNMLLJKILFFCD08CC,35,10.02,共有部分,鋼筋混凝土造,70年12月22日,五層,
RPRNMLLJKILFFAD37CC,26,233.96,住商用,鋼筋混凝土造,79年11月8日,四層,
RPXNMLLJKILFFCD18CC,35,55.18,住家用,鋼筋混凝土造,70年12月22日,五層,
RPXNMLLJKILFFCD18CC,35,10.02,共有部分,鋼筋混凝土造,70年12月22日,五層,
RPUNMLLJKILFFAD67CC,34,94.45,住商用,鋼筋混凝土造,71年8月19日,四層,
RPWNMLLJKILFFAD87CC,3,37.71,集合住宅,鋼筋混凝土構造,102年11月25日,十四層,
RPWNMLLJKILFFAD87CC,3,11.20,本共有部分之項目有門廳、守衛室、停車空間、防空避難室、管理維護空間。,鋼筋混凝土構造,102年11月25日,十四層,
RPWNMLLJKILFFAD87CC,3,8.58,本共有部分之項目有電樓梯間、電梯機房、水箱。,鋼筋混凝土構造,102年11月25日,十四層,
RPVNMLPJKILFFAD18CC,32,91.41,住家用,鋼筋混凝土造,73年6月13日,五層,
RPVNMLPJKILFFAD18CC,32,14.57,共有部分,鋼筋混凝土造,73年6月13日,五層,
RPVNMLLJKILFFHR27CC,21,158.15,住家用,鋼筋混凝土造,84年11月27日,七層,
RPVNMLLJKILFFAD77CC,8,57.46,集合住宅,鋼筋混凝土造,97年12月19日,十四層,
RPVNMLLJKILFFAD77CC,8,32.22,共有部分,鋼筋混凝土造,97年12月19日,十四層,
RPVNMLLJKILFFAD77CC,8,10.48,共有部分,鋼筋混凝土造,97年12月19日,十四層,
RPWNMLPJKILFFAD28CC,32,93.48,住商用,鋼筋混凝土造,73年8月18日,四層,
RPQNMLPJKILFFCD87CC,31,74.15,住家用,鋼筋混凝土造,74年6月27日,四層,
RPQNMLPJKILFFCD87CC,31,13.56,共有部分,鋼筋混凝土造,74年6月27日,四層,
RPQNMLPJKILFFCD87CC,31,8.01,共有部分,鋼筋混凝土造,74年6月27日,四層,
RPTNMLQJKILFFBD18CC,4,33.21,住商用,鋼筋混凝土造,101年9月7日,四層,
RPSOMLPJKILFFER17CC,26,172.68,住家用,鋼筋混凝土造,80年5月17日,四層,
RPPNMLRJKILFFER96CC,1,51.05,住家用,鋼筋混凝土造,104年10月15日,四層,
RPUNMLTJKILFFAD48CC,18,132.23,營業室、加油棚,鋼骨、鋼筋混凝土,88年3月3日,二層,
RPTOMLNKKILFFAD97CC,3,93.40,集合住宅,鋼筋混凝土構造,102年6月20日,十五層,
RPSPMLNKKILFFAD97CC,45,66.35,,加強磚造,60年10月20日,二層,
RPTNMLOKKILFFCD28DC,3,214.42,店舖、停車空間、住宅,鋼筋混凝土造,102年12月4日,五層,
RPPOMLNKKILFFAD67DC,35,176.49,,鋼筋混凝土造,70年7月7日,三層,
RPRNMLOKKILFFAD77CC,17,180.02,住宅、停車空間,鋼筋混凝土造,89年3月3日,四層,
RPSNMLLJKILFFFR76CC,9,97.13,商業用,鋼筋混凝土造,96年6月13日,五層,
RPSNMLLJKILFFFR76CC,9,21.56,共有部分,鋼筋混凝土造,96年6月13日,五層,
RPSNMLLJKILFFFR76CC,9,146.77,商業用,鋼筋混凝土造,96年6月13日,五層,
RPSNMLLJKILFFFR76CC,9,34.62,共有部分,鋼筋混凝土造,96年6月13日,五層,
RPOOMLPJKILFFHR07CC,11,236.91,住商用,鋼筋混凝土造,95年4月28日,五層,
RPPNMLNJKILFFHR86CC,26,149.26,辦公室。,鋼造,79年12月5日,二十四層,
RPTOMLSJKILFFCD58CC,9,27.58,住家用,鋼筋混凝土造,97年2月29日,十四層,
RPTOMLSJKILFFCD58CC,9,6.80,共有部分,鋼筋混凝土造,97年2月29日,十四層,
RPTOMLSJKILFFCD58CC,9,9.00,共有部分,鋼筋混凝土造,97年2月29日,十四層,
RPUOMLNKKILFFCD28CC,9,31.31,住家用,鋼筋混凝土造,97年2月29日,十四層,
RPUOMLNKKILFFCD28CC,9,7.77,共有部分,鋼筋混凝土造,97年2月29日,十四層,
RPUOMLNKKILFFCD28CC,9,10.19,共有部分,鋼筋混凝土造,97年2月29日,十四層,
RPUNMLMKKILFFCD08CC,44,99.22,住家用,加強磚造,61年12月11日,二層,
RPPOMLMKKILFFCD67CC,23,92.91,住商用,鋼筋混凝土造,83年4月1日,十四層,
RPUOMLSJKILFFCD68CC,50,273.29,住家用,加強磚造,55年8月5日,三層,
RPUOMLSJKILFFCD68CC,26,145.42,住商用,鋼筋混凝土造,80年5月22日,三層,
RPTNMLOKKILFFER17CC,8,122.61,住商用,鋼筋混凝土造,97年7月1日,三層,
RPPNMLPKKILFFER86CC,39,100.80,住商用,加強磚造,67年3月10日,二層,
RPUNMLOKKILFFAD08CC,21,85.07,住家用,鋼筋混凝土造,84年7月25日,十五層,
RPUNMLOKKILFFAD08CC,21,9.47,共有部分,鋼筋混凝土造,84年7月25日,十五層,
RPUNMLOKKILFFAD08CC,21,16.01,共有部分,鋼筋混凝土造,84年7月25日,十五層,
RPRNMLPKKILFFCD08CC,5,205.42,住宅、停車空間,鋼筋混凝土造,101年2月2日,四層,
RPRNMLPKKILFFCD08CC,5,.29,本共有部分之項目有共同管理維護空間１項。,鋼筋混凝土造,101年2月2日,四層,
RPVNMLOKKILFFAD18CC,23,92.93,住家用,鋼筋混凝土造,82年8月24日,七層,
RPVNMLOKKILFFAD18CC,23,35.05,共有部分,鋼筋混凝土造,82年8月24日,七層,
RPWNMLOKKILFFAD28CC,45,109.00,住商用,鋼筋混凝土造,60年7月15日,五層,
RPOOMLOKKILFFAD57CC,35,76.84,住家用,鋼筋混凝土造,70年10月17日,五層,
RPOOMLOKKILFFAD57CC,35,12.08,共有部分,鋼筋混凝土造,70年10月17日,五層,
RPSNMLOKKILFFAD87CC,8,65.52,集合住宅,鋼筋混凝土造,97年12月19日,十四層,
RPSNMLOKKILFFAD87CC,8,23.81,共有部分,鋼筋混凝土造,97年12月19日,十四層,
RPSNMLOKKILFFAD87CC,8,12.40,共有部分,鋼筋混凝土造,97年12月19日,十四層,
RPTNMLQKKILFFCD38CC,18,224.68,停車空間　　住宅,鋼筋混凝土造,87年10月7日,五層,
RPTNMLPKKILFFCD28CC,44,232.89,住商用,加強磚造,61年6月22日,三層,
RPSNMLQKKILFFCD28CC,41,85.20,住家用,加強磚造,64年11月24日,二層,
RPUNMLQKKILFFCD48CC,6,119.58,店舖、辦公室,鋼筋混凝土造,99年9月15日,二層,
RPUNMLLLKILFFAR76DC,24,133.09,住家用,鋼筋混凝土造,82年3月12日,三層,
RPSNMLLLKILFFCD87CC,24,76.09,住家用,鋼筋混凝土造,82年5月15日,六層,
RPVRMLMLKILFFHR97CC,21,87.90,住家用,鋼筋混凝土造,84年9月8日,十九層,
RPQOMLTKKILFFCD48CC,35,85.57,住家用,鋼筋混凝土造,70年7月10日,五層,
RPQOMLTKKILFFCD48CC,35,14.45,共有部分,鋼筋混凝土造,70年7月10日,五層,
RPUNMLMLKILFFER17CC,1,67.64,集合住宅,鋼筋混凝土造,105年5月31日,五層,
RPUNMLMLKILFFCD18CC,41,226.14,住商用,鋼筋混凝土造,64年8月7日,三層,
RPXNMLQLKILFFHR18CC,1,102.05,店舖，停車空間,鋼筋混凝土構造,104年7月3日,五層,
RPROMLOKKILFFAD87CC,12,55.34,集合住宅,鋼筋混凝土造,93年8月30日,十層,
RPRNMLKLKILFFAD47CC,23,282.46,住商用,鋼筋混凝土造,83年1月17日,四層,
RPUOMLRLKILFFAD58CC,39,134.20,住商用,加強磚造,66年12月16日,二層,
RPUOMLMLKILFFAD08CC,48,61.31,住家用,加強磚造,57年7月16日,二層,
RPSNMLKLKILFFAD57CC,3,92.51,集合住宅,鋼筋混凝土構造,102年6月20日,十五層,
RPXOMLMLKILFFAD38CC,8,277.43,見其他登記事項,鋼筋混凝土造,97年8月12日,十四層,
RPVNMLTKKILFFAD68CC,48,195.42,住家用,加強磚造,57年10月30日,三層,
RPPOMLOKKILFFAD67CC,39,28.19,住家用,鋼筋混凝土造,66年12月2日,七層,
RPPOMLOKKILFFAD67CC,39,6.14,共有部分,鋼筋混凝土造,66年12月2日,七層,
RPWNMLSLKILFFCD98CC,9,32.97,住家用,鋼筋混凝土造,97年2月29日,十四層,
RPWNMLSLKILFFCD98CC,9,8.21,共有部分,鋼筋混凝土造,97年2月29日,十四層,
RPWNMLSLKILFFCD98CC,9,10.74,共有部分,鋼筋混凝土造,97年2月29日,十四層,
RPQNMLSLKILFFBD28CC,24,129.87,住家用,鋼筋混凝土造,81年12月22日,二層,
RPUPMLTLKILFFHR48DC,3,56.77,店舖，住宅，停車空間,鋼筋混凝土構造,102年12月26日,四層,
RPRQMLTLKILFFHR28DC,3,192.53,店舖，住宅，停車空間,鋼筋混凝土構造,102年12月26日,四層,
RPTOMLSLKILFFAD58CC,45,90.74,住家用,加強磚造,61年3月12日,二層,
RPPQMLTLKILFFAD58DC,13,151.05,店舖、住宅,鋼筋混凝土造,92年9月16日,十四層,
RPROMLKMKILFFFR96CC,8,344.03,住商用,鋼筋混凝土造,97年9月12日,四層,
RPTNMLTLKILFFFR87CC,35,95.63,住商用,加強磚造,71年5月8日,二層,
RPSQMLKMKILFFAD97CC,17,562.93,住商用,鋼筋混凝土造,88年7月16日,十三層,
RPUNMLTLKILFFBD78CC,35,72.04,住商用,加強磚造,70年10月30日,二層,
RPQQMLTLKILFFAD68DC,48,56.96,住家用,加強磚造,58年1月22日,二層,
RPQPMLKMKILFFCD87CC,9,21.70,住家用,鋼筋混凝土造,97年2月29日,十四層,
RPQPMLKMKILFFCD87CC,9,5.39,共有部分,鋼筋混凝土造,97年2月29日,十四層,
RPQPMLKMKILFFCD87CC,9,7.11,共有部分,鋼筋混凝土造,97年2月29日,十四層,
RPPNMLMJJHMFFCD37CC,19,195.30,商業用,鋼筋混凝土造,87年5月26日,十四層,
RPOQMLNJJHMFFHR96CC,41,89.93,住家用,加強磚造,64年11月1日,二層,
RPXPMLOJJHMFFHR87CC,22,101.96,住家用,鋼筋混凝土造,84年5月23日,十六層,
RPSNMLTLKILFFAD48CC,37,87.85,住家用,鋼筋混凝土造,69年6月14日,五層,
RPSNMLTLKILFFAD48CC,37,18.27,共有部分,鋼筋混凝土造,69年6月14日,五層,
RPSPMLKMKILFFCD08CC,9,26.72,住家用,鋼筋混凝土造,97年2月29日,十四層,
RPSPMLKMKILFFCD08CC,9,6.62,共有部分,鋼筋混凝土造,97年2月29日,十四層,
RPSPMLKMKILFFCD08CC,9,7.89,共有部分,鋼筋混凝土造,97年2月29日,十四層,
RPQNMLMJJHMFFFR56CC,1,183.87,見其他登記事項,鋼筋混凝土造,104年7月22日,四層,
RPTNMLOJJHMFFAD77CC,12,63.06,店舖、住宅、停車空間,ＲＣ造,93年8月30日,五層,
RPPRMLPJJHMFFAD87CC,46,83.36,住家用,加強磚造,60年6月10日,二層,
RPUNMLOJJHMFFCD08CC,20,122.83,住商用,鋼筋混凝土造,86年2月26日,五層,
RPVOMLPJJHMFFCD38CC,27,262.60,住家用,鋼筋混凝土造,78年11月30日,四層,
RPVNMLOJJHMFFAD97CC,16,21.84,集合住宅,鋼筋混凝土造,89年11月20日,十四層,
RPWOMLPJJHMFFCD48CC,9,21.70,住家用,鋼筋混凝土造,97年2月29日,十四層,
RPWOMLPJJHMFFCD48CC,9,5.39,共有部分,鋼筋混凝土造,97年2月29日,十四層,
RPWOMLPJJHMFFCD48CC,9,7.11,共有部分,鋼筋混凝土造,97年2月29日,十四層,
RPUNMLPJJHMFFER17CC,30,444.54,住家用,鋼筋混凝土造,75年12月5日,三層,
RPOPMLPJJHMFFAD57CC,16,71.44,集合住宅,鋼筋混凝土造,89年7月24日,七層,
RPRPMLQJJHMFFHR47CC,35,19.80,住商用,加強磚造,70年7月22日,二層,
RPSNMLTJJHMFFCD38CC,31,121.15,住商用,鋼筋混凝土造,74年11月20日,二層,
RPQNMLRJJHMFFAD77CC,22,274.33,住商用,鋼筋混凝土造,84年6月15日,五層,
RPRNMLTJJHMFFCD28CC,1,2.64,住宅、停車空間,鋼筋混凝土造,105年2月5日,四層,
RPRNMLTJJHMFFCD28CC,1,196.11,住宅、停車空間,鋼筋混凝土造,105年2月5日,四層,
RPQOMLTJJHMFFAD08CC,27,28.85,住家用,鋼筋混凝土造,79年6月15日,六層,
RPOOMLKKJHMFFHR56CC,5,208.05,店舖，住宅,鋼筋混凝土構造,100年11月28日,四層,
RPPPMLKKJHMFFHR76CC,1,58.30,住家用,鋼筋混凝土構造,105年2月2日,五層,
RPPPMLKKJHMFFHR76CC,1,15.67,本共有部分之項目有樓梯間，機械室，水塔，管理維護空間，停車空間等５項,鋼筋混凝土構造,105年2月2日,五層,
RPQNMLKKJHMFFCD37CC,5,209.30,住宅、店舖、停車空間,鋼筋混凝土造,101年3月12日,四層,
RPOOMLLKJHMFFCD37CC,25,145.69,住家用,鋼筋混凝土造,80年11月21日,十一層,
RPOOMLLKJHMFFCD37CC,25,32.18,共有部分,鋼筋混凝土造,80年11月21日,十一層,
RPVOMLKKJHMFFCD97CC,35,74.86,住家用,鋼筋混凝土造,70年9月21日,五層,
RPVOMLKKJHMFFCD97CC,35,7.49,共有部分,鋼筋混凝土造,70年9月21日,五層,
RPVOMLKKJHMFFCD97CC,35,6.07,共有部分,鋼筋混凝土造,70年9月21日,五層,
RPTOMLTJJHMFFHR87CC,22,161.02,住家用,鋼筋混凝土造,83年11月8日,十七層,
RPPOMLLKJHMFFCD47CC,43,124.57,住商用,加強磚造,63年4月12日,二層,
RPQNMLLKJHMFFAD27CC,11,258.85,店舖、住宅,ＲＣ造,94年12月26日,五層,
RPQNMLLKJHMFFAD27CC,11,29.01,店舖、住宅,ＲＣ造,94年12月26日,五層,
RPVNMLLKJHMFFAR56CC,24,32.90,住家用,鋼筋混凝土造,81年10月15日,八層,
RPWOMLKKJHMFFCD08CC,9,21.70,住家用,鋼筋混凝土造,97年2月29日,十四層,
RPWOMLKKJHMFFCD08CC,9,5.39,共有部分,鋼筋混凝土造,97年2月29日,十四層,
RPWOMLKKJHMFFCD08CC,9,7.11,共有部分,鋼筋混凝土造,97年2月29日,十四層,
RPQOMLLKJHMFFAD37CC,16,69.51,集合住宅,鋼筋混凝土造,89年11月20日,十四層,
RPQOMLLKJHMFFAD37CC,16,20.22,共有部分,鋼筋混凝土造,89年11月20日,十四層,
RPQOMLMKJHMFFBD57CC,35,113.80,住商用,加強磚造,70年12月17日,二層,
RPSOMLMKJHMFFER86CC,9,102.06,店舖，住宅，騎樓，梯間，蓄水池及污水處理設施,鋼筋混凝土造,96年7月12日,五層,
RPSNMLMKJHMFFHR07CC,23,35.55,住家用,鋼筋混凝土造,83年5月24日,十二層,
RPSNMLMKJHMFFHR07CC,23,7.98,共有部分,鋼筋混凝土造,83年5月24日,十二層,
RPSNMLMKJHMFFHR07CC,23,6.73,共有部分,鋼筋混凝土造,83年5月24日,十二層,
RPSNMLLKJHMFFBD57CC,20,148.78,住商用,鋼筋混凝土造,85年7月16日,四層,
RPXNMLSKJHMFFAD68CC,9,101.90,集合住宅,鋼筋混凝土造,96年12月27日,十九層,
RPOOMLRKJHMFFAD77CC,38,139.44,住家用,加強磚造,67年9月8日,二層,
RPWNMLTKJHMFFAD68CC,21,692.88,商業用,鋼骨造,85年3月4日,三層,
RPOOMLSKJHMFFER07CC,21,73.01,住家用,鋼筋混凝土造,84年10月17日,八層,
RPOOMLSKJHMFFER07CC,21,21.75,台電受電室、發電機室、蓄水池、車道、梯間、水塔、機械室,鋼筋混凝土造,84年10月17日,八層,
RPOOMLSKJHMFFER07CC,21,3.59,防空避難室、停車空間,鋼筋混凝土造,84年10月17日,八層,
RPSNMLTKJHMFFHR77CC,26,23.50,廠房、辦公室、員工宿舍。,Ｒ．Ｃ造、加強磚造。,79年6月26日,二層,
RPRPMLSKJHMFFHR77CC,24,127.18,住家用,鋼筋混凝土造,81年9月19日,二十層,
RPRPMLSKJHMFFHR77CC,24,7.53,共有部分,鋼筋混凝土造,81年9月19日,二十層,
RPRPMLSKJHMFFHR77CC,24,15.72,共有部分,鋼筋混凝土造,81年9月19日,二十層,
RPVOMLRKJHMFFCD68CC,9,27.58,住家用,鋼筋混凝土造,97年2月29日,十四層,
RPVOMLRKJHMFFCD68CC,9,6.80,共有部分,鋼筋混凝土造,97年2月29日,十四層,
RPVOMLRKJHMFFCD68CC,9,9.00,共有部分,鋼筋混凝土造,97年2月29日,十四層,
RPTNMLNKJHMFFCD97CC,35,117.52,住商用,加強磚造,70年7月27日,二層,
RPSNMLOLJHMFFCD08CC,35,93.45,住家用,鋼筋混凝土造,71年2月26日,五層,
RPVOMLSKJHMFFHR08CC,21,123.22,住家用,鋼筋混凝土造,85年5月22日,十六層,
RPOTMLTKJHMFFCD68CC,16,101.76,住家用,鋼筋混凝土造,89年11月28日,二十層,
RPOTMLTKJHMFFCD68CC,16,11.19,共有部分,鋼筋混凝土造,89年11月28日,二十層,
RPOTMLTKJHMFFCD68CC,16,16.79,共有部分,鋼筋混凝土造,89年11月28日,二十層,
RPOTMLTKJHMFFCD68CC,16,14.25,共有部分,鋼筋混凝土造,89年11月28日,二十層,
RPSOMLNLJHMFFCD08CC,41,82.09,住家用,加強磚造,65年3月9日,二層,
RPVNMLSKJHMFFCD68CC,18,152.97,住家用,鋼筋混凝土造,87年9月14日,九層,
RPQPMLOLJHMFFCD08CC,9,27.58,住家用,鋼筋混凝土造,97年2月29日,十四層,
RPQPMLOLJHMFFCD08CC,9,6.80,共有部分,鋼筋混凝土造,97年2月29日,十四層,
RPQPMLOLJHMFFCD08CC,9,9.00,共有部分,鋼筋混凝土造,97年2月29日,十四層,
RPRQMLOLJHMFFHR57CC,36,97.81,住家用,加強磚造,69年11月11日,二層,
RPXNMLOLJHMFFAR17CC,24,10.32,住家用,鋼筋混凝土造,82年3月25日,七層,
RPROMLPLJHMFFAD97CC,45,54.06,住家用,加強磚造,61年6月5日,二層,
RPQOMLOLJHMFFAD77CC,31,113.13,住家用,鋼筋混凝土造,74年12月26日,五層,
RPSOMLPLJHMFFFR37CC,24,161.20,住家用,鋼筋混凝土造,81年8月31日,三層,
RPTOMLPLJHMFFAD18CC,20,82.83,住家用,鋼筋混凝土造,85年9月7日,十七層,
RPTOMLPLJHMFFAD18CC,20,56.04,共有部分,鋼筋混凝土造,85年9月7日,十七層,
RPSPMLPLJHMFFHR67CC,22,70.11,住家用,鋼筋混凝土造,84年6月24日,八層,
RPSPMLPLJHMFFHR67CC,22,30.92,防空避難室兼停車空間、梯間。,鋼筋混凝土造,84年6月24日,八層,
RPRTMLPLJHMFFHR97CC,21,124.20,住家用,鋼筋混凝土造,85年5月22日,十六層,
RPRTMLPLJHMFFHR97CC,21,.18,管理員室。,鋼筋混凝土造,85年5月22日,十六層,
RPRTMLPLJHMFFHR97CC,21,.57,圖書室。,鋼筋混凝土造,85年5月22日,十六層,
RPRTMLPLJHMFFHR97CC,21,.93,托兒中心。,鋼筋混凝土造,85年5月22日,十六層,
RPOOMLOLJHMFFAR98CC,23,32.06,住家用,鋼筋混凝土造,83年2月28日,七層,
RPXOMLQLJHMFFCD88CC,21,34.33,住家用,鋼筋混凝土造,84年11月6日,二十層,
RPSOMLPLJHMFFCD28CC,23,85.02,住家用,鋼筋混凝土造,83年4月12日,六層,
RPSOMLPLJHMFFCD28CC,23,24.12,共有部分,鋼筋混凝土造,83年4月12日,六層,
