﻿鄉鎮市區,交易標的,土地位置建物門牌,土地面積平方公尺,都市土地使用分區,非都市土地使用分區,非都市土地使用編定,租賃年月日,租賃筆棟數,租賃層次,總樓層數,建物型態,主要用途,主要建材,建築完成年月,建物總面積平方公尺,建物現況格局-房,建物現況格局-廳,建物現況格局-衛,建物現況格局-隔間,有無管理組織,有無附傢俱,總額元,單價元平方公尺,車位類別,車位面積平方公尺,車位總額元,備註,編號
The villages and towns urban district,transaction sign,land sector position building sector house number plate,land shifting total area square meter,the use zoning or compiles and checks,the non-metropolis land use district,non-metropolis land use,transaction year month and day,transaction pen number,shifting level,total floor number,building state,main use,main building materials,construction to complete the years,building shifting total area,Building present situation pattern - room,building present situation pattern - hall,building present situation pattern - health,building present situation pattern - compartmented,Whether there is manages the organization,Whether there is attaches the furniture,total price NTD,the unit price (NTD / square meter),the berth category,berth shifting total area square meter,the berth total price NTD,the note,serial number
北區,建物,臺南市北區北門路二段344巷5弄9樓之1,28.42,住,,,1051011,土地0建物1車位0,九層,11,住宅大樓(11層含以上有電梯),見其他登記事項,鋼筋混凝土造,0911115,129.4,3,2,2,有,有,有,16000,124,,0.0,0,,RPUOMLLJJILFFAD67CC
中西區,房地(土地+建物),臺南市中西區赤崁東街46號,43.52,商,,,1051102,土地2建物1車位0,一層,3,店面(店鋪),見其他登記事項,見其他登記事項,1050421,36.0,0,1,1,有,無,無,24000,667,,0.0,0,,RPWNMLMJJILFFAD87CC
永康區,房地(土地+建物),臺南市永康區中正路91號,103.63,住,,,1051020,土地1建物1車位0,見其他登記事項,5,店面(店鋪),住商用,鋼筋混凝土造,0980616,277.12,5,2,6,有,無,無,28000,101,,0.0,0,,RPSOMLMJJILFFHR07CC
南區,房地(土地+建物),臺南市南區新和路16號,2606.0,工,,,1051007,土地1建物2車位0,見其他登記事項,2,廠辦,見其他登記事項,見其他登記事項,0710111,2119.67,4,2,2,有,無,無,200000,94,,0.0,0,105/12/7~107/12/6每月新台幣200000不含稅；107/12/7~109/12/6每月新台幣210000不含稅；109/12/7~110/12/6每月新台幣220000不含稅,RPXNMLMJJILFFCD28DC
安南區,建物,臺南市安南區安和路四段94巷43弄41號,0.0,工,,,1051019,土地0建物1車位0,一層,1,工廠,見其他登記事項,見其他登記事項,1050726,160.31,0,1,1,有,無,無,41450,,,0.0,0,,RPPNMLNJJILFFBD37CC
新化區,房地(土地+建物),臺南市新化區那拔林29之3號,192.0,,鄉村區,乙種建築用地,1051102,土地1建物1車位0,全,2,透天厝,住家用,加強磚造,0700828,228.6,3,2,2,有,無,無,8000,35,,0.0,0,,RPQNMLOJJILFFER66CC
南區,建物,臺南市南區興昌路75號11樓,0.0,住,,,1051023,土地0建物1車位0,十一層,14,住宅大樓(11層含以上有電梯),見其他登記事項,鋼筋混凝土構造,1050314,163.36,2,2,2,有,有,有,22000,135,,0.0,0,,RPSNMLOJJILFFCD87CC
永康區,建物,臺南市永康區中華路212巷26號,0.0,住,,,1051012,土地0建物1車位0,全,2,透天厝,住家用,鋼筋混凝土造,0760209,115.35,4,2,3,有,無,有,17000,147,,0.0,0,,RPVNMLOJJILFFHR47CC
永康區,土地,安康段11-3地號,0.0,住,,,1051013,土地1建物0車位0,,,其他,,,,0.0,0,0,0,有,無,無,11000,0,,0.0,0,1.租賃契約書無填寫土地租賃面積。2.由所有權人提供租屋資訊。3.租賃建物因未保存登記，故無建物建號。4.租賃建物位於永中街，整棟透天厝出租。5.格局為2房1廳2衛浴。,RPXNMLOJJILFFHR67CC
東區,房地(土地+建物)+車位,臺南市東區崇明路59巷9號5樓,19.4,住,,,1051015,土地1建物1車位1,五層,13,住宅大樓(11層含以上有電梯),住家用,鋼筋混凝土構造,0890115,96.1,3,2,2,有,有,有,18000,187,坡道平面,36.76,0,,RPQNMLPJJILFFCD87DC
仁德區,房地(土地+建物),臺南市仁德區中正路一段680.682號,155.35,商,,,1051104,土地2建物2車位0,見其他登記事項,2,店面(店鋪),住商用,見其他登記事項,0991209,145.64,0,0,0,無,無,有,28000,192,,0.0,0,,RPQNMLPJJILFFFR86CC
仁德區,房地(土地+建物),臺南市仁德區成功1街43巷7號,0.0,住,,,1051029,土地1建物1車位0,全,1,透天厝,住家用,磚造,0621001,78.93,4,1,1,有,無,無,9000,114,,0.0,0,,RPOOMLSJJILFFFR07CC
善化區,房地(土地+建物),臺南市善化區牛庄555之26號,158.17,,特定農業區,甲種建築用地,1051104,土地1建物1車位0,全,4,透天厝,住家用,鋼筋混凝土造,1041015,51.13,1,0,1,有,無,有,5300,104,,0.0,0,,RPVNMLSJJILFFER57CC
南區,房地(土地+建物),臺南市南區夏林路351號,159.0,住,,,1051026,土地3建物1車位0,全,3,透天厝,見其他登記事項,鋼筋混凝土構造,1030430,40.53,0,0,0,無,無,無,22000,543,,0.0,0,只租一樓店面,RPUOMLSJJILFFCD58CC
東區,建物,臺南市東區崇明路960之1號,0.0,住,,,1051015,土地0建物1車位0,全,5,透天厝,見其他登記事項,鋼筋混凝土構造,0960626,153.26,0,2,2,有,無,無,27000,176,,0.0,0,,RPXNMLTJJILFFCD88CC
中西區,房地(土地+建物),臺南市中西區公園路10號,109.68,其他,,,1051012,土地3建物1車位0,全,2,透天厝,住家用,磚造,0110101,112.7,0,0,0,無,無,無,45000,399,,0.0,0,,RPTNMLTJJILFFAD28CC
北區,房地(土地+建物),臺南市北區公園南路365號4樓之10,2.9,住,,,1051027,土地1建物1車位0,四層,14,住宅大樓(11層含以上有電梯),見其他登記事項,見其他登記事項,0960824,20.86,1,0,1,有,有,有,6500,312,,0.0,0,,RPWNMLTJJILFFAD58CC
中西區,建物,臺南市中西區西賢六街22號,0.0,,,,1051011,土地0建物1車位0,全,3,透天厝,住商用,鋼筋混凝土造,0740214,332.16,4,2,5,有,無,無,25000,75,,0.0,0,,RPOOMLTJJILFFAD87CC
中西區,土地,白金段309地號,173.58,商,,,1051028,土地1建物0車位0,,,其他,,,,0.0,0,0,0,有,無,有,5000,29,,0.0,0,,RPVNMLKKJILFFAD67CC
東區,建物,臺南市東區立德八路54號,0.0,住,,,1051013,土地0建物1車位0,全,2,透天厝,住家用,磚造,0540101,76.41,3,2,2,有,無,無,8000,105,,0.0,0,,RPVNMLKKJILFFCD87CC
新市區,房地(土地+建物),臺南市新市區南昌街6號,83.12,其他,,,1051108,土地1建物1車位0,全,3,透天厝,住家用,鋼筋混凝土造,1021126,48.91,1,0,1,有,無,有,5500,112,,0.0,0,,RPSNMLKKJILFFER56CC
南區,房地(土地+建物),臺南市南區興隆路243號,107.84,住,,,1051015,土地2建物1車位0,全,4,透天厝,住商用,鋼筋混凝土構造,0700728,333.26,0,2,4,有,無,無,25000,75,,0.0,0,,RPRNMLLKJILFFCD57CC
中西區,建物,臺南市中西區健康路一段170巷2號四樓之5,0.0,住,,,1051104,土地0建物1車位0,四層,6,華廈(10層含以下有電梯),住家用,鋼筋混凝土造,0760506,75.13,1,1,1,有,無,有,10000,133,,0.0,0,,RPPNMLLKJILFFAD17CC
東區,房地(土地+建物),臺南市東區東安路50巷10弄7之2號,27.5,住,,,1051112,土地1建物1車位0,三層,5,公寓(5樓含以下無電梯),住家用,鋼筋混凝土構造,0710223,88.6,3,2,2,有,無,有,8000,90,,0.0,0,,RPQNMLMKJILFFCD57CC
安平區,房地(土地+建物),臺南市安平區慶平路539號11F17,9.23,住,,,1051020,土地1建物1車位0,十一層,24,住宅大樓(11層含以上有電梯),見其他登記事項,鋼筋混凝土造,0880211,84.0,3,2,2,有,有,無,19000,226,,0.0,0,,RPWNMLOKJILFFAD18CC
安平區,房地(土地+建物)+車位,臺南市安平區慶平路539號15F3,9.82,住,,,1051010,土地1建物1車位1,十五層,24,住宅大樓(11層含以上有電梯),見其他登記事項,鋼筋混凝土造,0880211,84.15,3,2,2,有,有,無,19000,226,坡道平面,0.0,0,,RPOOMLOKJILFFAD47CC
中西區,建物,臺南市中西區五妃街15號四樓之3之1,0.0,,,,1051016,土地0建物1車位0,四層,8,華廈(10層含以下有電梯),住家用,鋼筋混凝土造,0851016,69.32,2,1,1,有,有,無,13500,195,,0.0,0,,RPXOMLOKJILFFAD38CC
北區,建物,臺南市北區大興街246巷121號,0.0,,,,1051017,土地0建物1車位0,全,2,透天厝,住家用,加強磚造,0650902,87.99,4,2,3,有,無,有,27000,307,,0.0,0,,RPQPMLOKJILFFAD77CC
永康區,建物,臺南市永康區正南二街77號,0.0,,,,1051017,土地0建物1車位0,見其他登記事項,1,廠辦,見其他登記事項,見其他登記事項,0951128,152.16,0,0,1,有,無,無,58000,381,,0.0,0,,RPXNMLOKJILFFHR77CC
中西區,土地,觀音段803地號,48.5,商,,,1051110,土地1建物0車位0,,,其他,,,,0.0,0,0,0,有,無,無,8000,165,,0.0,0,,RPRNMLPKJILFFAD77CC
中西區,土地,觀音段803地號,48.5,商,,,1051114,土地1建物0車位0,,,其他,,,,0.0,0,0,0,有,無,無,3000,62,,0.0,0,,RPTNMLPKJILFFAD97CC
安平區,土地,金華段102-14地號,310.0,商,,,1051115,土地2建物0車位0,,,其他,,,,0.0,0,0,0,有,無,無,20000,65,,0.0,0,,RPXOMLPKJILFFAD48CC
安平區,建物,臺南市安平區育平路212號四樓之24,0.0,,,,1051019,土地0建物1車位0,四層,17,住宅大樓(11層含以上有電梯),住家用,鋼筋混凝土造,0840729,77.59,2,1,1,有,有,有,11000,142,,0.0,0,,RPWOMLQKJILFFAD48CC
安平區,建物,臺南市安平區育平五街68號三樓之7,0.0,,,,1051021,土地0建物1車位0,三層,20,住宅大樓(11層含以上有電梯),住家用,鋼筋混凝土造,0871121,116.78,3,1,2,有,有,有,18000,154,,0.0,0,,RPXOMLQKJILFFAD58CC
新市區,房地(土地+建物),臺南市新市區南昌街13之4號,75.19,住,,,1051116,土地1建物1車位0,全,4,透天厝,住商用,鋼筋混凝土造,0830921,177.85,6,1,4,有,無,無,15000,84,,0.0,0,,RPVNMLQKJILFFER47CC
永康區,建物,臺南市永康區勝利里中華一路203巷6號七樓之3,0.0,,,,1051020,土地0建物1車位0,七層,11,住宅大樓(11層含以上有電梯),住家用,鋼筋混凝土造,0871026,60.42,3,2,2,有,有,有,10000,166,,0.0,0,,RPOOMLQKJILFFHR17CC
東區,建物,臺南市東區東平路12巷7號1樓,77.0,,,,1051025,土地0建物1車位0,全,4,透天厝,住商用,鋼筋混凝土構造,0780508,63.17,0,0,0,無,無,無,17000,269,,0.0,0,只租一樓空間,RPVNMLRKJILFFCD58CC
東區,房地(土地+建物),臺南市東區東門路一段303號B1+1F,204.0,商,,,1051117,土地1建物1車位0,全,3,透天厝,住商用,鋼筋混凝土構造,0641024,66.11,0,0,0,無,無,無,50000,756,,0.0,0,建物總坪數為175.03坪，承租總坪數B1+1F部分共約20坪。,RPVNMLSKJILFFCD68CC
新市區,土地,港子墘段557-2地號,197.0,,鄉村區,乙種建築用地,1051117,土地1建物0車位0,,,其他,,,,0.0,5,0,0,有,無,有,8000,41,,0.0,0,,RPVOMLSKJILFFER77CC
新市區,土地,港子墘段557-2地號,197.0,,鄉村區,乙種建築用地,1051117,土地1建物0車位0,,,其他,,,,0.0,5,0,0,有,無,有,8000,41,,0.0,0,,RPWOMLSKJILFFER87CC
東區,房地(土地+建物),臺南市東區裕豐街84巷31號,20.0,住,,,1051031,土地1建物1車位0,一層,5,公寓(5樓含以下無電梯),住家用,鋼筋混凝土構造,0700710,100.55,3,2,1,有,無,有,10000,99,,0.0,0,,RPTNMLLLJILFFCD87CC
中西區,房地(土地+建物),臺南市中西區成功路225號,233.13,商,,,1051104,土地2建物1車位0,一層,4,店面(店鋪),住商用,加強磚造,0580103,185.58,0,0,0,無,無,無,79000,426,,0.0,0,,RPUNMLLLJILFFAD77CC
北區,房地(土地+建物),臺南市北區民德路89號之3,36.31,住,,,1051112,土地1建物1車位0,四層,5,公寓(5樓含以下無電梯),住家用,鋼筋混凝土造,0701223,112.76,3,2,2,有,無,無,6500,58,,0.0,0,,RPXNMLLLJILFFAD08CC
北區,房地(土地+建物),臺南市北區西門路四段450號一樓,81.0,其他,,,1051119,土地1建物1車位0,全,4,透天厝,住商用,鋼筋混凝土造,0710226,38.07,0,0,0,無,無,無,18000,473,,0.0,0,,RPPNMLMLJILFFAD37CC
安平區,建物,臺南市安平區府前三街129號五樓之6,0.0,住,,,1051118,土地0建物1車位0,五層,7,華廈(10層含以下有電梯),住家用,鋼筋混凝土造,0850106,29.01,1,1,1,有,有,有,7500,259,,0.0,0,,RPVNMLMLJILFFAD97CC
北區,建物,臺南市北區公園路409號,0.0,,,,1051025,土地0建物0車位0,全,5,透天厝,見其他登記事項,鋼筋混凝土造,0980525,33.06,1,0,1,有,無,有,6000,181,,0.0,0,,RPWNMLMLJILFFAD08CC
北區,建物,臺南市北區公園南路358號十樓之6,0.0,,,,1051031,土地0建物1車位0,十層,25,住宅大樓(11層含以上有電梯),住家用,鋼筋混凝土造,0840104,147.86,3,2,2,有,有,無,14000,95,,0.0,0,,RPQOMLMLJILFFAD57CC
北區,建物,臺南市北區和緯路二段450號,0.0,,,,1051104,土地0建物1車位0,見其他登記事項,1,店面(店鋪),見其他登記事項,見其他登記事項,0910925,37.46,0,0,0,無,無,無,17000,454,,0.0,0,,RPUOMLMLJILFFAD97CC
安平區,建物,臺南市安平區平通路68號,0.0,,,,1051105,土地0建物1車位0,全,6,透天厝,住商用,鋼筋混凝土造,0791228,255.67000000000002,4,2,4,有,無,無,18000,70,,0.0,0,,RPVOMLMLJILFFAD08CC
北區,建物,臺南市北區北門路二段45號,0.0,,,,1051110,土地0建物0車位0,全,3,透天厝,住家用,鋼筋混凝土造,0700519,23.14,1,0,1,有,無,有,5500,238,,0.0,0,,RPXOMLMLJILFFAD28CC
北區,房地(土地+建物),臺南市北區文賢路292巷43號,84.73,住,,,1051108,土地1建物1車位0,全,3,透天厝,住商用,鋼筋混凝土造,0780309,165.24,4,2,3,有,無,無,22000,133,,0.0,0,,RPOPMLMLJILFFAD47CC
東區,建物,臺南市東區崇善路555號八樓,0.0,,,,1051031,土地0建物1車位0,八層,8,華廈(10層含以下有電梯),住家用,鋼筋混凝土構造,0831206,159.65,2,1,2,有,無,有,13000,81,,0.0,0,,RPSNMLMLJILFFCD87CC
東區,房地(土地+建物),臺南市東區長榮路一段123號,136.7,住,,,1051101,土地1建物1車位0,見其他登記事項,5,店面(店鋪),見其他登記事項,鋼筋混凝土構造,1000517,575.61,4,3,5,有,無,無,70000,122,,0.0,0,,RPVNMLMLJILFFCD18CC
南區,建物,臺南市南區西門路一段257號,0.0,,,,1051031,土地0建物1車位0,全,3,透天厝,住商用,鋼筋混凝土構造,0770523,218.78,6,2,4,有,無,無,15000,69,,0.0,0,,RPWNMLMLJILFFCD28CC
東區,建物,臺南市東區中華東路二段197號五樓之9,0.0,,,,1051105,土地0建物1車位0,五層,20,住宅大樓(11層含以上有電梯),住家用,鋼筋混凝土構造,0841106,73.62,2,1,1,有,有,有,12000,163,,0.0,0,,RPXNMLMLJILFFCD38CC
東區,建物,臺南市東區林森路一段132號十四樓,0.0,,,,1051106,土地0建物1車位0,十四層,16,住宅大樓(11層含以上有電梯),住家用,鋼筋混凝土構造,0820609,73.31,2,1,1,有,有,無,8000,109,,0.0,0,,RPOOMLMLJILFFCD57CC
東區,建物,臺南市東區大同路二段701號,0.0,,,,1051110,土地0建物1車位0,全,3,透天厝,住商用,加強磚造,0630826,175.92,2,3,2,有,無,無,12000,68,,0.0,0,,RPPOMLMLJILFFCD67CC
仁德區,建物,臺南市仁德區成功里保華路32號,0.0,,,,1051107,土地0建物1車位0,全,3,透天厝,住家用,鋼筋混凝土造,0841107,199.54,5,2,3,有,無,無,26000,130,,0.0,0,1.租賃契約書無填寫土地租賃面積2.由所有權人提供租屋資訊,RPWOMLMLJILFFFR47CC
永康區,建物,臺南市永康區中正北路54號五樓之2,0.0,,,,1051024,土地0建物1車位0,五層,12,住宅大樓(11層含以上有電梯),住家用,鋼筋混凝土造,0830524,43.82,1,0,1,有,有,有,5000,114,,0.0,0,,RPPOMLMLJILFFHR96CC
佳里區,房地(土地+建物),臺南市佳里區忠孝路286號,172.25,住,,,1051121,土地2建物1車位0,全,2,透天厝,住商用,加強磚造,0660914,93.61,4,2,3,有,無,無,8000,85,,0.0,0,,RPSNMLMLJILFFDR76CC
後壁區,房地(土地+建物),臺南市後壁區下寮200之11號,67.04,,特定農業區,甲種建築用地,1051118,土地1建物1車位0,全,4,透天厝,見其他登記事項,鋼筋混凝土造,0850111,147.4,4,2,3,有,無,有,7000,47,,0.0,0,,RPPNMLNLJILFFBR98CC
永康區,建物,臺南市永康區大橋二街186號七樓之4,0.0,,,,1051113,土地0建物1車位0,七層,13,住宅大樓(11層含以上有電梯),住家用,鋼筋混凝土造,0821229,107.25,3,2,2,有,有,無,11000,103,,0.0,0,,RPRNMLNLJILFFHR17CC
新營區,房地(土地+建物),臺南市新營區文昌街16號3樓之四,15.15,住,,,1051031,土地1建物1車位0,三層,7,華廈(10層含以下有電梯),住家用,鋼筋混凝土造,0820325,71.14,3,2,2,有,無,有,8000,112,,0.0,0,,RPRNMLNLJILFFAR09CC
南區,建物,臺南市南區大同路二段406巷22之2號,0.0,,,,1051116,土地0建物1車位0,三層,5,公寓(5樓含以下無電梯),住家用,鋼筋混凝土構造,0710226,100.56,2,2,2,有,無,有,14000,139,,0.0,0,,RPSNMLNLJILFFCD97CC
安平區,建物,臺南市安平區健康路三段696號七樓之3,0.0,,,,1051112,土地0建物1車位0,七層,7,華廈(10層含以下有電梯),見其他登記事項,見其他登記事項,0940917,60.24,1,1,1,有,有,有,12000,199,,0.0,0,,RPSNMLNLJILFFAD77CC
中西區,建物,臺南市中西區開山路122巷56弄7號四樓之2,0.0,,,,1051121,土地0建物1車位0,四層,5,華廈(10層含以下有電梯),住家用,鋼筋混凝土造,0820719,115.56,3,2,2,有,有,有,12000,104,,0.0,0,,RPUNMLNLJILFFAD97CC
安平區,房地(土地+建物),臺南市安平區永華路二段849號,16.02,住,,,1051116,土地1建物1車位0,見其他登記事項,27,店面(店鋪),住商用,鋼筋混凝土造,0850213,279.3,7,2,6,有,有,無,30000,107,,0.0,0,,RPUNMLOLJILFFAD08CC
東區,房地(土地+建物)+車位,臺南市東區裕和二街100號5樓.98號5樓,43.39,住,,,1051112,土地1建物1車位1,五層,7,華廈(10層含以下有電梯),住家用,鋼筋混凝土構造,0961106,102.72,3,2,2,有,有,有,21000,204,坡道平面,0.0,0,,RPTNMLOLJILFFCD18CC
東區,房地(土地+建物),臺南市東區崇學路137號,221.0,住,,,1051103,土地1建物1車位0,一層,1,店面(店鋪),商業用,見其他登記事項,0881231,47.8,0,0,0,無,無,無,70000,1464,,0.0,0,,RPVNMLOLJILFFCD38CC
東區,房地(土地+建物),臺南市東區中華東路二段167號二樓之19,4.65,其他,,,1051029,土地1建物1車位0,二層,14,套房(1房1廳1衛),住家用,鋼筋混凝土構造,0970229,51.92,1,1,1,有,有,有,9500,183,,0.0,0,租金含管理費、網路、第四台。,RPQOMLOLJILFFCD97CC
永康區,建物,臺南市永康區大橋一街５７之５號二樓之１３,0.0,住,,,1051029,土地0建物1車位0,二層,14,住宅大樓(11層含以上有電梯),住家用,鋼筋混凝土造,0880824,30.32,1,1,1,有,有,有,6000,198,,0.0,0,租金含管理費及第四台。,RPXNMLOLJILFFHR87CC
安南區,建物,臺南市安南區安中路一段698巷24之3號,0.0,,,,1051123,土地0建物1車位0,四層,4,公寓(5樓含以下無電梯),見其他登記事項,鋼筋混凝土造,0700907,104.91,3,1,1,有,無,無,8500,81,,0.0,0,,RPTNMLPLJILFFBD18CC
中西區,建物,臺南市中西區頂美一街7號七樓之5,0.0,,,,1051124,土地0建物1車位0,七層,7,華廈(10層含以下有電梯),住家用,鋼筋混凝土造,0661202,37.25,1,0,1,有,有,有,7500,201,,0.0,0,,RPWNMLPLJILFFAD38CC
北區,房地(土地+建物),臺南市北區開元路68巷1之8號,0.0,住,,,1051124,土地1建物1車位0,全,2,透天厝,住商用,加強磚造,0711028,42.96,3,2,2,有,無,有,13000,303,,0.0,0,,RPOOMLPLJILFFAD67CC
新化區,土地,崙子頂段962地號,0.0,,鄉村區,乙種建築用地,1051125,土地1建物0車位0,,,其他,,,,0.0,0,0,0,有,無,無,23000,0,,0.0,0,,RPPNMLQLJILFFER96CC
東區,房地(土地+建物),臺南市東區中華東路三段391號18F-2,9.77,住,,,1051118,土地1建物1車位0,十八層,20,住宅大樓(11層含以上有電梯),住家用,鋼筋混凝土構造,0891128,66.75,2,1,1,有,無,有,15000,225,,0.0,0,,RPVNMLSLJILFFCD78CC
北區,房地(土地+建物),臺南市北區開元路521號7F-8,11.15,住,,,1051128,土地1建物1車位0,七層,24,住宅大樓(11層含以上有電梯),見其他登記事項,見其他登記事項,1041105,75.07,3,2,2,有,無,有,27000,360,,0.0,0,,RPPPMLSLJILFFAD18CC
永康區,建物,臺南市永康區復國一路295巷14號十五樓之4,0.0,其他,,,1051120,土地0建物1車位0,十五層,19,住宅大樓(11層含以上有電梯),住家用,鋼筋混凝土造,0840908,92.22999999999999,3,1,2,有,無,有,10000,108,,0.0,0,,RPQOMLSLJILFFHR67CC
永康區,建物,臺南市永康區鹽洲二街107號,0.0,住,,,1051128,土地0建物1車位0,全,4,透天厝,住商用,鋼筋混凝土造,0811007,203.44,7,2,3,有,無,有,28000,138,,0.0,0,,RPROMLSLJILFFHR77CC
永康區,建物,臺南市永康區復國二路61巷29號,0.0,,,,1051104,土地0建物1車位0,全,2,透天厝,住家用,加強磚造,0690401,78.36,5,1,2,有,無,無,11500,147,,0.0,0,,RPVPMLTLJILFFHR38CC
中西區,建物,臺南市中西區民生路二段307號19樓之2,0.0,商,,,1051108,土地0建物1車位1,十九層,24,辦公商業大樓,見其他登記事項,見其他登記事項,0900521,402.02,0,0,0,無,有,無,57157,142,坡道平面,52.32,0,,RPROMLTLJILFFAD38CC
善化區,房地(土地+建物),臺南市善化區陽光大道197號,82.5,住,,,1051129,土地1建物1車位0,全,4,透天厝,住家用,鋼筋混凝土造,0990722,82.5,5,2,4,有,無,無,25000,303,,0.0,0,,RPQNMLKMJILFFER56CC
柳營區,房地(土地+建物),臺南市柳營區重溪村小腳腿12號2樓之1、2樓之2,736.23,,鄉村區,乙種建築用地,1051105,土地1建物1車位0,全,2,透天厝,商業用,見其他登記事項,0880529,294.95,0,0,0,無,無,無,11000,37,,0.0,0,,RPPOMLKMJILFFAR78CC
仁德區,建物,臺南市仁德區保安村中正路一段209號2樓之1,0.0,商,,,1051121,土地0建物1車位0,全,5,透天厝,商業用,鋼筋混凝土造,0960613,300.08,0,0,2,有,無,無,30000,100,,0.0,0,1.租賃契約書無填寫土地租賃面積。2.由所有權人提供租屋資訊。3.租賃範圍為2樓之1及2樓之2租金已含全部範圍4.此為2間透天厝打通出租,RPSNMLLJKILFFFR76CC
東區,房地(土地+建物),臺南市東區仁和路95號1樓部分,64.85,商,,,1051201,土地1建物1車位0,一層,9,店面(店鋪),住商用,鋼筋混凝土構造,0831107,64.85,0,0,0,無,有,無,24000,370,,0.0,0,,RPRNMLLJKILFFCD57CC
東區,建物,臺南市東區崇明十三街10巷14號,0.0,住,,,1051103,土地0建物1車位0,全,2,透天厝,住家用,加強磚造,0740629,128.69,4,1,3,有,無,無,17000,132,,0.0,0,,RPTNMLLJKILFFCD77CC
東區,建物,臺南市東區東安路48巷5號,0.0,住,,,1051104,土地0建物1車位0,一層,7,華廈(10層含以下有電梯),住家用,鋼筋混凝土構造,0701224,156.79000000000002,3,1,2,有,有,有,23000,147,,0.0,0,,RPVNMLLJKILFFCD97CC
東區,建物,臺南市東區中華東路三段24巷6號2樓,0.0,住,,,1051109,土地0建物1車位0,二層,5,公寓(5樓含以下無電梯),住家用,鋼筋混凝土構造,0701222,65.06,2,1,1,有,有,無,6500,100,,0.0,0,,RPWNMLLJKILFFCD08CC
東區,建物,臺南市東區中華東路三段24巷4號2樓,0.0,住,,,1051109,土地0建物1車位0,二層,5,公寓(5樓含以下無電梯),住家用,鋼筋混凝土構造,0701222,65.2,2,1,1,有,有,無,6500,100,,0.0,0,,RPXNMLLJKILFFCD18CC
安平區,建物,臺南市安平區平通路51號,0.0,,,,1051130,土地0建物1車位0,全,4,透天厝,住商用,鋼筋混凝土造,0791108,233.96,5,2,4,有,無,無,22000,94,,0.0,0,,RPRNMLLJKILFFAD37CC
北區,建物,臺南市北區小東路275號1樓,0.0,商,,,1051106,土地0建物1車位0,全,4,透天厝,住商用,鋼筋混凝土造,0710819,94.45,0,0,1,有,無,無,28000,296,,0.0,0,,RPUNMLLJKILFFAD67CC
北區,建物,臺南市北區公園南路339號11樓之5,0.0,住,,,1051108,土地0建物1車位0,十一層,14,住宅大樓(11層含以上有電梯),見其他登記事項,鋼筋混凝土造,0971219,100.16,2,1,1,有,有,有,22000,220,,0.0,0,,RPVNMLLJKILFFAD77CC
安平區,建物,臺南市安平區育平路70號4樓之1,0.0,住,,,1051121,土地0建物1車位0,四層,14,住宅大樓(11層含以上有電梯),見其他登記事項,見其他登記事項,1021125,57.49,2,1,1,有,有,有,16000,278,,0.0,0,,RPWNMLLJKILFFAD87CC
永康區,建物,臺南市永康區南工街226巷3弄6號六樓之2,0.0,住,,,1051104,土地0建物1車位0,六層,7,華廈(10層含以下有電梯),住家用,鋼筋混凝土造,0841127,158.15,4,2,2,有,有,無,15000,95,,0.0,0,,RPVNMLLJKILFFHR27CC
永康區,房地(土地+建物),臺南市永康區中華路1之6號,9.06,商,,,1051201,土地1建物1車位0,六層,24,辦公商業大樓,見其他登記事項,鋼造,0791205,149.26,0,0,0,無,無,無,9000,60,,0.0,0,,RPPNMLNJKILFFHR86CC
永康區,房地(土地+建物),臺南市永康區復國一路566號,80.42,住,,,1051111,土地1建物1車位0,全,5,透天厝,住商用,鋼筋混凝土造,0950428,236.91,5,3,4,有,無,無,31000,131,,0.0,0,,RPOOMLPJKILFFHR07CC
中西區,建物,臺南市中西區西華南街120巷16號四樓,0.0,商,,,1051201,土地0建物1車位0,四層,5,公寓(5樓含以下無電梯),住家用,鋼筋混凝土造,0730613,105.97999999999999,5,0,2,有,無,無,12000,113,,0.0,0,,RPVNMLPJKILFFAD18CC
北區,建物,臺南市北區小東路297之2號,0.0,住,,,1051203,土地0建物1車位0,全,4,透天厝,住商用,鋼筋混凝土造,0730818,93.48,0,2,1,有,無,無,20000,214,,0.0,0,,RPWNMLPJKILFFAD28CC
東區,建物,臺南市東區長東街103巷2號三樓之7,0.0,其他,,,1051129,土地0建物1車位0,三層,4,公寓(5樓含以下無電梯),住家用,鋼筋混凝土構造,0740627,95.72,3,1,1,有,無,有,9000,94,,0.0,0,,RPQNMLPJKILFFCD87CC
新市區,房地(土地+建物),臺南市新市區信義街35號,85.48,住,,,1051201,土地1建物1車位0,全,4,透天厝,住家用,鋼筋混凝土造,0800517,172.68,5,1,3,有,無,有,20000,116,,0.0,0,,RPSOMLPJKILFFER17CC
安南區,建物,臺南市安南區北安路二段420號,0.0,住,,,1051204,土地0建物1車位0,全,4,透天厝,住商用,鋼筋混凝土造,1010907,33.21,2,1,1,有,無,有,11000,331,,0.0,0,,RPTNMLQJKILFFBD18CC
善化區,房地(土地+建物),臺南市善化區牛庄555之26號,64.32,,特定農業區,農牧用地,1051201,土地1建物1車位0,全,4,透天厝,住家用,鋼筋混凝土造,1041015,51.05,1,0,1,有,無,有,4800,94,,0.0,0,,RPPNMLRJKILFFER96CC
東區,房地(土地+建物),臺南市東區中華東路二段167號九樓之1,3.81,住,,,1051110,土地1建物1車位0,九層,14,套房(1房1廳1衛),住家用,鋼筋混凝土構造,0970229,43.379999999999995,1,0,1,有,有,有,10000,231,,0.0,0,租金含管理費、網路、第四台。,RPTOMLSJKILFFCD58CC
東區,建物,臺南市東區勝利路５７號,0.0,住,,,1051128,土地0建物2車位0,見其他登記事項,3,店面(店鋪),住家用,加強磚造,0550805,418.71,4,6,5,有,無,無,112000,267,,0.0,0,,RPUOMLSJKILFFCD68CC
北區,房地(土地+建物),臺南市北區公園南路179號,82.64,商,,,1051207,土地1建物1車位0,全,2,透天厝,見其他登記事項,見其他登記事項,0880303,132.23,0,0,0,無,無,無,19000,144,,0.0,0,,RPUNMLTJKILFFAD48CC
東區,房地(土地+建物),臺南市東區富農街1段72巷21號,0.0,住,,,1051202,土地1建物1車位0,全,2,透天厝,住家用,加強磚造,0611211,99.22,3,1,1,有,無,無,8000,81,,0.0,0,,RPUNMLMKKILFFCD08CC
東區,建物,臺南市東區崇學路8號,0.0,商,,,1051112,土地0建物1車位0,一層,14,店面(店鋪),住商用,鋼筋混凝土構造,0830401,92.91,1,1,1,有,無,有,20000,215,,0.0,0,,RPPOMLMKKILFFCD67CC
東區,房地(土地+建物),臺南市東區中華東路二段167號五樓之21,4.44,其他,,,1051114,土地1建物1車位0,五層,14,套房(1房1廳1衛),住家用,鋼筋混凝土構造,0970229,49.269999999999996,1,0,1,有,有,有,9500,193,,0.0,0,,RPUOMLNKKILFFCD28CC
新市區,土地,三民段296地號,260.61,其他,,,1051212,土地1建物0車位0,,,其他,,,,0.0,0,0,0,有,無,有,25000,96,,0.0,0,,RPWNMLNKKILFFER37CC
中西區,房地(土地+建物),臺南市中西區中華西路二段520號15樓之11,12.35,住,,,1051210,土地1建物1車位0,十五層,15,住宅大樓(11層含以上有電梯),見其他登記事項,見其他登記事項,1020620,93.4,1,2,1,有,有,有,17000,182,,0.0,0,,RPTOMLNKKILFFAD97CC
北區,房地(土地+建物),臺南市北區南園街93號,125.0,住,,,1051116,土地1建物1車位0,全,2,透天厝,,加強磚造,0601020,66.35,0,1,1,有,無,無,20000,301,,0.0,0,,RPSPMLNKKILFFAD97CC
北區,房地(土地+建物),臺南市北區長榮路五段270號,79.15,住,,,1051212,土地1建物1車位0,全,3,透天厝,,鋼筋混凝土造,0700707,176.49,5,2,3,有,無,有,28000,159,,0.0,0,,RPPOMLNKKILFFAD67DC
東區,建物,臺南市東區東平路131號,324.0,,,,1051201,土地0建物1車位0,全,5,透天厝,見其他登記事項,鋼筋混凝土構造,1021204,214.42,0,0,0,無,無,無,65000,303,,0.0,0,,RPTNMLOKKILFFCD28DC
北區,建物,臺南市北區中華北路二段53巷33弄11號,0.0,住,,,1051214,土地0建物1車位0,全,4,透天厝,見其他登記事項,鋼筋混凝土造,0890303,180.02,6,2,4,有,無,有,23000,128,,0.0,0,,RPRNMLOKKILFFAD77CC
北區,建物,臺南市北區公園南路337號,0.0,,,,1051208,土地0建物1車位0,一層,14,住宅大樓(11層含以上有電梯),見其他登記事項,鋼筋混凝土造,0971219,101.72999999999999,2,1,1,有,有,有,22000,216,,0.0,0,,RPSNMLOKKILFFAD87CC
中西區,建物,臺南市中西區中山路88號九樓之4,0.0,住,,,1051207,土地0建物1車位0,九層,15,住宅大樓(11層含以上有電梯),住家用,鋼筋混凝土造,0840725,110.55,3,2,2,有,有,有,13500,122,,0.0,0,,RPUNMLOKKILFFAD08CC
安平區,建物,臺南市安平區育平三街63號四樓之1,0.0,,,,1051210,土地0建物1車位0,四層,7,華廈(10層含以下有電梯),住家用,鋼筋混凝土造,0820824,127.98,3,2,2,有,有,無,11500,90,,0.0,0,,RPVNMLOKKILFFAD18CC
中西區,建物,臺南市中西區成功路91號,0.0,,,,1051210,土地0建物1車位0,一層,5,店面(店鋪),住商用,鋼筋混凝土造,0600715,109.0,0,0,1,有,無,無,33000,303,,0.0,0,,RPWNMLOKKILFFAD28CC
北區,建物,臺南市北區和緯路四段95巷18號五樓,0.0,,,,1051212,土地0建物1車位0,五層,5,公寓(5樓含以下無電梯),住家用,鋼筋混凝土造,0701017,88.92,3,1,1,有,無,無,8000,90,,0.0,0,,RPOOMLOKKILFFAD57CC
中西區,建物,臺南市中西區頂美一街7號七樓之23,0.0,,,,1051213,土地0建物1車位0,七層,7,華廈(10層含以下有電梯),住家用,鋼筋混凝土造,0661202,34.33,1,1,1,有,有,有,7500,218,,0.0,0,,RPPOMLOKKILFFAD67CC
北區,房地(土地+建物),臺南市北區育德一街10號9樓,20.23,住,,,1051129,土地1建物1車位0,九層,10,華廈(10層含以下有電梯),見其他登記事項,鋼筋混凝土造,0930830,55.34,2,2,1,有,有,有,15000,271,,0.0,0,,RPROMLOKKILFFAD87CC
新市區,房地(土地+建物),臺南市新市區中正路106號,221.51,其他,,,1051115,土地1建物1車位0,全,3,透天厝,住商用,鋼筋混凝土造,0970701,122.61,0,0,0,無,無,無,38000,310,,0.0,0,,RPTNMLOKKILFFER17CC
新市區,房地(土地+建物),臺南市新市區可口街47號,76.68,住,,,1051213,土地1建物1車位0,全,2,透天厝,住商用,加強磚造,0670310,100.8,3,2,3,有,無,有,10000,99,,0.0,0,,RPPNMLPKKILFFER86CC
東區,房地(土地+建物),臺南市東區裕孝路６８６號,82.13,住,,,1051119,土地2建物1車位0,全,4,透天厝,見其他登記事項,鋼筋混凝土造,1010202,205.70999999999998,5,2,4,有,無,有,25000,122,,0.0,0,,RPRNMLPKKILFFCD08CC
東區,房地(土地+建物),臺南市東區裕農路13號,100.0,其他,,,1051213,土地1建物1車位0,見其他登記事項,3,店面(店鋪),住商用,加強磚造,0610622,232.89,5,2,3,有,無,無,28000,120,,0.0,0,,RPTNMLPKKILFFCD28CC
東區,房地(土地+建物),臺南市東區裕豐街258,67.0,其他,,,1051213,土地2建物1車位0,見其他登記事項,2,店面(店鋪),住家用,加強磚造,0641124,85.2,4,2,1,有,無,無,15000,176,,0.0,0,,RPSNMLQKKILFFCD28CC
東區,房地(土地+建物),臺南市東區裕信二街171號,317.39,其他,,,1051210,土地2建物1車位0,全,5,透天厝,見其他登記事項,鋼筋混凝土造,0871007,224.68,5,2,6,有,無,有,30000,134,,0.0,0,,RPTNMLQKKILFFCD38CC
東區,房地(土地+建物),臺南市東區東門路三段365巷13號,117.27,其他,,,1051118,土地1建物1車位0,見其他登記事項,2,店面(店鋪),見其他登記事項,鋼筋混凝土造,0990915,119.58,0,0,0,無,無,無,42000,351,,0.0,0,,RPUNMLQKKILFFCD48CC
北區,土地,大豐段1470-3地號,325.52,商,,,1051216,土地2建物0車位0,,,其他,,,,0.0,0,0,0,有,無,有,100000,307,,0.0,0,,RPQNMLRKKILFFAD97CC
中西區,房地(土地+建物),臺南市中西區海安路二段115巷3號,76.84,住,,,1051217,土地3建物1車位0,見其他登記事項,3,店面(店鋪),住家用,加強磚造,0571030,195.42,4,2,3,有,無,有,25000,128,,0.0,0,,RPVNMLTKKILFFAD68CC
東區,房地(土地+建物),臺南市東區裕豐街84巷23號之3,1233.24,其他,,,1051211,土地3建物1車位0,四層,5,公寓(5樓含以下無電梯),住家用,鋼筋混凝土構造,0700710,100.02,4,2,2,有,無,有,13700,137,,0.0,0,,RPQOMLTKKILFFCD48CC
安平區,房地(土地+建物),臺南市安平區育平七街80巷42號,107.0,住,,,1051219,土地1建物1車位0,全,4,透天厝,住商用,鋼筋混凝土造,0830117,282.46,6,2,4,有,無,有,8000,28,,0.0,0,,RPRNMLKLKILFFAD47CC
中西區,房地(土地+建物),臺南市中西區中華西路二段520號4樓之5,12.22,住,,,1051219,土地1建物1車位0,四層,15,住宅大樓(11層含以上有電梯),見其他登記事項,見其他登記事項,1020620,92.51,2,1,1,有,無,有,22000,238,,0.0,0,,RPSNMLKLKILFFAD57CC
東區,房地(土地+建物),臺南市東區崇德二十街81號6F,16.98,住,,,1051218,土地1建物1車位0,六層,6,華廈(10層含以下有電梯),住家用,鋼筋混凝土構造,0820515,76.09,2,1,1,有,有,有,9000,118,,0.0,0,,RPSNMLLLKILFFCD87CC
鹽水區,房地(土地+建物),臺南市鹽水區尾寮64號,84.54,,鄉村區,乙種建築用地,1051112,土地1建物1車位0,全,3,透天厝,住家用,鋼筋混凝土造,0820312,133.09,3,2,2,有,無,無,5700,43,,0.0,0,,RPUNMLLLKILFFAR76DC
永康區,建物,臺南市永康區復國一路295巷8號7樓之5,0.0,其他,,,1051218,土地0建物1車位0,七層,19,住宅大樓(11層含以上有電梯),住家用,鋼筋混凝土造,0840908,87.9,3,1,1,有,有,有,11000,125,,0.0,0,,RPVRMLMLKILFFHR97CC
南區,房地(土地+建物),臺南市南區金華路一段104號,115.0,住,,,1051221,土地1建物1車位0,全,3,透天厝,住商用,鋼筋混凝土造,0640807,226.14,1,3,2,有,無,無,40000,177,,0.0,0,,RPUNMLMLKILFFCD18CC
新市區,建物,臺南市新市區長安街36巷37號四樓之2,0.0,住,,,1051217,土地0建物1車位0,四層,5,華廈(10層含以下有電梯),見其他登記事項,鋼筋混凝土造,1050531,67.64,2,1,1,有,有,有,12500,185,,0.0,0,1.合約書無填具土地租賃面積2.由所有權人提供出租資訊,RPUNMLMLKILFFER17CC
北區,建物,臺南市北區北園街53巷40之1號,0.0,住,,,1051217,土地0建物1車位0,全,2,透天厝,住家用,加強磚造,0570716,61.31,2,1,2,有,無,有,13500,220,,0.0,0,,RPUOMLMLKILFFAD08CC
中西區,建物,臺南市中西區中正路356號二樓之6,0.0,商,,,1051216,土地0建物1車位0,二層,14,住宅大樓(11層含以上有電梯),見其他登記事項,鋼筋混凝土造,0970812,277.43,3,2,2,有,有,有,39000,141,,0.0,0,,RPXOMLMLKILFFAD38CC
中西區,土地,孔廟段317地號,66.12,商,,,1051223,土地1建物0車位0,,,其他,,,,0.0,0,0,0,有,無,無,65000,983,,0.0,0,,RPVNMLQLKILFFAD48CC
永康區,建物,臺南市永康區永二街269號一樓,323.43,其他,,,1051207,土地0建物1車位0,全,5,透天厝,見其他登記事項,見其他登記事項,1040703,102.05,0,1,1,有,無,有,30000,294,,0.0,0,,RPXNMLQLKILFFHR18CC
北區,房地(土地+建物),臺南市北區成功路602號,88.0,商,,,1051201,土地1建物1車位0,見其他登記事項,2,店面(店鋪),住商用,加強磚造,0661216,134.2,1,2,2,有,無,無,32000,238,,0.0,0,,RPUOMLRLKILFFAD58CC
北區,土地,大豐段2262地號,98.58,住,,,1051220,土地1建物0車位0,,,其他,,,,0.0,0,0,0,有,無,無,5000,51,,0.0,0,,RPXNMLSLKILFFAD88CC
北區,建物,臺南市北區長榮路五段139巷13號,0.0,住,,,1051226,土地0建物1車位0,全,2,透天厝,住家用,加強磚造,0610312,90.74,4,2,2,有,無,無,9500,105,,0.0,0,,RPTOMLSLKILFFAD58CC
安南區,建物,臺南市安南區安中路四段320巷129弄34之10號,0.0,住,,,1051222,土地0建物1車位0,全,2,透天厝,住家用,鋼筋混凝土造,0811222,129.87,3,2,2,有,無,無,10000,77,,0.0,0,,RPQNMLSLKILFFBD28CC
東區,房地(土地+建物),臺南市東區中華東路二段167號三樓之19,4.65,其他,,,1051129,土地1建物1車位0,三層,14,套房(1房1廳1衛),住家用,鋼筋混凝土構造,0970229,51.92,1,1,1,有,有,有,9500,183,,0.0,0,租金含管理費、網路、第四台。,RPWNMLSLKILFFCD98CC
永康區,土地,蔦松南段16地號,0.0,農,,,1051226,土地1建物0車位0,,,其他,,,,0.0,0,0,0,有,無,無,32000,0,,0.0,0,,RPRNMLSLKILFFHR77CC
永康區,房地(土地+建物),臺南市永康區二王路127號,0.0,住,,,1051224,土地1建物1車位0,一層,4,店面(店鋪),見其他登記事項,見其他登記事項,1021226,56.77,0,0,0,無,無,無,6000,106,,0.0,0,,RPUPMLTLKILFFHR48DC
永康區,房地(土地+建物),臺南市永康區二王路127號,0.0,住,,,1051224,土地1建物1車位0,全,4,透天厝,見其他登記事項,見其他登記事項,1021226,192.53,5,2,4,有,無,無,21000,109,,0.0,0,,RPRQMLTLKILFFHR28DC
北區,房地(土地+建物),臺南市北區長勝路61號,0.0,住,,,1051215,土地1建物1車位0,見其他登記事項,3,店面(店鋪),見其他登記事項,鋼筋混凝土造,0920916,151.05,2,2,3,有,無,無,16000,106,,0.0,0,,RPPQMLTLKILFFAD58DC
北區,房地(土地+建物),臺南市北區自強街69巷15號,0.0,住,,,1051215,土地1建物1車位0,全,2,透天厝,住家用,加強磚造,0580122,56.96,3,1,2,有,無,無,8000,140,,0.0,0,,RPQQMLTLKILFFAD68DC
安南區,房地(土地+建物),臺南市安南區國安街155巷20弄5號,40.91,住,,,1051217,土地1建物1車位0,全,2,透天厝,住商用,加強磚造,0701030,72.04,2,2,2,有,無,有,10000,139,,0.0,0,,RPUNMLTLKILFFBD78CC
仁德區,房地(土地+建物)+車位,臺南市仁德區上崙街459巷21號,72.24,其他,,,1051229,土地1建物1車位1,全,3,透天厝,住商用,加強磚造,0710508,95.63,2,2,2,有,無,無,8000,84,其他,0.0,0,,RPTNMLTLKILFFFR87CC
中西區,建物,臺南市中西區府前路一段196巷7號四樓之2,0.0,商,,,1051227,土地0建物1車位0,四層,5,公寓(5樓含以下無電梯),住家用,鋼筋混凝土造,0690614,106.11999999999999,3,1,2,有,無,有,8500,80,,0.0,0,,RPSNMLTLKILFFAD48CC
中西區,房地(土地+建物),臺南市中西區民生路二段386號1+2F,88.92,住,,,1051230,土地1建物1車位0,一層,2,店面(店鋪),住商用,鋼筋混凝土造,0880716,562.93,0,1,2,有,無,無,130000,231,,0.0,0,,RPSQMLKMKILFFAD97CC
仁德區,建物,臺南市仁德區仁義村中山路265號,0.0,住,,,1051230,土地0建物1車位0,全,4,透天厝,住商用,鋼筋混凝土造,0970912,344.03,4,5,7,有,無,無,30650,89,,0.0,0,1.合約書無填具土地租賃面積2.由所有權人提供出租資訊3.租整棟透天,RPROMLKMKILFFFR96CC
東區,房地(土地+建物),臺南市東區中華東路２段167號六樓之８,2.96,其他,,,1051201,土地1建物1車位0,六層,14,套房(1房1廳1衛),住家用,鋼筋混凝土構造,0970229,34.2,1,1,1,有,有,有,8000,234,,0.0,0,租金含管理費、第四台及網路。,RPQPMLKMKILFFCD87CC
東區,房地(土地+建物),臺南市東區中華東路二段169號十樓之9,3.81,其他,,,1051205,土地1建物1車位0,十層,14,套房(1房1廳1衛),住家用,鋼筋混凝土構造,0970229,41.23,1,0,1,有,有,有,10000,243,,0.0,0,租金含管理費、網路、第四台。,RPSPMLKMKILFFCD08CC
東區,建物,臺南市東區林森路一段395號十四樓,0.0,商,,,1060101,土地0建物1車位0,十四層,14,辦公商業大樓,商業用,鋼筋混凝土構造,0870526,195.3,0,0,0,無,無,有,30000,154,,0.0,0,租賃範圍不含車位，且無法區分車位面積。,RPPNMLMJJHMFFCD37CC
關廟區,房地(土地+建物),臺南市關廟區關新路一段833號,93.0,,鄉村區,乙種建築用地,1051202,土地1建物1車位0,見其他登記事項,4,店面(店鋪),見其他登記事項,鋼筋混凝土造,1040722,183.87,5,2,3,有,無,無,13000,71,,0.0,0,鄉村區乙種建築用地,RPQNMLMJJHMFFFR56CC
永康區,房地(土地+建物),臺南市永康區勝利街22弄45弄63號,65.22,其他,,,1060101,土地1建物1車位0,全,2,透天厝,住家用,加強磚造,0641101,89.93,4,2,3,有,無,無,12000,133,,0.0,0,,RPOQMLNJJHMFFHR96CC
永康區,建物,臺南市永康區南台街１３巷４５號１５樓之二,0.0,住,,,1051209,土地0建物1車位0,十五層,16,住宅大樓(11層含以上有電梯),住家用,鋼筋混凝土造,0840523,101.96,4,2,2,有,有,有,15000,147,,0.0,0,,RPXPMLOJJHMFFHR87CC
東區,房地(土地+建物),臺南市東區崇明路71號1-2樓,64.76,住,,,1060101,土地1建物1車位0,一層,5,店面(店鋪),住商用,鋼筋混凝土構造,0860226,122.83,4,1,2,有,無,無,22000,179,,0.0,0,承租1-2樓,RPUNMLOJJHMFFCD08CC
北區,房地(土地+建物),臺南市北區海安路三段596號,112.2,商,,,1051218,土地1建物1車位0,一層,5,店面(店鋪),見其他登記事項,見其他登記事項,0930830,63.06,2,2,1,有,無,無,20000,317,,0.0,0,,RPTNMLOJJHMFFAD77CC
北區,房地(土地+建物),臺南市北區開元路485巷41弄6號6樓之2,0.0,住,,,1051217,土地1建物1車位0,六層,14,住宅大樓(11層含以上有電梯),見其他登記事項,鋼筋混凝土構造,0891120,21.84,1,0,1,有,無,有,5500,252,,0.0,0,,RPVNMLOJJHMFFAD97CC
安平區,房地(土地+建物)+車位,臺南市安平區怡平路468巷81號4樓之3,0.0,住,,,1051231,土地1建物1車位1,四層,7,華廈(10層含以下有電梯),見其他登記事項,鋼筋混凝土構造,0890724,71.44,3,2,2,有,無,有,13000,182,坡道機械,11.32,0,,RPOPMLPJJHMFFAD57CC
北區,建物,臺南市北區公園路769巷20弄54號,0.0,住,,,1051231,土地0建物1車位0,全,2,透天厝,住家用,加強磚造,0600610,83.36,2,2,1,有,無,有,9000,108,,0.0,0,,RPPRMLPJJHMFFAD87CC
北區,土地,正興段1032-3地號,0.0,住,,,1051221,土地1建物0車位0,,,其他,,,,0.0,0,0,0,有,無,無,6500,0,,0.0,0,,RPOSMLPJJHMFFAD87CC
東區,建物,臺南市東區中華東路三段380巷55弄16號,0.0,住,,,1060101,土地0建物1車位0,全,4,透天厝,住家用,鋼筋混凝土造,0781130,262.6,4,2,3,有,無,無,21000,80,,0.0,0,,RPVOMLPJJHMFFCD38CC
東區,房地(土地+建物),臺南市東區中華東路二段167號11樓之8,2.96,其他,,,1051210,土地1建物1車位0,十一層,14,套房(1房1廳1衛),住家用,鋼筋混凝土構造,0970229,34.2,1,0,1,有,有,有,8000,234,,0.0,0,租金含管理費、網路、第四台。,RPWOMLPJJHMFFCD48CC
安定區,房地(土地+建物),臺南市安定區海寮63號,560.0,,鄉村區,乙種建築用地,1051228,土地1建物1車位0,全,3,透天厝,住家用,鋼筋混凝土造,0751205,444.54,7,4,6,有,無,無,10000,22,,0.0,0,,RPUNMLPJJHMFFER17CC
永康區,建物,臺南市永康區中正南路592巷38弄14號,0.0,住,,,1051213,土地0建物0車位0,一層,2,套房(1房1廳1衛),住商用,加強磚造,0700722,19.8,1,0,1,有,無,有,4500,227,,0.0,0,租金含網路、第四台及水。,RPRPMLQJJHMFFHR47CC
北區,房地(土地+建物),臺南市北區中華北路一段384號,80.9,住,,,1060102,土地1建物1車位0,見其他登記事項,5,店面(店鋪),住商用,鋼筋混凝土構造,0840615,274.33,5,2,4,有,無,無,27000,98,,0.0,0,,RPQNMLRJJHMFFAD77CC
中西區,建物,臺南市中西區府前路二段258巷31號四樓之11,0.0,住,,,1060105,土地0建物1車位0,四層,6,華廈(10層含以下有電梯),住家用,鋼筋混凝土構造,0790615,28.85,1,1,1,有,有,有,6500,225,,0.0,0,,RPQOMLTJJHMFFAD08CC
南區,建物,臺南市南區永成路三段372巷51弄26之6號,57.0,,,,1051229,土地0建物1車位0,全,4,透天厝,見其他登記事項,鋼筋混凝土造,1050205,198.75,5,2,3,有,無,無,22000,111,,0.0,0,,RPRNMLTJJHMFFCD28CC
東區,房地(土地+建物),臺南市東區崇明路60號,79.0,住,,,1051229,土地1建物1車位0,見其他登記事項,2,店面(店鋪),住商用,鋼筋混凝土造,0741120,121.15,3,2,2,有,無,無,25000,206,,0.0,0,,RPSNMLTJJHMFFCD38CC
永康區,建物,臺南市永康區復華三街90巷14號十六樓之5,0.0,商,,,1060104,土地0建物1車位0,十六層,17,住宅大樓(11層含以上有電梯),住家用,鋼筋混凝土造,0831108,161.02,3,2,2,有,有,有,14350,89,,0.0,0,1.合約書無填具土地租賃面積2.由所有權人提供出租資訊3.租金已包含車位,RPTOMLTJJHMFFHR87CC
永康區,建物,臺南市永康區東橋十街32號,0.0,住,,,1060109,土地0建物1車位0,全,4,透天厝,見其他登記事項,見其他登記事項,1001128,208.05,5,2,6,有,無,無,39000,187,,0.0,0,,RPOOMLKKJHMFFHR56CC
永康區,建物,臺南市永康區復華六街６７巷１５號四樓之１,0.0,住,,,1051217,土地0建物1車位0,四層,5,公寓(5樓含以下無電梯),住家用,見其他登記事項,1050202,73.97,2,1,1,有,有,有,18000,243,,0.0,0,租金含管理費。,RPPPMLKKJHMFFHR76CC
東區,房地(土地+建物),臺南市東區自由路一段33號,89.0,住,,,1060109,土地1建物1車位0,全,4,透天厝,見其他登記事項,鋼筋混凝土造,1010312,209.3,5,2,3,有,無,有,25000,119,,0.0,0,,RPQNMLKKJHMFFCD37CC
東區,建物,臺南市東區裕農路726巷2弄12之2號,0.0,住,,,1051212,土地0建物1車位0,三層,5,公寓(5樓含以下無電梯),住家用,鋼筋混凝土構造,0700921,88.42,3,1,1,有,無,有,8000,90,,0.0,0,,RPVOMLKKJHMFFCD97CC
東區,房地(土地+建物),臺南市東區中華東路二段167號11樓之7,2.96,其他,,,1051214,土地1建物1車位0,十一層,14,套房(1房1廳1衛),住家用,鋼筋混凝土構造,0970229,34.2,1,0,1,有,有,有,7500,219,,0.0,0,租金含管理費。,RPWOMLKKJHMFFCD08CC
東區,建物,臺南市東區富農街一段199巷3號3樓,0.0,住,,,1051218,土地0建物1車位0,三層,11,住宅大樓(11層含以上有電梯),住家用,鋼筋混凝土構造,0801121,177.87,4,2,2,有,有,無,15000,84,,0.0,0,,RPOOMLLKJHMFFCD37CC
東區,建物,臺南市東區裕農路145號,0.0,住,,,1060105,土地0建物1車位0,全,2,透天厝,住商用,加強磚造,0630412,124.57,3,2,2,有,無,無,18000,144,,0.0,0,,RPPOMLLKJHMFFCD47CC
安南區,建物,臺南市安南區城西一街249巷113弄10號,0.0,住,,,1051218,土地0建物1車位0,全,4,透天厝,住商用,鋼筋混凝土造,0850716,148.78,3,1,3,有,無,無,13000,87,,0.0,0,,RPSNMLLKJHMFFBD57CC
新營區,房地(土地+建物),臺南市新營區大同路39-1號,4.88,住,,,1051226,土地1建物1車位0,三層,8,華廈(10層含以下有電梯),住家用,鋼筋混凝土造,0811015,32.9,3,2,2,有,無,無,8000,243,,0.0,0,,RPVNMLLKJHMFFAR56CC
中西區,房地(土地+建物),臺南市中西區中華西路二段670號,97.71,其他,,,1060107,土地1建物1車位0,見其他登記事項,5,店面(店鋪),見其他登記事項,見其他登記事項,0941226,287.86,4,2,4,有,無,無,32000,111,,0.0,0,,RPQNMLLKJHMFFAD27CC
北區,建物,臺南市北區開元路485巷41弄8號13樓之7,0.0,住,,,1051219,土地0建物1車位0,十三層,14,住宅大樓(11層含以上有電梯),見其他登記事項,鋼筋混凝土構造,0891120,89.73,3,1,2,有,有,有,12000,134,,0.0,0,,RPQOMLLKJHMFFAD37CC
安南區,建物,臺南市安南區大安街15號,99.47,住,,,1051230,土地0建物1車位0,全,2,透天厝,住商用,加強磚造,0701217,113.8,5,1,3,有,無,無,12000,105,,0.0,0,,RPQOMLMKJHMFFBD57CC
新市區,房地(土地+建物),臺南市新市區中山路224號,140.33,住,,,1051223,土地1建物1車位0,全,5,透天厝,見其他登記事項,鋼筋混凝土造,0960712,102.06,0,0,0,無,無,無,20000,196,,0.0,0,內含兩個外部車位,RPSOMLMKJHMFFER86CC
永康區,建物,臺南市永康區中正北路54號十樓之12,0.0,住,,,1060101,土地0建物1車位0,十層,12,套房(1房1廳1衛),住家用,鋼筋混凝土造,0830524,50.26,1,0,1,有,無,無,7000,139,,0.0,0,,RPSNMLMKJHMFFHR07CC
東區,建物,臺南市東區崇善十四街34號,0.0,住,,,1060112,土地0建物1車位0,全,2,透天厝,住商用,加強磚造,0700727,117.52,2,2,3,有,無,無,10000,85,,0.0,0,,RPTNMLNKJHMFFCD97CC
東區,房地(土地+建物),臺南市東區中華東路二段167號11樓之1,3.81,其他,,,1051219,土地1建物1車位0,十一層,14,套房(1房1廳1衛),住家用,鋼筋混凝土構造,0970229,43.379999999999995,1,0,1,有,有,有,10000,231,,0.0,0,租金含管理費、網路及第四台。,RPVOMLRKJHMFFCD68CC
安平區,房地(土地+建物),臺南市安平區安平路446巷17弄1號,115.0,住,,,1060113,土地1建物1車位0,全,1,透天厝,住家用,加強磚造,0670908,139.44,2,2,3,有,無,無,18800,135,,0.0,0,,RPOOMLRKJHMFFAD77CC
北區,建物,臺南市北區北園街8巷28號七樓之7,0.0,商,,,1060115,土地0建物1車位0,七層,19,住宅大樓(11層含以上有電梯),見其他登記事項,鋼筋混凝土構造,0961227,101.9,1,2,1,有,有,有,13500,132,,0.0,0,,RPXNMLSKJHMFFAD68CC
東區,建物,臺南市東區莊敬路21巷16號,0.0,住,,,1060114,土地0建物1車位0,一層,9,華廈(10層含以下有電梯),住家用,鋼筋混凝土構造,0870914,152.97,3,2,2,有,有,有,20000,131,,0.0,0,1.合約書無填具土地租賃面積2.由所有權人提供出租資訊3.租金已包含車位,RPVNMLSKJHMFFCD68CC
新化區,建物,臺南市新化區民治路33巷30號五樓之3,0.0,住,,,1060116,土地0建物1車位0,五層,8,華廈(10層含以下有電梯),住家用,鋼筋混凝土造,0841017,98.35000000000001,2,1,2,有,無,無,9000,92,,0.0,0,,RPOOMLSKJHMFFER07CC
永康區,建物,臺南市永康區中華二路266巷19號十四樓之3,0.0,住,,,1060109,土地0建物1車位0,十四層,16,住宅大樓(11層含以上有電梯),住家用,鋼筋混凝土造,0850522,123.22,2,2,1,有,有,有,15000,122,,0.0,0,1.合約書無填具土地租賃面積2.由所有權人提供出租資訊3.租金已包含車位,RPVOMLSKJHMFFHR08CC
永康區,土地,崑山段697地號,55.67,住,,,1051128,土地1建物0車位0,,,其他,,,,0.0,0,0,0,有,無,無,15000,269,,0.0,0,,RPXOMLSKJHMFFHR28CC
永康區,建物,臺南市永康區中華二路358巷6號五樓之5,0.0,住,,,1060114,土地0建物1車位0,五層,20,住宅大樓(11層含以上有電梯),住家用,鋼筋混凝土造,0810919,150.43,4,1,2,有,無,無,13000,86,,0.0,0,1.合約書無填具土地租賃面積.2.由所有權人提供出租資訊3.租金已包含車位,RPRPMLSKJHMFFHR77CC
永康區,建物,臺南市永康區大灣路１０２０巷３號,0.0,工,,,1051222,土地0建物0車位0,五層,5,套房(1房1廳1衛),見其他登記事項,見其他登記事項,0790626,23.5,1,0,1,有,無,有,5500,234,,0.0,0,是租此建物 加蓋的五樓。,RPSNMLTKJHMFFHR77CC
東區,房地(土地+建物),臺南市東區中華東路三段385號16F之1,14.89,住,,,1051227,土地1建物1車位0,十六層,20,住宅大樓(11層含以上有電梯),住家用,鋼筋混凝土構造,0891128,143.99,3,2,2,有,有,有,22000,153,,0.0,0,含管理費,RPOTMLTKJHMFFCD68CC
安平區,房地(土地+建物),臺南市安平區永華路二段530號,509.0,住,,,1060118,土地1建物1車位0,全,4,透天厝,商業用,見其他登記事項,0850304,692.88,0,0,0,無,無,無,140000,202,,0.0,0,,RPWNMLTKJHMFFAD68CC
東區,建物,臺南市東區富農街二段６５巷１８號,0.0,住,,,1060106,土地0建物1車位0,全,2,透天厝,住家用,加強磚造,0650309,82.09,3,2,2,有,無,無,13000,158,,0.0,0,,RPSOMLNLJHMFFCD08CC
南區,房地(土地+建物),臺南市南區大同路二段406巷38之4號5樓,15.0,住,,,1060110,土地1建物1車位0,五層,5,公寓(5樓含以下無電梯),住家用,鋼筋混凝土構造,0710226,93.45,3,2,2,有,無,有,10000,107,,0.0,0,,RPSNMLOLJHMFFCD08CC
東區,房地(土地+建物),臺南市東區中華東路二段167號九樓之1,3.81,其他,,,1051229,土地1建物1車位0,九層,14,套房(1房1廳1衛),住家用,鋼筋混凝土構造,0970229,43.379999999999995,1,0,1,有,有,有,9500,219,,0.0,0,租金含管理費、網路、第四台。,RPQPMLOLJHMFFCD08CC
新營區,房地(土地+建物),臺南市新營區文昌街16號7樓之2,1.52,住,,,1060112,土地1建物1車位0,七層,7,套房(1房1廳1衛),住家用,鋼筋混凝土造,0820325,10.32,1,0,1,有,無,有,5000,484,,0.0,0,,RPXNMLOLJHMFFAR17CC
新營區,房地(土地+建物),臺南市新營區民生路385巷13弄13之3號,4.53,住,,,1060122,土地1建物1車位0,七層,7,華廈(10層含以下有電梯),住家用,鋼筋混凝土造,0830228,32.06,2,2,1,有,無,有,7000,218,,0.0,0,,RPOOMLOLJHMFFAR98CC
北區,建物,臺南市北區長榮路四段31巷23弄25之3號,0.0,住,,,1060122,土地0建物1車位0,四層,5,公寓(5樓含以下無電梯),住家用,鋼筋混凝土構造,0741226,113.13,3,2,2,有,無,有,9000,80,,0.0,0,,RPQOMLOLJHMFFAD77CC
永康區,建物,臺南市永康區南工街247巷35弄43號,0.0,住,,,1060123,土地0建物1車位0,全,2,透天厝,住家用,加強磚造,0691111,97.81,3,1,4,有,無,有,12000,123,,0.0,0,1.合約書無填具土地租賃面積2.由所有權人提供出租資訊3.租整棟透天,RPRQMLOLJHMFFHR57CC
永康區,建物,臺南市永康區龍埔街139巷6號7樓之2,0.0,住,,,1060103,土地0建物1車位0,七層,8,華廈(10層含以下有電梯),住家用,鋼筋混凝土造,0840624,101.03,3,1,2,有,有,有,12500,124,,0.0,0,,RPSPMLPLJHMFFHR67CC
永康區,房地(土地+建物)+車位,臺南市永康區中華二路266巷15號5樓之1,14.04,住,,,1060102,土地1建物1車位1,五層,16,住宅大樓(11層含以上有電梯),住家用,鋼筋混凝土造,0850522,125.88,3,2,2,有,有,無,11200,89,坡道機械,0.0,0,,RPRTMLPLJHMFFHR97CC
北區,建物,臺南市北區公園路509巷8弄14號,0.0,住,,,1060110,土地0建物1車位0,全,2,透天厝,住家用,加強磚造,0610605,54.06,3,2,1,有,無,有,10000,185,,0.0,0,,RPROMLPLJHMFFAD97CC
安平區,建物,臺南市安平區郡平路188號4樓之2,0.0,住,,,1060110,土地0建物1車位0,四層,17,住宅大樓(11層含以上有電梯),住家用,鋼筋混凝土構造,0850907,138.87,3,1,2,有,有,有,15000,108,,0.0,0,,RPTOMLPLJHMFFAD18CC
仁德區,建物,臺南市仁德區德洋二街19巷8號,0.0,住,,,1060123,土地0建物1車位0,全,3,透天厝,住家用,鋼筋混凝土造,0810831,161.2,6,2,3,有,無,有,20000,124,,0.0,0,,RPSOMLPLJHMFFFR37CC
東區,建物,臺南市東區東門路二段301巷53弄20號2樓,0.0,住,,,1060121,土地0建物1車位0,二層,6,華廈(10層含以下有電梯),住家用,鋼筋混凝土構造,0830412,109.14,3,2,2,有,有,有,10500,96,,0.0,0,,RPSOMLPLJHMFFCD28CC
東區,房地(土地+建物),臺南市東區中華東路二段193號十一樓之7,2.59,其他,,,1060101,土地1建物1車位0,十一層,20,住宅大樓(11層含以上有電梯),住家用,鋼筋混凝土構造,0841106,34.33,1,0,1,有,有,有,7700,224,,0.0,0,,RPXOMLQLJHMFFCD88CC
中西區,土地,保西段102地號,29.02,其他,,,1051226,土地1建物0車位0,,,其他,,,,0.0,3,0,0,有,無,有,22000,758,,0.0,0,,RPWOMLQLJHMFFAD58CC
