﻿編號,土地位置,土地移轉面積(平方公尺),使用分區或編定,權利人持分分母,權利人持分分子,移轉情形,地號
The serial number, land position,land shifting area square meter,the use zoning or compiles and checks,,,,land parcel
RPOOMLLJJILFFBE27CC,苓東段,105.00,都市：商,,,,11490000
RPVNMLLJJILFFBE87CC,新興段二小段,19.33,都市：商,,,,07730000
RPOPMLLJJILFFBE37CC,新興段二小段,17.66,都市：商,,,,17330000
RPOPMLLJJILFFBE37CC,新興段二小段,38.86,都市：商,,,,17320000
RPSOMLLJJILFFBE67CC,林德官段,16.70,都市：商,,,,11910000
RPTOMLLJJILFFGE38DC,道爺?段,542.00,都市：住,,,,10930099
RPTOMLLJJILFFAE67CC,博孝段,46.00,都市：住,,,,11300000
RPPNMLLJJILFFAE17CC,青海段,.00,都市：商,,,,01510000
RPOOMLLJJILFFAE17CC,北金段,23.62,都市：住,,,,10390000
RPOOMLLJJILFFAE17CC,北金段,11.19,都市：住,,,,10300000
RPXNMLLJJILFFEE38CC,新庄段十二小段,232.00,都市：住,,,,09700000
RPVOMLMJJILFFEE38CC,菜公段五小段,.34,都市：住,,,,07530000
RPVOMLMJJILFFEE38CC,菜公段五小段,18.57,都市：住,,,,07540000
RPWOMLMJJILFFDE38CC,建德段,101.00,都市：商,,,,03660002
RPRNMLLJJILFFIE18CC,新赤山段,.00,都市：住,,,,01140008
RPTNMLMJJILFFBE77CC,意誠段,.00,都市：商,,,,01990000
RPOOMLMJJILFFLE48DC,龍潭段,64.79,都市：住,,,,04880000
RPVOMLMJJILFFAE97CC,龍華段八小段,11.25,都市：商,,,,24200000
RPXNMLMJJILFFBE18CC,五塊厝段,51.00,非都市： ; 非都市編定：,,,,21600000
RPWNMLMJJILFFBE08CC,意誠段,.00,都市：商,,,,01990000
RPXOMLMJJILFFAE18CC,龍華段九小段,.00,都市：住,,,,09580000
RPVNMLMJJILFFBE97CC,意誠段,.00,都市：商,,,,01990000
RPSOMLNJJILFFDE08CC,大港段七小段,163.00,都市：商,,,,04310004
RPSOMLNJJILFFDE08CC,大港段七小段,14.00,都市：商,,,,04310016
RPWNMLNJJILFFDE38CC,大豐段三小段,84.00,都市：商,,,,00010014
RPRPMLNJJILFFLE88CC,後庄段,60.79,都市：住,,,,07340000
RPWOMLOJJILFFDE58CC,獅頭段,76.00,都市：住,,,,23340020
RPWNMLNJJILFFEE48CC,福山段,.00,都市：商,,,,05360000
RPUNMLOJJILFFEE38CC,福山段,207.03,都市：住,,,,03770000
RPOPMLMJJILFFEE77CC,左西段,.00,都市：商,,,,19040003
RPOPMLMJJILFFEE77CC,左西段,.00,都市：商,,,,19020000
RPOPMLMJJILFFEE77CC,左西段,.00,都市：商,,,,19030001
RPPOMLNJJILFFEE87CC,福山段,273.25,都市：住,,,,01840003
RPWOMLMJJILFFEE48CC,福民段,17.54,都市：住,,,,03890000
RPUNMLOJJILFFCE18CC,獅甲段二小段,86.86,都市：其他:國宅用地,,,,05890000
RPSNMLPJJILFFCE08CC,光華段一小段,14.20,都市：商,,,,19140005
RPPNMLPJJILFFDE87CC,大港段六小段,.66,都市：商,,,,05610001
RPPNMLPJJILFFDE87CC,大港段六小段,36.33,都市：其他:道路用地,,,,05610136
RPTNMLPJJILFFDE28CC,中華段二小段,76.00,都市：商,,,,14990000
RPTNMLPJJILFFDE28CC,中華段二小段,6.00,都市：商,,,,15000000
RPQNMLPJJILFFBE77CC,林德官段四小段,.00,都市：商,,,,39620000
RPQNMLNJJILFFBE57CC,新興段四小段,.00,非都市： ; 非都市編定：,,,,15590000
RPQNMLNJJILFFBE57CC,新興段四小段,.00,非都市： ; 非都市編定：,,,,15600000
RPQNMLNJJILFFBE57CC,新興段四小段,.00,非都市： ; 非都市編定：,,,,15610000
RPQOMLMJJILFFBE57CC,林德官段,.00,都市：商,,,,11880000
RPTNMLPJJILFFBE08CC,苓洲段,.00,都市：商,,,,05420000
RPXOMLMJJILFFBE28CC,林德官段二小段,57.77,都市：住,,,,34080000
RPPOMLMJJILFFBE47CC,新興段四小段,56.00,都市：商,,,,09110000
RPVNMLRJJILFFEE78CC,新庄段二小段,84.00,都市：住,,,,06730000
RPRNMLPJJILFFBE87CC,林德官段一小段,.00,都市：住,,,,31240000
RPPOMLRJJILFFEE28CC,楠梓段一小段,76.00,都市：住,,,,01510006
RPWNMLRJJILFFFE98CC,頂蚵子寮段,113.00,都市：商,,,,00151288
RPWNMLRJJILFFFE98CC,頂蚵子寮段,225.00,都市：商,,,,00150229
RPVNMLRJJILFFFE88CC,頂蚵子寮段,225.00,都市：商,,,,00150229
RPVNMLRJJILFFFE88CC,頂蚵子寮段,113.00,都市：商,,,,00151288
RPRNMLRJJILFFCE18CC,憲德段一小段,.00,都市：住,,,,08040000
RPWNMLSJJILFFAE58CC,文東段,3.76,都市：住,,,,05950000
RPQNMLSJJILFFAE97CC,龍華段八小段,10.27,都市：商,,,,22910000
RPROMLSJJILFFAE18CC,青海段,16.34,都市：住,,,,06590000
RPOOMLSJJILFFAE87CC,青海段,98.90,都市：住,,,,04630007
RPXNMLSJJILFFBE78CC,意誠段,.00,都市：商,,,,01990000
RPVOMLSJJILFFBE68CC,苓洲段,.00,都市：商,,,,06090000
RPSOMLSJJILFFBE38CC,五塊厝段,.00,都市：住,,,,23010000
RPSOMLSJJILFFBE38CC,五塊厝段,.00,都市：商,,,,23010005
RPPOMLSJJILFFBE08CC,福河段,70.00,都市：住,,,,17400000
RPROMLSJJILFFBE28CC,過田子段,36.36,都市：商,,,,04650000
RPTOMLSJJILFFBE48CC,苓洲段,.00,都市：商,,,,01150000
RPOOMLSJJILFFBE97CC,過田子段,.00,都市：商,,,,04650000
RPUNMLPJJILFFBE18CC,福裕段,.00,都市：住,,,,03530000
RPROMLSJJILFFFE68CC,維新段,63.12,非都市：一般農業區 ; 非都市編定：甲種建築用地,,,,06070000
RPOQMLSJJILFFEE48CC,新庄段三小段,.00,都市：住,,,,11840000
RPPPMLSJJILFFEE48CC,福山段,9.98,都市：商,,,,03430000
RPWOMLSJJILFFBE78CC,過田子段,.00,都市：商,,,,06960000
RPSPMLSJJILFFEE78CC,新庄段十三小段,11.80,都市：住,,,,13590000
RPRQMLSJJILFFEE78CC,菜公段二小段,102.00,都市：工,,,,01140000
RPRQMLSJJILFFEE78CC,菜公段二小段,332.00,都市：工,,,,01150000
RPRQMLSJJILFFEE78CC,菜公段二小段,476.00,都市：工,,,,01170000
RPTNMLSJJILFFEE68CC,興隆段,1.00,都市：其他:,,,,04980001
RPTNMLSJJILFFEE68CC,興隆段,3.20,都市：其他:,,,,04980004
RPTNMLSJJILFFEE68CC,興隆段,19.60,都市：其他:,,,,05100000
RPTNMLSJJILFFEE68CC,興隆段,11.80,都市：其他:,,,,05110000
RPTNMLSJJILFFEE68CC,興隆段,2.00,都市：其他:,,,,05120001
RPTNMLSJJILFFEE68CC,興隆段,8.00,都市：其他:,,,,05210000
RPOOMLSJJILFFDE18CC,獅頭段,.00,都市：商,,,,21870000
RPOOMLSJJILFFDE18CC,獅頭段,.00,都市：商,,,,21870001
RPOOMLSJJILFFDE18CC,獅頭段,.00,都市：商,,,,21880000
RPOOMLSJJILFFDE18CC,獅頭段,.00,都市：商,,,,21880001
RPOOMLSJJILFFDE18CC,獅頭段,.00,都市：商,,,,21880002
RPOOMLSJJILFFDE18CC,獅頭段,.00,都市：商,,,,21880003
RPQQMLSJJILFFEE68CC,新庄段三小段,.00,都市：住,,,,11840000
RPWOMLSJJILFFDE98CC,中都段四小段,29.88,都市：住,,,,00260000
RPXOMLSJJILFFDE09CC,義民段,.00,都市：商,,,,09630000
RPTNMLTJJILFFLE96DC,港子埔段,106.00,都市：住,,,,17300005
RPPOMLSJJILFFDE28CC,覆鼎金段覆鼎金小段,.00,都市：住,,,,13260016
RPOQMLTJJILFFCE48DC,獅甲段二小段,76.45,都市：住,,,,05720036
RPOQMLTJJILFFCE48DC,獅甲段二小段,125.51,都市：住,,,,05720037
RPXPMLTJJILFFCE66DC,獅甲段二小段,76.45,都市：住,,,,05720036
RPXPMLTJJILFFCE66DC,獅甲段二小段,125.51,都市：住,,,,05720037
RPPNMLTJJILFFEE48DC,新庄段十三小段,.00,都市：商,,,,15390000
RPPNMLTJJILFFEE48DC,新庄段十三小段,.00,都市：商,,,,15390001
RPQPMLTJJILFFGE88CC,鳳山段草店尾小段,.00,都市：商,,,,02150046
RPQNMLKKJILFFCE47CC,愛群段,20.03,都市：商,,,,24630000
RPWOMLTJJILFFCE98CC,愛群段,24.13,都市：商,,,,15490000
RPPOMLTJJILFFCE28CC,竹北段,27.56,都市：住,,,,17040000
RPQOMLTJJILFFCE38CC,憲德段二小段,15.64,都市：商,,,,00280003
RPOOMLTJJILFFCE18CC,憲德段二小段,.00,都市：商,,,,00200000
RPXNMLSJJILFFCE88CC,盛興段,.00,都市：商,,,,15200000
RPUNMLSJJILFFCE58CC,高松段,19.11,都市：住,,,,01520005
RPRNMLKKJILFFBE47CC,新興段三小段,9.59,都市：商,,,,09010000
RPRNMLLKJILFFDE77CC,大順段,9.62,都市：商,,,,05170000
RPRNMLLKJILFFBE57CC,林聖段,.00,非都市： ; 非都市編定：,,,,00410000
RPRNMLKKJILFFEE77CC,新庄段十三小段,8.67,都市：商,,,,14450000
RPRNMLKKJILFFEE77CC,新庄段十三小段,6.70,都市：商,,,,14450000
RPVNMLKKJILFFEE18CC,清豐段,84.00,都市：住,,,,01940111
RPTNMLKKJILFFEE97CC,新吉段,77.64,都市：住,,,,00410001
RPQNMLKKJILFFEE67CC,新福段七小段,15.15,都市：住,,,,00050000
RPQNMLKKJILFFEE67CC,新福段七小段,15.20,都市：住,,,,00050000
RPOOMLTJJILFFEE38CC,福山段,8.78,都市：商,,,,03420000
RPOOMLTJJILFFEE38CC,福山段,7.29,都市：商,,,,03420000
RPSNMLKKJILFFCE67CC,憲德段二小段,18.05,都市：商,,,,00260004
RPSNMLMKJILFFCE87CC,瑞崗段三小段,43.00,都市：住,,,,02850000
RPPOMLKKJILFFAE27CC,前金段,6.07,都市：住,,,,00550000
RPTNMLKKJILFFAE57CC,青海段,8.11,都市：住,,,,03600000
RPUNMLTJJILFFAE48CC,龍中段,17.85,都市：商,,,,00360000
RPUPMLOKJILFFDE58CC,大港段,33.09,都市：住,,,,34080000
RPVNMLOKJILFFEE58CC,菜公段三小段,151.00,都市：住,,,,00460000
RPSOMLOKJILFFGE58CC,文山段,10.83,都市：住,,,,08970000
RPRNMLOKJILFFLE88CC,後庄段,75.07,都市：住,,,,12530000
RPTNMLOKJILFFIE78CC,青雲段,179.00,都市：住,,,,05210000
RPUNMLPKJILFFIE98CC,竹園段,950.00,都市：農,,,,15910000
RPUNMLPKJILFFIE98CC,竹園段,39.00,都市：農,,,,15910001
RPOOMLPKJILFFIE48CC,青雲段,96.76,都市：住,,,,07340000
RPSNMLPKJILFFGE58CC,赤山段,23.60,都市：住,,,,04940004
RPSNMLPKJILFFGE58CC,赤山段,25.60,都市：住,,,,04940003
RPPOMLPKJILFFIE58CC,青雲段,95.30,都市：住,,,,07340000
RPVNMLPKJILFFGE88CC,新甲段,.00,都市：住,,,,13230116
RPWOMLPKJILFFGE09CC,土角厝段,48.99,都市：商,,,,06040000
RPRNMLPKJILFFCE08CC,瑞崗段二小段,103.00,都市：商,,,,03480000
RPSNMLPKJILFFBE08CC,意誠段,.00,都市：商,,,,01990000
RPTNMLPKJILFFBE18CC,新興段四小段,.00,都市：商,,,,01910000
RPUNMLPKJILFFBE28CC,過田子段,.00,都市：商,,,,11360000
RPOOMLPKJILFFBE77CC,過田子段,.00,都市：住,,,,08680000
RPOOMLPKJILFFBE77CC,過田子段,.00,都市：住,,,,08680002
RPUNMLQKJILFFBE38CC,大統段一小段,.00,都市：商,,,,00990000
RPWNMLQKJILFFBE58CC,五塊厝段,88.00,都市：商,,,,15500000
RPOOMLQKJILFFDE08CC,鼎泰段,55.63,都市：住,,,,14530000
RPTNMLQKJILFFGE78CC,青年段,297.99,都市：住,,,,00020000
RPVNMLQKJILFFGE98CC,文山段,50.00,都市：住,,,,03760061
RPTOMLQKJILFFGE88CC,赤山段,10.38,都市：商,,,,07280000
RPVNMLQKJILFFFE88CC,下竹圍段,428.49,都市：其他:,,,,00270001
RPQNMLQKJILFFJE88DC,竹東段,264.70,都市：商,,,,10860000
RPWOMLPKJILFFEE88CC,?後段,38.54,都市：商,,,,00370006
RPROMLPKJILFFAE97CC,青海段,16.17,都市：住,,,,05630000
RPPOMLLKJILFFAE37CC,龍華段八小段,.00,都市：商,,,,21990001
RPPOMLLKJILFFAE37CC,龍華段八小段,.00,都市：商,,,,21990000
RPTOMLOKJILFFAE08CC,龍華段二小段,15.11,都市：其他:,,,,15670000
RPXNMLLKJILFFAE08CC,文東段,106.00,都市：商,,,,15070000
RPQOMLOKJILFFAE77CC,龍華段八小段,8.03,都市：商,,,,22560000
RPVNMLOKJILFFAE18CC,龍水段一小段,23.55,都市：商,,,,11690000
RPXNMLOKJILFFAE38CC,博孝段,7.33,都市：商,,,,14030000
RPUNMLOKJILFFAE08CC,青海段,18.53,都市：住,,,,01040000
RPQOMLRKJILFFCE28CC,宏明段,20.89,都市：住,,,,04410000
RPSNMLSKJILFFCE48CC,愛群段,7.29,都市：商,,,,24590000
RPSOMLRKJILFFAE28CC,龍華段八小段,.00,都市：商,,,,23830000
RPUNMLSKJILFFDE78CC,鼎金段,94.50,都市：住,,,,06950000
RPXOMLRKJILFFCE98CC,經貿段一小段,6205.87,都市：其他:特貿五,,,,00130000
RPSNMLSKJILFFAE28CC,東金段,82.00,都市：商,,,,11320000
RPQOMLSKJILFFDE48CC,大港段,24.77,都市：住,,,,36170000
RPSNMLSKJILFFBE48DC,林德官段,15.62,都市：商,,,,13680000
RPSNMLSKJILFFBE48DC,林德官段,7.47,都市：住,,,,13680001
RPPNMLTKJILFFGE68CC,新庄子段,44.00,都市：住,,,,02300216
RPQNMLTKJILFFGE78CC,文英段,1177.00,都市：其他:綠地,,,,21650000
RPOOMLLLJILFFGE97CC,五甲段,306.00,都市：住,,,,20540003
RPTNMLLLJILFFAE77CC,龍華段四小段,3573.00,都市：住,,,,07550000
RPSPMLLLJILFFAE87CC,龍水段一小段,20.09,都市：住,,,,11510000
RPROMLLLJILFFCE87CC,光華段一小段,46.80,都市：住,,,,20120000
RPXPMLLLJILFFAE38CC,文東段,7.05,都市：商,,,,09990000
RPSOMLRKJILFFEE68CC,新庄段七小段,28.85,都市：住,,,,04940000
RPSOMLRKJILFFEE68CC,新庄段七小段,1.48,都市：住,,,,04940002
RPQOMLRKJILFFBE18CC,福東段,32.25,都市：住,,,,04330011
RPSOMLLLJILFFBE87CC,意誠段,.00,都市：商,,,,01990000
RPPOMLLLJILFFBE57CC,過田子段,.00,都市：商,,,,11360000
RPWNMLLLJILFFBE18CC,意誠段,.00,都市：商,,,,01990000
RPTNMLLLJILFFBE87CC,苓洲段,4.33,都市：商,,,,05420000
RPQOMLLLJILFFBE67CC,過田子段,.00,都市：商,,,,11360000
RPPOMLRKJILFFBE08CC,過田子段,78.00,都市：商,,,,11870010
RPUOMLLLJILFFBE08CC,過田子段,.00,都市：商,,,,11360000
RPOOMLRKJILFFBE97CC,過田子段,74.50,都市：商,,,,06100000
RPTOMLLLJILFFBE97CC,過田子段,.00,都市：商,,,,11360000
RPVOMLLLJILFFBE18CC,過田子段,.00,都市：商,,,,11360000
RPRNMLMLJILFFBE77CC,新興段四小段,115.20,都市：商,,,,06870002
RPPNMLMLJILFFBE57CC,林德官段,1685.00,都市：商,,,,15080000
RPOOMLMLJILFFBE57CC,苓洲段,5.36,都市：商,,,,05420000
RPUNMLMLJILFFBE08CC,苓東段,82.00,都市：商,,,,06380000
RPQNMLMLJILFFBE67CC,意誠段,7.68,都市：商,,,,01990000
RPTNMLMLJILFFBE97CC,苓東段,82.00,都市：商,,,,06380000
RPXNMLMLJILFFBE38CC,新興段二小段,5.97,都市：商,,,,12760000
RPPOMLMLJILFFBE67CC,新興段二小段,12.73,都市：商,,,,08960000
RPTNMLMLJILFFAE87CC,龍華段八小段,8.00,都市：商,,,,22560000
RPOOMLMLJILFFAE47CC,龍華段九小段,295.00,都市：住,,,,09730001
RPXNMLMLJILFFCE48CC,愛群段,.00,非都市： ; 非都市編定：,,,,24590000
RPOOMLMLJILFFCE67CC,愛群段,.00,非都市： ; 非都市編定：,,,,24590000
RPVNMLMLJILFFAE08CC,青海段,26.13,都市：住,,,,00850000
RPQOMLMLJILFFBE77CC,成功段,9.86,都市：商,,,,02960000
RPOOMLMLJILFFFE97CC,介壽段,28.76,都市：住,,,,18450000
RPWNMLMLJILFFGE78CC,頂庄段,.00,都市：住,,,,07410000
RPTNMLMLJILFFGE48CC,鳳甲段,20.89,非都市： ; 非都市編定：,,,,00440000
RPXNMLMLJILFFGE88CC,七老爺段一甲小段,1.58,非都市： ; 非都市編定：,,,,00480012
RPXNMLMLJILFFGE88CC,七老爺段一甲小段,8.37,非都市： ; 非都市編定：,,,,00480018
RPXNMLMLJILFFGE88CC,七老爺段,7.27,非都市： ; 非都市編定：,,,,12480006
RPXNMLMLJILFFGE88CC,七老爺段,7.69,非都市： ; 非都市編定：,,,,12490002
RPWOMLMLJILFFDE58CC,灣志段,51.73,都市：其他:市場用地,,,,08880000
RPPPMLMLJILFFDE97CC,中都段三小段,8.43,都市：住,,,,10100000
RPPQMLMLJILFFEE18CC,新民段,24.22,都市：住,,,,03100009
RPOPMLMLJILFFDE87CC,建豐段,10.16,都市：住,,,,09610001
RPOPMLNLJILFFDE97CC,三塊厝段,92.00,都市：商,,,,13090000
RPTNMLMLJILFFLE09DC,港子埔段,17.35,都市：住,,,,10240000
RPUNMLNLJILFFGE68CC,五甲段,.00,都市：住,,,,13910024
RPUNMLNLJILFFGE68CC,五甲段,.00,都市：住,,,,13930003
RPTOMLNLJILFFGE68CC,新庄子段,94.00,都市：住,,,,02430034
RPSNMLNLJILFFBE97CC,過田子段,.00,都市：商,,,,06420015
RPTNMLNLJILFFIE78CC,萬金段,572.32,都市：農,,,,00650012
RPWNMLNLJILFFBE38CC,過田子段,.00,都市：商,,,,11360000
RPUNMLNLJILFFBE18CC,福裕段,85.00,都市：商,,,,12100000
RPQNMLNLJILFFBE77CC,過田子段,.00,都市：商,,,,06420017
RPRNMLNLJILFFBE87CC,過田子段,.00,都市：商,,,,06420016
RPTOMLNLJILFFBE18CC,意誠段,.00,都市：商,,,,01990000
RPUOMLNLJILFFBE28CC,苓東段,13.40,都市：住,,,,01490000
RPUOMLNLJILFFBE28CC,苓東段,20.60,都市：住,,,,01500000
RPROMLNLJILFFBE97CC,苓雅寮段,.00,都市：商,,,,05000000
RPWOMLOLJILFFBE58CC,大港埔段,65.00,都市：商,,,,05510000
RPXNMLOLJILFFBE58CC,意誠段,.00,都市：商,,,,01530000
RPSPMLOLJILFFGE78CC,新甲段,20.01,都市：住,,,,11710001
RPSQMLOLJILFFDE58CC,建安段,6.60,都市：住,,,,04710000
RPPNMLPLJILFFDE08CC,三塊厝段,76.00,都市：商,,,,11560009
RPXNMLPLJILFFGE56CC,道爺?段,.00,都市：住,,,,01350001
RPUOMLPLJILFFGE98CC,道爺?段,294.59,都市：住,,,,07110003
RPWNMLPLJILFFDE78CC,獅頭段,.00,都市：商,,,,26990000
RPROMLPLJILFFDE38CC,大港段,12.58,都市：商,,,,35650001
RPQOMLOLJILFFAE87CC,龍華段八小段,10.55,都市：商,,,,23830000
RPXNMLNLJILFFAE38CC,文東段,.00,都市：商,,,,15500000
RPPNMLPLJILFFFE38DC,橋南段,45.38,都市：商,,,,03450000
RPPNMLSLJILFFDE38CC,灣成段,34.90,都市：商,,,,05750000
RPPNMLRLJILFFDE28CC,獅頭段,12.05,都市：商,,,,26550000
RPQOMLMLJILFFCE87CC,愛群段,5.94,都市：商,,,,24590000
RPWNMLOLJILFFCE58CC,獅甲段三小段,85.10,都市：商,,,,06280002
RPVNMLPLJILFFCE58CC,愛群段,.00,都市：住,,,,18100000
RPSOMLSLJILFFDE78CC,澄清段二小段,16.14,都市：住,,,,00520000
RPVNMLPLJILFFCE58CC,愛群段,.00,都市：住,,,,18110000
RPPNMLPLJILFFCE97CC,愛群段,.00,都市：住,,,,10080000
RPPNMLSLJILFFIE88CC,美德段,1157.02,都市：工,,,,10820000
RPROMLOLJILFFCE18CC,瑞隆段一小段,51.49,都市：住,,,,00950000
RPVNMLOLJILFFCE48CC,憲德段二小段,.00,都市：商,,,,00260002
RPUOMLSLJILFFGE66CC,竹子腳段,61.00,都市：住,,,,01730030
RPRNMLSLJILFFCE48CC,桂林段,216.00,都市：其他:道路用地,,,,00460002
RPRNMLSLJILFFCE48CC,桂林段,571.00,都市：其他:兒童公園預定地,,,,00460003
RPRNMLSLJILFFAE28CC,文東段,6.53,都市：商,,,,16130000
RPRNMLSLJILFFBE38CC,意誠段,.00,都市：商,,,,01990000
RPTNMLSLJILFFBE58CC,林德官段二小段,17.40,都市：住,,,,34230004
RPSOMLTLJILFFBE68CC,苓東段,33.47,都市：住,,,,01290000
RPVOMLTLJILFFBE98CC,意誠段,.00,都市：商,,,,01990000
RPWOMLTLJILFFBE09CC,新興段二小段,56.00,都市：商,,,,06300000
RPQOMLTLJILFFBE48CC,苓東段,33.47,都市：住,,,,01290000
RPQOMLSLJILFFBE38CC,新興段一小段,59.00,都市：商,,,,03450000
RPXOMLSLJILFFBE09CC,苓東段,.00,都市：商,,,,11510000
RPOPMLSLJILFFBE28CC,苓東段,.00,都市：商,,,,11510000
RPUOMLSLJILFFBE78CC,正福段,22.81,都市：住,,,,02790000
RPUOMLSLJILFFBE78CC,正福段,1.33,都市：住,,,,02780000
RPUOMLSLJILFFBE78CC,正福段,4.09,都市：住,,,,02790001
RPUNMLTLJILFFAE68CC,龍華段八小段,9.54,都市：商,,,,22460000
RPUNMLTLJILFFAE68CC,龍華段八小段,8.44,都市：商,,,,22460000
RPXNMLTLJILFFAE98CC,青海段,17.80,都市：住,,,,00820000
RPWNMLTLJILFFIE07CC,澄潭段,77.60,都市：住,,,,02050000
RPWNMLTLJILFFIE07CC,澄潭段,106.98,都市：住,,,,02050009
RPPNMLTLJILFFAE18CC,青海段,.00,都市：商,,,,02090001
RPOOMLTLJILFFIE98CC,澄清段,120.00,都市：住,,,,00880008
RPPOMLTLJILFFIE09CC,育才段,277.49,都市：住,,,,04140000
RPXNMLTLJILFFDE66CC,水源段,11.29,都市：住,,,,04810000
RPXNMLKMJILFFDE48CC,灣和段,91.95,都市：住,,,,00030003
RPOPMLKMJILFFCE77DC,愛群段,9.06,都市：商,,,,01980000
RPOPMLKMJILFFCE77DC,愛群段,15.30,都市：住,,,,02020000
RPTNMLKMJILFFIE58CC,仁新段,2185.00,都市：農,,,,16990000
RPTNMLKMJILFFIE58CC,仁新段,768.00,都市：農,,,,15170000
RPXNMLKMJILFFBE28CC,過田子段,.00,都市：商,,,,06000000
RPXOMLKMJILFFCE48CC,愛群段,.00,都市：商,,,,23940000
RPQPMLKMJILFFCE87CC,店鎮段一小段,281.00,都市：商,,,,13700000
RPSOMLKMJILFFBE87CC,衛武段,17.86,都市：商,,,,03750000
RPOOMLKMJILFFGE08DC,埤頂段,97.00,都市：住,,,,14400000
RPUNMLKMJILFFIE68CC,仁營段,.00,都市：住,,,,06770018
RPUNMLLJKILFFCE97CC,獅甲段,.00,都市：住,,,,00290000
RPQOMLLJKILFFAE47CC,前金段,.00,都市：商,,,,00470000
RPROMLLJKILFFAE57CC,前金段,2.83,都市：商,,,,01080021
RPTOMLLJKILFFGE38CC,明頂段,117.31,都市：住,,,,00610021
RPTPMLLJKILFFDE18CC,大順段,2176.68,都市：商,,,,08070000
RPSOMLLJKILFFAE67CC,前金段,14.88,都市：商,,,,00710004
RPUPMLLJKILFFDE28CC,灣華段,21.92,都市：住,,,,09850000
RPOOMLLJKILFFCE47CC,憲德段一小段,.00,都市：商,,,,08040000
RPOOMLLJKILFFCE47CC,憲德段一小段,.00,都市：商,,,,08040001
RPSNMLMJKILFFDE97CC,獅頭段,35.57,都市：商,,,,22860000
RPUNMLMJKILFFDE18CC,大港段三小段,.00,都市：商,,,,08170001
RPROMLMJKILFFCE97DC,光華段,7.83,都市：住,,,,02150000
RPROMLMJKILFFCE97DC,光華段,.39,都市：住,,,,02230000
RPTPMLMJKILFFCE28DC,光華段一小段,.00,都市：住,,,,16440001
RPPNMLMJKILFFLE48CC,磚子?段,580.00,都市：農,,,,46120000
RPPNMLMJKILFFLE48CC,磚子?段,580.00,都市：農,,,,46120006
RPQNMLMJKILFFIE28CC,暘善段,728.76,都市：農,,,,05060000
RPPOMLLJKILFFEE77CC,福山段,8.17,都市：住,,,,03240000
RPPQMLLJKILFFEE97CC,新福段五小段,.00,都市：住,,,,00220010
RPRNMLMJKILFFAE57CC,龍中段,9.22,都市：商,,,,01480000
RPVNMLMJKILFFAE97CC,龍中段,13.28,都市：住,,,,02210000
RPVNMLLJKILFFBE97CC,新興段三小段,8.70,都市：商,,,,09010000
RPUOMLKMJILFFBE08CC,過田子段,67.00,都市：商,,,,05510002
RPWNMLLJKILFFBE08CC,林德官段,68.00,都市：商,,,,14850003
RPUPMLMJKILFFCE28CC,愛群段,16.16,都市：商,,,,13840000
RPPNMLNJKILFFGE08CC,新甲段,102.50,都市：住,,,,10310009
RPXNMLPJKILFFAE48CC,龍華段八小段,.00,都市：商,,,,23250000
RPSNMLOJKILFFCE08CC,瑞隆段二小段,124.70,都市：住,,,,03490000
RPSNMLOJKILFFCE08CC,瑞隆段二小段,45.90,都市：商,,,,03490002
RPOOMLPJKILFFAE67CC,青海段,67.64,都市：住,,,,01570001
RPSOMLPJKILFFAE08CC,龍中段,109.85,都市：住,,,,01550002
RPUNMLPJKILFFBE38DC,新興段四小段,.00,都市：商,,,,01210000
RPPNMLPJKILFFDE97CC,大港段二小段,137.00,都市：住,,,,14450007
RPVNMLPJKILFFDE58CC,三塊厝段,62.00,都市：商,,,,12620036
RPRNMLPLJILFFAE08DC,青海段,.00,都市：住,,,,06350000
RPUNMLPLJILFFAE38DC,內惟段五小段,.00,都市：商,,,,05910000
RPOPMLQJKILFFEE28CC,新庄段十三小段,16.78,都市：住,,,,12870000
RPVNMLMJKILFFEE38CC,右昌段六小段,28.22,都市：住,,,,16920000
RPUNMLQJKILFFEE68CC,福民段,150.09,都市：住,,,,03390000
RPSOMLPJKILFFEE48CC,福山段,11.57,都市：商,,,,03460000
RPQPMLQJKILFFEE48CC,新光段,9.98,都市：住,,,,00440000
RPXOMLQJKILFFDE98CC,大港段七小段,44.00,都市：商,,,,04140016
RPRPMLQJKILFFDE48CC,大港段四小段,81.00,都市：住,,,,28390000
RPRPMLQJKILFFDE48CC,大港段四小段,87.00,都市：住,,,,28400000
RPSPMLQJKILFFEE68CC,新庄段十三小段,6.70,都市：商,,,,14450000
RPSOMLQJKILFFAE28DC,龍中段,339.44,都市：住,,,,02100000
RPXNMLQJKILFFGE56CC,頂新段,350.41,都市：住,,,,00130000
RPUNMLQJKILFFAE28CC,府北段五小段,141.00,都市：商,,,,01810000
RPWOMLQJKILFFAE58CC,青海段,40.10,都市：住,,,,06100000
RPUOMLQJKILFFCE58CC,愛群段,4.52,都市：商,,,,24590000
RPQNMLQJKILFFCE08CC,憲德段二小段,7.34,都市：商,,,,00260000
RPPOMLMJKILFFFE97CC,大勇段,123.00,都市：工,,,,00660028
RPPOMLMJKILFFFE97CC,大勇段,17.43,都市：工,,,,00670004
RPWPMLQJKILFFCE88CC,獅甲段一小段,37.07,都市：住,,,,05310000
RPTPMLQJKILFFCE58CC,獅甲段一小段,33.13,都市：住,,,,05310000
RPWNMLRJKILFFAE58CC,青海段,8.47,都市：商,,,,02150000
RPROMLLJKILFFBE67CC,意誠段,5.16,都市：商,,,,01990000
RPOPMLRJKILFFBE08CC,大統段一小段,7.31,都市：商,,,,02170000
RPSNMLRJKILFFBE28CC,大統段二小段,31.00,都市：商,,,,14230000
RPVNMLMJKILFFBE08CC,新興段二小段,40.00,都市：商,,,,06750000
RPROMLQJKILFFBE18CC,林聖段一小段,19.33,都市：商,,,,20110000
RPPOMLQJKILFFBE97CC,大統段一小段,82.00,都市：商,,,,08610000
RPVOMLPJKILFFBE48CC,林德官段,.00,都市：住,,,,11620002
RPUOMLPJKILFFBE38CC,林德官段,.00,都市：住,,,,11620002
RPQPMLRJKILFFBE28CC,大統段一小段,7.31,都市：商,,,,02170000
RPWNMLMJKILFFBE18CC,大統段一小段,.00,都市：商,,,,00060000
RPPPMLRJKILFFBE18CC,新興段一小段,116.00,都市：商,,,,10130000
RPSNMLRJKILFFGE78CC,道爺?段,1000.00,都市：住,,,,07110003
RPOOMLSJKILFFEE38CC,新庄段十三小段,8.67,都市：商,,,,14450000
RPQOMLRJKILFFEE48CC,新民段,57.83,都市：住,,,,01130005
RPOOMLRJKILFFEE28CC,新庄段十三小段,297.00,都市：住,,,,12920002
RPQOMLSJKILFFEE58CC,新庄段十三小段,8.67,都市：商,,,,14450000
RPQOMLSJKILFFGE78CC,七老爺段,79.23,都市：住,,,,03220005
RPUOMLRJKILFFGE09CC,文英段,7.11,都市：住,,,,08570000
RPVOMLSJKILFFGE66CC,華鳳段,4874.43,都市：住,,,,01510000
RPROMLSJKILFFGE88CC,鳳山段草店尾小段,.00,都市：商,,,,02150046
RPPOMLRJKILFFGE58CC,五甲段,72.00,都市：住,,,,12820010
RPQNMLSJKILFFFE58CC,橋南段,135.00,都市：住,,,,13310000
RPSOMLSJKILFFAE38CC,龍中段,.00,都市：住,,,,01660000
RPOOMLSJKILFFBE08CC,過田子段,.00,都市：住,,,,10400008
RPXOMLSJKILFFAE88CC,青海段,13.23,都市：商,,,,02090000
RPQNMLTJKILFFBE28CC,意誠段,.00,都市：商,,,,01990000
RPRNMLTJKILFFBE38CC,意誠段,.00,都市：商,,,,01990000
RPSNMLTJKILFFBE48CC,五塊厝段,3.75,都市：商,,,,16570000
RPUNMLTJKILFFEE98CC,新庄段七小段,76.00,都市：住,,,,04750000
RPSSMLTJKILFFGE86CC,七老爺段,498.00,都市：農,,,,11370000
RPPNMLKKKILFFBE37CC,意誠段,.00,都市：商,,,,01990000
RPQNMLKKKILFFBE47CC,意誠段,.00,都市：商,,,,01990000
RPPNMLLKKILFFFE87CC,大仁段,4.62,都市：住,,,,06020000
RPPNMLLKKILFFFE87CC,大仁段,.09,都市：住,,,,06010000
RPPNMLLKKILFFFE87CC,大仁段,.17,都市：住,,,,06310000
RPSNMLMKKILFFGE38CC,新庄子段,5.25,都市：住,,,,01630009
RPSNMLMKKILFFGE38CC,新庄子段,21.25,都市：住,,,,01630011
RPSNMLMKKILFFGE38CC,新庄子段,62.00,都市：住,,,,01630031
RPUNMLMKKILFFGE58CC,七老爺段一甲小段,55.00,都市：其他:市場用地,,,,12250004
RPTNMLMKKILFFAE87CC,龍華段八小段,.00,都市：商,,,,24010000
RPOOMLMKKILFFEE87CC,藍昌段二小段,154.00,都市：住,,,,09150000
RPQNMLMKKILFFBE67CC,過田子段,.00,都市：商,,,,07000013
RPSNMLNKKILFFAE87CC,前金段,.00,都市：商,,,,00470000
RPVNMLNKKILFFAE18CC,龍中段,.00,都市：住,,,,02210000
RPTNMLNKKILFFCE18CC,光華段一小段,.00,都市：住,,,,20340000
RPUNMLNKKILFFCE28CC,鎮昌段一小段,.00,都市：住,,,,15040000
RPVNMLNKKILFFCE38CC,獅甲段,.00,都市：商,,,,03300000
RPPNMLNKKILFFCE77CC,鎮東段,4.00,都市：其他:道路用地,,,,05060000
RPPNMLNKKILFFCE77CC,鎮東段,53.00,都市：住,,,,05070000
RPPQMLQJKILFFCE28CC,愛群段,11.23,都市：商,,,,23940000
RPPNMLTJKILFFCE28CC,山明段,41.00,都市：住,,,,00400014
RPUOMLNKKILFFCE38CC,瑞崗段四小段,12.25,都市：住,,,,02750000
RPUOMLNKKILFFCE38CC,瑞崗段四小段,2.75,都市：商,,,,02750003
RPQNMLNKKILFFBE77CC,成功段,88.00,都市：商,,,,00250000
RPRNMLNKKILFFBE87CC,新興段一小段,203.00,都市：商,,,,15940000
RPSNMLNKKILFFBE97CC,新興段四小段,26.66,都市：商,,,,11820000
RPOPMLNKKILFFEE08CC,福山段,.00,都市：住,,,,00010000
RPTOMLNKKILFFEE48CC,福文段,416.53,都市：住,,,,00100000
RPTOMLNKKILFFGE68CC,頂新段,12.18,都市：住,,,,00310000
RPSNMLOKKILFFIE78CC,興農段,363.64,都市：農,,,,04170001
RPWOMLSJKILFFDE09CC,三塊厝段,76.00,都市：商,,,,11560012
RPTQMLSJKILFFDE98CC,建民段,9.95,都市：住,,,,03790000
RPSNMLTJKILFFDE68CC,大豐段一小段,82.00,都市：商,,,,00280000
RPROMLOKKILFFDE28CC,三塊厝段三小段,391.00,都市：住,,,,36230000
RPUNMLRJKILFFDE68CC,建民段,17.36,都市：住,,,,07740000
RPUNMLRJKILFFDE68CC,建民段,6.09,都市：商,,,,07740001
RPOOMLOKKILFFCE87CC,光華段一小段,58.27,都市：住,,,,19030000
RPOOMLOKKILFFBE77CC,大統段一小段,.00,都市：商,,,,00990000
RPRNMLOKKILFFAE87CC,北金段,10.11,都市：商,,,,02550000
RPXNMLOKKILFFBE58CC,大統段一小段,.00,都市：商,,,,00990000
RPSOMLNKKILFFBE08CC,過田子段,92.00,都市：商,,,,10570000
RPVNMLNKKILFFBE28CC,林德官段,.00,都市：商,,,,11940000
RPWNMLNKKILFFBE38CC,林德官段二小段,17.40,都市：住,,,,34230004
RPVOMLOKKILFFAE38CC,文東段,6.21,都市：商,,,,16130000
RPPOMLOKKILFFBE87CC,新興段四小段,.00,都市：商,,,,16770000
RPPOMLOKKILFFBE87CC,新興段四小段,.00,都市：商,,,,16780000
RPXOMLOKKILFFAE58CC,龍華段一小段,25.31,都市：住,,,,06840000
RPQOMLNKKILFFBE87CC,林德官段,15.66,都市：商,,,,11880000
RPVOMLPKKILFFDE78CC,澄東段,39.76,都市：住,,,,01010000
RPUNMLPKKILFFBE38CC,五塊厝段,20.77,都市：商,,,,20050000
RPOOMLPKKILFFIE58CC,金鼎段,75.84,都市：住,,,,07910036
RPROMLPKKILFFDE38CC,鼎中段,43.59,都市：商,,,,05720000
RPSOMLPKKILFFDE48CC,覆鼎金段覆鼎金小段,16.15,都市：商,,,,15390000
RPUOMLPKKILFFDE68CC,覆鼎金段覆鼎金小段,15.22,都市：商,,,,15390000
RPWNMLPKKILFFBE68DC,林興段,115.00,都市：住,,,,02480003
RPTNMLPKKILFFGE78CC,五甲段,391.44,非都市： ; 非都市編定：,,,,17420000
RPSOMLQKKILFFIE09CC,八德段,88.00,都市：住,,,,15670000
RPVNMLPKKILFFGE98CC,七老爺段一甲小段,12.29,非都市： ; 非都市編定：,,,,14800000
RPVNMLPKKILFFGE98CC,五甲段,.23,非都市： ; 非都市編定：,,,,14050019
RPSOMLPKKILFFEE58CC,福山段,17.27,都市：商,,,,02910000
RPRNMLQKKILFFCE28CC,二苓段,145.00,都市：住,,,,11750000
RPQPMLQKKILFFEE58CC,新庄段五小段,1358.00,都市：住,,,,07250000
RPVNMLQKKILFFGE09CC,竹子腳段,.29,都市：住,,,,00770071
RPVNMLQKKILFFGE09CC,竹子腳段,19.81,都市：住,,,,00770057
RPUPMLQKKILFFEE98CC,?後段,45.00,都市：住,,,,00370010
RPRPMLQKKILFFEE68CC,新庄段二小段,5904.00,都市：住,,,,05210000
RPWNMLRKKILFFCE88CC,瑞崗段四小段,25.50,都市：商,,,,00360000
RPPNMLRKKILFFBE08CC,五塊厝段,.00,都市：商,,,,18360001
RPVNMLTKKILFFJE07CC,三爺埤段,997.73,非都市：一般農業區 ; 非都市編定：農牧用地,,,,00850001
RPOPMLQKKILFFAE97CC,鼓中段五小段,6.00,都市：其他:,,,,06720000
RPOPMLQKKILFFAE97CC,鼓中段五小段,17.00,都市：商,,,,06730000
RPOPMLQKKILFFAE97CC,鼓中段五小段,170.00,都市：商,,,,06740000
RPOPMLQKKILFFAE97CC,鼓中段五小段,65.00,都市：住,,,,06740001
RPVNMLTKKILFFEE56CC,藍田西段,8.98,都市：住,,,,00990000
RPPNMLRKKILFFGE58CC,埤頂段,.00,都市：住,,,,12430036
RPRPMLTKKILFFEE98CC,福山段,7.00,都市：住,,,,00260000
RPSNMLTKKILFFEE88CC,新庄段十三小段,.00,都市：商,,,,15090000
RPXOMLTKKILFFGE07CC,鳳山段大老衙小段,11.29,都市：商,,,,02300000
RPTNMLTKKILFFAE58CC,民生段,15.40,都市：商,,,,05830000
RPTNMLTKKILFFAE58CC,民生段,12.20,都市：商,,,,05840000
RPUNMLTKKILFFDE98CC,大港段,120.00,都市：住,,,,34320021
RPROMLTKKILFFAE48CC,龍華段八小段,15.44,都市：商,,,,22090000
RPXNMLTKKILFFAE98CC,青海段,824.74,都市：商,,,,04170000
RPPOMLTKKILFFAE28CC,東金段,12.01,都市：商,,,,15850000
RPPOMLTKKILFFAE28CC,東金段,.81,都市：商,,,,15850001
RPPNMLKLKILFFCE57CC,桂林段,.00,都市：住,,,,00290000
RPXNMLTKKILFFDE66CC,建昌段,.00,都市：住,,,,03860000
RPVNMLTKKILFFBE88CC,大統段一小段,.00,都市：商,,,,08300000
RPPNMLKLKILFFDE67CC,大港段二小段,82.00,都市：住,,,,16990002
RPQOMLTKKILFFDE68CC,大港段二小段,.00,都市：商,,,,10700000
RPQOMLTKKILFFDE68CC,大港段二小段,.00,都市：商,,,,10700004
RPUNMLKLKILFFBE97CC,大統段二小段,.00,都市：商,,,,11730000
RPTOMLKLKILFFDE18CC,大港段三小段,.00,都市：商,,,,07880001
RPVOMLKLKILFFIE88CC,育英段,136.07,都市：住,,,,03880004
RPWOMLKLKILFFIE98CC,育英段,136.07,都市：住,,,,03880004
RPROMLKLKILFFDE97CC,三塊厝段二小段,.00,都市：商,,,,13840002
RPROMLKLKILFFDE97CC,三塊厝段二小段,.00,都市：商,,,,13840003
RPROMLKLKILFFDE97CC,三塊厝段二小段,.00,都市：商,,,,13840004
RPROMLKLKILFFDE97CC,三塊厝段二小段,.00,都市：商,,,,13920000
RPRPMLLLKILFFEE28CC,左西段,218.00,都市：住,,,,17720000
RPRNMLKLKILFFFE08CC,文化段,1.00,都市：住,,,,10550009
RPRNMLKLKILFFFE08CC,文化段,106.00,都市：住,,,,10860003
RPRNMLKLKILFFFE08CC,文化段,286.00,都市：住,,,,10970000
RPRNMLKLKILFFFE08CC,文化段,160.00,都市：住,,,,11030004
RPRNMLKLKILFFFE08CC,文化段,205.00,都市：住,,,,11030005
RPTNMLLLKILFFBE97CC,意誠段,.00,都市：商,,,,02000000
RPXNMLLLKILFFDE58CC,陽明段二小段,22.32,都市：住,,,,01570000
RPUNMLLLKILFFBE08CC,意誠段,.00,都市：商,,,,01990000
RPVNMLLLKILFFBE18CC,意誠段,.00,都市：商,,,,01990000
RPXNMLLLKILFFBE38CC,新興段一小段,13.51,都市：商,,,,04240000
RPROMLLLKILFFCE97CC,光華段一小段,21.65,都市：住,,,,19050000
RPPOMLLLKILFFBE67CC,林德官段,76.00,都市：商,,,,11160014
RPVNMLLLKILFFAE08CC,前金段,2.89,都市：商,,,,00760002
RPUOMLLLKILFFAE08CC,青海段,9.18,都市：住,,,,06150000
RPROMLLLKILFFAE77CC,青海段,8.73,都市：商,,,,02150000
RPVOMLLLKILFFAE18CC,青海段,7.40,都市：住,,,,01510000
RPVNMLMLKILFFDE48CC,寶國段,2.14,都市：住,,,,04270000
RPVNMLMLKILFFIE98CC,新赤山段,192.72,都市：住,,,,01350000
RPVNMLMLKILFFIE98CC,新赤山段,199.92,都市：住,,,,01370000
RPQOMLNLKILFFIE68CC,竹園段,1575.00,都市：工,,,,04090000
RPQOMLMLKILFFAE77CC,龍華段八小段,7.16,都市：商,,,,22210000
RPROMLNLKILFFBE08CC,新興段一小段,9.88,都市：商,,,,20240000
RPOOMLNLKILFFBE77CC,林德官段一小段,15.06,都市：商,,,,24370000
RPPOMLNLKILFFBE87CC,新興段二小段,.00,都市：商,,,,12760000
RPWNMLNLKILFFBE48CC,新興段一小段,9.88,都市：商,,,,20240000
RPWNMLNLKILFFBE48CC,新興段一小段,3.47,都市：商,,,,20270000
RPWNMLNLKILFFBE48CC,新興段一小段,.31,都市：商,,,,20480000
RPQNMLMLKILFFBE77CC,林德官段二小段,88.75,都市：住,,,,34530000
RPXNMLNLKILFFBE58CC,成功段,3.83,都市：商,,,,02990000
RPUNMLQLKILFFBE58CC,意誠段,.00,都市：商,,,,01990000
RPSPMLLLKILFFEE38CC,右昌段三小段,67.00,都市：住,,,,07170000
RPSOMLNLKILFFBE18CC,新興段二小段,.00,都市：商,,,,17670000
RPVNMLQLKILFFBE68CC,意誠段,.00,都市：商,,,,01990000
RPSOMLQLKILFFBE48CC,新興段一小段,46.87,都市：商,,,,06930000
RPPOMLQLKILFFDE38CC,大港段,.00,都市：商,,,,34690001
RPPOMLQLKILFFDE38CC,大港段,.00,都市：住,,,,34690002
RPQOMLQLKILFFAE28DC,內惟段九小段,8.94,都市：住,,,,00190000
RPQOMLQLKILFFIE98CC,仁龍段,1201.00,非都市：特定農業區 ; 非都市編定：農牧用地,,,,08220000
RPPPMLQLKILFFEE58CC,福民段,.00,都市：住,,,,02510000
RPTOMLRLKILFFDE88CC,大順段,12.00,都市：住,,,,03070001
RPTOMLRLKILFFDE88CC,大順段,3.90,都市：商,,,,03070000
RPOOMLRLKILFFDE38CC,大裕段一小段,.00,都市：商,,,,03260000
RPOPMLRLKILFFDE48CC,灣中段,86.77,都市：商,,,,07100000
RPVOMLRLKILFFDE09CC,覆鼎金段覆鼎金小段,.00,都市：住,,,,13260016
RPQNMLRLKILFFBE28CC,林德官段,.00,都市：商,,,,11540000
RPXNMLRLKILFFBE98CC,意誠段,8.36,都市：商,,,,01860000
RPQPMLQLKILFFEE68CC,新光段,.00,都市：住,,,,02490002
RPSOMLRLKILFFEE88CC,福山段,108.16,都市：商,,,,04890000
RPSOMLRLKILFFEE88CC,福山段,482.73,都市：商,,,,04890001
RPSOMLRLKILFFEE88CC,福山段,.34,都市：商,,,,04890002
RPRQMLRLKILFFEE98CC,新庄段六小段,383.00,都市：住,,,,00240000
RPRQMLRLKILFFEE98CC,新光段,95.27,都市：住,,,,01930000
RPRQMLRLKILFFEE98CC,新光段,216.30,都市：住,,,,01940000
RPXOMLRLKILFFEE76CC,新庄段十二小段,21.51,都市：商,,,,11680000
RPROMLRLKILFFEE78CC,新庄段十三小段,.00,都市：商,,,,15090000
RPXNMLRLKILFFAE88CC,龍中段,.00,都市：商,,,,00110000
RPXNMLRLKILFFGE86CC,赤山段,.00,都市：商,,,,07280000
RPWOMLMLKILFFGE98CC,明頂段,74.00,都市：住,,,,00390023
RPXOMLKLKILFFGE88CC,赤山段,66.10,都市：住,,,,01920004
RPSPMLTKKILFFGE66CC,文山段,14.99,都市：住,,,,08970000
RPROMLSLKILFFAE48CC,興福段,111.32,都市：商,,,,08300000
RPPNMLSLKILFFGE78CC,新庄子段,5.00,都市：住,,,,01640018
RPPNMLSLKILFFGE78CC,新庄子段,104.00,都市：住,,,,01640046
RPPOMLSLKILFFGE88CC,五甲段,15.04,都市：商,,,,17440000
RPQQMLSLKILFFEE09DC,菜公段六小段,95.87,都市：住,,,,11300001
RPTOMLSLKILFFDE98CC,大港段五小段,25.25,都市：商,,,,08440000
RPXOMLSLKILFFDE76CC,鼎泰段,35.98,都市：住,,,,14540003
RPSNMLSLKILFFBE58CC,林德官段二小段,.00,都市：商,,,,33970000
RPSNMLSLKILFFBE58CC,林德官段二小段,.00,都市：商,,,,33970001
RPPNMLSLKILFFBE28CC,過田子段,36.36,都市：商,,,,04650000
RPQOMLSLKILFFEE78CC,新庄段十二小段,120.00,都市：住,,,,09830001
RPPOMLRLKILFFBE28CC,林聖段,14.60,都市：住,,,,10680003
RPSNMLSLKILFFEE88CC,興隆段,66.00,都市：商,,,,03240000
RPOPMLTLKILFFEE78CC,後勁段二小段,46.00,都市：住,,,,10590003
RPOPMLTLKILFFEE78CC,後勁段二小段,13.00,都市：住,,,,10590001
RPOPMLTLKILFFEE78CC,後勁段二小段,38.00,都市：商,,,,10540000
RPPQMLTLKILFFEE98CC,新庄段七小段,.00,都市：住,,,,06980000
RPSPMLTLKILFFEE56CC,菜公段六小段,27.15,都市：住,,,,10800000
RPRQMLTLKILFFEE56CC,福山段,449.81,都市：商,,,,02900000
RPQNMLTLKILFFDE68CC,三塊厝段,2.96,都市：商,,,,13230021
RPQNMLTLKILFFDE68CC,三塊厝段,5.25,都市：商,,,,13230000
RPQNMLTLKILFFDE68CC,三塊厝段,.77,都市：住,,,,13230023
RPTQMLTLKILFFDE66CC,三塊厝段,.00,都市：商,,,,13230000
RPTQMLTLKILFFDE66CC,三塊厝段,.00,都市：商,,,,13230021
RPPOMLTLKILFFBE48CC,五塊厝段三小段,.00,都市：商,,,,26910000
RPRPMLTLKILFFBE78CC,林德官段,.00,都市：商,,,,10770000
RPROMLTLKILFFBE68CC,武聖段,23.20,都市：住,,,,17970000
RPROMLTLKILFFBE68CC,武聖段,22.55,都市：住,,,,17970000
RPXPMLTLKILFFBE76CC,新興段四小段,261.00,都市：商,,,,18100000
RPXOMLTLKILFFAE56CC,龍華段八小段,.00,都市：商,,,,23770000
RPWNMLKMKILFFAE18CC,龍華段八小段,2.98,都市：商,,,,23070000
RPXPMLSLKILFFCE76CC,愛群段,7.49,都市：商,,,,10810000
RPWOMLTLKILFFCE66CC,高松段一小段,83.00,都市：住,,,,11740001
RPSPMLKMKILFFCE18CC,憲德段二小段,19.13,都市：商,,,,00200000
RPXOMLSLKILFFCE66CC,?莊段,125.00,都市：住,,,,07550025
RPUOMLRLKILFFCE88CC,瑞隆段一小段,24.46,都市：住,,,,02790000
RPWOMLKMKILFFCE48CC,愛群段,.00,都市：商,,,,07400000
RPROMLRLKILFFCE58CC,憲德段二小段,.00,都市：住,,,,00260000
RPVOMLRLKILFFCE98CC,光華段,.00,都市：商,,,,03900001
RPROMLKMKILFFAE77CC,前金段,2.84,都市：商,,,,01080005
RPOOMLKMKILFFIE28CC,金鼎段,77.88,都市：住,,,,01090019
RPPOMLKMKILFFIE38CC,仁春段,53.00,都市：住,,,,14530022
RPPOMLKMKILFFIE38CC,仁春段,22.66,都市：住,,,,14530034
RPXNMLKMKILFFBE38CC,苓洲段,.00,都市：商,,,,03820000
RPPNMLKMKILFFDE77CC,水源段,15.72,都市：住,,,,04810000
RPPNMLKMKILFFDE77CC,水源段,3.18,都市：商,,,,05110001
RPSNMLKMKILFFFE28CC,頂蚵子寮段,113.00,都市：其他:,,,,00150185
RPSNMLKMKILFFEE18CC,新博段,18.59,都市：住,,,,00200000
RPSOMLKMKILFFEE28CC,福民段,609.35,都市：住,,,,00970000
RPXOMLKMKILFFEE78CC,新庄段十三小段,6.24,都市：商,,,,14450000
RPXNMLKMKILFFDE58CC,澄東段,159.87,都市：住,,,,00710008
RPUOMLKMKILFFEE48CC,新庄段十三小段,.00,都市：商,,,,15310000
RPUOMLKMKILFFEE48CC,新庄段十三小段,.00,都市：商,,,,15330000
RPPNMLLMKILFFBE67CC,衛武段,8.95,都市：住,,,,03750001
RPPNMLLMKILFFBE67CC,衛武段,17.60,都市：商,,,,03750000
RPSOMLKMKILFFDE18CC,獅頭段,10.88,都市：商,,,,22490000
RPSNMLLMKILFFCE08CC,獅甲段,.00,都市：住,,,,03310000
RPXNMLLMKILFFDE68CC,覆鼎金段覆鼎金小段,48.40,都市：住,,,,11320002
RPQNMLMJJHMFFCE57CC,臨北段,10.93,都市：住,,,,06020000
RPPNMLLJJHMFFCE37CC,鎮昌段,.00,都市：住,,,,02880000
RPROMLNJJHMFFEE08CC,新福段七小段,15.09,都市：住,,,,00050000
RPVNMLNJJHMFFFE48CC,大公段,74.00,都市：商,,,,09460001
RPTOMLNJJHMFFEE28CC,果貿段,9.24,都市：住,,,,00060000
RPSOMLNJJHMFFEE18CC,新光段,9.98,都市：住,,,,00440000
RPTNMLNJJHMFFIE58CC,興農段,363.64,都市：農,,,,04170001
RPRNMLNJJHMFFEE08DC,莒光段二小段,521.00,都市：商,,,,01440000
RPPOMLKMKILFFLE68CC,磚子?段,1328.00,都市：工,,,,38730000
RPPOMLKMKILFFLE68CC,磚子?段,1021.00,都市：工,,,,38740000
RPPPMLNJJHMFFEE97CC,福山段,265.95,都市：住,,,,04020000
RPRNMLNJJHMFFCE77CC,店子後段,31.56,都市：住,,,,11020000
RPVNMLNJJHMFFCE18CC,愛群段,7.43,都市：商,,,,23940000
RPQNMLNJJHMFFBE57CC,新興段二小段,8.44,都市：商,,,,12760000
RPPNMLMJJHMFFDE57CC,鼎泰段一小段,230.35,都市：住,,,,03470000
RPROMLLMKILFFDE18CC,三塊厝段三小段,.00,都市：住,,,,37170000
RPOOMLNJJHMFFAE37CC,文東段,8.31,都市：住,,,,09400000
RPSNMLNJJHMFFAE67CC,青海段,21.70,都市：住,,,,06590000
RPPNMLMJJHMFFAE27CC,青海段,33.25,都市：住,,,,06070000
RPRNMLNJJHMFFAE57CC,府北段五小段,8.37,都市：商,,,,01440000
RPRNMLOJJHMFFBE77CC,五塊厝段,6.47,都市：商,,,,16140000
RPRNMLOJJHMFFBE77CC,五塊厝段,6.11,都市：商,,,,16140000
RPQNMLOJJHMFFBE67CC,意誠段,4.81,都市：商,,,,01990000
RPTNMLNJJHMFFBE87CC,苓洲段,5.36,都市：商,,,,05420000
RPSNMLNJJHMFFBE77CC,林德官段一小段,17.15,都市：住,,,,29540000
RPPNMLOJJHMFFBE57CC,意誠段,4.11,都市：商,,,,01990000
RPPNMLOJJHMFFBE57CC,意誠段,5.50,都市：商,,,,01990000
RPRNMLNJJHMFFBE67CC,苓洲段,5.29,都市：商,,,,05420000
RPWOMLNJJHMFFBE28CC,新興段一小段,33.20,都市：商,,,,20090000
RPSNMLOJJHMFFAE77CC,青海段,14.38,都市：住,,,,03600000
RPSOMLOJJHMFFBE97CC,意誠段,17.12,都市：商,,,,01470000
RPXNMLOJJHMFFAE28CC,龍華段三小段,150.00,都市：住,,,,09490003
RPRNMLOJJHMFFAE67CC,龍華段三小段,26.20,都市：住,,,,09450000
RPQOMLOJJHMFFEE08CC,新光段,.00,都市：住,,,,01710000
RPRNMLOJJHMFFEE08CC,福山段,8.78,都市：商,,,,03420000
RPRNMLOJJHMFFEE08CC,福山段,7.29,都市：商,,,,03420000
RPXOMLOJJHMFFDE68CC,鼎泰段一小段,81.60,都市：住,,,,05480000
RPXNMLPJJHMFFDE68CC,大港段七小段,60.00,都市：商,,,,04630058
RPUNMLPJJHMFFDE38CC,大港段二小段,11.44,都市：商,,,,10750000
RPPOMLPJJHMFFAE77DC,龍華段八小段,14.04,都市：商,,,,22200000
RPQOMLQJJHMFFFE38CC,安西段,331.42,都市：工,,,,01550000
RPVOMLQJJHMFFDE68CC,獅頭段,23.84,都市：住,,,,28090000
RPUNMLQJJHMFFBE28CC,意誠段,.00,都市：商,,,,01990000
RPVNMLQJJHMFFBE38CC,意誠段,.00,都市：商,,,,01990000
RPTNMLRJJHMFFBE28CC,新興段四小段,.00,都市：商,,,,16770000
RPTNMLRJJHMFFBE28CC,新興段四小段,.00,都市：商,,,,16780000
RPUNMLRJJHMFFBE38CC,新興段四小段,.00,都市：商,,,,16770000
RPUNMLRJJHMFFBE38CC,新興段四小段,.00,都市：商,,,,16780000
RPVNMLRJJHMFFBE48CC,新興段四小段,.00,都市：商,,,,16770000
RPVNMLRJJHMFFBE48CC,新興段四小段,.00,都市：商,,,,16780000
RPOOMLQJJHMFFBE77CC,成功段,.00,都市：商,,,,02960000
RPXNMLRJJHMFFBE68CC,新興段四小段,.00,都市：商,,,,16770000
RPXNMLRJJHMFFBE68CC,新興段四小段,.00,都市：商,,,,16780000
RPRNMLRJJHMFFFE48CC,岡山段,6.74,都市：住,,,,00300008
RPQNMLRJJHMFFIE68CC,興農段,1062.00,都市：住,,,,06110001
RPWNMLTJJHMFFIE86CC,萬金段,591.74,都市：農,,,,00650010
RPWOMLTJJHMFFIE07DC,大華段,246.00,都市：住,,,,02470000
RPWOMLTJJHMFFIE07DC,大華段,276.00,都市：住,,,,02480000
RPSQMLTJJHMFFDE88CC,建民段,8.91,都市：商,,,,04960000
RPQOMLTJJHMFFDE48CC,長明段,8.23,都市：商,,,,05220000
RPPOMLTJJHMFFEE48CC,新庄段五小段,76.00,都市：住,,,,03500000
RPOOMLTJJHMFFBE08CC,過田子段,87.00,都市：商,,,,04770004
RPQPMLTJJHMFFCE48CC,愛群段,19.18,都市：商,,,,24630000
RPVNMLTJJHMFFAE58CC,龍華段八小段,11.24,都市：商,,,,24010000
RPQOMLTJJHMFFAE18CC,龍中段,29.02,都市：商,,,,00550000
RPSNMLKKJHMFFCE67CC,光華段一小段,25.55,都市：住,,,,16620001
RPVNMLKKJHMFFBE87CC,林德官段一小段,.00,都市：商,,,,23690000
RPVNMLKKJHMFFBE87CC,林德官段一小段,.00,都市：商,,,,23810000
RPVNMLKKJHMFFBE87CC,林德官段一小段,.00,都市：商,,,,23820000
RPVNMLKKJHMFFBE87CC,林德官段一小段,.00,都市：商,,,,23830000
RPVNMLKKJHMFFBE87CC,林德官段一小段,.00,都市：商,,,,23840000
RPTNMLKKJHMFFEE97CC,新庄段十三小段,11.04,都市：住,,,,14020000
RPWNMLKKJHMFFAE87CC,東金段,.00,都市：商,,,,12370000
RPQOMLKKJHMFFEE77CC,藍昌段三小段,67.00,都市：住,,,,00610004
RPQOMLKKJHMFFEE77CC,藍昌段三小段,23.14,都市：住,,,,00610006
RPOOMLKKJHMFFEE57CC,藍昌段二小段,64.00,都市：商,,,,10140016
RPWPMLQJJHMFFGE56CC,頂新段,171.90,都市：住,,,,02040000
RPROMLPJJHMFFGE48CC,七老爺段,61.00,都市：住,,,,02860070
RPSRMLNJJHMFFGE68CC,竹子腳段,26.69,都市：住,,,,02040013
RPUNMLPJJHMFFGE68CC,文英段,.00,都市：住,,,,16780000
RPQSMLNJJHMFFGE58CC,道爺?段,26.90,都市：住,,,,10930086
RPUPMLTLKILFFGE96CC,文英段,82.00,都市：住,,,,21400007
RPVNMLKKJHMFFGE38CC,田中央段,81.84,都市：住,,,,00190103
RPOOMLTJJHMFFFE48CC,灣裡段,1388.93,都市：農,,,,11780000
RPOOMLTJJHMFFFE48CC,灣裡段,1229.50,都市：農,,,,11790000
RPOOMLTJJHMFFFE48CC,灣裡段,558.74,都市：農,,,,12110000
RPOOMLTJJHMFFFE48CC,灣裡段,166.48,都市：農,,,,12120000
RPPOMLKKJHMFFCE57DC,坪鳳段,674.54,都市：住,,,,00090000
RPQOMLLKJHMFFDE77CC,灣復段,23.61,都市：商,,,,09900000
RPPOMLTJJHMFFGE68CC,鳳青段,109.06,都市：住,,,,02080018
RPUNMLKKJHMFFAE77DC,龍華段一小段,93.00,都市：住,,,,07290002
RPPPMLLKJHMFFGE08CC,竹子腳段,84.00,都市：住,,,,02160037
RPPPMLLKJHMFFGE08CC,竹子腳段,1.00,都市：住,,,,02160011
RPWOMLLKJHMFFCE28CC,獅甲段,.97,都市：住,,,,03310000
RPUOMLLKJHMFFCE08CC,獅甲段,1.62,都市：住,,,,03310000
RPXNMLLKJHMFFBE18CC,林德官段,23.66,都市：住,,,,11120005
RPOOMLLKJHMFFLE38CC,翁公園段,462.70,都市：農,,,,45410000
RPOOMLLKJHMFFLE38CC,翁公園段,462.70,都市：農,,,,45420000
RPOOMLLKJHMFFLE38CC,翁公園段,462.70,都市：農,,,,45430000
RPOOMLLKJHMFFLE38CC,翁公園段,462.70,都市：農,,,,45440000
RPXOMLLKJHMFFCE38CC,獅甲段二小段,.00,都市：住,,,,05690000
RPTNMLMKJHMFFDE08CC,三塊厝段,59.00,都市：住,,,,11100015
RPSNMLNKJHMFFLE88CC,翁公園段,602.00,都市：農,,,,45430000
RPSNMLNKJHMFFLE88CC,翁公園段,430.00,都市：農,,,,45440000
RPSNMLNKJHMFFLE88CC,翁公園段,537.50,都市：農,,,,45450000
RPPNMLMKJHMFFLE58DC,福德段,77.14,都市：住,,,,04410000
RPOPMLMKJHMFFEE87CC,新民段,124.36,都市：住,,,,03880002
RPPNMLMKJHMFFBE47CC,大統段二小段,33.48,都市：商,,,,11740000
RPPOMLNKJHMFFAE57CC,龍中段,16.94,都市：住,,,,00260000
RPSNMLQKJHMFFAE08CC,青海段,118.00,都市：商,,,,01890000
RPRNMLNKJHMFFDE97CC,三塊厝段,.00,非都市： ; 非都市編定：,,,,11170006
RPVNMLQKJHMFFAE38CC,龍北段,2275.44,都市：住,,,,00070000
RPVNMLQKJHMFFDE68CC,鼎泰段,3623.00,都市：住,,,,13760000
RPWOMLQKJHMFFEE98CC,加昌段,645.00,都市：住,,,,02590000
RPROMLQKJHMFFBE18CC,林德官段,.00,都市：商,,,,11880000
RPXNMLQKJHMFFBE68CC,成功段,.00,都市：商,,,,07030000
RPUOMLQKJHMFFBE48CC,新興段四小段,.00,非都市： ; 非都市編定：,,,,20030000
RPXOMLQKJHMFFEE09CC,新庄段十二小段,124.00,都市：住,,,,10430001
RPTOMLQKJHMFFBE48DC,大統段二小段,25.00,都市：商,,,,02260000
RPRNMLQKJHMFFEE48DC,新庄段二小段,28.16,都市：住,,,,05480000
RPOPMLLKJHMFFIE18CC,大?腿段,375.00,都市：工,,,,14420002
RPOPMLLKJHMFFIE18CC,大?腿段,2048.00,都市：工,,,,14420000
RPQNMLNKJHMFFIE38CC,澄合段,360.01,都市：住,,,,02820000
RPQNMLQKJHMFFGE48CC,鳳山段縣口小段,113.00,都市：住,,,,03170000
RPPNMLQKJHMFFGE38CC,明頂段,68.00,都市：住,,,,01140009
RPWNMLQKJHMFFGE09CC,新甲段,.00,都市：住,,,,10740000
RPWOMLRKJHMFFIE86CC,育才段,50.89,都市：住,,,,03160000
RPUOMLQKJHMFFGE98CC,福誠段,10175.65,非都市： ; 非都市編定：,,,,00240000
RPVNMLRKJHMFFGE09CC,新庄子段,62.92,都市：住,,,,02430000
RPROMLRKJHMFFBE28CC,正明段,.00,都市：住,,,,04540000
RPSOMLRKJHMFFBE38CC,林德官段一小段,13.90,都市：商,,,,24370000
RPWNMLKKJHMFFIE78DC,青雲段,67.52,都市：住,,,,08110000
RPQOMLRKJHMFFEE48CC,新民段,810.36,都市：住,,,,00650000
RPQOMLRKJHMFFEE48CC,新民段,780.53,都市：住,,,,00660000
RPQPMLQKJHMFFEE48CC,新庄段十三小段,.00,都市：商,,,,15310000
RPQPMLQKJHMFFEE48CC,新庄段十三小段,.00,都市：商,,,,15330000
RPSPMLRKJHMFFDE68CC,大港段三小段,81.00,都市：住,,,,07170005
RPQPMLRKJHMFFDE48CC,中華段二小段,.00,都市：商,,,,14880000
RPSOMLRKJHMFFDE58CC,澄東段,21.02,都市：住,,,,00560000
RPPNMLSKJHMFFBE08CC,五塊厝段,6.82,都市：商,,,,16140000
RPRNMLSKJHMFFBE28CC,五塊厝段,13.26,都市：商,,,,17080000
RPSNMLSKJHMFFBE38CC,意誠段,13.55,都市：商,,,,00510000
RPXNMLSKJHMFFBE88CC,意誠段,.00,都市：商,,,,01990000
RPOOMLSKJHMFFBE08CC,意誠段,.00,都市：商,,,,01990000
RPTOMLSKJHMFFBE58CC,新興段二小段,.00,都市：商,,,,07910000
RPUOMLSKJHMFFBE68CC,新興段二小段,145.00,都市：商,,,,09710000
RPVOMLSKJHMFFBE78CC,大統段一小段,.00,非都市： ; 非都市編定：,,,,07250000
RPVNMLSKJHMFFAE58CC,龍華段九小段,.00,都市：住,,,,09620000
RPRNMLSKJHMFFAE18CC,青海段,20.20,都市：住,,,,00470000
RPRNMLSKJHMFFDE48CC,三塊厝段三小段,16.81,都市：住,,,,36500000
RPUNMLSKJHMFFDE78CC,大港段,35.23,都市：住,,,,34960007
RPOOMLSKJHMFFDE28CC,獅頭段一小段,77.00,都市：商,,,,18520001
RPOOMLSKJHMFFDE28CC,獅頭段一小段,77.00,都市：商,,,,18520002
RPQOMLSKJHMFFDE48CC,澄清段二小段,126.00,都市：住,,,,00370017
RPQNMLSKJHMFFEE48CC,新庄段十三小段,6.21,都市：商,,,,14910000
RPRNMLSKJHMFFEE58CC,福山段,10.30,都市：商,,,,02910000
RPWOMLSKJHMFFEE56CC,新庄段十二小段,29.38,都市：住,,,,10300000
RPWOMLSKJHMFFEE56CC,新庄段十二小段,27.47,都市：住,,,,10310000
RPRPMLSKJHMFFGE98CC,青年段,252.22,都市：住,,,,00020039
RPPNMLSKJHMFFAE97CC,青海段,26.68,都市：住,,,,00470000
RPVOMLSKJHMFFGE66CC,七老爺段,100.00,都市：農,,,,11690000
RPQOMLRKJHMFFAE08CC,青海段,31.80,都市：住,,,,00850000
RPXOMLTKJHMFFFE86CC,鳳雄段,.00,非都市：一般農業區 ; 非都市編定：農牧用地,,,,00750000
RPTPMLSKJHMFFGE56CC,鳳甲段,.00,都市：住,,,,00520000
RPRNMLTKJHMFFDE58CC,三塊厝段三小段,517.00,都市：住,,,,35870000
RPUNMLTKJHMFFGE56CC,文英段,5.46,都市：住,,,,21170000
RPXOMLTKJHMFFBE09CC,林德官段二小段,.00,都市：商,,,,35010000
RPXOMLTKJHMFFBE09CC,林德官段二小段,.00,都市：住,,,,35010006
RPOPMLTKJHMFFBE28CC,林德官段,.00,都市：商,,,,14840000
RPQPMLTKJHMFFBE48CC,武聖段,78.00,都市：住,,,,10640000
RPUOMLTKJHMFFBE78CC,意誠段,.00,都市：商,,,,01990000
RPPPMLTKJHMFFBE38CC,過田子段,59.00,都市：商,,,,05880012
RPUNMLKLJHMFFBE87CC,新興段三小段,.00,非都市： ; 非都市編定：,,,,13520000
RPOPMLTKJHMFFAE18CC,龍水段一小段,25.46,都市：商,,,,11690000
RPSPMLKLJHMFFDE08CC,三塊厝段四小段,34.57,都市：住,,,,20040000
RPUOMLKLJHMFFEE28CC,新庄段十三小段,10.40,都市：商,,,,15090000
RPSNMLKLJHMFFGE18CC,文山段,33.00,都市：住,,,,04060000
RPROMLKLJHMFFLE68CC,潮寮北段,330.57,都市：農,,,,08240000
RPWNMLKLJHMFFGE58CC,竹子腳段,39.10,都市：住,,,,02940013
RPPNMLLLJHMFFAE37CC,青海段,231.27,都市：住,,,,04860000
RPOOMLNLJHMFFAE57CC,龍華段六小段,130.38,都市：住,,,,21700000
RPSOMLNLJHMFFBE08CC,成功段,15.00,都市：商,,,,06820000
RPSOMLNLJHMFFBE08CC,成功段,63.00,都市：商,,,,06750000
RPWOMLNLJHMFFBE48CC,新興段二小段,11.92,都市：商,,,,12410000
RPXNMLNLJHMFFGE98CC,道爺?段下菜園小段,68.00,都市：住,,,,00270073
RPXNMLNLJHMFFGE98CC,道爺?段下菜園小段,68.00,都市：住,,,,00290023
RPXOMLNLJHMFFLE07DC,山子頂段,.00,都市：農,,,,25070000
RPTOMLNLJHMFFEE48CC,新庄段六小段,80.00,都市：住,,,,11010000
RPUOMLRKJHMFFCE68CC,獅甲段一小段,37.07,都市：住,,,,05310000
RPWOMLTKJHMFFCE09CC,桂林段,119.00,都市：住,,,,01960010
RPORMLNLJHMFFDE18CC,鼎盛段,23.57,都市：住,,,,07560000
RPWQMLSKJHMFFCE56CC,愛群段,10.19,都市：商,,,,10810000
RPTNMLSKJHMFFCE58CC,愛群段,10.01,都市：商,,,,24630000
RPTNMLSKJHMFFCE58CC,愛群段,10.01,都市：商,,,,24630000
RPSNMLNKJHMFFCE97CC,瑞隆段一小段,19.92,都市：住,,,,06820000
RPPOMLTKJHMFFCE38CC,盛興段,12.87,都市：住,,,,15500000
RPXNMLSKJHMFFCE98CC,店鎮段一小段,39.97,都市：住,,,,13010000
RPUNMLOLJHMFFBE28CC,林德官段一小段,.00,都市：住,,,,31980000
RPWNMLOLJHMFFFE88CC,瓊西段,243.71,都市：工,,,,05200000
RPWNMLOLJHMFFFE88CC,瓊西段,231.04,都市：工,,,,05170000
RPROMLOLJHMFFBE08CC,苓洲段,14.75,都市：商,,,,02630000
RPUOMLOLJHMFFBE38CC,成功段,15.22,都市：商,,,,00590000
RPUOMLOLJHMFFDE58CC,寶國段,2.37,都市：商,,,,04270000
RPXOMLOLJHMFFDE88CC,長明段,60.37,都市：商,,,,03620000
RPQOMLOLJHMFFGE48CC,新甲段,83.00,都市：住,,,,02060040
RPWNMLOLJHMFFBE48CC,意誠段,.00,都市：商,,,,01990000
RPRNMLOLJHMFFBE97CC,苓雅寮段,.00,都市：住,,,,05290000
RPSNMLOLJHMFFCE18CC,憲德段二小段,16.58,都市：住,,,,00200000
RPPPMLOLJHMFFBE97CC,意誠段,9.21,都市：商,,,,04250000
RPUNMLOLJHMFFAE18CC,龍華段六小段,130.38,都市：住,,,,21700000
RPQPMLOLJHMFFCE18CC,憲德段二小段,17.56,都市：住,,,,00260004
RPXOMLOLJHMFFCE78CC,獅甲段二小段,14.17,都市：住,,,,05530000
RPVOMLOLJHMFFCE58CC,愛群段,6.77,都市：住,,,,23940000
RPPPMLOLJHMFFCE08CC,獅甲段,.97,都市：住,,,,03310000
RPPPMLOLJHMFFCE08CC,獅甲段,.31,都市：住,,,,03300000
RPSOMLOLJHMFFCE28CC,獅甲段,.97,都市：住,,,,03310000
RPSOMLOLJHMFFCE28CC,獅甲段,.31,都市：住,,,,03310000
RPROMLOLJHMFFCE18CC,愛群段,8.29,都市：商,,,,10810000
RPROMLOLJHMFFCE18CC,愛群段,8.68,都市：商,,,,10810000
RPUOMLOLJHMFFCE48CC,愛群段,5.91,都市：住,,,,24590000
RPVNMLPLJHMFFAE38CC,龍華段八小段,.00,都市：商,,,,22510000
RPQOMLPLJHMFFAE97CC,青海段,5091.00,都市：商,,,,02090000
RPXNMLPLJHMFFBE68CC,大統段一小段,.00,都市：商,,,,00990000
RPWNMLPLJHMFFBE58CC,意誠段,.00,都市：商,,,,01860000
RPTNMLPLJHMFFBE28CC,五塊厝段,.00,都市：商,,,,20670000
RPOPMLPLJHMFFBE97CC,林德官段,.00,都市：商,,,,10820000
RPOPMLPLJHMFFBE97CC,林德官段,.00,都市：商,,,,10830000
RPOPMLPLJHMFFBE97CC,林德官段,.00,都市：商,,,,10840000
RPXOMLPLJHMFFGE66CC,七老爺段,330.57,都市：農,,,,11890000
RPPPMLPLJHMFFGE58CC,鳳頂段,385.52,都市：住,,,,00280000
RPVNMLPLJHMFFCE68DC,愛群段,17.23,都市：商,,,,15490000
RPUOMLPLJHMFFIE56CC,仁營段,567.00,都市：農,,,,10060006
RPVNMLPLJHMFFBE58DC,林德官段二小段,23.23,都市：住,,,,34790001
RPVNMLPLJHMFFBE58DC,林德官段二小段,23.23,都市：住,,,,34790001
RPPQMLPLJHMFFEE48CC,藍田東段,99.90,都市：住,,,,01680072
RPXPMLPLJHMFFEE56CC,福山段,595.04,都市：住,,,,04070000
RPOQMLOLJHMFFEE28CC,藍田西段,8.82,都市：商,,,,01140000
RPUNMLQLJHMFFJE66CC,忠孝段,53.51,都市：住,,,,14920000
RPUNMLQLJHMFFJE66CC,忠孝段,43.32,都市：住,,,,14940000
RPXPMLQLJHMFFEE66CC,福山段,1396.00,都市：住,,,,00130000
RPTOMLQLJHMFFEE78CC,菜公段六小段,12.74,都市：住,,,,10000000
RPSPMLOLJHMFFCE38CC,獅甲段,.31,都市：住,,,,03300000
RPSPMLOLJHMFFCE38CC,獅甲段,.97,都市：住,,,,03310000
RPWOMLPLJHMFFCE78CC,店鎮段二小段,9.44,都市：住,,,,29400000
RPPQMLPLJHMFFCE28CC,竹北段,.00,非都市： ; 非都市編定：,,,,19010000
RPXPMLOLJHMFFCE88CC,?莊段,803.00,都市：商,,,,07440013
RPXPMLOLJHMFFCE88CC,?莊段,13.00,都市：商,,,,08210025
RPTOMLQLJHMFFFE88CC,建樹段,97.90,都市：商,,,,07610002
RPTOMLQLJHMFFFE88CC,建樹段,169.87,都市：商,,,,07610003
RPTOMLQLJHMFFFE88CC,建樹段,8.68,都市：商,,,,07610009
RPPPMLQLJHMFFGE68CC,鳳青段,524.90,都市：住,,,,02530000
RPROMLQLJHMFFJE09CC,中興段,9.91,都市：住,,,,00690000
RPROMLQLJHMFFJE09CC,中興段,9.91,都市：住,,,,00700000
RPUNMLQLJHMFFBE48CC,意誠段,.00,都市：商,,,,01990000
RPVNMLQLJHMFFBE58CC,意誠段,.00,都市：商,,,,01990000
RPWNMLQLJHMFFJE86CC,智仁段,78.81,都市：住,,,,09020000
RPSNMLQLJHMFFBE28CC,意誠段,4.02,都市：商,,,,01990000
RPVQMLPLJHMFFDE98CC,三塊厝段一小段,2.99,都市：商,,,,10850001
RPTNMLQLJHMFFDE58CC,大港段三小段,66.00,都市：住,,,,07160020
RPUNMLPLJHMFFDE58CC,大港段四小段,819.00,都市：住,,,,20580000
RPUNMLPLJHMFFDE58CC,大港段四小段,6.00,都市：其他:,,,,20580001
