﻿編號,土地位置,土地移轉面積(平方公尺),使用分區或編定,權利人持分分母,權利人持分分子,移轉情形,地號
The serial number, land position,land shifting area square meter,the use zoning or compiles and checks,,,,land parcel
RPTRMLLJJILFFBF18CC,力行段,19.13,都市：商,,,,02590001
RPTNMLLJJILFFBF77CC,海山頭段石龜小段,180.00,都市：住,,,,00730025
RPUNMLLJJILFFCF08DC,華城一段,181.75,都市：住,,,,00020007
RPTQMLLJJILFFBF08CC,忠孝段,138.31,都市：住,,,,03350000
RPQNMLLJJILFFDF67CC,智興段,.00,都市：商,,,,05110000
RPROMLLJJILFFAF77EC,廷寮段,26.05,都市：住,,,,01440000
RPTPMLMJJILFFHF88EC,文化段,.00,都市：住,,,,00860000
RPRPMLMJJILFFIF58CC,大學段二小段,5.80,都市：住,,,,00360007
RPRPMLMJJILFFIF58CC,大學段二小段,.59,都市：住,,,,00360008
RPRPMLMJJILFFIF58CC,大學段二小段,.45,都市：住,,,,00360011
RPVPMLMJJILFFIF98CC,民族段,23.10,都市：住,,,,09180000
RPWPMLMJJILFFIF09CC,民生段,7.18,都市：住,,,,05180001
RPWPMLMJJILFFIF09CC,民生段,10.17,都市：住,,,,05180002
RPWPMLMJJILFFIF09CC,民生段,7.69,都市：住,,,,05200001
RPSPMLMJJILFFIF68CC,大學段二小段,5.80,都市：住,,,,00360007
RPSPMLMJJILFFIF68CC,大學段二小段,.59,都市：住,,,,00360008
RPSPMLMJJILFFIF68CC,大學段二小段,.45,都市：住,,,,00360011
RPUPMLMJJILFFIF88CC,大學段一小段,21.00,都市：住,,,,00690000
RPSNMLMJJILFFDF97CC,同新段,.00,都市：工,,,,00130000
RPSOMLMJJILFFHF48CC,南勢段,.00,都市：住,,,,04550000
RPSPMLMJJILFFHF58CC,健康段,.00,都市：工,,,,11590000
RPTPMLMJJILFFHF68CC,健康段,.00,都市：工,,,,11590000
RPVOMLMJJILFFHF78CC,頂溪段,33.75,都市：住,,,,08010000
RPUOMLMJJILFFHF68CC,華中段,26.89,都市：住,,,,00610000
RPSNMLNJJILFFCF97CC,寶元段,.00,都市：工,,,,01090000
RPTNMLNJJILFFCF08CC,寶元段,.00,都市：工,,,,01090000
RPOOMLNJJILFFCF67CC,錦秀段,14.90,都市：住,,,,05790000
RPSNMLNJJILFFDF08CC,金龍段,.00,都市：住,,,,04380000
RPOOMLNJJILFFCF67CC,錦秀段,15.08,都市：住,,,,06070000
RPPQMLMJJILFFBF77CC,五工段,308.83,非都市：工業區 ; 非都市編定：丁種建築用地,,,,03370000
RPVOMLLJJILFFEF38CC,學府段,.00,都市：住,,,,00480000
RPOOMLNJJILFFDF77CC,工建段,.00,都市：工,,,,06730000
RPQPMLMJJILFFAF67CC,文化段,2.60,都市：住,,,,11980000
RPXOMLLJJILFFEF58CC,水仙段,2.42,都市：住,,,,00670000
RPXOMLLJJILFFEF58CC,水仙段,.44,都市：住,,,,00670003
RPWOMLNJJILFFAF28CC,港子嘴段,.00,都市：住,,,,01160000
RPPOMLMJJILFFEF87CC,馬偕段,9.53,都市：工,,,,01960000
RPTQMLNJJILFFEF58CC,馬偕段,6.92,都市：工,,,,01960000
RPUQMLNJJILFFEF68CC,馬偕段,5.67,都市：工,,,,01960000
RPTOMLNJJILFFDF48EC,保長段,8.53,都市：住,,,,09950000
RPUOMLNJJILFFDF58EC,保長段,8.86,都市：住,,,,09950000
RPVOMLNJJILFFDF68EC,保長段,12.57,都市：住,,,,09950000
RPRQMLOJJILFFEF48CC,海天段,8.59,都市：住,,,,05480000
RPWOMLNJJILFFDF78EC,保長段,8.60,都市：住,,,,09950000
RPUQMLOJJILFFEF78CC,公司田段,.00,都市：住,,,,01210000
RPWNMLOJJILFFIF09CC,大學段二小段,11.60,都市：住,,,,01150000
RPWOMLOJJILFFHF09CC,新民段,.00,都市：工,,,,03500000
RPXOMLOJJILFFHF56CC,三民段,1.63,都市：其他:道路用地,,,,09700000
RPXOMLOJJILFFHF56CC,三民段,24.39,都市：住,,,,09700001
RPXNMLOJJILFFDF68CC,金龍段,.00,都市：住,,,,04380000
RPPNMLPJJILFFDF97CC,建成段,.00,都市：住,,,,04300000
RPQNMLRJJILFFDF28CC,昊天段,31.62,都市：工,,,,08720000
RPQNMLRJJILFFDF28CC,同新段,.99,都市：工,,,,00060000
RPWNMLRJJILFFDF88CC,北山段,55.73,都市：工,,,,13520000
RPVOMLNJJILFFHF88CC,景平段,20.20,都市：住,,,,00230000
RPQOMLOJJILFFHF48CC,保平段,.00,都市：住,,,,05660000
RPQQMLMJJILFFHF48CC,健康段,.00,都市：工,,,,11590000
RPUNMLNJJILFFHF68CC,安平段,21.40,都市：住,,,,01930000
RPTNMLNJJILFFHF58CC,中原段,343.06,都市：工,,,,06430000
RPTNMLRJJILFFCF48CC,寶強段,.00,都市：其他:捷運系統用地,,,,00940000
RPVNMLOJJILFFGF78CC,大智段,.00,都市：住,,,,02200000
RPOOMLRJJILFFDF18CC,北山段,125.31,都市：工,,,,13820000
RPXNMLRJJILFFDF98CC,工建段,.00,都市：工,,,,06730000
RPROMLRJJILFFDF48CC,同新段,17.45,都市：工,,,,00130000
RPTOMLRJJILFFHF09CC,捷運段,.00,都市：其他:捷運系統用地,,,,00080000
RPXOMLRJJILFFHF86CC,民治段,.00,都市：商,,,,07370000
RPPNMLRJJILFFGF48CC,富貴段,.00,都市：住,,,,05000000
RPXOMLRJJILFFIF96CC,尖山腳段,124.77,都市：住,,,,08310000
RPXOMLRJJILFFIF96CC,尖山腳段,1.79,都市：住,,,,08310001
RPXOMLNJJILFFDF88EC,保長段,6.64,都市：住,,,,09950000
RPQOMLRJJILFFIF98DC,大學段一小段,23.89,都市：住,,,,01830000
RPOQMLRJJILFFEF48CC,馬偕段,6.69,都市：工,,,,01960000
RPWNMLRJJILFFCF88DC,中央段,27.20,都市：住,,,,09950000
RPQNMLSJJILFFEF48CC,公司田段,14.26,都市：住,,,,00060000
RPVNMLSJJILFFEF98CC,大義段,21.25,都市：住,,,,00110000
RPUOMLSJJILFFEF98CC,公司田段,.00,都市：住,,,,01930000
RPSPMLSJJILFFEF88CC,新興段,35.62,都市：住,,,,01400000
RPRNMLSJJILFFDF48CC,智興段,.00,都市：其他:市場用地,,,,10610000
RPPOMLSJJILFFDF38CC,同新段,.00,都市：工,,,,00130000
RPWOMLSJJILFFDF09CC,智興段,6.00,都市：住,,,,01040000
RPPNMLTJJILFFDF38CC,昊天段,21.23,都市：工,,,,08720000
RPPNMLTJJILFFDF38CC,同新段,.66,都市：工,,,,00060000
RPXNMLTJJILFFDF56CC,智興段,.00,都市：商,,,,05060000
RPPOMLTJJILFFCF38CC,安坑段車子路小段,75.58,非都市：山坡地保育區 ; 非都市編定：丙種建築用地,,,,01800044
RPTPMLTJJILFFAF68CC,學成段,21.97,都市：住,,,,08380000
RPSOMLNJJILFFBF97CC,國宅段,8.57,都市：住,,,,00170002
RPVPMLRJJILFFBF78CC,幸福段,.00,都市：工,,,,07050000
RPSPMLTJJILFFBF68CC,力行段,.00,都市：住,,,,12080000
RPRPMLTJJILFFBF58CC,麗林段,.00,都市：商,,,,04070004
RPUPMLRJJILFFBF68CC,榮富段,16.16,都市：住,,,,09390000
RPPSMLRJJILFFBF48CC,光榮段,33.80,都市：住,,,,04530000
RPVQMLRJJILFFBF88CC,榮富段,12.46,都市：住,,,,08920000
RPSOMLRJJILFFBF38CC,龍鳳段,.00,都市：住,,,,02770000
RPWPMLRJJILFFBF88CC,中原段,.00,都市：住,,,,03340000
RPUQMLRJJILFFBF78CC,副都心段七小段,27.51,都市：住,,,,00360000
RPTQMLTJJILFFIF96CC,三多段,.00,都市：工,,,,07690000
RPVOMLTJJILFFGF76CC,光華段,.00,都市：住,,,,01890000
RPUNMLTJJILFFHF66CC,南山段,35.47,都市：住,,,,08560000
RPXVMLTJJILFFEF57DC,學府段,22.56,都市：住,,,,09300000
RPROMLTJJILFFAF58EC,文化段,.00,都市：住,,,,11980000
RPSNMLTJJILFFHF09CC,福祥段,27.57,都市：住,,,,00660000
RPQPMLKKJILFFEF97CC,海天段,18.95,都市：住,,,,06420000
RPQPMLKKJILFFEF97CC,海天段,1.42,都市：住,,,,06420003
RPQOMLTJJILFFAF48EC,新板段三小段,16.63,都市：其他:第二種特定專用區,,,,00380000
RPQOMLKKJILFFCF67CC,寶元段,588.57,都市：工,,,,01040000
RPPOMLKKJILFFCF57CC,復興段,297.63,都市：工,,,,05570000
RPPOMLKKJILFFCF57CC,復興段,182.08,都市：工,,,,05570000
RPWNMLKKJILFFDF28CC,汐止段下寮小段,.00,非都市：山坡地保育區 ; 非都市編定：丙種建築用地,,,,07520003
RPROMLKKJILFFCF77CC,寶橋段,22.46,都市：工,,,,00800000
RPSNMLLKJILFFCF87CC,直潭段過橋坑小段,.00,都市：住,,,,00280062
RPUOMLLKJILFFGF58CC,中興段,.00,都市：工,,,,07930000
RPSPMLKKJILFFBF87CC,瓊泰段,3587.58,都市：商,,,,05620000
RPQQMLTJJILFFBF58CC,化成段,288.74,都市：工,,,,03210000
RPPRMLLKJILFFEF18CC,淡海段,28.50,都市：住,,,,00770000
RPXQMLLKJILFFEF88CC,公司田段,17.20,都市：住,,,,00050000
RPRRMLLKJILFFEF38CC,公司田段,23.37,都市：住,,,,00880001
RPORMLLKJILFFEF08CC,新市段,22.91,都市：住,,,,00870000
RPOPMLLKJILFFAF67EC,大同段,.00,非都市： ; 非都市編定：,,,,06180000
RPRPMLLKJILFFHF48CC,福祥段,.00,都市：商,,,,03250000
RPWNMLMKJILFFHF88CC,景華段,16.10,都市：住,,,,05350000
RPQOMLLKJILFFHF28CC,健康段,.00,都市：工,,,,11590000
RPUNMLLKJILFFHF58CC,捷運段,13.08,都市：其他:捷運系統用地,,,,00080000
RPRNMLMKJILFFHF38CC,永安段,.00,都市：商,,,,02470000
RPTNMLMKJILFFHF58CC,盛昌段,.00,都市：住,,,,01530000
RPSNMLMKJILFFHF48CC,錦和段,.00,都市：住,,,,01740000
RPSOMLLKJILFFHF48CC,連城段,.00,都市：住,,,,01550000
RPSNMLLKJILFFHF38CC,板南段,14.33,都市：工,,,,03110000
RPTNMLLKJILFFHF48CC,健康段,11.84,都市：工,,,,02580000
RPUOMLMKJILFFHF78CC,景福段,29.61,都市：住,,,,06930000
RPOPMLMKJILFFHF28CC,民樂段,.00,都市：住,,,,00050000
RPVOMLMKJILFFHF88CC,安邦段,.00,都市：住,,,,09630000
RPWOMLMKJILFFHF98CC,中安段,.00,都市：商,,,,00370000
RPXOMLMKJILFFHF09CC,大同段,.00,都市：住,,,,01290000
RPPNMLMKJILFFIF28CC,大學段一小段,5.34,都市：住,,,,00910000
RPQNMLMKJILFFIF38CC,民生段,37.27,都市：住,,,,07280000
RPQNMLMKJILFFIF38CC,民生段,2.11,都市：住,,,,07280001
RPPNMLMKJILFFDF77CC,建成段,.00,都市：住,,,,07530000
RPPNMLMKJILFFDF77CC,建成段,.00,都市：住,,,,07690000
RPPNMLMKJILFFDF77CC,建成段,.00,都市：住,,,,08420000
RPPNMLMKJILFFDF77CC,建成段,.00,都市：住,,,,08740000
RPPNMLMKJILFFDF77CC,建成段,.00,都市：住,,,,09360000
RPPNMLMKJILFFDF77CC,建成段,.00,都市：住,,,,09490000
RPQNMLNKJILFFEF08CC,海天段,.02,都市：住,,,,06420000
RPQNMLNKJILFFEF08CC,海天段,.00,都市：住,,,,06420003
RPQNMLNKJILFFEF08CC,海天段,2.33,都市：住,,,,06530000
RPQNMLNKJILFFEF08CC,海天段,.17,都市：住,,,,06530004
RPQNMLNKJILFFEF08CC,海天段,.01,都市：住,,,,06530005
RPQOMLOKJILFFEF28CC,海天段,11.89,都市：住,,,,01900000
RPROMLOKJILFFEF38CC,海鷗段,2.98,都市：商,,,,11910000
RPUOMLOKJILFFEF68CC,海天段,.04,都市：住,,,,03880000
RPUOMLOKJILFFEF68CC,海天段,21.95,都市：住,,,,03900000
RPSOMLOKJILFFEF48CC,中正段,3.42,都市：商,,,,05490000
RPSOMLOKJILFFHF78CC,員山段,13.31,都市：工,,,,01420000
RPRPMLOKJILFFHF78CC,國光段,.00,都市：商,,,,01580000
RPQOMLOKJILFFHF58CC,橋和段,103.71,都市：工,,,,01880000
RPQNMLOKJILFFDF08CC,智興段,.00,都市：商,,,,04410000
RPXOMLOKJILFFBF68CC,雙鳳段,16.21,都市：住,,,,04870000
RPQOMLOKJILFFGF58DC,富貴段,33.25,都市：住,,,,02230000
RPVQMLPKJILFFEF66EC,學府段,34.82,都市：住,,,,05030000
RPRPMLPKJILFFBF28CC,副都心段一小段,21.69,都市：商,,,,02810002
RPRNMLMKJILFFIF48CC,大學段二小段,20.62,都市：住,,,,00100000
RPTNMLPKJILFFCF38CC,北宜段,.00,都市：其他:捷運用地,,,,02980000
RPVNMLPKJILFFCF58CC,寶強段,.00,都市：住,,,,00620000
RPXPMLPKJILFFHF86CC,興南段,5.27,都市：住,,,,08570000
RPOQMLPKJILFFHF68CC,南山段,41.30,都市：住,,,,04120000
RPXNMLQKJILFFHF76CC,健康段,.00,都市：工,,,,00540000
RPOQMLQKJILFFEF48CC,海天段,7.30,都市：住,,,,01900000
RPUOMLQKJILFFIF66CC,大學段一小段,30.86,都市：住,,,,01480000
RPTOMLMKJILFFHF68CC,復興段,.00,都市：住,,,,00650000
RPROMLMKJILFFHF48CC,信義段,.00,都市：商,,,,05040000
RPSOMLMKJILFFHF58CC,福美段,.00,都市：住,,,,01670000
RPQOMLMKJILFFHF38CC,華新段,.00,都市：住,,,,12780000
RPOOMLMKJILFFHF18CC,公園段,.00,都市：商,,,,06500000
RPQOMLQKJILFFGF68CC,樹德段,.00,都市：住,,,,01570000
RPSQMLQKJILFFCF68CC,復興段,.00,都市：工,,,,05570000
RPPPMLQKJILFFAF08CC,金城段,35.51,都市：商,,,,03990000
RPTQMLQKJILFFCF78CC,順安段,.00,都市：住,,,,08550000
RPQPMLQKJILFFAF18CC,金城段,24.36,都市：住,,,,02270000
RPWPMLQKJILFFBF88CC,立德段,97.24,都市：住,,,,08850000
RPVPMLQKJILFFBF78CC,和平段,5.14,都市：住,,,,00010000
RPRQMLPKJILFFBF38CC,合鳳段,.00,都市：工,,,,06090000
RPSPMLPKJILFFBF38CC,副都心段一小段,33.89,都市：商,,,,04070001
RPPNMLQKJILFFDF28DC,工建段,.00,都市：工,,,,01280000
RPUNMLPKJILFFDF58CC,同新段,.00,都市：工,,,,00060000
RPUNMLPKJILFFDF58CC,昊天段,.00,都市：工,,,,08720000
RPSOMLRKJILFFAF38CC,江子翠段溪頭小段,.00,都市：住,,,,01910007
RPSNMLRKJILFFDF58CC,環河段,1473.90,都市：其他:,,,,05780000
RPWNMLRKJILFFDF98CC,鄉長厝段過港小段,.00,非都市：山坡地保育區 ; 非都市編定：丙種建築用地,,,,01850048
RPTOMLRKJILFFDF78CC,智興段,.00,都市：商,,,,04410000
RPWNMLRKJILFFHF76CC,得林段,.00,都市：住,,,,05140000
RPOOMLRKJILFFHF68CC,健康段,.00,都市：工,,,,07720000
RPOOMLRKJILFFHF68CC,健康段,.00,都市：工,,,,07730000
RPQOMLRKJILFFHF88CC,民富段,5.03,都市：工,,,,03640000
RPORMLQKJILFFBF28CC,思源段,28.36,都市：住,,,,16080000
RPPPMLRKJILFFBF28CC,力行段,31.64,都市：商,,,,02590000
RPRQMLQKJILFFBF48CC,榮富段,17.77,都市：住,,,,01920001
RPWOMLRKJILFFBF88CC,中原段,.00,都市：住,,,,03290001
RPSQMLQKJILFFBF58CC,榮富段,31.38,都市：住,,,,00790000
RPXPMLQKJILFFBF98CC,中原段,22.38,都市：商,,,,01930000
RPTQMLQKJILFFBF68CC,榮富段,19.17,都市：住,,,,08920000
RPTOMLRKJILFFHF56CC,雙和段,41.00,都市：住,,,,00980000
RPVNMLSKJILFFGF66CC,幸福段,22.00,都市：住,,,,13760000
RPRNMLSKJILFFIF09CC,育英段,2.67,都市：商,,,,00610000
RPXOMLSKJILFFEF76CC,海鷗段,6.70,都市：住,,,,11920000
RPQOMLSKJILFFHF98CC,民富段,.00,都市：工,,,,09500000
RPPOMLSKJILFFHF88CC,健康段,.00,都市：工,,,,11590000
RPTQMLSKJILFFBF88CC,中原段,14.19,都市：住,,,,03290000
RPSQMLSKJILFFBF78CC,中原段,36.49,都市：住,,,,00290000
RPUQMLSKJILFFBF98CC,思賢段,147.35,都市：住,,,,07560000
RPPQMLSKJILFFBF48CC,榮富段,5.26,都市：住,,,,06440000
RPQQMLSKJILFFBF58CC,信華段一小段,20.91,都市：住,,,,00260000
RPXQMLSKJILFFBF66CC,力行段,20.07,都市：商,,,,08870000
RPVQMLSKJILFFBF09CC,中原段,15.85,都市：商,,,,01960000
RPPNMLTKJILFFDF48CC,智興段,.00,都市：商,,,,04710000
RPPNMLTKJILFFDF48CC,智興段,.00,都市：住,,,,04760000
RPPNMLTKJILFFCF38CC,雙城段,55.16,都市：其他:已開發建築密集地區,,,,12780000
RPOOMLSKJILFFHF98EC,中和段,.00,都市：住,,,,04290000
RPTNMLTKJILFFHF66CC,南山段,.00,都市：住,,,,06550000
RPUNMLTKJILFFHF76CC,連城段,.00,都市：住,,,,06230000
RPWNMLTKJILFFHF96CC,公園段,.00,都市：商,,,,06470000
RPSNMLTKJILFFHF56CC,民治段,6.36,都市：商,,,,03200000
RPSNMLTKJILFFHF56CC,民治段,2.55,都市：住,,,,03200001
RPXNMLTKJILFFHF07CC,新和段,.00,都市：住,,,,06450000
RPOOMLTKJILFFHF88CC,大同段,.00,都市：住,,,,07430000
RPROMLTKJILFFHF56CC,莒光段,.00,都市：住,,,,08830000
RPQOMLTKJILFFHF09CC,盛昌段,.00,都市：住,,,,01530000
RPUOMLTKJILFFHF86CC,得和段,.00,都市：商,,,,09360000
RPTOMLTKJILFFHF76CC,華中段,24.96,都市：住,,,,00480000
RPPNMLKLJILFFIF18CC,大學段二小段,8.29,都市：商,,,,00980000
RPQNMLKLJILFFIF28CC,和平段,25.69,都市：住,,,,07730000
RPRNMLKLJILFFIF38CC,大學段一小段,10.97,都市：商,,,,00490000
RPSNMLKLJILFFIF48CC,大學段一小段,16.88,都市：商,,,,00490000
RPWOMLLLJILFFGF88CC,忠孝段,.00,都市：住,,,,08240000
RPTOMLLLJILFFHF68CC,華中段,53.78,都市：住,,,,00190000
RPPOMLLLJILFFEF97CC,海天段,13.01,都市：住,,,,02250000
RPXOMLLLJILFFHF09CC,民利段,26.26,都市：住,,,,10100000
RPOOMLLLJILFFCF67CC,建國段,14.70,都市：其他:市場用地,,,,00270000
RPOOMLLLJILFFCF67CC,建國段,14.73,都市：其他:市場用地,,,,00340000
RPOOMLLLJILFFCF67CC,建國段,14.60,都市：其他:市場用地,,,,00350000
RPPOMLLLJILFFCF77CC,寶強段,.00,都市：住,,,,00930000
RPPOMLLLJILFFCF77CC,寶強段,.00,都市：住,,,,00940000
RPVOMLLLJILFFBF28CC,建林段,42.37,都市：住,,,,08630000
RPSOMLLLJILFFCF08CC,寶橋段,.00,都市：工,,,,04510000
RPQNMLTKJILFFHF98CC,保健段,.00,都市：住,,,,06100000
RPRQMLLLJILFFEF48DC,長興段,139.54,都市：住,,,,14110000
RPOQMLLLJILFFAF87EC,文化段,83.35,都市：商,,,,15160000
RPRNMLMLJILFFAF77CC,江子翠段第三崁小段,.00,都市：住,,,,01060000
RPQOMLMLJILFFAF77CC,重慶段,.00,都市：住,,,,02870000
RPPNMLMLJILFFDF87CC,智興段,.00,都市：商,,,,05110000
RPXNMLMLJILFFHF09CC,板南段,417.81,都市：工,,,,03150000
RPTOMLMLJILFFHF78CC,瓦?段,10.66,都市：住,,,,00490000
RPUOMLMLJILFFHF88CC,福祥段,.00,都市：住,,,,03810000
RPVOMLMLJILFFHF98CC,福祥段,17.03,都市：住,,,,03810000
RPXNMLSKJILFFDF76EC,保長段,12.77,都市：住,,,,09950000
RPWNMLSKJILFFDF66EC,保長段,12.64,都市：住,,,,09950000
RPVNMLSKJILFFDF56EC,保長段,3.90,都市：住,,,,09950000
RPPPMLQKJILFFDF58EC,昊天段,23.00,都市：工,,,,08720000
RPXNMLOKJILFFDF98EC,智興段,60.72,都市：住,,,,02460000
RPVNMLNLJILFFHF98CC,信和段,25.60,都市：住,,,,05600000
RPXNMLNLJILFFIF66CC,三龍段,62.88,都市：工,,,,02800000
RPXNMLNLJILFFIF66CC,三龍段,17.98,都市：工,,,,02810000
RPXNMLNLJILFFIF66CC,三龍段,58.86,都市：工,,,,02820000
RPWNMLNLJILFFAF38CC,大觀段,.00,都市：住,,,,08360000
RPVOMLNLJILFFAF38CC,文化段,.00,都市：住,,,,11980000
RPSPMLNLJILFFAF18CC,文化段,2.10,都市：住,,,,11980000
RPTPMLNLJILFFAF28CC,新板段二小段,5.04,都市：其他:第二種特定專用區,,,,00110000
RPOPMLNLJILFFHF48CC,仁愛段,.00,都市：住,,,,04380000
RPWOMLNLJILFFHF56CC,景新段,.00,都市：住,,,,02890000
RPUOMLOLJILFFHF09CC,健康段,.00,都市：工,,,,08390000
RPUPMLOLJILFFBF58CC,五工段,.00,非都市：工業區 ; 非都市編定：丁種建築用地,,,,02970000
RPVNMLOLJILFFHF09CC,及人段,.00,都市：住,,,,01480000
RPWQMLMLJILFFBF68CC,五工段,1054.02,非都市：工業區 ; 非都市編定：丁種建築用地,,,,03570000
RPXNMLNLJILFFBF58CC,和平段,.00,都市：住,,,,06490000
RPVPMLNLJILFFAF48CC,新板段二小段,.00,都市：住,,,,00070000
RPPOMLMLJILFFBF77CC,榮富段,455.87,都市：其他:市場用地,,,,05170000
RPSOMLNLJILFFBF18CC,力行段,51.80,都市：住,,,,11710000
RPTPMLLLJILFFBF18CC,建林段,12.18,都市：住,,,,03360000
RPTOMLOLJILFFCF68EC,民權段,.00,都市：住,,,,02260000
RPUOMLOLJILFFCF78EC,民權段,.00,都市：住,,,,02260000
RPOPMLOLJILFFBF18EC,成州段,244.27,都市：住,,,,00650000
RPOPMLOLJILFFBF18EC,成州段,720.99,都市：住,,,,00660000
RPOPMLOLJILFFBF18EC,成州段,378.82,都市：住,,,,00670000
RPTOMLOLJILFFBF48DC,榮富段,15.22,都市：住,,,,09060001
RPOOMLPLJILFFAF08EC,大巒段,194.14,都市：工,,,,04940000
RPOOMLPLJILFFAF08EC,大巒段,1096.07,都市：工,,,,04950000
RPPPMLOLJILFFBF28EC,成州段,1085.94,都市：住,,,,00680000
RPPPMLOLJILFFBF28EC,成州段,463.61,都市：住,,,,00690000
RPOOMLPLJILFFHF58CC,中原段,.00,都市：工,,,,04310000
RPWOMLPLJILFFBF78CC,信華段一小段,.00,都市：住,,,,00090000
RPWOMLPLJILFFBF78CC,信華段二小段,.00,都市：住,,,,00200000
RPXPMLPLJILFFBF98CC,光明段,.00,都市：住,,,,06100000
RPQNMLPLJILFFDF28CC,智興段,.00,都市：住,,,,07210000
RPVNMLPLJILFFDF78CC,大同段,.00,都市：住,,,,03280000
RPPNMLRLJILFFIF88CC,大學段二小段,17.06,都市：商,,,,00960000
RPQNMLRLJILFFIF98CC,大學段二小段,19.81,都市：商,,,,00910000
RPRNMLRLJILFFIF09CC,大學段一小段,22.70,都市：住,,,,01830000
RPSNMLRLJILFFIF56CC,大仁段,17.09,都市：住,,,,01560000
RPTNMLRLJILFFIF66CC,大學段二小段,16.67,都市：商,,,,00900000
RPUNMLRLJILFFIF76CC,大學段一小段,18.26,都市：住,,,,01240000
RPPNMLRLJILFFDF38CC,大同段,.00,都市：住,,,,02160000
RPRNMLSLJILFFDF68CC,智興段,.00,都市：商,,,,04410000
RPSNMLSLJILFFDF78CC,智興段,541.00,都市：住,,,,06920000
RPWNMLSLJILFFDF56CC,大同段,.00,都市：住,,,,02160000
RPOOMLSLJILFFDF48CC,同新段,.00,都市：工,,,,00060000
RPOOMLSLJILFFDF48CC,昊天段,.00,都市：工,,,,08720000
RPTOMLSLJILFFDF98CC,同新段,.00,都市：工,,,,00060000
RPTOMLSLJILFFDF98CC,昊天段,.00,都市：工,,,,08720000
RPUOMLSLJILFFDF09CC,同新段,.00,都市：工,,,,00130000
RPXQMLSLJILFFBF76CC,中原段,11.06,都市：住,,,,01570000
RPSOMLSLJILFFHF66CC,華福段,.00,都市：住,,,,10010000
RPTOMLSLJILFFHF76CC,得林段,.00,都市：住,,,,04350000
RPSOMLSLJILFFAF78EC,安和段,31.96,都市：住,,,,08290000
RPUOMLSLJILFFBF98DC,建林段,39.32,都市：住,,,,03290000
RPOQMLPLJILFFGF68CC,重新段壹小段,.00,都市：住,,,,00230002
RPSNMLSLJILFFHF76EC,健康段,31.98,都市：工,,,,11590000
RPQNMLTLJILFFIF66DC,大同段,364.00,都市：住,,,,10230003
RPQNMLTLJILFFIF66DC,大同段,364.00,都市：住,,,,10230004
RPUNMLSLJILFFHF96EC,健康段,38.26,都市：工,,,,00640000
RPUNMLOLJILFFEF68CC,學府段,.00,都市：住,,,,02230000
RPUNMLOLJILFFEF68CC,學府段,.00,都市：農,,,,02230001
RPUOMLOLJILFFEF78CC,新興段,.00,非都市： ; 非都市編定：,,,,06470000
RPQNMLQLJILFFEF48CC,海天段,.02,都市：住,,,,06420000
RPQNMLQLJILFFEF48CC,海天段,.00,都市：住,,,,06420003
RPQNMLQLJILFFEF48CC,海天段,2.33,都市：住,,,,06530000
RPQNMLQLJILFFEF48CC,海天段,.17,都市：住,,,,06530004
RPQNMLQLJILFFEF48CC,海天段,.01,都市：住,,,,06530005
RPRPMLPLJILFFEF68CC,淡海段,.00,非都市： ; 非都市編定：,,,,00530000
RPPOMLTLJILFFEF78CC,正德段,17.17,都市：住,,,,07010000
RPXOMLSLJILFFEF86CC,馬偕段,5.67,都市：工,,,,01960000
RPSOMLOLJILFFEF58CC,中正段,3.34,都市：商,,,,05490000
RPTOMLOLJILFFEF68CC,淡海段,.00,非都市： ; 非都市編定：,,,,00230000
RPTPMLMLJILFFEF58CC,新市段,44.64,都市：其他:,,,,02270000
RPXNMLTLJILFFGF07CC,富貴段,.00,都市：住,,,,03270000
RPXNMLTLJILFFDF76CC,昊天段,23.01,都市：工,,,,08720000
RPXNMLTLJILFFDF76CC,同新段,.72,都市：工,,,,00060000
RPXOMLKMJILFFGF98CC,德新段,.00,都市：住,,,,04270000
RPVRMLKMJILFFEF88CC,海鷗段,2.55,都市：住,,,,11910000
RPQSMLKMJILFFEF48CC,中正段,6.06,都市：商,,,,02510000
RPXNMLKMJILFFIF09CC,仁愛段,13.34,都市：住,,,,03940000
RPSOMLKMJILFFHF68DC,民有段,40.24,都市：住,,,,00730000
RPSOMLKMJILFFHF68DC,民有段,8.11,都市：住,,,,06730000
RPQNMLKMJILFFHF48EC,保平段,15.81,都市：商,,,,05850000
RPPOMLKMJILFFHF48EC,新民段,.00,都市：工,,,,03400000
RPSSMLLJKILFFAF28DC,忠孝段,297.22,都市：住,,,,05850000
RPSOMLLJKILFFBF08EC,力行段,9.07,都市：商,,,,07470000
RPUOMLLJKILFFEF38CC,公司田段,.00,都市：住,,,,01210000
RPSNMLLJKILFFGF28CC,中興段,.00,都市：工,,,,08830000
RPUNMLMJKILFFIF78CC,民權段,29.61,都市：商,,,,01960000
RPPNMLLJKILFFGF97CC,菜寮段,.00,都市：住,,,,17050000
RPSNMLLJKILFFHF38CC,健康段,84.01,都市：工,,,,11590000
RPQOMLKMJILFFHF58EC,新民段,.00,都市：工,,,,03400000
RPSNMLTLJILFFHF66CC,廟美段,86.09,都市：商,,,,00310000
RPUOMLKMJILFFHF78CC,雙和段,.00,都市：商,,,,03630000
RPSRMLMJKILFFBF28CC,中原段,12.74,都市：商,,,,02050000
RPTRMLMJKILFFBF38CC,榮富段,23.28,都市：住,,,,06250000
RPVRMLMJKILFFBF58CC,福基段,29.62,都市：工,,,,02380000
RPWRMLMJKILFFBF68CC,芳洲段,12.69,都市：住,,,,00300000
RPWTMLMJKILFFBF88CC,副都心段一小段,15.57,都市：商,,,,00380001
RPVPMLMJKILFFBF38CC,和平段,17.02,都市：住,,,,01740000
RPRRMLMJKILFFBF18CC,和平段,31.83,都市：住,,,,07480000
RPWQMLMJKILFFBF58CC,思賢段,39.04,都市：住,,,,08910000
RPPRMLMJKILFFBF97CC,中誠段,6.40,都市：住,,,,07890000
RPXNMLTLJILFFBF56CC,中原段,47.47,都市：住,,,,00540000
RPQPMLMJKILFFBF87CC,行政段,.00,都市：住,,,,05980000
RPQPMLMJKILFFBF87CC,行政段,.00,都市：其他:綠化步道,,,,05980001
RPTPMLMJKILFFBF18CC,榮富段,23.85,都市：住,,,,06110000
RPQQMLMJKILFFBF97CC,中原段,33.13,都市：住,,,,00840000
RPQNMLKMJILFFBF67CC,國宅段,13.61,都市：住,,,,00170002
RPVOMLMJKILFFAF38EC,江子翠段第二崁小段,9.09,都市：商,,,,01980000
RPOOMLPJKILFFBF87CC,建林段,21.23,都市：住,,,,02910000
RPVNMLNJKILFFAF18CC,學成段,.00,都市：住,,,,08380000
RPUPMLMJKILFFAF18CC,府中段,13.00,都市：商,,,,07910000
RPUPMLMJKILFFAF18CC,府中段,73.00,都市：商,,,,07920000
RPROMLPJKILFFDF38CC,同新段,11.53,都市：工,,,,00130000
RPRNMLPJKILFFAF97CC,土城段,11.27,都市：住,,,,01160000
RPVOMLPJKILFFBF58CC,幸福段,.00,都市：工,,,,07050000
RPRNMLPJKILFFBF08CC,中原段,.00,都市：住,,,,02360000
RPROMLPJKILFFBF18CC,中原段,17.28,都市：商,,,,01950000
RPSOMLPJKILFFIF98CC,大學段一小段,17.72,都市：住,,,,00690000
RPWRMLPJKILFFEF66CC,滬尾段,.00,都市：商,,,,07950000
RPWNMLPJKILFFHF76EC,永利段,.00,都市：住,,,,01540000
RPVNMLPJKILFFHF66EC,中原段,49.92,都市：工,,,,05230000
RPWOMLQJKILFFGF66CC,富貴段,.00,都市：商,,,,04780000
RPSPMLQJKILFFDF88EC,保長段,3.91,都市：住,,,,09950000
RPTPMLQJKILFFDF98EC,保長段,5.35,都市：住,,,,10540000
RPXQMLQJKILFFGF96CC,頂崁段,.00,都市：工,,,,05330000
RPWQMLQJKILFFGF86CC,成功段,.00,都市：商,,,,10470000
RPXOMLQJKILFFGF76CC,富貴段,.00,都市：商,,,,04780000
RPPPMLQJKILFFGF68CC,重新段壹小段,.00,都市：住,,,,00280002
RPQOMLRJKILFFGF78CC,興華段,.00,都市：住,,,,01150000
RPQOMLRJKILFFGF78CC,興華段,.00,都市：商,,,,01300000
RPPOMLRJKILFFGF68CC,集美段,.00,都市：住,,,,00990000
RPQNMLRJKILFFDF38CC,北山段,58.63,都市：住,,,,05840000
RPPPMLRJKILFFAF18CC,新興段,.00,都市：商,,,,08420000
RPXNMLRJKILFFEF76EC,鄧公段,34.91,都市：住,,,,06700000
RPQOMLRJKILFFCF38CC,寶強段,.00,都市：住,,,,00930000
RPQOMLRJKILFFCF38CC,寶強段,.00,都市：其他:捷運系統用地,,,,00940000
RPPPMLSJKILFFIF56DC,介壽段,12.91,都市：住,,,,00060010
RPXNMLSJKILFFCF56DC,中央段,17.72,都市：住,,,,12640000
RPUOMLSJKILFFAF68CC,中山段,.00,都市：其他:特定專用區,,,,06680000
RPWOMLSJKILFFAF88CC,大觀段,.00,都市：住,,,,08360000
RPXOMLSJKILFFAF98CC,文化段,.00,都市：住,,,,09470000
RPQPMLSJKILFFAF38CC,篤行段,12.34,都市：住,,,,02120000
RPVPMLPJKILFFHF66CC,中安段,12.54,都市：住,,,,03220000
RPVPMLPJKILFFHF66CC,中安段,.01,都市：住,,,,03090000
RPSOMLRJKILFFHF09CC,健康段,.00,都市：工,,,,02330000
RPSNMLPJKILFFHF78CC,安樂段,14.60,都市：商,,,,08950000
RPSNMLPJKILFFHF78CC,安樂段,2.73,都市：商,,,,08960000
RPTNMLPJKILFFHF88CC,安樂段,15.57,都市：商,,,,08950000
RPTNMLPJKILFFHF88CC,安樂段,2.91,都市：商,,,,08960000
RPUOMLPJKILFFHF09CC,復興段,.00,都市：住,,,,00610000
RPUOMLPJKILFFHF09CC,復興段,.00,都市：住,,,,00620000
RPUOMLPJKILFFHF09CC,復興段,.00,都市：其他:道路用地,,,,00610001
RPVPMLSJKILFFEF66CC,海鷗段,34.08,都市：住,,,,09760000
RPOPMLPJKILFFBF97CC,中原段,.00,都市：商,,,,01730000
RPWPMLSJKILFFEF76CC,公司田段,28.09,都市：住,,,,00350000
RPXPMLSJKILFFEF86CC,海天段,22.62,都市：住,,,,02180000
RPPQMLSJKILFFEF78CC,海天段,5.09,都市：住,,,,01900000
RPOQMLSJKILFFEF68CC,淡海段,39.11,都市：商,,,,01040000
RPWPMLSJKILFFHF07CC,健康段,.00,都市：工,,,,11590000
RPRPMLSJKILFFHF56CC,信義段,.00,都市：住,,,,06990000
RPSPMLSJKILFFHF66CC,安樂段,.00,都市：住,,,,05350000
RPSPMLSJKILFFHF66CC,安樂段,.00,都市：住,,,,05370000
RPWQMLSJKILFFHF17CC,仁愛段,.00,都市：住,,,,06470000
RPWQMLSJKILFFHF17CC,仁愛段,.00,都市：其他:,,,,06480000
RPVQMLSJKILFFBF09CC,中原段,1319.60,都市：住,,,,02690000
RPSQMLSJKILFFEF09CC,海天段,17.24,都市：住,,,,02150000
RPUNMLTJKILFFEF09CC,新興段,.00,都市：住,,,,01400000
RPPPMLTJKILFFEF78CC,竹圍段,.00,都市：住,,,,06770000
RPQNMLTJKILFFEF68CC,海天段,27.79,都市：住,,,,01820002
RPRQMLSJKILFFEF98CC,海天段,7.30,都市：住,,,,01900000
RPQQMLSJKILFFEF88CC,新市段,26.68,都市：住,,,,00850000
RPXPMLTJKILFFEF96CC,馬偕段,5.67,都市：工,,,,01960000
RPOQMLTJKILFFEF78CC,馬偕段,5.67,都市：工,,,,01960000
RPWPMLTJKILFFBF56CC,力行段,.00,都市：住,,,,00210000
RPQOMLTJKILFFHF09CC,公園段,.00,都市：其他:市場用地,,,,01780000
RPSNMLTJKILFFCF88EC,寶元段,93.64,都市：工,,,,01740000
RPSNMLTJKILFFCF88EC,寶元段,.18,都市：其他:道路用地,,,,01740001
RPTPMLTJKILFFCF98CC,莊敬段,.00,都市：工,,,,07800000
RPUPMLTJKILFFBF98CC,成蘆段,11.34,都市：住,,,,02340000
RPSPMLTJKILFFCF88CC,復興段,.00,都市：工,,,,02180000
RPVQMLMKKILFFEF88CC,海天段,8.95,都市：住,,,,05480000
RPPPMLMKKILFFEF18CC,淡海段,.00,都市：住,,,,00850000
RPVNMLMKKILFFCF38CC,新和段,.08,都市：住,,,,11590000
RPVNMLMKKILFFCF38CC,新和段,19.31,都市：住,,,,11410000
RPVOMLSJKILFFBF98DC,富國段,9.24,都市：商,,,,02050000
RPUOMLMKKILFFDF68EC,保長段,6.64,都市：住,,,,09950000
RPQPMLMKKILFFBF08DC,後港段,181.43,都市：住,,,,09080000
RPQPMLMKKILFFBF08DC,後港段,151.04,都市：住,,,,09090000
RPQPMLMKKILFFBF08DC,後港段,75.36,都市：住,,,,09100000
RPQPMLMKKILFFBF08DC,後港段,75.71,都市：住,,,,09110000
RPTOMLMKKILFFEF68EC,海天段,39.00,都市：住,,,,00510000
RPWNMLNKKILFFIF76EC,大安段,155.95,都市：工,,,,06920000
RPSPMLNKKILFFBF48EC,副都心段一小段,8.62,都市：商,,,,00520000
RPTNMLNKKILFFEF48CC,公司田段,29.52,都市：其他:,,,,00880000
RPSPMLNKKILFFEF58CC,海天段,21.43,都市：住,,,,01880000
RPSQMLNKKILFFEF68CC,馬偕段,5.67,都市：工,,,,01960000
RPPNMLMKKILFFDF87CC,智興段,.00,都市：商,,,,04500000
RPTOMLSJKILFFDF88CC,厚德段,.00,都市：住,,,,01720000
RPVNMLSJKILFFDF98CC,智興段,.00,都市：住,,,,02650000
RPVNMLSJKILFFDF98CC,智興段,.00,都市：其他:道路用地,,,,02650001
RPPNMLKKKILFFDF67CC,智興段,.00,都市：商,,,,05060000
RPUQMLNKKILFFEF88CC,馬偕段,6.92,都市：工,,,,01960000
RPQNMLMKKILFFDF97CC,大同段,.00,都市：住,,,,02380000
RPVOMLNKKILFFHF09CC,大同段,.00,都市：住,,,,04120000
RPVNMLNKKILFFGF88CC,富貴段,.00,都市：住,,,,06720000
RPPNMLNKKILFFGF28CC,光華段,.00,都市：住,,,,00020000
RPPOMLNKKILFFGF38CC,民族段,.00,都市：住,,,,07050000
RPPOMLNKKILFFGF38CC,民族段,.00,都市：住,,,,07060000
RPPOMLNKKILFFGF38CC,民族段,.00,都市：住,,,,07190000
RPQNMLNKKILFFDF08CC,昊天段,130.58,都市：工,,,,10860000
RPTOMLNKKILFFCF38CC,華城二段,578.78,都市：住,,,,05420001
RPQPMLNKKILFFDF28CC,北山段,.00,都市：商,,,,04630000
RPXPMLNKKILFFDF98CC,工建段,36.10,都市：工,,,,01910000
RPWPMLNKKILFFDF88CC,北山段,33.00,都市：工,,,,13820000
RPUNMLNKKILFFBF28CC,中原段,.00,都市：住,,,,01180000
RPRNMLOKKILFFDF28CC,建成段,.00,都市：住,,,,07530000
RPRNMLOKKILFFDF28CC,建成段,.00,都市：住,,,,07690000
RPRNMLOKKILFFDF28CC,建成段,.00,都市：住,,,,08420000
RPRNMLOKKILFFDF28CC,建成段,.00,都市：住,,,,08740000
RPRNMLOKKILFFDF28CC,建成段,.00,都市：住,,,,09360000
RPRNMLOKKILFFDF28CC,建成段,.00,都市：住,,,,09490000
RPRPMLOKKILFFCF38CC,寶強段,43.24,都市：其他:第四種住宅,,,,02310000
RPUOMLOKKILFFCF58CC,安坑段車子路小段,37.39,非都市：山坡地保育區 ; 非都市編定：丙種建築用地,,,,01800043
RPUOMLOKKILFFCF58CC,安坑段車子路小段,.75,非都市：山坡地保育區 ; 非都市編定：丙種建築用地,,,,01800171
RPSNMLOKKILFFHF78CC,瓦?段,.00,都市：住,,,,00490000
RPTOMLOKKILFFHF98CC,四維段,.00,都市：住,,,,01710000
RPUOMLOKKILFFHF09CC,盛昌段,.00,都市：住,,,,05430000
RPVOMLOKKILFFHF56CC,連城段,.00,都市：住,,,,06520000
RPXPMLOKKILFFHF86CC,板南段,.00,都市：工,,,,03820000
RPXPMLOKKILFFHF86CC,板南段,.00,都市：其他:道路用地,,,,03820001
RPWOMLOKKILFFHF66CC,景華段,.00,都市：住,,,,06950000
RPWOMLOKKILFFHF66CC,景華段,.00,都市：住,,,,06960000
RPOQMLOKKILFFHF68CC,板南段,58.14,都市：工,,,,03110000
RPWPMLOKKILFFHF76CC,板南段,.00,都市：工,,,,03820000
RPWPMLOKKILFFHF76CC,板南段,.00,都市：其他:道路用地,,,,03820001
RPPPMLOKKILFFHF68CC,瓦?段,.00,都市：住,,,,00490000
RPSOMLOKKILFFGF78CC,正義段,.00,都市：住,,,,01900000
RPXQMLOKKILFFIF07CC,大學段二小段,5.80,都市：住,,,,00360007
RPXQMLOKKILFFIF07CC,大學段二小段,.59,都市：住,,,,00360008
RPXQMLOKKILFFIF07CC,大學段二小段,.45,都市：住,,,,00360011
RPSRMLOKKILFFIF66CC,大學段一小段,38.23,都市：住,,,,01480000
RPURMLOKKILFFIF86CC,大學段一小段,24.57,都市：商,,,,00520000
RPPOMLPKKILFFBF18DC,力行段,14.08,都市：住,,,,03060000
RPUPMLNKKILFFAF38CC,港子嘴段,.00,都市：住,,,,01160000
RPSQMLNKKILFFAF28CC,幸福段,.00,都市：住,,,,09310000
RPVQMLMKKILFFAF48CC,清水段,89.63,都市：住,,,,03670000
RPORMLPKKILFFIF98CC,安溪段,23.81,都市：商,,,,06780000
RPSNMLPKKILFFHF88CC,景華段,.00,都市：住,,,,00410000
RPVNMLOKKILFFEF78CC,公司田段,26.73,都市：住,,,,01340000
RPVNMLPKKILFFHF56CC,四維段,.00,都市：住,,,,03780000
RPXRMLNKKILFFBF98CC,國宅段,45.93,都市：住,,,,00260005
RPVUMLOKKILFFBF56CC,五工段,778.00,非都市：工業區 ; 非都市編定：丁種建築用地,,,,00550000
RPQNMLOKKILFFCF18DC,行政段,.00,都市：住,,,,08380000
RPOOMLPKKILFFDF18CC,福德段,14.73,都市：其他:,,,,06600000
RPRRMLPKKILFFAF48CC,文化段,683.00,都市：住,,,,27410000
RPPPMLPKKILFFEF48CC,新興段,.01,都市：住,,,,06470001
RPPPMLPKKILFFEF48CC,新興段,3.26,都市：住,,,,06470000
RPOSMLPKKILFFEF68CC,天生段,9.23,都市：住,,,,04070000
RPQQMLPKKILFFEF68CC,新興段,.00,非都市： ; 非都市編定：,,,,06470000
RPXSMLPKKILFFEF96CC,淡海段,24.91,都市：住,,,,01590000
RPUOMLQKKILFFHF66CC,信和段,.00,都市：住,,,,00470000
RPRNMLRKKILFFIF09CC,大同段,.00,都市：商,,,,00850000
RPVOMLQKKILFFHF76CC,健康段,.00,都市：工,,,,11590000
RPOQMLQKKILFFIF98CC,大仁段,12.44,都市：住,,,,08630000
RPSOMLTKKILFFAF68CC,江子翠段第二崁小段,9.51,都市：商,,,,01900000
RPQQMLQKKILFFDF68CC,昊天段,23.16,都市：工,,,,08720000
RPQQMLQKKILFFDF68CC,同新段,.72,都市：工,,,,00060000
RPOPMLTKKILFFBF48CC,國宅段,17.39,都市：住,,,,00950003
RPXOMLQKKILFFBF98CC,建林段,.00,都市：商,,,,00490000
RPRQMLTKKILFFBF88CC,建林段,16.38,都市：商,,,,03800001
RPRQMLTKKILFFBF88CC,建林段,.09,都市：商,,,,03800000
RPPPMLQKKILFFBF28CC,榮富段,.00,都市：住,,,,06870000
RPTNMLTKKILFFIF86CC,北園段,520.13,非都市：一般農業區 ; 非都市編定：丁種建築用地,,,,15170000
RPPOMLTKKILFFIF56CC,和平段,3.36,都市：住,,,,00830000
RPORMLTKKILFFEF98CC,公司田段,15.35,都市：住,,,,01930000
RPPNMLRKKILFFDF38CC,智興段,.00,都市：商,,,,05110000
RPXNMLTKKILFFEF07EC,海鷗段,.00,非都市： ; 非都市編定：,,,,07450000
RPPNMLTKKILFFDF58CC,大同段,.00,都市：住,,,,03280000
RPRQMLQKKILFFDF78CC,昊天段,23.75,都市：工,,,,08720000
RPRQMLQKKILFFDF78CC,同新段,.74,都市：工,,,,00060000
RPSQMLQKKILFFDF88CC,昊天段,23.75,都市：工,,,,08720000
RPSQMLQKKILFFDF88CC,同新段,.74,都市：工,,,,00060000
RPVNMLKLKILFFEF48CC,馬偕段,8.39,都市：工,,,,01960000
RPROMLKLKILFFCF08DC,行政段,.00,都市：住,,,,08380000
RPQNMLTKKILFFDF68CC,大同段,.00,都市：住,,,,03280000
RPRNMLKLKILFFBF77CC,力行段,20.81,都市：商,,,,07470000
RPWNMLKLKILFFBF28CC,中原段,43.48,都市：住,,,,03340000
RPOQMLKLKILFFBF87DC,龍鳳段,20.18,都市：住,,,,05050000
RPOOMLKLKILFFBF57CC,中原段,22.79,都市：商,,,,01710000
RPOPMLKLKILFFBF67CC,力行段,.00,都市：住,,,,09590000
RPXOMLKLKILFFBF48CC,力行段,.00,都市：住,,,,10440000
RPPNMLKLKILFFDF77CC,智興段,.00,都市：商,,,,04410000
RPVOMLKLKILFFDF48CC,昊天段,.00,都市：工,,,,10860000
RPWOMLKLKILFFDF58CC,環河段,.00,都市：工,,,,09880000
RPOOMLLLKILFFAF57CC,中興段,.00,都市：商,,,,03740000
RPPOMLLLKILFFAF67CC,延和段,.00,都市：住,,,,04360000
RPTOMLLLKILFFAF08CC,文化段,.00,都市：住,,,,11980000
RPPPMLKLKILFFDF97CC,昊天段,.00,都市：工,,,,10860000
RPOPMLKLKILFFDF87CC,同新段,.00,都市：工,,,,00130000
RPTOMLTKKILFFHF86CC,得林段,22.82,都市：住,,,,07360000
RPTNMLTKKILFFHF76CC,景福段,31.59,都市：住,,,,06770000
RPQNMLKLKILFFHF28CC,永安段,.00,都市：商,,,,00630000
RPSNMLRKKILFFHF09CC,莊敬段,1.13,都市：住,,,,02170000
RPSNMLRKKILFFHF09CC,莊敬段,3.57,都市：商,,,,02180000
RPSNMLRKKILFFHF09CC,莊敬段,.17,都市：住,,,,02240000
RPPOMLTKKILFFHF09CC,國光段,37.22,都市：住,,,,07340000
RPPPMLLLKILFFHF48CC,公園段,.00,都市：住,,,,06290000
RPQPMLLLKILFFHF58CC,景華段,.00,都市：住,,,,08500000
RPTPMLLLKILFFHF88CC,盛昌段,.00,都市：住,,,,08200000
RPSPMLLLKILFFHF78CC,信義段,.00,都市：住,,,,05070000
RPUPMLLLKILFFHF98CC,正南段,.00,都市：商,,,,06270000
RPOPMLLLKILFFHF38CC,新民段,.00,都市：其他:乙種工業區,,,,02540000
RPXOMLLLKILFFHF56CC,福祥段,.00,都市：商,,,,04090000
RPWOMLLLKILFFHF09CC,圓通段,.00,都市：住,,,,03580000
RPTOMLLLKILFFHF78CC,復興段,.00,都市：住,,,,01910000
RPTOMLLLKILFFHF78CC,復興段,.00,都市：住,,,,01920000
RPTOMLLLKILFFEF48CC,公司田段,23.44,都市：住,,,,00500000
RPXNMLLLKILFFEF78CC,淡海段,28.36,都市：住,,,,00850000
RPROMLLLKILFFIF68CC,大學段一小段,16.95,都市：商,,,,00520000
RPPSMLLLKILFFEF48CC,興化店段店子後小段,425.75,非都市：特定農業區 ; 非都市編定：農牧用地,,,,00970001
RPOSMLMLKILFFEF68EC,淡海段,36.25,都市：住,,,,00850000
RPTNMLLLKILFFHF68CC,四維段,.00,都市：住,,,,01680000
RPRPMLLLKILFFIF78CC,大學段二小段,19.09,都市：住,,,,00420000
RPUOMLLLKILFFHF88CC,南山段,.00,都市：住,,,,05650000
RPUQMLLLKILFFGF98CC,永德段,.00,都市：工,,,,14610011
RPUQMLLLKILFFGF98CC,永德段,.00,都市：工,,,,14630011
RPUSMLLLKILFFEF09DC,商港段,26.28,都市：商,,,,00200000
RPVOMLMLKILFFIF56CC,大學段一小段,1.49,都市：住,,,,01760008
RPVOMLMLKILFFIF56CC,大學段一小段,16.62,都市：住,,,,01760009
RPVOMLMLKILFFIF56CC,大學段一小段,.97,都市：住,,,,01760011
RPUOMLMLKILFFIF09CC,仁愛段,13.94,都市：住,,,,05050000
RPTNMLMLKILFFAF08CC,民權段,30.75,都市：住,,,,02460000
RPQSMLMLKILFFEF68CC,仁愛段,.00,都市：住,,,,00540000
RPVSMLMLKILFFEF56CC,公司田段,42.42,都市：住,,,,01210000
RPXQMLMLKILFFCF98CC,惠國段,.00,都市：住,,,,06160000
RPQNMLMLKILFFDF08CC,大同段,7.50,都市：住,,,,01860000
RPXNMLMLKILFFDF78CC,智興段,.00,都市：住,,,,13890000
RPOOMLMLKILFFDF97CC,中正段,5.61,都市：住,,,,17540000
RPROMLNLKILFFDF38CC,福德段,.00,非都市： ; 非都市編定：,,,,09400000
RPSOMLNLKILFFDF48CC,福德段,.00,非都市： ; 非都市編定：,,,,09400000
RPPPMLNLKILFFDF28CC,同新段,.00,都市：工,,,,00130000
RPOPMLNLKILFFDF18CC,同新段,.00,都市：工,,,,00130000
RPOPMLNLKILFFDF18CC,同新段,.00,都市：工,,,,00130000
RPQPMLNLKILFFDF38CC,工建段,.00,都市：商,,,,02900000
RPSPMLNLKILFFDF58CC,工建段,.00,都市：商,,,,02900000
RPQQMLNLKILFFAF18CC,中興段,89.49,都市：住,,,,05350000
RPVQMLNLKILFFAF68CC,文化段,.00,都市：住,,,,11330000
RPSPMLNLKILFFAF28CC,文化段,.00,都市：住,,,,27710000
RPWPMLNLKILFFEF09CC,公司田段,.00,都市：住,,,,01920000
RPVNMLNLKILFFCF68DC,寶強段,.00,都市：其他:捷運系統用地,,,,00940000
RPSQMLNLKILFFEF78CC,紅毛城段,.00,都市：住,,,,05330000
RPTOMLNLKILFFCF58DC,寶強段,.00,都市：其他:捷運系統用地,,,,00940000
RPXNMLNLKILFFHF66CC,景福段,54.74,都市：住,,,,03610000
RPVPMLLLKILFFHF09CC,台貿段,.00,都市：住,,,,07080000
RPRNMLOLKILFFHF78CC,永利段,.00,都市：商,,,,06400000
RPWPMLNLKILFFHF76CC,民富段,39.84,都市：工,,,,03360000
RPOPMLMLKILFFHF48CC,台貿段,.00,都市：住,,,,06120000
RPXPMLLLKILFFHF66CC,台貿段,.00,都市：住,,,,07080000
RPWNMLOLKILFFBF68CC,中原段,8.38,都市：商,,,,02050000
RPVNMLOLKILFFBF58CC,和平段,43.24,都市：住,,,,02500000
RPXNMLQLKILFFBF98CC,復興段,35.49,都市：住,,,,03850000
RPXNMLOLKILFFBF78CC,榮富段,14.08,都市：住,,,,08500000
RPUOMLQLKILFFEF09CC,水仙段,18.15,都市：住,,,,03190000
RPSOMLRLKILFFEF98CC,公司田段,18.93,都市：住,,,,01930000
RPUNMLRLKILFFIF86CC,挖子段,2064.00,非都市：特定農業區 ; 非都市編定：丁種建築用地,,,,02320000
RPPOMLRLKILFFHF98CC,健康段,.00,都市：工,,,,11600000
RPTPMLRLKILFFGF76CC,德新段,.00,都市：商,,,,09540000
RPTNMLRLKILFFBF68CC,德音段,30.80,都市：住,,,,05690000
RPVPMLLLKILFFBF48CC,建林段,21.24,都市：住,,,,02910000
RPQNMLOLKILFFBF08CC,榮富段,18.69,都市：住,,,,05490000
RPUNMLOLKILFFBF48CC,中原段,22.38,都市：商,,,,01930000
RPORMLLLKILFFBF97CC,貴和段,.00,都市：商,,,,05390000
RPTNMLOLKILFFBF38CC,中原段,14.28,都市：住,,,,00050000
RPPNMLOLKILFFBF97CC,副都心段一小段,12.78,都市：住,,,,03290000
RPSNMLOLKILFFBF28CC,副都心段一小段,24.34,都市：商,,,,00100000
RPRNMLOLKILFFBF18CC,榮富段,10.97,都市：住,,,,09290000
RPXQMLRLKILFFDF17EC,保長段,5.35,都市：住,,,,10540000
RPORMLRLKILFFDF98EC,保長段,3.91,都市：住,,,,09950000
RPQRMLRLKILFFDF56EC,保長段,4.04,都市：住,,,,09950000
RPOQMLRLKILFFAF58EC,江子翠段第一崁小段,7.04,都市：住,,,,01030011
RPTNMLRLKILFFDF88CC,大同段,.00,都市：住,,,,02380000
RPPQMLRLKILFFAF68EC,文化段,.00,都市：住,,,,11980000
RPRNMLSLKILFFBF68DC,行政段,.00,都市：住,,,,06540000
RPWNMLSLKILFFDF66CC,金龍段,16.11,都市：住,,,,01390000
RPUOMLSLKILFFDF56CC,叭嗹港段車坪寮小段,253.00,非都市：山坡地保育區 ; 非都市編定：丙種建築用地,,,,01660319
RPSOMLSLKILFFBF78CC,福基段,.00,都市：工,,,,03580000
RPSOMLSLKILFFCF88CC,民權段,58.84,都市：住,,,,09450000
RPRNMLSLKILFFHF56CC,大仁段,12.99,都市：住,,,,06570000
RPPPMLRLKILFFHF09CC,瓦?段,.00,都市：住,,,,00490000
RPQQMLRLKILFFAF78EC,文化段,.00,都市：住,,,,11980000
RPVOMLSLKILFFGF96CC,中興段,.00,都市：工,,,,00180000
RPOPMLSLKILFFIF56CC,大仁段,19.10,都市：住,,,,01560000
RPQQMLSLKILFFEF09CC,海鷗段,3.86,都市：住,,,,11920000
RPTNMLTLKILFFIF96CC,大學段二小段,21.16,都市：商,,,,00940000
RPWOMLSLKILFFHF17CC,民權段,.00,都市：住,,,,08220000
RPOPMLSLKILFFHF09CC,安樂段,.00,都市：住,,,,04210000
RPTOMLSLKILFFHF86CC,秀山段,.00,都市：住,,,,06000000
RPXOMLSLKILFFHF27CC,連城段,.00,都市：住,,,,06240000
RPQOMLSLKILFFHF56CC,永安段,.00,都市：住,,,,02110000
RPUPMLTLKILFFHF37EC,永平段,10.00,都市：商,,,,02780000
RPROMLKMKILFFAF08EC,中興段,19.04,都市：住,,,,00860000
RPSNMLTLKILFFCF88CC,寶元段,.00,都市：工,,,,02430000
RPVNMLKMKILFFDF48CC,北港段烘內小段,.00,非都市：山坡地保育區 ; 非都市編定：丙種建築用地,,,,01090026
RPSNMLKMKILFFDF18CC,叭嗹港段叭嗹港口小段,.00,非都市：鄉村區 ; 非都市編定：乙種建築用地,,,,04700003
RPSNMLKMKILFFDF18CC,社后段社后頂小段,.00,非都市：鄉村區 ; 非都市編定：乙種建築用地,,,,03020012
RPORMLTLKILFFBF78CC,思賢段,39.04,都市：住,,,,08910000
RPSPMLSLKILFFBF88CC,力行段,30.28,都市：商,,,,02590000
RPWOMLSLKILFFBF56CC,中原段,.00,都市：住,,,,03340000
RPVRMLTLKILFFBF86CC,力行段,11.92,都市：商,,,,08190000
RPPNMLLMKILFFHF38CC,廟美段,2.24,都市：住,,,,01590000
RPPNMLLMKILFFHF38CC,廟美段,17.46,都市：住,,,,01620000
RPUNMLKMKILFFHF78CC,大新段,.00,都市：商,,,,00300000
RPQNMLLMKILFFHF48CC,新民段,.00,都市：工,,,,03570000
RPPNMLLMKILFFCF87CC,雙城段,.00,都市：住,,,,01190000
RPRNMLLJJHMFFEF87CC,馬偕段,6.69,都市：工,,,,01960000
RPSNMLLJJHMFFEF97CC,大義段,9.98,都市：住,,,,02700000
RPSNMLLJJHMFFEF97CC,大義段,11.51,都市：住,,,,02710000
RPSNMLKMKILFFGF48CC,富貴段,.00,都市：住,,,,05770000
RPTNMLLJJHMFFEF08CC,公司田段,14.86,都市：住,,,,00100001
RPUNMLLJJHMFFEF18CC,竹圍段,29.70,都市：住,,,,06770000
RPUNMLLJJHMFFEF18CC,竹圍段,.38,都市：住,,,,08030002
RPUNMLLJJHMFFEF18CC,竹圍段,.01,都市：其他:,,,,08030004
RPUNMLLJJHMFFEF18CC,竹圍段,.13,都市：住,,,,08090001
RPUNMLLJJHMFFEF18CC,竹圍段,.40,都市：住,,,,08120001
RPPNMLMJJHMFFDF67CC,智興段,.00,都市：商,,,,04710000
RPPNMLMJJHMFFDF67CC,智興段,.00,都市：住,,,,04760000
RPURMLRLKILFFAF09CC,文化段,2.18,都市：住,,,,11980000
RPVPMLRLKILFFAF98CC,新雅段,.00,都市：住,,,,09530000
RPRNMLTLKILFFAF58CC,光華段,22.50,都市：住,,,,03670004
RPUPMLKMKILFFAF28CC,頂福段,.00,都市：住,,,,00220000
RPQNMLMJJHMFFAF47CC,海山段,.00,都市：住,,,,06700000
RPUNMLKMKILFFIF88CC,建國段,19.20,都市：住,,,,08670000
RPWNMLNJJHMFFDF48CC,智興段,.00,都市：住,,,,01040000
RPVRMLNJJHMFFDF78CC,昊天段,6.19,都市：工,,,,10860000
RPURMLNJJHMFFDF68CC,工建段,16.51,都市：工,,,,06730000
RPSNMLNJJHMFFDF08CC,工建段,.00,都市：其他:乙種工業區,,,,03300000
RPUNMLNJJHMFFDF28CC,智興段,.00,都市：商,,,,04710000
RPUNMLNJJHMFFDF28CC,智興段,.00,都市：住,,,,04760000
RPTRMLNJJHMFFDF58CC,同新段,17.45,都市：工,,,,00130000
RPWRMLNJJHMFFDF88CC,同新段,17.45,都市：工,,,,00130000
RPXPMLNJJHMFFBF58CC,力行段,20.11,都市：商,,,,08190000
RPSNMLLMKILFFHF68CC,廟美段,51.01,都市：住,,,,02250000
RPVPMLNJJHMFFHF98CC,雙和段,.00,都市：商,,,,06250000
RPTNMLLMKILFFHF78CC,得和段,107.00,都市：商,,,,08560000
RPTPMLNJJHMFFHF78CC,連城段,.00,都市：住,,,,06260000
RPTPMLNJJHMFFHF78CC,連城段,.00,都市：住,,,,06270000
RPPOMLNJJHMFFAF77EC,幸福段,18.13,都市：住,,,,09080000
RPQOMLOJJHMFFDF18DC,厚德段,26.95,都市：住,,,,05080000
RPRPMLOJJHMFFEF38CC,水仙段,39.43,都市：住,,,,02700000
RPVNMLOJJHMFFEF58CC,正德段,2.78,都市：住,,,,07470000
RPVNMLOJJHMFFEF58CC,正德段,15.97,都市：住,,,,07480000
RPXNMLOJJHMFFEF98EC,海鷗段,3.26,都市：住,,,,11910000
RPQQMLNJJHMFFBF97CC,國宅段,10.65,都市：住,,,,00160001
RPTOMLOJJHMFFBF18CC,光明段,.00,都市：住,,,,12540000
RPPSMLOJJHMFFBF18CC,中原段,27.84,都市：商,,,,01710000
RPSQMLNJJHMFFBF18CC,五工段,2586.99,非都市：工業區 ; 非都市編定：丁種建築用地,,,,01630000
RPQQMLOJJHMFFBF08CC,恒安段,15.87,都市：住,,,,08390000
RPQQMLOJJHMFFBF08CC,恒安段,.33,都市：其他:道路用地,,,,08420000
RPWOMLOJJHMFFDF68CC,崇德段,42.60,都市：住,,,,06190000
RPVPMLPJJHMFFAF48CC,文化段,4.19,都市：住,,,,11980000
RPRRMLPJJHMFFEF68CC,水仙段,2.26,都市：住,,,,00670000
RPRRMLPJJHMFFEF68CC,水仙段,.41,都市：住,,,,00670003
RPVRMLPJJHMFFEF09CC,關渡段,23.07,都市：住,,,,00450000
RPRSMLPJJHMFFEF78CC,公司田段,64.48,都市：住,,,,01210000
RPUNNLPJJHMFFEF68CC,馬偕段,.00,都市：工,,,,01960000
RPSOMLPJJHMFFHF98EC,中原段,.00,都市：工,,,,02190000
RPPQMLNJJHMFFHF48CC,華中段,24.96,都市：住,,,,00480000
RPVOMLQJJHMFFHF56CC,盛昌段,254.27,都市：其他:,,,,09320000
RPVOMLQJJHMFFHF56CC,盛昌段,.51,都市：其他:,,,,04040000
RPVOMLQJJHMFFHF56CC,錦和段,.01,都市：住,,,,02720000
RPSNMLQJJHMFFDF38CC,保長段,.00,都市：住,,,,07620000
RPVOMLOJJHMFFHF98CC,南山段,.00,都市：住,,,,08020000
RPROMLQJJHMFFDF38CC,保長段,12.43,都市：住,,,,07930000
RPSWMLQJJHMFFBF09CC,建林段,16.82,都市：商,,,,00160000
RPPNMLRJJHMFFDF18CC,智興段,.00,都市：商,,,,04500000
RPPNNLQJJHMFFBF97CC,力行段,18.74,都市：商,,,,08530000
RPPNMLRJJHMFFEF28CC,公司田段,14.40,都市：住,,,,00400000
RPVUMLTJJHMFFEF17CC,飛歌段,22.02,都市：其他:,,,,07900003
RPSNMLTJJHMFFDF68CC,智興段,.00,都市：商,,,,04410000
RPRQMLTJJHMFFGF56CC,大仁段,.00,都市：住,,,,05070000
RPWNMLTJJHMFFHF86CC,得林段,.00,都市：住,,,,04270000
RPSOMLTJJHMFFAF48CC,江子翠段第二崁小段,52.34,都市：商,,,,01800013
RPQOMLTJJHMFFAF28CC,城林段,.00,都市：住,,,,01140000
RPTSMLTJJHMFFBF09CC,中原段,20.14,都市：住,,,,02480000
RPVRMLTJJHMFFBF56CC,建國段,1350.00,都市：工,,,,05440000
RPSSMLTJJHMFFBF98CC,中原段,30.16,都市：住,,,,00290000
RPVSMLTJJHMFFBF66CC,泰山段一小段,95.57,都市：住,,,,04190000
RPWSMLTJJHMFFBF76CC,信華段一小段,15.12,都市：住,,,,00240000
RPPTMLTJJHMFFBF78CC,文明段,23.28,都市：工,,,,00390000
RPSTMLTJJHMFFBF09CC,思賢段,23.42,都市：住,,,,07720000
RPUTMLTJJHMFFBF66CC,芳洲段,15.92,都市：住,,,,02250000
RPWTMLTJJHMFFBF86CC,中原段,11.37,都市：商,,,,01950000
RPVPMLTJJHMFFAF09EC,中山段,417.00,都市：住,,,,05150000
RPRNMLMJJHMFFDF87CC,昊天段,29.68,都市：工,,,,08720000
RPQNMLMJJHMFFDF77CC,工建段,60.00,都市：工,,,,01920000
RPURMLKKJHMFFAF38EC,仁愛段,33.00,都市：工,,,,12170000
RPURMLKKJHMFFAF38EC,瑞興段,10.38,都市：工,,,,00080000
RPURMLKKJHMFFAF38EC,瑞興段,33.67,都市：工,,,,00090000
RPURMLKKJHMFFAF38EC,瑞興段,7.48,都市：工,,,,00100000
RPVRMLKKJHMFFAF48EC,文化段,6.21,都市：住,,,,11980000
RPWTMLKKJHMFFEF56EC,滬尾段,75.29,都市：商,,,,01000000
RPROMLKKJHMFFDF87CC,昊天段,23.60,都市：工,,,,08720000
RPROMLKKJHMFFDF87CC,同新段,.74,都市：工,,,,00060000
RPSOMLKKJHMFFDF97CC,昊天段,22.86,都市：工,,,,08720000
RPSOMLKKJHMFFDF97CC,同新段,.71,都市：工,,,,00060000
RPXNMLKKJHMFFGF68CC,頂崁段,.00,都市：工,,,,05330000
RPTPMLKKJHMFFBF97CC,信華段一小段,.00,都市：住,,,,00030000
RPVOMLTJJHMFFHF96DC,民富段,22.23,都市：住,,,,11100000
RPXUMLKKJHMFFEF56CC,海天段,.00,都市：住,,,,01900000
RPWVMLLKJHMFFEF66CC,竹圍段,.00,都市：商,,,,03900000
RPUPNLLKJHMFFEF58CC,馬偕段,6.12,都市：工,,,,01960000
RPQPMLLKJHMFFIF48CC,大學段二小段,16.25,都市：商,,,,00960000
RPUPMLLKJHMFFIF88CC,民生段,18.17,都市：住,,,,02210000
RPOPMLLKJHMFFAF47CC,新雅段,35.55,都市：住,,,,05840000
RPQPMLLKJHMFFAF67CC,中山段,11.13,都市：住,,,,00430000
RPXTMLLKJHMFFBF88CC,國宅段,19.91,都市：住,,,,00090003
RPPUMLLKJHMFFBF18CC,建林段,11.70,都市：住,,,,03360000
RPOVMLLKJHMFFBF18CC,力行段,22.87,都市：商,,,,08220000
RPQOMLKKJHMFFCF67CC,民權段,29.39,都市：住,,,,04650000
RPQNMLLKJHMFFHF38EC,中興段,21.07,都市：住,,,,09190000
RPQNMLLKJHMFFHF38EC,中興段,19.03,都市：其他:道路用地,,,,09200000
RPSNMLLKJHMFFCF87CC,福園段,20.78,都市：住,,,,02320000
RPRNMLOJJHMFFCF97CC,福園段,.00,都市：住,,,,10400000
RPOPMLNJJHMFFCF77CC,莊敬段,.00,都市：住,,,,02660000
RPSQMLTJJHMFFCF88CC,民安段,.00,都市：住,,,,10010000
RPOOMLOJJHMFFCF77CC,安和段,8.90,都市：其他:,,,,09630000
RPUNMLLKJHMFFDF38EC,保長段,3.97,都市：住,,,,09950000
RPRPMLMKJHMFFBF97CC,陸光段,140.74,都市：工,,,,06040000
RPWPMLMKJHMFFBF48CC,思源段,84.32,都市：住,,,,14350000
RPRQMLNKJHMFFBF18CC,建林段,22.27,都市：住,,,,04700000
RPWQMLNKJHMFFEF98CC,新興段,.50,都市：住,,,,09020000
RPWQMLNKJHMFFEF98CC,新興段,8.10,都市：住,,,,09030000
RPWQMLNKJHMFFEF98CC,新興段,1.15,都市：住,,,,09040000
RPPNMLOKJHMFFIF48CC,大學段二小段,18.98,都市：住,,,,01350000
RPQNMLOKJHMFFIF58CC,大學段二小段,17.50,都市：住,,,,01040000
RPSNMLOKJHMFFIF78CC,大學段二小段,17.50,都市：住,,,,01040000
RPPNMLPKJHMFFIF58CC,大學段二小段,20.76,都市：住,,,,01150000
RPQNMLPKJHMFFEF28CC,公司田段,136.33,都市：住,,,,01420000
RPQOMLLKJHMFFDF08EC,保長段,6.70,都市：住,,,,09950000
RPSNMLPKJHMFFEF48CC,海天段,12.88,都市：住,,,,02250000
RPVNMLLKJHMFFDF48EC,保長段,3.91,都市：住,,,,09950000
RPPNMLPKJHMFFAF77CC,江子翠段第一崁小段,80.00,都市：住,,,,01020011
RPOOMLQKJHMFFCF08CC,安豐段,28.89,都市：住,,,,05710000
RPRNMLQKJHMFFAF08CC,金城段,13.19,都市：商,,,,01780000
RPPOMLQKJHMFFCF18CC,福園段,20.78,都市：住,,,,02320000
RPSOMLQKJHMFFCF48CC,寶元段,.00,都市：工,,,,01090000
RPTOMLQKJHMFFCF58CC,福園段,20.78,都市：住,,,,02320000
RPUOMLQKJHMFFCF68CC,莊敬段,75.14,都市：工,,,,07130000
RPVOMLQKJHMFFCF78CC,福園段,20.78,都市：住,,,,02320000
RPWOMLQKJHMFFCF88CC,惠國段,.00,都市：住,,,,06260000
RPPPMLQKJHMFFCF28CC,寶橋段,.00,都市：工,,,,04450000
RPQPMLQKJHMFFBF28CC,五工段,1115.40,非都市：工業區 ; 非都市編定：丁種建築用地,,,,02170000
RPTNMLNKJHMFFDF28CC,同新段,17.45,都市：工,,,,00130000
RPWOMLQKJHMFFDF98CC,智興段,30.00,都市：住,,,,07610004
RPQQMLQKJHMFFBF38CC,國宅段,18.03,都市：住,,,,00950002
RPRNMLMKJHMFFDF97CC,水源段,.00,都市：住,,,,09920000
RPRNMLMKJHMFFDF97CC,水源段,.00,都市：其他:保護區,,,,09920001
RPPOMLQKJHMFFDF28CC,智興段,.00,都市：商,,,,10860000
RPUNMLQKJHMFFDF68CC,智興段,.00,都市：商,,,,04860000
RPVNMLNKJHMFFDF48CC,同新段,.00,都市：工,,,,00130000
RPTOMLKKJHMFFDF08CC,昊天段,23.75,都市：工,,,,08720000
RPTOMLKKJHMFFDF08CC,同新段,.74,都市：工,,,,00060000
RPUOMLKKJHMFFDF18CC,昊天段,31.47,都市：工,,,,08720000
RPUOMLKKJHMFFDF18CC,同新段,.98,都市：工,,,,00060000
RPXNMLQKJHMFFIF86CC,介壽段,28.63,都市：住,,,,00030000
RPRQMLQKJHMFFGF98CC,中興段,.00,都市：工,,,,04400000
RPSOMLQKJHMFFAF48EC,中興段,2586.62,都市：住,,,,04670000
RPPUMLQKJHMFFEF98CC,海天段,23.87,都市：住,,,,02170000
RPVQMLRKJHMFFBF09DC,副都心段一小段,21.93,都市：商,,,,00120000
RPTOMLNKJHMFFHF78CC,景福段,.00,都市：住,,,,06470000
RPUQMLQKJHMFFHF76CC,板南段,.00,都市：工,,,,03820000
RPUQMLQKJHMFFHF76CC,板南段,.00,都市：其他:道路用地,,,,03820001
RPSPMLRKJHMFFHF56CC,板南段,.00,都市：工,,,,03110000
RPUPMLRKJHMFFHF76CC,大仁段,.00,都市：住,,,,05680000
RPQPMLRKJHMFFHF98CC,健康段,.00,都市：工,,,,11590000
RPTQMLQKJHMFFHF66CC,板南段,.00,都市：工,,,,03820000
RPTQMLQKJHMFFHF66CC,板南段,.00,都市：其他:道路用地,,,,03820001
RPROMLRKJHMFFIF09CC,大學段二小段,10.22,都市：商,,,,00900000
RPRRMLRKJHMFFEF98CC,公司田段,25.48,都市：住,,,,00200000
RPPOMLRKJHMFFIF88CC,大學段二小段,8.07,都市：商,,,,00980000
RPRNMLRKJHMFFGF78CC,集美段,.00,都市：住,,,,06400000
RPRNMLRKJHMFFGF78CC,集美段,.00,都市：其他:道路用地,,,,06400001
RPRNMLRKJHMFFGF78CC,集美段,.00,都市：其他:道路用地,,,,06400002
RPRNMLRKJHMFFGF78CC,集美段,.00,都市：其他:道路用地,,,,06400003
RPRNMLRKJHMFFGF78CC,集美段,.00,都市：其他:道路用地,,,,06400004
RPPVMLRKJHMFFEF56CC,馬偕段,8.51,都市：工,,,,01960000
RPUOMLRKJHMFFIF76CC,大學段一小段,18.19,都市：住,,,,00180000
RPQVMLRKJHMFFEF66CC,公司田段,14.03,都市：住,,,,00060000
RPSOMLRKJHMFFIF56CC,西園段,34.59,非都市：特定農業區 ; 非都市編定：甲種建築用地,,,,23100000
RPPOMLSKJHMFFGF78CC,富貴段,.00,都市：住,,,,03640000
RPOPMLSKJHMFFBF28CC,麗林段,.00,都市：住,,,,06590000
RPRNMLSKJHMFFHF98CC,中和段,.00,都市：住,,,,01710000
RPRNMLSKJHMFFHF98CC,中和段,.00,都市：住,,,,01720000
RPSNMLSKJHMFFHF09CC,中和段,.00,都市：住,,,,01700000
RPSNMLSKJHMFFHF09CC,中和段,.00,都市：住,,,,01720000
RPROMLSKJHMFFHF09CC,秀峰段,.00,都市：住,,,,03110000
RPSOMLSKJHMFFHF56CC,大仁段,.00,都市：住,,,,00950000
RPQOMLSKJHMFFAF28CC,江子翠段第三崁小段,.00,都市：住,,,,01060011
RPTSMLSKJHMFFAF98CC,文化段,4.19,都市：住,,,,11980000
RPXRMLRKJHMFFAF56CC,信義段,.00,都市：住,,,,08280000
RPWOMLSKJHMFFHF96CC,保生段,22.16,都市：住,,,,03440000
RPWOMLRKJHMFFAF78CC,重慶段,27.69,都市：住,,,,05100000
RPUOMLRKJHMFFAF58CC,江子翠段第三崁小段,20.12,都市：住,,,,01060011
RPTOMLSKJHMFFHF66CC,安邦段,.00,都市：工,,,,00140000
RPXNMLSKJHMFFDF76EC,保長段,4294.96,都市：住,,,,03130000
RPSSMLSKJHMFFAF98DC,學成段,25.09,都市：住,,,,00740000
RPQPMLTKJHMFFGF56DC,過田段,.00,都市：商,,,,09060000
RPOOMLSKJHMFFDF58EC,昊天段,23.30,都市：工,,,,08720000
RPPWMLTKJHMFFEF86CC,新市段,.00,非都市： ; 非都市編定：,,,,00400000
RPWPMLTKJHMFFGF07CC,集美段,.00,都市：住,,,,05390000
RPPPMLTKJHMFFBF48CC,幸福段,.00,都市：工,,,,07020000
RPWPMLTKJHMFFBF56CC,中原段,162.96,都市：商,,,,01750000
RPRPMLTKJHMFFAF58CC,文化段,2.77,都市：住,,,,11980000
RPRNMLTKJHMFFDF68CC,建成段,.00,都市：商,,,,05040000
RPRNMLTKJHMFFDF68CC,建成段,.00,都市：商,,,,05750000
RPTOMLTKJHMFFAF88EC,文化段,.00,都市：住,,,,26700000
RPXOMLQKJHMFFAF98EC,光環段,.00,都市：住,,,,00220000
RPTOMLQKJHMFFAF58EC,介壽段,.00,都市：商,,,,09030001
RPTOMLQKJHMFFAF58EC,介壽段,.00,都市：商,,,,08530000
RPTOMLQKJHMFFAF58EC,介壽段,.00,都市：商,,,,09070000
RPXQMLSKJHMFFAF76EC,仁愛段,42.00,都市：住,,,,09460000
RPUNMLKLJHMFFAF87CC,金城段,3.60,都市：住,,,,03900000
RPPNMLTKJHMFFAF38EC,介壽段,.00,都市：商,,,,03580001
RPTOMLKLJHMFFAF87CC,力行段,.00,都市：住,,,,05100000
RPUOMLQKJHMFFAF68EC,清水段,17.88,都市：住,,,,03680000
RPQPMLKLJHMFFIF48CC,永安段,39.96,都市：住,,,,14770000
RPVVMLKLJHMFFEF56CC,淡海段,.00,都市：住,,,,00810000
RPQNMLKLJHMFFHF18CC,永平段,9.80,都市：住,,,,07130000
RPQNMLKLJHMFFHF18CC,永平段,.01,都市：其他:道路用地,,,,07130001
RPXOMLKLJHMFFHF98CC,板南段,.00,都市：工,,,,03110000
RPRPMLKLJHMFFBF87CC,中泰段,.00,都市：住,,,,01630000
RPRONLNLJHMFFBF18CC,榮富段,.00,都市：住,,,,09060000
RPPQMLTKJHMFFBF58CC,國宅段,19.91,都市：住,,,,00090003
RPOONLNLJHMFFBF87CC,力行段,.00,都市：商,,,,02590002
RPWNNLNLJHMFFBF58CC,麗林段,.00,都市：住,,,,06590000
RPURMLNLJHMFFBF68CC,力行段,.00,都市：住,,,,09590000
RPPNMLLLJHMFFBF57CC,同榮段,29.57,都市：住,,,,05120000
RPWONLNLJHMFFBF68CC,麗林段,7.24,都市：商,,,,04070004
RPSONLNLJHMFFBF28CC,丹鳳段,10.44,都市：住,,,,04340000
RPWNMLNLJHMFFHF09CC,得和段,.00,都市：商,,,,09360000
RPROMLNLJHMFFHF68CC,大仁段,.00,都市：住,,,,06570000
RPXNMLNLJHMFFHF56CC,中安段,.00,都市：住,,,,03610000
RPSOMLNLJHMFFHF78CC,台貿段,.00,都市：住,,,,12890000
RPVNMLNLJHMFFHF98CC,得和段,.00,都市：商,,,,09360000
RPXOMLNLJHMFFHF66CC,瓦?段,.00,都市：住,,,,00490000
RPWPMLKLJHMFFGF88CC,光明段,.00,都市：住,,,,00760000
RPTOMLNLJHMFFHF88CC,保生段,.00,都市：住,,,,04900000
RPRPMLNLJHMFFEF48CC,長興段,.00,非都市： ; 非都市編定：,,,,14450000
RPXOMLNLJHMFFEF98CC,新市段,17.17,都市：住,,,,00870000
RPXQMLNLJHMFFEF56CC,飛歌段,8.35,都市：住,,,,07900003
RPVRMLNLJHMFFEF09CC,新市段,14.47,都市：住,,,,01830000
RPSOMLKLJHMFFDF08CC,大同段,8128.16,都市：住,,,,03280000
RPVPMLNLJHMFFDF78CC,社后段社后下小段,113.30,非都市：山坡地保育區 ; 非都市編定：丙種建築用地,,,,03080040
RPRNMLNLJHMFFDF18CC,崇德段,.00,都市：住,,,,11290000
RPSOMLNLJHMFFAF18DC,民生段,24.49,都市：住,,,,08120000
RPTPMLNLJHMFFBF48DC,裕民段,20.33,都市：住,,,,00680000
RPORMLNLJHMFFEF58EC,公司田段,2660.11,都市：住,,,,00880000
RPWRMLNLJHMFFEF56CC,馬偕段,5.67,都市：工,,,,01960000
RPUPMLOLJHMFFHF66DC,保平段,5.09,都市：商,,,,03270000
RPRQMLOLJHMFFEF68CC,公司田段,15.31,都市：住,,,,01930000
RPWNMLOLJHMFFEF88CC,公司田段,15.31,都市：住,,,,01930000
RPURMLOLJHMFFEF56DC,興化店段店子後小段,6543.00,非都市：山坡地保育區 ; 非都市編定：丁種建築用地,,,,01440000
RPQWMLOLJHMFFEF56CC,竹圍段,3.86,都市：住,,,,04330000
RPVNNLOLJHMFFEF88CC,淡海段,20.76,都市：住,,,,00240000
RPOSMLOLJHMFFEF58CC,海鷗段,27.50,都市：住,,,,00150000
RPUNNLOLJHMFFEF78CC,海天段,7.96,都市：住,,,,01900000
RPXNNLOLJHMFFEF09CC,海鷗段,21.77,都市：住,,,,01920000
RPQONLOLJHMFFEF48CC,馬偕段,5.78,都市：工,,,,01960000
RPRONLOLJHMFFEF58CC,馬偕段,6.69,都市：工,,,,01960000
RPQNMLOLJHMFFGF48CC,中山段,.00,都市：工,,,,09370000
RPPPMLOLJHMFFIF78CC,成福段成福小段,831.00,非都市：山坡地保育區 ; 非都市編定：丁種建築用地,,,,08260030
RPVPMLNLJHMFFIF66CC,大學段一小段,.00,都市：住,,,,01580000
RPWOMLOLJHMFFIF76CC,中園段,24.49,都市：住,,,,03780000
RPUPMLNLJHMFFIF56CC,圳民段,33.65,都市：工,,,,05710000
RPUPMLNLJHMFFIF56CC,圳民段,41.25,都市：工,,,,05720000
RPVOMLOLJHMFFIF66CC,大學段二小段,5.80,都市：住,,,,00360007
RPVOMLOLJHMFFIF66CC,大學段二小段,.59,都市：住,,,,00360008
RPVOMLOLJHMFFIF66CC,大學段二小段,.45,都市：住,,,,00360011
RPRPMLKLJHMFFIF58CC,和平段,12.68,都市：其他:部分住宅區部分道路用地,,,,04380000
RPTNMLNLJHMFFIF88CC,大學段二小段,44.49,都市：住,,,,00330000
RPRNMLOLJHMFFDF28CC,建成段,.00,都市：住,,,,07090000
RPSNMLOLJHMFFDF38CC,智興段,.00,都市：商,,,,04710000
RPSNMLOLJHMFFDF38CC,智興段,.00,都市：住,,,,04760000
RPPPMLOLJHMFFDF28CC,工建段,57.56,都市：商,,,,00700000
RPPQMLOLJHMFFDF38CC,同新段,8.45,都市：工,,,,00130000
RPQQMLOLJHMFFDF48CC,北山段,42.34,都市：工,,,,13820000
RPRRMLOLJHMFFAF38CC,江子翠段溪頭小段,.00,都市：住,,,,01910007
RPPOMLOLJHMFFAF87CC,文化段,.00,都市：住,,,,09730000
RPPOMLOLJHMFFCF08CC,中華段,.00,都市：住,,,,00730000
RPSRMLOLJHMFFAF48CC,頂新段,.00,都市：住,,,,02490000
RPOUNLPLJHMFFAF58CC,和平段,.00,都市：工,,,,03420000
RPQNMLPLJHMFFDF28CC,智興段,.00,都市：商,,,,04410000
RPRNMLPLJHMFFHF78CC,華福段,.00,都市：住,,,,07020000
RPTNMLPLJHMFFHF98CC,員山段,.00,都市：住,,,,06300000
RPUNMLPLJHMFFHF09CC,保健段,.00,都市：住,,,,06140000
RPROMLPLJHMFFHF88CC,健康段,.00,都市：工,,,,11590000
RPTOMLPLJHMFFHF09CC,板南段,.00,都市：工,,,,03110000
RPXUMLPLJHMFFEF17CC,海天段,.00,非都市： ; 非都市編定：,,,,02140002
RPVNMLPLJHMFFDF98EC,建成段,7.23,都市：住,,,,04390000
RPQVMLPLJHMFFEF56CC,長興段,.00,非都市： ; 非都市編定：,,,,04510000
RPTNMLPLJHMFFGF09EC,正義段,.00,都市：商,,,,00300000
RPSNMLQLJHMFFGF88CC,中興段,.00,都市：工,,,,03090000
RPSNMLQLJHMFFGF88CC,中興段,.00,都市：工,,,,03100000
RPRNMLQLJHMFFDF48CC,水源段,.00,都市：住,,,,00010000
RPRNMLQLJHMFFDF48CC,水源段,.00,都市：其他:保護區,,,,00010001
RPOWMLPLJHMFFBF78CC,國宅段,16.67,都市：住,,,,00950002
RPWTOLOLJHMFFBF76CC,芳洲段,13.22,都市：住,,,,01600000
RPUNMLQLJHMFFDF78CC,昊天段,.00,都市：工,,,,10860000
RPXVMLPLJHMFFBF96CC,安泰段,200.73,都市：工,,,,05060000
RPXVMLPLJHMFFBF96CC,安泰段,199.12,都市：工,,,,05050000
RPROMLQLJHMFFBF38CC,中原段,.00,都市：住,,,,00020000
RPPPMLQLJHMFFAF18CC,光仁段,26.75,都市：住,,,,23620021
RPWPMLOLJHMFFHF76CC,得和段,.00,都市：住,,,,09300000
RPRPMLNLJHMFFHF78CC,圓通段,.00,都市：住,,,,03670000
RPQPMLOLJHMFFHF78CC,中信段,.00,都市：商,,,,00380000
RPOPMLOLJHMFFHF58CC,中原段,.00,都市：工,,,,05230000
RPPOMLOLJHMFFHF58CC,保健段,.00,都市：商,,,,01080002
RPPOMLOLJHMFFHF58CC,保健段,.00,都市：住,,,,01050000
RPVNMLQLJHMFFGF56CC,興德段,.00,都市：工,,,,02360000
RPVNMLQLJHMFFGF56CC,興德段,.00,都市：工,,,,02370000
