﻿編號,土地位置,土地移轉面積(平方公尺),使用分區或編定,權利人持分分母,權利人持分分子,移轉情形,地號
The serial number, land position,land shifting area square meter,the use zoning or compiles and checks,,,,land parcel
RPOPMLLJJILFFBF37CB,新豐段,12.28,都市：商,100000,194,持分移轉,00010000
RPQPMLLJJILFFBF57CB,新豐段,12.28,都市：商,100000,194,持分移轉,00010000
RPSOMLLJJILFFBF67CB,新豐段,13.54,都市：商,100000,214,持分移轉,00010000
RPROMLLJJILFFBF57CB,新豐段,13.54,都市：商,100000,214,持分移轉,00010000
RPXOMLLJJILFFBF18CB,新豐段,12.28,都市：商,100000,194,持分移轉,00010000
RPWNMLLJJILFFBF97CB,新豐段,13.54,都市：商,100000,214,持分移轉,00010000
RPPOMLLJJILFFBF37CB,新豐段,13.54,都市：商,100000,214,持分移轉,00010000
RPTPMLLJJILFFBF87CB,新豐段,12.28,都市：商,100000,194,持分移轉,00010000
RPRPMLLJJILFFBF67CB,新豐段,11.64,都市：商,100000,184,持分移轉,00010000
RPUQMLLJJILFFBF08CB,新豐段,12.53,都市：商,100000,198,持分移轉,00010000
RPVQMLLJJILFFBF18CB,新豐段,12.53,都市：商,100000,198,持分移轉,00010000
RPORMLLJJILFFBF57CB,新豐段,12.53,都市：商,100000,198,持分移轉,00010000
RPTOMLLJJILFFBF77CB,新豐段,13.92,都市：商,100000,220,持分移轉,00010000
RPRQMLLJJILFFBF77CB,新豐段,12.28,都市：商,100000,194,持分移轉,00010000
RPSQMLLJJILFFBF87CB,新豐段,12.53,都市：商,100000,198,持分移轉,00010000
RPURMLLJJILFFBF18CB,新豐段,12.53,都市：商,100000,198,持分移轉,00010000
RPWQMLLJJILFFBF28CB,新豐段,12.53,都市：商,100000,198,持分移轉,00010000
RPPSMLLJJILFFBF77CB,新豐段,17.59,都市：商,100000,278,持分移轉,00010000
RPPRMLLJJILFFBF67CB,新豐段,12.53,都市：商,100000,198,持分移轉,00010000
RPQRMLLJJILFFBF77CB,新豐段,12.53,都市：商,100000,198,持分移轉,00010000
RPSRMLLJJILFFBF97CB,新豐段,12.53,都市：商,100000,198,持分移轉,00010000
RPXRMLLJJILFFBF48CB,新豐段,17.59,都市：商,100000,278,持分移轉,00010000
RPRSMLLJJILFFBF97CB,新豐段,17.59,都市：商,100000,278,持分移轉,00010000
RPSSMLLJJILFFBF08CB,新豐段,13.54,都市：商,100000,214,持分移轉,00010000
RPTSMLLJJILFFBF18CB,新豐段,13.92,都市：商,100000,220,持分移轉,00010000
RPQSMLLJJILFFBF87CB,新豐段,13.10,都市：商,100000,207,持分移轉,00010000
RPPTMLLJJILFFBF87CB,新豐段,12.28,都市：商,100000,194,持分移轉,00010000
RPQTMLLJJILFFBF97CB,新豐段,12.28,都市：商,100000,194,持分移轉,00010000
RPUSMLLJJILFFBF28CB,新豐段,12.28,都市：商,100000,194,持分移轉,00010000
RPSTMLLJJILFFBF18CB,新豐段,12.28,都市：商,100000,194,持分移轉,00010000
RPTTMLLJJILFFBF28CB,新豐段,12.28,都市：商,100000,194,持分移轉,00010000
RPUTMLLJJILFFBF38CB,新豐段,12.53,都市：商,100000,198,持分移轉,00010000
RPUOMLMJJILFFBF97CB,新豐段,13.54,都市：商,100000,214,持分移轉,00010000
RPWTMLLJJILFFBF58CB,新豐段,12.53,都市：商,100000,198,持分移轉,00010000
RPXOMLMJJILFFBF28CB,新豐段,13.92,都市：商,100000,220,持分移轉,00010000
RPPPMLMJJILFFBF57CB,新豐段,17.34,都市：商,100000,274,持分移轉,00010000
RPUUMLLJJILFFBF48CB,新豐段,17.34,都市：商,100000,274,持分移轉,00010000
RPQOMLMJJILFFBF57CB,新豐段,15.76,都市：商,100000,249,持分移轉,00010000
RPRUMLLJJILFFBF18CB,新豐段,12.53,都市：商,100000,198,持分移轉,00010000
RPOUMLLJJILFFBF87CB,新豐段,12.53,都市：商,100000,198,持分移轉,00010000
RPPUMLLJJILFFBF97CB,新豐段,12.53,都市：商,100000,198,持分移轉,00010000
RPXTMLLJJILFFBF68CB,新豐段,12.53,都市：商,100000,198,持分移轉,00010000
RPSQMLMJJILFFBF97CB,新豐段,13.92,都市：商,100000,220,持分移轉,00010000
RPQRMLMJJILFFBF87CB,新豐段,15.69,都市：商,100000,248,持分移轉,00010000
RPVPMLMJJILFFBF18CB,新豐段,16.01,都市：商,100000,253,持分移轉,00010000
RPWPMLMJJILFFBF28CB,新豐段,11.83,都市：商,100000,187,持分移轉,00010000
RPOQMLMJJILFFBF57CB,新豐段,9.87,都市：商,100000,156,持分移轉,00010000
RPRQMLMJJILFFBF87CB,新豐段,13.92,都市：商,100000,220,持分移轉,00010000
RPQQMLMJJILFFBF77CB,新豐段,9.87,都市：商,100000,156,持分移轉,00010000
RPORMLMJJILFFBF67CB,新豐段,13.92,都市：商,100000,220,持分移轉,00010000
RPWRMLMJJILFFBF48CB,新豐段,13.92,都市：商,100000,220,持分移轉,00010000
RPUQMLMJJILFFBF18CB,新豐段,17.85,都市：商,100000,282,持分移轉,00010000
RPQNMLKKJILFFEF67CB,龍米段,53.97,都市：住,10000,258,持分移轉,24180000
RPSNMLKKJILFFEF87CB,龍米段,53.97,都市：住,10000,258,持分移轉,24180000
RPPNMLKKJILFFEF57CB,龍米段,54.18,都市：住,10000,259,持分移轉,24180000
RPTNMLKKJILFFEF97CB,龍米段,53.97,都市：住,10000,258,持分移轉,24180000
RPTOMLKKJILFFEF08CB,龍米段,53.97,都市：住,10000,258,持分移轉,24180000
RPSOMLKKJILFFEF97CB,龍米段,53.97,都市：住,10000,258,持分移轉,24180000
RPVNMLKKJILFFEF18CB,龍米段,53.97,都市：住,10000,258,持分移轉,24180000
RPWNMLKKJILFFEF28CB,龍米段,53.97,都市：住,10000,258,持分移轉,24180000
RPUNMLKKJILFFEF08CB,龍米段,53.97,都市：住,10000,258,持分移轉,24180000
RPXNMLKKJILFFEF38CB,龍米段,53.97,都市：住,10000,258,持分移轉,24180000
RPROMLKKJILFFEF87CB,龍米段,53.97,都市：住,10000,258,持分移轉,24180000
RPQOMLKKJILFFEF77CB,龍米段,53.97,都市：住,10000,258,持分移轉,24180000
RPOOMLKKJILFFEF57CB,龍米段,53.97,都市：住,10000,258,持分移轉,24180000
RPPOMLKKJILFFEF67CB,龍米段,53.97,都市：住,10000,258,持分移轉,24180000
RPUOMLKKJILFFEF18CB,龍米段,54.39,都市：住,10000,260,持分移轉,24180000
RPVOMLKKJILFFEF28CB,龍米段,53.97,都市：住,10000,258,持分移轉,24180000
RPXOMLKKJILFFEF48CB,龍米段,53.97,都市：住,10000,258,持分移轉,24180000
RPOPMLKKJILFFEF67CB,龍米段,53.97,都市：住,10000,258,持分移轉,24180000
RPWOMLKKJILFFEF38CB,龍米段,53.97,都市：住,10000,258,持分移轉,24180000
RPSPMLKKJILFFEF08CB,龍米段,54.18,都市：住,10000,259,持分移轉,24180000
RPPPMLKKJILFFEF77CB,龍米段,54.18,都市：住,10000,259,持分移轉,24180000
RPTPMLKKJILFFEF18CB,龍米段,54.18,都市：住,10000,259,持分移轉,24180000
RPUPMLKKJILFFEF28CB,龍米段,54.18,都市：住,10000,259,持分移轉,24180000
RPRPMLKKJILFFEF97CB,龍米段,54.18,都市：住,10000,259,持分移轉,24180000
RPWPMLKKJILFFEF48CB,龍米段,54.18,都市：住,10000,259,持分移轉,24180000
RPVPMLKKJILFFEF38CB,龍米段,54.18,都市：住,10000,259,持分移轉,24180000
RPOQMLKKJILFFEF77CB,龍米段,54.18,都市：住,10000,259,持分移轉,24180000
RPWQMLKKJILFFEF58CB,龍米段,54.18,都市：住,10000,259,持分移轉,24180000
RPUQMLKKJILFFEF38CB,龍米段,54.18,都市：住,10000,259,持分移轉,24180000
RPXPMLKKJILFFEF58CB,龍米段,54.18,都市：住,10000,259,持分移轉,24180000
RPTQMLKKJILFFEF28CB,龍米段,54.18,都市：住,10000,259,持分移轉,24180000
RPVQMLKKJILFFEF48CB,龍米段,54.18,都市：住,10000,259,持分移轉,24180000
RPRQMLKKJILFFEF08CB,龍米段,54.18,都市：住,10000,259,持分移轉,24180000
RPQQMLKKJILFFEF97CB,龍米段,54.18,都市：住,10000,259,持分移轉,24180000
RPSQMLKKJILFFEF18CB,龍米段,54.18,都市：住,10000,259,持分移轉,24180000
RPPQMLKKJILFFEF87CB,龍米段,54.60,都市：住,10000,261,持分移轉,24180000
RPXQMLKKJILFFEF68CB,龍米段,53.97,都市：住,10000,258,持分移轉,24180000
RPUPMLQKJILFFEF88CB,淡海段,20.85,都市：住,100000,728,持分移轉,00240000
RPORMLQKJILFFEF48CB,淡海段,20.76,都市：住,100000,725,持分移轉,00240000
RPPRMLQKJILFFEF58CB,淡海段,13.78,都市：住,100000,481,持分移轉,00240000
RPQRMLQKJILFFEF68CB,淡海段,30.50,都市：住,100000,1065,持分移轉,00240000
RPPQMLQKJILFFBF18CB,新豐段,11.58,都市：商,100000,183,持分移轉,00010000
RPQOMLOLJILFFGF48CB,重新段壹小段,22.14,都市：住,10000,100,持分移轉,00530000
RPOSMLMJKILFFBF87CB,力行段,29.71,都市：住,10000,142,持分移轉,05440000
RPPSMLMJKILFFBF97CB,力行段,22.80,都市：住,10000,109,持分移轉,05440000
RPRSMLMJKILFFBF18CB,力行段,29.71,都市：住,10000,142,持分移轉,05440000
RPSSMLMJKILFFBF28CB,力行段,21.34,都市：住,10000,102,持分移轉,05440000
RPVSMLMJKILFFBF58CB,力行段,24.90,都市：住,10000,119,持分移轉,05440000
RPUSMLMJKILFFBF48CB,力行段,24.90,都市：住,10000,119,持分移轉,05440000
RPXSMLMJKILFFBF78CB,力行段,21.34,都市：住,10000,102,持分移轉,05440000
RPOTMLMJKILFFBF97CB,力行段,29.71,都市：住,10000,142,持分移轉,05440000
RPWSMLMJKILFFBF68CB,力行段,25.31,都市：住,10000,121,持分移轉,05440000
RPPTMLMJKILFFBF08CB,力行段,22.80,都市：住,10000,109,持分移轉,05440000
RPQTMLMJKILFFBF18CB,力行段,21.34,都市：住,10000,102,持分移轉,05440000
RPTTMLMJKILFFBF48CB,力行段,24.90,都市：住,10000,119,持分移轉,05440000
RPUTMLMJKILFFBF58CB,力行段,22.80,都市：住,10000,109,持分移轉,05440000
RPQSMLMJKILFFBF08CB,力行段,29.71,都市：住,10000,142,持分移轉,05440000
RPSOMLOLJILFFGF68CB,重新段壹小段,21.03,都市：住,10000,95,持分移轉,00530000
RPROMLOLJILFFGF58CB,重新段壹小段,21.03,都市：住,10000,95,持分移轉,00530000
RPVOMLOLJILFFGF98CB,重新段壹小段,21.70,都市：住,10000,98,持分移轉,00530000
RPSTMLMJKILFFBF38CB,力行段,23.22,都市：住,10000,111,持分移轉,05440000
RPTOMLOLJILFFGF78CB,重新段壹小段,20.37,都市：住,10000,92,持分移轉,00530000
RPRTMLMJKILFFBF28CB,力行段,29.71,都市：住,10000,142,持分移轉,05440000
RPXOMLOLJILFFGF56CB,重新段壹小段,21.70,都市：住,10000,98,持分移轉,00530000
RPOUMLMJKILFFBF08CB,力行段,29.71,都市：住,10000,142,持分移轉,05440000
RPRUMLMJKILFFBF38CB,力行段,21.34,都市：住,10000,102,持分移轉,05440000
RPXUMLMJKILFFBF98CB,力行段,24.90,都市：住,10000,119,持分移轉,05440000
RPVTMLMJKILFFBF68CB,力行段,21.34,都市：住,10000,102,持分移轉,05440000
RPWUMLMJKILFFBF88CB,力行段,24.90,都市：住,10000,119,持分移轉,05440000
RPSUMLMJKILFFBF48CB,力行段,21.34,都市：住,10000,102,持分移轉,05440000
RPVUMLMJKILFFBF78CB,力行段,25.31,都市：住,10000,121,持分移轉,05440000
RPPUMLMJKILFFBF18CB,力行段,24.90,都市：住,10000,119,持分移轉,05440000
RPUUMLMJKILFFBF68CB,力行段,21.34,都市：住,10000,102,持分移轉,05440000
RPXTMLMJKILFFBF88CB,力行段,22.80,都市：住,10000,109,持分移轉,05440000
RPPVMLMJKILFFBF28CB,力行段,29.71,都市：住,10000,142,持分移轉,05440000
RPQVMLMJKILFFBF38CB,力行段,24.90,都市：住,10000,119,持分移轉,05440000
RPOVMLMJKILFFBF18CB,力行段,22.80,都市：住,10000,109,持分移轉,05440000
RPRVMLMJKILFFBF48CB,力行段,22.80,都市：住,10000,109,持分移轉,05440000
RPRNMLMKKILFFEF08CB,淡海段,16.24,都市：住,100000,567,持分移轉,00240000
RPVPMLOKKILFFEF88CB,淡海段,14.72,都市：住,100000,514,持分移轉,00240000
RPWOMLOKKILFFEF88CB,淡海段,16.24,都市：住,100000,567,持分移轉,00240000
RPRPMLOKKILFFEF48CB,淡海段,13.78,都市：住,100000,481,持分移轉,00240000
RPPPMLOKKILFFEF28CB,淡海段,16.24,都市：住,100000,567,持分移轉,00240000
RPTPMLOKKILFFEF68CB,淡海段,13.78,都市：住,100000,481,持分移轉,00240000
RPOPMLOKKILFFEF18CB,淡海段,13.78,都市：住,100000,481,持分移轉,00240000
RPQPMLOKKILFFEF38CB,淡海段,13.78,都市：住,100000,481,持分移轉,00240000
RPVNMLMKKILFFEF48CB,淡海段,20.76,都市：住,100000,725,持分移轉,00240000
RPTNMLMKKILFFEF28CB,淡海段,20.76,都市：住,100000,725,持分移轉,00240000
RPUNMLMKKILFFEF38CB,淡海段,20.71,都市：住,100000,723,持分移轉,00240000
RPXOMLOLKILFFEF09CB,淡海段,16.24,都市：住,100000,567,持分移轉,00240000
RPPPMLOLKILFFEF38CB,淡海段,20.71,都市：住,100000,723,持分移轉,00240000
RPVOMLOLKILFFEF88CB,淡海段,13.78,都市：住,100000,481,持分移轉,00240000
RPWOMLOLKILFFEF98CB,淡海段,13.78,都市：住,100000,481,持分移轉,00240000
RPQPMLOLKILFFEF48CB,淡海段,30.50,都市：住,100000,1065,持分移轉,00240000
RPSPMLOLKILFFEF68CB,淡海段,20.71,都市：住,100000,723,持分移轉,00240000
RPTPMLOLKILFFEF78CB,淡海段,16.24,都市：住,100000,567,持分移轉,00240000
RPWPMLOKKILFFEF98CB,淡海段,20.71,都市：住,100000,723,持分移轉,00240000
RPOPMLOLKILFFEF28CB,淡海段,20.71,都市：住,100000,723,持分移轉,00240000
RPRPMLOLKILFFEF58CB,淡海段,13.78,都市：住,100000,481,持分移轉,00240000
RPXPMLOLKILFFEF56CB,淡海段,16.24,都市：住,100000,567,持分移轉,00240000
RPWPMLOLKILFFEF09CB,淡海段,14.72,都市：住,100000,514,持分移轉,00240000
RPOQMLOLKILFFEF38CB,淡海段,20.76,都市：住,100000,725,持分移轉,00240000
RPPQMLOLKILFFEF48CB,淡海段,14.72,都市：住,100000,514,持分移轉,00240000
RPUPMLOLKILFFEF88CB,淡海段,20.76,都市：住,100000,725,持分移轉,00240000
RPSNMLPLKILFFEF58CB,淡海段,13.78,都市：住,100000,481,持分移轉,00240000
RPTNMLPLKILFFEF68CB,淡海段,20.76,都市：住,100000,725,持分移轉,00240000
RPVNMLPLKILFFEF88CB,淡海段,20.76,都市：住,100000,725,持分移轉,00240000
RPVPMLOLKILFFEF98CB,淡海段,19.70,都市：住,100000,688,持分移轉,00240000
RPUNMLPLKILFFEF78CB,淡海段,14.72,都市：住,100000,514,持分移轉,00240000
RPRNMLPLKILFFEF48CB,淡海段,14.72,都市：住,100000,514,持分移轉,00240000
RPOOMLPLKILFFEF28CB,淡海段,16.24,都市：住,100000,567,持分移轉,00240000
RPWNMLPLKILFFEF98CB,淡海段,20.71,都市：住,100000,723,持分移轉,00240000
RPXNMLPLKILFFEF09CB,淡海段,13.78,都市：住,100000,481,持分移轉,00240000
RPPOMLPLKILFFEF38CB,淡海段,20.71,都市：住,100000,723,持分移轉,00240000
RPQNMLQLKILFFEF48CB,淡海段,20.71,都市：住,100000,723,持分移轉,00240000
RPQOMLPLKILFFEF48CB,淡海段,21.59,都市：住,100000,754,持分移轉,00240000
RPRNMLQLKILFFEF58CB,淡海段,16.24,都市：住,100000,567,持分移轉,00240000
RPTNMLQLKILFFEF78CB,淡海段,20.71,都市：住,100000,723,持分移轉,00240000
RPUNMLQLKILFFEF88CB,淡海段,16.24,都市：住,100000,567,持分移轉,00240000
RPVNMLQLKILFFEF98CB,淡海段,16.24,都市：住,100000,567,持分移轉,00240000
RPWNMLQLKILFFEF09CB,淡海段,16.24,都市：住,100000,567,持分移轉,00240000
RPOOMLQLKILFFEF38CB,淡海段,16.24,都市：住,100000,567,持分移轉,00240000
RPPOMLQLKILFFEF48CB,淡海段,16.24,都市：住,100000,567,持分移轉,00240000
RPROMLQLKILFFEF68CB,淡海段,16.24,都市：住,100000,567,持分移轉,00240000
RPPPMLRLKILFFEF68CB,淡海段,13.78,都市：住,100000,481,持分移轉,00240000
RPPOMLRLKILFFEF58CB,淡海段,13.78,都市：住,100000,481,持分移轉,00240000
RPOPMLRLKILFFEF58CB,淡海段,20.71,都市：住,100000,723,持分移轉,00240000
RPTOMLQLKILFFEF88CB,淡海段,13.78,都市：住,100000,481,持分移轉,00240000
RPRPMLRLKILFFEF88CB,淡海段,16.24,都市：住,100000,567,持分移轉,00240000
RPQPMLRLKILFFEF78CB,淡海段,14.72,都市：住,100000,514,持分移轉,00240000
RPTOMLRLKILFFEF98CB,淡海段,13.78,都市：住,100000,481,持分移轉,00240000
RPUOMLRLKILFFEF09CB,淡海段,13.78,都市：住,100000,481,持分移轉,00240000
RPUPMLTLKILFFEF76CB,淡海段,16.24,都市：住,100000,567,持分移轉,00240000
RPQPMLTLKILFFEF98CB,淡海段,16.24,都市：住,100000,567,持分移轉,00240000
RPPPMLTLKILFFEF88CB,淡海段,15.72,都市：住,100000,549,持分移轉,00240000
RPXPMLTLKILFFEF07CB,淡海段,16.24,都市：住,100000,567,持分移轉,00240000
RPRQMLTLKILFFEF56CB,淡海段,14.72,都市：住,100000,514,持分移轉,00240000
RPQQMLTLKILFFEF09CB,淡海段,14.72,都市：住,100000,514,持分移轉,00240000
RPSPMLTLKILFFEF56CB,淡海段,19.76,都市：住,100000,690,持分移轉,00240000
RPWPMLTLKILFFEF96CB,淡海段,17.24,都市：住,100000,602,持分移轉,00240000
RPPQMLTLKILFFEF98CB,淡海段,13.78,都市：住,100000,481,持分移轉,00240000
RPSQMLTLKILFFEF66CB,淡海段,14.72,都市：住,100000,514,持分移轉,00240000
RPUNMLMKJHMFFIF68CB,中園段,29.73,都市：住,10000,206,持分移轉,00330000
RPQTMLTLKILFFEF76CB,淡海段,20.71,都市：住,100000,723,持分移轉,00240000
RPOTMLTLKILFFEF56CB,淡海段,20.76,都市：住,100000,725,持分移轉,00240000
RPVNMLMKJHMFFIF78CB,中園段,29.58,都市：住,10000,205,持分移轉,00330000
RPWNMLMKJHMFFIF88CB,中園段,29.58,都市：住,10000,205,持分移轉,00330000
RPQOMLMKJHMFFIF38CB,中園段,29.58,都市：住,10000,205,持分移轉,00330000
RPXNMLMKJHMFFIF98CB,中園段,29.58,都市：住,10000,205,持分移轉,00330000
RPOOMLMKJHMFFIF18CB,中園段,29.58,都市：住,10000,205,持分移轉,00330000
RPROMLMKJHMFFIF48CB,中園段,29.58,都市：住,10000,205,持分移轉,00330000
RPOPMLMKJHMFFIF28CB,中園段,29.58,都市：住,10000,205,持分移轉,00330000
RPOPMLNKJHMFFIF38CB,中園段,29.58,都市：住,10000,205,持分移轉,00330000
RPUPMLNKJHMFFIF98CB,中園段,23.96,都市：住,10000,166,持分移轉,00330000
RPVPMLNKJHMFFIF09CB,中園段,29.30,都市：住,10000,203,持分移轉,00330000
RPWPMLNKJHMFFIF56CB,中園段,29.30,都市：住,10000,203,持分移轉,00330000
RPXPMLNKJHMFFIF66CB,中園段,29.30,都市：住,10000,203,持分移轉,00330000
RPQQMLNKJHMFFIF68CB,中園段,29.30,都市：住,10000,203,持分移轉,00330000
RPSQMLNKJHMFFIF88CB,中園段,29.58,都市：住,10000,205,持分移轉,00330000
RPTQMLNKJHMFFIF98CB,中園段,29.30,都市：住,10000,203,持分移轉,00330000
RPUQMLNKJHMFFIF09CB,中園段,29.30,都市：住,10000,203,持分移轉,00330000
RPVQMLNKJHMFFIF56CB,中園段,29.30,都市：住,10000,203,持分移轉,00330000
RPORMLNKJHMFFIF58CB,中園段,29.30,都市：住,10000,203,持分移轉,00330000
RPPRMLNKJHMFFIF68CB,中園段,29.15,都市：住,10000,202,持分移轉,00330000
RPTRMLNKJHMFFIF09CB,中園段,29.30,都市：住,10000,203,持分移轉,00330000
RPWRMLNKJHMFFIF76CB,中園段,29.30,都市：住,10000,203,持分移轉,00330000
RPXRMLNKJHMFFIF86CB,中園段,29.15,都市：住,10000,202,持分移轉,00330000
RPWQMLNKJHMFFIF66CB,中園段,29.30,都市：住,10000,203,持分移轉,00330000
RPQSMLNKJHMFFIF88CB,中園段,29.30,都市：住,10000,203,持分移轉,00330000
RPRRMLNKJHMFFIF88CB,中園段,23.67,都市：住,10000,164,持分移轉,00330000
RPOSMLNKJHMFFIF68CB,中園段,29.30,都市：住,10000,203,持分移轉,00330000
RPRSMLNKJHMFFIF98CB,中園段,29.30,都市：住,10000,203,持分移轉,00330000
RPSSMLNKJHMFFIF09CB,中園段,29.30,都市：住,10000,203,持分移轉,00330000
RPXNMLRKJHMFFDF98CB,大同段,8.92,都市：住,1000000,1097,持分移轉,03280000
RPOOMLRKJHMFFDF18CB,大同段,8.97,都市：住,1000000,1103,持分移轉,03280000
RPSOMLRKJHMFFDF58CB,大同段,18.75,都市：住,1000000,2307,持分移轉,03280000
RPOPMLRKJHMFFDF28CB,大同段,18.75,都市：住,1000000,2307,持分移轉,03280000
RPQPMLRKJHMFFDF48CB,大同段,18.75,都市：住,1000000,2307,持分移轉,03280000
RPWOMLRKJHMFFDF98CB,大同段,18.75,都市：住,1000000,2307,持分移轉,03280000
RPWPMLRKJHMFFDF09CB,大同段,8.97,都市：住,1000000,1103,持分移轉,03280000
RPUPMLRKJHMFFDF88CB,大同段,8.97,都市：住,1000000,1103,持分移轉,03280000
RPRPMLRKJHMFFDF58CB,大同段,8.97,都市：住,1000000,1103,持分移轉,03280000
RPXPMLRKJHMFFDF56CB,大同段,8.97,都市：住,1000000,1103,持分移轉,03280000
RPOQMLRKJHMFFDF38CB,大同段,8.97,都市：住,1000000,1103,持分移轉,03280000
RPPQMLRKJHMFFDF48CB,大同段,8.97,都市：住,1000000,1103,持分移轉,03280000
RPSQMLRKJHMFFDF78CB,大同段,8.97,都市：住,1000000,1103,持分移轉,03280000
RPRQMLRKJHMFFDF68CB,大同段,8.97,都市：住,1000000,1103,持分移轉,03280000
RPQRMLRKJHMFFDF68CB,大同段,16.35,都市：住,1000000,2012,持分移轉,03280000
RPTRMLRKJHMFFDF98CB,大同段,8.97,都市：住,1000000,1103,持分移轉,03280000
RPURMLRKJHMFFDF09CB,大同段,8.97,都市：住,1000000,1103,持分移轉,03280000
RPVRMLRKJHMFFDF56CB,大同段,8.97,都市：住,1000000,1103,持分移轉,03280000
RPOSMLRKJHMFFDF58CB,大同段,8.92,都市：住,1000000,1097,持分移轉,03280000
RPWRMLRKJHMFFDF66CB,大同段,8.97,都市：住,1000000,1103,持分移轉,03280000
RPPSMLRKJHMFFDF68CB,大同段,8.91,都市：住,1000000,1096,持分移轉,03280000
RPRSMLRKJHMFFDF88CB,大同段,8.91,都市：住,1000000,1096,持分移轉,03280000
RPQSMLRKJHMFFDF78CB,大同段,8.92,都市：住,1000000,1097,持分移轉,03280000
RPWSMLNKJHMFFIF86CB,中園段,29.15,都市：住,10000,202,持分移轉,00330000
RPSSMLRKJHMFFDF98CB,大同段,8.92,都市：住,1000000,1097,持分移轉,03280000
RPTSMLRKJHMFFDF09CB,大同段,16.39,都市：住,1000000,2016,持分移轉,03280000
RPQNMLSKJHMFFDF38CB,大同段,8.97,都市：住,1000000,1103,持分移轉,03280000
RPTNMLSKJHMFFDF68CB,大同段,8.91,都市：住,1000000,1096,持分移轉,03280000
RPSNMLSKJHMFFDF58CB,大同段,8.91,都市：住,1000000,1096,持分移轉,03280000
RPUNMLSKJHMFFDF78CB,大同段,8.91,都市：住,1000000,1096,持分移轉,03280000
RPOPMLSKJHMFFDF38CB,大同段,12.74,都市：住,1000000,1568,持分移轉,03280000
RPPPMLSKJHMFFDF48CB,大同段,12.85,都市：住,1000000,1581,持分移轉,03280000
RPQPMLSKJHMFFDF58CB,大同段,18.75,都市：住,1000000,2307,持分移轉,03280000
RPSPMLSKJHMFFDF78CB,大同段,8.97,都市：住,1000000,1103,持分移轉,03280000
RPTPMLSKJHMFFDF88CB,大同段,8.97,都市：住,1000000,1103,持分移轉,03280000
RPVPMLSKJHMFFDF09CB,大同段,17.28,都市：住,1000000,2126,持分移轉,03280000
RPWPMLSKJHMFFDF56CB,大同段,8.97,都市：住,1000000,1103,持分移轉,03280000
RPRPMLSKJHMFFIF56CB,中園段,29.30,都市：住,10000,203,持分移轉,00330000
RPSPMLSKJHMFFIF66CB,中園段,23.67,都市：住,10000,164,持分移轉,00330000
RPXPMLSKJHMFFIF17CB,中園段,37.09,都市：住,10000,257,持分移轉,00330000
RPOQMLSKJHMFFIF98CB,中園段,37.09,都市：住,10000,257,持分移轉,00330000
RPPQMLSKJHMFFIF09CB,中園段,37.09,都市：住,10000,257,持分移轉,00330000
RPXQMLSKJHMFFIF27CB,中園段,37.09,都市：住,10000,257,持分移轉,00330000
RPTQMLSKJHMFFIF86CB,中園段,37.09,都市：住,10000,257,持分移轉,00330000
RPUQMLSKJHMFFIF96CB,中園段,37.23,都市：住,10000,258,持分移轉,00330000
RPWQMLSKJHMFFIF17CB,中園段,37.09,都市：住,10000,257,持分移轉,00330000
RPSRMLSKJHMFFIF86CB,中園段,33.77,都市：住,10000,234,持分移轉,00330000
RPPRMLSKJHMFFIF56CB,中園段,37.09,都市：住,10000,257,持分移轉,00330000
RPORMLSKJHMFFIF09CB,中園段,37.09,都市：住,10000,257,持分移轉,00330000
RPVOMLNLJHMFFBF38CB,丹鳳段,18.53,都市：住,100000,303,持分移轉,04460000
RPWOMLNLJHMFFBF48CB,丹鳳段,18.53,都市：住,100000,303,持分移轉,04460000
RPXOMLNLJHMFFBF58CB,丹鳳段,18.71,都市：住,100000,306,持分移轉,04460000
RPVPMLNLJHMFFBF48CB,丹鳳段,11.68,都市：住,100000,191,持分移轉,04460000
RPSQMLNLJHMFFBF28CB,丹鳳段,11.68,都市：住,100000,191,持分移轉,04460000
RPTQMLNLJHMFFBF38CB,丹鳳段,11.68,都市：住,100000,191,持分移轉,04460000
RPVUMLTLKILFFEF37CB,淡海段,20.71,都市：住,100000,723,持分移轉,00240000
RPRUMLTLKILFFEF96CB,淡海段,16.24,都市：住,100000,567,持分移轉,00240000
RPOUMLTLKILFFEF66CB,淡海段,14.72,都市：住,100000,514,持分移轉,00240000
RPUUMLTLKILFFEF27CB,淡海段,16.24,都市：住,100000,567,持分移轉,00240000
RPTTMLTLKILFFEF07CB,淡海段,20.76,都市：住,100000,725,持分移轉,00240000
RPXUMLTLKILFFEF57CB,淡海段,20.71,都市：住,100000,723,持分移轉,00240000
RPVPMLTKJHMFFEF66CB,淡海段,16.24,都市：住,100000,567,持分移轉,00240000
RPTTMLNLJHMFFBF68CB,丹鳳段,11.68,都市：住,100000,191,持分移轉,04460000
RPOTMLNLJHMFFBF18CB,丹鳳段,11.68,都市：住,100000,191,持分移轉,04460000
RPSSMLNLJHMFFBF48CB,丹鳳段,11.68,都市：住,100000,191,持分移轉,04460000
RPXQMLNLJHMFFBF78CB,丹鳳段,11.68,都市：住,100000,191,持分移轉,04460000
RPQTMLNLJHMFFBF38CB,丹鳳段,11.68,都市：住,100000,191,持分移轉,04460000
RPUSMLNLJHMFFBF68CB,丹鳳段,11.68,都市：住,100000,191,持分移轉,04460000
RPRSMLNLJHMFFBF38CB,丹鳳段,11.68,都市：住,100000,191,持分移轉,04460000
RPVTMLNLJHMFFBF88CB,丹鳳段,11.68,都市：住,100000,191,持分移轉,04460000
RPWQMLNLJHMFFBF68CB,丹鳳段,11.68,都市：住,100000,191,持分移轉,04460000
RPUNMLOLJHMFFBF28CB,丹鳳段,16.15,都市：住,100000,264,持分移轉,04460000
RPTOMLOLJHMFFBF28CB,丹鳳段,16.15,都市：住,100000,264,持分移轉,04460000
RPUPMLOLJHMFFBF48CB,丹鳳段,11.19,都市：住,100000,183,持分移轉,04460000
RPSPMLOLJHMFFBF28CB,丹鳳段,11.19,都市：住,100000,183,持分移轉,04460000
RPQOMLOLJHMFFBF97CB,丹鳳段,16.15,都市：住,100000,264,持分移轉,04460000
RPWNMLOLJHMFFBF48CB,丹鳳段,16.15,都市：住,100000,264,持分移轉,04460000
RPPPMLOLJHMFFBF97CB,丹鳳段,1119.17,都市：住,100000,183,持分移轉,04460000
RPPOMLOLJHMFFBF87CB,丹鳳段,16.15,都市：住,100000,264,持分移轉,04460000
RPXOMLOLJHMFFBF68CB,丹鳳段,16.15,都市：住,100000,264,持分移轉,04460000
RPVPMLOLJHMFFBF58CB,丹鳳段,11.19,都市：住,100000,183,持分移轉,04460000
RPVRMLOLJHMFFBF78CB,丹鳳段,11.19,都市：住,100000,183,持分移轉,04460000
RPTRMLOLJHMFFBF58CB,丹鳳段,11.19,都市：住,100000,183,持分移轉,04460000
RPPRMLOLJHMFFBF18CB,丹鳳段,11.13,都市：住,100000,182,持分移轉,04460000
RPRRMLOLJHMFFBF38CB,丹鳳段,11.19,都市：住,100000,183,持分移轉,04460000
RPWQMLOLJHMFFBF78CB,丹鳳段,11.19,都市：住,100000,183,持分移轉,04460000
RPSRMLOLJHMFFBF48CB,丹鳳段,11.19,都市：住,100000,183,持分移轉,04460000
RPXQMLOLJHMFFBF88CB,丹鳳段,11.19,都市：住,100000,183,持分移轉,04460000
RPORMLOLJHMFFBF08CB,丹鳳段,11.19,都市：住,100000,183,持分移轉,04460000
RPVQMLOLJHMFFBF68CB,丹鳳段,11.19,都市：住,100000,183,持分移轉,04460000
RPWRMLOLJHMFFBF88CB,丹鳳段,11.19,都市：住,100000,183,持分移轉,04460000
RPQSMLOLJHMFFBF38CB,丹鳳段,11.19,都市：住,100000,183,持分移轉,04460000
RPTSMLOLJHMFFBF68CB,丹鳳段,16.02,都市：住,100000,262,持分移轉,04460000
RPXSMLOLJHMFFBF09CB,丹鳳段,16.02,都市：住,100000,262,持分移轉,04460000
RPOSMLOLJHMFFBF18CB,丹鳳段,11.19,都市：住,100000,183,持分移轉,04460000
RPVVMLOLJHMFFBF56CB,丹鳳段,16.02,都市：住,100000,262,持分移轉,04460000
RPXRMLOLJHMFFBF98CB,丹鳳段,11.19,都市：住,100000,183,持分移轉,04460000
RPQWMLOLJHMFFBF78CB,丹鳳段,16.02,都市：住,100000,262,持分移轉,04460000
RPXVMLOLJHMFFBF76CB,丹鳳段,16.02,都市：住,100000,262,持分移轉,04460000
RPPTMLOLJHMFFBF38CB,丹鳳段,16.02,都市：住,100000,262,持分移轉,04460000
RPUWMLOLJHMFFBF56CB,丹鳳段,16.02,都市：住,100000,262,持分移轉,04460000
RPSWMLOLJHMFFBF98CB,丹鳳段,16.02,都市：住,100000,262,持分移轉,04460000
RPPNNLOLJHMFFBF87CB,丹鳳段,11.68,都市：住,100000,191,持分移轉,04460000
RPXWMLOLJHMFFBF86CB,丹鳳段,11.68,都市：住,100000,191,持分移轉,04460000
RPRNNLOLJHMFFBF08CB,丹鳳段,11.68,都市：住,100000,191,持分移轉,04460000
RPUNNLOLJHMFFBF38CB,丹鳳段,11.68,都市：住,100000,191,持分移轉,04460000
RPONNLOLJHMFFBF77CB,丹鳳段,11.68,都市：住,100000,191,持分移轉,04460000
RPTNNLOLJHMFFBF28CB,丹鳳段,11.68,都市：住,100000,191,持分移轉,04460000
RPXNNLOLJHMFFBF68CB,丹鳳段,11.68,都市：住,100000,191,持分移轉,04460000
RPVNNLOLJHMFFBF48CB,丹鳳段,11.68,都市：住,100000,191,持分移轉,04460000
RPWNNLOLJHMFFBF58CB,丹鳳段,11.68,都市：住,100000,191,持分移轉,04460000
RPQONLOLJHMFFBF08CB,丹鳳段,18.71,都市：住,100000,306,持分移轉,04460000
RPPNMLTKJHMFFDF38CB,大同段,8.97,都市：住,1000000,1103,持分移轉,03280000
RPVONLOLJHMFFBF58CB,丹鳳段,18.53,都市：住,100000,303,持分移轉,04460000
RPPPNLOLJHMFFBF08CB,丹鳳段,18.71,都市：住,100000,306,持分移轉,04460000
RPTONLOLJHMFFBF38CB,丹鳳段,18.53,都市：住,100000,303,持分移轉,04460000
RPRONLOLJHMFFBF18CB,丹鳳段,18.71,都市：住,100000,306,持分移轉,04460000
RPWONLOLJHMFFBF68CB,丹鳳段,18.53,都市：住,100000,303,持分移轉,04460000
RPUONLOLJHMFFBF48CB,丹鳳段,18.53,都市：住,100000,303,持分移轉,04460000
RPQOOLOLJHMFFBF18CB,丹鳳段,26.11,都市：住,100000,427,持分移轉,04460000
RPRQOLOLJHMFFBF48CB,丹鳳段,26.11,都市：住,100000,427,持分移轉,04460000
RPTSOLOLJHMFFBF88CB,丹鳳段,26.11,都市：住,100000,427,持分移轉,04460000
RPRSOLOLJHMFFBF68CB,丹鳳段,26.11,都市：住,100000,427,持分移轉,04460000
RPQSOLOLJHMFFBF58CB,丹鳳段,26.11,都市：住,100000,427,持分移轉,04460000
RPOROLOLJHMFFBF28CB,丹鳳段,26.11,都市：住,100000,427,持分移轉,04460000
RPOPOLOLJHMFFBF08CB,丹鳳段,26.11,都市：住,100000,427,持分移轉,04460000
RPQQOLOLJHMFFBF38CB,丹鳳段,26.11,都市：住,100000,427,持分移轉,04460000
RPSSOLOLJHMFFBF78CB,丹鳳段,26.11,都市：住,100000,427,持分移轉,04460000
RPSNOLOLJHMFFBF28CB,丹鳳段,26.11,都市：住,100000,427,持分移轉,04460000
RPXSOLOLJHMFFBF66CB,丹鳳段,24.52,都市：住,100000,401,持分移轉,04460000
RPOTOLOLJHMFFBF48CB,丹鳳段,24.52,都市：住,100000,401,持分移轉,04460000
RPPTOLOLJHMFFBF58CB,丹鳳段,24.52,都市：住,100000,401,持分移轉,04460000
RPQTOLOLJHMFFBF68CB,丹鳳段,24.52,都市：住,100000,401,持分移轉,04460000
RPSUOLOLJHMFFBF98CB,丹鳳段,26.11,都市：住,100000,427,持分移轉,04460000
RPTUOLOLJHMFFBF09CB,丹鳳段,26.11,都市：住,100000,427,持分移轉,04460000
RPWUOLOLJHMFFBF76CB,丹鳳段,26.11,都市：住,100000,427,持分移轉,04460000
RPXUOLOLJHMFFBF86CB,丹鳳段,26.11,都市：住,100000,427,持分移轉,04460000
RPRTOLOLJHMFFBF78CB,丹鳳段,24.52,都市：住,100000,401,持分移轉,04460000
RPRUOLOLJHMFFBF88CB,丹鳳段,26.11,都市：住,100000,427,持分移轉,04460000
RPQVOLOLJHMFFBF88CB,丹鳳段,24.52,都市：住,100000,401,持分移轉,04460000
RPOVOLOLJHMFFBF68CB,丹鳳段,26.11,都市：住,100000,427,持分移轉,04460000
RPUUOLOLJHMFFBF56CB,丹鳳段,26.11,都市：住,100000,427,持分移轉,04460000
RPTVOLOLJHMFFBF56CB,丹鳳段,24.52,都市：住,100000,401,持分移轉,04460000
RPSVOLOLJHMFFBF09CB,丹鳳段,24.52,都市：住,100000,401,持分移轉,04460000
RPUVOLOLJHMFFBF66CB,丹鳳段,24.52,都市：住,100000,401,持分移轉,04460000
RPPWOLOLJHMFFBF88CB,丹鳳段,16.15,都市：住,100000,264,持分移轉,04460000
RPPVOLOLJHMFFBF78CB,丹鳳段,26.11,都市：住,100000,427,持分移轉,04460000
RPWVOLOLJHMFFBF86CB,丹鳳段,24.52,都市：住,100000,401,持分移轉,04460000
RPRVOLOLJHMFFBF98CB,丹鳳段,24.52,都市：住,100000,401,持分移轉,04460000
RPVVOLOLJHMFFBF76CB,丹鳳段,24.52,都市：住,100000,401,持分移轉,04460000
RPQWOLOLJHMFFBF98CB,丹鳳段,16.15,都市：住,100000,264,持分移轉,04460000
RPXVOLOLJHMFFBF96CB,丹鳳段,24.52,都市：住,100000,401,持分移轉,04460000
RPSWOLOLJHMFFBF56CB,丹鳳段,16.15,都市：住,100000,264,持分移轉,04460000
RPVWOLOLJHMFFBF86CB,丹鳳段,18.53,都市：住,100000,303,持分移轉,04460000
RPWNMLPLJHMFFBF58CB,丹鳳段,11.68,都市：住,100000,191,持分移轉,04460000
RPOWOLOLJHMFFBF78CB,丹鳳段,24.52,都市：住,100000,401,持分移轉,04460000
RPTNMLPLJHMFFBF28CB,丹鳳段,18.53,都市：住,100000,303,持分移轉,04460000
RPTWOLOLJHMFFBF66CB,丹鳳段,16.15,都市：住,100000,264,持分移轉,04460000
RPVNMLPLJHMFFBF48CB,丹鳳段,18.53,都市：住,100000,303,持分移轉,04460000
RPRWOLOLJHMFFBF09CB,丹鳳段,16.15,都市：住,100000,264,持分移轉,04460000
RPOOMLPLJHMFFBF87CB,丹鳳段,11.68,都市：住,100000,191,持分移轉,04460000
RPUNMLPLJHMFFBF38CB,丹鳳段,18.53,都市：住,100000,303,持分移轉,04460000
RPQOMLPLJHMFFBF08CB,丹鳳段,11.68,都市：住,100000,191,持分移轉,04460000
RPPPMLPLJHMFFBF08CB,丹鳳段,11.62,都市：住,100000,190,持分移轉,04460000
RPTOMLPLJHMFFBF38CB,丹鳳段,11.68,都市：住,100000,191,持分移轉,04460000
RPWPMLPLJHMFFBF78CB,丹鳳段,11.68,都市：住,100000,191,持分移轉,04460000
RPOPMLPLJHMFFBF97CB,丹鳳段,11.68,都市：住,100000,191,持分移轉,04460000
RPWOMLPLJHMFFBF68CB,丹鳳段,11.62,都市：住,100000,190,持分移轉,04460000
RPSOMLPLJHMFFBF28CB,丹鳳段,11.68,都市：住,100000,191,持分移轉,04460000
RPUOMLPLJHMFFBF48CB,丹鳳段,11.68,都市：住,100000,191,持分移轉,04460000
RPVOMLPLJHMFFBF58CB,丹鳳段,11.68,都市：住,100000,191,持分移轉,04460000
RPXOMLPLJHMFFBF78CB,丹鳳段,11.68,都市：住,100000,191,持分移轉,04460000
RPXRMLPLJHMFFBF09CB,丹鳳段,11.19,都市：住,100000,183,持分移轉,04460000
RPRRMLPLJHMFFBF48CB,丹鳳段,11.19,都市：住,100000,183,持分移轉,04460000
RPTRMLPLJHMFFBF68CB,丹鳳段,11.19,都市：住,100000,183,持分移轉,04460000
RPPSMLPLJHMFFBF38CB,丹鳳段,11.19,都市：住,100000,183,持分移轉,04460000
RPOSMLPLJHMFFBF28CB,丹鳳段,11.19,都市：住,100000,183,持分移轉,04460000
RPQSMLPLJHMFFBF48CB,丹鳳段,11.19,都市：住,100000,183,持分移轉,04460000
RPWRMLPLJHMFFBF98CB,丹鳳段,11.19,都市：住,100000,183,持分移轉,04460000
RPPTMLPLJHMFFBF48CB,丹鳳段,11.19,都市：住,100000,183,持分移轉,04460000
RPVRMLPLJHMFFBF88CB,丹鳳段,11.19,都市：住,100000,183,持分移轉,04460000
RPWSMLPLJHMFFBF09CB,丹鳳段,11.19,都市：住,100000,183,持分移轉,04460000
RPUTMLPLJHMFFBF98CB,丹鳳段,16.02,都市：住,100000,262,持分移轉,04460000
RPQTMLPLJHMFFBF58CB,丹鳳段,16.02,都市：住,100000,262,持分移轉,04460000
RPSTMLPLJHMFFBF78CB,丹鳳段,16.02,都市：住,100000,262,持分移轉,04460000
RPTTMLPLJHMFFBF88CB,丹鳳段,16.02,都市：住,100000,262,持分移轉,04460000
RPOUMLPLJHMFFBF48CB,丹鳳段,16.02,都市：住,100000,262,持分移轉,04460000
RPPUMLPLJHMFFBF58CB,丹鳳段,16.02,都市：住,100000,262,持分移轉,04460000
RPQUMLPLJHMFFBF68CB,丹鳳段,16.02,都市：住,100000,262,持分移轉,04460000
RPXTMLPLJHMFFBF66CB,丹鳳段,16.02,都市：住,100000,262,持分移轉,04460000
RPSUMLPLJHMFFBF88CB,丹鳳段,16.02,都市：住,100000,262,持分移轉,04460000
RPRUMLPLJHMFFBF78CB,丹鳳段,16.02,都市：住,100000,262,持分移轉,04460000
RPTUMLPLJHMFFBF98CB,丹鳳段,16.02,都市：住,100000,262,持分移轉,04460000
RPVUMLPLJHMFFBF56CB,丹鳳段,16.02,都市：住,100000,262,持分移轉,04460000
RPWPMLPLJHMFFAF68CB,大觀段,.14,都市：住,100000,567,持分移轉,08360000
RPPQMLPLJHMFFAF08CB,大觀段,.19,都市：住,100000,678,持分移轉,08360000
RPQQMLPLJHMFFAF18CB,大觀段,.19,都市：住,100000,678,持分移轉,08360000
RPSQMLPLJHMFFAF38CB,大觀段,.14,都市：住,100000,569,持分移轉,08360000
RPVQMLPLJHMFFAF68CB,大觀段,.19,都市：住,100000,678,持分移轉,08360000
RPRQMLPLJHMFFAF28CB,大觀段,.14,都市：住,100000,569,持分移轉,08360000
RPTQMLPLJHMFFAF48CB,大觀段,.14,都市：住,100000,569,持分移轉,08360000
RPOQMLPLJHMFFAF97CB,大觀段,.14,都市：住,100000,570,持分移轉,08360000
RPUQMLPLJHMFFAF58CB,大觀段,.19,都市：住,100000,678,持分移轉,08360000
RPXPMLPLJHMFFAF78CB,大觀段,.14,都市：住,100000,569,持分移轉,08360000
RPWQMLPLJHMFFAF78CB,大觀段,.14,都市：住,100000,569,持分移轉,08360000
RPPRMLPLJHMFFAF18CB,大觀段,.14,都市：住,100000,569,持分移轉,08360000
RPXQMLPLJHMFFAF88CB,大觀段,.14,都市：住,100000,569,持分移轉,08360000
RPQRMLPLJHMFFAF28CB,大觀段,.14,都市：住,100000,569,持分移轉,08360000
RPRRMLPLJHMFFAF38CB,大觀段,.19,都市：住,100000,678,持分移轉,08360000
RPSRMLPLJHMFFAF48CB,大觀段,.19,都市：住,100000,678,持分移轉,08360000
RPORMLPLJHMFFAF08CB,大觀段,.14,都市：住,100000,569,持分移轉,08360000
RPURMLPLJHMFFAF68CB,大觀段,.14,都市：住,100000,567,持分移轉,08360000
RPVRMLPLJHMFFAF78CB,大觀段,.19,都市：住,100000,678,持分移轉,08360000
RPTRMLPLJHMFFAF58CB,大觀段,.19,都市：住,100000,678,持分移轉,08360000
RPWRMLPLJHMFFAF88CB,大觀段,.19,都市：住,100000,678,持分移轉,08360000
RPXRMLPLJHMFFAF98CB,大觀段,.19,都市：住,100000,678,持分移轉,08360000
RPOSMLPLJHMFFAF18CB,大觀段,.19,都市：住,100000,678,持分移轉,08360000
RPVSMLPLJHMFFAF88CB,大觀段,.13,都市：住,100000,546,持分移轉,08360000
RPOTMLPLJHMFFAF28CB,大觀段,.12,都市：住,100000,543,持分移轉,08360000
RPRSMLPLJHMFFAF48CB,大觀段,.19,都市：住,100000,678,持分移轉,08360000
RPXSMLPLJHMFFAF09CB,大觀段,.12,都市：住,100000,543,持分移轉,08360000
RPSSMLPLJHMFFAF58CB,大觀段,.13,都市：住,100000,545,持分移轉,08360000
RPQSMLPLJHMFFAF38CB,大觀段,.19,都市：住,100000,678,持分移轉,08360000
RPUSMLPLJHMFFAF78CB,大觀段,.13,都市：住,100000,546,持分移轉,08360000
RPWSMLPLJHMFFAF98CB,大觀段,.12,都市：住,100000,543,持分移轉,08360000
RPTSMLPLJHMFFAF68CB,大觀段,.13,都市：住,100000,546,持分移轉,08360000
RPPTMLPLJHMFFAF38CB,大觀段,.12,都市：住,100000,543,持分移轉,08360000
RPPSMLPLJHMFFAF28CB,大觀段,.19,都市：住,100000,678,持分移轉,08360000
RPQTMLPLJHMFFAF48CB,大觀段,.12,都市：住,100000,543,持分移轉,08360000
RPTTMLPLJHMFFAF78CB,大觀段,.12,都市：住,100000,543,持分移轉,08360000
RPUTMLPLJHMFFAF88CB,大觀段,.12,都市：住,100000,543,持分移轉,08360000
RPRTMLPLJHMFFAF58CB,大觀段,.12,都市：住,100000,543,持分移轉,08360000
RPSTMLPLJHMFFAF68CB,大觀段,.12,都市：住,100000,543,持分移轉,08360000
RPPUMLPLJHMFFAF48CB,大觀段,.13,都市：住,100000,546,持分移轉,08360000
RPXTMLPLJHMFFAF56CB,大觀段,.12,都市：住,100000,543,持分移轉,08360000
RPVUMLPLJHMFFAF09CB,大觀段,.12,都市：住,100000,543,持分移轉,08360000
RPSUMLPLJHMFFAF78CB,大觀段,.13,都市：住,100000,546,持分移轉,08360000
RPUUMLPLJHMFFAF98CB,大觀段,.12,都市：住,100000,543,持分移轉,08360000
RPOUMLPLJHMFFAF38CB,大觀段,.12,都市：住,100000,543,持分移轉,08360000
RPTUMLPLJHMFFAF88CB,大觀段,.12,都市：住,100000,543,持分移轉,08360000
RPRUMLPLJHMFFAF68CB,大觀段,.13,都市：住,100000,546,持分移轉,08360000
RPQUMLPLJHMFFAF58CB,大觀段,.13,都市：住,100000,546,持分移轉,08360000
RPWTMLPLJHMFFAF09CB,大觀段,.12,都市：住,100000,543,持分移轉,08360000
RPWUMLPLJHMFFAF56CB,大觀段,.12,都市：住,100000,543,持分移轉,08360000
RPSVMLPLJHMFFAF88CB,大觀段,.12,都市：住,100000,543,持分移轉,08360000
RPXUMLPLJHMFFAF66CB,大觀段,.12,都市：住,100000,543,持分移轉,08360000
RPPVMLPLJHMFFAF58CB,大觀段,.12,都市：住,100000,543,持分移轉,08360000
RPUVMLPLJHMFFAF09CB,大觀段,.12,都市：住,100000,543,持分移轉,08360000
RPTVMLPLJHMFFAF98CB,大觀段,.12,都市：住,100000,543,持分移轉,08360000
RPSWMLPLJHMFFAF98CB,大觀段,.14,都市：住,100000,570,持分移轉,08360000
RPXVMLPLJHMFFAF76CB,大觀段,.12,都市：住,100000,543,持分移轉,08360000
RPQVMLPLJHMFFAF68CB,大觀段,.12,都市：住,100000,543,持分移轉,08360000
RPOWMLPLJHMFFAF58CB,大觀段,.12,都市：住,100000,543,持分移轉,08360000
RPTWMLPLJHMFFAF09CB,大觀段,.14,都市：住,100000,569,持分移轉,08360000
RPUWMLPLJHMFFAF56CB,大觀段,.14,都市：住,100000,569,持分移轉,08360000
RPVWMLPLJHMFFAF66CB,大觀段,.14,都市：住,100000,569,持分移轉,08360000
RPWWMLPLJHMFFAF76CB,大觀段,.14,都市：住,100000,569,持分移轉,08360000
RPPNNLPLJHMFFAF87CB,大觀段,.19,都市：住,100000,678,持分移轉,08360000
RPONNLPLJHMFFAF77CB,大觀段,.19,都市：住,100000,678,持分移轉,08360000
RPQNNLPLJHMFFAF97CB,大觀段,.14,都市：住,100000,567,持分移轉,08360000
RPRNNLPLJHMFFAF08CB,大觀段,.19,都市：住,100000,678,持分移轉,08360000
RPSNNLPLJHMFFAF18CB,大觀段,.19,都市：住,100000,678,持分移轉,08360000
RPTNNLPLJHMFFAF28CB,大觀段,.19,都市：住,100000,678,持分移轉,08360000
RPXWMLPLJHMFFAF86CB,大觀段,.19,都市：住,100000,678,持分移轉,08360000
RPQONLPLJHMFFAF08CB,大觀段,.14,都市：住,100000,569,持分移轉,08360000
RPWNNLPLJHMFFAF58CB,大觀段,.19,都市：住,100000,678,持分移轉,08360000
RPSONLPLJHMFFAF28CB,大觀段,.14,都市：住,100000,569,持分移轉,08360000
RPRONLPLJHMFFAF18CB,大觀段,.14,都市：住,100000,569,持分移轉,08360000
RPPONLPLJHMFFAF97CB,大觀段,.19,都市：住,100000,678,持分移轉,08360000
RPUNNLPLJHMFFAF38CB,大觀段,.19,都市：住,100000,678,持分移轉,08360000
RPUONLPLJHMFFAF48CB,大觀段,.14,都市：住,100000,569,持分移轉,08360000
RPVONLPLJHMFFAF58CB,大觀段,.19,都市：住,100000,678,持分移轉,08360000
RPWONLPLJHMFFAF68CB,大觀段,.19,都市：住,100000,678,持分移轉,08360000
RPOPNLPLJHMFFAF97CB,大觀段,.19,都市：住,100000,678,持分移轉,08360000
RPOONLPLJHMFFAF87CB,大觀段,.19,都市：住,100000,678,持分移轉,08360000
RPQPNLPLJHMFFAF18CB,大觀段,.19,都市：住,100000,678,持分移轉,08360000
RPRPNLPLJHMFFAF28CB,大觀段,.19,都市：住,100000,678,持分移轉,08360000
RPSPNLPLJHMFFAF38CB,大觀段,.19,都市：住,100000,678,持分移轉,08360000
RPUPNLPLJHMFFAF58CB,大觀段,.19,都市：住,100000,678,持分移轉,08360000
RPVPNLPLJHMFFAF68CB,大觀段,.19,都市：住,100000,678,持分移轉,08360000
RPWPNLPLJHMFFAF78CB,大觀段,.19,都市：住,100000,678,持分移轉,08360000
RPTONLPLJHMFFAF38CB,大觀段,.14,都市：住,100000,569,持分移轉,08360000
RPXPNLPLJHMFFAF88CB,大觀段,.19,都市：住,100000,678,持分移轉,08360000
RPQQNLPLJHMFFAF28CB,大觀段,.13,都市：住,100000,546,持分移轉,08360000
RPPQNLPLJHMFFAF18CB,大觀段,.13,都市：住,100000,546,持分移轉,08360000
RPXNNLPLJHMFFAF68CB,大觀段,.19,都市：住,100000,678,持分移轉,08360000
RPVNNLPLJHMFFAF48CB,大觀段,.19,都市：住,100000,678,持分移轉,08360000
RPTQNLPLJHMFFAF58CB,大觀段,.12,都市：住,100000,543,持分移轉,08360000
RPUQNLPLJHMFFAF68CB,大觀段,.12,都市：住,100000,543,持分移轉,08360000
RPPPNLPLJHMFFAF08CB,大觀段,.19,都市：住,100000,678,持分移轉,08360000
RPVQNLPLJHMFFAF78CB,大觀段,.12,都市：住,100000,543,持分移轉,08360000
RPXQNLPLJHMFFAF98CB,大觀段,.12,都市：住,100000,543,持分移轉,08360000
RPORNLPLJHMFFAF18CB,大觀段,.12,都市：住,100000,543,持分移轉,08360000
RPXONLPLJHMFFAF78CB,大觀段,.14,都市：住,100000,567,持分移轉,08360000
RPRRNLPLJHMFFAF48CB,大觀段,.12,都市：住,100000,543,持分移轉,08360000
RPPRNLPLJHMFFAF28CB,大觀段,.12,都市：住,100000,543,持分移轉,08360000
RPQRNLPLJHMFFAF38CB,大觀段,.12,都市：住,100000,543,持分移轉,08360000
RPSRNLPLJHMFFAF58CB,大觀段,.12,都市：住,100000,543,持分移轉,08360000
RPTRNLPLJHMFFAF68CB,大觀段,.12,都市：住,100000,543,持分移轉,08360000
RPTPNLPLJHMFFAF48CB,大觀段,.19,都市：住,100000,678,持分移轉,08360000
RPURNLPLJHMFFAF78CB,大觀段,.12,都市：住,100000,543,持分移轉,08360000
RPVRNLPLJHMFFAF88CB,大觀段,.12,都市：住,100000,543,持分移轉,08360000
RPWRNLPLJHMFFAF98CB,大觀段,.12,都市：住,100000,543,持分移轉,08360000
RPXRNLPLJHMFFAF09CB,大觀段,.12,都市：住,100000,543,持分移轉,08360000
RPPSNLPLJHMFFAF38CB,大觀段,.13,都市：住,100000,546,持分移轉,08360000
RPOQNLPLJHMFFAF08CB,大觀段,.13,都市：住,100000,545,持分移轉,08360000
RPRSNLPLJHMFFAF58CB,大觀段,.13,都市：住,100000,546,持分移轉,08360000
RPSSNLPLJHMFFAF68CB,大觀段,.12,都市：住,100000,543,持分移轉,08360000
RPTSNLPLJHMFFAF78CB,大觀段,.12,都市：住,100000,543,持分移轉,08360000
RPUSNLPLJHMFFAF88CB,大觀段,.12,都市：住,100000,543,持分移轉,08360000
RPRQNLPLJHMFFAF38CB,大觀段,.13,都市：住,100000,546,持分移轉,08360000
RPVSNLPLJHMFFAF98CB,大觀段,.12,都市：住,100000,543,持分移轉,08360000
RPSQNLPLJHMFFAF48CB,大觀段,.13,都市：住,100000,546,持分移轉,08360000
RPWQNLPLJHMFFAF88CB,大觀段,.12,都市：住,100000,543,持分移轉,08360000
RPOTNLPLJHMFFAF38CB,大觀段,.12,都市：住,100000,543,持分移轉,08360000
RPWSNLPLJHMFFAF09CB,大觀段,.12,都市：住,100000,543,持分移轉,08360000
RPQTNLPLJHMFFAF58CB,大觀段,.12,都市：住,100000,543,持分移轉,08360000
RPXSNLPLJHMFFAF56CB,大觀段,.12,都市：住,100000,543,持分移轉,08360000
RPRTNLPLJHMFFAF68CB,大觀段,.12,都市：住,100000,543,持分移轉,08360000
RPPUNLPLJHMFFAF58CB,大觀段,.13,都市：住,100000,546,持分移轉,08360000
RPRUNLPLJHMFFAF78CB,大觀段,.19,都市：住,100000,678,持分移轉,08360000
RPQUNLPLJHMFFAF68CB,大觀段,.19,都市：住,100000,678,持分移轉,08360000
RPSUNLPLJHMFFAF88CB,大觀段,.19,都市：住,100000,678,持分移轉,08360000
RPOSNLPLJHMFFAF28CB,大觀段,.13,都市：住,100000,546,持分移轉,08360000
RPQSNLPLJHMFFAF48CB,大觀段,.13,都市：住,100000,546,持分移轉,08360000
RPPTNLPLJHMFFAF48CB,大觀段,.12,都市：住,100000,543,持分移轉,08360000
RPTTNLPLJHMFFAF88CB,大觀段,.12,都市：住,100000,543,持分移轉,08360000
RPSTNLPLJHMFFAF78CB,大觀段,.12,都市：住,100000,543,持分移轉,08360000
