﻿編號,土地位置,土地移轉面積(平方公尺),使用分區或編定,權利人持分分母,權利人持分分子,移轉情形,地號
The serial number, land position,land shifting area square meter,the use zoning or compiles and checks,,,,land parcel
RPPRMLLJJILFFBH08DC,後寮段,16.30,都市：住,,,,05900002
RPRQMLLJJILFFCH28DC,埔頂段,32.58,都市：住,,,,12240000
RPSRMLLJJILFFBH28CC,青平段,107.86,都市：其他:,,,,01670045
RPRQMLLJJILFFCH28DC,埔頂段,.21,都市：住,,,,12250000
RPQRMLLJJILFFBH08CC,青溪段,51.24,都市：其他:,,,,06010000
RPVPMLLJJILFFGH98DC,北興段,39.66,都市：住,,,,01080000
RPVPMLLJJILFFGH98DC,北興段,25.21,都市：住,,,,01090000
RPUOMLLJJILFFFH78EC,永福段,105.98,都市：住,,,,08320000
RPTNMLMJJILFFGH68DC,中央段,72.72,都市：其他:,,,,09400000
RPPRMLMJJILFFBH08CC,自立段,69.83,都市：住,,,,16400000
RPOOMLNJJILFFEH08CC,水尾段,154.96,都市：工,,,,03630000
RPOOMLNJJILFFEH08CC,水尾段,3.08,都市：工,,,,03630001
RPWOMLNJJILFFCH68CC,潛龍段,56.24,非都市：鄉村區 ; 非都市編定：乙種建築用地,,,,05990000
RPTQMLMJJILFFBH38CC,興南段興南小段,.00,都市：商,,,,02660000
RPTOMLNJJILFFAH18CC,國聖段,11.82,都市：住,,,,07500000
RPUOMLNJJILFFCH48CC,建國段,78.83,非都市：鄉村區 ; 非都市編定：乙種建築用地,,,,02220000
RPOOMLOJJILFFCH97CC,佳安段,66.19,非都市：一般農業區 ; 非都市編定：甲種建築用地,,,,02590000
RPUNMLNJJILFFGH78CC,新富段,12.84,都市：住,,,,04560000
RPPOMLOJJILFFEH28CC,河底段,19.19,都市：住,,,,00270000
RPTPMLOJJILFFAH38CC,中埔段,13.58,都市：住,,,,07320000
RPQRMLOJJILFFBH38CC,內壢段,656.00,都市：工,,,,11170002
RPQRMLOJJILFFBH38CC,內壢段,683.00,都市：工,,,,11170003
RPQRMLOJJILFFBH38CC,內壢段,683.00,都市：工,,,,11170004
RPQRMLOJJILFFBH38CC,內壢段,680.00,都市：工,,,,11170005
RPQRMLOJJILFFBH38CC,內壢段,553.00,都市：工,,,,11170023
RPVRMLOJJILFFBH88CC,中壢埔頂段,.00,都市：住,,,,13430000
RPPNMLRJJILFFAH08CC,和平段,13.22,都市：住,,,,00210004
RPQPMLRJJILFFAH38CC,大樹林段,.00,都市：住,,,,03020088
RPSRMLOJJILFFBH58CC,新街段,.00,都市：住,,,,08620000
RPWPMLRJJILFFAH98CC,慈文段,11.53,都市：住,,,,10130001
RPROMLRJJILFFFH98DC,福興段,29.84,都市：商,,,,09750000
RPXNMLRJJILFFBH09DC,中北段,20.00,都市：住,,,,02390000
RPXNMLRJJILFFBH09DC,中北段,159.00,都市：住,,,,02410004
RPXNMLRJJILFFBH09DC,中北段,195.00,都市：住,,,,02410005
RPXNMLRJJILFFBH09DC,中北段,211.00,都市：住,,,,02410006
RPUNMLMJJILFFDH48DC,草湳坡段草湳坡小段,26.75,都市：住,,,,00920013
RPTNMLMJJILFFDH38DC,草湳坡段草湳坡小段,26.75,都市：住,,,,00920013
RPWNMLRJJILFFFH86EC,明智段,13595.79,都市：住,,,,00040000
RPSNMLRJJILFFDH88EC,二重溪段,1472.00,都市：工,,,,01640032
RPVNMLSJJILFFFH76DC,豐田段,48.04,都市：住,,,,14700000
RPPQMLNJJILFFDH28CC,大金山下段大金山下小段,.00,都市：住,,,,00100004
RPWNMLLJJILFFEH68DC,青山段,22.96,都市：住,,,,03040000
RPQPMLRJJILFFGH09DC,環南段,11.32,都市：住,,,,10490000
RPUNMLNJJILFFFH68CC,白鷺段,601.69,都市：工,,,,05250000
RPXNMLSJJILFFFH86CC,福興段,.00,都市：商,,,,09610000
RPWNMLTJJILFFAH98CC,大有段,.00,都市：住,,,,05720000
RPQOMLRJJILFFDH58CC,梅園段,.00,非都市：山坡地保育區 ; 非都市編定：丙種建築用地,,,,06690000
RPUNMLOJJILFFHH98CC,善捷段,.00,都市：住,,,,00030000
RPVNMLTJJILFFEH76DC,河底段,186.13,都市：住,,,,05290000
RPVNMLTJJILFFEH76DC,河底段,186.13,都市：住,,,,05290000
RPQNMLKKJILFFFH18DC,廣福段,114.54,都市：商,,,,00880000
RPOPMLKKJILFFGH18CC,北興段,10.53,都市：其他:,,,,03760000
RPOPMLKKJILFFGH18CC,北興段,17.75,都市：其他:,,,,03770000
RPOPMLKKJILFFGH18CC,北興段,.69,都市：其他:,,,,03780000
RPOPMLKKJILFFGH18CC,北興段,2.39,都市：其他:,,,,03790000
RPWNMLKKJILFFAH28DC,富國段,.04,都市：其他:,,,,03050001
RPWNMLKKJILFFAH28DC,富國段,10.21,都市：其他:,,,,03080000
RPXNMLKKJILFFAH38DC,富國段,22.63,都市：其他:,,,,07300000
RPXOMLSJJILFFBH56CC,中北段,.00,都市：住,,,,03270000
RPUQMLTJJILFFBH56CC,工業區段二小段,100.00,非都市：工業區 ; 非都市編定：丁種建築用地,,,,00370003
RPQQMLTJJILFFBH78CC,忠義段,.00,都市：工,,,,00060000
RPOPMLSJJILFFBH38CC,石頭段,.00,都市：商,,,,00420691
RPROMLSJJILFFBH58CC,前寮段,.00,都市：住,,,,08710065
RPOPMLRJJILFFHH88CC,善捷段,18.56,都市：住,,,,00020000
RPPOMLKKJILFFBH67CC,三座屋段舊社小段,.00,都市：住,,,,01170000
RPVNMLKKJILFFBH18CC,忠孝段,.00,都市：住,,,,04560000
RPQOMLKKJILFFBH77CC,忠福段,.00,都市：其他:市場用地,,,,12710010
RPWNMLKKJILFFBH28CC,環東段,.00,都市：住,,,,01890001
RPXNMLKKJILFFBH38CC,東寮段,.00,都市：商,,,,20250000
RPQOMLLKJILFFBH87CC,中壢埔頂段,.00,都市：住,,,,19630000
RPRNMLLKJILFFHH48CC,興華段,4.21,都市：住,,,,00440000
RPVRMLLKJILFFDH88CC,大金山下段大金山下小段,.00,都市：住,,,,00460000
RPSOMLLKJILFFBH18DC,復興段,118.00,都市：住,,,,18740000
RPWOMLTJJILFFCH66CC,潛龍段,35.74,非都市：鄉村區 ; 非都市編定：乙種建築用地,,,,10790000
RPWOMLTJJILFFCH66CC,潛龍段,.59,非都市：鄉村區 ; 非都市編定：乙種建築用地,,,,10990000
RPPNMLOKJILFFHH58CC,善捷段,26.36,都市：住,,,,00030000
RPXNMLTJJILFFAH09CC,中埔段,.00,都市：住,,,,00770000
RPOOMLKKJILFFAH47CC,東門段,.00,都市：商,,,,07110000
RPOOMLKKJILFFAH47CC,東門段,.00,都市：商,,,,07120000
RPQPMLTJJILFFAH58CC,富國段,21.82,都市：住,,,,02530000
RPPOMLOKJILFFCH28DC,烏林段,12.38,非都市：鄉村區 ; 非都市編定：乙種建築用地,,,,03110000
RPPOMLOKJILFFCH28DC,烏林段,3.64,非都市：鄉村區 ; 非都市編定：乙種建築用地,,,,03120000
RPPNMLPKJILFFFH68EC,豐田段,104.65,都市：住,,,,13610006
RPUNMLOKJILFFFH98DC,大和段,28.04,都市：住,,,,05360000
RPVNMLLKJILFFFH78DC,興仁段,13.20,都市：商,,,,06080000
RPSOMLPKJILFFHH09CC,善捷段,38.59,都市：住,,,,00030000
RPTNMLPKJILFFFH09EC,興仁段,.00,都市：商,,,,06080000
RPWOMLLKJILFFEH78CC,錦中段,25.82,都市：住,,,,01680000
RPVOMLLKJILFFEH68CC,水尾段,.00,非都市： ; 非都市編定：,,,,14560000
RPVOMLLKJILFFEH68CC,水尾段,.00,非都市： ; 非都市編定：,,,,14570000
RPQOMLPKJILFFAH18CC,寶山段,192.51,都市：住,,,,07860000
RPPPMLPKJILFFAH18CC,大樹林段,8.27,都市：住,,,,06870006
RPVNMLQKJILFFAH68CC,龍安段,33.11,都市：住,,,,02540000
RPTNMLLKJILFFAH97CC,中埔段,18.68,都市：住,,,,00600000
RPUOMLPKJILFFAH58CC,國聖段,.00,都市：工,,,,03500000
RPVNMLPKJILFFAH58CC,同安段,32.86,都市：住,,,,13960000
RPOOMLQKJILFFEH48CC,南崁廟口段廟口小段,.00,都市：住,,,,00380000
RPTOMLQKJILFFEH56EC,新中段,1401.20,都市：農,,,,04420000
RPQNMLQKJILFFFH78DC,大智段,24.16,都市：住,,,,04200000
RPTNMLQKJILFFAH58DC,桃園段公館頭小段,6.67,都市：商,,,,00160000
RPVNMLQKJILFFFH76EC,興豐段,19.12,都市：住,,,,16380000
RPXOMLQKJILFFDH86EC,頭重溪段,539.00,都市：住,,,,01710014
RPUNMLQKJILFFFH56DC,大智段,47.79,都市：住,,,,00340000
RPWTMLQKJILFFBH96DC,前寮段,14.00,都市：住,,,,05080010
RPVNMLQKJILFFBH88DC,忠孝段,44.00,都市：住,,,,08570017
RPRNMLRKJILFFEH98EC,新中段,1401.20,都市：農,,,,04420000
RPROMLRKJILFFAH68EC,延平段,10.50,都市：商,,,,00120000
RPQNMLRKJILFFCH48CC,松樹段,1229.56,都市：工,,,,00710000
RPQNMLRKJILFFCH48CC,松樹段,1063.52,都市：工,,,,00720000
RPOQMLQKJILFFBH38CC,富強段,.00,都市：住,,,,01160000
RPVPMLSKJILFFBH56CC,前寮段,.00,都市：住,,,,08710065
RPRQMLRKJILFFBH78CC,石頭段,.00,都市：住,,,,00460006
RPPQMLQKJILFFBH48CC,三座屋段三座屋小段,.00,都市：住,,,,00540017
RPPQMLQKJILFFBH48CC,三座屋段三座屋小段,.00,都市：住,,,,00630010
RPQNMLMKJILFFBH87CC,三座屋段舊社小段,163.00,都市：住,,,,01230020
RPQNMLMKJILFFBH87CC,三座屋段舊社小段,7.00,都市：住,,,,01230018
RPVOMLLKJILFFBH38CC,振興段,.00,都市：住,,,,00010000
RPUPMLSKJILFFBH09CC,仁祥段,.00,都市：商,,,,07930000
RPUPMLSKJILFFBH09CC,仁祥段,.00,都市：其他:道路用地,,,,07930001
RPRNMLSKJILFFAH48CC,大有段,3874.01,都市：其他:,,,,06480000
RPUNMLSKJILFFGH96EC,廣西段,59.45,都市：住,,,,06510000
RPUNMLSKJILFFGH96EC,廣西段,3.96,都市：住,,,,07400000
RPQPMLLLJILFFBH08CC,忠孝段,.00,都市：住,,,,07410000
RPRPMLLLJILFFBH18CC,環東段,.00,都市：住,,,,09870000
RPWNMLSKJILFFEH86DC,錦興段,12.36,都市：住,,,,00550000
RPWNMLLLJILFFCH68DC,八張犁段,82.00,非都市：鄉村區 ; 非都市編定：乙種建築用地,,,,01550006
RPUNMLLLJILFFCH38CC,仁善段,92.87,都市：住,,,,12120023
RPTPMLLLJILFFGH88CC,新富段,.00,都市：住,,,,04700000
RPSOMLLLJILFFEH48CC,水尾段,992.68,都市：工,,,,08300001
RPUTMLMLJILFFGH86CC,東安段,63.11,都市：住,,,,07410000
RPUPMLLLJILFFGH98CC,德育段,.00,都市：住,,,,11210000
RPOOMLLLJILFFEH08CC,長安段,132.24,都市：工,,,,10870000
RPVUMLMLJILFFGH07CC,東陵段,75.46,非都市：特定農業區 ; 非都市編定：甲種建築用地,,,,10070000
RPOOMLMLJILFFAH77CC,慈文段,.00,都市：商,,,,00320000
RPOOMLMLJILFFAH77CC,慈文段,.00,都市：商,,,,00330000
RPQOMLMLJILFFAH97CC,西門段,14.37,都市：住,,,,01800000
RPPSMLMLJILFFBH38CC,復興段,.00,都市：工,,,,14440000
RPVRMLMLJILFFBH88CC,中寮段,.00,都市：住,,,,00100000
RPVNMLMLJILFFDH78DC,梅高段,105.88,都市：住,,,,02940005
RPQRMLMLJILFFBH38CC,三座屋段舊社小段,.00,都市：住,,,,01170000
RPQRMLMLJILFFBH38CC,三座屋段三座屋小段,.00,都市：住,,,,00040000
RPSRMLMLJILFFBH58CC,遠東段,.00,都市：住,,,,00020002
RPTPMLLLJILFFBH38CC,忠義段,.00,都市：工,,,,00060000
RPWSMLMLJILFFGH07DC,富貴段,43.46,非都市：特定農業區 ; 非都市編定：農牧用地,,,,04340000
RPWSMLMLJILFFGH07DC,富貴段,89.32,非都市：鄉村區 ; 非都市編定：乙種建築用地,,,,04350000
RPXNMLNLJILFFCH88CC,烏林段,175.00,非都市：工業區 ; 非都市編定：丁種建築用地,,,,10840000
RPXSMLMLJILFFGH17DC,新富段,15.41,都市：住,,,,04560000
RPTNMLNLJILFFCH48CC,南龍段,89.05,都市：住,,,,04160006
RPXOMLNLJILFFAH78CC,龍祥段,.00,都市：住,,,,00910000
RPRNMLOLJILFFEH58CC,內海墘段,490.70,非都市：一般農業區 ; 非都市編定：農牧用地,,,,07660000
RPUNMLOLJILFFBH68DC,後興段,19.25,都市：住,,,,03260001
RPPPMLOLJILFFAH18CC,中路段,.00,都市：工,,,,17990001
RPOPMLOLJILFFAH08CC,大樹林段,.00,都市：住,,,,03790000
RPVNMLOLJILFFBH78DC,自立段,36.90,都市：住,,,,07750000
RPXPMLSLJILFFEH17CC,青峰段,32.21,都市：住,,,,03280000
RPVPMLSLJILFFAH56CC,龍祥段,.00,都市：住,,,,00180000
RPUQMLSLJILFFAH56CC,大有段,3.06,都市：其他:,,,,05450000
RPRNMLRLJILFFAH58DC,新埔段,160.00,都市：商,,,,01800000
RPVQMLSLJILFFAH66CC,大有段,10213.57,都市：其他:,,,,05450000
RPXNMLSLJILFFFH17DC,興豐段,21.40,都市：住,,,,16380000
RPQOMLTLJILFFFH66DC,興仁段,19.61,都市：商,,,,05890000
RPSNMLTLJILFFCH09DC,黃龍段,18.09,都市：住,,,,02660000
RPSNMLTLJILFFCH09DC,黃龍段,140.78,都市：住,,,,02670000
RPTNMLRKJILFFHH66CC,陸光段,41.80,都市：住,,,,11870000
RPXNMLSLJILFFHH27CC,善捷段,.00,都市：住,,,,00020000
RPQNMLRKJILFFHH98CC,陸光段,41.80,都市：住,,,,11870000
RPRNMLRKJILFFHH09CC,陸光段,41.80,都市：住,,,,11870000
RPROMLTLJILFFAH78CC,鹽埕段,.00,都市：住,,,,00880000
RPSOMLTLJILFFAH88CC,福林段,.00,都市：農,,,,01180009
RPWOMLTLJILFFAH66CC,中路段,.00,都市：住,,,,17430017
RPOOMLTLJILFFEH88CC,羊稠段,.00,都市：住,,,,02010000
RPVNMLTLJILFFFH96CC,興仁段,23.01,都市：住,,,,03990000
RPOPMLOLJILFFBH18CC,健行段,.00,都市：商,,,,01670000
RPPQMLSLJILFFBH78CC,興南段興南小段,7.30,都市：商,,,,02680000
RPUOMLNLJILFFBH58CC,仁愛段,.00,都市：商,,,,09550000
RPROMLKMJILFFHH68CC,山德段,.00,都市：住,,,,01320000
RPROMLKMJILFFHH68CC,山德段,.00,都市：住,,,,01420000
RPPOMLOLJILFFGH68CC,廣東段,.00,都市：住,,,,00100000
RPPOMLOLJILFFGH68CC,廣東段,.00,都市：住,,,,00070000
RPQOMLKMJILFFHH58CC,興華段,.00,都市：住,,,,03870000
RPUNMLKMJILFFGH78CC,金星段,.00,都市：住,,,,01240000
RPUOMLKMJILFFBH38CC,中壢埔頂段,.00,都市：住,,,,18360003
RPSSMLKMJILFFBH68DC,後興段,3554.07,都市：農,,,,09280000
RPSSMLLJKILFFBH58DC,忠孝段,15.77,都市：住,,,,04560000
RPOPMLKMJILFFAH77CC,西門段,85.00,都市：住,,,,13020000
RPUNMLLJKILFFGH68CC,關爺段,.00,非都市：特定農業區 ; 非都市編定：甲種建築用地,,,,00800000
RPQOMLLJKILFFGH48DC,南華段,43.88,都市：住,,,,01690005
RPTOMLKMJILFFFH68CC,桃德段,.00,都市：住,,,,05780000
RPPOMLTLJILFFFH09CC,大和段,.00,都市：其他:市場用地,,,,02620000
RPXOMLKMJILFFFH09CC,福興段,.00,都市：住,,,,08080000
RPQPMLLJKILFFFH38CC,福興段,.00,都市：商,,,,09610000
RPUNMLMJKILFFFH68CC,大竹段,.00,非都市：一般農業區 ; 非都市編定：甲種建築用地,,,,11940000
RPTOMLMJKILFFBH28CC,仁和段,.00,都市：住,,,,02110129
RPXOMLMJKILFFBH68CC,中原段,.00,都市：住,,,,11630000
RPXOMLMJKILFFBH68CC,中原段,.00,都市：住,,,,11640000
RPSOMLTLJILFFFH96EC,明智段,16.99,都市：住,,,,00040000
RPROMLTLJILFFFH86EC,興仁段,14.54,都市：商,,,,05830000
RPSNMLLJKILFFHH58CC,陸光段,15.81,都市：住,,,,05920000
RPTNMLTLJILFFFH96EC,八塊段,26.50,都市：住,,,,12270000
RPTPMLMJKILFFBH38CC,普義段,.00,都市：住,,,,22300000
RPWNMLLJKILFFHH98CC,精忠段,25.70,都市：住,,,,20070000
RPOQMLMJKILFFAH87CC,東國段,.00,都市：住,,,,03540000
RPWNMLMJKILFFBH58DC,興南段興南小段,17.60,都市：住,,,,02270630
RPVNMLLJKILFFHH88CC,興華段,21.69,都市：住,,,,05940000
RPPOMLPJKILFFAH18DC,中山段,22.30,都市：商,,,,01020000
RPWRMLPJKILFFAH56DC,大樹林段,25.99,都市：住,,,,03050000
RPQNMLPJKILFFHH78CC,文化段,.00,都市：商,,,,01310000
RPPQMLPJKILFFAH38DC,中路段,17.94,都市：住,,,,16830000
RPRPMLQJKILFFBH58CC,環東段,.00,都市：住,,,,03210000
RPXNMLMJKILFFGH09CC,義民段,.00,都市：住,,,,02440001
RPVNMLLJKILFFGH78CC,平鎮段,.00,都市：商,,,,09410000
RPROMLLJKILFFDH18CC,大金山下段大金山下小段,.00,都市：住,,,,00100004
RPPNMLRJKILFFEH68DC,五福段,15.05,都市：住,,,,05660000
RPOPMLQJKILFFBH38DC,西寮段,91.78,都市：住,,,,04160000
RPTPMLRJKILFFBH88CC,環東段,.00,都市：住,,,,08280004
RPTPMLQJKILFFBH88DC,石頭段,114.00,都市：商,,,,00370322
RPUPMLRJKILFFBH98CC,復興段,.00,都市：住,,,,18220000
RPSNMLTJKILFFFH56CC,福興段,.00,都市：住,,,,07890000
RPPNMLSJKILFFHH98CC,善捷段,5.45,都市：住,,,,00020000
RPPOMLTJKILFFCH68CC,仁義段,47.98,都市：住,,,,08780000
RPWPMLSJKILFFBH66CC,老街溪段,.00,都市：住,,,,14960000
RPROMLTJKILFFDH98CC,高獅段,195.96,非都市：一般農業區 ; 非都市編定：丁種建築用地,,,,09800000
RPROMLTJKILFFDH98CC,高獅段,239.94,非都市：一般農業區 ; 非都市編定：丁種建築用地,,,,09790000
RPUOMLQJKILFFEH09CC,南園段,276.86,都市：住,,,,04260000
RPQNMLTJKILFFEH98DC,錦興段,5.50,都市：住,,,,00550000
RPPNMLTJKILFFEH88DC,河底段,13.78,都市：住,,,,03440000
RPRNMLMKKILFFHH68CC,公華段,.00,都市：住,,,,04040000
RPXPMLNKKILFFBH98CC,後興段,.00,都市：住,,,,05200002
RPTQMLNKKILFFBH68CC,石頭段,.00,都市：商,,,,00390118
RPUQMLNKKILFFBH78CC,三座屋段舊社小段,.00,都市：住,,,,01170000
RPTNMLNKKILFFHH98CC,善捷段,.00,都市：工,,,,00030000
RPOOMLNKKILFFEH28CC,竹圍段拔子林小段,16.50,都市：住,,,,01900003
RPTOMLNKKILFFEH78CC,公埔段,666.19,都市：工,,,,00110000
RPTOMLNKKILFFEH78CC,公埔段,977.14,都市：工,,,,00120000
RPWOMLOKKILFFEH56CC,五塊厝段大埔小段,293.00,非都市：特定農業區 ; 非都市編定：丁種建築用地,,,,05360001
RPWOMLOKKILFFEH56CC,五塊厝段大埔小段,886.00,非都市：特定農業區 ; 非都市編定：丁種建築用地,,,,05360002
RPWOMLOKKILFFEH56CC,五塊厝段大埔小段,1990.00,非都市：特定農業區 ; 非都市編定：農牧用地,,,,05370000
RPUOMLQJKILFFAH68CC,埔子段埔子小段,.00,都市：住,,,,20980035
RPPPMLQJKILFFAH28CC,中路段,.00,都市：其他:住宅區'綠地用地,,,,16760020
RPUNMLPJKILFFAH48CC,中正段,.00,都市：住,,,,01150000
RPPNMLNJKILFFAH77CC,鹽埕段,42.51,都市：工,,,,00110001
RPSNMLOKKILFFFH78CC,榮興段,.00,非都市：鄉村區 ; 非都市編定：乙種建築用地,,,,18660000
RPPQMLMJKILFFAH97CC,富國段,.00,都市：住,,,,05350000
RPTNMLOKKILFFFH88CC,廣隆段,55.30,都市：住,,,,12430000
RPSPMLOKKILFFBH58CC,中壢埔頂段,.00,都市：住,,,,15230000
RPWPMLOKKILFFBH98CC,普義段,.00,都市：住,,,,20210000
RPPNMLOKKILFFEH48DC,青山段,24.10,都市：住,,,,03040000
RPOQMLOKKILFFBH28CC,仁美段,.00,都市：住,,,,15410000
RPVNMLNKKILFFHH56CC,興華段,24.55,都市：住,,,,00220000
RPVNMLOKKILFFHH66CC,精忠段,17.91,都市：住,,,,13370000
RPXNMLNKKILFFHH76CC,興華段,6.51,都市：住,,,,00150001
RPVNMLPKKILFFFH66DC,明智段,13.99,都市：住,,,,00400000
RPUOMLPKKILFFBH78CC,中北段,.00,都市：工,,,,11070073
RPQNMLPKKILFFHH88CC,興華段,15.67,都市：住,,,,00440000
RPRNMLPKKILFFEH68CC,青峰段,14.37,都市：住,,,,03340000
RPSNMLPKKILFFEH78CC,青峰段,17.02,都市：住,,,,03340000
RPVNMLPKKILFFEH09CC,五福段,.00,都市：住,,,,03050000
RPTNMLQKKILFFGH56CC,新富段,88.90,都市：住,,,,02820000
RPUNMLQKKILFFFH56CC,豐田段,28.98,都市：住,,,,14880000
RPPPMLQKKILFFBH48CC,普義段,3.00,非都市： ; 非都市編定：,,,,06120000
RPRNMLQKKILFFFH98DC,明智段,15.03,都市：住,,,,00360000
RPSNMLQKKILFFFH09DC,興隆段,54.86,都市：住,,,,06270000
RPUNMLQKKILFFDH09DC,草湳坡段埔心小段,91.00,都市：住,,,,00220240
RPONNLTKKILFFBH58CC,新街段,.00,都市：住,,,,08710000
RPUOMLTKKILFFAH09CC,小檜溪段,.00,都市：其他:市場用地,,,,10470000
RPUPMLRJKILFFAH88CC,桃鶯段,.00,都市：住,,,,05250000
RPPPMLPKKILFFAH28CC,桃園段武陵小段,.00,都市：商,,,,01080002
RPPPMLPKKILFFAH28CC,桃園段武陵小段,.00,都市：商,,,,01080010
RPROMLMKKILFFAH08CC,慈文段,11.53,都市：住,,,,10130001
RPQRMLTKKILFFAH98CC,忠義段,964.14,都市：住,,,,06650000
RPQNMLTKKILFFFH09CC,東勇段,81.05,非都市：特定農業區 ; 非都市編定：甲種建築用地,,,,00030000
RPRRMLTKKILFFAH09CC,忠義段,964.14,都市：住,,,,06650000
RPSNMLTKKILFFHH86CC,善捷段,17.49,都市：住,,,,00040000
RPWNMLKLKILFFHH09CC,樂善段,215.00,都市：住,,,,01610000
RPWNMLKLKILFFHH09CC,樂善段,215.00,都市：住,,,,01610001
RPTNMLKLKILFFEH48CC,河底段,19.54,都市：住,,,,04380000
RPTNMLOKKILFFEH88DC,青峰段,90.99,都市：住,,,,03380002
RPPNMLLLKILFFEH18CC,錦明段,50.10,都市：工,,,,01570000
RPQNMLOKKILFFEH58DC,青峰段,90.99,都市：住,,,,03380002
RPRNMLMLKILFFHH78CC,頂湖段,4323.00,都市：工,,,,00650000
RPUNMLLLKILFFEH68CC,竹圍段海方厝小段,96.00,非都市：鄉村區 ; 非都市編定：乙種建築用地,,,,02480024
RPUNMLLLKILFFEH68CC,竹圍段海方厝小段,96.00,非都市：鄉村區 ; 非都市編定：乙種建築用地,,,,02480023
RPPOMLMLKILFFBH08CC,仁美段,.00,都市：住,,,,15590000
RPXOMLLLKILFFEH09CC,中興段,286.00,非都市：特定農業區 ; 非都市編定：甲種建築用地,,,,10510000
RPXOMLLLKILFFEH09CC,中興段,35.00,非都市：特定農業區 ; 非都市編定：甲種建築用地,,,,10520000
RPUOMLOKKILFFEH09DC,青峰段,50.86,都市：住,,,,03130000
RPVOMLMLKILFFBH68CC,自立段,.00,都市：住,,,,08250000
RPVPMLMLKILFFBH78CC,忠福段,.00,都市：其他:道路用地.住宅區,,,,27250114
RPWOMLMLKILFFBH78CC,振興段,.00,都市：住,,,,04750008
RPPQMLNLKILFFBH38CC,仁祥段,.00,都市：住,,,,01010000
RPSPMLMLKILFFBH48CC,後寮段,.00,都市：其他:道路用地/住宅區,,,,02530000
RPXPMLNLKILFFBH09CC,老街溪段,.00,都市：住,,,,13580000
RPQQMLMLKILFFBH38CC,遠東段,.00,都市：住,,,,01070000
RPRPMLPKKILFFBH68DC,青溪段,32.21,都市：住,,,,04980000
RPUPMLOKKILFFBH88DC,榮南段,351.86,都市：農,,,,05860000
RPTQMLNLKILFFBH78CC,內壢段,.00,都市：工,,,,37410000
RPVNMLKLKILFFBH48DC,石頭段,7.30,都市：商,,,,00410000
RPTWMLTKKILFFBH37DC,富台段,84.45,都市：住,,,,01640000
RPTWMLTKKILFFBH37DC,富台段,84.45,都市：住,,,,01640001
RPQNMLNLKILFFHH78CC,善捷段,22.53,都市：住,,,,00040000
RPUNMLNLKILFFAH48CC,新埔段,107.00,都市：住,,,,02790004
RPURMLNLKILFFBH98CC,自立段,25.42,都市：住,,,,06700001
RPOPMLNLKILFFAH08CC,忠義段,964.14,都市：住,,,,06650000
RPUPMLNLKILFFGH66CC,德育段,.00,都市：住,,,,11980000
RPWSMLNLKILFFBH66CC,平寮段,17.41,都市：住,,,,09810000
RPTPMLNLKILFFGH56CC,西社段,.00,都市：住,,,,01300000
RPTPMLNLKILFFGH56CC,西社段,.00,都市：其他:道路用地,,,,01300001
RPSNMLNLKILFFHH98CC,善捷段,.00,都市：住,,,,00030000
RPVNMLOLKILFFGH76DC,富貴段,.27,都市：住,,,,10270003
RPVNMLOLKILFFGH76DC,富貴段,82.23,都市：住,,,,10280000
RPVNMLOLKILFFGH76DC,富貴段,9.35,都市：住,,,,10280003
RPVNMLOLKILFFGH76DC,富貴段,2.16,都市：住,,,,10280004
RPUNMLOLKILFFGH66DC,金鍊段,87.19,都市：住,,,,11430005
RPUNMLOLKILFFGH66DC,金鍊段,21.64,都市：住,,,,11430005
RPSPMLNLKILFFDH78CC,大金山下段大金山下小段,.00,都市：住,,,,00100004
RPWNMLOLKILFFGH86DC,金星段,22.38,都市：住,,,,01860000
RPSPMLNLKILFFBH68DC,忠孝段,22.00,都市：住,,,,08350035
RPWNMLQLKILFFGH96CC,新榮段,.00,都市：住,,,,02970000
RPPNMLOLKILFFCH38DC,八張犁段,85.00,非都市：鄉村區 ; 非都市編定：乙種建築用地,,,,01500098
RPPOMLQLKILFFGH98CC,南華段,17.62,都市：住,,,,07680002
RPTPMLQLKILFFBH98CC,遠東段,.00,都市：住,,,,01200000
RPQOMLQLKILFFGH09CC,南華段,4.52,都市：住,,,,07680000
RPQOMLQLKILFFBH58CC,石頭段,.00,都市：商,,,,00030921
RPUPMLQLKILFFBH09CC,興南段興南小段,.00,都市：商,,,,02750000
RPXOMLRLKILFFAH66CC,桃園段武陵小段,.00,都市：商,,,,00400004
RPPPMLRLKILFFAH58CC,大有段,6105.06,都市：其他:,,,,06270000
RPUNMLQLKILFFFH76DC,中華段,36.23,非都市：鄉村區 ; 非都市編定：乙種建築用地,,,,12640000
RPXNMLRLKILFFGH27DC,平鎮段,58.87,都市：住,,,,09390000
RPTNMLRLKILFFCH98CC,南龍段,22.10,非都市：一般農業區 ; 非都市編定：甲種建築用地,,,,08680000
RPTNMLRLKILFFCH98CC,金龍段,4.91,非都市：一般農業區 ; 非都市編定：甲種建築用地,,,,13210000
RPUPMLSLKILFFBH76DC,復興段,34.43,都市：住,,,,09920000
RPQNMLSLKILFFEH09DC,錦興段,5.50,都市：住,,,,00550000
RPWNMLSLKILFFEH07DC,錦興段,5.64,都市：住,,,,00550000
RPVNMLSLKILFFEH86CC,長興段,748.54,都市：工,,,,06670003
RPVOMLSLKILFFEH07DC,竹圍段拔子林小段,16.69,都市：住,,,,03580000
RPXNMLSLKILFFEH07CC,河底段,.00,都市：住,,,,01440000
RPVNMLQLKILFFFH76CC,興豐段,24.78,都市：住,,,,25000000
RPQNMLMLKILFFAH08DC,同德段,33.06,都市：其他:,,,,00560000
RPSNMLRLKILFFAH78DC,同安段,11.30,都市：住,,,,13880000
RPTNMLNLKILFFAH48DC,中路段,14.11,都市：住,,,,26450000
RPVPMLQLKILFFBH56CC,富台段,.00,都市：住,,,,01520016
RPSNMLSLKILFFGH76CC,廣仁段,25.33,都市：其他:乙種工業區,,,,12220000
RPROMLKMKILFFEH48CC,水尾段,.00,都市：工,,,,18050000
RPQOMLKMKILFFEH38CC,五福段,.00,都市：住,,,,10070000
RPTOMLKMKILFFGH98DC,復旦段,19.25,都市：住,,,,05470000
RPPNMLMJJHMFFDH97DC,草湳坡段埔心小段,1155.00,都市：住,,,,00540019
RPQNMLMJJHMFFDH08DC,草湳坡段埔心小段,1155.00,都市：住,,,,00540019
RPWOMLNJJHMFFGH56DC,西社段,63.48,都市：商,,,,02200000
RPSQMLNJJHMFFBH48DC,西寮段,24.13,都市：住,,,,02760000
RPTNMLNJJHMFFEH48CC,南崁段,155.54,都市：住,,,,06610003
RPQPMLSLKILFFAH88DC,龍安段,110.00,都市：住,,,,01100000
RPPNMLNJJHMFFFH18CC,福興段,.00,都市：商,,,,09580000
RPXNMLNJJHMFFFH98CC,茄明段,17.81,都市：住,,,,00310000
RPRNMLNJJHMFFHH58CC,善捷段,.00,都市：其他:,,,,00030000
RPWOMLQLKILFFFH07DC,興仁段,20.20,都市：住,,,,06080000
RPSNMLSLKILFFHH86CC,興華段,15.21,都市：商,,,,00080000
RPSNMLKMKILFFHH78CC,大同段,8.75,都市：住,,,,05270000
RPSNMLKMKILFFHH78CC,大同段,1.75,都市：住,,,,05270001
RPSNMLKMKILFFHH78CC,大同段,7.75,都市：住,,,,05280000
RPSNMLKMKILFFHH78CC,大同段,7.00,都市：住,,,,05500012
RPUNMLSLKILFFHH07CC,善捷段,17.57,都市：住,,,,00030000
RPUNMLRLKILFFHH96CC,陸光段,5.85,都市：住,,,,10700000
RPUNMLRLKILFFHH96CC,陸光段,19.14,都市：住,,,,10780000
RPVNMLNJJHMFFFH88DC,大庄段,97.58,非都市：鄉村區 ; 非都市編定：乙種建築用地,,,,24270000
RPTNMLTLKILFFHH07CC,善捷段,23.47,都市：住,,,,00040000
RPQOMLNJJHMFFAH87CC,大樹林段,2.64,都市：住,,,,19660000
RPPPMLNJJHMFFAH87CC,昆明段,.00,都市：住,,,,05180000
RPOPMLNJJHMFFAH77CC,東門段,6.39,都市：住,,,,04720000
RPXOMLNJJHMFFAH58CC,忠義段,4.52,都市：住,,,,07000000
RPVNMLNJJHMFFAH28CC,桃園段武陵小段,2.43,都市：住,,,,01870000
RPWNMLNJJHMFFAH38CC,三元段,14.97,都市：住,,,,07600000
RPQPMLNJJHMFFAH97CC,埔子段北門埔子小段,.00,都市：商,,,,00330009
RPWOMLNJJHMFFAH48CC,忠義段,3.88,都市：住,,,,07000000
RPVOMLNJJHMFFAH38CC,大有段,11.19,都市：住,,,,01870000
RPUSMLNJJHMFFBH78CC,普義段,.00,都市：住,,,,23640001
RPXRMLNJJHMFFBH98CC,中壢埔頂段,.00,都市：住,,,,18750002
RPWPMLOJJHMFFBH78CC,雙嶺段,.00,都市：商,,,,14040000
RPXPMLOJJHMFFBH88CC,後興段,.00,都市：住,,,,04880000
RPTQMLOJJHMFFBH58CC,興南段興南小段,.00,都市：住,,,,02270185
RPOQMLOJJHMFFBH08CC,健行段,.00,都市：商,,,,01850000
RPSNMLOJJHMFFAH18DC,江南段,28.20,都市：住,,,,02500000
RPTNMLOJJHMFFFH68CC,福興段,.00,都市：商,,,,07890000
RPROMLOJJHMFFDH38CC,大金山下段大金山下小段,.00,都市：住,,,,00450000
RPWNMLRLKILFFFH17EC,大智段,.00,都市：住,,,,00340000
RPXNMLOJJHMFFEH09DC,東園段,731.81,都市：住,,,,02520000
RPXNMLOJJHMFFEH09DC,東園段,731.81,都市：住,,,,02520000
RPPOMLOJJHMFFEH38DC,東園段,2956.63,都市：住,,,,02530000
RPPOMLOJJHMFFEH38DC,東園段,2956.63,都市：住,,,,02530000
RPTNMLPJJHMFFGH98DC,廣豐段,.00,都市：住,,,,03080000
RPSNMLPJJHMFFAH28DC,中路段,10.72,都市：住,,,,27530000
RPUOMLPJJHMFFBH58CC,三座屋段三座屋小段,.00,都市：住,,,,00540017
RPUOMLPJJHMFFBH58CC,三座屋段三座屋小段,.00,都市：住,,,,00630010
RPTOMLPJJHMFFBH48CC,石頭段,.00,都市：商,,,,00420171
RPTPMLQJJHMFFBH68CC,三座屋段三座屋小段,23.76,都市：住,,,,04670002
RPUPMLQJJHMFFBH88DC,石頭段,26.37,都市：住,,,,00040000
RPUPMLQJJHMFFBH88DC,石頭段,.75,都市：住,,,,00040039
RPPNMLRJJHMFFDH38CC,幼獅段,.00,都市：住,,,,12240000
RPVPMLQJJHMFFBH98DC,石頭段,26.37,都市：住,,,,00040000
RPVPMLQJJHMFFBH98DC,石頭段,.75,都市：住,,,,00040039
RPQQMLNJJHMFFAH08CC,龍安段,7.43,都市：住,,,,02690000
RPQOMLOJJHMFFAH97CC,東門段,.00,都市：商,,,,06930000
RPOQMLNJJHMFFAH87CC,大興段,8.35,都市：住,,,,01300000
RPOQMLNJJHMFFAH87CC,大興段,.06,都市：住,,,,01330001
RPXPMLNJJHMFFAH68CC,福元段,13.24,都市：住,,,,03320000
RPQNMLOJJHMFFAH87CC,新埔段,32.02,都市：住,,,,00420000
RPXOMLTJJHMFFBH66CC,前寮段,.00,都市：住,,,,08710065
RPUOMLTJJHMFFFH86DC,豐田段,17.24,都市：住,,,,14740000
RPPQMLNJJHMFFAH97CC,桃園段武陵小段,.00,都市：住,,,,01580041
RPPQMLNJJHMFFAH97CC,桃園段武陵小段,.00,都市：住,,,,01580042
RPUPMLNJJHMFFAH38CC,中路段,7.91,都市：住,,,,16740018
RPRQMLKKJHMFFFH58DC,興隆段,86.07,非都市：特定農業區 ; 非都市編定：甲種建築用地,,,,16600000
RPRPMLKKJHMFFFH48DC,大和段,14.93,都市：住,,,,02890000
RPWQMLKKJHMFFFH09DC,大和段,15.43,都市：住,,,,02890000
RPXQMLKKJHMFFFH56DC,大義段,19.19,都市：住,,,,00620000
RPPRMLKKJHMFFFH48DC,永福段,28.43,都市：住,,,,00120000
RPORMLKKJHMFFFH38DC,同福段,27.43,都市：住,,,,06540000
RPTOMLKKJHMFFAH97CC,中埔段,.00,都市：住,,,,00040000
RPOPMLKKJHMFFAH67DC,中德段,16.84,都市：住,,,,10310000
RPTNMLKKJHMFFEH28CC,大興段,.00,非都市： ; 非都市編定：,,,,00910000
RPQOMLLKJHMFFGH38CC,忠貞段,.00,都市：商,,,,00480000
RPSNMLTJJHMFFHH66CC,興華段,130.00,都市：住,,,,05680001
RPSNMLTJJHMFFHH66CC,興華段,126.00,都市：住,,,,05680002
RPTNMLQJJHMFFHH09CC,善捷段,11.09,都市：住,,,,00020000
RPTOMLLKJHMFFGH68CC,南勢段,.00,都市：住,,,,01930047
RPTOMLLKJHMFFGH68CC,南勢段,.00,都市：住,,,,01930069
RPROMLLKJHMFFGH48CC,福林段,.00,非都市：特定農業區 ; 非都市編定：甲種建築用地,,,,05870000
RPROMLLKJHMFFDH18CC,大金山下段大金山下小段,.00,都市：住,,,,00460000
RPUQMLLKJHMFFBH48CC,復興段,.00,都市：住,,,,20340000
RPPQMLKKJHMFFBH87CC,後寮段,.00,都市：住,,,,05500000
RPXPMLTJJHMFFBH76CC,自立段,.00,都市：住,,,,17990000
RPVQMLLKJHMFFBH58CC,三座屋段舊社小段,.00,都市：住,,,,01220011
RPRNMLMKJHMFFBH97CC,忠孝段,.00,都市：住,,,,01640000
RPSQMLLKJHMFFBH28CC,忠孝段,.00,都市：住,,,,06350000
RPXQMLKKJHMFFBH68CC,後寮段,.00,都市：住,,,,05430000
RPQQMLKKJHMFFBH97CC,中壢埔頂段,.00,都市：住,,,,09430000
RPRNMLMKJHMFFAH87CC,桃鶯段,.00,都市：住,,,,05250003
RPSNMLMKJHMFFFH48CC,興仁段,.00,都市：商,,,,05830000
RPQNMLMKJHMFFFH28CC,興仁段,.00,都市：商,,,,06080000
RPOOMLNKJHMFFEH28DC,大興段,2282.62,都市：住,,,,01190000
RPUOMLNKJHMFFEH88DC,大竹圍段,48.88,都市：住,,,,07470000
RPPNMLOKJHMFFEH28CC,六福段,13.69,都市：商,,,,08130000
RPVOMLNKJHMFFEH98DC,錦興段,2221.77,都市：住,,,,06530000
RPRNMLQKJHMFFAH38DC,水汴頭段,1501.00,都市：商,,,,00350000
RPQNMLQKJHMFFHH88CC,蔗園段,3398.00,都市：其他:,,,,01640000
RPRNMLQKJHMFFHH98CC,善捷段,18.56,都市：住,,,,00020000
RPSOMLQKJHMFFAH68EC,東國段,43.05,都市：住,,,,02440000
RPRNMLRKJHMFFEH88DC,許厝港段,12504.00,非都市：一般農業區 ; 非都市編定：甲種建築用地,,,,01240045
RPRPMLRKJHMFFDH88CC,草湳坡段埔心小段,.00,都市：住,,,,00040294
RPOQMLQKJHMFFBH38CC,自立段,18.22,都市：住,,,,06670000
RPRPMLNKJHMFFBH28CC,中工段,.00,非都市：工業區 ; 非都市編定：丁種建築用地,,,,07410023
RPUNMLMKJHMFFBH28CC,復興段,.00,都市：住,,,,18070000
RPPOMLSKJHMFFEH78CC,長興段,39.13,都市：工,,,,06670008
RPPOMLSKJHMFFEH78CC,長興段,386.14,都市：工,,,,05580004
RPWOMLSKJHMFFEH86CC,許厝港段,.00,非都市：一般農業區 ; 非都市編定：甲種建築用地,,,,01250269
RPOPMLSKJHMFFHH09CC,善捷段,22.59,都市：住,,,,00030000
RPSQMLSKJHMFFBH98CC,內壢段,.00,都市：工,,,,07850088
RPVNMLSKJHMFFBH98CC,中寮段,2094.44,都市：住,,,,02480004
RPPQMLQKJHMFFBH48CC,忠福段,.00,都市：住,,,,29550000
RPROMLSKJHMFFFH56DC,興豐段,69.45,都市：住,,,,23580000
RPRNMLQKJHMFFFH88DC,大智段,26.14,都市：住,,,,04200000
RPQOMLSKJHMFFFH09DC,豐田段,101.21,都市：住,,,,13610006
RPOOMLSKJHMFFFH88DC,興仁段,14.49,都市：商,,,,05890000
RPRNMLLKJHMFFFH38DC,大庄段,25.29,非都市：鄉村區 ; 非都市編定：乙種建築用地,,,,15170000
RPQNMLLKJHMFFFH28DC,瑞豐段,21.50,非都市：鄉村區 ; 非都市編定：乙種建築用地,,,,03220000
RPPPMLSKJHMFFEH09EC,錦興段,5.50,都市：住,,,,00550000
RPPOMLSKJHMFFGH56EC,環南段,24.28,都市：住,,,,00430000
RPSOMLSKJHMFFFH66DC,大智段,37.64,都市：住,,,,04990000
RPPPMLTKJHMFFEH09DC,青山段,24.10,都市：住,,,,03040000
RPPRMLTKJHMFFBH88CC,興南段興南小段,.00,都市：商,,,,02240000
RPTNMLTKJHMFFBH88CC,三座屋段三座屋小段,22.65,都市：住,,,,04670002
RPSUMLTKJHMFFBH86CC,新街段,.00,都市：住,,,,08620000
RPWRMLTKJHMFFDH17CC,甡甡段,.00,都市：農,,,,01510000
RPXPMLTKJHMFFFH27CC,茄明段,29.03,都市：住,,,,04080000
RPPRMLTKJHMFFDH09CC,大金山下段大金山下小段,.00,都市：住,,,,00460000
RPUNMLKLJHMFFFH58CC,福興段,.00,都市：商,,,,09750000
RPQOMLQKJHMFFAH28CC,新埔段,.00,都市：住,,,,01970000
RPROMLQKJHMFFAH38CC,中路三段,22.77,都市：住,,,,16940000
RPROMLSKJHMFFAH58CC,寶山段,.00,都市：住,,,,07070000
RPQOMLKLJHMFFAH77CC,中路段,.00,都市：住,,,,17100004
RPQOMLKLJHMFFAH77CC,中路段,.00,都市：住,,,,17120023
RPSOMLTKJHMFFAH78CC,中埔段,12.35,都市：住,,,,03520000
RPWOMLSKJHMFFAH09CC,龍壽段,.00,都市：住,,,,05960000
RPSOMLKLJHMFFBH08CC,興南段興南小段,.00,都市：商,,,,02660000
RPTOMLKLJHMFFBH18CC,新街段,.00,都市：住,,,,08620000
RPUOMLKLJHMFFBH28CC,老街溪段,.00,都市：其他:非都市計畫區,,,,13600000
RPVOMLKLJHMFFBH38CC,新街段,.00,都市：住,,,,08620000
RPOPMLKLJHMFFBH77CC,自立段,.00,都市：住,,,,10410000
RPTNMLKLJHMFFBH18DC,復興段,70.00,都市：住,,,,11690007
RPPPMLKLJHMFFBH87CC,忠義段,.00,都市：工,,,,00060000
RPQNMLKLJHMFFBH87DC,復興段,21.89,都市：住,,,,20430000
RPUUMLTKJHMFFBH07CC,新街段,.00,都市：住,,,,08620000
RPUOMLKLJHMFFDH58DC,清華段,80.82,非都市：特定農業區 ; 非都市編定：甲種建築用地,,,,04160000
RPUOMLNLJHMFFGH66EC,平鎮段,58.87,都市：商,,,,09390000
RPXSMLNLJHMFFBH76DC,青平段,22.01,都市：商,,,,00430000
RPROMLKLJHMFFBH97CC,新街段,.00,都市：住,,,,08620000
RPPPMLNLJHMFFBH18CC,三座屋段三座屋小段,.00,都市：住,,,,02390006
RPXOMLNLJHMFFBH88CC,中壢埔頂段,.00,都市：住,,,,16770000
RPUOMLNLJHMFFAH48CC,國聖段,9.59,都市：住,,,,06850000
RPQQMLNLJHMFFBH38CC,復興段,.00,都市：住,,,,05960001
RPQPMLNLJHMFFAH18CC,建新段,.00,都市：住,,,,08910000
RPROMLNLJHMFFEH58CC,南崁段,.00,都市：住,,,,05620000
RPWOMLNLJHMFFAH68CC,國聖段,19.25,都市：住,,,,03500000
RPPPMLNLJHMFFAH18DC,小檜溪段,51.00,都市：住,,,,02890075
RPTQMLOLJHMFFAH78DC,龍祥段,23.84,都市：住,,,,09370000
RPWNMLKLJHMFFFH78CC,豐田段,.00,都市：住,,,,14880000
RPVNMLKLJHMFFFH68CC,大智段,.00,都市：住,,,,00770000
RPVOMLOLJHMFFEH09CC,大新段,16.30,非都市： ; 非都市編定：,,,,02420000
RPROMLOLJHMFFFH78CC,大庄段,.00,非都市：鄉村區 ; 非都市編定：乙種建築用地,,,,26430000
RPROMLKLJHMFFEH38DC,竹圍段拔子林小段,62.00,都市：商,,,,00970017
RPROMLKLJHMFFEH38DC,竹圍段拔子林小段,11.00,都市：商,,,,00970095
RPROMLNLJHMFFGH88DC,平鎮段,.04,都市：商,,,,12850000
RPROMLNLJHMFFGH88DC,南勢段,13.98,都市：商,,,,01890000
RPSOMLNLJHMFFGH98DC,平鎮段,.04,都市：商,,,,12850000
RPSOMLNLJHMFFGH98DC,南勢段,13.91,都市：商,,,,01890000
RPOSMLOLJHMFFBH48CC,石頭段,.00,都市：住,,,,00030617
RPTOMLOLJHMFFFH98CC,福興段,.00,都市：商,,,,09750000
RPUOMLOLJHMFFFH09CC,福興段,.00,都市：商,,,,09750000
RPQSMLOLJHMFFBH68CC,興南段興南小段,.00,都市：住,,,,02270185
RPXOMLOLJHMFFFH76CC,豐田段,.00,都市：住,,,,14490000
RPSSMLOLJHMFFBH88CC,新街段,.00,都市：其他:道路用地'住宅區,,,,08360000
RPXPMLOLJHMFFBH56DC,青平段,27.73,都市：商,,,,00430000
RPWOMLPLJHMFFGH86CC,振平段,333.55,都市：住,,,,07650000
RPSNMLPLJHMFFEH78CC,大竹圍段,64.56,都市：住,,,,07020000
RPSOMLQLJHMFFFH09CC,大智段,.00,都市：住,,,,04520000
RPROMLQLJHMFFFH98CC,興仁段,.00,都市：商,,,,06080000
RPWNMLOLJHMFFHH76CC,興華段,9.31,都市：其他:,,,,02370000
RPOOMLOLJHMFFHH68CC,善捷段,23.47,都市：住,,,,00020000
RPUNMLNLJHMFFHH09CC,龜山段,14.53,都市：商,,,,10370000
RPUNMLNLJHMFFHH09CC,龜山段,4.40,都市：其他:,,,,10370003
RPVNMLNLJHMFFHH56CC,龜山段,14.53,都市：商,,,,10370000
RPVNMLNLJHMFFHH56CC,龜山段,4.40,都市：其他:,,,,10370003
RPOOMLTKJHMFFHH09CC,陸光段,36.27,都市：住,,,,11870000
RPOTMLOLJHMFFBH58CC,新街段,.00,都市：住,,,,08620000
RPPTMLOLJHMFFBH68CC,新街段,.00,都市：住,,,,08620000
