﻿鄉鎮市區,交易標的,土地位置建物門牌,土地面積平方公尺,都市土地使用分區,非都市土地使用分區,非都市土地使用編定,租賃年月日,租賃筆棟數,租賃層次,總樓層數,建物型態,主要用途,主要建材,建築完成年月,建物總面積平方公尺,建物現況格局-房,建物現況格局-廳,建物現況格局-衛,建物現況格局-隔間,有無管理組織,有無附傢俱,總額元,單價元平方公尺,車位類別,車位面積平方公尺,車位總額元,備註,編號
The villages and towns urban district,transaction sign,land sector position building sector house number plate,land shifting total area square meter,the use zoning or compiles and checks,the non-metropolis land use district,non-metropolis land use,transaction year month and day,transaction pen number,shifting level,total floor number,building state,main use,main building materials,construction to complete the years,building shifting total area,Building present situation pattern - room,building present situation pattern - hall,building present situation pattern - health,building present situation pattern - compartmented,Whether there is manages the organization,Whether there is attaches the furniture,total price NTD,the unit price (NTD / square meter),the berth category,berth shifting total area square meter,the berth total price NTD,the note,serial number
嘉義市,房地(土地+建物),嘉義市嘉義市西區北港路172號,76.0,住,,,1051101,土地1建物1車位0,全,2,透天厝,見使用執照,鋼筋混凝土加強磚造,0680728,139.02,4,3,3,有,無,無,15000,108,,0.0,0,,RPSNMLLJJILFFAI97DC
嘉義市,建物,嘉義市嘉義市國華街312號,0.0,,,,1051013,土地0建物0車位0,全,5,透天厝,見其他登記事項,見其他登記事項,1041110,39.75,1,1,1,有,無,有,9500,239,,0.0,0,,RPTNMLSJJILFFAI78DC
嘉義市,建物,嘉義市嘉義市國華街310號,0.0,,,,1051014,土地0建物0車位0,全,5,透天厝,見其他登記事項,見其他登記事項,1041110,30.0,1,0,1,有,無,有,8500,283,,0.0,0,含管理費、稅金或水電等費用。,RPUNMLSJJILFFAI88DC
嘉義市,房地(土地+建物),嘉義市嘉義市嘉義市新生路583號1+2樓,26.31,住,,,1051022,土地1建物1車位0,一層,12,住宅大樓(11層含以上有電梯),住商用,鋼筋混凝土造,0840926,149.08,0,0,0,無,有,無,15900,107,,0.0,0,,RPPOMLLKJILFFAI77CC
嘉義市,房地(土地+建物),嘉義市嘉義市中山路435號,133.0,商,,,1051109,土地1建物1車位0,全,2,透天厝,住商用,見其他登記事項,0380713,110.0,0,0,0,無,無,無,55000,500,,0.0,0,,RPPNMLLKJILFFAI87EC
嘉義市,建物,嘉義市嘉義市新 榮路349號,53.0,商,,,1051015,土地0建物1車位0,一層,5,店面(店鋪),住商用,鋼筋混凝土造,0791220,81.98,2,0,2,有,無,無,25000,305,,0.0,0,本項租賃僅有建物一層及地下層,RPVNMLMKJILFFAI48DC
嘉義市,房地(土地+建物),嘉義市嘉義市博東路115號5樓4,9.65,住,,,1051028,土地1建物1車位0,五層,22,住宅大樓(11層含以上有電梯),住家用,鋼筋混凝土造,0870319,79.56,2,2,1,有,有,有,10228,129,,0.0,0,續租。含稅金、二代健保等費用。,RPUNMLRKJILFFAI88DC
嘉義市,房地(土地+建物),嘉義市嘉義市博東路115號8樓4,9.65,住,,,1051028,土地1建物1車位0,八層,22,住宅大樓(11層含以上有電梯),住家用,鋼筋混凝土造,0870319,79.56,2,2,1,有,有,有,10228,129,,0.0,0,續租。含稅金、二代健保等費用。,RPWNMLRKJILFFAI09DC
嘉義市,房地(土地+建物),嘉義市嘉義市博東路117號12樓1,9.65,住,,,1051028,土地1建物1車位0,十二層,22,住宅大樓(11層含以上有電梯),住家用,鋼筋混凝土造,0870319,79.56,2,2,1,有,有,有,10228,129,,0.0,0,續租。含管理費、稅金或水電等費用。,RPXNMLRKJILFFAI56DC
嘉義市,房地(土地+建物),嘉義市嘉義市博東路117號3樓2,9.65,住,,,1051028,土地1建物1車位0,三層,22,住宅大樓(11層含以上有電梯),住家用,鋼筋混凝土造,0870319,84.41,2,2,1,有,有,有,10228,121,,0.0,0,續租。含稅金、二代健保等費用。,RPOOMLRKJILFFAI38DC
嘉義市,房地(土地+建物),嘉義市嘉義市忠孝路790-95號,13.06,住,,,1051102,土地1建物1車位0,一層,11,住宅大樓(11層含以上有電梯),住家用,鋼筋混凝土造,0841004,91.59,3,2,2,有,有,有,10000,109,,0.0,0,,RPWNMLLLJILFFAI58DC
嘉義市,房地(土地+建物),嘉義市嘉義市垂楊路259號2樓1,20.0,住,,,1051105,土地3建物1車位0,二層,5,公寓(5樓含以下無電梯),住家用,鋼筋混凝土造,0720507,70.36,0,0,0,無,無,無,10000,142,,0.0,0,,RPRNMLLLJILFFAI97CC
嘉義市,房地(土地+建物),嘉義市嘉義市垂楊路259號2樓2,16.6,住,,,1051112,土地2建物1車位0,二層,5,公寓(5樓含以下無電梯),住家用,鋼筋混凝土造,0720507,69.83,3,1,1,有,無,有,5000,72,,0.0,0,,RPVNMLLLJILFFAI38CC
嘉義市,建物,嘉義市嘉義市志昇街98號四樓之2,0.0,,,,1051031,土地0建物1車位0,四層,14,住宅大樓(11層含以上有電梯),住家用,鋼筋混凝土造,0931103,204.82999999999998,3,2,2,有,有,無,12000,59,,0.0,0,105年11月15日為起租日租金內含1350元管理費有一個含在大公設裡的坡道平面車位可使用,RPQOMLMLJILFFAI08CC
嘉義市,建物,嘉義市嘉義市國華街312號,0.0,,,,1051028,土地0建物0車位0,全,5,透天厝,見其他登記事項,見其他登記事項,1041110,16.72,1,0,1,有,無,有,7000,419,,0.0,0,,RPOOMLMLJILFFAI97DC
嘉義市,建物,嘉義市嘉義市國華街310號,0.0,,,,1051028,土地0建物0車位0,全,5,透天厝,見其他登記事項,見其他登記事項,1041110,40.5,1,1,1,有,無,有,9500,235,,0.0,0,,RPPOMLMLJILFFAI08DC
嘉義市,建物,嘉義市嘉義市國華街310號,0.0,,,,1051030,土地0建物0車位0,全,5,透天厝,見其他登記事項,見其他登記事項,1041110,30.0,1,0,1,有,無,有,8000,267,,0.0,0,含管理費、稅金或水電等費用。,RPRNMLQLJILFFAI58DC
嘉義市,建物,嘉義市嘉義市國華街306號,0.0,,,,1051101,土地0建物0車位0,全,5,透天厝,見其他登記事項,見其他登記事項,1041110,26.45,1,0,1,有,無,有,9000,340,,0.0,0,含管理費、稅金或水電等費用。,RPSNMLQLJILFFAI68DC
嘉義市,建物,嘉義市嘉義市國華街306號,0.0,,,,1051031,土地0建物0車位0,全,5,透天厝,見其他登記事項,見其他登記事項,1041110,20.0,1,0,1,有,無,有,6500,325,,0.0,0,含管理費、稅金或水電等費用。,RPTNMLQLJILFFAI78DC
嘉義市,建物,嘉義市嘉義市國華街306號,0.0,,,,1051104,土地0建物0車位0,全,5,透天厝,見其他登記事項,見其他登記事項,1041110,26.45,1,0,1,有,無,有,9000,340,,0.0,0,含管理費、稅金或水電等費用。,RPSNMLKMJILFFAI18DC
嘉義市,建物,嘉義市嘉義市國華街312號,0.0,,,,1051104,土地0建物0車位0,全,5,透天厝,見其他登記事項,見其他登記事項,1041110,16.72,1,0,1,有,無,有,6500,389,,0.0,0,,RPTNMLKMJILFFAI28DC
嘉義市,房地(土地+建物),嘉義市嘉義市博東路115號10樓2,14.48,住,,,1051105,土地1建物1車位0,十層,22,住宅大樓(11層含以上有電梯),住家用,鋼筋混凝土造,0870319,115.37,3,2,2,有,有,有,11000,95,,0.0,0,,RPUNMLKMJILFFAI38DC
嘉義市,房地(土地+建物),嘉義市嘉義市西區世賢路二段155號,93.0,住,,,1051201,土地1建物1車位0,全,4,透天厝,見其他登記事項,見其他登記事項,1000117,239.59,5,2,4,有,無,無,27000,113,,0.0,0,,RPUNMLPJKILFFAI58CC
嘉義市,房地(土地+建物),嘉義市嘉義市東區芳安路337巷9號,70.0,住,,,1051112,土地1建物1車位0,全,3,透天厝,住家用,鋼筋混凝土加強磚造,0671103,94.82,4,2,2,有,無,無,8000,84,,0.0,0,,RPVNMLPJKILFFAI68CC
嘉義市,房地(土地+建物),嘉義市嘉義市新生路747號,88.0,商,,,1051208,土地1建物1車位0,見其他登記事項,3,店面(店鋪),住商用,鋼筋混凝土加強磚造,0690228,195.55,4,2,5,有,無,無,27500,141,,0.0,0,,RPRNMLSJKILFFAI58CC
嘉義市,建物,嘉義市嘉義市嘉義市西區志昇街35號,0.0,住,,,1051124,土地0建物1車位0,一層,14,住宅大樓(11層含以上有電梯),住家用,鋼筋混凝土造,0931103,183.64,3,2,2,有,有,有,11000,60,,0.0,0,起租日105年12月12日有一個含在大公設的坡道平面式車位可使用月租金內含每月管理費和車位清潔費,RPOOMLTJKILFFAI48CC
嘉義市,建物,嘉義市嘉義市興仁街38巷67號6樓2,0.0,住,,,1051206,土地0建物1車位0,六層,9,華廈(10層含以下有電梯),住家用,鋼筋混凝土造,0831223,133.81,3,2,2,有,有,有,9000,67,,0.0,0,起租日105年12月10日月租月內含每月管理費,RPPOMLTJKILFFAI58CC
嘉義市,房地(土地+建物)+車位,嘉義市嘉義市文化路432巷52號2樓1,25.19,住,,,1051120,土地1建物1車位1,二層,10,華廈(10層含以下有電梯),住家用,鋼筋混凝土造,0801125,120.53,4,2,2,有,有,無,9000,75,坡道機械,0.0,0,,RPOOMLOKKILFFAI18DC
嘉義市,房地(土地+建物),嘉義市嘉義市博東路159號15樓3,9.65,住,,,1051203,土地1建物1車位0,十五層,22,住宅大樓(11層含以上有電梯),住家用,鋼筋混凝土造,0870319,83.95,2,2,1,有,有,有,9000,107,,0.0,0,,RPQOMLOKKILFFAI38DC
嘉義市,房地(土地+建物),嘉義市嘉義市垂楊路836號,233.0,住,,,1051218,土地1建物1車位0,全,2,透天厝,住商用,見其他登記事項,0660114,269.48,0,0,0,無,無,有,35000,130,,0.0,0,,RPRNMLTKKILFFAI78CC
嘉義市,房地(土地+建物),嘉義市嘉義市博東路151號10樓4,18.5,住,,,1051126,土地1建物1車位0,十層,22,住宅大樓(11層含以上有電梯),住家用,鋼筋混凝土造,0870319,147.54,4,2,2,有,有,有,12000,81,,0.0,0,,RPTNMLKLKILFFAI28DC
嘉義市,房地(土地+建物),嘉義市嘉義市新生路166號,87.0,住,,,1051221,土地1建物1車位0,全,2,透天厝,住家用,加強磚造,0571208,105.93,0,0,0,無,無,無,25000,236,,0.0,0,,RPSNMLMLKILFFAI28CC
嘉義市,房地(土地+建物),嘉義市嘉義市重興里北興街172巷7號,60.0,住,,,1051201,土地2建物1車位0,全,2,透天厝,住家用,鋼筋混凝土加強磚造,0720514,86.87,5,2,2,有,無,無,8000,92,,0.0,0,,RPTNMLNLKILFFAI58DC
嘉義市,房地(土地+建物),嘉義市嘉義市泰瑞四街78號,49.63,住,,,1051206,土地1建物1車位0,一層,6,華廈(10層含以下有電梯),住商用,鋼筋混凝土造,0870611,245.37,2,2,2,有,有,無,11000,45,,0.0,0,含管理費。,RPQOMLSLKILFFAI88DC
嘉義市,房地(土地+建物),嘉義市嘉義市芳安路197巷38號,62.0,住,,,1051217,土地1建物1車位0,全,2,透天厝,住家用,鋼筋混凝土加強磚造,0630402,73.89,4,2,2,有,無,有,11000,149,,0.0,0,,RPPOMLKMKILFFAI97CC
嘉義市,房地(土地+建物),嘉義市嘉義市光正街53巷6之1號,93.0,其他,,,1051214,土地1建物1車位0,全,3,透天厝,住家用,鋼筋混凝土造,0851120,65.97,12,1,6,有,無,無,15000,227,,0.0,0,,RPPNMLLMKILFFAI97CC
嘉義市,房地(土地+建物),嘉義市嘉義市林森東路41號,154.0,其他,,,1051227,土地1建物1車位0,一層,7,華廈(10層含以下有電梯),住商用,鋼筋混凝土造,0820802,171.9,0,0,0,無,無,無,25000,145,,0.0,0,,RPUNMLLMKILFFAI48CC
嘉義市,建物,嘉義市嘉義市國華街306號,0.0,,,,1051217,土地0建物0車位0,全,5,透天厝,見其他登記事項,見其他登記事項,1041110,20.0,1,0,1,有,無,有,7000,350,,0.0,0,含管理費、稅金或水電等費用。,RPSNMLLKJHMFFAI08DC
嘉義市,建物,嘉義市嘉義市國華街310號,0.0,,,,1051218,土地0建物0車位0,全,5,透天厝,見其他登記事項,見其他登記事項,1041110,16.72,1,0,1,有,無,有,7000,419,,0.0,0,含管理費、稅金或水電等費用。,RPTNMLLKJHMFFAI18DC
嘉義市,房地(土地+建物),嘉義市嘉義市博東路117號3樓2,9.65,住,,,1051223,土地1建物1車位0,三層,22,住宅大樓(11層含以上有電梯),住家用,鋼筋混凝土造,0870319,84.41,2,2,1,有,有,有,10228,121,,0.0,0,含稅金、二代健保等費用。,RPWNMLRKJHMFFAI09DC
嘉義市,房地(土地+建物),嘉義市嘉義市博東路157號3樓1,14.47,住,,,1051227,土地1建物1車位0,三層,22,住宅大樓(11層含以上有電梯),住家用,鋼筋混凝土造,0870319,117.99,2,2,2,有,有,有,10000,85,,0.0,0,,RPXNMLRKJHMFFAI56DC
嘉義市,房地(土地+建物)+車位,嘉義市嘉義市博東路153號15樓之3,18.5,住,,,1051220,土地1建物1車位1,十五層,22,住宅大樓(11層含以上有電梯),住家用,鋼筋混凝土造,0870319,150.53,4,2,2,有,有,有,13000,86,坡道平面,30.51,0,,RPQOMLRKJHMFFAI48CC
嘉義市,房地(土地+建物),嘉義市嘉義市博東路153號8樓1,13.68,住,,,1051228,土地1建物1車位0,八層,22,住宅大樓(11層含以上有電梯),住家用,鋼筋混凝土造,0870319,119.62,3,1,2,有,無,有,10000,84,,0.0,0,,RPROMLRKJHMFFAI58CC
嘉義市,房地(土地+建物),嘉義市嘉義市博東路153號14樓3,18.5,住,,,1051230,土地1建物1車位0,十四層,22,住宅大樓(11層含以上有電梯),住家用,鋼筋混凝土造,0870319,150.51,4,2,2,有,有,有,12000,80,,0.0,0,,RPSOMLRKJHMFFAI68CC
嘉義市,房地(土地+建物),嘉義市嘉義市安樂街1號,63.63,住,,,1060101,土地1建物1車位0,二層,7,華廈(10層含以下有電梯),住商用,鋼筋混凝土造,0830409,127.26,0,0,0,無,無,無,35000,275,,0.0,0,,RPUNMLSKJHMFFAI88CC
嘉義市,房地(土地+建物),嘉義市嘉義市保健街36-26號11樓3,20.51,住,,,1051220,土地1建物1車位0,十一層,12,住宅大樓(11層含以上有電梯),住家用,鋼筋混凝土造,0820623,117.56,3,2,2,有,有,有,10000,85,,0.0,0,,RPOOMLTKJHMFFAI48CC
嘉義市,房地(土地+建物),嘉義市嘉義市博東路155號2樓1,14.48,住,,,1060105,土地1建物1車位0,二層,22,住宅大樓(11層含以上有電梯),住家用,鋼筋混凝土造,0870319,119.94,3,2,2,有,有,有,10000,83,,0.0,0,,RPTOMLNLJHMFFAI58DC
