﻿編號,土地位置,土地移轉面積(平方公尺),使用分區或編定,權利人持分分母,權利人持分分子,移轉情形,地號
The serial number, land position,land shifting area square meter,the use zoning or compiles and checks,,,,land parcel
RPPPMLOJJHMFFBJ18CB,莊敬段,12.19,都市：商,100000,139,持分移轉,06570000
RPWPMLOJJHMFFBJ88CB,莊敬段,12.19,都市：商,100000,139,持分移轉,06570000
RPTNMLOJJHMFFBJ38CB,莊敬段,11.22,都市：商,100000,128,持分移轉,06570000
RPVOMLOJJHMFFBJ68CB,莊敬段,12.19,都市：商,100000,139,持分移轉,06570000
RPXOMLOJJHMFFBJ88CB,莊敬段,12.19,都市：商,100000,139,持分移轉,06570000
RPTOMLOJJHMFFBJ48CB,莊敬段,12.19,都市：商,100000,139,持分移轉,06570000
RPUPMLOJJHMFFBJ68CB,莊敬段,13.94,都市：商,100000,159,持分移轉,06570000
RPVPMLOJJHMFFBJ78CB,莊敬段,12.19,都市：商,100000,139,持分移轉,06570000
RPXPMLOJJHMFFBJ98CB,莊敬段,12.19,都市：商,100000,139,持分移轉,06570000
RPSPMLOJJHMFFBJ48CB,莊敬段,13.94,都市：商,100000,159,持分移轉,06570000
RPPQMLOJJHMFFBJ28CB,莊敬段,12.19,都市：商,100000,139,持分移轉,06570000
RPTQMLOJJHMFFBJ68CB,莊敬段,12.19,都市：商,100000,139,持分移轉,06570000
RPRQMLOJJHMFFBJ48CB,莊敬段,12.19,都市：商,100000,139,持分移轉,06570000
RPXQMLOJJHMFFBJ09CB,莊敬段,17.27,都市：商,100000,197,持分移轉,06570000
RPPRMLOJJHMFFBJ38CB,莊敬段,17.27,都市：商,100000,197,持分移轉,06570000
RPRRMLOJJHMFFBJ58CB,莊敬段,36.82,都市：商,100000,420,持分移轉,06570000
RPVRMLOJJHMFFBJ98CB,莊敬段,9.38,都市：商,100000,107,持分移轉,06570000
RPWQMLOJJHMFFBJ98CB,莊敬段,17.97,都市：商,100000,205,持分移轉,06570000
RPTRMLOJJHMFFBJ78CB,莊敬段,9.38,都市：商,100000,107,持分移轉,06570000
RPXRMLOJJHMFFBJ56CB,莊敬段,9.38,都市：商,100000,107,持分移轉,06570000
RPPSMLOJJHMFFBJ48CB,莊敬段,9.38,都市：商,100000,107,持分移轉,06570000
RPPTMLOJJHMFFBJ58CB,莊敬段,9.38,都市：商,100000,107,持分移轉,06570000
RPTSMLOJJHMFFBJ88CB,莊敬段,9.38,都市：商,100000,107,持分移轉,06570000
RPWSMLOJJHMFFBJ56CB,莊敬段,9.38,都市：商,100000,107,持分移轉,06570000
RPSSMLOJJHMFFBJ78CB,莊敬段,9.38,都市：商,100000,107,持分移轉,06570000
RPQSMLOJJHMFFBJ58CB,莊敬段,9.38,都市：商,100000,107,持分移轉,06570000
RPUSMLOJJHMFFBJ98CB,莊敬段,9.38,都市：商,100000,107,持分移轉,06570000
RPTTMLOJJHMFFBJ98CB,莊敬段,12.10,都市：商,100000,138,持分移轉,06570000
RPRTMLOJJHMFFBJ78CB,莊敬段,9.38,都市：商,100000,107,持分移轉,06570000
RPQUMLOJJHMFFBJ78CB,莊敬段,12.10,都市：商,100000,138,持分移轉,06570000
RPSUMLOJJHMFFBJ98CB,莊敬段,12.10,都市：商,100000,138,持分移轉,06570000
RPTUMLOJJHMFFBJ09CB,莊敬段,12.10,都市：商,100000,138,持分移轉,06570000
RPOUMLOJJHMFFBJ58CB,莊敬段,12.10,都市：商,100000,138,持分移轉,06570000
RPPUMLOJJHMFFBJ68CB,莊敬段,13.85,都市：商,100000,158,持分移轉,06570000
RPUTMLOJJHMFFBJ09CB,莊敬段,12.10,都市：商,100000,138,持分移轉,06570000
RPXTMLOJJHMFFBJ76CB,莊敬段,12.10,都市：商,100000,138,持分移轉,06570000
RPWTMLOJJHMFFBJ66CB,莊敬段,12.10,都市：商,100000,138,持分移轉,06570000
RPUUMLOJJHMFFBJ56CB,莊敬段,12.10,都市：商,100000,138,持分移轉,06570000
RPXUMLOJJHMFFBJ86CB,莊敬段,18.32,都市：商,100000,209,持分移轉,06570000
RPOVMLOJJHMFFBJ68CB,莊敬段,17.71,都市：商,100000,202,持分移轉,06570000
RPVUMLOJJHMFFBJ66CB,莊敬段,12.10,都市：商,100000,138,持分移轉,06570000
RPQVMLOJJHMFFBJ88CB,莊敬段,17.71,都市：商,100000,202,持分移轉,06570000
RPUVMLOJJHMFFBJ66CB,莊敬段,9.56,都市：商,100000,109,持分移轉,06570000
RPXVMLOJJHMFFBJ96CB,莊敬段,9.38,都市：商,100000,107,持分移轉,06570000
RPPVMLOJJHMFFBJ78CB,莊敬段,17.71,都市：商,100000,202,持分移轉,06570000
RPRWMLOJJHMFFBJ09CB,莊敬段,9.38,都市：商,100000,107,持分移轉,06570000
RPPWMLOJJHMFFBJ88CB,莊敬段,9.38,都市：商,100000,107,持分移轉,06570000
RPUWMLOJJHMFFBJ76CB,莊敬段,9.38,都市：商,100000,107,持分移轉,06570000
RPPNNLOJJHMFFBJ08CB,莊敬段,9.38,都市：商,100000,107,持分移轉,06570000
RPWWMLOJJHMFFBJ96CB,莊敬段,9.38,都市：商,100000,107,持分移轉,06570000
RPUNNLOJJHMFFBJ58CB,莊敬段,9.38,都市：商,100000,107,持分移轉,06570000
RPONNLOJJHMFFBJ97CB,莊敬段,9.38,都市：商,100000,107,持分移轉,06570000
RPRNNLOJJHMFFBJ28CB,莊敬段,9.38,都市：商,100000,107,持分移轉,06570000
RPTNNLOJJHMFFBJ48CB,莊敬段,9.38,都市：商,100000,107,持分移轉,06570000
RPWNNLOJJHMFFBJ78CB,莊敬段,9.38,都市：商,100000,107,持分移轉,06570000
RPRONLOJJHMFFBJ38CB,莊敬段,9.38,都市：商,100000,107,持分移轉,06570000
RPPPNLOJJHMFFBJ28CB,莊敬段,9.38,都市：商,100000,107,持分移轉,06570000
RPVNNLOJJHMFFBJ68CB,莊敬段,9.38,都市：商,100000,107,持分移轉,06570000
RPSONLOJJHMFFBJ48CB,莊敬段,9.38,都市：商,100000,107,持分移轉,06570000
RPTONLOJJHMFFBJ58CB,莊敬段,9.38,都市：商,100000,107,持分移轉,06570000
RPQONLOJJHMFFBJ28CB,莊敬段,9.38,都市：商,100000,107,持分移轉,06570000
RPWONLOJJHMFFBJ88CB,莊敬段,9.38,都市：商,100000,107,持分移轉,06570000
RPXONLOJJHMFFBJ98CB,莊敬段,9.38,都市：商,100000,107,持分移轉,06570000
RPQPNLOJJHMFFBJ38CB,莊敬段,9.38,都市：商,100000,107,持分移轉,06570000
RPUPNLOJJHMFFBJ78CB,莊敬段,42.61,都市：商,100000,486,持分移轉,06570000
RPOONLOJJHMFFBJ08CB,莊敬段,9.38,都市：商,100000,107,持分移轉,06570000
RPRPNLOJJHMFFBJ48CB,莊敬段,9.38,都市：商,100000,107,持分移轉,06570000
RPVPNLOJJHMFFBJ88CB,莊敬段,9.91,都市：商,100000,113,持分移轉,06570000
RPWPNLOJJHMFFBJ98CB,莊敬段,10.87,都市：商,100000,124,持分移轉,06570000
RPPQNLOJJHMFFBJ38CB,莊敬段,10.87,都市：商,100000,124,持分移轉,06570000
RPXPNLOJJHMFFBJ09CB,莊敬段,10.87,都市：商,100000,124,持分移轉,06570000
RPRQNLOJJHMFFBJ58CB,莊敬段,10.87,都市：商,100000,124,持分移轉,06570000
RPXQNLOJJHMFFBJ56CB,莊敬段,10.87,都市：商,100000,124,持分移轉,06570000
RPSQNLOJJHMFFBJ68CB,莊敬段,10.87,都市：商,100000,124,持分移轉,06570000
RPVQNLOJJHMFFBJ98CB,莊敬段,10.87,都市：商,100000,124,持分移轉,06570000
RPWRNLOJJHMFFBJ56CB,莊敬段,8.77,都市：商,100000,100,持分移轉,06570000
RPURNLOJJHMFFBJ98CB,莊敬段,10.87,都市：商,100000,124,持分移轉,06570000
RPTRNLOJJHMFFBJ88CB,莊敬段,10.87,都市：商,100000,124,持分移轉,06570000
RPOSNLOJJHMFFBJ48CB,莊敬段,8.68,都市：商,100000,99,持分移轉,06570000
RPPRNLOJJHMFFBJ48CB,莊敬段,10.87,都市：商,100000,124,持分移轉,06570000
RPVRNLOJJHMFFBJ09CB,莊敬段,10.87,都市：商,100000,124,持分移轉,06570000
RPSRNLOJJHMFFBJ78CB,莊敬段,10.87,都市：商,100000,124,持分移轉,06570000
RPXRNLOJJHMFFBJ66CB,莊敬段,8.68,都市：商,100000,99,持分移轉,06570000
RPORNLOJJHMFFBJ38CB,莊敬段,10.87,都市：商,100000,124,持分移轉,06570000
RPQRNLOJJHMFFBJ58CB,莊敬段,10.87,都市：商,100000,124,持分移轉,06570000
RPVSNLOJJHMFFBJ56CB,莊敬段,8.68,都市：商,100000,99,持分移轉,06570000
RPPTNLOJJHMFFBJ68CB,莊敬段,8.68,都市：商,100000,99,持分移轉,06570000
RPSSNLOJJHMFFBJ88CB,莊敬段,8.68,都市：商,100000,99,持分移轉,06570000
RPUSNLOJJHMFFBJ09CB,莊敬段,8.68,都市：商,100000,99,持分移轉,06570000
RPOTNLOJJHMFFBJ58CB,莊敬段,8.68,都市：商,100000,99,持分移轉,06570000
RPXSNLOJJHMFFBJ76CB,莊敬段,8.68,都市：商,100000,99,持分移轉,06570000
RPQTNLOJJHMFFBJ78CB,莊敬段,8.68,都市：商,100000,99,持分移轉,06570000
RPWSNLOJJHMFFBJ66CB,莊敬段,8.68,都市：商,100000,99,持分移轉,06570000
RPRTNLOJJHMFFBJ88CB,莊敬段,8.68,都市：商,100000,99,持分移轉,06570000
RPVTNLOJJHMFFBJ66CB,莊敬段,8.68,都市：商,100000,99,持分移轉,06570000
RPUTNLOJJHMFFBJ56CB,莊敬段,8.68,都市：商,100000,99,持分移轉,06570000
RPSTNLOJJHMFFBJ98CB,莊敬段,8.68,都市：商,100000,99,持分移轉,06570000
RPTSNLOJJHMFFBJ98CB,莊敬段,8.68,都市：商,100000,99,持分移轉,06570000
RPWTNLOJJHMFFBJ76CB,莊敬段,8.68,都市：商,100000,99,持分移轉,06570000
RPPSNLOJJHMFFBJ58CB,莊敬段,8.68,都市：商,100000,99,持分移轉,06570000
RPTUNLOJJHMFFBJ56CB,莊敬段,8.68,都市：商,100000,99,持分移轉,06570000
RPUUNLOJJHMFFBJ66CB,莊敬段,8.68,都市：商,100000,99,持分移轉,06570000
RPRVNLOJJHMFFBJ09CB,莊敬段,10.87,都市：商,100000,124,持分移轉,06570000
RPWVNLOJJHMFFBJ96CB,莊敬段,10.87,都市：商,100000,124,持分移轉,06570000
RPXUNLOJJHMFFBJ96CB,莊敬段,9.91,都市：商,100000,113,持分移轉,06570000
RPQVNLOJJHMFFBJ98CB,莊敬段,10.87,都市：商,100000,124,持分移轉,06570000
RPRUNLOJJHMFFBJ98CB,莊敬段,8.68,都市：商,100000,99,持分移轉,06570000
RPRWNLOJJHMFFBJ56CB,莊敬段,10.87,都市：商,100000,124,持分移轉,06570000
RPSWNLOJJHMFFBJ66CB,莊敬段,10.87,都市：商,100000,124,持分移轉,06570000
RPVWNLOJJHMFFBJ96CB,莊敬段,10.87,都市：商,100000,124,持分移轉,06570000
RPXWNLOJJHMFFBJ17CB,莊敬段,9.56,都市：商,100000,109,持分移轉,06570000
RPWWNLOJJHMFFBJ07CB,莊敬段,10.87,都市：商,100000,124,持分移轉,06570000
RPRNOLOJJHMFFBJ38CB,莊敬段,9.38,都市：商,100000,107,持分移轉,06570000
RPWNOLOJJHMFFBJ88CB,莊敬段,9.38,都市：商,100000,107,持分移轉,06570000
RPOOOLOJJHMFFBJ18CB,莊敬段,9.38,都市：商,100000,107,持分移轉,06570000
RPUNOLOJJHMFFBJ68CB,莊敬段,11.13,都市：商,100000,127,持分移轉,06570000
RPOWNLOJJHMFFBJ88CB,莊敬段,10.87,都市：商,100000,124,持分移轉,06570000
RPUWNLOJJHMFFBJ86CB,莊敬段,10.87,都市：商,100000,124,持分移轉,06570000
RPQNOLOJJHMFFBJ28CB,莊敬段,9.38,都市：商,100000,107,持分移轉,06570000
RPVOOLOJJHMFFBJ88CB,莊敬段,9.38,都市：商,100000,107,持分移轉,06570000
RPRPOLOJJHMFFBJ58CB,莊敬段,10.70,都市：商,100000,122,持分移轉,06570000
RPWOOLOJJHMFFBJ98CB,莊敬段,35.33,都市：商,100000,403,持分移轉,06570000
RPQPOLOJJHMFFBJ48CB,莊敬段,10.70,都市：商,100000,122,持分移轉,06570000
RPPPOLOJJHMFFBJ38CB,莊敬段,10.70,都市：商,100000,122,持分移轉,06570000
RPROOLOJJHMFFBJ48CB,莊敬段,9.38,都市：商,100000,107,持分移轉,06570000
RPXOOLOJJHMFFBJ09CB,莊敬段,10.70,都市：商,100000,122,持分移轉,06570000
RPSOOLOJJHMFFBJ58CB,莊敬段,9.38,都市：商,100000,107,持分移轉,06570000
RPUOOLOJJHMFFBJ78CB,莊敬段,9.38,都市：商,100000,107,持分移轉,06570000
RPQOOLOJJHMFFBJ38CB,莊敬段,9.38,都市：商,100000,107,持分移轉,06570000
RPSPOLOJJHMFFBJ68CB,莊敬段,10.70,都市：商,100000,122,持分移轉,06570000
RPUPOLOJJHMFFBJ88CB,莊敬段,10.70,都市：商,100000,122,持分移轉,06570000
RPTPOLOJJHMFFBJ78CB,莊敬段,10.70,都市：商,100000,122,持分移轉,06570000
RPPQOLOJJHMFFBJ48CB,莊敬段,9.38,都市：商,100000,107,持分移轉,06570000
RPVPOLOJJHMFFBJ98CB,莊敬段,10.70,都市：商,100000,122,持分移轉,06570000
RPOQOLOJJHMFFBJ38CB,莊敬段,9.38,都市：商,100000,107,持分移轉,06570000
RPWPOLOJJHMFFBJ09CB,莊敬段,9.38,都市：商,100000,107,持分移轉,06570000
RPQQOLOJJHMFFBJ58CB,莊敬段,9.38,都市：商,100000,107,持分移轉,06570000
RPXPOLOJJHMFFBJ56CB,莊敬段,9.38,都市：商,100000,107,持分移轉,06570000
RPRQOLOJJHMFFBJ68CB,莊敬段,9.38,都市：商,100000,107,持分移轉,06570000
RPUQOLOJJHMFFBJ98CB,莊敬段,9.38,都市：商,100000,107,持分移轉,06570000
RPVQOLOJJHMFFBJ09CB,莊敬段,9.38,都市：商,100000,107,持分移轉,06570000
RPOROLOJJHMFFBJ48CB,莊敬段,9.38,都市：商,100000,107,持分移轉,06570000
RPTQOLOJJHMFFBJ88CB,莊敬段,9.38,都市：商,100000,107,持分移轉,06570000
RPSQOLOJJHMFFBJ78CB,莊敬段,9.38,都市：商,100000,107,持分移轉,06570000
RPRROLOJJHMFFBJ78CB,莊敬段,9.38,都市：商,100000,107,持分移轉,06570000
RPXQOLOJJHMFFBJ66CB,莊敬段,9.38,都市：商,100000,107,持分移轉,06570000
RPQROLOJJHMFFBJ68CB,莊敬段,9.38,都市：商,100000,107,持分移轉,06570000
RPVROLOJJHMFFBJ56CB,莊敬段,9.38,都市：商,100000,107,持分移轉,06570000
RPPROLOJJHMFFBJ58CB,莊敬段,9.38,都市：商,100000,107,持分移轉,06570000
RPWROLOJJHMFFBJ66CB,莊敬段,11.13,都市：商,100000,127,持分移轉,06570000
RPUROLOJJHMFFBJ09CB,莊敬段,9.38,都市：商,100000,107,持分移轉,06570000
RPXROLOJJHMFFBJ76CB,莊敬段,12.01,都市：商,100000,137,持分移轉,06570000
RPTROLOJJHMFFBJ98CB,莊敬段,9.38,都市：商,100000,107,持分移轉,06570000
RPOSOLOJJHMFFBJ58CB,莊敬段,12.01,都市：商,100000,137,持分移轉,06570000
RPQSOLOJJHMFFBJ78CB,莊敬段,13.77,都市：商,100000,157,持分移轉,06570000
RPPSOLOJJHMFFBJ68CB,莊敬段,12.01,都市：商,100000,137,持分移轉,06570000
RPRSOLOJJHMFFBJ88CB,莊敬段,12.01,都市：商,100000,137,持分移轉,06570000
RPSSOLOJJHMFFBJ98CB,莊敬段,12.01,都市：商,100000,137,持分移轉,06570000
RPUSOLOJJHMFFBJ56CB,莊敬段,12.01,都市：商,100000,137,持分移轉,06570000
RPVSOLOJJHMFFBJ66CB,莊敬段,12.01,都市：商,100000,137,持分移轉,06570000
RPPTOLOJJHMFFBJ78CB,莊敬段,12.01,都市：商,100000,137,持分移轉,06570000
RPXSOLOJJHMFFBJ86CB,莊敬段,12.01,都市：商,100000,137,持分移轉,06570000
RPRTOLOJJHMFFBJ98CB,莊敬段,9.38,都市：商,100000,107,持分移轉,06570000
RPSTOLOJJHMFFBJ09CB,莊敬段,9.38,都市：商,100000,107,持分移轉,06570000
RPTSOLOJJHMFFBJ09CB,莊敬段,12.01,都市：商,100000,137,持分移轉,06570000
RPOOMLPJJHMFFBJ08CB,莊敬段,9.38,都市：商,100000,107,持分移轉,06570000
RPWSOLOJJHMFFBJ76CB,莊敬段,12.01,都市：商,100000,137,持分移轉,06570000
RPSOMLPJJHMFFBJ48CB,莊敬段,9.38,都市：商,100000,107,持分移轉,06570000
RPTOMLPJJHMFFBJ58CB,莊敬段,9.38,都市：商,100000,107,持分移轉,06570000
RPQTOLOJJHMFFBJ88CB,莊敬段,12.01,都市：商,100000,137,持分移轉,06570000
RPROMLPJJHMFFBJ38CB,莊敬段,9.38,都市：商,100000,107,持分移轉,06570000
RPTTOLOJJHMFFBJ56CB,莊敬段,12.10,都市：商,100000,138,持分移轉,06570000
RPPOMLPJJHMFFBJ18CB,莊敬段,9.38,都市：商,100000,107,持分移轉,06570000
RPXOMLPJJHMFFBJ98CB,莊敬段,9.38,都市：商,100000,107,持分移轉,06570000
RPUOMLPJJHMFFBJ68CB,莊敬段,9.38,都市：商,100000,107,持分移轉,06570000
RPVOMLPJJHMFFBJ78CB,莊敬段,9.38,都市：商,100000,107,持分移轉,06570000
RPWOMLPJJHMFFBJ88CB,莊敬段,9.38,都市：商,100000,107,持分移轉,06570000
RPPPMLPJJHMFFBJ28CB,莊敬段,9.38,都市：商,100000,107,持分移轉,06570000
RPOPMLPJJHMFFBJ18CB,莊敬段,9.38,都市：商,100000,107,持分移轉,06570000
RPXPMLPJJHMFFBJ09CB,莊敬段,11.92,都市：商,100000,136,持分移轉,06570000
RPTPMLPJJHMFFBJ68CB,莊敬段,9.38,都市：商,100000,107,持分移轉,06570000
RPUPMLPJJHMFFBJ78CB,莊敬段,9.38,都市：商,100000,107,持分移轉,06570000
RPWPMLPJJHMFFBJ98CB,莊敬段,11.13,都市：商,100000,127,持分移轉,06570000
RPSPMLPJJHMFFBJ58CB,莊敬段,9.38,都市：商,100000,107,持分移轉,06570000
RPRPMLPJJHMFFBJ48CB,莊敬段,9.38,都市：商,100000,107,持分移轉,06570000
RPRQMLPJJHMFFBJ58CB,莊敬段,11.92,都市：商,100000,136,持分移轉,06570000
RPOQMLPJJHMFFBJ28CB,莊敬段,11.92,都市：商,100000,136,持分移轉,06570000
RPSQMLPJJHMFFBJ68CB,莊敬段,11.92,都市：商,100000,136,持分移轉,06570000
RPUQMLPJJHMFFBJ88CB,莊敬段,11.92,都市：商,100000,136,持分移轉,06570000
RPORMLPJJHMFFBJ38CB,莊敬段,9.38,都市：商,100000,107,持分移轉,06570000
RPXQMLPJJHMFFBJ56CB,莊敬段,11.92,都市：商,100000,136,持分移轉,06570000
RPPRMLPJJHMFFBJ48CB,莊敬段,9.38,都市：商,100000,107,持分移轉,06570000
RPQRMLPJJHMFFBJ58CB,莊敬段,9.38,都市：商,100000,107,持分移轉,06570000
RPTQMLPJJHMFFBJ78CB,莊敬段,11.92,都市：商,100000,136,持分移轉,06570000
RPVRMLPJJHMFFBJ09CB,莊敬段,9.38,都市：商,100000,107,持分移轉,06570000
RPWQMLPJJHMFFBJ09CB,莊敬段,13.68,都市：商,100000,156,持分移轉,06570000
RPSRMLPJJHMFFBJ78CB,莊敬段,9.38,都市：商,100000,107,持分移轉,06570000
RPURMLPJJHMFFBJ98CB,莊敬段,9.38,都市：商,100000,107,持分移轉,06570000
RPXRMLPJJHMFFBJ66CB,莊敬段,9.38,都市：商,100000,107,持分移轉,06570000
RPPSMLPJJHMFFBJ58CB,莊敬段,9.38,都市：商,100000,107,持分移轉,06570000
RPSSMLPJJHMFFBJ88CB,莊敬段,9.38,都市：商,100000,107,持分移轉,06570000
RPVSMLPJJHMFFBJ56CB,莊敬段,9.38,都市：商,100000,107,持分移轉,06570000
RPQTMLPJJHMFFBJ78CB,莊敬段,9.38,都市：商,100000,107,持分移轉,06570000
RPSTMLPJJHMFFBJ98CB,莊敬段,9.38,都市：商,100000,107,持分移轉,06570000
RPRSMLPJJHMFFBJ78CB,莊敬段,9.38,都市：商,100000,107,持分移轉,06570000
RPXSMLPJJHMFFBJ76CB,莊敬段,9.38,都市：商,100000,107,持分移轉,06570000
RPOUMLPJJHMFFBJ68CB,莊敬段,10.70,都市：商,100000,122,持分移轉,06570000
RPXTMLPJJHMFFBJ86CB,莊敬段,9.38,都市：商,100000,107,持分移轉,06570000
RPUTMLPJJHMFFBJ56CB,莊敬段,9.38,都市：商,100000,107,持分移轉,06570000
RPQUMLPJJHMFFBJ88CB,莊敬段,10.70,都市：商,100000,122,持分移轉,06570000
RPRUMLPJJHMFFBJ98CB,莊敬段,10.70,都市：商,100000,122,持分移轉,06570000
RPVUMLPJJHMFFBJ76CB,莊敬段,10.70,都市：商,100000,122,持分移轉,06570000
RPSUMLPJJHMFFBJ09CB,莊敬段,10.70,都市：商,100000,122,持分移轉,06570000
RPWUMLPJJHMFFBJ86CB,莊敬段,10.70,都市：商,100000,122,持分移轉,06570000
RPUUMLPJJHMFFBJ66CB,莊敬段,10.70,都市：商,100000,122,持分移轉,06570000
RPXUMLPJJHMFFBJ96CB,莊敬段,10.70,都市：商,100000,122,持分移轉,06570000
RPTVMLPJJHMFFBJ66CB,莊敬段,10.70,都市：商,100000,122,持分移轉,06570000
RPOVMLPJJHMFFBJ78CB,莊敬段,10.70,都市：商,100000,122,持分移轉,06570000
RPQVMLPJJHMFFBJ98CB,莊敬段,10.70,都市：商,100000,122,持分移轉,06570000
RPTWMLPJJHMFFBJ76CB,莊敬段,8.68,都市：商,100000,99,持分移轉,06570000
RPVVMLPJJHMFFBJ86CB,莊敬段,10.70,都市：商,100000,122,持分移轉,06570000
RPWWMLPJJHMFFBJ07CB,莊敬段,8.68,都市：商,100000,99,持分移轉,06570000
RPPWMLPJJHMFFBJ98CB,莊敬段,8.68,都市：商,100000,99,持分移轉,06570000
RPVWMLPJJHMFFBJ96CB,莊敬段,8.68,都市：商,100000,99,持分移轉,06570000
RPRWMLPJJHMFFBJ56CB,莊敬段,8.68,都市：商,100000,99,持分移轉,06570000
RPWVMLPJJHMFFBJ96CB,莊敬段,10.70,都市：商,100000,122,持分移轉,06570000
RPXWMLPJJHMFFBJ17CB,莊敬段,8.68,都市：商,100000,99,持分移轉,06570000
RPQNNLPJJHMFFBJ28CB,莊敬段,8.68,都市：商,100000,99,持分移轉,06570000
RPUNNLPJJHMFFBJ68CB,莊敬段,8.68,都市：商,100000,99,持分移轉,06570000
RPPNNLPJJHMFFBJ18CB,莊敬段,8.68,都市：商,100000,99,持分移轉,06570000
RPXNNLPJJHMFFBJ98CB,莊敬段,8.68,都市：商,100000,99,持分移轉,06570000
RPPONLPJJHMFFBJ28CB,莊敬段,8.68,都市：商,100000,99,持分移轉,06570000
RPQONLPJJHMFFBJ38CB,莊敬段,11.22,都市：商,100000,128,持分移轉,06570000
RPSONLPJJHMFFBJ58CB,莊敬段,12.19,都市：商,100000,139,持分移轉,06570000
RPONNLPJJHMFFBJ08CB,莊敬段,8.68,都市：商,100000,99,持分移轉,06570000
RPVONLPJJHMFFBJ88CB,莊敬段,12.19,都市：商,100000,139,持分移轉,06570000
RPRNNLPJJHMFFBJ38CB,莊敬段,8.68,都市：商,100000,99,持分移轉,06570000
RPWONLPJJHMFFBJ98CB,莊敬段,12.19,都市：商,100000,139,持分移轉,06570000
RPXONLPJJHMFFBJ09CB,莊敬段,12.19,都市：商,100000,139,持分移轉,06570000
RPQPNLPJJHMFFBJ48CB,莊敬段,13.94,都市：商,100000,159,持分移轉,06570000
RPPPNLPJJHMFFBJ38CB,莊敬段,12.19,都市：商,100000,139,持分移轉,06570000
RPTPNLPJJHMFFBJ78CB,莊敬段,36.82,都市：商,100000,420,持分移轉,06570000
RPWNNLPJJHMFFBJ88CB,莊敬段,8.68,都市：商,100000,99,持分移轉,06570000
RPSPNLPJJHMFFBJ68CB,莊敬段,17.27,都市：商,100000,197,持分移轉,06570000
RPWPNLPJJHMFFBJ09CB,莊敬段,9.38,都市：商,100000,107,持分移轉,06570000
RPTONLPJJHMFFBJ68CB,莊敬段,12.19,都市：商,100000,139,持分移轉,06570000
RPVPNLPJJHMFFBJ98CB,莊敬段,9.38,都市：商,100000,107,持分移轉,06570000
RPUONLPJJHMFFBJ78CB,莊敬段,12.19,都市：商,100000,139,持分移轉,06570000
RPOQNLPJJHMFFBJ38CB,莊敬段,9.38,都市：商,100000,107,持分移轉,06570000
RPOPNLPJJHMFFBJ28CB,莊敬段,12.19,都市：商,100000,139,持分移轉,06570000
RPRQNLPJJHMFFBJ68CB,莊敬段,9.38,都市：商,100000,107,持分移轉,06570000
RPQQNLPJJHMFFBJ58CB,莊敬段,9.38,都市：商,100000,107,持分移轉,06570000
RPRPNLPJJHMFFBJ58CB,莊敬段,17.27,都市：商,100000,197,持分移轉,06570000
RPUPNLPJJHMFFBJ88CB,莊敬段,9.38,都市：商,100000,107,持分移轉,06570000
RPXPNLPJJHMFFBJ56CB,莊敬段,9.38,都市：商,100000,107,持分移轉,06570000
RPPQNLPJJHMFFBJ48CB,莊敬段,9.38,都市：商,100000,107,持分移轉,06570000
RPTQNLPJJHMFFBJ88CB,莊敬段,9.38,都市：商,100000,107,持分移轉,06570000
RPPRNLPJJHMFFBJ58CB,莊敬段,12.10,都市：商,100000,138,持分移轉,06570000
RPVQNLPJJHMFFBJ09CB,莊敬段,9.38,都市：商,100000,107,持分移轉,06570000
RPQRNLPJJHMFFBJ68CB,莊敬段,12.10,都市：商,100000,138,持分移轉,06570000
RPRRNLPJJHMFFBJ78CB,莊敬段,12.10,都市：商,100000,138,持分移轉,06570000
RPUQNLPJJHMFFBJ98CB,莊敬段,9.38,都市：商,100000,107,持分移轉,06570000
RPXQNLPJJHMFFBJ66CB,莊敬段,9.38,都市：商,100000,107,持分移轉,06570000
RPORNLPJJHMFFBJ48CB,莊敬段,33.58,都市：商,100000,383,持分移轉,06570000
RPSQNLPJJHMFFBJ78CB,莊敬段,9.38,都市：商,100000,107,持分移轉,06570000
RPWQNLPJJHMFFBJ56CB,莊敬段,9.38,都市：商,100000,107,持分移轉,06570000
RPXRNLPJJHMFFBJ76CB,莊敬段,12.10,都市：商,100000,138,持分移轉,06570000
RPURNLPJJHMFFBJ09CB,莊敬段,12.10,都市：商,100000,138,持分移轉,06570000
RPSRNLPJJHMFFBJ88CB,莊敬段,12.10,都市：商,100000,138,持分移轉,06570000
RPWRNLPJJHMFFBJ66CB,莊敬段,12.10,都市：商,100000,138,持分移轉,06570000
RPVRNLPJJHMFFBJ56CB,莊敬段,12.10,都市：商,100000,138,持分移轉,06570000
RPTRNLPJJHMFFBJ98CB,莊敬段,12.10,都市：商,100000,138,持分移轉,06570000
RPOSNLPJJHMFFBJ58CB,莊敬段,12.10,都市：商,100000,138,持分移轉,06570000
RPQSNLPJJHMFFBJ78CB,莊敬段,12.10,都市：商,100000,138,持分移轉,06570000
RPPSNLPJJHMFFBJ68CB,莊敬段,12.10,都市：商,100000,138,持分移轉,06570000
RPXSNLPJJHMFFBJ86CB,莊敬段,9.38,都市：商,100000,107,持分移轉,06570000
RPTSNLPJJHMFFBJ09CB,莊敬段,17.71,都市：商,100000,202,持分移轉,06570000
RPSSNLPJJHMFFBJ98CB,莊敬段,17.71,都市：商,100000,202,持分移轉,06570000
RPVSNLPJJHMFFBJ66CB,莊敬段,31.39,都市：商,100000,358,持分移轉,06570000
RPPTNLPJJHMFFBJ78CB,莊敬段,9.38,都市：商,100000,107,持分移轉,06570000
RPOTNLPJJHMFFBJ68CB,莊敬段,9.38,都市：商,100000,107,持分移轉,06570000
RPWSNLPJJHMFFBJ76CB,莊敬段,9.56,都市：商,100000,109,持分移轉,06570000
RPUSNLPJJHMFFBJ56CB,莊敬段,17.71,都市：商,100000,202,持分移轉,06570000
RPRSNLPJJHMFFBJ88CB,莊敬段,18.32,都市：商,100000,209,持分移轉,06570000
RPQTNLPJJHMFFBJ88CB,莊敬段,9.38,都市：商,100000,107,持分移轉,06570000
RPRTNLPJJHMFFBJ98CB,莊敬段,9.38,都市：商,100000,107,持分移轉,06570000
RPSTNLPJJHMFFBJ09CB,莊敬段,9.38,都市：商,100000,107,持分移轉,06570000
RPVTNLPJJHMFFBJ76CB,莊敬段,9.38,都市：商,100000,107,持分移轉,06570000
RPXTNLPJJHMFFBJ96CB,莊敬段,9.38,都市：商,100000,107,持分移轉,06570000
RPUTNLPJJHMFFBJ66CB,莊敬段,9.38,都市：商,100000,107,持分移轉,06570000
RPOUNLPJJHMFFBJ78CB,莊敬段,9.38,都市：商,100000,107,持分移轉,06570000
RPVUNLPJJHMFFBJ86CB,莊敬段,9.38,都市：商,100000,107,持分移轉,06570000
RPTTNLPJJHMFFBJ56CB,莊敬段,9.38,都市：商,100000,107,持分移轉,06570000
RPWTNLPJJHMFFBJ86CB,莊敬段,9.38,都市：商,100000,107,持分移轉,06570000
RPUUNLPJJHMFFBJ76CB,莊敬段,9.38,都市：商,100000,107,持分移轉,06570000
RPTUNLPJJHMFFBJ66CB,莊敬段,9.38,都市：商,100000,107,持分移轉,06570000
RPQUNLPJJHMFFBJ98CB,莊敬段,9.38,都市：商,100000,107,持分移轉,06570000
RPPUNLPJJHMFFBJ88CB,莊敬段,9.38,都市：商,100000,107,持分移轉,06570000
RPWUNLPJJHMFFBJ96CB,莊敬段,9.38,都市：商,100000,107,持分移轉,06570000
RPTVNLPJJHMFFBJ76CB,莊敬段,9.91,都市：商,100000,113,持分移轉,06570000
RPQVNLPJJHMFFBJ09CB,莊敬段,42.61,都市：商,100000,486,持分移轉,06570000
RPSUNLPJJHMFFBJ56CB,莊敬段,9.38,都市：商,100000,107,持分移轉,06570000
RPUVNLPJJHMFFBJ86CB,莊敬段,10.87,都市：商,100000,124,持分移轉,06570000
RPXVNLPJJHMFFBJ17CB,莊敬段,10.87,都市：商,100000,124,持分移轉,06570000
RPWVNLPJJHMFFBJ07CB,莊敬段,10.87,都市：商,100000,124,持分移轉,06570000
RPOVNLPJJHMFFBJ88CB,莊敬段,9.38,都市：商,100000,107,持分移轉,06570000
RPPWNLPJJHMFFBJ09CB,莊敬段,10.87,都市：商,100000,124,持分移轉,06570000
RPUWNLPJJHMFFBJ96CB,莊敬段,10.87,都市：商,100000,124,持分移轉,06570000
RPQWNLPJJHMFFBJ56CB,莊敬段,10.87,都市：商,100000,124,持分移轉,06570000
RPPVNLPJJHMFFBJ98CB,莊敬段,9.38,都市：商,100000,107,持分移轉,06570000
RPTWNLPJJHMFFBJ86CB,莊敬段,10.87,都市：商,100000,124,持分移轉,06570000
RPVVNLPJJHMFFBJ96CB,莊敬段,10.87,都市：商,100000,124,持分移轉,06570000
RPOWNLPJJHMFFBJ98CB,莊敬段,10.87,都市：商,100000,124,持分移轉,06570000
RPWWNLPJJHMFFBJ17CB,莊敬段,10.87,都市：商,100000,124,持分移轉,06570000
RPRWNLPJJHMFFBJ66CB,莊敬段,12.63,都市：商,100000,144,持分移轉,06570000
RPPNOLPJJHMFFBJ28CB,莊敬段,12.63,都市：商,100000,144,持分移轉,06570000
RPRNOLPJJHMFFBJ48CB,莊敬段,8.77,都市：商,100000,100,持分移轉,06570000
RPONOLPJJHMFFBJ18CB,莊敬段,10.87,都市：商,100000,124,持分移轉,06570000
RPVWNLPJJHMFFBJ07CB,莊敬段,10.87,都市：商,100000,124,持分移轉,06570000
RPVNOLPJJHMFFBJ88CB,莊敬段,8.68,都市：商,100000,99,持分移轉,06570000
RPSNOLPJJHMFFBJ58CB,莊敬段,8.68,都市：商,100000,99,持分移轉,06570000
RPOOOLPJJHMFFBJ28CB,莊敬段,8.68,都市：商,100000,99,持分移轉,06570000
RPQOOLPJJHMFFBJ48CB,莊敬段,8.68,都市：商,100000,99,持分移轉,06570000
RPXWNLPJJHMFFBJ27CB,莊敬段,10.87,都市：商,100000,124,持分移轉,06570000
RPTOOLPJJHMFFBJ78CB,莊敬段,8.68,都市：商,100000,99,持分移轉,06570000
RPWNOLPJJHMFFBJ98CB,莊敬段,8.68,都市：商,100000,99,持分移轉,06570000
RPTNOLPJJHMFFBJ68CB,莊敬段,8.68,都市：商,100000,99,持分移轉,06570000
RPWOOLPJJHMFFBJ09CB,莊敬段,8.68,都市：商,100000,99,持分移轉,06570000
RPVOOLPJJHMFFBJ98CB,莊敬段,8.68,都市：商,100000,99,持分移轉,06570000
RPUNOLPJJHMFFBJ78CB,莊敬段,8.68,都市：商,100000,99,持分移轉,06570000
RPPOOLPJJHMFFBJ38CB,莊敬段,8.68,都市：商,100000,99,持分移轉,06570000
RPUPOLPJJHMFFBJ98CB,莊敬段,8.68,都市：商,100000,99,持分移轉,06570000
RPOPOLPJJHMFFBJ38CB,莊敬段,8.68,都市：商,100000,99,持分移轉,06570000
RPSPOLPJJHMFFBJ78CB,莊敬段,8.68,都市：商,100000,99,持分移轉,06570000
RPPPOLPJJHMFFBJ48CB,莊敬段,8.68,都市：商,100000,99,持分移轉,06570000
RPWPOLPJJHMFFBJ56CB,莊敬段,8.68,都市：商,100000,99,持分移轉,06570000
RPUOOLPJJHMFFBJ88CB,莊敬段,8.68,都市：商,100000,99,持分移轉,06570000
RPXPOLPJJHMFFBJ66CB,莊敬段,9.91,都市：商,100000,113,持分移轉,06570000
RPRQOLPJJHMFFBJ78CB,莊敬段,10.87,都市：商,100000,124,持分移轉,06570000
RPXOOLPJJHMFFBJ56CB,莊敬段,8.68,都市：商,100000,99,持分移轉,06570000
RPRPOLPJJHMFFBJ68CB,莊敬段,8.68,都市：商,100000,99,持分移轉,06570000
RPOQOLPJJHMFFBJ48CB,莊敬段,10.87,都市：商,100000,124,持分移轉,06570000
RPTPOLPJJHMFFBJ88CB,莊敬段,8.68,都市：商,100000,99,持分移轉,06570000
RPTQOLPJJHMFFBJ98CB,莊敬段,10.87,都市：商,100000,124,持分移轉,06570000
RPSQOLPJJHMFFBJ88CB,莊敬段,10.87,都市：商,100000,124,持分移轉,06570000
RPVQOLPJJHMFFBJ56CB,莊敬段,10.87,都市：商,100000,124,持分移轉,06570000
RPWQOLPJJHMFFBJ66CB,莊敬段,9.38,都市：商,100000,107,持分移轉,06570000
RPQROLPJJHMFFBJ78CB,莊敬段,9.38,都市：商,100000,107,持分移轉,06570000
RPQQOLPJJHMFFBJ68CB,莊敬段,10.87,都市：商,100000,124,持分移轉,06570000
RPPQOLPJJHMFFBJ58CB,莊敬段,10.87,都市：商,100000,124,持分移轉,06570000
RPUQOLPJJHMFFBJ09CB,莊敬段,10.87,都市：商,100000,124,持分移轉,06570000
RPOROLPJJHMFFBJ58CB,莊敬段,9.38,都市：商,100000,107,持分移轉,06570000
RPSROLPJJHMFFBJ98CB,莊敬段,9.38,都市：商,100000,107,持分移轉,06570000
RPXQOLPJJHMFFBJ76CB,莊敬段,9.38,都市：商,100000,107,持分移轉,06570000
RPUROLPJJHMFFBJ56CB,莊敬段,9.38,都市：商,100000,107,持分移轉,06570000
RPXROLPJJHMFFBJ86CB,莊敬段,9.38,都市：商,100000,107,持分移轉,06570000
RPRROLPJJHMFFBJ88CB,莊敬段,9.38,都市：商,100000,107,持分移轉,06570000
RPPSOLPJJHMFFBJ78CB,莊敬段,9.38,都市：商,100000,107,持分移轉,06570000
RPQSOLPJJHMFFBJ88CB,莊敬段,9.38,都市：商,100000,107,持分移轉,06570000
RPRSOLPJJHMFFBJ98CB,莊敬段,10.70,都市：商,100000,122,持分移轉,06570000
RPVROLPJJHMFFBJ66CB,莊敬段,9.38,都市：商,100000,107,持分移轉,06570000
RPOTOLPJJHMFFBJ78CB,莊敬段,10.70,都市：商,100000,122,持分移轉,06570000
RPWROLPJJHMFFBJ76CB,莊敬段,9.38,都市：商,100000,107,持分移轉,06570000
RPQTOLPJJHMFFBJ98CB,莊敬段,9.38,都市：商,100000,107,持分移轉,06570000
RPVSOLPJJHMFFBJ76CB,莊敬段,10.70,都市：商,100000,122,持分移轉,06570000
RPSTOLPJJHMFFBJ56CB,莊敬段,9.38,都市：商,100000,107,持分移轉,06570000
RPXSOLPJJHMFFBJ96CB,莊敬段,10.70,都市：商,100000,122,持分移轉,06570000
RPUSOLPJJHMFFBJ66CB,莊敬段,10.70,都市：商,100000,122,持分移轉,06570000
RPSSOLPJJHMFFBJ09CB,莊敬段,10.70,都市：商,100000,122,持分移轉,06570000
RPPTOLPJJHMFFBJ88CB,莊敬段,9.38,都市：商,100000,107,持分移轉,06570000
RPTTOLPJJHMFFBJ66CB,莊敬段,9.38,都市：商,100000,107,持分移轉,06570000
RPVTOLPJJHMFFBJ86CB,莊敬段,9.38,都市：商,100000,107,持分移轉,06570000
RPUTOLPJJHMFFBJ76CB,莊敬段,9.38,都市：商,100000,107,持分移轉,06570000
RPWTOLPJJHMFFBJ96CB,莊敬段,9.38,都市：商,100000,107,持分移轉,06570000
RPQUOLPJJHMFFBJ09CB,莊敬段,9.38,都市：商,100000,107,持分移轉,06570000
RPUUOLPJJHMFFBJ86CB,莊敬段,9.38,都市：商,100000,107,持分移轉,06570000
RPPUOLPJJHMFFBJ98CB,莊敬段,9.38,都市：商,100000,107,持分移轉,06570000
RPSUOLPJJHMFFBJ66CB,莊敬段,9.38,都市：商,100000,107,持分移轉,06570000
RPOUOLPJJHMFFBJ88CB,莊敬段,9.38,都市：商,100000,107,持分移轉,06570000
RPRUOLPJJHMFFBJ56CB,莊敬段,9.38,都市：商,100000,107,持分移轉,06570000
RPTUOLPJJHMFFBJ76CB,莊敬段,9.38,都市：商,100000,107,持分移轉,06570000
RPWUOLPJJHMFFBJ07CB,莊敬段,9.38,都市：商,100000,107,持分移轉,06570000
RPXUOLPJJHMFFBJ17CB,莊敬段,9.38,都市：商,100000,107,持分移轉,06570000
RPRVOLPJJHMFFBJ66CB,莊敬段,12.01,都市：商,100000,137,持分移轉,06570000
RPQVOLPJJHMFFBJ56CB,莊敬段,12.01,都市：商,100000,137,持分移轉,06570000
RPSVOLPJJHMFFBJ76CB,莊敬段,12.01,都市：商,100000,137,持分移轉,06570000
RPWVOLPJJHMFFBJ17CB,莊敬段,12.01,都市：商,100000,137,持分移轉,06570000
RPUVOLPJJHMFFBJ96CB,莊敬段,12.01,都市：商,100000,137,持分移轉,06570000
RPOVOLPJJHMFFBJ98CB,莊敬段,9.38,都市：商,100000,107,持分移轉,06570000
RPOWOLPJJHMFFBJ09CB,莊敬段,13.77,都市：商,100000,157,持分移轉,06570000
RPQWOLPJJHMFFBJ66CB,莊敬段,12.01,都市：商,100000,137,持分移轉,06570000
RPPVOLPJJHMFFBJ09CB,莊敬段,13.77,都市：商,100000,157,持分移轉,06570000
RPSWOLPJJHMFFBJ86CB,莊敬段,9.38,都市：商,100000,107,持分移轉,06570000
RPTWOLPJJHMFFBJ96CB,莊敬段,9.38,都市：商,100000,107,持分移轉,06570000
RPVWOLPJJHMFFBJ17CB,莊敬段,9.38,都市：商,100000,107,持分移轉,06570000
RPTVOLPJJHMFFBJ86CB,莊敬段,12.01,都市：商,100000,137,持分移轉,06570000
RPPNPLPJJHMFFBJ38CB,莊敬段,9.38,都市：商,100000,107,持分移轉,06570000
RPONPLPJJHMFFBJ28CB,莊敬段,9.38,都市：商,100000,107,持分移轉,06570000
RPQNPLPJJHMFFBJ48CB,莊敬段,9.38,都市：商,100000,107,持分移轉,06570000
RPRNPLPJJHMFFBJ58CB,莊敬段,9.38,都市：商,100000,107,持分移轉,06570000
RPUWOLPJJHMFFBJ07CB,莊敬段,9.38,都市：商,100000,107,持分移轉,06570000
RPVNPLPJJHMFFBJ98CB,莊敬段,9.38,都市：商,100000,107,持分移轉,06570000
RPWNPLPJJHMFFBJ09CB,莊敬段,9.38,都市：商,100000,107,持分移轉,06570000
RPXNPLPJJHMFFBJ56CB,莊敬段,9.38,都市：商,100000,107,持分移轉,06570000
RPSNPLPJJHMFFBJ68CB,莊敬段,9.38,都市：商,100000,107,持分移轉,06570000
RPTNPLPJJHMFFBJ78CB,莊敬段,9.38,都市：商,100000,107,持分移轉,06570000
RPXVOLPJJHMFFBJ27CB,莊敬段,12.01,都市：商,100000,137,持分移轉,06570000
RPRWOLPJJHMFFBJ76CB,莊敬段,12.01,都市：商,100000,137,持分移轉,06570000
RPXWOLPJJHMFFBJ37CB,莊敬段,9.38,都市：商,100000,107,持分移轉,06570000
RPPOPLPJJHMFFBJ48CB,莊敬段,9.38,都市：商,100000,107,持分移轉,06570000
RPUOPLPJJHMFFBJ98CB,莊敬段,11.92,都市：商,100000,136,持分移轉,06570000
RPQPPLPJJHMFFBJ68CB,莊敬段,11.92,都市：商,100000,136,持分移轉,06570000
RPTOPLPJJHMFFBJ88CB,莊敬段,9.38,都市：商,100000,107,持分移轉,06570000
RPPPPLPJJHMFFBJ58CB,莊敬段,11.92,都市：商,100000,136,持分移轉,06570000
RPXOPLPJJHMFFBJ66CB,莊敬段,11.92,都市：商,100000,136,持分移轉,06570000
RPVOPLPJJHMFFBJ09CB,莊敬段,11.92,都市：商,100000,136,持分移轉,06570000
RPQOPLPJJHMFFBJ58CB,莊敬段,9.38,都市：商,100000,107,持分移轉,06570000
RPROPLPJJHMFFBJ68CB,莊敬段,9.38,都市：商,100000,107,持分移轉,06570000
RPSPPLPJJHMFFBJ88CB,莊敬段,13.68,都市：商,100000,156,持分移轉,06570000
RPOOPLPJJHMFFBJ38CB,莊敬段,9.38,都市：商,100000,107,持分移轉,06570000
RPTPPLPJJHMFFBJ98CB,莊敬段,11.92,都市：商,100000,136,持分移轉,06570000
RPUPPLPJJHMFFBJ09CB,莊敬段,11.92,都市：商,100000,136,持分移轉,06570000
RPVPPLPJJHMFFBJ56CB,莊敬段,11.92,都市：商,100000,136,持分移轉,06570000
RPPQPLPJJHMFFBJ68CB,莊敬段,9.38,都市：商,100000,107,持分移轉,06570000
RPXPPLPJJHMFFBJ76CB,莊敬段,9.38,都市：商,100000,107,持分移轉,06570000
RPQQPLPJJHMFFBJ78CB,莊敬段,9.38,都市：商,100000,107,持分移轉,06570000
RPRQPLPJJHMFFBJ88CB,莊敬段,9.38,都市：商,100000,107,持分移轉,06570000
RPOQPLPJJHMFFBJ58CB,莊敬段,9.38,都市：商,100000,107,持分移轉,06570000
RPRPPLPJJHMFFBJ78CB,莊敬段,11.92,都市：商,100000,136,持分移轉,06570000
RPVQPLPJJHMFFBJ66CB,莊敬段,9.38,都市：商,100000,107,持分移轉,06570000
RPORPLPJJHMFFBJ68CB,莊敬段,9.38,都市：商,100000,107,持分移轉,06570000
RPTQPLPJJHMFFBJ09CB,莊敬段,9.38,都市：商,100000,107,持分移轉,06570000
RPWPPLPJJHMFFBJ66CB,莊敬段,11.92,都市：商,100000,136,持分移轉,06570000
RPWQPLPJJHMFFBJ76CB,莊敬段,9.38,都市：商,100000,107,持分移轉,06570000
RPUQPLPJJHMFFBJ56CB,莊敬段,9.38,都市：商,100000,107,持分移轉,06570000
RPPRPLPJJHMFFBJ78CB,莊敬段,9.38,都市：商,100000,107,持分移轉,06570000
RPQRPLPJJHMFFBJ88CB,莊敬段,9.38,都市：商,100000,107,持分移轉,06570000
RPSRPLPJJHMFFBJ09CB,莊敬段,9.38,都市：商,100000,107,持分移轉,06570000
RPRRPLPJJHMFFBJ98CB,莊敬段,9.38,都市：商,100000,107,持分移轉,06570000
RPTRPLPJJHMFFBJ56CB,莊敬段,9.38,都市：商,100000,107,持分移轉,06570000
RPXRPLPJJHMFFBJ96CB,莊敬段,9.38,都市：商,100000,107,持分移轉,06570000
RPPSPLPJJHMFFBJ88CB,莊敬段,9.38,都市：商,100000,107,持分移轉,06570000
RPVRPLPJJHMFFBJ76CB,莊敬段,9.38,都市：商,100000,107,持分移轉,06570000
RPURPLPJJHMFFBJ66CB,莊敬段,9.38,都市：商,100000,107,持分移轉,06570000
RPQSPLPJJHMFFBJ98CB,莊敬段,9.38,都市：商,100000,107,持分移轉,06570000
RPWRPLPJJHMFFBJ86CB,莊敬段,9.38,都市：商,100000,107,持分移轉,06570000
RPRSPLPJJHMFFBJ09CB,莊敬段,10.70,都市：商,100000,122,持分移轉,06570000
RPUSPLPJJHMFFBJ76CB,莊敬段,10.70,都市：商,100000,122,持分移轉,06570000
RPOSPLPJJHMFFBJ78CB,莊敬段,9.38,都市：商,100000,107,持分移轉,06570000
RPWSPLPJJHMFFBJ96CB,莊敬段,8.68,都市：商,100000,99,持分移轉,06570000
RPVSPLPJJHMFFBJ86CB,莊敬段,10.70,都市：商,100000,122,持分移轉,06570000
RPPTPLPJJHMFFBJ98CB,莊敬段,8.68,都市：商,100000,99,持分移轉,06570000
RPOTPLPJJHMFFBJ88CB,莊敬段,8.68,都市：商,100000,99,持分移轉,06570000
RPQTPLPJJHMFFBJ09CB,莊敬段,8.68,都市：商,100000,99,持分移轉,06570000
RPXSPLPJJHMFFBJ07CB,莊敬段,8.68,都市：商,100000,99,持分移轉,06570000
RPRTPLPJJHMFFBJ56CB,莊敬段,8.68,都市：商,100000,99,持分移轉,06570000
RPSSPLPJJHMFFBJ56CB,莊敬段,10.70,都市：商,100000,122,持分移轉,06570000
RPSTPLPJJHMFFBJ66CB,莊敬段,8.68,都市：商,100000,99,持分移轉,06570000
RPVTPLPJJHMFFBJ96CB,莊敬段,8.68,都市：商,100000,99,持分移轉,06570000
RPUTPLPJJHMFFBJ86CB,莊敬段,8.68,都市：商,100000,99,持分移轉,06570000
RPTTPLPJJHMFFBJ76CB,莊敬段,8.68,都市：商,100000,99,持分移轉,06570000
RPWTPLPJJHMFFBJ07CB,莊敬段,8.68,都市：商,100000,99,持分移轉,06570000
RPPUPLPJJHMFFBJ09CB,莊敬段,10.43,都市：商,100000,119,持分移轉,06570000
RPXTPLPJJHMFFBJ17CB,莊敬段,8.68,都市：商,100000,99,持分移轉,06570000
RPOUPLPJJHMFFBJ98CB,莊敬段,8.68,都市：商,100000,99,持分移轉,06570000
RPRUPLPJJHMFFBJ66CB,莊敬段,8.68,都市：商,100000,99,持分移轉,06570000
RPSUPLPJJHMFFBJ76CB,莊敬段,8.68,都市：商,100000,99,持分移轉,06570000
RPTUPLPJJHMFFBJ86CB,莊敬段,8.68,都市：商,100000,99,持分移轉,06570000
RPWUPLPJJHMFFBJ17CB,莊敬段,33.58,都市：商,100000,383,持分移轉,06570000
RPVUPLPJJHMFFBJ07CB,莊敬段,51.03,都市：商,100000,582,持分移轉,06570000
RPQUPLPJJHMFFBJ56CB,莊敬段,8.68,都市：商,100000,99,持分移轉,06570000
RPUUPLPJJHMFFBJ96CB,莊敬段,8.68,都市：商,100000,99,持分移轉,06570000
