﻿編號,屋齡,建物移轉面積平方公尺,主要用途,主要建材,建築完成日期,總層數,建物分層
The serial number,room age,building shifting area square meter,the main use,main building materials,construction completes the date,total layer,building lamination
RPUNMLNJJILFFAM48CA,22,108.22,住家用,鋼筋混凝土造,84年2月16日,十三層,五層 陽台 花台
RPUNMLNJJILFFAM48CA,22,26.86,辦公室、康樂室、電梯、門廳、機房、水箱、平臺、瞭望臺、梯間、變電室、機械室,鋼筋混凝土造,84年2月16日,十三層,
RPPOMLQKJILFFAM48CA,,184.69,住家用,鋼筋混凝土造,105年6月20日,四層,一層 二層 三層 四層 陽台
RPSNMLQKJILFFBM78CA,2,424.86,住家用,鋼筋混凝土造,103年6月16日,四層,一層 二層 三層 四層 陽台
RPRNMLKKJILFFAM97CA,15,70.79,住家用,鋼筋混凝土造,90年4月23日,一層,一層
RPQOMLQKJILFFAM58CA,,194.25,住宅、停車空間,鋼筋混凝土造,105年6月20日,四層,一層 二層 三層 四層 陽台
RPWNMLPKJILFFAM98CA,37,97.52,住商用,鋼筋混凝土加強磚造,69年2月1日,二層,一層 二層 騎樓
RPRNMLMJJILFFCM28CA,12,105.73,集合住宅,鋼筋混凝土造,93年10月5日,十層,七層 陽台
RPRNMLMJJILFFCM28CA,12,37.92,防空避難室兼停車空間、梯廳、梯間、水箱,鋼筋混凝土造,93年10月5日,十層,
RPSNMLMJJILFFCM38CA,16,201.22,住家用,鋼筋混凝土造,90年3月20日,三層,一層 二層 三層
RPRNMLRJJILFFCM78CA,1,206.02,住宅、水箱間,鋼筋混凝土造,105年1月28日,三層,一層 二層 三層 陽台 見其他登記事項
RPTNMLRJJILFFCM98CA,1,181.08,住宅、水箱間,鋼筋混凝土造,105年1月28日,三層,一層 二層 三層 陽台 見其他登記事項
RPSNMLRJJILFFCM88CA,1,203.78,住宅、水箱間,鋼筋混凝土造,105年1月28日,三層,一層 二層 三層 陽台 見其他登記事項
RPQNMLOJJILFFAM18CA,21,23.47,住家用,鋼筋混凝土造,85年4月10日,七層,七層 陽台 花台
RPQNMLOJJILFFAM18CA,21,8.77,防空避難室、停車空間、梯間、走道、水箱、住宅、店舖、機房、受電室,鋼筋混凝土造,85年4月10日,七層,
RPROMLLKJILFFAM18CA,28,132.48,住家用,鋼筋混凝土造,77年12月2日,二層,一層 二層 電梯樓梯間 夾層
RPXNMLQKJILFFAM56CA,,182.00,住家用,鋼筋混凝土造,105年6月20日,四層,一層 二層 三層 四層 陽台
RPRNMLOKJILFFBM48CA,33,72.45,住家用,鋼筋混凝土造,72年4月12日,四層,四層 陽台
RPRNMLOKJILFFBM48CA,33,5.40,國民住宅,鋼筋混凝土造,72年4月12日,四層,
RPRNMLOKJILFFBM48CA,33,1.68,國民住宅,鋼筋混凝土造,72年4月12日,四層,
RPRNMLOKJILFFBM48CA,33,.84,國民住宅,鋼筋混凝土造,72年4月12日,四層,
RPQNMLOJJILFFCM38CA,22,96.07,集合住宅,鋼筋混凝土造,83年12月31日,十二層,四層 陽台 花台
RPQNMLOJJILFFCM38CA,22,29.02,樓梯間、機械房、水箱,鋼筋混凝土造,83年12月31日,十二層,
RPPNMLSJJILFFCM68CA,58,24.12,住家用,磚造,47年6月1日,一層,一層
RPPNMLKLJILFFCM08CA,1,182.95,住宅、樓梯間,鋼骨造,104年11月9日,三層,一層 二層 三層 陽台 見其他登記事項
RPSNMLOJJILFFDM68CA,18,81.50,集合住宅,鋼筋混凝土造,87年11月17日,八層,五層 陽台
RPSNMLOJJILFFDM68CA,18,30.22,防空避難室，停車空間梯間，門廳，社區辦公室,鋼筋混凝土造,87年11月17日,八層,
RPRNMLTJJILFFCM98CA,47,66.92,住家用,鋼筋混凝土加強磚造,59年3月9日,一層,一層
RPVNMLKKJILFFCM58CA,13,152.35,住家用,鋼骨鋼筋混凝土造,93年3月26日,二層,一層 二層 陽台 平台
RPPNMLRJJILFFDM68CA,13,65.29,農舍,鋼架有牆造,92年7月15日,一層,一層
RPRNMLQKJILFFCM78CA,21,140.87,住家用,鋼筋混凝土造,84年5月5日,二層,一層 二層 陽台 騎樓
RPSNMLLJKILFFAM18CA,2,170.67,住家用,鋼筋混凝土造,104年2月16日,四層,一層 二層 三層 四層 陽台
RPOOMLSLJILFFBM78CA,,231.61,住家用,鋼筋混凝土造,105年6月29日,四層,一層 二層 三層 四層 陽台
RPQNMLSKJILFFCM88CA,4,68.60,農舍,鋼鐵造有牆,101年12月11日,一層,一層
RPSNMLKMJILFFAM28CA,1,40.63,集合住宅,鋼筋混凝土造,104年11月12日,五層,二層
RPSNMLKMJILFFAM28CA,1,12.51,樓梯間,鋼筋混凝土造,104年11月12日,五層,
RPRNMLSJJILFFAM68CA,37,53.10,住家用,鋼筋混凝土加強磚造,69年2月8日,二層,一層 二層
RPPNMLSJJILFFBM58CA,25,66.81,住家用,鋼筋混凝土造,81年2月13日,七層,六層 陽台
RPPNMLSJJILFFBM58CA,25,22.60,受電室、梯間、水箱、機械房,鋼筋混凝土造,81年2月13日,七層,
RPQNMLSJJILFFBM68CA,23,94.45,住家用,鋼筋混凝土造,82年10月29日,十層,七層 陽台 花台
RPQNMLSJJILFFBM68CA,23,16.74,防空避難室、停車空間、開放空間、梯間、水塔、機械室,鋼筋混凝土造,82年10月29日,十層,
RPVNMLSKJILFFCM76CA,22,25.30,集合住宅,鋼筋混凝土造,83年10月13日,十二層,四層 陽台
RPVNMLSKJILFFCM76CA,22,12.74,避難室、停車場、梯間、走廊、門廳、騎樓、車道、屋頂突出物、管道間,鋼筋混凝土造,83年10月13日,十二層,
RPVNMLSJJILFFCM66CA,21,74.44,集合住宅,鋼筋混凝土造,84年11月22日,十二層,七層 陽台
RPVNMLSJJILFFCM66CA,21,34.49,門廳、梯間、水塔、牌樓、停車空間兼防空避難室、機械房,鋼筋混凝土造,84年11月22日,十二層,
RPOOMLKKJILFFCM97CA,20,157.06,住家用,鋼筋混凝土造,85年12月6日,三層,一層 二層 三層 陽台
RPVNMLKMJILFFBM68CA,1,200.93,外廊、住宅、樓梯間,鋼筋混凝土造,104年12月23日,三層,一層 二層 三層 陽台 見其他登記事項
RPUNMLMJKILFFCM68CA,,200.48,住家用,鋼骨造,105年5月18日,四層,一層 二層 三層 四層 陽台
RPWNMLMJKILFFCM88CA,,204.48,住家用,鋼骨造,105年5月18日,四層,一層 二層 三層 四層 陽台
RPPNMLTJJILFFEM98CA,14,173.11,住家用,鋼筋混凝土造,91年6月21日,三層,一層 二層 三層 屋頂突出物
RPQNMLKKJILFFEM28CA,16,156.83,住家用,鋼筋混凝土造,90年3月21日,三層,一層 二層 三層
RPSNMLTLJILFFAM09CA,5,256.23,住宅、樓梯間,鋼筋混凝土造,100年5月16日,三層,一層 二層 三層 陽台 屋頂突出物 雨遮
RPPNMLTJJILFFCM78CA,29,128.39,住家用,鋼筋混凝土造,76年11月6日,二層,一層 二層 騎樓
RPSNMLKLJILFFCM38CA,16,91.10,住家用,鋼筋混凝土造,89年12月30日,二層,一層 二層 陽台 屋頂突出物
RPWNMLKKJILFFCM68CA,22,89.44,住家用,鋼筋混凝土造,83年8月13日,十五層,四層 陽台 花台
RPWNMLKKJILFFCM68CA,22,22.88,防空避難室、停車空間、梯間、公共設施,鋼筋混凝土造,83年8月13日,十五層,
RPQNMLLKJILFFBM08CA,2,317.00,停車空間、住宅、樓梯間,鋼筋混凝土造,104年1月5日,四層,一層 二層 三層 四層 陽台 見其他登記事項
RPUNMLKMJILFFAM48CA,1,40.63,集合住宅,鋼筋混凝土造,104年11月12日,五層,三層
RPUNMLKMJILFFAM48CA,1,12.51,樓梯間,鋼筋混凝土造,104年11月12日,五層,
RPUNMLLKJILFFAM38CA,37,96.27,住商用,鋼筋混凝土加強磚造,69年4月12日,二層,一層 二層 騎樓
RPOOMLLKJILFFAM87CA,23,103.86,住家用,鋼筋混凝土造,82年12月8日,十層,三層 陽台
RPOOMLLKJILFFAM87CA,23,18.62,防空避難室、停車場,鋼筋混凝土造,82年12月8日,十層,
RPQNMLKKJILFFAM87CA,,258.02,住宅、停車空間、梯間,鋼筋混凝土造,105年2月24日,四層,一層 二層 三層 四層 陽台 屋頂突出物 雨遮
RPQNMLKKJILFFBM97CA,27,175.56,住家用,鋼筋混凝土造,78年8月7日,三層,一層 二層 三層 陽台 騎樓
RPRNMLKKJILFFBM08CA,49,226.56,商業用,鋼筋混凝土加強磚造,56年5月1日,三層,一層 二層 三層 騎樓
RPSNMLLJKILFFBM28CA,1,183.25,住宅、梯間,鋼筋混凝土造,104年7月14日,三層,一層 二層 三層 陽台 見其他登記事項
RPSNMLLJKILFFBM28CA,1,1.54,管委會空間,鋼筋混凝土造,104年7月14日,一層,
RPSNMLOKJILFFBM58CA,21,23.96,住家用,鋼筋混凝土造,84年9月27日,十二層,十一層
RPSNMLOKJILFFBM58CA,21,8.86,停車空間、防空避難室、水塔、管理室、梯間、走道、機械室、門廳,鋼筋混凝土造,84年9月27日,十二層,
RPPNMLKKJILFFCM97CA,30,122.56,住商用,鋼筋混凝土造,76年1月24日,二層,一層 二層 騎樓
RPUNMLOLJILFFAM78CA,12,181.02,住商用,鋼筋混凝土造,94年1月26日,三層,一層 二層 三層 陽台 屋頂突出物
RPWNMLPKJILFFCM56CA,2,228.62,住宅、停車空間、樓梯間、水塔間,鋼筋混凝土造,104年3月30日,四層,一層 二層 三層 四層 陽台 雨遮 見其他登記事項
RPPNMLNKJILFFCM28CA,9,161.10,住宅、樓梯間,鋼筋混凝土造,96年5月1日,三層,一層 二層 三層 陽台 屋頂突出物
RPQNMLLLJILFFEM48CA,35,143.09,住商用,鋼筋混凝土加強磚造,70年12月30日,三層,一層 二層 三層 騎樓
RPRNMLPKJILFFEM88CA,27,112.42,住家用,鋼筋混凝土加強磚造,79年4月7日,二層,一層 二層
RPVNMLOKJILFFDM09CA,24,223.41,住商用,鋼筋混凝土造,82年2月10日,三層,一層 二層 三層 陽台 騎樓 電梯樓梯間
RPPNMLOLJILFFCM48CA,3,228.27,住家用,鋼筋混凝土造,103年2月6日,四層,一層 二層 三層 四層 陽台
RPRNMLLKJILFFCM28CA,44,187.99,住家用,鋼筋混凝土加強磚造,61年12月19日,三層,一層 二層 三層 騎樓
RPTNMLOKJILFFBM68CA,29,105.50,住家用,加強磚造,76年9月10日,二層,一層 二層 陽台
RPSNMLLLJILFFBM38CA,1,163.02,住宅、樓梯間,鋼筋混凝土造,104年12月14日,三層,一層 二層 三層 陽台 見其他登記事項
RPPNMLMLJILFFBM18CA,4,185.88,住宅、樓梯間,鋼筋混凝土造,102年2月18日,三層,一層 二層 三層 陽台 見其他登記事項
RPWNMLSLJILFFBM86CA,,228.27,住家用,鋼筋混凝土造,105年6月29日,四層,一層 二層 三層 四層 陽台
RPRNMLTLJILFFBM09CA,29,78.94,住家用,鋼筋混凝土造,77年2月10日,三層,一層 二層 三層 陽台
RPRNMLTLJILFFBM09CA,29,78.70,住家用,鋼筋混凝土造,77年2月10日,三層,一層 二層 三層 陽台
RPPNMLLKJILFFBM97CA,35,77.10,住商用,鋼筋混凝土造,70年5月25日,二層,一層 二層 騎樓
RPVNMLLKJILFFBM58CA,21,85.71,住家用,鋼筋混凝土造,85年1月12日,十層,九層 陽台
RPVNMLLKJILFFBM58CA,21,24.12,防空避難室兼停車場、梯間、屋頂突出物,鋼筋混凝土造,85年1月12日,十層,
RPVNMLQKJILFFBM09CA,35,177.35,住家用,鋼筋混凝土造,71年2月3日,二層,一層 二層 陽台 屋頂突出物
RPOOMLQKJILFFAM38CA,,182.00,住家用,鋼筋混凝土造,105年6月20日,四層,一層 二層 三層 四層 陽台
RPPNMLQKJILFFAM38CA,18,80.81,住家用,鋼筋混凝土造,87年10月27日,十三層,六層 陽台
RPPNMLQKJILFFAM38CA,18,24.67,防空避難室、停車空間、水塔、門廳、梯間、突出物、機電空調設備空間,鋼筋混凝土造,87年10月27日,十三層,
RPUNMLRKJILFFAM98CA,25,213.20,住商用,鋼筋混凝土造,80年5月29日,四層,一層 二層 三層 四層 騎樓
RPRNMLLKJILFFAM08CA,,161.81,住家用,鋼筋混凝土造,105年5月24日,四層,一層 二層 三層 四層 陽台
RPSNMLLKJILFFAM18CA,,159.31,住家用,鋼筋混凝土造,105年5月24日,四層,一層 二層 三層 四層 陽台
RPUNMLMLJILFFAM58CA,34,97.50,住商用,加強磚造,71年7月21日,二層,一層 二層
RPTNMLNLJILFFAM58CA,22,101.86,住家用,鋼筋混凝土造,83年11月9日,十六層,七層 陽台
RPTNMLNLJILFFAM58CA,22,16.65,騎樓、人行道、梯間、避難室、機械室,鋼筋混凝土造,83年11月9日,十六層,
RPUNMLNLJILFFAM68CA,,65.95,住家用,鋼筋混凝土加強磚造,,一層,一層
RPSNMLNLJILFFAM48CA,4,219.03,住宅、停車空間,鋼筋混凝土造,102年1月11日,四層,一層 二層 三層 四層 陽台
RPQNMLSKJILFFAM68CA,22,88.76,住家用,鋼筋混凝土造,83年11月9日,十六層,八層 陽台
RPQNMLSKJILFFAM68CA,22,13.43,騎樓、人行道、梯間、避難室、機械室,鋼筋混凝土造,83年11月9日,十六層,
RPTNMLRKJILFFAM88CA,32,153.76,住家用,鋼筋混凝土加強磚造,73年9月12日,二層,一層 二層 陽台 電梯樓梯間
RPXNMLQKJILFFBM66CA,25,89.34,住家用,鋼筋混凝土造,80年9月20日,十一層,四層 陽台
RPXNMLQKJILFFBM66CA,25,13.68,梯間、機房、水箱,鋼筋混凝土造,80年9月20日,十一層,
RPXNMLQKJILFFBM66CA,25,9.42,避難室、梯間、變電室、水箱、機械室,鋼筋混凝土造,80年9月20日,十一層,
RPXNMLQKJILFFBM66CA,25,10.19,避難室、梯間、變電室、水箱、機械室,鋼筋混凝土造,80年9月20日,十一層,
RPXNMLQKJILFFBM66CA,25,12.18,辦公室、停車空間,鋼筋混凝土造,80年9月20日,十一層,
RPWNMLTJKILFFCM96CA,15,137.23,住家用,鋼筋混凝土造,90年5月16日,三層,一層 二層 三層 陽台 平台
RPTNMLOKJILFFDM88CA,31,139.61,住商用,鋼筋混凝土加強磚造,75年3月5日,三層,一層 二層 三層 陽台 騎樓
RPSNMLSJJILFFCM09DA,36,18.21,住家用,加強磚造,70年1月23日,一層,一層
RPRNMLPKJILFFDM78CA,38,100.05,住商用,鋼筋混凝土加強磚造,67年5月1日,三層,一層 二層 三層 騎樓
RPQNMLQKJILFFCM68CA,18,41.63,集合住宅,鋼筋混凝土造,87年12月31日,八層,五層 陽台
RPQNMLQKJILFFCM68CA,18,18.27,停車場．避難室,鋼筋混凝土造,87年12月31日,八層,
RPTNMLQKJILFFCM98CA,37,141.70,住家用,鋼筋混凝土加強磚造,68年7月10日,二層,一層 二層
RPWNMLMLKILFFAM88CA,35,131.76,農舍,加強磚造,70年9月1日,二層,一層 二層 陽台 騎樓
RPPNMLMJKILFFBM08CA,40,331.20,住商用,鋼筋混凝土加強磚造,65年6月23日,三層,一層 二層 三層 騎樓
RPQNMLRKJILFFCM78CA,19,314.26,自用農舍,ＲＣ造、鋼鐵造有牆,87年2月16日,一層,一層
RPPNMLSKJILFFCM78CA,20,49.44,住家用,鋼骨造,85年12月19日,二層,一層 二層
RPPNMLPKJILFFBM38CA,1,484.16,停車空間、住宅,鋼筋混凝土造,104年5月13日,五層,一層 二層 三層 四層 五層 陽台
RPRNMLQKJILFFBM68CA,23,447.51,農舍,鋼筋混凝土造,82年10月1日,三層,一層 二層 三層 陽台
RPVNMLNLJILFFAM78CA,1,164.16,住宅、梯間,鋼筋混凝土造,105年3月4日,三層,一層 二層 三層 陽台 屋頂突出物
RPSOMLQKJILFFAM78CA,28,132.48,住家用,鋼筋混凝土造,77年12月2日,二層,一層 二層 電梯樓梯間 夾層
RPTNMLPKJILFFAM68CA,16,176.72,住家用,鋼筋混凝土造,89年12月13日,三層,一層 二層 三層 陽台 屋頂突出物
RPVNMLMJKILFFAM58CA,27,93.50,住家用,加強磚造,79年3月30日,二層,一層 二層
RPPNMLSKJILFFAM58CA,27,181.43,住家用,鋼筋混凝土造,78年12月30日,三層,一層 二層 三層
RPRNMLSKJILFFAM78CA,20,90.11,住家用,鋼筋混凝土造,85年11月30日,七層,二層 陽台
RPRNMLSKJILFFAM78CA,20,20.58,,鋼筋混凝土造,85年11月30日,七層,
RPRNMLSKJILFFAM78CA,20,7.73,,鋼筋混凝土造,85年11月30日,七層,
RPTNMLNLJILFFBM68CA,36,89.97,住家用,鋼筋混凝土加強磚造,70年3月20日,二層,一層 二層
RPQNMLRKJILFFBM68CA,1,216.83,住宅、停車空間,鋼筋混凝土造,104年7月7日,四層,一層 二層 三層 四層 陽台
RPQNMLSKJILFFDM98CA,21,31.94,集合住宅,鋼筋混凝土造,85年3月9日,七層,四層 陽台
RPQNMLSKJILFFDM98CA,21,5.99,防空避難室、停車空間、門廳、屋頂突出物等公共設施,鋼筋混凝土造,85年3月9日,七層,
RPQNMLSKJILFFDM98CA,21,7.86,梯間、走道,鋼筋混凝土造,85年3月9日,七層,
RPQNMLLLJILFFDM38CA,37,59.56,住家用,鋼筋混凝土加強磚造,69年2月1日,二層,一層 二層 騎樓
RPQNMLLLJILFFDM38CA,37,59.56,住家用,鋼筋混凝土加強磚造,69年2月1日,二層,一層 二層 騎樓
RPPNMLMLJILFFDM38CA,13,151.11,住家用,鋼筋混凝土造,93年2月5日,三層,一層 二層 三層 陽台 屋頂突出物
RPTNMLRKJILFFCM09CA,41,29.73,住家用,加強磚造,65年1月1日,一層,一層
RPTNMLRKJILFFBM98CA,2,206.26,住宅、樓梯間,鋼筋混凝土造,103年6月25日,三層,一層 二層 三層 陽台 見其他登記事項
RPQNMLLLJILFFBM18CA,36,205.80,住商用,鋼筋混凝土造,69年6月19日,三層,一層 二層 三層 陽台 騎樓
RPQNMLSLJILFFBM88CA,22,203.59,住家用,鋼筋混凝土造,83年11月5日,五層,一層 二層 三層 四層 五層 陽台
RPQOMLSLJILFFBM98CA,18,191.93,住家用,鋼筋混凝土造,87年5月26日,三層,一層 二層 三層 陽台 平台 屋頂突出物
RPSNMLRKJILFFAM78CA,37,93.94,住商用,鋼筋混凝土加強磚造,69年1月11日,二層,一層 二層
RPPNMLTLJILFFEM56CA,36,106.00,住家用,加強磚造,69年12月31日,二層,一層 二層
RPWNMLPLJILFFBM66DA,16,160.69,住家用,鋼筋混凝土造,89年7月3日,三層,一層 二層 三層 陽台 電梯樓梯間
RPQNMLMKKHNFFCM58DA,16,143.70,住家用,鋼筋混凝土造,89年11月14日,三層,一層 二層 三層 陽台
RPSNMLLLJILFFAM28CA,36,115.20,住商用,鋼筋混凝土加強磚造,69年10月1日,二層,一層 二層 騎樓
RPVNMLLLJILFFAM58CA,,384.46,住家用,鋼筋混凝土造,105年7月18日,五層,一層 二層 三層 四層 五層 陽台
RPTNMLLLJILFFAM38CA,,392.14,住家用,鋼筋混凝土造,105年7月18日,五層,一層 二層 三層 四層 五層 陽台
RPXNMLLLJILFFAM78CA,,388.36,住家用,鋼筋混凝土造,105年7月18日,五層,一層 二層 三層 四層 五層 陽台
RPPOMLLLJILFFAM08CA,,382.84,住家用,鋼筋混凝土造,105年7月18日,五層,一層 二層 三層 四層 五層 陽台
RPRNMLNLJILFFAM38CA,4,210.74,住宅、停車空間,鋼筋混凝土造,102年1月7日,四層,一層 二層 三層 四層 陽台
RPPNMLNLKILFFAM28CA,,171.61,住宅、樓梯間,鋼筋混凝土造,105年8月8日,三層,一層 二層 三層 陽台 見其他登記事項
RPTNMLSKJILFFCM56CA,10,231.38,住家用,鋼筋混凝土造,95年7月3日,四層,一層 二層 三層 四層 陽台
RPXNMLNLJILFFCM56CA,3,189.05,住宅、樓梯間,鋼筋混凝土造,102年4月9日,二層,一層 二層 陽台 見其他登記事項
RPPNMLTLJILFFCM98CA,,226.63,住家用,鋼筋混凝土造,105年4月6日,四層,一層 二層 三層 四層
RPSNMLLJKILFFCM38CA,22,93.94,集合住宅,鋼筋混凝土造,83年12月31日,十二層,九層 陽台 花台
RPSNMLLJKILFFCM38CA,22,19.04,樓梯間、機械房、水箱,鋼筋混凝土造,83年12月31日,十二層,
RPUNMLLLJILFFBM58CA,34,100.80,住家用,鋼筋混凝土造,72年4月12日,四層,二層 陽台
RPUNMLLLJILFFBM58CA,34,5.40,國民住宅,鋼筋混凝土造,72年4月12日,四層,
RPUNMLLLJILFFBM58CA,34,1.68,國民住宅,鋼筋混凝土造,72年4月12日,四層,
RPUNMLLLJILFFBM58CA,34,.84,國民住宅,鋼筋混凝土造,72年4月12日,四層,
RPRNMLNLJILFFBM48CA,22,260.29,住家用,鋼筋混凝土造,84年3月8日,三層,一層 二層 三層 陽台 平台 屋頂突出物
RPPNMLSJKILFFBM68CA,49,99.18,住商用,鋼筋混凝土加強磚造,56年8月13日,二層,一層 二層 騎樓
RPQNMLTLJILFFAM88CA,40,45.69,住家用,鐵筋加強磚造,65年8月14日,二層,一層 二層
RPRNMLLLJILFFEM58CA,37,100.00,住家用,鋼筋混凝土加強磚造,69年1月25日,二層,一層 二層
RPPNMLLJKILFFDM18CA,37,72.07,住家用,加強磚造,68年10月1日,一層,一層
RPPNMLOLJILFFDM58CA,25,208.41,住家用,鋼筋混凝土造,81年2月15日,二層,一層 二層 陽台 電梯樓梯間
RPPOMLTJKILFFAM78CA,1,40.63,集合住宅,鋼筋混凝土造,104年11月12日,五層,四層
RPPOMLTJKILFFAM78CA,1,12.51,樓梯間,鋼筋混凝土造,104年11月12日,五層,
RPRNMLSJKILFFAM78CA,2,203.13,住家用,鋼筋混凝土造,103年12月4日,四層,一層 二層 三層 四層 陽台
RPSNMLPKKILFFDM98CA,35,238.50,住商用,鋼筋混凝土加強磚造,70年6月10日,四層,一層 二層 三層 四層 騎樓
RPQNMLOLJILFFBM48CA,3,426.16,停車空間、辦公室、住宅,鋼筋混凝土造,102年6月10日,五層,一層 二層 三層 四層 五層 陽台
RPQNMLMLJILFFCM38CA,20,216.81,住家用,鋼筋混凝土造,85年5月4日,三層,一層 二層 三層
RPRNMLPLJILFFBM68CA,20,162.73,住家用,鋼筋混凝土造,85年6月7日,五層,三層 四層 五層 陽台 屋頂突出物
RPRNMLPLJILFFBM68CA,20,64.41,梯間、停車空間,鋼筋混凝土造,85年6月7日,五層,
RPRNMLPLJILFFAM58CA,19,118.76,住家用,鋼筋混凝土造,86年10月7日,三層,一層 二層 三層 屋頂突出物
RPXNMLNLJILFFAM09DA,23,102.39,住家用,鋼筋混凝土造,82年12月8日,十層,五層 陽台
RPXNMLNLJILFFAM09DA,23,17.88,防空避難室、停車場,鋼筋混凝土造,82年12月8日,十層,
RPXNMLNLJILFFAM09DA,23,.53,住家用,鋼筋混凝土造,82年12月8日,十層,
RPXNMLNLJILFFAM09DA,23,14.13,防空避難室、停車場,鋼筋混凝土造,82年12月8日,十層,
RPRNMLOLJILFFBM68DA,20,92.63,住商用,鋼筋混凝土造,85年12月7日,八層,一層 二層 陽台 騎樓
RPRNMLOLJILFFBM68DA,20,38.98,防空避難室、停車空間、門廳、水箱、梯間、機械室、瞭望台,鋼筋混凝土造,85年12月7日,八層,
RPSNMLNLKILFFCM78CA,22,26.32,集合住宅,鋼筋混凝土造,83年10月13日,十二層,七層
RPSNMLNLKILFFCM78CA,22,14.32,避難室、停車場、梯間、走廊、門廳、騎樓、車道、屋頂突出物、管道間,鋼筋混凝土造,83年10月13日,十二層,
RPSNMLNLKILFFCM78CA,22,38.50,集合住宅,鋼筋混凝土造,83年10月13日,十二層,七層
RPSNMLNLKILFFCM78CA,22,20.94,避難室、停車場、梯間、走廊、門廳、騎樓、車道、屋頂突出物、管道間,鋼筋混凝土造,83年10月13日,十二層,
RPRNMLOLJILFFAM48CA,18,90.51,住家用,鋼筋混凝土造,87年3月6日,九層,三層 陽台
RPRNMLOLJILFFAM48CA,18,12.79,停車空間,鋼筋混凝土造,87年3月6日,九層,
RPRNMLOLJILFFAM48CA,18,11.04,梯間、管理員室、水箱、機械間,鋼筋混凝土造,87年3月6日,九層,
RPQNMLSLJILFFAM78CA,37,117.24,住家用,鋼筋混凝土加強磚造,68年7月2日,二層,一層 二層
RPVNMLTKKILFFCM96CA,21,66.80,集合住宅,鋼筋混凝土造,85年2月9日,十五層,十四層 陽台
RPVNMLTKKILFFCM96CA,21,14.28,走道、機械房、門廳、騎樓、防空避難室兼停車場、梯間,鋼筋混凝土造,85年2月9日,十五層,
RPQNMLSJKILFFAM68CA,14,82.79,住家用,鋼筋混凝土造,91年5月15日,四層,四層 陽台
RPQNMLSJKILFFAM68CA,14,7.73,集合住宅公共梯間,鋼筋混凝土造,91年5月15日,四層,
RPUOMLTJKILFFAM66CA,1,40.63,集合住宅,鋼筋混凝土造,104年11月12日,五層,五層
RPUOMLTJKILFFAM66CA,1,12.51,樓梯間,鋼筋混凝土造,104年11月12日,五層,
RPUNMLTJKILFFAM56CA,19,86.72,住家用,鋼筋混凝土造,86年9月19日,十四層,六層 陽台
RPUNMLTJKILFFAM56CA,19,22.27,梯廳、走道、防空避難室、水箱受電室、機房,鋼筋混凝土造,86年9月19日,十四層,
RPXNMLTKKILFFBM07CA,,208.21,住家用,鋼筋混凝土造,105年8月22日,四層,一層 二層 三層 四層 陽台
RPQNMLPLJILFFAM48CA,19,118.80,住家用,鋼筋混凝土造,87年3月6日,九層,六層 陽台
RPQNMLPLJILFFAM48CA,19,16.64,停車空間,鋼筋混凝土造,87年3月6日,九層,
RPQNMLPLJILFFAM48CA,19,14.37,梯間、管理員室、水箱、機械間,鋼筋混凝土造,87年3月6日,九層,
RPQNMLPLJILFFAM48CA,,.42,管理員室,鋼筋混凝土造,,九層,
RPQNMLPLJILFFAM48CA,19,14.18,停車空間,鋼筋混凝土造,87年3月6日,九層,
RPQNMLPLJILFFAM48CA,19,.06,梯間、管理員室、水箱、機械間,鋼筋混凝土造,87年3月6日,九層,
RPOOMLTKKILFFBM88CA,,208.21,住家用,鋼筋混凝土造,105年8月22日,四層,一層 二層 三層 四層 陽台
RPTOMLTJKILFFAM56CA,1,39.91,集合住宅,鋼筋混凝土造,104年11月12日,五層,五層 陽台
RPTOMLTJKILFFAM56CA,1,12.51,樓梯間,鋼筋混凝土造,104年11月12日,五層,
RPSOMLTKKILFFBM66CA,,208.21,住家用,鋼筋混凝土造,105年8月22日,四層,一層 二層 三層 四層 陽台
RPQNMLTKKILFFBM98CA,,208.21,住家用,鋼筋混凝土造,105年8月22日,四層,一層 二層 三層 四層 陽台
RPUNMLKMJILFFBM58CA,25,45.39,住家用,鋼筋混凝土造,80年9月20日,九層,三層 露台
RPUNMLKMJILFFBM58CA,25,8.66,梯間、通道、機房、水箱,鋼筋混凝土造,80年9月20日,九層,
RPUNMLKMJILFFBM58CA,25,4.71,避難室、梯間、變電室、水箱、機械室,鋼筋混凝土造,80年9月20日,十一層,
RPRNMLTKKILFFBM09CA,,208.21,住家用,鋼筋混凝土造,105年8月22日,四層,一層 二層 三層 四層 陽台
RPPNMLSKKILFFBM78CA,,208.21,住家用,鋼筋混凝土造,105年8月22日,四層,一層 二層 三層 四層 陽台
RPTNMLPLJILFFBM88CA,25,48.53,住家用,鋼筋混凝土造,81年2月21日,六層,一層 平台
RPTNMLPLJILFFBM88CA,25,26.65,地下層、梯間、走道、玄關、機房、變電室,鋼筋混凝土造,81年2月21日,六層,
RPTNMLOLJILFFBM78CA,2,317.95,停車空間、住宅、樓梯間,鋼筋混凝土造,104年1月5日,四層,一層 二層 三層 四層 陽台 見其他登記事項
RPUNMLOJJHMFFBM68CA,3,159.00,住宅、樓梯間,鋼筋混凝土造,102年6月26日,四層,一層 二層 三層 四層 陽台 屋頂突出物
RPTNMLNKKILFFCM78CA,6,182.34,住宅、樓梯間,鋼筋混凝土造,100年4月11日,三層,一層 二層 三層 陽台 見其他登記事項
RPPNMLTLJILFFDM09CA,,185.76,住家用,鋼筋混凝土造,105年3月23日,三層,一層 二層 三層 陽台
RPPNMLKKKILFFCM08CA,,228.98,農舍,鋼筋混凝土造,105年9月20日,三層,一層 二層 三層 陽台
RPPNMLPLJILFFCM58CA,36,145.01,住商用,鋼筋混凝土造,69年12月31日,三層,一層 二層 三層 騎樓
RPQNMLPLJILFFCM68CA,33,97.55,住商用,鋼筋混凝土造,73年1月31日,二層,一層 二層 騎樓
RPPNMLNLKILFFCM48CA,22,56.44,店舖、住宅、人行道,鋼筋混凝土造,84年4月6日,三層,一層 二層 三層 陽台 平台 騎樓 雨遮
RPPNMLNLKILFFCM48CA,22,56.44,店舖、住宅、人行道,鋼筋混凝土造,84年4月6日,三層,一層 二層 三層 陽台 平台 騎樓 雨遮
RPRNMLSLJILFFCM09CA,35,179.33,住商用,鋼筋混凝土造,70年12月31日,三層,一層 二層 三層 陽台 騎樓
RPSNMLNKKILFFDM78CA,10,200.93,住家用,鋼筋混凝土造,96年4月13日,三層,一層 二層 三層 陽台
RPQNMLPLJILFFBM58CA,1,254.90,住宅、停車空間、樓梯間,鋼筋混凝土造,104年8月14日,三層,一層 二層 三層 陽台 見其他登記事項
RPTNMLTKKILFFBM66CA,,302.51,住家用,鋼筋混凝土造,105年8月22日,四層,一層 二層 三層 四層 陽台
RPPOMLSLJILFFBM88CA,20,80.83,集合住宅,鋼筋混凝土造,85年12月7日,八層,六層 陽台
RPPOMLSLJILFFBM88CA,20,26.71,防空避難室、停車空間、門廳、水箱、梯間、機械室、瞭望台,鋼筋混凝土造,85年12月7日,八層,
RPVNMLTKKILFFBM86CA,,208.21,住家用,鋼筋混凝土造,105年8月22日,四層,一層 二層 三層 四層 陽台
RPUNMLPJKILFFAM78CA,5,662.79,住商用,鋼骨鋼筋混凝土造、鋼骨造,100年7月7日,四層,一層 二層 三層 四層 雨遮
RPUNMLPJKILFFAM78CA,5,472.93,住商用,鋼骨鋼筋混凝土造、鋼骨造,100年7月7日,04,一層 二層 三層 四層 雨遮
RPUOMLSLJILFFBM86DA,2,271.33,住家用,鋼筋混凝土造,103年9月25日,四層,一層 二層 三層 四層 陽台
RPSNMLTKKILFFBM56CA,,208.21,住家用,鋼筋混凝土造,105年8月22日,四層,一層 二層 三層 四層 陽台
RPPOMLTKKILFFAM88CA,47,70.00,住家用,鋼筋混凝土加強磚造,59年3月18日,二層,一層 二層
RPRNMLMJKILFFBM38DA,35,165.42,住家用,鋼筋混凝土造,70年8月21日,三層,一層 二層 三層
RPXNMLMLKILFFAM98CA,37,91.35,住家用,鋼筋混凝土加強磚造,68年10月16日,二層,一層 二層
RPVNMLQJKILFFAM98CA,14,149.91,住家用,鋼筋混凝土造,91年8月22日,三層,一層 二層 三層 陽台 屋頂突出物
RPRNMLQJKILFFAM58CA,26,300.69,住商用,鋼筋混凝土造,80年4月27日,四層,一層 二層 三層 四層 騎樓
RPPOMLTKKILFFBM98CA,,208.21,住家用,鋼筋混凝土造,105年8月22日,四層,一層 二層 三層 四層 陽台
RPWNMLTKKILFFBM96CA,,208.21,住家用,鋼筋混凝土造,105年8月22日,四層,一層 二層 三層 四層 陽台
RPUNMLTKKILFFBM76CA,,208.21,住家用,鋼筋混凝土造,105年8月22日,四層,一層 二層 三層 四層 陽台
RPTNMLTLJILFFBM66CA,36,199.73,住商用,鋼筋混凝土造,69年8月22日,三層,一層 二層 三層 騎樓
RPQNMLRJKILFFBM68CA,26,176.78,住商用,鋼筋混凝土造,80年4月9日,三層,一層 二層 三層 陽台 騎樓
RPVOMLTKKILFFBM96CA,,208.21,住家用,鋼筋混凝土造,105年8月22日,四層,一層 二層 三層 四層 陽台
RPSNMLSLJILFFCM56CA,21,151.06,住家用,鋼筋混凝土造,84年8月11日,四層,一層 二層 三層 四層 陽台 平台
RPUNMLSLJILFFBM66CA,23,90.21,住家用,鋼筋混凝土造,82年6月18日,七層,三層 陽台
RPUNMLSLJILFFBM66CA,23,33.03,地下層、梯間、水塔、機房,鋼筋混凝土造,82年6月18日,七層,
RPRNMLRJKILFFBM78CA,26,176.78,住商用,鋼筋混凝土造,80年4月9日,三層,一層 二層 三層 陽台 騎樓
RPRNMLSJKILFFBM88CA,38,93.12,住家用,加強磚造,,二層,一層 二層
RPQNMLTLJILFFBM98CA,33,109.68,住家用,鋼筋混凝土造,72年4月25日,二層,一層 二層
RPTNMLNKKILFFAM58CA,30,69.60,住家用,鋼架有墻造,75年5月22日,一層,一層
RPUNMLTLJILFFAM66CA,4,919.07,人行道、餐廳、停車空間、住宅,鋼筋混凝土造,101年11月23日,五層,一層 二層 三層 四層 五層 陽台 騎樓
RPUNMLOKKILFFAM78CA,19,119.87,住家用,鋼筋混凝土造,86年9月19日,十四層,三層 四層 陽台
RPUNMLOKKILFFAM78CA,19,30.05,梯廳、走道、防空避難室、水箱受電室、機房,鋼筋混凝土造,86年9月19日,十四層,
RPUNMLTKKILFFAM66CA,,388.36,住家用,鋼筋混凝土造,105年7月18日,五層,一層 二層 三層 四層 五層 陽台
RPPNMLPJKILFFAM28CA,15,179.09,住宅、機電設備,鋼筋混凝土造,91年3月1日,五層,一層 二層 三層 四層 陽台 雨遮 地下一層
RPPNMLPJKILFFAM28CA,15,46.74,停車空間、機械室、配電室,鋼筋混凝土造,91年3月1日,五層,
RPUNMLTLJILFFBM76CA,55,97.35,住家用,加強磚造、木石磚造﹝磚石造﹞,,三層,一層 二層 三層
RPRNMLKMJILFFBM28CA,31,153.47,住商用,鋼筋混凝土造,74年7月27日,三層,一層 二層 三層 陽台 騎樓
RPQNMLMJKILFFBM18CA,5,206.21,住宅、樓梯間,鋼筋混凝土造,101年4月16日,三層,一層 二層 三層 陽台 見其他登記事項
RPQNMLRJKILFFCM78CA,1,206.02,住宅、水箱間,鋼筋混凝土造,105年1月28日,三層,一層 二層 三層 陽台 見其他登記事項
RPQNMLRJKILFFDM88CA,56,169.52,住家用,加強磚造、木磚造,50年2月3日,二層,一層 二層
RPUNMLPKKILFFDM56CA,,72.88,住家用,加強磚造,,一層,一層
RPPNMLLLKILFFCM28CA,9,205.91,住宅、水廂,鋼骨造,97年3月14日,三層,一層 二層 三層 陽台 見其他登記事項
RPQNMLMJKILFFDM38CA,,282.57,住家用,鋼筋混凝土造,105年3月23日,四層,一層 二層 三層 四層 陽台
RPQNMLQJKILFFCM68CA,20,134.82,店舖、住宅、神明廳,鋼筋混凝土造,85年5月27日,三層,一層 二層 三層 騎樓
RPPNMLQJKILFFCM58CA,21,173.48,農舍,鋼架造,84年12月29日,一層,一層
RPPNMLPJKILFFBM38CA,22,26.44,住家用,鋼筋混凝土造,83年7月21日,十三層,十層
RPPNMLPJKILFFBM38CA,22,30.40,停車場、防空避難室、梯間、走道、水箱、機房,鋼筋混凝土造,83年7月21日,十三層,
RPPNMLPJKILFFBM38CA,22,25.09,住家用,鋼筋混凝土造,83年7月21日,十三層,十層 陽台
RPRNMLLJKILFFAM08CA,35,119.70,住家用,加強磚造,71年1月1日,二層,一層 二層 騎樓
RPQNMLLLKILFFAM28DA,24,151.86,住家用,鋼筋混凝土造,81年12月7日,三層,一層 二層 三層 騎樓
RPSOMLTJKILFFAM09CA,24,163.79,住家用,鋼筋混凝土造,81年6月19日,三層,一層 二層 三層 屋頂突出物 騎樓
SPQNMLLLKILFFAM38DA,26,130.95,住家用,鋼筋混凝土造,79年7月10日,三層,一層 二層 三層
RPPNMLTKKILFFDM09CA,40,125.40,住家用,磚木造瓦蓋,65年4月28日,一層,一層 騎樓
RPSNMLSJKILFFAM88CA,24,79.89,住家用,鋼筋混凝土造,82年1月4日,八層,三層 陽台
RPSNMLSJKILFFAM88CA,24,23.25,門廳、梯間、停車場、水塔、防空避難室、機械室、變電室,鋼筋混凝土造,82年1月4日,八層,
RPSNMLOJKILFFCM68CA,23,150.62,住商用,鋼筋混凝土造,82年7月24日,七層,一層 二層 陽台 平台 騎樓 地下層
RPSNMLOJKILFFCM68CA,23,22.53,梯間、突出物、門廳、車道、避難室、停車場、騎樓等公共設施,鋼筋混凝土造,82年7月24日,,
RPUNMLMJKILFFAM48CA,36,78.61,住商用,鋼筋混凝土加強磚造,69年7月2日,二層,一層 二層
RPRNMLMJKILFFDM48CA,42,72.08,商業用,鋼筋混凝土加強磚造,64年1月15日,一層,一層
RPTNMLSLKILFFCM76CA,23,81.78,集合住宅,鋼筋混凝土造,83年1月14日,十一層,二層 陽台 花台
RPTNMLSLKILFFCM76CA,23,38.59,１﹒停車空間、防空避難室  ２﹒梯間、機械室、水箱,鋼筋混凝土造,83年1月14日,十一層,
RPQNMLPJKILFFDM68CA,14,137.07,人行道、住宅、店舖、梯間,鋼筋混凝土造,91年6月26日,二層,一層 二層 陽台 屋頂突出物 騎樓
RPPNMLQKKILFFCM68CA,5,182.49,住宅、樓梯間,鋼筋混凝土造,100年6月27日,三層,一層 二層 三層 陽台 見其他登記事項
RPPNMLRJKILFFBM58CA,4,185.88,住宅、樓梯間,鋼筋混凝土造,102年2月18日,三層,一層 二層 三層 陽台 見其他登記事項
RPPNMLTJKILFFBM78CA,21,138.01,住家用,鋼筋混凝土造,84年9月1日,二層,一層 二層 陽台
RPQNMLPJKILFFCM58CA,18,122.90,住家用,鋼筋混凝土造,87年10月19日,二層,一層 二層 陽台 屋頂突出物 雨遮
RPPNMLKLKILFFEM38CA,19,46.43,住家用,鋼造,86年9月3日,一層,一層
RPPNMLRLKILFFEM09CA,17,238.58,農舍,鋼筋混凝土造,88年7月21日,二層,一層 二層 屋頂突出物
RPSNMLPKKILFFBM78CA,41,113.12,住家用,鋼筋混凝土加強磚造,65年1月5日,二層,一層 二層 陽台
RPPNMLQJKILFFBM48CA,2,245.15,住宅、停車空間,鋼筋混凝土造,103年9月1日,四層,一層 二層 三層 四層 陽台
RPPNMLNKKILFFCM38CA,42,71.55,住商用,鋼筋混凝土加強磚造,63年11月1日,二層,一層 二層 騎樓
SPPNMLNKKILFFCM48CA,24,129.10,住商用,鋼筋混凝土造,82年3月31日,四層,一層 二層 三層 四層 騎樓
RPVNMLNKKILFFCM98CA,44,206.09,住商用,鋼筋混凝土加強磚造,61年6月7日,二層,一層 二層 騎樓
RPSNMLPJKILFFDM88CA,18,85.88,集合住宅,鋼筋混凝土造,87年11月17日,八層,八層 陽台
RPSNMLPJKILFFDM88CA,18,41.45,防空避難室，停車空間梯間，門廳，社區辦公室,鋼筋混凝土造,87年11月17日,八層,
RPTNMLPKKILFFDM09CA,33,379.36,住商用,鋼筋混凝土加強磚造,73年4月7日,二層,一層 二層
RPQNMLLMKILFFCM48CA,1,207.17,住家用,鋼骨造,105年5月18日,四層,一層 二層 三層 四層 陽台
RPWNMLSKJHMFFBM76CA,1,103.07,集合住宅,鋼筋混凝土造,104年8月25日,七層,二層 陽台
RPWNMLSKJHMFFBM76CA,1,59.52,人行道、台電配電室、電信室、發電機室、梯間、機房、管委會空間、防空避難室兼停車空間、水箱,鋼筋混凝土造,104年8月25日,七層,
RPUNMLNKKILFFCM88CA,12,60.72,住家用,鋼筋混凝土造,93年5月11日,三層,二層 三層 陽台
RPUNMLNKKILFFCM88CA,12,25.52,住家用,鋼筋混凝土造,93年5月11日,三層,
RPSNMLSJKILFFCM09CA,15,141.84,住家用,鋼筋混凝土造,91年2月21日,三層,一層 二層 三層 陽台
RPPNMLOKKILFFBM38CA,5,206.29,住宅、樓梯間,鋼筋混凝土造,101年4月16日,03,一層 二層 三層 陽台 見其他登記事項
RPQOMLTKKILFFBM09CA,,208.21,住家用,鋼筋混凝土造,105年8月22日,四層,一層 二層 三層 四層 陽台
RPXNMLLLKILFFAM88CA,1,39.91,集合住宅,鋼筋混凝土造,104年11月12日,五層,四層 陽台
RPXNMLLLKILFFAM88CA,1,12.51,樓梯間,鋼筋混凝土造,104年11月12日,五層,
RPTNMLTKKILFFAM56CA,40,109.50,住家用,鋼筋混凝土加強磚造,65年4月10日,二層,一層 二層
RPVNMLOKKILFFAM98DA,15,75.76,住家用,鋼骨鋼筋混凝土造,90年7月12日,一層,一層 屋頂突出物
RPPNMLMLKILFFEM58CA,20,224.89,住商用,鋼筋混凝土造,85年3月22日,三層,一層 二層 三層 屋頂突出物
RPSNMLKLKILFFAM28CA,15,179.40,人行道、店舖、住宅,鋼筋混凝土造,90年10月5日,三層,一層 二層 三層 屋頂突出物 騎樓
RPUNMLRLKILFFAM56CA,22,92.35,住家用,鋼筋混凝土造,84年2月16日,十三層,十三層 陽台
RPUNMLRLKILFFAM56CA,22,23.37,辦公室、康樂室、電梯、門廳、機房、水箱、平臺、瞭望臺、梯間、變電室、機械室,鋼筋混凝土造,84年2月16日,十三層,
RPQNMLMKKILFFAM18CA,36,131.52,住商用,鋼筋混凝土加強磚造,70年1月16日,二層,一層 二層 騎樓
RPQNMLMKKILFFAM18CA,36,95.31,住商用,鋼筋混凝土加強磚造,70年1月16日,二層,一層 二層 騎樓
RPROMLTKKILFFBM56CA,,208.21,住家用,鋼筋混凝土造,105年8月22日,四層,一層 二層 三層 四層 陽台
RPPNMLMKKILFFBM18CA,11,145.54,住家用,鋼筋混凝土造,94年11月30日,三層,一層 二層 三層 陽台 平台 雨遮
RPSNMLTLKILFFBM66CA,41,50.70,住商用,鋼筋混凝土加強磚造,65年1月1日,二層,一層 二層 騎樓
RPRNMLKLKILFFCM38CA,21,154.35,住家用,鋼筋混凝土造,84年9月14日,四層,一層 二層 三層 四層 陽台 平台 露台 花台
RPQNMLQKKILFFBM68CA,20,82.62,住家用,鋼筋混凝土造,85年12月7日,八層,六層 陽台
RPQNMLQKKILFFBM68CA,20,27.48,防空避難室、停車空間、門廳、水箱、梯間、機械室、瞭望台,鋼筋混凝土造,85年12月7日,八層,
RPRNMLMLKILFFCM58CA,39,144.22,住商用,鋼筋混凝土加強磚造,66年10月12日,三層,一層 二層 三層 騎樓
RPQNMLOKKILFFDM68CA,21,81.14,住商用,鋼筋混凝土造,84年12月30日,三層,一層 二層 三層 陽台 騎樓 電梯樓梯間
RPQNMLOKKILFFDM68CA,21,81.14,住商用,鋼筋混凝土造,84年12月30日,三層,一層 二層 三層 陽台 騎樓 電梯樓梯間
RPTNMLMKKILFFDM78CA,,185.76,住家用,鋼筋混凝土造,105年3月23日,三層,一層 二層 三層 陽台
RPXNMLMKKILFFDM56CA,10,226.75,住家用,鋼筋混凝土造,95年7月28日,四層,一層 二層 三層 四層 陽台 屋頂突出物
RPWNMLMKKILFFDM09CA,,185.76,住家用,鋼筋混凝土造,105年3月23日,三層,一層 二層 三層 陽台
RPPNMLSKKILFFAM68CA,28,631.35,農舍,鋼筋混凝土造,78年1月1日,三層,一層 二層 三層
RPQOMLTKKILFFAM98CA,37,102.80,住商用,鋼筋混凝土加強磚造,68年9月1日,二層,一層 二層 騎樓
RPQNMLKLKILFFEM48CA,21,173.66,住商用,鋼筋混凝土造,85年2月29日,三層,一層 二層 三層 屋頂突出物 騎樓
RPQNMLTLKILFFAM98CA,15,237.93,農舍,鋼筋混凝土造,90年10月2日,一層,一層
RPQNMLNKKILFFDM68DA,24,136.70,住商用,鋼筋混凝土造,82年5月20日,三層,一層 二層 三層 陽台 騎樓
RPRNMLOJJHMFFAM28CA,20,185.22,住家用,鋼筋混凝土造,85年11月18日,四層,一層 二層 三層 四層 陽台 平台 花台
RPWNMLOJJHMFFAM78CA,5,6.00,農舍,鋼鐵造有牆,100年5月3日,一層,一層
RPWNMLOJJHMFFAM78CA,5,6.00,農舍,鋼鐵造有牆,100年5月3日,一層,一層
RPPNMLKKKILFFBM97CA,4,290.23,住家用,鋼筋混凝土造,101年12月19日,四層,一層 二層 三層 四層 陽台 雨遮
RPVNMLTLKILFFBM96CA,61,53.81,住家用,木石磚造,,一層,一層 騎樓
RPSNMLOKKILFFAM58CA,14,88.91,住家用,鋼筋混凝土造,91年5月20日,二層,一層 二層 陽台 屋頂突出物
RPUNMLMKKILFFDM88CA,,185.76,住家用,鋼筋混凝土造,105年3月23日,三層,一層 二層 三層 陽台
RPPNMLPKKILFFDM68CA,21,32.58,集合住宅,鋼筋混凝土造,85年3月9日,七層,六層 陽台
RPPNMLPKKILFFDM68CA,21,5.28,防空避難室、停車空間、門廳、屋頂突出物等公共設施,鋼筋混凝土造,85年3月9日,七層,
RPPNMLPKKILFFDM68CA,21,8.57,梯間、走道,鋼筋混凝土造,85年3月9日,七層,
RPVNMLMKKILFFDM98CA,,185.76,住家用,鋼筋混凝土造,105年3月23日,三層,一層 二層 三層 陽台
RPQNMLMKKILFFCM38CA,1,192.66,住家用,鋼筋混凝土造,105年3月3日,四層,一層 二層 三層 四層 陽台
RPOOMLPJJHMFFCM38CA,41,79.25,住家用,鋼筋混凝土加強磚造,64年6月27日,二層,一層 二層
RPUNMLNJJHMFFCM68CA,21,84.48,集合住宅,鋼筋混凝土造,84年6月30日,七層,六層 陽台 花台
RPUNMLNJJHMFFCM68CA,21,40.16,停車場、樓梯間、機房,鋼筋混凝土造,84年6月30日,七層,
RPSNMLPKKILFFCM88CA,2,228.62,住宅、停車空間、樓梯間、水塔間,鋼筋混凝土造,104年3月30日,四層,一層 二層 三層 四層 陽台 雨遮 見其他登記事項
RPTNMLPKKILFFCM98CA,2,228.62,住宅、停車空間、樓梯間、水塔間,鋼筋混凝土造,104年3月30日,四層,一層 二層 三層 四層 陽台 雨遮 見其他登記事項
RPUNMLPKKILFFCM09CA,1,228.62,住宅、停車空間、樓梯間、水塔間,鋼筋混凝土造,104年3月30日,四層,一層 二層 三層 四層 陽台 雨遮 見其他登記事項
RPVNMLPKKILFFBM09CA,1,318.31,住宅、梯間,鋼筋混凝土造,104年7月14日,四層,一層 二層 三層 四層 陽台 見其他登記事項
RPSNMLTKKILFFAM09CA,,181.90,住家用,鋼筋混凝土造,105年6月20日,四層,一層 二層 三層 四層 陽台
RPSOMLTKKILFFAM56CA,36,81.81,住商用,鋼筋混凝土加強磚造,69年9月25日,二層,一層 二層
RPQNMLKLKILFFBM18CA,,296.67,住家用,鋼筋混凝土造,105年6月29日,四層,一層 二層 三層 四層 陽台
RPWNMLNJJHMFFAM68CA,1,171.94,住宅、樓梯間,鋼筋混凝土造,105年2月26日,三層,一層 二層 三層 陽台 屋頂突出物
RPPNMLOJJHMFFAM08CA,17,104.59,住家用,鋼筋混凝土造,88年6月3日,七層,一層 陽台
RPPNMLOJJHMFFAM08CA,17,19.38,國民住宅,鋼筋混凝土造,88年6月3日,七層,
RPPNMLOJJHMFFAM08CA,17,15.58,國民住宅,鋼筋混凝土造,88年6月3日,七層,
RPPNMLMKKILFFEM48CA,38,75.26,住家用,鋼筋混凝土加強磚造,68年4月20日,二層,一層 二層
RPTNMLNKJHMFFCM68CA,27,47.90,公共設施,鋼筋混凝土造,78年6月29日,,
RPTNMLNKJHMFFCM68CA,27,175.86,住商用,鋼筋混凝土造,78年6月29日,七層,一層 二層 三層 陽台 騎樓
RPPNMLQKKILFFEM88CA,18,271.75,住家用,鋼筋混凝土造,88年1月15日,三層,一層 二層 三層
RPVNMLMLKILFFAM78CA,36,110.46,住家用,鋼筋混凝土造,69年5月31日,二層,一層 二層 騎樓
RPQNMLSKJHMFFBM78CA,1,44.42,基地內通路、停車空間,鋼筋混凝土造,105年4月29日,一層,
RPQNMLSKJHMFFBM78CA,1,188.15,集合住宅、水箱間,鋼筋混凝土造,105年4月29日,四層,一層 二層 三層 四層 陽台 見其他登記事項
RPPNMLOKKILFFAM28CA,13,126.06,農舍,鋼造,93年4月1日,二層,一層 二層
RPSNMLKLKILFFBM38CA,33,64.32,農舍,加強磚造,73年2月9日,一層,一層
RPXNMLMLKILFFCM56CA,22,172.30,住家用,鋼筋混凝土造,83年7月25日,四層,一層 二層 三層 四層 陽台 平台 電梯樓梯間
RPRNMLOKKILFFCM68CA,52,148.98,,鋼筋混凝土加強磚造,53年6月30日,二層,一層 二層 騎樓
RPWNMLPKKILFFCM66CA,36,85.04,住家用,加強磚造,69年5月23日,二層,一層 二層
RPPOMLMLKILFFCM48CA,20,81.18,農舍,木構造,86年3月1日,二層,一層 二層
RPPNMLKKJHMFFAM77CA,16,59.90,住家用,鋼筋混凝土造,89年11月29日,五層,五層 陽台
RPPNMLKKJHMFFAM77CA,16,4.68,見其他登記事項,鋼筋混凝土造,89年11月29日,五層,
RPTNMLNLKILFFDM98CA,23,84.35,住家用,鋼筋混凝土造,83年5月24日,五層,三層 陽台 花台
RPTNMLNLKILFFDM98CA,23,37.95,停車位、配電室、梯間、水箱,鋼筋混凝土造,83年5月24日,五層,
RPTNMLKLKILFFBM48CA,2,236.31,住宅、樓梯間、水箱間,鋼筋混凝土造,103年12月25日,三層,一層 二層 三層 陽台 見其他登記事項
RPPNMLNKJHMFFCM38DA,1,223.47,店舖、住宅、樓梯間,鋼筋混凝土造,104年6月3日,三層,一層 二層 三層 陽台 見其他登記事項
RPUNMLQKKILFFBM09CA,23,188.40,住家用,鋼筋混凝土造,83年3月9日,四層,一層 二層 三層 四層 陽台
RPTNMLTJJHMFFBM09CA,21,99.70,住家用,鋼筋混凝土造,84年7月19日,八層,六層 陽台 花台
RPTNMLTJJHMFFBM09CA,21,36.51,防空避難室兼停車空間、梯間、門廳、水塔、機械房,鋼筋混凝土造,84年7月19日,八層,
RPXNMLQKKILFFBM76CA,1,196.18,住宅、樓梯間水箱間,鋼筋混凝土造,104年11月24日,三層,一層 二層 三層 陽台 見其他登記事項
RPQNMLTKKILFFAM88CA,1,240.06,停車空間、住宅、店舖,鋼筋混凝土造,105年1月25日,四層,一層 二層 三層 四層 陽台
RPRNMLTKKILFFAM98CA,,194.25,住宅、停車空間,鋼筋混凝土造,105年6月20日,四層,一層 二層 三層 四層 陽台
RPQNMLQKKILFFAM58CA,31,103.40,住家用,加強磚造,75年2月5日,二層,一層 二層
RPTNMLPLJHMFFAM78CA,35,131.33,住商用,鋼筋混凝土加強磚造,71年1月21日,二層,一層 二層 騎樓
RPPNMLMLKILFFCM48DA,36,147.15,住商用,鋼筋混凝土造,70年1月8日,二層,一層 二層 騎樓 地下層
RPPNMLPJJHMFFBM38DA,27,122.19,住家用,加強磚造,78年5月3日,二層,一層 二層 夾層
RPPNMLQLKILFFAM58CA,35,163.56,住商用,鋼筋混凝土加強磚造,70年8月3日,三層,一層 二層 三層 陽台 騎樓
RPPNMLLLKILFFAM08CA,22,177.90,住家用,鋼筋混凝土造,83年6月27日,三層,一層 二層 三層 陽台 平台 屋頂突出物 雨遮
RPWPMLTKKILFFBM17CA,35,168.92,住商用,鋼筋混凝土造,70年8月21日,三層,一層 二層 三層 騎樓
RPPNMLRLKILFFBM78CA,7,12.00,農舍,鋼鐵造有牆,98年7月30日,一層,一層
RPSNMLTKKILFFCM66CA,35,60.40,住家用,加強磚造,70年8月12日,二層,一層 二層
RPVNMLPKKILFFCM56CA,18,41.63,集合住宅,鋼筋混凝土造,87年12月31日,八層,六層 陽台
RPVNMLPKKILFFCM56CA,18,18.27,停車場．避難室,鋼筋混凝土造,87年12月31日,八層,
RPQNMLTKKILFFDM56CA,23,172.00,住家用,鋼筋混凝土造,83年3月14日,三層,一層 二層 三層 陽台 電梯樓梯間
RPUNMLQLKILFFDM76CA,1,192.54,住宅、水箱間,鋼筋混凝土造,104年5月25日,三層,一層 二層 三層 陽台 屋頂突出物
RPVNMLQLKILFFDM86CA,1,195.86,住宅、水箱間,鋼筋混凝土造,104年5月25日,三層,一層 二層 三層 陽台 屋頂突出物
RPXOMLTKKILFFBM17CA,15,163.56,住家用,鋼筋混凝土造,91年4月4日,四層,一層 二層 三層 四層 陽台 雨遮
RPRNMLKLKILFFBM28CA,25,21.55,住家用,鋼筋混凝土造,80年9月20日,九層,五層 陽台
RPRNMLKLKILFFBM28CA,25,8.66,梯間、通道、機房、水箱,鋼筋混凝土造,80年9月20日,九層,
RPRNMLKLKILFFBM28CA,25,4.71,避難室、梯間、變電室、水箱、機械室,鋼筋混凝土造,80年9月20日,十一層,
RPUNMLKLKILFFBM58CA,23,99.23,住商用,鋼筋混凝土造,83年4月11日,八層,一層 二層 陽台 平台 騎樓
RPUNMLKLKILFFBM58CA,23,13.41,防空避難室、停車場、機械室、門廳、車道、梯間,鋼筋混凝土造,83年4月11日,八層,
RPUNMLMLKILFFBM78CA,36,218.49,住商用,鋼筋混凝土造,69年8月8日,三層,一層 二層 三層 騎樓
RPUNMLMLKILFFAM68CA,28,258.73,住商用,鋼筋混凝土造,78年3月22日,四層,一層 二層 三層 四層 騎樓
RPWNMLLLKILFFAM88DA,36,94.00,住家用,鋼筋混凝土加強磚造,69年7月7日,二層,一層 二層
RPQNMLMLKILFFEM68CA,23,224.09,住家用,鋼筋混凝土造,82年12月24日,三層,一層 二層 三層 屋頂突出物 地下層
RPTNMLLLKILFFDM78CA,13,151.11,住家用,鋼筋混凝土造,93年2月5日,三層,一層 二層 三層 陽台 屋頂突出物
RPRNMLKLKILFFDM48CA,,122.85,住商用,鋼筋混凝土加強磚造,,三層,一層 二層 三層 騎樓
RPTNMLLKJHMFFCM48CA,37,110.11,住家用,加強磚造,69年3月27日,二層,一層 二層 騎樓
RPTNMLOJJHMFFCM68CA,21,155.43,人行道、店舖、住房,鋼筋混凝土造,84年10月2日,七層,一層 二層 三層 陽台 平台 騎樓
RPTNMLOJJHMFFCM68CA,21,31.51,公共設施,鋼筋混凝土造,84年10月2日,七層,
RPUNMLMLKILFFCM88CA,35,107.00,住商用,加強磚造,70年12月24日,二層,一層 二層 陽台 騎樓
RPPNMLSLKILFFCM98CA,14,50.30,住家用,鋼筋混凝土造,91年12月4日,一層,一層
RPRNMLNKJHMFFCM48CA,46,58.54,住家用,加強磚造,60年4月20日,二層,一層 二層
RPRNMLNKJHMFFCM48CA,46,58.54,住家用,加強磚造,60年4月20日,二層,一層 二層
RPTNMLQLKILFFBM09CA,,227.70,集合住宅、停車空間、樓梯間、電梯間,鋼筋混凝土造,105年9月12日,三層,一層 二層 三層
RPQNMLRLKILFFBM88CA,21,76.39,住家用,鋼筋混凝土造,84年7月22日,六層,五層 陽台
RPQNMLRLKILFFBM88CA,21,35.80,化糞池、消防水池、管理室、電機室、防空避難室、梯間,鋼筋混凝土造,84年7月22日,六層,
RPVNMLLLKILFFAM68CA,37,82.62,住家用,鋼筋混凝土加強磚造,69年1月10日,二層,一層 二層
RPTNMLKMKILFFBM58CA,35,176.84,住家用,鋼筋混凝土造,70年8月17日,三層,一層 二層 三層
RPOOMLMLKILFFAM18CA,26,153.73,住家用,鋼筋混凝土造,79年9月14日,三層,一層 二層 三層
RPVNMLRLKILFFAM66CA,24,129.00,住家用,鋼筋混凝土造,81年12月21日,三層,一層 二層 三層
RPQNMLSLKILFFAM88CA,,264.79,住家用,鋼筋混凝土造,105年6月29日,四層,一層 二層 三層 四層 陽台
RPSNMLQJJHMFFAM58CA,38,100.16,住商用,鋼筋混凝土加強磚造,68年1月9日,二層,一層 二層
RPQNMLMLKILFFAM38DA,33,116.71,住家用,鋼筋混凝土加強磚造,72年8月29日,三層,一層 二層 三層
RPPNMLOJJHMFFEM48CA,46,46.20,住家用,鋼筋混凝土加強磚造,59年8月26日,二層,一層 二層
RPUNMLKKJHMFFAM28CA,43,74.94,住商用,鋼筋混凝土加強磚造,62年9月26日,三層,一層 二層 三層
RPSNMLTJJHMFFDM56CA,3,249.36,集合住宅、樓梯間及水箱,鋼筋混凝土造,102年8月23日,三層,一層 二層 三層 陽台 屋頂突出物
RPRNMLSLKILFFAM98CA,,184.77,住家用,鋼筋混凝土造,105年6月23日,四層,一層 二層 三層 四層 陽台
RPQNMLQLKILFFAM68CA,37,96.27,住商用,鋼筋混凝土加強磚造,69年4月12日,二層,一層 二層 騎樓
RPPNMLMJJHMFFAM87CA,23,224.01,住商用,鋼筋混凝土造,83年5月3日,三層,一層 二層 三層 陽台 平台 騎樓 電梯樓梯間
RPPNMLMLKILFFAM18CA,11,165.03,住家用,鋼筋混凝土造,94年9月6日,三層,一層 二層 三層 陽台 平台 屋頂突出物
RPSNMLMLKILFFBM58CA,29,189.28,農舍,加強磚造,76年11月2日,二層,一層 二層 陽台
RPPNMLSLKILFFBM88CA,1,165.97,住家用,鋼筋混凝土造,104年11月11日,四層,一層 二層 三層 四層 陽台
RPWNMLKMKILFFDM09CA,13,151.11,住家用,鋼筋混凝土造,93年2月5日,三層,一層 二層 三層 陽台 屋頂突出物
RPSNMLKMKILFFDM68CA,13,151.11,住家用,鋼筋混凝土造,93年2月5日,三層,一層 二層 三層 陽台 屋頂突出物
RPPOMLNLKILFFCM58CA,31,74.80,住家用,鋼筋混凝土造,75年3月28日,二層,一層 二層
RPXNMLTJJHMFFBM86CA,19,85.76,住家用,鋼筋混凝土造,87年5月20日,七層,五層 陽台
RPXNMLTJJHMFFBM86CA,19,29.15,防空避難室、停車空間、機械室、水塔、梯間,鋼筋混凝土造,87年5月20日,七層,
RPXNMLSKJHMFFBM86CA,2,441.04,住宅、樓梯間,鋼筋混凝土造,104年1月21日,四層,一層 二層 三層 四層 陽台 見其他登記事項
RPTNMLKMKILFFDM78CA,13,151.11,住家用,鋼筋混凝土造,93年2月5日,三層,一層 二層 三層 陽台 屋頂突出物
RPSNMLRLKILFFCM56CA,12,152.35,住家用,鋼骨鋼筋混凝土造,93年8月13日,二層,一層 二層 陽台 平台
RPUNMLKMKILFFDM88CA,13,151.11,住家用,鋼筋混凝土造,93年2月5日,三層,一層 二層 三層 陽台 屋頂突出物
RPXNMLKMKILFFDM56CA,13,151.11,住家用,鋼筋混凝土造,93年2月5日,三層,一層 二層 三層 陽台 屋頂突出物
RPPNMLQLKILFFDM88CA,24,173.90,住商用,鋼筋混凝土造,82年1月19日,三層,一層 二層 三層 陽台 騎樓 電梯樓梯間
RPQNMLQLKILFFDM98CA,37,118.60,住商用,鋼筋混凝土加強磚造,68年9月19日,二層,一層 二層 騎樓
RPSNMLSLKILFFBM56CA,21,181.84,住家用,鋼筋混凝土造,84年8月2日,四層,一層 二層 三層 四層 陽台 平台 花台
RPSNMLRLKILFFBM09CA,2,175.04,人行道、住宅,鋼筋混凝土造,103年9月11日,四層,一層 二層 三層 四層 陽台 騎樓
RPQNMLSLKILFFEM76DA,7,179.50,住宅、梯間,ＲＣ造,98年9月8日,三層,一層 二層 三層 陽台 見其他登記事項
RPRNMLQLKILFFBM88CA,,299.77,集合住宅、停車空間、樓梯間、電梯間,鋼筋混凝土造,105年9月12日,四層,一層 二層 三層 四層 見其他登記事項
RPRNMLQLKILFFBM88CA,,17.32,停車空間,鋼筋混凝土造,105年9月12日,一層,
RPUNMLQLKILFFAM09CA,,388.35,住家用,鋼筋混凝土造,105年7月18日,五層,一層 二層 三層 四層 五層 陽台
RPQNMLNLKILFFAM38CA,12,104.46,農舍,鋼鐵造有牆,,一層,一層
RPQNMLNLKILFFEM88DA,25,130.26,住家用,鋼造,81年6月4日,一層,一層
RPQNMLTJJHMFFDM98CA,33,119.18,住商用,鋼筋混凝土加強磚造,72年8月1日,二層,一層 二層 騎樓
RPWNMLQJJHMFFAM98CA,16,57.75,住家用,鋼筋混凝土造,89年12月20日,五層,一層 陽台
RPWNMLQJJHMFFAM98CA,16,3.68,梯間,鋼筋混凝土造,89年12月20日,五層,
RPWNMLMKJHMFFAM68CA,2,210.29,住宅、樓梯間、水箱間,鋼筋混凝土造,104年3月26日,三層,一層 二層 三層 陽台 屋頂突出物
RPXNMLQJJHMFFAM09CA,37,105.38,住商用,鋼筋混凝土加強磚造,69年1月10日,二層,一層 二層 騎樓
RPTNMLPJJHMFFBM68CA,3,187.23,住宅、停車空間,鋼筋混凝土造,102年9月2日,四層,一層 二層 三層 四層 陽台
RPVNMLPJJHMFFAM78CA,18,104.01,住家用,鋼筋混凝土結構造,87年11月21日,二層,一層 二層 陽台
RPSNMLQLKILFFBM98CA,,290.66,集合住宅、停車空間、樓梯間、電梯間,鋼筋混凝土造,105年9月12日,四層,一層 二層 三層 四層 見其他登記事項
RPSNMLQLKILFFBM98CA,,17.32,停車空間,鋼筋混凝土造,105年9月12日,一層,
RPPNMLTLKILFFBM98CA,23,68.47,住家用,鋼筋混凝土造,82年5月27日,七層,二層 陽台 花台
RPPNMLTLKILFFBM98CA,23,14.12,防空避難室、停車場、穿透走廊,鋼筋混凝土造,82年5月27日,七層,
RPPNMLTLKILFFBM98CA,23,11.37,門廳、梯間、機械室、水塔,鋼筋混凝土造,82年5月27日,七層,
RPPNMLKKJHMFFCM97CA,47,47.20,住家用,鋼筋混凝土加強磚造,59年1月1日,一層,一層
RPSNMLQLKILFFCM09CA,47,230.14,住商用,鋼筋混凝土加強磚造,59年1月15日,三層,一層 二層 三層 騎樓
RPOOMLNLKILFFCM48CA,25,98.05,住家用,鋼筋混凝土造,80年11月22日,一層,一層
RPPNMLKKJHMFFBM97DA,10,256.29,住家用,鋼筋混凝土造,95年10月18日,三層,一層 二層 三層 陽台 屋頂突出物 雨遮
RPSOMLOLJHMFFAM68CA,19,61.00,住家用,鋼筋混凝土造,86年6月16日,八層,七層
RPSOMLOLJHMFFAM68CA,19,20.37,防空避難室、停車場、梯間、清水池、消防室、電氣室,鋼筋混凝土造,86年6月16日,八層,
RPUOMLOLJHMFFAM88CA,19,61.00,住家用,鋼筋混凝土造,86年6月16日,八層,八層
RPUOMLOLJHMFFAM88CA,19,20.37,防空避難室、停車場、梯間、清水池、消防室、電氣室,鋼筋混凝土造,86年6月16日,八層,
RPPNMLRLKILFFAM68CA,22,109.63,住家用,鋼筋混凝土造,84年2月16日,十三層,二層 陽台
RPPNMLRLKILFFAM68CA,22,26.36,辦公室、康樂室、電梯、門廳、機房、水箱、平臺、瞭望臺、梯間、變電室、機械室,鋼筋混凝土造,84年2月16日,十三層,
RPPNMLRLKILFFAM68CA,22,12.67,停車空間,鋼筋混凝土造,84年2月16日,十三層,
RPRNMLKMKILFFAM28CA,35,85.65,住商用,鋼筋混凝土加強磚造,70年10月5日,二層,一層 二層 騎樓
RPXNMLOJJHMFFAM88CA,13,169.94,住商用,鋼筋混凝土造,92年7月15日,三層,一層 二層 三層 屋頂突出物
RPQOMLOLJHMFFAM48CA,19,123.01,住家用,鋼筋混凝土造,86年6月16日,八層,四層
RPQOMLOLJHMFFAM48CA,19,41.10,防空避難室、停車場、梯間、清水池、消防室、電氣室,鋼筋混凝土造,86年6月16日,八層,
RPPNMLLKJHMFFAM87CA,12,95.98,住家用,鋼筋混凝土造,93年12月28日,十二層,三層 陽台
RPQNMLTLKILFFDM76DA,13,151.11,住家用,鋼筋混凝土造,93年2月5日,三層,一層 二層 三層 陽台 屋頂突出物
RPPNMLQJJHMFFAM28CA,1,287.28,停車空間、住宅、樓梯間,鋼筋混凝土造,104年11月4日,四層,一層 二層 三層 四層 陽台 屋頂突出物
RPPOMLTLKILFFBM09CA,36,120.29,住家用,鋼筋混凝土加強磚造,69年12月31日,二層,一層 二層 騎樓
RPPOMLQKJHMFFAM48CA,,161.35,集合住宅,鋼筋混凝土造,105年7月26日,三層,一層 二層 三層 陽台
RPRNMLPJJHMFFDM68CA,39,85.22,住商用,加強磚造,67年4月13日,二層,一層 二層
RPXNMLQJJHMFFDM76CA,22,177.69,住商用,鋼筋混凝土造,83年12月31日,三層,一層 二層 三層 陽台 騎樓
RPQNMLKKJHMFFBM97CA,23,97.42,住家用,鋼筋混凝土造,83年3月16日,九層,二層 陽台 花台
RPQNMLKKJHMFFBM97CA,23,7.14,電梯、樓梯,鋼筋混凝土造,83年3月16日,九層,
RPQNMLKKJHMFFBM97CA,23,40.38,避難室、停車空間、屋頂、水箱、機械室,鋼筋混凝土造,83年3月16日,九層,
RPPNMLNJJHMFFDM28CA,4,155.57,住家用,鋼筋混凝土造,102年5月7日,三層,一層 二層 三層 陽台
RPRNMLSLKILFFDM66CA,36,96.18,住家用,加強磚造,69年7月15日,二層,一層 二層
RPPNMLQLJHMFFEM88CA,23,119.25,住家用,鋼筋混凝土造,82年12月17日,三層,一層 二層 三層
RPPNMLMJJHMFFBM97CA,23,213.98,住商用,鋼筋混凝土造,83年1月28日,三層,一層 二層 三層 陽台 騎樓 電梯樓梯間
RPVNMLNLJHMFFAM78CA,3,335.43,住宅、水箱間,鋼筋混凝土造,103年5月14日,四層,一層 二層 三層 四層 陽台 屋頂突出物
RPQOMLMKJHMFFAM18CA,,147.96,集合住宅,鋼筋混凝土造,105年7月26日,三層,一層 二層 三層 陽台
RPROMLOLJHMFFAM58CA,19,104.91,住家用,鋼筋混凝土造,86年6月16日,八層,四層
RPROMLOLJHMFFAM58CA,19,35.05,防空避難室、停車場、梯間、清水池、消防室、電氣室,鋼筋混凝土造,86年6月16日,八層,
RPQNMLNJJHMFFAM08CA,38,63.00,住家用,鋼筋混凝土加強磚造,67年11月6日,一層,一層
RPQNMLNKJHMFFEM58CA,39,104.92,住家用,鋼筋混凝土加強磚造,66年12月10日,二層,一層 二層
RPPNMLTLKILFFDM66DA,13,151.11,住家用,鋼筋混凝土造,93年2月5日,三層,一層 二層 三層 陽台 屋頂突出物
RPQNMLKMKILFFAM18CA,21,218.52,住商用,鋼筋混凝土造,84年9月12日,三層,一層 二層 三層 陽台 屋頂突出物 騎樓
RPWNMLTJJHMFFAM66CA,1,301.98,住宅、停車空間,鋼筋混凝土造,104年12月24日,四層,一層 二層 三層 四層 屋頂突出物
RPVOMLMKJHMFFAM68CA,,147.96,集合住宅,鋼筋混凝土造,105年7月26日,三層,一層 二層 三層 陽台
RPXNMLTJJHMFFAM76CA,1,269.19,住宅、停車空間、樓梯間,鋼筋混凝土造,104年12月24日,四層,一層 二層 三層 四層 屋頂突出物
RPRNMLOJJHMFFBM38CA,36,97.58,住家用,鋼筋混凝土加強磚造,69年12月12日,二層,一層 二層
RPWNMLKMKILFFBM88CA,3,184.97,住宅、水箱間,鋼筋混凝土造,102年10月8日,三層,一層 二層 三層 陽台 見其他登記事項
RPQNMLQJJHMFFDM68CA,18,108.54,住商用,鋼筋混凝土造,87年11月17日,八層,一層 二層 陽台
RPQNMLQJJHMFFDM68CA,18,38.42,防空避難室，停車空間梯間，門廳，社區辦公室,鋼筋混凝土造,87年11月17日,八層,
RPWNMLOJJHMFFCM98CA,39,82.23,住家用,鋼筋混凝土加強磚造,67年4月25日,二層,一層 二層
RPPNMLTJJHMFFDM88CA,10,133.22,住家用,鋼筋混凝土造,96年4月13日,二層,一層 二層 陽台 雨遮
RPRNMLKLJHMFFCM28CA,45,68.25,住家用,鋼筋混凝土加強磚造,61年4月13日,一層,一層
RPRNMLQJJHMFFBM58CA,5,12.00,農舍,鋼鐵造有牆,101年3月7日,一層,一層
RPRNMLLKJHMFFCM28CA,26,155.10,住家用,鋼筋混凝土造,79年7月23日,三層,一層 二層 三層
RPSNMLMKJHMFFAM28CA,18,174.24,住家用,鋼筋混凝土造,88年2月20日,三層,一層 二層 三層 陽台 屋頂突出物
RPSNMLPJJHMFFAM48CA,,263.37,住家用,鋼筋混凝土造,105年6月29日,四層,一層 二層 三層 四層 陽台
RPQOMLQKJHMFFAM58CA,,73.98,集合住宅,鋼筋混凝土造,105年7月26日,三層,一層 二層 三層 陽台
RPQOMLQKJHMFFAM58CA,,73.98,集合住宅,鋼筋混凝土造,105年7月26日,三層,一層 二層 三層 陽台
RPQNMLRKJHMFFDM88CA,13,151.11,住家用,鋼筋混凝土造,93年2月5日,三層,一層 二層 三層 陽台 屋頂突出物
RPSNMLKLJHMFFBM38DA,23,70.41,商業用,鋼筋混凝土造,83年1月17日,十二層,五層 陽台
RPSNMLKLJHMFFBM38DA,23,32.26,防空避難室、梯間、門廳、機械室、水箱,鋼筋混凝土造,83年1月17日,十二層,
RPUNMLMKJHMFFDM78CA,22,308.82,住商用,鋼筋混凝土造,83年6月10日,四層,一層 二層 三層 四層 陽台 騎樓 電梯樓梯間
RPOOMLMKJHMFFAM97CA,,161.35,集合住宅,鋼筋混凝土造,105年7月26日,三層,一層 二層 三層 陽台
RPXOMLQKJHMFFAM66CA,,80.68,集合住宅,鋼筋混凝土造,105年7月26日,三層,一層 二層 三層 陽台
RPXOMLQKJHMFFAM66CA,,80.68,集合住宅,鋼筋混凝土造,105年7月26日,三層,一層 二層 三層 陽台
RPRPMLMKJHMFFAM38CA,,140.40,集合住宅,鋼筋混凝土造,105年7月26日,三層,一層 二層 三層 陽台
RPXPMLMKJHMFFAM98CA,,161.35,集合住宅,鋼筋混凝土造,105年7月26日,三層,一層 二層 三層 陽台
RPTPMLMKJHMFFAM58CA,,181.93,集合住宅、停車空間,鋼筋混凝土造,105年7月26日,四層,一層 二層 三層 四層 陽台
RPWPMLMKJHMFFAM88CA,,161.35,集合住宅,鋼筋混凝土造,105年7月26日,三層,一層 二層 三層 陽台
RPSNMLOJJHMFFAM38CA,31,87.56,住家用,加強磚造,74年11月1日,二層,一層 二層
RPPPMLMKJHMFFAM18CA,,147.96,集合住宅,鋼筋混凝土造,105年7月26日,三層,一層 二層 三層 陽台
RPSNMLKLJHMFFCM38CA,1,231.22,住宅、樓梯間,鋼筋混凝土造,104年6月17日,四層,一層 二層 三層 四層 陽台 見其他登記事項
RPSNMLPJJHMFFBM58CA,37,113.96,住商用,鋼筋混凝土加強磚造,68年6月28日,二層,一層 二層 騎樓
RPQRMLMKJHMFFAM48CA,,181.93,集合住宅、停車空間,鋼筋混凝土造,105年7月26日,四層,一層 二層 三層 四層 陽台
RPXQMLMKJHMFFAM09CA,,181.93,集合住宅、停車空間,鋼筋混凝土造,105年7月26日,四層,一層 二層 三層 四層 陽台
RPVNMLOJJHMFFCM88CA,22,96.70,集合住宅,鋼筋混凝土造,83年12月31日,十二層,二層 陽台 花台
RPVNMLOJJHMFFCM88CA,22,22.77,樓梯間、機械房、水箱,鋼筋混凝土造,83年12月31日,十二層,
RPQNMLNLJHMFFCM48CA,17,165.71,住家用,鋼筋混凝土造,88年12月6日,三層,一層 二層 三層 陽台 屋頂突出物
RPVNMLLKJHMFFCM68CA,20,119.93,住家用,鋼筋混凝土造,85年8月15日,七層,四層 陽台
RPVNMLLKJHMFFCM68CA,20,62.29,公共設施,鋼筋混凝土造,85年8月15日,七層,
RPOOMLPLJHMFFAM38CA,2,170.68,住家用,鋼筋混凝土造,104年5月26日,四層,一層 二層 三層 四層 陽台
RPOOMLPLJHMFFAM38CA,2,170.61,住家用,鋼筋混凝土造,104年2月16日,四層,一層 二層 三層 四層 陽台
RPPNMLPJJHMFFAM18CA,38,92.80,住家用,鋼筋混凝土加強磚造,68年2月23日,二層,一層 二層
RPQQMLMKJHMFFAM38CA,,222.31,集合住宅、停車空間,鋼筋混凝土造,105年7月26日,四層,一層 二層 三層 四層 陽台
RPRQMLMKJHMFFAM48CA,,222.31,集合住宅、停車空間,鋼筋混凝土造,105年7月26日,四層,一層 二層 三層 四層 陽台
RPTQMLMKJHMFFAM68CA,,222.31,集合住宅、停車空間,鋼筋混凝土造,105年7月26日,四層,一層 二層 三層 四層 陽台
RPPNMLRJJHMFFAM38CA,33,133.34,住家用,鋼筋混凝土加強磚造,73年5月26日,二層,一層 二層 陽台 電梯樓梯間
RPVQMLMKJHMFFAM88CA,,222.31,集合住宅、停車空間,鋼筋混凝土造,105年7月26日,四層,一層 二層 三層 四層 陽台
RPQNMLKKJHMFFEM28CA,7,221.24,店舖，住宅,ＲＣ造,98年7月16日,四層,一層 二層 三層 四層 陽台 騎樓 雨遮
RPUNMLPJJHMFFDM09DA,13,151.11,住家用,鋼筋混凝土造,93年2月5日,三層,一層 二層 三層 陽台 屋頂突出物
RPRNMLMJKHMFFAM18CA,18,59.88,住家用,鋼筋混凝土造,88年2月12日,十二層,五層 陽台
RPRNMLMJKHMFFAM18CA,18,15.56,共同使用防空避難室兼停車空間,鋼筋混凝土造,88年2月12日,十二層,
RPWNMLPJJHMFFDM66DA,13,151.11,住家用,鋼筋混凝土造,93年2月5日,三層,一層 二層 三層 陽台 屋頂突出物
RPUNMLQJJHMFFDM56DA,13,151.11,住家用,鋼筋混凝土造,93年2月5日,三層,一層 二層 三層 陽台 屋頂突出物
RPVNMLQJJHMFFDM66DA,13,151.11,住家用,鋼筋混凝土造,93年2月5日,三層,一層 二層 三層 陽台 屋頂突出物
RPRNMLTJJHMFFDM56DA,13,151.11,住家用,鋼筋混凝土造,93年2月5日,三層,一層 二層 三層 陽台 屋頂突出物
RPXNMLPJJHMFFBM09CA,42,69.01,住家用,鋼筋混凝土加強磚造,63年10月5日,二層,一層 二層
RPQNMLPLJHMFFAM48CA,47,82.60,住家用,鋼筋混凝土加強磚造,59年3月18日,二層,一層 二層
RPPNMLTJJHMFFBM68CA,22,76.34,住家用,鋼筋混凝土造,83年10月8日,七層,五層 陽台 花台
RPPNMLTJJHMFFBM68CA,22,26.78,防空避難室、停車空間、梯間,鋼筋混凝土造,83年10月8日,七層,
RPPOMLLKJHMFFBM08CA,2,321.59,停車空間、住宅、樓梯間,鋼筋混凝土造,104年1月5日,四層,一層 二層 三層 四層 陽台 見其他登記事項
RPRNMLNKJHMFFBM38CA,6,261.42,店舖、辦公室、住宅,鋼筋混凝土造,100年5月17日,四層,一層 二層 三層 四層 陽台
RPPNMLRJJHMFFDM68CA,1,185.76,住家用,鋼筋混凝土造,105年3月23日,三層,一層 二層 三層 陽台
RPQNMLRJJHMFFDM78CA,1,281.94,住宅、樓梯間,鋼筋混凝土造,105年3月23日,三層,一層 二層 三層 陽台 見其他登記事項
RPVNMLRKJHMFFCM66CA,33,101.10,住商用,鋼筋混凝土造,73年3月16日,二層,一層 二層 騎樓
RPRNMLPJJHMFFEM98EA,38,107.32,住商用,鋼筋混凝土加強磚造,67年9月22日,二層,一層 二層 騎樓
RPTNMLNJKHMFFAM48CA,16,146.06,住商用,鋼筋混凝土造,90年4月18日,三層,一層 二層 三層 騎樓
RPUNMLQJJHMFFBM88CA,33,192.46,住家用,鋼筋混凝土造,72年10月4日,三層,一層 二層 三層
RPQNMLQKJHMFFEM98DA,53,60.45,住家用,磚造,53年1月10日,一層,一層
RPSNMLOLJHMFFDM88CA,22,100.49,集合住宅,鋼筋混凝土造,84年4月8日,六層,五層 陽台
RPSNMLOLJHMFFDM88CA,22,.30,守衛室、會客室兼圖書室等公共設施,鋼筋混凝土造,84年4月8日,六層,
RPSNMLOLJHMFFDM88CA,22,.30,遊憩室兼社區聯誼會議室等公共設施,鋼筋混凝土造,84年4月8日,六層,
RPSNMLOLJHMFFDM88CA,22,17.72,避難室、停車場、樓梯間等公共設施,鋼筋混凝土造,84年4月8日,六層,
RPRNMLLLKHMFFBM38CA,26,138.41,農舍,加強磚造,79年7月21日,二層,一層 二層 陽台 屋頂突出物
RPQNMLLLKHMFFBM28CA,26,138.41,農舍,加強磚造,79年7月21日,二層,一層 二層 陽台 屋頂突出物
RPPNMLTLJHMFFBM88CA,38,143.10,住商用,鋼筋混凝土加強磚造,68年2月6日,二層,一層 二層 騎樓
RPWNMLRKJHMFFAM56CA,38,87.20,住家用,鋼筋混凝土加強磚造,68年4月20日,二層,一層 二層
RPRPMLTJJHMFFAM98CA,2,170.67,住家用,鋼筋混凝土造,104年2月16日,四層,一層 二層 三層 四層 陽台
RPPOMLPLJHMFFAM48CA,36,169.20,住商用,鋼筋混凝土加強磚造,69年5月1日,三層,一層 二層 三層 騎樓
RPSNMLSKJHMFFCM09CA,16,163.98,住家用,鋼骨鋼筋混凝土造,90年4月2日,二層,一層 二層 陽台
RPXNMLTJJHMFFCM96CA,18,122.90,住家用,鋼筋混凝土造,87年10月19日,二層,一層 二層 陽台 屋頂突出物 雨遮
RPSNMLKKJHMFFCM28CA,22,86.95,集合住宅,鋼筋混凝土造,83年12月31日,十二層,七層 陽台 花台
RPSNMLKKJHMFFCM28CA,22,20.05,樓梯間、機械房、水箱,鋼筋混凝土造,83年12月31日,十二層,
RPQNMLLKJHMFFCM18CA,4,231.61,住宅、樓梯間,鋼筋混凝土造,102年2月4日,二層,一層 二層 陽台 見其他登記事項
RPUPMLPJMHMFFBM66CA,2,168.00,農舍,鋼鐵造有牆,103年9月29日,一層,一層
RPTNMLSKJHMFFBM09CA,36,116.16,住家用,加強磚造,69年12月18日,二層,一層 二層
RPRNMLRKJHMFFBM78CA,4,317.29,住家用,鋼筋混凝土造,101年6月14日,四層,一層 二層 三層 四層 陽台
RPQNMLTKJHMFFBM88CA,3,268.88,住宅、梯間、水箱室,鋼筋混凝土造,102年9月25日,三層,一層 二層 三層 陽台 見其他登記事項
RPPNMLNJKHMFFCM28CA,,105.45,農舍,鋼筋混凝土造,105年4月1日,三層,一層 二層 三層
RPUNMLMJKHMFFCM68CA,27,224.17,廠房，辦公室，宿舍,鋼筋混凝土造,78年9月11日,三層,一層 二層 三層 騎樓
RPPNMLPKJHMFFCM48CA,8,16.50,農舍,鋼骨造,97年7月31日,一層,一層
RPPNMLOLJHMFFAM28CA,33,166.22,住商用,鋼筋混凝土造,72年7月21日,三層,一層 二層 三層 騎樓
RPQNMLSKJHMFFAM68CA,11,253.10,住家用,鋼筋混凝土造,95年1月23日,四層,一層 二層 三層 四層 陽台 平台 見其他登記事項
RPUNMLMKJHMFFAM48CA,23,147.13,住家用,鋼筋混凝土造,82年8月2日,五層,一層 二層 三層 四層 五層
RPUNMLLKJHMFFAM38CA,27,160.18,住商用,鋼筋混凝土造,78年8月29日,三層,一層 二層 三層 騎樓
RPOOMLKLJHMFFAM87CA,3,82.30,住宅、樓梯間,鋼筋混凝土造,102年12月3日,三層,一層 二層 三層 陽台 屋頂突出物
RPOOMLKLJHMFFAM87CA,3,82.30,住宅、樓梯間,鋼筋混凝土造,102年12月3日,三層,一層 二層 三層 陽台 屋頂突出物
RPSNMLSJKHMFFBM98CA,2,276.91,住家用,鋼筋混凝土造,104年3月25日,四層,一層 二層 三層 四層 陽台 雨遮
RPTNMLOKKHMFFBM78CA,20,.10,警衛室,鋼筋混凝土造,85年6月13日,九層,
RPTNMLOKKHMFFBM78CA,20,23.26,停車空間、防空避難室、梯間、機械室、水塔、門廳,鋼筋混凝土造,85年6月13日,九層,
RPTNMLOKKHMFFBM78CA,20,76.35,住家用,鋼筋混凝土造,85年6月13日,九層,九層 陽台 花台
RPTNMLOKKHMFFBM78CA,20,24.03,停車空間、防空避難室、梯間、機械室、水塔、門廳,鋼筋混凝土造,85年6月13日,九層,
RPSNMLMKJHMFFEM68CA,7,174.75,住宅、梯間,ＲＣ造,98年9月8日,三層,一層 二層 三層 陽台 見其他登記事項
RPQNMLOLJHMFFEM78CA,47,65.84,住家用,磚造,58年10月5日,一層,一層
RPTNMLMKJHMFFEM78CA,7,174.75,住宅、梯間,ＲＣ造,98年9月8日,三層,一層 二層 三層 陽台 見其他登記事項
RPQNMLMKJHMFFCM38DA,35,77.22,住家用,鋼筋混凝土造,70年9月10日,三層,一層 二層 三層
RPVNMLLKJHMFFAM48CA,16,59.90,住家用,鋼筋混凝土造,89年11月29日,五層,一層 平台
RPVNMLLKJHMFFAM48CA,16,4.68,見其他登記事項,鋼筋混凝土造,89年11月29日,五層,
RPWNMLLKJHMFFAM58CA,37,106.19,住家用,鋼筋混凝土加強磚造,69年2月8日,二層,一層 二層
RPRNMLNJKHMFFCM58DA,34,76.25,住家用,鋼筋混凝土造,71年10月30日,二層,一層 二層
RPPNMLQKJHMFFAM38CA,1,199.73,住商用,鋼筋混凝土造,105年6月4日,四層,一層 二層 三層 四層 陽台
RPTRMLMKJHMFFAM78CA,13,220.74,住家用,鋼筋混凝土造,92年8月19日,四層,一層 二層 三層 四層 陽台 雨遮 見其他登記事項
RPTNMLRKJHMFFAM88CA,34,120.34,住商用,鋼筋混凝土加強磚造,71年8月30日,三層,一層 二層 三層
RPTOMLOLJHMFFAM78CA,22,184.99,住家用,鋼筋混凝土造,84年4月25日,四層,一層 二層 三層 四層 騎樓
RPQNMLSKJHMFFCM88CA,40,85.88,住家用,鋼筋混凝土加強磚造,65年10月5日,二層,一層 二層
RPQOMLMKJHMFFBM28CA,14,164.90,住家用,鋼筋混凝土造,92年3月24日,三層,一層 二層 三層 陽台 屋頂突出物
RPQNMLRKJHMFFBM68CA,4,317.29,住家用,鋼筋混凝土造,101年6月14日,四層,一層 二層 三層 四層 陽台
RPRNMLPLJHMFFBM68CA,,208.21,住家用,鋼筋混凝土造,105年8月22日,四層,一層 二層 三層 四層 陽台
RPTOMLMKJHMFFCM68CA,12,51.59,集合住宅,鋼筋混凝土造,93年10月5日,十層,五層 陽台
RPTOMLMKJHMFFCM68CA,12,18.53,防空避難室兼停車空間、梯廳、梯間、水箱,鋼筋混凝土造,93年10月5日,十層,
RPTOMLMKJHMFFCM68CA,12,51.59,集合住宅,鋼筋混凝土造,93年10月5日,十層,五層 陽台
RPTOMLMKJHMFFCM68CA,12,18.53,防空避難室兼停車空間、梯廳、梯間、水箱,鋼筋混凝土造,93年10月5日,十層,
RPQOMLMKJHMFFCM38CA,9,88.80,農舍,鋼骨鋼筋混凝土造,97年1月31日,二層,一層 二層
RPPOMLMKJHMFFCM28CA,9,88.80,農舍,鋼骨鋼筋混凝土造,97年1月31日,二層,一層 二層
RPUNMLKLJHMFFCM58CA,16,174.84,店舖．住宅．停車空間,鋼筋混凝土造,90年3月9日,四層,一層 二層 三層 四層 陽台 平台
RPVOMLOLJHMFFAM98CA,21,1513.16,廠房、辦公室,ＲＣ鋼骨造,84年11月14日,三層,一層 二層 三層 地下層
RPVOMLOLJHMFFAM98CA,17,749.64,廠房,鋼骨造,88年7月28日,一層,一層
RPOQMLQKJHMFFAM58CA,,181.93,集合住宅、停車空間,鋼筋混凝土造,105年7月26日,四層,一層 二層 三層 四層 陽台
RPPQMLQKJHMFFAM68CA,,73.98,集合住宅,鋼筋混凝土造,105年7月26日,三層,一層 二層 三層 陽台
RPPQMLQKJHMFFAM68CA,,73.98,集合住宅,鋼筋混凝土造,105年7月26日,三層,一層 二層 三層 陽台
RPQNMLNKJHMFFAM18CA,32,107.10,住家用,加強磚造,74年4月26日,二層,一層 二層
RPPNMLOKJHMFFAM18CA,1,197.82,住商用,鋼筋混凝土造,105年6月4日,四層,一層 二層 三層 四層 陽台
RPWPMLQKJHMFFAM66CA,,147.96,集合住宅,鋼筋混凝土造,105年7月26日,三層,一層 二層 三層 陽台
RPROMLMJKHMFFDM58CA,,214.80,住宅、樓梯間,鋼筋混凝土造,105年10月27日,三層,一層 二層 三層 陽台 見其他登記事項
RPWNMLMJKHMFFDM98CA,,206.12,住宅、樓梯間,鋼筋混凝土造,105年10月27日,三層,一層 二層 三層 陽台 見其他登記事項
RPQNMLMJKHMFFDM38CA,,181.75,住宅、樓梯間,鋼筋混凝土造,105年10月27日,三層,一層 二層 三層 陽台 見其他登記事項
RPSNMLMJKHMFFDM58CA,,181.80,住宅、樓梯間,鋼筋混凝土造,105年10月27日,三層,一層 二層 三層 陽台 見其他登記事項
RPTNMLMJKHMFFDM68CA,,181.60,住宅、樓梯間,鋼筋混凝土造,105年10月27日,三層,一層 二層 三層 陽台 見其他登記事項
RPRNMLMJKHMFFDM48CA,,181.60,住宅、樓梯間,鋼筋混凝土造,105年10月27日,三層,一層 二層 三層 陽台 見其他登記事項
RPXNMLMJKHMFFDM09CA,,202.34,住宅、樓梯間,鋼筋混凝土造,105年10月27日,三層,一層 二層 三層 陽台 見其他登記事項
RPPOMLMJKHMFFDM38CA,,212.65,住宅、樓梯間,鋼筋混凝土造,105年10月27日,三層,一層 二層 三層 陽台 見其他登記事項
RPPNMLMJKHMFFDM28CA,,181.60,住宅、樓梯間,鋼筋混凝土造,105年10月27日,三層,一層 二層 三層 陽台 見其他登記事項
RPPNMLQLJHMFFCM78DA,22,95.66,住家用,鋼筋混凝土造,83年8月13日,十五層,三層 陽台 花台
RPPNMLQLJHMFFCM78DA,22,29.36,防空避難室、停車空間、梯間、公共設施,鋼筋混凝土造,83年8月13日,十五層,
RPTNMLQLJHMFFBM09DA,16,198.24,住商用,鋼筋混凝土造,90年4月25日,三層,一層 二層 三層 陽台 電梯樓梯間
RPVOMLKLJHMFFAM58CA,3,176.33,住家用,鋼筋混凝土造,102年7月17日,四層,一層 二層 三層 四層 陽台
RPRNMLQJKHMFFBM78DA,2,46.24,農舍,鋼鐵造有牆,104年3月25日,一層,一層
RPPOMLKLJHMFFAM97CA,36,102.94,住家用,鋼筋混凝土加強磚造,69年8月29日,二層,一層 二層 騎樓
RPTOMLRKJHMFFAM98CA,,163.77,集合住宅,鋼筋混凝土造,105年7月26日,三層,一層 二層 三層 陽台
RPUNMLSKJHMFFCM66CA,22,51.60,集合住宅,鋼筋混凝土造,83年7月8日,十二層,七層 陽台 花台
RPUNMLSKJHMFFCM66CA,22,6.19,避難室兼停車場、樓梯、門廳、騎樓、梯間、機械房、水箱、平台、瞭望台,鋼筋混凝土造,83年7月8日,十二層,
RPUNMLSKJHMFFCM66CA,22,51.60,集合住宅,鋼筋混凝土造,83年7月8日,十二層,七層 陽台 花台
RPUNMLSKJHMFFCM66CA,22,6.19,避難室兼停車場、樓梯、門廳、騎樓、梯間、機械房、水箱、平台、瞭望台,鋼筋混凝土造,83年7月8日,十二層,
RPTNMLRKJHMFFBM98CA,37,70.00,住家用,鋼筋混凝土加強磚造,68年6月26日,一層,一層
RPQNMLMJKHMFFBM18CA,25,44.82,住家用,鋼筋混凝土造,81年1月30日,六層,六層 陽台
RPQNMLMJKHMFFBM18CA,25,16.88,防空避難室、梯間、門廳、突出物,鋼筋混凝土造,81年1月30日,六層,
RPVNMLSKJHMFFBM66CA,,208.21,住家用,鋼筋混凝土造,105年8月22日,四層,一層 二層 三層 四層 陽台
RPQOMLRKJHMFFAM68CA,,147.96,集合住宅,鋼筋混凝土造,105年7月26日,三層,一層 二層 三層 陽台
RPUNMLNKKHMFFAM78DA,18,150.57,住商用,鋼筋混凝土造,87年6月9日,三層,一層 二層 三層 陽台 屋頂突出物
RPUNMLSKJHMFFBM66DA,18,191.90,住家用,鋼筋混凝土造,88年6月5日,三層,一層 二層 三層 陽台 屋頂突出物
RPSNMLTKJHMFFDM66CA,20,36.13,停車場、機械室、梯間,鋼筋混凝土造,86年1月10日,一層,
RPSNMLTKJHMFFDM66CA,20,198.90,住家用,鋼筋混凝土造,86年1月10日,四層,一層 二層 三層 四層 見其他登記事項
RPUNMLRKJHMFFDM66CA,33,89.70,住商用,鋼筋混凝土加強磚造,72年12月30日,二層,一層 二層 騎樓
RPWNMLRKJHMFFDM86CA,11,189.75,住家用,鋼筋混凝土造,95年1月26日,三層,一層 二層 三層 陽台 屋頂突出物
RPUNMLMJKHMFFDM78CA,,190.73,住宅、樓梯間,鋼筋混凝土造,105年10月27日,三層,一層 二層 三層 陽台 見其他登記事項
RPTNMLQLJHMFFDM56CA,26,261.90,住家用,鋼筋混凝土造,79年12月5日,四層,一層 二層 三層 四層 陽台
RPTNMLQLJHMFFDM56CA,17,273.75,住商用,鋼筋混凝土造,88年7月31日,四層,一層 二層 三層 四層 陽台 平台 騎樓
RPVNMLMJKHMFFDM88CA,,181.54,住宅、樓梯間,鋼筋混凝土造,105年10月27日,三層,一層 二層 三層 陽台 見其他登記事項
RPPNMLNJKHMFFDM38CA,39,116.86,住商用,鋼筋混凝土加強磚造,66年7月29日,二層,一層 二層 騎樓
RPUNMLRKJHMFFBM56DA,2,296.31,住家用,鋼筋混凝土造,103年8月12日,四層,一層 二層 三層 四層 陽台
RPPNMLNKKHMFFDM48CA,36,93.32,住商用,鋼筋混凝土加強磚造,69年12月27日,二層,一層 二層 騎樓
RPXNMLTKJHMFFAM96DA,23,133.53,住家用,鋼筋混凝土造,82年1月13日,三層,一層 二層 三層
RPOOMLRKJHMFFAM48CA,22,116.78,住商用,鋼筋混凝土造,84年5月1日,七層,一層 二層 陽台 騎樓
RPOOMLRKJHMFFAM48CA,22,30.87,水塔、電梯、門廊、地下層、瞭望臺,鋼筋混凝土造,84年5月1日,七層,
RPSNMLQLJHMFFAM78CA,,261.90,住家用,鋼筋混凝土造,105年4月13日,四層,一層 二層 三層 四層 陽台
RPTNMLQLJHMFFAM88CA,1,261.90,住家用,鋼筋混凝土造,105年4月13日,四層,一層 二層 三層 四層 陽台
RPWNMLQLJHMFFAM56CA,22,204.05,住家用,鋼筋混凝土造,84年6月16日,四層,一層 二層 三層 四層 屋頂突出物
RPSNMLNLJHMFFAM48CA,14,80.92,住家用,鋼架有牆,91年9月19日,一層,一層
RPTNMLSKJHMFFAM98CA,1,228.75,住宅、樓梯間,鋼筋混凝土造,104年11月23日,四層,一層 二層 三層 四層 陽台 雨遮
RPPNMLTKJHMFFAM68CA,24,75.49,住家用,鋼筋混凝土造,82年3月22日,八層,一層 平台
RPPNMLTKJHMFFAM68CA,24,8.78,防空避難室、人行道、電梯,鋼筋混凝土造,82年3月22日,八層,
RPTNMLTKJHMFFAM09CA,35,105.96,住家用,鋼筋混凝土造,70年10月5日,二層,一層 二層 騎樓
RPRNMLSKJHMFFCM98CA,4,208.67,店舖、住宅、樓梯間,鋼筋混凝土造,102年4月19日,三層,一層 二層 三層 陽台 見其他登記事項
RPWNMLRKJHMFFCM76CA,42,186.35,住商用,鋼筋混凝土加強磚造,64年2月7日,二層,一層 二層 騎樓
RPVOMLMJKHMFFCM88CA,,317.06,住宅、樓梯間、停車空間,鋼筋混凝土造,105年8月31日,四層,一層 二層 三層 四層 陽台 見其他登記事項
RPRNMLPLJHMFFCM78CA,17,99.90,農舍,鋼筋混凝土造,89年5月1日,一層,一層
RPVNMLSJKHMFFAM56CA,23,97.24,住家用,鋼筋混凝土造,83年6月17日,八層,三層 陽台 花台
RPVNMLSJKHMFFAM56CA,23,35.06,梯間、車道、水箱、機械房、避難室、停車間,鋼筋混凝土造,83年6月17日,八層,
RPPNMLKKKHMFFCM08CA,15,113.77,住家用,鋼筋混凝土造,91年3月29日,三層,一層 二層 三層 陽台
RPSNMLTKJHMFFBM09CA,1,306.80,住宅、停車空間,鋼筋混凝土造,104年9月7日,四層,一層 二層 三層 四層 陽台 地下一層
RPSNMLTKJHMFFBM09CA,1,16.39,停車空間,鋼筋混凝土造,104年9月7日,四層,
RPWNMLTKJHMFFBM86CA,21,67.65,住家用,鋼筋混凝土造,84年12月15日,十二層,五層 陽台
RPWNMLTKJHMFFBM86CA,21,15.17,防空避難室、停車空間、門廳、梯間、機房、水箱,鋼筋混凝土造,84年12月15日,十二層,
RPUNMLTKJHMFFBM66CA,36,87.29,住家用,加強磚造,69年12月30日,二層,一層 二層 陽台
RPXNMLRJKHMFFBM76CA,,204.99,住家用,鋼筋混凝土造,105年11月2日,四層,一層 二層 三層 四層 陽台
RPQOMLRJKHMFFBM78CA,,204.99,住家用,鋼筋混凝土造,105年11月2日,四層,一層 二層 三層 四層 陽台
RPPNMLQJKHMFFBM48CA,2,209.86,住宅、停車空間,鋼筋混凝土造,103年9月2日,四層,一層 二層 三層 四層 陽台
RPOOMLRJKHMFFBM58CA,,180.61,住家用,鋼筋混凝土造,105年11月2日,四層,一層 二層 三層 四層 陽台
RPROMLRJKHMFFBM88CA,,204.99,住家用,鋼筋混凝土造,105年11月2日,四層,一層 二層 三層 四層 陽台
RPUOMLRJKHMFFBM56CA,,204.99,住家用,鋼筋混凝土造,105年11月2日,四層,一層 二層 三層 四層 陽台
RPTOMLRJKHMFFBM09CA,,204.99,住家用,鋼筋混凝土造,105年11月2日,四層,一層 二層 三層 四層 陽台
RPQOMLTKJHMFFBM98CA,12,163.43,住家用,鋼筋混凝土造,93年10月15日,四層,一層 二層 三層 四層 陽台
RPSNMLNLJHMFFBM58CA,22,22.35,住家用,鋼筋混凝土造,83年7月21日,十三層,十一層 陽台
RPSNMLNLJHMFFBM58CA,22,12.30,停車場、防空避難室、梯間、走道、水箱、機房,鋼筋混凝土造,83年7月21日,十三層,
RPUNMLNKKHMFFBM78CA,,180.58,住家用,鋼筋混凝土造,105年11月2日,四層,一層 二層 三層 四層 陽台
RPTNMLNKKHMFFCM78CA,5,219.95,一般零售場所,鋼筋混凝土造,100年11月10日,四層,一層 二層 三層 四層 陽台 雨遮
RPQNMLPLJHMFFCM68CA,37,98.54,住商用,加強磚造,69年5月22日,二層,一層 二層 騎樓
RPQNMLTKJHMFFAM78CA,,172.41,住宅、停車空間、樓梯間,鋼筋混凝土造,105年8月8日,三層,一層 二層 三層 陽台 見其他登記事項
RPRNMLNLJHMFFAM38CA,23,112.56,住家用,見其他登記事項,83年5月13日,二層,
RPUNMLOKKHMFFAM78CA,2,265.92,住家用,鋼筋混凝土造,104年4月30日,二層,一層 二層 陽台
RPUNMLOKKHMFFAM78CA,2,2.23,住家用,鋼筋混凝土造,104年4月30日,一層,
RPVNMLOKKHMFFAM88CA,1,91.00,住家用,鋼筋混凝土造,105年6月20日,四層,一層 二層 三層 四層 陽台
RPVNMLOKKHMFFAM88CA,1,91.00,住家用,鋼筋混凝土造,105年6月20日,四層,一層 二層 三層 四層 陽台
RPTNMLQJKHMFFAM78CA,33,113.08,住家用,鋼筋混凝土加強磚造,72年12月28日,二層,一層 二層
RPUNMLKLJHMFFDM68CA,48,70.40,住家用,鋼筋混凝土加強磚造,57年11月1日,二層,一層 二層
RPPNMLPLJHMFFDM68CA,13,151.11,住家用,鋼筋混凝土造,93年2月5日,三層,一層 二層 三層 陽台 屋頂突出物
RPVNMLKLJHMFFDM78CA,21,21.81,集合住宅,鋼筋混凝土造,85年3月9日,五層,四層 陽台 花台
RPUOMLPLJHMFFDM66CA,22,161.27,農舍,鋼架造有牆,83年12月12日,一層,一層
RPTNMLPLJHMFFDM09CA,20,180.59,住家用,鋼筋混凝土造,86年1月10日,四層,一層 二層 三層 四層 陽台 露台 見其他登記事項
RPTNMLPLJHMFFDM09CA,20,36.13,停車場、機械室、梯間,鋼筋混凝土造,86年1月10日,一層,
RPPNMLKKKHMFFDM18CA,2,187.68,住宅、水箱間,鋼筋混凝土造,104年5月25日,三層,一層 二層 三層 陽台 屋頂突出物
RPRNMLTJKHMFFAM88CA,36,97.53,住商用,鋼筋混凝土加強磚造,69年12月13日,二層,一層 二層 騎樓
RPVNMLNLJHMFFBM88CA,16,165.21,住家用,鋼筋混凝土造,90年5月9日,三層,一層 二層 三層 陽台 屋頂突出物 騎樓
SPRNMLTJKHMFFAM98CA,36,96.00,住家用,鋼筋混凝土加強磚造,69年12月13日,二層,一層 二層 騎樓
RPRNMLOLJHMFFBM58CA,26,90.78,商業用,鋼筋混凝土造,80年3月23日,十二層,七層 陽台
RPRNMLOLJHMFFBM58CA,26,45.55,樓梯間、人行道、門廊、門廳、機械室、水箱、避難室,鋼筋混凝土造,80年3月23日,十二層,
RPPNMLOLJHMFFBM38CA,29,150.38,住商用,加強磚造,77年1月9日,三層,一層 二層 三層 陽台 騎樓
RPPNMLLLJHMFFBM08CA,25,89.34,住家用,鋼筋混凝土造,80年9月20日,十一層,三層 陽台
RPPNMLLLJHMFFBM08CA,25,13.68,梯間、機房、水箱,鋼筋混凝土造,80年9月20日,十一層,
RPPNMLLLJHMFFBM08CA,25,9.42,避難室、梯間、變電室、水箱、機械室,鋼筋混凝土造,80年9月20日,十一層,
RPRNMLNLJHMFFBM48CA,25,21.55,住家用,鋼筋混凝土造,80年9月20日,九層,九層 陽台
RPRNMLNLJHMFFBM48CA,25,8.66,梯間、通道、機房、水箱,鋼筋混凝土造,80年9月20日,九層,
RPRNMLNLJHMFFBM48CA,25,4.71,避難室、梯間、變電室、水箱、機械室,鋼筋混凝土造,80年9月20日,十一層,
RPQNMLKMJHMFFCM28CA,33,72.24,住家用,鋼筋混凝土造,73年1月19日,四層,四層
RPSNMLRKKHMFFCM09CA,16,207.49,自用農舍,輕鋼架有牆者,89年10月6日,一層,一層 陽台
RPTNMLTJKHMFFCM66CA,23,92.56,住家用,鋼筋混凝土造,82年12月20日,四層,三層
RPTNMLTJKHMFFCM66CA,23,4.72,梯間突出物,鋼筋混凝土造,82年12月20日,四層,
RPVNMLKLJHMFFAM48CA,36,102.48,住商用,鋼筋混凝土加強磚造,69年7月1日,二層,一層 二層 騎樓
RPUNMLOLJHMFFAM78CA,27,100.41,住商用,加強磚造,79年6月18日,二層,一層 二層 騎樓
RPUNMLNLJHMFFAM68CA,38,284.41,住商用,鋼筋混凝土造,67年10月30日,四層,一層 二層 三層 四層 騎樓 地下層
RPRNMLNKKHMFFDM68CA,11,177.74,住家用,鋼筋混凝土造,94年9月19日,三層,一層 二層 三層 陽台 屋頂突出物
RPQOMLNLJHMFFDM68CA,10,133.13,住家用,鋼筋混凝土造,96年4月13日,二層,一層 二層 陽台 雨遮
RPSNMLRJKHMFFEM66DA,11,168.38,農舍,鋼筋混凝土造,95年5月30日,二層,
RPPNMLOLJHMFFDM58CA,56,82.56,住家用,磚造,50年3月30日,一層,一層 騎樓
RPPNMLOLJHMFFDM58CA,56,82.56,住家用,磚造,50年3月30日,一層,一層 騎樓
RPSOMLMJKHMFFDM78DA,13,151.11,住家用,鋼筋混凝土造,93年2月5日,三層,一層 二層 三層 陽台 屋頂突出物
RPVNMLPLJHMFFDM66CA,19,142.76,住家用,鋼筋混凝土造,87年2月20日,三層,一層 二層 三層 陽台
RPOOMLMJKHMFFDM28CA,,204.68,住宅、樓梯間,鋼筋混凝土造,105年10月27日,三層,一層 二層 三層 陽台 見其他登記事項
RPWNMLOLJHMFFAM98CA,31,171.50,住商用,鋼筋混凝土造,75年5月12日,三層,一層 二層 三層 騎樓
RPPNMLPJKHMFFCM48CA,22,92.45,自用農舍,木造,84年5月13日,二層,一層 二層
RPUNMLPLJHMFFCM09CA,24,111.65,住家用,加強磚造,81年11月11日,二層,一層 二層
RPQNMLOLJHMFFCM58CA,12,138.45,住商用,鋼骨鋼筋混凝土造,93年7月20日,三層,一層 二層 三層
RPRNMLOLJHMFFCM68CA,4,148.02,住家用,鋼筋混凝土造,101年8月22日,三層,一層 二層 三層 雨遮
RPUNMLRJKHMFFBM09CA,27,224.32,住家用,鋼筋混凝土造,79年5月18日,四層,一層 二層 三層 四層 地下層
RPUNMLRJKHMFFBM09CA,27,37.03,停車空間,鋼筋混凝土造,79年5月18日,四層,
RPRNMLMJKHMFFBM28CA,2,236.14,住家用,鋼筋混凝土造,104年1月30日,四層,一層 二層 三層 四層 陽台
RPRNMLRJKHMFFBM78CA,3,276.34,住宅、梯間、水箱室,鋼筋混凝土造,102年9月25日,三層,一層 二層 三層 陽台 見其他登記事項
RPPNMLQLJHMFFAM48CA,23,79.80,住家用,鋼筋混凝土造,82年11月10日,十四層,九層 陽台
RPPNMLQLJHMFFAM48CA,23,17.15,梯間、水塔、機械室,鋼筋混凝土造,82年11月10日,十四層,
RPPNMLQLJHMFFAM48CA,23,8.47,避難室、開放空間、停車空間,鋼筋混凝土造,82年11月10日,十四層,
RPPNMLQLJHMFFAM48CA,23,.50,管理員辦公室,鋼筋混凝土造,82年11月10日,十四層,
RPPNMLQLJHMFFAM48CA,23,7.50,避難室、開放空間、停車空間,鋼筋混凝土造,82年11月10日,十四層,
RPQNMLQJKHMFFAM48CA,15,165.95,住家用,鋼筋混凝土造,90年11月16日,三層,一層 二層 三層 陽台 屋頂突出物
RPRNMLQJKHMFFAM58CA,36,110.03,住家用,鋼筋混凝土加強磚造,70年4月29日,二層,一層 二層
RPPNMLTJKHMFFEM09CA,47,97.75,住家用,鋼筋混凝土加強磚造,58年9月12日,二層,一層 二層 騎樓
RPUNMLQLJHMFFDM66CA,32,99.53,住家用,鋼筋混凝土加強磚造,73年10月6日,二層,一層 二層
RPQNMLOKKHMFFDM68CA,2,112.55,農舍,鋼鐵造有牆,103年11月20日,一層,一層
RPQOMLMJKHMFFDM48CA,,212.50,住宅、樓梯間,鋼筋混凝土造,105年10月27日,三層,一層 二層 三層 陽台 見其他登記事項
RPQNMLQLJHMFFDM98DA,13,151.11,住家用,鋼筋混凝土造,93年2月5日,三層,一層 二層 三層 陽台 屋頂突出物
RPRNMLTJKHMFFDM66DA,36,102.51,住家用,鋼筋混凝土加強磚造,69年5月1日,二層,一層 二層
RPTOMLPLJHMFFDM66DA,26,211.21,住家用,鋼筋混凝土造,80年1月21日,三層,一層 二層 三層 陽台 地下層
RPSNMLQJKHMFFAM68CA,1,194.25,住宅、停車空間,鋼筋混凝土造,105年6月20日,四層,一層 二層 三層 四層 陽台
RPXOMLMJKHMFFCM09CA,4,207.38,店舖、住宅,鋼筋混凝土造,101年8月22日,四層,一層 二層 三層 四層 陽台 雨遮
RPWOMLRJKHMFFBM76CA,4,426.16,停車空間、辦公室、住宅,鋼筋混凝土造,102年6月10日,五層,一層 二層 三層 四層 五層 陽台
RPSNMLMJKHMFFBM38CA,21,62.45,住家用,鋼筋混凝土造,84年9月27日,十二層,八層 陽台
RPSNMLMJKHMFFBM38CA,21,21.84,停車空間、防空避難室、水塔、管理室、梯間、走道、機械室、門廳,鋼筋混凝土造,84年9月27日,十二層,
RPPNMLNKKHMFFBM28CA,24,90.55,住家用,鋼筋混凝土造,82年3月12日,七層,一層 平台 花台 見其他登記事項
RPPNMLNKKHMFFBM28CA,24,11.31,地下室、門廳、梯間、機械室、守衛室、水箱、車道,鋼筋混凝土造,82年3月12日,七層,
RPQNMLSJKHMFFBM78CA,21,167.23,住家用,鋼筋混凝土造,85年6月7日,五層,一層 二層 陽台 平台 夾層
RPQNMLSJKHMFFBM78CA,21,44.10,梯間、停車空間,鋼筋混凝土造,85年6月7日,五層,
RPUNMLQLJHMFFEM86DA,17,129.60,住家用,鋼骨造,88年8月24日,一層,一層
RPRNMLOKKHMFFDM78CA,18,166.35,住商用,鋼筋混凝土造,87年11月21日,三層,一層 二層 三層 陽台 騎樓
RPRNMLSJKHMFFDM09CA,13,151.11,住家用,鋼筋混凝土造,93年2月5日,三層,一層 二層 三層 陽台 屋頂突出物
RPSNMLRJLHMFFBM98CA,,208.21,住家用,鋼筋混凝土造,105年8月22日,四層,一層 二層 三層 四層 陽台
