﻿編號,土地位置,土地移轉面積(平方公尺),使用分區或編定,權利人持分分母,權利人持分分子,移轉情形,地號
The serial number, land position,land shifting area square meter,the use zoning or compiles and checks,,,,land parcel
RPWNMLTLJILFFAP47EB,水碓東段,122.21,非都市：一般農業區 ; 非都市編定：甲種建築用地,1,1,全筆移轉,14830001
RPWNMLTLJILFFAP47EB,水碓東段,21.80,非都市：一般農業區 ; 非都市編定：甲種建築用地,29,1,持分移轉,14830020
RPXNMLTLJILFFAP57EB,水碓東段,112.48,非都市：一般農業區 ; 非都市編定：甲種建築用地,1,1,全筆移轉,14830005
RPXNMLTLJILFFAP57EB,水碓東段,21.80,非都市：一般農業區 ; 非都市編定：甲種建築用地,29,1,持分移轉,14830020
RPOOMLTLJILFFAP76EB,水碓東段,112.59,非都市：一般農業區 ; 非都市編定：甲種建築用地,1,1,全筆移轉,14830014
RPOOMLTLJILFFAP76EB,水碓東段,21.80,非都市：一般農業區 ; 非都市編定：甲種建築用地,29,1,持分移轉,14830020
RPVNMLKMJILFFAP56EB,水碓東段,116.14,非都市：一般農業區 ; 非都市編定：甲種建築用地,1,1,全筆移轉,14830003
RPVNMLKMJILFFAP56EB,水碓東段,21.80,非都市：一般農業區 ; 非都市編定：甲種建築用地,29,1,持分移轉,14830020
RPWOMLTLJILFFAP57EB,水碓東段,21.80,非都市：一般農業區 ; 非都市編定：甲種建築用地,29,1,持分移轉,14830020
RPWOMLTLJILFFAP57EB,水碓東段,108.95,非都市：一般農業區 ; 非都市編定：甲種建築用地,1,1,全筆移轉,14830019
RPTNMLKMJILFFAP98EB,水碓東段,181.65,非都市：一般農業區 ; 非都市編定：甲種建築用地,1,1,全筆移轉,14830000
RPTNMLKMJILFFAP98EB,水碓東段,21.80,非都市：一般農業區 ; 非都市編定：甲種建築用地,29,1,持分移轉,14830020
RPPOMLTLJILFFAP86EB,水碓東段,106.74,非都市：一般農業區 ; 非都市編定：甲種建築用地,1,1,全筆移轉,14830017
RPPOMLTLJILFFAP86EB,水碓東段,21.80,非都市：一般農業區 ; 非都市編定：甲種建築用地,29,1,持分移轉,14830020
RPUOMLKMJILFFAP56EB,水碓東段,108.65,非都市：一般農業區 ; 非都市編定：甲種建築用地,1,1,全筆移轉,14830016
RPUOMLKMJILFFAP56EB,水碓東段,21.80,非都市：一般農業區 ; 非都市編定：甲種建築用地,29,1,持分移轉,14830020
RPTOMLKMJILFFAP09EB,水碓東段,21.80,非都市：一般農業區 ; 非都市編定：甲種建築用地,29,1,持分移轉,14830020
RPTOMLKMJILFFAP09EB,水碓東段,105.07,非都市：一般農業區 ; 非都市編定：甲種建築用地,1,1,全筆移轉,14830018
RPUNMLKMJILFFAP09EB,水碓東段,118.07,非都市：一般農業區 ; 非都市編定：甲種建築用地,1,1,全筆移轉,14830002
RPUNMLKMJILFFAP09EB,水碓東段,21.80,非都市：一般農業區 ; 非都市編定：甲種建築用地,29,1,持分移轉,14830020
RPWOMLKMJILFFAP76EB,水碓東段,8.25,非都市：一般農業區 ; 非都市編定：甲種建築用地,1,1,全筆移轉,14830013
RPWOMLKMJILFFAP76EB,水碓東段,21.80,非都市：一般農業區 ; 非都市編定：甲種建築用地,29,1,持分移轉,14830020
RPWOMLKMJILFFAP76EB,水碓東段,106.23,非都市：一般農業區 ; 非都市編定：甲種建築用地,1,1,全筆移轉,14830012
RPVOMLKMJILFFAP66EB,水碓東段,110.62,非都市：一般農業區 ; 非都市編定：甲種建築用地,1,1,全筆移轉,14830015
RPVOMLKMJILFFAP66EB,水碓東段,21.80,非都市：一般農業區 ; 非都市編定：甲種建築用地,29,1,持分移轉,14830020
RPPNMLNJJHMFFAP58EB,光明段,95.37,非都市：工業區 ; 非都市編定：丁種建築用地,1,1,全筆移轉,03780007
RPSNMLNJJHMFFAP88EB,光明段,94.15,非都市：工業區 ; 非都市編定：丁種建築用地,1,1,全筆移轉,03780003
RPXOMLKMJILFFAP86EB,水碓東段,119.98,非都市：一般農業區 ; 非都市編定：甲種建築用地,1,1,全筆移轉,14830007
RPXOMLKMJILFFAP86EB,水碓東段,21.80,非都市：一般農業區 ; 非都市編定：甲種建築用地,29,1,持分移轉,14830020
RPXNMLNJJHMFFAP76EB,光明段,108.14,非都市：工業區 ; 非都市編定：丁種建築用地,1,1,全筆移轉,04390000
RPWNMLNJJHMFFAP66EB,光明段,93.62,非都市：工業區 ; 非都市編定：丁種建築用地,1,1,全筆移轉,04390003
RPOOMLNJJHMFFAP58EB,光明段,92.61,非都市：工業區 ; 非都市編定：丁種建築用地,1,1,全筆移轉,04290001
RPRNMLNJJHMFFAP78EB,光明段,94.15,非都市：工業區 ; 非都市編定：丁種建築用地,1,1,全筆移轉,03780004
RPPOMLNJJHMFFAP68EB,光明段,95.38,非都市：工業區 ; 非都市編定：丁種建築用地,1,1,全筆移轉,04290000
RPUNMLNJJHMFFAP09EB,光明段,94.15,非都市：工業區 ; 非都市編定：丁種建築用地,1,1,全筆移轉,03780001
RPSOMLOJJHMFFAP09EB,光明段,85.80,非都市：工業區 ; 非都市編定：丁種建築用地,1,1,全筆移轉,07420009
RPQOMLOJJHMFFAP88EB,光明段,85.80,非都市：工業區 ; 非都市編定：丁種建築用地,1,1,全筆移轉,07420011
RPOPMLOJJHMFFAP78EB,光明段,85.80,非都市：工業區 ; 非都市編定：丁種建築用地,1,1,全筆移轉,07420006
RPRNMLOJJHMFFAP88EB,光明段,96.25,非都市：工業區 ; 非都市編定：丁種建築用地,1,1,全筆移轉,04390004
RPTOMLOJJHMFFAP56EB,光明段,85.80,非都市：工業區 ; 非都市編定：丁種建築用地,1,1,全筆移轉,07420008
RPXOMLOJJHMFFAP96EB,光明段,85.80,非都市：工業區 ; 非都市編定：丁種建築用地,1,1,全筆移轉,07420007
RPVNMLOJJHMFFAP66EB,光明段,85.80,非都市：工業區 ; 非都市編定：丁種建築用地,1,1,全筆移轉,07420014
RPROMLOJJHMFFAP98EB,光明段,85.80,非都市：工業區 ; 非都市編定：丁種建築用地,1,1,全筆移轉,07420010
RPQNMLOJJHMFFAP78EB,光明段,98.44,非都市：工業區 ; 非都市編定：丁種建築用地,1,1,全筆移轉,04290002
RPUNMLOJJHMFFAP56EB,光明段,84.78,非都市：工業區 ; 非都市編定：丁種建築用地,1,1,全筆移轉,07420015
RPVPMLOJJHMFFAP86EB,光明段,85.80,非都市：工業區 ; 非都市編定：丁種建築用地,1,1,全筆移轉,07420001
RPPQMLOJJHMFFAP98EB,光明段,85.80,非都市：工業區 ; 非都市編定：丁種建築用地,1,1,全筆移轉,07420004
RPRPMLOJJHMFFAP09EB,光明段,85.80,非都市：工業區 ; 非都市編定：丁種建築用地,1,1,全筆移轉,07420005
RPWPMLOJJHMFFAP96EB,光明段,88.72,非都市：工業區 ; 非都市編定：丁種建築用地,1,1,全筆移轉,07420000
RPWNMLPJJHMFFAP86EB,光明段,85.80,非都市：工業區 ; 非都市編定：丁種建築用地,1,1,全筆移轉,07420012
RPUNMLPJJHMFFAP66EB,光明段,99.82,非都市：工業區 ; 非都市編定：丁種建築用地,1,1,全筆移轉,03780000
RPUNMLKKJHMFFAP88EB,光明段,94.15,非都市：工業區 ; 非都市編定：丁種建築用地,1,1,全筆移轉,03780005
RPUPMLOJJHMFFAP76EB,光明段,85.80,非都市：工業區 ; 非都市編定：丁種建築用地,1,1,全筆移轉,07420002
RPVNMLKKJHMFFAP98EB,光明段,85.80,非都市：工業區 ; 非都市編定：丁種建築用地,1,1,全筆移轉,07420013
RPVNMLPJJHMFFAP76EB,光明段,102.60,非都市：工業區 ; 非都市編定：丁種建築用地,1,1,全筆移轉,07420016
RPTPMLOJJHMFFAP66EB,光明段,85.80,非都市：工業區 ; 非都市編定：丁種建築用地,1,1,全筆移轉,07420003
RPPNMLLKJHMFFAP48EB,光明段,94.15,非都市：工業區 ; 非都市編定：丁種建築用地,1,1,全筆移轉,03780002
RPQNMLLKJHMFFAP58EB,光明段,94.15,非都市：工業區 ; 非都市編定：丁種建築用地,1,1,全筆移轉,03780006
