﻿編號,屋齡,建物移轉面積平方公尺,主要用途,主要建材,建築完成日期,總層數,建物分層
The serial number,room age,building shifting area square meter,the main use,main building materials,construction completes the date,total layer,building lamination
RPPNMLMKJILFFDQ68CA,19,77.79,住家用,鋼筋混凝土造,86年5月24日,五層,四層 陽台
RPPNMLMKJILFFDQ68CA,19,11.82,電梯、水箱、機械房、梯間,鋼筋混凝土造,86年5月24日,五層,
RPPNMLMKJILFFDQ68CA,19,26.61,公共設施、防空避難室、停車空間,鋼筋混凝土造,86年5月24日,五層,
RPQNMLMJJILFFDQ68CA,36,130.77,住家用,鋼筋混凝土加強磚造,70年3月15日,二層,一層 二層 騎樓 電梯樓梯間
RPSNMLOJJILFFCQ98CA,36,102.03,住商用,鋼筋混凝土加強磚造,69年7月31日,二層,一層 二層 電梯樓梯間
RPSNMLRJJILFFDQ86DA,23,194.73,住商用,鋼筋混凝土造,83年3月3日,三層,一層 二層 三層 騎樓 見其他登記事項
RPQNMLMKJILFFDQ78CA,19,71.29,住家用,鋼筋混凝土造,86年5月24日,五層,四層 陽台
RPQNMLMKJILFFDQ78CA,19,10.14,電梯、水箱、機械房、梯間,鋼筋混凝土造,86年5月24日,五層,
RPQNMLMKJILFFDQ78CA,19,24.23,公共設施、防空避難室、停車空間,鋼筋混凝土造,86年5月24日,五層,
RPRNMLMLJILFFCQ88CA,35,98.04,住家用,鋼筋混凝土加強磚造,71年2月27日,二層,一層 二層 陽台
RPPNMLSJJILFFCQ09CA,15,125.47,住家用,鋼筋混凝土造,91年1月14日,三層,一層 二層 三層 見其他登記事項
RPXNMLNJJILFFDQ86CA,1,192.36,住家用,鋼筋混凝土,104年9月10日,四層,一層 二層 三層 四層 陽台
RPPNMLMKJILFFCQ58CA,35,111.71,住家用,鋼筋混凝土加強磚造,70年12月29日,二層,一層 二層 陽台
RPSNMLSJJILFFBQ66CA,1,190.82,住家用,鋼筋混凝土造,104年11月12日,四層,一層 二層 三層 四層 陽台
RPRNMLSJJILFFBQ56CA,1,190.82,住家用,鋼筋混凝土造,104年11月12日,四層,一層 二層 三層 四層 陽台
RPTNMLSJJILFFBQ76CA,39,92.00,住家用,鋼筋混凝土加強磚造,66年10月28日,二層,一層 二層
RPUNMLSJJILFFBQ86CA,1,190.82,住家用,鋼筋混凝土造,104年11月12日,四層,一層 二層 三層 四層 陽台
RPWNMLSJJILFFBQ07CA,1,190.82,住家用,鋼筋混凝土造,104年11月12日,四層,一層 二層 三層 四層 陽台
RPVNMLSJJILFFBQ96CA,1,190.82,住家用,鋼筋混凝土造,104年11月12日,四層,一層 二層 三層 四層 陽台
RPOOMLNJJILFFDQ68CA,31,66.81,住家用,鋼筋混凝土加強磚造,74年10月15日,一層,一層
RPSNMLPKJILFFCQ56CA,35,111.71,住家用,鋼筋混凝土加強磚造,70年12月29日,二層,一層 二層 陽台
RPTNMLRJJILFFDQ86CA,16,142.02,住家用,鋼筋混凝土造,89年4月19日,三層,一層 二層 三層 陽台 電梯樓梯間
RPVNMLLKJILFFDQ66DA,37,50.51,住家用,磚造,68年12月27日,一層,一層
RPUNMLOJJILFFDQ66CA,38,73.82,住家用,鋼筋混凝土加強磚造,67年9月1日,一層,一層
RPPNMLRJJILFFEQ56CA,2,185.20,住家用,鋼筋混凝土造,103年6月4日,四層,一層 二層 三層 四層 陽台
RPRNMLRJJILFFCQ56CA,,133.90,住家用,竹造,,一層,一層 騎樓
RPSNMLRKJILFFCQ76CA,32,452.07,廠房，辦公室,鐵骨磚造,73年6月15日,一層,一層
RPSNMLTJJILFFBQ76CA,17,78.42,住家用,鋼筋混凝土造,88年12月21日,三層,一層 二層 三層 陽台
RPSNMLTJJILFFBQ76CA,17,78.42,住家用,鋼筋混凝土造,88年12月21日,三層,一層 二層 三層 陽台
RPSNMLOLJILFFBQ09CA,10,15.06,住家用,鋼筋混凝土造,95年8月28日,八層,四層 陽台
RPOOMLSJJILFFBQ98CA,11,17.24,住家用,鋼筋混凝土造,94年10月3日,十層,九層 陽台
RPSNMLOLJILFFBQ09CA,10,5.78,共有部分,鋼筋混凝土造,95年8月28日,,
RPOOMLSJJILFFBQ98CA,11,.11,管理委員會使用空間,鋼筋混凝土造,94年10月3日,十層,
RPSNMLOLJILFFBQ09CA,10,4.20,共有部分,鋼筋混凝土造,95年8月28日,,
RPOOMLSJJILFFBQ98CA,11,9.11,機電設備空間、停車空間、樓梯間、走廊、機械室、水塔,鋼筋混凝土造,94年10月3日,十層,
RPPNMLSJJILFFBQ98CA,2,50.55,集合住宅,鋼筋混凝土造,103年8月15日,八層,三層 陽台
RPTNMLTJJILFFCQ96CA,22,212.07,住家用,鋼筋混凝土造,83年10月3日,四層,一層 二層 三層 四層 見其他登記事項
SPSNMLOLJILFFBQ56CA,10,15.06,住家用,鋼筋混凝土造,95年8月28日,八層,四層 陽台
SPSNMLOLJILFFBQ56CA,10,5.78,共有部分,鋼筋混凝土造,95年8月28日,,
SPSNMLOLJILFFBQ56CA,10,4.20,共有部分,鋼筋混凝土造,95年8月28日,,
RPSNMLSJJILFFDQ86CA,34,154.79,住家用,鋼筋混凝土加強磚造,71年7月29日,三層,一層 二層 三層 騎樓
RPVNMLOKJILFFCQ86DA,10,171.45,住家用,鋼筋混凝土造,95年9月4日,四層,一層 二層 三層 四層 見其他登記事項
RPQOMLOKJILFFDQ56DA,34,97.00,住家用,鋼筋混凝土加強磚造,71年9月10日,二層,一層 二層 電梯樓梯間
RPPNMLLJKILFFDQ68DA,37,146.37,住商用,鋼筋混凝土加強磚造,69年2月1日,三層,一層 二層 三層 騎樓
RPVNMLQJKILFFCQ96CA,,214.15,住宅、停車空間、樓梯間,鋼筋混凝土造,105年7月21日,三層,一層 二層 三層 見其他登記事項 見其他登記事項
RPUNMLQJKILFFCQ86CA,,212.04,住宅、樓梯間,鋼筋混凝土造,105年7月21日,三層,一層 二層 三層 見其他登記事項 見其他登記事項
RPTNMLQJKILFFCQ76CA,,211.10,住宅、樓梯間,鋼筋混凝土造,105年7月21日,三層,一層 二層 三層 見其他登記事項 見其他登記事項
RPQNMLQJKILFFCQ09CA,,221.72,住宅、樓梯間,鋼筋混凝土造,105年7月21日,三層,一層 二層 三層 見其他登記事項 見其他登記事項
RPSNMLQJKILFFCQ66CA,,215.66,住宅、樓梯間,鋼筋混凝土造,105年7月21日,三層,一層 二層 三層 見其他登記事項 見其他登記事項
RPVNMLOLJILFFDQ96CA,34,114.01,住家用,鋼筋混凝土加強磚造,71年8月5日,二層,一層 二層 電梯樓梯間
RPQNMLKKJILFFDQ58CA,35,157.44,住商用,鋼筋混凝土加強磚造,70年12月8日,三層,一層 二層 三層 騎樓 電梯樓梯間
RPSNMLLKJILFFCQ78CA,1,185.19,住家用,鋼筋混凝土造,105年3月30日,三層,一層 二層 三層 見其他登記事項
RPRNMLLLJILFFCQ78CA,23,136.17,住家用,鋼筋混凝土造,82年12月16日,三層,一層 二層 三層 陽台
RPPNMLTJJILFFCQ56CA,36,111.96,住商用,鋼筋混凝土加強磚造,69年12月13日,二層,一層 二層 騎樓 電梯樓梯間
RPPNMLLKJILFFBQ38CA,10,15.06,住家用,鋼筋混凝土造,95年8月28日,八層,四層 陽台
RPPNMLLKJILFFBQ38CA,10,5.78,共有部分,鋼筋混凝土造,95年8月28日,,
RPPNMLLKJILFFBQ38CA,10,4.20,共有部分,鋼筋混凝土造,95年8月28日,,
RPPNMLLKJILFFBQ38CA,10,15.06,住家用,鋼筋混凝土造,95年8月28日,八層,四層 陽台
RPUNMLLKJILFFBQ88CA,2,194.24,住宅、樓梯間,鋼筋混凝土造,104年4月13日,三層,一層 二層 三層 見其他登記事項 見其他登記事項
SPPNMLLKJILFFBQ48CA,10,15.06,住家用,鋼筋混凝土造,95年8月28日,八層,四層 陽台
SPPNMLLKJILFFBQ48CA,10,5.78,共有部分,鋼筋混凝土造,95年8月28日,,
SPPNMLLKJILFFBQ48CA,10,4.20,共有部分,鋼筋混凝土造,95年8月28日,,
SPPNMLLKJILFFBQ48CA,10,15.06,住家用,鋼筋混凝土造,95年8月28日,八層,四層 陽台
RPQNMLOKJILFFBQ78CA,20,119.15,住家用,鋼筋混凝土造,85年8月15日,十四層,十四層 陽台
RPUNMLLKJILFFCQ98CA,1,238.26,住家用,鋼筋混凝土造,105年3月30日,四層,一層 二層 三層 四層 見其他登記事項
RPWNMLQKJILFFDQ17CA,19,244.51,住房、車庫,鋼筋混凝土造,86年8月5日,四層,一層 二層 三層 四層 夾層 地下層 見其他登記事項
RPQNMLTKJILFFDQ86CA,6,168.20,住家用,鋼筋混凝土造,99年12月16日,四層,一層 二層 三層 四層 陽台
RPRNMLKMJILFFDQ88CA,39,39.40,,鋼筋混凝土磚造,66年8月11日,一層,一層 雨遮
RPRNMLTJJILFFEQ96CA,37,109.11,住家用,鋼筋混凝土加強磚造,68年8月28日,二層,一層 二層 電梯樓梯間
RPTNMLLKJILFFBQ88DA,13,176.07,住商用,鋼筋混凝土造,92年9月22日,四層,一層 二層 三層 四層 陽台
RPQNMLOKJILFFDQ09DA,17,217.29,住商用,鋼筋混凝土造,88年6月3日,四層,一層 二層 三層 四層 陽台 雨遮
RPTNMLSKJILFFDQ17DA,12,121.00,住家用,鋼筋混凝土造,93年12月16日,三層,一層 二層 三層 陽台
RPXNMLSKJILFFDQ47CA,36,95.41,住家用,鋼筋混凝土加強磚造,69年4月1日,二層,一層 二層
RPROMLPKJILFFCQ56CA,15,212.77,住商用,鋼筋混凝土造,91年1月14日,四層,一層 二層 三層 四層 見其他登記事項
RPXNMLOLJILFFCQ07CA,24,82.22,住家用,鋼筋混凝土造,81年11月30日,五層,五層 陽台
RPXNMLOLJILFFCQ07CA,24,8.46,共有部分,鋼筋混凝土造,81年11月30日,地下層,
RPXNMLOLJILFFCQ07CA,24,6.94,共有部分,鋼筋混凝土造,81年11月30日,五層,
RPSNMLMJKILFFCQ88CA,26,158.14,住家用,鋼筋混凝土加強磚造,79年12月15日,二層,一層 二層
RPSOMLTLJILFFBQ07CA,22,163.48,住商用,ＲＣ鋼骨造,84年3月20日,四層,一層 二層 三層 四層 陽台
RPTOMLTLJILFFBQ17CA,17,283.94,乾燥機房,鋼骨造,89年3月24日,一層,一層
RPRNMLQKJILFFCQ56CA,36,100.02,住家用,鋼筋混凝土加強磚造,70年2月10日,二層,一層 二層 騎樓 電梯樓梯間
RPUNMLMJKILFFBQ98CA,,214.72,住家用,鋼筋混凝土造,105年6月24日,四層,一層 二層 三層 四層 陽台
RPTNMLMJKILFFBQ88CA,,214.72,住家用,鋼筋混凝土造,105年6月24日,四層,一層 二層 三層 四層 陽台
RPVNMLMJKILFFBQ09CA,,214.72,住家用,鋼筋混凝土造,105年6月24日,四層,一層 二層 三層 四層 陽台
RPXNMLMJKILFFBQ66CA,,192.75,住宅、樓梯間,鋼筋混凝土造,105年6月24日,三層,一層 二層 三層 見其他登記事項
RPWNMLMJKILFFBQ56CA,,214.72,住家用,鋼筋混凝土造,105年6月24日,四層,一層 二層 三層 四層 陽台
RPROMLOLJILFFCQ56CA,18,181.65,住家用,鋼筋混凝土造,87年11月26日,三層,一層 二層 三層 平台 電梯樓梯間 見其他登記事項
RPSNMLTKJILFFCQ96CA,35,116.46,住家用,鋼筋混凝土加強磚造,70年5月20日,二層,一層 二層 電梯樓梯間
RPUOMLTLJILFFDQ47CA,,167.92,住家用,鋼筋混凝土,105年6月27日,三層,一層 二層 三層 陽台 見其他登記事項
RPVOMLTLJILFFDQ57CA,,167.92,住家用,鋼筋混凝土,105年6月27日,三層,一層 二層 三層 陽台 見其他登記事項
RPPNMLPLJILFFCQ56EA,35,130.47,住家用,鋼筋混凝土加強磚造,70年11月10日,二層,一層 二層 騎樓 電梯樓梯間
RPQNMLPKJILFFDQ09CA,11,15.37,見其他登記事項,鋼筋混凝土造,94年8月15日,五層,一層
RPRNMLPKJILFFDQ56CA,11,15.37,見其他登記事項,鋼筋混凝土造,94年8月15日,五層,一層
RPWNMLPKJILFFDQ07CA,20,181.95,住家用,鋼筋混凝土造,85年10月15日,四層,一層 二層 三層 四層 見其他登記事項
RPWNMLSKJILFFDQ37CA,4,143.84,住家用,鋼筋混凝土造,102年1月22日,四層,一層 二層 三層 四層
RPRNMLTKJILFFDQ96CA,23,33.60,集合住宅,鋼筋混凝土造,82年10月6日,九層,三層 陽台
RPRNMLTKJILFFDQ96CA,23,2.00,梯間,鋼筋混凝土造,82年10月6日,九層,
RPRNMLTKJILFFDQ96CA,23,5.20,避難室、停車場,鋼筋混凝土造,82年10月6日,9,
RPRNMLTKJILFFDQ96CA,23,10.98,梯間,鋼筋混凝土造,82年10月6日,九層,
RPPOMLRJKILFFDQ66CA,18,124.21,住家用,鋼筋混凝土造,87年11月24日,三層,一層 二層 三層 陽台 平台
RPQNMLQKJILFFCQ09CA,6,169.79,住家用,鋼筋混凝土造,100年3月22日,三層,一層 二層 三層 電梯樓梯間 見其他登記事項
RPUOMLTLJILFFBQ27CA,38,101.20,住家用,鋼筋混凝土加強磚造,67年11月1日,二層,一層 二層
RPTNMLQKJILFFBQ66CA,40,99.96,住家用,鋼筋混凝土加強磚造,65年5月17日,二層,一層 二層
RPTOMLTLJILFFDQ37CA,1,178.73,住家用,鋼筋混凝土,104年7月31日,三層,一層 二層 三層 陽台 見其他登記事項
RPRNMLQLJILFFDQ76CA,10,.65,機械室、樓梯間、垃圾處理場、管理中心,鋼筋混凝土造,95年7月18日,三層,
RPRNMLQLJILFFDQ76CA,10,.27,機械室、樓梯間,鋼筋混凝土造,95年7月18日,一層,
RPRNMLQLJILFFDQ76CA,10,.48,機械室、樓梯間、開放空間、交誼室,鋼筋混凝土造,95年7月18日,四層,
RPRNMLQLJILFFDQ76CA,4,198.30,,鋼筋混凝土造,101年8月29日,四層,一層 二層 三層 四層 陽台
RPUNMLKMJILFFDQ56CA,36,126.93,住家用,鋼筋混凝土加強磚造,69年6月30日,二層,一層 二層 騎樓 電梯樓梯間
RPOOMLRJKILFFDQ56CA,25,131.88,住家用,鋼筋混凝土加強磚造,81年1月6日,三層,一層 二層 三層
RPUNMLTLJILFFBQ27DA,33,213.95,店舖、住房、梯間,鋼筋混凝土造,72年10月2日,四層,一層 二層 三層 四層 騎樓
RPPNMLRKJILFFDQ66DA,35,95.71,住家用,鋼筋混凝土加強磚造,70年12月9日,二層,一層 二層 電梯樓梯間
RPTNMLTJKILFFDQ17CA,4,169.05,,鋼筋混凝土造,102年1月18日,三層,一層 二層 三層 陽台
RPPNMLNJKILFFBQ58CA,20,68.77,農舍,磚造,85年10月11日,一層,一層
RPQNMLRJKILFFBQ09CA,,176.43,住宅、樓梯間,鋼筋混凝土造,105年6月24日,三層,一層 二層 三層 見其他登記事項
RPOOMLMJKILFFBQ48CA,,176.61,住宅、樓梯間,鋼筋混凝土造,105年6月24日,三層,一層 二層 三層 見其他登記事項
RPRNMLTJKILFFDQ96CA,35,70.12,住家用,鋼筋混凝土加強磚造,70年6月3日,二層,一層 二層 電梯樓梯間
RPRNMLNLJILFFBQ98DA,31,137.43,住家用,鋼筋混凝土加強磚造,74年5月24日,二層,一層 二層 陽台 騎樓 電梯樓梯間
RPPNMLRKJILFFCQ56DA,24,157.77,住家用,鋼筋混凝土造,81年6月30日,三層,一層 二層 三層 電梯樓梯間
RPSNMLSKJILFFDQ96CA,36,100.91,住家用,鋼筋混凝土加強磚造,69年6月26日,二層,一層 二層 騎樓
RPVNMLKMJILFFDQ66CA,1,173.48,住家用,鋼筋混凝土造,105年8月19日,三層,一層 二層 三層 陽台 見其他登記事項
RPWNMLKMJILFFDQ76CA,1,185.35,住家用,鋼筋混凝土造,105年8月19日,三層,一層 二層 三層 陽台 見其他登記事項
RPQNMLRKJILFFCQ56CA,20,143.91,住家用,鋼筋混凝土造,85年11月14日,三層,一層 二層 三層
RPRNMLMLJILFFBQ78CA,35,143.70,住商用,鋼筋混凝土加強磚造,70年10月8日,三層,一層 二層 三層 騎樓 電梯樓梯間
RPPNMLRLJILFFBQ09CA,20,92.00,住家用,鋼筋混凝土造,85年8月15日,十四層,十三層 陽台
RPPNMLRLJILFFBQ09CA,20,34.09,梯間、防空避難室、機械室、水塔牌樓兼停車空間,鋼筋混凝土造,85年8月15日,十四層,
RPSNMLLLJILFFCQ88CA,14,100.16,集合住宅,鋼筋混凝土造,91年7月25日,五層,一層 陽台 雨遮
RPSNMLLLJILFFCQ88CA,14,12.64,梯間、機械室、水箱,鋼筋混凝土造,91年7月25日,五層,
RPSNMLLLJILFFCQ88CA,14,33.34,停車空間,鋼筋混凝土造,91年7月25日,五層,
RPUNMLOLJILFFCQ76CA,32,112.56,住家用,鋼筋混凝土加強磚造,73年10月13日,二層,一層 二層 騎樓 電梯樓梯間
RPWNMLOLJILFFCQ96CA,35,113.45,住家用,鋼筋混凝土加強磚造,70年12月11日,二層,一層 二層 電梯樓梯間
RPSPMLMJKILFFDQ56CA,2,150.94,住家用,鋼筋混凝土造,105年8月19日,三層,一層 二層 三層 陽台 見其他登記事項
RPPNMLMJKILFFDQ68CA,1,171.01,住家用,鋼筋混凝土造,105年8月19日,三層,一層 二層 三層 陽台 見其他登記事項
RPOOMLKMJILFFDQ68CA,,85.48,住家用,鋼筋混凝土造,105年8月19日,三層,一層 二層 三層 陽台 見其他登記事項
RPOOMLKMJILFFDQ68CA,,85.48,住家用,鋼筋混凝土造,105年8月19日,三層,一層 二層 三層 陽台 見其他登記事項
RPQNMLMJKILFFDQ78CA,,170.27,住家用,鋼筋混凝土造,105年8月19日,三層,一層 二層 三層 陽台 見其他登記事項
RPXNMLKMJILFFDQ86CA,1,209.46,住家用,鋼筋混凝土造,105年8月19日,三層,一層 二層 三層 陽台 見其他登記事項
RPRNMLMJKILFFDQ88CA,,172.19,住家用,鋼筋混凝土造,105年8月19日,三層,一層 二層 三層 陽台 見其他登記事項
RPSNMLMJKILFFDQ98CA,,159.14,住家用,鋼筋混凝土造,105年8月19日,三層,一層 二層 三層 陽台 見其他登記事項
RPXNMLMJKILFFDQ86CA,,224.26,住家用,鋼筋混凝土造,105年8月19日,四層,一層 二層 三層 四層 陽台
RPOOMLMJKILFFDQ68CA,,155.57,住家用,鋼筋混凝土造,105年8月19日,三層,一層 二層 三層 陽台 見其他登記事項
RPVNMLMJKILFFDQ66CA,,159.14,住家用,鋼筋混凝土造,105年8月19日,三層,一層 二層 三層 陽台 見其他登記事項
RPWNMLMJKILFFDQ76CA,,79.74,住家用,鋼筋混凝土造,105年8月19日,三層,一層 二層 三層 陽台 見其他登記事項
RPWNMLMJKILFFDQ76CA,,79.74,住家用,鋼筋混凝土造,105年8月19日,三層,一層 二層 三層 陽台 見其他登記事項
RPTNMLMJKILFFDQ09CA,,159.48,住家用,鋼筋混凝土造,105年8月19日,三層,一層 二層 三層 陽台 見其他登記事項
RPQOMLMJKILFFDQ88CA,,155.57,住家用,鋼筋混凝土造,105年8月19日,三層,一層 二層 三層 陽台 見其他登記事項
RPROMLMJKILFFDQ98CA,,155.23,住家用,鋼筋混凝土造,105年8月19日,三層,一層 二層 三層 陽台 見其他登記事項
RPSOMLMJKILFFDQ09CA,,155.57,住家用,鋼筋混凝土造,105年8月19日,三層,一層 二層 三層 陽台 見其他登記事項
RPTOMLMJKILFFDQ56CA,1,189.22,住家用,鋼筋混凝土造,105年8月19日,三層,一層 二層 三層 陽台 見其他登記事項
RPOPMLMJKILFFDQ78CA,,151.23,住家用,鋼筋混凝土造,105年8月19日,三層,一層 二層 三層 陽台 見其他登記事項
RPPOMLMJKILFFDQ78CA,,77.62,住家用,鋼筋混凝土造,105年8月19日,三層,一層 二層 三層 陽台 見其他登記事項
RPPOMLMJKILFFDQ78CA,,77.62,住家用,鋼筋混凝土造,105年8月19日,三層,一層 二層 三層 陽台 見其他登記事項
RPRPMLMJKILFFDQ09CA,2,75.47,住家用,鋼筋混凝土造,105年8月19日,三層,一層 二層 三層 陽台 見其他登記事項
RPRPMLMJKILFFDQ09CA,2,75.47,住家用,鋼筋混凝土造,105年8月19日,三層,一層 二層 三層 陽台 見其他登記事項
RPQPMLMJKILFFDQ98CA,1,179.29,住家用,鋼筋混凝土造,105年8月19日,三層,一層 二層 三層 陽台 見其他登記事項
RPVNMLSKJILFFDQ37DA,11,180.17,集合住宅、停車空間,鋼筋混凝土造,94年8月26日,四層,一層 二層 三層 四層 見其他登記事項
RPVNMLSKJILFFDQ37DA,11,1.59,門廳、遊憩設施,鋼筋混凝土造,94年8月26日,三層,
RPVNMLSKJILFFDQ37DA,11,5.08,門廳、遊憩設施、機械空間、梯間、游泳池,鋼筋混凝土造,94年8月26日,二層,
RPPNMLLLJILFFEQ98EA,18,261.90,住家用,鋼筋混凝土造,87年9月24日,四層,一層 二層 三層 四層 陽台 騎樓 電梯樓梯間
RPQNMLPLJILFFCQ66EA,39,71.40,住家用,磚造,66年5月10日,一層,一層 騎樓
RPPNMLLLJILFFDQ68CA,36,140.08,住家用,鋼筋混凝土加強磚造,69年10月1日,二層,一層 二層 騎樓 電梯樓梯間
RPVOMLMJKILFFDQ76CA,1,161.97,住家用,鋼筋混凝土造,105年8月19日,三層,一層 二層 三層 陽台 見其他登記事項
RPXOMLMJKILFFDQ96CA,1,151.23,住家用,鋼筋混凝土造,105年8月19日,三層,一層 二層 三層 陽台 見其他登記事項
RPQNMLNLJILFFDQ98CA,37,131.56,住家用,鋼筋混凝土加強磚造,69年3月18日,二層,一層 二層 見其他登記事項
RPWOMLMJKILFFDQ86CA,1,82.60,住家用,鋼筋混凝土造,105年8月19日,三層,一層 二層 三層 陽台 見其他登記事項
RPWOMLMJKILFFDQ86CA,1,82.60,住家用,鋼筋混凝土造,105年8月19日,三層,一層 二層 三層 陽台 見其他登記事項
RPPNMLMLJILFFCQ68CA,35,120.83,住商用,鋼筋混凝土加強磚造,70年12月30日,三層,一層 二層 三層 電梯樓梯間
RPQNMLMLJILFFDQ88CA,19,82.27,住家用,鋼筋混凝土造,86年10月14日,七層,四層 見其他登記事項
RPQNMLMLJILFFDQ88CA,19,28.96,見其他登記事項,鋼筋混凝土造,86年10月14日,七層,
RPQNMLMLJILFFDQ88CA,19,74.18,住家用,鋼筋混凝土造,86年10月14日,七層,四層 陽台
RPQNMLMLJILFFDQ88CA,19,28.96,見其他登記事項,鋼筋混凝土造,86年10月14日,七層,
RPSNMLKMJILFFCQ88CA,22,172.07,住商用,鋼筋混凝土造,83年8月8日,十一層,一層 二層 三層 騎樓 見其他登記事項
RPSNMLKMJILFFCQ88CA,22,19.32,共有部分,鋼筋混凝土造,83年8月8日,十一層,
RPSNMLKMJILFFCQ88CA,22,19.30,共有部分,鋼筋混凝土造,83年8月8日,十一層,
RPTNMLTLJILFFBQ07CA,31,261.50,住家用,鋼筋混凝土加強磚造,74年12月16日,三層,一層 二層 三層 電梯樓梯間
RPPOMLMJKILFFBQ58CA,1,204.01,集合住宅,鋼筋混凝土造,104年7月20日,四層,一層 二層 三層 四層 陽台
RPTNMLTLJILFFBQ07CA,31,261.50,住家用,鋼筋混凝土加強磚造,74年12月16日,三層,一層 二層 三層 電梯樓梯間
RPRNMLMLJILFFDQ09DA,24,86.64,住家用,鋼筋混凝土造,81年11月5日,二層,一層 二層 電梯樓梯間
RPTNMLNLJILFFDQ76DA,21,144.15,住家用,鋼筋混凝土造,84年6月24日,三層,一層 二層 三層 見其他登記事項
RPRNMLNLJILFFCQ56EA,1,207.20,店鋪、住宅、樓梯間,鋼筋混凝土造,105年3月7日,三層,一層 二層 三層 見其他登記事項 見其他登記事項
RPQNMLRLJILFFBQ56CA,35,79.84,住家用,鋼筋混凝土加強磚造,70年7月23日,二層,一層 二層
RPQNMLQJKILFFEQ66CA,9,165.76,住宅、樓梯間,鋼筋混凝土、鋼骨構造,96年8月20日,一層,一層 屋頂突出物
RPPNMLPLJILFFBQ88CA,26,173.74,住商用,鋼筋混凝土造,80年2月13日,三層,一層 二層 三層 陽台 平台 騎樓 電梯樓梯間
RPVNMLTJKILFFCQ27CA,36,169.65,住家用,鋼筋混凝土加強磚造,69年10月27日,三層,一層 二層 三層 騎樓 電梯樓梯間
RPTNMLPKKILFFCQ76CA,18,161.61,住商用,鋼筋混凝土造,87年12月15日,三層,一層 二層 三層 平台 電梯樓梯間 見其他登記事項
RPSNMLOKKILFFCQ56CA,,258.17,住宅、停車空間,鋼筋混凝土造,105年7月21日,四層,一層 二層 三層 四層 見其他登記事項
RPTNMLTJKILFFCQ07CA,12,171.34,集合住宅,鋼筋混凝土造,94年2月21日,三層,一層 二層 三層 電梯樓梯間 見其他登記事項
RPQNMLPLJILFFBQ98CA,26,173.74,住商用,鋼筋混凝土造,80年2月13日,三層,一層 二層 三層 陽台 平台 騎樓 電梯樓梯間
RPUNMLLJKILFFCQ98CA,14,103.84,集合住宅,鋼筋混凝土造,91年7月25日,五層,三層 陽台 雨遮
RPUNMLLJKILFFCQ98CA,14,15.40,梯間、機械室、水箱,鋼筋混凝土造,91年7月25日,五層,
RPUNMLLJKILFFCQ98CA,14,33.34,停車空間,鋼筋混凝土造,91年7月25日,五層,
RPUNMLPKKILFFCQ86CA,23,79.05,住家用,鋼筋混凝土造,82年12月14日,七層,一層 平台 花台
RPUNMLPKKILFFCQ86CA,23,7.89,共有部分,鋼筋混凝土造,82年12月14日,七層,
RPUNMLPKKILFFCQ86CA,23,6.42,共有部分,鋼筋混凝土造,82年12月14日,七層,
RPROMLRJKILFFDQ86CA,23,86.36,集合住宅,鋼筋混凝土造,82年10月6日,九層,九層 陽台 花台
RPROMLRJKILFFDQ86CA,23,5.14,梯間,鋼筋混凝土造,82年10月6日,九層,
RPROMLRJKILFFDQ86CA,23,15.83,避難室、停車場,鋼筋混凝土造,82年10月6日,9,
RPRNMLNLJILFFDQ56DA,21,133.35,住家用,鋼筋混凝土造,84年6月26日,三層,一層 二層 三層 見其他登記事項
RPUNMLPLJILFFDQ07DA,17,79.58,住房、梯間,鋼筋混凝土造,88年10月11日,二層,一層 二層 陽台 見其他登記事項
RPQNMLSLJILFFDQ86CA,24,145.45,住家用,鋼筋混凝土造,81年11月26日,三層,一層 二層 三層 見其他登記事項
RPOOMLOLJILFFCQ09EA,33,86.83,住家用,鋼筋混凝土加強磚造,72年8月15日,二層,一層 二層 電梯樓梯間
RPVNMLPLJILFFDQ07CA,48,150.96,住家用,加強磚造,57年12月15日,三層,一層 二層 三層
RPQOMLTLJILFFDQ07CA,29,131.66,住商用,鋼筋混凝土造,76年9月6日,三層,一層 二層 三層 陽台 平台
RPPNMLSKKILFFDQ76CA,14,149.28,見其他登記事項,鋼筋混凝土造,91年6月17日,三層,一層 二層 三層
RPWNMLPLJILFFCQ07CA,35,93.30,住家用,鋼筋混凝土加強磚造,71年2月5日,二層,一層 二層 騎樓 電梯樓梯間
RPPNMLPKKILFFCQ98CA,,243.29,住家用,鋼筋混凝土造,105年6月16日,四層,一層 二層 三層 四層 見其他登記事項
RPPNMLTLJILFFBQ66CA,39,104.44,住家用,鋼筋混凝土加強磚造,67年4月15日,二層,一層 二層 騎樓
RPTNMLPJKILFFBQ56CA,14,17.31,住家用,鋼筋混凝土造,92年2月14日,四層,四層 陽台
RPTNMLPJKILFFBQ56CA,14,2.11,公共空間（樓梯間，電梯間）,鋼筋混凝土造,92年2月14日,四層,
RPTNMLPJKILFFBQ56CA,14,3.10,公共空間,鋼筋混凝土造,92年2月14日,四層,
RPRNMLKMJILFFBQ68CA,23,166.82,住商用,鋼筋混凝土造,83年3月31日,四層,一層 二層 三層 四層 陽台 平台 露台 花台
RPQNMLTLJILFFCQ86CA,39,122.77,住家用,鋼筋混凝土加強磚造,66年9月1日,二層,一層 二層 騎樓
RPQNMLOJKILFFCQ88CA,24,162.59,住家用,鋼筋混凝土造,81年6月24日,三層,一層 二層 三層 騎樓 電梯樓梯間
RPQNMLQLJILFFDQ66CA,36,86.72,住家用,鋼筋混凝土加強磚造,69年5月10日,二層,一層 二層 電梯樓梯間
RPPNMLTLJILFFDQ86CA,37,131.56,住家用,鋼筋混凝土加強磚造,69年3月18日,二層,一層 二層 見其他登記事項
RPPNMLQLJILFFDQ56CA,23,104.22,住家用,鋼筋混凝土造,83年1月4日,三層,一層 二層 三層
RPWNMLTLJILFFDQ57CA,37,124.02,住家用,鋼筋混凝土加強磚造,69年1月26日,三層,一層 二層 三層 騎樓
RPVNMLTJKILFFDQ37CA,20,159.49,住家用,鋼筋混凝土造,86年1月3日,三層,一層 二層 三層 見其他登記事項
RPSNMLNKKILFFDQ56CA,35,134.27,住商用,鋼筋混凝土加強磚造,70年6月20日,二層,一層 二層 陽台 平台 騎樓 電梯樓梯間
RPQNMLNKKILFFDQ98CA,23,63.63,集合住宅,鋼筋混凝土造,82年10月6日,九層,六層 陽台 花台
RPQNMLNKKILFFDQ98CA,23,8.06,梯間,鋼筋混凝土造,82年10月6日,九層,
RPQNMLNKKILFFDQ98CA,23,10.40,避難室、停車場,鋼筋混凝土造,82年10月6日,9,
RPVNMLQJKILFFDQ07CA,37,42.71,住家用,木造,68年7月15日,一層,一層
RPOOMLTLJILFFDQ86CA,35,136.41,住家用,鋼筋混凝土加強磚造,70年6月20日,二層,一層 二層 陽台 平台 電梯樓梯間
RPUNMLTLJILFFCQ27CA,36,106.41,住家用,鋼筋混凝土加強磚造,69年10月27日,二層,一層 二層 騎樓 電梯樓梯間
RPPNMLTLJILFFCQ76CA,34,111.71,住家用,鋼筋混凝土加強磚造,71年12月31日,二層,一層 二層 陽台
RPQNMLMKKILFFCQ78CA,21,188.20,住家用,ＲＣ磚鋼鐵造,84年10月28日,二層,一層 二層 騎樓
RPTNMLTLJILFFCQ17CA,,207.69,停車空間、住宅,鋼筋混凝土造,104年11月13日,四層,一層 二層 三層 四層 見其他登記事項
RPSNMLPKKILFFDQ76CA,21,201.03,住商用,鋼筋混凝土造,84年7月21日,四層,一層 二層 三層 四層 電梯樓梯間 雨遮
RPRNMLMJKILFFCQ78CA,23,152.63,住家用,鋼筋混凝土造,82年7月22日,三層,一層 二層 三層 電梯樓梯間 見其他登記事項
RPQNMLNKKILFFEQ09CA,22,164.94,住家用,鋼筋混凝土造,83年7月25日,三層,一層 二層 三層 陽台 平台
RPQNMLRKKILFFCQ66CA,23,167.91,住商用,鋼筋混凝土造,82年11月16日,三層,一層 二層 三層 電梯樓梯間 見其他登記事項
RPRNMLKLKILFFCQ78CA,24,116.41,國民住宅,鋼筋混凝土造,82年2月17日,五層,一層 平台
RPTNMLNKKILFFBQ09CA,19,110.12,住家用,鋼筋混凝土造,86年9月8日,四層,一層 二層 三層 四層 電梯樓梯間
RPTNMLNKKILFFBQ09CA,19,110.12,住家用,鋼筋混凝土造,86年9月8日,四層,一層 二層 三層 四層 電梯樓梯間
RPTNMLNKKILFFBQ09CA,19,108.25,住家用,鋼筋混凝土造,86年9月8日,四層,一層 二層 三層 四層 電梯樓梯間
RPTNMLNKKILFFBQ09CA,19,108.25,住家用,鋼筋混凝土造,86年9月8日,四層,一層 二層 三層 四層 電梯樓梯間
RPVNMLKMJILFFCQ56CA,,630.37,住家用,鋼筋混凝土造,105年8月10日,四層,一層 二層 三層 四層 見其他登記事項
RPWNMLKMJILFFCQ66CA,,206.55,住宅、停車空間、樓梯間,鋼筋混凝土造,105年9月26日,三層,一層 二層 三層 見其他登記事項 見其他登記事項
RPRNMLLJKILFFCQ68CA,35,107.70,住商用,鋼筋混凝土加強磚造,70年7月31日,二層,一層 二層 騎樓 電梯樓梯間
RPWNMLLJKILFFDQ66CA,,141.80,住家用,鋼筋混凝土造,105年7月26日,四層,一層 二層 三層 四層 陽台
RPPNMLLJKILFFCQ58DA,38,92.02,住商用,鋼筋混凝土加強磚造,68年2月16日,二層,一層 二層 騎樓
RPQNMLLJKILFFCQ78EA,1,178.73,住宅、樓梯間,鋼筋混凝土造,104年11月25日,三層,一層 二層 三層 見其他登記事項 見其他登記事項
RPSNMLKMJILFFDQ09DA,38,85.80,住家用,鋼筋混凝土加強磚造,67年7月22日,二層,一層 二層
RPXNMLLJKILFFDQ76CA,6,176.02,住宅、梯間,鋼筋混凝土造,99年12月16日,三層,一層 二層 三層 陽台 雨遮 見其他登記事項
RPPPMLMJKILFFDQ88CA,19,170.48,住房,神明廳,鋼筋混凝土造,87年3月27日,四層,一層 二層 三層 四層 陽台
RPTNMLLJKILFFDQ98CA,,142.35,住家用,鋼筋混凝土造,105年7月26日,四層,一層 二層 三層 四層 陽台
RPUNMLLJKILFFDQ09CA,,145.19,住家用,鋼筋混凝土造,105年7月26日,四層,一層 二層 三層 四層 陽台
RPOOMLMKKILFFDQ78CA,36,97.04,住家用,鋼筋混凝土加強磚造,70年4月3日,二層,一層 二層
RPVNMLLJKILFFDQ56CA,,142.35,住家用,鋼筋混凝土造,105年7月26日,四層,一層 二層 三層 四層 陽台
RPPNMLRKKILFFCQ56CA,34,32.91,住家用,見其他登記事項,71年12月31日,一層,一層
RPPNMLSJKILFFBQ09CA,33,182.15,住商用,鋼筋混凝土加強磚造,73年4月26日,三層,一層 二層 三層 騎樓 電梯樓梯間
RPSNMLSJKILFFCQ86CA,30,105.35,住家用,鋼筋混凝土加強磚造,75年12月27日,二層,一層 二層 騎樓 電梯樓梯間
RPSNMLSLKILFFCQ27EA,15,125.47,住家用,鋼筋混凝土造,91年1月14日,三層,一層 二層 三層 見其他登記事項
RPQNMLOKKILFFCQ56EA,34,76.65,國民住宅,鋼筋混凝土造,72年3月12日,五層,四層
RPTNMLPJKILFFCQ66CA,1,215.99,住家用,鋼筋混凝土造,105年3月30日,四層,一層 二層 三層 四層 見其他登記事項
RPPNMLOKKILFFEQ66EA,35,116.73,住商用,鋼筋混凝土加強磚造,70年6月30日,二層,一層 二層 騎樓 電梯樓梯間
RPTNMLRJKILFFDQ96CA,39,68.83,住家用,磚造,66年7月10日,一層,一層
RPVNMLPKKILFFDQ17DA,21,71.75,住家用,鋼筋混凝土加強磚造,84年9月12日,三層,一層 二層 三層 見其他登記事項
RPVNMLSJKILFFBQ07CA,16,381.28,住商用,鋼筋混凝土造,89年12月18日,四層,一層 二層 三層 四層 陽台 地下層
RPPNMLTJKILFFBQ56CA,9,204.00,停車空間、店舖、集合住宅,鋼筋混凝土造,96年6月28日,四層,一層 二層 三層 四層 見其他登記事項
RPTNMLQJKILFFDQ86CA,37,99.32,住家用,鋼筋混凝土加強磚造,68年11月15日,二層,一層 二層 騎樓 電梯樓梯間
RPQOMLQKKILFFDQ76CA,1,186.19,住家用,鋼筋混凝土造,105年8月19日,三層,一層 二層 三層 陽台 見其他登記事項
RPPOMLQKKILFFDQ66CA,,159.14,住家用,鋼筋混凝土造,105年8月19日,三層,一層 二層 三層 陽台 見其他登記事項
RPOOMLQKKILFFDQ56CA,,79.74,住家用,鋼筋混凝土造,105年8月19日,三層,一層 二層 三層 陽台 見其他登記事項
RPOOMLQKKILFFDQ56CA,,79.74,住家用,鋼筋混凝土造,105年8月19日,三層,一層 二層 三層 陽台 見其他登記事項
RPROMLQKKILFFDQ86CA,1,150.94,住家用,鋼筋混凝土造,105年8月19日,三層,一層 二層 三層 陽台 見其他登記事項
RPVOMLQKKILFFDQ27CA,1,151.23,住家用,鋼筋混凝土造,105年8月19日,三層,一層 二層 三層 陽台 見其他登記事項
RPXOMLQKKILFFDQ47CA,1,180.28,住家用,鋼筋混凝土造,105年8月19日,三層,一層 二層 三層 陽台 見其他登記事項
RPWOMLQKKILFFDQ37CA,2,151.23,住家用,鋼筋混凝土造,105年8月19日,三層,一層 二層 三層 陽台 見其他登記事項
RPQNMLRLKILFFCQ76CA,,212.94,住宅、樓梯間,鋼筋混凝土造,105年7月21日,三層,一層 二層 三層 見其他登記事項 見其他登記事項
RPSOMLQKKILFFDQ96CA,1,150.94,住家用,鋼筋混凝土造,105年8月19日,三層,一層 二層 三層 陽台 見其他登記事項
RPTNMLSJKILFFCQ96CA,14,99.84,集合住宅,鋼筋混凝土造,91年7月25日,五層,二層 陽台 雨遮
RPTNMLSJKILFFCQ96CA,14,12.64,梯間、機械室、水箱,鋼筋混凝土造,91年7月25日,五層,
RPTNMLSJKILFFCQ96CA,14,.60,蓄水池,鋼筋混凝土造,91年7月25日,五層,
RPTNMLNLKILFFEQ86CA,38,102.11,住家用,鋼筋混凝土加強磚造,68年1月25日,二層,一層 二層
RPPNMLRJKILFFCQ66EA,,204.82,住宅、樓梯間,鋼筋混凝土造,105年6月28日,三層,一層 二層 三層 見其他登記事項 見其他登記事項
RPQNMLSJKILFFBQ56CA,40,84.80,住家用,鋼筋混凝土加強磚造,66年1月4日,二層,一層 二層
RPPNMLQJKILFFBQ88CA,13,17.99,住家用,鋼筋混凝土造,92年8月21日,五層,二層 陽台
RPUNMLSJKILFFBQ96CA,9,281.52,集合住宅,鋼筋混凝土造,96年11月2日,四層,一層 二層 三層 四層 見其他登記事項
RPQOMLQJKILFFCQ56CA,1,203.68,停車空間、住宅,鋼筋混凝土造,104年11月13日,四層,一層 二層 三層 四層 見其他登記事項
RPOOMLOKKILFFDQ98CA,39,96.00,住家用,鋼筋混凝土加強磚造,66年8月25日,二層,一層 二層
RPPOMLRLKILFFDQ86CA,37,95.69,住家用,鋼筋混凝土加強磚造,69年4月1日,二層,一層 二層
RPTNMLQLKILFFDQ07CA,21,213.31,住家用,鋼筋混凝土造,84年5月5日,四層,一層 二層 三層 四層 見其他登記事項
RPQNMLTKKILFFBQ76CA,3,163.76,住家用,鋼筋混凝土造,102年12月11日,三層,一層 二層 三層 見其他登記事項
RPWNMLMLKILFFBQ76CA,12,17.44,住家用,鋼筋混凝土造,94年1月3日,五層,四層 陽台
RPWNMLMLKILFFBQ76CA,12,1.72,梯廳、樓電梯室、消防泵浦、電信室、梯間,鋼筋混凝土造,94年1月3日,五層,
RPWNMLMLKILFFBQ76CA,12,2.62,走廊,鋼筋混凝土造,94年1月3日,五層,
RPXNMLQKKILFFDQ37CA,,97.02,住家用,鋼筋混凝土造,105年8月19日,三層,一層 二層 三層 陽台 見其他登記事項
RPXNMLQKKILFFDQ37CA,,97.02,住家用,鋼筋混凝土造,105年8月19日,三層,一層 二層 三層 陽台 見其他登記事項
RPWNMLQKKILFFDQ27CA,,172.19,住家用,鋼筋混凝土造,105年8月19日,三層,一層 二層 三層 陽台 見其他登記事項
RPTNMLQKKILFFDQ96CA,,186.60,住家用,鋼筋混凝土造,105年8月19日,三層,一層 二層 三層 陽台 見其他登記事項
RPVNMLQKKILFFDQ17CA,,172.19,住家用,鋼筋混凝土造,105年8月19日,三層,一層 二層 三層 陽台 見其他登記事項
RPRNMLQJKILFFEQ76CA,24,52.05,住家用,鋼筋混凝土造,82年4月1日,十八層,四層 陽台
RPRNMLQJKILFFEQ76CA,24,10.39,梯間,鋼筋混凝土造,82年4月1日,十八層,
RPRNMLQJKILFFEQ76CA,24,2.45,守衛室．健身房．游泳池．防空避難室兼停車場,鋼筋混凝土造,82年4月1日,,
RPQNMLTJKILFFCQ86DA,9,251.37,停車空間、住宅、店舖,鋼筋混凝土造,96年6月11日,四層,一層 二層 三層 四層 電梯樓梯間 見其他登記事項
RPPNMLOKKILFFDQ09DA,21,192.91,住房、停車空間,鋼筋混凝土造,85年3月12日,五層,一層 二層 三層 四層 五層 見其他登記事項
RPXNMLOKKILFFDQ27DA,10,.65,機械室、樓梯間、垃圾處理場、管理中心,鋼筋混凝土造,95年7月18日,三層,
RPXNMLOKKILFFDQ27DA,10,.27,機械室、樓梯間,鋼筋混凝土造,95年7月18日,一層,
RPXNMLOKKILFFDQ27DA,10,.48,機械室、樓梯間、開放空間、交誼室,鋼筋混凝土造,95年7月18日,四層,
RPXNMLOKKILFFDQ27DA,4,221.92,,鋼筋混凝土造,101年8月29日,四層,一層 二層 三層 四層 陽台
RPSOMLRJKILFFDQ96CA,23,194.73,住商用,鋼筋混凝土造,83年3月3日,三層,一層 二層 三層 騎樓 見其他登記事項
RPRNMLRKKILFFCQ76CA,18,157.48,住家用,鋼筋混凝土造,88年2月3日,三層,一層 二層 三層 平台 電梯樓梯間 見其他登記事項
RPRNMLSJKILFFCQ76CA,14,11.73,梯間、機械室、水箱,鋼筋混凝土造,91年7月25日,五層,
RPRNMLSJKILFFCQ76CA,14,103.63,集合住宅,鋼筋混凝土造,91年7月25日,五層,二層 陽台 雨遮
RPRNMLSJKILFFCQ76CA,14,.60,蓄水池,鋼筋混凝土造,91年7月25日,五層,
RPVNMLTLKILFFCQ47CA,22,163.92,住商用,鋼筋混凝土造,83年10月29日,三層,一層 二層 三層 電梯樓梯間 見其他登記事項
RPPNMLPKKILFFBQ88CA,11,16.18,住家用,鋼筋混凝土造,94年10月3日,十層,四層 陽台
RPPNMLPKKILFFBQ88CA,11,.10,管理委員會使用空間,鋼筋混凝土造,94年10月3日,十層,
RPPNMLPKKILFFBQ88CA,11,8.53,機電設備空間、停車空間、樓梯間、走廊、機械室、水塔,鋼筋混凝土造,94年10月3日,十層,
RPPNMLNKKILFFBQ68CA,2,1.00,社區管理室,鋼筋混凝土造,104年1月6日,一層,
RPPNMLNKKILFFBQ68CA,1,294.25,集合住宅,鋼筋混凝土造,104年7月20日,三層,一層 二層 三層 陽台
RPSNMLRKKILFFDQ96CA,12,163.28,住家用,鋼筋混凝土造,94年3月3日,三層,一層 二層 三層 陽台
RPUNMLQKKILFFDQ07CA,,171.25,住家用,鋼筋混凝土造,105年8月19日,三層,一層 二層 三層 陽台 見其他登記事項
RPTOMLQKKILFFDQ07CA,1,198.74,住家用,鋼筋混凝土造,105年8月19日,三層,一層 二層 三層 陽台 見其他登記事項
RPSNMLTKKILFFDQ17CA,9,265.65,集合住宅、停車空間、機電設備空間,鋼筋混凝土造,96年9月29日,四層,一層 二層 三層 四層 陽台 雨遮 地下一層
RPSNMLTKKILFFDQ17CA,11,1.59,門廳、遊憩設施,鋼筋混凝土造,94年8月26日,三層,
RPSNMLTKKILFFDQ17CA,11,5.08,門廳、遊憩設施、機械空間、梯間、游泳池,鋼筋混凝土造,94年8月26日,二層,
RPSNMLTJKILFFCQ96CA,15,125.47,住家用,鋼筋混凝土造,91年1月14日,三層,一層 二層 三層 見其他登記事項
RPQNMLNKKILFFBQ78CA,22,163.48,住商用,鋼骨鋼筋混凝土造,84年3月20日,四層,一層 二層 三層 四層 陽台
RPRNMLNKKILFFBQ88CA,22,163.48,住商用,鋼骨鋼筋混凝土造,84年3月20日,四層,一層 二層 三層 四層 陽台
RPSNMLNKKILFFBQ98CA,26,117.70,住商用,鋼筋混凝土造,79年12月13日,三層,一層 二層 三層
RPQNMLMKKILFFBQ68CA,20,145.46,住家用,鋼筋混凝土造,85年5月25日,十層,四層 陽台
RPWNMLTJKILFFCQ37CA,31,104.82,住家用,鋼筋混凝土加強磚造,74年7月17日,二層,一層 二層 騎樓 電梯樓梯間
RPUNMLLLKILFFCQ56CA,14,135.88,集合住宅,鋼筋混凝土造,91年7月25日,五層,二層 陽台 雨遮
RPUNMLLLKILFFCQ56CA,14,11.69,梯間、機械室、水箱,鋼筋混凝土造,91年7月25日,五層,
RPUNMLLLKILFFCQ56CA,14,.68,蓄水池,鋼筋混凝土造,91年7月25日,五層,
RPTNMLMKKILFFDQ56CA,17,87.84,集合住宅,鋼筋混凝土造,88年5月31日,五層,一層 陽台
RPTNMLMKKILFFDQ56CA,17,10.07,樓梯間、機械室、水箱,鋼筋混凝土造,88年5月31日,五層,
RPTNMLMKKILFFDQ56CA,17,.80,蓄水池,鋼筋混凝土造,88年5月31日,一層,
RPQOMLMKKILFFDQ09DA,1,167.25,停車空間、住宅,鋼筋混凝土造,104年10月16日,三層,一層 二層 三層 陽台
RPRNMLNKKILFFDQ09CA,11,16.15,見其他登記事項,鋼筋混凝土造,94年8月15日,五層,二層
RPRNMLNKKILFFDQ09CA,11,7.19,見其他登記事項,鋼筋混凝土造,94年8月15日,五層,
RPUNMLNKKILFFDQ76CA,21,133.58,住家用,鋼筋混凝土造,84年6月9日,四層,一層 二層 三層 四層 見其他登記事項
RPPNMLPLKILFFDQ56CA,36,113.36,住家用,鋼筋混凝土加強磚造,70年3月28日,二層,一層 二層
RPTNMLOKKILFFCQ66CA,35,146.35,住商用,鋼筋混凝土加強磚造,71年1月11日,五層,一層 二層 三層 四層 五層
RPRNMLOKKILFFCQ09CA,2,168.80,住宅、梯間,鋼筋混凝土造,103年12月24日,三層,一層 二層 三層 見其他登記事項 見其他登記事項
RPWNMLKMKILFFCQ76CA,11,211.93,店舖、住宅,鋼筋混凝土造,95年1月4日,三層,一層 二層 三層 騎樓 電梯樓梯間 見其他登記事項
RPQNMLSLKILFFBQ76CA,1,206.49,住家用,鋼筋混凝土造,104年8月4日,四層,一層 二層 三層 四層 見其他登記事項
RPRNMLMJJHMFFBQ58CA,22,137.13,住家用,鋼筋混凝土加強磚造,83年9月16日,三層,一層 二層 三層 陽台
RPWNMLOKKILFFCQ96CA,36,187.16,住家用,磚造,70年5月1日,一層,一層
RPRNMLTKKILFFEQ17CA,26,148.18,住家用,鋼筋混凝土造,79年7月10日,三層,一層 二層 三層 電梯樓梯間
RPQPMLQKKILFFDQ96DA,23,154.02,住家用,鋼筋混凝土造,82年9月8日,三層,一層 二層 三層 夾層 見其他登記事項
RPQNMLPKKILFFDQ66DA,1,167.25,停車空間、住宅,鋼筋混凝土造,104年10月16日,三層,一層 二層 三層 陽台
RPPNMLSKKILFFEQ86CA,34,321.66,住商用,鋼筋混凝土加強磚造,71年12月22日,四層,一層 二層 三層 四層 騎樓 電梯樓梯間
RPSNMLLLKILFFEQ56CA,39,69.28,住商用,鋼筋混凝土加強磚造,66年10月28日,三層,一層 二層 三層 電梯樓梯間
RPSNMLLLKILFFEQ56CA,39,143.84,工業用,鋼造,66年10月28日,一層,一層
RPWNMLMLKILFFDQ96CA,,153.73,住宅、樓梯間,鋼筋混凝土造,105年7月18日,三層,一層 二層 三層 見其他登記事項 見其他登記事項
RPSNMLOLKILFFDQ76CA,32,117.66,住家用,鋼筋混凝土加強磚造,74年4月11日,二層,一層 二層 電梯樓梯間
RPSNMLTKKILFFBQ96CA,24,201.19,住家用,鋼筋混凝土造,82年4月19日,四層,一層 二層 三層 四層 電梯樓梯間
RPSNMLTKKILFFCQ07CA,23,124.08,住商用,鋼筋混凝土造,82年9月29日,三層,一層 二層 三層 電梯樓梯間
RPSNMLSKKILFFBQ86CA,30,131.00,住家用,鋼筋混凝土加強磚造,75年11月17日,二層,一層 二層 騎樓
SPSNMLSKKILFFBQ96CA,31,131.00,住家用,鋼筋混凝土加強磚造,75年3月19日,二層,一層 二層 騎樓
RPTNMLOLKILFFDQ86CA,37,106.52,住家用,鋼筋混凝土加強磚造,69年1月18日,二層,一層 二層 騎樓 電梯樓梯間
RPPOMLMLKILFFDQ98CA,,167.01,住宅、樓梯間,鋼筋混凝土造,105年7月18日,三層,一層 二層 三層 見其他登記事項 見其他登記事項
RPQOMLMLKILFFDQ09CA,,151.60,住宅、樓梯間,鋼筋混凝土造,105年7月18日,三層,一層 二層 三層 見其他登記事項 見其他登記事項
RPSOMLMLKILFFDQ66CA,,169.71,住宅、樓梯間,鋼筋混凝土造,105年7月18日,三層,一層 二層 三層 見其他登記事項 見其他登記事項
RPOOMLMLKILFFDQ88CA,,157.93,住家用,鋼筋混凝土造,105年7月18日,三層,一層 二層 三層 見其他登記事項
RPQNMLQKKILFFCQ66DA,23,150.79,住家用,鋼筋混凝土造,82年7月22日,三層,一層 二層 三層 見其他登記事項
RPPNMLRKKILFFDQ66CA,38,43.96,住商用,鋼筋混凝土加強磚造,67年7月20日,二層,一層 二層
RPOOMLLLKILFFDQ78CA,,167.92,住家用,鋼筋混凝土,105年6月27日,三層,一層 二層 三層 陽台 見其他登記事項
RPQNMLMLKILFFCQ88CA,35,56.12,住家用,鋼筋混凝土加強磚造,70年7月9日,三層,二層
RPXNMLTJJHMFFDQ47CA,39,116.45,住家用,鋼筋混凝土加強磚造,66年5月30日,二層,一層 二層 騎樓
SPPOMLTJJHMFFBQ66CA,35,132.17,住商用,鋼筋混凝土加強磚造,70年12月19日,二層,一層 二層 騎樓 電梯樓梯間
RPPOMLTJJHMFFBQ56CA,35,132.17,住商用,鋼筋混凝土加強磚造,70年12月19日,二層,一層 二層 騎樓 電梯樓梯間
RPPNMLLLKILFFCQ88EA,34,86.02,住家用,鋼筋混凝土加強磚造,71年6月22日,二層,一層 二層 電梯樓梯間
RPQNMLNLKILFFBQ88CA,39,92.00,住家用,鋼筋混凝土加強磚造,66年10月28日,二層,一層 二層
RPPNMLTJJHMFFCQ56CA,,243.29,住家用,鋼筋混凝土造,105年6月16日,四層,一層 二層 三層 四層 見其他登記事項
RPPNMLRJJHMFFCQ98CA,19,166.62,住家用,鋼筋混凝土造,86年12月31日,三層,一層 二層 三層 電梯樓梯間 見其他登記事項
RPWNMLTLKILFFCQ57CA,35,113.50,住家用,鋼筋混凝土加強磚造,70年12月26日,二層,一層 二層 電梯樓梯間
RPVNMLTKKILFFDQ47CA,11,196.15,店舖、集合住宅、停車空間,鋼筋混凝土造,95年2月16日,四層,一層 二層 三層 四層 見其他登記事項
RPVNMLTKKILFFDQ47CA,11,1.59,門廳、遊憩設施,鋼筋混凝土造,94年8月26日,三層,
RPVNMLTKKILFFDQ47CA,11,5.08,門廳、遊憩設施、機械空間、梯間、游泳池,鋼筋混凝土造,94年8月26日,二層,
RPRNMLKLKILFFDQ88CA,39,91.00,住家用,鋼筋混凝土加強磚造,66年5月10日,二層,一層 二層
RPVNMLKMKILFFCQ86EA,7,224.79,住家用,鋼筋混凝土造,99年3月16日,四層,一層 二層 三層 四層 見其他登記事項
RPRNMLLLKILFFDQ09DA,1,167.25,停車空間、住宅,鋼筋混凝土造,104年10月16日,三層,一層 二層 三層 陽台
RPTNMLLLKILFFDQ56CA,32,124.88,住家用,鋼筋混凝土加強磚造,73年6月5日,二層,一層 二層 電梯樓梯間
RPVNMLSLKILFFDQ47CA,1,179.17,住家用,鋼筋混凝土,105年1月29日,四層,一層 二層 三層 四層 陽台
RPPNMLMLKILFFBQ68CA,26,115.67,住商用,鋼筋混凝土造,79年10月5日,三層,一層 二層 三層
RPSNMLMLKILFFBQ98CA,40,84.80,住家用,鋼筋混凝土加強磚造,66年1月4日,二層,一層 二層
RPWNMLKMKILFFDQ86CA,36,62.34,住家用,鋼筋混凝土加強磚造,70年6月5日,一層,一層
RPVNMLKMKILFFDQ76CA,1,152.04,停車空間、住宅、樓梯間,鋼筋混凝土造,104年10月2日,三層,一層 二層 三層 陽台 見其他登記事項
RPPNMLSLKILFFBQ66CA,24,127.41,住商用,鋼筋混凝土造,82年3月1日,三層,一層 二層 三層 騎樓
RPQOMLKMKILFFBQ78CA,12,18.11,住家用,鋼筋混凝土造,94年1月3日,五層,三層 陽台
RPQOMLKMKILFFBQ78CA,12,2.73,走廊,鋼筋混凝土造,94年1月3日,五層,
RPQOMLKMKILFFBQ78CA,12,1.79,梯廳、樓電梯室、消防泵浦、電信室、梯間,鋼筋混凝土造,94年1月3日,五層,
RPRNMLQJJHMFFDQ66DA,19,73.32,住房、集合住宅,鋼筋混凝土造,86年6月23日,七層,七層 陽台 花台
RPPNMLNLKILFFCQ09EA,34,76.65,集合住宅,鋼筋混凝土造,72年3月12日,五層,二層
RPSOMLTJJHMFFBQ86CA,33,155.70,住商用,鋼筋混凝土造,72年7月11日,三層,一層 二層 三層 電梯樓梯間
RPVNMLNLKILFFCQ86CA,,193.86,住家用,鋼筋混凝土造,105年7月29日,四層,一層 二層 三層 四層 見其他登記事項
RPQNMLPLKILFFEQ76CA,22,148.86,住家用,鋼筋混凝土造,83年6月28日,三層,一層 二層 三層 電梯樓梯間
RPPNMLPLKILFFEQ66CA,38,86.26,住家用,鋼筋混凝土加強磚造,67年12月22日,二層,一層 二層 騎樓 電梯樓梯間
RPPNMLPLKILFFEQ66CA,41,106.17,住家用,木造,64年7月23日,二層,一層 二層 騎樓
RPRNMLPLKILFFEQ86CA,47,60.40,住家用,雜木造,58年7月15日,二層,一層 二層
RPTNMLRLKILFFDQ27DA,37,50.93,住家用,磚造,68年12月27日,一層,一層
RPSNMLQLKILFFCQ86CA,14,100.80,集合住宅,鋼筋混凝土造,91年7月25日,五層,二層 陽台 雨遮
RPPOMLRLKILFFCQ76CA,24,148.24,住商用,鋼筋混凝土造,81年10月7日,三層,一層 二層 三層 電梯樓梯間
RPPNMLRKJHMFFCQ09CA,,188.71,住家用,鋼筋混凝土造,105年7月25日,四層,一層 二層 三層 四層 見其他登記事項
SPSOMLTJJHMFFBQ96CA,33,155.70,住商用,鋼筋混凝土造,72年7月11日,二層,一層 二層 三層 電梯樓梯間
RPPNMLPKJHMFFDQ98CA,10,214.89,住宅、停車空間、機械室、樓梯間,鋼筋混凝土造,95年12月5日,四層,一層 二層 三層 四層 地下層 見其他登記事項
RPPNMLQLKILFFCQ56CA,24,82.22,住家用,鋼筋混凝土造,81年11月30日,五層,二層 陽台
RPPNMLQLKILFFCQ56CA,24,8.46,共有部分,鋼筋混凝土造,81年11月30日,地下層,
RPPNMLQLKILFFCQ56CA,24,6.94,共有部分,鋼筋混凝土造,81年11月30日,五層,
RPPNMLQLKILFFBQ09CA,38,143.90,住家用,夾層一﹒二層ＲＣ磚造、三層木造,68年4月11日,三層,一層 二層 三層 夾層
RPQNMLRKJHMFFDQ66CA,27,153.35,住商用,鋼筋混凝土造,79年3月17日,三層,一層 二層 三層 電梯樓梯間
RPSNMLTKJHMFFDQ17DA,39,56.85,住家用,鋼筋混凝土加強磚造,67年3月15日,二層,一層 二層 騎樓
RPTNMLLJJHMFFDQ88CA,,167.21,住家用,鋼筋混凝土造,105年9月27日,四層,一層 二層 三層 四層 陽台
RPRNMLLJJHMFFDQ68CA,,172.57,住家用,鋼筋混凝土造,105年9月27日,四層,一層 二層 三層 四層 陽台
RPQNMLLJJHMFFDQ58CA,,167.40,住家用,鋼筋混凝土造,105年9月27日,四層,一層 二層 三層 四層 陽台
RPSNMLLJJHMFFDQ78CA,,158.43,住家用,鋼筋混凝土造,105年9月27日,四層,一層 二層 三層 四層 陽台
RPPNMLLJJHMFFDQ48CA,,175.99,住家用,鋼筋混凝土造,105年9月27日,四層,一層 二層 三層 四層 陽台
RPVNMLNJJHMFFDQ66CA,,162.91,店鋪、住宅,鋼筋混凝土造,105年7月26日,四層,一層 二層 三層 四層 陽台
RPUOMLTKJHMFFCQ27CA,,182.57,住宅、樓梯間,鋼筋混凝土造,105年10月5日,三層,一層 二層 三層 見其他登記事項 見其他登記事項
RPXNMLTKJHMFFCQ47CA,,182.57,住宅、樓梯間,鋼筋混凝土造,105年10月5日,三層,一層 二層 三層 見其他登記事項 見其他登記事項
RPOOMLTKJHMFFCQ66CA,,182.57,住宅、樓梯間,鋼筋混凝土造,105年10月5日,三層,一層 二層 三層 見其他登記事項 見其他登記事項
RPUNMLNJJHMFFDQ56CA,,141.80,住家用,鋼筋混凝土造,105年7月26日,四層,一層 二層 三層 四層 陽台
RPUNMLLJJHMFFDQ98CA,,177.01,住家用,鋼筋混凝土造,105年9月27日,四層,一層 二層 三層 四層 陽台
RPPOMLLJJHMFFDQ58CA,,173.74,住家用,鋼筋混凝土造,105年9月27日,四層,一層 二層 三層 四層 陽台
RPWNMLLJJHMFFDQ56CA,,144.92,住家用,鋼筋混凝土造,105年9月27日,三層,一層 二層 三層 陽台
RPSNMLNJJHMFFDQ98CA,,136.29,住家用,鋼筋混凝土造,105年7月26日,四層,一層 二層 三層 四層 陽台
RPOOMLLJJHMFFDQ48CA,,177.01,住家用,鋼筋混凝土造,105年9月27日,四層,一層 二層 三層 四層 陽台
RPXNMLLJJHMFFDQ66CA,,148.54,住家用,鋼筋混凝土造,105年9月27日,三層,一層 二層 三層 陽台
RPVNMLLJJHMFFDQ09CA,,166.33,住家用,鋼筋混凝土造,105年9月27日,四層,一層 二層 三層 四層 陽台
RPRNMLNJJHMFFDQ88CA,,142.35,住家用,鋼筋混凝土造,105年7月26日,四層,一層 二層 三層 四層 陽台
RPTNMLNJJHMFFDQ09CA,,80.24,住家用,鋼筋混凝土造,105年7月26日,三層,一層 二層 三層 陽台
RPWOMLTKJHMFFCQ47CA,,182.57,住宅、樓梯間,鋼筋混凝土造,105年10月5日,三層,一層 二層 三層 見其他登記事項 見其他登記事項
RPWOMLRKJHMFFCQ27CA,,181.75,住宅、樓梯間,鋼筋混凝土造,105年10月5日,三層,一層 二層 三層 見其他登記事項 見其他登記事項
RPPOMLTKJHMFFCQ76CA,,182.57,住宅、樓梯間,鋼筋混凝土造,105年10月5日,三層,一層 二層 三層 見其他登記事項 見其他登記事項
RPQOMLRKJHMFFCQ66CA,,181.75,住宅、樓梯間,鋼筋混凝土造,105年10月5日,三層,一層 二層 三層 見其他登記事項 見其他登記事項
RPVOMLTKJHMFFCQ37CA,,181.75,住宅、樓梯間,鋼筋混凝土造,105年10月5日,三層,一層 二層 三層 見其他登記事項 見其他登記事項
RPROMLRKJHMFFCQ76CA,,181.75,住宅、樓梯間,鋼筋混凝土造,105年10月5日,三層,一層 二層 三層 見其他登記事項 見其他登記事項
RPTNMLTLKILFFCQ27CA,13,192.67,停車空間、集合住宅,鋼筋混凝土造,93年1月30日,三層,一層 二層 三層 見其他登記事項
RPTOMLRKJHMFFCQ96CA,,181.75,住宅、樓梯間,鋼筋混凝土造,105年10月5日,三層,一層 二層 三層 見其他登記事項 見其他登記事項
RPPOMLRKJHMFFCQ56CA,,154.12,住宅、樓梯間,鋼筋混凝土造,105年10月5日,三層,一層 二層 三層 見其他登記事項 見其他登記事項
RPOOMLRKJHMFFCQ09CA,,181.75,住宅、樓梯間,鋼筋混凝土造,105年10月5日,三層,一層 二層 三層 見其他登記事項 見其他登記事項
RPSNMLSLKILFFEQ47EA,,7.35,住家用,木造,,一層,
RPTNMLOLJHMFFDQ96EA,35,65.32,住家用,鋼筋混凝土加強磚造,70年10月30日,一層,一層
RPVNMLSLKILFFCQ37CA,,180.87,住家用,鋼筋混凝土造,105年7月29日,四層,一層 二層 三層 四層 見其他登記事項
RPUNMLSLKILFFCQ27CA,1,194.52,住宅、樓梯間,鋼筋混凝土造,104年11月13日,三層,一層 二層 三層 見其他登記事項 見其他登記事項
RPRNMLSLKILFFBQ86CA,26,124.09,住商用,鋼筋混凝土造,80年4月18日,三層,一層 二層 三層 騎樓
RPWNMLSLKILFFCQ47CA,,177.38,停車空間、住宅,鋼筋混凝土造,105年7月29日,四層,一層 二層 三層 四層 見其他登記事項
RPXNMLSLKILFFCQ57CA,,175.67,停車空間、住宅,鋼筋混凝土造,105年7月29日,四層,一層 二層 三層 四層 見其他登記事項
RPSNMLSLKILFFDQ27DA,1,167.25,停車空間、住宅,鋼筋混凝土造,104年10月16日,三層,一層 二層 三層 陽台
RPXNMLKMKILFFCQ96DA,35,98.17,住家用,鋼筋混凝土加強磚造,71年4月16日,二層,一層 二層 陽台 騎樓
RPQOMLLJJHMFFDQ68CA,,166.73,住家用,鋼筋混凝土造,105年9月27日,四層,一層 二層 三層 四層 陽台
RPTNMLSLKILFFBQ07CA,1,235.65,店舖、住宅,鋼筋混凝土造,105年4月27日,四層,一層 二層 三層 四層 見其他登記事項
RPSNMLMKJHMFFDQ98CA,1,169.80,住宅、停車空間,鋼筋混凝土,105年3月1日,三層,一層 二層 三層 陽台 見其他登記事項
RPPNMLMKJHMFFDQ68CA,36,98.48,住家用,鋼筋混凝土加強磚造,70年3月28日,二層,一層 二層
RPQNMLOKJHMFFDQ98CA,17,88.55,集合住宅,鋼筋混凝土造,88年5月31日,五層,四層 陽台
RPQNMLOKJHMFFDQ98CA,17,10.59,樓梯間、機械室、水箱,鋼筋混凝土造,88年5月31日,五層,
RPQNMLOKJHMFFDQ98CA,17,.80,蓄水池,鋼筋混凝土造,88年5月31日,一層,
RPTNMLMKJHMFFDQ09CA,1,172.49,住家用,鋼筋混凝土,105年3月1日,三層,一層 二層 三層 陽台 見其他登記事項
RPRNMLMKJHMFFDQ88CA,22,204.20,店舖、集合住宅、起居室,鋼筋混凝土造,83年8月19日,七層,一層 二層 三層 地下層 見其他登記事項
RPRNMLMKJHMFFDQ88CA,22,21.52,防空避難室、樓梯間﹝共同使用﹞,鋼筋混凝土造,83年8月19日,七層,
RPQNMLOJJHMFFDQ88CA,21,145.92,住家用,鋼筋混凝土加強磚造,84年9月12日,三層,一層 二層 三層 陽台 平台 電梯樓梯間
RPPPMLOJJHMFFDQ98CA,21,66.38,集合住宅,鋼筋混凝土造,84年12月27日,五層,五層 陽台
RPPPMLOJJHMFFDQ98CA,21,12.08,樓梯間、停車空間,鋼筋混凝土造,84年12月27日,五層,
RPQPMLOJJHMFFDQ09CA,21,66.38,集合住宅,鋼筋混凝土造,84年12月27日,五層,五層 陽台
RPQPMLOJJHMFFDQ09CA,21,12.08,樓梯間、停車空間,鋼筋混凝土造,84年12月27日,五層,
RPTNMLTLKILFFDQ37CA,38,107.28,住家用,鋼筋混凝土加強磚造,67年9月1日,二層,一層 二層 電梯樓梯間
RPTNMLTJJHMFFBQ86CA,11,17.73,住家用,鋼筋混凝土造,94年10月3日,十層,九層 陽台
RPTNMLTJJHMFFBQ86CA,11,.11,管理委員會使用空間,鋼筋混凝土造,94年10月3日,十層,
RPTNMLTJJHMFFBQ86CA,11,9.36,機電設備空間、停車空間、樓梯間、走廊、機械室、水塔,鋼筋混凝土造,94年10月3日,十層,
RPPNMLTJJHMFFBQ09CA,11,16.18,住家用,鋼筋混凝土造,94年10月3日,十層,五層 陽台
RPPNMLTJJHMFFBQ09CA,11,.10,管理委員會使用空間,鋼筋混凝土造,94年10月3日,十層,
RPPNMLTJJHMFFBQ09CA,11,8.53,機電設備空間、停車空間、樓梯間、走廊、機械室、水塔,鋼筋混凝土造,94年10月3日,十層,
RPXNMLTLKILFFDQ77CA,23,33.00,集合住宅,鋼筋混凝土造,82年10月6日,九層,三層 陽台
RPQNMLTJJHMFFBQ56CA,11,16.65,住家用,鋼筋混凝土造,94年10月3日,十層,九層 陽台
RPQNMLTJJHMFFBQ56CA,11,.10,管理委員會使用空間,鋼筋混凝土造,94年10月3日,十層,
RPQNMLTJJHMFFBQ56CA,11,8.78,機電設備空間、停車空間、樓梯間、走廊、機械室、水塔,鋼筋混凝土造,94年10月3日,十層,
RPRNMLTJJHMFFBQ66CA,11,16.76,住家用,鋼筋混凝土造,94年10月3日,十層,九層 陽台
RPRNMLTJJHMFFBQ66CA,11,.10,管理委員會使用空間,鋼筋混凝土造,94年10月3日,十層,
RPRNMLTJJHMFFBQ66CA,11,8.83,機電設備空間、停車空間、樓梯間、走廊、機械室、水塔,鋼筋混凝土造,94年10月3日,十層,
RPUNMLTJJHMFFBQ96CA,11,17.64,住家用,鋼筋混凝土造,94年10月3日,十層,九層 陽台
RPUNMLTJJHMFFBQ96CA,11,.11,管理委員會使用空間,鋼筋混凝土造,94年10月3日,十層,
RPUNMLTJJHMFFBQ96CA,11,9.30,機電設備空間、停車空間、樓梯間、走廊、機械室、水塔,鋼筋混凝土造,94年10月3日,十層,
RPPNMLNJJHMFFCQ68DA,36,59.48,住家用,磚造,70年3月13日,一層,一層
RPQNMLMJJHMFFBQ48CA,9,236.40,停車空間、店舖、集合住宅,鋼筋混凝土造,96年6月28日,四層,一層 二層 三層 四層 見其他登記事項
RPSNMLKMKILFFCQ98CA,23,105.07,住家用,鋼筋混凝土造,82年12月30日,二層,一層 二層 陽台 電梯樓梯間
RPVOMLRKJHMFFCQ17CA,,189.70,住宅、樓梯間,鋼筋混凝土造,105年10月5日,三層,一層 二層 三層 見其他登記事項 見其他登記事項
RPSOMLRKJHMFFCQ86CA,,181.75,住宅、樓梯間,鋼筋混凝土造,105年10月5日,三層,一層 二層 三層 見其他登記事項 見其他登記事項
RPSOMLTKJHMFFCQ07CA,,272.86,住宅、樓梯間,鋼筋混凝土造,105年10月5日,三層,一層 二層 三層 見其他登記事項 見其他登記事項
RPRNMLNJJHMFFCQ78CA,21,107.98,集合住宅,鋼筋混凝土造,85年5月17日,八層,七層 陽台 花台
RPRNMLNJJHMFFCQ78CA,21,19.09,共有部分,鋼筋混凝土造,85年5月17日,八層,
RPRNMLNJJHMFFCQ78CA,21,.08,警衛室,鋼筋混凝土造,85年5月17日,八層,
RPRNMLNJJHMFFCQ78CA,21,6.70,共有部分,鋼筋混凝土造,85年5月17日,八層,
RPUNMLOJJHMFFCQ56CA,12,162.93,集合住宅,鋼筋混凝土造,93年9月6日,三層,一層 二層 三層 電梯樓梯間 見其他登記事項
RPRNMLLKJHMFFCQ68CA,22,208.67,住商用,鋼筋混凝土造,83年11月3日,四層,一層 二層 三層 四層 電梯樓梯間 見其他登記事項
RPPNMLSKJHMFFBQ09CA,20,212.20,住家用,鋼筋混凝土造,86年1月23日,四層,一層 二層 三層 四層
RPOOMLTLKILFFDQ07DA,18,132.56,集合住宅,鋼筋混凝土造,88年5月31日,三層,一層 二層 三層 陽台 雨遮
RPQNMLRJJHMFFEQ66CA,22,260.22,住家用,鋼筋混凝土加強磚造,83年8月17日,三層,一層 二層 三層 陽台
RPPNMLRJJHMFFDQ09CA,23,86.01,集合住宅,鋼筋混凝土造,82年10月6日,九層,八層 陽台 花台
RPPNMLRJJHMFFDQ09CA,23,10.91,梯間,鋼筋混凝土造,82年10月6日,九層,
RPPNMLRJJHMFFDQ09CA,23,13.34,避難室、停車場,鋼筋混凝土造,82年10月6日,9,
RPPNMLTJJHMFFDQ66CA,39,204.85,,加強磚造、鋼鐵造,67年1月24日,三層,一層 二層 三層
RPSNMLTJJHMFFCQ86CA,19,89.80,集合住宅,鋼筋混凝土造,87年4月3日,五層,三層 陽台
RPSNMLTJJHMFFCQ86CA,19,21.85,停車空間,鋼筋混凝土造,87年4月3日,五層,
RPSNMLTJJHMFFCQ86CA,19,18.87,共有部分,鋼筋混凝土造,87年4月3日,五層,
RPUOMLLKJHMFFDQ56CA,12,180.81,住家用,鋼筋混凝土造,94年1月27日,三層,一層 二層 三層 陽台
RPVNMLPJJHMFFDQ86CA,25,135.71,住家用,鋼筋混凝土造,80年12月31日,三層,一層 二層 三層 騎樓 電梯樓梯間
RPVNMLPJJHMFFDQ86CA,25,135.71,住家用,鋼筋混凝土造,80年12月31日,三層,一層 二層 三層 騎樓 電梯樓梯間
RPSNMLPJJHMFFDQ56CA,24,150.42,住家用,鋼筋混凝土造,81年7月4日,三層,一層 二層 三層 陽台
RPVNMLOJJHMFFDQ76CA,,186.23,住家用,鋼筋混凝土造,105年7月19日,四層,一層 二層 三層 四層 陽台
RPUNMLOJJHMFFDQ66CA,,189.26,住家用,鋼筋混凝土造,105年7月19日,四層,一層 二層 三層 四層 陽台
RPPOMLOJJHMFFDQ88CA,,166.78,住家用,鋼筋混凝土造,105年7月19日,三層,一層 二層 三層 陽台
RPXNMLOJJHMFFDQ96CA,,194.57,住家用,鋼筋混凝土造,105年7月19日,四層,一層 二層 三層 四層 陽台
RPOOMLOJJHMFFDQ78CA,,166.78,住家用,鋼筋混凝土造,105年7月19日,三層,一層 二層 三層 陽台
RPSOMLOJJHMFFDQ56CA,,164.64,住家用,鋼筋混凝土造,105年7月19日,三層,一層 二層 三層 陽台
RPQOMLOJJHMFFDQ98CA,,164.36,住家用,鋼筋混凝土造,105年7月19日,三層,一層 二層 三層 陽台
RPROMLOJJHMFFDQ09CA,,166.79,住家用,鋼筋混凝土造,105年7月19日,三層,一層 二層 三層 陽台
RPUOMLOJJHMFFDQ76CA,,191.55,住家用,鋼筋混凝土造,105年7月19日,四層,一層 二層 三層 四層 陽台
RPTOMLOJJHMFFDQ66CA,,164.69,住家用,鋼筋混凝土造,105年7月19日,三層,一層 二層 三層 陽台
RPPNMLNJJHMFFBQ48CA,27,712.76,工業用,鋼造,78年6月28日,一層,一層
RPPNMLNJJHMFFBQ48CA,24,1009.08,工業用,鋼造,82年5月3日,一層,一層
RPPNMLNJJHMFFBQ48CA,23,228.92,辦公室,鋼造,82年8月18日,二層,一層 二層
RPPNMLNJJHMFFBQ48CA,20,1427.15,廠房、消防設備室、廁所,鐵骨造、鋼骨構造,86年2月1日,一層,一層
RPQNMLPJJHMFFDQ09DA,2,235.91,住宅、停車空間、樓梯間,鋼筋混凝土造,103年9月29日,四層,一層 二層 三層 四層 陽台 見其他登記事項
RPQNMLPJJHMFFCQ09EA,32,95.50,住家用,鋼筋混凝土加強磚造,74年5月29日,二層,一層 二層 電梯樓梯間
RPPNMLLKJHMFFBQ38CA,29,135.14,住家用,鋼筋混凝土加強磚造,77年5月7日,二層,一層 二層 騎樓 電梯樓梯間
RPRNMLOJJHMFFBQ78CA,2,1.00,社區管理室,鋼筋混凝土造,104年1月6日,一層,
RPRNMLOJJHMFFBQ78CA,1,294.25,集合住宅,鋼筋混凝土造,104年7月20日,三層,一層 二層 三層 陽台
RPQOMLOLJHMFFDQ56CA,18,88.55,集合住宅,鋼筋混凝土造,88年5月31日,五層,三層 陽台
RPQOMLOLJHMFFDQ56CA,18,10.59,樓梯間、機械室、水箱,鋼筋混凝土造,88年5月31日,五層,
RPQOMLOLJHMFFDQ56CA,18,.80,蓄水池,鋼筋混凝土造,88年5月31日,一層,
RPPNMLPJJHMFFCQ78CA,24,181.89,住家用,鋼筋混凝土造,81年12月24日,三層,一層 二層 三層 電梯樓梯間
RPQNMLPLJHMFFCQ56DA,35,102.51,住家用,鋼筋混凝土加強磚造,70年12月30日,二層,一層 二層 騎樓 電梯樓梯間
RPPNMLOJJHMFFCQ68CA,,229.05,停車空間、店舖、住宅,鋼筋混凝土造,104年11月13日,四層,一層 二層 三層 四層 見其他登記事項
RPQNMLOJJHMFFCQ78CA,,205.42,住宅、樓梯間,鋼筋混凝土造,104年11月13日,三層,一層 二層 三層 見其他登記事項 見其他登記事項
RPSNMLOJJHMFFCQ98CA,1,222.17,住家用,鋼筋混凝土造,105年3月15日,四層,一層 二層 三層 四層 見其他登記事項
RPTNMLOJJHMFFDQ56CA,12,19.73,見其他登記事項,鋼筋混凝土造,94年2月4日,五層,五層
RPTNMLOJJHMFFDQ56CA,12,7.22,見其他登記事項,鋼筋混凝土造,94年2月4日,五層,
RPQNMLQJJHMFFDQ09CA,,173.68,住家用,鋼筋混凝土造,105年9月13日,三層,一層 二層 三層 陽台
RPQNMLMKJHMFFDQ78CA,38,91.60,住家用,鋼筋混凝土加強磚造,67年10月30日,二層,一層 二層 騎樓
RPSNMLTJJHMFFEQ07CA,24,38.83,住家用,鋼筋混凝土造,82年4月1日,十八層,十七層 陽台
RPSNMLTJJHMFFEQ07CA,24,1.75,守衛室．健身房．游泳池．防空避難室兼停車場,鋼筋混凝土造,82年4月1日,,
RPSNMLTJJHMFFEQ07CA,24,7.53,梯間,鋼筋混凝土造,82年4月1日,十八層,
RPPNMLKKJHMFFCQ48DA,15,127.75,住家用,鋼筋混凝土造,91年1月14日,三層,一層 二層 三層 見其他登記事項
RPOPMLTKJHMFFCQ76CA,,182.57,住宅、樓梯間,鋼筋混凝土造,105年10月5日,三層,一層 二層 三層 見其他登記事項 見其他登記事項
RPROMLPJJHMFFCQ09CA,40,127.42,住家用,鋼筋混凝土加強磚造,66年3月3日,二層,一層 二層 騎樓
RPQNMLRJJHMFFCQ09CA,36,100.57,住家用,鋼筋混凝土加強磚造,70年2月10日,二層,一層 二層 電梯樓梯間
RPRNMLRJJHMFFCQ56CA,24,79.90,住家用,鋼筋混凝土造,81年11月30日,五層,五層 陽台
RPRNMLRJJHMFFCQ56CA,24,8.04,共有部分,鋼筋混凝土造,81年11月30日,地下層,
RPRNMLRJJHMFFCQ56CA,24,6.74,共有部分,鋼筋混凝土造,81年11月30日,五層,
RPPNMLPJJHMFFBQ68CA,11,4140.00,雞舍,鋼鐵構造﹝有牆﹞,95年5月8日,二層,一層 二層
RPPNMLPJJHMFFBQ68CA,9,4140.00,雞舍,鋼骨構造,97年1月4日,二層,一層 二層
RPPNMLPJJHMFFBQ68CA,11,83.22,堆肥舍,鋼鐵構造,95年5月8日,一層,一層
RPQNMLKKJHMFFBQ38CA,13,17.99,住家用,鋼筋混凝土造,92年8月21日,五層,二層 陽台
RPQNMLKKJHMFFBQ38CA,13,4.74,門廳、走道、梯間,鋼筋混凝土造,92年8月21日,五層,
RPTNMLPJJHMFFDQ76DA,14,158.28,住家用,鋼筋混凝土造,92年5月23日,三層,一層 二層 三層 見其他登記事項
RPPOMLPJJHMFFCQ09EA,24,103.08,集合住宅,鋼筋混凝土造,82年2月17日,五層,四層
RPSNMLRKJHMFFDQ96DA,35,66.81,住家用,鋼筋混凝土加強磚造,70年7月10日,一層,一層
RPVNMLSKJHMFFBQ07CA,34,147.40,住家用,鋼筋混凝土加強磚造,71年11月2日,三層,一層 二層 三層
RPQNMLLKJHMFFEQ78CA,36,134.24,住家用,鋼筋混凝土加強磚造,69年9月30日,三層,一層 二層 三層 騎樓
RPUNMLMKJHMFFDQ56CA,1,169.68,住宅、停車空間,鋼筋混凝土,105年3月1日,三層,一層 二層 三層 陽台 見其他登記事項
RPVNMLTJJHMFFDQ27CA,38,89.65,住家用,鋼筋混凝土加強磚造,67年6月28日,二層,一層 二層
RPSNMLTJJHMFFDQ96CA,,162.88,住家用,鋼筋混凝土造,105年7月18日,三層,一層 二層 三層 見其他登記事項
RPSNMLOKJHMFFDQ56CA,24,167.49,車庫、住房,鋼筋混凝土造,82年1月9日,四層,一層 二層 三層 四層 陽台 露台
RPROMLTJJHMFFDQ96CA,,179.71,住家用,鋼筋混凝土造,105年9月27日,四層,一層 二層 三層 四層 陽台
RPSNMLQKJHMFFCQ66CA,37,177.82,住家用,鋼筋混凝土加強磚造,68年11月8日,二層,一層 二層 騎樓
RPTNMLTJJHMFFEQ17CA,22,263.53,住家用,鋼筋混凝土造,84年3月8日,四層,一層 二層 三層 四層 見其他登記事項
RPQNMLNKJHMFFCQ88DA,21,79.04,集合住宅,鋼筋混凝土造,85年2月9日,五層,五層 陽台
RPQNMLNKJHMFFCQ88DA,21,.84,共有部分,鋼筋混凝土造,85年2月9日,五層,
RPQNMLNKJHMFFCQ88DA,21,2.74,共有部分,鋼筋混凝土造,85年2月9日,五層,
RPQNMLNKJHMFFCQ88DA,21,2.75,共有部分,鋼筋混凝土造,85年2月9日,五層,
RPQNMLNKJHMFFCQ88DA,21,2.53,共有部分,鋼筋混凝土造,85年2月9日,五層,
RPRNMLQJJHMFFCQ09CA,1,220.22,停車空間、住宅、樓梯間,鋼筋混凝土造,104年11月13日,四層,一層 二層 三層 四層 見其他登記事項 見其他登記事項
RPUNMLTJJHMFFCQ07CA,,169.94,停車空間、住宅,鋼筋混凝土造,105年7月29日,四層,一層 二層 三層 四層 見其他登記事項
RPXNMLTJJHMFFBQ27CA,10,19.19,住家用,鋼筋混凝土造,95年8月28日,八層,二層 陽台
RPXNMLTJJHMFFBQ27CA,10,4.61,共有部分,鋼筋混凝土造,95年8月28日,,
RPXNMLTJJHMFFBQ27CA,10,7.43,共有部分,鋼筋混凝土造,95年8月28日,,
RPVNMLKKJHMFFBQ88CA,20,260.22,住家用,鋼筋混凝土造,85年11月15日,三層,
RPQNMLKLJHMFFDQ68CA,35,79.91,住商用,鋼筋混凝土加強磚造,71年5月18日,三層,一層 二層 三層 電梯樓梯間
RPTNMLSKJHMFFBQ86CA,22,88.02,住家用,鋼筋混凝土造,83年9月10日,十二層,八層 陽台
RPTNMLSKJHMFFBQ86CA,22,27.44,防空避難室﹒停車空間,鋼筋混凝土造,83年9月10日,十三層,
RPTNMLSKJHMFFBQ86CA,22,88.02,住家用,鋼筋混凝土造,83年9月10日,十二層,八層 陽台
RPTNMLSKJHMFFBQ86CA,22,10.01,樓梯間,鋼筋混凝土造,83年9月10日,十二層,
RPPPMLTKJHMFFCQ86CA,,261.42,住宅、樓梯間,鋼筋混凝土造,105年10月5日,三層,一層 二層 三層 見其他登記事項 見其他登記事項
RPXOMLTKJHMFFCQ57CA,,181.96,住宅、樓梯間,鋼筋混凝土造,105年10月5日,三層,一層 二層 三層 見其他登記事項 見其他登記事項
RPQNMLNKJHMFFEQ98CA,1,207.33,住宅,鋼筋混凝土造,105年2月2日,三層,一層 二層 三層 陽台
RPQOMLSKJHMFFDQ86CA,39,62.87,住家用,磚造,66年5月25日,一層,一層
RPOOMLPLJHMFFCQ09DA,1,207.61,店舖、住宅,鋼筋混凝土造,105年5月19日,四層,一層 二層 三層 四層 見其他登記事項
RPOOMLTJJHMFFDQ66CA,,170.95,住家用,鋼筋混凝土造,105年8月19日,三層,一層 二層 三層 陽台 見其他登記事項
RPPOMLTJJHMFFDQ76CA,,172.19,住家用,鋼筋混凝土造,105年8月19日,三層,一層 二層 三層 陽台 見其他登記事項
RPTOMLLKJHMFFDQ09CA,,160.39,住家用,鋼筋混凝土造,105年7月26日,三層,一層 二層 三層 陽台
RPQOMLLKJHMFFDQ78CA,,141.80,住家用,鋼筋混凝土造,105年7月26日,四層,一層 二層 三層 四層 陽台
RPROMLLKJHMFFDQ88CA,,160.39,住家用,鋼筋混凝土造,105年7月26日,三層,一層 二層 三層 陽台
RPSOMLLKJHMFFDQ98CA,,141.80,住家用,鋼筋混凝土造,105年7月26日,四層,一層 二層 三層 四層 陽台
RPTNMLLKJHMFFDQ98CA,,141.80,住家用,鋼筋混凝土造,105年7月26日,四層,一層 二層 三層 四層 陽台
RPVNMLLKJHMFFDQ56CA,,141.80,住家用,鋼筋混凝土造,105年7月26日,四層,一層 二層 三層 四層 陽台
RPXNMLLKJHMFFDQ76CA,,160.02,住家用,鋼筋混凝土造,105年7月26日,三層,一層 二層 三層 陽台
RPSNMLNLJHMFFDQ56CA,8,177.83,住家用,鋼筋混凝土造,97年11月13日,三層,一層 二層 三層 陽台
RPOOMLLKJHMFFDQ58CA,,142.35,住家用,鋼筋混凝土造,105年7月26日,四層,一層 二層 三層 四層 陽台
RPWNMLOLJHMFFDQ07CA,37,102.71,住家用,鋼筋混凝土加強磚造,68年9月1日,二層,一層 二層 騎樓
RPSNMLNLJHMFFCQ09CA,35,96.98,住家用,鋼筋混凝土加強磚造,71年3月6日,二層,一層 二層 陽台
RPVOMLNKJHMFFCQ76CA,35,119.07,住家用,鋼筋混凝土加強磚造,70年7月28日,二層,一層 二層 電梯樓梯間
RPQNMLKKJHMFFCQ48CA,1,194.52,住宅、樓梯間,鋼筋混凝土造,104年11月13日,三層,一層 二層 三層 見其他登記事項 見其他登記事項
RPVNMLNKJHMFFCQ66CA,37,105.99,住家用,鋼筋混凝土加強磚造,68年12月31日,二層,一層 二層 電梯樓梯間
RPSNMLKKJHMFFCQ68CA,23,50.62,共有部分,鋼筋混凝土造,82年12月14日,七層,
RPUNMLLKJHMFFCQ98CA,10,228.34,停車空間、集合住宅,鋼筋混凝土造,95年8月14日,四層,一層 二層 三層 四層 見其他登記事項
RPVNMLLKJHMFFCQ09CA,35,130.37,住家用,鋼筋混凝土加強磚造,70年12月28日,二層,一層 二層 電梯樓梯間
RPQNMLMKJHMFFCQ68CA,40,138.60,住家用,鋼筋混凝土加強磚造,65年9月7日,三層,一層 二層 三層
RPPNMLOJKHMFFDQ88CA,,195.51,住宅、樓梯間,鋼筋混凝土造,105年8月31日,三層,一層 二層 三層 陽台 見其他登記事項
RPQOMLQJKHMFFDQ76DA,,207.34,住家用,鋼筋混凝土造,105年11月11日,三層,一層 二層 三層 陽台 見其他登記事項
RPROMLQJKHMFFDQ86DA,,208.36,住家用,鋼筋混凝土造,105年11月11日,三層,一層 二層 三層 陽台 見其他登記事項
RPPOMLQJKHMFFDQ66DA,,225.71,住家用,鋼筋混凝土造,105年11月11日,三層,一層 二層 三層 陽台 見其他登記事項
RPUOMLNKJHMFFCQ66CA,38,78.79,住商用,鋼筋混凝土加強磚造,67年11月3日,二層,一層 二層 騎樓 電梯樓梯間
RPRNMLNKJHMFFBQ78CA,84,247.94,住商用,木造,22年1月1日,一層,一層
RPQNMLLJKHMFFBQ48CA,10,19.19,住家用,鋼筋混凝土造,95年8月28日,八層,四層 陽台
RPQNMLLJKHMFFBQ48CA,10,4.83,共有部分,鋼筋混凝土造,95年8月28日,,
RPQNMLLJKHMFFBQ48CA,10,7.44,共有部分,鋼筋混凝土造,95年8月28日,,
SPPNMLQLJHMFFBQ09CA,10,15.06,住家用,鋼筋混凝土造,95年8月28日,八層,四層 陽台
RPPNMLMJKHMFFBQ48CA,22,97.21,住家用,鋼筋混凝土造,83年12月15日,五層,四層 陽台 花台
SPPNMLQLJHMFFBQ09CA,10,4.20,共有部分,鋼筋混凝土造,95年8月28日,,
SPPNMLQLJHMFFBQ09CA,10,5.78,共有部分,鋼筋混凝土造,95年8月28日,,
RPPNMLLJKHMFFBQ38CA,10,19.19,住家用,鋼筋混凝土造,95年8月28日,八層,四層 陽台
RPPNMLLJKHMFFBQ38CA,10,4.83,共有部分,鋼筋混凝土造,95年8月28日,,
RPPNMLLJKHMFFBQ38CA,10,7.44,共有部分,鋼筋混凝土造,95年8月28日,,
RPPNMLQLJHMFFBQ98CA,10,15.06,住家用,鋼筋混凝土造,95年8月28日,八層,四層 陽台
RPPNMLQLJHMFFBQ98CA,10,4.20,共有部分,鋼筋混凝土造,95年8月28日,,
RPPNMLQLJHMFFBQ98CA,10,5.78,共有部分,鋼筋混凝土造,95年8月28日,,
RPROMLOLJHMFFDQ66CA,37,146.37,住商用,鋼筋混凝土加強磚造,69年2月1日,三層,一層 二層 三層 騎樓
RPPOMLSKJHMFFDQ76CA,36,70.12,住家用,鋼筋混凝土加強磚造,70年6月3日,二層,一層 二層 電梯樓梯間
RPUNMLQKJHMFFDQ96CA,,141.80,住家用,鋼筋混凝土造,105年7月26日,四層,一層 二層 三層 四層 陽台
RPQOMLNKJHMFFCQ88CA,22,163.83,住商用,鋼筋混凝土造,83年8月8日,十一層,一層 二層 三層 騎樓 見其他登記事項
RPVNMLQKJHMFFDQ07CA,,160.39,住家用,鋼筋混凝土造,105年7月26日,三層,一層 二層 三層 陽台
RPWNMLQKJHMFFCQ07CA,,202.07,住家用,鋼筋混凝土造,105年8月22日,四層,一層 二層 三層 四層 見其他登記事項
RPTOMLNKJHMFFCQ56CA,38,80.98,住商用,鋼筋混凝土加強磚造,67年11月3日,二層,一層 二層 騎樓
RPQNMLNKJHMFFBQ68CA,31,146.13,住家用,鋼筋混凝土加強磚造,75年6月16日,二層,一層 二層 陽台 騎樓 電梯樓梯間
RPUNMLOKJHMFFDQ86DA,32,159.08,住房,鋼筋混凝土加強磚造,73年12月10日,二層,一層 二層
RPPNMLTKJHMFFBQ56CA,23,171.56,住商用,鋼筋混凝土造,83年5月23日,四層,一層 二層 三層 四層 陽台 電梯樓梯間
RPOOMLMJKHMFFCQ58CA,2,197.02,停車空間、住宅、樓梯間,鋼筋混凝土造,103年10月13日,三層,一層 二層 三層 見其他登記事項 見其他登記事項
RPTNMLPLJHMFFCQ76CA,35,111.72,住家用,鋼筋混凝土加強磚造,70年11月21日,二層,一層 二層 陽台
RPPNMLQKJHMFFDQ09CA,,141.80,住家用,鋼筋混凝土造,105年7月26日,四層,一層 二層 三層 四層 陽台
RPRNMLQKJHMFFDQ66CA,,155.23,住家用,鋼筋混凝土造,105年7月26日,四層,一層 二層 三層 四層 陽台
RPQNMLQKJHMFFDQ56CA,,141.80,住家用,鋼筋混凝土造,105年7月26日,四層,一層 二層 三層 四層 陽台
RPSNMLQKJHMFFDQ76CA,,155.99,住家用,鋼筋混凝土造,105年7月26日,四層,一層 二層 三層 四層 陽台
RPTNMLQKJHMFFDQ86CA,,142.35,住家用,鋼筋混凝土造,105年7月26日,四層,一層 二層 三層 四層 陽台
RPRNMLLLJHMFFDQ88CA,14,21.64,集合住宅,鋼筋混凝土造,92年5月5日,五層,三層 陽台
RPRNMLLLJHMFFDQ88CA,14,3.80,集合住宅,鋼筋混凝土造,92年5月5日,五層,
RPPNMLPJKHMFFDQ98CA,41,232.19,,見其他登記事項,64年6月15日,三層,一層 二層 三層
RPROMLQKJHMFFDQ76CA,13,16.26,見其他登記事項,鋼筋混凝土造,93年6月9日,五層,三層
RPXNMLNLJHMFFCQ96CA,9,814.00,住宅、車道,鋼筋混凝土造,96年6月11日,五層,一層 二層 三層 四層 五層 見其他登記事項
TPXNMLNLJHMFFCQ17CA,9,814.00,住宅、車道,鋼筋混凝土造,96年6月11日,五層,一層 二層 三層 四層 五層 見其他登記事項
SPXNMLNLJHMFFCQ07CA,9,814.00,住宅、車道,鋼筋混凝土造,96年6月11日,五層,一層 二層 三層 四層 五層 見其他登記事項
UPXNMLNLJHMFFCQ27CA,9,819.40,住宅、車道,鋼筋混凝土造,96年6月11日,五層,一層 二層 三層 四層 五層 見其他登記事項
RPOOMLNLJHMFFCQ78CA,9,1553.28,住宅、車道,鋼筋混凝土造,96年6月11日,五層,一層 二層 三層 四層 五層 見其他登記事項
RPPNMLSJKHMFFBQ09CA,16,292.19,住商用,鋼筋混凝土造,89年12月18日,四層,一層 二層 三層 四層 陽台 地下層
SPOOMLNLJHMFFCQ88CA,9,814.00,住宅、車道,鋼筋混凝土造,96年6月11日,五層,一層 二層 三層 四層 五層 見其他登記事項
RPPOMLNLJHMFFCQ88CA,9,655.99,住宅、停車空間,鋼筋混凝土造,96年6月11日,四層,一層 二層 三層 四層 見其他登記事項
TPOOMLNLJHMFFCQ98CA,9,814.00,住宅、車道,鋼筋混凝土造,96年6月11日,五層,一層 二層 三層 四層 五層 見其他登記事項
VPOOMLNLJHMFFCQ56CA,9,814.00,住宅、車道,鋼筋混凝土造,96年6月11日,五層,一層 二層 三層 四層 五層 見其他登記事項
RPWNMLQLJHMFFDQ27CA,22,46.07,集合住宅,鋼筋混凝土造,83年8月19日,七層,六層 陽台
RPWNMLQLJHMFFDQ27CA,22,21.52,防空避難室、樓梯間﹝共同使用﹞,鋼筋混凝土造,83年8月19日,七層,
RPWNMLQLJHMFFDQ27CA,22,10.90,停車場（共同使用）,鋼筋混凝土造,83年8月19日,七層,
UPOOMLNLJHMFFCQ09CA,9,814.00,住宅、車道,鋼筋混凝土造,96年6月11日,五層,一層 二層 三層 四層 五層 見其他登記事項
SPPOMLNLJHMFFCQ98CA,9,651.08,住宅、停車空間,鋼筋混凝土造,96年6月11日,四層,一層 二層 三層 四層 見其他登記事項
TPPOMLNLJHMFFCQ09CA,9,651.08,住宅、停車空間,鋼筋混凝土造,96年6月11日,四層,一層 二層 三層 四層 見其他登記事項
UPPOMLNLJHMFFCQ56CA,9,651.08,住宅、停車空間,鋼筋混凝土造,96年6月11日,四層,一層 二層 三層 四層 見其他登記事項
VPPOMLNLJHMFFCQ66CA,9,655.40,住宅、停車空間,鋼筋混凝土造,96年6月11日,四層,一層 二層 三層 四層 見其他登記事項
RPPNMLPLJHMFFCQ98CA,35,129.20,住家用,鋼筋混凝土加強磚造,70年11月27日,二層,一層 二層 電梯樓梯間
RPRNMLSKJHMFFCQ76CA,35,101.71,住家用,鋼筋混凝土加強磚造,70年10月15日,二層,一層 二層 陽台
RPSNMLSKJHMFFDQ07DA,1,167.25,停車空間、住宅,鋼筋混凝土造,104年10月16日,三層,一層 二層 三層 陽台
RPVNMLSKJHMFFDQ37DA,1,167.25,停車空間、住宅,鋼筋混凝土造,104年10月16日,三層,一層 二層 三層 陽台
RPQNMLSKJHMFFDQ86DA,23,150.39,住家用,鋼筋混凝土造,82年7月12日,三層,一層 二層 三層
RPPNMLKLJHMFFCQ48CA,,214.10,住家用,鋼筋混凝土造,105年7月29日,四層,一層 二層 三層 四層 見其他登記事項
RPRNMLKLJHMFFBQ58CA,12,209.44,住家用,鋼筋混凝土造,93年9月6日,四層,一層 二層 三層 四層 陽台 電梯樓梯間
RPXNMLSKJHMFFDQ47CA,,141.80,住家用,鋼筋混凝土造,105年7月26日,四層,一層 二層 三層 四層 陽台
RPPNMLTKJHMFFCQ76DA,18,144.85,集合住宅,鋼筋混凝土造,88年4月28日,五層,三層 陽台
RPOOMLSKJHMFFDQ66CA,,135.23,住家用,鋼筋混凝土造,105年7月26日,四層,一層 二層 三層 四層 陽台
RPPNMLNJKHMFFDQ78CA,30,119.54,住家用,鋼筋混凝土加強磚造,75年12月29日,三層,一層 二層 三層
RPRNMLMJKHMFFDQ88CA,14,18.87,集合住宅,鋼筋混凝土造,92年5月5日,五層,二層 陽台
RPRNMLMJKHMFFDQ88CA,14,3.32,集合住宅,鋼筋混凝土造,92年5月5日,五層,
RPRNMLTKJHMFFCQ96DA,3,168.64,停車空間、住宅、樓梯間,鋼筋混凝土造,102年11月4日,三層,一層 二層 三層 見其他登記事項 見其他登記事項
RPPNMLOKKHMFFBQ78CA,1,176.43,住宅、樓梯間,鋼筋混凝土造,105年6月24日,三層,一層 二層 三層 見其他登記事項
RPPNMLTJKHMFFBQ56CA,33,155.88,住商用,鋼筋混凝土造,73年3月19日,三層,一層 二層 三層 騎樓 電梯樓梯間
RPRNMLQLJHMFFCQ66CA,4,144.07,住家用,鋼筋混凝土造,101年9月12日,三層,一層 二層 三層 見其他登記事項
RPUNMLNJKHMFFDQ76DA,25,161.18,住家用,鋼筋混凝土造,80年6月20日,四層,一層 二層 三層 四層
RPVNMLKLJHMFFDQ66DA,11,175.94,住商用,鋼筋混凝土造,94年9月16日,四層,一層 二層 三層 四層 陽台
RPTNMLNLJHMFFCQ76EA,37,98.09,住商用,鋼筋混凝土加強磚造,69年1月24日,二層,一層 二層 騎樓
RPUNMLNJKHMFFBQ09CA,,279.77,住家用,鋼筋混凝土造,105年11月14日,四層,一層 二層 三層 四層 陽台
RPTNMLNJKHMFFBQ98CA,,271.05,住家用,鋼筋混凝土造,105年11月14日,四層,一層 二層 三層 四層 陽台
RPVNMLNJKHMFFBQ56CA,,279.72,住家用,鋼筋混凝土造,105年11月14日,四層,一層 二層 三層 四層 陽台
RPPNMLLJKHMFFCQ48CA,22,82.41,集合住宅,鋼筋混凝土造,83年8月10日,七層,七層 陽台 花台
RPPNMLLJKHMFFCQ48CA,22,29.16,共有部分,鋼筋混凝土造,83年8月10日,七層,
RPPNMLLJKHMFFCQ48CA,22,13.25,共有部分,鋼筋混凝土造,83年8月10日,七層,
RPPNMLMJKHMFFCQ58CA,15,127.75,住家用,鋼筋混凝土造,91年1月14日,三層,一層 二層 三層 見其他登記事項
RPPNMLRLJHMFFBQ09CA,10,213.36,住商用,鋼筋混凝土造,95年10月28日,四層,一層 二層 三層 四層 陽台
RPUNMLPLJHMFFCQ86CA,1,222.18,住宅、樓梯間,鋼筋混凝土造,105年1月29日,三層,一層 二層 三層 見其他登記事項 見其他登記事項
RPOOMLMJKHMFFBQ48CA,3,231.78,住宅、儲藏室、水箱,鋼筋混凝土造,103年6月25日,四層,一層 二層 三層 四層 陽台 見其他登記事項
RPPNMLKLJHMFFDQ58CA,36,99.24,住家用,鋼筋混凝土加強磚造,69年6月1日,二層,一層 二層
RPPNMLNLJHMFFDQ88CA,,156.54,住家用,鋼筋混凝土造,105年7月18日,三層,一層 二層 三層 見其他登記事項
RPWNMLNLJHMFFBQ86DA,21,303.40,住家用,鋼筋混凝土加強磚造,85年7月1日,四層,一層 二層 三層 四層
RPRNMLOKKHMFFCQ09CA,4,218.00,住宅、停車空間、店舖、機電空間,鋼筋混凝土造,102年6月4日,四層,一層 二層 三層 四層 見其他登記事項 見其他登記事項
RPWNMLKLJHMFFDQ66CA,18,124.21,住家用,鋼筋混凝土造,87年11月24日,三層,一層 二層 三層 陽台 平台
RPRNMLNLJHMFFBQ88CA,37,105.18,住家用,鋼筋混凝土加強磚造,68年11月17日,二層,一層 二層
RPVNMLOLJHMFFCQ86CA,1,217.75,住家用,鋼筋混凝土造,105年3月15日,四層,一層 二層 三層 四層 見其他登記事項
RPVNMLKLJHMFFCQ09CA,23,25.31,共有部分,鋼筋混凝土造,82年12月14日,七層,
RPOOMLOLJHMFFDQ09DA,11,16.15,見其他登記事項,鋼筋混凝土造,94年8月15日,五層,五層
RPOOMLOLJHMFFDQ09DA,11,7.19,見其他登記事項,鋼筋混凝土造,94年8月15日,五層,
RPPOMLOLJHMFFDQ56DA,11,16.15,見其他登記事項,鋼筋混凝土造,94年8月15日,五層,五層
RPPOMLOLJHMFFDQ56DA,11,7.19,見其他登記事項,鋼筋混凝土造,94年8月15日,五層,
SPPOMLOLJHMFFDQ66DA,11,16.15,見其他登記事項,鋼筋混凝土造,94年8月15日,五層,五層
SPPOMLOLJHMFFDQ66DA,11,7.19,見其他登記事項,鋼筋混凝土造,94年8月15日,五層,
RPSNMLOLJHMFFCQ56CA,18,143.92,集合住宅,鋼筋混凝土造,88年4月28日,五層,五層 陽台
RPSNMLOLJHMFFCQ56CA,18,27.91,通廊．梯間．水箱．機械房,鋼筋混凝土造,88年4月28日,五層,
RPUOMLNLJHMFFDQ86CA,12,175.63,住家用,鋼筋混凝土造,93年6月21日,四層,一層 二層 三層 四層 陽台
SPPNMLSKKHMFFDQ86CA,13,19.53,見其他登記事項,鋼筋混凝土造,93年6月9日,五層,四層
RPPNMLSKKHMFFDQ76CA,13,17.00,見其他登記事項,鋼筋混凝土造,93年6月9日,五層,三層
RPQNMLOJKHMFFDQ98CA,35,157.91,住家用,鋼筋混凝土加強磚造,70年6月20日,二層,一層 二層 陽台 平台 電梯樓梯間
RPSNMLPLJHMFFEQ86CA,2,230.65,住宅、樓梯間,鋼筋混凝土造,104年4月15日,三層,一層 二層 三層 陽台 屋頂突出物
RPWNMLMJKHMFFBQ56CA,,282.57,住家用,鋼筋混凝土造,105年11月14日,四層,一層 二層 三層 四層 陽台
RPUNMLPLJHMFFBQ86DA,,183.68,門廊、住宅,鋼筋混凝土造,105年8月4日,三層,一層 二層 三層 陽台
RPQNMLQLJHMFFBQ56DA,20,77.53,住家用,鋼筋混凝土造,86年1月10日,十層,九層 陽台
RPXNMLPLJHMFFBQ07CA,36,99.46,住家用,鋼筋混凝土加強磚造,69年7月11日,二層,一層 二層
RPRNMLMJKHMFFCQ78CA,36,109.59,住家用,鋼筋混凝土加強磚造,70年5月8日,二層,一層 二十五層 電梯樓梯間
RPQNMLOLJHMFFCQ98CA,1,191.15,停車空間、住宅、樓梯間,鋼筋混凝土造,104年11月13日,三層,一層 二層 三層 見其他登記事項 見其他登記事項
RPTNMLOLJHMFFDQ86DA,37,96.88,住家用,鋼筋混凝土加強磚造,69年5月10日,二層,一層 二層 電梯樓梯間
SPQNMLQLJHMFFDQ86DA,12,19.39,住家用,鋼筋混凝土造,93年8月3日,五層,三層 陽台
SPQNMLQLJHMFFDQ86DA,12,9.01,樓梯間,鋼筋混凝土造,93年8月3日,五層,
SPQNMLQLJHMFFDQ86DA,12,8.06,樓梯間、走廊,鋼筋混凝土造,93年8月3日,五層,
SPQNMLQLJHMFFDQ86DA,12,1.48,樓梯間、機房,鋼筋混凝土造,93年8月3日,五層,
SPQNMLQLJHMFFDQ86DA,12,.82,車道、停車空間,鋼筋混凝土造,93年8月3日,五層,
SPQNMLQLJHMFFDQ86DA,12,.20,停車空間,鋼筋混凝土造,93年8月3日,五層,
RPQNMLQLJHMFFDQ76DA,12,16.70,住家用,鋼筋混凝土造,93年8月3日,五層,三層 陽台
RPQNMLQLJHMFFDQ76DA,12,.76,樓梯間,鋼筋混凝土造,93年8月3日,五層,
RPQNMLQLJHMFFDQ76DA,12,6.83,樓梯間、走廊,鋼筋混凝土造,93年8月3日,五層,
RPQNMLQLJHMFFDQ76DA,12,1.26,樓梯間、機房,鋼筋混凝土造,93年8月3日,五層,
RPQNMLQLJHMFFDQ76DA,12,6.99,車道、停車空間,鋼筋混凝土造,93年8月3日,五層,
RPQNMLQLJHMFFDQ76DA,12,.17,停車空間,鋼筋混凝土造,93年8月3日,五層,
RPPNMLLKKHMFFCQ58CA,23,164.12,住家用,鋼筋混凝土造,82年8月16日,三層,一層 二層 三層 陽台 電梯樓梯間
RPXNMLMJKHMFFCQ76CA,34,.25,集合住宅,鋼筋混凝土造,72年3月12日,五層,
RPXNMLMJKHMFFCQ76CA,34,7.86,共有部分,鋼筋混凝土造,72年3月12日,五層,
RPXNMLMJKHMFFCQ76CA,34,61.08,國民住宅,鋼筋混凝土造,72年3月12日,五層,一層
RPXNMLMJKHMFFCQ76CA,34,7.92,共有部分,鋼筋混凝土造,72年3月12日,五層,
RPSNMLQLJHMFFDQ96DA,20,187.90,住商用,鋼筋混凝土造,86年1月7日,四層,一層 二層 三層 四層 騎樓
RPQNMLMKKHMFFCQ78CA,10,21.15,集合住宅,鋼筋混凝土造,96年6月23日,五層,三層 陽台
RPQNMLMKKHMFFCQ78CA,10,7.03,停車空間、機電設備空間、管理室、梯廳、走廊,鋼筋混凝土造,96年6月23日,五層,
RPRNMLPLJHMFFDQ66CA,,170.95,住家用,鋼筋混凝土造,105年8月19日,三層,一層 二層 三層 陽台 見其他登記事項
RPSNMLSKKHMFFDQ07CA,,208.68,住家用,鋼筋混凝土造,105年10月14日,四層,一層 二層 三層 四層 陽台
RPTNMLPLJHMFFDQ86CA,20,173.21,住商用,鋼筋混凝土造,86年2月5日,四層,一層 二層 三層 四層 陽台
RPTNMLNJKHMFFCQ09CA,35,111.71,住家用,鋼筋混凝土加強磚造,70年12月31日,二層,一層 二層 陽台
RPVNMLSKKHMFFDQ37CA,23,197.74,住家用,鋼筋混凝土造,82年11月23日,四層,一層 二層 三層 四層 夾層 見其他登記事項
RPRNMLQJKHMFFDQ66CA,,167.01,店鋪、住宅,鋼筋混凝土造,105年7月26日,四層,一層 二層 三層 四層 陽台
RPTNMLQJKHMFFDQ86CA,,142.35,住家用,鋼筋混凝土造,105年7月26日,四層,一層 二層 三層 四層 陽台
RPWNMLQJKHMFFDQ17CA,,158.45,住家用,鋼筋混凝土造,105年7月26日,三層,一層 二層 三層 陽台
RPVNMLQJKHMFFDQ07CA,,135.38,住家用,鋼筋混凝土造,105年7月26日,四層,一層 二層 三層 四層 陽台
RPRNMLNJKHMFFDQ98CA,20,10.90,樓梯間、機械室、水箱,鋼筋混凝土造,86年6月23日,七層,
RPRNMLNJKHMFFDQ98CA,20,74.29,住宅、集合住宅,鋼筋混凝土造,86年6月28日,六層,三層 陽台 花台
RPRNMLNJKHMFFDQ98CA,20,13.30,見其他登記事項,鋼筋混凝土造,86年6月23日,七層,
RPPNMLKKKHMFFBQ38CA,1,200.15,店舖、住宅、樓梯間,鋼筋混凝土造,105年4月27日,三層,一層 二層 三層 見其他登記事項 見其他登記事項
RPXNMLQJKHMFFDQ27CA,,141.80,住家用,鋼筋混凝土造,105年7月26日,四層,一層 二層 三層 四層 陽台
RPOOMLQKKHMFFCQ09CA,11,185.71,住宅、樓梯間,鋼筋混凝土造,94年7月13日,三層,一層 二層 三層 電梯樓梯間 見其他登記事項
RPQNMLNJKHMFFBQ68CA,33,115.29,住商用,鋼筋混凝土加強磚造,73年3月30日,三層,一層 二層 三層
RPQNMLNJKHMFFCQ78CA,16,1887.94,羊舍、飼料倉庫、堆肥舍、管理室,磚木造、水泥柱,89年6月21日,一層,一層
RPQNMLLKKHMFFDQ78CA,39,105.62,住家用,鋼筋混凝土加強磚造,67年2月10日,二層,一層 二層 騎樓
RPOOMLQJKHMFFDQ09CA,,205.76,住家用,鋼筋混凝土造,105年7月26日,四層,一層 二層 三層 四層 陽台
RPQNMLTJKHMFFDQ86CA,21,74.22,集合住宅,鋼筋混凝土造,85年2月7日,九層,六層 陽台
RPQNMLTJKHMFFDQ86CA,21,15.37,防空避難室兼停車空間,鋼筋混凝土造,85年2月7日,九層,
RPQNMLTJKHMFFDQ86CA,21,10.57,電、樓梯間,鋼筋混凝土造,85年2月7日,九層,
RPTNMLOLKHMFFCQ96EA,35,121.65,住家用,鋼筋混凝土加強磚造,71年6月11日,二層,一層 二層 電梯樓梯間
RPUNMLKLKHMFFDQ66DA,22,193.52,住家用,鋼筋混凝土造,83年8月10日,三層,一層 二層 三層 電梯樓梯間
RPTNMLKLKHMFFDQ56DA,25,140.46,住家用,鋼筋混凝土造,81年7月4日,三層,一層 二層 三層 陽台 電梯樓梯間
