﻿編號,土地位置,土地移轉面積(平方公尺),使用分區或編定,權利人持分分母,權利人持分分子,移轉情形,地號
The serial number, land position,land shifting area square meter,the use zoning or compiles and checks,,,,land parcel
RPTNMLLJJILFFAV09CA,新生段,50.00,都市：住,1,1,全筆移轉,05470000
RPSNMLMJJILFFAV09CA,東農段,451.20,都市：農,1,1,全筆移轉,00790000
RPSNMLLJJILFFAV98CA,台東段,187.00,都市：住,1,1,全筆移轉,06540054
RPSNMLLJJILFFAV98CA,台東段,6.00,都市：住,1,1,全筆移轉,06540220
RPTNMLMJJILFFAV56CA,自強段,100.00,都市：住,1,1,全筆移轉,03390000
RPRNMLRJJILFFBV96CA,玉港段,780.33,非都市：風景區 ; 非都市編定：農牧用地,1,1,全筆移轉,02120000
RPPNMLPJJILFFCV66CA,福原段,60.49,都市：商,1,1,全筆移轉,01210000
RPPNMLPJJILFFCV66CA,福原段,172.91,都市：商,1,1,全筆移轉,01220000
RPQNMLNJJILFFAV98CA,豐年段,130.28,都市：住,1,1,全筆移轉,09540014
RPQNMLSJJILFFAV86CA,德安段,21.26,都市：住,30000,170,持分移轉,00630000
RPQNMLSJJILFFAV86CA,德安段,.15,都市：住,30000,170,持分移轉,00630001
RPQNMLSJJILFFAV86CA,德安段,1.96,都市：住,30000,170,持分移轉,00630002
RPQNMLSJJILFFAV86CA,德安段,.04,都市：住,30000,170,持分移轉,00630003
RPQOMLKMJILFFAV56DA,利吉段,347.23,非都市：山坡地保育區 ; 非都市編定：農牧用地,1,1,全筆移轉,05570000
RPRNMLTLJILFFDV57CA,秀山段,219.73,都市：其他:露天溫泉浴區,1,1,全筆移轉,07180002
RPRNMLTLJILFFDV57CA,秀山段,.65,都市：其他:道路用地,1,1,全筆移轉,07180003
RPRNMLTLJILFFDV57CA,秀山段,147.40,都市：其他:露天溫泉浴區,1,1,全筆移轉,07180004
RPRNMLTLJILFFDV57CA,秀山段,1.02,都市：其他:道路用地,1,1,全筆移轉,07180005
RPRNMLTLJILFFDV57CA,秀山段,43.48,都市：其他:出租旅館區,1,1,全筆移轉,07200000
RPRNMLTLJILFFDV57CA,秀山段,2.25,都市：其他:道路用地,1,1,全筆移轉,07200001
RPRNMLTLJILFFDV57CA,秀山段,55.03,都市：其他:露天溫泉浴區,1,1,全筆移轉,07240000
RPRNMLTLJILFFDV57CA,秀山段,4087.44,都市：其他:出租旅館區,1,1,全筆移轉,07250000
RPRNMLTLJILFFDV57CA,秀山段,.24,都市：其他:道路用地,1,1,全筆移轉,07250001
RPXNMLNJJILFFAV17DA,台東段,13.41,都市：住,10000,194,持分移轉,04260000
RPQNMLPJJILFFCV76CA,福原段,3.48,都市：商,1,1,全筆移轉,00270001
RPQNMLPJJILFFCV76CA,福原段,33.96,都市：商,1,1,全筆移轉,01210004
RPQNMLPJJILFFCV76CA,福原段,26.37,都市：商,1,1,全筆移轉,01210005
RPPNMLRJJILFFBV76CA,成功段,313.56,都市：住,1,1,全筆移轉,01410000
RPPNMLOJJILFFCV66DA,豐泉段,151.13,都市：住,1,1,全筆移轉,06090000
RPPNMLOJJILFFCV66DA,豐泉段,455.68,都市：住,1,1,全筆移轉,06100000
RPPNMLRJJILFFAV66CA,建和段,22.42,都市：住,1,1,全筆移轉,14510001
RPPNMLKKJILFFAV68CA,常德段,105.30,都市：住,1,1,全筆移轉,06440000
RPQNMLRJJILFFAV76CA,建和段,8.55,都市：住,1,1,全筆移轉,14470002
RPWNMLNJJILFFAV96CA,台東段,32.00,都市：住,1,1,全筆移轉,01710043
RPSNMLOJJILFFAV66CA,馬蘭段,13.03,都市：住,10000,272,持分移轉,16850000
RPSNMLOJJILFFAV66CA,馬蘭段,8.35,都市：住,10000,272,持分移轉,16860000
RPPNMLSJJILFFAV76CA,東谷段,131.66,都市：住,1,1,全筆移轉,02080043
RPTNMLSJJILFFAV17CA,永豐段,75.28,都市：住,1,1,全筆移轉,02900000
RPTNMLSJJILFFAV17CA,永豐段,245.62,都市：住,1,1,全筆移轉,02910000
RPTNMLSJJILFFAV17CA,永豐段,144.71,都市：住,1,1,全筆移轉,02920000
RPPNMLOJJILFFAV98CA,台東段,92.00,都市：住,1,1,全筆移轉,00010475
RPSNMLRJJILFFAV96CA,建興段,2741.00,非都市：一般農業區 ; 非都市編定：農牧用地,1,1,全筆移轉,07450000
RPXNMLOKJILFFAV27CA,馬蘭段,6.88,都市：住,10000,55,持分移轉,16940000
RPRNMLPKJILFFAV76CA,建業段,44.58,都市：住,1,1,全筆移轉,05580000
RPRNMLPKJILFFAV76CA,建業段,6.42,都市：住,1,1,全筆移轉,05580001
RPTNMLTLJILFFCV77DA,福原段,410.51,都市：住,1,1,全筆移轉,09240000
RPTNMLTLJILFFCV77DA,福原段,159.52,都市：住,1,1,全筆移轉,09280000
RPTNMLTLJILFFCV77DA,福原段,393.07,都市：住,1,1,全筆移轉,09350000
RPPNMLSJJILFFDV07CA,秀山段,.61,都市：其他:旅館區,10000,53,持分移轉,03470000
RPRNMLKKJILFFAV88CA,豐榮段,16.00,都市：住,2,1,持分移轉,07670000
RPPNMLSJJILFFDV07CA,秀山段,8.04,都市：其他:旅館區,10000,53,持分移轉,03470001
RPRNMLKKJILFFAV88CA,豐榮段,57.50,都市：住,2,1,持分移轉,07680000
RPPNMLOLJILFFDV86CA,達人段,342.97,非都市：鄉村區 ; 非都市編定：乙種建築用地,1,1,全筆移轉,05740000
RPPNMLQKJILFFAV66CA,利家段,74.00,非都市：鄉村區 ; 非都市編定：乙種建築用地,1,1,全筆移轉,74880053
RPTNMLTJJILFFAV27CA,中心段,7.00,都市：住,1,1,全筆移轉,08730001
RPTNMLTJJILFFAV27CA,中心段,45.00,都市：其他:道路用地,1,1,全筆移轉,08740001
RPTNMLTJJILFFAV27CA,中心段,104.00,都市：住,1,1,全筆移轉,08750001
RPPNMLTJJILFFAV86CA,永和段,85.15,都市：住,1,1,全筆移轉,09060000
RPTNMLLKJILFFAV56CA,台東段,419.00,都市：住,1,1,全筆移轉,00250002
RPVNMLOKJILFFAV07CA,台東段,96.00,都市：住,1,1,全筆移轉,00030075
RPPNMLLKJILFFAV78CA,中心段,1.00,都市：住,1,1,全筆移轉,08730000
RPPNMLLKJILFFAV78CA,中心段,44.00,都市：其他:道路用地,1,1,全筆移轉,08740000
RPPNMLLKJILFFAV78CA,中心段,110.00,都市：住,1,1,全筆移轉,08750000
RPUNMLKKJILFFAV56CA,台東段,195.00,都市：住,1,1,全筆移轉,00030463
RPUNMLKKJILFFAV56CA,台東段,270.00,都市：住,1,1,全筆移轉,00030464
RPQNMLTJJILFFAV96CA,豐康段,180.40,都市：住,1,1,全筆移轉,08160027
RPPOMLOKJILFFAV56CA,下南寮段,2541.56,都市：其他:保護區,1,1,全筆移轉,13130000
RPOOMLQKJILFFAV66CA,中正段,83.00,都市：住,1,1,全筆移轉,05430000
RPXNMLQKJILFFAV47CA,豐年段,25.00,都市：住,10000,50,持分移轉,00270000
RPRNMLSKJILFFAV07CA,利家段,3949.00,非都市：特定農業區 ; 非都市編定：農牧用地,1,1,全筆移轉,58530000
RPPNMLKKJILFFCV98DA,福文段,182.38,都市：住,1,1,全筆移轉,05430005
RPPNMLTLJILFFCV27CA,坪頂段,914.45,非都市：山坡地保育區 ; 非都市編定：農牧用地,1,1,全筆移轉,04490000
RPQNMLLKJILFFAV98DA,利家段,9.00,非都市：山坡地保育區 ; 非都市編定：丙種建築用地,1,1,全筆移轉,02860007
RPSNMLTJJILFFAV17CA,新田段,716.51,非都市：特定農業區 ; 非都市編定：農牧用地,1,1,全筆移轉,00620000
RPQNMLKKJILFFAV78CA,東海段,99.43,都市：住,1,1,全筆移轉,01270001
RPSNMLKKJILFFAV98CA,大業段,1.49,都市：住,1,1,全筆移轉,03890000
RPSNMLKKJILFFAV98CA,大業段,43.57,都市：其他:用地,1,1,全筆移轉,03890001
RPSNMLKKJILFFAV98CA,大業段,751.65,都市：住,1,1,全筆移轉,03910000
RPSNMLKKJILFFAV98CA,大業段,51.02,都市：其他:用地,1,1,全筆移轉,03910001
RPSNMLKKJILFFAV98CA,大業段,794.64,都市：住,1,1,全筆移轉,03940000
RPSNMLKKJILFFAV98CA,大業段,75.87,都市：住,1,1,全筆移轉,03940002
RPUNMLOKJILFFAV96CA,新園段,85.00,非都市：鄉村區 ; 非都市編定：乙種建築用地,1,1,全筆移轉,06310001
RPTNMLOKJILFFAV86CA,新園段,779.00,非都市：鄉村區 ; 非都市編定：乙種建築用地,1,1,全筆移轉,06310000
RPRNMLLKJILFFAV98CA,豐谷段,76.00,都市：住,1,1,全筆移轉,00920000
RPQOMLOKJILFFAV66CA,豐年段,26.06,都市：住,8,1,持分移轉,00020034
RPQOMLOKJILFFAV66CA,豐年段,60.35,都市：住,1,1,全筆移轉,00030037
RPUNMLLKJILFFAV66CA,豐榮段,73.00,都市：住,1,1,全筆移轉,07500000
RPWNMLKKJILFFAV76CA,常德段,107.56,都市：住,1,1,全筆移轉,09710001
RPWNMLKKJILFFAV76CA,常德段,342.83,都市：住,1,1,全筆移轉,10800000
RPVNMLKKJILFFAV76DA,南榮段,12.67,都市：住,1,1,全筆移轉,11660000
RPVNMLKKJILFFAV76DA,南榮段,2.32,都市：住,1,1,全筆移轉,11660001
RPROMLOKJILFFAV76CA,台東段,107.00,都市：商,1,1,全筆移轉,01280001
RPSNMLLKJILFFAV56DA,利家段,90.00,非都市：特定農業區 ; 非都市編定：甲種建築用地,1,1,全筆移轉,75900010
RPRNMLLKJILFFCV66DA,福原段,36.65,都市：商,1,1,全筆移轉,01210003
RPRNMLLKJILFFCV66DA,福原段,34.01,都市：商,1,1,全筆移轉,01220003
RPQNMLLKJILFFCV09CA,福原段,9.34,都市：商,1,1,全筆移轉,02700001
RPPNMLKKJILFFBV78CA,小湊段石傘小段,39040.00,非都市：風景區 ; 非都市編定：農牧用地,1,1,全筆移轉,04840000
RPPNMLKKJILFFBV78CA,玉港段,2892.82,非都市：風景區 ; 非都市編定：農牧用地,1,1,全筆移轉,01100000
RPPNMLKKJILFFBV78CA,玉港段,30.57,非都市：風景區 ; 非都市編定：農牧用地,1,1,全筆移轉,01110000
RPPNMLKKJILFFBV78CA,玉港段,688.74,非都市：風景區 ; 非都市編定：農牧用地,1,1,全筆移轉,01120000
RPPNMLKKJILFFBV78CA,玉港段,1708.47,非都市：風景區 ; 非都市編定：農牧用地,1,1,全筆移轉,01130000
RPPNMLKKJILFFBV78CA,玉港段,497.48,非都市：風景區 ; 非都市編定：農牧用地,1,1,全筆移轉,01140000
RPPNMLPKJILFFAV56CA,台東段,362.00,都市：住,2,1,持分移轉,01970000
RPVNMLTLJILFFCV87CA,隆昌段,149.27,非都市：鄉村區 ; 非都市編定：乙種建築用地,1,1,全筆移轉,11470000
RPPNMLPLJILFFDV96CA,金崙段,1830.00,非都市：山坡地保育區 ; 非都市編定：農牧用地,1,1,全筆移轉,08040000
RPQNMLPKJILFFAV66CA,公?東段,5.00,都市：其他:道路用地,1,1,全筆移轉,09620000
RPQNMLPKJILFFAV66CA,公?東段,10.91,都市：其他:道路用地,1,1,全筆移轉,09630000
RPQNMLPKJILFFAV66CA,公?東段,230.34,都市：其他:道路用地,1,1,全筆移轉,09640000
RPQNMLPKJILFFAV66CA,公?東段,12.86,都市：其他:道路用地,1,1,全筆移轉,09720001
RPQNMLPKJILFFAV66CA,公?東段,40.61,都市：其他:道路用地,1,1,全筆移轉,10300000
RPQNMLPKJILFFAV66CA,公?東段,5.13,都市：其他:道路用地,1,1,全筆移轉,10310000
RPQNMLPKJILFFAV66CA,公?東段,71.31,都市：其他:道路用地,1,1,全筆移轉,10330000
RPOOMLOKJILFFAV09CA,公?東段,306.81,都市：農,1,1,全筆移轉,08690000
RPOOMLOKJILFFAV09CA,公?東段,.26,都市：其他:道路用地,1,1,全筆移轉,08690001
RPOOMLOKJILFFAV09CA,公?東段,13.95,都市：其他:道路用地,1,1,全筆移轉,08690002
RPOOMLOKJILFFAV09CA,公?東段,21.87,都市：其他:道路用地,1,1,全筆移轉,08700000
RPPNMLOKJILFFAV09CA,馬蘭段,106.00,都市：住,1,1,全筆移轉,16990015
RPWNMLOKJILFFAV17CA,豐康段,571.86,都市：住,1,1,全筆移轉,08160035
RPRNMLSJJILFFAV96CA,台東段,52.00,都市：住,2,1,持分移轉,01601010
RPPNMLSKJILFFDV27DA,樂山段,305.80,非都市：山坡地保育區 ; 非都市編定：丙種建築用地,1,1,全筆移轉,04710000
RPPNMLNKKILFFDV86DA,壢坵段,8905.00,非都市：森林區 ; 非都市編定：林業用地,1,1,全筆移轉,06900032
RPRNMLQKJILFFAV86CA,自強段,131.30,都市：住,1,1,全筆移轉,10260002
RPTNMLQKJILFFAV07CA,永清段,258.08,都市：住,1,1,全筆移轉,05940000
RPTNMLQKJILFFAV07CA,永清段,131.90,都市：住,1,1,全筆移轉,05970000
RPTNMLQKJILFFAV07CA,永清段,302.94,都市：住,1,1,全筆移轉,06000000
RPTNMLQKJILFFAV07CA,永清段,52.07,都市：住,1,1,全筆移轉,06010000
RPUNMLQKJILFFAV17CA,永清段,153.12,都市：其他:道路用地,1,1,全筆移轉,05950000
RPUNMLQKJILFFAV17CA,永清段,249.98,都市：其他:道路用地,1,1,全筆移轉,05960000
RPPNMLRKJILFFAV76CA,中心段,100.00,都市：住,1,1,全筆移轉,07040002
RPQNMLQKJILFFAV76CA,豐年段,133.08,都市：住,1,1,全筆移轉,09540011
RPRNMLTLJILFFAV27CA,自強段,57.00,都市：住,1,1,全筆移轉,01320000
RPRNMLNLJILFFAV76DA,南清段,118.08,都市：住,1,1,全筆移轉,00430005
RPPNMLRKJILFFBV86CA,忠仁段,112.35,都市：住,1,1,全筆移轉,11760000
RPPNMLSKJILFFBV96CA,新港段八邊小段,900.00,非都市：風景區 ; 非都市編定：農牧用地,1,1,全筆移轉,00310006
RPQNMLKMJILFFAV98CA,台東段,10.00,都市：其他:道路用地,1,1,全筆移轉,00140018
RPQNMLKMJILFFAV98CA,台東段,50.00,都市：住,1,1,全筆移轉,00160008
RPQNMLKMJILFFAV98CA,台東段,24.00,都市：住,1,1,全筆移轉,00160009
RPQNMLSKJILFFBV07CA,三民段,49.08,都市：住,1,1,全筆移轉,10070000
RPQNMLSKJILFFBV07CA,三民段,8.47,都市：住,1,1,全筆移轉,10080000
RPPNMLMLJILFFCV56CA,南山段,114.93,都市：住,1,1,全筆移轉,06360000
RPRNMLSKJILFFBV17CA,三民段,407.13,都市：住,1,1,全筆移轉,09690000
RPPNMLSKJILFFAV86CA,豐年段,161.00,都市：住,1,1,全筆移轉,09540009
RPPNMLNLJILFFBV56CA,中濱段掃別小段,3905.00,非都市：風景區 ; 非都市編定：農牧用地,4,1,持分移轉,04240000
RPPNMLNLJILFFBV56CA,中濱段掃別小段,7810.00,非都市：風景區 ; 非都市編定：農牧用地,4,2,持分移轉,04240000
RPPNMLNLJILFFBV56CA,中濱段掃別小段,3905.00,非都市：風景區 ; 非都市編定：農牧用地,4,1,持分移轉,04240000
RPPNMLNLJILFFBV56CA,中濱段掃別小段,3295.00,非都市：風景區 ; 非都市編定：農牧用地,4,1,持分移轉,04340000
RPPNMLNLJILFFBV56CA,中濱段掃別小段,6590.00,非都市：風景區 ; 非都市編定：農牧用地,4,2,持分移轉,04340000
RPPNMLNLJILFFBV56CA,中濱段掃別小段,3295.00,非都市：風景區 ; 非都市編定：農牧用地,4,1,持分移轉,04340000
RPPNMLNLJILFFBV56CA,中濱段掃別小段,210.00,非都市：風景區 ; 非都市編定：農牧用地,4,1,持分移轉,04370000
RPPNMLNLJILFFBV56CA,中濱段掃別小段,420.00,非都市：風景區 ; 非都市編定：農牧用地,4,2,持分移轉,04370000
RPPNMLNLJILFFBV56CA,中濱段掃別小段,210.00,非都市：風景區 ; 非都市編定：農牧用地,4,1,持分移轉,04370000
RPPNMLNLJILFFBV56CA,中濱段掃別小段,885.00,非都市：風景區 ; 非都市編定：農牧用地,4,1,持分移轉,04410000
RPPNMLNLJILFFBV56CA,中濱段掃別小段,1770.00,非都市：風景區 ; 非都市編定：農牧用地,4,2,持分移轉,04410000
RPPNMLNLJILFFBV56CA,中濱段掃別小段,885.00,非都市：風景區 ; 非都市編定：農牧用地,4,1,持分移轉,04410000
RPPNMLNLJILFFBV56CA,中濱段掃別小段,87.50,非都市：風景區 ; 非都市編定：農牧用地,4,1,持分移轉,07130001
RPPNMLNLJILFFBV56CA,中濱段掃別小段,175.00,非都市：風景區 ; 非都市編定：農牧用地,4,2,持分移轉,07130001
RPPNMLNLJILFFBV56CA,中濱段掃別小段,87.50,非都市：風景區 ; 非都市編定：農牧用地,4,1,持分移轉,07130001
RPVNMLQJKILFFAV27CA,青林段,105.11,都市：住,1,1,全筆移轉,00220001
RPRNMLQJKILFFAV86CA,普優瑪段,206.93,都市：農,1,1,全筆移轉,11450000
RPQNMLSKJILFFAV96CA,豐年段,5.00,都市：住,10000,10,持分移轉,00270000
RPPNMLLLJILFFAV88CA,豐康段,216.79,都市：住,1,1,全筆移轉,08160031
RPUNMLMLJILFFAV86CA,明峰段,3000.00,非都市：山坡地保育區 ; 非都市編定：農牧用地,1,1,全筆移轉,00900004
RPPNMLMLJILFFAV98CA,豐利段,150.06,都市：住,2,1,持分移轉,07990000
RPQNMLNLJILFFAV56CA,台東段,259.00,都市：住,1,1,全筆移轉,00250017
RPQNMLMLJILFFAV09CA,豐富段,69.04,都市：住,1,1,全筆移轉,00760000
RPSNMLMLJILFFAV66CA,台東段,62.00,都市：商,1,1,全筆移轉,02880001
RPPNMLQLJILFFAV76CA,下賓朗段,184.32,非都市：一般農業區 ; 非都市編定：甲種建築用地,1,1,全筆移轉,13820000
RPSNMLSKJILFFAV17CA,台東段,132.00,都市：住,1,1,全筆移轉,05760000
RPPNMLOLJILFFAV56CA,台東段,59.00,都市：住,1,1,全筆移轉,04540054
RPVNMLSLJILFFAV57CA,大業段,113.68,都市：住,1,1,全筆移轉,02150000
RPQNMLLLJILFFBV09CA,沙泥灣段,2257.94,非都市：風景區 ; 非都市編定：農牧用地,1,1,全筆移轉,03980000
RPSNMLQJKILFFAV96CA,新生段,20.00,都市：其他:道路用地,1,1,全筆移轉,03770000
RPSNMLQJKILFFAV96CA,新生段,117.00,都市：住,1,1,全筆移轉,03780000
RPRNMLLLJILFFBV56CA,大俱來段,1334.13,非都市：風景區 ; 非都市編定：農牧用地,1,1,全筆移轉,03730000
RPRNMLLLJILFFBV56CA,大俱來段,1112.07,非都市：風景區 ; 非都市編定：農牧用地,1,1,全筆移轉,03860000
RPTNMLLLJILFFBV76CA,八仙洞段,2502.95,非都市：風景區 ; 非都市編定：農牧用地,1,1,全筆移轉,12830000
RPTNMLLLJILFFBV76CA,八仙洞段,1544.64,非都市：風景區 ; 非都市編定：農牧用地,1,1,全筆移轉,12830003
RPTNMLLLJILFFBV76CA,八仙洞段,254.13,非都市：風景區 ; 非都市編定：農牧用地,1,1,全筆移轉,12830004
RPRNMLNLJILFFCV86CA,慶福段,140.66,都市：住,2,1,持分移轉,09140000
RPSNMLLLJILFFBV66CA,八仙洞段,541.72,非都市：鄉村區 ; 非都市編定：乙種建築用地,1,1,全筆移轉,12790000
RPPNMLLLJILFFCV56DA,紅石段,230.00,非都市：鄉村區 ; 非都市編定：乙種建築用地,1,1,全筆移轉,01450000
RPPNMLRJKILFFCV07DA,大埔段,78.10,都市：住,2,1,持分移轉,07910000
RPQNMLLLJILFFCV66DA,牧野段,230.71,非都市：特定農業區 ; 非都市編定：農牧用地,1,1,全筆移轉,04680000
RPQNMLLLJILFFCV66DA,牧野段,213.24,非都市：特定農業區 ; 非都市編定：甲種建築用地,1,1,全筆移轉,04690000
RPQNMLLLJILFFCV66DA,牧野段,250.91,非都市：特定農業區 ; 非都市編定：農牧用地,1,1,全筆移轉,04700000
RPSNMLNLJILFFBV96DA,成功段,46.86,都市：其他:學校用地,1,1,全筆移轉,05200002
RPTNMLOLJILFFAV07DA,豐年段,8.00,都市：住,10000,16,持分移轉,00270000
RPQNMLLJKILFFAV88CA,台東段,187.00,都市：商,1,1,全筆移轉,04610000
RPQNMLLJKILFFAV88CA,台東段,8.00,都市：商,1,1,全筆移轉,04670001
RPQNMLLJKILFFAV88CA,台東段,12.00,都市：商,1,1,全筆移轉,04680001
RPRNMLLJKILFFAV98CA,台東段,83.00,都市：住,1,1,全筆移轉,04610009
RPRNMLLJKILFFAV98CA,台東段,71.00,都市：商,1,1,全筆移轉,04610016
RPRNMLLJKILFFAV98CA,台東段,233.00,都市：商,1,1,全筆移轉,04610020
RPRNMLLJKILFFAV98CA,台東段,288.00,都市：住,1,1,全筆移轉,04610021
RPRNMLLJKILFFAV98CA,台東段,4.00,都市：住,1,1,全筆移轉,04670002
RPRNMLOLJILFFAV76CA,利家段,2775.00,非都市：特定農業區 ; 非都市編定：農牧用地,1,1,全筆移轉,81050000
RPTNMLMLJILFFAV76CA,自強段,82.00,都市：住,1,1,全筆移轉,06130000
RPTNMLMLJILFFAV76CA,自強段,75.00,都市：住,1,1,全筆移轉,06230000
RPTNMLMLJILFFAV76CA,自強段,124.00,都市：住,1,1,全筆移轉,06240000
RPSNMLNLJILFFAV76CA,豐利段,8.52,都市：住,1,1,全筆移轉,09720000
RPSNMLNLJILFFAV76CA,豐利段,24.73,都市：住,1,1,全筆移轉,10020000
RPVNMLMLJILFFAV96CA,豐年段,134.54,都市：住,1,1,全筆移轉,09540018
RPSNMLOLJILFFAV86CA,馬蘭段,50.77,都市：住,10000,132,持分移轉,14590000
RPRNMLSLJILFFAV17CA,常德段,24.37,都市：住,10000,215,持分移轉,05200000
RPSNMLSJJILFFAV07CA,台東段,52.96,都市：住,100000,820,持分移轉,25640000
RPSNMLQKKILFFBV17CA,大俱來段,3851.22,非都市：風景區 ; 非都市編定：農牧用地,1,1,全筆移轉,00100000
RPPNMLTLJILFFBV27DA,高原段,227.00,非都市：森林區 ; 非都市編定：林業用地,1,1,全筆移轉,15370000
RPPNMLTJKILFFBV17DA,三間屋段,485.20,非都市：風景區 ; 非都市編定：農牧用地,1,1,全筆移轉,01250000
RPPNMLRJKILFFBV86CA,大霸來段,1568.50,非都市：風景區 ; 非都市編定：農牧用地,1,1,全筆移轉,01030000
RPPNMLLLKILFFBV56DA,忠智段,119.40,都市：住,1,1,全筆移轉,13130000
RPRNMLPJKILFFBV86CA,大霸來段,1275.54,非都市：風景區 ; 非都市編定：農牧用地,1,1,全筆移轉,01040000
RPPNMLPJKILFFBV66CA,永福段,79.25,非都市：鄉村區 ; 非都市編定：乙種建築用地,1,1,全筆移轉,06280000
RPSNMLPKKILFFCV27DA,豐泉段,115.62,都市：住,100,45,持分移轉,01880009
RPSNMLPKKILFFCV27DA,豐泉段,30.78,都市：其他:,4,1,持分移轉,01690001
RPSNMLPKKILFFCV27DA,豐泉段,35.64,都市：其他:,1,1,全筆移轉,01890001
RPSNMLPKKILFFCV27DA,豐泉段,5.18,都市：其他:,1,1,全筆移轉,01690003
RPQNMLNLJILFFBV66CA,田組段,5175.11,非都市：風景區 ; 非都市編定：農牧用地,1,1,全筆移轉,06250000
RPQNMLNLJILFFBV66CA,田組段,5165.66,非都市：風景區 ; 非都市編定：農牧用地,1,1,全筆移轉,06260000
RPPNMLKLKILFFBV09DA,忠智段,278.97,都市：住,1,1,全筆移轉,13120000
RPQNMLSLJILFFAV17DA,台東段,65.00,都市：住,1,1,全筆移轉,06860017
RPQNMLTLJILFFDV47CA,尚武段,300.12,都市：住,1,1,全筆移轉,09050000
RPQNMLTLJILFFDV47CA,尚武段,1385.20,都市：住,1,1,全筆移轉,09060000
RPPNMLPLJILFFBV76CA,新港段新港小段,2055.00,非都市：風景區 ; 非都市編定：農牧用地,1,1,全筆移轉,02620000
RPPNMLPLJILFFCV86CA,水源段,231.68,非都市：鄉村區 ; 非都市編定：乙種建築用地,1,1,全筆移轉,04920000
RPRNMLNLJILFFBV76CA,玉長段,1353.42,非都市：風景區 ; 非都市編定：農牧用地,1,1,全筆移轉,11360000
RPPNMLSLJILFFCV17CA,四維段,872.38,非都市：一般農業區 ; 非都市編定：農牧用地,1,1,全筆移轉,10090000
RPVNMLMJKILFFAV86CA,豐田段,6.80,都市：其他:道路用地,10,1,持分移轉,13660000
RPVNMLMJKILFFAV86CA,豐田段,1.20,都市：住,10,1,持分移轉,13660001
RPVNMLMJKILFFAV86CA,豐田段,95.10,都市：住,10,1,持分移轉,15380000
RPVNMLMJKILFFAV86CA,豐田段,31.60,都市：其他:道路用地,10,1,持分移轉,15380001
RPVNMLMJKILFFAV86CA,豐田段,50.20,都市：住,10,1,持分移轉,15380002
RPQNMLQLJILFFAV86CA,東谷段,131.65,都市：住,1,1,全筆移轉,02080039
RPSNMLKMJILFFAV56CA,新生段,13.40,都市：住,10000,54,持分移轉,00440000
RPPNMLSLJILFFAV96CA,豐年段,176.62,都市：住,1,1,全筆移轉,09540007
RPRNMLPLJILFFAV86CA,建興段,3000.00,都市：農,1,1,全筆移轉,07220002
RPPNMLPLJILFFAV66CA,泰安段,3399.80,非都市：山坡地保育區 ; 非都市編定：農牧用地,1,1,全筆移轉,04920000
RPPNMLSLJILFFBV07CA,富民段,352.81,非都市：風景區 ; 非都市編定：農牧用地,1,1,全筆移轉,03200000
RPQNMLMJKILFFBV09CA,大俱來段,996.25,非都市：風景區 ; 非都市編定：農牧用地,1,1,全筆移轉,00990000
RPQNMLPLJILFFAV76CA,利家段,83.00,非都市：鄉村區 ; 非都市編定：乙種建築用地,1,1,全筆移轉,80870000
RPPNMLTLJILFFAV07CA,台東段,96.00,都市：住,1,1,全筆移轉,01600242
RPQNMLPLJILFFCV07DA,大埔段,76.92,都市：住,1,1,全筆移轉,01770003
RPQNMLPLJILFFCV07DA,大埔段,23.37,都市：住,1,1,全筆移轉,01780003
RPSNMLTLJILFFAV37CA,中山段,90.00,都市：住,1,1,全筆移轉,05790000
RPXNMLQJKILFFAV47CA,順天段,235.79,都市：住,1,1,全筆移轉,03180001
RPXNMLQJKILFFAV47CA,順天段,4.12,都市：其他:道路用地,1,1,全筆移轉,03180002
RPXNMLQJKILFFAV47CA,順天段,631.19,都市：農,1,1,全筆移轉,03180000
RPQNMLPJKILFFAV66CA,豐谷段,75.00,都市：住,1,1,全筆移轉,09870000
RPXNMLPJKILFFAV37CA,豐成段,1740.72,非都市：特定農業區 ; 非都市編定：農牧用地,5,2,持分移轉,02860000
RPTNMLPJKILFFAV96CA,台東段,160.00,都市：住,1,1,全筆移轉,00030282
RPQNMLTLJILFFBV27CA,大濱段宜灣小段,2080.00,非都市：風景區 ; 非都市編定：農牧用地,1,1,全筆移轉,04760000
RPVNMLLJKILFFAV76CA,豐源段,1156.54,非都市：特定農業區 ; 非都市編定：農牧用地,3,1,持分移轉,02940000
RPPNMLPJKILFFCV76CA,南溪段,107.90,非都市：山坡地保育區 ; 非都市編定：丙種建築用地,1,1,全筆移轉,00120000
RPPNMLPJKILFFCV76CA,南溪段,705.72,非都市：山坡地保育區 ; 非都市編定：農牧用地,1,1,全筆移轉,00120001
RPRNMLLLKILFFBV66CA,濱海段,62.90,都市：住,2,1,持分移轉,03990002
RPUNMLKMJILFFAV76CA,德安段,160.19,都市：住,1,1,全筆移轉,06350000
RPUNMLKMJILFFAV76CA,德安段,11.70,都市：其他:道路用地,1,1,全筆移轉,06350001
RPUNMLKMJILFFAV76CA,德安段,1.39,都市：農,1,1,全筆移轉,06350002
RPUNMLKMJILFFAV76CA,德安段,157.98,都市：住,1,1,全筆移轉,06360000
RPUNMLKMJILFFAV76CA,德安段,11.85,都市：其他:道路用地,1,1,全筆移轉,06360001
RPUNMLKMJILFFAV76CA,德安段,1.44,都市：農,1,1,全筆移轉,06360002
RPOOMLKMJILFFAV88CA,台東段,277.00,都市：住,1,1,全筆移轉,12110000
RPXOMLKMJILFFAV17CA,新生段,149.00,都市：住,1,1,全筆移轉,10610000
RPTOMLKMJILFFAV76CA,青林段,15.58,都市：住,15,1,持分移轉,03090000
RPTOMLKMJILFFAV76CA,青林段,.42,都市：住,15,1,持分移轉,03090001
RPUNMLPKKILFFAV17CA,東海段,21.61,都市：其他:社區道路,18,1,持分移轉,01270017
RPUNMLPKKILFFAV17CA,東海段,82.12,都市：住,1,1,全筆移轉,01270009
RPWOMLKMJILFFAV07CA,新生段,13.65,都市：住,10000,55,持分移轉,00440000
RPPNMLQLKILFFCV07CA,大原段,2708.00,非都市：特定農業區 ; 非都市編定：農牧用地,1,1,全筆移轉,45090001
RPRNMLKLKILFFAV56DA,台東段,46.00,都市：住,1,1,全筆移轉,01670034
RPRNMLKLKILFFAV56DA,台東段,12.00,都市：住,1,1,全筆移轉,01670037
RPPNMLNLKILFFAV66DA,台東段,22.00,都市：其他:道路用地,1,1,全筆移轉,11550000
RPPOMLKMJILFFAV98CA,豐康段,622.52,都市：住,1,1,全筆移轉,08440000
RPRNMLQKKILFFAV96CA,建業段,834.63,都市：住,1,1,全筆移轉,03570000
RPPNMLRKKILFFAV86CA,岩灣段,122.36,都市：住,1,1,全筆移轉,01660002
RPQNMLMJKILFFAV98CA,岩灣段,547.14,都市：住,1,1,全筆移轉,03020002
RPWNMLLJKILFFAV86CA,台東段,22.41,都市：住,10000,110,持分移轉,05610004
RPSNMLPKKILFFAV96CA,煙草間段,76.96,非都市：鄉村區 ; 非都市編定：乙種建築用地,1,1,全筆移轉,05460000
RPSOMLKMJILFFAV66CA,台東段,39.00,都市：住,1,1,全筆移轉,06530036
RPSOMLKMJILFFAV66CA,台東段,11.00,都市：住,1,1,全筆移轉,06530052
RPPNMLKMJILFFBV98CA,永福段,561.39,非都市：風景區 ; 非都市編定：丙種建築用地,1,1,全筆移轉,09050000
RPPNMLKMJILFFBV98CA,永福段,1437.12,非都市：風景區 ; 非都市編定：農牧用地,1,1,全筆移轉,09060000
RPPNMLKMJILFFBV98CA,永福段,568.03,非都市：風景區 ; 非都市編定：農牧用地,1,1,全筆移轉,09450000
RPPNMLLJKILFFBV88CA,玉港段,1288.60,非都市：風景區 ; 非都市編定：農牧用地,1,1,全筆移轉,02110000
RPRNMLRJKILFFBV07CA,八仙洞段,916.63,非都市：風景區 ; 非都市編定：農牧用地,1,1,全筆移轉,13510000
RPQNMLQJKILFFCV96CA,福原段,8.34,都市：商,1,1,全筆移轉,01920001
RPRNMLQJKILFFCV07CA,福原段,7.75,都市：商,1,1,全筆移轉,01910002
RPRNMLQJKILFFCV07CA,福原段,10.92,都市：商,1,1,全筆移轉,01920002
RPRNMLQJKILFFCV07CA,福原段,3.06,都市：商,1,1,全筆移轉,01920003
RPSNMLMJKILFFAV56CA,台東段,177.00,都市：住,1,1,全筆移轉,16000000
RPPNMLMJKILFFAV88CA,東海段,98.68,都市：住,1,1,全筆移轉,06830006
RPPNMLQJKILFFAV66CA,台東段,12.64,都市：住,100000,781,持分移轉,00040009
RPWNMLMJKILFFAV96CA,台東段,20.99,都市：住,10000,281,持分移轉,18290000
RPQNMLQJKILFFAV76CA,自強段,88.00,都市：住,1,1,全筆移轉,04190000
RPOOMLPJKILFFAV56CA,福德段,2717.88,非都市：山坡地保育區 ; 非都市編定：農牧用地,1,1,全筆移轉,00070000
RPPNMLLJKILFFAV88DA,普優瑪段,132.30,都市：住,1,1,全筆移轉,04350000
RPRNMLMJKILFFAV56DA,豐成段,123.94,非都市：特定農業區 ; 非都市編定：甲種建築用地,1,1,全筆移轉,01820004
RPVNMLPJKILFFAV17CA,自強段,94.60,都市：住,1,1,全筆移轉,10470002
RPTNMLMJKILFFAV66CA,豐年段,28.15,都市：住,1,1,全筆移轉,09540010
RPUNMLMJKILFFAV76CA,豐年段,141.74,都市：住,1,1,全筆移轉,09540017
RPTNMLMJKILFFAV66CA,豐年段,165.75,都市：住,1,1,全筆移轉,09540019
RPTNMLMJKILFFAV66CA,豐年段,.13,都市：住,1,1,全筆移轉,09540020
RPWNMLPJKILFFAV27CA,利家段,2723.00,非都市：特定農業區 ; 非都市編定：農牧用地,1,1,全筆移轉,60660001
RPPNMLPJKILFFAV56CA,順天段,197.01,都市：住,1,1,全筆移轉,07150000
RPPNMLPJKILFFAV56CA,順天段,3.08,都市：住,1,1,全筆移轉,07150001
RPRNMLMKKILFFAV66DA,台東段,16.72,都市：住,10000,131,持分移轉,18050000
RPRNMLPJKILFFAV86DA,南王段,86.01,都市：住,1,1,全筆移轉,00680000
RPTNMLRLKILFFDV77DA,嘉新段,232.11,非都市：鄉村區 ; 非都市編定：乙種建築用地,1,1,全筆移轉,07840000
RPSNMLNJJHMFFBV76DA,都蘭段,107.00,非都市：風景區 ; 非都市編定：交通用地,1,1,全筆移轉,12810006
RPOOMLQJKILFFAV66CA,台東段,46.00,都市：住,2,1,持分移轉,00010475
RPOOMLQJKILFFAV66CA,台東段,46.00,都市：住,2,1,持分移轉,00010475
RPUNMLQJKILFFAV17CA,南王段,51.06,都市：住,1,1,全筆移轉,06850000
RPUNMLQJKILFFAV17CA,南王段,34.36,都市：住,1,1,全筆移轉,06860000
RPWNMLQJKILFFAV37CA,台東段,4.35,都市：商,12000,59,持分移轉,05140000
RPWNMLQJKILFFAV37CA,台東段,.02,都市：商,12000,59,持分移轉,05140016
RPXNMLLLKILFFAV17CA,富岡南段,21.69,非都市：鄉村區 ; 非都市編定：乙種建築用地,1,1,全筆移轉,04790003
RPUNMLLLKILFFAV86CA,永清段,32.17,都市：住,1,1,全筆移轉,09300017
RPUNMLLLKILFFAV86CA,永清段,177.08,都市：住,1,1,全筆移轉,09410001
RPUNMLLLKILFFAV86CA,永清段,20.84,都市：住,1,1,全筆移轉,09420004
RPPOMLQJKILFFAV76CA,石山段,894.50,非都市：風景區 ; 非都市編定：農牧用地,2,1,持分移轉,03480015
RPPOMLQJKILFFAV76CA,石山段,597.50,非都市：風景區 ; 非都市編定：丙種建築用地,2,1,持分移轉,03480018
RPPOMLQJKILFFAV76CA,石山段,894.50,非都市：風景區 ; 非都市編定：農牧用地,2,1,持分移轉,03480015
RPPOMLQJKILFFAV76CA,石山段,597.50,非都市：風景區 ; 非都市編定：丙種建築用地,2,1,持分移轉,03480018
RPRNMLRJKILFFAV96CA,南清段,18.35,都市：其他:道,1,1,全筆移轉,06730001
RPRNMLRJKILFFAV96CA,南清段,260.91,都市：住,1,1,全筆移轉,07130016
RPTNMLRJKILFFAV17CA,豐谷段,124.00,都市：住,1,1,全筆移轉,02480000
RPQNMLRJKILFFAV86CA,豐年段,20.92,都市：住,23,1,持分移轉,00020067
RPQNMLRJKILFFAV86CA,豐年段,58.50,都市：住,1,1,全筆移轉,00030129
RPWNMLRJKILFFAV47CA,建本段,88.03,都市：住,1,1,全筆移轉,14440000
RPVNMLRJKILFFAV37CA,常德段,114.54,都市：住,1,1,全筆移轉,07460000
RPPNMLTKKILFFBV27DA,三仙段,122.63,非都市：鄉村區 ; 非都市編定：乙種建築用地,1,1,全筆移轉,09100000
RPPNMLSJKILFFCV17DA,龍田段,218.10,都市：住,1,1,全筆移轉,05680000
RPPNMLRJKILFFDV07CA,多良段,860.00,非都市：山坡地保育區 ; 非都市編定：丙種建築用地,1,1,全筆移轉,14890000
RPPNMLRKKILFFBV96CA,高原段,95.00,非都市：鄉村區 ; 非都市編定：乙種建築用地,1,1,全筆移轉,06210010
RPSNMLTLKILFFCV67CA,慶福段,135.53,都市：商,1,1,全筆移轉,05330000
RPPNMLSJKILFFBV96CA,都蘭段,3257.50,非都市：風景區 ; 非都市編定：農牧用地,2,1,持分移轉,06530000
RPPNMLSJKILFFBV96CA,都蘭段,77.00,非都市：風景區 ; 非都市編定：農牧用地,2,1,持分移轉,06530001
RPQNMLRJKILFFBV96CA,坪頂段,3000.00,非都市：風景區 ; 非都市編定：農牧用地,1,1,全筆移轉,06980000
RPPNMLMKKILFFBV09CA,玉港段,888.03,非都市：風景區 ; 非都市編定：農牧用地,1,1,全筆移轉,05230000
RPPNMLSJKILFFAV96DA,豐利段,30.38,都市：住,1,1,全筆移轉,02290000
RPPNMLSJKILFFAV96DA,豐利段,58.84,都市：住,1,1,全筆移轉,02300000
RPPNMLSJKILFFAV96DA,豐利段,8.68,都市：住,1,1,全筆移轉,02310000
RPTNMLPKKILFFBV27DA,高原段,290.00,非都市：森林區 ; 非都市編定：丙種建築用地,1,1,全筆移轉,14580000
RPQNMLSJKILFFCV27DA,豐泉段,127.68,都市：住,1,1,全筆移轉,08540000
RPQNMLKMKILFFBV56CA,南河段,197.95,都市：住,1,1,全筆移轉,03200000
RPRNMLSJKILFFAV07CA,新生段,3.00,都市：住,1,1,全筆移轉,13000001
RPRNMLSJKILFFAV07CA,新生段,129.00,都市：住,1,1,全筆移轉,14140006
RPSNMLSJKILFFAV17CA,新生段,224.00,都市：農,1,1,全筆移轉,16550039
RPRNMLNKKILFFAV66CA,上岩灣段,69.03,都市：住,100000,1632,持分移轉,01990000
RPPNMLMKKILFFAV98CA,富岡南段,548.15,非都市：鄉村區 ; 非都市編定：乙種建築用地,1,1,全筆移轉,02330000
RPPNMLTJKILFFAV96CA,利家段,278.00,非都市：鄉村區 ; 非都市編定：乙種建築用地,1,1,全筆移轉,81240000
RPPNMLTJKILFFAV96CA,利家段,873.00,非都市：鄉村區 ; 非都市編定：乙種建築用地,1,1,全筆移轉,81250000
RPWNMLNKKILFFAV17CA,南王段,79.64,都市：住,1,1,全筆移轉,02020000
RPRNMLTJKILFFAV17CA,自強段,104.00,都市：住,1,1,全筆移轉,05940001
RPSNMLTJKILFFAV27CA,東谷段,144.86,都市：住,1,1,全筆移轉,02080030
RPSNMLLLKILFFAV66CA,豐工段,1529.80,都市：工,1,1,全筆移轉,01180000
RPTNMLTJKILFFAV37CA,東谷段,83.77,都市：住,1,1,全筆移轉,02420000
RPPNMLKKKILFFAV78CA,台東段,3.31,都市：商,9996,39,持分移轉,04340001
SPPNMLKKKILFFAV88CA,台東段,1.27,都市：商,9996,15,持分移轉,04340001
RPSNMLNKKILFFAV76CA,豐康段,18.81,都市：住,10000,128,持分移轉,08260000
RPSNMLNKKILFFAV76CA,豐康段,7.14,都市：住,10000,128,持分移轉,08260001
RPQNMLMKKILFFBV56CA,和平南段,50.55,非都市：風景區 ; 非都市編定：農牧用地,1,1,全筆移轉,06000001
RPRNMLPKKILFFCV17DA,南山段,110.69,都市：住,1,1,全筆移轉,06340000
RPQNMLMKKILFFAV09CA,中山段,115.00,都市：住,1,1,全筆移轉,05350001
RPTNMLMKKILFFAV76CA,豐康段,149.20,都市：住,2,1,持分移轉,08160032
RPTNMLMKKILFFAV76CA,豐康段,149.20,都市：住,2,1,持分移轉,08160032
RPQNMLPKKILFFAV76CA,知本段,2000.00,非都市：特定農業區 ; 非都市編定：農牧用地,1,1,全筆移轉,80810002
RPTNMLPKKILFFAV07CA,中山段,115.00,都市：住,1,1,全筆移轉,04600000
RPWNMLLLKILFFAV07CA,興安段,137.45,都市：住,1,1,全筆移轉,03430000
RPVNMLTJKILFFAV57CA,南清段,84.36,都市：住,1,1,全筆移轉,07840000
RPVNMLKMKILFFAV96CA,新生段,1544.00,都市：農,1,1,全筆移轉,16080000
RPRNMLSLKILFFAV27CA,台東段,8.63,都市：商,72000,702,持分移轉,05140000
RPRNMLSLKILFFAV27CA,台東段,.05,都市：商,72000,702,持分移轉,05140016
RPRNMLKMKILFFAV56CA,新生段,275.00,都市：農,1,1,全筆移轉,16060001
RPUNMLKMKILFFAV86CA,新生段,695.50,都市：農,2,1,持分移轉,16070000
RPUNMLKMKILFFAV86CA,新生段,695.50,都市：農,2,1,持分移轉,16070000
RPRNMLOKKILFFAV76CA,永清段,112.79,都市：商,1,1,全筆移轉,06740001
RPPOMLNKKILFFAV56CA,公?西段,176.35,都市：農,1,1,全筆移轉,11740000
RPPOMLNKKILFFAV56CA,公?西段,542.50,都市：農,1,1,全筆移轉,13150000
RPQNMLQKKILFFAV86CA,利泰段,117.26,非都市：鄉村區 ; 非都市編定：乙種建築用地,10000,874,持分移轉,07140000
RPQNMLQKKILFFAV86CA,利泰段,4.07,非都市：鄉村區 ; 非都市編定：乙種建築用地,10000,874,持分移轉,07500000
RPTNMLNKKILFFAV86CA,東谷段,131.68,都市：住,1,1,全筆移轉,02080032
RPQNMLNKKILFFBV66CA,南都歷段,2642.90,非都市：風景區 ; 非都市編定：農牧用地,1,1,全筆移轉,03420000
RPQNMLNKKILFFBV66CA,南都歷段,2703.91,非都市：風景區 ; 非都市編定：農牧用地,1,1,全筆移轉,03420001
RPQNMLNKKILFFBV66CA,南都歷段,8039.93,非都市：風景區 ; 非都市編定：農牧用地,1,1,全筆移轉,03420002
RPQNMLNKKILFFBV66CA,南都歷段,12359.94,非都市：風景區 ; 非都市編定：農牧用地,1,1,全筆移轉,03420003
RPQNMLNKKILFFBV66CA,南都歷段,5160.10,非都市：風景區 ; 非都市編定：農牧用地,1,1,全筆移轉,03420004
RPQNMLNKKILFFBV66CA,南都歷段,187.04,非都市：風景區 ; 非都市編定：交通用地,1,1,全筆移轉,03440000
RPPNMLOKKILFFBV66CA,成功段,86.02,都市：住,271350,86020,持分移轉,07010000
RPPNMLQJJHMFFCV76CA,豐泉段,267.51,都市：住,1,1,全筆移轉,12090000
RPRNMLPKKILFFBV96CA,萬年段,60.00,非都市：鄉村區 ; 非都市編定：乙種建築用地,1,1,全筆移轉,08840002
RPQNMLPKKILFFBV86CA,萬年段,60.00,非都市：鄉村區 ; 非都市編定：乙種建築用地,1,1,全筆移轉,08840003
RPQNMLOKKILFFCV86CA,豐泉段,110.66,都市：住,10000,740,持分移轉,04920000
RPTNMLPKKILFFCV27CA,武陵段,491.00,非都市：鄉村區 ; 非都市編定：乙種建築用地,1,1,全筆移轉,05470001
RPTNMLPKKILFFCV27CA,武陵段,561.00,非都市：鄉村區 ; 非都市編定：乙種建築用地,1,1,全筆移轉,05470002
RPPNMLTLKILFFCV47DA,加拿段,5920.00,非都市：山坡地保育區 ; 非都市編定：農牧用地,5,2,持分移轉,03230000
RPPNMLOKKILFFDV96DA,大王段,10597.00,非都市：山坡地保育區 ; 非都市編定：農牧用地,1,1,全筆移轉,03710000
RPPNMLOKKILFFDV96DA,大王段,987.00,非都市：山坡地保育區 ; 非都市編定：農牧用地,1,1,全筆移轉,03710002
RPPNMLOKKILFFAV56CA,新生段,7.19,都市：住,10000,29,持分移轉,00440000
RPPNMLOKKILFFAV56CA,新生段,7.44,都市：住,10000,30,持分移轉,00440000
RPQNMLOKKILFFAV66CA,豐榮段,101.00,都市：住,1,1,全筆移轉,09600000
RPQNMLMLKILFFAV56CA,永豐段,288.17,都市：商,1,1,全筆移轉,01480001
RPRNMLKLKILFFCV66CA,錦富段,247.93,非都市：特定農業區 ; 非都市編定：農牧用地,3,1,持分移轉,08180000
RPRNMLKLKILFFCV66CA,錦富段,214.93,非都市：特定農業區 ; 非都市編定：農牧用地,3,1,持分移轉,08190000
RPRNMLKLKILFFCV66CA,錦富段,160.91,非都市：特定農業區 ; 非都市編定：農牧用地,3,1,持分移轉,08200000
RPRNMLKLKILFFCV66CA,錦富段,489.82,非都市：特定農業區 ; 非都市編定：農牧用地,3,1,持分移轉,08210000
RPRNMLKLKILFFCV66CA,錦富段,1598.02,非都市：特定農業區 ; 非都市編定：農牧用地,3,1,持分移轉,08220000
RPRNMLTKKILFFAV27CA,初鹿段,20163.00,非都市：山坡地保育區 ; 非都市編定：農牧用地,1,1,全筆移轉,26740000
RPRNMLTKKILFFAV27CA,初鹿段,5842.00,非都市：山坡地保育區 ; 非都市編定：農牧用地,1,1,全筆移轉,26740001
RPRNMLTKKILFFAV27CA,初鹿段,12490.00,非都市：山坡地保育區 ; 非都市編定：農牧用地,1,1,全筆移轉,26740002
RPPNMLPKKILFFAV66CA,建本段,23.81,都市：住,1,1,全筆移轉,14430000
RPUNMLPKKILFFCV47DA,瑞里段,161.43,非都市：鄉村區 ; 非都市編定：乙種建築用地,1,1,全筆移轉,02820000
RPPNMLQKKILFFCV07DA,瑞豐段,72.78,非都市：鄉村區 ; 非都市編定：乙種建築用地,1,1,全筆移轉,08070000
RPPNMLPKKILFFBV76CA,高原段,549.00,非都市：鄉村區 ; 非都市編定：乙種建築用地,1,1,全筆移轉,05570000
RPQNMLLLKILFFBV56CA,長光段,1000.22,非都市：風景區 ; 非都市編定：農牧用地,29,10,持分移轉,00860000
RPPNMLQKKILFFBV86CA,萬年段,209.00,非都市：鄉村區 ; 非都市編定：乙種建築用地,1,1,全筆移轉,04990000
RPPNMLQKKILFFBV86CA,萬年段,208.00,非都市：鄉村區 ; 非都市編定：乙種建築用地,1,1,全筆移轉,04990001
RPPNMLQKKILFFBV86CA,萬年段,208.00,非都市：鄉村區 ; 非都市編定：乙種建築用地,1,1,全筆移轉,04990002
RPPNMLQKKILFFBV86CA,萬年段,36.00,非都市：鄉村區 ; 非都市編定：乙種建築用地,1,1,全筆移轉,05000000
RPPNMLQKKILFFBV86CA,萬年段,197.00,非都市：鄉村區 ; 非都市編定：乙種建築用地,1,1,全筆移轉,05000003
RPRNMLPKKILFFAV86CA,永樂段,76.00,都市：住,1,1,全筆移轉,00100021
RPSNMLTLKILFFAV57DA,知本段,2019.00,非都市：特定農業區 ; 非都市編定：農牧用地,1,1,全筆移轉,82030000
RPQNMLKMKILFFAV56DA,中正段,93.00,都市：住,1,1,全筆移轉,11380000
RPPNMLKLKILFFAV88CA,豐田段,3.40,都市：農,20,1,持分移轉,13660000
RPPNMLKLKILFFAV88CA,豐田段,3.40,都市：農,20,1,持分移轉,13660000
RPPNMLKLKILFFAV88CA,豐田段,.60,都市：農,20,1,持分移轉,13660001
RPPNMLKLKILFFAV88CA,豐田段,.60,都市：農,20,1,持分移轉,13660001
RPPNMLKLKILFFAV88CA,豐田段,47.55,都市：農,20,1,持分移轉,15380000
RPPNMLKLKILFFAV88CA,豐田段,47.55,都市：農,20,1,持分移轉,15380000
RPPNMLKLKILFFAV88CA,豐田段,15.80,都市：農,20,1,持分移轉,15380001
RPPNMLKLKILFFAV88CA,豐田段,15.80,都市：農,20,1,持分移轉,15380001
RPPNMLKLKILFFAV88CA,豐田段,25.10,都市：農,20,1,持分移轉,15380002
RPPNMLKLKILFFAV88CA,豐田段,25.10,都市：農,20,1,持分移轉,15380002
RPSNMLKLKILFFAV56CA,利泰段,869.03,非都市：山坡地保育區 ; 非都市編定：農牧用地,5,1,持分移轉,02130000
RPSNMLKLKILFFAV56CA,利泰段,630.89,非都市：山坡地保育區 ; 非都市編定：農牧用地,5,1,持分移轉,02140000
RPSNMLQKKILFFAV07CA,普優瑪段,77.36,都市：住,1,1,全筆移轉,00890000
RPPNMLMLKILFFAV09CA,豐康段,88.40,都市：住,1,1,全筆移轉,09700000
RPWNMLNLKILFFAV27CA,利家段,2812.00,非都市：特定農業區 ; 非都市編定：農牧用地,1,1,全筆移轉,52530000
RPUNMLRLKILFFAV47CA,利家段,2518.00,非都市：特定農業區 ; 非都市編定：農牧用地,1,1,全筆移轉,51940000
RPPNMLTKKILFFAV07CA,青林段,504.47,都市：農,1,1,全筆移轉,08180000
RPPNMLTKKILFFAV07CA,青林段,37.01,都市：其他:用地,1,1,全筆移轉,08180001
RPXNMLRLKILFFAV77CA,台東段,22.00,都市：商,1,1,全筆移轉,01040004
RPQNMLTKKILFFAV17CA,豐谷段,64.00,都市：住,1,1,全筆移轉,05110000
RPUNMLKLKILFFAV76CA,利泰段,869.03,非都市：山坡地保育區 ; 非都市編定：農牧用地,5,1,持分移轉,02130000
RPUNMLKLKILFFAV76CA,利泰段,630.89,非都市：山坡地保育區 ; 非都市編定：農牧用地,5,1,持分移轉,02140000
RPTNMLKLKILFFAV66CA,利泰段,869.03,非都市：山坡地保育區 ; 非都市編定：農牧用地,5,1,持分移轉,02130000
RPTNMLKLKILFFAV66CA,利泰段,630.89,非都市：山坡地保育區 ; 非都市編定：農牧用地,5,1,持分移轉,02140000
RPOOMLLLKILFFAV98CA,岩灣段,113.14,都市：住,1,1,全筆移轉,00320006
RPPNMLLLKILFFAV98CA,台東段,24.54,都市：住,10000,227,持分移轉,00840000
RPQNMLNJJHMFFAV98CA,馬蘭段,153.00,都市：住,1,1,全筆移轉,15950002
RPQNMLTKKILFFCV47DA,鸞山段,3240.00,非都市：山坡地保育區 ; 非都市編定：農牧用地,1,1,全筆移轉,08570000
RPPNMLTKKILFFCV37DA,福原段,43.23,都市：商,1,1,全筆移轉,01660000
RPPNMLTKKILFFCV37DA,福原段,3.93,都市：商,1,1,全筆移轉,01680001
RPQNMLKLKILFFCV66DA,坪頂段,4874.67,非都市：山坡地保育區 ; 非都市編定：農牧用地,1,1,全筆移轉,03350000
RPPNMLMLKILFFCV76DA,中華段,59.01,都市：住,1,1,全筆移轉,05590000
RPPNMLTKKILFFDV47DA,都哇拔段,175.40,非都市：鄉村區 ; 非都市編定：乙種建築用地,1,1,全筆移轉,00340000
RPSNMLLLKILFFBV76CA,中濱段掃別小段,887.00,非都市：風景區 ; 非都市編定：農牧用地,1,1,全筆移轉,02140002
RPSNMLLLKILFFBV76CA,中濱段掃別小段,2400.00,非都市：風景區 ; 非都市編定：農牧用地,1,1,全筆移轉,02140006
RPTNMLLLKILFFBV86CA,永福段,674.92,非都市：風景區 ; 非都市編定：農牧用地,1,1,全筆移轉,01950000
RPTNMLLLKILFFBV86CA,永福段,5247.68,非都市：風景區 ; 非都市編定：農牧用地,1,1,全筆移轉,01960000
RPUNMLLLKILFFBV96CA,北八里段,2266.25,非都市：風景區 ; 非都市編定：農牧用地,1,1,全筆移轉,00730000
RPQNMLRLKILFFAV07CA,台東段,14.93,都市：住,10000,117,持分移轉,18050000
RPPNMLKLKILFFCV09CA,豐泉段,363.64,都市：住,1,1,全筆移轉,07870001
RPWNMLQLKILFFAV57CA,普優瑪段,77.96,都市：住,1,1,全筆移轉,00640000
RPOOMLNLKILFFAV56CA,豐谷段,91.00,都市：住,1,1,全筆移轉,05730000
RPQNMLKLKILFFBV09CA,高原段,3986.00,非都市：森林區 ; 非都市編定：農牧用地,1,1,全筆移轉,04370000
RPRNMLKLKILFFBV56CA,高原段,5230.00,非都市：森林區 ; 非都市編定：農牧用地,1,1,全筆移轉,20920000
RPTNMLSLKILFFAV57DA,建華段,534.36,都市：其他:道路,1,1,全筆移轉,15400000
RPVNMLLLKILFFBV17DA,北都歷段,309.60,非都市：鄉村區 ; 非都市編定：乙種建築用地,1,1,全筆移轉,08700000
RPTNMLKLKILFFDV96CA,荒野段,5000.00,非都市：一般農業區 ; 非都市編定：農牧用地,1,1,全筆移轉,09210000
RPVNMLNJJHMFFBV07DA,小馬東段,3693.72,非都市：風景區 ; 非都市編定：農牧用地,1,1,全筆移轉,01270000
RPVNMLNJJHMFFBV07DA,小馬東段,25.19,非都市：風景區 ; 非都市編定：交通用地,1,1,全筆移轉,01330000
RPSNMLKLKILFFDV86CA,多良段,2500.00,非都市：山坡地保育區 ; 非都市編定：農牧用地,1,1,全筆移轉,04890004
RPQNMLKLKILFFDV66CA,多良段,2500.00,非都市：山坡地保育區 ; 非都市編定：農牧用地,1,1,全筆移轉,04890000
RPSNMLSLKILFFAV47DA,建華段,139.26,都市：其他:道路,1,1,全筆移轉,15680000
RPPNMLMKKILFFDV66CA,秀山段,8.36,都市：住,10000,26,持分移轉,07280000
RPPNMLQLKILFFDV17CA,秀山段,1200.12,都市：其他:保護區,1,1,全筆移轉,09700000
RPPNMLQLKILFFDV17CA,秀山段,35.12,都市：其他:道路,1,1,全筆移轉,09700001
RPPNMLQLKILFFDV17CA,秀山段,110.59,都市：其他:道路,1,1,全筆移轉,09720000
RPPNMLQLKILFFDV17CA,樂山段,5259.34,非都市：山坡地保育區 ; 非都市編定：農牧用地,1,1,全筆移轉,06570000
RPPNMLQLKILFFDV17CA,樂山段,10477.05,非都市：山坡地保育區 ; 非都市編定：農牧用地,1,1,全筆移轉,06570001
RPUNMLSLKILFFAV67DA,建華段,290.98,都市：其他:道路,1,1,全筆移轉,15690000
RPWNMLSLKILFFAV87DA,建華段,315.18,都市：其他:道路,1,1,全筆移轉,15790001
RPVNMLSLKILFFAV77DA,建華段,169.09,都市：其他:道路,1,1,全筆移轉,15790000
RPXNMLSLKILFFAV97DA,建華段,104.13,都市：其他:道路,1,1,全筆移轉,15790002
RPQOMLSLKILFFAV37DA,建華段,107.36,都市：其他:道路,1,1,全筆移轉,16280000
RPOOMLSLKILFFAV17DA,建華段,73.27,都市：其他:道路,1,1,全筆移轉,15840000
RPROMLSLKILFFAV47DA,建華段,362.40,都市：其他:道路,5,2,持分移轉,15930000
RPPOMLSLKILFFAV27DA,建華段,76.31,都市：其他:道路,1,1,全筆移轉,15900000
RPSOMLSLKILFFAV57DA,建華段,90.60,都市：其他:道路,10,1,持分移轉,15930000
RPOOMLRLKILFFAV96CA,中心段,32.00,都市：住,1,1,全筆移轉,12480001
RPVNMLLLKILFFAV96CA,東農段,155.90,非都市：特定農業區 ; 非都市編定：甲種建築用地,1,1,全筆移轉,01670000
RPVNMLLLKILFFAV96CA,東農段,1125.48,非都市：特定農業區 ; 非都市編定：農牧用地,1,1,全筆移轉,01680000
RPVNMLKLKILFFAV86CA,利泰段,869.03,非都市：山坡地保育區 ; 非都市編定：農牧用地,5,1,持分移轉,02130000
RPVNMLKLKILFFAV86CA,利泰段,630.89,非都市：山坡地保育區 ; 非都市編定：農牧用地,5,1,持分移轉,02140000
RPQNMLLLKILFFAV09CA,建華段,1932.01,非都市：特定農業區 ; 非都市編定：農牧用地,1,1,全筆移轉,01800000
RPWNMLKLKILFFAV96CA,利泰段,869.03,非都市：山坡地保育區 ; 非都市編定：農牧用地,5,1,持分移轉,02130000
RPWNMLKLKILFFAV96CA,利泰段,630.89,非都市：山坡地保育區 ; 非都市編定：農牧用地,5,1,持分移轉,02140000
RPQNMLMJJHMFFAV88CA,東谷段,131.65,都市：住,1,1,全筆移轉,02080038
RPVNMLNJJHMFFAV86CA,建成段,140.26,都市：住,1,1,全筆移轉,00370000
RPWNMLNJJHMFFAV96CA,建成段,136.41,都市：住,1,1,全筆移轉,00370001
RPTOMLSLKILFFAV67DA,建華段,181.20,都市：其他:道路,5,1,持分移轉,15930000
RPUOMLSLKILFFAV77DA,建華段,30.20,都市：其他:道路,30,1,持分移轉,15930000
RPPNMLNLKILFFBV66CA,田組段,2505.04,非都市：風景區 ; 非都市編定：農牧用地,1,1,全筆移轉,03820000
RPPNMLQLKILFFBV07DA,和平南段,2400.00,非都市：風景區 ; 非都市編定：農牧用地,1,1,全筆移轉,08300000
RPPNMLTLKILFFAV27DA,建華段,30.20,都市：其他:道路,30,1,持分移轉,15930000
RPPNMLNLKILFFCV76CA,慶福段,96.86,都市：住,1,1,全筆移轉,06620000
RPPNMLNLKILFFCV76CA,慶福段,96.86,都市：住,1,1,全筆移轉,06620001
RPPNMLNLKILFFCV76CA,慶福段,96.85,都市：住,1,1,全筆移轉,06620002
RPTNMLNJJHMFFAV66CA,南清段,182.89,都市：住,1,1,全筆移轉,02650005
RPRNMLRLKILFFAV17CA,台東段,153.00,都市：住,1,1,全筆移轉,20110004
RPUNMLNJJHMFFAV76CA,建興段,38.00,都市：住,1,1,全筆移轉,04450000
RPUNMLNJJHMFFAV76CA,建興段,50.00,都市：住,1,1,全筆移轉,04460000
RPXNMLMLKILFFAV27CA,台東段,200.00,都市：住,1,1,全筆移轉,01600463
RPXNMLMLKILFFAV27CA,台東段,114.00,都市：住,1,1,全筆移轉,01600464
RPWNMLMLKILFFAV17CA,東谷段,158.05,都市：住,1,1,全筆移轉,02080028
RPRNMLMLKILFFAV66CA,德安段,143.70,都市：住,1,1,全筆移轉,03350000
RPRNMLMLKILFFAV66CA,德安段,7.24,都市：住,15,1,持分移轉,03360000
RPRNMLMLKILFFAV66CA,德安段,.34,都市：住,15,1,持分移轉,03360001
RPRNMLMLKILFFAV66CA,德安段,9.13,都市：住,15,1,持分移轉,03460000
RPRNMLMLKILFFAV66CA,德安段,1.29,都市：住,15,1,持分移轉,03460001
RPRNMLNLKILFFAV76CA,岩灣段,237.08,都市：住,1,1,全筆移轉,00620003
RPQNMLNLKILFFAV66CA,東海段,1.62,都市：住,10000,42,持分移轉,01300002
RPQNMLNLKILFFAV66CA,東海段,25.08,都市：住,10000,42,持分移轉,01300000
RPSNMLMLKILFFAV76CA,北南王段,97.96,都市：住,1,1,全筆移轉,05870000
RPOOMLMLKILFFAV09CA,東谷段,131.66,都市：住,1,1,全筆移轉,02080034
RPPOMLMLKILFFAV56CA,台東段,10.23,都市：住,20000,136,持分移轉,20080000
RPUNMLMLKILFFAV96CA,台東段,14.00,都市：其他:道路用地,1,1,全筆移轉,00030497
RPUNMLNLKILFFAV07CA,台東段,63.00,都市：住,1,1,全筆移轉,01500035
RPXNMLNLKILFFAV37CA,岩灣段,134.12,都市：住,1,1,全筆移轉,00460014
RPRNMLQLKILFFAV07CA,岩灣段,245.11,都市：住,1,1,全筆移轉,00290000
RPVNMLMLKILFFAV07CA,台東段,75.00,都市：住,1,1,全筆移轉,01600356
RPVNMLMLKILFFAV07CA,台東段,75.00,都市：住,1,1,全筆移轉,01601113
RPPNMLRLKILFFAV96CA,台東段,36.00,都市：商,2,1,持分移轉,01040028
RPPNMLRLKILFFAV96CA,台東段,36.00,都市：商,2,1,持分移轉,01040028
RPPNMLRLKILFFAV96CA,台東段,3.00,都市：商,2,1,持分移轉,01040066
RPPNMLRLKILFFAV96CA,台東段,3.00,都市：商,2,1,持分移轉,01040066
RPSNMLQLKILFFAV17CA,德安段,22.88,都市：住,30000,183,持分移轉,00630000
RPSNMLQLKILFFAV17CA,德安段,.16,都市：住,30000,183,持分移轉,00630001
RPSNMLQLKILFFAV17CA,德安段,2.11,都市：住,30000,183,持分移轉,00630002
RPSNMLQLKILFFAV17CA,德安段,.04,都市：住,30000,183,持分移轉,00630003
RPXNMLTLKILFFAV97CA,南王段,2.53,都市：住,1,1,全筆移轉,04240001
RPXNMLTLKILFFAV97CA,南王段,2.74,都市：住,1,1,全筆移轉,04240002
RPXNMLTLKILFFAV97CA,南王段,6.82,都市：住,1,1,全筆移轉,04370005
RPXNMLTLKILFFAV97CA,南王段,177.06,都市：住,1,1,全筆移轉,04240000
RPVOMLSLKILFFAV87DA,建華段,30.20,都市：其他:道路,30,1,持分移轉,15930000
RPPNMLOJJHMFFAV98CA,東谷段,94.49,都市：住,1,1,全筆移轉,03720000
RPWOMLSLKILFFAV97DA,建華段,181.20,都市：其他:道路,5,1,持分移轉,15930000
RPRNMLNLKILFFBV86CA,小馬東段,2718.49,非都市：風景區 ; 非都市編定：農牧用地,1,1,全筆移轉,01760000
RPPNMLPJJHMFFCV66CA,龍田段,143.49,都市：住,1,1,全筆移轉,11860002
RPTNMLNJJHMFFBV76CA,北八里段,3794.88,非都市：風景區 ; 非都市編定：農牧用地,1,1,全筆移轉,04990000
SPPNMLPJJHMFFCV76CA,龍田段,120.92,都市：住,1,1,全筆移轉,11860001
TPPNMLPJJHMFFCV86CA,龍田段,162.74,都市：住,1,1,全筆移轉,11860000
UPPNMLPJJHMFFCV96CA,龍田段,136.26,都市：住,1,1,全筆移轉,11490009
RPTNMLQLKILFFAV27CA,公?西段,926.79,都市：農,1,1,全筆移轉,13540000
RPTNMLQLKILFFAV27CA,公?西段,156.90,都市：其他:道路,1,1,全筆移轉,13550000
RPPNMLPLKILFFAV76CA,豐利段,26.69,都市：其他:道路用地,20,1,持分移轉,07770009
RPPNMLPLKILFFAV76CA,豐利段,117.99,都市：住,1,1,全筆移轉,07770029
RPTNMLRLKILFFAV37CA,知本段,2000.00,非都市：特定農業區 ; 非都市編定：農牧用地,1,1,全筆移轉,81230000
RPVNMLRLKILFFAV57CA,中正段,127.00,都市：住,1,1,全筆移轉,02360003
RPWNMLRLKILFFAV67CA,豐工段,1242.63,都市：其他:乙種工業區,1,1,全筆移轉,00620000
RPQNMLSLKILFFAV17CA,中心段,88.00,都市：住,1,1,全筆移轉,13570000
RPUNMLTLKILFFAV67CA,德安段,100.19,都市：住,1,1,全筆移轉,03390000
RPUNMLTLKILFFAV67CA,德安段,7.24,都市：住,30,2,持分移轉,03360000
RPUNMLTLKILFFAV67CA,德安段,.34,都市：住,30,2,持分移轉,03360001
RPUNMLTLKILFFAV67CA,德安段,9.13,都市：住,30,2,持分移轉,03460000
RPUNMLTLKILFFAV67CA,德安段,1.29,都市：住,30,2,持分移轉,03460001
RPSNMLNJJHMFFAV56CA,新中寮段,13.92,都市：其他:學校用地,3,1,持分移轉,15120000
RPSNMLNJJHMFFAV56CA,新中寮段,74.74,都市：其他:道路用地,3,1,持分移轉,15130000
RPSNMLNJJHMFFAV56CA,新中寮段,82.08,都市：其他:市場用地,3,1,持分移轉,15150000
RPPNMLOJJHMFFCV56CA,西莊段,8102.70,非都市：特定農業區 ; 非都市編定：農牧用地,1,1,全筆移轉,07980000
RPSNMLTLKILFFBV67DA,玉港段,6624.51,非都市：風景區 ; 非都市編定：農牧用地,1,1,全筆移轉,05740000
RPSNMLRLKILFFDV67DA,秀山段,10.39,都市：商,10000,9,持分移轉,07230000
RPSNMLRLKILFFDV67DA,秀山段,.00,都市：商,10000,9,持分移轉,07230001
RPPNMLRLKILFFCV27DA,電光段,97.40,非都市：鄉村區 ; 非都市編定：乙種建築用地,1,1,全筆移轉,06000000
RPPNMLRLKILFFCV27DA,電光段,57.52,非都市：鄉村區 ; 非都市編定：交通用地,1,1,全筆移轉,06010000
RPRNMLTLKILFFCV67DA,大埔段,14.95,都市：住,1,1,全筆移轉,01770002
RPRNMLTLKILFFCV67DA,大埔段,336.91,都市：住,1,1,全筆移轉,01780002
RPPNMLSLKILFFAV17DA,中山段,117.00,都市：住,1,1,全筆移轉,03470000
RPRNMLQJJHMFFBV86CA,南八里段,1930.17,非都市：風景區 ; 非都市編定：農牧用地,1,1,全筆移轉,03570000
RPRNMLOJJHMFFBV66CA,富民段,619.74,非都市：風景區 ; 非都市編定：殯葬用地,1,1,全筆移轉,04360000
RPRNMLOJJHMFFBV66CA,富民段,574.85,非都市：風景區 ; 非都市編定：殯葬用地,1,1,全筆移轉,04370000
RPPNMLSLKILFFBV17CA,忠勇段,.22,都市：住,1,1,全筆移轉,06830001
RPPNMLSLKILFFBV17CA,忠勇段,.22,都市：住,1,1,全筆移轉,06830002
RPSNMLKMKILFFBV76CA,加走灣段,45.60,非都市：鄉村區 ; 非都市編定：乙種建築用地,6,1,持分移轉,05130000
RPRNMLNJJHMFFAV09CA,台東段,8.33,都市：住,3,1,持分移轉,01670032
RPRNMLNJJHMFFAV09CA,台東段,30.33,都市：住,3,1,持分移轉,01670000
RPRNMLLJJHMFFAV88CA,岩灣段,56.46,都市：住,2,1,持分移轉,00320005
RPRNMLLJJHMFFAV88CA,岩灣段,56.46,都市：住,2,1,持分移轉,00320005
RPPNMLKMKILFFAV98CA,煙草間段,2.78,非都市：特定農業區 ; 非都市編定：甲種建築用地,22,1,持分移轉,02100000
RPPNMLKMKILFFAV98CA,煙草間段,97.24,非都市：特定農業區 ; 非都市編定：甲種建築用地,1,1,全筆移轉,02180000
RPPNMLKMKILFFAV98CA,煙草間段,21.30,非都市：特定農業區 ; 非都市編定：甲種建築用地,22,1,持分移轉,02110000
RPPNMLKMKILFFAV98CA,煙草間段,5.17,非都市：特定農業區 ; 非都市編定：甲種建築用地,22,1,持分移轉,02080000
RPPNMLMJJHMFFAV78CA,岩灣段,125.23,都市：住,1,1,全筆移轉,00320007
RPVOMLSKJHMFFAV57CA,台東段,49.00,都市：住,2,1,持分移轉,05440005
RPXOMLSLKILFFAV97CA,台東段,39.00,都市：住,1,1,全筆移轉,06530028
RPXOMLSLKILFFAV97CA,台東段,11.00,都市：住,1,1,全筆移轉,06530044
RPPPMLSLKILFFAV27CA,豐年段,112.16,都市：其他:道路用地,20000,6385,持分移轉,09880003
RPPPMLSLKILFFAV27CA,豐年段,67.43,都市：農,1,1,全筆移轉,09880004
RPPPMLSLKILFFAV27CA,豐年段,252.38,都市：住,1,1,全筆移轉,09880005
RPPNMLNJJHMFFAV88CA,豐年段,117.74,都市：住,1,1,全筆移轉,09600013
RPPNMLLJJHMFFAV68CA,射馬干段,2000.00,非都市：特定農業區 ; 非都市編定：農牧用地,1,1,全筆移轉,01720000
RPRNMLTLKILFFBV47CA,高原段,8.00,非都市：鄉村區 ; 非都市編定：乙種建築用地,1,1,全筆移轉,05600016
RPRNMLNJJHMFFBV56CA,永福段,2178.72,非都市：風景區 ; 非都市編定：農牧用地,1,1,全筆移轉,00790000
RPQNMLNJJHMFFDV76DA,復興段,49.94,都市：住,1,1,全筆移轉,04370000
RPQNMLNJJHMFFDV76DA,復興段,39.81,都市：住,1,1,全筆移轉,04380000
RPSNMLKMKILFFCV96DA,水井段,437.50,非都市：特定農業區 ; 非都市編定：農牧用地,1,1,全筆移轉,11280000
RPSNMLKMKILFFCV96DA,水井段,3000.00,非都市：特定農業區 ; 非都市編定：農牧用地,1,1,全筆移轉,11320001
RPSNMLKMKILFFCV96DA,水井段,3067.51,非都市：特定農業區 ; 非都市編定：農牧用地,1,1,全筆移轉,11320002
RPSNMLKLJHMFFBV66DA,南八里段,3334.24,非都市：風景區 ; 非都市編定：農牧用地,2,1,持分移轉,06570000
RPQNMLNJJHMFFCV66DA,萬朝段,1511.48,非都市：一般農業區 ; 非都市編定：農牧用地,1,1,全筆移轉,06620000
RPQNMLNJJHMFFCV66DA,萬朝段,1000.96,非都市：一般農業區 ; 非都市編定：農牧用地,1,1,全筆移轉,06660000
RPVNMLRKJHMFFAV37CA,泰安段,250.20,非都市：一般農業區 ; 非都市編定：農牧用地,1,1,全筆移轉,03280000
RPPNMLNKJHMFFCV66DA,里?段,63.52,都市：其他:倉儲區,2,1,持分移轉,01570000
RPPNMLNKJHMFFCV66DA,里?段,2.61,都市：其他:倉儲區,4,1,持分移轉,01560000
RPXNMLTJJHMFFAV67CA,台東段,42.93,都市：住,60,16,持分移轉,01600114
RPPNMLNKJHMFFCV66DA,里?段,1.98,都市：其他:道路用地,2,1,持分移轉,01550000
RPTNMLKLJHMFFBV76DA,南八里段,520.24,非都市：風景區 ; 非都市編定：農牧用地,1,1,全筆移轉,06580000
RPPNMLSJJHMFFCV96CA,慶福段,153.17,都市：商,1,1,全筆移轉,01510000
RPPNMLSJJHMFFCV96CA,慶福段,19.01,都市：其他:廣場用地,1,1,全筆移轉,01540000
RPPNMLSJJHMFFCV96CA,慶福段,3.65,都市：其他:停車場用地,1,1,全筆移轉,01540001
RPTNMLKMKILFFAV86DA,東海段,102.48,都市：住,1,1,全筆移轉,03120001
RPPNMLLMKILFFBV56CA,永福段,454.15,非都市：風景區 ; 非都市編定：農牧用地,1,1,全筆移轉,08990000
RPRNMLTJJHMFFAV07CA,新園段,3751.00,非都市：特定農業區 ; 非都市編定：農牧用地,1,1,全筆移轉,01310001
RPSNMLTJJHMFFAV17CA,利泰段,117.07,非都市：一般農業區 ; 非都市編定：交通用地,1,1,全筆移轉,00590001
RPTNMLTJJHMFFAV27CA,利泰段,40.93,非都市：一般農業區 ; 非都市編定：交通用地,1,1,全筆移轉,00990000
RPSNMLKMKILFFAV66CA,普優瑪段,102.94,都市：住,1,1,全筆移轉,02410002
RPQNMLQKJHMFFAV76CA,豐航段,138.15,都市：商,1,1,全筆移轉,05420000
RPQNMLLJJHMFFAV78CA,東谷段,158.04,都市：住,1,1,全筆移轉,02080029
RPUNMLTJJHMFFAV37CA,中心段,109.00,都市：住,1,1,全筆移轉,07510000
RPPNMLKMKILFFCV56CA,溪埔段,1786.37,都市：工,1,1,全筆移轉,10240000
RPPNMLKMKILFFCV56CA,溪埔段,7.34,都市：其他:鐵路用地,1,1,全筆移轉,10160000
RPPNMLKMKILFFCV56CA,溪埔段,220.25,都市：其他:水利用地,1,1,全筆移轉,10170000
RPPNMLKMKILFFCV56CA,溪埔段,90.54,都市：其他:道路用地,1,1,全筆移轉,10180000
RPPNMLKMKILFFCV56CA,溪埔段,2956.11,都市：工,1,1,全筆移轉,10230000
RPPNMLNJJHMFFCV09CA,豐泉段,121.21,都市：住,1,1,全筆移轉,12060002
RPQNMLNJJHMFFBV09CA,忠勇段,117.41,都市：住,1,1,全筆移轉,07130001
RPPNMLPJJHMFFBV56CA,新竹湖段,1853.79,非都市：風景區 ; 非都市編定：農牧用地,1,1,全筆移轉,03030000
RPPNMLPJJHMFFBV56CA,新竹湖段,2200.36,非都市：風景區 ; 非都市編定：農牧用地,1,1,全筆移轉,03140000
RPPNMLPJJHMFFBV56CA,新竹湖段,1058.68,非都市：風景區 ; 非都市編定：農牧用地,1,1,全筆移轉,03270000
RPWNMLNJJHMFFBV17DA,忠仁段,93.58,都市：住,1,1,全筆移轉,11280000
RPRNMLLKJHMFFAV98CA,東海段,300.00,都市：住,52348,30000,持分移轉,05020000
RPWNMLNLJHMFFAV27DA,東海段,29.61,都市：商,100,30,持分移轉,06420001
RPSNMLOJJHMFFBV86DA,三仙段,267.99,非都市：鄉村區 ; 非都市編定：乙種建築用地,1,1,全筆移轉,10380000
RPQNMLQJJHMFFBV86DA,新港段八邊小段,2006.00,非都市：風景區 ; 非都市編定：農牧用地,1,1,全筆移轉,02270007
RPUNMLNJJHMFFBV86CA,南八里段,1044.68,非都市：風景區 ; 非都市編定：農牧用地,2,1,持分移轉,09150000
RPQNMLOJJHMFFBV56CA,都豐段,195.41,非都市：鄉村區 ; 非都市編定：乙種建築用地,1,1,全筆移轉,07750000
RPVNMLPJJHMFFAV07CA,永和段,117.46,都市：住,1,1,全筆移轉,02170000
RPVNMLPJJHMFFAV07CA,永和段,2.81,都市：其他:道路,1,1,全筆移轉,02180000
RPWNMLPJJHMFFAV17CA,下賓朗段,109.83,非都市：鄉村區 ; 非都市編定：乙種建築用地,1,1,全筆移轉,02080000
RPWNMLPJJHMFFAV17CA,下賓朗段,18.50,非都市：鄉村區 ; 非都市編定：乙種建築用地,300,20,持分移轉,02140000
RPPNMLQJJHMFFAV56CA,知本段,4750.00,非都市：特定農業區 ; 非都市編定：農牧用地,1,1,全筆移轉,82540000
RPSNMLOJJHMFFAV66CA,岩灣段,518.78,都市：住,1,1,全筆移轉,04190000
RPRNMLOJJHMFFAV56CA,利家段,90.00,非都市：特定農業區 ; 非都市編定：甲種建築用地,1,1,全筆移轉,75860049
RPTNMLQJJHMFFAV96CA,永清段,91.69,都市：農,1,1,全筆移轉,00930004
RPTNMLQJJHMFFAV96CA,永清段,29.98,都市：農,1,1,全筆移轉,00930005
RPSNMLOLJHMFFAV86CA,福德段,300.00,非都市：山坡地保育區 ; 非都市編定：丙種建築用地,1,1,全筆移轉,04760005
RPSNMLOLJHMFFAV86CA,福德段,600.00,非都市：山坡地保育區 ; 非都市編定：丙種建築用地,1,1,全筆移轉,04760006
RPSNMLOLJHMFFAV86CA,福德段,600.00,非都市：山坡地保育區 ; 非都市編定：丙種建築用地,1,1,全筆移轉,04760007
RPSNMLOLJHMFFAV86CA,福德段,252.97,非都市：山坡地保育區 ; 非都市編定：丙種建築用地,1,1,全筆移轉,04760008
RPPNMLOKJHMFFAV09CA,豐利段,65.90,都市：住,1,1,全筆移轉,06650000
SPPNMLOKJHMFFAV56CA,豐利段,66.24,都市：住,1,1,全筆移轉,06640000
RPQNMLOKJHMFFAV56CA,豐利段,65.99,都市：住,1,1,全筆移轉,06660000
RPVNMLQKJHMFFAV27CA,建國段,241.00,都市：住,1,1,全筆移轉,02310000
RPVNMLQKJHMFFAV27CA,建國段,241.00,都市：住,1,1,全筆移轉,02310001
RPVNMLQKJHMFFAV27CA,建國段,82.49,都市：其他:私設道路,24,8,持分移轉,02430000
RPVNMLQKJHMFFAV27CA,建國段,5.85,都市：其他:私設道路,24,8,持分移轉,02430001
RPPNMLQJJHMFFBV66CA,新竹湖段,256.77,非都市：鄉村區 ; 非都市編定：乙種建築用地,1,1,全筆移轉,08560000
RPPNMLSKJHMFFCV07CA,南山段,72.58,都市：住,1,1,全筆移轉,06420000
RPPNMLSKJHMFFCV07CA,南山段,36.54,都市：住,1,1,全筆移轉,06430000
RPPNMLKKJHMFFDV09DA,蘭里段,1054.94,非都市：山坡地保育區 ; 非都市編定：農牧用地,2,1,持分移轉,06530000
RPOOMLQKJHMFFAV66CA,岩灣段,198.19,都市：住,1,1,全筆移轉,00940000
RPTNMLKKJHMFFAV09CA,利家段,2175.00,非都市：特定農業區 ; 非都市編定：農牧用地,1,1,全筆移轉,84010000
RPUNMLKKJHMFFAV56CA,豐利段,38.24,非都市： ; 非都市編定：,1,1,全筆移轉,03310000
RPVNMLKKJHMFFAV66CA,台東段,11.93,都市：住,100000,737,持分移轉,00040009
RPOOMLTJJHMFFAV86CA,台東段,86.00,都市：住,1,1,全筆移轉,05470053
RPPNMLTJJHMFFAV86CA,東海段,16.12,都市：住,10000,27,持分移轉,01300000
RPPNMLTJJHMFFAV86CA,東海段,1.04,都市：住,10000,27,持分移轉,01300002
RPQNMLTJJHMFFAV96CA,豐年段,78.28,都市：住,10000,161,持分移轉,00270006
RPXNMLSKJHMFFAV67CA,豐利段,215.15,都市：住,1,1,全筆移轉,06600000
RPXNMLSKJHMFFAV67CA,豐利段,4.78,都市：住,1,1,全筆移轉,08350001
RPXNMLSKJHMFFAV67CA,豐利段,3436.63,都市：農,1,1,全筆移轉,08350000
RPPNMLNKJHMFFAV98CA,台東段,42.00,都市：住,1,1,全筆移轉,04540019
RPQNMLTJJHMFFBV07CA,和平南段,281.16,非都市：風景區 ; 非都市編定：農牧用地,1,1,全筆移轉,04210001
RPQNMLTJJHMFFBV07CA,和平南段,2506.80,非都市：風景區 ; 非都市編定：農牧用地,1,1,全筆移轉,04220000
RPRNMLTJJHMFFBV17CA,仙民段,4000.00,非都市：風景區 ; 非都市編定：農牧用地,1,1,全筆移轉,05630000
RPUNMLPJJHMFFAV96CA,台東段,90.00,都市：住,1,1,全筆移轉,01600038
RPRNMLPJJHMFFAV66CA,利家段,2500.00,非都市：特定農業區 ; 非都市編定：農牧用地,10,5,持分移轉,73560000
RPSNMLPJJHMFFAV76CA,自強段,35.00,都市：其他:道路用地,1,1,全筆移轉,01770001
RPSNMLPJJHMFFAV76CA,自強段,47.00,都市：住,1,1,全筆移轉,01770002
RPUNMLOJJHMFFAV86CA,常德段,16.51,都市：商,10000,87,持分移轉,07520000
RPQNMLNKJHMFFBV56CA,東河段,119.18,都市：住,1,1,全筆移轉,04640000
RPQNMLNKJHMFFBV56CA,東河段,536.35,都市：住,1,1,全筆移轉,04990000
RPPNMLPJJHMFFAV09CA,利泰段,118.73,非都市：鄉村區 ; 非都市編定：乙種建築用地,10000,885,持分移轉,07140000
RPPNMLPJJHMFFAV09CA,利泰段,4.12,非都市：鄉村區 ; 非都市編定：乙種建築用地,10000,885,持分移轉,07500000
RPQNMLPJJHMFFAV56CA,梧州段,161.95,都市：住,1,1,全筆移轉,02520000
RPRNMLMKJHMFFCV76DA,里?段,19.57,都市：其他:道路用地,1,1,全筆移轉,00830000
RPRNMLMKJHMFFCV76DA,里?段,.35,都市：其他:道路用地,1,1,全筆移轉,00860000
RPSNMLMKJHMFFCV86DA,里?段,23.63,都市：其他:道路用地,1,1,全筆移轉,00820000
RPQNMLMKJHMFFCV66DA,里?段,.22,都市：其他:道路用地,1,1,全筆移轉,00810000
RPUNMLLKJHMFFDV07DA,荒野段,105.67,非都市：一般農業區 ; 非都市編定：甲種建築用地,1,1,全筆移轉,10260000
RPPNMLKKJHMFFCV98DA,鸞山段,226.00,非都市：山坡地保育區 ; 非都市編定：丙種建築用地,1,1,全筆移轉,08330001
RPPNMLLKJHMFFDV09CA,壢坵段,2900.00,非都市：山坡地保育區 ; 非都市編定：農牧用地,1,1,全筆移轉,06290000
RPQNMLLKJHMFFDV56CA,壢坵段,870.00,非都市：山坡地保育區 ; 非都市編定：農牧用地,1,1,全筆移轉,05030000
RPQNMLLKJHMFFDV56CA,壢坵段,210.00,非都市：山坡地保育區 ; 非都市編定：農牧用地,1,1,全筆移轉,05290000
RPRNMLLKJHMFFDV66CA,壢坵段,155.00,非都市：山坡地保育區 ; 非都市編定：農牧用地,2,1,持分移轉,05020000
RPSNMLLKJHMFFDV76CA,金富段,736.67,非都市：山坡地保育區 ; 非都市編定：農牧用地,1,1,全筆移轉,08370000
RPSNMLLKJHMFFDV76CA,金富段,1657.19,非都市：山坡地保育區 ; 非都市編定：農牧用地,1,1,全筆移轉,08380000
RPSNMLKKJHMFFAV09DA,初鹿段,4290.00,非都市：特定農業區 ; 非都市編定：農牧用地,1,1,全筆移轉,39890000
RPPNMLNJKHMFFCV56CA,紅葉段,8710.00,非都市：山坡地保育區 ; 非都市編定：農牧用地,1,1,全筆移轉,00840000
RPRNMLKKJHMFFAV88CA,台東段,50.00,都市：住,1,1,全筆移轉,00280008
RPSNMLMKJHMFFBV66CA,三仙段,4018.97,都市：其他:一般保護區,1,1,全筆移轉,01690000
RPSNMLMKJHMFFBV66CA,三仙段,4122.26,都市：其他:一般保護區,1,1,全筆移轉,01700000
RPVNMLLKJHMFFAV76CA,豐成段,4351.81,非都市：特定農業區 ; 非都市編定：農牧用地,1,1,全筆移轉,02860000
RPQNMLSKJHMFFAV07DA,台東段,102.00,都市：住,1,1,全筆移轉,03480013
RPQNMLLKJHMFFAV98DA,豐成段,2500.00,非都市：特定農業區 ; 非都市編定：農牧用地,1,1,全筆移轉,03560000
RPRNMLMKJHMFFBV56CA,三仙段,1022.94,都市：其他:一般保護區,1,1,全筆移轉,01460000
RPPNMLTJJHMFFCV07CA,隆昌段,1979.04,非都市：山坡地保育區 ; 非都市編定：農牧用地,1,1,全筆移轉,01770000
RPPNMLRKJHMFFCV96CA,中福段,107.01,都市：住,1,1,全筆移轉,06660000
RPRNMLOLJHMFFBV86CA,南八里段,376.84,非都市：風景區 ; 非都市編定：農牧用地,15,1,持分移轉,06140000
RPRNMLOLJHMFFBV86CA,南八里段,339.16,非都市：風景區 ; 非都市編定：農牧用地,15,1,持分移轉,06150000
RPPNMLMKJHMFFCV09CA,慶福段,551.07,都市：住,1,1,全筆移轉,09600000
RPPNMLLKJHMFFCV98CA,瑞里段,94.90,非都市：鄉村區 ; 非都市編定：乙種建築用地,1,1,全筆移轉,01750000
RPPNMLLKJHMFFCV98CA,源隆段,73.81,非都市：鄉村區 ; 非都市編定：乙種建築用地,1,1,全筆移轉,00320000
RPPNMLLKJHMFFCV98CA,源隆段,13.48,非都市：鄉村區 ; 非都市編定：交通用地,1,1,全筆移轉,00330000
RPPNMLNKJHMFFBV09CA,高原段,2405.00,非都市：森林區 ; 非都市編定：農牧用地,2,1,持分移轉,14130000
RPQNMLMKJHMFFBV09CA,忠仁段,284.17,都市：其他:公共設施保留地,1,1,全筆移轉,10970000
RPQNMLMKJHMFFBV09CA,忠仁段,246.70,都市：其他:公共設施保留地,1,1,全筆移轉,10880001
RPQNMLNKJHMFFAV56DA,中心段,93.00,都市：住,1,1,全筆移轉,09220000
RPRNMLQKJHMFFBV07DA,和平北段,1103.47,非都市：風景區 ; 非都市編定：農牧用地,1,1,全筆移轉,02050000
RPRNMLQKJHMFFBV07DA,和平北段,898.41,非都市：風景區 ; 非都市編定：農牧用地,1,1,全筆移轉,02060000
RPSNMLNKJHMFFAV76DA,台東段,73.00,都市：住,1,1,全筆移轉,19260002
RPTNMLNKJHMFFAV86DA,上岩灣段,53.00,都市：住,1,1,全筆移轉,04670000
RPPNMLQKJHMFFAV76DA,台東段,94.00,都市：住,1,1,全筆移轉,01600368
RPPNMLQKJHMFFAV76DA,台東段,5.00,都市：住,1,1,全筆移轉,01601143
RPTNMLNKJHMFFAV86DA,上岩灣段,19.27,都市：住,1,1,全筆移轉,04670001
RPRNMLMKJHMFFAV09CA,利家段,112.67,非都市：鄉村區 ; 非都市編定：乙種建築用地,10000,140,持分移轉,81260000
RPRNMLMKJHMFFAV09CA,利家段,19.75,非都市：鄉村區 ; 非都市編定：乙種建築用地,10000,140,持分移轉,82850000
RPSNMLMKJHMFFAV56CA,豐谷段,242.00,都市：住,1,1,全筆移轉,07830000
RPOOMLRKJHMFFAV76CA,台東段,80.00,都市：住,1,1,全筆移轉,06540183
RPSNMLMKJHMFFAV56CA,豐谷段,68.00,都市：其他:道,1,1,全筆移轉,07850000
RPSNMLMKJHMFFAV56CA,豐谷段,50.00,都市：住,1,1,全筆移轉,07890000
RPOOMLRKJHMFFAV76CA,台東段,45.00,都市：住,1,1,全筆移轉,06540211
RPUNMLLKJHMFFAV66CA,東農段,2499.62,非都市：特定農業區 ; 非都市編定：農牧用地,1,1,全筆移轉,00920002
RPUNMLLKJHMFFAV66CA,東農段,.38,都市：農,1,1,全筆移轉,00920004
RPRNMLOKJHMFFAV66CA,豐年段,344.45,都市：農,1,1,全筆移轉,02580000
RPRNMLRKJHMFFAV96CA,富岡段,75.29,非都市：鄉村區 ; 非都市編定：乙種建築用地,1,1,全筆移轉,10260000
RPQOMLSKJHMFFAV07CA,建興段,30.00,都市：住,1,1,全筆移轉,04330000
RPQOMLSKJHMFFAV07CA,建興段,54.00,都市：住,1,1,全筆移轉,04340000
RPQOMLSKJHMFFAV07CA,建興段,19.00,都市：住,1,1,全筆移轉,04350000
RPUNMLQKJHMFFAV17CA,興安段,124.75,都市：住,1,1,全筆移轉,02730003
RPQNMLTKJHMFFAV07CA,新園段,988.00,非都市：特定農業區 ; 非都市編定：農牧用地,1,1,全筆移轉,03510000
RPPNMLPKJHMFFAV56CA,東谷段,131.65,都市：住,1,1,全筆移轉,02080041
RPQNMLPKJHMFFAV66CA,豐成段,110.00,非都市： ; 非都市編定：,1,1,全筆移轉,11190001
RPRNMLPKJHMFFAV76CA,豐成段,110.00,非都市： ; 非都市編定：,1,1,全筆移轉,11200001
RPVNMLMKJHMFFAV86CA,馬蘭段,97.00,都市：住,1,1,全筆移轉,16200001
RPSNMLPLJHMFFCV17CA,康源段,193.00,非都市：鄉村區 ; 非都市編定：乙種建築用地,1,1,全筆移轉,09710001
RPQNMLNKJHMFFCV76DA,武陵段,1515.00,非都市：山坡地保育區 ; 非都市編定：林業用地,1,1,全筆移轉,03240002
RPOOMLKLJHMFFAV88DA,東農段,4791.54,非都市：特定農業區 ; 非都市編定：農牧用地,1,1,全筆移轉,01910000
RPUNMLKLJHMFFBV76CA,仰光段,159.34,都市：住,1,1,全筆移轉,03210000
RPRNMLNKJHMFFBV66CA,沙泥灣段,2324.10,非都市：風景區 ; 非都市編定：農牧用地,1,1,全筆移轉,02690000
RPRNMLNKJHMFFBV66CA,沙泥灣段,1565.03,非都市：風景區 ; 非都市編定：農牧用地,1,1,全筆移轉,07280000
RPPNMLOLJHMFFBV66CA,新都威段,2721.02,非都市：風景區 ; 非都市編定：農牧用地,1,1,全筆移轉,04260000
RPQNMLQKJHMFFBV86CA,都豐段,118.34,非都市：風景區 ; 非都市編定：交通用地,4,1,持分移轉,04780000
RPQNMLQKJHMFFBV86CA,都豐段,34.26,非都市：風景區 ; 非都市編定：交通用地,4,1,持分移轉,04790000
RPQNMLQKJHMFFBV86CA,都豐段,2669.47,非都市：風景區 ; 非都市編定：農牧用地,1,1,全筆移轉,04830000
RPVNMLKLJHMFFBV86CA,八仙洞段,1404.96,非都市：風景區 ; 非都市編定：農牧用地,1,1,全筆移轉,11350000
RPVNMLKLJHMFFBV86CA,大俱來段,2050.67,非都市：風景區 ; 非都市編定：農牧用地,1,1,全筆移轉,04330000
RPSNMLQKJHMFFAV96CA,青林段,7.05,都市：商,4,2,持分移轉,11750000
RPSNMLQKJHMFFAV96CA,青林段,78.57,都市：其他:道路用地,4,2,持分移轉,11760000
RPRNMLQKJHMFFAV86CA,台東段,97.00,都市：住,1,1,全筆移轉,03390056
RPRNMLQKJHMFFAV86CA,台東段,4.00,都市：住,1,1,全筆移轉,03390122
RPPNMLTKJHMFFDV37DA,金星段,490.00,非都市：鄉村區 ; 非都市編定：乙種建築用地,1,1,全筆移轉,08140000
RPQNMLRKJHMFFAV86CA,泰安段,101.97,非都市：鄉村區 ; 非都市編定：乙種建築用地,1,1,全筆移轉,06500000
RPWNMLRKJHMFFAV47CA,東海段,155.11,都市：住,1,1,全筆移轉,05570000
RPPNMLSKJHMFFAV86CA,豐航段,45.84,都市：住,2,1,持分移轉,05690003
RPPNMLSKJHMFFAV86CA,豐航段,45.84,都市：住,2,1,持分移轉,05690003
RPPNMLSKJHMFFAV86CA,豐航段,187.24,都市：住,2,1,持分移轉,05680000
RPPNMLSKJHMFFAV86CA,豐航段,187.24,都市：住,2,1,持分移轉,05680000
RPPNMLSKJHMFFAV86CA,豐航段,148.89,都市：其他:廣場兼停車場用地,2,1,持分移轉,05680001
RPPNMLSKJHMFFAV86CA,豐航段,148.89,都市：其他:廣場兼停車場用地,2,1,持分移轉,05680001
RPPNMLSKJHMFFAV86CA,豐航段,58.04,都市：其他:廣場兼停車場用地,2,1,持分移轉,05680002
RPPNMLSKJHMFFAV86CA,豐航段,58.04,都市：其他:廣場兼停車場用地,2,1,持分移轉,05680002
RPPNMLSKJHMFFAV86CA,豐航段,76.92,都市：住,2,1,持分移轉,05680003
RPPNMLSKJHMFFAV86CA,豐航段,76.92,都市：住,2,1,持分移轉,05680003
RPPNMLSKJHMFFAV86CA,豐航段,242.07,都市：其他:道路用地,2,1,持分移轉,05680004
RPPNMLSKJHMFFAV86CA,豐航段,242.07,都市：其他:道路用地,2,1,持分移轉,05680004
RPPNMLSKJHMFFAV86CA,豐航段,416.12,都市：住,2,1,持分移轉,05690000
RPPNMLSKJHMFFAV86CA,豐航段,416.12,都市：住,2,1,持分移轉,05690000
RPPNMLSKJHMFFAV86CA,豐航段,164.09,都市：住,2,1,持分移轉,05690001
RPPNMLSKJHMFFAV86CA,豐航段,164.09,都市：住,2,1,持分移轉,05690001
RPPNMLSKJHMFFAV86CA,豐航段,79.74,都市：其他:道路用地,2,1,持分移轉,05690002
RPPNMLSKJHMFFAV86CA,豐航段,79.74,都市：其他:道路用地,2,1,持分移轉,05690002
RPPNMLSKJHMFFDV17CA,復興段,180.22,都市：住,1,1,全筆移轉,04590000
RPTOMLSKJHMFFAV37CA,東海段,14.93,都市：住,10000,25,持分移轉,01300000
RPTOMLSKJHMFFAV37CA,東海段,.96,都市：住,10000,25,持分移轉,01300002
RPWNMLQKJHMFFAV37CA,中清段,6.42,都市：住,2,1,持分移轉,02730005
RPWNMLQKJHMFFAV37CA,中清段,40.38,都市：住,2,1,持分移轉,02750005
RPWNMLQKJHMFFAV37CA,中清段,24.87,都市：住,2,1,持分移轉,02840003
RPWNMLQKJHMFFAV37CA,中清段,6.42,都市：住,2,1,持分移轉,02730005
RPWNMLQKJHMFFAV37CA,中清段,40.38,都市：住,2,1,持分移轉,02750005
RPWNMLQKJHMFFAV37CA,中清段,24.87,都市：住,2,1,持分移轉,02840003
RPQNMLKLJHMFFCV09CA,溪埔段,82.53,非都市：特定農業區 ; 非都市編定：甲種建築用地,1,1,全筆移轉,07080000
RPQNMLTKJHMFFDV37CA,蘭里段,437.98,非都市：鄉村區 ; 非都市編定：乙種建築用地,2,1,持分移轉,04890000
RPQNMLRKJHMFFBV96CA,忠勇段,129.55,都市：住,1,1,全筆移轉,03590000
RPQNMLRKJHMFFBV96CA,忠勇段,115.25,都市：住,1,1,全筆移轉,03600000
RPQNMLRKJHMFFBV96CA,忠勇段,78.83,都市：住,1,1,全筆移轉,03610000
RPPNMLRKJHMFFBV86CA,高台段,1975.08,非都市：風景區 ; 非都市編定：農牧用地,1,1,全筆移轉,08440000
RPPNMLRKJHMFFBV86CA,高台段,1975.08,非都市：風景區 ; 非都市編定：農牧用地,1,1,全筆移轉,08440001
RPRNMLRKJHMFFBV07CA,寧埔段石寧埔小段,4586.00,非都市：風景區 ; 非都市編定：農牧用地,2,1,持分移轉,02830023
RPPNMLSKJHMFFBV96CA,南八里段,224.82,非都市：鄉村區 ; 非都市編定：乙種建築用地,1,1,全筆移轉,01370000
RPQNMLRJKHMFFAV86CA,豐谷段,111.50,都市：其他:兒童遊樂場用地,2,1,持分移轉,08060000
RPQNMLRJKHMFFAV86CA,豐谷段,111.50,都市：其他:兒童遊樂場用地,2,1,持分移轉,08060000
RPQNMLRJKHMFFAV86CA,豐谷段,37.50,都市：其他:兒童遊樂場用地,2,1,持分移轉,09420000
RPQNMLRJKHMFFAV86CA,豐谷段,37.50,都市：其他:兒童遊樂場用地,2,1,持分移轉,09420000
RPQNMLRJKHMFFAV86CA,豐谷段,53.50,都市：其他:兒童遊樂場用地,2,1,持分移轉,09440000
RPQNMLRJKHMFFAV86CA,豐谷段,53.50,都市：其他:兒童遊樂場用地,2,1,持分移轉,09440000
RPQNMLRJKHMFFAV86CA,豐谷段,717.50,都市：其他:部份兒童遊樂場用地及部份道路用地(截角),2,1,持分移轉,09460000
RPQNMLRJKHMFFAV86CA,豐谷段,717.50,都市：其他:部份兒童遊樂場用地及部份道路用地(截角),2,1,持分移轉,09460000
RPROMLTJKHMFFAV27CA,利家段,320.00,非都市：特定農業區 ; 非都市編定：甲種建築用地,1,1,全筆移轉,54800006
RPRNMLPLJHMFFAV86CA,台東段,42.96,都市：住,1000,133,持分移轉,07080000
RPTNMLPLJHMFFAV07CA,台東段,134.20,都市：住,1,1,全筆移轉,00100357
RPTNMLRKJHMFFAV27DA,台東段,233.00,都市：住,1,1,全筆移轉,01710010
RPPNMLTKJHMFFCV27DA,萬朝段,1476.76,非都市：山坡地保育區 ; 非都市編定：農牧用地,1,1,全筆移轉,07720000
RPOOMLSKJHMFFAV96DA,台東段,66.00,都市：住,1,1,全筆移轉,01600137
RPOOMLSKJHMFFAV96DA,台東段,6.00,都市：住,1,1,全筆移轉,01600690
RPOOMLSKJHMFFAV96DA,台東段,7.00,都市：住,1,1,全筆移轉,01600751
RPPNMLTKJHMFFAV96CA,岩灣段,112.46,都市：住,1,1,全筆移轉,00320001
RPQNMLKLJHMFFAV88CA,普優瑪段,104.89,都市：住,1,1,全筆移轉,02410001
RPROMLKLJHMFFAV09CA,東海段,210.38,都市：住,1,1,全筆移轉,05010001
RPWNMLKLJHMFFAV86CA,豐榮段,111.00,都市：住,1,1,全筆移轉,10520000
RPPOMLKLJHMFFAV88CA,建樂段,8.95,都市：住,10000,45,持分移轉,04240000
RPPOMLKLJHMFFAV88CA,建樂段,1.03,都市：住,10000,45,持分移轉,04240001
RPQOMLKLJHMFFAV98CA,台東段,83.00,都市：住,1,1,全筆移轉,00040273
RPSNMLKLJHMFFAV09CA,利泰段,119.54,非都市：鄉村區 ; 非都市編定：乙種建築用地,10000,891,持分移轉,07140000
RPSNMLKLJHMFFAV09CA,利泰段,4.15,非都市：鄉村區 ; 非都市編定：乙種建築用地,10000,891,持分移轉,07500000
RPVNMLKLJHMFFAV76CA,利家段,107.00,非都市：特定農業區 ; 非都市編定：甲種建築用地,1,1,全筆移轉,81070013
RPRNMLNLJHMFFAV66CA,新生段,15.13,都市：住,10000,61,持分移轉,00440000
RPSNMLTKJHMFFAV27CA,南清段,5.20,都市：住,1,1,全筆移轉,04160000
RPSNMLTKJHMFFAV27CA,南清段,96.59,都市：住,1,1,全筆移轉,04170000
RPSNMLTKJHMFFAV27CA,南清段,31.18,都市：住,4,1,持分移轉,04200000
RPTNMLTKJHMFFAV37CA,永清段,189.14,都市：住,1,1,全筆移轉,03060000
RPROMLSKJHMFFAV27DA,上源段,72.53,非都市：山坡地保育區 ; 非都市編定：丙種建築用地,1,1,全筆移轉,02300000
RPSOMLSKJHMFFAV27CA,岩灣段,187.55,都市：住,1,1,全筆移轉,04120002
RPQNMLTKJHMFFCV37DA,萬朝段,941.42,非都市：一般農業區 ; 非都市編定：農牧用地,1,1,全筆移轉,07740000
RPSNMLTKJHMFFDV57CA,蘭里段,4985.68,非都市：特定農業區 ; 非都市編定：農牧用地,1,1,全筆移轉,07140000
RPWNMLOLJHMFFAV27CA,台東段,4.42,都市：商,12000,60,持分移轉,05140000
RPWNMLOLJHMFFAV27CA,台東段,.02,都市：商,12000,60,持分移轉,05140016
RPWNMLOLJHMFFAV27CA,台東段,3.10,都市：商,12000,42,持分移轉,05140000
RPWNMLOLJHMFFAV27CA,台東段,.02,都市：商,12000,42,持分移轉,05140016
RPRNMLKKKHMFFAV98CA,東海段,25.08,都市：住,10000,42,持分移轉,01300000
RPRNMLKKKHMFFAV98CA,東海段,1.62,都市：住,10000,42,持分移轉,01300002
RPPNMLTLJHMFFAV07CA,中山段,70.00,都市：住,1,1,全筆移轉,10140000
RPSNMLKKKHMFFAV09CA,新園段,2759.00,非都市：特定農業區 ; 非都市編定：農牧用地,1,1,全筆移轉,03890000
RPPNMLNLJHMFFAV09CA,大業段,2500.00,非都市：特定農業區 ; 非都市編定：農牧用地,1,1,全筆移轉,05640002
RPPNMLOLJHMFFAV56CA,新生段,13.65,都市：住,10000,55,持分移轉,00440000
RPRNMLQJKHMFFAV86CA,馬蘭段,2.35,都市：住,10000,67,持分移轉,15680000
RPRNMLQJKHMFFAV86CA,馬蘭段,2.77,都市：住,10000,67,持分移轉,15700000
RPRNMLNLJHMFFCV86CA,德高段,127.42,非都市：特定農業區 ; 非都市編定：甲種建築用地,2,1,持分移轉,10490000
RPRNMLNLJHMFFCV86CA,德高段,127.42,非都市：特定農業區 ; 非都市編定：甲種建築用地,2,1,持分移轉,10490000
RPRNMLTKJHMFFDV57DA,北橋段,95.79,都市：住,3,2,持分移轉,08380000
RPRNMLKLJHMFFAV09DA,知本段,729.00,非都市：特定農業區 ; 非都市編定：農牧用地,1,1,全筆移轉,79200009
RPTNMLKLJHMFFAV66DA,利家段,34.00,非都市：山坡地保育區 ; 非都市編定：丙種建築用地,1,1,全筆移轉,02860006
RPPNMLKLJHMFFAV78CA,普優瑪段,112.06,都市：住,1,1,全筆移轉,02410003
RPRNMLTKJHMFFAV17CA,台東段,10.96,都市：住,100000,677,持分移轉,00040009
RPXNMLKLJHMFFAV96CA,利家段,310.00,非都市：特定農業區 ; 非都市編定：甲種建築用地,1,1,全筆移轉,75150011
RPPNMLQLJHMFFBV86CA,新竹湖段,824.55,非都市：鄉村區 ; 非都市編定：乙種建築用地,1,1,全筆移轉,06870000
RPPNMLQLJHMFFBV86CA,新竹湖段,809.52,非都市：鄉村區 ; 非都市編定：乙種建築用地,1,1,全筆移轉,06890000
RPPNMLQLJHMFFBV86CA,新竹湖段,830.06,非都市：鄉村區 ; 非都市編定：乙種建築用地,1,1,全筆移轉,06900000
RPTNMLNLJHMFFAV86CA,豐榮段,209.92,都市：住,1,1,全筆移轉,08040000
RPTNMLNLJHMFFAV86CA,豐榮段,125.00,都市：其他:道路用地,1,1,全筆移轉,08050000
RPTNMLNLJHMFFAV86CA,豐榮段,62.38,都市：其他:兒童遊樂場,1,1,全筆移轉,08090000
RPXNMLPLJHMFFCV67CA,水井段,74.91,非都市：鄉村區 ; 非都市編定：乙種建築用地,1,1,全筆移轉,08060003
RPOOMLPLJHMFFCV86CA,水井段,71.24,非都市：鄉村區 ; 非都市編定：乙種建築用地,1,1,全筆移轉,08060004
RPPOMLPLJHMFFCV96CA,水井段,63.70,非都市：鄉村區 ; 非都市編定：乙種建築用地,1,1,全筆移轉,08060001
RPPNMLSJKHMFFBV96CA,富民段,1333.15,非都市：風景區 ; 非都市編定：農牧用地,1,1,全筆移轉,04950000
RPQNMLOLJHMFFAV66CA,台東段,67.33,都市：住,3,1,持分移轉,01790017
RPQNMLOLJHMFFAV66CA,台東段,67.33,都市：住,3,1,持分移轉,01790017
RPQNMLOLJHMFFAV66CA,台東段,67.33,都市：住,3,1,持分移轉,01790017
RPPNMLPLJHMFFAV66CA,建興段,101.88,都市：農,1,1,全筆移轉,05320001
RPPNMLQLJHMFFDV07CA,秀山段,10.39,都市：住,10000,9,持分移轉,07230000
RPPNMLQLJHMFFDV07CA,秀山段,.00,都市：住,10000,9,持分移轉,07230001
RPQNMLSJKHMFFCV17CA,慶福段,1267.15,都市：農,1,1,全筆移轉,00330000
RPQNMLSJKHMFFCV17CA,慶福段,8.92,都市：其他:鐵路用地,1,1,全筆移轉,00340001
RPQNMLSJKHMFFCV17CA,慶福段,289.26,都市：其他:停車場,1,1,全筆移轉,00350001
RPQNMLSJKHMFFCV17CA,慶福段,49.43,都市：其他:鐵路用地,1,1,全筆移轉,00350002
RPQNMLSJKHMFFCV17CA,慶福段,201.99,都市：住,1,1,全筆移轉,00360000
RPQNMLSJKHMFFCV17CA,慶福段,35.05,都市：住,3,1,持分移轉,00990001
RPQNMLSJKHMFFCV17CA,慶福段,63.01,都市：住,1,1,全筆移轉,01050000
RPQNMLSJKHMFFCV17CA,慶福段,16.64,都市：其他:停車場,1,1,全筆移轉,01060000
RPQNMLSJKHMFFCV17CA,慶福段,44.91,都市：其他:部份商業區及部份住宅區,1,1,全筆移轉,01090000
RPQNMLSJKHMFFCV17CA,慶福段,927.14,都市：其他:道路用地,1,1,全筆移轉,03320000
RPQNMLSJKHMFFCV17CA,慶福段,132.54,都市：其他:道路用地,1,1,全筆移轉,03320001
RPQNMLSJKHMFFCV17CA,慶福段,150.26,都市：其他:道路用地,1,1,全筆移轉,03320002
RPUNMLQLJHMFFAV27CA,豐年段,6.00,都市：住,10000,12,持分移轉,00270000
RPVNMLQLJHMFFAV37CA,富山段,3755.50,非都市：風景區 ; 非都市編定：農牧用地,1,1,全筆移轉,04630000
RPTNMLLLJIMFFAV76CA,台東段,568.00,都市：住,1,1,全筆移轉,00820000
SPQNMLSJKHMFFAV07CA,台東段,33.00,都市：商,1,1,全筆移轉,03520011
RPQNMLSJKHMFFAV96CA,台東段,42.00,都市：商,1,1,全筆移轉,03520009
TPQNMLSJKHMFFAV17CA,台東段,69.00,都市：商,1,1,全筆移轉,03520007
RPSNMLTJKHMFFAV27CA,利家段,4358.00,非都市：特定農業區 ; 非都市編定：農牧用地,1,1,全筆移轉,53070000
RPPNMLRJKHMFFAV76CA,台東段,100.00,都市：住,1,1,全筆移轉,01290007
RPPNMLRJKHMFFAV76CA,台東段,38.00,都市：住,1,1,全筆移轉,01300003
RPPNMLNLJHMFFBV56CA,北八里段,2856.79,非都市：風景區 ; 非都市編定：農牧用地,1,1,全筆移轉,00890000
RPPNMLNLJHMFFBV56CA,北八里段,7721.10,非都市：風景區 ; 非都市編定：農牧用地,1,1,全筆移轉,00900000
RPWNMLPLJHMFFCV57CA,水井段,39.19,非都市：鄉村區 ; 非都市編定：乙種建築用地,1,1,全筆移轉,08050001
RPRNMLMJKHMFFCV66CA,水井段,5986.74,都市：農,1,1,全筆移轉,00230001
RPVNMLPLJHMFFCV47CA,水井段,473.87,非都市：鄉村區 ; 非都市編定：乙種建築用地,1,1,全筆移轉,08050000
RPPNMLOLJHMFFCV76CA,南山段,139.65,都市：住,3,1,持分移轉,07520000
RPPNMLOLJHMFFCV76CA,南山段,139.65,都市：住,3,1,持分移轉,07520000
RPPNMLOLJHMFFCV76CA,南山段,139.65,都市：住,3,1,持分移轉,07520000
RPRNMLPLJHMFFCV17DA,南山段,60.77,都市：住,4,3,持分移轉,02290000
RPVNMLNLJHMFFAV07CA,利泰段,449.21,非都市：鄉村區 ; 非都市編定：乙種建築用地,1,1,全筆移轉,01140000
RPXNMLNLJHMFFAV27CA,岩灣段,132.35,都市：住,1,1,全筆移轉,00540000
RPPOMLNLJHMFFAV56CA,豐成段,1377.82,非都市：特定農業區 ; 非都市編定：農牧用地,1,1,全筆移轉,11190000
RPPNMLQJKHMFFCV96DA,崁頂段,830.00,非都市： ; 非都市編定：,1,1,全筆移轉,01860001
RPPNMLMJKHMFFBV98CA,新港段八邊小段,1704.00,非都市：風景區 ; 非都市編定：農牧用地,1,1,全筆移轉,00050135
RPUNMLOLJHMFFAV17DA,常德段,137.62,都市：住,1,1,全筆移轉,00300000
RPRNMLPKKHMFFAV86CA,自強段,111.00,都市：住,1,1,全筆移轉,06280000
RPRNMLPKKHMFFAV86CA,自強段,110.00,都市：住,1,1,全筆移轉,06290000
RPSNMLPKKHMFFAV96CA,自強段,121.00,都市：住,1,1,全筆移轉,06300000
RPVNMLPLJHMFFAV27CA,利家段,19.82,非都市：鄉村區 ; 非都市編定：乙種建築用地,10000,130,持分移轉,74880000
RPVNMLPLJHMFFAV27CA,利家段,47.54,非都市：鄉村區 ; 非都市編定：乙種建築用地,10000,336,持分移轉,74880012
RPWNMLPLJHMFFAV37CA,北南王段,88.00,都市：住,1,1,全筆移轉,03920000
RPXNMLPLJHMFFAV47CA,東海段,26.98,都市：住,10000,153,持分移轉,01400000
RPOOMLPLJHMFFAV66CA,常德段,146.05,都市：住,1,1,全筆移轉,10700000
RPPOMLPLJHMFFAV76CA,自強段,80.00,都市：住,1,1,全筆移轉,01420000
RPQNMLQLJHMFFAV86CA,台東段,34.00,都市：住,1,1,全筆移轉,21150000
RPQNMLQLJHMFFAV86CA,台東段,44.00,都市：住,1,1,全筆移轉,21160000
RPQNMLOKKHMFFAV66CA,豐年段,155.97,都市：住,1,1,全筆移轉,00290078
SPQNMLOKKHMFFAV76CA,豐年段,29.54,都市：住,10000,296,持分移轉,00290000
RPUNMLQJKHMFFAV27DA,上源段,73.93,非都市：山坡地保育區 ; 非都市編定：丙種建築用地,1,1,全筆移轉,01860000
RPPNMLNJKHMFFBV09CA,都豐段,53.72,非都市：風景區 ; 非都市編定：農牧用地,6,2,持分移轉,11150000
RPPNMLNJKHMFFBV09CA,都豐段,244.92,非都市：風景區 ; 非都市編定：農牧用地,1,1,全筆移轉,11160000
RPPNMLPLJHMFFBV76CA,濱海段,50.71,都市：住,1,1,全筆移轉,06180000
RPSNMLQLJHMFFAV17DA,光明段,113.00,都市：住,1,1,全筆移轉,04800000
RPUNMLRJKHMFFAV37DA,豐里段,112.28,非都市：鄉村區 ; 非都市編定：乙種建築用地,1,1,全筆移轉,09650000
RPTNMLPLJHMFFCV27CA,錦富段,4380.43,非都市：特定農業區 ; 非都市編定：農牧用地,1,1,全筆移轉,02210000
RPTNMLPLJHMFFCV27CA,錦富段,4070.00,非都市：特定農業區 ; 非都市編定：農牧用地,1,1,全筆移轉,02220000
RPPNMLMJKHMFFCV09CA,大原段,1850.00,非都市：特定農業區 ; 非都市編定：農牧用地,1,1,全筆移轉,03970044
RPRNMLMJKHMFFAV56DA,利家段,49.00,非都市：鄉村區 ; 非都市編定：乙種建築用地,1,1,全筆移轉,81830000
RPPNMLMJKHMFFDV56CA,尚武段,3.03,都市：住,3200,100,持分移轉,08230000
RPPNMLMJKHMFFDV56CA,尚武段,.61,都市：住,32000,200,持分移轉,08250000
RPPNMLMJKHMFFDV56CA,尚武段,.32,都市：住,3100,100,持分移轉,08320000
RPPNMLMJKHMFFDV56CA,尚武段,.59,都市：住,3100,100,持分移轉,08330000
RPPNMLMJKHMFFDV56CA,尚武段,90.62,都市：住,3300,100,持分移轉,08340000
RPPNMLMJKHMFFDV56CA,尚武段,2.74,都市：住,3100,100,持分移轉,08370000
RPQNMLMJKHMFFCV56CA,水井段,241.34,非都市：山坡地保育區 ; 非都市編定：丙種建築用地,1,1,全筆移轉,02240000
RPQNMLMJKHMFFCV56CA,水井段,223.53,非都市：山坡地保育區 ; 非都市編定：丙種建築用地,1,1,全筆移轉,02250000
RPPNMLNJKHMFFDV76DA,秀山段,10.39,都市：住,10000,9,持分移轉,07230000
RPPNMLNJKHMFFDV76DA,秀山段,.00,都市：住,10000,9,持分移轉,07230001
RPWNMLQLJHMFFAV47CA,台東段,4.97,都市：住,10000,33,持分移轉,20080000
RPWNMLQLJHMFFAV47CA,台東段,4.21,都市：住,10000,28,持分移轉,20080000
RPWNMLQLJHMFFAV47CA,台東段,6.17,都市：住,10000,41,持分移轉,20080000
RPWNMLQLJHMFFAV47CA,台東段,5.42,都市：住,10000,36,持分移轉,20080000
RPWNMLQLJHMFFAV47CA,台東段,20.77,都市：住,20000,276,持分移轉,20080000
RPSNMLQJKHMFFAV96CA,豐航段,72.02,都市：住,1,1,全筆移轉,08650000
RPTNMLQJKHMFFAV07CA,旭川段,124.48,非都市：鄉村區 ; 非都市編定：乙種建築用地,1,1,全筆移轉,03870000
RPTNMLQJKHMFFAV07CA,旭川段,149.22,非都市：鄉村區 ; 非都市編定：乙種建築用地,1,1,全筆移轉,03880000
RPTNMLQJKHMFFAV07CA,旭川段,35.24,非都市：鄉村區 ; 非都市編定：交通用地,1,1,全筆移轉,04040000
RPVNMLKLKHMFFAV86CA,豐樂段,132.00,都市：住,1,1,全筆移轉,30880000
RPQNMLMJKHMFFAV98CA,常德段,119.08,都市：住,1,1,全筆移轉,04160027
RPQNMLQJKHMFFAV76CA,光明段,103.00,都市：住,1,1,全筆移轉,04360024
RPPNMLNJKHMFFAV98CA,台東段,68.00,都市：住,1,1,全筆移轉,00060108
RPPNMLNJKHMFFAV98CA,台東段,20.00,都市：住,1,1,全筆移轉,00060219
SPQNMLNJKHMFFAV56CA,台東段,12.64,都市：住,100000,781,持分移轉,00040009
RPQNMLTLJHMFFAV17CA,台東段,48.26,都市：住,100000,600,持分移轉,25450000
RPQNMLNJKHMFFAV09CA,常德段,126.56,都市：住,1,1,全筆移轉,03660000
