﻿編號,屋齡,建物移轉面積平方公尺,主要用途,主要建材,建築完成日期,總層數,建物分層
The serial number,room age,building shifting area square meter,the main use,main building materials,construction completes the date,total layer,building lamination
RPVNMLMJJILFFAW96DA,28,48.26,住家用,鋼筋混凝土加強磚造,77年7月1日,一層,一層
SPRNMLNJJILFFAW66CA,2,27.60,集合住宅,鋼筋混凝土造,103年10月16日,三層,二層 陽台
SPRNMLNJJILFFAW66CA,2,4.19,共有部分：本共有部分之項目計有樓梯間、走廊等二項。,鋼筋混凝土造,103年10月16日,三層,
RPRNMLNJJILFFAW56CA,2,19.54,集合住宅,鋼筋混凝土造,103年10月20日,三層,一層 陽台
RPRNMLNJJILFFAW56CA,2,3.52,共有部分：本共有部分之項目計有樓梯間、水箱等二項。,鋼筋混凝土造,103年10月20日,三層,
RPSNMLKKJILFFAW09CA,76,40.66,住家用,見其他登記事項,30年1月18日,一層,一層
RPUNMLLJKILFFAW86DA,,182.83,集合住宅,鋼筋混凝土造,105年8月23日,三層,一層 二層 三層 陽台
RPUNMLLJKILFFAW86DA,,182.83,集合住宅,鋼筋混凝土造,105年8月23日,三層,一層 二層 三層 陽台
RPRNMLLJKILFFAW56DA,,182.83,集合住宅,鋼筋混凝土造,105年8月23日,三層,一層 二層 三層 陽台
RPTNMLQKJILFFAW17CA,1,41.29,集合住宅,鋼筋混凝土造,104年11月25日,八層,五層 陽台
RPTNMLQKJILFFAW17CA,1,24.79,共有部分：本共有部分項目有：管委會空間、電樓梯間、梯廳、車道、走廊、防空避難室兼停車空間、受電箱、台電配電場所、電信機房、蓄水池、汙水處理機房、消防泵浦室、水箱等十三項。,鋼筋混凝土造,104年11月25日,八層,
RPTNMLLLJILFFAW76CA,1,67.24,集合住宅,鋼筋混凝土造,104年12月30日,三層,三層 陽台
RPTNMLLLJILFFAW76CA,1,4.42,共有部分：本共有部分之項目有樓梯間及陽台等二項。,鋼筋混凝土造,104年12月30日,三層,
RPUNMLLLJILFFAW86CA,1,26.36,集合住宅,鋼筋混凝土造,105年1月26日,三層,二層 陽台
RPUNMLLLJILFFAW86CA,1,8.76,共有部分：本共有部分之項目有車道、停車空間、消防蓄水池、蓄水箱、消防機械室、發電機室、樓梯間、電梯廳、管理室、電信室、玄關、大廳及陽台等１３項。,鋼筋混凝土造,105年1月26日,三層,
RPXNMLLLJILFFAW17CA,7,274.69,農舍,鋼筋混凝土造,98年10月16日,二層,一層 二層 陽台 屋頂突出物
RPVNMLNLJILFFAW27DA,1,92.35,集合住宅,鋼筋混凝土造,105年4月19日,三層,三層 陽台
RPVNMLNLJILFFAW27DA,1,6.12,共有部分：本共有部分之項目有樓梯間１項。,鋼筋混凝土造,105年4月19日,三層,
RPQNMLNLJILFFAW66CA,1,58.52,見其他登記事項,鋼筋混凝土造,105年1月19日,三層,二層
RPQNMLNLJILFFAW66CA,1,7.68,見其他登記事項,鋼筋混凝土造,105年1月19日,三層,
RPXNMLPLJILFFAW57CA,1,53.26,見其他登記事項,鋼筋混凝土造,105年1月19日,三層,一層
RPXNMLPLJILFFAW57CA,1,7.68,見其他登記事項,鋼筋混凝土造,105年1月19日,三層,
RPWNMLPLJILFFAW47CA,1,69.38,集合住宅,鋼筋混凝土造,104年11月25日,八層,八層 陽台 雨遮
RPWNMLPLJILFFAW47CA,1,40.89,共有部分：本共有部分項目有：管委會空間、電樓梯間、梯廳、車道、走廊、防空避難室兼停車空間、受電箱、台電配電場所、電信機房、蓄水池、汙水處理機房、消防泵浦室、水箱等十三項。,鋼筋混凝土造,104年11月25日,八層,
RPQNMLNKKILFFAW66CA,1,57.96,見其他登記事項,鋼筋混凝土造,105年5月9日,三層,二層
RPQNMLNKKILFFAW66CA,1,5.30,見其他登記事項,鋼筋混凝土造,105年5月9日,三層,
RPVNMLPLJILFFAW37CA,,171.82,住家用,鋼筋混凝土造,104年9月18日,三層,一層 二層 三層 屋頂突出物
RPUNMLPLJILFFAW27CA,,169.01,住家用,鋼筋混凝土造,104年9月18日,三層,一層 二層 三層 屋頂突出物
RPSNMLSLJILFFAW37CA,1,146.69,住家用,鋼筋混凝土造,104年12月30日,三層,一層 二層 三層 陽台
RPTNMLLJKILFFAW66CA,1,83.52,集合住宅,鋼筋混凝土造,104年5月29日,三層,一層 陽台
RPTNMLLJKILFFAW66CA,1,5.05,共有部分：本共有部分之項目為樓梯間。,鋼筋混凝土造,104年5月29日,三層,
RPPNMLRJKILFFAW86CA,4,100.55,集合住宅,鋼筋混凝土造,101年11月28日,十層,二層 陽台 雨遮
RPPNMLRJKILFFAW86CA,4,31.42,共有部分：本共有部分之項目有防空避難室、消防機械室兼發電機室、消防水池、清水池、昇降機道、安全梯、梯廳、雨遮、機械室、水箱等十項。,鋼筋混凝土造,101年11月28日,十層,
RPQNMLPJKILFFAW76CA,1,38.29,集合住宅,鋼筋混凝土造,104年11月25日,八層,四層 陽台
RPQNMLPJKILFFAW76CA,1,22.98,共有部分：本共有部分項目有：管委會空間、電樓梯間、梯廳、車道、走廊、防空避難室兼停車空間、受電箱、台電配電場所、電信機房、蓄水池、汙水處理機房、消防泵浦室、水箱等十三項。,鋼筋混凝土造,104年11月25日,八層,
RPTNMLKLKILFFAW86DA,,160.00,,,,,
RPPNMLLKKILFFAW98CA,3,193.69,住家用,鋼筋混凝土造,103年3月11日,三層,一層 二層 三層 陽台
RPWNMLLJKILFFAW96CA,,51.98,集合住宅,鋼筋混凝土造,105年6月17日,七層,四層 陽台 雨遮
RPWNMLLJKILFFAW96CA,,20.40,共有部分：本共有部分之項目有梯間、防空避難室兼停車空間、消防水池、機電消防室、台電配電室、雨遮、汽車升降機房、汽車昇降道、清水池、電信室、車道、外廊、水錶室、水箱、電梯機房等１５項。,鋼筋混凝土造,105年6月17日,七層,
RPOOMLLJKILFFAW88CA,1,22.50,見其他登記事項,鋼筋混凝土造,105年1月25日,三層,
RPOOMLLJKILFFAW88CA,1,2.03,見其他登記事項,鋼筋混凝土造,105年1月25日,三層,
RPQNMLPKKILFFAW86CA,30,165.58,住商用,鋼筋混凝土造,75年6月15日,三層,一層 二層 三層 陽台
RPQNMLQJKILFFAW96DA,,95.60,見其他登記事項,鋼筋混凝土造,105年6月29日,三層,三層
RPQNMLQJKILFFAW96DA,,8.54,見其他登記事項,鋼筋混凝土造,105年6月29日,三層,
RPSNMLQJKILFFAW07CA,,86.55,集合住宅,鋼筋混凝土造,105年6月2日,三層,一層 陽台
RPSNMLQJKILFFAW07CA,,6.14,共有部分：本共有部分之項目有樓梯間１項。,鋼筋混凝土造,105年6月2日,三層,
RPQNMLTJKILFFAW17CA,52,37.04,店舖、住宅,加強磚造,53年6月1日,二層,一層 二層 陽台
RPQNMLLKKILFFAW09CA,2,72.27,集合住宅,鋼筋混凝土造,103年9月16日,三層,二層 陽台
RPQNMLLKKILFFAW09CA,2,4.88,共有部分：本共有部分之項目有樓梯間１項。,鋼筋混凝土造,103年9月16日,三層,
RPPNMLNKKILFFAW56CA,6,138.39,農舍,鋼筋混凝土造,99年6月2日,二層,一層 二層 陽台 見其他登記事項
RPRNMLTJKILFFAW27CA,19,102.14,住家用,鋼筋混凝土造,87年2月12日,四層,四層 陽台
RPRNMLTJKILFFAW27CA,19,11.06,共用部分,鋼筋混凝土造,87年2月12日,四層,
RPSNMLTJKILFFAW37CA,21,108.00,住家用,鋼筋混凝土造,84年8月15日,二層,一層 二層
RPSNMLNKKILFFAW86CA,35,129.00,住商用,鋼筋混凝土造,70年9月15日,二層,一層 二層
RPSNMLPKKILFFAW07CA,3,48.71,集合住宅,鋼筋混凝土造,103年1月28日,三層,一層 陽台
RPSNMLPKKILFFAW07CA,3,5.92,共有部分：本共有部分之項目計有樓梯間、陽台、閣樓等３項。,鋼筋混凝土造,103年1月28日,三層,
RPWNMLPKKILFFAW47CA,2,40.70,集合住宅,鋼筋混凝土造,104年2月4日,五層,三層 陽台 雨遮
RPWNMLPKKILFFAW47CA,2,12.86,共有部分：本共有部分之項目有電梯、梯廳、樓梯間、機房、水箱等５項。,鋼筋混凝土造,104年2月4日,五層,
RPRNMLPJJHMFFAW76CA,2,186.21,集合住宅,鋼筋混凝土造,104年4月30日,三層,一層 二層 三層 陽台
RPQNMLSKJILFFAW07CA,1,84.47,見其他登記事項,鋼筋混凝土造,105年4月1日,三層,二層
RPQNMLSKJILFFAW07CA,1,6.43,見其他登記事項,鋼筋混凝土造,105年4月1日,三層,
RPRNMLMLKILFFAW86DA,38,126.00,住商用,鋼筋混凝土造,68年4月15日,二層,一層 二層 騎樓
RPRNMLKLKILFFAW56CA,2,92.42,集合住宅,鋼筋混凝土造,103年9月16日,三層,二層 陽台
RPRNMLKLKILFFAW56CA,2,6.22,共有部分：本共有部分之項目有樓梯間１項。,鋼筋混凝土造,103年9月16日,三層,
RPRNMLOJJHMFFAW66CA,1,25.77,集合住宅,鋼筋混凝土造,105年1月26日,三層,三層 陽台
RPRNMLOJJHMFFAW66CA,1,8.76,共有部分：本共有部分之項目有車道、停車空間、消防蓄水池、蓄水箱、消防機械室、發電機室、樓梯間、電梯廳、管理室、電信室、玄關、大廳及陽台等１３項。,鋼筋混凝土造,105年1月26日,三層,
RPQNMLKMKILFFAW56CA,,68.90,見其他登記事項,鋼筋混凝土造,105年8月16日,三層,三層
RPQNMLKMKILFFAW56CA,,6.62,見其他登記事項,鋼筋混凝土造,105年8月16日,三層,
RPSNMLTLKILFFAW57CA,1,38.29,集合住宅,鋼筋混凝土造,104年11月25日,八層,三層 陽台
RPSNMLTLKILFFAW57CA,1,22.98,共有部分：本共有部分項目有：管委會空間、電樓梯間、梯廳、車道、走廊、防空避難室兼停車空間、受電箱、台電配電場所、電信機房、蓄水池、汙水處理機房、消防泵浦室、水箱等十三項。,鋼筋混凝土造,104年11月25日,八層,
RPPNMLNJJHMFFAW98CA,5,90.40,見其他登記事項,鋼筋混凝土造,100年7月6日,三層,二層
RPPNMLNJJHMFFAW98CA,5,5.40,見其他登記事項,鋼筋混凝土造,100年7月6日,三層,
RPPNMLSLKILFFAW27DA,22,84.00,見使用執照,鋼筋混凝土造,83年11月9日,三層,三層 陽台
RPRNMLRLKILFFAW27CA,5,175.83,集合住宅,鋼筋混凝土造,100年7月1日,三層,一層 二層 三層 陽台
RPTNMLSLKILFFAW67DA,1,104.52,見其他登記事項,鋼筋混凝土造,105年2月5日,三層,二層
RPTNMLSLKILFFAW67DA,1,5.69,見其他登記事項,鋼筋混凝土造,105年2月5日,三層,
RPSNMLSLKILFFAW47CA,27,211.11,住家用,鋼筋混凝土加強磚造,79年4月13日,三層,一層 二層 三層 陽台 平台
RPUNMLTLKILFFAW77CA,,70.48,集合住宅,鋼筋混凝土造,105年8月30日,三層,一層
RPUNMLTLKILFFAW77CA,,5.56,共有部分：本共有部分之項目有樓梯間１項。,鋼筋混凝土造,105年8月30日,三層,
RPPNMLPJJHMFFAW56CA,1,83.40,集合住宅,鋼筋混凝土造,104年11月25日,八層,五層 陽台 雨遮
RPPNMLPJJHMFFAW56CA,1,48.24,共有部分：本共有部分項目有：管委會空間、電樓梯間、梯廳、車道、走廊、防空避難室兼停車空間、受電箱、台電配電場所、電信機房、蓄水池、汙水處理機房、消防泵浦室、水箱等十三項。,鋼筋混凝土造,104年11月25日,八層,
RPSNMLPJJHMFFAW86CA,,151.25,集合住宅,鋼筋混凝土造,105年10月17日,三層,一層 二層 三層 陽台 雨遮
RPPNMLQKJHMFFAW76CA,,167.99,農舍,鋼筋混凝土造,105年11月3日,三層,一層 二層 三層 陽台
RPROMLSKJHMFFAW37DA,54,42.16,商業用,鋼筋混凝土造,51年8月15日,二層,一層 二層 騎樓
RPOOMLQKJHMFFAW86DA,,52.08,集合住宅,鋼筋混凝土造,105年11月25日,三層,三層 陽台
RPOOMLQKJHMFFAW86DA,,8.12,共有部分：本共有部分之項目有樓梯間一項。,鋼筋混凝土造,105年11月25日,三層,
RPROMLQKJHMFFAW17DA,,52.05,集合住宅,鋼筋混凝土造,105年11月25日,三層,二層 陽台
RPROMLQKJHMFFAW17DA,,8.12,共有部分：本共有部分之項目有樓梯間一項。,鋼筋混凝土造,105年11月25日,三層,
RPUOMLQKJHMFFAW47DA,,52.08,集合住宅,鋼筋混凝土造,105年11月25日,三層,二層 陽台
RPUOMLQKJHMFFAW47DA,,8.12,共有部分：本共有部分之項目有樓梯間一項。,鋼筋混凝土造,105年11月25日,三層,
RPPNMLKKJHMFFAW88DA,1,92.35,集合住宅,鋼筋混凝土造,105年4月19日,三層,三層 陽台
RPPNMLKKJHMFFAW88DA,1,6.12,共有部分：本共有部分之項目有樓梯間１項。,鋼筋混凝土造,105年4月19日,三層,
RPPNMLOLJHMFFAW66CA,1,75.45,集合住宅,鋼筋混凝土造,104年7月15日,三層,三層 陽台
RPPNMLOLJHMFFAW66CA,1,13.49,共有部分：本共有部分之項目有樓梯間１項。,鋼筋混凝土造,104年7月15日,三層,
RPPNMLSKJHMFFAW96CA,4,170.82,住家用,鋼筋混凝土造,101年12月26日,三層,一層 二層 三層 陽台 雨遮
RPTNMLQKJHMFFAW17CA,,77.61,集合住宅,鋼筋混凝土造,105年8月30日,三層,二層 陽台
RPTNMLQKJHMFFAW17CA,,6.16,共有部分：本共有部分之項目有樓梯間１項。,鋼筋混凝土造,105年8月30日,三層,
RPTOMLQKJHMFFAW27CA,1,83.43,集合住宅,鋼筋混凝土造,104年11月25日,八層,四層 陽台 雨遮
RPTOMLQKJHMFFAW27CA,1,48.24,共有部分：本共有部分項目有：管委會空間、電樓梯間、梯廳、車道、走廊、防空避難室兼停車空間、受電箱、台電配電場所、電信機房、蓄水池、汙水處理機房、消防泵浦室、水箱等十三項。,鋼筋混凝土造,104年11月25日,八層,
RPPNMLRKJHMFFAW96DA,19,66.26,見使用執照,鋼筋混凝土造,86年9月13日,七層,七層
RPPNMLRKJHMFFAW96DA,19,16.56,共用部分,鋼筋混凝土造,86年9月13日,七層,
RPQOMLSKJHMFFAW27DA,54,42.16,商業用,鋼筋混凝土造,51年8月15日,二層,一層 二層 騎樓
RPRPMLNKJHMFFAW86CA,,76.80,集合住宅,鋼筋混凝土造,105年8月30日,三層,二層 陽台
RPRPMLNKJHMFFAW86CA,,5.99,共有部分：本共有部分之項目有樓梯間１項。,鋼筋混凝土造,105年8月30日,三層,
RPTNMLNKJHMFFAW86CA,,80.72,見其他登記事項,鋼筋混凝土造,105年11月9日,三層,二層
RPTNMLNKJHMFFAW86CA,,13.71,見其他登記事項,鋼筋混凝土造,105年11月9日,三層,
RPXNMLQKJHMFFAW57CA,,76.80,集合住宅,鋼筋混凝土造,105年8月30日,三層,三層 陽台
RPXNMLQKJHMFFAW57CA,,5.99,共有部分：本共有部分之項目有樓梯間１項。,鋼筋混凝土造,105年8月30日,三層,
RPOOMLMKJHMFFAW98CA,,80.72,見其他登記事項,鋼筋混凝土造,105年11月9日,三層,三層
RPOOMLMKJHMFFAW98CA,,13.71,見其他登記事項,鋼筋混凝土造,105年11月9日,三層,
RPSOMLQKJHMFFAW17CA,1,38.29,集合住宅,鋼筋混凝土造,104年11月25日,八層,三層 陽台
RPSOMLQKJHMFFAW17CA,1,22.98,共有部分：本共有部分項目有：管委會空間、電樓梯間、梯廳、車道、走廊、防空避難室兼停車空間、受電箱、台電配電場所、電信機房、蓄水池、汙水處理機房、消防泵浦室、水箱等十三項。,鋼筋混凝土造,104年11月25日,八層,
RPQNMLSKJHMFFAW07CA,1,169.38,住家用,鋼筋混凝土造,104年9月18日,三層,一層 二層 三層 屋頂突出物
RPWNMLNKJHMFFAW17CA,,72.53,見其他登記事項,鋼筋混凝土造,105年11月9日,三層,一層
RPWNMLNKJHMFFAW17CA,,12.40,見其他登記事項,鋼筋混凝土造,105年11月9日,三層,
RPUNMLQKJHMFFAW27CA,,51.20,集合住宅,鋼筋混凝土造,105年8月30日,三層,一層 陽台
RPUNMLQKJHMFFAW27CA,,2.79,共有部分：本共有部分之項目有樓梯間１項。,鋼筋混凝土造,105年8月30日,三層,
RPVNMLQKJHMFFAW37CA,,80.66,集合住宅,鋼筋混凝土造,105年8月30日,三層,二層 陽台
RPVNMLQKJHMFFAW37CA,,4.65,共有部分：本共有部分之項目有樓梯間１項。,鋼筋混凝土造,105年8月30日,三層,
RPWNMLQKJHMFFAW47CA,,77.84,見其他登記事項,鋼筋混凝土造,105年11月9日,三層,三層
RPWNMLQKJHMFFAW47CA,,6.82,見其他登記事項,鋼筋混凝土造,105年11月9日,三層,
RPWOMLNKJHMFFAW27CA,,76.83,集合住宅,鋼筋混凝土造,105年8月30日,三層,二層 陽台
RPWOMLNKJHMFFAW27CA,,4.43,共有部分：本共有部分之項目有樓梯間１項。,鋼筋混凝土造,105年8月30日,三層,
RPWNMLMKJHMFFAW07CA,,77.17,見其他登記事項,鋼筋混凝土造,105年11月9日,三層,三層
RPWNMLMKJHMFFAW07CA,,6.82,見其他登記事項,鋼筋混凝土造,105年11月9日,三層,
RPXNMLSKJHMFFAW77CA,,69.73,集合住宅,鋼筋混凝土造,105年8月30日,三層,一層
RPXNMLSKJHMFFAW77CA,,5.39,共有部分：本共有部分之項目有樓梯間１項。,鋼筋混凝土造,105年8月30日,三層,
RPRNMLTKJHMFFAW27CA,,77.45,集合住宅,鋼筋混凝土造,105年4月21日,八層,一層 陽台
RPRNMLTKJHMFFAW27CA,,23.88,共有部分：本共有部分之項目有梯間、防空避難室兼停車空間、車道、升降機機道、機電消防室、電信室、台電配電室、清水池、消防水池、外廊、水錶室、水箱及電梯機房等１３項。,鋼筋混凝土造,105年4月21日,八層,
RPTNMLTKJHMFFAW47CA,,82.13,集合住宅,鋼筋混凝土造,105年4月21日,八層,七層 陽台 雨遮
RPTNMLTKJHMFFAW47CA,,23.97,共有部分：本共有部分之項目有梯間、防空避難室兼停車空間、車道、升降機機道、機電消防室、電信室、台電配電室、清水池、消防水池、外廊、水錶室、水箱及電梯機房等１３項。,鋼筋混凝土造,105年4月21日,八層,
RPPOMLSKJHMFFAW07CA,,79.34,集合住宅,鋼筋混凝土造,105年8月30日,三層,一層 陽台
RPPOMLSKJHMFFAW07CA,,4.32,共有部分：本共有部分之項目有樓梯間１項。,鋼筋混凝土造,105年8月30日,三層,
RPSNMLQJKHMFFAW17DA,,180.59,集合住宅,鋼筋混凝土造,105年10月19日,三層,一層 二層 三層 陽台 屋頂突出物
RPRNMLTJKHMFFAW37DA,,18.43,集合住宅,鋼筋混凝土造,105年10月19日,三層,二層 陽台
RPRNMLTJKHMFFAW37DA,,7.01,共有部分：本共有部分之項目有樓梯間及水箱等２項,鋼筋混凝土造,105年10月19日,三層,
SPRNMLTJKHMFFAW47DA,,21.80,集合住宅,鋼筋混凝土造,105年10月19日,三層,二層 陽台
SPRNMLTJKHMFFAW47DA,,8.29,共有部分：本共有部分之項目有樓梯間及水箱等２項,鋼筋混凝土造,105年10月19日,三層,
TPRNMLTJKHMFFAW57DA,,18.51,集合住宅,鋼筋混凝土造,105年10月19日,三層,三層 陽台
TPRNMLTJKHMFFAW57DA,,7.04,共有部分：本共有部分之項目有樓梯間及水箱等２項,鋼筋混凝土造,105年10月19日,三層,
UPRNMLTJKHMFFAW67DA,,18.43,集合住宅,鋼筋混凝土造,105年10月19日,三層,三層 陽台
UPRNMLTJKHMFFAW67DA,,7.01,共有部分：本共有部分之項目有樓梯間及水箱等２項,鋼筋混凝土造,105年10月19日,三層,
VPRNMLTJKHMFFAW77DA,,21.67,集合住宅,鋼筋混凝土造,105年10月19日,三層,三層 陽台
VPRNMLTJKHMFFAW77DA,,8.24,共有部分：本共有部分之項目有樓梯間及水箱等２項,鋼筋混凝土造,105年10月19日,三層,
WPRNMLTJKHMFFAW87DA,,29.45,集合住宅,鋼筋混凝土造,105年10月19日,三層,三層 陽台
WPRNMLTJKHMFFAW87DA,,11.20,共有部分：本共有部分之項目有樓梯間及水箱等２項,鋼筋混凝土造,105年10月19日,三層,
RPQNMLNKKHMFFAW66CA,1,64.90,集合住宅,鋼筋混凝土造,104年12月30日,三層,一層
RPQNMLNKKHMFFAW66CA,1,4.42,共有部分：本共有部分之項目有樓梯間及陽台等二項。,鋼筋混凝土造,104年12月30日,三層,
RPTNMLNJKHMFFAW86CA,,208.78,住家用,鋼筋混凝土造,105年10月6日,三層,一層 二層 三層 陽台
RPSNMLNJKHMFFAW76CA,,208.78,住家用,鋼筋混凝土造,105年10月6日,三層,一層 二層 三層 陽台
RPQNMLNJKHMFFAW56CA,,208.78,住家用,鋼筋混凝土造,105年10月6日,三層,一層 二層 三層 陽台
RPUNMLNJKHMFFAW96CA,,208.78,住家用,鋼筋混凝土造,105年10月6日,三層,一層 二層 三層 陽台
RPRNMLNJKHMFFAW66CA,,208.78,住家用,鋼筋混凝土造,105年10月6日,三層,一層 二層 三層 陽台
SPQNMLNKKHMFFAW76CA,1,67.24,集合住宅,鋼筋混凝土造,104年12月30日,三層,二層 陽台
SPQNMLNKKHMFFAW76CA,1,4.42,共有部分：本共有部分之項目有樓梯間及陽台等二項。,鋼筋混凝土造,104年12月30日,三層,
RPQNMLOKKHMFFAW76CA,,89.44,集合住宅,鋼筋混凝土造,105年11月23日,三層,一層
RPQNMLOKKHMFFAW76CA,,5.55,共有部分：本共有部分之項目有樓梯間１項。,鋼筋混凝土造,105年11月23日,三層,
RPQNMLQJKHMFFAW96DA,,47.58,集合住宅,鋼筋混凝土造,105年10月18日,三層,三層 陽台 雨遮
RPQNMLQJKHMFFAW96DA,,3.33,共有部分：本共有部分之項目有樓梯間及雨遮等２項。,鋼筋混凝土造,105年10月18日,三層,
RPTNMLNLJHMFFAW96CA,,77.61,集合住宅,鋼筋混凝土造,105年8月30日,三層,三層 陽台
RPTNMLNLJHMFFAW96CA,,6.16,共有部分：本共有部分之項目有樓梯間１項。,鋼筋混凝土造,105年8月30日,三層,
RPPNMLNLJHMFFAW56CA,90,20.86,住家用,見其他登記事項,15年10月15日,一層,一層
TPQNMLNKKHMFFAW86CA,1,67.24,集合住宅,鋼筋混凝土造,104年12月30日,三層,三層 陽台
TPQNMLNKKHMFFAW86CA,1,4.42,共有部分：本共有部分之項目有樓梯間及陽台等二項。,鋼筋混凝土造,104年12月30日,三層,
RPUNMLNLJHMFFAW07CA,,245.98,住家用,鋼筋混凝土造,105年10月27日,三層,一層 二層 三層 陽台 屋頂突出物 地下一層
RPPNMLNJKHMFFAW09CA,,102.31,集合住宅,鋼筋混凝土造,105年11月23日,三層,二層 陽台
RPPNMLNJKHMFFAW09CA,,5.55,共有部分：本共有部分之項目有樓梯間１項。,鋼筋混凝土造,105年11月23日,三層,
RPUOMLPLJHMFFAW37CA,,146.85,集合住宅,鋼筋混凝土造,105年10月18日,三層,一層 二層 三層 陽台
RPTOMLPLJHMFFAW27CA,1,32.40,共有部分：本共有部分項目有：管委會空間、電樓梯間、梯廳、車道、走廊、防空避難室兼停車空間、受電箱、台電配電場所、電信機房、蓄水池、汙水處理機房、消防泵浦室、水箱等十三項。,鋼筋混凝土造,104年11月25日,八層,
RPQOMLPLJHMFFAW96CA,,76.68,集合住宅,鋼筋混凝土造,105年10月17日,三層,一層 陽台 雨遮
RPQOMLPLJHMFFAW96CA,,11.23,共有部分：本共有部分之項目有樓梯間１項。,鋼筋混凝土造,105年10月17日,三層,
RPPNMLMJKHMFFAW98CA,2,146.99,農舍,鋼筋混凝土造,103年11月6日,二層,一層 二層 陽台 屋頂突出物
RPWOMLPLJHMFFAW57CA,1,122.01,集合住宅,鋼筋混凝土造,105年4月13日,三層,一層 陽台
RPWOMLPLJHMFFAW57CA,1,8.89,共有部分：本共有部分之項目有樓梯間及雨遮等２項。,鋼筋混凝土造,105年4月13日,三層,
RPRNMLQJKHMFFAW07DA,9,73.35,集合住宅,鋼筋混凝土造,96年10月24日,三層,一層 陽台
RPRNMLQJKHMFFAW07DA,9,17.60,樓梯間,鋼筋混凝土造,96年10月24日,三層,
RPQNMLMJKHMFFAW56DA,,63.02,集合住宅,鋼筋混凝土造,105年10月18日,三層,三層 陽台 雨遮
RPQNMLMJKHMFFAW56DA,,4.40,共有部分：本共有部分之項目有樓梯間及雨遮等２項。,鋼筋混凝土造,105年10月18日,三層,
RPPNMLQJKHMFFAW76CA,37,134.82,住商用,鋼筋混凝土造,69年2月26日,三層,一層 二層 三層 平台
RPRNMLSJLHMFFAW37DA,,146.57,集合住宅,鋼筋混凝土造,105年10月18日,三層,一層 二層 三層 陽台
