﻿鄉鎮市區,交易標的,土地位置建物門牌,土地移轉總面積平方公尺,都市土地使用分區,非都市土地使用分區,非都市土地使用編定,交易年月日,交易筆棟數,移轉層次,總樓層數,建物型態,主要用途,主要建材,建築完成年月,建物移轉總面積平方公尺,建物現況格局-房,建物現況格局-廳,建物現況格局-衛,建物現況格局-隔間,有無管理組織,總價元,單價元平方公尺,車位類別,車位移轉總面積(平方公尺),車位總價元,備註,編號,主建物面積,附屬建物面積,陽台面積,電梯,移轉編號
The villages and towns urban district,transaction sign,land sector position building sector house number plate,land shifting total area square meter,the use zoning or compiles and checks,the non-metropolis land use district,non-metropolis land use,transaction year month and day,transaction pen number,shifting level,total floor number,building state,main use,main building materials,construction to complete the years,building shifting total area,Building present situation pattern - room,building present situation pattern - hall,building present situation pattern - health,building present situation pattern - compartmented,Whether there is manages the organization,total price NTD,the unit price (NTD / square meter),the berth category,berth shifting total area square meter,the berth total price NTD,the note,serial number,,,,,
金寧鄉,房地(土地+建物),金門縣金寧鄉下堡１００之２１號,11.6,其他,,,1050912,土地1建物1車位0,一層,三層,套房(1房1廳1衛),集合住宅,鋼筋混凝土造,1031020,23.06,1,1,1,有,無,1650000,71552,,0.0,0,,RPRNMLNJJILFFAW56CA,18.54,0.0,1.0,,
金寧鄉,房地(土地+建物),金門縣金寧鄉下堡１００之２９號二樓,17.77,其他,,,1050912,土地1建物1車位0,二層,三層,套房(1房1廳1衛),集合住宅,鋼筋混凝土造,1031016,31.790000000000003,1,1,1,有,無,2250000,70777,,0.0,0,,SPRNMLNJJILFFAW66CA,26.02,0.0,1.58,,
金城鎮,房地(土地+建物),金門縣金城鎮珠沙里小西門20號,62.27,其他,,,1051024,土地1建物1車位0,全,一層,透天厝,住家用,鋼筋混凝土加強磚造,0770701,48.26,3,2,1,有,無,1750000,36262,,0.0,0,,RPVNMLMJJILFFAW96DA,48.26,0.0,0.0,,
金寧鄉,土地,長寮段80地號,280.28,其他,,,1051027,土地1建物0車位0,,,其他,,,,0.0,0,0,0,有,無,3074307,10969,,0.0,0,,RPROMLNJJILFFAW66CA,0.0,0.0,0.0,,
金城鎮,土地,城南段674地號,279.57,其他,,,1051024,土地1建物0車位0,,,其他,,,,0.0,0,0,0,有,無,17000000,60808,,0.0,0,,RPPNMLNJJILFFAW98CA,0.0,0.0,0.0,,
金城鎮,土地,前山前段21-1地號,201.0,住,,,1050920,土地2建物0車位0,,,其他,,,,0.0,0,0,0,有,無,3600000,17910,,0.0,0,,RPTNMLOJJILFFAW86CA,0.0,0.0,0.0,,
烈嶼鄉,土地,西方劃測段343地號,1590.01,其他,,,1051007,土地3建物0車位0,,,其他,,,,0.0,0,0,0,有,無,6114036,3845,,0.0,0,,RPQNMLSJJILFFAW96CA,0.0,0.0,0.0,,
金沙鎮,土地,汶沙段260-1地號,609.6,其他,,,1051025,土地2建物0車位0,,,其他,,,,0.0,0,0,0,有,無,35200000,57743,,0.0,0,含未登記建物乙棟。,RPTNMLSLJILFFAW57DA,0.0,0.0,0.0,,
金城鎮,土地,東紅山段989地號,580.21,農,,,1051028,土地1建物0車位0,,,其他,,,,0.0,0,0,0,有,無,1600000,2758,,0.0,0,,RPPNMLPKJILFFAW76DA,0.0,0.0,0.0,,
金寧鄉,土地,湖尾段1167地號,1061.67,農,,,1051024,土地5建物0車位0,,,其他,,,,0.0,0,0,0,有,無,1240000,1168,,0.0,0,沒有通路之農業用地,RPRNMLKKJILFFAW98CA,0.0,0.0,0.0,,
金湖鎮,房地(土地+建物),金門縣金湖鎮市港三路２２７號５樓之１,12.17,住,,,1050921,土地1建物1車位0,五層,八層,華廈(10層含以下有電梯),集合住宅,鋼筋混凝土造,1041125,66.08,1,2,1,有,有,4570000,69159,,0.0,0,,RPTNMLQKJILFFAW17CA,36.64,0.0,4.65,,
金湖鎮,房地(土地+建物),金門縣金湖鎮料羅新村５１９號三樓,42.43,住,,,1051025,土地1建物1車位0,三層,三層,公寓(5樓含以下無電梯),集合住宅,鋼筋混凝土造,1041230,71.66,2,2,2,有,無,3500000,48842,,0.0,0,,RPTNMLLLJILFFAW76CA,64.9,0.0,2.34,,
金寧鄉,房地(土地+建物),金門縣金寧鄉湖下９５號,55.5,其他,,,1051018,土地1建物1車位0,全,一層,透天厝,,,0300118,40.66,4,1,1,有,無,780000,19183,,0.0,0,親友、員工或其他特殊關係間之交易。,RPSNMLKKJILFFAW09CA,38.51,0.0,2.15,,
金寧鄉,土地,寧湖一劃段35地號,1576.59,農,,,1051024,土地1建物0車位0,,,其他,,,,0.0,0,0,0,有,無,18000000,11417,,0.0,0,,RPTNMLKKJILFFAW56CA,0.0,0.0,0.0,,
金沙鎮,土地,東店段155地號,239.7,其他,,,1050929,土地2建物0車位0,,,其他,,,,0.0,0,0,0,有,無,958081,3997,,0.0,0,水廠價購,RPUNMLKKJILFFAW66CA,0.0,0.0,0.0,,
金寧鄉,土地,寧安二劃段360地號,1466.67,農,,,1051003,土地3建物0車位0,,,其他,,,,0.0,0,0,0,有,無,7340000,5005,,0.0,0,,RPWNMLKKJILFFAW86CA,0.0,0.0,0.0,,
金沙鎮,土地,保生段5地號,279.8,住,,,1051104,土地2建物0車位0,,,其他,,,,0.0,0,0,0,有,無,7150000,25554,,0.0,0,,RPQNMLKKJILFFAW88CA,0.0,0.0,0.0,,
金湖鎮,房地(土地+建物),金門縣金湖鎮新塘27號,128.24,住,,,1050929,土地1建物1車位0,全,三層,透天厝,集合住宅,鋼筋混凝土造,1050823,182.83,5,1,4,有,無,8500000,46491,,0.0,0,,RPRNMLLJKILFFAW56DA,168.04,0.0,14.79,,
金湖鎮,房地(土地+建物),金門縣金湖鎮新塘23號,256.48,住,,,1050929,土地0建物2車位0,全,三層,透天厝,集合住宅,鋼筋混凝土造,1050823,365.66,5,1,4,有,無,16000000,43756,,0.0,0,交易總價含土地價格，本案為原地土配偶向建商購買,RPUNMLLJKILFFAW86DA,336.08,0.0,29.58,,
金寧鄉,土地,鎮西段377-1地號,191.86,其他,,,1051102,土地1建物0車位0,,,其他,,,,0.0,0,0,0,有,無,2562000,13353,,0.0,0,,RPPNMLSLJILFFAW17DA,0.0,0.0,0.0,,
金湖鎮,土地,中五劃段760-1地號,573.0,其他,,,1051024,土地1建物0車位0,,,其他,,,,0.0,0,0,0,有,無,1950000,3403,,0.0,0,買方有2人持分各1/2其中1人為二親等之間買賣,RPRNMLNLJILFFAW86DA,0.0,0.0,0.0,,
金城鎮,土地,祥和段76地號,204.8,農,,,1051101,土地1建物0車位0,,,其他,,,,0.0,0,0,0,有,無,1228800,6000,,0.0,0,,RPQNMLQKJILFFAW86CA,0.0,0.0,0.0,,
金城鎮,土地,祥和段77地號,170.03,其他,,,1051101,土地1建物0車位0,,,其他,,,,0.0,0,0,0,有,無,1020180,6000,,0.0,0,,RPRNMLQKJILFFAW96CA,0.0,0.0,0.0,,
金城鎮,土地,祥和段78地號,273.92,農,,,1051101,土地1建物0車位0,,,其他,,,,0.0,0,0,0,有,無,1643520,6000,,0.0,0,,RPSNMLQKJILFFAW07CA,0.0,0.0,0.0,,
金寧鄉,土地,北二三劃測段507-1地號,500.01,農,,,1051107,土地1建物0車位0,,,其他,,,,0.0,0,0,0,有,無,2400000,4800,,0.0,0,,RPPNMLQKJILFFAW76CA,0.0,0.0,0.0,,
金沙鎮,土地,后宅測段32地號,526.54,農,,,1051108,土地1建物0車位0,,,其他,,,,0.0,0,0,0,有,無,737156,1400,,0.0,0,國有地購回,RPVNMLLLJILFFAW96CA,0.0,0.0,0.0,,
金湖鎮,房地(土地+建物),金門縣金湖鎮市港三路２２５號８樓之７,19.93,住,,,1051012,土地1建物1車位0,八層,八層,華廈(10層含以下有電梯),集合住宅,鋼筋混凝土造,1041125,110.27,2,2,2,有,無,6150000,55772,,0.0,0,,RPWNMLPLJILFFAW47CA,60.27,1.26,7.85,,
金沙鎮,土地,東珩段334-1地號,227.45,其他,,,1051031,土地4建物0車位0,,,其他,,,,0.0,0,0,0,有,無,578329,2543,,0.0,0,,RPRNMLRKJILFFAW07CA,0.0,0.0,0.0,,
金湖鎮,土地,湖前段863-2地號,200.14,其他,,,1051103,土地6建物0車位0,,,其他,,,,0.0,0,0,0,有,無,3236634,16172,,0.0,0,,RPTNMLRKJILFFAW27CA,0.0,0.0,0.0,,
金寧鄉,土地,寧湖三劃段103地號,1047.0,農,,,1051110,土地2建物0車位0,,,其他,,,,0.0,0,0,0,有,無,4367500,4171,,0.0,0,,RPQNMLMJKILFFAW56DA,0.0,0.0,0.0,,
金湖鎮,土地,夏興段1315-19地號,16.85,其他,,,1051115,土地1建物0車位0,,,其他,,,,0.0,0,0,0,有,無,80000,4748,,0.0,0,,RPWNMLLLJILFFAW17DA,0.0,0.0,0.0,,
金寧鄉,土地,寧湖三劃段233地號,373.0,農,,,1051019,土地1建物0車位0,,,其他,,,,0.0,0,0,0,有,無,4849000,13000,,0.0,0,,RPQNMLLLJILFFAW09CA,0.0,0.0,0.0,,
金寧鄉,土地,長寮段746地號,699.98,農,,,1051019,土地1建物0車位0,,,其他,,,,0.0,0,0,0,有,無,9100000,13000,,0.0,0,,RPRNMLLLJILFFAW56CA,0.0,0.0,0.0,,
金寧鄉,土地,安西劃段684地號,382.72,農,,,1051019,土地1建物0車位0,,,其他,,,,0.0,0,0,0,有,無,4975360,13000,,0.0,0,,RPSNMLLLJILFFAW66CA,0.0,0.0,0.0,,
金寧鄉,房地(土地+建物),金門縣金寧鄉頂埔下２９號二樓之１１,16.76,住,,,1051028,土地1建物1車位0,二層,三層,華廈(10層含以下有電梯),集合住宅,鋼筋混凝土造,1050126,35.12,1,1,1,有,無,2400000,68337,,0.0,0,,RPUNMLLLJILFFAW86CA,22.76,0.0,3.6,,
金城鎮,房地(土地+建物),金門縣金城鎮金門城８９之７號二樓,37.6,住,,,1051111,土地1建物1車位0,二層,三層,公寓(5樓含以下無電梯),,,1050509,63.26,2,2,2,有,無,1350000,21340,,0.0,0,其他特殊關係間之交易。,RPQNMLNKKILFFAW66CA,50.77,0.0,7.19,,
金寧鄉,房地(土地+建物),金門縣金寧鄉湖下５之５號二樓,53.79,其他,,,1051018,土地1建物1車位0,二層,三層,公寓(5樓含以下無電梯),,,1050401,90.9,3,2,2,有,無,5700000,62706,,0.0,0,,RPQNMLSKJILFFAW07CA,77.77,0.0,6.7,,
金城鎮,房地(土地+建物),金門縣金城鎮金門城１９之５號,36.33,住,,,1051026,土地1建物1車位0,一層,三層,公寓(5樓含以下無電梯),,,1050119,60.94,2,1,2,有,無,4200000,68932,,0.0,0,,RPXNMLPLJILFFAW57CA,53.26,0.0,0.0,,
金寧鄉,房地(土地+建物),金門縣金寧鄉上后垵５６號,371.39,農,,,1051006,土地1建物1車位0,一層，二層，屋頂突出物,二層,農舍,農舍,鋼筋混凝土造,0981016,274.69,7,2,4,有,無,14000000,,,0.0,0,基地內加蓋3房2衛1廳,RPXNMLLLJILFFAW17CA,249.63,0.0,25.06,,
烈嶼鄉,土地,烈濱劃測段156地號,600.0,農,,,1051111,土地1建物0車位0,,,其他,,,,0.0,0,0,0,有,無,1680000,2800,,0.0,0,,RPQOMLLJKILFFAW56DA,0.0,0.0,0.0,,
金湖鎮,房地(土地+建物),金門縣金湖鎮料羅50之5號3樓,52.45,其他,,,1051101,土地1建物1車位0,三層,三層,公寓(5樓含以下無電梯),集合住宅,鋼筋混凝土造,1050419,98.47,3,2,2,有,無,4650000,47218,,0.0,0,,RPVNMLNLJILFFAW27DA,79.1,0.0,13.25,,
金城鎮,房地(土地+建物),金門縣金城鎮金門城１９之５號二樓,36.33,住,,,1051103,土地1建物1車位0,二層,三層,公寓(5樓含以下無電梯),,,1050119,66.2,2,1,2,有,無,4300000,64955,,0.0,0,,RPQNMLNLJILFFAW66CA,53.26,0.0,5.26,,
金寧鄉,土地,東洲段1092地號,1837.42,住,,,1051004,土地3建物0車位0,,,其他,,,,0.0,0,0,0,有,無,8000000,4354,,0.0,0,,RPPNMLOLJILFFAW66CA,0.0,0.0,0.0,,
金湖鎮,土地,太湖劃測段905地號,1000.13,其他,,,1051114,土地1建物0車位0,,,其他,,,,0.0,0,0,0,有,無,6730000,6729,,0.0,0,土地增值稅1643127元由買方負擔,RPPNMLKMJILFFAW98CA,0.0,0.0,0.0,,
金寧鄉,土地,寧安四劃段416地號,587.0,農,,,1051111,土地1建物0車位0,,,其他,,,,0.0,0,0,0,有,無,450000,767,,0.0,0,,RPPNMLQKKILFFAW86CA,0.0,0.0,0.0,,
金沙鎮,土地,官嶼劃段420地號,496.0,農,,,1051110,土地1建物0車位0,,,其他,,,,0.0,0,0,0,有,無,1300000,2621,,0.0,0,,RPQNMLOLJILFFAW86DA,0.0,0.0,0.0,,
金寧鄉,土地,后盤山段245地號,2942.31,農,,,1051108,土地5建物0車位0,,,其他,,,,0.0,0,0,0,有,無,3250000,1105,,0.0,0,,RPUNMLQJKILFFAW27CA,0.0,0.0,0.0,,
金寧鄉,土地,后盤山段173地號,3070.75,農,,,1051108,土地5建物0車位0,,,其他,,,,0.0,0,0,0,有,無,3250000,1058,,0.0,0,,RPVNMLQJKILFFAW37CA,0.0,0.0,0.0,,
金沙鎮,土地,沙宅劃段32地號,1000.0,農,,,1051018,土地1建物0車位0,,,其他,,,,0.0,0,0,0,有,無,2880000,2880,,0.0,0,,RPQNMLRJKILFFAW96CA,0.0,0.0,0.0,,
金寧鄉,土地,寧湖三劃段412-1地號,1460.0,農,,,1050829,土地3建物0車位0,,,其他,,,,0.0,0,0,0,有,無,10950000,7500,,0.0,0,,RPPNMLPJKILFFAW66CA,0.0,0.0,0.0,,
金寧鄉,土地,北二三劃測段358-1地號,1329.81,農,,,1051117,土地2建物0車位0,,,其他,,,,0.0,0,0,0,有,無,11200000,8422,,0.0,0,,RPPNMLPLJILFFAW76CA,0.0,0.0,0.0,,
金沙鎮,房地(土地+建物),金門縣金沙鎮陽翟３０８號,99.39,其他,,,1041112,土地1建物1車位0,全,三層,透天厝,住家用,鋼筋混凝土造,1040918,169.01,5,2,5,有,無,6800000,40234,,0.0,0,,RPUNMLPLJILFFAW27CA,169.01,0.0,0.0,,
金沙鎮,房地(土地+建物),金門縣金沙鎮陽翟３０７號,111.28,其他,,,1041118,土地1建物1車位0,全,三層,透天厝,住家用,鋼筋混凝土造,1040918,171.82,5,2,5,有,無,7200000,41904,,0.0,0,,RPVNMLPLJILFFAW37CA,171.82,0.0,0.0,,
金沙鎮,土地,西園測段41地號,1728.24,其他,,,1051123,土地5建物0車位0,,,其他,,,,0.0,0,0,0,有,無,4829000,2794,,0.0,0,,RPQNMLSLJILFFAW17CA,0.0,0.0,0.0,,
金湖鎮,房地(土地+建物),金門縣金湖鎮湖前２６１號,188.72,住,,,1051108,土地3建物1車位0,全,三層,透天厝,住家用,鋼筋混凝土造,1041230,146.69,5,2,4,有,無,8600000,58627,,0.0,0,增值稅由買方支付,RPSNMLSLJILFFAW37CA,139.43,0.0,7.26,,
金寧鄉,土地,寧湖三劃段126-1地號,465.76,農,,,1051123,土地1建物0車位0,,,其他,,,,0.0,0,0,0,有,無,2500000,5368,,0.0,0,,RPQNMLTLJILFFAW27CA,0.0,0.0,0.0,,
金湖鎮,房地(土地+建物),金門縣金湖鎮市港三路２２５號４樓之９,11.27,住,,,1051109,土地1建物1車位0,四層,八層,華廈(10層含以下有電梯),集合住宅,鋼筋混凝土造,1041125,61.269999999999996,1,2,1,有,有,3980000,64958,,0.0,0,,RPQNMLPJKILFFAW76CA,33.64,0.0,4.65,,
金寧鄉,房地(土地+建物),金門縣金寧鄉安岐２０６號,50.92,其他,,,1051102,土地1建物1車位0,一層,三層,公寓(5樓含以下無電梯),集合住宅,鋼筋混凝土造,1040529,88.57,3,2,2,有,無,5380000,60743,,0.0,0,,RPTNMLLJKILFFAW66CA,75.32,0.0,8.2,,
金城鎮,房地(土地+建物),金門縣金城鎮民權路２２６巷２弄１５號二樓,27.6,住,,,1051116,土地1建物1車位0,二層,十層,華廈(10層含以下有電梯),集合住宅,鋼筋混凝土造,1011128,131.97,3,2,2,有,無,9350000,70849,,0.0,0,,RPPNMLRJKILFFAW86CA,85.13,6.26,9.16,,
金城鎮,房地(土地+建物),金門縣金城鎮西海路三段23號,101.8,其他,,,1051025,土地1建物1車位0,全,,透天厝,,,,160.0,4,1,5,有,無,13500000,84375,,0.0,0,,RPTNMLKLKILFFAW86DA,0.0,0.0,0.0,,
金城鎮,土地,祥安段592地號,106.46,其他,,,1051124,土地1建物0車位0,,,其他,,,,0.0,0,0,0,有,無,5386237,50594,,0.0,0,,RPRNMLSLJILFFAW37DA,0.0,0.0,0.0,,
金湖鎮,土地,湖前段918-6地號,43.02,其他,,,1051129,土地1建物0車位0,,,其他,,,,0.0,0,0,0,有,無,692622,16100,,0.0,0,包含公共設施保留地之交易。,RPPOMLLJKILFFAW09DA,0.0,0.0,0.0,,
金沙鎮,土地,山后段926地號,438.09,農,,,1051105,土地1建物0車位0,,,其他,,,,0.0,0,0,0,有,無,1200000,2739,,0.0,0,親友、員工或其他特殊關係間之交易。,RPPNMLSJKILFFAW07DA,0.0,0.0,0.0,,
金寧鄉,土地,下后垵段11-3地號,585.0,其他,,,1051119,土地2建物0車位0,,,其他,,,,0.0,0,0,0,有,無,7150000,12222,,0.0,0,,RPPNMLTJKILFFAW07CA,0.0,0.0,0.0,,
金城鎮,房地(土地+建物),金門縣金城鎮小西門４５之５號,143.19,其他,,,1051021,土地1建物1車位0,全,三層,透天厝,住家用,鋼筋混凝土造,1030311,193.69,5,1,5,有,無,10500000,54210,,0.0,0,,RPPNMLLKKILFFAW98CA,185.16,0.0,8.53,,
金湖鎮,房地(土地+建物),金門縣金湖鎮市港三路１３５之１號四樓,13.83,住,,,1051003,土地1建物1車位0,四層,七層,華廈(10層含以下有電梯),集合住宅,鋼筋混凝土造,1050617,72.38,2,1,1,有,無,4450000,61481,,0.0,0,,RPWNMLLJKILFFAW96CA,41.78,3.44,6.76,,
金城鎮,房地(土地+建物),金門縣金城鎮前水頭１５５之１號二樓之１,11.83,其他,,,1051123,土地1建物1車位0,二層,三層,套房(1房1廳1衛),,,1050125,24.53,1,1,1,有,無,2000000,81533,,0.0,0,,RPOOMLLJKILFFAW88CA,0.0,0.0,0.0,,
金寧鄉,土地,寧湖一劃段20地號,869.99,農,,,1051114,土地1建物0車位0,,,其他,,,,0.0,0,0,0,有,無,10500000,12069,,0.0,0,,RPRNMLMJKILFFAW56CA,0.0,0.0,0.0,,
金寧鄉,土地,安岐村段260-1地號,51.75,其他,,,1051026,土地1建物0車位0,,,其他,,,,0.0,0,0,0,有,無,1100000,21256,,0.0,0,,RPRNMLPJKILFFAW86CA,0.0,0.0,0.0,,
金寧鄉,土地,寧湖二劃測段528地號,768.69,農,,,1051118,土地1建物0車位0,,,其他,,,,0.0,0,0,0,有,無,3100000,4033,,0.0,0,,RPSNMLMJKILFFAW66CA,0.0,0.0,0.0,,
烈嶼鄉,土地,陵水湖測段974-1地號,866.11,農,,,1051110,土地2建物0車位0,,,其他,,,,0.0,0,0,0,有,無,4800000,5542,,0.0,0,,RPTNMLMJKILFFAW76CA,0.0,0.0,0.0,,
金沙鎮,土地,高陽段87地號,568.64,農,,,1051117,土地1建物0車位0,,,其他,,,,0.0,0,0,0,有,無,1600000,2814,,0.0,0,,RPRNMLNKKILFFAW76CA,0.0,0.0,0.0,,
金城鎮,土地,山前段407-1地號,786.41,農,,,1051206,土地2建物0車位0,,,其他,,,,0.0,0,0,0,有,無,8000000,10173,,0.0,0,,RPPNMLNLKILFFAW66CA,0.0,0.0,0.0,,
金湖鎮,土地,峰上段1107-1地號,177.0,住,,,1051108,土地1建物0車位0,,,其他,,,,0.0,0,0,0,有,無,725700,4100,,0.0,0,親友、員工或其他特殊關係間之交易。,RPPNMLMKKILFFAW09CA,0.0,0.0,0.0,,
金湖鎮,土地,峰上段1107地號,177.0,住,,,1051108,土地1建物0車位0,,,其他,,,,0.0,0,0,0,有,無,725700,4100,,0.0,0,親友、員工或其他特殊關係間之交易。,RPQNMLMKKILFFAW56CA,0.0,0.0,0.0,,
金城鎮,房地(土地+建物),金門縣金城鎮民生路４５巷４弄２號　　,62.11,住,,,1051130,土地2建物1車位0,全,三層,透天厝,住商用,鋼筋混凝土造,0750615,165.58,5,2,3,有,無,11100000,67037,,0.0,0,,RPQNMLPKKILFFAW86CA,160.94,0.0,4.64,,
金寧鄉,土地,寧安四劃段392-3地號,236.5,其他,,,1051109,土地2建物0車位0,,,其他,,,,0.0,0,0,0,有,無,6500000,27484,,0.0,0,,RPSNMLPJKILFFAW96CA,0.0,0.0,0.0,,
金湖鎮,土地,太湖劃測段951-1地號,952.56,工,,,1051122,土地2建物0車位0,,,其他,,,,0.0,0,0,0,有,無,8068000,8470,,0.0,0,,RPRNMLQJKILFFAW96CA,0.0,0.0,0.0,,
金寧鄉,房地(土地+建物),金門縣金寧鄉榜林村榜林29之5號3樓,69.83,住,,,1051117,土地2建物1車位0,三層,三層,公寓(5樓含以下無電梯),,,1050629,104.13999999999999,3,2,2,有,無,6380000,61264,,0.0,0,,RPQNMLQJKILFFAW96DA,88.47,0.0,7.13,,
金沙鎮,土地,沙港劃段242地號,3476.14,農,,,1051201,土地4建物0車位0,,,其他,,,,0.0,0,0,0,有,無,15642652,4500,,0.0,0,,RPTNMLQJKILFFAW27DA,0.0,0.0,0.0,,
金城鎮,房地(土地+建物),金門縣金城鎮金門城１０６之８號,57.07,其他,,,1051111,土地1建物1車位0,一層,三層,公寓(5樓含以下無電梯),集合住宅,鋼筋混凝土造,1050602,92.69,3,2,2,有,無,5300000,57174,,0.0,0,,RPSNMLQJKILFFAW07CA,80.67,0.0,5.88,,
金寧鄉,房地(土地+建物),金門縣金寧鄉下埔下３３３號,275.51,農,,,1051121,土地1建物1車位0,一層，二層,二層,農舍,農舍,鋼筋混凝土造,0990602,138.39,4,1,6,有,無,10000000,,,0.0,0,,RPPNMLNKKILFFAW56CA,98.83,19.01,20.55,,
金寧鄉,房地(土地+建物),金門縣金寧鄉西浦頭７９之７號,109.71,其他,,,1051201,土地1建物1車位0,全,三層,透天厝,集合住宅,鋼筋混凝土造,1040430,186.21,5,2,5,有,無,7500000,40277,,0.0,0,,RPRNMLPJJHMFFAW76CA,178.44,0.0,7.77,,
金寧鄉,房地(土地+建物),金門縣金寧鄉前厝４９號二樓,49.67,其他,,,1051108,土地1建物1車位0,二層,三層,公寓(5樓含以下無電梯),集合住宅,鋼筋混凝土造,1030916,77.14999999999999,2,1,2,有,無,5000000,64809,,0.0,0,,RPQNMLLKKILFFAW09CA,69.01,0.0,3.26,,
金城鎮,房地(土地+建物),金門縣金城鎮中興路４２號,18.52,商,,,1051031,土地2建物1車位0,全,二層,透天厝,店舖、住宅,加強磚造,0530601,37.04,0,0,0,無,無,4600000,124190,,0.0,0,,RPQNMLTJKILFFAW17CA,29.66,0.0,7.38,,
金城鎮,房地(土地+建物),金門縣金城鎮民權路１２２巷５弄１號４樓,39.17,住,,,1051027,土地1建物1車位0,四層,四層,公寓(5樓含以下無電梯),住家用,鋼筋混凝土造,0870212,113.2,8,1,6,有,無,8430000,74470,,0.0,0,,RPRNMLTJKILFFAW27CA,81.36,0.0,20.78,,
金城鎮,房地(土地+建物),金門縣金寧鄉伯玉路一段２７７號,86.54,其他,,,1051124,土地3建物1車位0,全,二層,透天厝,住家用,鋼筋混凝土造,0840815,108.0,4,2,2,有,無,1700000,15741,,0.0,0,親友、員工或其他特殊關係間之交易。,RPSNMLTJKILFFAW37CA,108.0,0.0,0.0,,
金湖鎮,房地(土地+建物),金門縣金湖鎮小徑７５之１號,91.0,住,,,1051116,土地1建物1車位0,全,二層,透天厝,住商用,鋼筋混凝土造,0700915,129.0,3,2,2,有,無,8800000,68217,,0.0,0,,RPSNMLNKKILFFAW86CA,129.0,0.0,0.0,,
金寧鄉,土地,埔邊村段41-3地號,1.86,住,,,1051205,土地1建物0車位0,,,其他,,,,0.0,0,0,0,有,無,85000,45699,,0.0,0,,RPPNMLPKKILFFAW86DA,0.0,0.0,0.0,,
金城鎮,土地,小西門劃測段1049地號,650.0,農,,,1051201,土地1建物0車位0,,,其他,,,,0.0,0,0,0,有,無,3500000,5385,,0.0,0,,RPQNMLLLKILFFAW56CA,0.0,0.0,0.0,,
金沙鎮,土地,北九十劃段106地號,489.29,工,,,1051130,土地1建物0車位0,,,其他,,,,0.0,0,0,0,有,無,1150000,2350,,0.0,0,,RPQNMLPJJHMFFAW66CA,0.0,0.0,0.0,,
金寧鄉,土地,赤岑段1408地號,327.6,其他,,,1051121,土地1建物0車位0,,,其他,,,,0.0,0,0,0,有,無,900000,2747,,0.0,0,,RPRNMLLKJHMFFAW56DA,0.0,0.0,0.0,,
金城鎮,土地,金門城段1001地號,124.5,住,,,1051212,土地1建物0車位0,,,其他,,,,0.0,0,0,0,有,無,1606050,12900,,0.0,0,親屬間轉移,RPPNMLOKKILFFAW76DA,0.0,0.0,0.0,,
金沙鎮,土地,山后段911地號,743.53,農,,,1051209,土地3建物0車位0,,,其他,,,,0.0,0,0,0,有,無,400000,538,,0.0,0,,RPRNMLPKKILFFAW96CA,0.0,0.0,0.0,,
金城鎮,房地(土地+建物),金門縣金城鎮庵前４２之７號,30.74,其他,,,1051118,土地1建物1車位0,一層,三層,公寓(5樓含以下無電梯),集合住宅,鋼筋混凝土造,1030128,54.63,2,1,1,有,無,3800000,69572,,0.0,0,,RPSNMLPKKILFFAW07CA,44.66,0.0,4.05,,
金寧鄉,土地,中三劃測段216-1地號,807.49,農,,,1051121,土地2建物0車位0,,,其他,,,,0.0,0,0,0,有,無,17000000,21053,,0.0,0,,RPTNMLPKKILFFAW17CA,0.0,0.0,0.0,,
金湖鎮,土地,太湖劃測段1705-4地號,3012.51,農,,,1051116,土地10建物0車位0,,,其他,,,,0.0,0,0,0,有,無,8500000,2822,,0.0,0,,RPUNMLPKKILFFAW27CA,0.0,0.0,0.0,,
金城鎮,房地(土地+建物),金門縣金城鎮珠浦南路５０巷３弄７號三樓,16.82,住,,,1051126,土地1建物1車位0,三層,五層,華廈(10層含以下有電梯),集合住宅,鋼筋混凝土造,1040204,53.56,1,1,1,有,無,4100000,76550,,0.0,0,,RPWNMLPKKILFFAW47CA,33.82,3.2,3.68,,
金城鎮,土地,祥安段129地號,104.51,住,,,1051125,土地1建物0車位0,,,其他,,,,0.0,0,0,0,有,無,5000000,47842,,0.0,0,,RPSNMLLLKILFFAW76CA,0.0,0.0,0.0,,
金寧鄉,房地(土地+建物),金門縣金寧鄉頂埔下２９號三樓之１６,16.76,住,,,1051212,土地1建物1車位0,三層,三層,套房(1房1廳1衛),集合住宅,鋼筋混凝土造,1050126,34.53,1,1,1,有,無,2300000,66609,,0.0,0,,RPRNMLOJJHMFFAW66CA,22.31,0.0,3.46,,
金沙鎮,土地,北八劃段371地號,2000.0,農,,,1051115,土地2建物0車位0,,,其他,,,,0.0,0,0,0,有,無,7000000,3500,,0.0,0,,RPUNMLMLKILFFAW07CA,0.0,0.0,0.0,,
金城鎮,土地,東紅山段437地號,746.6,農,,,1051201,土地1建物0車位0,,,其他,,,,0.0,0,0,0,有,無,1000000,1339,,0.0,0,,RPRNMLLLKILFFAW66CA,0.0,0.0,0.0,,
金寧鄉,房地(土地+建物),金門縣金寧鄉前厝４９之１號二樓,63.37,其他,,,1051116,土地1建物1車位0,二層,三層,公寓(5樓含以下無電梯),集合住宅,鋼筋混凝土造,1030916,98.64,4,2,2,有,無,6600000,66910,,0.0,0,,RPRNMLKLKILFFAW56CA,88.32,0.0,4.1,,
烈嶼鄉,土地,西方劃測段290-2地號,9.66,其他,,,1051024,土地1建物0車位0,,,其他,,,,0.0,0,0,0,有,無,200000,20704,,0.0,0,,RPSNMLKLKILFFAW66CA,0.0,0.0,0.0,,
金湖鎮,房地(土地+建物),金門縣金湖鎮武德新莊自強路4號,62.37,商,,,1051201,土地1建物1車位0,一層，二層，騎樓,二層,店面(店鋪),住商用,鋼筋混凝土造,0680415,126.0,3,1,2,有,無,10000000,79365,,0.0,0,土增稅246130由買方負擔,RPRNMLMLKILFFAW86DA,126.0,0.0,0.0,,
金湖鎮,房地(土地+建物),金門縣金湖鎮市港三路２２７號３樓之８,11.27,住,,,1051207,土地1建物1車位0,三層,八層,華廈(10層含以下有電梯),集合住宅,鋼筋混凝土造,1041125,61.269999999999996,2,2,2,有,無,4200000,68549,,0.0,0,親友關係間之交易。,RPSNMLTLKILFFAW57CA,33.64,0.0,4.65,,
金城鎮,建物,金門縣金城鎮金門城８９之３號三樓,0.0,,,,1051206,土地0建物1車位0,三層,三層,公寓(5樓含以下無電梯),,,1050816,75.52000000000001,2,2,2,有,無,2100000,27807,,0.0,0,,RPQNMLKMKILFFAW56CA,65.35,0.0,3.55,,
金湖鎮,土地,料羅段1529地號,266.0,其他,,,1051206,土地1建物0車位0,,,其他,,,,0.0,0,0,0,有,無,2400000,9023,,0.0,0,,RPUNMLKMKILFFAW96CA,0.0,0.0,0.0,,
金寧鄉,土地,西山段803地號,2872.1,農,,,1051215,土地5建物0車位0,,,其他,,,,0.0,0,0,0,有,無,6031399,2100,,0.0,0,,RPRNMLQLKILFFAW27DA,0.0,0.0,0.0,,
金城鎮,房地(土地+建物),金門縣金城鎮金門城169-9號2樓,68.56,住,,,1051215,土地1建物1車位0,二層,三層,公寓(5樓含以下無電梯),,,1050205,110.21,3,2,2,有,無,5750000,52173,,0.0,0,,RPTNMLSLKILFFAW67DA,96.34,0.0,8.18,,
金寧鄉,土地,湖下村段273地號,66.0,其他,,,1051208,土地1建物0車位0,,,其他,,,,0.0,0,0,0,有,無,2310000,35000,,0.0,0,,RPQNMLNLKILFFAW76CA,0.0,0.0,0.0,,
金寧鄉,房地(土地+建物),金門縣金寧鄉上后垵１６之２號二樓,57.83,住,,,1051216,土地1建物1車位0,二層,三層,公寓(5樓含以下無電梯),,,1000706,95.80000000000001,3,2,2,有,無,5600000,58455,,0.0,0,,RPPNMLNJJHMFFAW98CA,82.95,0.0,7.45,,
金沙鎮,土地,東珩段981地號,447.51,其他,,,1051214,土地1建物0車位0,,,其他,,,,0.0,0,0,0,有,無,1029273,2300,,0.0,0,,RPVOMLQKJHMFFAW47CA,0.0,0.0,0.0,,
金城鎮,土地,延平段413-3地號,119.27,其他,,,1051125,土地1建物0車位0,,,其他,,,,0.0,0,0,0,有,無,1500000,12577,,0.0,0,,RPPNMLSJJHMFFAW86CA,0.0,0.0,0.0,,
金城鎮,土地,延平段413-1地號,467.39,農,,,1051125,土地1建物0車位0,,,其他,,,,0.0,0,0,0,有,無,8500000,18186,,0.0,0,,RPQNMLSJJHMFFAW96CA,0.0,0.0,0.0,,
金城鎮,土地,庵前劃測段695地號,2192.04,農,,,1051124,土地4建物0車位0,,,其他,,,,0.0,0,0,0,有,無,4384080,2000,,0.0,0,,RPQNMLQLKILFFAW07CA,0.0,0.0,0.0,,
烈嶼鄉,土地,大山頂測段169地號,380.01,住,,,1051220,土地1建物0車位0,,,其他,,,,0.0,0,0,0,有,無,3500000,9210,,0.0,0,,RPQNMLTJJHMFFAW17DA,0.0,0.0,0.0,,
金寧鄉,房地(土地+建物),金門縣金寧鄉環島西路二段70號3樓,43.93,其他,,,1051213,土地3建物1車位0,三層,三層,公寓(5樓含以下無電梯),見使用執照,鋼筋混凝土造,0831109,84.0,3,2,2,有,無,6800000,80952,,0.0,0,,RPPNMLSLKILFFAW27DA,76.43,0.0,7.57,,
金湖鎮,土地,南雄段715地號,475.73,農,,,1051125,土地1建物0車位0,,,其他,,,,0.0,0,0,0,有,無,1500000,3153,,0.0,0,,RPQNMLSLKILFFAW37DA,0.0,0.0,0.0,,
金寧鄉,土地,寧湖三劃段571-1地號,686.22,農,,,1051125,土地2建物0車位0,,,其他,,,,0.0,0,0,0,有,無,8500000,12387,,0.0,0,,RPRNMLSLKILFFAW47DA,0.0,0.0,0.0,,
烈嶼鄉,土地,陵水湖測段1013地號,610.44,農,,,1051222,土地2建物0車位0,,,其他,,,,0.0,0,0,0,有,無,2000000,3276,,0.0,0,朋友之間買賣。,RPPNMLKLJHMFFAW98DA,0.0,0.0,0.0,,
金寧鄉,房地(土地+建物),金門縣金寧鄉湖下２４５號,111.68,其他,,,1051107,土地1建物1車位0,全,三層,透天厝,集合住宅,鋼筋混凝土造,1000701,175.83,4,2,4,有,無,11500000,65404,,0.0,0,,RPRNMLRLKILFFAW27CA,167.91,0.0,7.92,,
金城鎮,房地(土地+建物),金門縣金城鎮珠浦西路５０巷３弄７號,112.22,住,,,1051128,土地1建物1車位0,全,三層,透天厝,住家用,鋼筋混凝土加強磚造,0790413,211.11,6,2,2,有,無,14550000,68921,,0.0,0,,RPSNMLSLKILFFAW47CA,194.27,6.55,10.29,,
金湖鎮,土地,北五劃段592地號,960.0,其他,,,1051223,土地1建物0車位0,,,其他,,,,0.0,0,0,0,有,無,3200000,3333,,0.0,0,,RPQNMLTLKILFFAW37CA,0.0,0.0,0.0,,
金寧鄉,土地,北二三劃測段620-1地號,123.56,其他,,,1051108,土地1建物0車位0,,,其他,,,,0.0,0,0,0,有,無,1019370,8250,,0.0,0,,RPRNMLTLKILFFAW47CA,0.0,0.0,0.0,,
金湖鎮,土地,庵邊段608地號,1002.0,其他,,,1051206,土地1建物0車位0,,,其他,,,,0.0,0,0,0,有,無,19600000,19561,,0.0,0,,RPQNMLLKJHMFFAW98CA,0.0,0.0,0.0,,
金寧鄉,房地(土地+建物),金門縣金寧鄉湖下１３１之５３號,190.24,農,,,1051208,土地1建物1車位0,一層，二層，三層,三層,農舍,農舍,鋼筋混凝土造,1051103,167.99,4,2,4,有,無,9500000,,,0.0,0,,RPPNMLQKJHMFFAW76CA,156.9,0.0,11.09,,
金湖鎮,土地,陳坑段396地號,249.64,住,,,1051222,土地1建物0車位0,,,其他,,,,0.0,0,0,0,有,無,2200000,8813,,0.0,0,,RPQNMLQKJHMFFAW86CA,0.0,0.0,0.0,,
金湖鎮,房地(土地+建物),金門縣金湖鎮東村８８號三樓,54.0,住,,,1051122,土地1建物1車位0,三層,三層,公寓(5樓含以下無電梯),集合住宅,鋼筋混凝土造,1040715,88.94,3,2,2,有,無,3750000,42163,,0.0,0,,RPPNMLOLJHMFFAW66CA,69.21,0.0,6.24,,
金城鎮,土地,古坵段1278地號,410.0,農,,,1051220,土地1建物0車位0,,,其他,,,,0.0,0,0,0,有,無,550000,1341,,0.0,0,,RPQNMLRLKILFFAW27DA,0.0,0.0,0.0,,
金湖鎮,土地,塔后段186地號,936.46,農,,,1051202,土地2建物0車位0,,,其他,,,,0.0,0,0,0,有,無,6500000,6941,,0.0,0,,RPRNMLQKJHMFFAW96CA,0.0,0.0,0.0,,
金寧鄉,房地(土地+建物),金門縣金寧鄉湖南２８之１號,48.64,其他,,,1051108,土地1建物1車位0,一層,三層,公寓(5樓含以下無電梯),集合住宅,鋼筋混凝土造,1050830,76.04,3,2,2,有,無,5400000,71015,,0.0,0,,RPUNMLTLKILFFAW77CA,70.48,0.0,0.0,,
金沙鎮,土地,擎天段1257地號,280.0,其他,,,1051221,土地1建物0車位0,,,其他,,,,0.0,0,0,0,有,無,6200000,22143,,0.0,0,,RPVNMLKMKILFFAW07CA,0.0,0.0,0.0,,
金城鎮,土地,莒光樓段1002-1地號,352.49,其他,,,1051220,土地2建物0車位0,,,其他,,,,0.0,0,0,0,有,無,1800000,5107,,0.0,0,,RPTNMLKMKILFFAW96DA,0.0,0.0,0.0,,
金寧鄉,土地,寧湖一劃段409-3地號,130.47,其他,,,1051222,土地1建物0車位0,,,其他,,,,0.0,0,0,0,有,無,1690891,12960,,0.0,0,,RPVNMLOJJHMFFAW07CA,0.0,0.0,0.0,,
金城鎮,土地,祥和段1009地號,280.0,住,,,1051226,土地1建物0車位0,,,其他,,,,0.0,0,0,0,有,無,16800000,60000,,0.0,0,,RPXNMLOJJHMFFAW37DA,0.0,0.0,0.0,,
金湖鎮,房地(土地+建物),金門縣金湖鎮市港三路２２７號５樓之３,23.53,住,,,1051227,土地1建物1車位0,五層,八層,華廈(10層含以下有電梯),集合住宅,鋼筋混凝土造,1041125,131.64000000000001,3,2,2,有,無,7400000,56214,,0.0,0,,RPPNMLPJJHMFFAW56CA,73.38,3.01,7.01,,
金寧鄉,土地,后湖段1165-2地號,25001.03,其他,,,1051210,土地3建物0車位0,,,其他,,,,0.0,0,0,0,有,無,225000000,9000,,0.0,0,,RPPOMLPLJHMFFAW86CA,0.0,0.0,0.0,,
金寧鄉,土地,榜林村段24地號,13.48,其他,,,1051213,土地1建物0車位0,,,其他,,,,0.0,0,0,0,有,無,500406,37122,,0.0,0,,RPWNMLPLJHMFFAW47CA,0.0,0.0,0.0,,
金寧鄉,房地(土地+建物),金門縣金寧鄉安岐３５７號,77.82,其他,,,1051129,土地1建物1車位0,全,三層,透天厝,集合住宅,鋼筋混凝土造,1051017,151.25,5,1,5,有,無,8500000,56198,,0.0,0,,RPSNMLPJJHMFFAW86CA,139.47,2.82,8.96,,
金沙鎮,土地,高陽段102地號,1189.86,農,,,1051217,土地2建物0車位0,,,其他,,,,0.0,0,0,0,有,無,2500000,2101,,0.0,0,,RPSNMLMKJHMFFAW66CA,0.0,0.0,0.0,,
金寧鄉,土地,后垵段821-1地號,354.41,其他,,,1051220,土地1建物0車位0,,,其他,,,,0.0,0,0,0,有,無,1233347,3480,,0.0,0,,RPRNMLQJJHMFFAW86CA,0.0,0.0,0.0,,
金寧鄉,車位,金門縣金寧鄉金寧鄉下堡100之13號三樓車位,8.32,其他,,,1051017,土地0建物0車位1,,,其他,,,,0.0,0,0,0,有,無,550000,,坡道平面,23.53,550000,,RPSNMLTJJHMFFAW27CA,0.0,0.0,0.0,,
金寧鄉,土地,榜林村段24地號,16.41,其他,,,1051213,土地1建物0車位0,,,其他,,,,0.0,0,0,0,有,無,449925,27418,,0.0,0,,RPVNMLPLJHMFFAW37CA,0.0,0.0,0.0,,
金寧鄉,土地,榜林村段24地號,16.41,其他,,,1051213,土地1建物0車位0,,,其他,,,,0.0,0,0,0,有,無,374643,22830,,0.0,0,,RPPNMLPLJHMFFAW76CA,0.0,0.0,0.0,,
金寧鄉,土地,榜林村段24地號,16.41,其他,,,1051213,土地1建物0車位0,,,其他,,,,0.0,0,0,0,有,無,449925,27418,,0.0,0,,RPQNMLPLJHMFFAW86CA,0.0,0.0,0.0,,
金沙鎮,土地,官澳測段477地號,281.76,其他,,,1051216,土地1建物0車位0,,,其他,,,,0.0,0,0,0,有,無,310000,1100,,0.0,0,親友、員工或其他特殊關係間之交易。,RPQNMLNLJHMFFAW66CA,0.0,0.0,0.0,,
金湖鎮,房地(土地+建物),金門縣金湖鎮中興路28號,27.6,商,,,1051213,土地2建物1車位0,一層，二層，騎樓,二層,店面(店鋪),商業用,鋼筋混凝土造,0510815,42.16,0,3,1,有,無,7000000,,,0.0,0,,RPROMLSKJHMFFAW37DA,42.16,0.0,0.0,,
金湖鎮,房地(土地+建物),金門縣金湖鎮料羅50之6號三樓,52.45,其他,,,1051215,土地1建物1車位0,三層,三層,公寓(5樓含以下無電梯),集合住宅,鋼筋混凝土造,1050419,98.47,3,2,2,有,無,4800000,48741,,0.0,0,,RPPNMLKKJHMFFAW88DA,79.1,0.0,13.25,,
金寧鄉,房地(土地+建物),金門縣金寧鄉安岐61之3號3樓之1,30.56,住,,,1051226,土地1建物1車位0,三層,三層,公寓(5樓含以下無電梯),集合住宅,鋼筋混凝土造,1051125,60.199999999999996,2,2,2,有,無,3980000,66113,,0.0,0,,RPOOMLQKJHMFFAW86DA,49.82,0.0,2.26,,
金寧鄉,房地(土地+建物),金門縣金寧鄉安岐61之3號2樓,30.56,住,,,1051226,土地0建物1車位0,二層,三層,公寓(5樓含以下無電梯),集合住宅,鋼筋混凝土造,1051125,60.169999999999995,2,2,2,有,無,3200000,53183,,0.0,0,,RPROMLQKJHMFFAW17DA,49.49,0.0,2.56,,
金寧鄉,房地(土地+建物),金門縣金寧鄉安岐61之3號2樓之1,30.56,住,,,1051226,土地0建物1車位0,二層,三層,公寓(5樓含以下無電梯),集合住宅,鋼筋混凝土造,1051125,60.199999999999996,2,2,2,有,無,3100000,51495,,0.0,0,,RPUOMLQKJHMFFAW47DA,49.82,0.0,2.26,,
金沙鎮,土地,官澳測段500地號,1463.31,其他,,,1051216,土地4建物0車位0,,,其他,,,,0.0,0,0,0,有,無,2360000,1613,,0.0,0,親友、員工或其他特殊關係間之交易。,RPRNMLNLJHMFFAW76CA,0.0,0.0,0.0,,
金寧鄉,土地,榜林村段24地號,14.65,其他,,,1051213,土地1建物0車位0,,,其他,,,,0.0,0,0,0,有,無,354272,24182,,0.0,0,,RPSNMLPLJHMFFAW07CA,0.0,0.0,0.0,,
金城鎮,土地,祥豐段46地號,105.62,住,,,1051226,土地1建物0車位0,,,其他,,,,0.0,0,0,0,有,無,16250000,153853,,0.0,0,,RPTNMLSKJHMFFAW37CA,0.0,0.0,0.0,,
金沙鎮,土地,沙港劃段119地號,500.03,農,,,1051124,土地1建物0車位0,,,其他,,,,0.0,0,0,0,有,無,2000000,4000,,0.0,0,,RPUNMLSKJHMFFAW47CA,0.0,0.0,0.0,,
金沙鎮,土地,高坑劃測段451-1地號,925.42,其他,,,1051228,土地2建物0車位0,,,其他,,,,0.0,0,0,0,有,無,5000000,5403,,0.0,0,,RPVNMLMKJHMFFAW96CA,0.0,0.0,0.0,,
金城鎮,房地(土地+建物),金門縣金城鎮後豐港３６之１１號,100.75,住,,,1051207,土地3建物1車位0,全,三層,透天厝,住家用,鋼筋混凝土造,1011226,170.82,4,4,2,有,無,9500000,55614,,0.0,0,,RPPNMLSKJHMFFAW96CA,161.62,4.6,4.6,,
金城鎮,土地,祥瑞段900地號,71.66,住,,,1060105,土地1建物0車位0,,,其他,,,,0.0,0,0,0,有,無,5740000,80100,,0.0,0,,RPPOMLQKJHMFFAW86CA,0.0,0.0,0.0,,
金寧鄉,房地(土地+建物),金門縣金寧鄉湖南２８之１號二樓,53.75,其他,,,1051108,土地1建物1車位0,二層,三層,公寓(5樓含以下無電梯),集合住宅,鋼筋混凝土造,1050830,83.77,3,2,2,有,無,4980000,59448,,0.0,0,,RPTNMLQKJHMFFAW17CA,70.48,0.0,7.13,,
金寧鄉,土地,安西劃段549地號,192.84,其他,,,1051229,土地1建物0車位0,,,其他,,,,0.0,0,0,0,有,無,5250000,27225,,0.0,0,包括未完成、未登記建物一棟,RPOOMLNKJHMFFAW09CA,0.0,0.0,0.0,,
金寧鄉,土地,榜林村段24地號,15.24,其他,,,1051213,土地1建物0車位0,,,其他,,,,0.0,0,0,0,有,無,344530,22607,,0.0,0,,RPTNMLPLJHMFFAW17CA,0.0,0.0,0.0,,
金湖鎮,房地(土地+建物),金門縣金湖鎮市港三路２２５號４樓之３,23.57,住,,,1051219,土地1建物1車位0,四層,八層,華廈(10層含以下有電梯),集合住宅,鋼筋混凝土造,1041125,131.67000000000002,3,2,2,有,有,7080000,53771,,0.0,0,,RPTOMLQKJHMFFAW27CA,73.41,3.01,7.01,,
烈嶼鄉,土地,前埔測段346地號,188.33,農,,,1051231,土地1建物0車位0,,,其他,,,,0.0,0,0,0,有,無,263662,1400,,0.0,0,,RPPNMLMKJHMFFAW09DA,0.0,0.0,0.0,,
金湖鎮,房地(土地+建物),金門縣金湖鎮中興路28號,27.6,商,,,1051227,土地2建物1車位0,一層，二層，騎樓,二層,店面(店鋪),商業用,鋼筋混凝土造,0510815,42.16,0,3,1,有,無,7500000,,,0.0,0,,RPQOMLSKJHMFFAW27DA,42.16,0.0,0.0,,
金城鎮,房地(土地+建物),金門縣金城鎮環島西路1段28號7樓,11.27,住,,,1060109,土地1建物1車位0,七層,七層,華廈(10層含以下有電梯),見使用執照,鋼筋混凝土造,0860913,82.82000000000001,2,1,1,有,無,5000000,60372,,0.0,0,,RPPNMLRKJHMFFAW96DA,66.26,0.0,0.0,,
金城鎮,土地,水頭段329地號,391.99,農,,,1051221,土地1建物0車位0,,,其他,,,,0.0,0,0,0,有,無,1000000,2551,,0.0,0,,RPUNMLTKJHMFFAW57CA,0.0,0.0,0.0,,
金寧鄉,土地,榜林村段24地號,30.47,其他,,,1051213,土地2建物0車位0,,,其他,,,,0.0,0,0,0,有,無,754600,24765,,0.0,0,,RPUNMLPLJHMFFAW27CA,0.0,0.0,0.0,,
金寧鄉,房地(土地+建物),金門縣金寧鄉湖南２８之２號二樓,52.29,其他,,,1051108,土地1建物1車位0,二層,三層,公寓(5樓含以下無電梯),集合住宅,鋼筋混凝土造,1050830,82.78999999999999,3,2,2,有,無,4600000,55562,,0.0,0,,RPRPMLNKJHMFFAW86CA,69.73,0.0,7.07,,
金城鎮,房地(土地+建物),金門縣金城鎮金門城６８之５號三樓,51.15,其他,,,1051226,土地1建物1車位0,三層,三層,公寓(5樓含以下無電梯),,,1051109,94.43,3,2,2,有,無,5000000,52949,,0.0,0,,RPOOMLMKJHMFFAW98CA,72.53,0.0,8.19,,
金城鎮,房地(土地+建物),金門縣金城鎮金門城６８之５號二樓,51.15,其他,,,1051226,土地1建物1車位0,二層,三層,公寓(5樓含以下無電梯),,,1051109,94.43,3,2,2,有,無,5000000,52949,,0.0,0,,RPTNMLNKJHMFFAW86CA,72.53,0.0,8.19,,
金城鎮,房地(土地+建物),金門縣金城鎮金門城６８之５號,46.21,其他,,,1051226,土地1建物1車位0,一層,三層,公寓(5樓含以下無電梯),,,1051109,84.93,3,2,2,有,無,5000000,58872,,0.0,0,,RPWNMLNKJHMFFAW17CA,72.53,0.0,0.0,,
金寧鄉,房地(土地+建物),金門縣金寧鄉湖南２８之２號三樓,52.29,其他,,,1051108,土地1建物1車位0,三層,三層,公寓(5樓含以下無電梯),集合住宅,鋼筋混凝土造,1050830,82.78999999999999,3,2,2,有,無,5100000,61602,,0.0,0,,RPXNMLQKJHMFFAW57CA,69.73,0.0,7.07,,
金湖鎮,房地(土地+建物),金門縣金湖鎮市港三路２２７號３樓之９,11.27,住,,,1051223,土地1建物1車位0,三層,八層,華廈(10層含以下有電梯),集合住宅,鋼筋混凝土造,1041125,61.269999999999996,1,2,1,有,有,4300000,70181,,0.0,0,,RPSOMLQKJHMFFAW17CA,33.64,0.0,4.65,,
金沙鎮,房地(土地+建物),金門縣金沙鎮陽翟３１０號,88.87,農,,,1051227,土地1建物1車位0,全,三層,透天厝,住家用,鋼筋混凝土造,1040918,169.38,5,2,5,有,無,7300000,43098,,0.0,0,,RPQNMLSKJHMFFAW07CA,169.38,0.0,0.0,,
金寧鄉,房地(土地+建物),金門縣金寧鄉湖南２８之６號,32.93,其他,,,1051108,土地1建物1車位0,一層,三層,公寓(5樓含以下無電梯),集合住宅,鋼筋混凝土造,1050830,53.99,1,2,1,有,無,3650000,67605,,0.0,0,,RPUNMLQKJHMFFAW27CA,48.56,0.0,2.64,,
金寧鄉,房地(土地+建物),金門縣金寧鄉湖南２８之５號二樓,54.99,其他,,,1051214,土地1建物1車位0,二層,三層,公寓(5樓含以下無電梯),集合住宅,鋼筋混凝土造,1050830,85.31,3,2,2,有,無,4650000,54507,,0.0,0,,RPVNMLQKJHMFFAW37CA,75.27,0.0,5.39,,
金城鎮,房地(土地+建物),金門縣金城鎮金門城６８之７號三樓,49.2,其他,,,1051226,土地1建物1車位0,三層,三層,公寓(5樓含以下無電梯),,,1051109,84.66,3,2,2,有,無,5800000,68509,,0.0,0,,RPWNMLQKJHMFFAW47CA,70.32,0.0,7.52,,
金沙鎮,土地,官嶼劃段965地號,1000.0,農,,,1060106,土地1建物0車位0,,,其他,,,,0.0,0,0,0,有,無,3200000,3200,,0.0,0,,RPPOMLNKJHMFFAW56CA,0.0,0.0,0.0,,
金寧鄉,土地,煙墩段403地號,509.74,其他,,,1051227,土地1建物0車位0,,,其他,,,,0.0,0,0,0,有,無,1500000,2943,,0.0,0,,RPQOMLNKJHMFFAW66CA,0.0,0.0,0.0,,
金寧鄉,房地(土地+建物),金門縣金寧鄉湖南２８之３號二樓,52.29,其他,,,1051108,土地1建物1車位0,二層,三層,公寓(5樓含以下無電梯),集合住宅,鋼筋混凝土造,1050830,81.25999999999999,3,2,2,有,無,4680000,57593,,0.0,0,,RPWOMLNKJHMFFAW27CA,69.76,0.0,7.07,,
金城鎮,房地(土地+建物),金門縣金城鎮金門城６８之６號三樓,49.2,其他,,,1051226,土地1建物1車位0,三層,三層,公寓(5樓含以下無電梯),,,1051109,83.99000000000001,3,2,2,有,無,5800000,69056,,0.0,0,,RPWNMLMKJHMFFAW07CA,69.65,0.0,7.52,,
金湖鎮,房地(土地+建物),金門縣金湖鎮料羅新村５３９號,168.0,住,,,1051226,土地3建物1車位0,全,三層,透天厝,住家用,鋼筋混凝土造,1051006,208.78,6,2,4,有,無,9300000,44544,,0.0,0,,RPUNMLNJKHMFFAW96CA,196.58,0.0,12.2,,
烈嶼鄉,土地,陵水湖測段1035地號,116.1,其他,,,1060111,土地1建物0車位0,,,其他,,,,0.0,0,0,0,有,無,75465,650,,0.0,0,當初登記錯誤、現用買賣返還。,RPPNMLRKKHMFFAW07DA,0.0,0.0,0.0,,
金寧鄉,土地,青山段578地號,541.94,農,,,1060103,土地1建物0車位0,,,其他,,,,0.0,0,0,0,有,無,1100000,2030,,0.0,0,,RPRNMLSKJHMFFAW17CA,0.0,0.0,0.0,,
金城鎮,土地,東紅山段166地號,745.17,其他,,,1060105,土地2建物0車位0,,,其他,,,,0.0,0,0,0,有,無,1000000,1342,,0.0,0,,RPSNMLSKJHMFFAW27CA,0.0,0.0,0.0,,
金寧鄉,土地,東洲段28地號,876.13,農,,,1051227,土地1建物0車位0,,,其他,,,,0.0,0,0,0,有,無,1750000,1997,,0.0,0,,RPQOMLQKJHMFFAW96CA,0.0,0.0,0.0,,
金沙鎮,土地,洋山測段321地號,320.0,其他,,,1060106,土地1建物0車位0,,,其他,,,,0.0,0,0,0,有,無,820000,2563,,0.0,0,,RPQNMLRKJHMFFAW96CA,0.0,0.0,0.0,,
金湖鎮,土地,料羅段1529地號,266.0,其他,,,1051222,土地1建物0車位0,,,其他,,,,0.0,0,0,0,有,無,2400000,9023,,0.0,0,,RPWNMLTJKHMFFAW77CA,0.0,0.0,0.0,,
金湖鎮,房地(土地+建物),金門縣金湖鎮市港三路２３３號,20.99,住,,,1050923,土地1建物1車位0,一層,八層,華廈(10層含以下有電梯),集合住宅,鋼筋混凝土造,1050421,101.33,3,2,2,有,無,8300000,81911,,0.0,0,,RPRNMLTKJHMFFAW27CA,71.15,0.0,6.3,,
金寧鄉,房地(土地+建物),金門縣金寧鄉湖南２８之２號,47.1,其他,,,1051222,土地1建物1車位0,一層,三層,公寓(5樓含以下無電梯),集合住宅,鋼筋混凝土造,1050830,75.12,3,2,2,有,無,5300000,70554,,0.0,0,,RPXNMLSKJHMFFAW77CA,69.73,0.0,0.0,,
金寧鄉,房地(土地+建物),金門縣金寧鄉湖南２８之５號,51.05,其他,,,1051108,土地1建物1車位0,一層,三層,公寓(5樓含以下無電梯),集合住宅,鋼筋混凝土造,1050830,83.66,1,2,2,有,無,5200000,62156,,0.0,0,,RPPOMLSKJHMFFAW07CA,75.27,0.0,4.07,,
金湖鎮,房地(土地+建物),金門縣金湖鎮市港三路２３５號七樓,20.99,住,,,1051003,土地1建物1車位0,七層,八層,華廈(10層含以下有電梯),集合住宅,鋼筋混凝土造,1050421,106.1,3,2,2,有,無,7950000,74929,,0.0,0,,RPTNMLTKJHMFFAW47CA,71.11,2.96,8.06,,
金湖鎮,房地(土地+建物),金門縣金湖鎮料羅新村５３８號,168.0,住,,,1051226,土地3建物1車位0,全,三層,透天厝,住家用,鋼筋混凝土造,1051006,208.78,6,2,4,有,無,9250000,44305,,0.0,0,,RPQNMLNJKHMFFAW56CA,196.58,0.0,12.2,,
金湖鎮,房地(土地+建物),金門縣金湖鎮料羅新村５４１號,168.0,住,,,1051226,土地3建物1車位0,全,三層,透天厝,住家用,鋼筋混凝土造,1051006,208.78,6,2,4,有,無,9200000,44066,,0.0,0,,RPRNMLNJKHMFFAW66CA,196.58,0.0,12.2,,
金湖鎮,房地(土地+建物),金門縣金湖鎮料羅新村５４２號,168.0,住,,,1051226,土地3建物1車位0,全,三層,透天厝,住家用,鋼筋混凝土造,1051006,208.78,6,2,4,有,無,9150000,43826,,0.0,0,,RPSNMLNJKHMFFAW76CA,196.58,0.0,12.2,,
金湖鎮,房地(土地+建物),金門縣金湖鎮料羅新村５４６號,168.0,住,,,1051226,土地3建物1車位0,全,三層,透天厝,住家用,鋼筋混凝土造,1051006,208.78,6,2,4,有,無,9150000,43826,,0.0,0,,RPTNMLNJKHMFFAW86CA,196.58,0.0,12.2,,
金沙鎮,土地,呂厝村段12地號,450.0,農,,,1060106,土地1建物0車位0,,,其他,,,,0.0,0,0,0,有,無,1600000,3556,,0.0,0,,RPRNMLRJKHMFFAW07CA,0.0,0.0,0.0,,
金湖鎮,建物,金門縣金湖鎮環島南路塔后段2巷16號,0.0,,,,1051230,土地0建物1車位0,全,三層,透天厝,集合住宅,鋼筋混凝土造,1051019,180.59,5,2,5,有,無,3600000,19935,,0.0,0,建商與地主合建案。,RPSNMLQJKHMFFAW17DA,175.28,0.0,5.31,,
金湖鎮,建物,金門縣金湖鎮環島南路塔后段2巷20號2樓之2,0.0,,,,1051231,土地0建物1車位0,二層,三層,套房(1房1廳1衛),集合住宅,鋼筋混凝土造,1051019,25.439999999999998,1,1,1,有,無,510000,20047,,0.0,0,建商與地主合建案。,RPRNMLTJKHMFFAW37DA,16.26,0.0,2.17,,
金湖鎮,建物,金門縣金湖鎮環島南路塔后段2巷20號2樓之3,0.0,,,,1051231,土地0建物1車位0,二層,三層,套房(1房1廳1衛),集合住宅,鋼筋混凝土造,1051019,30.09,1,1,1,有,無,600000,19940,,0.0,0,建商與地主合建案。,SPRNMLTJKHMFFAW47DA,18.91,0.0,2.89,,
金湖鎮,建物,金門縣金湖鎮環島南路塔后段2巷20號3樓之1,0.0,,,,1051231,土地0建物1車位0,三層,三層,套房(1房1廳1衛),集合住宅,鋼筋混凝土造,1051019,25.55,1,1,1,有,無,540000,21135,,0.0,0,建商與地主合建案。,TPRNMLTJKHMFFAW57DA,17.11,0.0,1.4,,
金湖鎮,建物,金門縣金湖鎮環島南路塔后段2巷20號3樓之2,0.0,,,,1051231,土地0建物1車位0,三層,三層,套房(1房1廳1衛),集合住宅,鋼筋混凝土造,1051019,25.439999999999998,1,1,1,有,無,540000,21226,,0.0,0,建商與地主合建案。,UPRNMLTJKHMFFAW67DA,16.26,0.0,2.17,,
金湖鎮,建物,金門縣金湖鎮環島南路塔后段2巷20號3樓之3,0.0,,,,1051231,土地0建物1車位0,三層,三層,套房(1房1廳1衛),集合住宅,鋼筋混凝土造,1051019,29.910000000000004,1,1,1,有,無,600000,20060,,0.0,0,建商與地主合建案。,VPRNMLTJKHMFFAW77DA,18.78,0.0,2.89,,
金湖鎮,建物,金門縣金湖鎮環島南路塔后段2巷20號3樓之5,0.0,,,,1051231,土地0建物1車位0,三層,三層,套房(1房1廳1衛),集合住宅,鋼筋混凝土造,1051019,40.65,1,1,1,有,無,750000,18450,,0.0,0,建商與地主合建案。,WPRNMLTJKHMFFAW87DA,17.33,0.0,12.12,,
金湖鎮,土地,湖前段880-7地號,131.47,其他,,,1051231,土地1建物0車位0,,,其他,,,,0.0,0,0,0,有,無,8190000,62296,,0.0,0,建商與地主合建案。,RPPNMLTJKHMFFAW17DA,0.0,0.0,0.0,,
烈嶼鄉,土地,南塘段46地號,512.0,其他,,,1060114,土地1建物0車位0,,,其他,,,,0.0,0,0,0,有,無,500000,977,,0.0,0,,RPVNMLNJKHMFFAW07CA,0.0,0.0,0.0,,
金沙鎮,土地,青嶼段790地號,187.0,住,,,1060116,土地1建物0車位0,,,其他,,,,0.0,0,0,0,有,無,1700000,9091,,0.0,0,,RPQNMLRJKHMFFAW96CA,0.0,0.0,0.0,,
金湖鎮,房地(土地+建物),金門縣金湖鎮料羅新村５２２號,42.43,住,,,1051230,土地1建物1車位0,一層,三層,公寓(5樓含以下無電梯),集合住宅,鋼筋混凝土造,1041230,69.32000000000001,2,2,2,有,無,3900000,56261,,0.0,0,,RPQNMLNKKHMFFAW66CA,64.9,0.0,0.0,,
金湖鎮,房地(土地+建物),金門縣金湖鎮料羅新村５２２號二樓,42.43,住,,,1051230,土地1建物1車位0,二層,三層,公寓(5樓含以下無電梯),集合住宅,鋼筋混凝土造,1041230,71.66,2,2,2,有,無,3700000,51633,,0.0,0,,SPQNMLNKKHMFFAW76CA,64.9,0.0,2.34,,
金湖鎮,房地(土地+建物),金門縣金湖鎮料羅新村５２２號三樓,42.43,住,,,1051230,土地1建物1車位0,三層,三層,公寓(5樓含以下無電梯),集合住宅,鋼筋混凝土造,1041230,71.66,2,2,2,有,無,3700000,51633,,0.0,0,,TPQNMLNKKHMFFAW86CA,64.9,0.0,2.34,,
金寧鄉,房地(土地+建物),金門縣金寧鄉盤果路２７號,59.71,住,,,1060112,土地1建物1車位0,一層,三層,公寓(5樓含以下無電梯),集合住宅,鋼筋混凝土造,1051123,94.99,3,2,2,有,無,6390000,67270,,0.0,0,,RPQNMLOKKHMFFAW76CA,89.44,0.0,0.0,,
金沙鎮,房地(土地+建物),金門縣金沙鎮沙美205號三樓之2,32.77,住,,,1060117,土地1建物1車位0,三層,三層,公寓(5樓含以下無電梯),集合住宅,鋼筋混凝土造,1051018,50.91,2,1,1,有,無,2750000,54017,,0.0,0,,RPQNMLQJKHMFFAW96DA,39.18,3.22,5.18,,
金寧鄉,土地,寧湖三劃段640-2地號,15.0,農,,,1060116,土地1建物0車位0,,,其他,,,,0.0,0,0,0,有,無,15000,1000,,0.0,0,,RPPNMLOKKHMFFAW76DA,0.0,0.0,0.0,,
金湖鎮,土地,新頭段221-1地號,2148.52,其他,,,1060116,土地3建物0車位0,,,其他,,,,0.0,0,0,0,有,無,10000000,4654,,0.0,0,,RPPNMLQKKHMFFAW96DA,0.0,0.0,0.0,,
金寧鄉,房地(土地+建物),金門縣金寧鄉中堡５之８號,24.0,其他,,,1060109,土地1建物1車位0,一層,一層,其他,,,0151015,20.86,0,0,0,無,無,1200000,57526,,0.0,0,一樓平房,RPPNMLNLJHMFFAW56CA,20.86,0.0,0.0,,
金寧鄉,房地(土地+建物),金門縣金寧鄉湖南２８之１號三樓,53.75,其他,,,1051108,土地1建物1車位0,三層,三層,公寓(5樓含以下無電梯),集合住宅,鋼筋混凝土造,1050830,83.77,3,2,2,有,無,5180000,61836,,0.0,0,,RPTNMLNLJHMFFAW96CA,70.48,0.0,7.13,,
金城鎮,房地(土地+建物),金門縣金城鎮伯玉路一段２１６之１號,95.45,其他,,,1051221,土地2建物1車位0,全,三層,透天厝,住家用,鋼筋混凝土造,1051027,245.98,4,2,5,有,無,7200000,29271,,0.0,0,84年間已付訂金及議定總價款。,RPUNMLNLJHMFFAW07CA,230.69,0.0,15.29,,
金寧鄉,房地(土地+建物),金門縣金寧鄉盤果路２７號二樓,59.71,住,,,1060111,土地1建物1車位0,二層,三層,公寓(5樓含以下無電梯),集合住宅,鋼筋混凝土造,1051123,107.86,3,1,2,有,無,5880000,54515,,0.0,0,,RPPNMLNJKHMFFAW09CA,89.44,0.0,12.87,,
金城鎮,土地,吳厝村段129地號,49.67,其他,,,1051230,土地1建物0車位0,,,其他,,,,0.0,0,0,0,有,無,496700,10000,,0.0,0,,RPOOMLPLJHMFFAW86DA,0.0,0.0,0.0,,
金湖鎮,房地(土地+建物),金門縣金湖鎮湖前３５之１號,106.25,其他,,,1051223,土地1建物1車位0,全,三層,透天厝,集合住宅,鋼筋混凝土造,1051018,146.57,4,2,4,有,無,8000000,54581,,0.0,0,,RPRNMLSJLHMFFAW37DA,129.82,0.0,16.75,,
金寧鄉,土地,北二三劃測段242地號,969.8,農,,,1060120,土地1建物0車位0,,,其他,,,,0.0,0,0,0,有,無,4000000,4125,,0.0,0,,RPPNMLQLJHMFFAW86CA,0.0,0.0,0.0,,
金寧鄉,房地(土地+建物),金門縣金寧鄉安岐３５５號,45.6,其他,,,1051207,土地1建物1車位0,一層,三層,公寓(5樓含以下無電梯),集合住宅,鋼筋混凝土造,1051017,87.91000000000001,3,1,2,有,無,5200000,59151,,0.0,0,,RPQOMLPLJHMFFAW96CA,67.49,1.88,7.31,,
金湖鎮,車位,金門縣金湖鎮市港三路２２7號2樓之1等,0.0,,,,1051227,土地0建物0車位1,,,其他,,,,32.4,0,0,0,有,無,900000,,坡道平面,32.4,900000,,RPTOMLPLJHMFFAW27CA,0.0,0.0,0.0,,
金湖鎮,房地(土地+建物),金門縣金湖鎮湖前３５號,106.25,其他,,,1051223,土地0建物1車位0,全,三層,透天厝,集合住宅,鋼筋混凝土造,1051018,146.85,4,2,4,有,無,8000000,54477,,0.0,0,,RPUOMLPLJHMFFAW37CA,130.53,0.0,16.32,,
金寧鄉,房地(土地+建物),金門縣金寧鄉下堡１６８號,83.0,其他,,,1051230,土地1建物1車位0,一層,三層,公寓(5樓含以下無電梯),集合住宅,鋼筋混凝土造,1050413,130.9,3,2,2,有,無,10000000,76394,,0.0,0,,RPWOMLPLJHMFFAW57CA,99.46,0.0,22.55,,
金湖鎮,土地,湖前段1328地號,212.5,其他,,,1051223,土地1建物0車位0,,,其他,,,,0.0,0,0,0,有,無,9600000,45176,,0.0,0,,RPSOMLPLJHMFFAW17CA,0.0,0.0,0.0,,
金寧鄉,房地(土地+建物),金門縣金寧鄉安岐１３９號,249.88,農,,,1060112,土地1建物1車位0,一層，二層，屋頂突出物,二層,農舍,農舍,鋼筋混凝土造,1031106,146.99,5,1,4,有,無,1158868,,,0.0,0,二親等買賣,RPPNMLMJKHMFFAW98CA,125.54,0.0,21.45,,
金城鎮,土地,吳厝村段131-1地號,116.3,其他,,,1060124,土地1建物0車位0,,,其他,,,,0.0,0,0,0,有,無,1000000,8598,,0.0,0,,RPSNMLMJKHMFFAW66CA,0.0,0.0,0.0,,
金湖鎮,房地(土地+建物),金門縣金湖鎮塔后41-5號,44.33,其他,,,1060105,土地1建物1車位0,一層,三層,公寓(5樓含以下無電梯),集合住宅,鋼筋混凝土造,0961024,90.94999999999999,3,2,2,有,無,5200000,57174,,0.0,0,,RPRNMLQJKHMFFAW07DA,70.4,0.0,2.95,,
金沙鎮,房地(土地+建物),金門縣金沙鎮沙美205號三樓之3,43.36,住,,,1060109,土地1建物1車位0,三層,三層,公寓(5樓含以下無電梯),集合住宅,鋼筋混凝土造,1051018,67.42,2,2,1,有,無,3800000,56363,,0.0,0,,RPQNMLMJKHMFFAW56DA,50.95,6.69,5.38,,
金城鎮,土地,水頭段977地號,277.12,農,,,1060113,土地1建物0車位0,,,其他,,,,0.0,0,0,0,有,無,650000,2346,,0.0,0,,RPRNMLMJKHMFFAW66DA,0.0,0.0,0.0,,
金湖鎮,房地(土地+建物),金門縣金湖鎮山外里下莊光武路２２號,64.0,其他,,,1060103,土地1建物1車位0,全,三層,透天厝,住商用,鋼筋混凝土造,0690226,134.82,4,2,2,有,無,4399000,32629,,0.0,0,買賣雙方之仲介費皆由買方付買方支付總金額為460萬含稅及代書費,RPPNMLQJKHMFFAW76CA,130.62,4.2,0.0,,
金湖鎮,土地,擎天段1041地號,1354.48,其他,,,1060104,土地3建物0車位0,,,其他,,,,0.0,0,0,0,有,無,1847418,1364,,0.0,0,,RPPNMLKKKHMFFAW88CA,0.0,0.0,0.0,,
金沙鎮,土地,擎天段1047地號,1494.78,農,,,1060104,土地2建物0車位0,,,其他,,,,0.0,0,0,0,有,無,2242185,1500,,0.0,0,,RPQNMLKKKHMFFAW98CA,0.0,0.0,0.0,,
金沙鎮,土地,中蘭劃測段866地號,450.15,其他,,,1060104,土地2建物0車位0,,,其他,,,,0.0,0,0,0,有,無,805428,1789,,0.0,0,,RPRNMLKKKHMFFAW09CA,0.0,0.0,0.0,,
