﻿編號,土地位置,土地移轉面積(平方公尺),使用分區或編定,權利人持分分母,權利人持分分子,移轉情形,地號
The serial number, land position,land shifting area square meter,the use zoning or compiles and checks,,,,land parcel
RPPNMLTJJILFFAX07CA,內垵三段,289.06,非都市：一般農業區 ; 非都市編定：農牧用地,1,1,全筆移轉,15530000
RPSNMLMJJILFFAX66CA,山水北段,2.65,非都市：鄉村區 ; 非都市編定：交通用地,8,1,持分移轉,06640001
RPSNMLMJJILFFAX66CA,山水北段,1.15,非都市：鄉村區 ; 非都市編定：交通用地,2,1,持分移轉,06680001
RPPNMLQJJILFFAX76CA,成功南段,189.56,非都市：一般農業區 ; 非都市編定：農牧用地,144,53,持分移轉,07350000
RPVNMLTJJILFFAX67CA,五福段,279.01,非都市：一般農業區 ; 非都市編定：農牧用地,100000,8010,持分移轉,05610000
RPPNMLQJJILFFAX76CA,成功南段,189.56,非都市：一般農業區 ; 非都市編定：農牧用地,144,53,持分移轉,07350000
RPQNMLTJJILFFAX17CA,東澳段,106.29,非都市： ; 非都市編定：,1,1,全筆移轉,08730000
RPQNMLQJJILFFAX86CA,山水北段,332.32,非都市：一般農業區 ; 非都市編定：農牧用地,4,1,持分移轉,02010000
RPQNMLTJJILFFAX17CA,東澳段,90.33,非都市： ; 非都市編定：,1,1,全筆移轉,08700001
RPQNMLQJJILFFAX86CA,山水北段,332.32,非都市：一般農業區 ; 非都市編定：農牧用地,4,1,持分移轉,02010000
RPPNMLLKJILFFAX98CA,東石新段,.12,非都市：一般農業區 ; 非都市編定：農牧用地,24,1,持分移轉,01380001
RPPNMLLKJILFFAX98CA,東石新段,1.15,非都市：一般農業區 ; 非都市編定：交通用地,24,1,持分移轉,01400000
RPTNMLLKJILFFAX76CA,望安段,533.00,非都市：一般農業區 ; 非都市編定：農牧用地,1,1,全筆移轉,03230000
RPTNMLSJJILFFAX57EA,竹灣段,78.06,非都市：鄉村區 ; 非都市編定：乙種建築用地,8,4,持分移轉,14280000
RPQNMLRJJILFFAX07DA,五福段,19.67,非都市：一般農業區 ; 非都市編定：農牧用地,6,1,持分移轉,02970000
RPQNMLRJJILFFAX07DA,五福段,15.54,非都市：鄉村區 ; 非都市編定：乙種建築用地,36,2,持分移轉,04270000
RPRNMLLKJILFFAX56CA,鼎灣新段,15.12,非都市：一般農業區 ; 非都市編定：農牧用地,8,2,持分移轉,07300001
RPQNMLLKJILFFAX09CA,鼎灣新段,15.12,非都市：一般農業區 ; 非都市編定：農牧用地,8,2,持分移轉,07300001
RPSNMLLKJILFFAX66CA,鼎灣新段,5.60,非都市：一般農業區 ; 非都市編定：交通用地,7,1,持分移轉,06740001
RPVNMLKLOHOFFAX67CA,埕東段,.98,非都市： ; 非都市編定：,10000,120,持分移轉,03750000
RPVNMLKLOHOFFAX67CA,埕東段,24.01,非都市： ; 非都市編定：,10000,120,持分移轉,03780000
RPPNMLKKJILFFAX98DA,國宅段,78.10,非都市： ; 非都市編定：,1,1,全筆移轉,06610000
RPRNMLLLOHOFFAX37CA,興崁段,90.69,非都市：一般農業區 ; 非都市編定：甲種建築用地,3000,334,持分移轉,11820000
RPRNMLLLOHOFFAX37CA,興崁段,92.05,非都市：一般農業區 ; 非都市編定：甲種建築用地,3000,339,持分移轉,11820000
RPRNMLLLOHOFFAX37CA,興崁段,88.79,非都市：一般農業區 ; 非都市編定：甲種建築用地,3000,327,持分移轉,11820000
RPRNMLQKJILFFAX17DA,文澳段,49.30,非都市： ; 非都市編定：,10000,279,持分移轉,23040000
RPPNMLOKJILFFAX66CA,北極段,145.49,非都市： ; 非都市編定：,1,1,全筆移轉,09340008
SPRNMLPLJILFFAX17CA,小池角段,220.00,非都市：一般農業區 ; 非都市編定：農牧用地,1,1,全筆移轉,08820000
RPQNMLPLJILFFAX96CA,東衛段,37.72,非都市：一般農業區 ; 非都市編定：交通用地,12,1,持分移轉,10310004
RPQNMLPLJILFFAX96CA,東衛段,329.98,非都市：一般農業區 ; 非都市編定：甲種建築用地,1,1,全筆移轉,10310012
RPTNMLSLJILFFAX57CA,赤崁中段,61.38,非都市：鄉村區 ; 非都市編定：乙種建築用地,1,1,全筆移轉,01950000
RPRNMLPLJILFFAX07CA,小池角段,536.00,非都市：一般農業區 ; 非都市編定：農牧用地,1,1,全筆移轉,08790000
RPQOMLPLJILFFAX07CA,五福段,75.66,非都市：鄉村區 ; 非都市編定：乙種建築用地,32310,7566,持分移轉,09640000
RPQNMLTLJILFFAX37CA,中山段,260.07,非都市： ; 非都市編定：,1,1,全筆移轉,05400000
RPQNMLTLJILFFAX37CA,中山段,47.46,非都市： ; 非都市編定：,1,1,全筆移轉,05710000
RPQNMLTLJILFFAX37CA,中山段,2.52,非都市： ; 非都市編定：,1,1,全筆移轉,05720000
RPSNMLRLJILFFAX37CA,雙湖段,554.70,非都市：一般農業區 ; 非都市編定：農牧用地,1,1,全筆移轉,08340000
RPQNMLOKJILFFAX76CA,東澳段,1.94,非都市： ; 非都市編定：,1,1,全筆移轉,07080000
RPQNMLOKJILFFAX76CA,東澳段,6.82,非都市： ; 非都市編定：,1,1,全筆移轉,07080001
RPQNMLRKJILFFAX07CA,後寮段,1757.00,非都市：一般農業區 ; 非都市編定：農牧用地,1,1,全筆移轉,13930000
RPQNMLRKJILFFAX07CA,後寮段,175.00,非都市：一般農業區 ; 非都市編定：農牧用地,1,1,全筆移轉,13940000
RPQNMLRKJILFFAX07CA,後寮段,315.00,非都市：一般農業區 ; 非都市編定：農牧用地,1,1,全筆移轉,14020000
RPQNMLRKJILFFAX07CA,後寮段,369.00,非都市：一般農業區 ; 非都市編定：農牧用地,1,1,全筆移轉,14030000
RPRNMLOKJILFFAX86CA,南寮北段,711.03,非都市：一般農業區 ; 非都市編定：農牧用地,1,1,全筆移轉,15510000
RPVNMLSKJILFFAX67CA,青螺新段,386.10,非都市：鄉村區 ; 非都市編定：乙種建築用地,1,1,全筆移轉,11040000
RPWNMLSKJILFFAX77CA,湖西北段,184.48,非都市：鄉村區 ; 非都市編定：乙種建築用地,1,1,全筆移轉,05140001
RPSNMLOKJILFFAX96CA,龍門南段,161.08,非都市：一般農業區 ; 非都市編定：農牧用地,1,1,全筆移轉,03600001
RPSNMLOKJILFFAX96CA,龍門南段,402.68,非都市：一般農業區 ; 非都市編定：農牧用地,1,1,全筆移轉,03610000
RPUNMLSKJILFFAX57CA,講美段,1397.10,非都市：風景區 ; 非都市編定：農牧用地,1,1,全筆移轉,00680000
RPPNMLQKJILFFAX86CA,馬公段,74.00,非都市： ; 非都市編定：,1,1,全筆移轉,20210062
RPSNMLQKJILFFAX27DA,中衛段,158.52,非都市： ; 非都市編定：,1,1,全筆移轉,09440000
RPTNMLQKJILFFAX37DA,五福段,202.64,非都市：一般農業區 ; 非都市編定：甲種建築用地,1,1,全筆移轉,10060002
RPTNMLQKJILFFAX37DA,五福段,18.94,非都市：一般農業區 ; 非都市編定：交通用地,4,1,持分移轉,10060004
RPTNMLQKJILFFAX37DA,五福段,20.83,非都市：一般農業區 ; 非都市編定：交通用地,4,1,持分移轉,10060005
RPSNMLSKJILFFAX47DA,小池角段,708.00,非都市：一般農業區 ; 非都市編定：農牧用地,1,1,全筆移轉,42070000
RPPNMLSKJILFFAX17DA,沙港北段,303.93,非都市：一般農業區 ; 非都市編定：農牧用地,2,1,持分移轉,05620000
RPPNMLSKJILFFAX17DA,沙港北段,15.36,非都市：一般農業區 ; 非都市編定：交通用地,2,1,持分移轉,05630000
RPPNMLSKJILFFAX17DA,沙港北段,303.93,非都市：一般農業區 ; 非都市編定：農牧用地,2,1,持分移轉,05620000
RPPNMLSKJILFFAX17DA,沙港北段,15.36,非都市：一般農業區 ; 非都市編定：交通用地,2,1,持分移轉,05630000
RPUNMLQKJILFFAX37CA,東澳段,.49,非都市： ; 非都市編定：,40,1,持分移轉,07050001
RPPNMLRLJILFFAX17DA,興仁段,233.13,非都市：一般農業區 ; 非都市編定：農牧用地,10000,1241,持分移轉,08360000
RPPNMLRLJILFFAX17DA,興仁段,227.49,非都市：一般農業區 ; 非都市編定：農牧用地,10000,1211,持分移轉,08360000
RPPNMLRLJILFFAX17DA,興仁段,227.68,非都市：一般農業區 ; 非都市編定：農牧用地,10000,1212,持分移轉,08360000
RPPNMLRLJILFFAX17DA,興仁段,226.93,非都市：一般農業區 ; 非都市編定：農牧用地,10000,1208,持分移轉,08360000
RPPNMLRLJILFFAX17DA,興仁段,248.53,非都市：一般農業區 ; 非都市編定：農牧用地,10000,1323,持分移轉,08360000
RPPNMLRLJILFFAX17DA,興仁段,233.69,非都市：一般農業區 ; 非都市編定：農牧用地,10000,1244,持分移轉,08360000
RPPNMLRLJILFFAX17DA,興仁段,234.63,非都市：一般農業區 ; 非都市編定：農牧用地,10000,1249,持分移轉,08360000
RPPNMLRLJILFFAX17DA,興仁段,246.47,非都市：一般農業區 ; 非都市編定：農牧用地,10000,1312,持分移轉,08360000
RPQNMLRLJILFFAX27DA,六合段,609.55,非都市：一般農業區 ; 非都市編定：農牧用地,22,10,持分移轉,04320000
RPRNMLRLJILFFAX27CA,馬公段,16.39,非都市： ; 非都市編定：,36,1,持分移轉,20880000
RPRNMLRLJILFFAX27CA,馬公段,16.39,非都市： ; 非都市編定：,36,1,持分移轉,20880000
RPPNMLRKJILFFAX96CA,山水北段,5.30,非都市：鄉村區 ; 非都市編定：交通用地,4,1,持分移轉,06640001
RPROMLPLJILFFAX17CA,五福段,75.67,非都市：鄉村區 ; 非都市編定：乙種建築用地,32310,7567,持分移轉,09640000
RPPNMLPLJILFFAX86CA,埕西段,39.52,非都市： ; 非都市編定：,1,1,全筆移轉,01570000
RPTNMLRLJILFFAX47CA,烏崁新段,1115.59,非都市：一般農業區 ; 非都市編定：農牧用地,1,1,全筆移轉,18230000
RPQNMLSLJILFFAX27CA,文澳段,94.00,非都市： ; 非都市編定：,1,1,全筆移轉,25170000
RPVNMLPLJILFFAX47CA,鎖港西段,443.75,非都市：一般農業區 ; 非都市編定：農牧用地,3,2,持分移轉,10010000
RPTNMLSKJILFFAX47CA,成功北段,35.74,非都市：一般農業區 ; 非都市編定：交通用地,1,1,全筆移轉,01940001
RPTNMLSKJILFFAX47CA,成功北段,24.10,非都市：一般農業區 ; 非都市編定：交通用地,1,1,全筆移轉,01940000
RPTNMLSKJILFFAX47CA,成功北段,2.02,非都市：一般農業區 ; 非都市編定：交通用地,1,1,全筆移轉,01950001
RPSNMLQJKILFFAX17CA,二崁南段,505.44,非都市：風景區 ; 非都市編定：農牧用地,8,7,持分移轉,12170000
RPUNMLLLJILFFAX96CA,紅羅段,194.78,非都市：一般農業區 ; 非都市編定：農牧用地,2,1,持分移轉,25040000
RPTNMLPJKILFFAX17CA,文光段,23.45,非都市： ; 非都市編定：,100000,283,持分移轉,00200000
RPTNMLPJKILFFAX17CA,文光段,3.04,非都市： ; 非都市編定：,100000,283,持分移轉,00540000
RPPNMLMLJILFFAX56CA,山水西段,4.03,非都市：一般農業區 ; 非都市編定：交通用地,1,1,全筆移轉,01710001
RPPNMLMLJILFFAX56CA,山水北段,3.62,非都市：一般農業區 ; 非都市編定：交通用地,1,1,全筆移轉,09350001
RPSNMLLLJILFFAX76CA,東衛段,205.65,非都市：鄉村區 ; 非都市編定：乙種建築用地,1,1,全筆移轉,11070000
RPTNMLPLJILFFAX27CA,烏崁新段,669.48,非都市：一般農業區 ; 非都市編定：農牧用地,1,1,全筆移轉,00310000
RPPNMLOLJILFFAX76CA,東澳段,32.82,非都市： ; 非都市編定：,1,1,全筆移轉,07060000
RPSNMLPLJILFFAX17CA,五德東段,233.87,非都市：一般農業區 ; 非都市編定：農牧用地,1,1,全筆移轉,03380000
RPSOMLPLJILFFAX27CA,東澳段,260.79,非都市： ; 非都市編定：,80,47,持分移轉,07070000
RPQNMLSKJILFFAX27DA,鐵線段,1181.02,非都市：一般農業區 ; 非都市編定：農牧用地,1,1,全筆移轉,04900000
RPQNMLOLJILFFAX86CA,東澳段,18.83,非都市： ; 非都市編定：,80,70,持分移轉,07050000
RPTNMLLLJILFFAX86CA,東衛段,122.32,非都市：鄉村區 ; 非都市編定：乙種建築用地,28,7,持分移轉,11110000
RPPNMLLLJILFFAX09CA,馬公段,111.00,非都市： ; 非都市編定：,1,1,全筆移轉,00730003
RPPNMLLLJILFFAX09CA,馬公段,1.00,非都市： ; 非都市編定：,1,1,全筆移轉,00730039
RPRNMLOLJILFFAX96CA,鼎灣新段,5.60,非都市：一般農業區 ; 非都市編定：交通用地,7,1,持分移轉,06740001
RPQNMLMLJILFFAX66CA,鼎灣新段,2.08,非都市：一般農業區 ; 非都市編定：農牧用地,4,1,持分移轉,05490000
RPSNMLOLJILFFAX07CA,東石新段,3.15,非都市：一般農業區 ; 非都市編定：農牧用地,1,1,全筆移轉,00310001
RPUNMLPLJILFFAX37CA,南寮北段,905.50,非都市：一般農業區 ; 非都市編定：農牧用地,1,1,全筆移轉,11300000
RPVNMLOLJILFFAX37CA,東澳段,27.74,非都市： ; 非都市編定：,80,5,持分移轉,07070000
RPRNMLMLJILFFAX76CA,鼎灣新段,5.44,非都市：一般農業區 ; 非都市編定：交通用地,4,1,持分移轉,06600000
RPRNMLMLJILFFAX76CA,鼎灣新段,10.60,非都市：一般農業區 ; 非都市編定：農牧用地,4,1,持分移轉,06620001
RPPNMLSLJILFFAX17CA,馬公段,97.00,非都市： ; 非都市編定：,1,1,全筆移轉,26660056
RPUNMLRLJILFFAX57CA,湖西南段,81.22,非都市：鄉村區 ; 非都市編定：乙種建築用地,1,1,全筆移轉,04540000
RPWNMLOLJILFFAX47CA,大嶼段,382.00,非都市：一般農業區 ; 非都市編定：農牧用地,1,1,全筆移轉,41030000
RPPNMLNLJILFFAX86EA,埕西段,10.79,非都市： ; 非都市編定：,3,1,持分移轉,08270000
RPPNMLNLJILFFAX86EA,埕西段,10.79,非都市： ; 非都市編定：,3,1,持分移轉,08270000
RPPNMLNLJILFFAX86EA,埕西段,10.79,非都市： ; 非都市編定：,3,1,持分移轉,08270000
RPPNMLQJKILFFAX96DA,山水南段,24.10,非都市：一般農業區 ; 非都市編定：水利用地,1,1,全筆移轉,03170001
RPXNMLOLJILFFAX57CA,馬公段,89.00,非都市： ; 非都市編定：,1,1,全筆移轉,06110014
RPTNMLOLJILFFAX17CA,鼎灣新段,5.60,非都市：一般農業區 ; 非都市編定：交通用地,7,1,持分移轉,06740001
RPPNMLTLJILFFAX27CA,,4.86,非都市： ; 非都市編定：,8,1,持分移轉,02430001
RPPNMLTLJILFFAX27CA,,.12,非都市： ; 非都市編定：,8,1,持分移轉,02450001
RPPNMLTLJILFFAX27CA,,6.30,非都市： ; 非都市編定：,8,1,持分移轉,02560001
RPPNMLTLJILFFAX27CA,,4.08,非都市： ; 非都市編定：,8,1,持分移轉,02410000
RPPNMLTLJILFFAX27CA,,3.16,非都市： ; 非都市編定：,8,1,持分移轉,02580000
RPWNMLPLJILFFAX57CA,風櫃東段,246.37,非都市：風景區 ; 非都市編定：農牧用地,1,1,全筆移轉,04360000
RPXNMLPLJILFFAX67CA,大嶼段,368.00,非都市：一般農業區 ; 非都市編定：農牧用地,1,1,全筆移轉,48420002
RPXNMLPLJILFFAX67CA,大嶼段,1518.00,非都市：一般農業區 ; 非都市編定：農牧用地,1,1,全筆移轉,54500003
RPQNMLMKKILFFAX66CA,五德東段,884.95,非都市： ; 非都市編定：,1,1,全筆移轉,00600000
RPQNMLMKKILFFAX66CA,五德東段,1.62,非都市：一般農業區 ; 非都市編定：農牧用地,1,1,全筆移轉,00600001
RPQNMLKMJILFFAX56CA,山水東段,89.82,非都市：一般農業區 ; 非都市編定：農牧用地,2,1,持分移轉,03240000
RPQNMLKMJILFFAX56CA,山水南段,509.28,非都市：一般農業區 ; 非都市編定：農牧用地,2,1,持分移轉,00870000
RPXNMLTLJILFFAX08CA,五福段,116.82,非都市：鄉村區 ; 非都市編定：乙種建築用地,1,1,全筆移轉,14990000
RPWNMLTLJILFFAX97CA,,408.94,非都市： ; 非都市編定：,1,1,全筆移轉,07220000
RPWNMLTLJILFFAX97CA,,465.30,非都市： ; 非都市編定：,1,1,全筆移轉,08500000
RPTNMLTLJILFFAX67CA,,29.59,非都市： ; 非都市編定：,1,1,全筆移轉,05740001
RPTNMLTLJILFFAX67CA,,94.94,非都市： ; 非都市編定：,1,1,全筆移轉,05750000
RPQNMLMJKILFFAX56CA,講美段,94.52,非都市：鄉村區 ; 非都市編定：乙種建築用地,2,1,持分移轉,04540000
RPQNMLMJKILFFAX56CA,講美段,44.38,非都市：鄉村區 ; 非都市編定：乙種建築用地,4,1,持分移轉,04550000
RPSNMLTLJILFFAX57CA,,5.60,非都市： ; 非都市編定：,7,1,持分移轉,06740001
RPSNMLLJKILFFAX66CA,,129.60,非都市： ; 非都市編定：,3,1,持分移轉,04400000
RPPNMLOJKILFFAX66CA,湖西北段,132.86,非都市：一般農業區 ; 非都市編定：甲種建築用地,1,1,全筆移轉,06530000
RPPNMLOJKILFFAX66CA,湖西北段,36.28,非都市：一般農業區 ; 非都市編定：交通用地,15,1,持分移轉,06580000
RPVNMLTLJILFFAX87CA,,350.49,非都市： ; 非都市編定：,1,1,全筆移轉,06780000
RPRNMLTLJILFFAX47CA,,4.86,非都市： ; 非都市編定：,8,1,持分移轉,02430001
RPRNMLTLJILFFAX47CA,,.12,非都市： ; 非都市編定：,8,1,持分移轉,02450001
RPRNMLTLJILFFAX47CA,,6.30,非都市： ; 非都市編定：,8,1,持分移轉,02560001
RPRNMLTLJILFFAX47CA,,4.08,非都市： ; 非都市編定：,8,1,持分移轉,02410000
RPRNMLTLJILFFAX47CA,,3.16,非都市： ; 非都市編定：,8,1,持分移轉,02580000
RPQNMLOJKILFFAX76CA,港子段,33.00,非都市：一般農業區 ; 非都市編定：農牧用地,2,1,持分移轉,04430002
RPTOMLPLJILFFAX37CA,山水南段,526.51,非都市：一般農業區 ; 非都市編定：農牧用地,1,1,全筆移轉,00430000
RPPNMLKMJILFFAX56DA,東衛段,26.79,非都市：一般農業區 ; 非都市編定：交通用地,12,1,持分移轉,07910005
RPPNMLKMJILFFAX56DA,東衛段,182.05,非都市：一般農業區 ; 非都市編定：甲種建築用地,1,1,全筆移轉,07910009
RPPNMLMJKILFFAX09CA,興崁段,2910.18,非都市：一般農業區 ; 非都市編定：農牧用地,1,1,全筆移轉,05790000
RPRNMLPJKILFFAX96CA,山水西段,11.07,非都市：一般農業區 ; 非都市編定：交通用地,2,1,持分移轉,01690001
RPRNMLPJKILFFAX96CA,山水西段,2.65,非都市：一般農業區 ; 非都市編定：交通用地,2,1,持分移轉,01700001
RPRNMLKMJILFFAX66CA,興崁段,1452.22,非都市：一般農業區 ; 非都市編定：農牧用地,1,1,全筆移轉,05340000
RPTNMLTKKILFFAX67CA,山水西段,29.58,非都市：一般農業區 ; 非都市編定：交通用地,1000,155,持分移轉,05080004
RPTNMLTKKILFFAX67CA,山水西段,196.53,非都市：一般農業區 ; 非都市編定：甲種建築用地,1,1,全筆移轉,05080005
RPSNMLMJKILFFAX76CA,,42.05,非都市： ; 非都市編定：,6,1,持分移轉,12330000
RPSNMLMJKILFFAX76CA,,122.93,非都市： ; 非都市編定：,1,1,全筆移轉,12330002
RPPNMLOKKILFFAX76CA,光榮段,189.00,非都市： ; 非都市編定：,18,3,持分移轉,03450000
RPPNMLOKKILFFAX76CA,光榮段,119.73,非都市： ; 非都市編定：,18,3,持分移轉,03450001
RPPNMLLJKILFFAX98CA,馬公段,63.00,非都市： ; 非都市編定：,1,1,全筆移轉,01030244
RPUNMLPJKILFFAX27CA,文光段,27.43,非都市： ; 非都市編定：,100000,331,持分移轉,00200000
RPTNMLMJKILFFAX86CA,?葉新段,215.57,非都市：鄉村區 ; 非都市編定：乙種建築用地,1,1,全筆移轉,05330000
RPTNMLMJKILFFAX86CA,?葉新段,40.94,非都市：鄉村區 ; 非都市編定：交通用地,1,1,全筆移轉,05370000
RPTNMLMJKILFFAX86CA,?葉新段,5.54,非都市：鄉村區 ; 非都市編定：交通用地,1,1,全筆移轉,05410000
RPUNMLPJKILFFAX27CA,文光段,3.55,非都市： ; 非都市編定：,100000,331,持分移轉,00540000
RPPNMLPJKILFFAX76CA,七美一段,125.30,非都市：鄉村區 ; 非都市編定：乙種建築用地,2,1,持分移轉,06490000
RPRNMLOJKILFFAX86CA,,4.10,非都市： ; 非都市編定：,144,1,持分移轉,20880000
RPVNMLPJKILFFAX37CA,鼎灣新段,5.60,非都市：一般農業區 ; 非都市編定：交通用地,7,1,持分移轉,06740001
RPXNMLPJKILFFAX57CA,小池角段,761.00,非都市：一般農業區 ; 非都市編定：農牧用地,1,1,全筆移轉,08000000
RPQNMLOKKILFFAX86CA,安宅段,51.12,非都市：一般農業區 ; 非都市編定：交通用地,7,1,持分移轉,11710004
RPQNMLOKKILFFAX86CA,安宅段,178.65,非都市：一般農業區 ; 非都市編定：甲種建築用地,1,1,全筆移轉,11710007
RPPNMLQKKILFFAX96CA,興仁段,39.00,非都市：一般農業區 ; 非都市編定：交通用地,2,1,持分移轉,14320000
RPQNMLPJKILFFAX07EA,文東段,23.70,非都市：一般農業區 ; 非都市編定：水利用地,1,1,全筆移轉,01430003
RPSNMLQKKILFFAX27CA,文澳段,111.00,非都市： ; 非都市編定：,1,1,全筆移轉,22950001
RPOOMLPJKILFFAX76CA,竹灣段,604.18,非都市：一般農業區 ; 非都市編定：農牧用地,1,1,全筆移轉,10390000
RPOOMLPJKILFFAX76CA,竹灣段,104.06,非都市：一般農業區 ; 非都市編定：交通用地,1,1,全筆移轉,10400000
RPUNMLLLKILFFAX07CA,鐵線段,1911.09,非都市：一般農業區 ; 非都市編定：農牧用地,1,1,全筆移轉,06240000
RPPOMLPJKILFFAX86CA,二崁南段,36.10,非都市：風景區 ; 非都市編定：農牧用地,16,1,持分移轉,12170000
RPQOMLPJKILFFAX96CA,海堤段,36.89,非都市： ; 非都市編定：,24,5,持分移轉,06250000
RPROMLPJKILFFAX07CA,光華段,20.77,非都市：一般農業區 ; 非都市編定：交通用地,12,1,持分移轉,04550000
RPROMLPJKILFFAX07CA,光華段,87.58,非都市：一般農業區 ; 非都市編定：甲種建築用地,1,1,全筆移轉,04580000
RPTNMLQJKILFFAX37DA,馬公段,4.00,非都市： ; 非都市編定：,1,1,全筆移轉,17790003
RPPNMLRJKILFFAX07DA,埕西段,91.24,非都市： ; 非都市編定：,1,1,全筆移轉,06880000
RPPNMLLKKILFFAX56DA,埕東段,1.12,非都市： ; 非都市編定：,10000,137,持分移轉,03750000
RPPNMLLKKILFFAX56DA,埕東段,27.41,非都市： ; 非都市編定：,10000,137,持分移轉,03780000
RPRNMLRJKILFFAX17CA,興仁段,398.00,非都市：鄉村區 ; 非都市編定：乙種建築用地,1,1,全筆移轉,00360000
RPSNMLLLOHOFFAX47CA,埕西段,33.90,非都市： ; 非都市編定：,14,1,持分移轉,03560000
RPWNMLPJKILFFAX47CA,鼎灣新段,5.60,非都市：一般農業區 ; 非都市編定：交通用地,7,1,持分移轉,06740001
RPTNMLRJKILFFAX37CA,湖西南段,643.75,非都市：一般農業區 ; 非都市編定：農牧用地,1,1,全筆移轉,15160000
RPQNMLQJKILFFAX17EA,湖西北段,285.06,非都市：一般農業區 ; 非都市編定：農牧用地,2,1,持分移轉,05570000
RPRNMLKLKILFFAX66CA,北澳段,52.14,非都市：一般農業區 ; 非都市編定：甲種建築用地,1,1,全筆移轉,05460000
RPPNMLLLKILFFAX56CA,光榮段,2122.22,非都市： ; 非都市編定：,1,1,全筆移轉,03010000
RPPOMLLLKILFFAX66CA,成功南段,4264.76,非都市：一般農業區 ; 非都市編定：農牧用地,1,1,全筆移轉,13300000
RPSNMLRJKILFFAX27CA,池西段,272.84,非都市：鄉村區 ; 非都市編定：乙種建築用地,1,1,全筆移轉,09290000
RPQNMLLKKILFFAX66DA,興崁段,181.39,非都市：一般農業區 ; 非都市編定：農牧用地,3000,668,持分移轉,11820000
RPQNMLLKKILFFAX66DA,興崁段,184.10,非都市：一般農業區 ; 非都市編定：農牧用地,3000,678,持分移轉,11820000
RPQNMLLKKILFFAX66DA,興崁段,177.59,非都市：一般農業區 ; 非都市編定：農牧用地,3000,654,持分移轉,11820000
RPPNMLMKKILFFAX56CA,紅羅段,1634.09,非都市：一般農業區 ; 非都市編定：農牧用地,1,1,全筆移轉,22780000
RPPNMLSJKILFFAX27EA,海堤段,30.95,非都市： ; 非都市編定：,1,1,全筆移轉,08450002
RPUNMLRJKILFFAX47CA,文澳段,40.00,非都市： ; 非都市編定：,1,1,全筆移轉,22530011
RPUNMLRJKILFFAX47CA,文澳段,10.83,非都市： ; 非都市編定：,12,1,持分移轉,22540000
RPUNMLRJKILFFAX47CA,文澳段,25.00,非都市： ; 非都市編定：,1,1,全筆移轉,22540003
RPSNMLMKKILFFAX86CA,國宅段,1566.02,非都市：一般農業區 ; 非都市編定：農牧用地,1,1,全筆移轉,01110000
RPPNMLTJKILFFAX17CA,四維段,99.82,非都市：一般農業區 ; 非都市編定：農牧用地,1,1,全筆移轉,06270002
RPWNMLMKKILFFAX27CA,五德東段,208.87,非都市：一般農業區 ; 非都市編定：農牧用地,1,1,全筆移轉,02210000
RPQNMLQKKILFFAX07CA,北極段,2.37,非都市： ; 非都市編定：,1,1,全筆移轉,06670000
RPQNMLQKKILFFAX07CA,北極段,1477.01,非都市： ; 非都市編定：,1,1,全筆移轉,06660000
RPUNMLMKKILFFAX07CA,鐵線段,330.01,非都市：一般農業區 ; 非都市編定：農牧用地,930,330,持分移轉,04750002
RPUNMLMKKILFFAX07CA,鐵線段,600.01,非都市：一般農業區 ; 非都市編定：農牧用地,930,600,持分移轉,04750002
RPSNMLOKKILFFAX07CA,湖西南段,59.55,非都市：鄉村區 ; 非都市編定：乙種建築用地,2,1,持分移轉,07220000
RPVNMLMKKILFFAX17CA,國宅段,824.66,非都市：一般農業區 ; 非都市編定：農牧用地,1,1,全筆移轉,01100000
RPROMLLLKILFFAX86CA,後寮段,553.00,非都市：一般農業區 ; 非都市編定：農牧用地,1,1,全筆移轉,04530000
RPQNMLMLKILFFAX76CA,山水北段,3.89,非都市：一般農業區 ; 非都市編定：交通用地,6,1,持分移轉,05070000
RPQNMLMLKILFFAX76CA,山水北段,300.35,非都市：一般農業區 ; 非都市編定：農牧用地,6,1,持分移轉,05080000
RPQNMLQLKILFFAX17CA,?葉新段,678.59,非都市：一般農業區 ; 非都市編定：農牧用地,1,1,全筆移轉,18420000
RPRNMLNKKILFFAX86CA,東石新段,2.64,非都市：鄉村區 ; 非都市編定：乙種建築用地,3,1,持分移轉,04450001
RPTNMLOKKILFFAX17CA,五福段,174.08,非都市：一般農業區 ; 非都市編定：甲種建築用地,1,1,全筆移轉,05150002
RPTNMLOKKILFFAX17CA,五福段,59.00,非都市：一般農業區 ; 非都市編定：交通用地,10,1,持分移轉,05150004
RPPNMLPKKILFFAX86CA,橫礁段,470.00,非都市：風景區 ; 非都市編定：農牧用地,1,1,全筆移轉,06200000
RPPNMLTKKILFFAX27CA,花宅段,372.50,非都市：一般農業區 ; 非都市編定：農牧用地,4,1,持分移轉,05010000
RPPNMLTKKILFFAX27CA,花宅段,25.08,非都市：鄉村區 ; 非都市編定：乙種建築用地,12,1,持分移轉,20890000
RPPNMLTKKILFFAX27CA,花宅段,21.25,非都市：鄉村區 ; 非都市編定：乙種建築用地,8,1,持分移轉,21490000
RPPNMLTKKILFFAX27CA,花宅段,111.50,非都市：一般農業區 ; 非都市編定：農牧用地,4,1,持分移轉,22910000
RPPNMLTKKILFFAX27CA,花宅段,1.38,非都市：風景區 ; 非都市編定：農牧用地,8,1,持分移轉,27700000
RPPNMLTKKILFFAX27CA,花宅段,58.62,非都市：風景區 ; 非都市編定：農牧用地,8,1,持分移轉,27700001
RPSNMLTKKILFFAX57CA,成功北段,111.67,非都市：一般農業區 ; 非都市編定：農牧用地,6,1,持分移轉,05340000
RPQNMLLLKILFFAX66CA,山水西段,.09,非都市：一般農業區 ; 非都市編定：交通用地,3,1,持分移轉,03720001
RPRNMLPKKILFFAX07CA,吉貝西段,230.06,非都市：鄉村區 ; 非都市編定：乙種建築用地,1,1,全筆移轉,08450000
RPRNMLPKKILFFAX07CA,吉貝西段,184.60,非都市：鄉村區 ; 非都市編定：乙種建築用地,1,1,全筆移轉,08530000
RPSNMLSLKILFFAX77EA,合界段,165.08,非都市：一般農業區 ; 非都市編定：農牧用地,6,2,持分移轉,13560000
RPSNMLSLKILFFAX77EA,竹篙灣段,100.67,非都市：一般農業區 ; 非都市編定：農牧用地,6,2,持分移轉,33620000
RPSNMLSLKILFFAX77EA,竹篙灣段,720.67,非都市：一般農業區 ; 非都市編定：農牧用地,6,2,持分移轉,33720000
RPSNMLSLKILFFAX77EA,合界段,131.70,非都市：鄉村區 ; 非都市編定：乙種建築用地,6,2,持分移轉,02980000
RPSNMLSLKILFFAX77EA,合界段,278.38,非都市：一般農業區 ; 非都市編定：農牧用地,6,2,持分移轉,09180000
RPSNMLSLKILFFAX77EA,合界段,274.68,非都市：一般農業區 ; 非都市編定：農牧用地,6,2,持分移轉,09320000
RPSNMLSLKILFFAX77EA,合界段,252.61,非都市：一般農業區 ; 非都市編定：農牧用地,6,2,持分移轉,12010000
RPQNMLNKKILFFAX86DA,馬公段,14.00,非都市： ; 非都市編定：,1,1,全筆移轉,17530005
RPQNMLNKKILFFAX86DA,馬公段,65.00,非都市： ; 非都市編定：,1,1,全筆移轉,17550000
RPRNMLQKKILFFAX27DA,興仁段,162.58,非都市：一般農業區 ; 非都市編定：甲種建築用地,1,1,全筆移轉,03050008
RPRNMLQKKILFFAX27DA,興仁段,62.33,非都市：一般農業區 ; 非都市編定：交通用地,9,1,持分移轉,03050004
RPOOMLLLKILFFAX66DA,四維段,229.30,非都市：一般農業區 ; 非都市編定：農牧用地,1000,167,持分移轉,05870000
RPOOMLLLKILFFAX66DA,四維段,226.55,非都市：一般農業區 ; 非都市編定：農牧用地,1000,165,持分移轉,05870000
RPOOMLLLKILFFAX66DA,四維段,241.66,非都市：一般農業區 ; 非都市編定：農牧用地,1000,176,持分移轉,05870000
RPOOMLLLKILFFAX66DA,四維段,258.13,非都市：一般農業區 ; 非都市編定：農牧用地,1000,188,持分移轉,05870000
RPPNMLNKKILFFAX76DA,東澳段,118.28,非都市： ; 非都市編定：,1,1,全筆移轉,01800024
RPUNMLOKKILFFAX37DA,五福段,193.44,非都市：一般農業區 ; 非都市編定：甲種建築用地,1,1,全筆移轉,05150009
RPUNMLOKKILFFAX37DA,五福段,59.00,非都市：一般農業區 ; 非都市編定：交通用地,10,1,持分移轉,05150004
RPTNMLSLKILFFAX87EA,合界段,150.69,非都市：一般農業區 ; 非都市編定：農牧用地,6,2,持分移轉,13580000
RPTNMLSLKILFFAX87EA,合界段,239.38,非都市：一般農業區 ; 非都市編定：農牧用地,6,2,持分移轉,13590000
RPRNMLLLKILFFAX76CA,山水西段,.09,非都市：一般農業區 ; 非都市編定：交通用地,3,1,持分移轉,03720001
RPTNMLLLKILFFAX96CA,五德東段,1130.56,非都市：風景區 ; 非都市編定：農牧用地,1,1,全筆移轉,02000000
RPTNMLLLKILFFAX96CA,五德東段,383.29,非都市：風景區 ; 非都市編定：農牧用地,1,1,全筆移轉,02010000
RPTNMLLLKILFFAX96CA,五德東段,283.02,非都市：風景區 ; 非都市編定：農牧用地,1,1,全筆移轉,02020000
RPVNMLQKKILFFAX57CA,通梁中段,51.19,非都市： ; 非都市編定：,1,1,全筆移轉,06070000
RPVNMLQKKILFFAX57CA,通梁中段,28.43,非都市： ; 非都市編定：,1,1,全筆移轉,06080000
RPVNMLQKKILFFAX57CA,通梁中段,7.05,非都市： ; 非都市編定：,1,1,全筆移轉,06080001
RPVNMLQKKILFFAX57CA,通梁中段,29.97,非都市： ; 非都市編定：,1,1,全筆移轉,05910000
RPVNMLQKKILFFAX57CA,通梁中段,11.37,非都市： ; 非都市編定：,1,1,全筆移轉,05910001
RPVNMLQKKILFFAX57CA,通梁中段,57.26,非都市： ; 非都市編定：,1,1,全筆移轉,05920000
RPTNMLQKKILFFAX37CA,山水北段,661.45,非都市：一般農業區 ; 非都市編定：農牧用地,1,1,全筆移轉,02660000
RPTNMLQKKILFFAX37CA,山水北段,62.86,非都市：一般農業區 ; 非都市編定：交通用地,2,1,持分移轉,02680000
RPQNMLKLKILFFAX56CA,馬公段,22.59,非都市： ; 非都市編定：,10000,354,持分移轉,00910002
RPQNMLKLKILFFAX56CA,馬公段,3.26,非都市： ; 非都市編定：,10000,354,持分移轉,00920001
RPRNMLMLKILFFAX86CA,湖西南段,684.71,非都市：一般農業區 ; 非都市編定：農牧用地,1,1,全筆移轉,27040000
RPPNMLNLKILFFAX76CA,光榮段,29.31,非都市： ; 非都市編定：,7,1,持分移轉,06820000
RPUNMLQKKILFFAX47CA,東澳段,119.73,非都市： ; 非都市編定：,1,1,全筆移轉,01700000
RPSNMLLLKILFFAX86CA,山水西段,.09,非都市：一般農業區 ; 非都市編定：交通用地,3,1,持分移轉,03720001
RPSNMLTLKILFFAX77DA,興崁段,253.30,非都市：一般農業區 ; 非都市編定：農牧用地,1000,204,持分移轉,07930000
RPSNMLTLKILFFAX77DA,興崁段,248.33,非都市：一般農業區 ; 非都市編定：農牧用地,1000,200,持分移轉,07930000
RPSNMLTLKILFFAX77DA,興崁段,248.33,非都市：一般農業區 ; 非都市編定：農牧用地,1000,200,持分移轉,07930000
RPSNMLTLKILFFAX77DA,興崁段,248.33,非都市：一般農業區 ; 非都市編定：農牧用地,1000,200,持分移轉,07930000
RPSNMLTLKILFFAX77DA,興崁段,243.37,非都市：一般農業區 ; 非都市編定：農牧用地,1000,196,持分移轉,07930000
RPXNMLLLKILFFAX47DA,湖東新段,96.38,非都市：一般農業區 ; 非都市編定：農牧用地,10,1,持分移轉,12890000
RPXNMLLLKILFFAX47DA,尖山北段,97.52,非都市：一般農業區 ; 非都市編定：農牧用地,10,1,持分移轉,02010000
RPXNMLLLKILFFAX47DA,尖山南段,39.33,非都市：一般農業區 ; 非都市編定：農牧用地,10,1,持分移轉,08340000
RPXNMLLLKILFFAX47DA,尖山中段,26.36,非都市：一般農業區 ; 非都市編定：農牧用地,5,1,持分移轉,09960000
RPXNMLLLKILFFAX47DA,尖山中段,263.21,非都市：一般農業區 ; 非都市編定：農牧用地,10,1,持分移轉,11040000
RPXNMLLLKILFFAX47DA,尖山中段,55.46,非都市：一般農業區 ; 非都市編定：農牧用地,5,1,持分移轉,11320000
RPRNMLSLKILFFAX57DA,西澳段,41.19,非都市： ; 非都市編定：,1,1,全筆移轉,02630000
RPWNMLLLKILFFAX27CA,鎖港西段,834.13,非都市：一般農業區 ; 非都市編定：農牧用地,1,1,全筆移轉,09960000
RPPNMLQLKILFFAX17DA,光榮段,112.28,非都市： ; 非都市編定：,1,1,全筆移轉,07000006
RPVNMLLLKILFFAX17CA,城北段,2236.43,非都市：一般農業區 ; 非都市編定：殯葬用地,1,1,全筆移轉,03420000
RPVNMLLLKILFFAX17CA,城北段,1072.20,非都市：一般農業區 ; 非都市編定：農牧用地,1,1,全筆移轉,05140000
RPPOMLSLKILFFAX47DA,五福段,150.56,非都市：一般農業區 ; 非都市編定：甲種建築用地,1,1,全筆移轉,05500000
RPPOMLSLKILFFAX47DA,五福段,52.78,非都市：一般農業區 ; 非都市編定：交通用地,10,1,持分移轉,05500004
RPSNMLMLKILFFAX96CA,井垵西段,549.05,非都市：一般農業區 ; 非都市編定：農牧用地,1,1,全筆移轉,04230000
RPTNMLMLKILFFAX07CA,埕東段,80.48,非都市： ; 非都市編定：,1,1,全筆移轉,05450000
RPPNMLMLKILFFAX66CA,烏崁新段,301.11,非都市：一般農業區 ; 非都市編定：農牧用地,1,1,全筆移轉,07830000
RPQNMLSLKILFFAX57EA,東吉段,229.00,非都市：鄉村區 ; 非都市編定：乙種建築用地,1,1,全筆移轉,08930001
RPRNMLTLKILFFAX77EA,鼎灣新段,115.07,非都市：鄉村區 ; 非都市編定：乙種建築用地,1,1,全筆移轉,03800000
RPPNMLSLKILFFAX47EA,文東段,3.48,非都市：一般農業區 ; 非都市編定：水利用地,4,1,持分移轉,01430002
RPPNMLSLKILFFAX47EA,文東段,3.48,非都市：一般農業區 ; 非都市編定：水利用地,4,1,持分移轉,01430002
RPPNMLSLKILFFAX47EA,文東段,3.48,非都市：一般農業區 ; 非都市編定：水利用地,4,1,持分移轉,01430002
RPPNMLSLKILFFAX47EA,文東段,3.48,非都市：一般農業區 ; 非都市編定：水利用地,4,1,持分移轉,01430002
RPQNMLMKJHMFFAX66DA,鎖港西段,193.64,非都市： ; 非都市編定：,1,1,全筆移轉,01140000
RPQNMLMKJHMFFAX66DA,鎖港西段,134.86,非都市： ; 非都市編定：,1,1,全筆移轉,01140002
RPQNMLMKJHMFFAX66DA,鎖港西段,127.99,非都市： ; 非都市編定：,1,1,全筆移轉,01140003
RPPNMLQKJHMFFAX96DA,瓦硐段,451.00,非都市：風景區 ; 非都市編定：農牧用地,1,1,全筆移轉,16830000
RPPNMLQKJHMFFAX96DA,瓦硐段,538.00,非都市：風景區 ; 非都市編定：農牧用地,1,1,全筆移轉,16840000
RPUNMLTLKILFFAX97DA,湖西南段,704.59,非都市：一般農業區 ; 非都市編定：農牧用地,3,2,持分移轉,10560000
RPQNMLPJJHMFFAX86DA,五福段,104.41,非都市：一般農業區 ; 非都市編定：甲種建築用地,1,1,全筆移轉,01560004
RPQNMLPJJHMFFAX86DA,五福段,29.31,非都市：一般農業區 ; 非都市編定：交通用地,14,1,持分移轉,01560008
RPXNMLSLKILFFAX08CA,國宅段,100.67,非都市： ; 非都市編定：,1,1,全筆移轉,04170000
RPTNMLNLKILFFAX17CA,西澳段,89.35,非都市： ; 非都市編定：,5,3,持分移轉,01560000
RPPNMLRLKILFFAX17CA,東澳段,2.69,非都市： ; 非都市編定：,40,5,持分移轉,07050000
RPWNMLKLOHOFFAX77CA,文寮段,2.99,非都市： ; 非都市編定：,21,1,持分移轉,01060000
RPWNMLKLOHOFFAX77CA,文寮段,14.16,非都市： ; 非都市編定：,21,1,持分移轉,01070000
RPWNMLKLOHOFFAX77CA,文寮段,9.72,非都市： ; 非都市編定：,21,1,持分移轉,01080000
RPQNMLTLKILFFAX67EA,海堤段,25.56,非都市： ; 非都市編定：,1,1,全筆移轉,03310004
RPQNMLTLKILFFAX67EA,海堤段,10.73,非都市： ; 非都市編定：,1,1,全筆移轉,03340004
RPPNMLTLKILFFAX47DA,文東段,77.18,非都市：鄉村區 ; 非都市編定：乙種建築用地,1,1,全筆移轉,01960000
RPPNMLTLKILFFAX47DA,文東段,41.88,非都市：鄉村區 ; 非都市編定：乙種建築用地,1,1,全筆移轉,01970000
RPTNMLTLKILFFAX97EA,文光段,8.23,非都市： ; 非都市編定：,1,1,全筆移轉,08860001
RPSNMLTLKILFFAX87EA,鼎灣新段,142.35,非都市：鄉村區 ; 非都市編定：乙種建築用地,1,1,全筆移轉,03950000
RPUNMLSLKILFFAX77CA,大池段,16.88,非都市：鄉村區 ; 非都市編定：乙種建築用地,1,1,全筆移轉,13630001
RPOOMLSLKILFFAX27CA,文化段,29.76,非都市： ; 非都市編定：,1000,70,持分移轉,02700000
RPVNMLSLKILFFAX87CA,鎖港南段,259.02,非都市： ; 非都市編定：,1,1,全筆移轉,08790000
RPWNMLSLKILFFAX97CA,山水東段,869.34,非都市：一般農業區 ; 非都市編定：農牧用地,1,1,全筆移轉,07120000
RPPNMLNJJHMFFAX09CA,埕東段,95.43,非都市： ; 非都市編定：,1,1,全筆移轉,02190000
RPPNMLKMKILFFAX76EA,後寮段,509.78,非都市：一般農業區 ; 非都市編定：農牧用地,9,1,持分移轉,08140000
RPVNMLMKJHMFFAX07CA,雙湖段,16.15,非都市：鄉村區 ; 非都市編定：乙種建築用地,1000,96,持分移轉,09450000
RPVNMLMKJHMFFAX07CA,雙湖段,11.62,非都市：鄉村區 ; 非都市編定：乙種建築用地,1000,96,持分移轉,09460000
RPTNMLMKJHMFFAX86CA,雙湖段,16.15,非都市：鄉村區 ; 非都市編定：乙種建築用地,1000,96,持分移轉,09450000
RPTNMLMKJHMFFAX86CA,雙湖段,11.62,非都市：鄉村區 ; 非都市編定：乙種建築用地,1000,96,持分移轉,09460000
RPSNMLMKJHMFFAX76CA,雙湖段,31.63,非都市：鄉村區 ; 非都市編定：乙種建築用地,1000,188,持分移轉,09450000
RPSNMLMKJHMFFAX76CA,雙湖段,22.76,非都市：鄉村區 ; 非都市編定：乙種建築用地,1000,188,持分移轉,09460000
RPUNMLMKJHMFFAX96CA,雙湖段,18.00,非都市：鄉村區 ; 非都市編定：乙種建築用地,1000,107,持分移轉,09450000
RPUNMLMKJHMFFAX96CA,雙湖段,12.95,非都市：鄉村區 ; 非都市編定：乙種建築用地,1000,107,持分移轉,09460000
RPWNMLMKJHMFFAX17CA,雙湖段,18.00,非都市：鄉村區 ; 非都市編定：乙種建築用地,1000,107,持分移轉,09450000
RPWNMLMKJHMFFAX17CA,雙湖段,12.95,非都市：鄉村區 ; 非都市編定：乙種建築用地,1000,107,持分移轉,09460000
RPPOMLMKJHMFFAX56CA,雙湖段,16.15,非都市：鄉村區 ; 非都市編定：乙種建築用地,1000,96,持分移轉,09450000
RPPOMLMKJHMFFAX56CA,雙湖段,11.62,非都市：鄉村區 ; 非都市編定：乙種建築用地,1000,96,持分移轉,09460000
RPQOMLMKJHMFFAX66CA,雙湖段,18.00,非都市：鄉村區 ; 非都市編定：乙種建築用地,1000,107,持分移轉,09450000
RPQOMLMKJHMFFAX66CA,雙湖段,12.95,非都市：鄉村區 ; 非都市編定：乙種建築用地,1000,107,持分移轉,09460000
RPXNMLMKJHMFFAX27CA,雙湖段,18.00,非都市：鄉村區 ; 非都市編定：乙種建築用地,1000,107,持分移轉,09450000
RPXNMLMKJHMFFAX27CA,雙湖段,12.95,非都市：鄉村區 ; 非都市編定：乙種建築用地,1000,107,持分移轉,09460000
RPOOMLMKJHMFFAX09CA,雙湖段,16.15,非都市：鄉村區 ; 非都市編定：乙種建築用地,1000,96,持分移轉,09450000
RPOOMLMKJHMFFAX09CA,雙湖段,11.62,非都市：鄉村區 ; 非都市編定：乙種建築用地,1000,96,持分移轉,09460000
RPUNMLRKJHMFFAX57DA,鎖港南段,107.68,非都市：一般農業區 ; 非都市編定：農牧用地,1,1,全筆移轉,03770000
RPUNMLRKJHMFFAX57DA,鎖港南段,107.68,非都市：一般農業區 ; 非都市編定：農牧用地,1,1,全筆移轉,03770001
RPUNMLRKJHMFFAX57DA,鎖港南段,107.68,非都市：一般農業區 ; 非都市編定：農牧用地,1,1,全筆移轉,03770002
RPUNMLRKJHMFFAX57DA,鎖港南段,59.23,非都市：一般農業區 ; 非都市編定：農牧用地,1,1,全筆移轉,03780000
RPUNMLRKJHMFFAX57DA,鎖港南段,92.13,非都市：一般農業區 ; 非都市編定：農牧用地,1,1,全筆移轉,03790000
RPUNMLRKJHMFFAX57DA,鎖港南段,92.14,非都市：一般農業區 ; 非都市編定：農牧用地,1,1,全筆移轉,03790001
RPUNMLRKJHMFFAX57DA,鎖港南段,92.14,非都市：一般農業區 ; 非都市編定：農牧用地,1,1,全筆移轉,03790002
RPQNMLNJJHMFFAX66DA,馬公段,96.00,非都市： ; 非都市編定：,1,1,全筆移轉,12150000
RPQNMLKMKILFFAX86EA,文寮段,151.08,非都市：一般農業區 ; 非都市編定：水利用地,1,1,全筆移轉,05980001
RPPNMLOJJHMFFAX56CA,井垵西段,320.57,非都市：一般農業區 ; 非都市編定：農牧用地,1,1,全筆移轉,04240000
RPPNMLMJKHMFFAX09CA,文寮段,578.96,非都市：鄉村區 ; 非都市編定：乙種建築用地,1,1,全筆移轉,10160002
RPPNMLPJJHMFFAX66CA,外垵一段,51.85,非都市：一般農業區 ; 非都市編定：交通用地,3,1,持分移轉,02410000
RPPNMLPJJHMFFAX66CA,外垵一段,144.71,非都市：一般農業區 ; 非都市編定：甲種建築用地,1,1,全筆移轉,02420000
RPRNMLPJJHMFFAX86CA,國宅段,1238.77,非都市： ; 非都市編定：,1,1,全筆移轉,03530000
RPSNMLPJJHMFFAX96CA,光榮段,334.73,非都市： ; 非都市編定：,1,1,全筆移轉,02840000
RPSNMLPJJHMFFAX96CA,光榮段,1054.75,非都市： ; 非都市編定：,1,1,全筆移轉,03840000
RPSNMLPJJHMFFAX96CA,光榮段,2.62,非都市： ; 非都市編定：,1,1,全筆移轉,03840001
RPQNMLOJJHMFFAX66CA,文東段,194.98,非都市：一般農業區 ; 非都市編定：甲種建築用地,1,1,全筆移轉,17810002
RPQNMLOJJHMFFAX66CA,文東段,39.18,非都市：一般農業區 ; 非都市編定：交通用地,3,1,持分移轉,17810003
RPRNMLOJJHMFFAX76CA,馬公段,21.15,非都市： ; 非都市編定：,1000,50,持分移轉,15850002
RPWNMLRKJHMFFAX67CA,五德東段,329.90,非都市：一般農業區 ; 非都市編定：甲種建築用地,1,1,全筆移轉,06120002
RPTNMLQJJHMFFAX17CA,文光段,25.52,非都市： ; 非都市編定：,100000,308,持分移轉,00200000
RPTNMLQJJHMFFAX17CA,文光段,3.30,非都市： ; 非都市編定：,100000,308,持分移轉,00540000
RPRNMLQJJHMFFAX96CA,小池角段,267.00,非都市：鄉村區 ; 非都市編定：乙種建築用地,1,1,全筆移轉,34420000
RPQNMLQJJHMFFAX86CA,東澳段,.55,非都市： ; 非都市編定：,15,1,持分移轉,11530000
RPQNMLQJJHMFFAX86CA,東澳段,.19,非都市： ; 非都市編定：,15,1,持分移轉,11540000
RPQNMLQJJHMFFAX86CA,東澳段,.62,非都市： ; 非都市編定：,15,1,持分移轉,11820000
RPQNMLQJJHMFFAX86CA,東澳段,3.35,非都市： ; 非都市編定：,15,1,持分移轉,11830000
RPQNMLQJJHMFFAX86CA,東澳段,.19,非都市： ; 非都市編定：,15,1,持分移轉,12020000
RPQNMLQJJHMFFAX86CA,中山段,8.54,非都市： ; 非都市編定：,15,1,持分移轉,03460000
RPQNMLQJJHMFFAX86CA,中山段,15.94,非都市： ; 非都市編定：,15,1,持分移轉,03460001
RPQNMLQJJHMFFAX86CA,中山段,9.76,非都市： ; 非都市編定：,15,1,持分移轉,03500000
RPPNMLQJJHMFFAX76CA,龍門北段,259.14,非都市：鄉村區 ; 非都市編定：乙種建築用地,1,1,全筆移轉,07780000
RPRNMLTKJHMFFAX37CA,五福段,762.39,非都市：一般農業區 ; 非都市編定：農牧用地,1,1,全筆移轉,05270000
RPPNMLTJJHMFFAX07CA,井垵西段,412.19,非都市：風景區 ; 非都市編定：農牧用地,1,1,全筆移轉,01310000
RPOOMLRKJHMFFAX96CA,西澳段,71.23,非都市： ; 非都市編定：,8,5,持分移轉,09730000
RPRNMLTJJHMFFAX27CA,埕東段,.80,非都市： ; 非都市編定：,10000,156,持分移轉,04490000
RPRNMLTJJHMFFAX27CA,埕東段,17.75,非都市： ; 非都市編定：,10000,156,持分移轉,04500000
RPTNMLKLJHMFFAX76CA,馬公段,44.00,非都市： ; 非都市編定：,1,1,全筆移轉,01030027
RPSNMLKLJHMFFAX76DA,赤崁北段,136.65,非都市：鄉村區 ; 非都市編定：乙種建築用地,4,1,持分移轉,01500000
RPPNMLNKJHMFFAX66DA,文化段,16.20,非都市： ; 非都市編定：,10000,393,持分移轉,08660000
RPPNMLNKJHMFFAX66DA,文化段,13.06,非都市： ; 非都市編定：,10000,393,持分移轉,08590000
RPPNMLPLJHMFFAX86CA,紅羅段,1092.68,非都市：一般農業區 ; 非都市編定：農牧用地,1,1,全筆移轉,02030000
RPPNMLMKJHMFFAX66EA,山水南段,141.16,非都市：鄉村區 ; 非都市編定：乙種建築用地,1,1,全筆移轉,02130000
RPSNMLNKJHMFFAX86CA,埕東段,.10,非都市： ; 非都市編定：,10000,167,持分移轉,08600000
RPSNMLNKJHMFFAX86CA,埕東段,6.46,非都市： ; 非都市編定：,10000,167,持分移轉,08560000
RPSNMLNKJHMFFAX86CA,埕東段,1.97,非都市： ; 非都市編定：,10000,167,持分移轉,08610000
RPSNMLNKJHMFFAX86CA,埕東段,15.51,非都市： ; 非都市編定：,10000,167,持分移轉,08640000
RPRNMLRKJHMFFAX17CA,文光段,23.25,非都市： ; 非都市編定：,1,1,全筆移轉,04060001
RPRNMLRKJHMFFAX17CA,文光段,113.12,非都市： ; 非都市編定：,1,1,全筆移轉,04110000
RPSNMLQKJHMFFAX37EA,林投南段,98.20,非都市：一般農業區 ; 非都市編定：農牧用地,10,1,持分移轉,01170000
RPUNMLKKOHOFFAX57DA,埕東段,36.73,非都市： ; 非都市編定：,1000,253,持分移轉,00050000
RPQNMLQKJHMFFAX96CA,林投南段,96.90,非都市：一般農業區 ; 非都市編定：農牧用地,1,1,全筆移轉,00330000
RPPNMLNJKHMFFAX66DA,講美段,124.33,非都市：鄉村區 ; 非都市編定：乙種建築用地,1,1,全筆移轉,02940000
RPRNMLQKJHMFFAX07CA,林投南段,493.80,非都市：一般農業區 ; 非都市編定：農牧用地,1,1,全筆移轉,00040000
RPVNMLRKJHMFFAX67DA,沙港北段,50.96,非都市：鄉村區 ; 非都市編定：乙種建築用地,4,1,持分移轉,06780000
RPQNMLRKJHMFFAX07CA,興崁段,1028.57,非都市：一般農業區 ; 非都市編定：農牧用地,1,1,全筆移轉,10710000
RPRNMLMKJHMFFAX66CA,潭邊新段,281.25,非都市：一般農業區 ; 非都市編定：農牧用地,4,1,持分移轉,03820000
RPTNMLRKJHMFFAX37CA,東澳段,123.88,非都市： ; 非都市編定：,1,1,全筆移轉,01180000
RPRNMLNKJHMFFAX76CA,成功南段,348.23,非都市：一般農業區 ; 非都市編定：農牧用地,1,1,全筆移轉,07600000
RPXNMLRKJHMFFAX77CA,六合段,212.93,非都市：一般農業區 ; 非都市編定：農牧用地,1,1,全筆移轉,04160002
RPXNMLRKJHMFFAX77CA,六合段,64.26,非都市：一般農業區 ; 非都市編定：交通用地,6,1,持分移轉,04160004
RPPNMLSKJHMFFAX07CA,七美二段,698.01,非都市：一般農業區 ; 非都市編定：農牧用地,1,1,全筆移轉,04560000
RPRNMLSKJHMFFAX37DA,光榮段,19.22,非都市： ; 非都市編定：,1,1,全筆移轉,07140000
RPPOMLRKJHMFFAX07CA,西澳段,42.74,非都市： ; 非都市編定：,8,3,持分移轉,09730000
RPSNMLRKJHMFFAX27CA,興崁段,1886.14,非都市：一般農業區 ; 非都市編定：農牧用地,1,1,全筆移轉,05350000
RPRNMLMJKHMFFAX66CA,風櫃西段,65.70,非都市：一般農業區 ; 非都市編定：農牧用地,1,1,全筆移轉,08860000
RPRNMLMJKHMFFAX66CA,風櫃西段,165.84,非都市：一般農業區 ; 非都市編定：農牧用地,1,1,全筆移轉,10780000
RPRNMLMJKHMFFAX66CA,風櫃西段,163.05,非都市：一般農業區 ; 非都市編定：甲種建築用地,1,1,全筆移轉,10830000
RPPNMLNLJHMFFAX66CA,東澳段,40.02,非都市： ; 非都市編定：,15,3,持分移轉,10970000
RPQNMLSKJHMFFAX17CA,五福段,396.99,非都市：鄉村區 ; 非都市編定：乙種建築用地,1,1,全筆移轉,15240000
RPPNMLTKJHMFFAX17CA,湖西南段,552.05,非都市：一般農業區 ; 非都市編定：農牧用地,1,1,全筆移轉,15130000
RPQNMLTKJHMFFAX27CA,馬公段,42.00,非都市： ; 非都市編定：,1,1,全筆移轉,00710012
RPQNMLTKJHMFFAX27CA,馬公段,26.71,非都市： ; 非都市編定：,14,1,持分移轉,00710000
RPSNMLOLJHMFFAX17DA,東衛段,29.76,非都市：一般農業區 ; 非都市編定：農牧用地,6,1,持分移轉,10470000
RPSNMLOLJHMFFAX17DA,東衛段,17.29,非都市：一般農業區 ; 非都市編定：甲種建築用地,6,1,持分移轉,10470001
RPSNMLOLJHMFFAX17DA,東衛段,19.03,非都市：一般農業區 ; 非都市編定：農牧用地,24,1,持分移轉,07180000
RPSNMLOLJHMFFAX17DA,成功南段,119.77,非都市：一般農業區 ; 非都市編定：農牧用地,12,1,持分移轉,12610000
RPXNMLKLJHMFFAX27DA,港子段,456.00,非都市：一般農業區 ; 非都市編定：農牧用地,1,1,全筆移轉,10730000
RPUNMLKLJHMFFAX96DA,港子段,795.00,非都市：一般農業區 ; 非都市編定：農牧用地,1,1,全筆移轉,08730000
RPQNMLNLJHMFFAX76CA,中山段,31.88,非都市： ; 非都市編定：,15,2,持分移轉,03460001
RPQNMLNLJHMFFAX76CA,東澳段,6.70,非都市： ; 非都市編定：,15,2,持分移轉,11830000
RPQNMLNLJHMFFAX76CA,東澳段,.38,非都市： ; 非都市編定：,15,2,持分移轉,12020000
RPQNMLNLJHMFFAX76CA,中山段,17.07,非都市： ; 非都市編定：,15,2,持分移轉,03460000
RPQNMLNLJHMFFAX76CA,東澳段,1.09,非都市： ; 非都市編定：,15,2,持分移轉,11530000
RPQNMLNLJHMFFAX76CA,東澳段,.38,非都市： ; 非都市編定：,15,2,持分移轉,11540000
RPQNMLNLJHMFFAX76CA,東澳段,1.24,非都市： ; 非都市編定：,15,2,持分移轉,11820000
RPQNMLNLJHMFFAX76CA,中山段,19.53,非都市： ; 非都市編定：,15,2,持分移轉,03500000
RPVNMLKLJHMFFAX96CA,小赤段,715.80,非都市：一般農業區 ; 非都市編定：農牧用地,1,1,全筆移轉,09040000
RPPNMLKLJHMFFAX98CA,四維段,87.07,非都市：鄉村區 ; 非都市編定：乙種建築用地,1,1,全筆移轉,04400000
RPRNMLNJKHMFFAX76CA,光榮段,117.51,非都市： ; 非都市編定：,1,1,全筆移轉,03390000
RPRNMLNJKHMFFAX76CA,光榮段,2.75,非都市： ; 非都市編定：,1,1,全筆移轉,03390001
RPQNMLKLJHMFFAX09CA,竹灣段,2662.94,非都市：一般農業區 ; 非都市編定：農牧用地,1,1,全筆移轉,27910000
RPRNMLKLJHMFFAX56CA,馬公段,22.00,非都市： ; 非都市編定：,1,1,全筆移轉,07810030
RPSNMLTKJHMFFAX47CA,東澳段,85.96,非都市： ; 非都市編定：,1,1,全筆移轉,12220000
RPPNMLTJKHMFFAX17CA,馬公段,24.67,非都市： ; 非都市編定：,6,4,持分移轉,21890000
RPPNMLKKJHMFFAX88CA,光華段,53.21,非都市：鄉村區 ; 非都市編定：乙種建築用地,1,1,全筆移轉,07270000
RPRNMLNKKHMFFAX86CA,下瓦硐段,3490.81,非都市：一般農業區 ; 非都市編定：農牧用地,1,1,全筆移轉,12220000
RPRNMLPLJHMFFAX07CA,大嶼段,20.12,非都市：鄉村區 ; 非都市編定：乙種建築用地,8,1,持分移轉,38460000
RPRNMLPLJHMFFAX07CA,大嶼段,110.00,非都市：鄉村區 ; 非都市編定：乙種建築用地,1,1,全筆移轉,38460005
RPQNMLNKKHMFFAX76CA,中衛段,692.68,非都市： ; 非都市編定：,1,1,全筆移轉,07570000
RPQNMLNKKHMFFAX76CA,中衛段,1382.91,非都市： ; 非都市編定：,1,1,全筆移轉,07590000
RPVNMLNKKHMFFAX27CA,文光段,28.52,非都市： ; 非都市編定：,100000,654,持分移轉,00570000
RPTNMLNKKHMFFAX07CA,隘門新段,205.68,非都市：一般農業區 ; 非都市編定：農牧用地,1,1,全筆移轉,10000000
RPUNMLNKKHMFFAX17CA,?裡新段,20.09,非都市：鄉村區 ; 非都市編定：乙種建築用地,1,1,全筆移轉,02550000
RPPNMLOLJHMFFAX76CA,北極段,48.41,非都市： ; 非都市編定：,1,1,全筆移轉,11450002
RPPNMLOLJHMFFAX76CA,北極段,14.44,非都市： ; 非都市編定：,1,1,全筆移轉,11670000
RPQNMLPLJHMFFAX96CA,機場段,174.82,非都市：鄉村區 ; 非都市編定：乙種建築用地,1,1,全筆移轉,01330000
RPQNMLQLJHMFFAX07CA,馬公段,15.00,非都市： ; 非都市編定：,1,1,全筆移轉,10730000
RPSNMLMJKHMFFAX76CA,春暉段,156.89,非都市： ; 非都市編定：,1,1,全筆移轉,04240001
RPQNMLKKKHMFFAX56DA,竹灣段,128.05,非都市：鄉村區 ; 非都市編定：乙種建築用地,2,1,持分移轉,12720000
RPQNMLKKKHMFFAX56DA,竹灣段,34.75,非都市：鄉村區 ; 非都市編定：乙種建築用地,2,1,持分移轉,12730000
RPQNMLKKKHMFFAX56DA,竹灣段,49.03,非都市：鄉村區 ; 非都市編定：乙種建築用地,2,1,持分移轉,13310000
RPQNMLKKKHMFFAX56DA,竹灣段,26.55,非都市：鄉村區 ; 非都市編定：乙種建築用地,2,1,持分移轉,13460000
RPQNMLMJKHMFFAX56CA,文化段,110.42,非都市： ; 非都市編定：,1,1,全筆移轉,03560000
RPQNMLQJKHMFFAX96CA,五德東段,1081.57,非都市：一般農業區 ; 非都市編定：農牧用地,1,1,全筆移轉,05050000
RPPNMLRKJHMFFAX17EA,講美段,672.63,非都市：一般農業區 ; 非都市編定：農牧用地,1,1,全筆移轉,15680000
RPTNMLQKJHMFFAX47EA,小池角段,258.38,非都市：一般農業區 ; 非都市編定：農牧用地,8,3,持分移轉,06170000
RPTNMLQKJHMFFAX47EA,小池角段,258.38,非都市：一般農業區 ; 非都市編定：農牧用地,8,3,持分移轉,06170000
RPTNMLQKJHMFFAX47EA,小池角段,172.25,非都市：一般農業區 ; 非都市編定：農牧用地,4,1,持分移轉,06170000
RPTNMLQKJHMFFAX47EA,小池角段,138.38,非都市：一般農業區 ; 非都市編定：農牧用地,8,3,持分移轉,09080000
RPTNMLQKJHMFFAX47EA,小池角段,138.38,非都市：一般農業區 ; 非都市編定：農牧用地,8,3,持分移轉,09080000
RPTNMLQKJHMFFAX47EA,小池角段,92.25,非都市：一般農業區 ; 非都市編定：農牧用地,4,1,持分移轉,09080000
RPTNMLQKJHMFFAX47EA,小池角段,220.12,非都市：一般農業區 ; 非都市編定：殯葬用地,8,3,持分移轉,09120000
RPTNMLQKJHMFFAX47EA,小池角段,220.12,非都市：一般農業區 ; 非都市編定：殯葬用地,8,3,持分移轉,09120000
RPTNMLQKJHMFFAX47EA,小池角段,146.75,非都市：一般農業區 ; 非都市編定：殯葬用地,4,1,持分移轉,09120000
RPTNMLQKJHMFFAX47EA,小池角段,106.88,非都市：一般農業區 ; 非都市編定：殯葬用地,8,3,持分移轉,09400000
RPTNMLQKJHMFFAX47EA,小池角段,106.88,非都市：一般農業區 ; 非都市編定：殯葬用地,8,3,持分移轉,09400000
RPTNMLQKJHMFFAX47EA,小池角段,71.25,非都市：一般農業區 ; 非都市編定：殯葬用地,4,1,持分移轉,09400000
RPTNMLQKJHMFFAX47EA,小池角段,33.00,非都市：一般農業區 ; 非都市編定：農牧用地,8,3,持分移轉,09400001
RPTNMLQKJHMFFAX47EA,小池角段,33.00,非都市：一般農業區 ; 非都市編定：農牧用地,8,3,持分移轉,09400001
RPTNMLQKJHMFFAX47EA,小池角段,22.00,非都市：一般農業區 ; 非都市編定：農牧用地,4,1,持分移轉,09400001
RPTNMLQKJHMFFAX47EA,小池角段,9.00,非都市：風景區 ; 非都市編定：殯葬用地,8,3,持分移轉,41960000
RPTNMLQKJHMFFAX47EA,小池角段,9.00,非都市：風景區 ; 非都市編定：殯葬用地,8,3,持分移轉,41960000
RPTNMLQKJHMFFAX47EA,小池角段,6.00,非都市：風景區 ; 非都市編定：殯葬用地,4,1,持分移轉,41960000
RPTNMLQKJHMFFAX47EA,二崁北段,151.51,非都市：一般農業區 ; 非都市編定：農牧用地,4,1,持分移轉,12450000
RPTNMLQKJHMFFAX47EA,二崁北段,419.72,非都市：一般農業區 ; 非都市編定：農牧用地,8,3,持分移轉,11720000
RPTNMLQKJHMFFAX47EA,二崁北段,419.72,非都市：一般農業區 ; 非都市編定：農牧用地,8,3,持分移轉,11720000
RPTNMLQKJHMFFAX47EA,二崁北段,279.81,非都市：一般農業區 ; 非都市編定：農牧用地,4,1,持分移轉,11720000
RPTNMLQKJHMFFAX47EA,二崁北段,336.38,非都市：一般農業區 ; 非都市編定：農牧用地,8,3,持分移轉,12390000
RPTNMLQKJHMFFAX47EA,二崁北段,336.38,非都市：一般農業區 ; 非都市編定：農牧用地,8,3,持分移轉,12390000
RPTNMLQKJHMFFAX47EA,二崁北段,224.26,非都市：一般農業區 ; 非都市編定：農牧用地,4,1,持分移轉,12390000
RPTNMLQKJHMFFAX47EA,二崁北段,227.26,非都市：一般農業區 ; 非都市編定：農牧用地,8,3,持分移轉,12450000
RPTNMLQKJHMFFAX47EA,二崁北段,227.26,非都市：一般農業區 ; 非都市編定：農牧用地,8,3,持分移轉,12450000
RPTNMLQKJHMFFAX47EA,二崁北段,423.76,非都市：一般農業區 ; 非都市編定：農牧用地,8,3,持分移轉,09010000
RPTNMLQKJHMFFAX47EA,二崁北段,423.76,非都市：一般農業區 ; 非都市編定：農牧用地,8,3,持分移轉,09010000
RPTNMLQKJHMFFAX47EA,二崁北段,282.51,非都市：一般農業區 ; 非都市編定：農牧用地,4,1,持分移轉,09010000
RPTNMLQKJHMFFAX47EA,二崁北段,316.53,非都市：一般農業區 ; 非都市編定：農牧用地,8,3,持分移轉,12630000
RPTNMLQKJHMFFAX47EA,二崁北段,316.53,非都市：一般農業區 ; 非都市編定：農牧用地,8,3,持分移轉,12630000
RPTNMLQKJHMFFAX47EA,二崁北段,211.02,非都市：一般農業區 ; 非都市編定：農牧用地,4,1,持分移轉,12630000
RPUNMLQJOHOFFAX97CA,港子段,184.00,非都市： ; 非都市編定：,1,1,全筆移轉,10750000
RPUNMLQJOHOFFAX97CA,港子段,660.00,非都市： ; 非都市編定：,1,1,全筆移轉,10760000
