﻿編號,土地位置,土地移轉面積(平方公尺),使用分區或編定,權利人持分分母,權利人持分分子,移轉情形,地號
The serial number, land position,land shifting area square meter,the use zoning or compiles and checks,,,,land parcel
RPPOMLRJKHMFFDA77CB,?和段二小段,48.41,都市：住,10000,335,持分移轉,03010000
RPTOMLRJKHMFFDA18CB,?和段二小段,42.48,都市：住,10000,294,持分移轉,03010000
RPSOMLRJKHMFFDA08CB,?和段二小段,48.41,都市：住,10000,335,持分移轉,03010000
RPQOMLRJKHMFFDA87CB,?和段二小段,48.26,都市：住,10000,334,持分移轉,03010000
RPUOMLRJKHMFFDA28CB,?和段二小段,48.41,都市：住,10000,335,持分移轉,03010000
RPVOMLRJKHMFFDA38CB,?和段二小段,46.10,都市：住,10000,319,持分移轉,03010000
RPXOMLRJKHMFFDA58CB,?和段二小段,47.11,都市：住,10000,326,持分移轉,03010000
RPROMLRJKHMFFDA97CB,?和段二小段,48.70,都市：住,10000,337,持分移轉,03010000
RPWOMLRJKHMFFDA48CB,?和段二小段,46.10,都市：住,10000,319,持分移轉,03010000
RPOOMLRJKHMFFDA67CB,?和段二小段,43.35,都市：住,10000,300,持分移轉,03010000
RPOPMLRJKHMFFDA77CB,?和段二小段,47.11,都市：住,10000,326,持分移轉,03010000
RPRPMLRJKHMFFDA08CB,?和段二小段,49.56,都市：住,10000,343,持分移轉,03010000
RPSPMLRJKHMFFDA18CB,?和段二小段,48.55,都市：住,10000,336,持分移轉,03010000
RPUPMLRJKHMFFDA38CB,?和段二小段,47.11,都市：住,10000,326,持分移轉,03010000
RPTPMLRJKHMFFDA28CB,?和段二小段,43.35,都市：住,10000,300,持分移轉,03010000
RPPPMLRJKHMFFDA87CB,?和段二小段,46.10,都市：住,10000,319,持分移轉,03010000
RPVPMLRJKHMFFDA48CB,?和段二小段,48.70,都市：住,10000,337,持分移轉,03010000
RPQPMLRJKHMFFDA97CB,?和段二小段,48.55,都市：住,10000,336,持分移轉,03010000
RPWPMLRJKHMFFDA58CB,?和段二小段,43.35,都市：住,10000,300,持分移轉,03010000
RPPQMLRJKHMFFDA97CB,?和段二小段,48.41,都市：住,10000,335,持分移轉,03010000
RPXPMLRJKHMFFDA68CB,?和段二小段,48.55,都市：住,10000,336,持分移轉,03010000
RPOQMLRJKHMFFDA87CB,?和段二小段,47.68,都市：住,10000,330,持分移轉,03010000
RPRQMLRJKHMFFDA18CB,?和段二小段,43.35,都市：住,10000,300,持分移轉,03010000
RPQQMLRJKHMFFDA08CB,?和段二小段,48.55,都市：住,10000,336,持分移轉,03010000
RPUQMLRJKHMFFDA48CB,?和段二小段,47.11,都市：住,10000,326,持分移轉,03010000
RPSQMLRJKHMFFDA28CB,?和段二小段,48.70,都市：住,10000,337,持分移轉,03010000
RPTQMLRJKHMFFDA38CB,?和段二小段,46.10,都市：住,10000,319,持分移轉,03010000
RPVQMLRJKHMFFDA58CB,?和段二小段,48.55,都市：住,10000,336,持分移轉,03010000
RPVOMLTJLHMFFEA78CB,奇岩段四小段,30.54,都市：住,1000000,10656,持分移轉,00110000
RPQOMLTJLHMFFEA28CB,奇岩段四小段,30.95,都市：住,1000000,10800,持分移轉,00110000
RPXNMLTJLHMFFEA88CB,奇岩段四小段,23.60,都市：住,1000000,8235,持分移轉,00110000
RPOOMLTJLHMFFEA08CB,奇岩段四小段,30.95,都市：住,1000000,10800,持分移轉,00110000
RPTOMLTJLHMFFEA58CB,奇岩段四小段,25.06,都市：住,1000000,8744,持分移轉,00110000
RPROMLTJLHMFFEA38CB,奇岩段四小段,25.06,都市：住,1000000,8744,持分移轉,00110000
RPPOMLTJLHMFFEA18CB,奇岩段四小段,32.11,都市：住,1000000,11203,持分移轉,00110000
RPWNMLTJLHMFFEA78CB,奇岩段四小段,32.11,都市：住,1000000,11203,持分移轉,00110000
RPUOMLTJLHMFFEA68CB,奇岩段四小段,25.06,都市：住,1000000,8744,持分移轉,00110000
RPVNMLTJLHMFFEA68CB,奇岩段四小段,21.94,都市：住,1000000,7657,持分移轉,00110000
RPOPMLTJLHMFFEA18CB,奇岩段四小段,23.60,都市：住,1000000,8235,持分移轉,00110000
RPRPMLTJLHMFFEA48CB,奇岩段四小段,23.60,都市：住,1000000,8235,持分移轉,00110000
RPQPMLTJLHMFFEA38CB,奇岩段四小段,32.11,都市：住,1000000,11203,持分移轉,00110000
RPWOMLTJLHMFFEA88CB,奇岩段四小段,23.60,都市：住,1000000,8235,持分移轉,00110000
RPXOMLTJLHMFFEA98CB,奇岩段四小段,25.06,都市：住,1000000,8744,持分移轉,00110000
RPPQMLTJLHMFFEA38CB,奇岩段四小段,32.11,都市：住,1000000,11203,持分移轉,00110000
RPTPMLTJLHMFFEA68CB,奇岩段四小段,32.11,都市：住,1000000,11203,持分移轉,00110000
RPQQMLTJLHMFFEA48CB,奇岩段四小段,30.95,都市：住,1000000,10800,持分移轉,00110000
RPUQMLTJLHMFFEA88CB,奇岩段四小段,30.54,都市：住,1000000,10656,持分移轉,00110000
RPSPMLTJLHMFFEA58CB,奇岩段四小段,23.27,都市：住,1000000,8118,持分移轉,00110000
RPUPMLTJLHMFFEA78CB,奇岩段四小段,30.54,都市：住,1000000,10656,持分移轉,00110000
RPRQMLTJLHMFFEA58CB,奇岩段四小段,30.54,都市：住,1000000,10656,持分移轉,00110000
RPOQMLTJLHMFFEA28CB,奇岩段四小段,30.95,都市：住,1000000,10800,持分移轉,00110000
RPXPMLTJLHMFFEA09CB,奇岩段四小段,21.94,都市：住,1000000,7657,持分移轉,00110000
RPWPMLTJLHMFFEA98CB,奇岩段四小段,30.95,都市：住,1000000,10800,持分移轉,00110000
RPXQMLTJLHMFFEA56CB,奇岩段四小段,30.95,都市：住,1000000,10800,持分移轉,00110000
RPORMLTJLHMFFEA38CB,奇岩段四小段,23.60,都市：住,1000000,8235,持分移轉,00110000
RPVQMLTJLHMFFEA98CB,奇岩段四小段,28.00,都市：住,1000000,9770,持分移轉,00110000
RPWQMLTJLHMFFEA09CB,奇岩段四小段,23.60,都市：住,1000000,8235,持分移轉,00110000
RPVRMLTJLHMFFEA09CB,奇岩段四小段,32.11,都市：住,1000000,11203,持分移轉,00110000
RPOSMLTJLHMFFEA48CB,奇岩段四小段,23.27,都市：住,1000000,8118,持分移轉,00110000
RPQRMLTJLHMFFEA58CB,奇岩段四小段,28.00,都市：住,1000000,9770,持分移轉,00110000
RPWRMLTJLHMFFEA56CB,奇岩段四小段,30.54,都市：住,1000000,10656,持分移轉,00110000
RPURMLTJLHMFFEA98CB,奇岩段四小段,30.95,都市：住,1000000,10800,持分移轉,00110000
RPXRMLTJLHMFFEA66CB,奇岩段四小段,25.06,都市：住,1000000,8744,持分移轉,00110000
RPSRMLTJLHMFFEA78CB,奇岩段四小段,21.94,都市：住,1000000,7657,持分移轉,00110000
RPTRMLTJLHMFFEA88CB,奇岩段四小段,23.27,都市：住,1000000,8118,持分移轉,00110000
RPRRMLTJLHMFFEA68CB,奇岩段四小段,30.95,都市：住,1000000,10800,持分移轉,00110000
RPPRMLTJLHMFFEA48CB,奇岩段四小段,23.60,都市：住,1000000,8235,持分移轉,00110000
RPPSMLTJLHMFFEA58CB,奇岩段四小段,32.11,都市：住,1000000,11203,持分移轉,00110000
RPUSMLTJLHMFFEA09CB,奇岩段四小段,21.94,都市：住,1000000,7657,持分移轉,00110000
RPSSMLTJLHMFFEA88CB,奇岩段四小段,23.60,都市：住,1000000,8235,持分移轉,00110000
RPQSMLTJLHMFFEA68CB,奇岩段四小段,30.54,都市：住,1000000,10656,持分移轉,00110000
RPVSMLTJLHMFFEA56CB,奇岩段四小段,30.54,都市：住,1000000,10656,持分移轉,00110000
RPXSMLTJLHMFFEA76CB,奇岩段四小段,25.06,都市：住,1000000,8744,持分移轉,00110000
RPRSMLTJLHMFFEA78CB,奇岩段四小段,23.60,都市：住,1000000,8235,持分移轉,00110000
RPPTMLTJLHMFFEA68CB,奇岩段四小段,32.11,都市：住,1000000,11203,持分移轉,00110000
RPTSMLTJLHMFFEA98CB,奇岩段四小段,28.00,都市：住,1000000,9770,持分移轉,00110000
RPRTMLTJLHMFFEA88CB,奇岩段四小段,32.11,都市：住,1000000,11203,持分移轉,00110000
RPWSMLTJLHMFFEA66CB,奇岩段四小段,30.95,都市：住,1000000,10800,持分移轉,00110000
RPQTMLTJLHMFFEA78CB,奇岩段四小段,32.11,都市：住,1000000,11203,持分移轉,00110000
RPUUMLTJLHMFFEA66CB,奇岩段四小段,21.94,都市：住,1000000,7657,持分移轉,00110000
RPOPMLMLLHMFFBA47DB,福星段一小段,.40,都市：商,10000,289,持分移轉,03450000
RPOPMLMLLHMFFBA47DB,福星段一小段,.58,都市：商,10000,289,持分移轉,03460000
RPOPMLMLLHMFFBA47DB,福星段一小段,.46,都市：商,10000,289,持分移轉,03470000
RPOPMLMLLHMFFBA47DB,福星段一小段,.66,都市：商,10000,289,持分移轉,03480000
RPOPMLMLLHMFFBA47DB,福星段一小段,.52,都市：商,10000,289,持分移轉,03490000
RPOPMLMLLHMFFBA47DB,福星段一小段,4.45,都市：商,10000,289,持分移轉,03500000
RPUOMLMLLHMFFBA97DB,福星段一小段,.40,都市：商,10000,289,持分移轉,03450000
RPUOMLMLLHMFFBA97DB,福星段一小段,.58,都市：商,10000,289,持分移轉,03460000
RPUOMLMLLHMFFBA97DB,福星段一小段,.46,都市：商,10000,289,持分移轉,03470000
RPUOMLMLLHMFFBA97DB,福星段一小段,.66,都市：商,10000,289,持分移轉,03480000
RPUOMLMLLHMFFBA97DB,福星段一小段,.52,都市：商,10000,289,持分移轉,03490000
RPUOMLMLLHMFFBA97DB,福星段一小段,4.45,都市：商,10000,289,持分移轉,03500000
RPPPMLMLLHMFFBA57DB,福星段一小段,.40,都市：商,10000,289,持分移轉,03450000
RPPPMLMLLHMFFBA57DB,福星段一小段,.58,都市：商,10000,289,持分移轉,03460000
RPPPMLMLLHMFFBA57DB,福星段一小段,.46,都市：商,10000,289,持分移轉,03470000
RPPPMLMLLHMFFBA57DB,福星段一小段,.66,都市：商,10000,289,持分移轉,03480000
RPPPMLMLLHMFFBA57DB,福星段一小段,.52,都市：商,10000,289,持分移轉,03490000
RPPPMLMLLHMFFBA57DB,福星段一小段,4.45,都市：商,10000,289,持分移轉,03500000
RPRPMLMLLHMFFBA77DB,福星段一小段,.52,都市：商,10000,375,持分移轉,03450000
RPRPMLMLLHMFFBA77DB,福星段一小段,.75,都市：商,10000,375,持分移轉,03460000
RPRPMLMLLHMFFBA77DB,福星段一小段,.60,都市：商,10000,375,持分移轉,03470000
RPRPMLMLLHMFFBA77DB,福星段一小段,.86,都市：商,10000,375,持分移轉,03480000
RPRPMLMLLHMFFBA77DB,福星段一小段,.67,都市：商,10000,375,持分移轉,03490000
RPRPMLMLLHMFFBA77DB,福星段一小段,5.78,都市：商,10000,375,持分移轉,03500000
RPQPMLMLLHMFFBA67DB,福星段一小段,.52,都市：商,10000,375,持分移轉,03450000
RPQPMLMLLHMFFBA67DB,福星段一小段,.75,都市：商,10000,375,持分移轉,03460000
RPQPMLMLLHMFFBA67DB,福星段一小段,.60,都市：商,10000,375,持分移轉,03470000
RPQPMLMLLHMFFBA67DB,福星段一小段,.86,都市：商,10000,375,持分移轉,03480000
RPQPMLMLLHMFFBA67DB,福星段一小段,.67,都市：商,10000,375,持分移轉,03490000
RPQPMLMLLHMFFBA67DB,福星段一小段,5.78,都市：商,10000,375,持分移轉,03500000
RPTPMLMLLHMFFBA97DB,福星段一小段,.46,都市：商,10000,326,持分移轉,03450000
RPTPMLMLLHMFFBA97DB,福星段一小段,.65,都市：商,10000,326,持分移轉,03460000
RPTPMLMLLHMFFBA97DB,福星段一小段,.52,都市：商,10000,326,持分移轉,03470000
RPTPMLMLLHMFFBA97DB,福星段一小段,.75,都市：商,10000,326,持分移轉,03480000
RPTPMLMLLHMFFBA97DB,福星段一小段,.59,都市：商,10000,326,持分移轉,03490000
RPTPMLMLLHMFFBA97DB,福星段一小段,5.02,都市：商,10000,326,持分移轉,03500000
RPUNMLRJMHMFFAA08CB,華興段一小段,23.52,都市：住,10000,215,持分移轉,00100000
RPOOMLRJMHMFFAA57CB,華興段一小段,20.02,都市：住,10000,183,持分移轉,00100000
RPVNMLRJMHMFFAA18CB,華興段一小段,20.13,都市：住,10000,184,持分移轉,00100000
RPWNMLRJMHMFFAA28CB,華興段一小段,23.52,都市：住,10000,215,持分移轉,00100000
RPXNMLRJMHMFFAA38CB,華興段一小段,21.11,都市：住,10000,193,持分移轉,00100000
RPPOMLRJMHMFFAA67CB,華興段一小段,19.80,都市：住,10000,181,持分移轉,00100000
RPQOMLRJMHMFFAA77CB,華興段一小段,19.69,都市：住,10000,180,持分移轉,00100000
RPROMLRJMHMFFAA87CB,華興段一小段,20.68,都市：住,10000,189,持分移轉,00100000
RPSOMLRJMHMFFAA97CB,華興段一小段,21.88,都市：住,10000,200,持分移轉,00100000
RPTOMLRJMHMFFAA08CB,華興段一小段,20.13,都市：住,10000,184,持分移轉,00100000
RPUOMLRJMHMFFAA18CB,華興段一小段,20.13,都市：住,10000,184,持分移轉,00100000
RPVOMLRJMHMFFAA28CB,華興段一小段,21.88,都市：住,10000,200,持分移轉,00100000
RPWOMLRJMHMFFAA38CB,華興段一小段,21.88,都市：住,10000,200,持分移轉,00100000
RPPPMLRJMHMFFAA77CB,華興段一小段,19.80,都市：住,10000,181,持分移轉,00100000
RPQPMLRJMHMFFAA87CB,華興段一小段,19.80,都市：住,10000,181,持分移轉,00100000
RPXOMLRJMHMFFAA48CB,華興段一小段,21.88,都市：住,10000,200,持分移轉,00100000
RPOPMLRJMHMFFAA67CB,華興段一小段,21.11,都市：住,10000,193,持分移轉,00100000
RPROMLRJMHMFFEA28CB,蘭雅段二小段,.62,都市：住,10000000,132914,持分移轉,01500000
RPROMLRJMHMFFEA28CB,蘭雅段二小段,.01,都市：住,10000000,132914,持分移轉,01540000
RPROMLRJMHMFFEA28CB,蘭雅段二小段,1.22,都市：住,10000000,132914,持分移轉,01520000
RPROMLRJMHMFFEA28CB,蘭雅段二小段,1.22,都市：住,10000000,132914,持分移轉,01550000
RPROMLRJMHMFFEA28CB,蘭雅段二小段,.07,都市：住,10000000,132914,持分移轉,01560000
RPROMLRJMHMFFEA28CB,蘭雅段二小段,2.31,都市：住,10000000,132914,持分移轉,01570000
RPROMLRJMHMFFEA28CB,蘭雅段二小段,.23,都市：住,10000000,132914,持分移轉,01580000
RPROMLRJMHMFFEA28CB,蘭雅段二小段,1.12,都市：住,10000000,132914,持分移轉,01590000
RPROMLRJMHMFFEA28CB,蘭雅段二小段,.13,都市：住,10000000,132914,持分移轉,01600000
RPROMLRJMHMFFEA28CB,蘭雅段二小段,1.25,都市：住,10000000,132914,持分移轉,01610000
RPROMLRJMHMFFEA28CB,蘭雅段二小段,.13,都市：住,10000000,132914,持分移轉,01620000
RPROMLRJMHMFFEA28CB,蘭雅段二小段,1.36,都市：住,10000000,132914,持分移轉,01630000
RPROMLRJMHMFFEA28CB,蘭雅段二小段,.04,都市：住,10000000,132914,持分移轉,01640000
RPROMLRJMHMFFEA28CB,蘭雅段二小段,1.38,都市：住,10000000,132914,持分移轉,01650000
RPROMLRJMHMFFEA28CB,蘭雅段二小段,1.40,都市：住,10000000,132914,持分移轉,01660000
RPROMLRJMHMFFEA28CB,蘭雅段二小段,1.40,都市：住,10000000,132914,持分移轉,01670000
RPROMLRJMHMFFEA28CB,蘭雅段二小段,.92,都市：住,10000000,132914,持分移轉,01680000
RPROMLRJMHMFFEA28CB,蘭雅段二小段,.07,都市：住,10000000,132914,持分移轉,01690000
RPROMLRJMHMFFEA28CB,蘭雅段二小段,2.51,都市：住,10000000,132914,持分移轉,01710000
RPROMLRJMHMFFEA28CB,蘭雅段二小段,2.01,都市：住,10000000,132914,持分移轉,01730000
RPROMLRJMHMFFEA28CB,蘭雅段二小段,1.05,都市：住,10000000,132914,持分移轉,01740000
RPROMLRJMHMFFEA28CB,蘭雅段二小段,1.83,都市：住,10000000,132914,持分移轉,01750000
RPROMLRJMHMFFEA28CB,蘭雅段二小段,3.28,都市：住,10000000,132914,持分移轉,01760000
RPROMLRJMHMFFEA28CB,蘭雅段二小段,.47,都市：住,10000000,132914,持分移轉,01770000
RPROMLRJMHMFFEA28CB,蘭雅段二小段,.23,都市：住,10000000,132914,持分移轉,01780000
RPROMLRJMHMFFEA28CB,蘭雅段二小段,2.67,都市：住,10000000,132914,持分移轉,01790000
RPROMLRJMHMFFEA28CB,蘭雅段二小段,.25,都市：住,10000000,132914,持分移轉,01790001
RPTOMLRJMHMFFEA48CB,蘭雅段二小段,.63,都市：住,10000000,133921,持分移轉,01500000
RPTOMLRJMHMFFEA48CB,蘭雅段二小段,.01,都市：住,10000000,133921,持分移轉,01540000
RPTOMLRJMHMFFEA48CB,蘭雅段二小段,1.23,都市：住,10000000,133921,持分移轉,01520000
RPTOMLRJMHMFFEA48CB,蘭雅段二小段,1.23,都市：住,10000000,133921,持分移轉,01550000
RPTOMLRJMHMFFEA48CB,蘭雅段二小段,.07,都市：住,10000000,133921,持分移轉,01560000
RPTOMLRJMHMFFEA48CB,蘭雅段二小段,2.33,都市：住,10000000,133921,持分移轉,01570000
RPTOMLRJMHMFFEA48CB,蘭雅段二小段,.23,都市：住,10000000,133921,持分移轉,01580000
RPTOMLRJMHMFFEA48CB,蘭雅段二小段,1.12,都市：住,10000000,133921,持分移轉,01590000
RPTOMLRJMHMFFEA48CB,蘭雅段二小段,.13,都市：住,10000000,133921,持分移轉,01600000
RPTOMLRJMHMFFEA48CB,蘭雅段二小段,1.26,都市：住,10000000,133921,持分移轉,01610000
RPTOMLRJMHMFFEA48CB,蘭雅段二小段,.13,都市：住,10000000,133921,持分移轉,01620000
RPTOMLRJMHMFFEA48CB,蘭雅段二小段,1.37,都市：住,10000000,133921,持分移轉,01630000
RPTOMLRJMHMFFEA48CB,蘭雅段二小段,.04,都市：住,10000000,133921,持分移轉,01640000
RPTOMLRJMHMFFEA48CB,蘭雅段二小段,1.39,都市：住,10000000,133921,持分移轉,01650000
RPTOMLRJMHMFFEA48CB,蘭雅段二小段,1.41,都市：住,10000000,133921,持分移轉,01660000
RPTOMLRJMHMFFEA48CB,蘭雅段二小段,1.41,都市：住,10000000,133921,持分移轉,01670000
RPTOMLRJMHMFFEA48CB,蘭雅段二小段,.92,都市：住,10000000,133921,持分移轉,01680000
RPTOMLRJMHMFFEA48CB,蘭雅段二小段,.07,都市：住,10000000,133921,持分移轉,01690000
RPTOMLRJMHMFFEA48CB,蘭雅段二小段,2.53,都市：住,10000000,133921,持分移轉,01710000
RPTOMLRJMHMFFEA48CB,蘭雅段二小段,2.02,都市：住,10000000,133921,持分移轉,01730000
RPTOMLRJMHMFFEA48CB,蘭雅段二小段,1.06,都市：住,10000000,133921,持分移轉,01740000
RPTOMLRJMHMFFEA48CB,蘭雅段二小段,1.85,都市：住,10000000,133921,持分移轉,01750000
RPTOMLRJMHMFFEA48CB,蘭雅段二小段,3.31,都市：住,10000000,133921,持分移轉,01760000
RPTOMLRJMHMFFEA48CB,蘭雅段二小段,.47,都市：住,10000000,133921,持分移轉,01770000
RPTOMLRJMHMFFEA48CB,蘭雅段二小段,.23,都市：住,10000000,133921,持分移轉,01780000
RPTOMLRJMHMFFEA48CB,蘭雅段二小段,2.69,都市：住,10000000,133921,持分移轉,01790000
RPTOMLRJMHMFFEA48CB,蘭雅段二小段,.25,都市：住,10000000,133921,持分移轉,01790001
RPOPMLRJMHMFFEA08CB,蘭雅段二小段,.94,都市：住,10000000,200214,持分移轉,01500000
RPOPMLRJMHMFFEA08CB,蘭雅段二小段,.02,都市：住,10000000,200214,持分移轉,01540000
RPOPMLRJMHMFFEA08CB,蘭雅段二小段,1.84,都市：住,10000000,200214,持分移轉,01520000
RPOPMLRJMHMFFEA08CB,蘭雅段二小段,1.84,都市：住,10000000,200214,持分移轉,01550000
RPOPMLRJMHMFFEA08CB,蘭雅段二小段,.10,都市：住,10000000,200214,持分移轉,01560000
RPOPMLRJMHMFFEA08CB,蘭雅段二小段,3.48,都市：住,10000000,200214,持分移轉,01570000
RPOPMLRJMHMFFEA08CB,蘭雅段二小段,.34,都市：住,10000000,200214,持分移轉,01580000
RPOPMLRJMHMFFEA08CB,蘭雅段二小段,1.68,都市：住,10000000,200214,持分移轉,01590000
RPOPMLRJMHMFFEA08CB,蘭雅段二小段,.20,都市：住,10000000,200214,持分移轉,01600000
RPOPMLRJMHMFFEA08CB,蘭雅段二小段,1.88,都市：住,10000000,200214,持分移轉,01610000
RPOPMLRJMHMFFEA08CB,蘭雅段二小段,.20,都市：住,10000000,200214,持分移轉,01620000
RPOPMLRJMHMFFEA08CB,蘭雅段二小段,2.04,都市：住,10000000,200214,持分移轉,01630000
RPOPMLRJMHMFFEA08CB,蘭雅段二小段,.06,都市：住,10000000,200214,持分移轉,01640000
RPOPMLRJMHMFFEA08CB,蘭雅段二小段,2.08,都市：住,10000000,200214,持分移轉,01650000
RPOPMLRJMHMFFEA08CB,蘭雅段二小段,2.10,都市：住,10000000,200214,持分移轉,01660000
RPOPMLRJMHMFFEA08CB,蘭雅段二小段,2.10,都市：住,10000000,200214,持分移轉,01670000
RPOPMLRJMHMFFEA08CB,蘭雅段二小段,1.38,都市：住,10000000,200214,持分移轉,01680000
RPOPMLRJMHMFFEA08CB,蘭雅段二小段,.10,都市：住,10000000,200214,持分移轉,01690000
RPOPMLRJMHMFFEA08CB,蘭雅段二小段,3.78,都市：住,10000000,200214,持分移轉,01710000
RPOPMLRJMHMFFEA08CB,蘭雅段二小段,3.02,都市：住,10000000,200214,持分移轉,01730000
RPOPMLRJMHMFFEA08CB,蘭雅段二小段,1.58,都市：住,10000000,200214,持分移轉,01740000
RPOPMLRJMHMFFEA08CB,蘭雅段二小段,2.76,都市：住,10000000,200214,持分移轉,01750000
RPOPMLRJMHMFFEA08CB,蘭雅段二小段,4.95,都市：住,10000000,200214,持分移轉,01760000
RPOPMLRJMHMFFEA08CB,蘭雅段二小段,.70,都市：住,10000000,200214,持分移轉,01770000
RPOPMLRJMHMFFEA08CB,蘭雅段二小段,.34,都市：住,10000000,200214,持分移轉,01780000
RPOPMLRJMHMFFEA08CB,蘭雅段二小段,4.02,都市：住,10000000,200214,持分移轉,01790000
RPOPMLRJMHMFFEA08CB,蘭雅段二小段,.38,都市：住,10000000,200214,持分移轉,01790001
RPPPMLRJMHMFFEA18CB,蘭雅段二小段,.95,都市：住,10000000,202228,持分移轉,01500000
RPPPMLRJMHMFFEA18CB,蘭雅段二小段,.02,都市：住,10000000,202228,持分移轉,01540000
RPPPMLRJMHMFFEA18CB,蘭雅段二小段,1.86,都市：住,10000000,202228,持分移轉,01520000
RPPPMLRJMHMFFEA18CB,蘭雅段二小段,1.86,都市：住,10000000,202228,持分移轉,01550000
RPPPMLRJMHMFFEA18CB,蘭雅段二小段,.10,都市：住,10000000,202228,持分移轉,01560000
RPPPMLRJMHMFFEA18CB,蘭雅段二小段,3.52,都市：住,10000000,202228,持分移轉,01570000
RPPPMLRJMHMFFEA18CB,蘭雅段二小段,.34,都市：住,10000000,202228,持分移轉,01580000
RPPPMLRJMHMFFEA18CB,蘭雅段二小段,1.70,都市：住,10000000,202228,持分移轉,01590000
RPPPMLRJMHMFFEA18CB,蘭雅段二小段,.20,都市：住,10000000,202228,持分移轉,01600000
RPPPMLRJMHMFFEA18CB,蘭雅段二小段,1.90,都市：住,10000000,202228,持分移轉,01610000
RPPPMLRJMHMFFEA18CB,蘭雅段二小段,.20,都市：住,10000000,202228,持分移轉,01620000
RPPPMLRJMHMFFEA18CB,蘭雅段二小段,2.06,都市：住,10000000,202228,持分移轉,01630000
RPPPMLRJMHMFFEA18CB,蘭雅段二小段,.06,都市：住,10000000,202228,持分移轉,01640000
RPPPMLRJMHMFFEA18CB,蘭雅段二小段,2.10,都市：住,10000000,202228,持分移轉,01650000
RPPPMLRJMHMFFEA18CB,蘭雅段二小段,2.12,都市：住,10000000,202228,持分移轉,01660000
RPPPMLRJMHMFFEA18CB,蘭雅段二小段,2.12,都市：住,10000000,202228,持分移轉,01670000
RPPPMLRJMHMFFEA18CB,蘭雅段二小段,1.40,都市：住,10000000,202228,持分移轉,01680000
RPPPMLRJMHMFFEA18CB,蘭雅段二小段,.10,都市：住,10000000,202228,持分移轉,01690000
RPPPMLRJMHMFFEA18CB,蘭雅段二小段,3.82,都市：住,10000000,202228,持分移轉,01710000
RPPPMLRJMHMFFEA18CB,蘭雅段二小段,3.05,都市：住,10000000,202228,持分移轉,01730000
RPPPMLRJMHMFFEA18CB,蘭雅段二小段,1.60,都市：住,10000000,202228,持分移轉,01740000
RPPPMLRJMHMFFEA18CB,蘭雅段二小段,2.79,都市：住,10000000,202228,持分移轉,01750000
RPPPMLRJMHMFFEA18CB,蘭雅段二小段,5.00,都市：住,10000000,202228,持分移轉,01760000
RPPPMLRJMHMFFEA18CB,蘭雅段二小段,.71,都市：住,10000000,202228,持分移轉,01770000
RPPPMLRJMHMFFEA18CB,蘭雅段二小段,.34,都市：住,10000000,202228,持分移轉,01780000
RPPPMLRJMHMFFEA18CB,蘭雅段二小段,4.06,都市：住,10000000,202228,持分移轉,01790000
RPPPMLRJMHMFFEA18CB,蘭雅段二小段,.38,都市：住,10000000,202228,持分移轉,01790001
RPVOMLRJMHMFFEA68CB,蘭雅段二小段,.62,都市：住,10000000,131814,持分移轉,01500000
RPVOMLRJMHMFFEA68CB,蘭雅段二小段,.01,都市：住,10000000,131814,持分移轉,01540000
RPVOMLRJMHMFFEA68CB,蘭雅段二小段,1.21,都市：住,10000000,131814,持分移轉,01520000
RPVOMLRJMHMFFEA68CB,蘭雅段二小段,1.21,都市：住,10000000,131814,持分移轉,01550000
RPVOMLRJMHMFFEA68CB,蘭雅段二小段,.07,都市：住,10000000,131814,持分移轉,01560000
RPVOMLRJMHMFFEA68CB,蘭雅段二小段,2.29,都市：住,10000000,131814,持分移轉,01570000
RPVOMLRJMHMFFEA68CB,蘭雅段二小段,.22,都市：住,10000000,131814,持分移轉,01580000
RPVOMLRJMHMFFEA68CB,蘭雅段二小段,1.11,都市：住,10000000,131814,持分移轉,01590000
RPVOMLRJMHMFFEA68CB,蘭雅段二小段,.13,都市：住,10000000,131814,持分移轉,01600000
RPVOMLRJMHMFFEA68CB,蘭雅段二小段,1.24,都市：住,10000000,131814,持分移轉,01610000
RPVOMLRJMHMFFEA68CB,蘭雅段二小段,.13,都市：住,10000000,131814,持分移轉,01620000
RPVOMLRJMHMFFEA68CB,蘭雅段二小段,1.34,都市：住,10000000,131814,持分移轉,01630000
RPVOMLRJMHMFFEA68CB,蘭雅段二小段,.04,都市：住,10000000,131814,持分移轉,01640000
RPVOMLRJMHMFFEA68CB,蘭雅段二小段,1.37,都市：住,10000000,131814,持分移轉,01650000
RPVOMLRJMHMFFEA68CB,蘭雅段二小段,1.38,都市：住,10000000,131814,持分移轉,01660000
RPVOMLRJMHMFFEA68CB,蘭雅段二小段,1.38,都市：住,10000000,131814,持分移轉,01670000
RPVOMLRJMHMFFEA68CB,蘭雅段二小段,.91,都市：住,10000000,131814,持分移轉,01680000
RPVOMLRJMHMFFEA68CB,蘭雅段二小段,.07,都市：住,10000000,131814,持分移轉,01690000
RPVOMLRJMHMFFEA68CB,蘭雅段二小段,2.49,都市：住,10000000,131814,持分移轉,01710000
RPVOMLRJMHMFFEA68CB,蘭雅段二小段,1.99,都市：住,10000000,131814,持分移轉,01730000
RPVOMLRJMHMFFEA68CB,蘭雅段二小段,1.04,都市：住,10000000,131814,持分移轉,01740000
RPVOMLRJMHMFFEA68CB,蘭雅段二小段,1.82,都市：住,10000000,131814,持分移轉,01750000
RPVOMLRJMHMFFEA68CB,蘭雅段二小段,3.26,都市：住,10000000,131814,持分移轉,01760000
RPVOMLRJMHMFFEA68CB,蘭雅段二小段,.46,都市：住,10000000,131814,持分移轉,01770000
RPVOMLRJMHMFFEA68CB,蘭雅段二小段,.22,都市：住,10000000,131814,持分移轉,01780000
RPVOMLRJMHMFFEA68CB,蘭雅段二小段,2.65,都市：住,10000000,131814,持分移轉,01790000
RPVOMLRJMHMFFEA68CB,蘭雅段二小段,.25,都市：住,10000000,131814,持分移轉,01790001
RPUOMLRJMHMFFEA58CB,蘭雅段二小段,.63,都市：住,10000000,133921,持分移轉,01500000
RPUOMLRJMHMFFEA58CB,蘭雅段二小段,.01,都市：住,10000000,133921,持分移轉,01540000
RPUOMLRJMHMFFEA58CB,蘭雅段二小段,1.23,都市：住,10000000,133921,持分移轉,01520000
RPUOMLRJMHMFFEA58CB,蘭雅段二小段,1.23,都市：住,10000000,133921,持分移轉,01550000
RPUOMLRJMHMFFEA58CB,蘭雅段二小段,.07,都市：住,10000000,133921,持分移轉,01560000
RPUOMLRJMHMFFEA58CB,蘭雅段二小段,2.33,都市：住,10000000,133921,持分移轉,01570000
RPUOMLRJMHMFFEA58CB,蘭雅段二小段,.23,都市：住,10000000,133921,持分移轉,01580000
RPUOMLRJMHMFFEA58CB,蘭雅段二小段,1.12,都市：住,10000000,133921,持分移轉,01590000
RPUOMLRJMHMFFEA58CB,蘭雅段二小段,.13,都市：住,10000000,133921,持分移轉,01600000
RPUOMLRJMHMFFEA58CB,蘭雅段二小段,1.26,都市：住,10000000,133921,持分移轉,01610000
RPUOMLRJMHMFFEA58CB,蘭雅段二小段,.13,都市：住,10000000,133921,持分移轉,01620000
RPUOMLRJMHMFFEA58CB,蘭雅段二小段,1.37,都市：住,10000000,133921,持分移轉,01630000
RPUOMLRJMHMFFEA58CB,蘭雅段二小段,.04,都市：住,10000000,133921,持分移轉,01640000
RPUOMLRJMHMFFEA58CB,蘭雅段二小段,1.39,都市：住,10000000,133921,持分移轉,01650000
RPUOMLRJMHMFFEA58CB,蘭雅段二小段,1.41,都市：住,10000000,133921,持分移轉,01660000
RPUOMLRJMHMFFEA58CB,蘭雅段二小段,1.41,都市：住,10000000,133921,持分移轉,01670000
RPUOMLRJMHMFFEA58CB,蘭雅段二小段,.92,都市：住,10000000,133921,持分移轉,01680000
RPUOMLRJMHMFFEA58CB,蘭雅段二小段,.07,都市：住,10000000,133921,持分移轉,01690000
RPUOMLRJMHMFFEA58CB,蘭雅段二小段,2.53,都市：住,10000000,133921,持分移轉,01710000
RPUOMLRJMHMFFEA58CB,蘭雅段二小段,2.02,都市：住,10000000,133921,持分移轉,01730000
RPUOMLRJMHMFFEA58CB,蘭雅段二小段,1.06,都市：住,10000000,133921,持分移轉,01740000
RPUOMLRJMHMFFEA58CB,蘭雅段二小段,1.85,都市：住,10000000,133921,持分移轉,01750000
RPUOMLRJMHMFFEA58CB,蘭雅段二小段,3.31,都市：住,10000000,133921,持分移轉,01760000
RPUOMLRJMHMFFEA58CB,蘭雅段二小段,.47,都市：住,10000000,133921,持分移轉,01770000
RPUOMLRJMHMFFEA58CB,蘭雅段二小段,.23,都市：住,10000000,133921,持分移轉,01780000
RPUOMLRJMHMFFEA58CB,蘭雅段二小段,2.69,都市：住,10000000,133921,持分移轉,01790000
RPUOMLRJMHMFFEA58CB,蘭雅段二小段,.25,都市：住,10000000,133921,持分移轉,01790001
RPWOMLRJMHMFFEA78CB,蘭雅段二小段,.62,都市：住,10000000,132821,持分移轉,01500000
RPWOMLRJMHMFFEA78CB,蘭雅段二小段,.01,都市：住,10000000,132821,持分移轉,01540000
RPWOMLRJMHMFFEA78CB,蘭雅段二小段,1.22,都市：住,10000000,132821,持分移轉,01520000
RPWOMLRJMHMFFEA78CB,蘭雅段二小段,1.22,都市：住,10000000,132821,持分移轉,01550000
RPWOMLRJMHMFFEA78CB,蘭雅段二小段,.07,都市：住,10000000,132821,持分移轉,01560000
RPWOMLRJMHMFFEA78CB,蘭雅段二小段,2.31,都市：住,10000000,132821,持分移轉,01570000
RPWOMLRJMHMFFEA78CB,蘭雅段二小段,.23,都市：住,10000000,132821,持分移轉,01580000
RPWOMLRJMHMFFEA78CB,蘭雅段二小段,1.12,都市：住,10000000,132821,持分移轉,01590000
RPWOMLRJMHMFFEA78CB,蘭雅段二小段,.13,都市：住,10000000,132821,持分移轉,01600000
RPWOMLRJMHMFFEA78CB,蘭雅段二小段,1.25,都市：住,10000000,132821,持分移轉,01610000
RPWOMLRJMHMFFEA78CB,蘭雅段二小段,.13,都市：住,10000000,132821,持分移轉,01620000
RPWOMLRJMHMFFEA78CB,蘭雅段二小段,1.35,都市：住,10000000,132821,持分移轉,01630000
RPWOMLRJMHMFFEA78CB,蘭雅段二小段,.04,都市：住,10000000,132821,持分移轉,01640000
RPWOMLRJMHMFFEA78CB,蘭雅段二小段,1.38,都市：住,10000000,132821,持分移轉,01650000
RPWOMLRJMHMFFEA78CB,蘭雅段二小段,1.39,都市：住,10000000,132821,持分移轉,01660000
RPWOMLRJMHMFFEA78CB,蘭雅段二小段,1.39,都市：住,10000000,132821,持分移轉,01670000
RPWOMLRJMHMFFEA78CB,蘭雅段二小段,.92,都市：住,10000000,132821,持分移轉,01680000
RPWOMLRJMHMFFEA78CB,蘭雅段二小段,.07,都市：住,10000000,132821,持分移轉,01690000
RPWOMLRJMHMFFEA78CB,蘭雅段二小段,2.51,都市：住,10000000,132821,持分移轉,01710000
RPWOMLRJMHMFFEA78CB,蘭雅段二小段,2.01,都市：住,10000000,132821,持分移轉,01730000
RPWOMLRJMHMFFEA78CB,蘭雅段二小段,1.05,都市：住,10000000,132821,持分移轉,01740000
RPWOMLRJMHMFFEA78CB,蘭雅段二小段,1.83,都市：住,10000000,132821,持分移轉,01750000
RPWOMLRJMHMFFEA78CB,蘭雅段二小段,3.28,都市：住,10000000,132821,持分移轉,01760000
RPWOMLRJMHMFFEA78CB,蘭雅段二小段,.46,都市：住,10000000,132821,持分移轉,01770000
RPWOMLRJMHMFFEA78CB,蘭雅段二小段,.23,都市：住,10000000,133921,持分移轉,01780000
RPWOMLRJMHMFFEA78CB,蘭雅段二小段,2.67,都市：住,10000000,132821,持分移轉,01790000
RPWOMLRJMHMFFEA78CB,蘭雅段二小段,.25,都市：住,10000000,132821,持分移轉,01790001
RPXOMLRJMHMFFEA88CB,蘭雅段二小段,.62,都市：住,10000000,132821,持分移轉,01500000
RPXOMLRJMHMFFEA88CB,蘭雅段二小段,.01,都市：住,10000000,132821,持分移轉,01540000
RPXOMLRJMHMFFEA88CB,蘭雅段二小段,1.22,都市：住,10000000,132821,持分移轉,01520000
RPXOMLRJMHMFFEA88CB,蘭雅段二小段,1.22,都市：住,10000000,132821,持分移轉,01550000
RPXOMLRJMHMFFEA88CB,蘭雅段二小段,.07,都市：住,10000000,132821,持分移轉,01560000
RPXOMLRJMHMFFEA88CB,蘭雅段二小段,2.31,都市：住,10000000,132821,持分移轉,01570000
RPXOMLRJMHMFFEA88CB,蘭雅段二小段,.23,都市：住,10000000,132821,持分移轉,01580000
RPXOMLRJMHMFFEA88CB,蘭雅段二小段,1.12,都市：住,10000000,132821,持分移轉,01590000
RPXOMLRJMHMFFEA88CB,蘭雅段二小段,.13,都市：住,10000000,132821,持分移轉,01600000
RPXOMLRJMHMFFEA88CB,蘭雅段二小段,1.25,都市：住,10000000,132821,持分移轉,01610000
RPXOMLRJMHMFFEA88CB,蘭雅段二小段,.13,都市：住,10000000,132821,持分移轉,01620000
RPXOMLRJMHMFFEA88CB,蘭雅段二小段,1.35,都市：住,10000000,132821,持分移轉,01630000
RPXOMLRJMHMFFEA88CB,蘭雅段二小段,.04,都市：住,10000000,132821,持分移轉,01640000
RPXOMLRJMHMFFEA88CB,蘭雅段二小段,1.38,都市：住,10000000,132821,持分移轉,01650000
RPXOMLRJMHMFFEA88CB,蘭雅段二小段,1.39,都市：住,10000000,132821,持分移轉,01660000
RPXOMLRJMHMFFEA88CB,蘭雅段二小段,1.39,都市：住,10000000,132821,持分移轉,01670000
RPXOMLRJMHMFFEA88CB,蘭雅段二小段,.92,都市：住,10000000,132821,持分移轉,01680000
RPXOMLRJMHMFFEA88CB,蘭雅段二小段,.07,都市：住,10000000,132821,持分移轉,01690000
RPXOMLRJMHMFFEA88CB,蘭雅段二小段,2.51,都市：住,10000000,132821,持分移轉,01710000
RPXOMLRJMHMFFEA88CB,蘭雅段二小段,2.01,都市：住,10000000,132821,持分移轉,01730000
RPXOMLRJMHMFFEA88CB,蘭雅段二小段,1.05,都市：住,10000000,132821,持分移轉,01740000
RPXOMLRJMHMFFEA88CB,蘭雅段二小段,1.83,都市：住,10000000,132821,持分移轉,01750000
RPXOMLRJMHMFFEA88CB,蘭雅段二小段,3.28,都市：住,10000000,132821,持分移轉,01760000
RPXOMLRJMHMFFEA88CB,蘭雅段二小段,.46,都市：住,10000000,132821,持分移轉,01770000
RPXOMLRJMHMFFEA88CB,蘭雅段二小段,.23,都市：住,10000000,133921,持分移轉,01780000
RPXOMLRJMHMFFEA88CB,蘭雅段二小段,2.67,都市：住,10000000,132821,持分移轉,01790000
RPXOMLRJMHMFFEA88CB,蘭雅段二小段,.25,都市：住,10000000,132821,持分移轉,01790001
RPVPMLKLMHMFFCA18DB,石潭段四小段,4.15,都市：商,10000000,176508,持分移轉,02760000
RPVPMLKLMHMFFCA18DB,石潭段四小段,2.44,都市：商,10000000,135503,持分移轉,02770000
RPVPMLKLMHMFFCA18DB,石潭段四小段,2.18,都市：商,1000000,12799,持分移轉,02780000
RPOQMLKLMHMFFCA57DB,石潭段四小段,4.15,都市：商,10000000,176508,持分移轉,02760000
RPOQMLKLMHMFFCA57DB,石潭段四小段,2.44,都市：商,10000000,135503,持分移轉,02770000
RPOQMLKLMHMFFCA57DB,石潭段四小段,2.18,都市：商,1000000,12799,持分移轉,02780000
RPQPMLRJMHMFFEA28CB,蘭雅段二小段,.95,都市：住,10000000,201221,持分移轉,01500000
RPQPMLRJMHMFFEA28CB,蘭雅段二小段,.02,都市：住,10000000,201221,持分移轉,01540000
RPQPMLRJMHMFFEA28CB,蘭雅段二小段,1.85,都市：住,10000000,201221,持分移轉,01520000
RPQPMLRJMHMFFEA28CB,蘭雅段二小段,1.85,都市：住,10000000,201221,持分移轉,01550000
RPQPMLRJMHMFFEA28CB,蘭雅段二小段,.10,都市：住,10000000,201221,持分移轉,01560000
RPQPMLRJMHMFFEA28CB,蘭雅段二小段,3.50,都市：住,10000000,201221,持分移轉,01570000
RPQPMLRJMHMFFEA28CB,蘭雅段二小段,.34,都市：住,10000000,201221,持分移轉,01580000
RPQPMLRJMHMFFEA28CB,蘭雅段二小段,1.69,都市：住,10000000,201221,持分移轉,01590000
RPQPMLRJMHMFFEA28CB,蘭雅段二小段,.20,都市：住,10000000,201221,持分移轉,01600000
RPQPMLRJMHMFFEA28CB,蘭雅段二小段,1.89,都市：住,10000000,201221,持分移轉,01610000
RPQPMLRJMHMFFEA28CB,蘭雅段二小段,.20,都市：住,10000000,201221,持分移轉,01620000
RPQPMLRJMHMFFEA28CB,蘭雅段二小段,2.05,都市：住,10000000,201221,持分移轉,01630000
RPQPMLRJMHMFFEA28CB,蘭雅段二小段,.06,都市：住,10000000,201221,持分移轉,01640000
RPQPMLRJMHMFFEA28CB,蘭雅段二小段,2.09,都市：住,10000000,201221,持分移轉,01650000
RPQPMLRJMHMFFEA28CB,蘭雅段二小段,2.11,都市：住,10000000,201221,持分移轉,01660000
RPQPMLRJMHMFFEA28CB,蘭雅段二小段,2.11,都市：住,10000000,201221,持分移轉,01670000
RPQPMLRJMHMFFEA28CB,蘭雅段二小段,1.39,都市：住,10000000,201221,持分移轉,01680000
RPQPMLRJMHMFFEA28CB,蘭雅段二小段,.10,都市：住,10000000,201221,持分移轉,01690000
RPQPMLRJMHMFFEA28CB,蘭雅段二小段,3.80,都市：住,10000000,201221,持分移轉,01710000
RPQPMLRJMHMFFEA28CB,蘭雅段二小段,3.04,都市：住,10000000,201221,持分移轉,01730000
RPQPMLRJMHMFFEA28CB,蘭雅段二小段,1.59,都市：住,10000000,201221,持分移轉,01740000
RPQPMLRJMHMFFEA28CB,蘭雅段二小段,2.78,都市：住,10000000,201221,持分移轉,01750000
RPQPMLRJMHMFFEA28CB,蘭雅段二小段,4.97,都市：住,10000000,201221,持分移轉,01760000
RPQPMLRJMHMFFEA28CB,蘭雅段二小段,.70,都市：住,10000000,201221,持分移轉,01770000
RPQPMLRJMHMFFEA28CB,蘭雅段二小段,.34,都市：住,10000000,201221,持分移轉,01780000
RPQPMLRJMHMFFEA28CB,蘭雅段二小段,4.04,都市：住,10000000,201221,持分移轉,01790000
RPQPMLRJMHMFFEA28CB,蘭雅段二小段,.38,都市：住,10000000,201221,持分移轉,01790001
RPRPMLRJMHMFFEA38CB,蘭雅段二小段,.95,都市：住,10000000,201221,持分移轉,01500000
RPRPMLRJMHMFFEA38CB,蘭雅段二小段,.02,都市：住,10000000,201221,持分移轉,01540000
RPRPMLRJMHMFFEA38CB,蘭雅段二小段,1.85,都市：住,10000000,201221,持分移轉,01520000
RPRPMLRJMHMFFEA38CB,蘭雅段二小段,1.85,都市：住,10000000,201221,持分移轉,01550000
RPRPMLRJMHMFFEA38CB,蘭雅段二小段,.10,都市：住,10000000,201221,持分移轉,01560000
RPRPMLRJMHMFFEA38CB,蘭雅段二小段,3.50,都市：住,10000000,201221,持分移轉,01570000
RPRPMLRJMHMFFEA38CB,蘭雅段二小段,.34,都市：住,10000000,201221,持分移轉,01580000
RPRPMLRJMHMFFEA38CB,蘭雅段二小段,1.69,都市：住,10000000,201221,持分移轉,01590000
RPRPMLRJMHMFFEA38CB,蘭雅段二小段,.20,都市：住,10000000,201221,持分移轉,01600000
RPRPMLRJMHMFFEA38CB,蘭雅段二小段,1.89,都市：住,10000000,201221,持分移轉,01610000
RPRPMLRJMHMFFEA38CB,蘭雅段二小段,.20,都市：住,10000000,201221,持分移轉,01620000
RPRPMLRJMHMFFEA38CB,蘭雅段二小段,2.05,都市：住,10000000,201221,持分移轉,01630000
RPRPMLRJMHMFFEA38CB,蘭雅段二小段,.06,都市：住,10000000,201221,持分移轉,01640000
RPRPMLRJMHMFFEA38CB,蘭雅段二小段,2.09,都市：住,10000000,201221,持分移轉,01650000
RPRPMLRJMHMFFEA38CB,蘭雅段二小段,2.11,都市：住,10000000,201221,持分移轉,01660000
RPRPMLRJMHMFFEA38CB,蘭雅段二小段,2.11,都市：住,10000000,201221,持分移轉,01670000
RPRPMLRJMHMFFEA38CB,蘭雅段二小段,1.39,都市：住,10000000,201221,持分移轉,01680000
RPRPMLRJMHMFFEA38CB,蘭雅段二小段,.10,都市：住,10000000,201221,持分移轉,01690000
RPRPMLRJMHMFFEA38CB,蘭雅段二小段,3.80,都市：住,10000000,201221,持分移轉,01710000
RPRPMLRJMHMFFEA38CB,蘭雅段二小段,3.04,都市：住,10000000,201221,持分移轉,01730000
RPRPMLRJMHMFFEA38CB,蘭雅段二小段,1.59,都市：住,10000000,201221,持分移轉,01740000
RPRPMLRJMHMFFEA38CB,蘭雅段二小段,2.78,都市：住,10000000,201221,持分移轉,01750000
RPRPMLRJMHMFFEA38CB,蘭雅段二小段,4.97,都市：住,10000000,201221,持分移轉,01760000
RPRPMLRJMHMFFEA38CB,蘭雅段二小段,.70,都市：住,10000000,201221,持分移轉,01770000
RPRPMLRJMHMFFEA38CB,蘭雅段二小段,.34,都市：住,10000000,201221,持分移轉,01780000
RPRPMLRJMHMFFEA38CB,蘭雅段二小段,4.04,都市：住,10000000,201221,持分移轉,01790000
RPRPMLRJMHMFFEA38CB,蘭雅段二小段,.38,都市：住,10000000,201221,持分移轉,01790001
RPSPMLRJMHMFFEA48CB,蘭雅段二小段,1.29,都市：住,10000000,274421,持分移轉,01500000
RPSPMLRJMHMFFEA48CB,蘭雅段二小段,.02,都市：住,10000000,274421,持分移轉,01540000
RPSPMLRJMHMFFEA48CB,蘭雅段二小段,2.52,都市：住,10000000,274421,持分移轉,01520000
RPSPMLRJMHMFFEA48CB,蘭雅段二小段,2.52,都市：住,10000000,274421,持分移轉,01550000
RPSPMLRJMHMFFEA48CB,蘭雅段二小段,.14,都市：住,10000000,274421,持分移轉,01560000
RPSPMLRJMHMFFEA48CB,蘭雅段二小段,4.77,都市：住,10000000,274421,持分移轉,01570000
RPSPMLRJMHMFFEA48CB,蘭雅段二小段,.47,都市：住,10000000,274421,持分移轉,01580000
RPSPMLRJMHMFFEA48CB,蘭雅段二小段,2.31,都市：住,10000000,274421,持分移轉,01590000
RPSPMLRJMHMFFEA48CB,蘭雅段二小段,.27,都市：住,10000000,274421,持分移轉,01600000
RPSPMLRJMHMFFEA48CB,蘭雅段二小段,2.58,都市：住,10000000,274421,持分移轉,01610000
RPSPMLRJMHMFFEA48CB,蘭雅段二小段,.27,都市：住,10000000,274421,持分移轉,01620000
RPSPMLRJMHMFFEA48CB,蘭雅段二小段,2.80,都市：住,10000000,274421,持分移轉,01630000
RPSPMLRJMHMFFEA48CB,蘭雅段二小段,.08,都市：住,10000000,274421,持分移轉,01640000
RPSPMLRJMHMFFEA48CB,蘭雅段二小段,2.85,都市：住,10000000,274421,持分移轉,01650000
RPSPMLRJMHMFFEA48CB,蘭雅段二小段,2.88,都市：住,10000000,274421,持分移轉,01660000
RPSPMLRJMHMFFEA48CB,蘭雅段二小段,2.88,都市：住,10000000,274421,持分移轉,01670000
RPSPMLRJMHMFFEA48CB,蘭雅段二小段,1.89,都市：住,10000000,274421,持分移轉,01680000
RPSPMLRJMHMFFEA48CB,蘭雅段二小段,.14,都市：住,10000000,274421,持分移轉,01690000
RPSPMLRJMHMFFEA48CB,蘭雅段二小段,5.19,都市：住,10000000,274421,持分移轉,01710000
RPSPMLRJMHMFFEA48CB,蘭雅段二小段,4.14,都市：住,10000000,274421,持分移轉,01730000
RPSPMLRJMHMFFEA48CB,蘭雅段二小段,2.17,都市：住,10000000,274421,持分移轉,01740000
RPSPMLRJMHMFFEA48CB,蘭雅段二小段,3.79,都市：住,10000000,274421,持分移轉,01750000
RPSPMLRJMHMFFEA48CB,蘭雅段二小段,6.78,都市：住,10000000,274421,持分移轉,01760000
RPSPMLRJMHMFFEA48CB,蘭雅段二小段,.96,都市：住,10000000,274421,持分移轉,01770000
RPSPMLRJMHMFFEA48CB,蘭雅段二小段,.47,都市：住,10000000,274421,持分移轉,01780000
RPSPMLRJMHMFFEA48CB,蘭雅段二小段,5.52,都市：住,10000000,274421,持分移轉,01790000
RPSPMLRJMHMFFEA48CB,蘭雅段二小段,.52,都市：住,10000000,274421,持分移轉,01790001
RPUPMLRJMHMFFEA68CB,蘭雅段二小段,.96,都市：住,10000000,204221,持分移轉,01500000
RPUPMLRJMHMFFEA68CB,蘭雅段二小段,.02,都市：住,10000000,204221,持分移轉,01540000
RPUPMLRJMHMFFEA68CB,蘭雅段二小段,1.88,都市：住,10000000,204221,持分移轉,01520000
RPUPMLRJMHMFFEA68CB,蘭雅段二小段,1.88,都市：住,10000000,204221,持分移轉,01550000
RPUPMLRJMHMFFEA68CB,蘭雅段二小段,.10,都市：住,10000000,204221,持分移轉,01560000
RPUPMLRJMHMFFEA68CB,蘭雅段二小段,3.55,都市：住,10000000,204221,持分移轉,01570000
RPUPMLRJMHMFFEA68CB,蘭雅段二小段,.35,都市：住,10000000,204221,持分移轉,01580000
RPUPMLRJMHMFFEA68CB,蘭雅段二小段,1.72,都市：住,10000000,204221,持分移轉,01590000
RPUPMLRJMHMFFEA68CB,蘭雅段二小段,.20,都市：住,10000000,204221,持分移轉,01600000
RPUPMLRJMHMFFEA68CB,蘭雅段二小段,1.92,都市：住,10000000,204221,持分移轉,01610000
RPUPMLRJMHMFFEA68CB,蘭雅段二小段,.20,都市：住,10000000,204221,持分移轉,01620000
RPUPMLRJMHMFFEA68CB,蘭雅段二小段,2.08,都市：住,10000000,204221,持分移轉,01630000
RPUPMLRJMHMFFEA68CB,蘭雅段二小段,.06,都市：住,10000000,204221,持分移轉,01640000
RPUPMLRJMHMFFEA68CB,蘭雅段二小段,2.12,都市：住,10000000,204221,持分移轉,01650000
RPUPMLRJMHMFFEA68CB,蘭雅段二小段,2.14,都市：住,10000000,204221,持分移轉,01660000
RPUPMLRJMHMFFEA68CB,蘭雅段二小段,2.14,都市：住,10000000,204221,持分移轉,01670000
RPUPMLRJMHMFFEA68CB,蘭雅段二小段,1.41,都市：住,10000000,204221,持分移轉,01680000
RPUPMLRJMHMFFEA68CB,蘭雅段二小段,.10,都市：住,10000000,204221,持分移轉,01690000
RPUPMLRJMHMFFEA68CB,蘭雅段二小段,3.86,都市：住,10000000,204221,持分移轉,01710000
RPUPMLRJMHMFFEA68CB,蘭雅段二小段,3.08,都市：住,10000000,204221,持分移轉,01730000
RPUPMLRJMHMFFEA68CB,蘭雅段二小段,1.61,都市：住,10000000,204221,持分移轉,01740000
RPUPMLRJMHMFFEA68CB,蘭雅段二小段,2.82,都市：住,10000000,204221,持分移轉,01750000
RPUPMLRJMHMFFEA68CB,蘭雅段二小段,5.04,都市：住,10000000,204221,持分移轉,01760000
RPUPMLRJMHMFFEA68CB,蘭雅段二小段,.71,都市：住,10000000,204221,持分移轉,01770000
RPUPMLRJMHMFFEA68CB,蘭雅段二小段,.35,都市：住,10000000,204221,持分移轉,01780000
RPUPMLRJMHMFFEA68CB,蘭雅段二小段,4.10,都市：住,10000000,204221,持分移轉,01790000
RPUPMLRJMHMFFEA68CB,蘭雅段二小段,.39,都市：住,10000000,204221,持分移轉,01790001
RPTPMLRJMHMFFEA58CB,蘭雅段二小段,.62,都市：住,10000000,131814,持分移轉,01500000
RPTPMLRJMHMFFEA58CB,蘭雅段二小段,.01,都市：住,10000000,131814,持分移轉,01540000
RPTPMLRJMHMFFEA58CB,蘭雅段二小段,1.21,都市：住,10000000,131814,持分移轉,01520000
RPTPMLRJMHMFFEA58CB,蘭雅段二小段,1.21,都市：住,10000000,131814,持分移轉,01550000
RPTPMLRJMHMFFEA58CB,蘭雅段二小段,.07,都市：住,10000000,131814,持分移轉,01560000
RPTPMLRJMHMFFEA58CB,蘭雅段二小段,2.29,都市：住,10000000,131814,持分移轉,01570000
RPTPMLRJMHMFFEA58CB,蘭雅段二小段,.22,都市：住,10000000,131814,持分移轉,01580000
RPTPMLRJMHMFFEA58CB,蘭雅段二小段,1.11,都市：住,10000000,131814,持分移轉,01590000
RPTPMLRJMHMFFEA58CB,蘭雅段二小段,.13,都市：住,10000000,131814,持分移轉,01600000
RPTPMLRJMHMFFEA58CB,蘭雅段二小段,1.24,都市：住,10000000,131814,持分移轉,01610000
RPTPMLRJMHMFFEA58CB,蘭雅段二小段,.13,都市：住,10000000,131814,持分移轉,01620000
RPTPMLRJMHMFFEA58CB,蘭雅段二小段,1.34,都市：住,10000000,131814,持分移轉,01630000
RPTPMLRJMHMFFEA58CB,蘭雅段二小段,.04,都市：住,10000000,131814,持分移轉,01640000
RPTPMLRJMHMFFEA58CB,蘭雅段二小段,1.37,都市：住,10000000,131814,持分移轉,01650000
RPTPMLRJMHMFFEA58CB,蘭雅段二小段,1.38,都市：住,10000000,131814,持分移轉,01660000
RPTPMLRJMHMFFEA58CB,蘭雅段二小段,1.38,都市：住,10000000,131814,持分移轉,01670000
RPTPMLRJMHMFFEA58CB,蘭雅段二小段,.91,都市：住,10000000,131814,持分移轉,01680000
RPTPMLRJMHMFFEA58CB,蘭雅段二小段,.07,都市：住,10000000,131814,持分移轉,01690000
RPTPMLRJMHMFFEA58CB,蘭雅段二小段,2.49,都市：住,10000000,131814,持分移轉,01710000
RPTPMLRJMHMFFEA58CB,蘭雅段二小段,1.99,都市：住,10000000,131814,持分移轉,01730000
RPTPMLRJMHMFFEA58CB,蘭雅段二小段,1.04,都市：住,10000000,131814,持分移轉,01740000
RPTPMLRJMHMFFEA58CB,蘭雅段二小段,1.82,都市：住,10000000,131814,持分移轉,01750000
RPTPMLRJMHMFFEA58CB,蘭雅段二小段,3.26,都市：住,10000000,131814,持分移轉,01760000
RPTPMLRJMHMFFEA58CB,蘭雅段二小段,.46,都市：住,10000000,131814,持分移轉,01770000
RPTPMLRJMHMFFEA58CB,蘭雅段二小段,.22,都市：住,10000000,131814,持分移轉,01780000
RPTPMLRJMHMFFEA58CB,蘭雅段二小段,2.65,都市：住,10000000,131814,持分移轉,01790000
RPTPMLRJMHMFFEA58CB,蘭雅段二小段,.25,都市：住,10000000,131814,持分移轉,01790001
RPSNMLMLLHMFFBA67DB,福星段一小段,.47,都市：商,10000,336,持分移轉,03450000
RPSNMLMLLHMFFBA67DB,福星段一小段,.67,都市：商,10000,336,持分移轉,03460000
RPSNMLMLLHMFFBA67DB,福星段一小段,.54,都市：商,10000,336,持分移轉,03470000
RPSNMLMLLHMFFBA67DB,福星段一小段,.77,都市：商,10000,336,持分移轉,03480000
RPSNMLMLLHMFFBA67DB,福星段一小段,.60,都市：商,10000,336,持分移轉,03490000
RPSNMLMLLHMFFBA67DB,福星段一小段,5.17,都市：商,10000,336,持分移轉,03500000
RPRNMLMLLHMFFBA57DB,福星段一小段,.47,都市：商,10000,337,持分移轉,03450000
RPRNMLMLLHMFFBA57DB,福星段一小段,.67,都市：商,10000,337,持分移轉,03460000
RPRNMLMLLHMFFBA57DB,福星段一小段,.54,都市：商,10000,337,持分移轉,03470000
RPRNMLMLLHMFFBA57DB,福星段一小段,.78,都市：商,10000,337,持分移轉,03480000
RPRNMLMLLHMFFBA57DB,福星段一小段,.61,都市：商,10000,337,持分移轉,03490000
RPRNMLMLLHMFFBA57DB,福星段一小段,5.19,都市：商,10000,337,持分移轉,03500000
RPTNMLMLLHMFFBA77DB,福星段一小段,.47,都市：商,10000,336,持分移轉,03450000
RPTNMLMLLHMFFBA77DB,福星段一小段,.67,都市：商,10000,336,持分移轉,03460000
RPTNMLMLLHMFFBA77DB,福星段一小段,.54,都市：商,10000,336,持分移轉,03470000
RPTNMLMLLHMFFBA77DB,福星段一小段,.77,都市：商,10000,336,持分移轉,03480000
RPTNMLMLLHMFFBA77DB,福星段一小段,.60,都市：商,10000,336,持分移轉,03490000
RPTNMLMLLHMFFBA77DB,福星段一小段,5.17,都市：商,10000,336,持分移轉,03500000
RPOOMLMLLHMFFBA37DB,福星段一小段,.47,都市：商,10000,337,持分移轉,03450000
RPOOMLMLLHMFFBA37DB,福星段一小段,.67,都市：商,10000,337,持分移轉,03460000
RPOOMLMLLHMFFBA37DB,福星段一小段,.54,都市：商,10000,337,持分移轉,03470000
RPOOMLMLLHMFFBA37DB,福星段一小段,.78,都市：商,10000,337,持分移轉,03480000
RPOOMLMLLHMFFBA37DB,福星段一小段,.61,都市：商,10000,337,持分移轉,03490000
RPOOMLMLLHMFFBA37DB,福星段一小段,5.19,都市：商,10000,337,持分移轉,03500000
