﻿編號,土地位置,土地移轉面積(平方公尺),使用分區或編定,權利人持分分母,權利人持分分子,移轉情形,地號
The serial number, land position,land shifting area square meter,the use zoning or compiles and checks,,,,land parcel
RPSNMLMJKHMFFAB37CC,後?子段,.00,非都市： ; 非都市編定：,,,,02990000
RPOPMLMJKHMFFAB17CC,下橋子頭段,1.65,都市：商,,,,02170014
RPOPMLMJKHMFFBB37DC,松觀段,29.50,都市：住,,,,01020000
RPWOMLNJKHMFFAB97CC,頂橋子頭段,12.63,都市：商,,,,01030002
RPWOMLNJKHMFFAB97CC,城隍段二小段,4.43,都市：商,,,,00300057
RPOOMLNJKHMFFCB37CC,國安段,.00,都市：住,,,,05930491
RPPNMLPJKHMFFAB37CC,下橋子頭段,1.83,都市：商,,,,02170014
RPQNMLPJKHMFFAB47CC,下橋子頭段,1.72,都市：商,,,,02170014
RPVPMLNJKHMFFCB18CC,下石碑段,28.59,都市：住,,,,09530000
RPQOMLNJKHMFFCB57CC,國安段,15.53,都市：住,,,,05930066
RPVOMLNJKHMFFCB08CC,上石碑段,3.97,都市：商,,,,17900000
RPUPMLNJKHMFFCB08CC,信安段,25.91,都市：住,,,,06180000
RPSPMLNJKHMFFCB87CC,豐功段,29.93,都市：商,,,,02660000
RPVOMLQJKHMFFAB18CC,麻園頭段,17.97,都市：其他:,,,,01650015
RPOPMLQJKHMFFAB57CC,中民段八小段,.00,都市：住,,,,00090009
RPQOMLRJKHMFFBB97DC,東光段,86.00,都市：商,,,,02010002
RPPPMLQJKHMFFAB77DC,後?子段,87.00,都市：其他:,,,,02100433
RPPNMLRJKHMFFAB57CC,公館段,.00,都市：住,,,,00670000
RPPNMLRJKHMFFAB57CC,公館段,.00,都市：商,,,,00750000
RPQNMLQJKHMFFHL66CC,新福段,91.21,都市：住,,,,00990000
RPXOMLQJKHMFFCB68DC,田心段,210.00,都市：其他:,,,,11880000
RPPOMLRJKHMFFAB67CC,東昇段四小段,30.00,都市：住,,,,00030000
RPROMLRJKHMFFAB87CC,東昇段四小段,30.00,都市：住,,,,00030000
RPTOMLRJKHMFFAB08CC,城隍段九小段,15.90,都市：住,,,,00030014
RPTOMLRJKHMFFAB08CC,信義段九小段,9.88,都市：住,,,,00080000
RPQOMLRJKHMFFCB97CC,大墩段,33.33,都市：住,,,,04400000
RPUNMLRJKHMFFCB28CC,田心段,241.00,都市：住,,,,07290000
RPSNMLSJKHMFFCB18CC,大墩段,30.95,都市：住,,,,00060000
RPORMLNJKHMFFCB67CC,大進段,88.00,都市：住,,,,00380005
RPRPMLRJKHMFFCB18CC,惠民段,10.59,都市：其他:第六種新市政中心專用區,,,,01110000
RPXPMLNJKHMFFCB38CC,上石碑段,3.37,都市：商,,,,17900000
RPPNMLOJKHMFFCB47CC,惠來厝段,26.47,都市：住,,,,00180000
RPQOMLSJKHMFFCB08CC,中和段,203.89,都市：住,,,,03940000
RPROMLSJKHMFFCB18CC,大墩段,12.32,都市：住,,,,04690000
RPUNMLSJKHMFFCB38CC,福順段,5.23,都市：住,,,,01660000
RPUNMLSJKHMFFCB38CC,福順段,20.35,都市：住,,,,01670000
RPXOMLSJKHMFFCB78CC,中正段,9.74,都市：商,,,,01550000
RPVNMLSJKHMFFCB48CC,惠民段,17.33,都市：其他:新市政中心專用區,,,,01430001
RPVNMLSJKHMFFCB48CC,惠民段,16.82,都市：其他:新市政中心專用區,,,,01430001
RPUOMLSJKHMFFCB48CC,惠國段,28.34,都市：其他:新市政中心專用區,,,,00300000
RPOOMLSJKHMFFAB67CC,旱溪段,30.09,都市：住,,,,00330001
RPWNMLSJKHMFFAB38CC,樹子腳段,20.79,都市：住,,,,17470000
RPTNMLSJKHMFFBB18CC,水湳段,23.04,都市：住,,,,13540000
RPWPMLSJKHMFFBB68CC,東峰段,10.24,都市：商,,,,01580000
RPOQMLSJKHMFFBB97CC,邱厝子段,.22,都市：商,,,,00310062
RPOQMLSJKHMFFBB97CC,賴厝?段,.28,都市：商,,,,00310003
RPPOMLRJKHMFFBB77CC,水源段,12.80,都市：住,,,,01270000
RPSOMLTJKHMFFAB18CC,麻園頭段,16.35,都市：住,,,,02910000
RPXNMLTJKHMFFAB58CC,大益段,7.10,都市：住,,,,03160000
RPQNMLTJKHMFFAL98DC,新東陽段,73.00,都市：農,,,,01140000
RPSOMLTJKHMFFGL17CC,五福南段,330.59,非都市：特定農業區 ; 非都市編定：甲種建築用地,,,,07990000
RPSOMLTJKHMFFGL17CC,五福南段,620.95,非都市：特定農業區 ; 非都市編定：甲種建築用地,,,,08000000
RPOOMLKKKHMFFGL68DC,大元段,72.36,都市：工,,,,13240000
RPOOMLKKKHMFFGL68DC,大元段,17.85,都市：工,,,,13230000
RPPPMLSJKHMFFCB08CC,三塊厝段,15.94,都市：住,,,,05960000
RPVOMLTJKHMFFCB68CC,惠民段,26.93,都市：住,,,,00120000
RPVNMLTJKHMFFCB58CC,國安段,7.10,都市：住,,,,05930491
RPWPMLSJKHMFFCB78CC,中正段,6.92,都市：商,,,,01550000
RPROMLKKKHMFFAB27CC,後?子段,8.30,都市：住,,,,02100010
RPPNMLMKKHMFFAB17CC,下橋子頭段,5.18,都市：商,,,,02170014
RPTOMLNKKHMFFAB77CC,平和段,2.60,都市：商,,,,00500000
RPVOMLNKKHMFFAB97CC,柳川段一小段,1.57,都市：商,,,,00040000
RPVOMLNKKHMFFAB97CC,柳川段一小段,.36,都市：商,,,,00040006
RPQQMLSJKHMFFBB18CC,邱厝子段,.17,都市：商,,,,00310062
RPQQMLSJKHMFFBB18CC,賴厝?段,.21,都市：商,,,,00310003
RPROMLKKKHMFFBB37CC,東山段,91.00,都市：住,,,,03380005
RPQNMLLKKHMFFBB27CC,青田段,157.00,都市：住,,,,09090000
RPPNMLTJKHMFFBB87CC,平田段,22.54,都市：住,,,,08810000
RPXOMLKKKHMFFBB97CC,中清段,.00,都市：住,,,,03150006
RPRQMLSJKHMFFBB28CC,賴厝?段,2.97,都市：商,,,,00310003
RPRQMLSJKHMFFBB28CC,邱厝子段,2.39,都市：商,,,,00310062
RPOOMLTJKHMFFBB87CC,水湳段,63.00,都市：住,,,,10720000
RPQNMLTJKHMFFBB97CC,賴厝?段,88.00,都市：住,,,,00660018
RPUNMLNKKHMFFBB87CC,賴厝?段,.00,都市：商,,,,00310000
RPWNMLOKKHMFFAL09CC,豐原段,70.00,都市：商,,,,06070030
RPQNMLNKKHMFFHL56DC,永成段,36.45,都市：住,,,,00590000
RPUNMLOKKHMFFFL76CC,民生段,7.53,都市：住,,,,05980002
RPSRMLNKKHMFFCB18CC,惠民段,53.13,都市：其他:新市政中心專用區,,,,01430001
RPUNMLOKKHMFFCB08CC,田心段,244.00,都市：住,,,,10150000
RPTRMLNKKHMFFCB28CC,惠民段,49.82,都市：其他:新市政中心專用區,,,,01430001
RPXPMLNKKHMFFCB48CC,福星段,29.75,都市：住,,,,01140000
RPVOMLKKKHMFFCB87CC,中正段,7.04,都市：住,,,,01550000
RPSPMLPKKHMFFCB18CC,鑫港尾段,.00,都市：住,,,,00730000
RPTPMLPKKHMFFCB28CC,鑫港尾段,.00,都市：住,,,,00730000
RPWPMLPKKHMFFCB58CC,鑫港尾段,.00,都市：住,,,,00730000
RPUOMLOKKHMFFCB18CC,春安段,18.85,都市：住,,,,03450000
RPXQMLOKKHMFFCB68CC,三塊厝段,15.26,都市：其他:,,,,05540000
RPVPMLPKKHMFFCB48CC,鑫港尾段,.00,都市：住,,,,00730000
RPQPMLPKKHMFFCB97CC,鑫港尾段,.00,都市：住,,,,00730000
RPRPMLPKKHMFFCB08CC,鑫港尾段,.00,都市：住,,,,00730000
RPPOMLOKKHMFFCB67CC,豐富段,20.67,都市：商,,,,01790000
RPXPMLPKKHMFFCB68CC,鑫港尾段,.00,都市：住,,,,00730000
RPOQMLPKKHMFFCB87CC,鑫港尾段,.00,都市：住,,,,00730000
RPTQMLPKKHMFFCB38CC,鑫港尾段,.00,都市：住,,,,00730000
RPSQMLPKKHMFFCB28CC,鑫港尾段,.00,都市：住,,,,00730000
RPUQMLPKKHMFFCB48CC,鑫港尾段,.00,都市：住,,,,00730000
RPPQMLPKKHMFFCB97CC,鑫港尾段,.00,都市：住,,,,00730000
RPRQMLPKKHMFFCB18CC,鑫港尾段,.00,都市：住,,,,00730000
RPVQMLPKKHMFFCB58CC,鑫港尾段,.00,都市：住,,,,00730000
RPQQMLPKKHMFFCB08CC,鑫港尾段,.00,都市：住,,,,00730000
RPUOMLPKKHMFFBB18CC,仁和段,17.69,都市：住,,,,05660000
RPWQMLPKKHMFFCB68CC,鑫港尾段,.00,都市：住,,,,00730000
RPWRMLPKKHMFFBB68CC,水湳段,78.00,都市：住,,,,11360000
RPUOMLPKKHMFFFL96CC,自立段,1718.00,都市：農,,,,27630000
RPTOMLPKKHMFFGL96CC,萬安段,1388.43,非都市：特定農業區 ; 非都市編定：農牧用地,,,,02050000
RPVNMLQKKHMFFBB28CC,北屯段,52.80,都市：住,,,,01580127
RPSNMLPKKHMFFAB77CC,練武段,9.61,都市：住,,,,10740000
RPSOMLQKKHMFFAB97CC,旱清段,.00,都市：住,,,,02030000
RPXPMLQKKHMFFAB58CC,大益段,10.24,都市：住,,,,04900000
RPSPMLQKKHMFFAB08CC,樹子腳段,18.94,都市：住,,,,00670009
RPWOMLNKKHMFFAB08CC,麻園頭段,12.38,都市：商,,,,00390000
RPXPMLQKKHMFFBB68CC,賴厝?段,3.19,都市：商,,,,00310003
RPXPMLQKKHMFFBB68CC,邱厝子段,2.56,都市：商,,,,00310062
RPVPMLQKKHMFFBB48CC,賴厝?段,3.10,都市：商,,,,00310003
RPVPMLQKKHMFFBB48CC,邱厝子段,2.49,都市：商,,,,00310062
RPWPMLQKKHMFFBB58CC,賴厝?段,3.26,都市：商,,,,00310003
RPWPMLQKKHMFFBB58CC,邱厝子段,2.61,都市：商,,,,00310062
RPOQMLQKKHMFFBB87CC,賴厝?段,3.34,都市：商,,,,00310003
RPOQMLQKKHMFFBB87CC,邱厝子段,2.68,都市：商,,,,00310062
RPWOMLRKKHMFFCB68CC,惠民段,12.14,都市：其他:第一種新市政中心專用區,,,,00840000
RPXOMLRKKHMFFCB78CC,惠民段,17.04,都市：其他:新市政中心專用區,,,,01430001
RPQPMLRKKHMFFCB18CC,惠民段,17.54,都市：其他:新市政中心專用區,,,,01430001
RPOQMLRKKHMFFCB08CC,鑫港尾段,.00,都市：住,,,,00730000
RPQQMLRKKHMFFCB28CC,鑫港尾段,.00,都市：住,,,,00730000
RPSQMLRKKHMFFCB48CC,鑫港尾段,.00,都市：住,,,,00730000
RPQPMLQKKHMFFCB08CC,中正段,6.48,都市：商,,,,01550000
RPWNMLQKKHMFFCB48CC,寶山段,20.54,都市：住,,,,12540000
RPXNMLRKKHMFFCB68CC,惠民段,12.95,都市：其他:新市政中心專用區,,,,01110000
RPSPMLQKKHMFFCB28CC,中正段,10.54,都市：商,,,,01550000
RPRPMLQKKHMFFCB18CC,中正段,8.21,都市：商,,,,01550000
RPWNMLRKKHMFFCB58CC,福順段,6.49,都市：住,,,,01660000
RPWNMLRKKHMFFCB58CC,福順段,25.25,都市：住,,,,01670000
RPUQMLRKKHMFFCB68CC,鑫港尾段,.00,都市：住,,,,00730000
RPTOMLQKKHMFFCB28CC,保安段,.00,都市：住,,,,06360000
RPOPMLQKKHMFFCB87CC,協和段,99.00,都市：住,,,,02600000
RPPRMLRKKHMFFCB28CC,鑫港尾段,.00,都市：住,,,,00730000
RPQRMLRKKHMFFCB38CC,鑫港尾段,.00,都市：住,,,,00730000
RPWQMLRKKHMFFCB88CC,鑫港尾段,.00,都市：住,,,,00730000
RPOOMLRKKHMFFAB67CC,麻園頭段,27.00,都市：住,,,,00830092
RPSNMLRKKHMFFAB97CC,後?子段,5.93,都市：住,,,,02250011
RPSOMLRKKHMFFAB08CC,後?子段,36.42,都市：住,,,,01780044
RPPNMLRKKHMFFIL96DC,新庄段,20.64,非都市：鄉村區 ; 非都市編定：乙種建築用地,,,,05470000
RPQRMLRKKHMFFBB28CC,東峰段,9.74,都市：商,,,,01580000
RPPQMLQKKHMFFBB97CC,賴厝?段,.28,都市：商,,,,00310003
RPPQMLQKKHMFFBB97CC,邱厝子段,.22,都市：商,,,,00310062
RPRRMLRKKHMFFBB38CC,東峰段,9.74,都市：商,,,,01580000
RPSOMLRKKHMFFBB18CC,乾溝子段,44.26,都市：住,,,,01480049
RPPOMLRKKHMFFBB87CC,東光段,12.52,都市：商,,,,01930000
RPUNMLSKKHMFFAB28CC,公館段,1.51,都市：住,,,,00620001
RPUNMLSKKHMFFAB28CC,公館段,1.31,都市：住,,,,00630001
RPOOMLSKKHMFFBB87CC,平田段,5.06,都市：住,,,,00020000
RPOOMLSKKHMFFBB87CC,平田段,2.36,都市：住,,,,00030000
RPOOMLSKKHMFFBB87CC,平田段,3.69,都市：住,,,,00070001
RPOOMLSKKHMFFBB87CC,平田段,6.74,都市：住,,,,00040000
RPOOMLSKKHMFFBB87CC,平田段,6.40,都市：住,,,,00040001
RPOOMLSKKHMFFBB87CC,平田段,2.36,都市：住,,,,00020001
RPOOMLSKKHMFFBB87CC,平田段,5.44,都市：住,,,,00030001
RPOOMLSKKHMFFBB87CC,平田段,2.50,都市：住,,,,00280001
RPQPMLKLKHMFFCB57CC,何厝段,.00,非都市： ; 非都市編定：,,,,00770064
RPWOMLKLKHMFFCB08CC,惠安段,10.00,都市：住,,,,01680000
RPXNMLTKKHMFFCB88CC,鑫港尾段,.00,都市：住,,,,00730000
RPURMLRKKHMFFCB78CC,惠民段,9.91,都市：住,,,,01090000
RPOOMLKLKHMFFCB27CC,惠民段,17.04,都市：其他:新市政中心專用區,,,,01430001
RPQOMLTKKHMFFCB28CC,鑫港尾段,.00,都市：住,,,,00730000
RPQNMLSKKHMFFCB08CC,鑫港尾段,.00,都市：住,,,,00730000
RPRRMLRKKHMFFCB48CC,鑫港尾段,.00,都市：住,,,,00730000
RPPOMLTKKHMFFCB18CC,鑫港尾段,.00,都市：住,,,,00730000
RPTPMLKLKHMFFAB67CC,下橋子頭段,15.48,都市：住,,,,01780026
RPPOMLKLKHMFFHL88CC,宜欣段,.00,都市：住,,,,16560040
RPUNMLMLKHMFFCB97CC,鑫港尾段,.00,都市：住,,,,00730000
RPRNMLMLKHMFFCB67CC,中和段,1458.00,都市：住,,,,01540000
RPUNMLLLKHMFFCB87CC,福星段,483.12,都市：住,,,,05950000
RPTNMLMLKHMFFCB87CC,惠民段,1399.79,都市：住,,,,00220000
RPVPMLMLKHMFFCB28CC,中正段,5.55,都市：商,,,,01550000
RPQNMLMLKHMFFBL48CC,朝陽段,23.70,都市：住,,,,12870001
RPQNMLMLKHMFFGL98CC,北里段,1386.00,非都市：特定農業區 ; 非都市編定：農牧用地,,,,06000001
RPUNMLMLKHMFFFL66CC,永興段,.00,非都市： ; 非都市編定：,,,,03360014
RPUNMLMLKHMFFFL66CC,永興段,.00,非都市： ; 非都市編定：,,,,03360016
RPUNMLMLKHMFFFL66CC,永興段,.00,非都市： ; 非都市編定：,,,,03360018
RPUNMLMLKHMFFFL66CC,永興段,.00,非都市： ; 非都市編定：,,,,03540000
RPUNMLMLKHMFFFL66CC,永興段,.00,非都市： ; 非都市編定：,,,,03210000
RPUNMLMLKHMFFFL66CC,永興段,.00,非都市： ; 非都市編定：,,,,03220002
RPUNMLMLKHMFFFL66CC,永興段,.00,非都市： ; 非都市編定：,,,,03380000
RPUNMLMLKHMFFFL66CC,永興段,.00,非都市： ; 非都市編定：,,,,03540002
RPUNMLMLKHMFFFL66CC,永興段,.00,非都市： ; 非都市編定：,,,,03560000
RPUNMLMLKHMFFFL66CC,永興段,.00,非都市： ; 非都市編定：,,,,03570000
RPSNMLRKKHMFFIL17CC,新庄段,20.64,非都市：鄉村區 ; 非都市編定：乙種建築用地,,,,05470000
RPPNMLMLKHMFFIL09CC,忠和段,445.00,都市：工,,,,05760006
RPXOMLNLKHMFFAB28CC,半平厝段,.00,非都市： ; 非都市編定：,,,,02550000
RPOPMLNLKHMFFAB47CC,公館段,.00,非都市： ; 非都市編定：,,,,01580100
RPQPMLMLKHMFFBB67CC,太和段,294.98,都市：住,,,,01720000
RPUNMLMLKHMFFBB87CC,水源段,185.00,都市：住,,,,02300635
RPRNMLMLKHMFFBB57CC,水源段,55.00,都市：住,,,,02300450
RPRQMLMLKHMFFBB87CC,東峰段,5.83,都市：商,,,,01580000
RPPNMLNLKHMFFCB57CC,惠國段,28.99,都市：其他:第三種新市政中心專用區,,,,00720000
RPQNMLNLKHMFFCB67CC,鑫港尾段,.00,都市：住,,,,00730000
RPWNMLOLKHMFFCB38CC,中和段,36.17,都市：住,,,,01560000
RPPOMLOLKHMFFAB57CC,大益段,9.61,都市：住,,,,01680000
RPSPMLOLKHMFFCB18CC,惠民段,.00,都市：其他:新8-1,,,,01430001
RPXOMLOLKHMFFCB58CC,何安段,99.14,都市：其他:建,,,,08280000
RPTOMLOLKHMFFAB97CC,麻園頭段,34.74,都市：商,,,,06970000
RPROMLOLKHMFFGL86DC,重建段,330.00,都市：農,,,,00900000
RPROMLOLKHMFFCB08DC,國安段,14.72,都市：住,,,,05930372
RPPNMLPLKHMFFAB57CC,頂橋子頭段,19.00,都市：住,,,,01330061
RPPNMLPLKHMFFCB77CC,上石碑段,31.00,都市：住,,,,01080005
RPPNMLPLKHMFFCB77CC,上石碑段,44.00,都市：住,,,,01470010
RPQNMLQLKHMFFCB97CC,鑫港尾段,.00,都市：住,,,,00730000
RPPNMLQLKHMFFCB87CC,鑫港尾段,.00,都市：住,,,,00730000
RPRNMLQLKHMFFCB08CC,鑫港尾段,.00,都市：住,,,,00730000
RPSNMLQLKHMFFCB18CC,鑫港尾段,.00,都市：住,,,,00730000
RPTOMLOLKHMFFGL96CC,國中段,724.98,都市：工,,,,03400002
RPVNMLNLKHMFFGL96CC,湖日段,11.49,都市：住,,,,00540000
RPUNMLNLKHMFFBB97CC,平田段,25.60,都市：住,,,,05130000
RPVQMLOLKHMFFBB48CC,邱厝子段,78.00,都市：住,,,,00580022
RPUQMLMLKHMFFBB18CC,東峰段,6.92,都市：商,,,,01580000
RPSNMLLJLHMFFAB37CC,公館段,1.26,都市：住,,,,00620001
RPSNMLLJLHMFFAB37CC,公館段,109.00,都市：住,,,,00630001
RPVNMLLJLHMFFAB67CC,麻園頭段,22.38,都市：住,,,,01810000
RPTNMLLJLHMFFBB57CC,賴厝?段,74.00,都市：其他:,,,,00490024
RPQNMLLJLHMFFIL09DC,龍目井段龍目井小段,158.00,都市：住,,,,01550056
RPPNMLLJLHMFFAL18DC,聯合段,134.87,都市：住,,,,03420000
RPVNMLLJLHMFFFL56CC,馬岡段,82.00,都市：其他:市場用地,,,,01530012
RPRNMLMJLHMFFHL09CC,宜欣段,28.00,都市：住,,,,20490019
RPXPMLLJLHMFFFL96CC,民生段,7.54,都市：住,,,,05980000
RPQNMLMJLHMFFAL38DC,豐原段,64.00,都市：商,,,,00250096
RPQNMLMJLHMFFAL38DC,豐原段,40.00,都市：商,,,,00250101
RPTOMLMJLHMFFAB77DC,土庫段,8.88,都市：商,,,,00250010
RPTQMLMJLHMFFCB18DC,惠泰段,407.99,都市：住,,,,00240000
RPPOMLMJLHMFFBB37CC,和平段,851.51,都市：住,,,,01510000
RPROMLMJLHMFFBB57CC,乾溝子段,30.66,都市：住,,,,01770033
RPVOMLMJLHMFFBB97CC,水湳段,9.33,都市：住,,,,13540000
RPVOMLMJLHMFFBB97CC,水湳段,2.52,都市：住,,,,13680000
RPQPMLMJLHMFFBB57CC,賴厝?段,16.84,都市：商,,,,04380001
RPTPMLMJLHMFFBB87CC,東峰段,1766.00,都市：住,,,,00040000
RPTQMLLJLHMFFCB97CC,大進段,476.00,都市：住,,,,10050000
RPQNMLLJLHMFFCB37CC,鑫港尾段,.00,都市：住,,,,00730000
RPPNMLLJLHMFFCB27CC,鑫港尾段,.00,都市：住,,,,00730000
RPROMLLJLHMFFCB57CC,田心段,6.51,都市：住,,,,09100000
RPQOMLLJLHMFFCB47CC,南屯段,21.47,都市：住,,,,06480000
RPSNMLLJLHMFFCB57CC,國安段,18.42,都市：住,,,,05930135
RPQOMLLJLHMFFAL28CC,豐原段,44.00,都市：住,,,,08850055
RPQOMLLJLHMFFAL28CC,豐原段,14.00,都市：住,,,,08850043
RPRQMLMJLHMFFCB87CC,何厝段,.00,都市：商,,,,00770142
RPXOMLMJLHMFFAB08CC,樹子腳段,12.15,都市：住,,,,00420000
RPRRMLMJLHMFFCB97CC,惠民段,13.93,都市：其他:第一種新市政中心專用區,,,,00840000
RPVNMLMJLHMFFAB77CC,正義段八小段,108.00,都市：住,,,,00030019
RPWNMLLJLHMFFAB77CC,麻園頭段,11.77,都市：住,,,,01320000
RPSQMLNJLHMFFCB08CC,惠國段,18.36,都市：住,,,,01240000
RPUQMLNJLHMFFCB28CC,何安段,6.51,都市：住,,,,09730000
RPTQMLNJLHMFFCB18CC,大新段,10.29,都市：住,,,,04130000
RPXPMLNJLHMFFCB48CC,國安段,17.35,都市：住,,,,00120014
RPWPMLNJLHMFFCB38CC,惠泰段,77.88,都市：住,,,,00110000
RPWPMLNJLHMFFCB38CC,惠泰段,82.73,都市：住,,,,00110013
RPRRMLNJLHMFFCB08CC,中正段,5.99,都市：商,,,,01550000
RPQRMLNJLHMFFCB97CC,中正段,6.71,都市：商,,,,01550000
RPSNMLNJLHMFFAB57CC,大益段,42.42,都市：商,,,,01520000
RPPPMLNJLHMFFAB47CC,頂橋子頭段,3.28,都市：住,,,,03670017
RPPPMLNJLHMFFAB47CC,頂橋子頭段,.36,都市：住,,,,03940023
RPQPMLNJLHMFFAB57CC,麻園頭段,9.48,都市：住,,,,01320000
RPOPMLNJLHMFFAB37CC,信義段九小段,.33,都市：住,,,,00090002
RPOPMLNJLHMFFAB37CC,頂橋子頭段,5.53,都市：住,,,,03680008
RPPPMLNJLHMFFBB57CC,乾溝子段,4.54,都市：住,,,,00920083
RPWPMLNJLHMFFAB18CC,後?子段,41.00,都市：住,,,,01700037
RPSNMLNJLHMFFBB67CC,軍福段,15.20,都市：商,,,,00040000
RPPRMLNJLHMFFBB77CC,賴厝?段,2.97,都市：商,,,,00310003
RPPRMLNJLHMFFBB77CC,邱厝子段,2.39,都市：商,,,,00310062
RPQPMLNJLHMFFBB67CC,北屯段,82.00,都市：住,,,,05250034
RPTNMLNJLHMFFFL56CC,三和段,43.00,都市：住,,,,11730004
RPQNMLPJLHMFFCB77CC,保安段,21.02,都市：住,,,,10670000
RPSNMLPJLHMFFAB77CC,信義段七小段,30.80,都市：其他:空白,,,,00050003
RPRNMLPJLHMFFCB87CC,國安段,16.44,都市：住,,,,00120014
RPTNMLPJLHMFFCB08CC,鑫港尾段,.00,都市：住,,,,00730000
RPUNMLPJLHMFFCB18CC,鑫港尾段,.00,都市：住,,,,00730000
RPWPMLQJLHMFFBB58CC,賴厝?段,3.16,都市：商,,,,00310003
RPWPMLQJLHMFFBB58CC,邱厝子段,2.53,都市：商,,,,00310062
RPOQMLQJLHMFFBB87CC,賴厝?段,3.26,都市：商,,,,00310003
RPOQMLQJLHMFFBB87CC,邱厝子段,2.61,都市：商,,,,00310062
RPPQMLQJLHMFFBB97CC,賴厝?段,.28,都市：商,,,,00310003
RPPQMLQJLHMFFBB97CC,邱厝子段,.22,都市：商,,,,00310062
RPSQMLQJLHMFFBB28CC,賴厝?段,.21,都市：商,,,,00310003
RPSQMLQJLHMFFBB28CC,邱厝子段,.17,都市：商,,,,00310062
RPWQMLQJLHMFFHL67CC,愛平段,31.00,都市：住,,,,05620000
RPXQMLQJLHMFFHL77CC,宜欣段,5.87,都市：住,,,,21440000
RPQOMLQJLHMFFGL76CC,東榮段,.00,都市：住,,,,01940000
RPQOMLQJLHMFFGL76CC,東榮段,.00,都市：住,,,,01950000
RPWRMLMJLHMFFCB48CC,上石碑段,19.18,都市：商,,,,09630000
RPPSMLMJLHMFFCB87CC,保安段,14.56,都市：商,,,,11420000
RPVRMLMJLHMFFCB38CC,田心段,.00,都市：商,,,,10320000
RPPPMLNJLHMFFCB67CC,豐功段,126.42,都市：住,,,,01260000
RPXRMLMJLHMFFCB58CC,惠安段,18.67,都市：商,,,,01630000
RPWPMLRJLHMFFCB88DC,惠信段,5.17,都市：住,,,,00780000
RPTOMLRJLHMFFAL66DC,南陽段,22.19,都市：住,,,,07000002
RPTOMLRJLHMFFAB18CC,樹子腳段,268.80,都市：住,,,,12830000
RPQOMLQJLHMFFBB97DC,東新段,8.72,都市：住,,,,01270000
RPWNMLPJLHMFFCB38CC,鑫港尾段,.00,都市：住,,,,00730000
RPVNMLPJLHMFFCB28CC,鑫港尾段,.00,都市：住,,,,00730000
RPXNMLRJLHMFFCB68CC,龍富段,396.36,都市：住,,,,01980000
RPXNMLRJLHMFFCB68CC,龍富段,122.08,都市：住,,,,01990000
RPPOMLRJLHMFFCB97CC,大新段,132.12,都市：住,,,,08240003
RPROMLRJLHMFFCB18CC,惠民段,21.82,都市：其他:新市政中心專用區,,,,01430001
RPQOMLRJLHMFFCB08CC,惠民段,.00,都市：其他:第六種新市政專用區,,,,00730000
RPRPMLRJLHMFFCB28CC,惠民段,14.77,都市：其他:新市政中心專用區,,,,01430001
RPSOMLRJLHMFFCB28CC,中正段,9.74,都市：住,,,,01550000
RPUPMLRJLHMFFCB58CC,惠民段,16.87,都市：其他:新市政中心專用區,,,,01430001
RPWOMLRJLHMFFBB58CC,文正段,17.82,都市：住,,,,00870000
RPPRMLRJLHMFFCB28CC,惠民段,10.21,都市：其他:第六種新市政中心專用區,,,,01090000
RPWQMLQJLHMFFBB68CC,東峰段,11.79,都市：商,,,,01580000
RPQRMLRJLHMFFCB38CC,西屯段,19.81,都市：住,,,,23130002
RPVQMLQJLHMFFBB58CC,東峰段,11.12,都市：商,,,,01580000
RPUOMLRJLHMFFBB38CC,松觀段,28.56,都市：住,,,,01020000
RPVPMLRJLHMFFCB68CC,中和段,12.12,都市：住,,,,01560000
RPSOMLRJLHMFFBB18CC,松茂段,22.93,都市：住,,,,09260000
RPTRMLRJLHMFFCB68CC,上石碑段,13.36,都市：商,,,,26800000
RPXSMLRJLHMFFCB56CC,鑫港尾段,.00,都市：住,,,,00730000
RPOSMLRJLHMFFCB28CC,上石碑段,3.41,都市：商,,,,17900000
RPXRMLRJLHMFFCB09CC,惠民段,8.50,都市：其他:第一種新市政中心專用區,,,,00840000
RPSRMLRJLHMFFCB58CC,上石碑段,.00,都市：商,,,,09640003
RPRNMLSJLHMFFCB18CC,何厝段,10.66,都市：住,,,,00840000
RPSSMLRJLHMFFCB68CC,永富段,750.35,都市：住,,,,05450000
RPSSMLRJLHMFFCB68CC,永富段,500.65,都市：住,,,,05460000
RPSNMLSJLHMFFCB28CC,大新段,16.07,都市：其他:住變商,,,,03670000
RPTSMLRJLHMFFCB78CC,大新段,15.76,都市：住,,,,08650000
RPTNMLSJLHMFFAB18CC,麻園頭段,143.00,都市：住,,,,00830099
RPOQMLRJLHMFFAB87CC,麻園頭段,21.78,都市：住,,,,01810000
RPTPMLRJLHMFFAB28CC,公館段,7.02,都市：商,,,,01580119
RPSNMLSJLHMFFAB08CC,麻園頭段,10.97,都市：住,,,,01320000
RPOPMLRJLHMFFAB77CC,麻園頭段,29.59,都市：住,,,,01730023
RPPNMLSJLHMFFBB87CC,大滿段,75.96,都市：住,,,,08760000
RPTNMLSJLHMFFBB28CC,北屯段,8.00,都市：住,,,,02380000
RPVNMLSJLHMFFBB48CC,水源段,302.00,都市：住,,,,02450199
RPVNMLSJLHMFFBB48CC,水源段,15.00,都市：住,,,,02450133
RPSNMLSJLHMFFBB18CC,東信段,13.85,都市：商,,,,02680000
RPUOMLSJLHMFFBB48CC,中德段,9.45,都市：住,,,,00620000
RPOPMLSJLHMFFBB97CC,賴厝?段,3.37,都市：商,,,,00310003
RPOPMLSJLHMFFBB97CC,邱厝子段,2.71,都市：商,,,,00310062
RPPPMLSJLHMFFBB08CC,賴厝?段,.21,都市：商,,,,00310003
RPPPMLSJLHMFFBB08CC,邱厝子段,.17,都市：商,,,,00310062
RPPNMLSJLHMFFFL66CC,潭興段,4.01,非都市：特定農業區 ; 非都市編定：甲種建築用地,,,,09500001
RPPNMLSJLHMFFFL66CC,潭興段,76.22,非都市：特定農業區 ; 非都市編定：甲種建築用地,,,,09500000
RPTPMLSJLHMFFBB48CC,陳平段,24.22,都市：住,,,,32070000
RPSPMLSJLHMFFBB38CC,賴厝?段,.21,都市：商,,,,00310003
RPSPMLSJLHMFFBB38CC,邱厝子段,.17,都市：商,,,,00310062
RPQPMLSJLHMFFBB18CC,賴厝?段,2.94,都市：商,,,,00310003
RPQPMLSJLHMFFBB18CC,邱厝子段,2.36,都市：商,,,,00310062
RPROMLSJLHMFFAL09CC,,255.00,都市：工,,,,13020000
RPTOMLSJLHMFFAL66CC,三陽段,76.68,都市：住,,,,01840017
RPTOMLSJLHMFFAL66CC,三陽段,16.75,都市：住,,,,01840018
RPXPMLTJLHMFFBB98CC,東峰段,9.23,都市：商,,,,01580000
RPROMLTJLHMFFBB28CC,平田段,6.61,都市：住,,,,01100001
RPROMLTJLHMFFBB28CC,平田段,15.45,都市：住,,,,01100000
RPQNMLTJLHMFFAB97CC,公館段,1.22,都市：住,,,,00620001
RPQNMLTJLHMFFAB97CC,公館段,1.06,都市：住,,,,00630001
RPRNMLTJLHMFFAB08CC,公館段,1.47,都市：住,,,,00620001
RPRNMLTJLHMFFAB08CC,公館段,1.27,都市：住,,,,00630001
RPPQMLTJLHMFFBB28CC,乾溝子段,14.42,都市：住,,,,01700049
RPPQMLTJLHMFFBB28CC,乾溝子段,14.42,都市：住,,,,01730011
RPVNMLTJLHMFFAB48CC,土庫段,1.07,都市：住,,,,00280002
RPRPMLTJLHMFFCB48CC,惠民段,11.62,都市：其他:第六種新市政中心專用區,,,,01110000
RPOPMLTJLHMFFCB18CC,中正段,10.54,都市：商,,,,01550000
RPPOMLSJLHMFFCB08CC,何安段,12.83,都市：住,,,,08940000
RPPOMLSJLHMFFCB08CC,何安段,15.73,都市：住,,,,08920000
RPQPMLTJLHMFFCB38CC,惠民段,12.45,都市：其他:第六種新市政中心專用區,,,,01110000
RPTNMLSJLHMFFCB38CC,大進段,15.42,都市：住,,,,06170000
RPWOMLTJLHMFFCB88CC,中正段,5.55,都市：商,,,,01550000
RPXOMLTJLHMFFCB98CC,中正段,6.72,都市：商,,,,01550000
RPXNMLSJLHMFFCB78CC,惠民段,17.78,都市：其他:新市政中心專用區,,,,01430001
RPROMLSJLHMFFCB28CC,中正段,89.00,都市：住,,,,02420005
RPWNMLSJLHMFFCB68CC,大新段,.00,都市：住,,,,00090000
RPVNMLKKLHMFFAB67CC,大益段,84.00,都市：住,,,,00800005
RPTOMLKKLHMFFAB57CC,樹子腳段,.00,都市：住,,,,12830000
RPTOMLKKLHMFFAB57CC,樹子腳段,.00,都市：住,,,,13040009
RPOOMLKKLHMFFAB07CC,下橋子頭段,15.26,都市：住,,,,03210000
RPXOMLKKLHMFFCB18CC,西屯段,32.29,都市：住,,,,22710012
RPOOMLKKLHMFFCB27CC,何安段,.00,都市：住,,,,03710000
RPXNMLKKLHMFFCB08CC,大墩段,4.44,都市：住,,,,04640000
RPTOMLKKLHMFFCB77CC,中正段,2540.00,都市：住,,,,01550001
RPSPMLTJLHMFFCB58CC,大新段,38.45,都市：住,,,,03670000
RPSOMLKKLHMFFCB67CC,三富段,130.70,都市：住,,,,01490000
RPSNMLKKLHMFFFL88CC,家興段,334.00,都市：住,,,,01410000
RPPNMLMKLHMFFCB47CC,上石碑段,67.00,都市：住,,,,26990002
RPPNMLMKLHMFFCB47CC,上石碑段,94.00,都市：住,,,,27060002
RPQNMLMKLHMFFCB57CC,上石碑段,67.00,都市：住,,,,26990002
RPQNMLMKLHMFFCB57CC,上石碑段,94.00,都市：住,,,,27060002
RPPNMLLKLHMFFAB17CC,後?子段,316.39,都市：其他:,,,,01020027
RPSNMLNKLHMFFFL56CC,僑忠段,93.88,都市：農,,,,04570013
RPTNMLNKLHMFFFL66CC,大明段,83.56,都市：住,,,,05740000
RPUNMLNKLHMFFFL76CC,大明段,83.56,都市：住,,,,05740000
RPUNMLNKLHMFFAL88CC,安康段,67.81,都市：住,,,,05180007
RPVNMLNKLHMFFAL98CC,下街段,44.26,都市：住,,,,05840000
RPTOMLNKLHMFFCL09CC,梧棲段,26.84,都市：住,,,,13500000
RPTNMLNKLHMFFIL96CC,瑞井段,63.18,非都市：一般農業區 ; 非都市編定：丙種建築用地,,,,13740000
RPWPMLKKLHMFFBB08CC,水源段,57.00,都市：住,,,,02300475
RPWPMLKKLHMFFBB08CC,水源段,44.00,都市：住,,,,02300499
RPQPMLKKLHMFFBB47CC,水源段,.33,都市：住,,,,02300550
RPQPMLKKLHMFFBB47CC,水源段,13.44,都市：住,,,,02300634
RPSNMLOKLHMFFBB87CC,中興段,13.41,都市：住,,,,03820000
RPSPMLKKLHMFFBB67CC,東峰段,5.92,都市：商,,,,01580000
RPUPMLNKLHMFFBB18CC,水湳段,50.00,都市：住,,,,02510000
RPUPMLNKLHMFFBB18CC,水湳段,8.00,都市：住,,,,02960033
RPWNMLKKLHMFFBB87CC,邱厝子段,97.00,都市：住,,,,01480559
RPWNMLKKLHMFFBB87CC,邱厝子段,260.00,都市：住,,,,01470073
RPRPMLKKLHMFFBB57CC,東峰段,10.58,都市：商,,,,01580000
RPWOMLKKLHMFFBB97CC,仁美段,21.51,都市：商,,,,17360000
RPVNMLOKLHMFFAB08CC,麻園頭段,13.09,都市：住,,,,01320000
RPTOMLOKLHMFFAB97CC,土庫段,.00,都市：住,,,,00240073
RPROMLPKLHMFFAB87CC,下橋子頭段,1.83,都市：商,,,,02170014
RPPOMLPKLHMFFAB67CC,中華段二小段,4.94,都市：商,,,,00090000
RPQOMLPKLHMFFAB77CC,下橋子頭段,1.79,都市：商,,,,02170014
RPQOMLNKLHMFFCB77CC,下石碑段,.00,都市：住,,,,16920000
RPUNMLPKLHMFFCB28CC,上石碑段,271.00,都市：住,,,,08710000
RPUNMLPKLHMFFGL07CC,新仁段,122.00,都市：住,,,,08950002
RPSOMLPKLHMFFGL96CC,新仁段,85.00,都市：其他:,,,,08730002
RPQPMLOKLHMFFCB97CC,南屯段,165.29,都市：住,,,,16070000
RPQOMLPKLHMFFAL78CC,向陽段,159.00,都市：商,,,,06410000
RPQOMLPKLHMFFAL78CC,向陽段,7.00,都市：商,,,,06180000
RPQOMLPKLHMFFAL78CC,向陽段,13.00,都市：商,,,,06170003
RPROMLPKLHMFFAL88CC,豐原段,232.00,都市：商,,,,05260000
RPXOMLPKLHMFFBB68DC,賴厝?段,2.53,都市：住,,,,02010125
RPUOMLPKLHMFFBB38DC,陳平段,11.98,都市：住,,,,18260004
RPTPMLQKLHMFFCB58DC,田心段,11.98,都市：住,,,,09100000
RPPQMLQKLHMFFCB18CC,福德段,46.16,都市：住,,,,01340000
RPRQMLQKLHMFFCB38CC,三塊厝段,35.91,都市：住,,,,04330000
RPSOMLQKLHMFFAB18DC,公館段,2.17,都市：住,,,,00630001
RPSOMLQKLHMFFAB18DC,公館段,2.51,都市：住,,,,00620001
RPWOMLQKLHMFFAB48CC,頂橋子頭段,232.00,都市：商,,,,01030066
RPTNMLRKLHMFFCB38CC,福安段,30.22,都市：住,,,,00080001
RPPPMLRKLHMFFCB18CC,大新段,66.03,都市：住,,,,00710000
RPPPMLRKLHMFFCB18CC,大新段,.05,都市：住,,,,00700000
RPSPMLRKLHMFFCB48CC,上石碑段,194.00,都市：住,,,,21440002
RPRQMLOKLHMFFBB08CC,陳平段,10.62,都市：住,,,,31600016
RPWNMLQKLHMFFBB48CC,東峰段,9.15,都市：住,,,,01580000
RPWNMLPKLHMFFCL86CC,南勢坑段埔子小段,66.00,都市：住,,,,03990027
RPOOMLPKLHMFFBB67CC,景美段,30.22,都市：住,,,,03430000
RPVRMLRKLHMFFCB98CC,中正段,9.49,都市：商,,,,01550000
RPURMLRKLHMFFCB88CC,中正段,5.99,都市：商,,,,01550000
RPVNMLRKLHMFFAB38CC,麻園頭段,14.41,都市：住,,,,02910000
RPUPMLRKLHMFFBB58CC,東新段,32.12,都市：住,,,,00610000
RPWPMLRKLHMFFBB78CC,邱厝子段,8.27,都市：商,,,,00310062
RPWPMLRKLHMFFBB78CC,賴厝?段,10.30,都市：商,,,,00310003
RPUQMLRKLHMFFBB68CC,邱厝子段,.17,都市：商,,,,00310062
RPUQMLRKLHMFFBB68CC,賴厝?段,.21,都市：商,,,,00310003
RPXPMLRKLHMFFBB88CC,東新段,96.37,都市：住,,,,00610000
RPPQMLRKLHMFFBB18CC,賴厝?段,4.06,都市：商,,,,00310003
RPPQMLRKLHMFFBB18CC,邱厝子段,3.26,都市：商,,,,00310062
RPVQMLRKLHMFFBB78CC,邱厝子段,2.49,都市：商,,,,00310062
RPVQMLRKLHMFFBB78CC,賴厝?段,3.10,都市：商,,,,00310003
RPSQMLRKLHMFFBB48CC,賴厝?段,2.94,都市：商,,,,00310003
RPSQMLRKLHMFFBB48CC,邱厝子段,2.36,都市：商,,,,00310062
RPTNMLRKLHMFFAL56CC,車路墘段車路墘小段,61.00,都市：住,,,,00070071
RPXQMLRKLHMFFBB98CC,東峰段,9.48,都市：商,,,,01580000
RPRPMLRKLHMFFBB38DC,東義段,6.72,都市：住,,,,02140000
RPWQMLQKLHMFFCB88CC,國安段,7.47,都市：住,,,,05900000
RPSRMLQKLHMFFCB58CC,福德段,27.23,都市：住,,,,01060000
RPQNMLSKLHMFFAB97CC,下橋子頭段,1.96,都市：商,,,,02170014
RPURMLQKLHMFFCB78CC,豐富段,26.70,都市：商,,,,04650000
RPRRMLQKLHMFFCB48CC,惠安段,17.09,都市：商,,,,01630000
RPORMLQKLHMFFCB18CC,保安段,14.56,都市：商,,,,11420000
RPRNMLSKLHMFFAB08CC,下橋子頭段,1.65,都市：商,,,,02170014
RPSNMLSKLHMFFAB18CC,下橋子頭段,1.94,都市：商,,,,02170014
RPTNMLSKLHMFFAB28CC,下橋子頭段,5.75,都市：住,,,,02180117
RPVRMLKLLHMFFAB18CC,樹子腳段,1.94,都市：住,,,,00390000
RPUNMLKLLHMFFAB67CC,麻園頭段,96.00,都市：商,,,,00730153
RPUNMLKLLHMFFAB67CC,麻園頭段,89.00,都市：商,,,,00730154
RPQPMLKLLHMFFCB67CC,上石碑段,19.18,都市：商,,,,09630000
RPSPMLKLLHMFFCB87CC,上石碑段,16.52,都市：住,,,,07810005
RPVPMLKLLHMFFCB18CC,何安段,6.49,都市：住,,,,09730000
RPOSMLKLLHMFFAB57CC,麻園頭段,.00,都市：住,,,,01300002
RPRSMLKLLHMFFAB87CC,下橋子頭段,4.55,都市：住,,,,01360013
RPVNMLKLLHMFFBB97DC,松觀段,97.00,都市：住,,,,06750000
RPXNMLKLLHMFFBB08CC,東正段,21.08,都市：住,,,,00080000
RPXNMLKLLHMFFBB08CC,東正段,5.95,都市：住,,,,00080001
RPVNMLKLLHMFFAL78CC,翁明段,8.75,都市：住,,,,04220000
RPWNMLKLLHMFFAL88CC,安康段,8.17,都市：住,,,,00600000
RPWNMLKLLHMFFAL88CC,安康段,116.81,都市：住,,,,00590000
RPWNMLKLLHMFFGL86CC,光日段,18.87,都市：住,,,,01190000
RPTNMLLLLHMFFHL76CC,忠平段,273.00,都市：其他:乙工,,,,05010000
RPQNMLLLLHMFFAL38CC,翁明段,97.58,都市：住,,,,04810003
RPQNMLLLLHMFFFL88CC,學雅段,27.00,都市：住,,,,07070000
RPQNMLLLLHMFFFL88CC,學雅段,14.80,都市：住,,,,07060000
RPSNMLLLLHMFFFL09CC,自強段,24.25,非都市：特定農業區 ; 非都市編定：甲種建築用地,,,,28330067
RPOQMLLLLHMFFCB67CC,下石碑段,66.00,都市：住,,,,23460026
RPQQMLLLLHMFFCB87CC,惠信段,14.04,都市：住,,,,01180000
RPQUMLLLLHMFFCB28CC,大墩段,.00,都市：住,,,,03320000
RPRQMLLLLHMFFCB97CC,惠禮段,38.19,都市：商,,,,00420000
RPVOMLMLLHMFFAB08CC,下橋子頭段,5.52,都市：商,,,,02170014
RPSQMLMLLHMFFBB08CC,東峰段,6.34,都市：商,,,,01580000
RPVNMLMLLHMFFBB08CC,賴厝?段,8.42,都市：住,,,,03340000
RPPNMLMLLHMFFBB47CC,太原段,17.65,都市：住,,,,01080001
RPPNMLMLLHMFFBB47CC,太原段,17.66,都市：住,,,,01080000
RPQPMLLLLHMFFBB67CC,北屯段,15.22,都市：住,,,,01420034
RPSPMLKLLHMFFBB77CC,平田段,15.48,都市：其他:住及乙種工業區。,,,,01100000
RPSPMLKLLHMFFBB77CC,平田段,6.62,都市：住,,,,01100001
RPOQMLLLLHMFFBB57CC,賴厝?段,.00,都市：住,,,,01460009
RPOPMLMLLHMFFCB67CC,中和段,6.26,都市：住,,,,01560000
RPTNMLMLLHMFFCB97CC,田心段,33.79,都市：住,,,,05180000
RPWPMLMLLHMFFCB48CC,上石碑段,3.30,都市：商,,,,17900000
RPWPMLMLLHMFFCB48CC,上石碑段,2.95,都市：商,,,,18000007
RPPQMLMLLHMFFCB87CC,上石碑段,5.16,都市：商,,,,17900000
RPPQMLMLLHMFFCB87CC,上石碑段,4.61,都市：商,,,,18000007
RPQQMLMLLHMFFCB97CC,中正段,5.67,都市：商,,,,01550000
RPRQMLMLLHMFFCB08CC,中正段,8.57,都市：商,,,,01550000
RPOQMLMLLHMFFCB77CC,中正段,6.24,都市：商,,,,01550000
RPQNMLMLLHMFFAL48CC,豐洲段,75.26,都市：住,,,,00410000
RPPNMLMLLHMFFAL38CC,三陽段,205.26,都市：住,,,,05400000
RPSNMLNLLHMFFFL66CC,家福段,23.89,都市：住,,,,08920000
RPOOMLMLLHMFFAL38CC,三角子段,99.00,都市：農,,,,03220022
RPUNMLNLLHMFFHL07CC,長安段,18.86,非都市：鄉村區 ; 非都市編定：乙種建築用地,,,,01340000
RPPNMLNLLHMFFCB67CC,民安段,.00,都市：其他:市場用地,,,,10040025
RPPNMLNLLHMFFCB67CC,民安段,.00,都市：其他:市場用地,,,,10040000
RPWPMLKLLHMFFAB18DC,大益段,25.03,都市：住,,,,09600000
RPVPMLKLLHMFFAB08DC,大益段,17.86,都市：住,,,,09600000
RPUOMLNLLHMFFBB18CC,乾溝子段,.00,都市：其他:,,,,00930137
RPUOMLNLLHMFFBB18CC,乾溝子段,.00,都市：其他:,,,,00930185
RPOPMLNLLHMFFBB67CC,北屯段,72.00,都市：住,,,,02280046
RPOPMLNLLHMFFBB67CC,北屯段,11.00,都市：住,,,,02280057
RPVPMLNLLHMFFBB38CC,東峰段,6.34,都市：商,,,,01580000
RPXPMLNLLHMFFBB58CC,邱厝子段,3.86,都市：商,,,,00310062
RPXPMLNLLHMFFBB58CC,賴厝?段,4.81,都市：商,,,,00310003
RPWPMLNLLHMFFBB48CC,賴厝?段,.21,都市：商,,,,00310003
RPWPMLNLLHMFFBB48CC,邱厝子段,.17,都市：商,,,,00310062
RPSNMLNLLHMFFAB77CC,後?子段,17.01,都市：住,,,,01730044
RPOQMLNLLHMFFBB77CC,邱厝子段,2.36,都市：商,,,,00310062
RPOQMLNLLHMFFBB77CC,賴厝?段,2.94,都市：商,,,,00310003
RPOPMLNLLHMFFAB57CC,公館段,10.19,都市：其他:,,,,00610050
RPXOMLMLLHMFFAB28CC,下橋子頭段,1.65,都市：商,,,,02170014
RPTOMLNLLHMFFAB97CC,麻園頭段,164.00,都市：住,,,,01390018
RPTOMLNLLHMFFAB97CC,麻園頭段,85.00,都市：住,,,,01780022
RPQPMLNLLHMFFAB77CC,公館段,10.19,都市：商,,,,00610050
RPWPMLNLLHMFFAB38CC,麻園頭段,212.41,都市：住,,,,02910000
RPWOMLMLLHMFFAB18CC,下橋子頭段,2.39,都市：商,,,,02170014
RPROMLNLLHMFFAB77CC,麻園頭段,130.00,都市：住,,,,01740056
RPPQMLNLLHMFFBB87CC,邱厝子段,3.86,都市：商,,,,00310062
RPPQMLNLLHMFFBB87CC,賴厝?段,4.81,都市：商,,,,00310003
RPUQMLOLLHMFFBB48CC,昌平段,.00,都市：住,,,,03010000
RPRNMLOLLHMFFBB97DC,東正段,13.70,都市：住,,,,01180000
RPUPMLOLLHMFFBB38CC,東新段,12.83,都市：住,,,,01270000
RPRNMLOLLHMFFHL86CC,宜欣段,105.00,都市：住,,,,19030024
RPRNMLOLLHMFFHL86CC,宜欣段,12.00,都市：住,,,,19030018
RPPSMLOLLHMFFCB28CC,保安段,10.50,都市：住,,,,06360000
RPQPMLOLLHMFFAB87CC,後?子段,18.78,都市：住,,,,02760167
RPOWMLOLLHMFFCB58CC,大進段,.00,都市：商,,,,08580000
RPPPMLOLLHMFFAB77CC,樹子腳段,1.94,都市：住,,,,00390000
RPRNMLRLLHMFFCB28CC,西屯段,6.68,都市：商,,,,09320000
RPSOMLRLLHMFFGL37DC,內新段,21.77,都市：住,,,,07370000
RPSOMLRLLHMFFGL37DC,內新段,6.12,都市：住,,,,07370002
RPSOMLRLLHMFFGL37DC,內新段,6.16,都市：住,,,,07370003
RPOQMLOLLHMFFCB97CC,中仁段,510.00,都市：工,,,,00890000
RPOPMLOLLHMFFAB67CC,頂橋子頭段,9.34,都市：商,,,,01030003
RPSNMLRLLHMFFFL07CC,家興段,95.91,都市：住,,,,00280000
RPPPMLRLLHMFFCB28CC,惠國段,33.55,都市：其他:,,,,00710000
RPVOMLRLLHMFFCB78CC,惠民段,38.07,都市：其他:新市政中心專用區,,,,01430001
RPVPMLRLLHMFFCB88CC,中正段,8.57,都市：住,,,,01550000
RPVNMLRLLHMFFAB48CC,後?子段,7.96,都市：住,,,,02250011
RPWPMLRLLHMFFCB98CC,惠國段,24.99,都市：其他:新市政中心專用區,,,,00770000
RPPOMLRLLHMFFAB97CC,下橋子頭段,73.28,都市：商,,,,03790000
RPXNMLRLLHMFFBB78CC,錦村段,24.55,都市：住,,,,02130007
RPTNMLRLLHMFFBB38CC,景美段,11.58,都市：商,,,,00400009
RPTNMLRLLHMFFBB38CC,景美段,57.63,都市：商,,,,00400013
RPPQMLRLLHMFFCB38CC,福順段,6.28,都市：住,,,,01660000
RPPQMLRLLHMFFCB38CC,福順段,24.43,都市：住,,,,01670000
RPOQMLRLLHMFFCB28CC,大墩段,52.24,都市：住,,,,00060000
RPQNMLSLLHMFFCB28CC,文山段,.00,都市：工,,,,03210000
RPVOMLSLLHMFFCB88CC,福安段,18.25,都市：住,,,,02250000
RPOPMLSLLHMFFCB28CC,西屯段,3.32,都市：住,,,,09320000
RPWOMLSLLHMFFCB98CC,惠民段,17.10,都市：其他:新市政中心專用區,,,,01430001
RPPPMLSLLHMFFCB38CC,惠民段,21.81,都市：其他:新市政中心專用區,,,,01430001
RPTNMLSLLHMFFAL76CC,博愛段,32.00,都市：商,,,,07630000
RPVNMLSLLHMFFAL96CC,市政段,66.75,都市：住,,,,05100005
RPXNMLSLLHMFFHL87CC,新興段,.00,都市：住,,,,00230000
RPPNMLSLLHMFFCL56CC,居仁段,20.79,都市：住,,,,02170000
RPPNMLSLLHMFFCL56CC,居仁段,19.09,都市：住,,,,02990000
RPPNMLSLLHMFFCL56CC,居仁段,7.57,都市：住,,,,03020000
RPPNMLSLLHMFFCL56CC,居仁段,5.05,都市：住,,,,03000000
RPPNMLSLLHMFFCL56CC,居仁段,25.34,都市：住,,,,02190000
RPPNMLSLLHMFFCL56CC,居仁段,1.93,都市：住,,,,02160000
RPROMLSLLHMFFGL27CC,烏日段,68.00,都市：住,,,,07100024
RPROMLSLLHMFFGL27CC,烏日段,2.05,都市：住,,,,07100006
RPQNMLTLLHMFFCB48DC,中義段,107.00,都市：其他:,,,,08770000
RPXNMLSLLHMFFBB98DC,東新段,15.69,都市：住,,,,01620000
RPTPMLTLLHMFFCB88CC,下石碑段,22.33,都市：住,,,,09530000
RPSQMLTLLHMFFCB88CC,保安段,21.76,都市：商,,,,11420000
RPUQMLTLLHMFFCB09CC,中正段,5.55,都市：商,,,,01550000
RPWPMLSLLHMFFBB98CC,平田段,.00,都市：住,,,,04710000
RPVQMLSLLHMFFBB98CC,乾溝子段,24.08,都市：住,,,,01700049
RPVQMLSLLHMFFBB98CC,乾溝子段,.69,都市：住,,,,01730011
RPUPMLRLLHMFFBB68CC,東義段,11.94,都市：住,,,,01110000
RPOPMLRLLHMFFBB08CC,太祥段,47.25,都市：住,,,,00930032
RPOPMLRLLHMFFBB08CC,太祥段,.46,都市：住,,,,00930037
RPOPMLRLLHMFFBB08CC,太祥段,23.72,都市：住,,,,00930095
RPSOMLRLLHMFFBB38CC,東義段,104.00,都市：住,,,,00070004
RPTPMLSLLHMFFBB68CC,東山段,.00,都市：住,,,,04350000
RPOOMLSLLHMFFBB08CC,邱厝子段,74.00,都市：住,,,,00380037
RPSPMLSLLHMFFBB58CC,文正段,3.18,都市：商,,,,01010001
RPTNMLTLLHMFFAB48CC,麻園頭段,27.54,都市：商,,,,00730249
RPOOMLTLLHMFFAB08CC,麻園頭段,.00,都市：住,,,,01870032
RPOOMLTLLHMFFAB08CC,麻園頭段,.00,都市：住,,,,01870041
RPPPMLTLLHMFFAB28CC,下橋子頭段,3.42,都市：商,,,,02170014
RPOPMLTLLHMFFAB18CC,下橋子頭段,1.72,都市：商,,,,02170014
RPTNMLKMLHMFFAB67CC,東勢子段,26.27,都市：住,,,,01020000
RPRQMLKMLHMFFAB77CC,後?子段,.00,都市：住,,,,01310040
RPQOMLKMLHMFFBB57CC,水源段,48.00,都市：住,,,,02300527
RPQQMLKMLHMFFBB77CC,賴厝?段,2.96,都市：商,,,,00310003
RPQQMLKMLHMFFBB77CC,邱厝子段,2.37,都市：商,,,,00310062
RPRQMLKMLHMFFBB87CC,賴厝?段,.14,都市：商,,,,00310003
RPRQMLKMLHMFFBB87CC,邱厝子段,.11,都市：商,,,,00310062
RPSPMLKMLHMFFBB87CC,賴厝?段,.14,都市：商,,,,00310003
RPSPMLKMLHMFFBB87CC,邱厝子段,.11,都市：商,,,,00310062
RPUPMLKMLHMFFBB08CC,賴厝?段,.28,都市：商,,,,00310003
RPUPMLKMLHMFFBB08CC,邱厝子段,.22,都市：商,,,,00310062
RPOPMLTLLHMFFBB28CC,東正段,5.72,都市：住,,,,01430000
RPTPMLTLLHMFFBB78CC,北屯段,25.45,都市：住,,,,01480000
RPWPMLKMLHMFFBB28CC,賴厝?段,.28,都市：商,,,,00310003
RPWPMLKMLHMFFBB28CC,邱厝子段,.22,都市：商,,,,00310062
RPPOMLKMLHMFFBB47CC,水源段,44.00,都市：住,,,,02300499
RPTQMLKMLHMFFBB08CC,賴厝?段,3.12,都市：商,,,,00310003
RPTQMLKMLHMFFBB08CC,邱厝子段,2.50,都市：商,,,,00310062
RPOSMLKMLHMFFBB77CC,和平段,856.02,都市：住,,,,03730000
RPVQMLKMLHMFFBB28CC,東峰段,10.24,都市：商,,,,01580000
RPOOMLKMLHMFFCB47CC,豐富段,23.94,都市：商,,,,01790000
RPVOMLKMLHMFFCB18CC,黎明段,.00,非都市： ; 非都市編定：,,,,03490000
RPSPMLKMLHMFFCB08DC,惠民段,.00,都市：其他:,,,,01430001
RPVNMLKMLHMFFGL86CC,新三和段,81.60,都市：住,,,,00740057
RPVNMLKMLHMFFGL86CC,新三和段,4.97,都市：住,,,,00740050
RPXOMLLMLHMFFGL27CC,新榮泉段,20.04,都市：住,,,,01420000
RPQOMLKMLHMFFGL09CC,崇光段,71.96,非都市： ; 非都市編定：,,,,10480000
RPWOMLLMLHMFFBB28CC,東光段,2.73,都市：住,,,,01950001
RPOPMLLMLHMFFBB57CC,東正段,5.47,都市：住,,,,01040000
RPWRMLLMLHMFFBB58CC,東正段,17.59,都市：住,,,,00250000
RPRSMLLMLHMFFBB18CC,水源段,.00,都市：住,,,,00260002
RPRSMLLMLHMFFBB18CC,水源段,.00,都市：住,,,,00260056
RPRSMLLMLHMFFBB18CC,水源段,.00,都市：商,,,,00260076
RPRSMLLMLHMFFBB18CC,水源段,.00,都市：商,,,,00260077
RPRSMLLMLHMFFBB18CC,水源段,.00,都市：住,,,,00280000
RPRSMLLMLHMFFBB18CC,水源段,.00,都市：商,,,,00280018
RPRSMLLMLHMFFBB18CC,水源段,.00,都市：商,,,,00280165
RPRSMLLMLHMFFBB18CC,水源段,.00,都市：住,,,,00280166
RPPSMLLMLHMFFBB97CC,東正段,8.71,都市：住,,,,00250000
RPQOMLLMLHMFFCB77CC,大新段,14.39,都市：住,,,,08650000
RPVOMLLMLHMFFCB28CC,西屯段,18.53,都市：住,,,,23130002
RPSPMLLMLHMFFCB08CC,民安段,7.84,都市：住,,,,16750022
RPOQMLKMLHMFFCB67CC,中正段,7.04,都市：商,,,,01550000
RPOPMLLMLHMFFCB67CC,中正段,9.49,都市：商,,,,01550000
RPWNMLLMLHMFFCB28CC,保安段,14.29,都市：住,,,,10500000
RPROMLPJMHMFFCB08CC,中正段,29.61,都市：住,,,,00010000
RPTOMLPJMHMFFCB28CC,惠安段,18.72,都市：商,,,,02450000
RPQPMLLMLHMFFAB67CC,樹子腳段,18.99,都市：住,,,,05590000
RPXNMLQJMHMFFAB48CC,麻園頭段,9.55,都市：住,,,,01320000
RPXOMLLMLHMFFAB28CC,頂橋子頭段,23.36,都市：住,,,,00960051
RPVNMLQJMHMFFAB28CC,後?子段,8.60,都市：住,,,,02480015
RPWQMLKMLHMFFAB28CC,下橋子頭段,1.83,都市：商,,,,02170014
RPSNMLQJMHMFFBB08CC,景美段,7.20,都市：住,,,,02650002
RPSNMLQJMHMFFBB08CC,景美段,113.33,都市：住,,,,02650003
RPSNMLQJMHMFFBB08CC,景美段,231.84,都市：住,,,,02650001
RPSNMLQJMHMFFBB08CC,景美段,15.30,都市：住,,,,02650000
RPTPMLLMLHMFFAB97CC,土庫段,18.64,都市：住,,,,00120000
RPRPMLLMLHMFFAB77CC,下橋子頭段,1828.00,都市：其他:,,,,02220017
RPTOMLLMLHMFFAB87CC,麻園頭段,16.46,都市：住,,,,01320000
RPVNMLQJMHMFFAL66CC,豐中段,74.73,都市：住,,,,01580000
RPTNMLRJMHMFFGL17CC,大義段,92.45,都市：住,,,,00370041
RPTNMLRJMHMFFHL27CC,育賢段,131.32,都市：其他:,,,,00340001
RPQNMLRJMHMFFAL88CC,豐中段,76.00,都市：商,,,,04280000
RPQNMLRJMHMFFCB18DC,鑫港尾段,76.93,都市：住,,,,00450000
RPQNMLRJMHMFFCB18DC,鑫港尾段,75.69,都市：住,,,,00460000
RPXOMLRJMHMFFBB78CC,東峰段,10.58,都市：商,,,,01580000
RPOPMLRJMHMFFBB97CC,東峰段,6.42,都市：商,,,,01580000
RPSOMLRJMHMFFAB18CC,旱溪段,27.01,都市：住,,,,00330001
RPPOMLRJMHMFFAB87CC,樹子腳段,1.92,都市：住,,,,00390000
RPPPMLRJMHMFFAB97CC,半平厝段,.00,都市：住,,,,19800000
RPSPMLRJMHMFFAB28CC,麻園頭段,14.02,都市：住,,,,01650158
RPPPMLRJMHMFFCB18CC,上石碑段,4.05,都市：商,,,,17900000
RPSPMLRJMHMFFCB48CC,大進段,.00,都市：住,,,,00640000
RPQQMLRJMHMFFCB38CC,中正段,8.21,都市：商,,,,01550000
RPXNMLKKMHMFFAB97CC,麻園頭段,19.77,都市：商,,,,08250000
RPPOMLKKMHMFFAB27CC,後?子段,7.16,都市：住,,,,02250011
RPOPMLKKMHMFFAB27CC,麻園頭段,14.15,都市：住,,,,01320000
RPPPMLKKMHMFFAB37CC,麻園頭段,14.55,都市：住,,,,01320000
RPXNMLKKMHMFFCB18CC,何厝段,462.81,都市：商,,,,03140098
RPROMLKKMHMFFCB67CC,福順段,7.25,都市：住,,,,01660000
RPROMLKKMHMFFCB67CC,福順段,28.22,都市：住,,,,01670000
RPTOMLKKMHMFFCB87CC,大新段,33.54,都市：住,,,,08630000
RPSOMLKKMHMFFCB77CC,惠民段,14.43,都市：其他:第五種新市政中心,,,,01380000
RPUOMLKKMHMFFCB97CC,大新段,29.70,都市：住,,,,08630000
RPVOMLKKMHMFFCB08CC,寶山段,88.00,都市：住,,,,04030007
RPVOMLKKMHMFFCB08CC,寶山段,5.00,都市：住,,,,04040001
RPUPMLKKMHMFFCB08CC,下石碑段,32.09,都市：住,,,,05750000
RPRPMLKKMHMFFCB77CC,何安段,12.55,都市：住,,,,08940000
RPTNMLKKMHMFFCB87DC,信安段,11.31,都市：住,,,,06430000
RPOOMLKKMHMFFAB27DC,麻園頭段,104.00,都市：住,,,,00800014
RPPNMLLKMHMFFGL88CC,成功段,454.84,都市：工,,,,17490000
RPXNMLLKMHMFFBB28DC,東峰段,8.24,都市：住,,,,00030000
RPRNMLLKMHMFFFL98CC,永興段,119.68,都市：商,,,,04250000
RPSNMLLKMHMFFCB77CC,上石碑段,11.61,都市：住,,,,27410000
RPPOMLLKMHMFFCB57CC,惠來厝段,7.02,都市：住,,,,03150000
RPQOMLLKMHMFFCB67CC,惠來厝段,10.40,都市：住,,,,03150000
RPVOMLLKMHMFFCB18CC,惠智段,18.45,都市：住,,,,01540000
RPPPMLLKMHMFFCB67CC,國安段,20.96,都市：住,,,,05990000
RPXPMLLKMHMFFCB48CC,中正段,9.49,都市：商,,,,01550000
RPOQMLLKMHMFFCB67CC,中正段,5.31,都市：商,,,,01550000
RPQPMLRJMHMFFBB18CC,東峰段,5.83,都市：商,,,,01580000
RPWPMLRJMHMFFBB78CC,賴厝?段,2.67,都市：商,,,,00310003
RPWPMLRJMHMFFBB78CC,邱厝子段,3.33,都市：商,,,,00310062
RPSPMLRJMHMFFBB38CC,東峰段,6.92,都市：商,,,,01580000
RPTPMLRJMHMFFBB48CC,東峰段,10.58,都市：商,,,,01580000
RPRNMLSJMHMFFBB18CC,東山段,9.89,都市：住,,,,03200000
RPXPMLRJMHMFFBB88CC,賴厝?段,.28,都市：商,,,,00310003
RPXPMLRJMHMFFBB88CC,邱厝子段,.22,都市：商,,,,00310062
RPRPMLRJMHMFFBB28CC,東峰段,10.07,都市：商,,,,01580000
RPVPMLRJMHMFFBB68CC,賴厝?段,2.91,都市：商,,,,00310003
RPVPMLRJMHMFFBB68CC,邱厝子段,2.33,都市：商,,,,00310062
RPSQMLLKMHMFFCB08CC,中正段,6.28,都市：商,,,,01550000
RPTQMLLKMHMFFCB18CC,惠來厝段,6.93,都市：住,,,,03150000
RPVQMLLKMHMFFCB38CC,中正段,5.27,都市：商,,,,01550000
RPSNMLLKMHMFFAB57CC,麻園頭段,12.54,都市：住,,,,01320000
RPTOMLLKMHMFFBB87CC,東山段,3.31,都市：住,,,,02210000
RPRNMLLKMHMFFBB57CC,邱厝子段,90.00,都市：住,,,,00070037
RPORMLLKMHMFFCB77CC,上石碑段,3.49,都市：商,,,,17900000
RPXQMLLKMHMFFCB58CC,中正段,9.49,都市：商,,,,01550000
RPSRMLLKMHMFFCB18CC,保安段,28.00,都市：住,,,,05870000
RPOPMLLKMHMFFBB47CC,賴厝?段,2.97,都市：商,,,,00310003
RPOPMLLKMHMFFBB47CC,邱厝子段,2.39,都市：商,,,,00310062
RPPPMLLKMHMFFBB57CC,東峰段,9.57,都市：商,,,,01580000
RPXOMLLKMHMFFBB28CC,賴厝?段,3.16,都市：商,,,,00310003
RPXOMLLKMHMFFBB28CC,邱厝子段,2.53,都市：商,,,,00310062
RPWOMLLKMHMFFBB18CC,賴厝?段,2.97,都市：商,,,,00310003
RPWOMLLKMHMFFBB18CC,邱厝子段,2.39,都市：商,,,,00310062
RPVOMLLKMHMFFBB08CC,乾溝子段,14.59,都市：住,,,,01700049
RPVOMLLKMHMFFBB08CC,乾溝子段,.42,都市：住,,,,01730011
RPRPMLLKMHMFFBB77CC,東峰段,11.12,都市：商,,,,01580000
RPQPMLLKMHMFFBB67CC,東峰段,10.79,都市：商,,,,01580000
RPUOMLMKMHMFFBB08CC,邱厝子段,61.31,都市：住,,,,00200000
RPOPMLMKMHMFFBB57CC,中清段,30.97,都市：住,,,,02860000
RPPNMLMKMHMFFCB57CC,國安段,17.63,都市：住,,,,05930005
RPSNMLMKMHMFFCB87CC,上石碑段,.19,都市：住,,,,26710016
RPSNMLMKMHMFFCB87CC,上石碑段,.00,都市：住,,,,26730001
RPSNMLMKMHMFFCB87CC,上石碑段,3.32,都市：住,,,,26780000
RPSNMLMKMHMFFCB87CC,上石碑段,.61,都市：住,,,,26790002
RPSNMLMKMHMFFCB87CC,上石碑段,13.73,都市：住,,,,26800000
RPSNMLMKMHMFFCB87CC,上石碑段,.23,都市：住,,,,26930001
RPWNMLMKMHMFFHL17CC,樹孝段,5.85,都市：住,,,,00640000
RPXNMLMKMHMFFHL27CC,仁平段,75.00,都市：住,,,,02990000
RPOOMLMKMHMFFHL09CC,壽平段,86.00,都市：住,,,,09750000
RPWNMLMKMHMFFIL27CC,瑞井段,61.75,非都市：一般農業區 ; 非都市編定：丙種建築用地,,,,13760000
RPXNMLMKMHMFFIL37CC,龍目井段水裡社小段,202.00,都市：住,,,,01760000
RPOOMLMKMHMFFIL56CC,新東段,14.15,非都市：鄉村區 ; 非都市編定：乙種建築用地,,,,04890000
RPXNMLMKMHMFFIL37CC,龍目井段水裡社小段,1.83,都市：住,,,,01840006
RPOOMLMKMHMFFIL56CC,新東段,1.50,非都市：鄉村區 ; 非都市編定：乙種建築用地,,,,04900000
RPRQMLNKMHMFFCB28DC,田心段,36.89,都市：住,,,,08250011
RPTNMLOKMHMFFCB28DC,惠來厝段,4.00,都市：住,,,,00010000
RPTNMLOKMHMFFCB28DC,惠來厝段,19.00,都市：住,,,,00010001
RPTNMLOKMHMFFCB28DC,何厝段,23.00,都市：住,,,,02610003
RPTNMLOKMHMFFCB28DC,何厝段,60.00,都市：住,,,,02610090
RPTNMLOKMHMFFCB28DC,何厝段,1.00,都市：住,,,,02610102
RPUSMLMKMHMFFCB58CC,順和段,14.68,都市：住,,,,03480000
RPQOMLOKMHMFFCB97CC,上石碑段,42.58,都市：住,,,,27440000
RPXNMLMKMHMFFCB38CC,福星段,30.08,都市：住,,,,02380000
RPPSMLMKMHMFFCB08CC,下石碑段,17.60,都市：住,,,,09530002
RPWNMLMKMHMFFCB28CC,惠民段,17.56,都市：其他:新市政中心專用區,,,,01430001
RPVSMLMKMHMFFCB68CC,惠國段,13.36,都市：其他:第三種新市政中心專用區,,,,00770000
RPTNMLRKMHMFFIL57DC,遊園北段,3855.07,都市：其他:,,,,00710000
RPTQMLRKMHMFFBB68CC,東山段,24.77,都市：住,,,,02930000
RPQSMLRKMHMFFBB68DC,陳平段,10.30,都市：住,,,,29880005
RPWNMLRKMHMFFIL87DC,遊園北段,3855.07,都市：其他:,,,,00710000
RPSNMLRKMHMFFHL27CC,育賢段,.00,都市：商,,,,01350001
RPUNMLSKMHMFFCL17DC,南勢坑段埔子小段,68.00,都市：住,,,,03310045
RPUNMLSKMHMFFFL37CC,學雅段,99.05,都市：住,,,,06660000
RPXNMLSKMHMFFBB88CC,松茂段,26.25,都市：住,,,,05390000
RPXPMLSKMHMFFCB56CC,中正段,24.28,都市：住,,,,01550001
RPVQMLSKMHMFFCB09CC,國安段,125.00,都市：其他:,,,,05930286
RPWQMLSKMHMFFCB56CC,國安段,7.11,都市：住,,,,05930491
RPUQMLTKMHMFFCB09CC,中正段,7.04,都市：住,,,,01550000
RPVQMLTKMHMFFCB56CC,中正段,5.91,都市：住,,,,01550000
RPPTMLTKMHMFFCB88CC,大墩段,90.30,都市：住,,,,04560000
RPRPMLTKMHMFFGL47CC,東興段,20.43,都市：住,,,,03550000
RPTPMLTKMHMFFGL67CC,仁城段,270.26,都市：住,,,,13560000
RPVOMLKLMHMFFAB97CC,東勢子段,84.00,都市：住,,,,00360028
RPWOMLRKMHMFFAB68CC,麻園頭段,.00,都市：住,,,,01870041
RPWOMLRKMHMFFAB68CC,麻園頭段,.00,都市：住,,,,01870032
RPWOMLRKMHMFFAB68CC,麻園頭段,.00,都市：住,,,,01870033
RPWOMLRKMHMFFAB68CC,麻園頭段,.00,都市：其他:道路用地,,,,01870062
RPUOMLTKMHMFFAB68CC,柳川段一小段,.00,都市：住,,,,00040000
RPUOMLTKMHMFFAB68CC,柳川段一小段,.00,都市：住,,,,00040006
RPPRMLSKMHMFFAB38CC,後?子段,.00,都市：住,,,,02910009
RPXQMLOKMHMFFAB68CC,土庫段,.00,都市：住,,,,00730021
RPTOMLOKMHMFFAB08CC,後?子段,.00,都市：住,,,,03410000
RPVOMLOKMHMFFAB28CC,下橋子頭段,16.84,都市：住,,,,03430004
RPROMLMKMHMFFAB67CC,尚武段,.00,都市：住,,,,09000019
RPROMLMKMHMFFAB67CC,尚武段,.00,都市：住,,,,09000046
RPROMLMKMHMFFAB67CC,尚武段,.00,都市：住,,,,09000057
RPROMLMKMHMFFAB67CC,尚武段,.00,都市：住,,,,09000112
RPROMLMKMHMFFAB67CC,尚武段,.00,都市：住,,,,09000212
RPTNMLLKMHMFFAB67CC,後?子段,8.61,都市：住,,,,02480015
RPRNMLMKMHMFFAB57CC,樹子腳段,5.63,都市：住,,,,00390000
RPRPMLKLMHMFFAB67CC,頂橋子頭段,.00,都市：住,,,,01410150
RPRPMLKLMHMFFAB67CC,頂橋子頭段,.00,都市：住,,,,04400036
RPVPMLKLMHMFFBB18CC,水源段,13.01,都市：住,,,,02300633
RPXPMLKLMHMFFBB38CC,水源段,48.00,都市：住,,,,02300528
RPOPMLKLMHMFFCB57CC,大新段,13.23,都市：住,,,,04130000
RPOPMLKLMHMFFCB57CC,大新段,17.64,都市：住,,,,04130000
RPSPMLKLMHMFFCB97CC,何厝段,.00,都市：商,,,,00770064
RPQRMLKLMHMFFCB97CC,下石碑段,17.63,都市：住,,,,09530000
RPSRMLKLMHMFFCB18CC,西屯段,17.51,都市：住,,,,23130002
RPOPMLLLMHMFFBB57CC,賴厝?段,3.37,都市：住,,,,03340000
RPQQMLLLMHMFFBB87CC,賴厝?段,2.68,都市：商,,,,00310003
RPQQMLLLMHMFFBB87CC,邱厝子段,3.33,都市：商,,,,00310062
RPPPMLLLMHMFFBB67CC,賴厝?段,3.58,都市：住,,,,03340000
RPWQMLLLMHMFFCB58CC,中正段,5.63,都市：商,,,,01550000
RPVQMLLLMHMFFCB48CC,中正段,5.51,都市：商,,,,01550000
RPOPMLLLMHMFFCB67CC,福德段,31.09,都市：住,,,,01660000
RPWRMLKLMHMFFCB58CC,保安段,28.91,都市：住,,,,08510000
RPOQMLLLMHMFFCB77CC,惠民段,14.10,都市：其他:,,,,01380000
RPRNMLLLMHMFFAB57CC,中墩段一小段,.00,都市：商,,,,00210000
RPRPMLLLMHMFFAB77CC,公館段,1006.00,非都市： ; 非都市編定：,,,,01700001
RPXNMLLLMHMFFAB18CC,復興段二小段,9.00,都市：商,,,,00050050
RPXNMLLLMHMFFAB18CC,復興段二小段,49.00,都市：商,,,,00050056
RPXNMLLLMHMFFAB18CC,復興段二小段,71.00,都市：商,,,,00050026
RPXNMLLLMHMFFAB18CC,復興段二小段,17.00,都市：商,,,,00050034
RPXNMLLLMHMFFAB18CC,復興段二小段,21.00,都市：商,,,,00050060
RPXNMLLLMHMFFAB18CC,復興段二小段,6.00,都市：商,,,,00050033
RPSPMLLLMHMFFAB87CC,公館段,1.21,都市：住,,,,00620001
RPSPMLLLMHMFFAB87CC,公館段,1.04,都市：住,,,,00630001
RPVNMLLLMHMFFHL07CC,新興段,.00,都市：住,,,,00230000
RPVNMLLLMHMFFFL86CC,四德段,29.66,都市：住,,,,01820000
RPPOMLLLMHMFFAL48CC,豐原段,33.00,都市：住,,,,03080001
RPPOMLLLMHMFFAL48CC,豐原段,85.00,都市：住,,,,02850000
RPQOMLLLMHMFFAL58CC,豐原段,33.00,都市：住,,,,03080001
RPQOMLLLMHMFFAL58CC,豐原段,85.00,都市：住,,,,02850000
RPWNMLOLMHMFFCL96CC,光華段,79.00,都市：住,,,,06670000
RPXNMLOLMHMFFCL07CC,田寮段橋頭小段,190.00,都市：住,,,,01170002
RPXNMLOLMHMFFCL07CC,田寮段橋頭小段,142.00,都市：住,,,,01170014
RPOOMLOLMHMFFCL88CC,武秀段,1006.00,都市：住,,,,01020000
RPTNMLOLMHMFFAL56DC,市政段,72.32,都市：住,,,,07370010
RPVNMLOLMHMFFAL76DC,三陽段,83.00,都市：住,,,,07010000
RPRNMLOLMHMFFCB08CC,文山段,.00,都市：工,,,,03410000
RPQOMLOLMHMFFBB97CC,錦村段,29.85,都市：住,,,,03660000
RPXQMLLLMHMFFBB58CC,東峰段,10.58,都市：商,,,,01580000
RPQOMLOLMHMFFBB97CC,錦村段,29.85,都市：住,,,,03660000
RPPOMLOLMHMFFBB87CC,乾溝子段,91.00,都市：住,,,,01630045
RPTNMLOLMHMFFBB18CC,青萍段,88.00,都市：住,,,,07620002
RPVQMLLLMHMFFBB38CC,東峰段,10.79,都市：商,,,,01580000
RPSQMLLLMHMFFBB08CC,賴厝?段,3.41,都市：商,,,,00310003
RPSQMLLLMHMFFBB08CC,邱厝子段,2.63,都市：商,,,,00310062
RPUQMLLLMHMFFBB28CC,松昌段,1.60,都市：商,,,,04870000
RPTQMLLLMHMFFBB18CC,賴厝?段,3.16,都市：商,,,,00310003
RPTQMLLLMHMFFBB18CC,邱厝子段,2.53,都市：商,,,,00310062
RPOPMLPLMHMFFCB08CC,大墩段,244.12,都市：商,,,,03710000
RPWPMLPLMHMFFCB88CC,惠民段,10.32,都市：其他:新市政中心專用區,,,,01110000
RPRPMLPLMHMFFBB28CC,邱厝子段,20.68,都市：住,,,,00200000
RPRPMLPLMHMFFBB28CC,邱厝子段,2.97,都市：住,,,,00210074
RPRPMLPLMHMFFBB28CC,邱厝子段,.38,都市：住,,,,00210339
RPRPMLPLMHMFFBB28CC,邱厝子段,.37,都市：住,,,,00210362
RPRPMLPLMHMFFBB28CC,邱厝子段,.33,都市：住,,,,00210365
RPSPMLPLMHMFFCB48CC,惠民段,18.47,都市：其他:新市政中心專用區,,,,01430001
RPQPMLPLMHMFFCB28CC,惠民段,17.44,都市：其他:新市政中心專用區,,,,01430001
RPVRMLPLMHMFFCB98CC,田心段,110.00,都市：住,,,,11910006
RPVRMLPLMHMFFCB98CC,田心段,110.00,都市：住,,,,11910007
RPVRMLPLMHMFFCB98CC,田心段,128.00,都市：住,,,,11910008
RPPOMLPLMHMFFAB87CC,麻園頭段,36.94,都市：商,,,,08250000
RPWNMLPLMHMFFAB48CC,麻園頭段,.00,都市：住,,,,01300002
RPROMLPLMHMFFAB08CC,土庫段,26.65,都市：商,,,,00670013
RPQQMLPLMHMFFBB28CC,崇德段,26.56,都市：住,,,,03680000
RPRNMLPLMHMFFFL96DC,潭興段,3.98,都市：住,,,,02610000
RPRNMLPLMHMFFFL96DC,潭興段,111.49,都市：住,,,,02620000
RPPQMLPLMHMFFBB18CC,水源段,59.00,都市：商,,,,00240009
RPSNMLPLMHMFFFL07DC,潭興段,3.98,都市：住,,,,02610000
RPSNMLPLMHMFFFL07DC,潭興段,111.49,都市：住,,,,02620000
RPQNMLQLMHMFFFL96DC,大新段,20.00,都市：住,,,,02240000
RPXNMLPLMHMFFFL47CC,自強段,201.00,非都市：特定農業區 ; 非都市編定：甲種建築用地,,,,23710000
RPORMLQLMHMFFBB28CC,仁德段,53.15,都市：住,,,,10610022
RPXNMLPLMHMFFFL47CC,自強段,103.00,非都市：特定農業區 ; 非都市編定：甲種建築用地,,,,23710005
RPRRMLQLMHMFFBB58CC,崇德段,.00,都市：商,,,,04030003
RPPRMLQLMHMFFBB38CC,水源段,.00,都市：住,,,,01160024
RPPRMLQLMHMFFBB38CC,水源段,.00,都市：住,,,,01160033
RPPRMLQLMHMFFBB38CC,水源段,.00,都市：住,,,,01160035
RPPRMLQLMHMFFBB38CC,水源段,.00,都市：住,,,,01160036
RPPOMLQLMHMFFAB97CC,麻園頭段,.00,都市：住,,,,01320000
RPRPMLRLMHMFFBB48CC,水源段,6.11,都市：住,,,,02340003
RPRQMLRLMHMFFBB58CC,東峰段,6.84,都市：商,,,,01580000
RPUQMLRLMHMFFBB88CC,東峰段,6.84,都市：商,,,,01580000
RPWQMLRLMHMFFBB09CC,賴厝?段,3.41,都市：商,,,,00310003
RPWQMLRLMHMFFBB09CC,邱厝子段,2.69,都市：商,,,,00310062
RPORMLRLMHMFFBB38CC,賴厝?段,3.30,都市：商,,,,00310003
RPORMLRLMHMFFBB38CC,邱厝子段,2.65,都市：商,,,,00310062
RPQRMLRLMHMFFBB58CC,賴厝?段,3.23,都市：商,,,,00310003
RPQRMLRLMHMFFBB58CC,邱厝子段,2.59,都市：商,,,,00310062
RPXPMLRLMHMFFAB98CC,土庫段,37.00,都市：住,,,,00580025
RPUQMLRLMHMFFAB78CC,麻園頭段,.00,都市：住,,,,02890000
RPTOMLSLMHMFFAB58CC,後?子段,23.27,都市：商,,,,00970010
RPXNMLSLMHMFFBB98CC,賴厝?段,3.23,都市：商,,,,00310003
RPXNMLSLMHMFFBB98CC,邱厝子段,2.59,都市：商,,,,00310062
RPOOMLSLMHMFFBB18CC,賴厝?段,3.30,都市：商,,,,00310003
RPOOMLSLMHMFFBB18CC,邱厝子段,2.65,都市：商,,,,00310062
RPPOMLSLMHMFFBB28CC,水源段,44.00,都市：住,,,,02300495
RPRPMLSLMHMFFBB58CC,東峰段,8.54,都市：住,,,,02080000
RPXPMLSLMHMFFBB56CC,乾溝子段,17.23,都市：住,,,,01700049
RPXPMLSLMHMFFBB56CC,乾溝子段,.49,都市：住,,,,01730011
RPOQMLSLMHMFFBB38CC,乾溝子段,13.89,都市：住,,,,01700049
RPOQMLSLMHMFFBB38CC,乾溝子段,.40,都市：住,,,,01730011
RPVOMLRLMHMFFCB88CC,三塊厝段,17.20,都市：住,,,,12430000
RPWNMLRLMHMFFCB88CC,國安段,5466.45,都市：住,,,,05930491
RPPPMLRLMHMFFCB38CC,順和段,.00,都市：工,,,,03640000
RPXNMLRLMHMFFCB98CC,民安段,14.77,都市：住,,,,05630000
RPSOMLSLMHMFFCB68CC,中正段,5.51,都市：商,,,,01550000
RPXRMLPLMHMFFCB56CC,順和段,6.49,都市：住,,,,01730000
RPUNMLRLMHMFFCB68CC,國安段,15.15,都市：住,,,,05930372
RPWRMLPLMHMFFCB09CC,田心段,33.97,都市：住,,,,05180000
RPOPMLQLMHMFFCB18CC,國安段,11.88,都市：住,,,,00120015
RPWNMLSLMHMFFAL17CC,豐工段,300.71,非都市：特定農業區 ; 非都市編定：丁種建築用地,,,,01100000
RPVPMLSLMHMFFCB09CC,田心段,244.00,都市：住,,,,10150000
RPXOMLSLMHMFFCB56CC,中正段,6.92,都市：商,,,,01550000
RPWOMLSLMHMFFCB09CC,上石碑段,4.05,都市：商,,,,17900000
RPWOMLSLMHMFFCB09CC,上石碑段,3.62,都市：商,,,,18000007
RPOPMLSLMHMFFCB38CC,中正段,6.72,都市：商,,,,01550000
