﻿編號,土地位置,土地移轉面積(平方公尺),使用分區或編定,權利人持分分母,權利人持分分子,移轉情形,地號
The serial number, land position,land shifting area square meter,the use zoning or compiles and checks,,,,land parcel
RPVNMLLLKHMFFCD08CB,水交社段,23.69,都市：商,10000,95,持分移轉,00510000
RPUOMLLLKHMFFCD08CB,水交社段,18.95,都市：商,10000,76,持分移轉,00510000
RPXNMLLLKHMFFCD28CB,水交社段,23.69,都市：商,10000,95,持分移轉,00510000
RPTOMLLLKHMFFCD97CB,水交社段,18.95,都市：商,10000,76,持分移轉,00510000
RPQOMLLLKHMFFCD67CB,水交社段,18.95,都市：商,10000,76,持分移轉,00510000
RPWNMLLLKHMFFCD18CB,水交社段,23.19,都市：商,10000,93,持分移轉,00510000
RPUNMLLLKHMFFCD97CB,水交社段,23.19,都市：商,10000,93,持分移轉,00510000
RPOOMLLLKHMFFCD47CB,水交社段,18.95,都市：商,10000,76,持分移轉,00510000
RPSOMLLLKHMFFCD87CB,水交社段,18.95,都市：商,10000,76,持分移轉,00510000
RPVOMLLLKHMFFCD18CB,水交社段,19.45,都市：商,10000,78,持分移轉,00510000
RPVOMLNLKHMFFCD38CB,水交社段,18.95,都市：商,10000,76,持分移轉,00510000
RPWOMLNLKHMFFCD48CB,水交社段,18.95,都市：商,10000,76,持分移轉,00510000
RPXOMLNLKHMFFCD58CB,水交社段,18.95,都市：商,10000,76,持分移轉,00510000
RPPPMLNLKHMFFCD87CB,水交社段,14.46,都市：商,10000,58,持分移轉,00510000
RPUOMLNLKHMFFCD28CB,水交社段,18.95,都市：商,10000,76,持分移轉,00510000
RPQNMLOLKHMFFCD87CB,水交社段,14.46,都市：商,10000,58,持分移轉,00510000
RPSNMLOLKHMFFCD08CB,水交社段,14.46,都市：商,10000,58,持分移轉,00510000
RPWOMLLLKHMFFCD28CB,水交社段,19.45,都市：商,10000,78,持分移轉,00510000
RPTNMLOLKHMFFCD18CB,水交社段,14.46,都市：商,10000,58,持分移轉,00510000
RPXOMLLLKHMFFCD38CB,水交社段,18.95,都市：商,10000,76,持分移轉,00510000
RPUNMLOLKHMFFCD28CB,水交社段,14.46,都市：商,10000,58,持分移轉,00510000
RPVNMLOLKHMFFCD38CB,水交社段,14.46,都市：商,10000,58,持分移轉,00510000
RPXNMLOLKHMFFCD58CB,水交社段,14.46,都市：商,10000,58,持分移轉,00510000
RPOOMLOLKHMFFCD77CB,水交社段,14.46,都市：商,10000,58,持分移轉,00510000
RPWNMLOLKHMFFCD48CB,水交社段,14.46,都市：商,10000,58,持分移轉,00510000
RPQOMLOLKHMFFCD97CB,水交社段,14.96,都市：商,10000,60,持分移轉,00510000
RPTOMLOLKHMFFCD28CB,水交社段,14.46,都市：商,10000,58,持分移轉,00510000
RPOOMLOKLHMFFCD77CB,水交社段,18.70,都市：商,10000,75,持分移轉,00510000
RPXNMLNJLHMFFCD38CB,水交社段,14.46,都市：商,10000,58,持分移轉,00510000
RPTOMLNJLHMFFCD08CB,水交社段,18.20,都市：商,10000,73,持分移轉,00510000
RPSOMLNJLHMFFCD97CB,水交社段,18.20,都市：商,10000,73,持分移轉,00510000
RPPOMLOKLHMFFCD87CB,水交社段,18.70,都市：商,10000,75,持分移轉,00510000
RPROMLNJLHMFFCD87CB,水交社段,18.20,都市：商,10000,73,持分移轉,00510000
RPXOMLSJLHMFFCD98CB,水交社段,18.20,都市：商,10000,73,持分移轉,00510000
RPQOMLNJLHMFFCD77CB,水交社段,18.20,都市：商,10000,73,持分移轉,00510000
RPPOMLNJLHMFFCD67CB,水交社段,18.20,都市：商,10000,73,持分移轉,00510000
RPOOMLNJLHMFFCD57CB,水交社段,14.46,都市：商,10000,58,持分移轉,00510000
RPQOMLOKLHMFFCD97CB,水交社段,18.20,都市：商,10000,73,持分移轉,00510000
RPSOMLOKLHMFFCD18CB,水交社段,18.20,都市：商,10000,73,持分移轉,00510000
RPOPMLOKLHMFFCD87CB,水交社段,18.20,都市：商,10000,73,持分移轉,00510000
RPTOMLOKLHMFFCD28CB,水交社段,18.20,都市：商,10000,73,持分移轉,00510000
RPROMLOKLHMFFCD08CB,水交社段,18.20,都市：商,10000,73,持分移轉,00510000
RPRPMLOKLHMFFCD18CB,水交社段,20.20,都市：商,10000,81,持分移轉,00510000
RPTPMLOKLHMFFCD38CB,水交社段,20.20,都市：商,10000,81,持分移轉,00510000
RPWOMLOKLHMFFCD58CB,水交社段,18.20,都市：商,10000,73,持分移轉,00510000
RPQPMLOKLHMFFCD08CB,水交社段,20.69,都市：商,10000,83,持分移轉,00510000
RPSPMLOKLHMFFCD28CB,水交社段,20.20,都市：商,10000,81,持分移轉,00510000
RPUPMLOKLHMFFCD48CB,水交社段,20.20,都市：商,10000,81,持分移轉,00510000
RPWPMLOKLHMFFCD68CB,水交社段,20.20,都市：商,10000,81,持分移轉,00510000
RPXPMLOKLHMFFCD78CB,水交社段,20.69,都市：商,10000,83,持分移轉,00510000
RPVPMLOKLHMFFCD58CB,水交社段,20.20,都市：商,10000,81,持分移轉,00510000
RPOQMLOKLHMFFCD97CB,水交社段,20.20,都市：商,10000,81,持分移轉,00510000
RPWNMLPKLHMFFCD58CB,水交社段,20.20,都市：商,10000,81,持分移轉,00510000
RPPQMLOKLHMFFCD08CB,水交社段,20.20,都市：商,10000,81,持分移轉,00510000
RPVNMLPKLHMFFCD48CB,水交社段,20.20,都市：商,10000,81,持分移轉,00510000
RPTNMLPKLHMFFCD28CB,水交社段,20.20,都市：商,10000,81,持分移轉,00510000
RPROMLPKLHMFFCD18CB,水交社段,20.20,都市：商,10000,81,持分移轉,00510000
RPWNMLQKLHMFFCD68CB,水交社段,20.20,都市：商,10000,81,持分移轉,00510000
RPPOMLPKLHMFFCD97CB,水交社段,20.20,都市：商,10000,81,持分移轉,00510000
RPSOMLQKLHMFFCD38CB,水交社段,20.20,都市：商,10000,81,持分移轉,00510000
RPQOMLPKLHMFFCD08CB,水交社段,20.69,都市：商,10000,83,持分移轉,00510000
RPROMLQKLHMFFCD28CB,水交社段,20.20,都市：商,10000,81,持分移轉,00510000
RPUOMLQKLHMFFCD58CB,水交社段,20.20,都市：商,10000,81,持分移轉,00510000
RPSOMLPKLHMFFCD28CB,水交社段,20.20,都市：商,10000,81,持分移轉,00510000
RPOOMLQKLHMFFCD97CB,水交社段,20.20,都市：商,10000,81,持分移轉,00510000
RPTOMLQKLHMFFCD48CB,水交社段,20.69,都市：商,10000,83,持分移轉,00510000
RPVOMLQKLHMFFCD68CB,水交社段,20.69,都市：商,10000,83,持分移轉,00510000
RPXNMLRKLHMFFCD88CB,水交社段,18.20,都市：商,10000,73,持分移轉,00510000
RPQNMLRKLHMFFCD18CB,水交社段,20.20,都市：商,10000,81,持分移轉,00510000
RPSNMLRKLHMFFCD38CB,水交社段,20.20,都市：商,10000,81,持分移轉,00510000
RPPOMLRKLHMFFCD18CB,水交社段,18.20,都市：商,10000,73,持分移轉,00510000
RPTNMLRKLHMFFCD48CB,水交社段,20.20,都市：商,10000,81,持分移轉,00510000
RPWNMLRKLHMFFCD78CB,水交社段,20.20,都市：商,10000,81,持分移轉,00510000
RPOOMLRKLHMFFCD08CB,水交社段,18.20,都市：商,10000,73,持分移轉,00510000
RPQOMLRKLHMFFCD28CB,水交社段,18.20,都市：商,10000,73,持分移轉,00510000
RPTOMLLLLHMFFCD08CB,水交社段,18.70,都市：商,10000,75,持分移轉,00510000
RPPPMLRKLHMFFCD28CB,水交社段,18.20,都市：商,10000,73,持分移轉,00510000
RPWOMLRKLHMFFCD88CB,水交社段,18.20,都市：商,10000,73,持分移轉,00510000
RPTOMLRKLHMFFCD58CB,水交社段,18.20,都市：商,10000,73,持分移轉,00510000
RPROMLRKLHMFFCD38CB,水交社段,18.20,都市：商,10000,73,持分移轉,00510000
RPWOMLLLLHMFFCD38CB,水交社段,18.20,都市：商,10000,73,持分移轉,00510000
RPOPMLRKLHMFFCD18CB,水交社段,18.20,都市：商,10000,73,持分移轉,00510000
RPSOMLLLLHMFFCD97CB,水交社段,18.20,都市：商,10000,73,持分移轉,00510000
RPVOMLRKLHMFFCD78CB,水交社段,18.20,都市：商,10000,73,持分移轉,00510000
RPUOMLRKLHMFFCD68CB,水交社段,18.20,都市：商,10000,73,持分移轉,00510000
RPRPMLLLLHMFFCD97CB,水交社段,14.46,都市：商,10000,58,持分移轉,00510000
RPTPMLLLLHMFFCD18CB,水交社段,14.46,都市：商,10000,58,持分移轉,00510000
RPQPMLLLLHMFFCD87CB,水交社段,14.46,都市：商,10000,58,持分移轉,00510000
RPOPMLLLLHMFFCD67CB,水交社段,14.46,都市：商,10000,58,持分移轉,00510000
RPPPMLLLLHMFFCD77CB,水交社段,14.46,都市：商,10000,58,持分移轉,00510000
RPPOMLMLLHMFFCD77CB,水交社段,14.46,都市：商,10000,58,持分移轉,00510000
RPXOMLLLLHMFFCD48CB,水交社段,14.46,都市：商,10000,58,持分移轉,00510000
RPSPMLLLLHMFFCD08CB,水交社段,14.46,都市：商,10000,58,持分移轉,00510000
RPQOMLMLLHMFFCD87CB,水交社段,14.46,都市：商,10000,58,持分移轉,00510000
RPSOMLMLLHMFFCD08CB,水交社段,14.46,都市：商,10000,58,持分移轉,00510000
RPROMLMLLHMFFCD97CB,水交社段,14.46,都市：商,10000,58,持分移轉,00510000
RPOPMLMLLHMFFCD77CB,水交社段,19.45,都市：商,10000,78,持分移轉,00510000
RPUOMLMLLHMFFCD28CB,水交社段,14.46,都市：商,10000,58,持分移轉,00510000
RPRPMLMLLHMFFCD08CB,水交社段,19.95,都市：商,10000,80,持分移轉,00510000
RPXOMLMLLHMFFCD58CB,水交社段,18.95,都市：商,10000,76,持分移轉,00510000
RPUPMLLLLHMFFCD28CB,水交社段,14.46,都市：商,10000,58,持分移轉,00510000
RPTOMLMLLHMFFCD18CB,水交社段,14.46,都市：商,10000,58,持分移轉,00510000
RPPPMLMLLHMFFCD87CB,水交社段,18.95,都市：商,10000,76,持分移轉,00510000
RPTNMLNLLHMFFCD18CB,水交社段,19.45,都市：商,10000,78,持分移轉,00510000
RPVNMLNLLHMFFCD38CB,水交社段,18.95,都市：商,10000,76,持分移轉,00510000
RPWNMLNLLHMFFCD48CB,水交社段,18.95,都市：商,10000,76,持分移轉,00510000
RPUPMLMLLHMFFCD38CB,水交社段,18.95,都市：商,10000,76,持分移轉,00510000
RPXNMLNLLHMFFCD58CB,水交社段,18.95,都市：商,10000,76,持分移轉,00510000
RPTPMLMLLHMFFCD28CB,水交社段,18.95,都市：商,10000,76,持分移轉,00510000
RPUNMLNLLHMFFCD28CB,水交社段,19.45,都市：商,10000,78,持分移轉,00510000
RPOOMLNLLHMFFCD77CB,水交社段,18.95,都市：商,10000,76,持分移轉,00510000
