﻿編號,屋齡,建物移轉面積平方公尺,主要用途,主要建材,建築完成日期,總層數,建物分層
The serial number,room age,building shifting area square meter,the main use,main building materials,construction completes the date,total layer,building lamination
RPQOMLMJKHMFFAD47CC,9,185.77,集合住宅,鋼筋混凝土造,96年12月27日,十九層,
RPTNMLMJKHMFFER86CC,1,84.23,集合住宅,鋼筋混凝土造,105年5月31日,五層,
RPSOMLMJKHMFFHR17CC,1,40.04,住家用,鋼筋混凝土構造,104年9月3日,三層,
RPPNMLMJKHMFFFR56CC,7,105.65,住家用,鋼筋混凝土造,99年4月22日,十三層,
RPPNMLMJKHMFFFR56CC,7,62.92,本共有部分之項目有管委會使用空間、防空避難室兼停車空間、梯間、機械室、水箱、突出物１、２層。,鋼筋混凝土造,99年4月22日,十四層,
RPPNMLSJKHMFFCD08CC,20,59.08,住商用,鋼筋混凝土造,86年4月30日,五層,
RPTNMLNJKHMFFCD97CC,33,74.32,店舖、騎樓,鋼鐵造,72年8月26日,一層,
RPWNMLQJKHMFFAD38CC,20,124.05,住家用,鋼筋混凝土造,85年12月2日,十九層,
RPVNMLSJKHMFFCD68CC,1,107.83,集合住宅,鋼筋混凝土造,104年9月16日,五層,
RPQPMLRJKHMFFAD08CC,17,303.70,工業用,鋼骨構造,89年4月21日,一層,
RPQPMLRJKHMFFAD08CC,17,54.02,商業用,見其他登記事項,89年4月21日,一層,
RPROMLTJKHMFFAD28CC,1,258.86,停車空間、住宅,鋼筋混凝土構造,104年12月2日,四層,
RPWOMLTJKHMFFAD78CC,13,134.34,集合住宅,鋼筋混凝土造,93年3月30日,十一層,
RPSOMLSJKHMFFCD48CC,9,26.49,住家用,鋼筋混凝土造,97年2月29日,十四層,
RPSOMLSJKHMFFCD48CC,9,6.54,共有部分,鋼筋混凝土造,97年2月29日,十四層,
RPSOMLSJKHMFFCD48CC,9,7.83,共有部分,鋼筋混凝土造,97年2月29日,十四層,
RPOPMLTJKHMFFAD08CC,9,22.55,集合住宅,鋼筋混凝土構造,96年8月24日,十四層,
RPXOMLTJKHMFFAD88CC,8,53.66,集合住宅,鋼筋混凝土造,97年12月19日,十四層,
RPVPMLTJKHMFFAD78CC,4,145.74,店舖、住宅、停車空間,鋼筋混凝土構造,101年12月27日,五層,
RPUNMLRJKHMFFFR57CC,23,211.14,住家用,鋼筋混凝土造,83年2月25日,七層,
RPOOMLSJKHMFFAD87CC,22,48.00,住家用,鋼筋混凝土造,84年7月29日,十七層,
RPXOMLNKKHMFFFR67CC,22,151.58,住家用,鋼筋混凝土造,83年10月24日,七層,
RPWNMLNKKHMFFCD38CC,17,80.60,商業用,鋼筋混凝土造,88年10月21日,十三層,
RPWNMLNKKHMFFCD38CC,17,.91,共有部分,鋼筋混凝土造,88年10月21日,十三層,
RPWNMLNKKHMFFCD38CC,17,1.62,共有部分,鋼筋混凝土造,88年10月21日,十三層,
RPOOMLNKKHMFFCD67CC,9,23.20,住家用,鋼筋混凝土造,97年2月29日,十四層,
RPOOMLNKKHMFFCD67CC,9,5.74,共有部分,鋼筋混凝土造,97年2月29日,十四層,
RPOOMLNKKHMFFCD67CC,9,7.56,共有部分,鋼筋混凝土造,97年2月29日,十四層,
RPVOMLTJKHMFFHR18CC,24,103.80,住家用,鋼筋混凝土造,81年10月3日,十層,
RPUOMLTJKHMFFHR08CC,22,49.34,辦公室。,鋼筋混凝土造,84年3月31日,十五層,
RPTOMLTJKHMFFHR97CC,18,56.95,住家用,鋼筋混凝土造,88年5月19日,十一層,
RPQNMLRJKHMFFHR37CC,35,69.44,住家用,鋼筋混凝土造,71年2月22日,五層,
RPQNMLRJKHMFFHR37CC,35,2.51,共有部分,鋼筋混凝土造,71年2月22日,五層,
RPQNMLRJKHMFFHR37CC,35,1.68,共有部分,鋼筋混凝土造,71年2月22日,五層,
RPQNMLRJKHMFFHR37CC,35,1.40,共有部分,鋼筋混凝土造,71年2月22日,五層,
RPQNMLRJKHMFFHR37CC,35,2.29,共有部分,鋼筋混凝土造,71年2月22日,五層,
RPQNMLRJKHMFFHR37CC,35,.58,共有部分,鋼筋混凝土造,71年2月22日,五層,
RPQNMLRJKHMFFHR37CC,35,4.38,共有部分,鋼筋混凝土造,71年2月22日,五層,
RPROMLTJKHMFFHR77CC,22,107.00,住家用,鋼筋混凝土造,83年10月6日,十二層,
RPQNMLOKKHMFFAD67CC,14,121.67,店舖、住宅,鋼筋混凝土造,91年11月15日,十一層,
RPQNMLOKKHMFFAD67CC,14,40.79,共有部分,鋼筋混凝土造,91年11月15日,十一層,
RPQPMLOKKHMFFAD87CC,22,71.54,住家用,鋼筋混凝土造,83年11月7日,九層,
RPVNMLOKKHMFFBD28CC,5,157.65,集合住宅,鋼筋混凝土造,100年10月17日,四層,
RPVNMLOKKHMFFBD28CC,5,157.65,集合住宅,鋼筋混凝土造,100年10月17日,四層,
RPQPMLOKKHMFFHR37CC,32,141.92,住家用,鋼筋混凝土造,73年10月29日,五層,
RPUPMLOKKHMFFHR77CC,17,21.28,住家用,鋼筋混凝土造,88年8月24日,十四層,
RPTNMLOKKHMFFCD18CC,28,493.12,住商用,鋼筋混凝土造,78年3月4日,五層,
RPTOMLOKKHMFFCD28CC,24,81.33,住家用,鋼筋混凝土造,82年6月9日,十六層,
RPUOMLOKKHMFFCD38CC,44,83.11,住家用,加強磚造,62年2月19日,二層,
RPPOMLNKKHMFFCD77CC,9,23.20,住家用,鋼筋混凝土造,97年2月29日,十四層,
RPPOMLNKKHMFFCD77CC,9,5.74,共有部分,鋼筋混凝土造,97年2月29日,十四層,
RPPOMLNKKHMFFCD77CC,9,7.56,共有部分,鋼筋混凝土造,97年2月29日,十四層,
RPUNMLPKKHMFFCD38CC,10,110.65,停車空間、店舖、住宅,鋼筋混凝土造,96年6月26日,五層,
RPRNMLPKKHMFFAD87CC,23,82.72,住家用,磚造,83年7月9日,一層,
RPXNMLPKKHMFFCD68CC,24,37.96,住商用,鋼筋混凝土造,81年10月19日,八層,
RPUNMLQKKHMFFER47CC,22,159.24,工業用,鋼造,83年12月6日,二層,
RPSQMLQKKHMFFHR87CC,10,257.10,住商用,鋼筋混凝土造,95年12月27日,四層,
RPXNMLRKKHMFFCD88CC,42,88.47,住商用,加強磚造,63年12月11日,二層,
RPPNMLRKKHMFFHR37CC,21,44.96,住家用,鋼筋混凝土造,85年4月26日,十層,
RPPNMLRKKHMFFHR37CC,21,9.68,共有部分,鋼筋混凝土造,85年4月26日,十層,
RPPNMLRKKHMFFHR37CC,21,7.69,共有部分,鋼筋混凝土造,85年4月26日,十層,
RPVOMLSKKHMFFCD88CC,9,21.70,住家用,鋼筋混凝土造,97年2月29日,十四層,
RPVOMLSKKHMFFCD88CC,9,5.39,共有部分,鋼筋混凝土造,97年2月29日,十四層,
RPVOMLSKKHMFFCD88CC,9,7.11,共有部分,鋼筋混凝土造,97年2月29日,十四層,
RPVNMLKLKHMFFBD97CC,24,237.44,住商用,鋼筋混凝土造,82年3月10日,五層,
RPQOMLLLKHMFFHR07CC,25,85.07,住家用,鋼筋混凝土造,81年7月23日,十七層,
RPQOMLLLKHMFFHR07CC,25,15.23,共有部分,鋼筋混凝土造,81年7月23日,十七層,
RPQOMLLLKHMFFHR07CC,25,2.02,共有部分,鋼筋混凝土造,81年7月23日,十九層,
RPQOMLLLKHMFFHR07CC,25,4.47,共有部分,鋼筋混凝土造,81年7月23日,十九層,
RPROMLLLKHMFFHR17CC,28,38.03,住商用,鋼筋混凝土造,78年5月30日,四層,
RPTNMLMLKHMFFCD08CC,25,141.75,住家用,鋼筋混凝土造,80年11月21日,十一層,
RPTNMLMLKHMFFCD08CC,25,32.17,共有部分,鋼筋混凝土造,80年11月21日,十一層,
RPWOMLSKKHMFFCD98CC,9,32.97,住家用,鋼筋混凝土造,97年2月29日,十四層,
RPWOMLSKKHMFFCD98CC,9,8.21,共有部分,鋼筋混凝土造,97年2月29日,十四層,
RPWOMLSKKHMFFCD98CC,9,10.74,共有部分,鋼筋混凝土造,97年2月29日,十四層,
RPUNMLMLKHMFFCD18CC,22,105.03,住商用,鋼筋混凝土造,84年8月10日,九層,
RPVNMLMLKHMFFCD28CC,33,80.43,住家用,鋼筋混凝土造,73年1月18日,十二層,
RPVNMLMLKHMFFCD28CC,33,12.63,共有部分,鋼筋混凝土造,73年1月18日,十二層,
RPXNMLMLKHMFFCD48CC,37,77.38,集合住宅,鋼筋混凝土造,69年5月22日,七層,
RPXNMLMLKHMFFCD48CC,37,9.84,共有部分,鋼筋混凝土造,69年5月22日,七層,
RPWNMLMLKHMFFCD38CC,38,59.42,住家用,鋼筋混凝土造,68年1月11日,五層,
RPWNMLMLKHMFFCD38CC,38,2.27,共有部分,鋼筋混凝土造,68年1月11日,五層,
RPWNMLMLKHMFFCD38CC,38,6.67,共有部分,鋼筋混凝土造,68年1月11日,五層,
RPQQMLMLKHMFFHR37CC,22,61.21,辦公室。,鋼筋混凝土造,84年3月31日,十五層,
RPOQMLMLKHMFFHR17CC,22,49.34,辦公室。,鋼筋混凝土造,84年3月31日,十五層,
RPVNMLNLKHMFFHR77DC,31,117.45,住商用,鋼筋混凝土造,74年11月23日,三層,
RPVNMLLLKHMFFAD97CC,12,355.37,店舖、住宅、停車空間,ＲＣ造,94年4月8日,五層,
RPSOMLMLKHMFFAD87CC,18,81.97,見其他登記事項,鋼筋混凝土造,88年7月30日,十層,
RPOOMLRKKHMFFAD87CC,21,88.09,住家用,鋼筋混凝土造,84年8月19日,十六層,
RPXNMLRKKHMFFAD68CC,19,27.79,住家用,鋼筋混凝土造,87年2月19日,二十一層,
RPOOMLNLKHMFFCD77CC,3,279.03,住家用,鋼筋混凝土造,103年6月26日,四層,
RPXOMLQKKHMFFAD68CC,24,19.27,住商用,鋼筋混凝土造,82年3月27日,四層,
RPTOMLPKKHMFFAD18CC,,48.76,住家用,磚造,,一層,
RPTNMLNLKHMFFAD97CC,1,165.73,集合住宅,鋼筋混凝土構造,104年8月25日,十九層,
RPTNMLNLKHMFFAD97CC,1,25.53,本共有部分之項目有：樓梯間,鋼筋混凝土構造,104年8月25日,十九層,
RPTNMLNLKHMFFAD97CC,1,102.00,本共有部分之項目有：門廊、樓梯間、管理維護空間、公共服務空間、蓄水池、機械室、停車空間、車道、梯廳、梯間、防空避難室。,鋼筋混凝土構造,104年8月25日,十九層,
RPXNMLNLKHMFFAD38CC,34,22.56,商業用,鋼筋混凝土造,71年10月15日,十層,
RPPNMLLJLHMFFHR76CC,26,143.99,辦公室。,鋼造,79年12月5日,二十四層,
RPVNMLLJLHMFFHR37CC,1,95.85,住家用,鋼筋混凝土構造,105年8月29日,十五層,
RPVNMLLJLHMFFHR37CC,1,70.98,本共有部分之項目有停車空間兼防空避難室，停車空間，門廊，門廳，守衛室門廊，管委使用空間，守衛室，大樓樓梯間，電梯機械室，戶外梯，水箱等１１項,鋼筋混凝土構造,105年8月29日,十五層,
RPQOMLLJLHMFFHR96CC,27,290.42,辦公室、宿舍、廠房。,Ｒ．Ｃ造鐵骨造。,78年9月13日,二層,
RPXNMLLJLHMFFHR57CC,21,28.24,住商用,鋼筋混凝土造,85年4月8日,十四層,
RPXNMLLJLHMFFHR57CC,,137.09,共有部分,鋼筋混凝土造,,十四層,
RPUNMLLJLHMFFHR37DC,21,28.24,住商用,鋼筋混凝土造,85年4月8日,十四層,
RPUNMLLJLHMFFHR37DC,,41.47,共有部分,鋼筋混凝土造,,十四層,
RPRNMLLJLHMFFHR07DC,1,95.85,住家用,鋼筋混凝土構造,105年8月29日,十五層,
RPRNMLLJLHMFFHR07DC,1,70.98,本共有部分之項目有停車空間兼防空避難室，停車空間，門廊，門廳，守衛室門廊，管委使用空間，守衛室，大樓樓梯間，電梯機械室，戶外梯，水箱等１１項,鋼筋混凝土構造,105年8月29日,十五層,
RPXNMLLJLHMFFFR37CC,16,164.64,工業用,鋼骨造,89年10月9日,一層,
RPRNMLMJLHMFFHR07CC,9,99.27,住家用,鋼筋混凝土造,96年9月20日,十四層,
RPWNMLMJLHMFFHR57CC,22,116.39,住家用,鋼筋混凝土造,84年4月7日,十七層,
RPPNMLOLKHMFFCD87CC,29,243.17,住家用,鋼筋混凝土造,76年10月20日,五層,
RPUPMLNLKHMFFCD48CC,2,67.14,集合住宅,鋼筋混凝土造,103年10月16日,七層,
RPUPMLNLKHMFFCD48CC,2,23.09,共有部分項目有：門廊、門廳、管委會空間、公共服務空間、有頂蓋型廣場式開放空間、污物處理區、車道、停車空間、防空避難兼停車空間。,鋼筋混凝土造,103年10月16日,七層,
RPUPMLNLKHMFFCD48CC,2,7.99,共有部分項目有：電樓梯間。,鋼筋混凝土造,103年10月16日,七層,
RPROMLNLKHMFFCD08CC,23,45.94,商業用,鋼筋混凝土造,82年12月16日,十二層,
RPROMLNLKHMFFCD08CC,23,8.78,共有部分,鋼筋混凝土造,82年12月16日,十二層,
RPROMLNLKHMFFCD08CC,23,10.97,共有部分,鋼筋混凝土造,82年12月16日,十二層,
RPSNMLMJLHMFFCD87CC,23,85.20,住家用,鋼筋混凝土造,83年5月19日,八層,
RPSNMLLJLHMFFAR98CC,23,57.17,住商用,鋼筋混凝土造,83年8月10日,五層,
RPQNMLNJLHMFFHR07CC,22,131.31,住家用,鋼筋混凝土造,84年3月24日,六層,
RPQNMLNJLHMFFHR07CC,22,62.89,共有部分,鋼筋混凝土造,84年3月24日,六層,
RPPNMLOJLHMFFHR07CC,36,128.47,住宅、店舖、避難室。,鋼筋混凝土造,70年2月24日,二層,
RPOPMLNJLHMFFAD57CC,84,106.82,住商用,磚造,22年1月1日,二層,
RPSPMLNJLHMFFAD97CC,102,89.52,商業用,磚造,4年1月1日,二層,
RPXOMLLJLHMFFAD18CC,49,46.57,住家用,加強磚造,57年4月29日,一層,
RPSNMLMJLHMFFAD67CC,13,325.09,店舖、住宅、停車空間,ＲＣ造,93年8月30日,五層,
RPTQMLLJLHMFFAD97CC,11,51.89,集合住宅,ＲＣ造,95年7月13日,九層,
RPPNMLOJLHMFFAD57CC,21,89.73,住家用,鋼筋混凝土造,85年8月16日,八層,
RPTQMLLJLHMFFAD97CC,11,8.54,共有部分,ＲＣ造,95年7月13日,十一層,
RPTQMLLJLHMFFAD97CC,11,17.02,共有部分,ＲＣ造,95年7月13日,九層,
RPTQMLLJLHMFFAD97CC,11,.02,共有部分,ＲＣ造,95年7月13日,十一層,
RPQOMLMJLHMFFAD57CC,45,223.12,住商用,鋼筋混凝土造,60年10月6日,四層,
RPPNMLOLKHMFFAD67CC,11,26.69,集合住宅,ＲＣ造,95年7月13日,十一層,
RPPNMLOLKHMFFAD67CC,11,4.30,共有部分,ＲＣ造,95年7月13日,十一層,
RPPNMLOLKHMFFAD67CC,11,7.12,共有部分,ＲＣ造,95年7月13日,十一層,
RPPNMLOLKHMFFAD67CC,11,.01,共有部分,ＲＣ造,95年7月13日,十一層,
RPVNMLQJLHMFFHR87CC,37,279.34,住家用,加強磚造,69年6月28日,二層,
RPVNMLQJLHMFFHR87CC,37,1160.60,工業用,加強磚造,69年6月28日,二層,
RPVNMLQJLHMFFHR87CC,37,7.96,守衛室。,加強磚造,69年6月28日,一層,
RPWOMLRJLHMFFHR18CC,22,61.96,住家用,鋼筋混凝土造,83年10月6日,七層,
RPWOMLRJLHMFFHR18CC,22,44.72,共有部分,鋼筋混凝土造,83年10月6日,七層,
RPPNMLRJLHMFFAR66CC,49,193.55,住商用,鋼筋混凝土加強磚造,56年10月12日,三層,
RPOPMLRJLHMFFCD18CC,9,23.30,住家用,鋼筋混凝土造,97年2月29日,十四層,
RPOPMLRJLHMFFCD18CC,9,5.74,共有部分,鋼筋混凝土造,97年2月29日,十四層,
RPOPMLRJLHMFFCD18CC,9,6.88,共有部分,鋼筋混凝土造,97年2月29日,十四層,
RPPNMLMLKHMFFBD57CC,38,106.66,住商用,加強磚造,68年6月1日,二層,
RPQNMLOJLHMFFAD67CC,48,582.60,住工用,加強磚造,57年10月17日,二層,
RPOOMLSJLHMFFCD18CC,9,21.93,住家用,鋼筋混凝土造,97年2月29日,十四層,
RPOOMLSJLHMFFCD18CC,9,5.48,共有部分,鋼筋混凝土造,97年2月29日,十四層,
RPOOMLSJLHMFFCD18CC,9,6.48,共有部分,鋼筋混凝土造,97年2月29日,十四層,
RPVOMLRJLHMFFAD58CC,22,40.56,住家用,鋼筋混凝土造,84年3月13日,三層,
RPRPMLRJLHMFFAD28CC,36,303.38,住商用,鋼筋混凝土造,70年7月3日,四層,
RPXNMLRJLHMFFCD88CC,39,82.64,住商用,加強磚造,67年8月24日,二層,
RPWNMLSJLHMFFCD88CC,49,104.64,住家用,補強磚造,57年7月30日,二層,
RPXNMLSJLHMFFAD78CC,39,65.21,住家用,鋼筋混凝土造,67年6月2日,四層,
RPQNMLTJLHMFFFR47CC,7,105.65,住家用,鋼筋混凝土造,99年4月22日,十四層,
RPQNMLTJLHMFFFR47CC,7,62.91,本共有部分之項目有管委會使用空間、防空避難室兼停車空間、梯間、機械室、水箱、突出物１、２層。,鋼筋混凝土造,99年4月22日,十四層,
RPVNMLSJLHMFFAD58CC,8,352.46,住宅、停車空間,鋼筋混凝土造,97年11月6日,五層,
RPWNMLSJLHMFFAD68CC,27,50.82,住商用,鋼筋混凝土造,79年3月5日,四層,
RPQOMLSJLHMFFBD28CC,1,81.90,商業用,鋼骨構造有牆,104年10月5日,一層,
RPQOMLSJLHMFFBD28CC,1,81.90,商業用,鋼骨構造有牆,104年10月5日,一層,
RPQOMLSJLHMFFBD28CC,1,81.90,商業用,鋼骨構造有牆,104年10月5日,一層,
RPQOMLSJLHMFFBD28CC,1,123.87,商業用,鋼骨構造有牆,104年10月5日,一層,
RPTNMLTJLHMFFHR97CC,,232.11,店舖,鋼骨構造有牆,105年9月10日,一層,
RPUNMLTJLHMFFAD58CC,3,121.72,店舖、住宅,鋼筋混凝土構造,103年6月25日,二層,
RPWNMLTJLHMFFAD78CC,3,36.12,集合住宅,鋼筋混凝土構造,102年12月25日,十四層,
RPWNMLTJLHMFFAD78CC,3,40.90,本共有部分之項目有門廳、守衛室、停車空間、防空避難室、管理維護空間。,鋼筋混凝土構造,102年11月25日,十四層,
RPWNMLTJLHMFFAD78CC,3,7.91,本共有部分之項目有電樓梯間、電梯機房、水箱。,鋼筋混凝土構造,102年11月25日,十四層,
RPVNMLTJLHMFFAD68CC,88,106.20,住家用,磚石造,18年5月16日,二層,
RPSNMLTJLHMFFAD38CC,34,113.35,住家用,鋼筋混凝土造,71年12月7日,四層,
RPSNMLTJLHMFFAD38CC,34,18.60,共有部分,鋼筋混凝土造,71年12月7日,四層,
RPPNMLTJLHMFFAD08CC,39,29.86,住家用,鋼筋混凝土造,66年12月2日,七層,
RPPNMLTJLHMFFAD08CC,39,6.14,共有部分,鋼筋混凝土造,66年12月2日,七層,
RPUNMLTJLHMFFCD78CC,35,61.13,住家用,鋼筋混凝土造,71年2月1日,五層,
RPUNMLTJLHMFFCD78CC,35,12.35,共有部分,鋼筋混凝土造,71年2月1日,五層,
RPTPMLSJLHMFFCD78CC,32,12.26,共有部分,鋼筋混凝土造,74年7月13日,五層,
RPTPMLSJLHMFFCD78CC,32,95.28,住家用,鋼筋混凝土造,74年7月13日,五層,
RPROMLTJLHMFFCD58CC,22,66.27,住家用,鋼筋混凝土造,83年11月11日,九層,
RPROMLTJLHMFFCD58CC,22,42.85,共有部分,鋼筋混凝土造,83年11月11日,九層,
RPROMLTJLHMFFCD58CC,22,10.07,共有部分,鋼筋混凝土造,83年11月11日,九層,
RPQNMLTJLHMFFCD38CC,2,104.91,集合住宅,鋼筋混凝土造,103年10月16日,七層,
RPQNMLTJLHMFFCD38CC,2,68.26,共有部分項目有：門廊、門廳、管委會空間、公共服務空間、有頂蓋型廣場式開放空間、污物處理區、車道、停車空間、防空避難兼停車空間。,鋼筋混凝土造,103年10月16日,七層,
RPQNMLTJLHMFFCD38CC,2,15.61,共有部分項目有：電樓梯間、水箱,鋼筋混凝土造,103年10月16日,七層,
RPPOMLTJLHMFFCD38CC,46,59.50,住家用,加強磚造,59年10月24日,二層,
RPPOMLSJLHMFFCD28CC,9,21.70,住家用,鋼筋混凝土造,97年2月29日,十四層,
RPPOMLSJLHMFFCD28CC,9,5.39,共有部分,鋼筋混凝土造,97年2月29日,十四層,
RPPOMLSJLHMFFCD28CC,9,7.11,共有部分,鋼筋混凝土造,97年2月29日,十四層,
RPWNMLTJLHMFFCD98CC,35,59.76,住家用,鋼筋混凝土造,70年12月22日,五層,
RPWNMLTJLHMFFCD98CC,35,10.01,共有部分,鋼筋混凝土造,70年12月22日,五層,
RPSPMLSJLHMFFCD68CC,46,18.00,住家用,加強磚造,59年10月24日,二層,
RPSNMLKKLHMFFCD87DC,1,379.86,店舖,鋼骨構造有牆,104年11月12日,一層,
RPTNMLMKLHMFFAD87CC,26,171.12,住家用,鋼筋混凝土造,80年8月26日,六層,
RPTNMLMKLHMFFAD87CC,26,171.12,住家用,鋼筋混凝土造,80年8月26日,六層,
RPVNMLMKLHMFFAD08CC,9,31.36,集合住宅,鋼筋混凝土構造,96年8月24日,十四層,
RPTNMLNKLHMFFAD97CC,40,174.08,住商用,鋼筋混凝土造,66年9月6日,四層,
RPUNMLMKLHMFFAD97CC,26,171.12,住家用,鋼筋混凝土造,80年8月26日,六層,
RPPNMLKKLHMFFAD27CC,23,67.21,住家用,鋼筋混凝土造,83年3月3日,四層,
RPRNMLOKLHMFFAD97DC,22,192.70,住家用,鋼筋混凝土造,83年9月14日,十二層,
RPTNMLNKLHMFFBD08CC,11,215.03,住商用,鋼筋混凝土造,95年1月5日,四層,
RPSOMLOKLHMFFAD08CC,40,40.99,住商用,鋼筋混凝土造,66年7月13日,四層,
RPTNMLOKLHMFFHR57CC,20,66.49,住家用,鋼筋混凝土造,85年11月6日,二十六層,
RPTNMLOKLHMFFHR57CC,20,1.22,共有部分,鋼筋混凝土造,85年11月6日,二十六層,
RPTNMLOKLHMFFHR57CC,20,10.06,共有部分,鋼筋混凝土造,85年11月6日,二十六層,
RPPNMLOKLHMFFAD77DC,22,119.14,住家用,鋼筋混凝土造,83年10月11日,十七層,
RPVNMLQKLHMFFBD58CC,39,72.16,住家用,加強磚造,66年10月27日,二層,
RPQNMLPKLHMFFBD97CC,22,146.22,店住、停車空間,鋼筋混凝土造,84年3月9日,四層,
RPSNMLQKLHMFFAR96CC,,1018.00,農業用,磚造,,一層,
RPSNMLQKLHMFFAR96CC,,464.00,農業用,磚造,,一層,
RPSNMLQKLHMFFAR96CC,,464.00,農業用,磚造,,一層,
RPSNMLQKLHMFFAR96CC,,464.00,農業用,磚造,,一層,
RPSNMLQKLHMFFAR96CC,,464.00,農業用,磚造,,一層,
RPSNMLQKLHMFFAR96CC,,464.00,農業用,磚造,,一層,
RPSNMLQKLHMFFAR96CC,,464.00,農業用,磚造,,一層,
RPSNMLQKLHMFFAR96CC,,464.00,農業用,磚造,,一層,
RPSNMLQKLHMFFAR96CC,,464.00,農業用,磚造,,一層,
RPSNMLQKLHMFFAR96CC,,464.00,農業用,磚造,,一層,
RPSNMLQKLHMFFAR96CC,,464.00,農業用,磚造,,一層,
RPSNMLQKLHMFFAR96CC,,464.00,農業用,磚造,,一層,
RPSNMLQKLHMFFAR96CC,,464.00,農業用,磚造,,一層,
RPTOMLOKLHMFFAD18CC,22,156.50,商業用,鋼骨鋼筋混凝土造,84年1月26日,二十三層,
RPTOMLOKLHMFFAD18CC,22,7.41,共有部分,鋼筋混凝土造,84年1月26日,二十三層,
RPTOMLOKLHMFFAD18CC,22,16.71,共有部分,鋼筋混凝土造,84年1月26日,二十三層,
RPTOMLOKLHMFFAD18CC,22,29.82,共有部分,鋼筋混凝土造,84年1月26日,二十三層,
RPPOMLPKLHMFFAD87CC,55,135.80,住家用,磚造,51年1月1日,二層,
RPUNMLQKLHMFFAD38CC,22,41.41,住家用,鋼筋混凝土造,84年1月4日,二十五層,
RPUNMLQKLHMFFAD38CC,22,7.30,共有部分,鋼筋混凝土造,84年1月4日,二十四層,
RPUNMLQKLHMFFAD38CC,22,5.81,共有部分,鋼筋混凝土造,84年1月4日,二十四層,
RPPOMLQKLHMFFAD97CC,16,56.87,集合住宅,鋼筋混凝土造,89年8月22日,十四層,
RPPOMLQKLHMFFAD97CC,16,15.23,共有部分,鋼筋混凝土造,89年8月22日,十四層,
RPPOMLQKLHMFFHR47CC,33,103.46,住家用,加強磚造,73年8月27日,二層,
RPRNMLQKLHMFFHR57CC,13,187.76,住商用,鋼筋混凝土造,92年9月29日,五層,
RPWNMLQKLHMFFHR08CC,1,58.30,住家用,鋼筋混凝土構造,105年2月2日,五層,
RPWNMLQKLHMFFHR08CC,1,15.67,本共有部分之項目有樓梯間，機械室，水塔，管理維護空間，停車空間等５項,鋼筋混凝土構造,105年2月2日,五層,
RPOOMLQKLHMFFHR37CC,19,23.11,住家用,鋼筋混凝土造,87年6月2日,七層,
RPOOMLQKLHMFFHR37CC,19,2.23,共有部分,鋼筋混凝土造,87年6月2日,七層,
RPOOMLQKLHMFFHR37CC,19,7.36,共有部分,鋼筋混凝土造,87年6月2日,七層,
RPWOMLPKLHMFFHR08CC,26,118.65,辦公室。,鋼造,79年12月5日,二十四層,
RPRNMLRKLHMFFER37CC,15,149.26,住家用,鋼筋混凝土造,91年9月13日,四層,
RPPNMLRKLHMFFAD97CC,30,121.60,住家用,鋼筋混凝土造,76年8月6日,二層,
RPSNMLKLLHMFFHR17CC,29,241.47,店舖、住宅、防空避難室。,鋼筋混凝土造,77年8月11日,四層,
RPTNMLKLLHMFFAD77CC,19,111.79,住商用,鋼筋混凝土造,86年10月21日,二十二層,
RPXNMLKLLHMFFAD18CC,20,34.34,住家用,鋼筋混凝土造,85年12月2日,十九層,
RPPPMLKLLHMFFAD57CC,45,71.92,住家用,加強磚造,61年6月22日,二層,
RPRPMLKLLHMFFAD77CC,12,95.21,集合住宅,鋼筋混凝土造,93年12月3日,八層,
RPXOMLLLLHMFFHR87CC,9,211.91,住家用,鋼筋混凝土造,96年12月11日,四層,
RPRNMLLLLHMFFFR96CC,9,157.48,住商用,鋼筋混凝土造,96年10月9日,四層,
RPRNMLMLLHMFFAR56CC,34,25.58,住家用,鋼筋混凝土造,72年6月22日,五層,
RPPNMLMLLHMFFBD67CC,36,93.56,集合住宅,鋼筋混凝土造,70年9月7日,四層,
RPPNMLMLLHMFFBD67CC,36,3.21,避難室,鋼筋混凝土造,70年9月7日,四層,
RPPNMLMLLHMFFBD67CC,36,7.80,共有部分,鋼筋混凝土造,70年9月7日,四層,
RPUNMLMLLHMFFHR57CC,34,137.39,住家用,鋼筋混凝土造,71年9月24日,五層,
RPVPMLLLLHMFFCD48CC,59,26.16,住家用,磚造,47年1月1日,一層,
RPVOMLPKLHMFFCD68CC,44,233.06,住家用,加強磚造,62年6月9日,三層,
RPUNMLMLLHMFFCD28CC,17,96.25,集合住宅,鋼筋混凝土造,88年10月21日,十三層,
RPUNMLMLLHMFFCD28CC,17,15.94,共有部分,鋼筋混凝土造,88年10月21日,十三層,
RPUNMLMLLHMFFCD28CC,17,33.92,共有部分,鋼筋混凝土造,88年10月21日,十三層,
RPTNMLQKLHMFFCD48CC,9,29.43,住家用,鋼筋混凝土造,97年2月29日,十四層,
RPTNMLQKLHMFFCD48CC,9,7.33,共有部分,鋼筋混凝土造,97年2月29日,十四層,
RPTNMLQKLHMFFCD48CC,9,8.70,共有部分,鋼筋混凝土造,97年2月29日,十四層,
RPTPMLRKLHMFFCD78CC,35,99.35,住家用,鋼筋混凝土造,70年9月30日,四層,
RPTPMLRKLHMFFCD78CC,35,11.00,共有部分,鋼筋混凝土造,70年9月30日,四層,
RPPNMLMKLHMFFCD67CC,38,1294.70,辦公室，廠房,鐵骨加強磚造,68年6月28日,二層,
RPWNMLKKLHMFFCD18CC,45,218.32,住商用,加強磚造,60年10月13日,三層,
RPWOMLQKLHMFFCD88CC,18,135.06,住家用,鋼筋混凝土造,88年7月3日,九層,
RPWOMLQKLHMFFCD88CC,18,23.08,共有部分,鋼筋混凝土造,88年7月3日,九層,
RPWOMLQKLHMFFCD88CC,18,22.13,共有部分,鋼筋混凝土造,88年7月3日,九層,
RPQOMLQKLHMFFCD28CC,25,92.31,住家用,鋼筋混凝土造,80年8月29日,十二層,
RPQOMLQKLHMFFCD28CC,25,6.68,共有部分,鋼筋混凝土造,80年8月29日,十二層,
RPQOMLQKLHMFFCD28CC,25,16.61,共有部分,鋼筋混凝土造,80年8月29日,十二層,
RPPPMLOKLHMFFCD08CC,9,21.81,住家用,鋼筋混凝土造,97年2月29日,十四層,
RPPPMLOKLHMFFCD08CC,9,5.39,共有部分,鋼筋混凝土造,97年2月29日,十四層,
RPPPMLOKLHMFFCD08CC,9,7.13,共有部分,鋼筋混凝土造,97年2月29日,十四層,
RPUPMLOLLHMFFCD68CC,9,21.70,住家用,鋼筋混凝土造,97年2月29日,十四層,
RPUPMLOLLHMFFCD68CC,9,31.18,共有部分,鋼筋混凝土造,97年2月29日,十四層,
RPUPMLOLLHMFFCD68CC,9,7.11,共有部分,鋼筋混凝土造,97年2月29日,十四層,
RPRPMLOLLHMFFCD38CC,18,31.27,住家用,鋼筋混凝土造,88年1月14日,七層,
RPRPMLOLLHMFFCD38CC,18,7.27,共有部分,鋼筋混凝土造,88年1月14日,七層,
RPRPMLOLLHMFFCD38CC,18,5.27,共有部分,鋼筋混凝土造,88年1月14日,七層,
RPRPMLOLLHMFFCD38CC,18,4.94,共有部分,鋼筋混凝土造,88年1月14日,七層,
RPSOMLMLLHMFFAD97CC,11,142.66,集合住宅,ＲＣ造,95年8月22日,十四層,
RPTNMLOLLHMFFER37CC,14,397.11,住商用,鋼骨鋼筋混凝土造,92年9月16日,三層,
RPPNMLPLLHMFFAD87CC,31,153.06,住家用,鋼筋混凝土造,75年8月8日,七層,
RPRNMLOLLHMFFHR47CC,22,105.82,住家用,鋼筋混凝土造,83年10月6日,十二層,
RPQOMLSLLHMFFAD38CC,24,92.93,住家用,鋼筋混凝土造,82年8月24日,七層,
RPQOMLSLLHMFFAD38CC,24,35.05,共有部分,鋼筋混凝土造,82年8月24日,七層,
RPQNMLOLLHMFFBD97CC,,125.51,商業用,鋼筋混凝土造,105年11月30日,一層,
RPQNMLOLLHMFFBD97CC,,62.17,商業用,鋼筋混凝土造,105年11月30日,一層,
RPQNMLOLLHMFFBD97CC,,83.77,商業用,鋼筋混凝土造,105年11月30日,,
RPPNMLPLLHMFFER07CC,20,206.64,農舍,鋼骨造,86年8月11日,二層,
RPROMLSLLHMFFAD48CC,28,288.78,住商用,鋼筋混凝土造,78年8月30日,四層,
RPOOMLSLLHMFFCD38CC,33,168.99,住商用,鋼筋混凝土造,72年11月1日,三層,
RPXNMLSLLHMFFCD56CC,43,86.36,住家用,加強磚造,63年9月3日,二層,
RPXNMLSLLHMFFBD09CC,36,141.72,住商用,鋼筋混凝土造,69年11月10日,三層,
RPSOMLSLLHMFFAD58CC,35,44.58,住家用,鋼筋混凝土造,71年2月23日,七層,
RPSOMLSLLHMFFAD58CC,35,14.20,共有部分,鋼筋混凝土造,71年2月23日,七層,
RPPOMLSLLHMFFHR77CC,27,225.33,住商用,鋼筋混凝土造,78年10月9日,三層,
RPQOMLSLLHMFFCD58CC,23,33.06,住家用,鋼筋混凝土造,83年1月10日,三層,
RPVOMLSLLHMFFAD88CC,39,31.16,住家用,鋼筋混凝土造,66年12月2日,七層,
RPVOMLSLLHMFFAD88CC,39,6.14,共有部分,鋼筋混凝土造,66年12月2日,七層,
RPWNMLSLLHMFFHR38CC,35,11.94,住家用,加強磚造,70年12月31日,二層,
RPUOMLSLLHMFFHR28CC,5,399.96,銀行，辦公室，儲藏室,鋼筋混凝土構造,101年8月17日,十九層,
RPUOMLSLLHMFFHR28CC,5,144.33,防空避難室兼停車空間，機電設備，社區文康室，社區運動室，梯廳，機械室，水箱,鋼筋混凝土構造,101年8月17日,十九層,
RPOPMLTLLHMFFFR67CC,16,64.27,國民住宅,鋼筋混凝土造,89年11月7日,八層,
RPOPMLTLLHMFFFR67CC,16,20.81,共有部分,鋼筋混凝土造,89年11月7日,八層,
RPROMLTLLHMFFCD78CC,33,90.41,住家用,鋼筋混凝土造,72年11月21日,五層,
RPROMLTLLHMFFCD78CC,33,10.71,共有部分,鋼筋混凝土造,72年11月21日,五層,
RPTNMLTLLHMFFCD88CC,38,847.17,辦公室、廠房、宿舍、電氣室、守衛室,加強磚造,68年8月29日,二層,
RPTNMLTLLHMFFCD88CC,35,478.06,廠房　　宿舍　　樓梯間避難室,加強磚造,71年2月17日,二層,
RPQOMLTLLHMFFCD68CC,24,23.48,住家用,鋼筋混凝土造,82年8月26日,五層,
RPQOMLTLLHMFFCD68CC,24,8.64,共有部分,鋼筋混凝土造,82年8月26日,五層,
RPRNMLKMLHMFFCD87CC,21,109.47,住家用,鋼筋混凝土造,84年11月15日,二十三層,
RPRNMLKMLHMFFCD87CC,21,9.50,共有部分,鋼筋混凝土造,84年11月15日,二十三層,
RPRNMLKMLHMFFCD87CC,21,29.18,共有部分,鋼筋混凝土造,84年11月15日,二十三層,
RPRNMLKMLHMFFCD87CC,21,4.51,共有部分,鋼筋混凝土造,84年11月15日,二十三層,
RPPOMLKMLHMFFCD77CC,17,138.71,集合住宅,鋼筋混凝土造,88年10月21日,十三層,
RPOOMLKMLHMFFCD67CC,18,121.65,住商用,鋼筋混凝土造,88年8月2日,十四層,
RPSNMLLMLHMFFER07CC,2,177.33,廠房,鋼骨構造,104年9月3日,一層,
RPTNMLKMLHMFFDR07DC,5,203.86,住宅、店舖、停車空間,鋼筋混凝土造,101年8月8日,四層,
RPVNMLQJMHMFFAD48CC,8,242.92,住家用,鋼筋混凝土造,97年11月6日,五層,
RPWOMLQJMHMFFAD68CC,22,48.00,住家用,鋼筋混凝土造,84年7月29日,十七層,
RPRPMLQJMHMFFAD28CC,24,88.34,住家用,鋼筋混凝土造,82年7月1日,七層,
RPRPMLQJMHMFFAD28CC,24,21.60,共有部分,鋼筋混凝土造,82年7月1日,七層,
RPRPMLQJMHMFFAD28CC,24,18.03,共有部分,鋼筋混凝土造,82年7月1日,七層,
RPWNMLQJMHMFFHR08CC,22,154.01,住家用,鋼筋混凝土造,84年4月7日,十七層,
RPXOMLRJMHMFFAD88CC,9,88.14,店舖、住宅、停車空間,鋼筋混凝土造,97年3月6日,五層,
RPXOMLRJMHMFFAD88CC,9,91.92,店舖、住宅、停車空間,鋼筋混凝土造,97年3月6日,五層,
RPXOMLRJMHMFFAD88CC,9,5.92,店舖、住宅、停車空間,鋼筋混凝土造,97年3月6日,五層,
RPOOMLQJMHMFFHR37CC,12,168.16,住家用,鋼筋混凝土造,94年1月4日,四層,
RPTOMLRJMHMFFAD58DC,54,354.88,住商用,磚造,52年1月1日,四層,
RPTOMLRJMHMFFAD58DC,51,149.70,住商用,磚造,55年1月1日,二層,
RPWPMLRJMHMFFAD88CC,50,162.97,住商用,加強磚造,56年1月1日,三層,
RPQNMLTJMHMFFHR77CC,23,22.31,住家用,鋼筋混凝土造,83年7月1日,五層,
RPWNMLKKMHMFFAR86CC,22,103.78,商業用,鋼筋混凝土造,83年12月14日,七層,
RPPOMLLKMHMFFAD57CC,,56.55,商業用,磚造,,二層,
RPUOMLMKMHMFFAD18CC,42,92.31,住家用,加強磚造,64年6月6日,二層,
RPVOMLMKMHMFFAD28CC,28,201.46,住家用,鋼筋混凝土造,78年8月11日,四層,
RPUPMLMKMHMFFAD28CC,47,76.19,住家用,加強磚造,59年5月14日,二層,
RPRNMLTJMHMFFCD58CC,3,96.77,集合住宅,鋼筋混凝土造,102年10月23日,十二層,
RPQNMLKKMHMFFCD67CC,34,87.02,集合住宅,鋼筋混凝土造,72年4月22日,五層,
RPRNMLRJMHMFFCD38CC,40,102.31,住家用,加強磚造,65年12月2日,二層,
RPPNMLKKMHMFFCD57CC,34,87.02,集合住宅,鋼筋混凝土造,72年4月22日,五層,
RPTNMLPJMHMFFCD38CC,35,88.77,住商用,鋼筋混凝土造,71年2月26日,七層,
RPVNMLQJMHMFFCD68CC,9,29.43,住家用,鋼筋混凝土造,97年2月29日,十四層,
RPVNMLQJMHMFFCD68CC,9,7.33,共有部分,鋼筋混凝土造,97年2月29日,十四層,
RPVNMLQJMHMFFCD68CC,9,8.70,共有部分,鋼筋混凝土造,97年2月29日,十四層,
RPPNMLPJMHMFFCD97CC,37,87.42,住家用,鋼筋混凝土造,69年5月5日,五層,
RPTNMLQJMHMFFCD48CC,9,21.70,住家用,鋼筋混凝土造,97年2月29日,十四層,
RPTNMLQJMHMFFCD48CC,9,5.39,共有部分,鋼筋混凝土造,97年2月29日,十四層,
RPTNMLQJMHMFFCD48CC,9,7.11,共有部分,鋼筋混凝土造,97年2月29日,十四層,
RPUOMLLMLHMFFCD38CC,9,31.31,住家用,鋼筋混凝土造,97年2月29日,十四層,
RPUOMLLMLHMFFCD38CC,9,7.77,共有部分,鋼筋混凝土造,97年2月29日,十四層,
RPUOMLLMLHMFFCD38CC,9,10.19,共有部分,鋼筋混凝土造,97年2月29日,十四層,
RPSQMLOKMHMFFAD38CC,11,38.12,集合住宅,ＲＣ造,95年7月13日,十一層,
RPQNMLMKMHMFFHR17CC,19,217.73,住商用,鋼筋混凝土造,87年4月21日,四層,
RPOQMLOKMHMFFAD97CC,22,47.91,住家用,鋼筋混凝土造,84年7月29日,十七層,
RPSRMLOKMHMFFAD48CC,22,34.84,住家用,鋼筋混凝土造,84年9月12日,十八層,
RPOOMLOKMHMFFHR27CC,32,120.56,住家用,鋼筋混凝土造,74年6月1日,二層,
RPXNMLRKMHMFFCD56DC,48,114.69,住家用,補強磚造,58年9月6日,三層,
RPWNMLMKMHMFFFR57CC,8,607.20,住家用,鋼筋混凝土造、鋼筋混凝土構造、鋼骨構造。,97年12月12日,四層,
RPWNMLMKMHMFFFR57CC,8,1041.54,工業用,鋼筋混凝土造、鋼筋混凝土構造、鋼骨構造。,97年12月12日,四層,
RPVNMLOKMHMFFDR57DC,39,156.52,住商用,加強磚造,67年8月4日,三層,
RPOOMLNKMHMFFDR86DC,10,91.51,店舖住宅及停車空間,鋼筋混凝土造,96年6月5日,四層,
RPPOMLNKMHMFFDR96DC,34,264.20,住商用,鋼筋混凝土造,71年12月3日,四層,
RPQPMLMKMHMFFCD08CC,9,21.70,住家用,鋼筋混凝土造,97年2月29日,十四層,
RPQPMLMKMHMFFCD08CC,9,5.39,共有部分,鋼筋混凝土造,97年2月29日,十四層,
RPQPMLMKMHMFFCD08CC,9,7.11,共有部分,鋼筋混凝土造,97年2月29日,十四層,
RPUNMLNKMHMFFCD38CC,9,26.43,住家用,鋼筋混凝土造,97年2月29日,十四層,
RPUNMLNKMHMFFCD38CC,9,6.54,共有部分,鋼筋混凝土造,97年2月29日,十四層,
RPUNMLNKMHMFFCD38CC,9,8.59,共有部分,鋼筋混凝土造,97年2月29日,十四層,
RPUOMLMKMHMFFCD38CC,37,72.47,集合住宅,鋼筋混凝土造,69年5月22日,七層,
RPVNMLRKMHMFFCD88CC,47,50.72,住家用,加強磚造,59年4月17日,二層,
RPUNMLOKMHMFFCD48CC,24,91.08,住家用,鋼筋混凝土造,81年12月31日,七層,
RPTOMLSKMHMFFCD88CC,35,68.61,住家用,鋼筋混凝土造,70年12月2日,五層,
RPTOMLSKMHMFFCD88CC,35,12.51,共有部分,鋼筋混凝土造,70年12月2日,五層,
RPUOMLSKMHMFFCD98CC,20,74.83,住家用,鋼鐵造,85年10月30日,一層,
RPVNMLSKMHMFFCD09DC,44,151.98,住商用,鋼筋混凝土造,62年3月20日,四層,
RPXNMLTKMHMFFHR58CC,29,147.47,住商用,鋼筋混凝土造,77年6月20日,四層,
RPVRMLSKMHMFFAD56CC,51,62.34,住家用,加強磚造,55年1月1日,二層,
RPWNMLTKMHMFFHR48CC,18,113.17,國民住宅,鋼筋混凝土造,88年8月24日,十四層,
RPWOMLSKMHMFFCD56CC,25,89.82,住家用,鋼筋混凝土造,81年5月8日,六層,
RPWOMLSKMHMFFCD56CC,25,25.12,共有部分,鋼筋混凝土造,81年5月8日,六層,
RPRNMLTKMHMFFCD68CC,36,41.96,住家用,鋼筋混凝土造,69年11月28日,四層,
RPRNMLTKMHMFFCD68CC,36,8.08,共有部分,鋼筋混凝土造,69年11月28日,四層,
RPRNMLTKMHMFFBD58CC,19,123.93,住商用,鋼筋混凝土造,87年5月14日,十三層,
RPVPMLTKMHMFFCD66CC,9,28.26,住家用,鋼筋混凝土造,97年2月29日,十四層,
RPVPMLTKMHMFFCD66CC,9,6.99,共有部分,鋼筋混凝土造,97年2月29日,十四層,
RPVPMLTKMHMFFCD66CC,9,8.41,共有部分,鋼筋混凝土造,97年2月29日,十四層,
RPSOMLKLMHMFFFR17CC,28,268.39,住商用,鋼筋混凝土造,78年10月13日,四層,
RPUNMLTKMHMFFCD98CC,24,119.91,住家用,鋼筋混凝土造,81年10月22日,十五層,
RPUNMLTKMHMFFCD98CC,24,5.73,共有部分,鋼筋混凝土造,81年10月22日,十五層,
RPUNMLTKMHMFFCD98CC,24,19.63,共有部分,鋼筋混凝土造,81年10月22日,十五層,
RPTNMLTKMHMFFCD88CC,26,125.80,住家用,鋼筋混凝土造,79年10月17日,六層,
RPTNMLTKMHMFFCD88CC,26,26.36,共有部分,鋼筋混凝土造,79年10月17日,六層,
RPPNMLMLMHMFFCD87CC,28,83.80,住商用,鋼筋混凝土造,77年12月24日,五層,
RPVPMLKLMHMFFHR77CC,24,19.75,住家用,鋼筋混凝土造,82年8月27日,十五層,
RPVPMLKLMHMFFHR77CC,24,3.00,共有部分,鋼筋混凝土造,82年8月27日,十五層,
RPVPMLKLMHMFFHR77CC,24,3.24,避難室兼停車空間、梯間、清水池、配電室、門廊、消防泵浦間、交誼廳、乒乓球室。,鋼筋混凝土造,82年8月27日,十六層,
RPVNMLLLMHMFFHR67CC,,89.52,住家用,鋼筋混凝土構造,105年10月20日,十四層,
RPVNMLLLMHMFFHR67CC,,56.35,本共有部分之項目有：垃圾暫存間、台電配電場所、發電機室、門&#24304;、門廊、機車停車區、防空避難室、停車空間、汽車坡道、管委會使用空間、電樓梯間、水箱、機械室等１３項,鋼筋混凝土構造,105年10月20日,十四層,
RPVNMLLLMHMFFHR67CC,,18.74,共有部分（電樓梯間）,鋼筋混凝土構造,105年10月20日,十四層,
RPTNMLOLMHMFFHR77CC,24,189.59,住商用,鋼筋混凝土造,82年5月21日,三層,
RPPOMLPLMHMFFHR57CC,37,102.46,住家用,加強磚造,69年2月1日,二層,
RPWOMLPLMHMFFHR28CC,1,166.80,住家用,鋼筋混凝土構造,105年8月29日,十五層,
RPQRMLOLMHMFFAD38CC,47,174.37,住家用,加強磚造,59年1月13日,三層,
RPXQMLOLMHMFFAD98CC,20,87.76,住家用,鋼筋混凝土造,85年12月4日,七層,
RPXQMLOLMHMFFAD98CC,20,32.02,共有部分,鋼筋混凝土造,85年12月4日,七層,
RPXNMLTKMHMFFAD09CC,41,72.48,商業用,加強磚造,65年5月19日,二層,
RPVQMLOLMHMFFAD78CC,11,26.69,集合住宅,ＲＣ造,95年7月13日,九層,
RPVQMLOLMHMFFAD78CC,11,4.30,共有部分,ＲＣ造,95年7月13日,十一層,
RPVQMLOLMHMFFAD78CC,11,8.63,共有部分,ＲＣ造,95年7月13日,九層,
RPVQMLOLMHMFFAD78CC,11,.01,共有部分,ＲＣ造,95年7月13日,十一層,
RPSPMLPLMHMFFAD48CC,15,77.93,店舖、停車空間、住宅,鋼筋混凝土造,91年1月2日,四層,
RPORMLOLMHMFFAD18CC,34,72.54,住家用,鋼筋混凝土造,72年6月28日,五層,
RPRPMLPLMHMFFAD38CC,36,193.42,住家用,鋼筋混凝土造,70年6月8日,三層,
RPORMLOLMHMFFAD18CC,34,11.95,共有部分,鋼筋混凝土造,72年6月28日,五層,
RPUQMLOLMHMFFAD68CC,3,36.12,集合住宅,鋼筋混凝土構造,102年12月25日,十四層,
RPUQMLOLMHMFFAD68CC,3,40.90,本共有部分之項目有門廳、守衛室、停車空間、防空避難室、管理維護空間。,鋼筋混凝土構造,102年11月25日,十四層,
RPUQMLOLMHMFFAD68CC,3,7.91,本共有部分之項目有電樓梯間、電梯機房、水箱。,鋼筋混凝土構造,102年11月25日,十四層,
RPXNMLPLMHMFFCD98CC,21,28.33,住家用,鋼筋混凝土造,85年2月3日,十六層,
RPXNMLPLMHMFFCD98CC,21,4.63,共有部分,鋼筋混凝土造,85年2月3日,十六層,
RPXNMLPLMHMFFCD98CC,21,4.24,共有部分,鋼筋混凝土造,85年2月3日,十六層,
RPOOMLPLMHMFFCD18CC,7,64.76,住家用,鋼筋混凝土造,99年5月7日,十四層,
RPOOMLPLMHMFFCD18CC,7,27.13,本共有部分之項目有地下一、二、三層全部、有頂蓋式開放空間、門廊、一至十四層梯間、屋突等。,鋼筋混凝土造,99年5月7日,十四層,
RPRNMLPLMHMFFCD38CC,9,26.49,住家用,鋼筋混凝土造,97年2月29日,十四層,
RPRNMLPLMHMFFCD38CC,9,6.54,共有部分,鋼筋混凝土造,97年2月29日,十四層,
RPRNMLPLMHMFFCD38CC,9,7.83,共有部分,鋼筋混凝土造,97年2月29日,十四層,
RPPOMLPLMHMFFCD28CC,26,75.25,住家用,鋼筋混凝土造,80年9月3日,七層,
RPPOMLPLMHMFFCD28CC,26,27.30,共有部分,鋼筋混凝土造,80年9月3日,七層,
RPQOMLQLMHMFFHR77CC,5,205.73,住家用,鋼筋混凝土構造,101年1月16日,四層,
RPQNMLRLMHMFFHR77CC,18,61.06,住家用,鋼筋混凝土造,88年4月26日,十二層,
RPQNMLRLMHMFFHR77CC,18,7.04,共有部分,鋼筋混凝土造,88年4月26日,十二層,
RPQNMLRLMHMFFHR77CC,18,31.97,共有部分,鋼筋混凝土造,88年4月26日,十二層,
RPRQMLQLMHMFFAD58CC,34,88.56,住商用,鋼筋混凝土造,72年7月9日,五層,
RPWOMLQLMHMFFAD88CC,25,253.92,住商用,鋼筋混凝土造,81年7月25日,四層,
RPOQMLPLMHMFFAD18CC,10,11.97,共有部分,鋼筋混凝土造,96年7月19日,十四層,
RPOQMLPLMHMFFAD18CC,10,13.30,共有部分,鋼筋混凝土造,96年7月19日,十四層,
RPOQMLPLMHMFFAD18CC,10,68.45,集合住宅,鋼筋混凝土造,96年7月19日,十四層,
RPQQMLPLMHMFFAD38CC,36,28.54,住家用,鋼筋混凝土造,70年6月2日,七層,
RPTNMLRLMHMFFHR08CC,23,188.28,住家用,鋼筋混凝土造,83年8月26日,四層,
RPWPMLQLMHMFFAD98CC,31,98.38,住家用,鋼筋混凝土造,74年11月27日,七層,
RPWPMLQLMHMFFAD98CC,31,24.40,共有部分,鋼筋混凝土造,74年11月27日,七層,
RPRNMLRLMHMFFHR87CC,7,161.13,住家用,鋼筋混凝土造,99年4月2日,三層,
RPTOMLRLMHMFFDR87DC,37,132.53,住商用,加強磚造,69年5月19日,二層,
RPPOMLRLMHMFFAD28CC,25,42.39,住家用,鋼筋混凝土造,80年12月13日,五層,
RPWNMLRLMHMFFAD88CC,39,79.85,住家用,鋼筋混凝土造,67年8月17日,八層,
RPPOMLRLMHMFFAD28CC,25,13.77,共有部分,鋼筋混凝土造,80年12月13日,五層,
RPWNMLRLMHMFFAD88CC,39,15.24,共有部分,鋼筋混凝土造,67年8月17日,八層,
RPUNMLRLMHMFFHR18CC,19,25.34,住家用,鋼筋混凝土造,87年6月2日,七層,
RPTOMLRLMHMFFAD68CC,44,94.40,住家用,加強磚造,62年10月15日,二層,
RPUQMLRLMHMFFAD98CC,24,18.84,住家用,鋼筋混凝土造,82年3月27日,六層,
RPUQMLRLMHMFFAD98CC,24,6.14,共有部分,鋼筋混凝土造,82年3月27日,六層,
RPQPMLRLMHMFFCD68CC,35,63.57,住商用,鋼筋混凝土造,71年7月10日,五層,
RPSNMLSLMHMFFCD78CC,36,53.90,住商用,鋼筋混凝土造,69年10月16日,五層,
RPSOMLRLMHMFFCD78CC,35,187.39,住商用,鋼筋混凝土造,70年12月26日,三層,
RPVOMLRLMHMFFCD09CC,25,183.55,住家用,鋼筋混凝土造,81年3月12日,四層,
RPVNMLQLMHMFFCD88CC,24,41.28,住家用,鋼筋混凝土造,81年12月8日,五層,
RPVNMLQLMHMFFCD88CC,24,12.59,共有部分,鋼筋混凝土造,81年12月8日,五層,
RPPPMLRLMHMFFCD58CC,18,95.72,集合住宅,鋼筋混凝土造,88年10月21日,十三層,
RPPPMLRLMHMFFCD58CC,18,16.75,共有部分,鋼筋混凝土造,88年10月21日,十三層,
RPPPMLRLMHMFFCD58CC,18,33.68,共有部分,鋼筋混凝土造,88年10月21日,十三層,
RPRPMLRLMHMFFCD88DC,1,379.86,店舖,鋼骨構造有牆,104年11月12日,一層,
RPTPMLQLMHMFFCD88CC,19,195.89,住商用,鋼筋混凝土造,86年12月11日,三層,
RPWNMLQLMHMFFCD98CC,24,117.48,住商用,鋼筋混凝土造,81年10月19日,八層,
RPWNMLQLMHMFFCD98CC,24,23.01,共有部分,鋼筋混凝土造,81年10月19日,八層,
RPWNMLSLMHMFFHR48CC,19,75.40,一般事務所。,鋼筋混凝土造,87年10月26日,十一層,
RPSOMLSLMHMFFHR18CC,20,88.62,住家用,鋼筋混凝土造,86年5月29日,二十層,
RPSOMLSLMHMFFHR18CC,20,31.96,共有部分,鋼筋混凝土造,86年5月29日,二十層,
RPSOMLSLMHMFFHR18CC,20,13.33,共有部分,鋼筋混凝土造,86年5月29日,二十層,
RPTPMLSLMHMFFAD88CC,37,74.22,,鋼筋混凝土造,69年6月16日,二層,
RPQQMLSLMHMFFAD68CC,20,33.19,管理室,鋼筋混凝土造,86年10月22日,二十四層,
RPQQMLSLMHMFFAD68CC,20,74.66,住家用,鋼筋混凝土造,86年10月22日,二十四層,
RPOOMLSLMHMFFFR57CC,21,233.02,住家用,鋼筋混凝土造,85年4月9日,四層,
RPQNMLKMMHMFFHR17CC,31,132.89,住家用,鋼筋混凝土造,75年2月3日,二層,
RPROMLSLMHMFFHR08CC,34,92.96,住家用,加強磚造,71年12月9日,二層,
RPPNMLTLMHMFFAD38CC,,114.53,集合住宅,鋼筋混凝土構造,105年11月8日,十三層,
RPXNMLSLMHMFFCD66CC,1,64.01,集合住宅,鋼筋混凝土造,105年3月28日,五層,
