﻿鄉鎮市區,交易標的,土地位置建物門牌,土地面積平方公尺,都市土地使用分區,非都市土地使用分區,非都市土地使用編定,租賃年月日,租賃筆棟數,租賃層次,總樓層數,建物型態,主要用途,主要建材,建築完成年月,建物總面積平方公尺,建物現況格局-房,建物現況格局-廳,建物現況格局-衛,建物現況格局-隔間,有無管理組織,有無附傢俱,總額元,單價元平方公尺,車位類別,車位面積平方公尺,車位總額元,備註,編號
The villages and towns urban district,transaction sign,land sector position building sector house number plate,land shifting total area square meter,the use zoning or compiles and checks,the non-metropolis land use district,non-metropolis land use,transaction year month and day,transaction pen number,shifting level,total floor number,building state,main use,main building materials,construction to complete the years,building shifting total area,Building present situation pattern - room,building present situation pattern - hall,building present situation pattern - health,building present situation pattern - compartmented,Whether there is manages the organization,Whether there is attaches the furniture,total price NTD,the unit price (NTD / square meter),the berth category,berth shifting total area square meter,the berth total price NTD,the note,serial number
北區,建物,臺南市北區北園街8巷26號八樓之1,0.0,商,,,1060125,土地0建物1車位0,八層,19,住宅大樓(11層含以上有電梯),見其他登記事項,鋼筋混凝土構造,0961227,185.77,3,2,2,有,有,有,25000,135,,0.0,0,,RPQOMLMJKHMFFAD47CC
永康區,建物,臺南市永康區永大路三段469巷109號,0.0,住,,,1060125,土地0建物1車位0,全,3,透天厝,住家用,見其他登記事項,1040903,40.04,0,1,1,有,無,無,15000,375,,0.0,0,,RPSOMLMJKHMFFHR17CC
新市區,建物,臺南市新市區長安街36巷35號四樓之2,0.0,住,,,1060126,土地0建物1車位0,四層,5,華廈(10層含以下有電梯),見其他登記事項,鋼筋混凝土造,1050531,84.23,2,1,1,有,有,有,16000,190,,0.0,0,1.合約書無填具土地租賃面積2.由所有權人提供出租資訊3.租金已包含車位,RPTNMLMJKHMFFER86CC
仁德區,建物,臺南市仁德區和愛街13號12樓之3,0.0,住,,,1060122,土地0建物1車位0,十二層,14,住宅大樓(11層含以上有電梯),住家用,鋼筋混凝土造,0990422,168.57,3,2,2,有,有,無,12000,71,,0.0,0,,RPPNMLMJKHMFFFR56CC
東區,房地(土地+建物),臺南市東區中華東路三段128號,226.0,商,,,1060123,土地1建物1車位0,一層,1,店面(店鋪),見其他登記事項,見其他登記事項,0720826,74.32,0,0,0,無,無,有,80000,1076,,0.0,0,,RPTNMLNJKHMFFCD97CC
北區,建物,臺南市北區北園街6之3號十七樓之3,0.0,商,,,1060205,土地0建物1車位0,十七層,19,住宅大樓(11層含以上有電梯),住家用,鋼筋混凝土構造,0851202,124.05,3,2,2,有,有,有,11000,89,,0.0,0,,RPWNMLQJKHMFFAD38CC
北區,房地(土地+建物),臺南市北區忠義路三段85.87號,1511.0,商,,,1060126,土地6建物1車位0,一層,1,店面(店鋪),工業用,見其他登記事項,0890421,357.72,0,0,0,無,無,有,250000,699,,0.0,0,,RPQPMLRJKHMFFAD08CC
仁德區,房地(土地+建物),臺南市仁德區中正路二段1205巷15號4樓之1,40.84,住,,,1060119,土地1建物1車位0,四層,7,華廈(10層含以下有電梯),住家用,鋼筋混凝土造,0830225,211.14,4,2,2,有,有,有,17000,81,,0.0,0,,RPUNMLRJKHMFFFR57CC
永康區,建物,臺南市永康區中山南路74之14號,0.0,住,,,1060206,土地0建物1車位0,四層,5,公寓(5樓含以下無電梯),住家用,鋼筋混凝土造,0710222,82.28,2,1,1,有,無,無,6500,79,,0.0,0,,RPQNMLRJKHMFFHR37CC
安平區,建物,臺南市安平區育平路212號十三樓之35,0.0,住,,,1060207,土地0建物1車位0,十三層,17,住宅大樓(11層含以上有電梯),住家用,鋼筋混凝土構造,0840729,48.0,1,1,1,有,有,有,7500,156,,0.0,0,,RPOOMLSJKHMFFAD87CC
南區,建物,臺南市南區西門路一段437號,0.0,住,,,1060202,土地0建物1車位0,全,5,透天厝,住商用,鋼筋混凝土構造,0860430,59.08,0,0,1,有,無,無,30000,508,,0.0,0,,RPPNMLSJKHMFFCD08CC
東區,建物,臺南市東區德祥街100號二樓,0.0,住,,,1060208,土地0建物1車位0,二層,5,華廈(10層含以下有電梯),見其他登記事項,鋼筋混凝土構造,1040916,107.83,2,1,1,有,有,有,20000,185,,0.0,0,1.合約書無填具土地租賃面積2.由所有權人提供出租資訊3.租金已包含車位,RPVNMLSJKHMFFCD68CC
東區,房地(土地+建物),臺南市東區中華東路二段169號五樓之10,3.81,住,,,1060113,土地1建物1車位0,五層,14,套房(1房1廳1衛),住家用,鋼筋混凝土構造,0970229,40.86,1,0,1,有,有,有,9500,233,,0.0,0,,RPSOMLSJKHMFFCD48CC
安平區,建物,臺南市安平區同平路156巷5號,0.0,住,,,1060208,土地0建物1車位0,全,4,透天厝,見其他登記事項,見其他登記事項,1041202,258.86,3,2,4,有,無,無,32000,124,,0.0,0,,RPROMLTJKHMFFAD28CC
北區,建物,臺南市北區北門路二段576巷10號五樓之1,0.0,住,,,1060208,土地0建物1車位0,五層,11,住宅大樓(11層含以上有電梯),見其他登記事項,鋼筋混凝土造,0930330,134.34,3,2,2,有,有,有,15800,118,,0.0,0,,RPWOMLTJKHMFFAD78CC
北區,房地(土地+建物),臺南市北區公園南路339號10F-2,1.88,住,,,1060201,土地2建物1車位0,三層,14,住宅大樓(11層含以上有電梯),見其他登記事項,鋼筋混凝土造,0971219,53.66,2,1,1,有,有,有,15000,280,,0.0,0,,RPXOMLTJKHMFFAD88CC
北區,房地(土地+建物),臺南市北區公園南路365號10F-2,3.26,住,,,1060204,土地1建物1車位0,十層,14,住宅大樓(11層含以上有電梯),見其他登記事項,見其他登記事項,0960824,22.55,1,0,1,有,有,有,9000,399,,0.0,0,,RPOPMLTJKHMFFAD08CC
中西區,房地(土地+建物),臺南市中西區海安路二段125號1樓,184.95,商,,,1060208,土地4建物1車位0,一層,4,店面(店鋪),見其他登記事項,見其他登記事項,1011227,145.74,0,0,0,無,無,無,55000,377,,0.0,0,,RPVPMLTJKHMFFAD78CC
永康區,土地,大灣段3482地號,0.0,農,,,1060207,土地1建物0車位0,,,其他,,,,0.0,0,0,0,有,無,無,9000,0,,0.0,0,,RPPNMLTJKHMFFHR47CC
永康區,建物,臺南市永康區國華街102巷82號十一樓之2,0.0,住,,,1060208,土地0建物1車位0,十一層,12,住宅大樓(11層含以上有電梯),住家用,鋼筋混凝土造,0831006,107.0,3,2,2,有,有,有,14500,136,,0.0,0,1.合約書無填具土地租賃面積2.由所有權人提供出租資訊3.租金已包含車位,RPROMLTJKHMFFHR77CC
永康區,房地(土地+建物),臺南市永康區新興路8之3號3F-3,8.25,住,,,1060202,土地1建物1車位0,三層,11,住宅大樓(11層含以上有電梯),住家用,鋼筋混凝土造,0880519,56.95,3,2,2,有,有,有,9000,158,,0.0,0,,RPTOMLTJKHMFFHR97CC
永康區,建物,臺南市永康區忠義街60巷3號十一樓之15,0.0,商,,,1060208,土地0建物1車位0,十一層,15,住宅大樓(11層含以上有電梯),見其他登記事項,鋼筋混凝土造,0840331,49.34,1,1,1,有,有,有,9000,182,,0.0,0,,RPUOMLTJKHMFFHR08CC
永康區,房地(土地+建物),臺南市永康區大橋5街143號,12.0,住,,,1060123,土地1建物1車位0,六層,10,華廈(10層含以下有電梯),住家用,鋼筋混凝土造,0811003,103.8,3,2,1,有,有,有,12000,116,,0.0,0,,RPVOMLTJKHMFFHR18CC
麻豆區,土地,莊禮段799地號,1013.0,,特定農業區,農牧用地,1060209,土地2建物0車位0,,,其他,,,,0.0,0,0,0,有,無,無,8000,8,,0.0,0,,RPSNMLTJKHMFFCR37DC
歸仁區,房地(土地+建物),臺南市歸仁區南興街308號2樓之1,523.65,住,,,1060212,土地1建物1車位0,二層,7,華廈(10層含以下有電梯),住家用,鋼筋混凝土造,0831024,151.58,3,2,2,有,無,有,12000,79,,0.0,0,,RPXOMLNKKHMFFFR67CC
南區,建物,臺南市南區大同路二段136巷6號,0.0,住,,,1060115,土地0建物1車位0,一層,13,住宅大樓(11層含以上有電梯),商業用,鋼筋混凝土構造,0881021,83.13,0,1,1,有,無,無,17000,204,,0.0,0,,RPWNMLNKKHMFFCD38CC
東區,房地(土地+建物),臺南市東區中華東路二段167號七樓之2,3.17,其他,,,1060118,土地1建物1車位0,七層,14,套房(1房1廳1衛),住家用,鋼筋混凝土構造,0970229,36.5,1,0,1,有,有,有,8500,233,,0.0,0,,RPOOMLNKKHMFFCD67CC
東區,房地(土地+建物),臺南市東區中華東路二段167號三樓之2,3.17,其他,,,1060119,土地1建物1車位0,三層,14,套房(1房1廳1衛),住家用,鋼筋混凝土構造,0970229,36.5,1,0,1,有,有,有,8500,233,,0.0,0,,RPPOMLNKKHMFFCD77CC
南區,房地(土地+建物),臺南市南區金華路一段381號,331.93,其他,,,1060206,土地0建物1車位0,一層,5,店面(店鋪),住商用,鋼筋混凝土構造,0780304,493.12,0,2,1,有,無,有,110000,223,,0.0,0,,RPTNMLOKKHMFFCD18CC
東區,房地(土地+建物)+車位,臺南市東區林森路1段132號10樓之9,0.0,住,,,1060207,土地1建物1車位1,十層,16,住宅大樓(11層含以上有電梯),住家用,鋼筋混凝土構造,0820609,81.33,2,2,2,有,無,有,12000,148,升降機械,12.75,0,,RPTOMLOKKHMFFCD28CC
東區,建物,臺南市東區裕農路288巷60弄70號,0.0,,,,1060116,土地0建物1車位0,全,2,透天厝,住家用,加強磚造,0620219,83.11,3,1,2,有,無,有,12000,144,,0.0,0,,RPUOMLOKKHMFFCD38CC
北區,建物,臺南市北區北門路二段252號,0.0,住,,,1060212,土地0建物1車位0,一層,11,住宅大樓(11層含以上有電梯),見其他登記事項,鋼筋混凝土造,0911115,162.46,1,2,2,有,無,無,20000,123,,0.0,0,,RPQNMLOKKHMFFAD67CC
安平區,房地(土地+建物),臺南市安平區永華8街211號5樓之8,0.0,住,,,1060209,土地1建物1車位0,五層,9,華廈(10層含以下有電梯),住家用,鋼筋混凝土造,0831107,71.54,3,2,2,有,無,有,14000,196,,0.0,0,,RPQPMLOKKHMFFAD87CC
安南區,建物,臺南市安南區安通三街98巷2號,0.0,,,,1060116,土地0建物1車位0,全,4,透天厝,見其他登記事項,鋼筋混凝土造,1001017,315.3,3,1,4,有,無,有,20000,63,,0.0,0,,RPVNMLOKKHMFFBD28CC
永康區,建物,臺南市永康區大橋一街150號,0.0,住,,,1060213,土地0建物1車位0,一層,5,公寓(5樓含以下無電梯),住家用,鋼筋混凝土造,0731029,141.92,2,1,1,有,無,無,18000,127,,0.0,0,1.合約書無填具土地租賃面積2.由所有權人提供出租資訊3.承租範圍B1+1+2樓.,RPQPMLOKKHMFFHR37CC
永康區,建物,臺南市永康區大橋一街57之5號十樓之35,0.0,住,,,1060115,土地0建物0車位0,十層,14,住宅大樓(11層含以上有電梯),住家用,鋼筋混凝土造,0880824,21.28,1,1,1,有,有,有,5400,254,,0.0,0,,RPUPMLOKKHMFFHR77CC
安平區,建物,臺南市安平區建平九街93號,0.0,商,,,1060117,土地0建物1車位0,全,1,透天厝,住家用,磚造,0830709,82.72,0,0,0,無,無,無,47000,568,,0.0,0,,RPRNMLPKKHMFFAD87CC
北區,房地(土地+建物),臺南市北區開元路125號,91.0,商,,,1060213,土地1建物1車位0,一層,1,店面(店鋪),住家用,磚造,,48.76,0,1,1,有,無,無,13000,267,,0.0,0,,RPTOMLPKKHMFFAD18CC
東區,建物,臺南市東區崇明路708號,0.0,住,,,1060215,土地0建物1車位0,全,5,透天厝,見其他登記事項,鋼筋混凝土構造,0960626,110.65,3,1,2,有,無,無,22000,199,,0.0,0,1.合約書無填具土地租賃面積2.由所有權人提供出租資訊3.透天分租3樓,RPUNMLPKKHMFFCD38CC
東區,房地(土地+建物),臺南市東區崇道路86號,24.73,住,,,1060210,土地1建物1車位0,一層,8,店面(店鋪),住商用,鋼筋混凝土構造,0811019,37.96,0,1,1,有,無,有,9000,237,,0.0,0,,RPXNMLPKKHMFFCD68CC
安平區,房地(土地+建物),臺南市安平區台南市安平區怡平路442巷18號,92.0,住,,,1060117,土地1建物1車位0,全,4,透天厝,住商用,鋼筋混凝土造,0820327,19.27,5,2,4,有,無,無,23000,1194,,0.0,0,,RPXOMLQKKHMFFAD68CC
永康區,房地(土地+建物),臺南市永康區永大路三段407號,88.0,住,,,1060212,土地1建物1車位0,全,4,透天厝,住商用,鋼筋混凝土造,0951227,257.1,4,2,4,有,無,有,28000,109,,0.0,0,,RPSQMLQKKHMFFHR87CC
新市區,房地(土地+建物),臺南市新市區中山路195巷4號,222.71,其他,,,1060214,土地1建物1車位0,見其他登記事項,2,工廠,工業用,鋼造,0831206,159.24,0,0,0,無,無,無,13000,,,0.0,0,,RPUNMLQKKHMFFER47CC
永康區,建物,臺南市永康區復華八街47巷36號八樓之3,0.0,住,,,1060215,土地0建物1車位0,八層,10,華廈(10層含以下有電梯),住家用,鋼筋混凝土造,0850426,62.33,2,2,1,有,無,有,8500,136,,0.0,0,,RPPNMLRKKHMFFHR37CC
中西區,建物,臺南市中西區金華路三段252號二十樓之10,0.0,商,,,1060216,土地0建物1車位0,二十層,20,住宅大樓(11層含以上有電梯),住家用,鋼筋混凝土造,0870219,27.79,1,1,1,有,有,有,10000,360,,0.0,0,,RPXNMLRKKHMFFAD68CC
安平區,建物,臺南市安平區建平十七街121號九樓之6,0.0,商,,,1060217,土地0建物1車位0,九層,16,住宅大樓(11層含以上有電梯),住家用,鋼筋混凝土造,0840819,88.09,1,1,1,有,有,有,12000,136,,0.0,0,,RPOOMLRKKHMFFAD87CC
東區,房地(土地+建物),臺南市東區小東路352號,56.0,住,,,1060209,土地1建物1車位0,全,2,透天厝,住商用,加強磚造,0631211,88.47,2,2,2,有,無,無,28000,316,,0.0,0,,RPXNMLRKKHMFFCD88CC
東區,房地(土地+建物),臺南市東區中華東路二段169號四樓之3,4.23,其他,,,1060121,土地1建物1車位0,四層,14,套房(1房1廳1衛),住家用,鋼筋混凝土構造,0970229,34.2,1,0,1,有,有,有,9000,263,,0.0,0,,RPVOMLSKKHMFFCD88CC
東區,房地(土地+建物),臺南市東區中華東路二段167號九樓之19,4.65,其他,,,1060121,土地1建物1車位0,九層,14,套房(1房1廳1衛),住家用,鋼筋混凝土構造,0970229,51.92,1,0,1,有,有,有,10000,193,,0.0,0,,RPWOMLSKKHMFFCD98CC
安南區,房地(土地+建物),臺南市安南區北安路三段392號,76.5,其他,,,1060210,土地3建物1車位0,見其他登記事項,5,店面(店鋪),住商用,鋼筋混凝土造,0820310,237.44,6,3,3,有,無,無,19900,84,,0.0,0,,RPVNMLKLKHMFFBD97CC
新營區,土地,興業段9地號,82.91,商,,,1060204,土地1建物0車位0,,,其他,,,,0.0,0,0,0,有,無,無,10000,121,,0.0,0,含未保存登記建物。,RPQNMLKLKHMFFAR78CC
永康區,建物,臺南市永康區中華路578巷17之39號,0.0,住,,,1060219,土地0建物1車位0,七層,17,住宅大樓(11層含以上有電梯),住家用,鋼筋混凝土造,0810723,106.78999999999999,3,2,2,有,無,有,10000,94,,0.0,0,,RPQOMLLLKHMFFHR07CC
永康區,建物,臺南市永康區忠勇街32巷24號,0.0,住,,,1060217,土地0建物1車位0,全,4,透天厝,住商用,鋼筋混凝土造,0780530,38.03,0,1,1,有,無,有,11000,289,,0.0,0,1.合約書無填具土地租賃面積.2.由所有權人提供出租資訊3.此物件為透天分租實際承租樓層為一F,RPROMLLLKHMFFHR17CC
中西區,房地(土地+建物),臺南市中西區中華西路二段638號,125.28,其他,,,1060218,土地1建物1車位0,見其他登記事項,5,店面(店鋪),見其他登記事項,見其他登記事項,0940408,355.37,4,3,5,有,無,無,35000,98,,0.0,0,,RPVNMLLLKHMFFAD97CC
北區,土地,大港段93地號,0.0,其他,,,1060220,土地1建物0車位0,,,其他,,,,0.0,0,0,0,有,無,無,10000,0,,0.0,0,,RPTNMLMLKHMFFAD87CC
中西區,房地(土地+建物),臺南市中西區民權路3段400巷21號9樓,0.0,住,,,1060213,土地1建物1車位0,九層,10,華廈(10層含以下有電梯),見其他登記事項,鋼筋混凝土造,0880730,81.97,3,2,2,有,無,有,16000,195,,0.0,0,,RPSOMLMLKHMFFAD87CC
東區,建物,臺南市東區富農街一段199巷7號4樓,0.0,住,,,1060124,土地0建物1車位0,四層,11,住宅大樓(11層含以上有電梯),住家用,鋼筋混凝土構造,0801121,173.92000000000002,4,2,2,有,有,無,17000,98,,0.0,0,,RPTNMLMLKHMFFCD08CC
東區,房地(土地+建物),臺南市東區仁和路139巷41號,0.0,住,,,1060215,土地1建物1車位0,見其他登記事項,9,華廈(10層含以下有電梯),住商用,鋼筋混凝土造,0840810,105.03,3,2,3,有,無,有,15000,143,,0.0,0,租賃合約書無填寫土地租賃.租金含管理費,RPUNMLMLKHMFFCD18CC
東區,建物,臺南市東區林森路二段206號之8,0.0,住,,,1060125,土地0建物1車位0,九層,12,住宅大樓(11層含以上有電梯),住家用,鋼筋混凝土構造,0730118,93.06,3,1,1,有,有,有,12000,129,,0.0,0,,RPVNMLMLKHMFFCD28CC
東區,建物,臺南市東區光明街76號3樓之2,0.0,住,,,1060212,土地0建物1車位0,三層,5,公寓(5樓含以下無電梯),住家用,鋼筋混凝土構造,0680111,68.36,3,2,2,有,無,有,10000,146,,0.0,0,,RPWNMLMLKHMFFCD38CC
東區,建物,臺南市東區衛國街112巷38之2號,0.0,住,,,1060206,土地0建物1車位0,三層,7,華廈(10層含以下有電梯),見其他登記事項,鋼筋混凝土構造,0690522,87.22,2,2,2,有,無,無,8500,97,,0.0,0,,RPXNMLMLKHMFFCD48CC
永康區,建物,臺南市永康區忠義街60巷1號十三樓之10,0.0,商,,,1060218,土地0建物1車位0,十三層,15,住宅大樓(11層含以上有電梯),見其他登記事項,鋼筋混凝土造,0840331,49.34,1,1,1,有,有,有,9000,182,,0.0,0,,RPOQMLMLKHMFFHR17CC
永康區,建物,臺南市永康區忠義街60巷3號十二樓之4,0.0,商,,,1060222,土地0建物1車位0,十二層,15,住宅大樓(11層含以上有電梯),見其他登記事項,鋼筋混凝土造,0840331,61.21,1,1,1,有,有,有,11500,188,,0.0,0,,RPQQMLMLKHMFFHR37CC
安南區,建物,臺南市安南區海佃路二段417巷15號,0.0,住,,,1060221,土地0建物1車位0,全,2,透天厝,住商用,加強磚造,0680601,106.66,3,1,2,有,無,無,8000,75,,0.0,0,,RPPNMLMLKHMFFBD57CC
永康區,房地(土地+建物),臺南市永康區復興路268號,47.66,住,,,1060220,土地1建物1車位0,全,3,透天厝,住商用,鋼筋混凝土造,0741123,117.45,4,2,3,有,無,無,16000,136,,0.0,0,,RPVNMLNLKHMFFHR77DC
永康區,土地,自強段518地號,0.0,住,,,1060221,土地1建物0車位0,,,其他,,,,0.0,0,0,0,有,無,無,43000,0,,0.0,0,1.合約書無填具土地租賃面積.2.由所有權人提供出租資訊3.租賃物含未保存登記的建物承租樓層:鐵皮屋整棟承租,RPTNMLNLKHMFFHR47CC
東區,建物,臺南市東區東區崇善路600號,0.0,,,,1060126,土地0建物1車位0,全,4,透天厝,住家用,鋼筋混凝土造,1030626,279.03,5,3,7,有,無,無,50000,179,,0.0,0,,RPOOMLNLKHMFFCD77CC
東區,建物,臺南市東區長榮路一段256號四樓之7,0.0,,,,1060203,土地0建物1車位0,四層,12,辦公商業大樓,商業用,鋼筋混凝土構造,0821216,65.69,0,1,1,有,有,無,7500,114,,0.0,0,,RPROMLNLKHMFFCD08CC
南區,建物,臺南市南區水交社路80巷28號四樓,0.0,,,,1060205,土地0建物1車位0,五層,7,華廈(10層含以下有電梯),見其他登記事項,鋼筋混凝土構造,1031016,98.22,2,1,2,有,有,有,17000,173,,0.0,0,,RPUPMLNLKHMFFCD48CC
安平區,房地(土地+建物)+車位,臺南市安平區永華路二段379號2樓之2,25.67,住,,,1060211,土地1建物1車位1,二層,19,住宅大樓(11層含以上有電梯),見其他登記事項,見其他登記事項,1040825,293.26,3,2,2,有,有,有,32000,109,坡道平面,169.72,0,,RPTNMLNLKHMFFAD97CC
中西區,建物,臺南市中西區康樂街102號五樓之2,0.0,住,,,1060124,土地0建物0車位0,五層,10,華廈(10層含以下有電梯),商業用,鋼筋混凝土造,0711015,22.56,1,1,1,有,無,有,5500,244,,0.0,0,,RPXNMLNLKHMFFAD38CC
中西區,建物,臺南市中西區萬昌街133號二樓之5,0.0,商,,,1060217,土地0建物1車位0,二層,11,住宅大樓(11層含以上有電梯),見其他登記事項,見其他登記事項,0950713,38.120000000000005,1,1,1,有,無,有,9000,236,,0.0,0,,RPPNMLOLKHMFFAD67CC
東區,房地(土地+建物),臺南市東區崇德路269號五樓,56.0,住,,,1060223,土地1建物1車位0,五層,5,華廈(10層含以下有電梯),住家用,鋼筋混凝土構造,0761020,243.17,2,1,2,有,無,無,25000,103,,0.0,0,,RPPNMLOLKHMFFCD87CC
北區,建物,臺南市北區長榮路五段401巷85號,0.0,住,,,1060212,土地0建物0車位0,全,1,透天厝,住家用,加強磚造,0570429,46.57,3,2,1,有,無,有,3500,75,,0.0,0,,RPXOMLLJLHMFFAD18CC
中西區,建物,臺南市中西區衛民街62號五樓之12,0.0,商,,,1060208,土地0建物1車位0,五層,9,華廈(10層含以下有電梯),見其他登記事項,見其他登記事項,0950713,77.47,2,1,1,有,無,有,15500,200,,0.0,0,,RPTQMLLJLHMFFAD97CC
永康區,房地(土地+建物),臺南市永康區中華路1之130號,8.69,商,,,1060216,土地1建物1車位0,二十層,24,辦公商業大樓,見其他登記事項,鋼造,0791205,143.99,2,1,0,有,有,無,19500,135,,0.0,0,,RPPNMLLJLHMFFHR76CC
永康區,房地(土地+建物)+車位,臺南市永康區東橋一路580號4樓之3,29.35,住,,,1060301,土地1建物1車位1,四層,16,住宅大樓(11層含以上有電梯),住家用,見其他登記事項,1050829,166.82999999999998,3,2,2,有,有,有,20000,120,坡道平面,0.0,0,,RPVNMLLJLHMFFHR37CC
永康區,房地(土地+建物),臺南市永康區中華路665號,22.05,商,,,1060228,土地1建物1車位0,見其他登記事項,14,住宅大樓(11層含以上有電梯),住商用,鋼筋混凝土造,0850408,165.33,2,2,2,有,無,無,28000,169,,0.0,0,,RPXNMLLJLHMFFHR57CC
永康區,房地(土地+建物),臺南市永康區中正路217巷3弄32號,512.47,工,,,1060211,土地2建物1車位0,見其他登記事項,2,廠辦,見其他登記事項,見其他登記事項,0780913,290.42,8,2,5,有,無,無,60000,207,,0.0,0,,RPQOMLLJLHMFFHR96CC
永康區,房地(土地+建物)+車位,臺南市永康區東橋一路580號4樓之3,29.35,住,,,1060301,土地1建物1車位1,四層,16,住宅大樓(11層含以上有電梯),住家用,見其他登記事項,1050829,166.82999999999998,3,2,2,有,有,有,20000,120,坡道平面,0.0,0,,RPRNMLLJLHMFFHR07DC
永康區,房地(土地+建物),臺南市永康區中華路665號,20.52,商,,,1060228,土地1建物1車位0,見其他登記事項,3,店面(店鋪),住商用,鋼筋混凝土造,0850408,69.71,2,2,2,有,有,有,28000,402,,0.0,0,,RPUNMLLJLHMFFHR37DC
新營區,房地(土地+建物),臺南市新營區隋唐街277號,130.14,住,,,1060213,土地1建物1車位0,全,5,透天厝,住商用,鋼筋混凝土造,0830810,57.17,0,3,1,有,無,無,13000,227,,0.0,0,,RPSNMLLJLHMFFAR98CC
仁德區,房地(土地+建物),臺南市仁德區太乙一街28號,401.41,工,,,1060203,土地2建物1車位0,見其他登記事項,1,工廠,工業用,見其他登記事項,0891009,164.64,0,0,0,無,無,無,28000,,,0.0,0,,RPXNMLLJLHMFFFR37CC
安南區,土地,溪心段1337-11地號,0.0,農,,,1060228,土地1建物0車位0,,,其他,,,,0.0,0,0,0,有,無,無,40000,0,,0.0,0,,RPPNMLMJLHMFFBD47CC
永康區,房地(土地+建物)+車位,臺南市永康區復國路60號8樓之1,0.0,住,,,1060228,土地1建物1車位1,八層,14,住宅大樓(11層含以上有電梯),住家用,鋼筋混凝土造,0960920,99.27,3,2,2,有,無,無,14000,141,坡道平面,67.8,0,租賃合約書無連寫土地租賃.汽車位坪數包含在公共設施中.無單獨列出坪數,RPRNMLMJLHMFFHR07CC
永康區,建物,臺南市永康區中華路7巷20弄36號十七樓之2,0.0,住,,,1060224,土地0建物1車位0,十七層,17,住宅大樓(11層含以上有電梯),住家用,鋼筋混凝土造,0840407,116.39,3,2,2,有,有,有,17000,146,,0.0,0,1.合約書無填具土地租賃面積2.由所有權人提供出租資訊3.租金已包含車位,RPWNMLMJLHMFFHR57CC
北區,房地(土地+建物),臺南市北區海安路三段580號,112.2,其他,,,1060301,土地1建物1車位0,全,5,透天厝,見其他登記事項,見其他登記事項,0930830,325.09,7,0,5,有,無,無,50000,154,,0.0,0,,RPSNMLMJLHMFFAD67CC
中西區,房地(土地+建物),臺南市中西區友愛街54號,76.39,商,,,1060222,土地2建物1車位0,見其他登記事項,4,店面(店鋪),住商用,鋼筋混凝土造,0601006,223.12,7,2,4,有,無,無,58000,260,,0.0,0,,RPQOMLMJLHMFFAD57CC
東區,房地(土地+建物)+車位,臺南市東區崇明路473號3樓之1,0.0,住,,,1060225,土地1建物1車位1,三層,8,華廈(10層含以下有電梯),住家用,鋼筋混凝土構造,0830519,85.2,3,2,2,有,無,有,12000,141,坡道平面,44.9,0,租賃合約書無填寫土地租賃.汽車位坪數包含在公共設施中.無單獨列出坪數,RPSNMLMJLHMFFCD87CC
中西區,房地(土地+建物),臺南市中西區西門路二段61號,84.16,住,,,1060302,土地2建物1車位0,全,2,透天厝,住商用,磚造,0220101,106.82,0,0,0,無,無,無,23000,215,,0.0,0,,RPOPMLNJLHMFFAD57CC
中西區,房地(土地+建物),臺南市中西區忠義路二段１３９號,47.91,商,,,1060225,土地1建物1車位0,見其他登記事項,2,店面(店鋪),商業用,磚造,0040101,89.52,0,2,1,有,無,無,15000,168,,0.0,0,,RPSPMLNJLHMFFAD97CC
永康區,建物,臺南市永康區大橋三街50之3號,0.0,住,,,1060301,土地0建物1車位0,四層,6,華廈(10層含以下有電梯),住家用,鋼筋混凝土造,0840324,194.2,3,1,2,有,無,無,19000,98,,0.0,0,,RPQNMLNJLHMFFHR07CC
永康區,房地(土地+建物),臺南市永康區中山東路80號,79.71,其他,,,1060216,土地1建物1車位0,見其他登記事項,2,店面(店鋪),見其他登記事項,鋼筋混凝土造,0700224,128.47,3,2,2,有,無,無,18000,140,,0.0,0,,RPPNMLOJLHMFFHR07CC
安平區,房地(土地+建物),臺南市安平區育平七街2號4樓之8,21.9,住,,,1060220,土地1建物1車位0,四層,8,華廈(10層含以下有電梯),住家用,鋼筋混凝土造,0850816,89.73,3,2,2,有,無,有,13500,150,,0.0,0,,RPPNMLOJLHMFFAD57CC
安平區,房地(土地+建物),臺南市安平區安平路138號,641.44,其他,,,1060224,土地1建物1車位0,見其他登記事項,2,店面(店鋪),住工用,加強磚造,0571017,582.6,0,0,0,無,無,無,150000,257,,0.0,0,,RPQNMLOJLHMFFAD67CC
永康區,房地(土地+建物),臺南市永康區中山北路756號工業廠房,2150.0,工,,,1060220,土地1建物3車位0,見其他登記事項,2,廠辦,工業用,加強磚造,0690628,1447.9,0,0,0,無,無,無,135000,93,,0.0,0,,RPVNMLQJLHMFFHR87CC
永康區,建物,臺南市永康區中華路473號五樓之3,0.0,住,,,1060209,土地0建物1車位0,五層,7,華廈(10層含以下有電梯),住家用,鋼筋混凝土造,0831006,106.68,2,2,1,有,無,有,17000,159,,0.0,0,,RPWOMLRJLHMFFHR18CC
新營區,房地(土地+建物),臺南市新營區復興路142-1號,65.87,商,,,1060222,土地1建物1車位0,全,3,透天厝,住商用,鋼筋混凝土加強磚造,0561012,193.55,4,3,3,有,無,有,15000,77,,0.0,0,,RPPNMLRJLHMFFAR66CC
中西區,建物,臺南市中西區西華南街36巷10號三樓之2,0.0,商,,,1060306,土地0建物1車位0,三層,3,公寓(5樓含以下無電梯),住家用,鋼筋混凝土造,0840313,40.56,1,1,1,有,無,有,8500,210,,0.0,0,,RPVOMLRJLHMFFAD58CC
北區,房地(土地+建物),臺南市北區開元路64-4號,100.0,商,,,1060302,土地2建物1車位0,見其他登記事項,4,店面(店鋪),住商用,鋼筋混凝土造,0700703,303.38,0,0,0,無,無,無,25000,82,,0.0,0,,RPRPMLRJLHMFFAD28CC
東區,房地(土地+建物),臺南市東區東寧路59號1樓,82.64,住,,,1060225,土地1建物1車位0,一層,2,店面(店鋪),住商用,加強磚造,0670824,82.64,0,0,0,無,無,無,45000,545,,0.0,0,,RPXNMLRJLHMFFCD88CC
南區,土地,鹽埕段1-348地號,960.0,商,,,1060302,土地3建物0車位0,,,其他,,,,0.0,0,0,0,有,無,無,410000,427,,0.0,0,,RPPOMLRJLHMFFCD18CC
東區,房地(土地+建物),臺南市東區中華東路二段169號十二樓之8,3.17,其他,,,1060209,土地1建物1車位0,十二層,14,套房(1房1廳1衛),住家用,鋼筋混凝土構造,0970229,35.92,1,0,1,有,有,有,8000,223,,0.0,0,,RPOPMLRJLHMFFCD18CC
南區,房地(土地+建物),臺南市南區國華街一段155號,56.0,住,,,1060226,土地1建物1車位0,全,2,透天厝,住家用,見其他登記事項,0570730,104.64,3,2,2,有,無,無,18000,172,,0.0,0,,RPWNMLSJLHMFFCD88CC
東區,房地(土地+建物),臺南市東區中華東路二段169號十三樓之21,2.96,其他,,,1060210,土地1建物1車位0,十三層,14,套房(1房1廳1衛),住家用,鋼筋混凝土構造,0970229,33.89,1,0,1,有,有,有,7500,221,,0.0,0,,RPOOMLSJLHMFFCD18CC
東區,房地(土地+建物),臺南市東區中華東路二段167號五樓之7,2.96,其他,,,1060210,土地1建物1車位0,五層,14,套房(1房1廳1衛),住家用,鋼筋混凝土構造,0970229,34.2,1,0,1,有,有,有,7500,219,,0.0,0,,RPPOMLSJLHMFFCD28CC
南區,建物,臺南市南區新興路183巷16弄19號,0.0,,,,1060210,土地0建物1車位0,見其他登記事項,2,公寓(5樓含以下無電梯),住家用,加強磚造,0591024,18.0,2,1,1,有,無,有,12000,667,,0.0,0,,RPSPMLSJLHMFFCD68CC
東區,建物,臺南市東區裕豐街101號五樓之7,0.0,,,,1060214,土地0建物1車位0,五層,5,公寓(5樓含以下無電梯),住家用,鋼筋混凝土構造,0740713,107.54,1,1,1,有,無,有,8000,74,,0.0,0,,RPTPMLSJLHMFFCD78CC
安平區,房地(土地+建物),臺南市安平區華平路666號,132.35,住,,,1060307,土地1建物1車位0,全,5,透天厝,見其他登記事項,鋼筋混凝土造,0971106,352.46,6,3,5,有,無,有,62000,176,,0.0,0,,RPVNMLSJLHMFFAD58CC
中西區,建物,臺南市中西區永福路二段125號,0.0,,,,1060213,土地0建物1車位0,全,4,透天厝,住商用,鋼筋混凝土造,0790305,50.82,1,1,1,有,無,有,6500,128,,0.0,0,,RPWNMLSJLHMFFAD68CC
中西區,建物,臺南市中西區開山路141號,0.0,,,,1060215,土地0建物1車位0,一層,4,店面(店鋪),住家用,鋼筋混凝土造,0670602,65.21,0,1,1,有,無,無,28000,429,,0.0,0,,RPXNMLSJLHMFFAD78CC
安南區,建物,臺南市安南區海佃路二段58號,0.0,,,,1060217,土地0建物4車位0,見其他登記事項,1,店面(店鋪),商業用,見其他登記事項,1041005,369.57,0,0,4,有,無,無,160000,433,,0.0,0,,RPQOMLSJLHMFFBD28CC
仁德區,建物,臺南市仁德區仁和里和愛街11號七樓之2,0.0,,,,1060219,土地0建物1車位0,七層,14,住宅大樓(11層含以上有電梯),住家用,鋼筋混凝土造,0990422,168.56,3,2,2,有,有,無,13000,77,,0.0,0,,RPQNMLTJLHMFFFR47CC
永康區,房地(土地+建物),臺南市永康區永大路二段1069號,359.9,住,,,1060307,土地1建物1車位0,一層,1,店面(店鋪),見其他登記事項,見其他登記事項,1050910,232.11,0,0,0,無,無,無,62000,267,,0.0,0,,RPTNMLTJLHMFFHR97CC
中西區,建物,臺南市中西區頂美一街7號三樓之23,0.0,,,,1060220,土地0建物1車位0,三層,7,華廈(10層含以下有電梯),住家用,鋼筋混凝土造,0661202,36.0,1,0,1,有,有,有,7500,208,,0.0,0,,RPPNMLTJLHMFFAD08CC
中西區,建物,臺南市中西區南門路48巷14之3號,0.0,,,,1060221,土地0建物1車位0,四層,4,公寓(5樓含以下無電梯),住家用,鋼筋混凝土造,0711207,131.95,3,2,2,有,無,無,10000,76,,0.0,0,,RPSNMLTJLHMFFAD38CC
北區,建物,臺南市北區中華北路一段85號,0.0,,,,1060221,土地0建物1車位0,二層,2,店面(店鋪),見其他登記事項,見其他登記事項,1030625,121.72,1,1,2,有,無,無,36000,296,,0.0,0,,RPUNMLTJLHMFFAD58CC
中西區,建物,臺南市中西區青年路7號,0.0,,,,1060223,土地0建物1車位0,全,2,透天厝,住家用,見其他登記事項,0180516,106.2,4,2,2,有,無,無,50000,471,,0.0,0,,RPVNMLTJLHMFFAD68CC
安平區,建物,臺南市安平區育平路68號十二樓之3,0.0,,,,1060221,土地0建物1車位0,十二層,14,住宅大樓(11層含以上有電梯),見其他登記事項,見其他登記事項,1021225,84.93,2,1,1,有,有,有,17000,200,,0.0,0,,RPWNMLTJLHMFFAD78CC
南區,建物,臺南市南區水交社路80巷38號四樓,0.0,,,,1060220,土地0建物1車位0,四層,7,華廈(10層含以下有電梯),見其他登記事項,鋼筋混凝土構造,1031016,188.78,4,2,2,有,有,有,30000,159,,0.0,0,,RPQNMLTJLHMFFCD38CC
南區,建物,臺南市南區健康路一段391巷19號五樓,0.0,,,,1060224,土地0建物1車位0,五層,5,公寓(5樓含以下無電梯),住家用,鋼筋混凝土構造,0710201,73.48,3,1,1,有,無,有,6000,82,,0.0,0,,RPUNMLTJLHMFFCD78CC
東區,建物,臺南市東區中華東路三段24巷2號五樓,0.0,,,,1060228,土地0建物1車位0,五層,5,公寓(5樓含以下無電梯),住家用,鋼筋混凝土構造,0701222,69.77,2,2,2,有,無,有,10000,143,,0.0,0,,RPWNMLTJLHMFFCD98CC
南區,建物,臺南市南區新興路183巷16弄13號,0.0,住,,,1060302,土地0建物1車位0,全,2,透天厝,住家用,加強磚造,0591024,59.5,2,1,1,有,無,有,12000,202,,0.0,0,,RPPOMLTJLHMFFCD38CC
南區,土地,新都段28-3地號,112.62,住,,,1060306,土地1建物0車位0,,,其他,,,,0.0,0,0,0,有,無,無,5000,44,,0.0,0,,RPQOMLTJLHMFFCD48CC
東區,建物,臺南市東區光華街12號九樓之3,0.0,,,,1060305,土地0建物1車位0,九層,9,華廈(10層含以下有電梯),住家用,鋼筋混凝土構造,0831111,119.19,2,2,2,有,有,有,15000,126,,0.0,0,,RPROMLTJLHMFFCD58CC
南區,建物,臺南市南區國華街一段135號,0.0,,,,1060310,土地0建物1車位0,全,3,透天厝,住商用,加強磚造,0601013,218.32,6,2,3,有,無,無,15000,69,,0.0,0,,RPWNMLKKLHMFFCD18CC
安平區,房地(土地+建物),臺南市安平區安北路152巷10號,88.06,住,,,1060307,土地1建物1車位0,全,4,透天厝,住家用,鋼筋混凝土造,0830303,67.21,5,2,4,有,無,有,23000,342,,0.0,0,,RPPNMLKKLHMFFAD27CC
南區,房地(土地+建物),臺南市南區明興路51號,4213.71,住,,,1060307,土地2建物1車位0,見其他登記事項,1,店面(店鋪),見其他登記事項,見其他登記事項,1041112,379.86,0,0,0,無,無,無,75000,197,,0.0,0,,RPSNMLKKLHMFFCD87DC
中西區,房地(土地+建物),臺南市中西區衛民街89號2~3樓,257.18,住,,,1060307,土地1建物1車位0,二層,6,店面(店鋪),住家用,鋼筋混凝土造,0800826,342.24,0,0,0,無,無,無,45000,131,,0.0,0,,RPTNMLMKLHMFFAD87CC
中西區,房地(土地+建物),臺南市中西區衛民街89號4樓,257.18,住,,,1060307,土地1建物1車位0,四層,6,店面(店鋪),住家用,鋼筋混凝土造,0800826,171.12,0,0,0,無,無,無,25000,146,,0.0,0,,RPUNMLMKLHMFFAD97CC
北區,房地(土地+建物),臺南市北區公園南路365號12樓之12,6.16,住,,,1060212,土地1建物1車位0,十二層,14,住宅大樓(11層含以上有電梯),見其他登記事項,見其他登記事項,0960824,31.36,1,0,1,有,有,有,8000,255,,0.0,0,,RPVNMLMKLHMFFAD08CC
南區,房地(土地+建物),臺南市南區中華西路一段81號,2720.0,工,,,1060302,土地1建物1車位0,見其他登記事項,2,工廠,見其他登記事項,見其他登記事項,0680628,1294.7,0,0,0,無,無,無,310000,,,0.0,0,,RPPNMLMKLHMFFCD67CC
中西區,房地(土地+建物),臺南市中西區民族路二段130號1+2F,100.82,商,,,1060310,土地2建物1車位0,二層,4,店面(店鋪),住商用,鋼筋混凝土造,0660906,174.08,0,0,0,無,無,無,65000,373,,0.0,0,,RPTNMLNKLHMFFAD97CC
安南區,房地(土地+建物),臺南市安南區安吉路一段119號,96.49,住,,,1060313,土地1建物1車位0,見其他登記事項,4,店面(店鋪),住商用,鋼筋混凝土造,0950105,215.03,6,2,4,有,無,有,25000,116,,0.0,0,,RPTNMLNKLHMFFBD08CC
安平區,房地(土地+建物),臺南市安平區建平十七街43號12F-10,9.91,住,,,1060310,土地1建物1車位0,十二層,17,住宅大樓(11層含以上有電梯),住家用,鋼筋混凝土造,0831011,119.14,3,2,2,有,有,有,12000,101,,0.0,0,,RPPNMLOKLHMFFAD77DC
安平區,房地(土地+建物)+車位,臺南市安平區建平七街677號8F-22,26.33,住,,,1060305,土地1建物1車位1,八層,12,住宅大樓(11層含以上有電梯),住家用,鋼筋混凝土造,0830914,192.7,4,2,2,有,有,有,17000,88,坡道平面,0.0,0,,RPRNMLOKLHMFFAD97DC
永康區,建物,臺南市永康區中山路354號三樓之9,0.0,商,,,1060312,土地0建物1車位0,三層,26,住宅大樓(11層含以上有電梯),住家用,鋼筋混凝土造,0851106,77.77,3,2,2,有,無,無,10000,129,,0.0,0,,RPTNMLOKLHMFFHR57CC
中西區,建物,臺南市中西區永福路一段15號,0.0,,,,1060313,土地0建物1車位0,一層,4,店面(店鋪),住商用,鋼筋混凝土造,0660713,40.99,0,0,1,有,無,無,15000,366,,0.0,0,,RPSOMLOKLHMFFAD08CC
安平區,房地(土地+建物),臺南市安平區永華路2段248號13樓之6,11.69,商,,,1060224,土地1建物1車位0,十三層,23,辦公商業大樓,商業用,鋼骨鋼筋混凝土造,0840126,210.44,0,0,0,無,有,無,22000,105,,0.0,0,,RPTOMLOKLHMFFAD18CC
東區,房地(土地+建物),臺南市東區中華東路二段167號11樓之5,2.96,其他,,,1060213,土地1建物1車位0,十一層,14,套房(1房1廳1衛),住家用,鋼筋混凝土構造,0970229,34.33,1,0,1,有,有,有,7500,218,,0.0,0,,RPPPMLOKLHMFFCD08CC
南區,房地(土地+建物),臺南市南區新興路91巷20號,192.99,住,,,1060315,土地1建物1車位0,全,3,透天厝,住家用,加強磚造,0620609,233.06,6,3,5,有,無,無,25000,107,,0.0,0,,RPVOMLPKLHMFFCD68CC
中西區,房地(土地+建物),臺南市中西區民生路二段314號,129.0,住,,,1060301,土地1建物1車位0,全,2,透天厝,住家用,磚造,0510101,135.8,2,1,2,有,無,無,23000,169,,0.0,0,,RPPOMLPKLHMFFAD87CC
永康區,房地(土地+建物),臺南市永康區中華路1-50號10樓,10.85,其他,,,1060220,土地1建物1車位0,十層,24,辦公商業大樓,見其他登記事項,鋼造,0791205,118.65,4,1,0,有,無,無,19000,160,,0.0,0,,RPWOMLPKLHMFFHR08CC
安南區,建物,臺南市安南區北安路三段145巷8號,0.0,住,,,1060314,土地0建物1車位0,全,4,透天厝,見其他登記事項,鋼筋混凝土造,0840309,146.22,3,2,4,有,無,有,16000,109,,0.0,0,,RPQNMLPKLHMFFBD97CC
安南區,建物,臺南市安南區安和路一段150巷20弄5號,0.0,住,,,1060302,土地0建物1車位0,全,2,透天厝,住家用,加強磚造,0661027,72.16,4,2,2,有,無,無,14000,194,,0.0,0,,RPVNMLQKLHMFFBD58CC
鹽水區,房地(土地+建物),臺南市鹽水區田寮里田寮2鄰25之1號,17586.0,,特定農業區,丁種建築用地,1060225,土地1建物1車位0,一層,1,農舍,農業用,磚造,065,6586.0,0,0,0,有,無,有,250000,,,0.0,0,,RPSNMLQKLHMFFAR96CC
永康區,房地(土地+建物),臺南市永康區復興路13號,84.39,住,,,1060308,土地1建物1車位0,見其他登記事項,5,店面(店鋪),住商用,鋼筋混凝土造,0920929,187.76,5,2,6,有,無,無,40000,213,,0.0,0,,RPRNMLQKLHMFFHR57CC
永康區,建物,臺南市永康區復華六街６７巷１５號四樓之１,0.0,住,,,1060215,土地0建物1車位0,四層,5,公寓(5樓含以下無電梯),住家用,見其他登記事項,1050202,73.97,2,1,1,有,有,有,18000,243,,0.0,0,租金含管理費。,RPWNMLQKLHMFFHR08CC
永康區,建物,臺南市永康區中華二路266巷32號6樓之1,0.0,住,,,1060225,土地0建物1車位0,六層,7,華廈(10層含以下有電梯),住家用,鋼筋混凝土造,0870602,32.7,1,1,1,有,有,有,7000,214,,0.0,0,,RPOOMLQKLHMFFHR37CC
永康區,建物,臺南市永康區民族路145巷79號,0.0,住,,,1060302,土地0建物1車位0,全,2,透天厝,住家用,加強磚造,0730827,103.46,3,1,2,有,無,無,10000,97,,0.0,0,,RPPOMLQKLHMFFHR47CC
北區,房地(土地+建物),臺南市北區公園南路362巷2號八樓之2,14.81,住,,,1060223,土地1建物1車位0,八層,25,住宅大樓(11層含以上有電梯),住家用,鋼筋混凝土造,0840104,54.519999999999996,4,2,2,有,有,有,19000,348,,0.0,0,,RPUNMLQKLHMFFAD38CC
安平區,建物,臺南市安平區健康三街12巷1號7樓之23,0.0,住,,,1060220,土地0建物1車位0,七層,14,住宅大樓(11層含以上有電梯),見其他登記事項,鋼筋混凝土造,0890822,72.1,2,1,1,有,有,有,11000,153,,0.0,0,,RPPOMLQKLHMFFAD97CC
東區,房地(土地+建物),臺南市東區中華東路二段169號十四樓之17,4.02,其他,,,1060217,土地1建物1車位0,十四層,14,套房(1房1廳1衛),住家用,鋼筋混凝土構造,0970229,45.46,1,1,1,有,有,有,9000,198,,0.0,0,,RPTNMLQKLHMFFCD48CC
東區,建物,臺南市東區裕農路288巷17號7樓,0.0,住,,,1060219,土地0建物1車位0,七層,12,住宅大樓(11層含以上有電梯),住家用,鋼筋混凝土構造,0800829,115.6,3,2,2,有,有,無,10000,87,,0.0,0,,RPQOMLQKLHMFFCD28CC
東區,建物,臺南市東區東安路251巷55號8樓之1,0.0,住,,,1060301,土地0建物1車位0,八層,9,華廈(10層含以下有電梯),住家用,鋼筋混凝土構造,0880703,180.27,3,2,2,有,有,無,25000,139,,0.0,0,,RPWOMLQKLHMFFCD88CC
東區,建物,臺南市東區東寧路２６之２號,0.0,商,,,1060301,土地0建物1車位0,一層,4,店面(店鋪),住家用,鋼筋混凝土構造,0700930,110.35,1,2,1,有,無,無,42000,381,,0.0,0,,RPTPMLRKLHMFFCD78CC
安平區,房地(土地+建物),臺南市安平區建平8街430號,0.0,住,,,1060307,土地1建物1車位0,全,3,透天厝,住家用,鋼筋混凝土造,0760806,121.6,5,2,4,有,無,無,21000,173,,0.0,0,,RPPNMLRKLHMFFAD97CC
善化區,房地(土地+建物),臺南市善化區信義路187號,88.03,其他,,,1060317,土地1建物1車位0,全,4,透天厝,住家用,鋼筋混凝土造,0910913,149.26,7,1,4,有,無,有,22000,147,,0.0,0,,RPRNMLRKLHMFFER37CC
永康區,土地,永中段144-5地號,629.66,其他,,,1060220,土地1建物0車位0,,,其他,,,,0.0,0,0,0,有,無,無,25000,40,,0.0,0,,RPRNMLSKLHMFFHR77CC
永康區,建物,臺南市永康區忠義街12號之1,76.48,住,,,1060316,土地0建物1車位0,全,4,透天厝,見其他登記事項,鋼筋混凝土造,0770811,241.47,5,2,3,有,無,無,18000,75,,0.0,0,,RPSNMLKLLHMFFHR17CC
安平區,房地(土地+建物),臺南市安平區育平五街2之1號,3266.0,住,,,1060306,土地1建物1車位0,一層,22,店面(店鋪),住商用,鋼筋混凝土造,0861021,111.79,1,2,2,有,無,無,15500,139,,0.0,0,,RPTNMLKLLHMFFAD77CC
北區,房地(土地+建物),臺南市北區北園街8巷12號19樓-1,6.02,住,,,1060315,土地1建物1車位0,十九層,19,住宅大樓(11層含以上有電梯),住家用,鋼筋混凝土造,0851202,34.34,1,0,0,無,有,有,5700,166,,0.0,0,,RPXNMLKLLHMFFAD18CC
中西區,建物,臺南市中西區忠孝街116巷7之7號,0.0,住,,,1060319,土地0建物1車位0,全,2,透天厝,住家用,加強磚造,0610622,71.92,4,2,4,有,無,無,12000,167,,0.0,0,,RPPPMLKLLHMFFAD57CC
中西區,建物,臺南市中西區五妃街258號二樓18,0.0,住,,,1060318,土地0建物1車位0,二層,8,華廈(10層含以下有電梯),見其他登記事項,鋼筋混凝土造,0931203,95.21,2,1,1,有,有,有,15000,158,,0.0,0,,RPRPMLKLLHMFFAD77CC
東區,建物,臺南市東區前鋒路56巷14號,0.0,住,,,1060317,土地0建物1車位0,全,1,透天厝,住家用,磚造,0470101,26.16,2,1,2,有,無,無,9000,344,,0.0,0,,RPVPMLLLLHMFFCD48CC
永康區,建物,臺南市永康區埔聖街87巷31號,0.0,住,,,1060319,土地0建物1車位0,全,4,透天厝,住家用,鋼筋混凝土造,0961211,211.91,4,2,3,有,無,有,23000,109,,0.0,0,,RPXOMLLLLHMFFHR87CC
歸仁區,房地(土地+建物),臺南市歸仁區中正南路二段48號,276.8,住,,,1060307,土地1建物1車位0,見其他登記事項,4,店面(店鋪),住商用,鋼筋混凝土造,0961009,157.48,5,2,4,有,無,無,50000,318,,0.0,0,,RPRNMLLLLHMFFFR96CC
新營區,房地(土地+建物),臺南市新營區興農街140巷27-4號,8.82,住,,,1060314,土地1建物1車位0,五層,5,公寓(5樓含以下無電梯),住家用,鋼筋混凝土造,0720622,25.58,2,2,2,有,無,有,6000,235,,0.0,0,,RPRNMLMLLHMFFAR56CC
安南區,建物,臺南市安南區安中路一段702巷22之3號,0.0,住,,,1060321,土地0建物1車位0,四層,4,公寓(5樓含以下無電梯),見其他登記事項,鋼筋混凝土造,0700907,104.57000000000001,3,1,1,有,無,有,8000,77,,0.0,0,,RPPNMLMLLHMFFBD67CC
永康區,土地,大灣段3482地號,0.0,農,,,1060321,土地1建物0車位0,,,其他,,,,0.0,0,0,0,有,無,無,10000,0,,0.0,0,,RPQNMLMLLHMFFHR17CC
永康區,房地(土地+建物),臺南市永康區中山南路43巷10弄5號二樓,275.0,住,,,1060320,土地1建物1車位0,二層,5,公寓(5樓含以下無電梯),住家用,鋼筋混凝土造,0710924,137.39,2,2,1,有,無,無,12000,87,,0.0,0,,RPUNMLMLLHMFFHR57CC
南區,建物,臺南市南區大同路二段136巷9號十一樓之5,0.0,住,,,1060320,土地0建物1車位0,十一層,13,住宅大樓(11層含以上有電梯),見其他登記事項,鋼筋混凝土構造,0881021,146.11,3,2,2,有,無,有,12000,82,,0.0,0,1.合約書無填具土地租賃面積.2.由所有權人提供出租資訊3.租金已包含車位,RPUNMLMLLHMFFCD28CC
安平區,房地(土地+建物)+車位,臺南市安平區健康三街152號十二樓3,14.51,住,,,1060317,土地1建物1車位1,十二層,14,住宅大樓(11層含以上有電梯),見其他登記事項,見其他登記事項,0950822,142.66,3,2,1,有,有,無,17000,119,坡道平面,0.0,0,,RPSOMLMLLHMFFAD97CC
東區,建物,臺南市東區榮譽街１２３巷１弄７號六樓,0.0,住,,,1060224,土地0建物1車位1,六層,7,華廈(10層含以下有電梯),住家用,鋼筋混凝土構造,0880114,48.75,1,0,1,有,有,有,10000,205,坡道機械,4.94,0,,RPRPMLOLLHMFFCD38CC
東區,房地(土地+建物),臺南市東區中華東路二段167號五樓之6,3.17,其他,,,1060227,土地1建物1車位0,五層,14,套房(1房1廳1衛),住家用,鋼筋混凝土構造,0970229,59.989999999999995,1,0,1,有,有,有,8000,133,,0.0,0,,RPUPMLOLLHMFFCD68CC
永康區,建物,臺南市永康區國華街102巷86號五樓之1,0.0,住,,,1060323,土地0建物1車位0,五層,12,住宅大樓(11層含以上有電梯),住家用,鋼筋混凝土造,0831006,105.82,3,2,2,有,有,有,14000,132,,0.0,0,1.合約書無填具土地租賃面積2.由所有權人提供出租資訊3.租金已包含車位,RPRNMLOLLHMFFHR47CC
安南區,房地(土地+建物),臺南市安南區安吉路一段51.53.55號,418.32,住,,,1060321,土地2建物3車位0,一層,1,店面(店鋪),商業用,鋼筋混凝土造,1051130,271.45,0,0,0,無,無,無,90000,332,,0.0,0,,RPQNMLOLLHMFFBD97CC
善化區,房地(土地+建物),臺南市善化區光復路208號,343.0,住,,,1060324,土地1建物1車位0,全,3,透天厝,住商用,鋼骨鋼筋混凝土造,0920916,397.11,5,3,3,有,無,無,20000,50,,0.0,0,,RPTNMLOLLHMFFER37CC
新市區,房地(土地+建物),臺南市新市區社內185之100號,3097.0,其他,,,1060320,土地1建物1車位0,見其他登記事項,2,農舍,農舍,見其他登記事項,0860811,206.64,0,0,0,無,無,有,88000,,,0.0,0,,RPPNMLPLLHMFFER07CC
中西區,建物,臺南市中西區慶中街12號四樓,28.42,住,,,1060310,土地0建物1車位0,四層,7,華廈(10層含以下有電梯),住家用,鋼筋混凝土造,0750808,153.06,4,2,2,有,有,有,15000,98,,0.0,0,,RPPNMLPLLHMFFAD87CC
安平區,建物,臺南市安平區育平三街63號二樓,0.0,,,,1060318,土地0建物1車位0,二層,7,華廈(10層含以下有電梯),住家用,鋼筋混凝土造,0820824,127.98,3,2,2,有,有,無,13000,102,,0.0,0,,RPQOMLSLLHMFFAD38CC
北區,建物,臺南市北區中華北路二段19號,0.0,,,,1060319,土地0建物1車位0,全,4,透天厝,住商用,鋼筋混凝土造,0780830,288.78,4,1,4,有,無,無,20000,69,,0.0,0,,RPROMLSLLHMFFAD48CC
安平區,建物,臺南市安平區安平路304號三樓之11,0.0,,,,1060327,土地0建物1車位0,三層,7,華廈(10層含以下有電梯),住家用,鋼筋混凝土造,0710223,58.78,2,0,1,有,有,無,6900,117,,0.0,0,,RPSOMLSLLHMFFAD58CC
中西區,建物,臺南市中西區頂美一街7號七樓之2,0.0,,,,1060327,土地0建物1車位0,七層,7,華廈(10層含以下有電梯),住家用,鋼筋混凝土造,0661202,37.3,1,0,1,有,有,有,7500,201,,0.0,0,,RPVOMLSLLHMFFAD88CC
南區,建物,臺南市南區新興路113巷35弄10號,0.0,住,,,1060315,土地0建物1車位0,全,2,透天厝,住家用,加強磚造,0630903,86.36,5,2,1,有,無,無,8000,93,,0.0,0,,RPXNMLSLLHMFFCD56CC
東區,建物,臺南市東區東門路三段275號,0.0,,,,1060319,土地0建物1車位0,見其他登記事項,3,店面(店鋪),住商用,鋼筋混凝土造,0721101,168.99,6,1,3,有,無,無,18000,107,,0.0,0,,RPOOMLSLLHMFFCD38CC
南區,建物,臺南市南區南門路343之1號三樓,0.0,,,,1060328,土地0建物1車位0,三層,3,套房(1房1廳1衛),住家用,鋼筋混凝土構造,0830110,33.06,1,0,1,有,無,有,3800,115,,0.0,0,1.租賃契約書無填寫土地租賃面積2.由所有權人提供租屋資訊3.承租人承租三樓其中一間套房,RPQOMLSLLHMFFCD58CC
安南區,建物,臺南市安南區海佃路一段246巷52之1號,0.0,,,,1060315,土地0建物1車位0,全,3,透天厝,住商用,鋼筋混凝土造,0691110,141.72,6,2,3,有,無,有,25000,176,,0.0,0,,RPXNMLSLLHMFFBD09CC
北區,土地,延平段1260-1地號,66.0,住,,,1060308,土地2建物0車位0,,,其他,,,,0.0,0,0,0,有,無,無,12000,182,,0.0,0,,RPSNMLSLLHMFFAD58DC
永康區,建物,臺南市永康區大仁街52號,0.0,,,,1060310,土地0建物1車位0,全,2,透天厝,住家用,加強磚造,0701231,11.94,0,0,0,無,無,無,5000,419,,0.0,0,,RPWNMLSLLHMFFHR38CC
永康區,建物,臺南市永康區大武街18巷12號,0.0,住,,,1060313,土地0建物1車位0,全,3,透天厝,住商用,鋼筋混凝土造,0781009,225.33,4,2,3,有,無,無,17000,75,,0.0,0,1.合約書無填具土地租賃面積2.由所有權人提供出租資訊3.租整棟透天,RPPOMLSLLHMFFHR77CC
永康區,建物,臺南市永康區中華路9號,0.0,住,,,1060322,土地0建物1車位1,見其他登記事項,19,辦公商業大樓,見其他登記事項,見其他登記事項,1010817,544.29,0,0,0,無,有,無,150000,276,坡道平面,16.43,0,,RPUOMLSLLHMFFHR28CC
永康區,土地,大灣段3682地號,0.0,工,,,1060306,土地1建物0車位0,,,其他,,,,0.0,0,0,0,有,無,無,16000,0,,0.0,0,,RPUPMLTLLHMFFHR48CC
仁德區,建物,臺南市仁德區德善路251巷2號三樓之11,0.0,住,,,1060325,土地0建物1車位0,三層,8,華廈(10層含以下有電梯),國民住宅,鋼筋混凝土造,0891107,85.08,4,1,2,有,無,有,13000,153,,0.0,0,1.合約書無填具土地租賃面積.2.由所有權人提供出租資訊,RPOPMLTLLHMFFFR67CC
南區,房地(土地+建物),臺南市南區新樂路65號,1703.0,工,,,1060322,土地1建物2車位0,見其他登記事項,2,工廠,見其他登記事項,加強磚造,0680829,1325.23,0,0,0,無,無,無,155000,,,0.0,0,,RPTNMLTLLHMFFCD88CC
東區,建物,臺南市東區裕農路288巷110弄4號四樓,0.0,住,,,1060309,土地0建物1車位0,四層,5,華廈(10層含以下有電梯),住家用,鋼筋混凝土構造,0820826,32.120000000000005,1,1,1,有,無,有,6000,187,,0.0,0,,RPQOMLTLLHMFFCD68CC
東區,建物,臺南市東區林森路二段192巷24弄1號之1,0.0,住,,,1060325,土地0建物1車位0,二層,5,公寓(5樓含以下無電梯),住家用,鋼筋混凝土構造,0721121,101.12,3,1,2,有,無,無,12000,119,,0.0,0,,RPROMLTLLHMFFCD78CC
東區,建物,臺南市東區東門路三段15號五樓之2,0.0,住,,,1060328,土地0建物1車位0,五層,23,住宅大樓(11層含以上有電梯),住家用,鋼筋混凝土構造,0841115,152.66,3,2,2,有,無,有,25000,164,,0.0,0,1.合約書無填具土地租賃面積.2.由所有權人提供出租資訊3.租金已包含車位,RPRNMLKMLHMFFCD87CC
東區,房地(土地+建物),臺南市東區崇善十一街52之7號,20.19,住,,,1060327,土地1建物1車位0,一層,14,店面(店鋪),住商用,鋼筋混凝土構造,0880802,121.65,2,2,2,有,有,有,18500,152,,0.0,0,,RPOOMLKMLHMFFCD67CC
南區,房地(土地+建物),臺南市南區大林路6號4樓之5,33.01,住,,,1060315,土地1建物1車位0,四層,13,住宅大樓(11層含以上有電梯),見其他登記事項,鋼筋混凝土構造,0881021,138.71,3,2,2,有,有,有,12000,87,,0.0,0,,RPPOMLKMLHMFFCD77CC
佳里區,房地(土地+建物),臺南市佳里區佳東路523號,103.39,住,,,1060317,土地1建物1車位0,見其他登記事項,4,店面(店鋪),見其他登記事項,鋼筋混凝土造,1010808,203.86,4,3,5,有,無,無,25000,123,,0.0,0,,RPTNMLKMLHMFFDR07DC
永康區,土地,永興段1019地號,0.0,住,,,1060329,土地1建物0車位0,,,其他,,,,0.0,0,0,0,有,無,無,13000,0,,0.0,0,,RPWNMLKMLHMFFHR67CC
新市區,建物,臺南市新市區光華街5之42號,0.0,工,,,1060330,土地0建物1車位0,見其他登記事項,1,工廠,見其他登記事項,見其他登記事項,1040903,177.33,0,1,2,有,無,無,37000,,,0.0,0,,RPSNMLLMLHMFFER07CC
東區,房地(土地+建物),臺南市東區中華東路二段167號四樓之21,4.44,其他,,,1060306,土地1建物1車位0,四層,14,套房(1房1廳1衛),住家用,鋼筋混凝土構造,0970229,49.269999999999996,1,0,1,有,有,有,9000,183,,0.0,0,,RPUOMLLMLHMFFCD38CC
東區,房地(土地+建物),臺南市東區東門路一段74號五樓,64.0,住,,,1060401,土地1建物1車位0,五層,5,公寓(5樓含以下無電梯),住家用,鋼筋混凝土構造,0690505,87.42,3,2,2,有,無,無,8000,92,,0.0,0,,RPPNMLPJMHMFFCD97CC
南區,房地(土地+建物),臺南市南區金華路二段119號一樓,88.77,住,,,1060401,土地1建物1車位0,一層,7,店面(店鋪),住商用,鋼筋混凝土構造,0710226,88.77,0,0,0,無,無,無,25000,282,,0.0,0,,RPTNMLPJMHMFFCD38CC
東區,房地(土地+建物),臺南市東區中華東路二段167號11樓之7,2.96,其他,,,1060307,土地1建物1車位0,十一層,14,套房(1房1廳1衛),住家用,鋼筋混凝土構造,0970229,34.2,1,0,1,有,有,有,8000,234,,0.0,0,,RPTNMLQJMHMFFCD48CC
東區,房地(土地+建物),臺南市東區中華東路二段169號十樓之17,4.23,其他,,,1060309,土地1建物1車位0,十層,14,套房(1房1廳1衛),住家用,鋼筋混凝土構造,0970229,45.46,1,0,1,有,有,有,9000,198,,0.0,0,,RPVNMLQJMHMFFCD68CC
安平區,房地(土地+建物),臺南市安平區永華六街22巷12號,93.0,住,,,1060330,土地1建物1車位0,全,5,透天厝,住家用,鋼筋混凝土造,0971106,242.92,4,3,5,有,無,無,35000,144,,0.0,0,,RPVNMLQJMHMFFAD48CC
安平區,建物,臺南市安平區育平路212號六樓之36,0.0,住,,,1060331,土地0建物1車位0,六層,17,住宅大樓(11層含以上有電梯),住家用,鋼筋混凝土造,0840729,48.0,1,1,1,有,有,有,12000,250,,0.0,0,,RPWOMLQJMHMFFAD68CC
北區,土地,裕民段1069地號,132.88,住,,,1060401,土地2建物0車位0,,,其他,,,,0.0,0,0,0,有,無,無,30000,226,,0.0,0,,RPQPMLQJMHMFFAD18CC
安平區,建物,臺南市安平區建平十五街131號六樓之3,0.0,住,,,1060330,土地0建物1車位0,六層,7,華廈(10層含以下有電梯),住家用,鋼筋混凝土造,0820701,127.97,3,2,2,有,無,有,15000,117,,0.0,0,,RPRPMLQJMHMFFAD28CC
永康區,建物,臺南市永康區中華路7巷20弄36號六樓之5,0.0,其他,,,1060405,土地0建物1車位0,六層,17,住宅大樓(11層含以上有電梯),住家用,鋼筋混凝土造,0840407,154.01,4,2,2,有,有,有,12500,81,,0.0,0,,RPWNMLQJMHMFFHR08CC
永康區,建物,臺南市永康區埔園街147巷6弄23號,0.0,住,,,1060401,土地0建物1車位0,全,4,透天厝,住家用,鋼筋混凝土造,0940104,168.16,4,2,3,有,無,有,14000,83,,0.0,0,1.合約書無填具土地租賃面積.2.由所有權人提供出租資訊3.租金已包含車位,RPOOMLQJMHMFFHR37CC
仁德區,土地,虎山段38地號,0.0,農,,,1060310,土地1建物0車位0,,,其他,,,,0.0,0,0,0,有,無,無,4000,0,,0.0,0,1.合約書無填具土地租賃面積.2.由所有權人提供出租資訊3.租賃物含未保存登記的建物承租樓層:鐵皮屋廠房整棟承租實際門牌:台南市仁德區德洋二街65之2號,RPQNMLRJMHMFFFR37CC
中西區,房地(土地+建物),臺南市中西區西門路二段306號,181.64,商,,,1060401,土地3建物1車位0,見其他登記事項,4,店面(店鋪),住商用,磚造,0520101,504.58,0,0,0,無,無,有,130000,258,,0.0,0,,RPTOMLRJMHMFFAD58DC
安平區,房地(土地+建物),臺南市安平區安平路370號,257.63,商,,,1060330,土地2建物1車位0,二層,5,店面(店鋪),見其他登記事項,鋼筋混凝土造,0970306,185.98,3,0,2,有,無,有,90000,484,,0.0,0,,RPXOMLRJMHMFFAD88CC
中西區,房地(土地+建物),臺南市安平區西門路二段173號,62.01,商,,,1060321,土地1建物1車位0,見其他登記事項,3,店面(店鋪),住商用,加強磚造,0560101,162.97,2,4,2,有,無,無,30000,184,,0.0,0,,RPWPMLRJMHMFFAD88CC
南區,建物,臺南市南區金華路一段116巷40號,0.0,住,,,1060310,土地0建物1車位0,全,2,透天厝,住家用,加強磚造,0651202,102.31,3,2,2,有,無,無,15000,147,,0.0,0,,RPRNMLRJMHMFFCD38CC
東區,房地(土地+建物)+車位,臺南市東區文化路130號8樓,0.0,住,,,1060313,土地1建物1車位1,八層,12,住宅大樓(11層含以上有電梯),見其他登記事項,鋼筋混凝土構造,1021023,96.77,3,2,2,有,無,有,35000,362,坡道平面,32.14,0,租賃合約書無填寫土地租賃.租金包含管理費,RPRNMLTJMHMFFCD58CC
永康區,房地(土地+建物),臺南市永康區大橋2街239巷21弄38號4樓之5,0.0,住,,,1060315,土地1建物1車位0,四層,5,華廈(10層含以下有電梯),住家用,鋼筋混凝土造,0830701,22.31,1,0,1,有,無,有,5500,247,,0.0,0,租賃合約書無填寫土地租賃.租金包含管理費.第四台及網路費用,RPQNMLTJMHMFFHR77CC
永康區,土地,大灣段3959-66地號,74.0,其他,,,1060312,土地1建物0車位0,,,其他,,,,0.0,2,0,0,有,無,有,6000,81,,0.0,0,含建物未保存登記,RPXNMLKKMHMFFHR67CC
新營區,房地(土地+建物),臺南市新營區樂利街133號,17.82,住,,,1060401,土地1建物1車位0,一層,7,華廈(10層含以下有電梯),商業用,鋼筋混凝土造,0831214,103.78,0,2,1,有,無,無,6000,58,,0.0,0,,RPWNMLKKMHMFFAR86CC
南區,房地(土地+建物),臺南市南區新興路533巷34弄4之4號,33.8,住,,,1060401,土地1建物1車位0,四層,5,公寓(5樓含以下無電梯),見其他登記事項,鋼筋混凝土構造,0720422,87.02,3,2,2,有,無,有,6500,75,,0.0,0,,RPPNMLKKMHMFFCD57CC
南區,房地(土地+建物),臺南市南區新興路533巷34弄4之4號,33.8,住,,,1060401,土地1建物1車位0,五層,5,公寓(5樓含以下無電梯),見其他登記事項,鋼筋混凝土構造,0720422,87.02,3,2,2,有,無,有,6500,75,,0.0,0,,RPQNMLKKMHMFFCD67CC
中西區,房地(土地+建物),臺南市中西區民族路二段48號,45.42,商,,,1060408,土地2建物1車位0,見其他登記事項,3,店面(店鋪),商業用,磚造,,56.55,0,0,1,有,無,無,42000,743,,0.0,0,,RPPOMLLKMHMFFAD57CC
北區,房地(土地+建物),臺南市北區實踐街85巷63號,0.0,住,,,1060329,土地1建物1車位0,全,2,透天厝,住家用,加強磚造,0640606,92.31,3,1,3,有,無,無,18000,195,,0.0,0,,RPUOMLMKMHMFFAD18CC
中西區,房地(土地+建物),臺南市中西區府前1街9巷10之7號,0.0,住,,,1060408,土地1建物1車位0,全,4,透天厝,住家用,鋼筋混凝土造,0780811,201.46,4,2,3,有,無,有,17000,84,,0.0,0,,RPVOMLMKMHMFFAD28CC
北區,建物,臺南市北區開元路117巷8弄5之1號,0.0,住,,,1060412,土地0建物1車位0,全,2,透天厝,住家用,加強磚造,0590514,76.19,4,2,3,有,無,有,15000,197,,0.0,0,,RPUPMLMKMHMFFAD28CC
東區,建物,臺南市東區衛國街112巷42之6號,0.0,住,,,1060407,土地0建物1車位0,七層,7,華廈(10層含以下有電梯),見其他登記事項,鋼筋混凝土構造,0690522,72.47,2,1,1,有,無,有,8500,117,,0.0,0,,RPUOMLMKMHMFFCD38CC
東區,房地(土地+建物),臺南市東區中華東路二段167號十四樓之6,2.96,住,,,1060316,土地1建物1車位0,十四層,14,套房(1房1廳1衛),住家用,鋼筋混凝土構造,0970229,34.2,1,0,1,有,有,有,8500,249,,0.0,0,,RPQPMLMKMHMFFCD08CC
歸仁區,房地(土地+建物),臺南市歸仁區中山路一段48.50號,3094.0,,一般農業區,丁種建築用地,1060411,土地3建物2車位0,一層,3,廠辦,工業用,見其他登記事項,0971212,1648.74,0,0,0,無,無,無,150000,91,,0.0,0,,RPWNMLMKMHMFFFR57CC
永康區,房地(土地+建物),臺南市永康區永華路113號,96.0,商,,,1060409,土地2建物1車位0,全,4,透天厝,住商用,鋼筋混凝土造,0870421,217.73,5,2,3,有,無,無,26000,119,,0.0,0,,RPQNMLMKMHMFFHR17CC
佳里區,房地(土地+建物),臺南市佳里區光復路381號,91.51,住,,,1060412,土地1建物0車位0,見其他登記事項,4,店面(店鋪),見其他登記事項,鋼筋混凝土造,0960605,91.51,0,0,0,無,無,無,19000,208,,0.0,0,僅出租一樓店面前半段,RPOOMLNKMHMFFDR86DC
學甲區,房地(土地+建物),臺南市學甲區慈生里9鄰華宗路413號,216.74,住,,,1060406,土地2建物0車位0,見其他登記事項,4,店面(店鋪),住商用,鋼筋混凝土造,0711203,264.2,8,2,3,有,無,無,12000,45,,0.0,0,建物樓層共4F僅出租1-3F,RPPOMLNKMHMFFDR96DC
東區,房地(土地+建物),臺南市東區中華東路二段167號11樓之22,4.02,其他,,,1060316,土地1建物1車位0,十一層,14,套房(1房1廳1衛),住家用,鋼筋混凝土構造,0970229,41.56,1,0,1,有,有,有,10000,241,,0.0,0,,RPUNMLNKMHMFFCD38CC
東區,建物,臺南市東區崇德三街114號七樓之1,0.0,住,,,1060413,土地0建物1車位0,七層,7,華廈(10層含以下有電梯),住家用,鋼筋混凝土構造,0811231,91.08,3,2,1,有,有,有,15000,165,,0.0,0,,RPUNMLOKMHMFFCD48CC
安平區,建物,臺南市安平區育平路212號十六樓之27,0.0,住,,,1060413,土地0建物1車位0,十六層,17,住宅大樓(11層含以上有電梯),住家用,鋼筋混凝土造,0840729,47.91,1,1,1,有,有,有,8000,167,,0.0,0,,RPOQMLOKMHMFFAD97CC
中西區,建物,臺南市中西區萬昌街133號八樓之6,0.0,商,,,1060414,土地0建物1車位0,八層,11,住宅大樓(11層含以上有電梯),見其他登記事項,見其他登記事項,0950713,38.12,1,1,1,有,有,有,10000,262,,0.0,0,,RPSQMLOKMHMFFAD38CC
北區,房地(土地+建物),臺南市北區公園南路370巷68號十六樓,5.07,住,,,1060320,土地1建物1車位0,十六層,18,住宅大樓(11層含以上有電梯),住家用,鋼筋混凝土造,0840912,34.84,1,0,1,有,有,有,7000,201,,0.0,0,,RPSRMLOKMHMFFAD48CC
佳里區,房地(土地+建物),臺南市佳里區中山路7號,74.49,住,,,1060409,土地2建物1車位0,見其他登記事項,3,店面(店鋪),住商用,加強磚造,0670804,156.52,4,2,3,有,無,有,23000,147,,0.0,0,,RPVNMLOKMHMFFDR57DC
永康區,建物,臺南市永康區中華路703巷69號,0.0,住,,,1060413,土地0建物1車位0,全,2,透天厝,住家用,鋼筋混凝土造,0740601,120.56,5,1,2,有,無,無,16500,137,,0.0,0,1.合約書無填具土地租賃面積2.由所有權人提供出租資訊3.租整棟透天,RPOOMLOKMHMFFHR27CC
東區,房地(土地+建物),臺南市東區青年路293巷72號,55.0,住,,,1060414,土地1建物1車位0,全,3,透天厝,住家用,見其他登記事項,0580906,114.69,4,1,1,有,無,無,6000,52,,0.0,0,,RPXNMLRKMHMFFCD56DC
東區,建物,臺南市東區大同路一段71巷3號,0.0,住,,,1060413,土地0建物1車位0,全,2,透天厝,住家用,加強磚造,0590417,50.72,2,1,3,有,無,有,9500,187,,0.0,0,,RPVNMLRKMHMFFCD88CC
南區,土地,大山段86地號,351.45,住,,,1060418,土地1建物0車位0,,,其他,,,,0.0,0,0,0,有,無,無,10000,28,,0.0,0,,RPROMLSKMHMFFCD68CC
東區,建物,臺南市東區裕農路726巷2弄15號3樓之1,0.0,住,,,1060320,土地0建物1車位0,三層,5,公寓(5樓含以下無電梯),住家用,鋼筋混凝土構造,0701202,81.12,3,1,1,有,無,有,9000,111,,0.0,0,,RPTOMLSKMHMFFCD88CC
東區,建物,臺南市東區崇德路1003號,0.0,住,,,1060408,土地0建物1車位0,一層,1,廠辦,住家用,見其他登記事項,0851030,74.83,2,1,1,有,無,無,32000,428,,0.0,0,,RPUOMLSKMHMFFCD98CC
東區,建物,臺南市東區崇德二十街19號6樓,0.0,住,,,1060321,土地0建物1車位0,六層,6,華廈(10層含以下有電梯),住家用,鋼筋混凝土構造,0810508,114.94,3,1,2,有,有,無,12000,104,,0.0,0,,RPWOMLSKMHMFFCD56CC
北區,建物,臺南市北區開元路73巷74弄12號,0.0,住,,,1060321,土地0建物1車位0,全,2,透天厝,住家用,加強磚造,0550101,62.34,3,2,2,有,無,無,11000,176,,0.0,0,,RPVRMLSKMHMFFAD56CC
東區,房地(土地+建物),臺南市東區東門路二段129號,179.0,商,,,1060403,土地1建物1車位0,一層,4,店面(店鋪),住商用,鋼筋混凝土構造,0620320,151.98,0,1,1,有,無,有,40000,263,,0.0,0,只承租一樓,RPVNMLSKMHMFFCD09DC
安南區,房地(土地+建物),臺南市安南區郡安路四段283號,19.53,住,,,1060419,土地1建物1車位0,一層,13,住宅大樓(11層含以上有電梯),住商用,鋼筋混凝土造,0870514,123.93,2,2,2,有,有,有,18000,145,,0.0,0,,RPRNMLTKMHMFFBD58CC
永康區,建物,臺南市永康區中華路727巷16號八樓之6,0.0,住,,,1060416,土地0建物1車位0,八層,14,住宅大樓(11層含以上有電梯),國民住宅,鋼筋混凝土造,0880824,113.17,3,1,2,有,有,有,12300,109,,0.0,0,,RPWNMLTKMHMFFHR48CC
永康區,建物,臺南市永康區大橋里中華路619巷88弄77號,0.0,其他,,,1060419,土地0建物1車位0,全,4,透天厝,住商用,鋼筋混凝土造,0770620,147.47,4,2,2,有,無,有,15000,102,,0.0,0,1.合約書無填具土地租賃面積2.由所有權人提供出租資訊3.租整棟透天,RPXNMLTKMHMFFHR58CC
中西區,建物,臺南市中西區大智街65號1樓,0.0,商,,,1060401,土地0建物1車位0,全,2,透天厝,商業用,加強磚造,0650519,72.48,1,1,1,有,無,無,18000,248,,0.0,0,,RPXNMLTKMHMFFAD09CC
東區,建物,臺南市東區民族路一段18巷16號3樓之1,0.0,住,,,1060408,土地0建物1車位0,三層,4,公寓(5樓含以下無電梯),住家用,鋼筋混凝土構造,0691128,50.04,2,1,1,有,無,無,6000,120,,0.0,0,,RPRNMLTKMHMFFCD68CC
東區,建物,臺南市東區崇德十八街66號5樓,0.0,住,,,1060326,土地0建物1車位0,五層,6,華廈(10層含以下有電梯),住家用,鋼筋混凝土構造,0791017,152.16,4,2,2,有,有,有,15000,99,,0.0,0,,RPTNMLTKMHMFFCD88CC
東區,建物,臺南市東區林森路一段153巷15弄15號2樓,0.0,住,,,1060329,土地0建物1車位0,二層,15,住宅大樓(11層含以上有電梯),住家用,鋼筋混凝土構造,0811022,145.26999999999998,4,1,4,有,有,無,16000,110,,0.0,0,,RPUNMLTKMHMFFCD98CC
東區,房地(土地+建物),臺南市東區中華東路二段169號七樓之13,4.02,住,,,1060323,土地1建物1車位0,七層,14,套房(1房1廳1衛),住家用,鋼筋混凝土構造,0970229,43.660000000000004,1,0,1,有,有,有,10500,240,,0.0,0,,RPVPMLTKMHMFFCD66CC
永康區,建物,臺南市永康區新行街133號十一樓之2,0.0,住,,,1060416,土地0建物1車位0,十一層,15,住宅大樓(11層含以上有電梯),住家用,鋼筋混凝土造,0820827,25.990000000000002,1,0,1,有,無,有,5000,192,,0.0,0,,RPVPMLKLMHMFFHR77CC
仁德區,建物,臺南市仁德區太子路412號,0.0,住,,,1060414,土地0建物1車位0,全,4,透天厝,住商用,鋼筋混凝土造,0781013,268.39,4,2,5,有,無,無,22700,85,,0.0,0,1.合約書無填具土地租賃面積.2.由所有權人提供出租資訊,RPSOMLKLMHMFFFR17CC
永康區,房地(土地+建物)+車位,臺南市永康區復華五街80號十四樓之1,21.69,商,,,1060326,土地1建物1車位1,十四層,14,住宅大樓(11層含以上有電梯),住家用,見其他登記事項,1051020,164.61,3,2,2,有,有,有,20000,121,坡道平面,18.74,0,,RPVNMLLLMHMFFHR67CC
東區,房地(土地+建物),臺南市東區東門路2段365巷34弄11號2樓,0.0,住,,,1060325,土地1建物1車位0,二層,5,公寓(5樓含以下無電梯),住商用,鋼筋混凝土構造,0771224,83.8,3,2,2,有,無,有,12500,149,,0.0,0,,RPPNMLMLMHMFFCD87CC
安平區,建物,臺南市安平區育平路68號十二樓之3,0.0,,,,1060328,土地0建物1車位0,十二層,14,住宅大樓(11層含以上有電梯),見其他登記事項,見其他登記事項,1021225,84.93,2,1,1,有,有,有,17000,200,,0.0,0,,RPUQMLOLMHMFFAD68CC
中西區,建物,臺南市中西區衛民街62號八樓之6,0.0,,,,1060403,土地0建物1車位0,八層,9,華廈(10層含以下有電梯),見其他登記事項,見其他登記事項,0950713,39.63,1,1,1,有,有,有,8000,202,,0.0,0,,RPVQMLOLMHMFFAD78CC
中西區,建物,臺南市中西區健康路一段260號四樓之2,0.0,,,,1060404,土地0建物1車位0,四層,7,華廈(10層含以下有電梯),住家用,鋼筋混凝土造,0851204,119.78,3,2,2,有,有,無,10600,88,,0.0,0,,RPXQMLOLMHMFFAD98CC
中西區,建物,臺南市中西區大同路一段70巷23號五樓之1,0.0,,,,1060406,土地0建物1車位0,五層,5,公寓(5樓含以下無電梯),住家用,鋼筋混凝土造,0720628,84.49000000000001,3,2,2,有,無,有,10000,118,,0.0,0,,RPORMLOLMHMFFAD18CC
中西區,建物,臺南市中西區大新街60巷6號,0.0,,,,1060407,土地0建物1車位0,全,3,透天厝,住家用,加強磚造,0590113,174.37,4,2,3,有,無,無,10000,57,,0.0,0,,RPQRMLOLMHMFFAD38CC
永康區,建物,臺南市永康區聖龍街167號,0.0,住,,,1060422,土地0建物1車位0,全,3,透天厝,住商用,鋼筋混凝土造,0820521,189.59,4,2,4,有,無,無,17000,90,,0.0,0,1.合約書無填具土地租賃面積2.由所有權人提供出租資訊3.租整棟透天,RPTNMLOLMHMFFHR77CC
新市區,土地,大營段2607地號,0.0,,特定農業區,農牧用地,1060405,土地1建物0車位0,,,其他,,,,0.0,0,0,0,有,無,無,35000,0,,0.0,0,,RPXNMLOLMHMFFER87CC
新市區,土地,大營段2607地號,0.0,,特定農業區,農牧用地,1060405,土地1建物0車位0,,,其他,,,,0.0,0,0,0,有,無,無,35000,0,,0.0,0,,RPQOMLOLMHMFFER27CC
永康區,建物,臺南市永康區永和街249巷7號,0.0,住,,,1060420,土地0建物1車位0,全,2,透天厝,住家用,加強磚造,0690201,102.46,4,2,2,有,無,有,9000,88,,0.0,0,,RPPOMLPLMHMFFHR57CC
永康區,房地(土地+建物),臺南市永康區東橋一路586號7樓之5D棟,24.79,住,,,1060420,土地1建物1車位0,七層,15,住宅大樓(11層含以上有電梯),住家用,見其他登記事項,1050829,166.8,3,2,2,有,有,有,23000,138,,0.0,0,,RPWOMLPLMHMFFHR28CC
北區,房地(土地+建物),臺南市北區文賢路218巷41號,97.2,住,,,1060417,土地1建物1車位0,全,3,透天厝,住家用,鋼筋混凝土造,0700608,193.42,4,3,3,有,無,無,16000,83,,0.0,0,,RPRPMLPLMHMFFAD38CC
北區,建物,臺南市北區育德路599巷2號,146.25,住,,,1060407,土地0建物1車位0,見其他登記事項,4,店面(店鋪),見其他登記事項,鋼筋混凝土造,0910102,77.93,5,3,6,有,無,有,63000,808,,0.0,0,,RPSPMLPLMHMFFAD48CC
安平區,建物,臺南市安平區郡平路52號六樓之3,0.0,,,,1060407,土地0建物1車位0,六層,14,住宅大樓(11層含以上有電梯),見其他登記事項,鋼筋混凝土造,0960719,93.72,3,1,2,有,有,有,19000,203,,0.0,0,,RPOQMLPLMHMFFAD18CC
中西區,建物,臺南市中西區正德街48號七樓之5,0.0,,,,1060409,土地0建物1車位0,七層,7,套房(1房1廳1衛),住家用,鋼筋混凝土造,0700602,28.54,1,0,1,有,有,有,6000,210,,0.0,0,,RPQQMLPLMHMFFAD38CC
東區,房地(土地+建物),臺南市東區中華東路二段169號十三樓之10,3.6,其他,,,1060328,土地1建物1車位0,十三層,14,套房(1房1廳1衛),住家用,鋼筋混凝土構造,0970229,40.86,1,0,1,有,有,有,10000,245,,0.0,0,,RPRNMLPLMHMFFCD38CC
東區,建物,臺南市東區崇明路137號七樓,0.0,住,,,1060423,土地0建物1車位0,七層,16,住宅大樓(11層含以上有電梯),住家用,鋼筋混凝土構造,0850203,37.199999999999996,1,0,1,有,無,有,6000,161,,0.0,0,,RPXNMLPLMHMFFCD98CC
東區,建物,臺南市東區崇仁街60號十二樓,0.0,商,,,1060401,土地0建物1車位0,十二層,14,住宅大樓(11層含以上有電梯),住家用,鋼筋混凝土構造,0990507,91.89,2,1,2,有,無,有,18000,196,,0.0,0,,RPOOMLPLMHMFFCD18CC
東區,建物,臺南市東區東光路二段54號三樓之1,0.0,住,,,1060422,土地0建物1車位0,三層,7,華廈(10層含以下有電梯),住家用,鋼筋混凝土構造,0800903,102.55,4,0,2,有,無,有,12000,117,,0.0,0,,RPPOMLPLMHMFFCD28CC
南區,建物,臺南市南區德興路164巷40號五樓之8,0.0,,,,1060415,土地0建物1車位0,五層,5,公寓(5樓含以下無電梯),住家用,鋼筋混凝土構造,0811208,53.870000000000005,1,1,1,有,無,無,6000,111,,0.0,0,,RPVNMLQLMHMFFCD88CC
東區,建物,臺南市東區崇道路90號,0.0,,,,1060411,土地0建物1車位0,見其他登記事項,8,店面(店鋪),住商用,鋼筋混凝土構造,0811019,140.49,3,1,2,有,有,無,20000,142,,0.0,0,1.租賃契約書無填寫土地租賃面積2.由所有權人提供租屋資訊3.承租人承租整棟一到三樓華廈店面,RPWNMLQLMHMFFCD98CC
南區,建物,臺南市南區萬年路8號,0.0,,,,1060413,土地0建物1車位0,全,3,透天厝,住商用,鋼筋混凝土構造,0861211,195.89,5,1,5,有,無,無,20000,102,,0.0,0,,RPTPMLQLMHMFFCD88CC
安平區,建物,臺南市安平區建平十二街386巷25號,0.0,,,,1060413,土地0建物1車位0,全,4,透天厝,住商用,鋼筋混凝土造,0810725,253.92,5,3,4,有,無,無,27500,108,,0.0,0,,RPWOMLQLMHMFFAD88CC
中西區,建物,臺南市中西區慶中街14號七樓之1,0.0,,,,1060415,土地0建物1車位0,七層,7,華廈(10層含以下有電梯),住家用,鋼筋混凝土造,0741127,122.78,3,2,2,有,有,有,15000,122,,0.0,0,,RPWPMLQLMHMFFAD98CC
中西區,建物,臺南市中西區樹林街二段173號,0.0,,,,1060417,土地0建物1車位0,一層,5,店面(店鋪),住商用,鋼筋混凝土造,0720709,88.56,0,1,1,有,無,無,25000,282,,0.0,0,,RPRQMLQLMHMFFAD58CC
永康區,建物,臺南市永康區大灣路942巷187號,0.0,,,,1060416,土地0建物1車位0,全,4,透天厝,住家用,見其他登記事項,1010116,205.73,5,2,5,有,無,有,26000,126,,0.0,0,,RPQOMLQLMHMFFHR77CC
永康區,建物,臺南市永康區勝學路260巷20號五樓之3,0.0,,,,1060420,土地0建物1車位0,五層,12,住宅大樓(11層含以上有電梯),住家用,鋼筋混凝土造,0880426,100.07,3,2,2,有,有,有,15000,150,,0.0,0,,RPQNMLRLMHMFFHR77CC
永康區,建物,臺南市永康區大灣路40巷191弄15號,0.0,,,,1060423,土地0建物1車位0,全,3,透天厝,住家用,鋼筋混凝土造,0990402,161.13,5,3,4,有,無,有,25000,155,,0.0,0,,RPRNMLRLMHMFFHR87CC
永康區,建物,臺南市永康區大灣路942巷71弄47號,0.0,住,,,1060424,土地0建物1車位0,全,4,透天厝,住家用,鋼筋混凝土造,0830826,188.28,8,1,5,有,無,有,30000,159,,0.0,0,1.合約書無填具土地租賃面積2.由所有權人提供出租資訊3.租整棟透天,RPTNMLRLMHMFFHR08CC
永康區,建物,臺南市永康區中華二路266巷30號三樓之1,0.0,住,,,1060424,土地0建物1車位0,三層,7,華廈(10層含以下有電梯),住家用,鋼筋混凝土造,0870602,25.34,1,1,1,有,無,有,6800,268,,0.0,0,,RPUNMLRLMHMFFHR18CC
南區,房地(土地+建物),臺南市南區明興路49號,4213.71,住,,,1060401,土地2建物1車位0,見其他登記事項,1,店面(店鋪),見其他登記事項,見其他登記事項,1041112,379.86,0,0,0,無,無,無,75000,197,,0.0,0,,RPRPMLRLMHMFFCD88DC
佳里區,房地(土地+建物),臺南市佳里區東寧里東寧43-12號,118.0,住,,,1060423,土地1建物1車位0,全,2,透天厝,住商用,加強磚造,0690519,132.53,3,2,2,有,無,無,9000,68,,0.0,0,,RPTOMLRLMHMFFDR87DC
中西區,建物,臺南市中西區永福路二段11號七樓之1,0.0,,,,1060419,土地0建物1車位0,七層,8,華廈(10層含以下有電梯),住家用,鋼筋混凝土造,0670817,95.08999999999999,2,2,2,有,有,有,11000,116,,0.0,0,,RPWNMLRLMHMFFAD88CC
中西區,建物,臺南市中西區南寧街83巷36號二樓之4,0.0,,,,1060421,土地0建物1車位0,二層,5,套房(1房1廳1衛),住家用,鋼筋混凝土造,0801213,56.16,1,1,1,有,無,有,6500,116,,0.0,0,,RPPOMLRLMHMFFAD28CC
安平區,建物,臺南市安平區安平路98巷13號,0.0,,,,1060424,土地0建物1車位0,全,2,透天厝,住家用,加強磚造,0621015,94.4,5,2,3,有,無,無,20000,212,,0.0,0,,RPTOMLRLMHMFFAD68CC
中西區,建物,臺南市中西區信義街108巷43號四樓之11,0.0,,,,1060427,土地0建物1車位0,四層,6,華廈(10層含以下有電梯),住家用,鋼筋混凝土造,0820327,24.98,1,0,1,有,無,有,3800,152,,0.0,0,,RPUQMLRLMHMFFAD98CC
南區,建物,臺南市南區永興三街73號,0.0,,,,1060424,土地0建物1車位0,全,3,透天厝,住商用,鋼筋混凝土構造,0701226,187.39,5,2,5,有,無,有,20000,107,,0.0,0,,RPSOMLRLMHMFFCD78CC
東區,建物,臺南市東區文東街30巷33號,0.0,,,,1060424,土地0建物1車位0,全,4,透天厝,住家用,鋼筋混凝土構造,0810312,183.55,4,2,4,有,無,有,16000,87,,0.0,0,,RPVOMLRLMHMFFCD09CC
南區,建物,臺南市南區大同路二段100巷21弄22號五樓之2,0.0,,,,1060424,土地0建物1車位0,五層,13,住宅大樓(11層含以上有電梯),見其他登記事項,鋼筋混凝土構造,0881021,146.15,3,1,2,有,有,無,12000,82,,0.0,0,,RPPPMLRLMHMFFCD58CC
東區,建物,臺南市東區崇學路205號,0.0,,,,1060425,土地0建物1車位0,一層,5,店面(店鋪),住商用,鋼筋混凝土構造,0710710,63.57,0,1,1,有,無,無,11000,173,,0.0,0,,RPQPMLRLMHMFFCD68CC
南區,房地(土地+建物),臺南市南區健康路一段393號,111.0,住,,,1060415,土地4建物1車位0,一層,5,店面(店鋪),住商用,鋼筋混凝土構造,0691016,53.9,0,0,1,有,無,有,25000,464,,0.0,0,,RPSNMLSLMHMFFCD78CC
東區,建物,臺南市東區長榮路二段86巷25號二樓,0.0,住,,,1060414,土地0建物1車位0,二層,5,華廈(10層含以下有電梯),見其他登記事項,鋼筋混凝土構造,1050328,64.01,2,1,1,有,有,有,16000,250,,0.0,0,,RPXNMLSLMHMFFCD66CC
北區,建物,臺南市北區大興街290巷14號,0.0,,,,1060427,土地0建物1車位0,全,2,透天厝,,鋼筋混凝土造,0690616,74.22,3,4,2,有,無,無,12000,162,,0.0,0,,RPTPMLSLMHMFFAD88CC
安平區,房地(土地+建物),臺南市安平區健康三街592巷55號9樓之10,1684.0,住,,,1060426,土地1建物1車位0,一層,1,華廈(10層含以下有電梯),住家用,鋼筋混凝土造,0861022,107.85,3,2,2,有,無,無,15500,144,,0.0,0,,RPQQMLSLMHMFFAD68CC
仁德區,建物,臺南市仁德區德崙路203號,0.0,,,,1060330,土地0建物1車位0,全,4,透天厝,住家用,鋼筋混凝土造,0850409,233.02,7,2,4,有,無,無,28000,120,,0.0,0,1.租賃契約書無填寫土地租賃面積2.由所有權人提供租屋資訊,RPOOMLSLMHMFFFR57CC
永康區,建物,臺南市永康區中華一路203巷16號十樓之5,0.0,商,,,1060426,土地0建物1車位0,十層,11,住宅大樓(11層含以上有電梯),見其他登記事項,鋼筋混凝土造,0871026,75.4,3,1,2,有,有,有,13000,172,,0.0,0,,RPWNMLSLMHMFFHR48CC
永康區,建物,臺南市永康區中山東路218巷9弄3號,0.0,住,,,1060427,土地0建物1車位0,全,2,透天厝,住家用,加強磚造,0711209,92.96,5,1,2,有,無,有,16000,172,,0.0,0,,RPROMLSLMHMFFHR08CC
永康區,建物,臺南市永康區中華路988號五樓之2,0.0,住,,,1060428,土地0建物1車位0,五層,20,住宅大樓(11層含以上有電梯),住家用,鋼筋混凝土造,0860529,133.91,3,2,2,有,無,有,15000,112,,0.0,0,1.合約書無填具土地租賃面積.2.由所有權人提供出租資訊3.租金已包含車位,RPSOMLSLMHMFFHR18CC
中西區,房地(土地+建物),臺南市中西區民生路二段132號7樓之5,17.58,住,,,1060420,土地1建物1車位0,七層,13,住宅大樓(11層含以上有電梯),見其他登記事項,見其他登記事項,1051108,114.53,2,1,1,有,有,有,28000,244,,0.0,0,,RPPNMLTLMHMFFAD38CC
東區,土地,仁和段1297地號,857.32,住,,,1060428,土地1建物0車位0,,,其他,,,,0.0,0,0,0,有,無,無,53000,62,,0.0,0,,RPPNMLTLMHMFFCD58CC
永康區,房地(土地+建物),臺南市永康區大橋里大橋一街139巷22弄38號,114.0,住,,,1060419,土地1建物1車位0,全,2,透天厝,住家用,鋼筋混凝土造,0750203,132.89,4,2,2,有,無,有,20000,151,,0.0,0,,RPQNMLKMMHMFFHR17CC
