﻿鄉鎮市區,交易標的,土地位置建物門牌,土地移轉總面積平方公尺,都市土地使用分區,非都市土地使用分區,非都市土地使用編定,交易年月日,交易筆棟數,移轉層次,總樓層數,建物型態,主要用途,主要建材,建築完成年月,建物移轉總面積平方公尺,建物現況格局-房,建物現況格局-廳,建物現況格局-衛,建物現況格局-隔間,有無管理組織,總價元,單價元平方公尺,車位類別,車位移轉總面積平方公尺,車位總價元,備註,編號
The villages and towns urban district,transaction sign,land sector position building sector house number plate,land shifting total area square meter,the use zoning or compiles and checks,the non-metropolis land use district,non-metropolis land use,transaction year month and day,transaction pen number,shifting level,total floor number,building state,main use,main building materials,construction to complete the years,building shifting total area,Building present situation pattern - room,building present situation pattern - hall,building present situation pattern - health,building present situation pattern - compartmented,Whether there is manages the organization,total price NTD,the unit price (NTD / square meter),the berth category,berth shifting total area square meter,the berth total price NTD,the note,serial number
苓雅區,房地(土地+建物)+車位,高雄市苓雅區林德官段一小段2610地號面光華一路VS青年一路9巷A2棟4樓,11.99,商,,,1040318,土地1建物1車位1,四層,29,住宅大樓(11層含以上有電梯),住家用,鋼筋混凝土造,,202.94,3,1,2,有,無,14920000,73519,坡道平面,0.0,0,,RPPNMLRJKHMFFBE87CB
苓雅區,房地(土地+建物)+車位,高雄市苓雅區林德官段一小段2610地號面光華一路VS青年一路9巷A1棟4樓,12.23,商,,,1040318,土地1建物1車位1,四層,29,住宅大樓(11層含以上有電梯),住家用,鋼筋混凝土造,,206.26,3,1,2,有,無,15180000,73596,坡道平面,0.0,0,,RPQNMLRJKHMFFBE97CB
苓雅區,房地(土地+建物)+車位,高雄市苓雅區林德官段一小段2610地號面光華一路VS青年一路9巷A1棟9樓,12.23,商,,,1040726,土地1建物1車位1,九層,29,住宅大樓(11層含以上有電梯),住家用,鋼筋混凝土造,,206.26,3,1,2,有,無,16880000,81838,坡道平面,0.0,0,,RPRNMLRJKHMFFBE08CB
苓雅區,房地(土地+建物)+車位,高雄市苓雅區林德官段一小段2610地號面光華一路VS青年一路9巷A1棟15樓,12.23,商,,,1040318,土地1建物1車位2,十五層,29,住宅大樓(11層含以上有電梯),住家用,鋼筋混凝土造,,234.59,3,1,2,有,無,19130000,81547,坡道平面,0.0,0,,RPSNMLRJKHMFFBE18CB
苓雅區,房地(土地+建物)+車位,高雄市苓雅區林德官段一小段2610地號面光華一路VS青年一路9巷A1棟17樓,12.23,商,,,1040408,土地1建物1車位2,十七層,29,住宅大樓(11層含以上有電梯),住家用,鋼筋混凝土造,,234.59,3,1,2,有,無,19800000,84403,坡道平面,0.0,0,,RPTNMLRJKHMFFBE28CB
苓雅區,房地(土地+建物)+車位,高雄市苓雅區林德官段一小段2610地號面光華一路VS青年一路9巷A2棟2樓,11.99,商,,,1050131,土地1建物1車位1,二層,29,住宅大樓(11層含以上有電梯),住家用,鋼筋混凝土造,,202.91,3,1,2,有,無,13800000,68010,坡道平面,0.0,0,,RPUNMLRJKHMFFBE38CB
苓雅區,房地(土地+建物)+車位,高雄市苓雅區林德官段一小段2610地號面光華一路VS青年一路9巷A2棟9樓,11.99,商,,,1040425,土地1建物1車位1,九層,29,住宅大樓(11層含以上有電梯),住家用,鋼筋混凝土造,,202.91,3,1,2,有,無,16250000,80085,坡道平面,0.0,0,,RPVNMLRJKHMFFBE48CB
苓雅區,房地(土地+建物)+車位,高雄市苓雅區林德官段一小段2610地號面光華一路VS青年一路9巷B1棟3樓,10.4,商,,,1040328,土地1建物1車位1,三層,29,住宅大樓(11層含以上有電梯),住家用,鋼筋混凝土造,,180.55,2,1,2,有,無,11750000,65079,坡道平面,0.0,0,,RPWNMLRJKHMFFBE58CB
苓雅區,房地(土地+建物)+車位,高雄市苓雅區林德官段一小段2610地號面光華一路VS青年一路9巷B1棟4樓,10.4,商,,,1041025,土地1建物1車位1,四層,29,住宅大樓(11層含以上有電梯),住家用,鋼筋混凝土造,,180.55,2,1,2,有,無,11100000,61479,坡道平面,0.0,0,,RPXNMLRJKHMFFBE68CB
苓雅區,房地(土地+建物)+車位,高雄市苓雅區林德官段一小段2610地號面光華一路VS青年一路9巷B1棟5樓,10.4,商,,,1040320,土地1建物1車位1,五層,29,住宅大樓(11層含以上有電梯),住家用,鋼筋混凝土造,,180.55,2,1,2,有,無,12000000,66464,坡道平面,0.0,0,,RPOOMLRJKHMFFBE87CB
苓雅區,房地(土地+建物)+車位,高雄市苓雅區林德官一小段2610地號面光華一路VS青年一路9巷B1棟6樓,10.4,商,,,1040416,土地1建物1車位1,六層,29,住宅大樓(11層含以上有電梯),住家用,鋼筋混凝土造,,180.55,2,1,2,有,無,12180000,67461,坡道平面,0.0,0,,RPPOMLRJKHMFFBE97CB
苓雅區,房地(土地+建物)+車位,高雄市苓雅區林德官一小段2610地號面光華一路VS青年一路9巷B2棟11樓,11.25,商,,,1041008,土地1建物1車位1,十一層,29,住宅大樓(11層含以上有電梯),住家用,鋼筋混凝土造,,192.46,2,1,2,有,無,13960000,72535,坡道平面,0.0,0,,RPQOMLRJKHMFFBE08CB
苓雅區,房地(土地+建物)+車位,高雄市苓雅區林德官一小段2610地號面光華一路VS青年一路9巷B1棟7樓,10.4,商,,,1040311,土地1建物1車位1,七層,29,住宅大樓(11層含以上有電梯),住家用,鋼筋混凝土造,,180.55,2,1,2,有,無,12450000,68956,坡道平面,0.0,0,,RPROMLRJKHMFFBE18CB
苓雅區,房地(土地+建物)+車位,高雄市苓雅區林德官一小段2610地號面光華一路VS青年一路9巷B1棟8樓,10.4,商,,,1040407,土地1建物1車位1,八層,29,住宅大樓(11層含以上有電梯),住家用,鋼筋混凝土造,,180.55,2,1,2,有,無,12680000,70230,坡道平面,0.0,0,,RPSOMLRJKHMFFBE28CB
苓雅區,房地(土地+建物)+車位,高雄市苓雅區林德段一小段2610地號面光華一路VS青年一路9巷B1棟9樓,10.4,商,,,1040309,土地1建物1車位1,九層,29,住宅大樓(11層含以上有電梯),住家用,鋼筋混凝土造,,180.55,2,1,2,有,無,13000000,72002,坡道平面,0.0,0,,RPTOMLRJKHMFFBE38CB
苓雅區,房地(土地+建物)+車位,高雄市苓雅區林德官段一小段2610地號面光華一路VS青年一路9巷B1棟10樓,10.4,商,,,1040807,土地1建物1車位1,十層,29,住宅大樓(11層含以上有電梯),住家用,鋼筋混凝土造,,180.55,2,1,2,有,無,12670000,70174,坡道平面,0.0,0,,RPUOMLRJKHMFFBE48CB
苓雅區,房地(土地+建物)+車位,高雄市苓雅區林德官段一小段2610地號面光華一路VS青年一路9巷B1棟11樓,10.4,商,,,1040408,土地1建物1車位1,十一層,29,住宅大樓(11層含以上有電梯),住家用,鋼筋混凝土造,,180.55,2,1,2,有,無,12880000,71338,坡道平面,0.0,0,,RPVOMLRJKHMFFBE58CB
苓雅區,房地(土地+建物)+車位,高雄市苓雅區林德官段一小段2610地號面光華一路VS青年一路9巷B1棟12樓,10.4,商,,,1040319,土地1建物1車位1,十二層,29,住宅大樓(11層含以上有電梯),住家用,鋼筋混凝土造,,180.55,2,1,2,有,無,13280000,73553,坡道平面,0.0,0,,RPWOMLRJKHMFFBE68CB
苓雅區,房地(土地+建物)+車位,高雄市苓雅區林德官段一小段2610地號面光華一路VS青年一路9巷B1棟13樓,10.4,商,,,1040416,土地1建物1車位1,十三層,29,住宅大樓(11層含以上有電梯),住家用,鋼筋混凝土造,,180.55,2,1,2,有,無,13130000,72722,坡道平面,0.0,0,,RPXOMLRJKHMFFBE78CB
苓雅區,房地(土地+建物)+車位,高雄市苓雅區林德官段一小段2610地號面光華一路VS青年一路9巷B1棟14樓,14.19,商,,,1040405,土地1建物1車位1,十四層,29,住宅大樓(11層含以上有電梯),住家用,鋼筋混凝土造,,236.13,2,1,2,有,無,17660000,74789,坡道平面,0.0,0,,RPOPMLRJKHMFFBE97CB
苓雅區,房地(土地+建物)+車位,高雄市苓雅區林德官段一小段2610地號面光華一路VS青年一路9巷B1棟15樓,10.4,商,,,1041025,土地1建物1車位1,十五層,29,住宅大樓(11層含以上有電梯),住家用,鋼筋混凝土造,,180.55,2,1,2,有,無,14280000,79092,坡道平面,0.0,0,,RPPPMLRJKHMFFBE08CB
苓雅區,房地(土地+建物)+車位,高雄市苓雅區林德官段一小段2610地號面光華一路VS青年一路9巷B2棟23樓,11.01,商,,,1041107,土地1建物1車位1,二十三層,29,住宅大樓(11層含以上有電梯),住家用,鋼筋混凝土造,,188.81,2,1,2,有,無,16150000,85536,坡道平面,0.0,0,,RPQPMLRJKHMFFBE18CB
苓雅區,房地(土地+建物)+車位,高雄市苓雅區林德官段一小段2610地號面光華一路VS青年一路9巷B2棟24樓,10.15,商,,,1040706,土地1建物1車位1,二十四層,29,住宅大樓(11層含以上有電梯),住家用,鋼筋混凝土造,,178.82,2,1,2,有,無,15450000,86400,坡道平面,0.0,0,,RPRPMLRJKHMFFBE28CB
苓雅區,房地(土地+建物)+車位,高雄市苓雅區林德官段一小段2610地號面光華一路VS青年一路9巷B2棟25樓,10.15,商,,,1040619,土地1建物1車位1,二十五層,29,住宅大樓(11層含以上有電梯),住家用,鋼筋混凝土造,,207.15,2,1,2,有,無,17500000,84480,坡道平面,0.0,0,,RPSPMLRJKHMFFBE38CB
苓雅區,房地(土地+建物)+車位,高雄市苓雅區林德官段一小段2610地號面光華一路VS青年一路9巷B2棟8樓,11.25,商,,,1040613,土地1建物1車位1,八層,29,住宅大樓(11層含以上有電梯),住家用,鋼筋混凝土造,,192.46,2,1,2,有,無,13500000,70144,坡道平面,0.0,0,,RPTPMLRJKHMFFBE48CB
苓雅區,房地(土地+建物)+車位,高雄市苓雅區林德官段一小段2610地號面光華一路VS青年一路9巷B1棟19樓,9.91,商,,,1040313,土地1建物1車位1,十九層,29,住宅大樓(11層含以上有電梯),住家用,鋼筋混凝土造,,172.88,2,1,2,有,無,14660000,84799,坡道平面,0.0,0,,RPUPMLRJKHMFFBE58CB
苓雅區,房地(土地+建物)+車位,高雄市苓雅區林德官段一小段2610地號面光華一路VS青年一路9巷B2棟4樓,11.25,商,,,1040318,土地1建物1車位1,四層,29,住宅大樓(11層含以上有電梯),住家用,鋼筋混凝土造,,192.46,2,1,2,有,無,13260000,68897,坡道平面,0.0,0,,RPVPMLRJKHMFFBE68CB
苓雅區,房地(土地+建物)+車位,高雄市苓雅區林德官段一小段2610地號面光華一路VS青年一路9巷B2棟5樓,11.25,商,,,1041030,土地1建物1車位1,五層,29,住宅大樓(11層含以上有電梯),住家用,鋼筋混凝土造,,192.46,2,1,2,有,無,12750000,66248,坡道平面,0.0,0,,RPWPMLRJKHMFFBE78CB
苓雅區,房地(土地+建物)+車位,高雄市苓雅區林德官段一小段2610地號面光華一路VS青年一路9巷B2棟6樓,11.25,商,,,1041017,土地1建物1車位1,六層,29,住宅大樓(11層含以上有電梯),住家用,鋼筋混凝土造,,192.46,2,1,2,有,無,13120000,68170,坡道平面,0.0,0,,RPXPMLRJKHMFFBE88CB
苓雅區,房地(土地+建物)+車位,高雄市苓雅區林德官段一小段2610地號面光華一路VS青年一路9巷B2棟7樓,11.25,商,,,1040629,土地1建物1車位1,七層,29,住宅大樓(11層含以上有電梯),住家用,鋼筋混凝土造,,192.46,2,1,2,有,無,13270000,68949,坡道平面,0.0,0,,RPOQMLRJKHMFFBE08CB
苓雅區,房地(土地+建物)+車位,高雄市苓雅區林德官段一小段2610地號面光華一路VS青年一路9巷B2棟17樓,11.25,商,,,1050118,土地1建物1車位1,十七層,29,住宅大樓(11層含以上有電梯),住家用,鋼筋混凝土造,,192.46,2,1,2,有,無,15400000,80017,坡道平面,0.0,0,,RPPQMLRJKHMFFBE18CB
新興區,房地(土地+建物)+車位,高雄市新興區新興段三小段1441地號民生一路VS南華一路A2棟5樓,21.86,商,,,1031023,土地1建物1車位2,五層,29,住宅大樓(11層含以上有電梯),住家用,鋼筋混凝土造,,346.75,3,1,2,有,無,27500000,79308,坡道平面,0.0,0,,RPRQMLRJKHMFFBE38CB
新興區,房地(土地+建物)+車位,高雄市新興區新興段三小段1441地號民生一路VS南華一路A1棟19樓,24.34,商,,,1040813,土地1建物1車位2,十九層,29,住宅大樓(11層含以上有電梯),住家用,鋼筋混凝土造,,378.48,3,1,2,有,無,37880000,100085,坡道平面,0.0,0,,RPSQMLRJKHMFFBE48CB
新興區,房地(土地+建物)+車位,高雄市新興區新興段三小段1441地號民生一路VS南華一路A1棟20樓,24.34,商,,,1040813,土地1建物1車位2,二十層,29,住宅大樓(11層含以上有電梯),住家用,鋼筋混凝土造,,378.48,3,1,2,有,無,37880000,100085,坡道平面,0.0,0,,RPTQMLRJKHMFFBE58CB
苓雅區,房地(土地+建物)+車位,高雄市苓雅區林德官段一小段2610地號面光華一路VS青年一路9巷B2棟12樓,11.25,商,,,1040815,土地1建物1車位1,十二層,29,住宅大樓(11層含以上有電梯),住家用,鋼筋混凝土造,,192.46,2,1,2,有,無,13950000,72483,坡道平面,0.0,0,,RPPNMLKKKHMFFBE27CB
新興區,房地(土地+建物),高雄市新興區六合一路129號7樓之1,7.7,商,,,1040207,土地1建物1車位0,七層,13,住宅大樓(11層含以上有電梯),見使用執照,見使用執照,,82.77,2,1,1,有,無,6880000,83122,,0.0,0,,RPWNMLOLKHMFFBE48CB
新興區,房地(土地+建物),高雄市新興區六合一路129號11樓之1,7.7,商,,,1041104,土地1建物1車位0,十一層,13,住宅大樓(11層含以上有電梯),見使用執照,見使用執照,,82.77,2,1,1,有,無,6880000,83122,,0.0,0,,RPXNMLOLKHMFFBE58CB
新興區,房地(土地+建物)+車位,高雄市新興區六合一路129號12樓之1,7.7,商,,,1040119,土地1建物1車位1,十二層,13,住宅大樓(11層含以上有電梯),見使用執照,見使用執照,,82.96,2,1,1,有,無,7630000,83089,升降機械,7.98,1400000,,RPQOMLOLKHMFFBE97CB
新興區,房地(土地+建物),高雄市新興區六合一路129號七樓之2,6.56,商,,,1040124,土地1建物1車位0,七層,13,住宅大樓(11層含以上有電梯),見使用執照,見使用執照,,70.5,1,1,1,有,無,5630000,79858,,0.0,0,,RPROMLOLKHMFFBE08CB
新興區,房地(土地+建物),高雄市新興區六合一路129號八樓之2,6.56,商,,,1040125,土地1建物1車位0,八層,13,住宅大樓(11層含以上有電梯),見使用執照,見使用執照,,70.5,1,1,1,有,無,5650000,80142,,0.0,0,,RPSOMLOLKHMFFBE18CB
新興區,房地(土地+建物),高雄市新興區六合一路129號九樓之2,6.56,商,,,1040215,土地1建物1車位0,九層,13,住宅大樓(11層含以上有電梯),見使用執照,見使用執照,,70.5,1,1,1,有,無,5670000,80426,,0.0,0,,RPTOMLOLKHMFFBE28CB
新興區,房地(土地+建物),高雄市新興區六合一路129號十二樓之2,6.56,商,,,1040119,土地1建物1車位0,十二層,13,住宅大樓(11層含以上有電梯),,見使用執照,,70.5,1,1,1,有,無,5730000,81277,,0.0,0,,RPUOMLOLKHMFFBE38CB
新興區,房地(土地+建物),高雄市新興區六合一路129號五樓之3,7.13,商,,,1040128,土地1建物1車位0,五層,13,住宅大樓(11層含以上有電梯),見使用執照,見使用執照,,76.68,1,1,1,有,無,6380000,83203,,0.0,0,,RPVOMLOLKHMFFBE48CB
楠梓區,房地(土地+建物)+車位,高雄市楠梓區藍昌段三小段486地號B1戶,7.68,商,,,1020813,土地1建物1車位1,十三層,15,住宅大樓(11層含以上有電梯),住家用,鋼筋混凝土造,,93.8,3,1,1,有,無,5020000,53518,坡道機械,7.93,0,,RPOQMLMLLHMFFEE18CB
楠梓區,房地(土地+建物)+車位,高雄市楠梓區藍昌段三小段486地號A2戶,10.12,商,,,1020802,土地1建物1車位1,八層,15,住宅大樓(11層含以上有電梯),住家用,鋼筋混凝土造,,134.07,3,2,2,有,無,7900000,58924,坡道機械,7.56,0,,RPQQMLMLLHMFFEE38CB
楠梓區,房地(土地+建物),高雄市楠梓區藍昌段三小段486地號A3戶,6.61,商,,,1020804,土地1建物1車位0,十層,15,住宅大樓(11層含以上有電梯),住家用,鋼筋混凝土造,,77.26,2,1,1,有,無,3820000,49443,,0.0,0,,RPRQMLMLLHMFFEE48CB
楠梓區,房地(土地+建物)+車位,高雄市楠梓區藍昌段三小段486地號A5戶,11.17,商,,,1020810,土地1建物1車位1,十層,15,住宅大樓(11層含以上有電梯),住家用,鋼筋混凝土造,,135.47,3,2,2,有,無,7790000,57504,坡道平面,19.04,0,,RPSQMLMLLHMFFEE58CB
楠梓區,房地(土地+建物),高雄市楠梓區藍昌段三小段486地號B1戶,7.32,商,,,1021016,土地1建物1車位0,五層,15,住宅大樓(11層含以上有電梯),住家用,鋼筋混凝土造,,85.87,3,1,1,有,無,4890000,56947,,0.0,0,,RPTQMLMLLHMFFEE68CB
楠梓區,房地(土地+建物),高雄市楠梓區藍昌段三小段486地號B1戶,7.32,商,,,1020827,土地1建物1車位0,七層,15,住宅大樓(11層含以上有電梯),,鋼筋混凝土造,,85.87,3,1,1,有,無,4970000,57878,,0.0,0,,RPUQMLMLLHMFFEE78CB
楠梓區,房地(土地+建物)+車位,高雄市楠梓區藍昌段三小段486地號B2戶,7.74,商,,,1020803,土地1建物1車位1,十一層,15,住宅大樓(11層含以上有電梯),住家用,鋼筋混凝土造,,94.58,3,1,1,有,無,5770000,61007,坡道機械,7.93,0,,RPRRMLMLLHMFFEE58CB
楠梓區,房地(土地+建物)+車位,高雄市楠梓區藍昌段三小段486地號B1戶,7.68,商,,,1020805,土地1建物1車位1,十層,15,住宅大樓(11層含以上有電梯),住家用,鋼筋混凝土造,,93.8,3,1,1,有,無,5000000,53305,坡道機械,7.93,0,,RPURMLMLLHMFFEE88CB
楠梓區,房地(土地+建物)+車位,高雄市楠梓區藍昌段三小段486地號B2戶,8.35,商,,,1020803,土地1建物1車位1,十二層,15,住宅大樓(11層含以上有電梯),住家用,鋼筋混凝土造,,105.69,3,1,1,有,無,6310000,59703,坡道平面,19.04,0,,RPVRMLMLLHMFFEE98CB
楠梓區,房地(土地+建物)+車位,高雄市楠梓區藍昌段三小段486地號B3戶,7.68,商,,,1021120,土地1建物1車位1,三層,15,住宅大樓(11層含以上有電梯),住家用,鋼筋混凝土造,,93.8,3,1,1,有,無,5000000,53305,坡道機械,7.93,0,,RPWRMLMLLHMFFEE09CB
楠梓區,房地(土地+建物)+車位,高雄市楠梓區藍昌段三小段486地號B3戶,7.68,商,,,1020929,土地1建物1車位1,五層,15,住宅大樓(11層含以上有電梯),住家用,鋼筋混凝土造,,93.8,3,1,1,有,無,5000000,53305,坡道機械,7.93,0,,RPXRMLMLLHMFFEE56CB
楠梓區,房地(土地+建物)+車位,高雄市楠梓區藍昌段三小段486地號B3戶,7.68,商,,,1020810,土地1建物1車位1,十四層,15,住宅大樓(11層含以上有電梯),住家用,鋼筋混凝土造,,93.8,3,1,1,有,無,6470000,68977,坡道機械,7.93,0,,RPXNMLNLLHMFFEE88CB
楠梓區,房地(土地+建物)+車位,高雄市楠梓區藍昌段三小段486地號B5戶,8.1,商,,,1021129,土地1建物1車位1,三層,15,住宅大樓(11層含以上有電梯),住家用,鋼筋混凝土造,,101.81,3,1,1,有,無,5370000,52745,坡道機械,7.93,0,,RPOOMLNLLHMFFEE08CB
楠梓區,房地(土地+建物),高雄市楠梓區藍昌段三小段486地號B8戶,5.89,商,,,1030113,土地1建物1車位0,三層,15,住宅大樓(11層含以上有電梯),住家用,鋼筋混凝土造,,69.21,2,1,1,有,無,3200000,46236,,0.0,0,,RPPOMLNLLHMFFEE18CB
楠梓區,房地(土地+建物),高雄市楠梓區藍昌段三小段486地號B8戶,5.89,商,,,1021026,土地1建物1車位0,六層,15,住宅大樓(11層含以上有電梯),住家用,鋼筋混凝土造,,69.21,2,1,1,有,無,4000000,57795,,0.0,0,,RPQOMLNLLHMFFEE28CB
楠梓區,房地(土地+建物)+車位,高雄市楠梓區藍昌段三小段486地號B10戶,8.08,商,,,1021005,土地1建物1車位1,九層,15,住宅大樓(11層含以上有電梯),住家用,鋼筋混凝土造,,100.14,3,1,1,有,無,6000000,59916,坡道機械,7.93,0,,RPROMLNLLHMFFEE38CB
楠梓區,房地(土地+建物),高雄市楠梓區藍昌段三小段486地號E2戶,9.64,商,,,1030108,土地1建物1車位0,五層,15,住宅大樓(11層含以上有電梯),住家用,鋼筋混凝土造,,120.11,3,2,2,有,無,6200000,51619,,0.0,0,,RPTOMLNLLHMFFEE58CB
楠梓區,房地(土地+建物)+車位,高雄市楠梓區藍昌段三小段486地號E2戶,10.0,商,,,1020817,土地1建物1車位1,九層,15,住宅大樓(11層含以上有電梯),住家用,鋼筋混凝土造,,127.67,3,2,2,有,無,8320000,65168,坡道機械,7.56,0,,RPUOMLNLLHMFFEE68CB
楠梓區,房地(土地+建物)+車位,高雄市楠梓區藍昌段三小段486地號E2戶,10.6,商,,,1020827,土地1建物1車位1,十四層,15,住宅大樓(11層含以上有電梯),住家用,鋼筋混凝土造,,139.15,3,2,2,有,無,9870000,70931,坡道平面,19.04,0,,RPWOMLNLLHMFFEE88CB
楠梓區,房地(土地+建物)+車位,高雄市楠梓區藍昌段三小段486地號B2戶,7.74,商,,,1021208,土地1建物1車位1,三層,15,住宅大樓(11層含以上有電梯),住家用,鋼筋混凝土造,,94.58,3,1,1,有,無,4700000,49693,坡道機械,7.93,0,,RPRPMLNLLHMFFEE48CB
楠梓區,房地(土地+建物),高雄市楠梓區藍昌段三小段486地號B3戶,7.32,商,,,1020808,土地1建物1車位0,十二層,15,住宅大樓(11層含以上有電梯),住家用,鋼筋混凝土造,,85.87,3,1,1,有,無,5460000,63584,,0.0,0,,RPTPMLNLLHMFFEE68CB
楠梓區,房地(土地+建物),高雄市楠梓區藍昌段三小段486地號B7戶,5.89,商,,,1021010,土地1建物1車位0,七層,15,住宅大樓(11層含以上有電梯),住家用,鋼筋混凝土造,,69.4,2,1,1,有,無,3760000,54179,,0.0,0,,RPUPMLNLLHMFFEE78CB
楠梓區,房地(土地+建物),高雄市楠梓區藍昌段三小段486地號B8戶,5.89,商,,,1020915,土地1建物1車位0,七層,15,住宅大樓(11層含以上有電梯),住家用,鋼筋混凝土造,,69.21,2,1,1,有,無,3580000,51727,,0.0,0,,RPVPMLNLLHMFFEE88CB
楠梓區,房地(土地+建物),高雄市楠梓區藍昌段三小段486地號B8戶,5.89,商,,,1020928,土地1建物1車位0,八層,15,住宅大樓(11層含以上有電梯),住家用,鋼筋混凝土造,,69.21,2,1,1,有,無,3680000,53172,,0.0,0,,RPWPMLNLLHMFFEE98CB
楠梓區,房地(土地+建物)+車位,高雄市楠梓區藍昌段三小段486地號B9戶,6.81,商,,,1020816,土地1建物1車位1,九層,15,住宅大樓(11層含以上有電梯),住家用,鋼筋混凝土造,,82.64,2,1,1,有,無,4260000,51549,坡道機械,7.93,0,,RPXPMLNLLHMFFEE09CB
楠梓區,房地(土地+建物)+車位,高雄市楠梓區藍昌段三小段486地號E2戶,10.6,商,,,1020824,土地1建物1車位1,八層,15,住宅大樓(11層含以上有電梯),住家用,鋼筋混凝土造,,139.15,3,2,2,有,無,8000000,57492,坡道平面,19.04,0,,RPUQMLNLLHMFFEE88CB
楠梓區,房地(土地+建物)+車位,高雄市楠梓區藍昌段三小段486地號E1戶,10.62,商,,,1020802,土地1建物1車位1,九層,15,住宅大樓(11層含以上有電梯),住家用,鋼筋混凝土造,,143.62,3,2,2,有,無,8390000,58418,坡道平面,19.04,0,,RPVQMLNLLHMFFEE98CB
楠梓區,房地(土地+建物)+車位,高雄市楠梓區藍昌段三小段486地號A1戶,10.58,商,,,1020803,土地1建物1車位1,十一層,15,住宅大樓(11層含以上有電梯),住家用,鋼筋混凝土造,,140.47,3,2,2,有,無,8760000,62362,坡道平面,19.04,0,,RPWQMLNLLHMFFEE09CB
楠梓區,房地(土地+建物)+車位,高雄市楠梓區藍昌段三小段486地號E1戶,10.62,商,,,1020824,土地1建物1車位1,八層,15,住宅大樓(11層含以上有電梯),住家用,鋼筋混凝土造,,143.62,3,2,2,有,無,8200000,57095,坡道平面,19.04,0,,RPXQMLNLLHMFFEE56CB
楠梓區,房地(土地+建物)+車位,高雄市楠梓區藍昌段三小段486地號E1戶,10.62,商,,,1030108,土地1建物1車位1,十四層,15,住宅大樓(11層含以上有電梯),住家用,鋼筋混凝土造,,143.62,3,2,2,有,無,7600000,52917,坡道平面,19.04,0,,RPPRMLNLLHMFFEE48CB
楠梓區,房地(土地+建物)+車位,高雄市楠梓區藍昌段三小段486地號B8戶,6.25,商,,,1030110,土地1建物1車位1,十二層,15,住宅大樓(11層含以上有電梯),住家用,鋼筋混凝土造,,77.14,2,1,1,有,無,4050000,52502,坡道機械,7.93,0,,RPQRMLNLLHMFFEE58CB
楠梓區,房地(土地+建物),高雄市楠梓區藍昌段三小段486地號A2戶,9.76,商,,,1020819,土地1建物1車位0,九層,15,住宅大樓(11層含以上有電梯),住家用,鋼筋混凝土造,,126.51,3,2,2,有,無,7100000,56122,,0.0,0,,RPRRMLNLLHMFFEE68CB
楠梓區,房地(土地+建物),高雄市楠梓區藍昌段三小段486地號B7戶,5.89,商,,,1020821,土地1建物1車位0,二層,15,住宅大樓(11層含以上有電梯),住家用,鋼筋混凝土造,,69.12,2,1,1,有,無,3290000,47598,,0.0,0,,RPSRMLNLLHMFFEE78CB
楠梓區,房地(土地+建物),高雄市楠梓區藍昌段三小段486地號B7戶,5.89,商,,,1020928,土地1建物1車位0,八層,15,住宅大樓(11層含以上有電梯),住家用,鋼筋混凝土造,,69.4,2,1,1,有,無,3880000,55908,,0.0,0,,RPTRMLNLLHMFFEE88CB
楠梓區,房地(土地+建物)+車位,高雄市楠梓區藍昌段三小段486地號B3戶,7.68,商,,,1020817,土地1建物1車位1,十層,15,住宅大樓(11層含以上有電梯),住家用,鋼筋混凝土造,,93.8,3,1,1,有,無,5900000,62900,坡道機械,7.93,0,,RPURMLNLLHMFFEE98CB
楠梓區,房地(土地+建物),高雄市楠梓區藍昌段三小段486地號B10戶,7.72,商,,,1020819,土地1建物1車位0,七層,15,住宅大樓(11層含以上有電梯),住家用,鋼筋混凝土造,,92.21,3,1,1,有,無,5040000,54658,,0.0,0,,RPVRMLNLLHMFFEE09CB
楠梓區,房地(土地+建物)+車位,高雄市楠梓區藍昌段三小段486地號E2戶,10.6,商,,,1020812,土地1建物1車位1,十層,15,住宅大樓(11層含以上有電梯),住家用,鋼筋混凝土造,,139.15,3,2,2,有,無,8210000,59001,坡道平面,19.04,0,,RPWRMLNLLHMFFEE56CB
楠梓區,房地(土地+建物)+車位,高雄市楠梓區藍昌段三小段486地號A1戶,10.58,商,,,1020811,土地1建物1車位1,十層,15,住宅大樓(11層含以上有電梯),住家用,鋼筋混凝土造,,140.47,3,2,2,有,無,7420000,52823,坡道平面,19.04,0,,RPXRMLNLLHMFFEE66CB
楠梓區,房地(土地+建物),高雄市楠梓區藍昌段三小段486地號B2戶,7.38,商,,,1021101,土地1建物1車位0,八層,15,住宅大樓(11層含以上有電梯),住家用,鋼筋混凝土造,,86.65,3,1,1,有,無,5370000,61973,,0.0,0,,RPOSMLNLLHMFFEE48CB
楠梓區,房地(土地+建物)+車位,高雄市楠梓區藍昌段三小段486地號B2戶,7.74,商,,,1020804,土地1建物1車位1,十三層,15,住宅大樓(11層含以上有電梯),住家用,鋼筋混凝土造,,94.58,3,1,1,有,無,6270000,66293,坡道機械,7.93,0,,RPPSMLNLLHMFFEE58CB
楠梓區,房地(土地+建物)+車位,高雄市楠梓區藍昌段三小段486地號B3戶,7.68,商,,,1020806,土地1建物1車位1,十一層,15,住宅大樓(11層含以上有電梯),住家用,鋼筋混凝土造,,93.8,3,1,1,有,無,6510000,69403,坡道機械,7.93,0,,RPQSMLNLLHMFFEE68CB
楠梓區,房地(土地+建物),高雄市楠梓區藍昌段三小段486地號A3戶,6.61,商,,,1020819,土地1建物1車位0,九層,15,住宅大樓(11層含以上有電梯),住家用,鋼筋混凝土造,,77.26,2,1,1,有,無,5000000,64717,,0.0,0,,RPTSMLNLLHMFFEE98CB
楠梓區,房地(土地+建物)+車位,高雄市楠梓區藍昌段三小段486地號B1戶,7.68,商,,,1020802,土地1建物1車位1,九層,15,住宅大樓(11層含以上有電梯),住家用,鋼筋混凝土造,,93.8,3,1,1,有,無,6200000,66098,坡道機械,7.93,0,,RPUSMLNLLHMFFEE09CB
楠梓區,房地(土地+建物)+車位,高雄市楠梓區藍昌段三小段486地號B2戶,7.74,商,,,1020802,土地1建物1車位1,九層,15,住宅大樓(11層含以上有電梯),住家用,鋼筋混凝土造,,94.58,3,1,1,有,無,6300000,66610,坡道機械,7.93,0,,RPVSMLNLLHMFFEE56CB
楠梓區,房地(土地+建物),高雄市楠梓區藍昌段三小段486地號E5戶,6.03,商,,,1020818,土地1建物1車位0,十二層,15,住宅大樓(11層含以上有電梯),住家用,鋼筋混凝土造,,71.18,2,1,1,有,無,4500000,63220,,0.0,0,,RPWSMLNLLHMFFEE66CB
楠梓區,房地(土地+建物)+車位,高雄市楠梓區藍昌段三小段486地號B1戶,7.68,商,,,1020810,土地1建物1車位1,十二層,15,住宅大樓(11層含以上有電梯),住家用,鋼筋混凝土造,,93.8,3,1,1,有,無,6600000,70362,坡道機械,7.93,0,,RPXSMLNLLHMFFEE76CB
楠梓區,房地(土地+建物),高雄市楠梓區藍昌段三小段486地號E5戶,4.62,商,,,1021013,土地1建物1車位0,七層,15,住宅大樓(11層含以上有電梯),住家用,鋼筋混凝土造,,73.63,2,1,1,有,無,3780000,51338,,0.0,0,,RPOTMLNLLHMFFEE58CB
楠梓區,房地(土地+建物)+車位,高雄市楠梓區藍昌段三小段486地號A5戶,10.56,商,,,1020824,土地1建物1車位1,九層,15,住宅大樓(11層含以上有電梯),住家用,鋼筋混凝土造,,124.36,3,2,2,有,無,6600000,53072,坡道機械,7.93,0,,RPPNMLOLLHMFFEE18CB
楠梓區,房地(土地+建物),高雄市楠梓區藍昌段三小段486地號B9戶,6.45,商,,,1020813,土地1建物1車位0,三層,15,住宅大樓(11層含以上有電梯),住家用,鋼筋混凝土造,,74.71,2,1,1,有,無,3870000,51800,,0.0,0,,RPUOMLOLLHMFFEE78CB
楠梓區,房地(土地+建物)+車位,高雄市楠梓區藍昌段三小段486地號B2戶,7.74,商,,,1020817,土地1建物1車位1,十層,15,住宅大樓(11層含以上有電梯),住家用,鋼筋混凝土造,,94.58,3,1,1,有,無,6020000,63650,坡道機械,7.93,0,,RPWOMLOLLHMFFEE98CB
楠梓區,房地(土地+建物)+車位,高雄市楠梓區藍昌段三小段486地號A1戶,10.58,商,,,1020901,土地1建物1車位1,十五層,15,住宅大樓(11層含以上有電梯),住家用,鋼筋混凝土造,,140.47,3,2,2,有,無,8600000,61223,坡道平面,19.04,0,,RPXOMLOLLHMFFEE09CB
楠梓區,房地(土地+建物)+車位,高雄市楠梓區藍昌段三小段486地號B1戶,8.29,商,,,1020806,土地1建物1車位1,十四層,15,住宅大樓(11層含以上有電梯),住家用,鋼筋混凝土造,,104.91,3,1,1,有,無,6140000,58526,坡道平面,19.04,0,,RPQPMLOLLHMFFEE48CB
楠梓區,房地(土地+建物),高雄市楠梓區藍昌段三小段486地號B3戶,7.32,商,,,1020819,土地1建物1車位0,十三層,15,住宅大樓(11層含以上有電梯),住家用,鋼筋混凝土造,,85.87,3,1,1,有,無,5450000,63468,,0.0,0,,RPRPMLOLLHMFFEE58CB
楠梓區,房地(土地+建物)+車位,高雄市楠梓區藍昌段三小段486地號B3戶,7.68,商,,,1020818,土地1建物1車位1,十五層,15,住宅大樓(11層含以上有電梯),住家用,鋼筋混凝土造,,94.85,3,1,1,有,無,7090000,74750,坡道機械,7.93,0,,RPUPMLOLLHMFFEE88CB
楠梓區,房地(土地+建物)+車位,高雄市楠梓區藍昌段三小段486地號B3戶,7.68,商,,,1020804,土地1建物1車位1,八層,15,住宅大樓(11層含以上有電梯),住家用,鋼筋混凝土造,,93.8,3,1,1,有,無,5670000,60448,坡道機械,7.93,0,,RPVPMLOLLHMFFEE98CB
楠梓區,房地(土地+建物),高雄市楠梓區藍昌段三小段486地號E5戶,4.62,商,,,1030129,土地1建物1車位0,五層,15,住宅大樓(11層含以上有電梯),住家用,鋼筋混凝土造,,71.18,2,1,1,有,無,3920000,55072,,0.0,0,,RPWPMLOLLHMFFEE09CB
楠梓區,房地(土地+建物)+車位,高雄市楠梓區藍昌段三小段486地號A2戶,10.73,商,,,1020806,土地1建物1車位1,十層,15,住宅大樓(11層含以上有電梯),住家用,鋼筋混凝土造,,145.55,3,2,2,有,無,8150000,55995,坡道平面,19.04,0,,RPXPMLOLLHMFFEE56CB
楠梓區,房地(土地+建物)+車位,高雄市楠梓區藍昌段三小段486地號A1戶,9.98,商,,,1021124,土地1建物1車位1,九層,15,住宅大樓(11層含以上有電梯),住家用,鋼筋混凝土造,,129.36,3,2,2,有,無,7890000,60993,坡道機械,7.93,0,,RPVQMLOLLHMFFEE09CB
小港區,房地(土地+建物),高雄市小港區廈莊六街109號A3棟6樓,10.29,商,,,1040528,土地1建物1車位0,六層,15,住宅大樓(11層含以上有電梯),商業用,鋼筋混凝土造,,90.87,2,2,2,有,無,4080000,44899,,0.0,0,,RPXNMLOLLHMFFCE78CB
小港區,房地(土地+建物),高雄市小港區廈莊六街109號A3棟9樓,10.29,商,,,1040703,土地1建物1車位0,九層,15,住宅大樓(11層含以上有電梯),商業用,鋼筋混凝土造,,90.87,2,2,2,有,無,4050000,44569,,0.0,0,,RPSOMLOLLHMFFCE38CB
小港區,房地(土地+建物),高雄市小港區廈莊六街109號A3棟12樓,10.53,商,,,1040622,土地1建物1車位0,十二層,15,住宅大樓(11層含以上有電梯),商業用,鋼筋混凝土造,,90.87,2,2,2,有,無,4100000,45119,,0.0,0,,RPVOMLOLLHMFFCE68CB
小港區,房地(土地+建物),高雄市小港區廈莊六街109號A5棟5樓,10.29,商,,,1030805,土地1建物1車位0,五層,15,住宅大樓(11層含以上有電梯),商業用,鋼筋混凝土造,,91.4,2,2,2,有,無,4150000,45405,,0.0,0,,RPPPMLOLLHMFFCE18CB
小港區,房地(土地+建物),高雄市小港區廈莊六街109號A5棟7樓,10.29,商,,,1040707,土地1建物1車位0,七層,15,住宅大樓(11層含以上有電梯),商業用,鋼筋混凝土造,,91.4,2,2,2,有,無,4150000,45405,,0.0,0,,RPRPMLOLLHMFFCE38CB
小港區,房地(土地+建物),高雄市小港區廈莊六街109號A5棟8樓,10.29,商,,,1030527,土地1建物1車位0,八層,15,住宅大樓(11層含以上有電梯),商業用,鋼筋混凝土造,,91.4,2,2,2,有,無,4250000,46499,,0.0,0,,RPSPMLOLLHMFFCE48CB
小港區,房地(土地+建物),高雄市小港區廈莊六街109號A5棟13樓,10.29,商,,,1030527,土地1建物1車位0,十三層,15,住宅大樓(11層含以上有電梯),商業用,鋼筋混凝土造,,91.4,2,2,2,有,無,4300000,47046,,0.0,0,,RPWPMLOLLHMFFCE88CB
小港區,房地(土地+建物),高雄市小港區廈莊六街109號A5棟14樓,10.29,商,,,1040826,土地1建物1車位0,十四層,15,住宅大樓(11層含以上有電梯),商業用,鋼筋混凝土造,,91.4,2,2,2,有,無,4100000,44858,,0.0,0,,RPXPMLOLLHMFFCE98CB
小港區,房地(土地+建物),高雄市小港區廈莊六街109號A6棟7樓,9.36,商,,,1040421,土地1建物1車位0,七層,15,住宅大樓(11層含以上有電梯),商業用,鋼筋混凝土造,,83.92,2,2,1,有,無,3580000,42660,,0.0,0,,RPPQMLOLLHMFFCE28CB
小港區,房地(土地+建物)+車位,高雄市小港區廈莊六街109號A1棟1樓,26.9,商,,,1040602,土地1建物1車位1,一層,15,住宅大樓(11層含以上有電梯),商業用,鋼筋混凝土造,,263.85,0,0,0,無,無,13500000,53359,坡道平面,31.46,1100000,,RPPPMLSLLHMFFCE58CB
小港區,房地(土地+建物)+車位,高雄市小港區廈莊六街109號A1棟3樓,14.5,商,,,1031016,土地1建物1車位1,三層,15,住宅大樓(11層含以上有電梯),商業用,鋼筋混凝土造,,157.75,3,2,2,有,無,6520000,43709,坡道平面,31.46,1000000,,RPQPMLSLLHMFFCE68CB
小港區,房地(土地+建物)+車位,高雄市小港區廈莊六街109號A1棟4樓,14.5,商,,,1030710,土地1建物1車位1,四層,15,住宅大樓(11層含以上有電梯),商業用,鋼筋混凝土造,,157.75,3,2,2,有,無,6100000,40779,坡道平面,31.46,950000,,RPRPMLSLLHMFFCE78CB
小港區,房地(土地+建物)+車位,高雄市小港區廈莊六街109號A1棟5樓,14.5,商,,,1031002,土地1建物1車位1,五層,15,住宅大樓(11層含以上有電梯),商業用,鋼筋混凝土造,,157.75,3,2,2,有,無,6900000,45992,坡道平面,31.64,1100000,,RPSPMLSLLHMFFCE88CB
小港區,房地(土地+建物)+車位,高雄市小港區廈莊六街109號A1棟6樓,14.5,商,,,1030519,土地1建物1車位1,六層,15,住宅大樓(11層含以上有電梯),商業用,鋼筋混凝土造,,157.75,3,2,2,有,無,6800000,45134,坡道平面,31.46,1100000,,RPTPMLSLLHMFFCE98CB
小港區,房地(土地+建物)+車位,高雄市小港區廈莊六街109號A1棟8樓,14.5,商,,,1030629,土地1建物1車位1,八層,15,住宅大樓(11層含以上有電梯),商業用,鋼筋混凝土造,,155.6,3,2,2,有,無,6750000,45134,坡道平面,29.31,1050000,,RPUPMLSLLHMFFCE09CB
小港區,房地(土地+建物)+車位,高雄市小港區廈莊六街109號A1棟9樓,14.5,商,,,1040216,土地1建物1車位1,九層,15,住宅大樓(11層含以上有電梯),商業用,鋼筋混凝土造,,155.6,3,2,2,有,無,6520000,44105,坡道平面,29.31,950000,,RPVOMLTLLHMFFCE56CB
小港區,房地(土地+建物)+車位,高雄市小港區廈莊六街109號A1棟11樓,14.5,商,,,1040807,土地1建物1車位1,十一層,15,住宅大樓(11層含以上有電梯),商業用,鋼筋混凝土造,,157.75,3,2,2,有,無,6600000,43551,坡道平面,31.46,1100000,,RPWOMLTLLHMFFCE66CB
小港區,房地(土地+建物)+車位,高雄市小港區廈莊六街109號A1棟13樓,14.5,商,,,1040710,土地1建物1車位1,十三層,15,住宅大樓(11層含以上有電梯),商業用,鋼筋混凝土造,,157.75,3,2,2,有,無,6660000,44026,坡道平面,31.46,1100000,,RPXOMLTLLHMFFCE76CB
小港區,房地(土地+建物)+車位,高雄市小港區廈莊六街109號A2棟9樓,11.23,商,,,1040825,土地1建物1車位1,九層,15,住宅大樓(11層含以上有電梯),商業用,鋼筋混凝土造,,128.94,2,2,2,有,無,5280000,42881,坡道平面,31.46,1100000,,RPPPMLTLLHMFFCE68CB
小港區,房地(土地+建物)+車位,高雄市小港區廈莊六街109號A2棟10樓,11.23,商,,,1040807,土地1建物1車位1,十層,15,住宅大樓(11層含以上有電梯),商業用,鋼筋混凝土造,,128.94,2,2,2,有,無,5250000,43599,坡道平面,31.46,1000000,,RPQPMLTLLHMFFCE78CB
小港區,房地(土地+建物)+車位,高雄市小港區廈莊六街109號A3棟8樓,10.53,商,,,1040602,土地1建物1車位1,八層,15,住宅大樓(11層含以上有電梯),商業用,鋼筋混凝土造,,122.33,2,2,2,有,無,5000000,42918,坡道平面,31.46,1100000,,RPTOMLKMLHMFFCE18CB
小港區,房地(土地+建物)+車位,高雄市小港區廈莊六街109號A5棟2樓,10.53,商,,,1030609,土地1建物1車位1,二層,15,住宅大樓(11層含以上有電梯),商業用,鋼筋混凝土造,,120.71,2,2,2,有,無,4820000,42341,坡道平面,29.31,950000,,RPUOMLKMLHMFFCE28CB
小港區,房地(土地+建物)+車位,高雄市小港區廈莊六街109號A5棟3樓,10.53,商,,,1031031,土地1建物1車位1,三層,15,住宅大樓(11層含以上有電梯),商業用,鋼筋混凝土造,,120.71,2,2,2,有,無,4880000,42998,坡道平面,29.31,950000,,RPVOMLKMLHMFFCE38CB
小港區,房地(土地+建物)+車位,高雄市小港區廈莊六街109號A5棟4樓,10.53,商,,,1030811,土地1建物1車位1,四層,15,住宅大樓(11層含以上有電梯),商業用,鋼筋混凝土造,,122.86,2,2,2,有,無,4920000,42888,坡道平面,31.46,1000000,,RPWOMLKMLHMFFCE48CB
小港區,房地(土地+建物)+車位,高雄市小港區廈莊六街109號A5棟6樓,10.53,商,,,1031111,土地1建物1車位1,六層,15,住宅大樓(11層含以上有電梯),商業用,鋼筋混凝土造,,120.71,2,2,2,有,無,5000000,44311,坡道平面,29.31,950000,,RPXOMLKMLHMFFCE58CB
小港區,房地(土地+建物)+車位,高雄市小港區廈莊六街109號A5棟10樓,10.53,商,,,1031203,土地1建物1車位1,十層,15,住宅大樓(11層含以上有電梯),商業用,鋼筋混凝土造,,120.71,2,2,2,有,無,5010000,43326,坡道平面,29.31,1050000,,RPOPMLKMLHMFFCE77CB
小港區,房地(土地+建物)+車位,高雄市小港區廈莊六街109號A5棟11樓,10.53,商,,,1040305,土地1建物1車位1,十一層,15,住宅大樓(11層含以上有電梯),商業用,鋼筋混凝土造,,122.86,2,2,2,有,無,5100000,43764,坡道平面,31.46,1100000,,RPPPMLKMLHMFFCE87CB
小港區,房地(土地+建物)+車位,高雄市小港區廈莊六街109號A5棟15樓,10.53,商,,,1040817,土地1建物1車位1,十五層,15,住宅大樓(11層含以上有電梯),商業用,鋼筋混凝土造,,122.86,2,2,2,有,無,5070000,43435,坡道平面,31.46,1100000,,RPQPMLKMLHMFFCE97CB
小港區,房地(土地+建物),高雄市小港區廈莊六街109號A6棟9樓,9.36,商,,,1040710,土地1建物1車位0,九層,15,住宅大樓(11層含以上有電梯),商業用,鋼筋混凝土造,,83.92,2,2,1,有,無,3760000,44805,,0.0,0,,RPOOMLLMLHMFFCE77CB
小港區,房地(土地+建物),高雄市小港區廈莊六街109號A6棟11樓,9.36,商,,,1040508,土地1建物1車位0,十一層,15,住宅大樓(11層含以上有電梯),商業用,鋼筋混凝土造,,83.92,2,2,1,有,無,3680000,43851,,0.0,0,,RPPOMLLMLHMFFCE87CB
小港區,房地(土地+建物),高雄市小港區廈莊六街109號A6棟12樓,9.36,商,,,1040421,土地1建物1車位0,十二層,15,住宅大樓(11層含以上有電梯),商業用,鋼筋混凝土造,,83.92,2,2,1,有,無,3600000,42898,,0.0,0,,RPROMLLMLHMFFCE08CB
小港區,房地(土地+建物),高雄市小港區廈莊六街109號A6棟14樓,9.36,商,,,1040421,土地1建物1車位0,十四層,15,住宅大樓(11層含以上有電梯),商業用,鋼筋混凝土造,,83.92,2,2,1,有,無,3760000,44805,,0.0,0,,RPTOMLLMLHMFFCE28CB
小港區,房地(土地+建物)+車位,高雄市小港區廈莊六街109號B1棟1樓,21.28,商,,,1040602,土地1建物1車位1,一層,15,住宅大樓(11層含以上有電梯),商業用,鋼筋混凝土造,,216.64,0,0,0,無,無,10300000,49681,坡道平面,31.46,1100000,,RPUOMLLMLHMFFCE38CB
小港區,房地(土地+建物),高雄市小港區廈莊六街109號B1棟3樓,10.76,商,,,1040916,土地1建物1車位0,三層,15,住宅大樓(11層含以上有電梯),商業用,鋼筋混凝土造,,95.59,2,2,2,有,無,4500000,47076,,0.0,0,,RPVOMLLMLHMFFCE48CB
小港區,房地(土地+建物),高雄市小港區廈莊六街109號B1棟4樓,10.76,商,,,1040522,土地1建物1車位0,四層,15,住宅大樓(11層含以上有電梯),商業用,鋼筋混凝土造,,95.59,2,2,2,有,無,4150000,43415,,0.0,0,,RPOPMLLMLHMFFCE87CB
小港區,房地(土地+建物),高雄市小港區廈莊六街109號B1棟5樓,10.76,商,,,1040911,土地1建物1車位0,五層,15,住宅大樓(11層含以上有電梯),商業用,鋼筋混凝土造,,95.59,2,2,2,有,無,4100000,42892,,0.0,0,,RPPPMLLMLHMFFCE97CB
小港區,房地(土地+建物)+車位,高雄市小港區廈莊六街109號B1棟8樓,10.99,商,,,1040915,土地1建物1車位1,八層,15,住宅大樓(11層含以上有電梯),商業用,鋼筋混凝土造,,124.9,2,2,2,有,無,5200000,43415,坡道平面,29.31,1050000,,RPQPMLLMLHMFFCE08CB
小港區,房地(土地+建物)+車位,高雄市小港區廈莊六街109號B1棟9樓,10.99,商,,,1040605,土地1建物1車位1,九層,15,住宅大樓(11層含以上有電梯),商業用,鋼筋混凝土造,,127.05,2,2,2,有,無,5300000,43938,坡道平面,31.46,1100000,,RPRPMLLMLHMFFCE18CB
小港區,房地(土地+建物),高雄市小港區廈莊六街109號B1棟11樓,10.76,商,,,1040722,土地1建物1車位0,十一層,15,住宅大樓(11層含以上有電梯),商業用,鋼筋混凝土造,,95.59,2,2,2,有,無,4300000,44984,,0.0,0,,RPQPMLNKMHMFFCE18CB
小港區,房地(土地+建物)+車位,高雄市小港區廈莊六街109號B1棟12樓,10.99,商,,,1040803,土地1建物1車位1,十二層,15,住宅大樓(11層含以上有電梯),商業用,鋼筋混凝土造,,124.9,2,2,2,有,無,5200000,43415,坡道平面,29.31,1050000,,RPTPMLNKMHMFFCE48CB
小港區,房地(土地+建物)+車位,高雄市小港區廈莊六街109號B2棟3樓,11.23,商,,,1030721,土地1建物1車位1,三層,15,住宅大樓(11層含以上有電梯),商業用,鋼筋混凝土造,,128.65,1,1,1,有,無,5200000,43214,坡道平面,31.46,1000000,,RPUPMLNKMHMFFCE58CB
小港區,房地(土地+建物),高雄市小港區廈莊六街109號B2棟4樓,10.99,商,,,1040804,土地1建物1車位0,四層,15,住宅大樓(11層含以上有電梯),商業用,鋼筋混凝土造,,97.19,2,2,2,有,無,4080000,41980,,0.0,0,,RPVPMLNKMHMFFCE68CB
小港區,房地(土地+建物)+車位,高雄市小港區廈莊六街109號B1棟10樓,10.99,商,,,1040602,土地1建物1車位1,十層,15,住宅大樓(11層含以上有電梯),商業用,鋼筋混凝土造,,127.05,2,2,2,有,無,5680000,49051,坡道平面,31.64,1000000,總價含裝潢22萬,RPOOMLOKMHMFFCE97CB
小港區,房地(土地+建物)+車位,高雄市小港區廈莊六街109號B2棟9樓,11.23,商,,,1040508,土地1建物1車位1,九層,15,住宅大樓(11層含以上有電梯),商業用,鋼筋混凝土造,,128.65,2,2,2,有,無,5350000,43729,坡道平面,31.46,1100000,,RPQOMLOKMHMFFCE18CB
小港區,房地(土地+建物)+車位,高雄市小港區廈莊六街109號B2棟10樓,11.23,商,,,1040320,土地1建物1車位1,十層,15,住宅大樓(11層含以上有電梯),商業用,鋼筋混凝土造,,128.65,2,2,2,有,無,5680000,48668,坡道平面,31.46,950000,,RPROMLOKMHMFFCE28CB
小港區,房地(土地+建物)+車位,高雄市小港區廈莊六街109號B2棟12樓,11.23,商,,,1040804,土地1建物1車位1,十二層,15,住宅大樓(11層含以上有電梯),商業用,鋼筋混凝土造,,128.65,2,2,2,有,無,5300000,43214,坡道平面,31.46,1100000,,RPTOMLOKMHMFFCE48CB
小港區,房地(土地+建物)+車位,高雄市小港區廈莊六街109號B2棟14樓,11.23,商,,,1040826,土地1建物1車位1,十四層,15,住宅大樓(11層含以上有電梯),商業用,鋼筋混凝土造,,128.65,2,2,2,有,無,5350000,44758,坡道平面,31.46,1000000,,RPUOMLOKMHMFFCE58CB
小港區,房地(土地+建物),高雄市小港區廈莊六街109號B3棟6樓,10.76,商,,,1040518,土地1建物1車位0,六層,15,住宅大樓(11層含以上有電梯),商業用,鋼筋混凝土造,,95.59,2,2,2,有,無,4300000,44984,,0.0,0,,RPOPMLOKMHMFFCE08CB
小港區,房地(土地+建物)+車位,高雄市小港區廈莊六街109號B3棟9樓,10.99,商,,,1040422,土地1建物1車位1,九層,15,住宅大樓(11層含以上有電梯),商業用,鋼筋混凝土造,,127.05,2,2,2,有,無,5250000,44461,坡道平面,31.46,1000000,,RPPPMLOKMHMFFCE18CB
小港區,房地(土地+建物)+車位,高雄市小港區廈莊六街109號B3棟10樓,10.99,商,,,1040625,土地1建物1車位1,十層,15,住宅大樓(11層含以上有電梯),商業用,鋼筋混凝土造,,127.05,2,2,2,有,無,5350000,44461,坡道平面,31.46,1100000,,RPQPMLOKMHMFFCE28CB
小港區,房地(土地+建物)+車位,高雄市小港區廈莊六街109號B3棟11樓,10.99,商,,,1040416,土地1建物1車位1,十一層,15,住宅大樓(11層含以上有電梯),商業用,鋼筋混凝土造,,124.9,2,2,2,有,無,5340000,44879,坡道平面,29.31,1050000,,RPVPMLOKMHMFFCE78CB
小港區,房地(土地+建物)+車位,高雄市小港區廈莊六街109號B3棟12樓,10.99,商,,,1040706,土地1建物1車位1,十二層,15,住宅大樓(11層含以上有電梯),商業用,鋼筋混凝土造,,124.9,2,2,2,有,無,5260000,44042,坡道平面,29.31,1050000,,RPXPMLOKMHMFFCE98CB
小港區,房地(土地+建物)+車位,高雄市小港區廈莊六街109號B3棟13樓,10.99,商,,,1040416,土地1建物1車位1,十三層,15,住宅大樓(11層含以上有電梯),商業用,鋼筋混凝土造,,127.05,2,2,2,有,無,5350000,44461,坡道平面,31.46,1100000,,RPOQMLOKMHMFFCE18CB
楠梓區,房地(土地+建物),高雄市楠梓區清楠段407-56地號 B01,100.29,住,,,1030414,土地2建物1車位0,全,4,透天厝,住家用,鋼筋混凝土造,,215.5,4,2,3,有,無,10800000,50116,,0.0,0,,RPOQMLRKMHMFFEE78DB
楠梓區,房地(土地+建物),高雄市楠梓區清楠段407-48地號 B11,100.31,住,,,1030411,土地2建物1車位0,全,4,透天厝,住家用,鋼筋混凝土造,,215.5,4,2,3,有,無,10300000,47796,,0.0,0,,RPPQMLRKMHMFFEE88DB
楠梓區,房地(土地+建物),高雄市楠梓區清楠段407-51地號 B7,100.38,住,,,1021121,土地2建物1車位0,全,4,透天厝,住家用,鋼筋混凝土造,,216.68,4,2,3,有,無,10500000,48459,,0.0,0,,RPTQMLRKMHMFFEE66DB
楠梓區,房地(土地+建物),高雄市楠梓區清楠段407-50地號 B8,100.4,住,,,1021121,土地2建物1車位0,全,4,透天厝,住家用,鋼筋混凝土造,,216.68,4,2,3,有,無,10300000,47536,,0.0,0,,RPUQMLRKMHMFFEE76DB
楠梓區,房地(土地+建物),高雄市楠梓區清楠段407-30地號 E12,99.33,住,,,1021214,土地2建物1車位0,全,4,透天厝,住家用,鋼筋混凝土造,,216.51,4,2,2,有,無,10600000,48958,,0.0,0,,RPVQMLRKMHMFFEE86DB
楠梓區,房地(土地+建物),高雄市楠梓區清楠段407-19地號 F2,134.95,住,,,1021222,土地1建物1車位0,全,4,透天厝,住家用,鋼筋混凝土造,,288.08,4,2,3,有,無,15300000,53110,,0.0,0,,RPORMLRKMHMFFEE88DB
楠梓區,房地(土地+建物),高雄市楠梓區清楠段407-59地號 A3,76.79,住,,,1021126,土地1建物1車位0,全,4,透天厝,住家用,鋼筋混凝土造,,226.32,4,2,4,有,無,13200000,58324,,0.0,0,,RPPNMLSKMHMFFEE58CB
楠梓區,房地(土地+建物),高雄市楠梓區清楠段407-34地號 E18,99.32,住,,,1021216,土地2建物1車位0,全,4,透天厝,住家用,鋼筋混凝土造,,216.51,4,2,3,有,無,11000000,50806,,0.0,0,,RPQNMLSKMHMFFEE68CB
楠梓區,房地(土地+建物),高雄市楠梓區清楠段407-35地號 E20,99.33,住,,,1021216,土地2建物1車位0,全,4,透天厝,住家用,鋼筋混凝土造,,216.51,4,2,3,有,無,11000000,50806,,0.0,0,,RPRNMLSKMHMFFEE78CB
楠梓區,房地(土地+建物),高雄市楠梓區清楠段407-72地號 A21,72.71,住,,,1030209,土地1建物1車位0,全,4,透天厝,住家用,鋼筋混凝土造,,223.59,4,2,4,有,無,11000000,49197,,0.0,0,,RPSNMLSKMHMFFEE88CB
楠梓區,房地(土地+建物),高雄市楠梓區清楠段407-46地號 B15,100.37,住,,,1030409,土地2建物1車位0,全,4,透天厝,住家用,鋼筋混凝土造,,216.68,4,2,3,有,無,10500000,48459,,0.0,0,,RPVNMLSKMHMFFEE56CB
楠梓區,房地(土地+建物),高雄市楠梓區清楠段407-44地號 B17,100.4,住,,,1030411,土地2建物1車位0,全,4,透天厝,住家用,鋼筋混凝土造,,216.68,4,2,3,有,無,10500000,48459,,0.0,0,,RPXNMLSKMHMFFEE76CB
小港區,房地(土地+建物),高雄市小港區廈莊六街109號B3棟3樓,11.23,商,,,1040916,土地1建物1車位0,三層,15,住宅大樓(11層含以上有電梯),商業用,鋼筋混凝土造,,95.59,2,2,2,有,無,4820000,50424,,0.0,0,裝潢64萬,RPVNMLTKMHMFFCE09CB
小港區,房地(土地+建物)+車位,高雄市小港區廈莊六街109號B5棟2樓,10.29,商,,,1030710,土地1建物1車位1,二層,15,住宅大樓(11層含以上有電梯),商業用,鋼筋混凝土造,,121.37,2,2,1,有,無,5090000,45490,坡道平面,31.46,1000000,裝潢49萬,RPWNMLTKMHMFFCE56CB
小港區,房地(土地+建物)+車位,高雄市小港區廈莊六街109號B5棟3樓,10.29,商,,,1030625,土地1建物1車位1,三層,15,住宅大樓(11層含以上有電梯),商業用,鋼筋混凝土造,,119.22,2,2,1,有,無,4850000,42821,坡道平面,29.31,1000000,,RPQOMLTKMHMFFCE68CB
小港區,房地(土地+建物),高雄市小港區廈莊六街109號B5棟5樓,10.06,商,,,1030806,土地1建物1車位0,五層,15,住宅大樓(11層含以上有電梯),商業用,鋼筋混凝土造,,89.91,2,2,1,有,無,3980000,44266,,0.0,0,,RPSOMLTKMHMFFCE88CB
小港區,房地(土地+建物)+車位,高雄市小港區廈莊六街109號B5棟7樓,10.29,商,,,1030822,土地1建物1車位1,七層,15,住宅大樓(11層含以上有電梯),商業用,鋼筋混凝土造,,121.37,2,2,1,有,無,4770000,41931,坡道平面,31.46,1000000,,RPTOMLTKMHMFFCE98CB
小港區,房地(土地+建物),高雄市小港區廈莊六街109號B5棟8樓,10.06,商,,,1031001,土地1建物1車位0,八層,15,住宅大樓(11層含以上有電梯),商業用,鋼筋混凝土造,,89.91,2,2,1,有,無,3980000,44266,,0.0,0,,RPVOMLTKMHMFFCE56CB
小港區,房地(土地+建物)+車位,高雄市小港區廈莊六街109號B5棟9樓,10.29,商,,,1030812,土地1建物1車位1,九層,15,住宅大樓(11層含以上有電梯),商業用,鋼筋混凝土造,,121.37,2,2,1,有,無,5050000,42821,坡道平面,31.46,1200000,,RPWOMLTKMHMFFCE66CB
小港區,房地(土地+建物),高雄市小港區廈莊六街109號B5棟10樓,10.06,商,,,1031230,土地1建物1車位0,十層,15,住宅大樓(11層含以上有電梯),商業用,鋼筋混凝土造,,89.91,2,2,1,有,無,3900000,43377,,0.0,0,,RPXOMLTKMHMFFCE76CB
小港區,房地(土地+建物),高雄市小港區廈莊六街109號B5棟11樓,10.06,商,,,1031006,土地1建物1車位0,十一層,15,住宅大樓(11層含以上有電梯),商業用,鋼筋混凝土造,,89.91,2,2,1,有,無,4100000,45601,,0.0,0,,RPOPMLTKMHMFFCE58CB
小港區,房地(土地+建物),高雄市小港區廈莊六街109號B5棟13樓,14.5,商,,,1040204,土地1建物1車位0,十三層,15,住宅大樓(11層含以上有電梯),商業用,鋼筋混凝土造,,89.91,2,2,1,有,無,4000000,44489,,0.0,0,,RPPPMLTKMHMFFCE68CB
小港區,房地(土地+建物)+車位,高雄市小港區廈莊六街109號B5棟15樓,10.29,商,,,1040422,土地1建物1車位1,十五層,15,住宅大樓(11層含以上有電梯),商業用,鋼筋混凝土造,,121.37,2,2,1,有,無,4900000,43377,坡道平面,31.46,1000000,,RPRPMLTKMHMFFCE88CB
小港區,房地(土地+建物),高雄市小港區廈莊六街109號B6棟2樓,10.29,商,,,1040316,土地1建物1車位0,二層,15,住宅大樓(11層含以上有電梯),商業用,鋼筋混凝土造,,91.11,2,2,1,有,無,3850000,42257,,0.0,0,,RPSPMLTKMHMFFCE98CB
小港區,房地(土地+建物)+車位,高雄市小港區廈莊六街109號B6棟3樓,10.53,商,,,1031017,土地1建物1車位1,三層,15,住宅大樓(11層含以上有電梯),商業用,鋼筋混凝土造,,122.57,2,2,1,有,無,4850000,42257,坡道平面,31.46,1000000,,RPTPMLTKMHMFFCE09CB
小港區,房地(土地+建物),高雄市小港區廈莊六街109號B6棟4樓,10.29,商,,,1030905,土地1建物1車位0,四層,15,住宅大樓(11層含以上有電梯),商業用,鋼筋混凝土造,,91.11,2,2,1,有,無,3890000,42696,,0.0,0,,RPUPMLTKMHMFFCE56CB
小港區,房地(土地+建物),高雄市小港區廈莊六街109號B6棟6樓,10.29,商,,,1031013,土地1建物1車位0,六層,15,住宅大樓(11層含以上有電梯),商業用,鋼筋混凝土造,,91.11,2,2,1,有,無,3980000,43683,,0.0,0,,RPVPMLTKMHMFFCE66CB
小港區,房地(土地+建物)+車位,高雄市小港區廈莊六街109號B6棟7樓,10.53,商,,,1030910,土地1建物1車位1,七層,15,住宅大樓(11層含以上有電梯),商業用,鋼筋混凝土造,,122.57,2,2,1,有,無,4850000,42257,坡道平面,31.46,1000000,,RPXNMLKLMHMFFCE48CB
小港區,房地(土地+建物)+車位,高雄市小港區廈莊六街109號B6棟8樓,10.53,商,,,1030825,土地1建物1車位1,八層,15,住宅大樓(11層含以上有電梯),商業用,鋼筋混凝土造,,122.57,2,2,1,有,無,4900000,42805,坡道平面,31.46,1000000,,RPOOMLKLMHMFFCE67CB
小港區,房地(土地+建物)+車位,高雄市小港區廈莊六街109號B6棟9樓,10.53,商,,,1030814,土地1建物1車位1,九層,15,住宅大樓(11層含以上有電梯),商業用,鋼筋混凝土造,,122.57,2,2,1,有,無,4850000,42257,坡道平面,31.46,1000000,,RPSOMLKLMHMFFCE08CB
小港區,房地(土地+建物),高雄市小港區廈莊六街109號B6棟10樓,10.29,商,,,1040127,土地1建物1車位0,十層,15,住宅大樓(11層含以上有電梯),商業用,鋼筋混凝土造,,91.11,2,2,1,有,無,3990000,43793,,0.0,0,,RPTOMLKLMHMFFCE18CB
小港區,房地(土地+建物),高雄市小港區廈莊六街109號B6棟12樓,10.29,商,,,1040402,土地1建物1車位0,十二層,15,住宅大樓(11層含以上有電梯),商業用,鋼筋混凝土造,,91.11,2,2,1,有,無,3950000,43354,,0.0,0,,RPUOMLKLMHMFFCE28CB
小港區,房地(土地+建物),高雄市小港區廈莊六街109號B6棟13樓,10.29,商,,,1040226,土地1建物1車位0,十三層,15,住宅大樓(11層含以上有電梯),商業用,鋼筋混凝土造,,91.11,2,2,1,有,無,4030000,44232,,0.0,0,,RPVOMLKLMHMFFCE38CB
小港區,房地(土地+建物),高雄市小港區廈莊六街109號B6棟14樓,10.29,商,,,1040317,土地1建物1車位0,十四層,15,住宅大樓(11層含以上有電梯),商業用,鋼筋混凝土造,,91.11,2,2,1,有,無,4100000,45001,,0.0,0,,RPWOMLKLMHMFFCE48CB
小港區,房地(土地+建物),高雄市小港區廈莊六街109號B6棟15樓,10.29,商,,,1040427,土地1建物1車位0,十五層,15,住宅大樓(11層含以上有電梯),商業用,鋼筋混凝土造,,91.11,2,2,1,有,無,3880000,42586,,0.0,0,,RPXOMLKLMHMFFCE58CB
小港區,房地(土地+建物)+車位,高雄市小港區廈莊六街109號C1棟4樓,11.46,商,,,1040911,土地1建物1車位1,四層,15,住宅大樓(11層含以上有電梯),商業用,鋼筋混凝土造,,131.81,2,2,2,有,無,5200000,41854,坡道平面,31.46,1000000,,RPPPMLKLMHMFFCE87CB
小港區,房地(土地+建物)+車位,高雄市小港區廈莊六街109號C1棟5樓,11.46,商,,,1040911,土地1建物1車位1,五層,15,住宅大樓(11層含以上有電梯),商業用,鋼筋混凝土造,,131.81,2,2,2,有,無,5320000,42053,坡道平面,31.46,1100000,,RPRPMLKLMHMFFCE08CB
小港區,房地(土地+建物)+車位,高雄市小港區廈莊六街109號C1棟7樓,11.46,商,,,1040916,土地1建物1車位1,七層,15,住宅大樓(11層含以上有電梯),商業用,鋼筋混凝土造,,131.81,2,2,2,有,無,5450000,43348,坡道平面,31.46,1100000,,RPSPMLKLMHMFFCE18CB
小港區,房地(土地+建物)+車位,高雄市小港區廈莊六街109號C1棟9樓,11.46,商,,,1040422,土地1建物1車位1,九層,15,住宅大樓(11層含以上有電梯),商業用,鋼筋混凝土造,,131.81,2,2,2,有,無,5550000,44345,坡道平面,31.46,1100000,,RPTPMLKLMHMFFCE28CB
小港區,房地(土地+建物)+車位,高雄市小港區廈莊六街109號C1棟10樓,11.46,商,,,1031121,土地1建物1車位1,十層,15,住宅大樓(11層含以上有電梯),商業用,鋼筋混凝土造,,131.81,2,2,2,有,無,5480000,44644,坡道平面,31.46,1000000,,RPVPMLKLMHMFFCE48CB
小港區,房地(土地+建物)+車位,高雄市小港區廈莊六街109號C1棟11樓,11.46,商,,,1040605,土地1建物1車位1,十一層,15,住宅大樓(11層含以上有電梯),商業用,鋼筋混凝土造,,131.81,2,2,2,有,無,5550000,45341,坡道平面,31.46,1000000,,RPWPMLKLMHMFFCE58CB
小港區,房地(土地+建物)+車位,高雄市小港區廈莊六街109號C1棟12樓,11.46,商,,,1040602,土地1建物1車位1,十二層,15,住宅大樓(11層含以上有電梯),商業用,鋼筋混凝土造,,131.81,2,2,2,有,無,5500000,44843,坡道平面,31.46,1000000,,RPXPMLKLMHMFFCE68CB
小港區,房地(土地+建物)+車位,高雄市小港區廈莊六街109號C2棟2樓,15.2,商,,,1040710,土地1建物1車位1,二層,15,住宅大樓(11層含以上有電梯),商業用,鋼筋混凝土造,,164.08,3,2,2,有,無,7650000,49389,坡道平面,31.46,1100000,裝潢90萬,RPQQMLKLMHMFFCE08CB
小港區,房地(土地+建物)+車位,高雄市小港區廈莊六街109號C2棟3樓,15.2,商,,,1031016,土地1建物1車位1,三層,15,住宅大樓(11層含以上有電梯),商業用,鋼筋混凝土造,,164.08,3,2,2,有,無,6820000,43885,坡道平面,31.46,1000000,,RPRNMLLLMHMFFCE97CB
小港區,房地(土地+建物)+車位,高雄市小港區廈莊六街109號C2棟5樓,15.2,商,,,1040508,土地1建物1車位1,五層,15,住宅大樓(11層含以上有電梯),商業用,鋼筋混凝土造,,164.08,3,2,2,有,無,6700000,42980,坡道平面,31.46,1000000,,RPSNMLLLMHMFFCE08CB
小港區,房地(土地+建物)+車位,高雄市小港區廈莊六街109號C2棟6樓,15.2,商,,,1040602,土地1建物1車位1,六層,15,住宅大樓(11層含以上有電梯),商業用,鋼筋混凝土造,,164.08,3,2,2,有,無,6750000,42603,坡道平面,31.46,1100000,,RPTNMLLLMHMFFCE18CB
小港區,房地(土地+建物)+車位,高雄市小港區廈莊六街109號C2棟7樓,15.2,商,,,1031230,土地1建物1車位1,七層,15,住宅大樓(11層含以上有電梯),商業用,鋼筋混凝土造,,164.08,3,2,2,有,無,6820000,43131,坡道平面,31.46,1100000,,RPUNMLLLMHMFFCE28CB
小港區,房地(土地+建物)+車位,高雄市小港區廈莊六街109號C2棟9樓,15.2,商,,,1040119,土地1建物1車位1,九層,15,住宅大樓(11層含以上有電梯),商業用,鋼筋混凝土造,,164.08,3,2,2,有,無,6800000,42980,坡道平面,31.46,1100000,,RPVNMLLLMHMFFCE38CB
小港區,房地(土地+建物)+車位,高雄市小港區廈莊六街109號C2棟11樓,15.2,商,,,1040707,土地1建物1車位1,十一層,15,住宅大樓(11層含以上有電梯),商業用,鋼筋混凝土造,,164.08,3,2,2,有,無,6800000,42980,坡道平面,31.46,1100000,,RPWNMLLLMHMFFCE48CB
小港區,房地(土地+建物)+車位,高雄市小港區廈莊六街109號C2棟12樓,15.2,商,,,1040113,土地1建物1車位1,十二層,15,住宅大樓(11層含以上有電梯),商業用,鋼筋混凝土造,,164.08,3,2,2,有,無,6940000,44036,坡道平面,31.46,1100000,,RPXNMLLLMHMFFCE58CB
小港區,房地(土地+建物)+車位,高雄市小港區廈莊六街109號C2棟13樓,15.2,商,,,1031211,土地1建物1車位1,十三層,15,住宅大樓(11層含以上有電梯),商業用,鋼筋混凝土造,,164.08,3,2,2,有,無,6850000,43357,坡道平面,31.46,1100000,,RPOOMLLLMHMFFCE77CB
小港區,房地(土地+建物),高雄市小港區廈莊六街109號C3棟3樓,10.29,商,,,1031126,土地1建物1車位0,三層,15,住宅大樓(11層含以上有電梯),商業用,鋼筋混凝土造,,92.29,2,2,1,有,無,3910000,42366,,0.0,0,,RPQOMLLLMHMFFCE97CB
小港區,房地(土地+建物),高雄市小港區廈莊六街109號C3棟4樓,10.29,商,,,1031211,土地1建物1車位0,四層,15,住宅大樓(11層含以上有電梯),商業用,鋼筋混凝土造,,92.29,2,2,1,有,無,3980000,43125,,0.0,0,,RPROMLLLMHMFFCE08CB
小港區,房地(土地+建物),高雄市小港區廈莊六街109號C3棟5樓,10.29,商,,,1040622,土地1建物1車位0,五層,15,住宅大樓(11層含以上有電梯),商業用,鋼筋混凝土造,,92.29,2,2,1,有,無,3830000,41500,,0.0,0,,RPSOMLLLMHMFFCE18CB
小港區,房地(土地+建物),高雄市小港區廈莊六街109號C3棟6樓,10.29,商,,,1040206,土地1建物1車位0,六層,15,住宅大樓(11層含以上有電梯),商業用,鋼筋混凝土造,,92.29,2,2,1,有,無,3820000,41391,,0.0,0,,RPUOMLLLMHMFFCE38CB
小港區,房地(土地+建物),高雄市小港區廈莊六街109號C3棟2樓,10.29,商,,,1040216,土地1建物1車位0,二層,15,住宅大樓(11層含以上有電梯),商業用,鋼筋混凝土造,,92.29,2,2,1,有,無,4500000,48759,,0.0,0,裝潢62萬,RPVNMLQLMHMFFCE88CB
小港區,房地(土地+建物),高雄市小港區廈莊六街109號C3棟8樓,10.29,商,,,1040416,土地1建物1車位0,八層,15,住宅大樓(11層含以上有電梯),商業用,鋼筋混凝土造,,92.29,2,2,1,有,無,3900000,42258,,0.0,0,,RPOPMLQLMHMFFCE38CB
小港區,房地(土地+建物),高雄市小港區廈莊六街109號C3棟10樓,10.29,商,,,1040518,土地1建物1車位0,十層,15,住宅大樓(11層含以上有電梯),商業用,鋼筋混凝土造,,92.29,2,2,1,有,無,4000000,43342,,0.0,0,,RPQPMLQLMHMFFCE58CB
小港區,房地(土地+建物),高雄市小港區廈莊六街109號C3棟11樓,10.29,商,,,1040515,土地1建物1車位0,十一層,15,住宅大樓(11層含以上有電梯),商業用,鋼筋混凝土造,,92.29,2,2,1,有,無,3910000,42366,,0.0,0,,RPSPMLQLMHMFFCE78CB
小港區,房地(土地+建物),高雄市小港區廈莊六街109號C3棟12樓,10.29,商,,,1040427,土地1建物1車位0,十二層,15,住宅大樓(11層含以上有電梯),商業用,鋼筋混凝土造,,92.29,2,2,1,有,無,3950000,42800,,0.0,0,,RPUPMLQLMHMFFCE98CB
小港區,房地(土地+建物),高雄市小港區廈莊六街109號C3棟14樓,10.29,商,,,1040515,土地1建物1車位0,十四層,15,住宅大樓(11層含以上有電梯),商業用,鋼筋混凝土造,,92.29,2,2,1,有,無,3940000,42692,,0.0,0,,RPWPMLQLMHMFFCE56CB
小港區,房地(土地+建物)+車位,高雄市小港區廈莊六街109號C3棟15樓,10.53,商,,,1040420,土地1建物1車位1,十五層,15,住宅大樓(11層含以上有電梯),商業用,鋼筋混凝土造,,123.75,2,2,1,有,無,5000000,43342,坡道平面,31.46,1000000,,RPXPMLQLMHMFFCE66CB
小港區,房地(土地+建物)+車位,高雄市小港區廈莊六街109號C5棟1樓,14.27,商,,,1040911,土地1建物1車位1,一層,15,住宅大樓(11層含以上有電梯),商業用,鋼筋混凝土造,,153.6,2,2,2,有,無,6200000,41755,坡道平面,31.46,1100000,,RPOQMLQLMHMFFCE48CB
小港區,房地(土地+建物)+車位,高雄市小港區廈莊六街109號C5棟2樓,10.99,商,,,1030527,土地1建物1車位1,二層,15,住宅大樓(11層含以上有電梯),商業用,鋼筋混凝土造,,126.35,2,2,2,有,無,4980000,41943,坡道平面,31.46,1000000,,RPPQMLQLMHMFFCE58CB
小港區,房地(土地+建物)+車位,高雄市小港區廈莊六街109號C5棟3樓,10.99,商,,,1030620,土地1建物1車位1,三層,15,住宅大樓(11層含以上有電梯),商業用,鋼筋混凝土造,,126.35,2,2,2,有,無,4980000,41943,坡道平面,31.46,1000000,,RPQQMLQLMHMFFCE68CB
小港區,房地(土地+建物)+車位,高雄市小港區廈莊六街109號C5棟4樓,10.99,商,,,1030702,土地1建物1車位1,四層,15,住宅大樓(11層含以上有電梯),商業用,鋼筋混凝土造,,124.2,2,2,2,有,無,5000000,42681,坡道平面,29.31,950000,,RPRQMLQLMHMFFCE78CB
小港區,房地(土地+建物)+車位,高雄市小港區廈莊六街109號C5棟6樓,10.99,商,,,1030915,土地1建物1車位1,六層,15,住宅大樓(11層含以上有電梯),商業用,鋼筋混凝土造,,126.35,2,2,2,有,無,5000000,42154,坡道平面,31.46,1000000,,RPTQMLQLMHMFFCE98CB
小港區,房地(土地+建物)+車位,高雄市小港區廈莊六街109號C5棟8樓,10.99,商,,,1030709,土地1建物1車位1,八層,15,住宅大樓(11層含以上有電梯),商業用,鋼筋混凝土造,,126.35,2,2,2,有,無,5080000,42997,坡道平面,31.46,1000000,,RPUQMLQLMHMFFCE09CB
小港區,房地(土地+建物)+車位,高雄市小港區廈莊六街109號C5棟10樓,10.99,商,,,1030814,土地1建物1車位1,十層,15,住宅大樓(11層含以上有電梯),商業用,鋼筋混凝土造,,126.35,2,2,2,有,無,4980000,41943,坡道平面,31.46,1000000,,RPVQMLQLMHMFFCE56CB
小港區,房地(土地+建物)+車位,高雄市小港區廈莊六街109號C5棟11樓,10.99,商,,,1030527,土地1建物1車位1,十一層,15,住宅大樓(11層含以上有電梯),商業用,鋼筋混凝土造,,126.35,2,2,2,有,無,5730000,49847,坡道平面,31.46,1000000,裝潢57萬,RPWQMLQLMHMFFCE66CB
小港區,房地(土地+建物)+車位,高雄市小港區廈莊六街109號C5棟12樓,10.99,商,,,1030702,土地1建物1車位1,十二層,15,住宅大樓(11層含以上有電梯),商業用,鋼筋混凝土造,,126.35,2,2,2,有,無,5000000,42154,坡道平面,31.46,1000000,,RPXQMLQLMHMFFCE76CB
小港區,房地(土地+建物)+車位,高雄市小港區廈莊六街109號C5棟14樓,10.99,商,,,1031028,土地1建物1車位1,十四層,15,住宅大樓(11層含以上有電梯),商業用,鋼筋混凝土造,,126.35,2,2,2,有,無,5080000,42997,坡道平面,31.46,1000000,,RPORMLQLMHMFFCE58CB
小港區,房地(土地+建物),高雄市小港區廈莊六街109號C5棟15樓,10.76,商,,,1031111,土地1建物1車位0,十五層,15,住宅大樓(11層含以上有電梯),商業用,鋼筋混凝土造,,94.89,2,2,2,有,無,4170000,43946,,0.0,0,,RPRRMLQLMHMFFCE88CB
楠梓區,房地(土地+建物)+車位,高雄市楠梓區翠屏段一小段13地號 S1,19.13,住,,,1031004,土地1建物1車位1,一層,15,店面(店鋪),住商用,鋼筋混凝土造,,116.71,0,0,0,無,無,10600000,90823,坡道平面,16.28,0,,RPPOMLRLMHMFFEE68CB
楠梓區,房地(土地+建物)+車位,高雄市楠梓區翠屏段一小段13地號 S5,18.44,住,,,1040315,土地1建物1車位1,一層,15,店面(店鋪),住商用,鋼筋混凝土造,,114.73,0,0,0,無,無,10700000,93262,坡道平面,13.71,0,,RPQOMLRLMHMFFEE78CB
楠梓區,房地(土地+建物),高雄市楠梓區翠屏段一小段13地號 S8,16.7,住,,,1031012,土地1建物1車位0,一層,15,店面(店鋪),住商用,鋼筋混凝土造,,102.84,0,0,0,無,無,9000000,87515,,0.0,0,,RPROMLRLMHMFFEE88CB
楠梓區,房地(土地+建物)+車位,高雄市楠梓區翠屏段一小段13地號A1棟2樓,30.61,住,,,1040704,土地1建物1車位1,二層,15,住宅大樓(11層含以上有電梯),住家用,鋼筋混凝土造,,187.31,4,2,2,有,無,10580000,56484,坡道平面,15.2,0,,RPSOMLRLMHMFFEE98CB
楠梓區,房地(土地+建物)+車位,高雄市楠梓區翠屏段一小段13地號A1棟5樓,30.61,住,,,1040308,土地1建物1車位1,五層,15,住宅大樓(11層含以上有電梯),住家用,鋼筋混凝土造,,189.25,4,2,2,有,無,10750000,56803,坡道平面,16.28,0,,RPTOMLRLMHMFFEE09CB
楠梓區,房地(土地+建物)+車位,高雄市楠梓區翠屏段一小段13地號A1棟7樓,30.61,住,,,1031012,土地1建物1車位1,七層,15,住宅大樓(11層含以上有電梯),住家用,鋼筋混凝土造,,189.25,4,2,2,有,無,10750000,56803,坡道平面,16.28,0,,RPUOMLRLMHMFFEE56CB
楠梓區,房地(土地+建物)+車位,高雄市楠梓區翠屏段一小段13地號A1棟9樓,30.61,住,,,1031005,土地1建物1車位1,九層,15,住宅大樓(11層含以上有電梯),住家用,鋼筋混凝土造,,189.25,4,2,2,有,無,11050000,58388,坡道平面,16.28,0,,RPVOMLRLMHMFFEE66CB
楠梓區,房地(土地+建物)+車位,高雄市楠梓區翠屏段一小段13地號A1棟10樓,30.61,住,,,1031006,土地1建物1車位1,十層,15,住宅大樓(11層含以上有電梯),住家用,鋼筋混凝土造,,189.25,4,2,2,有,無,10970000,57966,坡道平面,16.28,0,,RPWOMLRLMHMFFEE76CB
楠梓區,房地(土地+建物)+車位,高雄市楠梓區翠屏段一小段13地號A1棟12樓,30.61,住,,,1031214,土地1建物1車位1,十二層,15,住宅大樓(11層含以上有電梯),住家用,鋼筋混凝土造,,189.25,4,2,2,有,無,10990000,58071,坡道平面,16.28,0,,RPOPMLRLMHMFFEE68CB
楠梓區,房地(土地+建物)+車位,高雄市楠梓區翠屏段一小段13地號A1棟14樓,30.26,住,,,1040801,土地1建物1車位1,十四層,15,住宅大樓(11層含以上有電梯),住家用,鋼筋混凝土造,,188.17,4,2,2,有,無,11050000,58723,坡道平面,15.19,0,,RPPPMLRLMHMFFEE78CB
楠梓區,房地(土地+建物),高雄市楠梓區翠屏段一小段13地號A2棟2樓,12.87,住,,,1031122,土地1建物1車位0,二層,15,住宅大樓(11層含以上有電梯),住家用,鋼筋混凝土造,,81.14,2,1,1,有,無,4740000,58418,,0.0,0,,RPRPMLRLMHMFFEE98CB
楠梓區,房地(土地+建物)+車位,高雄市楠梓區翠屏段一小段13地號A2棟3樓,15.65,住,,,1031010,土地1建物1車位1,三層,15,住宅大樓(11層含以上有電梯),住家用,鋼筋混凝土造,,97.42,2,1,1,有,無,5730000,58817,坡道平面,16.28,0,,RPSPMLRLMHMFFEE09CB
楠梓區,房地(土地+建物),高雄市楠梓區翠屏段一小段13地號A2棟4樓,12.87,住,,,1040216,土地1建物1車位0,四層,15,住宅大樓(11層含以上有電梯),住家用,鋼筋混凝土造,,81.14,2,1,1,有,無,4840000,59650,,0.0,0,,RPTPMLRLMHMFFEE56CB
楠梓區,房地(土地+建物),高雄市楠梓區翠屏段一小段13地號A2棟5樓,12.87,住,,,1031013,土地1建物1車位0,五層,15,住宅大樓(11層含以上有電梯),住家用,鋼筋混凝土造,,81.14,2,1,1,有,無,4810000,59280,,0.0,0,,RPUPMLRLMHMFFEE66CB
楠梓區,房地(土地+建物),高雄市楠梓區翠屏段一小段13地號A2棟8樓,12.87,住,,,1031012,土地1建物1車位0,八層,15,住宅大樓(11層含以上有電梯),住家用,鋼筋混凝土造,,81.14,2,1,1,有,無,4820000,59404,,0.0,0,,RPVPMLRLMHMFFEE76CB
楠梓區,房地(土地+建物)+車位,高雄市楠梓區翠屏段一小段13地號A2棟10樓,15.65,住,,,1031120,土地1建物1車位1,十層,15,住宅大樓(11層含以上有電梯),住家用,鋼筋混凝土造,,97.42,2,1,1,有,無,5610000,57586,坡道平面,16.28,0,,RPWPMLRLMHMFFEE86CB
楠梓區,房地(土地+建物)+車位,高雄市楠梓區翠屏段一小段13地號A2棟15樓,15.31,住,,,1040726,土地1建物1車位1,十五層,15,住宅大樓(11層含以上有電梯),住家用,鋼筋混凝土造,,95.19,2,1,1,有,無,5910000,62086,坡道平面,13.5,0,,RPXPMLRLMHMFFEE96CB
楠梓區,房地(土地+建物)+車位,高雄市楠梓區翠屏段一小段13地號A3棟2樓,28.87,住,,,1040404,土地1建物1車位1,二層,15,住宅大樓(11層含以上有電梯),住家用,鋼筋混凝土造,,180.33,4,2,2,有,無,10080000,55898,坡道平面,16.28,0,,RPOQMLRLMHMFFEE78CB
楠梓區,房地(土地+建物)+車位,高雄市楠梓區翠屏段一小段13地號A3棟9樓,28.87,住,,,1040604,土地1建物1車位1,九層,15,住宅大樓(11層含以上有電梯),住家用,鋼筋混凝土造,,179.18,4,2,2,有,無,10080000,56256,坡道平面,16.02,0,,RPPQMLRLMHMFFEE88CB
楠梓區,房地(土地+建物)+車位,高雄市楠梓區翠屏段一小段13地號A5棟4樓,22.96,住,,,1040418,土地1建物1車位1,四層,15,住宅大樓(11層含以上有電梯),住家用,鋼筋混凝土造,,141.65,3,2,2,有,無,7610000,53724,坡道平面,16.02,0,,RPQQMLRLMHMFFEE98CB
楠梓區,房地(土地+建物)+車位,高雄市楠梓區翠屏段一小段13地號A5棟7樓,22.96,住,,,1040111,土地1建物1車位1,七層,15,住宅大樓(11層含以上有電梯),住家用,鋼筋混凝土造,,142.63,3,2,2,有,無,7850000,55038,坡道平面,16.28,0,,RPRQMLRLMHMFFEE09CB
楠梓區,房地(土地+建物)+車位,高雄市楠梓區翠屏段一小段13地號A6棟3樓,22.61,住,,,1031010,土地1建物1車位1,三層,15,住宅大樓(11層含以上有電梯),住家用,鋼筋混凝土造,,142.68,3,2,2,有,無,7850000,55018,坡道平面,13.71,0,,RPTQMLRLMHMFFEE66CB
楠梓區,房地(土地+建物)+車位,高雄市楠梓區翠屏段一小段13地號A6棟7樓,23.31,住,,,1031122,土地1建物1車位1,七層,15,住宅大樓(11層含以上有電梯),住家用,鋼筋混凝土造,,145.25,3,2,2,有,無,8060000,55491,坡道平面,16.28,0,,RPUQMLRLMHMFFEE76CB
楠梓區,房地(土地+建物)+車位,高雄市楠梓區翠屏段一小段13地號A6棟8樓,23.31,住,,,1040520,土地1建物1車位1,八層,15,住宅大樓(11層含以上有電梯),住家用,鋼筋混凝土造,,144.24,3,2,2,有,無,8060000,55879,坡道平面,16.02,0,,RPVQMLRLMHMFFEE86CB
楠梓區,房地(土地+建物)+車位,高雄市楠梓區翠屏段一小段13地號A6棟9樓,23.31,住,,,1031120,土地1建物1車位1,九層,15,住宅大樓(11層含以上有電梯),住家用,鋼筋混凝土造,,145.25,3,2,2,有,無,8080000,55628,坡道平面,16.28,0,,RPWQMLRLMHMFFEE96CB
楠梓區,房地(土地+建物)+車位,高雄市楠梓區翠屏段一小段13地號A6棟10樓,22.61,住,,,1031012,土地1建物1車位1,十層,15,住宅大樓(11層含以上有電梯),住家用,鋼筋混凝土造,,142.68,3,2,2,有,無,8060000,56490,坡道平面,13.71,0,,RPXQMLRLMHMFFEE07CB
楠梓區,房地(土地+建物)+車位,高雄市楠梓區翠屏段一小段13地號A6棟11樓,23.31,住,,,1040522,土地1建物1車位1,十一層,15,住宅大樓(11層含以上有電梯),住家用,鋼筋混凝土造,,144.24,3,2,2,有,無,8130000,56364,坡道平面,16.02,0,,RPPRMLRLMHMFFEE98CB
楠梓區,房地(土地+建物)+車位,高雄市楠梓區翠屏段一小段13地號A6棟12樓,22.61,住,,,1040420,土地1建物1車位1,十二層,15,住宅大樓(11層含以上有電梯),住家用,鋼筋混凝土造,,141.71,3,2,2,有,無,8060000,56877,坡道平面,13.49,0,,RPQRMLRLMHMFFEE09CB
楠梓區,房地(土地+建物)+車位,高雄市楠梓區翠屏段一小段13地號A6棟13樓,22.96,住,,,1040806,土地1建物1車位1,十三層,15,住宅大樓(11層含以上有電梯),住家用,鋼筋混凝土造,,142.59,3,2,2,有,無,8080000,56666,坡道平面,13.5,0,,RPRRMLRLMHMFFEE56CB
楠梓區,房地(土地+建物)+車位,高雄市楠梓區翠屏段一小段13地號B1棟3樓,30.61,住,,,1040409,土地1建物1車位1,三層,15,住宅大樓(11層含以上有電梯),住家用,鋼筋混凝土造,,189.25,4,2,2,有,無,10540000,55694,坡道平面,16.28,0,,RPSRMLRLMHMFFEE66CB
楠梓區,房地(土地+建物)+車位,高雄市楠梓區翠屏段一小段13地號B1棟8樓,30.61,住,,,1031206,土地1建物1車位1,八層,15,住宅大樓(11層含以上有電梯),住家用,鋼筋混凝土造,,189.25,4,2,2,有,無,10830000,57226,坡道平面,16.28,0,,RPURMLRLMHMFFEE86CB
楠梓區,房地(土地+建物),高雄市楠梓區翠屏段一小段13地號B2棟2樓,13.22,住,,,1040803,土地1建物1車位0,二層,15,住宅大樓(11層含以上有電梯),住家用,鋼筋混凝土造,,81.69,2,1,1,有,無,5330000,65247,,0.0,0,,RPVRMLRLMHMFFEE96CB
楠梓區,房地(土地+建物),高雄市楠梓區翠屏段一小段13地號B2棟3樓,12.87,住,,,1031025,土地1建物1車位0,三層,15,住宅大樓(11層含以上有電梯),住家用,鋼筋混凝土造,,81.14,2,1,1,有,無,4750000,58541,,0.0,0,,RPWRMLRLMHMFFEE07CB
楠梓區,房地(土地+建物),高雄市楠梓區翠屏段一小段13地號B2棟4樓,12.87,住,,,1040208,土地1建物1車位0,四層,15,住宅大樓(11層含以上有電梯),住家用,鋼筋混凝土造,,81.14,2,1,1,有,無,4760000,58664,,0.0,0,,RPOSMLRLMHMFFEE98CB
楠梓區,房地(土地+建物),高雄市楠梓區翠屏段一小段13地號B2棟5樓,12.87,住,,,1031120,土地1建物1車位0,五層,15,住宅大樓(11層含以上有電梯),住家用,鋼筋混凝土造,,81.14,2,1,1,有,無,4790000,59034,,0.0,0,,RPPSMLRLMHMFFEE09CB
楠梓區,房地(土地+建物),高雄市楠梓區翠屏段一小段13地號B2棟6樓,12.87,住,,,1040215,土地1建物1車位0,六層,15,住宅大樓(11層含以上有電梯),住家用,鋼筋混凝土造,,81.14,2,1,1,有,無,4820000,59404,,0.0,0,,RPRSMLRLMHMFFEE66CB
楠梓區,房地(土地+建物),高雄市楠梓區翠屏段一小段13地號B2棟8樓,12.87,住,,,1031229,土地1建物1車位0,八層,15,住宅大樓(11層含以上有電梯),住家用,鋼筋混凝土造,,81.14,2,1,1,有,無,4840000,59650,,0.0,0,,RPSSMLRLMHMFFEE76CB
楠梓區,房地(土地+建物),高雄市楠梓區翠屏段一小段13地號B2棟10樓,12.87,住,,,1031102,土地1建物1車位0,十層,15,住宅大樓(11層含以上有電梯),住家用,鋼筋混凝土造,,81.14,2,1,1,有,無,4950000,61006,,0.0,0,,RPTSMLRLMHMFFEE86CB
楠梓區,房地(土地+建物),高雄市楠梓區翠屏段一小段13地號B2棟11樓,12.87,住,,,1040426,土地1建物1車位0,十一層,15,住宅大樓(11層含以上有電梯),住家用,鋼筋混凝土造,,80.83,2,1,1,有,無,4860000,60126,,0.0,0,,RPUSMLRLMHMFFEE96CB
楠梓區,房地(土地+建物)+車位,高雄市楠梓區翠屏段一小段13地號B2棟12樓,15.65,住,,,1031003,土地1建物1車位1,十二層,15,住宅大樓(11層含以上有電梯),住家用,鋼筋混凝土造,,97.42,2,1,1,有,無,5860000,60152,坡道平面,16.28,0,,RPVSMLRLMHMFFEE07CB
楠梓區,房地(土地+建物),高雄市楠梓區翠屏段一小段13地號B2棟14樓,12.87,住,,,1031227,土地1建物1車位0,十四層,15,住宅大樓(11層含以上有電梯),住家用,鋼筋混凝土造,,81.14,2,1,1,有,無,4950000,61006,,0.0,0,,RPWSMLRLMHMFFEE17CB
楠梓區,房地(土地+建物),高雄市楠梓區翠屏段一小段13地號B2棟15樓,13.22,住,,,1040802,土地1建物1車位0,十五層,15,住宅大樓(11層含以上有電梯),住家用,鋼筋混凝土造,,81.69,2,1,1,有,無,4900000,59983,,0.0,0,,RPXSMLRLMHMFFEE27CB
楠梓區,房地(土地+建物)+車位,高雄市楠梓區翠屏段一小段13地號B3棟2樓,28.87,住,,,1031207,土地1建物1車位1,二層,15,住宅大樓(11層含以上有電梯),住家用,鋼筋混凝土造,,180.33,4,2,2,有,無,10020000,55565,坡道平面,16.28,0,,RPOTMLRLMHMFFEE09CB
楠梓區,房地(土地+建物)+車位,高雄市楠梓區翠屏段一小段13地號B5棟3樓,22.26,住,,,1040727,土地1建物1車位1,三層,15,住宅大樓(11層含以上有電梯),住家用,鋼筋混凝土造,,139.16,3,2,2,有,無,8210000,58997,坡道平面,13.5,0,,RPPTMLRLMHMFFEE56CB
楠梓區,房地(土地+建物)+車位,高雄市楠梓區翠屏段一小段13地號B5棟4樓,22.96,住,,,1031209,土地1建物1車位1,四層,15,住宅大樓(11層含以上有電梯),住家用,鋼筋混凝土造,,142.63,3,2,2,有,無,7650000,53635,坡道平面,16.28,0,,RPQTMLRLMHMFFEE66CB
楠梓區,房地(土地+建物)+車位,高雄市楠梓區翠屏段一小段13地號B6棟12樓,23.31,住,,,1040725,土地1建物1車位1,十二層,15,住宅大樓(11層含以上有電梯),住家用,鋼筋混凝土造,,144.6,3,2,2,有,無,8060000,55740,坡道平面,15.19,0,,RPRTMLRLMHMFFEE76CB
楠梓區,房地(土地+建物)+車位,高雄市楠梓區翠屏段一小段13地號A6棟2樓,23.31,住,,,1040414,土地1建物1車位1,二層,15,住宅大樓(11層含以上有電梯),住家用,鋼筋混凝土造,,145.25,3,2,2,有,無,7900000,54389,坡道平面,16.28,0,,RPQRMLSLMHMFFEE56CB
