﻿編號,土地位置,土地移轉面積(平方公尺),使用分區或編定,權利人持分分母,權利人持分分子,移轉情形,地號
The serial number, land position,land shifting area square meter,the use zoning or compiles and checks,,,,land parcel
RPPNMLLJKHMFFEE67CC,興隆段,127.00,都市：住,,,,08710125
RPVNMLMJKHMFFBE08CC,新興段一小段,73.00,都市：商,,,,15580000
RPUNMLMJKHMFFGE48CC,埤頂段,.00,都市：住,,,,12430036
RPOOMLNJKHMFFLE58CC,中庄北段,26.31,都市：住,,,,08560000
RPWNMLNJKHMFFLE66CC,新厝北段,343.35,都市：工,,,,00990000
RPUNMLMJKHMFFBE97CC,過田子段,.00,都市：商,,,,06210001
RPSNMLMJKHMFFFE18CC,富貴段,154.00,都市：住,,,,03630012
RPOOMLNJKHMFFAE47CC,龍華段三小段,165.00,都市：農,,,,07000000
RPVNMLNJKHMFFBE18CC,新興段三小段,4.33,都市：商,,,,00180000
RPQNMLNJKHMFFAE57CC,龍華段八小段,38.27,都市：商,,,,23950000
RPVNMLNJKHMFFAE08CC,龍中段,12.03,都市：商,,,,00950000
RPSNMLNJKHMFFBE87CC,成功段,.00,都市：商,,,,07080000
RPXNMLNJKHMFFAE28CC,龍華段三小段,20.00,都市：農,,,,07000000
RPQOMLNJKHMFFEE08CC,新庄段八小段,32.34,都市：住,,,,00620000
RPUNMLNJKHMFFDE28CC,三塊厝段四小段,16.69,都市：商,,,,29260000
RPXNMLNJKHMFFEE68CC,藍田中段,561.69,都市：商,,,,01580000
RPVNMLNJKHMFFDE38CC,灣愛段,26.48,都市：住,,,,02530000
RPOPMLNJKHMFFDE87CC,建安段,2.54,都市：商,,,,02150000
RPXOMLNJKHMFFDE68CC,灣華段,4.92,都市：住,,,,09820000
RPVNMLMJKHMFFGE58CC,鳳山段草店尾小段,6.00,都市：商,,,,00710006
RPVNMLMJKHMFFGE58CC,鳳山段草店尾小段,248.00,都市：商,,,,01490002
RPVNMLMJKHMFFGE58CC,鳳山段草店尾小段,43.00,都市：商,,,,01490003
RPVNMLMJKHMFFGE58CC,鳳山段草店尾小段,7.00,都市：商,,,,01490004
RPXNMLMJKHMFFGE78CC,文英段,7.11,都市：住,,,,08570000
RPWNMLMJKHMFFGE68CC,瑞興段,17.46,都市：住,,,,00290001
RPTNMLOJKHMFFBE08CC,意誠段,.00,都市：商,,,,01990000
RPROMLQJKHMFFBE18CC,林德官段一小段,25.00,都市：住,,,,32140000
RPOOMLQJKHMFFBE87CC,林德官段,10.23,都市：商,,,,15090002
RPSNMLOJKHMFFBE97CC,意誠段,.00,都市：商,,,,01990000
RPQOMLNJKHMFFAE67CC,龍華段七小段,73.00,都市：住,,,,10730002
RPSOMLQJKHMFFBE28CC,大統段二小段,.00,非都市： ; 非都市編定：,,,,10660000
RPTOMLNJKHMFFAE97CC,龍北段,12.06,都市：住,,,,00170000
RPPOMLNJKHMFFAE57CC,興仁段,.00,非都市： ; 非都市編定：,,,,00230000
RPQNMLOJKHMFFBE77CC,意誠段,.00,都市：商,,,,07630000
RPRNMLOJKHMFFBE87CC,意誠段,.00,都市：商,,,,01990000
RPQOMLRJKHMFFDE38CC,覆鼎金段覆鼎金小段,45.26,都市：商,,,,15970004
RPXNMLQJKHMFFGE56CC,埤頂段,.00,都市：住,,,,12430035
RPUQMLRJKHMFFBE78CC,福裕段,41.00,都市：住,,,,14010000
RPQNMLRJKHMFFFE48CC,大紅段,13.80,都市：住,,,,05620000
RPTNMLRJKHMFFAE28CC,龍水段一小段,.00,非都市： ; 非都市編定：,,,,11790000
RPVOMLQJKHMFFEE88CC,德昌段,9.74,都市：住,,,,00470000
RPPOMLQJKHMFFCE08CC,瑞崗段一小段,135.00,都市：商,,,,07080000
RPTNMLSJKHMFFAE38CC,鼓南段三小段,.00,都市：商,,,,14450002
RPUNMLRJKHMFFAE38CC,龍華段二小段,17.09,都市：商,,,,15680000
RPUNMLSJKHMFFDE78CC,灣昌段,74.87,都市：住,,,,04870000
RPUNMLSJKHMFFAE48CC,鼓南段三小段,.00,都市：商,,,,14450002
RPVNMLSJKHMFFBE68CC,過田子段,.00,都市：商,,,,10710000
RPVNMLSJKHMFFBE68CC,過田子段,.00,都市：其他:道路用地,,,,10710006
RPUNMLSJKHMFFBE58CC,苓雅寮段,.00,都市：住,,,,05290000
RPQNMLSJKHMFFJE98CC,大同段,78.69,都市：住,,,,00680000
RPTNMLSJKHMFFDE78DC,大港段,11.64,都市：住,,,,34110002
RPRNMLTJKHMFFCE48CC,獅甲段二小段,39.99,都市：住,,,,05830000
RPVNMLTJKHMFFCE88CC,愛群段,14.57,都市：商,,,,24630000
RPTOMLSJKHMFFDE78CC,三塊厝段一小段,.00,都市：商,,,,06220014
RPQOMLQJKHMFFGE58CC,埤頂段,.00,都市：住,,,,12430035
RPUOMLSJKHMFFGE56CC,大貝湖段,28.41,都市：住,,,,01100000
RPWOMLSJKHMFFGE76CC,五甲段,91.00,非都市： ; 非都市編定：,,,,16490017
RPSOMLTJKHMFFDE78CC,大港段二小段,.00,都市：商,,,,10720000
RPUNMLTJKHMFFDE88CC,覆鼎金段覆鼎金小段,8.51,都市：商,,,,15390000
RPTOMLTJKHMFFDE88CC,覆鼎金段覆鼎金小段,10.06,都市：住,,,,09680000
RPTNMLTJKHMFFDE78CC,澄東段,25.64,都市：住,,,,01010000
RPPOMLSJKHMFFEE48CC,福民段,14.48,都市：住,,,,03370000
RPTOMLSJKHMFFEE88CC,新庄段一小段,13.97,都市：其他:,,,,12720000
RPWNMLTJKHMFFBE88CC,過田子段,74.00,都市：商,,,,10980001
RPQOMLRJKHMFFEE48CC,新庄段十三小段,85.00,都市：住,,,,13330004
RPRNMLTJKHMFFBE38CC,林德官段,12.03,都市：商,,,,13020000
RPXNMLTJKHMFFBE98CC,成功段,7.54,都市：商,,,,02990000
RPRNMLTJKHMFFAE28CC,青海段,16.69,都市：住,,,,03550002
RPTOMLTJKHMFFBE68CC,林德官段,.00,都市：住,,,,11160001
RPXNMLTJKHMFFAE88CC,龍華段八小段,11.17,都市：商,,,,22800000
RPSNMLTJKHMFFAE38CC,青海段,16.69,都市：住,,,,03550002
RPUNMLKKKHMFFAE77CC,龍華段八小段,2.97,都市：商,,,,24210000
RPWNMLKKKHMFFAE97CC,龍華段八小段,.00,都市：商,,,,21920000
RPROMLKKKHMFFDE87CC,鼎泰段,3041.00,都市：住,,,,14030001
RPVOMLKKKHMFFDE28CC,中華段二小段,.00,都市：商,,,,14670000
RPWNMLKKKHMFFFE48CC,介壽段,80.00,都市：商,,,,02400000
RPXOMLKKKHMFFDE48CC,灣興段,75.73,都市：住,,,,04740000
RPPNMLKKKHMFFIE08CC,鳳松段,1883.00,都市：住,,,,00290000
RPQNMLKKKHMFFIE18CC,金鼎段,347.39,都市：住,,,,00030000
RPPNMLMKKHMFFDE77CC,獅頭段,22.37,都市：住,,,,20740000
RPSNMLNKKHMFFDE18CC,灣志段,54.95,都市：住,,,,09610001
RPSNMLNKKHMFFDE18CC,灣志段,58.56,都市：住,,,,09610002
RPTNMLNKKHMFFDE28CC,獅頭段,10.74,都市：商,,,,26770000
RPSNMLNKKHMFFDE18CC,灣志段,59.11,都市：住,,,,09610000
RPUNMLNKKHMFFAE08CC,龍華段三小段,.00,都市：工,,,,03280002
RPPOMLNKKHMFFGE28CC,七老爺段一甲小段,1.58,非都市： ; 非都市編定：,,,,00480012
RPPOMLNKKHMFFGE28CC,七老爺段一甲小段,8.37,非都市： ; 非都市編定：,,,,00480018
RPPOMLNKKHMFFGE28CC,七老爺段,7.27,非都市： ; 非都市編定：,,,,12480006
RPPOMLNKKHMFFGE28CC,七老爺段,7.69,非都市： ; 非都市編定：,,,,12490002
RPWOMLNKKHMFFGE98CC,新庄子段,114.00,都市：其他:,,,,02050067
RPXNMLOKKHMFFGE09CC,北門段,230.00,都市：住,,,,12430000
RPPOMLOKKHMFFBE87CC,新興段三小段,.00,都市：商,,,,09410000
RPWNMLKKKHMFFBE08CC,林聖段,30.11,都市：住,,,,04570000
RPPOMLNKKHMFFBE77CC,林聖段,.00,都市：住,,,,04570000
RPTNMLPKKHMFFBE28CC,意誠段,.00,都市：商,,,,01990000
RPXNMLOKKHMFFCE68CC,愛群段,13.13,都市：商,,,,13840000
RPQNMLPKKHMFFBE97CC,新興段一小段,22.00,都市：商,,,,08810000
RPQNMLPKKHMFFBE97CC,新興段一小段,22.00,都市：商,,,,08820000
RPVNMLPKKHMFFBE48CC,意誠段,.00,都市：商,,,,01990000
RPPOMLPKKHMFFBE97CC,新興段四小段,.00,非都市： ; 非都市編定：,,,,01210000
RPXNMLPKKHMFFBE68CC,新興段四小段,.00,非都市： ; 非都市編定：,,,,01210000
RPWNMLPKKHMFFGE09CC,五甲段,65.00,都市：住,,,,11880028
RPXOMLQKKHMFFCE98CC,憲德段一小段,7.91,都市：商,,,,08200001
RPSNMLQKKHMFFIE98CC,澄德段,145.42,都市：商,,,,00770004
RPRNMLPKKHMFFDE28CC,覆鼎金段覆鼎金小段,.00,都市：住,,,,12260000
RPOOMLPKKHMFFDE08CC,鼎中段,.00,都市：住,,,,03030001
RPPOMLQKKHMFFIE78CC,仁雄段,57.72,都市：住,,,,02820024
RPPOMLQKKHMFFFE48CC,後壁田段,29.42,都市：住,,,,03090000
RPTNMLQKKHMFFBE38CC,苓東段,58.00,都市：商,,,,07680001
RPTNMLQKKHMFFBE38CC,苓東段,25.00,都市：商,,,,07820000
RPQNMLQKKHMFFAE97CC,興福段,57.16,都市：其他:地籍未分割,,,,00050000
RPQNMLQKKHMFFAE97CC,興福段,38.73,都市：商,,,,00050001
RPVNMLQKKHMFFBE58CC,大統段一小段,84.00,都市：商,,,,11980000
RPQOMLQKKHMFFIE98DC,保安段,20.00,都市：住,,,,10750014
RPQOMLQKKHMFFIE98DC,保安段,22.00,都市：住,,,,10750013
RPUNMLQKKHMFFAE38CC,龍華段二小段,.00,都市：住,,,,08930000
RPXNMLQKKHMFFAE68CC,博孝段,2.60,都市：住,,,,05360000
RPPOMLQKKHMFFAE97CC,前金段,18.32,都市：商,,,,04250007
RPQOMLQKKHMFFDE38CC,建安段,20.00,都市：住,,,,04710000
RPROMLQKKHMFFDE48CC,灣復段,21.83,都市：商,,,,03870000
RPVOMLSJKHMFFEE09CC,福山段,18.88,都市：商,,,,03490000
RPROMLRKKHMFFEE68CC,新庄段十三小段,8.21,都市：商,,,,14450000
RPQOMLQKKHMFFEE48CC,清豐段,72.04,都市：住,,,,01440017
RPROMLQKKHMFFEE58CC,高昌段,325.01,都市：住,,,,00130000
RPRPMLKKKHMFFEE08CC,福民段,.00,都市：住,,,,00900004
RPXNMLOKKHMFFEE88CC,新光段,9.65,都市：住,,,,02490002
RPQNMLRKKHMFFEE48CC,藍昌段三小段,122.00,都市：住,,,,01570000
RPQNMLRKKHMFFEE48CC,藍昌段三小段,801.00,都市：住,,,,01650000
RPPOMLQKKHMFFEE38CC,楠梓段一小段,76.00,都市：住,,,,01510006
RPSOMLTJKHMFFEE88CC,福山段,9.05,都市：商,,,,03420000
RPOQMLSJKHMFFEE58CC,新光段,256.20,都市：住,,,,03300000
RPOPMLRKKHMFFEE48CC,新庄段十二小段,.00,都市：住,,,,09930000
RPQOMLRKKHMFFDE48CC,金獅段,.00,都市：商,,,,01500000
RPTOMLRKKHMFFEE88CC,新福段七小段,11.56,都市：住,,,,00040000
RPUNMLRKKHMFFAE48CC,青海段,16.25,都市：住,,,,04560000
RPSNMLRKKHMFFBE38CC,苓洲段,5.28,都市：商,,,,05420000
RPPNMLRKKHMFFAE97CC,前金段,.00,都市：商,,,,00520008
RPXNMLRKKHMFFIE96CC,仁春段,.34,都市：住,,,,04520001
RPXNMLRKKHMFFIE96CC,仁春段,13.02,都市：住,,,,04520003
RPXNMLRKKHMFFIE96CC,仁春段,98.00,都市：住,,,,04520007
RPXNMLRKKHMFFIE96CC,仁春段,1.77,都市：其他:人行步道,,,,04530002
RPTNMLRKKHMFFCE58CC,愛群段,.00,都市：住,,,,07920003
RPPOMLRKKHMFFDE38CC,金獅段,.00,都市：住,,,,00470000
RPPOMLRKKHMFFDE38CC,金獅段,.00,都市：住,,,,00470005
RPPOMLRKKHMFFIE88CC,竹園段,167.00,都市：農,,,,15560016
RPUNMLSKKHMFFBE68CC,林德官段二小段,.00,都市：住,,,,34660000
RPPNMLSKKHMFFAE08CC,博孝段,115.00,都市：商,,,,13930000
RPPNMLSKKHMFFAE08CC,博孝段,1.00,都市：商,,,,13930001
RPVOMLRKKHMFFGE66CC,新甲段,13.00,都市：住,,,,13230550
RPVOMLRKKHMFFGE66CC,新甲段,77.00,都市：住,,,,13230555
RPVOMLRKKHMFFGE66CC,新甲段,77.00,都市：住,,,,13230554
RPVOMLRKKHMFFGE66CC,新甲段,116.00,都市：住,,,,13230556
RPVOMLRKKHMFFGE66CC,新甲段,13.00,都市：住,,,,13230551
RPVOMLRKKHMFFGE66CC,新甲段,114.00,都市：住,,,,13230553
RPVOMLRKKHMFFGE66CC,新甲段,20.00,都市：住,,,,13230552
RPVOMLRKKHMFFGE66CC,新甲段,20.00,都市：住,,,,13230501
RPQNMLSKKHMFFAE18CC,博孝段,34.00,都市：住,,,,13890000
RPQNMLSKKHMFFAE18CC,博孝段,20.00,都市：住,,,,13900000
RPUNMLSKKHMFFCE78CC,獅甲段二小段,14.17,都市：商,,,,05530000
RPROMLSKKHMFFDE68CC,義民段,233.51,都市：其他:公園用地,,,,04640001
RPXNMLSKKHMFFDE56CC,獅頭段,.00,都市：住,,,,27390000
RPXNMLSKKHMFFDE56CC,獅頭段,.00,都市：商,,,,27390001
RPQOMLSKKHMFFDE58CC,義民段,233.51,都市：其他:公園用地,,,,04640001
RPSOMLSKKHMFFDE78CC,金獅段,.00,都市：商,,,,01030000
RPXOMLSKKHMFFDE66CC,大順段,64.99,都市：住,,,,09470000
RPTOMLSKKHMFFDE88CC,金獅段,.00,都市：商,,,,01030000
RPUNMLKLKHMFFDE18CC,陽明段四小段,59.08,都市：住,,,,01200000
RPVNMLSKKHMFFEE09CC,新庄段十三小段,8.56,都市：商,,,,14540000
RPVNMLKLKHMFFEE38CC,新庄段十三小段,2.29,都市：商,,,,14930000
RPRNMLKLKHMFFDE87CC,獅頭段一小段,33.11,都市：住,,,,19600000
RPSOMLSKKHMFFEE88CC,新光段,27.28,都市：住,,,,02530000
RPQOMLKLKHMFFGE18CC,正義段,83.48,都市：住,,,,00090015
RPXNMLKLKHMFFIE98CC,新後港西段,441.11,都市：住,,,,01260000
RPXNMLKLKHMFFIE98CC,新後港西段,442.91,都市：住,,,,01370000
RPOOMLKLKHMFFIE18CC,林內段,1593.00,都市：住,,,,03220000
RPOOMLKLKHMFFIE18CC,林內段,69.00,都市：住,,,,03230000
RPOOMLKLKHMFFIE18CC,林內段,36.00,都市：住,,,,03490001
RPVNMLKLKHMFFLE56DC,山子頂段,.00,都市：農,,,,25070000
RPSNMLKLKHMFFFE18CC,仕隆段,1118.89,都市：其他:,,,,15020000
RPUNMLLLKHMFFCE18CC,憲德段一小段,18.46,都市：商,,,,07920000
RPUNMLLLKHMFFCE18CC,憲德段一小段,38.05,都市：商,,,,07920002
RPUNMLLLKHMFFFE48CC,前峰段,22.59,都市：住,,,,05030000
RPOPMLKLKHMFFBE57CC,新興段二小段,.00,都市：商,,,,16610000
RPVOMLSKKHMFFBE88CC,林德官段,12.03,都市：商,,,,13020000
RPSNMLSKKHMFFAE38CC,青海段,10.18,都市：商,,,,02090000
RPQPMLLLKHMFFDE08CC,鼎泰段一小段,230.35,都市：住,,,,03470000
RPSOMLKLKHMFFDE08CC,獅頭段,23.20,都市：住,,,,23410000
RPSNMLLLKHMFFDE08CC,鼎泰段,1803.09,都市：住,,,,14320000
RPWOMLMLKHMFFDE68CC,澄清段二小段,.00,都市：住,,,,00920000
RPVOMLMLKHMFFDE58CC,長明段,.00,都市：商,,,,02690000
RPPOMLMLKHMFFDE97CC,大港段二小段,67.00,都市：住,,,,17220007
RPTOMLKLKHMFFDE18CC,灣復段,63.61,都市：商,,,,05590000
RPPNMLMLKHMFFEE97CC,新光段,132.88,都市：住,,,,00300013
RPXNMLMLKHMFFEE78CC,新庄段十二小段,88.50,都市：住,,,,09760000
RPOOMLMLKHMFFEE97CC,新庄段五小段,8.53,都市：住,,,,10840000
RPWNMLMLKHMFFEE68CC,新光段,10.44,都市：住,,,,03790000
RPSNMLMLKHMFFEE28CC,新庄段六小段,74.00,都市：住,,,,00360000
RPWNMLMLKHMFFAE28CC,青海段,24.95,都市：住,,,,02620000
RPXNMLMLKHMFFAE38CC,龍華段八小段,17.38,都市：商,,,,24060000
RPXOMLMLKHMFFCE68CC,愛群段,7.85,都市：住,,,,24590000
RPQPMLMLKHMFFCE08CC,愛群段,.00,都市：商,,,,10810000
RPQOMLMLKHMFFGE38CC,竹子腳段,39.75,都市：住,,,,02590057
RPTNMLNLKHMFFGE68CC,五甲段,104.00,都市：住,,,,10010126
RPTNMLMLKHMFFGE58CC,赤山段,17.00,都市：商,,,,07280000
RPWNMLNLKHMFFIE66DC,尖山腳段,74.49,非都市：山坡地保育區 ; 非都市編定：丙種建築用地,,,,01230000
RPWNMLNLKHMFFAE38CC,鹽壽段,2582.00,都市：商,,,,00050000
RPXNMLNLKHMFFEE88CC,新庄段十二小段,.00,都市：商,,,,12210000
RPROMLNLKHMFFEE38CC,新庄段十二小段,176.00,都市：住,,,,10350007
RPSOMLOLKHMFFEE58CC,德昌段,17.78,都市：住,,,,00550000
RPQQMLOLKHMFFEE58CC,福山段,18.91,都市：商,,,,03490000
RPWNMLOLKHMFFDE78CC,獅頭段一小段,67.00,都市：住,,,,17400000
RPRNMLOLKHMFFDE28CC,建民段,17.44,都市：商,,,,04900000
RPWOMLOLKHMFFAE58CC,龍華段八小段,.00,都市：商,,,,21920000
RPSOMLOLKHMFFDE48CC,大港段二小段,.00,都市：商,,,,17470000
RPTNMLOLKHMFFGE78CC,華英段,97.50,都市：住,,,,00040007
RPROMLOLKHMFFGE68CC,五甲段,75.00,非都市： ; 非都市編定：,,,,16430004
RPUOMLOLKHMFFGE98CC,五甲段,93.00,都市：住,,,,03270008
RPUOMLOLKHMFFGE98CC,五甲段,51.00,都市：住,,,,03270048
RPTOMLMLKHMFFBE18CC,意誠段,12.31,都市：商,,,,01580001
RPRPMLOLKHMFFBE28CC,意誠段,40.19,都市：商,,,,01990000
RPVNMLMLKHMFFBE28CC,意誠段,.00,都市：商,,,,01990000
RPWOMLMLKHMFFBE48CC,過田子段,.00,都市：商,,,,11360000
RPPPMLOLKHMFFBE08CC,新興段一小段,.00,都市：商,,,,10270000
RPQNMLPLKHMFFAE97CC,內惟段三小段,7.00,都市：商,,,,03020001
RPQNMLPLKHMFFAE97CC,內惟段三小段,56.00,都市：商,,,,03010000
RPQNMLOLKHMFFBE97CC,大統段一小段,.00,都市：商,,,,11990000
RPUOMLMLKHMFFBE28CC,大統段一小段,.00,都市：商,,,,00060000
RPTNMLLJLHMFFDE08CC,灣內段,11.85,都市：住,,,,07670000
RPVNMLLJLHMFFDE28CC,中華段二小段,4.00,都市：商,,,,14960000
RPVNMLLJLHMFFDE28CC,中華段二小段,3.00,都市：商,,,,14970000
RPVNMLLJLHMFFDE28CC,中華段二小段,73.00,都市：商,,,,14980000
RPPNMLLJLHMFFBE47CC,林聖段,52.60,都市：住,,,,10630000
RPQOMLLJLHMFFDE87CC,中華段一小段,97.00,都市：工,,,,09300000
RPSNMLLJLHMFFAE67CC,東金段,.00,都市：商,,,,12840000
RPQNMLLJLHMFFBE57CC,五塊厝段,82.00,都市：商,,,,20580000
RPQNMLLJLHMFFAE47CC,龍中段,15.32,都市：商,,,,01480000
RPUNMLLJLHMFFGE48CC,五甲段,23.51,都市：住,,,,18810000
RPVNMLLJLHMFFGE58CC,七老爺段一甲小段,58.00,都市：住,,,,14330007
RPSOMLLJLHMFFBE87CC,過田子段,.00,都市：商,,,,11360000
RPSOMLLJLHMFFCE97CC,獅甲段二小段,.00,都市：住,,,,05940000
RPOOMLLJLHMFFJE28CC,智仁段,145.59,都市：住,,,,02210000
RPQOMLLJLHMFFFE18DC,樹林段,101.90,非都市：一般農業區 ; 非都市編定：甲種建築用地,,,,05600000
RPWNMLLJLHMFFCE28CC,愛群段,7.62,都市：商,,,,24590000
RPROMLLJLHMFFJE58CC,大同段,78.69,都市：住,,,,00680000
RPOPMLMJLHMFFBE77DC,五權段,26.93,都市：住,,,,06880000
RPOPMLMJLHMFFBE77DC,五權段,2.40,都市：住,,,,06880001
RPOPMLMJLHMFFBE77DC,五權段,1.43,都市：商,,,,06880002
RPOPMLMJLHMFFBE77DC,五權段,.12,都市：商,,,,06880003
RPUNMLMJLHMFFBE08CC,林德官段二小段,25.47,都市：商,,,,33970000
RPUNMLMJLHMFFBE08CC,林德官段二小段,.25,都市：商,,,,33970001
RPROMLMJLHMFFGE38CC,七老爺段一甲小段,60.00,都市：住,,,,14900022
RPQOMLMJLHMFFAE67CC,龍中段,11.50,都市：商,,,,01040000
RPQOMLMJLHMFFDE97CC,金獅段,7.46,都市：商,,,,01490000
RPWNMLMJLHMFFBE28CC,苓雅寮段,.00,都市：商,,,,05000000
RPQOMLMJLHMFFBE77CC,正言段,57.33,都市：住,,,,00260000
RPTNMLMLKHMFFBE08CC,意誠段,.00,都市：商,,,,01990000
RPXNMLMJLHMFFBE38CC,意誠段,.00,都市：商,,,,01990000
RPQNMLMLKHMFFBE77CC,新興段二小段,.00,都市：商,,,,07070000
RPWNMLNJLHMFFAE28CC,文東段,67.00,都市：商,,,,15120000
RPSOMLNJLHMFFDE28CC,覆鼎金段覆鼎金小段,15.95,都市：住,,,,11460000
RPSNMLNJLHMFFAE87CC,文東段,.00,都市：商,,,,15090000
RPSNMLNJLHMFFAE87CC,文東段,.00,都市：商,,,,15100000
RPXOMLNJLHMFFAE48CC,鹽壽段,20.00,都市：住,,,,05790000
RPXOMLNJLHMFFAE48CC,鹽壽段,71.00,都市：住,,,,05800000
RPOPMLNJLHMFFAE67CC,鹽國段,76.16,都市：商,,,,00900001
RPOPMLNJLHMFFAE67CC,鹽國段,3.87,都市：商,,,,00880001
RPSNMLNJLHMFFBE97CC,過田子段,76.00,都市：商,,,,11240005
RPSNMLNJLHMFFBE97CC,過田子段,86.00,都市：商,,,,11240003
RPTOMLNJLHMFFBE18CC,林德官段二小段,.00,都市：住,,,,34180000
RPRNMLNJLHMFFBE97DC,五塊厝段,64.00,都市：商,,,,17510000
RPPOMLNJLHMFFGE28CC,七老爺段一甲小段,.00,都市：住,,,,11080063
RPPOMLNJLHMFFGE28CC,七老爺段一甲小段,.00,都市：其他:道路用地,,,,11080094
RPQOMLNJLHMFFGE38CC,七老爺段一甲小段,.00,都市：住,,,,11080063
RPQOMLNJLHMFFGE38CC,七老爺段一甲小段,.00,都市：其他:道路用地,,,,11080094
RPUNMLNJLHMFFGE68CC,文山段,96.00,都市：住,,,,04050006
RPRNMLOJLHMFFGE48CC,文山段,19.46,都市：住,,,,05260002
RPRNMLOJLHMFFGE48CC,文山段,41.86,都市：住,,,,05260002
RPPNMLOJLHMFFAE67CC,前金段,1.78,都市：商,,,,00630000
RPTNMLOJLHMFFCE28CC,憲德段二小段,18.51,都市：商,,,,00200000
RPSNMLOJLHMFFCE18CC,憲德段二小段,13.66,都市：商,,,,00260004
RPOOMLNJLHMFFEE97CC,藍田中段,21.53,都市：住,,,,00530000
RPWNMLMJLHMFFEE58CC,新庄段十三小段,248.00,都市：商,,,,14650000
RPTNMLLJLHMFFEE18CC,和平段四小段,.00,都市：住,,,,00900019
RPTNMLLJLHMFFEE18CC,和平段四小段,.00,都市：住,,,,00900020
RPQNMLPLKHMFFEE38CC,福民段,11.06,都市：住,,,,03370000
RPRNMLLJLHMFFEE97CC,清豐段,94.59,都市：住,,,,01940141
RPQNMLOJLHMFFDE08CC,三塊厝段一小段,3.00,都市：商,,,,10850001
RPOPMLQJLHMFFDE28CC,三塊厝段,82.00,都市：商,,,,11910014
RPPNMLOJLHMFFEE08CC,新光段,11.65,都市：住,,,,00440000
RPQNMLOJLHMFFEE18CC,新庄段十三小段,6.23,都市：商,,,,14450000
RPQNMLOJLHMFFAE77CC,青海段,7.41,都市：商,,,,01510000
RPXNMLNJLHMFFIE56CC,林內段,133.00,都市：住,,,,09040000
RPPPMLQJLHMFFDE38CC,鼎泰段,.00,都市：住,,,,13760001
RPRNMLOJLHMFFAE87CC,前峰段,31.56,都市：住,,,,02150000
RPSNMLLJLHMFFIE48CC,大安段,187.00,都市：住,,,,09900002
RPVNMLQJLHMFFAE48CC,府北段五小段,2.55,都市：商,,,,02210000
RPOPMLQJLHMFFAE97CC,青海段,16.77,都市：住,,,,00970000
RPQNMLQJLHMFFBE08CC,新興段一小段,1.25,都市：商,,,,10270000
RPSOMLQJLHMFFBE38CC,苓雅寮段,.00,都市：商,,,,05200000
RPSOMLQJLHMFFBE38CC,苓雅寮段,.00,都市：商,,,,05200001
RPSOMLQJLHMFFBE38CC,苓雅寮段,.00,都市：商,,,,05210001
RPPNMLQJLHMFFBE97CC,過田子段,78.00,都市：商,,,,09200008
RPOOMLQJLHMFFGE48CC,文英段,7.27,都市：住,,,,21420003
RPOOMLQJLHMFFGE48CC,文英段,.18,都市：住,,,,03350000
RPOOMLQJLHMFFGE48CC,文英段,.94,都市：住,,,,03390000
RPWNMLQJLHMFFFE09CC,岡山段,52.86,都市：住,,,,04860000
RPXNMLQJLHMFFGE66CC,中崙段,39.43,都市：住,,,,00180000
RPPNMLQJLHMFFLE09DC,山子頂段,.00,都市：農,,,,25070000
RPQOMLRJLHMFFLE66CC,中庄北段,25.91,都市：住,,,,08500000
RPPNMLRJLHMFFIE78CC,大?腿段,2539.00,都市：工,,,,14500000
RPQNMLRJLHMFFGE68CC,五甲段,.00,非都市： ; 非都市編定：,,,,02960000
RPSNMLRJLHMFFBE38CC,新興段四小段,.00,非都市： ; 非都市編定：,,,,14300000
RPUNMLRJLHMFFBE58CC,意誠段,.00,都市：商,,,,01990000
RPTNMLRJLHMFFBE48CC,成功段,.00,都市：商,,,,02990000
RPVNMLRJLHMFFBE68CC,福東段,70.00,都市：商,,,,04610000
RPUOMLSJLHMFFEE09CC,和平段五小段,552.00,都市：住,,,,02340000
RPUOMLSJLHMFFEE09CC,和平段五小段,1062.00,都市：住,,,,02400000
RPXOMLSJLHMFFEE76CC,菜公段二小段,72.00,都市：住,,,,05300000
RPQOMLSJLHMFFEE68CC,新民段,.00,都市：住,,,,00910001
RPPQMLRJLHMFFEE68CC,新庄段十三小段,20.91,都市：商,,,,15190000
RPQOMLSJLHMFFEE68CC,新民段,.00,都市：住,,,,00920000
RPPNMLQJLHMFFEE28CC,新庄段四小段,140.00,都市：住,,,,04740000
RPRNMLOJLHMFFEE28CC,新庄段十三小段,58.39,都市：商,,,,14450000
RPTNMLSJLHMFFBE58CC,林德官段一小段,.00,都市：商,,,,23840000
RPTNMLSJLHMFFBE58CC,林德官段一小段,.00,都市：商,,,,23830000
RPTNMLSJLHMFFBE58CC,林德官段一小段,.00,都市：商,,,,23820000
RPTNMLSJLHMFFBE58CC,林德官段一小段,.00,都市：商,,,,23810000
RPTNMLSJLHMFFBE58CC,林德官段一小段,.00,都市：商,,,,23690000
RPVNMLSJLHMFFBE78CC,意誠段,.00,都市：商,,,,01990000
RPRNMLSJLHMFFBE38CC,意誠段,1.74,都市：商,,,,01990000
RPWNMLSJLHMFFBE88CC,意誠段,.00,都市：商,,,,01990000
RPXNMLSJLHMFFBE98CC,林德官段,.00,都市：商,,,,11130000
RPROMLSJLHMFFAE38CC,鼓南段三小段,33.53,都市：商,,,,14450002
RPSOMLSJLHMFFAE48CC,鼓南段三小段,.00,都市：商,,,,14450002
RPQOMLSJLHMFFAE28CC,青海段,11.55,都市：住,,,,06650000
RPRPMLSJLHMFFGE09CC,赤山段,7.16,都市：住,,,,07280000
RPPQMLSJLHMFFGE98CC,七老爺段一甲小段,96.00,都市：住,,,,14350016
RPWNMLSJLHMFFCE98CC,光華段一小段,154.00,都市：商,,,,19130000
RPSNMLSJLHMFFCE58CC,憲德段一小段,34.92,都市：商,,,,08260000
RPSNMLSJLHMFFCE58CC,憲德段一小段,10.82,都市：住,,,,08260001
RPRNMLTJLHMFFCE58CC,愛群段,.00,非都市： ; 非都市編定：,,,,24590000
RPXNMLTJLHMFFCE56CC,港墘段一小段,20.64,都市：其他:,,,,07240001
RPUOMLTJLHMFFCE98CC,孔宅段,218.00,都市：住,,,,07360005
RPUOMLTJLHMFFCE98CC,孔宅段,218.00,都市：住,,,,07360000
RPSNMLTJLHMFFFE98CC,赤崁新段,270.56,非都市：一般農業區 ; 非都市編定：丁種建築用地,,,,06420000
RPVNMLSJLHMFFFE56CC,灣裡段,161.93,都市：住,,,,11440007
RPVNMLSJLHMFFFE56CC,灣裡段,40.44,都市：住,,,,11440000
RPTNMLRJLHMFFFE88CC,大公段,158.00,都市：商,,,,06450005
RPQNMLTJLHMFFAE28CC,龍中段,.00,都市：商,,,,00590001
RPSNMLTJLHMFFAE48CC,文東段,.00,非都市： ; 非都市編定：,,,,15500000
RPRNMLKKLHMFFEE97CC,新庄段十二小段,16.00,都市：住,,,,11890000
RPUNMLKKLHMFFBE97CC,苓洲段,51.81,都市：商,,,,16260000
RPSOMLKKLHMFFEE18CC,新庄段十二小段,.00,非都市： ; 非都市編定：,,,,09790000
RPXNMLKKLHMFFBE28CC,意誠段,6.11,都市：住,,,,01510000
RPXNMLKKLHMFFBE28CC,意誠段,8.66,都市：住,,,,01520000
RPVNMLKKLHMFFBE08CC,大統段一小段,26.92,都市：商,,,,09350000
RPOOMLKKLHMFFBE47CC,意誠段,.00,都市：商,,,,01850000
RPVPMLKKLHMFFCE38CC,憲德段二小段,24.39,都市：商,,,,00260004
RPROMLKKLHMFFGE28CC,洲仔段,991.74,非都市：特定農業區 ; 非都市編定：農牧用地,,,,01550000
RPQNMLKKLHMFFFE97CC,大勇段,662.00,都市：其他:,,,,00960003
RPXNMLKKLHMFFIE98CC,育英段,119.12,都市：住,,,,07850000
RPOOMLKKLHMFFIE18CC,大安段,163.00,都市：住,,,,09900005
RPWPMLKKLHMFFCE48CC,愛群段,4.33,都市：商,,,,24590000
RPROMLKKLHMFFIE48CC,澄德段,21.86,都市：商,,,,00640000
RPPNMLLKLHMFFBE57CC,正明段,85.69,都市：商,,,,00250000
RPOOMLNKLHMFFBE77CC,大統段一小段,.00,非都市： ; 非都市編定：,,,,10540000
RPPOMLNKLHMFFAE77CC,文東段,78.00,都市：商,,,,15130000
RPSOMLNKLHMFFAE08CC,龍華段二小段,.00,都市：住,,,,07670000
RPSOMLNKLHMFFEE48CC,新庄段六小段,8.93,都市：住,,,,09130000
RPTOMLNKLHMFFEE58CC,芎蕉段,15.11,都市：住,,,,00150000
RPVPMLKKLHMFFDE48CC,大豐段二小段,127.00,都市：住,,,,07460000
RPRPMLNKLHMFFDE38CC,大港段四小段,22.77,都市：住,,,,20810000
RPSNMLTJLHMFFDE78CC,灣立段,30.33,都市：住,,,,07750000
RPTNMLTJLHMFFDE88CC,覆鼎金段覆鼎金小段,.00,都市：住,,,,13260016
RPPOMLSJLHMFFDE48CC,中都段四小段,29.88,都市：住,,,,00260000
RPWNMLSJLHMFFDE09CC,灣立段,91.98,都市：住,,,,08250000
RPSPMLNKLHMFFDE48CC,三塊厝段,81.00,都市：商,,,,12770029
RPQPMLQJLHMFFDE48CC,陽明段二小段,19.24,都市：住,,,,01570000
RPUNMLSJLHMFFDE88CC,陽明段二小段,1425.00,都市：住,,,,00810000
RPTPMLQJLHMFFDE78CC,三塊厝段,.00,都市：商,,,,13230000
RPTPMLQJLHMFFDE78CC,三塊厝段,.00,都市：商,,,,13230021
RPUNMLNKLHMFFGE78CC,竹子腳段,52.00,都市：住,,,,03490145
RPUNMLNKLHMFFGE78CC,竹子腳段,17.00,都市：住,,,,03490187
RPROMLNKLHMFFCE18CC,愛群段,.00,都市：商,,,,10810000
RPQOMLOKLHMFFGE68DC,灣頭段,73.79,都市：住,,,,00210211
RPTPMLNKLHMFFDE58CC,三塊厝段,81.00,都市：商,,,,12770029
RPSNMLNKLHMFFLE09CC,大寮段芎蕉腳小段,247.00,都市：農,,,,18360002
RPPNMLOKLHMFFAE77CC,前金段,14.88,都市：商,,,,00710004
RPROMLOKLHMFFGE68CC,新庄子段,67.13,都市：住,,,,01320037
RPVNMLOKLHMFFDE68CC,灣子內段寶珠溝小段,67.00,都市：商,,,,05560002
RPVNMLOKLHMFFDE68CC,灣子內段寶珠溝小段,119.00,都市：商,,,,05560003
RPOOMLOKLHMFFAE77CC,龍華段二小段,52.89,都市：其他:停車場用地,,,,09950000
RPTNMLOKLHMFFDE48CC,建民段,15.72,都市：住,,,,07660000
RPTNMLOKLHMFFDE48CC,建民段,11.65,都市：住,,,,07660002
RPUNMLOKLHMFFBE38CC,過田子段,.00,都市：其他:市場用地,,,,11100008
RPOOMLOKLHMFFDE08CC,覆鼎金段覆鼎金小段,2187.00,都市：住,,,,17550000
RPOOMLOKLHMFFDE08CC,覆鼎金段覆鼎金小段,1296.00,都市：住,,,,17560000
RPOOMLOKLHMFFDE08CC,鼎山段,4.64,都市：住,,,,09100000
RPWNMLPKLHMFFAE58CC,民生段,48.00,都市：其他:,,,,08470000
RPOOMLPKLHMFFAE87CC,龍中段,1174.03,都市：商,,,,00010000
RPTNMLPKLHMFFGE88CC,文英段,25.10,都市：住,,,,11210007
RPTNMLPKLHMFFBE48DC,新興段四小段,30.60,都市：商,,,,14340000
RPWNMLPKLHMFFIE76CC,大安段,340.00,都市：住,,,,00720000
RPTNMLPKLHMFFCE48CC,愛群段,.00,都市：住,,,,17380000
RPXNMLQKLHMFFCE98CC,獅甲段二小段,10.39,都市：商,,,,05530000
RPTNMLQKLHMFFEE78CC,新庄段八小段,130.00,都市：住,,,,00750009
RPQQMLQKLHMFFEE78CC,新庄段三小段,137.00,都市：住,,,,11260000
RPRQMLQKLHMFFEE88CC,新庄段十二小段,27.95,都市：住,,,,11490000
RPPNMLRKLHMFFEE48CC,菜公段二小段,153.00,都市：工,,,,04230075
RPWOMLRKLHMFFEE66CC,左東段,15.59,都市：住,,,,05280000
RPSOMLRKLHMFFDE78CC,大港段五小段,12.75,都市：商,,,,08430005
RPSNMLPKLHMFFBE28CC,福河段,64.00,都市：住,,,,07250000
RPXNMLQKLHMFFBE88CC,大統段一小段,.00,都市：商,,,,00060000
RPVNMLQKLHMFFBE68CC,成功段,.00,都市：商,,,,07030000
RPQOMLPKLHMFFBE18CC,意誠段,.00,都市：商,,,,01990000
RPSNMLRKLHMFFBE48CC,五塊厝段,63.00,都市：商,,,,17300000
RPPOMLPKLHMFFBE08CC,意誠段,.00,都市：商,,,,01990000
RPTNMLQKLHMFFBE48CC,成功段,.00,都市：商,,,,07080000
RPOOMLPKLHMFFBE97CC,意誠段,.00,都市：商,,,,02000000
RPXNMLPKLHMFFBE78CC,意誠段,.00,都市：商,,,,01990000
RPUNMLRKLHMFFBE68CC,意誠段,.00,都市：商,,,,01990000
RPTNMLRKLHMFFAE48CC,龍華段八小段,3.88,都市：商,,,,24200000
RPVNMLRKLHMFFBE78CC,苓洲段,61.00,都市：商,,,,05230000
RPOOMLRKLHMFFBE18CC,五塊厝段,22.88,都市：商,,,,21560000
RPWNMLRKLHMFFBE88CC,過田子段,26.66,都市：商,,,,10740124
RPROMLRKLHMFFAE38CC,青海段,22.63,都市：住,,,,06800000
RPQOMLRKLHMFFAE28CC,博孝段,267.32,都市：商,,,,13970000
RPQOMLRKLHMFFAE28CC,博孝段,.21,都市：商,,,,14130000
RPUOMLRKLHMFFAE68CC,青海段,16.34,都市：住,,,,06590000
RPTOMLRKLHMFFAE58CC,青海段,25.18,都市：商,,,,01630000
RPUNMLRKLHMFFAE58CC,龍華段三小段,30.00,都市：其他:,,,,07000000
RPQOMLRKLHMFFCE48CC,獅甲段,.00,都市：其他:特倉三,,,,05180007
RPXNMLRKLHMFFCE09CC,愛群段,5.40,都市：商,,,,24590000
RPTNMLRKLHMFFCE68CC,獅甲段,.97,都市：住,,,,03310000
RPTNMLRKLHMFFCE68CC,獅甲段,.31,都市：住,,,,03300000
RPUPMLRKLHMFFGE76CC,新甲段,.00,都市：住,,,,10350000
RPSNMLRKLHMFFIE56CC,大華段,58.81,都市：住,,,,04250000
RPWNMLSKLHMFFGE86CC,新庄子段,130.00,都市：住,,,,02350006
RPQNMLSKLHMFFDE58CC,大豐段一小段,601.00,都市：住,,,,02860000
RPRNMLSKLHMFFDE68CC,獅頭段,9.17,都市：住,,,,27390000
RPPNMLSKLHMFFCE38CC,憲德段二小段,7.34,都市：商,,,,00260000
RPOPMLRKLHMFFAE18CC,龍中段,12.38,都市：商,,,,00360000
RPPNMLTKLHMFFAE28CC,龍華段七小段,139.00,都市：住,,,,10770000
RPVOMLRKLHMFFAE78CC,青海段,7.83,都市：住,,,,00940000
RPWOMLRKLHMFFAE88CC,龍華段八小段,7.24,都市：商,,,,23830000
RPVNMLKLLHMFFDE38CC,大港段二小段,96.00,都市：住,,,,15210003
RPOOMLKLLHMFFDE77CC,鼎泰段,3041.00,都市：住,,,,14030001
RPPOMLKLLHMFFDE87CC,獅頭段,1880.00,都市：住,,,,20740000
RPRNMLKLLHMFFCE87CC,愛群段,.00,非都市： ; 非都市編定：,,,,23940000
RPROMLKLLHMFFCE97CC,愛群段,23.91,都市：商,,,,10810000
RPTNMLKLLHMFFGE48CC,頂新段,10.26,都市：住,,,,00380000
RPVNMLKLLHMFFGE68CC,五甲段,146.00,都市：住,,,,02060115
RPQOMLKLLHMFFGE28CC,埤頂段,56.55,都市：住,,,,12430036
RPSOMLKLLHMFFGE48CC,七老爺段一甲小段,8.67,都市：住,,,,00630001
RPSOMLKLLHMFFFE38CC,岡山段,9.83,都市：住,,,,04860000
RPSNMLKLLHMFFHE58DC,旗山段,78.00,都市：住,,,,01870088
RPOOMLLLLHMFFFE08CC,介壽段,20.97,都市：住,,,,18430000
RPSNMLLLLHMFFGE48CC,新甲段,.00,都市：住,,,,12740000
RPXNMLLLLHMFFGE98CC,鳳青段,305.37,都市：住,,,,01680000
RPPOMLLLLHMFFCE87CC,憲德段二小段,2.24,都市：商,,,,00260000
RPPOMLRKLHMFFBE28CC,新興段二小段,9.22,都市：商,,,,05340000
RPRNMLSKLHMFFBE48CC,意誠段,8.20,都市：商,,,,01850000
RPRNMLSKLHMFFBE48CC,意誠段,3.72,都市：商,,,,02000000
RPPNMLSKLHMFFBE28CC,苓西段,40.24,都市：住,,,,01680000
RPQOMLLLLHMFFDE08CC,灣子內段寶珠溝小段,44.00,都市：商,,,,07530004
RPOOMLLLLHMFFDE87CC,大港段三小段,79.69,都市：住,,,,07270005
RPPOMLLLLHMFFDE97CC,大順段,.00,非都市： ; 非都市編定：,,,,03070001
RPPNMLLLLHMFFAE57CC,龍華段八小段,.00,都市：商,,,,21920000
RPRNMLLLLHMFFAE77CC,青海段,20.53,都市：住,,,,03150000
RPVNMLLLLHMFFAE18CC,東金段,105.00,都市：商,,,,12140000
RPROMLLLLHMFFBE97CC,意誠段,.00,都市：商,,,,01990000
RPTNMLMLLHMFFBE18CC,成功段,.00,都市：商,,,,07030000
RPWNMLMLLHMFFBE48CC,新興段三小段,.00,都市：商,,,,14880000
RPWNMLMLLHMFFBE48CC,新興段三小段,.00,都市：商,,,,14890000
RPXNMLMLLHMFFBE58CC,大港埔段,.00,非都市： ; 非都市編定：,,,,05510000
RPOOMLMLLHMFFBE77CC,五塊厝段,.00,都市：商,,,,16090000
RPPNMLMLLHMFFAE67CC,內惟段一小段,68.00,都市：商,,,,14720000
RPSNMLMLLHMFFAE97CC,前金段,.00,非都市： ; 非都市編定：,,,,00470000
RPTNMLMLLHMFFAE08CC,龍中段,9.87,都市：住,,,,02390000
RPXNMLLLLHMFFEE78CC,興隆段,2500.00,都市：住,,,,08580000
RPSNMLSKLHMFFEE88CC,新庄段十三小段,8.21,都市：商,,,,14450000
RPPPMLMLLHMFFEE28CC,新庄段八小段,.00,都市：住,,,,00750000
RPSPMLRKLHMFFEE98CC,新庄段十三小段,8.67,都市：商,,,,14450000
RPWOMLLLLHMFFEE78CC,新庄段十二小段,.00,都市：住,,,,09340000
RPTNMLSKLHMFFEE98CC,新庄段十三小段,8.41,都市：商,,,,14450000
RPVOMLLLLHMFFEE68CC,和平段四小段,100.00,都市：住,,,,00050000
RPQNMLLLLHMFFEE08CC,新庄段十三小段,.00,都市：商,,,,15310000
RPQNMLLLLHMFFEE08CC,新庄段十三小段,.00,都市：商,,,,15330000
RPQPMLKLLHMFFEE18CC,新福段十小段,84.55,都市：住,,,,00910002
RPWOMLKLLHMFFEE68CC,和平段四小段,316.00,都市：住,,,,00120000
RPRPMLMLLHMFFEE48CC,新庄段十三小段,.00,都市：商,,,,15310000
RPRPMLMLLHMFFEE48CC,新庄段十三小段,.00,都市：商,,,,15330000
RPUNMLMLLHMFFDE48CC,大裕段一小段,70.00,都市：住,,,,03410000
RPXOMLMLLHMFFDE88CC,建德段,63.00,都市：商,,,,06790000
RPTNMLMLLHMFFCE28CC,桂林段,118.00,非都市： ; 非都市編定：,,,,00930025
RPUNMLNLLHMFFIE09CC,暘善段,628.10,都市：農,,,,06640000
RPVPMLMLLHMFFEE88CC,新光段,78.12,都市：住,,,,00410002
RPPPMLMLLHMFFDE18CC,覆鼎金段覆鼎金小段,.00,都市：住,,,,13260016
RPSNMLNLLHMFFDE38CC,獅頭段,15.99,都市：商,,,,26990000
RPRNMLNLLHMFFAE97CC,大榮段,67.00,都市：住,,,,04630000
RPRNMLNLLHMFFAE97CC,大榮段,14.00,都市：住,,,,04650000
RPPNMLNLLHMFFCE97CC,鳳宮段,96.00,都市：住,,,,13430000
RPPNMLNLLHMFFCE97CC,鳳宮段,124.00,都市：住,,,,13430001
RPPNMLNLLHMFFCE97CC,鳳宮段,124.00,都市：住,,,,13430001
RPPNMLNLLHMFFCE97CC,鳳宮段,124.00,都市：住,,,,13430003
RPPNMLNLLHMFFCE97CC,鳳宮段,55.00,都市：住,,,,13430004
RPPNMLNLLHMFFCE97CC,鳳宮段,55.00,都市：住,,,,13430005
RPVNMLNLLHMFFBE48CC,意誠段,.00,都市：商,,,,01990000
RPUPMLNLLHMFFGE09CC,五甲段,59.50,都市：住,,,,16160008
RPUNMLNLLHMFFBE38CC,意誠段,.00,都市：商,,,,01990000
RPQOMLNLLHMFFBE08CC,過田子段,32.00,都市：商,,,,08050002
RPQOMLNLLHMFFBE08CC,過田子段,24.00,都市：商,,,,08070003
RPUNMLOLLHMFFAE38CC,青海段,34.43,都市：住,,,,05950000
RPWNMLOLLHMFFAE58CC,龍中段,12.62,都市：商,,,,00360000
RPUOMLOLLHMFFBE58CC,苓東段,38.00,都市：住,,,,01950001
RPUOMLOLLHMFFBE58CC,苓東段,67.00,都市：住,,,,01960002
RPQNMLOLLHMFFBE08CC,苓東段,86.00,都市：商,,,,10090000
RPXNMLOLLHMFFBE78CC,福河段,2.60,都市：住,,,,14570001
RPXNMLOLLHMFFBE78CC,福河段,8.70,都市：住,,,,14600001
RPXNMLOLLHMFFBE78CC,福河段,19.60,都市：住,,,,14610000
RPROMLNLLHMFFBE18CC,新興段二小段,8.50,都市：商,,,,05340000
RPQOMLOLLHMFFDE38CC,建豐段,7.83,都市：商,,,,08280000
RPXOMLOLLHMFFIE96CC,大安段,164.00,都市：住,,,,09900006
RPSNMLOLLHMFFEE68DC,翠屏段一小段,18.76,都市：住,,,,00250000
RPWNMLOLLHMFFFE09CC,大全段,256.00,都市：工,,,,00610000
RPTNMLOLLHMFFLE76CC,赤崁段潮州寮小段,3000.00,都市：其他:,,,,40940003
RPTNMLOLLHMFFLE76CC,赤崁段潮州寮小段,1351.00,都市：其他:,,,,40940006
RPWNMLOLLHMFFGE56CC,道爺?段,26.90,都市：住,,,,10930129
RPPOMLOLLHMFFAE97CC,文東段,36.00,都市：商,,,,14010000
RPPOMLOLLHMFFAE97CC,文東段,41.00,都市：商,,,,14000000
RPPOMLOLLHMFFAE97CC,文東段,14.00,都市：商,,,,14040000
RPPOMLOLLHMFFAE97CC,文東段,16.00,都市：商,,,,14050000
RPVPMLOLLHMFFGE66CC,文山段,11.17,都市：住,,,,05840000
RPPQMLOLLHMFFGE78CC,華鳳段,20.40,都市：住,,,,00540000
RPTQMLOLLHMFFGE56CC,埤頂段,42.45,都市：住,,,,12430036
RPQQMLOLLHMFFGE88CC,埤頂段,52.25,都市：住,,,,12430036
RPPNMLQLLHMFFAE08CC,民生段,.00,都市：商,,,,08160000
RPXNMLRLLHMFFBE09CC,過田子段,.00,都市：商,,,,11360000
RPUOMLRLLHMFFBE88CC,新興段四小段,21.56,都市：商,,,,04050000
RPPNMLOLLHMFFAE97DC,龍中段,13.69,都市：商,,,,00280001
RPVNMLRLLHMFFCE98CC,愛群段,.00,非都市： ; 非都市編定：,,,,24590000
RPUOMLOLLHMFFCE68CC,愛群段,7.62,都市：商,,,,24590000
RPWNMLRLLHMFFCE09CC,愛群段,.00,非都市： ; 非都市編定：,,,,24590000
RPOOMLRLLHMFFCE38CC,竹北段,34.80,都市：住,,,,15270000
RPSOMLRLLHMFFCE78CC,店鎮段一小段,20.65,都市：商,,,,15500000
RPVNMLSLLHMFFFE76CC,岡山段,132.00,都市：商,,,,02220000
RPQNMLRLLHMFFLE86DC,水源段,900.00,都市：農,,,,06920000
RPVNMLSLLHMFFIE07CC,大埤段,42.30,都市：住,,,,00300001
RPUNMLSLLHMFFGE76CC,園尾段,148.16,都市：其他:,,,,00140000
RPPNMLSLLHMFFBE38CC,新興段四小段,.00,都市：商,,,,16770000
RPPNMLSLLHMFFBE38CC,新興段四小段,.00,都市：商,,,,16780000
RPOOMLSLLHMFFBE38CC,林德官段,10.33,都市：商,,,,13320007
RPOOMLSLLHMFFBE38CC,林德官段,11.84,都市：商,,,,13320008
RPRNMLSLLHMFFBE58CC,成功段,.00,都市：商,,,,07030000
RPSNMLSLLHMFFBE68CC,意誠段,3.58,都市：商,,,,01990000
RPPPMLSLLHMFFAE48CC,文東段,.00,都市：商,,,,14270000
RPROMLSLLHMFFBE68CC,正福段,26.17,都市：住,,,,05580000
RPROMLSLLHMFFBE68CC,正福段,5.59,都市：住,,,,05590000
RPUOMLSLLHMFFAE88CC,民生段,46.00,都市：商,,,,03170000
RPQNMLSLLHMFFDE68CC,三塊厝段四小段,.00,都市：住,,,,23140000
RPROMLSLLHMFFEE98CC,加昌段二小段,4007.36,都市：商,,,,19400000
RPXNMLOLLHMFFEE09CC,福山段,9.83,都市：商,,,,02910000
RPPQMLOLLHMFFEE58CC,新庄段十三小段,6.69,都市：商,,,,14450000
RPVNMLOLLHMFFEE88CC,新庄段十三小段,7.68,都市：商,,,,15090000
RPVNMLOLLHMFFEE88CC,新庄段十三小段,6.22,都市：商,,,,15090000
RPVNMLOLLHMFFEE88CC,新庄段十三小段,7.69,都市：商,,,,15090000
RPORMLNLLHMFFEE48CC,楠梓段三小段,1146.00,都市：商,,,,01220000
RPPPMLOLLHMFFEE48CC,新庄段十三小段,6.70,都市：商,,,,14450000
RPOPMLOLLHMFFEE38CC,福民段,28.77,都市：住,,,,03370000
RPTOMLOLLHMFFEE78CC,福民段,20.70,都市：住,,,,01080000
RPQNMLTLLHMFFDE78CC,三塊厝段四小段,25.66,都市：商,,,,17410000
RPPOMLTLLHMFFDE78CC,獅頭段一小段,.00,都市：住,,,,14560000
RPPNMLTLLHMFFAE38CC,龍華段三小段,15.30,都市：住,,,,06660000
RPUOMLTLLHMFFDE66CC,大港段三小段,.00,都市：住,,,,07260009
RPVOMLTLLHMFFBE56CC,林德官段一小段,55.00,都市：商,,,,18930006
RPVOMLTLLHMFFBE56CC,林德官段一小段,58.00,都市：商,,,,19020000
RPVOMLTLLHMFFBE56CC,林德官段一小段,69.00,都市：商,,,,19030000
RPOPMLTLLHMFFAE48CC,前金段,5.86,都市：商,,,,01300000
RPTNMLTLLHMFFBE88CC,林德官段,228.00,都市：商,,,,12760000
RPPNMLTLLHMFFCE58CC,港和段三小段,96.45,都市：住,,,,09370004
RPWNMLTLLHMFFBE56CC,林聖段,70.00,都市：住,,,,01400000
RPWNMLTLLHMFFBE56CC,林聖段,73.00,都市：住,,,,01410000
RPSNMLTLLHMFFGE66CC,竹子腳段,29.49,都市：住,,,,03550194
RPTNMLKMLHMFFCE18CC,憲德段一小段,6.85,都市：其他:,,,,08200000
RPPOMLKMLHMFFGE28CC,牛潮埔段,239.00,都市：工,,,,05780003
RPXNMLKMLHMFFIE56CC,澄清段,18677.00,都市：住,,,,01010051
RPOOMLKMLHMFFIE38CC,澄清段,186.78,都市：住,,,,01010050
RPSOMLKMLHMFFBE08CC,意誠段,.00,都市：商,,,,01990000
RPXNMLKMLHMFFBE48CC,大統段一小段,57.00,都市：商,,,,11460000
RPXNMLKMLHMFFBE48CC,大統段一小段,12.00,都市：其他:道路用地,,,,11460001
RPOOMLKMLHMFFBE67CC,意誠段,4.01,都市：商,,,,01990000
RPPOMLKMLHMFFBE77CC,意誠段,.00,都市：商,,,,01990000
RPVOMLKMLHMFFBE38CC,意誠段,.00,都市：商,,,,01990000
RPUOMLKMLHMFFBE28CC,意誠段,.00,都市：商,,,,01990000
RPROMLKMLHMFFDE18CC,獅頭段,25.00,都市：住,,,,23570000
RPQOMLKMLHMFFDE08CC,覆鼎金段覆鼎金小段,.00,都市：住,,,,11320002
RPOPMLKMLHMFFEE08CC,?後段,39.42,都市：住,,,,00190002
RPROMLLMLHMFFEE38CC,新庄段十三小段,7.69,都市：商,,,,15090000
RPXNMLKMLHMFFEE78CC,新庄段十二小段,21.50,都市：住,,,,09760000
RPPOMLKMLHMFFEE08CC,新庄段六小段,15.00,都市：住,,,,05910001
RPPOMLKMLHMFFEE08CC,新庄段六小段,41.00,都市：住,,,,05920023
RPPOMLTLLHMFFEE88CC,菜公段六小段,15.82,都市：住,,,,11190000
RPOOMLLMLHMFFEE08CC,新庄段十三小段,4.01,都市：商,,,,14450000
RPPPMLKMLHMFFEE18CC,新庄段六小段,100.00,都市：住,,,,00620004
RPWOMLTLLHMFFEE96CC,果貿段,.00,都市：住,,,,00060000
RPVOMLTLLHMFFEE86CC,新民段,.00,都市：商,,,,01810000
RPUOMLTLLHMFFEE76CC,興隆段,.00,非都市： ; 非都市編定：,,,,08590000
RPPNMLLMLHMFFBE77CC,大統段二小段,59.57,都市：商,,,,10140000
RPRNMLLMLHMFFBE97CC,過田子段,88.00,都市：商,,,,06480008
RPXNMLLMLHMFFBE58CC,新興段一小段,.00,非都市： ; 非都市編定：,,,,17560000
RPTNMLLMLHMFFAE08CC,龍華段八小段,308.70,都市：商,,,,24070000
RPVOMLLMLHMFFEE78CC,新庄段六小段,12.77,都市：住,,,,09130000
RPQOMLLMLHMFFBE97CC,林德官段一小段,63.00,都市：住,,,,24810006
RPTNMLLMLHMFFIE88CC,暘善段,84.54,都市：農,,,,04340000
RPWNMLLMLHMFFCE58CC,愛群段,132.00,都市：住,,,,18360000
RPSNMLLMLHMFFFE48CC,介壽段,20.44,都市：住,,,,03370000
RPQNMLLMLHMFFLE88CC,永芳段,95.00,都市：住,,,,06900000
RPQNMLLMLHMFFLE88CC,永芳段,25.00,都市：住,,,,06930000
RPPNMLPJMHMFFGE48CC,鳳甲段,36.36,都市：住,,,,00680000
RPTNMLPJMHMFFGE88CC,道爺?段,1456.00,都市：住,,,,07110000
RPTNMLPJMHMFFGE88CC,道爺?段,1.00,都市：住,,,,07110001
RPTNMLPJMHMFFGE88CC,道爺?段,1200.00,都市：住,,,,07110002
RPTNMLPJMHMFFGE88CC,道爺?段,1000.00,都市：住,,,,07110003
RPVNMLPJMHMFFFE98CC,安招段,99.20,都市：住,,,,03390000
RPWNMLPJMHMFFFE09CC,岡山段,60.85,都市：住,,,,04620000
RPXNMLPJMHMFFFE56CC,岡山段,43.60,都市：住,,,,04620000
RPPNMLPJMHMFFAE87CC,龍華段一小段,81.00,都市：住,,,,08180001
RPVNMLPJMHMFFIE66CC,考潭段,173.00,非都市：山坡地保育區 ; 非都市編定：丙種建築用地,,,,01520019
RPOOMLPJMHMFFIE68CC,仁雄段,57.72,都市：住,,,,02820024
RPSNMLPJMHMFFAE18CC,後金段,.00,都市：商,,,,00370000
RPXOMLPJMHMFFAE78CC,青海段,15.11,都市：住,,,,01490000
RPVOMLPJMHMFFEE98CC,左南段,21.21,都市：住,,,,07000000
RPOPMLPJMHMFFEE38CC,新庄段十三小段,22.70,都市：住,,,,14230000
RPRPMLPJMHMFFEE68CC,楠都段一小段,396.00,都市：商,,,,01490000
RPQOMLQJMHMFFAE18CC,龍中段,12.90,都市：商,,,,00310000
RPROMLQJMHMFFAE28CC,內惟段四小段,113.66,都市：住,,,,03880000
RPTNMLPJMHMFFDE58CC,覆鼎金段覆鼎金小段,11.52,都市：住,,,,12260000
RPQOMLQJMHMFFEE58CC,福山段,5.93,都市：商,,,,03420000
RPSNMLQJMHMFFAE28CC,龍華段二小段,.00,都市：住,,,,05970000
RPVOMLQJMHMFFFE56CC,岡山段,85.00,都市：住,,,,03980050
RPWOMLQJMHMFFFE66CC,鳳雄段,.00,非都市：一般農業區 ; 非都市編定：農牧用地,,,,00750000
RPXNMLQJMHMFFFE66CC,代天府段,2637.00,非都市：工業區 ; 非都市編定：丁種建築用地,,,,00730000
RPUNMLQJMHMFFLE96CC,赤崁段潮州寮小段,1360.00,都市：農,,,,60100000
RPPOMLQJMHMFFGE68CC,鳳甲段,25.56,都市：住,,,,00440000
RPSNMLRJMHMFFCE58CC,青島段二小段,28.00,都市：住,,,,06600007
RPROMLQJMHMFFCE48CC,愛群段,20.02,都市：商,,,,24630000
RPXNMLRJMHMFFCE09CC,憲德段二小段,14.18,都市：商,,,,00200000
RPSOMLRJMHMFFCE68CC,獅甲段二小段,18.44,都市：住,,,,05580000
RPQOMLRJMHMFFCE48CC,愛群段,16.44,都市：住,,,,23940000
RPPOMLRJMHMFFGE78CC,文英段,12.36,都市：住,,,,16780000
RPPOMLRJMHMFFCE38CC,獅甲段二小段,31.62,都市：住,,,,05830000
RPQOMLRJMHMFFGE88CC,文山段,548.00,都市：住,,,,00540003
RPROMLRJMHMFFGE98CC,埤頂段,.00,都市：住,,,,12430035
RPUOMLRJMHMFFAE78DC,龍華段二小段,82.00,都市：住,,,,07560000
RPSOMLRJMHMFFGE09CC,赤山段,26.19,都市：住,,,,05220000
RPOPMLRJMHMFFGE78CC,鳳山段火房口小段,49.48,都市：商,,,,05100000
RPTNMLQJMHMFFBE48CC,意誠段,.00,都市：商,,,,01990000
RPUNMLRJMHMFFJE86CC,竹東段,120.84,都市：住,,,,05640000
RPTOMLLMLHMFFBE28CC,新興段二小段,6.75,都市：商,,,,12760000
RPOOMLRJMHMFFFE58CC,富貴段,128.00,都市：住,,,,01190019
RPOOMLRJMHMFFFE58CC,富貴段,3.00,都市：住,,,,01190018
RPWOMLLMLHMFFBE58CC,新興段二小段,13.27,都市：商,,,,17670000
RPSOMLLMLHMFFBE18CC,意誠段,9.22,都市：商,,,,04250000
RPTNMLRJMHMFFBE58CC,新興段四小段,2.93,都市：商,,,,00510000
RPSNMLRJMHMFFBE48CC,新興段一小段,1.25,都市：商,,,,10270000
RPUNMLRJMHMFFBE68CC,過田子段,24.21,都市：住,,,,09060000
RPVNMLRJMHMFFBE78CC,林德官段,.00,都市：商,,,,11940000
RPWNMLRJMHMFFBE88CC,意誠段,4.81,都市：商,,,,01990000
RPXNMLRJMHMFFBE98CC,意誠段,8.11,都市：商,,,,00510000
RPOOMLRJMHMFFBE18CC,新興段一小段,245.00,都市：商,,,,10100000
RPOOMLRJMHMFFBE18CC,新興段一小段,122.00,都市：商,,,,10090000
RPVOMLQJMHMFFAE68CC,青海段,15.09,都市：商,,,,01660000
RPROMLRJMHMFFAE38CC,龍中段,19.96,都市：商,,,,00360000
RPUOMLQJMHMFFAE58CC,旗汕段,.00,非都市： ; 非都市編定：,,,,00660000
RPROMLRJMHMFFEE78CC,新庄段十三小段,22.71,都市：住,,,,14230000
RPWNMLRJMHMFFAE78CC,青海段,24.15,都市：住,,,,06590000
RPXNMLRJMHMFFAE88CC,龍中段,9.45,都市：商,,,,00870000
RPOOMLRJMHMFFAE08CC,青海段,.00,都市：住,,,,04560000
RPVOMLRJMHMFFEE56CC,新民段,15.38,都市：商,,,,01990000
RPSOMLRJMHMFFAE48CC,青海段,14.27,都市：商,,,,01870000
RPTNMLRJMHMFFDE78CC,大港段,.00,都市：商,,,,35650000
RPWOMLRJMHMFFDE56CC,大港段,4.17,都市：商,,,,35650000
RPVOMLRJMHMFFDE09CC,大港段二小段,62.00,都市：住,,,,16890009
RPVOMLRJMHMFFDE09CC,大港段二小段,61.00,都市：住,,,,16890010
RPVOMLRJMHMFFDE09CC,大港段二小段,49.00,都市：住,,,,16890012
RPPNMLSJMHMFFCE38CC,盛興段,12.87,都市：住,,,,15500000
RPSOMLKKMHMFFCE08CC,愛群段,.00,都市：商,,,,10810000
RPRNMLSJMHMFFCE58CC,愛群段,.00,都市：商,,,,30320000
RPWOMLKKMHMFFCE48CC,愛群段,20.02,都市：商,,,,24630000
RPUOMLKKMHMFFGE68CC,七老爺段一甲小段,82.00,都市：住,,,,10950046
RPRNMLSJMHMFFEE78CC,新光段,9.98,都市：住,,,,00440000
RPQPMLRJMHMFFEE78CC,新庄段十三小段,10.98,都市：住,,,,14020000
RPXPMLRJMHMFFEE86CC,新庄段十三小段,6.21,都市：商,,,,15090000
RPTQMLKKMHMFFEE58CC,新博段,19.06,都市：住,,,,00080000
RPVPMLRJMHMFFEE66CC,新庄段十三小段,6.69,都市：商,,,,14450000
RPOPMLRJMHMFFEE58CC,福山段,12.13,都市：商,,,,02910000
RPQQMLKKMHMFFEE28CC,新夏段,15.88,都市：住,,,,00130000
RPPPMLKKMHMFFGE28CC,維新段,29.77,都市：住,,,,10830000
RPRPMLRJMHMFFEE88CC,新庄段十三小段,8.67,都市：商,,,,14450000
RPXOMLRJMHMFFEE76CC,福民段,22.12,都市：住,,,,03370000
RPROMLKKMHMFFDE08CC,鼎泰段,.00,非都市： ; 非都市編定：,,,,14740001
RPWOMLKKMHMFFDE58CC,澄東段,11.26,都市：住,,,,01050012
RPWOMLKKMHMFFDE58CC,澄東段,151.62,都市：住,,,,01050005
RPPNMLKKMHMFFBE57CC,武聖段,83.00,都市：住,,,,02820000
RPOPMLLKMHMFFBE77CC,林興段,80.00,都市：住,,,,10950000
RPPOMLLKMHMFFBE77CC,大統段一小段,.00,都市：商,,,,02600000
RPPOMLKKMHMFFBE67CC,新興段一小段,.00,都市：商,,,,07000000
RPOOMLLKMHMFFBE67CC,過田子段,.00,都市：商,,,,11360000
RPPPMLLKMHMFFBE87CC,林興段,80.00,都市：住,,,,10950000
RPXNMLLKMHMFFBE48CC,成功段,.00,都市：商,,,,07030000
RPRNMLLKMHMFFBE87CC,成功段,33.17,都市：商,,,,07080000
RPRPMLLKMHMFFBE08CC,大統段二小段,53.00,都市：商,,,,02870000
RPSNMLLKMHMFFDE18CC,三塊厝段,.00,都市：商,,,,13090009
RPUOMLLKMHMFFDE48CC,澄東段,90.56,都市：住,,,,00120000
RPUOMLLKMHMFFDE48CC,澄東段,115.26,都市：住,,,,00110000
RPQOMLLKMHMFFEE18CC,菜公段一小段,.00,非都市： ; 非都市編定：,,,,04000000
RPTNMLLKMHMFFDE28CC,中華段二小段,.00,都市：商,,,,14670000
RPXOMLLKMHMFFEE88CC,新庄段十三小段,7.05,都市：商,,,,14910000
RPWQMLLKMHMFFGE56CC,道爺?段,42.00,都市：住,,,,01350027
RPSNMLLKMHMFFAE87CC,龍華段八小段,12.60,都市：住,,,,23580000
RPVNMLLKMHMFFAE18CC,青海段,.00,都市：住,,,,06360000
RPQNMLKKMHMFFAE57CC,前金段,137.00,都市：商,,,,00390011
RPQNMLKKMHMFFAE57CC,前金段,16.00,都市：商,,,,00390075
RPOPMLKKMHMFFAE57CC,青海段,19.50,都市：商,,,,01390000
RPUOMLKKMHMFFAE08CC,龍中段,8.31,都市：商,,,,00150000
RPTOMLMKMHMFFGE78CC,竹子腳段,15.20,非都市： ; 非都市編定：,,,,01060000
RPUOMLMKMHMFFGE88CC,五甲段,62.00,都市：住,,,,15540071
RPUNMLMKMHMFFDE48CC,大港段七小段,176.00,都市：商,,,,06600005
RPVNMLMKMHMFFDE58CC,建豐段,110.00,都市：商,,,,08820000
RPTOMLMKMHMFFDE48CC,大港段五小段,213.00,都市：商,,,,08470000
RPSOMLMKMHMFFDE38CC,灣華段,.00,非都市： ; 非都市編定：,,,,08120000
RPTNMLMKMHMFFIE88CC,綠園段,133.10,非都市：特定農業區 ; 非都市編定：農牧用地,,,,07270000
RPOOMLMKMHMFFIE48CC,青雲段,1451.00,都市：住,,,,07160000
RPSOMLMKMHMFFBE18CC,林德官段,79.00,都市：商,,,,13180001
RPSOMLMKMHMFFBE18CC,林德官段,164.00,都市：商,,,,13180004
RPSOMLMKMHMFFAE08CC,青海段,.00,都市：商,,,,02140001
RPVOMLMKMHMFFBE48CC,林德官段二小段,20.33,都市：商,,,,34960001
RPVOMLMKMHMFFBE48CC,林德官段二小段,6.66,都市：住,,,,34960003
RPTNMLNKMHMFFBE28CC,新興段二小段,.00,都市：商,,,,14590000
RPUNMLNKMHMFFBE38CC,意誠段,.00,都市：商,,,,01990000
RPPOMLNKMHMFFBE97CC,新興段一小段,14.39,都市：商,,,,17560000
RPTOMLNKMHMFFBE38CC,新興段四小段,.00,都市：商,,,,16770000
RPTOMLNKMHMFFBE38CC,新興段四小段,.00,都市：商,,,,16780000
RPTNMLNKMHMFFAE18CC,龍華段四小段,663.00,都市：農,,,,06120000
RPWNMLNKMHMFFAE48CC,龍華段三小段,.00,非都市： ; 非都市編定：,,,,03280002
RPQOMLNKMHMFFLE09CC,中庄北段,25.91,都市：住,,,,08500000
RPXNMLNKMHMFFGE56CC,北門段,80.00,都市：住,,,,04600008
RPVNMLMKMHMFFCE48CC,愛群段,3.97,非都市： ; 非都市編定：,,,,13700000
RPXOMLOKMHMFFCE98CC,愛群段,7.30,都市：商,,,,24590000
RPWOMLLKMHMFFCE58CC,愛群段,.00,非都市： ; 非都市編定：,,,,24590000
RPROMLNKMHMFFCE28CC,獅甲段三小段,19.25,都市：商,,,,06280011
RPXOMLNKMHMFFDE98CC,凱歌段,44.26,都市：住,,,,01420000
RPOOMLLKMHMFFCE77CC,光華段一小段,.00,都市：住,,,,20690000
RPPPMLMKMHMFFDE18CC,中都段二小段,.00,都市：住,,,,02360000
RPPPMLMKMHMFFDE18CC,中都段二小段,.00,都市：住,,,,02520000
RPOOMLNKMHMFFDE08CC,鼎泰段一小段,63.84,都市：住,,,,03650000
RPOOMLNKMHMFFDE08CC,鼎泰段一小段,1.83,都市：住,,,,03630000
RPXOMLMKMHMFFDE88CC,澄東段,1186.19,都市：住,,,,00610001
RPVOMLMKMHMFFDE68CC,建民段,.00,都市：商,,,,00440000
RPXQMLOKMHMFFCE56CC,草衙段二小段,.00,都市：住,,,,04200000
RPRRMLOKMHMFFCE68CC,盛興段,.00,都市：住,,,,15500000
RPROMLOKMHMFFDE48CC,大港段二小段,.00,都市：住,,,,12700018
RPSOMLOKMHMFFDE58CC,覆鼎金段覆鼎金一小段,10.28,都市：住,,,,06280009
RPTOMLOKMHMFFDE68CC,覆鼎金段覆鼎金一小段,10.28,都市：住,,,,06280009
RPVOMLOKMHMFFDE88CC,大港段六小段,62.00,都市：商,,,,05640180
RPOPMLOKMHMFFDE28CC,三塊厝段,.00,都市：商,,,,13230000
RPOPMLOKMHMFFDE28CC,三塊厝段,.00,都市：商,,,,13230021
RPTNMLOKMHMFFIE09CC,仁新段,433.00,都市：農,,,,17460019
RPXPMLOKMHMFFDE56CC,三塊厝段五小段,.00,都市：住,,,,01330001
RPXNMLOKMHMFFAE68CC,龍中段,15.51,都市：商,,,,01120000
RPVNMLOKMHMFFAE48CC,文東段,24.80,都市：商,,,,15140000
RPOOMLOKMHMFFAE87CC,府北段五小段,8.37,都市：商,,,,01440000
RPPPMLOKMHMFFDE38CC,獅頭段一小段,3.40,都市：商,,,,17000000
RPTNMLOKMHMFFBE38CC,意誠段,.00,都市：商,,,,01990000
RPVNMLOKMHMFFBE58CC,意誠段,.00,都市：商,,,,01990000
RPQPMLOKMHMFFDE48CC,建豐段,5.80,都市：商,,,,08280000
RPUNMLOKMHMFFBE48CC,意誠段,.00,都市：商,,,,01990000
RPRNMLPKMHMFFAE18CC,龍華段一小段,32.52,都市：住,,,,02420000
RPQNMLPKMHMFFLE66DC,山子頂段,.00,都市：農,,,,25070000
RPSOMLOKMHMFFAE28CC,民生段,6.72,都市：住,,,,02560000
RPPOMLOKMHMFFAE97CC,北金段,6.34,都市：商,,,,02550000
RPWNMLOKMHMFFBE68CC,意誠段,.00,都市：商,,,,01990000
RPSNMLRKMHMFFFE98CC,大仁段,4.71,都市：住,,,,06020000
RPQNMLPKMHMFFCE38DC,光華段,7.83,都市：住,,,,02150000
RPQNMLPKMHMFFCE38DC,光華段,.39,都市：住,,,,02230000
RPPOMLOKMHMFFBE08CC,林德官段,.00,都市：商,,,,13440000
RPPOMLOKMHMFFBE08CC,林德官段,.00,都市：住,,,,13440007
RPPOMLOKMHMFFBE08CC,林德官段,.00,都市：其他:,,,,13440008
RPQPMLRKMHMFFGE09CC,文英段,.00,都市：住,,,,14530000
RPPNMLRKMHMFFCE38CC,仁愛段,271.00,都市：工,,,,07980022
RPPNMLPKMHMFFBE18DC,成功段,61.00,都市：商,,,,07340000
RPQOMLRKMHMFFAE38CC,前金段,.00,都市：商,,,,00650000
RPVPMLRKMHMFFCE56CC,光華段,.00,都市：住,,,,13560000
RPWNMLRKMHMFFBE98CC,大統段二小段,122.00,都市：商,,,,05240000
RPVOMLRKMHMFFBE98CC,新興段四小段,.00,都市：商,,,,16770000
RPVOMLRKMHMFFBE98CC,新興段四小段,.00,都市：商,,,,16780000
RPXNMLRKMHMFFBE09CC,大統段二小段,122.00,都市：商,,,,03970000
RPVOMLRKMHMFFAE88CC,內惟段二小段,90.00,都市：住,,,,07180021
RPPNMLRKMHMFFDE48CC,三塊厝段,84.00,都市：商,,,,12010015
RPUOMLSKMHMFFDE56CC,灣立段,85.86,都市：住,,,,04260000
RPROMLSKMHMFFDE88CC,三塊厝段四小段,.00,都市：住,,,,16540010
RPVOMLSKMHMFFDE66CC,灣立段,85.86,都市：住,,,,04260000
RPWOMLSKMHMFFDE76CC,灣愛段,68.58,都市：住,,,,03340000
RPXNMLSKMHMFFBE56CC,意誠段,7.76,都市：商,,,,02000000
RPPOMLSKMHMFFBE48CC,意誠段,.00,都市：商,,,,01860000
RPVOMLSKMHMFFBE09CC,成功段,8.28,都市：商,,,,02990000
RPVNMLRKMHMFFDE09CC,灣立段,76.81,都市：商,,,,04660000
RPOOMLRKMHMFFDE48CC,大港段二小段,.00,都市：商,,,,10720000
RPRNMLSKMHMFFAE48CC,鼓南段三小段,288.00,都市：商,,,,14430000
RPRNMLSKMHMFFAE48CC,鼓南段三小段,109.00,都市：商,,,,14420000
RPRNMLSKMHMFFAE48CC,鼓南段三小段,4.00,都市：商,,,,14420001
RPQNMLSKMHMFFGE98CC,文英段,613.00,都市：住,,,,16590000
RPPOMLSKMHMFFGE98CC,牛潮埔段,19.98,都市：住,,,,02090008
RPWOMLSKMHMFFGE07CC,道爺?段下菜園小段,68.00,都市：住,,,,00700048
RPTNMLSKMHMFFCE88CC,港和段四小段,94.50,都市：商,,,,08500009
RPXOMLSKMHMFFGE17CC,新庄子段,71.00,都市：住,,,,02000078
RPXNMLSKMHMFFFE07DC,仕興段,72.00,都市：住,,,,09810000
RPRNMLTKMHMFFFE09CC,四村段,110.54,都市：商,,,,03350000
RPRNMLTKMHMFFFE09CC,四村段,89.65,都市：商,,,,03360000
RPTNMLSKMHMFFGE66CC,新庄子段,33.00,都市：其他:市場用地,,,,01980064
RPWNMLSKMHMFFGE96CC,明頂段,134.55,都市：商,,,,00260000
RPWNMLTKMHMFFBE56CC,林德官段一小段,.00,都市：商,,,,26810000
RPOOMLTKMHMFFBE48CC,過田子段,.00,都市：商,,,,06010000
RPRNMLTKMHMFFCE78CC,愛群段,.00,非都市： ; 非都市編定：,,,,24590000
RPTNMLTKMHMFFBE88CC,苓雅寮段,13.74,都市：住,,,,07450000
RPOOMLTKMHMFFCE58CC,愛群段,2.42,都市：住,,,,29490000
RPPOMLTKMHMFFCE68CC,獅甲段二小段,22.97,都市：住,,,,05570000
RPTNMLOKMHMFFLE76CC,磚子?段,1328.00,都市：工,,,,38730000
RPTNMLOKMHMFFLE76CC,磚子?段,1021.00,都市：工,,,,38740000
RPWOMLTKMHMFFDE86CC,澄清段二小段,88.00,都市：住,,,,02310000
RPTOMLTKMHMFFEE66CC,加昌段,11.57,都市：住,,,,01620000
RPTOMLTKMHMFFEE66CC,加昌段,14.44,都市：住,,,,01630000
RPVOMLTKMHMFFEE86CC,和平段四小段,.00,都市：住,,,,00900019
RPVOMLTKMHMFFEE86CC,和平段四小段,.00,都市：住,,,,00900020
RPPOMLTKMHMFFEE88CC,新光段,256.20,都市：住,,,,03300000
RPWPMLTKMHMFFEE07CC,新庄段八小段,59.62,都市：住,,,,01800002
RPROMLRKMHMFFEE88CC,新庄段二小段,90.00,都市：住,,,,05610000
RPROMLRKMHMFFEE88CC,新庄段二小段,10.00,都市：住,,,,05720000
RPXNMLKLMHMFFAE38CC,文東段,67.00,都市：商,,,,15120000
RPSOMLKLMHMFFBE08CC,林興段,54.00,都市：住,,,,06050000
RPTOMLTKMHMFFBE98CC,大統段一小段,.00,都市：商,,,,02600000
RPRNMLKLMHMFFBE87CC,意誠段,.00,都市：商,,,,01990000
RPPOMLTKMHMFFBE58CC,林德官段二小段,10.17,都市：住,,,,35110000
RPQOMLKLMHMFFAE77CC,前金段,.00,都市：商,,,,00520008
RPQNMLKLMHMFFGE28CC,文山段,16.03,都市：住,,,,00920000
RPROMLKLMHMFFAE87CC,前金段,.00,都市：商,,,,00650000
RPOPMLKLMHMFFGE28CC,赤山段,7.54,都市：住,,,,06160000
RPPOMLLLMHMFFGE38CC,曹公段,266.56,都市：工,,,,01030079
RPPOMLLLMHMFFGE38CC,曹公段,266.56,都市：工,,,,01030080
RPROMLLLMHMFFGE58CC,五甲段,103.00,都市：商,,,,16490029
RPWOMLLLMHMFFCE68CC,愛群段,4.50,都市：商,,,,24590000
RPOPMLLLMHMFFCE97CC,獅甲段二小段,71.35,都市：住,,,,05600006
RPRNMLLLMHMFFAE87CC,龍華段八小段,10.00,都市：商,,,,22100000
RPXNMLLLMHMFFAE48CC,青海段,30.28,都市：住,,,,05950000
RPUNMLLLMHMFFAE18CC,青海段,9.49,都市：住,,,,06360000
RPWNMLLLMHMFFBE48CC,林聖段,29.00,都市：住,,,,01590014
RPOOMLLLMHMFFEE08CC,福山段,44.49,都市：商,,,,03130000
RPUPMLLLMHMFFEE78CC,新庄段十三小段,8.41,都市：商,,,,14450000
RPUOMLLLMHMFFAE28CC,青海段,139.09,都市：住,,,,00770000
RPQOMLLLMHMFFAE87CC,前峰段,23.02,都市：住,,,,02520000
RPQOMLLLMHMFFAE87CC,前峰段,.06,都市：住,,,,02520001
RPRQMLLLMHMFFEE58CC,藍昌段三小段,56.00,都市：商,,,,05560000
RPSQMLLLMHMFFEE68CC,清豐段,81.98,都市：住,,,,02290473
RPWPMLLLMHMFFEE98CC,新庄段四小段,110.00,都市：住,,,,02590000
RPTQMLLLMHMFFEE78CC,和平段五小段,18.96,都市：住,,,,04450000
RPSQMLOKMHMFFEE88CC,新光段,13.15,都市：住,,,,03210000
RPSPMLOKMHMFFEE78CC,新庄段七小段,22.38,都市：住,,,,06110000
RPSPMLOKMHMFFEE78CC,新庄段七小段,20.10,都市：住,,,,06110000
RPUQMLLLMHMFFEE88CC,右昌段六小段,27.87,都市：住,,,,17160000
RPVNMLMLMHMFFEE78CC,菜公段五小段,22.76,都市：住,,,,12270000
RPTNMLMLMHMFFAE18CC,龍華段八小段,3.89,都市：商,,,,22080000
RPWNMLMLMHMFFEE88CC,菜公段四小段,68.00,都市：住,,,,10250000
RPPNMLNLMHMFFGE48CC,牛潮埔段,72.00,都市：住,,,,08460000
RPSNMLOLMHMFFCE48CC,瑞崗段一小段,16.80,都市：商,,,,07080000
RPQOMLOLMHMFFCE38CC,愛群段,.00,都市：商,,,,29450000
RPPPMLOLMHMFFAE18CC,龍華段八小段,12.71,都市：商,,,,22590000
RPUNMLOLMHMFFBE58CC,衛武段,30.66,都市：商,,,,01490000
RPVNMLOLMHMFFBE68CC,武聖段,22.28,都市：商,,,,11560000
RPWNMLOLMHMFFBE78CC,意誠段,.00,都市：商,,,,01990000
RPPOMLOLMHMFFBE18CC,新興段三小段,9.01,都市：商,,,,09010000
RPUOMLOLMHMFFBE68CC,新興段四小段,12.94,都市：商,,,,17840000
RPTOMLOLMHMFFEE88CC,新夏段,1630.59,都市：住,,,,00080000
RPSQMLOLMHMFFEE98CC,新庄段十三小段,3.66,都市：商,,,,14360000
RPQPMLPLMHMFFEE78CC,果貿段,33.24,都市：住,,,,00060000
RPQNMLPLMHMFFDE48CC,建民段,65.00,都市：商,,,,05130008
RPXNMLMLMHMFFDE88CC,覆鼎金段覆鼎金一小段,8.86,都市：住,,,,06880000
RPPPMLOLMHMFFDE48CC,鼎泰段,68.88,都市：住,,,,14320000
RPTNMLMLMHMFFDE48CC,大順段,118.50,都市：住,,,,02600000
RPOOMLKLMHMFFDE87CC,大港段五小段,4.04,都市：住,,,,08220009
RPWNMLKLMHMFFDE58CC,獅頭段一小段,84.35,都市：商,,,,17020000
RPUNMLMLMHMFFDE58CC,中華段二小段,15.78,都市：住,,,,02060000
RPUNMLKLMHMFFDE38CC,三塊厝段五小段,.00,都市：住,,,,01330001
RPRPMLPLMHMFFDE78CC,大港段四小段,73.00,都市：商,,,,32550003
RPQOMLPLMHMFFAE38DC,龍中段,7.65,都市：商,,,,01150000
RPSOMLOLMHMFFGE98CC,曹公段,148.41,都市：工,,,,02160022
RPXOMLPLMHMFFBE09CC,林德官段二小段,25.50,都市：住,,,,34790006
RPTOMLOLMHMFFGE09CC,華鳳段,351.41,都市：住,,,,01530000
RPROMLPLMHMFFBE48CC,正德段,.00,都市：住,,,,04470000
RPSPMLQLMHMFFAE78DC,青海段,11.15,都市：住,,,,03680000
RPTOMLPLMHMFFAE58CC,青海段,19.39,都市：商,,,,01490000
RPUOMLPLMHMFFBE78CC,林德官段,53.00,都市：商,,,,15100064
RPTNMLQLMHMFFCE78CC,店鎮段一小段,28.47,都市：商,,,,12270000
RPXNMLQLMHMFFGE96CC,文英段,70.00,都市：其他:,,,,05220008
RPSNMLQLMHMFFBE58CC,林德官段一小段,16.00,都市：住,,,,32000000
RPOOMLQLMHMFFAE18CC,旗港段,169.00,都市：住,,,,07560000
RPOOMLQLMHMFFAE18CC,旗港段,111.00,都市：商,,,,07560001
RPROMLQLMHMFFAE48CC,龍華段三小段,1117.00,都市：工,,,,02940000
RPRPMLQLMHMFFAE58CC,青海段,.00,都市：住,,,,00970000
RPQNMLQLMHMFFBE38CC,新興段四小段,8.15,都市：商,,,,24000000
RPQNMLQLMHMFFBE38CC,新興段四小段,2.10,都市：商,,,,24010000
RPPNMLQLMHMFFDE48CC,凱歌段,88.31,都市：商,,,,07440000
RPUNMLQLMHMFFEE09CC,興隆段,73.00,都市：住,,,,08710135
RPOOMLQLMHMFFEE58CC,新庄段一小段,14.36,都市：商,,,,12720000
RPOPMLQLMHMFFEE68CC,新庄段十二小段,30.54,都市：商,,,,12210000
RPTNMLQLMHMFFEE98CC,左東段,36.50,都市：住,,,,00650000
RPPOMLRLMHMFFDE68CC,大港段,31.20,都市：住,,,,34900002
RPRNMLRLMHMFFAE48CC,北金段,13.25,都市：商,,,,09610000
RPQOMLRLMHMFFAE48CC,前金段,1.00,都市：商,,,,01320024
RPQOMLRLMHMFFAE48CC,前金段,111.00,都市：商,,,,01320025
RPOOMLRLMHMFFCE48CC,愛群段,5.86,都市：商,,,,24590000
RPSOMLRLMHMFFAE68CC,青海段,72.75,都市：商,,,,02000000
RPWNMLRLMHMFFFE86CC,岡山段,3.00,都市：住,,,,05740004
RPWNMLSLMHMFFIE27CC,澄合段,20.79,都市：住,,,,03060000
RPTNMLSLMHMFFEE66DC,新庄段十三小段,6.21,都市：商,,,,14910000
RPROMLSLMHMFFCE88CC,愛群段,16.80,都市：商,,,,24630000
RPQOMLSLMHMFFGE56CC,新庄子段,153.00,都市：住,,,,02440028
RPUNMLSLMHMFFAE88CC,龍華段八小段,.00,都市：商,,,,21920000
RPRPMLSLMHMFFAE78CC,龍華段八小段,9.33,都市：商,,,,22210000
RPVPMLSLMHMFFAE56CC,青海段,12.83,非都市： ; 非都市編定：,,,,01210000
RPOQMLSLMHMFFAE58CC,文東段,.00,都市：商,,,,06280000
RPOQMLSLMHMFFAE58CC,文東段,.00,都市：商,,,,06290000
RPXOMLRLMHMFFDE86CC,義民段,22.50,都市：住,,,,07130000
RPPOMLRLMHMFFBE48CC,林德官段二小段,.00,都市：住,,,,34050001
RPSOMLRLMHMFFDE98CC,大港段,31.67,都市：住,,,,35470004
RPPPMLRLMHMFFDE78CC,大港段四小段,10.65,都市：商,,,,33730000
RPVNMLRLMHMFFBE98CC,過田子段,.00,都市：商,,,,11360000
RPPOMLQLMHMFFBE38CC,福裕段,115.00,都市：住,,,,00740000
RPUNMLSLMHMFFBE98CC,新興段四小段,.00,都市：商,,,,16770000
RPUNMLSLMHMFFBE98CC,新興段四小段,.00,都市：商,,,,16780000
RPSNMLSLMHMFFBE78CC,新興段四小段,.00,都市：商,,,,16770000
RPSNMLSLMHMFFBE78CC,新興段四小段,.00,都市：商,,,,16780000
RPUNMLRLMHMFFBE88CC,過田子段,.00,都市：商,,,,11360000
RPXNMLRLMHMFFBE56CC,五塊厝段三小段,27.20,都市：住,,,,26510000
RPPOMLSLMHMFFBE58CC,苓洲段,.00,都市：商,,,,06090000
RPXNMLSLMHMFFBE66CC,五權段,23.90,都市：住,,,,03710000
RPOOMLSLMHMFFDE68CC,建豐段,6.85,都市：商,,,,08280000
RPPOMLSLMHMFFEE88CC,福山段,15.67,都市：商,,,,02910000
RPROMLSLMHMFFDE98CC,獅頭段,9.56,都市：住,,,,27390000
RPTOMLSLMHMFFBE98CC,新興段三小段,9.14,都市：商,,,,08140000
RPSNMLTLMHMFFEE56CC,福山段,87.65,都市：住,,,,05610005
RPQNMLTLMHMFFDE88CC,大港段,521.00,都市：商,,,,34220000
RPQNMLTLMHMFFDE88CC,大港段,196.00,都市：住,,,,34220001
RPVPMLSLMHMFFEE96CC,新光段,12.75,都市：商,,,,03660000
RPWPMLSLMHMFFEE07CC,新庄段十三小段,8.21,都市：商,,,,14450000
RPOPMLSLMHMFFEE88CC,新庄段七小段,20.75,都市：住,,,,09860000
RPQNMLTLMHMFFAE58CC,龍中段,6.91,都市：商,,,,01120000
RPPNMLTLMHMFFAE48CC,大成段,32.80,都市：住,,,,01670000
RPSNMLTLMHMFFAE78CC,鹽壽段,8.88,都市：商,,,,01480000
RPRNMLTLMHMFFAE68CC,青海段,13.81,都市：住,,,,06360000
RPPNMLKMMHMFFEE08CC,新福段十小段,238.68,都市：住,,,,00080000
RPQNMLTLMHMFFIE76CC,保安段,23.60,都市：住,,,,10250000
RPSNMLTLMHMFFBE88CC,過田子段,25.95,都市：商,,,,10830000
RPTNMLTLMHMFFBE98CC,新興段三小段,85.00,都市：商,,,,13260000
RPUOMLSLMHMFFBE09CC,大統段一小段,11.73,都市：商,,,,02040000
RPRNMLTLMHMFFBE78CC,大統段一小段,29.89,都市：商,,,,00060000
RPXOMLSLMHMFFBE76CC,林德官段二小段,21.94,都市：住,,,,33580000
RPQNMLTLMHMFFBE68CC,過田子段,19.80,都市：商,,,,08190000
RPPNMLTLMHMFFCE68CC,愛群段,23.91,都市：商,,,,10810000
