﻿編號,土地位置,土地移轉面積(平方公尺),使用分區或編定,權利人持分分母,權利人持分分子,移轉情形,地號
The serial number, land position,land shifting area square meter,the use zoning or compiles and checks,,,,land parcel
RPROMLMJKHMFFHF48CC,公園段,.00,都市：住,,,,02260000
RPTPMLMJKHMFFHF78CC,正南段,.00,都市：住,,,,05400000
RPWPMLMJKHMFFHF09CC,長堤段,.00,都市：住,,,,05530000
RPUPMLMJKHMFFHF88CC,南山段,.00,都市：住,,,,06940000
RPUPMLMJKHMFFHF88CC,南山段,.00,都市：住,,,,06950000
RPUPMLMJKHMFFHF88CC,南山段,.00,都市：住,,,,06960000
RPUPMLMJKHMFFHF88CC,南山段,.00,都市：住,,,,06970000
RPUPMLMJKHMFFHF88CC,南山段,.00,都市：住,,,,06980000
RPRPMLMJKHMFFHF58CC,板南段,.00,都市：商,,,,03110000
RPVPMLMJKHMFFHF98CC,橋和段,.00,都市：工,,,,00710000
RPQPMLMJKHMFFHF48CC,華福段,.00,都市：住,,,,10010000
RPTOMLNJKHMFFHF78CC,圓通段,.00,都市：住,,,,03580000
RPOQMLMJKHMFFHF38CC,景平段,11.64,都市：商,,,,01830000
RPXPMLMJKHMFFHF56CC,錦和段,.00,都市：住,,,,08730000
RPROMLNJKHMFFHF58CC,景華段,.00,都市：住,,,,06320000
RPPQMLMJKHMFFHF48CC,正南段,.00,都市：住,,,,05400000
RPROMLNJKHMFFBF97CC,力行段,.00,都市：住,,,,11710000
RPVPMLNJKHMFFAF38CC,延和段,.00,都市：住,,,,04360000
RPTNMLNJKHMFFDF28CC,鄉長厝段過港小段,.00,非都市：山坡地保育區 ; 非都市編定：丙種建築用地,,,,03100096
RPXPMLNJKHMFFAF58CC,忠孝段,5.00,都市：住,,,,11480000
RPXPMLNJKHMFFAF58CC,忠孝段,52.00,都市：住,,,,11490000
RPXPMLNJKHMFFAF58CC,忠孝段,6.00,都市：住,,,,11490001
RPXPMLNJKHMFFAF58CC,忠孝段,32.00,都市：住,,,,11500000
RPXPMLNJKHMFFAF58CC,忠孝段,33.00,都市：住,,,,11510000
RPXPMLNJKHMFFAF58CC,忠孝段,63.00,都市：住,,,,11520000
RPXPMLNJKHMFFAF58CC,忠孝段,4.00,都市：住,,,,11530000
RPQQMLNJKHMFFBF18DC,國宅段,12.26,都市：住,,,,00090003
RPROMLNJKHMFFIF68CC,三福段,28.68,都市：工,,,,09410000
RPRPMLNJKHMFFCF28DC,寶強段,.00,都市：住,,,,00930000
RPRPMLNJKHMFFCF28DC,寶強段,.00,都市：其他:捷運系統用地,,,,00940000
RPQNMLOJKHMFFBF87CC,中原段,33.13,都市：住,,,,00840000
RPPNMLOJKHMFFBF77CC,榮富段,10.87,都市：住,,,,08350000
RPVOMLNJKHMFFHF98CC,文化段,.00,都市：住,,,,00860000
RPRQMLNJKHMFFHF78CC,雙和段,.00,都市：商,,,,03630000
RPTPMLNJKHMFFHF88CC,保福段,.00,都市：住,,,,13220000
RPWOMLNJKHMFFHF09CC,保平段,.00,都市：住,,,,06150000
RPOQMLNJKHMFFHF48CC,大華段,.00,都市：其他:部分住宅部分道路用地,,,,14460000
RPPNMLOJKHMFFEF08CC,海鷗段,2.77,都市：住,,,,11910000
RPPNMLOJKHMFFGF28CC,大有段,.00,都市：工,,,,03690000
RPRNMLOJKHMFFBF97CC,榮富段,10.97,都市：住,,,,09290000
RPVNMLOJKHMFFBF38CC,雙鳳段,10.82,都市：住,,,,06950000
RPTNMLOJKHMFFBF18CC,復興段,31.54,都市：住,,,,03160000
RPTSMLQJKHMFFBF88CC,中原段,24.33,都市：商,,,,01960000
RPSNMLOJKHMFFBF08CC,和平段,14.06,都市：住,,,,00920000
RPUNMLOJKHMFFBF28CC,榮富段,15.53,都市：住,,,,09390000
RPUSMLQJKHMFFBF98CC,昌隆段,29.55,都市：住,,,,05130000
RPSNMLQJKHMFFGF78CC,福德北段,.00,都市：住,,,,01830000
RPROMLQJKHMFFHF88CC,健康段,.00,都市：工,,,,11600000
RPTOMLQJKHMFFHF09CC,板南段,.00,都市：工,,,,02210000
RPVNMLRJKHMFFHF66CC,景華段,.00,都市：住,,,,06320000
RPWOMLRJKHMFFHF86CC,得和段,.00,都市：住,,,,09300000
RPQNMLRJKHMFFIF98DC,水源段,33.67,都市：住,,,,07190000
RPQNMLRJKHMFFIF98DC,水源段,75.96,都市：住,,,,07180000
RPROMLSJKHMFFAF38CC,文化段,2.18,都市：住,,,,11980000
RPRNMLQJKHMFFDF38CC,中正段,.00,都市：商,,,,01100000
RPQNMLRJKHMFFDF38CC,智興段,.00,都市：商,,,,04410000
RPOOMLNJKHMFFDF87CC,昊天段,.00,都市：工,,,,08720000
RPPNMLPJKHMFFDF08CC,智興段,.00,都市：商,,,,05000000
RPPNMLRJKHMFFDF28CC,智興段,.00,都市：商,,,,04710000
RPPNMLRJKHMFFDF28CC,智興段,.00,都市：住,,,,04760000
RPXNMLNJKHMFFDF68CC,昊天段,.00,都市：工,,,,10860000
RPROMLTJKHMFFEF88CC,滬尾段,.00,都市：商,,,,04340000
RPTOMLQJKHMFFEF78CC,公司田段,21.39,都市：住,,,,00580000
RPXNMLSJKHMFFEF66CC,馬偕段,.00,都市：住,,,,06190000
RPRPMLSJKHMFFEF88CC,淡海段,.00,都市：商,,,,01040000
RPVOMLQJKHMFFEF98CC,公司田段,20.85,都市：住,,,,00390001
RPUOMLQJKHMFFEF88CC,天生段,54.24,非都市：特定農業區 ; 非都市編定：甲種建築用地,,,,11180000
RPTPMLTJKHMFFEF56CC,公司田段,22.78,都市：住,,,,01360000
RPVPMLTJKHMFFEF76CC,正德段,6652.70,都市：住,,,,07480000
RPPNMLTJKHMFFGF78CC,重新段壹小段,.00,都市：商,,,,00560021
RPOOMLTJKHMFFCF38CC,永業段,.00,都市：其他:景觀商業區,,,,00210000
RPTOMLTJKHMFFCF88CC,復興段,34.27,都市：工,,,,03200000
RPTOMLTJKHMFFCF88CC,復興段,13.91,都市：工,,,,03200001
RPUOMLSJKHMFFHF76CC,仁和段,.00,都市：住,,,,04960000
RPWPMLTJKHMFFEF86CC,公司田段,44.28,都市：住,,,,00330000
RPVPMLTJKHMFFHF07CC,秀山段,.00,都市：住,,,,04130000
RPQQMLTJKHMFFEF98CC,公司田段,21.39,都市：住,,,,00580000
RPUOMLTJKHMFFHF86CC,民利段,9.89,都市：住,,,,05420000
RPTNMLSJKHMFFHF56CC,安平段,.00,都市：住,,,,06450000
RPPPMLTJKHMFFHF09CC,員山段,11.13,都市：工,,,,01420000
RPRPMLTJKHMFFHF66CC,橋和段,.00,都市：工,,,,02340000
RPRPMLTJKHMFFHF66CC,橋和段,.00,都市：工,,,,02350000
RPWOMLSJKHMFFHF96CC,興南段,.00,都市：住,,,,06780000
RPUOMLTJKHMFFAF78CC,新板段二小段,.00,都市：其他:第二種特定專用區,,,,00110000
RPWNMLTJKHMFFCF56DC,惠國段,.00,都市：住,,,,07980000
RPSNMLKKKHMFFAF87EC,大觀段,.00,都市：住,,,,08360000
RPOOMLKKKHMFFCF77EC,安和段,8.90,都市：住,,,,09630000
RPWOMLTJKHMFFDF66CC,昊天段,23.01,都市：工,,,,08720000
RPWOMLTJKHMFFDF66CC,同新段,.72,都市：工,,,,00060000
RPVOMLTJKHMFFDF56CC,昊天段,23.75,都市：工,,,,08720000
RPVOMLTJKHMFFDF56CC,同新段,.74,都市：工,,,,00060000
RPUOMLTJKHMFFDF09CC,昊天段,29.84,都市：工,,,,08720000
RPUOMLTJKHMFFDF09CC,同新段,.93,都市：工,,,,00060000
RPTNMLKKKHMFFDF08CC,智興段,.00,都市：商,,,,04410000
RPWOMLKKKHMFFDF48CC,福德段,.00,都市：住,,,,05210000
RPVOMLKKKHMFFEF48CC,北新庄子段車埕小段,.00,非都市：山坡地保育區 ; 非都市編定：丙種建築用地,,,,05230054
RPQNMLLKKHMFFDF87CC,福興段,.00,都市：住,,,,11740000
RPPNMLNKKHMFFDF97CC,新峰段,.00,都市：住,,,,01190000
RPWPMLTJKHMFFAF09CC,文化段,.00,都市：住,,,,11980000
RPSQMLKKKHMFFAF97CC,新板段二小段,.00,都市：其他:變更新板橋車站特定專用區細部計畫,,,,00110000
RPRQMLNKKHMFFAF18CC,江子翠段第二崁小段,5.12,都市：住,,,,01800007
RPQOMLNKKHMFFCF08CC,莊敬段,.00,都市：住,,,,01260000
RPXNMLKKKHMFFHF88CC,大同段,.00,都市：住,,,,04120000
RPPOMLKKKHMFFHF18CC,華中段,.00,都市：住,,,,00610000
RPUOMLNKKHMFFDF58CC,智興段,.00,都市：住,,,,02650000
RPUOMLNKKHMFFDF58CC,智興段,.00,都市：其他:道路用地,,,,02650001
RPUNMLKKKHMFFAF08EC,新興段,.00,都市：商,,,,07090000
RPTNMLKKKHMFFAF97EC,中華段,18.81,都市：工,,,,04670000
RPVNMLKKKHMFFAF18EC,港子嘴段,.00,都市：住,,,,01670000
RPWRMLNKKHMFFBF88CC,國宅段,.00,都市：住,,,,00070006
RPXNMLNKKHMFFHF56CC,大華段,.00,都市：住,,,,10360000
RPTOMLNKKHMFFHF88CC,保平段,23.15,都市：住,,,,11200000
RPRPMLNKKHMFFHF78CC,保健段,.00,都市：住,,,,07870000
RPPPMLNKKHMFFHF58CC,大仁段,.00,都市：住,,,,08100000
RPOPMLNKKHMFFHF48CC,大同段,.00,都市：住,,,,02220000
RPROMLNKKHMFFHF68CC,錦和段,.00,都市：住,,,,09670000
RPSOMLKKKHMFFHF48CC,公園段,11.36,都市：商,,,,06470000
RPQPMLOKKHMFFGF68CC,忠孝段,.00,都市：住,,,,02840000
RPWNMLOKKHMFFBF58CC,芳洲段,30.63,都市：住,,,,00070000
RPUOMLOKKHMFFCF58CC,寶元段,.00,都市：工,,,,02730000
RPVOMLOKKHMFFAF48CC,篤行段,16.61,都市：住,,,,01900000
RPPNMLOKKHMFFDF28EC,保長段,12.64,都市：住,,,,09950000
RPXPMLPKKHMFFAF09EC,海山段,12.41,都市：住,,,,10830000
RPSOMLSJKHMFFBF58CC,後港段,1112.35,都市：工,,,,00250000
RPOQMLPKKHMFFAF28EC,新板段三小段,.00,都市：其他:第二種特定專用區,,,,00240000
RPOPMLPKKHMFFDF28CC,昊天段,.00,都市：工,,,,08720000
RPUOMLPKKHMFFGF09CC,光興段,.00,都市：其他:捷運系統用地,,,,00110000
RPXNMLQKKHMFFGF76CC,忠孝段,.00,都市：住,,,,08240000
RPQQMLQKKHMFFEF78CC,新興段,.00,都市：住,,,,01400000
RPPOMLOKKHMFFHF58CC,員山段,10.13,都市：其他:乙種工業區,,,,01420000
RPTOMLPKKHMFFHF09CC,瓦?段,.00,都市：住,,,,00490000
RPSOMLPKKHMFFHF98CC,廟美段,.00,都市：住,,,,03210000
RPSOMLPKKHMFFHF98CC,廟美段,.00,都市：住,,,,03220000
RPSOMLPKKHMFFHF98CC,廟美段,.00,都市：住,,,,03260000
RPSPMLOKKHMFFHF98CC,中正段,.00,都市：住,,,,05000000
RPSPMLOKKHMFFHF98CC,中正段,.00,都市：住,,,,05010000
RPOPMLOKKHMFFHF58CC,橋和段,.00,都市：商,,,,03340000
RPTNMLQKKHMFFDF68CC,福德段,10.76,都市：住,,,,07990000
RPROMLQKKHMFFIF09CC,南園段,145.25,非都市：特定農業區 ; 非都市編定：甲種建築用地,,,,07720000
RPTOMLOKKHMFFBF38CC,公館段,.00,都市：工,,,,08660001
RPVOMLOKKHMFFBF58CC,中原段,.00,都市：住,,,,03290001
RPUOMLOKKHMFFBF48CC,建林段,15.29,都市：住,,,,04130000
RPVOMLQKKHMFFIF86CC,大仁段,27.26,都市：住,,,,01560000
RPOPMLQKKHMFFIF88CC,大學段一小段,5.88,都市：住,,,,01840000
RPQPMLQKKHMFFIF09CC,民生段,19.73,都市：住,,,,06050000
RPXOMLQKKHMFFIF07CC,大學段二小段,17.06,都市：商,,,,00960000
RPRPMLQKKHMFFIF56CC,大學段二小段,15.37,都市：住,,,,00780000
RPWNMLRKKHMFFIF96CC,和平段,3.36,都市：住,,,,00830000
RPTPMLQKKHMFFIF76CC,大學段二小段,8.87,都市：商,,,,00980000
RPWPMLQKKHMFFIF07CC,文林段,41.10,都市：工,,,,01400000
RPQQNLRKKHMFFBF68CC,全安段,22.01,都市：住,,,,03770000
RPWOMLPKKHMFFBF78CC,瓊林段,.00,都市：住,,,,07010000
RPWOMLPKKHMFFBF78CC,瓊林段,.00,都市：住,,,,07020000
RPRPNLRKKHMFFBF68CC,思源段,19.25,都市：住,,,,05600000
RPQOMLQKKHMFFBF28CC,光明段,.00,都市：住,,,,10870000
RPOPNLRKKHMFFBF38CC,國宅段,16.23,都市：住,,,,00180000
RPUPMLQKKHMFFBF78CC,榮富段,12.68,都市：住,,,,06440000
RPSQNLRKKHMFFBF88CC,自立段,36.43,都市：住,,,,08840000
RPQPMLRKKHMFFEF78CC,下圭柔山段,87.00,都市：其他:,,,,02760081
RPWNMLRKKHMFFEF56CC,公司田段,15.31,都市：住,,,,00050000
RPXPMLRKKHMFFEF86CC,中興段,4.70,都市：住,,,,01580000
RPXNMLRKKHMFFCF09CC,埔新段,.00,都市：住,,,,05260000
RPVNMLRKKHMFFCF88CC,惠國段,.00,都市：住,,,,00730000
RPQOMLRKKHMFFHF98CC,健康段,89.56,都市：工,,,,01830000
RPOPMLRKKHMFFHF88CC,板南段,.00,都市：工,,,,03110000
RPVNMLSKKHMFFHF86CC,中和段,.00,都市：住,,,,01710000
RPVNMLSKKHMFFHF86CC,中和段,.00,都市：住,,,,01720000
RPPOMLSKKHMFFHF98CC,盛昌段,.00,都市：住,,,,02400000
RPOOMLSKKHMFFHF88CC,大同段,.00,都市：住,,,,00330000
RPWNMLSKKHMFFEF66CC,海鷗段,3.65,都市：住,,,,11910000
RPOQMLSKKHMFFEF78CC,大義段,.00,非都市： ; 非都市編定：,,,,02740000
RPOQMLSKKHMFFEF78CC,大義段,.00,非都市： ; 非都市編定：,,,,02740001
RPPOMLSKKHMFFBF38CC,國宅段,.00,都市：住,,,,00050027
RPRQMLSKKHMFFEF09CC,大義段,.00,非都市： ; 非都市編定：,,,,02740000
RPRQMLSKKHMFFEF09CC,大義段,.00,非都市： ; 非都市編定：,,,,02740001
RPXOMLSKKHMFFEF86CC,馬偕段,.00,都市：工,,,,01960000
RPSOMLSKKHMFFBF68CC,力行段,.00,都市：商,,,,00930000
RPVNMLSKKHMFFIF96CC,大學段一小段,40.35,都市：住,,,,01840000
RPOQMLKLKHMFFAF87EC,民權段,84.00,都市：住,,,,04490000
RPPQMLKLKHMFFAF97EC,大庭段,14.55,都市：住,,,,11830004
RPRPMLKLKHMFFAF87CC,安和段,3.05,都市：住,,,,01750000
RPRQMLKLKHMFFAF97CC,海山段,.00,都市：住,,,,07770000
RPSRMLKLKHMFFAF18CC,新板段三小段,.00,都市：其他:第二種特定專用區,,,,00250000
RPWNMLQKKHMFFDF98CC,新峰段,5.49,都市：住,,,,01190000
RPSNMLRKKHMFFDF68CC,智興段,.00,都市：住,,,,01040000
RPUNMLQKKHMFFDF78CC,新峰段,22.87,都市：住,,,,00940000
RPPNMLSKKHMFFDF48CC,新峰段,.00,都市：住,,,,16330000
RPTOMLQKKHMFFDF78CC,福德段,.00,都市：住,,,,08080000
RPRRMLSKKHMFFBF88CC,中原段,36.33,都市：住,,,,03180001
RPUOMLSKKHMFFBF88CC,力行段,.00,都市：商,,,,07400000
RPWOMLSKKHMFFBF09CC,中原段,.00,都市：住,,,,02760000
RPRPMLKLKHMFFGF48CC,正義段,.00,都市：住,,,,02520000
RPSOMLKLKHMFFHF58CC,安邦段,.00,都市：住,,,,10450000
RPXOMLKLKHMFFHF09CC,福美段,.00,都市：住,,,,02470000
RPQSMLKLKHMFFAF08CC,文化段,6.21,都市：住,,,,11980000
RPQNMLLLKHMFFGF28CC,富貴段,.00,都市：住,,,,00720000
RPROMLLLKHMFFGF48CC,幸福段,.00,都市：住,,,,12720000
RPUOMLLLKHMFFGF78CC,幸福段,.00,都市：工,,,,16350000
RPQNMLLLKHMFFCF87CC,安坑段車子路小段,.00,非都市：山坡地保育區 ; 非都市編定：丙種建築用地,,,,01800043
RPQNMLLLKHMFFCF87CC,安坑段車子路小段,.00,非都市：山坡地保育區 ; 非都市編定：丙種建築用地,,,,01800171
RPPOMLLLKHMFFHF38CC,瓦?段,.00,都市：住,,,,00490000
RPVPMLLLKHMFFEF78CC,馬偕段,15.54,都市：工,,,,01960000
RPXNMLKLKHMFFBF38CC,建國段,3775.73,都市：住,,,,02390006
RPRSMLKLKHMFFBF28CC,新林段,683.63,都市：住,,,,07240000
RPWRMLKLKHMFFBF68CC,建林段,.09,都市：商,,,,03800000
RPWRMLKLKHMFFBF68CC,建林段,11.89,都市：商,,,,03800001
RPQTMLKLKHMFFBF28CC,化成段,725.57,都市：工,,,,07960006
RPPNMLKLKHMFFBF57CC,貴和段,.00,都市：工,,,,13950000
RPTRMLSKKHMFFBF09CC,副都心段一小段,44.50,都市：住,,,,01990000
RPVRMLKLKHMFFBF58CC,建林段,23.60,都市：商,,,,03800000
RPVRMLKLKHMFFBF58CC,建林段,.10,都市：商,,,,03800001
RPPNMLLLKHMFFDF87CC,昊天段,.00,都市：住,,,,11000000
RPPNMLLLKHMFFDF87CC,昊天段,.00,都市：住,,,,11650003
RPPNMLLLKHMFFDF87CC,昊天段,.00,都市：其他:道路用地,,,,11650004
RPRNMLMLKHMFFIF68CC,大學段二小段,31.97,都市：商,,,,00960000
RPPPMLLLKHMFFAF77CC,新板段三小段,.00,都市：其他:(第二種特定專用區),,,,00250000
RPVNMLLLKHMFFDF48CC,新峰段,3.07,都市：住,,,,01190000
RPPNMLMLKHMFFAF77DC,和平段,18.80,都市：住,,,,05400000
RPTNMLLLKHMFFIF78CC,三角埔段,32.70,非都市：山坡地保育區 ; 非都市編定：丙種建築用地,,,,04400005
RPVRMLMLKHMFFBF88DC,光明段,65.19,都市：住,,,,12160000
RPWPMLMLKHMFFBF68CC,國宅段,.00,都市：住,,,,00050009
RPSPMLMLKHMFFBF28CC,中原段,.00,都市：住,,,,00560000
RPTRMLMLKHMFFBF58CC,福興段,.00,都市：住,,,,05310000
RPOOMLMLKHMFFGF28CC,和平段,.00,都市：住,,,,04190000
RPOOMLMLKHMFFGF28CC,和平段,.00,都市：住,,,,04200000
RPOOMLMLKHMFFGF28CC,和平段,.00,都市：住,,,,04240000
RPWOMLLLKHMFFCF58CC,寶橋段,209.02,都市：工,,,,04450000
RPTTMLKLKHMFFBF58CC,和平段,41.76,都市：住,,,,07100000
RPQNMLMLKHMFFBF87CC,光明段,.00,都市：住,,,,04000000
RPOPMLLLKHMFFBF77CC,自立段,.00,都市：住,,,,03300000
RPPPMLLLKHMFFBF87CC,榮富段,.00,都市：住,,,,09060001
RPQOMLMLKHMFFBF97CC,建林段,23.97,都市：商,,,,03800000
RPQOMLMLKHMFFBF97CC,建林段,.10,都市：商,,,,03800001
RPRNMLNLKHMFFHF68CC,連城段,.00,都市：住,,,,01670000
RPSNMLNLKHMFFHF78CC,健康段,.00,都市：工,,,,11020000
RPQOMLNLKHMFFHF68CC,永安段,.00,都市：商,,,,08520000
RPPPMLNLKHMFFGF58CC,光華段,.00,都市：住,,,,00020000
RPSOMLMLKHMFFHF78CC,保生段,9.65,都市：住,,,,04370000
RPVPMLMLKHMFFHF56CC,信義段,.00,都市：住,,,,00910000
RPTPMLMLKHMFFHF98CC,民治段,.00,都市：商,,,,03200000
RPTPMLMLKHMFFHF98CC,民治段,.00,都市：住,,,,03200001
RPQPMLMLKHMFFHF68CC,莊敬段,.00,都市：住,,,,00340000
RPQOMLMLKHMFFHF58CC,圓通段,.00,都市：住,,,,03580000
RPXOMLMLKHMFFHF66CC,大華段,.00,都市：住,,,,08440000
RPOPMLMLKHMFFHF48CC,莊敬段,.00,都市：住,,,,00690000
RPTOMLMLKHMFFHF88CC,正南段,.00,都市：住,,,,03960000
RPVNMLNLKHMFFAF38CC,新雅段,.00,都市：住,,,,01800000
RPPOMLOLKHMFFAF97CC,海山段,.00,都市：住,,,,10860000
RPXNMLOLKHMFFHF76CC,民利段,.00,都市：其他:人行步道,,,,03500001
RPXNMLOLKHMFFHF76CC,民利段,.00,都市：其他:道路用地,,,,03500002
RPXNMLOLKHMFFHF76CC,民利段,.00,都市：住,,,,03500000
RPUPMLOLKHMFFBF68CC,新工段二小段,39.25,非都市：工業區 ; 非都市編定：丁種建築用地,,,,02070000
RPPQMLOLKHMFFBF28CC,力行段,25.56,都市：住,,,,04220000
RPXOMLOLKHMFFBF88CC,芳洲段,.00,都市：住,,,,01490000
RPPOMLOLKHMFFEF38CC,公司田段,17.41,都市：住,,,,01210000
RPQOMLOLKHMFFEF48CC,公司田段,25.74,都市：住,,,,00280000
RPRNMLOLKHMFFCF38DC,中央段,38.83,都市：住,,,,05650000
RPPNMLOLKHMFFAF08EC,中華段,.00,都市：工,,,,06500000
RPQNMLOLKHMFFAF18EC,運校段,.00,都市：工,,,,00810002
RPQNMLNLKHMFFDF18CC,智興段,.00,都市：商,,,,04860000
RPVNMLNLKHMFFDF68CC,北港段北港口小段,26.18,非都市：山坡地保育區 ; 非都市編定：丙種建築用地,,,,00450000
RPPNMLPLKHMFFDF28CC,金龍段,11.60,都市：住,,,,03290000
RPWOMLLJLHMFFDF58CC,工建段,.00,都市：工,,,,03300000
RPXNMLNLKHMFFDF88CC,江北段,17.64,都市：住,,,,08080000
RPVOMLMLKHMFFDF68CC,昊天段,23.75,都市：工,,,,08720000
RPVOMLMLKHMFFDF68CC,同新段,.74,都市：工,,,,00060000
RPQNMLLJLHMFFBF67CC,泰山段一小段,87.00,都市：商,,,,06570018
RPPNMLLJLHMFFBF57CC,菁埔段湖子小段,3361.00,都市：農,,,,02770002
RPPNMLLJLHMFFBF57CC,菁埔段湖子小段,3361.00,都市：農,,,,02770009
RPQOMLLJLHMFFEF08CC,竹圍段,25.38,都市：商,,,,03510000
RPSNMLLJLHMFFEF18CC,海天段,9.22,都市：住,,,,02140002
RPXNMLLJLHMFFEF68CC,海天段,22.60,都市：住,,,,02180000
RPWOMLLJLHMFFEF68CC,鄧公段,40.57,都市：商,,,,04550000
RPPPMLLJLHMFFEF08CC,海天段,.02,都市：住,,,,06420000
RPPPMLLJLHMFFEF08CC,海天段,.00,都市：住,,,,06420003
RPPPMLLJLHMFFEF08CC,海天段,2.62,都市：住,,,,06530000
RPPPMLLJLHMFFEF08CC,海天段,.19,都市：住,,,,06530004
RPPPMLLJLHMFFEF08CC,海天段,.01,都市：住,,,,06530005
RPROMLLJLHMFFCF97CC,寶元段,53.54,都市：工,,,,01090000
RPTOMLLJLHMFFCF18CC,寶橋段,177.84,都市：工,,,,04550000
RPUOMLLJLHMFFCF28CC,寶橋段,.00,都市：工,,,,04510000
RPWNMLLJLHMFFAF28DC,府中段,24.25,都市：住,,,,07470000
RPWNMLLJLHMFFAF28DC,府中段,.75,都市：住,,,,07470001
RPRPMLMJLHMFFDF38DC,厚德段,.00,都市：住,,,,02380000
RPRPMLMJLHMFFDF38DC,厚德段,.00,都市：住,,,,02400000
RPSPMLMJLHMFFDF48DC,厚德段,.00,都市：住,,,,02380000
RPSPMLMJLHMFFDF48DC,厚德段,.00,都市：住,,,,02400000
RPUPMLMJLHMFFDF68DC,厚德段,.00,都市：住,,,,02380000
RPUPMLMJLHMFFDF68DC,厚德段,.00,都市：住,,,,02400000
RPUOMLMJLHMFFCF38CC,復興段,.00,都市：工,,,,05350000
RPOWNLMJLHMFFEF88CC,海天段,34.76,都市：住,,,,01810003
RPPOOLMJLHMFFEF28CC,新興段,.00,都市：住,,,,10780000
RPVNOLMJLHMFFEF78CC,海天段,.00,都市：住,,,,03880000
RPPNMLMJLHMFFDF87CC,同新段,.00,都市：工,,,,00060000
RPPNMLMJLHMFFDF87CC,昊天段,.00,都市：工,,,,08720000
RPSRMLLJLHMFFGF78CC,正義段,.00,都市：商,,,,05040000
RPRRMLLJLHMFFGF68CC,重新段壹小段,.00,都市：商,,,,00560021
RPQNMLMJLHMFFDF97CC,同新段,.00,都市：工,,,,00130000
RPSNMLMJLHMFFDF18CC,同新段,.00,都市：工,,,,00130000
RPTNMLMJLHMFFDF28CC,同新段,.00,都市：工,,,,00130000
RPPOMLMJLHMFFDF97CC,智興段,.00,都市：住,,,,14180001
RPPOMLMJLHMFFDF97CC,智興段,.00,都市：住,,,,14180012
RPOPMLMJLHMFFDF97CC,北港段北港口小段,44.00,非都市：鄉村區 ; 非都市編定：乙種建築用地,,,,02600278
RPQPMLMJLHMFFDF18CC,智興段,.04,都市：住,,,,03590003
RPQPMLMJLHMFFDF18CC,智興段,33.20,都市：住,,,,03590000
RPSOMLMJLHMFFBF08CC,泰山段一小段,.00,都市：商,,,,04510001
RPWPMLLJLHMFFBF48CC,和平段,.00,都市：住,,,,07390000
RPVOMLLJLHMFFBF28CC,思源段,154.10,都市：住,,,,12230000
RPVNMLNJLHMFFDF58CC,福德段,.00,都市：住,,,,05890000
RPTQMLMJLHMFFAF28CC,文化段,2.77,都市：住,,,,11980000
RPPPMLMJLHMFFAF77CC,清水段,19.05,都市：住,,,,05340000
RPOOMLNJLHMFFBF77CC,忠孝段,10.37,都市：住,,,,04520000
RPPOMLNJLHMFFBF87CC,榮富段,31.38,都市：住,,,,00790000
RPQOMLNJLHMFFBF97CC,忠孝段,10.90,都市：住,,,,00660000
RPROMLNJLHMFFBF08CC,昌隆段,29.55,都市：住,,,,05130000
RPSOMLNJLHMFFBF18CC,榮富段,16.46,都市：住,,,,09570000
RPWPMLNJLHMFFEF98CC,馬偕段,8.39,都市：工,,,,01960000
RPTQMLNJLHMFFEF78CC,大義段,.00,都市：住,,,,03270000
RPXNMLNJLHMFFDF78CC,昊天段,23.60,都市：工,,,,08720000
RPXNMLNJLHMFFDF78CC,同新段,.74,都市：工,,,,00060000
RPPOMLNJLHMFFDF08CC,金龍段,4037.83,都市：住,,,,01160000
RPOOMLNJLHMFFDF97CC,昊天段,22.86,都市：工,,,,08720000
RPOOMLNJLHMFFDF97CC,同新段,.71,都市：工,,,,00060000
RPRNMLNJLHMFFDF28DC,厚德段,21.53,都市：住,,,,05570000
RPPNMLOJLHMFFDF08CC,新峰段,.00,都市：住,,,,08860000
RPRNMLQJLHMFFDF48CC,昊天段,33.49,都市：工,,,,10860000
RPUNMLQJLHMFFDF78CC,大同段,.00,都市：住,,,,03280000
RPVNMLQJLHMFFDF88CC,同新段,26.17,都市：工,,,,00130000
RPQQMLQJLHMFFBF48CC,建林段,.00,都市：商,,,,03800000
RPTSMLQJLHMFFBF98CC,自強段,.00,都市：住,,,,06810000
RPSQMLQJLHMFFBF68CC,化成段,1622.44,都市：工,,,,08970009
RPSQMLQJLHMFFBF68CC,化成段,2.74,都市：工,,,,08670008
RPSQMLQJLHMFFBF68CC,化成段,75.17,都市：工,,,,08970013
RPSQMLQJLHMFFBF68CC,化成段,5.06,都市：工,,,,08970015
RPSQMLQJLHMFFBF68CC,化成段,1297.78,都市：工,,,,08970008
RPSQMLQJLHMFFBF68CC,化成段,62.57,都市：工,,,,08970012
RPSNMLQJLHMFFGF88CC,信義段,.00,都市：住,,,,01060000
RPWNMLQJLHMFFFF66DC,?子寮段,.00,非都市：鄉村區 ; 非都市編定：乙種建築用地,,,,01660006
RPTPMLQJLHMFFGF66DC,成功段,.00,都市：商,,,,12170000
RPTPMLQJLHMFFGF66DC,成功段,.00,都市：住,,,,12840000
RPTPMLQJLHMFFGF66DC,成功段,.00,都市：住,,,,12860000
RPOPMLRJLHMFFHF09EC,中原段,39.13,都市：工,,,,05350000
RPXOMLRJLHMFFCF56CC,民權段,.00,都市：住,,,,01520000
RPXOMLOLKHMFFHF86CC,板南段,.00,都市：工,,,,03820000
RPXOMLOLKHMFFHF86CC,板南段,.00,都市：其他:道路用地,,,,03820001
RPUOMLOLKHMFFHF56CC,健康段,10.56,都市：工,,,,02580000
RPUPMLOLKHMFFHF66CC,雙和段,40.20,都市：商,,,,06370000
RPSOMLQJLHMFFHF09CC,長堤段,.00,都市：住,,,,05560000
RPPPMLOLKHMFFHF78CC,板南段,.00,都市：工,,,,03820000
RPPPMLOLKHMFFHF78CC,板南段,.00,都市：其他:道路用地,,,,03820001
RPVNMLNJLHMFFHF98CC,民富段,.00,都市：工,,,,03640000
RPXNMLNJLHMFFHF56CC,民治段,.00,都市：商,,,,08790000
RPSNMLNJLHMFFHF68CC,員山段,.00,都市：住,,,,00760000
RPTNMLNJLHMFFHF78CC,大同段,.00,都市：住,,,,01290000
RPRPMLRJLHMFFBF58CC,建林段,19.41,都市：住,,,,01430000
RPPPMLRJLHMFFBF38CC,建林段,22.84,都市：商,,,,03800000
RPPPMLRJLHMFFBF38CC,建林段,.10,都市：商,,,,03800001
RPSPMLRJLHMFFBF68CC,建林段,31.57,都市：住,,,,08630000
RPRNMLRJLHMFFDF58CC,智興段,.00,都市：住,,,,01040000
RPOOMLRJLHMFFAF08CC,文化段,4.28,都市：住,,,,11980000
RPXNMLSJLHMFFAF98CC,民族段,.00,都市：住,,,,14950000
RPRPMLSJLHMFFAF58CC,江子翠段第二崁小段,29.00,都市：住,,,,02440023
RPVOMLSJLHMFFAF88CC,大安段,29.63,都市：工,,,,06120000
RPVOMLSJLHMFFAF88CC,大安段,.10,都市：工,,,,06120001
RPROMLSJLHMFFHF56CC,灰?段,.00,都市：其他:,,,,03340000
RPQOMLSJLHMFFHF09CC,華中段,26.94,都市：住,,,,00610000
RPWOMLSJLHMFFHF07CC,信義段,.00,都市：商,,,,05040000
RPWOMLSJLHMFFHF07CC,信義段,.00,都市：住,,,,05070000
RPXOMLSJLHMFFHF17CC,南山段,.00,都市：住,,,,06550000
RPUPMLSJLHMFFHF96CC,得和段,.00,都市：住,,,,09300000
RPPNMLSJLHMFFGF78CC,三民段,.00,都市：住,,,,03700000
RPQNMLSJLHMFFGF88CC,集賢段,.00,都市：住,,,,03960000
RPQNMLSJLHMFFGF88CC,集賢段,.00,都市：住,,,,03970000
RPPOMLTJLHMFFGF98CC,安慶段,.00,都市：商,,,,00190000
RPROMLTJLHMFFGF56CC,集賢段,.00,都市：住,,,,04230000
RPPTMLTJLHMFFEF66CC,新市段,16.70,都市：住,,,,00530000
RPXSMLTJLHMFFEF37CC,公司田段,21.00,都市：住,,,,00210000
RPWOMLTJLHMFFAF09CC,江子翠段第二崁小段,33.00,都市：住,,,,01620027
RPWNMLRJLHMFFDF09CC,北山段,7.90,都市：住,,,,04430000
RPTNMLSJLHMFFDF88CC,福德段,5.87,都市：住,,,,05890000
RPXNMLRJLHMFFDF56CC,智興段,6.75,都市：住,,,,01040000
RPUNMLTJLHMFFAF98EC,板院段,.00,都市：住,,,,06270000
RPPOMLKKLHMFFIF38CC,大仁段,27.96,都市：住,,,,07320000
RPOOMLKKLHMFFIF28CC,大學段一小段,13.19,都市：住,,,,01240000
RPUOMLKKLHMFFIF88CC,大學段二小段,5.80,都市：住,,,,00360007
RPUOMLKKLHMFFIF88CC,大學段二小段,.59,都市：住,,,,00360008
RPUOMLKKLHMFFIF88CC,大學段二小段,.45,都市：住,,,,00360011
RPVOMLKKLHMFFIF98CC,大學段一小段,10.07,都市：商,,,,00530000
RPXOMLKKLHMFFAF38CC,大觀段,.00,都市：住,,,,08360000
RPUNMLSJLHMFFHF76CC,四維段,.00,都市：住,,,,00520000
RPUNMLSJLHMFFHF76CC,四維段,.00,都市：住,,,,00530000
RPSQMLRJLHMFFHF76CC,中原段,.00,都市：工,,,,08410000
RPXNMLSJLHMFFHF07CC,保生段,.00,都市：住,,,,00460000
RPRQMLRJLHMFFHF66CC,新和段,.00,都市：住,,,,03250000
RPWNMLRJLHMFFHF86CC,雙和段,.00,都市：商,,,,09110000
RPWNMLRJLHMFFHF86CC,雙和段,.00,都市：住,,,,08980000
RPVNMLKKLHMFFDF38CC,昊天段,23.75,都市：工,,,,08720000
RPVNMLKKLHMFFDF38CC,同新段,.74,都市：工,,,,00060000
RPPOMLKKLHMFFDF87CC,智興段,.00,都市：住,,,,12100000
RPOOMLKKLHMFFDF77CC,新峰段,.00,都市：住,,,,09820000
RPWNMLLKLHMFFBF38CC,龍鳳段,7.07,都市：住,,,,07780000
RPXNMLLKLHMFFBF48CC,榮富段,9.80,都市：住,,,,08820000
RPOOMLLKLHMFFBF67CC,副都心段一小段,10.79,都市：商,,,,00110000
RPQOMLLKLHMFFBF87CC,榮富段,14.08,都市：住,,,,08500000
RPROMLLKLHMFFBF97CC,和平段,9.53,都市：住,,,,00010000
RPPNMLLKLHMFFCF87DC,寶強段,.00,都市：住,,,,00930000
RPPNMLLKLHMFFCF87DC,寶強段,.00,都市：其他:捷運系統用地,,,,00940000
RPUOMLTJLHMFFHF96CC,安平段,.00,都市：住,,,,03440000
RPTOMLLKLHMFFBF18CC,中原段,22.19,都市：住,,,,00050000
RPSOMLLKLHMFFBF08CC,中原段,21.49,都市：住,,,,00560000
RPOPMLNKLHMFFBF97CC,立言段,.00,都市：住,,,,05790000
RPQQMLNKLHMFFBF28CC,麗林段,15.03,都市：商,,,,04070002
RPPNMLNKLHMFFDF08CC,智興段,.00,都市：商,,,,05110000
RPUOMLNKLHMFFHF09CC,中信段,.00,都市：住,,,,09020000
RPSRMLTJLHMFFBF09CC,中泰段,18.22,都市：住,,,,09500000
RPXOMLNKLHMFFHF76CC,保生段,.00,都市：住,,,,02440000
RPQRMLNKLHMFFEF68CC,長興段,.00,都市：住,,,,14070000
RPQRMLNKLHMFFEF68CC,長興段,.00,都市：住,,,,14080000
RPXQMLNKLHMFFBF98CC,陸光段,16.81,都市：住,,,,04490000
RPWQMLKKLHMFFAF48CC,新板段三小段,.00,都市：其他:第二種特定專用區,,,,00250000
RPRPMLOKLHMFFHF98CC,福祥段,.00,都市：住,,,,04010000
RPPNMLNKLHMFFCF08DC,寶強段,.00,都市：其他:捷運系統用地,,,,10680000
RPVNMLLKLHMFFBF28CC,榮富段,21.40,都市：住,,,,09390000
RPUNMLLKLHMFFBF18CC,副都心段一小段,38.16,都市：住,,,,01220000
RPPNMLOKLHMFFDF18CC,智興段,.00,都市：住,,,,06620000
RPVNMLOKLHMFFGF09CC,中興段,.00,都市：工,,,,03920000
RPUNMLOKLHMFFDF68CC,智興段,.00,都市：商,,,,05110000
RPRNMLNKLHMFFGF58CC,興德段,.00,都市：工,,,,05670000
RPRNMLOKLHMFFGF68CC,富貴段,1657.00,都市：住,,,,02360000
RPUNMLOKLHMFFAF38CC,文化段,.00,都市：住,,,,11980000
RPUTMLOKLHMFFBF09CC,中原段,.00,都市：商,,,,01750000
RPWQMLOKLHMFFAF88CC,員仁段,1880.91,都市：工,,,,10610000
RPWPMLOKLHMFFAF78CC,文化段,2.35,都市：住,,,,11980000
RPWTMLOKLHMFFBF66CC,芳洲段,.00,都市：住,,,,01550000
RPQOMLNKLHMFFIF78CC,大學段一小段,49.12,都市：住,,,,00090000
RPXTMLOKLHMFFBF76CC,陸光段,.00,都市：住,,,,04580000
RPOUMLOKLHMFFBF58CC,成功段,.00,都市：住,,,,04720000
RPWOMLKKLHMFFIF09CC,和平段,4.04,都市：住,,,,04880000
RPQUMLOKLHMFFBF78CC,德音段,.00,都市：住,,,,03300000
RPSRMLOKLHMFFBF68CC,泰林段,.00,都市：住,,,,01910000
RPPSMLOKLHMFFBF48CC,五股段,.00,都市：商,,,,10540000
RPORMLNKLHMFFBF18CC,水碓段水碓窠小段,10.47,都市：住,,,,01170000
RPVQMLOKLHMFFBF88CC,榮富段,18.38,都市：住,,,,09060001
RPQNMLOKLHMFFBF08CC,成蘆段,.00,都市：工,,,,02420000
RPOQMLOKLHMFFBF28DC,富國段,22.70,都市：商,,,,02050000
RPTNMLPKLHMFFIF56CC,長泰段,239.57,都市：工,,,,02390000
RPROMLPKLHMFFBF38CC,建林段,19.43,都市：住,,,,08820000
RPRPMLPKLHMFFBF48CC,副都心段一小段,31.01,都市：住,,,,01990000
RPWPMLPKLHMFFGF86CC,興華段,.00,都市：住,,,,12720000
RPWPMLPKLHMFFGF86CC,興華段,.00,都市：其他:道路用地,,,,12720001
RPWPMLPKLHMFFGF86CC,興華段,.00,都市：其他:道路用地,,,,12720004
RPPQMLPKLHMFFGF88CC,光興段,.00,都市：住,,,,09990000
RPPNMLOKLHMFFAF97DC,江子翠段第二崁小段,15.59,都市：住,,,,02190000
RPXNMLPKLHMFFCF98CC,寶元段,.00,都市：工,,,,02820000
RPOOMLPKLHMFFEF38CC,正德段,4.97,都市：住,,,,06320000
RPPPMLPKLHMFFEF58CC,竹圍段,.00,都市：住,,,,06770000
RPQVMLOKLHMFFBF88CC,成功段,.00,都市：住,,,,00700000
RPXQMLPKLHMFFEF86CC,新市段,.00,都市：住,,,,00970000
RPPQMLPKLHMFFEF68CC,海天段,8.04,都市：住,,,,05480000
RPXNMLPKLHMFFBF88CC,麗林段,15.17,都市：商,,,,04070001
RPVUMLOKLHMFFBF66CC,成功段,.00,都市：住,,,,01630000
RPPVMLOKLHMFFBF78CC,泰山段一小段,.00,都市：住,,,,04080002
RPSUMLOKLHMFFBF98CC,芳洲段,.00,都市：住,,,,00070000
RPVNMLPKLHMFFBF68CC,麗林段,.00,都市：其他:(中心商業區),,,,04070001
RPWNMLQKLHMFFEF56CC,仁愛段,10.07,都市：住,,,,00810000
RPTOMLQKLHMFFEF98CC,馬偕段,.00,都市：工,,,,01960000
RPXOMLQKLHMFFEF76CC,馬偕段,.00,都市：工,,,,01960000
RPQNMLQKLHMFFCF38CC,民安段,.00,都市：住,,,,09060000
RPORMLQKLHMFFEF78CC,鄧公段,6.38,都市：住,,,,03090000
RPVOMLQKLHMFFGF76CC,中興段,.00,都市：工,,,,00180000
RPVOMLQKLHMFFBF88CC,麗林段,.00,都市：其他:(中心商業區),,,,04070000
RPWOMLQKLHMFFBF98CC,麗林段,.00,都市：住,,,,06590000
RPQQMLQKLHMFFBF58CC,復興段,45.45,都市：住,,,,03230000
RPWPMLQKLHMFFIF17CC,大學段二小段,13.60,都市：住,,,,01040000
RPPOMLQKLHMFFDF68EC,保長段,3.91,都市：住,,,,09950000
RPQNMLRKLHMFFDF78EC,保長段,6.71,都市：住,,,,09950000
RPVPMLQKLHMFFIF07CC,大仁段,27.11,都市：住,,,,01560000
RPRQMLQKLHMFFBF68CC,昌隆段,29.55,都市：住,,,,05130000
RPOOMLRKLHMFFIF98CC,和平段,33.99,都市：住,,,,00810000
RPOOMLRKLHMFFIF98CC,和平段,.12,都市：住,,,,00860000
RPPOMLRKLHMFFIF09CC,和平段,28.02,都市：住,,,,00810000
RPRNMLRKLHMFFDF88EC,保長段,8.59,都市：住,,,,09950000
RPTNMLRKLHMFFDF09EC,保長段,3.91,都市：住,,,,09950000
RPQOMLRKLHMFFIF66DC,中華段,527.44,都市：工,,,,06570000
RPXOMLRKLHMFFIF27CC,中華段,21.67,都市：住,,,,01400000
RPRPMLRKLHMFFBF68CC,中原段,.00,都市：商,,,,01960000
RPOOMLRKLHMFFBF28CC,新工段一小段,.00,非都市：工業區 ; 非都市編定：丁種建築用地,,,,00410000
RPSPMLRKLHMFFBF78CC,御史段,.00,都市：住,,,,03030000
RPTPMLRKLHMFFBF88CC,芳洲段,.00,都市：住,,,,01680000
RPPOMLRKLHMFFBF38CC,福基段,.00,都市：工,,,,05300000
RPPOMLRKLHMFFBF38CC,福基段,.00,都市：工,,,,05340001
RPXNMLRKLHMFFAF98CC,幸福段,1.26,都市：住,,,,01220000
RPVPMLRKLHMFFBF09CC,國宅段,27.14,都市：住,,,,00120000
RPVNMLQKLHMFFCF88CC,民安段,.00,都市：住,,,,09290000
RPUPMLRKLHMFFBF98CC,中原段,.00,都市：住,,,,01030000
RPXNMLRKLHMFFDF66CC,中正段,.00,都市：住,,,,15600000
RPOOMLRKLHMFFDF48CC,北港段北港口小段,136.00,非都市：鄉村區 ; 非都市編定：乙種建築用地,,,,03550006
RPPOMLRKLHMFFDF58CC,智興段,.00,都市：住,,,,01040000
RPRNMLRKLHMFFCF58CC,福園段,31.88,都市：住,,,,09480000
RPTOMLRKLHMFFCF88CC,寶元段,.00,都市：工,,,,02730000
RPROMLRKLHMFFCF68CC,復興段,.00,都市：工,,,,05350000
RPUNMLRKLHMFFHF76CC,得和段,.00,都市：商,,,,10930000
RPOOMLRKLHMFFHF88CC,景華段,6.04,都市：商,,,,03450000
RPTOMLRKLHMFFHF76CC,健康段,84.77,都市：工,,,,10650000
RPXOMLRKLHMFFHF17CC,東南段,.00,都市：住,,,,06360000
RPPNMLTKLHMFFBF48CC,建林段,15.18,都市：住,,,,03700000
RPQOMLRKLHMFFGF98CC,民義段,.00,都市：住,,,,03170000
RPRPMLRKLHMFFGF56CC,成功段,.00,都市：商,,,,12370000
RPUOMLRKLHMFFGF76CC,中山段,931.76,都市：工,,,,08890000
RPUOMLRKLHMFFGF76CC,中山段,345.10,都市：工,,,,08910000
RPUOMLRKLHMFFGF76CC,中山段,239.78,都市：工,,,,08920000
RPPOMLKLLHMFFBF77CC,國宅段,20.92,都市：住,,,,00410011
RPXPMLKLLHMFFAF58CC,光華段,.00,都市：住,,,,04910000
RPQQMLKLLHMFFAF97CC,沛陂段,.00,都市：住,,,,04360000
RPQQMLKLLHMFFAF97CC,沛陂段,.00,都市：其他:人行步道,,,,04360001
RPXPMLRKLHMFFAF56CC,文化段,8386.00,都市：住,,,,11980000
RPVQMLKLLHMFFAF48CC,大觀段,.00,都市：住,,,,08360000
RPWPMLRKLHMFFAF09CC,文化段,8386.00,都市：住,,,,11980000
RPRPMLRKLHMFFAF58CC,大安段,52.05,都市：工,,,,07450000
RPUQMLKLLHMFFAF38CC,大觀段,.00,都市：住,,,,08360000
RPPOMLKLLHMFFCF87CC,中正段,44.42,都市：其他:第四種住宅區,,,,09810000
RPVQMLKLLHMFFGF09CC,集賢段,.00,都市：住,,,,06370000
RPQNMLRKLHMFFBF48DC,自立段,53.74,都市：商,,,,11010000
RPVOMLKLLHMFFEF68CC,下圭柔山段,128.96,都市：工,,,,03450004
RPPNMLKLLHMFFGF38EC,集美段,.00,都市：住,,,,03260000
RPUNMLLLLHMFFAF38EC,大庭段,49.06,都市：住,,,,13570000
RPPPMLLLLHMFFIF68CC,大學段一小段,11.56,都市：住,,,,01860000
RPRRMLLLLHMFFEF68CC,公司田段,12.72,都市：住,,,,00100000
RPXPMLLLLHMFFEF09CC,大八里坌段蛇子形小段,2927.00,都市：其他:空白,,,,05890000
RPQOMLLLLHMFFHF58CC,民權段,2.07,都市：住,,,,05390000
RPPPMLLLLHMFFHF58CC,新和段,46.90,都市：住,,,,04020000
RPRPMLLLLHMFFHF78CC,雙和段,.00,都市：商,,,,02920000
RPSPMLLLLHMFFHF88CC,保健段,.00,都市：住,,,,00790000
RPRQMLLLLHMFFAF18CC,文化段,2.10,都市：住,,,,11980000
RPQRMLKLLHMFFHF78CC,公園段,.00,都市：住,,,,05410000
RPQRMLKLLHMFFHF78CC,公園段,.00,都市：商,,,,05420000
RPUQMLKLLHMFFHF09CC,福和段,.00,都市：商,,,,14660000
RPRQMLKLLHMFFHF78CC,南山段,.00,都市：住,,,,06550000
RPXPMLKLLHMFFHF66CC,得和段,.00,都市：商,,,,09360000
RPQQMLKLLHMFFHF68CC,保生段,23.37,都市：住,,,,03690000
RPSQMLKLLHMFFHF88CC,南工段,.00,都市：住,,,,05250000
RPURMLLLLHMFFEF98CC,海天段,16.32,都市：住,,,,02140002
RPOPMLLLLHMFFBF87CC,榮富段,.00,都市：住,,,,09060000
RPPSMLLLLHMFFEF58CC,海鷗段,.00,非都市： ; 非都市編定：,,,,01260000
RPURMLLLLHMFFBF68CC,副都心段一小段,30.17,都市：商,,,,04070001
RPTRMLLLLHMFFBF58CC,副都心段一小段,33.50,都市：商,,,,04070001
RPWPMLMLLHMFFBF78CC,芳洲段,.00,都市：住,,,,02580000
RPVPMLMLLHMFFBF68CC,安泰段,136.08,都市：工,,,,06890000
RPOQMLMLLHMFFBF08CC,芳洲段,.00,都市：商,,,,01360000
RPQSMLLLLHMFFBF38CC,光榮段,.00,都市：住,,,,04530000
RPXPMLMLLHMFFBF88CC,芳洲段,.00,都市：住,,,,01700000
RPPSMLLLLHMFFBF28CC,復興段,.00,都市：住,,,,00750000
RPQQMLLLLHMFFBF18CC,中原段,.00,都市：住,,,,00020000
RPSOMLKLLHMFFDF28CC,智興段,25.50,都市：住,,,,03590000
RPSOMLKLLHMFFDF28CC,智興段,.03,都市：其他:,,,,03590003
RPROMLMLLHMFFDF38CC,同新段,7.90,都市：工,,,,00130000
RPPPMLMLLHMFFDF28CC,同新段,11.04,都市：工,,,,00130000
RPOTMLMLLHMFFBF38CC,芳洲段,.00,都市：住,,,,02110000
RPRNMLMLLHMFFHF68CC,中興段,.00,都市：商,,,,10890000
RPTPMLMLLHMFFDF68CC,環河段,40.87,都市：工,,,,08420000
RPSNMLMLLHMFFHF78CC,樂華段,.00,都市：商,,,,05430000
RPOQMLMLLHMFFAF97CC,府中段,20.25,都市：商,,,,01250000
RPWNMLMLLHMFFHF56CC,大智段,.00,都市：住,,,,03360000
RPVOMLMLLHMFFHF56CC,捷運段,7.80,都市：其他:捷運系統用地,,,,00080000
RPXPMLMLLHMFFAF78CC,新板段三小段,4.35,都市：其他:第二種特定專區,,,,00250000
RPQPMLMLLHMFFHF78CC,大新段,.00,都市：住,,,,07070000
RPUOMLMLLHMFFGF98CC,富貴段,.00,都市：住,,,,00300000
RPQQMLMLLHMFFBF28CC,芳洲段,.00,都市：住,,,,00300000
RPXOMLNLLHMFFGF76CC,集美段,.00,都市：住,,,,05390000
RPPOMLNLLHMFFCF18CC,寶橋段,60.92,都市：工,,,,00790000
RPPQMLNLLHMFFEF58CC,馬偕段,.00,都市：工,,,,01960000
RPPOMLMLLHMFFCF08CC,福園段,41.31,都市：住,,,,06660000
RPWRMLNLLHMFFEF76CC,海鷗段,25.96,都市：住,,,,00700000
RPXRMLNLLHMFFEF86CC,海天段,20.71,都市：住,,,,03880000
RPPNMLNLLHMFFHF58CC,連城段,.00,都市：住,,,,02230000
RPXOMLMLLHMFFHF96EC,水源段,119.59,都市：商,,,,01780000
RPPSMLNLLHMFFEF78CC,海天段,4.67,都市：住,,,,01960000
RPRNMLNLLHMFFHF78CC,安邦段,.00,都市：住,,,,09630000
RPUNMLNLLHMFFHF09CC,復興段,.00,都市：住,,,,08120000
RPOSMLNLLHMFFEF68CC,海天段,7.30,都市：住,,,,01900000
RPXQMLMLLHMFFBF98CC,陸光段,.00,都市：住,,,,04810000
RPSQMLMLLHMFFBF48CC,芳洲段,.00,都市：商,,,,01360000
RPRPMLNLLHMFFBF38CC,建林段,54.93,都市：住,,,,01000000
RPSQMLNLLHMFFBF58CC,信華段一小段,.00,都市：住,,,,00240000
RPXRMLOLLHMFFBF66CC,麗林段,.00,都市：商,,,,04070002
RPOOMLNLLHMFFHF58CC,保福段,.00,都市：住,,,,10340000
RPUPMLNLLHMFFHF66CC,板南段,.00,都市：工,,,,03110000
RPXNMLNLLHMFFHF76CC,國光段,.00,都市：商,,,,10000000
RPROMLNLLHMFFHF88CC,安樂段,.00,都市：住,,,,06170000
RPROMLNLLHMFFHF88CC,安樂段,.00,都市：住,,,,06200000
RPWNMLNLLHMFFHF66CC,南山段,.00,都市：住,,,,06550000
RPQOMLNLLHMFFHF78CC,台貿段,.00,都市：住,,,,07080000
RPVOMLNLLHMFFHF66CC,捷運段,.00,都市：其他:,,,,00080000
RPPOMLNLLHMFFHF68CC,南山段,.00,都市：住,,,,04610000
RPSOMLNLLHMFFHF98CC,景華段,.00,都市：住,,,,05820000
RPSOMLNLLHMFFHF98CC,景華段,.00,都市：住,,,,05850000
RPRNMLOLLHMFFIF98CC,介壽段,27.28,都市：住,,,,00020004
RPRNMLOLLHMFFGF98EC,富貴段,.00,都市：住,,,,00910000
RPRNMLQLLHMFFCF58CC,安康段,29.94,都市：農,,,,06760000
RPSNMLQLLHMFFCF68CC,安康段,29.70,都市：農,,,,06760000
RPTNMLOLLHMFFIF56CC,大學段二小段,10.48,都市：商,,,,00960000
RPWNMLRLLHMFFHF07CC,瓦?段,.00,非都市： ; 非都市編定：,,,,01320000
RPSOMLRLLHMFFHF76CC,圓通段,.00,非都市： ; 非都市編定：,,,,05330000
RPSNMLRLLHMFFDF88CC,新峰段,2.42,都市：住,,,,01190000
RPQPMLRLLHMFFBF68CC,力行段,16.52,都市：住,,,,10190000
RPTNMLRLLHMFFDF98CC,水源段,3.51,都市：住,,,,09920000
RPTNMLRLLHMFFDF98CC,水源段,.00,都市：住,,,,09920001
RPUNMLRLLHMFFBF88CC,建林段,21.24,都市：住,,,,02910000
RPWNMLRLLHMFFAF98CC,運校段,10.39,都市：住,,,,06720000
RPQOMLRLLHMFFAF58DC,運校段,55.99,都市：住,,,,00550000
RPWPMLRLLHMFFAF66DC,江子翠段第三崁小段,20.12,都市：住,,,,01060011
RPSPMLRLLHMFFGF86DC,過田段,.00,都市：商,,,,08250000
RPTOMLSLLHMFFAF09EC,忠孝段,108.00,都市：住,,,,02790000
RPTOMLSLLHMFFAF09EC,忠孝段,35.00,都市：其他:部份住宅區部份道路用地,,,,02780000
RPPOMLSLLHMFFDF78CC,大同段,.00,都市：工,,,,05340000
RPPPMLRLLHMFFHF56CC,橋和段,.00,都市：工,,,,00330000
RPQPMLRLLHMFFHF66CC,中原段,.00,都市：工,,,,08190000
RPOPMLSLLHMFFDF78CC,江北段,22.57,都市：住,,,,00970000
RPQOMLSLLHMFFDF88CC,智興段,.00,都市：住,,,,01040000
RPXOMLRLLHMFFEF96CC,海鷗段,1.07,都市：住,,,,11910000
RPSPMLOLLHMFFEF88CC,公司田段,28.79,都市：住,,,,00580000
RPWNMLSLLHMFFBF56CC,國宅段,13.73,都市：住,,,,00160006
RPQRMLSLLHMFFBF98CC,復興段,17.57,都市：住,,,,00330000
RPRRMLSLLHMFFBF09CC,副都心段一小段,19.25,都市：商,,,,00110000
RPTPMLRLLHMFFBF98CC,力行段,35.59,都市：住,,,,10160000
RPSNMLSLLHMFFBF78CC,同興段,.00,都市：商,,,,01490000
RPRNMLSLLHMFFBF68CC,同興段,11.51,都市：商,,,,01570000
RPROMLSLLHMFFHF76CC,板南段,24.34,都市：工,,,,03110000
RPSOMLSLLHMFFHF86CC,健康段,9.34,都市：工,,,,02580000
RPQOMLSLLHMFFHF66CC,板南段,25.33,都市：工,,,,03110000
RPUOMLSLLHMFFEF76CC,海天段,16.59,都市：住,,,,01880000
RPUNMLSLLHMFFEF66CC,海天段,16.94,都市：住,,,,06420000
RPUNMLSLLHMFFEF66CC,海天段,1.27,都市：住,,,,06420003
RPUNMLSLLHMFFEF66CC,海天段,.11,都市：住,,,,06530000
RPUNMLSLLHMFFEF66CC,海天段,.01,都市：住,,,,06530004
RPUNMLSLLHMFFEF66CC,海天段,.00,都市：住,,,,06530005
RPRPMLTLLHMFFGF86CC,正民段,.00,都市：商,,,,00590000
RPQOMLRLLHMFFCF68CC,環河段,8.75,都市：住,,,,04070000
RPQOMLRLLHMFFCF68CC,環河段,.01,都市：其他:,,,,04070001
RPUPMLTLLHMFFGF17CC,興德段,.00,都市：工,,,,03700000
RPTNMLTLLHMFFHF96CC,得林段,.00,都市：住,,,,03860000
RPRQMLTLLHMFFBF09CC,頭興段,1127.89,都市：工,,,,02750000
RPRQMLTLLHMFFBF09CC,頭興段,273.96,都市：工,,,,02760000
RPSSMLTLLHMFFEF07CC,竹圍段,.00,非都市： ; 非都市編定：,,,,04240000
RPSPMLSLLHMFFEF66CC,紅毛城段,.00,非都市： ; 非都市編定：,,,,05330000
RPTSMLSLLHMFFBF76CC,和平段,11.33,都市：住,,,,07300000
RPWSMLSLLHMFFBF07CC,力行段,15.47,都市：住,,,,10250000
RPVOMLTLLHMFFBF66CC,建林段,23.60,都市：商,,,,03800000
RPVOMLTLLHMFFBF66CC,建林段,.10,都市：商,,,,03800001
RPVSMLSLLHMFFBF96CC,光榮段,23.76,都市：住,,,,00610000
RPRSMLSLLHMFFBF56CC,榮富段,19.43,都市：住,,,,08620000
RPPPMLTLLHMFFBF78CC,力行段,20.69,都市：住,,,,09370000
RPSSMLSLLHMFFBF66CC,雙鳳段,.00,都市：住,,,,06950000
RPXOMLKMLHMFFHF76DC,健康段,.00,都市：工,,,,02580000
RPPPMLTLLHMFFEF66EC,龍米段,1.41,都市：住,,,,24310000
RPPPMLTLLHMFFIF86CC,大學段一小段,13.64,都市：住,,,,01510001
RPURMLTLLHMFFBF86CC,復興段,45.45,都市：住,,,,03230000
RPPRMLTLLHMFFBF98CC,中誠段,22.71,都市：住,,,,04360000
RPWQMLTLLHMFFBF96CC,信華段一小段,27.01,都市：住,,,,00260000
RPQRMLTLLHMFFBF09CC,中原段,23.86,都市：住,,,,00050000
RPXQMLTLLHMFFBF07CC,副都心段九小段,54.65,都市：住,,,,00290000
RPSRMLTLLHMFFBF66CC,忠孝段,17.26,都市：住,,,,08380000
RPUQMLTLLHMFFBF76CC,五工段,.00,非都市：工業區 ; 非都市編定：丁種建築用地,,,,05200000
RPSPMLKMLHMFFGF78CC,中興段,.00,都市：工,,,,07930000
RPOOMLKMLHMFFEF08CC,公司田段,15.31,都市：住,,,,00050000
RPVNMLKMLHMFFEF68CC,中正段,1.22,都市：商,,,,00900000
RPVNMLKMLHMFFEF68CC,中正段,2.75,都市：商,,,,00930000
RPVNMLKMLHMFFEF68CC,中正段,2.75,都市：商,,,,00940000
RPVNMLKMLHMFFEF68CC,中正段,11.98,都市：商,,,,00950000
RPOPMLLMLHMFFEF28CC,馬偕段,.00,都市：工,,,,01960000
RPTNMLLMLHMFFCF38CC,安和段,11.06,都市：住,,,,06420000
RPUOMLKMLHMFFEF68CC,鄧公段,7.31,都市：住,,,,04180000
RPROMLLMLHMFFHF78CC,橋和段,.00,都市：工,,,,01730000
RPXPMLLMLHMFFBF88CC,五股段,.00,都市：商,,,,04920000
RPOOMLLMLHMFFBF87CC,建林段,37.47,都市：住,,,,08820000
RPVRMLKMLHMFFBF78CC,中原段,.00,都市：商,,,,01930000
RPUTMLKMLHMFFBF88CC,中誠段,24.40,都市：住,,,,05600000
RPWTMLKMLHMFFBF09CC,光榮段,40.26,都市：工,,,,05280000
RPOTMLKMLHMFFBF28CC,中誠段,24.40,都市：住,,,,05600000
RPXNMLLMLHMFFIF76CC,大學段一小段,18.69,都市：住,,,,00350000
RPXQMLPJMHMFFBF56CC,中誠段,24.40,都市：住,,,,05600000
RPTOMLPJMHMFFDF78CC,昊天段,111.30,都市：工,,,,08720000
RPTOMLPJMHMFFDF78CC,同新段,111.30,都市：工,,,,00060000
RPWQMLPJMHMFFBF09CC,中誠段,24.40,都市：住,,,,05600000
RPTNMLLMLHMFFAF38EC,埔墘段,37.97,都市：住,,,,00430000
RPTQMLPJMHMFFEF66EC,正德段,.00,都市：住,,,,08230000
RPPOMLPJMHMFFHF78CC,信義段,.00,都市：住,,,,05840000
RPWNMLPJMHMFFHF76CC,中安段,.00,都市：住,,,,01770000
RPOOMLPJMHMFFHF68CC,國光段,.00,都市：住,,,,04880000
RPOOMLPJMHMFFHF68CC,國光段,.00,都市：其他:道路用地,,,,04940000
RPRPMLPJMHMFFHF09CC,仁愛段,.00,都市：住,,,,06470000
RPRPMLPJMHMFFHF09CC,仁愛段,.00,都市：住,,,,06480000
RPPNMLQJMHMFFCF28CC,福園段,17.52,都市：住,,,,01380000
RPURMLPJMHMFFEF66CC,仁愛段,3.07,都市：住,,,,00940000
RPUNMLQJMHMFFGF56CC,中原段,.00,都市：住,,,,05080000
RPUTMLPJMHMFFEF86CC,馬偕段,8.51,都市：工,,,,01960000
RPPNMLQJMHMFFHF78CC,瓦?段,.00,都市：住,,,,00490000
RPRNMLQJMHMFFDF58CC,智興段,.00,都市：住,,,,02650000
RPRNMLQJMHMFFDF58CC,智興段,.00,都市：其他:道路用地,,,,02650001
RPRTMLPJMHMFFEF56CC,公司田段,28.40,都市：住,,,,01360000
RPSNMLQJMHMFFDF68CC,智興段,.00,都市：住,,,,02650000
RPSNMLQJMHMFFDF68CC,智興段,.00,都市：其他:,,,,02650001
RPXNMLQJMHMFFDF56CC,昊天段,46.28,都市：工,,,,10860000
RPXOMLQJMHMFFBF09CC,榮富段,16.45,都市：住,,,,09570000
RPOPMLQJMHMFFBF28CC,全安段,125.21,都市：住,,,,07590000
RPUPMLQJMHMFFBF88CC,泰山段一小段,347.00,非都市：特定農業區 ; 非都市編定：農牧用地,,,,02840000
RPQNNLQJMHMFFBF38CC,副都心段一小段,26.90,都市：商,,,,00120000
RPPPMLQJMHMFFBF38CC,榮富段,12.36,都市：住,,,,08530000
RPPOMLQJMHMFFDF68EC,智興段,6686.00,都市：住,,,,01040000
RPUNMLQJMHMFFHF76DC,南山段,19.23,都市：住,,,,07050000
RPSOMLQJMHMFFIF66CC,光武段,8.46,都市：住,,,,00010000
RPROMLQJMHMFFIF56CC,和平段,24.66,都市：住,,,,00810000
RPVNMLLMLHMFFAF38CC,學成段,31.02,都市：住,,,,05970000
RPPOMLLMLHMFFAF87CC,江子翠段第二崁小段,.00,都市：商,,,,01980000
RPWNMLLMLHMFFAF48CC,員福段,19.92,都市：住,,,,03480000
RPWNMLLMLHMFFAF48CC,員福段,1.59,都市：住,,,,03480000
RPQSMLQJMHMFFAF68CC,介壽段,.00,都市：商,,,,08920004
RPQSMLQJMHMFFAF68CC,介壽段,.00,都市：商,,,,08940006
RPRNMLQJMHMFFAF28CC,中山段,.00,都市：住,,,,00450000
RPPOMLPJMHMFFAF08CC,新板段三小段,25.38,都市：住,,,,00150000
RPPSMLKMLHMFFAF18CC,幸福段,14.85,都市：住,,,,01150000
RPQOMLQJMHMFFDF68DC,新峰段,30.75,都市：住,,,,07570000
RPRWMLQJMHMFFBF76DC,思源段,21.55,都市：住,,,,01500000
RPUNMLRJMHMFFAF68CC,幸福段,.00,都市：住,,,,01220000
RPTQMLRJMHMFFBF98CC,國宅段,8.05,都市：住,,,,00010001
RPUQMLRJMHMFFBF09CC,國宅段,19.53,都市：住,,,,00110003
RPUNMLRJMHMFFDF98CC,智興段,7.28,都市：住,,,,01040000
RPXNMLRJMHMFFDF66CC,智興段,6.88,都市：住,,,,01040000
RPROMLRJMHMFFDF78CC,保安段,.00,都市：住,,,,03240000
RPPOMLRJMHMFFAF28CC,文化段,.00,都市：住,,,,11980000
RPVPMLRJMHMFFDF66CC,智興段,.00,都市：住,,,,06620000
RPOQMLRJMHMFFDF68CC,工建段,.00,都市：工,,,,03300000
RPOOMLRJMHMFFHF88CC,橋和段,.00,都市：住,,,,03150000
RPWPMLRJMHMFFDF76CC,智興段,.00,都市：住,,,,06620000
RPQOMLRJMHMFFHF09CC,水源段,.00,都市：住,,,,09600000
RPSOMLRJMHMFFHF66CC,大同段,.00,都市：住,,,,04030000
RPUOMLRJMHMFFHF86CC,華福段,.00,都市：住,,,,00400000
RPTOMLRJMHMFFHF76CC,大同段,.00,都市：住,,,,01290000
RPOPMLRJMHMFFHF98CC,南工段,.00,都市：住,,,,10920000
RPWOMLRJMHMFFHF07CC,仁和段,.00,都市：住,,,,04960000
RPVOMLRJMHMFFAF09EC,介壽段,124.94,都市：商,,,,07600000
RPSPMLRJMHMFFAF88EC,新興段,10.34,都市：商,,,,05960000
RPSNMLRJMHMFFCF68CC,雙城段,54.68,都市：其他:,,,,12780000
RPPPMLRJMHMFFHF09CC,南工段,.00,都市：住,,,,10920000
RPPNMLSJMHMFFHF98CC,公園段,.00,都市：住,,,,05390000
RPRPMLRJMHMFFHF66CC,樂華段,.00,都市：商,,,,00270000
RPQPMLRJMHMFFHF56CC,連城段,.00,都市：住,,,,01670000
RPVPMLRJMHMFFHF07CC,秀山段,.00,都市：住,,,,07130000
RPRNMLSJMHMFFHF56CC,連城段,.00,都市：住,,,,01660000
RPQNMLSJMHMFFHF09CC,安樂段,.00,都市：住,,,,02410000
RPQNMLSJMHMFFHF09CC,安樂段,.00,都市：住,,,,02420000
RPPNMLSJMHMFFAF28CC,金城段,8.88,都市：住,,,,03900000
RPPNMLSJMHMFFDF58CC,水源段,.00,都市：住,,,,00010000
RPPNMLSJMHMFFDF58CC,水源段,.00,都市：其他:保護區,,,,00010001
RPSNMLSJMHMFFAF58CC,海山段,25.60,都市：住,,,,19100000
RPVNMLRJMHMFFBF88CC,麗林段,22.67,都市：商,,,,04070003
RPTOMLRJMHMFFBF78CC,建林段,16.62,都市：商,,,,00490000
RPQOMLRJMHMFFBF48CC,力行段,51.53,都市：住,,,,04330000
RPXNMLRJMHMFFBF09CC,中原段,.00,都市：住,,,,01180000
RPWNMLRJMHMFFBF98CC,建林段,.09,都市：商,,,,03800000
RPWNMLRJMHMFFBF98CC,建林段,16.38,都市：商,,,,03800001
RPROMLSJMHMFFBF68CC,芳洲段,.00,都市：住,,,,01520000
RPVOMLSJMHMFFBF09CC,德音段,.00,都市：住,,,,02770000
RPTOMLSJMHMFFBF88CC,陸光段,.00,都市：住,,,,12390000
RPRPMLKKMHMFFBF08CC,力行段,17.95,都市：住,,,,10190000
RPVNMLKKMHMFFBF28CC,中原段,15.87,都市：商,,,,01710000
RPPQMLKKMHMFFBF97CC,光榮段,357.27,都市：工,,,,02560000
RPRNMLKKMHMFFBF87CC,國宅段,21.79,都市：住,,,,00180010
RPOPMLKKMHMFFBF77CC,建林段,19.41,都市：住,,,,01430000
RPVPMLKKMHMFFBF48CC,麗林段,29.82,都市：住,,,,01920000
RPTOMLKKMHMFFDF38CC,智興段,.00,都市：商,,,,05000000
RPOQMLKKMHMFFAF77CC,文化段,2.18,都市：住,,,,11980000
RPVQMLKKMHMFFDF78CC,智興段,.00,都市：商,,,,05110000
RPQRMLKKMHMFFDF38CC,同新段,17.45,都市：工,,,,00130000
RPXPMLKKMHMFFEF98CC,水仙段,3.90,都市：住,,,,00670000
RPWQMLKKMHMFFDF88CC,同新段,25.54,都市：工,,,,00130000
RPTQMLKKMHMFFEF68CC,淡海段,14.80,都市：住,,,,00530000
RPSPMLKKMHMFFAF28EC,新板段三小段,304.66,都市：其他:第二種特定專用區,,,,00180001
RPQOMLKKMHMFFDF18DC,厚德段,.00,都市：住,,,,02920000
RPXOMLKKMHMFFDF88DC,厚德段,.00,都市：住,,,,02920000
RPQNMLKKMHMFFIF48CC,十三添段十三添小段,149.00,非都市：一般農業區 ; 非都市編定：農牧用地,,,,01060014
RPQNMLKKMHMFFIF48CC,十三添段十三添小段,137.00,非都市：一般農業區 ; 非都市編定：農牧用地,,,,01060015
RPQNMLKKMHMFFIF48CC,十三添段十三添小段,126.00,非都市：一般農業區 ; 非都市編定：農牧用地,,,,01060016
RPQNMLKKMHMFFIF48CC,十三添段十三添小段,15.00,非都市：一般農業區 ; 非都市編定：交通用地,,,,01060031
RPQNMLKKMHMFFIF48CC,十三添段十三添小段,15.00,非都市：一般農業區 ; 非都市編定：交通用地,,,,01060032
RPQNMLKKMHMFFIF48CC,十三添段十三添小段,15.00,非都市：一般農業區 ; 非都市編定：交通用地,,,,01060033
RPTROLLKMHMFFAF88EC,大安段,9.83,都市：其他:道路用地,,,,03800000
RPTROLLKMHMFFAF88EC,大安段,82.76,都市：工,,,,03810000
RPPNMLLKMHMFFCF08EC,民安段,18.55,都市：住,,,,03530000
RPWOMLKKMHMFFDF78DC,厚德段,.00,都市：住,,,,02920000
RPPOMLLKMHMFFEF18CC,中正段,4.64,都市：商,,,,05490000
RPWNMLLKMHMFFEF78CC,公司田段,12.16,都市：住,,,,01880000
RPRPMLLKMHMFFEF48CC,公司田段,17.78,都市：住,,,,00070000
RPOQMLLKMHMFFEF28CC,馬偕段,7.15,都市：工,,,,01960000
RPRQMLLKMHMFFEF58CC,海天段,.02,都市：住,,,,06420000
RPRQMLLKMHMFFEF58CC,海天段,.00,都市：住,,,,06420003
RPRQMLLKMHMFFEF58CC,海天段,2.62,都市：住,,,,06530000
RPRQMLLKMHMFFEF58CC,海天段,.19,都市：住,,,,06530004
RPRQMLLKMHMFFEF58CC,海天段,.01,都市：住,,,,06530005
RPTOMLLKMHMFFHF88CC,大新段,.00,都市：商,,,,00300000
RPUSMLLKMHMFFEF09CC,公司田段,10.95,都市：住,,,,00880001
RPWPNLLKMHMFFAF68CC,運校段,46.13,都市：工,,,,04530000
RPWPNLLKMHMFFAF68CC,運校段,685.49,都市：工,,,,04540000
RPSNMLLKMHMFFDF28CC,智興段,6.61,都市：住,,,,01040000
RPRNMLLKMHMFFDF18CC,大同段,.00,都市：住,,,,03790000
RPRNMLLKMHMFFDF18CC,大同段,.00,都市：住,,,,03800000
RPUNMLLKMHMFFDF48CC,厚德段,.00,都市：住,,,,02690000
RPUNMLLKMHMFFDF48CC,厚德段,.00,都市：住,,,,02720000
RPOOMLMKMHMFFAF77CC,文化段,.00,都市：商,,,,11980000
RPRPMLMKMHMFFAF18CC,新板段三小段,7.48,都市：其他:,,,,00250000
RPQTOLLKMHMFFAF58CC,大安段,53.42,都市：工,,,,07450000
RPUPMLMKMHMFFAF48CC,頂新段,19.60,都市：住,,,,02490000
RPSQMLMKMHMFFAF38CC,學成段,.00,都市：住,,,,02890000
RPROMLMKMHMFFDF38CC,同新段,17.45,都市：工,,,,00130000
RPTOMLMKMHMFFHF98CC,中原段,.00,都市：工,,,,07210000
RPXOMLMKMHMFFHF76CC,福和段,.00,都市：住,,,,10250000
RPXOMLMKMHMFFEF09CC,新市段,21.45,都市：住,,,,01210000
RPQOMLMKMHMFFEF38CC,海天段,.02,都市：住,,,,06420000
RPUNMLMKMHMFFIF09CC,大學段二小段,17.18,都市：住,,,,01030000
RPQOMLMKMHMFFEF38CC,海天段,.00,都市：住,,,,06420003
RPQOMLMKMHMFFEF38CC,海天段,2.62,都市：住,,,,06530000
RPQOMLMKMHMFFEF38CC,海天段,.19,都市：住,,,,06530004
RPQOMLMKMHMFFEF38CC,海天段,.01,都市：住,,,,06530005
RPWNMLMKMHMFFIF66CC,大學段一小段,11.64,都市：住,,,,01860000
RPOOMLMKMHMFFIF58CC,大學段二小段,17.50,都市：住,,,,01040000
RPXNMLMKMHMFFIF76CC,大學段二小段,10.70,都市：商,,,,00900000
RPQOMLMKMHMFFIF78CC,大學段二小段,10.22,都市：商,,,,00900000
RPPOMLMKMHMFFIF68CC,大學段一小段,27.19,都市：住,,,,00360000
RPRNMLMKMHMFFAF08DC,埔墘段,60.00,都市：住,,,,02100007
RPWOMLMKMHMFFIF76CC,三福段,48.83,都市：住,,,,04300000
RPSPMLMKMHMFFIF09CC,備內段,.00,都市：住,,,,04990000
RPXNMLNKMHMFFCF88CC,寶興段,.00,都市：工,,,,02360000
RPQOMLNKMHMFFHF78CC,景平段,17.15,都市：住,,,,00230000
RPQOMLNKMHMFFHF78CC,景新段,.00,都市：住,,,,00250001
RPQOMLNKMHMFFHF78CC,景新段,.22,都市：住,,,,00260000
RPWOMLNKMHMFFHF76CC,福祥段,.00,都市：住,,,,02460000
RPPQMLNKMHMFFAF18CC,江子翠段第二崁小段,.00,都市：商,,,,02010003
RPVPMLNKMHMFFAF68CC,文化段,.00,都市：住,,,,26690000
RPVOMLOKMHMFFAF68CC,大安段,.00,都市：工,,,,05910000
RPUNMLOKMHMFFAF48CC,民權段,.00,都市：住,,,,03030000
RPSNMLOKMHMFFAF28CC,大庭段,.00,都市：住,,,,23950000
RPURMLOKMHMFFAF88CC,光仁段,.00,都市：工,,,,05010000
RPPRMLOKMHMFFAF38CC,文化段,42.15,都市：住,,,,09470000
RPRNMLOKMHMFFDF48CC,崇德段,.00,都市：住,,,,08920000
RPQNMLOKMHMFFHF78CC,板南段,.00,都市：工,,,,03820000
RPQNMLOKMHMFFHF78CC,板南段,.00,都市：其他:道路用地,,,,03820001
RPRNMLOKMHMFFHF88CC,健康段,.00,都市：工,,,,11590000
RPTNMLOKMHMFFHF09CC,公園段,.00,都市：其他:,,,,01750000
RPUNMLOKMHMFFHF56CC,盛昌段,.00,都市：住,,,,01530000
RPOPMLOKMHMFFBF18CC,芳洲段,15.10,都市：住,,,,01700000
RPWOMLMKMHMFFBF68CC,五工段,233.00,非都市：工業區 ; 非都市編定：丁種建築用地,,,,05530001
RPQOMLMKMHMFFBF08CC,成福段,51.53,都市：商,,,,03870000
RPPPMLOKMHMFFBF28CC,泰林段,.00,都市：商,,,,01230000
RPORMLKKMHMFFBF97CC,榮富段,9.82,都市：住,,,,08820001
RPPRMLKKMHMFFBF08CC,全安段,125.21,都市：住,,,,07590000
RPSRMLKKMHMFFBF38CC,復興段,86.99,都市：住,,,,00060000
RPQRMLKKMHMFFBF18CC,榮富段,13.64,都市：住,,,,08500001
RPRRMLKKMHMFFBF28CC,和平段,153.77,都市：住,,,,00430000
RPWNMLOKMHMFFHF76CC,盛昌段,.00,都市：住,,,,01530000
RPOOMLOKMHMFFHF68CC,圓通段,.00,都市：住,,,,03730000
RPPOMLOKMHMFFHF78CC,橋和段,.00,都市：住,,,,00080001
RPVNMLOKMHMFFHF66CC,新和段,.00,都市：住,,,,08550000
RPQQMLOKMHMFFHF09CC,中原段,.00,都市：工,,,,05230000
RPQOMLOKMHMFFHF88CC,民樂段,.00,都市：住,,,,06620000
RPSOMLOKMHMFFHF09CC,信義段,.00,都市：商,,,,05040000
RPTQMLOKMHMFFHF76CC,中原段,.00,都市：工,,,,05230000
RPUOMLOKMHMFFHF66CC,南山段,.00,都市：其他:,,,,08540000
RPSOMLOKMHMFFDF88EC,建成段,6.86,都市：住,,,,03270000
RPPNMLPKMHMFFHF78CC,大同段,.00,都市：住,,,,06720000
RPROMLOKMHMFFHF98CC,圓通段,.00,都市：住,,,,07070000
RPQNMLPKMHMFFHF88CC,新和段,.00,都市：住,,,,06980000
RPPNMLPKMHMFFEF48CC,淡海段,46.42,都市：住,,,,01060000
RPPNMLOKMHMFFCF28DC,文山段,106.43,都市：商,,,,02850000
RPPNMLOKMHMFFCF28DC,文山段,45.55,都市：商,,,,02870000
RPPNMLQKMHMFFHF98DC,健康段,117.76,都市：工,,,,01830000
RPQNMLPKMHMFFEF58CC,淡海段,14.28,都市：住,,,,00530000
RPQNMLQKMHMFFHF09DC,健康段,136.42,都市：工,,,,01830000
RPPNMLPKMHMFFDF38CC,智興段,.00,都市：商,,,,04410000
RPVOMLRKMHMFFHF17DC,三民段,33.37,都市：住,,,,04550000
RPTNMLPKMHMFFEF88CC,海鷗段,9.63,都市：商,,,,10310000
RPXNMLRKMHMFFAF09CC,文化段,2.18,都市：住,,,,11980000
RPOSMLRKMHMFFBF78CC,芳洲段,.00,都市：住,,,,01700000
RPOPMLRKMHMFFAF38CC,光仁段,53.00,都市：住,,,,23160000
RPVQMLRKMHMFFEF96CC,海鷗段,2.54,都市：住,,,,11910000
RPQSMLRKMHMFFAF88CC,江子翠段第二崁小段,.00,都市：住,,,,02310000
RPPSMLRKMHMFFBF88CC,芳洲段,.00,都市：住,,,,02580000
RPTRMLRKMHMFFEF86CC,鄧公段,.00,都市：住,,,,02430000
RPVOMLSKMHMFFHF17CC,健康段,348.36,都市：其他:乙工,,,,07810000
RPOPMLRKMHMFFHF09CC,永福段,33.17,都市：住,,,,00930000
RPPPMLRKMHMFFAF48CC,大觀段,.00,都市：住,,,,08360000
RPURMLRKMHMFFEF96CC,鄧公段,.00,都市：住,,,,02430000
RPTPMLSKMHMFFHF07CC,南工段,.00,都市：住,,,,00890000
RPRNMLSKMHMFFDF88CC,智興段,.00,都市：住,,,,02460000
RPUOMLSKMHMFFDF66CC,智興段,.00,都市：商,,,,05000000
RPXNMLSKMHMFFIF37CC,和平段,25.69,都市：住,,,,07730000
RPWOMLSKMHMFFCF76CC,建國段,54.68,都市：住,,,,02530000
RPPQMLTKMHMFFIF96CC,大學段二小段,153.62,都市：住,,,,00790000
RPWPMLSKMHMFFBF76CC,麗林段,35.37,都市：住,,,,01680000
RPXQMLTKMHMFFIF77CC,民生段,19.32,都市：住,,,,05220000
RPQPMLSKMHMFFBF78CC,中原段,.00,都市：住,,,,00560000
RPOOMLSKMHMFFIF56CC,大學段一小段,5.34,都市：住,,,,00910000
RPWOMLSKMHMFFIF37CC,山佳段,.00,都市：商,,,,05970000
RPROMLTKMHMFFDF66EC,工建段,23.54,都市：工,,,,06730000
RPORMLTKMHMFFIF96CC,大學段一小段,5.88,都市：住,,,,01840000
RPWOMLTKMHMFFAF66CC,新興段,7.86,都市：商,,,,05380000
RPOPMLTKMHMFFBF88EC,國宅段,.00,都市：住,,,,00010000
RPPQMLTKMHMFFAF78CC,新板段二小段,15.57,都市：其他:第二種特定專用區,,,,00040000
RPTOMLTKMHMFFDF86EC,保長段,8.59,都市：住,,,,09950000
RPSOMLTKMHMFFDF76EC,保長段,7.56,都市：住,,,,09950000
RPOOMLTKMHMFFBF58CC,榮富段,.00,都市：住,,,,03840000
RPRNMLTKMHMFFBF78CC,中原段,31.43,都市：住,,,,01800000
RPPOMLTKMHMFFEF98CC,海天段,.00,都市：其他:(商業區.廣場用地),,,,02250000
RPWPMLTKMHMFFAF76CC,板院段,.00,都市：住,,,,02580000
RPQQMLTKMHMFFAF88CC,新板段三小段,10.47,都市：其他:第二種特定專用區,,,,00380000
RPSQMLTKMHMFFEF86CC,鄧公段,.00,都市：住,,,,02130000
RPSNMLTKMHMFFHF86CC,南山段,.00,都市：其他:,,,,08540000
RPPOMLTKMHMFFHF66CC,大仁段,.00,都市：住,,,,00790000
RPROMLTKMHMFFHF86CC,健康段,.00,都市：工,,,,11590000
RPXNMLTKMHMFFHF37CC,雙和段,.00,都市：住,,,,08330000
RPQOMLTKMHMFFHF76CC,大華段,.00,都市：住,,,,05200000
RPTOMLTKMHMFFHF07CC,捷運段,.00,都市：其他:,,,,00080000
RPXPMLTKMHMFFHF57CC,竹林段,68.00,都市：住,,,,02470000
RPXOMLTKMHMFFHF47CC,三民段,.00,都市：住,,,,01820000
RPUOMLTKMHMFFHF17CC,永利段,.00,都市：商,,,,08150000
RPUOMLKLMHMFFHF98CC,健康段,311.29,都市：工,,,,10020000
RPVOMLTKMHMFFHF27CC,保健段,.00,都市：住,,,,01050000
RPTOMLKLMHMFFCF38CC,中華段,.00,都市：其他:捷運系統用地,,,,07500000
RPTOMLKLMHMFFCF38CC,中正段,.00,都市：其他:捷運系統用地,,,,01650000
RPTOMLKLMHMFFCF38CC,中正段,.00,都市：住,,,,01650001
RPSOMLKLMHMFFGF68CC,興德段,.00,都市：工,,,,02360000
RPSOMLKLMHMFFGF68CC,興德段,.00,都市：工,,,,02370000
RPURMLKLMHMFFBF68CC,陸光段,.00,都市：住,,,,04580000
RPWOMLKLMHMFFBF58CC,德音段,.00,都市：住,,,,06330000
RPWOMLKLMHMFFBF58CC,德音段,.00,都市：住,,,,06360000
RPWOMLKLMHMFFBF58CC,德音段,.00,都市：住,,,,06460000
RPPOMLKLMHMFFBF87CC,中原段,16.20,都市：商,,,,01750000
RPQOMLKLMHMFFBF97CC,榮富段,34.19,都市：住,,,,07520000
RPRQMLKLMHMFFAF18CC,新板段三小段,12.94,都市：其他:第二種特定專用區,,,,00380000
RPWNMLKLMHMFFDF68CC,智興段,.00,都市：住,,,,01040000
RPSQMLKLMHMFFAF28CC,城林段,123.66,都市：工,,,,05950000
RPTOMLKLMHMFFDF68EC,保長段,12.70,都市：住,,,,09950000
RPVNMLKLMHMFFDF78EC,保長段,3.91,都市：住,,,,09950000
RPSOMLKLMHMFFDF58EC,保長段,6.64,都市：住,,,,09950000
RPUOMLKLMHMFFDF78EC,保長段,3.91,都市：住,,,,09950000
RPPNMLKLMHMFFAF87EC,文化段,29.00,都市：住,,,,18320000
RPTNMLKLMHMFFAF18DC,瑞興段,23.33,都市：住,,,,07660000
RPUNMLKLMHMFFFF68CC,?子寮段,.00,非都市：鄉村區 ; 非都市編定：乙種建築用地,,,,01650000
RPSPMLLLMHMFFBF58EC,副都心段一小段,.00,都市：商,,,,04020000
RPTNMLLLMHMFFDF68EC,保長段,5.38,都市：住,,,,10540000
RPVOMLKLMHMFFDF88EC,保長段,4.00,都市：住,,,,09950000
RPSOMLLLMHMFFAF18CC,金城段,11.21,都市：住,,,,03910000
RPROMLLLMHMFFAF08CC,江子翠段第二崁小段,69.81,都市：住,,,,01820000
RPPPMLRKMHMFFHF76EC,文化段,.00,都市：住,,,,00860000
RPPNMLLLMHMFFHF48CC,南山段,.00,都市：其他:,,,,08540000
RPUOMLLLMHMFFHF09CC,連城段,17.48,都市：住,,,,06270000
RPOOMLLLMHMFFHF48CC,信義段,.00,都市：商,,,,02500000
RPVOMLLLMHMFFHF56CC,頂溪段,12.73,都市：住,,,,08010000
RPWOMLLLMHMFFHF66CC,復興段,12.71,都市：住,,,,02480000
RPXOMLLLMHMFFHF76CC,盛昌段,.00,都市：住,,,,01530000
RPVOMLLLMHMFFIF66CC,中華段,24.09,都市：住,,,,01400000
RPPRMLTKMHMFFIF07CC,安溪段,26.04,都市：住,,,,09150000
RPPRMLTKMHMFFIF07CC,安溪段,.35,都市：其他:人行步道,,,,09150001
RPRNMLNLMHMFFAF18CC,金城段,12.69,都市：住,,,,03380000
RPSNMLMLMHMFFAF18CC,大豐段,.00,都市：住,,,,00010000
RPTNMLKLMHMFFBF28DC,中誠段,10.29,都市：住,,,,00700000
RPTNMLKLMHMFFBF28DC,中誠段,15.82,都市：住,,,,00680000
RPXRMLKLMHMFFBF98CC,和平段,.00,都市：住,,,,00010000
RPPOMLMLMHMFFBF08CC,成功段,.00,都市：住,,,,01630000
RPUPMLOLMHMFFEF56CC,海天段,14.52,都市：住,,,,06420000
RPUPMLOLMHMFFEF56CC,海天段,1.09,都市：住,,,,06420003
RPUPMLOLMHMFFEF56CC,海天段,.09,都市：住,,,,06530000
RPUPMLOLMHMFFEF56CC,海天段,.01,都市：住,,,,06530004
RPUPMLOLMHMFFEF56CC,海天段,.00,都市：住,,,,06530005
RPUOMLOLMHMFFAF68CC,新雅段,.00,都市：住,,,,10190000
RPOPMLOLMHMFFHF88CC,中和段,.00,都市：住,,,,04120000
RPXPMLOLMHMFFAF09CC,埔墘段,11.29,都市：住,,,,00160012
RPTOMLOLMHMFFAF78EC,江子翠段第三崁小段,23.00,都市：住,,,,01080009
RPVNMLOLMHMFFDF98CC,智興段,.00,都市：商,,,,04710000
RPVNMLOLMHMFFDF98CC,智興段,.00,都市：住,,,,04760000
RPPOMLOLMHMFFCF58EC,寶元段,.00,都市：工,,,,01740000
RPWNMLOLMHMFFIF96CC,樹德段,.00,都市：住,,,,14530000
RPTPMLOLMHMFFBF88DC,輔大段,369.00,都市：住,,,,00040000
RPQOMLOLMHMFFEF68CC,新市段,.00,都市：住,,,,00120000
RPRNMLNLMHMFFEF58CC,新市段,13.30,都市：住,,,,00810000
RPRNMLMLMHMFFEF48CC,公司田段,17.55,都市：住,,,,01920000
RPRPMLKLMHMFFEF48CC,關渡段,36.50,都市：住,,,,01730000
RPTQMLKLMHMFFEF78CC,學府段,.00,非都市： ; 非都市編定：,,,,09450000
RPQNMLNLMHMFFEF48CC,淡海段,18.41,都市：住,,,,01590000
RPPNMLNLMHMFFEF38CC,公司田段,24.33,都市：住,,,,00200000
RPTQMLTKMHMFFEF96CC,馬偕段,9.53,都市：工,,,,01960000
RPPOMLPLMHMFFIF09CC,安溪段,11.23,都市：商,,,,02470000
RPXNMLPLMHMFFDF66CC,水源段,3.12,都市：住,,,,09920000
RPXNMLPLMHMFFDF66CC,水源段,.00,都市：住,,,,09920001
RPOPMLPLMHMFFAF28CC,府中段,.00,都市：住,,,,05510000
RPQOMLPLMHMFFAF58EC,新板段三小段,.00,都市：其他:第二種特定專用區,,,,00080000
RPVOMLPLMHMFFHF96CC,中原段,.00,都市：工,,,,07210000
RPTPMLPLMHMFFEF56CC,竹圍段,.00,非都市： ; 非都市編定：,,,,07780000
RPSNMLQLMHMFFHF66CC,瓦?段,.00,都市：住,,,,00490000
RPXOMLQLMHMFFCF76CC,民權段,.00,都市：住,,,,00230000
RPTNMLQLMHMFFHF76CC,瓦?段,.00,都市：住,,,,00490000
RPUNMLQLMHMFFHF86CC,大仁段,.00,都市：住,,,,06570000
RPXRMLPLMHMFFBF96DC,光榮段,21.96,都市：住,,,,00540000
RPPQMLPLMHMFFBF68DC,麗林段,11.03,都市：商,,,,04070002
RPXOMLQLMHMFFAF56CC,沛陂段,214.80,都市：工,,,,00530000
RPPPMLQLMHMFFAF48CC,沛陂段,214.80,都市：工,,,,00530000
RPRROLPLMHMFFBF09CC,芳洲段,.00,都市：住,,,,01700000
RPXOOLPLMHMFFBF76CC,芳洲段,.00,都市：住,,,,01700000
RPPPMLQLMHMFFBF58CC,國宅段,20.20,都市：住,,,,00090001
RPQROLPLMHMFFBF98CC,御史段,.00,都市：住,,,,02540000
RPQROLPLMHMFFBF98CC,御史段,.00,都市：住,,,,02550000
RPPPOLPLMHMFFBF68CC,芳洲段,.00,都市：住,,,,01550000
RPPOMLQLMHMFFIF56CC,大學段二小段,32.12,都市：商,,,,00900000
RPUNMLQLMHMFFBF98DC,建林段,.00,都市：商,,,,03800000
RPTOMLQLMHMFFBF09EC,國宅段,32.33,都市：住,,,,00010000
RPQPMLRLMHMFFIF86CC,佳園段,37.26,都市：住,,,,05970000
RPSPMLRLMHMFFAF88CC,員仁段,204.07,都市：工,,,,00270000
RPXRMLQLMHMFFBF96CC,光華段,.00,都市：住,,,,01420000
RPTPMLRLMHMFFAF98CC,新雅段,.00,都市：住,,,,04160000
RPROMLRLMHMFFAF68CC,文化段,.00,都市：住,,,,11980000
RPRNMLRLMHMFFHF66CC,圓通段,.00,都市：住,,,,01790000
RPUNMLRLMHMFFHF96CC,秀山段,.00,都市：住,,,,05970000
RPTNMLRLMHMFFHF86CC,華中段,26.89,都市：住,,,,00610000
RPVNMLRLMHMFFHF07CC,安邦段,.00,都市：住,,,,09630000
RPQNMLRLMHMFFEF88CC,海鷗段,3.58,都市：住,,,,11910000
RPXNMLRLMHMFFHF27CC,中和段,.00,都市：住,,,,02160000
RPWOMLRLMHMFFHF27CC,健康段,110.03,都市：工,,,,11590000
RPVOMLRLMHMFFHF17CC,莊敬段,25.70,都市：住,,,,01660000
RPRPMLRLMHMFFEF56CC,仁愛段,2.24,都市：商,,,,00940000
RPXNMLSLMHMFFCF86CC,安坑段車子路小段,60.55,非都市：山坡地保育區 ; 非都市編定：丙種建築用地,,,,01800088
RPTNMLSLMHMFFHF96CC,南山段,.00,都市：其他:(部分住宅區部分捷運系統用地),,,,08540000
RPOQMLSLMHMFFHF76CC,中原段,.00,都市：工,,,,05350000
RPQRMLSLMHMFFBF09CC,行政段,.00,都市：住,,,,06930000
RPQRMLSLMHMFFBF09CC,佳林段,.00,都市：住,,,,07340000
RPWSMLSLMHMFFBF17CC,力行段,8.83,都市：商,,,,00930000
RPQSMLSLMHMFFBF56CC,光明段,21.49,都市：住,,,,06100000
RPPNMLTLMHMFFEF98CC,中正段,34.35,都市：商,,,,04250000
RPQNMLTLMHMFFEF09CC,中正段,18.44,都市：商,,,,01440000
RPQPMLQLMHMFFBF68CC,力行段,9.65,都市：商,,,,00930000
RPRPMLQLMHMFFBF78CC,力行段,17.39,都市：住,,,,00520000
RPQOMLPLMHMFFDF68CC,昊天段,.06,都市：住,,,,11650003
RPQOMLPLMHMFFDF68CC,昊天段,13.75,都市：住,,,,11000000
RPQNMLSLMHMFFDF88CC,智興段,.00,都市：商,,,,04710000
RPQOMLRLMHMFFDF88CC,同新段,.00,都市：工,,,,00130000
RPQNMLSLMHMFFDF88CC,智興段,.00,都市：住,,,,04760000
RPQNMLQLMHMFFDF68CC,同新段,.00,都市：工,,,,00130000
RPPNMLQLMHMFFDF58CC,崇德段,.00,都市：住,,,,14800000
