﻿編號,土地位置,土地移轉面積(平方公尺),使用分區或編定,權利人持分分母,權利人持分分子,移轉情形,地號
The serial number, land position,land shifting area square meter,the use zoning or compiles and checks,,,,land parcel
RPWNMLMJKHMFFBF18CB,丹鳳段,11.68,都市：住,100000,191,持分移轉,04460000
RPQNMLMJKHMFFBF57CB,丹鳳段,11.68,都市：住,100000,191,持分移轉,04460000
RPQOMLMJKHMFFBF67CB,丹鳳段,11.68,都市：住,100000,191,持分移轉,04460000
RPXNMLMJKHMFFBF28CB,丹鳳段,11.68,都市：住,100000,191,持分移轉,04460000
RPPNMLMJKHMFFBF47CB,丹鳳段,10.46,都市：住,100000,171,持分移轉,04460000
RPRNMLMJKHMFFBF67CB,丹鳳段,8.01,都市：住,100000,131,持分移轉,04460000
RPVNMLMJKHMFFBF08CB,丹鳳段,11.68,都市：住,100000,191,持分移轉,04460000
RPUNMLMJKHMFFBF97CB,丹鳳段,11.68,都市：住,100000,191,持分移轉,04460000
RPWOMLMJKHMFFIF98CB,中園段,29.58,都市：住,10000,205,持分移轉,00330000
RPOPMLMJKHMFFIF28CB,中園段,29.30,都市：住,10000,203,持分移轉,00330000
RPSNMLSJKHMFFIF09CB,中園段,55.99,都市：住,10000,388,持分移轉,00330000
RPTNMLRKKHMFFBF48CB,光明段,24.31,都市：住,100000,1196,持分移轉,10100000
RPROMLTJKHMFFBF48CB,丹鳳段,18.65,都市：住,100000,305,持分移轉,04460000
RPTOMLTJKHMFFBF68CB,丹鳳段,18.71,都市：住,100000,306,持分移轉,04460000
RPPNMLRJKHMFFBF97CB,力行段,29.71,都市：住,10000,142,持分移轉,05440000
RPXNMLTJKHMFFBF98CB,丹鳳段,18.53,都市：住,100000,303,持分移轉,04460000
RPPOMLTJKHMFFBF28CB,丹鳳段,11.68,都市：住,100000,191,持分移轉,04460000
RPXOMLTJKHMFFBF09CB,丹鳳段,16.15,都市：住,100000,264,持分移轉,04460000
RPSNMLRJKHMFFBF28CB,力行段,29.71,都市：住,10000,142,持分移轉,05440000
RPRNMLRJKHMFFBF18CB,力行段,24.90,都市：住,10000,119,持分移轉,05440000
RPWOMLTJKHMFFBF98CB,丹鳳段,11.68,都市：住,100000,191,持分移轉,04460000
RPWNMLRKKHMFFBF78CB,光明段,13.58,都市：住,100000,668,持分移轉,10100000
RPUNMLRKKHMFFBF58CB,光明段,18.35,都市：住,100000,903,持分移轉,10100000
RPVNMLRKKHMFFBF68CB,光明段,18.23,都市：住,100000,897,持分移轉,10100000
RPVOMLRKKHMFFBF78CB,光明段,14.16,都市：住,100000,697,持分移轉,10100000
RPUOMLRKKHMFFBF68CB,光明段,14.37,都市：住,100000,707,持分移轉,10100000
RPSOMLRKKHMFFBF48CB,光明段,18.82,都市：住,100000,926,持分移轉,10100000
RPWOMLRKKHMFFBF88CB,光明段,13.58,都市：住,100000,668,持分移轉,10100000
RPQOMLRKKHMFFBF28CB,光明段,18.90,都市：住,100000,930,持分移轉,10100000
RPROMLRKKHMFFBF38CB,光明段,14.16,都市：住,100000,697,持分移轉,10100000
RPTOMLRKKHMFFBF58CB,光明段,18.23,都市：住,100000,897,持分移轉,10100000
RPXNMLRKKHMFFBF88CB,光明段,13.29,都市：住,100000,654,持分移轉,10100000
RPOOMLRKKHMFFBF08CB,光明段,24.31,都市：住,100000,1196,持分移轉,10100000
RPPOMLRKKHMFFBF18CB,光明段,18.23,都市：住,100000,897,持分移轉,10100000
RPOPMLRKKHMFFBF18CB,光明段,14.16,都市：住,100000,697,持分移轉,10100000
RPTPMLRKKHMFFBF68CB,光明段,18.35,都市：住,100000,903,持分移轉,10100000
RPUPMLRKKHMFFBF78CB,光明段,9.92,都市：住,100000,488,持分移轉,10100000
RPVPMLRKKHMFFBF88CB,光明段,14.37,都市：住,100000,707,持分移轉,10100000
RPPPMLRKKHMFFBF28CB,光明段,18.90,都市：住,100000,930,持分移轉,10100000
RPQPMLRKKHMFFBF38CB,光明段,14.45,都市：住,100000,711,持分移轉,10100000
RPSPMLRKKHMFFBF58CB,光明段,14.16,都市：住,100000,697,持分移轉,10100000
RPXOMLRKKHMFFBF98CB,光明段,18.23,都市：住,100000,897,持分移轉,10100000
RPRPMLRKKHMFFBF48CB,光明段,24.31,都市：住,100000,1196,持分移轉,10100000
RPWPMLRKKHMFFBF98CB,光明段,18.90,都市：住,100000,930,持分移轉,10100000
RPXPMLRKKHMFFBF09CB,光明段,18.35,都市：住,100000,903,持分移轉,10100000
RPOQMLRKKHMFFBF28CB,光明段,13.58,都市：住,100000,668,持分移轉,10100000
RPQQMLRKKHMFFBF48CB,光明段,14.45,都市：住,100000,711,持分移轉,10100000
RPPQMLRKKHMFFBF38CB,光明段,18.90,都市：住,100000,930,持分移轉,10100000
RPWQMLRKKHMFFBF09CB,光明段,13.37,都市：住,100000,658,持分移轉,10100000
RPVQMLRKKHMFFBF98CB,光明段,14.37,都市：住,100000,707,持分移轉,10100000
RPORMLRKKHMFFBF38CB,光明段,14.45,都市：住,100000,711,持分移轉,10100000
RPSQMLRKKHMFFBF68CB,光明段,18.90,都市：住,100000,930,持分移轉,10100000
RPXQMLRKKHMFFBF56CB,光明段,13.37,都市：住,100000,658,持分移轉,10100000
RPUQMLRKKHMFFBF88CB,光明段,18.82,都市：住,100000,926,持分移轉,10100000
RPPRMLRKKHMFFBF48CB,光明段,18.35,都市：住,100000,903,持分移轉,10100000
RPRQMLRKKHMFFBF58CB,光明段,14.37,都市：住,100000,707,持分移轉,10100000
RPTQMLRKKHMFFBF78CB,光明段,18.43,都市：住,100000,907,持分移轉,10100000
RPTRMLRKKHMFFBF88CB,光明段,18.23,都市：住,100000,897,持分移轉,10100000
RPVRMLRKKHMFFBF09CB,光明段,14.37,都市：住,100000,707,持分移轉,10100000
RPWRMLRKKHMFFBF56CB,光明段,18.43,都市：住,100000,907,持分移轉,10100000
RPOSMLRKKHMFFBF48CB,光明段,14.45,都市：住,100000,711,持分移轉,10100000
RPSRMLRKKHMFFBF78CB,光明段,18.82,都市：住,100000,926,持分移轉,10100000
RPQSMLRKKHMFFBF68CB,光明段,13.58,都市：住,100000,668,持分移轉,10100000
RPRRMLRKKHMFFBF68CB,光明段,13.37,都市：住,100000,658,持分移轉,10100000
RPXRMLRKKHMFFBF66CB,光明段,19.02,都市：住,100000,936,持分移轉,10100000
RPVSMLRKKHMFFBF56CB,光明段,13.58,都市：住,100000,668,持分移轉,10100000
RPURMLRKKHMFFBF98CB,光明段,18.35,都市：住,100000,903,持分移轉,10100000
RPWSMLRKKHMFFBF66CB,光明段,24.31,都市：住,100000,1196,持分移轉,10100000
RPRSMLRKKHMFFBF78CB,光明段,13.58,都市：住,100000,668,持分移轉,10100000
RPUSMLRKKHMFFBF09CB,光明段,18.90,都市：住,100000,930,持分移轉,10100000
RPSSMLRKKHMFFBF88CB,光明段,14.45,都市：住,100000,711,持分移轉,10100000
RPXSMLRKKHMFFBF76CB,光明段,18.23,都市：住,100000,897,持分移轉,10100000
RPPSMLRKKHMFFBF58CB,光明段,24.31,都市：住,100000,1196,持分移轉,10100000
RPPTMLRKKHMFFBF68CB,光明段,18.15,都市：住,100000,893,持分移轉,10100000
RPTSMLRKKHMFFBF98CB,光明段,18.90,都市：住,100000,930,持分移轉,10100000
RPOTMLRKKHMFFBF58CB,光明段,13.37,都市：住,100000,658,持分移轉,10100000
RPRTMLRKKHMFFBF88CB,光明段,18.23,都市：住,100000,897,持分移轉,10100000
RPSTMLRKKHMFFBF98CB,光明段,18.90,都市：住,100000,930,持分移轉,10100000
RPVTMLRKKHMFFBF66CB,光明段,14.45,都市：住,100000,711,持分移轉,10100000
RPTTMLRKKHMFFBF09CB,光明段,13.58,都市：住,100000,668,持分移轉,10100000
RPQTMLRKKHMFFBF78CB,光明段,18.35,都市：住,100000,903,持分移轉,10100000
RPXTMLRKKHMFFBF86CB,光明段,18.82,都市：住,100000,926,持分移轉,10100000
RPQUMLRKKHMFFBF88CB,光明段,24.51,都市：住,100000,1206,持分移轉,10100000
RPWTMLRKKHMFFBF76CB,光明段,24.31,都市：住,100000,1196,持分移轉,10100000
RPRUMLRKKHMFFBF98CB,光明段,14.45,都市：住,100000,711,持分移轉,10100000
RPPUMLRKKHMFFBF78CB,光明段,18.23,都市：住,100000,897,持分移轉,10100000
RPOUMLRKKHMFFBF68CB,光明段,19.02,都市：住,100000,936,持分移轉,10100000
RPUUMLRKKHMFFBF66CB,光明段,24.31,都市：住,100000,1196,持分移轉,10100000
RPSUMLRKKHMFFBF09CB,光明段,14.45,都市：住,100000,711,持分移轉,10100000
RPWUMLRKKHMFFBF86CB,光明段,13.58,都市：住,100000,668,持分移轉,10100000
RPTUMLRKKHMFFBF56CB,光明段,18.35,都市：住,100000,903,持分移轉,10100000
RPPVMLRKKHMFFBF88CB,光明段,14.16,都市：住,100000,697,持分移轉,10100000
RPVVMLRKKHMFFBF86CB,光明段,18.82,都市：住,100000,926,持分移轉,10100000
RPOWMLRKKHMFFBF88CB,光明段,24.51,都市：住,100000,1206,持分移轉,10100000
RPOVMLRKKHMFFBF78CB,光明段,18.90,都市：住,100000,930,持分移轉,10100000
RPUVMLRKKHMFFBF76CB,光明段,18.23,都市：住,100000,897,持分移轉,10100000
RPXUMLRKKHMFFBF96CB,光明段,19.02,都市：住,100000,936,持分移轉,10100000
RPQVMLRKKHMFFBF98CB,光明段,18.35,都市：住,100000,903,持分移轉,10100000
RPXVMLRKKHMFFBF07CB,光明段,18.35,都市：住,100000,903,持分移轉,10100000
RPWVMLRKKHMFFBF96CB,光明段,18.90,都市：住,100000,930,持分移轉,10100000
RPRVMLRKKHMFFBF09CB,光明段,18.43,都市：住,100000,907,持分移轉,10100000
RPQWMLRKKHMFFBF09CB,光明段,18.82,都市：住,100000,926,持分移轉,10100000
RPRWMLRKKHMFFBF56CB,光明段,18.35,都市：住,100000,903,持分移轉,10100000
RPSWMLRKKHMFFBF66CB,光明段,18.35,都市：住,100000,903,持分移轉,10100000
RPWWMLRKKHMFFBF07CB,光明段,14.37,都市：住,100000,707,持分移轉,10100000
RPVWMLRKKHMFFBF96CB,光明段,24.31,都市：住,100000,1196,持分移轉,10100000
RPXWMLRKKHMFFBF17CB,光明段,14.37,都市：住,100000,707,持分移轉,10100000
RPPWMLRKKHMFFBF98CB,光明段,18.90,都市：住,100000,930,持分移轉,10100000
RPTWMLRKKHMFFBF76CB,光明段,24.51,都市：住,100000,1206,持分移轉,10100000
RPUWMLRKKHMFFBF86CB,光明段,24.31,都市：住,100000,1196,持分移轉,10100000
RPPNNLRKKHMFFBF18CB,光明段,18.23,都市：住,100000,897,持分移轉,10100000
RPONNLRKKHMFFBF08CB,光明段,13.58,都市：住,100000,668,持分移轉,10100000
RPRNNLRKKHMFFBF38CB,光明段,14.45,都市：住,100000,711,持分移轉,10100000
RPQNNLRKKHMFFBF28CB,光明段,24.51,都市：住,100000,1206,持分移轉,10100000
RPUNNLRKKHMFFBF68CB,光明段,18.82,都市：住,100000,926,持分移轉,10100000
RPTNNLRKKHMFFBF58CB,光明段,14.65,都市：住,100000,721,持分移轉,10100000
RPSNNLRKKHMFFBF48CB,光明段,18.35,都市：住,100000,903,持分移轉,10100000
RPVNNLRKKHMFFBF78CB,光明段,18.35,都市：住,100000,903,持分移轉,10100000
RPXNNLRKKHMFFBF98CB,光明段,14.45,都市：住,100000,711,持分移轉,10100000
RPPONLRKKHMFFBF28CB,光明段,18.82,都市：住,100000,926,持分移轉,10100000
RPQONLRKKHMFFBF38CB,光明段,18.90,都市：住,100000,930,持分移轉,10100000
RPOONLRKKHMFFBF18CB,光明段,14.37,都市：住,100000,707,持分移轉,10100000
RPTONLRKKHMFFBF68CB,光明段,18.62,都市：住,100000,916,持分移轉,10100000
RPSONLRKKHMFFBF58CB,光明段,18.90,都市：住,100000,930,持分移轉,10100000
RPUONLRKKHMFFBF78CB,光明段,18.82,都市：住,100000,926,持分移轉,10100000
RPRONLRKKHMFFBF48CB,光明段,14.37,都市：住,100000,707,持分移轉,10100000
RPUOMLRKKHMFFAF78EB,中山段,19.17,都市：住,10000,471,持分移轉,10260000
RPXOMLRKKHMFFAF09EB,中山段,19.17,都市：住,10000,471,持分移轉,10260000
RPPPMLRKKHMFFAF38EB,中山段,19.17,都市：住,10000,471,持分移轉,10260000
RPWONLRKKHMFFBF98CB,光明段,14.45,都市：住,100000,711,持分移轉,10100000
RPXONLRKKHMFFBF09CB,光明段,18.82,都市：住,100000,926,持分移轉,10100000
RPVOMLRKKHMFFAF88EB,中山段,19.25,都市：住,10000,473,持分移轉,10260000
RPUPNLRKKHMFFBF88CB,光明段,18.51,都市：住,100000,911,持分移轉,10100000
RPVONLRKKHMFFBF88CB,光明段,18.90,都市：住,100000,930,持分移轉,10100000
RPQPMLRKKHMFFAF48EB,中山段,22.79,都市：住,10000,560,持分移轉,10260000
RPQQMLOLKHMFFBF28CB,光明段,14.45,都市：住,100000,711,持分移轉,10100000
RPSPMLRKKHMFFAF68EB,中山段,19.17,都市：住,10000,471,持分移轉,10260000
RPUPMLRKKHMFFAF88EB,中山段,5.58,都市：住,10000,137,持分移轉,10260000
RPVNMLLJLHMFFGF58CB,九芎段,28.62,都市：商,100000,711,持分移轉,00480000
RPVNMLLJLHMFFGF58CB,九芎段,.24,都市：住,100000,711,持分移轉,00790000
RPUQMLOLKHMFFBF68CB,光明段,18.23,都市：住,100000,897,持分移轉,10100000
RPRQMLOLKHMFFBF38CB,光明段,14.86,都市：住,100000,731,持分移轉,10100000
RPVNMLMLKHMFFIF56EB,中園段,37.09,都市：住,10000,257,持分移轉,00330000
RPWNMLLJLHMFFGF68CB,九芎段,24.52,都市：商,100000,609,持分移轉,00480000
RPWNMLLJLHMFFGF68CB,九芎段,.20,都市：住,100000,609,持分移轉,00790000
RPSQMLOLKHMFFBF48CB,光明段,14.45,都市：住,100000,711,持分移轉,10100000
RPTQMLOLKHMFFBF58CB,光明段,13.78,都市：住,100000,678,持分移轉,10100000
RPPOMLMJLHMFFAF57CB,大觀段,.12,都市：住,100000,543,持分移轉,08360000
RPQOMLMJLHMFFAF67CB,大觀段,.12,都市：住,100000,543,持分移轉,08360000
RPWNMLQKLHMFFAF68CB,大觀段,32.56,都市：住,100000,724,持分移轉,01630000
RPROMLQKLHMFFAF28CB,大觀段,21.85,都市：住,100000,486,持分移轉,01630000
RPVNMLQKLHMFFAF58CB,大觀段,26.44,都市：住,100000,588,持分移轉,01630000
RPTNMLQKLHMFFAF38CB,大觀段,30.40,都市：住,100000,676,持分移轉,01630000
RPSOMLQKLHMFFAF38CB,僑中段,21.85,都市：住,100000,486,持分移轉,01630000
RPTOMLQKLHMFFAF48CB,大觀段,21.18,都市：住,100000,471,持分移轉,01630000
RPVOMLQKLHMFFAF68CB,大觀段,23.52,都市：住,100000,523,持分移轉,01630000
RPWOMLQKLHMFFAF78CB,大觀段,2.41,都市：住,100000,536,持分移轉,01630000
RPXOMLQKLHMFFAF88CB,大觀段,24.10,都市：住,100000,536,持分移轉,01630000
RPRPMLQKLHMFFAF38CB,大觀段,20.46,都市：住,100000,455,持分移轉,01630000
RPOPMLQKLHMFFAF08CB,大觀段,21.85,都市：住,100000,486,持分移轉,01630000
RPPPMLQKLHMFFAF18CB,僑中段,21.85,都市：住,100000,486,持分移轉,01630000
RPSPMLQKLHMFFAF48CB,大觀段,21.45,都市：住,100000,477,持分移轉,01630000
RPUPMLQKLHMFFAF68CB,大觀段,21.45,都市：住,100000,477,持分移轉,01630000
RPOQMLQKLHMFFAF18CB,大觀段,31.93,都市：住,100000,710,持分移轉,01630000
RPWPMLQKLHMFFAF88CB,僑中段,24.10,都市：住,100000,536,持分移轉,01630000
RPPQMLQKLHMFFAF28CB,大觀段,31.43,都市：住,100000,699,持分移轉,01630000
RPVPMLQKLHMFFAF78CB,大觀段,27.39,都市：住,100000,609,持分移轉,01630000
RPQQMLQKLHMFFAF38CB,大觀段,32.56,都市：住,100000,724,持分移轉,01630000
RPSQMLQKLHMFFAF58CB,大觀段,31.93,都市：住,100000,710,持分移轉,01630000
RPTQMLQKLHMFFAF68CB,大觀段,24.10,都市：住,100000,536,持分移轉,01630000
RPUQMLQKLHMFFAF78CB,大觀段,32.60,都市：住,100000,725,持分移轉,01630000
RPRQMLQKLHMFFAF48CB,僑中段,21.00,都市：住,100000,467,持分移轉,01630000
RPVQMLQKLHMFFAF88CB,大觀段,21.13,都市：住,100000,470,持分移轉,01630000
RPROMLLJLHMFFGF28CB,九芎段,16.46,都市：商,100000,409,持分移轉,00480000
RPROMLLJLHMFFGF28CB,九芎段,.14,都市：住,100000,409,持分移轉,00790000
RPQOMLLJLHMFFGF18CB,九芎段,16.46,都市：商,100000,409,持分移轉,00480000
RPQOMLLJLHMFFGF18CB,九芎段,.14,都市：住,100000,409,持分移轉,00790000
RPSOMLLJLHMFFGF38CB,九芎段,16.46,都市：商,100000,409,持分移轉,00480000
RPSOMLLJLHMFFGF38CB,九芎段,.14,都市：住,100000,409,持分移轉,00790000
RPOOMLLJLHMFFGF97CB,九芎段,10.71,都市：商,100000,266,持分移轉,00480000
RPOOMLLJLHMFFGF97CB,九芎段,.09,都市：住,100000,266,持分移轉,00790000
RPWQMLQKLHMFFAF98CB,大觀段,21.85,都市：住,100000,486,持分移轉,01630000
RPTOMLLJLHMFFGF48CB,九芎段,12.88,都市：商,100000,320,持分移轉,00480000
RPTOMLLJLHMFFGF48CB,九芎段,.11,都市：住,100000,320,持分移轉,00790000
RPORMLQKLHMFFAF28CB,大觀段,27.34,都市：住,100000,608,持分移轉,01630000
RPXNMLLJLHMFFGF78CB,九芎段,10.71,都市：商,100000,266,持分移轉,00480000
RPXNMLLJLHMFFGF78CB,九芎段,.09,都市：住,100000,266,持分移轉,00790000
RPRRMLQKLHMFFAF58CB,大觀段,33.68,都市：住,100000,749,持分移轉,01630000
RPOTMLQKLHMFFAF48CB,大觀段,266.66,都市：住,100000,593,持分移轉,01630000
RPURMLQKLHMFFAF88CB,大觀段,18.89,都市：住,100000,420,持分移轉,01630000
RPUSMLQKLHMFFAF98CB,大觀段,24.10,都市：住,100000,536,持分移轉,01630000
RPVSMLQKLHMFFAF09CB,大觀段,23.70,都市：住,100000,527,持分移轉,01630000
RPSSMLQKLHMFFAF78CB,大觀段,34.27,都市：住,100000,762,持分移轉,01630000
RPOSMLQKLHMFFAF38CB,大觀段,24.10,都市：住,100000,536,持分移轉,01630000
RPWSMLQKLHMFFAF56CB,大觀段,26.31,都市：住,100000,585,持分移轉,01630000
RPRSMLQKLHMFFAF68CB,大觀段,32.56,都市：住,100000,724,持分移轉,01630000
RPWRMLQKLHMFFAF09CB,大觀段,26.98,都市：住,100000,600,持分移轉,01630000
RPQSMLQKLHMFFAF58CB,僑中段,27.34,都市：住,100000,608,持分移轉,01630000
RPRTMLQKLHMFFAF78CB,大觀段,21.85,都市：住,100000,486,持分移轉,01630000
RPQTMLQKLHMFFAF68CB,大觀段,27.34,都市：住,100000,608,持分移轉,01630000
RPXTMLQKLHMFFAF76CB,大觀段,27.34,都市：住,100000,608,持分移轉,01630000
RPWTMLQKLHMFFAF66CB,大觀段,34.49,都市：住,100000,767,持分移轉,01630000
RPOUMLQKLHMFFAF58CB,大觀段,24.10,都市：住,100000,536,持分移轉,01630000
RPSTMLQKLHMFFAF88CB,大觀段,27.39,都市：住,100000,609,持分移轉,01630000
RPRUMLQKLHMFFAF88CB,大觀段,20.55,都市：住,100000,457,持分移轉,01630000
RPUUMLQKLHMFFAF56CB,大觀段,27.39,都市：住,100000,609,持分移轉,01630000
RPRVMLQKLHMFFAF98CB,大觀段,32.56,都市：住,100000,724,持分移轉,01630000
RPVUMLQKLHMFFAF66CB,大觀段,24.10,都市：住,100000,536,持分移轉,01630000
RPQVMLQKLHMFFAF88CB,大觀段,26.67,都市：住,100000,593,持分移轉,01630000
RPSUMLQKLHMFFAF98CB,大觀段,32.56,都市：住,100000,724,持分移轉,01630000
RPPVMLQKLHMFFAF78CB,大觀段,24.10,都市：住,100000,536,持分移轉,01630000
RPOVMLQKLHMFFAF68CB,大觀段,31.52,都市：住,100000,701,持分移轉,01630000
RPSVMLQKLHMFFAF09CB,大觀段,26.71,都市：住,100000,594,持分移轉,01630000
RPTUMLQKLHMFFAF09CB,大觀段,23.70,都市：住,100000,527,持分移轉,01630000
RPXUMLQKLHMFFAF86CB,大觀段,27.39,都市：住,100000,609,持分移轉,01630000
RPUVMLQKLHMFFAF66CB,大觀段,32.65,都市：住,100000,726,持分移轉,01630000
RPWVMLQKLHMFFAF86CB,大觀段,32.60,都市：住,100000,725,持分移轉,01630000
RPTVMLQKLHMFFAF56CB,大觀段,31.75,都市：住,100000,706,持分移轉,01630000
RPVWMLQKLHMFFAF86CB,大觀段,26.67,都市：住,100000,593,持分移轉,01630000
RPPNNLQKLHMFFAF08CB,大觀段,24.10,都市：住,100000,536,持分移轉,01630000
RPXWMLQKLHMFFAF07CB,大觀段,32.60,都市：住,100000,725,持分移轉,01630000
RPXVMLQKLHMFFAF96CB,大觀段,26.98,都市：住,100000,600,持分移轉,01630000
RPOWMLQKLHMFFAF78CB,大觀段,21.85,都市：住,100000,486,持分移轉,01630000
RPWWMLQKLHMFFAF96CB,大觀段,24.10,都市：住,100000,536,持分移轉,01630000
RPUWMLQKLHMFFAF76CB,大觀段,21.85,都市：住,100000,486,持分移轉,01630000
RPRWMLQKLHMFFAF09CB,大觀段,26.71,都市：住,100000,594,持分移轉,01630000
RPTWMLQKLHMFFAF66CB,大觀段,27.03,都市：住,100000,601,持分移轉,01630000
RPQNNLQKLHMFFAF18CB,大觀段,24.10,都市：住,100000,536,持分移轉,01630000
RPSNNLQKLHMFFAF38CB,大觀段,26.98,都市：住,100000,600,持分移轉,01630000
RPUNNLQKLHMFFAF58CB,大觀段,31.70,都市：住,100000,705,持分移轉,01630000
RPVNNLQKLHMFFAF68CB,大觀段,21.85,都市：住,100000,486,持分移轉,01630000
RPRONLQKLHMFFAF38CB,大觀段,32.60,都市：住,100000,725,持分移轉,01630000
RPSONLQKLHMFFAF48CB,大觀段,26.67,都市：住,100000,593,持分移轉,01630000
RPRNNLQKLHMFFAF28CB,大觀段,27.39,都市：住,100000,609,持分移轉,01630000
RPTNNLQKLHMFFAF48CB,大觀段,27.39,都市：住,100000,609,持分移轉,01630000
RPTONLQKLHMFFAF58CB,大觀段,27.34,都市：住,100000,608,持分移轉,01630000
RPXNNLQKLHMFFAF88CB,大觀段,26.31,都市：住,100000,585,持分移轉,01630000
RPQONLQKLHMFFAF28CB,大觀段,24.10,都市：住,100000,536,持分移轉,01630000
RPUONLQKLHMFFAF68CB,大觀段,21.45,都市：住,100000,477,持分移轉,01630000
RPVONLQKLHMFFAF78CB,大觀段,21.85,都市：住,100000,486,持分移轉,01630000
RPOPNLQKLHMFFAF18CB,大觀段,21.85,都市：住,100000,486,持分移轉,01630000
RPWONLQKLHMFFAF88CB,大觀段,27.34,都市：住,100000,608,持分移轉,01630000
RPPPNLQKLHMFFAF28CB,大觀段,21.54,都市：住,100000,479,持分移轉,01630000
RPXONLQKLHMFFAF98CB,大觀段,21.45,都市：住,100000,477,持分移轉,01630000
RPTPNLQKLHMFFAF68CB,大觀段,218.40,都市：住,100000,486,持分移轉,01630000
RPQPNLQKLHMFFAF38CB,大觀段,23.70,都市：住,100000,527,持分移轉,01630000
RPSPNLQKLHMFFAF58CB,大觀段,32.60,都市：住,100000,725,持分移轉,01630000
RPUPNLQKLHMFFAF78CB,大觀段,40.74,都市：住,100000,906,持分移轉,01630000
RPWPNLQKLHMFFAF98CB,大觀段,21.85,都市：住,100000,486,持分移轉,01630000
RPSQNLQKLHMFFAF68CB,大觀段,21.85,都市：住,100000,486,持分移轉,01630000
RPVQNLQKLHMFFAF98CB,大觀段,34.27,都市：住,100000,762,持分移轉,01630000
RPVPNLQKLHMFFAF88CB,大觀段,32.20,都市：住,100000,716,持分移轉,01630000
RPPQNLQKLHMFFAF38CB,大觀段,27.34,都市：住,100000,608,持分移轉,01630000
RPRQNLQKLHMFFAF58CB,大觀段,31.43,都市：住,100000,699,持分移轉,01630000
RPUQNLQKLHMFFAF88CB,大觀段,26.71,都市：住,100000,594,持分移轉,01630000
RPXPNLQKLHMFFAF09CB,大觀段,32.56,都市：住,100000,724,持分移轉,01630000
RPQQNLQKLHMFFAF48CB,大觀段,32.56,都市：住,100000,724,持分移轉,01630000
RPWQNLQKLHMFFAF09CB,大觀段,24.10,都市：住,100000,536,持分移轉,01630000
RPXQNLQKLHMFFAF56CB,大觀段,26.98,都市：住,100000,600,持分移轉,01630000
RPORNLQKLHMFFAF38CB,大觀段,32.56,都市：住,100000,724,持分移轉,01630000
RPPRNLQKLHMFFAF48CB,大觀段,21.85,都市：住,100000,486,持分移轉,01630000
RPQRNLQKLHMFFAF58CB,大觀段,21.45,都市：住,100000,477,持分移轉,01630000
RPTRNLQKLHMFFAF88CB,大觀段,31.43,都市：住,100000,699,持分移轉,01630000
RPRRNLQKLHMFFAF68CB,大觀段,26.67,都市：住,100000,593,持分移轉,01630000
RPXRNLQKLHMFFAF66CB,大觀段,32.20,都市：住,100000,716,持分移轉,01630000
RPVRNLQKLHMFFAF09CB,大觀段,24.10,都市：住,100000,536,持分移轉,01630000
RPOSNLQKLHMFFAF48CB,大觀段,24.10,都市：住,100000,536,持分移轉,01630000
RPSRNLQKLHMFFAF78CB,大觀段,32.56,都市：住,100000,724,持分移轉,01630000
RPPSNLQKLHMFFAF58CB,僑中段,23.52,都市：住,100000,523,持分移轉,01630000
RPWRNLQKLHMFFAF56CB,大觀段,24.10,都市：住,100000,536,持分移轉,01630000
RPRPMLMLLHMFFBF18CB,新豐段,7.22,都市：商,1000000,938,持分移轉,00100000
RPSPMLMLLHMFFBF28CB,新豐段,7.22,都市：商,1000000,938,持分移轉,00100000
RPQPMLMLLHMFFBF08CB,新豐段,9.59,都市：商,1000000,1246,持分移轉,00100000
RPQSNLQKLHMFFAF68CB,大觀段,31.52,都市：住,100000,701,持分移轉,01630000
RPRSNLQKLHMFFAF78CB,大觀段,27.39,都市：住,100000,609,持分移轉,01630000
RPQRMLMLLHMFFBF28CB,新豐段,11.82,都市：商,1000000,1535,持分移轉,00100000
RPRQMLMLLHMFFBF28CB,新豐段,9.28,都市：商,1000000,1205,持分移轉,00100000
RPVQMLMLLHMFFBF68CB,新豐段,9.77,都市：商,1000000,1269,持分移轉,00100000
RPPPMLMLLHMFFBF97CB,新豐段,12.63,都市：商,1000000,1640,持分移轉,00100000
RPSRMLMLLHMFFBF48CB,新豐段,11.70,都市：商,1000000,1519,持分移轉,00100000
RPWRMLMLLHMFFBF88CB,新豐段,11.70,都市：商,1000000,1519,持分移轉,00100000
RPTTMLMLLHMFFBF78CB,新豐段,9.61,都市：商,1000000,1248,持分移轉,00100000
RPTSMLMLLHMFFBF68CB,新豐段,11.82,都市：商,1000000,1535,持分移轉,00100000
RPSNMLMLLHMFFIF78CB,國姓段,43.23,都市：住,10000,124,持分移轉,16620000
RPQNMLMLLHMFFIF58CB,國姓段,43.23,都市：住,10000,124,持分移轉,16620000
RPTNMLMLLHMFFIF88CB,國姓段,43.23,都市：住,10000,124,持分移轉,16620000
RPVNMLMLLHMFFIF09CB,國姓段,32.77,都市：住,10000,94,持分移轉,16620000
RPUNMLMLLHMFFIF98CB,國姓段,43.23,都市：住,10000,124,持分移轉,16620000
RPRQMLNLLHMFFBF38CB,新豐段,7.22,都市：商,1000000,937,持分移轉,00100000
RPWQMLNLLHMFFBF88CB,新豐段,11.70,都市：商,1000000,1519,持分移轉,00100000
RPRRMLNLLHMFFBF48CB,新豐段,11.70,都市：商,1000000,1519,持分移轉,00100000
RPUQMLNLLHMFFBF68CB,新豐段,11.70,都市：商,1000000,1519,持分移轉,00100000
RPOQMLOLLHMFFBF18CB,新豐段,9.75,都市：商,1000000,1266,持分移轉,00100000
RPSRMLNLLHMFFBF58CB,新豐段,12.81,都市：商,1000000,1664,持分移轉,00100000
RPQRMLNLLHMFFBF38CB,新豐段,11.70,都市：商,1000000,1519,持分移轉,00100000
RPUQMLOLLHMFFBF78CB,新豐段,7.21,都市：商,1000000,936,持分移轉,00100000
RPSNMLOLLHMFFBF28CB,新豐段,9.75,都市：商,1000000,1266,持分移轉,00100000
RPRRMLOLLHMFFBF58CB,新豐段,9.56,都市：商,1000000,1241,持分移轉,00100000
RPSRMLOLLHMFFBF68CB,新豐段,11.70,都市：商,1000000,1519,持分移轉,00100000
RPUNMLSLLHMFFBF88CB,新豐段,7.22,都市：商,1000000,937,持分移轉,00100000
RPPOMLSLLHMFFBF48CB,新豐段,15.42,都市：商,1000000,2002,持分移轉,00100000
RPPRMLSLLHMFFBF78CB,新豐段,7.22,都市：商,1000000,937,持分移轉,00100000
RPTNMLTLLHMFFBF88CB,丹鳳段,11.68,都市：住,100000,191,持分移轉,04460000
RPSNMLTLLHMFFBF78CB,丹鳳段,11.62,都市：住,100000,190,持分移轉,04460000
RPQRMLOLLHMFFBF48CB,新豐段,10.78,都市：商,1000000,1400,持分移轉,00100000
RPWNMLTLLHMFFBF56CB,丹鳳段,11.19,都市：住,100000,183,持分移轉,04460000
RPUNMLTLLHMFFBF98CB,丹鳳段,11.68,都市：住,100000,191,持分移轉,04460000
RPRNMLTLLHMFFBF68CB,丹鳳段,11.68,都市：住,100000,191,持分移轉,04460000
RPVNMLTLLHMFFBF09CB,丹鳳段,11.19,都市：住,100000,183,持分移轉,04460000
RPOOMLTLLHMFFBF48CB,丹鳳段,11.68,都市：住,100000,191,持分移轉,04460000
RPPNMLLKMHMFFAF57CB,學成段,20.78,都市：住,71000,204,持分移轉,02890000
RPQNMLLKMHMFFAF67CB,學成段,15.18,都市：住,71000,149,持分移轉,02890000
RPSNMLLKMHMFFAF87CB,學成段,15.18,都市：住,71000,149,持分移轉,02890000
RPRNMLLKMHMFFAF77CB,學成段,13.45,都市：住,71000,132,持分移轉,02890000
RPTNMLLKMHMFFAF97CB,學成段,15.18,都市：住,71000,149,持分移轉,02890000
RPWNMLLKMHMFFAF28CB,學成段,18.95,都市：住,71000,186,持分移轉,02890000
RPVNMLLKMHMFFAF18CB,學成段,15.18,都市：住,71000,149,持分移轉,02890000
RPOOMLLKMHMFFAF57CB,學成段,20.68,都市：住,71000,203,持分移轉,02890000
RPUNMLLKMHMFFAF08CB,學成段,13.45,都市：住,71000,132,持分移轉,02890000
RPXNMLLKMHMFFAF38CB,學成段,20.68,都市：住,71000,203,持分移轉,02890000
RPROMLLKMHMFFAF87CB,學成段,15.18,都市：住,71000,149,持分移轉,02890000
RPUOMLLKMHMFFAF18CB,學成段,20.68,都市：住,71000,203,持分移轉,02890000
RPTOMLLKMHMFFAF08CB,學成段,20.68,都市：住,71000,203,持分移轉,02890000
RPQOMLLKMHMFFAF77CB,學成段,25.06,都市：住,71000,246,持分移轉,02890000
RPSOMLLKMHMFFAF97CB,學成段,13.45,都市：住,71000,132,持分移轉,02890000
RPPOMLLKMHMFFAF67CB,學成段,15.18,都市：住,71000,149,持分移轉,02890000
RPVOMLLKMHMFFAF28CB,學成段,15.18,都市：住,71000,149,持分移轉,02890000
RPXOMLLKMHMFFAF48CB,學成段,20.68,都市：住,71000,203,持分移轉,02890000
RPWOMLLKMHMFFAF38CB,學成段,15.18,都市：住,71000,149,持分移轉,02890000
RPQPMLLKMHMFFAF87CB,學成段,20.68,都市：住,71000,203,持分移轉,02890000
RPOPMLLKMHMFFAF67CB,學成段,18.95,都市：住,71000,186,持分移轉,02890000
RPPPMLLKMHMFFAF77CB,學成段,20.68,都市：住,71000,203,持分移轉,02890000
RPTPMLLKMHMFFAF18CB,學成段,20.78,都市：住,71000,204,持分移轉,02890000
RPUPMLLKMHMFFAF28CB,學成段,25.06,都市：住,71000,246,持分移轉,02890000
RPRPMLLKMHMFFAF97CB,學成段,20.68,都市：住,71000,203,持分移轉,02890000
RPWPMLLKMHMFFAF48CB,學成段,18.95,都市：住,71000,186,持分移轉,02890000
RPVPMLLKMHMFFAF38CB,學成段,15.18,都市：住,71000,149,持分移轉,02890000
RPSPMLLKMHMFFAF08CB,學成段,15.18,都市：住,71000,149,持分移轉,02890000
RPPQMLLKMHMFFAF87CB,學成段,15.18,都市：住,71000,149,持分移轉,02890000
RPXPMLLKMHMFFAF58CB,學成段,25.06,都市：住,71000,246,持分移轉,02890000
RPQQMLLKMHMFFAF97CB,學成段,20.68,都市：住,71000,203,持分移轉,02890000
RPOQMLLKMHMFFAF77CB,學成段,18.95,都市：住,71000,186,持分移轉,02890000
RPSQMLLKMHMFFAF18CB,學成段,15.18,都市：住,71000,149,持分移轉,02890000
RPRQMLLKMHMFFAF08CB,學成段,13.45,都市：住,71000,132,持分移轉,02890000
RPROMLTLLHMFFBF78CB,丹鳳段,11.68,都市：住,100000,191,持分移轉,04460000
RPVNMLLKMHMFFBF28CB,新豐段,9.59,都市：商,1000000,1246,持分移轉,00100000
RPTQMLLKMHMFFAF28CB,學成段,20.68,都市：住,71000,203,持分移轉,02890000
RPWQMLLKMHMFFAF58CB,學成段,15.18,都市：住,71000,149,持分移轉,02890000
RPVQMLLKMHMFFAF48CB,學成段,13.45,都市：住,71000,132,持分移轉,02890000
RPUNMLLKMHMFFBF18CB,新豐段,6.28,都市：商,1000000,815,持分移轉,00100000
RPPOMLTLLHMFFBF58CB,丹鳳段,11.68,都市：住,100000,191,持分移轉,04460000
RPUQMLLKMHMFFAF38CB,學成段,18.95,都市：住,71000,186,持分移轉,02890000
RPORMLLKMHMFFAF87CB,學成段,20.68,都市：住,71000,203,持分移轉,02890000
RPXQMLLKMHMFFAF68CB,學成段,15.18,都市：住,71000,149,持分移轉,02890000
RPTRMLLKMHMFFAF38CB,學成段,15.18,都市：住,71000,149,持分移轉,02890000
RPRRMLLKMHMFFAF18CB,學成段,15.18,都市：住,71000,149,持分移轉,02890000
RPSRMLLKMHMFFAF28CB,學成段,15.18,都市：住,71000,149,持分移轉,02890000
RPQRMLLKMHMFFAF08CB,學成段,25.06,都市：住,71000,246,持分移轉,02890000
RPPRMLLKMHMFFAF97CB,學成段,25.06,都市：住,71000,246,持分移轉,02890000
RPXRMLLKMHMFFAF78CB,學成段,20.68,都市：住,71000,203,持分移轉,02890000
RPURMLLKMHMFFAF48CB,學成段,25.06,都市：住,71000,246,持分移轉,02890000
RPVRMLLKMHMFFAF58CB,學成段,20.68,都市：住,71000,203,持分移轉,02890000
RPRSMLLKMHMFFAF28CB,學成段,18.95,都市：住,71000,186,持分移轉,02890000
RPPSMLLKMHMFFAF08CB,學成段,20.68,都市：住,71000,203,持分移轉,02890000
RPOSMLLKMHMFFAF97CB,學成段,20.68,都市：住,71000,203,持分移轉,02890000
RPQSMLLKMHMFFAF18CB,學成段,18.95,都市：住,71000,186,持分移轉,02890000
RPTSMLLKMHMFFAF48CB,學成段,18.95,都市：住,71000,186,持分移轉,02890000
RPUSMLLKMHMFFAF58CB,學成段,20.68,都市：住,71000,203,持分移轉,02890000
RPSSMLLKMHMFFAF38CB,學成段,18.95,都市：住,71000,186,持分移轉,02890000
RPXSMLLKMHMFFAF88CB,學成段,18.95,都市：住,71000,186,持分移轉,02890000
RPVSMLLKMHMFFAF68CB,學成段,25.06,都市：住,71000,246,持分移轉,02890000
RPOTMLLKMHMFFAF08CB,學成段,25.06,都市：住,71000,246,持分移轉,02890000
RPWSMLLKMHMFFAF78CB,學成段,20.68,都市：住,71000,203,持分移轉,02890000
RPPTMLLKMHMFFAF18CB,學成段,20.68,都市：住,71000,203,持分移轉,02890000
RPSTMLLKMHMFFAF48CB,學成段,25.06,都市：住,71000,246,持分移轉,02890000
RPRTMLLKMHMFFAF38CB,學成段,20.68,都市：住,71000,203,持分移轉,02890000
RPQTMLLKMHMFFAF28CB,學成段,15.18,都市：住,71000,149,持分移轉,02890000
RPUTMLLKMHMFFAF68CB,學成段,15.18,都市：住,71000,149,持分移轉,02890000
RPWTMLLKMHMFFAF88CB,學成段,15.18,都市：住,71000,149,持分移轉,02890000
RPVTMLLKMHMFFAF78CB,學成段,25.06,都市：住,71000,246,持分移轉,02890000
RPTTMLLKMHMFFAF58CB,學成段,15.18,都市：住,71000,149,持分移轉,02890000
RPXTMLLKMHMFFAF98CB,學成段,15.18,都市：住,71000,149,持分移轉,02890000
RPOUMLLKMHMFFAF18CB,學成段,18.95,都市：住,71000,186,持分移轉,02890000
RPPUMLLKMHMFFAF28CB,學成段,15.18,都市：住,71000,149,持分移轉,02890000
RPQUMLLKMHMFFAF38CB,學成段,20.68,都市：住,71000,203,持分移轉,02890000
RPRUMLLKMHMFFAF48CB,學成段,15.18,都市：住,71000,149,持分移轉,02890000
RPSUMLLKMHMFFAF58CB,學成段,25.06,都市：住,71000,246,持分移轉,02890000
RPTUMLLKMHMFFAF68CB,學成段,18.95,都市：住,71000,186,持分移轉,02890000
RPVUMLLKMHMFFAF88CB,學成段,15.18,都市：住,71000,149,持分移轉,02890000
RPUUMLLKMHMFFAF78CB,學成段,18.95,都市：住,71000,186,持分移轉,02890000
RPOVMLLKMHMFFAF28CB,學成段,13.45,都市：住,71000,132,持分移轉,02890000
RPSVMLLKMHMFFAF68CB,學成段,20.68,都市：住,71000,203,持分移轉,02890000
RPTVMLLKMHMFFAF78CB,學成段,25.06,都市：住,71000,246,持分移轉,02890000
RPRVMLLKMHMFFAF58CB,學成段,20.68,都市：住,71000,203,持分移轉,02890000
RPQVMLLKMHMFFAF48CB,學成段,18.95,都市：住,71000,186,持分移轉,02890000
RPWUMLLKMHMFFAF98CB,學成段,20.68,都市：住,71000,203,持分移轉,02890000
RPXUMLLKMHMFFAF09CB,學成段,18.95,都市：住,71000,186,持分移轉,02890000
RPVVMLLKMHMFFAF98CB,學成段,18.95,都市：住,71000,186,持分移轉,02890000
RPPWMLLKMHMFFAF48CB,學成段,15.18,都市：住,71000,149,持分移轉,02890000
RPOWMLLKMHMFFAF38CB,學成段,25.06,都市：住,71000,246,持分移轉,02890000
RPUVMLLKMHMFFAF88CB,學成段,18.95,都市：住,71000,186,持分移轉,02890000
RPWVMLLKMHMFFAF09CB,學成段,20.68,都市：住,71000,203,持分移轉,02890000
RPSWMLLKMHMFFAF78CB,學成段,13.45,都市：住,71000,132,持分移轉,02890000
RPUWMLLKMHMFFAF98CB,學成段,18.95,都市：住,71000,186,持分移轉,02890000
RPXVMLLKMHMFFAF56CB,學成段,18.95,都市：住,71000,186,持分移轉,02890000
RPQWMLLKMHMFFAF58CB,學成段,13.45,都市：住,71000,132,持分移轉,02890000
RPVWMLLKMHMFFAF09CB,學成段,20.68,都市：住,71000,203,持分移轉,02890000
RPTWMLLKMHMFFAF88CB,學成段,15.18,都市：住,71000,149,持分移轉,02890000
RPWWMLLKMHMFFAF56CB,學成段,13.45,都市：住,71000,132,持分移轉,02890000
RPRWMLLKMHMFFAF68CB,學成段,20.68,都市：住,71000,203,持分移轉,02890000
RPONNLLKMHMFFAF57CB,學成段,15.18,都市：住,71000,149,持分移轉,02890000
RPPNNLLKMHMFFAF67CB,學成段,15.18,都市：住,71000,149,持分移轉,02890000
RPQNNLLKMHMFFAF77CB,學成段,20.68,都市：住,71000,203,持分移轉,02890000
RPVNNLLKMHMFFAF28CB,學成段,15.18,都市：住,71000,149,持分移轉,02890000
RPSNNLLKMHMFFAF97CB,學成段,20.68,都市：住,71000,203,持分移轉,02890000
RPTNNLLKMHMFFAF08CB,學成段,20.68,都市：住,71000,203,持分移轉,02890000
RPWNNLLKMHMFFAF38CB,學成段,18.95,都市：住,71000,186,持分移轉,02890000
RPXNNLLKMHMFFAF48CB,學成段,20.68,都市：住,71000,203,持分移轉,02890000
RPPONLLKMHMFFAF77CB,學成段,20.68,都市：住,71000,203,持分移轉,02890000
RPOONLLKMHMFFAF67CB,學成段,20.68,都市：住,71000,203,持分移轉,02890000
RPRNNLLKMHMFFAF87CB,學成段,20.68,都市：住,71000,203,持分移轉,02890000
RPSONLLKMHMFFAF08CB,學成段,18.95,都市：住,71000,186,持分移轉,02890000
RPVONLLKMHMFFAF38CB,學成段,20.68,都市：住,71000,203,持分移轉,02890000
RPUONLLKMHMFFAF28CB,學成段,13.45,都市：住,71000,132,持分移轉,02890000
RPWONLLKMHMFFAF48CB,學成段,20.68,都市：住,71000,203,持分移轉,02890000
RPQONLLKMHMFFAF87CB,學成段,20.68,都市：住,71000,203,持分移轉,02890000
RPXONLLKMHMFFAF58CB,學成段,18.95,都市：住,71000,186,持分移轉,02890000
RPPPNLLKMHMFFAF87CB,學成段,15.18,都市：住,71000,149,持分移轉,02890000
RPOPNLLKMHMFFAF77CB,學成段,13.45,都市：住,71000,132,持分移轉,02890000
RPRONLLKMHMFFAF97CB,學成段,18.95,都市：住,71000,186,持分移轉,02890000
RPQPNLLKMHMFFAF97CB,學成段,15.18,都市：住,71000,149,持分移轉,02890000
RPSPNLLKMHMFFAF18CB,學成段,20.68,都市：住,71000,203,持分移轉,02890000
RPUPNLLKMHMFFAF38CB,學成段,15.18,都市：住,71000,149,持分移轉,02890000
RPRPNLLKMHMFFAF08CB,學成段,25.06,都市：住,71000,246,持分移轉,02890000
RPTPNLLKMHMFFAF28CB,學成段,20.68,都市：住,71000,203,持分移轉,02890000
RPVPNLLKMHMFFAF48CB,學成段,18.95,都市：住,71000,186,持分移轉,02890000
RPOQNLLKMHMFFAF87CB,學成段,20.68,都市：住,71000,203,持分移轉,02890000
RPXPNLLKMHMFFAF68CB,學成段,20.68,都市：住,71000,203,持分移轉,02890000
RPPQNLLKMHMFFAF97CB,學成段,25.06,都市：住,71000,246,持分移轉,02890000
RPRQNLLKMHMFFAF18CB,學成段,25.06,都市：住,71000,246,持分移轉,02890000
RPQQNLLKMHMFFAF08CB,學成段,15.18,都市：住,71000,149,持分移轉,02890000
RPVQNLLKMHMFFAF58CB,學成段,15.18,都市：住,71000,149,持分移轉,02890000
RPUQNLLKMHMFFAF48CB,學成段,15.18,都市：住,71000,149,持分移轉,02890000
RPSQNLLKMHMFFAF28CB,學成段,20.68,都市：住,71000,203,持分移轉,02890000
RPWQNLLKMHMFFAF68CB,學成段,20.68,都市：住,71000,203,持分移轉,02890000
RPORNLLKMHMFFAF97CB,學成段,13.45,都市：住,71000,132,持分移轉,02890000
RPPRNLLKMHMFFAF08CB,學成段,25.06,都市：住,71000,246,持分移轉,02890000
RPSRNLLKMHMFFAF38CB,學成段,15.18,都市：住,71000,149,持分移轉,02890000
RPQRNLLKMHMFFAF18CB,學成段,20.68,都市：住,71000,203,持分移轉,02890000
RPRRNLLKMHMFFAF28CB,學成段,15.18,都市：住,71000,149,持分移轉,02890000
RPXQNLLKMHMFFAF78CB,學成段,20.68,都市：住,71000,203,持分移轉,02890000
RPWRNLLKMHMFFAF78CB,學成段,15.18,都市：住,71000,149,持分移轉,02890000
RPXRNLLKMHMFFAF88CB,學成段,18.95,都市：住,71000,186,持分移轉,02890000
RPTRNLLKMHMFFAF48CB,學成段,20.68,都市：住,71000,203,持分移轉,02890000
RPOSNLLKMHMFFAF08CB,學成段,13.45,都市：住,71000,132,持分移轉,02890000
RPURNLLKMHMFFAF58CB,學成段,15.18,都市：住,71000,149,持分移轉,02890000
RPRSNLLKMHMFFAF38CB,學成段,18.95,都市：住,71000,186,持分移轉,02890000
RPQSNLLKMHMFFAF28CB,學成段,20.68,都市：住,71000,203,持分移轉,02890000
RPVRNLLKMHMFFAF68CB,學成段,20.68,都市：住,71000,203,持分移轉,02890000
RPPSNLLKMHMFFAF18CB,學成段,18.95,都市：住,71000,186,持分移轉,02890000
RPTSNLLKMHMFFAF58CB,學成段,15.18,都市：住,71000,149,持分移轉,02890000
RPUSNLLKMHMFFAF68CB,學成段,25.16,都市：住,71000,247,持分移轉,02890000
RPVSNLLKMHMFFAF78CB,學成段,18.95,都市：住,71000,186,持分移轉,02890000
RPWSNLLKMHMFFAF88CB,學成段,15.18,都市：住,71000,149,持分移轉,02890000
RPPTNLLKMHMFFAF28CB,學成段,15.18,都市：住,71000,149,持分移轉,02890000
RPSSNLLKMHMFFAF48CB,學成段,15.18,都市：住,71000,149,持分移轉,02890000
RPRTNLLKMHMFFAF48CB,學成段,25.06,都市：住,71000,246,持分移轉,02890000
RPUTNLLKMHMFFAF78CB,學成段,13.45,都市：住,71000,132,持分移轉,02890000
RPTTNLLKMHMFFAF68CB,學成段,25.06,都市：住,71000,246,持分移轉,02890000
RPXSNLLKMHMFFAF98CB,學成段,25.06,都市：住,71000,246,持分移轉,02890000
RPVTNLLKMHMFFAF88CB,學成段,25.06,都市：住,71000,246,持分移轉,02890000
RPXTNLLKMHMFFAF09CB,學成段,15.18,都市：住,71000,149,持分移轉,02890000
RPOTNLLKMHMFFAF18CB,學成段,18.95,都市：住,71000,186,持分移轉,02890000
RPWTNLLKMHMFFAF98CB,學成段,15.18,都市：住,71000,149,持分移轉,02890000
RPSTNLLKMHMFFAF58CB,學成段,18.95,都市：住,71000,186,持分移轉,02890000
RPOUNLLKMHMFFAF28CB,學成段,15.18,都市：住,71000,149,持分移轉,02890000
RPPUNLLKMHMFFAF38CB,學成段,20.68,都市：住,71000,203,持分移轉,02890000
RPSUNLLKMHMFFAF68CB,學成段,15.18,都市：住,71000,149,持分移轉,02890000
RPQUNLLKMHMFFAF48CB,學成段,20.68,都市：住,71000,203,持分移轉,02890000
RPRUNLLKMHMFFAF58CB,學成段,15.18,都市：住,71000,149,持分移轉,02890000
RPVUNLLKMHMFFAF98CB,學成段,15.18,都市：住,71000,149,持分移轉,02890000
RPTUNLLKMHMFFAF78CB,學成段,15.18,都市：住,71000,149,持分移轉,02890000
RPWUNLLKMHMFFAF09CB,學成段,20.68,都市：住,71000,203,持分移轉,02890000
RPQVNLLKMHMFFAF58CB,學成段,20.68,都市：住,71000,203,持分移轉,02890000
RPXUNLLKMHMFFAF56CB,學成段,20.68,都市：住,71000,203,持分移轉,02890000
RPOVNLLKMHMFFAF38CB,學成段,18.95,都市：住,71000,186,持分移轉,02890000
RPPVNLLKMHMFFAF48CB,學成段,20.68,都市：住,71000,203,持分移轉,02890000
RPRVNLLKMHMFFAF68CB,學成段,20.68,都市：住,71000,203,持分移轉,02890000
RPWVNLLKMHMFFAF56CB,學成段,18.95,都市：住,71000,186,持分移轉,02890000
RPVVNLLKMHMFFAF09CB,學成段,20.68,都市：住,71000,203,持分移轉,02890000
RPRWNLLKMHMFFAF78CB,學成段,15.18,都市：住,71000,149,持分移轉,02890000
RPXVNLLKMHMFFAF66CB,學成段,20.68,都市：住,71000,203,持分移轉,02890000
RPPWNLLKMHMFFAF58CB,學成段,20.68,都市：住,71000,203,持分移轉,02890000
RPQWNLLKMHMFFAF68CB,學成段,15.18,都市：住,71000,149,持分移轉,02890000
RPTVNLLKMHMFFAF88CB,學成段,20.68,都市：住,71000,203,持分移轉,02890000
RPOWNLLKMHMFFAF48CB,學成段,15.18,都市：住,71000,149,持分移轉,02890000
RPUVNLLKMHMFFAF98CB,學成段,20.68,都市：住,71000,203,持分移轉,02890000
RPSVNLLKMHMFFAF78CB,學成段,25.06,都市：住,71000,246,持分移轉,02890000
RPTWNLLKMHMFFAF98CB,學成段,25.06,都市：住,71000,246,持分移轉,02890000
RPWWNLLKMHMFFAF66CB,學成段,25.06,都市：住,71000,246,持分移轉,02890000
RPSWNLLKMHMFFAF88CB,學成段,20.68,都市：住,71000,203,持分移轉,02890000
RPQNOLLKMHMFFAF87CB,學成段,20.68,都市：住,71000,203,持分移轉,02890000
RPONOLLKMHMFFAF67CB,學成段,25.06,都市：住,71000,246,持分移轉,02890000
RPVWNLLKMHMFFAF56CB,學成段,15.18,都市：住,71000,149,持分移轉,02890000
RPSNOLLKMHMFFAF08CB,學成段,15.18,都市：住,71000,149,持分移轉,02890000
RPUWNLLKMHMFFAF09CB,學成段,13.45,都市：住,71000,132,持分移轉,02890000
RPXWNLLKMHMFFAF76CB,學成段,25.06,都市：住,71000,246,持分移轉,02890000
RPRNOLLKMHMFFAF97CB,學成段,20.68,都市：住,71000,203,持分移轉,02890000
RPTNOLLKMHMFFAF18CB,學成段,15.18,都市：住,71000,149,持分移轉,02890000
RPVNOLLKMHMFFAF38CB,學成段,15.18,都市：住,71000,149,持分移轉,02890000
RPXNOLLKMHMFFAF58CB,學成段,13.45,都市：住,71000,132,持分移轉,02890000
RPQOOLLKMHMFFAF97CB,學成段,20.68,都市：住,71000,203,持分移轉,02890000
RPROOLLKMHMFFAF08CB,學成段,20.68,都市：住,71000,203,持分移轉,02890000
RPUNOLLKMHMFFAF28CB,學成段,20.68,都市：住,71000,203,持分移轉,02890000
RPSOOLLKMHMFFAF18CB,學成段,15.18,都市：住,71000,149,持分移轉,02890000
RPWNOLLKMHMFFAF48CB,學成段,20.68,都市：住,71000,203,持分移轉,02890000
RPTOOLLKMHMFFAF28CB,學成段,20.68,都市：住,71000,203,持分移轉,02890000
RPUOOLLKMHMFFAF38CB,學成段,25.06,都市：住,71000,246,持分移轉,02890000
RPOOOLLKMHMFFAF77CB,學成段,15.18,都市：住,71000,149,持分移轉,02890000
RPPOOLLKMHMFFAF87CB,學成段,20.68,都市：住,71000,203,持分移轉,02890000
RPXOOLLKMHMFFAF68CB,學成段,15.18,都市：住,71000,149,持分移轉,02890000
RPVOOLLKMHMFFAF48CB,學成段,15.18,都市：住,71000,149,持分移轉,02890000
RPOPOLLKMHMFFAF87CB,學成段,20.68,都市：住,71000,203,持分移轉,02890000
RPSPOLLKMHMFFAF28CB,學成段,20.68,都市：住,71000,203,持分移轉,02890000
RPPPOLLKMHMFFAF97CB,學成段,18.95,都市：住,71000,186,持分移轉,02890000
RPTPOLLKMHMFFAF38CB,學成段,25.06,都市：住,71000,246,持分移轉,02890000
RPRPOLLKMHMFFAF18CB,學成段,25.06,都市：住,71000,246,持分移轉,02890000
RPUPOLLKMHMFFAF48CB,學成段,20.68,都市：住,71000,203,持分移轉,02890000
RPVPOLLKMHMFFAF58CB,學成段,18.95,都市：住,71000,186,持分移轉,02890000
RPXPOLLKMHMFFAF78CB,學成段,20.68,都市：住,71000,203,持分移轉,02890000
RPOQOLLKMHMFFAF97CB,學成段,20.68,都市：住,71000,203,持分移轉,02890000
RPWPOLLKMHMFFAF68CB,學成段,25.06,都市：住,71000,246,持分移轉,02890000
RPQQOLLKMHMFFAF18CB,學成段,18.95,都市：住,71000,186,持分移轉,02890000
RPSQOLLKMHMFFAF38CB,學成段,20.68,都市：住,71000,203,持分移轉,02890000
RPPQOLLKMHMFFAF08CB,學成段,13.45,都市：住,71000,132,持分移轉,02890000
RPUQOLLKMHMFFAF58CB,學成段,25.06,都市：住,71000,246,持分移轉,02890000
RPRQOLLKMHMFFAF28CB,學成段,15.18,都市：住,71000,149,持分移轉,02890000
RPTQOLLKMHMFFAF48CB,學成段,20.68,都市：住,71000,203,持分移轉,02890000
RPVQOLLKMHMFFAF68CB,學成段,20.68,都市：住,71000,203,持分移轉,02890000
RPXQOLLKMHMFFAF88CB,學成段,15.18,都市：住,71000,149,持分移轉,02890000
RPWQOLLKMHMFFAF78CB,學成段,18.95,都市：住,71000,186,持分移轉,02890000
RPPPMLMKMHMFFEF28CB,水仙段,87.26,都市：住,100000,2446,持分移轉,00290000
RPXPMLMKMHMFFEF09CB,水仙段,85.80,都市：住,100000,2405,持分移轉,00290000
RPRPMLMKMHMFFEF48CB,水仙段,86.69,都市：住,100000,2430,持分移轉,00290000
RPORMLMKMHMFFEF38CB,水仙段,62.40,都市：住,100000,1749,持分移轉,00290000
RPTQMLMKMHMFFEF78CB,水仙段,62.04,都市：住,100000,1739,持分移轉,00290000
RPSNMLNKMHMFFEF48CB,水仙段,61.79,都市：住,100000,1732,持分移轉,00290000
RPSPMLMKMHMFFEF58CB,水仙段,87.26,都市：住,100000,2446,持分移轉,00290000
RPVNMLNKMHMFFEF78CB,水仙段,62.18,都市：住,100000,1743,持分移轉,00290000
RPUPMLMKMHMFFEF78CB,水仙段,86.44,都市：住,100000,2423,持分移轉,00290000
RPQPMLMKMHMFFEF38CB,水仙段,87.26,都市：住,100000,2446,持分移轉,00290000
RPPOMLNKMHMFFEF28CB,水仙段,61.79,都市：住,100000,1732,持分移轉,00290000
RPTOMLNKMHMFFEF68CB,水仙段,62.15,都市：住,100000,1742,持分移轉,00290000
RPSRMLNKMHMFFEF88CB,水仙段,72.03,都市：住,100000,2019,持分移轉,00290000
RPXPMLNKMHMFFEF56CB,水仙段,73.78,都市：住,100000,2068,持分移轉,00290000
RPUPMLNKMHMFFEF88CB,水仙段,73.42,都市：住,100000,2058,持分移轉,00290000
RPTSMLNKMHMFFEF09CB,水仙段,62.08,都市：住,100000,1740,持分移轉,00290000
RPVSMLNKMHMFFEF66CB,水仙段,62.08,都市：住,100000,1740,持分移轉,00290000
RPXSMLNKMHMFFEF86CB,水仙段,62.43,都市：住,100000,1750,持分移轉,00290000
RPRPMLNKMHMFFEF58CB,水仙段,74.24,都市：住,100000,2081,持分移轉,00290000
RPPTMLNKMHMFFEF78CB,水仙段,62.11,都市：住,100000,1741,持分移轉,00290000
RPSTMLNKMHMFFEF09CB,水仙段,62.18,都市：住,100000,1743,持分移轉,00290000
RPQTMLNKMHMFFEF88CB,水仙段,62.08,都市：住,100000,1740,持分移轉,00290000
RPUTMLNKMHMFFEF66CB,水仙段,62.18,都市：住,100000,1743,持分移轉,00290000
RPOTMLNKMHMFFEF68CB,水仙段,62.47,都市：住,100000,1751,持分移轉,00290000
RPQNMLRKMHMFFAF28CB,大豐段,26.81,都市：住,1000000,6611,持分移轉,00010000
RPWNMLRKMHMFFAF88CB,大豐段,26.81,都市：住,1000000,6611,持分移轉,00010000
RPTOMLRKMHMFFAF68CB,大豐段,17.67,都市：住,1000000,4358,持分移轉,00010000
RPQPMLRKMHMFFAF48CB,大豐段,25.89,都市：住,1000000,6384,持分移轉,00010000
RPRPMLRKMHMFFAF58CB,大豐段,25.89,都市：住,1000000,6384,持分移轉,00010000
RPSPMLRKMHMFFAF68CB,大豐段,22.48,都市：住,1000000,5543,持分移轉,00010000
RPTPMLRKMHMFFAF78CB,大豐段,25.72,都市：住,1000000,6342,持分移轉,00010000
RPVPMLRKMHMFFAF98CB,大豐段,18.08,都市：住,1000000,4458,持分移轉,00010000
RPWPMLRKMHMFFAF09CB,大豐段,17.67,都市：住,1000000,4358,持分移轉,00010000
RPXPMLRKMHMFFAF56CB,大豐段,23.85,都市：住,1000000,5881,持分移轉,00010000
RPOQMLRKMHMFFAF38CB,大豐段,23.85,都市：住,1000000,5881,持分移轉,00010000
RPQQMLRKMHMFFAF58CB,大豐段,23.85,都市：住,1000000,5881,持分移轉,00010000
RPPQMLRKMHMFFAF48CB,大豐段,23.85,都市：住,1000000,5881,持分移轉,00010000
RPRQMLRKMHMFFAF68CB,大豐段,23.85,都市：住,1000000,5881,持分移轉,00010000
RPSQMLRKMHMFFAF78CB,大豐段,23.85,都市：住,1000000,5881,持分移轉,00010000
RPWTMLNKMHMFFEF86CB,水仙段,62.18,都市：住,100000,1743,持分移轉,00290000
RPTVMLNKMHMFFEF76CB,水仙段,73.24,都市：住,100000,2053,持分移轉,00290000
RPTQMLRKMHMFFAF88CB,大豐段,26.23,都市：住,1000000,6468,持分移轉,00010000
RPUQMLOKMHMFFEF09CB,水仙段,73.78,都市：住,100000,2068,持分移轉,00290000
RPROMLRKMHMFFEF88CB,水仙段,87.26,都市：住,100000,2446,持分移轉,00290000
RPOVMLNKMHMFFEF88CB,水仙段,62.04,都市：住,100000,1739,持分移轉,00290000
RPRUMLNKMHMFFEF09CB,水仙段,88.37,都市：住,100000,2477,持分移轉,00290000
RPWUMLNKMHMFFEF96CB,水仙段,62.40,都市：住,100000,1749,持分移轉,00290000
RPUQMLRKMHMFFAF98CB,大豐段,26.23,都市：住,1000000,6468,持分移轉,00010000
RPVUMLNKMHMFFEF86CB,水仙段,62.04,都市：住,100000,1739,持分移轉,00290000
RPWQMLRKMHMFFAF56CB,大豐段,26.23,都市：住,1000000,6468,持分移轉,00010000
RPQRMLRKMHMFFAF68CB,大豐段,15.61,都市：住,1000000,3849,持分移轉,00010000
RPORMLRKMHMFFAF48CB,大豐段,26.16,都市：住,1000000,6451,持分移轉,00010000
RPPRMLRKMHMFFAF58CB,大豐段,26.94,都市：住,1000000,6645,持分移轉,00010000
RPSRMLRKMHMFFAF88CB,大豐段,16.21,都市：住,1000000,3999,持分移轉,00010000
RPVQMLRKMHMFFAF09CB,大豐段,26.23,都市：住,1000000,6468,持分移轉,00010000
RPXQMLRKMHMFFAF66CB,大豐段,26.23,都市：住,1000000,6468,持分移轉,00010000
RPRRMLRKMHMFFAF78CB,大豐段,15.81,都市：住,1000000,3899,持分移轉,00010000
RPVRMLRKMHMFFAF56CB,大豐段,26.77,都市：住,1000000,6601,持分移轉,00010000
RPURMLRKMHMFFAF09CB,大豐段,26.77,都市：住,1000000,6601,持分移轉,00010000
RPXRMLRKMHMFFAF76CB,大豐段,26.77,都市：住,1000000,6601,持分移轉,00010000
RPTRMLRKMHMFFAF98CB,大豐段,15.81,都市：住,1000000,3899,持分移轉,00010000
RPVNMLRKMHMFFBF88CB,丹鳳段,11.19,都市：住,100000,183,持分移轉,04460000
RPWRMLRKMHMFFAF66CB,大豐段,26.77,都市：住,1000000,6601,持分移轉,00010000
RPORMLOLMHMFFBF38CB,國宅段,41.58,都市：住,100000,1267,持分移轉,00970001
RPWQMLOLMHMFFBF09CB,國宅段,41.58,都市：住,100000,1267,持分移轉,00970001
RPTNMLRKMHMFFBF68CB,丹鳳段,11.68,都市：住,100000,191,持分移轉,04460000
RPOSMLRKMHMFFAF58CB,大豐段,26.77,都市：住,1000000,6601,持分移轉,00010000
RPRRMLOLMHMFFBF68CB,國宅段,41.58,都市：住,100000,1267,持分移轉,00970001
RPVQMLOLMHMFFBF98CB,國宅段,44.86,都市：住,100000,1367,持分移轉,00970001
RPPSMLRKMHMFFAF68CB,大豐段,26.77,都市：住,1000000,6601,持分移轉,00010000
RPURMLOLMHMFFBF98CB,國宅段,41.58,都市：住,100000,1267,持分移轉,00970001
RPSRMLOLMHMFFBF78CB,國宅段,41.58,都市：住,100000,1267,持分移轉,00970001
RPXQMLOLMHMFFBF56CB,國宅段,41.58,都市：住,100000,1267,持分移轉,00970001
RPPRMLOLMHMFFBF48CB,國宅段,41.58,都市：住,100000,1267,持分移轉,00970001
RPVRMLOLMHMFFBF09CB,國宅段,44.86,都市：住,100000,1367,持分移轉,00970001
RPOSMLOLMHMFFBF48CB,國宅段,37.90,都市：住,100000,1155,持分移轉,00970001
RPWRMLOLMHMFFBF56CB,國宅段,37.90,都市：住,100000,1155,持分移轉,00970001
RPPSMLOLMHMFFBF58CB,國宅段,37.90,都市：住,100000,1155,持分移轉,00970001
RPVSMLOLMHMFFBF56CB,國宅段,37.90,都市：住,100000,1155,持分移轉,00970001
RPXSMLOLMHMFFBF76CB,國宅段,37.90,都市：住,100000,1155,持分移轉,00970001
RPQSMLOLMHMFFBF68CB,國宅段,37.90,都市：住,100000,1155,持分移轉,00970001
RPRSMLOLMHMFFBF78CB,國宅段,37.90,都市：住,100000,1155,持分移轉,00970001
RPWSMLOLMHMFFBF66CB,國宅段,37.90,都市：住,100000,1155,持分移轉,00970001
RPOTMLOLMHMFFBF58CB,國宅段,47.68,都市：住,100000,1453,持分移轉,00970001
RPTRMLOLMHMFFBF88CB,國宅段,41.58,都市：住,100000,1267,持分移轉,00970001
RPSTMLOLMHMFFBF98CB,國宅段,27.63,都市：住,100000,842,持分移轉,00970001
RPTSMLOLMHMFFBF98CB,國宅段,37.90,都市：住,100000,1155,持分移轉,00970001
RPXTMLOLMHMFFBF86CB,國宅段,28.52,都市：住,100000,869,持分移轉,00970001
RPTTMLOLMHMFFBF09CB,國宅段,28.52,都市：住,100000,869,持分移轉,00970001
RPWTMLOLMHMFFBF76CB,國宅段,28.52,都市：住,100000,869,持分移轉,00970001
RPUTMLOLMHMFFBF56CB,國宅段,28.52,都市：住,100000,869,持分移轉,00970001
RPRUMLOLMHMFFBF98CB,國宅段,28.52,都市：住,100000,869,持分移轉,00970001
RPOUMLOLMHMFFBF68CB,國宅段,28.52,都市：住,100000,869,持分移轉,00970001
RPPUMLOLMHMFFBF78CB,國宅段,28.52,都市：住,100000,869,持分移轉,00970001
RPSUMLOLMHMFFBF09CB,國宅段,28.52,都市：住,100000,869,持分移轉,00970001
RPVUMLOLMHMFFBF76CB,國宅段,34.06,都市：住,100000,1038,持分移轉,00970001
RPXUMLOLMHMFFBF96CB,國宅段,27.66,都市：住,100000,843,持分移轉,00970001
RPTUMLOLMHMFFBF56CB,國宅段,28.52,都市：住,100000,869,持分移轉,00970001
RPTVMLOLMHMFFBF66CB,國宅段,27.66,都市：住,100000,843,持分移轉,00970001
RPQVMLOLMHMFFBF98CB,國宅段,27.66,都市：住,100000,843,持分移轉,00970001
RPVVMLOLMHMFFBF86CB,國宅段,27.66,都市：住,100000,843,持分移轉,00970001
RPWUMLOLMHMFFBF86CB,國宅段,26.74,都市：住,100000,815,持分移轉,00970001
RPPVMLOLMHMFFBF88CB,國宅段,27.66,都市：住,100000,843,持分移轉,00970001
RPQWMLOLMHMFFBF09CB,國宅段,27.66,都市：住,100000,843,持分移轉,00970001
RPRWMLOLMHMFFBF56CB,國宅段,27.66,都市：住,100000,843,持分移轉,00970001
RPSVMLOLMHMFFBF56CB,國宅段,27.66,都市：住,100000,843,持分移轉,00970001
RPSWMLOLMHMFFBF66CB,國宅段,27.66,都市：住,100000,843,持分移轉,00970001
RPVWMLOLMHMFFBF96CB,國宅段,34.69,都市：住,100000,1057,持分移轉,00970001
RPTWMLOLMHMFFBF76CB,國宅段,27.66,都市：住,100000,843,持分移轉,00970001
RPPNMLPLMHMFFBF18CB,國宅段,37.25,都市：住,100000,1135,持分移轉,00970001
RPSNMLPLMHMFFBF48CB,國宅段,37.25,都市：住,100000,1135,持分移轉,00970001
RPRNMLPLMHMFFBF38CB,國宅段,37.25,都市：住,100000,1135,持分移轉,00970001
RPXNMLPLMHMFFBF98CB,國宅段,37.25,都市：住,100000,1135,持分移轉,00970001
RPUNMLPLMHMFFBF68CB,國宅段,37.25,都市：住,100000,1135,持分移轉,00970001
RPWNMLPLMHMFFBF88CB,國宅段,37.25,都市：住,100000,1135,持分移轉,00970001
RPPPMLPLMHMFFBF38CB,國宅段,27.01,都市：住,100000,823,持分移轉,00970001
RPROMLPLMHMFFBF48CB,國宅段,37.25,都市：住,100000,1135,持分移轉,00970001
RPOPMLPLMHMFFBF28CB,國宅段,27.01,都市：住,100000,823,持分移轉,00970001
RPVOMLPLMHMFFBF88CB,國宅段,27.01,都市：住,100000,823,持分移轉,00970001
RPUOMLPLMHMFFBF78CB,國宅段,45.12,都市：住,100000,1375,持分移轉,00970001
RPTOMLPLMHMFFBF68CB,國宅段,37.25,都市：住,100000,1135,持分移轉,00970001
RPPOMLPLMHMFFBF28CB,國宅段,37.25,都市：住,100000,1135,持分移轉,00970001
RPSOMLPLMHMFFBF58CB,國宅段,37.25,都市：住,100000,1135,持分移轉,00970001
RPVPMLPLMHMFFBF98CB,國宅段,27.01,都市：住,100000,823,持分移轉,00970001
RPRPMLPLMHMFFBF58CB,國宅段,27.01,都市：住,100000,823,持分移轉,00970001
RPTPMLPLMHMFFBF78CB,國宅段,27.01,都市：住,100000,823,持分移轉,00970001
RPOQMLPLMHMFFBF38CB,國宅段,26.09,都市：住,100000,795,持分移轉,00970001
RPQPMLPLMHMFFBF48CB,國宅段,27.01,都市：住,100000,823,持分移轉,00970001
RPXOMLPLMHMFFBF09CB,國宅段,27.01,都市：住,100000,823,持分移轉,00970001
RPSPMLPLMHMFFBF68CB,國宅段,27.01,都市：住,100000,823,持分移轉,00970001
RPUPMLPLMHMFFBF88CB,國宅段,27.01,都市：住,100000,823,持分移轉,00970001
RPWPMLPLMHMFFBF09CB,國宅段,36.65,都市：住,100000,1117,持分移轉,00970001
RPSQMLPLMHMFFBF78CB,國宅段,27.01,都市：住,100000,823,持分移轉,00970001
RPWQMLPLMHMFFBF56CB,國宅段,27.01,都市：住,100000,823,持分移轉,00970001
RPXQMLPLMHMFFBF66CB,國宅段,27.01,都市：住,100000,823,持分移轉,00970001
RPQRMLPLMHMFFBF68CB,國宅段,27.01,都市：住,100000,823,持分移轉,00970001
RPUQMLPLMHMFFBF98CB,國宅段,27.01,都市：住,100000,823,持分移轉,00970001
RPTQMLPLMHMFFBF88CB,國宅段,27.01,都市：住,100000,823,持分移轉,00970001
RPORMLPLMHMFFBF48CB,國宅段,27.01,都市：住,100000,823,持分移轉,00970001
RPSRMLPLMHMFFBF88CB,國宅段,27.01,都市：住,100000,823,持分移轉,00970001
RPTRMLPLMHMFFBF98CB,國宅段,27.01,都市：住,100000,823,持分移轉,00970001
RPPRMLPLMHMFFBF58CB,國宅段,27.01,都市：住,100000,823,持分移轉,00970001
RPUSMLPLMHMFFBF56CB,國宅段,27.63,都市：住,100000,842,持分移轉,00970001
RPVTMLPLMHMFFBF76CB,國宅段,28.52,都市：住,100000,869,持分移轉,00970001
RPURMLPLMHMFFBF09CB,國宅段,33.50,都市：住,100000,1021,持分移轉,00970001
RPVRMLPLMHMFFBF56CB,新豐段,17.34,都市：商,1000000,2741,持分移轉,00010000
RPQUMLPLMHMFFBF98CB,國宅段,28.52,都市：住,100000,869,持分移轉,00970001
RPQVMLPLMHMFFBF09CB,國宅段,28.52,都市：住,100000,869,持分移轉,00970001
RPVSMLPLMHMFFBF66CB,國宅段,28.52,都市：住,100000,869,持分移轉,00970001
RPPVMLPLMHMFFBF98CB,國宅段,28.52,都市：住,100000,869,持分移轉,00970001
RPRVMLPLMHMFFBF56CB,國宅段,28.52,都市：住,100000,869,持分移轉,00970001
RPXTMLPLMHMFFBF96CB,國宅段,28.52,都市：住,100000,869,持分移轉,00970001
RPSVMLPLMHMFFBF66CB,國宅段,28.52,都市：住,100000,869,持分移轉,00970001
RPUVMLPLMHMFFBF86CB,國宅段,28.52,都市：住,100000,869,持分移轉,00970001
RPVVMLPLMHMFFBF96CB,國宅段,28.52,都市：住,100000,869,持分移轉,00970001
RPXNNLPLMHMFFBF09CB,新豐段,15.57,都市：商,100000,246,持分移轉,00010000
RPWVMLPLMHMFFBF07CB,國宅段,34.06,都市：住,100000,1038,持分移轉,00970001
RPVONLPLMHMFFBF98CB,龍鳳段,19.89,都市：住,100000,694,持分移轉,06590000
RPXONLPLMHMFFBF56CB,龍鳳段,12.38,都市：住,100000,551,持分移轉,06610000
RPSONLPLMHMFFBF68CB,龍鳳段,20.30,都市：住,100000,708,持分移轉,06590000
RPQPNLPLMHMFFBF58CB,龍鳳段,16.28,都市：住,100000,568,持分移轉,06590000
RPWONLPLMHMFFBF09CB,龍鳳段,11.32,都市：住,100000,504,持分移轉,06610000
RPUPNLPLMHMFFBF98CB,龍鳳段,12.38,都市：住,100000,551,持分移轉,06610000
RPSPNLPLMHMFFBF78CB,龍鳳段,20.30,都市：住,100000,708,持分移轉,06590000
RPWPNLPLMHMFFBF56CB,龍鳳段,10.45,都市：住,100000,465,持分移轉,06610000
RPRQNLPLMHMFFBF78CB,龍鳳段,12.29,都市：住,100000,547,持分移轉,06610000
RPTPNLPLMHMFFBF88CB,龍鳳段,9.39,都市：住,100000,418,持分移轉,06610000
RPQQNLPLMHMFFBF68CB,龍鳳段,5.95,都市：住,100000,265,持分移轉,06610000
RPSQNLPLMHMFFBF88CB,龍鳳段,12.36,都市：住,100000,550,持分移轉,06610000
RPVPNLPLMHMFFBF09CB,龍鳳段,5.95,都市：住,100000,265,持分移轉,06610000
RPXPNLPLMHMFFBF66CB,龍鳳段,5.95,都市：住,100000,265,持分移轉,06610000
RPPQNLPLMHMFFBF58CB,龍鳳段,5.95,都市：住,100000,265,持分移轉,06610000
RPTRNLPLMHMFFBF09CB,龍鳳段,20.30,都市：住,100000,708,持分移轉,06590000
RPQRNLPLMHMFFBF78CB,龍鳳段,12.36,都市：住,100000,550,持分移轉,06610000
RPPRNLPLMHMFFBF68CB,龍鳳段,8.20,都市：住,100000,365,持分移轉,06610000
RPSRNLPLMHMFFBF98CB,龍鳳段,7.89,都市：住,100000,351,持分移轉,06610000
RPRRNLPLMHMFFBF88CB,龍鳳段,5.62,都市：住,100000,250,持分移轉,06610000
RPWQNLPLMHMFFBF66CB,龍鳳段,9.73,都市：住,100000,433,持分移轉,06610000
RPTQNLPLMHMFFBF98CB,龍鳳段,8.40,都市：住,100000,374,持分移轉,06610000
RPORNLPLMHMFFBF58CB,龍鳳段,12.38,都市：住,100000,551,持分移轉,06610000
RPVQNLPLMHMFFBF56CB,龍鳳段,12.38,都市：住,100000,551,持分移轉,06610000
RPXQNLPLMHMFFBF76CB,龍鳳段,4.79,都市：住,100000,213,持分移轉,06610000
RPWRNLPLMHMFFBF76CB,龍鳳段,10.99,都市：住,100000,489,持分移轉,06610000
RPURNLPLMHMFFBF56CB,龍鳳段,6.56,都市：住,100000,292,持分移轉,06610000
RPOSNLPLMHMFFBF68CB,龍鳳段,19.89,都市：住,100000,694,持分移轉,06590000
RPQSNLPLMHMFFBF88CB,龍鳳段,5.95,都市：住,100000,265,持分移轉,06610000
RPSSNLPLMHMFFBF09CB,龍鳳段,11.23,都市：住,100000,500,持分移轉,06610000
RPXRNLPLMHMFFBF86CB,龍鳳段,12.38,都市：住,100000,551,持分移轉,06610000
RPUSNLPLMHMFFBF66CB,龍鳳段,19.89,都市：住,100000,694,持分移轉,06590000
RPOTNLPLMHMFFBF78CB,龍鳳段,4.79,都市：住,100000,213,持分移轉,06610000
RPTSNLPLMHMFFBF56CB,龍鳳段,7.80,都市：住,100000,347,持分移轉,06610000
RPVSNLPLMHMFFBF76CB,龍鳳段,7.89,都市：住,100000,351,持分移轉,06610000
RPPTNLPLMHMFFBF88CB,龍鳳段,20.01,都市：住,100000,698,持分移轉,06590000
RPTTNLPLMHMFFBF66CB,龍鳳段,5.95,都市：住,100000,265,持分移轉,06610000
RPSTNLPLMHMFFBF56CB,龍鳳段,5.95,都市：住,100000,265,持分移轉,06610000
RPQTNLPLMHMFFBF98CB,龍鳳段,5.95,都市：住,100000,265,持分移轉,06610000
RPUTNLPLMHMFFBF76CB,龍鳳段,6.63,都市：住,100000,295,持分移轉,06610000
RPWTNLPLMHMFFBF96CB,龍鳳段,10.45,都市：住,100000,465,持分移轉,06610000
RPXTNLPLMHMFFBF07CB,龍鳳段,10.04,都市：住,100000,447,持分移轉,06610000
RPOUNLPLMHMFFBF88CB,龍鳳段,11.32,都市：住,100000,504,持分移轉,06610000
RPRTNLPLMHMFFBF09CB,龍鳳段,19.89,都市：住,100000,694,持分移轉,06590000
RPVTNLPLMHMFFBF86CB,龍鳳段,12.38,都市：住,100000,551,持分移轉,06610000
RPPUNLPLMHMFFBF98CB,龍鳳段,4.79,都市：住,100000,213,持分移轉,06610000
RPSUNLPLMHMFFBF66CB,龍鳳段,5.95,都市：住,100000,265,持分移轉,06610000
RPTUNLPLMHMFFBF76CB,龍鳳段,9.06,都市：住,100000,403,持分移轉,06610000
RPRUNLPLMHMFFBF56CB,龍鳳段,4.79,都市：住,100000,213,持分移轉,06610000
RPUUNLPLMHMFFBF86CB,龍鳳段,20.30,都市：住,100000,708,持分移轉,06590000
RPVUNLPLMHMFFBF96CB,龍鳳段,16.43,都市：住,100000,573,持分移轉,06590000
RPWUNLPLMHMFFBF07CB,龍鳳段,9.39,都市：住,100000,418,持分移轉,06610000
RPWVNLPLMHMFFBF17CB,龍鳳段,12.38,都市：住,100000,551,持分移轉,06610000
RPOWNLPLMHMFFBF09CB,龍鳳段,9.39,都市：住,100000,418,持分移轉,06610000
RPXUNLPLMHMFFBF17CB,龍鳳段,19.89,都市：住,100000,694,持分移轉,06590000
RPSVNLPLMHMFFBF76CB,龍鳳段,10.13,都市：住,100000,451,持分移轉,06610000
RPVVNLPLMHMFFBF07CB,龍鳳段,5.95,都市：住,100000,265,持分移轉,06610000
RPRVNLPLMHMFFBF66CB,龍鳳段,16.05,都市：住,100000,560,持分移轉,06590000
RPXVNLPLMHMFFBF27CB,龍鳳段,6.63,都市：住,100000,295,持分移轉,06610000
RPOVNLPLMHMFFBF98CB,龍鳳段,12.38,都市：住,100000,551,持分移轉,06610000
RPUVNLPLMHMFFBF96CB,龍鳳段,11.23,都市：住,100000,500,持分移轉,06610000
RPQWNLPLMHMFFBF66CB,龍鳳段,10.45,都市：住,100000,465,持分移轉,06610000
RPSWNLPLMHMFFBF86CB,龍鳳段,17.80,都市：住,100000,621,持分移轉,06590000
RPUWNLPLMHMFFBF07CB,龍鳳段,4.79,都市：住,100000,213,持分移轉,06610000
RPQVNLPLMHMFFBF56CB,龍鳳段,11.23,都市：住,100000,500,持分移轉,06610000
RPTWNLPLMHMFFBF96CB,龍鳳段,4.79,都市：住,100000,213,持分移轉,06610000
RPPWNLPLMHMFFBF56CB,龍鳳段,7.89,都市：住,100000,351,持分移轉,06610000
RPRWNLPLMHMFFBF76CB,龍鳳段,19.89,都市：住,100000,694,持分移轉,06590000
RPSNOLPLMHMFFBF68CB,龍鳳段,11.32,都市：住,100000,504,持分移轉,06610000
RPQNOLPLMHMFFBF48CB,龍鳳段,5.95,都市：住,100000,265,持分移轉,06610000
RPUNOLPLMHMFFBF88CB,龍鳳段,8.20,都市：住,100000,365,持分移轉,06610000
RPWNOLPLMHMFFBF09CB,龍鳳段,19.89,都市：住,100000,694,持分移轉,06590000
RPXWNLPLMHMFFBF37CB,龍鳳段,22.04,都市：住,100000,769,持分移轉,06590000
RPVNOLPLMHMFFBF98CB,龍鳳段,12.36,都市：住,100000,550,持分移轉,06610000
RPTNOLPLMHMFFBF78CB,龍鳳段,4.79,都市：住,100000,213,持分移轉,06610000
RPXNOLPLMHMFFBF56CB,龍鳳段,7.89,都市：住,100000,351,持分移轉,06610000
RPRNOLPLMHMFFBF58CB,龍鳳段,10.43,都市：住,100000,464,持分移轉,06610000
RPPOOLPLMHMFFBF48CB,龍鳳段,12.36,都市：住,100000,550,持分移轉,06610000
RPROOLPLMHMFFBF68CB,龍鳳段,10.13,都市：住,100000,451,持分移轉,06610000
RPTOOLPLMHMFFBF88CB,龍鳳段,10.90,都市：住,100000,485,持分移轉,06610000
RPQOOLPLMHMFFBF58CB,龍鳳段,10.04,都市：住,100000,447,持分移轉,06610000
RPSOOLPLMHMFFBF78CB,龍鳳段,7.93,都市：住,100000,353,持分移轉,06610000
RPTPOLPLMHMFFBF98CB,龍鳳段,16.05,都市：住,100000,560,持分移轉,06590000
RPOOOLPLMHMFFBF38CB,龍鳳段,9.06,都市：住,100000,403,持分移轉,06610000
RPUNMLRLMHMFFBF88CB,國宅段,62.15,都市：住,100000,1894,持分移轉,00970001
RPWNMLRLMHMFFBF09CB,國宅段,65.43,都市：住,100000,1994,持分移轉,00970001
RPTPMLRLMHMFFBF98CB,國宅段,59.10,都市：住,100000,1801,持分移轉,00970001
RPOSMLRLMHMFFBF78CB,龍鳳段,8.40,都市：住,100000,374,持分移轉,06610000
RPPNMLRLMHMFFBF38CB,國宅段,46.60,都市：住,100000,1420,持分移轉,00970001
RPWRMLRLMHMFFBF86CB,龍鳳段,12.27,都市：住,100000,546,持分移轉,06610000
RPURMLRLMHMFFBF66CB,龍鳳段,8.40,都市：住,100000,374,持分移轉,06610000
RPTRMLRLMHMFFBF56CB,龍鳳段,5.95,都市：住,100000,265,持分移轉,06610000
RPSRMLRLMHMFFBF09CB,龍鳳段,7.80,都市：住,100000,347,持分移轉,06610000
RPSNMLRLMHMFFBF68CB,國宅段,62.15,都市：住,100000,1894,持分移轉,00970001
RPPSMLRLMHMFFBF88CB,龍鳳段,12.29,都市：住,100000,547,持分移轉,06610000
RPOTMLRLMHMFFBF88CB,龍鳳段,20.67,都市：住,100000,721,持分移轉,06590000
RPSSMLRLMHMFFBF56CB,龍鳳段,16.77,都市：住,100000,585,持分移轉,06590000
RPVSMLRLMHMFFBF86CB,龍鳳段,16.05,都市：住,100000,560,持分移轉,06590000
RPUSMLRLMHMFFBF76CB,龍鳳段,19.89,都市：住,100000,694,持分移轉,06590000
RPPTMLRLMHMFFBF98CB,龍鳳段,20.01,都市：住,100000,698,持分移轉,06590000
RPXSMLRLMHMFFBF07CB,龍鳳段,12.27,都市：住,100000,546,持分移轉,06610000
RPQSMLRLMHMFFBF98CB,龍鳳段,12.29,都市：住,100000,547,持分移轉,06610000
RPWSMLRLMHMFFBF96CB,龍鳳段,21.47,都市：住,100000,749,持分移轉,06590000
RPWOMLRLMHMFFEF86CB,水仙段,21.13,都市：住,100000,887,持分移轉,00570002
RPQNMLSLMHMFFEF88CB,水仙段,20.89,都市：住,100000,877,持分移轉,00570002
RPPPMLRLMHMFFEF88CB,水仙段,20.99,都市：住,100000,881,持分移轉,00570002
RPUNMLRLMHMFFAF98EB,大觀段,24.10,都市：住,100000,536,持分移轉,01630000
RPRNMLSLMHMFFEF98CB,水仙段,57.94,都市：住,100000,1022,持分移轉,02060000
RPSNMLSLMHMFFEF09CB,水仙段,57.94,都市：住,100000,1022,持分移轉,02060000
RPPPMLSLMHMFFEF98CB,水仙段,78.75,都市：住,100000,1894,持分移轉,02070000
RPSPMLSLMHMFFEF66CB,水仙段,84.37,都市：住,100000,2029,持分移轉,02070000
RPWPMLSLMHMFFEF07CB,水仙段,84.37,都市：住,100000,2029,持分移轉,02070000
RPQQMLSLMHMFFEF56CB,水仙段,84.37,都市：住,100000,2029,持分移轉,02070000
RPXQMLSLMHMFFEF27CB,水仙段,84.37,都市：住,100000,2029,持分移轉,02070000
RPSSMLSLMHMFFEF96CB,水仙段,26.02,都市：住,100000,1092,持分移轉,00570002
RPXRMLSLMHMFFEF37CB,水仙段,20.75,都市：住,100000,871,持分移轉,00570002
RPOSMLSLMHMFFEF56CB,水仙段,21.13,都市：住,100000,887,持分移轉,00570002
RPUSMLSLMHMFFEF17CB,水仙段,26.44,都市：住,100000,1110,持分移轉,00570002
RPRSMLSLMHMFFEF86CB,水仙段,20.75,都市：住,100000,871,持分移轉,00570002
RPXSMLSLMHMFFEF47CB,水仙段,26.25,都市：住,100000,1102,持分移轉,00570002
RPPUMLSLMHMFFEF86CB,水仙段,26.21,都市：住,100000,1100,持分移轉,00570002
RPPPMLSLMHMFFBF68CB,國宅段,19.04,都市：住,100000,1497,持分移轉,00180018
RPUTMLSLMHMFFEF27CB,水仙段,26.44,都市：住,100000,1110,持分移轉,00570002
RPXTMLSLMHMFFEF57CB,水仙段,26.25,都市：住,100000,1102,持分移轉,00570002
RPQPMLSLMHMFFBF78CB,國宅段,17.72,都市：住,100000,1393,持分移轉,00180018
RPRQMLSLMHMFFBF98CB,國宅段,19.28,都市：住,100000,1516,持分移轉,00180018
RPRPMLSLMHMFFBF88CB,國宅段,19.28,都市：住,100000,1516,持分移轉,00180018
RPOQMLSLMHMFFBF68CB,國宅段,19.28,都市：住,100000,1516,持分移轉,00180018
RPVPMLSLMHMFFBF66CB,國宅段,19.28,都市：住,100000,1516,持分移轉,00180018
RPXPMLSLMHMFFBF86CB,國宅段,19.28,都市：住,100000,1516,持分移轉,00180018
RPSQMLSLMHMFFBF09CB,國宅段,26.99,都市：住,100000,2122,持分移轉,00180018
RPTPMLSLMHMFFBF09CB,國宅段,19.28,都市：住,100000,1516,持分移轉,00180018
RPSPMLSLMHMFFBF98CB,國宅段,19.28,都市：住,100000,1516,持分移轉,00180018
RPQQMLSLMHMFFBF88CB,國宅段,19.28,都市：住,100000,1516,持分移轉,00180018
RPXQMLSLMHMFFBF96CB,國宅段,26.99,都市：住,100000,2122,持分移轉,00180018
RPWQMLSLMHMFFBF86CB,國宅段,26.99,都市：住,100000,2122,持分移轉,00180018
RPSRMLSLMHMFFBF56CB,國宅段,19.49,都市：住,100000,1532,持分移轉,00180018
RPTQMLSLMHMFFBF56CB,國宅段,24.99,都市：住,100000,1965,持分移轉,00180018
RPURMLSLMHMFFBF76CB,國宅段,17.78,都市：住,100000,1398,持分移轉,00180018
RPVQMLSLMHMFFBF76CB,國宅段,24.99,都市：住,100000,1965,持分移轉,00180018
RPTRMLSLMHMFFBF66CB,國宅段,19.14,都市：住,100000,1505,持分移轉,00180018
RPVSMLSLMHMFFBF96CB,國宅段,19.33,都市：住,100000,1520,持分移轉,00180018
RPRTMLSLMHMFFBF66CB,國宅段,21.33,都市：住,100000,1677,持分移轉,00180018
RPOTMLSLMHMFFBF98CB,國宅段,19.33,都市：住,100000,1520,持分移轉,00180018
RPQTMLSLMHMFFBF56CB,國宅段,19.33,都市：住,100000,1520,持分移轉,00180018
RPTSMLSLMHMFFBF76CB,國宅段,19.33,都市：住,100000,1520,持分移轉,00180018
RPPTMLSLMHMFFBF09CB,國宅段,19.33,都市：住,100000,1520,持分移轉,00180018
RPUSMLSLMHMFFBF86CB,國宅段,19.33,都市：住,100000,1520,持分移轉,00180018
RPPUMLSLMHMFFBF56CB,國宅段,25.85,都市：住,100000,2032,持分移轉,00180018
RPRSMLSLMHMFFBF56CB,國宅段,19.33,都市：住,100000,1520,持分移轉,00180018
RPXRMLSLMHMFFBF07CB,國宅段,19.33,都市：住,100000,1520,持分移轉,00180018
RPQUMLSLMHMFFBF66CB,國宅段,25.02,都市：住,100000,1967,持分移轉,00180018
RPRUMLSLMHMFFBF76CB,國宅段,27.02,都市：住,100000,2124,持分移轉,00180018
RPTUMLSLMHMFFBF96CB,國宅段,27.02,都市：住,100000,2124,持分移轉,00180018
RPUUMLSLMHMFFBF07CB,國宅段,26.97,都市：住,100000,2120,持分移轉,00180018
RPSUMLSLMHMFFBF86CB,國宅段,25.02,都市：住,100000,1967,持分移轉,00180018
RPVUMLSLMHMFFBF17CB,國宅段,14.45,都市：住,100000,1136,持分移轉,00180018
RPOVMLSLMHMFFBF56CB,國宅段,14.37,都市：住,100000,1130,持分移轉,00180018
RPSVMLSLMHMFFBF96CB,國宅段,14.37,都市：住,100000,1130,持分移轉,00180018
RPXUMLSLMHMFFBF37CB,國宅段,14.37,都市：住,100000,1130,持分移轉,00180018
RPRVMLSLMHMFFBF86CB,國宅段,14.37,都市：住,100000,1130,持分移轉,00180018
RPXVMLSLMHMFFBF47CB,國宅段,14.37,都市：住,100000,1130,持分移轉,00180018
RPVVMLSLMHMFFBF27CB,國宅段,14.37,都市：住,100000,1130,持分移轉,00180018
RPRWMLSLMHMFFBF96CB,國宅段,14.31,都市：住,100000,1125,持分移轉,00180018
RPPWMLSLMHMFFBF76CB,國宅段,14.37,都市：住,100000,1130,持分移轉,00180018
RPTVMLSLMHMFFBF07CB,國宅段,14.37,都市：住,100000,1130,持分移轉,00180018
RPSWMLSLMHMFFBF07CB,國宅段,14.31,都市：住,100000,1125,持分移轉,00180018
RPQWMLSLMHMFFBF86CB,國宅段,14.37,都市：住,100000,1130,持分移轉,00180018
RPUWMLSLMHMFFBF27CB,國宅段,14.31,都市：住,100000,1125,持分移轉,00180018
RPWVMLSLMHMFFBF37CB,國宅段,14.37,都市：住,100000,1130,持分移轉,00180018
RPONNLSLMHMFFBF48CB,國宅段,14.31,都市：住,100000,1125,持分移轉,00180018
RPXWMLSLMHMFFBF57CB,國宅段,14.31,都市：住,100000,1125,持分移轉,00180018
RPUNNLSLMHMFFBF09CB,國宅段,14.31,都市：住,100000,1125,持分移轉,00180018
RPTNNLSLMHMFFBF98CB,國宅段,14.31,都市：住,100000,1125,持分移轉,00180018
RPWNNLSLMHMFFBF66CB,國宅段,14.31,都市：住,100000,1125,持分移轉,00180018
RPPNNLSLMHMFFBF58CB,國宅段,14.31,都市：住,100000,1125,持分移轉,00180018
RPXNNLSLMHMFFBF76CB,國宅段,14.31,都市：住,100000,1125,持分移轉,00180018
RPQNNLSLMHMFFBF68CB,國宅段,14.31,都市：住,100000,1125,持分移轉,00180018
RPSPNLSLMHMFFBF09CB,新豐段,17.59,都市：商,100000,278,持分移轉,00010000
