﻿編號,土地位置,土地移轉面積(平方公尺),使用分區或編定,權利人持分分母,權利人持分分子,移轉情形,地號
The serial number, land position,land shifting area square meter,the use zoning or compiles and checks,,,,land parcel
RPWOMLOLKHMFFAG78DB,星月段,103.87,都市：住,1,1,全筆移轉,04720005
RPVOMLOLKHMFFAG68DB,星月段,116.72,都市：住,1,1,全筆移轉,04720008
RPXOMLOLKHMFFAG88DB,星月段,123.83,都市：住,1,1,全筆移轉,04720000
RPOPMLOKLHMFFBG08CB,公園段,10.07,都市：其他:健康休閒專用區,10000,95,持分移轉,00570001
RPPPMLOKLHMFFBG18CB,公園段,10.07,都市：其他:健康休閒專用區,10000,95,持分移轉,00570001
RPOPMLOLKHMFFAG08DB,星月段,114.98,都市：住,1,1,全筆移轉,04720001
RPOPMLOLKHMFFAG08DB,星月段,4.54,都市：住,1,1,全筆移轉,04720014
RPOPMLOLKHMFFAG08DB,星月段,15.25,都市：住,1,1,全筆移轉,04720015
RPQPMLOKLHMFFBG28CB,公園段,9.01,都市：其他:健康休閒專用區,10000,85,持分移轉,00570001
RPSPMLOKLHMFFBG48CB,公園段,10.07,都市：其他:健康休閒專用區,10000,95,持分移轉,00570001
RPRPMLOKLHMFFBG38CB,公園段,10.07,都市：其他:健康休閒專用區,10000,95,持分移轉,00570001
RPTPMLOKLHMFFBG58CB,公園段,9.01,都市：其他:健康休閒專用區,10000,85,持分移轉,00570001
RPUPMLOKLHMFFBG68CB,公園段,9.01,都市：其他:健康休閒專用區,10000,85,持分移轉,00570001
RPVPMLOKLHMFFBG78CB,公園段,8.27,都市：其他:健康休閒專用區,10000,78,持分移轉,00570001
RPWPMLOKLHMFFBG88CB,公園段,9.01,都市：其他:健康休閒專用區,10000,85,持分移轉,00570001
RPXPMLOKLHMFFBG98CB,公園段,8.27,都市：其他:健康休閒專用區,10000,78,持分移轉,00570001
RPOQMLOKLHMFFBG18CB,公園段,8.27,都市：其他:健康休閒專用區,10000,78,持分移轉,00570001
RPSQMLOKLHMFFBG58CB,公園段,8.27,都市：其他:健康休閒專用區,10000,78,持分移轉,00570001
RPTQMLOKLHMFFBG68CB,公園段,8.27,都市：其他:健康休閒專用區,10000,78,持分移轉,00570001
RPWQMLOKLHMFFBG98CB,公園段,8.27,都市：其他:健康休閒專用區,10000,78,持分移轉,00570001
RPVQMLOKLHMFFBG88CB,公園段,8.27,都市：其他:健康休閒專用區,10000,78,持分移轉,00570001
RPORMLOKLHMFFBG28CB,公園段,9.01,都市：其他:健康休閒專用區,10000,85,持分移轉,00570001
RPQRMLOKLHMFFBG48CB,公園段,10.07,都市：其他:健康休閒專用區,10000,95,持分移轉,00570001
RPXQMLOKLHMFFBG09CB,公園段,8.27,都市：其他:健康休閒專用區,10000,78,持分移轉,00570001
RPRRMLOKLHMFFBG58CB,公園段,10.07,都市：其他:健康休閒專用區,10000,95,持分移轉,00570001
RPQPMLRKLHMFFBG68DB,深福段,16.50,非都市：特定農業區 ; 非都市編定：甲種建築用地,1,1,全筆移轉,03180009
RPQPMLRKLHMFFBG68DB,深福段,74.25,非都市：特定農業區 ; 非都市編定：甲種建築用地,1,1,全筆移轉,03180010
RPPPMLRKLHMFFBG58DB,深福段,100.20,非都市：特定農業區 ; 非都市編定：甲種建築用地,1,1,全筆移轉,03180001
RPPPMLRKLHMFFBG58DB,深福段,23.24,非都市：特定農業區 ; 非都市編定：甲種建築用地,2,1,持分移轉,03180003
RPRPMLRKLHMFFBG78DB,深福段,74.25,非都市：特定農業區 ; 非都市編定：甲種建築用地,1,1,全筆移轉,03180011
RPRPMLRKLHMFFBG78DB,深福段,16.50,非都市：特定農業區 ; 非都市編定：甲種建築用地,1,1,全筆移轉,03180012
RPSPMLRKLHMFFBG88DB,深福段,16.62,非都市：特定農業區 ; 非都市編定：甲種建築用地,1,1,全筆移轉,03180017
RPSPMLRKLHMFFBG88DB,深福段,72.18,非都市：特定農業區 ; 非都市編定：甲種建築用地,1,1,全筆移轉,03180018
RPUPMLRKLHMFFBG09DB,深福段,23.22,非都市：特定農業區 ; 非都市編定：甲種建築用地,2,1,持分移轉,03180004
RPUPMLRKLHMFFBG09DB,深福段,104.74,非都市：特定農業區 ; 非都市編定：甲種建築用地,1,1,全筆移轉,03180006
RPWPMLRKLHMFFBG66DB,深福段,75.30,非都市：特定農業區 ; 非都市編定：甲種建築用地,1,1,全筆移轉,03180015
RPWPMLRKLHMFFBG66DB,深福段,16.65,非都市：特定農業區 ; 非都市編定：甲種建築用地,1,1,全筆移轉,03180016
RPVPMLRKLHMFFBG56DB,深福段,104.27,非都市：特定農業區 ; 非都市編定：甲種建築用地,1,1,全筆移轉,03180005
RPVPMLRKLHMFFBG56DB,深福段,23.22,非都市：特定農業區 ; 非都市編定：甲種建築用地,2,1,持分移轉,03180004
RPROMLQLMHMFFAG58CB,大德段,73.67,非都市：特定農業區 ; 非都市編定：農牧用地,24,1,持分移轉,05810000
RPROMLQLMHMFFAG58CB,大德段,134.00,非都市：特定農業區 ; 非都市編定：甲種建築用地,1,1,全筆移轉,05790003
RPROMLQLMHMFFAG58CB,大德段,18.00,非都市：特定農業區 ; 非都市編定：甲種建築用地,1,1,全筆移轉,05790036
RPTOMLQLMHMFFAG78CB,大德段,73.67,非都市：特定農業區 ; 非都市編定：農牧用地,24,1,持分移轉,05810000
RPTOMLQLMHMFFAG78CB,大德段,134.00,非都市：特定農業區 ; 非都市編定：甲種建築用地,1,1,全筆移轉,05790005
RPTOMLQLMHMFFAG78CB,大德段,18.00,非都市：特定農業區 ; 非都市編定：甲種建築用地,1,1,全筆移轉,05790032
RPSOMLQLMHMFFAG68CB,大德段,73.67,非都市：特定農業區 ; 非都市編定：農牧用地,24,1,持分移轉,05810000
RPSOMLQLMHMFFAG68CB,大德段,18.00,非都市：特定農業區 ; 非都市編定：甲種建築用地,1,1,全筆移轉,05790021
RPSOMLQLMHMFFAG68CB,大德段,134.00,非都市：特定農業區 ; 非都市編定：甲種建築用地,1,1,全筆移轉,05790010
RPOPMLQLMHMFFAG38CB,大德段,73.67,非都市：特定農業區 ; 非都市編定：農牧用地,24,1,持分移轉,05810000
RPOPMLQLMHMFFAG38CB,大德段,18.00,非都市：特定農業區 ; 非都市編定：甲種建築用地,1,1,全筆移轉,05790038
RPOPMLQLMHMFFAG38CB,大德段,140.00,非都市：特定農業區 ; 非都市編定：甲種建築用地,1,1,全筆移轉,05790042
RPRPMLNLKHMFFAG28DB,星月段,113.44,都市：住,1,1,全筆移轉,04720004
RPUNMLNLKHMFFAG38DB,星月段,119.91,都市：住,1,1,全筆移轉,04720009
RPTNMLNLKHMFFAG28DB,星月段,123.07,都市：住,1,1,全筆移轉,04720010
RPTPMLNLKHMFFAG48DB,星月段,113.45,都市：住,1,1,全筆移轉,04720002
RPPPMLNLKHMFFAG08DB,星月段,95.11,都市：住,1,1,全筆移轉,04720006
RPSPMLNLKHMFFAG38DB,星月段,113.45,都市：住,1,1,全筆移轉,04720003
RPOPMLNLKHMFFAG97DB,星月段,113.55,都市：住,1,1,全筆移轉,04720007
RPOPMLQLMHMFFBG48CB,拔雅林三段,19.94,都市：住,100000,546,持分移轉,07360000
RPVPMLQLMHMFFBG56CB,拔雅林三段,19.94,都市：住,100000,546,持分移轉,07360000
RPSNMLQLMHMFFBG68CB,拔雅林三段,19.94,都市：住,100000,546,持分移轉,07360000
RPWPMLQLMHMFFBG66CB,拔雅林三段,19.98,都市：住,100000,547,持分移轉,07360000
RPSPMLQLMHMFFBG88CB,拔雅林三段,19.98,都市：住,100000,547,持分移轉,07360000
RPPPMLQLMHMFFBG58CB,拔雅林三段,19.94,都市：住,100000,546,持分移轉,07360000
RPRNMLQLMHMFFBG58CB,拔雅林三段,19.94,都市：住,100000,546,持分移轉,07360000
RPQNMLQLMHMFFBG48CB,拔雅林三段,19.94,都市：住,100000,546,持分移轉,07360000
RPRNMLRLMHMFFBG68CB,壯東段,108.00,非都市：特定農業區 ; 非都市編定：甲種建築用地,1,1,全筆移轉,09220026
RPRNMLRLMHMFFBG68CB,壯東段,9.00,非都市：特定農業區 ; 非都市編定：甲種建築用地,1,1,全筆移轉,09220009
RPRNMLRLMHMFFBG68CB,壯東段,40.89,非都市：特定農業區 ; 非都市編定：農牧用地,186000,40890,持分移轉,09240002
RPUPMLQLMHMFFBG09CB,拔雅林三段,19.98,都市：住,100000,547,持分移轉,07360000
RPUNMLRLMHMFFBG98CB,壯東段,5.00,非都市：特定農業區 ; 非都市編定：甲種建築用地,1,1,全筆移轉,09220002
RPUNMLRLMHMFFBG98CB,壯東段,10.00,非都市：特定農業區 ; 非都市編定：甲種建築用地,1,1,全筆移轉,09220016
RPUNMLRLMHMFFBG98CB,壯東段,9.65,非都市：特定農業區 ; 非都市編定：農牧用地,186000,9649,持分移轉,09240002
RPUNMLRLMHMFFBG98CB,壯東段,23.00,非都市：特定農業區 ; 非都市編定：甲種建築用地,1,1,全筆移轉,09220018
RPUNMLRLMHMFFBG98CB,壯東段,121.00,非都市：特定農業區 ; 非都市編定：甲種建築用地,1,1,全筆移轉,09220001
RPVNMLRLMHMFFBG09CB,壯東段,112.00,非都市：特定農業區 ; 非都市編定：甲種建築用地,1,1,全筆移轉,09220006
RPVNMLRLMHMFFBG09CB,壯東段,31.00,非都市：特定農業區 ; 非都市編定：甲種建築用地,1,1,全筆移轉,09220010
RPVNMLRLMHMFFBG09CB,壯東段,9.65,非都市：特定農業區 ; 非都市編定：農牧用地,186000,9649,持分移轉,09240002
RPTNMLRLMHMFFBG88CB,壯東段,120.00,非都市：特定農業區 ; 非都市編定：甲種建築用地,1,1,全筆移轉,09220024
RPTNMLRLMHMFFBG88CB,壯東段,31.00,非都市：特定農業區 ; 非都市編定：甲種建築用地,1,1,全筆移轉,09220013
RPTNMLRLMHMFFBG88CB,壯東段,11.43,非都市：特定農業區 ; 非都市編定：農牧用地,186000,11429,持分移轉,09240002
RPOOMLRLMHMFFBG48CB,拔雅林三段,22.39,都市：住,100000,613,持分移轉,07360000
RPSNMLRLMHMFFBG78CB,壯東段,31.00,非都市：特定農業區 ; 非都市編定：甲種建築用地,1,1,全筆移轉,09220011
RPSNMLRLMHMFFBG78CB,壯東段,122.00,非都市：特定農業區 ; 非都市編定：甲種建築用地,1,1,全筆移轉,09220025
RPSNMLRLMHMFFBG78CB,壯東段,14.57,非都市：特定農業區 ; 非都市編定：農牧用地,186000,14569,持分移轉,09240002
RPPPMLRLMHMFFBG68CB,拔雅林三段,19.98,都市：住,100000,547,持分移轉,07360000
RPQPMLRLMHMFFBG78CB,拔雅林三段,19.98,都市：住,100000,547,持分移轉,07360000
RPSOMLRLMHMFFBG88CB,拔雅林三段,22.39,都市：住,100000,613,持分移轉,07360000
RPUOMLRLMHMFFBG09CB,拔雅林三段,22.39,都市：住,100000,613,持分移轉,07360000
RPQOMLRLMHMFFBG68CB,拔雅林三段,22.39,都市：住,100000,613,持分移轉,07360000
RPOPMLRLMHMFFBG58CB,拔雅林三段,19.98,都市：住,100000,547,持分移轉,07360000
RPWOMLRLMHMFFBG66CB,拔雅林三段,19.98,都市：住,100000,547,持分移轉,07360000
RPVOMLRLMHMFFBG56CB,拔雅林三段,20.56,都市：住,100000,563,持分移轉,07360000
RPTOMLRLMHMFFBG98CB,拔雅林三段,22.39,都市：住,100000,613,持分移轉,07360000
RPTPMLRLMHMFFBG09CB,拔雅林三段,22.61,都市：住,100000,619,持分移轉,07360000
RPUPMLRLMHMFFBG56CB,拔雅林三段,19.98,都市：住,100000,547,持分移轉,07360000
RPRPMLRLMHMFFBG88CB,拔雅林三段,19.98,都市：住,100000,547,持分移轉,07360000
RPWPMLRLMHMFFBG76CB,拔雅林三段,19.98,都市：住,100000,547,持分移轉,07360000
RPQQMLRLMHMFFBG88CB,拔雅林三段,19.98,都市：住,100000,547,持分移轉,07360000
RPXPMLRLMHMFFBG86CB,拔雅林三段,20.56,都市：住,100000,563,持分移轉,07360000
RPSPMLRLMHMFFBG98CB,拔雅林三段,19.98,都市：住,100000,547,持分移轉,07360000
RPRQMLRLMHMFFBG98CB,拔雅林三段,19.98,都市：住,100000,547,持分移轉,07360000
RPUQMLRLMHMFFBG66CB,拔雅林三段,19.94,都市：住,100000,546,持分移轉,07360000
RPORMLRLMHMFFBG78CB,拔雅林三段,19.98,都市：住,100000,547,持分移轉,07360000
RPSRMLRLMHMFFBG56CB,拔雅林三段,19.98,都市：住,100000,547,持分移轉,07360000
RPXQMLRLMHMFFBG96CB,拔雅林三段,19.98,都市：住,100000,547,持分移轉,07360000
RPVQMLRLMHMFFBG76CB,拔雅林三段,19.94,都市：住,100000,546,持分移轉,07360000
RPVPMLRLMHMFFBG66CB,拔雅林三段,19.98,都市：住,100000,547,持分移轉,07360000
RPXRMLRLMHMFFBG07CB,拔雅林三段,19.98,都市：住,100000,547,持分移轉,07360000
RPURMLRLMHMFFBG76CB,拔雅林三段,22.35,都市：住,100000,612,持分移轉,07360000
RPRRMLRLMHMFFBG09CB,拔雅林三段,23.56,都市：住,100000,645,持分移轉,07360000
RPVRMLRLMHMFFBG86CB,拔雅林三段,22.35,都市：住,100000,612,持分移轉,07360000
RPRNMLRLMHMFFAG58CB,大德段,73.67,非都市：特定農業區 ; 非都市編定：農牧用地,24,1,持分移轉,05810000
RPRNMLRLMHMFFAG58CB,大德段,130.00,非都市：特定農業區 ; 非都市編定：甲種建築用地,1,1,全筆移轉,05790011
RPRNMLRLMHMFFAG58CB,大德段,18.00,非都市：特定農業區 ; 非都市編定：甲種建築用地,1,1,全筆移轉,05790019
RPRNMLRLMHMFFAG58CB,大德段,4.00,非都市：特定農業區 ; 非都市編定：甲種建築用地,1,1,全筆移轉,05790020
RPSNMLRLMHMFFAG68CB,大德段,73.67,非都市：特定農業區 ; 非都市編定：農牧用地,24,1,持分移轉,05810000
RPSNMLRLMHMFFAG68CB,大德段,18.00,非都市：特定農業區 ; 非都市編定：甲種建築用地,1,1,全筆移轉,05790024
RPSNMLRLMHMFFAG68CB,大德段,134.00,非都市：特定農業區 ; 非都市編定：甲種建築用地,1,1,全筆移轉,05790009
RPQRMLRLMHMFFBG98CB,拔雅林三段,22.39,都市：住,100000,613,持分移轉,07360000
RPTRMLRLMHMFFBG66CB,拔雅林三段,19.94,都市：住,100000,546,持分移轉,07360000
RPTNMLRLMHMFFAG78CB,大德段,73.67,非都市：特定農業區 ; 非都市編定：農牧用地,24,1,持分移轉,05810000
RPTNMLRLMHMFFAG78CB,大德段,18.00,非都市：特定農業區 ; 非都市編定：甲種建築用地,1,1,全筆移轉,05790028
RPTNMLRLMHMFFAG78CB,大德段,134.00,非都市：特定農業區 ; 非都市編定：甲種建築用地,1,1,全筆移轉,05790007
RPUNMLRLMHMFFAG88CB,大德段,73.67,非都市：特定農業區 ; 非都市編定：農牧用地,24,1,持分移轉,05810000
RPUNMLRLMHMFFAG88CB,大德段,151.00,非都市：特定農業區 ; 非都市編定：甲種建築用地,1,1,全筆移轉,05790000
RPUNMLRLMHMFFAG88CB,大德段,19.00,非都市：特定農業區 ; 非都市編定：甲種建築用地,1,1,全筆移轉,05790040
RPVNMLRLMHMFFAG98CB,大德段,73.67,非都市：特定農業區 ; 非都市編定：農牧用地,24,1,持分移轉,05810000
RPVNMLRLMHMFFAG98CB,大德段,141.00,非都市：特定農業區 ; 非都市編定：甲種建築用地,1,1,全筆移轉,05790044
RPVNMLRLMHMFFAG98CB,大德段,18.00,非都市：特定農業區 ; 非都市編定：甲種建築用地,1,1,全筆移轉,05790034
RPWNMLRLMHMFFAG09CB,大德段,73.67,非都市：特定農業區 ; 非都市編定：農牧用地,24,1,持分移轉,05810000
RPWNMLRLMHMFFAG09CB,大德段,18.00,非都市：特定農業區 ; 非都市編定：甲種建築用地,1,1,全筆移轉,05790035
RPWNMLRLMHMFFAG09CB,大德段,141.00,非都市：特定農業區 ; 非都市編定：甲種建築用地,1,1,全筆移轉,05790043
RPTNMLSLMHMFFBG98CB,拔雅林三段,20.56,都市：住,100000,563,持分移轉,07360000
RPUNMLSLMHMFFBG09CB,拔雅林三段,19.94,都市：住,100000,546,持分移轉,07360000
RPVNMLSLMHMFFBG56CB,拔雅林三段,19.94,都市：住,100000,546,持分移轉,07360000
RPSSMLRLMHMFFBG66CB,拔雅林三段,22.39,都市：住,100000,613,持分移轉,07360000
RPQNMLSLMHMFFBG68CB,拔雅林三段,23.56,都市：住,100000,645,持分移轉,07360000
RPPSMLRLMHMFFBG98CB,拔雅林三段,19.98,都市：住,100000,547,持分移轉,07360000
RPRSMLRLMHMFFBG56CB,拔雅林三段,19.94,都市：住,100000,546,持分移轉,07360000
RPOSMLRLMHMFFBG88CB,拔雅林三段,22.39,都市：住,100000,613,持分移轉,07360000
RPWNMLSLMHMFFBG66CB,拔雅林三段,19.94,都市：住,100000,546,持分移轉,07360000
RPXNMLSLMHMFFBG76CB,拔雅林三段,23.56,都市：住,100000,645,持分移轉,07360000
RPSOMLSLMHMFFBG98CB,拔雅林三段,19.94,都市：住,100000,546,持分移轉,07360000
RPPOMLSLMHMFFBG68CB,拔雅林三段,20.56,都市：住,100000,563,持分移轉,07360000
RPOOMLSLMHMFFBG58CB,拔雅林三段,19.94,都市：住,100000,546,持分移轉,07360000
RPQOMLSLMHMFFBG78CB,拔雅林三段,19.98,都市：住,100000,547,持分移轉,07360000
RPUOMLSLMHMFFBG56CB,拔雅林三段,19.94,都市：住,100000,546,持分移轉,07360000
RPRNMLSLMHMFFBG78CB,拔雅林三段,19.94,都市：住,100000,546,持分移轉,07360000
RPXOMLSLMHMFFBG86CB,拔雅林三段,19.94,都市：住,100000,546,持分移轉,07360000
RPWOMLSLMHMFFBG76CB,拔雅林三段,20.56,都市：住,100000,563,持分移轉,07360000
RPTPMLSLMHMFFBG56CB,拔雅林三段,23.56,都市：住,100000,645,持分移轉,07360000
RPRPMLSLMHMFFBG98CB,拔雅林三段,22.39,都市：住,100000,613,持分移轉,07360000
RPVPMLSLMHMFFBG76CB,拔雅林三段,23.56,都市：住,100000,645,持分移轉,07360000
RPXPMLSLMHMFFBG96CB,拔雅林三段,19.94,都市：住,100000,546,持分移轉,07360000
RPWPMLSLMHMFFBG86CB,拔雅林三段,19.94,都市：住,100000,546,持分移轉,07360000
RPOQMLSLMHMFFBG78CB,拔雅林三段,19.94,都市：住,100000,546,持分移轉,07360000
RPPPMLSLMHMFFBG78CB,拔雅林三段,19.94,都市：住,100000,546,持分移轉,07360000
RPRQMLSLMHMFFBG09CB,拔雅林三段,19.94,都市：住,100000,546,持分移轉,07360000
RPUPMLSLMHMFFBG66CB,拔雅林三段,19.94,都市：住,100000,546,持分移轉,07360000
RPOPMLSLMHMFFBG68CB,拔雅林三段,22.39,都市：住,100000,613,持分移轉,07360000
RPPQMLSLMHMFFBG88CB,拔雅林三段,19.94,都市：住,100000,546,持分移轉,07360000
RPQQMLSLMHMFFBG98CB,拔雅林三段,19.94,都市：住,100000,546,持分移轉,07360000
RPSPMLSLMHMFFBG09CB,拔雅林三段,22.39,都市：住,100000,613,持分移轉,07360000
RPXQMLSLMHMFFBG07CB,拔雅林三段,19.94,都市：住,100000,546,持分移轉,07360000
RPQRMLSLMHMFFBG09CB,拔雅林三段,19.94,都市：住,100000,546,持分移轉,07360000
RPORMLSLMHMFFBG88CB,拔雅林三段,19.94,都市：住,100000,546,持分移轉,07360000
RPUQMLSLMHMFFBG76CB,拔雅林三段,20.56,都市：住,100000,563,持分移轉,07360000
RPURMLSLMHMFFBG86CB,拔雅林三段,19.94,都市：住,100000,546,持分移轉,07360000
RPVQMLSLMHMFFBG86CB,拔雅林三段,20.56,都市：住,100000,563,持分移轉,07360000
RPWRMLSLMHMFFBG07CB,拔雅林三段,20.56,都市：住,100000,563,持分移轉,07360000
RPTRMLSLMHMFFBG76CB,拔雅林三段,19.94,都市：住,100000,546,持分移轉,07360000
RPQSMLSLMHMFFBG56CB,拔雅林三段,19.94,都市：住,100000,546,持分移轉,07360000
RPPSMLSLMHMFFBG09CB,拔雅林三段,19.94,都市：住,100000,546,持分移轉,07360000
RPOSMLSLMHMFFBG98CB,拔雅林三段,19.94,都市：住,100000,546,持分移轉,07360000
RPUSMLSLMHMFFBG96CB,拔雅林三段,20.56,都市：住,100000,563,持分移轉,07360000
RPSRMLSLMHMFFBG66CB,拔雅林三段,19.94,都市：住,100000,546,持分移轉,07360000
RPTSMLSLMHMFFBG86CB,拔雅林三段,20.56,都市：住,100000,563,持分移轉,07360000
RPVSMLSLMHMFFBG07CB,拔雅林三段,22.35,都市：住,100000,612,持分移轉,07360000
RPRSMLSLMHMFFBG66CB,拔雅林三段,19.94,都市：住,100000,546,持分移轉,07360000
RPXSMLSLMHMFFBG27CB,拔雅林三段,22.35,都市：住,100000,612,持分移轉,07360000
RPUTMLSLMHMFFBG07CB,拔雅林三段,22.61,都市：住,100000,619,持分移轉,07360000
RPRTMLSLMHMFFBG76CB,拔雅林三段,22.39,都市：住,100000,613,持分移轉,07360000
RPWTMLSLMHMFFBG27CB,拔雅林三段,22.35,都市：住,100000,612,持分移轉,07360000
RPTTMLSLMHMFFBG96CB,拔雅林三段,19.94,都市：住,100000,546,持分移轉,07360000
RPXTMLSLMHMFFBG37CB,拔雅林三段,22.35,都市：住,100000,612,持分移轉,07360000
RPQUMLSLMHMFFBG76CB,拔雅林三段,22.61,都市：住,100000,619,持分移轉,07360000
RPOUMLSLMHMFFBG56CB,拔雅林三段,22.35,都市：住,100000,612,持分移轉,07360000
RPPUMLSLMHMFFBG66CB,拔雅林三段,22.35,都市：住,100000,612,持分移轉,07360000
RPQNMLTLMHMFFBG78CB,拔雅林三段,19.98,都市：住,100000,547,持分移轉,07360000
RPSTMLSLMHMFFBG86CB,拔雅林三段,19.94,都市：住,100000,546,持分移轉,07360000
RPRNMLTLMHMFFBG88CB,拔雅林三段,19.98,都市：住,100000,547,持分移轉,07360000
RPRUMLSLMHMFFBG86CB,拔雅林三段,19.94,都市：住,100000,546,持分移轉,07360000
RPTNMLTLMHMFFBG09CB,拔雅林三段,19.94,都市：住,100000,546,持分移轉,07360000
RPVTMLSLMHMFFBG17CB,拔雅林三段,22.35,都市：住,100000,612,持分移轉,07360000
RPSNMLTLMHMFFBG98CB,拔雅林三段,19.94,都市：住,100000,546,持分移轉,07360000
RPOOMLTLMHMFFBG68CB,拔雅林三段,22.35,都市：住,100000,612,持分移轉,07360000
RPPOMLTLMHMFFBG78CB,拔雅林三段,19.98,都市：住,100000,547,持分移轉,07360000
RPWNMLTLMHMFFBG76CB,拔雅林三段,19.94,都市：住,100000,546,持分移轉,07360000
RPQOMLTLMHMFFBG88CB,拔雅林三段,19.94,都市：住,100000,546,持分移轉,07360000
RPVNMLTLMHMFFBG66CB,拔雅林三段,19.94,都市：住,100000,546,持分移轉,07360000
RPUOMLTLMHMFFBG66CB,拔雅林三段,20.56,都市：住,100000,563,持分移轉,07360000
RPXNMLTLMHMFFBG86CB,拔雅林三段,19.94,都市：住,100000,546,持分移轉,07360000
RPWOMLTLMHMFFBG86CB,拔雅林三段,23.56,都市：住,100000,645,持分移轉,07360000
RPVOMLTLMHMFFBG76CB,拔雅林三段,20.56,都市：住,100000,563,持分移轉,07360000
RPSOMLTLMHMFFBG09CB,拔雅林三段,19.94,都市：住,100000,546,持分移轉,07360000
RPXOMLTLMHMFFBG96CB,拔雅林三段,22.35,都市：住,100000,612,持分移轉,07360000
RPOPMLTLMHMFFBG78CB,拔雅林三段,22.61,都市：住,100000,619,持分移轉,07360000
