﻿編號,土地位置,土地移轉面積(平方公尺),使用分區或編定,權利人持分分母,權利人持分分子,移轉情形,地號
The serial number, land position,land shifting area square meter,the use zoning or compiles and checks,,,,land parcel
RPTQMLMJKHMFFBH48CC,石頭段,.00,都市：商,,,,00420014
RPSNMLNJKHMFFFH78EC,興仁段,16.32,都市：商,,,,06080000
RPTNMLQJKHMFFAH48CC,大樹林段,.00,都市：住,,,,17800021
RPSNMLQJKHMFFHH09CC,蔗園段,168.38,都市：工,,,,05400000
RPSNMLQJKHMFFHH09CC,蔗園段,168.49,都市：工,,,,05390000
RPSOMLQJKHMFFAH48CC,同安段,42.70,都市：住,,,,13900000
RPVNMLSJKHMFFFH86DC,福興段,23.83,都市：住,,,,09400000
RPRPMLSJKHMFFFH66DC,豐田段,27.17,都市：住,,,,14880000
RPSOMLRJKHMFFFH56DC,豐田段,33.59,都市：住,,,,14490000
RPXNMLRJKHMFFHH07CC,善捷段,22.28,都市：住,,,,00030000
RPOOMLQJKHMFFHH78CC,善捷段,18.56,都市：住,,,,00020000
RPQPMLSJKHMFFAH58CC,寶山段,16.26,都市：住,,,,08360000
RPRPMLSJKHMFFAH68CC,三元段,16.17,都市：住,,,,08280000
RPOPMLSJKHMFFAH38CC,龍安段,7.43,都市：住,,,,02690000
RPSPMLSJKHMFFAH78CC,龍祥段,19.39,都市：住,,,,01090000
RPSPMLSJKHMFFAH78CC,龍祥段,.02,都市：住,,,,01090000
RPTPMLSJKHMFFAH88CC,會稽段,36.36,都市：住,,,,00980000
RPPOMLSJKHMFFCH58CC,烏樹林段,20.11,非都市：鄉村區 ; 非都市編定：乙種建築用地,,,,03350054
RPPNMLKKKHMFFDH87CC,梅獅段,.00,都市：住,,,,04340000
RPSNMLKKKHMFFDH18CC,大金山下段大金山下小段,.00,都市：住,,,,00460000
RPUNMLKKKHMFFHH78CC,善捷段,26.11,都市：商,,,,00030000
RPUNMLKKKHMFFEH48CC,大新段,9.15,非都市： ; 非都市編定：,,,,02290000
RPRNMLKKKHMFFFH28CC,大智段,66.98,都市：住,,,,06630000
RPTNMLKKKHMFFFH58DC,興仁段,8.31,都市：商,,,,05890000
RPVNMLKKKHMFFFH78DC,興仁段,13.98,都市：商,,,,06080000
RPPNMLMKKHMFFAH77CC,桃園段長美小段,174.00,非都市： ; 非都市編定：,,,,02340002
RPPNMLNJKHMFFHH58DC,山鶯段,79.04,都市：住,,,,03470000
RPTNMLNKKHMFFFH78CC,大華段,2.75,都市：住,,,,07840000
RPTNMLNKKHMFFFH78CC,大華段,8.35,都市：住,,,,07900000
RPRPMLNKKHMFFBH48DC,石頭段,87.00,都市：商,,,,03910008
RPWOMLNKKHMFFAH78DC,江南段,14.97,都市：住,,,,01450000
RPPQMLNKKHMFFAH28DC,雲林段,3.70,都市：住,,,,03130000
RPRQMLNKKHMFFAH48DC,同德段,20.51,都市：其他:,,,,00250000
RPTNMLNKKHMFFGH98DC,西社段,72.80,都市：住,,,,08550000
RPTOMLOKKHMFFDH78CC,大金山下段大金山下小段,.00,都市：住,,,,00100004
RPOPMLNKKHMFFAH97CC,慈文段,.00,都市：住,,,,21540001
RPTPMLNKKHMFFBH58CC,中興段,.00,都市：住,,,,05610000
RPPPMLOKKHMFFBH28CC,忠福段,.00,都市：住,,,,21020000
RPVOMLOKKHMFFBH78CC,興南段公坡小段,.00,都市：農,,,,00750000
RPWPMLSJKHMFFBH66CC,下埔頂段,1177.40,非都市：一般農業區 ; 非都市編定：丁種建築用地,,,,01390000
RPWPMLSJKHMFFBH66CC,下埔頂段,5739.57,非都市：一般農業區 ; 非都市編定：丁種建築用地,,,,01410000
RPXOMLOKKHMFFBH98CC,中壢埔頂段,.00,都市：住,,,,17650000
RPTOMLRJKHMFFBH78CC,三座屋段三座屋小段,17.13,都市：住,,,,04670002
RPWOMLKKKHMFFBH48CC,中壢埔頂段,.00,都市：住,,,,18360003
RPQOMLRJKHMFFBH48CC,青平段,345.10,都市：住,,,,01830001
RPROMLKKKHMFFBH97CC,興南段中壢老小段,38.00,都市：商,,,,01190001
RPROMLKKKHMFFBH97CC,興南段中壢老小段,.27,都市：商,,,,01200000
RPSQMLOKKHMFFAH58CC,龍安段,18.72,都市：住,,,,02420000
RPPOMLPKKHMFFBH28CC,環東段,.00,都市：住,,,,07760001
RPRPMLOKKHMFFAH38CC,陽明段,.00,都市：住,,,,01120000
RPQPMLPKKHMFFAH38CC,小檜溪段,25.80,都市：住,,,,06870002
RPTNMLPKKHMFFHH56CC,興華段,42.94,都市：住,,,,05690000
RPPPMLPKKHMFFAH28CC,春日段,34.62,都市：住,,,,11630000
RPQOMLPKKHMFFBH38CC,青昇段,275.78,都市：住,,,,03510000
RPROMLPKKHMFFDH68CC,大金山下段月眉山下小段,.00,都市：住,,,,00460000
RPQOMLPKKHMFFEH68CC,長興段,1694.81,都市：工,,,,06800000
RPWNMLQKKHMFFEH66CC,五福段,.00,都市：住,,,,03300000
RPSNMLQKKHMFFHH56CC,善捷段,14.44,都市：住,,,,00020000
RPPNMLQKKHMFFHH88CC,精忠段,19.61,都市：住,,,,13370000
RPRNMLQKKHMFFFH98DC,興仁段,20.97,都市：商,,,,06080000
RPROMLQKKHMFFFH98CC,福興段,.00,都市：商,,,,09610000
RPWOMLPKKHMFFFH76CC,興仁段,.00,都市：商,,,,06080000
RPOOMLSKKHMFFAH38CC,慈文段,.00,都市：住,,,,07810000
RPQNMLRKKHMFFHH09CC,興華段,14.10,都市：住,,,,00910000
RPWNMLQKKHMFFHH96CC,龜山段,.00,都市：商,,,,10280000
RPROMLSKKHMFFBH78CC,後興段,.00,都市：住,,,,04990003
RPPOMLRKKHMFFBH48CC,中原段,.00,都市：住,,,,03820000
RPPNMLSKKHMFFEH78CC,六福段,.00,都市：工,,,,03270000
RPXNMLQKKHMFFEH76CC,客運二段,.00,都市：住,,,,01740000
RPRQMLKLKHMFFBH28CC,中壢埔頂段,.00,都市：住,,,,15460000
RPSOMLKLKHMFFEH48CC,竹圍段拔子林小段,37.65,都市：住,,,,01910000
RPPQMLKLKHMFFBH08CC,培英段,23.91,都市：其他:,,,,00010000
RPOOMLRKKHMFFEH68CC,河底段,15.00,都市：住,,,,02570000
RPORMLQKKHMFFBH58CC,三座屋段三座屋小段,17.13,都市：住,,,,04670002
RPXOMLPKKHMFFBH09CC,青平段,60.67,都市：住,,,,00430000
RPXNMLKLKHMFFFH98CC,大智段,.00,都市：住,,,,00770000
RPXNMLKLKHMFFGH09CC,振平段,.00,都市：住,,,,02190000
RPPOMLKLKHMFFDH08CC,幼獅段,.00,都市：住,,,,12240000
RPRNMLKLKHMFFEH38DC,宏昌段,394.36,非都市：特定農業區 ; 非都市編定：農牧用地,,,,06730000
RPRNMLKLKHMFFEH38DC,宏昌段,79.45,非都市：特定農業區 ; 非都市編定：甲種建築用地,,,,06730001
RPRNMLKLKHMFFEH38DC,宏昌段,375.10,非都市：特定農業區 ; 非都市編定：農牧用地,,,,06750000
RPRNMLKLKHMFFEH38DC,宏昌段,712.89,非都市：特定農業區 ; 非都市編定：農牧用地,,,,06770000
RPRNMLKLKHMFFEH38DC,宏昌段,138.38,非都市：特定農業區 ; 非都市編定：農牧用地,,,,06800000
RPPNMLLLKHMFFEH28DC,錦中段,22.65,都市：工,,,,00970000
RPROMLLLKHMFFFH78EC,大智段,.40,都市：住,,,,00340000
RPQOMLLLKHMFFGH68DC,忠貞段,11.22,都市：商,,,,00480000
RPSNMLLLKHMFFGH78DC,平鎮段,14.65,都市：商,,,,09840000
RPWNMLLLKHMFFCH78DC,南龍段,19.96,都市：住,,,,05030000
RPVPMLLLKHMFFBH68CC,遠東段,.00,都市：住,,,,00160003
RPWOMLLLKHMFFBH68CC,東寮段,75.89,都市：住,,,,26570000
RPPOMLLLKHMFFGH48CC,新富段,.00,都市：住,,,,03710000
RPWPMLLLKHMFFBH78CC,忠孝段,.00,都市：住,,,,12870000
RPWPMLLLKHMFFBH78CC,忠孝段,.00,都市：住,,,,12880000
RPRNMLMLKHMFFAH08CC,新埔段,13.12,都市：住,,,,02880000
RPQNMLLLKHMFFAH87CC,桃園段武陵小段,131.00,都市：商,,,,01550121
RPPNMLLLKHMFFAH77CC,桃園段武陵小段,3.00,都市：商,,,,01550096
RPPNMLLLKHMFFAH77CC,桃園段武陵小段,35.00,都市：商,,,,01550098
RPPNMLLLKHMFFAH77CC,桃園段武陵小段,354.00,都市：商,,,,01550143
RPQOMLMLKHMFFBH18CC,老街溪段,.00,都市：住,,,,11790000
RPVNMLMLKHMFFGH09CC,廣豐段,.00,都市：其他:(道路用地/住宅區),,,,05050000
RPSPMLMLKHMFFBH48CC,復興段,.00,都市：住,,,,20620000
RPSNMLMLKHMFFHH88CC,興華段,52.63,都市：住,,,,04350000
RPPOMLMLKHMFFFH48CC,福興段,.00,都市：住,,,,09290000
RPVOMLMLKHMFFFH09CC,大智段,12.70,都市：住,,,,07510000
RPSOMLMLKHMFFEH68CC,橫山段橫山小段,2923.00,非都市：特定農業區 ; 非都市編定：丁種建築用地,,,,02200002
RPSOMLMLKHMFFEH68CC,橫山段橫山小段,1538.00,非都市：特定農業區 ; 非都市編定：丁種建築用地,,,,02200005
RPUOMLKLKHMFFFH88DC,福興段,32.80,都市：住,,,,08230000
RPWNMLKLKHMFFFH98DC,豐田段,32.07,都市：住,,,,14490000
RPOOMLMLKHMFFBH08DC,石頭段,26.37,都市：住,,,,00040000
RPOOMLMLKHMFFBH08DC,石頭段,.75,都市：住,,,,00040039
RPXOMLLLKHMFFBH88DC,富台段,22.48,都市：住,,,,04710000
RPUQMLMLKHMFFBH88DC,前寮段,14.00,都市：住,,,,05080001
RPRQMLMLKHMFFBH58DC,興南段中壢老小段,279.00,都市：商,,,,02220011
RPRQMLMLKHMFFBH58DC,石頭段,2.00,都市：商,,,,00320002
RPTQMLMLKHMFFBH78DC,東寮段,15.00,都市：住,,,,00290000
RPVQMLMLKHMFFBH98DC,前寮段,14.00,都市：住,,,,05080001
RPXNMLNLKHMFFGH76CC,廣東段,163.00,都市：其他:,,,,12260000
RPTNMLNLKHMFFFH09EC,興仁段,.00,都市：商,,,,05890000
RPSOMLNLKHMFFAH38CC,國聖段,8.40,都市：住,,,,07500000
RPTNMLOLKHMFFHH56CC,迴龍段,44.18,非都市： ; 非都市編定：,,,,05640000
RPUNMLOLKHMFFHH66CC,迴龍段,44.18,非都市： ; 非都市編定：,,,,05640000
RPUNMLOLKHMFFEH98CC,五福段,.00,都市：住,,,,03050000
RPOOMLOLKHMFFEH48CC,長興段,953.38,都市：工,,,,02960000
RPRRMLOLKHMFFBH98EC,普義段,7.99,都市：住,,,,03220000
RPSRMLOLKHMFFBH09EC,環東段,75.00,都市：住,,,,08290001
RPTOMLNLKHMFFFH09DC,大義段,20.34,都市：住,,,,09800000
RPPNMLPLKHMFFFH88EC,興仁段,14.54,都市：商,,,,05830000
RPXNMLLLKHMFFFH56DC,大和段,19.04,都市：住,,,,02890000
RPVNMLNLKHMFFFH56DC,大安段,18.93,非都市：鄉村區 ; 非都市編定：乙種建築用地,,,,00490000
RPVNMLNLKHMFFFH56DC,大安段,46.48,非都市：鄉村區 ; 非都市編定：乙種建築用地,,,,00530000
RPWNMLMLKHMFFFH56DC,明智段,20.26,都市：住,,,,00360000
RPROMLMLKHMFFFH78DC,豐田段,348.29,都市：住,,,,13610005
RPPOMLLLKHMFFFH48DC,大智段,24.16,都市：住,,,,04200000
RPQNMLQLKHMFFBH58DC,前寮段,14.00,都市：住,,,,05080001
RPPNMLQLKHMFFBH48DC,前寮段,14.00,都市：住,,,,05080001
RPSQMLLJLHMFFBH48DC,三座屋段舊社小段,14.51,都市：住,,,,01270069
RPWNMLLJLHMFFFH09EC,豐田段,44.38,都市：住,,,,14880000
RPSNMLLJLHMFFGH68DC,平鎮段,16.90,都市：商,,,,09530000
RPTNMLLLKHMFFFH78DC,永福段,23.22,都市：住,,,,00060000
RPRNMLLJLHMFFHH68DC,興華段,11.64,都市：住,,,,01070000
RPPNMLLJLHMFFEH28EC,錦中段,21.54,都市：工,,,,00970000
RPUOMLLJLHMFFAH48EC,法政段,60.92,都市：住,,,,03600000
RPROMLLJLHMFFAH97CC,國聖段,10.63,都市：住,,,,08510000
RPQNMLLJLHMFFHH58DC,善捷段,16.32,都市：住,,,,00030000
RPSOMLLJLHMFFAH08CC,中埔段,10.04,都市：住,,,,07320000
RPVOMLMJLHMFFAH48CC,大有段,7.50,都市：住,,,,01870000
RPWOMLMJLHMFFAH58CC,忠義段,4.52,都市：住,,,,07000000
RPOPMLMJLHMFFAH87CC,小檜溪段,31.95,都市：住,,,,10810000
RPPPMLMJLHMFFAH97CC,忠義段,6.14,都市：住,,,,07000000
RPRPMLMJLHMFFAH18CC,大有段,22.46,都市：住,,,,06480000
RPUNMLLJLHMFFFH78DC,明智段,24.60,都市：住,,,,00040000
RPTNMLLJLHMFFFH68DC,前程段,10.95,都市：住,,,,06380000
RPWOMLLJLHMFFGH09CC,廣豐段,.00,都市：住,,,,05200000
RPSNMLMJLHMFFHH78CC,龜山段,3.31,都市：住,,,,10280000
RPXNMLMJLHMFFEH98CC,六福段,17.60,都市：工,,,,03270000
RPPNMLMJLHMFFGH48DC,忠貞段,18.15,都市：住,,,,00480028
RPRNMLMJLHMFFAH08DC,龍安段,25.65,都市：住,,,,02830001
RPSNMLMJLHMFFFH68DC,大和段,15.36,都市：住,,,,02890000
RPSNMLMJLHMFFAH18DC,龍祥段,24.40,都市：住,,,,09370000
RPSNMLMJLHMFFEH58DC,竹圍段拔子林小段,64.00,都市：住,,,,01620023
RPXNMLMJLHMFFAH68DC,國聖段,12.99,都市：住,,,,07580000
RPPNMLMJLHMFFEH28DC,竹圍段拔子林小段,64.00,都市：住,,,,01620023
RPVNMLNJLHMFFEH98DC,竹圍段拔子林小段,64.00,都市：住,,,,01620023
RPOOMLNJLHMFFBH08DC,新街段,14.37,都市：住,,,,08670000
RPWNMLNJLHMFFEH09DC,竹圍段拔子林小段,64.00,都市：住,,,,01620023
RPXNMLNJLHMFFBH88DC,三座屋段舊社小段,5.78,都市：住,,,,01170000
RPTNMLNJLHMFFHH98CC,興華段,24.50,都市：商,,,,00480000
RPXOMLNJLHMFFFH76DC,福興段,20.08,都市：住,,,,07890000
RPXNMLNJLHMFFHH76CC,興華段,40.47,都市：住,,,,03130000
RPTNMLNJLHMFFAH28CC,中路五段,69.13,都市：住,,,,07700000
RPROMLNJLHMFFAH18CC,國聖段,30.81,都市：住,,,,07500000
RPWOMLNJLHMFFFH66DC,福興段,23.84,都市：住,,,,09400000
RPRNMLOJLHMFFAH18CC,法政段,22.47,都市：住,,,,04930000
RPSNMLOJLHMFFAH28CC,新埔段,99.80,都市：住,,,,09380000
RPPOMLQJLHMFFAH28CC,長安段,.00,都市：住,,,,02140000
RPSOMLNJLHMFFFH78CC,福興段,.00,都市：商,,,,09610000
RPVOMLNJLHMFFFH09CC,桃德段,.00,都市：工,,,,01050000
RPOQMLQJLHMFFBH48CC,忠孝段,.00,都市：住,,,,12870000
RPOQMLQJLHMFFBH48CC,忠孝段,.00,都市：住,,,,12880000
RPSQMLQJLHMFFBH88CC,普義段,.00,都市：住,,,,03220001
RPPQMLNJLHMFFBH28CC,忠福段,.00,都市：住,,,,33100005
RPSOMLLJLHMFFBH18CC,三座屋段舊社小段,.00,都市：住,,,,01000013
RPSOMLLJLHMFFBH18CC,三座屋段舊社小段,.00,都市：住,,,,01010014
RPRNMLQJLHMFFBH48CC,忠福段,.00,都市：住,,,,33100005
RPWOMLNJLHMFFBH78CC,榮民段,.00,都市：住,,,,07030000
RPUPMLMLKHMFFBH68CC,忠孝段,.00,都市：住,,,,06350000
RPWNMLLJLHMFFBH48CC,後興段,7.45,都市：住,,,,04880000
RPOOMLRJLHMFFFH78CC,福興段,.00,都市：商,,,,09750000
RPQOMLRJLHMFFFH98CC,豐田段,.00,都市：住,,,,14750000
RPWNMLRJLHMFFEH76CC,青山段,29.75,都市：住,,,,03550000
RPWNMLQJLHMFFGH86CC,振平段,.00,都市：住,,,,10910000
RPSPMLRJLHMFFBH88CC,華興段,.00,都市：住,,,,03340018
RPQNMLRJLHMFFHH09CC,興華段,30.64,都市：住,,,,06070000
RPRNMLRJLHMFFHH56CC,興華段,8.30,都市：商,,,,00910000
RPOOMLLJLHMFFBH77CC,三座屋段舊社小段,.00,都市：其他:(道路用地/住宅區),,,,00810000
RPQOMLOLKHMFFBH38CC,自立段,.00,都市：住,,,,08250000
RPVNMLRJLHMFFFH86DC,豐田段,61.53,非都市：鄉村區 ; 非都市編定：乙種建築用地,,,,07840000
RPROMLRJLHMFFFH56DC,興仁段,24.09,都市：住,,,,06080000
RPSQMLRJLHMFFBH09DC,新街段,12.15,都市：住,,,,08620000
RPOQMLRJLHMFFBH68DC,新街段,12.07,都市：住,,,,08620000
RPURMLRJLHMFFBH76DC,忠福段,270.00,都市：住,,,,13450000
RPWRMLSJLHMFFBH96CC,永興段,.00,都市：住,,,,02330003
RPROMLSJLHMFFBH78CC,青溪段,.00,都市：住,,,,04690000
RPUNMLSJLHMFFFH76CC,福興段,.00,都市：商,,,,09610000
RPVNMLSJLHMFFFH86CC,新興段,.00,非都市：特定農業區 ; 非都市編定：甲種建築用地,,,,09140000
RPUNMLSJLHMFFHH96CC,興華段,6.87,都市：住,,,,00280000
RPWNMLSJLHMFFHH17CC,興華段,23.27,都市：住,,,,05940000
RPSNMLTJLHMFFHH86CC,龍華段,121.00,都市：商,,,,02630000
RPTPMLRJLHMFFBH09DC,新街段,11.99,都市：商,,,,08620000
RPWPMLTJLHMFFBH86CC,後興段,.00,都市：住,,,,04880000
RPXPMLSJLHMFFBH86CC,青芝段,.00,都市：商,,,,01410000
RPSNMLTJLHMFFCH98CC,烏林段,.00,非都市：工業區 ; 非都市編定：丁種建築用地,,,,00740014
RPSNMLTJLHMFFCH98CC,烏林段,.00,非都市：工業區 ; 非都市編定：丁種建築用地,,,,00740043
RPTPMLTJLHMFFAH09CC,大樹林段,8.77,都市：住,,,,03790000
RPROMLTJLHMFFAH78CC,新埔段,.00,都市：住,,,,10320000
RPTOMLTJLHMFFAH98CC,龍安段,.00,都市：商,,,,03380000
RPVNMLTJLHMFFGH07CC,南勢段,.00,都市：商,,,,01890000
RPPOMLSJLHMFFAH48CC,大興段,.00,都市：其他:(住宅區/河川區),,,,08390000
RPRNMLRJLHMFFAH48CC,國聖段,8.32,都市：住,,,,06850000
RPUNMLSJLHMFFAH88CC,國聖段,12.99,都市：住,,,,07580000
RPQNMLRJLHMFFAH38CC,中山段,14.79,都市：住,,,,02420000
RPUPMLTJLHMFFAH56CC,延壽段,22.30,都市：住,,,,03000000
RPVPMLTJLHMFFAH66CC,中路三段,20.66,都市：住,,,,07490000
RPWOMLTJLHMFFDH07DC,新生段,75.00,都市：住,,,,09340000
RPXPMLTJLHMFFAH86CC,大樹林段,8.52,都市：住,,,,03790000
RPPOMLKKLHMFFDH18DC,高洲段,225.37,都市：住,,,,12130006
RPQPMLKKLHMFFAH97CC,桃園段武陵小段,.00,都市：住,,,,01060002
RPSOMLTJLHMFFBH09DC,青溪段,31.82,都市：住,,,,05950000
RPRPMLKKLHMFFBH28DC,青溪段,85.10,都市：住,,,,03720002
RPVPMLKKLHMFFBH68DC,雙嶺段,31.63,都市：住,,,,14170000
RPUNMLKKLHMFFGH78CC,新富段,.00,都市：其他:(道路用地/住宅區),,,,04530000
RPPPMLKKLHMFFBH97CC,中北段,.00,都市：住,,,,05480000
RPPQMLKKLHMFFBH08CC,興南段中壢老小段,.00,都市：商,,,,02240019
RPPQMLKKLHMFFBH08CC,興南段中壢老小段,.00,都市：商,,,,02220098
RPPQMLKKLHMFFBH08CC,興南段中壢老小段,.00,都市：商,,,,02220104
RPQNMLKKLHMFFHH48CC,文化段,3.00,都市：住,,,,03030000
RPUNMLNKLHMFFHH56CC,山德段,.00,都市：住,,,,06850000
RPOOMLTJLHMFFHH56CC,龜山段,.00,都市：商,,,,10280000
RPVNMLNKLHMFFHH66CC,興華段,10.23,都市：住,,,,00280000
RPWNMLNKLHMFFGH66CC,廣東段,.00,都市：住,,,,09490000
RPSNMLNKLHMFFDH58CC,大金山下段大金山下小段,.00,都市：住,,,,00100004
RPSOMLNKLHMFFAH38CC,玉山段,.00,都市：工,,,,00690000
RPOPMLNKLHMFFAH08CC,同德段,5001.24,都市：商,,,,00250000
RPTPMLNKLHMFFBH78DC,三座屋段三座屋小段,28.86,都市：住,,,,00200000
RPRNMLNKLHMFFHH98DC,文化段,40.47,都市：住,,,,00760000
RPWNMLNKLHMFFEH56DC,河底段,3570.49,都市：住,,,,03690000
RPOOMLNKLHMFFGH58CC,東安段,12.56,都市：住,,,,08130000
RPWNMLOKLHMFFBH88CC,三座屋段舊社小段,7.20,都市：住,,,,01150000
RPOOMLOKLHMFFAH08CC,中路段,24.60,都市：住,,,,16180305
RPUQMLOKLHMFFBH98CC,遠東段,.00,都市：住,,,,01200000
RPORMLOKLHMFFBH48CC,遠東段,.00,都市：工,,,,09140000
RPXNMLOKLHMFFGH86CC,廣北段,90.00,都市：其他:,,,,00600000
RPQNMLPKLHMFFEH68CC,水尾段,12951.80,都市：其他:,,,,18050000
RPQNMLPKLHMFFEH68CC,水尾段,12951.80,都市：其他:,,,,18060000
RPWRMLOKLHMFFEH96CC,六福段,5.80,都市：商,,,,08140000
RPUNMLNKLHMFFEH88CC,水尾段,.00,都市：工,,,,08300001
RPWOMLPKLHMFFEH76CC,南華段,19.83,都市：商,,,,05740000
RPRNMLPKLHMFFEH78CC,五福段,3359.07,都市：其他:,,,,05210000
RPXNMLPKLHMFFDH66CC,大金山下段大金山下小段,.00,都市：住,,,,00460000
RPQRMLPKLHMFFBH78CC,雙嶺段,160.93,都市：工,,,,11650120
RPQNMLPKLHMFFDH68DC,大金山下段大金山下小段,83.00,都市：住,,,,00880010
RPOOMLQKLHMFFEH78DC,青山段,101.27,都市：住,,,,03550000
RPXQMLOKLHMFFEH07DC,羊稠段,82099.00,都市：住,,,,01810000
RPPOMLOKLHMFFEH68DC,竹中段,2098.00,都市：住,,,,10680000
RPPOMLQKLHMFFEH88DC,青山段,101.27,都市：住,,,,03550000
RPPPMLQKLHMFFBH58CC,新街段,.00,都市：商,,,,02630000
RPQPMLQKLHMFFBH68CC,西寮段,.00,都市：住,,,,06020000
RPWPMLQKLHMFFBH66CC,復興段,3692.00,都市：住,,,,14490000
RPQNMLQKLHMFFCH58CC,仁善段,119.97,都市：住,,,,00660000
RPVNMLRKLHMFFCH56CC,上華段,34.43,非都市：一般農業區 ; 非都市編定：甲種建築用地,,,,03890000
RPSNMLKKLHMFFFH48CC,永福段,16.88,都市：住,,,,06510000
RPUNMLKKLHMFFFH68CC,永福段,16.88,都市：住,,,,06510000
RPWNMLKKLHMFFFH88CC,大庄段,.00,非都市：鄉村區 ; 非都市編定：乙種建築用地,,,,26430000
RPOPMLOKLHMFFFH68CC,明智段,.00,都市：住,,,,00360000
RPXNMLSJLHMFFFH07CC,興仁段,21.49,都市：商,,,,05830000
RPSRMLRKLHMFFEH86CC,南青段,3997.99,都市：農,,,,03660000
RPSOMLRKLHMFFBH88CC,三座屋段舊社小段,166.00,都市：其他:,,,,00410154
RPSOMLRKLHMFFBH88CC,三座屋段舊社小段,165.00,都市：其他:,,,,00410155
RPSOMLRKLHMFFBH88CC,三座屋段舊社小段,165.00,都市：其他:,,,,00410156
RPUPMLRKLHMFFBH56CC,自立段,24.40,都市：住,,,,06780000
RPPQMLRKLHMFFBH78CC,內壢段,661.00,都市：農,,,,08680002
RPPNMLRKLHMFFHH56DC,幸褔段,5.87,非都市：鄉村區 ; 非都市編定：乙種建築用地,,,,04880000
RPPNMLRKLHMFFHH56DC,幸褔段,1.09,非都市：鄉村區 ; 非都市編定：乙種建築用地,,,,04890000
RPPNMLRKLHMFFHH56DC,幸褔段,.11,非都市：鄉村區 ; 非都市編定：乙種建築用地,,,,04900000
RPPNMLRKLHMFFHH56DC,幸褔段,8.57,非都市：鄉村區 ; 非都市編定：乙種建築用地,,,,04870000
RPRNMLKLLHMFFFH68EC,大忠段,136.90,都市：商,,,,08700000
RPRNMLRKLHMFFFH56DC,大華段,26.87,都市：住,,,,00100000
RPSNMLKLLHMFFFH78EC,同福段,32.34,都市：商,,,,06090000
RPTQMLKLLHMFFFH09DC,福興段,11.07,都市：住,,,,09700000
RPVOMLKLLHMFFBH58CC,中原段,.00,都市：農,,,,05160000
RPUQMLKLLHMFFFH56DC,福興段,1908.88,都市：住,,,,08980000
RPWOMLRKLHMFFAH56CC,江南段,66.83,都市：住,,,,00990000
RPOPMLRKLHMFFAH48CC,會稽段,148.63,都市：其他:,,,,03280000
RPWNMLQKLHMFFAH98CC,長安段,.00,都市：住,,,,02140000
RPTNMLRKLHMFFAH78CC,慈文段,.00,非都市： ; 非都市編定：,,,,01130000
RPRNMLRKLHMFFAH58CC,慈文段,.00,非都市： ; 非都市編定：,,,,00370000
RPVNMLQKLHMFFAH88CC,桃園段武陵小段,.00,都市：商,,,,00810009
RPVNMLQKLHMFFAH88CC,桃園段武陵小段,.00,都市：商,,,,00870001
RPVNMLQKLHMFFAH88CC,桃園段武陵小段,.00,都市：商,,,,00870012
RPPNMLPKLHMFFAH18CC,大樹林段,6.68,都市：住,,,,03050013
RPWNMLPKLHMFFAH88CC,富國段,.00,都市：住,,,,04780000
RPTNMLKLLHMFFEH58CC,富興段,.00,都市：農,,,,02410001
RPSNMLLLLHMFFHH88CC,陸光段,30.12,都市：住,,,,03070000
RPUNMLLLLHMFFFH88CC,興豐段,.00,都市：住,,,,25000000
RPXNMLKLLHMFFHH66CC,幸褔段,18.20,非都市：鄉村區 ; 非都市編定：乙種建築用地,,,,06880000
RPOPMLLLLHMFFAH97CC,和平段,13.39,都市：住,,,,00550000
RPXNMLLLLHMFFGH66CC,廣仁段,.00,都市：工,,,,12230000
RPSNMLLLLHMFFFH78DC,豐田段,19.93,都市：住,,,,14880000
RPOPMLMLLHMFFFH68DC,大智段,62.30,都市：住,,,,00820025
RPXOMLMLLHMFFFH86DC,明智段,16.45,都市：住,,,,00040000
RPWOMLMLLHMFFEH56CC,竹圍段拔子林小段,16.50,都市：住,,,,01900003
RPOPMLMLLHMFFEH48CC,水尾段,21.49,都市：工,,,,18480000
RPUNMLMLLHMFFGH09CC,富貴段,.00,都市：住,,,,08480000
RPPOMLMLLHMFFAH18DC,會稽段,24.31,都市：商,,,,02050000
RPSNMLMLLHMFFHH98CC,壽山段,10.40,都市：住,,,,09130000
RPSOMLMLLHMFFCH58CC,康莊段,34.19,都市：其他:,,,,05900000
RPWNMLNLLHMFFHH86CC,龜山段,.00,都市：商,,,,10280000
RPXOMLNLLHMFFEH76CC,青峰段,14.72,都市：住,,,,03340000
RPOQMLLLLHMFFBH18CC,中工段,.00,非都市：工業區 ; 非都市編定：丁種建築用地,,,,04300000
RPTNMLNLLHMFFBH58CC,青平段,43.08,都市：住,,,,02750000
RPWPMLLLLHMFFBH88CC,中寮段,.00,都市：住,,,,08720000
RPUNMLNLLHMFFBH68CC,自立段,20.43,都市：住,,,,06670000
RPQQMLLLLHMFFBH38CC,興南段興南小段,.00,都市：商,,,,02270185
RPTPMLLLLHMFFBH58CC,中壢埔頂段,.00,都市：住,,,,18360003
RPSOMLMLLHMFFBH48CC,中壢埔頂段,.00,都市：住,,,,13430000
RPQPMLKLLHMFFBH18CC,復興段,.00,都市：住,,,,13500000
RPUPMLKLLHMFFBH58CC,內壢段,.00,都市：工,,,,17330013
RPUPMLLLLHMFFBH68CC,中壢埔頂段,.00,都市：住,,,,18360003
RPROMLNLLHMFFBH48CC,復興段,.00,都市：住,,,,20240000
RPWNMLNLLHMFFAH78CC,慈文段,.00,都市：住,,,,00190000
RPSNMLOLLHMFFAH48CC,國聖段,12.76,都市：住,,,,07500000
RPRNMLOLLHMFFAH38CC,中山段,22.54,都市：住,,,,01580000
RPOOMLNLLHMFFAH08CC,龍壽段,.00,都市：住,,,,05960000
RPVNMLNLLHMFFBH78CC,仁愛段,25.28,都市：住,,,,14550000
RPPPMLNLLHMFFBH38CC,青溪段,53.09,都市：住,,,,00060000
RPSOMLOLLHMFFBH68CC,三座屋段舊社小段,.00,都市：住,,,,01770093
RPROMLOLLHMFFBH58CC,中壢埔頂段,.00,都市：住,,,,14130000
RPVOMLOLLHMFFFH76CC,大智段,.00,都市：住,,,,04340000
RPUNMLOLLHMFFFH56CC,豐田段,25.96,都市：住,,,,14750000
RPSOMLOLLHMFFAH58CC,國聖段,.00,都市：工,,,,03500000
RPTOMLOLLHMFFFH56CC,力行段,.00,都市：住,,,,04070000
RPSOMLOLLHMFFFH09CC,大和段,.00,都市：住,,,,02890000
RPTNMLOLLHMFFCH78CC,潛龍段,.53,非都市：鄉村區 ; 非都市編定：乙種建築用地,,,,10790000
RPTNMLOLLHMFFCH78CC,潛龍段,72.53,非都市：鄉村區 ; 非都市編定：乙種建築用地,,,,10990000
RPRNMLOLLHMFFHH09CC,龜山段,.00,都市：商,,,,10280000
RPUNMLOLLHMFFCH88CC,潛龍段,124.80,非都市：鄉村區 ; 非都市編定：乙種建築用地,,,,10790000
RPUNMLOLLHMFFCH88CC,潛龍段,.59,非都市：鄉村區 ; 非都市編定：乙種建築用地,,,,10990000
RPSNMLOLLHMFFGH09CC,新榮段,.00,都市：住,,,,02970000
RPXNMLOLLHMFFAH09DC,建新段,22.93,都市：住,,,,04280000
RPTNMLOLLHMFFDH98DC,梅高段,72.65,都市：其他:,,,,02650003
RPRNMLOLLHMFFFH09EC,前程段,125.59,都市：住,,,,04920000
RPVNMLRLLHMFFCH66CC,仁文段,65.41,都市：住,,,,03720000
RPRNMLRLLHMFFEH09CC,大新段,.00,都市：商,,,,02290002
RPVPMLRLLHMFFBH76CC,後寮段,.00,都市：其他:(道路用地.住宅區),,,,05640000
RPTOMLRLLHMFFAH98CC,大樹林段,.00,都市：住,,,,03010081
RPQOMLTLLHMFFEH76DC,五塊厝段下埔小段,77.00,非都市：特定農業區 ; 非都市編定：甲種建築用地,,,,04600004
RPQOMLTLLHMFFEH76DC,五塊厝段下埔小段,6.85,非都市：特定農業區 ; 非都市編定：甲種建築用地,,,,04600000
RPTNMLRLLHMFFFH76CC,高城段,.00,都市：住,,,,13470000
RPRNMLSLLHMFFFH76DC,中華段,38.74,非都市：鄉村區 ; 非都市編定：乙種建築用地,,,,12640000
RPVNMLRLLHMFFFH96CC,大發段,706.85,非都市：特定農業區 ; 非都市編定：丁種建築用地,,,,04320000
RPSNMLRLLHMFFFH66CC,興豐段,.00,都市：住,,,,25000000
RPPQMLTLLHMFFEH86DC,青峰段,35.32,都市：住,,,,02480000
RPVOMLTLLHMFFEH27DC,青峰段,27.01,都市：住,,,,03090000
RPVQMLTLLHMFFBH17DC,新街段,7992.51,都市：住,,,,08620000
RPRSMLTLLHMFFBH96DC,復興段,21.05,都市：住,,,,20620000
RPVNMLTLLHMFFGH37DC,南華段,69.33,都市：住,,,,07490000
RPSSMLTLLHMFFBH07DC,復興段,34043.00,都市：住,,,,09920000
RPUNMLTLLHMFFAH56CC,會稽段,21.18,都市：住,,,,04470000
RPSNMLTLLHMFFAH98CC,中埔段,35.55,都市：住,,,,01820000
RPTOMLTLLHMFFBH66CC,遠東段,.00,都市：住,,,,00910004
RPROMLTLLHMFFBH09CC,環東段,.00,都市：住,,,,03560000
RPUOMLTLLHMFFBH76CC,後寮段,.00,都市：其他:(道路用地.住宅區),,,,02530000
RPQOMLTLLHMFFBH98CC,普仁段,.00,都市：住,,,,07460008
RPUPMLTLLHMFFBH86CC,三座屋段舊社小段,.00,都市：住,,,,00390134
RPWPMLKMLHMFFBH88CC,忠福段,.00,都市：住,,,,27370000
RPPOMLTLLHMFFBH88CC,培英段,.00,都市：住,,,,00010000
RPVNMLRLLHMFFEH86CC,南榮段,14.10,都市：工,,,,00160002
RPUNMLRLLHMFFEH76CC,錦中段,212.97,都市：工,,,,06110000
RPXOMLKMLHMFFEH56CC,錦中段,129.96,都市：其他:,,,,01680000
RPSNMLRLLHMFFEH56CC,羊稠段,26.43,都市：商,,,,04020000
RPRNMLKMLHMFFFH58CC,興仁段,.00,都市：商,,,,05890000
RPPRMLKMLHMFFBH38CC,東寮段,.00,都市：商,,,,11710000
RPPRMLKMLHMFFBH38CC,東寮段,.00,都市：住,,,,11710001
RPPRMLKMLHMFFBH38CC,東寮段,.00,都市：其他:道路用地,,,,11710002
RPSNMLKMLHMFFGH88DC,金星段,58.35,都市：住,,,,04350000
RPRNMLKMLHMFFEH48CC,青山段,23.14,都市：住,,,,03550000
RPSPMLLMLHMFFEH98DC,錦興段,15.63,都市：住,,,,06820000
RPTQMLLMLHMFFFH56CC,廣隆段,.00,都市：住,,,,12780000
RPXPMLLMLHMFFBH09CC,中壢埔頂段,.00,都市：住,,,,11870000
RPOQMLLMLHMFFAH18CC,大有段,2725.56,都市：其他:,,,,04250000
RPWQMLLMLHMFFFH86CC,廣隆段,.00,都市：住,,,,12780000
RPQOMLLMLHMFFEH58CC,五福段,.00,都市：工,,,,01370000
RPPNMLPJMHMFFBH28CC,三座屋段三座屋小段,23.76,都市：住,,,,04670002
RPPNMLPJMHMFFDH48CC,社子段,2148.76,非都市：特定農業區 ; 非都市編定：農牧用地,,,,09270000
RPVOMLQJMHMFFDH66CC,大金山下段大金山下小段,.00,都市：住,,,,00460000
RPVNMLQJMHMFFEH66CC,內興段,2511.75,都市：農,,,,06830000
RPVNMLQJMHMFFEH66CC,內興段,8593.50,都市：農,,,,06430000
RPXOMLQJMHMFFAH56CC,青溪段,20.09,都市：住,,,,00240000
RPROMLQJMHMFFAH58CC,富國段,3.60,都市：住,,,,09480000
RPORMLQJMHMFFBH68CC,雙嶺段,54.92,都市：住,,,,13580001
RPSVMLQJMHMFFAH76CC,大有段,11.19,都市：住,,,,01870000
RPVNMLPJMHMFFBH88CC,三座屋段舊社小段,27.28,都市：住,,,,01270004
RPXUMLQJMHMFFAH17CC,三元段,16.17,都市：住,,,,08280000
RPQNMLPJMHMFFBH38CC,青平段,34.66,都市：住,,,,00030000
RPUVMLQJMHMFFAH96CC,寶山段,15.11,都市：住,,,,10350000
RPWNMLPJMHMFFBH98CC,新街段,3.02,都市：住,,,,08670000
RPWVMLQJMHMFFAH17CC,大有段,11.23,都市：住,,,,05450000
RPRNMLQJMHMFFEH98DC,河底段,23.16,都市：住,,,,07310000
RPTOMLRJMHMFFFH96EC,豐田段,34.99,都市：住,,,,14870000
RPVSMLQJMHMFFBH96DC,青芝段,2296.48,都市：住,,,,01410000
RPSNMLRJMHMFFCH98DC,田心子段下田心子小段,17.20,都市：住,,,,09550000
RPROMLRJMHMFFAH68CC,中平段,.00,都市：住,,,,02260000
RPROMLRJMHMFFAH68CC,中平段,.00,都市：住,,,,02280000
RPROMLRJMHMFFAH68CC,中平段,.00,都市：其他:(宗教專用區),,,,02260002
RPROMLRJMHMFFAH68CC,中平段,.00,都市：其他:(宗教專用區),,,,02270000
RPSNMLQJMHMFFEH09DC,河底段,23.16,都市：住,,,,07310000
RPUSMLQJMHMFFBH86DC,中壢埔頂段,655.00,都市：住,,,,11990000
RPXNMLRJMHMFFAH56CC,富國段,24.30,都市：其他:,,,,01310001
RPPOMLRJMHMFFAH48CC,忠義段,964.15,都市：住,,,,06650000
RPQNMLRJMHMFFEH88CC,錦興段,9.64,都市：住,,,,00550000
RPOPMLRJMHMFFEH88CC,南崁段,4.31,都市：住,,,,06610007
RPOPMLRJMHMFFEH88CC,南崁段,111.22,都市：住,,,,06610009
RPPNMLKKMHMFFAH97EC,三元段,30.26,都市：住,,,,07160000
RPXQMLKKMHMFFBH98CC,忠義段,153.00,都市：工,,,,01680000
RPSOMLRJMHMFFAH78CC,桃鶯段,.00,都市：工,,,,04250005
RPXNMLKKMHMFFAH58CC,桃園段武陵小段,1265.00,都市：其他:,,,,00340000
RPPQMLRJMHMFFAH68CC,桃園段武陵小段,.00,都市：商,,,,00400004
RPPNMLLKMHMFFCH28EC,烏樹林段,93.00,非都市：鄉村區 ; 非都市編定：乙種建築用地,,,,03070497
RPPTMLLKMHMFFBH68DC,忠義段,8.83,都市：住,,,,00060000
RPWOMLLKMHMFFBH78CC,遠東段,.00,都市：住,,,,00910004
RPOPMLLKMHMFFBH08CC,後寮段,.00,都市：其他:(道路用地.住宅區),,,,02530000
RPXNMLMKMHMFFAH78CC,龍安段,13.54,都市：住,,,,02690000
RPTOMLMKMHMFFAH48CC,慈文段,14.81,都市：住,,,,02350000
RPSQMLMKMHMFFBH68CC,普仁段,.00,都市：商,,,,10260000
RPVNMLMKMHMFFDH88CC,大金山下段大金山下小段,.00,都市：住,,,,00460000
RPQNMLMKMHMFFCH28CC,黃龍段,75.57,都市：住,,,,09220000
RPQNMLMKMHMFFFH68DC,瑞德段,44.30,非都市：鄉村區 ; 非都市編定：乙種建築用地,,,,02180000
RPTPMLMKMHMFFFH56DC,同福段,10.91,都市：住,,,,03630000
RPVPMLMKMHMFFFH76DC,大義段,15.93,都市：住,,,,00440000
RPTNMLMKMHMFFAH48DC,桃園段武陵小段,177.00,都市：商,,,,00050009
RPTNMLMKMHMFFAH48DC,桃園段武陵小段,163.00,都市：商,,,,00050010
RPVNMLMKMHMFFAH68DC,江南段,14.83,都市：住,,,,02410000
RPOSMLNKMHMFFEH88CC,五福段,.00,都市：住,,,,00720000
RPRPMLMKMHMFFAH48DC,桃鶯段,30.50,都市：工,,,,04250005
RPXNMLNKMHMFFAH88CC,埔子段埔子小段,.00,都市：住,,,,17900006
RPXPMLMKMHMFFFH96DC,大和段,43.38,非都市：特定農業區 ; 非都市編定：甲種建築用地,,,,05290000
RPQOMLOKMHMFFEH78CC,南青段,363.64,都市：農,,,,07120000
RPROMLOKMHMFFEH88CC,大新段,15.37,都市：住,,,,02290002
RPWNMLOKMHMFFDH56CC,大金山下段大金山下小段,.00,都市：住,,,,00100004
RPPOMLRKMHMFFGH56CC,廣豐段,14.47,都市：住,,,,02940000
RPPNMLLKMHMFFHH78EC,善捷段,31.69,都市：住,,,,00030000
RPSOMLRKMHMFFAH88CC,桃園段武陵小段,10.34,都市：商,,,,00920000
RPPOMLRKMHMFFEH09DC,竹圍段拔子林小段,12.15,都市：住,,,,01870000
RPSOMLMKMHMFFEH88DC,青峰段,55.58,都市：住,,,,03090000
RPUNMLRJMHMFFEH76DC,河底段,13.78,都市：住,,,,03440000
RPTOMLQJMHMFFEH66DC,青峰段,14.92,都市：住,,,,03340000
RPWNMLRKMHMFFEH07DC,五塊厝段下埔小段,78.00,非都市：特定農業區 ; 非都市編定：甲種建築用地,,,,12830004
RPWNMLSKMHMFFHH47DC,新路段,16.98,都市：商,,,,00040000
RPUPMLSKMHMFFEH17DC,水尾段,.00,都市：住,,,,18480000
RPOOMLSKMHMFFBH68CC,仁和段,.00,都市：商,,,,04170000
RPSPMLRKMHMFFBH09CC,富強段,10.96,都市：住,,,,06410000
RPXNMLSKMHMFFBH86CC,普仁段,.00,都市：住,,,,10420008
RPWNMLSKMHMFFBH76CC,自立段,.00,都市：其他:(道路用地.住宅區),,,,14610000
RPTRMLRKMHMFFBH76CC,忠福段,12.47,都市：其他:,,,,12710010
RPTRMLRKMHMFFBH76CC,忠福段,.57,都市：其他:,,,,12710012
RPTRMLRKMHMFFBH76CC,忠福段,1.56,都市：其他:,,,,33500000
RPTRMLRKMHMFFBH76CC,培英段,13.27,都市：其他:,,,,00190000
RPRNMLOKMHMFFBH48CC,環東段,.00,都市：住,,,,10470006
RPQOMLNKMHMFFBH38CC,興南段興南小段,.00,都市：商,,,,02660000
RPROMLSKMHMFFGH96DC,東豐段,48.15,都市：住,,,,02570002
RPPOMLSKMHMFFBH78CC,新街段,.00,都市：住,,,,08870000
RPOPMLSKMHMFFBH78CC,石頭段,.00,都市：商,,,,00410000
RPXNMLTKMHMFFEH27CC,錦中段,22.57,都市：工,,,,00970000
RPOPMLSKMHMFFDH98CC,大金山下段大金山下小段,.00,都市：住,,,,00460000
RPQOMLSKMHMFFFH66CC,瑞豐段,.00,非都市：鄉村區 ; 非都市編定：乙種建築用地,,,,13500000
RPWNMLTKMHMFFGH37CC,福林段,.00,非都市：一般農業區 ; 非都市編定：甲種建築用地,,,,11390000
RPUPMLTKMHMFFBH86CC,三座屋段舊社小段,.00,都市：住,,,,01170004
RPVPMLTKMHMFFBH96CC,興南段公坡小段,.00,都市：其他:(零星工業區.農業區),,,,00640000
RPROMLTKMHMFFAH98CC,龍安段,.00,都市：住,,,,02720010
RPPOMLKLMHMFFBH08CC,中工段,.00,非都市：工業區 ; 非都市編定：丁種建築用地,,,,04790000
RPUOMLKLMHMFFBH58CC,普義段,.00,都市：住,,,,04350000
RPQPMLKLMHMFFBH38DC,廣青段,43.67,都市：住,,,,04850000
RPTQMLLLMHMFFBH88DC,培英段,18.86,都市：住,,,,00090000
RPSPMLLLMHMFFEH98DC,竹圍段拔子林小段,12.73,都市：住,,,,01870000
RPVOMLKLMHMFFBH68CC,普義段,.00,都市：住,,,,03220000
RPPPMLLLMHMFFFH78DC,福興段,22.40,都市：住,,,,07950000
RPRNMLLLMHMFFFH78DC,豐田段,32.61,都市：住,,,,14880000
RPWNMLLLMHMFFCH98DC,南龍段,44.92,都市：住,,,,02400000
RPPPMLLLMHMFFBH28CC,興南段興南小段,.00,都市：商,,,,02750000
RPQPMLLLMHMFFBH38CC,興南段興南小段,.00,都市：商,,,,02750000
RPRPMLLLMHMFFBH48CC,永興段,.00,都市：住,,,,02330003
RPWPMLLLMHMFFBH98CC,成功段,.00,都市：住,,,,00090000
RPUNMLLLMHMFFFH56EC,大智段,26.14,都市：住,,,,04200000
RPQPMLLLMHMFFFH78CC,大勇段,25.06,都市：住,,,,02180000
RPVOMLOLMHMFFFH86CC,興豐段,.00,都市：住,,,,13620000
RPVOMLOLMHMFFFH86CC,興豐段,.00,都市：住,,,,13630000
RPUOMLOLMHMFFFH76CC,興豐段,.00,都市：住,,,,24720000
RPTOMLOLMHMFFFH76DC,明智段,27.80,都市：住,,,,00040000
RPURMLOLMHMFFBH76DC,青芝段,91.38,都市：住,,,,00600023
RPSOMLPLMHMFFFH76DC,興仁段,20.20,都市：商,,,,06080000
RPUNMLPLMHMFFDH66DC,草湳坡段埔心小段,11.00,都市：其他:,,,,00200282
RPUNMLPLMHMFFDH66DC,草湳坡段埔心小段,192.00,都市：其他:,,,,00350016
RPUNMLPLMHMFFDH66DC,草湳坡段埔心小段,27.00,都市：其他:,,,,00350029
RPXOMLPLMHMFFBH86DC,復興段,28.05,都市：住,,,,20430000
RPRPMLPLMHMFFBH88CC,榮民段,.00,都市：住,,,,08740001
RPTSMLOLMHMFFBH66CC,中壢埔頂段,.00,都市：農,,,,11110000
RPWRMLOLMHMFFBH86CC,中北段,.00,都市：住,,,,01310000
RPWRMLOLMHMFFBH86CC,中北段,.00,都市：住,,,,01320000
RPQOMLPLMHMFFAH58CC,中正段,10.26,都市：住,,,,01380000
RPXPMLPLMHMFFAH76CC,會稽段,29.20,都市：住,,,,00980000
RPOOMLPLMHMFFGH98CC,平鎮段,.00,都市：商,,,,09530000
RPROMLTKMHMFFCH56CC,烏林段,237.55,非都市：工業區 ; 非都市編定：丁種建築用地,,,,08700000
RPTNMLPLMHMFFHH86CC,中興段,101.50,都市：商,,,,00250000
RPUNMLPLMHMFFHH96CC,龜山段,38.00,都市：住,,,,02040000
RPUNMLPLMHMFFHH96CC,龜山段,29.00,都市：其他:道路用地,,,,02050000
RPPOMLOKMHMFFHH98CC,興華段,151.67,都市：商,,,,00570001
RPXNMLQLMHMFFFH17CC,前程段,38.30,都市：住,,,,04290000
RPRNMLQLMHMFFFH56CC,興仁段,.00,都市：商,,,,05890000
RPWNMLQLMHMFFAH56CC,大興段,.00,都市：住,,,,05040000
RPPOMLQLMHMFFAH58CC,中埔段,.00,都市：住,,,,08580000
RPOOMLOLMHMFFEH78DC,青峰段,36.93,都市：住,,,,03090000
RPROMLQLMHMFFAH78CC,埔子段埔子小段,.00,都市：住,,,,20290001
RPPNMLQLMHMFFBH58CC,忠福段,36.50,都市：住,,,,21300004
RPROMLQLMHMFFBH88CC,三座屋段舊社小段,.00,都市：住,,,,00790076
RPSOMLQLMHMFFAH98DC,中德段,14.70,都市：住,,,,10310000
RPWNMLQLMHMFFFH27EC,白鷺段,420.00,都市：工,,,,00340052
RPPNMLQLMHMFFFH09DC,大智段,26.14,都市：住,,,,04200000
RPQNMLRLMHMFFFH66DC,溪尾段,289.49,非都市：特定農業區 ; 非都市編定：丁種建築用地,,,,02000000
RPTOMLQLMHMFFAH09DC,桃鶯段,19.05,都市：住,,,,05250009
RPQOMLRLMHMFFEH66DC,錦中段,10.90,都市：工,,,,01680000
RPPOMLRLMHMFFBH78CC,石頭段,.00,都市：商,,,,00390031
RPROMLRLMHMFFBH98CC,忠孝段,.00,都市：住,,,,03890002
RPTOMLPLMHMFFEH66CC,水尾段,3753.25,都市：工,,,,15300000
RPPOMLTKMHMFFEH56CC,長安段,110.00,都市：工,,,,10870000
RPVNMLPLMHMFFEH76CC,六福段,.00,都市：住,,,,08140000
RPQNMLQLMHMFFEH98CC,錦中段,4909.15,都市：工,,,,01080000
RPVNMLRLMHMFFEH96CC,青山段,.00,都市：住,,,,03580040
RPSOMLPLMHMFFEH56CC,長興段,100.00,都市：工,,,,06830000
RPSOMLOLMHMFFEH09CC,內興段,396.69,都市：農,,,,06950000
RPRPMLLLMHMFFEH78CC,六福段,.00,都市：工,,,,03270000
RPQNMLSLMHMFFGH76CC,新富段,.00,都市：住,,,,03110000
RPSNMLSLMHMFFEH76CC,南崁段,7492.14,都市：住,,,,04510000
RPTNMLSLMHMFFEH86CC,青山段,130.58,都市：住,,,,03060000
RPPOMLSLMHMFFEH56CC,田心子段田心子小段,5074.94,都市：工,,,,00490001
RPPOMLSLMHMFFEH56CC,田心子段田心子小段,1787.00,都市：工,,,,00620011
RPUOMLSLMHMFFEH07CC,南華段,203.55,都市：商,,,,03510000
RPUOMLSLMHMFFEH07CC,南華段,215.92,都市：商,,,,03530000
RPUOMLSLMHMFFEH07CC,南華段,207.73,都市：商,,,,03520000
RPRNMLSLMHMFFBH98CC,新街段,.00,都市：住,,,,08230000
RPTNMLSLMHMFFBH56CC,仁愛段,.00,都市：住,,,,00080000
RPUNMLSLMHMFFBH66CC,中工段,.00,非都市：工業區 ; 非都市編定：丁種建築用地,,,,07410023
RPVNMLSLMHMFFBH76CC,中觀段,.00,非都市：特定農業區 ; 非都市編定：甲種建築用地,,,,06100006
RPOOMLSLMHMFFAH78DC,中路二段,36.49,都市：住,,,,06320000
RPVQMLSLMHMFFBH07CC,青平段,29.32,都市：住,,,,01310000
RPTNMLSLMHMFFHH17CC,華亞段,427.62,都市：工,,,,00180000
RPTNMLSLMHMFFHH17CC,華亞段,47.97,都市：工,,,,00200001
RPPNMLRLMHMFFHH66CC,文化段,60.31,都市：商,,,,03210000
RPRPMLSLMHMFFAH09CC,大樹林段,8.64,都市：住,,,,03790000
RPXQMLSLMHMFFAH17CC,新埔段,33.85,都市：住,,,,03090000
RPXPMLSLMHMFFAH07CC,大樹林段,8.64,都市：住,,,,03790000
RPTOMLSLMHMFFAH56CC,會稽段,89.78,都市：住,,,,01730000
RPTPMLSLMHMFFAH66CC,青溪段,177.17,都市：住,,,,00240000
RPQPMLSLMHMFFEH76CC,錦中段,4909.15,都市：工,,,,01080000
