﻿編號,土地位置,土地移轉面積(平方公尺),使用分區或編定,權利人持分分母,權利人持分分子,移轉情形,地號
The serial number, land position,land shifting area square meter,the use zoning or compiles and checks,,,,land parcel
RPVUMLOLKHMFFBH76CB,後興段,26.75,都市：住,100000,760,持分移轉,05000000
RPVUMLOLKHMFFBH76CB,後興段,.40,都市：住,100000,760,持分移轉,05000006
RPQVMLOLKHMFFBH98CB,後興段,26.75,都市：住,100000,760,持分移轉,05000000
RPQVMLOLKHMFFBH98CB,後興段,.40,都市：住,100000,760,持分移轉,05000006
RPOVMLOLKHMFFBH78CB,後興段,26.75,都市：住,100000,760,持分移轉,05000000
RPOVMLOLKHMFFBH78CB,後興段,.40,都市：住,100000,760,持分移轉,05000006
RPUUMLOLKHMFFBH66CB,後興段,26.75,都市：住,100000,760,持分移轉,05000000
RPUUMLOLKHMFFBH66CB,後興段,.40,都市：住,100000,760,持分移轉,05000006
RPXUMLOLKHMFFBH96CB,後興段,26.75,都市：住,100000,760,持分移轉,05000000
RPXUMLOLKHMFFBH96CB,後興段,.40,都市：住,100000,760,持分移轉,05000006
RPSUMLOLKHMFFBH09CB,後興段,24.28,都市：住,100000,690,持分移轉,05000000
RPSUMLOLKHMFFBH09CB,後興段,.36,都市：住,100000,690,持分移轉,05000006
RPSTMLOLKHMFFBH98CB,後興段,23.93,都市：住,100000,680,持分移轉,05000000
RPPVMLOLKHMFFBH88CB,後興段,26.75,都市：住,100000,760,持分移轉,05000000
RPSTMLOLKHMFFBH98CB,後興段,.36,都市：住,100000,680,持分移轉,05000006
RPPVMLOLKHMFFBH88CB,後興段,.40,都市：住,100000,760,持分移轉,05000006
RPXRMLOLKHMFFBH66CB,後興段,26.75,都市：住,100000,760,持分移轉,05000000
RPXRMLOLKHMFFBH66CB,後興段,.40,都市：住,100000,760,持分移轉,05000006
RPTUMLOLKHMFFBH56CB,後興段,26.75,都市：住,100000,760,持分移轉,05000000
RPTUMLOLKHMFFBH56CB,後興段,.40,都市：住,100000,760,持分移轉,05000006
RPUVMLOLKHMFFBH76CB,後興段,26.75,都市：住,100000,760,持分移轉,05000000
RPUVMLOLKHMFFBH76CB,後興段,.40,都市：住,100000,760,持分移轉,05000006
RPTVMLOLKHMFFBH66CB,後興段,26.75,都市：住,100000,760,持分移轉,05000000
RPTVMLOLKHMFFBH66CB,後興段,.40,都市：住,100000,760,持分移轉,05000006
RPRVMLOLKHMFFBH09CB,後興段,26.75,都市：住,100000,760,持分移轉,05000000
RPRVMLOLKHMFFBH09CB,後興段,.40,都市：住,100000,760,持分移轉,05000006
RPSVMLOLKHMFFBH56CB,後興段,26.75,都市：住,100000,760,持分移轉,05000000
RPSVMLOLKHMFFBH56CB,後興段,.40,都市：住,100000,760,持分移轉,05000006
RPTWMLOLKHMFFBH76CB,後興段,23.93,都市：住,100000,680,持分移轉,05000000
RPTWMLOLKHMFFBH76CB,後興段,.36,都市：住,100000,680,持分移轉,05000006
RPVVMLOLKHMFFBH86CB,後興段,26.75,都市：住,100000,760,持分移轉,05000000
RPVVMLOLKHMFFBH86CB,後興段,.40,都市：住,100000,760,持分移轉,05000006
RPUWMLOLKHMFFBH86CB,後興段,23.93,都市：住,100000,680,持分移轉,05000000
RPUWMLOLKHMFFBH86CB,後興段,.36,都市：住,100000,680,持分移轉,05000006
RPRWMLOLKHMFFBH56CB,後興段,23.93,都市：住,100000,680,持分移轉,05000000
RPRWMLOLKHMFFBH56CB,後興段,.36,都市：住,100000,680,持分移轉,05000006
RPSWMLOLKHMFFBH66CB,後興段,23.93,都市：住,100000,680,持分移轉,05000000
RPSWMLOLKHMFFBH66CB,後興段,.36,都市：住,100000,680,持分移轉,05000006
RPOWMLOLKHMFFBH88CB,後興段,23.93,都市：住,100000,680,持分移轉,05000000
RPOWMLOLKHMFFBH88CB,後興段,.36,都市：住,100000,680,持分移轉,05000006
RPQWMLOLKHMFFBH09CB,後興段,23.93,都市：住,100000,680,持分移轉,05000000
RPQWMLOLKHMFFBH09CB,後興段,.36,都市：住,100000,680,持分移轉,05000006
RPXVMLOLKHMFFBH07CB,後興段,23.93,都市：住,100000,680,持分移轉,05000000
RPXVMLOLKHMFFBH07CB,後興段,.36,都市：住,100000,680,持分移轉,05000006
RPPWMLOLKHMFFBH98CB,後興段,23.93,都市：住,100000,680,持分移轉,05000000
RPPWMLOLKHMFFBH98CB,後興段,.36,都市：住,100000,680,持分移轉,05000006
RPWVMLOLKHMFFBH96CB,後興段,23.93,都市：住,100000,680,持分移轉,05000000
RPWVMLOLKHMFFBH96CB,後興段,.36,都市：住,100000,680,持分移轉,05000006
RPRNNLOLKHMFFBH38CB,後興段,23.93,都市：住,100000,680,持分移轉,05000000
RPRNNLOLKHMFFBH38CB,後興段,.36,都市：住,100000,680,持分移轉,05000006
RPPNNLOLKHMFFBH18CB,後興段,23.93,都市：住,100000,680,持分移轉,05000000
RPPNNLOLKHMFFBH18CB,後興段,.36,都市：住,100000,680,持分移轉,05000006
RPXWMLOLKHMFFBH17CB,後興段,23.93,都市：住,100000,680,持分移轉,05000000
RPXWMLOLKHMFFBH17CB,後興段,.36,都市：住,100000,680,持分移轉,05000006
RPONNLOLKHMFFBH08CB,後興段,23.93,都市：住,100000,680,持分移轉,05000000
RPONNLOLKHMFFBH08CB,後興段,.36,都市：住,100000,680,持分移轉,05000006
RPVWMLOLKHMFFBH96CB,後興段,23.93,都市：住,100000,680,持分移轉,05000000
RPVWMLOLKHMFFBH96CB,後興段,.36,都市：住,100000,680,持分移轉,05000006
RPWWMLOLKHMFFBH07CB,後興段,23.93,都市：住,100000,680,持分移轉,05000000
RPWWMLOLKHMFFBH07CB,後興段,.36,都市：住,100000,680,持分移轉,05000006
RPQNNLOLKHMFFBH28CB,後興段,23.93,都市：住,100000,680,持分移轉,05000000
RPQNNLOLKHMFFBH28CB,後興段,.36,都市：住,100000,680,持分移轉,05000006
RPSNNLOLKHMFFBH48CB,後興段,23.93,都市：住,100000,680,持分移轉,05000000
RPSNNLOLKHMFFBH48CB,後興段,.36,都市：住,100000,680,持分移轉,05000006
RPTNNLOLKHMFFBH58CB,後興段,23.93,都市：住,100000,680,持分移轉,05000000
RPTNNLOLKHMFFBH58CB,後興段,.36,都市：住,100000,680,持分移轉,05000006
RPUNNLOLKHMFFBH68CB,後興段,23.93,都市：住,100000,680,持分移轉,05000000
RPUNNLOLKHMFFBH68CB,後興段,.36,都市：住,100000,680,持分移轉,05000006
RPWNNLOLKHMFFBH88CB,後興段,23.93,都市：住,100000,680,持分移轉,05000000
RPWNNLOLKHMFFBH88CB,後興段,.36,都市：住,100000,680,持分移轉,05000006
RPVNNLOLKHMFFBH78CB,後興段,23.93,都市：住,100000,680,持分移轉,05000000
RPVNNLOLKHMFFBH78CB,後興段,.36,都市：住,100000,680,持分移轉,05000006
RPXNNLOLKHMFFBH98CB,後興段,23.93,都市：住,100000,680,持分移轉,05000000
RPXNNLOLKHMFFBH98CB,後興段,.36,都市：住,100000,680,持分移轉,05000006
RPQONLOLKHMFFBH38CB,後興段,23.93,都市：住,100000,680,持分移轉,05000000
RPQONLOLKHMFFBH38CB,後興段,.36,都市：住,100000,680,持分移轉,05000006
RPOONLOLKHMFFBH18CB,後興段,23.93,都市：住,100000,680,持分移轉,05000000
RPOONLOLKHMFFBH18CB,後興段,.36,都市：住,100000,680,持分移轉,05000006
RPRONLOLKHMFFBH48CB,後興段,23.93,都市：住,100000,680,持分移轉,05000000
RPRONLOLKHMFFBH48CB,後興段,.36,都市：住,100000,680,持分移轉,05000006
RPTONLOLKHMFFBH68CB,後興段,23.93,都市：住,100000,680,持分移轉,05000000
RPTONLOLKHMFFBH68CB,後興段,.36,都市：住,100000,680,持分移轉,05000006
RPWOMLSJLHMFFBH56CB,後興段,23.93,都市：住,100000,680,持分移轉,05000000
RPWOMLSJLHMFFBH56CB,後興段,.36,都市：住,100000,680,持分移轉,05000006
RPSONLOLKHMFFBH58CB,後興段,23.93,都市：住,100000,680,持分移轉,05000000
RPSONLOLKHMFFBH58CB,後興段,.36,都市：住,100000,680,持分移轉,05000006
RPOPMLSJLHMFFBH48CB,後興段,23.93,都市：住,100000,680,持分移轉,05000000
RPOPMLSJLHMFFBH48CB,後興段,.36,都市：住,100000,680,持分移轉,05000006
RPRPMLSJLHMFFBH78CB,後興段,23.93,都市：住,100000,680,持分移轉,05000000
RPRPMLSJLHMFFBH78CB,後興段,.36,都市：住,100000,680,持分移轉,05000006
RPPPMLSJLHMFFBH58CB,後興段,23.93,都市：住,100000,680,持分移轉,05000000
RPPPMLSJLHMFFBH58CB,後興段,.36,都市：住,100000,680,持分移轉,05000006
RPXOMLSJLHMFFBH66CB,後興段,23.93,都市：住,100000,680,持分移轉,05000000
RPXOMLSJLHMFFBH66CB,後興段,.36,都市：住,100000,680,持分移轉,05000006
RPQPMLSJLHMFFBH68CB,後興段,23.93,都市：住,100000,680,持分移轉,05000000
RPQPMLSJLHMFFBH68CB,後興段,.36,都市：住,100000,680,持分移轉,05000006
RPVPMLSJLHMFFBH56CB,後興段,23.93,都市：住,100000,680,持分移轉,05000000
RPVPMLSJLHMFFBH56CB,後興段,.36,都市：住,100000,680,持分移轉,05000006
RPSPMLSJLHMFFBH88CB,後興段,23.93,都市：住,100000,680,持分移轉,05000000
RPSPMLSJLHMFFBH88CB,後興段,.36,都市：住,100000,680,持分移轉,05000006
RPTPMLSJLHMFFBH98CB,後興段,23.93,都市：住,100000,680,持分移轉,05000000
RPTPMLSJLHMFFBH98CB,後興段,.36,都市：住,100000,680,持分移轉,05000006
RPOQMLSJLHMFFBH58CB,後興段,23.93,都市：住,100000,680,持分移轉,05000000
RPOQMLSJLHMFFBH58CB,後興段,.36,都市：住,100000,680,持分移轉,05000006
RPWPMLSJLHMFFBH66CB,後興段,23.93,都市：住,100000,680,持分移轉,05000000
RPWPMLSJLHMFFBH66CB,後興段,.36,都市：住,100000,680,持分移轉,05000006
RPPQMLSJLHMFFBH68CB,後興段,23.93,都市：住,100000,680,持分移轉,05000000
RPRQMLSJLHMFFBH88CB,後興段,17.24,都市：住,100000,490,持分移轉,05000000
RPPQMLSJLHMFFBH68CB,後興段,.36,都市：住,100000,680,持分移轉,05000006
RPRQMLSJLHMFFBH88CB,後興段,.26,都市：住,100000,490,持分移轉,05000006
RPUPMLSJLHMFFBH09CB,後興段,23.93,都市：住,100000,680,持分移轉,05000000
RPUPMLSJLHMFFBH09CB,後興段,.36,都市：住,100000,680,持分移轉,05000006
RPQQMLSJLHMFFBH78CB,後興段,23.93,都市：住,100000,680,持分移轉,05000000
RPQQMLSJLHMFFBH78CB,後興段,.36,都市：住,100000,680,持分移轉,05000006
RPSQMLSJLHMFFBH98CB,後興段,17.24,都市：住,100000,490,持分移轉,05000000
RPSQMLSJLHMFFBH98CB,後興段,.26,都市：住,100000,490,持分移轉,05000006
RPTQMLSJLHMFFBH09CB,後興段,17.24,都市：住,100000,490,持分移轉,05000000
RPTQMLSJLHMFFBH09CB,後興段,.26,都市：住,100000,490,持分移轉,05000006
RPWQMLSJLHMFFBH76CB,後興段,17.24,都市：住,100000,490,持分移轉,05000000
RPWQMLSJLHMFFBH76CB,後興段,.26,都市：住,100000,490,持分移轉,05000006
RPUQMLSJLHMFFBH56CB,後興段,17.24,都市：住,100000,490,持分移轉,05000000
RPUQMLSJLHMFFBH56CB,後興段,.26,都市：住,100000,490,持分移轉,05000006
RPVQMLSJLHMFFBH66CB,後興段,17.24,都市：住,100000,490,持分移轉,05000000
RPVQMLSJLHMFFBH66CB,後興段,.26,都市：住,100000,490,持分移轉,05000006
RPXQMLSJLHMFFBH86CB,後興段,17.24,都市：住,100000,490,持分移轉,05000000
RPXQMLSJLHMFFBH86CB,後興段,.26,都市：住,100000,490,持分移轉,05000006
RPQRMLSJLHMFFBH88CB,後興段,17.24,都市：住,100000,490,持分移轉,05000000
RPQRMLSJLHMFFBH88CB,後興段,.26,都市：住,100000,490,持分移轉,05000006
RPORMLSJLHMFFBH68CB,後興段,17.24,都市：住,100000,490,持分移轉,05000000
RPORMLSJLHMFFBH68CB,後興段,.26,都市：住,100000,490,持分移轉,05000006
RPPRMLSJLHMFFBH78CB,後興段,17.24,都市：住,100000,490,持分移轉,05000000
RPPRMLSJLHMFFBH78CB,後興段,.26,都市：住,100000,490,持分移轉,05000006
RPRRMLSJLHMFFBH98CB,後興段,17.24,都市：住,100000,490,持分移轉,05000000
RPRRMLSJLHMFFBH98CB,後興段,.26,都市：住,100000,490,持分移轉,05000006
RPURMLSJLHMFFBH66CB,後興段,17.24,都市：住,100000,490,持分移轉,05000000
RPURMLSJLHMFFBH66CB,後興段,.26,都市：住,100000,490,持分移轉,05000006
RPSRMLSJLHMFFBH09CB,後興段,17.24,都市：住,100000,490,持分移轉,05000000
RPSRMLSJLHMFFBH09CB,後興段,.26,都市：住,100000,490,持分移轉,05000006
RPVRMLSJLHMFFBH76CB,後興段,17.24,都市：住,100000,490,持分移轉,05000000
RPVRMLSJLHMFFBH76CB,後興段,.26,都市：住,100000,490,持分移轉,05000006
RPXPMLTJLHMFFBH86CB,後興段,18.65,都市：住,100000,530,持分移轉,05000000
RPXPMLTJLHMFFBH86CB,後興段,.28,都市：住,100000,530,持分移轉,05000006
RPRQMLTJLHMFFBH98CB,後興段,18.65,都市：住,100000,530,持分移轉,05000000
RPRQMLTJLHMFFBH98CB,後興段,.28,都市：住,100000,530,持分移轉,05000006
RPQQMLTJLHMFFBH88CB,後興段,18.65,都市：住,100000,530,持分移轉,05000000
RPQQMLTJLHMFFBH88CB,後興段,.28,都市：住,100000,530,持分移轉,05000006
RPVQMLTJLHMFFBH76CB,後興段,18.65,都市：住,100000,530,持分移轉,05000000
RPVQMLTJLHMFFBH76CB,後興段,.28,都市：住,100000,530,持分移轉,05000006
RPORMLTJLHMFFBH78CB,後興段,18.65,都市：住,100000,530,持分移轉,05000000
RPORMLTJLHMFFBH78CB,後興段,.28,都市：住,100000,530,持分移轉,05000006
RPPQMLTJLHMFFBH78CB,後興段,18.65,都市：住,100000,530,持分移轉,05000000
RPXQMLTJLHMFFBH96CB,後興段,18.65,都市：住,100000,530,持分移轉,05000000
RPPQMLTJLHMFFBH78CB,後興段,.28,都市：住,100000,530,持分移轉,05000006
RPXQMLTJLHMFFBH96CB,後興段,.28,都市：住,100000,530,持分移轉,05000006
RPWQMLTJLHMFFBH86CB,後興段,18.65,都市：住,100000,530,持分移轉,05000000
RPWQMLTJLHMFFBH86CB,後興段,.28,都市：住,100000,530,持分移轉,05000006
RPOQMLTJLHMFFBH68CB,後興段,18.65,都市：住,100000,530,持分移轉,05000000
RPOQMLTJLHMFFBH68CB,後興段,.28,都市：住,100000,530,持分移轉,05000006
RPTQMLTJLHMFFBH56CB,後興段,18.65,都市：住,100000,530,持分移轉,05000000
RPTQMLTJLHMFFBH56CB,後興段,.28,都市：住,100000,530,持分移轉,05000006
RPSQMLTJLHMFFBH09CB,後興段,18.65,都市：住,100000,530,持分移轉,05000000
RPSQMLTJLHMFFBH09CB,後興段,.28,都市：住,100000,530,持分移轉,05000006
RPSRMLTJLHMFFBH56CB,後興段,18.65,都市：住,100000,530,持分移轉,05000000
RPSRMLTJLHMFFBH56CB,後興段,.28,都市：住,100000,530,持分移轉,05000006
RPPRMLTJLHMFFBH88CB,後興段,18.65,都市：住,100000,530,持分移轉,05000000
RPPRMLTJLHMFFBH88CB,後興段,.28,都市：住,100000,530,持分移轉,05000006
RPORMLNKLHMFFBH28CB,後興段,17.24,都市：住,100000,490,持分移轉,05000000
RPORMLNKLHMFFBH28CB,後興段,.26,都市：住,100000,490,持分移轉,05000006
RPQRMLTJLHMFFBH98CB,後興段,18.65,都市：住,100000,530,持分移轉,05000000
RPQRMLTJLHMFFBH98CB,後興段,.28,都市：住,100000,530,持分移轉,05000006
RPRRMLNKLHMFFBH58CB,後興段,17.24,都市：住,100000,490,持分移轉,05000000
RPRRMLNKLHMFFBH58CB,後興段,.26,都市：住,100000,490,持分移轉,05000006
RPRSMLNKLHMFFBH68CB,後興段,17.24,都市：住,100000,490,持分移轉,05000000
RPRSMLNKLHMFFBH68CB,後興段,.26,都市：住,100000,490,持分移轉,05000006
RPVRMLNKLHMFFBH98CB,後興段,17.24,都市：住,100000,490,持分移轉,05000000
RPVRMLNKLHMFFBH98CB,後興段,.26,都市：住,100000,490,持分移轉,05000006
RPOSMLNKLHMFFBH38CB,後興段,17.24,都市：住,100000,490,持分移轉,05000000
RPOSMLNKLHMFFBH38CB,後興段,.26,都市：住,100000,490,持分移轉,05000006
RPUNMLOKLHMFFBH58CB,後興段,17.24,都市：住,100000,490,持分移轉,05000000
RPUNMLOKLHMFFBH58CB,後興段,.26,都市：住,100000,490,持分移轉,05000006
RPTNMLOKLHMFFBH48CB,後興段,17.24,都市：住,100000,490,持分移轉,05000000
RPTNMLOKLHMFFBH48CB,後興段,.26,都市：住,100000,490,持分移轉,05000006
RPURMLNKLHMFFBH88CB,後興段,17.24,都市：住,100000,490,持分移轉,05000000
RPURMLNKLHMFFBH88CB,後興段,.26,都市：住,100000,490,持分移轉,05000006
RPSRMLNKLHMFFBH68CB,後興段,17.24,都市：住,100000,490,持分移轉,05000000
RPSRMLNKLHMFFBH68CB,後興段,.26,都市：住,100000,490,持分移轉,05000006
RPSSMLNKLHMFFBH78CB,後興段,17.24,都市：住,100000,490,持分移轉,05000000
RPSSMLNKLHMFFBH78CB,後興段,.26,都市：住,100000,490,持分移轉,05000006
RPQSMLNKLHMFFBH58CB,後興段,17.24,都市：住,100000,490,持分移轉,05000000
RPQSMLNKLHMFFBH58CB,後興段,.26,都市：住,100000,490,持分移轉,05000006
RPSNMLOKLHMFFBH38CB,後興段,17.24,都市：住,100000,490,持分移轉,05000000
RPSNMLOKLHMFFBH38CB,後興段,.26,都市：住,100000,490,持分移轉,05000006
RPVNMLOKLHMFFBH68CB,後興段,17.24,都市：住,100000,490,持分移轉,05000000
RPVNMLOKLHMFFBH68CB,後興段,.26,都市：住,100000,490,持分移轉,05000006
RPOOMLOKLHMFFBH08CB,後興段,18.65,都市：住,100000,530,持分移轉,05000000
RPOOMLOKLHMFFBH08CB,後興段,.28,都市：住,100000,530,持分移轉,05000006
RPSOMLOKLHMFFBH48CB,後興段,18.65,都市：住,100000,530,持分移轉,05000000
RPSOMLOKLHMFFBH48CB,後興段,.28,都市：住,100000,530,持分移轉,05000006
RPROMLOKLHMFFBH38CB,後興段,18.65,都市：住,100000,530,持分移轉,05000000
RPROMLOKLHMFFBH38CB,後興段,.28,都市：住,100000,530,持分移轉,05000006
RPQOMLOKLHMFFBH28CB,後興段,18.65,都市：住,100000,530,持分移轉,05000000
RPQOMLOKLHMFFBH28CB,後興段,.28,都市：住,100000,530,持分移轉,05000006
RPPOMLOKLHMFFBH18CB,後興段,18.65,都市：住,100000,530,持分移轉,05000000
RPPOMLOKLHMFFBH18CB,後興段,.28,都市：住,100000,530,持分移轉,05000006
RPVOMLOKLHMFFBH78CB,後興段,18.65,都市：住,100000,530,持分移轉,05000000
RPVOMLOKLHMFFBH78CB,後興段,.28,都市：住,100000,530,持分移轉,05000006
RPTOMLOKLHMFFBH58CB,後興段,18.65,都市：住,100000,530,持分移轉,05000000
RPTOMLOKLHMFFBH58CB,後興段,.28,都市：住,100000,530,持分移轉,05000006
RPPPMLOKLHMFFBH28CB,後興段,18.65,都市：住,100000,530,持分移轉,05000000
RPPPMLOKLHMFFBH28CB,後興段,.28,都市：住,100000,530,持分移轉,05000006
RPQPMLOKLHMFFBH38CB,後興段,18.65,都市：住,100000,530,持分移轉,05000000
RPQPMLOKLHMFFBH38CB,後興段,.28,都市：住,100000,530,持分移轉,05000006
RPWOMLOKLHMFFBH88CB,後興段,18.65,都市：住,100000,530,持分移轉,05000000
RPWOMLOKLHMFFBH88CB,後興段,.28,都市：住,100000,530,持分移轉,05000006
RPRPMLOKLHMFFBH48CB,後興段,18.65,都市：住,100000,530,持分移轉,05000000
RPRPMLOKLHMFFBH48CB,後興段,.28,都市：住,100000,530,持分移轉,05000006
RPUOMLOKLHMFFBH68CB,後興段,18.65,都市：住,100000,530,持分移轉,05000000
RPUOMLOKLHMFFBH68CB,後興段,.28,都市：住,100000,530,持分移轉,05000006
RPSPMLOKLHMFFBH58CB,後興段,18.65,都市：住,100000,530,持分移轉,05000000
RPSPMLOKLHMFFBH58CB,後興段,.28,都市：住,100000,530,持分移轉,05000006
RPXOMLOKLHMFFBH98CB,後興段,18.65,都市：住,100000,530,持分移轉,05000000
RPXOMLOKLHMFFBH98CB,後興段,.28,都市：住,100000,530,持分移轉,05000006
RPVPMLOKLHMFFBH88CB,後興段,18.65,都市：住,100000,530,持分移轉,05000000
RPVPMLOKLHMFFBH88CB,後興段,.28,都市：住,100000,530,持分移轉,05000006
RPUPMLOKLHMFFBH78CB,後興段,18.65,都市：住,100000,530,持分移轉,05000000
RPUPMLOKLHMFFBH78CB,後興段,.28,都市：住,100000,530,持分移轉,05000006
RPTPMLOKLHMFFBH68CB,後興段,18.65,都市：住,100000,530,持分移轉,05000000
RPTPMLOKLHMFFBH68CB,後興段,.28,都市：住,100000,530,持分移轉,05000006
RPWPMLOKLHMFFBH98CB,後興段,18.65,都市：住,100000,530,持分移轉,05000000
RPWPMLOKLHMFFBH98CB,後興段,.28,都市：住,100000,530,持分移轉,05000006
RPOQMLOKLHMFFBH28CB,後興段,18.65,都市：住,100000,530,持分移轉,05000000
RPOQMLOKLHMFFBH28CB,後興段,.28,都市：住,100000,530,持分移轉,05000006
RPQQMLOKLHMFFBH48CB,後興段,18.65,都市：住,100000,530,持分移轉,05000000
RPQQMLOKLHMFFBH48CB,後興段,.28,都市：住,100000,530,持分移轉,05000006
RPSQMLOKLHMFFBH68CB,後興段,18.65,都市：住,100000,530,持分移轉,05000000
RPSQMLOKLHMFFBH68CB,後興段,.28,都市：住,100000,530,持分移轉,05000006
RPPQMLOKLHMFFBH38CB,後興段,18.65,都市：住,100000,530,持分移轉,05000000
RPPQMLOKLHMFFBH38CB,後興段,.28,都市：住,100000,530,持分移轉,05000006
RPRQMLOKLHMFFBH58CB,後興段,18.65,都市：住,100000,530,持分移轉,05000000
RPRQMLOKLHMFFBH58CB,後興段,.28,都市：住,100000,530,持分移轉,05000006
RPXPMLOKLHMFFBH09CB,後興段,18.65,都市：住,100000,530,持分移轉,05000000
RPXPMLOKLHMFFBH09CB,後興段,.28,都市：住,100000,530,持分移轉,05000006
RPTQMLOKLHMFFBH78CB,後興段,18.65,都市：住,100000,530,持分移轉,05000000
RPTQMLOKLHMFFBH78CB,後興段,.28,都市：住,100000,530,持分移轉,05000006
RPVQMLOKLHMFFBH98CB,後興段,18.65,都市：住,100000,530,持分移轉,05000000
RPVQMLOKLHMFFBH98CB,後興段,.28,都市：住,100000,530,持分移轉,05000006
RPWQMLOKLHMFFBH09CB,後興段,18.65,都市：住,100000,530,持分移轉,05000000
RPWQMLOKLHMFFBH09CB,後興段,.28,都市：住,100000,530,持分移轉,05000006
RPSRMLOKLHMFFBH78CB,後興段,18.65,都市：住,100000,530,持分移轉,05000000
RPSRMLOKLHMFFBH78CB,後興段,.28,都市：住,100000,530,持分移轉,05000006
RPXQMLOKLHMFFBH56CB,後興段,18.65,都市：住,100000,530,持分移轉,05000000
RPXQMLOKLHMFFBH56CB,後興段,.28,都市：住,100000,530,持分移轉,05000006
RPPTMLOKLHMFFBH68CB,後興段,18.65,都市：住,100000,530,持分移轉,05000000
RPPTMLOKLHMFFBH68CB,後興段,.28,都市：住,100000,530,持分移轉,05000006
RPXRMLOKLHMFFBH66CB,後興段,18.65,都市：住,100000,530,持分移轉,05000000
RPXRMLOKLHMFFBH66CB,後興段,.28,都市：住,100000,530,持分移轉,05000006
RPTSMLOKLHMFFBH98CB,後興段,18.65,都市：住,100000,530,持分移轉,05000000
RPTSMLOKLHMFFBH98CB,後興段,.28,都市：住,100000,530,持分移轉,05000006
RPVRMLOKLHMFFBH09CB,後興段,18.65,都市：住,100000,530,持分移轉,05000000
RPVRMLOKLHMFFBH09CB,後興段,.28,都市：住,100000,530,持分移轉,05000006
RPOTMLOKLHMFFBH58CB,後興段,18.65,都市：住,100000,530,持分移轉,05000000
RPOTMLOKLHMFFBH58CB,後興段,.28,都市：住,100000,530,持分移轉,05000006
RPWSMLOKLHMFFBH66CB,後興段,18.65,都市：住,100000,530,持分移轉,05000000
RPWSMLOKLHMFFBH66CB,後興段,.28,都市：住,100000,530,持分移轉,05000006
RPXSMLOKLHMFFBH76CB,後興段,18.65,都市：住,100000,530,持分移轉,05000000
RPXSMLOKLHMFFBH76CB,後興段,.28,都市：住,100000,530,持分移轉,05000006
RPUSMLOKLHMFFBH09CB,後興段,18.65,都市：住,100000,530,持分移轉,05000000
RPUSMLOKLHMFFBH09CB,後興段,.28,都市：住,100000,530,持分移轉,05000006
RPQTMLOKLHMFFBH78CB,後興段,18.65,都市：住,100000,530,持分移轉,05000000
RPQTMLOKLHMFFBH78CB,後興段,.28,都市：住,100000,530,持分移轉,05000006
RPTRMLOKLHMFFBH88CB,後興段,18.65,都市：住,100000,530,持分移轉,05000000
RPTRMLOKLHMFFBH88CB,後興段,.28,都市：住,100000,530,持分移轉,05000006
RPRSMLOKLHMFFBH78CB,後興段,18.65,都市：住,100000,530,持分移轉,05000000
RPRSMLOKLHMFFBH78CB,後興段,.28,都市：住,100000,530,持分移轉,05000006
RPTTMLOKLHMFFBH09CB,後興段,16.89,都市：住,100000,480,持分移轉,05000000
RPTTMLOKLHMFFBH09CB,後興段,.25,都市：住,100000,480,持分移轉,05000006
RPRTMLOKLHMFFBH88CB,後興段,18.65,都市：住,100000,530,持分移轉,05000000
RPRTMLOKLHMFFBH88CB,後興段,.28,都市：住,100000,530,持分移轉,05000006
RPSTMLOKLHMFFBH98CB,後興段,18.65,都市：住,100000,530,持分移轉,05000000
RPSTMLOKLHMFFBH98CB,後興段,.28,都市：住,100000,530,持分移轉,05000006
RPXTMLOKLHMFFBH86CB,後興段,16.89,都市：住,100000,480,持分移轉,05000000
RPXTMLOKLHMFFBH86CB,後興段,.25,都市：住,100000,480,持分移轉,05000006
RPWTMLOKLHMFFBH76CB,後興段,16.89,都市：住,100000,480,持分移轉,05000000
RPWTMLOKLHMFFBH76CB,後興段,.25,都市：住,100000,480,持分移轉,05000006
RPUTMLOKLHMFFBH56CB,後興段,16.89,都市：住,100000,480,持分移轉,05000000
RPUTMLOKLHMFFBH56CB,後興段,.25,都市：住,100000,480,持分移轉,05000006
RPPUMLOKLHMFFBH78CB,後興段,16.89,都市：住,100000,480,持分移轉,05000000
RPPUMLOKLHMFFBH78CB,後興段,.25,都市：住,100000,480,持分移轉,05000006
RPOUMLOKLHMFFBH68CB,後興段,16.89,都市：住,100000,480,持分移轉,05000000
RPOUMLOKLHMFFBH68CB,後興段,.25,都市：住,100000,480,持分移轉,05000006
RPVTMLOKLHMFFBH66CB,後興段,16.89,都市：住,100000,480,持分移轉,05000000
RPVTMLOKLHMFFBH66CB,後興段,.25,都市：住,100000,480,持分移轉,05000006
RPQUMLOKLHMFFBH88CB,後興段,16.89,都市：住,100000,480,持分移轉,05000000
RPQUMLOKLHMFFBH88CB,後興段,.25,都市：住,100000,480,持分移轉,05000006
RPRUMLOKLHMFFBH98CB,後興段,16.89,都市：住,100000,480,持分移轉,05000000
RPRUMLOKLHMFFBH98CB,後興段,.25,都市：住,100000,480,持分移轉,05000006
RPSUMLOKLHMFFBH09CB,後興段,16.89,都市：住,100000,480,持分移轉,05000000
RPSUMLOKLHMFFBH09CB,後興段,.25,都市：住,100000,480,持分移轉,05000006
RPTUMLOKLHMFFBH56CB,後興段,16.89,都市：住,100000,480,持分移轉,05000000
RPTUMLOKLHMFFBH56CB,後興段,.25,都市：住,100000,480,持分移轉,05000006
RPVUMLOKLHMFFBH76CB,後興段,16.89,都市：住,100000,480,持分移轉,05000000
RPVUMLOKLHMFFBH76CB,後興段,.25,都市：住,100000,480,持分移轉,05000006
RPXUMLOKLHMFFBH96CB,後興段,16.89,都市：住,100000,480,持分移轉,05000000
RPXUMLOKLHMFFBH96CB,後興段,.25,都市：住,100000,480,持分移轉,05000006
RPUOMLPKLHMFFBH78CB,後興段,16.89,都市：住,100000,480,持分移轉,05000000
RPUOMLPKLHMFFBH78CB,後興段,.25,都市：住,100000,480,持分移轉,05000006
RPROMLPKLHMFFBH48CB,後興段,16.89,都市：住,100000,480,持分移轉,05000000
RPROMLPKLHMFFBH48CB,後興段,.25,都市：住,100000,480,持分移轉,05000006
RPOVMLOKLHMFFBH78CB,後興段,16.89,都市：住,100000,480,持分移轉,05000000
RPOVMLOKLHMFFBH78CB,後興段,.25,都市：住,100000,480,持分移轉,05000006
RPTPMLPKLHMFFBH78CB,後興段,16.89,都市：住,100000,480,持分移轉,05000000
RPTPMLPKLHMFFBH78CB,後興段,.25,都市：住,100000,480,持分移轉,05000006
RPRPMLPKLHMFFBH58CB,後興段,16.89,都市：住,100000,480,持分移轉,05000000
RPRPMLPKLHMFFBH58CB,後興段,.25,都市：住,100000,480,持分移轉,05000006
RPVPMLPKLHMFFBH98CB,後興段,16.89,都市：住,100000,480,持分移轉,05000000
RPVPMLPKLHMFFBH98CB,後興段,.25,都市：住,100000,480,持分移轉,05000006
RPXOMLPKLHMFFBH09CB,後興段,16.89,都市：住,100000,480,持分移轉,05000000
RPXOMLPKLHMFFBH09CB,後興段,.25,都市：住,100000,480,持分移轉,05000006
RPWOMLPKLHMFFBH98CB,後興段,16.89,都市：住,100000,480,持分移轉,05000000
RPWOMLPKLHMFFBH98CB,後興段,.25,都市：住,100000,480,持分移轉,05000006
RPWPMLPKLHMFFBH09CB,後興段,16.89,都市：住,100000,480,持分移轉,05000000
RPWPMLPKLHMFFBH09CB,後興段,.25,都市：住,100000,480,持分移轉,05000006
RPQPMLPKLHMFFBH48CB,後興段,16.89,都市：住,100000,480,持分移轉,05000000
RPQPMLPKLHMFFBH48CB,後興段,.25,都市：住,100000,480,持分移轉,05000006
RPQQMLPKLHMFFBH58CB,後興段,16.89,都市：住,100000,480,持分移轉,05000000
RPQQMLPKLHMFFBH58CB,後興段,.25,都市：住,100000,480,持分移轉,05000006
RPUQMLPKLHMFFBH98CB,後興段,16.89,都市：住,100000,480,持分移轉,05000000
RPUQMLPKLHMFFBH98CB,後興段,.25,都市：住,100000,480,持分移轉,05000006
RPVQMLPKLHMFFBH09CB,後興段,38.71,都市：住,100000,1100,持分移轉,05000000
RPVQMLPKLHMFFBH09CB,後興段,.58,都市：住,100000,1100,持分移轉,05000006
RPORMLPKLHMFFBH48CB,後興段,24.99,都市：住,100000,710,持分移轉,05000000
RPORMLPKLHMFFBH48CB,後興段,.37,都市：住,100000,710,持分移轉,05000006
RPXPMLPKLHMFFBH56CB,後興段,16.89,都市：住,100000,480,持分移轉,05000000
RPXPMLPKLHMFFBH56CB,後興段,.25,都市：住,100000,480,持分移轉,05000006
RPUOMLQJMHMFFAH78CB,同德段,77.62,都市：商,100000,1552,持分移轉,00250000
RPRRMLPKLHMFFBH78CB,後興段,24.63,都市：住,100000,700,持分移轉,05000000
RPRRMLPKLHMFFBH78CB,後興段,.37,都市：住,100000,700,持分移轉,05000006
RPPQMLPKLHMFFBH48CB,後興段,16.89,都市：住,100000,480,持分移轉,05000000
RPPQMLPKLHMFFBH48CB,後興段,.25,都市：住,100000,480,持分移轉,05000006
RPXQMLPKLHMFFBH66CB,後興段,19.00,都市：住,100000,540,持分移轉,05000000
RPXQMLPKLHMFFBH66CB,後興段,.28,都市：住,100000,540,持分移轉,05000006
RPSOMLQJMHMFFAH58CB,同德段,73.22,都市：商,100000,1464,持分移轉,00250000
RPTRMLPKLHMFFBH98CB,後興段,30.97,都市：住,100000,880,持分移轉,05000000
RPTRMLPKLHMFFBH98CB,後興段,.46,都市：住,100000,880,持分移轉,05000006
RPTOMLQJMHMFFAH68CB,同德段,77.62,都市：商,100000,1552,持分移轉,00250000
RPSQMLPKLHMFFBH78CB,後興段,16.89,都市：住,100000,480,持分移轉,05000000
RPSQMLPKLHMFFBH78CB,後興段,.25,都市：住,100000,480,持分移轉,05000006
RPVOMLQJMHMFFAH88CB,同德段,83.52,都市：商,100000,1670,持分移轉,00250000
RPWOMLQJMHMFFAH98CB,同德段,77.62,都市：商,100000,1552,持分移轉,00250000
RPPPMLQJMHMFFAH38CB,同德段,77.62,都市：商,100000,1552,持分移轉,00250000
RPOPMLQJMHMFFAH28CB,同德段,77.62,都市：商,100000,1552,持分移轉,00250000
RPQQMLQJMHMFFAH58CB,同德段,89.42,都市：商,100000,1788,持分移轉,00250000
RPTPMLQJMHMFFAH78CB,同德段,71.72,都市：商,100000,1434,持分移轉,00250000
RPQPMLQJMHMFFAH48CB,同德段,77.62,都市：商,100000,1552,持分移轉,00250000
RPSPMLQJMHMFFAH68CB,同德段,77.62,都市：商,100000,1552,持分移轉,00250000
RPRQMLQJMHMFFAH68CB,同德段,77.62,都市：商,100000,1552,持分移轉,00250000
RPOQMLQJMHMFFAH38CB,同德段,83.52,都市：商,100000,1670,持分移轉,00250000
RPWPMLQJMHMFFAH09CB,同德段,77.62,都市：商,100000,1552,持分移轉,00250000
RPPQMLQJMHMFFAH48CB,同德段,77.62,都市：商,100000,1552,持分移轉,00250000
RPXPMLQJMHMFFAH56CB,同德段,71.72,都市：商,100000,1434,持分移轉,00250000
RPUPMLQJMHMFFAH88CB,同德段,71.72,都市：商,100000,1434,持分移轉,00250000
RPSQMLQJMHMFFAH78CB,同德段,71.72,都市：商,100000,1434,持分移轉,00250000
RPTQMLQJMHMFFAH88CB,同德段,71.72,都市：商,100000,1434,持分移轉,00250000
RPQRMLQJMHMFFAH68CB,同德段,24.06,都市：商,100000,481,持分移轉,00250000
RPSRMLQJMHMFFAH88CB,同德段,23.06,都市：商,100000,461,持分移轉,00250000
RPORMLQJMHMFFAH48CB,同德段,23.56,都市：商,100000,471,持分移轉,00250000
RPRRMLQJMHMFFAH78CB,同德段,24.06,都市：商,100000,481,持分移轉,00250000
RPVQMLQJMHMFFAH09CB,同德段,83.52,都市：商,100000,1670,持分移轉,00250000
RPUQMLQJMHMFFAH98CB,同德段,107.13,都市：商,100000,2142,持分移轉,00250000
RPWQMLQJMHMFFAH56CB,同德段,113.73,都市：商,100000,2274,持分移轉,00250000
RPTRMLQJMHMFFAH98CB,同德段,24.06,都市：商,100000,481,持分移轉,00250000
RPXQMLQJMHMFFAH66CB,同德段,24.06,都市：商,100000,481,持分移轉,00250000
RPPRMLQJMHMFFAH58CB,同德段,23.06,都市：商,100000,461,持分移轉,00250000
RPWRMLQJMHMFFAH66CB,同德段,46.61,都市：商,100000,932,持分移轉,00250000
RPQSMLQJMHMFFAH78CB,同德段,46.61,都市：商,100000,932,持分移轉,00250000
RPUSMLQJMHMFFAH56CB,同德段,29.06,都市：商,100000,581,持分移轉,00250000
RPSSMLQJMHMFFAH98CB,同德段,29.56,都市：商,100000,591,持分移轉,00250000
RPOSMLQJMHMFFAH58CB,同德段,38.06,都市：商,100000,761,持分移轉,00250000
RPTSMLQJMHMFFAH09CB,同德段,20.00,都市：商,100000,400,持分移轉,00250000
RPXRMLQJMHMFFAH76CB,同德段,46.61,都市：商,100000,932,持分移轉,00250000
RPRSMLQJMHMFFAH88CB,同德段,47.61,都市：商,100000,952,持分移轉,00250000
RPVRMLQJMHMFFAH56CB,同德段,47.61,都市：商,100000,952,持分移轉,00250000
RPURMLQJMHMFFAH09CB,同德段,48.61,都市：商,100000,972,持分移轉,00250000
RPXSMLQJMHMFFAH86CB,同德段,20.00,都市：商,100000,400,持分移轉,00250000
RPVSMLQJMHMFFAH66CB,同德段,29.56,都市：商,100000,591,持分移轉,00250000
RPVTMLQJMHMFFAH76CB,同德段,29.06,都市：商,100000,581,持分移轉,00250000
RPTTMLQJMHMFFAH56CB,同德段,38.11,都市：商,100000,762,持分移轉,00250000
RPRTMLQJMHMFFAH98CB,同德段,29.06,都市：商,100000,581,持分移轉,00250000
RPPTMLQJMHMFFAH78CB,同德段,29.06,都市：商,100000,581,持分移轉,00250000
RPOUMLQJMHMFFAH78CB,同德段,29.56,都市：商,100000,591,持分移轉,00250000
RPWSMLQJMHMFFAH76CB,同德段,29.06,都市：商,100000,581,持分移轉,00250000
RPUTMLQJMHMFFAH66CB,同德段,38.61,都市：商,100000,772,持分移轉,00250000
RPSTMLQJMHMFFAH09CB,同德段,29.56,都市：商,100000,591,持分移轉,00250000
RPPUMLQJMHMFFAH88CB,同德段,20.51,都市：商,100000,410,持分移轉,00250000
RPSUMLQJMHMFFAH56CB,同德段,29.56,都市：商,100000,591,持分移轉,00250000
RPUUMLQJMHMFFAH76CB,同德段,29.06,都市：商,100000,581,持分移轉,00250000
RPTUMLQJMHMFFAH66CB,同德段,29.56,都市：商,100000,591,持分移轉,00250000
RPWUMLQJMHMFFAH96CB,同德段,39.06,都市：商,100000,781,持分移轉,00250000
RPOVMLQJMHMFFAH88CB,同德段,46.61,都市：商,100000,932,持分移轉,00250000
RPVUMLQJMHMFFAH86CB,同德段,29.06,都市：商,100000,581,持分移轉,00250000
RPVVMLQJMHMFFAH96CB,同德段,14.50,都市：商,100000,290,持分移轉,00250000
RPRVMLQJMHMFFAH56CB,同德段,37.06,都市：商,100000,741,持分移轉,00250000
RPQVMLQJMHMFFAH09CB,同德段,37.06,都市：商,100000,741,持分移轉,00250000
RPQWMLQJMHMFFAH56CB,同德段,14.50,都市：商,100000,290,持分移轉,00250000
RPQUMLQJMHMFFAH98CB,同德段,29.56,都市：商,100000,591,持分移轉,00250000
RPRWMLQJMHMFFAH66CB,同德段,14.50,都市：商,100000,290,持分移轉,00250000
RPSWMLQJMHMFFAH76CB,同德段,24.06,都市：商,100000,481,持分移轉,00250000
RPPWMLQJMHMFFAH09CB,同德段,23.56,都市：商,100000,471,持分移轉,00250000
RPUWMLQJMHMFFAH96CB,同德段,23.56,都市：商,100000,471,持分移轉,00250000
RPTWMLQJMHMFFAH86CB,同德段,14.50,都市：商,100000,290,持分移轉,00250000
RPXVMLQJMHMFFAH17CB,同德段,23.06,都市：商,100000,461,持分移轉,00250000
RPOPMLQJMHMFFEH78DB,大新段,28.17,都市：住,10000,289,持分移轉,05250000
RPOWMLQJMHMFFAH98CB,同德段,23.56,都市：商,100000,471,持分移轉,00250000
RPPOMLQJMHMFFEH78DB,大新段,20.17,都市：住,10000,207,持分移轉,05250000
RPUOMLQJMHMFFEH66DB,大新段,28.07,都市：住,10000,288,持分移轉,05250000
RPWOMLQJMHMFFEH86DB,大新段,28.17,都市：住,10000,289,持分移轉,05250000
RPPPMLQJMHMFFEH88DB,大新段,28.17,都市：住,10000,289,持分移轉,05250000
RPQPMLQJMHMFFEH98DB,大新段,28.17,都市：住,10000,289,持分移轉,05250000
RPUPMLQJMHMFFEH76DB,大新段,20.17,都市：住,10000,207,持分移轉,05250000
RPTTMLOLMHMFFBH66CB,中工段,74.72,非都市：工業區 ; 非都市編定：丁種建築用地,10000,147,持分移轉,05890001
RPXOMLQJMHMFFEH96DB,大新段,38.69,都市：住,10000,397,持分移轉,05250000
RPSTMLOLMHMFFBH56CB,中工段,74.72,非都市：工業區 ; 非都市編定：丁種建築用地,10000,147,持分移轉,05890001
RPPPMLRJMHMFFBH78EB,雙嶺段,27.04,都市：住,100000,672,持分移轉,13320000
RPSPMLQJMHMFFEH56DB,大新段,18.81,都市：商,10000,193,持分移轉,05250000
RPUTMLOLMHMFFBH76CB,中工段,74.72,非都市：工業區 ; 非都市編定：丁種建築用地,10000,147,持分移轉,05890001
RPWTMLOLMHMFFBH96CB,中工段,74.72,非都市：工業區 ; 非都市編定：丁種建築用地,10000,147,持分移轉,05890001
RPXTMLOLMHMFFBH07CB,中工段,73.70,非都市：工業區 ; 非都市編定：丁種建築用地,10000,145,持分移轉,05890001
RPRUMLOLMHMFFBH56CB,中工段,75.74,非都市：工業區 ; 非都市編定：丁種建築用地,10000,149,持分移轉,05890001
RPUUMLOLMHMFFBH86CB,中工段,162.15,非都市：工業區 ; 非都市編定：丁種建築用地,10000,319,持分移轉,05890001
RPOUMLOLMHMFFBH88CB,中工段,77.26,非都市：工業區 ; 非都市編定：丁種建築用地,10000,152,持分移轉,05890001
RPVTMLOLMHMFFBH86CB,中工段,74.21,非都市：工業區 ; 非都市編定：丁種建築用地,10000,146,持分移轉,05890001
RPSUMLOLMHMFFBH66CB,中工段,74.72,非都市：工業區 ; 非都市編定：丁種建築用地,10000,147,持分移轉,05890001
RPVUMLOLMHMFFBH96CB,中工段,74.72,非都市：工業區 ; 非都市編定：丁種建築用地,10000,147,持分移轉,05890001
RPWUMLOLMHMFFBH07CB,中工段,75.23,非都市：工業區 ; 非都市編定：丁種建築用地,10000,148,持分移轉,05890001
RPQUMLOLMHMFFBH09CB,中工段,73.70,非都市：工業區 ; 非都市編定：丁種建築用地,10000,145,持分移轉,05890001
RPPVMLOLMHMFFBH09CB,中工段,77.26,非都市：工業區 ; 非都市編定：丁種建築用地,10000,152,持分移轉,05890001
RPOVMLOLMHMFFBH98CB,中工段,73.70,非都市：工業區 ; 非都市編定：丁種建築用地,10000,145,持分移轉,05890001
RPXUMLOLMHMFFBH17CB,中工段,75.74,非都市：工業區 ; 非都市編定：丁種建築用地,10000,149,持分移轉,05890001
RPTOMLSLMHMFFHH17CB,公華段,42.07,都市：住,100000,544,持分移轉,04040000
RPXOMLSLMHMFFHH57CB,公華段,42.07,都市：住,100000,544,持分移轉,04040000
RPRPMLSLMHMFFHH07CB,公華段,43.23,都市：住,100000,559,持分移轉,04040000
RPVOMLSLMHMFFHH37CB,公華段,42.07,都市：住,100000,544,持分移轉,04040000
RPPPMLSLMHMFFHH86CB,公華段,43.23,都市：住,100000,559,持分移轉,04040000
RPQPMLSLMHMFFHH96CB,公華段,43.23,都市：住,100000,559,持分移轉,04040000
RPUOMLSLMHMFFHH27CB,公華段,42.07,都市：住,100000,544,持分移轉,04040000
RPWOMLSLMHMFFHH47CB,公華段,42.07,都市：住,100000,544,持分移轉,04040000
RPOPMLSLMHMFFHH76CB,公華段,42.46,都市：住,100000,549,持分移轉,04040000
RPSPMLSLMHMFFHH17CB,公華段,41.69,都市：住,100000,539,持分移轉,04040000
RPTPMLSLMHMFFHH27CB,公華段,35.42,都市：住,100000,458,持分移轉,04040000
RPXPMLSLMHMFFHH67CB,公華段,42.46,都市：住,100000,549,持分移轉,04040000
RPVPMLSLMHMFFHH47CB,公華段,42.07,都市：住,100000,544,持分移轉,04040000
RPOQMLSLMHMFFHH86CB,公華段,43.23,都市：住,100000,559,持分移轉,04040000
RPWPMLSLMHMFFHH57CB,公華段,42.46,都市：住,100000,549,持分移轉,04040000
RPQQMLSLMHMFFHH07CB,公華段,43.23,都市：住,100000,559,持分移轉,04040000
RPPQMLSLMHMFFHH96CB,公華段,42.46,都市：住,100000,549,持分移轉,04040000
RPRQMLSLMHMFFHH17CB,公華段,42.46,都市：住,100000,549,持分移轉,04040000
RPVQMLSLMHMFFHH57CB,公華段,27.30,都市：住,100000,353,持分移轉,04040000
RPUPMLSLMHMFFHH37CB,公華段,42.07,都市：住,100000,544,持分移轉,04040000
RPWQMLSLMHMFFHH67CB,公華段,27.30,都市：住,100000,353,持分移轉,04040000
RPORMLSLMHMFFHH96CB,公華段,43.23,都市：住,100000,559,持分移轉,04040000
RPXQMLSLMHMFFHH77CB,公華段,27.30,都市：住,100000,353,持分移轉,04040000
RPPRMLSLMHMFFHH07CB,公華段,35.42,都市：住,100000,458,持分移轉,04040000
RPSQMLSLMHMFFHH27CB,公華段,28.07,都市：住,100000,363,持分移轉,04040000
RPTQMLSLMHMFFHH37CB,公華段,27.30,都市：住,100000,353,持分移轉,04040000
RPUQMLSLMHMFFHH47CB,公華段,27.30,都市：住,100000,353,持分移轉,04040000
