﻿鄉鎮市區,交易標的,土地位置建物門牌,土地面積平方公尺,都市土地使用分區,非都市土地使用分區,非都市土地使用編定,租賃年月日,租賃筆棟數,租賃層次,總樓層數,建物型態,主要用途,主要建材,建築完成年月,建物總面積平方公尺,建物現況格局-房,建物現況格局-廳,建物現況格局-衛,建物現況格局-隔間,有無管理組織,有無附傢俱,總額元,單價元平方公尺,車位類別,車位面積平方公尺,車位總額元,備註,編號
The villages and towns urban district,transaction sign,land sector position building sector house number plate,land shifting total area square meter,the use zoning or compiles and checks,the non-metropolis land use district,non-metropolis land use,transaction year month and day,transaction pen number,shifting level,total floor number,building state,main use,main building materials,construction to complete the years,building shifting total area,Building present situation pattern - room,building present situation pattern - hall,building present situation pattern - health,building present situation pattern - compartmented,Whether there is manages the organization,Whether there is attaches the furniture,total price NTD,the unit price (NTD / square meter),the berth category,berth shifting total area square meter,the berth total price NTD,the note,serial number
嘉義市,房地(土地+建物)+車位,嘉義市嘉義市博東路159號14樓2,13.67,住,,,1060110,土地1建物1車位1,十四層,22,住宅大樓(11層含以上有電梯),住家用,鋼筋混凝土造,0870319,114.92,3,2,2,有,有,有,12500,109,坡道平面,0.0,0,,RPPNMLOJKHMFFAI08DC
嘉義市,房地(土地+建物),嘉義市嘉義市博東路159號7樓1,14.48,住,,,1060111,土地1建物1車位0,七層,22,住宅大樓(11層含以上有電梯),住家用,鋼筋混凝土造,0870319,116.61,3,2,2,有,有,有,11000,94,,0.0,0,,RPSNMLRJKHMFFAI68DC
嘉義市,房地(土地+建物),嘉義市嘉義市博愛路二段52號,34.0,住,,,1060219,土地1建物1車位0,全,5,透天厝,見其他登記事項,鋼筋混凝土造,0800426,126.25,0,0,0,無,無,有,16500,131,,0.0,0,分層出租4樓,RPUNMLKLKHMFFAI38DC
嘉義市,房地(土地+建物),嘉義市嘉義市博東路117號8樓2,9.65,住,,,1060202,土地1建物1車位0,八層,22,住宅大樓(11層含以上有電梯),住家用,鋼筋混凝土造,0870319,84.41,2,2,1,有,有,有,9000,107,,0.0,0,續租。,RPPNMLPLKHMFFAI38DC
嘉義市,房地(土地+建物),嘉義市嘉義市北榮街131號,68.0,商,,,1060208,土地1建物1車位0,見其他登記事項,4,店面(店鋪),住商用,鋼筋混凝土造,0660705,239.75,0,0,0,無,無,無,50000,209,,0.0,0,租賃範圍地下一樓及地上一至三樓,RPXNMLLJLHMFFAI58CC
嘉義市,房地(土地+建物),嘉義市嘉義市忠孝路467號3樓1,26.55,住,,,1060207,土地1建物1車位0,三層,5,公寓(5樓含以下無電梯),住家用,鋼筋混凝土造,0730623,87.94,3,2,2,有,無,有,7500,85,,0.0,0,,RPXNMLOJLHMFFAI98DC
嘉義市,房地(土地+建物),嘉義市嘉義市博東路151號7樓4,18.5,住,,,1060214,土地1建物1車位0,七層,22,住宅大樓(11層含以上有電梯),住家用,鋼筋混凝土造,0870319,147.54,3,2,2,有,有,有,12000,81,,0.0,0,,RPOPMLTJLHMFFAI78DC
嘉義市,房地(土地+建物),嘉義市嘉義市博東路151號18樓2,15.28,住,,,1060220,土地1建物1車位0,十八層,22,住宅大樓(11層含以上有電梯),住家用,鋼筋混凝土造,0870319,124.74,3,2,2,有,有,無,8500,68,,0.0,0,,RPPPMLTJLHMFFAI88DC
嘉義市,房地(土地+建物),嘉義市嘉義市博東路155號17樓2,15.28,住,,,1060217,土地1建物1車位0,十七層,22,住宅大樓(11層含以上有電梯),住家用,鋼筋混凝土造,0870319,124.73,3,2,2,有,有,無,9500,76,,0.0,0,續租。,RPUOMLNKLHMFFAI78DC
嘉義市,建物,嘉義市嘉義市國華街310號,0.0,,,,1060220,土地0建物0車位0,全,5,透天厝,見其他登記事項,見其他登記事項,1041110,16.72,1,0,1,有,無,有,6500,389,,0.0,0,含管理費、稅金或水電等費用。,RPVOMLNKLHMFFAI88DC
嘉義市,土地,黑金段145-1地號,176.0,商,,,1060302,土地1建物0車位0,,,其他,,,,0.0,0,0,0,有,無,無,50000,284,,0.0,0,,RPUNMLOKLHMFFAI68CC
嘉義市,房地(土地+建物),嘉義市嘉義市博東路155號5樓4,18.5,住,,,1060220,土地1建物1車位0,五層,22,住宅大樓(11層含以上有電梯),住家用,鋼筋混凝土造,0870319,147.54,4,2,2,有,有,有,12000,81,,0.0,0,,RPWNMLPKLHMFFAI09DC
嘉義市,房地(土地+建物),嘉義市嘉義市博東路115號16樓2,14.48,住,,,1060220,土地1建物1車位0,十六層,22,住宅大樓(11層含以上有電梯),住家用,鋼筋混凝土造,0870319,115.37,2,2,2,有,有,有,10000,87,,0.0,0,,RPQOMLQKLHMFFAI68DC
嘉義市,房地(土地+建物),嘉義市嘉義市博愛路一段496巷21號,29.84,住,,,1060227,土地1建物1車位0,二層,7,華廈(10層含以下有電梯),住商用,鋼筋混凝土造,0800518,87.91,2,2,1,有,有,無,10000,114,,0.0,0,1-2樓樓店,RPXNMLQKLHMFFAI56CC
嘉義市,房地(土地+建物),嘉義市嘉義市忠孝路790-110號3樓1,14.93,住,,,1060226,土地1建物1車位0,三層,11,住宅大樓(11層含以上有電梯),住家用,鋼筋混凝土造,0841004,92.71,3,2,2,有,有,有,8000,86,,0.0,0,夾層增建,RPOOMLQKLHMFFAI38CC
嘉義市,建物,嘉義市嘉義市漢口路204號,100.0,住,,,1060316,土地0建物1車位0,全,4,透天厝,住家用,鋼筋混凝土造,0790809,310.4,5,2,4,有,無,無,18000,58,,0.0,0,,RPQNMLOLLHMFFAI38CC
嘉義市,建物,嘉義市嘉義市中山路513號1F,247.0,商,,,1060313,土地0建物1車位0,一層,2,店面(店鋪),見其他登記事項,見其他登記事項,0890515,197.71,0,0,0,無,無,無,85000,430,,0.0,0,,RPTNMLRLLHMFFAI98CC
嘉義市,建物,嘉義市嘉義市國華街306號,0.0,,,,1060301,土地0建物0車位0,全,5,透天厝,見其他登記事項,見其他登記事項,1041110,26.45,1,0,1,有,無,有,9000,340,,0.0,0,含管理費、稅金或水電等費用。,RPVNMLRLLHMFFAI66DC
嘉義市,房地(土地+建物),嘉義市嘉義市博東路157號7樓2,13.67,住,,,1060306,土地1建物1車位0,七層,22,住宅大樓(11層含以上有電梯),住家用,鋼筋混凝土造,0870319,112.72,3,2,2,有,有,有,10000,89,,0.0,0,,RPPNMLSLLHMFFAI78DC
嘉義市,房地(土地+建物),嘉義市嘉義市大雅路二段368號,85.0,住,,,1060301,土地1建物1車位0,全,3,透天厝,住商用,鋼筋混凝土加強磚造,0690708,171.61,4,2,3,有,無,無,22000,128,,0.0,0,,RPRNMLTLLHMFFAI09DC
嘉義市,建物,嘉義市嘉義市西區興達路592巷1號7F1,13.72,住,,,1060301,土地0建物1車位0,七層,12,住宅大樓(11層含以上有電梯),住家用,鋼筋混凝土造,0820618,76.1,3,2,1,有,無,有,10000,131,,0.0,0,,RPSNMLTLLHMFFAI09CC
嘉義市,建物,嘉義市嘉義市興業西路130號十樓之1,31.26,住,,,1060317,土地0建物1車位0,十層,14,住宅大樓(11層含以上有電梯),住家用,鋼筋混凝土造,0931101,188.64,3,2,2,有,有,無,14300,76,,0.0,0,起租日106年4月1日租金內含每月管理費和車位清潔費,RPPOMLKMLHMFFAI08CC
嘉義市,房地(土地+建物),嘉義市嘉義市博東路115號5樓4,9.65,住,,,1060310,土地1建物1車位0,五層,22,住宅大樓(11層含以上有電梯),住家用,鋼筋混凝土造,0870319,79.56,2,2,1,有,有,有,9000,113,,0.0,0,,RPQOMLKMLHMFFAI28DC
嘉義市,房地(土地+建物),嘉義市嘉義市博東路117號10樓1,9.65,住,,,1060313,土地1建物1車位0,十層,22,住宅大樓(11層含以上有電梯),住家用,鋼筋混凝土造,0870319,79.56,2,2,1,有,有,有,8500,107,,0.0,0,,RPUNMLPJMHMFFAI88DC
嘉義市,房地(土地+建物),嘉義市嘉義市博東路159號9樓4,10.45,住,,,1060313,土地1建物1車位0,九層,22,住宅大樓(11層含以上有電梯),住家用,鋼筋混凝土造,0870319,87.43,2,2,1,有,有,有,8500,97,,0.0,0,,RPWNMLPJMHMFFAI09DC
嘉義市,建物,嘉義市嘉義市國華街306號,0.0,,,,1060313,土地0建物0車位0,全,5,透天厝,見其他登記事項,見其他登記事項,1041110,26.45,1,0,1,有,無,有,9000,340,,0.0,0,含管理費、稅金或水電等費用。,RPRNMLQJMHMFFAI68DC
嘉義市,房地(土地+建物),嘉義市嘉義市博東路159號16樓4,10.45,住,,,1060320,土地1建物1車位0,十六層,22,住宅大樓(11層含以上有電梯),住家用,鋼筋混凝土造,0870319,87.43,2,2,1,有,有,有,9000,103,,0.0,0,,RPQNMLMKMHMFFAI28DC
嘉義市,房地(土地+建物),嘉義市嘉義市博東路153號4樓2,15.28,住,,,1060327,土地1建物1車位0,四層,22,住宅大樓(11層含以上有電梯),住家用,鋼筋混凝土造,0870319,124.32,3,2,2,有,有,有,11000,88,,0.0,0,續租。,RPSNMLMKMHMFFAI48DC
嘉義市,房地(土地+建物),嘉義市嘉義市嘉義市西區中山路351號1樓,113.0,商,,,1060412,土地1建物1車位0,一層,4,店面(店鋪),住商用,鋼筋混凝土造,0601112,93.85,0,0,0,無,無,無,120000,1279,,0.0,0,含1-4層廣告外牆,RPTNMLRKMHMFFAI98CC
嘉義市,建物,嘉義市嘉義市國華街312號,0.0,,,,1060327,土地0建物0車位0,全,5,透天厝,見其他登記事項,見其他登記事項,1041110,39.75,1,1,1,有,無,有,9000,226,,0.0,0,,RPQNMLTKMHMFFAI98DC
嘉義市,建物,嘉義市嘉義市西區重慶路146號,97.0,住,,,1060411,土地0建物1車位0,一層,3,店面(店鋪),住商用,鋼筋混凝土造,0740523,91.96,0,0,0,無,無,無,16000,174,,0.0,0,租賃地下室+ 一樓店面起租日106年5月11日,RPSNMLLLMHMFFAI38CC
嘉義市,房地(土地+建物),嘉義市嘉義市南興路94號,64.0,住,,,1060419,土地2建物1車位0,見其他登記事項,2,店面(店鋪),住商用,鋼筋混凝土加強磚造,0670717,90.04,2,2,1,有,無,有,15000,167,,0.0,0,,RPPNMLOLMHMFFAI38CC
嘉義市,建物,嘉義市嘉義市國華街310號,0.0,,,,1060401,土地0建物0車位0,全,5,透天厝,見其他登記事項,見其他登記事項,1041110,30.0,1,0,1,有,無,有,8500,283,,0.0,0,含管理費、稅金或水電等費用。,RPTNMLOLMHMFFAI88DC
