﻿鄉鎮市區,交易標的,土地位置建物門牌,土地移轉總面積平方公尺,都市土地使用分區,非都市土地使用分區,非都市土地使用編定,交易年月日,交易筆棟數,移轉層次,總樓層數,建物型態,主要用途,主要建材,建築完成年月,建物移轉總面積平方公尺,建物現況格局-房,建物現況格局-廳,建物現況格局-衛,建物現況格局-隔間,有無管理組織,總價元,單價元平方公尺,車位類別,車位移轉總面積平方公尺,車位總價元,備註,編號
The villages and towns urban district,transaction sign,land sector position building sector house number plate,land shifting total area square meter,the use zoning or compiles and checks,the non-metropolis land use district,non-metropolis land use,transaction year month and day,transaction pen number,shifting level,total floor number,building state,main use,main building materials,construction to complete the years,building shifting total area,Building present situation pattern - room,building present situation pattern - hall,building present situation pattern - health,building present situation pattern - compartmented,Whether there is manages the organization,total price NTD,the unit price (NTD / square meter),the berth category,berth shifting total area square meter,the berth total price NTD,the note,serial number
竹北市,房地(土地+建物)+車位,新竹縣竹北市北興里36鄰勝利十一街260號五樓之10A1-05F,12.93,商,,,1040522,土地1建物1車位2,五層,23,住宅大樓(11層含以上有電梯),住家用,鋼筋混凝土造,,173.9,3,1,2,有,無,8930000,64355,坡道平面,60.0,1600000,,RPPNMLMLKHMFFBJ08CB
竹北市,房地(土地+建物)+車位,新竹縣竹北市北興里36鄰勝利十一路260號六樓之10A1-06F,12.93,商,,,1041019,土地1建物1車位2,六層,23,住宅大樓(11層含以上有電梯),住家用,鋼筋混凝土造,,169.78,3,1,2,有,無,9020000,63389,坡道平面,55.88,1800000,,RPRNMLMLKHMFFBJ28CB
竹北市,房地(土地+建物)+車位,新竹縣竹北市北興里36鄰勝利十一路260號七樓之10A1-07F,12.93,商,,,1040330,土地1建物1車位2,七層,23,住宅大樓(11層含以上有電梯),住家用,鋼筋混凝土造,,165.66,3,1,2,有,無,9800000,66725,坡道平面,51.76,2200000,,RPSNMLMLKHMFFBJ38CB
竹北市,房地(土地+建物)+車位,新竹縣竹北市北興里36鄰勝利十一路260號八樓之10A1-08F,12.93,商,,,1040416,土地1建物1車位2,八層,23,住宅大樓(11層含以上有電梯),住家用,鋼筋混凝土造,,165.66,3,1,2,有,無,9450000,65847,坡道平面,51.76,1950000,,RPTNMLMLKHMFFBJ48CB
竹北市,房地(土地+建物)+車位,新竹縣竹北市北興里36鄰勝利十一路260號九樓之10A1-09F,12.93,商,,,1040502,土地1建物1車位2,九層,23,住宅大樓(11層含以上有電梯),住家用,鋼筋混凝土造,,169.78,3,1,2,有,無,8800000,64530,坡道平面,55.88,1450000,,RPUNMLMLKHMFFBJ58CB
竹北市,房地(土地+建物)+車位,新竹縣竹北市北興里36鄰勝利十一路260號十樓之10A1-10F,12.93,商,,,1031031,土地1建物1車位2,十層,23,住宅大樓(11層含以上有電梯),住家用,鋼筋混凝土造,,173.9,3,1,2,有,無,9650000,67164,坡道平面,60.0,2000000,,RPVNMLMLKHMFFBJ68CB
竹北市,房地(土地+建物)+車位,新竹縣竹北市北興里36鄰勝利十一路260號十六樓之10A1-16F,12.93,商,,,1031102,土地1建物1車位2,十六層,23,住宅大樓(11層含以上有電梯),住家用,鋼筋混凝土造,,165.66,3,1,2,有,無,9200000,65847,坡道平面,51.76,1700000,,RPWNMLMLKHMFFBJ78CB
竹北市,房地(土地+建物)+車位,新竹縣竹北市北興里36鄰勝利十一路260號十八樓之10A1-18F,9.98,商,,,1031111,土地1建物1車位1,十八層,23,住宅大樓(11層含以上有電梯),住家用,鋼筋混凝土造,,143.9,3,1,2,有,無,8700000,69359,坡道平面,30.0,800000,,RPXNMLMLKHMFFBJ88CB
竹北市,房地(土地+建物)+車位,新竹縣竹北市北興里36鄰勝利十一路260號三樓之9A2-03F,7.74,商,,,1031030,土地1建物1車位1,三層,23,住宅大樓(11層含以上有電梯),住家用,鋼筋混凝土造,,107.66,2,1,1,有,無,6470000,71079,坡道平面,30.0,950000,,RPOOMLMLKHMFFBJ08CB
竹北市,房地(土地+建物)+車位,新竹縣竹北市北興里36鄰勝利十一路260號四樓之10A2-04F,7.86,商,,,1031027,土地1建物1車位1,四層,23,住宅大樓(11層含以上有電梯),住家用,鋼筋混凝土造,,105.27,2,1,1,有,無,6800000,70538,坡道平面,25.88,1200000,,RPPOMLMLKHMFFBJ18CB
竹北市,房地(土地+建物)+車位,新竹縣竹北市北興里36鄰勝利十一路260號五樓之9A2-05F,7.86,商,,,1040512,土地1建物1車位1,五層,23,住宅大樓(11層含以上有電梯),住家用,鋼筋混凝土造,,109.39,2,1,1,有,無,6680000,72175,坡道平面,30.0,950000,,RPQOMLMLKHMFFBJ28CB
竹北市,房地(土地+建物)+車位,新竹縣竹北市北興里36鄰勝利十一路260號六樓之9A2-06F,7.86,商,,,1040521,土地1建物1車位1,六層,23,住宅大樓(11層含以上有電梯),住家用,鋼筋混凝土造,,105.27,2,1,1,有,無,6500000,73687,坡道平面,25.88,650000,,RPSOMLMLKHMFFBJ48CB
竹北市,房地(土地+建物)+車位,新竹縣竹北市北興里36鄰勝利十一路260號七樓之9A2-07F,7.86,商,,,1040902,土地1建物1車位1,七層,23,住宅大樓(11層含以上有電梯),住家用,鋼筋混凝土造,,109.39,2,1,1,有,無,6700000,74317,坡道平面,30.0,800000,,RPTOMLMLKHMFFBJ58CB
竹北市,房地(土地+建物)+車位,新竹縣竹北市北興里36鄰勝利十一街260號九樓之9A2-09F,7.86,商,,,1031027,土地1建物1車位1,九層,23,住宅大樓(11層含以上有電梯),住家用,鋼筋混凝土造,,109.39,2,1,1,有,無,7280000,75324,坡道平面,30.0,1300000,,RPUOMLMLKHMFFBJ68CB
竹北市,房地(土地+建物)+車位,新竹縣竹北市北興里36鄰勝利十一街260號十樓之9A2-10F,7.86,商,,,1031031,土地1建物1車位1,十層,23,住宅大樓(11層含以上有電梯),住家用,鋼筋混凝土造,,109.39,2,1,1,有,無,7300000,75576,坡道平面,30.0,1300000,,RPVOMLMLKHMFFBJ78CB
竹北市,房地(土地+建物)+車位,新竹縣竹北市北興里36鄰勝利十一路260號十一樓之9A2-11F,7.86,商,,,1040504,土地1建物1車位1,十一層,23,住宅大樓(11層含以上有電梯),住家用,鋼筋混凝土造,,109.39,2,1,1,有,無,6900000,74946,坡道平面,30.0,950000,,RPXOMLMLKHMFFBJ98CB
竹北市,房地(土地+建物)+車位,新竹縣竹北市北興里36鄰勝利十一路26號十三樓之9A2-13F,7.86,商,,,1040417,土地1建物1車位1,十三層,23,住宅大樓(11層含以上有電梯),住家用,鋼筋混凝土造,,109.39,2,1,1,有,無,6970000,75828,坡道平面,30.0,950000,,RPPPMLMLKHMFFBJ28CB
竹北市,房地(土地+建物)+車位,新竹縣竹北市北興里36鄰勝利十一路260號十五樓之9A2-15F,7.86,商,,,1031029,土地1建物1車位1,十五層,23,住宅大樓(11層含以上有電梯),住家用,鋼筋混凝土造,,109.39,2,1,1,有,無,6900000,74946,坡道平面,30.0,950000,,RPRPMLMLKHMFFBJ48CB
竹北市,房地(土地+建物)+車位,新竹縣竹北市北興里36鄰勝利十一路260號十八樓之9A2-18F,7.86,商,,,1040522,土地1建物1車位1,十八層,23,住宅大樓(11層含以上有電梯),住家用,鋼筋混凝土造,,109.39,2,1,1,有,無,6980000,77844,坡道平面,30.0,800000,,RPSPMLMLKHMFFBJ58CB
竹北市,房地(土地+建物)+車位,新竹縣竹北市北興里36鄰勝利十一路260號十九樓之9A2-19F,7.86,商,,,1031029,土地1建物1車位1,十九層,23,住宅大樓(11層含以上有電梯),住家用,鋼筋混凝土造,,105.27,2,1,1,有,無,7250000,77466,坡道平面,25.88,1100000,,RPTPMLMLKHMFFBJ68CB
竹北市,房地(土地+建物)+車位,新竹縣竹北市北興里36鄰勝利十一路260號二十一樓之9A2-21F,7.86,商,,,1040727,土地1建物1車位1,二十一層,23,住宅大樓(11層含以上有電梯),住家用,鋼筋混凝土造,,109.39,2,1,1,有,無,7050000,76836,坡道平面,30.0,950000,,RPUPMLMLKHMFFBJ78CB
竹北市,房地(土地+建物)+車位,新竹縣竹北市北興里36鄰勝利十一路260號二十二樓之9A2-22F,7.86,商,,,1040202,土地1建物1車位1,二十二層,23,住宅大樓(11層含以上有電梯),住家用,鋼筋混凝土造,,109.39,2,1,1,有,無,7300000,75576,坡道平面,30.0,1300000,,RPVPMLMLKHMFFBJ88CB
竹北市,房地(土地+建物)+車位,新竹縣竹北市北興里36鄰勝利十一路260號八樓之8A3-08F,13.2,商,,,1040329,土地1建物1車位2,八層,23,住宅大樓(11層含以上有電梯),住家用,鋼筋混凝土造,,174.06,3,1,2,有,無,9600000,68963,坡道平面,55.88,1450000,,RPWPMLMLKHMFFBJ98CB
竹北市,房地(土地+建物)+車位,新竹縣竹北市北興里36鄰勝利十一路260號十一樓之8A3-11F,13.2,商,,,1040515,土地1建物1車位2,十一層,23,住宅大樓(11層含以上有電梯),住家用,鋼筋混凝土造,,169.94,3,1,2,有,無,10300000,70232,坡道平面,51.76,2000000,,RPXPMLMLKHMFFBJ09CB
竹北市,房地(土地+建物)+車位,新竹縣竹北市北興里36鄰勝利十一路260號十二樓之8A3-12F,13.2,商,,,1040422,土地1建物1車位2,十二層,23,住宅大樓(11層含以上有電梯),住家用,鋼筋混凝土造,,169.94,3,1,2,有,無,10400000,69386,坡道平面,51.76,2200000,,RPPQMLMLKHMFFBJ38CB
竹北市,房地(土地+建物)+車位,新竹縣竹北市北興里36鄰勝利十一路260號十三樓之8A3-13F,10.25,商,,,1031101,土地1建物1車位1,十三層,23,住宅大樓(11層含以上有電梯),住家用,鋼筋混凝土造,,148.18,3,1,2,有,無,9410000,71586,坡道平面,30.0,950000,,RPQQMLMLKHMFFBJ48CB
竹北市,房地(土地+建物)+車位,新竹縣竹北市北興里36鄰勝利十一路260號十五樓之8A3-15F,10.25,商,,,1040720,土地1建物1車位1,十五層,23,住宅大樓(11層含以上有電梯),住家用,鋼筋混凝土造,,148.18,3,1,2,有,無,9580000,71755,坡道平面,30.0,1100000,,RPRQMLMLKHMFFBJ58CB
竹北市,房地(土地+建物)+車位,新竹縣竹北市北興里36鄰勝利十一路260號十六樓之8A3-16F,10.25,商,,,1040706,土地1建物1車位1,十六層,23,住宅大樓(11層含以上有電梯),住家用,鋼筋混凝土造,,148.18,3,1,2,有,無,9710000,72009,坡道平面,30.0,1200000,,RPSQMLMLKHMFFBJ68CB
竹北市,房地(土地+建物)+車位,新竹縣竹北市北興里36鄰勝利十一路260號十八樓之8A3-18F,10.25,商,,,1040803,土地1建物1車位1,十八層,23,住宅大樓(11層含以上有電梯),住家用,鋼筋混凝土造,,148.18,3,1,2,有,無,9600000,71078,坡道平面,30.0,1200000,,RPTQMLMLKHMFFBJ78CB
竹北市,房地(土地+建物)+車位,新竹縣竹北市北興里36鄰勝利十一路260號二十樓之8A3-20F,13.2,商,,,1040107,土地1建物1車位2,二十層,23,住宅大樓(11層含以上有電梯),住家用,鋼筋混凝土造,,174.06,3,1,2,有,無,11000000,71924,坡道平面,55.88,2500000,,RPUQMLMLKHMFFBJ88CB
竹北市,房地(土地+建物)+車位,新竹縣竹北市北興里36鄰勝利十一路260號二十一樓之8A3-21F,13.2,商,,,1040329,土地1建物1車位2,二十一層,23,住宅大樓(11層含以上有電梯),住家用,鋼筋混凝土造,,178.18,3,1,2,有,無,10080000,71755,坡道平面,60.0,1600000,,RPVQMLMLKHMFFBJ98CB
竹北市,房地(土地+建物)+車位,新竹縣竹北市北興里36鄰勝利十一路260號八樓之7A5-08F,8.21,商,,,1040413,土地1建物1車位1,八層,23,住宅大樓(11層含以上有電梯),住家用,鋼筋混凝土造,,111.39,2,1,1,有,無,7200000,71337,坡道平面,25.88,1100000,,RPWQMLMLKHMFFBJ09CB
竹北市,房地(土地+建物)+車位,新竹縣竹北市北興里36鄰勝利十一路260號九樓之6A6-09F,8.21,商,,,1040828,土地1建物1車位1,九層,23,住宅大樓(11層含以上有電梯),住家用,鋼筋混凝土造,,111.39,2,1,1,有,無,7460000,73208,坡道平面,25.88,1200000,,RPORMLMLKHMFFBJ38CB
竹北市,房地(土地+建物)+車位,新竹縣竹北市北興里36鄰勝利十一路260號二樓之2A7-02F,7.98,商,,,1040820,土地1建物1車位1,二層,23,住宅大樓(11層含以上有電梯),住家用,鋼筋混凝土造,,111.16,2,1,1,有,無,6600000,71464,坡道平面,30.0,800000,,RPPRMLMLKHMFFBJ48CB
竹北市,房地(土地+建物)+車位,新竹縣竹北市北興里36鄰勝利十一路260號三樓之5A7-03F,7.98,商,,,1040529,土地1建物1車位1,三層,23,住宅大樓(11層含以上有電梯),住家用,鋼筋混凝土造,,111.16,2,1,1,有,無,7180000,72449,坡道平面,30.0,1300000,,RPRRMLMLKHMFFBJ68CB
竹北市,房地(土地+建物)+車位,新竹縣竹北市北興里36鄰勝利十一路260號五樓之5A7-05F,8.45,商,,,1040302,土地1建物1車位1,五層,23,住宅大樓(11層含以上有電梯),住家用,鋼筋混凝土造,,119.14,2,1,1,有,無,7440000,72807,坡道平面,30.0,950000,,RPSRMLMLKHMFFBJ78CB
竹北市,房地(土地+建物)+車位,新竹縣竹北市北興里36鄰勝利十一路260號六樓之5A7-06F,8.45,商,,,1040810,土地1建物1車位1,六層,23,住宅大樓(11層含以上有電梯),住家用,鋼筋混凝土造,,119.14,2,1,1,有,無,7390000,72246,坡道平面,30.0,950000,,RPVRMLMLKHMFFBJ09CB
竹北市,房地(土地+建物)+車位,新竹縣竹北市北興里36鄰勝利十一路260號七樓之5A7-07F,8.45,商,,,1031102,土地1建物1車位1,七層,23,住宅大樓(11層含以上有電梯),住家用,鋼筋混凝土造,,119.14,2,1,1,有,無,7300000,72919,坡道平面,30.0,800000,,RPWRMLMLKHMFFBJ56CB
竹北市,房地(土地+建物)+車位,新竹縣竹北市北興里36鄰勝利十一路260號八樓之5A7-08F,8.45,商,,,1031114,土地1建物1車位1,八層,23,住宅大樓(11層含以上有電梯),住家用,鋼筋混凝土造,,119.14,2,1,1,有,無,7650000,73480,坡道平面,30.0,1100000,,RPXRMLMLKHMFFBJ66CB
竹北市,房地(土地+建物)+車位,新竹縣竹北市北興里36鄰勝利十一路260號九號之5A7-09F,8.45,商,,,1031230,土地1建物1車位1,九層,23,住宅大樓(11層含以上有電梯),住家用,鋼筋混凝土造,,119.14,2,1,1,有,無,7450000,72919,坡道平面,30.0,950000,,RPOSMLMLKHMFFBJ48CB
竹北市,房地(土地+建物)+車位,新竹縣竹北市北興里36鄰勝利十一路260號十三樓之5A7-13F,8.45,商,,,1040411,土地1建物1車位1,十三層,23,住宅大樓(11層含以上有電梯),住家用,鋼筋混凝土造,,119.14,2,1,1,有,無,7680000,77182,坡道平面,30.0,800000,,RPPSMLMLKHMFFBJ58CB
竹北市,房地(土地+建物)+車位,新竹縣竹北市北興里36鄰勝利十一路260號二樓之1A8-02F,7.46,商,,,1040420,土地1建物1車位1,二層,23,住宅大樓(11層含以上有電梯),住家用,鋼筋混凝土造,,99.33,2,1,1,有,無,5780000,69843,坡道平面,25.88,650000,,RPQSMLMLKHMFFBJ68CB
竹北市,房地(土地+建物)+車位,新竹縣竹北市北興里36鄰勝利十一路260號三樓之3A8-03F,7.46,商,,,1031128,土地1建物1車位1,三層,23,住宅大樓(11層含以上有電梯),住家用,鋼筋混凝土造,,99.33,2,1,1,有,無,5830000,70524,坡道平面,25.88,650000,,RPRSMLMLKHMFFBJ78CB
竹北市,房地(土地+建物)+車位,新竹縣竹北市北興里36鄰勝利十一路260號四樓之3A8-04F,7.58,商,,,1031115,土地1建物1車位1,四層,23,住宅大樓(11層含以上有電梯),住家用,鋼筋混凝土造,,104.97,2,1,1,有,無,5930000,68427,坡道平面,30.0,800000,,RPTSMLMLKHMFFBJ98CB
竹北市,房地(土地+建物)+車位,新竹縣竹北市北興里36鄰勝利十一路260號五樓之3A8-05F,7.58,商,,,1031204,土地1建物1車位1,五層,23,住宅大樓(11層含以上有電梯),住家用,鋼筋混凝土造,,104.97,2,1,1,有,無,6330000,73763,坡道平面,30.0,800000,,RPUSMLMLKHMFFBJ09CB
竹北市,房地(土地+建物)+車位,新竹縣竹北市北興里36鄰勝利十一路260號七樓之3A8-07F,7.58,商,,,1040327,土地1建物1車位1,七層,23,住宅大樓(11層含以上有電梯),住家用,鋼筋混凝土造,,104.97,2,1,1,有,無,6200000,72029,坡道平面,30.0,800000,,RPVSMLMLKHMFFBJ56CB
竹北市,房地(土地+建物)+車位,新竹縣竹北市北興里36鄰勝利十一路260號八樓之3A8-08F,7.58,商,,,1040111,土地1建物1車位1,八層,23,住宅大樓(11層含以上有電梯),住家用,鋼筋混凝土造,,100.85,2,1,1,有,無,6400000,72029,坡道平面,25.88,1000000,,RPWSMLMLKHMFFBJ66CB
竹北市,房地(土地+建物)+車位,新竹縣竹北市北興里36鄰勝利十一路260號九樓之3A8-09F,7.58,商,,,1031124,土地1建物1車位1,九層,23,住宅大樓(11層含以上有電梯),住家用,鋼筋混凝土造,,100.85,2,1,1,有,無,6230000,71762,坡道平面,25.88,850000,,RPXSMLMLKHMFFBJ76CB
竹北市,房地(土地+建物)+車位,新竹縣竹北市北興里36鄰勝利十一路260號十樓之3A8-10F,7.58,商,,,1040114,土地1建物1車位1,十層,23,住宅大樓(11層含以上有電梯),住家用,鋼筋混凝土造,,104.97,2,1,1,有,無,6560000,72829,坡道平面,30.0,1100000,,RPOTMLMLKHMFFBJ58CB
竹北市,房地(土地+建物)+車位,新竹縣竹北市北興里36鄰勝利十一路260號十二樓之3A8-12F,7.58,商,,,1031026,土地1建物1車位1,十二層,23,住宅大樓(11層含以上有電梯),住家用,鋼筋混凝土造,,100.85,2,1,1,有,無,6370000,71629,坡道平面,25.88,1000000,,RPRTMLMLKHMFFBJ88CB
竹北市,房地(土地+建物)+車位,新竹縣竹北市北興里36鄰勝利十一路260號十三樓之3A8-13F,7.58,商,,,1031026,土地1建物1車位1,十三層,23,住宅大樓(11層含以上有電梯),住家用,鋼筋混凝土造,,104.97,2,1,1,有,無,6320000,73629,坡道平面,30.0,800000,,RPSTMLMLKHMFFBJ98CB
竹北市,房地(土地+建物)+車位,新竹縣竹北市北興里36鄰勝利十一路260號十四樓之3A8-14F,7.58,商,,,1040313,土地1建物1車位1,十四層,23,住宅大樓(11層含以上有電梯),住家用,鋼筋混凝土造,,100.85,2,1,1,有,無,6000000,71362,坡道平面,25.88,650000,,RPTTMLMLKHMFFBJ09CB
竹北市,房地(土地+建物)+車位,新竹縣竹北市北興里36鄰勝利十一路260號十五樓之3A8-15F,7.58,商,,,1031031,土地1建物1車位1,十五層,23,住宅大樓(11層含以上有電梯),住家用,鋼筋混凝土造,,100.85,2,1,1,有,無,6480000,73096,坡道平面,25.88,1000000,,RPUTMLMLKHMFFBJ56CB
竹北市,房地(土地+建物)+車位,新竹縣竹北市北興里36鄰勝利十一路260號十六樓之3A8-16F,7.58,商,,,1031215,土地1建物1車位1,十六層,23,住宅大樓(11層含以上有電梯),住家用,鋼筋混凝土造,,100.85,2,1,1,有,無,6110000,72829,坡道平面,25.88,650000,,RPVTMLMLKHMFFBJ66CB
竹北市,房地(土地+建物)+車位,新竹縣竹北市北興里36鄰勝利十一路260號十七樓之3A8-17F,7.58,商,,,1031029,土地1建物1車位1,十七層,23,住宅大樓(11層含以上有電梯),住家用,鋼筋混凝土造,,100.85,2,1,1,有,無,6670000,72963,坡道平面,25.88,1200000,,RPWTMLMLKHMFFBJ76CB
竹北市,房地(土地+建物)+車位,新竹縣竹北市北興里36鄰勝利十一路260號十八樓之3A8-18F,7.58,商,,,1040308,土地1建物1車位1,十八層,23,住宅大樓(11層含以上有電梯),住家用,鋼筋混凝土造,,100.85,2,1,1,有,無,6150000,73363,坡道平面,25.88,650000,,RPXTMLMLKHMFFBJ86CB
竹北市,房地(土地+建物)+車位,新竹縣竹北市北興里36鄰勝利十一路260號十九樓之3A8-19F,7.58,商,,,1040321,土地1建物1車位1,十九層,23,住宅大樓(11層含以上有電梯),住家用,鋼筋混凝土造,,100.85,2,1,1,有,無,6900000,77364,坡道平面,25.88,1100000,,RPPUMLMLKHMFFBJ78CB
竹北市,房地(土地+建物)+車位,新竹縣竹北市北興里36鄰勝利十一路260號二十樓之3A8-20F,7.58,商,,,1040411,土地1建物1車位1,二十層,23,住宅大樓(11層含以上有電梯),住家用,鋼筋混凝土造,,104.97,2,1,1,有,無,6450000,73363,坡道平面,30.0,950000,,RPQUMLMLKHMFFBJ88CB
竹北市,房地(土地+建物)+車位,新竹縣竹北市北興里36鄰勝利十一路260號二十一樓之3A8-21F,7.58,商,,,1040315,土地1建物1車位1,二十一層,23,住宅大樓(11層含以上有電梯),住家用,鋼筋混凝土造,,104.97,2,1,1,有,無,6250000,72696,坡道平面,30.0,800000,,RPRUMLMLKHMFFBJ98CB
竹北市,房地(土地+建物)+車位,新竹縣竹北市北興里36鄰勝利十一路260號二十二樓之3A8-22F,7.58,商,,,1040424,土地1建物1車位1,二十二層,23,住宅大樓(11層含以上有電梯),住家用,鋼筋混凝土造,,104.97,2,1,1,有,無,6350000,74030,坡道平面,30.0,800000,,RPSUMLMLKHMFFBJ09CB
竹北市,房地(土地+建物)+車位,新竹縣竹北市北興里36鄰勝利十一路260號二十三樓之3A8-23F,7.58,商,,,1040417,土地1建物1車位1,二十三層,23,住宅大樓(11層含以上有電梯),住家用,鋼筋混凝土造,,104.97,2,1,1,有,無,6660000,74163,坡道平面,30.0,1100000,,RPTUMLMLKHMFFBJ56CB
竹北市,房地(土地+建物)+車位,新竹縣竹北市北興里36鄰勝利十一路260號三樓之2A9-03F,7.98,商,,,1031109,土地1建物1車位1,三層,23,住宅大樓(11層含以上有電梯),住家用,鋼筋混凝土造,,111.16,2,1,1,有,無,6700000,72696,坡道平面,30.0,800000,,RPUUMLMLKHMFFBJ66CB
竹北市,房地(土地+建物)+車位,新竹縣竹北市北興里36鄰勝利十一路260號五樓之2A9-05F,8.45,商,,,1031117,土地1建物1車位1,五層,23,住宅大樓(11層含以上有電梯),住家用,鋼筋混凝土造,,119.06,2,1,1,有,無,7420000,69841,坡道平面,30.0,1200000,,RPVUMLMLKHMFFBJ76CB
竹北市,房地(土地+建物)+車位,新竹縣竹北市北興里36鄰勝利十一路260號六樓之2A9-06F,8.45,商,,,1040429,土地1建物1車位1,六層,23,住宅大樓(11層含以上有電梯),住家用,鋼筋混凝土造,,114.94,2,1,1,有,無,7100000,70177,坡道平面,25.88,850000,,RPWUMLMLKHMFFBJ86CB
竹北市,房地(土地+建物)+車位,新竹縣竹北市北興里36鄰勝利十一路260號七樓之2A9-07F,8.45,商,,,1040807,土地1建物1車位1,七層,23,住宅大樓(11層含以上有電梯),住家用,鋼筋混凝土造,,114.94,2,1,1,有,無,6890000,67819,坡道平面,25.88,850000,,RPXUMLMLKHMFFBJ96CB
竹北市,房地(土地+建物)+車位,新竹縣竹北市北興里36鄰勝利十一路260號八樓之2A9-08F,8.45,商,,,1031104,土地1建物1車位1,八層,23,住宅大樓(11層含以上有電梯),住家用,鋼筋混凝土造,,119.06,2,1,1,有,無,7050000,68493,坡道平面,30.0,950000,,RPOVMLMLKHMFFBJ78CB
竹北市,房地(土地+建物)+車位,新竹縣竹北市北興里36鄰勝利十一路260號十二樓之2A9-12F,8.45,商,,,1040606,土地1建物1車位1,十二層,23,住宅大樓(11層含以上有電梯),住家用,鋼筋混凝土造,,119.06,2,1,1,有,無,7270000,70963,坡道平面,30.0,950000,,RPPVMLMLKHMFFBJ88CB
竹北市,房地(土地+建物)+車位,新竹縣竹北市北興里36鄰勝利十一路260號十三樓之2A9-13F,8.45,商,,,1031027,土地1建物1車位1,十三層,23,住宅大樓(11層含以上有電梯),住家用,鋼筋混凝土造,,119.06,2,1,1,有,無,7750000,73546,坡道平面,30.0,1200000,,RPQVMLMLKHMFFBJ98CB
竹北市,房地(土地+建物)+車位,新竹縣竹北市北興里36鄰勝利十一路260號十四樓之2A9-14F,8.45,商,,,1031103,土地1建物1車位1,十四層,23,住宅大樓(11層含以上有電梯),住家用,鋼筋混凝土造,,119.06,2,1,1,有,無,7450000,70177,坡道平面,30.0,1200000,,RPRVMLMLKHMFFBJ09CB
竹北市,房地(土地+建物)+車位,新竹縣竹北市北興里36鄰勝利十一路260號十六樓之2A9-16F,8.45,商,,,1040111,土地1建物1車位1,十六層,23,住宅大樓(11層含以上有電梯),住家用,鋼筋混凝土造,,119.06,2,1,1,有,無,7450000,71300,坡道平面,30.0,1100000,,RPSVMLMLKHMFFBJ56CB
竹北市,房地(土地+建物)+車位,新竹縣竹北市北興里36鄰勝利十一路260號十七樓之2A9-17F,8.45,商,,,1031115,土地1建物1車位1,十七層,23,住宅大樓(11層含以上有電梯),住家用,鋼筋混凝土造,,119.06,2,1,1,有,無,7500000,70739,坡道平面,30.0,1200000,,RPTVMLMLKHMFFBJ66CB
竹北市,房地(土地+建物)+車位,新竹縣竹北市北興里36鄰勝利十一路260號十八樓之2A9-18F,8.45,商,,,1031115,土地1建物1車位1,十八層,23,住宅大樓(11層含以上有電梯),住家用,鋼筋混凝土造,,119.06,2,1,1,有,無,7500000,70739,坡道平面,30.0,1200000,,RPUVMLMLKHMFFBJ76CB
竹北市,房地(土地+建物)+車位,新竹縣竹北市北興里36鄰勝利十一路260號十九樓之2A9-19F,8.45,商,,,1031115,土地1建物1車位1,十九層,23,住宅大樓(11層含以上有電梯),住家用,鋼筋混凝土造,,119.06,2,1,1,有,無,7500000,70739,坡道平面,30.0,1200000,,RPVVMLMLKHMFFBJ86CB
竹北市,房地(土地+建物)+車位,新竹縣竹北市北興里36鄰勝利十一路260號三樓之1A10-03F,8.13,商,,,1031115,土地1建物1車位1,三層,23,住宅大樓(11層含以上有電梯),住家用,鋼筋混凝土造,,114.24,2,1,1,有,無,6500000,67664,坡道平面,30.0,800000,,RPXVMLMLKHMFFBJ07CB
竹北市,房地(土地+建物)+車位,新竹縣竹北市北興里36鄰勝利十一路260號五樓之1A10-05F,8.29,商,,,1040326,土地1建物1車位1,五層,23,住宅大樓(11層含以上有電梯),住家用,鋼筋混凝土造,,112.12,2,1,1,有,無,6880000,69921,坡道平面,25.88,850000,,RPOWMLMLKHMFFBJ88CB
竹北市,房地(土地+建物)+車位,新竹縣竹北市北興里36鄰勝利十一路260號六樓之1A10-06F,8.29,商,,,1031109,土地1建物1車位1,六層,23,住宅大樓(11層含以上有電梯),住家用,鋼筋混凝土造,,112.12,2,1,1,有,無,6700000,70153,坡道平面,25.88,650000,,RPPWMLMLKHMFFBJ98CB
竹北市,房地(土地+建物)+車位,新竹縣竹北市北興里36鄰勝利十一路260號七樓之1A10-07F,8.29,商,,,1031030,土地1建物1車位1,七層,23,住宅大樓(11層含以上有電梯),住家用,鋼筋混凝土造,,116.24,2,1,1,有,無,6920000,70965,坡道平面,30.0,800000,,RPQWMLMLKHMFFBJ09CB
竹北市,房地(土地+建物)+車位,新竹縣竹北市北興里36鄰勝利十一路260號八樓之1A10-08F,8.29,商,,,1031103,土地1建物1車位1,八層,23,住宅大樓(11層含以上有電梯),住家用,鋼筋混凝土造,,116.24,2,1,1,有,無,7070000,70965,坡道平面,30.0,950000,,RPRWMLMLKHMFFBJ56CB
竹北市,房地(土地+建物)+車位,新竹縣竹北市北興里36鄰勝利十一路260號九樓之1A10-09F,8.29,商,,,1031029,土地1建物1車位1,九層,23,住宅大樓(11層含以上有電梯),住家用,鋼筋混凝土造,,112.12,2,1,1,有,無,6980000,71081,坡道平面,25.88,850000,,RPSWMLMLKHMFFBJ66CB
竹北市,房地(土地+建物)+車位,新竹縣竹北市北興里36鄰勝利十一路260號八樓之11A11-08F,8.53,商,,,1040515,土地1建物1車位1,八層,23,住宅大樓(11層含以上有電梯),住家用,鋼筋混凝土造,,120.07,2,1,1,有,無,7000000,68835,坡道平面,30.0,800000,,RPTWMLMLKHMFFBJ76CB
竹北市,房地(土地+建物)+車位,新竹縣竹北市北興里36鄰勝利十一路260號十二樓之11A11-12F,8.53,商,,,1040706,土地1建物1車位1,十二層,23,住宅大樓(11層含以上有電梯),住家用,鋼筋混凝土造,,120.07,2,1,1,有,無,7480000,69724,坡道平面,30.0,1200000,,RPUWMLMLKHMFFBJ86CB
竹北市,房地(土地+建物)+車位,新竹縣竹北市北興里36鄰勝利十一路262號三樓之10B1-03F,9.74,商,,,1031228,土地1建物1車位1,三層,23,住宅大樓(11層含以上有電梯),住家用,鋼筋混凝土造,,135.61,3,1,2,有,無,7980000,66800,坡道平面,25.88,650000,,RPVWMLMLKHMFFBJ96CB
竹北市,房地(土地+建物)+車位,新竹縣竹北市北興里36鄰勝利十一路262號五樓之10B1-05F,12.93,商,,,1031226,土地1建物1車位2,五層,23,住宅大樓(11層含以上有電梯),住家用,鋼筋混凝土造,,173.9,3,1,2,有,無,9850000,66286,坡道平面,60.0,2300000,,RPWWMLMLKHMFFBJ07CB
竹北市,房地(土地+建物)+車位,新竹縣竹北市北興里36鄰勝利十一路262號六樓之10B1-06F,12.93,商,,,1031125,土地1建物1車位2,六層,23,住宅大樓(11層含以上有電梯),住家用,鋼筋混凝土造,,169.78,3,1,2,有,無,9880000,67428,坡道平面,55.88,2200000,,RPXWMLMLKHMFFBJ17CB
竹北市,房地(土地+建物)+車位,新竹縣竹北市北興里36鄰勝利十一路262號七樓之10B1-07F,12.93,商,,,1031229,土地1建物1車位2,七層,23,住宅大樓(11層含以上有電梯),住家用,鋼筋混凝土造,,173.9,3,1,2,有,無,9780000,66550,坡道平面,60.0,2200000,,RPONNLMLKHMFFBJ08CB
竹北市,房地(土地+建物)+車位,新竹縣竹北市北興里36鄰勝利十一路262號八樓之10B1-08F,9.98,商,,,1031029,土地1建物1車位1,八層,23,住宅大樓(11層含以上有電梯),住家用,鋼筋混凝土造,,143.9,3,1,2,有,無,9000000,68481,坡道平面,30.0,1200000,,RPPNNLMLKHMFFBJ18CB
竹北市,房地(土地+建物)+車位,新竹縣竹北市北興里36鄰勝利十一路262號九樓之10B1-09F,9.98,商,,,1031104,土地1建物1車位1,九層,23,住宅大樓(11層含以上有電梯),住家用,鋼筋混凝土造,,143.9,3,1,2,有,無,8620000,67340,坡道平面,30.0,950000,,RPQNNLMLKHMFFBJ28CB
竹北市,房地(土地+建物)+車位,新竹縣竹北市北興里36鄰勝利十一路262號十樓之10B1-10F,12.93,商,,,1031217,土地1建物1車位2,十層,23,住宅大樓(11層含以上有電梯),住家用,鋼筋混凝土造,,173.9,3,1,2,有,無,9150000,66286,坡道平面,60.0,1600000,,RPSNNLMLKHMFFBJ48CB
竹北市,房地(土地+建物)+車位,新竹縣竹北市北興里36鄰勝利十一路262號十一樓之10B1-11F,9.98,商,,,1031112,土地1建物1車位1,十一層,23,住宅大樓(11層含以上有電梯),住家用,鋼筋混凝土造,,143.9,3,1,2,有,無,8700000,68042,坡道平面,30.0,950000,,RPTNNLMLKHMFFBJ58CB
竹北市,房地(土地+建物)+車位,新竹縣竹北市北興里36鄰勝利十一路262號十二樓之10B1-12F,9.98,商,,,1031104,土地1建物1車位1,十二層,23,住宅大樓(11層含以上有電梯),住家用,鋼筋混凝土造,,143.9,3,1,2,有,無,8700000,68042,坡道平面,30.0,950000,,RPUNNLMLKHMFFBJ68CB
竹北市,房地(土地+建物)+車位,新竹縣竹北市北興里36鄰勝利十一路262號十三樓之10B1-13F,12.93,商,,,1040422,土地1建物1車位2,十三層,23,住宅大樓(11層含以上有電梯),住家用,鋼筋混凝土造,,173.9,3,1,2,有,無,9980000,67428,坡道平面,60.0,2300000,,RPVNNLMLKHMFFBJ78CB
竹北市,房地(土地+建物)+車位,新竹縣竹北市北興里36鄰勝利十一路262號十四樓之10B1-14F,9.98,商,,,1031031,土地1建物1車位1,十四層,23,住宅大樓(11層含以上有電梯),住家用,鋼筋混凝土造,,143.9,3,1,2,有,無,8680000,67867,坡道平面,30.0,950000,,RPWNNLMLKHMFFBJ88CB
竹北市,房地(土地+建物)+車位,新竹縣竹北市北興里36鄰勝利十一路262號十五樓之10B1-15F,12.93,商,,,1040521,土地1建物1車位2,十五層,23,住宅大樓(11層含以上有電梯),住家用,鋼筋混凝土造,,173.9,3,1,2,有,無,9800000,66725,坡道平面,60.0,2200000,,RPXNNLMLKHMFFBJ98CB
竹北市,房地(土地+建物)+車位,新竹縣竹北市北興里36鄰勝利十一路262號十六樓之10B1-16F,12.93,商,,,1031128,土地1建物1車位2,十六層,23,住宅大樓(11層含以上有電梯),住家用,鋼筋混凝土造,,173.9,3,1,2,有,無,9350000,68042,坡道平面,60.0,1600000,,RPOONLMLKHMFFBJ18CB
竹北市,房地(土地+建物)+車位,新竹縣竹北市北興里36鄰勝利十一路262號十七樓之10B1-17F,12.93,商,,,1031127,土地1建物1車位2,十七層,23,住宅大樓(11層含以上有電梯),住家用,鋼筋混凝土造,,173.9,3,1,2,有,無,9380000,68306,坡道平面,60.0,1600000,,RPPONLMLKHMFFBJ28CB
竹北市,房地(土地+建物)+車位,新竹縣竹北市北興里36鄰勝利十一路262號十八樓之10B1-18F,12.93,商,,,1031031,土地1建物1車位2,十八層,23,住宅大樓(11層含以上有電梯),住家用,鋼筋混凝土造,,173.9,3,1,2,有,無,10400000,70237,坡道平面,60.0,2400000,,RPQONLMLKHMFFBJ38CB
竹北市,房地(土地+建物)+車位,新竹縣竹北市北興里36鄰勝利十一路262號十九樓之10B1-19F,12.93,商,,,1031127,土地1建物1車位2,十九層,23,住宅大樓(11層含以上有電梯),住家用,鋼筋混凝土造,,173.9,3,1,2,有,無,9380000,68306,坡道平面,60.0,1600000,,RPRONLMLKHMFFBJ48CB
竹北市,房地(土地+建物)+車位,新竹縣竹北市北興里36鄰勝利十一路262號二十樓之10B1-20F,12.93,商,,,1040113,土地1建物1車位2,二十層,23,住宅大樓(11層含以上有電梯),住家用,鋼筋混凝土造,,169.78,3,1,2,有,無,9400000,68042,坡道平面,55.88,1650000,,RPSONLMLKHMFFBJ58CB
竹北市,房地(土地+建物)+車位,新竹縣竹北市北興里36鄰勝利十一路262號二十一樓之10B1-21F,9.98,商,,,1031105,土地1建物1車位1,二十一層,23,住宅大樓(11層含以上有電梯),住家用,鋼筋混凝土造,,143.9,3,1,2,有,無,9180000,70939,坡道平面,30.0,1100000,,RPTONLMLKHMFFBJ68CB
竹北市,房地(土地+建物)+車位,新竹縣竹北市北興里36鄰勝利十一路262號三樓之9B2-03F,7.74,商,,,1031125,土地1建物1車位1,三層,23,住宅大樓(11層含以上有電梯),住家用,鋼筋混凝土造,,107.66,2,1,1,有,無,6630000,73139,坡道平面,30.0,950000,,RPUONLMLKHMFFBJ78CB
竹北市,房地(土地+建物)+車位,新竹縣竹北市北興里36鄰勝利十一路262號四樓之9B2-04F,7.86,商,,,1040417,土地1建物1車位1,四層,23,住宅大樓(11層含以上有電梯),住家用,鋼筋混凝土造,,109.39,2,1,1,有,無,6700000,72427,坡道平面,30.0,950000,,RPVONLMLKHMFFBJ88CB
竹北市,房地(土地+建物)+車位,新竹縣竹北市北興里36鄰勝利十一路262號五樓之9B2-05F,7.86,商,,,1040407,土地1建物1車位1,五層,23,住宅大樓(11層含以上有電梯),住家用,鋼筋混凝土造,,105.27,2,1,1,有,無,6950000,74946,坡道平面,25.88,1000000,,RPWONLMLKHMFFBJ98CB
竹北市,房地(土地+建物)+車位,新竹縣竹北市北興里36鄰勝利十一路262號六樓之9B2-06F,7.86,商,,,1031027,土地1建物1車位1,六層,23,住宅大樓(11層含以上有電梯),住家用,鋼筋混凝土造,,109.39,2,1,1,有,無,7350000,77466,坡道平面,30.0,1200000,,RPXONLMLKHMFFBJ09CB
竹北市,房地(土地+建物)+車位,新竹縣竹北市北興里36鄰勝利十一路262號七樓之9B2-07F,7.86,商,,,1031128,土地1建物1車位1,七層,23,住宅大樓(11層含以上有電梯),住家用,鋼筋混凝土造,,105.27,2,1,1,有,無,6500000,73687,坡道平面,25.88,650000,,RPOPNLMLKHMFFBJ28CB
竹北市,房地(土地+建物)+車位,新竹縣竹北市北興里36鄰勝利十一路262號八樓之9B2-08F,7.86,商,,,1031027,土地1建物1車位1,八層,23,住宅大樓(11層含以上有電梯),住家用,鋼筋混凝土造,,105.27,2,1,1,有,無,7100000,75576,坡道平面,25.88,1100000,,RPPPNLMLKHMFFBJ38CB
竹北市,房地(土地+建物)+車位,新竹縣竹北市北興里36鄰勝利十一路262號九樓之9B2-09F,7.86,商,,,1040106,土地1建物1車位1,九層,23,住宅大樓(11層含以上有電梯),住家用,鋼筋混凝土造,,109.39,2,1,1,有,無,6750000,74946,坡道平面,30.0,800000,,RPQPNLMLKHMFFBJ48CB
竹北市,房地(土地+建物)+車位,新竹縣竹北市北興里36鄰勝利十一路262號十樓之9B2-10F,7.86,商,,,1031029,土地1建物1車位1,十層,23,住宅大樓(11層含以上有電梯),住家用,鋼筋混凝土造,,109.39,2,1,1,有,無,7080000,75324,坡道平面,30.0,1100000,,RPRPNLMLKHMFFBJ58CB
竹北市,房地(土地+建物)+車位,新竹縣竹北市北興里36鄰勝利十一路262號十二樓之9B2-12F,7.86,商,,,1031028,土地1建物1車位1,十二層,23,住宅大樓(11層含以上有電梯),住家用,鋼筋混凝土造,,109.39,2,1,1,有,無,7250000,76206,坡道平面,30.0,1200000,,RPTPNLMLKHMFFBJ78CB
竹北市,房地(土地+建物)+車位,新竹縣竹北市北興里36鄰勝利十一路262號十三樓之9B2-13F,7.86,商,,,1031228,土地1建物1車位1,十三層,23,住宅大樓(11層含以上有電梯),住家用,鋼筋混凝土造,,105.27,2,1,1,有,無,6600000,74946,坡道平面,25.88,650000,,RPUPNLMLKHMFFBJ88CB
竹北市,房地(土地+建物)+車位,新竹縣竹北市北興里36鄰勝利十一路262號十四樓之9B2-14F,7.86,商,,,1040531,土地1建物1車位1,十四層,23,住宅大樓(11層含以上有電梯),住家用,鋼筋混凝土造,,109.39,2,1,1,有,無,7000000,76206,坡道平面,30.0,950000,,RPVPNLMLKHMFFBJ98CB
竹北市,房地(土地+建物)+車位,新竹縣竹北市北興里36鄰勝利十一路262號十五樓之9B2-15F,7.86,商,,,1040311,土地1建物1車位1,十五層,23,住宅大樓(11層含以上有電梯),住家用,鋼筋混凝土造,,109.39,2,1,1,有,無,6900000,76836,坡道平面,30.0,800000,,RPWPNLMLKHMFFBJ09CB
竹北市,房地(土地+建物)+車位,新竹縣竹北市北興里36鄰勝利十一路262號十六樓之9B2-16F,7.86,商,,,1031114,土地1建物1車位1,十六層,23,住宅大樓(11層含以上有電梯),住家用,鋼筋混凝土造,,109.39,2,1,1,有,無,6790000,75450,坡道平面,30.0,800000,,RPXPNLMLKHMFFBJ56CB
竹北市,房地(土地+建物)+車位,新竹縣竹北市北興里36鄰勝利十一路262號十七樓之9B2-17F,7.86,商,,,1031026,土地1建物1車位1,十七層,23,住宅大樓(11層含以上有電梯),住家用,鋼筋混凝土造,,105.27,2,1,1,有,無,7150000,76206,坡道平面,25.88,1100000,,RPOQNLMLKHMFFBJ38CB
竹北市,房地(土地+建物)+車位,新竹縣竹北市北興里36鄰勝利十一路262號十八樓之9B2-18F,7.86,商,,,1040420,土地1建物1車位1,十八層,23,住宅大樓(11層含以上有電梯),住家用,鋼筋混凝土造,,109.39,2,1,1,有,無,6163000,67930,坡道平面,30.0,770000,,RPPQNLMLKHMFFBJ48CB
竹北市,房地(土地+建物)+車位,新竹縣竹北市北興里36鄰勝利十一路262號二十樓之9B2-20F,7.86,商,,,1031107,土地1建物1車位1,二十層,23,住宅大樓(11層含以上有電梯),住家用,鋼筋混凝土造,,105.27,2,1,1,有,無,6970000,77088,坡道平面,25.88,850000,,RPQQNLMLKHMFFBJ58CB
竹北市,房地(土地+建物)+車位,新竹縣竹北市北興里36鄰勝利十一路262號二十二樓之9B2-22F,7.86,商,,,1040214,土地1建物1車位1,二十二層,23,住宅大樓(11層含以上有電梯),住家用,鋼筋混凝土造,,105.27,2,1,1,有,無,6940000,73561,坡道平面,25.88,1100000,,RPRQNLMLKHMFFBJ68CB
竹北市,房地(土地+建物)+車位,新竹縣竹北市北興里36鄰勝利十一路262號二樓之6B3-02F,12.77,商,,,1031129,土地1建物1車位2,二層,23,住宅大樓(11層含以上有電梯),住家用,鋼筋混凝土造,,166.95,3,1,2,有,無,8900000,63473,坡道平面,55.88,1850000,,RPTQNLMLKHMFFBJ88CB
竹北市,房地(土地+建物)+車位,新竹縣竹北市北興里36鄰勝利十一路262號三樓之8B3-03F,12.77,商,,,1031129,土地1建物1車位2,三層,23,住宅大樓(11層含以上有電梯),住家用,鋼筋混凝土造,,171.07,3,1,2,有,無,9370000,62753,坡道平面,60.0,2400000,,RPUQNLMLKHMFFBJ98CB
竹北市,房地(土地+建物)+車位,新竹縣竹北市北興里36鄰勝利十一路262號四樓之8B3-04F,10.25,商,,,1031110,土地1建物1車位1,四層,23,住宅大樓(11層含以上有電梯),住家用,鋼筋混凝土造,,148.18,3,1,2,有,無,8390000,64224,坡道平面,30.0,800000,,RPVQNLMLKHMFFBJ09CB
竹北市,房地(土地+建物)+車位,新竹縣竹北市北興里36鄰勝利十一路262號五樓之8B3-05F,13.2,商,,,1040130,土地1建物1車位2,五層,23,住宅大樓(11層含以上有電梯),住家用,鋼筋混凝土造,,174.06,3,1,2,有,無,9650000,66424,坡道平面,55.88,1800000,,RPWQNLMLKHMFFBJ56CB
竹北市,房地(土地+建物)+車位,新竹縣竹北市北興里36鄰勝利十一路262號六樓之8B3-06F,10.25,商,,,1031215,土地1建物1車位1,六層,23,住宅大樓(11層含以上有電梯),住家用,鋼筋混凝土造,,148.18,3,1,2,有,無,8900000,65155,坡道平面,30.0,1200000,,RPXQNLMLKHMFFBJ66CB
竹北市,房地(土地+建物)+車位,新竹縣竹北市北興里36鄰勝利十一路262號七樓之8B3-07F,13.2,商,,,1031111,土地1建物1車位2,七層,23,住宅大樓(11層含以上有電梯),住家用,鋼筋混凝土造,,169.94,3,1,2,有,無,9500000,65578,坡道平面,51.76,1750000,,RPORNLMLKHMFFBJ48CB
竹北市,房地(土地+建物)+車位,新竹縣竹北市北興里36鄰勝利十一路262號八樓之8B3-08F,13.2,商,,,1031224,土地1建物1車位2,八層,23,住宅大樓(11層含以上有電梯),住家用,鋼筋混凝土造,,178.18,3,1,2,有,無,9900000,64309,坡道平面,60.0,2300000,,RPPRNLMLKHMFFBJ58CB
竹北市,房地(土地+建物)+車位,新竹縣竹北市北興里36鄰勝利十一路262號九樓之8B3-09F,13.2,商,,,1031208,土地1建物1車位2,九層,23,住宅大樓(11層含以上有電梯),住家用,鋼筋混凝土造,,169.94,3,1,2,有,無,9980000,65832,坡道平面,51.76,2200000,,RPQRNLMLKHMFFBJ68CB
竹北市,房地(土地+建物)+車位,新竹縣竹北市北興里36鄰勝利十一路262號十樓之8B3-10F,13.2,商,,,1031207,土地1建物1車位2,十層,23,住宅大樓(11層含以上有電梯),住家用,鋼筋混凝土造,,178.18,3,1,2,有,無,9590000,67609,坡道平面,60.0,1600000,,RPRRNLMLKHMFFBJ78CB
竹北市,房地(土地+建物)+車位,新竹縣竹北市北興里36鄰勝利十一路262號十一樓之8B3-11F,10.25,商,,,1031029,土地1建物1車位1,十一層,23,住宅大樓(11層含以上有電梯),住家用,鋼筋混凝土造,,148.18,3,1,2,有,無,9200000,69809,坡道平面,30.0,950000,,RPSRNLMLKHMFFBJ88CB
竹北市,房地(土地+建物)+車位,新竹縣竹北市北興里36鄰勝利十一路262號十二樓之8B3-12F,10.25,商,,,1040209,土地1建物1車位1,十二層,23,住宅大樓(11層含以上有電梯),住家用,鋼筋混凝土造,,148.18,3,1,2,有,無,8770000,66170,坡道平面,30.0,950000,,RPTRNLMLKHMFFBJ98CB
竹北市,房地(土地+建物)+車位,新竹縣竹北市北興里36鄰勝利十一路262號十三樓之8B3-13F,10.25,商,,,1031030,土地1建物1車位1,十三層,23,住宅大樓(11層含以上有電梯),住家用,鋼筋混凝土造,,148.18,3,1,2,有,無,8990000,65916,坡道平面,30.0,1200000,,RPURNLMLKHMFFBJ09CB
竹北市,房地(土地+建物)+車位,新竹縣竹北市北興里36鄰勝利十一路262號十四樓之8B3-14F,13.2,商,,,1040109,土地1建物1車位2,十四層,23,住宅大樓(11層含以上有電梯),住家用,鋼筋混凝土造,,174.06,3,1,2,有,無,9930000,65409,坡道平面,55.88,2200000,,RPVRNLMLKHMFFBJ56CB
竹北市,房地(土地+建物)+車位,新竹縣竹北市北興里36鄰勝利十一路262號十五樓之8B3-15F,10.25,商,,,1040209,土地1建物1車位1,十五層,23,住宅大樓(11層含以上有電梯),住家用,鋼筋混凝土造,,148.18,3,1,2,有,無,8840000,66763,坡道平面,30.0,950000,,RPXRNLMLKHMFFBJ76CB
竹北市,房地(土地+建物)+車位,新竹縣竹北市北興里36鄰勝利十一路262號十六樓之8B3-16F,13.2,商,,,1031219,土地1建物1車位2,十六層,23,住宅大樓(11層含以上有電梯),住家用,鋼筋混凝土造,,178.18,3,1,2,有,無,9900000,64309,坡道平面,60.0,2300000,,RPOSNLMLKHMFFBJ58CB
竹北市,房地(土地+建物)+車位,新竹縣竹北市北興里36鄰勝利十一路262號十七樓之8B3-17F,10.25,商,,,1031029,土地1建物1車位1,十七層,23,住宅大樓(11層含以上有電梯),住家用,鋼筋混凝土造,,144.06,3,1,2,有,無,9000000,68963,坡道平面,25.88,850000,,RPPSNLMLKHMFFBJ68CB
竹北市,房地(土地+建物)+車位,新竹縣竹北市北興里36鄰勝利十一路262號十八樓之8B3-18F,10.25,商,,,1031102,土地1建物1車位1,十八層,23,住宅大樓(11層含以上有電梯),住家用,鋼筋混凝土造,,148.18,3,1,2,有,無,9350000,68963,坡道平面,30.0,1200000,,RPQSNLMLKHMFFBJ78CB
竹北市,房地(土地+建物)+車位,新竹縣竹北市北興里36鄰勝利十一路262號十九樓之8B3-19F,13.2,商,,,1031117,土地1建物1車位2,十九層,23,住宅大樓(11層含以上有電梯),住家用,鋼筋混凝土造,,178.18,3,1,2,有,無,10200000,66001,坡道平面,60.0,2400000,,RPRSNLMLKHMFFBJ88CB
竹北市,房地(土地+建物)+車位,新竹縣竹北市北興里36鄰勝利十一路262號二十樓之8B3-20F,10.25,商,,,1031120,土地1建物1車位1,二十層,23,住宅大樓(11層含以上有電梯),住家用,鋼筋混凝土造,,148.18,3,1,2,有,無,9440000,69724,坡道平面,30.0,1200000,,RPSSNLMLKHMFFBJ98CB
竹北市,房地(土地+建物)+車位,新竹縣竹北市北興里36鄰勝利十一路262號二十一樓之8B3-21F,13.2,商,,,1040121,土地1建物1車位2,二十一層,23,住宅大樓(11層含以上有電梯),住家用,鋼筋混凝土造,,174.06,3,1,2,有,無,10080000,66678,坡道平面,55.88,2200000,,RPTSNLMLKHMFFBJ09CB
竹北市,房地(土地+建物)+車位,新竹縣竹北市北興里36鄰勝利十一路262號二十二樓之8B3-22F,10.25,商,,,1031221,土地1建物1車位1,二十二層,23,住宅大樓(11層含以上有電梯),住家用,鋼筋混凝土造,,148.18,3,1,2,有,無,9440000,69724,坡道平面,30.0,1200000,,RPUSNLMLKHMFFBJ56CB
竹北市,房地(土地+建物)+車位,新竹縣竹北市北興里36鄰勝利十一路262號二十三樓之8B3-23F,13.2,商,,,1031231,土地1建物1車位2,二十三層,23,住宅大樓(11層含以上有電梯),住家用,鋼筋混凝土造,,174.06,3,1,2,有,無,10000000,67270,坡道平面,55.88,2050000,,RPVSNLMLKHMFFBJ66CB
竹北市,房地(土地+建物)+車位,新竹縣竹北市北興里36鄰勝利十一路262號二樓之5B5-02F,8.09,商,,,1031122,土地1建物1車位1,二層,23,住宅大樓(11層含以上有電梯),住家用,鋼筋混凝土造,,113.26,2,1,1,有,無,6880000,68220,坡道平面,30.0,1200000,,RPWSNLMLKHMFFBJ76CB
竹北市,房地(土地+建物)+車位,新竹縣竹北市北興里36鄰勝利十一路262號三樓之7B5-03F,8.09,商,,,1031126,土地1建物1車位1,三層,23,住宅大樓(11層含以上有電梯),住家用,鋼筋混凝土造,,113.26,2,1,1,有,無,6280000,65818,坡道平面,30.0,800000,,RPXSNLMLKHMFFBJ86CB
竹北市,房地(土地+建物)+車位,新竹縣竹北市北興里36鄰勝利十一路262號四樓之7B5-04F,8.21,商,,,1031108,土地1建物1車位1,四層,23,住宅大樓(11層含以上有電梯),住家用,鋼筋混凝土造,,111.39,2,1,1,有,無,6700000,68413,坡道平面,25.88,850000,,RPOTNLMLKHMFFBJ68CB
竹北市,房地(土地+建物)+車位,新竹縣竹北市北興里36鄰勝利十一路262號五樓之7B5-05F,8.21,商,,,1031029,土地1建物1車位1,五層,23,住宅大樓(11層含以上有電梯),住家用,鋼筋混凝土造,,111.39,2,1,1,有,無,6860000,68530,坡道平面,25.88,1000000,,RPQTNLMLKHMFFBJ88CB
竹北市,房地(土地+建物)+車位,新竹縣竹北市北興里36鄰勝利十一路262號六樓之7B5-06F,8.21,商,,,1031107,土地1建物1車位1,六層,23,住宅大樓(11層含以上有電梯),住家用,鋼筋混凝土造,,111.39,2,1,1,有,無,6750000,67244,坡道平面,25.88,1000000,,RPRTNLMLKHMFFBJ98CB
竹北市,房地(土地+建物)+車位,新竹縣竹北市北興里36鄰勝利十一路262號七樓之7B5-07F,8.21,商,,,1031213,土地1建物1車位1,七層,23,住宅大樓(11層含以上有電梯),住家用,鋼筋混凝土造,,111.39,2,1,1,有,無,6890000,67711,坡道平面,25.88,1100000,,RPSTNLMLKHMFFBJ09CB
竹北市,房地(土地+建物)+車位,新竹縣竹北市北興里36鄰勝利十一路262號八樓之7B5-08F,8.21,商,,,1031207,土地1建物1車位1,八層,23,住宅大樓(11層含以上有電梯),住家用,鋼筋混凝土造,,115.51,2,1,1,有,無,6800000,70167,坡道平面,30.0,800000,,RPTTNLMLKHMFFBJ56CB
竹北市,房地(土地+建物)+車位,新竹縣竹北市北興里36鄰勝利十一路262號九樓之7B5-09F,8.21,商,,,1031228,土地1建物1車位1,九層,23,住宅大樓(11層含以上有電梯),住家用,鋼筋混凝土造,,115.51,2,1,1,有,無,6700000,68998,坡道平面,30.0,800000,,RPUTNLMLKHMFFBJ66CB
竹北市,房地(土地+建物)+車位,新竹縣竹北市北興里36鄰勝利十一路262號十樓之7B5-10F,8.21,商,,,1031207,土地1建物1車位1,十層,23,住宅大樓(11層含以上有電梯),住家用,鋼筋混凝土造,,115.51,2,1,1,有,無,6790000,70050,坡道平面,30.0,800000,,RPVTNLMLKHMFFBJ76CB
竹北市,房地(土地+建物)+車位,新竹縣竹北市北興里36鄰勝利十一路262號十一樓之7B5-11F,8.21,商,,,1031104,土地1建物1車位1,十一層,23,住宅大樓(11層含以上有電梯),住家用,鋼筋混凝土造,,115.51,2,1,1,有,無,6970000,70401,坡道平面,30.0,950000,,RPWTNLMLKHMFFBJ86CB
竹北市,房地(土地+建物)+車位,新竹縣竹北市北興里36鄰勝利十一路262號十二樓之7B5-12F,8.21,商,,,1031112,土地1建物1車位1,十二層,23,住宅大樓(11層含以上有電梯),住家用,鋼筋混凝土造,,111.39,2,1,1,有,無,6650000,67828,坡道平面,25.88,850000,,RPXTNLMLKHMFFBJ96CB
竹北市,房地(土地+建物)+車位,新竹縣竹北市北興里36鄰勝利十一路262號十三樓之7B5-13F,8.21,商,,,1031125,土地1建物1車位1,十三層,23,住宅大樓(11層含以上有電梯),住家用,鋼筋混凝土造,,111.39,2,1,1,有,無,6650000,67828,坡道平面,25.88,850000,,RPOUNLMLKHMFFBJ78CB
竹北市,房地(土地+建物)+車位,新竹縣竹北市北興里36鄰勝利十一路262號十四樓之7B5-14F,8.21,商,,,1031029,土地1建物1車位1,十四層,23,住宅大樓(11層含以上有電梯),住家用,鋼筋混凝土造,,111.39,2,1,1,有,無,6750000,71337,坡道平面,25.88,650000,,RPPUNLMLKHMFFBJ88CB
竹北市,房地(土地+建物)+車位,新竹縣竹北市北興里36鄰勝利十一路262號十五樓之7B5-15F,8.21,商,,,1031030,土地1建物1車位1,十五層,23,住宅大樓(11層含以上有電梯),住家用,鋼筋混凝土造,,115.51,2,1,1,有,無,7400000,72506,坡道平面,30.0,1200000,,RPQUNLMLKHMFFBJ98CB
竹北市,房地(土地+建物)+車位,新竹縣竹北市北興里36鄰勝利十一路262號十六樓之7B5-16F,8.21,商,,,1040324,土地1建物1車位1,十六層,23,住宅大樓(11層含以上有電梯),住家用,鋼筋混凝土造,,115.51,2,1,1,有,無,6970000,70401,坡道平面,30.0,950000,,RPRUNLMLKHMFFBJ09CB
竹北市,房地(土地+建物)+車位,新竹縣竹北市北興里36鄰勝利十一路262號十七樓之7B5-17F,8.21,商,,,1031106,土地1建物1車位1,十七層,23,住宅大樓(11層含以上有電梯),住家用,鋼筋混凝土造,,115.51,2,1,1,有,無,6800000,70167,坡道平面,30.0,800000,,RPSUNLMLKHMFFBJ56CB
竹北市,房地(土地+建物)+車位,新竹縣竹北市北興里36鄰勝利十一路262號十八樓之7B5-18F,8.21,商,,,1031104,土地1建物1車位1,十八層,23,住宅大樓(11層含以上有電梯),住家用,鋼筋混凝土造,,115.51,2,1,1,有,無,7080000,71688,坡道平面,30.0,950000,,RPTUNLMLKHMFFBJ66CB
竹北市,房地(土地+建物)+車位,新竹縣竹北市北興里36鄰勝利十一路262號十九樓之7B5-19F,8.21,商,,,1040223,土地1建物1車位1,十九層,23,住宅大樓(11層含以上有電梯),住家用,鋼筋混凝土造,,115.51,2,1,1,有,無,7050000,71337,坡道平面,30.0,950000,,RPUUNLMLKHMFFBJ76CB
竹北市,房地(土地+建物)+車位,新竹縣竹北市北興里36鄰勝利十一路262號二十一樓之7B5-21F,8.21,商,,,1040114,土地1建物1車位1,二十一層,23,住宅大樓(11層含以上有電梯),住家用,鋼筋混凝土造,,115.51,2,1,1,有,無,7300000,71337,坡道平面,30.0,1200000,,RPVUNLMLKHMFFBJ86CB
竹北市,房地(土地+建物)+車位,新竹縣竹北市北興里36鄰勝利十一路262號二十二樓之7B5-22F,8.21,商,,,1031102,土地1建物1車位1,二十二層,23,住宅大樓(11層含以上有電梯),住家用,鋼筋混凝土造,,115.51,2,1,1,有,無,7030000,69349,坡道平面,30.0,1100000,,RPWUNLMLKHMFFBJ96CB
竹北市,房地(土地+建物)+車位,新竹縣竹北市北興里36鄰勝利十一路262號三樓之6B6-03F,8.09,商,,,1031107,土地1建物1車位1,三層,23,住宅大樓(11層含以上有電梯),住家用,鋼筋混凝土造,,113.26,2,1,1,有,無,6470000,68100,坡道平面,30.0,800000,,RPXUNLMLKHMFFBJ07CB
竹北市,房地(土地+建物)+車位,新竹縣竹北市北興里36鄰勝利十一路262號四樓之6B6-04F,8.21,商,,,1040508,土地1建物1車位1,四層,23,住宅大樓(11層含以上有電梯),住家用,鋼筋混凝土造,,115.51,2,1,1,有,無,6300000,64320,坡道平面,30.0,800000,,RPPVNLMLKHMFFBJ98CB
竹北市,房地(土地+建物)+車位,新竹縣竹北市北興里36鄰勝利十一路262號五樓之6B6-05F,8.21,商,,,1031202,土地1建物1車位1,五層,23,住宅大樓(11層含以上有電梯),住家用,鋼筋混凝土造,,115.51,2,1,1,有,無,6480000,66425,坡道平面,30.0,800000,,RPQVNLMLKHMFFBJ09CB
竹北市,房地(土地+建物)+車位,新竹縣竹北市北興里36鄰勝利十一路262號六樓之6B6-06F,8.21,商,,,1040509,土地1建物1車位1,六層,23,住宅大樓(11層含以上有電梯),住家用,鋼筋混凝土造,,115.51,2,1,1,有,無,6800000,68413,坡道平面,30.0,950000,,RPRVNLMLKHMFFBJ56CB
竹北市,房地(土地+建物)+車位,新竹縣竹北市北興里36鄰勝利十一路262號七樓之6B6-07F,8.21,商,,,1040904,土地1建物1車位1,七層,23,住宅大樓(11層含以上有電梯),住家用,鋼筋混凝土造,,111.39,2,1,1,有,無,6660000,66191,坡道平面,25.88,1000000,,RPTVNLMLKHMFFBJ76CB
竹北市,房地(土地+建物)+車位,新竹縣竹北市北興里36鄰勝利十一路262號八樓之6B6-08F,8.21,商,,,1031107,土地1建物1車位1,八層,23,住宅大樓(11層含以上有電梯),住家用,鋼筋混凝土造,,115.51,2,1,1,有,無,6540000,67127,坡道平面,30.0,800000,,RPUVNLMLKHMFFBJ86CB
竹北市,房地(土地+建物)+車位,新竹縣竹北市北興里36鄰勝利十一路262號九樓之6B6-09F,8.21,商,,,1040919,土地1建物1車位1,九層,23,住宅大樓(11層含以上有電梯),住家用,鋼筋混凝土造,,111.39,2,1,1,有,無,6710000,66776,坡道平面,25.88,1000000,,RPVVNLMLKHMFFBJ96CB
竹北市,房地(土地+建物)+車位,新竹縣竹北市北興里36鄰勝利十一路262號十樓之6B6-10F,8.21,商,,,1040306,土地1建物1車位1,十層,23,住宅大樓(11層含以上有電梯),住家用,鋼筋混凝土造,,115.51,2,1,1,有,無,6750000,67828,坡道平面,30.0,950000,,RPWVNLMLKHMFFBJ07CB
竹北市,房地(土地+建物)+車位,新竹縣竹北市北興里36鄰勝利十一路262號二樓之2B7-02F,7.98,商,,,1040319,土地1建物1車位1,二層,23,住宅大樓(11層含以上有電梯),住家用,鋼筋混凝土造,,111.16,2,1,1,有,無,6350000,66535,坡道平面,30.0,950000,,RPXVNLMLKHMFFBJ17CB
竹北市,房地(土地+建物)+車位,新竹縣竹北市北興里36鄰勝利十一路262號三樓之5B7-03F,7.98,商,,,1040317,土地1建物1車位1,三層,23,住宅大樓(11層含以上有電梯),住家用,鋼筋混凝土造,,107.04,2,1,1,有,無,6250000,66535,坡道平面,25.88,850000,,RPOWNLMLKHMFFBJ98CB
竹北市,房地(土地+建物)+車位,新竹縣竹北市北興里36鄰勝利十一路262號五樓之5B7-05F,8.45,商,,,1040323,土地1建物1車位1,五層,23,住宅大樓(11層含以上有電梯),住家用,鋼筋混凝土造,,119.14,2,1,1,有,無,7000000,67871,坡道平面,30.0,950000,,RPPWNLMLKHMFFBJ09CB
竹北市,房地(土地+建物)+車位,新竹縣竹北市北興里36鄰勝利十一路262號六樓之5B7-06F,8.45,商,,,1031030,土地1建物1車位1,六層,23,住宅大樓(11層含以上有電梯),住家用,鋼筋混凝土造,,115.02,2,1,1,有,無,6600000,66749,坡道平面,25.88,650000,,RPQWNLMLKHMFFBJ56CB
竹北市,房地(土地+建物)+車位,新竹縣竹北市北興里36鄰勝利十一路262號七樓之5B7-07F,8.45,商,,,1031030,土地1建物1車位1,七層,23,住宅大樓(11層含以上有電梯),住家用,鋼筋混凝土造,,115.02,2,1,1,有,無,6600000,66749,坡道平面,25.88,650000,,RPRWNLMLKHMFFBJ66CB
竹北市,房地(土地+建物)+車位,新竹縣竹北市北興里36鄰勝利十一路262號八樓之5B7-08F,8.45,商,,,1031125,土地1建物1車位1,八層,23,住宅大樓(11層含以上有電梯),住家用,鋼筋混凝土造,,119.14,2,1,1,有,無,7030000,69890,坡道平面,30.0,800000,,RPSWNLMLKHMFFBJ76CB
竹北市,房地(土地+建物)+車位,新竹縣竹北市北興里36鄰勝利十一路262號九樓之5B7-09F,8.45,商,,,1040304,土地1建物1車位1,九層,23,住宅大樓(11層含以上有電梯),住家用,鋼筋混凝土造,,119.14,2,1,1,有,無,6950000,67310,坡道平面,30.0,950000,,RPTWNLMLKHMFFBJ86CB
竹北市,房地(土地+建物)+車位,新竹縣竹北市北興里36鄰勝利十一路262號十樓之5B7-10F,8.45,商,,,1040304,土地1建物1車位1,十層,23,住宅大樓(11層含以上有電梯),住家用,鋼筋混凝土造,,119.14,2,1,1,有,無,6950000,67310,坡道平面,30.0,950000,,RPUWNLMLKHMFFBJ96CB
竹北市,房地(土地+建物)+車位,新竹縣竹北市北興里36鄰勝利十一路262號十二樓之5B7-12F,8.45,商,,,1031125,土地1建物1車位1,十二層,23,住宅大樓(11層含以上有電梯),住家用,鋼筋混凝土造,,119.14,2,1,1,有,無,6900000,68432,坡道平面,30.0,800000,,RPVWNLMLKHMFFBJ07CB
竹北市,房地(土地+建物)+車位,新竹縣竹北市北興里36鄰勝利十一路262號十三樓之5B7-13F,8.45,商,,,1040807,土地1建物1車位1,十三層,23,住宅大樓(11層含以上有電梯),住家用,鋼筋混凝土造,,119.14,2,1,1,有,無,6950000,68993,坡道平面,30.0,800000,,RPWWNLMLKHMFFBJ17CB
竹北市,房地(土地+建物)+車位,新竹縣竹北市北興里36鄰勝利十一路262號十四樓之5B7-14F,8.45,商,,,1031126,土地1建物1車位1,十四層,23,住宅大樓(11層含以上有電梯),住家用,鋼筋混凝土造,,119.14,2,1,1,有,無,7000000,69554,坡道平面,30.0,800000,,RPXWNLMLKHMFFBJ27CB
竹北市,房地(土地+建物)+車位,新竹縣竹北市北興里36鄰勝利十一路262號十五樓之5B7-15F,8.45,商,,,1031029,土地1建物1車位1,十五層,23,住宅大樓(11層含以上有電梯),住家用,鋼筋混凝土造,,119.14,2,1,1,有,無,7410000,69666,坡道平面,30.0,1200000,,RPONOLMLKHMFFBJ18CB
竹北市,房地(土地+建物)+車位,新竹縣竹北市北興里36鄰勝利十一路262號十六樓之5B7-16F,8.45,商,,,1031216,土地1建物1車位1,十六層,23,住宅大樓(11層含以上有電梯),住家用,鋼筋混凝土造,,119.14,2,1,1,有,無,7310000,71348,坡道平面,30.0,950000,,RPPNOLMLKHMFFBJ28CB
竹北市,房地(土地+建物)+車位,新竹縣竹北市北興里36鄰勝利十一路262號十七樓之5B7-17F,8.45,商,,,1040513,土地1建物1車位1,十七層,23,住宅大樓(11層含以上有電梯),住家用,鋼筋混凝土造,,119.14,2,1,1,有,無,7500000,70675,坡道平面,30.0,1200000,,RPQNOLMLKHMFFBJ38CB
竹北市,房地(土地+建物)+車位,新竹縣竹北市北興里36鄰勝利十一路262號二十二樓之5B7-22F,8.45,商,,,1031029,土地1建物1車位1,二十二層,23,住宅大樓(11層含以上有電梯),住家用,鋼筋混凝土造,,119.14,2,1,1,有,無,7530000,71012,坡道平面,30.0,1200000,,RPRNOLMLKHMFFBJ48CB
竹北市,房地(土地+建物)+車位,新竹縣竹北市北興里36鄰勝利十一路262號二樓之1B8-02F,7.46,商,,,1040619,土地1建物1車位1,二層,23,住宅大樓(11層含以上有電梯),住家用,鋼筋混凝土造,,103.45,2,1,1,有,無,5930000,69843,坡道平面,30.0,800000,,RPSNOLMLKHMFFBJ58CB
竹北市,房地(土地+建物)+車位,新竹縣竹北市北興里36鄰勝利十一路262號三樓之3B8-03F,7.46,商,,,1031126,土地1建物1車位1,三層,23,住宅大樓(11層含以上有電梯),住家用,鋼筋混凝土造,,103.45,2,1,1,有,無,5980000,70524,坡道平面,30.0,800000,,RPUNOLMLKHMFFBJ78CB
竹北市,房地(土地+建物)+車位,新竹縣竹北市北興里36鄰勝利十一路262號四樓之3B8-04F,7.58,商,,,1040113,土地1建物1車位1,四層,23,住宅大樓(11層含以上有電梯),住家用,鋼筋混凝土造,,104.97,2,1,1,有,無,5930000,68427,坡道平面,30.0,800000,,RPWNOLMLKHMFFBJ98CB
竹北市,房地(土地+建物)+車位,新竹縣竹北市北興里36鄰勝利十一路262號五樓之3B8-05F,7.58,商,,,1040205,土地1建物1車位1,五層,23,住宅大樓(11層含以上有電梯),住家用,鋼筋混凝土造,,104.97,2,1,1,有,無,6450000,73363,坡道平面,30.0,950000,,RPXNOLMLKHMFFBJ09CB
竹北市,房地(土地+建物)+車位,新竹縣竹北市北興里36鄰勝利十一路262號六樓之3B8-06F,7.58,商,,,1031103,土地1建物1車位1,六層,23,住宅大樓(11層含以上有電梯),住家用,鋼筋混凝土造,,104.97,2,1,1,有,無,6600000,72029,坡道平面,30.0,1200000,,RPOOOLMLKHMFFBJ28CB
竹北市,房地(土地+建物)+車位,新竹縣竹北市北興里36鄰勝利十一路262號七樓之3B8-07F,7.58,商,,,1031104,土地1建物1車位1,七層,23,住宅大樓(11層含以上有電梯),住家用,鋼筋混凝土造,,104.97,2,1,1,有,無,6230000,70428,坡道平面,30.0,950000,,RPPOOLMLKHMFFBJ38CB
竹北市,房地(土地+建物)+車位,新竹縣竹北市北興里36鄰勝利十一路262號八樓之3B8-08F,7.58,商,,,1040125,土地1建物1車位1,八層,23,住宅大樓(11層含以上有電梯),住家用,鋼筋混凝土造,,100.85,2,1,1,有,無,6000000,71362,坡道平面,25.88,650000,,RPQOOLMLKHMFFBJ48CB
竹北市,房地(土地+建物)+車位,新竹縣竹北市北興里36鄰勝利十一戶262號十樓之3B8-10F,7.58,商,,,1040111,土地1建物1車位1,十層,23,住宅大樓(11層含以上有電梯),住家用,鋼筋混凝土造,,104.97,2,1,1,有,無,6280000,71095,坡道平面,30.0,950000,,RPROOLMLKHMFFBJ58CB
竹北市,房地(土地+建物)+車位,新竹縣竹北市北興里36鄰勝利十一路262號十一樓之3B8-11F,7.58,商,,,1031030,土地1建物1車位1,十一層,23,住宅大樓(11層含以上有電梯),住家用,鋼筋混凝土造,,100.85,2,1,1,有,無,6680000,74430,坡道平面,25.88,1100000,,RPSOOLMLKHMFFBJ68CB
竹北市,房地(土地+建物)+車位,新竹縣竹北市北興里36鄰勝利十一路262號十二樓之3B8-12F,7.58,商,,,1031221,土地1建物1車位1,十二層,23,住宅大樓(11層含以上有電梯),住家用,鋼筋混凝土造,,100.85,2,1,1,有,無,6210000,71495,坡道平面,25.88,850000,,RPTOOLMLKHMFFBJ78CB
竹北市,房地(土地+建物)+車位,新竹縣竹北市北興里36鄰勝利十一路262號十三樓之3B8-13F,7.58,商,,,1031031,土地1建物1車位1,十三層,23,住宅大樓(11層含以上有電梯),住家用,鋼筋混凝土造,,100.85,2,1,1,有,無,6480000,73096,坡道平面,25.88,1000000,,RPUOOLMLKHMFFBJ88CB
竹北市,房地(土地+建物)+車位,新竹縣竹北市北興里36鄰勝利十一路262號十四樓之3B8-14F,7.58,商,,,1040407,土地1建物1車位1,十四層,23,住宅大樓(11層含以上有電梯),住家用,鋼筋混凝土造,,104.97,2,1,1,有,無,6500000,74030,坡道平面,30.0,950000,,RPVOOLMLKHMFFBJ98CB
竹北市,房地(土地+建物)+車位,新竹縣竹北市北興里36鄰勝利十一路262號十五樓之3B8-15F,7.58,商,,,1040311,土地1建物1車位1,十五層,23,住宅大樓(11層含以上有電梯),住家用,鋼筋混凝土造,,100.85,2,1,1,有,無,6260000,72162,坡道平面,25.88,850000,,RPWOOLMLKHMFFBJ09CB
竹北市,房地(土地+建物)+車位,新竹縣竹北市北興里36鄰勝利十一路262號十六樓之3B8-16F,7.58,商,,,1040315,土地1建物1車位1,十六層,23,住宅大樓(11層含以上有電梯),住家用,鋼筋混凝土造,,104.97,2,1,1,有,無,6390000,72562,坡道平面,30.0,950000,,RPXOOLMLKHMFFBJ56CB
竹北市,房地(土地+建物)+車位,新竹縣竹北市北興里36鄰勝利十一路262號十七樓之3B8-17F,7.58,商,,,1040606,土地1建物1車位1,十七層,23,住宅大樓(11層含以上有電梯),住家用,鋼筋混凝土造,,104.97,2,1,1,有,無,6500000,74030,坡道平面,30.0,950000,,RPOPOLMLKHMFFBJ38CB
竹北市,房地(土地+建物)+車位,新竹縣竹北市北興里36鄰勝利十一路262號十八樓之3B8-18F,7.58,商,,,1040504,土地1建物1車位1,十八層,23,住宅大樓(11層含以上有電梯),住家用,鋼筋混凝土造,,104.97,2,1,1,有,無,6450000,73363,坡道平面,30.0,950000,,RPPPOLMLKHMFFBJ48CB
竹北市,房地(土地+建物)+車位,新竹縣竹北市北興里36鄰勝利十一路262號十九樓之3B8-19F,7.58,商,,,1040610,土地1建物1車位1,十九層,23,住宅大樓(11層含以上有電梯),住家用,鋼筋混凝土造,,100.85,2,1,1,有,無,6460000,72829,坡道平面,25.88,1000000,,RPQPOLMLKHMFFBJ58CB
竹北市,房地(土地+建物)+車位,新竹縣竹北市北興里36鄰勝利十一路262號二十樓之3B8-20F,7.58,商,,,1040515,土地1建物1車位1,二十層,23,住宅大樓(11層含以上有電梯),住家用,鋼筋混凝土造,,104.97,2,1,1,有,無,6500000,74030,坡道平面,30.0,950000,,RPRPOLMLKHMFFBJ68CB
竹北市,房地(土地+建物)+車位,新竹縣竹北市北興里36鄰勝利十一路262號二十一樓之3B8-21F,7.58,商,,,1040501,土地1建物1車位1,二十一層,23,住宅大樓(11層含以上有電梯),住家用,鋼筋混凝土造,,100.85,2,1,1,有,無,6600000,73363,坡道平面,25.88,1100000,,RPSPOLMLKHMFFBJ78CB
竹北市,房地(土地+建物)+車位,新竹縣竹北市北興里36鄰勝利十一路262號二十二樓之3B8-22F,7.58,商,,,1040613,土地1建物1車位1,二十二層,23,住宅大樓(11層含以上有電梯),住家用,鋼筋混凝土造,,104.97,2,1,1,有,無,6500000,74030,坡道平面,30.0,950000,,RPTPOLMLKHMFFBJ88CB
竹北市,房地(土地+建物)+車位,新竹縣竹北市北興里36鄰勝利十一路262號二十三樓之3B8-23F,7.58,商,,,1040617,土地1建物1車位1,二十三層,23,住宅大樓(11層含以上有電梯),住家用,鋼筋混凝土造,,104.97,2,1,1,有,無,6720000,74963,坡道平面,30.0,1100000,,RPUPOLMLKHMFFBJ98CB
竹北市,房地(土地+建物)+車位,新竹縣竹北市北興里36鄰勝利十一路262號三樓之2B9-03F,7.98,商,,,1040821,土地1建物1車位1,三層,23,住宅大樓(11層含以上有電梯),住家用,鋼筋混凝土造,,111.16,2,1,1,有,無,6400000,69000,坡道平面,30.0,800000,,RPVPOLMLKHMFFBJ09CB
竹北市,房地(土地+建物)+車位,新竹縣竹北市北興里36鄰勝利十一路262號七樓之2B9-07F,8.45,商,,,1040926,土地1建物1車位1,七層,23,住宅大樓(11層含以上有電梯),住家用,鋼筋混凝土造,,119.06,2,1,1,有,無,7150000,67932,坡道平面,30.0,1100000,,RPWPOLMLKHMFFBJ56CB
竹北市,房地(土地+建物)+車位,新竹縣竹北市北興里36鄰勝利十一路262號八樓之2B9-08F,8.45,商,,,1041014,土地1建物1車位1,八層,23,住宅大樓(11層含以上有電梯),住家用,鋼筋混凝土造,,119.06,2,1,1,有,無,7190000,68381,坡道平面,30.0,1100000,,RPXPOLMLKHMFFBJ66CB
竹北市,房地(土地+建物)+車位,新竹縣竹北市北興里36鄰勝利十一路262號九樓之2B9-09F,8.45,商,,,1031029,土地1建物1車位1,九層,23,住宅大樓(11層含以上有電梯),住家用,鋼筋混凝土造,,119.06,2,1,1,有,無,6910000,68605,坡道平面,30.0,800000,,RPOQOLMLKHMFFBJ48CB
竹北市,房地(土地+建物)+車位,新竹縣竹北市北興里36鄰勝利十一路262號十樓之2B9-10F,8.45,商,,,1040712,土地1建物1車位1,十層,23,住宅大樓(11層含以上有電梯),住家用,鋼筋混凝土造,,119.06,2,1,1,有,無,7170000,69841,坡道平面,30.0,950000,,RPPQOLMLKHMFFBJ58CB
竹北市,房地(土地+建物)+車位,新竹縣竹北市北興里36鄰勝利十一路262號十一樓之2B9-11F,8.45,商,,,1031031,土地1建物1車位1,十一層,23,住宅大樓(11層含以上有電梯),住家用,鋼筋混凝土造,,119.06,2,1,1,有,無,7360000,69167,坡道平面,30.0,1200000,,RPQQOLMLKHMFFBJ68CB
竹北市,房地(土地+建物)+車位,新竹縣竹北市北興里36鄰勝利十一路262號十二樓之2B9-12F,8.45,商,,,1031031,土地1建物1車位1,十二層,23,住宅大樓(11層含以上有電梯),住家用,鋼筋混凝土造,,114.94,2,1,1,有,無,7600000,72985,坡道平面,25.88,1100000,,RPRQOLMLKHMFFBJ78CB
竹北市,房地(土地+建物)+車位,新竹縣竹北市北興里36鄰勝利十一路262號十三樓之2B9-13F,8.45,商,,,1031028,土地1建物1車位1,十三層,23,住宅大樓(11層含以上有電梯),住家用,鋼筋混凝土造,,114.94,2,1,1,有,無,7050000,71862,坡道平面,25.88,650000,,RPSQOLMLKHMFFBJ88CB
竹北市,房地(土地+建物)+車位,新竹縣竹北市北興里36鄰勝利十一路262號十六樓之2B9-16F,8.45,商,,,1031106,土地1建物1車位1,十六層,23,住宅大樓(11層含以上有電梯),住家用,鋼筋混凝土造,,119.06,2,1,1,有,無,7220000,72086,坡道平面,30.0,800000,,RPTQOLMLKHMFFBJ98CB
竹北市,房地(土地+建物)+車位,新竹縣竹北市北興里36鄰勝利十一路262號十八樓之2B9-18F,8.45,商,,,1040902,土地1建物1車位1,十八層,23,住宅大樓(11層含以上有電梯),住家用,鋼筋混凝土造,,119.06,2,1,1,有,無,7380000,72199,坡道平面,30.0,950000,,RPUQOLMLKHMFFBJ09CB
竹北市,房地(土地+建物)+車位,新竹縣竹北市北興里36鄰勝利十一路262號四樓之1B10-04F,8.29,商,,,1031031,土地1建物1車位1,四層,23,住宅大樓(11層含以上有電梯),住家用,鋼筋混凝土造,,116.24,2,1,1,有,無,6740000,68878,坡道平面,30.0,800000,,RPVQOLMLKHMFFBJ56CB
竹北市,房地(土地+建物)+車位,新竹縣竹北市北興里36鄰勝利十一路262號五樓之1B10-05F,8.29,商,,,1031123,土地1建物1車位1,五層,23,住宅大樓(11層含以上有電梯),住家用,鋼筋混凝土造,,112.12,2,1,1,有,無,7000000,69573,坡道平面,25.88,1000000,,RPWQOLMLKHMFFBJ66CB
竹北市,房地(土地+建物)+車位,新竹縣竹北市北興里36鄰勝利十一路262號六樓之1B10-06F,8.29,商,,,1040814,土地1建物1車位1,六層,23,住宅大樓(11層含以上有電梯),住家用,鋼筋混凝土造,,116.24,2,1,1,有,無,6950000,69573,坡道平面,30.0,950000,,RPXQOLMLKHMFFBJ76CB
竹北市,房地(土地+建物)+車位,新竹縣竹北市北興里36鄰勝利十一路262號九樓之1B10-09F,8.29,商,,,1040919,土地1建物1車位1,九層,23,住宅大樓(11層含以上有電梯),住家用,鋼筋混凝土造,,116.24,2,1,1,有,無,7010000,68530,坡道平面,30.0,1100000,,RPOROLMLKHMFFBJ58CB
竹北市,房地(土地+建物)+車位,新竹縣竹北市北興里36鄰勝利十一路262號十一樓之1B10-11F,8.29,商,,,1031031,土地1建物1車位1,十一層,23,住宅大樓(11層含以上有電梯),住家用,鋼筋混凝土造,,112.12,2,1,1,有,無,6640000,69457,坡道平面,25.88,650000,,RPPROLMLKHMFFBJ68CB
竹北市,房地(土地+建物)+車位,新竹縣竹北市北興里36鄰勝利十一路262號十二樓之1B10-12F,8.29,商,,,1040712,土地1建物1車位1,十二層,23,住宅大樓(11層含以上有電梯),住家用,鋼筋混凝土造,,116.24,2,1,1,有,無,7040000,70617,坡道平面,30.0,950000,,RPQROLMLKHMFFBJ78CB
竹北市,房地(土地+建物)+車位,新竹縣竹北市北興里36鄰勝利十一路262號十一樓之9B2-11F,7.86,商,,,1031028,土地1建物1車位1,十一層,23,住宅大樓(11層含以上有電梯),住家用,鋼筋混凝土造,,105.27,2,1,1,有,無,7050000,74946,坡道平面,25.88,1100000,,RPQNMLLJLHMFFBJ97CB
竹北市,房地(土地+建物)+車位,新竹縣竹北市北興里36鄰勝利十一路260號十二樓之9A2-12F,7.86,商,,,1040919,土地1建物1車位1,十二層,23,住宅大樓(11層含以上有電梯),住家用,鋼筋混凝土造,,109.39,2,1,1,有,無,6750000,74946,坡道平面,30.0,800000,,RPRNMLLJLHMFFBJ08CB
竹北市,房地(土地+建物)+車位,新竹縣竹北市北興里36鄰勝利十一路260號十一樓之3A8-11F,7.58,商,,,1031218,土地1建物1車位1,十一層,23,住宅大樓(11層含以上有電梯),住家用,鋼筋混凝土造,,100.85,2,1,1,有,無,6080000,72429,坡道平面,25.88,650000,,RPSNMLLJLHMFFBJ18CB
