﻿編號,屋齡,建物移轉面積平方公尺,主要用途,主要建材,建築完成日期,總層數,建物分層
The serial number,room age,building shifting area square meter,the main use,main building materials,construction completes the date,total layer,building lamination
RPPNMLQJKHMFFAM38CA,31,120.74,住家用,加強磚造,75年2月5日,二層,一層 二層
RPQNMLNJKHMFFBM28CA,39,81.78,住家用,鋼筋混凝土加強磚造,67年5月6日,二層,一層 二層
RPWNMLRJKHMFFCM86DA,19,150.12,住家用,鋼筋混凝土造,87年1月17日,二層,一層 二層
RPUNMLSJKHMFFCM76DA,50,20.29,住家用,鋼筋混凝土加強磚造,56年5月15日,二層,一層 二層
RPRNMLQKKHMFFCM88CA,17,207.02,住家用,鋼筋混凝土造,88年8月7日,三層,一層 二層 三層 騎樓
RPPNMLRKKHMFFDM88CA,37,71.39,住家用,鋼筋混凝土加強磚造,68年10月30日,一層,一層
RPSNMLRJKHMFFAM78CA,23,194.30,住家用,鋼筋混凝土造,82年12月24日,三層,一層 二層 三層
RPQNMLSJKHMFFDM98CA,36,117.00,住家用,鋼筋混凝土加強磚造,69年12月31日,二層,一層 二層
RPVNMLPKKHMFFAM98CA,29,97.00,住家用,加強磚造,76年9月16日,二層,一層 二層
RPQNMLSJKHMFFEM09CA,34,104.48,住商用,鋼筋混凝土加強磚造,72年1月31日,三層,一層 二層 三層
RPQNMLQJKHMFFDM88DA,13,151.11,住家用,鋼筋混凝土造,93年2月5日,三層,一層 二層 三層 陽台 屋頂突出物
RPUNMLQKKHMFFCM56CA,31,123.57,住家用,鋼筋混凝土造,74年5月31日,二層,一層 二層 騎樓
RPPNMLPKKHMFFBM48CA,1,209.23,住宅、梯間,鋼筋混凝土造,104年7月14日,三層,一層 二層 三層 陽台 見其他登記事項
RPTNMLSKKHMFFCM66CA,2,111.74,店舖、住宅、樓梯間,鋼筋混凝土造,104年6月3日,三層,一層 二層 三層 陽台 見其他登記事項
RPTNMLSKKHMFFCM66CA,2,111.74,店舖、住宅、樓梯間,鋼筋混凝土造,104年6月3日,三層,一層 二層 三層 陽台 見其他登記事項
RPXNMLSJKHMFFAM76CA,33,126.15,住商用,鋼筋混凝土造,73年6月11日,三層,一層 二層 三層 騎樓
RPVNMLNKKHMFFAM78CA,37,95.06,住商用,鋼筋混凝土加強磚造,69年1月11日,二層,一層 二層
RPPNMLLKKHMFFBM08CA,4,220.64,住家用,鋼筋混凝土造,101年8月20日,四層,一層 二層 三層 四層 陽台 雨遮
RPPNMLTJKHMFFCM88CA,32,102.80,住家用,鋼筋混凝土造,74年5月22日,二層,一層 二層
RPPNMLKLKHMFFBM08CA,37,82.56,住家用,鋼筋混凝土造,69年1月24日,二層,一層 二層
RPTNMLSJKHMFFCM56CA,18,122.90,住家用,鋼筋混凝土造,87年10月19日,二層,一層 二層 陽台 屋頂突出物 雨遮
RPQNMLPKKHMFFBM58CA,1,219.27,住宅、梯間,鋼筋混凝土造,104年7月14日,三層,一層 二層 三層 陽台 見其他登記事項
RPQNMLTJKHMFFDM09CA,36,54.18,住商用,加強磚造,70年3月3日,二層,一層 二層 騎樓
RPQNMLKKKHMFFDM28CA,17,284.56,商業用,鋼架造﹝有牆﹞,89年2月10日,一層,一層
RPQNMLLLKHMFFCM38CA,43,70.74,住家用,鋼筋混凝土加強磚造,62年7月9日,二層,一層 二層
RPPNMLOLKHMFFAM38CA,6,206.91,住家用,鋼筋混凝土造,99年12月13日,四層,一層 二層 三層 四層 陽台 雨遮
RPSNMLPKKHMFFBM78CA,26,123.25,商業用,鋼筋混凝土造,80年3月23日,十二層,六層
RPSNMLPKKHMFFBM78CA,26,67.79,樓梯間、人行道、門廊、門廳、機械室、水箱、避難室,鋼筋混凝土造,80年3月23日,十二層,
RPSNMLPKKHMFFBM78CA,26,7.84,停車空間、辦公室,鋼筋混凝土造,80年3月23日,十二層,
RPSNMLPKKHMFFBM78CA,26,.53,樓梯間、人行道、門廊、門廳、機械室、水箱、避難室,鋼筋混凝土造,80年3月23日,十二層,
RPTNMLKKKHMFFCM58DA,31,130.50,住家用,鋼筋混凝土造,75年5月23日,二層,一層 二層 騎樓
RPTNMLOLKHMFFAM78CA,13,226.73,住家用,鋼筋混凝土造,92年11月21日,四層,一層 二層 三層 四層 陽台
RPPNMLQKKHMFFDM88DA,13,151.11,住家用,鋼筋混凝土造,93年2月5日,三層,一層 二層 三層 陽台 屋頂突出物
RPSNMLMJLHMFFAM38CA,45,59.40,商業用,鐵筋加強磚造,60年12月29日,二層,一層 二層 騎樓
RPRNMLKLLHMFFDM58CA,38,117.30,住商用,鋼筋混凝土加強磚造,68年3月10日,二層,一層 二層 騎樓
RPTNMLNKKHMFFDM98DA,13,151.11,住家用,鋼筋混凝土造,93年2月5日,三層,一層 二層 三層 陽台 屋頂突出物
RPUNMLNKKHMFFDM09DA,13,151.11,住家用,鋼筋混凝土造,93年2月5日,三層,一層 二層 三層 陽台 屋頂突出物
RPVNMLNKKHMFFDM56DA,13,151.11,住家用,鋼筋混凝土造,93年2月5日,三層,一層 二層 三層 陽台 屋頂突出物
RPWNMLNKKHMFFDM66DA,13,151.11,住家用,鋼筋混凝土造,93年2月5日,三層,一層 二層 三層 陽台 屋頂突出物
RPTNMLQKKHMFFAM88CA,36,81.00,住家用,鋼筋混凝土加強磚造,69年12月1日,二層,一層 二層
RPXNMLNKKHMFFBM09CA,37,95.52,住家用,鋼筋混凝土加強磚造,69年5月28日,二層,一層 二層
RPXNMLNKKHMFFBM09CA,37,95.52,住家用,鋼筋混凝土加強磚造,69年5月28日,二層,一層 二層
RPVPMLNKKHMFFBM09CA,11,123.77,住家用,鋼筋混凝土造,94年12月30日,二層,一層 二層 陽台 屋頂突出物
RPQNMLNKKHMFFCM48CA,47,232.08,住商用,鋼筋混凝土加強磚造,58年8月20日,三層,一層 二層 三層 騎樓
RPPNMLNKKHMFFCM38CA,41,123.94,住家用,鋼筋混凝土加強磚造,64年10月15日,二層,一層 二層
RPSNMLOLKHMFFCM88CA,2,370.38,店舖、住宅、停車空間、樓梯間,鋼筋混凝土造,104年2月9日,四層,一層 二層 三層 四層 陽台 見其他登記事項
RPUNMLMJLHMFFCM78CA,15,237.85,住宅、人行道,鋼筋混凝土造,91年1月28日,三層,一層 二層 三層 陽台 屋頂突出物 騎樓
RPRNMLMJLHMFFAM28CA,29,140.05,住家用,加強磚造,76年11月7日,二層,一層 二層 陽台
RPQNMLOLKHMFFBM58CA,23,67.96,住商用,鋼筋混凝土造,83年7月21日,十三層,一層 二層 陽台 平台 騎樓
RPQNMLOLKHMFFBM58CA,23,8.82,停車場、防空避難室、梯間、走道、水箱、機房,鋼筋混凝土造,83年7月21日,十三層,
RPROMLLJLHMFFDM68DA,11,185.93,住商用,鋼筋混凝土造,89年12月22日,三層,一層 二層 三層 陽台
RPVNMLLJLHMFFAM58CA,10,104.12,住家用,鋼筋混凝土造,95年6月23日,三層,一層 二層 三層 陽台 平台 屋頂突出物 見其他登記事項
RPPNMLQKKHMFFAM48CA,28,148.51,住家用,鋼筋混凝土造,78年7月10日,三層,一層 二層 三層
RPSNMLPKKHMFFAM68CA,23,140.90,住家用,鋼筋混凝土造,83年4月27日,三層,一層 二層 三層 屋頂突出物 騎樓
RPTNMLKLKHMFFBM48CA,3,244.22,住家用,鋼筋混凝土造,102年11月29日,三層,一層 二層 三層 陽台
RPUNMLPKKHMFFAM88CA,36,129.36,住商用,鋼筋混凝土加強磚造,69年12月31日,二層,一層 二層 騎樓
RPPNMLTLLHMFFCM56CA,88,69.00,住家用,加強磚造,17年9月25日,一層,一層
RPUNMLKLKHMFFBM58CA,3,246.22,住家用,鋼筋混凝土造,102年11月29日,三層,一層 二層 三層 陽台
RPVNMLPKKHMFFCM56CA,47,111.83,住家用,鋼筋混凝土加強磚造,58年10月25日,二層,一層 二層 騎樓
RPPNMLNLKHMFFCM48CA,20,179.12,住商用,鋼筋混凝土造,85年11月22日,三層,一層 二層 三層 陽台 屋頂突出物 騎樓 雨遮
RPPNMLLKLHMFFCM28CA,17,2196.84,雞舍、倉庫、畜牧設施（雞舍）、畜牧設施（堆肥舍）、畜牧設施（飼料桶倉儲）、畜牧設施（倉儲）、畜牧設施（廢棄處理設施）,鋼鐵造有牆、鋼骨造有牆、鋼架造有牆,89年1月1日,一層,一層
RPPNMLLKLHMFFCM28CA,17,128.10,農舍,磚造,89年1月1日,一層,一層
RPRNMLRJLHMFFDM09CA,2,191.09,住宅、停車空間、樓梯間,鋼筋混凝土造,103年12月27日,三層,一層 二層 三層 陽台 見其他登記事項
RPSNMLRKKHMFFDM56CA,21,54.73,集合住宅,鋼筋混凝土造,85年4月1日,四層,一層 平台
RPSNMLRKKHMFFDM56CA,21,14.46,管理員室、停車空間、梯間、水箱,鋼筋混凝土造,85年4月1日,四層,
RPQNMLQKKHMFFCM78CA,12,157.53,住家用,鋼筋混凝土造,93年11月1日,三層,一層 二層 三層 陽台 屋頂突出物
RPQNMLQKKHMFFCM78CA,36,73.13,住商用,ＲＣ加強磚造、加強磚木造,70年1月16日,二層,一層 二層
RPOOMLRKKHMFFAM58CA,,388.35,住家用,鋼筋混凝土造,105年7月18日,五層,一層 二層 三層 四層 五層 陽台
RPPOMLRKKHMFFAM68CA,,388.35,住家用,鋼筋混凝土造,105年7月18日,五層,一層 二層 三層 四層 五層 陽台
RPPNMLLJLHMFFAM97CA,24,126.72,住商用,加強磚造,81年7月7日,二層,一層 二層 騎樓
RPOOMLLJLHMFFAM97CA,9,247.02,農舍,鋼筋混凝土造,96年12月18日,三層,一層 二層 三層 屋頂突出物 見其他登記事項
RPXNMLRKKHMFFAM76CA,,379.99,住家用,鋼筋混凝土造,105年7月18日,五層,一層 二層 三層 四層 五層 陽台
RPSNMLKLKHMFFCM58DA,35,117.60,住家用,加強磚造,70年10月15日,二層,一層 二層 陽台 騎樓
RPSNMLKLKHMFFAM38DA,23,95.68,住家用,鋼筋混凝土造,83年5月3日,五層,三層 陽台
RPSNMLKLKHMFFAM38DA,23,17.26,儲藏室、梯間、水箱、機械房、人行道,鋼筋混凝土造,83年5月3日,五層,
RPQNMLOLKHMFFDM88DA,13,151.11,住家用,鋼筋混凝土造,93年2月5日,三層,一層 二層 三層 陽台 屋頂突出物
RPQNMLKLKHMFFAM08CA,21,205.53,人行道、店舖、住宅,鋼筋混凝土造,84年11月4日,四層,一層 二層 三層 四層 屋頂突出物 騎樓
RPWNMLOLKHMFFBM56CA,38,111.20,住商用,鋼筋混凝土加強磚造,68年2月22日,二層,一層 二層 騎樓
RPTNMLRKKHMFFAM98CA,22,109.20,店舖、集合住宅,鋼筋混凝土造,83年11月9日,十六層,一層 二層 陽台 平台 騎樓
RPTNMLRKKHMFFAM98CA,22,16.71,騎樓、人行道、梯間、避難室、機械室,鋼筋混凝土造,83年11月9日,十六層,
RPUNMLSKKHMFFCM76CA,9,200.98,農舍,鋼鐵造有牆、ＲＣ造,97年4月14日,二層,一層 二層
RPQNMLSKKHMFFDM09CA,14,69.52,住家用,鋼筋混凝土造,92年6月26日,三層,
RPQNMLSKKHMFFDM09CA,14,69.52,住家用,鋼筋混凝土造,92年6月26日,三層,
RPQNMLLJLHMFFDM38CA,18,175.30,住商用,鋼筋混凝土造,88年1月21日,三層,一層 二層 三層 電梯樓梯間
RPPNMLLJLHMFFCM18CA,33,117.02,住商用,鋼筋混凝土造,72年12月29日,二層,一層 二層 騎樓
RPVNMLMLKHMFFBM88CA,2,232.39,人行道、店舖、住宅,鋼筋混凝土造,103年9月1日,四層,一層 二層 三層 四層 陽台 騎樓
RPPNMLPLKHMFFBM58CA,21,87.36,住家用,鋼筋混凝土造,84年9月27日,十二層,十二層 陽台
RPPNMLPLKHMFFBM58CA,21,30.82,停車空間、防空避難室、水塔、管理室、梯間、走道、機械室、門廳,鋼筋混凝土造,84年9月27日,十二層,
RPTNMLKKLHMFFBM48CA,37,153.24,住商用,鋼筋混凝土造,68年11月5日,三層,一層 二層 三層 騎樓
RPXNMLKMLHMFFCM56CA,12,139.37,農舍,鋼筋混凝土造,94年5月20日,二層,一層 二層 陽台
RPUNMLSJLHMFFDM86CA,18,224.70,住商用,鋼筋混凝土造,87年8月17日,四層,一層 二層 三層 四層 陽台 騎樓 電梯樓梯間
RPVNMLOLKHMFFAM98CA,21,120.05,住家用,鋼筋混凝土造,84年9月12日,三層,一層 二層 三層 陽台 花台 雨遮
RPQNMLRJLHMFFBM78CA,,180.61,住家用,鋼筋混凝土造,105年11月2日,四層,一層 二層 三層 四層 陽台
RPXNMLOLKHMFFCM76CA,37,19.27,住家用,加強磚造,69年7月3日,一層,一層
RPRNMLLLKHMFFCM48CA,24,143.68,住家用,鋼筋混凝土造,81年8月17日,三層,一層 二層 三層
RPUNMLLLKHMFFCM78CA,21,180.12,住家用,鋼筋混凝土造,85年4月8日,三層,一層 二層 三層 屋頂突出物
RPSNMLLJLHMFFCM48CA,30,154.71,住商用,鋼筋混凝土造,76年3月23日,二層,一層 二層 騎樓
RPPNMLMLKHMFFDM48CA,37,108.36,住商用,鋼筋混凝土加強磚造,68年12月19日,二層,一層 二層 騎樓
RPSNMLRJLHMFFDM56CA,13,151.11,住家用,鋼筋混凝土造,93年2月5日,三層,一層 二層 三層 陽台 屋頂突出物
RPTNMLMJLHMFFDM78CA,35,101.69,住商用,鋼筋混凝土造,70年10月30日,二層,一層 二層
RPTNMLMJLHMFFDM78CA,35,135.45,住商用,鋼筋混凝土造,70年10月30日,二層,一層 二層
RPPNMLMJLHMFFBM18CA,3,268.88,住宅、梯間、水箱室,鋼筋混凝土造,102年9月25日,三層,一層 二層 三層 陽台 見其他登記事項
RPSNMLNLKHMFFBM68CA,25,90.77,住家用,鋼筋混凝土造,80年11月15日,七層,二層 陽台 花台
RPSNMLNLKHMFFBM68CA,25,40.18,避難室、梯間、水塔、門廳、警衛室、玄關、停車空間,鋼筋混凝土造,80年11月15日,七層,
RPSNMLNLKHMFFBM68CA,25,1.56,商業用,鋼筋混凝土造,80年11月15日,七層,
RPPNMLMJLHMFFAM08CA,1,197.16,住宅、停車空間,鋼筋混凝土造,105年6月20日,四層,一層 二層 三層 四層 陽台
RPRNMLLJLHMFFAM18CA,36,100.80,住家用,鋼筋混凝土加強磚造,69年12月1日,二層,一層 二層
RPPNMLTKLHMFFAM88CA,,222.44,住家用,鋼筋混凝土造,105年10月6日,四層,一層 二層 三層 四層 陽台
RPRNMLLLKHMFFAM28CA,21,83.27,住家用,鋼筋混凝土造,85年2月7日,八層,八層 陽台 花台
RPRNMLLLKHMFFAM28CA,21,7.48,住家用,鋼筋混凝土造,85年2月7日,八層,
RPRNMLLLKHMFFAM28CA,21,23.60,住家用,鋼筋混凝土造,85年2月7日,八層,
RPTNMLLJLHMFFAM38CA,8,204.03,住商用,鋼筋混凝土造,97年10月31日,三層,一層 二層 三層 陽台 屋頂突出物
RPPOMLQJLHMFFCM88DA,6,199.85,店鋪、住宅、樓梯間、水箱間,鋼筋混凝土造,100年1月25日,三層,一層 二層 三層 見其他登記事項
RPPNMLMJLHMFFEM48CA,39,254.80,住商用,鋼筋混凝土加強磚造,67年4月12日,四層,一層 二層 三層 四層 騎樓
RPPNMLLJLHMFFDM38DA,13,151.11,住家用,鋼筋混凝土造,93年2月5日,三層,一層 二層 三層 陽台 屋頂突出物
RPQNMLRLLHMFFDM56CA,45,212.16,工業用,鋼筋混凝土加強磚造,60年10月15日,二層,一層 二層
RPSNMLLLKHMFFAM38CA,13,171.17,住家用,鋼筋混凝土造,92年12月29日,三層,一層 二層 三層 屋頂突出物
RPPNMLKLLHMFFAM08CA,1,74.89,集合住宅,鋼筋混凝土造,105年7月26日,三層,一層 二層 三層 陽台
RPPNMLKLLHMFFAM08CA,1,74.89,集合住宅,鋼筋混凝土造,105年7月26日,三層,一層 二層 三層 陽台
RPRNMLMLKHMFFBM48CA,24,70.79,住家用,鋼筋混凝土造,82年5月27日,七層,五層 陽台
RPRNMLMLKHMFFBM48CA,24,14.92,防空避難室、停車場、穿透走廊,鋼筋混凝土造,82年5月27日,七層,
RPRNMLMLKHMFFBM48CA,24,7.88,梯間、機械室、水塔,鋼筋混凝土造,82年5月27日,七層,
RPPNMLQJLHMFFBM58CA,37,142.41,住家用,加強磚造,,二層,一層 二層 陽台 騎樓
RPUNMLKKLHMFFBM58CA,,208.21,住家用,鋼筋混凝土造,105年8月22日,四層,一層 二層 三層 四層 陽台
RPSNMLTJLHMFFBM56CA,,208.21,住家用,鋼筋混凝土造,105年8月22日,四層,一層 二層 三層 四層 陽台
RPXNMLPKLHMFFCM86CA,21,64.53,集合住宅,鋼筋混凝土造,84年11月22日,十二層,十二層 陽台
RPTNMLNLKHMFFDM98CA,13,151.11,住家用,鋼筋混凝土造,93年2月5日,三層,一層 二層 三層 陽台 屋頂突出物
RPXNMLPKLHMFFCM86CA,21,31.89,門廳、梯間、水塔、牌樓、停車空間兼防空避難室、機械房,鋼筋混凝土造,84年11月22日,十二層,
RPQNMLRKLHMFFCM98CA,27,144.00,住家用,木造,79年1月9日,二層,一層 二層
RPUNMLQJLHMFFBM56DA,19,310.13,農舍,鋼筋混凝土造,87年4月27日,三層,一層 二層 三層 陽台 電梯樓梯間
RPQNMLNJLHMFFAM28CA,37,118.36,住商用,鋼筋混凝土加強磚造,69年7月8日,二層,一層 二層 騎樓
RPPNMLOLKHMFFDM78DA,13,151.11,住家用,鋼筋混凝土造,93年2月5日,三層,一層 二層 三層 陽台 屋頂突出物
RPTNMLOLKHMFFBM98DA,46,50.84,住家用,加強磚造,60年1月15日,一層,一層 騎樓
RPQNMLLJLHMFFAM08CA,1,156.74,住宅、樓梯間、水箱間,鋼筋混凝土造,105年8月2日,三層,一層 二層 三層 陽台 屋頂突出物
RPVNMLMJLHMFFAM68CA,9,369.95,住家用,鋼筋混凝土造,96年9月28日,四層,一層 二層 三層 四層 陽台 雨遮
RPXNMLKKLHMFFAM78CA,2,274.21,集合住宅、停車空間、樓梯間、水塔間,鋼筋混凝土造,104年3月20日,四層,一層 二層 三層 四層 陽台 屋頂突出物
RPPNMLLJLHMFFBM08CA,31,127.35,住家用,鋼筋混凝土造,75年2月17日,三層,一層 二層 三層 陽台
RPRNMLLJLHMFFCM38CA,27,55.80,住家用,鋼筋混凝土造,78年11月22日,二層,一層 二層
RPTNMLLJLHMFFDM68CA,15,115.58,住家用,鋼筋混凝土造,90年8月20日,二層,一層 二層 陽台 平台
RPUNMLQJLHMFFCM56CA,1,238.70,住家用,鋼筋混凝土造,104年12月30日,三層,一層 二層 三層
RPQNMLNJLHMFFCM48CA,23,134.72,住家用,鋼筋混凝土造,83年5月3日,二層,一層 二層 陽台 屋頂突出物 夾層
RPRNMLMJLHMFFEM68CA,15,176.04,住家用,鋼筋混凝土造,91年5月2日,三層,一層 二層 三層 陽台 屋頂突出物
RPPNMLOJLHMFFBM38CA,19,169.23,住商用,鋼筋混凝土造,86年12月3日,三層,一層 二層 三層 陽台 電梯樓梯間
RPUNMLPJLHMFFBM98CA,47,65.10,住家用,鋼筋混凝土加強磚造,58年12月4日,二層,一層 二層
RPWNMLMJLHMFFAM78CA,1,194.17,住宅、樓梯間,鋼筋混凝土造,105年1月22日,三層,一層 二層 三層 陽台 屋頂突出物
RPQNMLQLMHMFFAM88CA,5,236.34,農舍、樓梯間,鋼鐵造有牆、鋼筋混凝土造,101年6月12日,二層,一層 二層 陽台 屋頂突出物
RPRNMLLLLHMFFBM48CA,26,185.95,住家用,鋼筋混凝土造,79年12月15日,三層,一層 二層 三層
RPOOMLSJLHMFFCM88CA,23,106.30,集合住宅,鋼筋混凝土造,83年5月30日,七層,三層 陽台 花台
RPOOMLSJLHMFFCM88CA,23,16.33,防空避難室、汽車升降室、辦公室、機械室、水箱,鋼筋混凝土造,83年5月30日,七層,
RPOOMLSJLHMFFCM88CA,23,15.56,樓梯間,鋼筋混凝土造,83年5月30日,七層,
RPPNMLQKLHMFFDM88CA,10,195.17,住家用,鋼筋混凝土造,95年8月18日,四層,一層 二層 三層 四層
RPQOMLLJLHMFFDM48CA,31,458.37,住商用,鋼筋混凝土加強磚造,74年11月2日,二層,一層 二層 騎樓
RPWNMLMJLHMFFDM09CA,24,165.67,住家用,鋼筋混凝土造,82年7月31日,四層,一層 二層 三層 四層 陽台
RPTNMLKLLHMFFDM78CA,39,80.64,住家用,鋼筋混凝土加強磚造,67年4月1日,二層,一層 二層
RPXNMLPKLHMFFAM66CA,23,86.24,住家用,鋼筋混凝土造,82年11月10日,十四層,五層 陽台
RPXNMLPKLHMFFAM66CA,23,10.84,梯間、水塔、機械室,鋼筋混凝土造,82年11月10日,十四層,
RPXNMLPKLHMFFAM66CA,23,9.22,避難室、開放空間、停車空間,鋼筋混凝土造,82年11月10日,十四層,
RPPNMLNKLHMFFCM48CA,40,110.51,住商用,鋼筋混凝土加強磚造,65年9月13日,二層,一層 二層 騎樓
RPUOMLMLLHMFFAM88CA,,163.17,住家用,鋼筋混凝土造,105年10月6日,四層,一層 二層 三層 四層 陽台
RPVNMLQJLHMFFCM76DA,39,53.40,住家用,磚造,66年11月20日,一層,一層
RPSOMLMLLHMFFAM68CA,,176.09,住家用,鋼筋混凝土造,105年10月6日,四層,一層 二層 三層 四層 陽台
RPTOMLMLLHMFFAM78CA,,176.09,住家用,鋼筋混凝土造,105年10月6日,四層,一層 二層 三層 四層 陽台
RPQNMLKKLHMFFBM18CA,39,92.40,住家用,鋼筋混凝土加強磚造,67年5月6日,二層,一層 二層 騎樓
RPPNMLNJLHMFFBM28CA,50,79.31,住家用,鋼筋混凝土加強磚造,55年12月31日,二層,一層 二層
RPTNMLQJLHMFFBM98CA,,208.21,住家用,鋼筋混凝土造,105年8月22日,四層,一層 二層 三層 四層 陽台
RPXNMLMLLHMFFAM09CA,4,232.39,住宅、停車空間,鋼筋混凝土造,102年1月7日,四層,一層 二層 三層 四層 陽台
RPRNMLQJLHMFFAM68CA,5,165.00,溫室,鋼骨造,101年4月23日,一層,一層
RPQOMLMLLHMFFAM48CA,44,196.49,住商用,鋼筋混凝土加強磚造,61年11月3日,三層,一層 二層 三層 騎樓
RPTNMLQJLHMFFCM09CA,22,185.50,住家用,鋼筋混凝土造,83年8月19日,三層,一層 二層 三層 陽台
RPPNMLQJLHMFFDM78CA,,181.60,住宅、樓梯間,鋼筋混凝土造,105年10月27日,三層,一層 二層 三層 陽台 見其他登記事項
RPRNMLRJLHMFFAM78CA,19,101.13,住家用,鋼筋混凝土造,87年3月6日,九層,六層 陽台
RPRNMLRJLHMFFAM78CA,19,14.26,停車空間,鋼筋混凝土造,87年3月6日,九層,
RPRNMLRJLHMFFAM78CA,19,12.33,梯間、管理員室、水箱、機械間,鋼筋混凝土造,87年3月6日,九層,
RPQNMLOKLHMFFAM48CA,17,271.62,辦公室、休閒娛樂室、儲藏室、員工宿舍,鋼筋混凝土造,89年6月3日,三層,一層 二層 三層
RPQNMLQJLHMFFDM88CA,32,97.20,住商用,鋼筋混凝土加強磚造,73年12月31日,二層,一層 二層 騎樓
RPRNMLNLLHMFFAM58CA,1,202.18,集合住宅、停車空間,鋼筋混凝土造,105年7月26日,四層,一層 二層 三層 四層 陽台
RPRNMLRKLHMFFBM98CA,1,161.37,住宅、樓梯間,鋼筋混凝土造,104年12月14日,三層,一層 二層 三層 陽台 見其他登記事項
RPQNMLSJLHMFFDM09CA,1,147.28,住家用,鋼筋混凝土造,104年12月25日,三層,一層 二層 三層 陽台
RPUNMLRKLHMFFCM76CA,15,345.23,住家用,鋼筋混凝土造,91年1月3日,三層,一層 二層 三層 陽台
RPPNMLTJLHMFFDM56DA,42,114.33,住商用,鋼筋混凝土加強磚造,64年1月27日,三層,一層 二層 三層 騎樓
RPPNMLOKLHMFFBM48CA,30,153.44,住家用,鋼筋混凝土造,76年7月6日,二層,一層 二層 陽台 屋頂突出物
RPVNMLKKLHMFFBM68CA,51,240.60,住商用,鋼筋混凝土加強磚造,55年1月17日,三層,一層 二層 三層 騎樓
RPRNMLTJLHMFFBM09CA,24,179.45,住家用,鋼筋混凝土造,82年3月18日,三層,一層 二層 三層 陽台
RPRNMLTJLHMFFBM09CA,34,140.98,住商用,鋼筋混凝土造,71年12月8日,二層,一層 二層 騎樓
RPROMLMLLHMFFAM58CA,24,112.91,人行道、住宅,鋼筋混凝土造,82年1月14日,三層,一層 二層 三層 騎樓
RPPNMLRKLHMFFAM68CA,22,93.18,集合住宅,鋼筋混凝土造,83年11月9日,十六層,十四層 陽台
RPPNMLRKLHMFFAM68CA,22,14.11,騎樓、人行道、梯間、避難室、機械室,鋼筋混凝土造,83年11月9日,十六層,
RPSNMLSJLHMFFAM98CA,1,156.74,住宅、樓梯間、水箱間,鋼筋混凝土造,105年8月2日,三層,一層 二層 三層 陽台 屋頂突出物
RPVNMLKKLHMFFAM58CA,37,124.20,住商用,鋼筋混凝土加強磚造,69年5月31日,二層,一層 二層 騎樓
RPOOMLKLLHMFFAM08CA,1,39.91,集合住宅,鋼筋混凝土造,104年11月12日,五層,二層 陽台
RPOOMLKLLHMFFAM08CA,1,12.51,樓梯間,鋼筋混凝土造,104年11月12日,五層,
RPQNMLRLLHMFFAM88CA,31,110.00,住家用,加強磚造,74年11月1日,二層,一層 二層
RPQNMLPKLHMFFBM68CA,2,168.71,停車空間、集合住宅,鋼筋混凝土造,104年3月27日,四層,一層 二層 三層 四層 陽台
RPVNMLQKLHMFFCM76CA,,319.08,住家用,鋼筋混凝土造,105年9月1日,三層,一層 二層 三層 陽台
RPVNMLNKLHMFFDM66DA,20,180.59,住家用,鋼筋混凝土造,86年1月10日,四層,一層 二層 三層 四層 陽台 露台 見其他登記事項
RPVNMLNKLHMFFDM66DA,20,36.13,停車場、機械室、梯間,鋼筋混凝土造,86年1月10日,一層,
RPOQMLKMLHMFFBM48CA,,66.34,集合住宅,鋼筋混凝土造,105年12月29日,十二層,九層 陽台 雨遮
RPOQMLKMLHMFFBM48CA,,32.11,梯廳、防空避難室兼停車空間、丙梯、停車空間、污水機房、消房機房、昇降機、排煙室、甲梯、緊急升降機、一般及緊急升降機、緊急發電機室、電信室、台電配電室、電錶區、管委會空間、乙梯、丁梯、樓梯間、機械室、水錶室、水箱等２２項。,鋼筋混凝土造,105年12月29日,十二層,
RPROMLKMLHMFFBM58CA,,63.00,集合住宅,鋼筋混凝土造,105年12月29日,十二層,四層 陽台 雨遮
RPROMLKMLHMFFBM58CA,,30.47,梯廳、防空避難室兼停車空間、丙梯、停車空間、污水機房、消房機房、昇降機、排煙室、甲梯、緊急升降機、一般及緊急升降機、緊急發電機室、電信室、台電配電室、電錶區、管委會空間、乙梯、丁梯、樓梯間、機械室、水錶室、水箱等２２項。,鋼筋混凝土造,105年12月29日,十二層,
RPUOMLKMLHMFFBM88CA,,63.00,集合住宅,鋼筋混凝土造,105年12月29日,十二層,四層 陽台 雨遮
RPUOMLKMLHMFFBM88CA,,30.47,梯廳、防空避難室兼停車空間、丙梯、停車空間、污水機房、消房機房、昇降機、排煙室、甲梯、緊急升降機、一般及緊急升降機、緊急發電機室、電信室、台電配電室、電錶區、管委會空間、乙梯、丁梯、樓梯間、機械室、水錶室、水箱等２２項。,鋼筋混凝土造,105年12月29日,十二層,
RPSNMLNKLHMFFDM98DA,13,151.11,住家用,鋼筋混凝土造,93年2月5日,三層,一層 二層 三層 陽台 屋頂突出物
RPTNMLNKLHMFFDM09DA,13,151.11,住家用,鋼筋混凝土造,93年2月5日,三層,一層 二層 三層 陽台 屋頂突出物
RPPNMLKKLHMFFBM18DA,21,164.30,住商用,鋼筋混凝土造,84年12月15日,十二層,一層 二層 三層 陽台 平台 騎樓 花台
RPPNMLKKLHMFFBM18DA,21,16.27,防空避難室、停車空間、門廳、梯間、機房、水箱,鋼筋混凝土造,84年12月15日,十二層,
RPWNMLPJMHMFFBM66CA,,67.10,集合住宅,鋼筋混凝土造,105年12月29日,十二層,四層 陽台 雨遮
RPWNMLPJMHMFFBM66CA,,65.46,梯廳、防空避難室兼停車空間、丙梯、停車空間、污水機房、消房機房、昇降機、排煙室、甲梯、緊急升降機、一般及緊急升降機、緊急發電機室、電信室、台電配電室、電錶區、管委會空間、乙梯、丁梯、樓梯間、機械室、水錶室、水箱等２２項。,鋼筋混凝土造,105年12月29日,十二層,
RPXNMLPJMHMFFBM76CA,,63.00,集合住宅,鋼筋混凝土造,105年12月29日,十二層,五層 陽台 雨遮
RPXNMLPJMHMFFBM76CA,,63.48,梯廳、防空避難室兼停車空間、丙梯、停車空間、污水機房、消房機房、昇降機、排煙室、甲梯、緊急升降機、一般及緊急升降機、緊急發電機室、電信室、台電配電室、電錶區、管委會空間、乙梯、丁梯、樓梯間、機械室、水錶室、水箱等２２項。,鋼筋混凝土造,105年12月29日,十二層,
RPTNMLQKLHMFFCM56CA,31,150.79,住宅、人行道,鋼筋混凝土造,75年5月7日,二層,一層 二層 騎樓
RPQNMLKKLHMFFDM38CA,1,248.71,住宅、樓梯間,鋼筋混凝土造,105年3月23日,三層,一層 二層 三層 陽台 見其他登記事項
RPROMLNKLHMFFDM88CA,21,86.20,住家用,加強磚造,85年4月17日,二層,一層 二層 陽台
RPXOMLPJMHMFFBM86CA,,91.44,集合住宅,鋼筋混凝土造,105年12月29日,十二層,九層 陽台 雨遮
RPXOMLPJMHMFFBM86CA,,77.26,梯廳、防空避難室兼停車空間、丙梯、停車空間、污水機房、消房機房、昇降機、排煙室、甲梯、緊急升降機、一般及緊急升降機、緊急發電機室、電信室、台電配電室、電錶區、管委會空間、乙梯、丁梯、樓梯間、機械室、水錶室、水箱等２２項。,鋼筋混凝土造,105年12月29日,十二層,
RPQNMLKKLHMFFAM08CA,36,107.29,住商用,鋼筋混凝土加強磚造,69年12月25日,二層,一層 二層 騎樓
RPOOMLKKLHMFFAM97CA,,179.57,住宅、停車空間、樓梯間,鋼筋混凝土造,105年8月8日,三層,一層 二層 三層 陽台 見其他登記事項
RPQNMLQKLHMFFAM68CA,4,266.23,住宅、停車空間,鋼筋混凝土造,102年7月24日,四層,一層 二層 三層 四層 陽台 雨遮
RPQNMLNKLHMFFBM48CA,,296.45,店舖、住宅、水箱間,鋼筋混凝土造,105年12月1日,四層,一層 二層 三層 四層 陽台 見其他登記事項
RPQNMLKLLHMFFBM28CA,19,144.67,住商用,鋼筋混凝土造,87年5月20日,七層,一層 二層 陽台 平台 騎樓
RPQNMLKLLHMFFBM28CA,19,24.94,防空避難室、停車空間、機械室、水塔、梯間,鋼筋混凝土造,87年5月20日,七層,
RPSNMLNKLHMFFCM78CA,25,124.95,農舍,鋼架造部份有牆,81年7月20日,一層,一層
RPSNMLNKLHMFFCM78CA,25,124.95,農舍,鋼架造部份有牆,81年7月20日,一層,一層
RPQNMLPKLHMFFEM98CA,,59.29,住家用,磚造,,一層,一層
RPUNMLPKLHMFFCM56CA,23,175.78,住商用,鋼筋混凝土造,83年6月10日,三層,一層 二層 三層 騎樓
RPVNMLPKLHMFFCM66CA,37,73.86,住家用,磚造,69年5月20日,一層,一層 騎樓
RPWNMLPKLHMFFCM76CA,37,16.66,住家用,加強磚造,69年7月3日,一層,一層
RPTOMLPJMHMFFBM09CA,,91.44,集合住宅,鋼筋混凝土造,105年12月29日,十二層,八層 陽台 雨遮
RPTOMLPJMHMFFBM09CA,,77.26,梯廳、防空避難室兼停車空間、丙梯、停車空間、污水機房、消房機房、昇降機、排煙室、甲梯、緊急升降機、一般及緊急升降機、緊急發電機室、電信室、台電配電室、電錶區、管委會空間、乙梯、丁梯、樓梯間、機械室、水錶室、水箱等２２項。,鋼筋混凝土造,105年12月29日,十二層,
RPPNMLPKLHMFFDM78CA,18,201.38,住家用,鋼筋混凝土造,87年9月28日,三層,一層 二層 三層 陽台 屋頂突出物
RPSOMLPJMHMFFBM98CA,,88.66,集合住宅,鋼筋混凝土造,105年12月29日,十二層,八層 陽台 雨遮
RPSOMLPJMHMFFBM98CA,,75.92,梯廳、防空避難室兼停車空間、丙梯、停車空間、污水機房、消房機房、昇降機、排煙室、甲梯、緊急升降機、一般及緊急升降機、緊急發電機室、電信室、台電配電室、電錶區、管委會空間、乙梯、丁梯、樓梯間、機械室、水錶室、水箱等２２項。,鋼筋混凝土造,105年12月29日,十二層,
RPVNMLOLLHMFFBM56CA,20,.10,警衛室,鋼筋混凝土造,85年6月13日,九層,
RPVNMLOLLHMFFBM56CA,20,93.18,住家用,鋼筋混凝土造,85年6月13日,九層,七層 陽台 花台
RPVNMLOLLHMFFBM56CA,20,23.26,停車空間、防空避難室、梯間、機械室、水塔、門廳,鋼筋混凝土造,85年6月13日,九層,
RPVNMLOLLHMFFBM56CA,20,30.89,停車空間、防空避難室、梯間、機械室、水塔、門廳,鋼筋混凝土造,85年6月13日,九層,
RPQNMLOKLHMFFBM58CA,,150.18,店舖、住宅、水箱間、機電設備室,鋼筋混凝土造,105年12月1日,四層,一層 二層 三層 四層 陽台 見其他登記事項
RPQNMLOKLHMFFBM58CA,,150.18,店舖、住宅、水箱間、機電設備室,鋼筋混凝土造,105年12月1日,四層,一層 二層 三層 四層 陽台 見其他登記事項
RPTNMLPKLHMFFAM88CA,21,360.00,工業用,鋼架有牆,84年11月15日,一層,一層
RPRNMLPJMHMFFBM78CA,,93.39,集合住宅,鋼筋混凝土造,105年12月29日,十二層,二層 陽台 雨遮
RPRNMLPJMHMFFBM78CA,,78.20,梯廳、防空避難室兼停車空間、丙梯、停車空間、污水機房、消房機房、昇降機、排煙室、甲梯、緊急升降機、一般及緊急升降機、緊急發電機室、電信室、台電配電室、電錶區、管委會空間、乙梯、丁梯、樓梯間、機械室、水錶室、水箱等２２項。,鋼筋混凝土造,105年12月29日,十二層,
RPPNMLPJMHMFFBM58CA,22,193.72,住家用,鋼筋混凝土造,84年8月2日,四層,一層 二層 三層 四層 陽台 平台 花台
RPVNMLPJMHMFFBM56CA,,94.92,集合住宅,鋼筋混凝土造,105年12月29日,十二層,四層 陽台 雨遮
RPVNMLPJMHMFFBM56CA,,78.94,梯廳、防空避難室兼停車空間、丙梯、停車空間、污水機房、消房機房、昇降機、排煙室、甲梯、緊急升降機、一般及緊急升降機、緊急發電機室、電信室、台電配電室、電錶區、管委會空間、乙梯、丁梯、樓梯間、機械室、水錶室、水箱等２２項。,鋼筋混凝土造,105年12月29日,十二層,
RPUNMLPJMHMFFBM09CA,,88.66,集合住宅,鋼筋混凝土造,105年12月29日,十二層,四層 陽台 雨遮
RPUNMLPJMHMFFBM09CA,,75.92,梯廳、防空避難室兼停車空間、丙梯、停車空間、污水機房、消房機房、昇降機、排煙室、甲梯、緊急升降機、一般及緊急升降機、緊急發電機室、電信室、台電配電室、電錶區、管委會空間、乙梯、丁梯、樓梯間、機械室、水錶室、水箱等２２項。,鋼筋混凝土造,105年12月29日,十二層,
RPPNMLQLMHMFFCM98CA,24,145.99,住家用,鋼筋混凝土造,82年3月19日,三層,一層 二層 三層 騎樓
RPUNMLOKLHMFFAM88CA,43,98.98,住家用,鋼筋混凝土加強磚造,62年12月28日,二層,一層 二層
RPUNMLOLLHMFFAM98CA,32,100.80,住家用,鋼筋混凝土造,73年8月25日,二層,一層 二層
RPSNMLOKLHMFFAM68CA,27,183.95,住家用,鋼筋混凝土造,79年7月30日,三層,一層 二層 三層
RPOOMLOLLHMFFAM48CA,2,170.67,住家用,鋼筋混凝土造,104年2月16日,四層,一層 二層 三層 四層 陽台
RPRNMLPKLHMFFBM78CA,16,165.21,住家用,鋼筋混凝土造,90年5月9日,三層,一層 二層 三層 陽台 屋頂突出物 騎樓
RPTNMLLLLHMFFBM68CA,25,156.80,住家用,鋼筋混凝土造,80年9月10日,五層,四層 陽台
RPTNMLLLLHMFFBM68CA,25,19.81,梯間,鋼筋混凝土造,80年9月10日,五層,
RPTNMLMLLHMFFBM78CA,23,87.56,住商用,鋼筋混凝土造,83年4月11日,八層,一層 二層 陽台 騎樓
RPTNMLMLLHMFFBM78CA,23,11.69,防空避難室、停車場、機械室、門廳、車道、梯間,鋼筋混凝土造,83年4月11日,八層,
RPSNMLPKLHMFFDM09CA,1,185.76,住家用,鋼筋混凝土造,105年3月23日,三層,一層 二層 三層 陽台
RPQNMLQKLHMFFCM88CA,10,190.71,住家用,鋼筋混凝土造,96年4月18日,四層,一層 二層 三層 四層 陽台
RPPNMLMLLHMFFDM68DA,43,82.82,住家用,鋼筋混凝土加強磚造,63年6月1日,二層,一層 二層 騎樓
RPRNMLLMLHMFFCM68CA,13,74.48,住家用,鋼鐵造有牆,92年10月7日,一層,一層
RPRNMLQKLHMFFCM98CA,23,104.45,集合住宅,鋼筋混凝土造,83年5月26日,五層,一層 平台
RPRNMLQKLHMFFCM98CA,23,35.23,公共設施,鋼筋混凝土造,83年5月26日,五層,
RPVNMLKMLHMFFBM88CA,,66.34,集合住宅,鋼筋混凝土造,105年12月29日,十二層,二層 陽台 雨遮
RPVNMLKMLHMFFBM88CA,,32.11,梯廳、防空避難室兼停車空間、丙梯、停車空間、污水機房、消房機房、昇降機、排煙室、甲梯、緊急升降機、一般及緊急升降機、緊急發電機室、電信室、台電配電室、電錶區、管委會空間、乙梯、丁梯、樓梯間、機械室、水錶室、水箱等２２項。,鋼筋混凝土造,105年12月29日,十二層,
RPTNMLTLLHMFFBM86CA,21,108.98,住家用,鋼筋混凝土造,85年1月12日,十層,六層 陽台
RPTNMLTLLHMFFBM86CA,21,29.26,防空避難室兼停車場、梯間、屋頂突出物,鋼筋混凝土造,85年1月12日,十層,
RPOOMLKMLHMFFBM28CA,,63.00,集合住宅,鋼筋混凝土造,105年12月29日,十二層,三層 陽台 雨遮
RPOOMLKMLHMFFBM28CA,,30.47,梯廳、防空避難室兼停車空間、丙梯、停車空間、污水機房、消房機房、昇降機、排煙室、甲梯、緊急升降機、一般及緊急升降機、緊急發電機室、電信室、台電配電室、電錶區、管委會空間、乙梯、丁梯、樓梯間、機械室、水錶室、水箱等２２項。,鋼筋混凝土造,105年12月29日,十二層,
RPOPMLKMLHMFFBM38CA,,66.34,集合住宅,鋼筋混凝土造,105年12月29日,十二層,六層 陽台 雨遮
RPOPMLKMLHMFFBM38CA,,32.11,梯廳、防空避難室兼停車空間、丙梯、停車空間、污水機房、消房機房、昇降機、排煙室、甲梯、緊急升降機、一般及緊急升降機、緊急發電機室、電信室、台電配電室、電錶區、管委會空間、乙梯、丁梯、樓梯間、機械室、水錶室、水箱等２２項。,鋼筋混凝土造,105年12月29日,十二層,
RPTPMLKMLHMFFBM88CA,,66.34,集合住宅,鋼筋混凝土造,105年12月29日,十二層,八層 陽台 雨遮
RPTPMLKMLHMFFBM88CA,,32.11,梯廳、防空避難室兼停車空間、丙梯、停車空間、污水機房、消房機房、昇降機、排煙室、甲梯、緊急升降機、一般及緊急升降機、緊急發電機室、電信室、台電配電室、電錶區、管委會空間、乙梯、丁梯、樓梯間、機械室、水錶室、水箱等２２項。,鋼筋混凝土造,105年12月29日,十二層,
RPQNMLPJMHMFFBM68CA,,58.42,集合住宅,鋼筋混凝土造,105年12月29日,十二層,一層 陽台
RPQNMLPJMHMFFBM68CA,,61.29,梯廳、防空避難室兼停車空間、丙梯、停車空間、污水機房、消房機房、昇降機、排煙室、甲梯、緊急升降機、一般及緊急升降機、緊急發電機室、電信室、台電配電室、電錶區、管委會空間、乙梯、丁梯、樓梯間、機械室、水錶室、水箱等２２項。,鋼筋混凝土造,105年12月29日,十二層,
RPSNMLPJMHMFFBM88CA,,67.10,集合住宅,鋼筋混凝土造,105年12月29日,十二層,二層 陽台 雨遮
RPSNMLPJMHMFFBM88CA,,65.46,梯廳、防空避難室兼停車空間、丙梯、停車空間、污水機房、消房機房、昇降機、排煙室、甲梯、緊急升降機、一般及緊急升降機、緊急發電機室、電信室、台電配電室、電錶區、管委會空間、乙梯、丁梯、樓梯間、機械室、水錶室、水箱等２２項。,鋼筋混凝土造,105年12月29日,十二層,
RPTNMLPJMHMFFBM98CA,,94.92,集合住宅,鋼筋混凝土造,105年12月29日,十二層,三層 陽台 雨遮
RPTNMLPJMHMFFBM98CA,,78.94,梯廳、防空避難室兼停車空間、丙梯、停車空間、污水機房、消房機房、昇降機、排煙室、甲梯、緊急升降機、一般及緊急升降機、緊急發電機室、電信室、台電配電室、電錶區、管委會空間、乙梯、丁梯、樓梯間、機械室、水錶室、水箱等２２項。,鋼筋混凝土造,105年12月29日,十二層,
RPQNMLKKMHMFFCM38CA,21,50.88,集合住宅,鋼筋混凝土造,84年9月7日,九層,三層 陽台 花台
RPQNMLKKMHMFFCM38CA,21,19.03,公共設施,鋼筋混凝土造,84年9月7日,九層,
RPPOMLPJMHMFFBM68CA,,91.44,集合住宅,鋼筋混凝土造,105年12月29日,十二層,六層 陽台 雨遮
RPPOMLPJMHMFFBM68CA,,77.26,梯廳、防空避難室兼停車空間、丙梯、停車空間、污水機房、消房機房、昇降機、排煙室、甲梯、緊急升降機、一般及緊急升降機、緊急發電機室、電信室、台電配電室、電錶區、管委會空間、乙梯、丁梯、樓梯間、機械室、水錶室、水箱等２２項。,鋼筋混凝土造,105年12月29日,十二層,
RPQOMLPJMHMFFBM78CA,,88.66,集合住宅,鋼筋混凝土造,105年12月29日,十二層,七層 陽台 雨遮
RPQOMLPJMHMFFBM78CA,,75.92,梯廳、防空避難室兼停車空間、丙梯、停車空間、污水機房、消房機房、昇降機、排煙室、甲梯、緊急升降機、一般及緊急升降機、緊急發電機室、電信室、台電配電室、電錶區、管委會空間、乙梯、丁梯、樓梯間、機械室、水錶室、水箱等２２項。,鋼筋混凝土造,105年12月29日,十二層,
RPOOMLPKLHMFFAM48CA,2,265.92,住家用,鋼筋混凝土造,104年4月30日,二層,一層 二層 陽台
RPOOMLPKLHMFFAM48CA,2,2.23,住家用,鋼筋混凝土造,104年4月30日,一層,
RPVOMLPJMHMFFBM66CA,,63.00,集合住宅,鋼筋混凝土造,105年12月29日,十二層,八層 陽台 雨遮
RPVOMLPJMHMFFBM66CA,,63.48,梯廳、防空避難室兼停車空間、丙梯、停車空間、污水機房、消房機房、昇降機、排煙室、甲梯、緊急升降機、一般及緊急升降機、緊急發電機室、電信室、台電配電室、電錶區、管委會空間、乙梯、丁梯、樓梯間、機械室、水錶室、水箱等２２項。,鋼筋混凝土造,105年12月29日,十二層,
RPTNMLNKMHMFFCM98CA,1,211.63,住家用,鋼骨造,105年5月18日,四層,一層 二層 三層 四層 陽台
RPWNMLPKLHMFFAM56CA,1,172.41,住宅、停車空間、樓梯間,鋼筋混凝土造,105年8月8日,三層,一層 二層 三層 陽台 見其他登記事項
RPXNMLKLLHMFFAM88CA,1,219.42,集合住宅、停車空間,鋼筋混凝土造,105年7月26日,四層,一層 二層 三層 四層 陽台
RPUNMLLLLHMFFAM68CA,1,175.21,集合住宅、停車空間,鋼筋混凝土造,105年7月26日,四層,一層 二層 三層 四層 陽台
RPWNMLKLLHMFFAM78CA,1,202.63,集合住宅、停車空間,鋼筋混凝土造,105年7月26日,四層,一層 二層 三層 四層 陽台
RPPNMLRJMHMFFAM68CA,1,251.15,店舖、住宅、停車空間,鋼筋混凝土造,105年6月20日,四層,一層 二層 三層 四層 陽台 見其他登記事項
RPPNMLRLLHMFFAM78CA,38,61.21,住商用,鋼筋混凝土加強磚造,67年11月1日,二層,一層 二層 騎樓
RPRNMLRLLHMFFBM09CA,23,94.35,住家用,鋼筋混凝土造,82年10月29日,十層,八層 陽台 花台
RPRNMLRLLHMFFBM09CA,23,32.65,防空避難室、停車空間、開放空間、梯間、水塔、機械室,鋼筋混凝土造,82年10月29日,十層,
RPQNMLLLLHMFFBM38CA,2,311.14,停車空間、住宅、樓梯間,鋼筋混凝土造,104年4月29日,四層,一層 二層 三層 四層 陽台 見其他登記事項
RPSNMLRLLHMFFBM56CA,30,201.25,住商用,鋼筋混凝土造,76年6月30日,三層,一層 二層 三層 陽台 騎樓
RPXNMLOLLHMFFBM76CA,20,120.01,住家用,鋼筋混凝土造,86年6月30日,三層,一層 二層 三層 陽台 雨遮
RPXNMLOLLHMFFBM76CA,20,.17,管理員室,鋼筋混凝土造,86年6月30日,一層,
RPXNMLOLLHMFFBM76CA,20,35.47,停車空間,鋼筋混凝土造,86年6月30日,地下層,
RPOOMLOLLHMFFBM58CA,24,158.55,住家用,鋼筋混凝土造,82年4月13日,三層,一層 二層 三層 電梯樓梯間 見其他登記事項
RPSNMLKLLHMFFDM68CA,1,185.76,住家用,鋼筋混凝土造,105年3月23日,三層,一層 二層 三層 陽台
RPWNMLQJMHMFFCM86CA,37,19.27,住家用,加強磚造,69年7月3日,一層,一層
RPVNMLRKLHMFFCM86CA,27,215.09,廠房、辦公室、宿舍,鋼筋混凝土造,78年9月9日,三層,一層 二層 三層 騎樓
RPRNMLMLLHMFFDM78CA,,181.60,住宅、樓梯間,鋼筋混凝土造,105年10月27日,三層,一層 二層 三層 陽台 見其他登記事項
RPSNMLLLLHMFFBM58CA,14,213.87,住商用,鋼筋混凝土造,91年11月25日,四層,一層 二層 三層 四層 陽台
RPQNMLKLLHMFFAM18CA,2,196.13,停車空間、樓梯間、住宅,鋼筋混凝土造,104年8月4日,四層,一層 二層 三層 四層 陽台 屋頂突出物
RPSNMLKLLHMFFAM38CA,40,80.32,住家用,鋼筋混凝土加強磚造,66年4月30日,二層,一層 二層
RPPOMLQJMHMFFAM68CA,35,151.68,住商用,鋼筋混凝土加強磚造,71年2月27日,三層,一層 二層 三層 騎樓
RPQOMLPJMHMFFAM68CA,22,93.81,住家用,鋼筋混凝土造,83年11月9日,十六層,六層 陽台
RPQOMLPJMHMFFAM68CA,22,14.22,騎樓、人行道、梯間、避難室、機械室,鋼筋混凝土造,83年11月9日,十六層,
RPUNMLKMLHMFFBM78CA,,62.96,集合住宅,鋼筋混凝土造,105年12月29日,十二層,二層 陽台 雨遮
RPUNMLKMLHMFFBM78CA,,30.47,梯廳、防空避難室兼停車空間、丙梯、停車空間、污水機房、消房機房、昇降機、排煙室、甲梯、緊急升降機、一般及緊急升降機、緊急發電機室、電信室、台電配電室、電錶區、管委會空間、乙梯、丁梯、樓梯間、機械室、水錶室、水箱等２２項。,鋼筋混凝土造,105年12月29日,十二層,
RPVNMLTLLHMFFBM07CA,21,90.69,住家用,鋼筋混凝土造,85年1月12日,十層,七層 陽台
RPVNMLTLLHMFFBM07CA,21,36.85,防空避難室兼停車場、梯間、屋頂突出物,鋼筋混凝土造,85年1月12日,十層,
RPOOMLMKMHMFFAM28CA,,163.07,住家用,鋼筋混凝土造,105年10月6日,四層,一層 二層 三層 四層 陽台
RPPNMLLLLHMFFBM28CA,23,97.42,住家用,鋼筋混凝土造,83年3月16日,九層,二層 陽台 花台
RPPNMLLLLHMFFBM28CA,23,7.14,電梯、樓梯,鋼筋混凝土造,83年3月16日,九層,
RPPNMLLLLHMFFBM28CA,23,40.38,避難室、停車空間、屋頂、水箱、機械室,鋼筋混凝土造,83年3月16日,九層,
RPSNMLOLLHMFFCM98CA,21,88.54,集合住宅,鋼筋混凝土造,85年2月9日,十五層,八層 陽台
RPSNMLOLLHMFFCM98CA,21,16.73,走道、機械房、門廳、騎樓、防空避難室兼停車場、梯間,鋼筋混凝土造,85年2月9日,十五層,
RPSNMLLKMHMFFCM68CA,19,145.18,住家用,鋼筋混凝土造,86年9月15日,三層,一層 二層 三層 陽台 見其他登記事項
RPUNMLNLLHMFFBM98CA,,205.02,住家用,鋼筋混凝土造,105年11月2日,四層,一層 二層 三層 四層 陽台
RPTNMLNLLHMFFBM88CA,,180.61,住家用,鋼筋混凝土造,105年11月2日,四層,一層 二層 三層 四層 陽台
RPQNMLTLLHMFFDM76CA,2,201.36,住宅、樓梯間,鋼筋混凝土造,104年2月11日,三層,一層 二層 三層 屋頂突出物
RPRNMLOLLHMFFBM78CA,24,95.02,住家用,鋼筋混凝土造,82年3月12日,七層,七層 陽台 花台
RPRNMLOLLHMFFBM78CA,24,19.54,地下室、門廳、梯間、機械室、守衛室、水箱、車道,鋼筋混凝土造,82年3月12日,七層,
RPSNMLTLLHMFFDM96CA,2,201.36,住宅、樓梯間,鋼筋混凝土造,104年2月11日,三層,一層 二層 三層 屋頂突出物
RPPNMLNLLHMFFEM78CA,7,202.12,住家用,ＲＣ造,98年12月25日,四層,一層 二層 三層 四層
RPQNMLNLLHMFFBM58CA,42,72.62,住家用,鋼筋混凝土加強磚造,64年3月27日,二層,一層 二層
RPTNMLTLLHMFFAM76CA,22,200.86,住家用,鋼筋混凝土造,84年6月22日,三層,一層 二層 三層 陽台 平台 屋頂突出物 雨遮 地下層
RPTNMLTLLHMFFAM76CA,22,21.81,住家用,鋼筋混凝土造,84年6月22日,三層,
RPTNMLMLLHMFFAM68CA,4,192.81,住宅、樓梯間,鋼筋混凝土造,102年7月17日,三層,一層 二層 三層 屋頂突出物
RPQNMLQLLHMFFAM78CA,31,51.48,住家用,加強磚造,75年7月23日,一層,一層
RPUNMLRJMHMFFAM56CA,23,161.92,住家用,鋼筋混凝土造,82年12月4日,三層,一層 二層 三層 屋頂突出物
RPRNMLQLMHMFFAM98CA,5,236.34,農舍、樓梯間,鋼鐵造有牆、鋼筋混凝土造,101年6月12日,二層,一層 二層 陽台 屋頂突出物
RPSNMLTLLHMFFAM66CA,19,131.84,住家用,鋼筋混凝土造,87年4月20日,三層,一層 二層 三層 陽台
RPXNMLRKMHMFFAM96CA,,182.09,住家用,鋼筋混凝土造,105年10月6日,四層,一層 二層 三層 四層 陽台
RPVNMLRKMHMFFAM76CA,,175.02,住家用,鋼筋混凝土造,105年10月6日,四層,一層 二層 三層 四層 陽台
RPTNMLRKMHMFFAM56CA,,176.05,住家用,鋼筋混凝土造,105年10月6日,四層,一層 二層 三層 四層 陽台
RPUNMLRKMHMFFAM66CA,,176.09,住家用,鋼筋混凝土造,105年10月6日,四層,一層 二層 三層 四層 陽台
RPWNMLRKMHMFFAM86CA,,175.21,住家用,鋼筋混凝土造,105年10月6日,四層,一層 二層 三層 四層 陽台
RPOOMLRKMHMFFAM78CA,,176.05,住家用,鋼筋混凝土造,105年10月6日,四層,一層 二層 三層 四層 陽台
RPSNMLRKMHMFFAM09CA,,176.05,住家用,鋼筋混凝土造,105年10月6日,四層,一層 二層 三層 四層 陽台
RPTNMLOLLHMFFBM98CA,35,161.70,人行道、店舖、住宅,鋼筋混凝土造,71年6月19日,三層,一層 二層 三層 屋頂突出物 騎樓
RPQNMLOLLHMFFBM68CA,23,19.01,住家用,鋼筋混凝土造,83年7月21日,十三層,五層 陽台
RPQNMLOLLHMFFBM68CA,23,10.67,停車場、防空避難室、梯間、走道、水箱、機房,鋼筋混凝土造,83年7月21日,十三層,
RPPNMLOLLHMFFBM58CA,28,122.19,住家用,加強磚造,78年3月14日,二層,一層 二層 夾層
RPUNMLOLLHMFFBM09CA,23,159.35,住商用,鋼筋混凝土造,83年2月7日,四層,一層 二層 三層 四層 陽台 平台
RPQNMLMKMHMFFBM48CA,28,209.90,農舍,加強磚造,78年5月1日,二層,一層 二層 陽台 電梯樓梯間
RPPNMLOLLHMFFDM78CA,31,153.60,住家用,鋼筋混凝土加強磚造,75年3月31日,三層,一層 二層 三層
RPPNMLOLLHMFFDM78CA,31,182.09,住家用,鋼筋混凝土加強磚造,75年3月31日,三層,一層 二層 三層
RPTNMLNLLHMFFDM09CA,1,185.76,住家用,鋼筋混凝土造,105年3月23日,三層,一層 二層 三層 陽台
RPTNMLNLLHMFFCM98CA,36,103.21,住家用,加強磚造,70年4月8日,二層,一層 二層 騎樓
RPQNMLOLLHMFFCM78CA,18,148.37,農舍,鋼筋混凝土加強磚造,87年12月10日,二層,一層 二層 騎樓
RPRNMLOLLHMFFDM98CA,45,294.24,工業用,鋼筋混凝土加強磚造,61年6月1日,一層,一層
RPSOMLKMLHMFFBM68CA,,66.34,集合住宅,鋼筋混凝土造,105年12月29日,十二層,四層 陽台 雨遮
RPSOMLKMLHMFFBM68CA,,32.11,梯廳、防空避難室兼停車空間、丙梯、停車空間、污水機房、消房機房、昇降機、排煙室、甲梯、緊急升降機、一般及緊急升降機、緊急發電機室、電信室、台電配電室、電錶區、管委會空間、乙梯、丁梯、樓梯間、機械室、水錶室、水箱等２２項。,鋼筋混凝土造,105年12月29日,十二層,
RPOOMLPJMHMFFBM58CA,,88.66,集合住宅,鋼筋混凝土造,105年12月29日,十二層,六層 陽台 雨遮
RPOOMLPJMHMFFBM58CA,,75.92,梯廳、防空避難室兼停車空間、丙梯、停車空間、污水機房、消房機房、昇降機、排煙室、甲梯、緊急升降機、一般及緊急升降機、緊急發電機室、電信室、台電配電室、電錶區、管委會空間、乙梯、丁梯、樓梯間、機械室、水錶室、水箱等２２項。,鋼筋混凝土造,105年12月29日,十二層,
RPROMLPJMHMFFBM88CA,,63.00,集合住宅,鋼筋混凝土造,105年12月29日,十二層,七層 陽台 雨遮
RPROMLPJMHMFFBM88CA,,63.48,梯廳、防空避難室兼停車空間、丙梯、停車空間、污水機房、消房機房、昇降機、排煙室、甲梯、緊急升降機、一般及緊急升降機、緊急發電機室、電信室、台電配電室、電錶區、管委會空間、乙梯、丁梯、樓梯間、機械室、水錶室、水箱等２２項。,鋼筋混凝土造,105年12月29日,十二層,
RPWOMLPJMHMFFBM76CA,,88.66,集合住宅,鋼筋混凝土造,105年12月29日,十二層,九層 陽台 雨遮
RPWOMLPJMHMFFBM76CA,,75.92,梯廳、防空避難室兼停車空間、丙梯、停車空間、污水機房、消房機房、昇降機、排煙室、甲梯、緊急升降機、一般及緊急升降機、緊急發電機室、電信室、台電配電室、電錶區、管委會空間、乙梯、丁梯、樓梯間、機械室、水錶室、水箱等２２項。,鋼筋混凝土造,105年12月29日,十二層,
RPTNMLRLLHMFFBM66CA,35,149.59,住商用,鋼筋混凝土加強磚造,71年8月4日,二層,一層 二層
RPUOMLPJMHMFFBM56CA,,67.10,集合住宅,鋼筋混凝土造,105年12月29日,十二層,八層 陽台 雨遮
RPUOMLPJMHMFFBM56CA,,65.46,梯廳、防空避難室兼停車空間、丙梯、停車空間、污水機房、消房機房、昇降機、排煙室、甲梯、緊急升降機、一般及緊急升降機、緊急發電機室、電信室、台電配電室、電錶區、管委會空間、乙梯、丁梯、樓梯間、機械室、水錶室、水箱等２２項。,鋼筋混凝土造,105年12月29日,十二層,
RPSNMLLMLHMFFAM58CA,20,96.22,住家用,鋼筋混凝土造,85年11月21日,十一層,四層 陽台
RPSNMLLMLHMFFAM58CA,20,22.06,避難室、停車空間,鋼筋混凝土造,85年11月21日,十一層,
RPSNMLLMLHMFFAM58CA,20,10.13,梯間,鋼筋混凝土造,85年11月21日,十一層,
RPOPMLPJMHMFFBM68CA,,88.66,集合住宅,鋼筋混凝土造,105年12月29日,十二層,十一層 陽台 雨遮
RPOPMLPJMHMFFBM68CA,,75.92,梯廳、防空避難室兼停車空間、丙梯、停車空間、污水機房、消房機房、昇降機、排煙室、甲梯、緊急升降機、一般及緊急升降機、緊急發電機室、電信室、台電配電室、電錶區、管委會空間、乙梯、丁梯、樓梯間、機械室、水錶室、水箱等２２項。,鋼筋混凝土造,105年12月29日,十二層,
RPTNMLRJMHMFFAM09CA,,216.03,住家用,鋼筋混凝土造,105年11月1日,四層,一層 二層 三層 四層 陽台
RPQNMLTKMHMFFDM86DA,13,151.11,住家用,鋼筋混凝土造,93年2月5日,三層,一層 二層 三層 陽台 屋頂突出物
RPPNMLOLLHMFFEM88CA,47,188.13,住家用,鋼筋混凝土加強磚造,59年2月5日,二層,一層 二層 騎樓
RPSNMLRKMHMFFDM86DA,24,184.73,住家用,鋼筋混凝土造,82年5月26日,四層,一層 二層 三層 四層 見其他登記事項
RPSNMLRKMHMFFDM86DA,23,32.65,貯藏室,鋼筋混凝土造,82年8月12日,地下層,
RPPNMLTKMHMFFDM76DA,13,151.11,住家用,鋼筋混凝土造,93年2月5日,三層,一層 二層 三層 陽台 屋頂突出物
RPROMLTKMHMFFAM66CA,4,41.48,店舖,鋼鐵造有牆,101年10月19日,一層,一層
RPWNMLRKMHMFFBM17EA,22,59.12,住家用,鋼筋混凝土造,83年11月7日,十三層,十二層 陽台
RPWNMLRKMHMFFBM17EA,22,19.35,防空避難室、梯間、機械室、水箱,鋼筋混凝土造,83年11月7日,十三層,
RPRNMLTLLHMFFAM56CA,19,85.48,集合住宅,鋼筋混凝土造,86年9月19日,十四層,五層 陽台
RPRNMLTLLHMFFAM56CA,19,21.20,水箱受電室、機房、梯廳、走道、防空避難室,鋼筋混凝土造,86年9月19日,十四層,
RPRNMLTLLHMFFAM56CA,19,15.27,停車空間,鋼筋混凝土造,86年9月19日,十四層,
RPWNMLTLLHMFFAM07CA,23,99.53,住家用,鋼筋混凝土造,82年11月15日,三層,一層 二層 三層 陽台 平台 花台
RPRNMLSJMHMFFBM09CA,37,143.04,住家用,鋼筋混凝土造,69年1月1日,三層,一層 二層 陽台 騎樓
RPRNMLKKMHMFFBM38CA,25,23.45,住家用,鋼筋混凝土造,80年9月20日,九層,九層 陽台
RPRNMLKKMHMFFBM38CA,25,8.66,梯間、通道、機房、水箱,鋼筋混凝土造,80年9月20日,九層,
RPRNMLKKMHMFFBM38CA,25,4.71,避難室、梯間、變電室、水箱、機械室,鋼筋混凝土造,80年9月20日,十一層,
RPPNMLKLLHMFFDM48DA,13,151.11,住家用,鋼筋混凝土造,93年2月5日,三層,一層 二層 三層 陽台 屋頂突出物
RPQNMLLLLHMFFDM68DA,13,151.11,住家用,鋼筋混凝土造,93年2月5日,三層,一層 二層 三層 陽台 屋頂突出物
RPRNMLSLLHMFFBM56CA,16,84.60,住家用,鋼筋混凝土造,89年10月7日,三層,一層 二層 三層
RPUNMLRLLHMFFBM76CA,38,92.96,住家用,鋼筋混凝土加強磚造,68年3月14日,二層,一層 二層
RPTNMLKMLHMFFCM78CA,45,72.50,住家用,磚造,61年1月1日,一層,一層
RPRNMLMKMHMFFCM68CA,36,18.21,住家用,加強磚造,70年1月23日,一層,一層
RPSNMLKMLHMFFCM68CA,25,155.02,住家用,鋼筋混凝土造,80年10月8日,四層,一層 二層 三層 四層
RPPNMLOLMHMFFCM78CA,21,86.32,集合住宅,鋼筋混凝土造,84年10月2日,七層,五層 陽台
RPPNMLOLMHMFFCM78CA,21,26.17,公共設施,鋼筋混凝土造,84年10月2日,七層,
RPVOMLNKMHMFFCM66CA,21,78.21,集合住宅,鋼筋混凝土造,84年11月22日,十二層,三層 陽台 花台
RPVOMLNKMHMFFCM66CA,21,18.26,門廳、梯間、水塔、牌樓、停車空間兼防空避難室、機械房,鋼筋混凝土造,84年11月22日,十二層,
RPUOMLNKMHMFFCM56CA,37,158.84,住商用,鋼筋混凝土造,68年10月23日,三層,一層 二層 三層 騎樓
RPSNMLLMLHMFFCM78CA,40,47.70,住家用,加強磚造,66年4月9日,一層,一層
RPQNMLQKMHMFFCM98CA,22,27.03,集合住宅,鋼筋混凝土造,83年10月13日,十二層,十二層 花台
RPQNMLQKMHMFFCM98CA,22,16.77,避難室、停車場、梯間、走廊、門廳、騎樓、車道、屋頂突出物、管道間,鋼筋混凝土造,83年10月13日,十二層,
RPPNMLSLLHMFFBM98CA,28,179.48,住商用,鋼筋混凝土造,78年5月10日,三層,一層 二層 三層 陽台 騎樓
RPQNMLSLLHMFFBM09CA,9,160.81,住家用,鋼筋混凝土造,97年6月19日,四層,一層 二層 三層 四層 陽台
RPPNMLTJNHMFFDM66CA,,290.15,住家用,鋼筋混凝土造,105年10月27日,四層,一層 二層 三層 四層 陽台
RPPNMLNKMHMFFBM48CA,1,208.55,住宅、梯間,鋼筋混凝土造,104年7月14日,三層,一層 二層 三層 陽台 見其他登記事項
RPSOMLKMLHMFFAM58CA,1,246.69,住宅、樓梯間,鋼筋混凝土造,105年3月31日,三層,一層 二層 三層 陽台 屋頂突出物
RPXNMLKMLHMFFAM98CA,37,102.42,住商用,鋼筋混凝土加強磚造,69年6月4日,二層,一層 二層
RPRNMLLMLHMFFBM58CA,43,83.70,住商用,鋼筋混凝土加強磚造,63年6月22日,二層,一層 二層 騎樓
RPPNMLSLLHMFFCM56DA,23,195.89,集合住宅,鋼筋混凝土造,83年7月7日,十三層,十三層 陽台 花台
RPPNMLSLLHMFFCM56DA,23,79.61,避難室兼停車場、門、梯間、突出物、機械房、水箱,鋼筋混凝土造,83年7月7日,十三層,
RPVNMLRJMHMFFAM66CA,36,82.17,住家用,鋼筋混凝土加強磚造,70年4月29日,二層,一層 二層 騎樓
RPPNMLTLLHMFFAM98CA,18,76.63,住家用,鋼筋混凝土造,88年2月12日,十二層,六層 陽台
RPQNMLKMLHMFFDM58CA,33,137.94,住商用,鋼筋混凝土加強磚造,73年1月25日,三層,一層 二層 三層 騎樓
RPPNMLSJMHMFFDM09CA,10,133.22,住家用,鋼筋混凝土造,96年4月13日,二層,一層 二層 陽台 雨遮
RPQNMLTLLHMFFCM66CA,,56.64,住家用,磚石造,,一層,一層
RPSNMLQJMHMFFAM88CA,22,130.43,住家用,鋼筋混凝土造,83年9月7日,三層,一層 二層 三層
RPUNMLRKMHMFFCM86CA,21,172.46,住家用,鋼筋混凝土造,84年9月14日,四層,一層 二層 三層 四層 陽台 平台 露台 花台
RPTNMLQJMHMFFAM98CA,1,388.36,住家用,鋼筋混凝土造,105年7月18日,五層,一層 二層 三層 四層 五層 陽台
RPSNMLSKMHMFFCM76CA,37,19.27,住家用,加強磚造,69年7月3日,一層,一層
RPVNMLQJMHMFFAM56CA,1,382.92,住家用,鋼筋混凝土造,105年7月18日,五層,一層 二層 三層 四層 五層 陽台
RPTNMLPJMHMFFCM09CA,20,176.77,住商用,鋼筋混凝土造,85年9月18日,四層,一層 二層 三層 四層 陽台 平台 雨遮
RPVNMLQJMHMFFCM76CA,37,16.66,住家用,加強磚造,69年7月3日,一層,一層
RPQNMLTKMHMFFBM56CA,12,151.70,住家用,鋼筋混凝土造,93年12月22日,三層,一層 二層 三層 陽台 電梯樓梯間
RPPNMLMKMHMFFDM58CA,10,133.22,住家用,鋼筋混凝土造,96年4月13日,二層,一層 二層 陽台 雨遮
RPRPMLPJMHMFFBM98CA,21,51.40,住家用,鋼筋混凝土造,84年9月27日,十二層,十二層 陽台 花台
RPRPMLPJMHMFFBM98CA,21,17.01,停車空間、防空避難室、水塔、管理室、梯間、走道、機械室、門廳,鋼筋混凝土造,84年9月27日,十二層,
RPTNMLLMLHMFFBM78CA,6,242.02,住宅、樓梯間,鋼筋混凝土造,99年11月30日,三層,一層 二層 三層 陽台 屋頂突出物 雨遮
RPQQMLKMLHMFFBM68CA,23,62.07,住家用,鋼筋混凝土造,83年1月17日,十二層,十二層
RPQQMLKMLHMFFBM68CA,23,30.18,防空避難室、梯間、門廳、機械室、水箱,鋼筋混凝土造,83年1月17日,十二層,
SPQQMLKMLHMFFBM78CA,23,56.75,住家用,鋼筋混凝土造,83年1月17日,十二層,十二層 陽台
SPQQMLKMLHMFFBM78CA,23,27.17,防空避難室、梯間、門廳、機械室、水箱,鋼筋混凝土造,83年1月17日,十二層,
TPQQMLKMLHMFFBM88CA,23,62.07,住家用,鋼筋混凝土造,83年1月17日,十二層,十二層
TPQQMLKMLHMFFBM88CA,23,30.18,防空避難室、梯間、門廳、機械室、水箱,鋼筋混凝土造,83年1月17日,十二層,
UPQQMLKMLHMFFBM98CA,23,65.85,住家用,鋼筋混凝土造,83年1月17日,十二層,十二層 陽台
UPQQMLKMLHMFFBM98CA,23,29.43,防空避難室、梯間、門廳、機械室、水箱,鋼筋混凝土造,83年1月17日,十二層,
RPRNMLTLLHMFFBM66CA,,198.81,店舖、住宅、水箱間,鋼筋混凝土造,105年11月24日,三層,一層 二層 三層 陽台 見其他登記事項
RPQNMLRJMHMFFAM78CA,1,179.02,住家用,鋼筋混凝土造,105年6月20日,四層,一層 二層 三層 四層 陽台
RPPOMLRKMHMFFAM88CA,,175.95,住家用,鋼筋混凝土造,105年10月6日,四層,一層 二層 三層 四層 陽台
RPSOMLPKMHMFFAM98CA,,175.52,集合住宅、停車空間,鋼筋混凝土造,105年12月28日,三層,一層 二層 三層 陽台
RPWNMLOKMHMFFAM56CA,2,266.20,人行道、店舖、住宅,鋼筋混凝土造,102年10月4日,四層,一層 二層 三層 四層 陽台 騎樓 雨遮
RPPNMLRKMHMFFBM98DA,6,12.00,農舍,鋼鐵造有牆,100年5月12日,一層,一層
RPVOMLPKMHMFFAM66CA,1,161.35,集合住宅,鋼筋混凝土造,105年7月26日,三層,一層 二層 三層 陽台
RPXOMLPKMHMFFAM86CA,1,241.91,集合住宅、停車空間,鋼筋混凝土造,105年7月26日,四層,一層 二層 三層 四層 陽台
RPQOMLKMLHMFFAM38CA,27,115.15,住家用,鋼筋混凝土造,78年11月8日,二層,一層 二層 騎樓
RPWNMLPJMHMFFAM56CA,20,124.95,住商用,鋼筋混凝土造,85年11月21日,十一層,一層 二層 陽台 騎樓
RPWNMLPJMHMFFAM56CA,20,11.10,避難室、停車空間,鋼筋混凝土造,85年11月21日,十一層,
RPSNMLLMLHMFFBM68CA,24,55.04,住家用,鋼筋混凝土造,82年5月27日,七層,二層 陽台 花台
RPSNMLLMLHMFFBM68CA,24,11.08,防空避難室、停車場、穿透走廊,鋼筋混凝土造,82年5月27日,七層,
RPSNMLLMLHMFFBM68CA,24,8.95,門廳、梯間、機械室、水塔,鋼筋混凝土造,82年5月27日,七層,
RPTNMLKKMHMFFBM58CA,42,72.74,住家用,鋼筋混凝土加強磚造,64年6月30日,一層,一層
RPPNMLKKMHMFFCM28CA,37,201.45,住商用,鋼筋混凝土造,69年7月11日,三層,一層 二層 三層 騎樓
RPUQMLKMLHMFFBM09CA,36,87.29,住家用,加強磚造,69年12月30日,二層,一層 二層 陽台
RPQOMLPKMHMFFAM78CA,,175.52,集合住宅、停車空間,鋼筋混凝土造,105年12月28日,三層,一層 二層 三層 陽台
VPQQMLKMLHMFFBM09CA,23,65.85,住家用,鋼筋混凝土造,83年1月17日,十二層,十二層 陽台
VPQQMLKMLHMFFBM09CA,23,29.43,防空避難室、梯間、門廳、機械室、水箱,鋼筋混凝土造,83年1月17日,十二層,
RPTNMLQJMHMFFDM66CA,24,139.06,農舍,加強磚造,82年4月14日,二層,一層 二層 陽台 騎樓
RPQNMLKKMHMFFDM48CA,,181.60,住宅、樓梯間,鋼筋混凝土造,105年10月27日,三層,一層 二層 三層 陽台 見其他登記事項
RPUNMLRJMHMFFBM66CA,34,180.67,住商用,鋼筋混凝土造,72年4月25日,二層,一層 二層 騎樓
RPQPMLPJMHMFFBM88CA,13,112.66,集合住宅,鋼筋混凝土造,93年2月5日,七層,一層 陽台
RPQPMLPJMHMFFBM88CA,13,66.33,防空避難室兼停車空間、梯間、社區活動室、機械室、水箱,鋼筋混凝土造,93年2月5日,七層,
RPRNMLQJMHMFFAM78CA,21,107.84,農舍,鋼造,84年1月25日,一層,一層
RPRNMLRJMHMFFAM88CA,1,182.00,住家用,鋼筋混凝土造,105年6月20日,四層,一層 二層 三層 四層 陽台
RPQNMLKKMHMFFEM58CA,16,122.10,住家用,鋼骨造,90年3月14日,一層,一層
RPPNMLPJMHMFFAM58DA,12,87.61,住家用,鋼筋混凝土造,93年12月28日,十二層,七層 陽台
RPPNMLPJMHMFFAM58DA,12,15.04,住家用,鋼筋混凝土造,93年12月28日,十二層,
RPPNMLPJMHMFFAM58DA,12,10.38,電梯樓梯間、梯間,鋼筋混凝土造,93年12月28日,十二層,
RPQNMLKLMHMFFCM48CA,21,76.03,集合住宅,鋼筋混凝土造,84年11月22日,十二層,十二層 陽台
RPQNMLKLMHMFFCM48CA,21,32.32,門廳、梯間、水塔、牌樓、停車空間兼防空避難室、機械房,鋼筋混凝土造,84年11月22日,十二層,
RPQNMLLLMHMFFCM58CA,14,101.11,農舍,鋼骨造有牆,91年12月5日,一層,一層
RPVNMLKLMHMFFAM78CA,7,196.08,住家用,鋼筋混凝土造,99年1月22日,四層,一層 二層 三層 四層 陽台 屋頂突出物 雨遮
RPPNMLQLMHMFFDM09CA,,181.60,住宅、樓梯間,鋼筋混凝土造,105年10月27日,三層,一層 二層 三層 陽台 見其他登記事項
RPSOMLTKMHMFFAM76CA,16,137.33,住家用,鋼骨鋼筋混凝土造,90年8月29日,三層,一層 二層 三層 陽台
RPTOMLTKMHMFFAM86CA,16,124.58,住家用,鋼骨鋼筋混凝土造,90年8月29日,三層,一層 二層 三層 陽台
RPUOMLTKMHMFFAM96CA,16,121.29,住家用,鋼骨鋼筋混凝土造,90年8月29日,三層,一層 二層 三層 陽台
RPQOMLRKMHMFFAM98CA,,160.16,住家用,鋼筋混凝土造,105年10月6日,四層,一層 二層 三層 四層 陽台
RPPNMLTKMHMFFAM98CA,25,93.55,住家用,鋼筋混凝土造,81年8月6日,五層,二層 陽台
RPPNMLTKMHMFFAM98CA,25,6.61,公共設施,鋼筋混凝土造,81年8月6日,五層,
RPTPMLPJMHMFFBM56CA,36,208.74,住家用,鋼筋混凝土造,69年9月30日,三層,一層 二層 三層
RPSNMLQJMHMFFDM56CA,19,105.56,住家、梯間,鋼筋混凝土造,87年6月10日,二層,一層 二層 電梯樓梯間
RPWNMLPLMHMFFAM76CA,12,199.05,住商用,鋼筋混凝土造,93年11月17日,三層,一層 二層 三層 陽台 平台 屋頂突出物 騎樓
RPROMLPJMHMFFCM98CA,31,90.39,住家用,鋼筋混凝土造,75年5月6日,二層,一層 二層
RPTNMLQJMHMFFCM56CA,1,163.59,住宅、樓梯間,鋼筋混凝土造,105年7月19日,二層,一層 二層 陽台 見其他登記事項
RPUNMLPLMHMFFBM66CA,36,104.22,住家用,鋼筋混凝土加強磚造,69年12月1日,二層,一層 二層
RPQNMLPLMHMFFBM88CA,1,186.38,住宅、樓梯間,鋼筋混凝土造,104年10月30日,三層,一層 二層 三層 陽台 見其他登記事項
RPRNMLQLNHMFFEM86CA,32,133.76,住家用,鋼筋混凝土加強磚造,73年10月29日,二層,一層 二層
RPPOMLNJNHMFFBM58CA,,67.10,集合住宅,鋼筋混凝土造,105年12月29日,十二層,九層 陽台 雨遮
RPPOMLNJNHMFFBM58CA,,32.45,梯廳、防空避難室兼停車空間、丙梯、停車空間、污水機房、消房機房、昇降機、排煙室、甲梯、緊急升降機、一般及緊急升降機、緊急發電機室、電信室、台電配電室、電錶區、管委會空間、乙梯、丁梯、樓梯間、機械室、水錶室、水箱等２２項。,鋼筋混凝土造,105年12月29日,十二層,
RPQOMLNJNHMFFBM68CA,,94.92,集合住宅,鋼筋混凝土造,105年12月29日,十二層,十層 陽台 雨遮
RPQOMLNJNHMFFBM68CA,,78.94,梯廳、防空避難室兼停車空間、丙梯、停車空間、污水機房、消房機房、昇降機、排煙室、甲梯、緊急升降機、一般及緊急升降機、緊急發電機室、電信室、台電配電室、電錶區、管委會空間、乙梯、丁梯、樓梯間、機械室、水錶室、水箱等２２項。,鋼筋混凝土造,105年12月29日,十二層,
RPSNMLLKMHMFFDM78CA,1,185.76,住家用,鋼筋混凝土造,105年3月23日,三層,一層 二層 三層 陽台
RPROMLNJNHMFFBM78CA,,94.50,集合住宅,鋼筋混凝土造,105年12月29日,十二層,十一層 陽台 雨遮
RPROMLNJNHMFFBM78CA,,78.72,梯廳、防空避難室兼停車空間、丙梯、停車空間、污水機房、消房機房、昇降機、排煙室、甲梯、緊急升降機、一般及緊急升降機、緊急發電機室、電信室、台電配電室、電錶區、管委會空間、乙梯、丁梯、樓梯間、機械室、水錶室、水箱等２２項。,鋼筋混凝土造,105年12月29日,十二層,
RPPNMLKLMHMFFBM28CA,2,236.40,住家用,鋼筋混凝土造,104年5月25日,四層,一層 二層 三層 四層 陽台
RPRNMLNKMHMFFBM68CA,26,24.36,辦公室、停車空間,鋼筋混凝土造,80年9月20日,十一層,地下層
RPRNMLNKMHMFFBM68CA,26,20.38,避難室、梯間、變電室、水箱、機械室,鋼筋混凝土造,80年9月20日,十一層,
RPXNMLSJMHMFFBM07CA,3,195.93,住宅、樓梯間,鋼筋混凝土造,103年8月11日,三層,一層 二層 三層 陽台 見其他登記事項
RPOOMLPKMHMFFAM58CA,1,147.96,集合住宅,鋼筋混凝土造,105年7月26日,三層,一層 二層 三層 陽台
RPOOMLRJMHMFFAM68CA,27,177.64,住商用,鋼筋混凝土造,79年2月6日,三層,一層 二層 三層 騎樓
RPRNMLPKMHMFFAM78CA,1,202.63,集合住宅、停車空間,鋼筋混凝土造,105年7月26日,四層,一層 二層 三層 四層 陽台
RPUNMLNJNHMFFBM98CA,,88.66,集合住宅,鋼筋混凝土造,105年12月29日,十二層,三層 陽台 雨遮
RPUNMLNJNHMFFBM98CA,,42.91,梯廳、防空避難室兼停車空間、丙梯、停車空間、污水機房、消房機房、昇降機、排煙室、甲梯、緊急升降機、一般及緊急升降機、緊急發電機室、電信室、台電配電室、電錶區、管委會空間、乙梯、丁梯、樓梯間、機械室、水錶室、水箱等２２項。,鋼筋混凝土造,105年12月29日,十二層,
RPOOMLNJNHMFFBM48CA,,66.34,集合住宅,鋼筋混凝土造,105年12月29日,十二層,七層 陽台 雨遮
RPOOMLNJNHMFFBM48CA,,65.12,梯廳、防空避難室兼停車空間、丙梯、停車空間、污水機房、消房機房、昇降機、排煙室、甲梯、緊急升降機、一般及緊急升降機、緊急發電機室、電信室、台電配電室、電錶區、管委會空間、乙梯、丁梯、樓梯間、機械室、水錶室、水箱等２２項。,鋼筋混凝土造,105年12月29日,十二層,
RPWNMLNJNHMFFBM56CA,,91.44,集合住宅,鋼筋混凝土造,105年12月29日,十二層,五層 陽台 雨遮
RPWNMLNJNHMFFBM56CA,,77.26,梯廳、防空避難室兼停車空間、丙梯、停車空間、污水機房、消房機房、昇降機、排煙室、甲梯、緊急升降機、一般及緊急升降機、緊急發電機室、電信室、台電配電室、電錶區、管委會空間、乙梯、丁梯、樓梯間、機械室、水錶室、水箱等２２項。,鋼筋混凝土造,105年12月29日,十二層,
RPVNMLNJNHMFFBM09CA,,67.10,集合住宅,鋼筋混凝土造,105年12月29日,十二層,三層 陽台 雨遮
RPVNMLNJNHMFFBM09CA,,32.45,梯廳、防空避難室兼停車空間、丙梯、停車空間、污水機房、消房機房、昇降機、排煙室、甲梯、緊急升降機、一般及緊急升降機、緊急發電機室、電信室、台電配電室、電錶區、管委會空間、乙梯、丁梯、樓梯間、機械室、水錶室、水箱等２２項。,鋼筋混凝土造,105年12月29日,十二層,
RPXNMLNJNHMFFBM66CA,,63.00,集合住宅,鋼筋混凝土造,105年12月29日,十二層,五層 陽台 雨遮
RPXNMLNJNHMFFBM66CA,,63.48,梯廳、防空避難室兼停車空間、丙梯、停車空間、污水機房、消房機房、昇降機、排煙室、甲梯、緊急升降機、一般及緊急升降機、緊急發電機室、電信室、台電配電室、電錶區、管委會空間、乙梯、丁梯、樓梯間、機械室、水錶室、水箱等２２項。,鋼筋混凝土造,105年12月29日,十二層,
RPTNMLNJNHMFFBM88CA,,61.95,集合住宅,鋼筋混凝土造,105年12月29日,十二層,一層 陽台
RPTNMLNJNHMFFBM88CA,,30.04,梯廳、防空避難室兼停車空間、丙梯、停車空間、污水機房、消房機房、昇降機、排煙室、甲梯、緊急升降機、一般及緊急升降機、緊急發電機室、電信室、台電配電室、電錶區、管委會空間、乙梯、丁梯、樓梯間、機械室、水錶室、水箱等２２項。,鋼筋混凝土造,105年12月29日,十二層,
RPPNMLPLMHMFFAM68CA,1,244.90,店舖、住宅,鋼筋混凝土造,105年6月20日,四層,一層 二層 三層 四層 陽台 見其他登記事項
RPPNMLMKMHMFFBM38CA,,204.99,住家用,鋼筋混凝土造,105年11月2日,四層,一層 二層 三層 四層 陽台
RPUOMLRKMHMFFAM76CA,38,89.59,住宅、屋突,加強磚造,67年10月9日,二層,一層 二層 屋頂突出物
RPVOMLRKMHMFFAM86CA,37,108.45,住商用,鋼筋混凝土造,69年6月16日,二層,一層 二層
RPQNMLNKMHMFFDM78CA,36,174.96,住家用,鋼筋混凝土造,69年12月15日,二層,一層 二層 陽台 騎樓
RPTNMLLKMHMFFDM88CA,1,185.76,住家用,鋼筋混凝土造,105年3月23日,三層,一層 二層 三層 陽台
RPTNMLLKMHMFFCM78CA,35,84.87,店舖、住宅、人行道,鋼筋混凝土造,71年8月23日,二層,一層 二層 陽台 騎樓
RPUNMLLKMHMFFCM88CA,1,269.94,人行道、住宅,鋼筋混凝土造,104年11月30日,四層,一層 二層 三層 四層 陽台 騎樓
RPPNMLQLNHMFFCM56DA,36,62.67,住家用,加強磚造,70年8月12日,二層,一層 二層
RPQNMLKKMHMFFAM18CA,35,67.45,住家用,鋼筋混凝土加強磚造,71年8月21日,四層,一層
RPQNMLKKMHMFFAM18CA,35,67.45,住家用,鋼筋混凝土加強磚造,71年8月21日,四層,二層
RPQNMLKKMHMFFAM18CA,35,67.45,住家用,鋼筋混凝土加強磚造,71年8月21日,四層,三層
RPQNMLKKMHMFFAM18CA,35,67.45,住家用,鋼筋混凝土加強磚造,71年8月21日,四層,四層
RPWNMLMKMHMFFAM98CA,22,133.89,住家用,鋼筋混凝土造,83年9月30日,三層,一層 二層 三層 陽台 花台 夾層
RPTNMLPKMHMFFAM98CA,,181.45,集合住宅、停車空間,鋼筋混凝土造,105年12月28日,三層,一層 二層 三層 陽台
RPVNMLPKMHMFFAM56CA,,180.91,集合住宅、停車空間,鋼筋混凝土造,105年12月28日,三層,一層 二層 三層 陽台
RPQNMLMKMHMFFAM38CA,38,180.39,住商用,鋼筋混凝土加強磚造,68年4月13日,四層,一層 二層 三層 四層 騎樓
RPTOMLRKMHMFFAM66CA,1,194.99,住家用,鋼筋混凝土造,105年5月18日,四層,一層 二層 三層 四層 陽台
RPXNMLMKMHMFFBM56CA,13,105.09,集合住宅,鋼筋混凝土造,93年3月22日,七層,七層 陽台
RPXNMLMKMHMFFBM56CA,13,61.21,社區活動室、梯廳、梯間、防空避難室兼停車空間、機械室、水箱,鋼筋混凝土造,93年3月22日,七層,
RPPNMLNLMHMFFAM48CA,42,145.65,住商用,鋼筋混凝土加強磚造,63年12月17日,三層,一層 二層 三層
RPQNMLOLMHMFFBM78CA,28,119.84,住家用,加強磚造,78年6月5日,二層,一層 二層
RPSNMLRLMHMFFCM76CA,1,272.88,人行道、住宅,鋼筋混凝土造,104年11月30日,四層,一層 二層 三層 四層 陽台 騎樓
RPQNMLMKMHMFFCM58CA,5,12.00,農舍,鋼鐵造有牆,101年6月20日,一層,一層
RPQNMLRLMHMFFBM09CA,23,101.71,住家用,鋼筋混凝土造,83年3月10日,七層,六層 陽台
RPQNMLRLMHMFFBM09CA,23,41.95,防空避難室、停車間、機械室、水塔、梯間,鋼筋混凝土造,83年3月10日,七層,
RPTNMLMKMHMFFCM88CA,18,125.79,住宅,鋼筋混凝土造,87年10月19日,三層,一層 二層 三層 陽台
RPUNMLNKMHMFFCM09CA,13,155.29,住家用,鋼骨造,93年8月18日,三層,一層 二層 三層 陽台 平台
RPWNMLOKMHMFFCM76CA,19,270.34,住家用,鋼筋混凝土造,87年4月22日,四層,一層 二層 三層 四層 陽台 地下層
RPRNMLTKMHMFFDM86CA,24,179.30,住家用,鋼筋混凝土造,82年3月19日,四層,一層 二層 三層 四層
RPXNMLRLMHMFFCM27CA,2,383.82,住宅、門廊,鋼筋混凝土造,103年9月23日,五層,一層 二層 三層 四層 五層 陽台
RPWNMLNLOHMFFAM76CA,13,213.01,商業用,鋼骨造,93年2月27日,一層,一層
RPXNMLSKMHMFFCM27CA,19,23.78,農舍,見其他登記事項,87年9月17日,一層,一層
RPXNMLSKMHMFFCM27CA,19,23.78,農舍,見其他登記事項,87年9月17日,一層,一層
RPUNMLOKMHMFFAM98CA,23,82.90,住家用,鋼筋混凝土造,82年11月10日,十四層,六層 陽台
RPUNMLOKMHMFFAM98CA,23,10.42,梯間、水塔、機械室,鋼筋混凝土造,82年11月10日,十四層,
RPUNMLOKMHMFFAM98CA,23,8.97,避難室、開放空間、停車空間,鋼筋混凝土造,82年11月10日,十四層,
RPSOMLOLNHMFFAM09CA,4,93.81,農舍,鋼鐵造有牆,102年7月2日,一層,一層
RPTOMLOLNHMFFAM56CA,38,122.18,住商用,鋼筋混凝土加強磚造,67年11月27日,三層,一層 二層 三層 騎樓
RPQNMLNJNHMFFBM58CA,23,83.33,住家用,鋼筋混凝土造,82年11月24日,七層,六層 陽台 花台
RPQNMLNJNHMFFBM58CA,23,27.62,防空避難室、停車空間、水箱、管理室、昇降機、梯間、機械室,鋼筋混凝土造,82年11月24日,七層,
RPUOMLOLNHMFFAM66CA,23,228.04,貯藏室、住宅,鋼筋混凝土造,82年11月26日,三層,一層 二層 三層 屋頂突出物 地下層
RPPNMLLJNHMFFDM48CA,2,253.21,住宅、水箱間,鋼筋混凝土造,104年5月25日,三層,一層 二層 三層 陽台 屋頂突出物
RPPNMLLJNHMFFAM18CA,23,178.21,住家用,鋼筋混凝土造,83年3月31日,四層,一層 二層 三層 四層 陽台 平台 花台
RPPNMLLJNHMFFAM18CA,23,27.64,住宅、避難,鋼筋混凝土造,83年3月31日,四層,
RPTNMLOKMHMFFCM09CA,35,65.95,住家用,鋼筋混凝土造,71年2月27日,二層,一層 二層
RPQNMLSKMHMFFCM56CA,21,178.56,住家用,鋼筋混凝土造,84年12月21日,三層,一層 二層 三層 屋頂突出物
RPPNMLRKMHMFFCM98CA,23,110.69,集合住宅,鋼筋混凝土造,83年7月8日,十二層,三層 陽台 花台
RPPNMLRKMHMFFCM98CA,23,16.11,避難室兼停車場、樓梯、門廳、騎樓、梯間、機械房、水箱、平台、瞭望台,鋼筋混凝土造,83年7月8日,十二層,
RPRNMLRKMHMFFCM56CA,30,92.58,住家用,鋼筋混凝土加強磚造,76年2月25日,二層,一層 二層
RPUNMLTKNHMFFBM07CA,42,81.21,農舍,鋼筋混凝土加強磚造,64年7月14日,一層,一層
RPQNMLTKMHMFFCM66CA,2,211.60,住家用,鋼筋混凝土造,104年3月18日,四層,一層 二層 三層 四層 陽台
RPXNMLOLMHMFFCM96CA,36,20.46,住家用,加強磚造,70年1月23日,一層,一層
RPXNMLOLMHMFFCM96CA,36,18.21,住家用,加強磚造,70年1月23日,一層,一層
RPPNMLLLMHMFFCM48CA,15,82.14,住商用,鋼筋混凝土造,90年12月5日,三層,一層 二層 三層 陽台 屋頂突出物
RPPNMLLLMHMFFCM48CA,15,82.14,住商用,鋼筋混凝土造,90年12月5日,三層,一層 二層 三層 陽台 屋頂突出物
RPQNMLLJNHMFFDM58CA,8,113.56,農舍,鋼骨造,98年8月11日,一層,一層
RPOOMLOJNHMFFAM48CA,5,230.92,住家用,鋼筋混凝土造,101年9月4日,四層,一層 二層 三層 四層 陽台
RPPNMLTKMHMFFBM09CA,36,94.76,住家用,鋼筋混凝土加強磚造,69年12月1日,二層,一層 二層
RPRNMLRKMHMFFBM09CA,4,338.56,住家用,鋼筋混凝土造,101年12月10日,五層,一層 二層 三層 四層 五層 陽台
RPSNMLQLMHMFFAM09CA,39,100.69,住商用,鋼筋混凝土加強磚造,67年3月31日,二層,一層 二層 騎樓
RPTNMLLLMHMFFCM88CA,3,214.34,住家用,鋼筋混凝土造,102年11月22日,四層,一層 二層 三層 四層 陽台 雨遮
RPQNMLSKMHMFFBM09CA,23,94.00,住家用,鋼筋混凝土造,82年11月24日,七層,七層 陽台
RPQNMLSKMHMFFBM09CA,23,42.82,防空避難室、停車空間、水箱、管理室、昇降機、梯間、機械室,鋼筋混凝土造,82年11月24日,七層,
RPRNMLSKMHMFFBM56CA,21,91.84,住家用,鋼筋混凝土造,85年3月12日,八層,八層 陽台 花台
RPRNMLSKMHMFFBM56CA,21,33.70,停車空間、防空避難室、梯間、門廳、機械室、水箱,鋼筋混凝土造,85年3月12日,八層,
RPRNMLNJNHMFFBM68CA,23,163.40,住商用,鋼筋混凝土造,83年2月7日,四層,一層 二層 三層 四層 陽台 平台
RPUOMLNJNHMFFBM09CA,,66.34,集合住宅,鋼筋混凝土造,105年12月29日,十二層,三層 陽台 雨遮
RPUOMLNJNHMFFBM09CA,,32.11,梯廳、防空避難室兼停車空間、丙梯、停車空間、污水機房、消房機房、昇降機、排煙室、甲梯、緊急升降機、一般及緊急升降機、緊急發電機室、電信室、台電配電室、電錶區、管委會空間、乙梯、丁梯、樓梯間、機械室、水錶室、水箱等２２項。,鋼筋混凝土造,105年12月29日,十二層,
RPTOMLNJNHMFFBM98CA,,91.44,集合住宅,鋼筋混凝土造,105年12月29日,十二層,三層 陽台 雨遮
RPTOMLNJNHMFFBM98CA,,77.26,梯廳、防空避難室兼停車空間、丙梯、停車空間、污水機房、消房機房、昇降機、排煙室、甲梯、緊急升降機、一般及緊急升降機、緊急發電機室、電信室、台電配電室、電錶區、管委會空間、乙梯、丁梯、樓梯間、機械室、水錶室、水箱等２２項。,鋼筋混凝土造,105年12月29日,十二層,
RPTNMLSKMHMFFCM86CA,35,76.20,住商用,鋼筋混凝土造,70年11月17日,二層,一層 二層 陽台
RPVNMLRLMHMFFBM96CA,1,353.97,住家用,鋼筋混凝土造,105年8月22日,四層,一層 二層 三層 四層 陽台
RPWNMLRLMHMFFBM07CA,,267.35,住家用,鋼筋混凝土造,105年10月12日,四層,一層 二層 三層 四層 陽台
RPPNMLTKMHMFFCM56CA,49,73.20,住家用,鋼筋混凝土加強磚造,57年7月25日,二層,一層 二層
RPRNMLNJNHMFFCM78CA,37,16.66,住家用,加強磚造,69年7月3日,一層,一層
RPRNMLNJNHMFFCM78CA,37,19.27,住家用,加強磚造,69年7月3日,一層,一層
RPSNMLRLMHMFFAM56CA,31,171.50,住商用,鋼筋混凝土造,75年5月7日,三層,一層 二層 三層 騎樓
RPRNMLKLMHMFFBM48CA,47,59.28,住家用,加強磚造,,二層,一層 二層
RPVNMLSKMHMFFAM86CA,36,101.80,住家用,鋼筋混凝土加強磚造,69年12月25日,二層,一層 二層
RPWNMLSKMHMFFAM96CA,22,133.89,住家用,鋼筋混凝土造,83年9月30日,三層,一層 二層 三層 陽台 花台 夾層
RPPNMLOLMHMFFEM98CA,10,215.76,住家用,ＲＣ造,96年2月15日,三層,一層 二層 三層 陽台
RPVNMLNJNHMFFCM56CA,36,59.60,住家用,加強磚造,70年8月12日,二層,一層 二層
RPVNMLNJNHMFFCM56CA,36,59.60,住家用,加強磚造,70年8月12日,二層,一層 二層
RPPNMLPLMHMFFCM88CA,42,78.79,住商用,鋼筋混凝土加強磚造,64年8月1日,二層,一層 二層
RPQNMLQLMHMFFBM98CA,23,37.43,住家用,鋼筋混凝土造,83年7月21日,十三層,四層 陽台
RPQNMLQLMHMFFBM98CA,23,20.42,停車場、防空避難室、梯間、走道、水箱、機房,鋼筋混凝土造,83年7月21日,十三層,
RPSNMLPLMHMFFBM09CA,27,219.21,住家用,鋼筋混凝土造,79年5月18日,四層,一層 二層 三層 四層 地下層
RPSNMLPLMHMFFBM09CA,27,29.48,停車空間,鋼筋混凝土造,79年5月18日,四層,
RPXOMLNJNHMFFBM76CA,,94.92,集合住宅,鋼筋混凝土造,105年12月29日,十二層,八層 陽台 雨遮
RPXOMLNJNHMFFBM76CA,,111.95,梯廳、防空避難室兼停車空間、丙梯、停車空間、污水機房、消房機房、昇降機、排煙室、甲梯、緊急升降機、一般及緊急升降機、緊急發電機室、電信室、台電配電室、電錶區、管委會空間、乙梯、丁梯、樓梯間、機械室、水錶室、水箱等２２項。,鋼筋混凝土造,105年12月29日,十二層,
RPQNMLMJNHMFFBM48CA,25,48.02,住家用,鋼筋混凝土造,81年1月30日,六層,二層 陽台 花台
RPQNMLMJNHMFFBM48CA,25,16.88,防空避難室、梯間、門廳、突出物,鋼筋混凝土造,81年1月30日,六層,
RPPNMLMJNHMFFDM58CA,35,109.08,住商用,鋼筋混凝土加強磚造,71年7月30日,二層,一層 二層 騎樓
RPVOMLNJNHMFFBM56CA,,88.66,集合住宅,鋼筋混凝土造,105年12月29日,十二層,五層 陽台 雨遮
RPVOMLNJNHMFFBM56CA,,75.92,梯廳、防空避難室兼停車空間、丙梯、停車空間、污水機房、消房機房、昇降機、排煙室、甲梯、緊急升降機、一般及緊急升降機、緊急發電機室、電信室、台電配電室、電錶區、管委會空間、乙梯、丁梯、樓梯間、機械室、水錶室、水箱等２２項。,鋼筋混凝土造,105年12月29日,十二層,
RPPNMLLLMHMFFDM58CA,46,80.49,住商用,鋼筋混凝土加強磚造,59年10月15日,三層,一層 二層 三層
RPQNMLLLMHMFFDM68CA,,190.73,住宅、樓梯間,鋼筋混凝土造,105年10月27日,三層,一層 二層 三層 陽台 見其他登記事項
RPQNMLOLMHMFFDM98CA,36,94.39,住商用,鋼筋混凝土加強磚造,69年12月27日,二層,一層 二層 騎樓
RPTNMLPLMHMFFDM76CA,32,97.20,住商用,鋼筋混凝土加強磚造,73年12月31日,二層,一層 二層 騎樓
RPSNMLPLMHMFFDM66CA,10,133.22,住家用,鋼筋混凝土造,96年4月13日,二層,一層 二層 陽台 雨遮
RPRNMLPLMHMFFAM88CA,1,182.00,住家用,鋼筋混凝土造,105年6月20日,四層,一層 二層 三層 四層 陽台
RPQNMLPLMHMFFAM78CA,1,185.18,住家用,鋼筋混凝土造,105年6月20日,四層,一層 二層 三層 四層 陽台
RPRNMLLLMHMFFBM58CA,22,27.71,住家用,鋼筋混凝土造,84年9月27日,十二層,十二層 陽台
RPRNMLLLMHMFFBM58CA,22,10.01,停車空間、防空避難室、水塔、管理室、梯間、走道、機械室、門廳,鋼筋混凝土造,84年9月27日,十二層,
RPPOMLQLMHMFFDM56CA,1,185.76,住家用,鋼筋混凝土造,105年3月23日,三層,一層 二層 三層 陽台
RPXNMLQLMHMFFDM27CA,1,185.76,住家用,鋼筋混凝土造,105年3月23日,三層,一層 二層 三層 陽台
RPQOMLQLMHMFFDM66CA,1,185.76,住家用,鋼筋混凝土造,105年3月23日,三層,一層 二層 三層 陽台
RPRNMLOLMHMFFCM98CA,30,154.71,住商用,鋼筋混凝土造,76年3月23日,二層,一層 二層 騎樓
RPRNMLPLMHMFFBM98CA,35,104.48,住商用,鋼筋混凝土造,71年1月15日,二層,一層 二層 騎樓
RPPNMLQLMHMFFBM88CA,,180.61,住家用,鋼筋混凝土造,105年11月2日,四層,一層 二層 三層 四層 陽台
RPXNMLMLNHMFFCM86CA,37,74.10,住家用,磚造,69年5月20日,一層,一層 騎樓
RPUNMLNJNHMFFCM09CA,23,81.78,集合住宅,鋼筋混凝土造,83年1月14日,十一層,八層 陽台 花台
RPUNMLNJNHMFFCM09CA,23,19.93,１﹒停車空間、防空避難室  ２﹒梯間、機械室、水箱,鋼筋混凝土造,83年1月14日,十一層,
RPSNMLQJOHMFFBM56CA,50,136.74,住商用,鋼筋混凝土加強磚造,56年6月14日,三層,一層 二層 三層 騎樓
RPOOMLQLMHMFFDM09CA,1,185.76,住家用,鋼筋混凝土造,105年3月23日,三層,一層 二層 三層 陽台
RPROMLQLMHMFFDM76CA,1,185.76,住家用,鋼筋混凝土造,105年3月23日,三層,一層 二層 三層 陽台
RPQNMLQJNHMFFAM78CA,10,540.30,工業用,見使用執照,95年11月16日,一層,見其他登記事項
RPSNMLOJNHMFFAM78CA,14,160.17,住家用,鋼筋混凝土造,92年4月22日,三層,一層 二層 三層 屋頂突出物
RPQNMLRLMHMFFCM66DA,40,87.70,住商用,鋼筋混凝土加強磚造,65年11月15日,二層,一層 二層
RPXNMLSJNHMFFAM07CA,2,178.37,住家用,鋼筋混凝土造,104年10月5日,四層,一層 二層 三層 四層 陽台
RPVNMLQLMHMFFAM76CA,12,164.43,住家用,鋼筋混凝土造,94年9月6日,三層,一層 二層 三層 陽台 平台 屋頂突出物
RPRNMLLJNHMFFAM38CA,20,75.39,住家用,鋼筋混凝土造,85年11月21日,十一層,九層 陽台
RPRNMLLJNHMFFAM38CA,20,20.89,避難室、停車空間,鋼筋混凝土造,85年11月21日,十一層,
RPRNMLLJNHMFFAM38CA,20,7.72,梯間,鋼筋混凝土造,85年11月21日,十一層,
RPRNMLLJNHMFFAM38CA,20,101.92,住家用,鋼筋混凝土造,85年11月21日,十一層,九層 陽台
RPRNMLLJNHMFFAM38CA,20,9.79,避難室、停車空間,鋼筋混凝土造,85年11月21日,十一層,
RPRNMLLJNHMFFAM38CA,20,11.83,梯間,鋼筋混凝土造,85年11月21日,十一層,
RPRNMLPLMHMFFDM56CA,49,65.21,住家用,磚造,57年1月1日,一層,一層 騎樓
RPSNMLNJNHMFFCM88CA,16,73.32,住家用,鋼筋混凝土造,90年9月25日,三層,一層 二層 三層 平台 屋頂突出物
RPSNMLNJNHMFFCM88CA,16,73.32,住家用,鋼筋混凝土造,90年9月25日,三層,一層 二層 三層 平台 屋頂突出物
RPXNMLRLMHMFFBM17CA,15,408.96,住宅、機械室,鋼筋混凝土造,91年2月27日,四層,一層 二層 三層 四層 陽台 屋頂突出物 地下層
RPRNMLQLMHMFFBM09CA,,197.94,店舖、住宅、水箱間,鋼筋混凝土造,105年11月24日,三層,一層 二層 三層 陽台 見其他登記事項
RPSNMLQLMHMFFBM56CA,,197.89,店舖、住宅、水箱間,鋼筋混凝土造,105年11月24日,三層,一層 二層 三層 陽台 見其他登記事項
RPUNMLQLMHMFFBM76CA,,181.07,住宅、水箱間,鋼筋混凝土造,105年11月24日,三層,一層 二層 三層 陽台 見其他登記事項
RPUNMLLJNHMFFBM78CA,,180.99,住宅、水箱間,鋼筋混凝土造,105年11月24日,三層,一層 二層 三層 陽台 見其他登記事項
RPRNMLTJNHMFFCM76CA,3,207.59,住家用,鋼筋混凝土造,102年10月22日,四層,一層 二層 三層 四層 陽台
RPTOMLOJNHMFFCM56CA,32,256.72,農舍,鋼筋混凝土加強磚造,74年4月1日,二層,一層 二層 騎樓
RPQNMLRKNHMFFDM66CA,48,115.92,住家用,加強磚造,58年1月1日,二層,一層 二層
RPPNMLLKNHMFFCM48CA,21,92.38,集合住宅,鋼筋混凝土造,84年11月22日,十二層,八層 陽台
RPPNMLLKNHMFFCM48CA,21,28.45,門廳、梯間、水塔、牌樓、停車空間兼防空避難室、機械房,鋼筋混凝土造,84年11月22日,十二層,
RPRNMLSJNHMFFBM56CA,23,189.24,住家用,鋼筋混凝土造,83年6月30日,三層,一層 二層 三層 陽台 電梯樓梯間
RPQNMLSLMHMFFDM76CA,30,160.02,住商用,鋼筋混凝土加強磚造,76年4月22日,三層,一層 二層 三層 騎樓
RPPNMLOJNHMFFAM48CA,23,95.90,店舖、住宅、人行道,鋼筋混凝土造,82年11月10日,十四層,一層 二層 陽台 平台 騎樓
RPPNMLOJNHMFFAM48CA,23,11.28,梯間、水塔、機械室,鋼筋混凝土造,82年11月10日,十四層,
RPPNMLOJNHMFFAM48CA,23,10.22,避難室、開放空間、停車空間,鋼筋混凝土造,82年11月10日,十四層,
RPPNMLLJNHMFFEM58CA,41,55.35,住家用,鋼筋混凝土加強磚造,65年1月5日,一層,一層
RPPNMLQKNHMFFCM98CA,12,96.96,集合住宅,鋼筋混凝土造,93年10月5日,十層,一層 陽台
RPPNMLQKNHMFFCM98CA,12,35.33,防空避難室兼停車空間、梯廳、梯間、水箱,鋼筋混凝土造,93年10月5日,十層,
RPTNMLQLMHMFFBM76DA,,198.87,住宅、水箱間,鋼筋混凝土造,105年11月24日,三層,一層 二層 三層 陽台 見其他登記事項
RPSNMLOKOHMFFCM56CA,12,161.70,住商用,鋼筋混凝土造,93年10月5日,十層,一層 二層 三層 陽台
RPSNMLOKOHMFFCM56CA,12,62.48,防空避難室兼停車空間、梯廳、梯間、水箱,鋼筋混凝土造,93年10月5日,十層,
RPPNMLRLMHMFFDM66DA,13,151.11,住家用,鋼筋混凝土造,93年2月5日,三層,一層 二層 三層 陽台 屋頂突出物
RPUNMLLJNHMFFDM09DA,18,169.20,住家用,鋼筋混凝土造,88年5月12日,三層,一層 二層 三層 陽台 電梯樓梯間
RPVNMLSLMHMFFAM96CA,24,84.34,住家用,鋼筋混凝土造,82年3月22日,八層,六層 陽台
RPVNMLSLMHMFFAM96CA,24,21.12,防空避難室、人行道、電梯,鋼筋混凝土造,82年3月22日,八層,
RPWNMLLJNHMFFDM56CA,39,220.92,住商用,鋼筋混凝土加強磚造,67年4月3日,三層,一層 二層 三層 騎樓
RPOOMLSLMHMFFAM98CA,1,202.37,住宅、樓梯間,鋼筋混凝土造,104年11月23日,三層,一層 二層 三層 陽台 屋頂突出物
RPRNMLSJNHMFFDM76CA,16,177.28,住家用,鋼筋混凝土造,90年5月22日,三層,一層 二層 三層 屋頂突出物
RPUNMLPKNHMFFCM76CA,22,48.38,集合住宅,鋼筋混凝土造,84年9月7日,九層,二層 陽台 花台
RPUNMLPKNHMFFCM76CA,22,14.98,公共設施,鋼筋混凝土造,84年9月7日,九層,
RPSNMLOJNHMFFBM88CA,,195.38,住家用,鋼筋混凝土造,,三層,一層 二層 三層 陽台 騎樓
RPTNMLQKNHMFFBM66CA,1,229.03,住家用,鋼筋混凝土造,105年8月22日,四層,一層 二層 三層 四層 陽台
RPWNMLKKNHMFFBM98CA,36,115.16,住商用,鋼筋混凝土加強磚造,70年5月5日,二層,一層 二層 騎樓
RPSOMLNJNHMFFBM88CA,1,171.30,住家用,鋼筋混凝土造,104年11月11日,四層,一層 二層 三層 四層 陽台
RPPNMLRJNHMFFDM09CA,1,147.28,住家用,鋼筋混凝土造,104年12月25日,三層,一層 二層 三層 陽台
RPXNMLSLMHMFFAM17CA,37,78.20,住家用,鋼筋混凝土加強磚造,69年2月5日,二層,一層 二層
RPPNMLMJNHMFFAM28CA,39,102.80,住家用,鋼筋混凝土加強磚造,67年9月1日,二層,一層 二層
RPPNMLQJNHMFFAM68CA,23,133.89,住家用,鋼筋混凝土造,83年9月30日,三層,一層 二層 三層 陽台 花台 夾層
RPRNMLSJNHMFFAM09CA,22,173.53,住家用,鋼筋混凝土造,83年10月7日,四層,一層 二層 三層 四層 陽台 平台
RPRNMLSJNHMFFAM09CA,22,45.13,屋頂突出物、梯間、警衛室、防空避難室、停車空間,鋼筋混凝土造,83年10月7日,十一層,
RPTNMLMJNHMFFAM68CA,23,138.83,住家用,鋼筋混凝土造,82年12月3日,三層,一層 二層 三層 陽台 平台 雨遮
RPPOMLRKNHMFFAM98CA,21,83.17,住家用,鋼筋混凝土造,85年2月7日,八層,二層 陽台 花台
RPPOMLRKNHMFFAM98CA,21,23.60,住家用,鋼筋混凝土造,85年2月7日,八層,
RPPOMLNLNHMFFAM68CA,1,412.09,住宅、停車空間,鋼筋混凝土造,105年3月15日,四層,一層 二層 三層 四層 陽台
RPUNMLSLMHMFFCM17DA,19,270.34,住家用,鋼筋混凝土造,87年4月22日,四層,一層 二層 三層 四層 陽台 地下層
RPUNMLNLNHMFFAM09CA,36,211.09,住商用,鋼筋混凝土加強磚造,70年3月28日,四層,一層 二層 三層 四層 騎樓
RPROMLMLNHMFFAM78CA,15,56.51,住家用,鋼筋混凝土造,91年4月15日,四層,三層 陽台
RPROMLMLNHMFFAM78CA,15,4.10,梯間,鋼筋混凝土造,91年4月15日,四層,
RPQNMLNLNHMFFEM09CA,37,109.60,住商用,鋼筋混凝土加強磚造,69年7月7日,二層,一層 二層 騎樓
RPSNMLOLNHMFFDM66CA,10,158.14,住商用,鋼筋混凝土造,96年7月2日,四層,一層 二層 三層 四層 陽台 騎樓 雨遮
