﻿鄉鎮市區,交易標的,土地位置建物門牌,土地面積平方公尺,都市土地使用分區,非都市土地使用分區,非都市土地使用編定,租賃年月日,租賃筆棟數,租賃層次,總樓層數,建物型態,主要用途,主要建材,建築完成年月,建物總面積平方公尺,建物現況格局-房,建物現況格局-廳,建物現況格局-衛,建物現況格局-隔間,有無管理組織,有無附傢俱,總額元,單價元平方公尺,車位類別,車位面積平方公尺,車位總額元,備註,編號
The villages and towns urban district,transaction sign,land sector position building sector house number plate,land shifting total area square meter,the use zoning or compiles and checks,the non-metropolis land use district,non-metropolis land use,transaction year month and day,transaction pen number,shifting level,total floor number,building state,main use,main building materials,construction to complete the years,building shifting total area,Building present situation pattern - room,building present situation pattern - hall,building present situation pattern - health,building present situation pattern - compartmented,Whether there is manages the organization,Whether there is attaches the furniture,total price NTD,the unit price (NTD / square meter),the berth category,berth shifting total area square meter,the berth total price NTD,the note,serial number
新竹市,建物,新竹市新竹市綠水路４６號十二樓之３,0.0,商,,,1060110,土地0建物1車位1,十二層,14,住宅大樓(11層含以上有電梯),見其他登記事項,鋼筋混凝土造,0940830,186.13,5,2,3,有,有,無,21500,116,坡道平面,0.0,0,,RPSNMLNJKHMFFAO78CC
新竹市,建物,新竹市新竹市公道五路二段293號7樓,0.0,住,,,1060110,土地0建物1車位1,七層,14,住宅大樓(11層含以上有電梯),見其他登記事項,鋼筋混凝土造,0980922,202.62,3,2,2,有,有,有,34056,168,坡道平面,0.0,0,含二代健保,RPTOMLNJKHMFFAO98CC
新竹市,建物,新竹市新竹市民生路134號,0.0,商,,,1060115,土地0建物1車位0,二層,2,店面(店鋪),住商用,鋼筋混凝土造,0860811,172.97,0,0,0,無,無,無,39000,225,,0.0,0,,RPOOMLSJKHMFFAO98CC
新竹市,建物,新竹市新竹市光華二街81巷10弄77號2樓,0.0,其他,,,1060113,土地0建物1車位0,二層,6,華廈(10層含以下有電梯),住家用,鋼筋混凝土造,0830524,123.16999999999999,3,2,2,有,有,無,13000,106,,0.0,0,租金含管理費1700元,RPXOMLSJKHMFFAO27CC
新竹市,建物,新竹市新竹市新源街62巷19號8樓,0.0,其他,,,1060112,土地0建物1車位1,八層,12,住宅大樓(11層含以上有電梯),住家用,鋼筋混凝土造,,121.99000000000001,3,2,2,有,有,有,16000,131,坡道機械,0.0,0,,RPOPMLSJKHMFFAO09CC
新竹市,建物,新竹市新竹市長安街43號五樓之3,0.0,商,,,1060110,土地0建物1車位0,五層,5,套房(1房1廳1衛),見其他登記事項,鋼筋混凝土造,0950614,25.01,1,0,1,有,有,有,8500,340,,0.0,0,租金含管理費.第四台,RPSOMLTJKHMFFAO86CC
新竹市,建物,新竹市新竹市仁德街50號九樓之5,0.0,商,,,1050112,土地0建物1車位0,九層,11,套房(1房1廳1衛),辦公室,鋼筋混凝土造,0961205,33.74,1,0,1,有,有,有,13000,385,,0.0,0,租金含管理費,RPTOMLTJKHMFFAO96CC
新竹市,建物,新竹市新竹市長安街43號三樓之6,0.0,商,,,1060114,土地0建物1車位0,三層,5,套房(1房1廳1衛),見其他登記事項,鋼筋混凝土造,0950614,30.69,1,1,1,有,有,有,7500,244,,0.0,0,租金含管理費.網路.第四台,RPUOMLTJKHMFFAO07CC
新竹市,建物,新竹市新竹市經國路一段830號6樓之4,0.0,住,,,1060113,土地0建物1車位0,七層,12,套房(1房1廳1衛),住家用,鋼筋混凝土造,0850829,46.08,1,0,1,有,有,有,7000,152,,0.0,0,租金含管理費,RPVOMLTJKHMFFAO17CC
新竹市,建物,新竹市新竹市頂埔路26號五樓,0.0,商,,,1060121,土地0建物1車位0,五層,10,華廈(10層含以下有電梯),住家用,鋼筋混凝土造,0840619,124.09,3,2,2,有,有,無,13000,105,,0.0,0,租金含管理費,RPWOMLTJKHMFFAO27CC
新竹市,建物,新竹市新竹市自由路71號十一樓之1,0.0,商,,,1060122,土地0建物1車位0,十一層,13,套房(1房1廳1衛),住家用,鋼筋混凝土造,0920110,79.69,1,1,1,有,有,有,15000,188,,0.0,0,,RPOPMLTJKHMFFAO56CC
新竹市,建物,新竹市新竹市經國路三段2巷48號4樓,0.0,住,,,1060124,土地0建物1車位0,四層,9,華廈(10層含以下有電梯),住家用,鋼筋混凝土造,0871220,149.47,3,2,2,有,有,有,18000,120,,0.0,0,租金含管理費,RPPPMLTJKHMFFAO66CC
新竹市,建物,新竹市新竹市中央路156號二十三樓之3,0.0,住,,,1060115,土地0建物1車位0,二十三層,29,住宅大樓(11層含以上有電梯),見其他登記事項,鋼筋混凝土造,0961101,138.69,3,2,2,有,有,有,31672,228,,0.0,0,含稅,RPTNMLLKKHMFFAO78CC
新竹市,建物,新竹市新竹市食品路３２６巷３號４樓,0.0,住,,,1060119,土地0建物1車位0,四層,4,公寓(5樓含以下無電梯),住家用,鋼筋混凝土造,0660210,95.76,3,2,2,有,無,無,12000,125,,0.0,0,,RPTNMLNKKHMFFAO98CC
新竹市,建物,新竹市新竹市中山路46號十一樓之3,0.0,商,,,1060125,土地0建物1車位0,十一層,24,住宅大樓(11層含以上有電梯),見其他登記事項,鋼筋混凝土造,1041030,273.0,4,2,2,有,無,有,53808,197,,0.0,0,含稅,RPVNMLNKKHMFFAO56CC
新竹市,建物,新竹市新竹市世界街32號九樓,0.0,住,,,1060116,土地0建物1車位0,九層,14,住宅大樓(11層含以上有電梯),見其他登記事項,鋼筋混凝土造,0980617,207.18,4,2,2,有,有,有,46600,225,,0.0,0,含稅,RPXNMLNKKHMFFAO76CC
新竹市,建物,新竹市新竹市光華街95巷3號2樓之8,0.0,住,,,1060122,土地0建物1車位0,二層,7,套房(1房1廳1衛),住家用,鋼筋混凝土造,,62.29,1,0,1,有,有,有,11500,185,,0.0,0,租金含管理費1000元,RPOOMLPKKHMFFAO78CC
新竹市,建物,新竹市新竹市北門街102之2號7樓,0.0,商,,,1060124,土地0建物1車位0,七層,7,華廈(10層含以下有電梯),住家用,鋼筋混凝土造,0740909,129.54,4,2,2,有,無,無,14000,108,,0.0,0,,RPPOMLPKKHMFFAO88CC
新竹市,建物,新竹市新竹市東明街１０７號７樓,0.0,住,,,1060125,土地0建物1車位1,七層,7,華廈(10層含以下有電梯),住家用,鋼筋混凝土造,0840802,139.13,4,2,2,有,有,無,17000,122,坡道平面,0.0,2000,,RPQPMLPKKHMFFAO09CC
新竹市,建物,新竹市新竹市關新東路106號五樓,0.0,住,,,1051022,土地0建物1車位0,五層,9,華廈(10層含以下有電梯),辦公室,鋼筋混凝土造,1030312,86.44,2,1,2,有,有,有,29516,341,,0.0,0,租金含稅,RPQPMLRKKHMFFAO86EC
新竹市,房地(土地+建物),新竹市新竹市食品路204號,82.0,商,,,1060210,土地1建物1車位0,全,4,透天厝,住商用,鋼筋混凝土造,0720506,242.61,5,3,3,有,無,無,50000,206,,0.0,0,,RPPNMLSKKHMFFAO66EC
新竹市,建物,新竹市新竹市林森路２０３號９樓之２,0.0,商,,,1060202,土地0建物1車位0,九層,12,套房(1房1廳1衛),商業用,鋼筋混凝土造,0801111,44.57,1,1,1,有,有,有,6000,135,,0.0,0,,RPSNMLSKKHMFFAO76CC
新竹市,建物,新竹市新竹市竹蓮街１７３巷２號５樓,0.0,商,,,1060205,土地0建物1車位0,五層,5,公寓(5樓含以下無電梯),住家用,鋼筋混凝土造,0701228,75.42,2,1,1,有,無,無,12000,159,,0.0,0,,RPROMLKLKHMFFAO68CC
新竹市,建物,新竹市新竹市北大路21號七樓之8,0.0,商,,,1060120,土地0建物1車位0,七層,9,華廈(10層含以下有電梯),辦公室,鋼筋混凝土造,0990810,68.3,2,2,2,有,有,有,25000,366,,0.0,0,,RPXOMLKLKHMFFAO66CC
新竹市,建物,新竹市新竹市中正路485巷15號2樓,0.0,住,,,1060125,土地0建物1車位1,二層,7,華廈(10層含以下有電梯),住家用,鋼筋混凝土造,0841030,144.69,3,2,2,有,有,有,16000,111,坡道機械,0.0,0,租金含管理費2200元及一個機械車位,RPROMLNLKHMFFAO98CC
新竹市,建物,新竹市新竹市明湖路1050巷376號4樓,0.0,,山坡地保育區,丙種建築用地,1060205,土地0建物1車位1,四層,5,公寓(5樓含以下無電梯),住家用,鋼筋混凝土造,0870826,119.91999999999999,2,2,1,有,無,有,11000,92,坡道平面,42.5,0,租金含管理費500元及一個平面車位,RPOOMLLJLHMFFAO38CC
新竹市,建物,新竹市新竹市北新街131號八樓之30,0.0,住,,,1060203,土地0建物1車位1,八層,10,套房(1房1廳1衛),辦公室,鋼筋混凝土造,0980319,51.36,1,1,1,有,有,有,16500,321,坡道機械,0.0,0,租金含管理費1700元及機械車位,RPPOMLLJLHMFFAO48CC
新竹市,建物,新竹市新竹市中正路483號3樓,0.0,住,,,1060206,土地0建物1車位0,三層,5,公寓(5樓含以下無電梯),住家用,鋼筋混凝土造,,110.16,3,2,2,有,無,有,12000,109,,0.0,0,,RPSOMLLJLHMFFAO78CC
新竹市,房地(土地+建物)+車位,新竹市新竹市明湖路753號3樓,14.0,其他,,,1060123,土地1建物1車位1,三層,5,套房(1房1廳1衛),見其他登記事項,鋼筋混凝土造,0940220,43.34,1,1,1,有,有,有,13800,318,升降平面,40.0,0,含網路與第四台及管理費,RPUOMLMJLHMFFAO09CC
新竹市,房地(土地+建物),新竹市新竹市民富街178巷23弄23號,138.0,住,,,1060125,土地1建物1車位0,全,2,透天厝,住家用,鋼筋混凝土造,0761023,214.35,4,3,3,有,無,無,25000,117,,0.0,0,,RPQPMLMJLHMFFAO78CC
新竹市,房地(土地+建物),新竹市新竹市明湖路57巷3弄23號,81.0,住,,,1060205,土地1建物1車位0,全,2,透天厝,住家用,加強磚造,0631220,88.92,4,2,2,有,無,無,17000,191,,0.0,0,,RPRPMLMJLHMFFAO88CC
新竹市,建物,新竹市新竹市東區公道五路二段120號11樓之1,0.0,工,,,1060203,土地0建物7車位34,十一層,14,廠辦,見其他登記事項,鋼筋混凝土造,0881130,3662.16,0,0,0,無,有,無,750000,265,坡道平面,1373.02,142800,本案雙方議定租賃面積692.33坪，車位每位＄4200，租金每坪＄877。,RPOQMLMJLHMFFAO68CC
新竹市,建物,新竹市新竹市經國路二段187號2樓之3,0.0,商,,,1051228,土地0建物1車位0,二層,11,套房(1房1廳1衛),見其他登記事項,鋼筋混凝土造,0971108,108.49000000000001,1,1,1,有,有,有,15347,141,,0.0,0,含二代健保,RPTPMLMJLHMFFAO66EC
新竹市,建物,新竹市新竹市香檳一街18號,0.0,,山坡地保育區,丙種建築用地,1060206,土地0建物1車位0,全,1,透天厝,住家用,加強磚造,,94.5,4,2,2,有,無,無,13000,138,,0.0,0,,RPRNMLOJLHMFFAO88CC
新竹市,建物,新竹市新竹市長和街42號,0.0,商,,,1060213,土地0建物1車位0,全,3,透天厝,住家用,加強磚造,0561212,160.11,5,2,2,有,無,無,13500,84,,0.0,0,,RPSNMLOJLHMFFAO98CC
新竹市,建物,新竹市新竹市中華路四段705之28號五樓,0.0,商,,,1060208,土地0建物1車位0,五層,6,套房(1房1廳1衛),見其他登記事項,鋼筋混凝土造,0960630,28.27,1,1,1,有,有,有,6000,212,,0.0,0,租金涵管理.費網路.第四台,RPTNMLOJLHMFFAO09CC
新竹市,建物,新竹市新竹市經國路三段92巷2號四樓,0.0,住,,,1060216,土地0建物1車位0,四層,15,住宅大樓(11層含以上有電梯),見其他登記事項,鋼筋混凝土造,1020410,106.02000000000001,2,2,1,有,有,無,13500,127,,0.0,0,租金含管理費,RPUNMLOJLHMFFAO56CC
新竹市,建物,新竹市新竹市西門街133號3樓,0.0,商,,,1060224,土地0建物1車位0,三層,5,公寓(5樓含以下無電梯),住家用,鋼筋混凝土造,0750424,90.99000000000001,3,2,2,有,無,無,9000,99,,0.0,0,,RPVNMLOJLHMFFAO66CC
新竹市,房地(土地+建物)+車位,新竹市新竹市明湖路753號3樓,14.1,其他,,,1060123,土地1建物0車位1,三層,5,套房(1房1廳1衛),見其他登記事項,鋼筋混凝土造,0940220,43.34,1,1,1,有,有,有,13800,318,升降平面,40.0,0,含網路與第四台及管理費,RPUOMLQJLHMFFAO86CC
新竹市,建物,新竹市新竹市明湖路７２巷２弄７之１０號,0.0,住,,,1060301,土地0建物1車位0,全,2,透天厝,住家用,加強磚造,0591128,108.1,2,1,2,有,無,無,16000,148,,0.0,0,,RPQUNLRJLHMFFAO27CC
新竹市,建物,新竹市新竹市中華路二段３１２巷９號,0.0,商,,,1060301,土地0建物0車位0,三層,3,套房(1房1廳1衛),見其他登記事項,見其他登記事項,,27.55,1,1,1,有,無,有,6300,229,,0.0,0,,RPQOOLRJLHMFFAO76CC
新竹市,建物,新竹市新竹市中央路245巷58號5樓之5,0.0,商,,,1060214,土地0建物1車位0,五層,11,套房(1房1廳1衛),見其他登記事項,鋼筋混凝土造,1010221,69.03,1,1,1,有,有,有,22704,329,,0.0,0,,RPOTPLRJLHMFFAO17CC
新竹市,建物,新竹市新竹市東門街34巷22號15樓,0.0,商,,,1060209,土地0建物1車位0,十五層,25,住宅大樓(11層含以上有電梯),見其他登記事項,鋼筋混凝土造,1011015,176.26999999999998,3,2,2,有,有,有,39732,225,,0.0,0,含二代健保,RPPTPLRJLHMFFAO27CC
新竹市,建物,新竹市新竹市延平路二段３８６號,0.0,,鄉村區,乙種建築用地,1060216,土地0建物1車位0,全,2,透天厝,見其他登記事項,鋼筋混凝土造,0830704,112.06,2,1,2,有,無,無,13000,116,,0.0,0,,RPWPMLSJLHMFFAO37CC
新竹市,建物,新竹市新竹市中央路３２３號４樓之１,0.0,住,,,1060217,土地0建物1車位0,四層,7,華廈(10層含以下有電梯),住家用,鋼筋混凝土造,0820729,103.33,3,2,2,有,有,無,12000,116,,0.0,0,,RPTOMLTJLHMFFAO07CC
新竹市,建物,新竹市新竹市世界街36號8樓,0.0,住,,,1060213,土地0建物1車位0,八層,14,住宅大樓(11層含以上有電梯),見其他登記事項,鋼筋混凝土造,0980617,181.35,3,2,2,有,有,有,42326,233,,0.0,0,含二代健保,RPVPMLKKLHMFFAO56CC
新竹市,建物,新竹市新竹市東門街34巷18號2樓,0.0,商,,,1060303,土地0建物1車位0,二層,20,住宅大樓(11層含以上有電梯),見其他登記事項,鋼筋混凝土造,1011015,150.73,3,2,2,有,有,有,38597,256,,0.0,0,含二代健保,RPWPMLKKLHMFFAO66CC
新竹市,建物,新竹市新竹市東大路二段217巷54弄2號三樓,0.0,住,,,1060212,土地0建物1車位0,三層,5,公寓(5樓含以下無電梯),住家用,鋼筋混凝土造,,93.45,4,2,1,有,無,有,13000,139,,0.0,0,,RPTNMLLKLHMFFAO88CC
新竹市,建物,新竹市新竹市香北一路191巷8號五樓之12,0.0,住,,,1060215,土地0建物1車位0,五層,5,套房(1房1廳1衛),住家用,鋼筋混凝土造,0950731,20.63,1,0,1,有,有,有,5000,242,,0.0,0,租金含管理費500元,RPUNMLLKLHMFFAO98CC
新竹市,建物,新竹市新竹市關新路１９巷１６號１０樓,0.0,住,,,1060218,土地0建物1車位1,十層,14,住宅大樓(11層含以上有電梯),見其他登記事項,鋼筋混凝土造,0971022,165.86,3,2,2,有,有,有,28000,169,坡道平面,0.0,0,,RPWNMLNKLHMFFAO76CC
新竹市,房地(土地+建物)+車位,新竹市新竹市關新路205號,37.87,住,,,1060228,土地1建物1車位1,見其他登記事項,21,店面(店鋪),見其他登記事項,鋼筋混凝土造,0990723,242.21,0,0,0,無,有,無,84000,347,坡道平面,45.55,0,承租樓層為地上1F-2F及地下1F,RPXNMLNKLHMFFAO86CC
新竹市,建物,新竹市新竹市經國路二段187號2樓之3,0.0,商,,,1051228,土地0建物1車位0,二層,11,套房(1房1廳1衛),見其他登記事項,鋼筋混凝土造,0971108,108.49000000000001,1,1,1,有,有,有,15347,141,,0.0,0,含二代健保,RPSNMLNKLHMFFAO56EC
新竹市,建物,新竹市新竹市中華路６段４５９巷６弄７號,0.0,,山坡地保育區,丙種建築用地,1060226,土地0建物1車位0,全,2,透天厝,住家用,加強磚造,,149.18,2,1,2,有,無,無,10000,67,,0.0,0,,RPWOMLPKLHMFFAO07CC
新竹市,建物,新竹市新竹市關新路188號24樓之7,0.0,住,,,1060225,土地0建物1車位0,二十四層,24,住宅大樓(11層含以上有電梯),見其他登記事項,鋼筋混凝土造,1001121,196.52,4,2,2,有,有,有,42000,214,,0.0,0,,RPSOMLQKLHMFFAO76CC
新竹市,建物,新竹市新竹市中華路5段37號12F-8,0.0,商,,,1060219,土地0建物1車位0,十二層,12,住宅大樓(11層含以上有電梯),住家用,鋼筋混凝土造,0831013,60.620000000000005,2,2,1,有,有,無,9000,148,,0.0,0,租金含管理費500元,RPQPMLRKLHMFFAO76CC
新竹市,建物,新竹市新竹市愛文街117號九樓之9,0.0,商,,,1060219,土地0建物1車位0,九層,10,套房(1房1廳1衛),辦公室,鋼筋混凝土造,0970513,34.2,1,1,1,有,有,有,10000,292,,0.0,0,租金含管理費1000元,RPRPMLRKLHMFFAO86CC
新竹市,房地(土地+建物),新竹市新竹市高峰路412巷37號,73.63,其他,,,1060221,土地1建物1車位0,全,2,透天厝,住家用,加強磚造,0680105,111.6,3,2,2,有,無,無,11000,99,,0.0,0,,RPSPMLRKLHMFFAO96CC
新竹市,建物,新竹市新竹市中華路二段170巷56號三樓之10,0.0,住,,,1060221,土地0建物1車位0,三層,6,套房(1房1廳1衛),見其他登記事項,鋼筋混凝土造,0951115,30.41,1,0,1,有,有,有,7000,230,,0.0,0,租金含管理費500元,RPTPMLRKLHMFFAO07CC
新竹市,建物,新竹市新竹市培英街31號5樓,0.0,住,,,1060228,土地0建物1車位0,五層,5,公寓(5樓含以下無電梯),住家用,鋼筋混凝土造,0740626,75.5,3,2,1,有,無,有,11000,146,,0.0,0,,RPUPMLRKLHMFFAO17CC
新竹市,建物,新竹市新竹市中央路156號10樓之3,0.0,住,,,1060305,土地0建物1車位0,十層,29,住宅大樓(11層含以上有電梯),見其他登記事項,鋼筋混凝土造,0961101,144.91,3,2,2,有,有,有,35000,242,,0.0,0,租金含管理費。,RPTOMLMLLHMFFAO56CC
新竹市,建物,新竹市新竹市慈雲路121號八樓之一,0.0,商,,,1060222,土地0建物1車位2,八層,28,住宅大樓(11層含以上有電梯),見其他登記事項,鋼筋混凝土造,1050125,225.93,4,2,2,有,有,無,26000,115,坡道平面,0.0,0,,RPPOMLMLLHMFFAO88DC
新竹市,建物,新竹市新竹市關新路19巷36號12樓,19.57,其他,,,1060315,土地0建物1車位1,十二層,14,住宅大樓(11層含以上有電梯),見其他登記事項,鋼筋混凝土造,0971022,147.64,3,2,2,有,有,有,25000,169,坡道平面,26.54,0,,RPOPMLNLLHMFFAO98DC
新竹市,建物,新竹市新竹市八德路19巷27號6樓,0.0,其他,,,1060320,土地0建物1車位1,六層,14,住宅大樓(11層含以上有電梯),見其他登記事項,鋼筋混凝土造,1050720,138.64,2,2,1,有,有,有,30000,216,坡道平面,34.59,0,,RPUOMLRLLHMFFAO17CC
新竹市,房地(土地+建物)+車位,新竹市新竹市東光路39號,24.25,商,,,1060321,土地1建物1車位2,見其他登記事項,14,店面(店鋪),見其他登記事項,鋼筋混凝土造,1010625,196.61,0,0,0,無,有,有,20000,102,坡道平面,0.0,0,承租1樓和2樓,RPWOMLRLLHMFFAO37CC
新竹市,建物,新竹市新竹市慈雲路61號,0.0,商,,,1060301,土地0建物1車位0,一層,27,店面(店鋪),見其他登記事項,鋼筋混凝土造,1031117,163.4,0,0,0,無,無,無,62436,382,,0.0,0,租金費用含代扣所得稅與二代健保費用,RPVNMLKMLHMFFAO56CC
新竹市,建物,新竹市新竹市東門街34巷26號十六樓,0.0,商,,,1060301,土地0建物1車位1,十六層,25,住宅大樓(11層含以上有電梯),見其他登記事項,鋼筋混凝土造,1011015,181.53,3,2,2,有,有,有,50000,275,坡道平面,0.0,0,,RPPPMLKMLHMFFAO78CC
新竹市,建物,新竹市新竹市中華路二段３１２巷９號,0.0,商,,,1060311,土地0建物0車位0,二層,3,套房(1房1廳1衛),見其他登記事項,見其他登記事項,,24.07,1,1,1,有,無,有,6200,258,,0.0,0,,RPSNMLLMLHMFFAO98CC
新竹市,建物,新竹市新竹市南大路７１２號,0.0,住,,,1060306,土地0建物0車位0,地下層,3,套房(1房1廳1衛),住商用,鋼筋混凝土造,0691117,20.87,1,1,1,有,無,有,7000,335,,0.0,0,,RPUNMLLMLHMFFAO56CC
新竹市,房地(土地+建物),新竹市新竹市高峰路413巷11號,89.84,住,,,1060302,土地1建物1車位0,全,1,透天厝,住家用,加強磚造,0680126,64.46,6,3,4,有,無,有,24000,372,,0.0,0,,RPROMLLMLHMFFAO98CC
新竹市,建物,新竹市新竹市牛埔路33巷7號5樓,0.0,住,,,1060304,土地0建物1車位0,五層,5,華廈(10層含以下有電梯),住家用,鋼筋混凝土造,0831118,126.53999999999999,3,2,2,有,有,無,11000,87,,0.0,0,租金含管理費1000元,RPSOMLLMLHMFFAO09CC
新竹市,建物,新竹市新竹市南大路904巷6號4樓,0.0,住,,,1060314,土地0建物1車位0,四層,5,華廈(10層含以下有電梯),住家用,鋼筋混凝土造,0810501,146.67000000000002,3,2,2,有,無,有,14000,95,,0.0,0,,RPWPMLPJMHMFFAO17CC
新竹市,建物,新竹市新竹市林森路275號13樓之8,0.0,商,,,1060310,土地0建物1車位0,十三層,17,套房(1房1廳1衛),辦公室,鋼筋混凝土造,0860520,31.19,1,1,1,有,有,有,7000,224,,0.0,0,,RPPQMLPJMHMFFAO56CC
新竹市,建物,新竹市新竹市林森路275號7樓之11,0.0,商,,,1060310,土地0建物1車位0,七層,17,套房(1房1廳1衛),辦公室,鋼筋混凝土造,0860520,28.49,1,1,1,有,有,有,6000,211,,0.0,0,,RPQQMLPJMHMFFAO66CC
新竹市,建物,新竹市新竹市振興路72巷2號3樓之11,0.0,住,,,1060317,土地0建物1車位0,三層,6,套房(1房1廳1衛),見其他登記事項,鋼筋混凝土造,0940605,32.410000000000004,1,1,1,有,有,有,9000,278,,0.0,0,,RPSQMLPJMHMFFAO86CC
新竹市,建物,新竹市新竹市崧嶺路50巷26號,0.0,,,,1060319,土地0建物1車位0,全,2,透天厝,住家用,加強磚造,0731222,101.97,4,2,2,有,無,有,10000,98,,0.0,0,租賃期間:106年4月15日~107年4月14日,RPVQMLPJMHMFFAO17CC
新竹市,建物,新竹市新竹市振興一街１３９號４樓之４,0.0,住,,,1060303,土地0建物1車位0,四層,5,套房(1房1廳1衛),住家用,鋼筋混凝土造,0860203,28.35,1,1,1,有,無,有,6800,240,,0.0,0,,RPQNMLQJMHMFFAO09CC
新竹市,建物,新竹市新竹市林森路210巷16號,0.0,住,,,1060319,土地0建物1車位0,全,2,透天厝,住家用,加強磚造,,98.96,4,2,2,有,無,有,15000,152,,0.0,0,,RPXNMLQJMHMFFAO17CC
新竹市,建物,新竹市新竹市寶山路34號4樓,0.0,住,,,1060325,土地0建物1車位0,四層,7,華廈(10層含以下有電梯),住家用,鋼筋混凝土造,0820807,115.81,4,2,2,有,無,有,11000,95,,0.0,0,,RPOOMLQJMHMFFAO98CC
新竹市,建物,新竹市新竹市慈雲路85號十九樓之1,0.0,商,,,1060303,土地0建物1車位1,十九層,27,住宅大樓(11層含以上有電梯),見其他登記事項,鋼筋混凝土造,1041208,188.13,3,3,2,有,有,有,30000,159,坡道平面,33.07,0,,RPPOMLQJMHMFFAO09CC
新竹市,建物,新竹市新竹市光復路一段333號10樓之6,0.0,住,,,1060327,土地0建物1車位0,十層,13,住宅大樓(11層含以上有電梯),住家用,鋼筋混凝土造,0840116,90.52000000000001,2,2,2,有,有,有,15000,166,,0.0,0,,RPROMLQJMHMFFAO66CC
新竹市,建物,新竹市新竹市民族路178巷5之1號6樓之3,0.0,住,,,1060330,土地0建物1車位0,六層,6,套房(1房1廳1衛),住家用,鋼筋混凝土造,0831029,42.93,1,1,1,有,無,有,8800,205,,0.0,0,,RPSOMLQJMHMFFAO76CC
新竹市,建物,新竹市新竹市牛埔東路２４７號８樓之２２,0.0,其他,,,1060311,土地0建物1車位0,八層,16,住宅大樓(11層含以上有電梯),住家用,鋼骨鋼筋混凝土造,0850926,81.71000000000001,2,1,1,有,有,無,9000,110,,0.0,0,,RPUOMLQJMHMFFAO96CC
新竹市,房地(土地+建物),新竹市新竹市牛埔路229號,1443.0,工,,,1060303,土地3建物1車位0,見其他登記事項,2,工廠,工業用,,0680308,1102.48,0,0,0,無,無,無,120000,,,0.0,0,,RPSPMLQJMHMFFAO86CC
新竹市,建物,新竹市新竹市東山街２１號四樓,0.0,其他,,,1060320,土地0建物0車位0,四層,4,套房(1房1廳1衛),住家用,鋼筋混凝土造,0670717,23.54,1,1,1,有,無,有,7000,297,,0.0,0,,RPROMLRJMHMFFAO76CC
新竹市,建物,新竹市新竹市中央路156號七樓之2,0.0,住,,,1060310,土地0建物1車位0,七層,29,住宅大樓(11層含以上有電梯),見其他登記事項,鋼筋混凝土造,0961101,152.99,3,2,2,有,有,有,29000,190,,0.0,0,,RPWOMLRJMHMFFAO27CC
新竹市,建物,新竹市新竹市埔頂三路１６２號四樓之１,0.0,住,,,1060302,土地0建物1車位1,四層,15,住宅大樓(11層含以上有電梯),見其他登記事項,鋼筋混凝土造,1010229,114.81,3,2,2,有,有,無,15000,131,坡道平面,30.55,0,,RPRNMLKKMHMFFAO68CC
新竹市,房地(土地+建物)+車位,新竹市新竹市明湖路753號三樓,14.1,住,,,1060407,土地1建物1車位1,三層,4,套房(1房1廳1衛),見其他登記事項,鋼筋混凝土造,0940220,83.89,1,1,1,有,有,有,13500,161,坡道平面,40.0,0,,RPTOMLKKMHMFFAO98CC
新竹市,建物,新竹市新竹市中山路538號7樓,0.0,住,,,1060313,土地0建物1車位0,七層,7,華廈(10層含以下有電梯),住家用,鋼筋混凝土造,,90.06,4,2,2,有,有,有,15500,172,,0.0,0,租金含管理費1000元,RPQPMLLKMHMFFAO88CC
新竹市,房地(土地+建物),新竹市新竹市集福街46號,30.0,住,,,1060314,土地1建物1車位0,全,2,透天厝,住家用,加強磚造,0640718,51.26,3,0,3,有,無,無,16000,312,,0.0,0,,RPTOMLMKMHMFFAO56CC
新竹市,建物,新竹市新竹市埔頂路251號,0.0,住,,,1060314,土地0建物1車位1,一層,6,華廈(10層含以下有電梯),住家用,鋼筋混凝土造,0860805,117.97,3,2,2,有,有,有,18000,153,坡道機械,0.0,0,租金含管理費2000元及一個機械車位,RPXOMLMKMHMFFAO96CC
新竹市,建物,新竹市新竹市武陵路175巷13號5樓之4,0.0,其他,,,1060316,土地0建物1車位0,五層,22,住宅大樓(11層含以上有電梯),住家用,鋼筋混凝土造,0870718,114.47999999999999,3,2,2,有,有,有,15000,131,,0.0,0,,RPQPMLMKMHMFFAO98CC
新竹市,建物,新竹市新竹市明湖路1050巷62號5樓,0.0,,山坡地保育區,丙種建築用地,1060318,土地0建物1車位1,五層,5,公寓(5樓含以下無電梯),住家用,鋼筋混凝土造,0821216,120.58000000000001,2,2,2,有,有,有,9000,75,坡道平面,0.0,0,租金含一個平面車位,RPRPMLMKMHMFFAO09CC
新竹市,房地(土地+建物),新竹市新竹市新竹市東區光復路一段272號、272之1號、272之2號,14.47,住,,,1060406,土地1建物3車位0,一層,18,店面(店鋪),見其他登記事項,鋼筋混凝土造,0860409,128.38,0,0,0,無,有,無,68000,530,,0.0,0,,RPUPMLMKMHMFFAO76CC
新竹市,建物,新竹市新竹市中山路640巷498號三樓之13,0.0,住,,,1060315,土地0建物1車位2,三層,14,住宅大樓(11層含以上有電梯),見其他登記事項,鋼筋混凝土造,1011010,196.98,3,2,2,有,有,無,14000,71,坡道平面,59.74,0,租金含平面雙車位,RPOOMLNKMHMFFAO78CC
新竹市,建物,新竹市新竹市中華路二段211號十七樓,0.0,商,,,1060331,土地0建物1車位0,十七層,18,住宅大樓(11層含以上有電梯),見其他登記事項,鋼筋混凝土造,1020615,146.07999999999998,2,2,2,有,有,有,34000,233,,0.0,0,,RPQNMLPKMHMFFAO09CC
新竹市,建物,新竹市新竹市光復路一段１０８巷６０弄１３號,0.0,住,,,1060324,土地0建物0車位0,二層,2,套房(1房1廳1衛),住家用,加強磚造,,58.2,1,1,1,有,無,有,14000,241,,0.0,0,,RPOPMLRKMHMFFAO66CC
新竹市,建物,新竹市新竹市三民路87號6樓之2,0.0,住,,,1060412,土地0建物1車位0,六層,24,住宅大樓(11層含以上有電梯),見其他登記事項,鋼筋混凝土造,0970720,216.7,4,2,2,有,有,有,46000,212,,0.0,0,,RPPPMLRKMHMFFAO76CC
新竹市,建物,新竹市新竹市經國路一段726號8樓之2,0.0,住,,,1060313,土地0建物1車位0,八層,9,套房(1房1廳1衛),辦公室,鋼筋混凝土造,0950701,34.06,1,0,1,有,有,有,9000,264,,0.0,0,租金含管理費1000元,RPPPMLSKMHMFFAO86CC
新竹市,建物,新竹市新竹市北新街１１７號九樓之９,0.0,住,,,1060329,土地0建物1車位1,九層,10,套房(1房1廳1衛),辦公室,鋼筋混凝土造,0971230,47.82,1,1,1,有,有,無,16000,335,坡道平面,0.0,0,,RPUNMLKLMHMFFAO09CC
新竹市,建物,新竹市新竹市經國路一段726號九樓之6,0.0,住,,,1060322,土地0建物1車位0,九層,9,套房(1房1廳1衛),辦公室,鋼筋混凝土造,0950701,36.35,1,1,1,有,有,有,9500,261,,0.0,0,租金含管理費500元,RPQPMLLLMHMFFAO98CC
新竹市,建物,新竹市新竹市中華路二段1號7樓之6,0.0,其他,,,1060327,土地0建物1車位0,七層,12,住宅大樓(11層含以上有電梯),住家用,鋼筋混凝土造,0860705,64.33,3,2,2,有,有,有,11000,171,,0.0,0,租金含管理費1000元,RPRPMLLLMHMFFAO09CC
新竹市,建物,新竹市新竹市北大路84巷22號五樓,0.0,其他,,,1060327,土地0建物1車位0,五層,5,公寓(5樓含以下無電梯),住家用,鋼筋混凝土造,,50.25,2,2,1,有,無,無,8500,169,,0.0,0,,RPSPMLLLMHMFFAO56CC
新竹市,建物,新竹市新竹市中華路二段３１２巷９號,0.0,商,,,1060401,土地0建物0車位0,一層,3,套房(1房1廳1衛),見其他登記事項,見其他登記事項,,22.96,1,1,1,有,無,有,6000,261,,0.0,0,,RPVPMLLLMHMFFAO86CC
新竹市,房地(土地+建物),新竹市新竹市東門街34巷18號19樓,12.41,商,,,1060401,土地1建物1車位0,十九層,20,住宅大樓(11層含以上有電梯),見其他登記事項,鋼筋混凝土造,1011015,132.27,3,2,2,有,有,有,53000,401,,0.0,0,,RPOOMLOLMHMFFAO98CC
新竹市,房地(土地+建物)+車位,新竹市新竹市世界街50號12樓,18.73,住,,,1060411,土地1建物1車位1,十二層,14,住宅大樓(11層含以上有電梯),見其他登記事項,鋼筋混凝土造,0980617,119.57999999999998,2,2,2,有,有,有,41000,343,坡道平面,33.58,0,,RPPOMLOLMHMFFAO09CC
新竹市,房地(土地+建物),新竹市新竹市北大路8號24樓之1,4.65,商,,,1060411,土地1建物1車位0,二十四層,28,住宅大樓(11層含以上有電梯),見其他登記事項,鋼骨鋼筋混凝土造,0960703,123.46000000000001,3,2,2,有,有,有,33600,272,,0.0,0,,RPQOMLOLMHMFFAO56CC
新竹市,建物,新竹市新竹市金竹路１２２號３樓之２,0.0,住,,,1060331,土地0建物1車位0,三層,8,華廈(10層含以下有電梯),住家用,鋼筋混凝土造,0871015,82.86,3,2,2,有,有,有,11000,133,,0.0,0,,RPQOMLQLMHMFFAO76CC
新竹市,建物,新竹市新竹市中央路２６６號３樓,0.0,住,,,1060410,土地0建物1車位0,三層,5,公寓(5樓含以下無電梯),住家用,鋼筋混凝土造,0741114,91.08999999999999,3,2,2,有,無,有,13000,143,,0.0,0,,RPSPMLRLMHMFFAO17CC
新竹市,建物,新竹市新竹市八德路183號12樓,0.0,商,,,1060331,土地0建物1車位0,十二層,14,住宅大樓(11層含以上有電梯),辦公室,鋼筋混凝土造,0971126,195.46,4,2,2,有,有,有,42000,215,,0.0,0,,RPXQMLRLMHMFFAO77CC
新竹市,建物,新竹市新竹市金竹路102巷8之20號六樓,0.0,住,,,1060403,土地0建物1車位0,六層,7,套房(1房1廳1衛),住家用,鋼筋混凝土造,0810331,41.86,1,0,1,有,有,有,8000,191,,0.0,0,租金含管理費500元,RPSOMLSLMHMFFAO17CC
新竹市,建物,新竹市新竹市建功一路49巷11號5樓,0.0,住,,,1060407,土地0建物1車位0,五層,5,公寓(5樓含以下無電梯),住家用,鋼筋混凝土造,0730523,75.9,3,2,2,有,無,無,10500,138,,0.0,0,,RPUOMLSLMHMFFAO37CC
新竹市,建物,新竹市新竹市建功一路49巷20號5樓,0.0,住,,,1060410,土地0建物1車位0,五層,5,公寓(5樓含以下無電梯),住家用,鋼筋混凝土造,,75.9,3,2,2,有,無,有,10000,132,,0.0,0,,RPVOMLSLMHMFFAO47CC
