﻿編號,屋齡,建物移轉面積平方公尺,主要用途,主要建材,建築完成日期,總層數,建物分層
The serial number,room age,building shifting area square meter,the main use,main building materials,construction completes the date,total layer,building lamination
RPRNMLRJKHMFFDQ86DA,13,168.55,住家用,鋼筋混凝土造,92年12月31日,四層,一層 二層 三層 四層 見其他登記事項
RPSNMLNKKHMFFDQ56CA,36,115.02,住家用,鋼筋混凝土加強磚造,69年10月16日,二層,一層 二層 騎樓 電梯樓梯間
RPSNMLQJKHMFFCQ76DA,22,178.39,住商用,鋼筋混凝土造,84年2月17日,三層,一層 二層 三層 平台 電梯樓梯間 夾層 見其他登記事項
RPSNMLPKKHMFFCQ86EA,39,90.87,住家用,鋼筋混凝土加強磚造,67年3月15日,二層,一層 二層 電梯樓梯間
RPSNMLPKKHMFFCQ86EA,38,86.30,住家用,鋼筋混凝土加強磚造,67年11月21日,二層,一層 二層
RPRNMLQJKHMFFCQ66DA,22,184.41,住商用,鋼筋混凝土造,84年2月17日,三層,一層 二層 三層 平台 電梯樓梯間 夾層 見其他登記事項
RPPNMLRJKHMFFEQ66CA,2,230.65,住宅、樓梯間,鋼筋混凝土造,104年4月15日,三層,一層 二層 三層 陽台 屋頂突出物
RPVNMLNJKHMFFDQ76CA,12,19.59,見其他登記事項,鋼筋混凝土造,94年2月4日,五層,二層
RPVNMLNJKHMFFDQ76CA,12,8.78,見其他登記事項,鋼筋混凝土造,94年2月4日,五層,
RPQNMLQJKHMFFDQ56CA,,141.80,住家用,鋼筋混凝土造,105年7月26日,四層,一層 二層 三層 四層 陽台
RPQNMLNKKHMFFDQ98CA,11,5.08,門廳、遊憩設施、機械空間、梯間、游泳池,鋼筋混凝土造,94年8月26日,二層,
RPQNMLNKKHMFFDQ98CA,11,1.59,門廳、遊憩設施,鋼筋混凝土造,94年8月26日,三層,
RPQNMLNKKHMFFDQ98CA,9,221.37,集合住宅、停車空間,鋼筋混凝土造,96年9月29日,四層,一層 二層 三層 四層 陽台 雨遮
RPTNMLSJKHMFFCQ17EA,22,35.46,集合住宅,鋼筋混凝土造,84年5月2日,五層,二層 陽台
RPTNMLNKKHMFFCQ66DA,35,86.60,住商用,鋼筋混凝土加強磚造,70年12月5日,二層,一層 二層 電梯樓梯間
RPRNMLRJKHMFFBQ66DA,,183.68,門廊、住宅,鋼筋混凝土造,105年8月4日,三層,一層 二層 三層 陽台
RPQNMLOKKHMFFDQ66EA,39,114.94,住商用,鋼筋混凝土加強磚造,66年8月25日,二層,一層 二層 騎樓
RPSNMLSJKHMFFDQ07DA,1,167.25,停車空間、住宅,鋼筋混凝土造,104年10月16日,三層,一層 二層 三層 陽台
RPTNMLSJKHMFFDQ07CA,15,137.91,見其他登記事項,鋼筋混凝土造,91年6月17日,三層,一層 二層 三層
RPTNMLTJKHMFFBQ96CA,48,77.58,住家用,鋼筋混凝土加強磚造,57年9月30日,二層,一層 二層
RPXNMLLJLHMFFDQ96DA,,207.34,住家用,鋼筋混凝土造,105年11月11日,三層,一層 二層 三層 陽台 見其他登記事項
RPOOMLLJLHMFFDQ78DA,,207.34,住家用,鋼筋混凝土造,105年11月11日,三層,一層 二層 三層 陽台 見其他登記事項
RPTNMLMJLHMFFCQ09CA,,181.75,住宅、樓梯間,鋼筋混凝土造,105年10月5日,三層,一層 二層 三層 見其他登記事項 見其他登記事項
RPPOMLLJLHMFFDQ88DA,,207.34,住家用,鋼筋混凝土造,105年11月11日,三層,一層 二層 三層 陽台 見其他登記事項
RPPNMLLLKHMFFCQ68CA,21,21.08,住家用,鋼筋混凝土造,84年8月15日,五層,五層
RPPNMLLLKHMFFCQ68CA,21,3.76,共有部分,鋼筋混凝土造,84年8月15日,五層,
RPUNMLSKKHMFFCQ17CA,12,162.70,住家用,鋼筋混凝土造,94年6月23日,三層,一層 二層 三層 電梯樓梯間 見其他登記事項
RPTNMLSKKHMFFCQ07CA,34,104.24,住家用,鋼筋混凝土加強磚造,71年12月10日,二層,一層 二層 陽台 電梯樓梯間
RPQOMLLJLHMFFDQ98DA,,207.34,住家用,鋼筋混凝土造,105年11月11日,三層,一層 二層 三層 陽台 見其他登記事項
RPTNMLNJLHMFFDQ76DA,39,28.42,住家用,鋼筋混凝土加強磚造,67年3月15日,二層,一層 二層 騎樓
RPSOMLLJLHMFFDQ56DA,,207.34,住家用,鋼筋混凝土造,105年11月11日,三層,一層 二層 三層 陽台 見其他登記事項
RPTOMLLJLHMFFDQ66DA,,233.19,住家用,鋼筋混凝土造,105年11月11日,三層,一層 二層 三層 陽台 見其他登記事項
RPPNMLKLKHMFFEQ78CA,20,194.53,住家用,鋼筋混凝土造,85年11月8日,四層,一層 二層 三層 四層 陽台 露台
RPROMLLJLHMFFDQ09DA,,207.34,住家用,鋼筋混凝土造,105年11月11日,三層,一層 二層 三層 陽台 見其他登記事項
RPQOMLQKKHMFFCQ66CA,13,153.78,住家用,鋼筋混凝土造,92年12月4日,三層,一層 二層 三層 見其他登記事項
RPRNMLRKKHMFFCQ76CA,25,157.77,住家用,鋼筋混凝土造,81年6月30日,三層,一層 二層 三層 電梯樓梯間
RPTNMLOKKHMFFBQ66DA,1,183.68,門廊、住宅,鋼筋混凝土造,105年8月4日,三層,一層 二層 三層 陽台
RPPOMLOKKHMFFDQ09CA,12,16.70,住家用,鋼筋混凝土造,93年8月3日,五層,五層 陽台
RPPOMLOKKHMFFDQ09CA,12,.83,樓梯間,鋼筋混凝土造,93年8月3日,五層,
RPPOMLOKKHMFFDQ09CA,12,6.83,樓梯間、走廊,鋼筋混凝土造,93年8月3日,五層,
RPPOMLOKKHMFFDQ09CA,12,1.26,樓梯間、機房,鋼筋混凝土造,93年8月3日,五層,
RPPOMLOKKHMFFDQ09CA,12,.77,車道、停車空間,鋼筋混凝土造,93年8月3日,五層,
RPPOMLOKKHMFFDQ09CA,12,.19,停車空間,鋼筋混凝土造,93年8月3日,五層,
RPUNMLNLKHMFFDQ86CA,1,172.33,店鋪、住宅,鋼筋混凝土,105年6月27日,三層,一層 二層 三層 陽台 見其他登記事項
RPPNMLRKKHMFFBQ09CA,38,405.00,廠房、倉庫,鋼筋混凝土加強磚造,68年4月28日,一層,一層
RPPNMLRKKHMFFBQ09CA,38,370.90,辦公室、倉庫、休息室,鋼筋混凝土加強磚造,68年4月28日,二層,一層 二層 電梯樓梯間
RPPNMLRKKHMFFBQ09CA,38,48.62,避難室,鋼筋混凝土加強磚造,68年4月28日,地下層,地下層
RPVNMLRKKHMFFCQ17CA,9,232.04,住宅、停車空間,鋼筋混凝土造,96年7月19日,四層,一層 二層 三層 四層 見其他登記事項
RPRNMLNJLHMFFDQ09CA,16,161.75,集合住宅、停車空間,鋼筋混凝土造,90年5月2日,四層,一層 二層 三層 四層 陽台
RPQOMLOKKHMFFDQ56CA,12,19.39,住家用,鋼筋混凝土造,93年8月3日,五層,五層 陽台
RPQOMLOKKHMFFDQ56CA,12,.98,樓梯間,鋼筋混凝土造,93年8月3日,五層,
RPQOMLOKKHMFFDQ56CA,12,8.06,樓梯間、走廊,鋼筋混凝土造,93年8月3日,五層,
RPQOMLOKKHMFFDQ56CA,12,1.48,樓梯間、機房,鋼筋混凝土造,93年8月3日,五層,
RPQOMLOKKHMFFDQ56CA,12,.90,車道、停車空間,鋼筋混凝土造,93年8月3日,五層,
RPQOMLOKKHMFFDQ56CA,12,.22,停車空間,鋼筋混凝土造,93年8月3日,五層,
RPPNMLRKKHMFFCQ66DA,22,162.12,住家用,鋼筋混凝土造,84年2月17日,三層,一層 二層 三層 平台 電梯樓梯間 見其他登記事項
RPQNMLQKKHMFFBQ56DA,78,33.06,住家用,木造,28年1月1日,一層,一層
RPPNMLQKKHMFFBQ09DA,35,92.08,住商用,加強磚造,70年9月21日,二層,一層 二層
RPPNMLRKKHMFFDQ66CA,18,88.93,集合住宅,鋼筋混凝土造,88年5月31日,五層,四層 陽台
RPPNMLRKKHMFFDQ66CA,18,10.96,樓梯間、機械室、水箱,鋼筋混凝土造,88年5月31日,五層,
RPPNMLRKKHMFFDQ66CA,18,88.93,集合住宅,鋼筋混凝土造,88年5月31日,五層,四層 陽台
RPPNMLRKKHMFFDQ66CA,18,.80,蓄水池,鋼筋混凝土造,88年5月31日,一層,
RPPNMLLLKHMFFEQ88CA,25,166.35,住商用,鋼筋混凝土造,81年3月2日,四層,一層 二層 三層 四層
RPWNMLKLKHMFFDQ76CA,23,86.01,集合住宅,鋼筋混凝土造,82年10月6日,九層,八層 陽台 花台
RPWNMLKLKHMFFDQ76CA,23,10.91,梯間,鋼筋混凝土造,82年10月6日,九層,
RPWNMLKLKHMFFDQ76CA,23,13.34,避難室、停車場,鋼筋混凝土造,82年10月6日,9,
RPPNMLOLKHMFFCQ98CA,36,108.90,住家用,鋼筋混凝土加強磚造,69年10月30日,二層,一層 二層
RPTNMLNLKHMFFCQ66CA,34,51.25,住家用,見其他登記事項,71年12月31日,一層,一層
RPWNMLOLKHMFFCQ07CA,10,235.08,停車空間、集合住宅,鋼筋混凝土造,95年8月23日,四層,一層 二層 三層 四層 見其他登記事項
RPUNMLLLKHMFFDQ66CA,,192.76,店舖、住宅、樓梯間,鋼筋混凝土造,105年11月17日,三層,一層 二層 三層 陽台 見其他登記事項
RPTNMLLLKHMFFDQ56CA,,182.71,店舖、住宅、樓梯間,鋼筋混凝土造,105年11月17日,三層,一層 二層 三層 陽台 見其他登記事項
RPQNMLKLKHMFFCQ68CA,23,94.11,住家用,鋼筋混凝土造,82年12月14日,七層,三層 陽台 花台
RPQNMLKLKHMFFCQ68CA,23,7.89,共有部分,鋼筋混凝土造,82年12月14日,七層,
RPQNMLKLKHMFFCQ68CA,23,6.24,共有部分,鋼筋混凝土造,82年12月14日,七層,
RPRNMLKLKHMFFCQ78CA,35,117.11,住家用,鋼筋混凝土加強磚造,71年5月4日,二層,一層 二層 騎樓 廚房
RPWNMLRKKHMFFCQ27CA,1,214.60,住宅、樓梯間,鋼筋混凝土造,105年6月28日,三層,一層 二層 三層 見其他登記事項 見其他登記事項
RPTNMLRKKHMFFCQ96CA,23,197.84,住商用,鋼筋混凝土加強磚造,83年2月1日,四層,一層 二層 三層 四層 電梯樓梯間 見其他登記事項
RPQNMLRKKHMFFBQ56CA,10,15.06,住家用,鋼筋混凝土造,95年8月28日,八層,四層 陽台
RPQNMLRKKHMFFBQ56CA,10,4.20,共有部分,鋼筋混凝土造,95年8月28日,,
RPQNMLRKKHMFFBQ56CA,10,5.78,共有部分,鋼筋混凝土造,95年8月28日,,
RPSNMLRKKHMFFBQ76CA,36,73.36,住家用,鋼筋混凝土加強磚造,69年10月23日,二層,一層 二層
RPQNMLSKKHMFFBQ66CA,20,98.39,住家用,鋼筋混凝土造,85年8月15日,十四層,六層 陽台
RPSNMLLJLHMFFBQ78CA,13,17.99,住家用,鋼筋混凝土造,92年8月21日,五層,四層 陽台
RPSNMLLJLHMFFBQ78CA,13,4.79,門廳、走道、梯間,鋼筋混凝土造,92年8月21日,五層,
RPVNMLLLKHMFFDQ76CA,,171.66,住宅、樓梯間,鋼筋混凝土造,105年11月17日,三層,一層 二層 三層 陽台 見其他登記事項
RPXNMLLLKHMFFDQ96CA,,171.22,住宅、樓梯間,鋼筋混凝土造,105年11月17日,三層,一層 二層 三層 陽台 見其他登記事項
RPWNMLLLKHMFFDQ86CA,,170.69,住宅、樓梯間,鋼筋混凝土造,105年11月17日,三層,一層 二層 三層 陽台 見其他登記事項
RPQNMLQJLHMFFCQ56CA,24,267.78,農舍,鋼筋混凝土造,82年1月9日,三層,一層 二層 三層 電梯樓梯間
RPRNMLNJLHMFFEQ56CA,37,90.76,住家用,鋼筋混凝土加強磚造,68年7月15日,二層,一層 二層 騎樓
RPPOMLLLKHMFFDQ88CA,,173.52,住宅、樓梯間,鋼筋混凝土造,105年11月17日,三層,一層 二層 三層 陽台 見其他登記事項
RPQOMLNLKHMFFDQ56CA,37,127.60,住家用,鋼筋混凝土加強磚造,69年1月26日,三層,一層 二層 三層 騎樓
RPWNMLOKLHMFFDQ17CA,24,167.49,住房、車庫,鋼筋混凝土造,82年1月9日,四層,一層 二層 三層 四層 陽台 露台
RPQNMLRKKHMFFCQ66CA,1,193.53,停車空間、住宅、樓梯間,鋼筋混凝土造,104年11月13日,三層,一層 二層 三層 見其他登記事項 見其他登記事項
RPOOMLLJLHMFFCQ58CA,9,265.60,店舖,鋼骨鋼筋混凝土造,97年1月17日,一層,一層
RPRNMLOLKHMFFDQ66CA,37,142.60,農舍,加強磚造,69年7月1日,二層,一層 二層 騎樓
RPPNMLMLKHMFFCQ78CA,40,95.29,住商用,鋼筋混凝土加強磚造,66年4月29日,二層,一層 二層 騎樓
RPTNMLKLKHMFFBQ88CA,12,18.19,住家用,鋼筋混凝土造,94年1月3日,五層,四層 陽台
RPTNMLKLKHMFFBQ88CA,12,1.79,梯廳、樓電梯室、消防泵浦、電信室、梯間,鋼筋混凝土造,94年1月3日,五層,
RPTNMLKLKHMFFBQ88CA,12,2.72,走廊,鋼筋混凝土造,94年1月3日,五層,
RPRNMLLLKHMFFDQ98CA,,85.55,住宅、樓梯間,鋼筋混凝土造,105年11月17日,三層,一層 二層 三層 陽台 見其他登記事項
RPRNMLLLKHMFFDQ98CA,,85.55,住宅、樓梯間,鋼筋混凝土造,105年11月17日,三層,一層 二層 三層 陽台 見其他登記事項
RPWNMLNKLHMFFCQ96CA,,174.34,住宅、樓梯間,鋼筋混凝土造,105年8月17日,三層,一層 二層 三層 見其他登記事項 見其他登記事項
RPVNMLNKLHMFFCQ86CA,,177.82,住宅、樓梯間,鋼筋混凝土造,105年8月17日,三層,一層 二層 三層 見其他登記事項 見其他登記事項
RPQNMLQJLHMFFDQ66CA,,181.53,住家用,鋼筋混凝土造,105年8月2日,三層,一層 二層 三層 陽台 見其他登記事項
RPUNMLNKLHMFFCQ76CA,,190.67,住宅、樓梯間,鋼筋混凝土造,105年8月17日,三層,一層 二層 三層 見其他登記事項 見其他登記事項
RPTNMLNKLHMFFCQ66CA,,208.07,住宅、樓梯間,鋼筋混凝土造,105年8月17日,三層,一層 二層 三層 見其他登記事項 見其他登記事項
RPRNMLNKLHMFFCQ09CA,,203.90,住宅、樓梯間,鋼筋混凝土造,105年8月17日,三層,一層 二層 三層 見其他登記事項 見其他登記事項
RPSNMLTJLHMFFCQ07CA,34,62.00,住家用,鋼筋混凝土造,72年3月12日,五層,五層
RPSNMLTJLHMFFCQ07CA,34,.04,共有部分,鋼筋混凝土造,72年3月12日,五層,
RPSNMLTJLHMFFCQ07CA,34,.25,集合住宅,鋼筋混凝土造,72年3月12日,五層,
RPSNMLTJLHMFFCQ07CA,34,9.45,共有部分,鋼筋混凝土造,72年3月12日,五層,
RPSNMLNKLHMFFCQ56CA,,190.67,住宅、樓梯間,鋼筋混凝土造,105年8月17日,三層,一層 二層 三層 見其他登記事項 見其他登記事項
RPQNMLNKLHMFFCQ98CA,,203.87,住宅、樓梯間,鋼筋混凝土造,105年8月17日,三層,一層 二層 三層 見其他登記事項 見其他登記事項
RPOOMLLLKHMFFDQ78CA,,171.22,住宅、樓梯間,鋼筋混凝土造,105年11月17日,三層,一層 二層 三層 陽台 見其他登記事項
RPTOMLLLKHMFFDQ66CA,,171.28,住宅、樓梯間,鋼筋混凝土造,105年11月17日,三層,一層 二層 三層 陽台 見其他登記事項
RPTNMLKLKHMFFEQ56CA,21,181.40,住家用,鋼筋混凝土造,85年7月20日,三層,一層 二層 三層 電梯樓梯間
RPQOMLLLKHMFFDQ98CA,,171.10,住宅、樓梯間,鋼筋混凝土造,105年11月17日,三層,一層 二層 三層 陽台 見其他登記事項
RPSOMLLLKHMFFDQ56CA,,170.69,住宅、樓梯間,鋼筋混凝土造,105年11月17日,三層,一層 二層 三層 陽台 見其他登記事項
RPROMLLLKHMFFDQ09CA,,173.52,住宅、樓梯間,鋼筋混凝土造,105年11月17日,三層,一層 二層 三層 陽台 見其他登記事項
RPUNMLOLKHMFFCQ96DA,24,151.51,住商用,鋼筋混凝土造,82年3月4日,三層,一層 二層 三層 電梯樓梯間
RPQNMLLLKHMFFBQ78DA,22,85.33,住家用,鋼筋混凝土造,83年9月10日,十二層,三層 陽台
RPUNMLMLKHMFFDQ86DA,1,167.25,停車空間、住宅,鋼筋混凝土造,104年10月16日,三層,一層 二層 三層 陽台
RPSNMLMLKHMFFDQ66DA,1,167.25,停車空間、住宅,鋼筋混凝土造,104年10月16日,三層,一層 二層 三層 陽台
RPWNMLLJLHMFFCQ76DA,24,156.93,住商用,鋼筋混凝土造,81年10月7日,三層,一層 二層 三層 電梯樓梯間
RPVNMLMLKHMFFDQ86CA,12,120.13,住家用,鋼筋混凝土造,93年11月3日,三層,一層 二層 三層 陽台
RPPNMLLKLHMFFDQ78CA,23,33.00,集合住宅,鋼筋混凝土造,82年10月6日,九層,六層 陽台
RPPNMLLKLHMFFDQ78CA,23,1.95,梯間,鋼筋混凝土造,82年10月6日,九層,
RPPNMLLKLHMFFDQ78CA,23,5.20,避難室、停車場,鋼筋混凝土造,82年10月6日,9,
RPPNMLLKLHMFFDQ78CA,23,10.70,梯間,鋼筋混凝土造,82年10月6日,九層,
RPRNMLQJLHMFFDQ76CA,,171.79,住家用,鋼筋混凝土造,105年8月2日,三層,一層 二層 三層 陽台 見其他登記事項
RPXNMLMLKHMFFDQ07CA,11,16.15,見其他登記事項,鋼筋混凝土造,94年8月15日,五層,一層
RPXNMLMLKHMFFDQ07CA,11,7.19,見其他登記事項,鋼筋混凝土造,94年8月15日,五層,
RPSNMLQJLHMFFDQ86CA,,171.79,住家用,鋼筋混凝土造,105年8月2日,三層,一層 二層 三層 陽台 見其他登記事項
RPTNMLQJLHMFFDQ96CA,,171.79,住家用,鋼筋混凝土造,105年8月2日,三層,一層 二層 三層 陽台 見其他登記事項
RPPOMLNKLHMFFCQ98CA,,191.96,住宅、樓梯間,鋼筋混凝土造,105年8月17日,三層,一層 二層 三層 見其他登記事項 見其他登記事項
RPOOMLNKLHMFFCQ88CA,,191.96,住宅、樓梯間,鋼筋混凝土造,105年8月17日,三層,一層 二層 三層 見其他登記事項 見其他登記事項
RPXNMLNKLHMFFCQ07CA,,191.96,住宅、樓梯間,鋼筋混凝土造,105年8月17日,三層,一層 二層 三層 見其他登記事項 見其他登記事項
RPQOMLNKLHMFFCQ09CA,,215.23,住宅、樓梯間,鋼筋混凝土造,105年8月17日,三層,一層 二層 三層 見其他登記事項 見其他登記事項
RPPNMLLLKHMFFBQ58CA,33,116.20,住家用,鋼筋混凝土加強磚造,73年5月26日,三層,一層 二層 三層 電梯樓梯間
RPQNMLLJLHMFFCQ68CA,36,111.56,住家用,鋼筋混凝土加強磚造,70年4月1日,二層,一層 二層 電梯樓梯間
RPPNMLNJLHMFFCQ78CA,23,167.52,住商用,鋼筋混凝土造,82年10月12日,三層,一層 二層 三層 電梯樓梯間 見其他登記事項
RPQNMLMLKHMFFCQ88CA,14,100.04,集合住宅,鋼筋混凝土造,91年7月25日,五層,五層 陽台 雨遮
RPVNMLQJLHMFFDQ17CA,,172.86,住家用,鋼筋混凝土造,105年8月2日,三層,一層 二層 三層 陽台 見其他登記事項
RPVOMLNKLHMFFCQ96CA,,193.76,住宅、樓梯間,鋼筋混凝土造,105年8月17日,三層,一層 二層 三層 見其他登記事項 見其他登記事項
RPWOMLNKLHMFFCQ07CA,,174.34,住宅、樓梯間,鋼筋混凝土造,105年8月17日,三層,一層 二層 三層 見其他登記事項 見其他登記事項
RPUOMLNKLHMFFCQ86CA,,208.07,住宅、樓梯間,鋼筋混凝土造,105年8月17日,三層,一層 二層 三層 見其他登記事項 見其他登記事項
RPTOMLNKLHMFFCQ76CA,,190.67,住宅、樓梯間,鋼筋混凝土造,105年8月17日,三層,一層 二層 三層 見其他登記事項 見其他登記事項
RPSOMLNKLHMFFCQ66CA,,235.72,住宅、樓梯間,鋼筋混凝土造,105年8月17日,三層,一層 二層 三層 見其他登記事項 見其他登記事項
RPROMLNKLHMFFCQ56CA,,216.26,住宅、樓梯間,鋼筋混凝土造,105年8月17日,三層,一層 二層 三層 見其他登記事項 見其他登記事項
RPRNMLNLKHMFFDQ56CA,13,17.00,見其他登記事項,鋼筋混凝土造,93年6月9日,五層,二層
RPRNMLMLKHMFFCQ56EA,23,186.59,住商用,鋼筋混凝土造,82年11月16日,三層,一層 二層 三層 電梯樓梯間 見其他登記事項
RPVNMLLJLHMFFCQ66DA,36,176.32,住商用,鋼筋混凝土加強磚造,70年7月29日,三層,一層 二層 三層 騎樓 電梯樓梯間
RPPNMLOJLHMFFBQ78CA,1,163.02,住宅、樓梯間,鋼筋混凝土造,105年4月27日,三層,一層 二層 三層 見其他登記事項 見其他登記事項
RPQNMLNKLHMFFBQ88CA,36,108.58,住商用,加強磚造,69年11月14日,二層,一層 二層 騎樓
RPQNMLNLKHMFFCQ98CA,1,218.76,停車空間、住宅、樓梯間,鋼筋混凝土造,104年11月13日,四層,一層 二層 三層 四層 見其他登記事項 見其他登記事項
RPSNMLMLKHMFFCQ09CA,21,184.93,住商用,鋼筋混凝土造,84年7月3日,四層,一層 二層 三層 四層 見其他登記事項
RPQNMLNJLHMFFCQ88CA,1,222.18,住宅、樓梯間,鋼筋混凝土造,105年1月29日,三層,一層 二層 三層 見其他登記事項 見其他登記事項
RPPNMLLJLHMFFCQ58CA,28,101.65,住家用,鋼筋混凝土加強磚造,78年3月31日,二層,一層 二層 騎樓 電梯樓梯間
RPWNMLLJLHMFFDQ76CA,36,96.47,住家用,鋼筋混凝土加強磚造,69年12月27日,二層,一層 二層 電梯樓梯間
RPTNMLOLKHMFFDQ86CA,,170.95,住家用,鋼筋混凝土造,105年8月19日,三層,一層 二層 三層 陽台 見其他登記事項
RPRNMLPKLHMFFDQ76CA,32,163.80,住家用,鋼鐵造,73年8月10日,一層,一層
RPSNMLOLKHMFFDQ86DA,36,95.70,住家用,鋼筋混凝土加強磚造,69年7月1日,二層,一層 二層
RPQNMLLKLHMFFDQ88CA,46,121.37,住家用,加強磚造,60年2月20日,三層,一層 二層 三層 騎樓
RPSNMLLJLHMFFDQ09DA,1,167.30,停車空間、住宅,鋼筋混凝土造,104年10月16日,三層,一層 二層 三層 陽台
RPUNMLOLKHMFFDQ96CA,11,15.37,見其他登記事項,鋼筋混凝土造,94年8月15日,五層,二層
RPUNMLOLKHMFFDQ96CA,11,6.84,見其他登記事項,鋼筋混凝土造,94年8月15日,五層,
RPVNMLSJLHMFFCQ27CA,33,162.59,住家用,鋼筋混凝土加強磚造,72年12月8日,二層,一層 二層 電梯樓梯間 車庫
RPWNMLNKLHMFFBQ86CA,27,120.93,住商用,鋼筋混凝土造,79年4月14日,三層,一層 二層 三層
RPPNMLPKLHMFFBQ98CA,23,399.08,住商用,鋼筋混凝土造,83年1月18日,三層,一層 二層 三層 陽台 騎樓 電梯樓梯間
RPPOMLLJLHMFFCQ68CA,1,214.06,停車空間、店舖、住宅,鋼筋混凝土造,104年11月13日,四層,一層 二層 三層 四層 見其他登記事項
RPUNMLMJLHMFFCQ56CA,33,87.46,住家用,鋼筋混凝土加強磚造,72年8月19日,二層,一層 二層 電梯樓梯間
RPPOMLQJLHMFFDQ66CA,1,170.60,住家用,鋼筋混凝土造,105年7月19日,三層,一層 二層 三層 陽台
RPTOMLQJLHMFFDQ07CA,14,171.48,住家用,鋼筋混凝土造,92年6月27日,三層,一層 二層 三層 見其他登記事項
RPOOMLQJLHMFFDQ56CA,31,108.38,住家用,鋼筋混凝土加強磚造,75年2月5日,二層,一層 二層 電梯樓梯間
RPPNMLTJLHMFFBQ66CA,11,16.76,住家用,鋼筋混凝土造,94年10月3日,十層,四層 陽台
RPPNMLTJLHMFFBQ66CA,11,.10,管理委員會使用空間,鋼筋混凝土造,94年10月3日,十層,
RPPNMLTJLHMFFBQ66CA,11,8.83,機電設備空間、停車空間、樓梯間、走廊、機械室、水塔,鋼筋混凝土造,94年10月3日,十層,
RPPNMLLKLHMFFCQ68CA,24,153.53,住家用,鋼筋混凝土造,82年7月5日,三層,一層 二層 三層 電梯樓梯間
RPWNMLQJLHMFFDQ37DA,35,72.71,住家用,磚造,71年5月12日,一層,一層
RPPNMLRJLHMFFBQ56DA,21,181.29,住商用,鋼筋混凝土造,85年7月23日,三層,一層 二層 三層 電梯樓梯間
RPQNMLKKLHMFFCQ88EA,1,173.88,住宅、門廊、樓梯間,鋼筋混凝土造,104年12月8日,三層,一層 二層 三層 見其他登記事項 見其他登記事項
RPXNMLOKLHMFFDQ27CA,4,155.09,停車空間、住宅,鋼筋混凝土造,101年10月16日,三層,一層 二層 三層 陽台
RPUNMLPKLHMFFCQ96CA,40,99.60,住商用,鋼筋混凝土加強磚造,66年6月30日,二層,一層 二層 騎樓
RPXOMLSLLHMFFCQ77CA,1,188.71,住家用,鋼筋混凝土造,105年7月25日,四層,一層 二層 三層 四層 見其他登記事項
RPSNMLQKLHMFFDQ96CA,28,91.60,住家用,鋼筋混凝土加強磚造,77年12月7日,二層,一層 二層
RPTOMLNKLHMFFBQ66CA,33,185.27,住家用,鋼筋混凝土加強磚造,73年1月20日,三層,一層 二層 三層 騎樓
RPPNMLSKLHMFFCQ76CA,13,202.01,停車空間、集合住宅,鋼筋混凝土造,93年1月30日,三層,一層 二層 三層 見其他登記事項
RPSNMLLLLHMFFCQ09CA,1,230.30,店舖、住宅,鋼筋混凝土造,105年5月19日,四層,一層 二層 三層 四層 見其他登記事項
RPQNMLLLLHMFFCQ88CA,1,243.29,住家用,鋼筋混凝土造,105年6月16日,四層,一層 二層 三層 四層 見其他登記事項
RPRNMLSJLHMFFCQ86CA,33,80.12,住家用,鋼筋混凝土加強磚造,72年9月15日,二層,一層 二層
RPQNMLTJLHMFFCQ86CA,,170.83,住宅、樓梯間,鋼筋混凝土造,105年12月27日,三層,一層 二層 三層 見其他登記事項 見其他登記事項
SPQNMLTJLHMFFCQ96CA,,184.38,住宅、樓梯間,鋼筋混凝土造,105年12月27日,三層,一層 二層 三層 見其他登記事項 見其他登記事項
TPQNMLTJLHMFFCQ07CA,,197.03,住家用,鋼筋混凝土造,105年12月27日,四層,一層 二層 三層 四層 見其他登記事項
RPRNMLRJLHMFFBQ76DA,1,183.68,門廊、住宅,鋼筋混凝土造,105年8月4日,三層,一層 二層 三層 陽台
RPVNMLNLLHMFFBQ96DA,29,135.04,住家用,鋼筋混凝土加強磚造,76年10月9日,二層,一層 二層 騎樓 電梯樓梯間
RPPNMLTJLHMFFEQ96CA,24,38.83,住家用,鋼筋混凝土造,82年4月1日,十八層,六層 陽台
RPPNMLTJLHMFFEQ96CA,24,1.75,守衛室．健身房．游泳池．防空避難室兼停車場,鋼筋混凝土造,82年4月1日,,
RPPNMLTJLHMFFEQ96CA,24,7.53,梯間,鋼筋混凝土造,82年4月1日,十八層,
RPSNMLPLLHMFFDQ96CA,23,160.69,住商用,鋼筋混凝土造,83年4月28日,三層,一層 二層 三層 陽台 騎樓
RPPNMLKMLHMFFDQ88CA,,181.80,住家用,鋼筋混凝土造,105年8月2日,三層,一層 二層 三層 陽台 見其他登記事項
RPXNMLNKLHMFFBQ96CA,1,178.72,住宅、樓梯間,鋼筋混凝土造,105年4月27日,三層,一層 二層 三層 見其他登記事項 見其他登記事項
RPOOMLNKLHMFFBQ78CA,10,19.19,住家用,鋼筋混凝土造,95年8月28日,八層,二層 陽台
RPOOMLNKLHMFFBQ78CA,10,4.61,共有部分,鋼筋混凝土造,95年8月28日,,
RPOOMLNKLHMFFBQ78CA,10,7.43,共有部分,鋼筋混凝土造,95年8月28日,,
RPTNMLKKLHMFFCQ98CA,23,27.82,共有部分,鋼筋混凝土造,82年12月14日,七層,
RPUNMLKKLHMFFCQ09CA,23,55.65,共有部分,鋼筋混凝土造,82年12月14日,七層,
RPVOMLSLLHMFFCQ57CA,11,228.34,停車空間、集合住宅,鋼筋混凝土造,95年8月14日,四層,一層 二層 三層 四層 見其他登記事項
RPTNMLQKLHMFFCQ17EA,36,108.84,住家用,鋼筋混凝土加強磚造,70年6月5日,二層,一層 二層 騎樓 電梯樓梯間
RPTOMLNKLHMFFCQ96EA,38,67.38,住家用,磚造,68年5月1日,一層,一層
RPPNMLSKLHMFFDQ86CA,11,1.69,機械室、樓梯間、垃圾處理場、管理中心,鋼筋混凝土造,95年7月18日,三層,
RPPNMLSKLHMFFDQ86CA,11,.72,機械室、樓梯間,鋼筋混凝土造,95年7月18日,一層,
RPPNMLSKLHMFFDQ86CA,11,1.25,機械室、樓梯間、開放空間、交誼室,鋼筋混凝土造,95年7月18日,四層,
RPPNMLSKLHMFFDQ86CA,11,275.15,集合住宅,鋼筋混凝土造,95年7月18日,四層,一層 二層 三層 四層 見其他登記事項
RPRNMLNKLHMFFDQ56CA,13,16.70,住家用,鋼筋混凝土造,93年8月3日,五層,五層 陽台
RPRNMLNKLHMFFDQ56CA,13,.83,樓梯間,鋼筋混凝土造,93年8月3日,五層,
RPRNMLNKLHMFFDQ56CA,13,6.83,樓梯間、走廊,鋼筋混凝土造,93年8月3日,五層,
RPRNMLNKLHMFFDQ56CA,13,1.26,樓梯間、機房,鋼筋混凝土造,93年8月3日,五層,
RPRNMLNKLHMFFDQ56CA,13,.77,車道、停車空間,鋼筋混凝土造,93年8月3日,五層,
RPRNMLNKLHMFFDQ56CA,13,.19,停車空間,鋼筋混凝土造,93年8月3日,五層,
RPPNMLKMLHMFFCQ78CA,24,149.38,住商用,鋼筋混凝土造,82年6月11日,三層,一層 二層 三層 電梯樓梯間
RPRNMLNLLHMFFDQ86EA,22,54.20,集合住房,鋼筋混凝土造,83年10月12日,七層,七層 陽台
RPRNMLNLLHMFFDQ86EA,22,15.67,梯間,鋼筋混凝土造,83年10月12日,七層,
RPRNMLNLLHMFFDQ86EA,22,28.57,停車場、防空避難室,鋼筋混凝土造,83年10月12日,七層,
RPTNMLKMLHMFFCQ76EA,36,100.57,住家用,鋼筋混凝土加強磚造,70年2月10日,二層,一層 二層 電梯樓梯間
RPPPMLSLLHMFFCQ07CA,24,153.53,住家用,鋼筋混凝土造,82年7月5日,三層,一層 二層 三層 電梯樓梯間
RPRNMLKKLHMFFCQ78CA,1,221.80,停車空間、住宅、樓梯間,鋼筋混凝土造,104年11月13日,四層,一層 二層 三層 四層 見其他登記事項 見其他登記事項
RPRPMLSLLHMFFCQ27CA,22,39.05,集合住宅,鋼筋混凝土造,84年5月2日,五層,五層 陽台
RPRPMLSLLHMFFCQ27CA,22,9.26,共有部分,鋼筋混凝土造,84年5月2日,五層,
RPSNMLOKLHMFFBQ56CA,12,18.11,住家用,鋼筋混凝土造,94年1月3日,五層,四層 陽台
RPSNMLOKLHMFFBQ56CA,12,1.79,梯廳、樓電梯室、消防泵浦、電信室、梯間,鋼筋混凝土造,94年1月3日,五層,
RPSNMLOKLHMFFBQ56CA,12,2.73,走廊,鋼筋混凝土造,94年1月3日,五層,
RPVNMLPKLHMFFCQ07CA,36,111.96,住商用,鋼筋混凝土加強磚造,69年12月13日,二層,一層 二層 騎樓 電梯樓梯間
RPXNMLPKLHMFFCQ27CA,20,102.09,國民住宅,鋼筋混凝土造,85年11月15日,五層,三層 陽台
RPQNMLOKLHMFFEQ66CA,14,171.90,住家用,鋼筋混凝土造,92年5月22日,三層,一層 二層 三層 電梯樓梯間
RPOOMLOKLHMFFDQ09CA,1,168.66,住宅、樓梯間,鋼筋混凝土造,105年7月18日,三層,一層 二層 三層 見其他登記事項 見其他登記事項
RPQNMLNKLHMFFDQ09CA,36,83.70,住商用,鋼筋混凝土加強磚造,69年8月15日,二層,一層 二層 電梯樓梯間
RPUNMLQKLHMFFDQ17CA,27,155.05,住商用,鋼筋混凝土造,79年7月13日,三層,一層 二層 三層 電梯樓梯間
RPTNMLPJMHMFFDQ96CA,34,107.27,住家用,鋼筋混凝土加強磚造,71年10月21日,二層,一層 二層 騎樓
RPWNMLPKLHMFFCQ37EA,35,68.82,住家用,磚造,70年12月29日,一層,一層
RPQNMLLMLHMFFBQ88CA,22,108.99,住商用,ＲＣ鋼骨造,84年4月28日,四層,一層 二層 三層 四層 陽台
RPPNMLPJMHMFFCQ09CA,1,243.29,住家用,鋼筋混凝土造,105年6月16日,四層,一層 二層 三層 四層 見其他登記事項
RPQNMLPJMHMFFCQ56CA,34,51.25,住家用,見其他登記事項,71年12月31日,一層,一層
RPPNMLSJMHMFFCQ76CA,23,204.42,住商用,鋼筋混凝土造,83年1月5日,四層,一層 二層 三層 四層 見其他登記事項
RPTNMLPKLHMFFDQ07DA,23,281.45,住家用,鋼筋混凝土造,82年12月9日,三層,一層 二層 三層
RPVNMLQJMHMFFDQ27CA,,119.40,住宅、梯間,鋼筋混凝土造,105年10月14日,三層,一層 二層 三層 陽台 見其他登記事項
RPVNMLQJMHMFFDQ27CA,,119.40,住宅、梯間,鋼筋混凝土造,105年10月14日,三層,一層 二層 三層 陽台 見其他登記事項
RPXNMLRJMHMFFDQ67DA,,208.36,住家用,鋼筋混凝土造,105年11月11日,三層,一層 二層 三層 陽台 見其他登記事項
RPOOMLRJMHMFFDQ86DA,,225.91,住家用,鋼筋混凝土造,105年11月11日,三層,一層 二層 三層 陽台 見其他登記事項
RPPOMLRJMHMFFDQ96DA,,225.71,住家用,鋼筋混凝土造,105年11月11日,三層,一層 二層 三層 陽台 見其他登記事項
RPXNMLQJMHMFFDQ47CA,,163.66,住宅、梯間,鋼筋混凝土造,105年10月14日,三層,一層 二層 三層 陽台 見其他登記事項
RPWNMLQJMHMFFDQ37CA,,187.38,住宅、梯間,鋼筋混凝土造,105年10月14日,三層,一層 二層 三層 陽台 見其他登記事項
RPVNMLQKLHMFFDQ27CA,36,129.36,住家用,鋼筋混凝土加強磚造,69年9月1日,三層,一層 二層 三層 騎樓
RPQNMLLMLHMFFEQ56CA,35,68.34,住家用,磚造,70年10月8日,一層,一層
RPRNMLLMLHMFFEQ66CA,16,469.06,農舍,鋼筋混凝土造,89年12月19日,二層,一層 二層
RPSPMLSLLHMFFCQ37CA,24,79.75,住家用,鋼筋混凝土造,81年11月30日,五層,五層 陽台
RPSPMLSLLHMFFCQ37CA,24,8.04,共有部分,鋼筋混凝土造,81年11月30日,地下層,
RPSPMLSLLHMFFCQ37CA,24,6.94,共有部分,鋼筋混凝土造,81年11月30日,五層,
RPPOMLQJMHMFFDQ76CA,,207.31,住宅、梯間,鋼筋混凝土造,105年10月14日,三層,一層 二層 三層 陽台 見其他登記事項
RPOOMLQJMHMFFDQ66CA,,173.51,住宅、梯間,鋼筋混凝土造,105年10月14日,三層,一層 二層 三層 陽台 見其他登記事項
RPVNMLKMLHMFFCQ76CA,40,71.28,住家用,鋼筋混凝土加強磚造,66年4月27日,二層,一層 二層
RPSNMLQJMHMFFCQ86CA,40,70.02,住家用,木造,65年9月30日,二層,一層 二層
RPTNMLKLLHMFFBQ98CA,22,175.72,住商用,鋼筋混凝土造,83年11月1日,三層,一層 二層 三層 陽台 騎樓 電梯樓梯間
RPSNMLMLLHMFFBQ09CA,1,85.44,住家用,鋼筋混凝土造,102年12月11日,三層,一層 二層 三層 見其他登記事項
RPSNMLMLLHMFFBQ09CA,1,85.44,住家用,鋼筋混凝土造,102年12月11日,三層,一層 二層 三層 見其他登記事項
RPUNMLKLLHMFFDQ66CA,24,115.72,住家用,鋼筋混凝土造,82年4月10日,二層,一層 二層 陽台 平台
RPVNMLPKLHMFFDQ17CA,21,66.38,集合住宅,鋼筋混凝土造,84年12月27日,五層,二層 陽台
RPVNMLPKLHMFFDQ17CA,21,12.08,樓梯間、停車空間,鋼筋混凝土造,84年12月27日,五層,
RPTNMLRKLHMFFDQ17CA,,172.51,住家用,鋼筋混凝土造,105年7月26日,四層,一層 二層 三層 四層 陽台
RPWNMLRLLHMFFCQ57DA,3,2035.20,溫室,鋼架構造,103年6月10日,一層,一層
RPUNMLRKLHMFFDQ27CA,,142.07,住家用,鋼筋混凝土造,105年7月26日,四層,一層 二層 三層 四層 陽台
RPSNMLQJMHMFFDQ07DA,1,182.71,住家用,鋼筋混凝土造,105年7月18日,三層,一層 二層 三層 陽台 見其他登記事項
RPSNMLRKLHMFFDQ07CA,1,136.29,住家用,鋼筋混凝土造,105年7月26日,四層,一層 二層 三層 四層 陽台
RPQNMLKLLHMFFDQ88CA,25,29.33,住家用,加強磚造,81年1月27日,二層,一層 二層 陽台
RPQNMLKLLHMFFDQ88CA,25,29.33,住家用,加強磚造,81年1月27日,二層,一層 二層 陽台
RPQNMLKLLHMFFDQ88CA,25,29.33,住家用,加強磚造,81年1月27日,二層,一層 二層 陽台
RPPNMLNLLHMFFCQ98CA,25,157.77,住家用,鋼筋混凝土造,81年6月30日,三層,一層 二層 三層 電梯樓梯間
RPRNMLQKLHMFFCQ76CA,1,213.48,停車空間、住宅,鋼筋混凝土造,104年11月13日,四層,一層 二層 三層 四層 見其他登記事項
RPQNMLLLLHMFFBQ78CA,27,131.85,住商用,鋼筋混凝土造,79年2月12日,三層,一層 二層 三層 騎樓
RPVNMLKLLHMFFBQ56CA,30,118.33,住家用,鋼筋混凝土加強磚造,76年2月15日,二層,一層 二層 騎樓 電梯樓梯間
RPROMLSLLHMFFCQ17CA,1,183.21,住宅、停車空間、樓梯間,鋼筋混凝土造,105年8月10日,三層,一層 二層 三層 見其他登記事項 見其他登記事項
RPRNMLLLLHMFFCQ98CA,22,254.65,住商用,鋼筋混凝土造,83年10月28日,三層,一層 二層 三層 騎樓 電梯樓梯間 見其他登記事項
RPQOMLSLLHMFFCQ07CA,1,187.13,住宅、停車空間、樓梯間,鋼筋混凝土造,105年8月10日,三層,一層 二層 三層 見其他登記事項 見其他登記事項
RPSOMLSLLHMFFCQ27CA,1,180.29,住宅、停車空間、樓梯間,鋼筋混凝土造,105年8月10日,三層,一層 二層 三層 見其他登記事項 見其他登記事項
RPRNMLOLLHMFFCQ66CA,11,186.16,停車場、店舖、住宅,鋼筋混凝土造,94年11月25日,四層,一層 二層 三層 四層 見其他登記事項
RPRNMLKMLHMFFCQ98CA,,235.49,住宅、樓梯間,鋼筋混凝土造,105年8月17日,三層,一層 二層 三層 見其他登記事項 見其他登記事項
RPQNMLKMLHMFFCQ88CA,,190.67,住宅、樓梯間,鋼筋混凝土造,105年8月17日,三層,一層 二層 三層 見其他登記事項 見其他登記事項
RPSNMLKMLHMFFCQ09CA,,188.69,住宅、樓梯間,鋼筋混凝土造,105年8月17日,三層,一層 二層 三層 見其他登記事項 見其他登記事項
RPTPMLSLLHMFFCQ47CA,1,192.22,住宅、樓梯間,鋼筋混凝土造,105年8月10日,三層,一層 二層 三層 見其他登記事項 見其他登記事項
RPWOMLSLLHMFFCQ67CA,1,192.19,住宅、樓梯間,鋼筋混凝土造,105年8月10日,三層,一層 二層 三層 見其他登記事項 見其他登記事項
RPPNMLPJMHMFFEQ66CA,22,115.16,住家用,鋼筋混凝土造,84年8月17日,二層,一層 二層 電梯樓梯間
RPTNMLKLLHMFFDQ66DA,1,167.25,停車空間、住宅,鋼筋混凝土造,104年10月16日,三層,一層 二層 三層 陽台
RPSNMLKLLHMFFBQ98DA,1,242.36,門廊、住宅,鋼筋混凝土造,105年8月4日,三層,一層 二層 三層 陽台
RPPNMLNLLHMFFEQ56CA,22,170.06,住家用,鋼筋混凝土造,84年3月8日,四層,一層 二層 三層 四層 見其他登記事項
RPTNMLLLLHMFFDQ66CA,36,161.52,住商用,鋼筋混凝土加強磚造,69年8月13日,三層,一層 二層 三層 騎樓 電梯樓梯間
RPUNMLMLLHMFFDQ86CA,36,106.37,住商用,鋼筋混凝土加強磚造,70年5月4日,二層,一層 二層 騎樓 電梯樓梯間
RPOPMLSLLHMFFCQ96CA,1,249.31,住家用,鋼筋混凝土造,105年8月10日,四層,一層 二層 三層 四層 見其他登記事項
RPQPMLSLLHMFFCQ17CA,1,195.38,住宅、樓梯間,鋼筋混凝土造,105年8月10日,三層,一層 二層 三層 見其他登記事項 見其他登記事項
RPQNMLKKMHMFFDQ88CA,40,69.15,住商用,鋼筋混凝土加強磚造,65年8月15日,二層,一層 二層
RPSNMLKKMHMFFDQ09CA,,193.61,住宅、梯間,鋼筋混凝土造,105年10月14日,三層,一層 二層 三層 陽台 見其他登記事項
RPWNMLNLLHMFFBQ96CA,21,88.28,住家用,鐵骨造,84年11月20日,二層,一層 二層
RPQNMLKMLHMFFBQ78CA,14,19.61,住家用,鋼筋混凝土造,92年2月14日,四層,三層 陽台
RPQNMLKMLHMFFBQ78CA,14,2.45,公共空間（樓梯間，電梯間）,鋼筋混凝土造,92年2月14日,四層,
RPQNMLKMLHMFFBQ78CA,14,3.60,公共空間,鋼筋混凝土造,92年2月14日,四層,
RPQNMLSJMHMFFCQ86CA,24,126.95,住家用,鋼筋混凝土造,82年5月10日,三層,一層 二層 三層 電梯樓梯間
RPPNMLMLLHMFFDQ98CA,38,83.48,住家用,鋼筋混凝土加強磚造,68年5月17日,二層,一層 二層
RPQNMLMLLHMFFDQ09CA,37,123.96,住家用,鋼筋混凝土加強磚造,69年1月26日,三層,一層 二層 三層 騎樓
RPQNMLSJMHMFFDQ96CA,36,110.53,住商用,鋼筋混凝土加強磚造,70年2月25日,二層,一層 二層 騎樓 電梯樓梯間
RPTNMLKKMHMFFDQ56CA,,155.74,住宅、梯間,鋼筋混凝土造,105年10月14日,三層,一層 二層 三層 陽台 見其他登記事項
RPRNMLSJMHMFFCQ96CA,39,91.20,住家用,鋼筋混凝土加強磚造,66年9月1日,二層,一層 二層 騎樓
RPUNMLKKMHMFFDQ66CA,,183.92,住宅、梯間,鋼筋混凝土造,105年10月14日,三層,一層 二層 三層 陽台 見其他登記事項
RPPNMLSLLHMFFCQ86CA,45,54.90,住家用,磚造,61年8月15日,一層,一層
RPSNMLNLLHMFFCQ86EA,19,145.13,店舖、住房,鋼筋混凝土造,87年3月30日,三層,一層 二層 三層 屋頂突出物
RPQNMLOLLHMFFCQ66DA,22,178.39,住商用,鋼筋混凝土造,84年2月17日,三層,一層 二層 三層 平台 電梯樓梯間 夾層 見其他登記事項
RPTNMLNKMHMFFBQ66CA,12,104.72,住家用,鋼筋混凝土造,93年9月6日,四層,一層 二層 三層 四層 陽台 電梯樓梯間
RPTNMLNKMHMFFBQ66CA,12,104.72,住家用,鋼筋混凝土造,93年9月6日,四層,一層 二層 三層 四層 陽台 電梯樓梯間
RPPNMLNKMHMFFCQ98CA,1,243.29,住家用,鋼筋混凝土造,105年6月16日,四層,一層 二層 三層 四層 見其他登記事項
RPQNMLNKMHMFFCQ09CA,1,243.29,住家用,鋼筋混凝土造,105年6月16日,四層,一層 二層 三層 四層 見其他登記事項
RPPNMLPLLHMFFCQ56CA,24,101.23,住家用,鋼筋混凝土造,81年11月30日,五層,五層 陽台
RPPNMLPLLHMFFCQ56CA,24,10.16,共有部分,鋼筋混凝土造,81年11月30日,地下層,
RPPNMLPLLHMFFCQ56CA,24,6.94,共有部分,鋼筋混凝土造,81年11月30日,五層,
RPPNMLOLLHMFFCQ09CA,15,102.88,集合住宅,鋼筋混凝土造,91年7月25日,五層,五層 陽台 雨遮
RPSNMLNLLHMFFBQ56CA,37,105.68,住家用,鋼筋混凝土加強磚造,69年4月18日,二層,一層 二層 電梯樓梯間
RPRNMLNLLHMFFBQ09CA,18,236.47,住家用,鋼筋混凝土加強磚造,88年6月9日,三層,一層 二層 電梯樓梯間
RPXNMLSLLHMFFEQ97DA,22,195.29,住家用,鋼筋混凝土造,84年2月3日,四層,一層 二層 三層 四層 騎樓 見其他登記事項
RPXNMLSLLHMFFEQ97DA,22,.36,住家用,鋼筋混凝土造,84年2月3日,一層,
RPRNMLTLLHMFFBQ07CA,27,131.85,住商用,鋼筋混凝土造,79年2月12日,三層,一層 二層 三層 騎樓
RPRNMLRLLHMFFCQ96CA,36,169.65,住家用,鋼筋混凝土加強磚造,69年10月27日,三層,一層 二層 三層 騎樓 電梯樓梯間
RPQNMLLKMHMFFCQ88CA,10,21.15,集合住宅,鋼筋混凝土造,96年6月23日,五層,三層 陽台
RPQNMLLKMHMFFCQ88CA,10,7.03,停車空間、機電設備空間、管理室、梯廳、走廊,鋼筋混凝土造,96年6月23日,五層,
RPRNMLKKMHMFFCQ88CA,23,149.50,住家用,鋼筋混凝土造,83年2月8日,三層,一層 二層 三層 電梯樓梯間
RPXNMLSKMHMFFDQ77CA,36,62.34,住家用,鋼筋混凝土加強磚造,70年6月5日,一層,一層
RPTNMLSJMHMFFCQ17CA,40,55.59,住家用,鋼筋混凝土加強磚造,66年8月15日,一層,一層
RPOOMLKMLHMFFCQ78CA,2,172.82,住宅、樓梯間,鋼筋混凝土造,103年10月2日,三層,一層 二層 三層 見其他登記事項 見其他登記事項
RPSNMLSKMHMFFBQ07CA,9,250.36,車庫、店舖、集合住宅,鋼筋混凝土造,96年9月10日,五層,一層 二層 三層 四層 五層 地下一層 見其他登記事項
RPSNMLSKMHMFFBQ07CA,9,26.99,共有部分,鋼筋混凝土造,96年9月10日,五層,
RPQOMLKMLHMFFCQ98CA,21,1082.69,管理室、飼料室、榨乳室、羊舍、堆肥舍,鋼造,85年1月31日,一層,一層
RPSOMLOKMHMFFCQ86CA,,196.31,住宅、樓梯間,鋼筋混凝土造,105年10月31日,三層,一層 二層 三層 見其他登記事項 見其他登記事項
RPROMLOKMHMFFCQ76CA,,196.31,住宅、樓梯間,鋼筋混凝土造,105年10月31日,三層,一層 二層 三層 見其他登記事項 見其他登記事項
RPVNMLOKMHMFFCQ07CA,49,130.50,住家用,磚造,57年2月11日,一層,一層 騎樓
RPVOMLNKMHMFFCQ07CA,12,152.26,住家用,鋼筋混凝土造,94年8月31日,三層,一層 二層 三層 電梯樓梯間 見其他登記事項
RPXNMLRLLHMFFCQ67DA,24,145.62,住家用,鋼筋混凝土造,82年9月1日,三層,一層 二層 三層 電梯樓梯間
RPTOMLOKMHMFFCQ96CA,,196.31,住宅、樓梯間,鋼筋混凝土造,105年10月31日,三層,一層 二層 三層 見其他登記事項 見其他登記事項
RPQOMLRJMHMFFDQ07DA,,225.91,住家用,鋼筋混凝土造,105年11月11日,三層,一層 二層 三層 陽台 見其他登記事項
RPPNMLRLLHMFFDQ96DA,1,167.25,停車空間、住宅,鋼筋混凝土造,104年10月16日,三層,一層 二層 三層 陽台
RPWNMLSKMHMFFDQ67CA,24,173.58,住家用,鋼筋混凝土造,81年11月26日,三層,一層 二層 三層 見其他登記事項
RPRNMLSJMHMFFDQ07CA,3,175.11,停車空間、住宅、樓梯間,鋼筋混凝土造,102年9月9日,三層,一層 二層 三層 陽台 雨遮 見其他登記事項
RPTNMLTLLHMFFDQ47CA,23,186.56,住商用,鋼筋混凝土造,83年8月11日,三層,一層 二層 三層 地下層 見其他登記事項
RPTNMLKMLHMFFEQ76CA,24,38.68,住家用,鋼筋混凝土造,82年4月1日,十八層,二層 陽台
RPTNMLKMLHMFFEQ76CA,24,7.68,梯間,鋼筋混凝土造,82年4月1日,十八層,
RPTNMLKMLHMFFEQ76CA,24,1.75,守衛室．健身房．游泳池．防空避難室兼停車場,鋼筋混凝土造,82年4月1日,,
RPOOMLRLLHMFFCQ76CA,,173.16,住宅、樓梯間,鋼筋混凝土造,105年12月27日,三層,一層 二層 三層 見其他登記事項 見其他登記事項
RPVNMLRLLHMFFCQ37CA,36,118.31,住家用,鋼筋混凝土加強磚造,70年3月20日,二層,一層 二層 電梯樓梯間
RPQNMLSLLHMFFCQ96CA,21,107.98,集合住宅,鋼筋混凝土造,85年5月17日,八層,二層 陽台 花台
RPQNMLSLLHMFFCQ96CA,21,19.09,共有部分,鋼筋混凝土造,85年5月17日,八層,
RPQNMLSLLHMFFCQ96CA,21,.08,警衛室,鋼筋混凝土造,85年5月17日,八層,
RPQNMLSLLHMFFCQ96CA,21,6.32,共有部分,鋼筋混凝土造,85年5月17日,八層,
RPWNMLKLMHMFFDQ96CA,49,68.60,住家用,竹磚造,57年6月1日,一層,一層
RPQNMLOKMHMFFCQ56CA,,208.07,住宅、樓梯間,鋼筋混凝土造,105年8月17日,三層,一層 二層 三層 見其他登記事項 見其他登記事項
RPRNMLLMLHMFFBQ98CA,36,64.00,住商用,鋼筋混凝土加強磚造,69年11月11日,二層,一層 二層
RPPNMLQKMHMFFBQ56CA,45,85.44,住家用,鋼筋混凝土加強磚造,61年7月5日,二層,一層 二層
RPPNMLLKMHMFFBQ68CA,21,98.39,住家用,鋼筋混凝土造,85年8月15日,十四層,六層 陽台
RPPNMLLKMHMFFBQ68CA,21,41.13,梯間、防空避難室、機械室、水塔牌樓兼停車空間,鋼筋混凝土造,85年8月15日,十四層,
RPPNMLLKMHMFFCQ78CA,23,210.77,住家用,鋼筋混凝土造,82年12月15日,四層,一層 二層 三層 四層 平台 見其他登記事項
RPXNMLKMLHMFFCQ96CA,23,151.84,住家用,鋼筋混凝土造,82年11月6日,三層,一層 二層 三層 電梯樓梯間 見其他登記事項
RPTNMLMKMHMFFDQ76CA,,206.87,住宅、梯間,鋼筋混凝土造,105年10月14日,三層,一層 二層 三層 陽台 見其他登記事項
RPWNMLPJMHMFFDQ27CA,11,165.52,住家用,鋼筋混凝土造,95年5月12日,四層,一層 二層 三層 四層 見其他登記事項
RPOOMLTLLHMFFDQ07CA,1,158.82,住宅、樓梯間,鋼筋混凝土造,105年7月18日,三層,一層 二層 三層 見其他登記事項 見其他登記事項
RPUNMLSLLHMFFDQ47CA,13,19.47,住家用,鋼筋混凝土造,93年8月3日,五層,五層 陽台
RPUNMLSLLHMFFDQ47CA,13,.22,停車空間,鋼筋混凝土造,93年8月3日,五層,
RPUNMLSLLHMFFDQ47CA,13,2.41,樓梯間、機房,鋼筋混凝土造,93年8月3日,五層,
RPUNMLSLLHMFFDQ47CA,13,.90,車道、停車空間,鋼筋混凝土造,93年8月3日,五層,
RPUNMLSLLHMFFDQ47CA,13,1.30,樓梯間、機械室,鋼筋混凝土造,93年8月3日,五層,
RPUNMLSLLHMFFDQ47CA,13,5.60,樓梯間,鋼筋混凝土造,93年8月3日,五層,
RPPNMLTLLHMFFCQ17EA,35,99.02,住家用,鋼筋混凝土加強磚造,70年11月5日,二層,一層 二層 電梯樓梯間
RPPNMLQJMHMFFCQ76EA,10,232.04,住宅、停車空間,鋼筋混凝土造,96年7月19日,四層,一層 二層 三層 四層 見其他登記事項
RPUNMLSKMHMFFCQ37CA,38,88.28,住家用,鋼筋混凝土加強磚造,67年8月15日,二層,一層 二層
RPSNMLPJMHMFFDQ96DA,11,275.15,集合住宅,鋼筋混凝土造,95年7月18日,四層,一層 二層 三層 四層 見其他登記事項
RPSNMLPJMHMFFDQ96DA,11,1.25,機械室、樓梯間、開放空間、交誼室,鋼筋混凝土造,95年7月18日,四層,
RPSNMLPJMHMFFDQ96DA,11,.72,機械室、樓梯間,鋼筋混凝土造,95年7月18日,一層,
RPSNMLPJMHMFFDQ96DA,11,1.69,機械室、樓梯間、垃圾處理場、管理中心,鋼筋混凝土造,95年7月18日,三層,
RPQNMLTLLHMFFDQ27DA,1,167.25,停車空間、住宅,鋼筋混凝土造,104年10月16日,三層,一層 二層 三層 陽台
RPTNMLSLLHMFFDQ37CA,13,86.55,店舖,鋼筋混凝土造,93年8月3日,五層,一層 陽台
RPTNMLSLLHMFFDQ37CA,13,6.69,樓梯間、機房,鋼筋混凝土造,93年8月3日,五層,
RPTNMLSLLHMFFDQ37CA,13,4.07,車道、停車空間,鋼筋混凝土造,93年8月3日,五層,
RPTNMLSLLHMFFDQ37CA,13,1.00,停車空間,鋼筋混凝土造,93年8月3日,五層,
RPOPMLNKMHMFFDQ56CA,8,190.21,住家用,鋼筋混凝土造,97年11月13日,三層,一層 二層 三層 陽台
RPSNMLKMLHMFFBQ98CA,20,43.04,住商用,鋼筋混凝土造,85年11月13日,二層,一層 二層 騎樓 電梯樓梯間
RPWNMLRJMHMFFDQ57DA,,305.68,住家用,鋼筋混凝土造,105年11月11日,三層,一層 二層 三層 陽台 見其他登記事項
RPWNMLKMLHMFFCQ86CA,22,156.14,住商用,鋼筋混凝土造,84年5月8日,三層,一層 二層 三層 騎樓 電梯樓梯間 見其他登記事項
RPPOMLKMLHMFFCQ88CA,,162.32,住宅、樓梯間,鋼筋混凝土造,105年12月27日,三層,一層 二層 三層 見其他登記事項 見其他登記事項
RPRNMLKMLHMFFDQ09CA,,164.98,住宅、樓梯間,鋼筋混凝土造,106年1月24日,三層,一層 二層 三層 陽台 見其他登記事項
RPSNMLKMLHMFFDQ56CA,,169.74,停車空間、住宅、樓梯間,鋼筋混凝土造,106年1月24日,三層,一層 二層 三層 陽台 見其他登記事項
RPTNMLKMLHMFFDQ66CA,,154.22,停車空間、住宅、樓梯間,鋼筋混凝土造,106年1月24日,三層,一層 二層 三層 陽台 見其他登記事項
RPUNMLKMLHMFFDQ76CA,,169.74,停車空間、住宅、樓梯間,鋼筋混凝土造,106年1月24日,三層,一層 二層 三層 陽台 見其他登記事項
RPVNMLKMLHMFFDQ86CA,,169.74,停車空間、住宅、樓梯間,鋼筋混凝土造,106年1月24日,三層,一層 二層 三層 陽台 見其他登記事項
RPWNMLKMLHMFFDQ96CA,,167.34,停車空間、住宅、樓梯間,鋼筋混凝土造,106年1月24日,三層,一層 二層 三層 陽台 見其他登記事項
RPXNMLKMLHMFFDQ07CA,,167.34,停車空間、住宅、樓梯間,鋼筋混凝土造,106年1月24日,三層,一層 二層 三層 陽台 見其他登記事項
RPOOMLKMLHMFFDQ88CA,,167.60,停車空間、住宅、樓梯間,鋼筋混凝土造,106年1月24日,三層,一層 二層 三層 陽台 見其他登記事項
RPRNMLTLLHMFFDQ27CA,12,16.15,見其他登記事項,鋼筋混凝土造,94年8月15日,五層,四層
RPRNMLTLLHMFFDQ27CA,12,7.19,見其他登記事項,鋼筋混凝土造,94年8月15日,五層,
RPPOMLKMLHMFFDQ98CA,,154.22,停車空間、住宅、樓梯間,鋼筋混凝土造,106年1月24日,三層,一層 二層 三層 陽台 見其他登記事項
RPRNMLLKMHMFFDQ56DA,20,157.96,見其他登記事項,鋼筋混凝土造,85年11月22日,四層,
RPVNMLLMLHMFFDQ07DA,24,79.31,集合住宅,鋼筋混凝土造,82年4月1日,六層,四層 陽台
RPVNMLLMLHMFFDQ07DA,24,9.46,共有部分,鋼筋混凝土造,82年4月1日,六層,
RPVNMLLMLHMFFDQ07DA,24,9.21,共有部分,鋼筋混凝土造,82年4月1日,六層,
RPSOMLTKMHMFFDQ47CA,20,71.29,住家用,鋼筋混凝土造,86年5月24日,五層,四層 陽台
RPSOMLTKMHMFFDQ47CA,20,10.14,電梯、水箱、機械房、梯間,鋼筋混凝土造,86年5月24日,五層,
RPSOMLTKMHMFFDQ47CA,20,24.23,公共設施、防空避難室、停車空間,鋼筋混凝土造,86年5月24日,五層,
RPUOMLNKMHMFFDQ07CA,1,199.85,住家用,鋼筋混凝土,105年1月29日,四層,一層 二層 三層 四層 陽台
SPSOMLTKMHMFFDQ57CA,20,77.79,住家用,鋼筋混凝土造,86年5月24日,五層,四層 陽台
SPSOMLTKMHMFFDQ57CA,20,11.82,電梯、水箱、機械房、梯間,鋼筋混凝土造,86年5月24日,五層,
SPSOMLTKMHMFFDQ57CA,20,26.61,公共設施、防空避難室、停車空間,鋼筋混凝土造,86年5月24日,五層,
RPUOMLQJMHMFFDQ27CA,35,162.85,住家用,鋼筋混凝土加強磚造,71年8月11日,三層,一層 二層 三層 騎樓 電梯樓梯間
RPUNMLNKMHMFFDQ96CA,23,176.70,住家用,鋼筋混凝土造,83年6月20日,四層,一層 二層 三層 四層 地下層 見其他登記事項
RPUNMLNKMHMFFDQ96CA,23,27.69,共有部分,鋼筋混凝土造,83年6月20日,,
RPUNMLKMLHMFFCQ66CA,1,222.18,停車空間、店舖、住宅,鋼筋混凝土造,104年11月13日,四層,一層 二層 三層 四層 見其他登記事項
RPRNMLRJMHMFFCQ86CA,23,90.80,住家用,鋼筋混凝土造,82年12月14日,七層,六層 陽台 花台 雨遮
RPRNMLRJMHMFFCQ86CA,23,9.47,共有部分,鋼筋混凝土造,82年12月14日,七層,
RPRNMLRJMHMFFCQ86CA,23,9.81,共有部分,鋼筋混凝土造,82年12月14日,七層,
RPQNMLRKMHMFFBQ76CA,4,168.26,住宅、樓梯間,鋼筋混凝土造,102年2月7日,三層,一層 二層 三層 見其他登記事項
RPSNMLKLMHMFFCQ09CA,36,93.18,住家用,鋼筋混凝土加強磚造,70年4月10日,二層,一層 二層 電梯樓梯間
RPUNMLPJMHMFFCQ96CA,17,135.15,住家用,鋼筋混凝土造,89年4月28日,三層,一層 二層 三層 見其他登記事項
RPUNMLQJMHMFFDQ27DA,1,167.25,停車空間、住宅,鋼筋混凝土造,104年10月16日,三層,一層 二層 三層 陽台
RPRNMLKKMHMFFDQ09DA,36,102.61,住家用,鋼筋混凝土加強磚造,70年6月3日,二層,一層 二層 電梯樓梯間
RPRNMLRJMHMFFEQ17DA,35,56.58,住家用,磚造,71年6月15日,一層,一層
RPQNMLQJMHMFFBQ66DA,1,183.68,門廊、住宅,鋼筋混凝土造,105年8月4日,三層,一層 二層 三層 陽台
RPWNMLQJMHMFFEQ47CA,36,81.20,住家用,鋼筋混凝土加強磚造,69年11月18日,二層,一層 二層
RPTNMLRJMHMFFEQ27CA,6,116.74,住房、樓梯間,鋼筋混凝土造,99年11月5日,三層,一層 二層 三層 陽台 屋頂突出物
RPVNMLQJMHMFFEQ37CA,24,38.83,住家用,鋼筋混凝土造,82年4月1日,十八層,三層 陽台
RPVNMLQJMHMFFEQ37CA,24,7.68,梯間,鋼筋混凝土造,82年4月1日,十八層,
RPVNMLQJMHMFFEQ37CA,24,1.75,守衛室．健身房．游泳池．防空避難室兼停車場,鋼筋混凝土造,82年4月1日,,
RPTNMLQJMHMFFBQ96DA,1,183.68,門廊、住宅,鋼筋混凝土造,105年8月4日,三層,一層 二層 三層 陽台
RPROMLRJMHMFFDQ07CA,18,76.23,住家用,鋼筋混凝土加強磚造,88年5月19日,一層,一層
RPWOMLQJMHMFFDQ47CA,1,186.46,住家用,鋼筋混凝土造,105年8月19日,三層,一層 二層 三層 陽台 見其他登記事項
RPTNMLRKMHMFFCQ17CA,38,79.12,住家用,鋼筋混凝土加強磚造,68年6月20日,二層,一層 二層
RPTNMLRKMHMFFCQ17CA,38,79.12,住家用,鋼筋混凝土加強磚造,68年6月20日,二層,一層 二層
RPRNMLMKMHMFFCQ09CA,6,165.30,住家用,鋼筋混凝土造,99年12月24日,三層,一層 二層 三層 見其他登記事項
RPRNMLPLMHMFFBQ76CA,11,24.89,住家用,鋼筋混凝土造,94年10月3日,十層,十層 陽台
RPRNMLPLMHMFFBQ76CA,11,.14,管理委員會使用空間,鋼筋混凝土造,94年10月3日,十層,
RPRNMLPLMHMFFBQ76CA,11,24.89,住家用,鋼筋混凝土造,94年10月3日,十層,十層 陽台
RPPNMLRJMHMFFBQ56CA,1,168.22,住宅、樓梯間,鋼筋混凝土造,105年4月27日,三層,一層 二層 三層 見其他登記事項 見其他登記事項
RPQNMLTKMHMFFBQ96CA,,250.62,住家用,鋼筋混凝土造,106年2月16日,四層,一層 二層 三層 四層 陽台
RPRNMLTKMHMFFBQ07CA,,237.81,住家用,鋼筋混凝土造,106年2月16日,四層,一層 二層 三層 四層 陽台
RPSNMLTKMHMFFBQ17CA,,236.77,住家用,鋼筋混凝土造,106年2月16日,四層,一層 二層 三層 四層 陽台
RPPNMLRJMHMFFCQ66CA,40,189.21,住商用,鋼筋混凝土加強磚造,66年5月5日,三層,一層 二層 三層 騎樓
RPROMLLJNHMFFDQ56CA,20,6.19,樓梯間,鋼筋混凝土造,86年7月15日,四層,
RPROMLLJNHMFFDQ56CA,20,83.69,集合住宅,鋼筋混凝土造,86年7月15日,4,三層 陽台
RPUNMLRJMHMFFDQ37DA,1,167.25,停車空間、住宅,鋼筋混凝土造,104年10月16日,三層,一層 二層 三層 陽台
RPVNMLRJMHMFFDQ47DA,,209.05,住家用,鋼筋混凝土造,105年11月11日,三層,一層 二層 三層 陽台 見其他登記事項
RPQNMLKKMHMFFCQ88DA,24,81.59,住家用,鋼筋混凝土造,81年11月30日,五層,五層 陽台
RPSNMLQLMHMFFDQ17CA,,187.38,住宅、梯間,鋼筋混凝土造,105年10月14日,三層,一層 二層 三層 陽台 見其他登記事項
RPTNMLQLMHMFFDQ27CA,,194.41,住宅、梯間,鋼筋混凝土造,105年10月14日,三層,一層 二層 三層 陽台 見其他登記事項
RPSOMLNKMHMFFDQ86CA,39,50.00,住家用,磚造,66年12月29日,一層,一層
RPTNMLPLMHMFFDQ17CA,23,33.00,集合住宅,鋼筋混凝土造,82年10月6日,九層,五層 陽台
RPTNMLPLMHMFFDQ17CA,23,1.97,梯間,鋼筋混凝土造,82年10月6日,九層,
RPTNMLPLMHMFFDQ17CA,23,5.20,避難室、停車場,鋼筋混凝土造,82年10月6日,9,
RPTNMLPLMHMFFDQ17CA,23,10.70,梯間,鋼筋混凝土造,82年10月6日,九層,
RPTNMLKKMHMFFCQ09CA,35,115.15,住家用,鋼筋混凝土加強磚造,70年11月4日,二層,一層 二層 陽台 電梯樓梯間
RPPNMLMKMHMFFBQ78CA,11,19.19,住家用,鋼筋混凝土造,95年8月28日,八層,二層 陽台
RPPNMLMKMHMFFBQ78CA,11,4.61,共有部分,鋼筋混凝土造,95年8月28日,,
RPPNMLMKMHMFFBQ78CA,11,7.43,共有部分,鋼筋混凝土造,95年8月28日,,
RPQNMLMKMHMFFBQ88CA,11,19.19,住家用,鋼筋混凝土造,95年8月28日,八層,三層 陽台
RPQNMLMKMHMFFBQ88CA,11,4.61,共有部分,鋼筋混凝土造,95年8月28日,,
RPQNMLMKMHMFFBQ88CA,11,7.43,共有部分,鋼筋混凝土造,95年8月28日,,
RPUNMLKKMHMFFBQ09CA,1,2714.61,雞舍１、雞舍２、管理室、倉儲設施、堆肥舍、電機室、水塔、飼料桶,鋼骨構造,104年11月5日,一層,一層
RPWNMLMKMHMFFBQ86CA,1,226.85,住家用,鋼筋混凝土造,104年11月24日,四層,一層 二層 三層 四層 見其他登記事項
RPPOMLTKMHMFFBQ96CA,12,18.11,住家用,鋼筋混凝土造,94年1月3日,五層,四層 陽台
RPPOMLTKMHMFFBQ96CA,12,1.79,梯廳、樓電梯室、消防泵浦、電信室、梯間,鋼筋混凝土造,94年1月3日,五層,
RPPOMLTKMHMFFBQ96CA,12,2.73,走廊,鋼筋混凝土造,94年1月3日,五層,
RPSNMLSKMHMFFCQ17CA,13,158.64,集合住宅,鋼筋混凝土造,93年9月6日,三層,一層 二層 三層 電梯樓梯間 見其他登記事項
RPVOMLOKMHMFFCQ17CA,,220.69,住宅、樓梯間,鋼筋混凝土造,105年10月31日,三層,一層 二層 三層 見其他登記事項 見其他登記事項
RPPNMLRKMHMFFCQ76CA,,260.26,住家用,鋼筋混凝土造,105年12月15日,三層,一層 二層 三層 見其他登記事項
RPUNMLQLMHMFFDQ37CA,,212.94,住宅、梯間,鋼筋混凝土造,105年10月14日,三層,一層 二層 三層 陽台 見其他登記事項
RPSNMLNKMHMFFCQ66CA,22,197.74,住家用,鋼筋混凝土造,83年9月5日,四層,一層 二層 三層 四層 電梯樓梯間 夾層 見其他登記事項
RPPOMLNKMHMFFDQ56CA,20,152.18,住家用,鋼筋混凝土造,86年4月23日,四層,一層 二層 三層 四層 陽台
RPWNMLKKMHMFFDQ86CA,1,170.95,住家用,鋼筋混凝土造,105年8月19日,三層,一層 二層 三層 陽台 見其他登記事項
RPUNMLPLMHMFFDQ27CA,23,102.37,集合住宅,鋼筋混凝土造,82年10月6日,九層,二層 陽台
RPUNMLPLMHMFFDQ27CA,23,13.74,梯間,鋼筋混凝土造,82年10月6日,九層,
RPUNMLPLMHMFFDQ27CA,23,16.06,避難室、停車場,鋼筋混凝土造,82年10月6日,9,
RPRNMLQLMHMFFDQ07CA,,93.69,住宅、梯間,鋼筋混凝土造,105年10月14日,三層,一層 二層 三層 陽台 見其他登記事項
RPRNMLQLMHMFFDQ07CA,,93.69,住宅、梯間,鋼筋混凝土造,105年10月14日,三層,一層 二層 三層 陽台 見其他登記事項
RPQNMLQLMHMFFDQ96CA,,94.82,住宅、梯間,鋼筋混凝土造,105年10月14日,三層,一層 二層 三層 陽台 見其他登記事項
RPQNMLQLMHMFFDQ96CA,,94.82,住宅、梯間,鋼筋混凝土造,105年10月14日,三層,一層 二層 三層 陽台 見其他登記事項
RPPNMLTKMHMFFDQ07CA,,153.15,住家用,鋼筋混凝土,106年1月24日,三層,一層 二層 三層 陽台 見其他登記事項
RPVNMLTKMHMFFDQ67CA,,214.90,住家用,鋼筋混凝土造,105年7月26日,四層,一層 二層 三層 四層 陽台
RPPNMLNKMHMFFEQ76EA,36,96.87,住家用,加強磚造,70年3月15日,二層,一層 二層 騎樓
RPXNMLLJNHMFFDQ07CA,29,181.22,住商用,鋼筋混凝土加強磚造,77年5月14日,三層,一層 二層 三層 騎樓
RPSNMLSKMHMFFDQ37DA,23,181.81,住家用,鋼筋混凝土造,83年8月11日,三層,一層 二層 三層 地下層 見其他登記事項
RPPNMLQJNHMFFEQ86CA,2,201.99,住家用,鋼筋混凝土造,103年12月22日,四層,一層 二層 三層 四層 陽台
RPOOMLNKMHMFFDQ09CA,39,106.98,住商用,鋼筋混凝土加強磚造,67年6月30日,二層,一層 二層 騎樓 廚房
RPRNMLQJNHMFFCQ86CA,,198.14,住家用,鋼筋混凝土造,105年11月24日,四層,一層 二層 三層 四層 見其他登記事項
RPQNMLQJNHMFFCQ76CA,,195.50,住家用,鋼筋混凝土造,105年11月24日,四層,一層 二層 三層 四層 見其他登記事項
RPTNMLNKMHMFFDQ86CA,11,261.78,住家用,鋼筋混凝土造,95年4月28日,三層,
RPQOMLNKMHMFFCQ56CA,,172.24,住家用,鋼筋混凝土造,105年12月27日,三層,一層 二層 三層 見其他登記事項
RPSOMLNKMHMFFCQ76CA,,163.67,住宅、樓梯間,鋼筋混凝土造,105年12月27日,三層,一層 二層 三層 見其他登記事項 見其他登記事項
RPSNMLOKMHMFFCQ76CA,34,61.08,住家用,鋼筋混凝土造,72年3月12日,五層,五層
RPSNMLOKMHMFFCQ76CA,34,7.92,共有部分,鋼筋混凝土造,72年3月12日,五層,
RPTOMLNKMHMFFCQ86CA,,168.79,住宅、樓梯間,鋼筋混凝土造,105年12月27日,三層,一層 二層 三層 見其他登記事項 見其他登記事項
RPUNMLOJNHMFFDQ07CA,37,91.68,住家用,加強磚造,69年5月20日,二層,一層 二層
RPTNMLOJNHMFFDQ96CA,35,97.00,住家用,鋼筋混凝土加強磚造,71年9月10日,二層,一層 二層 電梯樓梯間
RPUNMLQLMHMFFCQ27CA,35,94.60,住家用,鋼筋混凝土加強磚造,71年3月15日,二層,一層 二層 陽台
RPROMLNKMHMFFCQ66CA,,152.50,住家用,鋼筋混凝土造,105年12月27日,三層,一層 二層 三層 見其他登記事項
RPQNMLQKMHMFFBQ66CA,34,178.92,住家用,ＲＣ磚造、鐵架造,71年12月26日,三層,一層 二層 三層 騎樓
RPRNMLOKMHMFFCQ66CA,13,158.64,集合住宅,鋼筋混凝土造,93年9月6日,三層,一層 二層 三層 電梯樓梯間 見其他登記事項
SPRNMLOKMHMFFCQ76CA,13,158.64,集合住宅,鋼筋混凝土造,93年9月6日,三層,一層 二層 三層 電梯樓梯間 見其他登記事項
RPPNMLOKMHMFFDQ56CA,9,251.48,店舖、住宅、停車空間,鋼筋混凝土造,97年8月4日,四層,一層 二層 三層 四層 陽台 雨遮
RPXNMLOLMHMFFDQ47CA,18,124.20,住家用,鋼筋混凝土造,87年11月24日,三層,一層 二層 三層 陽台 平台
RPSNMLOLMHMFFDQ96CA,5,201.48,店舖、住宅、走道、停車空間,鋼筋混凝土造,101年6月19日,四層,一層 二層 三層 四層 陽台 騎樓
RPOOMLQLMHMFFDQ86CA,23,157.31,集合住宅,鋼筋混凝土造,83年8月19日,七層,七層 陽台
RPOOMLQLMHMFFDQ86CA,23,21.52,防空避難室、樓梯間﹝共同使用﹞,鋼筋混凝土造,83年8月19日,七層,
RPOOMLQLMHMFFDQ86CA,23,10.90,停車場（共同使用）,鋼筋混凝土造,83年8月19日,七層,
RPTNMLLJNHMFFDQ66CA,,177.01,住家用,鋼筋混凝土造,105年9月27日,四層,一層 二層 三層 四層 陽台
RPSNMLNKMHMFFBQ66DA,11,15.06,住家用,鋼筋混凝土造,95年8月28日,八層,四層 陽台
RPSNMLNKMHMFFBQ66DA,11,4.20,共有部分,鋼筋混凝土造,95年8月28日,,
RPSNMLNKMHMFFBQ66DA,11,5.78,共有部分,鋼筋混凝土造,95年8月28日,,
SPSNMLNKMHMFFBQ76DA,11,15.06,住家用,鋼筋混凝土造,95年8月28日,八層,四層 陽台
SPSNMLNKMHMFFBQ76DA,11,4.20,共有部分,鋼筋混凝土造,95年8月28日,,
SPSNMLNKMHMFFBQ76DA,11,5.78,共有部分,鋼筋混凝土造,95年8月28日,,
RPRNMLNJNHMFFDQ66CA,,194.41,住宅、梯間,鋼筋混凝土造,105年10月14日,三層,一層 二層 三層 陽台 見其他登記事項
RPUNMLOKMHMFFDQ07CA,5,163.68,停車空間、住宅、樓梯間,鋼筋混凝土造,100年9月15日,三層,一層 二層 三層 陽台 見其他登記事項
RPSNMLNJNHMFFDQ76CA,,189.62,住宅、梯間,鋼筋混凝土造,105年10月14日,三層,一層 二層 三層 陽台 見其他登記事項
RPUNMLRKMHMFFDQ37CA,3,263.00,住宅、停車空間、樓梯間,鋼筋混凝土造,102年11月29日,四層,一層 二層 三層 四層 陽台 見其他登記事項
RPUNMLTKMHMFFCQ47CA,13,158.64,集合住宅,鋼筋混凝土造,93年9月6日,三層,一層 二層 三層 電梯樓梯間 見其他登記事項
RPUOMLNKMHMFFCQ96CA,36,110.06,住商用,鋼筋混凝土加強磚造,70年2月24日,二層,一層 二層 電梯樓梯間
RPWNMLOKMHMFFBQ07CA,12,18.06,住家用,鋼筋混凝土造,94年1月3日,五層,四層 陽台
RPWNMLOKMHMFFBQ07CA,12,1.79,梯廳、樓電梯室、消防泵浦、電信室、梯間,鋼筋混凝土造,94年1月3日,五層,
RPWNMLOKMHMFFBQ07CA,12,2.72,走廊,鋼筋混凝土造,94年1月3日,五層,
RPRNMLSKMHMFFBQ96CA,12,198.70,住商用,鋼筋混凝土造,93年10月8日,四層,一層 二層 三層 四層 陽台 雨遮
RPVNMLTKMHMFFBQ47CA,,310.93,住家用,鋼筋混凝土造,105年11月14日,四層,一層 二層 三層 四層 陽台
RPOOMLTKMHMFFBQ86CA,37,119.44,住家用,鋼筋混凝土加強磚造,69年5月17日,二層,一層 二層 騎樓
RPUNMLRLMHMFFCQ37CA,3,176.56,住家用,鋼筋混凝土造,103年8月15日,三層,一層 二層 三層 見其他登記事項
RPOOMLPJNHMFFCQ56CA,37,103.38,住商用,鋼筋混凝土加強磚造,68年12月31日,二層,一層 二層 騎樓 電梯樓梯間
RPOOMLPJNHMFFCQ56CA,37,103.38,住商用,鋼筋混凝土加強磚造,68年12月31日,二層,一層 二層 騎樓 電梯樓梯間
RPVNMLTJNHMFFDQ77DA,23,181.81,住家用,鋼筋混凝土造,83年8月11日,三層,一層 二層 三層 地下層 見其他登記事項
RPVNMLRKMHMFFDQ47CA,35,132.23,住商用,鋼筋混凝土加強磚造,70年10月17日,三層,一層 二層 三層 騎樓 電梯樓梯間
RPTNMLTKMHMFFDQ67EA,1,167.25,停車空間、住宅,鋼筋混凝土造,104年10月16日,三層,一層 二層 三層 陽台
RPSNMLMJNHMFFEQ76CA,24,33.90,住家用,鋼筋混凝土造,82年4月1日,十八層,六層 陽台
RPSNMLMJNHMFFEQ76CA,24,1.75,守衛室．健身房．游泳池．防空避難室兼停車場,鋼筋混凝土造,82年4月1日,,
RPSNMLMJNHMFFEQ76CA,24,6.62,梯間,鋼筋混凝土造,82年4月1日,十八層,
RPPNMLMLMHMFFEQ56CA,38,127.34,住家用,鋼筋混凝土加強磚造,67年12月22日,二層,一層 二層 電梯樓梯間
RPQNMLTKMHMFFEQ27CA,22,173.01,住家用,鋼筋混凝土加強磚造,84年9月21日,三層,一層 二層 三層 電梯樓梯間
RPSNMLSJNHMFFDQ27CA,4,200.26,,鋼筋混凝土造,101年8月29日,四層,一層 二層 三層 四層 陽台
RPSNMLSJNHMFFDQ27CA,10,.65,機械室、樓梯間、垃圾處理場、管理中心,鋼筋混凝土造,95年7月18日,三層,
RPSNMLSJNHMFFDQ27CA,10,.27,機械室、樓梯間,鋼筋混凝土造,95年7月18日,一層,
RPSNMLSJNHMFFDQ27CA,10,.48,機械室、樓梯間、開放空間、交誼室,鋼筋混凝土造,95年7月18日,四層,
RPPNMLTKMHMFFEQ17CA,21,218.37,店鋪、住房、停車空間,鋼筋混凝土造,85年9月2日,四層,一層 二層 三層 四層 陽台 騎樓 露台 雨遮
RPVNMLTKMHMFFCQ57CA,18,144.85,集合住宅,鋼筋混凝土造,88年4月28日,五層,二層 陽台
RPVNMLTKMHMFFCQ57CA,18,27.91,通廊．梯間．水箱．機械房,鋼筋混凝土造,88年4月28日,五層,
RPPNMLLLMHMFFCQ88CA,36,116.73,住商用,鋼筋混凝土加強磚造,70年9月7日,二層,一層 二層 騎樓 電梯樓梯間
RPQOMLOLMHMFFCQ76CA,34,80.12,住家用,鋼筋混凝土加強磚造,72年9月15日,一層,一層 二層
RPXNMLOLMHMFFCQ37CA,36,109.35,住商用,鋼筋混凝土加強磚造,70年3月20日,二層,一層 二層 電梯樓梯間
RPOOMLOLMHMFFCQ56CA,40,99.46,住家用,鋼筋混凝土加強磚造,66年1月31日,二層,一層 二層
RPTNMLTKMHMFFBQ27CA,,279.70,住家用,鋼筋混凝土造,105年11月14日,四層,一層 二層 三層 四層 陽台
RPUNMLKLMHMFFBQ56CA,32,253.70,店舖、住宅、神明廳,鋼筋混凝土造,73年11月10日,四層,一層 二層 三層 四層 騎樓
RPPNMLSKMHMFFBQ76CA,50,64.55,住家用,鋼筋混凝土造,55年12月9日,一層,一層
RPPNMLTLMHMFFCQ07CA,24,174.06,住家用,鋼筋混凝土造,82年8月16日,三層,一層 二層 三層 陽台 電梯樓梯間
RPXNMLRLMHMFFBQ57CA,,279.70,住家用,鋼筋混凝土造,105年11月14日,四層,一層 二層 三層 四層 陽台
RPWNMLOLMHMFFBQ17CA,24,160.20,住商用,鋼筋混凝土加強磚造,82年7月8日,三層,一層 二層 三層 騎樓 電梯樓梯間
RPPNMLKLMHMFFBQ68CA,38,46.10,住家用,鋼筋混凝土加強磚造,68年7月9日,二層,一層 二層
RPTNMLSKMHMFFBQ17CA,23,127.12,住家用,鋼筋混凝土造,83年6月16日,三層,一層 二層 三層
RPSNMLKLMHMFFBQ98CA,4,145.29,住宅、樓梯間,鋼筋混凝土造,102年7月15日,三層,一層 二層 三層 陽台 見其他登記事項
RPQNMLPJNHMFFBQ56CA,1,211.85,住家用,鋼筋混凝土造,105年5月16日,四層,一層 二層 三層 四層 見其他登記事項
RPRNMLLLMHMFFCQ09CA,22,90.70,集合住宅,鋼筋混凝土造,84年7月20日,六層,五層 陽台
RPRNMLLLMHMFFCQ09CA,22,20.06,共有部分,鋼筋混凝土造,84年7月20日,一層,
RPRNMLLLMHMFFCQ09CA,22,13.86,共有部分,鋼筋混凝土造,84年7月20日,,
RPRNMLLLMHMFFCQ09CA,22,75.45,集合住宅,鋼筋混凝土造,84年7月20日,六層,五層 陽台 花台
RPRNMLLLMHMFFCQ09CA,22,5.42,共有部分,鋼筋混凝土造,84年7月20日,一層,
RPRNMLLLMHMFFCQ09CA,22,12.65,共有部分,鋼筋混凝土造,84年7月20日,,
RPTNMLNJNHMFFDQ86CA,,247.76,住宅、梯間,鋼筋混凝土造,105年10月14日,三層,一層 二層 三層 陽台 見其他登記事項
RPUNMLNJNHMFFDQ96CA,,175.98,住宅、梯間,鋼筋混凝土造,105年10月14日,三層,一層 二層 三層 陽台 見其他登記事項
RPVNMLNJNHMFFDQ07CA,,87.92,住宅、梯間,鋼筋混凝土造,105年10月14日,三層,一層 二層 三層 陽台 見其他登記事項
RPVNMLNJNHMFFDQ07CA,,87.92,住宅、梯間,鋼筋混凝土造,105年10月14日,三層,一層 二層 三層 陽台 見其他登記事項
RPWNMLNJNHMFFDQ17CA,26,172.63,住家用,鋼筋混凝土造,80年7月26日,二層,一層 二層 騎樓
RPWNMLMJNHMFFBQ86CA,2,204.01,集合住宅,鋼筋混凝土造,104年7月20日,四層,一層 二層 三層 四層 陽台
RPSNMLPLMHMFFCQ17EA,18,169.35,住家用,鋼筋混凝土造,88年1月11日,三層,一層 二層 三層 平台 電梯樓梯間 見其他登記事項
RPSNMLTLMHMFFDQ47CA,34,125.26,住家用,鋼筋混凝土加強磚造,72年3月8日,二層,一層 二層 騎樓
RPUNMLPJNHMFFEQ27CA,22,.36,住家用,鋼筋混凝土造,84年2月3日,一層,
RPUNMLPJNHMFFEQ27CA,22,194.18,住家用,鋼筋混凝土造,84年2月3日,四層,一層 二層 三層 四層 騎樓 見其他登記事項
RPTNMLKLMHMFFBQ56DA,23,97.17,住家用,鋼筋混凝土造,83年5月12日,七層,一層 平台
RPTNMLKLMHMFFBQ56DA,23,26.34,樓梯間﹒避難室﹒停車場,鋼筋混凝土造,83年5月12日,七層,
RPPNMLLJNHMFFDQ88CA,9,125.92,住家用,鋼筋混凝土造,96年10月2日,三層,一層 二層 三層 陽台
RPRNMLOLMHMFFDQ86CA,21,89.92,住家用,鋼筋混凝土造,85年1月15日,六層,六層 陽台 花台
RPRNMLOLMHMFFDQ86CA,21,32.08,停車空間、梯間,鋼筋混凝土造,85年1月15日,六層,
RPTNMLOLMHMFFCQ96CA,35,112.31,住家用,鋼筋混凝土加強磚造,70年12月17日,二層,一層 二層 陽台
RPQNMLMKNHMFFCQ09CA,22,119.22,集合住宅、店舖,鋼筋混凝土造,83年8月10日,七層,一層 二層 陽台 騎樓
RPOOMLMKNHMFFCQ98CA,37,62.98,住家用,磚木造,69年7月7日,一層,一層
RPWNMLMKNHMFFCQ07CA,36,67.91,住商用,鋼筋混凝土加強磚造,70年8月17日,二層,一層 二層 騎樓 電梯樓梯間
RPWNMLMKNHMFFCQ07CA,36,67.91,住商用,鋼筋混凝土加強磚造,70年8月17日,二層,一層 二層 騎樓 電梯樓梯間
RPRNMLNJNHMFFCQ76EA,37,98.40,住家用,鋼筋混凝土加強磚造,69年6月6日,二層,一層 二層 騎樓
SPUNMLLJNHMFFBQ66CA,11,191.08,住家用,鋼筋混凝土造,95年8月28日,三層,一層 二層 三層 陽台 見其他登記事項
RPVNMLLJNHMFFBQ66CA,21,111.33,住家用,鋼筋混凝土造,85年8月15日,十四層,四層 陽台 露台
RPVNMLLJNHMFFBQ66CA,21,45.61,梯間、防空避難室、機械室、水塔牌樓兼停車空間,鋼筋混凝土造,85年8月15日,十四層,
RPVNMLKKNHMFFDQ86CA,18,169.62,住家用,鋼筋混凝土造,88年2月4日,三層,一層 二層 三層 陽台 平台 電梯樓梯間
RPSNMLPLMHMFFBQ86CA,21,90.00,住家用,鋼筋混凝土造,85年8月15日,十四層,十四層 陽台
RPSNMLPLMHMFFBQ86CA,21,25.65,梯間、防空避難室、機械室、水塔牌樓兼停車空間,鋼筋混凝土造,85年8月15日,十四層,
RPVNMLPLMHMFFCQ27CA,13,171.20,停車空間、集合住宅,鋼筋混凝土造,93年1月30日,四層,一層 二層 三層 四層 見其他登記事項
RPQNMLRLMHMFFCQ96CA,34,58.62,集合住宅,鋼筋混凝土造,72年2月4日,三層,三層 陽台
RPQNMLRLMHMFFCQ96CA,34,7.21,共有部分,鋼筋混凝土造,72年2月4日,三層,
RPQNMLRLMHMFFCQ96CA,34,1.07,共有部分,鋼筋混凝土造,72年2月4日,三層,
RPQNMLTJNHMFFCQ07CA,1,247.14,住家用,鋼筋混凝土造,105年6月16日,四層,一層 二層 三層 四層 見其他登記事項
RPRNMLSLMHMFFCQ17CA,42,77.68,住家用,鋼筋混凝土加強磚造,63年11月13日,二層,一層 二層 騎樓
RPPNMLPLMHMFFBQ66DA,36,79.80,住家用,鋼筋混凝土加強磚造,70年6月15日,二層,一層 二層 電梯樓梯間
RPRNMLTJNHMFFCQ17CA,1,243.29,住家用,鋼筋混凝土造,105年6月16日,四層,一層 二層 三層 四層 見其他登記事項
RPVOMLPLMHMFFDQ47CA,22,229.05,住商用,鋼筋混凝土造,84年4月6日,四層,一層 二層 三層 四層 見其他登記事項
RPVNMLPLMHMFFDQ37CA,18,88.09,集合住宅,鋼筋混凝土造,88年5月31日,五層,二層 陽台
RPXNMLPLMHMFFDQ77EA,1,192.50,停車空間、住宅、梯間,鋼筋混凝土造,104年11月12日,三層,一層 二層 三層 陽台 見其他登記事項
RPQNMLOLMHMFFBQ66DA,1,183.68,門廊、住宅,鋼筋混凝土造,105年8月4日,三層,一層 二層 三層 陽台
RPSNMLQLMHMFFCQ17DA,42,102.23,住家用,加強磚造,63年11月29日,二層,一層 二層 騎樓
RPQOMLPLMHMFFDQ96CA,12,16.15,見其他登記事項,鋼筋混凝土造,94年8月15日,五層,二層
RPQOMLPLMHMFFDQ96CA,12,7.92,見其他登記事項,鋼筋混凝土造,94年8月15日,五層,
SPQOMLPLMHMFFDQ07CA,12,16.15,見其他登記事項,鋼筋混凝土造,94年8月15日,五層,二層
SPQOMLPLMHMFFDQ07CA,12,7.92,見其他登記事項,鋼筋混凝土造,94年8月15日,五層,
RPPOMLOLMHMFFDQ76CA,37,106.08,住商用,鋼筋混凝土加強磚造,69年9月26日,二層,一層 二層 電梯樓梯間
RPWNMLSJNHMFFDQ67CA,23,159.98,住家用,鋼筋混凝土造,83年6月20日,三層,一層 二層 三層 地下一層 見其他登記事項
RPQNMLKLMHMFFDQ09DA,12,154.51,住家用,鋼筋混凝土造,93年11月1日,三層,一層 二層 三層 陽台 電梯樓梯間
RPPOMLOLMHMFFCQ66CA,36,100.33,住家用,鋼筋混凝土加強磚造,70年7月10日,二層,一層 二層 電梯樓梯間
RPTNMLPLMHMFFCQ07CA,,172.83,住宅、樓梯間,鋼筋混凝土造,105年12月27日,三層,一層 二層 三層 見其他登記事項 見其他登記事項
RPUNMLPLMHMFFCQ17CA,26,177.24,住家用,鋼筋混凝土造,80年1月5日,三層,一層 二層 三層 電梯樓梯間
RPXNMLPLMHMFFCQ47CA,24,85.07,住家用,鋼筋混凝土造,81年11月30日,五層,五層 陽台
RPXNMLPLMHMFFCQ47CA,24,8.68,共有部分,鋼筋混凝土造,81年11月30日,地下層,
RPXNMLPLMHMFFCQ47CA,24,6.94,共有部分,鋼筋混凝土造,81年11月30日,五層,
RPRNMLTLMHMFFCQ27CA,36,108.06,住家用,鋼筋混凝土加強磚造,70年8月8日,二層,一層 二層
RPQNMLTLMHMFFCQ17CA,26,124.54,住家用,鋼筋混凝土造,80年7月19日,三層,一層 二層 三層
RPWNMLQLMHMFFDQ57CA,21,87.77,集合住宅,鋼筋混凝土造,85年2月7日,九層,九層 陽台
RPWNMLQLMHMFFDQ57CA,21,18.89,防空避難室兼停車空間,鋼筋混凝土造,85年2月7日,九層,
RPWNMLQLMHMFFDQ57CA,21,12.76,電、樓梯間,鋼筋混凝土造,85年2月7日,九層,
RPPOMLQKNHMFFDQ96CA,,147.08,住家用,鋼筋混凝土造,106年1月24日,三層,一層 二層 三層 陽台 見其他登記事項
RPWNMLTKNHMFFDQ87CA,22,290.91,住家用,鋼筋混凝土造,83年10月22日,四層,一層 二層 三層 四層 見其他登記事項
RPPNMLRKNHMFFDQ96CA,31,120.86,住家用,鋼筋混凝土加強磚造,75年1月16日,三層,一層 二層 三層 騎樓
RPROMLPJNHMFFDQ96CA,22,152.58,住商用,鋼筋混凝土造,84年6月20日,三層,一層 二層 三層 見其他登記事項
RPRNMLRLMHMFFCQ17DA,38,109.14,住商用,鋼筋混凝土加強磚造,68年9月24日,二層,一層 二層 電梯樓梯間 夾層
RPPNMLTLMHMFFEQ27CA,24,52.05,住家用,鋼筋混凝土造,82年4月1日,十八層,三層 陽台
RPPNMLTLMHMFFEQ27CA,24,10.39,梯間,鋼筋混凝土造,82年4月1日,十八層,
RPPNMLTLMHMFFEQ27CA,24,2.45,守衛室．健身房．游泳池．防空避難室兼停車場,鋼筋混凝土造,82年4月1日,,
RPTNMLQLMHMFFCQ37EA,34,67.38,住家用,見其他登記事項,71年10月6日,一層,一層
RPQNMLPLMHMFFCQ96EA,6,197.32,作業廠房、儲藏室,鋼骨構造,100年2月24日,二層,一層 二層
RPQNMLTKNHMFFCQ17CA,1,253.39,住家用,鋼筋混凝土造,104年12月10日,三層,一層 二層 三層 見其他登記事項
RPRNMLSKNHMFFCQ17CA,,174.34,住宅、樓梯間,鋼筋混凝土造,105年8月17日,三層,一層 二層 三層 見其他登記事項 見其他登記事項
SPQNMLPLMHMFFCQ07EA,6,156.51,作業廠房,鋼骨構造,100年2月24日,一層,一層
RPQNMLSKNHMFFCQ07CA,,231.78,住宅、樓梯間,鋼筋混凝土造,105年8月17日,三層,一層 二層 三層 見其他登記事項 見其他登記事項
RPVNMLQLMHMFFDQ57DA,36,127.28,住家用,鋼筋混凝土加強磚造,69年12月16日,三層,一層 二層 三層
RPSNMLOLNHMFFDQ17DA,,207.34,住家用,鋼筋混凝土造,105年11月11日,三層,一層 二層 三層 陽台 見其他登記事項
RPQOMLRLMHMFFBQ07DA,20,85.64,住家用,鋼筋混凝土造,85年11月23日,七層,四層 陽台
RPQOMLRLMHMFFBQ07DA,20,23.30,防空避難室、停車場,鋼筋混凝土造,85年11月23日,七層,
RPQOMLRLMHMFFBQ07DA,20,14.58,樓梯間、電梯間,鋼筋混凝土造,85年11月23日,七層,
RPPOMLQLMHMFFDQ96CA,38,112.33,住家用,鋼筋混凝土加強磚造,68年9月25日,二層,一層 二層 騎樓
RPVNMLRKNHMFFCQ47CA,,199.99,住宅、樓梯間,鋼筋混凝土造,105年10月25日,三層,一層 二層 三層 見其他登記事項 見其他登記事項
RPTNMLRLMHMFFDQ37CA,1,157.93,住家用,鋼筋混凝土造,105年7月18日,三層,一層 二層 三層 見其他登記事項
RPUNMLRLMHMFFDQ47CA,1,157.93,住家用,鋼筋混凝土造,105年7月18日,三層,一層 二層 三層 見其他登記事項
RPRNMLQLMHMFFBQ86CA,25,160.84,住家用,鋼筋混凝土造,81年7月27日,四層,一層 二層 三層 四層
RPTNMLRLMHMFFCQ27CA,41,105.28,住家用,鋼筋混凝土加強磚造,65年8月23日,二層,一層 二層
RPWNMLRLMHMFFBQ47CA,,237.83,住家用,鋼筋混凝土造,106年2月16日,四層,一層 二層 三層 四層 陽台
RPQNMLRLMHMFFBQ86CA,22,163.48,住商用,ＲＣ鋼骨造,84年3月20日,四層,一層 二層 三層 四層 陽台
RPWNMLPJNHMFFCQ27CA,23,342.76,辦公室、單身宿舍,鋼筋混凝土加強磚造,83年2月19日,二層,一層 二層 電梯樓梯間
RPWNMLPJNHMFFCQ27CA,24,1251.84,工業用,鋼造,81年7月13日,一層,一層
RPWNMLRKNHMFFCQ57CA,,99.40,住宅、樓梯間,鋼筋混凝土造,105年10月25日,三層,一層 二層 三層 見其他登記事項 見其他登記事項
RPWNMLRKNHMFFCQ57CA,,99.40,住宅、樓梯間,鋼筋混凝土造,105年10月25日,三層,一層 二層 三層 見其他登記事項 見其他登記事項
RPSOMLPJNHMFFDQ07CA,36,62.34,住家用,鋼筋混凝土加強磚造,70年6月5日,一層,一層
RPTNMLTKNHMFFDQ67DA,18,99.50,集合住宅,鋼筋混凝土造,88年5月31日,五層,五層 陽台
RPQNMLLKNHMFFBQ09EA,40,147.84,住家用,ＲＣ磚造、鐵架造,66年1月15日,三層,一層 二層 三層 陽台 廚房
RPRNMLMLNHMFFDQ76CA,21,205.62,住房、停車空間,鋼筋混凝土造,85年3月12日,五層,一層 二層 三層 四層 五層 見其他登記事項
RPSNMLMJNHMFFBQ56DA,37,73.36,住家用,鋼筋混凝土加強磚造,69年10月10日,二層,一層 二層
RPXNMLSJNHMFFBQ67DA,36,139.03,住家用,鋼筋混凝土加強磚造,70年7月2日,二層,一層 二層 騎樓
RPUNMLTJNHMFFCQ57DA,18,153.77,住家用,鋼筋混凝土造,87年11月26日,三層,一層 二層 三層 平台 電梯樓梯間 見其他登記事項
RPPNMLSLMHMFFDQ07CA,,176.95,住宅、樓梯間,鋼筋混凝土造,106年1月24日,三層,一層 二層 三層 陽台 見其他登記事項
RPQNMLLJNHMFFDQ98CA,,167.34,停車空間、住宅、樓梯間,鋼筋混凝土造,106年1月24日,三層,一層 二層 三層 陽台 見其他登記事項
RPSNMLTKNHMFFCQ37CA,24,153.53,住家用,鋼筋混凝土造,82年7月5日,三層,一層 二層 三層 電梯樓梯間
RPQNMLSLMHMFFDQ17CA,,167.34,停車空間、住宅、樓梯間,鋼筋混凝土造,106年1月24日,三層,一層 二層 三層 陽台 見其他登記事項
RPPNMLSLMHMFFCQ96CA,23,156.26,住商用,鋼筋混凝土造,83年5月13日,三層,一層 二層 三層 電梯樓梯間 見其他登記事項
RPRNMLPKNHMFFCQ86CA,,184.89,住宅、樓梯間,鋼筋混凝土造,106年2月20日,三層,一層 二層 三層 見其他登記事項 見其他登記事項
RPPNMLTLMHMFFDQ17CA,1,171.59,住家用,鋼筋混凝土造,105年8月19日,三層,一層 二層 三層 陽台 見其他登記事項
RPXNMLMJNHMFFDQ17CA,1,200.41,住宅、樓梯間,鋼筋混凝土造,105年2月19日,三層,一層 二層 三層 陽台 見其他登記事項
RPRNMLKMMHMFFCQ09CA,37,115.33,住商用,鋼筋混凝土加強磚造,69年8月4日,二層,一層 二層 騎樓 電梯樓梯間
RPXNMLTKNHMFFDQ97CA,36,113.85,住家用,鋼筋混凝土加強磚造,70年7月15日,二層,一層 二層 騎樓
RPQNMLLJNHMFFCQ88CA,34,104.24,住家用,鋼筋混凝土加強磚造,71年12月10日,二層,一層 二層 陽台 電梯樓梯間
RPSNMLLJNHMFFCQ09CA,23,172.32,儲藏室、停車空間、住房,鋼筋混凝土造,82年12月30日,四層,一層 二層 三層 四層 電梯樓梯間 見其他登記事項
RPPNMLMKNHMFFDQ09CA,22,224.38,住家用,鋼筋混凝土造,84年3月13日,三層,一層 二層 三層 見其他登記事項
