﻿編號,屋齡,建物移轉面積平方公尺,主要用途,主要建材,建築完成日期,總層數,建物分層
The serial number,room age,building shifting area square meter,the main use,main building materials,construction completes the date,total layer,building lamination
RPVNMLTJKHMFFAV57CA,21,86.57,集合住宅,鋼筋混凝土造,84年12月20日,七層,七層 陽台
RPWNMLNLKHMFFAV27CA,11,111.88,集合住宅,鋼筋混凝土造,95年3月10日,十層,五層 陽台
RPWNMLNLKHMFFAV27CA,11,70.32,公共空間、機械室、梯廳、儲藏室、管理委員會辦公室、社區活動中心、防空避難室、停車空間、樓梯間、水箱、機械室、走廊、社區管理中心、社區活動中心（共同使用部份）,鋼筋混凝土造,95年3月10日,十層,
RPPNMLSJKHMFFAV86CA,24,32.26,集合住宅,鋼筋混凝土造,82年5月22日,十二層,四層 陽台
RPPNMLSJKHMFFAV86CA,24,3.93,共有部分,鋼筋混凝土造,82年5月22日,十二層,
RPPNMLSJKHMFFAV86CA,24,8.27,走廊．電樓梯間接（共同使用部分）,鋼筋混凝土造,82年5月22日,十二層,
RPSNMLQKKHMFFAV07CA,24,32.26,集合住宅,鋼筋混凝土造,82年5月22日,十二層,四層 陽台
RPSNMLQKKHMFFAV07CA,24,3.93,共有部分,鋼筋混凝土造,82年5月22日,十二層,
RPSNMLQKKHMFFAV07CA,24,8.27,走廊．電樓梯間接（共同使用部分）,鋼筋混凝土造,82年5月22日,十二層,
RPQNMLTJKHMFFAV17DA,20,12.11,商業用,鋼筋混凝土造,86年3月3日,七層,三層
RPQNMLTJKHMFFAV17DA,20,4.80,汽車昇降機，配電室管道，泵浦室，汽車昇降道，甲座樓梯間，乙座樓梯間，台電配電室，蓄水池，發電機室，停車空間,鋼筋混凝土造,86年3月3日,七層,
RPQNMLTJKHMFFAV17DA,20,10.78,甲座樓梯間．乙座樓梯間．廊道,鋼筋混凝土造,86年3月3日,七層,
RPRNMLRJKHMFFAV96CA,,231.09,住宅、樓梯間,ＲＣ造,105年12月7日,三層,一層 二層 三層 見其他登記事項 見其他登記事項
RPPNMLTJKHMFFAV96CA,45,55.82,住家用,水泥磚木蓋瓦,61年6月5日,一層,一層 騎樓 廚房
RPPNMLKKKHMFFAV78CA,43,144.96,住商用,鐵筋水泥磚造,63年2月1日,三層,一層 二層 三層 騎樓
RPQOMLTJKHMFFAV17CA,21,81.02,集合住宅,鋼筋混凝土造,84年12月20日,七層,七層 陽台
RPQOMLTJKHMFFAV17CA,,29.66,避難室、門廳、電樓梯間,鋼筋混凝土造,,七層,
RPWNMLTJKHMFFAV67CA,23,28.99,集合住宅,鋼筋混凝土造,83年4月19日,十四層,三層 陽台
RPWNMLTJKHMFFAV67CA,23,9.36,避難室，電梯．樓梯．地下室．通廊共同使用,鋼筋混凝土造,83年4月19日,十四層,
RPQOMLKLKHMFFAV09CA,,391.43,農舍,鋼筋混凝土造,105年9月29日,三層,一層 二層 三層 見其他登記事項
RPPNMLPKKHMFFDV96CA,22,30.87,套房,鋼筋混凝土造,84年7月14日,八層,二層 見其他登記事項
RPPNMLPKKHMFFDV96CA,22,7.44,樓梯．電梯．機械房．水箱．清水池．走道．陽台．屋頂突出物,鋼筋混凝土造,84年7月14日,八層,
RPRNMLNKKHMFFAV66CA,40,48.10,住家用,水泥磚木蓋瓦,65年12月20日,一層,一層
RPSNMLNKKHMFFAV76CA,21,96.68,住家用,鋼筋混凝土造,84年12月4日,十六層,十層 陽台
RPSNMLNKKHMFFAV76CA,21,34.18,電梯．樓梯．走道．水箱．機械室．防空避難室及停車間（公共設施．共同使用）,鋼筋混凝土造,84年12月4日,十六層,
RPRNMLRJLHMFFAV07CA,37,102.08,住家用,加強磚造,68年5月22日,二層,一層 二層 騎樓
RPTNMLOKKHMFFAV96CA,15,223.70,住商用,鋼筋混凝土造,91年1月31日,三層,一層 二層 三層 平台 屋頂突出物 騎樓 見其他登記事項
RPSNMLRJLHMFFAV17CA,51,44.32,住家用,水泥空心磚,54年5月1日,一層,一層
RPUNMLPKKHMFFAV17CA,,71.23,住家用,水泥磚造,,一層,一層 騎樓 廚房
RPUNMLPKKHMFFAV17CA,36,57.29,住家用,加強磚造,69年11月18日,二層,二層
RPTNMLRKKHMFFAV27CA,13,235.82,住家用,鋼筋混凝土造,93年3月25日,三層,一層 二層 三層 見其他登記事項
RPQNMLQJLHMFFAV86CA,23,227.07,住家用,鋼筋混凝土造,82年8月31日,四層,一層 二層 三層 四層
RPRNMLOKKHMFFAV86DA,35,83.60,住家用,水泥磚木蓋瓦,70年9月7日,一層,
RPPNMLPKKHMFFAV66CA,21,190.55,住家用,鋼筋混凝土造,85年6月12日,四層,一層 二層 三層 四層 見其他登記事項
RPUNMLOKKHMFFAV07CA,23,21.81,集合住宅,鋼筋混凝土造,83年1月26日,七層,五層 陽台
RPUNMLOKKHMFFAV07CA,23,.48,共有部分,鋼筋混凝土造,83年1月26日,七層,
RPUNMLOKKHMFFAV07CA,23,.48,共有部分,鋼筋混凝土造,83年1月26日,七層,
RPUNMLOKKHMFFAV07CA,23,.48,共有部分,鋼筋混凝土造,83年1月26日,七層,
RPUNMLOKKHMFFAV07CA,23,.48,共有部分,鋼筋混凝土造,83年1月26日,七層,
RPUNMLOKKHMFFAV07CA,23,.48,共有部分,鋼筋混凝土造,83年1月26日,七層,
RPUNMLOKKHMFFAV07CA,23,.48,共有部分,鋼筋混凝土造,83年1月26日,七層,
RPUNMLOKKHMFFAV07CA,23,.49,共有部分,鋼筋混凝土造,83年1月26日,七層,
RPUNMLOKKHMFFAV07CA,23,3.66,共有部分,鋼筋混凝土造,83年1月26日,七層,
RPQNMLRKKHMFFAV96CA,,212.51,住宅、樓梯間,ＲＣ造,105年12月7日,三層,一層 二層 三層 見其他登記事項 見其他登記事項
RPRNMLRKKHMFFAV07CA,33,87.01,集合住宅,鋼筋混凝土造,72年10月12日,四層,四層 陽台
RPRNMLRKKHMFFAV07CA,,4.97,樓梯間,鋼筋混凝土造,,四層,
RPPNMLRKKHMFFAV86CA,,116.72,店舖、住宅、樓梯間,ＲＣ造,105年12月7日,三層,一層 二層 三層 見其他登記事項 見其他登記事項
RPPNMLRKKHMFFAV86CA,,116.72,店舖、住宅、樓梯間,ＲＣ造,105年12月7日,三層,一層 二層 三層 見其他登記事項 見其他登記事項
RPVNMLPKKHMFFAV27CA,11,124.58,住家用,鋼筋混凝土造,94年8月29日,二層,一層 二層 見其他登記事項
RPPNMLOKLHMFFCV86CA,,242.59,Ｈ２住宅,鋼筋混凝土造,105年7月28日,三層,一層 二層 三層 屋頂突出物
RPQNMLKLKHMFFBV09CA,21,478.23,農舍,有牆鋼鐵造,84年12月26日,三層,一層 二層 三層
RPUNMLNLKHMFFAV07CA,,207.67,住宅、樓梯間,ＲＣ造,105年12月7日,三層,一層 二層 三層 見其他登記事項 見其他登記事項
RPTNMLNLKHMFFAV96CA,,209.61,住宅、樓梯間,ＲＣ造,105年12月7日,三層,一層 二層 三層 見其他登記事項 見其他登記事項
RPPNMLSKKHMFFCV17CA,8,164.19,Ｈ２住宅,鋼筋混凝土造,98年6月19日,三層,一層 二層 三層 陽台
RPUNMLRKKHMFFAV37CA,23,83.80,集合住宅,鋼筋混凝土造,83年6月1日,三層,三層 陽台
RPUNMLRKKHMFFAV37CA,23,9.54,樓梯共同使用,鋼筋混凝土造,83年6月1日,三層,
RPRNMLSKKHMFFAV17CA,21,33.22,集合住宅,鋼筋混凝土造,85年6月28日,九層,八層 陽台 花台
RPRNMLSKKHMFFAV17CA,21,6.91,電梯，樓梯共同使用,鋼筋混凝土造,85年6月28日,九層,
RPRNMLSKKHMFFAV17CA,21,4.10,配電室．樓梯．電梯．機械房．通道．水箱．人行共同使用,鋼筋混凝土造,85年6月28日,九層,
RPSNMLSKKHMFFAV27CA,11,126.14,住家用,鋼筋混凝土造,94年8月29日,二層,一層 二層 見其他登記事項
RPRNMLKLKHMFFAV09CA,21,29.35,集合住宅,鋼筋混凝土造,85年6月28日,九層,三層 陽台
RPRNMLKLKHMFFAV09CA,21,5.76,電梯，樓梯共同使用,鋼筋混凝土造,85年6月28日,九層,
RPRNMLKLKHMFFAV09CA,21,3.56,配電室．樓梯．電梯．機械房．通道．水箱．人行共同使用,鋼筋混凝土造,85年6月28日,九層,
RPPNMLKLKHMFFAV88CA,22,92.42,集合住宅,鋼筋混凝土造,83年12月17日,八層,一層 平台 花台
RPPNMLKLKHMFFAV88CA,22,11.59,通廊，電梯，樓梯，共同使用,鋼筋混凝土造,83年12月17日,八層,
RPPNMLKLKHMFFAV88CA,22,17.43,地下一層（共同使用）防空斗避難室兼停車空間,鋼筋混凝土造,83年12月17日,八層,
RPPNMLKLKHMFFAV88CA,22,8.45,地下二層（共同使用）防空避難室兼停車空間,鋼筋混凝土造,83年12月17日,八層,
RPSNMLKLKHMFFAV56CA,,235.77,店舖、住宅、樓梯間,ＲＣ造,105年12月7日,三層,一層 二層 三層 見其他登記事項 見其他登記事項
RPWNMLKLKHMFFAV96CA,,232.72,店舖、住宅、樓梯間,ＲＣ造,105年12月7日,三層,一層 二層 三層 見其他登記事項 見其他登記事項
RPTNMLKLKHMFFAV66CA,,231.49,住宅、樓梯間,ＲＣ造,105年12月7日,三層,一層 二層 三層 見其他登記事項 見其他登記事項
RPUNMLKLKHMFFAV76CA,,236.13,住宅、樓梯間,ＲＣ造,105年12月7日,三層,一層 二層 三層 見其他登記事項 見其他登記事項
RPXNMLKLKHMFFAV07CA,,134.97,住商用,鐵筋水泥木造,,二層,一層 二層 騎樓
RPXNMLKLKHMFFAV07CA,55,88.38,住家用,磚木造瓦屋頂,50年10月5日,一層,一層 廚房
RPPNMLSJLHMFFAV96CA,31,120.98,住家用,加強磚造,75年1月4日,二層,一層 二層 陽台
RPPOMLKLKHMFFAV09DA,1,203.65,住家用,ＲＣ造,104年9月16日,三層,一層 二層 三層 見其他登記事項
RPTOMLKLKHMFFAV86DA,33,74.94,國民住宅,鋼筋混凝土造,72年10月12日,四層,四層 陽台
RPTOMLKLKHMFFAV86DA,,4.71,樓梯間,鋼筋混凝土造,,四層,
RPQNMLMLKHMFFAV56CA,23,70.57,集合住宅,鋼筋混凝土造,83年4月19日,十四層,六層 陽台
RPQNMLMLKHMFFAV56CA,23,24.07,避難室，電梯．樓梯．地下室．通廊共同使用,鋼筋混凝土造,83年4月19日,十四層,
RPSOMLKLKHMFFAV66CA,36,83.60,住家用,鋼筋混凝土加強磚造,69年10月30日,二層,一層 二層
RPPNMLMLKHMFFAV56DA,39,101.76,住家用,加強磚造,66年8月16日,二層,一層 二層
RPSNMLMLKHMFFAV76CA,41,37.80,住家用,木石磚造（磚石造）,65年4月15日,一層,一層 騎樓
RPRNMLNLKHMFFAV76CA,,209.39,住宅、樓梯間,ＲＣ造,105年12月7日,三層,一層 二層 三層 見其他登記事項 見其他登記事項
RPSNMLNLKHMFFAV86CA,,205.84,住宅、樓梯間,ＲＣ造,105年12月7日,三層,一層 二層 三層 見其他登記事項 見其他登記事項
RPRNMLMLKHMFFAV66CA,39,121.26,住家用,鐵筋水泥磚,66年10月7日,二層,一層 二層 騎樓
RPRNMLNJLHMFFCV86CA,39,129.88,住商用,加強磚造,67年5月24日,二層,一層 二層 騎樓
RPPNMLLJLHMFFAV88CA,34,87.54,集合住宅,鋼筋混凝土造,72年2月22日,四層,一層 平台
RPPNMLLJLHMFFAV88CA,34,6.83,國民住宅．走道,鋼筋混凝土造,72年2月22日,四層,
RPRNMLLJLHMFFAV09CA,35,39.56,住家用,加強磚造,71年3月10日,二層,一層 二層 騎樓
RPQNMLMJLHMFFAV09CA,30,128.97,住家用,加強磚造,75年10月21日,二層,一層 二層 陽台
RPPNMLPLKHMFFAV76CA,21,192.44,住商用,鋼筋混凝土造,84年7月8日,四層,一層 二層 三層 四層 陽台 騎樓
RPSNMLLJLHMFFAV56CA,21,190.33,住家用,鋼筋混凝土造,85年1月13日,四層,一層 二層 三層 四層 見其他登記事項
RPWNMLOLKHMFFAV37CA,23,199.48,住家用,鋼筋混凝土造,82年8月31日,四層,一層 二層 三層 四層
RPOOMLOLKHMFFAV66CA,22,147.94,住家用,鋼筋混凝土造,83年9月23日,三層,一層 二層 三層 陽台
RPPOMLOLKHMFFAV76CA,10,235.32,住家用,ＲＣ造,95年8月15日,三層,一層 二層 三層 屋頂突出物 見其他登記事項
RPVNMLKKLHMFFAV96DA,12,175.58,騎樓、店舖、住宅,鋼筋混凝土、鋼骨,93年10月13日,三層,一層 二層 三層 屋頂突出物 騎樓 見其他登記事項
RPPNMLMJLHMFFAV09DA,44,56.38,住家用,鐵筋水泥磚造,61年8月30日,一層,一層
RPPNMLLLKHMFFDV66CA,,130.08,住家用,鋼筋混凝土造,,三層,一層 二層 三層 見其他登記事項
RPPNMLLLKHMFFDV66CA,,130.08,住家用,鋼筋混凝土造,,三層,一層 二層 三層 見其他登記事項
RPSNMLSJLHMFFAV27CA,30,132.43,住家用,加強磚造,76年1月21日,二層,一層 二層 陽台 屋頂突出物
RPTNMLMJLHMFFAV76CA,,251.56,住宅、樓梯間,ＲＣ造,105年12月26日,三層,一層 二層 三層 見其他登記事項 見其他登記事項
RPRNMLQKLHMFFAV07CA,,96.18,住家用,鋼筋混凝土造,,二層,一層 二層 騎樓
SPUNMLMJLHMFFAV96CA,,315.74,住宅、樓梯間,ＲＣ造,105年12月19日,四層,一層 二層 三層 四層 見其他登記事項 見其他登記事項
RPUNMLMJLHMFFAV86CA,,324.54,住宅、樓梯間,ＲＣ造,105年12月19日,四層,一層 二層 三層 四層 見其他登記事項 見其他登記事項
RPPNMLRJLHMFFCV07CA,30,202.40,住家用,鋼筋混凝土造,75年10月27日,三層,一層 二層 三層
RPWNMLRJLHMFFAV57CA,4,243.01,住家用,ＲＣ造,101年10月16日,三層,一層 二層 三層 見其他登記事項
RPXNMLRJLHMFFAV67CA,44,373.44,住家及店舖,鐵筋水泥磚,62年5月4日,三層,一層 二層 三層 騎樓 地下層
RPOOMLRJLHMFFAV86CA,,204.42,住宅、樓梯間,ＲＣ造,105年7月13日,三層,一層 二層 三層 見其他登記事項 見其他登記事項
RPRNMLSJLHMFFAV17CA,21,76.34,住家用,鋼筋混凝土造,84年12月4日,十六層,八層 陽台
RPRNMLSJLHMFFAV17CA,21,21.97,電梯．樓梯．走道．水箱．機械室．防空避難室及停車間（公共設施．共同使用）,鋼筋混凝土造,84年12月4日,十六層,
RPQOMLRJLHMFFAV07CA,23,65.78,集合住宅,鋼筋混凝土造,83年4月19日,十四層,十三層 陽台
RPQOMLRJLHMFFAV07CA,23,20.51,避難室，電梯．樓梯．地下室．通廊共同使用,鋼筋混凝土造,83年4月19日,十四層,
RPUNMLSJLHMFFAV47CA,21,170.53,住家用,鋼筋混凝土造,85年2月16日,三層,一層 二層 三層 陽台 平台 露台
RPTNMLRJLHMFFAV27CA,,68.07,住家用,鐵筋混凝磚,,一層,一層
RPSNMLQJLHMFFAV07CA,,238.43,住宅、樓梯間,ＲＣ造,105年12月26日,三層,一層 二層 三層 見其他登記事項 見其他登記事項
RPUNMLKKLHMFFAV76CA,34,97.97,集合住宅,鋼筋混凝土造,72年2月9日,四層,三層 陽台
RPUNMLKKLHMFFAV76CA,34,7.82,走道，國民住宅,鋼筋混凝土造,72年2月9日,四層,
RPPNMLTJLHMFFBV17CA,,207.48,工商用,木造,,一層,一層 見其他登記事項
RPPNMLRJLHMFFBV96CA,37,99.60,住家用,鋼筋混凝土加強磚造,69年5月12日,二層,一層 二層 騎樓
RPPNMLTJLHMFFCV37DA,36,86.22,住商用,加強磚造,70年3月24日,二層,一層 二層 騎樓
RPPNMLTJLHMFFAV07CA,43,55.35,住家用,水泥磚木蓋瓦,63年3月30日,一層,一層 騎樓
RPQNMLNKLHMFFAV66CA,25,246.05,住家用,鋼筋混凝土造,81年4月27日,三層,一層 二層 三層
RPQNMLTJLHMFFAV17CA,21,68.39,集合住宅,鋼筋混凝土造,84年12月20日,七層,六層 陽台
RPQNMLTJLHMFFAV17CA,,26.37,避難室、門廳、電樓梯間,鋼筋混凝土造,,七層,
RPPNMLOKLHMFFAV66CA,22,156.32,鄉村住宅,鋼筋混凝土造,84年5月16日,三層,一層 二層 三層 見其他登記事項
RPQNMLKKLHMFFAV98CA,23,83.80,集合住宅,鋼筋混凝土造,83年6月1日,三層,二層 陽台
RPQNMLKKLHMFFAV98CA,23,9.54,樓梯共同使用,鋼筋混凝土造,83年6月1日,三層,
RPPNMLKKLHMFFAV88CA,23,83.80,集合住宅,鋼筋混凝土造,83年6月1日,三層,一層 平台
RPPNMLKKLHMFFAV88CA,23,9.54,樓梯共同使用,鋼筋混凝土造,83年6月1日,三層,
RPRNMLTJLHMFFBV37CA,38,88.56,住家用,鋼筋混凝土加強磚造,68年7月17日,二層,一層 二層 騎樓
RPTNMLQKLHMFFAV27CA,22,161.69,鄉村住宅,鋼筋混凝土造,84年3月31日,三層,一層 二層 三層 陽台
RPVNMLPKLHMFFAV37CA,22,230.73,住家用,鋼筋混凝土造,84年6月30日,四層,一層 二層 三層 四層 陽台 平台
RPOOMLKKLHMFFAV88CA,22,100.22,集合住宅,鋼筋混凝土造,84年2月17日,八層,六層 陽台 花台
RPOOMLKKLHMFFAV88CA,22,17.65,防空避難室暨停車空間、配電室,鋼筋混凝土造,84年2月17日,八層,
RPOOMLKKLHMFFAV88CA,22,12.74,車道、警衛室、托兒所、電梯、樓梯,鋼筋混凝土造,84年2月17日,八層,
RPTNMLNKLHMFFAV96CA,23,39.28,集合住宅,鋼筋混凝土造,82年10月19日,七層,六層 陽台 花台
RPTNMLNKLHMFFAV96CA,23,11.10,集合住宅（共同使用）,鋼筋混凝土造,82年10月19日,七層,
RPTNMLNKLHMFFAV96CA,23,4.44,樓梯間（共同使用）,鋼筋混凝土造,82年10月19日,七層,
RPUNMLNKLHMFFAV07CA,43,43.40,住家用,水泥木磚造蓋瓦,62年10月19日,一層,一層 騎樓
RPSNMLTJLHMFFBV47CA,38,116.40,住家用,鋼筋混凝土加強磚造,68年7月17日,三層,一層 二層 三層 騎樓
RPSNMLPKLHMFFAV07CA,34,97.47,集合住宅,鋼筋混凝土造,72年2月9日,四層,三層 陽台
RPQNMLPKLHMFFAV96DA,35,157.10,住家用,見其他登記事項,70年12月29日,二層,一層 二層
RPVNMLQKLHMFFAV57DA,22,84.12,集合住宅,鋼筋混凝土造,84年1月25日,十層,四層 陽台 花台
RPVNMLQKLHMFFAV57DA,,2.11,樓梯，電梯，機械房,鋼筋混凝土造,,十層,
RPVNMLQKLHMFFAV57DA,22,9.34,樓梯．電梯間,鋼筋混凝土造,84年1月25日,十層,
RPVNMLQKLHMFFAV57DA,22,2.26,門廳．車道．水箱．交誼廳．通道,鋼筋混凝土造,84年1月25日,十層,
RPVNMLQKLHMFFAV57DA,22,11.52,防空避難室．配電室．停車空間,鋼筋混凝土造,84年1月25日,十層,
RPRNMLMKMHMFFCV96CA,1,209.77,Ｈ２住宅,鋼筋混凝土造,104年12月18日,三層,一層 二層 三層 陽台
RPQNMLPLLHMFFAV96CA,1,222.09,住宅、樓梯間,ＲＣ造,105年1月21日,三層,一層 二層 三層 屋頂突出物 見其他登記事項
RPTNMLRKLHMFFAV37CA,46,94.54,住家用,鐵筋水泥磚造,60年4月12日,二層,一層 二層
RPPNMLKLLHMFFAV98CA,,212.51,住宅、樓梯間,ＲＣ造,105年12月7日,三層,一層 二層 三層 見其他登記事項 見其他登記事項
RPSNMLRKLHMFFAV27CA,23,178.20,住家用,鋼筋混凝土造,83年4月13日,四層,一層 二層 三層 四層 陽台
RPPOMLMLLHMFFAV66CA,,186.87,住家用,鋼筋混凝土造,105年11月30日,三層,一層 二層 三層 見其他登記事項
RPTOMLMLLHMFFAV07CA,21,179.58,鄉村住宅,鋼筋混凝土造,84年12月13日,三層,一層 二層 三層 陽台 屋頂突出物 花台
RPTNMLMLLHMFFAV96CA,23,119.58,騎樓．住宅,鋼筋混凝土造,83年1月15日,三層,一層 二層 三層 騎樓
RPROMLMLLHMFFAV86CA,,231.37,住宅、樓梯間,鋼筋混凝土造,105年11月30日,三層,一層 二層 三層 見其他登記事項 見其他登記事項
RPQOMLMLLHMFFAV76CA,,231.37,住宅、樓梯間,鋼筋混凝土造,105年11月30日,三層,一層 二層 三層 見其他登記事項 見其他登記事項
SPVOMLKMLHMFFAV27CA,23,110.23,集合住宅,鋼筋混凝土造,82年12月30日,七層,二層 陽台
SPVOMLKMLHMFFAV27CA,23,42.16,避難室．樓梯間,鋼筋混凝土造,82年12月30日,七層,
RPVOMLKMLHMFFAV17CA,23,156.57,集合住宅,鋼筋混凝土造,82年12月30日,七層,一層 騎樓
RPVOMLKMLHMFFAV17CA,23,63.39,避難室．樓梯間,鋼筋混凝土造,82年12月30日,七層,
TPVOMLKMLHMFFAV37CA,23,167.53,集合住宅,鋼筋混凝土造,82年12月30日,七層,四層 陽台
TPVOMLKMLHMFFAV37CA,23,62.51,避難室．樓梯間,鋼筋混凝土造,82年12月30日,七層,
RPRNMLPLLHMFFAV07CA,1,222.09,住宅、樓梯間,ＲＣ造,105年1月21日,三層,一層 二層 三層 屋頂突出物 見其他登記事項
RPQNMLMLLHMFFAV66CA,23,83.80,集合住宅,鋼筋混凝土造,83年6月1日,三層,二層 陽台
RPQNMLMLLHMFFAV66CA,23,9.54,樓梯共同使用,鋼筋混凝土造,83年6月1日,三層,
RPSOMLMLLHMFFAV96CA,,208.29,住宅、樓梯間,ＲＣ造,105年12月7日,三層,一層 二層 三層 見其他登記事項 見其他登記事項
RPRNMLMLLHMFFAV86DA,23,153.17,住家用,鋼筋混凝土造,83年5月12日,三層,一層 二層 三層 陽台
RPPNMLMLLHMFFDV86CA,9,161.84,車庫，住宅，樓梯間,ＲＣ造,97年5月22日,三層,一層 二層 三層 見其他登記事項
SPRNMLMLLHMFFAV96DA,23,153.17,住家用,鋼筋混凝土造,83年5月12日,三層,一層 二層 三層 陽台
RPSNMLMLLHMFFAV86CA,38,98.70,住家用,加強磚造,68年4月30日,二層,一層 二層
RPQNMLRLLHMFFAV17CA,21,104.95,住家用,鋼筋混凝土造,84年12月4日,十六層,九層 陽台
RPQNMLRLLHMFFAV17CA,21,35.92,電梯．樓梯．走道．水箱．機械室．防空避難室及停車間（公共設施．共同使用）,鋼筋混凝土造,84年12月4日,十六層,
RPRNMLRLLHMFFAV27CA,2,355.12,住宅、樓梯間,ＲＣ造,104年8月6日,四層,一層 二層 三層 四層 見其他登記事項 見其他登記事項
RPTNMLSLLHMFFAV57CA,35,83.94,住家用,加強磚造,70年10月4日,二層,一層 二層 騎樓
RPVOMLMLLHMFFAV27CA,19,158.71,住家用,加強磚造,86年12月1日,二層,一層 二層 陽台 平台
RPSNMLKMLHMFFAV76CA,24,195.40,住家用,鋼筋混凝土造,82年3月23日,四層,一層 二層 三層 四層
RPWNMLSLLHMFFAV87CA,30,129.74,住家用,加強磚造,76年8月1日,二層,一層 二層 屋頂突出物
RPRNMLRLLHMFFBV37CA,30,130.32,住家用,加強磚造,75年9月16日,二層,一層 二層 屋頂突出物 騎樓
RPPNMLNLLHMFFDV96CA,36,109.80,住家用,加強磚造,69年9月26日,二層,一層 二層 陽台 騎樓
RPROMLKMLHMFFAV76CA,34,102.11,集合住宅,鋼筋混凝土造,72年2月22日,四層,四層 陽台
RPROMLKMLHMFFAV76CA,34,7.78,國民住宅．走道,鋼筋混凝土造,72年2月22日,四層,
RPRNMLOLLHMFFAV96CA,24,132.30,住家用,鋼筋混凝土造,81年12月28日,三層,一層 二層 三層
RPRNMLSLLHMFFAV37CA,1,238.64,住家用,ＲＣ造,105年1月5日,三層,一層 二層 三層 見其他登記事項
RPVNMLSLLHMFFAV77CA,43,43.40,住家用,水泥磚木造蓋瓦,62年10月19日,一層,一層 騎樓
RPQNMLTLLHMFFAV37CA,5,225.10,住家用,ＲＣ造,100年12月6日,三層,一層 二層 三層 見其他登記事項
RPSNMLOLLHMFFAV07CA,,319.78,住宅、樓梯間,ＲＣ造,105年12月19日,四層,一層 二層 三層 四層 見其他登記事項 見其他登記事項
RPPNMLKKMHMFFAV98CA,28,144.36,住家用,加強磚造,78年7月4日,二層,一層 二層 陽台 屋頂突出物
RPUNMLKKMHMFFAV86CA,1,271.16,住家用,ＲＣ造,104年10月15日,三層,一層 二層 三層 見其他登記事項
RPVNMLKMLHMFFAV07CA,,179.79,住家用,ＲＣ造,106年1月17日,三層,一層 二層 三層 見其他登記事項
RPTNMLKKMHMFFAV86DA,37,86.20,住家用,加強磚造,69年3月18日,二層,一層 二層
RPWNMLKMLHMFFAV17CA,,179.79,住家用,ＲＣ造,106年1月17日,三層,一層 二層 三層 見其他登記事項
RPXNMLKMLHMFFAV27CA,,179.79,住家用,ＲＣ造,106年1月17日,三層,一層 二層 三層 見其他登記事項
RPPOMLKMLHMFFAV56CA,,179.79,住家用,ＲＣ造,106年1月17日,三層,一層 二層 三層 見其他登記事項
RPQOMLKMLHMFFAV66CA,,179.79,住家用,ＲＣ造,106年1月17日,三層,一層 二層 三層 見其他登記事項
RPSOMLKMLHMFFAV86CA,,208.01,住宅、樓梯間,ＲＣ造,106年1月17日,三層,一層 二層 三層 見其他登記事項 見其他登記事項
RPQNMLLMLHMFFAV66CA,22,216.87,住家用,鋼筋混凝土造,83年9月30日,四層,一層 二層 三層 四層 陽台 騎樓
RPWOMLKMLHMFFAV27CA,43,86.11,住家用,鐵筋水泥磚,63年5月20日,二層,一層 二層
RPWNMLOKMHMFFAV47CA,27,186.62,住家用,鋼筋混凝土造,79年7月24日,三層,一層 二層 三層
RPRNMLKMLHMFFAV66CA,,202.79,住宅、樓梯間,ＲＣ造,106年1月17日,三層,一層 二層 三層 見其他登記事項 見其他登記事項
RPUNMLKMLHMFFAV96CA,,179.79,住家用,ＲＣ造,106年1月17日,三層,一層 二層 三層 見其他登記事項
RPSNMLLMLHMFFAV86CA,1,233.51,住家用,ＲＣ造,105年4月19日,三層,一層 二層 三層 見其他登記事項
RPUOMLKMLHMFFAV07CA,18,60.93,集合住宅,鋼筋混凝土造,87年12月16日,九層,九層 陽台
RPUOMLKMLHMFFAV07CA,18,6.49,避難室．停車空間．配電室．機械室．汽車昇降電梯．樓梯．電梯,鋼筋混凝土造,87年12月16日,九層,
RPQNMLSKMHMFFCV47CA,,215.25,Ｈ２住宅,鋼骨造,106年1月23日,二層,一層 二層
RPUOMLKMLHMFFAV07CA,18,9.16,樓梯．電梯．汽車昇降梯．門廊．門．走道．樓梯間．機械室．水箱,鋼筋混凝土造,87年12月16日,九層,
RPQNMLKMLHMFFBV66CA,4,99.01,住家用,加強磚造,102年1月15日,二層,一層 二層 陽台
RPSNMLKMLHMFFDV07CA,23,34.40,出租套房,鋼筋混凝土造,82年11月8日,八層,二層 陽台
RPSNMLKMLHMFFDV07CA,23,12.84,出租套房（共同使用）．樓梯間．機械房．水箱,鋼筋混凝土造,82年11月8日,八層,
RPPNMLKMLHMFFBV66DA,49,85.14,住家用,加強磚造,57年7月1日,二層,一層 二層 騎樓
RPRNMLPJMHMFFAV96CA,32,108.58,住家用,加強磚造,73年9月18日,二層,一層 二層 陽台
RPPNMLPJMHMFFAV76CA,36,93.80,住家用,加強磚造,70年1月12日,二層,一層 二層
RPQNMLPJMHMFFAV86CA,23,81.17,集合住宅,鋼筋混凝土造,83年5月16日,十三層,六層 陽台
RPQNMLPJMHMFFAV86CA,23,.13,樓梯間,鋼筋混凝土造,83年5月16日,十三層,
RPQNMLPJMHMFFAV86CA,23,.26,樓梯間,鋼筋混凝土造,83年5月16日,十三層,
RPQNMLPJMHMFFAV86CA,23,.49,樓梯間,鋼筋混凝土造,83年5月16日,十三層,
RPQNMLPJMHMFFAV86CA,23,.33,樓梯間,鋼筋混凝土造,83年5月16日,十三層,
RPQNMLPJMHMFFAV86CA,23,.26,樓梯間,鋼筋混凝土造,83年5月16日,十三層,
RPQNMLPJMHMFFAV86CA,23,.30,空白,鋼筋混凝土造,83年5月16日,十三層,
RPQNMLPJMHMFFAV86CA,23,.66,樓梯間,鋼筋混凝土造,83年5月16日,十三層,
RPQNMLPJMHMFFAV86CA,23,.24,空白,鋼筋混凝土造,83年5月16日,十三層,
RPQNMLPJMHMFFAV86CA,23,.33,空白,鋼筋混凝土造,83年5月16日,十三層,
RPQNMLPJMHMFFAV86CA,23,.26,樓梯間,鋼筋混凝土造,83年5月16日,十三層,
RPQNMLPJMHMFFAV86CA,23,.26,樓梯間,鋼筋混凝土造,83年5月16日,十三層,
RPQNMLPJMHMFFAV86CA,23,.24,空白,鋼筋混凝土造,83年5月16日,十三層,
RPQNMLPJMHMFFAV86CA,23,.26,樓梯間,鋼筋混凝土造,83年5月16日,十三層,
RPQNMLPJMHMFFAV86CA,23,.25,空白,鋼筋混凝土造,83年5月16日,十三層,
RPQNMLPJMHMFFAV86CA,23,.26,樓梯間,鋼筋混凝土造,83年5月16日,十三層,
RPQNMLPJMHMFFAV86CA,23,.33,樓梯間,鋼筋混凝土造,83年5月16日,十三層,
RPQNMLPJMHMFFAV86CA,23,.33,樓梯間,鋼筋混凝土造,83年5月16日,十三層,
RPQNMLPJMHMFFAV86CA,23,9.74,避難室,鋼筋混凝土造,83年5月16日,十三層,
RPQNMLPJMHMFFAV86CA,23,.26,樓梯間,鋼筋混凝土造,83年5月16日,十三層,
RPQNMLPJMHMFFAV86CA,23,.33,樓梯間,鋼筋混凝土造,83年5月16日,十三層,
RPQNMLPJMHMFFAV86CA,23,.33,樓梯間,鋼筋混凝土造,83年5月16日,十三層,
RPQNMLPJMHMFFAV86CA,23,.26,樓梯間,鋼筋混凝土造,83年5月16日,十三層,
RPQNMLPJMHMFFAV86CA,23,.46,樓梯間,鋼筋混凝土造,83年5月16日,十三層,
RPQNMLPJMHMFFAV86CA,23,.13,樓梯間,鋼筋混凝土造,83年5月16日,十三層,
RPQNMLPJMHMFFAV86CA,23,.33,樓梯間,鋼筋混凝土造,83年5月16日,十三層,
RPQNMLPJMHMFFAV86CA,23,.33,樓梯間,鋼筋混凝土造,83年5月16日,十三層,
RPQNMLPJMHMFFAV86CA,23,.99,樓梯間走道,鋼筋混凝土造,83年5月16日,十三層,
RPQNMLPJMHMFFAV86CA,23,.33,樓梯間,鋼筋混凝土造,83年5月16日,十三層,
RPQNMLPJMHMFFAV86CA,23,.26,樓梯間,鋼筋混凝土造,83年5月16日,十三層,
RPQNMLPJMHMFFAV86CA,23,.26,樓梯間,鋼筋混凝土造,83年5月16日,十三層,
RPQNMLPJMHMFFAV86CA,23,.33,樓梯間,鋼筋混凝土造,83年5月16日,十三層,
RPQNMLPJMHMFFAV86CA,23,.26,空白,鋼筋混凝土造,83年5月16日,十三層,
RPSNMLPJMHMFFAV07CA,23,167.53,集合住宅,鋼筋混凝土造,82年12月30日,七層,五層 陽台
RPSNMLPJMHMFFAV07CA,23,62.51,避難室．樓梯間,鋼筋混凝土造,82年12月30日,七層,
RPTNMLPJMHMFFAV17CA,46,68.40,住家用,鐵筋水泥磚,59年10月16日,二層,一層 二層
RPQNMLRJMHMFFAV07CA,1,222.09,住宅、樓梯間,ＲＣ造,105年1月21日,三層,一層 二層 三層 屋頂突出物 見其他登記事項
RPUNMLQJMHMFFAV37CA,36,121.80,住家用,鋼筋混凝土加強磚造,69年12月26日,二層,一層 二層 騎樓
RPOOMLRKMHMFFAV07CA,,84.13,住家用,鋼骨造,,,
RPRNMLRJMHMFFAV17CA,23,83.80,集合住宅,鋼筋混凝土造,83年6月1日,三層,三層 陽台
RPRNMLRJMHMFFAV17CA,23,9.54,樓梯共同使用,鋼筋混凝土造,83年6月1日,三層,
RPRNMLQJMHMFFAV07CA,19,165.57,住家用,鋼筋混凝土造,87年9月5日,三層,一層 二層 三層 陽台
RPPNMLRJMHMFFCV17CA,12,89.19,農舍,鋼筋混凝土造,94年9月6日,二層,一層 二層 陽台
RPSNMLRJMHMFFAV27CA,33,85.57,住家用,鋼筋混凝土造,73年1月30日,四層,四層
RPSNMLRJMHMFFAV27CA,33,10.72,避難室．樓梯間,鋼筋混凝土造,73年1月30日,四層,
RPPNMLRKMHMFFAV07CA,,122.01,住家用,ＲＣ造,105年12月29日,三層,一層 二層 三層 見其他登記事項
RPUNMLRLMHMFFAV67CA,42,93.83,住家用,鐵筋水泥磚,64年7月22日,二層,一層 二層
RPOOMLKKMHMFFAV98CA,37,94.92,住家用,加強磚造,69年7月5日,二層,一層 二層
RPRNMLLKMHMFFAV66CA,28,185.36,住家用,鋼筋混凝土造,78年6月16日,三層,一層 二層 三層
RPTNMLLKMHMFFAV86CA,21,187.42,人行．店舖．住宅,鋼筋混凝土造,85年5月3日,三層,一層 二層 三層 騎樓 見其他登記事項
RPXNMLKKMHMFFAV17CA,24,168.73,住家用,鋼筋混凝土造,81年11月26日,三層,一層 二層 三層
RPWNMLKKMHMFFAV07CA,21,168.62,住家用,鋼筋混凝土造,85年1月13日,四層,一層 二層 三層 四層 見其他登記事項
RPUNMLLKMHMFFAV96CA,18,213.72,人行，住宅,鋼筋混凝土造,88年2月9日,三層,一層 二層 三層 陽台 平台 屋頂突出物 騎樓
RPROMLKKMHMFFAV66CA,22,61.21,集合住宅,鋼筋混凝土造,84年2月17日,八層,八層 花台
RPRNMLMKMHMFFAV76CA,36,194.70,住家用,鐵筋水泥磚,70年3月28日,三層,一層 二層 三層 騎樓 地下層
RPRNMLMKMHMFFAV76CA,36,194.70,住家用,鐵筋水泥磚,70年3月28日,三層,一層 二層 三層 騎樓 地下層
RPRNMLKKMHMFFAV56CA,17,198.05,住家用,鋼筋混凝土造,89年6月7日,三層,一層 二層 三層 陽台
RPPNMLLKMHMFFAV56DA,39,75.65,住家用,加強磚造,67年5月13日,二層,一層 二層
RPPNMLLKMHMFFCV76DA,,96.00,住商用,鐵筋水泥磚,,二層,一層 二層 騎樓
RPPNMLMKMHMFFAV56CA,37,111.80,住家用,加強磚造,69年7月2日,二層,一層 二層 騎樓
RPPNMLRLMHMFFAV17CA,25,182.89,住家用,加強磚造,80年10月15日,二層,一層 二層 屋頂突出物
RPQNMLMKMHMFFAV66CA,36,194.70,住家用,鐵筋水泥磚,70年3月28日,三層,一層 二層 三層 騎樓 地下層
RPSNMLLKMHMFFAV76CA,34,94.14,國民住宅,鋼筋混凝土造,72年2月22日,四層,三層 陽台
RPSNMLLKMHMFFAV76CA,34,6.83,國民住宅．走道,鋼筋混凝土造,72年2月22日,四層,
RPUNMLMKMHMFFAV07CA,24,138.15,住家用,鋼筋混凝土造,82年3月8日,三層,一層 二層 三層
RPPNMLLJNHMFFBV66DA,17,163.50,鄉村住宅,加強磚造,89年9月4日,二層,一層 二層 屋頂突出物
RPPNMLOKMHMFFCV96CA,,115.60,住商用,鐵筋水泥磚,,二層,一層 二層 騎樓
RPWNMLMKMHMFFAV27CA,21,86.57,集合住宅,鋼筋混凝土造,84年12月20日,七層,四層 陽台
RPWNMLMKMHMFFAV27CA,,32.96,避難室、門廳、電樓梯間,鋼筋混凝土造,,七層,
RPPNMLLLMHMFFAV56CA,30,132.43,住家用,加強磚造,76年1月21日,二層,一層 二層 陽台 屋頂突出物
RPVNMLOKMHMFFAV37CA,24,47.92,集合住宅,鋼筋混凝土造,82年8月14日,七層,五層 陽台 花台
RPVNMLOKMHMFFAV37CA,24,4.74,樓梯間,鋼筋混凝土造,82年8月14日,七層,
RPVNMLOKMHMFFAV37CA,24,47.92,集合住宅,鋼筋混凝土造,82年8月14日,七層,五層 陽台 花台
RPVNMLOKMHMFFAV37CA,24,9.03,騎樓樓梯間、門廳、水箱、地下停車場,鋼筋混凝土造,82年8月14日,七層,
RPVNMLOKMHMFFAV37CA,24,.73,樓梯間,鋼筋混凝土造,82年8月14日,七層,
RPVNMLOKMHMFFAV37CA,24,4.74,樓梯間,鋼筋混凝土造,82年8月14日,七層,
RPVNMLOKMHMFFAV37CA,24,9.03,騎樓樓梯間、門廳、水箱、地下停車場,鋼筋混凝土造,82年8月14日,七層,
RPVNMLOKMHMFFAV37CA,24,.73,樓梯間,鋼筋混凝土造,82年8月14日,七層,
RPPNMLRKMHMFFCV37DA,21,131.26,住家用,加強磚造,84年12月13日,二層,一層 二層
RPUNMLRKMHMFFAV67DA,,112.72,住家用,鋼筋混凝土造,,,
RPWNMLKLMHMFFAV17CA,21,3.28,配電室．樓梯．電梯．機械房．通道．水箱．人行共同使用,鋼筋混凝土造,85年6月28日,九層,
RPWNMLKLMHMFFAV17CA,21,27.71,集合住宅,鋼筋混凝土造,85年6月28日,九層,五層 花台
RPWNMLKLMHMFFAV17CA,21,5.18,電梯，樓梯共同使用,鋼筋混凝土造,85年6月28日,九層,
RPRNMLPLMHMFFAV17CA,23,22.50,集合住宅,鋼筋混凝土造,83年1月26日,七層,五層 陽台
RPRNMLPLMHMFFAV17CA,23,.24,共有部分,鋼筋混凝土造,83年1月26日,七層,
RPRNMLPLMHMFFAV17CA,23,.24,共有部分,鋼筋混凝土造,83年1月26日,七層,
RPRNMLPLMHMFFAV17CA,23,.24,共有部分,鋼筋混凝土造,83年1月26日,七層,
RPRNMLPLMHMFFAV17CA,23,.24,共有部分,鋼筋混凝土造,83年1月26日,七層,
RPRNMLPLMHMFFAV17CA,23,.24,共有部分,鋼筋混凝土造,83年1月26日,七層,
RPRNMLPLMHMFFAV17CA,23,.24,共有部分,鋼筋混凝土造,83年1月26日,七層,
RPRNMLPLMHMFFAV17CA,23,.24,共有部分,鋼筋混凝土造,83年1月26日,七層,
RPRNMLPLMHMFFAV17CA,23,1.83,共有部分,鋼筋混凝土造,83年1月26日,七層,
RPPNMLMLMHMFFAV66CA,21,173.85,住家用,鋼筋混凝土造,85年1月13日,四層,一層 二層 三層 四層 見其他登記事項
RPQNMLMLMHMFFAV76CA,1,264.12,住家用,鋼筋混凝土造,105年1月25日,三層,一層 二層 三層 見其他登記事項
RPPNMLLLMHMFFCV76CA,30,865.99,工業用,鋼架混凝土、鋼架造、加強磚造,75年10月27日,一層,一層
RPPNMLLLMHMFFDV86CA,22,167.21,住商用,鋼筋混凝土造,84年9月8日,三層,一層 二層 三層 屋頂突出物 騎樓
RPPOMLPLMHMFFAV07CA,20,165.79,住家用,鋼筋混凝土造,86年3月27日,三層,一層 二層 三層 見其他登記事項
RPQNMLTKMHMFFAV37CA,10,200.18,住宅、樓梯間,ＲＣ造,96年1月16日,二層,一層 二層 見其他登記事項
RPRNMLTKMHMFFAV47CA,20,136.33,鄉村住宅,鋼筋混凝土造,85年9月25日,三層,一層 二層 三層 陽台
RPPNMLMJNHMFFAV66DA,20,64.72,集合住宅,鋼筋混凝土造,86年9月26日,五層,一層 陽台
RPPNMLMJNHMFFAV66DA,20,14.61,儲藏室、停車空間、蓄水池,鋼筋混凝土造,86年9月26日,五層,
RPPNMLMJNHMFFAV66DA,20,4.40,電梯．樓梯．走廊．水箱．機械房．儲藏室．瞭望台,鋼筋混凝土造,86年9月26日,五層,
RPQNMLPLMHMFFDV47DA,22,31.54,套房,鋼筋混凝土造,83年9月30日,八層,八層 陽台
RPQNMLPLMHMFFDV47DA,22,31.54,套房,鋼筋混凝土造,83年9月30日,八層,八層 陽台
RPQNMLPLMHMFFDV47DA,22,6.07,樓梯間．門房走道,鋼筋混凝土造,83年9月30日,八層,
RPQNMLPLMHMFFDV47DA,22,6.07,樓梯間．門房走道,鋼筋混凝土造,83年9月30日,八層,
RPRNMLKLMHMFFAV66CA,33,100.88,國民住宅,鋼筋混凝土造,72年10月19日,四層,四層 陽台
RPRNMLKLMHMFFAV66CA,,4.63,樓梯間,鋼筋混凝土造,,四層,
RPQNMLOLMHMFFAV96CA,,207.67,住宅、樓梯間,ＲＣ造,105年12月7日,三層,一層 二層 三層 見其他登記事項 見其他登記事項
RPPNMLOLMHMFFAV96DA,22,109.58,集合住宅,鋼筋混凝土造,84年2月17日,八層,八層 陽台 花台
RPPNMLOLMHMFFAV96DA,22,19.35,防空避難室暨停車空間、配電室,鋼筋混凝土造,84年2月17日,八層,
RPPNMLOLMHMFFAV96DA,22,14.10,車道、警衛室、托兒所、電梯、樓梯,鋼筋混凝土造,84年2月17日,八層,
RPPNMLPLMHMFFAV96CA,1,189.35,住家用,ＲＣ造,105年3月3日,三層,一層 二層 三層 見其他登記事項
RPTNMLRLMHMFFAV57CA,35,143.47,住家用,加強磚造,70年12月3日,二層,一層 二層 屋頂突出物 騎樓
RPXNMLPLMHMFFAV77CA,23,30.34,集合住宅,鋼筋混凝土造,83年4月19日,十四層,二層 陽台
RPXNMLPLMHMFFAV77CA,23,9.36,避難室，電梯．樓梯．地下室．通廊共同使用,鋼筋混凝土造,83年4月19日,十四層,
RPQNMLQKNHMFFDV47CA,5,65.44,Ｈ２住宅,有牆鋼鐵造,101年5月24日,一層,一層
RPWNMLPLMHMFFAV67CA,23,150.53,鄉村住宅,鋼筋混凝土造,83年3月8日,三層,一層 二層 四層 屋頂突出物
RPQNMLMJNHMFFCV86CA,39,80.52,住家用,鐵筋水泥磚,67年9月12日,二層,一層 二層
RPPNMLKKNHMFFCV66CA,1,154.83,Ｈ２住宅,鋼筋混凝土造,104年12月18日,三層,一層 二層 三層 陽台
RPUNMLSLMHMFFAV77CA,,129.60,住家用,加強磚造,,二層,一層 二層
RPPNMLOJNHMFFAV76CA,44,103.04,住家用,鐵筋水泥磚,62年6月20日,二層,一層 二層 騎樓
RPXNMLSLMHMFFAV08CA,50,85.54,住家用,鐵筋水泥磚造,55年12月1日,一層,一層 騎樓
RPRNMLQLMHMFFAV27CA,25,134.85,住家用,鋼筋混凝土造,81年1月25日,三層,一層 二層 三層
RPUNMLQLMHMFFAV57CA,31,292.86,住家用,加強磚造、有牆鋼架造,74年5月27日,三層,一層 二層 三層
RPSNMLQLMHMFFAV37CA,33,122.60,住家用,鋼筋混凝土造,73年1月30日,四層,一層 地下層
RPSNMLQLMHMFFAV37CA,33,9.75,避難室．樓梯間,鋼筋混凝土造,73年1月30日,四層,
RPRNMLRLMHMFFAV37CA,34,112.36,住家用,加強磚造,72年5月12日,二層,一層 二層 騎樓
RPVNMLSLMHMFFAV87CA,22,109.58,集合住宅,鋼筋混凝土造,84年2月17日,八層,七層 陽台 花台
RPVNMLSLMHMFFAV87CA,22,33.59,防空避難室暨停車空間、配電室,鋼筋混凝土造,84年2月17日,八層,
RPVNMLSLMHMFFAV87CA,22,14.08,車道、警衛室、托兒所、電梯、樓梯,鋼筋混凝土造,84年2月17日,八層,
RPQNMLMJNHMFFAV66CA,47,84.36,住家用,加強磚造,59年7月18日,二層,一層 二層 騎樓
RPPOMLSLMHMFFAV37CA,1,269.84,住家用,ＲＣ造,105年7月27日,三層,一層 二層 三層 見其他登記事項
RPPNMLSLMHMFFAV27CA,35,151.61,住家用,加強磚造,71年2月21日,二層,一層 二層 車庫
RPSNMLSLMHMFFAV57CA,24,133.26,住家用,鋼筋混凝土造,82年6月4日,三層,一層 二層 三層
RPQNMLSLMHMFFBV47CA,,228.49,見其他登記事項,見其他登記事項,105年11月1日,二層,
RPRNMLTKNHMFFAV67DA,8,33.44,騎樓Ｇ３店舖,鋼骨造,98年5月4日,一層,一層 騎樓 見其他登記事項
RPRNMLKKNHMFFAV66CA,24,675.12,倉庫．辦公室．工廠．避難室．宿舍,鋼筋混凝土造,82年7月13日,二層,一層 二層 屋頂突出物 地下層
RPPNMLSLMHMFFCV47CA,,83.31,住商用,鐵筋水泥磚,,二層,一層 二層 騎樓
RPPNMLQKNHMFFCV27CA,,122.32,住商用,鐵筋水泥磚,,二層,一層 二層 騎樓
RPQNMLSLMHMFFCV57CA,62,75.85,住家用,見其他登記事項,43年10月1日,一層,
RPQNMLNJNHMFFCV96CA,,113.65,商業用,木造,,一層,一層 騎樓 見其他登記事項
RPSNMLNLNHMFFBV27CA,43,73.07,住家用,鐵筋水泥磚造,63年3月1日,一層,一層 見其他登記事項
RPVNMLQLMHMFFAV67CA,23,114.42,集合住宅,鋼筋混凝土造,82年12月3日,四層,四層 陽台
RPVNMLQLMHMFFAV67CA,23,.28,樓梯間．屋頂突出物．公同使用,鋼筋混凝土造,82年12月3日,四層,
RPVNMLQLMHMFFAV67CA,23,.29,樓梯間．公同使用,鋼筋混凝土造,82年12月3日,四層,
RPVNMLQLMHMFFAV67CA,23,.28,樓梯間．公同使用,鋼筋混凝土造,82年12月3日,四層,
RPVNMLQLMHMFFAV67CA,23,.28,樓梯間．公同使用,鋼筋混凝土造,82年12月3日,四層,
RPVNMLQLMHMFFAV67CA,23,.28,樓梯間．公同使用,鋼筋混凝土造,82年12月3日,四層,
RPVNMLQLMHMFFAV67CA,23,.28,樓梯間．公同使用,鋼筋混凝土造,82年12月3日,四層,
RPVNMLQLMHMFFAV67CA,23,.29,樓梯間．公同使用,鋼筋混凝土造,82年12月3日,四層,
RPVNMLQLMHMFFAV67CA,23,.28,樓梯間．公同使用,鋼筋混凝土造,82年12月3日,四層,
RPVNMLQLMHMFFAV67CA,23,.29,樓梯間．屋頂突出物．公同使用,鋼筋混凝土造,82年12月3日,四層,
RPVNMLQLMHMFFAV67CA,23,3.97,避難室．機械室．公同使用,鋼筋混凝土造,82年12月3日,四層,
RPVNMLQLMHMFFAV67CA,23,.28,樓梯間．屋頂突出物．公同使用,鋼筋混凝土造,82年12月3日,四層,
RPVNMLQLMHMFFAV67CA,23,.28,樓梯間．屋頂突出物．公同使用,鋼筋混凝土造,82年12月3日,四層,
RPVNMLQLMHMFFAV67CA,23,.28,樓梯間．屋頂突出物．公同使用,鋼筋混凝土造,82年12月3日,四層,
RPVNMLQLMHMFFAV67CA,23,.29,樓梯間．屋頂突出物．公同使用,鋼筋混凝土造,82年12月3日,四層,
RPVNMLQLMHMFFAV67CA,23,.28,樓梯間．公同使用,鋼筋混凝土造,82年12月3日,四層,
RPVNMLQLMHMFFAV67CA,23,.29,樓梯間．屋頂突出物．公同使用,鋼筋混凝土造,82年12月3日,四層,
RPVNMLQLMHMFFAV67CA,23,.28,樓梯間．屋頂突出物．公同使用,鋼筋混凝土造,82年12月3日,四層,
RPVNMLQLMHMFFAV67CA,23,.28,樓梯間．屋頂突出物．公同使用,鋼筋混凝土造,82年12月3日,四層,
RPVNMLQLMHMFFAV67CA,23,.28,樓梯間．共同使用,鋼筋混凝土造,82年12月3日,四層,
RPVNMLQLMHMFFAV67CA,23,.29,樓梯間．公同使用,鋼筋混凝土造,82年12月3日,四層,
RPVNMLQLMHMFFAV67CA,23,.28,樓梯間．屋頂突出物．公同使用,鋼筋混凝土造,82年12月3日,四層,
RPVNMLQLMHMFFAV67CA,23,.29,樓梯間．屋頂突出物．公同使用,鋼筋混凝土造,82年12月3日,四層,
RPVNMLQLMHMFFAV67CA,23,.28,樓梯間．屋頂突出物．公同使用,鋼筋混凝土造,82年12月3日,四層,
RPVNMLQLMHMFFAV67CA,23,.29,樓梯間．屋頂突出物．公同使用,鋼筋混凝土造,82年12月3日,四層,
RPVNMLQLMHMFFAV67CA,23,.77,樓梯間．公同使用,鋼筋混凝土造,82年12月3日,四層,
RPVNMLQLMHMFFAV67CA,23,.28,樓梯間．屋頂突出物．公同使用,鋼筋混凝土造,82年12月3日,四層,
RPVNMLQLMHMFFAV67CA,23,.28,樓梯間．屋頂突出物．公同使用,鋼筋混凝土造,82年12月3日,四層,
RPVNMLQLMHMFFAV67CA,23,.28,樓梯間．公同使用,鋼筋混凝土造,82年12月3日,四層,
RPVNMLQLMHMFFAV67CA,23,.28,樓梯間．公同使用,鋼筋混凝土造,82年12月3日,四層,
RPVNMLQLMHMFFAV67CA,23,.28,樓梯間．公同使用,鋼筋混凝土造,82年12月3日,四層,
RPVNMLQLMHMFFAV67CA,23,.28,樓梯間．公同使用,鋼筋混凝土造,82年12月3日,四層,
RPVNMLQLMHMFFAV67CA,23,.77,樓梯間．公同使用,鋼筋混凝土造,82年12月3日,四層,
RPVNMLQLMHMFFAV67CA,23,.28,樓梯間．公同使用,鋼筋混凝土造,82年12月3日,四層,
RPVNMLQLMHMFFAV67CA,23,2.50,避難室．機械室．共同使用,鋼筋混凝土造,82年12月3日,四層,
RPTNMLSJNHMFFAV57CA,22,94.81,集合住宅　　,鋼筋混凝土造,84年2月17日,八層,一層 平台 花台
RPTNMLSJNHMFFAV57CA,22,15.37,防空避難室暨停車空間、配電室,鋼筋混凝土造,84年2月17日,八層,
RPTNMLSJNHMFFAV57CA,22,11.40,車道、警衛室、托兒所、電梯、樓梯,鋼筋混凝土造,84年2月17日,八層,
RPRNMLSJNHMFFAV37CA,21,190.96,住家用,鋼筋混凝土造,85年1月29日,三層,一層 二層 三層 陽台 屋頂突出物
RPSNMLSJNHMFFAV47CA,20,334.22,住家用,鋼筋混凝土造,86年6月30日,四層,一層 二層 三層 四層 騎樓 見其他登記事項
