﻿編號,土地位置,土地移轉面積(平方公尺),使用分區或編定,權利人持分分母,權利人持分分子,移轉情形,地號
The serial number, land position,land shifting area square meter,the use zoning or compiles and checks,,,,land parcel
RPVNMLTJKHMFFAV57CA,常德段,21.20,都市：住,10000,187,持分移轉,05200000
RPWNMLNLKHMFFAV27CA,上岩灣段,65.14,都市：住,100000,1540,持分移轉,01990000
RPPNMLRJKHMFFBV86CA,富民段,702.46,非都市：風景區 ; 非都市編定：農牧用地,1,1,全筆移轉,05650000
RPPNMLRJKHMFFBV86CA,富民段,739.96,非都市：風景區 ; 非都市編定：農牧用地,1,1,全筆移轉,05660000
RPPNMLSJKHMFFAV86CA,台東段,4.27,都市：住,10000,74,持分移轉,18220000
RPQNMLTJKHMFFCV27CA,水井段,34.10,非都市：鄉村區 ; 非都市編定：乙種建築用地,1,1,全筆移轉,08060000
RPQNMLTJKHMFFCV27CA,水井段,79.84,非都市：鄉村區 ; 非都市編定：乙種建築用地,1,1,全筆移轉,08060002
RPPNMLRJKHMFFCV07DA,福原段,70.94,都市：商,1,1,全筆移轉,01670000
RPPNMLRJKHMFFCV07DA,福原段,38.51,都市：商,1,1,全筆移轉,01680000
RPSNMLQKKHMFFAV07CA,台東段,4.27,都市：住,10000,74,持分移轉,18220000
RPPNMLLLKHMFFBV56DA,高原段,3.00,非都市：鄉村區 ; 非都市編定：乙種建築用地,1,1,全筆移轉,06580028
RPPNMLSJKHMFFCV17DA,崁頂段,1288.50,非都市：山坡地保育區 ; 非都市編定：農牧用地,2,1,持分移轉,01810000
RPQNMLTJKHMFFAV17DA,台東段,2.43,都市：商,10000,38,持分移轉,05150000
RPRNMLRJKHMFFAV96CA,東海段,105.97,都市：住,1,1,全筆移轉,02910011
RPPNMLQJKHMFFAV66CA,建康段,2900.00,都市：農,1,1,全筆移轉,11540000
RPPNMLTJKHMFFDV37DA,正興段,164.89,都市：住,1,1,全筆移轉,00570003
RPQNMLRJKHMFFBV96CA,忠勇段,149.34,都市：住,1,1,全筆移轉,05260000
RPPNMLTJKHMFFBV07CA,加走灣段,464.11,非都市：風景區 ; 非都市編定：農牧用地,1,1,全筆移轉,04930007
RPTNMLKKKHMFFAV56CA,利家段,332.00,非都市：特定農業區 ; 非都市編定：甲種建築用地,1,1,全筆移轉,54800023
RPPNMLTJKHMFFAV96CA,豐谷段,72.00,都市：住,1,1,全筆移轉,03260000
RPPNMLTJKHMFFAV96CA,豐谷段,12.00,都市：住,1,1,全筆移轉,03310000
RPPNMLKKKHMFFAV78CA,台東段,51.00,都市：住,1,1,全筆移轉,01030002
RPQOMLTJKHMFFAV17CA,常德段,19.84,都市：住,10000,175,持分移轉,05200000
RPXNMLTJKHMFFAV77CA,台東段,6.00,都市：住,1,1,全筆移轉,01150043
RPWNMLTJKHMFFAV67CA,新生段,5.46,都市：住,10000,22,持分移轉,00440000
RPUNMLTJKHMFFAV57DA,豐成段,1613.46,非都市：特定農業區 ; 非都市編定：農牧用地,1,1,全筆移轉,05140000
RPQOMLKLKHMFFAV09CA,射馬干段,2353.06,非都市：特定農業區 ; 非都市編定：農牧用地,1,1,全筆移轉,01600000
RPQNMLKKKHMFFAV98DA,下賓朗段,1678.71,非都市：一般農業區 ; 非都市編定：農牧用地,1,1,全筆移轉,04000000
RPPNMLPKKHMFFDV96CA,秀山段,10.39,都市：住,10000,9,持分移轉,07230000
RPPNMLPKKHMFFDV96CA,秀山段,.00,都市：住,10000,9,持分移轉,07230001
RPPNMLNKKHMFFCV66CA,里?段,265.33,都市：其他:都市計畫水溝用地,271330,265330,持分移轉,09160000
RPPOMLTJKHMFFAV07CA,台東段,65.00,都市：住,1,1,全筆移轉,01150042
RPRNMLNKKHMFFAV66CA,豐航段,80.70,都市：住,1,1,全筆移轉,08170000
RPPNMLOKKHMFFAV56CA,煙草間段,199.03,非都市：特定農業區 ; 非都市編定：甲種建築用地,1,1,全筆移轉,02090000
RPQNMLOKKHMFFCV86CA,坪頂段,378.39,非都市：一般農業區 ; 非都市編定：農牧用地,1,1,全筆移轉,00320000
RPSNMLNKKHMFFAV76CA,台東段,15.65,都市：住,10000,104,持分移轉,20080000
RPPNMLOKKHMFFBV66CA,新美山段,1541.69,非都市：風景區 ; 非都市編定：農牧用地,1,1,全筆移轉,07740000
RPPNMLOKKHMFFBV66CA,新美山段,1200.00,非都市：風景區 ; 非都市編定：農牧用地,1,1,全筆移轉,07740001
RPSNMLRKKHMFFAV17CA,豐田段,623.00,都市：其他:綠地,1,1,全筆移轉,13320000
RPQNMLOKKHMFFBV76CA,南八里段,2678.34,非都市：風景區 ; 非都市編定：農牧用地,1,1,全筆移轉,00390007
RPRNMLRJLHMFFAV07CA,台東段,77.00,都市：住,1,1,全筆移轉,00040551
RPTNMLOKKHMFFAV96CA,東海段,100.38,都市：住,1,1,全筆移轉,06770003
RPSNMLRJLHMFFAV17CA,台東段,80.00,都市：住,1,1,全筆移轉,06540143
RPUNMLPKKHMFFAV17CA,台東段,93.00,都市：住,1,1,全筆移轉,05340018
RPTNMLRKKHMFFAV27CA,普優瑪段,220.45,都市：住,1,1,全筆移轉,05080000
RPQNMLQJLHMFFAV86CA,南榮段,137.57,都市：住,1,1,全筆移轉,10140000
RPPNMLQKKHMFFAV76CA,下賓朗段,158.20,非都市：鄉村區 ; 非都市編定：乙種建築用地,1,1,全筆移轉,07140000
RPRNMLOKKHMFFAV86DA,利家段,61.00,非都市：鄉村區 ; 非都市編定：乙種建築用地,1,1,全筆移轉,76950000
RPQNMLKLKHMFFDV66CA,蘭里段,3409.67,非都市：特定農業區 ; 非都市編定：農牧用地,1,1,全筆移轉,12010000
RPPNMLOKKHMFFCV86DA,四維段,7634.23,非都市：一般農業區 ; 非都市編定：農牧用地,1,1,全筆移轉,00220000
RPPNMLOKKHMFFCV86DA,四維段,8712.51,非都市：一般農業區 ; 非都市編定：農牧用地,1,1,全筆移轉,00620000
RPPNMLOKKHMFFCV86DA,四維段,2294.47,非都市：一般農業區 ; 非都市編定：農牧用地,1,1,全筆移轉,00770000
RPPNMLOKKHMFFCV86DA,四維段,12650.09,非都市：一般農業區 ; 非都市編定：農牧用地,1,1,全筆移轉,00780000
RPPNMLOKKHMFFCV86DA,四維段,1678.74,非都市：一般農業區 ; 非都市編定：農牧用地,1,1,全筆移轉,00790000
RPPNMLOKKHMFFCV86DA,四維段,1564.76,非都市：一般農業區 ; 非都市編定：農牧用地,1,1,全筆移轉,00800000
RPPNMLNJLHMFFCV76DA,福原段,28.06,都市：農,10,2,持分移轉,09210000
RPPNMLNJLHMFFCV76DA,福原段,77.33,都市：住,10,2,持分移轉,09220000
RPPNMLNJLHMFFCV76DA,福原段,36.23,都市：住,10,2,持分移轉,09230000
RPPNMLNJLHMFFCV76DA,福原段,82.10,都市：住,10,2,持分移轉,09240000
RPPNMLNJLHMFFCV76DA,福原段,34.95,都市：住,10,2,持分移轉,09250000
RPPNMLNJLHMFFCV76DA,福原段,4.48,都市：住,10,2,持分移轉,09260000
RPPNMLNJLHMFFCV76DA,福原段,226.53,都市：住,10,2,持分移轉,09270000
RPPNMLNJLHMFFCV76DA,福原段,31.90,都市：住,10,2,持分移轉,09280000
RPPNMLNJLHMFFCV76DA,福原段,78.61,都市：住,10,2,持分移轉,09350000
RPPNMLNJLHMFFCV76DA,福原段,19.99,都市：住,10,2,持分移轉,09360000
RPPNMLKLKHMFFDV56CA,蘭里段,226.81,非都市：鄉村區 ; 非都市編定：乙種建築用地,1,1,全筆移轉,12400000
RPPNMLPKKHMFFAV66CA,東海段,100.32,都市：住,1,1,全筆移轉,02650003
RPQNMLLLKHMFFBV66DA,新港段八邊小段,18750.00,非都市：風景區 ; 非都市編定：林業用地,1,1,全筆移轉,00720003
RPQNMLRJLHMFFAV96CA,大業段,5.14,都市：住,1500,150,持分移轉,01660000
RPQNMLRJLHMFFAV96CA,大業段,196.36,都市：住,1,1,全筆移轉,01770000
RPUNMLOKKHMFFAV07CA,馬蘭段,2.25,都市：住,10000,64,持分移轉,15680000
RPUNMLOKKHMFFAV07CA,馬蘭段,2.64,都市：住,10000,64,持分移轉,15700000
RPRNMLQKKHMFFAV96CA,下賓朗段,2494.14,非都市：一般農業區 ; 非都市編定：農牧用地,1,1,全筆移轉,06090000
RPRNMLQKKHMFFAV96CA,下賓朗段,4343.07,非都市：一般農業區 ; 非都市編定：農牧用地,1,1,全筆移轉,04490000
RPRNMLQKKHMFFAV96CA,下賓朗段,8900.33,非都市：一般農業區 ; 非都市編定：農牧用地,1,1,全筆移轉,04500000
RPRNMLQKKHMFFAV96CA,下賓朗段,1270.65,非都市：一般農業區 ; 非都市編定：農牧用地,1,1,全筆移轉,04510000
RPRNMLQKKHMFFAV96CA,下賓朗段,19.54,非都市：一般農業區 ; 非都市編定：交通用地,1,1,全筆移轉,06050000
RPQNMLRKKHMFFAV96CA,東海段,112.78,都市：住,1,1,全筆移轉,02910000
RPRNMLRKKHMFFAV07CA,馬蘭段,38.18,都市：住,10000,202,持分移轉,14460000
RPPNMLRKKHMFFAV86CA,東海段,53.70,都市：住,2,1,持分移轉,02910013
RPPNMLRKKHMFFAV86CA,東海段,53.70,都市：住,2,1,持分移轉,02910013
RPVNMLPKKHMFFAV27CA,興安段,96.78,都市：住,1,1,全筆移轉,02020017
RPPNMLQKKHMFFBV86CA,富民段,4541.08,非都市：風景區 ; 非都市編定：農牧用地,1,1,全筆移轉,06270000
RPPNMLQKKHMFFBV86CA,富民段,2031.22,非都市：風景區 ; 非都市編定：農牧用地,1,1,全筆移轉,06290002
RPPNMLQKKHMFFBV86CA,富民段,35.15,非都市：風景區 ; 非都市編定：農牧用地,6,1,持分移轉,06290004
RPPNMLMLKHMFFBV66DA,都豐段,26.84,非都市：風景區 ; 非都市編定：農牧用地,1,1,全筆移轉,13470001
RPPNMLOKLHMFFCV86CA,中華段,107.63,都市：商,1,1,全筆移轉,01770000
RPQNMLKLKHMFFBV09CA,和平南段,873.37,非都市：風景區 ; 非都市編定：農牧用地,1,1,全筆移轉,07020000
RPQNMLKLKHMFFBV09CA,和平南段,2941.31,非都市：風景區 ; 非都市編定：農牧用地,1,1,全筆移轉,07070000
RPUNMLNLKHMFFAV07CA,東海段,99.95,都市：住,1,1,全筆移轉,02910004
RPTNMLNLKHMFFAV96CA,東海段,100.16,都市：住,1,1,全筆移轉,02910002
RPPNMLSKKHMFFCV17CA,龍田段,140.18,都市：住,1,1,全筆移轉,11490012
RPPNMLSKKHMFFCV17CA,龍田段,32.93,都市：住,1,1,全筆移轉,11490014
RPUNMLRKKHMFFAV37CA,利家段,35.43,非都市：鄉村區 ; 非都市編定：乙種建築用地,30000,697,持分移轉,74880000
RPUNMLRKKHMFFAV37CA,利家段,31.46,非都市：鄉村區 ; 非都市編定：乙種建築用地,30000,1477,持分移轉,74880004
RPRNMLSKKHMFFAV17CA,豐年段,6.50,都市：住,10000,13,持分移轉,00270000
RPSNMLSKKHMFFAV27CA,興安段,111.89,都市：住,1,1,全筆移轉,02020006
RPRNMLKLKHMFFAV09CA,豐年段,6.00,都市：住,10000,12,持分移轉,00270000
RPPNMLKLKHMFFAV88CA,東海段,25.04,都市：住,10000,142,持分移轉,01400000
RPSNMLKLKHMFFAV56CA,東海段,127.35,都市：住,1,1,全筆移轉,02910015
RPWNMLKLKHMFFAV96CA,東海段,108.11,都市：住,1,1,全筆移轉,02910014
RPTNMLKLKHMFFAV66CA,東海段,106.68,都市：住,1,1,全筆移轉,02910012
RPUNMLKLKHMFFAV76CA,東海段,107.95,都市：住,1,1,全筆移轉,02910010
RPXNMLKLKHMFFAV07CA,台東段,209.00,都市：商,1,1,全筆移轉,03010000
RPOOMLKLKHMFFAV88CA,新園段,1292.00,非都市：特定農業區 ; 非都市編定：農牧用地,1,1,全筆移轉,05030000
RPRNMLKLKHMFFBV56CA,玉長段,892.99,非都市：風景區 ; 非都市編定：農牧用地,1,1,全筆移轉,10920000
RPRNMLKLKHMFFBV56CA,玉長段,2021.66,非都市：風景區 ; 非都市編定：農牧用地,1,1,全筆移轉,10930000
RPPNMLSJLHMFFAV96CA,豐康段,51.90,非都市：特定農業區 ; 非都市編定：甲種建築用地,1,1,全筆移轉,02290000
RPPNMLSJLHMFFAV96CA,豐康段,64.33,非都市：特定農業區 ; 非都市編定：甲種建築用地,1,1,全筆移轉,02300000
RPPNMLKLKHMFFBV98CA,富民段,7.56,非都市：風景區 ; 非都市編定：農牧用地,1,1,全筆移轉,04500002
RPSNMLMJLHMFFCV86CA,水井段,143.59,非都市：鄉村區 ; 非都市編定：乙種建築用地,1,1,全筆移轉,10170003
RPSNMLMJLHMFFCV86CA,水井段,21.69,非都市：鄉村區 ; 非都市編定：乙種建築用地,1,1,全筆移轉,10170010
RPTNMLMJLHMFFCV07DA,新源段,2676.27,非都市：一般農業區 ; 非都市編定：農牧用地,1,1,全筆移轉,04860002
RPUNMLSKKHMFFAV47CA,梧州段,59.77,都市：住,1,1,全筆移轉,02520001
RPPOMLKLKHMFFAV09DA,常德段,109.61,都市：住,1,1,全筆移轉,10670013
RPTOMLKLKHMFFAV86DA,馬蘭段,33.83,都市：住,10000,179,持分移轉,14460000
RPRNMLTJLHMFFAV27CA,利泰段,28.46,非都市：特定農業區 ; 非都市編定：交通用地,1,1,全筆移轉,02550002
RPRNMLTJLHMFFAV27CA,利泰段,83.32,非都市：特定農業區 ; 非都市編定：交通用地,1,1,全筆移轉,02640001
RPQNMLMLKHMFFAV56CA,新生段,12.40,都市：住,10000,50,持分移轉,00440000
RPSOMLKLKHMFFAV66CA,永和段,114.72,都市：住,1,1,全筆移轉,00540000
RPSOMLKLKHMFFAV66CA,永和段,16.61,都市：其他:道路用地,1,1,全筆移轉,00550000
RPPNMLLLKHMFFAV98CA,中心段,49.00,都市：住,1,1,全筆移轉,10260000
RPQNMLNJLHMFFCV86DA,福原段,28.06,都市：農,10,2,持分移轉,09210000
RPQNMLNJLHMFFCV86DA,福原段,77.33,都市：住,10,2,持分移轉,09220000
RPQNMLNJLHMFFCV86DA,福原段,36.23,都市：住,10,2,持分移轉,09230000
RPQNMLNJLHMFFCV86DA,福原段,82.10,都市：住,10,2,持分移轉,09240000
RPQNMLNJLHMFFCV86DA,福原段,34.95,都市：住,10,2,持分移轉,09250000
RPQNMLNJLHMFFCV86DA,福原段,4.48,都市：住,10,2,持分移轉,09260000
RPQNMLNJLHMFFCV86DA,福原段,226.53,都市：住,10,2,持分移轉,09270000
RPQNMLNJLHMFFCV86DA,福原段,31.90,都市：住,10,2,持分移轉,09280000
RPQNMLNJLHMFFCV86DA,福原段,78.61,都市：住,10,2,持分移轉,09350000
RPQNMLNJLHMFFCV86DA,福原段,19.99,都市：住,10,2,持分移轉,09360000
RPPNMLMLKHMFFAV56DA,新生段,89.00,都市：住,1,1,全筆移轉,07940000
RPPNMLMLKHMFFAV56DA,新生段,6.00,都市：住,1,1,全筆移轉,06770008
RPSNMLMLKHMFFAV76CA,利家段,49.00,非都市：鄉村區 ; 非都市編定：乙種建築用地,1,1,全筆移轉,82040000
RPQNMLLJLHMFFAV09DA,梧州段,791.68,都市：農,1,1,全筆移轉,06200000
RPQNMLLJLHMFFAV09DA,梧州段,179.58,都市：農,1,1,全筆移轉,06210000
RPQNMLLJLHMFFAV09DA,梧州段,32.87,非都市：特定農業區 ; 非都市編定：交通用地,1,1,全筆移轉,06240000
RPQNMLLJLHMFFAV09DA,梧州段,15.99,非都市：特定農業區 ; 非都市編定：交通用地,1,1,全筆移轉,06260000
RPUNMLRJLHMFFAV37CA,利吉段,3765.72,非都市：山坡地保育區 ; 非都市編定：農牧用地,1,1,全筆移轉,00460000
RPPNMLNLKHMFFAV56CA,利家段,1739.00,非都市：特定農業區 ; 非都市編定：農牧用地,1,1,全筆移轉,56540000
RPRNMLNLKHMFFAV76CA,東海段,99.81,都市：住,1,1,全筆移轉,02910001
RPSNMLNLKHMFFAV86CA,東海段,99.37,都市：住,1,1,全筆移轉,02910005
RPRNMLMLKHMFFAV66CA,中心段,109.00,都市：住,1,1,全筆移轉,09930000
RPRNMLNJLHMFFCV86CA,中華段,38.33,都市：住,1,1,全筆移轉,00920000
RPRNMLNJLHMFFCV86CA,中華段,68.55,都市：住,1,1,全筆移轉,00930000
RPRNMLMJLHMFFAV56CA,青林段,4818.33,非都市：山坡地保育區 ; 非都市編定：農牧用地,1,1,全筆移轉,06270000
RPPNMLLJLHMFFAV88CA,台東段,43.64,都市：住,10000,416,持分移轉,20380000
RPRNMLLJLHMFFAV09CA,新園段,116.50,非都市：特定農業區 ; 非都市編定：甲種建築用地,2,1,持分移轉,02550001
RPQNMLMJLHMFFAV09CA,中山段,99.00,都市：住,1,1,全筆移轉,03710001
RPQNMLMJLHMFFAV09CA,中山段,18.00,都市：住,1,1,全筆移轉,03720001
RPPNMLMJLHMFFCV56CA,大原段,724.00,非都市：特定農業區 ; 非都市編定：農牧用地,1,1,全筆移轉,14040000
RPPNMLMJLHMFFCV56CA,大原段,1325.00,非都市：特定農業區 ; 非都市編定：農牧用地,1,1,全筆移轉,14000000
RPPNMLMJLHMFFCV56CA,大原段,945.00,非都市：特定農業區 ; 非都市編定：農牧用地,1,1,全筆移轉,14010000
RPPNMLMJLHMFFCV56CA,大原段,1080.00,非都市：特定農業區 ; 非都市編定：農牧用地,1,1,全筆移轉,14030000
RPQNMLNLKHMFFAV66CA,台東段,107.00,都市：住,1,1,全筆移轉,17630001
RPRNMLQJLHMFFAV96CA,台東段,54.40,都市：住,5,1,持分移轉,17800000
RPPNMLPLKHMFFAV76CA,興安段,79.53,都市：住,1,1,全筆移轉,01120000
RPVNMLOLKHMFFAV27CA,東海段,2500.01,都市：農,1,1,全筆移轉,01970000
RPVNMLOLKHMFFAV27CA,東海段,1041.28,都市：農,1,1,全筆移轉,01970005
RPVNMLOLKHMFFAV27CA,東海段,2500.00,都市：農,1,1,全筆移轉,02080000
RPSNMLLJLHMFFAV56CA,豐年段,26.07,都市：住,14,1,持分移轉,00020054
RPSNMLLJLHMFFAV56CA,豐年段,87.68,都市：住,1,1,全筆移轉,00030065
RPRNMLOLKHMFFAV86CA,永樂段,15546.00,都市：農,1,1,全筆移轉,05300000
RPRNMLOLKHMFFAV86CA,永樂段,349.00,都市：農,1,1,全筆移轉,05310000
RPRNMLOLKHMFFAV86CA,永樂段,454.00,都市：農,1,1,全筆移轉,05320000
RPWNMLOLKHMFFAV37CA,南榮段,109.96,都市：住,1,1,全筆移轉,10520000
RPXNMLOLKHMFFAV47CA,利卡夢段,4037.18,非都市：特定農業區 ; 非都市編定：農牧用地,1,1,全筆移轉,06820000
RPOOMLOLKHMFFAV66CA,永豐段,113.00,都市：住,1,1,全筆移轉,03950000
RPPOMLOLKHMFFAV76CA,豐年段,135.20,都市：住,1,1,全筆移轉,00290090
RPPNMLLJLHMFFBV98CA,南八里段,179.61,非都市：風景區 ; 非都市編定：農牧用地,1,1,全筆移轉,00390003
RPVNMLLJLHMFFAV86CA,東海段,4152.79,都市：農,1,1,全筆移轉,01900000
RPVNMLLJLHMFFAV86CA,東海段,678.93,都市：農,1,1,全筆移轉,01910000
RPVNMLLJLHMFFAV86CA,東海段,446.99,都市：農,1,1,全筆移轉,01920000
RPWNMLLJLHMFFAV96CA,豐康段,171.55,都市：農,10000,2306,持分移轉,04860000
RPRNMLMJLHMFFCV76CA,福原段,6.45,都市：商,1,1,全筆移轉,01920004
RPPNMLPJLHMFFCV86CA,海端段,66.00,非都市：鄉村區 ; 非都市編定：乙種建築用地,1,1,全筆移轉,09850004
RPVNMLKKLHMFFAV96DA,建華段,76.50,都市：住,1,1,全筆移轉,10320010
RPVNMLKKLHMFFAV96DA,建華段,42.79,都市：住,1,1,全筆移轉,10320018
RPPNMLMJLHMFFAV09DA,台東段,83.00,都市：住,1,1,全筆移轉,00080208
RPQNMLMJLHMFFCV76DA,四維段,4607.76,非都市：一般農業區 ; 非都市編定：農牧用地,1,1,全筆移轉,10520000
RPSNMLNKLHMFFAV96DA,豐富段,172.46,都市：其他:河川用地,1,1,全筆移轉,01760001
RPSNMLNKLHMFFAV96DA,豐富段,442.58,都市：其他:河川用地,1,1,全筆移轉,01780000
RPSNMLNKLHMFFAV96DA,豐富段,430.47,都市：其他:河川用地,1,1,全筆移轉,01790000
RPSNMLNKLHMFFAV96DA,豐富段,301.21,都市：其他:河川用地,1,1,全筆移轉,01830000
RPPNMLNKLHMFFAV66DA,豐富段,242.57,都市：其他:河川用地,1,1,全筆移轉,00160002
RPXNMLKKLHMFFAV17DA,豐富段,1.98,都市：其他:河川用地,1,1,全筆移轉,01750001
RPXNMLKKLHMFFAV17DA,豐富段,351.00,都市：其他:河川用地,1,1,全筆移轉,01750002
RPWNMLKKLHMFFAV07DA,豐富段,158.07,都市：其他:河川用地,1,1,全筆移轉,01850000
RPWNMLKKLHMFFAV07DA,豐富段,16.90,都市：其他:河川用地,1,1,全筆移轉,01850001
RPWNMLKKLHMFFAV07DA,豐富段,188.43,都市：其他:河川用地,1,1,全筆移轉,01860000
RPWNMLKKLHMFFAV07DA,豐富段,137.39,都市：其他:河川用地,1,1,全筆移轉,01860001
RPWNMLKKLHMFFAV07DA,豐富段,37.51,都市：其他:河川用地,1,1,全筆移轉,01870001
RPWNMLKKLHMFFAV07DA,豐富段,334.55,都市：其他:河川用地,1,1,全筆移轉,01880001
RPWNMLKKLHMFFAV07DA,豐富段,761.34,都市：其他:河川用地,1,1,全筆移轉,01880002
RPOOMLNKLHMFFAV66DA,豐富段,.74,都市：其他:河川用地,1,1,全筆移轉,01350001
RPOOMLNKLHMFFAV66DA,豐富段,366.10,都市：其他:河川用地,1,1,全筆移轉,01350002
RPOOMLNKLHMFFAV66DA,豐富段,10.80,都市：其他:河川用地,1,1,全筆移轉,01360001
RPOOMLNKLHMFFAV66DA,豐富段,602.00,都市：其他:河川用地,1,1,全筆移轉,01360002
RPPNMLLLKHMFFDV66CA,泰王段,65.74,都市：住,2,1,持分移轉,05520000
RPPNMLLLKHMFFDV66CA,泰王段,65.74,都市：住,2,1,持分移轉,05520000
RPPNMLLLKHMFFDV66CA,泰王段,59.64,都市：住,2,1,持分移轉,05540000
RPPNMLLLKHMFFDV66CA,泰王段,59.64,都市：住,2,1,持分移轉,05540000
RPSNMLSJLHMFFAV27CA,常德段,133.65,都市：住,1,1,全筆移轉,03020000
RPPNMLMJLHMFFDV76DA,荒野段,1932.11,非都市：一般農業區 ; 非都市編定：農牧用地,1,1,全筆移轉,07350000
RPPNMLMJLHMFFDV76DA,荒野段,691.76,非都市：一般農業區 ; 非都市編定：農牧用地,1,1,全筆移轉,07360000
RPPNMLMJLHMFFDV76DA,荒野段,92.58,非都市：一般農業區 ; 非都市編定：農牧用地,1,1,全筆移轉,07390000
RPPNMLMJLHMFFDV76DA,荒野段,369.10,非都市：一般農業區 ; 非都市編定：農牧用地,1,1,全筆移轉,07400000
RPSNMLMJLHMFFAV66CA,利家段,2146.00,非都市：特定農業區 ; 非都市編定：農牧用地,1,1,全筆移轉,54110000
RPQNMLRKLHMFFAV07CA,豐田段,100.86,都市：住,10000,513,持分移轉,13330003
RPRNMLRKLHMFFAV17CA,豐田段,101.05,都市：住,10000,514,持分移轉,13330003
RPTNMLMJLHMFFAV76CA,豐年段,126.95,都市：住,1,1,全筆移轉,10800002
RPRNMLQKLHMFFAV07CA,中山段,77.00,都市：住,1,1,全筆移轉,04930000
RPPNMLOJLHMFFDV86CA,台?段,12260.00,非都市：山坡地保育區 ; 非都市編定：農牧用地,1,1,全筆移轉,02030000
SPUNMLMJLHMFFAV96CA,豐年段,148.73,都市：住,1,1,全筆移轉,09540025
RPUNMLMJLHMFFAV86CA,豐年段,152.65,都市：住,1,1,全筆移轉,09540026
RPPNMLRJLHMFFCV07CA,康源段,209.00,非都市：鄉村區 ; 非都市編定：乙種建築用地,1,1,全筆移轉,09300000
RPPNMLRJLHMFFCV07CA,康源段,231.00,非都市：鄉村區 ; 非都市編定：乙種建築用地,1,1,全筆移轉,09300001
RPPNMLRJLHMFFCV07CA,康源段,150.00,非都市：鄉村區 ; 非都市編定：乙種建築用地,1,1,全筆移轉,09300002
RPPNMLQJLHMFFAV76CA,公?西段,67.57,都市：農,1,1,全筆移轉,07130000
RPWNMLRJLHMFFAV57CA,興安段,129.99,都市：住,1,1,全筆移轉,02670001
RPXNMLRJLHMFFAV67CA,台東段,94.00,都市：商,1,1,全筆移轉,04000000
RPOOMLRJLHMFFAV86CA,普優瑪段,104.49,都市：住,1,1,全筆移轉,02410000
RPRNMLSJLHMFFAV17CA,台東段,10.08,都市：住,10000,67,持分移轉,20080000
RPQOMLRJLHMFFAV07CA,新生段,11.41,都市：住,10000,46,持分移轉,00440000
RPUNMLSJLHMFFAV47CA,利家段,111.87,非都市：鄉村區 ; 非都市編定：乙種建築用地,10000,139,持分移轉,81260000
RPUNMLSJLHMFFAV47CA,利家段,19.61,非都市：鄉村區 ; 非都市編定：乙種建築用地,10000,139,持分移轉,82850000
RPPOMLRJLHMFFAV96CA,台東段,3.32,都市：住,10000,161,持分移轉,06540694
RPPOMLRJLHMFFAV96CA,台東段,3.41,都市：住,1000,31,持分移轉,06540704
RPTNMLRJLHMFFAV27CA,台東段,128.00,都市：住,1,1,全筆移轉,06540080
RPSNMLQJLHMFFAV07CA,豐年段,145.40,都市：住,1,1,全筆移轉,10800003
RPQNMLPKLHMFFCV07CA,月野段,8008.00,非都市：一般農業區 ; 非都市編定：農牧用地,100,40,持分移轉,24290000
RPRNMLKLLHMFFAV56CA,順天段,38.54,都市：住,1,1,全筆移轉,08610000
RPRNMLKLLHMFFAV56CA,順天段,25.21,都市：住,1,1,全筆移轉,08660000
RPUNMLKKLHMFFAV76CA,馬蘭段,44.25,都市：住,10000,598,持分移轉,14510000
RPPNMLSJLHMFFBV07CA,高原段,1673.00,非都市：森林區 ; 非都市編定：農牧用地,2,1,持分移轉,12010000
RPPNMLSJLHMFFBV07CA,高原段,1673.00,非都市：森林區 ; 非都市編定：農牧用地,2,1,持分移轉,12010000
RPPNMLRJLHMFFDV17CA,荒野段,1508.97,非都市：特定農業區 ; 非都市編定：農牧用地,3,1,持分移轉,02470001
RPPNMLLLLHMFFDV76CA,金灣段,14690.00,非都市：山坡地保育區 ; 非都市編定：林業用地,1,1,全筆移轉,04400000
RPPNMLTJLHMFFBV17CA,忠仁段,309.45,都市：商,1,1,全筆移轉,08460000
RPTNMLKKLHMFFAV76DA,梅園段,218.08,非都市：山坡地保育區 ; 非都市編定：農牧用地,5,1,持分移轉,08940000
RPPNMLRJLHMFFBV96CA,忠仁段,74.48,都市：住,1,1,全筆移轉,01750000
RPPNMLTJLHMFFCV37DA,中華段,61.65,都市：住,1,1,全筆移轉,01950000
RPUNMLRKLHMFFAV57DA,新生段,80.00,都市：住,1,1,全筆移轉,16660000
RPPNMLTJLHMFFAV07CA,豐谷段,73.00,都市：住,1,1,全筆移轉,05880000
RPQNMLNKLHMFFAV66CA,馬蘭段,196.00,都市：住,1,1,全筆移轉,15720000
RPPNMLMKLHMFFAV09CA,下賓朗段,138.78,非都市：特定農業區 ; 非都市編定：農牧用地,8,1,持分移轉,14800000
RPPNMLMKLHMFFAV09CA,下賓朗段,207.35,非都市：特定農業區 ; 非都市編定：農牧用地,8,1,持分移轉,14830000
RPQNMLTJLHMFFAV17CA,常德段,16.78,都市：住,10000,148,持分移轉,05200000
RPTNMLSJLHMFFAV37CA,梧州段,54.04,非都市：特定農業區 ; 非都市編定：交通用地,1,1,全筆移轉,06310000
RPTNMLSJLHMFFAV37CA,梧州段,1124.58,都市：農,1,1,全筆移轉,06320000
RPPNMLOKLHMFFAV66CA,煙草間段,93.58,非都市：特定農業區 ; 非都市編定：甲種建築用地,1,1,全筆移轉,02160000
RPPNMLOKLHMFFAV66CA,煙草間段,5.17,非都市：特定農業區 ; 非都市編定：甲種建築用地,22,1,持分移轉,02080000
RPPNMLOKLHMFFAV66CA,煙草間段,2.78,非都市：特定農業區 ; 非都市編定：甲種建築用地,22,1,持分移轉,02100000
RPPNMLOKLHMFFAV66CA,煙草間段,21.30,非都市：特定農業區 ; 非都市編定：甲種建築用地,22,1,持分移轉,02110000
RPQNMLKKLHMFFAV98CA,利家段,35.43,非都市：鄉村區 ; 非都市編定：乙種建築用地,30000,697,持分移轉,74880000
RPQNMLKKLHMFFAV98CA,利家段,31.46,非都市：鄉村區 ; 非都市編定：乙種建築用地,30000,1477,持分移轉,74880004
RPSNMLTJLHMFFAV37CA,台東段,79.00,都市：住,1,1,全筆移轉,01600137
RPPNMLKKLHMFFAV88CA,利家段,35.43,非都市：鄉村區 ; 非都市編定：乙種建築用地,30000,697,持分移轉,74880000
RPPNMLKKLHMFFAV88CA,利家段,31.46,非都市：鄉村區 ; 非都市編定：乙種建築用地,30000,1477,持分移轉,74880004
RPRNMLTJLHMFFBV37CA,忠智段,64.81,都市：住,1,1,全筆移轉,10250000
RPPNMLMLLHMFFCV76CA,大同段,132.65,都市：住,1,1,全筆移轉,01330001
RPPNMLNKLHMFFCV76CA,大原段,12.00,非都市： ; 非都市編定：,1,1,全筆移轉,18040001
RPPNMLNKLHMFFCV76CA,大原段,45.00,非都市： ; 非都市編定：,1,1,全筆移轉,18040002
RPRNMLPKLHMFFCV17CA,月野段,4004.00,非都市：一般農業區 ; 非都市編定：農牧用地,100,20,持分移轉,24290000
RPSNMLQKLHMFFAV17CA,自強段,267.57,都市：住,1,1,全筆移轉,10440000
RPQNMLQKLHMFFCV27DA,月野段,781.00,非都市：鄉村區 ; 非都市編定：乙種建築用地,1,1,全筆移轉,12840001
RPTNMLQKLHMFFAV27CA,豐成段,153.62,非都市：特定農業區 ; 非都市編定：甲種建築用地,1,1,全筆移轉,08540000
RPVNMLPKLHMFFAV37CA,澱粉段,240.32,非都市：特定農業區 ; 非都市編定：甲種建築用地,1,1,全筆移轉,00610000
RPTNMLKLLHMFFAV76CA,自強段,113.00,都市：住,1,1,全筆移轉,06070000
RPTNMLKLLHMFFAV76CA,自強段,112.00,都市：住,1,1,全筆移轉,06080000
RPOOMLKKLHMFFAV88CA,東海段,22.69,都市：住,10000,38,持分移轉,01300000
RPOOMLKKLHMFFAV88CA,東海段,1.46,都市：住,10000,38,持分移轉,01300002
RPTNMLNKLHMFFAV96CA,馬蘭段,9.50,都市：住,10000,76,持分移轉,16940000
RPWNMLLLLHMFFAV17CA,德安段,29.53,都市：住,3,1,持分移轉,03340000
RPWNMLLLLHMFFAV17CA,德安段,14.77,都市：住,6,1,持分移轉,03340000
RPWNMLLLLHMFFAV17CA,德安段,14.77,都市：住,6,1,持分移轉,03340000
RPWNMLLLLHMFFAV17CA,德安段,29.53,都市：住,3,1,持分移轉,03340000
RPUNMLNKLHMFFAV07CA,台東段,76.00,都市：住,1,1,全筆移轉,00040425
RPWNMLNKLHMFFAV37DA,豐谷段,48.08,都市：住,1,1,全筆移轉,01320002
RPSNMLTJLHMFFBV47CA,忠智段,64.85,都市：住,1,1,全筆移轉,10240000
RPXNMLNKLHMFFAV47DA,明峰段,2513.05,非都市：山坡地保育區 ; 非都市編定：農牧用地,1,1,全筆移轉,09220004
RPPNMLLLLHMFFBV56CA,長光段,266.59,非都市：鄉村區 ; 非都市編定：乙種建築用地,6,2,持分移轉,03190000
RPPNMLQKLHMFFBV96CA,南八里段,297.31,非都市：鄉村區 ; 非都市編定：乙種建築用地,2,1,持分移轉,02910000
RPQNMLKLLHMFFBV56CA,新竹湖段,6245.07,非都市：風景區 ; 非都市編定：農牧用地,1,1,全筆移轉,11810000
RPQNMLOKLHMFFCV96CA,隆昌段,3046.06,非都市：特定農業區 ; 非都市編定：農牧用地,1,1,全筆移轉,03650000
RPQNMLKLLHMFFAV09CA,康樂段,841.00,非都市：特定農業區 ; 非都市編定：農牧用地,1,1,全筆移轉,04500000
RPPNMLPKLHMFFAV76CA,普優瑪段,67.69,都市：住,1,1,全筆移轉,04350001
RPPNMLPKLHMFFAV76CA,普優瑪段,8.02,都市：住,1,1,全筆移轉,04360001
RPPNMLQKLHMFFAV86CA,大南段,6550.00,非都市：山坡地保育區 ; 非都市編定：農牧用地,1,1,全筆移轉,03130000
RPSNMLPKLHMFFAV07CA,馬蘭段,43.08,都市：住,10000,112,持分移轉,14590000
RPQNMLMLLHMFFCV86CA,大同段,147.68,都市：住,1,1,全筆移轉,01210000
RPQNMLPKLHMFFAV96DA,東海段,166.84,都市：住,1,1,全筆移轉,09090000
RPVNMLQKLHMFFAV57DA,台東段,13.10,都市：住,100000,809,持分移轉,00040009
RPVNMLRKLHMFFAV67DA,中清段,2.16,都市：其他:道路用地,1,1,全筆移轉,04410001
RPWNMLRKLHMFFAV77DA,中清段,1.24,都市：其他:道路用地,1,1,全筆移轉,04410002
RPSNMLLLLHMFFBV86CA,新都威段,246.05,非都市：鄉村區 ; 非都市編定：乙種建築用地,1,1,全筆移轉,06360000
RPRNMLMKMHMFFCV96CA,豐泉段,141.31,都市：住,100,55,持分移轉,01880009
RPRNMLMKMHMFFCV96CA,豐泉段,30.78,都市：其他:道路用地,4,1,持分移轉,01690001
RPQNMLPLLHMFFAV96CA,馬蘭段,150.00,都市：住,1,1,全筆移轉,15950004
RPUNMLQKLHMFFAV37CA,新中寮段,189.59,都市：商,1,1,全筆移轉,14960000
RPUNMLQKLHMFFAV37CA,新中寮段,153.09,都市：商,1,1,全筆移轉,15300000
RPUNMLQKLHMFFAV37CA,新中寮段,602.47,都市：商,1,1,全筆移轉,15500000
RPUNMLQKLHMFFAV37CA,新中寮段,21.58,都市：其他:道路用地,1,1,全筆移轉,15510000
RPTNMLRKLHMFFAV37CA,南榮段,193.45,都市：住,1,1,全筆移轉,11870000
RPTNMLRKLHMFFAV37CA,南榮段,53.33,都市：其他:道路用地,1,1,全筆移轉,11870001
RPPNMLKLLHMFFAV98CA,東海段,112.78,都市：住,1,1,全筆移轉,02910000
RPTNMLLMLHMFFAV96CA,德安段,336.55,都市：住,3,1,持分移轉,03330000
RPTNMLLMLHMFFAV96CA,德安段,168.27,都市：住,6,1,持分移轉,03330000
RPTNMLLMLHMFFAV96CA,德安段,168.27,都市：住,6,1,持分移轉,03330000
RPTNMLLMLHMFFAV96CA,德安段,336.55,都市：住,3,1,持分移轉,03330000
RPTNMLLMLHMFFAV96CA,德安段,76.86,都市：其他:道路用地,3,1,持分移轉,03330001
RPTNMLLMLHMFFAV96CA,德安段,38.43,都市：其他:道路用地,6,1,持分移轉,03330001
RPTNMLLMLHMFFAV96CA,德安段,38.43,都市：其他:道路用地,6,1,持分移轉,03330001
RPTNMLLMLHMFFAV96CA,德安段,76.86,都市：其他:道路用地,3,1,持分移轉,03330001
RPUNMLLMLHMFFAV07CA,德安段,82.08,都市：住,1,1,全筆移轉,03330002
RPRNMLLLLHMFFAV66CA,岩灣段,648.09,都市：住,1,1,全筆移轉,01380000
RPSNMLRKLHMFFAV27CA,豐康段,20.58,都市：住,10000,240,持分移轉,00400000
RPSNMLRKLHMFFAV27CA,豐康段,.24,都市：住,10000,240,持分移轉,00400001
RPSNMLRKLHMFFAV27CA,豐康段,1.31,都市：住,10000,240,持分移轉,00400002
RPSNMLRKLHMFFAV27CA,豐康段,85.42,都市：住,1,1,全筆移轉,00240000
RPPNMLKLLHMFFBV56DA,忠勇段,103.65,都市：住,1,1,全筆移轉,06050000
RPPOMLMLLHMFFAV66CA,富岡南段,139.04,非都市：鄉村區 ; 非都市編定：乙種建築用地,1,1,全筆移轉,12500002
RPTOMLMLLHMFFAV07CA,青林段,139.15,非都市：山坡地保育區 ; 非都市編定：丙種建築用地,10000,505,持分移轉,06480000
RPTNMLOLLHMFFAV17CA,上源段,1839.04,非都市：山坡地保育區 ; 非都市編定：農牧用地,2,1,持分移轉,02910000
RPTNMLMLLHMFFAV96CA,豐年段,67.40,都市：住,2,1,持分移轉,09130000
RPPNMLPLLHMFFAV86CA,建業段,5.48,都市：住,1,1,全筆移轉,03570003
RPROMLMLLHMFFAV86CA,富岡南段,144.26,非都市：鄉村區 ; 非都市編定：乙種建築用地,1,1,全筆移轉,12500000
RPQOMLMLLHMFFAV76CA,富岡南段,144.07,非都市：鄉村區 ; 非都市編定：乙種建築用地,1,1,全筆移轉,12500004
RPUOMLMLLHMFFAV17CA,利家段,17.00,非都市：特定農業區 ; 非都市編定：農牧用地,1,1,全筆移轉,81050001
RPUOMLMLLHMFFAV17CA,利家段,890.00,非都市：特定農業區 ; 非都市編定：農牧用地,1,1,全筆移轉,81050003
RPUOMLMLLHMFFAV17CA,利家段,148.00,非都市：特定農業區 ; 非都市編定：農牧用地,1,1,全筆移轉,81050005
RPVNMLMLLHMFFCV37CA,里?段,3.00,都市：其他:水溝用地,271330,3000,持分移轉,09160000
RPWNMLMLLHMFFCV47CA,福原段,6.94,都市：商,1,1,全筆移轉,02700002
RPWNMLQKLHMFFAV67DA,新園段,1541.00,非都市：特定農業區 ; 非都市編定：農牧用地,1,1,全筆移轉,06910000
RPWNMLQKLHMFFAV67DA,新園段,2707.00,非都市：特定農業區 ; 非都市編定：農牧用地,1,1,全筆移轉,06920000
RPSNMLMLLHMFFCV07CA,瑞里段,260.49,非都市：鄉村區 ; 非都市編定：乙種建築用地,1,1,全筆移轉,02520000
RPPNMLKLLHMFFCV66DA,中福段,101.28,都市：住,1,1,全筆移轉,05930000
RPPNMLKLLHMFFCV66DA,中福段,40.24,都市：住,1,1,全筆移轉,05940000
SPVOMLKMLHMFFAV27CA,台東段,42.43,都市：住,7,1,持分移轉,23900040
RPVOMLKMLHMFFAV17CA,台東段,42.43,都市：住,7,1,持分移轉,23900040
TPVOMLKMLHMFFAV37CA,台東段,42.43,都市：住,7,1,持分移轉,23900040
RPRNMLPLLHMFFAV07CA,馬蘭段,150.00,都市：住,1,1,全筆移轉,15950005
RPPNMLSLLHMFFAV17CA,康樂段,672.00,非都市：特定農業區 ; 非都市編定：農牧用地,1,1,全筆移轉,06770000
RPPNMLSLLHMFFAV17CA,康樂段,4601.00,非都市：特定農業區 ; 非都市編定：農牧用地,1,1,全筆移轉,06820000
RPPNMLSLLHMFFAV17CA,康樂段,26.00,非都市：特定農業區 ; 非都市編定：農牧用地,1,1,全筆移轉,06840000
RPUNMLMLLHMFFCV27CA,里?段,3.00,都市：其他:水溝用地,271330,3000,持分移轉,09160000
RPQNMLLLLHMFFAV56CA,康樂段,2156.50,非都市：特定農業區 ; 非都市編定：農牧用地,2,1,持分移轉,03580000
RPSNMLLLLHMFFAV76CA,利家段,5840.00,非都市：特定農業區 ; 非都市編定：農牧用地,1,1,全筆移轉,56550000
RPQNMLMLLHMFFAV66CA,利家段,35.43,非都市：鄉村區 ; 非都市編定：乙種建築用地,30000,697,持分移轉,74880000
RPQNMLMLLHMFFAV66CA,利家段,31.46,非都市：鄉村區 ; 非都市編定：乙種建築用地,30000,1477,持分移轉,74880004
RPSOMLMLLHMFFAV96CA,東海段,100.71,都市：住,1,1,全筆移轉,02910006
RPVNMLLMLHMFFAV17CA,上源段,2777.51,非都市：山坡地保育區 ; 非都市編定：農牧用地,1,1,全筆移轉,00090000
RPVNMLLMLHMFFAV17CA,上源段,2777.54,非都市：山坡地保育區 ; 非都市編定：農牧用地,1,1,全筆移轉,00090002
RPVNMLLMLHMFFAV17CA,上源段,2777.55,非都市：山坡地保育區 ; 非都市編定：農牧用地,1,1,全筆移轉,00090003
RPPNMLLLLHMFFAV09CA,建國段,79.68,都市：住,1,1,全筆移轉,01110000
RPPNMLLLLHMFFAV09CA,建國段,4.32,都市：住,1,1,全筆移轉,01110001
RPPNMLOLLHMFFAV76CA,建康段,567.30,都市：農,2,1,持分移轉,14180000
RPPNMLMLLHMFFBV66CA,三民段,114.97,都市：住,1,1,全筆移轉,08020000
RPRNMLLLLHMFFBV76CA,坪頂段,691.32,非都市：風景區 ; 非都市編定：農牧用地,1,1,全筆移轉,08510000
RPRNMLLLLHMFFBV76CA,坪頂段,5861.93,非都市：風景區 ; 非都市編定：農牧用地,1,1,全筆移轉,08520000
RPTNMLMLLHMFFCV17CA,萬福段,2760.16,非都市：特定農業區 ; 非都市編定：農牧用地,1,1,全筆移轉,04200001
RPPNMLNLLHMFFBV86DA,忠勇段,501.58,都市：住,1,1,全筆移轉,06060000
RPPNMLNLLHMFFBV86DA,忠勇段,1.18,都市：住,1,1,全筆移轉,06060002
RPRNMLMLLHMFFAV86DA,德安段,80.83,都市：住,1,1,全筆移轉,03470000
RPRNMLMLLHMFFAV86DA,德安段,25.52,都市：住,1,1,全筆移轉,03470001
RPPNMLRLLHMFFBV17CA,玉港段,186.02,非都市：風景區 ; 非都市編定：丙種建築用地,2,1,持分移轉,00650000
RPPNMLRLLHMFFBV17CA,玉港段,186.02,非都市：風景區 ; 非都市編定：丙種建築用地,2,1,持分移轉,00650000
RPPNMLRLLHMFFBV17CA,玉港段,1425.02,非都市：風景區 ; 非都市編定：農牧用地,2,1,持分移轉,01050000
RPPNMLRLLHMFFBV17CA,玉港段,1425.02,非都市：風景區 ; 非都市編定：農牧用地,2,1,持分移轉,01050000
SPRNMLMLLHMFFAV96DA,德安段,83.70,都市：住,1,1,全筆移轉,03480000
SPRNMLMLLHMFFAV96DA,德安段,20.78,都市：住,1,1,全筆移轉,03480001
RPQNMLRLLHMFFBV27CA,玉港段,1163.64,非都市：風景區 ; 非都市編定：農牧用地,1,1,全筆移轉,01600000
RPSNMLMLLHMFFAV86CA,南清段,84.36,都市：住,1,1,全筆移轉,07840000
RPUNMLMLLHMFFAV07CA,利家段,2266.00,非都市：山坡地保育區 ; 非都市編定：農牧用地,1,1,全筆移轉,02000000
RPUNMLMLLHMFFAV07CA,利家段,405.00,非都市：山坡地保育區 ; 非都市編定：農牧用地,1,1,全筆移轉,02000003
RPOOMLMLLHMFFAV56CA,台東段,83.00,都市：住,1,1,全筆移轉,06540151
RPQNMLRLLHMFFAV17CA,台東段,16.71,都市：住,10000,111,持分移轉,20080000
RPRNMLRLLHMFFAV27CA,南清段,179.73,都市：住,1,1,全筆移轉,07730000
RPSNMLMKMHMFFCV17DA,海端段,270.00,非都市：山坡地保育區 ; 非都市編定：農牧用地,4,1,持分移轉,00110005
RPSNMLMKMHMFFCV17DA,海端段,3366.75,非都市：山坡地保育區 ; 非都市編定：農牧用地,4,3,持分移轉,00110006
RPTNMLSLLHMFFAV57CA,東海段,75.51,都市：住,1,1,全筆移轉,09450000
RPVOMLMLLHMFFAV27CA,豐年段,117.74,都市：住,1,1,全筆移轉,09600013
RPPNMLTLLHMFFAV27CA,東海段,3598.10,都市：住,1,1,全筆移轉,01850000
RPSNMLKMLHMFFAV76CA,豐樂段,49.50,都市：住,2,1,持分移轉,31490000
RPSNMLKMLHMFFAV76CA,豐樂段,49.50,都市：住,2,1,持分移轉,31490000
RPSNMLKMLHMFFAV76CA,豐樂段,1.00,都市：住,2,1,持分移轉,31500001
RPSNMLKMLHMFFAV76CA,豐樂段,1.00,都市：住,2,1,持分移轉,31500001
RPWNMLSLLHMFFAV87CA,常德段,132.94,都市：住,1,1,全筆移轉,05750000
RPWOMLMLLHMFFAV37CA,知本段,2718.00,非都市：特定農業區 ; 非都市編定：農牧用地,1,1,全筆移轉,82150000
RPRNMLRLLHMFFBV37CA,忠勇段,90.63,都市：住,1,1,全筆移轉,02890000
RPPNMLNLLHMFFDV96CA,北橋段,92.69,都市：住,1,1,全筆移轉,04180000
RPQNMLRLLHMFFCV47DA,溪埔段,316.67,都市：工,1,1,全筆移轉,10450000
RPQNMLSLLHMFFCV47CA,崁頂段,850.00,非都市：山坡地保育區 ; 非都市編定：農牧用地,1,1,全筆移轉,01610000
RPROMLKMLHMFFAV76CA,台東段,41.40,都市：住,10000,373,持分移轉,17780000
RPPNMLKMLHMFFCV66CA,豐泉段,26.69,都市：農,1,1,全筆移轉,02870001
RPPNMLKMLHMFFCV66CA,豐泉段,185.03,都市：農,1,1,全筆移轉,03220001
RPRNMLSLLHMFFCV57CA,大原段,2216.00,非都市：特定農業區 ; 非都市編定：農牧用地,1080,360,持分移轉,46890012
RPRNMLSLLHMFFCV57CA,大原段,1846.67,非都市：特定農業區 ; 非都市編定：農牧用地,1080,300,持分移轉,46890012
RPRNMLSLLHMFFCV57CA,大原段,1538.89,非都市：特定農業區 ; 非都市編定：農牧用地,1080,250,持分移轉,46890012
RPRNMLSLLHMFFCV57CA,大原段,1046.44,非都市：特定農業區 ; 非都市編定：農牧用地,1080,170,持分移轉,46890012
RPPNMLOLLHMFFBV86CA,沙泥灣段,1143.52,非都市：風景區 ; 非都市編定：農牧用地,1,1,全筆移轉,09080000
RPRNMLOLLHMFFAV96CA,台東段,107.00,都市：住,1,1,全筆移轉,00040872
RPRNMLSLLHMFFAV37CA,北南王段,181.61,都市：住,1,1,全筆移轉,06350006
RPPNMLRLLHMFFAV07CA,建華段,1419.36,都市：農,1,1,全筆移轉,11990000
RPPNMLRLLHMFFAV07CA,建華段,1337.68,都市：農,1,1,全筆移轉,12110000
RPPNMLRLLHMFFAV07CA,建華段,3363.08,都市：農,1,1,全筆移轉,12140000
RPVNMLSLLHMFFAV77CA,台東段,76.00,都市：住,1,1,全筆移轉,00040421
RPQNMLTLLHMFFAV37CA,光明段,122.00,都市：住,1,1,全筆移轉,06320053
RPSNMLOLLHMFFAV07CA,豐年段,149.57,都市：住,1,1,全筆移轉,09540024
RPPNMLQLLHMFFBV07CA,東柄段,824.30,非都市：鄉村區 ; 非都市編定：乙種建築用地,1,1,全筆移轉,05060000
RPQNMLKLMHMFFCV76CA,豐泉段,7.00,都市：住,1,1,全筆移轉,01830007
RPRNMLKLMHMFFCV86CA,豐泉段,11.84,都市：住,1,1,全筆移轉,01830005
RPPNMLRLLHMFFCV27CA,大原段,1003.00,非都市：特定農業區 ; 非都市編定：農牧用地,1,1,全筆移轉,17870000
RPPNMLRLLHMFFCV27CA,大原段,903.00,非都市：特定農業區 ; 非都市編定：農牧用地,1,1,全筆移轉,18040000
RPQNMLTLLHMFFBV47CA,北八里段,275.83,非都市：風景區 ; 非都市編定：農牧用地,1,1,全筆移轉,02900000
RPTOMLKMLHMFFAV96CA,豐田段,246.05,都市：住,240,74,持分移轉,14910018
RPTOMLKMLHMFFAV96CA,豐田段,225.32,都市：住,240,22,持分移轉,14910016
RPTOMLKMLHMFFAV96CA,豐田段,225.32,都市：住,240,22,持分移轉,14910016
RPTOMLKMLHMFFAV96CA,豐田段,184.35,都市：住,240,18,持分移轉,14910016
RPTOMLKMLHMFFAV96CA,豐田段,778.37,都市：住,240,76,持分移轉,14910016
RPTOMLKMLHMFFAV96CA,豐田段,131.35,都市：住,240,74,持分移轉,14910017
RPTOMLKMLHMFFAV96CA,豐田段,39.05,都市：住,240,22,持分移轉,14910017
RPTOMLKMLHMFFAV96CA,豐田段,39.05,都市：住,240,22,持分移轉,14910017
RPTOMLKMLHMFFAV96CA,豐田段,31.95,都市：住,240,18,持分移轉,14910017
RPTOMLKMLHMFFAV96CA,豐田段,134.90,都市：住,240,76,持分移轉,14910017
RPTOMLKMLHMFFAV96CA,豐田段,1.23,都市：住,240,74,持分移轉,14910001
RPTOMLKMLHMFFAV96CA,豐田段,.37,都市：住,240,22,持分移轉,14910001
RPTOMLKMLHMFFAV96CA,豐田段,.37,都市：住,240,22,持分移轉,14910001
RPTOMLKMLHMFFAV96CA,豐田段,.30,都市：住,240,18,持分移轉,14910001
RPTOMLKMLHMFFAV96CA,豐田段,1.27,都市：住,240,76,持分移轉,14910001
RPTOMLKMLHMFFAV96CA,豐田段,207.51,都市：住,240,74,持分移轉,14910003
RPTOMLKMLHMFFAV96CA,豐田段,61.69,都市：住,240,22,持分移轉,14910003
RPTOMLKMLHMFFAV96CA,豐田段,61.69,都市：住,240,22,持分移轉,14910003
RPTOMLKMLHMFFAV96CA,豐田段,50.48,都市：住,240,18,持分移轉,14910003
RPTOMLKMLHMFFAV96CA,豐田段,213.12,都市：住,240,76,持分移轉,14910003
RPTOMLKMLHMFFAV96CA,豐田段,622.52,都市：住,240,74,持分移轉,14910004
RPTOMLKMLHMFFAV96CA,豐田段,185.08,都市：住,240,22,持分移轉,14910004
RPTOMLKMLHMFFAV96CA,豐田段,185.08,都市：住,240,22,持分移轉,14910004
RPTOMLKMLHMFFAV96CA,豐田段,151.42,都市：住,240,18,持分移轉,14910004
RPTOMLKMLHMFFAV96CA,豐田段,639.35,都市：住,240,76,持分移轉,14910004
RPTOMLKMLHMFFAV96CA,豐田段,36.07,都市：住,240,74,持分移轉,14910014
RPTOMLKMLHMFFAV96CA,豐田段,10.72,都市：住,240,22,持分移轉,14910014
RPTOMLKMLHMFFAV96CA,豐田段,10.72,都市：住,240,22,持分移轉,14910014
RPTOMLKMLHMFFAV96CA,豐田段,8.78,都市：住,240,18,持分移轉,14910014
RPTOMLKMLHMFFAV96CA,豐田段,37.05,都市：住,240,76,持分移轉,14910014
RPTOMLKMLHMFFAV96CA,豐田段,109.46,都市：住,240,74,持分移轉,14910015
RPTOMLKMLHMFFAV96CA,豐田段,32.54,都市：住,240,22,持分移轉,14910015
RPTOMLKMLHMFFAV96CA,豐田段,32.54,都市：住,240,22,持分移轉,14910015
RPTOMLKMLHMFFAV96CA,豐田段,26.62,都市：住,240,18,持分移轉,14910015
RPTOMLKMLHMFFAV96CA,豐田段,112.42,都市：住,240,76,持分移轉,14910015
RPTOMLKMLHMFFAV96CA,豐田段,757.88,都市：住,240,74,持分移轉,14910016
RPTOMLKMLHMFFAV96CA,豐田段,73.15,都市：住,240,22,持分移轉,14910018
RPTOMLKMLHMFFAV96CA,豐田段,73.15,都市：住,240,22,持分移轉,14910018
RPTOMLKMLHMFFAV96CA,豐田段,59.85,都市：住,240,18,持分移轉,14910018
RPTOMLKMLHMFFAV96CA,豐田段,252.70,都市：住,240,76,持分移轉,14910018
RPTOMLKMLHMFFAV96CA,豐田段,9.56,都市：住,240,74,持分移轉,14910019
RPTOMLKMLHMFFAV96CA,豐田段,2.84,都市：住,240,22,持分移轉,14910019
RPTOMLKMLHMFFAV96CA,豐田段,2.84,都市：住,240,22,持分移轉,14910019
RPTOMLKMLHMFFAV96CA,豐田段,2.32,都市：住,240,18,持分移轉,14910019
RPTOMLKMLHMFFAV96CA,豐田段,9.82,都市：住,240,76,持分移轉,14910019
RPTOMLKMLHMFFAV96CA,豐田段,154.17,都市：住,240,74,持分移轉,14910020
RPTOMLKMLHMFFAV96CA,豐田段,45.83,都市：住,240,22,持分移轉,14910020
RPTOMLKMLHMFFAV96CA,豐田段,45.83,都市：住,240,22,持分移轉,14910020
RPTOMLKMLHMFFAV96CA,豐田段,37.50,都市：住,240,18,持分移轉,14910020
RPTOMLKMLHMFFAV96CA,豐田段,158.33,都市：住,240,76,持分移轉,14910020
RPTOMLKMLHMFFAV96CA,豐田段,694.37,都市：住,240,74,持分移轉,14910021
RPTOMLKMLHMFFAV96CA,豐田段,206.43,都市：住,240,22,持分移轉,14910021
RPTOMLKMLHMFFAV96CA,豐田段,206.43,都市：住,240,22,持分移轉,14910021
RPTOMLKMLHMFFAV96CA,豐田段,168.90,都市：住,240,18,持分移轉,14910021
RPTOMLKMLHMFFAV96CA,豐田段,713.13,都市：住,240,76,持分移轉,14910021
RPTOMLKMLHMFFAV96CA,豐田段,26.52,都市：住,240,74,持分移轉,14910022
RPTOMLKMLHMFFAV96CA,豐田段,7.88,都市：住,240,22,持分移轉,14910022
RPTOMLKMLHMFFAV96CA,豐田段,7.88,都市：住,240,22,持分移轉,14910022
RPTOMLKMLHMFFAV96CA,豐田段,6.45,都市：住,240,18,持分移轉,14910022
RPTOMLKMLHMFFAV96CA,豐田段,27.23,都市：住,240,76,持分移轉,14910022
RPPNMLSLLHMFFCV37CA,電光段,292.28,非都市：特定農業區 ; 非都市編定：農牧用地,1,1,全筆移轉,06390000
RPPNMLNKMHMFFAV66CA,利家段,211.00,都市：農,1,1,全筆移轉,53070001
RPQNMLKLMHMFFAV56CA,建業段,11.78,都市：住,1,1,全筆移轉,04190005
RPPNMLLMLHMFFAV56CA,豐川段,1676.95,非都市：特定農業區 ; 非都市編定：農牧用地,1,1,全筆移轉,03170000
RPPNMLLMLHMFFAV56CA,豐川段,217.11,非都市：特定農業區 ; 非都市編定：農牧用地,1,1,全筆移轉,03210000
RPPNMLRJMHMFFAV96CA,興安段,152.16,都市：住,1,1,全筆移轉,03220000
RPPNMLKKMHMFFAV98CA,大業段,225.07,都市：住,1,1,全筆移轉,03850000
RPUNMLKKMHMFFAV86CA,南清段,6.33,都市：其他:道路用地,1,1,全筆移轉,06730000
RPUNMLKKMHMFFAV86CA,南清段,238.86,都市：住,1,1,全筆移轉,07130000
RPVNMLKMLHMFFAV07CA,常德段,107.49,都市：住,1,1,全筆移轉,08000005
RPTNMLKLMHMFFAV86CA,永清段,100.00,都市：住,1,1,全筆移轉,03030002
RPTNMLKLMHMFFAV86CA,永清段,100.00,都市：住,1,1,全筆移轉,03030003
RPTNMLKLMHMFFAV86CA,永清段,133.25,都市：住,1,1,全筆移轉,03030010
RPTNMLKLMHMFFAV86CA,永清段,300.08,都市：其他:道路用地,1,1,全筆移轉,03300000
RPTNMLKLMHMFFAV86CA,永清段,104.00,都市：住,1,1,全筆移轉,03030008
RPTNMLKLMHMFFAV86CA,永清段,100.00,都市：住,1,1,全筆移轉,03030006
RPTNMLKLMHMFFAV86CA,永清段,1874.16,都市：住,1,1,全筆移轉,03030000
RPTNMLKLMHMFFAV86CA,永清段,100.00,都市：住,1,1,全筆移轉,03030005
RPTNMLKLMHMFFAV86CA,永清段,100.00,都市：住,1,1,全筆移轉,03030007
RPTNMLKLMHMFFAV86CA,永清段,20.16,都市：住,10,5,持分移轉,03310001
RPTNMLKLMHMFFAV86CA,永清段,110.25,都市：住,1,1,全筆移轉,03030001
RPTNMLKLMHMFFAV86CA,永清段,104.00,都市：住,1,1,全筆移轉,03030009
RPTNMLKLMHMFFAV86CA,永清段,266.49,都市：其他:道路用地,1,1,全筆移轉,03310000
RPTNMLKLMHMFFAV86CA,永清段,100.00,都市：住,1,1,全筆移轉,03030004
RPSNMLLMLHMFFCV07CA,慶福段,82.50,都市：住,1,1,全筆移轉,03890000
RPTNMLKKMHMFFAV86DA,台東段,71.00,都市：住,1,1,全筆移轉,06540366
RPPNMLQJMHMFFCV07CA,新福段,311.20,非都市：鄉村區 ; 非都市編定：乙種建築用地,1,1,全筆移轉,00430000
RPSNMLSLLHMFFAV57DA,普優瑪段,9.11,都市：住,1,1,全筆移轉,04340000
RPTNMLRJMHMFFAV47DA,富岡南段,375.84,非都市：鄉村區 ; 非都市編定：乙種建築用地,1,1,全筆移轉,04410000
RPPNMLKLMHMFFCV66CA,隆盛段,1509.41,都市：農,1,1,全筆移轉,02830000
RPPNMLKLMHMFFCV66CA,隆盛段,1326.74,都市：農,1,1,全筆移轉,02820000
RPPNMLKLMHMFFCV66CA,隆盛段,74.77,都市：農,1,1,全筆移轉,03360000
RPPNMLKLMHMFFCV66CA,隆盛段,61.36,都市：農,1,1,全筆移轉,02710000
RPSNMLKLMHMFFCV96CA,中和段,169.60,非都市：一般農業區 ; 非都市編定：農牧用地,1,1,全筆移轉,07460000
RPSNMLKLMHMFFCV96CA,中和段,7214.35,非都市：一般農業區 ; 非都市編定：農牧用地,1,1,全筆移轉,07430000
RPWNMLKMLHMFFAV17CA,常德段,107.04,都市：住,1,1,全筆移轉,08000009
RPXNMLKMLHMFFAV27CA,常德段,107.26,都市：住,1,1,全筆移轉,08000007
RPPOMLKMLHMFFAV56CA,常德段,107.38,都市：住,1,1,全筆移轉,08000006
RPQOMLKMLHMFFAV66CA,常德段,106.93,都市：住,1,1,全筆移轉,08000010
RPSOMLKMLHMFFAV86CA,常德段,122.50,都市：住,1,1,全筆移轉,08000011
RPQNMLLMLHMFFAV66CA,岩灣段,96.32,都市：住,1,1,全筆移轉,04900004
RPWOMLKMLHMFFAV27CA,豐榮段,1.00,都市：住,1,1,全筆移轉,02850000
RPWOMLKMLHMFFAV27CA,豐榮段,57.00,都市：住,1,1,全筆移轉,02860000
RPWNMLOKMHMFFAV47CA,建本段,154.92,都市：住,1,1,全筆移轉,09670000
RPRNMLKMLHMFFAV66CA,常德段,.06,都市：住,1,1,全筆移轉,07930002
RPRNMLKMLHMFFAV66CA,常德段,108.70,都市：住,1,1,全筆移轉,08000004
RPRNMLKMLHMFFAV66CA,常德段,13.12,都市：住,1,1,全筆移轉,08000022
RPTNMLKMLHMFFAV86CA,東海段,3817.67,都市：農,1,1,全筆移轉,02320000
RPUNMLKMLHMFFAV96CA,常德段,107.15,都市：住,1,1,全筆移轉,08000008
RPSNMLLMLHMFFAV86CA,東谷段,136.68,都市：住,1,1,全筆移轉,02080037
RPUOMLKMLHMFFAV07CA,常德段,7.59,都市：住,10000,150,持分移轉,05300000
RPQNMLKMLHMFFBV66CA,萬年段,226.00,非都市：風景區 ; 非都市編定：丙種建築用地,1,1,全筆移轉,12830001
RPQNMLKMLHMFFBV66CA,萬年段,3137.00,非都市：風景區 ; 非都市編定：農牧用地,1,1,全筆移轉,12830003
RPRNMLLMLHMFFCV96CA,大埔段,10.07,都市：住,1,1,全筆移轉,01990002
RPSNMLKMLHMFFDV07CA,秀山段,7.08,都市：住,10000,22,持分移轉,07280000
RPPNMLKMLHMFFBV66DA,濱海段,117.19,都市：商,1,1,全筆移轉,05820000
RPPNMLOKMHMFFBV86CA,三民段,330.65,都市：其他:保護區,1,1,全筆移轉,00720000
RPPNMLOKMHMFFBV86CA,三民段,81.93,都市：住,1,1,全筆移轉,00730000
RPRNMLPJMHMFFAV96CA,常德段,89.29,都市：住,1,1,全筆移轉,01020000
RPPNMLPJMHMFFAV76CA,利家段,99.00,非都市：鄉村區 ; 非都市編定：乙種建築用地,1,1,全筆移轉,81790000
RPQNMLPJMHMFFAV86CA,常德段,12.72,都市：住,10000,67,持分移轉,07520000
RPSNMLPJMHMFFAV07CA,台東段,42.43,都市：住,7,1,持分移轉,23900040
RPTNMLPJMHMFFAV17CA,中山段,85.00,都市：住,1,1,全筆移轉,08100000
RPQNMLRJMHMFFAV07CA,馬蘭段,150.00,都市：住,1,1,全筆移轉,15950007
RPTNMLQJMHMFFAV27CA,知本段,3935.00,非都市：特定農業區 ; 非都市編定：農牧用地,1,1,全筆移轉,82430000
RPSNMLQJMHMFFAV17CA,知本段,3065.00,非都市：特定農業區 ; 非都市編定：農牧用地,1,1,全筆移轉,82470000
RPUNMLQJMHMFFAV37CA,永和段,87.34,都市：住,1,1,全筆移轉,02990000
RPOOMLRKMHMFFAV07CA,,19.00,都市：住,1,1,全筆移轉,01600159
RPOOMLRKMHMFFAV07CA,,52.00,都市：住,1,1,全筆移轉,01600162
RPVNMLQJMHMFFAV47CA,利家段,443.00,非都市：特定農業區 ; 非都市編定：農牧用地,1,1,全筆移轉,82920000
SPVNMLQJMHMFFAV57CA,利家段,6.00,非都市：鄉村區 ; 非都市編定：交通用地,1,1,全筆移轉,82980000
UPVNMLQJMHMFFAV77CA,利家段,240.00,非都市：鄉村區 ; 非都市編定：乙種建築用地,1,1,全筆移轉,82930000
RPRNMLRJMHMFFAV17CA,利家段,35.43,非都市：鄉村區 ; 非都市編定：乙種建築用地,30000,697,持分移轉,74880000
RPRNMLRJMHMFFAV17CA,利家段,31.46,非都市：鄉村區 ; 非都市編定：乙種建築用地,30000,1477,持分移轉,74880004
RPRNMLQJMHMFFAV07CA,大業段,114.61,都市：住,1000,118,持分移轉,03580001
RPQNMLKKMHMFFDV76CA,蘭里段,3547.92,非都市：特定農業區 ; 非都市編定：農牧用地,1,1,全筆移轉,09270000
RPPNMLPJMHMFFCV07DA,崁頂段,1288.50,非都市：山坡地保育區 ; 非都市編定：農牧用地,2,1,持分移轉,01810000
RPPNMLKKMHMFFCV56CA,隆昌段,320.78,非都市：鄉村區 ; 非都市編定：乙種建築用地,1,1,全筆移轉,09680000
RPPNMLOLMHMFFCV17DA,廣原段,489.00,非都市： ; 非都市編定：,1,1,全筆移轉,04960001
RPPNMLRJMHMFFCV17CA,四維段,1388.07,非都市：一般農業區 ; 非都市編定：農牧用地,100,47,持分移轉,05850000
RPSNMLRJMHMFFAV27CA,台東段,.97,都市：住,10000,190,持分移轉,02430011
RPSNMLRJMHMFFAV27CA,台東段,19.49,都市：住,10000,190,持分移轉,02430001
RPSNMLRJMHMFFAV27CA,台東段,8.34,都市：住,10000,190,持分移轉,02430004
RPSNMLRJMHMFFAV27CA,台東段,7.68,都市：住,10000,190,持分移轉,02430006
RPSNMLRJMHMFFAV27CA,台東段,5.85,都市：住,10000,190,持分移轉,02430008
RPSNMLRJMHMFFAV27CA,台東段,1.03,都市：住,10000,190,持分移轉,02430009
RPPNMLRKMHMFFAV07CA,興安段,70.88,都市：住,1,1,全筆移轉,02610000
RPUNMLRLMHMFFAV67CA,台東段,68.00,都市：住,1,1,全筆移轉,06910018
RPOOMLKKMHMFFAV98CA,常德段,95.64,都市：住,1,1,全筆移轉,04870000
RPOOMLKKMHMFFAV98CA,常德段,63.54,都市：住,1,1,全筆移轉,04880000
RPQOMLKKMHMFFAV56CA,台東段,91.00,都市：住,1,1,全筆移轉,05370008
RPRNMLLKMHMFFAV66CA,青林段,189.35,都市：住,1,1,全筆移轉,00790000
RPRNMLLKMHMFFAV66CA,青林段,160.27,都市：住,1,1,全筆移轉,00820000
RPRNMLLKMHMFFAV66CA,青林段,43.64,都市：住,1,1,全筆移轉,00830000
RPTNMLLKMHMFFAV86CA,東海段,80.84,都市：住,1,1,全筆移轉,01250003
RPSOMLKKMHMFFAV76CA,光明段,639.00,都市：住,1,1,全筆移轉,03830000
RPXNMLKKMHMFFAV17CA,豐榮段,98.79,都市：住,1,1,全筆移轉,02220012
RPWNMLKKMHMFFAV07CA,豐年段,75.43,都市：住,1,1,全筆移轉,00020065
RPWNMLKKMHMFFAV07CA,豐年段,20.92,都市：住,23,1,持分移轉,00020067
RPUNMLLKMHMFFAV96CA,普優瑪段,109.56,都市：住,1,1,全筆移轉,09370000
RPROMLKKMHMFFAV66CA,東海段,14.93,都市：住,10000,25,持分移轉,01300000
RPROMLKKMHMFFAV66CA,東海段,.96,都市：住,10000,25,持分移轉,01300002
RPRNMLMKMHMFFAV76CA,台東段,88.00,都市：住,1,1,全筆移轉,00040635
RPRNMLMKMHMFFAV76CA,台東段,88.00,都市：住,1,1,全筆移轉,00040636
RPUNMLOKMHMFFAV27CA,知本段,1062.00,非都市：特定農業區 ; 非都市編定：農牧用地,3,1,持分移轉,76770000
RPQNMLKKMHMFFAV09CA,岩灣段,317.49,都市：住,1,1,全筆移轉,00110003
RPPNMLLJNHMFFCV76DA,新興段,2328.51,非都市：特定農業區 ; 非都市編定：農牧用地,1,1,全筆移轉,00450000
RPPNMLLJNHMFFCV76DA,新興段,7326.72,非都市：特定農業區 ; 非都市編定：農牧用地,1,1,全筆移轉,00470000
RPPNMLLJNHMFFCV76DA,新興段,1024.78,非都市：特定農業區 ; 非都市編定：農牧用地,1,1,全筆移轉,00550000
RPPNMLLJNHMFFCV76DA,新興段,101.11,非都市：特定農業區 ; 非都市編定：交通用地,1,1,全筆移轉,00420000
RPQNMLOLMHMFFBV07CA,中柄段,490.07,非都市：風景區 ; 非都市編定：農牧用地,1,1,全筆移轉,02510000
RPRNMLKKMHMFFAV56CA,岩灣段,133.17,都市：住,1,1,全筆移轉,00460015
RPPNMLLKMHMFFAV56DA,中山段,72.00,都市：住,1,1,全筆移轉,04860000
RPQNMLMKMHMFFCV86CA,里?段,2745.07,都市：其他:學校用地,1,1,全筆移轉,10980000
RPPNMLLKMHMFFCV76DA,南山段,44.49,都市：住,1,1,全筆移轉,06710000
RPPNMLMKMHMFFCV76CA,里?段,119.04,都市：其他:學校用地,1,1,全筆移轉,10990001
RPTNMLMKMHMFFAV96CA,新園段,4656.00,非都市：特定農業區 ; 非都市編定：農牧用地,1,1,全筆移轉,01490001
RPPNMLMKMHMFFAV56CA,豐谷段,72.00,都市：住,1,1,全筆移轉,10190000
RPPNMLNKMHMFFDV96CA,荖花段,4532.19,非都市：一般農業區 ; 非都市編定：農牧用地,1,1,全筆移轉,07220000
RPPNMLRLMHMFFAV17CA,建和段,559.12,都市：住,1,1,全筆移轉,12610000
RPPNMLRLMHMFFAV17CA,建和段,89.95,都市：住,1,1,全筆移轉,12620000
RPPNMLRLMHMFFAV17CA,建和段,.94,都市：其他:道路,1,1,全筆移轉,12620001
RPQNMLMKMHMFFAV66CA,台東段,103.00,都市：住,1,1,全筆移轉,00040637
RPQNMLMKMHMFFAV66CA,台東段,68.00,都市：其他:道,1,1,全筆移轉,00040638
RPQNMLMKMHMFFAV66CA,台東段,3.00,都市：其他:道,1,1,全筆移轉,00040742
RPQNMLMKMHMFFAV66CA,台東段,10.00,都市：住,1,1,全筆移轉,00040743
RPPNMLLKMHMFFBV56CA,北佳里段,27.91,非都市：鄉村區 ; 非都市編定：乙種建築用地,1,1,全筆移轉,11330001
RPSNMLLKMHMFFAV76CA,台東段,46.25,都市：住,10000,417,持分移轉,18120000
RPVNMLMKMHMFFAV17CA,知本段,1600.00,非都市：特定農業區 ; 非都市編定：農牧用地,1,1,全筆移轉,76230009
RPUNMLMKMHMFFAV07CA,豐利段,131.45,都市：住,1,1,全筆移轉,05430000
RPUNMLMKMHMFFAV07CA,豐利段,3.78,都市：住,1,1,全筆移轉,05440000
RPPNMLOKMHMFFCV96CA,中福段,77.92,都市：住,1,1,全筆移轉,03740000
RPPNMLOKMHMFFCV96CA,中福段,1.49,都市：住,1,1,全筆移轉,03750000
RPQNMLOKMHMFFCV07CA,中福段,58.29,都市：商,1,1,全筆移轉,00850000
RPWNMLMKMHMFFAV27CA,常德段,21.20,都市：住,10000,187,持分移轉,05200000
RPSNMLNKMHMFFAV96CA,公?東段,12.50,都市：其他:道路用地,1,1,全筆移轉,08710001
RPSNMLNKMHMFFAV96CA,公?東段,34.97,都市：其他:道路用地,1,1,全筆移轉,08740000
RPSNMLNKMHMFFAV96CA,公?東段,321.30,都市：其他:保護區,1,1,全筆移轉,08710000
RPPNMLOKMHMFFAV76CA,豐橋段,1258.70,都市：其他:河川區,1,1,全筆移轉,00330003
RPRNMLOKMHMFFAV96CA,豐橋段,281.51,都市：其他:河川區,1,1,全筆移轉,00240003
RPSNMLOKMHMFFAV07CA,豐橋段,1.27,都市：其他:河川區,1,1,全筆移轉,00120004
RPSNMLOKMHMFFAV07CA,豐橋段,622.71,都市：其他:河川區,1,1,全筆移轉,00370002
RPQNMLOKMHMFFAV86CA,豐橋段,18.74,都市：其他:河川區,1,1,全筆移轉,00390002
RPTNMLOKMHMFFAV17CA,豐橋段,290.40,都市：其他:河川區,1,1,全筆移轉,00380003
RPRNMLRKMHMFFAV27CA,上源段,15910.21,非都市：山坡地保育區 ; 非都市編定：農牧用地,1,1,全筆移轉,02980000
RPPNMLLLMHMFFAV56CA,常德段,131.75,都市：住,1,1,全筆移轉,02990000
RPTNMLRKMHMFFAV47CA,台東段,6.00,都市：商,1,1,全筆移轉,00540005
RPTNMLRKMHMFFAV47CA,台東段,23.00,都市：商,1,1,全筆移轉,00540007
RPXNMLOKMHMFFAV57CA,利家段,315.00,非都市：特定農業區 ; 非都市編定：甲種建築用地,1,1,全筆移轉,54800005
RPVNMLOKMHMFFAV37CA,馬蘭段,10.49,都市：住,10000,87,持分移轉,16590000
RPVNMLOKMHMFFAV37CA,馬蘭段,10.49,都市：住,10000,87,持分移轉,16590000
RPRNMLNKMHMFFAV86CA,東農段,1879.10,都市：農,1,1,全筆移轉,00510000
RPPNMLPLMHMFFBV07CA,新都威段,2721.02,非都市：風景區 ; 非都市編定：農牧用地,1,1,全筆移轉,04260000
RPPNMLRKMHMFFCV37DA,隆昌段,394.40,非都市：鄉村區 ; 非都市編定：乙種建築用地,1,1,全筆移轉,11350000
RPUNMLRKMHMFFAV67DA,,88.00,都市：住,1,1,全筆移轉,02860000
RPUNMLKLMHMFFAV96CA,知本段,2000.00,非都市：特定農業區 ; 非都市編定：農牧用地,1,1,全筆移轉,81170002
RPWNMLKLMHMFFAV17CA,豐年段,5.50,都市：住,10000,11,持分移轉,00270000
RPQNMLLLMHMFFAV66CA,利家段,2732.00,非都市：特定農業區 ; 非都市編定：農牧用地,1,1,全筆移轉,67680000
RPSNMLOLMHMFFAV17CA,東海段,223.95,都市：住,1,1,全筆移轉,00250000
RPSNMLOLMHMFFAV17CA,東海段,82.40,都市：住,1,1,全筆移轉,00250002
RPSNMLOLMHMFFAV17CA,東海段,20.52,都市：住,1,1,全筆移轉,00260003
RPSNMLOLMHMFFAV17CA,東海段,26.59,都市：住,1,1,全筆移轉,00260002
RPRNMLPLMHMFFAV17CA,馬蘭段,2.35,都市：住,10000,67,持分移轉,15680000
RPRNMLPLMHMFFAV17CA,馬蘭段,2.77,都市：住,10000,67,持分移轉,15700000
RPUNMLLLMHMFFAV07CA,永和段,4053.10,非都市：一般農業區 ; 非都市編定：農牧用地,1,1,全筆移轉,06130000
RPPNMLMLMHMFFAV66CA,豐年段,23.06,都市：其他:社區巷道,10,1,持分移轉,00020043
RPPNMLMLMHMFFAV66CA,豐年段,73.07,都市：住,1,1,全筆移轉,00020042
RPQNMLMLMHMFFAV76CA,台東段,183.00,都市：住,1,1,全筆移轉,19520011
RPPNMLLLMHMFFCV76CA,鹿寮段,2896.19,非都市：山坡地保育區 ; 非都市編定：農牧用地,1,1,全筆移轉,02100000
RPPNMLLLMHMFFCV76CA,鹿寮段,1782.48,非都市：山坡地保育區 ; 非都市編定：丙種建築用地,1,1,全筆移轉,02120000
RPPNMLLLMHMFFCV76CA,鹿寮段,2668.75,非都市：山坡地保育區 ; 非都市編定：農牧用地,1,1,全筆移轉,02110000
RPPNMLLLMHMFFDV86CA,德其段,89.34,都市：住,1,1,全筆移轉,08540002
RPPNMLRKMHMFFBV17CA,玉港段,1000.00,非都市：風景區 ; 非都市編定：農牧用地,1,1,全筆移轉,06530002
RPPNMLSKMHMFFCV37CA,隆盛段,204.06,非都市：特定農業區 ; 非都市編定：甲種建築用地,1,1,全筆移轉,09480000
RPRNMLOLMHMFFBV27DA,永福段,84.71,非都市：鄉村區 ; 非都市編定：乙種建築用地,1,1,全筆移轉,04940000
RPQNMLOJNHMFFBV96CA,黃金橋段,138.02,非都市：鄉村區 ; 非都市編定：乙種建築用地,4,1,持分移轉,06860000
RPPNMLSKNHMFFBV37CA,三間屋段,54.28,非都市：風景區 ; 非都市編定：農牧用地,2,1,持分移轉,02680001
RPPNMLSKNHMFFBV37CA,三間屋段,345.59,非都市：風景區 ; 非都市編定：丙種建築用地,2,1,持分移轉,02690000
RPPNMLOLMHMFFBV07DA,新都威段,1003.36,非都市：風景區 ; 非都市編定：農牧用地,1,1,全筆移轉,01290000
RPSNMLKLMHMFFAV86DA,大業段,2798.94,非都市：特定農業區 ; 非都市編定：農牧用地,1,1,全筆移轉,05590000
RPSNMLKLMHMFFAV86DA,大業段,2500.00,非都市：特定農業區 ; 非都市編定：農牧用地,1,1,全筆移轉,05590002
RPPOMLPLMHMFFAV07CA,梧州段,92.60,都市：住,13,1,持分移轉,05230000
RPPNMLKLMHMFFDV76CA,金富段,1995.51,非都市：山坡地保育區 ; 非都市編定：農牧用地,1,1,全筆移轉,04230000
RPQNMLTKMHMFFAV37CA,利卡夢段,237.11,非都市：特定農業區 ; 非都市編定：甲種建築用地,1,1,全筆移轉,03670000
RPRNMLTKMHMFFAV47CA,旭川段,102.53,非都市：鄉村區 ; 非都市編定：乙種建築用地,1,1,全筆移轉,01950000
RPTNMLTKMHMFFAV67CA,豐榮段,29.00,都市：其他:道路用地,1,1,全筆移轉,03190000
RPVNMLTKMHMFFAV87CA,旭川段,2880.51,非都市：特定農業區 ; 非都市編定：農牧用地,1,1,全筆移轉,05930000
RPWNMLTKMHMFFAV97CA,上源段,72.54,非都市：山坡地保育區 ; 非都市編定：丙種建築用地,1,1,全筆移轉,02290000
RPXNMLKLMHMFFAV37DA,利卡夢段,17.29,非都市：鄉村區 ; 非都市編定：乙種建築用地,7,1,持分移轉,03530000
RPXNMLKLMHMFFAV37DA,利卡夢段,184.96,非都市：鄉村區 ; 非都市編定：乙種建築用地,1,1,全筆移轉,03470000
RPRNMLLLMHMFFAV86DA,石川段,1869.60,非都市：風景區 ; 非都市編定：農牧用地,1,1,全筆移轉,02810000
RPRNMLLLMHMFFAV86DA,石川段,1453.04,非都市：風景區 ; 非都市編定：農牧用地,1,1,全筆移轉,02820000
RPUNMLKLMHMFFCV27DA,慶福段,372.51,都市：住,1,1,全筆移轉,09220000
RPTNMLKLMHMFFCV17DA,萬朝段,6389.83,非都市：河川區 ; 非都市編定：農牧用地,1,1,全筆移轉,00040000
RPTNMLKLMHMFFCV17DA,萬福段,534.41,非都市：河川區 ; 非都市編定：農牧用地,1,1,全筆移轉,00950000
RPTNMLKLMHMFFCV17DA,萬福段,3593.74,非都市：河川區 ; 非都市編定：農牧用地,1,1,全筆移轉,00960000
RPPNMLMJNHMFFAV66DA,豐康段,18.81,都市：住,10000,128,持分移轉,08260000
RPPNMLMJNHMFFAV66DA,豐康段,7.14,都市：住,10000,128,持分移轉,08260001
RPQNMLQKNHMFFBV27CA,萬年段,132.00,非都市：鄉村區 ; 非都市編定：乙種建築用地,1,1,全筆移轉,08890000
RPQNMLPLMHMFFDV47DA,秀山段,16.16,都市：商,10000,14,持分移轉,07230000
RPQNMLPLMHMFFDV47DA,秀山段,.00,都市：商,10000,14,持分移轉,07230001
RPRNMLKLMHMFFAV66CA,馬蘭段,45.08,都市：住,10000,87,持分移轉,15990000
RPQNMLOLMHMFFAV96CA,東海段,99.59,都市：住,1,1,全筆移轉,02910003
RPQNMLPLMHMFFBV17CA,成功段,86.02,都市：住,271350,86020,持分移轉,07010000
RPQNMLLJNHMFFCV86DA,四維段,7419.89,非都市：一般農業區 ; 非都市編定：農牧用地,1,1,全筆移轉,11160000
RPQNMLLJNHMFFCV86DA,四維段,3583.36,非都市：一般農業區 ; 非都市編定：農牧用地,1,1,全筆移轉,11180000
RPQNMLLJNHMFFCV86DA,四維段,3719.16,非都市：一般農業區 ; 非都市編定：農牧用地,1,1,全筆移轉,11190000
RPQNMLLJNHMFFCV86DA,四維段,3324.95,非都市：一般農業區 ; 非都市編定：農牧用地,1,1,全筆移轉,11950000
RPPNMLOLMHMFFAV96DA,東海段,25.08,都市：住,10000,42,持分移轉,01300000
RPPNMLOLMHMFFAV96DA,東海段,1.62,都市：住,10000,42,持分移轉,01300002
RPVNMLPLMHMFFAV67DA,建華段,123.11,非都市：特定農業區 ; 非都市編定：農牧用地,1,1,全筆移轉,00630001
RPPNMLPLMHMFFAV96CA,台東段,97.00,都市：住,1,1,全筆移轉,03390056
RPPNMLPLMHMFFAV96CA,台東段,4.00,都市：住,1,1,全筆移轉,03390122
RPSNMLPLMHMFFAV27CA,中心段,83.00,都市：住,1,1,全筆移轉,02000000
RPTNMLRLMHMFFAV57CA,馬蘭段,111.00,都市：住,1,1,全筆移轉,16360008
RPXNMLPLMHMFFAV77CA,新生段,5.21,都市：住,10000,21,持分移轉,00440000
RPOOMLPLMHMFFAV96CA,新生段,504.00,都市：農,1,1,全筆移轉,16120000
RPPNMLQLMHMFFAV07CA,台東段,48.00,都市：住,1,1,全筆移轉,00080092
RPRNMLOJNHMFFAV07DA,台東段,64.00,都市：住,1,1,全筆移轉,00080135
RPQNMLQKNHMFFDV47CA,正興段,291.68,都市：住,1,1,全筆移轉,00430003
RPPNMLQLMHMFFBV17CA,南八里段,4091.25,非都市：風景區 ; 非都市編定：農牧用地,1,1,全筆移轉,11110000
RPPNMLQLMHMFFBV17CA,南八里段,3430.71,非都市：風景區 ; 非都市編定：農牧用地,1,1,全筆移轉,11120000
RPPNMLQLMHMFFBV17CA,南八里段,710.37,非都市：風景區 ; 非都市編定：農牧用地,1,1,全筆移轉,11130000
RPPNMLQLMHMFFBV17CA,南八里段,2349.19,非都市：風景區 ; 非都市編定：農牧用地,1,1,全筆移轉,11150001
RPPNMLQLMHMFFCV27CA,四維段,2500.00,非都市：一般農業區 ; 非都市編定：農牧用地,1,1,全筆移轉,05110000
RPPNMLQLMHMFFCV27CA,四維段,2500.00,非都市：一般農業區 ; 非都市編定：農牧用地,1,1,全筆移轉,05110001
RPPNMLQLMHMFFCV27CA,四維段,2500.44,非都市：一般農業區 ; 非都市編定：農牧用地,1,1,全筆移轉,05110002
RPWNMLPLMHMFFAV67CA,豐里段,79.79,非都市：鄉村區 ; 非都市編定：乙種建築用地,1,1,全筆移轉,08680000
RPWNMLPLMHMFFAV67CA,豐里段,11.67,非都市：鄉村區 ; 非都市編定：乙種建築用地,10,1,持分移轉,08750000
RPQNMLMJNHMFFCV86CA,南山段,77.98,都市：住,1,1,全筆移轉,05900000
RPQNMLKKNHMFFCV76CA,豐泉段,9.00,都市：住,139667,900,持分移轉,01880000
RPQNMLKKNHMFFCV76CA,豐泉段,99.97,都市：住,1,1,全筆移轉,01880008
RPQNMLKKNHMFFCV76CA,豐泉段,23.60,都市：其他:道路用地,1,1,全筆移轉,01890002
RPQNMLQLMHMFFAV27DA,知本段,1000.00,非都市：特定農業區 ; 非都市編定：農牧用地,1,1,全筆移轉,80090001
RPPNMLPJNHMFFCV07CA,里?段,595.15,都市：其他:學校用地,1,1,全筆移轉,10980001
RPUNMLSLMHMFFAV77CA,煙草間段,115.37,非都市：特定農業區 ; 非都市編定：甲種建築用地,1,1,全筆移轉,01410000
RPPNMLOJNHMFFAV76CA,新生段,116.00,都市：住,1,1,全筆移轉,10780000
RPXNMLSLMHMFFAV08CA,富岡段,330.30,非都市：鄉村區 ; 非都市編定：乙種建築用地,1,1,全筆移轉,09790000
RPQNMLRLMHMFFAV37DA,中正段,61.00,都市：住,2,1,持分移轉,06220000
RPRNMLQLMHMFFAV27CA,常德段,112.01,都市：住,1,1,全筆移轉,01330005
RPUNMLQLMHMFFAV57CA,下賓朗段,218.61,非都市：一般農業區 ; 非都市編定：甲種建築用地,1,1,全筆移轉,13330000
RPSNMLQLMHMFFAV37CA,台東段,19.49,都市：住,10000,190,持分移轉,02430001
RPSNMLQLMHMFFAV37CA,台東段,8.34,都市：住,10000,190,持分移轉,02430004
RPSNMLQLMHMFFAV37CA,台東段,7.68,都市：住,10000,190,持分移轉,02430006
RPSNMLQLMHMFFAV37CA,台東段,5.85,都市：住,10000,190,持分移轉,02430008
RPSNMLQLMHMFFAV37CA,台東段,1.03,都市：住,10000,190,持分移轉,02430009
RPSNMLQLMHMFFAV37CA,台東段,.97,都市：住,10000,190,持分移轉,02430011
RPVNMLRLMHMFFAV77CA,豐航段,313.15,都市：農,1,1,全筆移轉,02490000
RPVNMLRLMHMFFAV77CA,豐航段,1397.45,都市：農,1,1,全筆移轉,02500000
RPVNMLRLMHMFFAV77CA,豐航段,204.22,都市：農,1,1,全筆移轉,02520000
RPVNMLRLMHMFFAV77CA,豐航段,699.20,都市：農,1,1,全筆移轉,02480000
RPRNMLRLMHMFFAV37CA,東谷段,86.97,都市：住,1,1,全筆移轉,04300000
RPRNMLRLMHMFFAV37CA,東谷段,8.61,都市：住,1,1,全筆移轉,04390000
RPVNMLSLMHMFFAV87CA,東海段,25.08,都市：住,10000,42,持分移轉,01300000
RPVNMLSLMHMFFAV87CA,東海段,1.62,都市：住,10000,42,持分移轉,01300002
RPQNMLMJNHMFFAV66CA,台東段,96.00,都市：住,1,1,全筆移轉,02560001
RPOOMLSLMHMFFAV27CA,利吉段,2705.75,非都市：山坡地保育區 ; 非都市編定：農牧用地,1,1,全筆移轉,03130000
RPPOMLSLMHMFFAV37CA,豐康段,192.73,都市：住,1,1,全筆移轉,08160029
TPOOMLSLMHMFFAV47CA,利吉段,1714.14,非都市：山坡地保育區 ; 非都市編定：農牧用地,1,1,全筆移轉,03160000
RPXNMLRLMHMFFAV97CA,豐里段,1000.00,非都市：特定農業區 ; 非都市編定：農牧用地,1,1,全筆移轉,01630001
RPPNMLSLMHMFFAV27CA,下賓朗段,246.76,非都市：一般農業區 ; 非都市編定：甲種建築用地,1,1,全筆移轉,13640000
RPPNMLSLMHMFFAV27CA,下賓朗段,147.35,非都市：一般農業區 ; 非都市編定：甲種建築用地,1,1,全筆移轉,13650000
RPQNMLSLMHMFFAV37CA,上源段,72.53,非都市：山坡地保育區 ; 非都市編定：丙種建築用地,1,1,全筆移轉,02300000
RPRNMLSLMHMFFAV47CA,建成段,165.37,都市：住,1,1,全筆移轉,02920003
RPSNMLSLMHMFFAV57CA,常德段,122.04,都市：住,1,1,全筆移轉,11700000
RPWNMLSLMHMFFAV08DA,明峰段,4000.17,非都市：山坡地保育區 ; 非都市編定：農牧用地,10000,5792,持分移轉,12390000
RPPNMLLJNHMFFDV76CA,笆札筏段,171.37,非都市：鄉村區 ; 非都市編定：乙種建築用地,1,1,全筆移轉,02670000
RPQNMLSLMHMFFBV47CA,都蘭段,1746.00,非都市：風景區 ; 非都市編定：農牧用地,1,1,全筆移轉,12870002
RPRNMLTKNHMFFAV67DA,中正段,102.50,都市：住,2,1,持分移轉,10630000
RPRNMLSLMHMFFBV57CA,南都歷段,2099.19,非都市：風景區 ; 非都市編定：農牧用地,1,1,全筆移轉,03720000
RPPNMLMJNHMFFBV66CA,沙泥灣段,2030.79,非都市：風景區 ; 非都市編定：農牧用地,1,1,全筆移轉,04370000
RPRNMLKKNHMFFAV66CA,豐樂段,774.00,都市：工,1,1,全筆移轉,30000000
RPRNMLNJNHMFFBV96CA,高原段,2755.00,非都市：森林區 ; 非都市編定：農牧用地,1,1,全筆移轉,10820000
RPPNMLOJNHMFFBV86CA,黃金橋段,2347.01,非都市：風景區 ; 非都市編定：農牧用地,1,1,全筆移轉,02240000
RPPNMLSLMHMFFCV47CA,瑞里段,74.22,非都市：鄉村區 ; 非都市編定：乙種建築用地,1,1,全筆移轉,01380000
RPPNMLQKNHMFFCV27CA,慶福段,86.01,都市：商,1,1,全筆移轉,07810000
RPQNMLSLMHMFFCV57CA,中福段,194.15,都市：商,1,1,全筆移轉,02700000
RPPNMLMJNHMFFCV76CA,里?段,146.19,都市：其他:水溝用地,1,1,全筆移轉,09160000
RPPNMLSJNHMFFBV37DA,小湊段美山小段,1600.00,非都市：風景區 ; 非都市編定：農牧用地,1,1,全筆移轉,01970000
RPQNMLMJNHMFFBV86DA,樟原段姑仔律小段,1619.00,非都市：風景區 ; 非都市編定：林業用地,1,1,全筆移轉,03590036
RPQNMLNJNHMFFCV96CA,西莊段,202.65,非都市：特定農業區 ; 非都市編定：甲種建築用地,1,1,全筆移轉,08270000
RPSNMLLJNHMFFAV76CA,泰安段,1203.80,非都市：一般農業區 ; 非都市編定：農牧用地,1,1,全筆移轉,03710000
RPSNMLNLNHMFFBV27CA,萬年段,39.00,非都市：鄉村區 ; 非都市編定：乙種建築用地,1,1,全筆移轉,06930003
RPSNMLNLNHMFFBV27CA,萬年段,582.00,非都市：鄉村區 ; 非都市編定：乙種建築用地,1,1,全筆移轉,06980000
RPPNMLPKNHMFFAV96CA,東海段,325.03,都市：農,1,1,全筆移轉,01830001
RPPNMLQKNHMFFAV07CA,岩灣段,188.60,都市：住,1,1,全筆移轉,03700000
RPVNMLQLMHMFFAV67CA,台東段,57.92,都市：住,100000,720,持分移轉,25450000
RPTNMLSJNHMFFAV57CA,東海段,20.30,都市：住,10000,34,持分移轉,01300000
RPTNMLSJNHMFFAV57CA,東海段,1.31,都市：住,10000,34,持分移轉,01300002
RPRNMLSJNHMFFAV37CA,南王段,69.39,都市：住,1,1,全筆移轉,08080000
RPRNMLSJNHMFFAV37CA,南王段,48.73,都市：住,1,1,全筆移轉,08090000
RPSNMLSJNHMFFAV47CA,南王段,8.21,都市：其他:道路用地,1,1,全筆移轉,06800001
RPSNMLSJNHMFFAV47CA,南王段,18.60,都市：其他:道路用地,1,1,全筆移轉,06810000
RPSNMLSJNHMFFAV47CA,南王段,55.01,都市：住,1,1,全筆移轉,06830000
RPSNMLSJNHMFFAV47CA,南王段,102.80,都市：住,1,1,全筆移轉,06840000
RPSNMLSJNHMFFAV47CA,南王段,1.48,都市：其他:道路用地,1,1,全筆移轉,06840001
