﻿編號,土地位置,土地移轉面積(平方公尺),使用分區或編定,權利人持分分母,權利人持分分子,移轉情形,地號
The serial number, land position,land shifting area square meter,the use zoning or compiles and checks,,,,land parcel
RPUNMLSKMHMFFAW97CC,城西段,9.00,都市：商,,,,03540000
RPVNMLSKMHMFFAW08CC,北堤段,11.00,都市：住,,,,01060000
RPVNMLSKMHMFFAW08CC,北堤段,2.00,都市：住,,,,01070000
RPVNMLSKMHMFFAW08CC,北堤段,1.00,都市：住,,,,01080000
