﻿鄉鎮市區,交易標的,土地位置建物門牌,土地面積平方公尺,都市土地使用分區,非都市土地使用分區,非都市土地使用編定,租賃年月日,租賃筆棟數,租賃層次,總樓層數,建物型態,主要用途,主要建材,建築完成年月,建物總面積平方公尺,建物現況格局-房,建物現況格局-廳,建物現況格局-衛,建物現況格局-隔間,有無管理組織,有無附傢俱,總額元,單價元平方公尺,車位類別,車位面積平方公尺,車位總額元,備註,編號
The villages and towns urban district,transaction sign,land sector position building sector house number plate,land shifting total area square meter,the use zoning or compiles and checks,the non-metropolis land use district,non-metropolis land use,transaction year month and day,transaction pen number,shifting level,total floor number,building state,main use,main building materials,construction to complete the years,building shifting total area,Building present situation pattern - room,building present situation pattern - hall,building present situation pattern - health,building present situation pattern - compartmented,Whether there is manages the organization,Whether there is attaches the furniture,total price NTD,the unit price (NTD / square meter),the berth category,berth shifting total area square meter,the berth total price NTD,the note,serial number
馬公市,房地(土地+建物),澎湖縣馬公市三多路296號1樓,98.89,住,,,1060225,土地1建物1車位0,一層,4,店面(店鋪),住商用,鋼筋混凝土造,1000504,59.0,0,1,1,有,無,無,16800,285,,0.0,0,,RPSNMLLJLHMFFAX07DC
馬公市,房地(土地+建物),澎湖縣馬公市新生路453號1樓,145.31,住,,,1060314,土地1建物1車位0,一層,4,店面(店鋪),住家用,鋼筋混凝土造,0970320,85.97,1,1,1,有,無,有,16500,192,,0.0,0,,RPRNMLPKLHMFFAX37CC
馬公市,房地(土地+建物),澎湖縣馬公市朝陽路105巷4號,87.93,住,,,1060315,土地1建物1車位0,全,2,透天厝,住家用,鋼筋混凝土加強磚造,0660708,87.5,5,1,2,有,無,有,15000,171,,0.0,0,,RPVNMLPKLHMFFAX77CC
馬公市,房地(土地+建物),澎湖縣馬公市民權路48號,109.0,商,,,1060321,土地1建物1車位0,一層,2,店面(店鋪),住商用,見其他登記事項,0410101,146.27,5,2,5,有,無,有,19000,130,,0.0,0,,RPTNMLLLLHMFFAX27CC
